game_id,bookmaker_key,season,home_team,away_team,tip_utc,n_snapshots,open_spread,close_spread,open_ts,close_ts,open_hrs_to_tip,close_hrs_to_tip,abs_close_minus_open
1022500114,betonlineag,2025,Indiana Fever,Los Angeles Sparks,2025-07-05T23:00:00+00:00,2,-5.5,-5.0,2025-07-05T14:55:37+00:00,2025-07-05T21:55:37+00:00,8.07,1.07,0.5
1022500114,betrivers,2025,Indiana Fever,Los Angeles Sparks,2025-07-05T23:00:00+00:00,2,-5.5,-5.5,2025-07-05T14:55:37+00:00,2025-07-05T21:55:37+00:00,8.07,1.07,0.0
1022500114,betus,2025,Indiana Fever,Los Angeles Sparks,2025-07-05T23:00:00+00:00,2,-5.5,-5.0,2025-07-05T14:55:37+00:00,2025-07-05T21:55:37+00:00,8.07,1.07,0.5
1022500114,bovada,2025,Indiana Fever,Los Angeles Sparks,2025-07-05T23:00:00+00:00,2,-5.5,-5.0,2025-07-05T14:55:37+00:00,2025-07-05T21:55:37+00:00,8.07,1.07,0.5
1022500114,draftkings,2025,Indiana Fever,Los Angeles Sparks,2025-07-05T23:00:00+00:00,2,-5.5,-5.0,2025-07-05T14:55:37+00:00,2025-07-05T21:55:37+00:00,8.07,1.07,0.5
1022500114,fanatics,2025,Indiana Fever,Los Angeles Sparks,2025-07-05T23:00:00+00:00,2,-5.5,-5.5,2025-07-05T14:55:37+00:00,2025-07-05T21:55:37+00:00,8.07,1.07,0.0
1022500114,fanduel,2025,Indiana Fever,Los Angeles Sparks,2025-07-05T23:00:00+00:00,2,-5.0,-5.0,2025-07-05T14:55:37+00:00,2025-07-05T21:55:37+00:00,8.07,1.07,0.0
1022500114,lowvig,2025,Indiana Fever,Los Angeles Sparks,2025-07-05T23:00:00+00:00,2,-5.5,-5.0,2025-07-05T14:55:37+00:00,2025-07-05T21:55:37+00:00,8.07,1.07,0.5
1022500114,mybookieag,2025,Indiana Fever,Los Angeles Sparks,2025-07-05T23:00:00+00:00,2,-5.5,-5.0,2025-07-05T14:55:37+00:00,2025-07-05T21:55:37+00:00,8.07,1.07,0.5
1022500114,williamhill_us,2025,Indiana Fever,Los Angeles Sparks,2025-07-05T23:00:00+00:00,2,-5.0,-5.0,2025-07-05T14:55:37+00:00,2025-07-05T21:55:37+00:00,8.07,1.07,0.0
1022500115,betonlineag,2025,Minnesota Lynx,Golden State Valkyries,2025-07-06T00:00:00+00:00,2,-9.5,-9.5,2025-07-05T14:55:37+00:00,2025-07-05T21:55:37+00:00,9.07,2.07,0.0
1022500115,betrivers,2025,Minnesota Lynx,Golden State Valkyries,2025-07-06T00:00:00+00:00,2,-9.5,-9.5,2025-07-05T14:55:37+00:00,2025-07-05T21:55:37+00:00,9.07,2.07,0.0
1022500115,betus,2025,Minnesota Lynx,Golden State Valkyries,2025-07-06T00:00:00+00:00,2,-9.5,-9.5,2025-07-05T14:55:37+00:00,2025-07-05T21:55:37+00:00,9.07,2.07,0.0
1022500115,bovada,2025,Minnesota Lynx,Golden State Valkyries,2025-07-06T00:00:00+00:00,2,-10.0,-9.5,2025-07-05T14:55:37+00:00,2025-07-05T21:55:37+00:00,9.07,2.07,0.5
1022500115,draftkings,2025,Minnesota Lynx,Golden State Valkyries,2025-07-06T00:00:00+00:00,2,-9.5,-9.5,2025-07-05T14:55:37+00:00,2025-07-05T21:55:37+00:00,9.07,2.07,0.0
1022500115,fanatics,2025,Minnesota Lynx,Golden State Valkyries,2025-07-06T00:00:00+00:00,2,-9.5,-9.5,2025-07-05T14:55:37+00:00,2025-07-05T21:55:37+00:00,9.07,2.07,0.0
1022500115,fanduel,2025,Minnesota Lynx,Golden State Valkyries,2025-07-06T00:00:00+00:00,2,-9.5,-9.5,2025-07-05T14:55:37+00:00,2025-07-05T21:55:37+00:00,9.07,2.07,0.0
1022500115,lowvig,2025,Minnesota Lynx,Golden State Valkyries,2025-07-06T00:00:00+00:00,2,-9.5,-9.5,2025-07-05T14:55:37+00:00,2025-07-05T21:55:37+00:00,9.07,2.07,0.0
1022500115,mybookieag,2025,Minnesota Lynx,Golden State Valkyries,2025-07-06T00:00:00+00:00,2,-9.5,-9.5,2025-07-05T14:55:37+00:00,2025-07-05T21:55:37+00:00,9.07,2.07,0.0
1022500115,williamhill_us,2025,Minnesota Lynx,Golden State Valkyries,2025-07-06T00:00:00+00:00,2,-9.5,-9.5,2025-07-05T14:55:37+00:00,2025-07-05T21:55:37+00:00,9.07,2.07,0.0
1022500116,betmgm,2025,Connecticut Sun,Las Vegas Aces,2025-07-06T20:02:00+00:00,1,17.5,17.5,2025-07-06T14:55:37+00:00,2025-07-06T14:55:37+00:00,5.11,5.11,0.0
1022500116,betonlineag,2025,Connecticut Sun,Las Vegas Aces,2025-07-06T20:02:00+00:00,3,16.0,17.5,2025-07-05T14:55:37+00:00,2025-07-06T14:55:37+00:00,29.11,5.11,1.5
1022500116,betrivers,2025,Connecticut Sun,Las Vegas Aces,2025-07-06T20:02:00+00:00,3,16.0,18.0,2025-07-05T14:55:37+00:00,2025-07-06T14:55:37+00:00,29.11,5.11,2.0
1022500116,betus,2025,Connecticut Sun,Las Vegas Aces,2025-07-06T20:02:00+00:00,2,16.5,17.5,2025-07-05T21:55:37+00:00,2025-07-06T14:55:37+00:00,22.11,5.11,1.0
1022500116,bovada,2025,Connecticut Sun,Las Vegas Aces,2025-07-06T20:02:00+00:00,2,16.5,17.5,2025-07-05T21:55:37+00:00,2025-07-06T14:55:37+00:00,22.11,5.11,1.0
1022500116,draftkings,2025,Connecticut Sun,Las Vegas Aces,2025-07-06T20:02:00+00:00,3,16.0,17.5,2025-07-05T14:55:37+00:00,2025-07-06T14:55:37+00:00,29.11,5.11,1.5
1022500116,fanatics,2025,Connecticut Sun,Las Vegas Aces,2025-07-06T20:02:00+00:00,3,15.5,17.5,2025-07-05T14:55:37+00:00,2025-07-06T14:55:37+00:00,29.11,5.11,2.0
1022500116,fanduel,2025,Connecticut Sun,Las Vegas Aces,2025-07-06T20:02:00+00:00,3,16.0,17.5,2025-07-05T14:55:37+00:00,2025-07-06T14:55:37+00:00,29.11,5.11,1.5
1022500116,lowvig,2025,Connecticut Sun,Las Vegas Aces,2025-07-06T20:02:00+00:00,3,16.0,17.5,2025-07-05T14:55:37+00:00,2025-07-06T14:55:37+00:00,29.11,5.11,1.5
1022500116,mybookieag,2025,Connecticut Sun,Las Vegas Aces,2025-07-06T20:02:00+00:00,3,16.0,17.5,2025-07-05T14:55:37+00:00,2025-07-06T14:55:37+00:00,29.11,5.11,1.5
1022500116,williamhill_us,2025,Connecticut Sun,Las Vegas Aces,2025-07-06T20:02:00+00:00,3,16.0,17.5,2025-07-05T14:55:37+00:00,2025-07-06T14:55:37+00:00,29.11,5.11,1.5
1022500117,betmgm,2025,New York Liberty,Seattle Storm,2025-07-06T17:00:00+00:00,1,-5.5,-5.5,2025-07-06T14:55:37+00:00,2025-07-06T14:55:37+00:00,2.07,2.07,0.0
1022500117,betonlineag,2025,New York Liberty,Seattle Storm,2025-07-06T17:00:00+00:00,3,-5.5,-5.0,2025-07-05T14:55:37+00:00,2025-07-06T14:55:37+00:00,26.07,2.07,0.5
1022500117,betrivers,2025,New York Liberty,Seattle Storm,2025-07-06T17:00:00+00:00,3,-5.5,-5.5,2025-07-05T14:55:37+00:00,2025-07-06T14:55:37+00:00,26.07,2.07,0.0
1022500117,betus,2025,New York Liberty,Seattle Storm,2025-07-06T17:00:00+00:00,2,-5.5,-5.0,2025-07-05T21:55:37+00:00,2025-07-06T14:55:37+00:00,19.07,2.07,0.5
1022500117,bovada,2025,New York Liberty,Seattle Storm,2025-07-06T17:00:00+00:00,2,-5.5,-4.5,2025-07-05T21:55:37+00:00,2025-07-06T14:55:37+00:00,19.07,2.07,1.0
1022500117,draftkings,2025,New York Liberty,Seattle Storm,2025-07-06T17:00:00+00:00,3,-5.0,-5.0,2025-07-05T14:55:37+00:00,2025-07-06T14:55:37+00:00,26.07,2.07,0.0
1022500117,fanatics,2025,New York Liberty,Seattle Storm,2025-07-06T17:00:00+00:00,3,-5.5,-5.5,2025-07-05T14:55:37+00:00,2025-07-06T14:55:37+00:00,26.07,2.07,0.0
1022500117,fanduel,2025,New York Liberty,Seattle Storm,2025-07-06T17:00:00+00:00,3,-5.5,-5.0,2025-07-05T14:55:37+00:00,2025-07-06T14:55:37+00:00,26.07,2.07,0.5
1022500117,lowvig,2025,New York Liberty,Seattle Storm,2025-07-06T17:00:00+00:00,3,-5.5,-5.0,2025-07-05T14:55:37+00:00,2025-07-06T14:55:37+00:00,26.07,2.07,0.5
1022500117,mybookieag,2025,New York Liberty,Seattle Storm,2025-07-06T17:00:00+00:00,3,-5.5,-5.5,2025-07-05T14:55:37+00:00,2025-07-06T14:55:37+00:00,26.07,2.07,0.0
1022500117,williamhill_us,2025,New York Liberty,Seattle Storm,2025-07-06T17:00:00+00:00,3,-5.0,-5.0,2025-07-05T14:55:37+00:00,2025-07-06T14:55:37+00:00,26.07,2.07,0.0
1022500118,betmgm,2025,Minnesota Lynx,Chicago Sky,2025-07-06T23:00:00+00:00,2,-14.5,-14.5,2025-07-06T14:55:37+00:00,2025-07-06T21:55:37+00:00,8.07,1.07,0.0
1022500118,betonlineag,2025,Minnesota Lynx,Chicago Sky,2025-07-06T23:00:00+00:00,4,-14.5,-14.5,2025-07-05T14:55:37+00:00,2025-07-06T21:55:37+00:00,32.07,1.07,0.0
1022500118,betrivers,2025,Minnesota Lynx,Chicago Sky,2025-07-06T23:00:00+00:00,4,-14.5,-14.0,2025-07-05T14:55:37+00:00,2025-07-06T21:55:37+00:00,32.07,1.07,0.5
1022500118,betus,2025,Minnesota Lynx,Chicago Sky,2025-07-06T23:00:00+00:00,3,-14.5,-14.5,2025-07-05T21:55:37+00:00,2025-07-06T21:55:37+00:00,25.07,1.07,0.0
1022500118,bovada,2025,Minnesota Lynx,Chicago Sky,2025-07-06T23:00:00+00:00,3,-14.5,-14.5,2025-07-05T21:55:37+00:00,2025-07-06T21:55:37+00:00,25.07,1.07,0.0
1022500118,draftkings,2025,Minnesota Lynx,Chicago Sky,2025-07-06T23:00:00+00:00,4,-14.5,-15.0,2025-07-05T14:55:37+00:00,2025-07-06T21:55:37+00:00,32.07,1.07,0.5
1022500118,fanatics,2025,Minnesota Lynx,Chicago Sky,2025-07-06T23:00:00+00:00,4,-14.5,-14.5,2025-07-05T14:55:37+00:00,2025-07-06T21:55:37+00:00,32.07,1.07,0.0
1022500118,fanduel,2025,Minnesota Lynx,Chicago Sky,2025-07-06T23:00:00+00:00,4,-14.5,-14.5,2025-07-05T14:55:37+00:00,2025-07-06T21:55:37+00:00,32.07,1.07,0.0
1022500118,lowvig,2025,Minnesota Lynx,Chicago Sky,2025-07-06T23:00:00+00:00,4,-14.5,-14.5,2025-07-05T14:55:37+00:00,2025-07-06T21:55:37+00:00,32.07,1.07,0.0
1022500118,mybookieag,2025,Minnesota Lynx,Chicago Sky,2025-07-06T23:00:00+00:00,4,-14.5,-14.5,2025-07-05T14:55:37+00:00,2025-07-06T21:55:37+00:00,32.07,1.07,0.0
1022500118,williamhill_us,2025,Minnesota Lynx,Chicago Sky,2025-07-06T23:00:00+00:00,4,-14.5,-14.5,2025-07-05T14:55:37+00:00,2025-07-06T21:55:37+00:00,32.07,1.07,0.0
1022500119,betmgm,2025,Atlanta Dream,Golden State Valkyries,2025-07-07T23:30:00+00:00,3,-6.5,-7.5,2025-07-06T21:55:37+00:00,2025-07-07T21:55:37+00:00,25.57,1.57,1.0
1022500119,betonlineag,2025,Atlanta Dream,Golden State Valkyries,2025-07-07T23:30:00+00:00,2,-7.5,-7.5,2025-07-07T14:55:38+00:00,2025-07-07T21:55:37+00:00,8.57,1.57,0.0
1022500119,betrivers,2025,Atlanta Dream,Golden State Valkyries,2025-07-07T23:30:00+00:00,4,-6.0,-7.0,2025-07-06T14:55:37+00:00,2025-07-07T21:55:37+00:00,32.57,1.57,1.0
1022500119,betus,2025,Atlanta Dream,Golden State Valkyries,2025-07-07T23:30:00+00:00,2,-7.0,-7.5,2025-07-07T14:55:38+00:00,2025-07-07T21:55:37+00:00,8.57,1.57,0.5
1022500119,bovada,2025,Atlanta Dream,Golden State Valkyries,2025-07-07T23:30:00+00:00,3,-6.5,-7.5,2025-07-06T21:55:37+00:00,2025-07-07T21:55:37+00:00,25.57,1.57,1.0
1022500119,draftkings,2025,Atlanta Dream,Golden State Valkyries,2025-07-07T23:30:00+00:00,4,-5.0,-7.0,2025-07-06T14:55:37+00:00,2025-07-07T21:55:37+00:00,32.57,1.57,2.0
1022500119,fanatics,2025,Atlanta Dream,Golden State Valkyries,2025-07-07T23:30:00+00:00,4,-5.5,-7.5,2025-07-06T14:55:37+00:00,2025-07-07T21:55:37+00:00,32.57,1.57,2.0
1022500119,fanduel,2025,Atlanta Dream,Golden State Valkyries,2025-07-07T23:30:00+00:00,4,-5.5,-7.0,2025-07-06T14:55:37+00:00,2025-07-07T21:55:37+00:00,32.57,1.57,1.5
1022500119,lowvig,2025,Atlanta Dream,Golden State Valkyries,2025-07-07T23:30:00+00:00,2,-7.5,-7.5,2025-07-07T14:55:38+00:00,2025-07-07T21:55:37+00:00,8.57,1.57,0.0
1022500119,mybookieag,2025,Atlanta Dream,Golden State Valkyries,2025-07-07T23:30:00+00:00,4,-5.5,-7.5,2025-07-06T14:55:37+00:00,2025-07-07T21:55:37+00:00,32.57,1.57,2.0
1022500119,williamhill_us,2025,Atlanta Dream,Golden State Valkyries,2025-07-07T23:30:00+00:00,2,-7.0,-7.5,2025-07-07T14:55:38+00:00,2025-07-07T21:55:37+00:00,8.57,1.57,0.5
1022500120,betmgm,2025,Phoenix Mercury,Dallas Wings,2025-07-08T02:00:00+00:00,3,-9.5,-5.5,2025-07-06T21:55:37+00:00,2025-07-07T21:55:37+00:00,28.07,4.07,4.0
1022500120,betonlineag,2025,Phoenix Mercury,Dallas Wings,2025-07-08T02:00:00+00:00,2,-6.0,-6.0,2025-07-07T14:55:38+00:00,2025-07-07T21:55:37+00:00,11.07,4.07,0.0
1022500120,betrivers,2025,Phoenix Mercury,Dallas Wings,2025-07-08T02:00:00+00:00,4,-11.5,-6.0,2025-07-06T14:55:37+00:00,2025-07-07T21:55:37+00:00,35.07,4.07,5.5
1022500120,betus,2025,Phoenix Mercury,Dallas Wings,2025-07-08T02:00:00+00:00,2,-6.0,-6.0,2025-07-07T14:55:38+00:00,2025-07-07T21:55:37+00:00,11.07,4.07,0.0
1022500120,bovada,2025,Phoenix Mercury,Dallas Wings,2025-07-08T02:00:00+00:00,3,-9.5,-6.0,2025-07-06T21:55:37+00:00,2025-07-07T21:55:37+00:00,28.07,4.07,3.5
1022500120,draftkings,2025,Phoenix Mercury,Dallas Wings,2025-07-08T02:00:00+00:00,4,-11.0,-6.0,2025-07-06T14:55:37+00:00,2025-07-07T21:55:37+00:00,35.07,4.07,5.0
1022500120,fanatics,2025,Phoenix Mercury,Dallas Wings,2025-07-08T02:00:00+00:00,4,-11.5,-6.5,2025-07-06T14:55:37+00:00,2025-07-07T21:55:37+00:00,35.07,4.07,5.0
1022500120,fanduel,2025,Phoenix Mercury,Dallas Wings,2025-07-08T02:00:00+00:00,4,-11.5,-6.0,2025-07-06T14:55:37+00:00,2025-07-07T21:55:37+00:00,35.07,4.07,5.5
1022500120,lowvig,2025,Phoenix Mercury,Dallas Wings,2025-07-08T02:00:00+00:00,2,-6.0,-6.0,2025-07-07T14:55:38+00:00,2025-07-07T21:55:37+00:00,11.07,4.07,0.0
1022500120,mybookieag,2025,Phoenix Mercury,Dallas Wings,2025-07-08T02:00:00+00:00,4,-11.0,-6.0,2025-07-06T14:55:37+00:00,2025-07-07T21:55:37+00:00,35.07,4.07,5.0
1022500120,williamhill_us,2025,Phoenix Mercury,Dallas Wings,2025-07-08T02:00:00+00:00,4,-11.0,-6.0,2025-07-06T14:55:37+00:00,2025-07-07T21:55:37+00:00,35.07,4.07,5.0
1022500121,betmgm,2025,Washington Mystics,Chicago Sky,2025-07-08T15:30:00+00:00,3,-4.5,-6.5,2025-07-07T14:55:38+00:00,2025-07-08T14:55:37+00:00,24.57,0.57,2.0
1022500121,betonlineag,2025,Washington Mystics,Chicago Sky,2025-07-08T15:30:00+00:00,3,-5.0,-7.0,2025-07-07T14:55:38+00:00,2025-07-08T14:55:37+00:00,24.57,0.57,2.0
1022500121,betrivers,2025,Washington Mystics,Chicago Sky,2025-07-08T15:30:00+00:00,3,-5.0,-7.0,2025-07-07T14:55:38+00:00,2025-07-08T14:55:37+00:00,24.57,0.57,2.0
1022500121,betus,2025,Washington Mystics,Chicago Sky,2025-07-08T15:30:00+00:00,1,-7.0,-7.0,2025-07-08T14:55:37+00:00,2025-07-08T14:55:37+00:00,0.57,0.57,0.0
1022500121,bovada,2025,Washington Mystics,Chicago Sky,2025-07-08T15:30:00+00:00,2,-5.5,-7.0,2025-07-07T21:55:37+00:00,2025-07-08T14:55:37+00:00,17.57,0.57,1.5
1022500121,draftkings,2025,Washington Mystics,Chicago Sky,2025-07-08T15:30:00+00:00,3,-4.5,-7.0,2025-07-07T14:55:38+00:00,2025-07-08T14:55:37+00:00,24.57,0.57,2.5
1022500121,fanatics,2025,Washington Mystics,Chicago Sky,2025-07-08T15:30:00+00:00,3,-4.5,-7.5,2025-07-07T14:55:38+00:00,2025-07-08T14:55:37+00:00,24.57,0.57,3.0
1022500121,fanduel,2025,Washington Mystics,Chicago Sky,2025-07-08T15:30:00+00:00,3,-5.0,-7.0,2025-07-07T14:55:38+00:00,2025-07-08T14:55:37+00:00,24.57,0.57,2.0
1022500121,lowvig,2025,Washington Mystics,Chicago Sky,2025-07-08T15:30:00+00:00,3,-5.0,-7.0,2025-07-07T14:55:38+00:00,2025-07-08T14:55:37+00:00,24.57,0.57,2.0
1022500121,mybookieag,2025,Washington Mystics,Chicago Sky,2025-07-08T15:30:00+00:00,3,-5.0,-7.0,2025-07-07T14:55:38+00:00,2025-07-08T14:55:37+00:00,24.57,0.57,2.0
1022500121,williamhill_us,2025,Washington Mystics,Chicago Sky,2025-07-08T15:30:00+00:00,3,-5.0,-7.0,2025-07-07T14:55:38+00:00,2025-07-08T14:55:37+00:00,24.57,0.57,2.0
1022500122,betmgm,2025,New York Liberty,Las Vegas Aces,2025-07-09T00:00:00+00:00,4,-5.5,-4.5,2025-07-07T14:55:38+00:00,2025-07-08T21:55:37+00:00,33.07,2.07,1.0
1022500122,betonlineag,2025,New York Liberty,Las Vegas Aces,2025-07-09T00:00:00+00:00,4,-5.0,-4.5,2025-07-07T14:55:38+00:00,2025-07-08T21:55:37+00:00,33.07,2.07,0.5
1022500122,betrivers,2025,New York Liberty,Las Vegas Aces,2025-07-09T00:00:00+00:00,4,-4.5,-4.5,2025-07-07T14:55:38+00:00,2025-07-08T21:55:37+00:00,33.07,2.07,0.0
1022500122,betus,2025,New York Liberty,Las Vegas Aces,2025-07-09T00:00:00+00:00,2,-4.5,-4.5,2025-07-08T14:55:37+00:00,2025-07-08T21:55:37+00:00,9.07,2.07,0.0
1022500122,bovada,2025,New York Liberty,Las Vegas Aces,2025-07-09T00:00:00+00:00,3,-5.0,-4.0,2025-07-07T21:55:37+00:00,2025-07-08T21:55:37+00:00,26.07,2.07,1.0
1022500122,draftkings,2025,New York Liberty,Las Vegas Aces,2025-07-09T00:00:00+00:00,4,-5.0,-4.5,2025-07-07T14:55:38+00:00,2025-07-08T21:55:37+00:00,33.07,2.07,0.5
1022500122,fanatics,2025,New York Liberty,Las Vegas Aces,2025-07-09T00:00:00+00:00,4,-4.5,-4.5,2025-07-07T14:55:38+00:00,2025-07-08T21:55:37+00:00,33.07,2.07,0.0
1022500122,fanduel,2025,New York Liberty,Las Vegas Aces,2025-07-09T00:00:00+00:00,4,-4.5,-4.0,2025-07-07T14:55:38+00:00,2025-07-08T21:55:37+00:00,33.07,2.07,0.5
1022500122,lowvig,2025,New York Liberty,Las Vegas Aces,2025-07-09T00:00:00+00:00,4,-5.0,-4.5,2025-07-07T14:55:38+00:00,2025-07-08T21:55:37+00:00,33.07,2.07,0.5
1022500122,mybookieag,2025,New York Liberty,Las Vegas Aces,2025-07-09T00:00:00+00:00,4,-5.0,-4.5,2025-07-07T14:55:38+00:00,2025-07-08T21:55:37+00:00,33.07,2.07,0.5
1022500122,williamhill_us,2025,New York Liberty,Las Vegas Aces,2025-07-09T00:00:00+00:00,4,-5.0,-4.5,2025-07-07T14:55:38+00:00,2025-07-08T21:55:37+00:00,33.07,2.07,0.5
1022500123,betmgm,2025,Connecticut Sun,Seattle Storm,2025-07-09T15:00:00+00:00,3,17.5,17.5,2025-07-08T14:55:37+00:00,2025-07-09T14:55:37+00:00,24.07,0.07,0.0
1022500123,betonlineag,2025,Connecticut Sun,Seattle Storm,2025-07-09T15:00:00+00:00,1,17.0,17.0,2025-07-09T14:55:37+00:00,2025-07-09T14:55:37+00:00,0.07,0.07,0.0
1022500123,betrivers,2025,Connecticut Sun,Seattle Storm,2025-07-09T15:00:00+00:00,3,17.0,17.0,2025-07-08T14:55:37+00:00,2025-07-09T14:55:37+00:00,24.07,0.07,0.0
1022500123,betus,2025,Connecticut Sun,Seattle Storm,2025-07-09T15:00:00+00:00,1,17.0,17.0,2025-07-09T14:55:37+00:00,2025-07-09T14:55:37+00:00,0.07,0.07,0.0
1022500123,bovada,2025,Connecticut Sun,Seattle Storm,2025-07-09T15:00:00+00:00,2,17.5,17.0,2025-07-08T21:55:37+00:00,2025-07-09T14:55:37+00:00,17.07,0.07,0.5
1022500123,draftkings,2025,Connecticut Sun,Seattle Storm,2025-07-09T15:00:00+00:00,3,17.0,17.0,2025-07-08T14:55:37+00:00,2025-07-09T14:55:37+00:00,24.07,0.07,0.0
1022500123,fanatics,2025,Connecticut Sun,Seattle Storm,2025-07-09T15:00:00+00:00,3,17.5,17.5,2025-07-08T14:55:37+00:00,2025-07-09T14:55:37+00:00,24.07,0.07,0.0
1022500123,fanduel,2025,Connecticut Sun,Seattle Storm,2025-07-09T15:00:00+00:00,3,17.0,17.0,2025-07-08T14:55:37+00:00,2025-07-09T14:55:37+00:00,24.07,0.07,0.0
1022500123,lowvig,2025,Connecticut Sun,Seattle Storm,2025-07-09T15:00:00+00:00,1,17.0,17.0,2025-07-09T14:55:37+00:00,2025-07-09T14:55:37+00:00,0.07,0.07,0.0
1022500123,mybookieag,2025,Connecticut Sun,Seattle Storm,2025-07-09T15:00:00+00:00,3,17.0,17.0,2025-07-08T14:55:37+00:00,2025-07-09T14:55:37+00:00,24.07,0.07,0.0
1022500123,williamhill_us,2025,Connecticut Sun,Seattle Storm,2025-07-09T15:00:00+00:00,3,16.0,16.5,2025-07-08T14:55:37+00:00,2025-07-09T14:55:37+00:00,24.07,0.07,0.5
1022500124,betmgm,2025,Indiana Fever,Golden State Valkyries,2025-07-09T16:00:00+00:00,2,-6.5,-8.5,2025-07-08T14:55:37+00:00,2025-07-08T21:55:37+00:00,25.07,18.07,2.0
1022500124,betonlineag,2025,Indiana Fever,Golden State Valkyries,2025-07-09T16:00:00+00:00,1,-7.0,-7.0,2025-07-09T14:55:37+00:00,2025-07-09T14:55:37+00:00,1.07,1.07,0.0
1022500124,betrivers,2025,Indiana Fever,Golden State Valkyries,2025-07-09T16:00:00+00:00,3,-6.5,-7.0,2025-07-08T14:55:37+00:00,2025-07-09T14:55:37+00:00,25.07,1.07,0.5
1022500124,betus,2025,Indiana Fever,Golden State Valkyries,2025-07-09T16:00:00+00:00,1,-7.0,-7.0,2025-07-09T14:55:37+00:00,2025-07-09T14:55:37+00:00,1.07,1.07,0.0
1022500124,bovada,2025,Indiana Fever,Golden State Valkyries,2025-07-09T16:00:00+00:00,2,-8.5,-7.0,2025-07-08T21:55:37+00:00,2025-07-09T14:55:37+00:00,18.07,1.07,1.5
1022500124,draftkings,2025,Indiana Fever,Golden State Valkyries,2025-07-09T16:00:00+00:00,3,-6.5,-7.0,2025-07-08T14:55:37+00:00,2025-07-09T14:55:37+00:00,25.07,1.07,0.5
1022500124,fanatics,2025,Indiana Fever,Golden State Valkyries,2025-07-09T16:00:00+00:00,3,-6.5,-6.5,2025-07-08T14:55:37+00:00,2025-07-09T14:55:37+00:00,25.07,1.07,0.0
1022500124,fanduel,2025,Indiana Fever,Golden State Valkyries,2025-07-09T16:00:00+00:00,3,-6.5,-6.5,2025-07-08T14:55:37+00:00,2025-07-09T14:55:37+00:00,25.07,1.07,0.0
1022500124,lowvig,2025,Indiana Fever,Golden State Valkyries,2025-07-09T16:00:00+00:00,1,-7.0,-7.0,2025-07-09T14:55:37+00:00,2025-07-09T14:55:37+00:00,1.07,1.07,0.0
1022500124,mybookieag,2025,Indiana Fever,Golden State Valkyries,2025-07-09T16:00:00+00:00,3,-6.5,-7.0,2025-07-08T14:55:37+00:00,2025-07-09T14:55:37+00:00,25.07,1.07,0.5
1022500124,williamhill_us,2025,Indiana Fever,Golden State Valkyries,2025-07-09T16:00:00+00:00,1,-7.0,-7.0,2025-07-09T14:55:37+00:00,2025-07-09T14:55:37+00:00,1.07,1.07,0.0
1022500125,betmgm,2025,Phoenix Mercury,Minnesota Lynx,2025-07-09T19:30:00+00:00,2,5.5,6.5,2025-07-08T21:55:37+00:00,2025-07-09T14:55:37+00:00,21.57,4.57,1.0
1022500125,betonlineag,2025,Phoenix Mercury,Minnesota Lynx,2025-07-09T19:30:00+00:00,1,7.0,7.0,2025-07-09T14:55:37+00:00,2025-07-09T14:55:37+00:00,4.57,4.57,0.0
1022500125,betrivers,2025,Phoenix Mercury,Minnesota Lynx,2025-07-09T19:30:00+00:00,2,5.5,7.0,2025-07-08T21:55:37+00:00,2025-07-09T14:55:37+00:00,21.57,4.57,1.5
1022500125,betus,2025,Phoenix Mercury,Minnesota Lynx,2025-07-09T19:30:00+00:00,1,7.0,7.0,2025-07-09T14:55:37+00:00,2025-07-09T14:55:37+00:00,4.57,4.57,0.0
1022500125,bovada,2025,Phoenix Mercury,Minnesota Lynx,2025-07-09T19:30:00+00:00,2,5.5,7.0,2025-07-08T21:55:37+00:00,2025-07-09T14:55:37+00:00,21.57,4.57,1.5
1022500125,draftkings,2025,Phoenix Mercury,Minnesota Lynx,2025-07-09T19:30:00+00:00,2,5.5,7.0,2025-07-08T21:55:37+00:00,2025-07-09T14:55:37+00:00,21.57,4.57,1.5
1022500125,fanatics,2025,Phoenix Mercury,Minnesota Lynx,2025-07-09T19:30:00+00:00,2,5.5,7.5,2025-07-08T21:55:37+00:00,2025-07-09T14:55:37+00:00,21.57,4.57,2.0
1022500125,fanduel,2025,Phoenix Mercury,Minnesota Lynx,2025-07-09T19:30:00+00:00,2,5.5,7.0,2025-07-08T21:55:37+00:00,2025-07-09T14:55:37+00:00,21.57,4.57,1.5
1022500125,lowvig,2025,Phoenix Mercury,Minnesota Lynx,2025-07-09T19:30:00+00:00,1,7.0,7.0,2025-07-09T14:55:37+00:00,2025-07-09T14:55:37+00:00,4.57,4.57,0.0
1022500125,mybookieag,2025,Phoenix Mercury,Minnesota Lynx,2025-07-09T19:30:00+00:00,2,5.5,7.0,2025-07-08T21:55:37+00:00,2025-07-09T14:55:37+00:00,21.57,4.57,1.5
1022500125,williamhill_us,2025,Phoenix Mercury,Minnesota Lynx,2025-07-09T19:30:00+00:00,2,5.5,7.0,2025-07-08T21:55:37+00:00,2025-07-09T14:55:37+00:00,21.57,4.57,1.5
1022500126,betmgm,2025,Chicago Sky,Dallas Wings,2025-07-10T00:00:00+00:00,3,-1.5,-1.5,2025-07-08T21:55:37+00:00,2025-07-09T21:55:38+00:00,26.07,2.07,0.0
1022500126,betonlineag,2025,Chicago Sky,Dallas Wings,2025-07-10T00:00:00+00:00,2,-1.0,-1.0,2025-07-09T14:55:37+00:00,2025-07-09T21:55:38+00:00,9.07,2.07,0.0
1022500126,betrivers,2025,Chicago Sky,Dallas Wings,2025-07-10T00:00:00+00:00,3,-1.5,1.0,2025-07-08T21:55:37+00:00,2025-07-09T21:55:38+00:00,26.07,2.07,2.5
1022500126,betus,2025,Chicago Sky,Dallas Wings,2025-07-10T00:00:00+00:00,2,-1.0,-1.0,2025-07-09T14:55:37+00:00,2025-07-09T21:55:38+00:00,9.07,2.07,0.0
1022500126,bovada,2025,Chicago Sky,Dallas Wings,2025-07-10T00:00:00+00:00,3,-1.5,1.0,2025-07-08T21:55:37+00:00,2025-07-09T21:55:38+00:00,26.07,2.07,2.5
1022500126,draftkings,2025,Chicago Sky,Dallas Wings,2025-07-10T00:00:00+00:00,3,-2.0,1.0,2025-07-08T21:55:37+00:00,2025-07-09T21:55:38+00:00,26.07,2.07,3.0
1022500126,fanatics,2025,Chicago Sky,Dallas Wings,2025-07-10T00:00:00+00:00,3,-1.5,1.5,2025-07-08T21:55:37+00:00,2025-07-09T21:55:38+00:00,26.07,2.07,3.0
1022500126,fanduel,2025,Chicago Sky,Dallas Wings,2025-07-10T00:00:00+00:00,3,-1.0,1.0,2025-07-08T21:55:37+00:00,2025-07-09T21:55:38+00:00,26.07,2.07,2.0
1022500126,lowvig,2025,Chicago Sky,Dallas Wings,2025-07-10T00:00:00+00:00,2,-1.0,-1.0,2025-07-09T14:55:37+00:00,2025-07-09T21:55:38+00:00,9.07,2.07,0.0
1022500126,mybookieag,2025,Chicago Sky,Dallas Wings,2025-07-10T00:00:00+00:00,3,-1.5,1.0,2025-07-08T21:55:37+00:00,2025-07-09T21:55:38+00:00,26.07,2.07,2.5
1022500126,williamhill_us,2025,Chicago Sky,Dallas Wings,2025-07-10T00:00:00+00:00,3,-1.5,0.0,2025-07-08T21:55:37+00:00,2025-07-09T21:55:38+00:00,26.07,2.07,1.5
1022500127,betmgm,2025,Los Angeles Sparks,Minnesota Lynx,2025-07-10T19:00:00+00:00,1,6.5,6.5,2025-07-10T14:55:37+00:00,2025-07-10T14:55:37+00:00,4.07,4.07,0.0
1022500127,betonlineag,2025,Los Angeles Sparks,Minnesota Lynx,2025-07-10T19:00:00+00:00,1,7.0,7.0,2025-07-10T14:55:37+00:00,2025-07-10T14:55:37+00:00,4.07,4.07,0.0
1022500127,betrivers,2025,Los Angeles Sparks,Minnesota Lynx,2025-07-10T19:00:00+00:00,1,7.0,7.0,2025-07-10T14:55:37+00:00,2025-07-10T14:55:37+00:00,4.07,4.07,0.0
1022500127,betus,2025,Los Angeles Sparks,Minnesota Lynx,2025-07-10T19:00:00+00:00,1,7.0,7.0,2025-07-10T14:55:37+00:00,2025-07-10T14:55:37+00:00,4.07,4.07,0.0
1022500127,bovada,2025,Los Angeles Sparks,Minnesota Lynx,2025-07-10T19:00:00+00:00,1,7.0,7.0,2025-07-10T14:55:37+00:00,2025-07-10T14:55:37+00:00,4.07,4.07,0.0
1022500127,draftkings,2025,Los Angeles Sparks,Minnesota Lynx,2025-07-10T19:00:00+00:00,2,7.0,7.0,2025-07-09T21:55:38+00:00,2025-07-10T14:55:37+00:00,21.07,4.07,0.0
1022500127,fanatics,2025,Los Angeles Sparks,Minnesota Lynx,2025-07-10T19:00:00+00:00,2,7.5,7.5,2025-07-09T21:55:38+00:00,2025-07-10T14:55:37+00:00,21.07,4.07,0.0
1022500127,fanduel,2025,Los Angeles Sparks,Minnesota Lynx,2025-07-10T19:00:00+00:00,2,8.5,7.0,2025-07-09T21:55:38+00:00,2025-07-10T14:55:37+00:00,21.07,4.07,1.5
1022500127,lowvig,2025,Los Angeles Sparks,Minnesota Lynx,2025-07-10T19:00:00+00:00,1,7.0,7.0,2025-07-10T14:55:37+00:00,2025-07-10T14:55:37+00:00,4.07,4.07,0.0
1022500127,mybookieag,2025,Los Angeles Sparks,Minnesota Lynx,2025-07-10T19:00:00+00:00,2,7.0,7.0,2025-07-09T21:55:38+00:00,2025-07-10T14:55:37+00:00,21.07,4.07,0.0
1022500127,williamhill_us,2025,Los Angeles Sparks,Minnesota Lynx,2025-07-10T19:00:00+00:00,2,7.0,7.5,2025-07-09T21:55:38+00:00,2025-07-10T14:55:37+00:00,21.07,4.07,0.5
1022500128,betmgm,2025,Washington Mystics,Las Vegas Aces,2025-07-10T23:30:00+00:00,2,-2.5,-3.5,2025-07-10T14:55:37+00:00,2025-07-10T21:55:38+00:00,8.57,1.57,1.0
1022500128,betonlineag,2025,Washington Mystics,Las Vegas Aces,2025-07-10T23:30:00+00:00,2,-2.5,-3.5,2025-07-10T14:55:37+00:00,2025-07-10T21:55:38+00:00,8.57,1.57,1.0
1022500128,betrivers,2025,Washington Mystics,Las Vegas Aces,2025-07-10T23:30:00+00:00,2,-2.5,-4.0,2025-07-10T14:55:37+00:00,2025-07-10T21:55:38+00:00,8.57,1.57,1.5
1022500128,betus,2025,Washington Mystics,Las Vegas Aces,2025-07-10T23:30:00+00:00,2,-2.5,-3.5,2025-07-10T14:55:37+00:00,2025-07-10T21:55:38+00:00,8.57,1.57,1.0
1022500128,bovada,2025,Washington Mystics,Las Vegas Aces,2025-07-10T23:30:00+00:00,2,-3.0,-3.5,2025-07-10T14:55:37+00:00,2025-07-10T21:55:38+00:00,8.57,1.57,0.5
1022500128,draftkings,2025,Washington Mystics,Las Vegas Aces,2025-07-10T23:30:00+00:00,3,1.0,-4.0,2025-07-09T21:55:38+00:00,2025-07-10T21:55:38+00:00,25.57,1.57,5.0
1022500128,fanatics,2025,Washington Mystics,Las Vegas Aces,2025-07-10T23:30:00+00:00,3,1.5,-3.5,2025-07-09T21:55:38+00:00,2025-07-10T21:55:38+00:00,25.57,1.57,5.0
1022500128,fanduel,2025,Washington Mystics,Las Vegas Aces,2025-07-10T23:30:00+00:00,3,1.0,-3.5,2025-07-09T21:55:38+00:00,2025-07-10T21:55:38+00:00,25.57,1.57,4.5
1022500128,lowvig,2025,Washington Mystics,Las Vegas Aces,2025-07-10T23:30:00+00:00,2,-2.5,-3.5,2025-07-10T14:55:37+00:00,2025-07-10T21:55:38+00:00,8.57,1.57,1.0
1022500128,mybookieag,2025,Washington Mystics,Las Vegas Aces,2025-07-10T23:30:00+00:00,3,1.0,-3.5,2025-07-09T21:55:38+00:00,2025-07-10T21:55:38+00:00,25.57,1.57,4.5
1022500128,williamhill_us,2025,Washington Mystics,Las Vegas Aces,2025-07-10T23:30:00+00:00,2,-2.5,-3.5,2025-07-10T14:55:37+00:00,2025-07-10T21:55:38+00:00,8.57,1.57,1.0
1022500129,betmgm,2025,Indiana Fever,Atlanta Dream,2025-07-11T23:30:00+00:00,2,-2.5,-2.5,2025-07-10T14:55:37+00:00,2025-07-10T21:55:38+00:00,32.57,25.57,0.0
1022500129,betonlineag,2025,Indiana Fever,Atlanta Dream,2025-07-11T23:30:00+00:00,4,-2.5,-1.0,2025-07-10T14:55:37+00:00,2025-07-11T21:55:38+00:00,32.57,1.57,1.5
1022500129,betrivers,2025,Indiana Fever,Atlanta Dream,2025-07-11T23:30:00+00:00,4,-2.5,-1.5,2025-07-10T14:55:37+00:00,2025-07-11T21:55:38+00:00,32.57,1.57,1.0
1022500129,betus,2025,Indiana Fever,Atlanta Dream,2025-07-11T23:30:00+00:00,2,-1.5,-1.5,2025-07-11T14:55:38+00:00,2025-07-11T21:55:38+00:00,8.57,1.57,0.0
1022500129,bovada,2025,Indiana Fever,Atlanta Dream,2025-07-11T23:30:00+00:00,3,-2.5,-1.5,2025-07-10T21:55:38+00:00,2025-07-11T21:55:38+00:00,25.57,1.57,1.0
1022500129,draftkings,2025,Indiana Fever,Atlanta Dream,2025-07-11T23:30:00+00:00,5,-2.0,-1.5,2025-07-09T21:55:38+00:00,2025-07-11T21:55:38+00:00,49.57,1.57,0.5
1022500129,fanatics,2025,Indiana Fever,Atlanta Dream,2025-07-11T23:30:00+00:00,5,-2.5,-1.5,2025-07-09T21:55:38+00:00,2025-07-11T21:55:38+00:00,49.57,1.57,1.0
1022500129,fanduel,2025,Indiana Fever,Atlanta Dream,2025-07-11T23:30:00+00:00,5,-2.5,-1.0,2025-07-09T21:55:38+00:00,2025-07-11T21:55:38+00:00,49.57,1.57,1.5
1022500129,lowvig,2025,Indiana Fever,Atlanta Dream,2025-07-11T23:30:00+00:00,4,-2.5,-1.0,2025-07-10T14:55:37+00:00,2025-07-11T21:55:38+00:00,32.57,1.57,1.5
1022500129,mybookieag,2025,Indiana Fever,Atlanta Dream,2025-07-11T23:30:00+00:00,3,-2.0,-3.0,2025-07-09T21:55:38+00:00,2025-07-10T21:55:38+00:00,49.57,25.57,1.0
1022500129,williamhill_us,2025,Indiana Fever,Atlanta Dream,2025-07-11T23:30:00+00:00,4,-2.5,-1.5,2025-07-10T14:55:37+00:00,2025-07-11T21:55:38+00:00,32.57,1.57,1.0
1022500130,betmgm,2025,Seattle Storm,Connecticut Sun,2025-07-12T02:00:00+00:00,4,-16.5,-18.5,2025-07-10T14:55:37+00:00,2025-07-11T21:55:38+00:00,35.07,4.07,2.0
1022500130,betonlineag,2025,Seattle Storm,Connecticut Sun,2025-07-12T02:00:00+00:00,4,-17.5,-18.5,2025-07-10T14:55:37+00:00,2025-07-11T21:55:38+00:00,35.07,4.07,1.0
1022500130,betrivers,2025,Seattle Storm,Connecticut Sun,2025-07-12T02:00:00+00:00,4,-17.5,-18.5,2025-07-10T14:55:37+00:00,2025-07-11T21:55:38+00:00,35.07,4.07,1.0
1022500130,betus,2025,Seattle Storm,Connecticut Sun,2025-07-12T02:00:00+00:00,2,-18.0,-18.0,2025-07-11T14:55:38+00:00,2025-07-11T21:55:38+00:00,11.07,4.07,0.0
1022500130,bovada,2025,Seattle Storm,Connecticut Sun,2025-07-12T02:00:00+00:00,3,-18.0,-18.5,2025-07-10T21:55:38+00:00,2025-07-11T21:55:38+00:00,28.07,4.07,0.5
1022500130,draftkings,2025,Seattle Storm,Connecticut Sun,2025-07-12T02:00:00+00:00,5,-15.5,-18.5,2025-07-09T21:55:38+00:00,2025-07-11T21:55:38+00:00,52.07,4.07,3.0
1022500130,fanatics,2025,Seattle Storm,Connecticut Sun,2025-07-12T02:00:00+00:00,5,-15.5,-18.5,2025-07-09T21:55:38+00:00,2025-07-11T21:55:38+00:00,52.07,4.07,3.0
1022500130,fanduel,2025,Seattle Storm,Connecticut Sun,2025-07-12T02:00:00+00:00,5,-16.5,-18.0,2025-07-09T21:55:38+00:00,2025-07-11T21:55:38+00:00,52.07,4.07,1.5
1022500130,lowvig,2025,Seattle Storm,Connecticut Sun,2025-07-12T02:00:00+00:00,4,-17.5,-18.5,2025-07-10T14:55:37+00:00,2025-07-11T21:55:38+00:00,35.07,4.07,1.0
1022500130,mybookieag,2025,Seattle Storm,Connecticut Sun,2025-07-12T02:00:00+00:00,3,-15.5,-18.0,2025-07-09T21:55:38+00:00,2025-07-10T21:55:38+00:00,52.07,28.07,2.5
1022500130,williamhill_us,2025,Seattle Storm,Connecticut Sun,2025-07-12T02:00:00+00:00,4,-16.5,-18.5,2025-07-10T14:55:37+00:00,2025-07-11T21:55:38+00:00,35.07,4.07,2.0
1022500131,betmgm,2025,Chicago Sky,Minnesota Lynx,2025-07-12T17:00:00+00:00,2,10.5,11.5,2025-07-11T21:55:38+00:00,2025-07-12T14:55:37+00:00,19.07,2.07,1.0
1022500131,betonlineag,2025,Chicago Sky,Minnesota Lynx,2025-07-12T17:00:00+00:00,3,10.0,12.0,2025-07-11T14:55:38+00:00,2025-07-12T14:55:37+00:00,26.07,2.07,2.0
1022500131,betrivers,2025,Chicago Sky,Minnesota Lynx,2025-07-12T17:00:00+00:00,3,10.0,12.0,2025-07-11T14:55:38+00:00,2025-07-12T14:55:37+00:00,26.07,2.07,2.0
1022500131,betus,2025,Chicago Sky,Minnesota Lynx,2025-07-12T17:00:00+00:00,1,12.0,12.0,2025-07-12T14:55:37+00:00,2025-07-12T14:55:37+00:00,2.07,2.07,0.0
1022500131,bovada,2025,Chicago Sky,Minnesota Lynx,2025-07-12T17:00:00+00:00,1,11.0,11.0,2025-07-12T14:55:37+00:00,2025-07-12T14:55:37+00:00,2.07,2.07,0.0
1022500131,draftkings,2025,Chicago Sky,Minnesota Lynx,2025-07-12T17:00:00+00:00,3,9.5,11.5,2025-07-11T14:55:38+00:00,2025-07-12T14:55:37+00:00,26.07,2.07,2.0
1022500131,fanatics,2025,Chicago Sky,Minnesota Lynx,2025-07-12T17:00:00+00:00,3,9.5,11.5,2025-07-11T14:55:38+00:00,2025-07-12T14:55:37+00:00,26.07,2.07,2.0
1022500131,fanduel,2025,Chicago Sky,Minnesota Lynx,2025-07-12T17:00:00+00:00,3,10.5,12.5,2025-07-11T14:55:38+00:00,2025-07-12T14:55:37+00:00,26.07,2.07,2.0
1022500131,lowvig,2025,Chicago Sky,Minnesota Lynx,2025-07-12T17:00:00+00:00,3,10.0,12.0,2025-07-11T14:55:38+00:00,2025-07-12T14:55:37+00:00,26.07,2.07,2.0
1022500131,williamhill_us,2025,Chicago Sky,Minnesota Lynx,2025-07-12T17:00:00+00:00,3,10.0,11.5,2025-07-11T14:55:38+00:00,2025-07-12T14:55:37+00:00,26.07,2.07,1.5
1022500132,betmgm,2025,Las Vegas Aces,Golden State Valkyries,2025-07-12T20:05:00+00:00,2,-1.5,-1.5,2025-07-11T21:55:38+00:00,2025-07-12T14:55:37+00:00,22.16,5.16,0.0
1022500132,betonlineag,2025,Las Vegas Aces,Golden State Valkyries,2025-07-12T20:05:00+00:00,1,-1.5,-1.5,2025-07-12T14:55:37+00:00,2025-07-12T14:55:37+00:00,5.16,5.16,0.0
1022500132,betrivers,2025,Las Vegas Aces,Golden State Valkyries,2025-07-12T20:05:00+00:00,3,-1.0,-1.0,2025-07-11T14:55:38+00:00,2025-07-12T14:55:37+00:00,29.16,5.16,0.0
1022500132,betus,2025,Las Vegas Aces,Golden State Valkyries,2025-07-12T20:05:00+00:00,1,-1.5,-1.5,2025-07-12T14:55:37+00:00,2025-07-12T14:55:37+00:00,5.16,5.16,0.0
1022500132,bovada,2025,Las Vegas Aces,Golden State Valkyries,2025-07-12T20:05:00+00:00,1,-1.5,-1.5,2025-07-12T14:55:37+00:00,2025-07-12T14:55:37+00:00,5.16,5.16,0.0
1022500132,draftkings,2025,Las Vegas Aces,Golden State Valkyries,2025-07-12T20:05:00+00:00,3,-1.0,-1.5,2025-07-11T14:55:38+00:00,2025-07-12T14:55:37+00:00,29.16,5.16,0.5
1022500132,fanatics,2025,Las Vegas Aces,Golden State Valkyries,2025-07-12T20:05:00+00:00,3,-1.5,-1.5,2025-07-11T14:55:38+00:00,2025-07-12T14:55:37+00:00,29.16,5.16,0.0
1022500132,fanduel,2025,Las Vegas Aces,Golden State Valkyries,2025-07-12T20:05:00+00:00,3,-1.0,-1.0,2025-07-11T14:55:38+00:00,2025-07-12T14:55:37+00:00,29.16,5.16,0.0
1022500132,lowvig,2025,Las Vegas Aces,Golden State Valkyries,2025-07-12T20:05:00+00:00,1,-1.5,-1.5,2025-07-12T14:55:37+00:00,2025-07-12T14:55:37+00:00,5.16,5.16,0.0
1022500132,williamhill_us,2025,Las Vegas Aces,Golden State Valkyries,2025-07-12T20:05:00+00:00,1,-1.0,-1.0,2025-07-12T14:55:37+00:00,2025-07-12T14:55:37+00:00,5.16,5.16,0.0
1022500133,betmgm,2025,Indiana Fever,Dallas Wings,2025-07-13T17:00:00+00:00,1,-10.5,-10.5,2025-07-12T21:55:37+00:00,2025-07-12T21:55:37+00:00,19.07,19.07,0.0
1022500133,betonlineag,2025,Indiana Fever,Dallas Wings,2025-07-13T17:00:00+00:00,3,-9.5,-9.5,2025-07-12T14:55:37+00:00,2025-07-13T14:55:37+00:00,26.07,2.07,0.0
1022500133,betrivers,2025,Indiana Fever,Dallas Wings,2025-07-13T17:00:00+00:00,3,-10.5,-9.5,2025-07-12T14:55:37+00:00,2025-07-13T14:55:37+00:00,26.07,2.07,1.0
1022500133,betus,2025,Indiana Fever,Dallas Wings,2025-07-13T17:00:00+00:00,2,-9.0,-9.5,2025-07-12T21:55:37+00:00,2025-07-13T14:55:37+00:00,19.07,2.07,0.5
1022500133,bovada,2025,Indiana Fever,Dallas Wings,2025-07-13T17:00:00+00:00,3,-10.5,-9.5,2025-07-12T14:55:37+00:00,2025-07-13T14:55:37+00:00,26.07,2.07,1.0
1022500133,draftkings,2025,Indiana Fever,Dallas Wings,2025-07-13T17:00:00+00:00,3,-10.5,-9.5,2025-07-12T14:55:37+00:00,2025-07-13T14:55:37+00:00,26.07,2.07,1.0
1022500133,fanatics,2025,Indiana Fever,Dallas Wings,2025-07-13T17:00:00+00:00,3,-10.5,-9.5,2025-07-12T14:55:37+00:00,2025-07-13T14:55:37+00:00,26.07,2.07,1.0
1022500133,fanduel,2025,Indiana Fever,Dallas Wings,2025-07-13T17:00:00+00:00,3,-11.0,-9.5,2025-07-12T14:55:37+00:00,2025-07-13T14:55:37+00:00,26.07,2.07,1.5
1022500133,lowvig,2025,Indiana Fever,Dallas Wings,2025-07-13T17:00:00+00:00,3,-9.5,-9.5,2025-07-12T14:55:37+00:00,2025-07-13T14:55:37+00:00,26.07,2.07,0.0
1022500133,mybookieag,2025,Indiana Fever,Dallas Wings,2025-07-13T17:00:00+00:00,1,-9.5,-9.5,2025-07-13T14:55:37+00:00,2025-07-13T14:55:37+00:00,2.07,2.07,0.0
1022500133,williamhill_us,2025,Indiana Fever,Dallas Wings,2025-07-13T17:00:00+00:00,3,-10.5,-9.5,2025-07-12T14:55:37+00:00,2025-07-13T14:55:37+00:00,26.07,2.07,1.0
1022500134,betmgm,2025,New York Liberty,Atlanta Dream,2025-07-13T19:00:00+00:00,2,-4.5,-4.5,2025-07-12T21:55:37+00:00,2025-07-13T14:55:37+00:00,21.07,4.07,0.0
1022500134,betonlineag,2025,New York Liberty,Atlanta Dream,2025-07-13T19:00:00+00:00,3,-4.5,-3.5,2025-07-12T14:55:37+00:00,2025-07-13T14:55:37+00:00,28.07,4.07,1.0
1022500134,betrivers,2025,New York Liberty,Atlanta Dream,2025-07-13T19:00:00+00:00,3,-3.5,-4.5,2025-07-12T14:55:37+00:00,2025-07-13T14:55:37+00:00,28.07,4.07,1.0
1022500134,betus,2025,New York Liberty,Atlanta Dream,2025-07-13T19:00:00+00:00,2,-5.0,-4.0,2025-07-12T21:55:37+00:00,2025-07-13T14:55:37+00:00,21.07,4.07,1.0
1022500134,bovada,2025,New York Liberty,Atlanta Dream,2025-07-13T19:00:00+00:00,3,-3.5,-4.0,2025-07-12T14:55:37+00:00,2025-07-13T14:55:37+00:00,28.07,4.07,0.5
1022500134,draftkings,2025,New York Liberty,Atlanta Dream,2025-07-13T19:00:00+00:00,3,-3.5,-4.0,2025-07-12T14:55:37+00:00,2025-07-13T14:55:37+00:00,28.07,4.07,0.5
1022500134,fanatics,2025,New York Liberty,Atlanta Dream,2025-07-13T19:00:00+00:00,3,-3.5,-3.5,2025-07-12T14:55:37+00:00,2025-07-13T14:55:37+00:00,28.07,4.07,0.0
1022500134,fanduel,2025,New York Liberty,Atlanta Dream,2025-07-13T19:00:00+00:00,3,-3.5,-4.0,2025-07-12T14:55:37+00:00,2025-07-13T14:55:37+00:00,28.07,4.07,0.5
1022500134,lowvig,2025,New York Liberty,Atlanta Dream,2025-07-13T19:00:00+00:00,3,-4.5,-3.5,2025-07-12T14:55:37+00:00,2025-07-13T14:55:37+00:00,28.07,4.07,1.0
1022500134,mybookieag,2025,New York Liberty,Atlanta Dream,2025-07-13T19:00:00+00:00,1,-4.0,-4.0,2025-07-13T14:55:37+00:00,2025-07-13T14:55:37+00:00,4.07,4.07,0.0
1022500134,williamhill_us,2025,New York Liberty,Atlanta Dream,2025-07-13T19:00:00+00:00,3,-3.5,-4.0,2025-07-12T14:55:37+00:00,2025-07-13T14:55:37+00:00,28.07,4.07,0.5
1022500135,betonlineag,2025,Los Angeles Sparks,Connecticut Sun,2025-07-13T22:00:00+00:00,4,-11.5,-10.5,2025-07-12T14:55:37+00:00,2025-07-13T21:55:38+00:00,31.07,0.07,1.0
1022500135,betrivers,2025,Los Angeles Sparks,Connecticut Sun,2025-07-13T22:00:00+00:00,4,-11.5,-10.5,2025-07-12T14:55:37+00:00,2025-07-13T21:55:38+00:00,31.07,0.07,1.0
1022500135,betus,2025,Los Angeles Sparks,Connecticut Sun,2025-07-13T22:00:00+00:00,3,-12.5,-10.5,2025-07-12T21:55:37+00:00,2025-07-13T21:55:38+00:00,24.07,0.07,2.0
1022500135,bovada,2025,Los Angeles Sparks,Connecticut Sun,2025-07-13T22:00:00+00:00,3,-12.5,-10.5,2025-07-12T21:55:37+00:00,2025-07-13T21:55:38+00:00,24.07,0.07,2.0
1022500135,draftkings,2025,Los Angeles Sparks,Connecticut Sun,2025-07-13T22:00:00+00:00,4,-12.0,-10.5,2025-07-12T14:55:37+00:00,2025-07-13T21:55:38+00:00,31.07,0.07,1.5
1022500135,fanatics,2025,Los Angeles Sparks,Connecticut Sun,2025-07-13T22:00:00+00:00,4,-11.5,-10.5,2025-07-12T14:55:37+00:00,2025-07-13T21:55:38+00:00,31.07,0.07,1.0
1022500135,fanduel,2025,Los Angeles Sparks,Connecticut Sun,2025-07-13T22:00:00+00:00,4,-11.5,-10.5,2025-07-12T14:55:37+00:00,2025-07-13T21:55:38+00:00,31.07,0.07,1.0
1022500135,lowvig,2025,Los Angeles Sparks,Connecticut Sun,2025-07-13T22:00:00+00:00,4,-11.5,-10.5,2025-07-12T14:55:37+00:00,2025-07-13T21:55:38+00:00,31.07,0.07,1.0
1022500135,mybookieag,2025,Los Angeles Sparks,Connecticut Sun,2025-07-13T22:00:00+00:00,2,-10.5,-10.5,2025-07-13T14:55:37+00:00,2025-07-13T21:55:38+00:00,7.07,0.07,0.0
1022500135,williamhill_us,2025,Los Angeles Sparks,Connecticut Sun,2025-07-13T22:00:00+00:00,4,-11.5,-10.5,2025-07-12T14:55:37+00:00,2025-07-13T21:55:38+00:00,31.07,0.07,1.0
1022500136,betmgm,2025,Seattle Storm,Washington Mystics,2025-07-13T22:00:00+00:00,3,-6.5,-7.5,2025-07-12T21:55:37+00:00,2025-07-13T21:55:38+00:00,24.07,0.07,1.0
1022500136,betonlineag,2025,Seattle Storm,Washington Mystics,2025-07-13T22:00:00+00:00,4,-6.0,-7.5,2025-07-12T14:55:37+00:00,2025-07-13T21:55:38+00:00,31.07,0.07,1.5
1022500136,betrivers,2025,Seattle Storm,Washington Mystics,2025-07-13T22:00:00+00:00,4,-5.5,-7.0,2025-07-12T14:55:37+00:00,2025-07-13T21:55:38+00:00,31.07,0.07,1.5
1022500136,betus,2025,Seattle Storm,Washington Mystics,2025-07-13T22:00:00+00:00,3,-6.0,-7.0,2025-07-12T21:55:37+00:00,2025-07-13T21:55:38+00:00,24.07,0.07,1.0
1022500136,bovada,2025,Seattle Storm,Washington Mystics,2025-07-13T22:00:00+00:00,3,-6.0,-7.0,2025-07-12T21:55:37+00:00,2025-07-13T21:55:38+00:00,24.07,0.07,1.0
1022500136,draftkings,2025,Seattle Storm,Washington Mystics,2025-07-13T22:00:00+00:00,4,-5.5,-7.0,2025-07-12T14:55:37+00:00,2025-07-13T21:55:38+00:00,31.07,0.07,1.5
1022500136,fanatics,2025,Seattle Storm,Washington Mystics,2025-07-13T22:00:00+00:00,4,-5.5,-7.5,2025-07-12T14:55:37+00:00,2025-07-13T21:55:38+00:00,31.07,0.07,2.0
1022500136,fanduel,2025,Seattle Storm,Washington Mystics,2025-07-13T22:00:00+00:00,4,-6.0,-7.0,2025-07-12T14:55:37+00:00,2025-07-13T21:55:38+00:00,31.07,0.07,1.0
1022500136,lowvig,2025,Seattle Storm,Washington Mystics,2025-07-13T22:00:00+00:00,4,-6.0,-7.5,2025-07-12T14:55:37+00:00,2025-07-13T21:55:38+00:00,31.07,0.07,1.5
1022500136,mybookieag,2025,Seattle Storm,Washington Mystics,2025-07-13T22:00:00+00:00,2,-7.0,-7.0,2025-07-13T14:55:37+00:00,2025-07-13T21:55:38+00:00,7.07,0.07,0.0
1022500136,williamhill_us,2025,Seattle Storm,Washington Mystics,2025-07-13T22:00:00+00:00,4,-6.5,-7.0,2025-07-12T14:55:37+00:00,2025-07-13T21:55:38+00:00,31.07,0.07,0.5
1022500137,betmgm,2025,Chicago Sky,Minnesota Lynx,2025-07-15T00:00:00+00:00,2,10.5,11.5,2025-07-14T14:55:37+00:00,2025-07-14T21:55:38+00:00,9.07,2.07,1.0
1022500137,betonlineag,2025,Chicago Sky,Minnesota Lynx,2025-07-15T00:00:00+00:00,4,10.5,11.0,2025-07-13T14:55:37+00:00,2025-07-14T21:55:38+00:00,33.07,2.07,0.5
1022500137,betrivers,2025,Chicago Sky,Minnesota Lynx,2025-07-15T00:00:00+00:00,4,10.0,11.0,2025-07-13T14:55:37+00:00,2025-07-14T21:55:38+00:00,33.07,2.07,1.0
1022500137,betus,2025,Chicago Sky,Minnesota Lynx,2025-07-15T00:00:00+00:00,2,10.5,11.0,2025-07-14T14:55:37+00:00,2025-07-14T21:55:38+00:00,9.07,2.07,0.5
1022500137,bovada,2025,Chicago Sky,Minnesota Lynx,2025-07-15T00:00:00+00:00,2,10.5,11.5,2025-07-14T14:55:37+00:00,2025-07-14T21:55:38+00:00,9.07,2.07,1.0
1022500137,draftkings,2025,Chicago Sky,Minnesota Lynx,2025-07-15T00:00:00+00:00,4,10.5,11.0,2025-07-13T14:55:37+00:00,2025-07-14T21:55:38+00:00,33.07,2.07,0.5
1022500137,fanatics,2025,Chicago Sky,Minnesota Lynx,2025-07-15T00:00:00+00:00,4,10.5,11.5,2025-07-13T14:55:37+00:00,2025-07-14T21:55:38+00:00,33.07,2.07,1.0
1022500137,fanduel,2025,Chicago Sky,Minnesota Lynx,2025-07-15T00:00:00+00:00,4,10.5,10.5,2025-07-13T14:55:37+00:00,2025-07-14T21:55:38+00:00,33.07,2.07,0.0
1022500137,lowvig,2025,Chicago Sky,Minnesota Lynx,2025-07-15T00:00:00+00:00,4,10.5,11.0,2025-07-13T14:55:37+00:00,2025-07-14T21:55:38+00:00,33.07,2.07,0.5
1022500137,mybookieag,2025,Chicago Sky,Minnesota Lynx,2025-07-15T00:00:00+00:00,4,10.5,11.0,2025-07-13T14:55:37+00:00,2025-07-14T21:55:38+00:00,33.07,2.07,0.5
1022500137,williamhill_us,2025,Chicago Sky,Minnesota Lynx,2025-07-15T00:00:00+00:00,4,10.5,11.0,2025-07-13T14:55:37+00:00,2025-07-14T21:55:38+00:00,33.07,2.07,0.5
1022500138,betmgm,2025,Golden State Valkyries,Phoenix Mercury,2025-07-15T02:00:00+00:00,2,-1.5,-2.5,2025-07-14T14:55:37+00:00,2025-07-14T21:55:38+00:00,11.07,4.07,1.0
1022500138,betonlineag,2025,Golden State Valkyries,Phoenix Mercury,2025-07-15T02:00:00+00:00,2,-2.5,-2.5,2025-07-14T14:55:37+00:00,2025-07-14T21:55:38+00:00,11.07,4.07,0.0
1022500138,betrivers,2025,Golden State Valkyries,Phoenix Mercury,2025-07-15T02:00:00+00:00,2,-2.0,-2.0,2025-07-14T14:55:37+00:00,2025-07-14T21:55:38+00:00,11.07,4.07,0.0
1022500138,betus,2025,Golden State Valkyries,Phoenix Mercury,2025-07-15T02:00:00+00:00,2,-1.5,-2.0,2025-07-14T14:55:37+00:00,2025-07-14T21:55:38+00:00,11.07,4.07,0.5
1022500138,bovada,2025,Golden State Valkyries,Phoenix Mercury,2025-07-15T02:00:00+00:00,2,-1.5,-2.5,2025-07-14T14:55:37+00:00,2025-07-14T21:55:38+00:00,11.07,4.07,1.0
1022500138,draftkings,2025,Golden State Valkyries,Phoenix Mercury,2025-07-15T02:00:00+00:00,2,-1.0,-2.0,2025-07-14T14:55:37+00:00,2025-07-14T21:55:38+00:00,11.07,4.07,1.0
1022500138,fanatics,2025,Golden State Valkyries,Phoenix Mercury,2025-07-15T02:00:00+00:00,2,-1.5,-2.5,2025-07-14T14:55:37+00:00,2025-07-14T21:55:38+00:00,11.07,4.07,1.0
1022500138,fanduel,2025,Golden State Valkyries,Phoenix Mercury,2025-07-15T02:00:00+00:00,2,-1.5,-2.5,2025-07-14T14:55:37+00:00,2025-07-14T21:55:38+00:00,11.07,4.07,1.0
1022500138,lowvig,2025,Golden State Valkyries,Phoenix Mercury,2025-07-15T02:00:00+00:00,2,-2.5,-2.5,2025-07-14T14:55:37+00:00,2025-07-14T21:55:38+00:00,11.07,4.07,0.0
1022500138,mybookieag,2025,Golden State Valkyries,Phoenix Mercury,2025-07-15T02:00:00+00:00,2,-1.5,-2.0,2025-07-14T14:55:37+00:00,2025-07-14T21:55:38+00:00,11.07,4.07,0.5
1022500138,williamhill_us,2025,Golden State Valkyries,Phoenix Mercury,2025-07-15T02:00:00+00:00,2,-1.5,-2.5,2025-07-14T14:55:37+00:00,2025-07-14T21:55:38+00:00,11.07,4.07,1.0
1022500139,betmgm,2025,Connecticut Sun,Indiana Fever,2025-07-16T00:00:00+00:00,2,15.5,15.5,2025-07-14T14:55:37+00:00,2025-07-14T21:55:38+00:00,33.07,26.07,0.0
1022500139,betonlineag,2025,Connecticut Sun,Indiana Fever,2025-07-16T00:00:00+00:00,2,16.0,15.5,2025-07-15T14:55:38+00:00,2025-07-15T21:55:38+00:00,9.07,2.07,0.5
1022500139,betrivers,2025,Connecticut Sun,Indiana Fever,2025-07-16T00:00:00+00:00,4,15.5,15.5,2025-07-14T14:55:37+00:00,2025-07-15T21:55:38+00:00,33.07,2.07,0.0
1022500139,betus,2025,Connecticut Sun,Indiana Fever,2025-07-16T00:00:00+00:00,2,16.0,15.5,2025-07-15T14:55:38+00:00,2025-07-15T21:55:38+00:00,9.07,2.07,0.5
1022500139,bovada,2025,Connecticut Sun,Indiana Fever,2025-07-16T00:00:00+00:00,2,16.0,15.5,2025-07-15T14:55:38+00:00,2025-07-15T21:55:38+00:00,9.07,2.07,0.5
1022500139,draftkings,2025,Connecticut Sun,Indiana Fever,2025-07-16T00:00:00+00:00,5,14.5,15.5,2025-07-13T21:55:38+00:00,2025-07-15T21:55:38+00:00,50.07,2.07,1.0
1022500139,fanatics,2025,Connecticut Sun,Indiana Fever,2025-07-16T00:00:00+00:00,5,14.5,15.5,2025-07-13T21:55:38+00:00,2025-07-15T21:55:38+00:00,50.07,2.07,1.0
1022500139,fanduel,2025,Connecticut Sun,Indiana Fever,2025-07-16T00:00:00+00:00,5,15.5,15.5,2025-07-13T21:55:38+00:00,2025-07-15T21:55:38+00:00,50.07,2.07,0.0
1022500139,lowvig,2025,Connecticut Sun,Indiana Fever,2025-07-16T00:00:00+00:00,2,16.0,15.5,2025-07-15T14:55:38+00:00,2025-07-15T21:55:38+00:00,9.07,2.07,0.5
1022500139,mybookieag,2025,Connecticut Sun,Indiana Fever,2025-07-16T00:00:00+00:00,5,15.0,15.5,2025-07-13T21:55:38+00:00,2025-07-15T21:55:38+00:00,50.07,2.07,0.5
1022500139,williamhill_us,2025,Connecticut Sun,Indiana Fever,2025-07-16T00:00:00+00:00,5,14.5,15.5,2025-07-13T21:55:38+00:00,2025-07-15T21:55:38+00:00,50.07,2.07,1.0
1022500140,betonlineag,2025,Los Angeles Sparks,Washington Mystics,2025-07-16T02:00:00+00:00,2,0.0,-1.0,2025-07-15T14:55:38+00:00,2025-07-15T21:55:38+00:00,11.07,4.07,1.0
1022500140,betrivers,2025,Los Angeles Sparks,Washington Mystics,2025-07-16T02:00:00+00:00,4,-1.0,-1.0,2025-07-14T14:55:37+00:00,2025-07-15T21:55:38+00:00,35.07,4.07,0.0
1022500140,betus,2025,Los Angeles Sparks,Washington Mystics,2025-07-16T02:00:00+00:00,2,0.0,-1.0,2025-07-15T14:55:38+00:00,2025-07-15T21:55:38+00:00,11.07,4.07,1.0
1022500140,bovada,2025,Los Angeles Sparks,Washington Mystics,2025-07-16T02:00:00+00:00,2,-1.5,-1.0,2025-07-15T14:55:38+00:00,2025-07-15T21:55:38+00:00,11.07,4.07,0.5
1022500140,draftkings,2025,Los Angeles Sparks,Washington Mystics,2025-07-16T02:00:00+00:00,4,-1.0,-1.0,2025-07-14T14:55:37+00:00,2025-07-15T21:55:38+00:00,35.07,4.07,0.0
1022500140,fanatics,2025,Los Angeles Sparks,Washington Mystics,2025-07-16T02:00:00+00:00,4,-1.5,-1.5,2025-07-14T14:55:37+00:00,2025-07-15T21:55:38+00:00,35.07,4.07,0.0
1022500140,fanduel,2025,Los Angeles Sparks,Washington Mystics,2025-07-16T02:00:00+00:00,4,1.0,1.0,2025-07-14T14:55:37+00:00,2025-07-15T21:55:38+00:00,35.07,4.07,0.0
1022500140,lowvig,2025,Los Angeles Sparks,Washington Mystics,2025-07-16T02:00:00+00:00,2,0.0,-1.0,2025-07-15T14:55:38+00:00,2025-07-15T21:55:38+00:00,11.07,4.07,1.0
1022500140,mybookieag,2025,Los Angeles Sparks,Washington Mystics,2025-07-16T02:00:00+00:00,4,-1.0,-1.0,2025-07-14T14:55:37+00:00,2025-07-15T21:55:38+00:00,35.07,4.07,0.0
1022500140,williamhill_us,2025,Los Angeles Sparks,Washington Mystics,2025-07-16T02:00:00+00:00,4,-1.0,-1.0,2025-07-14T14:55:37+00:00,2025-07-15T21:55:38+00:00,35.07,4.07,0.0
1022500141,betmgm,2025,Chicago Sky,Atlanta Dream,2025-07-16T16:00:00+00:00,2,5.5,9.5,2025-07-15T21:55:38+00:00,2025-07-16T14:55:38+00:00,18.07,1.07,4.0
1022500141,betonlineag,2025,Chicago Sky,Atlanta Dream,2025-07-16T16:00:00+00:00,3,7.0,10.0,2025-07-15T14:55:38+00:00,2025-07-16T14:55:38+00:00,25.07,1.07,3.0
1022500141,betrivers,2025,Chicago Sky,Atlanta Dream,2025-07-16T16:00:00+00:00,3,5.5,10.0,2025-07-15T14:55:38+00:00,2025-07-16T14:55:38+00:00,25.07,1.07,4.5
1022500141,betus,2025,Chicago Sky,Atlanta Dream,2025-07-16T16:00:00+00:00,1,10.0,10.0,2025-07-16T14:55:38+00:00,2025-07-16T14:55:38+00:00,1.07,1.07,0.0
1022500141,bovada,2025,Chicago Sky,Atlanta Dream,2025-07-16T16:00:00+00:00,2,6.0,10.0,2025-07-15T21:55:38+00:00,2025-07-16T14:55:38+00:00,18.07,1.07,4.0
1022500141,draftkings,2025,Chicago Sky,Atlanta Dream,2025-07-16T16:00:00+00:00,3,5.0,10.0,2025-07-15T14:55:38+00:00,2025-07-16T14:55:38+00:00,25.07,1.07,5.0
1022500141,fanatics,2025,Chicago Sky,Atlanta Dream,2025-07-16T16:00:00+00:00,3,5.5,10.5,2025-07-15T14:55:38+00:00,2025-07-16T14:55:38+00:00,25.07,1.07,5.0
1022500141,fanduel,2025,Chicago Sky,Atlanta Dream,2025-07-16T16:00:00+00:00,3,5.5,9.5,2025-07-15T14:55:38+00:00,2025-07-16T14:55:38+00:00,25.07,1.07,4.0
1022500141,lowvig,2025,Chicago Sky,Atlanta Dream,2025-07-16T16:00:00+00:00,3,7.0,10.0,2025-07-15T14:55:38+00:00,2025-07-16T14:55:38+00:00,25.07,1.07,3.0
1022500141,mybookieag,2025,Chicago Sky,Atlanta Dream,2025-07-16T16:00:00+00:00,3,5.0,10.0,2025-07-15T14:55:38+00:00,2025-07-16T14:55:38+00:00,25.07,1.07,5.0
1022500141,williamhill_us,2025,Chicago Sky,Atlanta Dream,2025-07-16T16:00:00+00:00,3,6.0,10.0,2025-07-15T14:55:38+00:00,2025-07-16T14:55:38+00:00,25.07,1.07,4.0
1022500142,betmgm,2025,Minnesota Lynx,Phoenix Mercury,2025-07-16T17:00:00+00:00,2,-8.5,-10.5,2025-07-15T21:55:38+00:00,2025-07-16T14:55:38+00:00,19.07,2.07,2.0
1022500142,betonlineag,2025,Minnesota Lynx,Phoenix Mercury,2025-07-16T17:00:00+00:00,3,-7.0,-10.0,2025-07-15T14:55:38+00:00,2025-07-16T14:55:38+00:00,26.07,2.07,3.0
1022500142,betrivers,2025,Minnesota Lynx,Phoenix Mercury,2025-07-16T17:00:00+00:00,1,-10.5,-10.5,2025-07-16T14:55:38+00:00,2025-07-16T14:55:38+00:00,2.07,2.07,0.0
1022500142,betus,2025,Minnesota Lynx,Phoenix Mercury,2025-07-16T17:00:00+00:00,1,-10.0,-10.0,2025-07-16T14:55:38+00:00,2025-07-16T14:55:38+00:00,2.07,2.07,0.0
1022500142,bovada,2025,Minnesota Lynx,Phoenix Mercury,2025-07-16T17:00:00+00:00,2,-8.5,-10.5,2025-07-15T21:55:38+00:00,2025-07-16T14:55:38+00:00,19.07,2.07,2.0
1022500142,draftkings,2025,Minnesota Lynx,Phoenix Mercury,2025-07-16T17:00:00+00:00,3,-8.0,-10.0,2025-07-15T14:55:38+00:00,2025-07-16T14:55:38+00:00,26.07,2.07,2.0
1022500142,fanatics,2025,Minnesota Lynx,Phoenix Mercury,2025-07-16T17:00:00+00:00,3,-8.5,-10.5,2025-07-15T14:55:38+00:00,2025-07-16T14:55:38+00:00,26.07,2.07,2.0
1022500142,fanduel,2025,Minnesota Lynx,Phoenix Mercury,2025-07-16T17:00:00+00:00,3,-8.5,-10.0,2025-07-15T14:55:38+00:00,2025-07-16T14:55:38+00:00,26.07,2.07,1.5
1022500142,lowvig,2025,Minnesota Lynx,Phoenix Mercury,2025-07-16T17:00:00+00:00,3,-7.0,-10.0,2025-07-15T14:55:38+00:00,2025-07-16T14:55:38+00:00,26.07,2.07,3.0
1022500142,mybookieag,2025,Minnesota Lynx,Phoenix Mercury,2025-07-16T17:00:00+00:00,3,-8.0,-10.5,2025-07-15T14:55:38+00:00,2025-07-16T14:55:38+00:00,26.07,2.07,2.5
1022500142,williamhill_us,2025,Minnesota Lynx,Phoenix Mercury,2025-07-16T17:00:00+00:00,3,-8.0,-10.0,2025-07-15T14:55:38+00:00,2025-07-16T14:55:38+00:00,26.07,2.07,2.0
1022500143,betmgm,2025,Seattle Storm,Golden State Valkyries,2025-07-16T19:00:00+00:00,2,-5.5,-4.5,2025-07-15T21:55:38+00:00,2025-07-16T14:55:38+00:00,21.07,4.07,1.0
1022500143,betonlineag,2025,Seattle Storm,Golden State Valkyries,2025-07-16T19:00:00+00:00,3,-5.5,-4.5,2025-07-15T14:55:38+00:00,2025-07-16T14:55:38+00:00,28.07,4.07,1.0
1022500143,betrivers,2025,Seattle Storm,Golden State Valkyries,2025-07-16T19:00:00+00:00,1,-4.5,-4.5,2025-07-16T14:55:38+00:00,2025-07-16T14:55:38+00:00,4.07,4.07,0.0
1022500143,betus,2025,Seattle Storm,Golden State Valkyries,2025-07-16T19:00:00+00:00,1,-4.5,-4.5,2025-07-16T14:55:38+00:00,2025-07-16T14:55:38+00:00,4.07,4.07,0.0
1022500143,bovada,2025,Seattle Storm,Golden State Valkyries,2025-07-16T19:00:00+00:00,2,-5.0,-4.5,2025-07-15T21:55:38+00:00,2025-07-16T14:55:38+00:00,21.07,4.07,0.5
1022500143,draftkings,2025,Seattle Storm,Golden State Valkyries,2025-07-16T19:00:00+00:00,3,-5.0,-4.5,2025-07-15T14:55:38+00:00,2025-07-16T14:55:38+00:00,28.07,4.07,0.5
1022500143,fanatics,2025,Seattle Storm,Golden State Valkyries,2025-07-16T19:00:00+00:00,3,-5.5,-4.5,2025-07-15T14:55:38+00:00,2025-07-16T14:55:38+00:00,28.07,4.07,1.0
1022500143,fanduel,2025,Seattle Storm,Golden State Valkyries,2025-07-16T19:00:00+00:00,3,-5.0,-4.5,2025-07-15T14:55:38+00:00,2025-07-16T14:55:38+00:00,28.07,4.07,0.5
1022500143,lowvig,2025,Seattle Storm,Golden State Valkyries,2025-07-16T19:00:00+00:00,3,-5.5,-4.5,2025-07-15T14:55:38+00:00,2025-07-16T14:55:38+00:00,28.07,4.07,1.0
1022500143,mybookieag,2025,Seattle Storm,Golden State Valkyries,2025-07-16T19:00:00+00:00,3,-5.5,-5.0,2025-07-15T14:55:38+00:00,2025-07-16T14:55:38+00:00,28.07,4.07,0.5
1022500143,williamhill_us,2025,Seattle Storm,Golden State Valkyries,2025-07-16T19:00:00+00:00,3,-5.5,-4.5,2025-07-15T14:55:38+00:00,2025-07-16T14:55:38+00:00,28.07,4.07,1.0
1022500144,betmgm,2025,New York Liberty,Indiana Fever,2025-07-16T23:30:00+00:00,2,-10.5,-9.5,2025-07-16T14:55:38+00:00,2025-07-16T21:55:38+00:00,8.57,1.57,1.0
1022500144,betonlineag,2025,New York Liberty,Indiana Fever,2025-07-16T23:30:00+00:00,2,-10.5,-10.0,2025-07-16T14:55:38+00:00,2025-07-16T21:55:38+00:00,8.57,1.57,0.5
1022500144,betrivers,2025,New York Liberty,Indiana Fever,2025-07-16T23:30:00+00:00,2,-10.0,-9.5,2025-07-16T14:55:38+00:00,2025-07-16T21:55:38+00:00,8.57,1.57,0.5
1022500144,betus,2025,New York Liberty,Indiana Fever,2025-07-16T23:30:00+00:00,2,-10.5,-10.0,2025-07-16T14:55:38+00:00,2025-07-16T21:55:38+00:00,8.57,1.57,0.5
1022500144,bovada,2025,New York Liberty,Indiana Fever,2025-07-16T23:30:00+00:00,2,-10.0,-9.5,2025-07-16T14:55:38+00:00,2025-07-16T21:55:38+00:00,8.57,1.57,0.5
1022500144,draftkings,2025,New York Liberty,Indiana Fever,2025-07-16T23:30:00+00:00,2,-10.5,-10.0,2025-07-16T14:55:38+00:00,2025-07-16T21:55:38+00:00,8.57,1.57,0.5
1022500144,fanatics,2025,New York Liberty,Indiana Fever,2025-07-16T23:30:00+00:00,2,-10.5,-10.5,2025-07-16T14:55:38+00:00,2025-07-16T21:55:38+00:00,8.57,1.57,0.0
1022500144,fanduel,2025,New York Liberty,Indiana Fever,2025-07-16T23:30:00+00:00,2,-9.5,-10.0,2025-07-16T14:55:38+00:00,2025-07-16T21:55:38+00:00,8.57,1.57,0.5
1022500144,lowvig,2025,New York Liberty,Indiana Fever,2025-07-16T23:30:00+00:00,2,-10.5,-10.0,2025-07-16T14:55:38+00:00,2025-07-16T21:55:38+00:00,8.57,1.57,0.5
1022500144,mybookieag,2025,New York Liberty,Indiana Fever,2025-07-16T23:30:00+00:00,2,-10.5,-10.0,2025-07-16T14:55:38+00:00,2025-07-16T21:55:38+00:00,8.57,1.57,0.5
1022500144,williamhill_us,2025,New York Liberty,Indiana Fever,2025-07-16T23:30:00+00:00,2,-10.5,-10.0,2025-07-16T14:55:38+00:00,2025-07-16T21:55:38+00:00,8.57,1.57,0.5
1022500145,betmgm,2025,Dallas Wings,Las Vegas Aces,2025-07-17T00:00:00+00:00,3,5.5,5.5,2025-07-15T21:55:38+00:00,2025-07-16T21:55:38+00:00,26.07,2.07,0.0
1022500145,betonlineag,2025,Dallas Wings,Las Vegas Aces,2025-07-17T00:00:00+00:00,4,5.0,6.0,2025-07-15T14:55:38+00:00,2025-07-16T21:55:38+00:00,33.07,2.07,1.0
1022500145,betrivers,2025,Dallas Wings,Las Vegas Aces,2025-07-17T00:00:00+00:00,2,6.0,6.0,2025-07-16T14:55:38+00:00,2025-07-16T21:55:38+00:00,9.07,2.07,0.0
1022500145,betus,2025,Dallas Wings,Las Vegas Aces,2025-07-17T00:00:00+00:00,2,6.0,6.0,2025-07-16T14:55:38+00:00,2025-07-16T21:55:38+00:00,9.07,2.07,0.0
1022500145,bovada,2025,Dallas Wings,Las Vegas Aces,2025-07-17T00:00:00+00:00,3,5.5,6.0,2025-07-15T21:55:38+00:00,2025-07-16T21:55:38+00:00,26.07,2.07,0.5
1022500145,draftkings,2025,Dallas Wings,Las Vegas Aces,2025-07-17T00:00:00+00:00,4,5.0,6.0,2025-07-15T14:55:38+00:00,2025-07-16T21:55:38+00:00,33.07,2.07,1.0
1022500145,fanatics,2025,Dallas Wings,Las Vegas Aces,2025-07-17T00:00:00+00:00,4,5.5,5.5,2025-07-15T14:55:38+00:00,2025-07-16T21:55:38+00:00,33.07,2.07,0.0
1022500145,fanduel,2025,Dallas Wings,Las Vegas Aces,2025-07-17T00:00:00+00:00,4,5.5,6.0,2025-07-15T14:55:38+00:00,2025-07-16T21:55:38+00:00,33.07,2.07,0.5
1022500145,lowvig,2025,Dallas Wings,Las Vegas Aces,2025-07-17T00:00:00+00:00,4,5.0,6.0,2025-07-15T14:55:38+00:00,2025-07-16T21:55:38+00:00,33.07,2.07,1.0
1022500145,mybookieag,2025,Dallas Wings,Las Vegas Aces,2025-07-17T00:00:00+00:00,4,5.0,6.0,2025-07-15T14:55:38+00:00,2025-07-16T21:55:38+00:00,33.07,2.07,1.0
1022500145,williamhill_us,2025,Dallas Wings,Las Vegas Aces,2025-07-17T00:00:00+00:00,4,5.0,6.0,2025-07-15T14:55:38+00:00,2025-07-16T21:55:38+00:00,33.07,2.07,1.0
1022500146,betmgm,2025,Washington Mystics,Los Angeles Sparks,2025-07-22T23:30:00+00:00,1,-3.5,-3.5,2025-07-22T14:55:38+00:00,2025-07-22T14:55:38+00:00,8.57,8.57,0.0
1022500146,betonlineag,2025,Washington Mystics,Los Angeles Sparks,2025-07-22T23:30:00+00:00,2,-2.5,-2.5,2025-07-22T14:55:38+00:00,2025-07-22T21:55:38+00:00,8.57,1.57,0.0
1022500146,betrivers,2025,Washington Mystics,Los Angeles Sparks,2025-07-22T23:30:00+00:00,2,-3.5,-3.5,2025-07-22T14:55:38+00:00,2025-07-22T21:55:38+00:00,8.57,1.57,0.0
1022500146,betus,2025,Washington Mystics,Los Angeles Sparks,2025-07-22T23:30:00+00:00,2,-3.5,-3.0,2025-07-22T14:55:38+00:00,2025-07-22T21:55:38+00:00,8.57,1.57,0.5
1022500146,bovada,2025,Washington Mystics,Los Angeles Sparks,2025-07-22T23:30:00+00:00,2,-3.0,-3.0,2025-07-22T14:55:38+00:00,2025-07-22T21:55:38+00:00,8.57,1.57,0.0
1022500146,draftkings,2025,Washington Mystics,Los Angeles Sparks,2025-07-22T23:30:00+00:00,1,-3.0,-3.0,2025-07-22T14:55:38+00:00,2025-07-22T14:55:38+00:00,8.57,8.57,0.0
1022500146,fanatics,2025,Washington Mystics,Los Angeles Sparks,2025-07-22T23:30:00+00:00,2,-3.5,-2.5,2025-07-22T14:55:38+00:00,2025-07-22T21:55:38+00:00,8.57,1.57,1.0
1022500146,fanduel,2025,Washington Mystics,Los Angeles Sparks,2025-07-22T23:30:00+00:00,2,-3.0,-3.0,2025-07-22T14:55:38+00:00,2025-07-22T21:55:38+00:00,8.57,1.57,0.0
1022500146,lowvig,2025,Washington Mystics,Los Angeles Sparks,2025-07-22T23:30:00+00:00,2,-2.5,-2.5,2025-07-22T14:55:38+00:00,2025-07-22T21:55:38+00:00,8.57,1.57,0.0
1022500146,mybookieag,2025,Washington Mystics,Los Angeles Sparks,2025-07-22T23:30:00+00:00,2,-3.5,-3.5,2025-07-22T14:55:38+00:00,2025-07-22T21:55:38+00:00,8.57,1.57,0.0
1022500146,williamhill_us,2025,Washington Mystics,Los Angeles Sparks,2025-07-22T23:30:00+00:00,2,-3.0,-2.5,2025-07-22T14:55:38+00:00,2025-07-22T21:55:38+00:00,8.57,1.57,0.5
1022500147,betmgm,2025,New York Liberty,Indiana Fever,2025-07-23T00:00:00+00:00,1,-10.5,-10.5,2025-07-22T14:55:38+00:00,2025-07-22T14:55:38+00:00,9.07,9.07,0.0
1022500147,betonlineag,2025,New York Liberty,Indiana Fever,2025-07-23T00:00:00+00:00,2,-10.5,-10.5,2025-07-22T14:55:38+00:00,2025-07-22T21:55:38+00:00,9.07,2.07,0.0
1022500147,betrivers,2025,New York Liberty,Indiana Fever,2025-07-23T00:00:00+00:00,2,-11.5,-10.5,2025-07-22T14:55:38+00:00,2025-07-22T21:55:38+00:00,9.07,2.07,1.0
1022500147,betus,2025,New York Liberty,Indiana Fever,2025-07-23T00:00:00+00:00,2,-11.0,-10.0,2025-07-22T14:55:38+00:00,2025-07-22T21:55:38+00:00,9.07,2.07,1.0
1022500147,bovada,2025,New York Liberty,Indiana Fever,2025-07-23T00:00:00+00:00,2,-10.5,-10.0,2025-07-22T14:55:38+00:00,2025-07-22T21:55:38+00:00,9.07,2.07,0.5
1022500147,draftkings,2025,New York Liberty,Indiana Fever,2025-07-23T00:00:00+00:00,1,-11.0,-11.0,2025-07-22T14:55:38+00:00,2025-07-22T14:55:38+00:00,9.07,9.07,0.0
1022500147,fanatics,2025,New York Liberty,Indiana Fever,2025-07-23T00:00:00+00:00,2,-10.5,-10.5,2025-07-22T14:55:38+00:00,2025-07-22T21:55:38+00:00,9.07,2.07,0.0
1022500147,fanduel,2025,New York Liberty,Indiana Fever,2025-07-23T00:00:00+00:00,2,-11.0,-10.0,2025-07-22T14:55:38+00:00,2025-07-22T21:55:38+00:00,9.07,2.07,1.0
1022500147,lowvig,2025,New York Liberty,Indiana Fever,2025-07-23T00:00:00+00:00,2,-10.5,-10.5,2025-07-22T14:55:38+00:00,2025-07-22T21:55:38+00:00,9.07,2.07,0.0
1022500147,mybookieag,2025,New York Liberty,Indiana Fever,2025-07-23T00:00:00+00:00,2,-11.0,-10.0,2025-07-22T14:55:38+00:00,2025-07-22T21:55:38+00:00,9.07,2.07,1.0
1022500147,williamhill_us,2025,New York Liberty,Indiana Fever,2025-07-23T00:00:00+00:00,2,-11.0,-10.0,2025-07-22T14:55:38+00:00,2025-07-22T21:55:38+00:00,9.07,2.07,1.0
1022500148,betmgm,2025,Minnesota Lynx,Chicago Sky,2025-07-23T00:00:00+00:00,1,-15.5,-15.5,2025-07-22T14:55:38+00:00,2025-07-22T14:55:38+00:00,9.07,9.07,0.0
1022500148,betonlineag,2025,Minnesota Lynx,Chicago Sky,2025-07-23T00:00:00+00:00,2,-15.0,-15.0,2025-07-22T14:55:38+00:00,2025-07-22T21:55:38+00:00,9.07,2.07,0.0
1022500148,betrivers,2025,Minnesota Lynx,Chicago Sky,2025-07-23T00:00:00+00:00,2,-15.0,-15.5,2025-07-22T14:55:38+00:00,2025-07-22T21:55:38+00:00,9.07,2.07,0.5
1022500148,betus,2025,Minnesota Lynx,Chicago Sky,2025-07-23T00:00:00+00:00,2,-16.0,-15.5,2025-07-22T14:55:38+00:00,2025-07-22T21:55:38+00:00,9.07,2.07,0.5
1022500148,bovada,2025,Minnesota Lynx,Chicago Sky,2025-07-23T00:00:00+00:00,2,-16.0,-15.5,2025-07-22T14:55:38+00:00,2025-07-22T21:55:38+00:00,9.07,2.07,0.5
1022500148,draftkings,2025,Minnesota Lynx,Chicago Sky,2025-07-23T00:00:00+00:00,1,-16.0,-16.0,2025-07-22T14:55:38+00:00,2025-07-22T14:55:38+00:00,9.07,9.07,0.0
1022500148,fanatics,2025,Minnesota Lynx,Chicago Sky,2025-07-23T00:00:00+00:00,2,-15.5,-15.5,2025-07-22T14:55:38+00:00,2025-07-22T21:55:38+00:00,9.07,2.07,0.0
1022500148,fanduel,2025,Minnesota Lynx,Chicago Sky,2025-07-23T00:00:00+00:00,2,-15.5,-15.5,2025-07-22T14:55:38+00:00,2025-07-22T21:55:38+00:00,9.07,2.07,0.0
1022500148,lowvig,2025,Minnesota Lynx,Chicago Sky,2025-07-23T00:00:00+00:00,2,-15.0,-15.0,2025-07-22T14:55:38+00:00,2025-07-22T21:55:38+00:00,9.07,2.07,0.0
1022500148,mybookieag,2025,Minnesota Lynx,Chicago Sky,2025-07-23T00:00:00+00:00,2,-15.5,-15.5,2025-07-22T14:55:38+00:00,2025-07-22T21:55:38+00:00,9.07,2.07,0.0
1022500148,williamhill_us,2025,Minnesota Lynx,Chicago Sky,2025-07-23T00:00:00+00:00,2,-16.0,-15.5,2025-07-22T14:55:38+00:00,2025-07-22T21:55:38+00:00,9.07,2.07,0.5
1022500149,betmgm,2025,Las Vegas Aces,Atlanta Dream,2025-07-23T02:00:00+00:00,1,-1.5,-1.5,2025-07-22T14:55:38+00:00,2025-07-22T14:55:38+00:00,11.07,11.07,0.0
1022500149,betonlineag,2025,Las Vegas Aces,Atlanta Dream,2025-07-23T02:00:00+00:00,2,-1.0,-1.0,2025-07-22T14:55:38+00:00,2025-07-22T21:55:38+00:00,11.07,4.07,0.0
1022500149,betrivers,2025,Las Vegas Aces,Atlanta Dream,2025-07-23T02:00:00+00:00,2,-1.0,-1.0,2025-07-22T14:55:38+00:00,2025-07-22T21:55:38+00:00,11.07,4.07,0.0
1022500149,betus,2025,Las Vegas Aces,Atlanta Dream,2025-07-23T02:00:00+00:00,2,-1.5,-1.0,2025-07-22T14:55:38+00:00,2025-07-22T21:55:38+00:00,11.07,4.07,0.5
1022500149,bovada,2025,Las Vegas Aces,Atlanta Dream,2025-07-23T02:00:00+00:00,2,-1.0,1.0,2025-07-22T14:55:38+00:00,2025-07-22T21:55:38+00:00,11.07,4.07,2.0
1022500149,draftkings,2025,Las Vegas Aces,Atlanta Dream,2025-07-23T02:00:00+00:00,1,-1.0,-1.0,2025-07-22T14:55:38+00:00,2025-07-22T14:55:38+00:00,11.07,11.07,0.0
1022500149,fanatics,2025,Las Vegas Aces,Atlanta Dream,2025-07-23T02:00:00+00:00,2,-1.5,-1.5,2025-07-22T14:55:38+00:00,2025-07-22T21:55:38+00:00,11.07,4.07,0.0
1022500149,fanduel,2025,Las Vegas Aces,Atlanta Dream,2025-07-23T02:00:00+00:00,2,-1.0,-1.0,2025-07-22T14:55:38+00:00,2025-07-22T21:55:38+00:00,11.07,4.07,0.0
1022500149,lowvig,2025,Las Vegas Aces,Atlanta Dream,2025-07-23T02:00:00+00:00,2,-1.0,-1.0,2025-07-22T14:55:38+00:00,2025-07-22T21:55:38+00:00,11.07,4.07,0.0
1022500149,mybookieag,2025,Las Vegas Aces,Atlanta Dream,2025-07-23T02:00:00+00:00,2,-1.0,-1.0,2025-07-22T14:55:38+00:00,2025-07-22T21:55:38+00:00,11.07,4.07,0.0
1022500149,williamhill_us,2025,Las Vegas Aces,Atlanta Dream,2025-07-23T02:00:00+00:00,2,-1.0,-1.0,2025-07-22T14:55:38+00:00,2025-07-22T21:55:38+00:00,11.07,4.07,0.0
1022500150,betmgm,2025,Seattle Storm,Dallas Wings,2025-07-23T02:00:00+00:00,1,-8.5,-8.5,2025-07-22T14:55:38+00:00,2025-07-22T14:55:38+00:00,11.07,11.07,0.0
1022500150,betonlineag,2025,Seattle Storm,Dallas Wings,2025-07-23T02:00:00+00:00,2,-9.0,-9.5,2025-07-22T14:55:38+00:00,2025-07-22T21:55:38+00:00,11.07,4.07,0.5
1022500150,betrivers,2025,Seattle Storm,Dallas Wings,2025-07-23T02:00:00+00:00,2,-8.5,-9.0,2025-07-22T14:55:38+00:00,2025-07-22T21:55:38+00:00,11.07,4.07,0.5
1022500150,betus,2025,Seattle Storm,Dallas Wings,2025-07-23T02:00:00+00:00,2,-9.0,-9.5,2025-07-22T14:55:38+00:00,2025-07-22T21:55:38+00:00,11.07,4.07,0.5
1022500150,bovada,2025,Seattle Storm,Dallas Wings,2025-07-23T02:00:00+00:00,2,-9.0,-9.0,2025-07-22T14:55:38+00:00,2025-07-22T21:55:38+00:00,11.07,4.07,0.0
1022500150,draftkings,2025,Seattle Storm,Dallas Wings,2025-07-23T02:00:00+00:00,1,-9.0,-9.0,2025-07-22T14:55:38+00:00,2025-07-22T14:55:38+00:00,11.07,11.07,0.0
1022500150,fanatics,2025,Seattle Storm,Dallas Wings,2025-07-23T02:00:00+00:00,2,-9.5,-8.5,2025-07-22T14:55:38+00:00,2025-07-22T21:55:38+00:00,11.07,4.07,1.0
1022500150,fanduel,2025,Seattle Storm,Dallas Wings,2025-07-23T02:00:00+00:00,2,-8.5,-9.0,2025-07-22T14:55:38+00:00,2025-07-22T21:55:38+00:00,11.07,4.07,0.5
1022500150,lowvig,2025,Seattle Storm,Dallas Wings,2025-07-23T02:00:00+00:00,2,-9.0,-9.5,2025-07-22T14:55:38+00:00,2025-07-22T21:55:38+00:00,11.07,4.07,0.5
1022500150,mybookieag,2025,Seattle Storm,Dallas Wings,2025-07-23T02:00:00+00:00,2,-9.0,-8.5,2025-07-22T14:55:38+00:00,2025-07-22T21:55:38+00:00,11.07,4.07,0.5
1022500150,williamhill_us,2025,Seattle Storm,Dallas Wings,2025-07-23T02:00:00+00:00,2,-9.0,-9.0,2025-07-22T14:55:38+00:00,2025-07-22T21:55:38+00:00,11.07,4.07,0.0
1022500151,betmgm,2025,Phoenix Mercury,Atlanta Dream,2025-07-24T02:00:00+00:00,2,-7.5,-7.5,2025-07-23T14:55:38+00:00,2025-07-23T21:55:38+00:00,11.07,4.07,0.0
1022500151,betonlineag,2025,Phoenix Mercury,Atlanta Dream,2025-07-24T02:00:00+00:00,2,-8.0,-7.5,2025-07-23T14:55:38+00:00,2025-07-23T21:55:38+00:00,11.07,4.07,0.5
1022500151,betrivers,2025,Phoenix Mercury,Atlanta Dream,2025-07-24T02:00:00+00:00,2,-7.5,-7.5,2025-07-23T14:55:38+00:00,2025-07-23T21:55:38+00:00,11.07,4.07,0.0
1022500151,betus,2025,Phoenix Mercury,Atlanta Dream,2025-07-24T02:00:00+00:00,1,-7.5,-7.5,2025-07-23T21:55:38+00:00,2025-07-23T21:55:38+00:00,4.07,4.07,0.0
1022500151,bovada,2025,Phoenix Mercury,Atlanta Dream,2025-07-24T02:00:00+00:00,2,-8.0,-7.5,2025-07-23T14:55:38+00:00,2025-07-23T21:55:38+00:00,11.07,4.07,0.5
1022500151,draftkings,2025,Phoenix Mercury,Atlanta Dream,2025-07-24T02:00:00+00:00,2,-8.0,-7.5,2025-07-23T14:55:38+00:00,2025-07-23T21:55:38+00:00,11.07,4.07,0.5
1022500151,fanatics,2025,Phoenix Mercury,Atlanta Dream,2025-07-24T02:00:00+00:00,2,-7.5,-7.5,2025-07-23T14:55:38+00:00,2025-07-23T21:55:38+00:00,11.07,4.07,0.0
1022500151,fanduel,2025,Phoenix Mercury,Atlanta Dream,2025-07-24T02:00:00+00:00,2,-7.5,-7.5,2025-07-23T14:55:38+00:00,2025-07-23T21:55:38+00:00,11.07,4.07,0.0
1022500151,lowvig,2025,Phoenix Mercury,Atlanta Dream,2025-07-24T02:00:00+00:00,2,-8.0,-7.5,2025-07-23T14:55:38+00:00,2025-07-23T21:55:38+00:00,11.07,4.07,0.5
1022500151,mybookieag,2025,Phoenix Mercury,Atlanta Dream,2025-07-24T02:00:00+00:00,2,-7.0,-8.0,2025-07-23T14:55:38+00:00,2025-07-23T21:55:38+00:00,11.07,4.07,1.0
1022500151,williamhill_us,2025,Phoenix Mercury,Atlanta Dream,2025-07-24T02:00:00+00:00,2,-7.5,-7.0,2025-07-23T14:55:38+00:00,2025-07-23T21:55:38+00:00,11.07,4.07,0.5
1022500152,betonlineag,2025,Connecticut Sun,Los Angeles Sparks,2025-07-24T23:00:00+00:00,4,6.0,6.0,2025-07-23T14:55:38+00:00,2025-07-24T21:55:38+00:00,32.07,1.07,0.0
1022500152,betrivers,2025,Connecticut Sun,Los Angeles Sparks,2025-07-24T23:00:00+00:00,4,6.0,6.0,2025-07-23T14:55:38+00:00,2025-07-24T21:55:38+00:00,32.07,1.07,0.0
1022500152,betus,2025,Connecticut Sun,Los Angeles Sparks,2025-07-24T23:00:00+00:00,2,6.0,6.0,2025-07-24T14:55:38+00:00,2025-07-24T21:55:38+00:00,8.07,1.07,0.0
1022500152,bovada,2025,Connecticut Sun,Los Angeles Sparks,2025-07-24T23:00:00+00:00,4,5.5,6.0,2025-07-23T14:55:38+00:00,2025-07-24T21:55:38+00:00,32.07,1.07,0.5
1022500152,draftkings,2025,Connecticut Sun,Los Angeles Sparks,2025-07-24T23:00:00+00:00,4,5.5,6.0,2025-07-23T14:55:38+00:00,2025-07-24T21:55:38+00:00,32.07,1.07,0.5
1022500152,fanatics,2025,Connecticut Sun,Los Angeles Sparks,2025-07-24T23:00:00+00:00,4,5.5,6.5,2025-07-23T14:55:38+00:00,2025-07-24T21:55:38+00:00,32.07,1.07,1.0
1022500152,fanduel,2025,Connecticut Sun,Los Angeles Sparks,2025-07-24T23:00:00+00:00,4,6.0,6.0,2025-07-23T14:55:38+00:00,2025-07-24T21:55:38+00:00,32.07,1.07,0.0
1022500152,lowvig,2025,Connecticut Sun,Los Angeles Sparks,2025-07-24T23:00:00+00:00,4,6.0,6.0,2025-07-23T14:55:38+00:00,2025-07-24T21:55:38+00:00,32.07,1.07,0.0
1022500152,mybookieag,2025,Connecticut Sun,Los Angeles Sparks,2025-07-24T23:00:00+00:00,2,6.0,6.0,2025-07-24T14:55:38+00:00,2025-07-24T21:55:38+00:00,8.07,1.07,0.0
1022500152,williamhill_us,2025,Connecticut Sun,Los Angeles Sparks,2025-07-24T23:00:00+00:00,4,6.0,6.0,2025-07-23T14:55:38+00:00,2025-07-24T21:55:38+00:00,32.07,1.07,0.0
1022500153,betmgm,2025,Indiana Fever,Las Vegas Aces,2025-07-24T23:00:00+00:00,3,4.5,1.5,2025-07-23T21:55:38+00:00,2025-07-24T21:55:38+00:00,25.07,1.07,3.0
1022500153,betonlineag,2025,Indiana Fever,Las Vegas Aces,2025-07-24T23:00:00+00:00,4,1.5,1.5,2025-07-23T14:55:38+00:00,2025-07-24T21:55:38+00:00,32.07,1.07,0.0
1022500153,betrivers,2025,Indiana Fever,Las Vegas Aces,2025-07-24T23:00:00+00:00,4,1.5,2.0,2025-07-23T14:55:38+00:00,2025-07-24T21:55:38+00:00,32.07,1.07,0.5
1022500153,betus,2025,Indiana Fever,Las Vegas Aces,2025-07-24T23:00:00+00:00,2,2.0,2.0,2025-07-24T14:55:38+00:00,2025-07-24T21:55:38+00:00,8.07,1.07,0.0
1022500153,bovada,2025,Indiana Fever,Las Vegas Aces,2025-07-24T23:00:00+00:00,4,1.5,2.0,2025-07-23T14:55:38+00:00,2025-07-24T21:55:38+00:00,32.07,1.07,0.5
1022500153,draftkings,2025,Indiana Fever,Las Vegas Aces,2025-07-24T23:00:00+00:00,4,1.5,2.0,2025-07-23T14:55:38+00:00,2025-07-24T21:55:38+00:00,32.07,1.07,0.5
1022500153,fanatics,2025,Indiana Fever,Las Vegas Aces,2025-07-24T23:00:00+00:00,4,1.5,1.5,2025-07-23T14:55:38+00:00,2025-07-24T21:55:38+00:00,32.07,1.07,0.0
1022500153,fanduel,2025,Indiana Fever,Las Vegas Aces,2025-07-24T23:00:00+00:00,4,1.5,2.0,2025-07-23T14:55:38+00:00,2025-07-24T21:55:38+00:00,32.07,1.07,0.5
1022500153,lowvig,2025,Indiana Fever,Las Vegas Aces,2025-07-24T23:00:00+00:00,4,1.5,1.5,2025-07-23T14:55:38+00:00,2025-07-24T21:55:38+00:00,32.07,1.07,0.0
1022500153,mybookieag,2025,Indiana Fever,Las Vegas Aces,2025-07-24T23:00:00+00:00,2,2.0,2.0,2025-07-24T14:55:38+00:00,2025-07-24T21:55:38+00:00,8.07,1.07,0.0
1022500153,williamhill_us,2025,Indiana Fever,Las Vegas Aces,2025-07-24T23:00:00+00:00,4,1.5,1.5,2025-07-23T14:55:38+00:00,2025-07-24T21:55:38+00:00,32.07,1.07,0.0
1022500154,betmgm,2025,Chicago Sky,Seattle Storm,2025-07-25T00:30:00+00:00,3,6.5,10.5,2025-07-23T21:55:38+00:00,2025-07-24T21:55:38+00:00,26.57,2.57,4.0
1022500154,betonlineag,2025,Chicago Sky,Seattle Storm,2025-07-25T00:30:00+00:00,4,6.0,11.5,2025-07-23T14:55:38+00:00,2025-07-24T21:55:38+00:00,33.57,2.57,5.5
1022500154,betrivers,2025,Chicago Sky,Seattle Storm,2025-07-25T00:30:00+00:00,4,6.0,11.0,2025-07-23T14:55:38+00:00,2025-07-24T21:55:38+00:00,33.57,2.57,5.0
1022500154,betus,2025,Chicago Sky,Seattle Storm,2025-07-25T00:30:00+00:00,2,9.5,11.0,2025-07-24T14:55:38+00:00,2025-07-24T21:55:38+00:00,9.57,2.57,1.5
1022500154,bovada,2025,Chicago Sky,Seattle Storm,2025-07-25T00:30:00+00:00,4,6.0,11.0,2025-07-23T14:55:38+00:00,2025-07-24T21:55:38+00:00,33.57,2.57,5.0
1022500154,draftkings,2025,Chicago Sky,Seattle Storm,2025-07-25T00:30:00+00:00,4,6.0,11.0,2025-07-23T14:55:38+00:00,2025-07-24T21:55:38+00:00,33.57,2.57,5.0
1022500154,fanatics,2025,Chicago Sky,Seattle Storm,2025-07-25T00:30:00+00:00,4,5.5,10.5,2025-07-23T14:55:38+00:00,2025-07-24T21:55:38+00:00,33.57,2.57,5.0
1022500154,fanduel,2025,Chicago Sky,Seattle Storm,2025-07-25T00:30:00+00:00,4,6.0,11.5,2025-07-23T14:55:38+00:00,2025-07-24T21:55:38+00:00,33.57,2.57,5.5
1022500154,lowvig,2025,Chicago Sky,Seattle Storm,2025-07-25T00:30:00+00:00,4,6.0,11.5,2025-07-23T14:55:38+00:00,2025-07-24T21:55:38+00:00,33.57,2.57,5.5
1022500154,mybookieag,2025,Chicago Sky,Seattle Storm,2025-07-25T00:30:00+00:00,4,6.0,11.0,2025-07-23T14:55:38+00:00,2025-07-24T21:55:38+00:00,33.57,2.57,5.0
1022500154,williamhill_us,2025,Chicago Sky,Seattle Storm,2025-07-25T00:30:00+00:00,4,6.0,11.0,2025-07-23T14:55:38+00:00,2025-07-24T21:55:38+00:00,33.57,2.57,5.0
1022500155,betmgm,2025,New York Liberty,Phoenix Mercury,2025-07-25T23:30:00+00:00,3,-5.5,-6.5,2025-07-24T21:55:38+00:00,2025-07-25T21:55:38+00:00,25.57,1.57,1.0
1022500155,betonlineag,2025,New York Liberty,Phoenix Mercury,2025-07-25T23:30:00+00:00,3,-5.5,-6.5,2025-07-24T21:55:38+00:00,2025-07-25T21:55:38+00:00,25.57,1.57,1.0
1022500155,betrivers,2025,New York Liberty,Phoenix Mercury,2025-07-25T23:30:00+00:00,4,-6.5,-6.0,2025-07-24T14:55:38+00:00,2025-07-25T21:55:38+00:00,32.57,1.57,0.5
1022500155,betus,2025,New York Liberty,Phoenix Mercury,2025-07-25T23:30:00+00:00,2,-6.0,-6.0,2025-07-25T14:55:38+00:00,2025-07-25T21:55:38+00:00,8.57,1.57,0.0
1022500155,bovada,2025,New York Liberty,Phoenix Mercury,2025-07-25T23:30:00+00:00,2,-6.5,-6.0,2025-07-25T14:55:38+00:00,2025-07-25T21:55:38+00:00,8.57,1.57,0.5
1022500155,draftkings,2025,New York Liberty,Phoenix Mercury,2025-07-25T23:30:00+00:00,4,-6.5,-6.0,2025-07-24T14:55:38+00:00,2025-07-25T21:55:38+00:00,32.57,1.57,0.5
1022500155,fanatics,2025,New York Liberty,Phoenix Mercury,2025-07-25T23:30:00+00:00,4,-6.5,-5.5,2025-07-24T14:55:38+00:00,2025-07-25T21:55:38+00:00,32.57,1.57,1.0
1022500155,fanduel,2025,New York Liberty,Phoenix Mercury,2025-07-25T23:30:00+00:00,4,-6.5,-6.0,2025-07-24T14:55:38+00:00,2025-07-25T21:55:38+00:00,32.57,1.57,0.5
1022500155,lowvig,2025,New York Liberty,Phoenix Mercury,2025-07-25T23:30:00+00:00,3,-5.5,-6.5,2025-07-24T21:55:38+00:00,2025-07-25T21:55:38+00:00,25.57,1.57,1.0
1022500155,mybookieag,2025,New York Liberty,Phoenix Mercury,2025-07-25T23:30:00+00:00,4,-6.5,-5.5,2025-07-24T14:55:38+00:00,2025-07-25T21:55:38+00:00,32.57,1.57,1.0
1022500155,williamhill_us,2025,New York Liberty,Phoenix Mercury,2025-07-25T23:30:00+00:00,3,-5.5,-6.0,2025-07-24T21:55:38+00:00,2025-07-25T21:55:38+00:00,25.57,1.57,0.5
1022500156,betmgm,2025,Minnesota Lynx,Las Vegas Aces,2025-07-25T23:30:00+00:00,2,-9.5,-9.5,2025-07-25T14:55:38+00:00,2025-07-25T21:55:38+00:00,8.57,1.57,0.0
1022500156,betonlineag,2025,Minnesota Lynx,Las Vegas Aces,2025-07-25T23:30:00+00:00,2,-9.5,-9.5,2025-07-25T14:55:38+00:00,2025-07-25T21:55:38+00:00,8.57,1.57,0.0
1022500156,betrivers,2025,Minnesota Lynx,Las Vegas Aces,2025-07-25T23:30:00+00:00,2,-9.5,-9.5,2025-07-25T14:55:38+00:00,2025-07-25T21:55:38+00:00,8.57,1.57,0.0
1022500156,betus,2025,Minnesota Lynx,Las Vegas Aces,2025-07-25T23:30:00+00:00,2,-9.5,-10.0,2025-07-25T14:55:38+00:00,2025-07-25T21:55:38+00:00,8.57,1.57,0.5
1022500156,bovada,2025,Minnesota Lynx,Las Vegas Aces,2025-07-25T23:30:00+00:00,2,-9.5,-9.5,2025-07-25T14:55:38+00:00,2025-07-25T21:55:38+00:00,8.57,1.57,0.0
1022500156,draftkings,2025,Minnesota Lynx,Las Vegas Aces,2025-07-25T23:30:00+00:00,2,-10.0,-9.5,2025-07-25T14:55:38+00:00,2025-07-25T21:55:38+00:00,8.57,1.57,0.5
1022500156,fanatics,2025,Minnesota Lynx,Las Vegas Aces,2025-07-25T23:30:00+00:00,2,-9.5,-9.5,2025-07-25T14:55:38+00:00,2025-07-25T21:55:38+00:00,8.57,1.57,0.0
1022500156,fanduel,2025,Minnesota Lynx,Las Vegas Aces,2025-07-25T23:30:00+00:00,2,-9.5,-9.5,2025-07-25T14:55:38+00:00,2025-07-25T21:55:38+00:00,8.57,1.57,0.0
1022500156,lowvig,2025,Minnesota Lynx,Las Vegas Aces,2025-07-25T23:30:00+00:00,2,-9.5,-9.5,2025-07-25T14:55:38+00:00,2025-07-25T21:55:38+00:00,8.57,1.57,0.0
1022500156,mybookieag,2025,Minnesota Lynx,Las Vegas Aces,2025-07-25T23:30:00+00:00,2,-9.5,-9.5,2025-07-25T14:55:38+00:00,2025-07-25T21:55:38+00:00,8.57,1.57,0.0
1022500156,williamhill_us,2025,Minnesota Lynx,Las Vegas Aces,2025-07-25T23:30:00+00:00,2,-9.5,-10.0,2025-07-25T14:55:38+00:00,2025-07-25T21:55:38+00:00,8.57,1.57,0.5
1022500157,betmgm,2025,Golden State Valkyries,Dallas Wings,2025-07-26T02:00:00+00:00,3,-5.5,-4.5,2025-07-24T21:55:38+00:00,2025-07-25T21:55:38+00:00,28.07,4.07,1.0
1022500157,betonlineag,2025,Golden State Valkyries,Dallas Wings,2025-07-26T02:00:00+00:00,3,-5.5,-4.0,2025-07-24T21:55:38+00:00,2025-07-25T21:55:38+00:00,28.07,4.07,1.5
1022500157,betrivers,2025,Golden State Valkyries,Dallas Wings,2025-07-26T02:00:00+00:00,4,-5.0,-4.0,2025-07-24T14:55:38+00:00,2025-07-25T21:55:38+00:00,35.07,4.07,1.0
1022500157,betus,2025,Golden State Valkyries,Dallas Wings,2025-07-26T02:00:00+00:00,2,-4.0,-4.0,2025-07-25T14:55:38+00:00,2025-07-25T21:55:38+00:00,11.07,4.07,0.0
1022500157,bovada,2025,Golden State Valkyries,Dallas Wings,2025-07-26T02:00:00+00:00,2,-3.5,-4.0,2025-07-25T14:55:38+00:00,2025-07-25T21:55:38+00:00,11.07,4.07,0.5
1022500157,draftkings,2025,Golden State Valkyries,Dallas Wings,2025-07-26T02:00:00+00:00,6,-3.5,-4.5,2025-07-23T14:55:38+00:00,2025-07-25T21:55:38+00:00,59.07,4.07,1.0
1022500157,fanatics,2025,Golden State Valkyries,Dallas Wings,2025-07-26T02:00:00+00:00,6,-3.5,-4.5,2025-07-23T14:55:38+00:00,2025-07-25T21:55:38+00:00,59.07,4.07,1.0
1022500157,fanduel,2025,Golden State Valkyries,Dallas Wings,2025-07-26T02:00:00+00:00,6,-4.5,-4.0,2025-07-23T14:55:38+00:00,2025-07-25T21:55:38+00:00,59.07,4.07,0.5
1022500157,lowvig,2025,Golden State Valkyries,Dallas Wings,2025-07-26T02:00:00+00:00,3,-5.5,-4.0,2025-07-24T21:55:38+00:00,2025-07-25T21:55:38+00:00,28.07,4.07,1.5
1022500157,mybookieag,2025,Golden State Valkyries,Dallas Wings,2025-07-26T02:00:00+00:00,6,-3.5,-4.0,2025-07-23T14:55:38+00:00,2025-07-25T21:55:38+00:00,59.07,4.07,0.5
1022500157,williamhill_us,2025,Golden State Valkyries,Dallas Wings,2025-07-26T02:00:00+00:00,3,-5.5,-4.0,2025-07-24T21:55:38+00:00,2025-07-25T21:55:38+00:00,28.07,4.07,1.5
1022500158,betmgm,2025,Chicago Sky,Indiana Fever,2025-07-27T19:00:00+00:00,1,9.5,9.5,2025-07-27T14:55:38+00:00,2025-07-27T14:55:38+00:00,4.07,4.07,0.0
1022500158,betonlineag,2025,Chicago Sky,Indiana Fever,2025-07-27T19:00:00+00:00,1,9.0,9.0,2025-07-27T14:55:38+00:00,2025-07-27T14:55:38+00:00,4.07,4.07,0.0
1022500158,betrivers,2025,Chicago Sky,Indiana Fever,2025-07-27T19:00:00+00:00,1,9.0,9.0,2025-07-27T14:55:38+00:00,2025-07-27T14:55:38+00:00,4.07,4.07,0.0
1022500158,betus,2025,Chicago Sky,Indiana Fever,2025-07-27T19:00:00+00:00,1,9.0,9.0,2025-07-27T14:55:38+00:00,2025-07-27T14:55:38+00:00,4.07,4.07,0.0
1022500158,bovada,2025,Chicago Sky,Indiana Fever,2025-07-27T19:00:00+00:00,1,9.0,9.0,2025-07-27T14:55:38+00:00,2025-07-27T14:55:38+00:00,4.07,4.07,0.0
1022500158,draftkings,2025,Chicago Sky,Indiana Fever,2025-07-27T19:00:00+00:00,1,9.0,9.0,2025-07-27T14:55:38+00:00,2025-07-27T14:55:38+00:00,4.07,4.07,0.0
1022500158,fanatics,2025,Chicago Sky,Indiana Fever,2025-07-27T19:00:00+00:00,1,9.5,9.5,2025-07-27T14:55:38+00:00,2025-07-27T14:55:38+00:00,4.07,4.07,0.0
1022500158,fanduel,2025,Chicago Sky,Indiana Fever,2025-07-27T19:00:00+00:00,1,9.0,9.0,2025-07-27T14:55:38+00:00,2025-07-27T14:55:38+00:00,4.07,4.07,0.0
1022500158,lowvig,2025,Chicago Sky,Indiana Fever,2025-07-27T19:00:00+00:00,1,9.0,9.0,2025-07-27T14:55:38+00:00,2025-07-27T14:55:38+00:00,4.07,4.07,0.0
1022500158,mybookieag,2025,Chicago Sky,Indiana Fever,2025-07-27T19:00:00+00:00,1,9.0,9.0,2025-07-27T14:55:38+00:00,2025-07-27T14:55:38+00:00,4.07,4.07,0.0
1022500158,williamhill_us,2025,Chicago Sky,Indiana Fever,2025-07-27T19:00:00+00:00,1,9.0,9.0,2025-07-27T14:55:38+00:00,2025-07-27T14:55:38+00:00,4.07,4.07,0.0
1022500159,betmgm,2025,New York Liberty,Los Angeles Sparks,2025-07-26T23:00:00+00:00,2,-10.5,-10.5,2025-07-26T14:55:38+00:00,2025-07-26T21:55:37+00:00,8.07,1.07,0.0
1022500159,betonlineag,2025,New York Liberty,Los Angeles Sparks,2025-07-26T23:00:00+00:00,2,-10.5,-10.0,2025-07-26T14:55:38+00:00,2025-07-26T21:55:37+00:00,8.07,1.07,0.5
1022500159,betrivers,2025,New York Liberty,Los Angeles Sparks,2025-07-26T23:00:00+00:00,2,-10.0,-10.5,2025-07-26T14:55:38+00:00,2025-07-26T21:55:37+00:00,8.07,1.07,0.5
1022500159,betus,2025,New York Liberty,Los Angeles Sparks,2025-07-26T23:00:00+00:00,2,-10.5,-11.0,2025-07-26T14:55:38+00:00,2025-07-26T21:55:37+00:00,8.07,1.07,0.5
1022500159,bovada,2025,New York Liberty,Los Angeles Sparks,2025-07-26T23:00:00+00:00,2,-9.5,-11.0,2025-07-26T14:55:38+00:00,2025-07-26T21:55:37+00:00,8.07,1.07,1.5
1022500159,draftkings,2025,New York Liberty,Los Angeles Sparks,2025-07-26T23:00:00+00:00,2,-10.0,-11.0,2025-07-26T14:55:38+00:00,2025-07-26T21:55:37+00:00,8.07,1.07,1.0
1022500159,fanatics,2025,New York Liberty,Los Angeles Sparks,2025-07-26T23:00:00+00:00,2,-10.5,-10.5,2025-07-26T14:55:38+00:00,2025-07-26T21:55:37+00:00,8.07,1.07,0.0
1022500159,fanduel,2025,New York Liberty,Los Angeles Sparks,2025-07-26T23:00:00+00:00,2,-10.5,-11.0,2025-07-26T14:55:38+00:00,2025-07-26T21:55:37+00:00,8.07,1.07,0.5
1022500159,lowvig,2025,New York Liberty,Los Angeles Sparks,2025-07-26T23:00:00+00:00,2,-10.5,-10.0,2025-07-26T14:55:38+00:00,2025-07-26T21:55:37+00:00,8.07,1.07,0.5
1022500159,mybookieag,2025,New York Liberty,Los Angeles Sparks,2025-07-26T23:00:00+00:00,2,-10.0,-10.5,2025-07-26T14:55:38+00:00,2025-07-26T21:55:37+00:00,8.07,1.07,0.5
1022500159,williamhill_us,2025,New York Liberty,Los Angeles Sparks,2025-07-26T23:00:00+00:00,2,-10.0,-10.5,2025-07-26T14:55:38+00:00,2025-07-26T21:55:37+00:00,8.07,1.07,0.5
1022500160,betmgm,2025,Washington Mystics,Seattle Storm,2025-07-26T23:30:00+00:00,3,4.5,3.5,2025-07-25T21:55:38+00:00,2025-07-26T21:55:37+00:00,25.57,1.57,1.0
1022500160,betonlineag,2025,Washington Mystics,Seattle Storm,2025-07-26T23:30:00+00:00,3,5.0,4.0,2025-07-25T21:55:38+00:00,2025-07-26T21:55:37+00:00,25.57,1.57,1.0
1022500160,betrivers,2025,Washington Mystics,Seattle Storm,2025-07-26T23:30:00+00:00,3,5.0,4.0,2025-07-25T21:55:38+00:00,2025-07-26T21:55:37+00:00,25.57,1.57,1.0
1022500160,betus,2025,Washington Mystics,Seattle Storm,2025-07-26T23:30:00+00:00,2,3.5,4.0,2025-07-26T14:55:38+00:00,2025-07-26T21:55:37+00:00,8.57,1.57,0.5
1022500160,bovada,2025,Washington Mystics,Seattle Storm,2025-07-26T23:30:00+00:00,2,4.0,4.0,2025-07-26T14:55:38+00:00,2025-07-26T21:55:37+00:00,8.57,1.57,0.0
1022500160,draftkings,2025,Washington Mystics,Seattle Storm,2025-07-26T23:30:00+00:00,4,5.5,4.0,2025-07-25T14:55:38+00:00,2025-07-26T21:55:37+00:00,32.57,1.57,1.5
1022500160,fanatics,2025,Washington Mystics,Seattle Storm,2025-07-26T23:30:00+00:00,4,5.5,4.5,2025-07-25T14:55:38+00:00,2025-07-26T21:55:37+00:00,32.57,1.57,1.0
1022500160,fanduel,2025,Washington Mystics,Seattle Storm,2025-07-26T23:30:00+00:00,4,5.0,3.5,2025-07-25T14:55:38+00:00,2025-07-26T21:55:37+00:00,32.57,1.57,1.5
1022500160,lowvig,2025,Washington Mystics,Seattle Storm,2025-07-26T23:30:00+00:00,3,5.0,4.0,2025-07-25T21:55:38+00:00,2025-07-26T21:55:37+00:00,25.57,1.57,1.0
1022500160,mybookieag,2025,Washington Mystics,Seattle Storm,2025-07-26T23:30:00+00:00,4,5.5,4.0,2025-07-25T14:55:38+00:00,2025-07-26T21:55:37+00:00,32.57,1.57,1.5
1022500160,williamhill_us,2025,Washington Mystics,Seattle Storm,2025-07-26T23:30:00+00:00,4,5.5,4.0,2025-07-25T14:55:38+00:00,2025-07-26T21:55:37+00:00,32.57,1.57,1.5
1022500161,betmgm,2025,Connecticut Sun,Golden State Valkyries,2025-07-27T17:00:00+00:00,2,6.5,5.5,2025-07-26T21:55:37+00:00,2025-07-27T14:55:38+00:00,19.07,2.07,1.0
1022500161,betonlineag,2025,Connecticut Sun,Golden State Valkyries,2025-07-27T17:00:00+00:00,2,6.0,5.5,2025-07-26T21:55:37+00:00,2025-07-27T14:55:38+00:00,19.07,2.07,0.5
1022500161,betrivers,2025,Connecticut Sun,Golden State Valkyries,2025-07-27T17:00:00+00:00,1,5.5,5.5,2025-07-27T14:55:38+00:00,2025-07-27T14:55:38+00:00,2.07,2.07,0.0
1022500161,betus,2025,Connecticut Sun,Golden State Valkyries,2025-07-27T17:00:00+00:00,1,5.0,5.0,2025-07-27T14:55:38+00:00,2025-07-27T14:55:38+00:00,2.07,2.07,0.0
1022500161,bovada,2025,Connecticut Sun,Golden State Valkyries,2025-07-27T17:00:00+00:00,2,7.0,5.0,2025-07-26T21:55:37+00:00,2025-07-27T14:55:38+00:00,19.07,2.07,2.0
1022500161,draftkings,2025,Connecticut Sun,Golden State Valkyries,2025-07-27T17:00:00+00:00,2,6.5,5.0,2025-07-26T21:55:37+00:00,2025-07-27T14:55:38+00:00,19.07,2.07,1.5
1022500161,fanatics,2025,Connecticut Sun,Golden State Valkyries,2025-07-27T17:00:00+00:00,3,6.5,5.5,2025-07-26T14:55:38+00:00,2025-07-27T14:55:38+00:00,26.07,2.07,1.0
1022500161,fanduel,2025,Connecticut Sun,Golden State Valkyries,2025-07-27T17:00:00+00:00,3,6.5,5.5,2025-07-26T14:55:38+00:00,2025-07-27T14:55:38+00:00,26.07,2.07,1.0
1022500161,lowvig,2025,Connecticut Sun,Golden State Valkyries,2025-07-27T17:00:00+00:00,2,6.0,5.5,2025-07-26T21:55:37+00:00,2025-07-27T14:55:38+00:00,19.07,2.07,0.5
1022500161,mybookieag,2025,Connecticut Sun,Golden State Valkyries,2025-07-27T17:00:00+00:00,3,6.5,5.0,2025-07-26T14:55:38+00:00,2025-07-27T14:55:38+00:00,26.07,2.07,1.5
1022500161,williamhill_us,2025,Connecticut Sun,Golden State Valkyries,2025-07-27T17:00:00+00:00,2,6.5,5.0,2025-07-26T21:55:37+00:00,2025-07-27T14:55:38+00:00,19.07,2.07,1.5
1022500162,betmgm,2025,Dallas Wings,Las Vegas Aces,2025-07-27T20:02:35+00:00,2,5.5,8.5,2025-07-26T21:55:37+00:00,2025-07-27T14:55:38+00:00,22.12,5.12,3.0
1022500162,betonlineag,2025,Dallas Wings,Las Vegas Aces,2025-07-27T20:02:35+00:00,2,6.0,8.5,2025-07-26T21:55:37+00:00,2025-07-27T14:55:38+00:00,22.12,5.12,2.5
1022500162,betrivers,2025,Dallas Wings,Las Vegas Aces,2025-07-27T20:02:35+00:00,1,9.0,9.0,2025-07-27T14:55:38+00:00,2025-07-27T14:55:38+00:00,5.12,5.12,0.0
1022500162,betus,2025,Dallas Wings,Las Vegas Aces,2025-07-27T20:02:35+00:00,1,8.5,8.5,2025-07-27T14:55:38+00:00,2025-07-27T14:55:38+00:00,5.12,5.12,0.0
1022500162,bovada,2025,Dallas Wings,Las Vegas Aces,2025-07-27T20:02:35+00:00,2,6.0,8.5,2025-07-26T21:55:37+00:00,2025-07-27T14:55:38+00:00,22.12,5.12,2.5
1022500162,draftkings,2025,Dallas Wings,Las Vegas Aces,2025-07-27T20:02:35+00:00,2,6.0,9.0,2025-07-26T21:55:37+00:00,2025-07-27T14:55:38+00:00,22.12,5.12,3.0
1022500162,fanatics,2025,Dallas Wings,Las Vegas Aces,2025-07-27T20:02:35+00:00,3,4.5,8.5,2025-07-26T14:55:38+00:00,2025-07-27T14:55:38+00:00,29.12,5.12,4.0
1022500162,fanduel,2025,Dallas Wings,Las Vegas Aces,2025-07-27T20:02:35+00:00,3,5.0,9.0,2025-07-26T14:55:38+00:00,2025-07-27T14:55:38+00:00,29.12,5.12,4.0
1022500162,lowvig,2025,Dallas Wings,Las Vegas Aces,2025-07-27T20:02:35+00:00,2,6.0,8.5,2025-07-26T21:55:37+00:00,2025-07-27T14:55:38+00:00,22.12,5.12,2.5
1022500162,mybookieag,2025,Dallas Wings,Las Vegas Aces,2025-07-27T20:02:35+00:00,3,5.0,8.5,2025-07-26T14:55:38+00:00,2025-07-27T14:55:38+00:00,29.12,5.12,3.5
1022500162,williamhill_us,2025,Dallas Wings,Las Vegas Aces,2025-07-27T20:02:35+00:00,2,6.0,9.0,2025-07-26T21:55:37+00:00,2025-07-27T14:55:38+00:00,22.12,5.12,3.0
1022500163,betmgm,2025,Washington Mystics,Phoenix Mercury,2025-07-27T22:00:00+00:00,2,7.5,7.5,2025-07-27T14:55:38+00:00,2025-07-27T21:55:38+00:00,7.07,0.07,0.0
1022500163,betonlineag,2025,Washington Mystics,Phoenix Mercury,2025-07-27T22:00:00+00:00,2,7.5,7.5,2025-07-27T14:55:38+00:00,2025-07-27T21:55:38+00:00,7.07,0.07,0.0
1022500163,betrivers,2025,Washington Mystics,Phoenix Mercury,2025-07-27T22:00:00+00:00,2,7.5,7.5,2025-07-27T14:55:38+00:00,2025-07-27T21:55:38+00:00,7.07,0.07,0.0
1022500163,betus,2025,Washington Mystics,Phoenix Mercury,2025-07-27T22:00:00+00:00,2,7.5,8.0,2025-07-27T14:55:38+00:00,2025-07-27T21:55:38+00:00,7.07,0.07,0.5
1022500163,bovada,2025,Washington Mystics,Phoenix Mercury,2025-07-27T22:00:00+00:00,2,7.0,7.5,2025-07-27T14:55:38+00:00,2025-07-27T21:55:38+00:00,7.07,0.07,0.5
1022500163,draftkings,2025,Washington Mystics,Phoenix Mercury,2025-07-27T22:00:00+00:00,2,7.5,8.0,2025-07-27T14:55:38+00:00,2025-07-27T21:55:38+00:00,7.07,0.07,0.5
1022500163,fanatics,2025,Washington Mystics,Phoenix Mercury,2025-07-27T22:00:00+00:00,2,7.5,7.5,2025-07-27T14:55:38+00:00,2025-07-27T21:55:38+00:00,7.07,0.07,0.0
1022500163,fanduel,2025,Washington Mystics,Phoenix Mercury,2025-07-27T22:00:00+00:00,2,7.0,7.5,2025-07-27T14:55:38+00:00,2025-07-27T21:55:38+00:00,7.07,0.07,0.5
1022500163,lowvig,2025,Washington Mystics,Phoenix Mercury,2025-07-27T22:00:00+00:00,2,7.5,7.5,2025-07-27T14:55:38+00:00,2025-07-27T21:55:38+00:00,7.07,0.07,0.0
1022500163,mybookieag,2025,Washington Mystics,Phoenix Mercury,2025-07-27T22:00:00+00:00,2,7.5,8.0,2025-07-27T14:55:38+00:00,2025-07-27T21:55:38+00:00,7.07,0.07,0.5
1022500163,williamhill_us,2025,Washington Mystics,Phoenix Mercury,2025-07-27T22:00:00+00:00,2,7.5,7.5,2025-07-27T14:55:38+00:00,2025-07-27T21:55:38+00:00,7.07,0.07,0.0
1022500164,betmgm,2025,Minnesota Lynx,Atlanta Dream,2025-07-27T23:00:00+00:00,3,-8.5,-8.5,2025-07-26T21:55:37+00:00,2025-07-27T21:55:38+00:00,25.07,1.07,0.0
1022500164,betonlineag,2025,Minnesota Lynx,Atlanta Dream,2025-07-27T23:00:00+00:00,3,-8.0,-8.0,2025-07-26T21:55:37+00:00,2025-07-27T21:55:38+00:00,25.07,1.07,0.0
1022500164,betrivers,2025,Minnesota Lynx,Atlanta Dream,2025-07-27T23:00:00+00:00,2,-8.5,-8.0,2025-07-27T14:55:38+00:00,2025-07-27T21:55:38+00:00,8.07,1.07,0.5
1022500164,betus,2025,Minnesota Lynx,Atlanta Dream,2025-07-27T23:00:00+00:00,2,-8.5,-8.5,2025-07-27T14:55:38+00:00,2025-07-27T21:55:38+00:00,8.07,1.07,0.0
1022500164,bovada,2025,Minnesota Lynx,Atlanta Dream,2025-07-27T23:00:00+00:00,3,-8.0,-8.0,2025-07-26T21:55:37+00:00,2025-07-27T21:55:38+00:00,25.07,1.07,0.0
1022500164,draftkings,2025,Minnesota Lynx,Atlanta Dream,2025-07-27T23:00:00+00:00,3,-9.0,-8.5,2025-07-26T21:55:37+00:00,2025-07-27T21:55:38+00:00,25.07,1.07,0.5
1022500164,fanatics,2025,Minnesota Lynx,Atlanta Dream,2025-07-27T23:00:00+00:00,4,-6.5,-8.5,2025-07-26T14:55:38+00:00,2025-07-27T21:55:38+00:00,32.07,1.07,2.0
1022500164,fanduel,2025,Minnesota Lynx,Atlanta Dream,2025-07-27T23:00:00+00:00,4,-6.5,-8.0,2025-07-26T14:55:38+00:00,2025-07-27T21:55:38+00:00,32.07,1.07,1.5
1022500164,lowvig,2025,Minnesota Lynx,Atlanta Dream,2025-07-27T23:00:00+00:00,3,-8.0,-8.0,2025-07-26T21:55:37+00:00,2025-07-27T21:55:38+00:00,25.07,1.07,0.0
1022500164,williamhill_us,2025,Minnesota Lynx,Atlanta Dream,2025-07-27T23:00:00+00:00,3,-8.5,-8.0,2025-07-26T21:55:37+00:00,2025-07-27T21:55:38+00:00,25.07,1.07,0.5
1022500165,betmgm,2025,Connecticut Sun,Seattle Storm,2025-07-28T23:00:00+00:00,2,12.5,11.5,2025-07-28T14:55:38+00:00,2025-07-28T21:55:38+00:00,8.07,1.07,1.0
1022500165,betonlineag,2025,Connecticut Sun,Seattle Storm,2025-07-28T23:00:00+00:00,2,12.0,11.0,2025-07-28T14:55:38+00:00,2025-07-28T21:55:38+00:00,8.07,1.07,1.0
1022500165,betrivers,2025,Connecticut Sun,Seattle Storm,2025-07-28T23:00:00+00:00,2,12.0,11.0,2025-07-28T14:55:38+00:00,2025-07-28T21:55:38+00:00,8.07,1.07,1.0
1022500165,betus,2025,Connecticut Sun,Seattle Storm,2025-07-28T23:00:00+00:00,2,12.0,11.0,2025-07-28T14:55:38+00:00,2025-07-28T21:55:38+00:00,8.07,1.07,1.0
1022500165,bovada,2025,Connecticut Sun,Seattle Storm,2025-07-28T23:00:00+00:00,2,12.0,11.0,2025-07-28T14:55:38+00:00,2025-07-28T21:55:38+00:00,8.07,1.07,1.0
1022500165,draftkings,2025,Connecticut Sun,Seattle Storm,2025-07-28T23:00:00+00:00,3,8.5,11.0,2025-07-27T21:55:38+00:00,2025-07-28T21:55:38+00:00,25.07,1.07,2.5
1022500165,fanatics,2025,Connecticut Sun,Seattle Storm,2025-07-28T23:00:00+00:00,3,8.5,11.5,2025-07-27T21:55:38+00:00,2025-07-28T21:55:38+00:00,25.07,1.07,3.0
1022500165,fanduel,2025,Connecticut Sun,Seattle Storm,2025-07-28T23:00:00+00:00,3,9.0,11.0,2025-07-27T21:55:38+00:00,2025-07-28T21:55:38+00:00,25.07,1.07,2.0
1022500165,lowvig,2025,Connecticut Sun,Seattle Storm,2025-07-28T23:00:00+00:00,2,12.0,11.0,2025-07-28T14:55:38+00:00,2025-07-28T21:55:38+00:00,8.07,1.07,1.0
1022500165,mybookieag,2025,Connecticut Sun,Seattle Storm,2025-07-28T23:00:00+00:00,3,8.5,10.5,2025-07-27T21:55:38+00:00,2025-07-28T21:55:38+00:00,25.07,1.07,2.0
1022500165,williamhill_us,2025,Connecticut Sun,Seattle Storm,2025-07-28T23:00:00+00:00,2,12.0,11.0,2025-07-28T14:55:38+00:00,2025-07-28T21:55:38+00:00,8.07,1.07,1.0
1022500166,betmgm,2025,Dallas Wings,New York Liberty,2025-07-29T00:00:00+00:00,2,8.5,8.5,2025-07-28T14:55:38+00:00,2025-07-28T21:55:38+00:00,9.07,2.07,0.0
1022500166,betonlineag,2025,Dallas Wings,New York Liberty,2025-07-29T00:00:00+00:00,2,8.0,8.5,2025-07-28T14:55:38+00:00,2025-07-28T21:55:38+00:00,9.07,2.07,0.5
1022500166,betrivers,2025,Dallas Wings,New York Liberty,2025-07-29T00:00:00+00:00,2,8.0,8.5,2025-07-28T14:55:38+00:00,2025-07-28T21:55:38+00:00,9.07,2.07,0.5
1022500166,betus,2025,Dallas Wings,New York Liberty,2025-07-29T00:00:00+00:00,2,8.0,8.5,2025-07-28T14:55:38+00:00,2025-07-28T21:55:38+00:00,9.07,2.07,0.5
1022500166,bovada,2025,Dallas Wings,New York Liberty,2025-07-29T00:00:00+00:00,2,8.0,8.5,2025-07-28T14:55:38+00:00,2025-07-28T21:55:38+00:00,9.07,2.07,0.5
1022500166,draftkings,2025,Dallas Wings,New York Liberty,2025-07-29T00:00:00+00:00,2,8.0,8.0,2025-07-28T14:55:38+00:00,2025-07-28T21:55:38+00:00,9.07,2.07,0.0
1022500166,fanatics,2025,Dallas Wings,New York Liberty,2025-07-29T00:00:00+00:00,2,8.5,8.5,2025-07-28T14:55:38+00:00,2025-07-28T21:55:38+00:00,9.07,2.07,0.0
1022500166,fanduel,2025,Dallas Wings,New York Liberty,2025-07-29T00:00:00+00:00,2,8.0,8.5,2025-07-28T14:55:38+00:00,2025-07-28T21:55:38+00:00,9.07,2.07,0.5
1022500166,lowvig,2025,Dallas Wings,New York Liberty,2025-07-29T00:00:00+00:00,2,8.0,8.5,2025-07-28T14:55:38+00:00,2025-07-28T21:55:38+00:00,9.07,2.07,0.5
1022500166,mybookieag,2025,Dallas Wings,New York Liberty,2025-07-29T00:00:00+00:00,2,8.0,8.5,2025-07-28T14:55:38+00:00,2025-07-28T21:55:38+00:00,9.07,2.07,0.5
1022500166,williamhill_us,2025,Dallas Wings,New York Liberty,2025-07-29T00:00:00+00:00,2,8.0,8.0,2025-07-28T14:55:38+00:00,2025-07-28T21:55:38+00:00,9.07,2.07,0.0
1022500167,betmgm,2025,Atlanta Dream,Golden State Valkyries,2025-07-29T23:30:00+00:00,4,-8.5,-8.5,2025-07-28T14:55:38+00:00,2025-07-29T21:55:38+00:00,32.57,1.57,0.0
1022500167,betonlineag,2025,Atlanta Dream,Golden State Valkyries,2025-07-29T23:30:00+00:00,3,-8.0,-8.0,2025-07-28T21:55:38+00:00,2025-07-29T21:55:38+00:00,25.57,1.57,0.0
1022500167,betrivers,2025,Atlanta Dream,Golden State Valkyries,2025-07-29T23:30:00+00:00,4,-8.5,-8.5,2025-07-28T14:55:38+00:00,2025-07-29T21:55:38+00:00,32.57,1.57,0.0
1022500167,betus,2025,Atlanta Dream,Golden State Valkyries,2025-07-29T23:30:00+00:00,2,-8.0,-8.0,2025-07-29T14:55:38+00:00,2025-07-29T21:55:38+00:00,8.57,1.57,0.0
1022500167,bovada,2025,Atlanta Dream,Golden State Valkyries,2025-07-29T23:30:00+00:00,4,-8.5,-8.5,2025-07-28T14:55:38+00:00,2025-07-29T21:55:38+00:00,32.57,1.57,0.0
1022500167,draftkings,2025,Atlanta Dream,Golden State Valkyries,2025-07-29T23:30:00+00:00,4,-8.5,-8.5,2025-07-28T14:55:38+00:00,2025-07-29T21:55:38+00:00,32.57,1.57,0.0
1022500167,fanatics,2025,Atlanta Dream,Golden State Valkyries,2025-07-29T23:30:00+00:00,3,-8.5,-8.5,2025-07-28T21:55:38+00:00,2025-07-29T21:55:38+00:00,25.57,1.57,0.0
1022500167,fanduel,2025,Atlanta Dream,Golden State Valkyries,2025-07-29T23:30:00+00:00,4,-7.5,-8.5,2025-07-28T14:55:38+00:00,2025-07-29T21:55:38+00:00,32.57,1.57,1.0
1022500167,lowvig,2025,Atlanta Dream,Golden State Valkyries,2025-07-29T23:30:00+00:00,3,-8.0,-8.0,2025-07-28T21:55:38+00:00,2025-07-29T21:55:38+00:00,25.57,1.57,0.0
1022500167,mybookieag,2025,Atlanta Dream,Golden State Valkyries,2025-07-29T23:30:00+00:00,4,-8.5,-8.5,2025-07-28T14:55:38+00:00,2025-07-29T21:55:38+00:00,32.57,1.57,0.0
1022500167,williamhill_us,2025,Atlanta Dream,Golden State Valkyries,2025-07-29T23:30:00+00:00,4,-7.5,-8.0,2025-07-28T14:55:38+00:00,2025-07-29T21:55:38+00:00,32.57,1.57,0.5
1022500168,betmgm,2025,Washington Mystics,Chicago Sky,2025-07-29T23:30:00+00:00,4,-7.5,-7.5,2025-07-28T14:55:38+00:00,2025-07-29T21:55:38+00:00,32.57,1.57,0.0
1022500168,betonlineag,2025,Washington Mystics,Chicago Sky,2025-07-29T23:30:00+00:00,3,-6.5,-7.5,2025-07-28T21:55:38+00:00,2025-07-29T21:55:38+00:00,25.57,1.57,1.0
1022500168,betrivers,2025,Washington Mystics,Chicago Sky,2025-07-29T23:30:00+00:00,4,-7.0,-7.5,2025-07-28T14:55:38+00:00,2025-07-29T21:55:38+00:00,32.57,1.57,0.5
1022500168,betus,2025,Washington Mystics,Chicago Sky,2025-07-29T23:30:00+00:00,2,-7.5,-7.5,2025-07-29T14:55:38+00:00,2025-07-29T21:55:38+00:00,8.57,1.57,0.0
1022500168,bovada,2025,Washington Mystics,Chicago Sky,2025-07-29T23:30:00+00:00,3,-6.0,-7.5,2025-07-28T21:55:38+00:00,2025-07-29T21:55:38+00:00,25.57,1.57,1.5
1022500168,draftkings,2025,Washington Mystics,Chicago Sky,2025-07-29T23:30:00+00:00,4,-7.5,-7.5,2025-07-28T14:55:38+00:00,2025-07-29T21:55:38+00:00,32.57,1.57,0.0
1022500168,fanatics,2025,Washington Mystics,Chicago Sky,2025-07-29T23:30:00+00:00,3,-6.5,-7.5,2025-07-28T21:55:38+00:00,2025-07-29T21:55:38+00:00,25.57,1.57,1.0
1022500168,fanduel,2025,Washington Mystics,Chicago Sky,2025-07-29T23:30:00+00:00,4,-7.5,-7.5,2025-07-28T14:55:38+00:00,2025-07-29T21:55:38+00:00,32.57,1.57,0.0
1022500168,lowvig,2025,Washington Mystics,Chicago Sky,2025-07-29T23:30:00+00:00,3,-6.5,-7.5,2025-07-28T21:55:38+00:00,2025-07-29T21:55:38+00:00,25.57,1.57,1.0
1022500168,mybookieag,2025,Washington Mystics,Chicago Sky,2025-07-29T23:30:00+00:00,4,-7.5,-7.5,2025-07-28T14:55:38+00:00,2025-07-29T21:55:38+00:00,32.57,1.57,0.0
1022500168,williamhill_us,2025,Washington Mystics,Chicago Sky,2025-07-29T23:30:00+00:00,4,-7.5,-7.5,2025-07-28T14:55:38+00:00,2025-07-29T21:55:38+00:00,32.57,1.57,0.0
1022500169,betmgm,2025,Los Angeles Sparks,Las Vegas Aces,2025-07-30T02:00:00+00:00,3,2.5,2.5,2025-07-28T14:55:38+00:00,2025-07-29T14:55:38+00:00,35.07,11.07,0.0
1022500169,betonlineag,2025,Los Angeles Sparks,Las Vegas Aces,2025-07-30T02:00:00+00:00,3,3.0,1.0,2025-07-28T21:55:38+00:00,2025-07-29T21:55:38+00:00,28.07,4.07,2.0
1022500169,betrivers,2025,Los Angeles Sparks,Las Vegas Aces,2025-07-30T02:00:00+00:00,4,3.0,2.0,2025-07-28T14:55:38+00:00,2025-07-29T21:55:38+00:00,35.07,4.07,1.0
1022500169,betus,2025,Los Angeles Sparks,Las Vegas Aces,2025-07-30T02:00:00+00:00,2,2.0,1.5,2025-07-29T14:55:38+00:00,2025-07-29T21:55:38+00:00,11.07,4.07,0.5
1022500169,bovada,2025,Los Angeles Sparks,Las Vegas Aces,2025-07-30T02:00:00+00:00,4,2.0,1.5,2025-07-28T14:55:38+00:00,2025-07-29T21:55:38+00:00,35.07,4.07,0.5
1022500169,draftkings,2025,Los Angeles Sparks,Las Vegas Aces,2025-07-30T02:00:00+00:00,4,2.0,1.5,2025-07-28T14:55:38+00:00,2025-07-29T21:55:38+00:00,35.07,4.07,0.5
1022500169,fanatics,2025,Los Angeles Sparks,Las Vegas Aces,2025-07-30T02:00:00+00:00,3,2.5,1.5,2025-07-28T21:55:38+00:00,2025-07-29T21:55:38+00:00,28.07,4.07,1.0
1022500169,fanduel,2025,Los Angeles Sparks,Las Vegas Aces,2025-07-30T02:00:00+00:00,4,2.5,1.5,2025-07-28T14:55:38+00:00,2025-07-29T21:55:38+00:00,35.07,4.07,1.0
1022500169,lowvig,2025,Los Angeles Sparks,Las Vegas Aces,2025-07-30T02:00:00+00:00,3,3.0,1.0,2025-07-28T21:55:38+00:00,2025-07-29T21:55:38+00:00,28.07,4.07,2.0
1022500169,mybookieag,2025,Los Angeles Sparks,Las Vegas Aces,2025-07-30T02:00:00+00:00,4,2.0,1.5,2025-07-28T14:55:38+00:00,2025-07-29T21:55:38+00:00,35.07,4.07,0.5
1022500169,williamhill_us,2025,Los Angeles Sparks,Las Vegas Aces,2025-07-30T02:00:00+00:00,4,2.5,1.5,2025-07-28T14:55:38+00:00,2025-07-29T21:55:38+00:00,35.07,4.07,1.0
1022500170,betmgm,2025,Indiana Fever,Phoenix Mercury,2025-07-30T23:00:00+00:00,3,4.5,3.5,2025-07-29T21:55:38+00:00,2025-07-30T21:55:38+00:00,25.07,1.07,1.0
1022500170,betonlineag,2025,Indiana Fever,Phoenix Mercury,2025-07-30T23:00:00+00:00,3,4.0,3.5,2025-07-29T21:55:38+00:00,2025-07-30T21:55:38+00:00,25.07,1.07,0.5
1022500170,betrivers,2025,Indiana Fever,Phoenix Mercury,2025-07-30T23:00:00+00:00,4,3.0,3.5,2025-07-29T14:55:38+00:00,2025-07-30T21:55:38+00:00,32.07,1.07,0.5
1022500170,betus,2025,Indiana Fever,Phoenix Mercury,2025-07-30T23:00:00+00:00,2,3.0,3.5,2025-07-30T14:55:38+00:00,2025-07-30T21:55:38+00:00,8.07,1.07,0.5
1022500170,bovada,2025,Indiana Fever,Phoenix Mercury,2025-07-30T23:00:00+00:00,3,4.5,3.0,2025-07-29T21:55:38+00:00,2025-07-30T21:55:38+00:00,25.07,1.07,1.5
1022500170,draftkings,2025,Indiana Fever,Phoenix Mercury,2025-07-30T23:00:00+00:00,4,3.5,3.5,2025-07-29T14:55:38+00:00,2025-07-30T21:55:38+00:00,32.07,1.07,0.0
1022500170,fanatics,2025,Indiana Fever,Phoenix Mercury,2025-07-30T23:00:00+00:00,4,3.5,3.5,2025-07-29T14:55:38+00:00,2025-07-30T21:55:38+00:00,32.07,1.07,0.0
1022500170,fanduel,2025,Indiana Fever,Phoenix Mercury,2025-07-30T23:00:00+00:00,4,3.5,3.0,2025-07-29T14:55:38+00:00,2025-07-30T21:55:38+00:00,32.07,1.07,0.5
1022500170,lowvig,2025,Indiana Fever,Phoenix Mercury,2025-07-30T23:00:00+00:00,3,4.0,3.5,2025-07-29T21:55:38+00:00,2025-07-30T21:55:38+00:00,25.07,1.07,0.5
1022500170,mybookieag,2025,Indiana Fever,Phoenix Mercury,2025-07-30T23:00:00+00:00,2,3.0,3.5,2025-07-30T14:55:38+00:00,2025-07-30T21:55:38+00:00,8.07,1.07,0.5
1022500170,williamhill_us,2025,Indiana Fever,Phoenix Mercury,2025-07-30T23:00:00+00:00,3,4.0,3.5,2025-07-29T21:55:38+00:00,2025-07-30T21:55:38+00:00,25.07,1.07,0.5
1022500171,betmgm,2025,Dallas Wings,Atlanta Dream,2025-07-31T00:00:00+00:00,2,3.5,3.5,2025-07-30T14:55:38+00:00,2025-07-30T21:55:38+00:00,9.07,2.07,0.0
1022500171,betonlineag,2025,Dallas Wings,Atlanta Dream,2025-07-31T00:00:00+00:00,2,3.5,3.5,2025-07-30T14:55:38+00:00,2025-07-30T21:55:38+00:00,9.07,2.07,0.0
1022500171,betrivers,2025,Dallas Wings,Atlanta Dream,2025-07-31T00:00:00+00:00,2,3.5,3.5,2025-07-30T14:55:38+00:00,2025-07-30T21:55:38+00:00,9.07,2.07,0.0
1022500171,betus,2025,Dallas Wings,Atlanta Dream,2025-07-31T00:00:00+00:00,2,3.5,3.5,2025-07-30T14:55:38+00:00,2025-07-30T21:55:38+00:00,9.07,2.07,0.0
1022500171,bovada,2025,Dallas Wings,Atlanta Dream,2025-07-31T00:00:00+00:00,2,3.5,3.5,2025-07-30T14:55:38+00:00,2025-07-30T21:55:38+00:00,9.07,2.07,0.0
1022500171,draftkings,2025,Dallas Wings,Atlanta Dream,2025-07-31T00:00:00+00:00,2,3.5,4.0,2025-07-30T14:55:38+00:00,2025-07-30T21:55:38+00:00,9.07,2.07,0.5
1022500171,fanatics,2025,Dallas Wings,Atlanta Dream,2025-07-31T00:00:00+00:00,2,3.5,3.5,2025-07-30T14:55:38+00:00,2025-07-30T21:55:38+00:00,9.07,2.07,0.0
1022500171,fanduel,2025,Dallas Wings,Atlanta Dream,2025-07-31T00:00:00+00:00,2,3.5,4.0,2025-07-30T14:55:38+00:00,2025-07-30T21:55:38+00:00,9.07,2.07,0.5
1022500171,lowvig,2025,Dallas Wings,Atlanta Dream,2025-07-31T00:00:00+00:00,2,3.5,3.5,2025-07-30T14:55:38+00:00,2025-07-30T21:55:38+00:00,9.07,2.07,0.0
1022500171,mybookieag,2025,Dallas Wings,Atlanta Dream,2025-07-31T00:00:00+00:00,2,3.0,3.5,2025-07-30T14:55:38+00:00,2025-07-30T21:55:38+00:00,9.07,2.07,0.5
1022500171,williamhill_us,2025,Dallas Wings,Atlanta Dream,2025-07-31T00:00:00+00:00,2,3.0,3.5,2025-07-30T14:55:38+00:00,2025-07-30T21:55:38+00:00,9.07,2.07,0.5
1022500172,betmgm,2025,Minnesota Lynx,New York Liberty,2025-07-31T00:00:00+00:00,3,-7.5,-7.5,2025-07-29T21:55:38+00:00,2025-07-30T21:55:38+00:00,26.07,2.07,0.0
1022500172,betonlineag,2025,Minnesota Lynx,New York Liberty,2025-07-31T00:00:00+00:00,3,-7.5,-7.0,2025-07-29T21:55:38+00:00,2025-07-30T21:55:38+00:00,26.07,2.07,0.5
1022500172,betrivers,2025,Minnesota Lynx,New York Liberty,2025-07-31T00:00:00+00:00,4,-8.0,-7.0,2025-07-29T14:55:38+00:00,2025-07-30T21:55:38+00:00,33.07,2.07,1.0
1022500172,betus,2025,Minnesota Lynx,New York Liberty,2025-07-31T00:00:00+00:00,2,-7.5,-7.0,2025-07-30T14:55:38+00:00,2025-07-30T21:55:38+00:00,9.07,2.07,0.5
1022500172,bovada,2025,Minnesota Lynx,New York Liberty,2025-07-31T00:00:00+00:00,3,-7.5,-7.0,2025-07-29T21:55:38+00:00,2025-07-30T21:55:38+00:00,26.07,2.07,0.5
1022500172,draftkings,2025,Minnesota Lynx,New York Liberty,2025-07-31T00:00:00+00:00,4,-8.5,-7.5,2025-07-29T14:55:38+00:00,2025-07-30T21:55:38+00:00,33.07,2.07,1.0
1022500172,fanatics,2025,Minnesota Lynx,New York Liberty,2025-07-31T00:00:00+00:00,4,-8.5,-7.5,2025-07-29T14:55:38+00:00,2025-07-30T21:55:38+00:00,33.07,2.07,1.0
1022500172,fanduel,2025,Minnesota Lynx,New York Liberty,2025-07-31T00:00:00+00:00,4,-8.5,-7.0,2025-07-29T14:55:38+00:00,2025-07-30T21:55:38+00:00,33.07,2.07,1.5
1022500172,lowvig,2025,Minnesota Lynx,New York Liberty,2025-07-31T00:00:00+00:00,3,-7.5,-7.0,2025-07-29T21:55:38+00:00,2025-07-30T21:55:38+00:00,26.07,2.07,0.5
1022500172,mybookieag,2025,Minnesota Lynx,New York Liberty,2025-07-31T00:00:00+00:00,3,-7.5,-7.5,2025-07-29T21:55:38+00:00,2025-07-30T21:55:38+00:00,26.07,2.07,0.0
1022500172,williamhill_us,2025,Minnesota Lynx,New York Liberty,2025-07-31T00:00:00+00:00,3,-7.5,-7.5,2025-07-29T21:55:38+00:00,2025-07-30T21:55:38+00:00,26.07,2.07,0.0
1022500173,betmgm,2025,Washington Mystics,Golden State Valkyries,2025-07-31T23:30:00+00:00,3,-1.5,-4.5,2025-07-30T21:55:38+00:00,2025-07-31T21:55:38+00:00,25.57,1.57,3.0
1022500173,betonlineag,2025,Washington Mystics,Golden State Valkyries,2025-07-31T23:30:00+00:00,2,-4.0,-4.0,2025-07-31T14:55:39+00:00,2025-07-31T21:55:38+00:00,8.57,1.57,0.0
1022500173,betrivers,2025,Washington Mystics,Golden State Valkyries,2025-07-31T23:30:00+00:00,4,-2.5,-4.5,2025-07-30T14:55:38+00:00,2025-07-31T21:55:38+00:00,32.57,1.57,2.0
1022500173,betus,2025,Washington Mystics,Golden State Valkyries,2025-07-31T23:30:00+00:00,2,-4.5,-4.5,2025-07-31T14:55:39+00:00,2025-07-31T21:55:38+00:00,8.57,1.57,0.0
1022500173,bovada,2025,Washington Mystics,Golden State Valkyries,2025-07-31T23:30:00+00:00,2,-4.5,-4.5,2025-07-31T14:55:39+00:00,2025-07-31T21:55:38+00:00,8.57,1.57,0.0
1022500173,draftkings,2025,Washington Mystics,Golden State Valkyries,2025-07-31T23:30:00+00:00,4,-2.5,-4.5,2025-07-30T14:55:38+00:00,2025-07-31T21:55:38+00:00,32.57,1.57,2.0
1022500173,fanatics,2025,Washington Mystics,Golden State Valkyries,2025-07-31T23:30:00+00:00,4,-2.5,-4.5,2025-07-30T14:55:38+00:00,2025-07-31T21:55:38+00:00,32.57,1.57,2.0
1022500173,fanduel,2025,Washington Mystics,Golden State Valkyries,2025-07-31T23:30:00+00:00,4,-2.5,-4.5,2025-07-30T14:55:38+00:00,2025-07-31T21:55:38+00:00,32.57,1.57,2.0
1022500173,lowvig,2025,Washington Mystics,Golden State Valkyries,2025-07-31T23:30:00+00:00,2,-4.0,-4.0,2025-07-31T14:55:39+00:00,2025-07-31T21:55:38+00:00,8.57,1.57,0.0
1022500173,mybookieag,2025,Washington Mystics,Golden State Valkyries,2025-07-31T23:30:00+00:00,4,-2.5,-4.5,2025-07-30T14:55:38+00:00,2025-07-31T21:55:38+00:00,32.57,1.57,2.0
1022500173,williamhill_us,2025,Washington Mystics,Golden State Valkyries,2025-07-31T23:30:00+00:00,2,-4.5,-4.0,2025-07-31T14:55:39+00:00,2025-07-31T21:55:38+00:00,8.57,1.57,0.5
1022500174,betmgm,2025,Atlanta Dream,Phoenix Mercury,2025-08-01T23:30:00+00:00,4,1.5,4.5,2025-07-31T14:55:39+00:00,2025-08-01T21:55:38+00:00,32.57,1.57,3.0
1022500174,betonlineag,2025,Atlanta Dream,Phoenix Mercury,2025-08-01T23:30:00+00:00,4,1.5,4.5,2025-07-31T14:55:39+00:00,2025-08-01T21:55:38+00:00,32.57,1.57,3.0
1022500174,betrivers,2025,Atlanta Dream,Phoenix Mercury,2025-08-01T23:30:00+00:00,4,2.0,5.0,2025-07-31T14:55:39+00:00,2025-08-01T21:55:38+00:00,32.57,1.57,3.0
1022500174,betus,2025,Atlanta Dream,Phoenix Mercury,2025-08-01T23:30:00+00:00,2,4.0,4.5,2025-08-01T14:55:38+00:00,2025-08-01T21:55:38+00:00,8.57,1.57,0.5
1022500174,bovada,2025,Atlanta Dream,Phoenix Mercury,2025-08-01T23:30:00+00:00,3,3.5,4.5,2025-07-31T21:55:38+00:00,2025-08-01T21:55:38+00:00,25.57,1.57,1.0
1022500174,draftkings,2025,Atlanta Dream,Phoenix Mercury,2025-08-01T23:30:00+00:00,4,1.5,4.5,2025-07-31T14:55:39+00:00,2025-08-01T21:55:38+00:00,32.57,1.57,3.0
1022500174,fanatics,2025,Atlanta Dream,Phoenix Mercury,2025-08-01T23:30:00+00:00,4,1.5,4.5,2025-07-31T14:55:39+00:00,2025-08-01T21:55:38+00:00,32.57,1.57,3.0
1022500174,fanduel,2025,Atlanta Dream,Phoenix Mercury,2025-08-01T23:30:00+00:00,4,2.0,4.5,2025-07-31T14:55:39+00:00,2025-08-01T21:55:38+00:00,32.57,1.57,2.5
1022500174,lowvig,2025,Atlanta Dream,Phoenix Mercury,2025-08-01T23:30:00+00:00,4,1.5,4.5,2025-07-31T14:55:39+00:00,2025-08-01T21:55:38+00:00,32.57,1.57,3.0
1022500174,mybookieag,2025,Atlanta Dream,Phoenix Mercury,2025-08-01T23:30:00+00:00,4,1.5,4.5,2025-07-31T14:55:39+00:00,2025-08-01T21:55:38+00:00,32.57,1.57,3.0
1022500174,williamhill_us,2025,Atlanta Dream,Phoenix Mercury,2025-08-01T23:30:00+00:00,4,1.5,4.5,2025-07-31T14:55:39+00:00,2025-08-01T21:55:38+00:00,32.57,1.57,3.0
1022500175,betmgm,2025,Connecticut Sun,New York Liberty,2025-08-01T23:30:00+00:00,4,11.5,11.5,2025-07-31T14:55:39+00:00,2025-08-01T21:55:38+00:00,32.57,1.57,0.0
1022500175,betonlineag,2025,Connecticut Sun,New York Liberty,2025-08-01T23:30:00+00:00,4,11.0,11.5,2025-07-31T14:55:39+00:00,2025-08-01T21:55:38+00:00,32.57,1.57,0.5
1022500175,betrivers,2025,Connecticut Sun,New York Liberty,2025-08-01T23:30:00+00:00,4,12.0,12.0,2025-07-31T14:55:39+00:00,2025-08-01T21:55:38+00:00,32.57,1.57,0.0
1022500175,betus,2025,Connecticut Sun,New York Liberty,2025-08-01T23:30:00+00:00,2,11.5,11.5,2025-08-01T14:55:38+00:00,2025-08-01T21:55:38+00:00,8.57,1.57,0.0
1022500175,bovada,2025,Connecticut Sun,New York Liberty,2025-08-01T23:30:00+00:00,3,10.5,11.5,2025-07-31T21:55:38+00:00,2025-08-01T21:55:38+00:00,25.57,1.57,1.0
1022500175,draftkings,2025,Connecticut Sun,New York Liberty,2025-08-01T23:30:00+00:00,4,11.5,11.5,2025-07-31T14:55:39+00:00,2025-08-01T21:55:38+00:00,32.57,1.57,0.0
1022500175,fanatics,2025,Connecticut Sun,New York Liberty,2025-08-01T23:30:00+00:00,4,11.5,11.5,2025-07-31T14:55:39+00:00,2025-08-01T21:55:38+00:00,32.57,1.57,0.0
1022500175,fanduel,2025,Connecticut Sun,New York Liberty,2025-08-01T23:30:00+00:00,4,11.5,12.0,2025-07-31T14:55:39+00:00,2025-08-01T21:55:38+00:00,32.57,1.57,0.5
1022500175,lowvig,2025,Connecticut Sun,New York Liberty,2025-08-01T23:30:00+00:00,4,11.0,11.5,2025-07-31T14:55:39+00:00,2025-08-01T21:55:38+00:00,32.57,1.57,0.5
1022500175,mybookieag,2025,Connecticut Sun,New York Liberty,2025-08-01T23:30:00+00:00,4,11.0,11.5,2025-07-31T14:55:39+00:00,2025-08-01T21:55:38+00:00,32.57,1.57,0.5
1022500175,williamhill_us,2025,Connecticut Sun,New York Liberty,2025-08-01T23:30:00+00:00,4,10.0,11.5,2025-07-31T14:55:39+00:00,2025-08-01T21:55:38+00:00,32.57,1.57,1.5
1022500176,betmgm,2025,Chicago Sky,Golden State Valkyries,2025-08-01T23:30:00+00:00,2,5.5,5.5,2025-08-01T14:55:38+00:00,2025-08-01T21:55:38+00:00,8.57,1.57,0.0
1022500176,betonlineag,2025,Chicago Sky,Golden State Valkyries,2025-08-01T23:30:00+00:00,2,5.5,5.0,2025-08-01T14:55:38+00:00,2025-08-01T21:55:38+00:00,8.57,1.57,0.5
1022500176,betrivers,2025,Chicago Sky,Golden State Valkyries,2025-08-01T23:30:00+00:00,2,5.5,5.0,2025-08-01T14:55:38+00:00,2025-08-01T21:55:38+00:00,8.57,1.57,0.5
1022500176,betus,2025,Chicago Sky,Golden State Valkyries,2025-08-01T23:30:00+00:00,2,5.5,5.5,2025-08-01T14:55:38+00:00,2025-08-01T21:55:38+00:00,8.57,1.57,0.0
1022500176,bovada,2025,Chicago Sky,Golden State Valkyries,2025-08-01T23:30:00+00:00,2,5.5,5.5,2025-08-01T14:55:38+00:00,2025-08-01T21:55:38+00:00,8.57,1.57,0.0
1022500176,draftkings,2025,Chicago Sky,Golden State Valkyries,2025-08-01T23:30:00+00:00,2,5.5,5.0,2025-08-01T14:55:38+00:00,2025-08-01T21:55:38+00:00,8.57,1.57,0.5
1022500176,fanatics,2025,Chicago Sky,Golden State Valkyries,2025-08-01T23:30:00+00:00,2,5.5,5.5,2025-08-01T14:55:38+00:00,2025-08-01T21:55:38+00:00,8.57,1.57,0.0
1022500176,fanduel,2025,Chicago Sky,Golden State Valkyries,2025-08-01T23:30:00+00:00,2,6.0,5.5,2025-08-01T14:55:38+00:00,2025-08-01T21:55:38+00:00,8.57,1.57,0.5
1022500176,lowvig,2025,Chicago Sky,Golden State Valkyries,2025-08-01T23:30:00+00:00,2,5.5,5.0,2025-08-01T14:55:38+00:00,2025-08-01T21:55:38+00:00,8.57,1.57,0.5
1022500176,mybookieag,2025,Chicago Sky,Golden State Valkyries,2025-08-01T23:30:00+00:00,2,5.5,5.0,2025-08-01T14:55:38+00:00,2025-08-01T21:55:38+00:00,8.57,1.57,0.5
1022500176,williamhill_us,2025,Chicago Sky,Golden State Valkyries,2025-08-01T23:30:00+00:00,2,5.5,5.0,2025-08-01T14:55:38+00:00,2025-08-01T21:55:38+00:00,8.57,1.57,0.5
1022500177,betmgm,2025,Dallas Wings,Indiana Fever,2025-08-01T23:30:00+00:00,4,4.5,4.5,2025-07-31T14:55:39+00:00,2025-08-01T21:55:38+00:00,32.57,1.57,0.0
1022500177,betonlineag,2025,Dallas Wings,Indiana Fever,2025-08-01T23:30:00+00:00,4,5.0,4.0,2025-07-31T14:55:39+00:00,2025-08-01T21:55:38+00:00,32.57,1.57,1.0
1022500177,betrivers,2025,Dallas Wings,Indiana Fever,2025-08-01T23:30:00+00:00,4,4.0,4.5,2025-07-31T14:55:39+00:00,2025-08-01T21:55:38+00:00,32.57,1.57,0.5
1022500177,betus,2025,Dallas Wings,Indiana Fever,2025-08-01T23:30:00+00:00,2,4.5,4.0,2025-08-01T14:55:38+00:00,2025-08-01T21:55:38+00:00,8.57,1.57,0.5
1022500177,bovada,2025,Dallas Wings,Indiana Fever,2025-08-01T23:30:00+00:00,3,3.0,4.5,2025-07-31T21:55:38+00:00,2025-08-01T21:55:38+00:00,25.57,1.57,1.5
1022500177,draftkings,2025,Dallas Wings,Indiana Fever,2025-08-01T23:30:00+00:00,4,4.5,4.5,2025-07-31T14:55:39+00:00,2025-08-01T21:55:38+00:00,32.57,1.57,0.0
1022500177,fanatics,2025,Dallas Wings,Indiana Fever,2025-08-01T23:30:00+00:00,4,4.5,4.5,2025-07-31T14:55:39+00:00,2025-08-01T21:55:38+00:00,32.57,1.57,0.0
1022500177,fanduel,2025,Dallas Wings,Indiana Fever,2025-08-01T23:30:00+00:00,4,4.0,4.0,2025-07-31T14:55:39+00:00,2025-08-01T21:55:38+00:00,32.57,1.57,0.0
1022500177,lowvig,2025,Dallas Wings,Indiana Fever,2025-08-01T23:30:00+00:00,4,5.0,4.0,2025-07-31T14:55:39+00:00,2025-08-01T21:55:38+00:00,32.57,1.57,1.0
1022500177,mybookieag,2025,Dallas Wings,Indiana Fever,2025-08-01T23:30:00+00:00,4,4.5,4.0,2025-07-31T14:55:39+00:00,2025-08-01T21:55:38+00:00,32.57,1.57,0.5
1022500177,williamhill_us,2025,Dallas Wings,Indiana Fever,2025-08-01T23:30:00+00:00,4,4.5,4.5,2025-07-31T14:55:39+00:00,2025-08-01T21:55:38+00:00,32.57,1.57,0.0
1022500178,betmgm,2025,Seattle Storm,Los Angeles Sparks,2025-08-02T02:00:00+00:00,4,-5.5,-5.5,2025-07-31T14:55:39+00:00,2025-08-01T21:55:38+00:00,35.07,4.07,0.0
1022500178,betonlineag,2025,Seattle Storm,Los Angeles Sparks,2025-08-02T02:00:00+00:00,4,-4.5,-5.0,2025-07-31T14:55:39+00:00,2025-08-01T21:55:38+00:00,35.07,4.07,0.5
1022500178,betrivers,2025,Seattle Storm,Los Angeles Sparks,2025-08-02T02:00:00+00:00,4,-5.5,-5.5,2025-07-31T14:55:39+00:00,2025-08-01T21:55:38+00:00,35.07,4.07,0.0
1022500178,betus,2025,Seattle Storm,Los Angeles Sparks,2025-08-02T02:00:00+00:00,2,-5.0,-5.0,2025-08-01T14:55:38+00:00,2025-08-01T21:55:38+00:00,11.07,4.07,0.0
1022500178,bovada,2025,Seattle Storm,Los Angeles Sparks,2025-08-02T02:00:00+00:00,3,-5.5,-5.5,2025-07-31T21:55:38+00:00,2025-08-01T21:55:38+00:00,28.07,4.07,0.0
1022500178,draftkings,2025,Seattle Storm,Los Angeles Sparks,2025-08-02T02:00:00+00:00,4,-5.5,-5.0,2025-07-31T14:55:39+00:00,2025-08-01T21:55:38+00:00,35.07,4.07,0.5
1022500178,fanatics,2025,Seattle Storm,Los Angeles Sparks,2025-08-02T02:00:00+00:00,4,-5.5,-5.5,2025-07-31T14:55:39+00:00,2025-08-01T21:55:38+00:00,35.07,4.07,0.0
1022500178,fanduel,2025,Seattle Storm,Los Angeles Sparks,2025-08-02T02:00:00+00:00,4,-5.5,-5.0,2025-07-31T14:55:39+00:00,2025-08-01T21:55:38+00:00,35.07,4.07,0.5
1022500178,lowvig,2025,Seattle Storm,Los Angeles Sparks,2025-08-02T02:00:00+00:00,4,-4.5,-5.0,2025-07-31T14:55:39+00:00,2025-08-01T21:55:38+00:00,35.07,4.07,0.5
1022500178,mybookieag,2025,Seattle Storm,Los Angeles Sparks,2025-08-02T02:00:00+00:00,4,-5.5,-5.5,2025-07-31T14:55:39+00:00,2025-08-01T21:55:38+00:00,35.07,4.07,0.0
1022500178,williamhill_us,2025,Seattle Storm,Los Angeles Sparks,2025-08-02T02:00:00+00:00,4,-5.5,-5.5,2025-07-31T14:55:39+00:00,2025-08-01T21:55:38+00:00,35.07,4.07,0.0
1022500179,betmgm,2025,Las Vegas Aces,Minnesota Lynx,2025-08-02T19:00:00+00:00,2,5.5,4.5,2025-08-01T21:55:38+00:00,2025-08-02T14:55:38+00:00,21.07,4.07,1.0
1022500179,betonlineag,2025,Las Vegas Aces,Minnesota Lynx,2025-08-02T19:00:00+00:00,3,6.0,4.5,2025-08-01T14:55:38+00:00,2025-08-02T14:55:38+00:00,28.07,4.07,1.5
1022500179,betrivers,2025,Las Vegas Aces,Minnesota Lynx,2025-08-02T19:00:00+00:00,3,6.0,4.5,2025-08-01T14:55:38+00:00,2025-08-02T14:55:38+00:00,28.07,4.07,1.5
1022500179,betus,2025,Las Vegas Aces,Minnesota Lynx,2025-08-02T19:00:00+00:00,1,4.5,4.5,2025-08-02T14:55:38+00:00,2025-08-02T14:55:38+00:00,4.07,4.07,0.0
1022500179,bovada,2025,Las Vegas Aces,Minnesota Lynx,2025-08-02T19:00:00+00:00,2,6.0,4.5,2025-08-01T21:55:38+00:00,2025-08-02T14:55:38+00:00,21.07,4.07,1.5
1022500179,draftkings,2025,Las Vegas Aces,Minnesota Lynx,2025-08-02T19:00:00+00:00,4,5.5,4.5,2025-07-31T21:55:38+00:00,2025-08-02T14:55:38+00:00,45.07,4.07,1.0
1022500179,fanatics,2025,Las Vegas Aces,Minnesota Lynx,2025-08-02T19:00:00+00:00,5,5.5,4.5,2025-07-31T14:55:39+00:00,2025-08-02T14:55:38+00:00,52.07,4.07,1.0
1022500179,fanduel,2025,Las Vegas Aces,Minnesota Lynx,2025-08-02T19:00:00+00:00,5,5.5,4.5,2025-07-31T14:55:39+00:00,2025-08-02T14:55:38+00:00,52.07,4.07,1.0
1022500179,lowvig,2025,Las Vegas Aces,Minnesota Lynx,2025-08-02T19:00:00+00:00,3,6.0,4.5,2025-08-01T14:55:38+00:00,2025-08-02T14:55:38+00:00,28.07,4.07,1.5
1022500179,mybookieag,2025,Las Vegas Aces,Minnesota Lynx,2025-08-02T19:00:00+00:00,5,5.5,4.5,2025-07-31T14:55:39+00:00,2025-08-02T14:55:38+00:00,52.07,4.07,1.0
1022500179,williamhill_us,2025,Las Vegas Aces,Minnesota Lynx,2025-08-02T19:00:00+00:00,4,5.5,4.5,2025-07-31T21:55:38+00:00,2025-08-02T14:55:38+00:00,45.07,4.07,1.0
1022500180,betmgm,2025,Atlanta Dream,Washington Mystics,2025-08-03T19:00:00+00:00,2,-5.5,-5.5,2025-08-02T21:55:38+00:00,2025-08-03T14:55:38+00:00,21.07,4.07,0.0
1022500180,betonlineag,2025,Atlanta Dream,Washington Mystics,2025-08-03T19:00:00+00:00,2,-6.0,-5.0,2025-08-02T21:55:38+00:00,2025-08-03T14:55:38+00:00,21.07,4.07,1.0
1022500180,betrivers,2025,Atlanta Dream,Washington Mystics,2025-08-03T19:00:00+00:00,3,-6.5,-5.5,2025-08-02T14:55:38+00:00,2025-08-03T14:55:38+00:00,28.07,4.07,1.0
1022500180,betus,2025,Atlanta Dream,Washington Mystics,2025-08-03T19:00:00+00:00,2,-6.0,-5.0,2025-08-02T21:55:38+00:00,2025-08-03T14:55:38+00:00,21.07,4.07,1.0
1022500180,bovada,2025,Atlanta Dream,Washington Mystics,2025-08-03T19:00:00+00:00,2,-6.0,-5.0,2025-08-02T21:55:38+00:00,2025-08-03T14:55:38+00:00,21.07,4.07,1.0
1022500180,draftkings,2025,Atlanta Dream,Washington Mystics,2025-08-03T19:00:00+00:00,3,-6.5,-5.5,2025-08-02T14:55:38+00:00,2025-08-03T14:55:38+00:00,28.07,4.07,1.0
1022500180,fanatics,2025,Atlanta Dream,Washington Mystics,2025-08-03T19:00:00+00:00,3,-6.5,-5.5,2025-08-02T14:55:38+00:00,2025-08-03T14:55:38+00:00,28.07,4.07,1.0
1022500180,fanduel,2025,Atlanta Dream,Washington Mystics,2025-08-03T19:00:00+00:00,3,-7.0,-5.5,2025-08-02T14:55:38+00:00,2025-08-03T14:55:38+00:00,28.07,4.07,1.5
1022500180,lowvig,2025,Atlanta Dream,Washington Mystics,2025-08-03T19:00:00+00:00,2,-6.0,-5.0,2025-08-02T21:55:38+00:00,2025-08-03T14:55:38+00:00,21.07,4.07,1.0
1022500180,mybookieag,2025,Atlanta Dream,Washington Mystics,2025-08-03T19:00:00+00:00,3,-7.0,-5.0,2025-08-02T14:55:38+00:00,2025-08-03T14:55:38+00:00,28.07,4.07,2.0
1022500180,williamhill_us,2025,Atlanta Dream,Washington Mystics,2025-08-03T19:00:00+00:00,3,-7.0,-5.5,2025-08-02T14:55:38+00:00,2025-08-03T14:55:38+00:00,28.07,4.07,1.5
1022500181,betmgm,2025,Connecticut Sun,New York Liberty,2025-08-03T17:00:00+00:00,2,12.5,11.5,2025-08-02T21:55:38+00:00,2025-08-03T14:55:38+00:00,19.07,2.07,1.0
1022500181,betonlineag,2025,Connecticut Sun,New York Liberty,2025-08-03T17:00:00+00:00,2,13.0,12.0,2025-08-02T21:55:38+00:00,2025-08-03T14:55:38+00:00,19.07,2.07,1.0
1022500181,betrivers,2025,Connecticut Sun,New York Liberty,2025-08-03T17:00:00+00:00,3,10.5,12.0,2025-08-02T14:55:38+00:00,2025-08-03T14:55:38+00:00,26.07,2.07,1.5
1022500181,betus,2025,Connecticut Sun,New York Liberty,2025-08-03T17:00:00+00:00,2,13.0,12.0,2025-08-02T21:55:38+00:00,2025-08-03T14:55:38+00:00,19.07,2.07,1.0
1022500181,bovada,2025,Connecticut Sun,New York Liberty,2025-08-03T17:00:00+00:00,2,12.5,11.0,2025-08-02T21:55:38+00:00,2025-08-03T14:55:38+00:00,19.07,2.07,1.5
1022500181,draftkings,2025,Connecticut Sun,New York Liberty,2025-08-03T17:00:00+00:00,3,10.5,11.5,2025-08-02T14:55:38+00:00,2025-08-03T14:55:38+00:00,26.07,2.07,1.0
1022500181,fanatics,2025,Connecticut Sun,New York Liberty,2025-08-03T17:00:00+00:00,3,10.5,11.5,2025-08-02T14:55:38+00:00,2025-08-03T14:55:38+00:00,26.07,2.07,1.0
1022500181,fanduel,2025,Connecticut Sun,New York Liberty,2025-08-03T17:00:00+00:00,3,11.5,12.0,2025-08-02T14:55:38+00:00,2025-08-03T14:55:38+00:00,26.07,2.07,0.5
1022500181,lowvig,2025,Connecticut Sun,New York Liberty,2025-08-03T17:00:00+00:00,2,13.0,12.0,2025-08-02T21:55:38+00:00,2025-08-03T14:55:38+00:00,19.07,2.07,1.0
1022500181,mybookieag,2025,Connecticut Sun,New York Liberty,2025-08-03T17:00:00+00:00,3,11.0,12.0,2025-08-02T14:55:38+00:00,2025-08-03T14:55:38+00:00,26.07,2.07,1.0
1022500181,williamhill_us,2025,Connecticut Sun,New York Liberty,2025-08-03T17:00:00+00:00,3,11.5,12.0,2025-08-02T14:55:38+00:00,2025-08-03T14:55:38+00:00,26.07,2.07,0.5
1022500182,betmgm,2025,Chicago Sky,Phoenix Mercury,2025-08-03T22:00:00+00:00,3,10.5,12.5,2025-08-02T21:55:38+00:00,2025-08-03T21:55:38+00:00,24.07,0.07,2.0
1022500182,betonlineag,2025,Chicago Sky,Phoenix Mercury,2025-08-03T22:00:00+00:00,3,11.0,12.5,2025-08-02T21:55:38+00:00,2025-08-03T21:55:38+00:00,24.07,0.07,1.5
1022500182,betrivers,2025,Chicago Sky,Phoenix Mercury,2025-08-03T22:00:00+00:00,4,10.0,12.5,2025-08-02T14:55:38+00:00,2025-08-03T21:55:38+00:00,31.07,0.07,2.5
1022500182,betus,2025,Chicago Sky,Phoenix Mercury,2025-08-03T22:00:00+00:00,3,11.0,12.5,2025-08-02T21:55:38+00:00,2025-08-03T21:55:38+00:00,24.07,0.07,1.5
1022500182,bovada,2025,Chicago Sky,Phoenix Mercury,2025-08-03T22:00:00+00:00,3,11.0,13.0,2025-08-02T21:55:38+00:00,2025-08-03T21:55:38+00:00,24.07,0.07,2.0
1022500182,draftkings,2025,Chicago Sky,Phoenix Mercury,2025-08-03T22:00:00+00:00,4,10.0,12.5,2025-08-02T14:55:38+00:00,2025-08-03T21:55:38+00:00,31.07,0.07,2.5
1022500182,fanatics,2025,Chicago Sky,Phoenix Mercury,2025-08-03T22:00:00+00:00,4,10.5,12.5,2025-08-02T14:55:38+00:00,2025-08-03T21:55:38+00:00,31.07,0.07,2.0
1022500182,fanduel,2025,Chicago Sky,Phoenix Mercury,2025-08-03T22:00:00+00:00,4,10.5,12.5,2025-08-02T14:55:38+00:00,2025-08-03T21:55:38+00:00,31.07,0.07,2.0
1022500182,lowvig,2025,Chicago Sky,Phoenix Mercury,2025-08-03T22:00:00+00:00,3,11.0,12.5,2025-08-02T21:55:38+00:00,2025-08-03T21:55:38+00:00,24.07,0.07,1.5
1022500182,mybookieag,2025,Chicago Sky,Phoenix Mercury,2025-08-03T22:00:00+00:00,4,10.0,12.5,2025-08-02T14:55:38+00:00,2025-08-03T21:55:38+00:00,31.07,0.07,2.5
1022500182,williamhill_us,2025,Chicago Sky,Phoenix Mercury,2025-08-03T22:00:00+00:00,4,10.5,12.5,2025-08-02T14:55:38+00:00,2025-08-03T21:55:38+00:00,31.07,0.07,2.0
1022500183,betmgm,2025,Las Vegas Aces,Golden State Valkyries,2025-08-03T22:00:00+00:00,3,-4.5,-9.5,2025-08-02T21:55:38+00:00,2025-08-03T21:55:38+00:00,24.07,0.07,5.0
1022500183,betonlineag,2025,Las Vegas Aces,Golden State Valkyries,2025-08-03T22:00:00+00:00,3,-4.5,-9.5,2025-08-02T21:55:38+00:00,2025-08-03T21:55:38+00:00,24.07,0.07,5.0
1022500183,betrivers,2025,Las Vegas Aces,Golden State Valkyries,2025-08-03T22:00:00+00:00,4,-5.0,-9.0,2025-08-02T14:55:38+00:00,2025-08-03T21:55:38+00:00,31.07,0.07,4.0
1022500183,betus,2025,Las Vegas Aces,Golden State Valkyries,2025-08-03T22:00:00+00:00,2,-8.5,-9.5,2025-08-03T14:55:38+00:00,2025-08-03T21:55:38+00:00,7.07,0.07,1.0
1022500183,bovada,2025,Las Vegas Aces,Golden State Valkyries,2025-08-03T22:00:00+00:00,3,-4.5,-9.5,2025-08-02T21:55:38+00:00,2025-08-03T21:55:38+00:00,24.07,0.07,5.0
1022500183,draftkings,2025,Las Vegas Aces,Golden State Valkyries,2025-08-03T22:00:00+00:00,4,-5.0,-9.5,2025-08-02T14:55:38+00:00,2025-08-03T21:55:38+00:00,31.07,0.07,4.5
1022500183,fanatics,2025,Las Vegas Aces,Golden State Valkyries,2025-08-03T22:00:00+00:00,4,-4.5,-9.5,2025-08-02T14:55:38+00:00,2025-08-03T21:55:38+00:00,31.07,0.07,5.0
1022500183,fanduel,2025,Las Vegas Aces,Golden State Valkyries,2025-08-03T22:00:00+00:00,4,-5.0,-9.5,2025-08-02T14:55:38+00:00,2025-08-03T21:55:38+00:00,31.07,0.07,4.5
1022500183,lowvig,2025,Las Vegas Aces,Golden State Valkyries,2025-08-03T22:00:00+00:00,3,-4.5,-9.5,2025-08-02T21:55:38+00:00,2025-08-03T21:55:38+00:00,24.07,0.07,5.0
1022500183,mybookieag,2025,Las Vegas Aces,Golden State Valkyries,2025-08-03T22:00:00+00:00,3,-5.0,-9.5,2025-08-02T14:55:38+00:00,2025-08-03T21:55:38+00:00,31.07,0.07,4.5
1022500183,williamhill_us,2025,Las Vegas Aces,Golden State Valkyries,2025-08-03T22:00:00+00:00,3,-4.0,-9.5,2025-08-02T21:55:38+00:00,2025-08-03T21:55:38+00:00,24.07,0.07,5.5
1022500184,betmgm,2025,Seattle Storm,Indiana Fever,2025-08-03T19:00:00+00:00,2,-2.5,-2.5,2025-08-02T21:55:38+00:00,2025-08-03T14:55:38+00:00,21.07,4.07,0.0
1022500184,betonlineag,2025,Seattle Storm,Indiana Fever,2025-08-03T19:00:00+00:00,2,-2.5,-2.5,2025-08-02T21:55:38+00:00,2025-08-03T14:55:38+00:00,21.07,4.07,0.0
1022500184,betrivers,2025,Seattle Storm,Indiana Fever,2025-08-03T19:00:00+00:00,3,-2.5,-2.5,2025-08-02T14:55:38+00:00,2025-08-03T14:55:38+00:00,28.07,4.07,0.0
1022500184,betus,2025,Seattle Storm,Indiana Fever,2025-08-03T19:00:00+00:00,2,-2.5,-2.5,2025-08-02T21:55:38+00:00,2025-08-03T14:55:38+00:00,21.07,4.07,0.0
1022500184,bovada,2025,Seattle Storm,Indiana Fever,2025-08-03T19:00:00+00:00,2,-2.5,-2.5,2025-08-02T21:55:38+00:00,2025-08-03T14:55:38+00:00,21.07,4.07,0.0
1022500184,draftkings,2025,Seattle Storm,Indiana Fever,2025-08-03T19:00:00+00:00,3,-2.5,-2.5,2025-08-02T14:55:38+00:00,2025-08-03T14:55:38+00:00,28.07,4.07,0.0
1022500184,fanatics,2025,Seattle Storm,Indiana Fever,2025-08-03T19:00:00+00:00,3,-2.5,-2.5,2025-08-02T14:55:38+00:00,2025-08-03T14:55:38+00:00,28.07,4.07,0.0
1022500184,fanduel,2025,Seattle Storm,Indiana Fever,2025-08-03T19:00:00+00:00,3,-2.5,-2.0,2025-08-02T14:55:38+00:00,2025-08-03T14:55:38+00:00,28.07,4.07,0.5
1022500184,lowvig,2025,Seattle Storm,Indiana Fever,2025-08-03T19:00:00+00:00,2,-2.5,-2.5,2025-08-02T21:55:38+00:00,2025-08-03T14:55:38+00:00,21.07,4.07,0.0
1022500184,mybookieag,2025,Seattle Storm,Indiana Fever,2025-08-03T19:00:00+00:00,3,-2.5,-2.5,2025-08-02T14:55:38+00:00,2025-08-03T14:55:38+00:00,28.07,4.07,0.0
1022500184,williamhill_us,2025,Seattle Storm,Indiana Fever,2025-08-03T19:00:00+00:00,3,-2.5,-2.5,2025-08-02T14:55:38+00:00,2025-08-03T14:55:38+00:00,28.07,4.07,0.0
1022500185,betmgm,2025,New York Liberty,Dallas Wings,2025-08-05T23:00:00+00:00,2,-10.5,-11.5,2025-08-05T14:55:39+00:00,2025-08-05T21:55:38+00:00,8.07,1.07,1.0
1022500185,betonlineag,2025,New York Liberty,Dallas Wings,2025-08-05T23:00:00+00:00,2,-11.0,-11.0,2025-08-05T14:55:39+00:00,2025-08-05T21:55:38+00:00,8.07,1.07,0.0
1022500185,betrivers,2025,New York Liberty,Dallas Wings,2025-08-05T23:00:00+00:00,2,-10.5,-10.5,2025-08-05T14:55:39+00:00,2025-08-05T21:55:38+00:00,8.07,1.07,0.0
1022500185,betus,2025,New York Liberty,Dallas Wings,2025-08-05T23:00:00+00:00,2,-11.0,-11.0,2025-08-05T14:55:39+00:00,2025-08-05T21:55:38+00:00,8.07,1.07,0.0
1022500185,bovada,2025,New York Liberty,Dallas Wings,2025-08-05T23:00:00+00:00,2,-11.0,-11.0,2025-08-05T14:55:39+00:00,2025-08-05T21:55:38+00:00,8.07,1.07,0.0
1022500185,draftkings,2025,New York Liberty,Dallas Wings,2025-08-05T23:00:00+00:00,2,-11.0,-11.0,2025-08-05T14:55:39+00:00,2025-08-05T21:55:38+00:00,8.07,1.07,0.0
1022500185,fanatics,2025,New York Liberty,Dallas Wings,2025-08-05T23:00:00+00:00,2,-11.5,-10.5,2025-08-05T14:55:39+00:00,2025-08-05T21:55:38+00:00,8.07,1.07,1.0
1022500185,fanduel,2025,New York Liberty,Dallas Wings,2025-08-05T23:00:00+00:00,2,-10.5,-11.0,2025-08-05T14:55:39+00:00,2025-08-05T21:55:38+00:00,8.07,1.07,0.5
1022500185,lowvig,2025,New York Liberty,Dallas Wings,2025-08-05T23:00:00+00:00,2,-11.0,-11.0,2025-08-05T14:55:39+00:00,2025-08-05T21:55:38+00:00,8.07,1.07,0.0
1022500185,mybookieag,2025,New York Liberty,Dallas Wings,2025-08-05T23:00:00+00:00,2,-11.0,-11.0,2025-08-05T14:55:39+00:00,2025-08-05T21:55:38+00:00,8.07,1.07,0.0
1022500185,williamhill_us,2025,New York Liberty,Dallas Wings,2025-08-05T23:00:00+00:00,2,-11.0,-11.0,2025-08-05T14:55:39+00:00,2025-08-05T21:55:38+00:00,8.07,1.07,0.0
1022500186,betmgm,2025,Chicago Sky,Washington Mystics,2025-08-06T00:00:00+00:00,2,7.5,5.5,2025-08-05T14:55:39+00:00,2025-08-05T21:55:38+00:00,9.07,2.07,2.0
1022500186,betonlineag,2025,Chicago Sky,Washington Mystics,2025-08-06T00:00:00+00:00,2,7.5,5.5,2025-08-05T14:55:39+00:00,2025-08-05T21:55:38+00:00,9.07,2.07,2.0
1022500186,betrivers,2025,Chicago Sky,Washington Mystics,2025-08-06T00:00:00+00:00,2,8.5,6.0,2025-08-05T14:55:39+00:00,2025-08-05T21:55:38+00:00,9.07,2.07,2.5
1022500186,betus,2025,Chicago Sky,Washington Mystics,2025-08-06T00:00:00+00:00,2,8.0,5.5,2025-08-05T14:55:39+00:00,2025-08-05T21:55:38+00:00,9.07,2.07,2.5
1022500186,bovada,2025,Chicago Sky,Washington Mystics,2025-08-06T00:00:00+00:00,2,8.0,5.5,2025-08-05T14:55:39+00:00,2025-08-05T21:55:38+00:00,9.07,2.07,2.5
1022500186,draftkings,2025,Chicago Sky,Washington Mystics,2025-08-06T00:00:00+00:00,2,8.0,5.5,2025-08-05T14:55:39+00:00,2025-08-05T21:55:38+00:00,9.07,2.07,2.5
1022500186,fanatics,2025,Chicago Sky,Washington Mystics,2025-08-06T00:00:00+00:00,2,8.5,5.5,2025-08-05T14:55:39+00:00,2025-08-05T21:55:38+00:00,9.07,2.07,3.0
1022500186,fanduel,2025,Chicago Sky,Washington Mystics,2025-08-06T00:00:00+00:00,2,8.5,5.5,2025-08-05T14:55:39+00:00,2025-08-05T21:55:38+00:00,9.07,2.07,3.0
1022500186,lowvig,2025,Chicago Sky,Washington Mystics,2025-08-06T00:00:00+00:00,2,7.5,5.5,2025-08-05T14:55:39+00:00,2025-08-05T21:55:38+00:00,9.07,2.07,2.0
1022500186,mybookieag,2025,Chicago Sky,Washington Mystics,2025-08-06T00:00:00+00:00,2,8.0,5.5,2025-08-05T14:55:39+00:00,2025-08-05T21:55:38+00:00,9.07,2.07,2.5
1022500186,williamhill_us,2025,Chicago Sky,Washington Mystics,2025-08-06T00:00:00+00:00,2,8.0,5.5,2025-08-05T14:55:39+00:00,2025-08-05T21:55:38+00:00,9.07,2.07,2.5
1022500187,betmgm,2025,Los Angeles Sparks,Indiana Fever,2025-08-06T02:00:00+00:00,2,2.5,2.5,2025-08-05T14:55:39+00:00,2025-08-05T21:55:38+00:00,11.07,4.07,0.0
1022500187,betonlineag,2025,Los Angeles Sparks,Indiana Fever,2025-08-06T02:00:00+00:00,2,2.0,2.0,2025-08-05T14:55:39+00:00,2025-08-05T21:55:38+00:00,11.07,4.07,0.0
1022500187,betrivers,2025,Los Angeles Sparks,Indiana Fever,2025-08-06T02:00:00+00:00,2,1.5,2.5,2025-08-05T14:55:39+00:00,2025-08-05T21:55:38+00:00,11.07,4.07,1.0
1022500187,betus,2025,Los Angeles Sparks,Indiana Fever,2025-08-06T02:00:00+00:00,2,2.0,2.0,2025-08-05T14:55:39+00:00,2025-08-05T21:55:38+00:00,11.07,4.07,0.0
1022500187,bovada,2025,Los Angeles Sparks,Indiana Fever,2025-08-06T02:00:00+00:00,2,2.0,2.5,2025-08-05T14:55:39+00:00,2025-08-05T21:55:38+00:00,11.07,4.07,0.5
1022500187,draftkings,2025,Los Angeles Sparks,Indiana Fever,2025-08-06T02:00:00+00:00,2,2.0,2.0,2025-08-05T14:55:39+00:00,2025-08-05T21:55:38+00:00,11.07,4.07,0.0
1022500187,fanatics,2025,Los Angeles Sparks,Indiana Fever,2025-08-06T02:00:00+00:00,2,2.5,2.5,2025-08-05T14:55:39+00:00,2025-08-05T21:55:38+00:00,11.07,4.07,0.0
1022500187,fanduel,2025,Los Angeles Sparks,Indiana Fever,2025-08-06T02:00:00+00:00,2,2.5,2.5,2025-08-05T14:55:39+00:00,2025-08-05T21:55:38+00:00,11.07,4.07,0.0
1022500187,lowvig,2025,Los Angeles Sparks,Indiana Fever,2025-08-06T02:00:00+00:00,2,2.0,2.0,2025-08-05T14:55:39+00:00,2025-08-05T21:55:38+00:00,11.07,4.07,0.0
1022500187,mybookieag,2025,Los Angeles Sparks,Indiana Fever,2025-08-06T02:00:00+00:00,2,2.0,2.0,2025-08-05T14:55:39+00:00,2025-08-05T21:55:38+00:00,11.07,4.07,0.0
1022500187,williamhill_us,2025,Los Angeles Sparks,Indiana Fever,2025-08-06T02:00:00+00:00,2,2.0,2.0,2025-08-05T14:55:39+00:00,2025-08-05T21:55:38+00:00,11.07,4.07,0.0
1022500188,betmgm,2025,Phoenix Mercury,Connecticut Sun,2025-08-06T02:00:00+00:00,2,-15.5,-14.5,2025-08-05T14:55:39+00:00,2025-08-05T21:55:38+00:00,11.07,4.07,1.0
1022500188,betonlineag,2025,Phoenix Mercury,Connecticut Sun,2025-08-06T02:00:00+00:00,2,-15.0,-15.0,2025-08-05T14:55:39+00:00,2025-08-05T21:55:38+00:00,11.07,4.07,0.0
1022500188,betrivers,2025,Phoenix Mercury,Connecticut Sun,2025-08-06T02:00:00+00:00,2,-15.0,-14.5,2025-08-05T14:55:39+00:00,2025-08-05T21:55:38+00:00,11.07,4.07,0.5
1022500188,betus,2025,Phoenix Mercury,Connecticut Sun,2025-08-06T02:00:00+00:00,2,-15.0,-15.0,2025-08-05T14:55:39+00:00,2025-08-05T21:55:38+00:00,11.07,4.07,0.0
1022500188,bovada,2025,Phoenix Mercury,Connecticut Sun,2025-08-06T02:00:00+00:00,2,-15.0,-15.0,2025-08-05T14:55:39+00:00,2025-08-05T21:55:38+00:00,11.07,4.07,0.0
1022500188,draftkings,2025,Phoenix Mercury,Connecticut Sun,2025-08-06T02:00:00+00:00,2,-15.0,-15.0,2025-08-05T14:55:39+00:00,2025-08-05T21:55:38+00:00,11.07,4.07,0.0
1022500188,fanatics,2025,Phoenix Mercury,Connecticut Sun,2025-08-06T02:00:00+00:00,2,-14.5,-14.5,2025-08-05T14:55:39+00:00,2025-08-05T21:55:38+00:00,11.07,4.07,0.0
1022500188,fanduel,2025,Phoenix Mercury,Connecticut Sun,2025-08-06T02:00:00+00:00,2,-15.0,-15.0,2025-08-05T14:55:39+00:00,2025-08-05T21:55:38+00:00,11.07,4.07,0.0
1022500188,lowvig,2025,Phoenix Mercury,Connecticut Sun,2025-08-06T02:00:00+00:00,2,-15.0,-15.0,2025-08-05T14:55:39+00:00,2025-08-05T21:55:38+00:00,11.07,4.07,0.0
1022500188,mybookieag,2025,Phoenix Mercury,Connecticut Sun,2025-08-06T02:00:00+00:00,2,-15.0,-15.0,2025-08-05T14:55:39+00:00,2025-08-05T21:55:38+00:00,11.07,4.07,0.0
1022500188,williamhill_us,2025,Phoenix Mercury,Connecticut Sun,2025-08-06T02:00:00+00:00,2,-15.0,-15.0,2025-08-05T14:55:39+00:00,2025-08-05T21:55:38+00:00,11.07,4.07,0.0
1022500189,betmgm,2025,Seattle Storm,Minnesota Lynx,2025-08-06T02:00:00+00:00,2,-2.5,-2.5,2025-08-05T14:55:39+00:00,2025-08-05T21:55:38+00:00,11.07,4.07,0.0
1022500189,betonlineag,2025,Seattle Storm,Minnesota Lynx,2025-08-06T02:00:00+00:00,2,-2.5,-2.5,2025-08-05T14:55:39+00:00,2025-08-05T21:55:38+00:00,11.07,4.07,0.0
1022500189,betrivers,2025,Seattle Storm,Minnesota Lynx,2025-08-06T02:00:00+00:00,2,-2.0,-2.0,2025-08-05T14:55:39+00:00,2025-08-05T21:55:38+00:00,11.07,4.07,0.0
1022500189,betus,2025,Seattle Storm,Minnesota Lynx,2025-08-06T02:00:00+00:00,2,-2.0,-2.0,2025-08-05T14:55:39+00:00,2025-08-05T21:55:38+00:00,11.07,4.07,0.0
1022500189,bovada,2025,Seattle Storm,Minnesota Lynx,2025-08-06T02:00:00+00:00,2,-1.5,-2.0,2025-08-05T14:55:39+00:00,2025-08-05T21:55:38+00:00,11.07,4.07,0.5
1022500189,draftkings,2025,Seattle Storm,Minnesota Lynx,2025-08-06T02:00:00+00:00,2,-2.0,-2.0,2025-08-05T14:55:39+00:00,2025-08-05T21:55:38+00:00,11.07,4.07,0.0
1022500189,fanatics,2025,Seattle Storm,Minnesota Lynx,2025-08-06T02:00:00+00:00,2,-1.5,-1.5,2025-08-05T14:55:39+00:00,2025-08-05T21:55:38+00:00,11.07,4.07,0.0
1022500189,fanduel,2025,Seattle Storm,Minnesota Lynx,2025-08-06T02:00:00+00:00,2,-2.0,-2.5,2025-08-05T14:55:39+00:00,2025-08-05T21:55:38+00:00,11.07,4.07,0.5
1022500189,lowvig,2025,Seattle Storm,Minnesota Lynx,2025-08-06T02:00:00+00:00,2,-2.5,-2.5,2025-08-05T14:55:39+00:00,2025-08-05T21:55:38+00:00,11.07,4.07,0.0
1022500189,mybookieag,2025,Seattle Storm,Minnesota Lynx,2025-08-06T02:00:00+00:00,2,-2.0,-2.0,2025-08-05T14:55:39+00:00,2025-08-05T21:55:38+00:00,11.07,4.07,0.0
1022500189,williamhill_us,2025,Seattle Storm,Minnesota Lynx,2025-08-06T02:00:00+00:00,2,-2.0,-2.0,2025-08-05T14:55:39+00:00,2025-08-05T21:55:38+00:00,11.07,4.07,0.0
1022500190,betmgm,2025,Golden State Valkyries,Las Vegas Aces,2025-08-07T02:00:00+00:00,4,6.5,5.5,2025-08-05T14:55:39+00:00,2025-08-06T21:55:38+00:00,35.07,4.07,1.0
1022500190,betonlineag,2025,Golden State Valkyries,Las Vegas Aces,2025-08-07T02:00:00+00:00,2,5.5,5.5,2025-08-06T14:55:38+00:00,2025-08-06T21:55:38+00:00,11.07,4.07,0.0
1022500190,betrivers,2025,Golden State Valkyries,Las Vegas Aces,2025-08-07T02:00:00+00:00,4,6.5,5.5,2025-08-05T14:55:39+00:00,2025-08-06T21:55:38+00:00,35.07,4.07,1.0
1022500190,betus,2025,Golden State Valkyries,Las Vegas Aces,2025-08-07T02:00:00+00:00,2,5.5,5.5,2025-08-06T14:55:38+00:00,2025-08-06T21:55:38+00:00,11.07,4.07,0.0
1022500190,bovada,2025,Golden State Valkyries,Las Vegas Aces,2025-08-07T02:00:00+00:00,2,5.5,5.5,2025-08-06T14:55:38+00:00,2025-08-06T21:55:38+00:00,11.07,4.07,0.0
1022500190,draftkings,2025,Golden State Valkyries,Las Vegas Aces,2025-08-07T02:00:00+00:00,4,6.5,5.5,2025-08-05T14:55:39+00:00,2025-08-06T21:55:38+00:00,35.07,4.07,1.0
1022500190,fanatics,2025,Golden State Valkyries,Las Vegas Aces,2025-08-07T02:00:00+00:00,4,6.5,5.5,2025-08-05T14:55:39+00:00,2025-08-06T21:55:38+00:00,35.07,4.07,1.0
1022500190,fanduel,2025,Golden State Valkyries,Las Vegas Aces,2025-08-07T02:00:00+00:00,4,6.5,5.5,2025-08-05T14:55:39+00:00,2025-08-06T21:55:38+00:00,35.07,4.07,1.0
1022500190,lowvig,2025,Golden State Valkyries,Las Vegas Aces,2025-08-07T02:00:00+00:00,2,5.5,5.5,2025-08-06T14:55:38+00:00,2025-08-06T21:55:38+00:00,11.07,4.07,0.0
1022500190,mybookieag,2025,Golden State Valkyries,Las Vegas Aces,2025-08-07T02:00:00+00:00,4,6.5,5.5,2025-08-05T14:55:39+00:00,2025-08-06T21:55:38+00:00,35.07,4.07,1.0
1022500190,williamhill_us,2025,Golden State Valkyries,Las Vegas Aces,2025-08-07T02:00:00+00:00,3,6.5,5.5,2025-08-05T21:55:38+00:00,2025-08-06T21:55:38+00:00,28.07,4.07,1.0
1022500191,betmgm,2025,Chicago Sky,Atlanta Dream,2025-08-08T00:00:00+00:00,4,10.5,10.5,2025-08-06T14:55:38+00:00,2025-08-07T21:55:39+00:00,33.07,2.07,0.0
1022500191,betonlineag,2025,Chicago Sky,Atlanta Dream,2025-08-08T00:00:00+00:00,3,10.5,11.0,2025-08-06T21:55:38+00:00,2025-08-07T21:55:39+00:00,26.07,2.07,0.5
1022500191,betrivers,2025,Chicago Sky,Atlanta Dream,2025-08-08T00:00:00+00:00,4,10.0,10.5,2025-08-06T14:55:38+00:00,2025-08-07T21:55:39+00:00,33.07,2.07,0.5
1022500191,betus,2025,Chicago Sky,Atlanta Dream,2025-08-08T00:00:00+00:00,3,10.5,11.0,2025-08-06T21:55:38+00:00,2025-08-07T21:55:39+00:00,26.07,2.07,0.5
1022500191,bovada,2025,Chicago Sky,Atlanta Dream,2025-08-08T00:00:00+00:00,3,10.5,11.5,2025-08-06T21:55:38+00:00,2025-08-07T21:55:39+00:00,26.07,2.07,1.0
1022500191,draftkings,2025,Chicago Sky,Atlanta Dream,2025-08-08T00:00:00+00:00,4,9.5,11.0,2025-08-06T14:55:38+00:00,2025-08-07T21:55:39+00:00,33.07,2.07,1.5
1022500191,fanatics,2025,Chicago Sky,Atlanta Dream,2025-08-08T00:00:00+00:00,4,9.5,11.5,2025-08-06T14:55:38+00:00,2025-08-07T21:55:39+00:00,33.07,2.07,2.0
1022500191,fanduel,2025,Chicago Sky,Atlanta Dream,2025-08-08T00:00:00+00:00,4,10.5,11.0,2025-08-06T14:55:38+00:00,2025-08-07T21:55:39+00:00,33.07,2.07,0.5
1022500191,lowvig,2025,Chicago Sky,Atlanta Dream,2025-08-08T00:00:00+00:00,3,10.5,11.0,2025-08-06T21:55:38+00:00,2025-08-07T21:55:39+00:00,26.07,2.07,0.5
1022500191,mybookieag,2025,Chicago Sky,Atlanta Dream,2025-08-08T00:00:00+00:00,4,9.5,11.0,2025-08-06T14:55:38+00:00,2025-08-07T21:55:39+00:00,33.07,2.07,1.5
1022500191,williamhill_us,2025,Chicago Sky,Atlanta Dream,2025-08-08T00:00:00+00:00,4,9.5,11.0,2025-08-06T14:55:38+00:00,2025-08-07T21:55:39+00:00,33.07,2.07,1.5
1022500192,betonlineag,2025,Los Angeles Sparks,Connecticut Sun,2025-08-08T02:00:00+00:00,3,-11.0,-9.5,2025-08-06T21:55:38+00:00,2025-08-07T21:55:39+00:00,28.07,4.07,1.5
1022500192,betrivers,2025,Los Angeles Sparks,Connecticut Sun,2025-08-08T02:00:00+00:00,4,-11.0,-9.5,2025-08-06T14:55:38+00:00,2025-08-07T21:55:39+00:00,35.07,4.07,1.5
1022500192,betus,2025,Los Angeles Sparks,Connecticut Sun,2025-08-08T02:00:00+00:00,3,-11.5,-9.5,2025-08-06T21:55:38+00:00,2025-08-07T21:55:39+00:00,28.07,4.07,2.0
1022500192,bovada,2025,Los Angeles Sparks,Connecticut Sun,2025-08-08T02:00:00+00:00,3,-11.5,-10.0,2025-08-06T21:55:38+00:00,2025-08-07T21:55:39+00:00,28.07,4.07,1.5
1022500192,draftkings,2025,Los Angeles Sparks,Connecticut Sun,2025-08-08T02:00:00+00:00,4,-11.5,-9.5,2025-08-06T14:55:38+00:00,2025-08-07T21:55:39+00:00,35.07,4.07,2.0
1022500192,fanatics,2025,Los Angeles Sparks,Connecticut Sun,2025-08-08T02:00:00+00:00,4,-11.5,-9.5,2025-08-06T14:55:38+00:00,2025-08-07T21:55:39+00:00,35.07,4.07,2.0
1022500192,fanduel,2025,Los Angeles Sparks,Connecticut Sun,2025-08-08T02:00:00+00:00,4,-11.5,-9.5,2025-08-06T14:55:38+00:00,2025-08-07T21:55:39+00:00,35.07,4.07,2.0
1022500192,lowvig,2025,Los Angeles Sparks,Connecticut Sun,2025-08-08T02:00:00+00:00,3,-11.0,-9.5,2025-08-06T21:55:38+00:00,2025-08-07T21:55:39+00:00,28.07,4.07,1.5
1022500192,mybookieag,2025,Los Angeles Sparks,Connecticut Sun,2025-08-08T02:00:00+00:00,4,-11.5,-9.5,2025-08-06T14:55:38+00:00,2025-08-07T21:55:39+00:00,35.07,4.07,2.0
1022500192,williamhill_us,2025,Los Angeles Sparks,Connecticut Sun,2025-08-08T02:00:00+00:00,4,-11.5,-9.5,2025-08-06T14:55:38+00:00,2025-08-07T21:55:39+00:00,35.07,4.07,2.0
1022500193,betmgm,2025,Phoenix Mercury,Indiana Fever,2025-08-08T02:00:00+00:00,3,-5.5,-4.5,2025-08-06T21:55:38+00:00,2025-08-07T21:55:39+00:00,28.07,4.07,1.0
1022500193,betonlineag,2025,Phoenix Mercury,Indiana Fever,2025-08-08T02:00:00+00:00,3,-5.0,-4.5,2025-08-06T21:55:38+00:00,2025-08-07T21:55:39+00:00,28.07,4.07,0.5
1022500193,betrivers,2025,Phoenix Mercury,Indiana Fever,2025-08-08T02:00:00+00:00,4,-6.0,-4.5,2025-08-06T14:55:38+00:00,2025-08-07T21:55:39+00:00,35.07,4.07,1.5
1022500193,betus,2025,Phoenix Mercury,Indiana Fever,2025-08-08T02:00:00+00:00,3,-5.5,-4.0,2025-08-06T21:55:38+00:00,2025-08-07T21:55:39+00:00,28.07,4.07,1.5
1022500193,bovada,2025,Phoenix Mercury,Indiana Fever,2025-08-08T02:00:00+00:00,3,-5.5,-4.0,2025-08-06T21:55:38+00:00,2025-08-07T21:55:39+00:00,28.07,4.07,1.5
1022500193,draftkings,2025,Phoenix Mercury,Indiana Fever,2025-08-08T02:00:00+00:00,4,-6.0,-4.0,2025-08-06T14:55:38+00:00,2025-08-07T21:55:39+00:00,35.07,4.07,2.0
1022500193,fanatics,2025,Phoenix Mercury,Indiana Fever,2025-08-08T02:00:00+00:00,4,-6.5,-4.5,2025-08-06T14:55:38+00:00,2025-08-07T21:55:39+00:00,35.07,4.07,2.0
1022500193,fanduel,2025,Phoenix Mercury,Indiana Fever,2025-08-08T02:00:00+00:00,4,-6.0,-4.5,2025-08-06T14:55:38+00:00,2025-08-07T21:55:39+00:00,35.07,4.07,1.5
1022500193,lowvig,2025,Phoenix Mercury,Indiana Fever,2025-08-08T02:00:00+00:00,3,-5.0,-4.5,2025-08-06T21:55:38+00:00,2025-08-07T21:55:39+00:00,28.07,4.07,0.5
1022500193,mybookieag,2025,Phoenix Mercury,Indiana Fever,2025-08-08T02:00:00+00:00,4,-6.0,-4.0,2025-08-06T14:55:38+00:00,2025-08-07T21:55:39+00:00,35.07,4.07,2.0
1022500193,williamhill_us,2025,Phoenix Mercury,Indiana Fever,2025-08-08T02:00:00+00:00,4,-6.0,-4.0,2025-08-06T14:55:38+00:00,2025-08-07T21:55:39+00:00,35.07,4.07,2.0
1022500194,betmgm,2025,Dallas Wings,New York Liberty,2025-08-08T23:30:00+00:00,3,8.5,7.5,2025-08-07T21:55:39+00:00,2025-08-08T21:55:39+00:00,25.57,1.57,1.0
1022500194,betonlineag,2025,Dallas Wings,New York Liberty,2025-08-08T23:30:00+00:00,3,8.5,8.0,2025-08-07T21:55:39+00:00,2025-08-08T21:55:39+00:00,25.57,1.57,0.5
1022500194,betrivers,2025,Dallas Wings,New York Liberty,2025-08-08T23:30:00+00:00,2,8.0,8.0,2025-08-08T14:55:39+00:00,2025-08-08T21:55:39+00:00,8.57,1.57,0.0
1022500194,betus,2025,Dallas Wings,New York Liberty,2025-08-08T23:30:00+00:00,2,8.0,7.5,2025-08-08T14:55:39+00:00,2025-08-08T21:55:39+00:00,8.57,1.57,0.5
1022500194,bovada,2025,Dallas Wings,New York Liberty,2025-08-08T23:30:00+00:00,3,8.5,7.5,2025-08-07T21:55:39+00:00,2025-08-08T21:55:39+00:00,25.57,1.57,1.0
1022500194,draftkings,2025,Dallas Wings,New York Liberty,2025-08-08T23:30:00+00:00,4,7.0,7.5,2025-08-07T14:55:38+00:00,2025-08-08T21:55:39+00:00,32.57,1.57,0.5
1022500194,fanatics,2025,Dallas Wings,New York Liberty,2025-08-08T23:30:00+00:00,4,7.5,7.5,2025-08-07T14:55:38+00:00,2025-08-08T21:55:39+00:00,32.57,1.57,0.0
1022500194,fanduel,2025,Dallas Wings,New York Liberty,2025-08-08T23:30:00+00:00,4,7.5,7.5,2025-08-07T14:55:38+00:00,2025-08-08T21:55:39+00:00,32.57,1.57,0.0
1022500194,lowvig,2025,Dallas Wings,New York Liberty,2025-08-08T23:30:00+00:00,3,8.5,8.0,2025-08-07T21:55:39+00:00,2025-08-08T21:55:39+00:00,25.57,1.57,0.5
1022500194,mybookieag,2025,Dallas Wings,New York Liberty,2025-08-08T23:30:00+00:00,4,7.0,7.5,2025-08-07T14:55:38+00:00,2025-08-08T21:55:39+00:00,32.57,1.57,0.5
1022500194,williamhill_us,2025,Dallas Wings,New York Liberty,2025-08-08T23:30:00+00:00,4,7.0,7.5,2025-08-07T14:55:38+00:00,2025-08-08T21:55:39+00:00,32.57,1.57,0.5
1022500195,betmgm,2025,Minnesota Lynx,Washington Mystics,2025-08-08T23:30:00+00:00,3,-9.5,-10.5,2025-08-07T21:55:39+00:00,2025-08-08T21:55:39+00:00,25.57,1.57,1.0
1022500195,betonlineag,2025,Minnesota Lynx,Washington Mystics,2025-08-08T23:30:00+00:00,3,-10.0,-10.5,2025-08-07T21:55:39+00:00,2025-08-08T21:55:39+00:00,25.57,1.57,0.5
1022500195,betrivers,2025,Minnesota Lynx,Washington Mystics,2025-08-08T23:30:00+00:00,2,-10.5,-11.0,2025-08-08T14:55:39+00:00,2025-08-08T21:55:39+00:00,8.57,1.57,0.5
1022500195,betus,2025,Minnesota Lynx,Washington Mystics,2025-08-08T23:30:00+00:00,2,-10.5,-10.5,2025-08-08T14:55:39+00:00,2025-08-08T21:55:39+00:00,8.57,1.57,0.0
1022500195,bovada,2025,Minnesota Lynx,Washington Mystics,2025-08-08T23:30:00+00:00,3,-10.0,-10.5,2025-08-07T21:55:39+00:00,2025-08-08T21:55:39+00:00,25.57,1.57,0.5
1022500195,draftkings,2025,Minnesota Lynx,Washington Mystics,2025-08-08T23:30:00+00:00,4,-10.0,-10.5,2025-08-07T14:55:38+00:00,2025-08-08T21:55:39+00:00,32.57,1.57,0.5
1022500195,fanatics,2025,Minnesota Lynx,Washington Mystics,2025-08-08T23:30:00+00:00,4,-9.5,-10.5,2025-08-07T14:55:38+00:00,2025-08-08T21:55:39+00:00,32.57,1.57,1.0
1022500195,fanduel,2025,Minnesota Lynx,Washington Mystics,2025-08-08T23:30:00+00:00,4,-9.5,-10.5,2025-08-07T14:55:38+00:00,2025-08-08T21:55:39+00:00,32.57,1.57,1.0
1022500195,lowvig,2025,Minnesota Lynx,Washington Mystics,2025-08-08T23:30:00+00:00,3,-10.0,-10.5,2025-08-07T21:55:39+00:00,2025-08-08T21:55:39+00:00,25.57,1.57,0.5
1022500195,mybookieag,2025,Minnesota Lynx,Washington Mystics,2025-08-08T23:30:00+00:00,4,-9.5,-10.5,2025-08-07T14:55:38+00:00,2025-08-08T21:55:39+00:00,32.57,1.57,1.0
1022500195,williamhill_us,2025,Minnesota Lynx,Washington Mystics,2025-08-08T23:30:00+00:00,4,-9.5,-10.5,2025-08-07T14:55:38+00:00,2025-08-08T21:55:39+00:00,32.57,1.57,1.0
1022500196,betmgm,2025,Las Vegas Aces,Seattle Storm,2025-08-09T02:00:00+00:00,3,-1.5,-1.5,2025-08-07T21:55:39+00:00,2025-08-08T21:55:39+00:00,28.07,4.07,0.0
1022500196,betonlineag,2025,Las Vegas Aces,Seattle Storm,2025-08-09T02:00:00+00:00,3,-1.0,-1.0,2025-08-07T21:55:39+00:00,2025-08-08T21:55:39+00:00,28.07,4.07,0.0
1022500196,betrivers,2025,Las Vegas Aces,Seattle Storm,2025-08-09T02:00:00+00:00,2,-1.5,-1.0,2025-08-08T14:55:39+00:00,2025-08-08T21:55:39+00:00,11.07,4.07,0.5
1022500196,betus,2025,Las Vegas Aces,Seattle Storm,2025-08-09T02:00:00+00:00,2,-1.0,-1.0,2025-08-08T14:55:39+00:00,2025-08-08T21:55:39+00:00,11.07,4.07,0.0
1022500196,bovada,2025,Las Vegas Aces,Seattle Storm,2025-08-09T02:00:00+00:00,3,-1.0,-1.0,2025-08-07T21:55:39+00:00,2025-08-08T21:55:39+00:00,28.07,4.07,0.0
1022500196,draftkings,2025,Las Vegas Aces,Seattle Storm,2025-08-09T02:00:00+00:00,4,-1.0,-1.0,2025-08-07T14:55:38+00:00,2025-08-08T21:55:39+00:00,35.07,4.07,0.0
1022500196,fanatics,2025,Las Vegas Aces,Seattle Storm,2025-08-09T02:00:00+00:00,4,-1.5,-1.5,2025-08-07T14:55:38+00:00,2025-08-08T21:55:39+00:00,35.07,4.07,0.0
1022500196,fanduel,2025,Las Vegas Aces,Seattle Storm,2025-08-09T02:00:00+00:00,4,-1.5,-1.0,2025-08-07T14:55:38+00:00,2025-08-08T21:55:39+00:00,35.07,4.07,0.5
1022500196,lowvig,2025,Las Vegas Aces,Seattle Storm,2025-08-09T02:00:00+00:00,3,-1.0,-1.0,2025-08-07T21:55:39+00:00,2025-08-08T21:55:39+00:00,28.07,4.07,0.0
1022500196,mybookieag,2025,Las Vegas Aces,Seattle Storm,2025-08-09T02:00:00+00:00,4,-1.0,-1.0,2025-08-07T14:55:38+00:00,2025-08-08T21:55:39+00:00,35.07,4.07,0.0
1022500196,williamhill_us,2025,Las Vegas Aces,Seattle Storm,2025-08-09T02:00:00+00:00,4,-1.0,-1.5,2025-08-07T14:55:38+00:00,2025-08-08T21:55:39+00:00,35.07,4.07,0.5
1022500197,betonlineag,2025,Golden State Valkyries,Los Angeles Sparks,2025-08-10T00:30:00+00:00,3,1.0,4.0,2025-08-08T21:55:39+00:00,2025-08-09T21:55:38+00:00,26.57,2.57,3.0
1022500197,betrivers,2025,Golden State Valkyries,Los Angeles Sparks,2025-08-10T00:30:00+00:00,2,4.5,4.5,2025-08-09T14:55:38+00:00,2025-08-09T21:55:38+00:00,9.57,2.57,0.0
1022500197,betus,2025,Golden State Valkyries,Los Angeles Sparks,2025-08-10T00:30:00+00:00,2,4.0,4.0,2025-08-09T14:55:38+00:00,2025-08-09T21:55:38+00:00,9.57,2.57,0.0
1022500197,bovada,2025,Golden State Valkyries,Los Angeles Sparks,2025-08-10T00:30:00+00:00,3,1.0,4.5,2025-08-08T21:55:39+00:00,2025-08-09T21:55:38+00:00,26.57,2.57,3.5
1022500197,draftkings,2025,Golden State Valkyries,Los Angeles Sparks,2025-08-10T00:30:00+00:00,4,1.5,4.5,2025-08-08T14:55:39+00:00,2025-08-09T21:55:38+00:00,33.57,2.57,3.0
1022500197,fanatics,2025,Golden State Valkyries,Los Angeles Sparks,2025-08-10T00:30:00+00:00,4,1.5,4.5,2025-08-08T14:55:39+00:00,2025-08-09T21:55:38+00:00,33.57,2.57,3.0
1022500197,fanduel,2025,Golden State Valkyries,Los Angeles Sparks,2025-08-10T00:30:00+00:00,4,1.5,4.0,2025-08-08T14:55:39+00:00,2025-08-09T21:55:38+00:00,33.57,2.57,2.5
1022500197,lowvig,2025,Golden State Valkyries,Los Angeles Sparks,2025-08-10T00:30:00+00:00,3,1.0,4.0,2025-08-08T21:55:39+00:00,2025-08-09T21:55:38+00:00,26.57,2.57,3.0
1022500197,mybookieag,2025,Golden State Valkyries,Los Angeles Sparks,2025-08-10T00:30:00+00:00,4,1.5,4.0,2025-08-08T14:55:39+00:00,2025-08-09T21:55:38+00:00,33.57,2.57,2.5
1022500197,williamhill_us,2025,Golden State Valkyries,Los Angeles Sparks,2025-08-10T00:30:00+00:00,3,1.0,4.0,2025-08-08T21:55:39+00:00,2025-08-09T21:55:38+00:00,26.57,2.57,3.0
1022500198,betmgm,2025,Indiana Fever,Chicago Sky,2025-08-10T00:00:00+00:00,4,-11.5,-9.5,2025-08-08T14:55:39+00:00,2025-08-09T21:55:38+00:00,33.07,2.07,2.0
1022500198,betonlineag,2025,Indiana Fever,Chicago Sky,2025-08-10T00:00:00+00:00,3,-10.0,-10.0,2025-08-08T21:55:39+00:00,2025-08-09T21:55:38+00:00,26.07,2.07,0.0
1022500198,betrivers,2025,Indiana Fever,Chicago Sky,2025-08-10T00:00:00+00:00,2,-11.0,-10.0,2025-08-09T14:55:38+00:00,2025-08-09T21:55:38+00:00,9.07,2.07,1.0
1022500198,betus,2025,Indiana Fever,Chicago Sky,2025-08-10T00:00:00+00:00,2,-10.5,-10.0,2025-08-09T14:55:38+00:00,2025-08-09T21:55:38+00:00,9.07,2.07,0.5
1022500198,bovada,2025,Indiana Fever,Chicago Sky,2025-08-10T00:00:00+00:00,3,-10.5,-10.0,2025-08-08T21:55:39+00:00,2025-08-09T21:55:38+00:00,26.07,2.07,0.5
1022500198,draftkings,2025,Indiana Fever,Chicago Sky,2025-08-10T00:00:00+00:00,4,-12.0,-10.0,2025-08-08T14:55:39+00:00,2025-08-09T21:55:38+00:00,33.07,2.07,2.0
1022500198,fanatics,2025,Indiana Fever,Chicago Sky,2025-08-10T00:00:00+00:00,4,-11.5,-10.5,2025-08-08T14:55:39+00:00,2025-08-09T21:55:38+00:00,33.07,2.07,1.0
1022500198,fanduel,2025,Indiana Fever,Chicago Sky,2025-08-10T00:00:00+00:00,4,-11.5,-10.5,2025-08-08T14:55:39+00:00,2025-08-09T21:55:38+00:00,33.07,2.07,1.0
1022500198,lowvig,2025,Indiana Fever,Chicago Sky,2025-08-10T00:00:00+00:00,3,-10.0,-10.0,2025-08-08T21:55:39+00:00,2025-08-09T21:55:38+00:00,26.07,2.07,0.0
1022500198,mybookieag,2025,Indiana Fever,Chicago Sky,2025-08-10T00:00:00+00:00,4,-12.0,-10.0,2025-08-08T14:55:39+00:00,2025-08-09T21:55:38+00:00,33.07,2.07,2.0
1022500198,williamhill_us,2025,Indiana Fever,Chicago Sky,2025-08-10T00:00:00+00:00,4,-11.5,-10.0,2025-08-08T14:55:39+00:00,2025-08-09T21:55:38+00:00,33.07,2.07,1.5
1022500199,betmgm,2025,New York Liberty,Minnesota Lynx,2025-08-10T16:30:00+00:00,2,-4.5,-3.5,2025-08-09T21:55:38+00:00,2025-08-10T14:55:38+00:00,18.57,1.57,1.0
1022500199,betonlineag,2025,New York Liberty,Minnesota Lynx,2025-08-10T16:30:00+00:00,2,-4.5,-4.0,2025-08-09T21:55:38+00:00,2025-08-10T14:55:38+00:00,18.57,1.57,0.5
1022500199,betrivers,2025,New York Liberty,Minnesota Lynx,2025-08-10T16:30:00+00:00,1,-3.5,-3.5,2025-08-10T14:55:38+00:00,2025-08-10T14:55:38+00:00,1.57,1.57,0.0
1022500199,betus,2025,New York Liberty,Minnesota Lynx,2025-08-10T16:30:00+00:00,1,-4.0,-4.0,2025-08-10T14:55:38+00:00,2025-08-10T14:55:38+00:00,1.57,1.57,0.0
1022500199,bovada,2025,New York Liberty,Minnesota Lynx,2025-08-10T16:30:00+00:00,3,-3.5,-4.0,2025-08-09T14:55:38+00:00,2025-08-10T14:55:38+00:00,25.57,1.57,0.5
1022500199,draftkings,2025,New York Liberty,Minnesota Lynx,2025-08-10T16:30:00+00:00,3,-3.0,-4.0,2025-08-09T14:55:38+00:00,2025-08-10T14:55:38+00:00,25.57,1.57,1.0
1022500199,fanatics,2025,New York Liberty,Minnesota Lynx,2025-08-10T16:30:00+00:00,3,-3.5,-4.5,2025-08-09T14:55:38+00:00,2025-08-10T14:55:38+00:00,25.57,1.57,1.0
1022500199,fanduel,2025,New York Liberty,Minnesota Lynx,2025-08-10T16:30:00+00:00,3,-3.0,-4.0,2025-08-09T14:55:38+00:00,2025-08-10T14:55:38+00:00,25.57,1.57,1.0
1022500199,lowvig,2025,New York Liberty,Minnesota Lynx,2025-08-10T16:30:00+00:00,2,-4.5,-4.0,2025-08-09T21:55:38+00:00,2025-08-10T14:55:38+00:00,18.57,1.57,0.5
1022500199,mybookieag,2025,New York Liberty,Minnesota Lynx,2025-08-10T16:30:00+00:00,3,-3.5,-4.0,2025-08-09T14:55:38+00:00,2025-08-10T14:55:38+00:00,25.57,1.57,0.5
1022500199,williamhill_us,2025,New York Liberty,Minnesota Lynx,2025-08-10T16:30:00+00:00,3,-3.0,-4.0,2025-08-09T14:55:38+00:00,2025-08-10T14:55:38+00:00,25.57,1.57,1.0
1022500200,betmgm,2025,Dallas Wings,Washington Mystics,2025-08-10T20:03:00+00:00,2,-2.5,-3.5,2025-08-09T21:55:38+00:00,2025-08-10T14:55:38+00:00,22.12,5.12,1.0
1022500200,betonlineag,2025,Dallas Wings,Washington Mystics,2025-08-10T20:03:00+00:00,1,-3.0,-3.0,2025-08-10T14:55:38+00:00,2025-08-10T14:55:38+00:00,5.12,5.12,0.0
1022500200,betrivers,2025,Dallas Wings,Washington Mystics,2025-08-10T20:03:00+00:00,1,-3.5,-3.5,2025-08-10T14:55:38+00:00,2025-08-10T14:55:38+00:00,5.12,5.12,0.0
1022500200,betus,2025,Dallas Wings,Washington Mystics,2025-08-10T20:03:00+00:00,1,-3.0,-3.0,2025-08-10T14:55:38+00:00,2025-08-10T14:55:38+00:00,5.12,5.12,0.0
1022500200,bovada,2025,Dallas Wings,Washington Mystics,2025-08-10T20:03:00+00:00,3,-2.0,-3.0,2025-08-09T14:55:38+00:00,2025-08-10T14:55:38+00:00,29.12,5.12,1.0
1022500200,draftkings,2025,Dallas Wings,Washington Mystics,2025-08-10T20:03:00+00:00,3,-2.0,-3.0,2025-08-09T14:55:38+00:00,2025-08-10T14:55:38+00:00,29.12,5.12,1.0
1022500200,fanatics,2025,Dallas Wings,Washington Mystics,2025-08-10T20:03:00+00:00,3,-1.5,-3.5,2025-08-09T14:55:38+00:00,2025-08-10T14:55:38+00:00,29.12,5.12,2.0
1022500200,fanduel,2025,Dallas Wings,Washington Mystics,2025-08-10T20:03:00+00:00,3,-2.0,-3.5,2025-08-09T14:55:38+00:00,2025-08-10T14:55:38+00:00,29.12,5.12,1.5
1022500200,lowvig,2025,Dallas Wings,Washington Mystics,2025-08-10T20:03:00+00:00,1,-3.0,-3.0,2025-08-10T14:55:38+00:00,2025-08-10T14:55:38+00:00,5.12,5.12,0.0
1022500200,mybookieag,2025,Dallas Wings,Washington Mystics,2025-08-10T20:03:00+00:00,3,-2.0,-3.0,2025-08-09T14:55:38+00:00,2025-08-10T14:55:38+00:00,29.12,5.12,1.0
1022500200,williamhill_us,2025,Dallas Wings,Washington Mystics,2025-08-10T20:03:00+00:00,3,-2.0,-3.0,2025-08-09T14:55:38+00:00,2025-08-10T14:55:38+00:00,29.12,5.12,1.0
1022500201,betmgm,2025,Los Angeles Sparks,Seattle Storm,2025-08-11T00:00:00+00:00,3,3.5,4.5,2025-08-09T21:55:38+00:00,2025-08-10T21:55:38+00:00,26.07,2.07,1.0
1022500201,betonlineag,2025,Los Angeles Sparks,Seattle Storm,2025-08-11T00:00:00+00:00,2,4.5,5.0,2025-08-10T14:55:38+00:00,2025-08-10T21:55:38+00:00,9.07,2.07,0.5
1022500201,betrivers,2025,Los Angeles Sparks,Seattle Storm,2025-08-11T00:00:00+00:00,2,4.5,5.0,2025-08-10T14:55:38+00:00,2025-08-10T21:55:38+00:00,9.07,2.07,0.5
1022500201,betus,2025,Los Angeles Sparks,Seattle Storm,2025-08-11T00:00:00+00:00,2,4.5,5.0,2025-08-10T14:55:38+00:00,2025-08-10T21:55:38+00:00,9.07,2.07,0.5
1022500201,bovada,2025,Los Angeles Sparks,Seattle Storm,2025-08-11T00:00:00+00:00,3,3.5,5.0,2025-08-09T21:55:38+00:00,2025-08-10T21:55:38+00:00,26.07,2.07,1.5
1022500201,draftkings,2025,Los Angeles Sparks,Seattle Storm,2025-08-11T00:00:00+00:00,4,3.5,5.0,2025-08-09T14:55:38+00:00,2025-08-10T21:55:38+00:00,33.07,2.07,1.5
1022500201,fanatics,2025,Los Angeles Sparks,Seattle Storm,2025-08-11T00:00:00+00:00,4,3.5,4.5,2025-08-09T14:55:38+00:00,2025-08-10T21:55:38+00:00,33.07,2.07,1.0
1022500201,fanduel,2025,Los Angeles Sparks,Seattle Storm,2025-08-11T00:00:00+00:00,4,3.5,4.5,2025-08-09T14:55:38+00:00,2025-08-10T21:55:38+00:00,33.07,2.07,1.0
1022500201,lowvig,2025,Los Angeles Sparks,Seattle Storm,2025-08-11T00:00:00+00:00,2,4.5,5.0,2025-08-10T14:55:38+00:00,2025-08-10T21:55:38+00:00,9.07,2.07,0.5
1022500201,mybookieag,2025,Los Angeles Sparks,Seattle Storm,2025-08-11T00:00:00+00:00,4,3.5,5.0,2025-08-09T14:55:38+00:00,2025-08-10T21:55:38+00:00,33.07,2.07,1.5
1022500201,williamhill_us,2025,Los Angeles Sparks,Seattle Storm,2025-08-11T00:00:00+00:00,4,3.5,5.0,2025-08-09T14:55:38+00:00,2025-08-10T21:55:38+00:00,33.07,2.07,1.5
1022500202,betmgm,2025,Phoenix Mercury,Atlanta Dream,2025-08-10T22:00:00+00:00,3,-3.5,-3.5,2025-08-09T21:55:38+00:00,2025-08-10T21:55:38+00:00,24.07,0.07,0.0
1022500202,betonlineag,2025,Phoenix Mercury,Atlanta Dream,2025-08-10T22:00:00+00:00,2,-4.5,-4.0,2025-08-10T14:55:38+00:00,2025-08-10T21:55:38+00:00,7.07,0.07,0.5
1022500202,betrivers,2025,Phoenix Mercury,Atlanta Dream,2025-08-10T22:00:00+00:00,2,-5.0,-4.0,2025-08-10T14:55:38+00:00,2025-08-10T21:55:38+00:00,7.07,0.07,1.0
1022500202,betus,2025,Phoenix Mercury,Atlanta Dream,2025-08-10T22:00:00+00:00,2,-4.0,-4.0,2025-08-10T14:55:38+00:00,2025-08-10T21:55:38+00:00,7.07,0.07,0.0
1022500202,bovada,2025,Phoenix Mercury,Atlanta Dream,2025-08-10T22:00:00+00:00,4,-3.5,-4.0,2025-08-09T14:55:38+00:00,2025-08-10T21:55:38+00:00,31.07,0.07,0.5
1022500202,draftkings,2025,Phoenix Mercury,Atlanta Dream,2025-08-10T22:00:00+00:00,4,-3.5,-4.0,2025-08-09T14:55:38+00:00,2025-08-10T21:55:38+00:00,31.07,0.07,0.5
1022500202,fanatics,2025,Phoenix Mercury,Atlanta Dream,2025-08-10T22:00:00+00:00,4,-3.5,-3.5,2025-08-09T14:55:38+00:00,2025-08-10T21:55:38+00:00,31.07,0.07,0.0
1022500202,fanduel,2025,Phoenix Mercury,Atlanta Dream,2025-08-10T22:00:00+00:00,4,-3.5,-4.0,2025-08-09T14:55:38+00:00,2025-08-10T21:55:38+00:00,31.07,0.07,0.5
1022500202,lowvig,2025,Phoenix Mercury,Atlanta Dream,2025-08-10T22:00:00+00:00,2,-4.5,-4.0,2025-08-10T14:55:38+00:00,2025-08-10T21:55:38+00:00,7.07,0.07,0.5
1022500202,mybookieag,2025,Phoenix Mercury,Atlanta Dream,2025-08-10T22:00:00+00:00,4,-3.5,-4.0,2025-08-09T14:55:38+00:00,2025-08-10T21:55:38+00:00,31.07,0.07,0.5
1022500202,williamhill_us,2025,Phoenix Mercury,Atlanta Dream,2025-08-10T22:00:00+00:00,4,-3.5,-4.0,2025-08-09T14:55:38+00:00,2025-08-10T21:55:38+00:00,31.07,0.07,0.5
1022500203,betmgm,2025,Las Vegas Aces,Connecticut Sun,2025-08-11T01:00:00+00:00,3,-12.5,-11.5,2025-08-09T21:55:38+00:00,2025-08-10T21:55:38+00:00,27.07,3.07,1.0
1022500203,betonlineag,2025,Las Vegas Aces,Connecticut Sun,2025-08-11T01:00:00+00:00,3,-13.0,-11.5,2025-08-09T21:55:38+00:00,2025-08-10T21:55:38+00:00,27.07,3.07,1.5
1022500203,betrivers,2025,Las Vegas Aces,Connecticut Sun,2025-08-11T01:00:00+00:00,2,-11.0,-11.5,2025-08-10T14:55:38+00:00,2025-08-10T21:55:38+00:00,10.07,3.07,0.5
1022500203,betus,2025,Las Vegas Aces,Connecticut Sun,2025-08-11T01:00:00+00:00,2,-11.5,-11.5,2025-08-10T14:55:38+00:00,2025-08-10T21:55:38+00:00,10.07,3.07,0.0
1022500203,bovada,2025,Las Vegas Aces,Connecticut Sun,2025-08-11T01:00:00+00:00,4,-13.5,-11.0,2025-08-09T14:55:38+00:00,2025-08-10T21:55:38+00:00,34.07,3.07,2.5
1022500203,draftkings,2025,Las Vegas Aces,Connecticut Sun,2025-08-11T01:00:00+00:00,4,-13.0,-11.5,2025-08-09T14:55:38+00:00,2025-08-10T21:55:38+00:00,34.07,3.07,1.5
1022500203,fanatics,2025,Las Vegas Aces,Connecticut Sun,2025-08-11T01:00:00+00:00,4,-13.5,-11.5,2025-08-09T14:55:38+00:00,2025-08-10T21:55:38+00:00,34.07,3.07,2.0
1022500203,fanduel,2025,Las Vegas Aces,Connecticut Sun,2025-08-11T01:00:00+00:00,4,-13.0,-11.0,2025-08-09T14:55:38+00:00,2025-08-10T21:55:38+00:00,34.07,3.07,2.0
1022500203,lowvig,2025,Las Vegas Aces,Connecticut Sun,2025-08-11T01:00:00+00:00,3,-13.0,-11.5,2025-08-09T21:55:38+00:00,2025-08-10T21:55:38+00:00,27.07,3.07,1.5
1022500203,mybookieag,2025,Las Vegas Aces,Connecticut Sun,2025-08-11T01:00:00+00:00,4,-13.0,-11.5,2025-08-09T14:55:38+00:00,2025-08-10T21:55:38+00:00,34.07,3.07,1.5
1022500203,williamhill_us,2025,Las Vegas Aces,Connecticut Sun,2025-08-11T01:00:00+00:00,4,-13.0,-11.5,2025-08-09T14:55:38+00:00,2025-08-10T21:55:38+00:00,34.07,3.07,1.5
1022500204,betmgm,2025,Golden State Valkyries,Connecticut Sun,2025-08-12T02:00:00+00:00,2,-8.5,-8.5,2025-08-11T14:55:38+00:00,2025-08-11T21:55:39+00:00,11.07,4.07,0.0
1022500204,betonlineag,2025,Golden State Valkyries,Connecticut Sun,2025-08-12T02:00:00+00:00,2,-8.0,-8.5,2025-08-11T14:55:38+00:00,2025-08-11T21:55:39+00:00,11.07,4.07,0.5
1022500204,betrivers,2025,Golden State Valkyries,Connecticut Sun,2025-08-12T02:00:00+00:00,2,-8.5,-8.5,2025-08-11T14:55:38+00:00,2025-08-11T21:55:39+00:00,11.07,4.07,0.0
1022500204,betus,2025,Golden State Valkyries,Connecticut Sun,2025-08-12T02:00:00+00:00,2,-8.5,-8.5,2025-08-11T14:55:38+00:00,2025-08-11T21:55:39+00:00,11.07,4.07,0.0
1022500204,bovada,2025,Golden State Valkyries,Connecticut Sun,2025-08-12T02:00:00+00:00,3,-9.0,-8.5,2025-08-10T21:55:38+00:00,2025-08-11T21:55:39+00:00,28.07,4.07,0.5
1022500204,draftkings,2025,Golden State Valkyries,Connecticut Sun,2025-08-12T02:00:00+00:00,3,-9.0,-8.5,2025-08-10T21:55:38+00:00,2025-08-11T21:55:39+00:00,28.07,4.07,0.5
1022500204,fanatics,2025,Golden State Valkyries,Connecticut Sun,2025-08-12T02:00:00+00:00,3,-9.5,-8.5,2025-08-10T21:55:38+00:00,2025-08-11T21:55:39+00:00,28.07,4.07,1.0
1022500204,fanduel,2025,Golden State Valkyries,Connecticut Sun,2025-08-12T02:00:00+00:00,3,-9.0,-8.5,2025-08-10T21:55:38+00:00,2025-08-11T21:55:39+00:00,28.07,4.07,0.5
1022500204,lowvig,2025,Golden State Valkyries,Connecticut Sun,2025-08-12T02:00:00+00:00,2,-8.0,-8.5,2025-08-11T14:55:38+00:00,2025-08-11T21:55:39+00:00,11.07,4.07,0.5
1022500204,mybookieag,2025,Golden State Valkyries,Connecticut Sun,2025-08-12T02:00:00+00:00,3,-9.0,-8.5,2025-08-10T21:55:38+00:00,2025-08-11T21:55:39+00:00,28.07,4.07,0.5
1022500204,williamhill_us,2025,Golden State Valkyries,Connecticut Sun,2025-08-12T02:00:00+00:00,2,-8.5,-8.5,2025-08-11T14:55:38+00:00,2025-08-11T21:55:39+00:00,11.07,4.07,0.0
1022500205,betmgm,2025,Indiana Fever,Dallas Wings,2025-08-12T23:30:00+00:00,4,-6.5,-9.5,2025-08-11T14:55:38+00:00,2025-08-12T21:55:38+00:00,32.57,1.57,3.0
1022500205,betonlineag,2025,Indiana Fever,Dallas Wings,2025-08-12T23:30:00+00:00,3,-7.0,-9.0,2025-08-11T21:55:39+00:00,2025-08-12T21:55:38+00:00,25.57,1.57,2.0
1022500205,betrivers,2025,Indiana Fever,Dallas Wings,2025-08-12T23:30:00+00:00,4,-6.5,-9.0,2025-08-11T14:55:38+00:00,2025-08-12T21:55:38+00:00,32.57,1.57,2.5
1022500205,betus,2025,Indiana Fever,Dallas Wings,2025-08-12T23:30:00+00:00,3,-7.0,-9.5,2025-08-11T21:55:39+00:00,2025-08-12T21:55:38+00:00,25.57,1.57,2.5
1022500205,bovada,2025,Indiana Fever,Dallas Wings,2025-08-12T23:30:00+00:00,4,-6.5,-9.5,2025-08-11T14:55:38+00:00,2025-08-12T21:55:38+00:00,32.57,1.57,3.0
1022500205,draftkings,2025,Indiana Fever,Dallas Wings,2025-08-12T23:30:00+00:00,4,-6.5,-9.0,2025-08-11T14:55:38+00:00,2025-08-12T21:55:38+00:00,32.57,1.57,2.5
1022500205,fanatics,2025,Indiana Fever,Dallas Wings,2025-08-12T23:30:00+00:00,4,-6.5,-9.5,2025-08-11T14:55:38+00:00,2025-08-12T21:55:38+00:00,32.57,1.57,3.0
1022500205,fanduel,2025,Indiana Fever,Dallas Wings,2025-08-12T23:30:00+00:00,4,-7.0,-9.0,2025-08-11T14:55:38+00:00,2025-08-12T21:55:38+00:00,32.57,1.57,2.0
1022500205,lowvig,2025,Indiana Fever,Dallas Wings,2025-08-12T23:30:00+00:00,3,-7.0,-9.0,2025-08-11T21:55:39+00:00,2025-08-12T21:55:38+00:00,25.57,1.57,2.0
1022500205,mybookieag,2025,Indiana Fever,Dallas Wings,2025-08-12T23:30:00+00:00,4,-6.5,-9.0,2025-08-11T14:55:38+00:00,2025-08-12T21:55:38+00:00,32.57,1.57,2.5
1022500205,williamhill_us,2025,Indiana Fever,Dallas Wings,2025-08-12T23:30:00+00:00,4,-7.0,-9.0,2025-08-11T14:55:38+00:00,2025-08-12T21:55:38+00:00,32.57,1.57,2.0
1022500206,betmgm,2025,Los Angeles Sparks,New York Liberty,2025-08-13T02:00:00+00:00,4,3.5,4.5,2025-08-11T14:55:38+00:00,2025-08-12T21:55:38+00:00,35.07,4.07,1.0
1022500206,betonlineag,2025,Los Angeles Sparks,New York Liberty,2025-08-13T02:00:00+00:00,3,4.0,4.5,2025-08-11T21:55:39+00:00,2025-08-12T21:55:38+00:00,28.07,4.07,0.5
1022500206,betrivers,2025,Los Angeles Sparks,New York Liberty,2025-08-13T02:00:00+00:00,4,3.5,4.5,2025-08-11T14:55:38+00:00,2025-08-12T21:55:38+00:00,35.07,4.07,1.0
1022500206,betus,2025,Los Angeles Sparks,New York Liberty,2025-08-13T02:00:00+00:00,3,4.0,4.5,2025-08-11T21:55:39+00:00,2025-08-12T21:55:38+00:00,28.07,4.07,0.5
1022500206,bovada,2025,Los Angeles Sparks,New York Liberty,2025-08-13T02:00:00+00:00,4,3.0,4.5,2025-08-11T14:55:38+00:00,2025-08-12T21:55:38+00:00,35.07,4.07,1.5
1022500206,draftkings,2025,Los Angeles Sparks,New York Liberty,2025-08-13T02:00:00+00:00,4,3.0,4.5,2025-08-11T14:55:38+00:00,2025-08-12T21:55:38+00:00,35.07,4.07,1.5
1022500206,fanatics,2025,Los Angeles Sparks,New York Liberty,2025-08-13T02:00:00+00:00,4,3.5,4.5,2025-08-11T14:55:38+00:00,2025-08-12T21:55:38+00:00,35.07,4.07,1.0
1022500206,fanduel,2025,Los Angeles Sparks,New York Liberty,2025-08-13T02:00:00+00:00,4,3.0,4.5,2025-08-11T14:55:38+00:00,2025-08-12T21:55:38+00:00,35.07,4.07,1.5
1022500206,lowvig,2025,Los Angeles Sparks,New York Liberty,2025-08-13T02:00:00+00:00,3,4.0,4.5,2025-08-11T21:55:39+00:00,2025-08-12T21:55:38+00:00,28.07,4.07,0.5
1022500206,mybookieag,2025,Los Angeles Sparks,New York Liberty,2025-08-13T02:00:00+00:00,4,3.0,5.0,2025-08-11T14:55:38+00:00,2025-08-12T21:55:38+00:00,35.07,4.07,2.0
1022500206,williamhill_us,2025,Los Angeles Sparks,New York Liberty,2025-08-13T02:00:00+00:00,4,3.5,4.5,2025-08-11T14:55:38+00:00,2025-08-12T21:55:38+00:00,35.07,4.07,1.0
1022500207,betmgm,2025,Connecticut Sun,Chicago Sky,2025-08-13T23:00:00+00:00,3,-1.5,-4.5,2025-08-12T21:55:38+00:00,2025-08-13T21:55:38+00:00,25.07,1.07,3.0
1022500207,betonlineag,2025,Connecticut Sun,Chicago Sky,2025-08-13T23:00:00+00:00,3,-1.5,-3.5,2025-08-12T21:55:38+00:00,2025-08-13T21:55:38+00:00,25.07,1.07,2.0
1022500207,betrivers,2025,Connecticut Sun,Chicago Sky,2025-08-13T23:00:00+00:00,4,-2.0,-3.5,2025-08-12T14:55:38+00:00,2025-08-13T21:55:38+00:00,32.07,1.07,1.5
1022500207,betus,2025,Connecticut Sun,Chicago Sky,2025-08-13T23:00:00+00:00,2,-3.5,-4.0,2025-08-13T14:55:38+00:00,2025-08-13T21:55:38+00:00,8.07,1.07,0.5
1022500207,bovada,2025,Connecticut Sun,Chicago Sky,2025-08-13T23:00:00+00:00,4,-1.5,-4.0,2025-08-12T14:55:38+00:00,2025-08-13T21:55:38+00:00,32.07,1.07,2.5
1022500207,draftkings,2025,Connecticut Sun,Chicago Sky,2025-08-13T23:00:00+00:00,4,-1.5,-4.0,2025-08-12T14:55:38+00:00,2025-08-13T21:55:38+00:00,32.07,1.07,2.5
1022500207,fanatics,2025,Connecticut Sun,Chicago Sky,2025-08-13T23:00:00+00:00,4,-1.5,-3.5,2025-08-12T14:55:38+00:00,2025-08-13T21:55:38+00:00,32.07,1.07,2.0
1022500207,fanduel,2025,Connecticut Sun,Chicago Sky,2025-08-13T23:00:00+00:00,4,-1.5,-4.0,2025-08-12T14:55:38+00:00,2025-08-13T21:55:38+00:00,32.07,1.07,2.5
1022500207,lowvig,2025,Connecticut Sun,Chicago Sky,2025-08-13T23:00:00+00:00,3,-1.5,-3.5,2025-08-12T21:55:38+00:00,2025-08-13T21:55:38+00:00,25.07,1.07,2.0
1022500207,mybookieag,2025,Connecticut Sun,Chicago Sky,2025-08-13T23:00:00+00:00,3,-1.5,-3.0,2025-08-12T14:55:38+00:00,2025-08-13T14:55:38+00:00,32.07,8.07,1.5
1022500207,williamhill_us,2025,Connecticut Sun,Chicago Sky,2025-08-13T23:00:00+00:00,4,-1.5,-4.0,2025-08-12T14:55:38+00:00,2025-08-13T21:55:38+00:00,32.07,1.07,2.5
1022500208,betmgm,2025,Washington Mystics,Golden State Valkyries,2025-08-13T23:30:00+00:00,3,-1.5,2.5,2025-08-12T21:55:38+00:00,2025-08-13T21:55:38+00:00,25.57,1.57,4.0
1022500208,betonlineag,2025,Washington Mystics,Golden State Valkyries,2025-08-13T23:30:00+00:00,3,0.0,2.0,2025-08-12T21:55:38+00:00,2025-08-13T21:55:38+00:00,25.57,1.57,2.0
1022500208,betrivers,2025,Washington Mystics,Golden State Valkyries,2025-08-13T23:30:00+00:00,4,-2.0,2.0,2025-08-12T14:55:38+00:00,2025-08-13T21:55:38+00:00,32.57,1.57,4.0
1022500208,betus,2025,Washington Mystics,Golden State Valkyries,2025-08-13T23:30:00+00:00,2,0.0,1.5,2025-08-13T14:55:38+00:00,2025-08-13T21:55:38+00:00,8.57,1.57,1.5
1022500208,bovada,2025,Washington Mystics,Golden State Valkyries,2025-08-13T23:30:00+00:00,4,-2.0,2.0,2025-08-12T14:55:38+00:00,2025-08-13T21:55:38+00:00,32.57,1.57,4.0
1022500208,draftkings,2025,Washington Mystics,Golden State Valkyries,2025-08-13T23:30:00+00:00,4,-2.0,2.0,2025-08-12T14:55:38+00:00,2025-08-13T21:55:38+00:00,32.57,1.57,4.0
1022500208,fanatics,2025,Washington Mystics,Golden State Valkyries,2025-08-13T23:30:00+00:00,4,-1.5,2.5,2025-08-12T14:55:38+00:00,2025-08-13T21:55:38+00:00,32.57,1.57,4.0
1022500208,fanduel,2025,Washington Mystics,Golden State Valkyries,2025-08-13T23:30:00+00:00,4,-1.5,2.0,2025-08-12T14:55:38+00:00,2025-08-13T21:55:38+00:00,32.57,1.57,3.5
1022500208,lowvig,2025,Washington Mystics,Golden State Valkyries,2025-08-13T23:30:00+00:00,3,0.0,2.0,2025-08-12T21:55:38+00:00,2025-08-13T21:55:38+00:00,25.57,1.57,2.0
1022500208,mybookieag,2025,Washington Mystics,Golden State Valkyries,2025-08-13T23:30:00+00:00,3,-2.0,-1.0,2025-08-12T14:55:38+00:00,2025-08-13T14:55:38+00:00,32.57,8.57,1.0
1022500208,williamhill_us,2025,Washington Mystics,Golden State Valkyries,2025-08-13T23:30:00+00:00,3,-1.0,2.0,2025-08-12T21:55:38+00:00,2025-08-13T21:55:38+00:00,25.57,1.57,3.0
1022500209,betmgm,2025,Las Vegas Aces,New York Liberty,2025-08-14T01:30:00+00:00,3,-2.5,-3.5,2025-08-12T21:55:38+00:00,2025-08-13T21:55:38+00:00,27.57,3.57,1.0
1022500209,betonlineag,2025,Las Vegas Aces,New York Liberty,2025-08-14T01:30:00+00:00,3,-2.0,-3.5,2025-08-12T21:55:38+00:00,2025-08-13T21:55:38+00:00,27.57,3.57,1.5
1022500209,betrivers,2025,Las Vegas Aces,New York Liberty,2025-08-14T01:30:00+00:00,4,-2.5,-3.5,2025-08-12T14:55:38+00:00,2025-08-13T21:55:38+00:00,34.57,3.57,1.0
1022500209,betus,2025,Las Vegas Aces,New York Liberty,2025-08-14T01:30:00+00:00,2,-2.5,-3.5,2025-08-13T14:55:38+00:00,2025-08-13T21:55:38+00:00,10.57,3.57,1.0
1022500209,bovada,2025,Las Vegas Aces,New York Liberty,2025-08-14T01:30:00+00:00,4,-2.0,-3.5,2025-08-12T14:55:38+00:00,2025-08-13T21:55:38+00:00,34.57,3.57,1.5
1022500209,draftkings,2025,Las Vegas Aces,New York Liberty,2025-08-14T01:30:00+00:00,4,-2.0,-3.5,2025-08-12T14:55:38+00:00,2025-08-13T21:55:38+00:00,34.57,3.57,1.5
1022500209,fanatics,2025,Las Vegas Aces,New York Liberty,2025-08-14T01:30:00+00:00,4,-2.5,-3.5,2025-08-12T14:55:38+00:00,2025-08-13T21:55:38+00:00,34.57,3.57,1.0
1022500209,fanduel,2025,Las Vegas Aces,New York Liberty,2025-08-14T01:30:00+00:00,4,-2.0,-3.0,2025-08-12T14:55:38+00:00,2025-08-13T21:55:38+00:00,34.57,3.57,1.0
1022500209,lowvig,2025,Las Vegas Aces,New York Liberty,2025-08-14T01:30:00+00:00,3,-2.0,-3.5,2025-08-12T21:55:38+00:00,2025-08-13T21:55:38+00:00,27.57,3.57,1.5
1022500209,mybookieag,2025,Las Vegas Aces,New York Liberty,2025-08-14T01:30:00+00:00,3,-2.0,-2.5,2025-08-12T14:55:38+00:00,2025-08-13T14:55:38+00:00,34.57,10.57,0.5
1022500209,williamhill_us,2025,Las Vegas Aces,New York Liberty,2025-08-14T01:30:00+00:00,4,-2.0,-3.5,2025-08-12T14:55:38+00:00,2025-08-13T21:55:38+00:00,34.57,3.57,1.5
1022500210,betmgm,2025,Seattle Storm,Atlanta Dream,2025-08-14T02:00:00+00:00,3,1.5,-2.5,2025-08-12T21:55:38+00:00,2025-08-13T21:55:38+00:00,28.07,4.07,4.0
1022500210,betonlineag,2025,Seattle Storm,Atlanta Dream,2025-08-14T02:00:00+00:00,3,-1.0,-3.0,2025-08-12T21:55:38+00:00,2025-08-13T21:55:38+00:00,28.07,4.07,2.0
1022500210,betrivers,2025,Seattle Storm,Atlanta Dream,2025-08-14T02:00:00+00:00,4,1.0,-2.5,2025-08-12T14:55:38+00:00,2025-08-13T21:55:38+00:00,35.07,4.07,3.5
1022500210,betus,2025,Seattle Storm,Atlanta Dream,2025-08-14T02:00:00+00:00,2,-2.0,-3.0,2025-08-13T14:55:38+00:00,2025-08-13T21:55:38+00:00,11.07,4.07,1.0
1022500210,bovada,2025,Seattle Storm,Atlanta Dream,2025-08-14T02:00:00+00:00,4,1.0,-3.5,2025-08-12T14:55:38+00:00,2025-08-13T21:55:38+00:00,35.07,4.07,4.5
1022500210,draftkings,2025,Seattle Storm,Atlanta Dream,2025-08-14T02:00:00+00:00,5,1.5,-3.0,2025-08-11T21:55:39+00:00,2025-08-13T21:55:38+00:00,52.07,4.07,4.5
1022500210,fanatics,2025,Seattle Storm,Atlanta Dream,2025-08-14T02:00:00+00:00,5,1.5,-3.5,2025-08-11T21:55:39+00:00,2025-08-13T21:55:38+00:00,52.07,4.07,5.0
1022500210,fanduel,2025,Seattle Storm,Atlanta Dream,2025-08-14T02:00:00+00:00,5,1.5,-2.5,2025-08-11T21:55:39+00:00,2025-08-13T21:55:38+00:00,52.07,4.07,4.0
1022500210,lowvig,2025,Seattle Storm,Atlanta Dream,2025-08-14T02:00:00+00:00,3,-1.0,-3.0,2025-08-12T21:55:38+00:00,2025-08-13T21:55:38+00:00,28.07,4.07,2.0
1022500210,mybookieag,2025,Seattle Storm,Atlanta Dream,2025-08-14T02:00:00+00:00,4,1.5,-2.0,2025-08-11T21:55:39+00:00,2025-08-13T14:55:38+00:00,52.07,11.07,3.5
1022500210,williamhill_us,2025,Seattle Storm,Atlanta Dream,2025-08-14T02:00:00+00:00,5,1.5,-3.0,2025-08-11T21:55:39+00:00,2025-08-13T21:55:38+00:00,52.07,4.07,4.5
1022500211,betmgm,2025,Indiana Fever,Washington Mystics,2025-08-15T23:30:00+00:00,2,-8.5,-8.5,2025-08-15T14:55:40+00:00,2025-08-15T21:55:38+00:00,8.57,1.57,0.0
1022500211,betonlineag,2025,Indiana Fever,Washington Mystics,2025-08-15T23:30:00+00:00,2,-8.5,-8.5,2025-08-15T14:55:40+00:00,2025-08-15T21:55:38+00:00,8.57,1.57,0.0
1022500211,betrivers,2025,Indiana Fever,Washington Mystics,2025-08-15T23:30:00+00:00,2,-8.0,-8.5,2025-08-15T14:55:40+00:00,2025-08-15T21:55:38+00:00,8.57,1.57,0.5
1022500211,betus,2025,Indiana Fever,Washington Mystics,2025-08-15T23:30:00+00:00,2,-8.5,-8.5,2025-08-15T14:55:40+00:00,2025-08-15T21:55:38+00:00,8.57,1.57,0.0
1022500211,bovada,2025,Indiana Fever,Washington Mystics,2025-08-15T23:30:00+00:00,2,-8.5,-8.5,2025-08-15T14:55:40+00:00,2025-08-15T21:55:38+00:00,8.57,1.57,0.0
1022500211,draftkings,2025,Indiana Fever,Washington Mystics,2025-08-15T23:30:00+00:00,2,-8.5,-8.5,2025-08-15T14:55:40+00:00,2025-08-15T21:55:38+00:00,8.57,1.57,0.0
1022500211,fanatics,2025,Indiana Fever,Washington Mystics,2025-08-15T23:30:00+00:00,2,-8.5,-8.5,2025-08-15T14:55:40+00:00,2025-08-15T21:55:38+00:00,8.57,1.57,0.0
1022500211,fanduel,2025,Indiana Fever,Washington Mystics,2025-08-15T23:30:00+00:00,2,-8.5,-8.5,2025-08-15T14:55:40+00:00,2025-08-15T21:55:38+00:00,8.57,1.57,0.0
1022500211,lowvig,2025,Indiana Fever,Washington Mystics,2025-08-15T23:30:00+00:00,2,-8.5,-8.5,2025-08-15T14:55:40+00:00,2025-08-15T21:55:38+00:00,8.57,1.57,0.0
1022500211,mybookieag,2025,Indiana Fever,Washington Mystics,2025-08-15T23:30:00+00:00,2,-8.5,-8.5,2025-08-15T14:55:40+00:00,2025-08-15T21:55:38+00:00,8.57,1.57,0.0
1022500211,williamhill_us,2025,Indiana Fever,Washington Mystics,2025-08-15T23:30:00+00:00,2,-8.5,-8.5,2025-08-15T14:55:40+00:00,2025-08-15T21:55:38+00:00,8.57,1.57,0.0
1022500212,betmgm,2025,Chicago Sky,Golden State Valkyries,2025-08-15T23:30:00+00:00,2,7.5,7.5,2025-08-15T14:55:40+00:00,2025-08-15T21:55:38+00:00,8.57,1.57,0.0
1022500212,betonlineag,2025,Chicago Sky,Golden State Valkyries,2025-08-15T23:30:00+00:00,2,7.5,7.5,2025-08-15T14:55:40+00:00,2025-08-15T21:55:38+00:00,8.57,1.57,0.0
1022500212,betrivers,2025,Chicago Sky,Golden State Valkyries,2025-08-15T23:30:00+00:00,2,6.5,6.5,2025-08-15T14:55:40+00:00,2025-08-15T21:55:38+00:00,8.57,1.57,0.0
1022500212,betus,2025,Chicago Sky,Golden State Valkyries,2025-08-15T23:30:00+00:00,2,7.5,7.5,2025-08-15T14:55:40+00:00,2025-08-15T21:55:38+00:00,8.57,1.57,0.0
1022500212,bovada,2025,Chicago Sky,Golden State Valkyries,2025-08-15T23:30:00+00:00,2,7.0,7.0,2025-08-15T14:55:40+00:00,2025-08-15T21:55:38+00:00,8.57,1.57,0.0
1022500212,draftkings,2025,Chicago Sky,Golden State Valkyries,2025-08-15T23:30:00+00:00,2,7.0,7.0,2025-08-15T14:55:40+00:00,2025-08-15T21:55:38+00:00,8.57,1.57,0.0
1022500212,fanatics,2025,Chicago Sky,Golden State Valkyries,2025-08-15T23:30:00+00:00,2,7.5,7.5,2025-08-15T14:55:40+00:00,2025-08-15T21:55:38+00:00,8.57,1.57,0.0
1022500212,fanduel,2025,Chicago Sky,Golden State Valkyries,2025-08-15T23:30:00+00:00,2,7.5,7.5,2025-08-15T14:55:40+00:00,2025-08-15T21:55:38+00:00,8.57,1.57,0.0
1022500212,lowvig,2025,Chicago Sky,Golden State Valkyries,2025-08-15T23:30:00+00:00,2,7.5,7.5,2025-08-15T14:55:40+00:00,2025-08-15T21:55:38+00:00,8.57,1.57,0.0
1022500212,mybookieag,2025,Chicago Sky,Golden State Valkyries,2025-08-15T23:30:00+00:00,2,7.0,7.5,2025-08-15T14:55:40+00:00,2025-08-15T21:55:38+00:00,8.57,1.57,0.5
1022500212,williamhill_us,2025,Chicago Sky,Golden State Valkyries,2025-08-15T23:30:00+00:00,2,7.0,7.5,2025-08-15T14:55:40+00:00,2025-08-15T21:55:38+00:00,8.57,1.57,0.5
1022500213,betonlineag,2025,Dallas Wings,Los Angeles Sparks,2025-08-15T23:30:00+00:00,2,5.5,5.5,2025-08-15T14:55:40+00:00,2025-08-15T21:55:38+00:00,8.57,1.57,0.0
1022500213,betrivers,2025,Dallas Wings,Los Angeles Sparks,2025-08-15T23:30:00+00:00,2,5.0,5.5,2025-08-15T14:55:40+00:00,2025-08-15T21:55:38+00:00,8.57,1.57,0.5
1022500213,betus,2025,Dallas Wings,Los Angeles Sparks,2025-08-15T23:30:00+00:00,2,5.5,5.5,2025-08-15T14:55:40+00:00,2025-08-15T21:55:38+00:00,8.57,1.57,0.0
1022500213,bovada,2025,Dallas Wings,Los Angeles Sparks,2025-08-15T23:30:00+00:00,2,5.5,6.0,2025-08-15T14:55:40+00:00,2025-08-15T21:55:38+00:00,8.57,1.57,0.5
1022500213,draftkings,2025,Dallas Wings,Los Angeles Sparks,2025-08-15T23:30:00+00:00,3,3.0,5.5,2025-08-13T21:55:38+00:00,2025-08-15T21:55:38+00:00,49.57,1.57,2.5
1022500213,fanatics,2025,Dallas Wings,Los Angeles Sparks,2025-08-15T23:30:00+00:00,3,3.5,5.5,2025-08-13T21:55:38+00:00,2025-08-15T21:55:38+00:00,49.57,1.57,2.0
1022500213,fanduel,2025,Dallas Wings,Los Angeles Sparks,2025-08-15T23:30:00+00:00,3,3.0,5.5,2025-08-13T21:55:38+00:00,2025-08-15T21:55:38+00:00,49.57,1.57,2.5
1022500213,lowvig,2025,Dallas Wings,Los Angeles Sparks,2025-08-15T23:30:00+00:00,2,5.5,5.5,2025-08-15T14:55:40+00:00,2025-08-15T21:55:38+00:00,8.57,1.57,0.0
1022500213,mybookieag,2025,Dallas Wings,Los Angeles Sparks,2025-08-15T23:30:00+00:00,2,5.0,5.5,2025-08-15T14:55:40+00:00,2025-08-15T21:55:38+00:00,8.57,1.57,0.5
1022500213,williamhill_us,2025,Dallas Wings,Los Angeles Sparks,2025-08-15T23:30:00+00:00,3,3.0,5.5,2025-08-13T21:55:38+00:00,2025-08-15T21:55:38+00:00,49.57,1.57,2.5
1022500214,betmgm,2025,Atlanta Dream,Seattle Storm,2025-08-16T02:00:00+00:00,2,-2.5,-2.5,2025-08-15T14:55:40+00:00,2025-08-15T21:55:38+00:00,11.07,4.07,0.0
1022500214,betonlineag,2025,Atlanta Dream,Seattle Storm,2025-08-16T02:00:00+00:00,2,-2.0,-2.0,2025-08-15T14:55:40+00:00,2025-08-15T21:55:38+00:00,11.07,4.07,0.0
1022500214,betrivers,2025,Atlanta Dream,Seattle Storm,2025-08-16T02:00:00+00:00,2,-3.0,-2.0,2025-08-15T14:55:40+00:00,2025-08-15T21:55:38+00:00,11.07,4.07,1.0
1022500214,betus,2025,Atlanta Dream,Seattle Storm,2025-08-16T02:00:00+00:00,2,-2.5,-2.0,2025-08-15T14:55:40+00:00,2025-08-15T21:55:38+00:00,11.07,4.07,0.5
1022500214,bovada,2025,Atlanta Dream,Seattle Storm,2025-08-16T02:00:00+00:00,2,-2.5,-1.5,2025-08-15T14:55:40+00:00,2025-08-15T21:55:38+00:00,11.07,4.07,1.0
1022500214,draftkings,2025,Atlanta Dream,Seattle Storm,2025-08-16T02:00:00+00:00,2,-2.5,-1.5,2025-08-15T14:55:40+00:00,2025-08-15T21:55:38+00:00,11.07,4.07,1.0
1022500214,fanatics,2025,Atlanta Dream,Seattle Storm,2025-08-16T02:00:00+00:00,2,-2.5,-1.5,2025-08-15T14:55:40+00:00,2025-08-15T21:55:38+00:00,11.07,4.07,1.0
1022500214,fanduel,2025,Atlanta Dream,Seattle Storm,2025-08-16T02:00:00+00:00,2,-2.5,-2.0,2025-08-15T14:55:40+00:00,2025-08-15T21:55:38+00:00,11.07,4.07,0.5
1022500214,lowvig,2025,Atlanta Dream,Seattle Storm,2025-08-16T02:00:00+00:00,2,-2.0,-2.0,2025-08-15T14:55:40+00:00,2025-08-15T21:55:38+00:00,11.07,4.07,0.0
1022500214,mybookieag,2025,Atlanta Dream,Seattle Storm,2025-08-16T02:00:00+00:00,2,-2.0,-1.5,2025-08-15T14:55:40+00:00,2025-08-15T21:55:38+00:00,11.07,4.07,0.5
1022500214,williamhill_us,2025,Atlanta Dream,Seattle Storm,2025-08-16T02:00:00+00:00,2,-2.5,-2.0,2025-08-15T14:55:40+00:00,2025-08-15T21:55:38+00:00,11.07,4.07,0.5
1022500215,betmgm,2025,Phoenix Mercury,Las Vegas Aces,2025-08-16T02:00:00+00:00,2,-4.5,-4.5,2025-08-15T14:55:40+00:00,2025-08-15T21:55:38+00:00,11.07,4.07,0.0
1022500215,betonlineag,2025,Phoenix Mercury,Las Vegas Aces,2025-08-16T02:00:00+00:00,2,-4.5,-4.5,2025-08-15T14:55:40+00:00,2025-08-15T21:55:38+00:00,11.07,4.07,0.0
1022500215,betrivers,2025,Phoenix Mercury,Las Vegas Aces,2025-08-16T02:00:00+00:00,2,-4.5,-4.5,2025-08-15T14:55:40+00:00,2025-08-15T21:55:38+00:00,11.07,4.07,0.0
1022500215,betus,2025,Phoenix Mercury,Las Vegas Aces,2025-08-16T02:00:00+00:00,2,-4.5,-4.5,2025-08-15T14:55:40+00:00,2025-08-15T21:55:38+00:00,11.07,4.07,0.0
1022500215,bovada,2025,Phoenix Mercury,Las Vegas Aces,2025-08-16T02:00:00+00:00,2,-4.0,-4.5,2025-08-15T14:55:40+00:00,2025-08-15T21:55:38+00:00,11.07,4.07,0.5
1022500215,draftkings,2025,Phoenix Mercury,Las Vegas Aces,2025-08-16T02:00:00+00:00,2,-4.5,-4.5,2025-08-15T14:55:40+00:00,2025-08-15T21:55:38+00:00,11.07,4.07,0.0
1022500215,fanatics,2025,Phoenix Mercury,Las Vegas Aces,2025-08-16T02:00:00+00:00,2,-4.5,-4.5,2025-08-15T14:55:40+00:00,2025-08-15T21:55:38+00:00,11.07,4.07,0.0
1022500215,fanduel,2025,Phoenix Mercury,Las Vegas Aces,2025-08-16T02:00:00+00:00,2,-4.5,-4.5,2025-08-15T14:55:40+00:00,2025-08-15T21:55:38+00:00,11.07,4.07,0.0
1022500215,lowvig,2025,Phoenix Mercury,Las Vegas Aces,2025-08-16T02:00:00+00:00,2,-4.5,-4.5,2025-08-15T14:55:40+00:00,2025-08-15T21:55:38+00:00,11.07,4.07,0.0
1022500215,mybookieag,2025,Phoenix Mercury,Las Vegas Aces,2025-08-16T02:00:00+00:00,2,-4.5,-4.5,2025-08-15T14:55:40+00:00,2025-08-15T21:55:38+00:00,11.07,4.07,0.0
1022500215,williamhill_us,2025,Phoenix Mercury,Las Vegas Aces,2025-08-16T02:00:00+00:00,2,-4.5,-4.5,2025-08-15T14:55:40+00:00,2025-08-15T21:55:38+00:00,11.07,4.07,0.0
1022500216,betmgm,2025,Minnesota Lynx,New York Liberty,2025-08-16T18:00:00+00:00,2,-2.5,-1.5,2025-08-15T21:55:38+00:00,2025-08-16T14:55:38+00:00,20.07,3.07,1.0
1022500216,betonlineag,2025,Minnesota Lynx,New York Liberty,2025-08-16T18:00:00+00:00,2,-2.0,-2.0,2025-08-15T21:55:38+00:00,2025-08-16T14:55:38+00:00,20.07,3.07,0.0
1022500216,betrivers,2025,Minnesota Lynx,New York Liberty,2025-08-16T18:00:00+00:00,2,-2.5,-1.5,2025-08-15T21:55:38+00:00,2025-08-16T14:55:38+00:00,20.07,3.07,1.0
1022500216,betus,2025,Minnesota Lynx,New York Liberty,2025-08-16T18:00:00+00:00,1,-1.5,-1.5,2025-08-16T14:55:38+00:00,2025-08-16T14:55:38+00:00,3.07,3.07,0.0
1022500216,bovada,2025,Minnesota Lynx,New York Liberty,2025-08-16T18:00:00+00:00,3,-2.5,-1.5,2025-08-15T14:55:40+00:00,2025-08-16T14:55:38+00:00,27.07,3.07,1.0
1022500216,draftkings,2025,Minnesota Lynx,New York Liberty,2025-08-16T18:00:00+00:00,3,-2.0,-1.5,2025-08-15T14:55:40+00:00,2025-08-16T14:55:38+00:00,27.07,3.07,0.5
1022500216,fanatics,2025,Minnesota Lynx,New York Liberty,2025-08-16T18:00:00+00:00,3,-2.5,-1.5,2025-08-15T14:55:40+00:00,2025-08-16T14:55:38+00:00,27.07,3.07,1.0
1022500216,fanduel,2025,Minnesota Lynx,New York Liberty,2025-08-16T18:00:00+00:00,3,-2.5,-1.0,2025-08-15T14:55:40+00:00,2025-08-16T14:55:38+00:00,27.07,3.07,1.5
1022500216,lowvig,2025,Minnesota Lynx,New York Liberty,2025-08-16T18:00:00+00:00,2,-2.0,-2.0,2025-08-15T21:55:38+00:00,2025-08-16T14:55:38+00:00,20.07,3.07,0.0
1022500216,mybookieag,2025,Minnesota Lynx,New York Liberty,2025-08-16T18:00:00+00:00,3,-2.5,-1.5,2025-08-15T14:55:40+00:00,2025-08-16T14:55:38+00:00,27.07,3.07,1.0
1022500216,williamhill_us,2025,Minnesota Lynx,New York Liberty,2025-08-16T18:00:00+00:00,3,-2.0,-1.5,2025-08-15T14:55:40+00:00,2025-08-16T14:55:38+00:00,27.07,3.07,0.5
1022500217,betonlineag,2025,Washington Mystics,Los Angeles Sparks,2025-08-17T19:00:00+00:00,2,4.0,3.0,2025-08-16T21:55:38+00:00,2025-08-17T14:55:38+00:00,21.07,4.07,1.0
1022500217,betrivers,2025,Washington Mystics,Los Angeles Sparks,2025-08-17T19:00:00+00:00,1,3.0,3.0,2025-08-17T14:55:38+00:00,2025-08-17T14:55:38+00:00,4.07,4.07,0.0
1022500217,betus,2025,Washington Mystics,Los Angeles Sparks,2025-08-17T19:00:00+00:00,2,4.0,3.0,2025-08-16T21:55:38+00:00,2025-08-17T14:55:38+00:00,21.07,4.07,1.0
1022500217,bovada,2025,Washington Mystics,Los Angeles Sparks,2025-08-17T19:00:00+00:00,3,6.5,2.5,2025-08-16T14:55:38+00:00,2025-08-17T14:55:38+00:00,28.07,4.07,4.0
1022500217,draftkings,2025,Washington Mystics,Los Angeles Sparks,2025-08-17T19:00:00+00:00,3,6.5,3.0,2025-08-16T14:55:38+00:00,2025-08-17T14:55:38+00:00,28.07,4.07,3.5
1022500217,fanatics,2025,Washington Mystics,Los Angeles Sparks,2025-08-17T19:00:00+00:00,3,6.5,2.5,2025-08-16T14:55:38+00:00,2025-08-17T14:55:38+00:00,28.07,4.07,4.0
1022500217,fanduel,2025,Washington Mystics,Los Angeles Sparks,2025-08-17T19:00:00+00:00,3,6.0,2.5,2025-08-16T14:55:38+00:00,2025-08-17T14:55:38+00:00,28.07,4.07,3.5
1022500217,lowvig,2025,Washington Mystics,Los Angeles Sparks,2025-08-17T19:00:00+00:00,2,4.0,3.0,2025-08-16T21:55:38+00:00,2025-08-17T14:55:38+00:00,21.07,4.07,1.0
1022500217,mybookieag,2025,Washington Mystics,Los Angeles Sparks,2025-08-17T19:00:00+00:00,3,6.5,3.0,2025-08-16T14:55:38+00:00,2025-08-17T14:55:38+00:00,28.07,4.07,3.5
1022500217,williamhill_us,2025,Washington Mystics,Los Angeles Sparks,2025-08-17T19:00:00+00:00,3,6.0,3.0,2025-08-16T14:55:38+00:00,2025-08-17T14:55:38+00:00,28.07,4.07,3.0
1022500218,betmgm,2025,Connecticut Sun,Indiana Fever,2025-08-17T17:00:00+00:00,2,7.5,6.5,2025-08-16T21:55:38+00:00,2025-08-17T14:55:38+00:00,19.07,2.07,1.0
1022500218,betonlineag,2025,Connecticut Sun,Indiana Fever,2025-08-17T17:00:00+00:00,2,7.0,6.0,2025-08-16T21:55:38+00:00,2025-08-17T14:55:38+00:00,19.07,2.07,1.0
1022500218,betrivers,2025,Connecticut Sun,Indiana Fever,2025-08-17T17:00:00+00:00,1,6.0,6.0,2025-08-17T14:55:38+00:00,2025-08-17T14:55:38+00:00,2.07,2.07,0.0
1022500218,betus,2025,Connecticut Sun,Indiana Fever,2025-08-17T17:00:00+00:00,2,7.0,6.5,2025-08-16T21:55:38+00:00,2025-08-17T14:55:38+00:00,19.07,2.07,0.5
1022500218,bovada,2025,Connecticut Sun,Indiana Fever,2025-08-17T17:00:00+00:00,3,8.0,6.5,2025-08-16T14:55:38+00:00,2025-08-17T14:55:38+00:00,26.07,2.07,1.5
1022500218,draftkings,2025,Connecticut Sun,Indiana Fever,2025-08-17T17:00:00+00:00,3,8.0,6.0,2025-08-16T14:55:38+00:00,2025-08-17T14:55:38+00:00,26.07,2.07,2.0
1022500218,fanatics,2025,Connecticut Sun,Indiana Fever,2025-08-17T17:00:00+00:00,3,7.5,6.5,2025-08-16T14:55:38+00:00,2025-08-17T14:55:38+00:00,26.07,2.07,1.0
1022500218,fanduel,2025,Connecticut Sun,Indiana Fever,2025-08-17T17:00:00+00:00,3,8.0,6.0,2025-08-16T14:55:38+00:00,2025-08-17T14:55:38+00:00,26.07,2.07,2.0
1022500218,lowvig,2025,Connecticut Sun,Indiana Fever,2025-08-17T17:00:00+00:00,2,7.0,6.0,2025-08-16T21:55:38+00:00,2025-08-17T14:55:38+00:00,19.07,2.07,1.0
1022500218,mybookieag,2025,Connecticut Sun,Indiana Fever,2025-08-17T17:00:00+00:00,3,8.0,6.0,2025-08-16T14:55:38+00:00,2025-08-17T14:55:38+00:00,26.07,2.07,2.0
1022500218,williamhill_us,2025,Connecticut Sun,Indiana Fever,2025-08-17T17:00:00+00:00,3,8.0,6.0,2025-08-16T14:55:38+00:00,2025-08-17T14:55:38+00:00,26.07,2.07,2.0
1022500219,betmgm,2025,Las Vegas Aces,Dallas Wings,2025-08-17T19:30:00+00:00,2,-9.5,-10.5,2025-08-16T21:55:38+00:00,2025-08-17T14:55:38+00:00,21.57,4.57,1.0
1022500219,betonlineag,2025,Las Vegas Aces,Dallas Wings,2025-08-17T19:30:00+00:00,2,-9.0,-10.5,2025-08-16T21:55:38+00:00,2025-08-17T14:55:38+00:00,21.57,4.57,1.5
1022500219,betrivers,2025,Las Vegas Aces,Dallas Wings,2025-08-17T19:30:00+00:00,1,-10.5,-10.5,2025-08-17T14:55:38+00:00,2025-08-17T14:55:38+00:00,4.57,4.57,0.0
1022500219,betus,2025,Las Vegas Aces,Dallas Wings,2025-08-17T19:30:00+00:00,2,-9.0,-10.5,2025-08-16T21:55:38+00:00,2025-08-17T14:55:38+00:00,21.57,4.57,1.5
1022500219,bovada,2025,Las Vegas Aces,Dallas Wings,2025-08-17T19:30:00+00:00,3,-10.5,-10.5,2025-08-16T14:55:38+00:00,2025-08-17T14:55:38+00:00,28.57,4.57,0.0
1022500219,draftkings,2025,Las Vegas Aces,Dallas Wings,2025-08-17T19:30:00+00:00,3,-10.0,-11.0,2025-08-16T14:55:38+00:00,2025-08-17T14:55:38+00:00,28.57,4.57,1.0
1022500219,fanatics,2025,Las Vegas Aces,Dallas Wings,2025-08-17T19:30:00+00:00,3,-10.5,-10.5,2025-08-16T14:55:38+00:00,2025-08-17T14:55:38+00:00,28.57,4.57,0.0
1022500219,fanduel,2025,Las Vegas Aces,Dallas Wings,2025-08-17T19:30:00+00:00,3,-10.5,-11.0,2025-08-16T14:55:38+00:00,2025-08-17T14:55:38+00:00,28.57,4.57,0.5
1022500219,lowvig,2025,Las Vegas Aces,Dallas Wings,2025-08-17T19:30:00+00:00,2,-9.0,-10.5,2025-08-16T21:55:38+00:00,2025-08-17T14:55:38+00:00,21.57,4.57,1.5
1022500219,mybookieag,2025,Las Vegas Aces,Dallas Wings,2025-08-17T19:30:00+00:00,3,-10.0,-10.5,2025-08-16T14:55:38+00:00,2025-08-17T14:55:38+00:00,28.57,4.57,0.5
1022500219,williamhill_us,2025,Las Vegas Aces,Dallas Wings,2025-08-17T19:30:00+00:00,3,-10.0,-11.0,2025-08-16T14:55:38+00:00,2025-08-17T14:55:38+00:00,28.57,4.57,1.0
1022500220,betmgm,2025,Seattle Storm,Phoenix Mercury,2025-08-17T22:03:00+00:00,3,1.5,-1.5,2025-08-16T21:55:38+00:00,2025-08-17T21:55:38+00:00,24.12,0.12,3.0
1022500220,betonlineag,2025,Seattle Storm,Phoenix Mercury,2025-08-17T22:03:00+00:00,3,1.0,-2.0,2025-08-16T21:55:38+00:00,2025-08-17T21:55:38+00:00,24.12,0.12,3.0
1022500220,betrivers,2025,Seattle Storm,Phoenix Mercury,2025-08-17T22:03:00+00:00,2,-1.0,-2.0,2025-08-17T14:55:38+00:00,2025-08-17T21:55:38+00:00,7.12,0.12,1.0
1022500220,betus,2025,Seattle Storm,Phoenix Mercury,2025-08-17T22:03:00+00:00,3,1.0,-2.0,2025-08-16T21:55:38+00:00,2025-08-17T21:55:38+00:00,24.12,0.12,3.0
1022500220,bovada,2025,Seattle Storm,Phoenix Mercury,2025-08-17T22:03:00+00:00,4,1.0,-2.0,2025-08-16T14:55:38+00:00,2025-08-17T21:55:38+00:00,31.12,0.12,3.0
1022500220,draftkings,2025,Seattle Storm,Phoenix Mercury,2025-08-17T22:03:00+00:00,4,1.0,-2.0,2025-08-16T14:55:38+00:00,2025-08-17T21:55:38+00:00,31.12,0.12,3.0
1022500220,fanatics,2025,Seattle Storm,Phoenix Mercury,2025-08-17T22:03:00+00:00,4,1.5,-1.5,2025-08-16T14:55:38+00:00,2025-08-17T21:55:38+00:00,31.12,0.12,3.0
1022500220,fanduel,2025,Seattle Storm,Phoenix Mercury,2025-08-17T22:03:00+00:00,4,1.0,-2.0,2025-08-16T14:55:38+00:00,2025-08-17T21:55:38+00:00,31.12,0.12,3.0
1022500220,lowvig,2025,Seattle Storm,Phoenix Mercury,2025-08-17T22:03:00+00:00,3,1.0,-2.0,2025-08-16T21:55:38+00:00,2025-08-17T21:55:38+00:00,24.12,0.12,3.0
1022500220,mybookieag,2025,Seattle Storm,Phoenix Mercury,2025-08-17T22:03:00+00:00,4,1.0,-2.0,2025-08-16T14:55:38+00:00,2025-08-17T21:55:38+00:00,31.12,0.12,3.0
1022500220,williamhill_us,2025,Seattle Storm,Phoenix Mercury,2025-08-17T22:03:00+00:00,4,1.0,-2.0,2025-08-16T14:55:38+00:00,2025-08-17T21:55:38+00:00,31.12,0.12,3.0
1022500221,betmgm,2025,Golden State Valkyries,Atlanta Dream,2025-08-18T00:30:00+00:00,3,5.5,4.5,2025-08-16T21:55:38+00:00,2025-08-17T21:55:38+00:00,26.57,2.57,1.0
1022500221,betonlineag,2025,Golden State Valkyries,Atlanta Dream,2025-08-18T00:30:00+00:00,2,3.0,4.5,2025-08-17T14:55:38+00:00,2025-08-17T21:55:38+00:00,9.57,2.57,1.5
1022500221,betrivers,2025,Golden State Valkyries,Atlanta Dream,2025-08-18T00:30:00+00:00,2,4.0,4.5,2025-08-17T14:55:38+00:00,2025-08-17T21:55:38+00:00,9.57,2.57,0.5
1022500221,betus,2025,Golden State Valkyries,Atlanta Dream,2025-08-18T00:30:00+00:00,2,3.5,4.5,2025-08-17T14:55:38+00:00,2025-08-17T21:55:38+00:00,9.57,2.57,1.0
1022500221,bovada,2025,Golden State Valkyries,Atlanta Dream,2025-08-18T00:30:00+00:00,4,5.5,4.5,2025-08-16T14:55:38+00:00,2025-08-17T21:55:38+00:00,33.57,2.57,1.0
1022500221,draftkings,2025,Golden State Valkyries,Atlanta Dream,2025-08-18T00:30:00+00:00,4,6.0,4.5,2025-08-16T14:55:38+00:00,2025-08-17T21:55:38+00:00,33.57,2.57,1.5
1022500221,fanatics,2025,Golden State Valkyries,Atlanta Dream,2025-08-18T00:30:00+00:00,4,5.5,4.5,2025-08-16T14:55:38+00:00,2025-08-17T21:55:38+00:00,33.57,2.57,1.0
1022500221,fanduel,2025,Golden State Valkyries,Atlanta Dream,2025-08-18T00:30:00+00:00,4,6.0,4.5,2025-08-16T14:55:38+00:00,2025-08-17T21:55:38+00:00,33.57,2.57,1.5
1022500221,lowvig,2025,Golden State Valkyries,Atlanta Dream,2025-08-18T00:30:00+00:00,2,3.0,4.5,2025-08-17T14:55:38+00:00,2025-08-17T21:55:38+00:00,9.57,2.57,1.5
1022500221,mybookieag,2025,Golden State Valkyries,Atlanta Dream,2025-08-18T00:30:00+00:00,4,6.0,4.5,2025-08-16T14:55:38+00:00,2025-08-17T21:55:38+00:00,33.57,2.57,1.5
1022500221,williamhill_us,2025,Golden State Valkyries,Atlanta Dream,2025-08-18T00:30:00+00:00,4,5.5,4.5,2025-08-16T14:55:38+00:00,2025-08-17T21:55:38+00:00,33.57,2.57,1.0
1022500222,betmgm,2025,New York Liberty,Minnesota Lynx,2025-08-19T23:00:00+00:00,2,-3.5,-3.5,2025-08-19T14:55:38+00:00,2025-08-19T21:55:39+00:00,8.07,1.07,0.0
1022500222,betonlineag,2025,New York Liberty,Minnesota Lynx,2025-08-19T23:00:00+00:00,2,-3.0,-2.5,2025-08-19T14:55:38+00:00,2025-08-19T21:55:39+00:00,8.07,1.07,0.5
1022500222,betrivers,2025,New York Liberty,Minnesota Lynx,2025-08-19T23:00:00+00:00,2,-3.0,-3.0,2025-08-19T14:55:38+00:00,2025-08-19T21:55:39+00:00,8.07,1.07,0.0
1022500222,betus,2025,New York Liberty,Minnesota Lynx,2025-08-19T23:00:00+00:00,2,-3.0,-3.0,2025-08-19T14:55:38+00:00,2025-08-19T21:55:39+00:00,8.07,1.07,0.0
1022500222,bovada,2025,New York Liberty,Minnesota Lynx,2025-08-19T23:00:00+00:00,2,-3.0,-3.0,2025-08-19T14:55:38+00:00,2025-08-19T21:55:39+00:00,8.07,1.07,0.0
1022500222,draftkings,2025,New York Liberty,Minnesota Lynx,2025-08-19T23:00:00+00:00,4,1.0,-3.0,2025-08-17T14:55:38+00:00,2025-08-19T21:55:39+00:00,56.07,1.07,4.0
1022500222,fanatics,2025,New York Liberty,Minnesota Lynx,2025-08-19T23:00:00+00:00,4,1.5,-3.5,2025-08-17T14:55:38+00:00,2025-08-19T21:55:39+00:00,56.07,1.07,5.0
1022500222,fanduel,2025,New York Liberty,Minnesota Lynx,2025-08-19T23:00:00+00:00,4,1.0,-3.0,2025-08-17T14:55:38+00:00,2025-08-19T21:55:39+00:00,56.07,1.07,4.0
1022500222,lowvig,2025,New York Liberty,Minnesota Lynx,2025-08-19T23:00:00+00:00,2,-3.0,-2.5,2025-08-19T14:55:38+00:00,2025-08-19T21:55:39+00:00,8.07,1.07,0.5
1022500222,mybookieag,2025,New York Liberty,Minnesota Lynx,2025-08-19T23:00:00+00:00,4,1.0,-3.0,2025-08-17T14:55:38+00:00,2025-08-19T21:55:39+00:00,56.07,1.07,4.0
1022500222,williamhill_us,2025,New York Liberty,Minnesota Lynx,2025-08-19T23:00:00+00:00,3,1.0,-3.0,2025-08-17T21:55:38+00:00,2025-08-19T21:55:39+00:00,49.07,1.07,4.0
1022500223,betmgm,2025,Washington Mystics,Connecticut Sun,2025-08-19T23:30:00+00:00,2,-5.5,-5.5,2025-08-19T14:55:38+00:00,2025-08-19T21:55:39+00:00,8.57,1.57,0.0
1022500223,betonlineag,2025,Washington Mystics,Connecticut Sun,2025-08-19T23:30:00+00:00,2,-6.0,-6.0,2025-08-19T14:55:38+00:00,2025-08-19T21:55:39+00:00,8.57,1.57,0.0
1022500223,betrivers,2025,Washington Mystics,Connecticut Sun,2025-08-19T23:30:00+00:00,2,-6.0,-6.5,2025-08-19T14:55:38+00:00,2025-08-19T21:55:39+00:00,8.57,1.57,0.5
1022500223,betus,2025,Washington Mystics,Connecticut Sun,2025-08-19T23:30:00+00:00,2,-6.0,-6.0,2025-08-19T14:55:38+00:00,2025-08-19T21:55:39+00:00,8.57,1.57,0.0
1022500223,bovada,2025,Washington Mystics,Connecticut Sun,2025-08-19T23:30:00+00:00,2,-6.5,-6.5,2025-08-19T14:55:38+00:00,2025-08-19T21:55:39+00:00,8.57,1.57,0.0
1022500223,draftkings,2025,Washington Mystics,Connecticut Sun,2025-08-19T23:30:00+00:00,3,-6.0,-6.0,2025-08-17T21:55:38+00:00,2025-08-19T21:55:39+00:00,49.57,1.57,0.0
1022500223,fanatics,2025,Washington Mystics,Connecticut Sun,2025-08-19T23:30:00+00:00,3,-6.5,-6.5,2025-08-17T21:55:38+00:00,2025-08-19T21:55:39+00:00,49.57,1.57,0.0
1022500223,fanduel,2025,Washington Mystics,Connecticut Sun,2025-08-19T23:30:00+00:00,3,-6.0,-6.0,2025-08-17T21:55:38+00:00,2025-08-19T21:55:39+00:00,49.57,1.57,0.0
1022500223,lowvig,2025,Washington Mystics,Connecticut Sun,2025-08-19T23:30:00+00:00,2,-6.0,-6.0,2025-08-19T14:55:38+00:00,2025-08-19T21:55:39+00:00,8.57,1.57,0.0
1022500223,mybookieag,2025,Washington Mystics,Connecticut Sun,2025-08-19T23:30:00+00:00,2,-6.0,-6.0,2025-08-19T14:55:38+00:00,2025-08-19T21:55:39+00:00,8.57,1.57,0.0
1022500223,williamhill_us,2025,Washington Mystics,Connecticut Sun,2025-08-19T23:30:00+00:00,2,-6.0,-6.0,2025-08-19T14:55:38+00:00,2025-08-19T21:55:39+00:00,8.57,1.57,0.0
1022500224,betmgm,2025,Chicago Sky,Seattle Storm,2025-08-20T00:00:00+00:00,2,11.5,10.5,2025-08-19T14:55:38+00:00,2025-08-19T21:55:39+00:00,9.07,2.07,1.0
1022500224,betonlineag,2025,Chicago Sky,Seattle Storm,2025-08-20T00:00:00+00:00,2,11.0,11.0,2025-08-19T14:55:38+00:00,2025-08-19T21:55:39+00:00,9.07,2.07,0.0
1022500224,betrivers,2025,Chicago Sky,Seattle Storm,2025-08-20T00:00:00+00:00,2,11.5,11.0,2025-08-19T14:55:38+00:00,2025-08-19T21:55:39+00:00,9.07,2.07,0.5
1022500224,betus,2025,Chicago Sky,Seattle Storm,2025-08-20T00:00:00+00:00,2,11.0,10.5,2025-08-19T14:55:38+00:00,2025-08-19T21:55:39+00:00,9.07,2.07,0.5
1022500224,bovada,2025,Chicago Sky,Seattle Storm,2025-08-20T00:00:00+00:00,2,11.0,10.5,2025-08-19T14:55:38+00:00,2025-08-19T21:55:39+00:00,9.07,2.07,0.5
1022500224,draftkings,2025,Chicago Sky,Seattle Storm,2025-08-20T00:00:00+00:00,2,11.5,10.5,2025-08-19T14:55:38+00:00,2025-08-19T21:55:39+00:00,9.07,2.07,1.0
1022500224,fanatics,2025,Chicago Sky,Seattle Storm,2025-08-20T00:00:00+00:00,2,11.5,10.5,2025-08-19T14:55:38+00:00,2025-08-19T21:55:39+00:00,9.07,2.07,1.0
1022500224,fanduel,2025,Chicago Sky,Seattle Storm,2025-08-20T00:00:00+00:00,2,11.0,10.5,2025-08-19T14:55:38+00:00,2025-08-19T21:55:39+00:00,9.07,2.07,0.5
1022500224,lowvig,2025,Chicago Sky,Seattle Storm,2025-08-20T00:00:00+00:00,2,11.0,11.0,2025-08-19T14:55:38+00:00,2025-08-19T21:55:39+00:00,9.07,2.07,0.0
1022500224,mybookieag,2025,Chicago Sky,Seattle Storm,2025-08-20T00:00:00+00:00,2,11.5,11.0,2025-08-19T14:55:38+00:00,2025-08-19T21:55:39+00:00,9.07,2.07,0.5
1022500224,williamhill_us,2025,Chicago Sky,Seattle Storm,2025-08-20T00:00:00+00:00,2,11.0,11.0,2025-08-19T14:55:38+00:00,2025-08-19T21:55:39+00:00,9.07,2.07,0.0
1022500225,betmgm,2025,Las Vegas Aces,Atlanta Dream,2025-08-20T02:00:00+00:00,2,-2.5,-2.5,2025-08-19T14:55:38+00:00,2025-08-19T21:55:39+00:00,11.07,4.07,0.0
1022500225,betonlineag,2025,Las Vegas Aces,Atlanta Dream,2025-08-20T02:00:00+00:00,2,-2.0,-2.5,2025-08-19T14:55:38+00:00,2025-08-19T21:55:39+00:00,11.07,4.07,0.5
1022500225,betrivers,2025,Las Vegas Aces,Atlanta Dream,2025-08-20T02:00:00+00:00,2,-2.5,-2.5,2025-08-19T14:55:38+00:00,2025-08-19T21:55:39+00:00,11.07,4.07,0.0
1022500225,betus,2025,Las Vegas Aces,Atlanta Dream,2025-08-20T02:00:00+00:00,2,-2.0,-2.5,2025-08-19T14:55:38+00:00,2025-08-19T21:55:39+00:00,11.07,4.07,0.5
1022500225,bovada,2025,Las Vegas Aces,Atlanta Dream,2025-08-20T02:00:00+00:00,2,-2.0,-2.5,2025-08-19T14:55:38+00:00,2025-08-19T21:55:39+00:00,11.07,4.07,0.5
1022500225,draftkings,2025,Las Vegas Aces,Atlanta Dream,2025-08-20T02:00:00+00:00,2,-2.0,-2.5,2025-08-19T14:55:38+00:00,2025-08-19T21:55:39+00:00,11.07,4.07,0.5
1022500225,fanatics,2025,Las Vegas Aces,Atlanta Dream,2025-08-20T02:00:00+00:00,2,-2.5,-2.5,2025-08-19T14:55:38+00:00,2025-08-19T21:55:39+00:00,11.07,4.07,0.0
1022500225,fanduel,2025,Las Vegas Aces,Atlanta Dream,2025-08-20T02:00:00+00:00,2,-2.0,-2.0,2025-08-19T14:55:38+00:00,2025-08-19T21:55:39+00:00,11.07,4.07,0.0
1022500225,lowvig,2025,Las Vegas Aces,Atlanta Dream,2025-08-20T02:00:00+00:00,2,-2.0,-2.5,2025-08-19T14:55:38+00:00,2025-08-19T21:55:39+00:00,11.07,4.07,0.5
1022500225,mybookieag,2025,Las Vegas Aces,Atlanta Dream,2025-08-20T02:00:00+00:00,2,-2.0,-2.5,2025-08-19T14:55:38+00:00,2025-08-19T21:55:39+00:00,11.07,4.07,0.5
1022500225,williamhill_us,2025,Las Vegas Aces,Atlanta Dream,2025-08-20T02:00:00+00:00,2,-2.0,-2.5,2025-08-19T14:55:38+00:00,2025-08-19T21:55:39+00:00,11.07,4.07,0.5
1022500226,betmgm,2025,Golden State Valkyries,Phoenix Mercury,2025-08-20T02:00:00+00:00,2,6.5,6.5,2025-08-19T14:55:38+00:00,2025-08-19T21:55:39+00:00,11.07,4.07,0.0
1022500226,betonlineag,2025,Golden State Valkyries,Phoenix Mercury,2025-08-20T02:00:00+00:00,2,6.5,6.5,2025-08-19T14:55:38+00:00,2025-08-19T21:55:39+00:00,11.07,4.07,0.0
1022500226,betrivers,2025,Golden State Valkyries,Phoenix Mercury,2025-08-20T02:00:00+00:00,2,6.5,6.5,2025-08-19T14:55:38+00:00,2025-08-19T21:55:39+00:00,11.07,4.07,0.0
1022500226,betus,2025,Golden State Valkyries,Phoenix Mercury,2025-08-20T02:00:00+00:00,2,6.5,6.5,2025-08-19T14:55:38+00:00,2025-08-19T21:55:39+00:00,11.07,4.07,0.0
1022500226,bovada,2025,Golden State Valkyries,Phoenix Mercury,2025-08-20T02:00:00+00:00,2,6.5,6.5,2025-08-19T14:55:38+00:00,2025-08-19T21:55:39+00:00,11.07,4.07,0.0
1022500226,draftkings,2025,Golden State Valkyries,Phoenix Mercury,2025-08-20T02:00:00+00:00,2,6.5,6.5,2025-08-19T14:55:38+00:00,2025-08-19T21:55:39+00:00,11.07,4.07,0.0
1022500226,fanatics,2025,Golden State Valkyries,Phoenix Mercury,2025-08-20T02:00:00+00:00,2,6.5,6.5,2025-08-19T14:55:38+00:00,2025-08-19T21:55:39+00:00,11.07,4.07,0.0
1022500226,fanduel,2025,Golden State Valkyries,Phoenix Mercury,2025-08-20T02:00:00+00:00,2,6.0,6.5,2025-08-19T14:55:38+00:00,2025-08-19T21:55:39+00:00,11.07,4.07,0.5
1022500226,lowvig,2025,Golden State Valkyries,Phoenix Mercury,2025-08-20T02:00:00+00:00,2,6.5,6.5,2025-08-19T14:55:38+00:00,2025-08-19T21:55:39+00:00,11.07,4.07,0.0
1022500226,mybookieag,2025,Golden State Valkyries,Phoenix Mercury,2025-08-20T02:00:00+00:00,2,6.5,6.5,2025-08-19T14:55:38+00:00,2025-08-19T21:55:39+00:00,11.07,4.07,0.0
1022500226,williamhill_us,2025,Golden State Valkyries,Phoenix Mercury,2025-08-20T02:00:00+00:00,2,6.5,6.5,2025-08-19T14:55:38+00:00,2025-08-19T21:55:39+00:00,11.07,4.07,0.0
1022500227,betonlineag,2025,Los Angeles Sparks,Dallas Wings,2025-08-21T02:00:00+00:00,3,-7.5,-8.5,2025-08-19T21:55:39+00:00,2025-08-20T21:55:39+00:00,28.07,4.07,1.0
1022500227,betrivers,2025,Los Angeles Sparks,Dallas Wings,2025-08-21T02:00:00+00:00,4,-7.5,-8.5,2025-08-19T14:55:38+00:00,2025-08-20T21:55:39+00:00,35.07,4.07,1.0
1022500227,betus,2025,Los Angeles Sparks,Dallas Wings,2025-08-21T02:00:00+00:00,2,-8.0,-8.5,2025-08-20T14:55:38+00:00,2025-08-20T21:55:39+00:00,11.07,4.07,0.5
1022500227,bovada,2025,Los Angeles Sparks,Dallas Wings,2025-08-21T02:00:00+00:00,3,-7.5,-8.5,2025-08-19T21:55:39+00:00,2025-08-20T21:55:39+00:00,28.07,4.07,1.0
1022500227,draftkings,2025,Los Angeles Sparks,Dallas Wings,2025-08-21T02:00:00+00:00,4,-7.5,-8.0,2025-08-19T14:55:38+00:00,2025-08-20T21:55:39+00:00,35.07,4.07,0.5
1022500227,fanatics,2025,Los Angeles Sparks,Dallas Wings,2025-08-21T02:00:00+00:00,4,-7.5,-8.5,2025-08-19T14:55:38+00:00,2025-08-20T21:55:39+00:00,35.07,4.07,1.0
1022500227,fanduel,2025,Los Angeles Sparks,Dallas Wings,2025-08-21T02:00:00+00:00,4,-7.5,-8.0,2025-08-19T14:55:38+00:00,2025-08-20T21:55:39+00:00,35.07,4.07,0.5
1022500227,lowvig,2025,Los Angeles Sparks,Dallas Wings,2025-08-21T02:00:00+00:00,3,-7.5,-8.5,2025-08-19T21:55:39+00:00,2025-08-20T21:55:39+00:00,28.07,4.07,1.0
1022500227,mybookieag,2025,Los Angeles Sparks,Dallas Wings,2025-08-21T02:00:00+00:00,4,-7.5,-8.5,2025-08-19T14:55:38+00:00,2025-08-20T21:55:39+00:00,35.07,4.07,1.0
1022500227,williamhill_us,2025,Los Angeles Sparks,Dallas Wings,2025-08-21T02:00:00+00:00,4,-7.5,-8.0,2025-08-19T14:55:38+00:00,2025-08-20T21:55:39+00:00,35.07,4.07,0.5
1022500228,betmgm,2025,Connecticut Sun,Washington Mystics,2025-08-21T23:00:00+00:00,4,2.5,2.5,2025-08-20T14:55:38+00:00,2025-08-21T21:55:39+00:00,32.07,1.07,0.0
1022500228,betonlineag,2025,Connecticut Sun,Washington Mystics,2025-08-21T23:00:00+00:00,3,3.0,2.5,2025-08-20T21:55:39+00:00,2025-08-21T21:55:39+00:00,25.07,1.07,0.5
1022500228,betrivers,2025,Connecticut Sun,Washington Mystics,2025-08-21T23:00:00+00:00,4,3.0,3.0,2025-08-20T14:55:38+00:00,2025-08-21T21:55:39+00:00,32.07,1.07,0.0
1022500228,betus,2025,Connecticut Sun,Washington Mystics,2025-08-21T23:00:00+00:00,2,2.5,2.5,2025-08-21T14:55:39+00:00,2025-08-21T21:55:39+00:00,8.07,1.07,0.0
1022500228,bovada,2025,Connecticut Sun,Washington Mystics,2025-08-21T23:00:00+00:00,3,2.5,2.5,2025-08-20T21:55:39+00:00,2025-08-21T21:55:39+00:00,25.07,1.07,0.0
1022500228,draftkings,2025,Connecticut Sun,Washington Mystics,2025-08-21T23:00:00+00:00,4,2.5,2.5,2025-08-20T14:55:38+00:00,2025-08-21T21:55:39+00:00,32.07,1.07,0.0
1022500228,fanatics,2025,Connecticut Sun,Washington Mystics,2025-08-21T23:00:00+00:00,4,2.5,2.5,2025-08-20T14:55:38+00:00,2025-08-21T21:55:39+00:00,32.07,1.07,0.0
1022500228,fanduel,2025,Connecticut Sun,Washington Mystics,2025-08-21T23:00:00+00:00,4,2.5,2.0,2025-08-20T14:55:38+00:00,2025-08-21T21:55:39+00:00,32.07,1.07,0.5
1022500228,lowvig,2025,Connecticut Sun,Washington Mystics,2025-08-21T23:00:00+00:00,3,3.0,2.5,2025-08-20T21:55:39+00:00,2025-08-21T21:55:39+00:00,25.07,1.07,0.5
1022500228,mybookieag,2025,Connecticut Sun,Washington Mystics,2025-08-21T23:00:00+00:00,4,2.5,2.5,2025-08-20T14:55:38+00:00,2025-08-21T21:55:39+00:00,32.07,1.07,0.0
1022500228,williamhill_us,2025,Connecticut Sun,Washington Mystics,2025-08-21T23:00:00+00:00,4,2.5,2.5,2025-08-20T14:55:38+00:00,2025-08-21T21:55:39+00:00,32.07,1.07,0.0
1022500229,betmgm,2025,New York Liberty,Chicago Sky,2025-08-21T23:00:00+00:00,4,-12.5,-15.5,2025-08-20T14:55:38+00:00,2025-08-21T21:55:39+00:00,32.07,1.07,3.0
1022500229,betonlineag,2025,New York Liberty,Chicago Sky,2025-08-21T23:00:00+00:00,3,-13.0,-15.0,2025-08-20T21:55:39+00:00,2025-08-21T21:55:39+00:00,25.07,1.07,2.0
1022500229,betrivers,2025,New York Liberty,Chicago Sky,2025-08-21T23:00:00+00:00,4,-13.5,-15.0,2025-08-20T14:55:38+00:00,2025-08-21T21:55:39+00:00,32.07,1.07,1.5
1022500229,betus,2025,New York Liberty,Chicago Sky,2025-08-21T23:00:00+00:00,2,-15.5,-15.0,2025-08-21T14:55:39+00:00,2025-08-21T21:55:39+00:00,8.07,1.07,0.5
1022500229,bovada,2025,New York Liberty,Chicago Sky,2025-08-21T23:00:00+00:00,3,-13.0,-15.5,2025-08-20T21:55:39+00:00,2025-08-21T21:55:39+00:00,25.07,1.07,2.5
1022500229,draftkings,2025,New York Liberty,Chicago Sky,2025-08-21T23:00:00+00:00,4,-13.0,-15.0,2025-08-20T14:55:38+00:00,2025-08-21T21:55:39+00:00,32.07,1.07,2.0
1022500229,fanatics,2025,New York Liberty,Chicago Sky,2025-08-21T23:00:00+00:00,4,-13.5,-15.5,2025-08-20T14:55:38+00:00,2025-08-21T21:55:39+00:00,32.07,1.07,2.0
1022500229,fanduel,2025,New York Liberty,Chicago Sky,2025-08-21T23:00:00+00:00,4,-13.5,-15.0,2025-08-20T14:55:38+00:00,2025-08-21T21:55:39+00:00,32.07,1.07,1.5
1022500229,lowvig,2025,New York Liberty,Chicago Sky,2025-08-21T23:00:00+00:00,3,-13.0,-15.0,2025-08-20T21:55:39+00:00,2025-08-21T21:55:39+00:00,25.07,1.07,2.0
1022500229,mybookieag,2025,New York Liberty,Chicago Sky,2025-08-21T23:00:00+00:00,4,-13.0,-15.0,2025-08-20T14:55:38+00:00,2025-08-21T21:55:39+00:00,32.07,1.07,2.0
1022500229,williamhill_us,2025,New York Liberty,Chicago Sky,2025-08-21T23:00:00+00:00,4,-13.0,-15.0,2025-08-20T14:55:38+00:00,2025-08-21T21:55:39+00:00,32.07,1.07,2.0
1022500230,betmgm,2025,Atlanta Dream,Minnesota Lynx,2025-08-21T23:30:00+00:00,4,1.5,2.5,2025-08-20T14:55:38+00:00,2025-08-21T21:55:39+00:00,32.57,1.57,1.0
1022500230,betonlineag,2025,Atlanta Dream,Minnesota Lynx,2025-08-21T23:30:00+00:00,3,2.0,2.5,2025-08-20T21:55:39+00:00,2025-08-21T21:55:39+00:00,25.57,1.57,0.5
1022500230,betrivers,2025,Atlanta Dream,Minnesota Lynx,2025-08-21T23:30:00+00:00,4,1.5,2.5,2025-08-20T14:55:38+00:00,2025-08-21T21:55:39+00:00,32.57,1.57,1.0
1022500230,betus,2025,Atlanta Dream,Minnesota Lynx,2025-08-21T23:30:00+00:00,2,3.0,2.5,2025-08-21T14:55:39+00:00,2025-08-21T21:55:39+00:00,8.57,1.57,0.5
1022500230,bovada,2025,Atlanta Dream,Minnesota Lynx,2025-08-21T23:30:00+00:00,3,2.0,2.5,2025-08-20T21:55:39+00:00,2025-08-21T21:55:39+00:00,25.57,1.57,0.5
1022500230,draftkings,2025,Atlanta Dream,Minnesota Lynx,2025-08-21T23:30:00+00:00,4,1.5,2.5,2025-08-20T14:55:38+00:00,2025-08-21T21:55:39+00:00,32.57,1.57,1.0
1022500230,fanatics,2025,Atlanta Dream,Minnesota Lynx,2025-08-21T23:30:00+00:00,4,1.5,2.5,2025-08-20T14:55:38+00:00,2025-08-21T21:55:39+00:00,32.57,1.57,1.0
1022500230,fanduel,2025,Atlanta Dream,Minnesota Lynx,2025-08-21T23:30:00+00:00,4,1.0,2.5,2025-08-20T14:55:38+00:00,2025-08-21T21:55:39+00:00,32.57,1.57,1.5
1022500230,lowvig,2025,Atlanta Dream,Minnesota Lynx,2025-08-21T23:30:00+00:00,3,2.0,2.5,2025-08-20T21:55:39+00:00,2025-08-21T21:55:39+00:00,25.57,1.57,0.5
1022500230,mybookieag,2025,Atlanta Dream,Minnesota Lynx,2025-08-21T23:30:00+00:00,4,1.5,2.5,2025-08-20T14:55:38+00:00,2025-08-21T21:55:39+00:00,32.57,1.57,1.0
1022500230,williamhill_us,2025,Atlanta Dream,Minnesota Lynx,2025-08-21T23:30:00+00:00,4,1.5,2.5,2025-08-20T14:55:38+00:00,2025-08-21T21:55:39+00:00,32.57,1.57,1.0
1022500231,betmgm,2025,Las Vegas Aces,Phoenix Mercury,2025-08-22T02:00:00+00:00,4,-1.5,-1.5,2025-08-20T14:55:38+00:00,2025-08-21T21:55:39+00:00,35.07,4.07,0.0
1022500231,betonlineag,2025,Las Vegas Aces,Phoenix Mercury,2025-08-22T02:00:00+00:00,3,-2.0,-1.0,2025-08-20T21:55:39+00:00,2025-08-21T21:55:39+00:00,28.07,4.07,1.0
1022500231,betrivers,2025,Las Vegas Aces,Phoenix Mercury,2025-08-22T02:00:00+00:00,4,-2.0,-1.0,2025-08-20T14:55:38+00:00,2025-08-21T21:55:39+00:00,35.07,4.07,1.0
1022500231,betus,2025,Las Vegas Aces,Phoenix Mercury,2025-08-22T02:00:00+00:00,2,-1.5,-1.5,2025-08-21T14:55:39+00:00,2025-08-21T21:55:39+00:00,11.07,4.07,0.0
1022500231,bovada,2025,Las Vegas Aces,Phoenix Mercury,2025-08-22T02:00:00+00:00,3,-2.0,-1.5,2025-08-20T21:55:39+00:00,2025-08-21T21:55:39+00:00,28.07,4.07,0.5
1022500231,draftkings,2025,Las Vegas Aces,Phoenix Mercury,2025-08-22T02:00:00+00:00,4,-1.5,-1.5,2025-08-20T14:55:38+00:00,2025-08-21T21:55:39+00:00,35.07,4.07,0.0
1022500231,fanatics,2025,Las Vegas Aces,Phoenix Mercury,2025-08-22T02:00:00+00:00,4,-1.5,-1.5,2025-08-20T14:55:38+00:00,2025-08-21T21:55:39+00:00,35.07,4.07,0.0
1022500231,fanduel,2025,Las Vegas Aces,Phoenix Mercury,2025-08-22T02:00:00+00:00,4,-1.5,-1.0,2025-08-20T14:55:38+00:00,2025-08-21T21:55:39+00:00,35.07,4.07,0.5
1022500231,lowvig,2025,Las Vegas Aces,Phoenix Mercury,2025-08-22T02:00:00+00:00,3,-2.0,-1.0,2025-08-20T21:55:39+00:00,2025-08-21T21:55:39+00:00,28.07,4.07,1.0
1022500231,mybookieag,2025,Las Vegas Aces,Phoenix Mercury,2025-08-22T02:00:00+00:00,4,-1.5,-1.5,2025-08-20T14:55:38+00:00,2025-08-21T21:55:39+00:00,35.07,4.07,0.0
1022500231,williamhill_us,2025,Las Vegas Aces,Phoenix Mercury,2025-08-22T02:00:00+00:00,4,-1.5,-1.0,2025-08-20T14:55:38+00:00,2025-08-21T21:55:39+00:00,35.07,4.07,0.5
1022500232,betmgm,2025,Indiana Fever,Minnesota Lynx,2025-08-22T23:30:00+00:00,2,6.5,7.5,2025-08-22T14:55:39+00:00,2025-08-22T21:55:39+00:00,8.57,1.57,1.0
1022500232,betonlineag,2025,Indiana Fever,Minnesota Lynx,2025-08-22T23:30:00+00:00,2,7.0,7.0,2025-08-22T14:55:39+00:00,2025-08-22T21:55:39+00:00,8.57,1.57,0.0
1022500232,betrivers,2025,Indiana Fever,Minnesota Lynx,2025-08-22T23:30:00+00:00,2,6.5,7.0,2025-08-22T14:55:39+00:00,2025-08-22T21:55:39+00:00,8.57,1.57,0.5
1022500232,betus,2025,Indiana Fever,Minnesota Lynx,2025-08-22T23:30:00+00:00,2,7.0,7.0,2025-08-22T14:55:39+00:00,2025-08-22T21:55:39+00:00,8.57,1.57,0.0
1022500232,bovada,2025,Indiana Fever,Minnesota Lynx,2025-08-22T23:30:00+00:00,2,7.0,7.5,2025-08-22T14:55:39+00:00,2025-08-22T21:55:39+00:00,8.57,1.57,0.5
1022500232,draftkings,2025,Indiana Fever,Minnesota Lynx,2025-08-22T23:30:00+00:00,2,7.0,7.5,2025-08-22T14:55:39+00:00,2025-08-22T21:55:39+00:00,8.57,1.57,0.5
1022500232,fanatics,2025,Indiana Fever,Minnesota Lynx,2025-08-22T23:30:00+00:00,2,6.5,7.5,2025-08-22T14:55:39+00:00,2025-08-22T21:55:39+00:00,8.57,1.57,1.0
1022500232,fanduel,2025,Indiana Fever,Minnesota Lynx,2025-08-22T23:30:00+00:00,2,6.5,7.5,2025-08-22T14:55:39+00:00,2025-08-22T21:55:39+00:00,8.57,1.57,1.0
1022500232,lowvig,2025,Indiana Fever,Minnesota Lynx,2025-08-22T23:30:00+00:00,2,7.0,7.0,2025-08-22T14:55:39+00:00,2025-08-22T21:55:39+00:00,8.57,1.57,0.0
1022500232,mybookieag,2025,Indiana Fever,Minnesota Lynx,2025-08-22T23:30:00+00:00,2,6.5,7.5,2025-08-22T14:55:39+00:00,2025-08-22T21:55:39+00:00,8.57,1.57,1.0
1022500232,williamhill_us,2025,Indiana Fever,Minnesota Lynx,2025-08-22T23:30:00+00:00,2,7.0,7.5,2025-08-22T14:55:39+00:00,2025-08-22T21:55:39+00:00,8.57,1.57,0.5
1022500233,betmgm,2025,Dallas Wings,Seattle Storm,2025-08-22T23:30:00+00:00,3,7.5,7.5,2025-08-21T21:55:39+00:00,2025-08-22T21:55:39+00:00,25.57,1.57,0.0
1022500233,betonlineag,2025,Dallas Wings,Seattle Storm,2025-08-22T23:30:00+00:00,4,6.5,8.0,2025-08-21T14:55:39+00:00,2025-08-22T21:55:39+00:00,32.57,1.57,1.5
1022500233,betrivers,2025,Dallas Wings,Seattle Storm,2025-08-22T23:30:00+00:00,2,7.5,8.0,2025-08-22T14:55:39+00:00,2025-08-22T21:55:39+00:00,8.57,1.57,0.5
1022500233,betus,2025,Dallas Wings,Seattle Storm,2025-08-22T23:30:00+00:00,2,7.5,8.0,2025-08-22T14:55:39+00:00,2025-08-22T21:55:39+00:00,8.57,1.57,0.5
1022500233,bovada,2025,Dallas Wings,Seattle Storm,2025-08-22T23:30:00+00:00,4,6.5,8.0,2025-08-21T14:55:39+00:00,2025-08-22T21:55:39+00:00,32.57,1.57,1.5
1022500233,draftkings,2025,Dallas Wings,Seattle Storm,2025-08-22T23:30:00+00:00,4,6.5,8.0,2025-08-21T14:55:39+00:00,2025-08-22T21:55:39+00:00,32.57,1.57,1.5
1022500233,fanatics,2025,Dallas Wings,Seattle Storm,2025-08-22T23:30:00+00:00,4,6.5,8.5,2025-08-21T14:55:39+00:00,2025-08-22T21:55:39+00:00,32.57,1.57,2.0
1022500233,fanduel,2025,Dallas Wings,Seattle Storm,2025-08-22T23:30:00+00:00,4,6.5,8.0,2025-08-21T14:55:39+00:00,2025-08-22T21:55:39+00:00,32.57,1.57,1.5
1022500233,lowvig,2025,Dallas Wings,Seattle Storm,2025-08-22T23:30:00+00:00,4,6.5,8.0,2025-08-21T14:55:39+00:00,2025-08-22T21:55:39+00:00,32.57,1.57,1.5
1022500233,mybookieag,2025,Dallas Wings,Seattle Storm,2025-08-22T23:30:00+00:00,4,6.5,8.0,2025-08-21T14:55:39+00:00,2025-08-22T21:55:39+00:00,32.57,1.57,1.5
1022500233,williamhill_us,2025,Dallas Wings,Seattle Storm,2025-08-22T23:30:00+00:00,3,7.5,8.0,2025-08-21T21:55:39+00:00,2025-08-22T21:55:39+00:00,25.57,1.57,0.5
1022500234,betmgm,2025,Phoenix Mercury,Golden State Valkyries,2025-08-23T02:00:00+00:00,2,-6.5,-5.5,2025-08-22T14:55:39+00:00,2025-08-22T21:55:39+00:00,11.07,4.07,1.0
1022500234,betonlineag,2025,Phoenix Mercury,Golden State Valkyries,2025-08-23T02:00:00+00:00,2,-6.5,-5.5,2025-08-22T14:55:39+00:00,2025-08-22T21:55:39+00:00,11.07,4.07,1.0
1022500234,betrivers,2025,Phoenix Mercury,Golden State Valkyries,2025-08-23T02:00:00+00:00,2,-6.5,-6.0,2025-08-22T14:55:39+00:00,2025-08-22T21:55:39+00:00,11.07,4.07,0.5
1022500234,betus,2025,Phoenix Mercury,Golden State Valkyries,2025-08-23T02:00:00+00:00,2,-6.5,-6.0,2025-08-22T14:55:39+00:00,2025-08-22T21:55:39+00:00,11.07,4.07,0.5
1022500234,bovada,2025,Phoenix Mercury,Golden State Valkyries,2025-08-23T02:00:00+00:00,2,-6.5,-6.0,2025-08-22T14:55:39+00:00,2025-08-22T21:55:39+00:00,11.07,4.07,0.5
1022500234,draftkings,2025,Phoenix Mercury,Golden State Valkyries,2025-08-23T02:00:00+00:00,2,-6.5,-6.0,2025-08-22T14:55:39+00:00,2025-08-22T21:55:39+00:00,11.07,4.07,0.5
1022500234,fanatics,2025,Phoenix Mercury,Golden State Valkyries,2025-08-23T02:00:00+00:00,2,-6.5,-6.5,2025-08-22T14:55:39+00:00,2025-08-22T21:55:39+00:00,11.07,4.07,0.0
1022500234,fanduel,2025,Phoenix Mercury,Golden State Valkyries,2025-08-23T02:00:00+00:00,2,-6.5,-6.0,2025-08-22T14:55:39+00:00,2025-08-22T21:55:39+00:00,11.07,4.07,0.5
1022500234,lowvig,2025,Phoenix Mercury,Golden State Valkyries,2025-08-23T02:00:00+00:00,2,-6.5,-5.5,2025-08-22T14:55:39+00:00,2025-08-22T21:55:39+00:00,11.07,4.07,1.0
1022500234,mybookieag,2025,Phoenix Mercury,Golden State Valkyries,2025-08-23T02:00:00+00:00,2,-6.5,-6.0,2025-08-22T14:55:39+00:00,2025-08-22T21:55:39+00:00,11.07,4.07,0.5
1022500234,williamhill_us,2025,Phoenix Mercury,Golden State Valkyries,2025-08-23T02:00:00+00:00,2,-6.5,-6.0,2025-08-22T14:55:39+00:00,2025-08-22T21:55:39+00:00,11.07,4.07,0.5
1022500235,betmgm,2025,Atlanta Dream,New York Liberty,2025-08-23T18:00:00+00:00,2,-4.5,-4.5,2025-08-22T21:55:39+00:00,2025-08-23T14:55:39+00:00,20.07,3.07,0.0
1022500235,betonlineag,2025,Atlanta Dream,New York Liberty,2025-08-23T18:00:00+00:00,2,-4.0,-4.5,2025-08-22T21:55:39+00:00,2025-08-23T14:55:39+00:00,20.07,3.07,0.5
1022500235,betrivers,2025,Atlanta Dream,New York Liberty,2025-08-23T18:00:00+00:00,1,-4.5,-4.5,2025-08-23T14:55:39+00:00,2025-08-23T14:55:39+00:00,3.07,3.07,0.0
1022500235,betus,2025,Atlanta Dream,New York Liberty,2025-08-23T18:00:00+00:00,1,-5.0,-5.0,2025-08-23T14:55:39+00:00,2025-08-23T14:55:39+00:00,3.07,3.07,0.0
1022500235,bovada,2025,Atlanta Dream,New York Liberty,2025-08-23T18:00:00+00:00,2,-4.0,-4.5,2025-08-22T21:55:39+00:00,2025-08-23T14:55:39+00:00,20.07,3.07,0.5
1022500235,draftkings,2025,Atlanta Dream,New York Liberty,2025-08-23T18:00:00+00:00,2,-4.0,-5.0,2025-08-22T21:55:39+00:00,2025-08-23T14:55:39+00:00,20.07,3.07,1.0
1022500235,fanatics,2025,Atlanta Dream,New York Liberty,2025-08-23T18:00:00+00:00,1,-4.5,-4.5,2025-08-23T14:55:39+00:00,2025-08-23T14:55:39+00:00,3.07,3.07,0.0
1022500235,fanduel,2025,Atlanta Dream,New York Liberty,2025-08-23T18:00:00+00:00,2,-4.0,-5.0,2025-08-22T21:55:39+00:00,2025-08-23T14:55:39+00:00,20.07,3.07,1.0
1022500235,lowvig,2025,Atlanta Dream,New York Liberty,2025-08-23T18:00:00+00:00,2,-4.0,-4.5,2025-08-22T21:55:39+00:00,2025-08-23T14:55:39+00:00,20.07,3.07,0.5
1022500235,mybookieag,2025,Atlanta Dream,New York Liberty,2025-08-23T18:00:00+00:00,2,-4.0,-5.0,2025-08-22T21:55:39+00:00,2025-08-23T14:55:39+00:00,20.07,3.07,1.0
1022500235,williamhill_us,2025,Atlanta Dream,New York Liberty,2025-08-23T18:00:00+00:00,2,-4.0,-5.0,2025-08-22T21:55:39+00:00,2025-08-23T14:55:39+00:00,20.07,3.07,1.0
1022500236,betmgm,2025,Washington Mystics,Las Vegas Aces,2025-08-23T19:00:00+00:00,2,7.5,7.5,2025-08-22T21:55:39+00:00,2025-08-23T14:55:39+00:00,21.07,4.07,0.0
1022500236,betonlineag,2025,Washington Mystics,Las Vegas Aces,2025-08-23T19:00:00+00:00,2,7.5,7.0,2025-08-22T21:55:39+00:00,2025-08-23T14:55:39+00:00,21.07,4.07,0.5
1022500236,betrivers,2025,Washington Mystics,Las Vegas Aces,2025-08-23T19:00:00+00:00,2,7.5,7.5,2025-08-22T21:55:39+00:00,2025-08-23T14:55:39+00:00,21.07,4.07,0.0
1022500236,betus,2025,Washington Mystics,Las Vegas Aces,2025-08-23T19:00:00+00:00,1,7.0,7.0,2025-08-23T14:55:39+00:00,2025-08-23T14:55:39+00:00,4.07,4.07,0.0
1022500236,bovada,2025,Washington Mystics,Las Vegas Aces,2025-08-23T19:00:00+00:00,2,7.5,7.0,2025-08-22T21:55:39+00:00,2025-08-23T14:55:39+00:00,21.07,4.07,0.5
1022500236,draftkings,2025,Washington Mystics,Las Vegas Aces,2025-08-23T19:00:00+00:00,2,7.5,7.0,2025-08-22T21:55:39+00:00,2025-08-23T14:55:39+00:00,21.07,4.07,0.5
1022500236,fanatics,2025,Washington Mystics,Las Vegas Aces,2025-08-23T19:00:00+00:00,2,7.5,7.5,2025-08-22T21:55:39+00:00,2025-08-23T14:55:39+00:00,21.07,4.07,0.0
1022500236,fanduel,2025,Washington Mystics,Las Vegas Aces,2025-08-23T19:00:00+00:00,2,7.5,7.0,2025-08-22T21:55:39+00:00,2025-08-23T14:55:39+00:00,21.07,4.07,0.5
1022500236,lowvig,2025,Washington Mystics,Las Vegas Aces,2025-08-23T19:00:00+00:00,2,7.5,7.0,2025-08-22T21:55:39+00:00,2025-08-23T14:55:39+00:00,21.07,4.07,0.5
1022500236,mybookieag,2025,Washington Mystics,Las Vegas Aces,2025-08-23T19:00:00+00:00,2,7.5,7.5,2025-08-22T21:55:39+00:00,2025-08-23T14:55:39+00:00,21.07,4.07,0.0
1022500236,williamhill_us,2025,Washington Mystics,Las Vegas Aces,2025-08-23T19:00:00+00:00,2,7.0,7.0,2025-08-22T21:55:39+00:00,2025-08-23T14:55:39+00:00,21.07,4.07,0.0
1022500237,betmgm,2025,Chicago Sky,Connecticut Sun,2025-08-23T20:05:29+00:00,1,-2.5,-2.5,2025-08-23T14:55:39+00:00,2025-08-23T14:55:39+00:00,5.16,5.16,0.0
1022500237,betonlineag,2025,Chicago Sky,Connecticut Sun,2025-08-23T20:05:29+00:00,1,-2.5,-2.5,2025-08-23T14:55:39+00:00,2025-08-23T14:55:39+00:00,5.16,5.16,0.0
1022500237,betrivers,2025,Chicago Sky,Connecticut Sun,2025-08-23T20:05:29+00:00,1,-2.5,-2.5,2025-08-23T14:55:39+00:00,2025-08-23T14:55:39+00:00,5.16,5.16,0.0
1022500237,betus,2025,Chicago Sky,Connecticut Sun,2025-08-23T20:05:29+00:00,1,-2.5,-2.5,2025-08-23T14:55:39+00:00,2025-08-23T14:55:39+00:00,5.16,5.16,0.0
1022500237,bovada,2025,Chicago Sky,Connecticut Sun,2025-08-23T20:05:29+00:00,1,-2.5,-2.5,2025-08-23T14:55:39+00:00,2025-08-23T14:55:39+00:00,5.16,5.16,0.0
1022500237,draftkings,2025,Chicago Sky,Connecticut Sun,2025-08-23T20:05:29+00:00,1,-2.5,-2.5,2025-08-23T14:55:39+00:00,2025-08-23T14:55:39+00:00,5.16,5.16,0.0
1022500237,fanatics,2025,Chicago Sky,Connecticut Sun,2025-08-23T20:05:29+00:00,1,-2.5,-2.5,2025-08-23T14:55:39+00:00,2025-08-23T14:55:39+00:00,5.16,5.16,0.0
1022500237,fanduel,2025,Chicago Sky,Connecticut Sun,2025-08-23T20:05:29+00:00,1,-2.5,-2.5,2025-08-23T14:55:39+00:00,2025-08-23T14:55:39+00:00,5.16,5.16,0.0
1022500237,lowvig,2025,Chicago Sky,Connecticut Sun,2025-08-23T20:05:29+00:00,1,-2.5,-2.5,2025-08-23T14:55:39+00:00,2025-08-23T14:55:39+00:00,5.16,5.16,0.0
1022500237,mybookieag,2025,Chicago Sky,Connecticut Sun,2025-08-23T20:05:29+00:00,1,-2.0,-2.0,2025-08-23T14:55:39+00:00,2025-08-23T14:55:39+00:00,5.16,5.16,0.0
1022500237,williamhill_us,2025,Chicago Sky,Connecticut Sun,2025-08-23T20:05:29+00:00,1,-2.5,-2.5,2025-08-23T14:55:39+00:00,2025-08-23T14:55:39+00:00,5.16,5.16,0.0
1022500238,betmgm,2025,Washington Mystics,Seattle Storm,2025-08-24T19:00:00+00:00,2,7.5,8.5,2025-08-23T21:55:39+00:00,2025-08-24T14:55:38+00:00,21.07,4.07,1.0
1022500238,betonlineag,2025,Washington Mystics,Seattle Storm,2025-08-24T19:00:00+00:00,1,9.0,9.0,2025-08-24T14:55:38+00:00,2025-08-24T14:55:38+00:00,4.07,4.07,0.0
1022500238,betrivers,2025,Washington Mystics,Seattle Storm,2025-08-24T19:00:00+00:00,1,8.5,8.5,2025-08-24T14:55:38+00:00,2025-08-24T14:55:38+00:00,4.07,4.07,0.0
1022500238,betus,2025,Washington Mystics,Seattle Storm,2025-08-24T19:00:00+00:00,1,9.0,9.0,2025-08-24T14:55:38+00:00,2025-08-24T14:55:38+00:00,4.07,4.07,0.0
1022500238,bovada,2025,Washington Mystics,Seattle Storm,2025-08-24T19:00:00+00:00,2,7.5,9.0,2025-08-23T21:55:39+00:00,2025-08-24T14:55:38+00:00,21.07,4.07,1.5
1022500238,draftkings,2025,Washington Mystics,Seattle Storm,2025-08-24T19:00:00+00:00,2,7.5,9.0,2025-08-23T21:55:39+00:00,2025-08-24T14:55:38+00:00,21.07,4.07,1.5
1022500238,fanatics,2025,Washington Mystics,Seattle Storm,2025-08-24T19:00:00+00:00,2,7.5,8.5,2025-08-23T21:55:39+00:00,2025-08-24T14:55:38+00:00,21.07,4.07,1.0
1022500238,fanduel,2025,Washington Mystics,Seattle Storm,2025-08-24T19:00:00+00:00,2,7.5,8.5,2025-08-23T21:55:39+00:00,2025-08-24T14:55:38+00:00,21.07,4.07,1.0
1022500238,lowvig,2025,Washington Mystics,Seattle Storm,2025-08-24T19:00:00+00:00,1,9.0,9.0,2025-08-24T14:55:38+00:00,2025-08-24T14:55:38+00:00,4.07,4.07,0.0
1022500238,mybookieag,2025,Washington Mystics,Seattle Storm,2025-08-24T19:00:00+00:00,2,7.5,9.0,2025-08-23T21:55:39+00:00,2025-08-24T14:55:38+00:00,21.07,4.07,1.5
1022500238,williamhill_us,2025,Washington Mystics,Seattle Storm,2025-08-24T19:00:00+00:00,2,8.0,9.0,2025-08-23T21:55:39+00:00,2025-08-24T14:55:38+00:00,21.07,4.07,1.0
1022500239,betmgm,2025,Dallas Wings,Golden State Valkyries,2025-08-24T20:02:00+00:00,2,2.5,1.5,2025-08-23T21:55:39+00:00,2025-08-24T14:55:38+00:00,22.11,5.11,1.0
1022500239,betonlineag,2025,Dallas Wings,Golden State Valkyries,2025-08-24T20:02:00+00:00,1,2.0,2.0,2025-08-24T14:55:38+00:00,2025-08-24T14:55:38+00:00,5.11,5.11,0.0
1022500239,betrivers,2025,Dallas Wings,Golden State Valkyries,2025-08-24T20:02:00+00:00,2,3.0,2.0,2025-08-23T21:55:39+00:00,2025-08-24T14:55:38+00:00,22.11,5.11,1.0
1022500239,betus,2025,Dallas Wings,Golden State Valkyries,2025-08-24T20:02:00+00:00,1,2.0,2.0,2025-08-24T14:55:38+00:00,2025-08-24T14:55:38+00:00,5.11,5.11,0.0
1022500239,bovada,2025,Dallas Wings,Golden State Valkyries,2025-08-24T20:02:00+00:00,1,2.5,2.5,2025-08-23T21:55:39+00:00,2025-08-23T21:55:39+00:00,22.11,22.11,0.0
1022500239,draftkings,2025,Dallas Wings,Golden State Valkyries,2025-08-24T20:02:00+00:00,2,3.0,1.5,2025-08-23T21:55:39+00:00,2025-08-24T14:55:38+00:00,22.11,5.11,1.5
1022500239,fanatics,2025,Dallas Wings,Golden State Valkyries,2025-08-24T20:02:00+00:00,3,2.5,2.5,2025-08-23T14:55:39+00:00,2025-08-24T14:55:38+00:00,29.11,5.11,0.0
1022500239,fanduel,2025,Dallas Wings,Golden State Valkyries,2025-08-24T20:02:00+00:00,3,3.0,1.5,2025-08-23T14:55:39+00:00,2025-08-24T14:55:38+00:00,29.11,5.11,1.5
1022500239,lowvig,2025,Dallas Wings,Golden State Valkyries,2025-08-24T20:02:00+00:00,1,2.0,2.0,2025-08-24T14:55:38+00:00,2025-08-24T14:55:38+00:00,5.11,5.11,0.0
1022500239,mybookieag,2025,Dallas Wings,Golden State Valkyries,2025-08-24T20:02:00+00:00,3,3.0,1.5,2025-08-23T14:55:39+00:00,2025-08-24T14:55:38+00:00,29.11,5.11,1.5
1022500239,williamhill_us,2025,Dallas Wings,Golden State Valkyries,2025-08-24T20:02:00+00:00,1,2.0,2.0,2025-08-24T14:55:38+00:00,2025-08-24T14:55:38+00:00,5.11,5.11,0.0
1022500240,betmgm,2025,Minnesota Lynx,Indiana Fever,2025-08-24T23:00:00+00:00,3,-10.5,-12.5,2025-08-23T21:55:39+00:00,2025-08-24T21:55:39+00:00,25.07,1.07,2.0
1022500240,betonlineag,2025,Minnesota Lynx,Indiana Fever,2025-08-24T23:00:00+00:00,2,-12.0,-11.5,2025-08-24T14:55:38+00:00,2025-08-24T21:55:39+00:00,8.07,1.07,0.5
1022500240,betrivers,2025,Minnesota Lynx,Indiana Fever,2025-08-24T23:00:00+00:00,3,-10.0,-12.0,2025-08-23T21:55:39+00:00,2025-08-24T21:55:39+00:00,25.07,1.07,2.0
1022500240,betus,2025,Minnesota Lynx,Indiana Fever,2025-08-24T23:00:00+00:00,2,-12.0,-12.0,2025-08-24T14:55:38+00:00,2025-08-24T21:55:39+00:00,8.07,1.07,0.0
1022500240,bovada,2025,Minnesota Lynx,Indiana Fever,2025-08-24T23:00:00+00:00,3,-10.0,-12.0,2025-08-23T21:55:39+00:00,2025-08-24T21:55:39+00:00,25.07,1.07,2.0
1022500240,draftkings,2025,Minnesota Lynx,Indiana Fever,2025-08-24T23:00:00+00:00,3,-10.0,-12.0,2025-08-23T21:55:39+00:00,2025-08-24T21:55:39+00:00,25.07,1.07,2.0
1022500240,fanatics,2025,Minnesota Lynx,Indiana Fever,2025-08-24T23:00:00+00:00,4,-9.5,-12.5,2025-08-23T14:55:39+00:00,2025-08-24T21:55:39+00:00,32.07,1.07,3.0
1022500240,fanduel,2025,Minnesota Lynx,Indiana Fever,2025-08-24T23:00:00+00:00,4,-9.5,-12.0,2025-08-23T14:55:39+00:00,2025-08-24T21:55:39+00:00,32.07,1.07,2.5
1022500240,lowvig,2025,Minnesota Lynx,Indiana Fever,2025-08-24T23:00:00+00:00,2,-12.0,-12.0,2025-08-24T14:55:38+00:00,2025-08-24T21:55:39+00:00,8.07,1.07,0.0
1022500240,mybookieag,2025,Minnesota Lynx,Indiana Fever,2025-08-24T23:00:00+00:00,4,-9.5,-12.0,2025-08-23T14:55:39+00:00,2025-08-24T21:55:39+00:00,32.07,1.07,2.5
1022500240,williamhill_us,2025,Minnesota Lynx,Indiana Fever,2025-08-24T23:00:00+00:00,3,-10.5,-12.0,2025-08-23T21:55:39+00:00,2025-08-24T21:55:39+00:00,25.07,1.07,1.5
1022500241,betmgm,2025,New York Liberty,Connecticut Sun,2025-08-25T23:00:00+00:00,3,-12.5,-14.5,2025-08-24T21:55:39+00:00,2025-08-25T21:55:39+00:00,25.07,1.07,2.0
1022500241,betonlineag,2025,New York Liberty,Connecticut Sun,2025-08-25T23:00:00+00:00,2,-12.0,-14.0,2025-08-25T14:55:39+00:00,2025-08-25T21:55:39+00:00,8.07,1.07,2.0
1022500241,betrivers,2025,New York Liberty,Connecticut Sun,2025-08-25T23:00:00+00:00,4,-14.5,-13.5,2025-08-24T14:55:38+00:00,2025-08-25T21:55:39+00:00,32.07,1.07,1.0
1022500241,betus,2025,New York Liberty,Connecticut Sun,2025-08-25T23:00:00+00:00,2,-11.0,-14.0,2025-08-25T14:55:39+00:00,2025-08-25T21:55:39+00:00,8.07,1.07,3.0
1022500241,bovada,2025,New York Liberty,Connecticut Sun,2025-08-25T23:00:00+00:00,2,-11.0,-14.0,2025-08-25T14:55:39+00:00,2025-08-25T21:55:39+00:00,8.07,1.07,3.0
1022500241,draftkings,2025,New York Liberty,Connecticut Sun,2025-08-25T23:00:00+00:00,4,-14.0,-14.0,2025-08-24T14:55:38+00:00,2025-08-25T21:55:39+00:00,32.07,1.07,0.0
1022500241,fanatics,2025,New York Liberty,Connecticut Sun,2025-08-25T23:00:00+00:00,4,-14.5,-14.5,2025-08-24T14:55:38+00:00,2025-08-25T21:55:39+00:00,32.07,1.07,0.0
1022500241,fanduel,2025,New York Liberty,Connecticut Sun,2025-08-25T23:00:00+00:00,4,-14.5,-14.0,2025-08-24T14:55:38+00:00,2025-08-25T21:55:39+00:00,32.07,1.07,0.5
1022500241,lowvig,2025,New York Liberty,Connecticut Sun,2025-08-25T23:00:00+00:00,2,-12.0,-14.0,2025-08-25T14:55:39+00:00,2025-08-25T21:55:39+00:00,8.07,1.07,2.0
1022500241,mybookieag,2025,New York Liberty,Connecticut Sun,2025-08-25T23:00:00+00:00,3,-14.0,-14.0,2025-08-24T14:55:38+00:00,2025-08-25T21:55:39+00:00,32.07,1.07,0.0
1022500241,williamhill_us,2025,New York Liberty,Connecticut Sun,2025-08-25T23:00:00+00:00,4,-14.0,-14.0,2025-08-24T14:55:38+00:00,2025-08-25T21:55:39+00:00,32.07,1.07,0.0
1022500242,betmgm,2025,Chicago Sky,Las Vegas Aces,2025-08-26T00:00:00+00:00,3,10.5,10.5,2025-08-24T21:55:39+00:00,2025-08-25T21:55:39+00:00,26.07,2.07,0.0
1022500242,betonlineag,2025,Chicago Sky,Las Vegas Aces,2025-08-26T00:00:00+00:00,3,11.0,10.5,2025-08-24T21:55:39+00:00,2025-08-25T21:55:39+00:00,26.07,2.07,0.5
1022500242,betrivers,2025,Chicago Sky,Las Vegas Aces,2025-08-26T00:00:00+00:00,4,11.0,10.5,2025-08-24T14:55:38+00:00,2025-08-25T21:55:39+00:00,33.07,2.07,0.5
1022500242,betus,2025,Chicago Sky,Las Vegas Aces,2025-08-26T00:00:00+00:00,2,10.5,10.5,2025-08-25T14:55:39+00:00,2025-08-25T21:55:39+00:00,9.07,2.07,0.0
1022500242,bovada,2025,Chicago Sky,Las Vegas Aces,2025-08-26T00:00:00+00:00,4,10.5,10.5,2025-08-24T14:55:38+00:00,2025-08-25T21:55:39+00:00,33.07,2.07,0.0
1022500242,draftkings,2025,Chicago Sky,Las Vegas Aces,2025-08-26T00:00:00+00:00,4,10.5,10.5,2025-08-24T14:55:38+00:00,2025-08-25T21:55:39+00:00,33.07,2.07,0.0
1022500242,fanatics,2025,Chicago Sky,Las Vegas Aces,2025-08-26T00:00:00+00:00,4,10.5,10.5,2025-08-24T14:55:38+00:00,2025-08-25T21:55:39+00:00,33.07,2.07,0.0
1022500242,fanduel,2025,Chicago Sky,Las Vegas Aces,2025-08-26T00:00:00+00:00,4,10.5,11.0,2025-08-24T14:55:38+00:00,2025-08-25T21:55:39+00:00,33.07,2.07,0.5
1022500242,lowvig,2025,Chicago Sky,Las Vegas Aces,2025-08-26T00:00:00+00:00,3,11.0,10.5,2025-08-24T21:55:39+00:00,2025-08-25T21:55:39+00:00,26.07,2.07,0.5
1022500242,mybookieag,2025,Chicago Sky,Las Vegas Aces,2025-08-26T00:00:00+00:00,4,10.5,10.5,2025-08-24T14:55:38+00:00,2025-08-25T21:55:39+00:00,33.07,2.07,0.0
1022500242,williamhill_us,2025,Chicago Sky,Las Vegas Aces,2025-08-26T00:00:00+00:00,4,10.5,10.5,2025-08-24T14:55:38+00:00,2025-08-25T21:55:39+00:00,33.07,2.07,0.0
1022500243,betmgm,2025,Indiana Fever,Seattle Storm,2025-08-26T23:00:00+00:00,4,1.5,3.5,2025-08-25T14:55:39+00:00,2025-08-26T21:55:39+00:00,32.07,1.07,2.0
1022500243,betonlineag,2025,Indiana Fever,Seattle Storm,2025-08-26T23:00:00+00:00,4,2.0,4.0,2025-08-25T14:55:39+00:00,2025-08-26T21:55:39+00:00,32.07,1.07,2.0
1022500243,betrivers,2025,Indiana Fever,Seattle Storm,2025-08-26T23:00:00+00:00,4,2.0,3.5,2025-08-25T14:55:39+00:00,2025-08-26T21:55:39+00:00,32.07,1.07,1.5
1022500243,betus,2025,Indiana Fever,Seattle Storm,2025-08-26T23:00:00+00:00,2,4.0,4.0,2025-08-26T14:55:39+00:00,2025-08-26T21:55:39+00:00,8.07,1.07,0.0
1022500243,bovada,2025,Indiana Fever,Seattle Storm,2025-08-26T23:00:00+00:00,4,2.0,4.0,2025-08-25T14:55:39+00:00,2025-08-26T21:55:39+00:00,32.07,1.07,2.0
1022500243,draftkings,2025,Indiana Fever,Seattle Storm,2025-08-26T23:00:00+00:00,4,2.0,4.0,2025-08-25T14:55:39+00:00,2025-08-26T21:55:39+00:00,32.07,1.07,2.0
1022500243,fanatics,2025,Indiana Fever,Seattle Storm,2025-08-26T23:00:00+00:00,4,2.5,3.5,2025-08-25T14:55:39+00:00,2025-08-26T21:55:39+00:00,32.07,1.07,1.0
1022500243,fanduel,2025,Indiana Fever,Seattle Storm,2025-08-26T23:00:00+00:00,4,2.0,3.5,2025-08-25T14:55:39+00:00,2025-08-26T21:55:39+00:00,32.07,1.07,1.5
1022500243,lowvig,2025,Indiana Fever,Seattle Storm,2025-08-26T23:00:00+00:00,4,2.0,4.0,2025-08-25T14:55:39+00:00,2025-08-26T21:55:39+00:00,32.07,1.07,2.0
1022500243,mybookieag,2025,Indiana Fever,Seattle Storm,2025-08-26T23:00:00+00:00,4,2.0,4.0,2025-08-25T14:55:39+00:00,2025-08-26T21:55:39+00:00,32.07,1.07,2.0
1022500243,williamhill_us,2025,Indiana Fever,Seattle Storm,2025-08-26T23:00:00+00:00,4,2.0,4.0,2025-08-25T14:55:39+00:00,2025-08-26T21:55:39+00:00,32.07,1.07,2.0
1022500244,betmgm,2025,Los Angeles Sparks,Phoenix Mercury,2025-08-27T02:00:00+00:00,4,4.5,3.5,2025-08-25T14:55:39+00:00,2025-08-26T21:55:39+00:00,35.07,4.07,1.0
1022500244,betonlineag,2025,Los Angeles Sparks,Phoenix Mercury,2025-08-27T02:00:00+00:00,4,4.0,3.5,2025-08-25T14:55:39+00:00,2025-08-26T21:55:39+00:00,35.07,4.07,0.5
1022500244,betrivers,2025,Los Angeles Sparks,Phoenix Mercury,2025-08-27T02:00:00+00:00,4,4.5,3.5,2025-08-25T14:55:39+00:00,2025-08-26T21:55:39+00:00,35.07,4.07,1.0
1022500244,betus,2025,Los Angeles Sparks,Phoenix Mercury,2025-08-27T02:00:00+00:00,2,4.0,3.5,2025-08-26T14:55:39+00:00,2025-08-26T21:55:39+00:00,11.07,4.07,0.5
1022500244,bovada,2025,Los Angeles Sparks,Phoenix Mercury,2025-08-27T02:00:00+00:00,4,4.0,3.0,2025-08-25T14:55:39+00:00,2025-08-26T21:55:39+00:00,35.07,4.07,1.0
1022500244,draftkings,2025,Los Angeles Sparks,Phoenix Mercury,2025-08-27T02:00:00+00:00,5,3.5,3.5,2025-08-24T21:55:39+00:00,2025-08-26T21:55:39+00:00,52.07,4.07,0.0
1022500244,fanatics,2025,Los Angeles Sparks,Phoenix Mercury,2025-08-27T02:00:00+00:00,5,3.5,3.5,2025-08-24T21:55:39+00:00,2025-08-26T21:55:39+00:00,52.07,4.07,0.0
1022500244,fanduel,2025,Los Angeles Sparks,Phoenix Mercury,2025-08-27T02:00:00+00:00,4,4.0,3.5,2025-08-25T14:55:39+00:00,2025-08-26T21:55:39+00:00,35.07,4.07,0.5
1022500244,lowvig,2025,Los Angeles Sparks,Phoenix Mercury,2025-08-27T02:00:00+00:00,4,4.0,3.5,2025-08-25T14:55:39+00:00,2025-08-26T21:55:39+00:00,35.07,4.07,0.5
1022500244,mybookieag,2025,Los Angeles Sparks,Phoenix Mercury,2025-08-27T02:00:00+00:00,5,3.5,3.5,2025-08-24T21:55:39+00:00,2025-08-26T21:55:39+00:00,52.07,4.07,0.0
1022500244,williamhill_us,2025,Los Angeles Sparks,Phoenix Mercury,2025-08-27T02:00:00+00:00,4,4.0,3.5,2025-08-25T14:55:39+00:00,2025-08-26T21:55:39+00:00,35.07,4.07,0.5
1022500245,betmgm,2025,Atlanta Dream,Las Vegas Aces,2025-08-27T23:30:00+00:00,3,-2.5,-3.5,2025-08-26T21:55:39+00:00,2025-08-27T21:55:39+00:00,25.57,1.57,1.0
1022500245,betonlineag,2025,Atlanta Dream,Las Vegas Aces,2025-08-27T23:30:00+00:00,4,-1.5,-3.5,2025-08-26T14:55:39+00:00,2025-08-27T21:55:39+00:00,32.57,1.57,2.0
1022500245,betrivers,2025,Atlanta Dream,Las Vegas Aces,2025-08-27T23:30:00+00:00,4,-1.5,-3.5,2025-08-26T14:55:39+00:00,2025-08-27T21:55:39+00:00,32.57,1.57,2.0
1022500245,betus,2025,Atlanta Dream,Las Vegas Aces,2025-08-27T23:30:00+00:00,2,-3.5,-3.0,2025-08-27T14:55:39+00:00,2025-08-27T21:55:39+00:00,8.57,1.57,0.5
1022500245,bovada,2025,Atlanta Dream,Las Vegas Aces,2025-08-27T23:30:00+00:00,4,-1.5,-3.0,2025-08-26T14:55:39+00:00,2025-08-27T21:55:39+00:00,32.57,1.57,1.5
1022500245,draftkings,2025,Atlanta Dream,Las Vegas Aces,2025-08-27T23:30:00+00:00,4,-1.5,-3.0,2025-08-26T14:55:39+00:00,2025-08-27T21:55:39+00:00,32.57,1.57,1.5
1022500245,fanatics,2025,Atlanta Dream,Las Vegas Aces,2025-08-27T23:30:00+00:00,4,-1.5,-3.5,2025-08-26T14:55:39+00:00,2025-08-27T21:55:39+00:00,32.57,1.57,2.0
1022500245,fanduel,2025,Atlanta Dream,Las Vegas Aces,2025-08-27T23:30:00+00:00,4,-2.0,-3.5,2025-08-26T14:55:39+00:00,2025-08-27T21:55:39+00:00,32.57,1.57,1.5
1022500245,lowvig,2025,Atlanta Dream,Las Vegas Aces,2025-08-27T23:30:00+00:00,4,-1.5,-3.5,2025-08-26T14:55:39+00:00,2025-08-27T21:55:39+00:00,32.57,1.57,2.0
1022500245,mybookieag,2025,Atlanta Dream,Las Vegas Aces,2025-08-27T23:30:00+00:00,4,-1.5,-3.0,2025-08-26T14:55:39+00:00,2025-08-27T21:55:39+00:00,32.57,1.57,1.5
1022500245,williamhill_us,2025,Atlanta Dream,Las Vegas Aces,2025-08-27T23:30:00+00:00,4,-1.5,-3.5,2025-08-26T14:55:39+00:00,2025-08-27T21:55:39+00:00,32.57,1.57,2.0
1022500246,betmgm,2025,Dallas Wings,Connecticut Sun,2025-08-28T00:00:00+00:00,2,3.5,1.5,2025-08-27T14:55:39+00:00,2025-08-27T21:55:39+00:00,9.07,2.07,2.0
1022500246,betonlineag,2025,Dallas Wings,Connecticut Sun,2025-08-28T00:00:00+00:00,4,-2.5,1.0,2025-08-26T14:55:39+00:00,2025-08-27T21:55:39+00:00,33.07,2.07,3.5
1022500246,betrivers,2025,Dallas Wings,Connecticut Sun,2025-08-28T00:00:00+00:00,4,-2.5,1.0,2025-08-26T14:55:39+00:00,2025-08-27T21:55:39+00:00,33.07,2.07,3.5
1022500246,betus,2025,Dallas Wings,Connecticut Sun,2025-08-28T00:00:00+00:00,2,3.0,1.0,2025-08-27T14:55:39+00:00,2025-08-27T21:55:39+00:00,9.07,2.07,2.0
1022500246,bovada,2025,Dallas Wings,Connecticut Sun,2025-08-28T00:00:00+00:00,4,-2.5,1.0,2025-08-26T14:55:39+00:00,2025-08-27T21:55:39+00:00,33.07,2.07,3.5
1022500246,draftkings,2025,Dallas Wings,Connecticut Sun,2025-08-28T00:00:00+00:00,4,-2.5,-1.0,2025-08-26T14:55:39+00:00,2025-08-27T21:55:39+00:00,33.07,2.07,1.5
1022500246,fanatics,2025,Dallas Wings,Connecticut Sun,2025-08-28T00:00:00+00:00,4,-2.5,1.5,2025-08-26T14:55:39+00:00,2025-08-27T21:55:39+00:00,33.07,2.07,4.0
1022500246,fanduel,2025,Dallas Wings,Connecticut Sun,2025-08-28T00:00:00+00:00,4,-2.5,-1.0,2025-08-26T14:55:39+00:00,2025-08-27T21:55:39+00:00,33.07,2.07,1.5
1022500246,lowvig,2025,Dallas Wings,Connecticut Sun,2025-08-28T00:00:00+00:00,4,-2.5,1.0,2025-08-26T14:55:39+00:00,2025-08-27T21:55:39+00:00,33.07,2.07,3.5
1022500246,mybookieag,2025,Dallas Wings,Connecticut Sun,2025-08-28T00:00:00+00:00,3,-2.5,1.0,2025-08-26T14:55:39+00:00,2025-08-27T21:55:39+00:00,33.07,2.07,3.5
1022500246,williamhill_us,2025,Dallas Wings,Connecticut Sun,2025-08-28T00:00:00+00:00,4,-2.5,1.0,2025-08-26T14:55:39+00:00,2025-08-27T21:55:39+00:00,33.07,2.07,3.5
1022500247,betmgm,2025,New York Liberty,Washington Mystics,2025-08-28T23:00:00+00:00,4,-13.5,-7.5,2025-08-27T14:55:39+00:00,2025-08-28T21:55:39+00:00,32.07,1.07,6.0
1022500247,betonlineag,2025,New York Liberty,Washington Mystics,2025-08-28T23:00:00+00:00,4,-13.0,-7.5,2025-08-27T14:55:39+00:00,2025-08-28T21:55:39+00:00,32.07,1.07,5.5
1022500247,betrivers,2025,New York Liberty,Washington Mystics,2025-08-28T23:00:00+00:00,2,-12.5,-8.0,2025-08-28T14:55:39+00:00,2025-08-28T21:55:39+00:00,8.07,1.07,4.5
1022500247,betus,2025,New York Liberty,Washington Mystics,2025-08-28T23:00:00+00:00,2,-13.0,-8.0,2025-08-28T14:55:39+00:00,2025-08-28T21:55:39+00:00,8.07,1.07,5.0
1022500247,bovada,2025,New York Liberty,Washington Mystics,2025-08-28T23:00:00+00:00,4,-13.0,-8.0,2025-08-27T14:55:39+00:00,2025-08-28T21:55:39+00:00,32.07,1.07,5.0
1022500247,draftkings,2025,New York Liberty,Washington Mystics,2025-08-28T23:00:00+00:00,5,-12.5,-8.0,2025-08-26T21:55:39+00:00,2025-08-28T21:55:39+00:00,49.07,1.07,4.5
1022500247,fanatics,2025,New York Liberty,Washington Mystics,2025-08-28T23:00:00+00:00,5,-12.5,-8.5,2025-08-26T21:55:39+00:00,2025-08-28T21:55:39+00:00,49.07,1.07,4.0
1022500247,fanduel,2025,New York Liberty,Washington Mystics,2025-08-28T23:00:00+00:00,5,-13.0,-8.0,2025-08-26T21:55:39+00:00,2025-08-28T21:55:39+00:00,49.07,1.07,5.0
1022500247,lowvig,2025,New York Liberty,Washington Mystics,2025-08-28T23:00:00+00:00,4,-13.0,-7.5,2025-08-27T14:55:39+00:00,2025-08-28T21:55:39+00:00,32.07,1.07,5.5
1022500247,mybookieag,2025,New York Liberty,Washington Mystics,2025-08-28T23:00:00+00:00,5,-12.0,-8.0,2025-08-26T21:55:39+00:00,2025-08-28T21:55:39+00:00,49.07,1.07,4.0
1022500247,williamhill_us,2025,New York Liberty,Washington Mystics,2025-08-28T23:00:00+00:00,4,-13.0,-7.5,2025-08-27T14:55:39+00:00,2025-08-28T21:55:39+00:00,32.07,1.07,5.5
1022500248,betmgm,2025,Minnesota Lynx,Seattle Storm,2025-08-29T00:00:00+00:00,4,-7.5,-8.5,2025-08-27T14:55:39+00:00,2025-08-28T21:55:39+00:00,33.07,2.07,1.0
1022500248,betonlineag,2025,Minnesota Lynx,Seattle Storm,2025-08-29T00:00:00+00:00,4,-8.5,-9.0,2025-08-27T14:55:39+00:00,2025-08-28T21:55:39+00:00,33.07,2.07,0.5
1022500248,betrivers,2025,Minnesota Lynx,Seattle Storm,2025-08-29T00:00:00+00:00,2,-9.5,-9.0,2025-08-28T14:55:39+00:00,2025-08-28T21:55:39+00:00,9.07,2.07,0.5
1022500248,betus,2025,Minnesota Lynx,Seattle Storm,2025-08-29T00:00:00+00:00,2,-9.5,-9.0,2025-08-28T14:55:39+00:00,2025-08-28T21:55:39+00:00,9.07,2.07,0.5
1022500248,bovada,2025,Minnesota Lynx,Seattle Storm,2025-08-29T00:00:00+00:00,4,-8.0,-9.0,2025-08-27T14:55:39+00:00,2025-08-28T21:55:39+00:00,33.07,2.07,1.0
1022500248,draftkings,2025,Minnesota Lynx,Seattle Storm,2025-08-29T00:00:00+00:00,4,-7.5,-9.0,2025-08-27T14:55:39+00:00,2025-08-28T21:55:39+00:00,33.07,2.07,1.5
1022500248,fanatics,2025,Minnesota Lynx,Seattle Storm,2025-08-29T00:00:00+00:00,4,-7.5,-8.5,2025-08-27T14:55:39+00:00,2025-08-28T21:55:39+00:00,33.07,2.07,1.0
1022500248,fanduel,2025,Minnesota Lynx,Seattle Storm,2025-08-29T00:00:00+00:00,4,-8.5,-9.0,2025-08-27T14:55:39+00:00,2025-08-28T21:55:39+00:00,33.07,2.07,0.5
1022500248,lowvig,2025,Minnesota Lynx,Seattle Storm,2025-08-29T00:00:00+00:00,4,-8.5,-9.0,2025-08-27T14:55:39+00:00,2025-08-28T21:55:39+00:00,33.07,2.07,0.5
1022500248,mybookieag,2025,Minnesota Lynx,Seattle Storm,2025-08-29T00:00:00+00:00,4,-8.0,-9.0,2025-08-27T14:55:39+00:00,2025-08-28T21:55:39+00:00,33.07,2.07,1.0
1022500248,williamhill_us,2025,Minnesota Lynx,Seattle Storm,2025-08-29T00:00:00+00:00,4,-7.5,-9.0,2025-08-27T14:55:39+00:00,2025-08-28T21:55:39+00:00,33.07,2.07,1.5
1022500249,betmgm,2025,Phoenix Mercury,Chicago Sky,2025-08-29T02:00:00+00:00,4,-12.5,-12.5,2025-08-27T14:55:39+00:00,2025-08-28T21:55:39+00:00,35.07,4.07,0.0
1022500249,betonlineag,2025,Phoenix Mercury,Chicago Sky,2025-08-29T02:00:00+00:00,4,-12.5,-12.0,2025-08-27T14:55:39+00:00,2025-08-28T21:55:39+00:00,35.07,4.07,0.5
1022500249,betrivers,2025,Phoenix Mercury,Chicago Sky,2025-08-29T02:00:00+00:00,4,-12.5,-12.0,2025-08-27T14:55:39+00:00,2025-08-28T21:55:39+00:00,35.07,4.07,0.5
1022500249,betus,2025,Phoenix Mercury,Chicago Sky,2025-08-29T02:00:00+00:00,2,-13.0,-12.0,2025-08-28T14:55:39+00:00,2025-08-28T21:55:39+00:00,11.07,4.07,1.0
1022500249,bovada,2025,Phoenix Mercury,Chicago Sky,2025-08-29T02:00:00+00:00,4,-12.0,-12.0,2025-08-27T14:55:39+00:00,2025-08-28T21:55:39+00:00,35.07,4.07,0.0
1022500249,draftkings,2025,Phoenix Mercury,Chicago Sky,2025-08-29T02:00:00+00:00,4,-12.5,-12.0,2025-08-27T14:55:39+00:00,2025-08-28T21:55:39+00:00,35.07,4.07,0.5
1022500249,fanatics,2025,Phoenix Mercury,Chicago Sky,2025-08-29T02:00:00+00:00,4,-12.5,-12.5,2025-08-27T14:55:39+00:00,2025-08-28T21:55:39+00:00,35.07,4.07,0.0
1022500249,fanduel,2025,Phoenix Mercury,Chicago Sky,2025-08-29T02:00:00+00:00,4,-12.5,-12.0,2025-08-27T14:55:39+00:00,2025-08-28T21:55:39+00:00,35.07,4.07,0.5
1022500249,lowvig,2025,Phoenix Mercury,Chicago Sky,2025-08-29T02:00:00+00:00,4,-12.5,-12.0,2025-08-27T14:55:39+00:00,2025-08-28T21:55:39+00:00,35.07,4.07,0.5
1022500249,mybookieag,2025,Phoenix Mercury,Chicago Sky,2025-08-29T02:00:00+00:00,4,-12.5,-12.5,2025-08-27T14:55:39+00:00,2025-08-28T21:55:39+00:00,35.07,4.07,0.0
1022500249,williamhill_us,2025,Phoenix Mercury,Chicago Sky,2025-08-29T02:00:00+00:00,4,-12.5,-12.0,2025-08-27T14:55:39+00:00,2025-08-28T21:55:39+00:00,35.07,4.07,0.5
1022500250,betmgm,2025,Atlanta Dream,Dallas Wings,2025-08-29T23:30:00+00:00,3,-12.5,-15.5,2025-08-28T21:55:39+00:00,2025-08-29T21:55:39+00:00,25.57,1.57,3.0
1022500250,betonlineag,2025,Atlanta Dream,Dallas Wings,2025-08-29T23:30:00+00:00,4,-11.5,-15.5,2025-08-28T14:55:39+00:00,2025-08-29T21:55:39+00:00,32.57,1.57,4.0
1022500250,betrivers,2025,Atlanta Dream,Dallas Wings,2025-08-29T23:30:00+00:00,4,-11.5,-15.5,2025-08-28T14:55:39+00:00,2025-08-29T21:55:39+00:00,32.57,1.57,4.0
1022500250,betus,2025,Atlanta Dream,Dallas Wings,2025-08-29T23:30:00+00:00,2,-16.0,-15.5,2025-08-29T14:55:39+00:00,2025-08-29T21:55:39+00:00,8.57,1.57,0.5
1022500250,bovada,2025,Atlanta Dream,Dallas Wings,2025-08-29T23:30:00+00:00,3,-13.0,-15.5,2025-08-28T21:55:39+00:00,2025-08-29T21:55:39+00:00,25.57,1.57,2.5
1022500250,draftkings,2025,Atlanta Dream,Dallas Wings,2025-08-29T23:30:00+00:00,4,-11.5,-15.5,2025-08-28T14:55:39+00:00,2025-08-29T21:55:39+00:00,32.57,1.57,4.0
1022500250,fanatics,2025,Atlanta Dream,Dallas Wings,2025-08-29T23:30:00+00:00,4,-11.5,-15.5,2025-08-28T14:55:39+00:00,2025-08-29T21:55:39+00:00,32.57,1.57,4.0
1022500250,fanduel,2025,Atlanta Dream,Dallas Wings,2025-08-29T23:30:00+00:00,4,-11.5,-15.5,2025-08-28T14:55:39+00:00,2025-08-29T21:55:39+00:00,32.57,1.57,4.0
1022500250,lowvig,2025,Atlanta Dream,Dallas Wings,2025-08-29T23:30:00+00:00,4,-11.5,-15.5,2025-08-28T14:55:39+00:00,2025-08-29T21:55:39+00:00,32.57,1.57,4.0
1022500250,mybookieag,2025,Atlanta Dream,Dallas Wings,2025-08-29T23:30:00+00:00,4,-11.5,-15.5,2025-08-28T14:55:39+00:00,2025-08-29T21:55:39+00:00,32.57,1.57,4.0
1022500250,williamhill_us,2025,Atlanta Dream,Dallas Wings,2025-08-29T23:30:00+00:00,4,-11.5,-15.5,2025-08-28T14:55:39+00:00,2025-08-29T21:55:39+00:00,32.57,1.57,4.0
1022500251,betonlineag,2025,Los Angeles Sparks,Indiana Fever,2025-08-30T02:00:00+00:00,4,-1.5,-2.0,2025-08-28T14:55:39+00:00,2025-08-29T21:55:39+00:00,35.07,4.07,0.5
1022500251,betrivers,2025,Los Angeles Sparks,Indiana Fever,2025-08-30T02:00:00+00:00,4,-1.5,-2.5,2025-08-28T14:55:39+00:00,2025-08-29T21:55:39+00:00,35.07,4.07,1.0
1022500251,betus,2025,Los Angeles Sparks,Indiana Fever,2025-08-30T02:00:00+00:00,2,-2.0,-2.0,2025-08-29T14:55:39+00:00,2025-08-29T21:55:39+00:00,11.07,4.07,0.0
1022500251,bovada,2025,Los Angeles Sparks,Indiana Fever,2025-08-30T02:00:00+00:00,3,-1.5,-3.0,2025-08-28T21:55:39+00:00,2025-08-29T21:55:39+00:00,28.07,4.07,1.5
1022500251,draftkings,2025,Los Angeles Sparks,Indiana Fever,2025-08-30T02:00:00+00:00,5,-2.0,-2.5,2025-08-27T21:55:39+00:00,2025-08-29T21:55:39+00:00,52.07,4.07,0.5
1022500251,fanatics,2025,Los Angeles Sparks,Indiana Fever,2025-08-30T02:00:00+00:00,5,-1.5,-2.5,2025-08-27T21:55:39+00:00,2025-08-29T21:55:39+00:00,52.07,4.07,1.0
1022500251,fanduel,2025,Los Angeles Sparks,Indiana Fever,2025-08-30T02:00:00+00:00,5,-1.5,-2.5,2025-08-27T21:55:39+00:00,2025-08-29T21:55:39+00:00,52.07,4.07,1.0
1022500251,lowvig,2025,Los Angeles Sparks,Indiana Fever,2025-08-30T02:00:00+00:00,4,-1.5,-2.0,2025-08-28T14:55:39+00:00,2025-08-29T21:55:39+00:00,35.07,4.07,0.5
1022500251,mybookieag,2025,Los Angeles Sparks,Indiana Fever,2025-08-30T02:00:00+00:00,5,-2.0,-2.5,2025-08-27T21:55:39+00:00,2025-08-29T21:55:39+00:00,52.07,4.07,0.5
1022500251,williamhill_us,2025,Los Angeles Sparks,Indiana Fever,2025-08-30T02:00:00+00:00,4,-1.5,-2.5,2025-08-28T14:55:39+00:00,2025-08-29T21:55:39+00:00,35.07,4.07,1.0
1022500252,betmgm,2025,Connecticut Sun,Minnesota Lynx,2025-08-30T23:00:00+00:00,3,14.5,12.5,2025-08-29T21:55:39+00:00,2025-08-30T21:55:38+00:00,25.07,1.07,2.0
1022500252,betonlineag,2025,Connecticut Sun,Minnesota Lynx,2025-08-30T23:00:00+00:00,4,13.5,13.0,2025-08-29T14:55:39+00:00,2025-08-30T21:55:38+00:00,32.07,1.07,0.5
1022500252,betrivers,2025,Connecticut Sun,Minnesota Lynx,2025-08-30T23:00:00+00:00,4,14.5,12.5,2025-08-29T14:55:39+00:00,2025-08-30T21:55:38+00:00,32.07,1.07,2.0
1022500252,betus,2025,Connecticut Sun,Minnesota Lynx,2025-08-30T23:00:00+00:00,2,13.5,12.5,2025-08-30T14:55:39+00:00,2025-08-30T21:55:38+00:00,8.07,1.07,1.0
1022500252,bovada,2025,Connecticut Sun,Minnesota Lynx,2025-08-30T23:00:00+00:00,3,14.0,12.5,2025-08-29T21:55:39+00:00,2025-08-30T21:55:38+00:00,25.07,1.07,1.5
1022500252,draftkings,2025,Connecticut Sun,Minnesota Lynx,2025-08-30T23:00:00+00:00,4,13.5,12.5,2025-08-29T14:55:39+00:00,2025-08-30T21:55:38+00:00,32.07,1.07,1.0
1022500252,fanatics,2025,Connecticut Sun,Minnesota Lynx,2025-08-30T23:00:00+00:00,4,13.5,12.5,2025-08-29T14:55:39+00:00,2025-08-30T21:55:38+00:00,32.07,1.07,1.0
1022500252,fanduel,2025,Connecticut Sun,Minnesota Lynx,2025-08-30T23:00:00+00:00,4,14.5,12.5,2025-08-29T14:55:39+00:00,2025-08-30T21:55:38+00:00,32.07,1.07,2.0
1022500252,lowvig,2025,Connecticut Sun,Minnesota Lynx,2025-08-30T23:00:00+00:00,4,13.5,13.0,2025-08-29T14:55:39+00:00,2025-08-30T21:55:38+00:00,32.07,1.07,0.5
1022500252,mybookieag,2025,Connecticut Sun,Minnesota Lynx,2025-08-30T23:00:00+00:00,4,14.0,13.0,2025-08-29T14:55:39+00:00,2025-08-30T21:55:38+00:00,32.07,1.07,1.0
1022500252,williamhill_us,2025,Connecticut Sun,Minnesota Lynx,2025-08-30T23:00:00+00:00,4,13.5,12.5,2025-08-29T14:55:39+00:00,2025-08-30T21:55:38+00:00,32.07,1.07,1.0
1022500253,betmgm,2025,Golden State Valkyries,Washington Mystics,2025-08-31T00:30:00+00:00,3,-5.5,-4.5,2025-08-29T21:55:39+00:00,2025-08-30T21:55:38+00:00,26.57,2.57,1.0
1022500253,betonlineag,2025,Golden State Valkyries,Washington Mystics,2025-08-31T00:30:00+00:00,4,-5.0,-4.5,2025-08-29T14:55:39+00:00,2025-08-30T21:55:38+00:00,33.57,2.57,0.5
1022500253,betrivers,2025,Golden State Valkyries,Washington Mystics,2025-08-31T00:30:00+00:00,4,-5.0,-4.5,2025-08-29T14:55:39+00:00,2025-08-30T21:55:38+00:00,33.57,2.57,0.5
1022500253,betus,2025,Golden State Valkyries,Washington Mystics,2025-08-31T00:30:00+00:00,2,-5.0,-4.5,2025-08-30T14:55:39+00:00,2025-08-30T21:55:38+00:00,9.57,2.57,0.5
1022500253,bovada,2025,Golden State Valkyries,Washington Mystics,2025-08-31T00:30:00+00:00,3,-5.5,-5.0,2025-08-29T21:55:39+00:00,2025-08-30T21:55:38+00:00,26.57,2.57,0.5
1022500253,draftkings,2025,Golden State Valkyries,Washington Mystics,2025-08-31T00:30:00+00:00,4,-5.5,-4.5,2025-08-29T14:55:39+00:00,2025-08-30T21:55:38+00:00,33.57,2.57,1.0
1022500253,fanatics,2025,Golden State Valkyries,Washington Mystics,2025-08-31T00:30:00+00:00,4,-5.5,-4.5,2025-08-29T14:55:39+00:00,2025-08-30T21:55:38+00:00,33.57,2.57,1.0
1022500253,fanduel,2025,Golden State Valkyries,Washington Mystics,2025-08-31T00:30:00+00:00,4,-5.5,-4.5,2025-08-29T14:55:39+00:00,2025-08-30T21:55:38+00:00,33.57,2.57,1.0
1022500253,lowvig,2025,Golden State Valkyries,Washington Mystics,2025-08-31T00:30:00+00:00,4,-5.0,-4.5,2025-08-29T14:55:39+00:00,2025-08-30T21:55:38+00:00,33.57,2.57,0.5
1022500253,mybookieag,2025,Golden State Valkyries,Washington Mystics,2025-08-31T00:30:00+00:00,4,-5.5,-4.5,2025-08-29T14:55:39+00:00,2025-08-30T21:55:38+00:00,33.57,2.57,1.0
1022500253,williamhill_us,2025,Golden State Valkyries,Washington Mystics,2025-08-31T00:30:00+00:00,4,-5.0,-4.5,2025-08-29T14:55:39+00:00,2025-08-30T21:55:38+00:00,33.57,2.57,0.5
1022500254,betmgm,2025,Seattle Storm,Chicago Sky,2025-08-31T01:00:00+00:00,3,-11.5,-10.5,2025-08-29T21:55:39+00:00,2025-08-30T21:55:38+00:00,27.07,3.07,1.0
1022500254,betonlineag,2025,Seattle Storm,Chicago Sky,2025-08-31T01:00:00+00:00,4,-11.5,-10.5,2025-08-29T14:55:39+00:00,2025-08-30T21:55:38+00:00,34.07,3.07,1.0
1022500254,betrivers,2025,Seattle Storm,Chicago Sky,2025-08-31T01:00:00+00:00,4,-11.5,-10.5,2025-08-29T14:55:39+00:00,2025-08-30T21:55:38+00:00,34.07,3.07,1.0
1022500254,betus,2025,Seattle Storm,Chicago Sky,2025-08-31T01:00:00+00:00,2,-11.0,-10.5,2025-08-30T14:55:39+00:00,2025-08-30T21:55:38+00:00,10.07,3.07,0.5
1022500254,bovada,2025,Seattle Storm,Chicago Sky,2025-08-31T01:00:00+00:00,3,-11.5,-10.0,2025-08-29T21:55:39+00:00,2025-08-30T21:55:38+00:00,27.07,3.07,1.5
1022500254,draftkings,2025,Seattle Storm,Chicago Sky,2025-08-31T01:00:00+00:00,4,-11.5,-10.5,2025-08-29T14:55:39+00:00,2025-08-30T21:55:38+00:00,34.07,3.07,1.0
1022500254,fanatics,2025,Seattle Storm,Chicago Sky,2025-08-31T01:00:00+00:00,4,-11.5,-10.5,2025-08-29T14:55:39+00:00,2025-08-30T21:55:38+00:00,34.07,3.07,1.0
1022500254,fanduel,2025,Seattle Storm,Chicago Sky,2025-08-31T01:00:00+00:00,4,-11.5,-10.5,2025-08-29T14:55:39+00:00,2025-08-30T21:55:38+00:00,34.07,3.07,1.0
1022500254,lowvig,2025,Seattle Storm,Chicago Sky,2025-08-31T01:00:00+00:00,4,-11.5,-10.5,2025-08-29T14:55:39+00:00,2025-08-30T21:55:38+00:00,34.07,3.07,1.0
1022500254,mybookieag,2025,Seattle Storm,Chicago Sky,2025-08-31T01:00:00+00:00,4,-11.5,-10.5,2025-08-29T14:55:39+00:00,2025-08-30T21:55:38+00:00,34.07,3.07,1.0
1022500254,williamhill_us,2025,Seattle Storm,Chicago Sky,2025-08-31T01:00:00+00:00,4,-11.5,-10.5,2025-08-29T14:55:39+00:00,2025-08-30T21:55:38+00:00,34.07,3.07,1.0
1022500255,betmgm,2025,Phoenix Mercury,New York Liberty,2025-08-31T02:00:00+00:00,3,-1.5,1.5,2025-08-29T21:55:39+00:00,2025-08-30T21:55:38+00:00,28.07,4.07,3.0
1022500255,betonlineag,2025,Phoenix Mercury,New York Liberty,2025-08-31T02:00:00+00:00,4,0.0,0.0,2025-08-29T14:55:39+00:00,2025-08-30T21:55:38+00:00,35.07,4.07,0.0
1022500255,betrivers,2025,Phoenix Mercury,New York Liberty,2025-08-31T02:00:00+00:00,4,-1.0,1.0,2025-08-29T14:55:39+00:00,2025-08-30T21:55:38+00:00,35.07,4.07,2.0
1022500255,betus,2025,Phoenix Mercury,New York Liberty,2025-08-31T02:00:00+00:00,2,-2.0,0.0,2025-08-30T14:55:39+00:00,2025-08-30T21:55:38+00:00,11.07,4.07,2.0
1022500255,bovada,2025,Phoenix Mercury,New York Liberty,2025-08-31T02:00:00+00:00,3,0.0,-1.0,2025-08-29T21:55:39+00:00,2025-08-30T21:55:38+00:00,28.07,4.07,1.0
1022500255,draftkings,2025,Phoenix Mercury,New York Liberty,2025-08-31T02:00:00+00:00,4,-1.0,-1.0,2025-08-29T14:55:39+00:00,2025-08-30T21:55:38+00:00,35.07,4.07,0.0
1022500255,fanatics,2025,Phoenix Mercury,New York Liberty,2025-08-31T02:00:00+00:00,4,-1.5,-1.5,2025-08-29T14:55:39+00:00,2025-08-30T21:55:38+00:00,35.07,4.07,0.0
1022500255,fanduel,2025,Phoenix Mercury,New York Liberty,2025-08-31T02:00:00+00:00,4,-1.0,1.0,2025-08-29T14:55:39+00:00,2025-08-30T21:55:38+00:00,35.07,4.07,2.0
1022500255,lowvig,2025,Phoenix Mercury,New York Liberty,2025-08-31T02:00:00+00:00,4,0.0,0.0,2025-08-29T14:55:39+00:00,2025-08-30T21:55:38+00:00,35.07,4.07,0.0
1022500255,mybookieag,2025,Phoenix Mercury,New York Liberty,2025-08-31T02:00:00+00:00,4,-1.0,-1.0,2025-08-29T14:55:39+00:00,2025-08-30T21:55:38+00:00,35.07,4.07,0.0
1022500255,williamhill_us,2025,Phoenix Mercury,New York Liberty,2025-08-31T02:00:00+00:00,4,-1.0,0.0,2025-08-29T14:55:39+00:00,2025-08-30T21:55:38+00:00,35.07,4.07,1.0
1022500256,betonlineag,2025,Los Angeles Sparks,Washington Mystics,2025-09-01T00:30:00+00:00,3,-7.5,-8.5,2025-08-30T21:55:38+00:00,2025-08-31T21:55:37+00:00,26.57,2.57,1.0
1022500256,betrivers,2025,Los Angeles Sparks,Washington Mystics,2025-09-01T00:30:00+00:00,2,-8.5,-8.5,2025-08-31T14:55:37+00:00,2025-08-31T21:55:37+00:00,9.57,2.57,0.0
1022500256,betus,2025,Los Angeles Sparks,Washington Mystics,2025-09-01T00:30:00+00:00,3,-7.5,-9.0,2025-08-30T21:55:38+00:00,2025-08-31T21:55:37+00:00,26.57,2.57,1.5
1022500256,bovada,2025,Los Angeles Sparks,Washington Mystics,2025-09-01T00:30:00+00:00,3,-7.5,-8.5,2025-08-30T21:55:38+00:00,2025-08-31T21:55:37+00:00,26.57,2.57,1.0
1022500256,draftkings,2025,Los Angeles Sparks,Washington Mystics,2025-09-01T00:30:00+00:00,4,-7.0,-8.5,2025-08-30T14:55:39+00:00,2025-08-31T21:55:37+00:00,33.57,2.57,1.5
1022500256,fanatics,2025,Los Angeles Sparks,Washington Mystics,2025-09-01T00:30:00+00:00,4,-7.5,-8.5,2025-08-30T14:55:39+00:00,2025-08-31T21:55:37+00:00,33.57,2.57,1.0
1022500256,fanduel,2025,Los Angeles Sparks,Washington Mystics,2025-09-01T00:30:00+00:00,4,-7.5,-8.5,2025-08-30T14:55:39+00:00,2025-08-31T21:55:37+00:00,33.57,2.57,1.0
1022500256,lowvig,2025,Los Angeles Sparks,Washington Mystics,2025-09-01T00:30:00+00:00,3,-7.5,-8.5,2025-08-30T21:55:38+00:00,2025-08-31T21:55:37+00:00,26.57,2.57,1.0
1022500256,mybookieag,2025,Los Angeles Sparks,Washington Mystics,2025-09-01T00:30:00+00:00,4,-7.5,-9.0,2025-08-30T14:55:39+00:00,2025-08-31T21:55:37+00:00,33.57,2.57,1.5
1022500256,williamhill_us,2025,Los Angeles Sparks,Washington Mystics,2025-09-01T00:30:00+00:00,4,-7.5,-9.0,2025-08-30T14:55:39+00:00,2025-08-31T21:55:37+00:00,33.57,2.57,1.5
1022500257,betmgm,2025,Golden State Valkyries,Indiana Fever,2025-09-01T00:00:00+00:00,2,2.5,2.5,2025-08-31T14:55:37+00:00,2025-08-31T21:55:37+00:00,9.07,2.07,0.0
1022500257,betonlineag,2025,Golden State Valkyries,Indiana Fever,2025-09-01T00:00:00+00:00,2,2.0,2.5,2025-08-31T14:55:37+00:00,2025-08-31T21:55:37+00:00,9.07,2.07,0.5
1022500257,betrivers,2025,Golden State Valkyries,Indiana Fever,2025-09-01T00:00:00+00:00,2,2.0,2.5,2025-08-31T14:55:37+00:00,2025-08-31T21:55:37+00:00,9.07,2.07,0.5
1022500257,betus,2025,Golden State Valkyries,Indiana Fever,2025-09-01T00:00:00+00:00,2,2.0,2.5,2025-08-31T14:55:37+00:00,2025-08-31T21:55:37+00:00,9.07,2.07,0.5
1022500257,bovada,2025,Golden State Valkyries,Indiana Fever,2025-09-01T00:00:00+00:00,3,1.5,2.5,2025-08-30T21:55:38+00:00,2025-08-31T21:55:37+00:00,26.07,2.07,1.0
1022500257,draftkings,2025,Golden State Valkyries,Indiana Fever,2025-09-01T00:00:00+00:00,4,1.5,2.5,2025-08-30T14:55:39+00:00,2025-08-31T21:55:37+00:00,33.07,2.07,1.0
1022500257,fanatics,2025,Golden State Valkyries,Indiana Fever,2025-09-01T00:00:00+00:00,4,1.5,2.5,2025-08-30T14:55:39+00:00,2025-08-31T21:55:37+00:00,33.07,2.07,1.0
1022500257,fanduel,2025,Golden State Valkyries,Indiana Fever,2025-09-01T00:00:00+00:00,4,1.5,2.5,2025-08-30T14:55:39+00:00,2025-08-31T21:55:37+00:00,33.07,2.07,1.0
1022500257,lowvig,2025,Golden State Valkyries,Indiana Fever,2025-09-01T00:00:00+00:00,2,2.0,2.5,2025-08-31T14:55:37+00:00,2025-08-31T21:55:37+00:00,9.07,2.07,0.5
1022500257,mybookieag,2025,Golden State Valkyries,Indiana Fever,2025-09-01T00:00:00+00:00,4,1.5,2.5,2025-08-30T14:55:39+00:00,2025-08-31T21:55:37+00:00,33.07,2.07,1.0
1022500257,williamhill_us,2025,Golden State Valkyries,Indiana Fever,2025-09-01T00:00:00+00:00,2,2.0,3.0,2025-08-31T14:55:37+00:00,2025-08-31T21:55:37+00:00,9.07,2.07,1.0
1022500258,betmgm,2025,Connecticut Sun,Atlanta Dream,2025-09-01T17:00:00+00:00,1,10.5,10.5,2025-09-01T14:55:38+00:00,2025-09-01T14:55:38+00:00,2.07,2.07,0.0
1022500258,betonlineag,2025,Connecticut Sun,Atlanta Dream,2025-09-01T17:00:00+00:00,2,10.5,10.5,2025-08-31T21:55:37+00:00,2025-09-01T14:55:38+00:00,19.07,2.07,0.0
1022500258,betrivers,2025,Connecticut Sun,Atlanta Dream,2025-09-01T17:00:00+00:00,3,10.5,10.5,2025-08-31T14:55:37+00:00,2025-09-01T14:55:38+00:00,26.07,2.07,0.0
1022500258,betus,2025,Connecticut Sun,Atlanta Dream,2025-09-01T17:00:00+00:00,2,10.5,10.5,2025-08-31T21:55:37+00:00,2025-09-01T14:55:38+00:00,19.07,2.07,0.0
1022500258,bovada,2025,Connecticut Sun,Atlanta Dream,2025-09-01T17:00:00+00:00,2,10.5,10.5,2025-08-31T21:55:37+00:00,2025-09-01T14:55:38+00:00,19.07,2.07,0.0
1022500258,draftkings,2025,Connecticut Sun,Atlanta Dream,2025-09-01T17:00:00+00:00,3,10.5,10.5,2025-08-31T14:55:37+00:00,2025-09-01T14:55:38+00:00,26.07,2.07,0.0
1022500258,fanatics,2025,Connecticut Sun,Atlanta Dream,2025-09-01T17:00:00+00:00,3,10.5,10.5,2025-08-31T14:55:37+00:00,2025-09-01T14:55:38+00:00,26.07,2.07,0.0
1022500258,fanduel,2025,Connecticut Sun,Atlanta Dream,2025-09-01T17:00:00+00:00,3,11.0,10.0,2025-08-31T14:55:37+00:00,2025-09-01T14:55:38+00:00,26.07,2.07,1.0
1022500258,lowvig,2025,Connecticut Sun,Atlanta Dream,2025-09-01T17:00:00+00:00,2,10.5,10.5,2025-08-31T21:55:37+00:00,2025-09-01T14:55:38+00:00,19.07,2.07,0.0
1022500258,mybookieag,2025,Connecticut Sun,Atlanta Dream,2025-09-01T17:00:00+00:00,3,10.5,10.5,2025-08-31T14:55:37+00:00,2025-09-01T14:55:38+00:00,26.07,2.07,0.0
1022500258,williamhill_us,2025,Connecticut Sun,Atlanta Dream,2025-09-01T17:00:00+00:00,3,10.5,10.5,2025-08-31T14:55:37+00:00,2025-09-01T14:55:38+00:00,26.07,2.07,0.0
1022500259,betmgm,2025,Minnesota Lynx,Dallas Wings,2025-09-02T00:00:00+00:00,2,-17.5,-18.5,2025-09-01T14:55:38+00:00,2025-09-01T21:55:38+00:00,9.07,2.07,1.0
1022500259,betonlineag,2025,Minnesota Lynx,Dallas Wings,2025-09-02T00:00:00+00:00,3,-15.5,-18.5,2025-08-31T21:55:37+00:00,2025-09-01T21:55:38+00:00,26.07,2.07,3.0
1022500259,betrivers,2025,Minnesota Lynx,Dallas Wings,2025-09-02T00:00:00+00:00,4,-16.5,-18.5,2025-08-31T14:55:37+00:00,2025-09-01T21:55:38+00:00,33.07,2.07,2.0
1022500259,betus,2025,Minnesota Lynx,Dallas Wings,2025-09-02T00:00:00+00:00,3,-15.5,-18.5,2025-08-31T21:55:37+00:00,2025-09-01T21:55:38+00:00,26.07,2.07,3.0
1022500259,bovada,2025,Minnesota Lynx,Dallas Wings,2025-09-02T00:00:00+00:00,3,-15.0,-18.5,2025-08-31T21:55:37+00:00,2025-09-01T21:55:38+00:00,26.07,2.07,3.5
1022500259,draftkings,2025,Minnesota Lynx,Dallas Wings,2025-09-02T00:00:00+00:00,4,-15.5,-18.0,2025-08-31T14:55:37+00:00,2025-09-01T21:55:38+00:00,33.07,2.07,2.5
1022500259,fanatics,2025,Minnesota Lynx,Dallas Wings,2025-09-02T00:00:00+00:00,4,-16.5,-18.5,2025-08-31T14:55:37+00:00,2025-09-01T21:55:38+00:00,33.07,2.07,2.0
1022500259,fanduel,2025,Minnesota Lynx,Dallas Wings,2025-09-02T00:00:00+00:00,4,-17.0,-18.5,2025-08-31T14:55:37+00:00,2025-09-01T21:55:38+00:00,33.07,2.07,1.5
1022500259,lowvig,2025,Minnesota Lynx,Dallas Wings,2025-09-02T00:00:00+00:00,3,-15.5,-18.5,2025-08-31T21:55:37+00:00,2025-09-01T21:55:38+00:00,26.07,2.07,3.0
1022500259,mybookieag,2025,Minnesota Lynx,Dallas Wings,2025-09-02T00:00:00+00:00,3,-14.0,-18.5,2025-08-31T21:55:37+00:00,2025-09-01T21:55:38+00:00,26.07,2.07,4.5
1022500259,williamhill_us,2025,Minnesota Lynx,Dallas Wings,2025-09-02T00:00:00+00:00,4,-15.5,-18.5,2025-08-31T14:55:37+00:00,2025-09-01T21:55:38+00:00,33.07,2.07,3.0
1022500260,betmgm,2025,Seattle Storm,Los Angeles Sparks,2025-09-02T02:00:00+00:00,2,-8.5,-8.5,2025-09-01T14:55:38+00:00,2025-09-01T21:55:38+00:00,11.07,4.07,0.0
1022500260,betonlineag,2025,Seattle Storm,Los Angeles Sparks,2025-09-02T02:00:00+00:00,3,-6.0,-8.5,2025-08-31T21:55:37+00:00,2025-09-01T21:55:38+00:00,28.07,4.07,2.5
1022500260,betrivers,2025,Seattle Storm,Los Angeles Sparks,2025-09-02T02:00:00+00:00,4,-6.0,-8.0,2025-08-31T14:55:37+00:00,2025-09-01T21:55:38+00:00,35.07,4.07,2.0
1022500260,betus,2025,Seattle Storm,Los Angeles Sparks,2025-09-02T02:00:00+00:00,3,-6.0,-8.0,2025-08-31T21:55:37+00:00,2025-09-01T21:55:38+00:00,28.07,4.07,2.0
1022500260,bovada,2025,Seattle Storm,Los Angeles Sparks,2025-09-02T02:00:00+00:00,3,-6.0,-8.0,2025-08-31T21:55:37+00:00,2025-09-01T21:55:38+00:00,28.07,4.07,2.0
1022500260,draftkings,2025,Seattle Storm,Los Angeles Sparks,2025-09-02T02:00:00+00:00,4,-6.0,-8.0,2025-08-31T14:55:37+00:00,2025-09-01T21:55:38+00:00,35.07,4.07,2.0
1022500260,fanatics,2025,Seattle Storm,Los Angeles Sparks,2025-09-02T02:00:00+00:00,4,-6.5,-8.5,2025-08-31T14:55:37+00:00,2025-09-01T21:55:38+00:00,35.07,4.07,2.0
1022500260,fanduel,2025,Seattle Storm,Los Angeles Sparks,2025-09-02T02:00:00+00:00,4,-6.5,-8.0,2025-08-31T14:55:37+00:00,2025-09-01T21:55:38+00:00,35.07,4.07,1.5
1022500260,lowvig,2025,Seattle Storm,Los Angeles Sparks,2025-09-02T02:00:00+00:00,3,-6.0,-8.5,2025-08-31T21:55:37+00:00,2025-09-01T21:55:38+00:00,28.07,4.07,2.5
1022500260,mybookieag,2025,Seattle Storm,Los Angeles Sparks,2025-09-02T02:00:00+00:00,4,-6.0,-8.0,2025-08-31T14:55:37+00:00,2025-09-01T21:55:38+00:00,35.07,4.07,2.0
1022500260,williamhill_us,2025,Seattle Storm,Los Angeles Sparks,2025-09-02T02:00:00+00:00,4,-6.0,-8.5,2025-08-31T14:55:37+00:00,2025-09-01T21:55:38+00:00,35.07,4.07,2.5
1022500261,betmgm,2025,Golden State Valkyries,New York Liberty,2025-09-03T02:00:00+00:00,2,6.5,6.5,2025-09-02T14:55:38+00:00,2025-09-02T21:55:38+00:00,11.07,4.07,0.0
1022500261,betonlineag,2025,Golden State Valkyries,New York Liberty,2025-09-03T02:00:00+00:00,2,6.5,6.5,2025-09-02T14:55:38+00:00,2025-09-02T21:55:38+00:00,11.07,4.07,0.0
1022500261,betrivers,2025,Golden State Valkyries,New York Liberty,2025-09-03T02:00:00+00:00,4,6.0,6.0,2025-09-01T14:55:38+00:00,2025-09-02T21:55:38+00:00,35.07,4.07,0.0
1022500261,betus,2025,Golden State Valkyries,New York Liberty,2025-09-03T02:00:00+00:00,2,6.5,6.5,2025-09-02T14:55:38+00:00,2025-09-02T21:55:38+00:00,11.07,4.07,0.0
1022500261,bovada,2025,Golden State Valkyries,New York Liberty,2025-09-03T02:00:00+00:00,4,6.0,6.5,2025-09-01T14:55:38+00:00,2025-09-02T21:55:38+00:00,35.07,4.07,0.5
1022500261,draftkings,2025,Golden State Valkyries,New York Liberty,2025-09-03T02:00:00+00:00,4,6.0,6.5,2025-09-01T14:55:38+00:00,2025-09-02T21:55:38+00:00,35.07,4.07,0.5
1022500261,fanatics,2025,Golden State Valkyries,New York Liberty,2025-09-03T02:00:00+00:00,4,6.5,6.5,2025-09-01T14:55:38+00:00,2025-09-02T21:55:38+00:00,35.07,4.07,0.0
1022500261,fanduel,2025,Golden State Valkyries,New York Liberty,2025-09-03T02:00:00+00:00,4,6.0,6.0,2025-09-01T14:55:38+00:00,2025-09-02T21:55:38+00:00,35.07,4.07,0.0
1022500261,lowvig,2025,Golden State Valkyries,New York Liberty,2025-09-03T02:00:00+00:00,2,6.5,6.5,2025-09-02T14:55:38+00:00,2025-09-02T21:55:38+00:00,11.07,4.07,0.0
1022500261,mybookieag,2025,Golden State Valkyries,New York Liberty,2025-09-03T02:00:00+00:00,4,6.0,6.5,2025-09-01T14:55:38+00:00,2025-09-02T21:55:38+00:00,35.07,4.07,0.5
1022500261,williamhill_us,2025,Golden State Valkyries,New York Liberty,2025-09-03T02:00:00+00:00,4,6.0,6.5,2025-09-01T14:55:38+00:00,2025-09-02T21:55:38+00:00,35.07,4.07,0.5
1022500262,betmgm,2025,Phoenix Mercury,Indiana Fever,2025-09-03T02:00:00+00:00,2,-7.5,-7.5,2025-09-02T14:55:38+00:00,2025-09-02T21:55:38+00:00,11.07,4.07,0.0
1022500262,betonlineag,2025,Phoenix Mercury,Indiana Fever,2025-09-03T02:00:00+00:00,3,-6.5,-7.5,2025-09-01T21:55:38+00:00,2025-09-02T21:55:38+00:00,28.07,4.07,1.0
1022500262,betrivers,2025,Phoenix Mercury,Indiana Fever,2025-09-03T02:00:00+00:00,4,-6.5,-7.5,2025-09-01T14:55:38+00:00,2025-09-02T21:55:38+00:00,35.07,4.07,1.0
1022500262,betus,2025,Phoenix Mercury,Indiana Fever,2025-09-03T02:00:00+00:00,3,-6.5,-7.5,2025-09-01T21:55:38+00:00,2025-09-02T21:55:38+00:00,28.07,4.07,1.0
1022500262,bovada,2025,Phoenix Mercury,Indiana Fever,2025-09-03T02:00:00+00:00,4,-6.5,-8.0,2025-09-01T14:55:38+00:00,2025-09-02T21:55:38+00:00,35.07,4.07,1.5
1022500262,draftkings,2025,Phoenix Mercury,Indiana Fever,2025-09-03T02:00:00+00:00,4,-6.5,-7.5,2025-09-01T14:55:38+00:00,2025-09-02T21:55:38+00:00,35.07,4.07,1.0
1022500262,fanatics,2025,Phoenix Mercury,Indiana Fever,2025-09-03T02:00:00+00:00,4,-6.5,-7.5,2025-09-01T14:55:38+00:00,2025-09-02T21:55:38+00:00,35.07,4.07,1.0
1022500262,fanduel,2025,Phoenix Mercury,Indiana Fever,2025-09-03T02:00:00+00:00,4,-6.5,-7.5,2025-09-01T14:55:38+00:00,2025-09-02T21:55:38+00:00,35.07,4.07,1.0
1022500262,lowvig,2025,Phoenix Mercury,Indiana Fever,2025-09-03T02:00:00+00:00,3,-6.5,-7.5,2025-09-01T21:55:38+00:00,2025-09-02T21:55:38+00:00,28.07,4.07,1.0
1022500262,mybookieag,2025,Phoenix Mercury,Indiana Fever,2025-09-03T02:00:00+00:00,4,-6.5,-7.5,2025-09-01T14:55:38+00:00,2025-09-02T21:55:38+00:00,35.07,4.07,1.0
1022500262,williamhill_us,2025,Phoenix Mercury,Indiana Fever,2025-09-03T02:00:00+00:00,4,-6.5,-7.5,2025-09-01T14:55:38+00:00,2025-09-02T21:55:38+00:00,35.07,4.07,1.0
1022500263,betmgm,2025,Atlanta Dream,Los Angeles Sparks,2025-09-03T23:30:00+00:00,3,-6.5,-6.5,2025-09-02T21:55:38+00:00,2025-09-03T21:55:38+00:00,25.57,1.57,0.0
1022500263,betonlineag,2025,Atlanta Dream,Los Angeles Sparks,2025-09-03T23:30:00+00:00,3,-7.0,-7.0,2025-09-02T14:55:38+00:00,2025-09-03T21:55:38+00:00,32.57,1.57,0.0
1022500263,betrivers,2025,Atlanta Dream,Los Angeles Sparks,2025-09-03T23:30:00+00:00,2,-7.0,-7.0,2025-09-03T14:55:38+00:00,2025-09-03T21:55:38+00:00,8.57,1.57,0.0
1022500263,betus,2025,Atlanta Dream,Los Angeles Sparks,2025-09-03T23:30:00+00:00,2,-7.0,-7.0,2025-09-03T14:55:38+00:00,2025-09-03T21:55:38+00:00,8.57,1.57,0.0
1022500263,bovada,2025,Atlanta Dream,Los Angeles Sparks,2025-09-03T23:30:00+00:00,4,-7.0,-7.0,2025-09-02T14:55:38+00:00,2025-09-03T21:55:38+00:00,32.57,1.57,0.0
1022500263,draftkings,2025,Atlanta Dream,Los Angeles Sparks,2025-09-03T23:30:00+00:00,4,-7.0,-7.0,2025-09-02T14:55:38+00:00,2025-09-03T21:55:38+00:00,32.57,1.57,0.0
1022500263,fanatics,2025,Atlanta Dream,Los Angeles Sparks,2025-09-03T23:30:00+00:00,4,-6.5,-7.5,2025-09-02T14:55:38+00:00,2025-09-03T21:55:38+00:00,32.57,1.57,1.0
1022500263,fanduel,2025,Atlanta Dream,Los Angeles Sparks,2025-09-03T23:30:00+00:00,4,-7.0,-6.5,2025-09-02T14:55:38+00:00,2025-09-03T21:55:38+00:00,32.57,1.57,0.5
1022500263,lowvig,2025,Atlanta Dream,Los Angeles Sparks,2025-09-03T23:30:00+00:00,3,-7.0,-7.0,2025-09-02T14:55:38+00:00,2025-09-03T21:55:38+00:00,32.57,1.57,0.0
1022500263,mybookieag,2025,Atlanta Dream,Los Angeles Sparks,2025-09-03T23:30:00+00:00,4,-7.0,-7.0,2025-09-02T14:55:38+00:00,2025-09-03T21:55:38+00:00,32.57,1.57,0.0
1022500263,williamhill_us,2025,Atlanta Dream,Los Angeles Sparks,2025-09-03T23:30:00+00:00,4,-7.0,-7.0,2025-09-02T14:55:38+00:00,2025-09-03T21:55:38+00:00,32.57,1.57,0.0
1022500264,betmgm,2025,Chicago Sky,Connecticut Sun,2025-09-04T00:00:00+00:00,3,-1.5,-1.5,2025-09-02T21:55:38+00:00,2025-09-03T21:55:38+00:00,26.07,2.07,0.0
1022500264,betonlineag,2025,Chicago Sky,Connecticut Sun,2025-09-04T00:00:00+00:00,4,-1.5,-2.0,2025-09-02T14:55:38+00:00,2025-09-03T21:55:38+00:00,33.07,2.07,0.5
1022500264,betrivers,2025,Chicago Sky,Connecticut Sun,2025-09-04T00:00:00+00:00,2,-2.0,-2.0,2025-09-03T14:55:38+00:00,2025-09-03T21:55:38+00:00,9.07,2.07,0.0
1022500264,betus,2025,Chicago Sky,Connecticut Sun,2025-09-04T00:00:00+00:00,2,-2.0,-2.0,2025-09-03T14:55:38+00:00,2025-09-03T21:55:38+00:00,9.07,2.07,0.0
1022500264,bovada,2025,Chicago Sky,Connecticut Sun,2025-09-04T00:00:00+00:00,4,-1.0,-2.0,2025-09-02T14:55:38+00:00,2025-09-03T21:55:38+00:00,33.07,2.07,1.0
1022500264,draftkings,2025,Chicago Sky,Connecticut Sun,2025-09-04T00:00:00+00:00,4,-1.5,-2.0,2025-09-02T14:55:38+00:00,2025-09-03T21:55:38+00:00,33.07,2.07,0.5
1022500264,fanatics,2025,Chicago Sky,Connecticut Sun,2025-09-04T00:00:00+00:00,4,-1.5,-2.5,2025-09-02T14:55:38+00:00,2025-09-03T21:55:38+00:00,33.07,2.07,1.0
1022500264,fanduel,2025,Chicago Sky,Connecticut Sun,2025-09-04T00:00:00+00:00,4,-1.0,-1.5,2025-09-02T14:55:38+00:00,2025-09-03T21:55:38+00:00,33.07,2.07,0.5
1022500264,lowvig,2025,Chicago Sky,Connecticut Sun,2025-09-04T00:00:00+00:00,4,-1.5,-2.0,2025-09-02T14:55:38+00:00,2025-09-03T21:55:38+00:00,33.07,2.07,0.5
1022500264,mybookieag,2025,Chicago Sky,Connecticut Sun,2025-09-04T00:00:00+00:00,4,-1.5,-2.0,2025-09-02T14:55:38+00:00,2025-09-03T21:55:38+00:00,33.07,2.07,0.5
1022500264,williamhill_us,2025,Chicago Sky,Connecticut Sun,2025-09-04T00:00:00+00:00,4,-1.5,-2.0,2025-09-02T14:55:38+00:00,2025-09-03T21:55:38+00:00,33.07,2.07,0.5
1022500265,betmgm,2025,Washington Mystics,Phoenix Mercury,2025-09-04T23:30:00+00:00,3,9.5,9.5,2025-09-03T21:55:38+00:00,2025-09-04T21:55:39+00:00,25.57,1.57,0.0
1022500265,betonlineag,2025,Washington Mystics,Phoenix Mercury,2025-09-04T23:30:00+00:00,3,9.0,9.0,2025-09-03T21:55:38+00:00,2025-09-04T21:55:39+00:00,25.57,1.57,0.0
1022500265,betrivers,2025,Washington Mystics,Phoenix Mercury,2025-09-04T23:30:00+00:00,2,9.0,9.5,2025-09-04T14:55:38+00:00,2025-09-04T21:55:39+00:00,8.57,1.57,0.5
1022500265,betus,2025,Washington Mystics,Phoenix Mercury,2025-09-04T23:30:00+00:00,2,9.5,9.0,2025-09-04T14:55:38+00:00,2025-09-04T21:55:39+00:00,8.57,1.57,0.5
1022500265,bovada,2025,Washington Mystics,Phoenix Mercury,2025-09-04T23:30:00+00:00,2,9.5,9.0,2025-09-04T14:55:38+00:00,2025-09-04T21:55:39+00:00,8.57,1.57,0.5
1022500265,draftkings,2025,Washington Mystics,Phoenix Mercury,2025-09-04T23:30:00+00:00,4,9.0,9.5,2025-09-03T14:55:38+00:00,2025-09-04T21:55:39+00:00,32.57,1.57,0.5
1022500265,fanatics,2025,Washington Mystics,Phoenix Mercury,2025-09-04T23:30:00+00:00,4,9.5,9.5,2025-09-03T14:55:38+00:00,2025-09-04T21:55:39+00:00,32.57,1.57,0.0
1022500265,fanduel,2025,Washington Mystics,Phoenix Mercury,2025-09-04T23:30:00+00:00,4,9.0,9.0,2025-09-03T14:55:38+00:00,2025-09-04T21:55:39+00:00,32.57,1.57,0.0
1022500265,lowvig,2025,Washington Mystics,Phoenix Mercury,2025-09-04T23:30:00+00:00,3,9.0,9.0,2025-09-03T21:55:38+00:00,2025-09-04T21:55:39+00:00,25.57,1.57,0.0
1022500265,mybookieag,2025,Washington Mystics,Phoenix Mercury,2025-09-04T23:30:00+00:00,4,9.0,9.0,2025-09-03T14:55:38+00:00,2025-09-04T21:55:39+00:00,32.57,1.57,0.0
1022500265,williamhill_us,2025,Washington Mystics,Phoenix Mercury,2025-09-04T23:30:00+00:00,4,9.0,9.0,2025-09-03T14:55:38+00:00,2025-09-04T21:55:39+00:00,32.57,1.57,0.0
1022500266,betmgm,2025,Golden State Valkyries,Dallas Wings,2025-09-05T02:00:00+00:00,3,-9.5,-11.5,2025-09-03T21:55:38+00:00,2025-09-04T21:55:39+00:00,28.07,4.07,2.0
1022500266,betonlineag,2025,Golden State Valkyries,Dallas Wings,2025-09-05T02:00:00+00:00,2,-11.5,-11.0,2025-09-04T14:55:38+00:00,2025-09-04T21:55:39+00:00,11.07,4.07,0.5
1022500266,betrivers,2025,Golden State Valkyries,Dallas Wings,2025-09-05T02:00:00+00:00,2,-11.5,-11.0,2025-09-04T14:55:38+00:00,2025-09-04T21:55:39+00:00,11.07,4.07,0.5
1022500266,betus,2025,Golden State Valkyries,Dallas Wings,2025-09-05T02:00:00+00:00,2,-11.5,-11.0,2025-09-04T14:55:38+00:00,2025-09-04T21:55:39+00:00,11.07,4.07,0.5
1022500266,bovada,2025,Golden State Valkyries,Dallas Wings,2025-09-05T02:00:00+00:00,2,-11.5,-11.0,2025-09-04T14:55:38+00:00,2025-09-04T21:55:39+00:00,11.07,4.07,0.5
1022500266,draftkings,2025,Golden State Valkyries,Dallas Wings,2025-09-05T02:00:00+00:00,4,-9.0,-11.0,2025-09-03T14:55:38+00:00,2025-09-04T21:55:39+00:00,35.07,4.07,2.0
1022500266,fanatics,2025,Golden State Valkyries,Dallas Wings,2025-09-05T02:00:00+00:00,4,-9.5,-11.5,2025-09-03T14:55:38+00:00,2025-09-04T21:55:39+00:00,35.07,4.07,2.0
1022500266,fanduel,2025,Golden State Valkyries,Dallas Wings,2025-09-05T02:00:00+00:00,4,-9.0,-11.5,2025-09-03T14:55:38+00:00,2025-09-04T21:55:39+00:00,35.07,4.07,2.5
1022500266,lowvig,2025,Golden State Valkyries,Dallas Wings,2025-09-05T02:00:00+00:00,2,-11.5,-11.0,2025-09-04T14:55:38+00:00,2025-09-04T21:55:39+00:00,11.07,4.07,0.5
1022500266,mybookieag,2025,Golden State Valkyries,Dallas Wings,2025-09-05T02:00:00+00:00,4,-9.0,-11.0,2025-09-03T14:55:38+00:00,2025-09-04T21:55:39+00:00,35.07,4.07,2.0
1022500266,williamhill_us,2025,Golden State Valkyries,Dallas Wings,2025-09-05T02:00:00+00:00,2,-11.5,-11.0,2025-09-04T14:55:38+00:00,2025-09-04T21:55:39+00:00,11.07,4.07,0.5
1022500267,betmgm,2025,Las Vegas Aces,Minnesota Lynx,2025-09-05T02:00:00+00:00,3,1.5,2.5,2025-09-03T21:55:38+00:00,2025-09-04T21:55:39+00:00,28.07,4.07,1.0
1022500267,betonlineag,2025,Las Vegas Aces,Minnesota Lynx,2025-09-05T02:00:00+00:00,3,1.0,3.0,2025-09-03T21:55:38+00:00,2025-09-04T21:55:39+00:00,28.07,4.07,2.0
1022500267,betrivers,2025,Las Vegas Aces,Minnesota Lynx,2025-09-05T02:00:00+00:00,4,1.0,2.5,2025-09-03T14:55:38+00:00,2025-09-04T21:55:39+00:00,35.07,4.07,1.5
1022500267,betus,2025,Las Vegas Aces,Minnesota Lynx,2025-09-05T02:00:00+00:00,2,2.0,2.5,2025-09-04T14:55:38+00:00,2025-09-04T21:55:39+00:00,11.07,4.07,0.5
1022500267,bovada,2025,Las Vegas Aces,Minnesota Lynx,2025-09-05T02:00:00+00:00,2,2.0,2.5,2025-09-04T14:55:38+00:00,2025-09-04T21:55:39+00:00,11.07,4.07,0.5
1022500267,draftkings,2025,Las Vegas Aces,Minnesota Lynx,2025-09-05T02:00:00+00:00,4,-1.0,2.5,2025-09-03T14:55:38+00:00,2025-09-04T21:55:39+00:00,35.07,4.07,3.5
1022500267,fanatics,2025,Las Vegas Aces,Minnesota Lynx,2025-09-05T02:00:00+00:00,4,1.5,2.5,2025-09-03T14:55:38+00:00,2025-09-04T21:55:39+00:00,35.07,4.07,1.0
1022500267,fanduel,2025,Las Vegas Aces,Minnesota Lynx,2025-09-05T02:00:00+00:00,4,1.0,2.0,2025-09-03T14:55:38+00:00,2025-09-04T21:55:39+00:00,35.07,4.07,1.0
1022500267,lowvig,2025,Las Vegas Aces,Minnesota Lynx,2025-09-05T02:00:00+00:00,3,1.0,3.0,2025-09-03T21:55:38+00:00,2025-09-04T21:55:39+00:00,28.07,4.07,2.0
1022500267,mybookieag,2025,Las Vegas Aces,Minnesota Lynx,2025-09-05T02:00:00+00:00,4,1.0,2.5,2025-09-03T14:55:38+00:00,2025-09-04T21:55:39+00:00,35.07,4.07,1.5
1022500267,williamhill_us,2025,Las Vegas Aces,Minnesota Lynx,2025-09-05T02:00:00+00:00,4,1.0,2.5,2025-09-03T14:55:38+00:00,2025-09-04T21:55:39+00:00,35.07,4.07,1.5
1022500268,betmgm,2025,Atlanta Dream,Los Angeles Sparks,2025-09-05T23:30:00+00:00,3,-5.5,-5.5,2025-09-04T21:55:39+00:00,2025-09-05T21:55:39+00:00,25.57,1.57,0.0
1022500268,betonlineag,2025,Atlanta Dream,Los Angeles Sparks,2025-09-05T23:30:00+00:00,3,-5.0,-5.5,2025-09-04T21:55:39+00:00,2025-09-05T21:55:39+00:00,25.57,1.57,0.5
1022500268,betrivers,2025,Atlanta Dream,Los Angeles Sparks,2025-09-05T23:30:00+00:00,4,-7.0,-5.5,2025-09-04T14:55:38+00:00,2025-09-05T21:55:39+00:00,32.57,1.57,1.5
1022500268,betus,2025,Atlanta Dream,Los Angeles Sparks,2025-09-05T23:30:00+00:00,2,-5.5,-5.5,2025-09-05T14:55:38+00:00,2025-09-05T21:55:39+00:00,8.57,1.57,0.0
1022500268,bovada,2025,Atlanta Dream,Los Angeles Sparks,2025-09-05T23:30:00+00:00,2,-5.5,-6.0,2025-09-05T14:55:38+00:00,2025-09-05T21:55:39+00:00,8.57,1.57,0.5
1022500268,draftkings,2025,Atlanta Dream,Los Angeles Sparks,2025-09-05T23:30:00+00:00,4,-6.5,-6.0,2025-09-04T14:55:38+00:00,2025-09-05T21:55:39+00:00,32.57,1.57,0.5
1022500268,fanatics,2025,Atlanta Dream,Los Angeles Sparks,2025-09-05T23:30:00+00:00,4,-6.5,-6.5,2025-09-04T14:55:38+00:00,2025-09-05T21:55:39+00:00,32.57,1.57,0.0
1022500268,fanduel,2025,Atlanta Dream,Los Angeles Sparks,2025-09-05T23:30:00+00:00,4,-7.0,-6.0,2025-09-04T14:55:38+00:00,2025-09-05T21:55:39+00:00,32.57,1.57,1.0
1022500268,lowvig,2025,Atlanta Dream,Los Angeles Sparks,2025-09-05T23:30:00+00:00,3,-5.0,-5.5,2025-09-04T21:55:39+00:00,2025-09-05T21:55:39+00:00,25.57,1.57,0.5
1022500268,mybookieag,2025,Atlanta Dream,Los Angeles Sparks,2025-09-05T23:30:00+00:00,4,-6.5,-5.5,2025-09-04T14:55:38+00:00,2025-09-05T21:55:39+00:00,32.57,1.57,1.0
1022500268,williamhill_us,2025,Atlanta Dream,Los Angeles Sparks,2025-09-05T23:30:00+00:00,4,-6.5,-6.0,2025-09-04T14:55:38+00:00,2025-09-05T21:55:39+00:00,32.57,1.57,0.5
1022500269,betmgm,2025,Indiana Fever,Chicago Sky,2025-09-05T23:30:00+00:00,3,-13.5,-11.5,2025-09-04T21:55:39+00:00,2025-09-05T21:55:39+00:00,25.57,1.57,2.0
1022500269,betonlineag,2025,Indiana Fever,Chicago Sky,2025-09-05T23:30:00+00:00,3,-14.0,-11.5,2025-09-04T21:55:39+00:00,2025-09-05T21:55:39+00:00,25.57,1.57,2.5
1022500269,betrivers,2025,Indiana Fever,Chicago Sky,2025-09-05T23:30:00+00:00,4,-14.0,-11.5,2025-09-04T14:55:38+00:00,2025-09-05T21:55:39+00:00,32.57,1.57,2.5
1022500269,betus,2025,Indiana Fever,Chicago Sky,2025-09-05T23:30:00+00:00,2,-11.5,-11.0,2025-09-05T14:55:38+00:00,2025-09-05T21:55:39+00:00,8.57,1.57,0.5
1022500269,bovada,2025,Indiana Fever,Chicago Sky,2025-09-05T23:30:00+00:00,3,-13.5,-11.5,2025-09-04T21:55:39+00:00,2025-09-05T21:55:39+00:00,25.57,1.57,2.0
1022500269,draftkings,2025,Indiana Fever,Chicago Sky,2025-09-05T23:30:00+00:00,4,-13.5,-11.0,2025-09-04T14:55:38+00:00,2025-09-05T21:55:39+00:00,32.57,1.57,2.5
1022500269,fanatics,2025,Indiana Fever,Chicago Sky,2025-09-05T23:30:00+00:00,4,-13.5,-11.5,2025-09-04T14:55:38+00:00,2025-09-05T21:55:39+00:00,32.57,1.57,2.0
1022500269,fanduel,2025,Indiana Fever,Chicago Sky,2025-09-05T23:30:00+00:00,4,-14.0,-11.0,2025-09-04T14:55:38+00:00,2025-09-05T21:55:39+00:00,32.57,1.57,3.0
1022500269,lowvig,2025,Indiana Fever,Chicago Sky,2025-09-05T23:30:00+00:00,3,-14.0,-11.5,2025-09-04T21:55:39+00:00,2025-09-05T21:55:39+00:00,25.57,1.57,2.5
1022500269,mybookieag,2025,Indiana Fever,Chicago Sky,2025-09-05T23:30:00+00:00,4,-13.5,-11.5,2025-09-04T14:55:38+00:00,2025-09-05T21:55:39+00:00,32.57,1.57,2.0
1022500269,williamhill_us,2025,Indiana Fever,Chicago Sky,2025-09-05T23:30:00+00:00,4,-13.5,-11.0,2025-09-04T14:55:38+00:00,2025-09-05T21:55:39+00:00,32.57,1.57,2.5
1022500270,betmgm,2025,Seattle Storm,New York Liberty,2025-09-06T02:00:00+00:00,3,-2.5,-1.5,2025-09-04T21:55:39+00:00,2025-09-05T21:55:39+00:00,28.07,4.07,1.0
1022500270,betonlineag,2025,Seattle Storm,New York Liberty,2025-09-06T02:00:00+00:00,3,-2.0,-1.0,2025-09-04T21:55:39+00:00,2025-09-05T21:55:39+00:00,28.07,4.07,1.0
1022500270,betrivers,2025,Seattle Storm,New York Liberty,2025-09-06T02:00:00+00:00,4,-2.0,-2.0,2025-09-04T14:55:38+00:00,2025-09-05T21:55:39+00:00,35.07,4.07,0.0
1022500270,betus,2025,Seattle Storm,New York Liberty,2025-09-06T02:00:00+00:00,2,-1.5,-1.5,2025-09-05T14:55:38+00:00,2025-09-05T21:55:39+00:00,11.07,4.07,0.0
1022500270,bovada,2025,Seattle Storm,New York Liberty,2025-09-06T02:00:00+00:00,2,-2.0,-1.5,2025-09-05T14:55:38+00:00,2025-09-05T21:55:39+00:00,11.07,4.07,0.5
1022500270,draftkings,2025,Seattle Storm,New York Liberty,2025-09-06T02:00:00+00:00,4,-2.0,-1.5,2025-09-04T14:55:38+00:00,2025-09-05T21:55:39+00:00,35.07,4.07,0.5
1022500270,fanatics,2025,Seattle Storm,New York Liberty,2025-09-06T02:00:00+00:00,4,-1.5,-1.5,2025-09-04T14:55:38+00:00,2025-09-05T21:55:39+00:00,35.07,4.07,0.0
1022500270,fanduel,2025,Seattle Storm,New York Liberty,2025-09-06T02:00:00+00:00,4,-1.5,-1.5,2025-09-04T14:55:38+00:00,2025-09-05T21:55:39+00:00,35.07,4.07,0.0
1022500270,lowvig,2025,Seattle Storm,New York Liberty,2025-09-06T02:00:00+00:00,3,-2.0,-1.0,2025-09-04T21:55:39+00:00,2025-09-05T21:55:39+00:00,28.07,4.07,1.0
1022500270,mybookieag,2025,Seattle Storm,New York Liberty,2025-09-06T02:00:00+00:00,4,-2.0,-1.5,2025-09-04T14:55:38+00:00,2025-09-05T21:55:39+00:00,35.07,4.07,0.5
1022500270,williamhill_us,2025,Seattle Storm,New York Liberty,2025-09-06T02:00:00+00:00,4,-2.0,-1.5,2025-09-04T14:55:38+00:00,2025-09-05T21:55:39+00:00,35.07,4.07,0.5
1022500271,betmgm,2025,Connecticut Sun,Phoenix Mercury,2025-09-06T17:00:00+00:00,1,10.5,10.5,2025-09-06T14:55:38+00:00,2025-09-06T14:55:38+00:00,2.07,2.07,0.0
1022500271,betonlineag,2025,Connecticut Sun,Phoenix Mercury,2025-09-06T17:00:00+00:00,2,10.5,10.5,2025-09-05T21:55:39+00:00,2025-09-06T14:55:38+00:00,19.07,2.07,0.0
1022500271,betrivers,2025,Connecticut Sun,Phoenix Mercury,2025-09-06T17:00:00+00:00,3,10.5,10.5,2025-09-05T14:55:38+00:00,2025-09-06T14:55:38+00:00,26.07,2.07,0.0
1022500271,betus,2025,Connecticut Sun,Phoenix Mercury,2025-09-06T17:00:00+00:00,1,10.5,10.5,2025-09-06T14:55:38+00:00,2025-09-06T14:55:38+00:00,2.07,2.07,0.0
1022500271,bovada,2025,Connecticut Sun,Phoenix Mercury,2025-09-06T17:00:00+00:00,2,10.5,10.0,2025-09-05T21:55:39+00:00,2025-09-06T14:55:38+00:00,19.07,2.07,0.5
1022500271,draftkings,2025,Connecticut Sun,Phoenix Mercury,2025-09-06T17:00:00+00:00,3,10.5,10.5,2025-09-05T14:55:38+00:00,2025-09-06T14:55:38+00:00,26.07,2.07,0.0
1022500271,fanatics,2025,Connecticut Sun,Phoenix Mercury,2025-09-06T17:00:00+00:00,3,10.5,10.5,2025-09-05T14:55:38+00:00,2025-09-06T14:55:38+00:00,26.07,2.07,0.0
1022500271,fanduel,2025,Connecticut Sun,Phoenix Mercury,2025-09-06T17:00:00+00:00,3,10.5,10.0,2025-09-05T14:55:38+00:00,2025-09-06T14:55:38+00:00,26.07,2.07,0.5
1022500271,lowvig,2025,Connecticut Sun,Phoenix Mercury,2025-09-06T17:00:00+00:00,2,10.5,10.5,2025-09-05T21:55:39+00:00,2025-09-06T14:55:38+00:00,19.07,2.07,0.0
1022500271,mybookieag,2025,Connecticut Sun,Phoenix Mercury,2025-09-06T17:00:00+00:00,3,10.5,10.5,2025-09-05T14:55:38+00:00,2025-09-06T14:55:38+00:00,26.07,2.07,0.0
1022500271,williamhill_us,2025,Connecticut Sun,Phoenix Mercury,2025-09-06T17:00:00+00:00,3,10.5,10.5,2025-09-05T14:55:38+00:00,2025-09-06T14:55:38+00:00,26.07,2.07,0.0
1022500272,betmgm,2025,Golden State Valkyries,Minnesota Lynx,2025-09-07T00:30:00+00:00,2,6.5,6.5,2025-09-06T14:55:38+00:00,2025-09-06T21:55:39+00:00,9.57,2.57,0.0
1022500272,betonlineag,2025,Golden State Valkyries,Minnesota Lynx,2025-09-07T00:30:00+00:00,2,6.5,5.5,2025-09-06T14:55:38+00:00,2025-09-06T21:55:39+00:00,9.57,2.57,1.0
1022500272,betrivers,2025,Golden State Valkyries,Minnesota Lynx,2025-09-07T00:30:00+00:00,4,7.0,6.5,2025-09-05T14:55:38+00:00,2025-09-06T21:55:39+00:00,33.57,2.57,0.5
1022500272,betus,2025,Golden State Valkyries,Minnesota Lynx,2025-09-07T00:30:00+00:00,2,6.5,6.0,2025-09-06T14:55:38+00:00,2025-09-06T21:55:39+00:00,9.57,2.57,0.5
1022500272,bovada,2025,Golden State Valkyries,Minnesota Lynx,2025-09-07T00:30:00+00:00,3,6.5,6.5,2025-09-05T21:55:39+00:00,2025-09-06T21:55:39+00:00,26.57,2.57,0.0
1022500272,draftkings,2025,Golden State Valkyries,Minnesota Lynx,2025-09-07T00:30:00+00:00,4,7.0,6.5,2025-09-05T14:55:38+00:00,2025-09-06T21:55:39+00:00,33.57,2.57,0.5
1022500272,fanatics,2025,Golden State Valkyries,Minnesota Lynx,2025-09-07T00:30:00+00:00,4,7.5,6.5,2025-09-05T14:55:38+00:00,2025-09-06T21:55:39+00:00,33.57,2.57,1.0
1022500272,fanduel,2025,Golden State Valkyries,Minnesota Lynx,2025-09-07T00:30:00+00:00,4,7.0,6.0,2025-09-05T14:55:38+00:00,2025-09-06T21:55:39+00:00,33.57,2.57,1.0
1022500272,lowvig,2025,Golden State Valkyries,Minnesota Lynx,2025-09-07T00:30:00+00:00,2,6.5,5.5,2025-09-06T14:55:38+00:00,2025-09-06T21:55:39+00:00,9.57,2.57,1.0
1022500272,mybookieag,2025,Golden State Valkyries,Minnesota Lynx,2025-09-07T00:30:00+00:00,4,7.0,6.0,2025-09-05T14:55:38+00:00,2025-09-06T21:55:39+00:00,33.57,2.57,1.0
1022500272,williamhill_us,2025,Golden State Valkyries,Minnesota Lynx,2025-09-07T00:30:00+00:00,2,6.5,6.0,2025-09-06T14:55:38+00:00,2025-09-06T21:55:39+00:00,9.57,2.57,0.5
1022500273,betmgm,2025,Washington Mystics,Indiana Fever,2025-09-07T19:00:00+00:00,2,6.5,5.5,2025-09-06T21:55:39+00:00,2025-09-07T14:55:39+00:00,21.07,4.07,1.0
1022500273,betonlineag,2025,Washington Mystics,Indiana Fever,2025-09-07T19:00:00+00:00,3,6.5,6.0,2025-09-06T14:55:38+00:00,2025-09-07T14:55:39+00:00,28.07,4.07,0.5
1022500273,betrivers,2025,Washington Mystics,Indiana Fever,2025-09-07T19:00:00+00:00,2,7.0,6.0,2025-09-06T21:55:39+00:00,2025-09-07T14:55:39+00:00,21.07,4.07,1.0
1022500273,betus,2025,Washington Mystics,Indiana Fever,2025-09-07T19:00:00+00:00,1,6.0,6.0,2025-09-07T14:55:39+00:00,2025-09-07T14:55:39+00:00,4.07,4.07,0.0
1022500273,bovada,2025,Washington Mystics,Indiana Fever,2025-09-07T19:00:00+00:00,2,6.5,6.0,2025-09-06T21:55:39+00:00,2025-09-07T14:55:39+00:00,21.07,4.07,0.5
1022500273,draftkings,2025,Washington Mystics,Indiana Fever,2025-09-07T19:00:00+00:00,3,6.5,6.0,2025-09-06T14:55:38+00:00,2025-09-07T14:55:39+00:00,28.07,4.07,0.5
1022500273,fanatics,2025,Washington Mystics,Indiana Fever,2025-09-07T19:00:00+00:00,3,6.5,5.5,2025-09-06T14:55:38+00:00,2025-09-07T14:55:39+00:00,28.07,4.07,1.0
1022500273,fanduel,2025,Washington Mystics,Indiana Fever,2025-09-07T19:00:00+00:00,3,6.5,5.5,2025-09-06T14:55:38+00:00,2025-09-07T14:55:39+00:00,28.07,4.07,1.0
1022500273,lowvig,2025,Washington Mystics,Indiana Fever,2025-09-07T19:00:00+00:00,3,6.5,6.0,2025-09-06T14:55:38+00:00,2025-09-07T14:55:39+00:00,28.07,4.07,0.5
1022500273,mybookieag,2025,Washington Mystics,Indiana Fever,2025-09-07T19:00:00+00:00,3,6.5,5.5,2025-09-06T14:55:38+00:00,2025-09-07T14:55:39+00:00,28.07,4.07,1.0
1022500273,williamhill_us,2025,Washington Mystics,Indiana Fever,2025-09-07T19:00:00+00:00,3,6.5,6.0,2025-09-06T14:55:38+00:00,2025-09-07T14:55:39+00:00,28.07,4.07,0.5
1022500274,betonlineag,2025,Los Angeles Sparks,Dallas Wings,2025-09-07T22:03:00+00:00,4,-9.5,-9.5,2025-09-06T14:55:38+00:00,2025-09-07T21:55:38+00:00,31.12,0.12,0.0
1022500274,betrivers,2025,Los Angeles Sparks,Dallas Wings,2025-09-07T22:03:00+00:00,3,-10.0,-9.5,2025-09-06T21:55:39+00:00,2025-09-07T21:55:38+00:00,24.12,0.12,0.5
1022500274,betus,2025,Los Angeles Sparks,Dallas Wings,2025-09-07T22:03:00+00:00,2,-9.0,-9.5,2025-09-07T14:55:39+00:00,2025-09-07T21:55:38+00:00,7.12,0.12,0.5
1022500274,bovada,2025,Los Angeles Sparks,Dallas Wings,2025-09-07T22:03:00+00:00,3,-9.5,-9.5,2025-09-06T21:55:39+00:00,2025-09-07T21:55:38+00:00,24.12,0.12,0.0
1022500274,draftkings,2025,Los Angeles Sparks,Dallas Wings,2025-09-07T22:03:00+00:00,4,-9.5,-9.5,2025-09-06T14:55:38+00:00,2025-09-07T21:55:38+00:00,31.12,0.12,0.0
1022500274,fanatics,2025,Los Angeles Sparks,Dallas Wings,2025-09-07T22:03:00+00:00,4,-9.5,-9.5,2025-09-06T14:55:38+00:00,2025-09-07T21:55:38+00:00,31.12,0.12,0.0
1022500274,fanduel,2025,Los Angeles Sparks,Dallas Wings,2025-09-07T22:03:00+00:00,4,-10.0,-9.5,2025-09-06T14:55:38+00:00,2025-09-07T21:55:38+00:00,31.12,0.12,0.5
1022500274,lowvig,2025,Los Angeles Sparks,Dallas Wings,2025-09-07T22:03:00+00:00,4,-9.5,-9.5,2025-09-06T14:55:38+00:00,2025-09-07T21:55:38+00:00,31.12,0.12,0.0
1022500274,mybookieag,2025,Los Angeles Sparks,Dallas Wings,2025-09-07T22:03:00+00:00,4,-9.5,-9.5,2025-09-06T14:55:38+00:00,2025-09-07T21:55:38+00:00,31.12,0.12,0.0
1022500274,williamhill_us,2025,Los Angeles Sparks,Dallas Wings,2025-09-07T22:03:00+00:00,4,-9.5,-9.5,2025-09-06T14:55:38+00:00,2025-09-07T21:55:38+00:00,31.12,0.12,0.0
1022500275,betmgm,2025,Las Vegas Aces,Chicago Sky,2025-09-08T01:00:00+00:00,3,-16.5,-16.5,2025-09-06T21:55:39+00:00,2025-09-07T21:55:38+00:00,27.07,3.07,0.0
1022500275,betonlineag,2025,Las Vegas Aces,Chicago Sky,2025-09-08T01:00:00+00:00,4,-17.0,-16.5,2025-09-06T14:55:38+00:00,2025-09-07T21:55:38+00:00,34.07,3.07,0.5
1022500275,betrivers,2025,Las Vegas Aces,Chicago Sky,2025-09-08T01:00:00+00:00,3,-17.0,-17.5,2025-09-06T21:55:39+00:00,2025-09-07T21:55:38+00:00,27.07,3.07,0.5
1022500275,betus,2025,Las Vegas Aces,Chicago Sky,2025-09-08T01:00:00+00:00,2,-17.0,-17.0,2025-09-07T14:55:39+00:00,2025-09-07T21:55:38+00:00,10.07,3.07,0.0
1022500275,bovada,2025,Las Vegas Aces,Chicago Sky,2025-09-08T01:00:00+00:00,3,-17.0,-17.0,2025-09-06T21:55:39+00:00,2025-09-07T21:55:38+00:00,27.07,3.07,0.0
1022500275,draftkings,2025,Las Vegas Aces,Chicago Sky,2025-09-08T01:00:00+00:00,4,-17.0,-17.0,2025-09-06T14:55:38+00:00,2025-09-07T21:55:38+00:00,34.07,3.07,0.0
1022500275,fanatics,2025,Las Vegas Aces,Chicago Sky,2025-09-08T01:00:00+00:00,4,-17.5,-17.5,2025-09-06T14:55:38+00:00,2025-09-07T21:55:38+00:00,34.07,3.07,0.0
1022500275,fanduel,2025,Las Vegas Aces,Chicago Sky,2025-09-08T01:00:00+00:00,4,-17.0,-17.5,2025-09-06T14:55:38+00:00,2025-09-07T21:55:38+00:00,34.07,3.07,0.5
1022500275,lowvig,2025,Las Vegas Aces,Chicago Sky,2025-09-08T01:00:00+00:00,4,-17.0,-16.5,2025-09-06T14:55:38+00:00,2025-09-07T21:55:38+00:00,34.07,3.07,0.5
1022500275,mybookieag,2025,Las Vegas Aces,Chicago Sky,2025-09-08T01:00:00+00:00,4,-17.0,-17.0,2025-09-06T14:55:38+00:00,2025-09-07T21:55:38+00:00,34.07,3.07,0.0
1022500275,williamhill_us,2025,Las Vegas Aces,Chicago Sky,2025-09-08T01:00:00+00:00,4,-17.0,-17.0,2025-09-06T14:55:38+00:00,2025-09-07T21:55:38+00:00,34.07,3.07,0.0
1022500276,betmgm,2025,Atlanta Dream,Connecticut Sun,2025-09-08T23:30:00+00:00,3,-11.5,-14.5,2025-09-07T21:55:38+00:00,2025-09-08T21:55:39+00:00,25.57,1.57,3.0
1022500276,betonlineag,2025,Atlanta Dream,Connecticut Sun,2025-09-08T23:30:00+00:00,2,-13.5,-15.0,2025-09-08T14:55:38+00:00,2025-09-08T21:55:39+00:00,8.57,1.57,1.5
1022500276,betrivers,2025,Atlanta Dream,Connecticut Sun,2025-09-08T23:30:00+00:00,2,-13.5,-14.5,2025-09-08T14:55:38+00:00,2025-09-08T21:55:39+00:00,8.57,1.57,1.0
1022500276,betus,2025,Atlanta Dream,Connecticut Sun,2025-09-08T23:30:00+00:00,2,-13.5,-14.5,2025-09-08T14:55:38+00:00,2025-09-08T21:55:39+00:00,8.57,1.57,1.0
1022500276,bovada,2025,Atlanta Dream,Connecticut Sun,2025-09-08T23:30:00+00:00,2,-13.5,-14.5,2025-09-08T14:55:38+00:00,2025-09-08T21:55:39+00:00,8.57,1.57,1.0
1022500276,draftkings,2025,Atlanta Dream,Connecticut Sun,2025-09-08T23:30:00+00:00,4,-11.0,-14.5,2025-09-07T14:55:39+00:00,2025-09-08T21:55:39+00:00,32.57,1.57,3.5
1022500276,fanatics,2025,Atlanta Dream,Connecticut Sun,2025-09-08T23:30:00+00:00,4,-11.5,-14.5,2025-09-07T14:55:39+00:00,2025-09-08T21:55:39+00:00,32.57,1.57,3.0
1022500276,fanduel,2025,Atlanta Dream,Connecticut Sun,2025-09-08T23:30:00+00:00,4,-11.5,-14.5,2025-09-07T14:55:39+00:00,2025-09-08T21:55:39+00:00,32.57,1.57,3.0
1022500276,lowvig,2025,Atlanta Dream,Connecticut Sun,2025-09-08T23:30:00+00:00,2,-13.5,-15.0,2025-09-08T14:55:38+00:00,2025-09-08T21:55:39+00:00,8.57,1.57,1.5
1022500276,mybookieag,2025,Atlanta Dream,Connecticut Sun,2025-09-08T23:30:00+00:00,4,-11.0,-14.5,2025-09-07T14:55:39+00:00,2025-09-08T21:55:39+00:00,32.57,1.57,3.5
1022500276,williamhill_us,2025,Atlanta Dream,Connecticut Sun,2025-09-08T23:30:00+00:00,3,-12.0,-14.5,2025-09-07T21:55:38+00:00,2025-09-08T21:55:39+00:00,25.57,1.57,2.5
1022500277,betmgm,2025,New York Liberty,Washington Mystics,2025-09-09T23:00:00+00:00,3,-12.5,-14.5,2025-09-08T21:55:39+00:00,2025-09-09T21:55:39+00:00,25.07,1.07,2.0
1022500277,betonlineag,2025,New York Liberty,Washington Mystics,2025-09-09T23:00:00+00:00,4,-11.0,-15.0,2025-09-08T14:55:38+00:00,2025-09-09T21:55:39+00:00,32.07,1.07,4.0
1022500277,betrivers,2025,New York Liberty,Washington Mystics,2025-09-09T23:00:00+00:00,4,-11.5,-14.5,2025-09-08T14:55:38+00:00,2025-09-09T21:55:39+00:00,32.07,1.07,3.0
1022500277,betus,2025,New York Liberty,Washington Mystics,2025-09-09T23:00:00+00:00,2,-14.0,-14.0,2025-09-09T14:55:38+00:00,2025-09-09T21:55:39+00:00,8.07,1.07,0.0
1022500277,bovada,2025,New York Liberty,Washington Mystics,2025-09-09T23:00:00+00:00,4,-11.0,-14.5,2025-09-08T14:55:38+00:00,2025-09-09T21:55:39+00:00,32.07,1.07,3.5
1022500277,draftkings,2025,New York Liberty,Washington Mystics,2025-09-09T23:00:00+00:00,4,-11.0,-14.5,2025-09-08T14:55:38+00:00,2025-09-09T21:55:39+00:00,32.07,1.07,3.5
1022500277,fanatics,2025,New York Liberty,Washington Mystics,2025-09-09T23:00:00+00:00,4,-11.5,-14.5,2025-09-08T14:55:38+00:00,2025-09-09T21:55:39+00:00,32.07,1.07,3.0
1022500277,fanduel,2025,New York Liberty,Washington Mystics,2025-09-09T23:00:00+00:00,4,-11.5,-15.0,2025-09-08T14:55:38+00:00,2025-09-09T21:55:39+00:00,32.07,1.07,3.5
1022500277,lowvig,2025,New York Liberty,Washington Mystics,2025-09-09T23:00:00+00:00,4,-11.0,-15.0,2025-09-08T14:55:38+00:00,2025-09-09T21:55:39+00:00,32.07,1.07,4.0
1022500277,mybookieag,2025,New York Liberty,Washington Mystics,2025-09-09T23:00:00+00:00,4,-11.0,-14.0,2025-09-08T14:55:38+00:00,2025-09-09T21:55:39+00:00,32.07,1.07,3.0
1022500277,williamhill_us,2025,New York Liberty,Washington Mystics,2025-09-09T23:00:00+00:00,4,-11.0,-14.5,2025-09-08T14:55:38+00:00,2025-09-09T21:55:39+00:00,32.07,1.07,3.5
1022500278,betmgm,2025,Indiana Fever,Minnesota Lynx,2025-09-09T23:30:00+00:00,3,2.5,1.5,2025-09-08T21:55:39+00:00,2025-09-09T21:55:39+00:00,25.57,1.57,1.0
1022500278,betonlineag,2025,Indiana Fever,Minnesota Lynx,2025-09-09T23:30:00+00:00,3,6.0,2.0,2025-09-08T14:55:38+00:00,2025-09-09T21:55:39+00:00,32.57,1.57,4.0
1022500278,betrivers,2025,Indiana Fever,Minnesota Lynx,2025-09-09T23:30:00+00:00,4,6.0,2.0,2025-09-08T14:55:38+00:00,2025-09-09T21:55:39+00:00,32.57,1.57,4.0
1022500278,betus,2025,Indiana Fever,Minnesota Lynx,2025-09-09T23:30:00+00:00,2,2.0,2.0,2025-09-09T14:55:38+00:00,2025-09-09T21:55:39+00:00,8.57,1.57,0.0
1022500278,bovada,2025,Indiana Fever,Minnesota Lynx,2025-09-09T23:30:00+00:00,4,6.5,2.0,2025-09-08T14:55:38+00:00,2025-09-09T21:55:39+00:00,32.57,1.57,4.5
1022500278,draftkings,2025,Indiana Fever,Minnesota Lynx,2025-09-09T23:30:00+00:00,4,6.0,2.0,2025-09-08T14:55:38+00:00,2025-09-09T21:55:39+00:00,32.57,1.57,4.0
1022500278,fanatics,2025,Indiana Fever,Minnesota Lynx,2025-09-09T23:30:00+00:00,2,6.5,1.5,2025-09-08T14:55:38+00:00,2025-09-09T21:55:39+00:00,32.57,1.57,5.0
1022500278,fanduel,2025,Indiana Fever,Minnesota Lynx,2025-09-09T23:30:00+00:00,4,6.5,2.0,2025-09-08T14:55:38+00:00,2025-09-09T21:55:39+00:00,32.57,1.57,4.5
1022500278,lowvig,2025,Indiana Fever,Minnesota Lynx,2025-09-09T23:30:00+00:00,3,6.0,2.0,2025-09-08T14:55:38+00:00,2025-09-09T21:55:39+00:00,32.57,1.57,4.0
1022500278,mybookieag,2025,Indiana Fever,Minnesota Lynx,2025-09-09T23:30:00+00:00,3,6.0,2.0,2025-09-08T14:55:38+00:00,2025-09-09T21:55:39+00:00,32.57,1.57,4.0
1022500278,williamhill_us,2025,Indiana Fever,Minnesota Lynx,2025-09-09T23:30:00+00:00,4,6.0,1.5,2025-09-08T14:55:38+00:00,2025-09-09T21:55:39+00:00,32.57,1.57,4.5
1022500279,betmgm,2025,Las Vegas Aces,Chicago Sky,2025-09-10T02:00:00+00:00,3,-17.5,-17.5,2025-09-08T21:55:39+00:00,2025-09-09T21:55:39+00:00,28.07,4.07,0.0
1022500279,betonlineag,2025,Las Vegas Aces,Chicago Sky,2025-09-10T02:00:00+00:00,4,-16.5,-17.5,2025-09-08T14:55:38+00:00,2025-09-09T21:55:39+00:00,35.07,4.07,1.0
1022500279,betrivers,2025,Las Vegas Aces,Chicago Sky,2025-09-10T02:00:00+00:00,4,-17.5,-17.0,2025-09-08T14:55:38+00:00,2025-09-09T21:55:39+00:00,35.07,4.07,0.5
1022500279,betus,2025,Las Vegas Aces,Chicago Sky,2025-09-10T02:00:00+00:00,2,-18.0,-17.0,2025-09-09T14:55:38+00:00,2025-09-09T21:55:39+00:00,11.07,4.07,1.0
1022500279,bovada,2025,Las Vegas Aces,Chicago Sky,2025-09-10T02:00:00+00:00,4,-16.5,-17.0,2025-09-08T14:55:38+00:00,2025-09-09T21:55:39+00:00,35.07,4.07,0.5
1022500279,draftkings,2025,Las Vegas Aces,Chicago Sky,2025-09-10T02:00:00+00:00,4,-16.5,-17.0,2025-09-08T14:55:38+00:00,2025-09-09T21:55:39+00:00,35.07,4.07,0.5
1022500279,fanatics,2025,Las Vegas Aces,Chicago Sky,2025-09-10T02:00:00+00:00,4,-16.5,-16.5,2025-09-08T14:55:38+00:00,2025-09-09T21:55:39+00:00,35.07,4.07,0.0
1022500279,fanduel,2025,Las Vegas Aces,Chicago Sky,2025-09-10T02:00:00+00:00,4,-17.5,-17.0,2025-09-08T14:55:38+00:00,2025-09-09T21:55:39+00:00,35.07,4.07,0.5
1022500279,lowvig,2025,Las Vegas Aces,Chicago Sky,2025-09-10T02:00:00+00:00,4,-16.5,-17.5,2025-09-08T14:55:38+00:00,2025-09-09T21:55:39+00:00,35.07,4.07,1.0
1022500279,mybookieag,2025,Las Vegas Aces,Chicago Sky,2025-09-10T02:00:00+00:00,4,-17.0,-17.0,2025-09-08T14:55:38+00:00,2025-09-09T21:55:39+00:00,35.07,4.07,0.0
1022500279,williamhill_us,2025,Las Vegas Aces,Chicago Sky,2025-09-10T02:00:00+00:00,4,-16.5,-17.0,2025-09-08T14:55:38+00:00,2025-09-09T21:55:39+00:00,35.07,4.07,0.5
1022500280,betmgm,2025,Phoenix Mercury,Los Angeles Sparks,2025-09-10T02:00:00+00:00,3,-6.5,-7.5,2025-09-08T21:55:39+00:00,2025-09-09T21:55:39+00:00,28.07,4.07,1.0
1022500280,betonlineag,2025,Phoenix Mercury,Los Angeles Sparks,2025-09-10T02:00:00+00:00,4,-6.0,-7.5,2025-09-08T14:55:38+00:00,2025-09-09T21:55:39+00:00,35.07,4.07,1.5
1022500280,betrivers,2025,Phoenix Mercury,Los Angeles Sparks,2025-09-10T02:00:00+00:00,4,-6.5,-7.5,2025-09-08T14:55:38+00:00,2025-09-09T21:55:39+00:00,35.07,4.07,1.0
1022500280,betus,2025,Phoenix Mercury,Los Angeles Sparks,2025-09-10T02:00:00+00:00,2,-7.5,-7.5,2025-09-09T14:55:38+00:00,2025-09-09T21:55:39+00:00,11.07,4.07,0.0
1022500280,bovada,2025,Phoenix Mercury,Los Angeles Sparks,2025-09-10T02:00:00+00:00,4,-6.0,-7.5,2025-09-08T14:55:38+00:00,2025-09-09T21:55:39+00:00,35.07,4.07,1.5
1022500280,draftkings,2025,Phoenix Mercury,Los Angeles Sparks,2025-09-10T02:00:00+00:00,4,-6.0,-7.5,2025-09-08T14:55:38+00:00,2025-09-09T21:55:39+00:00,35.07,4.07,1.5
1022500280,fanatics,2025,Phoenix Mercury,Los Angeles Sparks,2025-09-10T02:00:00+00:00,4,-6.5,-7.5,2025-09-08T14:55:38+00:00,2025-09-09T21:55:39+00:00,35.07,4.07,1.0
1022500280,fanduel,2025,Phoenix Mercury,Los Angeles Sparks,2025-09-10T02:00:00+00:00,4,-6.5,-7.5,2025-09-08T14:55:38+00:00,2025-09-09T21:55:39+00:00,35.07,4.07,1.0
1022500280,lowvig,2025,Phoenix Mercury,Los Angeles Sparks,2025-09-10T02:00:00+00:00,4,-6.0,-7.5,2025-09-08T14:55:38+00:00,2025-09-09T21:55:39+00:00,35.07,4.07,1.5
1022500280,mybookieag,2025,Phoenix Mercury,Los Angeles Sparks,2025-09-10T02:00:00+00:00,4,-6.0,-7.5,2025-09-08T14:55:38+00:00,2025-09-09T21:55:39+00:00,35.07,4.07,1.5
1022500280,williamhill_us,2025,Phoenix Mercury,Los Angeles Sparks,2025-09-10T02:00:00+00:00,4,-6.0,-7.5,2025-09-08T14:55:38+00:00,2025-09-09T21:55:39+00:00,35.07,4.07,1.5
1022500281,betmgm,2025,Seattle Storm,Golden State Valkyries,2025-09-10T02:00:00+00:00,3,-6.5,-6.5,2025-09-08T21:55:39+00:00,2025-09-09T21:55:39+00:00,28.07,4.07,0.0
1022500281,betonlineag,2025,Seattle Storm,Golden State Valkyries,2025-09-10T02:00:00+00:00,2,-7.0,-6.5,2025-09-09T14:55:38+00:00,2025-09-09T21:55:39+00:00,11.07,4.07,0.5
1022500281,betrivers,2025,Seattle Storm,Golden State Valkyries,2025-09-10T02:00:00+00:00,4,-6.5,-6.5,2025-09-08T14:55:38+00:00,2025-09-09T21:55:39+00:00,35.07,4.07,0.0
1022500281,betus,2025,Seattle Storm,Golden State Valkyries,2025-09-10T02:00:00+00:00,2,-6.5,-6.5,2025-09-09T14:55:38+00:00,2025-09-09T21:55:39+00:00,11.07,4.07,0.0
1022500281,bovada,2025,Seattle Storm,Golden State Valkyries,2025-09-10T02:00:00+00:00,4,-6.5,-7.0,2025-09-08T14:55:38+00:00,2025-09-09T21:55:39+00:00,35.07,4.07,0.5
1022500281,draftkings,2025,Seattle Storm,Golden State Valkyries,2025-09-10T02:00:00+00:00,4,-6.5,-6.5,2025-09-08T14:55:38+00:00,2025-09-09T21:55:39+00:00,35.07,4.07,0.0
1022500281,fanatics,2025,Seattle Storm,Golden State Valkyries,2025-09-10T02:00:00+00:00,4,-6.5,-6.5,2025-09-08T14:55:38+00:00,2025-09-09T21:55:39+00:00,35.07,4.07,0.0
1022500281,fanduel,2025,Seattle Storm,Golden State Valkyries,2025-09-10T02:00:00+00:00,4,-6.5,-6.5,2025-09-08T14:55:38+00:00,2025-09-09T21:55:39+00:00,35.07,4.07,0.0
1022500281,lowvig,2025,Seattle Storm,Golden State Valkyries,2025-09-10T02:00:00+00:00,2,-7.0,-6.5,2025-09-09T14:55:38+00:00,2025-09-09T21:55:39+00:00,11.07,4.07,0.5
1022500281,mybookieag,2025,Seattle Storm,Golden State Valkyries,2025-09-10T02:00:00+00:00,4,-6.5,-6.5,2025-09-08T14:55:38+00:00,2025-09-09T21:55:39+00:00,35.07,4.07,0.0
1022500281,williamhill_us,2025,Seattle Storm,Golden State Valkyries,2025-09-10T02:00:00+00:00,3,-6.5,-7.0,2025-09-08T21:55:39+00:00,2025-09-09T21:55:39+00:00,28.07,4.07,0.5
1022500282,betmgm,2025,Connecticut Sun,Atlanta Dream,2025-09-10T23:00:00+00:00,2,13.5,12.5,2025-09-10T14:55:39+00:00,2025-09-10T21:55:39+00:00,8.07,1.07,1.0
1022500282,betonlineag,2025,Connecticut Sun,Atlanta Dream,2025-09-10T23:00:00+00:00,3,14.0,12.5,2025-09-09T21:55:39+00:00,2025-09-10T21:55:39+00:00,25.07,1.07,1.5
1022500282,betrivers,2025,Connecticut Sun,Atlanta Dream,2025-09-10T23:00:00+00:00,4,14.5,12.0,2025-09-09T14:55:38+00:00,2025-09-10T21:55:39+00:00,32.07,1.07,2.5
1022500282,betus,2025,Connecticut Sun,Atlanta Dream,2025-09-10T23:00:00+00:00,2,13.5,12.5,2025-09-10T14:55:39+00:00,2025-09-10T21:55:39+00:00,8.07,1.07,1.0
1022500282,bovada,2025,Connecticut Sun,Atlanta Dream,2025-09-10T23:00:00+00:00,3,14.0,12.0,2025-09-09T21:55:39+00:00,2025-09-10T21:55:39+00:00,25.07,1.07,2.0
1022500282,draftkings,2025,Connecticut Sun,Atlanta Dream,2025-09-10T23:00:00+00:00,4,14.0,12.5,2025-09-09T14:55:38+00:00,2025-09-10T21:55:39+00:00,32.07,1.07,1.5
1022500282,fanatics,2025,Connecticut Sun,Atlanta Dream,2025-09-10T23:00:00+00:00,4,13.5,12.5,2025-09-09T14:55:38+00:00,2025-09-10T21:55:39+00:00,32.07,1.07,1.0
1022500282,fanduel,2025,Connecticut Sun,Atlanta Dream,2025-09-10T23:00:00+00:00,4,14.0,13.0,2025-09-09T14:55:38+00:00,2025-09-10T21:55:39+00:00,32.07,1.07,1.0
1022500282,lowvig,2025,Connecticut Sun,Atlanta Dream,2025-09-10T23:00:00+00:00,3,14.0,12.5,2025-09-09T21:55:39+00:00,2025-09-10T21:55:39+00:00,25.07,1.07,1.5
1022500282,mybookieag,2025,Connecticut Sun,Atlanta Dream,2025-09-10T23:00:00+00:00,4,13.5,12.5,2025-09-09T14:55:38+00:00,2025-09-10T21:55:39+00:00,32.07,1.07,1.0
1022500282,williamhill_us,2025,Connecticut Sun,Atlanta Dream,2025-09-10T23:00:00+00:00,4,14.0,12.5,2025-09-09T14:55:38+00:00,2025-09-10T21:55:39+00:00,32.07,1.07,1.5
1022500283,betmgm,2025,Chicago Sky,New York Liberty,2025-09-12T00:00:00+00:00,3,9.5,13.5,2025-09-10T21:55:39+00:00,2025-09-11T21:55:39+00:00,26.07,2.07,4.0
1022500283,betonlineag,2025,Chicago Sky,New York Liberty,2025-09-12T00:00:00+00:00,4,9.0,13.5,2025-09-10T14:55:39+00:00,2025-09-11T21:55:39+00:00,33.07,2.07,4.5
1022500283,betrivers,2025,Chicago Sky,New York Liberty,2025-09-12T00:00:00+00:00,4,9.5,14.0,2025-09-10T14:55:39+00:00,2025-09-11T21:55:39+00:00,33.07,2.07,4.5
1022500283,betus,2025,Chicago Sky,New York Liberty,2025-09-12T00:00:00+00:00,3,9.0,14.0,2025-09-10T21:55:39+00:00,2025-09-11T21:55:39+00:00,26.07,2.07,5.0
1022500283,bovada,2025,Chicago Sky,New York Liberty,2025-09-12T00:00:00+00:00,4,9.0,14.0,2025-09-10T14:55:39+00:00,2025-09-11T21:55:39+00:00,33.07,2.07,5.0
1022500283,draftkings,2025,Chicago Sky,New York Liberty,2025-09-12T00:00:00+00:00,4,9.0,14.0,2025-09-10T14:55:39+00:00,2025-09-11T21:55:39+00:00,33.07,2.07,5.0
1022500283,fanatics,2025,Chicago Sky,New York Liberty,2025-09-12T00:00:00+00:00,4,9.5,14.5,2025-09-10T14:55:39+00:00,2025-09-11T21:55:39+00:00,33.07,2.07,5.0
1022500283,fanduel,2025,Chicago Sky,New York Liberty,2025-09-12T00:00:00+00:00,4,9.5,14.0,2025-09-10T14:55:39+00:00,2025-09-11T21:55:39+00:00,33.07,2.07,4.5
1022500283,lowvig,2025,Chicago Sky,New York Liberty,2025-09-12T00:00:00+00:00,4,9.0,13.5,2025-09-10T14:55:39+00:00,2025-09-11T21:55:39+00:00,33.07,2.07,4.5
1022500283,mybookieag,2025,Chicago Sky,New York Liberty,2025-09-12T00:00:00+00:00,4,9.0,14.0,2025-09-10T14:55:39+00:00,2025-09-11T21:55:39+00:00,33.07,2.07,5.0
1022500283,williamhill_us,2025,Chicago Sky,New York Liberty,2025-09-12T00:00:00+00:00,4,9.0,14.0,2025-09-10T14:55:39+00:00,2025-09-11T21:55:39+00:00,33.07,2.07,5.0
1022500284,betmgm,2025,Dallas Wings,Phoenix Mercury,2025-09-12T00:00:00+00:00,3,4.5,5.5,2025-09-10T21:55:39+00:00,2025-09-11T21:55:39+00:00,26.07,2.07,1.0
1022500284,betonlineag,2025,Dallas Wings,Phoenix Mercury,2025-09-12T00:00:00+00:00,4,3.5,5.5,2025-09-10T14:55:39+00:00,2025-09-11T21:55:39+00:00,33.07,2.07,2.0
1022500284,betrivers,2025,Dallas Wings,Phoenix Mercury,2025-09-12T00:00:00+00:00,4,4.5,5.5,2025-09-10T14:55:39+00:00,2025-09-11T21:55:39+00:00,33.07,2.07,1.0
1022500284,betus,2025,Dallas Wings,Phoenix Mercury,2025-09-12T00:00:00+00:00,3,3.5,5.5,2025-09-10T21:55:39+00:00,2025-09-11T21:55:39+00:00,26.07,2.07,2.0
1022500284,bovada,2025,Dallas Wings,Phoenix Mercury,2025-09-12T00:00:00+00:00,4,4.0,5.5,2025-09-10T14:55:39+00:00,2025-09-11T21:55:39+00:00,33.07,2.07,1.5
1022500284,draftkings,2025,Dallas Wings,Phoenix Mercury,2025-09-12T00:00:00+00:00,4,3.5,5.5,2025-09-10T14:55:39+00:00,2025-09-11T21:55:39+00:00,33.07,2.07,2.0
1022500284,fanatics,2025,Dallas Wings,Phoenix Mercury,2025-09-12T00:00:00+00:00,4,3.5,5.5,2025-09-10T14:55:39+00:00,2025-09-11T21:55:39+00:00,33.07,2.07,2.0
1022500284,fanduel,2025,Dallas Wings,Phoenix Mercury,2025-09-12T00:00:00+00:00,4,4.5,5.5,2025-09-10T14:55:39+00:00,2025-09-11T21:55:39+00:00,33.07,2.07,1.0
1022500284,lowvig,2025,Dallas Wings,Phoenix Mercury,2025-09-12T00:00:00+00:00,4,3.5,5.5,2025-09-10T14:55:39+00:00,2025-09-11T21:55:39+00:00,33.07,2.07,2.0
1022500284,mybookieag,2025,Dallas Wings,Phoenix Mercury,2025-09-12T00:00:00+00:00,4,4.0,5.5,2025-09-10T14:55:39+00:00,2025-09-11T21:55:39+00:00,33.07,2.07,1.5
1022500284,williamhill_us,2025,Dallas Wings,Phoenix Mercury,2025-09-12T00:00:00+00:00,4,3.5,5.5,2025-09-10T14:55:39+00:00,2025-09-11T21:55:39+00:00,33.07,2.07,2.0
1022500285,betmgm,2025,Minnesota Lynx,Golden State Valkyries,2025-09-12T00:00:00+00:00,3,-5.5,-6.5,2025-09-10T21:55:39+00:00,2025-09-11T21:55:39+00:00,26.07,2.07,1.0
1022500285,betonlineag,2025,Minnesota Lynx,Golden State Valkyries,2025-09-12T00:00:00+00:00,4,-8.0,-7.0,2025-09-10T14:55:39+00:00,2025-09-11T21:55:39+00:00,33.07,2.07,1.0
1022500285,betrivers,2025,Minnesota Lynx,Golden State Valkyries,2025-09-12T00:00:00+00:00,4,-9.0,-7.0,2025-09-10T14:55:39+00:00,2025-09-11T21:55:39+00:00,33.07,2.07,2.0
1022500285,betus,2025,Minnesota Lynx,Golden State Valkyries,2025-09-12T00:00:00+00:00,3,-5.0,-7.0,2025-09-10T21:55:39+00:00,2025-09-11T21:55:39+00:00,26.07,2.07,2.0
1022500285,bovada,2025,Minnesota Lynx,Golden State Valkyries,2025-09-12T00:00:00+00:00,4,-8.5,-7.0,2025-09-10T14:55:39+00:00,2025-09-11T21:55:39+00:00,33.07,2.07,1.5
1022500285,draftkings,2025,Minnesota Lynx,Golden State Valkyries,2025-09-12T00:00:00+00:00,4,-8.0,-7.0,2025-09-10T14:55:39+00:00,2025-09-11T21:55:39+00:00,33.07,2.07,1.0
1022500285,fanatics,2025,Minnesota Lynx,Golden State Valkyries,2025-09-12T00:00:00+00:00,4,-8.5,-6.5,2025-09-10T14:55:39+00:00,2025-09-11T21:55:39+00:00,33.07,2.07,2.0
1022500285,fanduel,2025,Minnesota Lynx,Golden State Valkyries,2025-09-12T00:00:00+00:00,4,-8.5,-7.0,2025-09-10T14:55:39+00:00,2025-09-11T21:55:39+00:00,33.07,2.07,1.5
1022500285,lowvig,2025,Minnesota Lynx,Golden State Valkyries,2025-09-12T00:00:00+00:00,4,-8.0,-7.0,2025-09-10T14:55:39+00:00,2025-09-11T21:55:39+00:00,33.07,2.07,1.0
1022500285,mybookieag,2025,Minnesota Lynx,Golden State Valkyries,2025-09-12T00:00:00+00:00,4,-8.0,-7.0,2025-09-10T14:55:39+00:00,2025-09-11T21:55:39+00:00,33.07,2.07,1.0
1022500285,williamhill_us,2025,Minnesota Lynx,Golden State Valkyries,2025-09-12T00:00:00+00:00,4,-8.5,-7.0,2025-09-10T14:55:39+00:00,2025-09-11T21:55:39+00:00,33.07,2.07,1.5
1022500286,betmgm,2025,Los Angeles Sparks,Las Vegas Aces,2025-09-12T02:00:00+00:00,3,10.5,10.5,2025-09-10T21:55:39+00:00,2025-09-11T21:55:39+00:00,28.07,4.07,0.0
1022500286,betonlineag,2025,Los Angeles Sparks,Las Vegas Aces,2025-09-12T02:00:00+00:00,4,10.0,10.5,2025-09-10T14:55:39+00:00,2025-09-11T21:55:39+00:00,35.07,4.07,0.5
1022500286,betrivers,2025,Los Angeles Sparks,Las Vegas Aces,2025-09-12T02:00:00+00:00,4,11.5,10.0,2025-09-10T14:55:39+00:00,2025-09-11T21:55:39+00:00,35.07,4.07,1.5
1022500286,betus,2025,Los Angeles Sparks,Las Vegas Aces,2025-09-12T02:00:00+00:00,3,11.0,10.5,2025-09-10T21:55:39+00:00,2025-09-11T21:55:39+00:00,28.07,4.07,0.5
1022500286,bovada,2025,Los Angeles Sparks,Las Vegas Aces,2025-09-12T02:00:00+00:00,4,10.5,10.5,2025-09-10T14:55:39+00:00,2025-09-11T21:55:39+00:00,35.07,4.07,0.0
1022500286,draftkings,2025,Los Angeles Sparks,Las Vegas Aces,2025-09-12T02:00:00+00:00,4,10.0,10.5,2025-09-10T14:55:39+00:00,2025-09-11T21:55:39+00:00,35.07,4.07,0.5
1022500286,fanatics,2025,Los Angeles Sparks,Las Vegas Aces,2025-09-12T02:00:00+00:00,4,10.5,10.5,2025-09-10T14:55:39+00:00,2025-09-11T21:55:39+00:00,35.07,4.07,0.0
1022500286,fanduel,2025,Los Angeles Sparks,Las Vegas Aces,2025-09-12T02:00:00+00:00,4,11.5,10.0,2025-09-10T14:55:39+00:00,2025-09-11T21:55:39+00:00,35.07,4.07,1.5
1022500286,lowvig,2025,Los Angeles Sparks,Las Vegas Aces,2025-09-12T02:00:00+00:00,4,10.0,10.5,2025-09-10T14:55:39+00:00,2025-09-11T21:55:39+00:00,35.07,4.07,0.5
1022500286,mybookieag,2025,Los Angeles Sparks,Las Vegas Aces,2025-09-12T02:00:00+00:00,4,10.5,10.0,2025-09-10T14:55:39+00:00,2025-09-11T21:55:39+00:00,35.07,4.07,0.5
1022500286,williamhill_us,2025,Los Angeles Sparks,Las Vegas Aces,2025-09-12T02:00:00+00:00,4,10.5,10.0,2025-09-10T14:55:39+00:00,2025-09-11T21:55:39+00:00,35.07,4.07,0.5
1022600001,betmgm,2026,New York Liberty,Connecticut Sun,2026-05-08T23:30:00+00:00,2,-9.5,-9.5,2026-05-08T14:55:37+00:00,2026-05-08T21:55:38+00:00,8.57,1.57,0.0
1022600001,betonlineag,2026,New York Liberty,Connecticut Sun,2026-05-08T23:30:00+00:00,2,-10.0,-9.0,2026-05-08T14:55:37+00:00,2026-05-08T21:55:38+00:00,8.57,1.57,1.0
1022600001,betrivers,2026,New York Liberty,Connecticut Sun,2026-05-08T23:30:00+00:00,2,-10.0,-9.5,2026-05-08T14:55:37+00:00,2026-05-08T21:55:38+00:00,8.57,1.57,0.5
1022600001,betus,2026,New York Liberty,Connecticut Sun,2026-05-08T23:30:00+00:00,2,-10.0,-9.5,2026-05-08T14:55:37+00:00,2026-05-08T21:55:38+00:00,8.57,1.57,0.5
1022600001,bovada,2026,New York Liberty,Connecticut Sun,2026-05-08T23:30:00+00:00,2,-10.0,-9.5,2026-05-08T14:55:37+00:00,2026-05-08T21:55:38+00:00,8.57,1.57,0.5
1022600001,draftkings,2026,New York Liberty,Connecticut Sun,2026-05-08T23:30:00+00:00,2,-9.5,-9.5,2026-05-08T14:55:37+00:00,2026-05-08T21:55:38+00:00,8.57,1.57,0.0
1022600001,fanatics,2026,New York Liberty,Connecticut Sun,2026-05-08T23:30:00+00:00,2,-9.5,-9.5,2026-05-08T14:55:37+00:00,2026-05-08T21:55:38+00:00,8.57,1.57,0.0
1022600001,fanduel,2026,New York Liberty,Connecticut Sun,2026-05-08T23:30:00+00:00,2,-10.5,-9.5,2026-05-08T14:55:37+00:00,2026-05-08T21:55:38+00:00,8.57,1.57,1.0
1022600001,lowvig,2026,New York Liberty,Connecticut Sun,2026-05-08T23:30:00+00:00,2,-10.0,-9.0,2026-05-08T14:55:37+00:00,2026-05-08T21:55:38+00:00,8.57,1.57,1.0
1022600001,mybookieag,2026,New York Liberty,Connecticut Sun,2026-05-08T23:30:00+00:00,2,-10.0,-9.5,2026-05-08T14:55:37+00:00,2026-05-08T21:55:38+00:00,8.57,1.57,0.5
1022600001,williamhill_us,2026,New York Liberty,Connecticut Sun,2026-05-08T23:30:00+00:00,2,-10.0,-9.5,2026-05-08T14:55:37+00:00,2026-05-08T21:55:38+00:00,8.57,1.57,0.5
1022600002,betmgm,2026,Toronto Tempo,Washington Mystics,2026-05-08T23:30:00+00:00,2,1.5,-1.5,2026-05-08T14:55:37+00:00,2026-05-08T21:55:38+00:00,8.57,1.57,3.0
1022600002,betonlineag,2026,Toronto Tempo,Washington Mystics,2026-05-08T23:30:00+00:00,2,2.0,-1.0,2026-05-08T14:55:37+00:00,2026-05-08T21:55:38+00:00,8.57,1.57,3.0
1022600002,betrivers,2026,Toronto Tempo,Washington Mystics,2026-05-08T23:30:00+00:00,2,1.0,-1.0,2026-05-08T14:55:37+00:00,2026-05-08T21:55:38+00:00,8.57,1.57,2.0
1022600002,betus,2026,Toronto Tempo,Washington Mystics,2026-05-08T23:30:00+00:00,2,1.0,-1.0,2026-05-08T14:55:37+00:00,2026-05-08T21:55:38+00:00,8.57,1.57,2.0
1022600002,bovada,2026,Toronto Tempo,Washington Mystics,2026-05-08T23:30:00+00:00,2,1.0,-1.0,2026-05-08T14:55:37+00:00,2026-05-08T21:55:38+00:00,8.57,1.57,2.0
1022600002,draftkings,2026,Toronto Tempo,Washington Mystics,2026-05-08T23:30:00+00:00,2,1.5,-1.5,2026-05-08T14:55:37+00:00,2026-05-08T21:55:38+00:00,8.57,1.57,3.0
1022600002,fanatics,2026,Toronto Tempo,Washington Mystics,2026-05-08T23:30:00+00:00,2,1.0,-1.0,2026-05-08T14:55:37+00:00,2026-05-08T21:55:38+00:00,8.57,1.57,2.0
1022600002,fanduel,2026,Toronto Tempo,Washington Mystics,2026-05-08T23:30:00+00:00,2,1.5,-1.5,2026-05-08T14:55:37+00:00,2026-05-08T21:55:38+00:00,8.57,1.57,3.0
1022600002,lowvig,2026,Toronto Tempo,Washington Mystics,2026-05-08T23:30:00+00:00,2,2.0,-1.0,2026-05-08T14:55:37+00:00,2026-05-08T21:55:38+00:00,8.57,1.57,3.0
1022600002,mybookieag,2026,Toronto Tempo,Washington Mystics,2026-05-08T23:30:00+00:00,2,1.5,-1.0,2026-05-08T14:55:37+00:00,2026-05-08T21:55:38+00:00,8.57,1.57,2.5
1022600002,williamhill_us,2026,Toronto Tempo,Washington Mystics,2026-05-08T23:30:00+00:00,2,1.5,-1.0,2026-05-08T14:55:37+00:00,2026-05-08T21:55:38+00:00,8.57,1.57,2.5
1022600003,betmgm,2026,Seattle Storm,Golden State Valkyries,2026-05-09T02:00:00+00:00,2,5.5,5.5,2026-05-08T14:55:37+00:00,2026-05-08T21:55:38+00:00,11.07,4.07,0.0
1022600003,betonlineag,2026,Seattle Storm,Golden State Valkyries,2026-05-09T02:00:00+00:00,2,5.5,6.0,2026-05-08T14:55:37+00:00,2026-05-08T21:55:38+00:00,11.07,4.07,0.5
1022600003,betrivers,2026,Seattle Storm,Golden State Valkyries,2026-05-09T02:00:00+00:00,2,5.5,5.5,2026-05-08T14:55:37+00:00,2026-05-08T21:55:38+00:00,11.07,4.07,0.0
1022600003,betus,2026,Seattle Storm,Golden State Valkyries,2026-05-09T02:00:00+00:00,2,5.5,5.5,2026-05-08T14:55:37+00:00,2026-05-08T21:55:38+00:00,11.07,4.07,0.0
1022600003,bovada,2026,Seattle Storm,Golden State Valkyries,2026-05-09T02:00:00+00:00,2,5.5,5.5,2026-05-08T14:55:37+00:00,2026-05-08T21:55:38+00:00,11.07,4.07,0.0
1022600003,draftkings,2026,Seattle Storm,Golden State Valkyries,2026-05-09T02:00:00+00:00,2,5.5,5.5,2026-05-08T14:55:37+00:00,2026-05-08T21:55:38+00:00,11.07,4.07,0.0
1022600003,fanatics,2026,Seattle Storm,Golden State Valkyries,2026-05-09T02:00:00+00:00,2,5.5,5.5,2026-05-08T14:55:37+00:00,2026-05-08T21:55:38+00:00,11.07,4.07,0.0
1022600003,fanduel,2026,Seattle Storm,Golden State Valkyries,2026-05-09T02:00:00+00:00,2,5.5,5.5,2026-05-08T14:55:37+00:00,2026-05-08T21:55:38+00:00,11.07,4.07,0.0
1022600003,lowvig,2026,Seattle Storm,Golden State Valkyries,2026-05-09T02:00:00+00:00,2,5.5,6.0,2026-05-08T14:55:37+00:00,2026-05-08T21:55:38+00:00,11.07,4.07,0.5
1022600003,mybookieag,2026,Seattle Storm,Golden State Valkyries,2026-05-09T02:00:00+00:00,2,5.5,5.5,2026-05-08T14:55:37+00:00,2026-05-08T21:55:38+00:00,11.07,4.07,0.0
1022600003,williamhill_us,2026,Seattle Storm,Golden State Valkyries,2026-05-09T02:00:00+00:00,2,5.5,5.0,2026-05-08T14:55:37+00:00,2026-05-08T21:55:38+00:00,11.07,4.07,0.5
1022600004,betmgm,2026,Indiana Fever,Dallas Wings,2026-05-09T17:00:00+00:00,3,-6.5,-5.5,2026-05-08T14:55:37+00:00,2026-05-09T14:55:38+00:00,26.07,2.07,1.0
1022600004,betonlineag,2026,Indiana Fever,Dallas Wings,2026-05-09T17:00:00+00:00,3,-6.5,-5.5,2026-05-08T14:55:37+00:00,2026-05-09T14:55:38+00:00,26.07,2.07,1.0
1022600004,betrivers,2026,Indiana Fever,Dallas Wings,2026-05-09T17:00:00+00:00,3,-7.5,-5.0,2026-05-08T14:55:37+00:00,2026-05-09T14:55:38+00:00,26.07,2.07,2.5
1022600004,betus,2026,Indiana Fever,Dallas Wings,2026-05-09T17:00:00+00:00,3,-6.5,-5.5,2026-05-08T14:55:37+00:00,2026-05-09T14:55:38+00:00,26.07,2.07,1.0
1022600004,bovada,2026,Indiana Fever,Dallas Wings,2026-05-09T17:00:00+00:00,3,-6.5,-5.0,2026-05-08T14:55:37+00:00,2026-05-09T14:55:38+00:00,26.07,2.07,1.5
1022600004,draftkings,2026,Indiana Fever,Dallas Wings,2026-05-09T17:00:00+00:00,3,-6.5,-5.5,2026-05-08T14:55:37+00:00,2026-05-09T14:55:38+00:00,26.07,2.07,1.0
1022600004,fanatics,2026,Indiana Fever,Dallas Wings,2026-05-09T17:00:00+00:00,3,-6.5,-5.5,2026-05-08T14:55:37+00:00,2026-05-09T14:55:38+00:00,26.07,2.07,1.0
1022600004,fanduel,2026,Indiana Fever,Dallas Wings,2026-05-09T17:00:00+00:00,3,-7.5,-5.5,2026-05-08T14:55:37+00:00,2026-05-09T14:55:38+00:00,26.07,2.07,2.0
1022600004,lowvig,2026,Indiana Fever,Dallas Wings,2026-05-09T17:00:00+00:00,3,-6.5,-5.5,2026-05-08T14:55:37+00:00,2026-05-09T14:55:38+00:00,26.07,2.07,1.0
1022600004,mybookieag,2026,Indiana Fever,Dallas Wings,2026-05-09T17:00:00+00:00,3,-6.5,-5.5,2026-05-08T14:55:37+00:00,2026-05-09T14:55:38+00:00,26.07,2.07,1.0
1022600004,williamhill_us,2026,Indiana Fever,Dallas Wings,2026-05-09T17:00:00+00:00,3,-6.5,-5.5,2026-05-08T14:55:37+00:00,2026-05-09T14:55:38+00:00,26.07,2.07,1.0
1022600005,betmgm,2026,Las Vegas Aces,Phoenix Mercury,2026-05-09T19:53:01+00:00,3,-8.5,-9.5,2026-05-08T14:55:37+00:00,2026-05-09T14:55:38+00:00,28.96,4.96,1.0
1022600005,betonlineag,2026,Las Vegas Aces,Phoenix Mercury,2026-05-09T19:53:01+00:00,3,-8.0,-9.0,2026-05-08T14:55:37+00:00,2026-05-09T14:55:38+00:00,28.96,4.96,1.0
1022600005,betrivers,2026,Las Vegas Aces,Phoenix Mercury,2026-05-09T19:53:01+00:00,3,-8.5,-9.5,2026-05-08T14:55:37+00:00,2026-05-09T14:55:38+00:00,28.96,4.96,1.0
1022600005,betus,2026,Las Vegas Aces,Phoenix Mercury,2026-05-09T19:53:01+00:00,3,-8.0,-9.5,2026-05-08T14:55:37+00:00,2026-05-09T14:55:38+00:00,28.96,4.96,1.5
1022600005,bovada,2026,Las Vegas Aces,Phoenix Mercury,2026-05-09T19:53:01+00:00,3,-7.5,-9.0,2026-05-08T14:55:37+00:00,2026-05-09T14:55:38+00:00,28.96,4.96,1.5
1022600005,draftkings,2026,Las Vegas Aces,Phoenix Mercury,2026-05-09T19:53:01+00:00,3,-8.5,-9.5,2026-05-08T14:55:37+00:00,2026-05-09T14:55:38+00:00,28.96,4.96,1.0
1022600005,fanatics,2026,Las Vegas Aces,Phoenix Mercury,2026-05-09T19:53:01+00:00,3,-8.0,-9.5,2026-05-08T14:55:37+00:00,2026-05-09T14:55:38+00:00,28.96,4.96,1.5
1022600005,fanduel,2026,Las Vegas Aces,Phoenix Mercury,2026-05-09T19:53:01+00:00,3,-8.5,-9.5,2026-05-08T14:55:37+00:00,2026-05-09T14:55:38+00:00,28.96,4.96,1.0
1022600005,lowvig,2026,Las Vegas Aces,Phoenix Mercury,2026-05-09T19:53:01+00:00,3,-8.0,-9.0,2026-05-08T14:55:37+00:00,2026-05-09T14:55:38+00:00,28.96,4.96,1.0
1022600005,mybookieag,2026,Las Vegas Aces,Phoenix Mercury,2026-05-09T19:53:01+00:00,3,-8.5,-9.5,2026-05-08T14:55:37+00:00,2026-05-09T14:55:38+00:00,28.96,4.96,1.0
1022600005,williamhill_us,2026,Las Vegas Aces,Phoenix Mercury,2026-05-09T19:53:01+00:00,3,-8.0,-9.0,2026-05-08T14:55:37+00:00,2026-05-09T14:55:38+00:00,28.96,4.96,1.0
1022600006,betmgm,2026,Portland Fire,Chicago Sky,2026-05-10T01:00:00+00:00,4,4.5,5.5,2026-05-08T14:55:37+00:00,2026-05-09T21:55:37+00:00,34.07,3.07,1.0
1022600006,betonlineag,2026,Portland Fire,Chicago Sky,2026-05-10T01:00:00+00:00,4,4.5,5.5,2026-05-08T14:55:37+00:00,2026-05-09T21:55:37+00:00,34.07,3.07,1.0
1022600006,betrivers,2026,Portland Fire,Chicago Sky,2026-05-10T01:00:00+00:00,4,4.5,5.5,2026-05-08T14:55:37+00:00,2026-05-09T21:55:37+00:00,34.07,3.07,1.0
1022600006,betus,2026,Portland Fire,Chicago Sky,2026-05-10T01:00:00+00:00,4,4.5,5.5,2026-05-08T14:55:37+00:00,2026-05-09T21:55:37+00:00,34.07,3.07,1.0
1022600006,bovada,2026,Portland Fire,Chicago Sky,2026-05-10T01:00:00+00:00,4,5.5,5.5,2026-05-08T14:55:37+00:00,2026-05-09T21:55:37+00:00,34.07,3.07,0.0
1022600006,draftkings,2026,Portland Fire,Chicago Sky,2026-05-10T01:00:00+00:00,4,4.5,5.5,2026-05-08T14:55:37+00:00,2026-05-09T21:55:37+00:00,34.07,3.07,1.0
1022600006,fanatics,2026,Portland Fire,Chicago Sky,2026-05-10T01:00:00+00:00,4,5.5,5.5,2026-05-08T14:55:37+00:00,2026-05-09T21:55:37+00:00,34.07,3.07,0.0
1022600006,fanduel,2026,Portland Fire,Chicago Sky,2026-05-10T01:00:00+00:00,4,4.5,5.5,2026-05-08T14:55:37+00:00,2026-05-09T21:55:37+00:00,34.07,3.07,1.0
1022600006,lowvig,2026,Portland Fire,Chicago Sky,2026-05-10T01:00:00+00:00,4,4.5,5.5,2026-05-08T14:55:37+00:00,2026-05-09T21:55:37+00:00,34.07,3.07,1.0
1022600006,mybookieag,2026,Portland Fire,Chicago Sky,2026-05-10T01:00:00+00:00,2,5.5,5.5,2026-05-09T14:55:38+00:00,2026-05-09T21:55:37+00:00,10.07,3.07,0.0
1022600006,williamhill_us,2026,Portland Fire,Chicago Sky,2026-05-10T01:00:00+00:00,4,4.5,5.5,2026-05-08T14:55:37+00:00,2026-05-09T21:55:37+00:00,34.07,3.07,1.0
1022600007,betmgm,2026,Connecticut Sun,Seattle Storm,2026-05-10T17:00:00+00:00,2,2.5,-1.5,2026-05-09T21:55:37+00:00,2026-05-10T14:55:37+00:00,19.07,2.07,4.0
1022600007,betonlineag,2026,Connecticut Sun,Seattle Storm,2026-05-10T17:00:00+00:00,2,2.0,-1.0,2026-05-09T21:55:37+00:00,2026-05-10T14:55:37+00:00,19.07,2.07,3.0
1022600007,betrivers,2026,Connecticut Sun,Seattle Storm,2026-05-10T17:00:00+00:00,2,2.5,-1.5,2026-05-09T21:55:37+00:00,2026-05-10T14:55:37+00:00,19.07,2.07,4.0
1022600007,betus,2026,Connecticut Sun,Seattle Storm,2026-05-10T17:00:00+00:00,1,-1.0,-1.0,2026-05-10T14:55:37+00:00,2026-05-10T14:55:37+00:00,2.07,2.07,0.0
1022600007,bovada,2026,Connecticut Sun,Seattle Storm,2026-05-10T17:00:00+00:00,1,-2.0,-2.0,2026-05-10T14:55:37+00:00,2026-05-10T14:55:37+00:00,2.07,2.07,0.0
1022600007,draftkings,2026,Connecticut Sun,Seattle Storm,2026-05-10T17:00:00+00:00,2,2.5,-1.5,2026-05-09T21:55:37+00:00,2026-05-10T14:55:37+00:00,19.07,2.07,4.0
1022600007,fanatics,2026,Connecticut Sun,Seattle Storm,2026-05-10T17:00:00+00:00,2,2.5,-1.5,2026-05-09T21:55:37+00:00,2026-05-10T14:55:37+00:00,19.07,2.07,4.0
1022600007,fanduel,2026,Connecticut Sun,Seattle Storm,2026-05-10T17:00:00+00:00,2,2.5,-1.5,2026-05-09T21:55:37+00:00,2026-05-10T14:55:37+00:00,19.07,2.07,4.0
1022600007,lowvig,2026,Connecticut Sun,Seattle Storm,2026-05-10T17:00:00+00:00,2,2.0,-1.0,2026-05-09T21:55:37+00:00,2026-05-10T14:55:37+00:00,19.07,2.07,3.0
1022600007,mybookieag,2026,Connecticut Sun,Seattle Storm,2026-05-10T17:00:00+00:00,2,2.5,-1.5,2026-05-09T21:55:37+00:00,2026-05-10T14:55:37+00:00,19.07,2.07,4.0
1022600007,williamhill_us,2026,Connecticut Sun,Seattle Storm,2026-05-10T17:00:00+00:00,2,2.0,-1.5,2026-05-09T21:55:37+00:00,2026-05-10T14:55:37+00:00,19.07,2.07,3.5
1022600008,betmgm,2026,Washington Mystics,New York Liberty,2026-05-10T19:03:00+00:00,2,6.5,5.5,2026-05-09T21:55:37+00:00,2026-05-10T14:55:37+00:00,21.12,4.12,1.0
1022600008,betonlineag,2026,Washington Mystics,New York Liberty,2026-05-10T19:03:00+00:00,2,6.5,5.0,2026-05-09T21:55:37+00:00,2026-05-10T14:55:37+00:00,21.12,4.12,1.5
1022600008,betrivers,2026,Washington Mystics,New York Liberty,2026-05-10T19:03:00+00:00,2,5.5,5.0,2026-05-09T21:55:37+00:00,2026-05-10T14:55:37+00:00,21.12,4.12,0.5
1022600008,betus,2026,Washington Mystics,New York Liberty,2026-05-10T19:03:00+00:00,1,5.0,5.0,2026-05-10T14:55:37+00:00,2026-05-10T14:55:37+00:00,4.12,4.12,0.0
1022600008,bovada,2026,Washington Mystics,New York Liberty,2026-05-10T19:03:00+00:00,1,5.5,5.5,2026-05-10T14:55:37+00:00,2026-05-10T14:55:37+00:00,4.12,4.12,0.0
1022600008,draftkings,2026,Washington Mystics,New York Liberty,2026-05-10T19:03:00+00:00,2,6.5,5.5,2026-05-09T21:55:37+00:00,2026-05-10T14:55:37+00:00,21.12,4.12,1.0
1022600008,fanatics,2026,Washington Mystics,New York Liberty,2026-05-10T19:03:00+00:00,3,5.5,5.5,2026-05-09T14:55:38+00:00,2026-05-10T14:55:37+00:00,28.12,4.12,0.0
1022600008,fanduel,2026,Washington Mystics,New York Liberty,2026-05-10T19:03:00+00:00,3,5.5,5.5,2026-05-09T14:55:38+00:00,2026-05-10T14:55:37+00:00,28.12,4.12,0.0
1022600008,lowvig,2026,Washington Mystics,New York Liberty,2026-05-10T19:03:00+00:00,2,6.5,5.0,2026-05-09T21:55:37+00:00,2026-05-10T14:55:37+00:00,21.12,4.12,1.5
1022600008,mybookieag,2026,Washington Mystics,New York Liberty,2026-05-10T19:03:00+00:00,2,6.5,5.5,2026-05-09T21:55:37+00:00,2026-05-10T14:55:37+00:00,21.12,4.12,1.0
1022600008,williamhill_us,2026,Washington Mystics,New York Liberty,2026-05-10T19:03:00+00:00,2,6.5,5.5,2026-05-09T21:55:37+00:00,2026-05-10T14:55:37+00:00,21.12,4.12,1.0
1022600009,betmgm,2026,Los Angeles Sparks,Las Vegas Aces,2026-05-10T22:00:00+00:00,1,2.5,2.5,2026-05-10T14:55:37+00:00,2026-05-10T14:55:37+00:00,7.07,7.07,0.0
1022600009,betonlineag,2026,Los Angeles Sparks,Las Vegas Aces,2026-05-10T22:00:00+00:00,2,2.5,1.5,2026-05-10T14:55:37+00:00,2026-05-10T21:55:37+00:00,7.07,0.07,1.0
1022600009,betrivers,2026,Los Angeles Sparks,Las Vegas Aces,2026-05-10T22:00:00+00:00,2,2.0,1.5,2026-05-10T14:55:37+00:00,2026-05-10T21:55:37+00:00,7.07,0.07,0.5
1022600009,betus,2026,Los Angeles Sparks,Las Vegas Aces,2026-05-10T22:00:00+00:00,2,2.5,1.5,2026-05-10T14:55:37+00:00,2026-05-10T21:55:37+00:00,7.07,0.07,1.0
1022600009,bovada,2026,Los Angeles Sparks,Las Vegas Aces,2026-05-10T22:00:00+00:00,2,2.0,2.0,2026-05-10T14:55:37+00:00,2026-05-10T21:55:37+00:00,7.07,0.07,0.0
1022600009,draftkings,2026,Los Angeles Sparks,Las Vegas Aces,2026-05-10T22:00:00+00:00,2,2.5,1.5,2026-05-10T14:55:37+00:00,2026-05-10T21:55:37+00:00,7.07,0.07,1.0
1022600009,fanatics,2026,Los Angeles Sparks,Las Vegas Aces,2026-05-10T22:00:00+00:00,2,2.5,1.5,2026-05-10T14:55:37+00:00,2026-05-10T21:55:37+00:00,7.07,0.07,1.0
1022600009,fanduel,2026,Los Angeles Sparks,Las Vegas Aces,2026-05-10T22:00:00+00:00,2,2.5,1.5,2026-05-10T14:55:37+00:00,2026-05-10T21:55:37+00:00,7.07,0.07,1.0
1022600009,lowvig,2026,Los Angeles Sparks,Las Vegas Aces,2026-05-10T22:00:00+00:00,2,2.5,1.5,2026-05-10T14:55:37+00:00,2026-05-10T21:55:37+00:00,7.07,0.07,1.0
1022600009,mybookieag,2026,Los Angeles Sparks,Las Vegas Aces,2026-05-10T22:00:00+00:00,2,2.5,1.5,2026-05-10T14:55:37+00:00,2026-05-10T21:55:37+00:00,7.07,0.07,1.0
1022600009,williamhill_us,2026,Los Angeles Sparks,Las Vegas Aces,2026-05-10T22:00:00+00:00,2,2.5,1.5,2026-05-10T14:55:37+00:00,2026-05-10T21:55:37+00:00,7.07,0.07,1.0
1022600010,betmgm,2026,Minnesota Lynx,Atlanta Dream,2026-05-10T00:00:00+00:00,4,3.5,4.5,2026-05-08T14:55:37+00:00,2026-05-09T21:55:37+00:00,33.07,2.07,1.0
1022600010,betonlineag,2026,Minnesota Lynx,Atlanta Dream,2026-05-10T00:00:00+00:00,4,3.5,5.0,2026-05-08T14:55:37+00:00,2026-05-09T21:55:37+00:00,33.07,2.07,1.5
1022600010,betrivers,2026,Minnesota Lynx,Atlanta Dream,2026-05-10T00:00:00+00:00,4,3.5,5.0,2026-05-08T14:55:37+00:00,2026-05-09T21:55:37+00:00,33.07,2.07,1.5
1022600010,betus,2026,Minnesota Lynx,Atlanta Dream,2026-05-10T00:00:00+00:00,4,3.5,5.5,2026-05-08T14:55:37+00:00,2026-05-09T21:55:37+00:00,33.07,2.07,2.0
1022600010,bovada,2026,Minnesota Lynx,Atlanta Dream,2026-05-10T00:00:00+00:00,4,3.5,5.5,2026-05-08T14:55:37+00:00,2026-05-09T21:55:37+00:00,33.07,2.07,2.0
1022600010,draftkings,2026,Minnesota Lynx,Atlanta Dream,2026-05-10T00:00:00+00:00,4,3.5,5.5,2026-05-08T14:55:37+00:00,2026-05-09T21:55:37+00:00,33.07,2.07,2.0
1022600010,fanatics,2026,Minnesota Lynx,Atlanta Dream,2026-05-10T00:00:00+00:00,4,3.5,5.5,2026-05-08T14:55:37+00:00,2026-05-09T21:55:37+00:00,33.07,2.07,2.0
1022600010,fanduel,2026,Minnesota Lynx,Atlanta Dream,2026-05-10T00:00:00+00:00,4,3.5,5.5,2026-05-08T14:55:37+00:00,2026-05-09T21:55:37+00:00,33.07,2.07,2.0
1022600010,lowvig,2026,Minnesota Lynx,Atlanta Dream,2026-05-10T00:00:00+00:00,4,3.5,5.0,2026-05-08T14:55:37+00:00,2026-05-09T21:55:37+00:00,33.07,2.07,1.5
1022600010,mybookieag,2026,Minnesota Lynx,Atlanta Dream,2026-05-10T00:00:00+00:00,2,4.0,5.0,2026-05-09T14:55:38+00:00,2026-05-09T21:55:37+00:00,9.07,2.07,1.0
1022600010,williamhill_us,2026,Minnesota Lynx,Atlanta Dream,2026-05-10T00:00:00+00:00,4,3.5,5.0,2026-05-08T14:55:37+00:00,2026-05-09T21:55:37+00:00,33.07,2.07,1.5
1022600011,betmgm,2026,Golden State Valkyries,Phoenix Mercury,2026-05-11T00:30:00+00:00,2,-1.5,-2.5,2026-05-10T14:55:37+00:00,2026-05-10T21:55:37+00:00,9.57,2.57,1.0
1022600011,betonlineag,2026,Golden State Valkyries,Phoenix Mercury,2026-05-11T00:30:00+00:00,2,-2.0,-3.0,2026-05-10T14:55:37+00:00,2026-05-10T21:55:37+00:00,9.57,2.57,1.0
1022600011,betrivers,2026,Golden State Valkyries,Phoenix Mercury,2026-05-11T00:30:00+00:00,2,-1.5,-2.0,2026-05-10T14:55:37+00:00,2026-05-10T21:55:37+00:00,9.57,2.57,0.5
1022600011,betus,2026,Golden State Valkyries,Phoenix Mercury,2026-05-11T00:30:00+00:00,2,-2.0,-3.0,2026-05-10T14:55:37+00:00,2026-05-10T21:55:37+00:00,9.57,2.57,1.0
1022600011,bovada,2026,Golden State Valkyries,Phoenix Mercury,2026-05-11T00:30:00+00:00,2,-1.5,-3.0,2026-05-10T14:55:37+00:00,2026-05-10T21:55:37+00:00,9.57,2.57,1.5
1022600011,draftkings,2026,Golden State Valkyries,Phoenix Mercury,2026-05-11T00:30:00+00:00,2,-1.5,-2.5,2026-05-10T14:55:37+00:00,2026-05-10T21:55:37+00:00,9.57,2.57,1.0
1022600011,fanatics,2026,Golden State Valkyries,Phoenix Mercury,2026-05-11T00:30:00+00:00,2,-1.5,-3.0,2026-05-10T14:55:37+00:00,2026-05-10T21:55:37+00:00,9.57,2.57,1.5
1022600011,fanduel,2026,Golden State Valkyries,Phoenix Mercury,2026-05-11T00:30:00+00:00,2,-2.5,-2.5,2026-05-10T14:55:37+00:00,2026-05-10T21:55:37+00:00,9.57,2.57,0.0
1022600011,lowvig,2026,Golden State Valkyries,Phoenix Mercury,2026-05-11T00:30:00+00:00,2,-2.0,-3.0,2026-05-10T14:55:37+00:00,2026-05-10T21:55:37+00:00,9.57,2.57,1.0
1022600011,mybookieag,2026,Golden State Valkyries,Phoenix Mercury,2026-05-11T00:30:00+00:00,2,-2.0,-3.0,2026-05-10T14:55:37+00:00,2026-05-10T21:55:37+00:00,9.57,2.57,1.0
1022600011,williamhill_us,2026,Golden State Valkyries,Phoenix Mercury,2026-05-11T00:30:00+00:00,2,-2.0,-2.5,2026-05-10T14:55:37+00:00,2026-05-10T21:55:37+00:00,9.57,2.57,0.5
1022600012,betmgm,2026,Dallas Wings,Atlanta Dream,2026-05-13T00:00:00+00:00,3,1.5,2.5,2026-05-10T21:55:37+00:00,2026-05-12T21:55:37+00:00,50.07,2.07,1.0
1022600012,betonlineag,2026,Dallas Wings,Atlanta Dream,2026-05-13T00:00:00+00:00,3,1.0,1.5,2026-05-10T21:55:37+00:00,2026-05-12T21:55:37+00:00,50.07,2.07,0.5
1022600012,betrivers,2026,Dallas Wings,Atlanta Dream,2026-05-13T00:00:00+00:00,2,2.0,1.5,2026-05-12T14:55:38+00:00,2026-05-12T21:55:37+00:00,9.07,2.07,0.5
1022600012,betus,2026,Dallas Wings,Atlanta Dream,2026-05-13T00:00:00+00:00,2,2.5,1.5,2026-05-12T14:55:38+00:00,2026-05-12T21:55:37+00:00,9.07,2.07,1.0
1022600012,bovada,2026,Dallas Wings,Atlanta Dream,2026-05-13T00:00:00+00:00,1,2.0,2.0,2026-05-12T21:55:37+00:00,2026-05-12T21:55:37+00:00,2.07,2.07,0.0
1022600012,draftkings,2026,Dallas Wings,Atlanta Dream,2026-05-13T00:00:00+00:00,3,1.5,1.5,2026-05-10T21:55:37+00:00,2026-05-12T21:55:37+00:00,50.07,2.07,0.0
1022600012,fanatics,2026,Dallas Wings,Atlanta Dream,2026-05-13T00:00:00+00:00,3,1.5,2.0,2026-05-10T21:55:37+00:00,2026-05-12T21:55:37+00:00,50.07,2.07,0.5
1022600012,fanduel,2026,Dallas Wings,Atlanta Dream,2026-05-13T00:00:00+00:00,3,1.5,1.5,2026-05-10T21:55:37+00:00,2026-05-12T21:55:37+00:00,50.07,2.07,0.0
1022600012,lowvig,2026,Dallas Wings,Atlanta Dream,2026-05-13T00:00:00+00:00,3,1.0,1.5,2026-05-10T21:55:37+00:00,2026-05-12T21:55:37+00:00,50.07,2.07,0.5
1022600012,mybookieag,2026,Dallas Wings,Atlanta Dream,2026-05-13T00:00:00+00:00,2,2.5,1.5,2026-05-12T14:55:38+00:00,2026-05-12T21:55:37+00:00,9.07,2.07,1.0
1022600012,williamhill_us,2026,Dallas Wings,Atlanta Dream,2026-05-13T00:00:00+00:00,3,1.0,1.5,2026-05-10T21:55:37+00:00,2026-05-12T21:55:37+00:00,50.07,2.07,0.5
1022600013,betmgm,2026,Phoenix Mercury,Minnesota Lynx,2026-05-13T02:00:00+00:00,2,-4.5,-4.5,2026-05-12T14:55:38+00:00,2026-05-12T21:55:37+00:00,11.07,4.07,0.0
1022600013,betonlineag,2026,Phoenix Mercury,Minnesota Lynx,2026-05-13T02:00:00+00:00,2,-4.5,-4.5,2026-05-12T14:55:38+00:00,2026-05-12T21:55:37+00:00,11.07,4.07,0.0
1022600013,betrivers,2026,Phoenix Mercury,Minnesota Lynx,2026-05-13T02:00:00+00:00,2,-3.5,-4.5,2026-05-12T14:55:38+00:00,2026-05-12T21:55:37+00:00,11.07,4.07,1.0
1022600013,betus,2026,Phoenix Mercury,Minnesota Lynx,2026-05-13T02:00:00+00:00,2,-4.0,-4.5,2026-05-12T14:55:38+00:00,2026-05-12T21:55:37+00:00,11.07,4.07,0.5
1022600013,bovada,2026,Phoenix Mercury,Minnesota Lynx,2026-05-13T02:00:00+00:00,1,-4.5,-4.5,2026-05-12T21:55:37+00:00,2026-05-12T21:55:37+00:00,4.07,4.07,0.0
1022600013,draftkings,2026,Phoenix Mercury,Minnesota Lynx,2026-05-13T02:00:00+00:00,2,-4.5,-4.5,2026-05-12T14:55:38+00:00,2026-05-12T21:55:37+00:00,11.07,4.07,0.0
1022600013,fanatics,2026,Phoenix Mercury,Minnesota Lynx,2026-05-13T02:00:00+00:00,2,-4.5,-4.5,2026-05-12T14:55:38+00:00,2026-05-12T21:55:37+00:00,11.07,4.07,0.0
1022600013,fanduel,2026,Phoenix Mercury,Minnesota Lynx,2026-05-13T02:00:00+00:00,2,-3.5,-5.5,2026-05-12T14:55:38+00:00,2026-05-12T21:55:37+00:00,11.07,4.07,2.0
1022600013,lowvig,2026,Phoenix Mercury,Minnesota Lynx,2026-05-13T02:00:00+00:00,2,-4.5,-4.5,2026-05-12T14:55:38+00:00,2026-05-12T21:55:37+00:00,11.07,4.07,0.0
1022600013,mybookieag,2026,Phoenix Mercury,Minnesota Lynx,2026-05-13T02:00:00+00:00,2,-4.0,-4.5,2026-05-12T14:55:38+00:00,2026-05-12T21:55:37+00:00,11.07,4.07,0.5
1022600013,williamhill_us,2026,Phoenix Mercury,Minnesota Lynx,2026-05-13T02:00:00+00:00,2,-4.5,-4.5,2026-05-12T14:55:38+00:00,2026-05-12T21:55:37+00:00,11.07,4.07,0.0
1022600014,betmgm,2026,Portland Fire,New York Liberty,2026-05-13T02:00:00+00:00,2,12.5,12.5,2026-05-12T14:55:38+00:00,2026-05-12T21:55:37+00:00,11.07,4.07,0.0
1022600014,betonlineag,2026,Portland Fire,New York Liberty,2026-05-13T02:00:00+00:00,2,13.0,12.0,2026-05-12T14:55:38+00:00,2026-05-12T21:55:37+00:00,11.07,4.07,1.0
1022600014,betrivers,2026,Portland Fire,New York Liberty,2026-05-13T02:00:00+00:00,2,12.5,12.0,2026-05-12T14:55:38+00:00,2026-05-12T21:55:37+00:00,11.07,4.07,0.5
1022600014,betus,2026,Portland Fire,New York Liberty,2026-05-13T02:00:00+00:00,2,13.0,12.0,2026-05-12T14:55:38+00:00,2026-05-12T21:55:37+00:00,11.07,4.07,1.0
1022600014,bovada,2026,Portland Fire,New York Liberty,2026-05-13T02:00:00+00:00,1,12.5,12.5,2026-05-12T21:55:37+00:00,2026-05-12T21:55:37+00:00,4.07,4.07,0.0
1022600014,draftkings,2026,Portland Fire,New York Liberty,2026-05-13T02:00:00+00:00,2,12.5,12.5,2026-05-12T14:55:38+00:00,2026-05-12T21:55:37+00:00,11.07,4.07,0.0
1022600014,fanatics,2026,Portland Fire,New York Liberty,2026-05-13T02:00:00+00:00,2,12.5,12.5,2026-05-12T14:55:38+00:00,2026-05-12T21:55:37+00:00,11.07,4.07,0.0
1022600014,fanduel,2026,Portland Fire,New York Liberty,2026-05-13T02:00:00+00:00,2,12.5,12.5,2026-05-12T14:55:38+00:00,2026-05-12T21:55:37+00:00,11.07,4.07,0.0
1022600014,lowvig,2026,Portland Fire,New York Liberty,2026-05-13T02:00:00+00:00,2,13.0,12.0,2026-05-12T14:55:38+00:00,2026-05-12T21:55:37+00:00,11.07,4.07,1.0
1022600014,mybookieag,2026,Portland Fire,New York Liberty,2026-05-13T02:00:00+00:00,2,13.0,12.5,2026-05-12T14:55:38+00:00,2026-05-12T21:55:37+00:00,11.07,4.07,0.5
1022600014,williamhill_us,2026,Portland Fire,New York Liberty,2026-05-13T02:00:00+00:00,2,13.0,12.0,2026-05-12T14:55:38+00:00,2026-05-12T21:55:37+00:00,11.07,4.07,1.0
1022600015,betmgm,2026,Toronto Tempo,Seattle Storm,2026-05-13T23:00:00+00:00,4,-3.5,-2.5,2026-05-12T14:55:38+00:00,2026-05-13T21:55:37+00:00,32.07,1.07,1.0
1022600015,betonlineag,2026,Toronto Tempo,Seattle Storm,2026-05-13T23:00:00+00:00,4,-3.0,-3.0,2026-05-12T14:55:38+00:00,2026-05-13T21:55:37+00:00,32.07,1.07,0.0
1022600015,betrivers,2026,Toronto Tempo,Seattle Storm,2026-05-13T23:00:00+00:00,4,-3.5,-2.5,2026-05-12T14:55:38+00:00,2026-05-13T21:55:37+00:00,32.07,1.07,1.0
1022600015,betus,2026,Toronto Tempo,Seattle Storm,2026-05-13T23:00:00+00:00,2,-3.5,-3.0,2026-05-13T14:55:38+00:00,2026-05-13T21:55:37+00:00,8.07,1.07,0.5
1022600015,bovada,2026,Toronto Tempo,Seattle Storm,2026-05-13T23:00:00+00:00,3,-3.5,-3.0,2026-05-12T21:55:37+00:00,2026-05-13T21:55:37+00:00,25.07,1.07,0.5
1022600015,draftkings,2026,Toronto Tempo,Seattle Storm,2026-05-13T23:00:00+00:00,4,-3.5,-3.5,2026-05-12T14:55:38+00:00,2026-05-13T21:55:37+00:00,32.07,1.07,0.0
1022600015,fanatics,2026,Toronto Tempo,Seattle Storm,2026-05-13T23:00:00+00:00,4,-3.5,-3.0,2026-05-12T14:55:38+00:00,2026-05-13T21:55:37+00:00,32.07,1.07,0.5
1022600015,fanduel,2026,Toronto Tempo,Seattle Storm,2026-05-13T23:00:00+00:00,4,-3.5,-2.5,2026-05-12T14:55:38+00:00,2026-05-13T21:55:37+00:00,32.07,1.07,1.0
1022600015,lowvig,2026,Toronto Tempo,Seattle Storm,2026-05-13T23:00:00+00:00,4,-3.0,-3.0,2026-05-12T14:55:38+00:00,2026-05-13T21:55:37+00:00,32.07,1.07,0.0
1022600015,mybookieag,2026,Toronto Tempo,Seattle Storm,2026-05-13T23:00:00+00:00,2,-3.5,-3.0,2026-05-13T14:55:38+00:00,2026-05-13T21:55:37+00:00,8.07,1.07,0.5
1022600015,williamhill_us,2026,Toronto Tempo,Seattle Storm,2026-05-13T23:00:00+00:00,4,-3.0,-3.0,2026-05-12T14:55:38+00:00,2026-05-13T21:55:37+00:00,32.07,1.07,0.0
1022600016,betmgm,2026,Connecticut Sun,Las Vegas Aces,2026-05-14T00:00:00+00:00,4,13.5,14.5,2026-05-12T14:55:38+00:00,2026-05-13T21:55:37+00:00,33.07,2.07,1.0
1022600016,betonlineag,2026,Connecticut Sun,Las Vegas Aces,2026-05-14T00:00:00+00:00,4,14.0,14.5,2026-05-12T14:55:38+00:00,2026-05-13T21:55:37+00:00,33.07,2.07,0.5
1022600016,betrivers,2026,Connecticut Sun,Las Vegas Aces,2026-05-14T00:00:00+00:00,4,13.5,14.5,2026-05-12T14:55:38+00:00,2026-05-13T21:55:37+00:00,33.07,2.07,1.0
1022600016,betus,2026,Connecticut Sun,Las Vegas Aces,2026-05-14T00:00:00+00:00,2,14.0,14.5,2026-05-13T14:55:38+00:00,2026-05-13T21:55:37+00:00,9.07,2.07,0.5
1022600016,bovada,2026,Connecticut Sun,Las Vegas Aces,2026-05-14T00:00:00+00:00,3,14.0,14.5,2026-05-12T21:55:37+00:00,2026-05-13T21:55:37+00:00,26.07,2.07,0.5
1022600016,draftkings,2026,Connecticut Sun,Las Vegas Aces,2026-05-14T00:00:00+00:00,4,13.5,14.5,2026-05-12T14:55:38+00:00,2026-05-13T21:55:37+00:00,33.07,2.07,1.0
1022600016,fanatics,2026,Connecticut Sun,Las Vegas Aces,2026-05-14T00:00:00+00:00,4,13.5,14.5,2026-05-12T14:55:38+00:00,2026-05-13T21:55:37+00:00,33.07,2.07,1.0
1022600016,fanduel,2026,Connecticut Sun,Las Vegas Aces,2026-05-14T00:00:00+00:00,4,13.5,14.5,2026-05-12T14:55:38+00:00,2026-05-13T21:55:37+00:00,33.07,2.07,1.0
1022600016,lowvig,2026,Connecticut Sun,Las Vegas Aces,2026-05-14T00:00:00+00:00,4,14.0,14.5,2026-05-12T14:55:38+00:00,2026-05-13T21:55:37+00:00,33.07,2.07,0.5
1022600016,mybookieag,2026,Connecticut Sun,Las Vegas Aces,2026-05-14T00:00:00+00:00,2,14.0,14.5,2026-05-13T14:55:38+00:00,2026-05-13T21:55:37+00:00,9.07,2.07,0.5
1022600016,williamhill_us,2026,Connecticut Sun,Las Vegas Aces,2026-05-14T00:00:00+00:00,4,13.5,14.5,2026-05-12T14:55:38+00:00,2026-05-13T21:55:37+00:00,33.07,2.07,1.0
1022600017,betmgm,2026,Golden State Valkyries,Chicago Sky,2026-05-14T02:00:00+00:00,4,-4.5,-5.5,2026-05-12T14:55:38+00:00,2026-05-13T21:55:37+00:00,35.07,4.07,1.0
1022600017,betonlineag,2026,Golden State Valkyries,Chicago Sky,2026-05-14T02:00:00+00:00,4,-4.5,-5.5,2026-05-12T14:55:38+00:00,2026-05-13T21:55:37+00:00,35.07,4.07,1.0
1022600017,betrivers,2026,Golden State Valkyries,Chicago Sky,2026-05-14T02:00:00+00:00,4,-4.5,-5.5,2026-05-12T14:55:38+00:00,2026-05-13T21:55:37+00:00,35.07,4.07,1.0
1022600017,betus,2026,Golden State Valkyries,Chicago Sky,2026-05-14T02:00:00+00:00,2,-5.5,-5.5,2026-05-13T14:55:38+00:00,2026-05-13T21:55:37+00:00,11.07,4.07,0.0
1022600017,bovada,2026,Golden State Valkyries,Chicago Sky,2026-05-14T02:00:00+00:00,3,-5.5,-6.0,2026-05-12T21:55:37+00:00,2026-05-13T21:55:37+00:00,28.07,4.07,0.5
1022600017,draftkings,2026,Golden State Valkyries,Chicago Sky,2026-05-14T02:00:00+00:00,4,-4.5,-5.5,2026-05-12T14:55:38+00:00,2026-05-13T21:55:37+00:00,35.07,4.07,1.0
1022600017,fanatics,2026,Golden State Valkyries,Chicago Sky,2026-05-14T02:00:00+00:00,4,-4.5,-5.5,2026-05-12T14:55:38+00:00,2026-05-13T21:55:37+00:00,35.07,4.07,1.0
1022600017,fanduel,2026,Golden State Valkyries,Chicago Sky,2026-05-14T02:00:00+00:00,4,-4.5,-5.5,2026-05-12T14:55:38+00:00,2026-05-13T21:55:37+00:00,35.07,4.07,1.0
1022600017,lowvig,2026,Golden State Valkyries,Chicago Sky,2026-05-14T02:00:00+00:00,4,-4.5,-5.5,2026-05-12T14:55:38+00:00,2026-05-13T21:55:37+00:00,35.07,4.07,1.0
1022600017,mybookieag,2026,Golden State Valkyries,Chicago Sky,2026-05-14T02:00:00+00:00,2,-5.5,-5.5,2026-05-13T14:55:38+00:00,2026-05-13T21:55:37+00:00,11.07,4.07,0.0
1022600017,williamhill_us,2026,Golden State Valkyries,Chicago Sky,2026-05-14T02:00:00+00:00,4,-4.5,-5.5,2026-05-12T14:55:38+00:00,2026-05-13T21:55:37+00:00,35.07,4.07,1.0
1022600018,betmgm,2026,Los Angeles Sparks,Indiana Fever,2026-05-14T02:30:00+00:00,2,2.5,2.5,2026-05-12T14:55:38+00:00,2026-05-12T21:55:37+00:00,35.57,28.57,0.0
1022600018,betonlineag,2026,Los Angeles Sparks,Indiana Fever,2026-05-14T02:30:00+00:00,4,2.5,1.5,2026-05-12T14:55:38+00:00,2026-05-13T21:55:37+00:00,35.57,4.57,1.0
1022600018,betrivers,2026,Los Angeles Sparks,Indiana Fever,2026-05-14T02:30:00+00:00,4,2.5,1.5,2026-05-12T14:55:38+00:00,2026-05-13T21:55:37+00:00,35.57,4.57,1.0
1022600018,betus,2026,Los Angeles Sparks,Indiana Fever,2026-05-14T02:30:00+00:00,2,1.5,1.5,2026-05-13T14:55:38+00:00,2026-05-13T21:55:37+00:00,11.57,4.57,0.0
1022600018,bovada,2026,Los Angeles Sparks,Indiana Fever,2026-05-14T02:30:00+00:00,3,2.5,1.5,2026-05-12T21:55:37+00:00,2026-05-13T21:55:37+00:00,28.57,4.57,1.0
1022600018,draftkings,2026,Los Angeles Sparks,Indiana Fever,2026-05-14T02:30:00+00:00,4,2.5,1.5,2026-05-12T14:55:38+00:00,2026-05-13T21:55:37+00:00,35.57,4.57,1.0
1022600018,fanatics,2026,Los Angeles Sparks,Indiana Fever,2026-05-14T02:30:00+00:00,4,3.0,1.5,2026-05-12T14:55:38+00:00,2026-05-13T21:55:37+00:00,35.57,4.57,1.5
1022600018,fanduel,2026,Los Angeles Sparks,Indiana Fever,2026-05-14T02:30:00+00:00,4,2.5,1.5,2026-05-12T14:55:38+00:00,2026-05-13T21:55:37+00:00,35.57,4.57,1.0
1022600018,lowvig,2026,Los Angeles Sparks,Indiana Fever,2026-05-14T02:30:00+00:00,4,2.5,1.5,2026-05-12T14:55:38+00:00,2026-05-13T21:55:37+00:00,35.57,4.57,1.0
1022600018,mybookieag,2026,Los Angeles Sparks,Indiana Fever,2026-05-14T02:30:00+00:00,2,1.5,1.5,2026-05-13T14:55:38+00:00,2026-05-13T21:55:37+00:00,11.57,4.57,0.0
1022600018,williamhill_us,2026,Los Angeles Sparks,Indiana Fever,2026-05-14T02:30:00+00:00,4,2.5,1.5,2026-05-12T14:55:38+00:00,2026-05-13T21:55:37+00:00,35.57,4.57,1.0
1022600019,betmgm,2026,Dallas Wings,Minnesota Lynx,2026-05-15T00:00:00+00:00,2,-3.5,-3.5,2026-05-14T14:55:37+00:00,2026-05-14T21:55:37+00:00,9.07,2.07,0.0
1022600019,betonlineag,2026,Dallas Wings,Minnesota Lynx,2026-05-15T00:00:00+00:00,3,-3.0,-3.5,2026-05-13T21:55:37+00:00,2026-05-14T21:55:37+00:00,26.07,2.07,0.5
1022600019,betrivers,2026,Dallas Wings,Minnesota Lynx,2026-05-15T00:00:00+00:00,2,-3.5,-3.5,2026-05-14T14:55:37+00:00,2026-05-14T21:55:37+00:00,9.07,2.07,0.0
1022600019,betus,2026,Dallas Wings,Minnesota Lynx,2026-05-15T00:00:00+00:00,2,-4.0,-4.0,2026-05-14T14:55:37+00:00,2026-05-14T21:55:37+00:00,9.07,2.07,0.0
1022600019,bovada,2026,Dallas Wings,Minnesota Lynx,2026-05-15T00:00:00+00:00,2,-4.0,-4.0,2026-05-14T14:55:37+00:00,2026-05-14T21:55:37+00:00,9.07,2.07,0.0
1022600019,draftkings,2026,Dallas Wings,Minnesota Lynx,2026-05-15T00:00:00+00:00,3,-3.5,-3.5,2026-05-13T21:55:37+00:00,2026-05-14T21:55:37+00:00,26.07,2.07,0.0
1022600019,fanatics,2026,Dallas Wings,Minnesota Lynx,2026-05-15T00:00:00+00:00,3,-3.0,-4.0,2026-05-13T21:55:37+00:00,2026-05-14T21:55:37+00:00,26.07,2.07,1.0
1022600019,fanduel,2026,Dallas Wings,Minnesota Lynx,2026-05-15T00:00:00+00:00,3,-2.5,-3.5,2026-05-13T21:55:37+00:00,2026-05-14T21:55:37+00:00,26.07,2.07,1.0
1022600019,lowvig,2026,Dallas Wings,Minnesota Lynx,2026-05-15T00:00:00+00:00,3,-3.0,-3.5,2026-05-13T21:55:37+00:00,2026-05-14T21:55:37+00:00,26.07,2.07,0.5
1022600019,mybookieag,2026,Dallas Wings,Minnesota Lynx,2026-05-15T00:00:00+00:00,2,-4.0,-4.0,2026-05-14T14:55:37+00:00,2026-05-14T21:55:37+00:00,9.07,2.07,0.0
1022600019,williamhill_us,2026,Dallas Wings,Minnesota Lynx,2026-05-15T00:00:00+00:00,3,-3.0,-3.5,2026-05-13T21:55:37+00:00,2026-05-14T21:55:37+00:00,26.07,2.07,0.5
1022600020,betmgm,2026,Portland Fire,New York Liberty,2026-05-15T02:00:00+00:00,2,11.5,11.5,2026-05-14T14:55:37+00:00,2026-05-14T21:55:37+00:00,11.07,4.07,0.0
1022600020,betonlineag,2026,Portland Fire,New York Liberty,2026-05-15T02:00:00+00:00,3,11.5,11.5,2026-05-13T21:55:37+00:00,2026-05-14T21:55:37+00:00,28.07,4.07,0.0
1022600020,betrivers,2026,Portland Fire,New York Liberty,2026-05-15T02:00:00+00:00,2,11.5,11.5,2026-05-14T14:55:37+00:00,2026-05-14T21:55:37+00:00,11.07,4.07,0.0
1022600020,betus,2026,Portland Fire,New York Liberty,2026-05-15T02:00:00+00:00,2,11.5,11.5,2026-05-14T14:55:37+00:00,2026-05-14T21:55:37+00:00,11.07,4.07,0.0
1022600020,bovada,2026,Portland Fire,New York Liberty,2026-05-15T02:00:00+00:00,2,11.5,12.0,2026-05-14T14:55:37+00:00,2026-05-14T21:55:37+00:00,11.07,4.07,0.5
1022600020,draftkings,2026,Portland Fire,New York Liberty,2026-05-15T02:00:00+00:00,3,11.5,11.5,2026-05-13T21:55:37+00:00,2026-05-14T21:55:37+00:00,28.07,4.07,0.0
1022600020,fanatics,2026,Portland Fire,New York Liberty,2026-05-15T02:00:00+00:00,3,11.5,11.5,2026-05-13T21:55:37+00:00,2026-05-14T21:55:37+00:00,28.07,4.07,0.0
1022600020,fanduel,2026,Portland Fire,New York Liberty,2026-05-15T02:00:00+00:00,3,11.5,11.5,2026-05-13T21:55:37+00:00,2026-05-14T21:55:37+00:00,28.07,4.07,0.0
1022600020,lowvig,2026,Portland Fire,New York Liberty,2026-05-15T02:00:00+00:00,3,11.5,11.5,2026-05-13T21:55:37+00:00,2026-05-14T21:55:37+00:00,28.07,4.07,0.0
1022600020,mybookieag,2026,Portland Fire,New York Liberty,2026-05-15T02:00:00+00:00,2,11.5,11.5,2026-05-14T14:55:37+00:00,2026-05-14T21:55:37+00:00,11.07,4.07,0.0
1022600020,williamhill_us,2026,Portland Fire,New York Liberty,2026-05-15T02:00:00+00:00,3,11.5,11.5,2026-05-13T21:55:37+00:00,2026-05-14T21:55:37+00:00,28.07,4.07,0.0
1022600021,betmgm,2026,Connecticut Sun,Las Vegas Aces,2026-05-15T23:30:00+00:00,3,14.5,14.5,2026-05-14T21:55:37+00:00,2026-05-15T21:55:38+00:00,25.57,1.57,0.0
1022600021,betonlineag,2026,Connecticut Sun,Las Vegas Aces,2026-05-15T23:30:00+00:00,4,15.5,15.0,2026-05-14T14:55:37+00:00,2026-05-15T21:55:38+00:00,32.57,1.57,0.5
1022600021,betrivers,2026,Connecticut Sun,Las Vegas Aces,2026-05-15T23:30:00+00:00,4,15.5,15.0,2026-05-14T14:55:37+00:00,2026-05-15T21:55:38+00:00,32.57,1.57,0.5
1022600021,betus,2026,Connecticut Sun,Las Vegas Aces,2026-05-15T23:30:00+00:00,2,15.0,15.0,2026-05-15T14:55:37+00:00,2026-05-15T21:55:38+00:00,8.57,1.57,0.0
1022600021,bovada,2026,Connecticut Sun,Las Vegas Aces,2026-05-15T23:30:00+00:00,2,14.5,15.0,2026-05-15T14:55:37+00:00,2026-05-15T21:55:38+00:00,8.57,1.57,0.5
1022600021,draftkings,2026,Connecticut Sun,Las Vegas Aces,2026-05-15T23:30:00+00:00,4,15.5,15.5,2026-05-14T14:55:37+00:00,2026-05-15T21:55:38+00:00,32.57,1.57,0.0
1022600021,fanatics,2026,Connecticut Sun,Las Vegas Aces,2026-05-15T23:30:00+00:00,4,15.5,15.5,2026-05-14T14:55:37+00:00,2026-05-15T21:55:38+00:00,32.57,1.57,0.0
1022600021,fanduel,2026,Connecticut Sun,Las Vegas Aces,2026-05-15T23:30:00+00:00,4,15.5,15.5,2026-05-14T14:55:37+00:00,2026-05-15T21:55:38+00:00,32.57,1.57,0.0
1022600021,lowvig,2026,Connecticut Sun,Las Vegas Aces,2026-05-15T23:30:00+00:00,4,15.5,15.0,2026-05-14T14:55:37+00:00,2026-05-15T21:55:38+00:00,32.57,1.57,0.5
1022600021,mybookieag,2026,Connecticut Sun,Las Vegas Aces,2026-05-15T23:30:00+00:00,2,14.5,15.0,2026-05-15T14:55:37+00:00,2026-05-15T21:55:38+00:00,8.57,1.57,0.5
1022600021,williamhill_us,2026,Connecticut Sun,Las Vegas Aces,2026-05-15T23:30:00+00:00,4,15.5,15.0,2026-05-14T14:55:37+00:00,2026-05-15T21:55:38+00:00,32.57,1.57,0.5
1022600022,betmgm,2026,Indiana Fever,Washington Mystics,2026-05-15T23:30:00+00:00,3,-8.5,-8.5,2026-05-14T21:55:37+00:00,2026-05-15T21:55:38+00:00,25.57,1.57,0.0
1022600022,betonlineag,2026,Indiana Fever,Washington Mystics,2026-05-15T23:30:00+00:00,4,-8.0,-8.5,2026-05-14T14:55:37+00:00,2026-05-15T21:55:38+00:00,32.57,1.57,0.5
1022600022,betrivers,2026,Indiana Fever,Washington Mystics,2026-05-15T23:30:00+00:00,4,-8.5,-9.0,2026-05-14T14:55:37+00:00,2026-05-15T21:55:38+00:00,32.57,1.57,0.5
1022600022,betus,2026,Indiana Fever,Washington Mystics,2026-05-15T23:30:00+00:00,2,-8.0,-8.5,2026-05-15T14:55:37+00:00,2026-05-15T21:55:38+00:00,8.57,1.57,0.5
1022600022,bovada,2026,Indiana Fever,Washington Mystics,2026-05-15T23:30:00+00:00,2,-8.0,-8.5,2026-05-15T14:55:37+00:00,2026-05-15T21:55:38+00:00,8.57,1.57,0.5
1022600022,draftkings,2026,Indiana Fever,Washington Mystics,2026-05-15T23:30:00+00:00,4,-8.5,-8.5,2026-05-14T14:55:37+00:00,2026-05-15T21:55:38+00:00,32.57,1.57,0.0
1022600022,fanatics,2026,Indiana Fever,Washington Mystics,2026-05-15T23:30:00+00:00,4,-8.5,-8.5,2026-05-14T14:55:37+00:00,2026-05-15T21:55:38+00:00,32.57,1.57,0.0
1022600022,fanduel,2026,Indiana Fever,Washington Mystics,2026-05-15T23:30:00+00:00,4,-8.5,-8.5,2026-05-14T14:55:37+00:00,2026-05-15T21:55:38+00:00,32.57,1.57,0.0
1022600022,lowvig,2026,Indiana Fever,Washington Mystics,2026-05-15T23:30:00+00:00,4,-8.0,-8.5,2026-05-14T14:55:37+00:00,2026-05-15T21:55:38+00:00,32.57,1.57,0.5
1022600022,mybookieag,2026,Indiana Fever,Washington Mystics,2026-05-15T23:30:00+00:00,2,-8.0,-8.5,2026-05-15T14:55:37+00:00,2026-05-15T21:55:38+00:00,8.57,1.57,0.5
1022600022,williamhill_us,2026,Indiana Fever,Washington Mystics,2026-05-15T23:30:00+00:00,4,-8.0,-8.5,2026-05-14T14:55:37+00:00,2026-05-15T21:55:38+00:00,32.57,1.57,0.5
1022600023,betonlineag,2026,Los Angeles Sparks,Toronto Tempo,2026-05-16T02:00:00+00:00,4,-7.5,-7.5,2026-05-14T14:55:37+00:00,2026-05-15T21:55:38+00:00,35.07,4.07,0.0
1022600023,betrivers,2026,Los Angeles Sparks,Toronto Tempo,2026-05-16T02:00:00+00:00,4,-6.5,-7.5,2026-05-14T14:55:37+00:00,2026-05-15T21:55:38+00:00,35.07,4.07,1.0
1022600023,betus,2026,Los Angeles Sparks,Toronto Tempo,2026-05-16T02:00:00+00:00,2,-7.5,-7.5,2026-05-15T14:55:37+00:00,2026-05-15T21:55:38+00:00,11.07,4.07,0.0
1022600023,bovada,2026,Los Angeles Sparks,Toronto Tempo,2026-05-16T02:00:00+00:00,2,-7.5,-8.0,2026-05-15T14:55:37+00:00,2026-05-15T21:55:38+00:00,11.07,4.07,0.5
1022600023,draftkings,2026,Los Angeles Sparks,Toronto Tempo,2026-05-16T02:00:00+00:00,4,-7.5,-7.5,2026-05-14T14:55:37+00:00,2026-05-15T21:55:38+00:00,35.07,4.07,0.0
1022600023,fanatics,2026,Los Angeles Sparks,Toronto Tempo,2026-05-16T02:00:00+00:00,4,-7.5,-7.5,2026-05-14T14:55:37+00:00,2026-05-15T21:55:38+00:00,35.07,4.07,0.0
1022600023,fanduel,2026,Los Angeles Sparks,Toronto Tempo,2026-05-16T02:00:00+00:00,4,-6.5,-7.5,2026-05-14T14:55:37+00:00,2026-05-15T21:55:38+00:00,35.07,4.07,1.0
1022600023,lowvig,2026,Los Angeles Sparks,Toronto Tempo,2026-05-16T02:00:00+00:00,4,-7.5,-7.5,2026-05-14T14:55:37+00:00,2026-05-15T21:55:38+00:00,35.07,4.07,0.0
1022600023,mybookieag,2026,Los Angeles Sparks,Toronto Tempo,2026-05-16T02:00:00+00:00,2,-7.5,-7.5,2026-05-15T14:55:37+00:00,2026-05-15T21:55:38+00:00,11.07,4.07,0.0
1022600023,williamhill_us,2026,Los Angeles Sparks,Toronto Tempo,2026-05-16T02:00:00+00:00,4,-7.5,-7.5,2026-05-14T14:55:37+00:00,2026-05-15T21:55:38+00:00,35.07,4.07,0.0
1022600024,betmgm,2026,Phoenix Mercury,Chicago Sky,2026-05-16T02:00:00+00:00,3,-4.5,-4.5,2026-05-14T21:55:37+00:00,2026-05-15T21:55:38+00:00,28.07,4.07,0.0
1022600024,betonlineag,2026,Phoenix Mercury,Chicago Sky,2026-05-16T02:00:00+00:00,4,-4.5,-4.0,2026-05-14T14:55:37+00:00,2026-05-15T21:55:38+00:00,35.07,4.07,0.5
1022600024,betrivers,2026,Phoenix Mercury,Chicago Sky,2026-05-16T02:00:00+00:00,4,-4.5,-4.0,2026-05-14T14:55:37+00:00,2026-05-15T21:55:38+00:00,35.07,4.07,0.5
1022600024,betus,2026,Phoenix Mercury,Chicago Sky,2026-05-16T02:00:00+00:00,2,-4.0,-4.0,2026-05-15T14:55:37+00:00,2026-05-15T21:55:38+00:00,11.07,4.07,0.0
1022600024,bovada,2026,Phoenix Mercury,Chicago Sky,2026-05-16T02:00:00+00:00,2,-3.5,-3.5,2026-05-15T14:55:37+00:00,2026-05-15T21:55:38+00:00,11.07,4.07,0.0
1022600024,draftkings,2026,Phoenix Mercury,Chicago Sky,2026-05-16T02:00:00+00:00,4,-4.5,-3.5,2026-05-14T14:55:37+00:00,2026-05-15T21:55:38+00:00,35.07,4.07,1.0
1022600024,fanatics,2026,Phoenix Mercury,Chicago Sky,2026-05-16T02:00:00+00:00,4,-4.5,-4.0,2026-05-14T14:55:37+00:00,2026-05-15T21:55:38+00:00,35.07,4.07,0.5
1022600024,fanduel,2026,Phoenix Mercury,Chicago Sky,2026-05-16T02:00:00+00:00,4,-4.5,-3.5,2026-05-14T14:55:37+00:00,2026-05-15T21:55:38+00:00,35.07,4.07,1.0
1022600024,lowvig,2026,Phoenix Mercury,Chicago Sky,2026-05-16T02:00:00+00:00,4,-4.5,-4.0,2026-05-14T14:55:37+00:00,2026-05-15T21:55:38+00:00,35.07,4.07,0.5
1022600024,mybookieag,2026,Phoenix Mercury,Chicago Sky,2026-05-16T02:00:00+00:00,2,-3.5,-3.5,2026-05-15T14:55:37+00:00,2026-05-15T21:55:38+00:00,11.07,4.07,0.0
1022600024,williamhill_us,2026,Phoenix Mercury,Chicago Sky,2026-05-16T02:00:00+00:00,4,-4.5,-4.0,2026-05-14T14:55:37+00:00,2026-05-15T21:55:38+00:00,35.07,4.07,0.5
1022600025,betmgm,2026,Minnesota Lynx,Chicago Sky,2026-05-17T23:00:00+00:00,2,-5.5,-4.5,2026-05-17T14:55:37+00:00,2026-05-17T21:55:37+00:00,8.07,1.07,1.0
1022600025,betonlineag,2026,Minnesota Lynx,Chicago Sky,2026-05-17T23:00:00+00:00,2,-4.5,-5.0,2026-05-17T14:55:37+00:00,2026-05-17T21:55:37+00:00,8.07,1.07,0.5
1022600025,betrivers,2026,Minnesota Lynx,Chicago Sky,2026-05-17T23:00:00+00:00,2,-4.0,-4.5,2026-05-17T14:55:37+00:00,2026-05-17T21:55:37+00:00,8.07,1.07,0.5
1022600025,betus,2026,Minnesota Lynx,Chicago Sky,2026-05-17T23:00:00+00:00,2,-5.0,-5.0,2026-05-17T14:55:37+00:00,2026-05-17T21:55:37+00:00,8.07,1.07,0.0
1022600025,bovada,2026,Minnesota Lynx,Chicago Sky,2026-05-17T23:00:00+00:00,2,-4.5,-5.0,2026-05-17T14:55:37+00:00,2026-05-17T21:55:37+00:00,8.07,1.07,0.5
1022600025,draftkings,2026,Minnesota Lynx,Chicago Sky,2026-05-17T23:00:00+00:00,2,-4.5,-4.5,2026-05-17T14:55:37+00:00,2026-05-17T21:55:37+00:00,8.07,1.07,0.0
1022600025,fanatics,2026,Minnesota Lynx,Chicago Sky,2026-05-17T23:00:00+00:00,2,-5.0,-5.0,2026-05-17T14:55:37+00:00,2026-05-17T21:55:37+00:00,8.07,1.07,0.0
1022600025,fanduel,2026,Minnesota Lynx,Chicago Sky,2026-05-17T23:00:00+00:00,2,-4.5,-4.5,2026-05-17T14:55:37+00:00,2026-05-17T21:55:37+00:00,8.07,1.07,0.0
1022600025,lowvig,2026,Minnesota Lynx,Chicago Sky,2026-05-17T23:00:00+00:00,2,-4.5,-5.0,2026-05-17T14:55:37+00:00,2026-05-17T21:55:37+00:00,8.07,1.07,0.5
1022600025,mybookieag,2026,Minnesota Lynx,Chicago Sky,2026-05-17T23:00:00+00:00,2,-4.5,-4.5,2026-05-17T14:55:37+00:00,2026-05-17T21:55:37+00:00,8.07,1.07,0.0
1022600025,williamhill_us,2026,Minnesota Lynx,Chicago Sky,2026-05-17T23:00:00+00:00,2,-4.5,-5.0,2026-05-17T14:55:37+00:00,2026-05-17T21:55:37+00:00,8.07,1.07,0.5
1022600026,betmgm,2026,Atlanta Dream,Las Vegas Aces,2026-05-17T17:30:00+00:00,1,2.5,2.5,2026-05-17T14:55:37+00:00,2026-05-17T14:55:37+00:00,2.57,2.57,0.0
1022600026,betonlineag,2026,Atlanta Dream,Las Vegas Aces,2026-05-17T17:30:00+00:00,1,3.0,3.0,2026-05-17T14:55:37+00:00,2026-05-17T14:55:37+00:00,2.57,2.57,0.0
1022600026,betrivers,2026,Atlanta Dream,Las Vegas Aces,2026-05-17T17:30:00+00:00,1,2.5,2.5,2026-05-17T14:55:37+00:00,2026-05-17T14:55:37+00:00,2.57,2.57,0.0
1022600026,betus,2026,Atlanta Dream,Las Vegas Aces,2026-05-17T17:30:00+00:00,1,3.0,3.0,2026-05-17T14:55:37+00:00,2026-05-17T14:55:37+00:00,2.57,2.57,0.0
1022600026,bovada,2026,Atlanta Dream,Las Vegas Aces,2026-05-17T17:30:00+00:00,1,3.0,3.0,2026-05-17T14:55:37+00:00,2026-05-17T14:55:37+00:00,2.57,2.57,0.0
1022600026,draftkings,2026,Atlanta Dream,Las Vegas Aces,2026-05-17T17:30:00+00:00,1,3.5,3.5,2026-05-17T14:55:37+00:00,2026-05-17T14:55:37+00:00,2.57,2.57,0.0
1022600026,fanatics,2026,Atlanta Dream,Las Vegas Aces,2026-05-17T17:30:00+00:00,1,3.0,3.0,2026-05-17T14:55:37+00:00,2026-05-17T14:55:37+00:00,2.57,2.57,0.0
1022600026,fanduel,2026,Atlanta Dream,Las Vegas Aces,2026-05-17T17:30:00+00:00,1,2.5,2.5,2026-05-17T14:55:37+00:00,2026-05-17T14:55:37+00:00,2.57,2.57,0.0
1022600026,lowvig,2026,Atlanta Dream,Las Vegas Aces,2026-05-17T17:30:00+00:00,1,3.0,3.0,2026-05-17T14:55:37+00:00,2026-05-17T14:55:37+00:00,2.57,2.57,0.0
1022600026,mybookieag,2026,Atlanta Dream,Las Vegas Aces,2026-05-17T17:30:00+00:00,1,2.5,2.5,2026-05-17T14:55:37+00:00,2026-05-17T14:55:37+00:00,2.57,2.57,0.0
1022600026,williamhill_us,2026,Atlanta Dream,Las Vegas Aces,2026-05-17T17:30:00+00:00,1,3.0,3.0,2026-05-17T14:55:37+00:00,2026-05-17T14:55:37+00:00,2.57,2.57,0.0
1022600027,betmgm,2026,Indiana Fever,Seattle Storm,2026-05-17T22:10:00+00:00,2,-11.5,-11.5,2026-05-17T14:55:37+00:00,2026-05-17T21:55:37+00:00,7.24,0.24,0.0
1022600027,betonlineag,2026,Indiana Fever,Seattle Storm,2026-05-17T22:10:00+00:00,2,-11.5,-11.5,2026-05-17T14:55:37+00:00,2026-05-17T21:55:37+00:00,7.24,0.24,0.0
1022600027,betrivers,2026,Indiana Fever,Seattle Storm,2026-05-17T22:10:00+00:00,2,-12.0,-11.5,2026-05-17T14:55:37+00:00,2026-05-17T21:55:37+00:00,7.24,0.24,0.5
1022600027,betus,2026,Indiana Fever,Seattle Storm,2026-05-17T22:10:00+00:00,2,-11.5,-12.0,2026-05-17T14:55:37+00:00,2026-05-17T21:55:37+00:00,7.24,0.24,0.5
1022600027,bovada,2026,Indiana Fever,Seattle Storm,2026-05-17T22:10:00+00:00,2,-12.0,-12.0,2026-05-17T14:55:37+00:00,2026-05-17T21:55:37+00:00,7.24,0.24,0.0
1022600027,draftkings,2026,Indiana Fever,Seattle Storm,2026-05-17T22:10:00+00:00,2,-11.5,-11.5,2026-05-17T14:55:37+00:00,2026-05-17T21:55:37+00:00,7.24,0.24,0.0
1022600027,fanatics,2026,Indiana Fever,Seattle Storm,2026-05-17T22:10:00+00:00,2,-11.5,-11.5,2026-05-17T14:55:37+00:00,2026-05-17T21:55:37+00:00,7.24,0.24,0.0
1022600027,fanduel,2026,Indiana Fever,Seattle Storm,2026-05-17T22:10:00+00:00,2,-11.5,-11.5,2026-05-17T14:55:37+00:00,2026-05-17T21:55:37+00:00,7.24,0.24,0.0
1022600027,lowvig,2026,Indiana Fever,Seattle Storm,2026-05-17T22:10:00+00:00,2,-11.5,-11.5,2026-05-17T14:55:37+00:00,2026-05-17T21:55:37+00:00,7.24,0.24,0.0
1022600027,mybookieag,2026,Indiana Fever,Seattle Storm,2026-05-17T22:10:00+00:00,2,-11.5,-11.5,2026-05-17T14:55:37+00:00,2026-05-17T21:55:37+00:00,7.24,0.24,0.0
1022600027,williamhill_us,2026,Indiana Fever,Seattle Storm,2026-05-17T22:10:00+00:00,2,-11.5,-11.5,2026-05-17T14:55:37+00:00,2026-05-17T21:55:37+00:00,7.24,0.24,0.0
1022600028,betonlineag,2026,Los Angeles Sparks,Toronto Tempo,2026-05-17T23:00:00+00:00,2,-8.0,-7.5,2026-05-17T14:55:37+00:00,2026-05-17T21:55:37+00:00,8.07,1.07,0.5
1022600028,betrivers,2026,Los Angeles Sparks,Toronto Tempo,2026-05-17T23:00:00+00:00,2,-7.5,-7.5,2026-05-17T14:55:37+00:00,2026-05-17T21:55:37+00:00,8.07,1.07,0.0
1022600028,betus,2026,Los Angeles Sparks,Toronto Tempo,2026-05-17T23:00:00+00:00,2,-7.5,-7.5,2026-05-17T14:55:37+00:00,2026-05-17T21:55:37+00:00,8.07,1.07,0.0
1022600028,bovada,2026,Los Angeles Sparks,Toronto Tempo,2026-05-17T23:00:00+00:00,2,-8.0,-7.5,2026-05-17T14:55:37+00:00,2026-05-17T21:55:37+00:00,8.07,1.07,0.5
1022600028,draftkings,2026,Los Angeles Sparks,Toronto Tempo,2026-05-17T23:00:00+00:00,2,-7.5,-7.5,2026-05-17T14:55:37+00:00,2026-05-17T21:55:37+00:00,8.07,1.07,0.0
1022600028,fanatics,2026,Los Angeles Sparks,Toronto Tempo,2026-05-17T23:00:00+00:00,2,-7.5,-7.5,2026-05-17T14:55:37+00:00,2026-05-17T21:55:37+00:00,8.07,1.07,0.0
1022600028,fanduel,2026,Los Angeles Sparks,Toronto Tempo,2026-05-17T23:00:00+00:00,2,-7.5,-7.5,2026-05-17T14:55:37+00:00,2026-05-17T21:55:37+00:00,8.07,1.07,0.0
1022600028,lowvig,2026,Los Angeles Sparks,Toronto Tempo,2026-05-17T23:00:00+00:00,2,-8.0,-7.5,2026-05-17T14:55:37+00:00,2026-05-17T21:55:37+00:00,8.07,1.07,0.5
1022600028,mybookieag,2026,Los Angeles Sparks,Toronto Tempo,2026-05-17T23:00:00+00:00,2,-8.0,-8.0,2026-05-17T14:55:37+00:00,2026-05-17T21:55:37+00:00,8.07,1.07,0.0
1022600028,williamhill_us,2026,Los Angeles Sparks,Toronto Tempo,2026-05-17T23:00:00+00:00,2,-8.0,-7.5,2026-05-17T14:55:37+00:00,2026-05-17T21:55:37+00:00,8.07,1.07,0.5
1022600029,betmgm,2026,Dallas Wings,Washington Mystics,2026-05-19T00:00:00+00:00,4,-4.5,-4.5,2026-05-17T14:55:37+00:00,2026-05-18T21:55:37+00:00,33.07,2.07,0.0
1022600029,betonlineag,2026,Dallas Wings,Washington Mystics,2026-05-19T00:00:00+00:00,4,-4.5,-4.0,2026-05-17T14:55:37+00:00,2026-05-18T21:55:37+00:00,33.07,2.07,0.5
1022600029,betrivers,2026,Dallas Wings,Washington Mystics,2026-05-19T00:00:00+00:00,4,-4.5,-4.5,2026-05-17T14:55:37+00:00,2026-05-18T21:55:37+00:00,33.07,2.07,0.0
1022600029,betus,2026,Dallas Wings,Washington Mystics,2026-05-19T00:00:00+00:00,3,-4.5,-4.0,2026-05-17T21:55:37+00:00,2026-05-18T21:55:37+00:00,26.07,2.07,0.5
1022600029,bovada,2026,Dallas Wings,Washington Mystics,2026-05-19T00:00:00+00:00,4,-4.5,-4.0,2026-05-17T14:55:37+00:00,2026-05-18T21:55:37+00:00,33.07,2.07,0.5
1022600029,draftkings,2026,Dallas Wings,Washington Mystics,2026-05-19T00:00:00+00:00,4,-4.5,-3.5,2026-05-17T14:55:37+00:00,2026-05-18T21:55:37+00:00,33.07,2.07,1.0
1022600029,fanatics,2026,Dallas Wings,Washington Mystics,2026-05-19T00:00:00+00:00,4,-5.0,-4.0,2026-05-17T14:55:37+00:00,2026-05-18T21:55:37+00:00,33.07,2.07,1.0
1022600029,fanduel,2026,Dallas Wings,Washington Mystics,2026-05-19T00:00:00+00:00,4,-4.5,-4.5,2026-05-17T14:55:37+00:00,2026-05-18T21:55:37+00:00,33.07,2.07,0.0
1022600029,lowvig,2026,Dallas Wings,Washington Mystics,2026-05-19T00:00:00+00:00,4,-4.5,-4.0,2026-05-17T14:55:37+00:00,2026-05-18T21:55:37+00:00,33.07,2.07,0.5
1022600029,mybookieag,2026,Dallas Wings,Washington Mystics,2026-05-19T00:00:00+00:00,2,-4.0,-4.5,2026-05-18T14:55:37+00:00,2026-05-18T21:55:37+00:00,9.07,2.07,0.5
1022600029,williamhill_us,2026,Dallas Wings,Washington Mystics,2026-05-19T00:00:00+00:00,3,-4.5,-4.0,2026-05-17T14:55:37+00:00,2026-05-18T14:55:37+00:00,33.07,9.07,0.5
1022600030,betmgm,2026,Portland Fire,Connecticut Sun,2026-05-19T02:00:00+00:00,4,-3.5,-3.5,2026-05-17T14:55:37+00:00,2026-05-18T21:55:37+00:00,35.07,4.07,0.0
1022600030,betonlineag,2026,Portland Fire,Connecticut Sun,2026-05-19T02:00:00+00:00,4,-3.5,-4.0,2026-05-17T14:55:37+00:00,2026-05-18T21:55:37+00:00,35.07,4.07,0.5
1022600030,betrivers,2026,Portland Fire,Connecticut Sun,2026-05-19T02:00:00+00:00,4,-3.5,-3.5,2026-05-17T14:55:37+00:00,2026-05-18T21:55:37+00:00,35.07,4.07,0.0
1022600030,betus,2026,Portland Fire,Connecticut Sun,2026-05-19T02:00:00+00:00,3,-3.5,-4.0,2026-05-17T21:55:37+00:00,2026-05-18T21:55:37+00:00,28.07,4.07,0.5
1022600030,bovada,2026,Portland Fire,Connecticut Sun,2026-05-19T02:00:00+00:00,4,-3.5,-4.0,2026-05-17T14:55:37+00:00,2026-05-18T21:55:37+00:00,35.07,4.07,0.5
1022600030,draftkings,2026,Portland Fire,Connecticut Sun,2026-05-19T02:00:00+00:00,4,-3.5,-4.5,2026-05-17T14:55:37+00:00,2026-05-18T21:55:37+00:00,35.07,4.07,1.0
1022600030,fanatics,2026,Portland Fire,Connecticut Sun,2026-05-19T02:00:00+00:00,4,-3.5,-4.0,2026-05-17T14:55:37+00:00,2026-05-18T21:55:37+00:00,35.07,4.07,0.5
1022600030,fanduel,2026,Portland Fire,Connecticut Sun,2026-05-19T02:00:00+00:00,4,-3.5,-3.5,2026-05-17T14:55:37+00:00,2026-05-18T21:55:37+00:00,35.07,4.07,0.0
1022600030,lowvig,2026,Portland Fire,Connecticut Sun,2026-05-19T02:00:00+00:00,4,-3.5,-4.0,2026-05-17T14:55:37+00:00,2026-05-18T21:55:37+00:00,35.07,4.07,0.5
1022600030,mybookieag,2026,Portland Fire,Connecticut Sun,2026-05-19T02:00:00+00:00,2,-3.5,-3.5,2026-05-18T14:55:37+00:00,2026-05-18T21:55:37+00:00,11.07,4.07,0.0
1022600030,williamhill_us,2026,Portland Fire,Connecticut Sun,2026-05-19T02:00:00+00:00,3,-3.5,-3.5,2026-05-17T14:55:37+00:00,2026-05-18T14:55:37+00:00,35.07,11.07,0.0
1022600031,betmgm,2026,Phoenix Mercury,Toronto Tempo,2026-05-20T02:00:00+00:00,4,-7.5,-8.5,2026-05-18T14:55:37+00:00,2026-05-19T21:55:37+00:00,35.07,4.07,1.0
1022600031,betonlineag,2026,Phoenix Mercury,Toronto Tempo,2026-05-20T02:00:00+00:00,4,-7.5,-8.5,2026-05-18T14:55:37+00:00,2026-05-19T21:55:37+00:00,35.07,4.07,1.0
1022600031,betrivers,2026,Phoenix Mercury,Toronto Tempo,2026-05-20T02:00:00+00:00,4,-7.5,-7.5,2026-05-18T14:55:37+00:00,2026-05-19T21:55:37+00:00,35.07,4.07,0.0
1022600031,betus,2026,Phoenix Mercury,Toronto Tempo,2026-05-20T02:00:00+00:00,4,-7.5,-8.0,2026-05-18T14:55:37+00:00,2026-05-19T21:55:37+00:00,35.07,4.07,0.5
1022600031,bovada,2026,Phoenix Mercury,Toronto Tempo,2026-05-20T02:00:00+00:00,4,-7.5,-8.0,2026-05-18T14:55:37+00:00,2026-05-19T21:55:37+00:00,35.07,4.07,0.5
1022600031,draftkings,2026,Phoenix Mercury,Toronto Tempo,2026-05-20T02:00:00+00:00,4,-7.5,-8.5,2026-05-18T14:55:37+00:00,2026-05-19T21:55:37+00:00,35.07,4.07,1.0
1022600031,fanatics,2026,Phoenix Mercury,Toronto Tempo,2026-05-20T02:00:00+00:00,3,-7.5,-8.0,2026-05-18T21:55:37+00:00,2026-05-19T21:55:37+00:00,28.07,4.07,0.5
1022600031,fanduel,2026,Phoenix Mercury,Toronto Tempo,2026-05-20T02:00:00+00:00,4,-7.5,-8.5,2026-05-18T14:55:37+00:00,2026-05-19T21:55:37+00:00,35.07,4.07,1.0
1022600031,lowvig,2026,Phoenix Mercury,Toronto Tempo,2026-05-20T02:00:00+00:00,4,-7.5,-8.5,2026-05-18T14:55:37+00:00,2026-05-19T21:55:37+00:00,35.07,4.07,1.0
1022600031,mybookieag,2026,Phoenix Mercury,Toronto Tempo,2026-05-20T02:00:00+00:00,2,-8.5,-8.0,2026-05-19T14:55:37+00:00,2026-05-19T21:55:37+00:00,11.07,4.07,0.5
1022600031,williamhill_us,2026,Phoenix Mercury,Toronto Tempo,2026-05-20T02:00:00+00:00,1,-7.5,-7.5,2026-05-18T14:55:37+00:00,2026-05-18T14:55:37+00:00,35.07,35.07,0.0
1022600032,betmgm,2026,Indiana Fever,Portland Fire,2026-05-20T23:00:00+00:00,4,-13.5,-9.5,2026-05-19T14:55:37+00:00,2026-05-20T21:55:38+00:00,32.07,1.07,4.0
1022600032,betonlineag,2026,Indiana Fever,Portland Fire,2026-05-20T23:00:00+00:00,4,-13.5,-10.0,2026-05-19T14:55:37+00:00,2026-05-20T21:55:38+00:00,32.07,1.07,3.5
1022600032,betrivers,2026,Indiana Fever,Portland Fire,2026-05-20T23:00:00+00:00,4,-13.5,-10.0,2026-05-19T14:55:37+00:00,2026-05-20T21:55:38+00:00,32.07,1.07,3.5
1022600032,betus,2026,Indiana Fever,Portland Fire,2026-05-20T23:00:00+00:00,2,-13.5,-10.0,2026-05-20T14:55:37+00:00,2026-05-20T21:55:38+00:00,8.07,1.07,3.5
1022600032,bovada,2026,Indiana Fever,Portland Fire,2026-05-20T23:00:00+00:00,4,-13.5,-10.5,2026-05-19T14:55:37+00:00,2026-05-20T21:55:38+00:00,32.07,1.07,3.0
1022600032,draftkings,2026,Indiana Fever,Portland Fire,2026-05-20T23:00:00+00:00,4,-13.5,-10.5,2026-05-19T14:55:37+00:00,2026-05-20T21:55:38+00:00,32.07,1.07,3.0
1022600032,fanatics,2026,Indiana Fever,Portland Fire,2026-05-20T23:00:00+00:00,4,-13.5,-10.0,2026-05-19T14:55:37+00:00,2026-05-20T21:55:38+00:00,32.07,1.07,3.5
1022600032,fanduel,2026,Indiana Fever,Portland Fire,2026-05-20T23:00:00+00:00,4,-13.5,-9.5,2026-05-19T14:55:37+00:00,2026-05-20T21:55:38+00:00,32.07,1.07,4.0
1022600032,lowvig,2026,Indiana Fever,Portland Fire,2026-05-20T23:00:00+00:00,4,-13.5,-10.0,2026-05-19T14:55:37+00:00,2026-05-20T21:55:38+00:00,32.07,1.07,3.5
1022600032,mybookieag,2026,Indiana Fever,Portland Fire,2026-05-20T23:00:00+00:00,2,-13.0,-9.5,2026-05-20T14:55:37+00:00,2026-05-20T21:55:38+00:00,8.07,1.07,3.5
1022600032,williamhill_us,2026,Indiana Fever,Portland Fire,2026-05-20T23:00:00+00:00,2,-13.5,-10.0,2026-05-20T14:55:37+00:00,2026-05-20T21:55:38+00:00,8.07,1.07,3.5
1022600033,betmgm,2026,Chicago Sky,Dallas Wings,2026-05-21T01:00:00+00:00,4,1.5,3.5,2026-05-19T14:55:37+00:00,2026-05-20T21:55:38+00:00,34.07,3.07,2.0
1022600033,betonlineag,2026,Chicago Sky,Dallas Wings,2026-05-21T01:00:00+00:00,4,1.5,2.5,2026-05-19T14:55:37+00:00,2026-05-20T21:55:38+00:00,34.07,3.07,1.0
1022600033,betrivers,2026,Chicago Sky,Dallas Wings,2026-05-21T01:00:00+00:00,4,1.5,2.5,2026-05-19T14:55:37+00:00,2026-05-20T21:55:38+00:00,34.07,3.07,1.0
1022600033,betus,2026,Chicago Sky,Dallas Wings,2026-05-21T01:00:00+00:00,2,3.0,3.0,2026-05-20T14:55:37+00:00,2026-05-20T21:55:38+00:00,10.07,3.07,0.0
1022600033,bovada,2026,Chicago Sky,Dallas Wings,2026-05-21T01:00:00+00:00,4,1.5,3.0,2026-05-19T14:55:37+00:00,2026-05-20T21:55:38+00:00,34.07,3.07,1.5
1022600033,draftkings,2026,Chicago Sky,Dallas Wings,2026-05-21T01:00:00+00:00,4,1.5,2.5,2026-05-19T14:55:37+00:00,2026-05-20T21:55:38+00:00,34.07,3.07,1.0
1022600033,fanatics,2026,Chicago Sky,Dallas Wings,2026-05-21T01:00:00+00:00,4,1.5,3.0,2026-05-19T14:55:37+00:00,2026-05-20T21:55:38+00:00,34.07,3.07,1.5
1022600033,fanduel,2026,Chicago Sky,Dallas Wings,2026-05-21T01:00:00+00:00,4,1.5,2.5,2026-05-19T14:55:37+00:00,2026-05-20T21:55:38+00:00,34.07,3.07,1.0
1022600033,lowvig,2026,Chicago Sky,Dallas Wings,2026-05-21T01:00:00+00:00,4,1.5,2.5,2026-05-19T14:55:37+00:00,2026-05-20T21:55:38+00:00,34.07,3.07,1.0
1022600033,mybookieag,2026,Chicago Sky,Dallas Wings,2026-05-21T01:00:00+00:00,2,2.5,3.0,2026-05-20T14:55:37+00:00,2026-05-20T21:55:38+00:00,10.07,3.07,0.5
1022600033,williamhill_us,2026,Chicago Sky,Dallas Wings,2026-05-21T01:00:00+00:00,2,2.5,2.5,2026-05-20T14:55:37+00:00,2026-05-20T21:55:38+00:00,10.07,3.07,0.0
1022600034,betmgm,2026,Seattle Storm,Connecticut Sun,2026-05-21T02:00:00+00:00,4,-3.5,-1.5,2026-05-19T14:55:37+00:00,2026-05-20T21:55:38+00:00,35.07,4.07,2.0
1022600034,betonlineag,2026,Seattle Storm,Connecticut Sun,2026-05-21T02:00:00+00:00,4,-4.5,-1.5,2026-05-19T14:55:37+00:00,2026-05-20T21:55:38+00:00,35.07,4.07,3.0
1022600034,betrivers,2026,Seattle Storm,Connecticut Sun,2026-05-21T02:00:00+00:00,4,-3.5,-1.0,2026-05-19T14:55:37+00:00,2026-05-20T21:55:38+00:00,35.07,4.07,2.5
1022600034,betus,2026,Seattle Storm,Connecticut Sun,2026-05-21T02:00:00+00:00,2,-1.5,-1.5,2026-05-20T14:55:37+00:00,2026-05-20T21:55:38+00:00,11.07,4.07,0.0
1022600034,bovada,2026,Seattle Storm,Connecticut Sun,2026-05-21T02:00:00+00:00,4,-3.5,-1.0,2026-05-19T14:55:37+00:00,2026-05-20T21:55:38+00:00,35.07,4.07,2.5
1022600034,draftkings,2026,Seattle Storm,Connecticut Sun,2026-05-21T02:00:00+00:00,4,-3.5,-1.5,2026-05-19T14:55:37+00:00,2026-05-20T21:55:38+00:00,35.07,4.07,2.0
1022600034,fanatics,2026,Seattle Storm,Connecticut Sun,2026-05-21T02:00:00+00:00,4,-3.5,-1.5,2026-05-19T14:55:37+00:00,2026-05-20T21:55:38+00:00,35.07,4.07,2.0
1022600034,fanduel,2026,Seattle Storm,Connecticut Sun,2026-05-21T02:00:00+00:00,4,-3.5,-1.5,2026-05-19T14:55:37+00:00,2026-05-20T21:55:38+00:00,35.07,4.07,2.0
1022600034,lowvig,2026,Seattle Storm,Connecticut Sun,2026-05-21T02:00:00+00:00,4,-4.5,-1.5,2026-05-19T14:55:37+00:00,2026-05-20T21:55:38+00:00,35.07,4.07,3.0
1022600034,mybookieag,2026,Seattle Storm,Connecticut Sun,2026-05-21T02:00:00+00:00,2,-1.5,-1.5,2026-05-20T14:55:37+00:00,2026-05-20T21:55:38+00:00,11.07,4.07,0.0
1022600034,williamhill_us,2026,Seattle Storm,Connecticut Sun,2026-05-21T02:00:00+00:00,2,-1.5,-1.5,2026-05-20T14:55:37+00:00,2026-05-20T21:55:38+00:00,11.07,4.07,0.0
1022600035,betmgm,2026,New York Liberty,Golden State Valkyries,2026-05-22T00:00:00+00:00,4,-7.5,-7.5,2026-05-20T14:55:37+00:00,2026-05-21T21:55:37+00:00,33.07,2.07,0.0
1022600035,betonlineag,2026,New York Liberty,Golden State Valkyries,2026-05-22T00:00:00+00:00,4,-6.5,-7.5,2026-05-20T14:55:37+00:00,2026-05-21T21:55:37+00:00,33.07,2.07,1.0
1022600035,betrivers,2026,New York Liberty,Golden State Valkyries,2026-05-22T00:00:00+00:00,4,-7.5,-7.5,2026-05-20T14:55:37+00:00,2026-05-21T21:55:37+00:00,33.07,2.07,0.0
1022600035,betus,2026,New York Liberty,Golden State Valkyries,2026-05-22T00:00:00+00:00,3,-7.0,-7.5,2026-05-20T21:55:38+00:00,2026-05-21T21:55:37+00:00,26.07,2.07,0.5
1022600035,bovada,2026,New York Liberty,Golden State Valkyries,2026-05-22T00:00:00+00:00,3,-7.0,-7.5,2026-05-20T21:55:38+00:00,2026-05-21T21:55:37+00:00,26.07,2.07,0.5
1022600035,draftkings,2026,New York Liberty,Golden State Valkyries,2026-05-22T00:00:00+00:00,4,-6.5,-7.5,2026-05-20T14:55:37+00:00,2026-05-21T21:55:37+00:00,33.07,2.07,1.0
1022600035,fanatics,2026,New York Liberty,Golden State Valkyries,2026-05-22T00:00:00+00:00,3,-7.5,-7.5,2026-05-20T21:55:38+00:00,2026-05-21T21:55:37+00:00,26.07,2.07,0.0
1022600035,fanduel,2026,New York Liberty,Golden State Valkyries,2026-05-22T00:00:00+00:00,4,-6.5,-7.5,2026-05-20T14:55:37+00:00,2026-05-21T21:55:37+00:00,33.07,2.07,1.0
1022600035,lowvig,2026,New York Liberty,Golden State Valkyries,2026-05-22T00:00:00+00:00,4,-6.5,-7.5,2026-05-20T14:55:37+00:00,2026-05-21T21:55:37+00:00,33.07,2.07,1.0
1022600035,mybookieag,2026,New York Liberty,Golden State Valkyries,2026-05-22T00:00:00+00:00,2,-7.5,-7.5,2026-05-21T14:55:37+00:00,2026-05-21T21:55:37+00:00,9.07,2.07,0.0
1022600035,williamhill_us,2026,New York Liberty,Golden State Valkyries,2026-05-22T00:00:00+00:00,4,-6.5,-7.5,2026-05-20T14:55:37+00:00,2026-05-21T21:55:37+00:00,33.07,2.07,1.0
1022600036,betmgm,2026,Minnesota Lynx,Toronto Tempo,2026-05-22T00:00:00+00:00,4,-6.5,-6.5,2026-05-20T14:55:37+00:00,2026-05-21T21:55:37+00:00,33.07,2.07,0.0
1022600036,betonlineag,2026,Minnesota Lynx,Toronto Tempo,2026-05-22T00:00:00+00:00,4,-6.5,-6.0,2026-05-20T14:55:37+00:00,2026-05-21T21:55:37+00:00,33.07,2.07,0.5
1022600036,betrivers,2026,Minnesota Lynx,Toronto Tempo,2026-05-22T00:00:00+00:00,4,-6.5,-6.5,2026-05-20T14:55:37+00:00,2026-05-21T21:55:37+00:00,33.07,2.07,0.0
1022600036,betus,2026,Minnesota Lynx,Toronto Tempo,2026-05-22T00:00:00+00:00,3,-6.5,-6.0,2026-05-20T21:55:38+00:00,2026-05-21T21:55:37+00:00,26.07,2.07,0.5
1022600036,bovada,2026,Minnesota Lynx,Toronto Tempo,2026-05-22T00:00:00+00:00,3,-6.5,-6.5,2026-05-20T21:55:38+00:00,2026-05-21T21:55:37+00:00,26.07,2.07,0.0
1022600036,draftkings,2026,Minnesota Lynx,Toronto Tempo,2026-05-22T00:00:00+00:00,4,-6.5,-5.5,2026-05-20T14:55:37+00:00,2026-05-21T21:55:37+00:00,33.07,2.07,1.0
1022600036,fanatics,2026,Minnesota Lynx,Toronto Tempo,2026-05-22T00:00:00+00:00,3,-6.5,-6.0,2026-05-20T21:55:38+00:00,2026-05-21T21:55:37+00:00,26.07,2.07,0.5
1022600036,fanduel,2026,Minnesota Lynx,Toronto Tempo,2026-05-22T00:00:00+00:00,4,-7.5,-6.5,2026-05-20T14:55:37+00:00,2026-05-21T21:55:37+00:00,33.07,2.07,1.0
1022600036,lowvig,2026,Minnesota Lynx,Toronto Tempo,2026-05-22T00:00:00+00:00,4,-6.5,-6.0,2026-05-20T14:55:37+00:00,2026-05-21T21:55:37+00:00,33.07,2.07,0.5
1022600036,mybookieag,2026,Minnesota Lynx,Toronto Tempo,2026-05-22T00:00:00+00:00,2,-6.0,-6.0,2026-05-21T14:55:37+00:00,2026-05-21T21:55:37+00:00,9.07,2.07,0.0
1022600036,williamhill_us,2026,Minnesota Lynx,Toronto Tempo,2026-05-22T00:00:00+00:00,4,-6.5,-6.0,2026-05-20T14:55:37+00:00,2026-05-21T21:55:37+00:00,33.07,2.07,0.5
1022600037,betmgm,2026,Phoenix Mercury,Los Angeles Sparks,2026-05-22T02:00:00+00:00,4,-2.5,-2.5,2026-05-20T14:55:37+00:00,2026-05-21T21:55:37+00:00,35.07,4.07,0.0
1022600037,betonlineag,2026,Phoenix Mercury,Los Angeles Sparks,2026-05-22T02:00:00+00:00,4,-2.5,-3.0,2026-05-20T14:55:37+00:00,2026-05-21T21:55:37+00:00,35.07,4.07,0.5
1022600037,betrivers,2026,Phoenix Mercury,Los Angeles Sparks,2026-05-22T02:00:00+00:00,4,-1.5,-2.5,2026-05-20T14:55:37+00:00,2026-05-21T21:55:37+00:00,35.07,4.07,1.0
1022600037,betus,2026,Phoenix Mercury,Los Angeles Sparks,2026-05-22T02:00:00+00:00,3,-3.0,-2.5,2026-05-20T21:55:38+00:00,2026-05-21T21:55:37+00:00,28.07,4.07,0.5
1022600037,bovada,2026,Phoenix Mercury,Los Angeles Sparks,2026-05-22T02:00:00+00:00,3,-2.5,-3.0,2026-05-20T21:55:38+00:00,2026-05-21T21:55:37+00:00,28.07,4.07,0.5
1022600037,draftkings,2026,Phoenix Mercury,Los Angeles Sparks,2026-05-22T02:00:00+00:00,4,-2.5,-2.5,2026-05-20T14:55:37+00:00,2026-05-21T21:55:37+00:00,35.07,4.07,0.0
1022600037,fanatics,2026,Phoenix Mercury,Los Angeles Sparks,2026-05-22T02:00:00+00:00,3,-2.5,-2.5,2026-05-20T21:55:38+00:00,2026-05-21T21:55:37+00:00,28.07,4.07,0.0
1022600037,fanduel,2026,Phoenix Mercury,Los Angeles Sparks,2026-05-22T02:00:00+00:00,4,-2.5,-2.5,2026-05-20T14:55:37+00:00,2026-05-21T21:55:37+00:00,35.07,4.07,0.0
1022600037,lowvig,2026,Phoenix Mercury,Los Angeles Sparks,2026-05-22T02:00:00+00:00,4,-2.5,-3.0,2026-05-20T14:55:37+00:00,2026-05-21T21:55:37+00:00,35.07,4.07,0.5
1022600037,mybookieag,2026,Phoenix Mercury,Los Angeles Sparks,2026-05-22T02:00:00+00:00,2,-3.0,-2.5,2026-05-21T14:55:37+00:00,2026-05-21T21:55:37+00:00,11.07,4.07,0.5
1022600037,williamhill_us,2026,Phoenix Mercury,Los Angeles Sparks,2026-05-22T02:00:00+00:00,4,-2.5,-2.5,2026-05-20T14:55:37+00:00,2026-05-21T21:55:37+00:00,35.07,4.07,0.0
1022600038,betmgm,2026,Atlanta Dream,Dallas Wings,2026-05-22T23:30:00+00:00,3,-6.5,-5.5,2026-05-21T21:55:37+00:00,2026-05-22T21:55:37+00:00,25.57,1.57,1.0
1022600038,betonlineag,2026,Atlanta Dream,Dallas Wings,2026-05-22T23:30:00+00:00,4,-5.5,-5.5,2026-05-21T14:55:37+00:00,2026-05-22T21:55:37+00:00,32.57,1.57,0.0
1022600038,betrivers,2026,Atlanta Dream,Dallas Wings,2026-05-22T23:30:00+00:00,2,-5.5,-5.5,2026-05-22T14:55:37+00:00,2026-05-22T21:55:37+00:00,8.57,1.57,0.0
1022600038,betus,2026,Atlanta Dream,Dallas Wings,2026-05-22T23:30:00+00:00,3,-6.0,-5.5,2026-05-21T21:55:37+00:00,2026-05-22T21:55:37+00:00,25.57,1.57,0.5
1022600038,bovada,2026,Atlanta Dream,Dallas Wings,2026-05-22T23:30:00+00:00,3,-6.5,-5.5,2026-05-21T21:55:37+00:00,2026-05-22T21:55:37+00:00,25.57,1.57,1.0
1022600038,draftkings,2026,Atlanta Dream,Dallas Wings,2026-05-22T23:30:00+00:00,4,-5.5,-5.5,2026-05-21T14:55:37+00:00,2026-05-22T21:55:37+00:00,32.57,1.57,0.0
1022600038,fanatics,2026,Atlanta Dream,Dallas Wings,2026-05-22T23:30:00+00:00,2,-5.5,-5.5,2026-05-22T14:55:37+00:00,2026-05-22T21:55:37+00:00,8.57,1.57,0.0
1022600038,fanduel,2026,Atlanta Dream,Dallas Wings,2026-05-22T23:30:00+00:00,4,-5.5,-5.5,2026-05-21T14:55:37+00:00,2026-05-22T21:55:37+00:00,32.57,1.57,0.0
1022600038,lowvig,2026,Atlanta Dream,Dallas Wings,2026-05-22T23:30:00+00:00,4,-5.5,-5.5,2026-05-21T14:55:37+00:00,2026-05-22T21:55:37+00:00,32.57,1.57,0.0
1022600038,mybookieag,2026,Atlanta Dream,Dallas Wings,2026-05-22T23:30:00+00:00,2,-5.5,-5.5,2026-05-22T14:55:37+00:00,2026-05-22T21:55:37+00:00,8.57,1.57,0.0
1022600038,williamhill_us,2026,Atlanta Dream,Dallas Wings,2026-05-22T23:30:00+00:00,4,-5.5,-5.5,2026-05-21T14:55:37+00:00,2026-05-22T21:55:37+00:00,32.57,1.57,0.0
1022600039,betmgm,2026,Indiana Fever,Golden State Valkyries,2026-05-22T23:30:00+00:00,3,-7.5,-5.5,2026-05-21T21:55:37+00:00,2026-05-22T21:55:37+00:00,25.57,1.57,2.0
1022600039,betonlineag,2026,Indiana Fever,Golden State Valkyries,2026-05-22T23:30:00+00:00,4,-7.5,-5.0,2026-05-21T14:55:37+00:00,2026-05-22T21:55:37+00:00,32.57,1.57,2.5
1022600039,betrivers,2026,Indiana Fever,Golden State Valkyries,2026-05-22T23:30:00+00:00,2,-6.0,-5.0,2026-05-22T14:55:37+00:00,2026-05-22T21:55:37+00:00,8.57,1.57,1.0
1022600039,betus,2026,Indiana Fever,Golden State Valkyries,2026-05-22T23:30:00+00:00,3,-7.0,-5.0,2026-05-21T21:55:37+00:00,2026-05-22T21:55:37+00:00,25.57,1.57,2.0
1022600039,bovada,2026,Indiana Fever,Golden State Valkyries,2026-05-22T23:30:00+00:00,3,-7.5,-5.0,2026-05-21T21:55:37+00:00,2026-05-22T21:55:37+00:00,25.57,1.57,2.5
1022600039,draftkings,2026,Indiana Fever,Golden State Valkyries,2026-05-22T23:30:00+00:00,4,-7.5,-5.5,2026-05-21T14:55:37+00:00,2026-05-22T21:55:37+00:00,32.57,1.57,2.0
1022600039,fanatics,2026,Indiana Fever,Golden State Valkyries,2026-05-22T23:30:00+00:00,2,-6.5,-5.5,2026-05-22T14:55:37+00:00,2026-05-22T21:55:37+00:00,8.57,1.57,1.0
1022600039,fanduel,2026,Indiana Fever,Golden State Valkyries,2026-05-22T23:30:00+00:00,4,-7.5,-5.5,2026-05-21T14:55:37+00:00,2026-05-22T21:55:37+00:00,32.57,1.57,2.0
1022600039,lowvig,2026,Indiana Fever,Golden State Valkyries,2026-05-22T23:30:00+00:00,4,-7.5,-5.0,2026-05-21T14:55:37+00:00,2026-05-22T21:55:37+00:00,32.57,1.57,2.5
1022600039,mybookieag,2026,Indiana Fever,Golden State Valkyries,2026-05-22T23:30:00+00:00,2,-5.5,-5.0,2026-05-22T14:55:37+00:00,2026-05-22T21:55:37+00:00,8.57,1.57,0.5
1022600039,williamhill_us,2026,Indiana Fever,Golden State Valkyries,2026-05-22T23:30:00+00:00,4,-7.5,-5.0,2026-05-21T14:55:37+00:00,2026-05-22T21:55:37+00:00,32.57,1.57,2.5
1022600040,betmgm,2026,Seattle Storm,Connecticut Sun,2026-05-23T02:00:00+00:00,3,-2.5,-1.5,2026-05-21T21:55:37+00:00,2026-05-22T21:55:37+00:00,28.07,4.07,1.0
1022600040,betonlineag,2026,Seattle Storm,Connecticut Sun,2026-05-23T02:00:00+00:00,4,-2.5,-1.5,2026-05-21T14:55:37+00:00,2026-05-22T21:55:37+00:00,35.07,4.07,1.0
1022600040,betrivers,2026,Seattle Storm,Connecticut Sun,2026-05-23T02:00:00+00:00,2,-1.5,-1.5,2026-05-22T14:55:37+00:00,2026-05-22T21:55:37+00:00,11.07,4.07,0.0
1022600040,betus,2026,Seattle Storm,Connecticut Sun,2026-05-23T02:00:00+00:00,3,-2.5,-1.5,2026-05-21T21:55:37+00:00,2026-05-22T21:55:37+00:00,28.07,4.07,1.0
1022600040,bovada,2026,Seattle Storm,Connecticut Sun,2026-05-23T02:00:00+00:00,3,-3.5,-1.0,2026-05-21T21:55:37+00:00,2026-05-22T21:55:37+00:00,28.07,4.07,2.5
1022600040,draftkings,2026,Seattle Storm,Connecticut Sun,2026-05-23T02:00:00+00:00,4,-2.5,-1.5,2026-05-21T14:55:37+00:00,2026-05-22T21:55:37+00:00,35.07,4.07,1.0
1022600040,fanatics,2026,Seattle Storm,Connecticut Sun,2026-05-23T02:00:00+00:00,2,-1.5,-1.5,2026-05-22T14:55:37+00:00,2026-05-22T21:55:37+00:00,11.07,4.07,0.0
1022600040,fanduel,2026,Seattle Storm,Connecticut Sun,2026-05-23T02:00:00+00:00,4,-2.5,-1.5,2026-05-21T14:55:37+00:00,2026-05-22T21:55:37+00:00,35.07,4.07,1.0
1022600040,lowvig,2026,Seattle Storm,Connecticut Sun,2026-05-23T02:00:00+00:00,4,-2.5,-1.5,2026-05-21T14:55:37+00:00,2026-05-22T21:55:37+00:00,35.07,4.07,1.0
1022600040,mybookieag,2026,Seattle Storm,Connecticut Sun,2026-05-23T02:00:00+00:00,2,-1.5,-1.0,2026-05-22T14:55:37+00:00,2026-05-22T21:55:37+00:00,11.07,4.07,0.5
1022600040,williamhill_us,2026,Seattle Storm,Connecticut Sun,2026-05-23T02:00:00+00:00,4,-2.5,-1.5,2026-05-21T14:55:37+00:00,2026-05-22T21:55:37+00:00,35.07,4.07,1.0
1022600041,betmgm,2026,Chicago Sky,Minnesota Lynx,2026-05-23T17:00:00+00:00,2,2.5,2.5,2026-05-22T21:55:37+00:00,2026-05-23T14:55:37+00:00,19.07,2.07,0.0
1022600041,betonlineag,2026,Chicago Sky,Minnesota Lynx,2026-05-23T17:00:00+00:00,3,2.0,2.0,2026-05-22T14:55:37+00:00,2026-05-23T14:55:37+00:00,26.07,2.07,0.0
1022600041,betrivers,2026,Chicago Sky,Minnesota Lynx,2026-05-23T17:00:00+00:00,2,2.5,2.5,2026-05-22T21:55:37+00:00,2026-05-23T14:55:37+00:00,19.07,2.07,0.0
1022600041,betus,2026,Chicago Sky,Minnesota Lynx,2026-05-23T17:00:00+00:00,2,2.0,2.0,2026-05-22T21:55:37+00:00,2026-05-23T14:55:37+00:00,19.07,2.07,0.0
1022600041,bovada,2026,Chicago Sky,Minnesota Lynx,2026-05-23T17:00:00+00:00,2,2.5,2.0,2026-05-22T21:55:37+00:00,2026-05-23T14:55:37+00:00,19.07,2.07,0.5
1022600041,draftkings,2026,Chicago Sky,Minnesota Lynx,2026-05-23T17:00:00+00:00,3,1.5,1.5,2026-05-22T14:55:37+00:00,2026-05-23T14:55:37+00:00,26.07,2.07,0.0
1022600041,fanatics,2026,Chicago Sky,Minnesota Lynx,2026-05-23T17:00:00+00:00,2,2.5,2.5,2026-05-22T21:55:37+00:00,2026-05-23T14:55:37+00:00,19.07,2.07,0.0
1022600041,fanduel,2026,Chicago Sky,Minnesota Lynx,2026-05-23T17:00:00+00:00,3,2.5,2.5,2026-05-22T14:55:37+00:00,2026-05-23T14:55:37+00:00,26.07,2.07,0.0
1022600041,lowvig,2026,Chicago Sky,Minnesota Lynx,2026-05-23T17:00:00+00:00,3,2.0,2.0,2026-05-22T14:55:37+00:00,2026-05-23T14:55:37+00:00,26.07,2.07,0.0
1022600041,mybookieag,2026,Chicago Sky,Minnesota Lynx,2026-05-23T17:00:00+00:00,2,2.5,2.0,2026-05-22T21:55:37+00:00,2026-05-23T14:55:37+00:00,19.07,2.07,0.5
1022600041,williamhill_us,2026,Chicago Sky,Minnesota Lynx,2026-05-23T17:00:00+00:00,3,2.0,2.0,2026-05-22T14:55:37+00:00,2026-05-23T14:55:37+00:00,26.07,2.07,0.0
1022600042,betmgm,2026,Toronto Tempo,Portland Fire,2026-05-23T22:00:00+00:00,3,-5.5,-4.5,2026-05-22T21:55:37+00:00,2026-05-23T21:55:37+00:00,24.07,0.07,1.0
1022600042,betonlineag,2026,Toronto Tempo,Portland Fire,2026-05-23T22:00:00+00:00,4,-5.0,-5.0,2026-05-22T14:55:37+00:00,2026-05-23T21:55:37+00:00,31.07,0.07,0.0
1022600042,betrivers,2026,Toronto Tempo,Portland Fire,2026-05-23T22:00:00+00:00,3,-5.5,-5.0,2026-05-22T21:55:37+00:00,2026-05-23T21:55:37+00:00,24.07,0.07,0.5
1022600042,betus,2026,Toronto Tempo,Portland Fire,2026-05-23T22:00:00+00:00,3,-5.5,-5.5,2026-05-22T21:55:37+00:00,2026-05-23T21:55:37+00:00,24.07,0.07,0.0
1022600042,bovada,2026,Toronto Tempo,Portland Fire,2026-05-23T22:00:00+00:00,3,-5.5,-5.0,2026-05-22T21:55:37+00:00,2026-05-23T21:55:37+00:00,24.07,0.07,0.5
1022600042,draftkings,2026,Toronto Tempo,Portland Fire,2026-05-23T22:00:00+00:00,4,-5.5,-4.5,2026-05-22T14:55:37+00:00,2026-05-23T21:55:37+00:00,31.07,0.07,1.0
1022600042,fanatics,2026,Toronto Tempo,Portland Fire,2026-05-23T22:00:00+00:00,3,-5.5,-4.5,2026-05-22T21:55:37+00:00,2026-05-23T21:55:37+00:00,24.07,0.07,1.0
1022600042,fanduel,2026,Toronto Tempo,Portland Fire,2026-05-23T22:00:00+00:00,4,-5.5,-5.5,2026-05-22T14:55:37+00:00,2026-05-23T21:55:37+00:00,31.07,0.07,0.0
1022600042,lowvig,2026,Toronto Tempo,Portland Fire,2026-05-23T22:00:00+00:00,4,-5.0,-5.0,2026-05-22T14:55:37+00:00,2026-05-23T21:55:37+00:00,31.07,0.07,0.0
1022600042,mybookieag,2026,Toronto Tempo,Portland Fire,2026-05-23T22:00:00+00:00,2,-5.0,-5.0,2026-05-23T14:55:37+00:00,2026-05-23T21:55:37+00:00,7.07,0.07,0.0
1022600042,williamhill_us,2026,Toronto Tempo,Portland Fire,2026-05-23T22:00:00+00:00,4,-5.0,-5.0,2026-05-22T14:55:37+00:00,2026-05-23T21:55:37+00:00,31.07,0.07,0.0
1022600043,betmgm,2026,Las Vegas Aces,Los Angeles Sparks,2026-05-24T00:00:00+00:00,3,-8.5,-7.5,2026-05-22T21:55:37+00:00,2026-05-23T21:55:37+00:00,26.07,2.07,1.0
1022600043,betonlineag,2026,Las Vegas Aces,Los Angeles Sparks,2026-05-24T00:00:00+00:00,3,-9.0,-7.5,2026-05-22T21:55:37+00:00,2026-05-23T21:55:37+00:00,26.07,2.07,1.5
1022600043,betrivers,2026,Las Vegas Aces,Los Angeles Sparks,2026-05-24T00:00:00+00:00,3,-8.5,-8.0,2026-05-22T21:55:37+00:00,2026-05-23T21:55:37+00:00,26.07,2.07,0.5
1022600043,betus,2026,Las Vegas Aces,Los Angeles Sparks,2026-05-24T00:00:00+00:00,3,-9.0,-7.5,2026-05-22T21:55:37+00:00,2026-05-23T21:55:37+00:00,26.07,2.07,1.5
1022600043,bovada,2026,Las Vegas Aces,Los Angeles Sparks,2026-05-24T00:00:00+00:00,3,-8.5,-8.0,2026-05-22T21:55:37+00:00,2026-05-23T21:55:37+00:00,26.07,2.07,0.5
1022600043,draftkings,2026,Las Vegas Aces,Los Angeles Sparks,2026-05-24T00:00:00+00:00,3,-8.5,-7.5,2026-05-22T21:55:37+00:00,2026-05-23T21:55:37+00:00,26.07,2.07,1.0
1022600043,fanatics,2026,Las Vegas Aces,Los Angeles Sparks,2026-05-24T00:00:00+00:00,3,-8.5,-8.0,2026-05-22T21:55:37+00:00,2026-05-23T21:55:37+00:00,26.07,2.07,0.5
1022600043,fanduel,2026,Las Vegas Aces,Los Angeles Sparks,2026-05-24T00:00:00+00:00,3,-8.5,-8.5,2026-05-22T21:55:37+00:00,2026-05-23T21:55:37+00:00,26.07,2.07,0.0
1022600043,lowvig,2026,Las Vegas Aces,Los Angeles Sparks,2026-05-24T00:00:00+00:00,3,-9.0,-7.5,2026-05-22T21:55:37+00:00,2026-05-23T21:55:37+00:00,26.07,2.07,1.5
1022600043,mybookieag,2026,Las Vegas Aces,Los Angeles Sparks,2026-05-24T00:00:00+00:00,2,-8.0,-8.0,2026-05-23T14:55:37+00:00,2026-05-23T21:55:37+00:00,9.07,2.07,0.0
1022600043,williamhill_us,2026,Las Vegas Aces,Los Angeles Sparks,2026-05-24T00:00:00+00:00,3,-8.5,-7.5,2026-05-22T21:55:37+00:00,2026-05-23T21:55:37+00:00,26.07,2.07,1.0
1022600044,betmgm,2026,Atlanta Dream,Phoenix Mercury,2026-05-24T19:00:00+00:00,2,-5.5,-5.5,2026-05-23T21:55:37+00:00,2026-05-24T14:55:37+00:00,21.07,4.07,0.0
1022600044,betonlineag,2026,Atlanta Dream,Phoenix Mercury,2026-05-24T19:00:00+00:00,3,-5.0,-5.0,2026-05-23T14:55:37+00:00,2026-05-24T14:55:37+00:00,28.07,4.07,0.0
1022600044,betrivers,2026,Atlanta Dream,Phoenix Mercury,2026-05-24T19:00:00+00:00,3,-5.5,-5.5,2026-05-23T14:55:37+00:00,2026-05-24T14:55:37+00:00,28.07,4.07,0.0
1022600044,betus,2026,Atlanta Dream,Phoenix Mercury,2026-05-24T19:00:00+00:00,1,-5.5,-5.5,2026-05-24T14:55:37+00:00,2026-05-24T14:55:37+00:00,4.07,4.07,0.0
1022600044,bovada,2026,Atlanta Dream,Phoenix Mercury,2026-05-24T19:00:00+00:00,2,-5.5,-6.0,2026-05-23T21:55:37+00:00,2026-05-24T14:55:37+00:00,21.07,4.07,0.5
1022600044,draftkings,2026,Atlanta Dream,Phoenix Mercury,2026-05-24T19:00:00+00:00,3,-5.5,-5.5,2026-05-23T14:55:37+00:00,2026-05-24T14:55:37+00:00,28.07,4.07,0.0
1022600044,fanatics,2026,Atlanta Dream,Phoenix Mercury,2026-05-24T19:00:00+00:00,3,-5.5,-5.5,2026-05-23T14:55:37+00:00,2026-05-24T14:55:37+00:00,28.07,4.07,0.0
1022600044,fanduel,2026,Atlanta Dream,Phoenix Mercury,2026-05-24T19:00:00+00:00,3,-5.5,-5.5,2026-05-23T14:55:37+00:00,2026-05-24T14:55:37+00:00,28.07,4.07,0.0
1022600044,lowvig,2026,Atlanta Dream,Phoenix Mercury,2026-05-24T19:00:00+00:00,3,-5.0,-5.0,2026-05-23T14:55:37+00:00,2026-05-24T14:55:37+00:00,28.07,4.07,0.0
1022600044,mybookieag,2026,Atlanta Dream,Phoenix Mercury,2026-05-24T19:00:00+00:00,3,-5.5,-5.5,2026-05-23T14:55:37+00:00,2026-05-24T14:55:37+00:00,28.07,4.07,0.0
1022600044,williamhill_us,2026,Atlanta Dream,Phoenix Mercury,2026-05-24T19:00:00+00:00,3,-5.0,-5.5,2026-05-23T14:55:37+00:00,2026-05-24T14:55:37+00:00,28.07,4.07,0.5
1022600045,betmgm,2026,New York Liberty,Dallas Wings,2026-05-24T19:30:00+00:00,2,-7.5,-7.5,2026-05-23T21:55:37+00:00,2026-05-24T14:55:37+00:00,21.57,4.57,0.0
1022600045,betonlineag,2026,New York Liberty,Dallas Wings,2026-05-24T19:30:00+00:00,3,-7.5,-7.5,2026-05-23T14:55:37+00:00,2026-05-24T14:55:37+00:00,28.57,4.57,0.0
1022600045,betrivers,2026,New York Liberty,Dallas Wings,2026-05-24T19:30:00+00:00,3,-7.5,-7.0,2026-05-23T14:55:37+00:00,2026-05-24T14:55:37+00:00,28.57,4.57,0.5
1022600045,betus,2026,New York Liberty,Dallas Wings,2026-05-24T19:30:00+00:00,1,-7.5,-7.5,2026-05-24T14:55:37+00:00,2026-05-24T14:55:37+00:00,4.57,4.57,0.0
1022600045,bovada,2026,New York Liberty,Dallas Wings,2026-05-24T19:30:00+00:00,2,-7.5,-7.0,2026-05-23T21:55:37+00:00,2026-05-24T14:55:37+00:00,21.57,4.57,0.5
1022600045,draftkings,2026,New York Liberty,Dallas Wings,2026-05-24T19:30:00+00:00,3,-7.5,-7.5,2026-05-23T14:55:37+00:00,2026-05-24T14:55:37+00:00,28.57,4.57,0.0
1022600045,fanatics,2026,New York Liberty,Dallas Wings,2026-05-24T19:30:00+00:00,3,-7.5,-7.5,2026-05-23T14:55:37+00:00,2026-05-24T14:55:37+00:00,28.57,4.57,0.0
1022600045,fanduel,2026,New York Liberty,Dallas Wings,2026-05-24T19:30:00+00:00,3,-7.5,-7.5,2026-05-23T14:55:37+00:00,2026-05-24T14:55:37+00:00,28.57,4.57,0.0
1022600045,lowvig,2026,New York Liberty,Dallas Wings,2026-05-24T19:30:00+00:00,3,-7.5,-7.5,2026-05-23T14:55:37+00:00,2026-05-24T14:55:37+00:00,28.57,4.57,0.0
1022600045,mybookieag,2026,New York Liberty,Dallas Wings,2026-05-24T19:30:00+00:00,3,-7.5,-7.0,2026-05-23T14:55:37+00:00,2026-05-24T14:55:37+00:00,28.57,4.57,0.5
1022600045,williamhill_us,2026,New York Liberty,Dallas Wings,2026-05-24T19:30:00+00:00,3,-7.5,-7.5,2026-05-23T14:55:37+00:00,2026-05-24T14:55:37+00:00,28.57,4.57,0.0
1022600046,betmgm,2026,Seattle Storm,Washington Mystics,2026-05-24T22:00:00+00:00,3,2.5,5.5,2026-05-23T21:55:37+00:00,2026-05-24T21:55:37+00:00,24.07,0.07,3.0
1022600046,betonlineag,2026,Seattle Storm,Washington Mystics,2026-05-24T22:00:00+00:00,4,3.0,5.0,2026-05-23T14:55:37+00:00,2026-05-24T21:55:37+00:00,31.07,0.07,2.0
1022600046,betrivers,2026,Seattle Storm,Washington Mystics,2026-05-24T22:00:00+00:00,4,2.5,4.5,2026-05-23T14:55:37+00:00,2026-05-24T21:55:37+00:00,31.07,0.07,2.0
1022600046,betus,2026,Seattle Storm,Washington Mystics,2026-05-24T22:00:00+00:00,2,4.5,5.0,2026-05-24T14:55:37+00:00,2026-05-24T21:55:37+00:00,7.07,0.07,0.5
1022600046,bovada,2026,Seattle Storm,Washington Mystics,2026-05-24T22:00:00+00:00,3,2.5,5.0,2026-05-23T21:55:37+00:00,2026-05-24T21:55:37+00:00,24.07,0.07,2.5
1022600046,draftkings,2026,Seattle Storm,Washington Mystics,2026-05-24T22:00:00+00:00,4,2.5,4.5,2026-05-23T14:55:37+00:00,2026-05-24T21:55:37+00:00,31.07,0.07,2.0
1022600046,fanatics,2026,Seattle Storm,Washington Mystics,2026-05-24T22:00:00+00:00,4,3.0,5.0,2026-05-23T14:55:37+00:00,2026-05-24T21:55:37+00:00,31.07,0.07,2.0
1022600046,fanduel,2026,Seattle Storm,Washington Mystics,2026-05-24T22:00:00+00:00,4,3.0,4.5,2026-05-23T14:55:37+00:00,2026-05-24T21:55:37+00:00,31.07,0.07,1.5
1022600046,lowvig,2026,Seattle Storm,Washington Mystics,2026-05-24T22:00:00+00:00,4,3.0,5.0,2026-05-23T14:55:37+00:00,2026-05-24T21:55:37+00:00,31.07,0.07,2.0
1022600046,mybookieag,2026,Seattle Storm,Washington Mystics,2026-05-24T22:00:00+00:00,4,2.5,4.5,2026-05-23T14:55:37+00:00,2026-05-24T21:55:37+00:00,31.07,0.07,2.0
1022600046,williamhill_us,2026,Seattle Storm,Washington Mystics,2026-05-24T22:00:00+00:00,4,3.0,4.5,2026-05-23T14:55:37+00:00,2026-05-24T21:55:37+00:00,31.07,0.07,1.5
1022600047,betmgm,2026,New York Liberty,Portland Fire,2026-05-26T00:10:00+00:00,2,-12.5,-11.5,2026-05-25T14:55:37+00:00,2026-05-25T21:55:37+00:00,9.24,2.24,1.0
1022600047,betonlineag,2026,New York Liberty,Portland Fire,2026-05-26T00:10:00+00:00,3,-12.5,-11.0,2026-05-24T21:55:37+00:00,2026-05-25T21:55:37+00:00,26.24,2.24,1.5
1022600047,betrivers,2026,New York Liberty,Portland Fire,2026-05-26T00:10:00+00:00,2,-12.5,-11.5,2026-05-25T14:55:37+00:00,2026-05-25T21:55:37+00:00,9.24,2.24,1.0
1022600047,betus,2026,New York Liberty,Portland Fire,2026-05-26T00:10:00+00:00,3,-12.5,-11.0,2026-05-24T21:55:37+00:00,2026-05-25T21:55:37+00:00,26.24,2.24,1.5
1022600047,bovada,2026,New York Liberty,Portland Fire,2026-05-26T00:10:00+00:00,3,-12.5,-11.5,2026-05-24T21:55:37+00:00,2026-05-25T21:55:37+00:00,26.24,2.24,1.0
1022600047,draftkings,2026,New York Liberty,Portland Fire,2026-05-26T00:10:00+00:00,3,-12.5,-11.5,2026-05-24T21:55:37+00:00,2026-05-25T21:55:37+00:00,26.24,2.24,1.0
1022600047,fanatics,2026,New York Liberty,Portland Fire,2026-05-26T00:10:00+00:00,2,-12.5,-11.5,2026-05-25T14:55:37+00:00,2026-05-25T21:55:37+00:00,9.24,2.24,1.0
1022600047,fanduel,2026,New York Liberty,Portland Fire,2026-05-26T00:10:00+00:00,2,-12.5,-11.5,2026-05-25T14:55:37+00:00,2026-05-25T21:55:37+00:00,9.24,2.24,1.0
1022600047,lowvig,2026,New York Liberty,Portland Fire,2026-05-26T00:10:00+00:00,3,-12.5,-11.0,2026-05-24T21:55:37+00:00,2026-05-25T21:55:37+00:00,26.24,2.24,1.5
1022600047,mybookieag,2026,New York Liberty,Portland Fire,2026-05-26T00:10:00+00:00,3,-12.5,-11.5,2026-05-24T21:55:37+00:00,2026-05-25T21:55:37+00:00,26.24,2.24,1.0
1022600047,williamhill_us,2026,New York Liberty,Portland Fire,2026-05-26T00:10:00+00:00,3,-12.5,-11.0,2026-05-24T21:55:37+00:00,2026-05-25T21:55:37+00:00,26.24,2.24,1.5
1022600048,betmgm,2026,Golden State Valkyries,Connecticut Sun,2026-05-26T02:10:00+00:00,3,-12.5,-13.5,2026-05-24T21:55:37+00:00,2026-05-25T21:55:37+00:00,28.24,4.24,1.0
1022600048,betonlineag,2026,Golden State Valkyries,Connecticut Sun,2026-05-26T02:10:00+00:00,4,-11.5,-13.5,2026-05-24T14:55:37+00:00,2026-05-25T21:55:37+00:00,35.24,4.24,2.0
1022600048,betrivers,2026,Golden State Valkyries,Connecticut Sun,2026-05-26T02:10:00+00:00,4,-12.5,-13.0,2026-05-24T14:55:37+00:00,2026-05-25T21:55:37+00:00,35.24,4.24,0.5
1022600048,betus,2026,Golden State Valkyries,Connecticut Sun,2026-05-26T02:10:00+00:00,3,-13.0,-13.5,2026-05-24T21:55:37+00:00,2026-05-25T21:55:37+00:00,28.24,4.24,0.5
1022600048,bovada,2026,Golden State Valkyries,Connecticut Sun,2026-05-26T02:10:00+00:00,3,-12.5,-13.5,2026-05-24T21:55:37+00:00,2026-05-25T21:55:37+00:00,28.24,4.24,1.0
1022600048,draftkings,2026,Golden State Valkyries,Connecticut Sun,2026-05-26T02:10:00+00:00,4,-11.5,-13.5,2026-05-24T14:55:37+00:00,2026-05-25T21:55:37+00:00,35.24,4.24,2.0
1022600048,fanatics,2026,Golden State Valkyries,Connecticut Sun,2026-05-26T02:10:00+00:00,3,-12.5,-13.5,2026-05-24T21:55:37+00:00,2026-05-25T21:55:37+00:00,28.24,4.24,1.0
1022600048,fanduel,2026,Golden State Valkyries,Connecticut Sun,2026-05-26T02:10:00+00:00,4,-12.5,-13.5,2026-05-24T14:55:37+00:00,2026-05-25T21:55:37+00:00,35.24,4.24,1.0
1022600048,lowvig,2026,Golden State Valkyries,Connecticut Sun,2026-05-26T02:10:00+00:00,4,-11.5,-13.5,2026-05-24T14:55:37+00:00,2026-05-25T21:55:37+00:00,35.24,4.24,2.0
1022600048,mybookieag,2026,Golden State Valkyries,Connecticut Sun,2026-05-26T02:10:00+00:00,4,-11.5,-13.5,2026-05-24T14:55:37+00:00,2026-05-25T21:55:37+00:00,35.24,4.24,2.0
1022600048,williamhill_us,2026,Golden State Valkyries,Connecticut Sun,2026-05-26T02:10:00+00:00,4,-11.5,-13.5,2026-05-24T14:55:37+00:00,2026-05-25T21:55:37+00:00,35.24,4.24,2.0
1022600049,betmgm,2026,New York Liberty,Phoenix Mercury,2026-05-27T23:00:00+00:00,2,-5.5,-4.5,2026-05-27T14:55:37+00:00,2026-05-27T21:55:37+00:00,8.07,1.07,1.0
1022600049,betonlineag,2026,New York Liberty,Phoenix Mercury,2026-05-27T23:00:00+00:00,2,-5.0,-4.5,2026-05-27T14:55:37+00:00,2026-05-27T21:55:37+00:00,8.07,1.07,0.5
1022600049,betrivers,2026,New York Liberty,Phoenix Mercury,2026-05-27T23:00:00+00:00,2,-5.0,-4.5,2026-05-27T14:55:37+00:00,2026-05-27T21:55:37+00:00,8.07,1.07,0.5
1022600049,betus,2026,New York Liberty,Phoenix Mercury,2026-05-27T23:00:00+00:00,2,-5.0,-4.5,2026-05-27T14:55:37+00:00,2026-05-27T21:55:37+00:00,8.07,1.07,0.5
1022600049,bovada,2026,New York Liberty,Phoenix Mercury,2026-05-27T23:00:00+00:00,2,-5.0,-4.5,2026-05-27T14:55:37+00:00,2026-05-27T21:55:37+00:00,8.07,1.07,0.5
1022600049,draftkings,2026,New York Liberty,Phoenix Mercury,2026-05-27T23:00:00+00:00,2,-5.5,-4.5,2026-05-27T14:55:37+00:00,2026-05-27T21:55:37+00:00,8.07,1.07,1.0
1022600049,fanatics,2026,New York Liberty,Phoenix Mercury,2026-05-27T23:00:00+00:00,2,-5.0,-4.5,2026-05-27T14:55:37+00:00,2026-05-27T21:55:37+00:00,8.07,1.07,0.5
1022600049,fanduel,2026,New York Liberty,Phoenix Mercury,2026-05-27T23:00:00+00:00,2,-5.5,-4.5,2026-05-27T14:55:37+00:00,2026-05-27T21:55:37+00:00,8.07,1.07,1.0
1022600049,lowvig,2026,New York Liberty,Phoenix Mercury,2026-05-27T23:00:00+00:00,2,-5.0,-4.5,2026-05-27T14:55:37+00:00,2026-05-27T21:55:37+00:00,8.07,1.07,0.5
1022600049,mybookieag,2026,New York Liberty,Phoenix Mercury,2026-05-27T23:00:00+00:00,2,-4.5,-4.5,2026-05-27T14:55:37+00:00,2026-05-27T21:55:37+00:00,8.07,1.07,0.0
1022600049,williamhill_us,2026,New York Liberty,Phoenix Mercury,2026-05-27T23:00:00+00:00,2,-5.0,-4.5,2026-05-27T14:55:37+00:00,2026-05-27T21:55:37+00:00,8.07,1.07,0.5
1022600050,betmgm,2026,Chicago Sky,Toronto Tempo,2026-05-28T00:00:00+00:00,3,-4.5,-4.5,2026-05-25T21:55:37+00:00,2026-05-27T21:55:37+00:00,50.07,2.07,0.0
1022600050,betonlineag,2026,Chicago Sky,Toronto Tempo,2026-05-28T00:00:00+00:00,4,-4.5,-5.0,2026-05-25T14:55:37+00:00,2026-05-27T21:55:37+00:00,57.07,2.07,0.5
1022600050,betrivers,2026,Chicago Sky,Toronto Tempo,2026-05-28T00:00:00+00:00,4,-3.5,-5.0,2026-05-25T14:55:37+00:00,2026-05-27T21:55:37+00:00,57.07,2.07,1.5
1022600050,betus,2026,Chicago Sky,Toronto Tempo,2026-05-28T00:00:00+00:00,2,-5.5,-5.0,2026-05-27T14:55:37+00:00,2026-05-27T21:55:37+00:00,9.07,2.07,0.5
1022600050,bovada,2026,Chicago Sky,Toronto Tempo,2026-05-28T00:00:00+00:00,2,-5.5,-4.0,2026-05-27T14:55:37+00:00,2026-05-27T21:55:37+00:00,9.07,2.07,1.5
1022600050,draftkings,2026,Chicago Sky,Toronto Tempo,2026-05-28T00:00:00+00:00,4,-4.5,-4.5,2026-05-25T14:55:37+00:00,2026-05-27T21:55:37+00:00,57.07,2.07,0.0
1022600050,fanatics,2026,Chicago Sky,Toronto Tempo,2026-05-28T00:00:00+00:00,3,-4.5,-4.5,2026-05-25T21:55:37+00:00,2026-05-27T21:55:37+00:00,50.07,2.07,0.0
1022600050,fanduel,2026,Chicago Sky,Toronto Tempo,2026-05-28T00:00:00+00:00,4,-3.5,-4.5,2026-05-25T14:55:37+00:00,2026-05-27T21:55:37+00:00,57.07,2.07,1.0
1022600050,lowvig,2026,Chicago Sky,Toronto Tempo,2026-05-28T00:00:00+00:00,4,-4.5,-5.0,2026-05-25T14:55:37+00:00,2026-05-27T21:55:37+00:00,57.07,2.07,0.5
1022600050,mybookieag,2026,Chicago Sky,Toronto Tempo,2026-05-28T00:00:00+00:00,2,-5.0,-4.5,2026-05-27T14:55:37+00:00,2026-05-27T21:55:37+00:00,9.07,2.07,0.5
1022600050,williamhill_us,2026,Chicago Sky,Toronto Tempo,2026-05-28T00:00:00+00:00,4,-4.5,-5.0,2026-05-25T14:55:37+00:00,2026-05-27T21:55:37+00:00,57.07,2.07,0.5
1022600051,betmgm,2026,Minnesota Lynx,Atlanta Dream,2026-05-28T01:00:00+00:00,3,1.5,2.5,2026-05-25T21:55:37+00:00,2026-05-27T21:55:37+00:00,51.07,3.07,1.0
1022600051,betonlineag,2026,Minnesota Lynx,Atlanta Dream,2026-05-28T01:00:00+00:00,4,1.0,3.0,2026-05-25T14:55:37+00:00,2026-05-27T21:55:37+00:00,58.07,3.07,2.0
1022600051,betrivers,2026,Minnesota Lynx,Atlanta Dream,2026-05-28T01:00:00+00:00,4,1.5,2.5,2026-05-25T14:55:37+00:00,2026-05-27T21:55:37+00:00,58.07,3.07,1.0
1022600051,betus,2026,Minnesota Lynx,Atlanta Dream,2026-05-28T01:00:00+00:00,2,2.5,3.0,2026-05-27T14:55:37+00:00,2026-05-27T21:55:37+00:00,10.07,3.07,0.5
1022600051,bovada,2026,Minnesota Lynx,Atlanta Dream,2026-05-28T01:00:00+00:00,2,3.0,3.0,2026-05-27T14:55:37+00:00,2026-05-27T21:55:37+00:00,10.07,3.07,0.0
1022600051,draftkings,2026,Minnesota Lynx,Atlanta Dream,2026-05-28T01:00:00+00:00,4,1.5,2.5,2026-05-25T14:55:37+00:00,2026-05-27T21:55:37+00:00,58.07,3.07,1.0
1022600051,fanatics,2026,Minnesota Lynx,Atlanta Dream,2026-05-28T01:00:00+00:00,3,1.0,3.0,2026-05-25T21:55:37+00:00,2026-05-27T21:55:37+00:00,51.07,3.07,2.0
1022600051,fanduel,2026,Minnesota Lynx,Atlanta Dream,2026-05-28T01:00:00+00:00,4,1.0,3.5,2026-05-25T14:55:37+00:00,2026-05-27T21:55:37+00:00,58.07,3.07,2.5
1022600051,lowvig,2026,Minnesota Lynx,Atlanta Dream,2026-05-28T01:00:00+00:00,4,1.0,3.0,2026-05-25T14:55:37+00:00,2026-05-27T21:55:37+00:00,58.07,3.07,2.0
1022600051,mybookieag,2026,Minnesota Lynx,Atlanta Dream,2026-05-28T01:00:00+00:00,2,3.0,3.0,2026-05-27T14:55:37+00:00,2026-05-27T21:55:37+00:00,10.07,3.07,0.0
1022600051,williamhill_us,2026,Minnesota Lynx,Atlanta Dream,2026-05-28T01:00:00+00:00,4,1.0,3.0,2026-05-25T14:55:37+00:00,2026-05-27T21:55:37+00:00,58.07,3.07,2.0
1022600052,betmgm,2026,Portland Fire,Connecticut Sun,2026-05-28T02:00:00+00:00,2,-6.5,-6.5,2026-05-27T14:55:37+00:00,2026-05-27T21:55:37+00:00,11.07,4.07,0.0
1022600052,betonlineag,2026,Portland Fire,Connecticut Sun,2026-05-28T02:00:00+00:00,2,-6.5,-6.5,2026-05-27T14:55:37+00:00,2026-05-27T21:55:37+00:00,11.07,4.07,0.0
1022600052,betrivers,2026,Portland Fire,Connecticut Sun,2026-05-28T02:00:00+00:00,2,-6.5,-6.5,2026-05-27T14:55:37+00:00,2026-05-27T21:55:37+00:00,11.07,4.07,0.0
1022600052,betus,2026,Portland Fire,Connecticut Sun,2026-05-28T02:00:00+00:00,2,-6.5,-6.5,2026-05-27T14:55:37+00:00,2026-05-27T21:55:37+00:00,11.07,4.07,0.0
1022600052,bovada,2026,Portland Fire,Connecticut Sun,2026-05-28T02:00:00+00:00,2,-6.5,-7.0,2026-05-27T14:55:37+00:00,2026-05-27T21:55:37+00:00,11.07,4.07,0.5
1022600052,draftkings,2026,Portland Fire,Connecticut Sun,2026-05-28T02:00:00+00:00,2,-6.5,-6.5,2026-05-27T14:55:37+00:00,2026-05-27T21:55:37+00:00,11.07,4.07,0.0
1022600052,fanatics,2026,Portland Fire,Connecticut Sun,2026-05-28T02:00:00+00:00,2,-6.5,-6.5,2026-05-27T14:55:37+00:00,2026-05-27T21:55:37+00:00,11.07,4.07,0.0
1022600052,fanduel,2026,Portland Fire,Connecticut Sun,2026-05-28T02:00:00+00:00,2,-6.5,-6.5,2026-05-27T14:55:37+00:00,2026-05-27T21:55:37+00:00,11.07,4.07,0.0
1022600052,lowvig,2026,Portland Fire,Connecticut Sun,2026-05-28T02:00:00+00:00,2,-6.5,-6.5,2026-05-27T14:55:37+00:00,2026-05-27T21:55:37+00:00,11.07,4.07,0.0
1022600052,mybookieag,2026,Portland Fire,Connecticut Sun,2026-05-28T02:00:00+00:00,2,-6.5,-6.5,2026-05-27T14:55:37+00:00,2026-05-27T21:55:37+00:00,11.07,4.07,0.0
1022600052,williamhill_us,2026,Portland Fire,Connecticut Sun,2026-05-28T02:00:00+00:00,2,-6.5,-6.5,2026-05-27T14:55:37+00:00,2026-05-27T21:55:37+00:00,11.07,4.07,0.0
1022600053,betmgm,2026,Seattle Storm,Washington Mystics,2026-05-28T02:00:00+00:00,3,2.5,3.5,2026-05-25T21:55:37+00:00,2026-05-27T21:55:37+00:00,52.07,4.07,1.0
1022600053,betonlineag,2026,Seattle Storm,Washington Mystics,2026-05-28T02:00:00+00:00,4,2.0,3.5,2026-05-25T14:55:37+00:00,2026-05-27T21:55:37+00:00,59.07,4.07,1.5
1022600053,betrivers,2026,Seattle Storm,Washington Mystics,2026-05-28T02:00:00+00:00,4,1.5,2.5,2026-05-25T14:55:37+00:00,2026-05-27T21:55:37+00:00,59.07,4.07,1.0
1022600053,betus,2026,Seattle Storm,Washington Mystics,2026-05-28T02:00:00+00:00,2,3.5,3.5,2026-05-27T14:55:37+00:00,2026-05-27T21:55:37+00:00,11.07,4.07,0.0
1022600053,bovada,2026,Seattle Storm,Washington Mystics,2026-05-28T02:00:00+00:00,2,3.0,3.0,2026-05-27T14:55:37+00:00,2026-05-27T21:55:37+00:00,11.07,4.07,0.0
1022600053,draftkings,2026,Seattle Storm,Washington Mystics,2026-05-28T02:00:00+00:00,4,1.5,3.5,2026-05-25T14:55:37+00:00,2026-05-27T21:55:37+00:00,59.07,4.07,2.0
1022600053,fanatics,2026,Seattle Storm,Washington Mystics,2026-05-28T02:00:00+00:00,3,3.0,3.5,2026-05-25T21:55:37+00:00,2026-05-27T21:55:37+00:00,52.07,4.07,0.5
1022600053,fanduel,2026,Seattle Storm,Washington Mystics,2026-05-28T02:00:00+00:00,4,2.5,3.5,2026-05-25T14:55:37+00:00,2026-05-27T21:55:37+00:00,59.07,4.07,1.0
1022600053,lowvig,2026,Seattle Storm,Washington Mystics,2026-05-28T02:00:00+00:00,4,2.0,3.5,2026-05-25T14:55:37+00:00,2026-05-27T21:55:37+00:00,59.07,4.07,1.5
1022600053,mybookieag,2026,Seattle Storm,Washington Mystics,2026-05-28T02:00:00+00:00,2,3.5,3.0,2026-05-27T14:55:37+00:00,2026-05-27T21:55:37+00:00,11.07,4.07,0.5
1022600053,williamhill_us,2026,Seattle Storm,Washington Mystics,2026-05-28T02:00:00+00:00,4,1.5,3.5,2026-05-25T14:55:37+00:00,2026-05-27T21:55:37+00:00,59.07,4.07,2.0
1022600054,betmgm,2026,Dallas Wings,Las Vegas Aces,2026-05-29T00:10:00+00:00,4,2.5,5.5,2026-05-27T14:55:37+00:00,2026-05-28T21:55:37+00:00,33.24,2.24,3.0
1022600054,betonlineag,2026,Dallas Wings,Las Vegas Aces,2026-05-29T00:10:00+00:00,4,2.5,5.5,2026-05-27T14:55:37+00:00,2026-05-28T21:55:37+00:00,33.24,2.24,3.0
1022600054,betrivers,2026,Dallas Wings,Las Vegas Aces,2026-05-29T00:10:00+00:00,4,2.5,5.0,2026-05-27T14:55:37+00:00,2026-05-28T21:55:37+00:00,33.24,2.24,2.5
1022600054,betus,2026,Dallas Wings,Las Vegas Aces,2026-05-29T00:10:00+00:00,2,4.5,5.5,2026-05-28T14:55:37+00:00,2026-05-28T21:55:37+00:00,9.24,2.24,1.0
1022600054,bovada,2026,Dallas Wings,Las Vegas Aces,2026-05-29T00:10:00+00:00,4,2.5,5.0,2026-05-27T14:55:37+00:00,2026-05-28T21:55:37+00:00,33.24,2.24,2.5
1022600054,draftkings,2026,Dallas Wings,Las Vegas Aces,2026-05-29T00:10:00+00:00,4,2.5,5.5,2026-05-27T14:55:37+00:00,2026-05-28T21:55:37+00:00,33.24,2.24,3.0
1022600054,fanatics,2026,Dallas Wings,Las Vegas Aces,2026-05-29T00:10:00+00:00,4,2.5,5.5,2026-05-27T14:55:37+00:00,2026-05-28T21:55:37+00:00,33.24,2.24,3.0
1022600054,fanduel,2026,Dallas Wings,Las Vegas Aces,2026-05-29T00:10:00+00:00,4,2.5,5.5,2026-05-27T14:55:37+00:00,2026-05-28T21:55:37+00:00,33.24,2.24,3.0
1022600054,lowvig,2026,Dallas Wings,Las Vegas Aces,2026-05-29T00:10:00+00:00,4,2.5,5.5,2026-05-27T14:55:37+00:00,2026-05-28T21:55:37+00:00,33.24,2.24,3.0
1022600054,mybookieag,2026,Dallas Wings,Las Vegas Aces,2026-05-29T00:10:00+00:00,4,2.5,5.0,2026-05-27T14:55:37+00:00,2026-05-28T21:55:37+00:00,33.24,2.24,2.5
1022600054,williamhill_us,2026,Dallas Wings,Las Vegas Aces,2026-05-29T00:10:00+00:00,4,2.5,5.5,2026-05-27T14:55:37+00:00,2026-05-28T21:55:37+00:00,33.24,2.24,3.0
1022600055,betmgm,2026,Golden State Valkyries,Indiana Fever,2026-05-29T02:10:00+00:00,4,1.5,-1.5,2026-05-27T14:55:37+00:00,2026-05-28T21:55:37+00:00,35.24,4.24,3.0
1022600055,betonlineag,2026,Golden State Valkyries,Indiana Fever,2026-05-29T02:10:00+00:00,4,-1.0,-1.5,2026-05-27T14:55:37+00:00,2026-05-28T21:55:37+00:00,35.24,4.24,0.5
1022600055,betrivers,2026,Golden State Valkyries,Indiana Fever,2026-05-29T02:10:00+00:00,4,1.5,-1.5,2026-05-27T14:55:37+00:00,2026-05-28T21:55:37+00:00,35.24,4.24,3.0
1022600055,betus,2026,Golden State Valkyries,Indiana Fever,2026-05-29T02:10:00+00:00,2,-1.5,-1.5,2026-05-28T14:55:37+00:00,2026-05-28T21:55:37+00:00,11.24,4.24,0.0
1022600055,bovada,2026,Golden State Valkyries,Indiana Fever,2026-05-29T02:10:00+00:00,4,1.5,-1.5,2026-05-27T14:55:37+00:00,2026-05-28T21:55:37+00:00,35.24,4.24,3.0
1022600055,draftkings,2026,Golden State Valkyries,Indiana Fever,2026-05-29T02:10:00+00:00,4,1.5,-1.5,2026-05-27T14:55:37+00:00,2026-05-28T21:55:37+00:00,35.24,4.24,3.0
1022600055,fanatics,2026,Golden State Valkyries,Indiana Fever,2026-05-29T02:10:00+00:00,4,1.0,-1.5,2026-05-27T14:55:37+00:00,2026-05-28T21:55:37+00:00,35.24,4.24,2.5
1022600055,fanduel,2026,Golden State Valkyries,Indiana Fever,2026-05-29T02:10:00+00:00,4,1.5,-1.5,2026-05-27T14:55:37+00:00,2026-05-28T21:55:37+00:00,35.24,4.24,3.0
1022600055,lowvig,2026,Golden State Valkyries,Indiana Fever,2026-05-29T02:10:00+00:00,4,-1.0,-1.5,2026-05-27T14:55:37+00:00,2026-05-28T21:55:37+00:00,35.24,4.24,0.5
1022600055,mybookieag,2026,Golden State Valkyries,Indiana Fever,2026-05-29T02:10:00+00:00,4,1.0,-1.5,2026-05-27T14:55:37+00:00,2026-05-28T21:55:37+00:00,35.24,4.24,2.5
1022600055,williamhill_us,2026,Golden State Valkyries,Indiana Fever,2026-05-29T02:10:00+00:00,4,1.5,-1.5,2026-05-27T14:55:37+00:00,2026-05-28T21:55:37+00:00,35.24,4.24,3.0
1022600056,betmgm,2026,New York Liberty,Phoenix Mercury,2026-05-29T23:30:00+00:00,3,-5.5,-5.5,2026-05-28T21:55:37+00:00,2026-05-29T21:55:37+00:00,25.57,1.57,0.0
1022600056,betonlineag,2026,New York Liberty,Phoenix Mercury,2026-05-29T23:30:00+00:00,4,-6.5,-5.5,2026-05-28T14:55:37+00:00,2026-05-29T21:55:37+00:00,32.57,1.57,1.0
1022600056,betrivers,2026,New York Liberty,Phoenix Mercury,2026-05-29T23:30:00+00:00,4,-6.5,-5.5,2026-05-28T14:55:37+00:00,2026-05-29T21:55:37+00:00,32.57,1.57,1.0
1022600056,betus,2026,New York Liberty,Phoenix Mercury,2026-05-29T23:30:00+00:00,3,-5.5,-5.5,2026-05-28T21:55:37+00:00,2026-05-29T21:55:37+00:00,25.57,1.57,0.0
1022600056,bovada,2026,New York Liberty,Phoenix Mercury,2026-05-29T23:30:00+00:00,3,-5.5,-5.5,2026-05-28T21:55:37+00:00,2026-05-29T21:55:37+00:00,25.57,1.57,0.0
1022600056,draftkings,2026,New York Liberty,Phoenix Mercury,2026-05-29T23:30:00+00:00,4,-6.5,-5.5,2026-05-28T14:55:37+00:00,2026-05-29T21:55:37+00:00,32.57,1.57,1.0
1022600056,fanatics,2026,New York Liberty,Phoenix Mercury,2026-05-29T23:30:00+00:00,4,-6.5,-5.5,2026-05-28T14:55:37+00:00,2026-05-29T21:55:37+00:00,32.57,1.57,1.0
1022600056,fanduel,2026,New York Liberty,Phoenix Mercury,2026-05-29T23:30:00+00:00,4,-6.5,-5.5,2026-05-28T14:55:37+00:00,2026-05-29T21:55:37+00:00,32.57,1.57,1.0
1022600056,lowvig,2026,New York Liberty,Phoenix Mercury,2026-05-29T23:30:00+00:00,4,-6.5,-5.5,2026-05-28T14:55:37+00:00,2026-05-29T21:55:37+00:00,32.57,1.57,1.0
1022600056,mybookieag,2026,New York Liberty,Phoenix Mercury,2026-05-29T23:30:00+00:00,4,-6.5,-5.5,2026-05-28T14:55:37+00:00,2026-05-29T21:55:37+00:00,32.57,1.57,1.0
1022600056,williamhill_us,2026,New York Liberty,Phoenix Mercury,2026-05-29T23:30:00+00:00,4,-6.5,-5.5,2026-05-28T14:55:37+00:00,2026-05-29T21:55:37+00:00,32.57,1.57,1.0
1022600057,betmgm,2026,Washington Mystics,Los Angeles Sparks,2026-05-29T23:30:00+00:00,3,-2.5,-2.5,2026-05-28T21:55:37+00:00,2026-05-29T21:55:37+00:00,25.57,1.57,0.0
1022600057,betonlineag,2026,Washington Mystics,Los Angeles Sparks,2026-05-29T23:30:00+00:00,4,-2.0,-2.5,2026-05-28T14:55:37+00:00,2026-05-29T21:55:37+00:00,32.57,1.57,0.5
1022600057,betrivers,2026,Washington Mystics,Los Angeles Sparks,2026-05-29T23:30:00+00:00,4,-1.5,-2.5,2026-05-28T14:55:37+00:00,2026-05-29T21:55:37+00:00,32.57,1.57,1.0
1022600057,betus,2026,Washington Mystics,Los Angeles Sparks,2026-05-29T23:30:00+00:00,3,-2.0,-2.5,2026-05-28T21:55:37+00:00,2026-05-29T21:55:37+00:00,25.57,1.57,0.5
1022600057,bovada,2026,Washington Mystics,Los Angeles Sparks,2026-05-29T23:30:00+00:00,3,-2.0,-2.5,2026-05-28T21:55:37+00:00,2026-05-29T21:55:37+00:00,25.57,1.57,0.5
1022600057,draftkings,2026,Washington Mystics,Los Angeles Sparks,2026-05-29T23:30:00+00:00,4,-1.5,-2.5,2026-05-28T14:55:37+00:00,2026-05-29T21:55:37+00:00,32.57,1.57,1.0
1022600057,fanatics,2026,Washington Mystics,Los Angeles Sparks,2026-05-29T23:30:00+00:00,4,-2.5,-2.5,2026-05-28T14:55:37+00:00,2026-05-29T21:55:37+00:00,32.57,1.57,0.0
1022600057,fanduel,2026,Washington Mystics,Los Angeles Sparks,2026-05-29T23:30:00+00:00,4,-1.5,-2.5,2026-05-28T14:55:37+00:00,2026-05-29T21:55:37+00:00,32.57,1.57,1.0
1022600057,lowvig,2026,Washington Mystics,Los Angeles Sparks,2026-05-29T23:30:00+00:00,4,-2.0,-2.5,2026-05-28T14:55:37+00:00,2026-05-29T21:55:37+00:00,32.57,1.57,0.5
1022600057,mybookieag,2026,Washington Mystics,Los Angeles Sparks,2026-05-29T23:30:00+00:00,4,-2.0,-2.0,2026-05-28T14:55:37+00:00,2026-05-29T21:55:37+00:00,32.57,1.57,0.0
1022600057,williamhill_us,2026,Washington Mystics,Los Angeles Sparks,2026-05-29T23:30:00+00:00,4,-1.5,-2.5,2026-05-28T14:55:37+00:00,2026-05-29T21:55:37+00:00,32.57,1.57,1.0
1022600058,betmgm,2026,Chicago Sky,Minnesota Lynx,2026-05-29T23:30:00+00:00,3,5.5,4.5,2026-05-28T21:55:37+00:00,2026-05-29T21:55:37+00:00,25.57,1.57,1.0
1022600058,betonlineag,2026,Chicago Sky,Minnesota Lynx,2026-05-29T23:30:00+00:00,4,3.0,4.5,2026-05-28T14:55:37+00:00,2026-05-29T21:55:37+00:00,32.57,1.57,1.5
1022600058,betrivers,2026,Chicago Sky,Minnesota Lynx,2026-05-29T23:30:00+00:00,4,3.5,4.5,2026-05-28T14:55:37+00:00,2026-05-29T21:55:37+00:00,32.57,1.57,1.0
1022600058,betus,2026,Chicago Sky,Minnesota Lynx,2026-05-29T23:30:00+00:00,3,5.5,4.5,2026-05-28T21:55:37+00:00,2026-05-29T21:55:37+00:00,25.57,1.57,1.0
1022600058,bovada,2026,Chicago Sky,Minnesota Lynx,2026-05-29T23:30:00+00:00,3,5.5,4.5,2026-05-28T21:55:37+00:00,2026-05-29T21:55:37+00:00,25.57,1.57,1.0
1022600058,draftkings,2026,Chicago Sky,Minnesota Lynx,2026-05-29T23:30:00+00:00,4,2.5,4.5,2026-05-28T14:55:37+00:00,2026-05-29T21:55:37+00:00,32.57,1.57,2.0
1022600058,fanatics,2026,Chicago Sky,Minnesota Lynx,2026-05-29T23:30:00+00:00,4,3.0,4.5,2026-05-28T14:55:37+00:00,2026-05-29T21:55:37+00:00,32.57,1.57,1.5
1022600058,fanduel,2026,Chicago Sky,Minnesota Lynx,2026-05-29T23:30:00+00:00,4,3.5,4.5,2026-05-28T14:55:37+00:00,2026-05-29T21:55:37+00:00,32.57,1.57,1.0
1022600058,lowvig,2026,Chicago Sky,Minnesota Lynx,2026-05-29T23:30:00+00:00,4,3.0,4.5,2026-05-28T14:55:37+00:00,2026-05-29T21:55:37+00:00,32.57,1.57,1.5
1022600058,mybookieag,2026,Chicago Sky,Minnesota Lynx,2026-05-29T23:30:00+00:00,4,3.0,4.5,2026-05-28T14:55:37+00:00,2026-05-29T21:55:37+00:00,32.57,1.57,1.5
1022600058,williamhill_us,2026,Chicago Sky,Minnesota Lynx,2026-05-29T23:30:00+00:00,4,2.5,4.5,2026-05-28T14:55:37+00:00,2026-05-29T21:55:37+00:00,32.57,1.57,2.0
1022600059,betmgm,2026,Portland Fire,Atlanta Dream,2026-05-30T02:00:00+00:00,3,8.5,8.5,2026-05-28T21:55:37+00:00,2026-05-29T21:55:37+00:00,28.07,4.07,0.0
1022600059,betonlineag,2026,Portland Fire,Atlanta Dream,2026-05-30T02:00:00+00:00,4,9.5,8.5,2026-05-28T14:55:37+00:00,2026-05-29T21:55:37+00:00,35.07,4.07,1.0
1022600059,betrivers,2026,Portland Fire,Atlanta Dream,2026-05-30T02:00:00+00:00,4,10.5,8.5,2026-05-28T14:55:37+00:00,2026-05-29T21:55:37+00:00,35.07,4.07,2.0
1022600059,betus,2026,Portland Fire,Atlanta Dream,2026-05-30T02:00:00+00:00,3,8.0,8.5,2026-05-28T21:55:37+00:00,2026-05-29T21:55:37+00:00,28.07,4.07,0.5
1022600059,bovada,2026,Portland Fire,Atlanta Dream,2026-05-30T02:00:00+00:00,3,8.0,8.5,2026-05-28T21:55:37+00:00,2026-05-29T21:55:37+00:00,28.07,4.07,0.5
1022600059,draftkings,2026,Portland Fire,Atlanta Dream,2026-05-30T02:00:00+00:00,4,9.5,8.5,2026-05-28T14:55:37+00:00,2026-05-29T21:55:37+00:00,35.07,4.07,1.0
1022600059,fanatics,2026,Portland Fire,Atlanta Dream,2026-05-30T02:00:00+00:00,4,9.5,8.5,2026-05-28T14:55:37+00:00,2026-05-29T21:55:37+00:00,35.07,4.07,1.0
1022600059,fanduel,2026,Portland Fire,Atlanta Dream,2026-05-30T02:00:00+00:00,4,9.5,8.5,2026-05-28T14:55:37+00:00,2026-05-29T21:55:37+00:00,35.07,4.07,1.0
1022600059,lowvig,2026,Portland Fire,Atlanta Dream,2026-05-30T02:00:00+00:00,4,9.5,8.5,2026-05-28T14:55:37+00:00,2026-05-29T21:55:37+00:00,35.07,4.07,1.0
1022600059,mybookieag,2026,Portland Fire,Atlanta Dream,2026-05-30T02:00:00+00:00,4,9.5,8.5,2026-05-28T14:55:37+00:00,2026-05-29T21:55:37+00:00,35.07,4.07,1.0
1022600059,williamhill_us,2026,Portland Fire,Atlanta Dream,2026-05-30T02:00:00+00:00,4,9.5,8.5,2026-05-28T14:55:37+00:00,2026-05-29T21:55:37+00:00,35.07,4.07,1.0
1022600060,betmgm,2026,Toronto Tempo,Seattle Storm,2026-05-30T17:00:00+00:00,2,-5.5,-5.5,2026-05-29T21:55:37+00:00,2026-05-30T14:55:37+00:00,19.07,2.07,0.0
1022600060,betonlineag,2026,Toronto Tempo,Seattle Storm,2026-05-30T17:00:00+00:00,3,-4.5,-5.5,2026-05-29T14:55:37+00:00,2026-05-30T14:55:37+00:00,26.07,2.07,1.0
1022600060,betrivers,2026,Toronto Tempo,Seattle Storm,2026-05-30T17:00:00+00:00,3,-4.5,-6.5,2026-05-29T14:55:37+00:00,2026-05-30T14:55:37+00:00,26.07,2.07,2.0
1022600060,betus,2026,Toronto Tempo,Seattle Storm,2026-05-30T17:00:00+00:00,1,-5.5,-5.5,2026-05-30T14:55:37+00:00,2026-05-30T14:55:37+00:00,2.07,2.07,0.0
1022600060,bovada,2026,Toronto Tempo,Seattle Storm,2026-05-30T17:00:00+00:00,3,-4.5,-6.0,2026-05-29T14:55:37+00:00,2026-05-30T14:55:37+00:00,26.07,2.07,1.5
1022600060,draftkings,2026,Toronto Tempo,Seattle Storm,2026-05-30T17:00:00+00:00,3,-4.5,-5.5,2026-05-29T14:55:37+00:00,2026-05-30T14:55:37+00:00,26.07,2.07,1.0
1022600060,fanatics,2026,Toronto Tempo,Seattle Storm,2026-05-30T17:00:00+00:00,3,-4.5,-5.5,2026-05-29T14:55:37+00:00,2026-05-30T14:55:37+00:00,26.07,2.07,1.0
1022600060,fanduel,2026,Toronto Tempo,Seattle Storm,2026-05-30T17:00:00+00:00,3,-4.5,-5.5,2026-05-29T14:55:37+00:00,2026-05-30T14:55:37+00:00,26.07,2.07,1.0
1022600060,lowvig,2026,Toronto Tempo,Seattle Storm,2026-05-30T17:00:00+00:00,3,-4.5,-5.5,2026-05-29T14:55:37+00:00,2026-05-30T14:55:37+00:00,26.07,2.07,1.0
1022600060,mybookieag,2026,Toronto Tempo,Seattle Storm,2026-05-30T17:00:00+00:00,3,-4.5,-6.0,2026-05-29T14:55:37+00:00,2026-05-30T14:55:37+00:00,26.07,2.07,1.5
1022600060,williamhill_us,2026,Toronto Tempo,Seattle Storm,2026-05-30T17:00:00+00:00,3,-4.5,-5.5,2026-05-29T14:55:37+00:00,2026-05-30T14:55:37+00:00,26.07,2.07,1.0
1022600061,betonlineag,2026,Connecticut Sun,Los Angeles Sparks,2026-05-30T22:00:00+00:00,2,4.0,3.5,2026-05-30T14:55:37+00:00,2026-05-30T21:55:36+00:00,7.07,0.07,0.5
1022600061,betrivers,2026,Connecticut Sun,Los Angeles Sparks,2026-05-30T22:00:00+00:00,2,4.5,4.0,2026-05-30T14:55:37+00:00,2026-05-30T21:55:36+00:00,7.07,0.07,0.5
1022600061,betus,2026,Connecticut Sun,Los Angeles Sparks,2026-05-30T22:00:00+00:00,2,4.0,3.5,2026-05-30T14:55:37+00:00,2026-05-30T21:55:36+00:00,7.07,0.07,0.5
1022600061,bovada,2026,Connecticut Sun,Los Angeles Sparks,2026-05-30T22:00:00+00:00,2,4.0,3.5,2026-05-30T14:55:37+00:00,2026-05-30T21:55:36+00:00,7.07,0.07,0.5
1022600061,draftkings,2026,Connecticut Sun,Los Angeles Sparks,2026-05-30T22:00:00+00:00,2,3.5,3.5,2026-05-30T14:55:37+00:00,2026-05-30T21:55:36+00:00,7.07,0.07,0.0
1022600061,fanatics,2026,Connecticut Sun,Los Angeles Sparks,2026-05-30T22:00:00+00:00,1,3.5,3.5,2026-05-30T21:55:36+00:00,2026-05-30T21:55:36+00:00,0.07,0.07,0.0
1022600061,fanduel,2026,Connecticut Sun,Los Angeles Sparks,2026-05-30T22:00:00+00:00,2,4.5,3.5,2026-05-30T14:55:37+00:00,2026-05-30T21:55:36+00:00,7.07,0.07,1.0
1022600061,lowvig,2026,Connecticut Sun,Los Angeles Sparks,2026-05-30T22:00:00+00:00,2,4.0,3.5,2026-05-30T14:55:37+00:00,2026-05-30T21:55:36+00:00,7.07,0.07,0.5
1022600061,mybookieag,2026,Connecticut Sun,Los Angeles Sparks,2026-05-30T22:00:00+00:00,2,3.5,3.5,2026-05-30T14:55:37+00:00,2026-05-30T21:55:36+00:00,7.07,0.07,0.0
1022600061,williamhill_us,2026,Connecticut Sun,Los Angeles Sparks,2026-05-30T22:00:00+00:00,2,3.5,4.0,2026-05-30T14:55:37+00:00,2026-05-30T21:55:36+00:00,7.07,0.07,0.5
1022600062,betmgm,2026,Portland Fire,Indiana Fever,2026-05-31T00:00:00+00:00,2,11.5,11.5,2026-05-30T14:55:37+00:00,2026-05-30T21:55:36+00:00,9.07,2.07,0.0
1022600062,betonlineag,2026,Portland Fire,Indiana Fever,2026-05-31T00:00:00+00:00,2,10.5,11.5,2026-05-30T14:55:37+00:00,2026-05-30T21:55:36+00:00,9.07,2.07,1.0
1022600062,betrivers,2026,Portland Fire,Indiana Fever,2026-05-31T00:00:00+00:00,2,10.5,11.0,2026-05-30T14:55:37+00:00,2026-05-30T21:55:36+00:00,9.07,2.07,0.5
1022600062,betus,2026,Portland Fire,Indiana Fever,2026-05-31T00:00:00+00:00,2,10.5,11.5,2026-05-30T14:55:37+00:00,2026-05-30T21:55:36+00:00,9.07,2.07,1.0
1022600062,bovada,2026,Portland Fire,Indiana Fever,2026-05-31T00:00:00+00:00,2,11.0,11.5,2026-05-30T14:55:37+00:00,2026-05-30T21:55:36+00:00,9.07,2.07,0.5
1022600062,draftkings,2026,Portland Fire,Indiana Fever,2026-05-31T00:00:00+00:00,2,11.5,11.5,2026-05-30T14:55:37+00:00,2026-05-30T21:55:36+00:00,9.07,2.07,0.0
1022600062,fanatics,2026,Portland Fire,Indiana Fever,2026-05-31T00:00:00+00:00,1,11.5,11.5,2026-05-30T21:55:36+00:00,2026-05-30T21:55:36+00:00,2.07,2.07,0.0
1022600062,fanduel,2026,Portland Fire,Indiana Fever,2026-05-31T00:00:00+00:00,2,10.5,11.5,2026-05-30T14:55:37+00:00,2026-05-30T21:55:36+00:00,9.07,2.07,1.0
1022600062,lowvig,2026,Portland Fire,Indiana Fever,2026-05-31T00:00:00+00:00,2,10.5,11.5,2026-05-30T14:55:37+00:00,2026-05-30T21:55:36+00:00,9.07,2.07,1.0
1022600062,mybookieag,2026,Portland Fire,Indiana Fever,2026-05-31T00:00:00+00:00,2,11.0,11.5,2026-05-30T14:55:37+00:00,2026-05-30T21:55:36+00:00,9.07,2.07,0.5
1022600062,williamhill_us,2026,Portland Fire,Indiana Fever,2026-05-31T00:00:00+00:00,2,10.5,11.5,2026-05-30T14:55:37+00:00,2026-05-30T21:55:36+00:00,9.07,2.07,1.0
1022600063,betmgm,2026,Golden State Valkyries,Las Vegas Aces,2026-05-31T19:43:30+00:00,2,1.5,2.5,2026-05-30T21:55:36+00:00,2026-05-31T14:55:36+00:00,21.8,4.8,1.0
1022600063,betonlineag,2026,Golden State Valkyries,Las Vegas Aces,2026-05-31T19:43:30+00:00,3,1.5,2.0,2026-05-30T14:55:37+00:00,2026-05-31T14:55:36+00:00,28.8,4.8,0.5
1022600063,betrivers,2026,Golden State Valkyries,Las Vegas Aces,2026-05-31T19:43:30+00:00,3,1.5,2.0,2026-05-30T14:55:37+00:00,2026-05-31T14:55:36+00:00,28.8,4.8,0.5
1022600063,betus,2026,Golden State Valkyries,Las Vegas Aces,2026-05-31T19:43:30+00:00,1,2.0,2.0,2026-05-31T14:55:36+00:00,2026-05-31T14:55:36+00:00,4.8,4.8,0.0
1022600063,bovada,2026,Golden State Valkyries,Las Vegas Aces,2026-05-31T19:43:30+00:00,3,1.5,2.5,2026-05-30T14:55:37+00:00,2026-05-31T14:55:36+00:00,28.8,4.8,1.0
1022600063,draftkings,2026,Golden State Valkyries,Las Vegas Aces,2026-05-31T19:43:30+00:00,3,1.5,2.5,2026-05-30T14:55:37+00:00,2026-05-31T14:55:36+00:00,28.8,4.8,1.0
1022600063,fanatics,2026,Golden State Valkyries,Las Vegas Aces,2026-05-31T19:43:30+00:00,2,1.5,2.5,2026-05-30T21:55:36+00:00,2026-05-31T14:55:36+00:00,21.8,4.8,1.0
1022600063,fanduel,2026,Golden State Valkyries,Las Vegas Aces,2026-05-31T19:43:30+00:00,3,1.5,1.5,2026-05-30T14:55:37+00:00,2026-05-31T14:55:36+00:00,28.8,4.8,0.0
1022600063,lowvig,2026,Golden State Valkyries,Las Vegas Aces,2026-05-31T19:43:30+00:00,3,1.5,2.0,2026-05-30T14:55:37+00:00,2026-05-31T14:55:36+00:00,28.8,4.8,0.5
1022600063,mybookieag,2026,Golden State Valkyries,Las Vegas Aces,2026-05-31T19:43:30+00:00,1,2.0,2.0,2026-05-31T14:55:36+00:00,2026-05-31T14:55:36+00:00,4.8,4.8,0.0
1022600063,williamhill_us,2026,Golden State Valkyries,Las Vegas Aces,2026-05-31T19:43:30+00:00,3,1.5,2.0,2026-05-30T14:55:37+00:00,2026-05-31T14:55:36+00:00,28.8,4.8,0.5
1022600064,betmgm,2026,Dallas Wings,Seattle Storm,2026-06-02T00:00:00+00:00,3,-11.5,-12.5,2026-05-31T21:55:36+00:00,2026-06-01T21:55:36+00:00,26.07,2.07,1.0
1022600064,betonlineag,2026,Dallas Wings,Seattle Storm,2026-06-02T00:00:00+00:00,4,-11.5,-12.5,2026-05-31T14:55:36+00:00,2026-06-01T21:55:36+00:00,33.07,2.07,1.0
1022600064,betrivers,2026,Dallas Wings,Seattle Storm,2026-06-02T00:00:00+00:00,4,-11.5,-12.5,2026-05-31T14:55:36+00:00,2026-06-01T21:55:36+00:00,33.07,2.07,1.0
1022600064,betus,2026,Dallas Wings,Seattle Storm,2026-06-02T00:00:00+00:00,3,-11.5,-12.5,2026-05-31T21:55:36+00:00,2026-06-01T21:55:36+00:00,26.07,2.07,1.0
1022600064,bovada,2026,Dallas Wings,Seattle Storm,2026-06-02T00:00:00+00:00,4,-11.5,-12.5,2026-05-31T14:55:36+00:00,2026-06-01T21:55:36+00:00,33.07,2.07,1.0
1022600064,draftkings,2026,Dallas Wings,Seattle Storm,2026-06-02T00:00:00+00:00,5,-11.5,-12.5,2026-05-30T21:55:36+00:00,2026-06-01T21:55:36+00:00,50.07,2.07,1.0
1022600064,fanatics,2026,Dallas Wings,Seattle Storm,2026-06-02T00:00:00+00:00,3,-11.5,-12.5,2026-05-31T21:55:36+00:00,2026-06-01T21:55:36+00:00,26.07,2.07,1.0
1022600064,fanduel,2026,Dallas Wings,Seattle Storm,2026-06-02T00:00:00+00:00,5,-10.5,-12.5,2026-05-30T21:55:36+00:00,2026-06-01T21:55:36+00:00,50.07,2.07,2.0
1022600064,lowvig,2026,Dallas Wings,Seattle Storm,2026-06-02T00:00:00+00:00,4,-11.5,-12.5,2026-05-31T14:55:36+00:00,2026-06-01T21:55:36+00:00,33.07,2.07,1.0
1022600064,mybookieag,2026,Dallas Wings,Seattle Storm,2026-06-02T00:00:00+00:00,4,-11.5,-12.5,2026-05-31T14:55:36+00:00,2026-06-01T21:55:36+00:00,33.07,2.07,1.0
1022600064,williamhill_us,2026,Dallas Wings,Seattle Storm,2026-06-02T00:00:00+00:00,5,-10.5,-12.5,2026-05-30T21:55:36+00:00,2026-06-01T21:55:36+00:00,50.07,2.07,2.0
1022600065,betmgm,2026,Phoenix Mercury,Minnesota Lynx,2026-06-02T02:00:00+00:00,3,1.5,2.5,2026-05-31T21:55:36+00:00,2026-06-01T21:55:36+00:00,28.07,4.07,1.0
1022600065,betonlineag,2026,Phoenix Mercury,Minnesota Lynx,2026-06-02T02:00:00+00:00,4,1.5,3.0,2026-05-31T14:55:36+00:00,2026-06-01T21:55:36+00:00,35.07,4.07,1.5
1022600065,betrivers,2026,Phoenix Mercury,Minnesota Lynx,2026-06-02T02:00:00+00:00,4,2.5,3.0,2026-05-31T14:55:36+00:00,2026-06-01T21:55:36+00:00,35.07,4.07,0.5
1022600065,betus,2026,Phoenix Mercury,Minnesota Lynx,2026-06-02T02:00:00+00:00,3,2.0,3.0,2026-05-31T21:55:36+00:00,2026-06-01T21:55:36+00:00,28.07,4.07,1.0
1022600065,bovada,2026,Phoenix Mercury,Minnesota Lynx,2026-06-02T02:00:00+00:00,4,1.5,2.5,2026-05-31T14:55:36+00:00,2026-06-01T21:55:36+00:00,35.07,4.07,1.0
1022600065,draftkings,2026,Phoenix Mercury,Minnesota Lynx,2026-06-02T02:00:00+00:00,4,1.5,2.5,2026-05-31T14:55:36+00:00,2026-06-01T21:55:36+00:00,35.07,4.07,1.0
1022600065,fanatics,2026,Phoenix Mercury,Minnesota Lynx,2026-06-02T02:00:00+00:00,3,1.5,3.0,2026-05-31T21:55:36+00:00,2026-06-01T21:55:36+00:00,28.07,4.07,1.5
1022600065,fanduel,2026,Phoenix Mercury,Minnesota Lynx,2026-06-02T02:00:00+00:00,4,1.5,2.5,2026-05-31T14:55:36+00:00,2026-06-01T21:55:36+00:00,35.07,4.07,1.0
1022600065,lowvig,2026,Phoenix Mercury,Minnesota Lynx,2026-06-02T02:00:00+00:00,4,1.5,3.0,2026-05-31T14:55:36+00:00,2026-06-01T21:55:36+00:00,35.07,4.07,1.5
1022600065,mybookieag,2026,Phoenix Mercury,Minnesota Lynx,2026-06-02T02:00:00+00:00,4,2.0,3.5,2026-05-31T14:55:36+00:00,2026-06-01T21:55:36+00:00,35.07,4.07,1.5
1022600065,williamhill_us,2026,Phoenix Mercury,Minnesota Lynx,2026-06-02T02:00:00+00:00,4,1.5,3.0,2026-05-31T14:55:36+00:00,2026-06-01T21:55:36+00:00,35.07,4.07,1.5
1022600066,betmgm,2026,Atlanta Dream,Connecticut Sun,2026-06-02T23:30:00+00:00,5,-15.5,-13.5,2026-05-31T21:55:36+00:00,2026-06-02T21:55:36+00:00,49.57,1.57,2.0
1022600066,betonlineag,2026,Atlanta Dream,Connecticut Sun,2026-06-02T23:30:00+00:00,5,-15.5,-14.0,2026-05-31T21:55:36+00:00,2026-06-02T21:55:36+00:00,49.57,1.57,1.5
1022600066,betrivers,2026,Atlanta Dream,Connecticut Sun,2026-06-02T23:30:00+00:00,4,-14.5,-14.0,2026-06-01T14:55:36+00:00,2026-06-02T21:55:36+00:00,32.57,1.57,0.5
1022600066,betus,2026,Atlanta Dream,Connecticut Sun,2026-06-02T23:30:00+00:00,4,-14.5,-14.0,2026-06-01T14:55:36+00:00,2026-06-02T21:55:36+00:00,32.57,1.57,0.5
1022600066,bovada,2026,Atlanta Dream,Connecticut Sun,2026-06-02T23:30:00+00:00,4,-14.5,-14.0,2026-06-01T14:55:36+00:00,2026-06-02T21:55:36+00:00,32.57,1.57,0.5
1022600066,draftkings,2026,Atlanta Dream,Connecticut Sun,2026-06-02T23:30:00+00:00,5,-15.5,-13.5,2026-05-31T21:55:36+00:00,2026-06-02T21:55:36+00:00,49.57,1.57,2.0
1022600066,fanatics,2026,Atlanta Dream,Connecticut Sun,2026-06-02T23:30:00+00:00,5,-15.5,-14.0,2026-05-31T21:55:36+00:00,2026-06-02T21:55:36+00:00,49.57,1.57,1.5
1022600066,fanduel,2026,Atlanta Dream,Connecticut Sun,2026-06-02T23:30:00+00:00,5,-15.5,-14.5,2026-05-31T21:55:36+00:00,2026-06-02T21:55:36+00:00,49.57,1.57,1.0
1022600066,lowvig,2026,Atlanta Dream,Connecticut Sun,2026-06-02T23:30:00+00:00,5,-15.5,-14.0,2026-05-31T21:55:36+00:00,2026-06-02T21:55:36+00:00,49.57,1.57,1.5
1022600066,mybookieag,2026,Atlanta Dream,Connecticut Sun,2026-06-02T23:30:00+00:00,4,-14.5,-14.0,2026-06-01T14:55:36+00:00,2026-06-02T21:55:36+00:00,32.57,1.57,0.5
1022600066,williamhill_us,2026,Atlanta Dream,Connecticut Sun,2026-06-02T23:30:00+00:00,5,-15.5,-14.0,2026-05-31T21:55:36+00:00,2026-06-02T21:55:36+00:00,49.57,1.57,1.5
1022600067,betmgm,2026,Washington Mystics,Chicago Sky,2026-06-02T23:30:00+00:00,5,-2.5,2.5,2026-05-31T21:55:36+00:00,2026-06-02T21:55:36+00:00,49.57,1.57,5.0
1022600067,betonlineag,2026,Washington Mystics,Chicago Sky,2026-06-02T23:30:00+00:00,5,-2.5,1.5,2026-05-31T21:55:36+00:00,2026-06-02T21:55:36+00:00,49.57,1.57,4.0
1022600067,betrivers,2026,Washington Mystics,Chicago Sky,2026-06-02T23:30:00+00:00,4,-2.5,1.5,2026-06-01T14:55:36+00:00,2026-06-02T21:55:36+00:00,32.57,1.57,4.0
1022600067,betus,2026,Washington Mystics,Chicago Sky,2026-06-02T23:30:00+00:00,4,-2.5,2.0,2026-06-01T14:55:36+00:00,2026-06-02T21:55:36+00:00,32.57,1.57,4.5
1022600067,bovada,2026,Washington Mystics,Chicago Sky,2026-06-02T23:30:00+00:00,4,-2.5,2.0,2026-06-01T14:55:36+00:00,2026-06-02T21:55:36+00:00,32.57,1.57,4.5
1022600067,draftkings,2026,Washington Mystics,Chicago Sky,2026-06-02T23:30:00+00:00,5,-2.5,1.5,2026-05-31T21:55:36+00:00,2026-06-02T21:55:36+00:00,49.57,1.57,4.0
1022600067,fanatics,2026,Washington Mystics,Chicago Sky,2026-06-02T23:30:00+00:00,5,-2.5,2.0,2026-05-31T21:55:36+00:00,2026-06-02T21:55:36+00:00,49.57,1.57,4.5
1022600067,fanduel,2026,Washington Mystics,Chicago Sky,2026-06-02T23:30:00+00:00,5,-1.5,2.5,2026-05-31T21:55:36+00:00,2026-06-02T21:55:36+00:00,49.57,1.57,4.0
1022600067,lowvig,2026,Washington Mystics,Chicago Sky,2026-06-02T23:30:00+00:00,5,-2.5,1.5,2026-05-31T21:55:36+00:00,2026-06-02T21:55:36+00:00,49.57,1.57,4.0
1022600067,mybookieag,2026,Washington Mystics,Chicago Sky,2026-06-02T23:30:00+00:00,4,-2.5,2.0,2026-06-01T14:55:36+00:00,2026-06-02T21:55:36+00:00,32.57,1.57,4.5
1022600067,williamhill_us,2026,Washington Mystics,Chicago Sky,2026-06-02T23:30:00+00:00,5,-2.5,1.5,2026-05-31T21:55:36+00:00,2026-06-02T21:55:36+00:00,49.57,1.57,4.0
1022600068,betmgm,2026,Golden State Valkyries,Portland Fire,2026-06-03T02:00:00+00:00,4,-8.5,-9.5,2026-06-01T14:55:36+00:00,2026-06-02T21:55:36+00:00,35.07,4.07,1.0
1022600068,betonlineag,2026,Golden State Valkyries,Portland Fire,2026-06-03T02:00:00+00:00,4,-8.5,-9.0,2026-06-01T14:55:36+00:00,2026-06-02T21:55:36+00:00,35.07,4.07,0.5
1022600068,betrivers,2026,Golden State Valkyries,Portland Fire,2026-06-03T02:00:00+00:00,4,-8.5,-9.5,2026-06-01T14:55:36+00:00,2026-06-02T21:55:36+00:00,35.07,4.07,1.0
1022600068,betus,2026,Golden State Valkyries,Portland Fire,2026-06-03T02:00:00+00:00,4,-8.5,-9.0,2026-06-01T14:55:36+00:00,2026-06-02T21:55:36+00:00,35.07,4.07,0.5
1022600068,bovada,2026,Golden State Valkyries,Portland Fire,2026-06-03T02:00:00+00:00,4,-8.5,-9.5,2026-06-01T14:55:36+00:00,2026-06-02T21:55:36+00:00,35.07,4.07,1.0
1022600068,draftkings,2026,Golden State Valkyries,Portland Fire,2026-06-03T02:00:00+00:00,4,-8.5,-9.5,2026-06-01T14:55:36+00:00,2026-06-02T21:55:36+00:00,35.07,4.07,1.0
1022600068,fanatics,2026,Golden State Valkyries,Portland Fire,2026-06-03T02:00:00+00:00,4,-8.5,-9.5,2026-06-01T14:55:36+00:00,2026-06-02T21:55:36+00:00,35.07,4.07,1.0
1022600068,fanduel,2026,Golden State Valkyries,Portland Fire,2026-06-03T02:00:00+00:00,4,-8.5,-9.5,2026-06-01T14:55:36+00:00,2026-06-02T21:55:36+00:00,35.07,4.07,1.0
1022600068,lowvig,2026,Golden State Valkyries,Portland Fire,2026-06-03T02:00:00+00:00,4,-8.5,-9.0,2026-06-01T14:55:36+00:00,2026-06-02T21:55:36+00:00,35.07,4.07,0.5
1022600068,mybookieag,2026,Golden State Valkyries,Portland Fire,2026-06-03T02:00:00+00:00,4,-8.5,-9.5,2026-06-01T14:55:36+00:00,2026-06-02T21:55:36+00:00,35.07,4.07,1.0
1022600068,williamhill_us,2026,Golden State Valkyries,Portland Fire,2026-06-03T02:00:00+00:00,4,-8.5,-9.0,2026-06-01T14:55:36+00:00,2026-06-02T21:55:36+00:00,35.07,4.07,0.5
1022600069,betmgm,2026,Los Angeles Sparks,Las Vegas Aces,2026-06-03T02:10:00+00:00,4,6.5,7.5,2026-06-01T14:55:36+00:00,2026-06-02T21:55:36+00:00,35.24,4.24,1.0
1022600069,betonlineag,2026,Los Angeles Sparks,Las Vegas Aces,2026-06-03T02:10:00+00:00,4,6.5,7.5,2026-06-01T14:55:36+00:00,2026-06-02T21:55:36+00:00,35.24,4.24,1.0
1022600069,betrivers,2026,Los Angeles Sparks,Las Vegas Aces,2026-06-03T02:10:00+00:00,4,6.5,8.0,2026-06-01T14:55:36+00:00,2026-06-02T21:55:36+00:00,35.24,4.24,1.5
1022600069,betus,2026,Los Angeles Sparks,Las Vegas Aces,2026-06-03T02:10:00+00:00,4,6.5,7.5,2026-06-01T14:55:36+00:00,2026-06-02T21:55:36+00:00,35.24,4.24,1.0
1022600069,bovada,2026,Los Angeles Sparks,Las Vegas Aces,2026-06-03T02:10:00+00:00,4,6.5,8.5,2026-06-01T14:55:36+00:00,2026-06-02T21:55:36+00:00,35.24,4.24,2.0
1022600069,draftkings,2026,Los Angeles Sparks,Las Vegas Aces,2026-06-03T02:10:00+00:00,4,6.5,7.5,2026-06-01T14:55:36+00:00,2026-06-02T21:55:36+00:00,35.24,4.24,1.0
1022600069,fanatics,2026,Los Angeles Sparks,Las Vegas Aces,2026-06-03T02:10:00+00:00,4,6.5,8.0,2026-06-01T14:55:36+00:00,2026-06-02T21:55:36+00:00,35.24,4.24,1.5
1022600069,fanduel,2026,Los Angeles Sparks,Las Vegas Aces,2026-06-03T02:10:00+00:00,4,6.5,7.5,2026-06-01T14:55:36+00:00,2026-06-02T21:55:36+00:00,35.24,4.24,1.0
1022600069,lowvig,2026,Los Angeles Sparks,Las Vegas Aces,2026-06-03T02:10:00+00:00,4,6.5,7.5,2026-06-01T14:55:36+00:00,2026-06-02T21:55:36+00:00,35.24,4.24,1.0
1022600069,mybookieag,2026,Los Angeles Sparks,Las Vegas Aces,2026-06-03T02:10:00+00:00,4,6.5,8.0,2026-06-01T14:55:36+00:00,2026-06-02T21:55:36+00:00,35.24,4.24,1.5
1022600069,williamhill_us,2026,Los Angeles Sparks,Las Vegas Aces,2026-06-03T02:10:00+00:00,4,6.5,7.5,2026-06-01T14:55:36+00:00,2026-06-02T21:55:36+00:00,35.24,4.24,1.0
1022600070,betmgm,2026,New York Liberty,Toronto Tempo,2026-06-04T00:00:00+00:00,2,-9.5,-10.5,2026-06-02T21:55:36+00:00,2026-06-03T14:55:36+00:00,26.07,9.07,1.0
1022600070,betonlineag,2026,New York Liberty,Toronto Tempo,2026-06-04T00:00:00+00:00,4,-9.5,-8.5,2026-06-02T14:55:36+00:00,2026-06-03T21:55:36+00:00,33.07,2.07,1.0
1022600070,betrivers,2026,New York Liberty,Toronto Tempo,2026-06-04T00:00:00+00:00,4,-10.5,-8.0,2026-06-02T14:55:36+00:00,2026-06-03T21:55:36+00:00,33.07,2.07,2.5
1022600070,betus,2026,New York Liberty,Toronto Tempo,2026-06-04T00:00:00+00:00,2,-10.0,-8.5,2026-06-03T14:55:36+00:00,2026-06-03T21:55:36+00:00,9.07,2.07,1.5
1022600070,bovada,2026,New York Liberty,Toronto Tempo,2026-06-04T00:00:00+00:00,2,-8.5,-9.5,2026-06-02T21:55:36+00:00,2026-06-03T14:55:36+00:00,26.07,9.07,1.0
1022600070,draftkings,2026,New York Liberty,Toronto Tempo,2026-06-04T00:00:00+00:00,3,-9.5,-9.5,2026-06-02T14:55:36+00:00,2026-06-03T14:55:36+00:00,33.07,9.07,0.0
1022600070,fanatics,2026,New York Liberty,Toronto Tempo,2026-06-04T00:00:00+00:00,3,-9.0,-8.5,2026-06-02T21:55:36+00:00,2026-06-03T21:55:36+00:00,26.07,2.07,0.5
1022600070,fanduel,2026,New York Liberty,Toronto Tempo,2026-06-04T00:00:00+00:00,4,-10.5,-8.5,2026-06-02T14:55:36+00:00,2026-06-03T21:55:36+00:00,33.07,2.07,2.0
1022600070,lowvig,2026,New York Liberty,Toronto Tempo,2026-06-04T00:00:00+00:00,4,-9.5,-8.5,2026-06-02T14:55:36+00:00,2026-06-03T21:55:36+00:00,33.07,2.07,1.0
1022600070,mybookieag,2026,New York Liberty,Toronto Tempo,2026-06-04T00:00:00+00:00,2,-9.5,-8.5,2026-06-03T14:55:36+00:00,2026-06-03T21:55:36+00:00,9.07,2.07,1.0
1022600070,williamhill_us,2026,New York Liberty,Toronto Tempo,2026-06-04T00:00:00+00:00,3,-9.5,-8.5,2026-06-02T14:55:36+00:00,2026-06-03T21:55:36+00:00,33.07,2.07,1.0
1022600071,betmgm,2026,Seattle Storm,Phoenix Mercury,2026-06-04T02:00:00+00:00,2,4.5,6.5,2026-06-02T21:55:36+00:00,2026-06-03T14:55:36+00:00,28.07,11.07,2.0
1022600071,betonlineag,2026,Seattle Storm,Phoenix Mercury,2026-06-04T02:00:00+00:00,4,5.5,7.5,2026-06-02T14:55:36+00:00,2026-06-03T21:55:36+00:00,35.07,4.07,2.0
1022600071,betrivers,2026,Seattle Storm,Phoenix Mercury,2026-06-04T02:00:00+00:00,4,5.5,7.0,2026-06-02T14:55:36+00:00,2026-06-03T21:55:36+00:00,35.07,4.07,1.5
1022600071,betus,2026,Seattle Storm,Phoenix Mercury,2026-06-04T02:00:00+00:00,2,6.0,7.0,2026-06-03T14:55:36+00:00,2026-06-03T21:55:36+00:00,11.07,4.07,1.0
1022600071,bovada,2026,Seattle Storm,Phoenix Mercury,2026-06-04T02:00:00+00:00,2,5.0,6.5,2026-06-02T21:55:36+00:00,2026-06-03T14:55:36+00:00,28.07,11.07,1.5
1022600071,draftkings,2026,Seattle Storm,Phoenix Mercury,2026-06-04T02:00:00+00:00,3,5.5,6.5,2026-06-02T14:55:36+00:00,2026-06-03T14:55:36+00:00,35.07,11.07,1.0
1022600071,fanatics,2026,Seattle Storm,Phoenix Mercury,2026-06-04T02:00:00+00:00,2,6.5,7.5,2026-06-03T14:55:36+00:00,2026-06-03T21:55:36+00:00,11.07,4.07,1.0
1022600071,fanduel,2026,Seattle Storm,Phoenix Mercury,2026-06-04T02:00:00+00:00,4,5.5,7.5,2026-06-02T14:55:36+00:00,2026-06-03T21:55:36+00:00,35.07,4.07,2.0
1022600071,lowvig,2026,Seattle Storm,Phoenix Mercury,2026-06-04T02:00:00+00:00,4,5.5,7.5,2026-06-02T14:55:36+00:00,2026-06-03T21:55:36+00:00,35.07,4.07,2.0
1022600071,mybookieag,2026,Seattle Storm,Phoenix Mercury,2026-06-04T02:00:00+00:00,2,6.5,7.0,2026-06-03T14:55:36+00:00,2026-06-03T21:55:36+00:00,11.07,4.07,0.5
1022600071,williamhill_us,2026,Seattle Storm,Phoenix Mercury,2026-06-04T02:00:00+00:00,4,5.5,7.5,2026-06-02T14:55:36+00:00,2026-06-03T21:55:36+00:00,35.07,4.07,2.0
1022600072,betmgm,2026,Indiana Fever,Atlanta Dream,2026-06-04T23:00:00+00:00,3,-1.5,-1.5,2026-06-03T14:55:36+00:00,2026-06-04T21:55:36+00:00,32.07,1.07,0.0
1022600072,betonlineag,2026,Indiana Fever,Atlanta Dream,2026-06-04T23:00:00+00:00,4,-1.5,0.0,2026-06-03T14:55:36+00:00,2026-06-04T21:55:36+00:00,32.07,1.07,1.5
1022600072,betrivers,2026,Indiana Fever,Atlanta Dream,2026-06-04T23:00:00+00:00,4,-1.5,-1.0,2026-06-03T14:55:36+00:00,2026-06-04T21:55:36+00:00,32.07,1.07,0.5
1022600072,betus,2026,Indiana Fever,Atlanta Dream,2026-06-04T23:00:00+00:00,3,0.0,0.0,2026-06-03T21:55:36+00:00,2026-06-04T21:55:36+00:00,25.07,1.07,0.0
1022600072,bovada,2026,Indiana Fever,Atlanta Dream,2026-06-04T23:00:00+00:00,2,-1.0,1.0,2026-06-04T14:55:36+00:00,2026-06-04T21:55:36+00:00,8.07,1.07,2.0
1022600072,draftkings,2026,Indiana Fever,Atlanta Dream,2026-06-04T23:00:00+00:00,3,-1.5,-1.5,2026-06-03T14:55:36+00:00,2026-06-04T21:55:36+00:00,32.07,1.07,0.0
1022600072,fanatics,2026,Indiana Fever,Atlanta Dream,2026-06-04T23:00:00+00:00,4,-1.0,-1.0,2026-06-03T14:55:36+00:00,2026-06-04T21:55:36+00:00,32.07,1.07,0.0
1022600072,fanduel,2026,Indiana Fever,Atlanta Dream,2026-06-04T23:00:00+00:00,4,-1.5,-1.5,2026-06-03T14:55:36+00:00,2026-06-04T21:55:36+00:00,32.07,1.07,0.0
1022600072,lowvig,2026,Indiana Fever,Atlanta Dream,2026-06-04T23:00:00+00:00,4,-1.5,0.0,2026-06-03T14:55:36+00:00,2026-06-04T21:55:36+00:00,32.07,1.07,1.5
1022600072,mybookieag,2026,Indiana Fever,Atlanta Dream,2026-06-04T23:00:00+00:00,2,-1.5,-1.0,2026-06-04T14:55:36+00:00,2026-06-04T21:55:36+00:00,8.07,1.07,0.5
1022600072,williamhill_us,2026,Indiana Fever,Atlanta Dream,2026-06-04T23:00:00+00:00,3,0.0,-1.0,2026-06-03T21:55:36+00:00,2026-06-04T21:55:36+00:00,25.07,1.07,1.0
1022600073,betmgm,2026,Minnesota Lynx,Golden State Valkyries,2026-06-05T01:00:00+00:00,3,-2.5,-3.5,2026-06-03T14:55:36+00:00,2026-06-04T21:55:36+00:00,34.07,3.07,1.0
1022600073,betonlineag,2026,Minnesota Lynx,Golden State Valkyries,2026-06-05T01:00:00+00:00,4,-3.0,-3.5,2026-06-03T14:55:36+00:00,2026-06-04T21:55:36+00:00,34.07,3.07,0.5
1022600073,betrivers,2026,Minnesota Lynx,Golden State Valkyries,2026-06-05T01:00:00+00:00,4,-2.5,-3.5,2026-06-03T14:55:36+00:00,2026-06-04T21:55:36+00:00,34.07,3.07,1.0
1022600073,betus,2026,Minnesota Lynx,Golden State Valkyries,2026-06-05T01:00:00+00:00,3,-2.5,-3.0,2026-06-03T21:55:36+00:00,2026-06-04T21:55:36+00:00,27.07,3.07,0.5
1022600073,bovada,2026,Minnesota Lynx,Golden State Valkyries,2026-06-05T01:00:00+00:00,2,-3.0,-3.0,2026-06-04T14:55:36+00:00,2026-06-04T21:55:36+00:00,10.07,3.07,0.0
1022600073,draftkings,2026,Minnesota Lynx,Golden State Valkyries,2026-06-05T01:00:00+00:00,3,-2.5,-3.5,2026-06-03T14:55:36+00:00,2026-06-04T21:55:36+00:00,34.07,3.07,1.0
1022600073,fanatics,2026,Minnesota Lynx,Golden State Valkyries,2026-06-05T01:00:00+00:00,4,-2.5,-3.5,2026-06-03T14:55:36+00:00,2026-06-04T21:55:36+00:00,34.07,3.07,1.0
1022600073,fanduel,2026,Minnesota Lynx,Golden State Valkyries,2026-06-05T01:00:00+00:00,4,-2.5,-3.5,2026-06-03T14:55:36+00:00,2026-06-04T21:55:36+00:00,34.07,3.07,1.0
1022600073,lowvig,2026,Minnesota Lynx,Golden State Valkyries,2026-06-05T01:00:00+00:00,4,-3.0,-3.5,2026-06-03T14:55:36+00:00,2026-06-04T21:55:36+00:00,34.07,3.07,0.5
1022600073,mybookieag,2026,Minnesota Lynx,Golden State Valkyries,2026-06-05T01:00:00+00:00,2,-3.0,-3.0,2026-06-04T14:55:36+00:00,2026-06-04T21:55:36+00:00,10.07,3.07,0.0
1022600073,williamhill_us,2026,Minnesota Lynx,Golden State Valkyries,2026-06-05T01:00:00+00:00,3,-2.5,-3.5,2026-06-03T21:55:36+00:00,2026-06-04T21:55:36+00:00,27.07,3.07,1.0
1022600074,betmgm,2026,Chicago Sky,Connecticut Sun,2026-06-05T23:30:00+00:00,4,-7.5,-5.5,2026-06-04T14:55:36+00:00,2026-06-05T21:55:36+00:00,32.57,1.57,2.0
1022600074,betonlineag,2026,Chicago Sky,Connecticut Sun,2026-06-05T23:30:00+00:00,3,-7.0,-6.0,2026-06-04T21:55:36+00:00,2026-06-05T21:55:36+00:00,25.57,1.57,1.0
1022600074,betrivers,2026,Chicago Sky,Connecticut Sun,2026-06-05T23:30:00+00:00,4,-7.5,-6.5,2026-06-04T14:55:36+00:00,2026-06-05T21:55:36+00:00,32.57,1.57,1.0
1022600074,betus,2026,Chicago Sky,Connecticut Sun,2026-06-05T23:30:00+00:00,3,-7.0,-6.0,2026-06-04T21:55:36+00:00,2026-06-05T21:55:36+00:00,25.57,1.57,1.0
1022600074,bovada,2026,Chicago Sky,Connecticut Sun,2026-06-05T23:30:00+00:00,3,-7.0,-6.0,2026-06-04T21:55:36+00:00,2026-06-05T21:55:36+00:00,25.57,1.57,1.0
1022600074,draftkings,2026,Chicago Sky,Connecticut Sun,2026-06-05T23:30:00+00:00,4,-7.5,-6.5,2026-06-04T14:55:36+00:00,2026-06-05T21:55:36+00:00,32.57,1.57,1.0
1022600074,fanatics,2026,Chicago Sky,Connecticut Sun,2026-06-05T23:30:00+00:00,3,-7.0,-6.0,2026-06-04T21:55:36+00:00,2026-06-05T21:55:36+00:00,25.57,1.57,1.0
1022600074,fanduel,2026,Chicago Sky,Connecticut Sun,2026-06-05T23:30:00+00:00,4,-8.5,-6.5,2026-06-04T14:55:36+00:00,2026-06-05T21:55:36+00:00,32.57,1.57,2.0
1022600074,lowvig,2026,Chicago Sky,Connecticut Sun,2026-06-05T23:30:00+00:00,3,-7.0,-6.0,2026-06-04T21:55:36+00:00,2026-06-05T21:55:36+00:00,25.57,1.57,1.0
1022600074,mybookieag,2026,Chicago Sky,Connecticut Sun,2026-06-05T23:30:00+00:00,2,-6.0,-6.0,2026-06-05T14:55:36+00:00,2026-06-05T21:55:36+00:00,8.57,1.57,0.0
1022600074,williamhill_us,2026,Chicago Sky,Connecticut Sun,2026-06-05T23:30:00+00:00,2,-6.5,-6.0,2026-06-05T14:55:36+00:00,2026-06-05T21:55:36+00:00,8.57,1.57,0.5
1022600075,betmgm,2026,Los Angeles Sparks,Dallas Wings,2026-06-06T02:00:00+00:00,3,5.5,2.5,2026-06-04T14:55:36+00:00,2026-06-05T21:55:36+00:00,35.07,4.07,3.0
1022600075,betonlineag,2026,Los Angeles Sparks,Dallas Wings,2026-06-06T02:00:00+00:00,3,1.5,2.5,2026-06-04T21:55:36+00:00,2026-06-05T21:55:36+00:00,28.07,4.07,1.0
1022600075,betrivers,2026,Los Angeles Sparks,Dallas Wings,2026-06-06T02:00:00+00:00,4,4.5,1.5,2026-06-04T14:55:36+00:00,2026-06-05T21:55:36+00:00,35.07,4.07,3.0
1022600075,betus,2026,Los Angeles Sparks,Dallas Wings,2026-06-06T02:00:00+00:00,3,1.5,2.5,2026-06-04T21:55:36+00:00,2026-06-05T21:55:36+00:00,28.07,4.07,1.0
1022600075,bovada,2026,Los Angeles Sparks,Dallas Wings,2026-06-06T02:00:00+00:00,3,1.5,2.0,2026-06-04T21:55:36+00:00,2026-06-05T21:55:36+00:00,28.07,4.07,0.5
1022600075,draftkings,2026,Los Angeles Sparks,Dallas Wings,2026-06-06T02:00:00+00:00,4,5.5,2.5,2026-06-04T14:55:36+00:00,2026-06-05T21:55:36+00:00,35.07,4.07,3.0
1022600075,fanatics,2026,Los Angeles Sparks,Dallas Wings,2026-06-06T02:00:00+00:00,3,2.5,2.0,2026-06-04T21:55:36+00:00,2026-06-05T21:55:36+00:00,28.07,4.07,0.5
1022600075,fanduel,2026,Los Angeles Sparks,Dallas Wings,2026-06-06T02:00:00+00:00,4,4.5,2.5,2026-06-04T14:55:36+00:00,2026-06-05T21:55:36+00:00,35.07,4.07,2.0
1022600075,lowvig,2026,Los Angeles Sparks,Dallas Wings,2026-06-06T02:00:00+00:00,3,1.5,2.5,2026-06-04T21:55:36+00:00,2026-06-05T21:55:36+00:00,28.07,4.07,1.0
1022600075,mybookieag,2026,Los Angeles Sparks,Dallas Wings,2026-06-06T02:00:00+00:00,2,1.5,2.5,2026-06-05T14:55:36+00:00,2026-06-05T21:55:36+00:00,11.07,4.07,1.0
1022600075,williamhill_us,2026,Los Angeles Sparks,Dallas Wings,2026-06-06T02:00:00+00:00,2,1.5,2.5,2026-06-05T14:55:36+00:00,2026-06-05T21:55:36+00:00,11.07,4.07,1.0
1022600076,betmgm,2026,Portland Fire,Phoenix Mercury,2026-06-06T02:00:00+00:00,4,-1.5,-2.5,2026-06-04T14:55:36+00:00,2026-06-05T21:55:36+00:00,35.07,4.07,1.0
1022600076,betonlineag,2026,Portland Fire,Phoenix Mercury,2026-06-06T02:00:00+00:00,3,1.5,-2.5,2026-06-04T21:55:36+00:00,2026-06-05T21:55:36+00:00,28.07,4.07,4.0
1022600076,betrivers,2026,Portland Fire,Phoenix Mercury,2026-06-06T02:00:00+00:00,4,1.5,-2.0,2026-06-04T14:55:36+00:00,2026-06-05T21:55:36+00:00,35.07,4.07,3.5
1022600076,betus,2026,Portland Fire,Phoenix Mercury,2026-06-06T02:00:00+00:00,3,1.5,-3.0,2026-06-04T21:55:36+00:00,2026-06-05T21:55:36+00:00,28.07,4.07,4.5
1022600076,bovada,2026,Portland Fire,Phoenix Mercury,2026-06-06T02:00:00+00:00,3,1.5,-3.0,2026-06-04T21:55:36+00:00,2026-06-05T21:55:36+00:00,28.07,4.07,4.5
1022600076,draftkings,2026,Portland Fire,Phoenix Mercury,2026-06-06T02:00:00+00:00,4,-1.5,-2.5,2026-06-04T14:55:36+00:00,2026-06-05T21:55:36+00:00,35.07,4.07,1.0
1022600076,fanatics,2026,Portland Fire,Phoenix Mercury,2026-06-06T02:00:00+00:00,3,1.5,-2.5,2026-06-04T21:55:36+00:00,2026-06-05T21:55:36+00:00,28.07,4.07,4.0
1022600076,fanduel,2026,Portland Fire,Phoenix Mercury,2026-06-06T02:00:00+00:00,4,1.5,-2.5,2026-06-04T14:55:36+00:00,2026-06-05T21:55:36+00:00,35.07,4.07,4.0
1022600076,lowvig,2026,Portland Fire,Phoenix Mercury,2026-06-06T02:00:00+00:00,3,1.5,-2.5,2026-06-04T21:55:36+00:00,2026-06-05T21:55:36+00:00,28.07,4.07,4.0
1022600076,mybookieag,2026,Portland Fire,Phoenix Mercury,2026-06-06T02:00:00+00:00,2,-3.0,-2.5,2026-06-05T14:55:36+00:00,2026-06-05T21:55:36+00:00,11.07,4.07,0.5
1022600076,williamhill_us,2026,Portland Fire,Phoenix Mercury,2026-06-06T02:00:00+00:00,2,-2.5,-2.5,2026-06-05T14:55:36+00:00,2026-06-05T21:55:36+00:00,11.07,4.07,0.0
1022600077,betmgm,2026,Minnesota Lynx,Seattle Storm,2026-06-06T17:00:00+00:00,2,-13.5,-13.5,2026-06-05T21:55:36+00:00,2026-06-06T14:55:36+00:00,19.07,2.07,0.0
1022600077,betonlineag,2026,Minnesota Lynx,Seattle Storm,2026-06-06T17:00:00+00:00,2,-14.0,-13.5,2026-06-05T21:55:36+00:00,2026-06-06T14:55:36+00:00,19.07,2.07,0.5
1022600077,betrivers,2026,Minnesota Lynx,Seattle Storm,2026-06-06T17:00:00+00:00,3,-12.5,-14.5,2026-06-05T14:55:36+00:00,2026-06-06T14:55:36+00:00,26.07,2.07,2.0
1022600077,betus,2026,Minnesota Lynx,Seattle Storm,2026-06-06T17:00:00+00:00,1,-14.0,-14.0,2026-06-06T14:55:36+00:00,2026-06-06T14:55:36+00:00,2.07,2.07,0.0
1022600077,bovada,2026,Minnesota Lynx,Seattle Storm,2026-06-06T17:00:00+00:00,2,-14.0,-13.5,2026-06-05T21:55:36+00:00,2026-06-06T14:55:36+00:00,19.07,2.07,0.5
1022600077,draftkings,2026,Minnesota Lynx,Seattle Storm,2026-06-06T17:00:00+00:00,3,-12.5,-13.5,2026-06-05T14:55:36+00:00,2026-06-06T14:55:36+00:00,26.07,2.07,1.0
1022600077,fanatics,2026,Minnesota Lynx,Seattle Storm,2026-06-06T17:00:00+00:00,3,-12.5,-14.0,2026-06-05T14:55:36+00:00,2026-06-06T14:55:36+00:00,26.07,2.07,1.5
1022600077,fanduel,2026,Minnesota Lynx,Seattle Storm,2026-06-06T17:00:00+00:00,3,-12.5,-14.5,2026-06-05T14:55:36+00:00,2026-06-06T14:55:36+00:00,26.07,2.07,2.0
1022600077,lowvig,2026,Minnesota Lynx,Seattle Storm,2026-06-06T17:00:00+00:00,2,-14.0,-13.5,2026-06-05T21:55:36+00:00,2026-06-06T14:55:36+00:00,19.07,2.07,0.5
1022600077,mybookieag,2026,Minnesota Lynx,Seattle Storm,2026-06-06T17:00:00+00:00,3,-12.5,-13.5,2026-06-05T14:55:36+00:00,2026-06-06T14:55:36+00:00,26.07,2.07,1.0
1022600077,williamhill_us,2026,Minnesota Lynx,Seattle Storm,2026-06-06T17:00:00+00:00,3,-12.5,-13.5,2026-06-05T14:55:36+00:00,2026-06-06T14:55:36+00:00,26.07,2.07,1.0
1022600078,betmgm,2026,Las Vegas Aces,Golden State Valkyries,2026-06-06T19:00:00+00:00,2,-3.5,-2.5,2026-06-05T21:55:36+00:00,2026-06-06T14:55:36+00:00,21.07,4.07,1.0
1022600078,betonlineag,2026,Las Vegas Aces,Golden State Valkyries,2026-06-06T19:00:00+00:00,2,-3.0,-2.5,2026-06-05T21:55:36+00:00,2026-06-06T14:55:36+00:00,21.07,4.07,0.5
1022600078,betrivers,2026,Las Vegas Aces,Golden State Valkyries,2026-06-06T19:00:00+00:00,3,-4.5,-3.0,2026-06-05T14:55:36+00:00,2026-06-06T14:55:36+00:00,28.07,4.07,1.5
1022600078,betus,2026,Las Vegas Aces,Golden State Valkyries,2026-06-06T19:00:00+00:00,1,-2.5,-2.5,2026-06-06T14:55:36+00:00,2026-06-06T14:55:36+00:00,4.07,4.07,0.0
1022600078,bovada,2026,Las Vegas Aces,Golden State Valkyries,2026-06-06T19:00:00+00:00,2,-3.0,-3.0,2026-06-05T21:55:36+00:00,2026-06-06T14:55:36+00:00,21.07,4.07,0.0
1022600078,draftkings,2026,Las Vegas Aces,Golden State Valkyries,2026-06-06T19:00:00+00:00,3,-4.5,-3.5,2026-06-05T14:55:36+00:00,2026-06-06T14:55:36+00:00,28.07,4.07,1.0
1022600078,fanatics,2026,Las Vegas Aces,Golden State Valkyries,2026-06-06T19:00:00+00:00,3,-4.5,-3.0,2026-06-05T14:55:36+00:00,2026-06-06T14:55:36+00:00,28.07,4.07,1.5
1022600078,fanduel,2026,Las Vegas Aces,Golden State Valkyries,2026-06-06T19:00:00+00:00,3,-4.5,-3.5,2026-06-05T14:55:36+00:00,2026-06-06T14:55:36+00:00,28.07,4.07,1.0
1022600078,lowvig,2026,Las Vegas Aces,Golden State Valkyries,2026-06-06T19:00:00+00:00,2,-3.0,-2.5,2026-06-05T21:55:36+00:00,2026-06-06T14:55:36+00:00,21.07,4.07,0.5
1022600078,mybookieag,2026,Las Vegas Aces,Golden State Valkyries,2026-06-06T19:00:00+00:00,3,-4.5,-3.0,2026-06-05T14:55:36+00:00,2026-06-06T14:55:36+00:00,28.07,4.07,1.5
1022600078,williamhill_us,2026,Las Vegas Aces,Golden State Valkyries,2026-06-06T19:00:00+00:00,3,-4.5,-2.5,2026-06-05T14:55:36+00:00,2026-06-06T14:55:36+00:00,28.07,4.07,2.0
1022600079,betmgm,2026,Atlanta Dream,Washington Mystics,2026-06-06T22:00:00+00:00,2,-10.5,-9.5,2026-06-06T14:55:36+00:00,2026-06-06T21:55:37+00:00,7.07,0.07,1.0
1022600079,betonlineag,2026,Atlanta Dream,Washington Mystics,2026-06-06T22:00:00+00:00,3,-10.0,-9.5,2026-06-05T21:55:36+00:00,2026-06-06T21:55:37+00:00,24.07,0.07,0.5
1022600079,betrivers,2026,Atlanta Dream,Washington Mystics,2026-06-06T22:00:00+00:00,4,-9.5,-9.5,2026-06-05T14:55:36+00:00,2026-06-06T21:55:37+00:00,31.07,0.07,0.0
1022600079,betus,2026,Atlanta Dream,Washington Mystics,2026-06-06T22:00:00+00:00,2,-10.5,-9.0,2026-06-06T14:55:36+00:00,2026-06-06T21:55:37+00:00,7.07,0.07,1.5
1022600079,bovada,2026,Atlanta Dream,Washington Mystics,2026-06-06T22:00:00+00:00,3,-10.0,-9.0,2026-06-05T21:55:36+00:00,2026-06-06T21:55:37+00:00,24.07,0.07,1.0
1022600079,draftkings,2026,Atlanta Dream,Washington Mystics,2026-06-06T22:00:00+00:00,4,-9.5,-9.5,2026-06-05T14:55:36+00:00,2026-06-06T21:55:37+00:00,31.07,0.07,0.0
1022600079,fanatics,2026,Atlanta Dream,Washington Mystics,2026-06-06T22:00:00+00:00,4,-9.5,-9.5,2026-06-05T14:55:36+00:00,2026-06-06T21:55:37+00:00,31.07,0.07,0.0
1022600079,fanduel,2026,Atlanta Dream,Washington Mystics,2026-06-06T22:00:00+00:00,4,-9.5,-9.5,2026-06-05T14:55:36+00:00,2026-06-06T21:55:37+00:00,31.07,0.07,0.0
1022600079,lowvig,2026,Atlanta Dream,Washington Mystics,2026-06-06T22:00:00+00:00,3,-10.0,-9.5,2026-06-05T21:55:36+00:00,2026-06-06T21:55:37+00:00,24.07,0.07,0.5
1022600079,mybookieag,2026,Atlanta Dream,Washington Mystics,2026-06-06T22:00:00+00:00,4,-9.0,-9.0,2026-06-05T14:55:36+00:00,2026-06-06T21:55:37+00:00,31.07,0.07,0.0
1022600079,williamhill_us,2026,Atlanta Dream,Washington Mystics,2026-06-06T22:00:00+00:00,4,-9.5,-9.0,2026-06-05T14:55:36+00:00,2026-06-06T21:55:37+00:00,31.07,0.07,0.5
1022600080,betmgm,2026,New York Liberty,Indiana Fever,2026-06-07T00:00:00+00:00,2,-4.5,-2.5,2026-06-06T14:55:36+00:00,2026-06-06T21:55:37+00:00,9.07,2.07,2.0
1022600080,betonlineag,2026,New York Liberty,Indiana Fever,2026-06-07T00:00:00+00:00,3,-2.5,-2.5,2026-06-05T21:55:36+00:00,2026-06-06T21:55:37+00:00,26.07,2.07,0.0
1022600080,betrivers,2026,New York Liberty,Indiana Fever,2026-06-07T00:00:00+00:00,4,-2.5,-2.5,2026-06-05T14:55:36+00:00,2026-06-06T21:55:37+00:00,33.07,2.07,0.0
1022600080,betus,2026,New York Liberty,Indiana Fever,2026-06-07T00:00:00+00:00,2,-4.5,-2.5,2026-06-06T14:55:36+00:00,2026-06-06T21:55:37+00:00,9.07,2.07,2.0
1022600080,bovada,2026,New York Liberty,Indiana Fever,2026-06-07T00:00:00+00:00,3,-2.5,-3.0,2026-06-05T21:55:36+00:00,2026-06-06T21:55:37+00:00,26.07,2.07,0.5
1022600080,draftkings,2026,New York Liberty,Indiana Fever,2026-06-07T00:00:00+00:00,4,-2.5,-2.5,2026-06-05T14:55:36+00:00,2026-06-06T21:55:37+00:00,33.07,2.07,0.0
1022600080,fanatics,2026,New York Liberty,Indiana Fever,2026-06-07T00:00:00+00:00,4,-2.5,-2.5,2026-06-05T14:55:36+00:00,2026-06-06T21:55:37+00:00,33.07,2.07,0.0
1022600080,fanduel,2026,New York Liberty,Indiana Fever,2026-06-07T00:00:00+00:00,4,-2.5,-2.5,2026-06-05T14:55:36+00:00,2026-06-06T21:55:37+00:00,33.07,2.07,0.0
1022600080,lowvig,2026,New York Liberty,Indiana Fever,2026-06-07T00:00:00+00:00,3,-2.5,-2.5,2026-06-05T21:55:36+00:00,2026-06-06T21:55:37+00:00,26.07,2.07,0.0
1022600080,mybookieag,2026,New York Liberty,Indiana Fever,2026-06-07T00:00:00+00:00,4,-2.5,-2.5,2026-06-05T14:55:36+00:00,2026-06-06T21:55:37+00:00,33.07,2.07,0.0
1022600080,williamhill_us,2026,New York Liberty,Indiana Fever,2026-06-07T00:00:00+00:00,4,-2.5,-2.5,2026-06-05T14:55:36+00:00,2026-06-06T21:55:37+00:00,33.07,2.07,0.0
1022600081,betmgm,2026,Toronto Tempo,Chicago Sky,2026-06-07T19:00:00+00:00,2,-1.5,-3.5,2026-06-06T21:55:37+00:00,2026-06-07T14:55:36+00:00,21.07,4.07,2.0
1022600081,betonlineag,2026,Toronto Tempo,Chicago Sky,2026-06-07T19:00:00+00:00,2,-1.5,-3.0,2026-06-06T21:55:37+00:00,2026-06-07T14:55:36+00:00,21.07,4.07,1.5
1022600081,betrivers,2026,Toronto Tempo,Chicago Sky,2026-06-07T19:00:00+00:00,2,-1.5,-3.0,2026-06-06T21:55:37+00:00,2026-06-07T14:55:36+00:00,21.07,4.07,1.5
1022600081,betus,2026,Toronto Tempo,Chicago Sky,2026-06-07T19:00:00+00:00,1,-3.0,-3.0,2026-06-07T14:55:36+00:00,2026-06-07T14:55:36+00:00,4.07,4.07,0.0
1022600081,bovada,2026,Toronto Tempo,Chicago Sky,2026-06-07T19:00:00+00:00,2,-1.5,-3.0,2026-06-06T21:55:37+00:00,2026-06-07T14:55:36+00:00,21.07,4.07,1.5
1022600081,draftkings,2026,Toronto Tempo,Chicago Sky,2026-06-07T19:00:00+00:00,3,-1.5,-3.5,2026-06-06T14:55:36+00:00,2026-06-07T14:55:36+00:00,28.07,4.07,2.0
1022600081,fanatics,2026,Toronto Tempo,Chicago Sky,2026-06-07T19:00:00+00:00,1,-3.0,-3.0,2026-06-07T14:55:36+00:00,2026-06-07T14:55:36+00:00,4.07,4.07,0.0
1022600081,fanduel,2026,Toronto Tempo,Chicago Sky,2026-06-07T19:00:00+00:00,3,-1.5,-2.5,2026-06-06T14:55:36+00:00,2026-06-07T14:55:36+00:00,28.07,4.07,1.0
1022600081,lowvig,2026,Toronto Tempo,Chicago Sky,2026-06-07T19:00:00+00:00,2,-1.5,-3.0,2026-06-06T21:55:37+00:00,2026-06-07T14:55:36+00:00,21.07,4.07,1.5
1022600081,mybookieag,2026,Toronto Tempo,Chicago Sky,2026-06-07T19:00:00+00:00,3,-1.5,-3.0,2026-06-06T14:55:36+00:00,2026-06-07T14:55:36+00:00,28.07,4.07,1.5
1022600081,williamhill_us,2026,Toronto Tempo,Chicago Sky,2026-06-07T19:00:00+00:00,3,-1.5,-3.0,2026-06-06T14:55:36+00:00,2026-06-07T14:55:36+00:00,28.07,4.07,1.5
1022600082,betonlineag,2026,Los Angeles Sparks,Portland Fire,2026-06-07T23:00:00+00:00,3,-7.5,-7.5,2026-06-06T21:55:37+00:00,2026-06-07T21:55:36+00:00,25.07,1.07,0.0
1022600082,betrivers,2026,Los Angeles Sparks,Portland Fire,2026-06-07T23:00:00+00:00,3,-7.5,-7.0,2026-06-06T21:55:37+00:00,2026-06-07T21:55:36+00:00,25.07,1.07,0.5
1022600082,betus,2026,Los Angeles Sparks,Portland Fire,2026-06-07T23:00:00+00:00,2,-7.5,-7.5,2026-06-07T14:55:36+00:00,2026-06-07T21:55:36+00:00,8.07,1.07,0.0
1022600082,bovada,2026,Los Angeles Sparks,Portland Fire,2026-06-07T23:00:00+00:00,3,-7.5,-7.0,2026-06-06T21:55:37+00:00,2026-06-07T21:55:36+00:00,25.07,1.07,0.5
1022600082,draftkings,2026,Los Angeles Sparks,Portland Fire,2026-06-07T23:00:00+00:00,4,-7.5,-7.5,2026-06-06T14:55:36+00:00,2026-06-07T21:55:36+00:00,32.07,1.07,0.0
1022600082,fanatics,2026,Los Angeles Sparks,Portland Fire,2026-06-07T23:00:00+00:00,2,-7.5,-7.5,2026-06-07T14:55:36+00:00,2026-06-07T21:55:36+00:00,8.07,1.07,0.0
1022600082,fanduel,2026,Los Angeles Sparks,Portland Fire,2026-06-07T23:00:00+00:00,4,-7.5,-7.5,2026-06-06T14:55:36+00:00,2026-06-07T21:55:36+00:00,32.07,1.07,0.0
1022600082,lowvig,2026,Los Angeles Sparks,Portland Fire,2026-06-07T23:00:00+00:00,3,-7.5,-7.5,2026-06-06T21:55:37+00:00,2026-06-07T21:55:36+00:00,25.07,1.07,0.0
1022600082,mybookieag,2026,Los Angeles Sparks,Portland Fire,2026-06-07T23:00:00+00:00,4,-7.5,-7.5,2026-06-06T14:55:36+00:00,2026-06-07T21:55:36+00:00,32.07,1.07,0.0
1022600082,williamhill_us,2026,Los Angeles Sparks,Portland Fire,2026-06-07T23:00:00+00:00,4,-7.5,-7.5,2026-06-06T14:55:36+00:00,2026-06-07T21:55:36+00:00,32.07,1.07,0.0
1022600083,betmgm,2026,Connecticut Sun,New York Liberty,2026-06-08T23:00:00+00:00,3,13.5,13.5,2026-06-07T21:55:36+00:00,2026-06-08T21:55:37+00:00,25.07,1.07,0.0
1022600083,betonlineag,2026,Connecticut Sun,New York Liberty,2026-06-08T23:00:00+00:00,4,11.5,12.5,2026-06-07T14:55:36+00:00,2026-06-08T21:55:37+00:00,32.07,1.07,1.0
1022600083,betrivers,2026,Connecticut Sun,New York Liberty,2026-06-08T23:00:00+00:00,4,11.5,12.5,2026-06-07T14:55:36+00:00,2026-06-08T21:55:37+00:00,32.07,1.07,1.0
1022600083,betus,2026,Connecticut Sun,New York Liberty,2026-06-08T23:00:00+00:00,3,13.0,13.0,2026-06-07T21:55:36+00:00,2026-06-08T21:55:37+00:00,25.07,1.07,0.0
1022600083,bovada,2026,Connecticut Sun,New York Liberty,2026-06-08T23:00:00+00:00,4,11.5,13.0,2026-06-07T14:55:36+00:00,2026-06-08T21:55:37+00:00,32.07,1.07,1.5
1022600083,draftkings,2026,Connecticut Sun,New York Liberty,2026-06-08T23:00:00+00:00,4,11.5,13.5,2026-06-07T14:55:36+00:00,2026-06-08T21:55:37+00:00,32.07,1.07,2.0
1022600083,fanatics,2026,Connecticut Sun,New York Liberty,2026-06-08T23:00:00+00:00,3,12.5,13.0,2026-06-07T21:55:36+00:00,2026-06-08T21:55:37+00:00,25.07,1.07,0.5
1022600083,fanduel,2026,Connecticut Sun,New York Liberty,2026-06-08T23:00:00+00:00,4,11.5,12.5,2026-06-07T14:55:36+00:00,2026-06-08T21:55:37+00:00,32.07,1.07,1.0
1022600083,lowvig,2026,Connecticut Sun,New York Liberty,2026-06-08T23:00:00+00:00,4,11.5,12.5,2026-06-07T14:55:36+00:00,2026-06-08T21:55:37+00:00,32.07,1.07,1.0
1022600083,mybookieag,2026,Connecticut Sun,New York Liberty,2026-06-08T23:00:00+00:00,4,11.5,13.5,2026-06-07T14:55:36+00:00,2026-06-08T21:55:37+00:00,32.07,1.07,2.0
1022600083,williamhill_us,2026,Connecticut Sun,New York Liberty,2026-06-08T23:00:00+00:00,4,11.5,12.5,2026-06-07T14:55:36+00:00,2026-06-08T21:55:37+00:00,32.07,1.07,1.0
1022600084,betmgm,2026,Washington Mystics,Indiana Fever,2026-06-08T23:00:00+00:00,3,5.5,5.5,2026-06-07T21:55:36+00:00,2026-06-08T21:55:37+00:00,25.07,1.07,0.0
1022600084,betonlineag,2026,Washington Mystics,Indiana Fever,2026-06-08T23:00:00+00:00,4,5.0,5.5,2026-06-07T14:55:36+00:00,2026-06-08T21:55:37+00:00,32.07,1.07,0.5
1022600084,betrivers,2026,Washington Mystics,Indiana Fever,2026-06-08T23:00:00+00:00,4,4.5,5.5,2026-06-07T14:55:36+00:00,2026-06-08T21:55:37+00:00,32.07,1.07,1.0
1022600084,betus,2026,Washington Mystics,Indiana Fever,2026-06-08T23:00:00+00:00,3,5.5,5.5,2026-06-07T21:55:36+00:00,2026-06-08T21:55:37+00:00,25.07,1.07,0.0
1022600084,bovada,2026,Washington Mystics,Indiana Fever,2026-06-08T23:00:00+00:00,4,5.0,5.0,2026-06-07T14:55:36+00:00,2026-06-08T21:55:37+00:00,32.07,1.07,0.0
1022600084,draftkings,2026,Washington Mystics,Indiana Fever,2026-06-08T23:00:00+00:00,4,4.5,5.5,2026-06-07T14:55:36+00:00,2026-06-08T21:55:37+00:00,32.07,1.07,1.0
1022600084,fanatics,2026,Washington Mystics,Indiana Fever,2026-06-08T23:00:00+00:00,3,5.5,5.5,2026-06-07T21:55:36+00:00,2026-06-08T21:55:37+00:00,25.07,1.07,0.0
1022600084,fanduel,2026,Washington Mystics,Indiana Fever,2026-06-08T23:00:00+00:00,4,5.5,5.5,2026-06-07T14:55:36+00:00,2026-06-08T21:55:37+00:00,32.07,1.07,0.0
1022600084,lowvig,2026,Washington Mystics,Indiana Fever,2026-06-08T23:00:00+00:00,4,5.0,5.5,2026-06-07T14:55:36+00:00,2026-06-08T21:55:37+00:00,32.07,1.07,0.5
1022600084,mybookieag,2026,Washington Mystics,Indiana Fever,2026-06-08T23:00:00+00:00,4,5.0,5.5,2026-06-07T14:55:36+00:00,2026-06-08T21:55:37+00:00,32.07,1.07,0.5
1022600084,williamhill_us,2026,Washington Mystics,Indiana Fever,2026-06-08T23:00:00+00:00,4,4.5,5.5,2026-06-07T14:55:36+00:00,2026-06-08T21:55:37+00:00,32.07,1.07,1.0
1022600085,betmgm,2026,Las Vegas Aces,Seattle Storm,2026-06-09T02:10:00+00:00,3,-14.5,-15.5,2026-06-07T21:55:36+00:00,2026-06-08T21:55:37+00:00,28.24,4.24,1.0
1022600085,betonlineag,2026,Las Vegas Aces,Seattle Storm,2026-06-09T02:10:00+00:00,4,-14.5,-15.5,2026-06-07T14:55:36+00:00,2026-06-08T21:55:37+00:00,35.24,4.24,1.0
1022600085,betrivers,2026,Las Vegas Aces,Seattle Storm,2026-06-09T02:10:00+00:00,4,-14.5,-15.5,2026-06-07T14:55:36+00:00,2026-06-08T21:55:37+00:00,35.24,4.24,1.0
1022600085,betus,2026,Las Vegas Aces,Seattle Storm,2026-06-09T02:10:00+00:00,3,-14.5,-16.0,2026-06-07T21:55:36+00:00,2026-06-08T21:55:37+00:00,28.24,4.24,1.5
1022600085,bovada,2026,Las Vegas Aces,Seattle Storm,2026-06-09T02:10:00+00:00,4,-14.5,-15.5,2026-06-07T14:55:36+00:00,2026-06-08T21:55:37+00:00,35.24,4.24,1.0
1022600085,draftkings,2026,Las Vegas Aces,Seattle Storm,2026-06-09T02:10:00+00:00,4,-14.5,-15.5,2026-06-07T14:55:36+00:00,2026-06-08T21:55:37+00:00,35.24,4.24,1.0
1022600085,fanatics,2026,Las Vegas Aces,Seattle Storm,2026-06-09T02:10:00+00:00,3,-14.5,-15.5,2026-06-07T21:55:36+00:00,2026-06-08T21:55:37+00:00,28.24,4.24,1.0
1022600085,fanduel,2026,Las Vegas Aces,Seattle Storm,2026-06-09T02:10:00+00:00,4,-14.5,-15.5,2026-06-07T14:55:36+00:00,2026-06-08T21:55:37+00:00,35.24,4.24,1.0
1022600085,lowvig,2026,Las Vegas Aces,Seattle Storm,2026-06-09T02:10:00+00:00,4,-14.5,-15.5,2026-06-07T14:55:36+00:00,2026-06-08T21:55:37+00:00,35.24,4.24,1.0
1022600085,mybookieag,2026,Las Vegas Aces,Seattle Storm,2026-06-09T02:10:00+00:00,4,-14.5,-16.0,2026-06-07T14:55:36+00:00,2026-06-08T21:55:37+00:00,35.24,4.24,1.5
1022600085,williamhill_us,2026,Las Vegas Aces,Seattle Storm,2026-06-09T02:10:00+00:00,4,-14.5,-15.5,2026-06-07T14:55:36+00:00,2026-06-08T21:55:37+00:00,35.24,4.24,1.0
1022600086,betmgm,2026,Chicago Sky,Atlanta Dream,2026-06-09T23:10:00+00:00,3,6.5,9.5,2026-06-08T21:55:37+00:00,2026-06-09T21:55:36+00:00,25.24,1.24,3.0
1022600086,betonlineag,2026,Chicago Sky,Atlanta Dream,2026-06-09T23:10:00+00:00,4,6.5,9.0,2026-06-08T14:55:36+00:00,2026-06-09T21:55:36+00:00,32.24,1.24,2.5
1022600086,betrivers,2026,Chicago Sky,Atlanta Dream,2026-06-09T23:10:00+00:00,4,5.5,9.0,2026-06-08T14:55:36+00:00,2026-06-09T21:55:36+00:00,32.24,1.24,3.5
1022600086,betus,2026,Chicago Sky,Atlanta Dream,2026-06-09T23:10:00+00:00,3,6.5,9.0,2026-06-08T21:55:37+00:00,2026-06-09T21:55:36+00:00,25.24,1.24,2.5
1022600086,bovada,2026,Chicago Sky,Atlanta Dream,2026-06-09T23:10:00+00:00,3,6.5,9.0,2026-06-08T21:55:37+00:00,2026-06-09T21:55:36+00:00,25.24,1.24,2.5
1022600086,draftkings,2026,Chicago Sky,Atlanta Dream,2026-06-09T23:10:00+00:00,4,6.5,9.5,2026-06-08T14:55:36+00:00,2026-06-09T21:55:36+00:00,32.24,1.24,3.0
1022600086,fanatics,2026,Chicago Sky,Atlanta Dream,2026-06-09T23:10:00+00:00,4,6.5,9.0,2026-06-08T14:55:36+00:00,2026-06-09T21:55:36+00:00,32.24,1.24,2.5
1022600086,fanduel,2026,Chicago Sky,Atlanta Dream,2026-06-09T23:10:00+00:00,4,6.5,8.5,2026-06-08T14:55:36+00:00,2026-06-09T21:55:36+00:00,32.24,1.24,2.0
1022600086,lowvig,2026,Chicago Sky,Atlanta Dream,2026-06-09T23:10:00+00:00,4,6.5,9.0,2026-06-08T14:55:36+00:00,2026-06-09T21:55:36+00:00,32.24,1.24,2.5
1022600086,mybookieag,2026,Chicago Sky,Atlanta Dream,2026-06-09T23:10:00+00:00,2,8.5,9.0,2026-06-09T14:55:36+00:00,2026-06-09T21:55:36+00:00,8.24,1.24,0.5
1022600086,williamhill_us,2026,Chicago Sky,Atlanta Dream,2026-06-09T23:10:00+00:00,4,6.5,9.0,2026-06-08T14:55:36+00:00,2026-06-09T21:55:36+00:00,32.24,1.24,2.5
1022600087,betmgm,2026,Minnesota Lynx,Dallas Wings,2026-06-10T00:10:00+00:00,3,-3.5,-4.5,2026-06-08T21:55:37+00:00,2026-06-09T21:55:36+00:00,26.24,2.24,1.0
1022600087,betonlineag,2026,Minnesota Lynx,Dallas Wings,2026-06-10T00:10:00+00:00,4,-3.5,-4.5,2026-06-08T14:55:36+00:00,2026-06-09T21:55:36+00:00,33.24,2.24,1.0
1022600087,betrivers,2026,Minnesota Lynx,Dallas Wings,2026-06-10T00:10:00+00:00,4,-3.5,-4.5,2026-06-08T14:55:36+00:00,2026-06-09T21:55:36+00:00,33.24,2.24,1.0
1022600087,betus,2026,Minnesota Lynx,Dallas Wings,2026-06-10T00:10:00+00:00,3,-3.5,-4.5,2026-06-08T21:55:37+00:00,2026-06-09T21:55:36+00:00,26.24,2.24,1.0
1022600087,bovada,2026,Minnesota Lynx,Dallas Wings,2026-06-10T00:10:00+00:00,3,-3.5,-4.5,2026-06-08T21:55:37+00:00,2026-06-09T21:55:36+00:00,26.24,2.24,1.0
1022600087,draftkings,2026,Minnesota Lynx,Dallas Wings,2026-06-10T00:10:00+00:00,4,-3.5,-4.5,2026-06-08T14:55:36+00:00,2026-06-09T21:55:36+00:00,33.24,2.24,1.0
1022600087,fanatics,2026,Minnesota Lynx,Dallas Wings,2026-06-10T00:10:00+00:00,4,-4.0,-4.5,2026-06-08T14:55:36+00:00,2026-06-09T21:55:36+00:00,33.24,2.24,0.5
1022600087,fanduel,2026,Minnesota Lynx,Dallas Wings,2026-06-10T00:10:00+00:00,4,-3.5,-4.5,2026-06-08T14:55:36+00:00,2026-06-09T21:55:36+00:00,33.24,2.24,1.0
1022600087,lowvig,2026,Minnesota Lynx,Dallas Wings,2026-06-10T00:10:00+00:00,4,-3.5,-4.5,2026-06-08T14:55:36+00:00,2026-06-09T21:55:36+00:00,33.24,2.24,1.0
1022600087,mybookieag,2026,Minnesota Lynx,Dallas Wings,2026-06-10T00:10:00+00:00,2,-5.5,-5.0,2026-06-09T14:55:36+00:00,2026-06-09T21:55:36+00:00,9.24,2.24,0.5
1022600087,williamhill_us,2026,Minnesota Lynx,Dallas Wings,2026-06-10T00:10:00+00:00,4,-3.5,-4.5,2026-06-08T14:55:36+00:00,2026-06-09T21:55:36+00:00,33.24,2.24,1.0
1022600088,betmgm,2026,Golden State Valkyries,Phoenix Mercury,2026-06-10T02:10:00+00:00,3,-8.5,-8.5,2026-06-08T21:55:37+00:00,2026-06-09T21:55:36+00:00,28.24,4.24,0.0
1022600088,betonlineag,2026,Golden State Valkyries,Phoenix Mercury,2026-06-10T02:10:00+00:00,4,-7.5,-8.0,2026-06-08T14:55:36+00:00,2026-06-09T21:55:36+00:00,35.24,4.24,0.5
1022600088,betrivers,2026,Golden State Valkyries,Phoenix Mercury,2026-06-10T02:10:00+00:00,4,-7.5,-8.0,2026-06-08T14:55:36+00:00,2026-06-09T21:55:36+00:00,35.24,4.24,0.5
1022600088,betus,2026,Golden State Valkyries,Phoenix Mercury,2026-06-10T02:10:00+00:00,3,-9.0,-8.0,2026-06-08T21:55:37+00:00,2026-06-09T21:55:36+00:00,28.24,4.24,1.0
1022600088,bovada,2026,Golden State Valkyries,Phoenix Mercury,2026-06-10T02:10:00+00:00,3,-9.0,-8.0,2026-06-08T21:55:37+00:00,2026-06-09T21:55:36+00:00,28.24,4.24,1.0
1022600088,draftkings,2026,Golden State Valkyries,Phoenix Mercury,2026-06-10T02:10:00+00:00,4,-7.5,-8.5,2026-06-08T14:55:36+00:00,2026-06-09T21:55:36+00:00,35.24,4.24,1.0
1022600088,fanatics,2026,Golden State Valkyries,Phoenix Mercury,2026-06-10T02:10:00+00:00,4,-7.5,-8.5,2026-06-08T14:55:36+00:00,2026-06-09T21:55:36+00:00,35.24,4.24,1.0
1022600088,fanduel,2026,Golden State Valkyries,Phoenix Mercury,2026-06-10T02:10:00+00:00,4,-7.5,-8.5,2026-06-08T14:55:36+00:00,2026-06-09T21:55:36+00:00,35.24,4.24,1.0
1022600088,lowvig,2026,Golden State Valkyries,Phoenix Mercury,2026-06-10T02:10:00+00:00,4,-7.5,-8.0,2026-06-08T14:55:36+00:00,2026-06-09T21:55:36+00:00,35.24,4.24,0.5
1022600088,mybookieag,2026,Golden State Valkyries,Phoenix Mercury,2026-06-10T02:10:00+00:00,2,-8.0,-8.5,2026-06-09T14:55:36+00:00,2026-06-09T21:55:36+00:00,11.24,4.24,0.5
1022600088,williamhill_us,2026,Golden State Valkyries,Phoenix Mercury,2026-06-10T02:10:00+00:00,4,-7.5,-8.5,2026-06-08T14:55:36+00:00,2026-06-09T21:55:36+00:00,35.24,4.24,1.0
1022600089,betmgm,2026,Toronto Tempo,Connecticut Sun,2026-06-10T23:00:00+00:00,3,-7.5,-8.5,2026-06-09T21:55:36+00:00,2026-06-10T21:55:36+00:00,25.07,1.07,1.0
1022600089,betonlineag,2026,Toronto Tempo,Connecticut Sun,2026-06-10T23:00:00+00:00,4,-7.5,-8.5,2026-06-09T14:55:36+00:00,2026-06-10T21:55:36+00:00,32.07,1.07,1.0
1022600089,betrivers,2026,Toronto Tempo,Connecticut Sun,2026-06-10T23:00:00+00:00,4,-7.5,-8.5,2026-06-09T14:55:36+00:00,2026-06-10T21:55:36+00:00,32.07,1.07,1.0
1022600089,betus,2026,Toronto Tempo,Connecticut Sun,2026-06-10T23:00:00+00:00,2,-8.0,-8.5,2026-06-10T14:55:36+00:00,2026-06-10T21:55:36+00:00,8.07,1.07,0.5
1022600089,bovada,2026,Toronto Tempo,Connecticut Sun,2026-06-10T23:00:00+00:00,4,-7.5,-8.5,2026-06-09T14:55:36+00:00,2026-06-10T21:55:36+00:00,32.07,1.07,1.0
1022600089,draftkings,2026,Toronto Tempo,Connecticut Sun,2026-06-10T23:00:00+00:00,4,-7.5,-8.5,2026-06-09T14:55:36+00:00,2026-06-10T21:55:36+00:00,32.07,1.07,1.0
1022600089,fanatics,2026,Toronto Tempo,Connecticut Sun,2026-06-10T23:00:00+00:00,2,-8.0,-8.5,2026-06-10T14:55:36+00:00,2026-06-10T21:55:36+00:00,8.07,1.07,0.5
1022600089,fanduel,2026,Toronto Tempo,Connecticut Sun,2026-06-10T23:00:00+00:00,4,-7.5,-8.5,2026-06-09T14:55:36+00:00,2026-06-10T21:55:36+00:00,32.07,1.07,1.0
1022600089,lowvig,2026,Toronto Tempo,Connecticut Sun,2026-06-10T23:00:00+00:00,4,-7.5,-8.5,2026-06-09T14:55:36+00:00,2026-06-10T21:55:36+00:00,32.07,1.07,1.0
1022600089,mybookieag,2026,Toronto Tempo,Connecticut Sun,2026-06-10T23:00:00+00:00,2,-8.0,-8.5,2026-06-10T14:55:36+00:00,2026-06-10T21:55:36+00:00,8.07,1.07,0.5
1022600089,williamhill_us,2026,Toronto Tempo,Connecticut Sun,2026-06-10T23:00:00+00:00,4,-7.5,-8.5,2026-06-09T14:55:36+00:00,2026-06-10T21:55:36+00:00,32.07,1.07,1.0
1022600090,betonlineag,2026,Seattle Storm,Los Angeles Sparks,2026-06-11T02:00:00+00:00,4,5.5,7.5,2026-06-09T14:55:36+00:00,2026-06-10T21:55:36+00:00,35.07,4.07,2.0
1022600090,betrivers,2026,Seattle Storm,Los Angeles Sparks,2026-06-11T02:00:00+00:00,4,5.5,7.5,2026-06-09T14:55:36+00:00,2026-06-10T21:55:36+00:00,35.07,4.07,2.0
1022600090,betus,2026,Seattle Storm,Los Angeles Sparks,2026-06-11T02:00:00+00:00,2,7.5,7.5,2026-06-10T14:55:36+00:00,2026-06-10T21:55:36+00:00,11.07,4.07,0.0
1022600090,bovada,2026,Seattle Storm,Los Angeles Sparks,2026-06-11T02:00:00+00:00,4,5.5,7.5,2026-06-09T14:55:36+00:00,2026-06-10T21:55:36+00:00,35.07,4.07,2.0
1022600090,draftkings,2026,Seattle Storm,Los Angeles Sparks,2026-06-11T02:00:00+00:00,4,5.5,7.5,2026-06-09T14:55:36+00:00,2026-06-10T21:55:36+00:00,35.07,4.07,2.0
1022600090,fanatics,2026,Seattle Storm,Los Angeles Sparks,2026-06-11T02:00:00+00:00,2,7.5,7.5,2026-06-10T14:55:36+00:00,2026-06-10T21:55:36+00:00,11.07,4.07,0.0
1022600090,fanduel,2026,Seattle Storm,Los Angeles Sparks,2026-06-11T02:00:00+00:00,4,5.5,7.5,2026-06-09T14:55:36+00:00,2026-06-10T21:55:36+00:00,35.07,4.07,2.0
1022600090,lowvig,2026,Seattle Storm,Los Angeles Sparks,2026-06-11T02:00:00+00:00,4,5.5,7.5,2026-06-09T14:55:36+00:00,2026-06-10T21:55:36+00:00,35.07,4.07,2.0
1022600090,mybookieag,2026,Seattle Storm,Los Angeles Sparks,2026-06-11T02:00:00+00:00,2,7.5,7.5,2026-06-10T14:55:36+00:00,2026-06-10T21:55:36+00:00,11.07,4.07,0.0
1022600090,williamhill_us,2026,Seattle Storm,Los Angeles Sparks,2026-06-11T02:00:00+00:00,4,5.5,7.5,2026-06-09T14:55:36+00:00,2026-06-10T21:55:36+00:00,35.07,4.07,2.0
1022600091,betmgm,2026,Indiana Fever,Chicago Sky,2026-06-11T23:00:00+00:00,4,-9.5,-9.5,2026-06-10T14:55:36+00:00,2026-06-11T21:55:36+00:00,32.07,1.07,0.0
1022600091,betonlineag,2026,Indiana Fever,Chicago Sky,2026-06-11T23:00:00+00:00,4,-9.5,-9.0,2026-06-10T14:55:36+00:00,2026-06-11T21:55:36+00:00,32.07,1.07,0.5
1022600091,betrivers,2026,Indiana Fever,Chicago Sky,2026-06-11T23:00:00+00:00,6,-9.5,-9.5,2026-06-09T14:55:36+00:00,2026-06-11T21:55:36+00:00,56.07,1.07,0.0
1022600091,betus,2026,Indiana Fever,Chicago Sky,2026-06-11T23:00:00+00:00,3,-9.5,-9.0,2026-06-10T21:55:36+00:00,2026-06-11T21:55:36+00:00,25.07,1.07,0.5
1022600091,bovada,2026,Indiana Fever,Chicago Sky,2026-06-11T23:00:00+00:00,2,-9.5,-9.0,2026-06-11T14:55:36+00:00,2026-06-11T21:55:36+00:00,8.07,1.07,0.5
1022600091,draftkings,2026,Indiana Fever,Chicago Sky,2026-06-11T23:00:00+00:00,5,-9.5,-8.5,2026-06-09T21:55:36+00:00,2026-06-11T21:55:36+00:00,49.07,1.07,1.0
1022600091,fanatics,2026,Indiana Fever,Chicago Sky,2026-06-11T23:00:00+00:00,5,-9.5,-9.5,2026-06-09T14:55:36+00:00,2026-06-11T21:55:36+00:00,56.07,1.07,0.0
1022600091,fanduel,2026,Indiana Fever,Chicago Sky,2026-06-11T23:00:00+00:00,6,-9.5,-9.5,2026-06-09T14:55:36+00:00,2026-06-11T21:55:36+00:00,56.07,1.07,0.0
1022600091,lowvig,2026,Indiana Fever,Chicago Sky,2026-06-11T23:00:00+00:00,4,-9.5,-9.0,2026-06-10T14:55:36+00:00,2026-06-11T21:55:36+00:00,32.07,1.07,0.5
1022600091,mybookieag,2026,Indiana Fever,Chicago Sky,2026-06-11T23:00:00+00:00,2,-10.0,-9.0,2026-06-11T14:55:36+00:00,2026-06-11T21:55:36+00:00,8.07,1.07,1.0
1022600091,williamhill_us,2026,Indiana Fever,Chicago Sky,2026-06-11T23:00:00+00:00,4,-9.5,-9.0,2026-06-10T14:55:36+00:00,2026-06-11T21:55:36+00:00,32.07,1.07,0.5
1022600092,betmgm,2026,Atlanta Dream,New York Liberty,2026-06-11T23:30:00+00:00,4,-1.5,-3.5,2026-06-10T14:55:36+00:00,2026-06-11T21:55:36+00:00,32.57,1.57,2.0
1022600092,betonlineag,2026,Atlanta Dream,New York Liberty,2026-06-11T23:30:00+00:00,4,-1.5,-3.5,2026-06-10T14:55:36+00:00,2026-06-11T21:55:36+00:00,32.57,1.57,2.0
1022600092,betrivers,2026,Atlanta Dream,New York Liberty,2026-06-11T23:30:00+00:00,4,-1.5,-3.5,2026-06-10T14:55:36+00:00,2026-06-11T21:55:36+00:00,32.57,1.57,2.0
1022600092,betus,2026,Atlanta Dream,New York Liberty,2026-06-11T23:30:00+00:00,2,-4.5,-3.5,2026-06-11T14:55:36+00:00,2026-06-11T21:55:36+00:00,8.57,1.57,1.0
1022600092,bovada,2026,Atlanta Dream,New York Liberty,2026-06-11T23:30:00+00:00,3,-3.0,-3.5,2026-06-10T21:55:36+00:00,2026-06-11T21:55:36+00:00,25.57,1.57,0.5
1022600092,draftkings,2026,Atlanta Dream,New York Liberty,2026-06-11T23:30:00+00:00,4,-1.5,-3.5,2026-06-10T14:55:36+00:00,2026-06-11T21:55:36+00:00,32.57,1.57,2.0
1022600092,fanatics,2026,Atlanta Dream,New York Liberty,2026-06-11T23:30:00+00:00,4,-1.5,-3.5,2026-06-10T14:55:36+00:00,2026-06-11T21:55:36+00:00,32.57,1.57,2.0
1022600092,fanduel,2026,Atlanta Dream,New York Liberty,2026-06-11T23:30:00+00:00,4,-1.5,-3.5,2026-06-10T14:55:36+00:00,2026-06-11T21:55:36+00:00,32.57,1.57,2.0
1022600092,lowvig,2026,Atlanta Dream,New York Liberty,2026-06-11T23:30:00+00:00,4,-1.5,-3.5,2026-06-10T14:55:36+00:00,2026-06-11T21:55:36+00:00,32.57,1.57,2.0
1022600092,mybookieag,2026,Atlanta Dream,New York Liberty,2026-06-11T23:30:00+00:00,2,-4.5,-3.5,2026-06-11T14:55:36+00:00,2026-06-11T21:55:36+00:00,8.57,1.57,1.0
1022600092,williamhill_us,2026,Atlanta Dream,New York Liberty,2026-06-11T23:30:00+00:00,3,-2.0,-3.5,2026-06-10T14:55:36+00:00,2026-06-11T21:55:36+00:00,32.57,1.57,1.5
1022600093,betmgm,2026,Dallas Wings,Phoenix Mercury,2026-06-12T01:10:00+00:00,4,-4.5,-6.5,2026-06-10T14:55:36+00:00,2026-06-11T21:55:36+00:00,34.24,3.24,2.0
1022600093,betonlineag,2026,Dallas Wings,Phoenix Mercury,2026-06-12T01:10:00+00:00,4,-5.0,-6.5,2026-06-10T14:55:36+00:00,2026-06-11T21:55:36+00:00,34.24,3.24,1.5
1022600093,betrivers,2026,Dallas Wings,Phoenix Mercury,2026-06-12T01:10:00+00:00,4,-4.5,-6.5,2026-06-10T14:55:36+00:00,2026-06-11T21:55:36+00:00,34.24,3.24,2.0
1022600093,betus,2026,Dallas Wings,Phoenix Mercury,2026-06-12T01:10:00+00:00,3,-5.0,-6.5,2026-06-10T21:55:36+00:00,2026-06-11T21:55:36+00:00,27.24,3.24,1.5
1022600093,bovada,2026,Dallas Wings,Phoenix Mercury,2026-06-12T01:10:00+00:00,3,-5.0,-7.0,2026-06-10T21:55:36+00:00,2026-06-11T21:55:36+00:00,27.24,3.24,2.0
1022600093,draftkings,2026,Dallas Wings,Phoenix Mercury,2026-06-12T01:10:00+00:00,4,-4.5,-6.5,2026-06-10T14:55:36+00:00,2026-06-11T21:55:36+00:00,34.24,3.24,2.0
1022600093,fanatics,2026,Dallas Wings,Phoenix Mercury,2026-06-12T01:10:00+00:00,4,-4.5,-6.5,2026-06-10T14:55:36+00:00,2026-06-11T21:55:36+00:00,34.24,3.24,2.0
1022600093,fanduel,2026,Dallas Wings,Phoenix Mercury,2026-06-12T01:10:00+00:00,4,-4.5,-6.5,2026-06-10T14:55:36+00:00,2026-06-11T21:55:36+00:00,34.24,3.24,2.0
1022600093,lowvig,2026,Dallas Wings,Phoenix Mercury,2026-06-12T01:10:00+00:00,4,-5.0,-6.5,2026-06-10T14:55:36+00:00,2026-06-11T21:55:36+00:00,34.24,3.24,1.5
1022600093,mybookieag,2026,Dallas Wings,Phoenix Mercury,2026-06-12T01:10:00+00:00,2,-6.5,-6.5,2026-06-11T14:55:36+00:00,2026-06-11T21:55:36+00:00,10.24,3.24,0.0
1022600093,williamhill_us,2026,Dallas Wings,Phoenix Mercury,2026-06-12T01:10:00+00:00,4,-5.0,-6.5,2026-06-10T14:55:36+00:00,2026-06-11T21:55:36+00:00,34.24,3.24,1.5
1022600094,betmgm,2026,Portland Fire,Las Vegas Aces,2026-06-12T02:10:00+00:00,4,9.5,10.5,2026-06-10T14:55:36+00:00,2026-06-11T21:55:36+00:00,35.24,4.24,1.0
1022600094,betonlineag,2026,Portland Fire,Las Vegas Aces,2026-06-12T02:10:00+00:00,4,9.5,10.5,2026-06-10T14:55:36+00:00,2026-06-11T21:55:36+00:00,35.24,4.24,1.0
1022600094,betrivers,2026,Portland Fire,Las Vegas Aces,2026-06-12T02:10:00+00:00,4,8.5,10.5,2026-06-10T14:55:36+00:00,2026-06-11T21:55:36+00:00,35.24,4.24,2.0
1022600094,betus,2026,Portland Fire,Las Vegas Aces,2026-06-12T02:10:00+00:00,3,9.5,11.0,2026-06-10T21:55:36+00:00,2026-06-11T21:55:36+00:00,28.24,4.24,1.5
1022600094,bovada,2026,Portland Fire,Las Vegas Aces,2026-06-12T02:10:00+00:00,3,9.5,10.5,2026-06-10T21:55:36+00:00,2026-06-11T21:55:36+00:00,28.24,4.24,1.0
1022600094,draftkings,2026,Portland Fire,Las Vegas Aces,2026-06-12T02:10:00+00:00,4,9.5,10.5,2026-06-10T14:55:36+00:00,2026-06-11T21:55:36+00:00,35.24,4.24,1.0
1022600094,fanatics,2026,Portland Fire,Las Vegas Aces,2026-06-12T02:10:00+00:00,4,9.5,10.5,2026-06-10T14:55:36+00:00,2026-06-11T21:55:36+00:00,35.24,4.24,1.0
1022600094,fanduel,2026,Portland Fire,Las Vegas Aces,2026-06-12T02:10:00+00:00,4,9.5,10.5,2026-06-10T14:55:36+00:00,2026-06-11T21:55:36+00:00,35.24,4.24,1.0
1022600094,lowvig,2026,Portland Fire,Las Vegas Aces,2026-06-12T02:10:00+00:00,4,9.5,10.5,2026-06-10T14:55:36+00:00,2026-06-11T21:55:36+00:00,35.24,4.24,1.0
1022600094,mybookieag,2026,Portland Fire,Las Vegas Aces,2026-06-12T02:10:00+00:00,2,10.0,11.0,2026-06-11T14:55:36+00:00,2026-06-11T21:55:36+00:00,11.24,4.24,1.0
1022600094,williamhill_us,2026,Portland Fire,Las Vegas Aces,2026-06-12T02:10:00+00:00,4,9.5,10.5,2026-06-10T14:55:36+00:00,2026-06-11T21:55:36+00:00,35.24,4.24,1.0
1022600095,betmgm,2026,Washington Mystics,Toronto Tempo,2026-06-12T23:30:00+00:00,4,-2.5,-2.5,2026-06-11T14:55:36+00:00,2026-06-12T21:55:36+00:00,32.57,1.57,0.0
1022600095,betonlineag,2026,Washington Mystics,Toronto Tempo,2026-06-12T23:30:00+00:00,2,-2.0,-2.5,2026-06-12T14:55:37+00:00,2026-06-12T21:55:36+00:00,8.57,1.57,0.5
1022600095,betrivers,2026,Washington Mystics,Toronto Tempo,2026-06-12T23:30:00+00:00,4,-2.5,-2.5,2026-06-11T14:55:36+00:00,2026-06-12T21:55:36+00:00,32.57,1.57,0.0
1022600095,betus,2026,Washington Mystics,Toronto Tempo,2026-06-12T23:30:00+00:00,2,-2.0,-2.5,2026-06-12T14:55:37+00:00,2026-06-12T21:55:36+00:00,8.57,1.57,0.5
1022600095,bovada,2026,Washington Mystics,Toronto Tempo,2026-06-12T23:30:00+00:00,2,-2.0,-2.5,2026-06-12T14:55:37+00:00,2026-06-12T21:55:36+00:00,8.57,1.57,0.5
1022600095,draftkings,2026,Washington Mystics,Toronto Tempo,2026-06-12T23:30:00+00:00,4,-2.5,-2.5,2026-06-11T14:55:36+00:00,2026-06-12T21:55:36+00:00,32.57,1.57,0.0
1022600095,fanatics,2026,Washington Mystics,Toronto Tempo,2026-06-12T23:30:00+00:00,4,-2.5,-2.5,2026-06-11T14:55:36+00:00,2026-06-12T21:55:36+00:00,32.57,1.57,0.0
1022600095,fanduel,2026,Washington Mystics,Toronto Tempo,2026-06-12T23:30:00+00:00,4,-2.5,-2.5,2026-06-11T14:55:36+00:00,2026-06-12T21:55:36+00:00,32.57,1.57,0.0
1022600095,lowvig,2026,Washington Mystics,Toronto Tempo,2026-06-12T23:30:00+00:00,2,-2.0,-2.5,2026-06-12T14:55:37+00:00,2026-06-12T21:55:36+00:00,8.57,1.57,0.5
1022600095,mybookieag,2026,Washington Mystics,Toronto Tempo,2026-06-12T23:30:00+00:00,2,-1.5,-2.0,2026-06-12T14:55:37+00:00,2026-06-12T21:55:36+00:00,8.57,1.57,0.5
1022600095,williamhill_us,2026,Washington Mystics,Toronto Tempo,2026-06-12T23:30:00+00:00,2,-2.0,-2.5,2026-06-12T14:55:37+00:00,2026-06-12T21:55:36+00:00,8.57,1.57,0.5
1022600096,betmgm,2026,Seattle Storm,Golden State Valkyries,2026-06-13T02:00:00+00:00,4,7.5,9.5,2026-06-11T14:55:36+00:00,2026-06-12T21:55:36+00:00,35.07,4.07,2.0
1022600096,betonlineag,2026,Seattle Storm,Golden State Valkyries,2026-06-13T02:00:00+00:00,2,9.5,9.5,2026-06-12T14:55:37+00:00,2026-06-12T21:55:36+00:00,11.07,4.07,0.0
1022600096,betrivers,2026,Seattle Storm,Golden State Valkyries,2026-06-13T02:00:00+00:00,4,7.5,9.0,2026-06-11T14:55:36+00:00,2026-06-12T21:55:36+00:00,35.07,4.07,1.5
1022600096,betus,2026,Seattle Storm,Golden State Valkyries,2026-06-13T02:00:00+00:00,2,9.5,9.5,2026-06-12T14:55:37+00:00,2026-06-12T21:55:36+00:00,11.07,4.07,0.0
1022600096,bovada,2026,Seattle Storm,Golden State Valkyries,2026-06-13T02:00:00+00:00,2,9.5,10.0,2026-06-12T14:55:37+00:00,2026-06-12T21:55:36+00:00,11.07,4.07,0.5
1022600096,draftkings,2026,Seattle Storm,Golden State Valkyries,2026-06-13T02:00:00+00:00,4,7.5,9.5,2026-06-11T14:55:36+00:00,2026-06-12T21:55:36+00:00,35.07,4.07,2.0
1022600096,fanatics,2026,Seattle Storm,Golden State Valkyries,2026-06-13T02:00:00+00:00,4,7.5,9.5,2026-06-11T14:55:36+00:00,2026-06-12T21:55:36+00:00,35.07,4.07,2.0
1022600096,fanduel,2026,Seattle Storm,Golden State Valkyries,2026-06-13T02:00:00+00:00,4,7.5,9.5,2026-06-11T14:55:36+00:00,2026-06-12T21:55:36+00:00,35.07,4.07,2.0
1022600096,lowvig,2026,Seattle Storm,Golden State Valkyries,2026-06-13T02:00:00+00:00,2,9.5,9.5,2026-06-12T14:55:37+00:00,2026-06-12T21:55:36+00:00,11.07,4.07,0.0
1022600096,mybookieag,2026,Seattle Storm,Golden State Valkyries,2026-06-13T02:00:00+00:00,4,7.5,10.0,2026-06-11T14:55:36+00:00,2026-06-12T21:55:36+00:00,35.07,4.07,2.5
1022600096,williamhill_us,2026,Seattle Storm,Golden State Valkyries,2026-06-13T02:00:00+00:00,2,9.5,9.5,2026-06-12T14:55:37+00:00,2026-06-12T21:55:36+00:00,11.07,4.07,0.0
1022600097,betmgm,2026,Connecticut Sun,Indiana Fever,2026-06-13T22:00:00+00:00,4,10.5,8.5,2026-06-12T14:55:37+00:00,2026-06-13T21:55:36+00:00,31.07,0.07,2.0
1022600097,betonlineag,2026,Connecticut Sun,Indiana Fever,2026-06-13T22:00:00+00:00,3,10.0,8.5,2026-06-12T21:55:36+00:00,2026-06-13T21:55:36+00:00,24.07,0.07,1.5
1022600097,betrivers,2026,Connecticut Sun,Indiana Fever,2026-06-13T22:00:00+00:00,4,10.5,8.5,2026-06-12T14:55:37+00:00,2026-06-13T21:55:36+00:00,31.07,0.07,2.0
1022600097,betus,2026,Connecticut Sun,Indiana Fever,2026-06-13T22:00:00+00:00,2,9.5,8.5,2026-06-13T14:55:37+00:00,2026-06-13T21:55:36+00:00,7.07,0.07,1.0
1022600097,bovada,2026,Connecticut Sun,Indiana Fever,2026-06-13T22:00:00+00:00,3,10.0,8.5,2026-06-12T21:55:36+00:00,2026-06-13T21:55:36+00:00,24.07,0.07,1.5
1022600097,draftkings,2026,Connecticut Sun,Indiana Fever,2026-06-13T22:00:00+00:00,4,10.5,8.5,2026-06-12T14:55:37+00:00,2026-06-13T21:55:36+00:00,31.07,0.07,2.0
1022600097,fanatics,2026,Connecticut Sun,Indiana Fever,2026-06-13T22:00:00+00:00,4,10.5,8.5,2026-06-12T14:55:37+00:00,2026-06-13T21:55:36+00:00,31.07,0.07,2.0
1022600097,fanduel,2026,Connecticut Sun,Indiana Fever,2026-06-13T22:00:00+00:00,4,11.5,8.5,2026-06-12T14:55:37+00:00,2026-06-13T21:55:36+00:00,31.07,0.07,3.0
1022600097,lowvig,2026,Connecticut Sun,Indiana Fever,2026-06-13T22:00:00+00:00,3,10.0,8.5,2026-06-12T21:55:36+00:00,2026-06-13T21:55:36+00:00,24.07,0.07,1.5
1022600097,mybookieag,2026,Connecticut Sun,Indiana Fever,2026-06-13T22:00:00+00:00,2,9.5,8.5,2026-06-13T14:55:37+00:00,2026-06-13T21:55:36+00:00,7.07,0.07,1.0
1022600097,williamhill_us,2026,Connecticut Sun,Indiana Fever,2026-06-13T22:00:00+00:00,4,10.5,8.5,2026-06-12T14:55:37+00:00,2026-06-13T21:55:36+00:00,31.07,0.07,2.0
1022600098,betmgm,2026,Las Vegas Aces,Minnesota Lynx,2026-06-14T00:00:00+00:00,4,-2.5,-2.5,2026-06-12T14:55:37+00:00,2026-06-13T21:55:36+00:00,33.07,2.07,0.0
1022600098,betonlineag,2026,Las Vegas Aces,Minnesota Lynx,2026-06-14T00:00:00+00:00,3,-2.0,-3.0,2026-06-12T21:55:36+00:00,2026-06-13T21:55:36+00:00,26.07,2.07,1.0
1022600098,betrivers,2026,Las Vegas Aces,Minnesota Lynx,2026-06-14T00:00:00+00:00,4,-3.5,-3.0,2026-06-12T14:55:37+00:00,2026-06-13T21:55:36+00:00,33.07,2.07,0.5
1022600098,betus,2026,Las Vegas Aces,Minnesota Lynx,2026-06-14T00:00:00+00:00,2,-2.5,-3.0,2026-06-13T14:55:37+00:00,2026-06-13T21:55:36+00:00,9.07,2.07,0.5
1022600098,bovada,2026,Las Vegas Aces,Minnesota Lynx,2026-06-14T00:00:00+00:00,3,-2.0,-3.0,2026-06-12T21:55:36+00:00,2026-06-13T21:55:36+00:00,26.07,2.07,1.0
1022600098,draftkings,2026,Las Vegas Aces,Minnesota Lynx,2026-06-14T00:00:00+00:00,4,-2.5,-2.5,2026-06-12T14:55:37+00:00,2026-06-13T21:55:36+00:00,33.07,2.07,0.0
1022600098,fanatics,2026,Las Vegas Aces,Minnesota Lynx,2026-06-14T00:00:00+00:00,4,-3.0,-3.0,2026-06-12T14:55:37+00:00,2026-06-13T21:55:36+00:00,33.07,2.07,0.0
1022600098,fanduel,2026,Las Vegas Aces,Minnesota Lynx,2026-06-14T00:00:00+00:00,4,-3.5,-2.5,2026-06-12T14:55:37+00:00,2026-06-13T21:55:36+00:00,33.07,2.07,1.0
1022600098,lowvig,2026,Las Vegas Aces,Minnesota Lynx,2026-06-14T00:00:00+00:00,3,-2.0,-3.0,2026-06-12T21:55:36+00:00,2026-06-13T21:55:36+00:00,26.07,2.07,1.0
1022600098,mybookieag,2026,Las Vegas Aces,Minnesota Lynx,2026-06-14T00:00:00+00:00,2,-2.0,-3.0,2026-06-13T14:55:37+00:00,2026-06-13T21:55:36+00:00,9.07,2.07,1.0
1022600098,williamhill_us,2026,Las Vegas Aces,Minnesota Lynx,2026-06-14T00:00:00+00:00,4,-2.5,-3.0,2026-06-12T14:55:37+00:00,2026-06-13T21:55:36+00:00,33.07,2.07,0.5
1022600099,betmgm,2026,Portland Fire,Dallas Wings,2026-06-14T00:30:00+00:00,4,5.5,3.5,2026-06-12T14:55:37+00:00,2026-06-13T21:55:36+00:00,33.57,2.57,2.0
1022600099,betonlineag,2026,Portland Fire,Dallas Wings,2026-06-14T00:30:00+00:00,3,6.5,2.5,2026-06-12T21:55:36+00:00,2026-06-13T21:55:36+00:00,26.57,2.57,4.0
1022600099,betrivers,2026,Portland Fire,Dallas Wings,2026-06-14T00:30:00+00:00,4,5.5,3.5,2026-06-12T14:55:37+00:00,2026-06-13T21:55:36+00:00,33.57,2.57,2.0
1022600099,betus,2026,Portland Fire,Dallas Wings,2026-06-14T00:30:00+00:00,2,6.5,2.5,2026-06-13T14:55:37+00:00,2026-06-13T21:55:36+00:00,9.57,2.57,4.0
1022600099,bovada,2026,Portland Fire,Dallas Wings,2026-06-14T00:30:00+00:00,3,6.5,3.5,2026-06-12T21:55:36+00:00,2026-06-13T21:55:36+00:00,26.57,2.57,3.0
1022600099,draftkings,2026,Portland Fire,Dallas Wings,2026-06-14T00:30:00+00:00,4,5.5,3.5,2026-06-12T14:55:37+00:00,2026-06-13T21:55:36+00:00,33.57,2.57,2.0
1022600099,fanatics,2026,Portland Fire,Dallas Wings,2026-06-14T00:30:00+00:00,4,5.5,3.5,2026-06-12T14:55:37+00:00,2026-06-13T21:55:36+00:00,33.57,2.57,2.0
1022600099,fanduel,2026,Portland Fire,Dallas Wings,2026-06-14T00:30:00+00:00,4,5.5,3.5,2026-06-12T14:55:37+00:00,2026-06-13T21:55:36+00:00,33.57,2.57,2.0
1022600099,lowvig,2026,Portland Fire,Dallas Wings,2026-06-14T00:30:00+00:00,3,6.5,2.5,2026-06-12T21:55:36+00:00,2026-06-13T21:55:36+00:00,26.57,2.57,4.0
1022600099,mybookieag,2026,Portland Fire,Dallas Wings,2026-06-14T00:30:00+00:00,2,6.0,3.0,2026-06-13T14:55:37+00:00,2026-06-13T21:55:36+00:00,9.57,2.57,3.0
1022600099,williamhill_us,2026,Portland Fire,Dallas Wings,2026-06-14T00:30:00+00:00,4,5.5,3.5,2026-06-12T14:55:37+00:00,2026-06-13T21:55:36+00:00,33.57,2.57,2.0
1022600100,betonlineag,2026,Phoenix Mercury,Los Angeles Sparks,2026-06-14T02:00:00+00:00,3,-1.0,1.5,2026-06-12T21:55:36+00:00,2026-06-13T21:55:36+00:00,28.07,4.07,2.5
1022600100,betrivers,2026,Phoenix Mercury,Los Angeles Sparks,2026-06-14T02:00:00+00:00,4,-1.5,1.5,2026-06-12T14:55:37+00:00,2026-06-13T21:55:36+00:00,35.07,4.07,3.0
1022600100,betus,2026,Phoenix Mercury,Los Angeles Sparks,2026-06-14T02:00:00+00:00,2,1.5,1.5,2026-06-13T14:55:37+00:00,2026-06-13T21:55:36+00:00,11.07,4.07,0.0
1022600100,bovada,2026,Phoenix Mercury,Los Angeles Sparks,2026-06-14T02:00:00+00:00,3,-1.0,1.0,2026-06-12T21:55:36+00:00,2026-06-13T21:55:36+00:00,28.07,4.07,2.0
1022600100,draftkings,2026,Phoenix Mercury,Los Angeles Sparks,2026-06-14T02:00:00+00:00,4,-1.5,1.5,2026-06-12T14:55:37+00:00,2026-06-13T21:55:36+00:00,35.07,4.07,3.0
1022600100,fanatics,2026,Phoenix Mercury,Los Angeles Sparks,2026-06-14T02:00:00+00:00,4,-1.0,1.5,2026-06-12T14:55:37+00:00,2026-06-13T21:55:36+00:00,35.07,4.07,2.5
1022600100,fanduel,2026,Phoenix Mercury,Los Angeles Sparks,2026-06-14T02:00:00+00:00,4,-1.5,1.5,2026-06-12T14:55:37+00:00,2026-06-13T21:55:36+00:00,35.07,4.07,3.0
1022600100,lowvig,2026,Phoenix Mercury,Los Angeles Sparks,2026-06-14T02:00:00+00:00,3,-1.0,1.5,2026-06-12T21:55:36+00:00,2026-06-13T21:55:36+00:00,28.07,4.07,2.5
1022600100,mybookieag,2026,Phoenix Mercury,Los Angeles Sparks,2026-06-14T02:00:00+00:00,2,1.5,1.0,2026-06-13T14:55:37+00:00,2026-06-13T21:55:36+00:00,11.07,4.07,0.5
1022600100,williamhill_us,2026,Phoenix Mercury,Los Angeles Sparks,2026-06-14T02:00:00+00:00,4,-1.5,1.5,2026-06-12T14:55:37+00:00,2026-06-13T21:55:36+00:00,35.07,4.07,3.0
1022600101,betmgm,2026,New York Liberty,Washington Mystics,2026-06-14T19:00:00+00:00,2,-11.5,-13.5,2026-06-13T21:55:36+00:00,2026-06-14T14:55:36+00:00,21.07,4.07,2.0
1022600101,betonlineag,2026,New York Liberty,Washington Mystics,2026-06-14T19:00:00+00:00,3,-9.5,-13.5,2026-06-13T14:55:37+00:00,2026-06-14T14:55:36+00:00,28.07,4.07,4.0
1022600101,betrivers,2026,New York Liberty,Washington Mystics,2026-06-14T19:00:00+00:00,2,-10.5,-13.0,2026-06-13T21:55:36+00:00,2026-06-14T14:55:36+00:00,21.07,4.07,2.5
1022600101,betus,2026,New York Liberty,Washington Mystics,2026-06-14T19:00:00+00:00,2,-11.0,-13.5,2026-06-13T21:55:36+00:00,2026-06-14T14:55:36+00:00,21.07,4.07,2.5
1022600101,bovada,2026,New York Liberty,Washington Mystics,2026-06-14T19:00:00+00:00,3,-9.5,-14.0,2026-06-13T14:55:37+00:00,2026-06-14T14:55:36+00:00,28.07,4.07,4.5
1022600101,draftkings,2026,New York Liberty,Washington Mystics,2026-06-14T19:00:00+00:00,3,-9.5,-13.5,2026-06-13T14:55:37+00:00,2026-06-14T14:55:36+00:00,28.07,4.07,4.0
1022600101,fanatics,2026,New York Liberty,Washington Mystics,2026-06-14T19:00:00+00:00,2,-11.0,-14.0,2026-06-13T21:55:36+00:00,2026-06-14T14:55:36+00:00,21.07,4.07,3.0
1022600101,fanduel,2026,New York Liberty,Washington Mystics,2026-06-14T19:00:00+00:00,3,-9.5,-13.5,2026-06-13T14:55:37+00:00,2026-06-14T14:55:36+00:00,28.07,4.07,4.0
1022600101,lowvig,2026,New York Liberty,Washington Mystics,2026-06-14T19:00:00+00:00,3,-9.5,-13.5,2026-06-13T14:55:37+00:00,2026-06-14T14:55:36+00:00,28.07,4.07,4.0
1022600101,mybookieag,2026,New York Liberty,Washington Mystics,2026-06-14T19:00:00+00:00,1,-13.5,-13.5,2026-06-14T14:55:36+00:00,2026-06-14T14:55:36+00:00,4.07,4.07,0.0
1022600101,williamhill_us,2026,New York Liberty,Washington Mystics,2026-06-14T19:00:00+00:00,3,-9.5,-13.5,2026-06-13T14:55:37+00:00,2026-06-14T14:55:36+00:00,28.07,4.07,4.0
1022600102,betmgm,2026,Toronto Tempo,Atlanta Dream,2026-06-14T19:00:00+00:00,2,6.5,6.5,2026-06-13T21:55:36+00:00,2026-06-14T14:55:36+00:00,21.07,4.07,0.0
1022600102,betonlineag,2026,Toronto Tempo,Atlanta Dream,2026-06-14T19:00:00+00:00,3,6.5,6.5,2026-06-13T14:55:37+00:00,2026-06-14T14:55:36+00:00,28.07,4.07,0.0
1022600102,betrivers,2026,Toronto Tempo,Atlanta Dream,2026-06-14T19:00:00+00:00,2,6.5,6.5,2026-06-13T21:55:36+00:00,2026-06-14T14:55:36+00:00,21.07,4.07,0.0
1022600102,betus,2026,Toronto Tempo,Atlanta Dream,2026-06-14T19:00:00+00:00,2,6.5,6.5,2026-06-13T21:55:36+00:00,2026-06-14T14:55:36+00:00,21.07,4.07,0.0
1022600102,bovada,2026,Toronto Tempo,Atlanta Dream,2026-06-14T19:00:00+00:00,3,6.5,6.5,2026-06-13T14:55:37+00:00,2026-06-14T14:55:36+00:00,28.07,4.07,0.0
1022600102,draftkings,2026,Toronto Tempo,Atlanta Dream,2026-06-14T19:00:00+00:00,3,6.5,6.5,2026-06-13T14:55:37+00:00,2026-06-14T14:55:36+00:00,28.07,4.07,0.0
1022600102,fanatics,2026,Toronto Tempo,Atlanta Dream,2026-06-14T19:00:00+00:00,2,6.5,6.5,2026-06-13T21:55:36+00:00,2026-06-14T14:55:36+00:00,21.07,4.07,0.0
1022600102,fanduel,2026,Toronto Tempo,Atlanta Dream,2026-06-14T19:00:00+00:00,3,6.5,6.5,2026-06-13T14:55:37+00:00,2026-06-14T14:55:36+00:00,28.07,4.07,0.0
1022600102,lowvig,2026,Toronto Tempo,Atlanta Dream,2026-06-14T19:00:00+00:00,3,6.5,6.5,2026-06-13T14:55:37+00:00,2026-06-14T14:55:36+00:00,28.07,4.07,0.0
1022600102,mybookieag,2026,Toronto Tempo,Atlanta Dream,2026-06-14T19:00:00+00:00,1,6.5,6.5,2026-06-14T14:55:36+00:00,2026-06-14T14:55:36+00:00,4.07,4.07,0.0
1022600102,williamhill_us,2026,Toronto Tempo,Atlanta Dream,2026-06-14T19:00:00+00:00,3,6.5,6.5,2026-06-13T14:55:37+00:00,2026-06-14T14:55:36+00:00,28.07,4.07,0.0
1022600103,betmgm,2026,Dallas Wings,Las Vegas Aces,2026-06-16T00:00:00+00:00,3,2.5,3.5,2026-06-14T21:55:36+00:00,2026-06-15T21:55:37+00:00,26.07,2.07,1.0
1022600103,betonlineag,2026,Dallas Wings,Las Vegas Aces,2026-06-16T00:00:00+00:00,4,2.5,3.0,2026-06-14T14:55:36+00:00,2026-06-15T21:55:37+00:00,33.07,2.07,0.5
1022600103,betrivers,2026,Dallas Wings,Las Vegas Aces,2026-06-16T00:00:00+00:00,4,2.5,3.0,2026-06-14T14:55:36+00:00,2026-06-15T21:55:37+00:00,33.07,2.07,0.5
1022600103,betus,2026,Dallas Wings,Las Vegas Aces,2026-06-16T00:00:00+00:00,3,3.5,3.0,2026-06-14T21:55:36+00:00,2026-06-15T21:55:37+00:00,26.07,2.07,0.5
1022600103,bovada,2026,Dallas Wings,Las Vegas Aces,2026-06-16T00:00:00+00:00,4,2.5,3.5,2026-06-14T14:55:36+00:00,2026-06-15T21:55:37+00:00,33.07,2.07,1.0
1022600103,draftkings,2026,Dallas Wings,Las Vegas Aces,2026-06-16T00:00:00+00:00,4,2.5,3.5,2026-06-14T14:55:36+00:00,2026-06-15T21:55:37+00:00,33.07,2.07,1.0
1022600103,fanatics,2026,Dallas Wings,Las Vegas Aces,2026-06-16T00:00:00+00:00,4,2.5,3.5,2026-06-14T14:55:36+00:00,2026-06-15T21:55:37+00:00,33.07,2.07,1.0
1022600103,fanduel,2026,Dallas Wings,Las Vegas Aces,2026-06-16T00:00:00+00:00,4,2.5,3.5,2026-06-14T14:55:36+00:00,2026-06-15T21:55:37+00:00,33.07,2.07,1.0
1022600103,lowvig,2026,Dallas Wings,Las Vegas Aces,2026-06-16T00:00:00+00:00,4,2.5,3.0,2026-06-14T14:55:36+00:00,2026-06-15T21:55:37+00:00,33.07,2.07,0.5
1022600103,mybookieag,2026,Dallas Wings,Las Vegas Aces,2026-06-16T00:00:00+00:00,3,3.0,3.5,2026-06-14T21:55:36+00:00,2026-06-15T21:55:37+00:00,26.07,2.07,0.5
1022600103,williamhill_us,2026,Dallas Wings,Las Vegas Aces,2026-06-16T00:00:00+00:00,4,2.5,3.5,2026-06-14T14:55:36+00:00,2026-06-15T21:55:37+00:00,33.07,2.07,1.0
1022600104,betmgm,2026,Minnesota Lynx,Portland Fire,2026-06-16T00:00:00+00:00,3,-13.5,-14.5,2026-06-14T21:55:36+00:00,2026-06-15T21:55:37+00:00,26.07,2.07,1.0
1022600104,betonlineag,2026,Minnesota Lynx,Portland Fire,2026-06-16T00:00:00+00:00,4,-13.0,-14.5,2026-06-14T14:55:36+00:00,2026-06-15T21:55:37+00:00,33.07,2.07,1.5
1022600104,betrivers,2026,Minnesota Lynx,Portland Fire,2026-06-16T00:00:00+00:00,4,-13.5,-14.5,2026-06-14T14:55:36+00:00,2026-06-15T21:55:37+00:00,33.07,2.07,1.0
1022600104,betus,2026,Minnesota Lynx,Portland Fire,2026-06-16T00:00:00+00:00,3,-14.0,-14.5,2026-06-14T21:55:36+00:00,2026-06-15T21:55:37+00:00,26.07,2.07,0.5
1022600104,bovada,2026,Minnesota Lynx,Portland Fire,2026-06-16T00:00:00+00:00,4,-13.0,-14.0,2026-06-14T14:55:36+00:00,2026-06-15T21:55:37+00:00,33.07,2.07,1.0
1022600104,draftkings,2026,Minnesota Lynx,Portland Fire,2026-06-16T00:00:00+00:00,4,-12.5,-14.5,2026-06-14T14:55:36+00:00,2026-06-15T21:55:37+00:00,33.07,2.07,2.0
1022600104,fanatics,2026,Minnesota Lynx,Portland Fire,2026-06-16T00:00:00+00:00,4,-12.5,-14.5,2026-06-14T14:55:36+00:00,2026-06-15T21:55:37+00:00,33.07,2.07,2.0
1022600104,fanduel,2026,Minnesota Lynx,Portland Fire,2026-06-16T00:00:00+00:00,4,-12.5,-14.5,2026-06-14T14:55:36+00:00,2026-06-15T21:55:37+00:00,33.07,2.07,2.0
1022600104,lowvig,2026,Minnesota Lynx,Portland Fire,2026-06-16T00:00:00+00:00,4,-13.0,-14.5,2026-06-14T14:55:36+00:00,2026-06-15T21:55:37+00:00,33.07,2.07,1.5
1022600104,mybookieag,2026,Minnesota Lynx,Portland Fire,2026-06-16T00:00:00+00:00,4,-12.5,-14.0,2026-06-14T14:55:36+00:00,2026-06-15T21:55:37+00:00,33.07,2.07,1.5
1022600104,williamhill_us,2026,Minnesota Lynx,Portland Fire,2026-06-16T00:00:00+00:00,4,-12.5,-14.5,2026-06-14T14:55:36+00:00,2026-06-15T21:55:37+00:00,33.07,2.07,2.0
1022600105,betmgm,2026,Golden State Valkyries,Los Angeles Sparks,2026-06-16T02:10:00+00:00,3,-5.5,-5.5,2026-06-14T21:55:36+00:00,2026-06-15T21:55:37+00:00,28.24,4.24,0.0
1022600105,betonlineag,2026,Golden State Valkyries,Los Angeles Sparks,2026-06-16T02:10:00+00:00,4,-5.5,-5.0,2026-06-14T14:55:36+00:00,2026-06-15T21:55:37+00:00,35.24,4.24,0.5
1022600105,betrivers,2026,Golden State Valkyries,Los Angeles Sparks,2026-06-16T02:10:00+00:00,4,-4.5,-5.0,2026-06-14T14:55:36+00:00,2026-06-15T21:55:37+00:00,35.24,4.24,0.5
1022600105,betus,2026,Golden State Valkyries,Los Angeles Sparks,2026-06-16T02:10:00+00:00,3,-5.0,-5.0,2026-06-14T21:55:36+00:00,2026-06-15T21:55:37+00:00,28.24,4.24,0.0
1022600105,bovada,2026,Golden State Valkyries,Los Angeles Sparks,2026-06-16T02:10:00+00:00,4,-5.5,-5.5,2026-06-14T14:55:36+00:00,2026-06-15T21:55:37+00:00,35.24,4.24,0.0
1022600105,draftkings,2026,Golden State Valkyries,Los Angeles Sparks,2026-06-16T02:10:00+00:00,4,-3.5,-5.5,2026-06-14T14:55:36+00:00,2026-06-15T21:55:37+00:00,35.24,4.24,2.0
1022600105,fanatics,2026,Golden State Valkyries,Los Angeles Sparks,2026-06-16T02:10:00+00:00,4,-4.5,-5.5,2026-06-14T14:55:36+00:00,2026-06-15T21:55:37+00:00,35.24,4.24,1.0
1022600105,fanduel,2026,Golden State Valkyries,Los Angeles Sparks,2026-06-16T02:10:00+00:00,4,-4.5,-5.5,2026-06-14T14:55:36+00:00,2026-06-15T21:55:37+00:00,35.24,4.24,1.0
1022600105,lowvig,2026,Golden State Valkyries,Los Angeles Sparks,2026-06-16T02:10:00+00:00,4,-5.5,-5.0,2026-06-14T14:55:36+00:00,2026-06-15T21:55:37+00:00,35.24,4.24,0.5
1022600105,mybookieag,2026,Golden State Valkyries,Los Angeles Sparks,2026-06-16T02:10:00+00:00,3,-5.0,-5.0,2026-06-14T21:55:36+00:00,2026-06-15T21:55:37+00:00,28.24,4.24,0.0
1022600105,williamhill_us,2026,Golden State Valkyries,Los Angeles Sparks,2026-06-16T02:10:00+00:00,4,-4.5,-5.0,2026-06-14T14:55:36+00:00,2026-06-15T21:55:37+00:00,35.24,4.24,0.5
1022600106,betmgm,2026,Indiana Fever,Toronto Tempo,2026-06-16T23:00:00+00:00,4,-7.5,-8.5,2026-06-15T14:55:36+00:00,2026-06-16T21:55:37+00:00,32.07,1.07,1.0
1022600106,betonlineag,2026,Indiana Fever,Toronto Tempo,2026-06-16T23:00:00+00:00,3,-8.0,-8.5,2026-06-15T14:55:36+00:00,2026-06-16T21:55:37+00:00,32.07,1.07,0.5
1022600106,betrivers,2026,Indiana Fever,Toronto Tempo,2026-06-16T23:00:00+00:00,4,-8.5,-8.5,2026-06-15T14:55:36+00:00,2026-06-16T21:55:37+00:00,32.07,1.07,0.0
1022600106,betus,2026,Indiana Fever,Toronto Tempo,2026-06-16T23:00:00+00:00,2,-7.0,-8.5,2026-06-16T14:55:38+00:00,2026-06-16T21:55:37+00:00,8.07,1.07,1.5
1022600106,bovada,2026,Indiana Fever,Toronto Tempo,2026-06-16T23:00:00+00:00,2,-7.0,-8.5,2026-06-16T14:55:38+00:00,2026-06-16T21:55:37+00:00,8.07,1.07,1.5
1022600106,draftkings,2026,Indiana Fever,Toronto Tempo,2026-06-16T23:00:00+00:00,6,-7.5,-8.5,2026-06-14T14:55:36+00:00,2026-06-16T21:55:37+00:00,56.07,1.07,1.0
1022600106,fanatics,2026,Indiana Fever,Toronto Tempo,2026-06-16T23:00:00+00:00,6,-8.5,-8.5,2026-06-14T14:55:36+00:00,2026-06-16T21:55:37+00:00,56.07,1.07,0.0
1022600106,fanduel,2026,Indiana Fever,Toronto Tempo,2026-06-16T23:00:00+00:00,6,-8.5,-8.5,2026-06-14T14:55:36+00:00,2026-06-16T21:55:37+00:00,56.07,1.07,0.0
1022600106,lowvig,2026,Indiana Fever,Toronto Tempo,2026-06-16T23:00:00+00:00,3,-8.0,-8.5,2026-06-15T14:55:36+00:00,2026-06-16T21:55:37+00:00,32.07,1.07,0.5
1022600106,mybookieag,2026,Indiana Fever,Toronto Tempo,2026-06-16T23:00:00+00:00,2,-7.0,-8.5,2026-06-16T14:55:38+00:00,2026-06-16T21:55:37+00:00,8.07,1.07,1.5
1022600106,williamhill_us,2026,Indiana Fever,Toronto Tempo,2026-06-16T23:00:00+00:00,4,-7.5,-8.5,2026-06-14T21:55:36+00:00,2026-06-16T21:55:37+00:00,49.07,1.07,1.0
1022600107,betmgm,2026,Connecticut Sun,Washington Mystics,2026-06-17T23:00:00+00:00,5,4.5,1.5,2026-06-15T21:55:37+00:00,2026-06-17T21:55:36+00:00,49.07,1.07,3.0
1022600107,betonlineag,2026,Connecticut Sun,Washington Mystics,2026-06-17T23:00:00+00:00,6,4.5,1.0,2026-06-15T14:55:36+00:00,2026-06-17T21:55:36+00:00,56.07,1.07,3.5
1022600107,betrivers,2026,Connecticut Sun,Washington Mystics,2026-06-17T23:00:00+00:00,6,4.5,1.5,2026-06-15T14:55:36+00:00,2026-06-17T21:55:36+00:00,56.07,1.07,3.0
1022600107,betus,2026,Connecticut Sun,Washington Mystics,2026-06-17T23:00:00+00:00,3,3.5,1.5,2026-06-16T21:55:37+00:00,2026-06-17T21:55:36+00:00,25.07,1.07,2.0
1022600107,bovada,2026,Connecticut Sun,Washington Mystics,2026-06-17T23:00:00+00:00,5,4.5,1.0,2026-06-15T21:55:37+00:00,2026-06-17T21:55:36+00:00,49.07,1.07,3.5
1022600107,draftkings,2026,Connecticut Sun,Washington Mystics,2026-06-17T23:00:00+00:00,6,4.5,1.5,2026-06-15T14:55:36+00:00,2026-06-17T21:55:36+00:00,56.07,1.07,3.0
1022600107,fanatics,2026,Connecticut Sun,Washington Mystics,2026-06-17T23:00:00+00:00,6,4.5,1.5,2026-06-15T14:55:36+00:00,2026-06-17T21:55:36+00:00,56.07,1.07,3.0
1022600107,fanduel,2026,Connecticut Sun,Washington Mystics,2026-06-17T23:00:00+00:00,6,4.5,1.5,2026-06-15T14:55:36+00:00,2026-06-17T21:55:36+00:00,56.07,1.07,3.0
1022600107,lowvig,2026,Connecticut Sun,Washington Mystics,2026-06-17T23:00:00+00:00,6,4.5,1.0,2026-06-15T14:55:36+00:00,2026-06-17T21:55:36+00:00,56.07,1.07,3.5
1022600107,mybookieag,2026,Connecticut Sun,Washington Mystics,2026-06-17T23:00:00+00:00,4,4.5,1.0,2026-06-16T14:55:38+00:00,2026-06-17T21:55:36+00:00,32.07,1.07,3.5
1022600107,williamhill_us,2026,Connecticut Sun,Washington Mystics,2026-06-17T23:00:00+00:00,6,4.5,1.0,2026-06-15T14:55:36+00:00,2026-06-17T21:55:36+00:00,56.07,1.07,3.5
1022600108,betmgm,2026,Chicago Sky,New York Liberty,2026-06-18T00:00:00+00:00,5,7.5,10.5,2026-06-15T21:55:37+00:00,2026-06-17T21:55:36+00:00,50.07,2.07,3.0
1022600108,betonlineag,2026,Chicago Sky,New York Liberty,2026-06-18T00:00:00+00:00,6,7.5,10.0,2026-06-15T14:55:36+00:00,2026-06-17T21:55:36+00:00,57.07,2.07,2.5
1022600108,betrivers,2026,Chicago Sky,New York Liberty,2026-06-18T00:00:00+00:00,6,7.5,10.0,2026-06-15T14:55:36+00:00,2026-06-17T21:55:36+00:00,57.07,2.07,2.5
1022600108,betus,2026,Chicago Sky,New York Liberty,2026-06-18T00:00:00+00:00,3,9.0,10.0,2026-06-16T21:55:37+00:00,2026-06-17T21:55:36+00:00,26.07,2.07,1.0
1022600108,bovada,2026,Chicago Sky,New York Liberty,2026-06-18T00:00:00+00:00,5,7.5,10.0,2026-06-15T21:55:37+00:00,2026-06-17T21:55:36+00:00,50.07,2.07,2.5
1022600108,draftkings,2026,Chicago Sky,New York Liberty,2026-06-18T00:00:00+00:00,6,7.5,10.5,2026-06-15T14:55:36+00:00,2026-06-17T21:55:36+00:00,57.07,2.07,3.0
1022600108,fanatics,2026,Chicago Sky,New York Liberty,2026-06-18T00:00:00+00:00,6,7.5,10.5,2026-06-15T14:55:36+00:00,2026-06-17T21:55:36+00:00,57.07,2.07,3.0
1022600108,fanduel,2026,Chicago Sky,New York Liberty,2026-06-18T00:00:00+00:00,6,7.5,10.5,2026-06-15T14:55:36+00:00,2026-06-17T21:55:36+00:00,57.07,2.07,3.0
1022600108,lowvig,2026,Chicago Sky,New York Liberty,2026-06-18T00:00:00+00:00,6,7.5,10.0,2026-06-15T14:55:36+00:00,2026-06-17T21:55:36+00:00,57.07,2.07,2.5
1022600108,mybookieag,2026,Chicago Sky,New York Liberty,2026-06-18T00:00:00+00:00,4,7.5,10.0,2026-06-16T14:55:38+00:00,2026-06-17T21:55:36+00:00,33.07,2.07,2.5
1022600108,williamhill_us,2026,Chicago Sky,New York Liberty,2026-06-18T00:00:00+00:00,6,7.5,10.0,2026-06-15T14:55:36+00:00,2026-06-17T21:55:36+00:00,57.07,2.07,2.5
1022600109,betmgm,2026,Golden State Valkyries,Dallas Wings,2026-06-18T02:00:00+00:00,4,-2.5,-2.5,2026-06-16T14:55:38+00:00,2026-06-17T21:55:36+00:00,35.07,4.07,0.0
1022600109,betonlineag,2026,Golden State Valkyries,Dallas Wings,2026-06-18T02:00:00+00:00,4,-2.5,-3.0,2026-06-16T14:55:38+00:00,2026-06-17T21:55:36+00:00,35.07,4.07,0.5
1022600109,betrivers,2026,Golden State Valkyries,Dallas Wings,2026-06-18T02:00:00+00:00,4,-2.5,-3.0,2026-06-16T14:55:38+00:00,2026-06-17T21:55:36+00:00,35.07,4.07,0.5
1022600109,betus,2026,Golden State Valkyries,Dallas Wings,2026-06-18T02:00:00+00:00,3,-3.0,-3.0,2026-06-16T21:55:37+00:00,2026-06-17T21:55:36+00:00,28.07,4.07,0.0
1022600109,bovada,2026,Golden State Valkyries,Dallas Wings,2026-06-18T02:00:00+00:00,4,-2.5,-3.0,2026-06-16T14:55:38+00:00,2026-06-17T21:55:36+00:00,35.07,4.07,0.5
1022600109,draftkings,2026,Golden State Valkyries,Dallas Wings,2026-06-18T02:00:00+00:00,4,-2.5,-2.5,2026-06-16T14:55:38+00:00,2026-06-17T21:55:36+00:00,35.07,4.07,0.0
1022600109,fanatics,2026,Golden State Valkyries,Dallas Wings,2026-06-18T02:00:00+00:00,4,-2.5,-2.5,2026-06-16T14:55:38+00:00,2026-06-17T21:55:36+00:00,35.07,4.07,0.0
1022600109,fanduel,2026,Golden State Valkyries,Dallas Wings,2026-06-18T02:00:00+00:00,4,-2.5,-2.5,2026-06-16T14:55:38+00:00,2026-06-17T21:55:36+00:00,35.07,4.07,0.0
1022600109,lowvig,2026,Golden State Valkyries,Dallas Wings,2026-06-18T02:00:00+00:00,4,-2.5,-3.0,2026-06-16T14:55:38+00:00,2026-06-17T21:55:36+00:00,35.07,4.07,0.5
1022600109,mybookieag,2026,Golden State Valkyries,Dallas Wings,2026-06-18T02:00:00+00:00,4,-2.5,-3.0,2026-06-16T14:55:38+00:00,2026-06-17T21:55:36+00:00,35.07,4.07,0.5
1022600109,williamhill_us,2026,Golden State Valkyries,Dallas Wings,2026-06-18T02:00:00+00:00,4,-2.5,-3.0,2026-06-16T14:55:38+00:00,2026-06-17T21:55:36+00:00,35.07,4.07,0.5
1022600110,betmgm,2026,Los Angeles Sparks,Minnesota Lynx,2026-06-18T02:00:00+00:00,4,3.5,9.5,2026-06-16T14:55:38+00:00,2026-06-17T21:55:36+00:00,35.07,4.07,6.0
1022600110,betonlineag,2026,Los Angeles Sparks,Minnesota Lynx,2026-06-18T02:00:00+00:00,4,4.0,9.5,2026-06-16T14:55:38+00:00,2026-06-17T21:55:36+00:00,35.07,4.07,5.5
1022600110,betrivers,2026,Los Angeles Sparks,Minnesota Lynx,2026-06-18T02:00:00+00:00,4,3.5,9.5,2026-06-16T14:55:38+00:00,2026-06-17T21:55:36+00:00,35.07,4.07,6.0
1022600110,betus,2026,Los Angeles Sparks,Minnesota Lynx,2026-06-18T02:00:00+00:00,3,5.5,9.5,2026-06-16T21:55:37+00:00,2026-06-17T21:55:36+00:00,28.07,4.07,4.0
1022600110,bovada,2026,Los Angeles Sparks,Minnesota Lynx,2026-06-18T02:00:00+00:00,4,4.0,10.0,2026-06-16T14:55:38+00:00,2026-06-17T21:55:36+00:00,35.07,4.07,6.0
1022600110,draftkings,2026,Los Angeles Sparks,Minnesota Lynx,2026-06-18T02:00:00+00:00,4,3.5,9.5,2026-06-16T14:55:38+00:00,2026-06-17T21:55:36+00:00,35.07,4.07,6.0
1022600110,fanatics,2026,Los Angeles Sparks,Minnesota Lynx,2026-06-18T02:00:00+00:00,4,3.5,9.5,2026-06-16T14:55:38+00:00,2026-06-17T21:55:36+00:00,35.07,4.07,6.0
1022600110,fanduel,2026,Los Angeles Sparks,Minnesota Lynx,2026-06-18T02:00:00+00:00,4,3.5,9.5,2026-06-16T14:55:38+00:00,2026-06-17T21:55:36+00:00,35.07,4.07,6.0
1022600110,lowvig,2026,Los Angeles Sparks,Minnesota Lynx,2026-06-18T02:00:00+00:00,4,4.0,9.5,2026-06-16T14:55:38+00:00,2026-06-17T21:55:36+00:00,35.07,4.07,5.5
1022600110,mybookieag,2026,Los Angeles Sparks,Minnesota Lynx,2026-06-18T02:00:00+00:00,4,3.5,9.5,2026-06-16T14:55:38+00:00,2026-06-17T21:55:36+00:00,35.07,4.07,6.0
1022600110,williamhill_us,2026,Los Angeles Sparks,Minnesota Lynx,2026-06-18T02:00:00+00:00,4,3.5,9.5,2026-06-16T14:55:38+00:00,2026-06-17T21:55:36+00:00,35.07,4.07,6.0
1022600111,betmgm,2026,Phoenix Mercury,Las Vegas Aces,2026-06-18T02:00:00+00:00,4,7.5,6.5,2026-06-16T14:55:38+00:00,2026-06-17T21:55:36+00:00,35.07,4.07,1.0
1022600111,betonlineag,2026,Phoenix Mercury,Las Vegas Aces,2026-06-18T02:00:00+00:00,4,6.5,6.0,2026-06-16T14:55:38+00:00,2026-06-17T21:55:36+00:00,35.07,4.07,0.5
1022600111,betrivers,2026,Phoenix Mercury,Las Vegas Aces,2026-06-18T02:00:00+00:00,4,7.5,7.0,2026-06-16T14:55:38+00:00,2026-06-17T21:55:36+00:00,35.07,4.07,0.5
1022600111,betus,2026,Phoenix Mercury,Las Vegas Aces,2026-06-18T02:00:00+00:00,3,7.5,6.0,2026-06-16T21:55:37+00:00,2026-06-17T21:55:36+00:00,28.07,4.07,1.5
1022600111,bovada,2026,Phoenix Mercury,Las Vegas Aces,2026-06-18T02:00:00+00:00,4,6.5,7.0,2026-06-16T14:55:38+00:00,2026-06-17T21:55:36+00:00,35.07,4.07,0.5
1022600111,draftkings,2026,Phoenix Mercury,Las Vegas Aces,2026-06-18T02:00:00+00:00,4,7.5,6.5,2026-06-16T14:55:38+00:00,2026-06-17T21:55:36+00:00,35.07,4.07,1.0
1022600111,fanatics,2026,Phoenix Mercury,Las Vegas Aces,2026-06-18T02:00:00+00:00,4,7.5,6.5,2026-06-16T14:55:38+00:00,2026-06-17T21:55:36+00:00,35.07,4.07,1.0
1022600111,fanduel,2026,Phoenix Mercury,Las Vegas Aces,2026-06-18T02:00:00+00:00,4,7.5,6.5,2026-06-16T14:55:38+00:00,2026-06-17T21:55:36+00:00,35.07,4.07,1.0
1022600111,lowvig,2026,Phoenix Mercury,Las Vegas Aces,2026-06-18T02:00:00+00:00,4,6.5,6.0,2026-06-16T14:55:38+00:00,2026-06-17T21:55:36+00:00,35.07,4.07,0.5
1022600111,mybookieag,2026,Phoenix Mercury,Las Vegas Aces,2026-06-18T02:00:00+00:00,4,7.5,6.5,2026-06-16T14:55:38+00:00,2026-06-17T21:55:36+00:00,35.07,4.07,1.0
1022600111,williamhill_us,2026,Phoenix Mercury,Las Vegas Aces,2026-06-18T02:00:00+00:00,4,6.5,6.5,2026-06-16T14:55:38+00:00,2026-06-17T21:55:36+00:00,35.07,4.07,0.0
1022600112,betmgm,2026,Portland Fire,Seattle Storm,2026-06-18T02:00:00+00:00,4,-2.5,-4.5,2026-06-16T14:55:38+00:00,2026-06-17T21:55:36+00:00,35.07,4.07,2.0
1022600112,betonlineag,2026,Portland Fire,Seattle Storm,2026-06-18T02:00:00+00:00,4,-3.0,-4.0,2026-06-16T14:55:38+00:00,2026-06-17T21:55:36+00:00,35.07,4.07,1.0
1022600112,betrivers,2026,Portland Fire,Seattle Storm,2026-06-18T02:00:00+00:00,4,-2.5,-3.0,2026-06-16T14:55:38+00:00,2026-06-17T21:55:36+00:00,35.07,4.07,0.5
1022600112,betus,2026,Portland Fire,Seattle Storm,2026-06-18T02:00:00+00:00,3,-3.0,-4.0,2026-06-16T21:55:37+00:00,2026-06-17T21:55:36+00:00,28.07,4.07,1.0
1022600112,bovada,2026,Portland Fire,Seattle Storm,2026-06-18T02:00:00+00:00,4,-3.0,-4.0,2026-06-16T14:55:38+00:00,2026-06-17T21:55:36+00:00,35.07,4.07,1.0
1022600112,draftkings,2026,Portland Fire,Seattle Storm,2026-06-18T02:00:00+00:00,4,-2.5,-3.5,2026-06-16T14:55:38+00:00,2026-06-17T21:55:36+00:00,35.07,4.07,1.0
1022600112,fanatics,2026,Portland Fire,Seattle Storm,2026-06-18T02:00:00+00:00,4,-2.5,-3.5,2026-06-16T14:55:38+00:00,2026-06-17T21:55:36+00:00,35.07,4.07,1.0
1022600112,fanduel,2026,Portland Fire,Seattle Storm,2026-06-18T02:00:00+00:00,4,-2.5,-3.5,2026-06-16T14:55:38+00:00,2026-06-17T21:55:36+00:00,35.07,4.07,1.0
1022600112,lowvig,2026,Portland Fire,Seattle Storm,2026-06-18T02:00:00+00:00,4,-3.0,-4.0,2026-06-16T14:55:38+00:00,2026-06-17T21:55:36+00:00,35.07,4.07,1.0
1022600112,mybookieag,2026,Portland Fire,Seattle Storm,2026-06-18T02:00:00+00:00,4,-2.5,-3.5,2026-06-16T14:55:38+00:00,2026-06-17T21:55:36+00:00,35.07,4.07,1.0
1022600112,williamhill_us,2026,Portland Fire,Seattle Storm,2026-06-18T02:00:00+00:00,4,-2.5,-3.5,2026-06-16T14:55:38+00:00,2026-06-17T21:55:36+00:00,35.07,4.07,1.0
1022600113,betmgm,2026,Indiana Fever,Atlanta Dream,2026-06-18T23:40:00+00:00,4,-1.5,1.5,2026-06-17T14:55:36+00:00,2026-06-18T21:55:36+00:00,32.74,1.74,3.0
1022600113,betonlineag,2026,Indiana Fever,Atlanta Dream,2026-06-18T23:40:00+00:00,3,-1.0,0.0,2026-06-17T21:55:36+00:00,2026-06-18T21:55:36+00:00,25.74,1.74,1.0
1022600113,betrivers,2026,Indiana Fever,Atlanta Dream,2026-06-18T23:40:00+00:00,4,-1.5,0.5,2026-06-17T14:55:36+00:00,2026-06-18T21:55:36+00:00,32.74,1.74,2.0
1022600113,betus,2026,Indiana Fever,Atlanta Dream,2026-06-18T23:40:00+00:00,2,0.0,0.0,2026-06-18T14:55:36+00:00,2026-06-18T21:55:36+00:00,8.74,1.74,0.0
1022600113,bovada,2026,Indiana Fever,Atlanta Dream,2026-06-18T23:40:00+00:00,3,-1.0,1.5,2026-06-17T21:55:36+00:00,2026-06-18T21:55:36+00:00,25.74,1.74,2.5
1022600113,draftkings,2026,Indiana Fever,Atlanta Dream,2026-06-18T23:40:00+00:00,4,-1.5,1.5,2026-06-17T14:55:36+00:00,2026-06-18T21:55:36+00:00,32.74,1.74,3.0
1022600113,fanatics,2026,Indiana Fever,Atlanta Dream,2026-06-18T23:40:00+00:00,4,-1.0,1.0,2026-06-17T14:55:36+00:00,2026-06-18T21:55:36+00:00,32.74,1.74,2.0
1022600113,fanduel,2026,Indiana Fever,Atlanta Dream,2026-06-18T23:40:00+00:00,4,-1.5,1.5,2026-06-17T14:55:36+00:00,2026-06-18T21:55:36+00:00,32.74,1.74,3.0
1022600113,lowvig,2026,Indiana Fever,Atlanta Dream,2026-06-18T23:40:00+00:00,3,-1.0,0.0,2026-06-17T21:55:36+00:00,2026-06-18T21:55:36+00:00,25.74,1.74,1.0
1022600113,mybookieag,2026,Indiana Fever,Atlanta Dream,2026-06-18T23:40:00+00:00,2,-1.0,1.0,2026-06-18T14:55:36+00:00,2026-06-18T21:55:36+00:00,8.74,1.74,2.0
1022600113,williamhill_us,2026,Indiana Fever,Atlanta Dream,2026-06-18T23:40:00+00:00,3,-1.5,1.0,2026-06-17T21:55:36+00:00,2026-06-18T21:55:36+00:00,25.74,1.74,2.5
1022600114,betmgm,2026,Connecticut Sun,Toronto Tempo,2026-06-19T23:40:00+00:00,4,1.5,-1.5,2026-06-18T14:55:36+00:00,2026-06-19T21:55:36+00:00,32.74,1.74,3.0
1022600114,betonlineag,2026,Connecticut Sun,Toronto Tempo,2026-06-19T23:40:00+00:00,4,1.0,-1.5,2026-06-18T14:55:36+00:00,2026-06-19T21:55:36+00:00,32.74,1.74,2.5
1022600114,betrivers,2026,Connecticut Sun,Toronto Tempo,2026-06-19T23:40:00+00:00,4,0.5,0.5,2026-06-18T14:55:36+00:00,2026-06-19T21:55:36+00:00,32.74,1.74,0.0
1022600114,betus,2026,Connecticut Sun,Toronto Tempo,2026-06-19T23:40:00+00:00,2,0.0,1.5,2026-06-18T21:55:36+00:00,2026-06-19T14:55:36+00:00,25.74,8.74,1.5
1022600114,bovada,2026,Connecticut Sun,Toronto Tempo,2026-06-19T23:40:00+00:00,3,1.0,-1.5,2026-06-18T14:55:36+00:00,2026-06-19T21:55:36+00:00,32.74,1.74,2.5
1022600114,draftkings,2026,Connecticut Sun,Toronto Tempo,2026-06-19T23:40:00+00:00,4,1.5,-1.5,2026-06-18T14:55:36+00:00,2026-06-19T21:55:36+00:00,32.74,1.74,3.0
1022600114,fanatics,2026,Connecticut Sun,Toronto Tempo,2026-06-19T23:40:00+00:00,4,1.0,-1.5,2026-06-18T14:55:36+00:00,2026-06-19T21:55:36+00:00,32.74,1.74,2.5
1022600114,fanduel,2026,Connecticut Sun,Toronto Tempo,2026-06-19T23:40:00+00:00,4,1.5,-1.5,2026-06-18T14:55:36+00:00,2026-06-19T21:55:36+00:00,32.74,1.74,3.0
1022600114,lowvig,2026,Connecticut Sun,Toronto Tempo,2026-06-19T23:40:00+00:00,4,1.0,-1.5,2026-06-18T14:55:36+00:00,2026-06-19T21:55:36+00:00,32.74,1.74,2.5
1022600114,mybookieag,2026,Connecticut Sun,Toronto Tempo,2026-06-19T23:40:00+00:00,2,2.0,-1.5,2026-06-19T14:55:36+00:00,2026-06-19T21:55:36+00:00,8.74,1.74,3.5
1022600114,williamhill_us,2026,Connecticut Sun,Toronto Tempo,2026-06-19T23:40:00+00:00,4,1.0,-1.5,2026-06-18T14:55:36+00:00,2026-06-19T21:55:36+00:00,32.74,1.74,2.5
1022600115,betmgm,2026,New York Liberty,Washington Mystics,2026-06-19T23:40:00+00:00,4,-11.5,-12.5,2026-06-18T14:55:36+00:00,2026-06-19T21:55:36+00:00,32.74,1.74,1.0
1022600115,betonlineag,2026,New York Liberty,Washington Mystics,2026-06-19T23:40:00+00:00,4,-11.5,-12.0,2026-06-18T14:55:36+00:00,2026-06-19T21:55:36+00:00,32.74,1.74,0.5
1022600115,betrivers,2026,New York Liberty,Washington Mystics,2026-06-19T23:40:00+00:00,4,-11.5,-12.5,2026-06-18T14:55:36+00:00,2026-06-19T21:55:36+00:00,32.74,1.74,1.0
1022600115,betus,2026,New York Liberty,Washington Mystics,2026-06-19T23:40:00+00:00,3,-11.5,-12.0,2026-06-18T21:55:36+00:00,2026-06-19T21:55:36+00:00,25.74,1.74,0.5
1022600115,bovada,2026,New York Liberty,Washington Mystics,2026-06-19T23:40:00+00:00,4,-11.5,-12.5,2026-06-18T14:55:36+00:00,2026-06-19T21:55:36+00:00,32.74,1.74,1.0
1022600115,draftkings,2026,New York Liberty,Washington Mystics,2026-06-19T23:40:00+00:00,4,-11.5,-12.5,2026-06-18T14:55:36+00:00,2026-06-19T21:55:36+00:00,32.74,1.74,1.0
1022600115,fanatics,2026,New York Liberty,Washington Mystics,2026-06-19T23:40:00+00:00,4,-12.0,-12.5,2026-06-18T14:55:36+00:00,2026-06-19T21:55:36+00:00,32.74,1.74,0.5
1022600115,fanduel,2026,New York Liberty,Washington Mystics,2026-06-19T23:40:00+00:00,4,-12.5,-12.5,2026-06-18T14:55:36+00:00,2026-06-19T21:55:36+00:00,32.74,1.74,0.0
1022600115,lowvig,2026,New York Liberty,Washington Mystics,2026-06-19T23:40:00+00:00,4,-11.5,-12.0,2026-06-18T14:55:36+00:00,2026-06-19T21:55:36+00:00,32.74,1.74,0.5
1022600115,mybookieag,2026,New York Liberty,Washington Mystics,2026-06-19T23:40:00+00:00,2,-12.5,-12.5,2026-06-19T14:55:36+00:00,2026-06-19T21:55:36+00:00,8.74,1.74,0.0
1022600115,williamhill_us,2026,New York Liberty,Washington Mystics,2026-06-19T23:40:00+00:00,4,-11.5,-12.0,2026-06-18T14:55:36+00:00,2026-06-19T21:55:36+00:00,32.74,1.74,0.5
1022600116,betmgm,2026,Golden State Valkyries,Minnesota Lynx,2026-06-20T02:00:00+00:00,4,2.5,2.5,2026-06-18T14:55:36+00:00,2026-06-19T21:55:36+00:00,35.07,4.07,0.0
1022600116,betonlineag,2026,Golden State Valkyries,Minnesota Lynx,2026-06-20T02:00:00+00:00,4,2.5,2.5,2026-06-18T14:55:36+00:00,2026-06-19T21:55:36+00:00,35.07,4.07,0.0
1022600116,betrivers,2026,Golden State Valkyries,Minnesota Lynx,2026-06-20T02:00:00+00:00,4,2.5,2.5,2026-06-18T14:55:36+00:00,2026-06-19T21:55:36+00:00,35.07,4.07,0.0
1022600116,betus,2026,Golden State Valkyries,Minnesota Lynx,2026-06-20T02:00:00+00:00,3,2.5,2.5,2026-06-18T21:55:36+00:00,2026-06-19T21:55:36+00:00,28.07,4.07,0.0
1022600116,bovada,2026,Golden State Valkyries,Minnesota Lynx,2026-06-20T02:00:00+00:00,4,2.5,2.5,2026-06-18T14:55:36+00:00,2026-06-19T21:55:36+00:00,35.07,4.07,0.0
1022600116,draftkings,2026,Golden State Valkyries,Minnesota Lynx,2026-06-20T02:00:00+00:00,4,2.5,2.5,2026-06-18T14:55:36+00:00,2026-06-19T21:55:36+00:00,35.07,4.07,0.0
1022600116,fanatics,2026,Golden State Valkyries,Minnesota Lynx,2026-06-20T02:00:00+00:00,4,2.5,2.5,2026-06-18T14:55:36+00:00,2026-06-19T21:55:36+00:00,35.07,4.07,0.0
1022600116,fanduel,2026,Golden State Valkyries,Minnesota Lynx,2026-06-20T02:00:00+00:00,4,2.5,2.5,2026-06-18T14:55:36+00:00,2026-06-19T21:55:36+00:00,35.07,4.07,0.0
1022600116,lowvig,2026,Golden State Valkyries,Minnesota Lynx,2026-06-20T02:00:00+00:00,4,2.5,2.5,2026-06-18T14:55:36+00:00,2026-06-19T21:55:36+00:00,35.07,4.07,0.0
1022600116,mybookieag,2026,Golden State Valkyries,Minnesota Lynx,2026-06-20T02:00:00+00:00,2,2.5,2.5,2026-06-19T14:55:36+00:00,2026-06-19T21:55:36+00:00,11.07,4.07,0.0
1022600116,williamhill_us,2026,Golden State Valkyries,Minnesota Lynx,2026-06-20T02:00:00+00:00,4,2.5,2.5,2026-06-18T14:55:36+00:00,2026-06-19T21:55:36+00:00,35.07,4.07,0.0
1022600117,betmgm,2026,Atlanta Dream,Indiana Fever,2026-06-20T17:00:00+00:00,3,-5.5,-5.5,2026-06-19T14:55:36+00:00,2026-06-20T14:55:36+00:00,26.07,2.07,0.0
1022600117,betonlineag,2026,Atlanta Dream,Indiana Fever,2026-06-20T17:00:00+00:00,3,-6.0,-5.0,2026-06-19T14:55:36+00:00,2026-06-20T14:55:36+00:00,26.07,2.07,1.0
1022600117,betrivers,2026,Atlanta Dream,Indiana Fever,2026-06-20T17:00:00+00:00,3,-4.5,-5.0,2026-06-19T14:55:36+00:00,2026-06-20T14:55:36+00:00,26.07,2.07,0.5
1022600117,betus,2026,Atlanta Dream,Indiana Fever,2026-06-20T17:00:00+00:00,3,-6.0,-5.0,2026-06-19T14:55:36+00:00,2026-06-20T14:55:36+00:00,26.07,2.07,1.0
1022600117,bovada,2026,Atlanta Dream,Indiana Fever,2026-06-20T17:00:00+00:00,3,-6.0,-5.0,2026-06-19T14:55:36+00:00,2026-06-20T14:55:36+00:00,26.07,2.07,1.0
1022600117,draftkings,2026,Atlanta Dream,Indiana Fever,2026-06-20T17:00:00+00:00,3,-4.5,-4.5,2026-06-19T14:55:36+00:00,2026-06-20T14:55:36+00:00,26.07,2.07,0.0
1022600117,fanatics,2026,Atlanta Dream,Indiana Fever,2026-06-20T17:00:00+00:00,3,-5.5,-5.0,2026-06-19T14:55:36+00:00,2026-06-20T14:55:36+00:00,26.07,2.07,0.5
1022600117,fanduel,2026,Atlanta Dream,Indiana Fever,2026-06-20T17:00:00+00:00,3,-4.5,-5.5,2026-06-19T14:55:36+00:00,2026-06-20T14:55:36+00:00,26.07,2.07,1.0
1022600117,lowvig,2026,Atlanta Dream,Indiana Fever,2026-06-20T17:00:00+00:00,3,-6.0,-5.0,2026-06-19T14:55:36+00:00,2026-06-20T14:55:36+00:00,26.07,2.07,1.0
1022600117,mybookieag,2026,Atlanta Dream,Indiana Fever,2026-06-20T17:00:00+00:00,1,-5.0,-5.0,2026-06-20T14:55:36+00:00,2026-06-20T14:55:36+00:00,2.07,2.07,0.0
1022600117,williamhill_us,2026,Atlanta Dream,Indiana Fever,2026-06-20T17:00:00+00:00,3,-4.5,-5.0,2026-06-19T14:55:36+00:00,2026-06-20T14:55:36+00:00,26.07,2.07,0.5
1022600118,betmgm,2026,Phoenix Mercury,Seattle Storm,2026-06-20T19:00:00+00:00,3,-7.5,-7.5,2026-06-19T14:55:36+00:00,2026-06-20T14:55:36+00:00,28.07,4.07,0.0
1022600118,betonlineag,2026,Phoenix Mercury,Seattle Storm,2026-06-20T19:00:00+00:00,3,-7.5,-7.0,2026-06-19T14:55:36+00:00,2026-06-20T14:55:36+00:00,28.07,4.07,0.5
1022600118,betrivers,2026,Phoenix Mercury,Seattle Storm,2026-06-20T19:00:00+00:00,3,-7.5,-7.0,2026-06-19T14:55:36+00:00,2026-06-20T14:55:36+00:00,28.07,4.07,0.5
1022600118,betus,2026,Phoenix Mercury,Seattle Storm,2026-06-20T19:00:00+00:00,3,-7.5,-7.0,2026-06-19T14:55:36+00:00,2026-06-20T14:55:36+00:00,28.07,4.07,0.5
1022600118,bovada,2026,Phoenix Mercury,Seattle Storm,2026-06-20T19:00:00+00:00,3,-7.5,-7.5,2026-06-19T14:55:36+00:00,2026-06-20T14:55:36+00:00,28.07,4.07,0.0
1022600118,draftkings,2026,Phoenix Mercury,Seattle Storm,2026-06-20T19:00:00+00:00,3,-7.5,-7.5,2026-06-19T14:55:36+00:00,2026-06-20T14:55:36+00:00,28.07,4.07,0.0
1022600118,fanatics,2026,Phoenix Mercury,Seattle Storm,2026-06-20T19:00:00+00:00,3,-7.5,-7.0,2026-06-19T14:55:36+00:00,2026-06-20T14:55:36+00:00,28.07,4.07,0.5
1022600118,fanduel,2026,Phoenix Mercury,Seattle Storm,2026-06-20T19:00:00+00:00,3,-7.5,-7.5,2026-06-19T14:55:36+00:00,2026-06-20T14:55:36+00:00,28.07,4.07,0.0
1022600118,lowvig,2026,Phoenix Mercury,Seattle Storm,2026-06-20T19:00:00+00:00,3,-7.5,-7.0,2026-06-19T14:55:36+00:00,2026-06-20T14:55:36+00:00,28.07,4.07,0.5
1022600118,mybookieag,2026,Phoenix Mercury,Seattle Storm,2026-06-20T19:00:00+00:00,1,-7.0,-7.0,2026-06-20T14:55:36+00:00,2026-06-20T14:55:36+00:00,4.07,4.07,0.0
1022600118,williamhill_us,2026,Phoenix Mercury,Seattle Storm,2026-06-20T19:00:00+00:00,3,-7.5,-7.0,2026-06-19T14:55:36+00:00,2026-06-20T14:55:36+00:00,28.07,4.07,0.5
1022600119,betmgm,2026,Dallas Wings,Chicago Sky,2026-06-21T00:00:00+00:00,4,-9.5,-10.5,2026-06-19T14:55:36+00:00,2026-06-20T21:55:36+00:00,33.07,2.07,1.0
1022600119,betonlineag,2026,Dallas Wings,Chicago Sky,2026-06-21T00:00:00+00:00,4,-9.5,-10.0,2026-06-19T14:55:36+00:00,2026-06-20T21:55:36+00:00,33.07,2.07,0.5
1022600119,betrivers,2026,Dallas Wings,Chicago Sky,2026-06-21T00:00:00+00:00,4,-9.5,-10.5,2026-06-19T14:55:36+00:00,2026-06-20T21:55:36+00:00,33.07,2.07,1.0
1022600119,betus,2026,Dallas Wings,Chicago Sky,2026-06-21T00:00:00+00:00,4,-9.5,-10.0,2026-06-19T14:55:36+00:00,2026-06-20T21:55:36+00:00,33.07,2.07,0.5
1022600119,bovada,2026,Dallas Wings,Chicago Sky,2026-06-21T00:00:00+00:00,4,-9.5,-10.5,2026-06-19T14:55:36+00:00,2026-06-20T21:55:36+00:00,33.07,2.07,1.0
1022600119,draftkings,2026,Dallas Wings,Chicago Sky,2026-06-21T00:00:00+00:00,4,-8.5,-10.5,2026-06-19T14:55:36+00:00,2026-06-20T21:55:36+00:00,33.07,2.07,2.0
1022600119,fanatics,2026,Dallas Wings,Chicago Sky,2026-06-21T00:00:00+00:00,4,-9.0,-10.5,2026-06-19T14:55:36+00:00,2026-06-20T21:55:36+00:00,33.07,2.07,1.5
1022600119,fanduel,2026,Dallas Wings,Chicago Sky,2026-06-21T00:00:00+00:00,4,-8.5,-10.5,2026-06-19T14:55:36+00:00,2026-06-20T21:55:36+00:00,33.07,2.07,2.0
1022600119,lowvig,2026,Dallas Wings,Chicago Sky,2026-06-21T00:00:00+00:00,4,-9.5,-10.0,2026-06-19T14:55:36+00:00,2026-06-20T21:55:36+00:00,33.07,2.07,0.5
1022600119,mybookieag,2026,Dallas Wings,Chicago Sky,2026-06-21T00:00:00+00:00,2,-9.0,-10.0,2026-06-20T14:55:36+00:00,2026-06-20T21:55:36+00:00,9.07,2.07,1.0
1022600119,williamhill_us,2026,Dallas Wings,Chicago Sky,2026-06-21T00:00:00+00:00,4,-8.5,-10.5,2026-06-19T14:55:36+00:00,2026-06-20T21:55:36+00:00,33.07,2.07,2.0
1022600120,betmgm,2026,Las Vegas Aces,Golden State Valkyries,2026-06-21T20:03:42+00:00,2,-3.5,-3.5,2026-06-20T21:55:36+00:00,2026-06-21T14:55:36+00:00,22.14,5.14,0.0
1022600120,betonlineag,2026,Las Vegas Aces,Golden State Valkyries,2026-06-21T20:03:42+00:00,3,-4.0,-3.0,2026-06-20T14:55:36+00:00,2026-06-21T14:55:36+00:00,29.14,5.14,1.0
1022600120,betrivers,2026,Las Vegas Aces,Golden State Valkyries,2026-06-21T20:03:42+00:00,3,-4.5,-3.5,2026-06-20T14:55:36+00:00,2026-06-21T14:55:36+00:00,29.14,5.14,1.0
1022600120,betus,2026,Las Vegas Aces,Golden State Valkyries,2026-06-21T20:03:42+00:00,2,-4.0,-3.0,2026-06-20T21:55:36+00:00,2026-06-21T14:55:36+00:00,22.14,5.14,1.0
1022600120,bovada,2026,Las Vegas Aces,Golden State Valkyries,2026-06-21T20:03:42+00:00,3,-4.0,-3.0,2026-06-20T14:55:36+00:00,2026-06-21T14:55:36+00:00,29.14,5.14,1.0
1022600120,draftkings,2026,Las Vegas Aces,Golden State Valkyries,2026-06-21T20:03:42+00:00,3,-3.5,-3.5,2026-06-20T14:55:36+00:00,2026-06-21T14:55:36+00:00,29.14,5.14,0.0
1022600120,fanatics,2026,Las Vegas Aces,Golden State Valkyries,2026-06-21T20:03:42+00:00,3,-4.0,-3.5,2026-06-20T14:55:36+00:00,2026-06-21T14:55:36+00:00,29.14,5.14,0.5
1022600120,fanduel,2026,Las Vegas Aces,Golden State Valkyries,2026-06-21T20:03:42+00:00,3,-4.5,-3.5,2026-06-20T14:55:36+00:00,2026-06-21T14:55:36+00:00,29.14,5.14,1.0
1022600120,lowvig,2026,Las Vegas Aces,Golden State Valkyries,2026-06-21T20:03:42+00:00,3,-4.0,-3.0,2026-06-20T14:55:36+00:00,2026-06-21T14:55:36+00:00,29.14,5.14,1.0
1022600120,mybookieag,2026,Las Vegas Aces,Golden State Valkyries,2026-06-21T20:03:42+00:00,1,-3.0,-3.0,2026-06-21T14:55:36+00:00,2026-06-21T14:55:36+00:00,5.14,5.14,0.0
1022600120,williamhill_us,2026,Las Vegas Aces,Golden State Valkyries,2026-06-21T20:03:42+00:00,3,-4.0,-3.0,2026-06-20T14:55:36+00:00,2026-06-21T14:55:36+00:00,29.14,5.14,1.0
1022600121,betmgm,2026,Minnesota Lynx,Washington Mystics,2026-06-21T22:00:00+00:00,3,-13.5,-13.5,2026-06-20T21:55:36+00:00,2026-06-21T21:55:36+00:00,24.07,0.07,0.0
1022600121,betonlineag,2026,Minnesota Lynx,Washington Mystics,2026-06-21T22:00:00+00:00,4,-13.5,-13.5,2026-06-20T14:55:36+00:00,2026-06-21T21:55:36+00:00,31.07,0.07,0.0
1022600121,betrivers,2026,Minnesota Lynx,Washington Mystics,2026-06-21T22:00:00+00:00,4,-13.5,-14.0,2026-06-20T14:55:36+00:00,2026-06-21T21:55:36+00:00,31.07,0.07,0.5
1022600121,betus,2026,Minnesota Lynx,Washington Mystics,2026-06-21T22:00:00+00:00,3,-14.0,-14.0,2026-06-20T21:55:36+00:00,2026-06-21T21:55:36+00:00,24.07,0.07,0.0
1022600121,bovada,2026,Minnesota Lynx,Washington Mystics,2026-06-21T22:00:00+00:00,4,-13.5,-14.5,2026-06-20T14:55:36+00:00,2026-06-21T21:55:36+00:00,31.07,0.07,1.0
1022600121,draftkings,2026,Minnesota Lynx,Washington Mystics,2026-06-21T22:00:00+00:00,4,-13.5,-14.5,2026-06-20T14:55:36+00:00,2026-06-21T21:55:36+00:00,31.07,0.07,1.0
1022600121,fanatics,2026,Minnesota Lynx,Washington Mystics,2026-06-21T22:00:00+00:00,4,-13.5,-13.5,2026-06-20T14:55:36+00:00,2026-06-21T21:55:36+00:00,31.07,0.07,0.0
1022600121,fanduel,2026,Minnesota Lynx,Washington Mystics,2026-06-21T22:00:00+00:00,4,-13.5,-13.5,2026-06-20T14:55:36+00:00,2026-06-21T21:55:36+00:00,31.07,0.07,0.0
1022600121,lowvig,2026,Minnesota Lynx,Washington Mystics,2026-06-21T22:00:00+00:00,4,-13.5,-13.5,2026-06-20T14:55:36+00:00,2026-06-21T21:55:36+00:00,31.07,0.07,0.0
1022600121,mybookieag,2026,Minnesota Lynx,Washington Mystics,2026-06-21T22:00:00+00:00,2,-13.5,-14.0,2026-06-21T14:55:36+00:00,2026-06-21T21:55:36+00:00,7.07,0.07,0.5
1022600121,williamhill_us,2026,Minnesota Lynx,Washington Mystics,2026-06-21T22:00:00+00:00,4,-12.5,-13.5,2026-06-20T14:55:36+00:00,2026-06-21T21:55:36+00:00,31.07,0.07,1.0
1022600122,betmgm,2026,Los Angeles Sparks,New York Liberty,2026-06-22T00:00:00+00:00,3,5.5,5.5,2026-06-20T21:55:36+00:00,2026-06-21T21:55:36+00:00,26.07,2.07,0.0
1022600122,betonlineag,2026,Los Angeles Sparks,New York Liberty,2026-06-22T00:00:00+00:00,4,5.5,5.0,2026-06-20T14:55:36+00:00,2026-06-21T21:55:36+00:00,33.07,2.07,0.5
1022600122,betrivers,2026,Los Angeles Sparks,New York Liberty,2026-06-22T00:00:00+00:00,4,5.5,5.0,2026-06-20T14:55:36+00:00,2026-06-21T21:55:36+00:00,33.07,2.07,0.5
1022600122,betus,2026,Los Angeles Sparks,New York Liberty,2026-06-22T00:00:00+00:00,3,5.5,5.5,2026-06-20T21:55:36+00:00,2026-06-21T21:55:36+00:00,26.07,2.07,0.0
1022600122,bovada,2026,Los Angeles Sparks,New York Liberty,2026-06-22T00:00:00+00:00,4,5.5,6.0,2026-06-20T14:55:36+00:00,2026-06-21T21:55:36+00:00,33.07,2.07,0.5
1022600122,draftkings,2026,Los Angeles Sparks,New York Liberty,2026-06-22T00:00:00+00:00,4,5.5,4.5,2026-06-20T14:55:36+00:00,2026-06-21T21:55:36+00:00,33.07,2.07,1.0
1022600122,fanatics,2026,Los Angeles Sparks,New York Liberty,2026-06-22T00:00:00+00:00,4,5.5,5.0,2026-06-20T14:55:36+00:00,2026-06-21T21:55:36+00:00,33.07,2.07,0.5
1022600122,fanduel,2026,Los Angeles Sparks,New York Liberty,2026-06-22T00:00:00+00:00,4,5.5,5.5,2026-06-20T14:55:36+00:00,2026-06-21T21:55:36+00:00,33.07,2.07,0.0
1022600122,lowvig,2026,Los Angeles Sparks,New York Liberty,2026-06-22T00:00:00+00:00,4,5.5,5.0,2026-06-20T14:55:36+00:00,2026-06-21T21:55:36+00:00,33.07,2.07,0.5
1022600122,mybookieag,2026,Los Angeles Sparks,New York Liberty,2026-06-22T00:00:00+00:00,2,4.5,5.0,2026-06-21T14:55:36+00:00,2026-06-21T21:55:36+00:00,9.07,2.07,0.5
1022600122,williamhill_us,2026,Los Angeles Sparks,New York Liberty,2026-06-22T00:00:00+00:00,4,5.5,5.0,2026-06-20T14:55:36+00:00,2026-06-21T21:55:36+00:00,33.07,2.07,0.5
1022600123,betmgm,2026,Connecticut Sun,Chicago Sky,2026-06-22T23:00:00+00:00,4,3.5,3.5,2026-06-21T14:55:36+00:00,2026-06-22T21:55:36+00:00,32.07,1.07,0.0
1022600123,betonlineag,2026,Connecticut Sun,Chicago Sky,2026-06-22T23:00:00+00:00,4,3.5,3.5,2026-06-21T14:55:36+00:00,2026-06-22T21:55:36+00:00,32.07,1.07,0.0
1022600123,betrivers,2026,Connecticut Sun,Chicago Sky,2026-06-22T23:00:00+00:00,3,3.5,3.0,2026-06-21T21:55:36+00:00,2026-06-22T21:55:36+00:00,25.07,1.07,0.5
1022600123,betus,2026,Connecticut Sun,Chicago Sky,2026-06-22T23:00:00+00:00,3,3.5,3.5,2026-06-21T21:55:36+00:00,2026-06-22T21:55:36+00:00,25.07,1.07,0.0
1022600123,bovada,2026,Connecticut Sun,Chicago Sky,2026-06-22T23:00:00+00:00,4,3.5,3.0,2026-06-21T14:55:36+00:00,2026-06-22T21:55:36+00:00,32.07,1.07,0.5
1022600123,draftkings,2026,Connecticut Sun,Chicago Sky,2026-06-22T23:00:00+00:00,4,3.5,3.5,2026-06-21T14:55:36+00:00,2026-06-22T21:55:36+00:00,32.07,1.07,0.0
1022600123,fanatics,2026,Connecticut Sun,Chicago Sky,2026-06-22T23:00:00+00:00,4,3.5,3.5,2026-06-21T14:55:36+00:00,2026-06-22T21:55:36+00:00,32.07,1.07,0.0
1022600123,fanduel,2026,Connecticut Sun,Chicago Sky,2026-06-22T23:00:00+00:00,4,3.5,3.5,2026-06-21T14:55:36+00:00,2026-06-22T21:55:36+00:00,32.07,1.07,0.0
1022600123,lowvig,2026,Connecticut Sun,Chicago Sky,2026-06-22T23:00:00+00:00,4,3.5,3.5,2026-06-21T14:55:36+00:00,2026-06-22T21:55:36+00:00,32.07,1.07,0.0
1022600123,mybookieag,2026,Connecticut Sun,Chicago Sky,2026-06-22T23:00:00+00:00,2,2.5,3.5,2026-06-22T14:55:36+00:00,2026-06-22T21:55:36+00:00,8.07,1.07,1.0
1022600123,williamhill_us,2026,Connecticut Sun,Chicago Sky,2026-06-22T23:00:00+00:00,4,3.5,3.5,2026-06-21T14:55:36+00:00,2026-06-22T21:55:36+00:00,32.07,1.07,0.0
1022600124,betmgm,2026,Atlanta Dream,Toronto Tempo,2026-06-22T23:30:00+00:00,4,-13.5,-14.5,2026-06-21T14:55:36+00:00,2026-06-22T21:55:36+00:00,32.57,1.57,1.0
1022600124,betonlineag,2026,Atlanta Dream,Toronto Tempo,2026-06-22T23:30:00+00:00,4,-13.5,-14.5,2026-06-21T14:55:36+00:00,2026-06-22T21:55:36+00:00,32.57,1.57,1.0
1022600124,betrivers,2026,Atlanta Dream,Toronto Tempo,2026-06-22T23:30:00+00:00,3,-13.5,-14.5,2026-06-21T21:55:36+00:00,2026-06-22T21:55:36+00:00,25.57,1.57,1.0
1022600124,betus,2026,Atlanta Dream,Toronto Tempo,2026-06-22T23:30:00+00:00,3,-13.5,-14.5,2026-06-21T21:55:36+00:00,2026-06-22T21:55:36+00:00,25.57,1.57,1.0
1022600124,bovada,2026,Atlanta Dream,Toronto Tempo,2026-06-22T23:30:00+00:00,4,-13.5,-14.5,2026-06-21T14:55:36+00:00,2026-06-22T21:55:36+00:00,32.57,1.57,1.0
1022600124,draftkings,2026,Atlanta Dream,Toronto Tempo,2026-06-22T23:30:00+00:00,4,-13.5,-14.5,2026-06-21T14:55:36+00:00,2026-06-22T21:55:36+00:00,32.57,1.57,1.0
1022600124,fanatics,2026,Atlanta Dream,Toronto Tempo,2026-06-22T23:30:00+00:00,4,-13.5,-14.5,2026-06-21T14:55:36+00:00,2026-06-22T21:55:36+00:00,32.57,1.57,1.0
1022600124,fanduel,2026,Atlanta Dream,Toronto Tempo,2026-06-22T23:30:00+00:00,4,-13.5,-14.5,2026-06-21T14:55:36+00:00,2026-06-22T21:55:36+00:00,32.57,1.57,1.0
1022600124,lowvig,2026,Atlanta Dream,Toronto Tempo,2026-06-22T23:30:00+00:00,4,-13.5,-14.5,2026-06-21T14:55:36+00:00,2026-06-22T21:55:36+00:00,32.57,1.57,1.0
1022600124,mybookieag,2026,Atlanta Dream,Toronto Tempo,2026-06-22T23:30:00+00:00,2,-13.5,-14.5,2026-06-22T14:55:36+00:00,2026-06-22T21:55:36+00:00,8.57,1.57,1.0
1022600124,williamhill_us,2026,Atlanta Dream,Toronto Tempo,2026-06-22T23:30:00+00:00,4,-13.5,-14.5,2026-06-21T14:55:36+00:00,2026-06-22T21:55:36+00:00,32.57,1.57,1.0
1022600125,betmgm,2026,Indiana Fever,Phoenix Mercury,2026-06-23T00:10:00+00:00,4,-5.5,-7.5,2026-06-21T14:55:36+00:00,2026-06-22T21:55:36+00:00,33.24,2.24,2.0
1022600125,betonlineag,2026,Indiana Fever,Phoenix Mercury,2026-06-23T00:10:00+00:00,4,-6.0,-8.0,2026-06-21T14:55:36+00:00,2026-06-22T21:55:36+00:00,33.24,2.24,2.0
1022600125,betrivers,2026,Indiana Fever,Phoenix Mercury,2026-06-23T00:10:00+00:00,2,-6.0,-7.0,2026-06-22T14:55:36+00:00,2026-06-22T21:55:36+00:00,9.24,2.24,1.0
1022600125,betus,2026,Indiana Fever,Phoenix Mercury,2026-06-23T00:10:00+00:00,3,-6.0,-8.0,2026-06-21T21:55:36+00:00,2026-06-22T21:55:36+00:00,26.24,2.24,2.0
1022600125,bovada,2026,Indiana Fever,Phoenix Mercury,2026-06-23T00:10:00+00:00,4,-6.0,-7.5,2026-06-21T14:55:36+00:00,2026-06-22T21:55:36+00:00,33.24,2.24,1.5
1022600125,draftkings,2026,Indiana Fever,Phoenix Mercury,2026-06-23T00:10:00+00:00,4,-5.5,-7.5,2026-06-21T14:55:36+00:00,2026-06-22T21:55:36+00:00,33.24,2.24,2.0
1022600125,fanatics,2026,Indiana Fever,Phoenix Mercury,2026-06-23T00:10:00+00:00,4,-5.5,-7.5,2026-06-21T14:55:36+00:00,2026-06-22T21:55:36+00:00,33.24,2.24,2.0
1022600125,fanduel,2026,Indiana Fever,Phoenix Mercury,2026-06-23T00:10:00+00:00,4,-6.5,-7.5,2026-06-21T14:55:36+00:00,2026-06-22T21:55:36+00:00,33.24,2.24,1.0
1022600125,lowvig,2026,Indiana Fever,Phoenix Mercury,2026-06-23T00:10:00+00:00,4,-6.0,-8.0,2026-06-21T14:55:36+00:00,2026-06-22T21:55:36+00:00,33.24,2.24,2.0
1022600125,mybookieag,2026,Indiana Fever,Phoenix Mercury,2026-06-23T00:10:00+00:00,2,-6.5,-7.0,2026-06-22T14:55:36+00:00,2026-06-22T21:55:36+00:00,9.24,2.24,0.5
1022600125,williamhill_us,2026,Indiana Fever,Phoenix Mercury,2026-06-23T00:10:00+00:00,4,-5.5,-7.5,2026-06-21T14:55:36+00:00,2026-06-22T21:55:36+00:00,33.24,2.24,2.0
1022600126,betmgm,2026,Seattle Storm,Dallas Wings,2026-06-23T02:00:00+00:00,4,8.5,9.5,2026-06-21T14:55:36+00:00,2026-06-22T21:55:36+00:00,35.07,4.07,1.0
1022600126,betonlineag,2026,Seattle Storm,Dallas Wings,2026-06-23T02:00:00+00:00,4,9.0,10.0,2026-06-21T14:55:36+00:00,2026-06-22T21:55:36+00:00,35.07,4.07,1.0
1022600126,betrivers,2026,Seattle Storm,Dallas Wings,2026-06-23T02:00:00+00:00,2,9.5,9.5,2026-06-22T14:55:36+00:00,2026-06-22T21:55:36+00:00,11.07,4.07,0.0
1022600126,betus,2026,Seattle Storm,Dallas Wings,2026-06-23T02:00:00+00:00,3,9.0,9.5,2026-06-21T21:55:36+00:00,2026-06-22T21:55:36+00:00,28.07,4.07,0.5
1022600126,bovada,2026,Seattle Storm,Dallas Wings,2026-06-23T02:00:00+00:00,4,9.0,9.5,2026-06-21T14:55:36+00:00,2026-06-22T21:55:36+00:00,35.07,4.07,0.5
1022600126,draftkings,2026,Seattle Storm,Dallas Wings,2026-06-23T02:00:00+00:00,4,8.5,9.5,2026-06-21T14:55:36+00:00,2026-06-22T21:55:36+00:00,35.07,4.07,1.0
1022600126,fanatics,2026,Seattle Storm,Dallas Wings,2026-06-23T02:00:00+00:00,4,8.5,9.5,2026-06-21T14:55:36+00:00,2026-06-22T21:55:36+00:00,35.07,4.07,1.0
1022600126,fanduel,2026,Seattle Storm,Dallas Wings,2026-06-23T02:00:00+00:00,4,9.5,9.5,2026-06-21T14:55:36+00:00,2026-06-22T21:55:36+00:00,35.07,4.07,0.0
1022600126,lowvig,2026,Seattle Storm,Dallas Wings,2026-06-23T02:00:00+00:00,4,9.0,10.0,2026-06-21T14:55:36+00:00,2026-06-22T21:55:36+00:00,35.07,4.07,1.0
1022600126,mybookieag,2026,Seattle Storm,Dallas Wings,2026-06-23T02:00:00+00:00,2,9.5,10.0,2026-06-22T14:55:36+00:00,2026-06-22T21:55:36+00:00,11.07,4.07,0.5
1022600126,williamhill_us,2026,Seattle Storm,Dallas Wings,2026-06-23T02:00:00+00:00,2,10.0,9.5,2026-06-22T14:55:36+00:00,2026-06-22T21:55:36+00:00,11.07,4.07,0.5
1022600127,betmgm,2026,Las Vegas Aces,New York Liberty,2026-06-24T02:05:00+00:00,4,-1.5,-2.5,2026-06-22T14:55:36+00:00,2026-06-23T21:55:36+00:00,35.16,4.16,1.0
1022600127,betonlineag,2026,Las Vegas Aces,New York Liberty,2026-06-24T02:05:00+00:00,4,-1.5,-2.0,2026-06-22T14:55:36+00:00,2026-06-23T21:55:36+00:00,35.16,4.16,0.5
1022600127,betrivers,2026,Las Vegas Aces,New York Liberty,2026-06-24T02:05:00+00:00,4,-1.5,-2.0,2026-06-22T14:55:36+00:00,2026-06-23T21:55:36+00:00,35.16,4.16,0.5
1022600127,betus,2026,Las Vegas Aces,New York Liberty,2026-06-24T02:05:00+00:00,4,-1.5,-2.0,2026-06-22T14:55:36+00:00,2026-06-23T21:55:36+00:00,35.16,4.16,0.5
1022600127,bovada,2026,Las Vegas Aces,New York Liberty,2026-06-24T02:05:00+00:00,3,-2.5,-2.0,2026-06-22T21:55:36+00:00,2026-06-23T21:55:36+00:00,28.16,4.16,0.5
1022600127,draftkings,2026,Las Vegas Aces,New York Liberty,2026-06-24T02:05:00+00:00,4,-1.5,-2.5,2026-06-22T14:55:36+00:00,2026-06-23T21:55:36+00:00,35.16,4.16,1.0
1022600127,fanatics,2026,Las Vegas Aces,New York Liberty,2026-06-24T02:05:00+00:00,4,-2.0,-2.5,2026-06-22T14:55:36+00:00,2026-06-23T21:55:36+00:00,35.16,4.16,0.5
1022600127,fanduel,2026,Las Vegas Aces,New York Liberty,2026-06-24T02:05:00+00:00,4,-1.5,-1.5,2026-06-22T14:55:36+00:00,2026-06-23T21:55:36+00:00,35.16,4.16,0.0
1022600127,lowvig,2026,Las Vegas Aces,New York Liberty,2026-06-24T02:05:00+00:00,4,-1.5,-2.0,2026-06-22T14:55:36+00:00,2026-06-23T21:55:36+00:00,35.16,4.16,0.5
1022600127,mybookieag,2026,Las Vegas Aces,New York Liberty,2026-06-24T02:05:00+00:00,2,-2.5,-2.5,2026-06-23T14:55:36+00:00,2026-06-23T21:55:36+00:00,11.16,4.16,0.0
1022600127,williamhill_us,2026,Las Vegas Aces,New York Liberty,2026-06-24T02:05:00+00:00,4,-1.5,-2.0,2026-06-22T14:55:36+00:00,2026-06-23T21:55:36+00:00,35.16,4.16,0.5
1022600128,betmgm,2026,Indiana Fever,Phoenix Mercury,2026-06-24T23:30:00+00:00,4,-8.5,-8.5,2026-06-23T14:55:36+00:00,2026-06-24T21:55:37+00:00,32.57,1.57,0.0
1022600128,betonlineag,2026,Indiana Fever,Phoenix Mercury,2026-06-24T23:30:00+00:00,4,-7.5,-8.5,2026-06-23T14:55:36+00:00,2026-06-24T21:55:37+00:00,32.57,1.57,1.0
1022600128,betrivers,2026,Indiana Fever,Phoenix Mercury,2026-06-24T23:30:00+00:00,4,-6.5,-8.5,2026-06-23T14:55:36+00:00,2026-06-24T21:55:37+00:00,32.57,1.57,2.0
1022600128,betus,2026,Indiana Fever,Phoenix Mercury,2026-06-24T23:30:00+00:00,3,-7.5,-9.0,2026-06-23T21:55:36+00:00,2026-06-24T21:55:37+00:00,25.57,1.57,1.5
1022600128,bovada,2026,Indiana Fever,Phoenix Mercury,2026-06-24T23:30:00+00:00,4,-7.5,-9.0,2026-06-23T14:55:36+00:00,2026-06-24T21:55:37+00:00,32.57,1.57,1.5
1022600128,draftkings,2026,Indiana Fever,Phoenix Mercury,2026-06-24T23:30:00+00:00,4,-8.5,-8.5,2026-06-23T14:55:36+00:00,2026-06-24T21:55:37+00:00,32.57,1.57,0.0
1022600128,fanatics,2026,Indiana Fever,Phoenix Mercury,2026-06-24T23:30:00+00:00,4,-8.0,-9.0,2026-06-23T14:55:36+00:00,2026-06-24T21:55:37+00:00,32.57,1.57,1.0
1022600128,fanduel,2026,Indiana Fever,Phoenix Mercury,2026-06-24T23:30:00+00:00,4,-7.5,-9.5,2026-06-23T14:55:36+00:00,2026-06-24T21:55:37+00:00,32.57,1.57,2.0
1022600128,lowvig,2026,Indiana Fever,Phoenix Mercury,2026-06-24T23:30:00+00:00,4,-7.5,-8.5,2026-06-23T14:55:36+00:00,2026-06-24T21:55:37+00:00,32.57,1.57,1.0
1022600128,mybookieag,2026,Indiana Fever,Phoenix Mercury,2026-06-24T23:30:00+00:00,2,-8.0,-9.0,2026-06-24T14:55:36+00:00,2026-06-24T21:55:37+00:00,8.57,1.57,1.0
1022600128,williamhill_us,2026,Indiana Fever,Phoenix Mercury,2026-06-24T23:30:00+00:00,4,-7.5,-9.0,2026-06-23T14:55:36+00:00,2026-06-24T21:55:37+00:00,32.57,1.57,1.5
1022600129,betmgm,2026,Washington Mystics,Minnesota Lynx,2026-06-24T23:40:00+00:00,4,7.5,8.5,2026-06-23T14:55:36+00:00,2026-06-24T21:55:37+00:00,32.74,1.74,1.0
1022600129,betonlineag,2026,Washington Mystics,Minnesota Lynx,2026-06-24T23:40:00+00:00,4,7.0,9.0,2026-06-23T14:55:36+00:00,2026-06-24T21:55:37+00:00,32.74,1.74,2.0
1022600129,betrivers,2026,Washington Mystics,Minnesota Lynx,2026-06-24T23:40:00+00:00,6,5.5,9.0,2026-06-22T14:55:36+00:00,2026-06-24T21:55:37+00:00,56.74,1.74,3.5
1022600129,betus,2026,Washington Mystics,Minnesota Lynx,2026-06-24T23:40:00+00:00,3,8.5,9.0,2026-06-23T21:55:36+00:00,2026-06-24T21:55:37+00:00,25.74,1.74,0.5
1022600129,bovada,2026,Washington Mystics,Minnesota Lynx,2026-06-24T23:40:00+00:00,4,7.0,8.5,2026-06-23T14:55:36+00:00,2026-06-24T21:55:37+00:00,32.74,1.74,1.5
1022600129,draftkings,2026,Washington Mystics,Minnesota Lynx,2026-06-24T23:40:00+00:00,6,5.5,8.5,2026-06-22T14:55:36+00:00,2026-06-24T21:55:37+00:00,56.74,1.74,3.0
1022600129,fanatics,2026,Washington Mystics,Minnesota Lynx,2026-06-24T23:40:00+00:00,6,5.5,8.5,2026-06-22T14:55:36+00:00,2026-06-24T21:55:37+00:00,56.74,1.74,3.0
1022600129,fanduel,2026,Washington Mystics,Minnesota Lynx,2026-06-24T23:40:00+00:00,6,6.5,9.5,2026-06-22T14:55:36+00:00,2026-06-24T21:55:37+00:00,56.74,1.74,3.0
1022600129,lowvig,2026,Washington Mystics,Minnesota Lynx,2026-06-24T23:40:00+00:00,4,7.0,9.0,2026-06-23T14:55:36+00:00,2026-06-24T21:55:37+00:00,32.74,1.74,2.0
1022600129,mybookieag,2026,Washington Mystics,Minnesota Lynx,2026-06-24T23:40:00+00:00,2,9.5,8.5,2026-06-24T14:55:36+00:00,2026-06-24T21:55:37+00:00,8.74,1.74,1.0
1022600129,williamhill_us,2026,Washington Mystics,Minnesota Lynx,2026-06-24T23:40:00+00:00,4,7.0,8.5,2026-06-23T14:55:36+00:00,2026-06-24T21:55:37+00:00,32.74,1.74,1.5
1022600130,betmgm,2026,Chicago Sky,Portland Fire,2026-06-25T00:10:00+00:00,4,-1.5,-3.5,2026-06-23T14:55:36+00:00,2026-06-24T21:55:37+00:00,33.24,2.24,2.0
1022600130,betonlineag,2026,Chicago Sky,Portland Fire,2026-06-25T00:10:00+00:00,4,-2.0,-3.5,2026-06-23T14:55:36+00:00,2026-06-24T21:55:37+00:00,33.24,2.24,1.5
1022600130,betrivers,2026,Chicago Sky,Portland Fire,2026-06-25T00:10:00+00:00,4,-1.5,-4.0,2026-06-23T14:55:36+00:00,2026-06-24T21:55:37+00:00,33.24,2.24,2.5
1022600130,betus,2026,Chicago Sky,Portland Fire,2026-06-25T00:10:00+00:00,3,-2.0,-4.0,2026-06-23T21:55:36+00:00,2026-06-24T21:55:37+00:00,26.24,2.24,2.0
1022600130,bovada,2026,Chicago Sky,Portland Fire,2026-06-25T00:10:00+00:00,4,-2.0,-4.0,2026-06-23T14:55:36+00:00,2026-06-24T21:55:37+00:00,33.24,2.24,2.0
1022600130,draftkings,2026,Chicago Sky,Portland Fire,2026-06-25T00:10:00+00:00,4,-1.5,-4.5,2026-06-23T14:55:36+00:00,2026-06-24T21:55:37+00:00,33.24,2.24,3.0
1022600130,fanatics,2026,Chicago Sky,Portland Fire,2026-06-25T00:10:00+00:00,4,-1.5,-3.5,2026-06-23T14:55:36+00:00,2026-06-24T21:55:37+00:00,33.24,2.24,2.0
1022600130,fanduel,2026,Chicago Sky,Portland Fire,2026-06-25T00:10:00+00:00,4,-1.5,-3.5,2026-06-23T14:55:36+00:00,2026-06-24T21:55:37+00:00,33.24,2.24,2.0
1022600130,lowvig,2026,Chicago Sky,Portland Fire,2026-06-25T00:10:00+00:00,4,-2.0,-3.5,2026-06-23T14:55:36+00:00,2026-06-24T21:55:37+00:00,33.24,2.24,1.5
1022600130,mybookieag,2026,Chicago Sky,Portland Fire,2026-06-25T00:10:00+00:00,2,-3.5,-4.0,2026-06-24T14:55:36+00:00,2026-06-24T21:55:37+00:00,9.24,2.24,0.5
1022600130,williamhill_us,2026,Chicago Sky,Portland Fire,2026-06-25T00:10:00+00:00,4,-2.0,-3.5,2026-06-23T14:55:36+00:00,2026-06-24T21:55:37+00:00,33.24,2.24,1.5
1022600131,betmgm,2026,Golden State Valkyries,Atlanta Dream,2026-06-25T02:10:00+00:00,4,1.5,1.5,2026-06-23T14:55:36+00:00,2026-06-24T21:55:37+00:00,35.24,4.24,0.0
1022600131,betonlineag,2026,Golden State Valkyries,Atlanta Dream,2026-06-25T02:10:00+00:00,4,1.0,2.0,2026-06-23T14:55:36+00:00,2026-06-24T21:55:37+00:00,35.24,4.24,1.0
1022600131,betrivers,2026,Golden State Valkyries,Atlanta Dream,2026-06-25T02:10:00+00:00,4,1.5,2.0,2026-06-23T14:55:36+00:00,2026-06-24T21:55:37+00:00,35.24,4.24,0.5
1022600131,betus,2026,Golden State Valkyries,Atlanta Dream,2026-06-25T02:10:00+00:00,3,1.0,2.0,2026-06-23T21:55:36+00:00,2026-06-24T21:55:37+00:00,28.24,4.24,1.0
1022600131,bovada,2026,Golden State Valkyries,Atlanta Dream,2026-06-25T02:10:00+00:00,4,1.0,2.0,2026-06-23T14:55:36+00:00,2026-06-24T21:55:37+00:00,35.24,4.24,1.0
1022600131,draftkings,2026,Golden State Valkyries,Atlanta Dream,2026-06-25T02:10:00+00:00,4,1.5,1.5,2026-06-23T14:55:36+00:00,2026-06-24T21:55:37+00:00,35.24,4.24,0.0
1022600131,fanatics,2026,Golden State Valkyries,Atlanta Dream,2026-06-25T02:10:00+00:00,4,1.0,1.5,2026-06-23T14:55:36+00:00,2026-06-24T21:55:37+00:00,35.24,4.24,0.5
1022600131,fanduel,2026,Golden State Valkyries,Atlanta Dream,2026-06-25T02:10:00+00:00,4,1.5,1.5,2026-06-23T14:55:36+00:00,2026-06-24T21:55:37+00:00,35.24,4.24,0.0
1022600131,lowvig,2026,Golden State Valkyries,Atlanta Dream,2026-06-25T02:10:00+00:00,4,1.0,2.0,2026-06-23T14:55:36+00:00,2026-06-24T21:55:37+00:00,35.24,4.24,1.0
1022600131,mybookieag,2026,Golden State Valkyries,Atlanta Dream,2026-06-25T02:10:00+00:00,2,2.0,1.5,2026-06-24T14:55:36+00:00,2026-06-24T21:55:37+00:00,11.24,4.24,0.5
1022600131,williamhill_us,2026,Golden State Valkyries,Atlanta Dream,2026-06-25T02:10:00+00:00,4,1.0,1.5,2026-06-23T14:55:36+00:00,2026-06-24T21:55:37+00:00,35.24,4.24,0.5
1022600132,betonlineag,2026,Toronto Tempo,Los Angeles Sparks,2026-06-25T23:00:00+00:00,3,0.0,1.0,2026-06-24T21:55:37+00:00,2026-06-25T21:55:37+00:00,25.07,1.07,1.0
1022600132,betrivers,2026,Toronto Tempo,Los Angeles Sparks,2026-06-25T23:00:00+00:00,4,4.5,-1.0,2026-06-24T14:55:36+00:00,2026-06-25T21:55:37+00:00,32.07,1.07,5.5
1022600132,betus,2026,Toronto Tempo,Los Angeles Sparks,2026-06-25T23:00:00+00:00,3,0.0,0.0,2026-06-24T21:55:37+00:00,2026-06-25T21:55:37+00:00,25.07,1.07,0.0
1022600132,bovada,2026,Toronto Tempo,Los Angeles Sparks,2026-06-25T23:00:00+00:00,2,-1.0,1.0,2026-06-25T14:55:36+00:00,2026-06-25T21:55:37+00:00,8.07,1.07,2.0
1022600132,draftkings,2026,Toronto Tempo,Los Angeles Sparks,2026-06-25T23:00:00+00:00,4,4.5,1.5,2026-06-24T14:55:36+00:00,2026-06-25T21:55:37+00:00,32.07,1.07,3.0
1022600132,fanatics,2026,Toronto Tempo,Los Angeles Sparks,2026-06-25T23:00:00+00:00,4,4.5,-1.0,2026-06-24T14:55:36+00:00,2026-06-25T21:55:37+00:00,32.07,1.07,5.5
1022600132,fanduel,2026,Toronto Tempo,Los Angeles Sparks,2026-06-25T23:00:00+00:00,4,4.5,-1.5,2026-06-24T14:55:36+00:00,2026-06-25T21:55:37+00:00,32.07,1.07,6.0
1022600132,lowvig,2026,Toronto Tempo,Los Angeles Sparks,2026-06-25T23:00:00+00:00,3,0.0,1.0,2026-06-24T21:55:37+00:00,2026-06-25T21:55:37+00:00,25.07,1.07,1.0
1022600132,mybookieag,2026,Toronto Tempo,Los Angeles Sparks,2026-06-25T23:00:00+00:00,2,-1.0,-1.0,2026-06-25T14:55:36+00:00,2026-06-25T21:55:37+00:00,8.07,1.07,0.0
1022600132,williamhill_us,2026,Toronto Tempo,Los Angeles Sparks,2026-06-25T23:00:00+00:00,4,4.5,-1.0,2026-06-24T14:55:36+00:00,2026-06-25T21:55:37+00:00,32.07,1.07,5.5
1022600133,betmgm,2026,Las Vegas Aces,Dallas Wings,2026-06-26T02:10:00+00:00,3,-4.5,-5.5,2026-06-24T21:55:37+00:00,2026-06-25T21:55:37+00:00,28.24,4.24,1.0
1022600133,betonlineag,2026,Las Vegas Aces,Dallas Wings,2026-06-26T02:10:00+00:00,4,-4.5,-5.5,2026-06-24T14:55:36+00:00,2026-06-25T21:55:37+00:00,35.24,4.24,1.0
1022600133,betrivers,2026,Las Vegas Aces,Dallas Wings,2026-06-26T02:10:00+00:00,4,-5.5,-5.5,2026-06-24T14:55:36+00:00,2026-06-25T21:55:37+00:00,35.24,4.24,0.0
1022600133,betus,2026,Las Vegas Aces,Dallas Wings,2026-06-26T02:10:00+00:00,4,-4.5,-5.5,2026-06-24T14:55:36+00:00,2026-06-25T21:55:37+00:00,35.24,4.24,1.0
1022600133,bovada,2026,Las Vegas Aces,Dallas Wings,2026-06-26T02:10:00+00:00,3,-4.5,-6.0,2026-06-24T21:55:37+00:00,2026-06-25T21:55:37+00:00,28.24,4.24,1.5
1022600133,draftkings,2026,Las Vegas Aces,Dallas Wings,2026-06-26T02:10:00+00:00,4,-4.5,-5.5,2026-06-24T14:55:36+00:00,2026-06-25T21:55:37+00:00,35.24,4.24,1.0
1022600133,fanatics,2026,Las Vegas Aces,Dallas Wings,2026-06-26T02:10:00+00:00,4,-4.5,-5.5,2026-06-24T14:55:36+00:00,2026-06-25T21:55:37+00:00,35.24,4.24,1.0
1022600133,fanduel,2026,Las Vegas Aces,Dallas Wings,2026-06-26T02:10:00+00:00,4,-4.5,-5.5,2026-06-24T14:55:36+00:00,2026-06-25T21:55:37+00:00,35.24,4.24,1.0
1022600133,lowvig,2026,Las Vegas Aces,Dallas Wings,2026-06-26T02:10:00+00:00,4,-4.5,-5.5,2026-06-24T14:55:36+00:00,2026-06-25T21:55:37+00:00,35.24,4.24,1.0
1022600133,mybookieag,2026,Las Vegas Aces,Dallas Wings,2026-06-26T02:10:00+00:00,2,-5.5,-5.5,2026-06-25T14:55:36+00:00,2026-06-25T21:55:37+00:00,11.24,4.24,0.0
1022600133,williamhill_us,2026,Las Vegas Aces,Dallas Wings,2026-06-26T02:10:00+00:00,4,-4.5,-5.5,2026-06-24T14:55:36+00:00,2026-06-25T21:55:37+00:00,35.24,4.24,1.0
1022600134,betmgm,2026,Seattle Storm,New York Liberty,2026-06-26T02:10:00+00:00,3,12.5,7.5,2026-06-24T21:55:37+00:00,2026-06-25T21:55:37+00:00,28.24,4.24,5.0
1022600134,betonlineag,2026,Seattle Storm,New York Liberty,2026-06-26T02:10:00+00:00,4,13.0,8.0,2026-06-24T14:55:36+00:00,2026-06-25T21:55:37+00:00,35.24,4.24,5.0
1022600134,betrivers,2026,Seattle Storm,New York Liberty,2026-06-26T02:10:00+00:00,4,12.5,8.0,2026-06-24T14:55:36+00:00,2026-06-25T21:55:37+00:00,35.24,4.24,4.5
1022600134,betus,2026,Seattle Storm,New York Liberty,2026-06-26T02:10:00+00:00,4,13.0,8.0,2026-06-24T14:55:36+00:00,2026-06-25T21:55:37+00:00,35.24,4.24,5.0
1022600134,bovada,2026,Seattle Storm,New York Liberty,2026-06-26T02:10:00+00:00,3,12.5,8.0,2026-06-24T21:55:37+00:00,2026-06-25T21:55:37+00:00,28.24,4.24,4.5
1022600134,draftkings,2026,Seattle Storm,New York Liberty,2026-06-26T02:10:00+00:00,4,12.5,8.5,2026-06-24T14:55:36+00:00,2026-06-25T21:55:37+00:00,35.24,4.24,4.0
1022600134,fanatics,2026,Seattle Storm,New York Liberty,2026-06-26T02:10:00+00:00,4,12.5,8.0,2026-06-24T14:55:36+00:00,2026-06-25T21:55:37+00:00,35.24,4.24,4.5
1022600134,fanduel,2026,Seattle Storm,New York Liberty,2026-06-26T02:10:00+00:00,4,12.5,8.5,2026-06-24T14:55:36+00:00,2026-06-25T21:55:37+00:00,35.24,4.24,4.0
1022600134,lowvig,2026,Seattle Storm,New York Liberty,2026-06-26T02:10:00+00:00,4,13.0,8.0,2026-06-24T14:55:36+00:00,2026-06-25T21:55:37+00:00,35.24,4.24,5.0
1022600134,mybookieag,2026,Seattle Storm,New York Liberty,2026-06-26T02:10:00+00:00,2,11.5,8.0,2026-06-25T14:55:36+00:00,2026-06-25T21:55:37+00:00,11.24,4.24,3.5
1022600134,williamhill_us,2026,Seattle Storm,New York Liberty,2026-06-26T02:10:00+00:00,4,12.5,8.0,2026-06-24T14:55:36+00:00,2026-06-25T21:55:37+00:00,35.24,4.24,4.5
1022600135,betmgm,2026,Connecticut Sun,Washington Mystics,2026-06-26T23:30:00+00:00,4,4.5,3.5,2026-06-25T14:55:36+00:00,2026-06-26T21:55:36+00:00,32.57,1.57,1.0
1022600135,betonlineag,2026,Connecticut Sun,Washington Mystics,2026-06-26T23:30:00+00:00,3,4.5,4.0,2026-06-25T21:55:37+00:00,2026-06-26T21:55:36+00:00,25.57,1.57,0.5
1022600135,betrivers,2026,Connecticut Sun,Washington Mystics,2026-06-26T23:30:00+00:00,4,4.5,3.5,2026-06-25T14:55:36+00:00,2026-06-26T21:55:36+00:00,32.57,1.57,1.0
1022600135,betus,2026,Connecticut Sun,Washington Mystics,2026-06-26T23:30:00+00:00,3,4.5,4.0,2026-06-25T21:55:37+00:00,2026-06-26T21:55:36+00:00,25.57,1.57,0.5
1022600135,bovada,2026,Connecticut Sun,Washington Mystics,2026-06-26T23:30:00+00:00,3,4.5,4.0,2026-06-25T21:55:37+00:00,2026-06-26T21:55:36+00:00,25.57,1.57,0.5
1022600135,draftkings,2026,Connecticut Sun,Washington Mystics,2026-06-26T23:30:00+00:00,4,4.5,3.5,2026-06-25T14:55:36+00:00,2026-06-26T21:55:36+00:00,32.57,1.57,1.0
1022600135,fanatics,2026,Connecticut Sun,Washington Mystics,2026-06-26T23:30:00+00:00,4,4.5,4.0,2026-06-25T14:55:36+00:00,2026-06-26T21:55:36+00:00,32.57,1.57,0.5
1022600135,fanduel,2026,Connecticut Sun,Washington Mystics,2026-06-26T23:30:00+00:00,4,4.5,3.5,2026-06-25T14:55:36+00:00,2026-06-26T21:55:36+00:00,32.57,1.57,1.0
1022600135,lowvig,2026,Connecticut Sun,Washington Mystics,2026-06-26T23:30:00+00:00,3,4.5,4.0,2026-06-25T21:55:37+00:00,2026-06-26T21:55:36+00:00,25.57,1.57,0.5
1022600135,mybookieag,2026,Connecticut Sun,Washington Mystics,2026-06-26T23:30:00+00:00,4,4.5,3.5,2026-06-25T14:55:36+00:00,2026-06-26T21:55:36+00:00,32.57,1.57,1.0
1022600135,williamhill_us,2026,Connecticut Sun,Washington Mystics,2026-06-26T23:30:00+00:00,4,4.5,3.5,2026-06-25T14:55:36+00:00,2026-06-26T21:55:36+00:00,32.57,1.57,1.0
1022600136,betmgm,2026,Chicago Sky,Portland Fire,2026-06-26T23:30:00+00:00,4,-4.5,-5.5,2026-06-25T14:55:36+00:00,2026-06-26T21:55:36+00:00,32.57,1.57,1.0
1022600136,betonlineag,2026,Chicago Sky,Portland Fire,2026-06-26T23:30:00+00:00,3,-5.5,-5.0,2026-06-25T21:55:37+00:00,2026-06-26T21:55:36+00:00,25.57,1.57,0.5
1022600136,betrivers,2026,Chicago Sky,Portland Fire,2026-06-26T23:30:00+00:00,4,-4.5,-5.5,2026-06-25T14:55:36+00:00,2026-06-26T21:55:36+00:00,32.57,1.57,1.0
1022600136,betus,2026,Chicago Sky,Portland Fire,2026-06-26T23:30:00+00:00,3,-5.5,-5.0,2026-06-25T21:55:37+00:00,2026-06-26T21:55:36+00:00,25.57,1.57,0.5
1022600136,bovada,2026,Chicago Sky,Portland Fire,2026-06-26T23:30:00+00:00,3,-5.5,-5.0,2026-06-25T21:55:37+00:00,2026-06-26T21:55:36+00:00,25.57,1.57,0.5
1022600136,draftkings,2026,Chicago Sky,Portland Fire,2026-06-26T23:30:00+00:00,4,-4.5,-5.5,2026-06-25T14:55:36+00:00,2026-06-26T21:55:36+00:00,32.57,1.57,1.0
1022600136,fanatics,2026,Chicago Sky,Portland Fire,2026-06-26T23:30:00+00:00,4,-4.5,-5.0,2026-06-25T14:55:36+00:00,2026-06-26T21:55:36+00:00,32.57,1.57,0.5
1022600136,fanduel,2026,Chicago Sky,Portland Fire,2026-06-26T23:30:00+00:00,4,-4.5,-4.5,2026-06-25T14:55:36+00:00,2026-06-26T21:55:36+00:00,32.57,1.57,0.0
1022600136,lowvig,2026,Chicago Sky,Portland Fire,2026-06-26T23:30:00+00:00,3,-5.5,-5.0,2026-06-25T21:55:37+00:00,2026-06-26T21:55:36+00:00,25.57,1.57,0.5
1022600136,mybookieag,2026,Chicago Sky,Portland Fire,2026-06-26T23:30:00+00:00,4,-4.5,-5.0,2026-06-25T14:55:36+00:00,2026-06-26T21:55:36+00:00,32.57,1.57,0.5
1022600136,williamhill_us,2026,Chicago Sky,Portland Fire,2026-06-26T23:30:00+00:00,4,-4.5,-5.0,2026-06-25T14:55:36+00:00,2026-06-26T21:55:36+00:00,32.57,1.57,0.5
1022600137,betmgm,2026,Golden State Valkyries,Atlanta Dream,2026-06-27T02:10:00+00:00,4,-1.5,1.5,2026-06-25T14:55:36+00:00,2026-06-26T21:55:36+00:00,35.24,4.24,3.0
1022600137,betonlineag,2026,Golden State Valkyries,Atlanta Dream,2026-06-27T02:10:00+00:00,3,1.0,1.0,2026-06-25T21:55:37+00:00,2026-06-26T21:55:36+00:00,28.24,4.24,0.0
1022600137,betrivers,2026,Golden State Valkyries,Atlanta Dream,2026-06-27T02:10:00+00:00,4,1.5,1.0,2026-06-25T14:55:36+00:00,2026-06-26T21:55:36+00:00,35.24,4.24,0.5
1022600137,betus,2026,Golden State Valkyries,Atlanta Dream,2026-06-27T02:10:00+00:00,3,1.0,1.0,2026-06-25T21:55:37+00:00,2026-06-26T21:55:36+00:00,28.24,4.24,0.0
1022600137,bovada,2026,Golden State Valkyries,Atlanta Dream,2026-06-27T02:10:00+00:00,3,1.0,1.5,2026-06-25T21:55:37+00:00,2026-06-26T21:55:36+00:00,28.24,4.24,0.5
1022600137,draftkings,2026,Golden State Valkyries,Atlanta Dream,2026-06-27T02:10:00+00:00,4,-1.5,1.5,2026-06-25T14:55:36+00:00,2026-06-26T21:55:36+00:00,35.24,4.24,3.0
1022600137,fanatics,2026,Golden State Valkyries,Atlanta Dream,2026-06-27T02:10:00+00:00,4,-1.0,1.5,2026-06-25T14:55:36+00:00,2026-06-26T21:55:36+00:00,35.24,4.24,2.5
1022600137,fanduel,2026,Golden State Valkyries,Atlanta Dream,2026-06-27T02:10:00+00:00,4,1.5,1.5,2026-06-25T14:55:36+00:00,2026-06-26T21:55:36+00:00,35.24,4.24,0.0
1022600137,lowvig,2026,Golden State Valkyries,Atlanta Dream,2026-06-27T02:10:00+00:00,3,1.0,1.0,2026-06-25T21:55:37+00:00,2026-06-26T21:55:36+00:00,28.24,4.24,0.0
1022600137,mybookieag,2026,Golden State Valkyries,Atlanta Dream,2026-06-27T02:10:00+00:00,4,-1.0,1.0,2026-06-25T14:55:36+00:00,2026-06-26T21:55:36+00:00,35.24,4.24,2.0
1022600137,williamhill_us,2026,Golden State Valkyries,Atlanta Dream,2026-06-27T02:10:00+00:00,4,-1.5,1.5,2026-06-25T14:55:36+00:00,2026-06-26T21:55:36+00:00,35.24,4.24,3.0
1022600138,betmgm,2026,Toronto Tempo,Phoenix Mercury,2026-06-27T18:00:00+00:00,2,-3.5,-6.5,2026-06-26T21:55:36+00:00,2026-06-27T14:55:36+00:00,20.07,3.07,3.0
1022600138,betonlineag,2026,Toronto Tempo,Phoenix Mercury,2026-06-27T18:00:00+00:00,3,-3.0,-6.0,2026-06-26T14:55:37+00:00,2026-06-27T14:55:36+00:00,27.07,3.07,3.0
1022600138,betrivers,2026,Toronto Tempo,Phoenix Mercury,2026-06-27T18:00:00+00:00,3,-3.5,-6.5,2026-06-26T14:55:37+00:00,2026-06-27T14:55:36+00:00,27.07,3.07,3.0
1022600138,betus,2026,Toronto Tempo,Phoenix Mercury,2026-06-27T18:00:00+00:00,2,-3.5,-6.5,2026-06-26T21:55:36+00:00,2026-06-27T14:55:36+00:00,20.07,3.07,3.0
1022600138,bovada,2026,Toronto Tempo,Phoenix Mercury,2026-06-27T18:00:00+00:00,3,-3.0,-6.0,2026-06-26T14:55:37+00:00,2026-06-27T14:55:36+00:00,27.07,3.07,3.0
1022600138,draftkings,2026,Toronto Tempo,Phoenix Mercury,2026-06-27T18:00:00+00:00,3,-2.5,-6.5,2026-06-26T14:55:37+00:00,2026-06-27T14:55:36+00:00,27.07,3.07,4.0
1022600138,fanatics,2026,Toronto Tempo,Phoenix Mercury,2026-06-27T18:00:00+00:00,3,-3.0,-6.5,2026-06-26T14:55:37+00:00,2026-06-27T14:55:36+00:00,27.07,3.07,3.5
1022600138,fanduel,2026,Toronto Tempo,Phoenix Mercury,2026-06-27T18:00:00+00:00,3,-3.5,-5.5,2026-06-26T14:55:37+00:00,2026-06-27T14:55:36+00:00,27.07,3.07,2.0
1022600138,lowvig,2026,Toronto Tempo,Phoenix Mercury,2026-06-27T18:00:00+00:00,3,-3.0,-6.0,2026-06-26T14:55:37+00:00,2026-06-27T14:55:36+00:00,27.07,3.07,3.0
1022600138,mybookieag,2026,Toronto Tempo,Phoenix Mercury,2026-06-27T18:00:00+00:00,1,-6.5,-6.5,2026-06-27T14:55:36+00:00,2026-06-27T14:55:36+00:00,3.07,3.07,0.0
1022600138,williamhill_us,2026,Toronto Tempo,Phoenix Mercury,2026-06-27T18:00:00+00:00,3,-3.0,-6.0,2026-06-26T14:55:37+00:00,2026-06-27T14:55:36+00:00,27.07,3.07,3.0
1022600139,betmgm,2026,Indiana Fever,Los Angeles Sparks,2026-06-28T00:00:00+00:00,3,-6.5,-7.5,2026-06-26T21:55:36+00:00,2026-06-27T21:55:36+00:00,26.07,2.07,1.0
1022600139,betonlineag,2026,Indiana Fever,Los Angeles Sparks,2026-06-28T00:00:00+00:00,4,-6.5,-6.5,2026-06-26T14:55:37+00:00,2026-06-27T21:55:36+00:00,33.07,2.07,0.0
1022600139,betrivers,2026,Indiana Fever,Los Angeles Sparks,2026-06-28T00:00:00+00:00,4,-6.5,-7.0,2026-06-26T14:55:37+00:00,2026-06-27T21:55:36+00:00,33.07,2.07,0.5
1022600139,betus,2026,Indiana Fever,Los Angeles Sparks,2026-06-28T00:00:00+00:00,3,-6.5,-7.0,2026-06-26T21:55:36+00:00,2026-06-27T21:55:36+00:00,26.07,2.07,0.5
1022600139,bovada,2026,Indiana Fever,Los Angeles Sparks,2026-06-28T00:00:00+00:00,4,-6.5,-6.5,2026-06-26T14:55:37+00:00,2026-06-27T21:55:36+00:00,33.07,2.07,0.0
1022600139,draftkings,2026,Indiana Fever,Los Angeles Sparks,2026-06-28T00:00:00+00:00,4,-6.5,-6.5,2026-06-26T14:55:37+00:00,2026-06-27T21:55:36+00:00,33.07,2.07,0.0
1022600139,fanatics,2026,Indiana Fever,Los Angeles Sparks,2026-06-28T00:00:00+00:00,4,-6.5,-7.0,2026-06-26T14:55:37+00:00,2026-06-27T21:55:36+00:00,33.07,2.07,0.5
1022600139,fanduel,2026,Indiana Fever,Los Angeles Sparks,2026-06-28T00:00:00+00:00,4,-6.5,-6.5,2026-06-26T14:55:37+00:00,2026-06-27T21:55:36+00:00,33.07,2.07,0.0
1022600139,lowvig,2026,Indiana Fever,Los Angeles Sparks,2026-06-28T00:00:00+00:00,4,-6.5,-6.5,2026-06-26T14:55:37+00:00,2026-06-27T21:55:36+00:00,33.07,2.07,0.0
1022600139,mybookieag,2026,Indiana Fever,Los Angeles Sparks,2026-06-28T00:00:00+00:00,2,-6.0,-6.5,2026-06-27T14:55:36+00:00,2026-06-27T21:55:36+00:00,9.07,2.07,0.5
1022600139,williamhill_us,2026,Indiana Fever,Los Angeles Sparks,2026-06-28T00:00:00+00:00,4,-7.5,-6.5,2026-06-26T14:55:37+00:00,2026-06-27T21:55:36+00:00,33.07,2.07,1.0
1022600140,betmgm,2026,Seattle Storm,Atlanta Dream,2026-06-28T01:00:00+00:00,2,7.5,8.5,2026-06-27T14:55:36+00:00,2026-06-27T21:55:36+00:00,10.07,3.07,1.0
1022600140,betonlineag,2026,Seattle Storm,Atlanta Dream,2026-06-28T01:00:00+00:00,2,7.5,9.0,2026-06-27T14:55:36+00:00,2026-06-27T21:55:36+00:00,10.07,3.07,1.5
1022600140,betrivers,2026,Seattle Storm,Atlanta Dream,2026-06-28T01:00:00+00:00,2,7.5,8.5,2026-06-27T14:55:36+00:00,2026-06-27T21:55:36+00:00,10.07,3.07,1.0
1022600140,betus,2026,Seattle Storm,Atlanta Dream,2026-06-28T01:00:00+00:00,2,8.0,8.5,2026-06-27T14:55:36+00:00,2026-06-27T21:55:36+00:00,10.07,3.07,0.5
1022600140,bovada,2026,Seattle Storm,Atlanta Dream,2026-06-28T01:00:00+00:00,2,7.5,8.5,2026-06-27T14:55:36+00:00,2026-06-27T21:55:36+00:00,10.07,3.07,1.0
1022600140,draftkings,2026,Seattle Storm,Atlanta Dream,2026-06-28T01:00:00+00:00,2,7.5,8.5,2026-06-27T14:55:36+00:00,2026-06-27T21:55:36+00:00,10.07,3.07,1.0
1022600140,fanatics,2026,Seattle Storm,Atlanta Dream,2026-06-28T01:00:00+00:00,1,-4.5,-4.5,2026-06-27T21:55:36+00:00,2026-06-27T21:55:36+00:00,3.07,3.07,0.0
1022600140,fanduel,2026,Seattle Storm,Atlanta Dream,2026-06-28T01:00:00+00:00,2,8.5,8.5,2026-06-27T14:55:36+00:00,2026-06-27T21:55:36+00:00,10.07,3.07,0.0
1022600140,lowvig,2026,Seattle Storm,Atlanta Dream,2026-06-28T01:00:00+00:00,2,7.5,9.0,2026-06-27T14:55:36+00:00,2026-06-27T21:55:36+00:00,10.07,3.07,1.5
1022600140,mybookieag,2026,Seattle Storm,Atlanta Dream,2026-06-28T01:00:00+00:00,2,8.0,8.5,2026-06-27T14:55:36+00:00,2026-06-27T21:55:36+00:00,10.07,3.07,0.5
1022600140,williamhill_us,2026,Seattle Storm,Atlanta Dream,2026-06-28T01:00:00+00:00,2,7.5,8.5,2026-06-27T14:55:36+00:00,2026-06-27T21:55:36+00:00,10.07,3.07,1.0
1022600141,betmgm,2026,Dallas Wings,Minnesota Lynx,2026-06-28T18:00:00+00:00,2,4.5,3.5,2026-06-27T21:55:36+00:00,2026-06-28T14:55:37+00:00,20.07,3.07,1.0
1022600141,betonlineag,2026,Dallas Wings,Minnesota Lynx,2026-06-28T18:00:00+00:00,3,3.5,3.0,2026-06-27T14:55:36+00:00,2026-06-28T14:55:37+00:00,27.07,3.07,0.5
1022600141,betrivers,2026,Dallas Wings,Minnesota Lynx,2026-06-28T18:00:00+00:00,3,3.5,3.5,2026-06-27T14:55:36+00:00,2026-06-28T14:55:37+00:00,27.07,3.07,0.0
1022600141,betus,2026,Dallas Wings,Minnesota Lynx,2026-06-28T18:00:00+00:00,1,3.5,3.5,2026-06-28T14:55:37+00:00,2026-06-28T14:55:37+00:00,3.07,3.07,0.0
1022600141,bovada,2026,Dallas Wings,Minnesota Lynx,2026-06-28T18:00:00+00:00,3,3.5,3.5,2026-06-27T14:55:36+00:00,2026-06-28T14:55:37+00:00,27.07,3.07,0.0
1022600141,draftkings,2026,Dallas Wings,Minnesota Lynx,2026-06-28T18:00:00+00:00,3,3.5,3.5,2026-06-27T14:55:36+00:00,2026-06-28T14:55:37+00:00,27.07,3.07,0.0
1022600141,fanatics,2026,Dallas Wings,Minnesota Lynx,2026-06-28T18:00:00+00:00,3,3.5,3.5,2026-06-27T14:55:36+00:00,2026-06-28T14:55:37+00:00,27.07,3.07,0.0
1022600141,fanduel,2026,Dallas Wings,Minnesota Lynx,2026-06-28T18:00:00+00:00,3,3.5,3.5,2026-06-27T14:55:36+00:00,2026-06-28T14:55:37+00:00,27.07,3.07,0.0
1022600141,lowvig,2026,Dallas Wings,Minnesota Lynx,2026-06-28T18:00:00+00:00,3,3.5,3.0,2026-06-27T14:55:36+00:00,2026-06-28T14:55:37+00:00,27.07,3.07,0.5
1022600141,mybookieag,2026,Dallas Wings,Minnesota Lynx,2026-06-28T18:00:00+00:00,1,3.5,3.5,2026-06-28T14:55:37+00:00,2026-06-28T14:55:37+00:00,3.07,3.07,0.0
1022600141,williamhill_us,2026,Dallas Wings,Minnesota Lynx,2026-06-28T18:00:00+00:00,3,3.5,3.5,2026-06-27T14:55:36+00:00,2026-06-28T14:55:37+00:00,27.07,3.07,0.0
1022600142,betmgm,2026,Washington Mystics,Portland Fire,2026-06-28T19:03:22+00:00,1,-6.5,-6.5,2026-06-28T14:55:37+00:00,2026-06-28T14:55:37+00:00,4.13,4.13,0.0
1022600142,betonlineag,2026,Washington Mystics,Portland Fire,2026-06-28T19:03:22+00:00,1,-6.5,-6.5,2026-06-28T14:55:37+00:00,2026-06-28T14:55:37+00:00,4.13,4.13,0.0
1022600142,betrivers,2026,Washington Mystics,Portland Fire,2026-06-28T19:03:22+00:00,3,-5.5,-6.5,2026-06-27T14:55:36+00:00,2026-06-28T14:55:37+00:00,28.13,4.13,1.0
1022600142,betus,2026,Washington Mystics,Portland Fire,2026-06-28T19:03:22+00:00,1,-6.5,-6.5,2026-06-28T14:55:37+00:00,2026-06-28T14:55:37+00:00,4.13,4.13,0.0
1022600142,bovada,2026,Washington Mystics,Portland Fire,2026-06-28T19:03:22+00:00,1,-7.0,-7.0,2026-06-28T14:55:37+00:00,2026-06-28T14:55:37+00:00,4.13,4.13,0.0
1022600142,draftkings,2026,Washington Mystics,Portland Fire,2026-06-28T19:03:22+00:00,2,-6.5,-6.5,2026-06-27T21:55:36+00:00,2026-06-28T14:55:37+00:00,21.13,4.13,0.0
1022600142,fanatics,2026,Washington Mystics,Portland Fire,2026-06-28T19:03:22+00:00,3,-5.5,-6.5,2026-06-27T14:55:36+00:00,2026-06-28T14:55:37+00:00,28.13,4.13,1.0
1022600142,fanduel,2026,Washington Mystics,Portland Fire,2026-06-28T19:03:22+00:00,3,-5.5,-6.5,2026-06-27T14:55:36+00:00,2026-06-28T14:55:37+00:00,28.13,4.13,1.0
1022600142,lowvig,2026,Washington Mystics,Portland Fire,2026-06-28T19:03:22+00:00,1,-6.5,-6.5,2026-06-28T14:55:37+00:00,2026-06-28T14:55:37+00:00,4.13,4.13,0.0
1022600142,mybookieag,2026,Washington Mystics,Portland Fire,2026-06-28T19:03:22+00:00,1,-6.5,-6.5,2026-06-28T14:55:37+00:00,2026-06-28T14:55:37+00:00,4.13,4.13,0.0
1022600142,williamhill_us,2026,Washington Mystics,Portland Fire,2026-06-28T19:03:22+00:00,1,-6.5,-6.5,2026-06-28T14:55:37+00:00,2026-06-28T14:55:37+00:00,4.13,4.13,0.0
1022600143,betmgm,2026,Chicago Sky,Las Vegas Aces,2026-06-28T20:15:00+00:00,1,6.5,6.5,2026-06-28T14:55:37+00:00,2026-06-28T14:55:37+00:00,5.32,5.32,0.0
1022600143,betonlineag,2026,Chicago Sky,Las Vegas Aces,2026-06-28T20:15:00+00:00,1,7.0,7.0,2026-06-28T14:55:37+00:00,2026-06-28T14:55:37+00:00,5.32,5.32,0.0
1022600143,betrivers,2026,Chicago Sky,Las Vegas Aces,2026-06-28T20:15:00+00:00,2,7.5,6.5,2026-06-27T21:55:36+00:00,2026-06-28T14:55:37+00:00,22.32,5.32,1.0
1022600143,betus,2026,Chicago Sky,Las Vegas Aces,2026-06-28T20:15:00+00:00,1,7.0,7.0,2026-06-28T14:55:37+00:00,2026-06-28T14:55:37+00:00,5.32,5.32,0.0
1022600143,bovada,2026,Chicago Sky,Las Vegas Aces,2026-06-28T20:15:00+00:00,1,7.0,7.0,2026-06-28T14:55:37+00:00,2026-06-28T14:55:37+00:00,5.32,5.32,0.0
1022600143,draftkings,2026,Chicago Sky,Las Vegas Aces,2026-06-28T20:15:00+00:00,2,7.5,6.5,2026-06-27T21:55:36+00:00,2026-06-28T14:55:37+00:00,22.32,5.32,1.0
1022600143,fanatics,2026,Chicago Sky,Las Vegas Aces,2026-06-28T20:15:00+00:00,3,7.5,6.5,2026-06-27T14:55:36+00:00,2026-06-28T14:55:37+00:00,29.32,5.32,1.0
1022600143,fanduel,2026,Chicago Sky,Las Vegas Aces,2026-06-28T20:15:00+00:00,3,7.5,6.5,2026-06-27T14:55:36+00:00,2026-06-28T14:55:37+00:00,29.32,5.32,1.0
1022600143,lowvig,2026,Chicago Sky,Las Vegas Aces,2026-06-28T20:15:00+00:00,1,7.0,7.0,2026-06-28T14:55:37+00:00,2026-06-28T14:55:37+00:00,5.32,5.32,0.0
1022600143,mybookieag,2026,Chicago Sky,Las Vegas Aces,2026-06-28T20:15:00+00:00,2,7.5,6.5,2026-06-27T14:55:36+00:00,2026-06-28T14:55:37+00:00,29.32,5.32,1.0
1022600143,williamhill_us,2026,Chicago Sky,Las Vegas Aces,2026-06-28T20:15:00+00:00,1,7.0,7.0,2026-06-28T14:55:37+00:00,2026-06-28T14:55:37+00:00,5.32,5.32,0.0
1022600144,betmgm,2026,Golden State Valkyries,New York Liberty,2026-06-28T23:00:00+00:00,2,-1.5,-1.5,2026-06-28T14:55:37+00:00,2026-06-28T21:55:36+00:00,8.07,1.07,0.0
1022600144,betonlineag,2026,Golden State Valkyries,New York Liberty,2026-06-28T23:00:00+00:00,2,-1.5,-1.5,2026-06-28T14:55:37+00:00,2026-06-28T21:55:36+00:00,8.07,1.07,0.0
1022600144,betrivers,2026,Golden State Valkyries,New York Liberty,2026-06-28T23:00:00+00:00,2,-1.0,-2.0,2026-06-28T14:55:37+00:00,2026-06-28T21:55:36+00:00,8.07,1.07,1.0
1022600144,betus,2026,Golden State Valkyries,New York Liberty,2026-06-28T23:00:00+00:00,2,-1.5,-1.5,2026-06-28T14:55:37+00:00,2026-06-28T21:55:36+00:00,8.07,1.07,0.0
1022600144,bovada,2026,Golden State Valkyries,New York Liberty,2026-06-28T23:00:00+00:00,2,-2.0,-2.0,2026-06-28T14:55:37+00:00,2026-06-28T21:55:36+00:00,8.07,1.07,0.0
1022600144,draftkings,2026,Golden State Valkyries,New York Liberty,2026-06-28T23:00:00+00:00,3,1.5,-1.5,2026-06-27T21:55:36+00:00,2026-06-28T21:55:36+00:00,25.07,1.07,3.0
1022600144,fanatics,2026,Golden State Valkyries,New York Liberty,2026-06-28T23:00:00+00:00,3,1.0,-1.5,2026-06-27T21:55:36+00:00,2026-06-28T21:55:36+00:00,25.07,1.07,2.5
1022600144,fanduel,2026,Golden State Valkyries,New York Liberty,2026-06-28T23:00:00+00:00,3,1.5,-1.5,2026-06-27T21:55:36+00:00,2026-06-28T21:55:36+00:00,25.07,1.07,3.0
1022600144,lowvig,2026,Golden State Valkyries,New York Liberty,2026-06-28T23:00:00+00:00,2,-1.5,-1.5,2026-06-28T14:55:37+00:00,2026-06-28T21:55:36+00:00,8.07,1.07,0.0
1022600144,mybookieag,2026,Golden State Valkyries,New York Liberty,2026-06-28T23:00:00+00:00,2,-2.0,-2.0,2026-06-28T14:55:37+00:00,2026-06-28T21:55:36+00:00,8.07,1.07,0.0
1022600144,williamhill_us,2026,Golden State Valkyries,New York Liberty,2026-06-28T23:00:00+00:00,2,-1.5,-1.5,2026-06-28T14:55:37+00:00,2026-06-28T21:55:36+00:00,8.07,1.07,0.0
1022600145,betmgm,2026,Washington Mystics,Atlanta Dream,2026-07-02T23:30:00+00:00,2,6.5,6.5,2026-07-02T14:55:37+00:00,2026-07-02T21:55:37+00:00,8.57,1.57,0.0
1022600145,betonlineag,2026,Washington Mystics,Atlanta Dream,2026-07-02T23:30:00+00:00,2,7.0,7.0,2026-07-02T14:55:37+00:00,2026-07-02T21:55:37+00:00,8.57,1.57,0.0
1022600145,betrivers,2026,Washington Mystics,Atlanta Dream,2026-07-02T23:30:00+00:00,2,6.5,6.5,2026-07-02T14:55:37+00:00,2026-07-02T21:55:37+00:00,8.57,1.57,0.0
1022600145,betus,2026,Washington Mystics,Atlanta Dream,2026-07-02T23:30:00+00:00,2,7.0,6.5,2026-07-02T14:55:37+00:00,2026-07-02T21:55:37+00:00,8.57,1.57,0.5
1022600145,bovada,2026,Washington Mystics,Atlanta Dream,2026-07-02T23:30:00+00:00,2,7.0,7.0,2026-07-02T14:55:37+00:00,2026-07-02T21:55:37+00:00,8.57,1.57,0.0
1022600145,draftkings,2026,Washington Mystics,Atlanta Dream,2026-07-02T23:30:00+00:00,2,6.5,6.5,2026-07-02T14:55:37+00:00,2026-07-02T21:55:37+00:00,8.57,1.57,0.0
1022600145,fanatics,2026,Washington Mystics,Atlanta Dream,2026-07-02T23:30:00+00:00,2,6.5,7.0,2026-07-02T14:55:37+00:00,2026-07-02T21:55:37+00:00,8.57,1.57,0.5
1022600145,fanduel,2026,Washington Mystics,Atlanta Dream,2026-07-02T23:30:00+00:00,2,6.5,6.5,2026-07-02T14:55:37+00:00,2026-07-02T21:55:37+00:00,8.57,1.57,0.0
1022600145,lowvig,2026,Washington Mystics,Atlanta Dream,2026-07-02T23:30:00+00:00,2,7.0,7.0,2026-07-02T14:55:37+00:00,2026-07-02T21:55:37+00:00,8.57,1.57,0.0
1022600145,mybookieag,2026,Washington Mystics,Atlanta Dream,2026-07-02T23:30:00+00:00,2,6.5,6.5,2026-07-02T14:55:37+00:00,2026-07-02T21:55:37+00:00,8.57,1.57,0.0
1022600145,williamhill_us,2026,Washington Mystics,Atlanta Dream,2026-07-02T23:30:00+00:00,2,7.0,6.5,2026-07-02T14:55:37+00:00,2026-07-02T21:55:37+00:00,8.57,1.57,0.5
1022600146,betmgm,2026,Connecticut Sun,Dallas Wings,2026-07-03T00:00:00+00:00,2,7.5,6.5,2026-07-02T14:55:37+00:00,2026-07-02T21:55:37+00:00,9.07,2.07,1.0
1022600146,betonlineag,2026,Connecticut Sun,Dallas Wings,2026-07-03T00:00:00+00:00,2,7.5,6.5,2026-07-02T14:55:37+00:00,2026-07-02T21:55:37+00:00,9.07,2.07,1.0
1022600146,betrivers,2026,Connecticut Sun,Dallas Wings,2026-07-03T00:00:00+00:00,2,7.5,6.5,2026-07-02T14:55:37+00:00,2026-07-02T21:55:37+00:00,9.07,2.07,1.0
1022600146,betus,2026,Connecticut Sun,Dallas Wings,2026-07-03T00:00:00+00:00,2,7.5,6.5,2026-07-02T14:55:37+00:00,2026-07-02T21:55:37+00:00,9.07,2.07,1.0
1022600146,bovada,2026,Connecticut Sun,Dallas Wings,2026-07-03T00:00:00+00:00,2,7.0,7.0,2026-07-02T14:55:37+00:00,2026-07-02T21:55:37+00:00,9.07,2.07,0.0
1022600146,draftkings,2026,Connecticut Sun,Dallas Wings,2026-07-03T00:00:00+00:00,2,7.5,6.5,2026-07-02T14:55:37+00:00,2026-07-02T21:55:37+00:00,9.07,2.07,1.0
1022600146,fanatics,2026,Connecticut Sun,Dallas Wings,2026-07-03T00:00:00+00:00,2,7.5,6.5,2026-07-02T14:55:37+00:00,2026-07-02T21:55:37+00:00,9.07,2.07,1.0
1022600146,fanduel,2026,Connecticut Sun,Dallas Wings,2026-07-03T00:00:00+00:00,2,8.5,7.5,2026-07-02T14:55:37+00:00,2026-07-02T21:55:37+00:00,9.07,2.07,1.0
1022600146,lowvig,2026,Connecticut Sun,Dallas Wings,2026-07-03T00:00:00+00:00,2,7.5,6.5,2026-07-02T14:55:37+00:00,2026-07-02T21:55:37+00:00,9.07,2.07,1.0
1022600146,mybookieag,2026,Connecticut Sun,Dallas Wings,2026-07-03T00:00:00+00:00,2,7.5,6.5,2026-07-02T14:55:37+00:00,2026-07-02T21:55:37+00:00,9.07,2.07,1.0
1022600146,williamhill_us,2026,Connecticut Sun,Dallas Wings,2026-07-03T00:00:00+00:00,2,7.5,6.5,2026-07-02T14:55:37+00:00,2026-07-02T21:55:37+00:00,9.07,2.07,1.0
1022600147,betmgm,2026,Phoenix Mercury,Seattle Storm,2026-07-03T02:00:00+00:00,2,-3.5,-4.5,2026-07-02T14:55:37+00:00,2026-07-02T21:55:37+00:00,11.07,4.07,1.0
1022600147,betonlineag,2026,Phoenix Mercury,Seattle Storm,2026-07-03T02:00:00+00:00,2,-3.5,-3.5,2026-07-02T14:55:37+00:00,2026-07-02T21:55:37+00:00,11.07,4.07,0.0
1022600147,betrivers,2026,Phoenix Mercury,Seattle Storm,2026-07-03T02:00:00+00:00,2,-3.5,-3.5,2026-07-02T14:55:37+00:00,2026-07-02T21:55:37+00:00,11.07,4.07,0.0
1022600147,betus,2026,Phoenix Mercury,Seattle Storm,2026-07-03T02:00:00+00:00,2,-4.0,-4.0,2026-07-02T14:55:37+00:00,2026-07-02T21:55:37+00:00,11.07,4.07,0.0
1022600147,bovada,2026,Phoenix Mercury,Seattle Storm,2026-07-03T02:00:00+00:00,2,-4.0,-4.5,2026-07-02T14:55:37+00:00,2026-07-02T21:55:37+00:00,11.07,4.07,0.5
1022600147,draftkings,2026,Phoenix Mercury,Seattle Storm,2026-07-03T02:00:00+00:00,2,-3.5,-3.5,2026-07-02T14:55:37+00:00,2026-07-02T21:55:37+00:00,11.07,4.07,0.0
1022600147,fanatics,2026,Phoenix Mercury,Seattle Storm,2026-07-03T02:00:00+00:00,2,-3.5,-4.0,2026-07-02T14:55:37+00:00,2026-07-02T21:55:37+00:00,11.07,4.07,0.5
1022600147,fanduel,2026,Phoenix Mercury,Seattle Storm,2026-07-03T02:00:00+00:00,2,-3.5,-3.5,2026-07-02T14:55:37+00:00,2026-07-02T21:55:37+00:00,11.07,4.07,0.0
1022600147,lowvig,2026,Phoenix Mercury,Seattle Storm,2026-07-03T02:00:00+00:00,2,-3.5,-3.5,2026-07-02T14:55:37+00:00,2026-07-02T21:55:37+00:00,11.07,4.07,0.0
1022600147,mybookieag,2026,Phoenix Mercury,Seattle Storm,2026-07-03T02:00:00+00:00,2,-4.0,-4.0,2026-07-02T14:55:37+00:00,2026-07-02T21:55:37+00:00,11.07,4.07,0.0
1022600147,williamhill_us,2026,Phoenix Mercury,Seattle Storm,2026-07-03T02:00:00+00:00,2,-3.5,-3.5,2026-07-02T14:55:37+00:00,2026-07-02T21:55:37+00:00,11.07,4.07,0.0
1022600148,betmgm,2026,New York Liberty,Minnesota Lynx,2026-07-03T23:40:00+00:00,4,2.5,2.5,2026-07-02T14:55:37+00:00,2026-07-03T21:55:36+00:00,32.74,1.74,0.0
1022600148,betonlineag,2026,New York Liberty,Minnesota Lynx,2026-07-03T23:40:00+00:00,4,2.0,2.0,2026-07-02T14:55:37+00:00,2026-07-03T21:55:36+00:00,32.74,1.74,0.0
1022600148,betrivers,2026,New York Liberty,Minnesota Lynx,2026-07-03T23:40:00+00:00,4,1.5,2.5,2026-07-02T14:55:37+00:00,2026-07-03T21:55:36+00:00,32.74,1.74,1.0
1022600148,betus,2026,New York Liberty,Minnesota Lynx,2026-07-03T23:40:00+00:00,4,2.0,2.0,2026-07-02T14:55:37+00:00,2026-07-03T21:55:36+00:00,32.74,1.74,0.0
1022600148,bovada,2026,New York Liberty,Minnesota Lynx,2026-07-03T23:40:00+00:00,3,2.0,2.5,2026-07-02T21:55:37+00:00,2026-07-03T21:55:36+00:00,25.74,1.74,0.5
1022600148,draftkings,2026,New York Liberty,Minnesota Lynx,2026-07-03T23:40:00+00:00,4,1.5,2.5,2026-07-02T14:55:37+00:00,2026-07-03T21:55:36+00:00,32.74,1.74,1.0
1022600148,fanatics,2026,New York Liberty,Minnesota Lynx,2026-07-03T23:40:00+00:00,4,1.5,2.5,2026-07-02T14:55:37+00:00,2026-07-03T21:55:36+00:00,32.74,1.74,1.0
1022600148,fanduel,2026,New York Liberty,Minnesota Lynx,2026-07-03T23:40:00+00:00,4,1.5,1.5,2026-07-02T14:55:37+00:00,2026-07-03T21:55:36+00:00,32.74,1.74,0.0
1022600148,lowvig,2026,New York Liberty,Minnesota Lynx,2026-07-03T23:40:00+00:00,4,2.0,2.0,2026-07-02T14:55:37+00:00,2026-07-03T21:55:36+00:00,32.74,1.74,0.0
1022600148,mybookieag,2026,New York Liberty,Minnesota Lynx,2026-07-03T23:40:00+00:00,3,1.5,2.0,2026-07-02T14:55:37+00:00,2026-07-03T21:55:36+00:00,32.74,1.74,0.5
1022600148,williamhill_us,2026,New York Liberty,Minnesota Lynx,2026-07-03T23:40:00+00:00,4,1.5,2.0,2026-07-02T14:55:37+00:00,2026-07-03T21:55:36+00:00,32.74,1.74,0.5
1022600149,betmgm,2026,Las Vegas Aces,Chicago Sky,2026-07-04T02:00:00+00:00,4,-10.5,-4.5,2026-07-02T14:55:37+00:00,2026-07-03T21:55:36+00:00,35.07,4.07,6.0
1022600149,betonlineag,2026,Las Vegas Aces,Chicago Sky,2026-07-04T02:00:00+00:00,4,-10.5,-4.5,2026-07-02T14:55:37+00:00,2026-07-03T21:55:36+00:00,35.07,4.07,6.0
1022600149,betrivers,2026,Las Vegas Aces,Chicago Sky,2026-07-04T02:00:00+00:00,4,-10.5,-4.5,2026-07-02T14:55:37+00:00,2026-07-03T21:55:36+00:00,35.07,4.07,6.0
1022600149,betus,2026,Las Vegas Aces,Chicago Sky,2026-07-04T02:00:00+00:00,4,-10.5,-4.5,2026-07-02T14:55:37+00:00,2026-07-03T21:55:36+00:00,35.07,4.07,6.0
1022600149,bovada,2026,Las Vegas Aces,Chicago Sky,2026-07-04T02:00:00+00:00,3,-9.5,-4.0,2026-07-02T21:55:37+00:00,2026-07-03T21:55:36+00:00,28.07,4.07,5.5
1022600149,draftkings,2026,Las Vegas Aces,Chicago Sky,2026-07-04T02:00:00+00:00,4,-10.5,-4.5,2026-07-02T14:55:37+00:00,2026-07-03T21:55:36+00:00,35.07,4.07,6.0
1022600149,fanatics,2026,Las Vegas Aces,Chicago Sky,2026-07-04T02:00:00+00:00,4,-10.5,-4.5,2026-07-02T14:55:37+00:00,2026-07-03T21:55:36+00:00,35.07,4.07,6.0
1022600149,fanduel,2026,Las Vegas Aces,Chicago Sky,2026-07-04T02:00:00+00:00,4,-10.5,-4.5,2026-07-02T14:55:37+00:00,2026-07-03T21:55:36+00:00,35.07,4.07,6.0
1022600149,lowvig,2026,Las Vegas Aces,Chicago Sky,2026-07-04T02:00:00+00:00,4,-10.5,-4.5,2026-07-02T14:55:37+00:00,2026-07-03T21:55:36+00:00,35.07,4.07,6.0
1022600149,mybookieag,2026,Las Vegas Aces,Chicago Sky,2026-07-04T02:00:00+00:00,3,-10.5,-4.0,2026-07-02T14:55:37+00:00,2026-07-03T21:55:36+00:00,35.07,4.07,6.5
1022600149,williamhill_us,2026,Las Vegas Aces,Chicago Sky,2026-07-04T02:00:00+00:00,4,-10.5,-4.5,2026-07-02T14:55:37+00:00,2026-07-03T21:55:36+00:00,35.07,4.07,6.0
1022600150,betmgm,2026,Atlanta Dream,Golden State Valkyries,2026-07-04T17:00:00+00:00,2,-3.5,-4.5,2026-07-03T21:55:36+00:00,2026-07-04T14:55:37+00:00,19.07,2.07,1.0
1022600150,betonlineag,2026,Atlanta Dream,Golden State Valkyries,2026-07-04T17:00:00+00:00,3,-4.0,-4.5,2026-07-03T14:55:37+00:00,2026-07-04T14:55:37+00:00,26.07,2.07,0.5
1022600150,betrivers,2026,Atlanta Dream,Golden State Valkyries,2026-07-04T17:00:00+00:00,3,-3.5,-4.5,2026-07-03T14:55:37+00:00,2026-07-04T14:55:37+00:00,26.07,2.07,1.0
1022600150,betus,2026,Atlanta Dream,Golden State Valkyries,2026-07-04T17:00:00+00:00,1,-4.0,-4.0,2026-07-04T14:55:37+00:00,2026-07-04T14:55:37+00:00,2.07,2.07,0.0
1022600150,bovada,2026,Atlanta Dream,Golden State Valkyries,2026-07-04T17:00:00+00:00,2,-3.5,-3.5,2026-07-03T21:55:36+00:00,2026-07-04T14:55:37+00:00,19.07,2.07,0.0
1022600150,draftkings,2026,Atlanta Dream,Golden State Valkyries,2026-07-04T17:00:00+00:00,3,-4.5,-4.5,2026-07-03T14:55:37+00:00,2026-07-04T14:55:37+00:00,26.07,2.07,0.0
1022600150,fanatics,2026,Atlanta Dream,Golden State Valkyries,2026-07-04T17:00:00+00:00,3,-4.5,-4.5,2026-07-03T14:55:37+00:00,2026-07-04T14:55:37+00:00,26.07,2.07,0.0
1022600150,fanduel,2026,Atlanta Dream,Golden State Valkyries,2026-07-04T17:00:00+00:00,3,-4.5,-4.5,2026-07-03T14:55:37+00:00,2026-07-04T14:55:37+00:00,26.07,2.07,0.0
1022600150,lowvig,2026,Atlanta Dream,Golden State Valkyries,2026-07-04T17:00:00+00:00,3,-4.0,-4.5,2026-07-03T14:55:37+00:00,2026-07-04T14:55:37+00:00,26.07,2.07,0.5
1022600150,mybookieag,2026,Atlanta Dream,Golden State Valkyries,2026-07-04T17:00:00+00:00,1,-4.0,-4.0,2026-07-04T14:55:37+00:00,2026-07-04T14:55:37+00:00,2.07,2.07,0.0
1022600150,williamhill_us,2026,Atlanta Dream,Golden State Valkyries,2026-07-04T17:00:00+00:00,3,-4.5,-4.5,2026-07-03T14:55:37+00:00,2026-07-04T14:55:37+00:00,26.07,2.07,0.0
1022600151,betmgm,2026,Seattle Storm,Portland Fire,2026-07-05T01:00:00+00:00,3,-3.5,-4.5,2026-07-03T21:55:36+00:00,2026-07-04T21:55:36+00:00,27.07,3.07,1.0
1022600151,betonlineag,2026,Seattle Storm,Portland Fire,2026-07-05T01:00:00+00:00,3,-4.0,-4.5,2026-07-03T21:55:36+00:00,2026-07-04T21:55:36+00:00,27.07,3.07,0.5
1022600151,betrivers,2026,Seattle Storm,Portland Fire,2026-07-05T01:00:00+00:00,4,1.5,-3.5,2026-07-03T14:55:37+00:00,2026-07-04T21:55:36+00:00,34.07,3.07,5.0
1022600151,betus,2026,Seattle Storm,Portland Fire,2026-07-05T01:00:00+00:00,2,-4.0,-4.5,2026-07-04T14:55:37+00:00,2026-07-04T21:55:36+00:00,10.07,3.07,0.5
1022600151,bovada,2026,Seattle Storm,Portland Fire,2026-07-05T01:00:00+00:00,3,-4.0,-4.0,2026-07-03T21:55:36+00:00,2026-07-04T21:55:36+00:00,27.07,3.07,0.0
1022600151,draftkings,2026,Seattle Storm,Portland Fire,2026-07-05T01:00:00+00:00,3,-3.5,-4.5,2026-07-03T21:55:36+00:00,2026-07-04T21:55:36+00:00,27.07,3.07,1.0
1022600151,fanatics,2026,Seattle Storm,Portland Fire,2026-07-05T01:00:00+00:00,4,-1.5,-4.5,2026-07-03T14:55:37+00:00,2026-07-04T21:55:36+00:00,34.07,3.07,3.0
1022600151,fanduel,2026,Seattle Storm,Portland Fire,2026-07-05T01:00:00+00:00,4,-1.5,-4.5,2026-07-03T14:55:37+00:00,2026-07-04T21:55:36+00:00,34.07,3.07,3.0
1022600151,lowvig,2026,Seattle Storm,Portland Fire,2026-07-05T01:00:00+00:00,3,-4.0,-4.5,2026-07-03T21:55:36+00:00,2026-07-04T21:55:36+00:00,27.07,3.07,0.5
1022600151,mybookieag,2026,Seattle Storm,Portland Fire,2026-07-05T01:00:00+00:00,2,-4.0,-4.5,2026-07-04T14:55:37+00:00,2026-07-04T21:55:36+00:00,10.07,3.07,0.5
1022600151,williamhill_us,2026,Seattle Storm,Portland Fire,2026-07-05T01:00:00+00:00,3,-3.5,-4.5,2026-07-03T21:55:36+00:00,2026-07-04T21:55:36+00:00,27.07,3.07,1.0
1022600152,betmgm,2026,Toronto Tempo,Dallas Wings,2026-07-05T19:00:00+00:00,2,5.5,5.5,2026-07-04T21:55:36+00:00,2026-07-05T14:55:36+00:00,21.07,4.07,0.0
1022600152,betonlineag,2026,Toronto Tempo,Dallas Wings,2026-07-05T19:00:00+00:00,2,5.5,6.5,2026-07-04T21:55:36+00:00,2026-07-05T14:55:36+00:00,21.07,4.07,1.0
1022600152,betrivers,2026,Toronto Tempo,Dallas Wings,2026-07-05T19:00:00+00:00,3,5.5,5.5,2026-07-04T14:55:37+00:00,2026-07-05T14:55:36+00:00,28.07,4.07,0.0
1022600152,betus,2026,Toronto Tempo,Dallas Wings,2026-07-05T19:00:00+00:00,1,6.5,6.5,2026-07-05T14:55:36+00:00,2026-07-05T14:55:36+00:00,4.07,4.07,0.0
1022600152,bovada,2026,Toronto Tempo,Dallas Wings,2026-07-05T19:00:00+00:00,2,5.5,6.0,2026-07-04T21:55:36+00:00,2026-07-05T14:55:36+00:00,21.07,4.07,0.5
1022600152,draftkings,2026,Toronto Tempo,Dallas Wings,2026-07-05T19:00:00+00:00,2,5.5,5.5,2026-07-04T21:55:36+00:00,2026-07-05T14:55:36+00:00,21.07,4.07,0.0
1022600152,fanatics,2026,Toronto Tempo,Dallas Wings,2026-07-05T19:00:00+00:00,3,5.5,5.5,2026-07-04T14:55:37+00:00,2026-07-05T14:55:36+00:00,28.07,4.07,0.0
1022600152,fanduel,2026,Toronto Tempo,Dallas Wings,2026-07-05T19:00:00+00:00,3,5.5,5.5,2026-07-04T14:55:37+00:00,2026-07-05T14:55:36+00:00,28.07,4.07,0.0
1022600152,lowvig,2026,Toronto Tempo,Dallas Wings,2026-07-05T19:00:00+00:00,2,5.5,6.5,2026-07-04T21:55:36+00:00,2026-07-05T14:55:36+00:00,21.07,4.07,1.0
1022600152,mybookieag,2026,Toronto Tempo,Dallas Wings,2026-07-05T19:00:00+00:00,2,4.5,5.5,2026-07-04T21:55:36+00:00,2026-07-05T14:55:36+00:00,21.07,4.07,1.0
1022600152,williamhill_us,2026,Toronto Tempo,Dallas Wings,2026-07-05T19:00:00+00:00,2,5.5,5.5,2026-07-04T21:55:36+00:00,2026-07-05T14:55:36+00:00,21.07,4.07,0.0
1022600153,betmgm,2026,Las Vegas Aces,Indiana Fever,2026-07-05T23:00:00+00:00,3,-5.5,-2.5,2026-07-04T21:55:36+00:00,2026-07-05T21:55:36+00:00,25.07,1.07,3.0
1022600153,betonlineag,2026,Las Vegas Aces,Indiana Fever,2026-07-05T23:00:00+00:00,4,-6.5,-3.0,2026-07-04T14:55:37+00:00,2026-07-05T21:55:36+00:00,32.07,1.07,3.5
1022600153,betrivers,2026,Las Vegas Aces,Indiana Fever,2026-07-05T23:00:00+00:00,6,-5.5,-3.5,2026-07-03T14:55:37+00:00,2026-07-05T21:55:36+00:00,56.07,1.07,2.0
1022600153,betus,2026,Las Vegas Aces,Indiana Fever,2026-07-05T23:00:00+00:00,2,-3.0,-3.0,2026-07-05T14:55:36+00:00,2026-07-05T21:55:36+00:00,8.07,1.07,0.0
1022600153,bovada,2026,Las Vegas Aces,Indiana Fever,2026-07-05T23:00:00+00:00,3,-5.5,-2.5,2026-07-04T21:55:36+00:00,2026-07-05T21:55:36+00:00,25.07,1.07,3.0
1022600153,draftkings,2026,Las Vegas Aces,Indiana Fever,2026-07-05T23:00:00+00:00,8,-5.5,-2.5,2026-07-02T14:55:37+00:00,2026-07-05T21:55:36+00:00,80.07,1.07,3.0
1022600153,fanatics,2026,Las Vegas Aces,Indiana Fever,2026-07-05T23:00:00+00:00,6,-6.5,-3.0,2026-07-03T14:55:37+00:00,2026-07-05T21:55:36+00:00,56.07,1.07,3.5
1022600153,fanduel,2026,Las Vegas Aces,Indiana Fever,2026-07-05T23:00:00+00:00,6,-7.5,-3.5,2026-07-03T14:55:37+00:00,2026-07-05T21:55:36+00:00,56.07,1.07,4.0
1022600153,lowvig,2026,Las Vegas Aces,Indiana Fever,2026-07-05T23:00:00+00:00,4,-6.5,-3.0,2026-07-04T14:55:37+00:00,2026-07-05T21:55:36+00:00,32.07,1.07,3.5
1022600153,mybookieag,2026,Las Vegas Aces,Indiana Fever,2026-07-05T23:00:00+00:00,3,-5.5,-3.0,2026-07-04T21:55:36+00:00,2026-07-05T21:55:36+00:00,25.07,1.07,2.5
1022600153,williamhill_us,2026,Las Vegas Aces,Indiana Fever,2026-07-05T23:00:00+00:00,5,-6.5,-3.0,2026-07-03T14:55:37+00:00,2026-07-05T21:55:36+00:00,56.07,1.07,3.5
1022600154,betmgm,2026,Washington Mystics,Golden State Valkyries,2026-07-06T23:40:00+00:00,3,4.5,6.5,2026-07-05T21:55:36+00:00,2026-07-06T21:55:36+00:00,25.74,1.74,2.0
1022600154,betonlineag,2026,Washington Mystics,Golden State Valkyries,2026-07-06T23:40:00+00:00,4,4.5,6.0,2026-07-05T14:55:36+00:00,2026-07-06T21:55:36+00:00,32.74,1.74,1.5
1022600154,betrivers,2026,Washington Mystics,Golden State Valkyries,2026-07-06T23:40:00+00:00,3,4.5,6.5,2026-07-05T21:55:36+00:00,2026-07-06T21:55:36+00:00,25.74,1.74,2.0
1022600154,betus,2026,Washington Mystics,Golden State Valkyries,2026-07-06T23:40:00+00:00,3,4.5,6.0,2026-07-05T21:55:36+00:00,2026-07-06T21:55:36+00:00,25.74,1.74,1.5
1022600154,bovada,2026,Washington Mystics,Golden State Valkyries,2026-07-06T23:40:00+00:00,3,4.5,6.0,2026-07-05T21:55:36+00:00,2026-07-06T21:55:36+00:00,25.74,1.74,1.5
1022600154,draftkings,2026,Washington Mystics,Golden State Valkyries,2026-07-06T23:40:00+00:00,4,3.5,6.5,2026-07-05T14:55:36+00:00,2026-07-06T21:55:36+00:00,32.74,1.74,3.0
1022600154,fanatics,2026,Washington Mystics,Golden State Valkyries,2026-07-06T23:40:00+00:00,4,3.5,6.5,2026-07-05T14:55:36+00:00,2026-07-06T21:55:36+00:00,32.74,1.74,3.0
1022600154,fanduel,2026,Washington Mystics,Golden State Valkyries,2026-07-06T23:40:00+00:00,4,3.5,6.5,2026-07-05T14:55:36+00:00,2026-07-06T21:55:36+00:00,32.74,1.74,3.0
1022600154,lowvig,2026,Washington Mystics,Golden State Valkyries,2026-07-06T23:40:00+00:00,4,4.5,6.0,2026-07-05T14:55:36+00:00,2026-07-06T21:55:36+00:00,32.74,1.74,1.5
1022600154,mybookieag,2026,Washington Mystics,Golden State Valkyries,2026-07-06T23:40:00+00:00,3,4.5,6.5,2026-07-05T21:55:36+00:00,2026-07-06T21:55:36+00:00,25.74,1.74,2.0
1022600154,williamhill_us,2026,Washington Mystics,Golden State Valkyries,2026-07-06T23:40:00+00:00,4,3.5,6.0,2026-07-05T14:55:36+00:00,2026-07-06T21:55:36+00:00,32.74,1.74,2.5
1022600155,betmgm,2026,Minnesota Lynx,Connecticut Sun,2026-07-07T00:00:00+00:00,3,-14.5,-11.5,2026-07-05T21:55:36+00:00,2026-07-06T21:55:36+00:00,26.07,2.07,3.0
1022600155,betonlineag,2026,Minnesota Lynx,Connecticut Sun,2026-07-07T00:00:00+00:00,4,-16.0,-12.0,2026-07-05T14:55:36+00:00,2026-07-06T21:55:36+00:00,33.07,2.07,4.0
1022600155,betrivers,2026,Minnesota Lynx,Connecticut Sun,2026-07-07T00:00:00+00:00,3,-15.5,-12.5,2026-07-05T21:55:36+00:00,2026-07-06T21:55:36+00:00,26.07,2.07,3.0
1022600155,betus,2026,Minnesota Lynx,Connecticut Sun,2026-07-07T00:00:00+00:00,3,-15.0,-12.0,2026-07-05T21:55:36+00:00,2026-07-06T21:55:36+00:00,26.07,2.07,3.0
1022600155,bovada,2026,Minnesota Lynx,Connecticut Sun,2026-07-07T00:00:00+00:00,3,-15.0,-12.0,2026-07-05T21:55:36+00:00,2026-07-06T21:55:36+00:00,26.07,2.07,3.0
1022600155,draftkings,2026,Minnesota Lynx,Connecticut Sun,2026-07-07T00:00:00+00:00,4,-15.5,-11.5,2026-07-05T14:55:36+00:00,2026-07-06T21:55:36+00:00,33.07,2.07,4.0
1022600155,fanatics,2026,Minnesota Lynx,Connecticut Sun,2026-07-07T00:00:00+00:00,5,-16.5,-12.0,2026-07-04T21:55:36+00:00,2026-07-06T21:55:36+00:00,50.07,2.07,4.5
1022600155,fanduel,2026,Minnesota Lynx,Connecticut Sun,2026-07-07T00:00:00+00:00,5,-16.5,-11.5,2026-07-04T21:55:36+00:00,2026-07-06T21:55:36+00:00,50.07,2.07,5.0
1022600155,lowvig,2026,Minnesota Lynx,Connecticut Sun,2026-07-07T00:00:00+00:00,4,-16.0,-12.0,2026-07-05T14:55:36+00:00,2026-07-06T21:55:36+00:00,33.07,2.07,4.0
1022600155,mybookieag,2026,Minnesota Lynx,Connecticut Sun,2026-07-07T00:00:00+00:00,3,-14.5,-12.0,2026-07-05T21:55:36+00:00,2026-07-06T21:55:36+00:00,26.07,2.07,2.5
1022600155,williamhill_us,2026,Minnesota Lynx,Connecticut Sun,2026-07-07T00:00:00+00:00,4,-16.0,-12.0,2026-07-05T14:55:36+00:00,2026-07-06T21:55:36+00:00,33.07,2.07,4.0
1022600156,betonlineag,2026,Los Angeles Sparks,Seattle Storm,2026-07-07T02:10:00+00:00,4,-3.5,-4.5,2026-07-05T14:55:36+00:00,2026-07-06T21:55:36+00:00,35.24,4.24,1.0
1022600156,betrivers,2026,Los Angeles Sparks,Seattle Storm,2026-07-07T02:10:00+00:00,3,-3.5,-4.5,2026-07-05T21:55:36+00:00,2026-07-06T21:55:36+00:00,28.24,4.24,1.0
1022600156,betus,2026,Los Angeles Sparks,Seattle Storm,2026-07-07T02:10:00+00:00,3,-4.5,-4.5,2026-07-05T21:55:36+00:00,2026-07-06T21:55:36+00:00,28.24,4.24,0.0
1022600156,bovada,2026,Los Angeles Sparks,Seattle Storm,2026-07-07T02:10:00+00:00,3,-4.5,-4.5,2026-07-05T21:55:36+00:00,2026-07-06T21:55:36+00:00,28.24,4.24,0.0
1022600156,draftkings,2026,Los Angeles Sparks,Seattle Storm,2026-07-07T02:10:00+00:00,4,-3.5,-4.5,2026-07-05T14:55:36+00:00,2026-07-06T21:55:36+00:00,35.24,4.24,1.0
1022600156,fanatics,2026,Los Angeles Sparks,Seattle Storm,2026-07-07T02:10:00+00:00,4,-3.5,-4.5,2026-07-05T14:55:36+00:00,2026-07-06T21:55:36+00:00,35.24,4.24,1.0
1022600156,fanduel,2026,Los Angeles Sparks,Seattle Storm,2026-07-07T02:10:00+00:00,4,-4.5,-4.5,2026-07-05T14:55:36+00:00,2026-07-06T21:55:36+00:00,35.24,4.24,0.0
1022600156,lowvig,2026,Los Angeles Sparks,Seattle Storm,2026-07-07T02:10:00+00:00,4,-3.5,-4.5,2026-07-05T14:55:36+00:00,2026-07-06T21:55:36+00:00,35.24,4.24,1.0
1022600156,mybookieag,2026,Los Angeles Sparks,Seattle Storm,2026-07-07T02:10:00+00:00,3,-4.0,-4.5,2026-07-05T21:55:36+00:00,2026-07-06T21:55:36+00:00,28.24,4.24,0.5
1022600156,williamhill_us,2026,Los Angeles Sparks,Seattle Storm,2026-07-07T02:10:00+00:00,4,-3.5,-4.5,2026-07-05T14:55:36+00:00,2026-07-06T21:55:36+00:00,35.24,4.24,1.0
1022600157,betmgm,2026,New York Liberty,Dallas Wings,2026-07-08T00:00:00+00:00,3,-4.5,-4.5,2026-07-06T21:55:36+00:00,2026-07-07T21:55:37+00:00,26.07,2.07,0.0
1022600157,betonlineag,2026,New York Liberty,Dallas Wings,2026-07-08T00:00:00+00:00,3,-5.5,-4.0,2026-07-06T21:55:36+00:00,2026-07-07T21:55:37+00:00,26.07,2.07,1.5
1022600157,betrivers,2026,New York Liberty,Dallas Wings,2026-07-08T00:00:00+00:00,3,-5.5,-4.5,2026-07-06T21:55:36+00:00,2026-07-07T21:55:37+00:00,26.07,2.07,1.0
1022600157,betus,2026,New York Liberty,Dallas Wings,2026-07-08T00:00:00+00:00,3,-5.5,-4.0,2026-07-06T21:55:36+00:00,2026-07-07T21:55:37+00:00,26.07,2.07,1.5
1022600157,bovada,2026,New York Liberty,Dallas Wings,2026-07-08T00:00:00+00:00,3,-5.5,-4.0,2026-07-06T21:55:36+00:00,2026-07-07T21:55:37+00:00,26.07,2.07,1.5
1022600157,draftkings,2026,New York Liberty,Dallas Wings,2026-07-08T00:00:00+00:00,4,-5.5,-4.5,2026-07-06T14:55:36+00:00,2026-07-07T21:55:37+00:00,33.07,2.07,1.0
1022600157,fanatics,2026,New York Liberty,Dallas Wings,2026-07-08T00:00:00+00:00,4,-5.5,-4.0,2026-07-06T14:55:36+00:00,2026-07-07T21:55:37+00:00,33.07,2.07,1.5
1022600157,fanduel,2026,New York Liberty,Dallas Wings,2026-07-08T00:00:00+00:00,4,-5.5,-4.5,2026-07-06T14:55:36+00:00,2026-07-07T21:55:37+00:00,33.07,2.07,1.0
1022600157,lowvig,2026,New York Liberty,Dallas Wings,2026-07-08T00:00:00+00:00,3,-5.5,-4.0,2026-07-06T21:55:36+00:00,2026-07-07T21:55:37+00:00,26.07,2.07,1.5
1022600157,mybookieag,2026,New York Liberty,Dallas Wings,2026-07-08T00:00:00+00:00,2,-4.5,-4.5,2026-07-07T14:55:37+00:00,2026-07-07T21:55:37+00:00,9.07,2.07,0.0
1022600157,williamhill_us,2026,New York Liberty,Dallas Wings,2026-07-08T00:00:00+00:00,2,-4.0,-4.0,2026-07-07T14:55:37+00:00,2026-07-07T21:55:37+00:00,9.07,2.07,0.0
1022600158,betmgm,2026,Phoenix Mercury,Chicago Sky,2026-07-08T02:00:00+00:00,3,-2.5,-3.5,2026-07-06T21:55:36+00:00,2026-07-07T21:55:37+00:00,28.07,4.07,1.0
1022600158,betonlineag,2026,Phoenix Mercury,Chicago Sky,2026-07-08T02:00:00+00:00,4,-4.5,-3.0,2026-07-06T14:55:36+00:00,2026-07-07T21:55:37+00:00,35.07,4.07,1.5
1022600158,betrivers,2026,Phoenix Mercury,Chicago Sky,2026-07-08T02:00:00+00:00,3,-3.5,-3.5,2026-07-06T21:55:36+00:00,2026-07-07T21:55:37+00:00,28.07,4.07,0.0
1022600158,betus,2026,Phoenix Mercury,Chicago Sky,2026-07-08T02:00:00+00:00,3,-3.0,-3.0,2026-07-06T21:55:36+00:00,2026-07-07T21:55:37+00:00,28.07,4.07,0.0
1022600158,bovada,2026,Phoenix Mercury,Chicago Sky,2026-07-08T02:00:00+00:00,3,-3.0,-3.0,2026-07-06T21:55:36+00:00,2026-07-07T21:55:37+00:00,28.07,4.07,0.0
1022600158,draftkings,2026,Phoenix Mercury,Chicago Sky,2026-07-08T02:00:00+00:00,4,-3.5,-3.5,2026-07-06T14:55:36+00:00,2026-07-07T21:55:37+00:00,35.07,4.07,0.0
1022600158,fanatics,2026,Phoenix Mercury,Chicago Sky,2026-07-08T02:00:00+00:00,4,-4.0,-3.0,2026-07-06T14:55:36+00:00,2026-07-07T21:55:37+00:00,35.07,4.07,1.0
1022600158,fanduel,2026,Phoenix Mercury,Chicago Sky,2026-07-08T02:00:00+00:00,4,-3.5,-3.5,2026-07-06T14:55:36+00:00,2026-07-07T21:55:37+00:00,35.07,4.07,0.0
1022600158,lowvig,2026,Phoenix Mercury,Chicago Sky,2026-07-08T02:00:00+00:00,4,-4.5,-3.0,2026-07-06T14:55:36+00:00,2026-07-07T21:55:37+00:00,35.07,4.07,1.5
1022600158,mybookieag,2026,Phoenix Mercury,Chicago Sky,2026-07-08T02:00:00+00:00,2,-3.5,-3.0,2026-07-07T14:55:37+00:00,2026-07-07T21:55:37+00:00,11.07,4.07,0.5
1022600158,williamhill_us,2026,Phoenix Mercury,Chicago Sky,2026-07-08T02:00:00+00:00,4,-4.5,-3.0,2026-07-06T14:55:36+00:00,2026-07-07T21:55:37+00:00,35.07,4.07,1.5
1022600159,betmgm,2026,Toronto Tempo,Golden State Valkyries,2026-07-08T23:00:00+00:00,4,7.5,8.5,2026-07-07T14:55:37+00:00,2026-07-08T21:55:37+00:00,32.07,1.07,1.0
1022600159,betonlineag,2026,Toronto Tempo,Golden State Valkyries,2026-07-08T23:00:00+00:00,4,7.5,8.0,2026-07-07T14:55:37+00:00,2026-07-08T21:55:37+00:00,32.07,1.07,0.5
1022600159,betrivers,2026,Toronto Tempo,Golden State Valkyries,2026-07-08T23:00:00+00:00,4,7.5,8.5,2026-07-07T14:55:37+00:00,2026-07-08T21:55:37+00:00,32.07,1.07,1.0
1022600159,betus,2026,Toronto Tempo,Golden State Valkyries,2026-07-08T23:00:00+00:00,4,7.5,8.0,2026-07-07T14:55:37+00:00,2026-07-08T21:55:37+00:00,32.07,1.07,0.5
1022600159,bovada,2026,Toronto Tempo,Golden State Valkyries,2026-07-08T23:00:00+00:00,4,7.5,8.5,2026-07-07T14:55:37+00:00,2026-07-08T21:55:37+00:00,32.07,1.07,1.0
1022600159,draftkings,2026,Toronto Tempo,Golden State Valkyries,2026-07-08T23:00:00+00:00,4,7.5,7.5,2026-07-07T14:55:37+00:00,2026-07-08T21:55:37+00:00,32.07,1.07,0.0
1022600159,fanatics,2026,Toronto Tempo,Golden State Valkyries,2026-07-08T23:00:00+00:00,4,7.5,8.0,2026-07-07T14:55:37+00:00,2026-07-08T21:55:37+00:00,32.07,1.07,0.5
1022600159,fanduel,2026,Toronto Tempo,Golden State Valkyries,2026-07-08T23:00:00+00:00,4,7.5,7.5,2026-07-07T14:55:37+00:00,2026-07-08T21:55:37+00:00,32.07,1.07,0.0
1022600159,lowvig,2026,Toronto Tempo,Golden State Valkyries,2026-07-08T23:00:00+00:00,4,7.5,8.0,2026-07-07T14:55:37+00:00,2026-07-08T21:55:37+00:00,32.07,1.07,0.5
1022600159,mybookieag,2026,Toronto Tempo,Golden State Valkyries,2026-07-08T23:00:00+00:00,2,8.0,8.0,2026-07-08T14:55:36+00:00,2026-07-08T21:55:37+00:00,8.07,1.07,0.0
1022600159,williamhill_us,2026,Toronto Tempo,Golden State Valkyries,2026-07-08T23:00:00+00:00,4,7.5,7.5,2026-07-07T14:55:37+00:00,2026-07-08T21:55:37+00:00,32.07,1.07,0.0
1022600160,betmgm,2026,Connecticut Sun,Minnesota Lynx,2026-07-08T23:30:00+00:00,4,10.5,6.5,2026-07-07T14:55:37+00:00,2026-07-08T21:55:37+00:00,32.57,1.57,4.0
1022600160,betonlineag,2026,Connecticut Sun,Minnesota Lynx,2026-07-08T23:30:00+00:00,4,10.5,6.5,2026-07-07T14:55:37+00:00,2026-07-08T21:55:37+00:00,32.57,1.57,4.0
1022600160,betrivers,2026,Connecticut Sun,Minnesota Lynx,2026-07-08T23:30:00+00:00,4,9.5,6.5,2026-07-07T14:55:37+00:00,2026-07-08T21:55:37+00:00,32.57,1.57,3.0
1022600160,betus,2026,Connecticut Sun,Minnesota Lynx,2026-07-08T23:30:00+00:00,4,10.5,6.5,2026-07-07T14:55:37+00:00,2026-07-08T21:55:37+00:00,32.57,1.57,4.0
1022600160,bovada,2026,Connecticut Sun,Minnesota Lynx,2026-07-08T23:30:00+00:00,4,10.5,6.0,2026-07-07T14:55:37+00:00,2026-07-08T21:55:37+00:00,32.57,1.57,4.5
1022600160,draftkings,2026,Connecticut Sun,Minnesota Lynx,2026-07-08T23:30:00+00:00,4,10.5,6.5,2026-07-07T14:55:37+00:00,2026-07-08T21:55:37+00:00,32.57,1.57,4.0
1022600160,fanatics,2026,Connecticut Sun,Minnesota Lynx,2026-07-08T23:30:00+00:00,4,10.0,6.5,2026-07-07T14:55:37+00:00,2026-07-08T21:55:37+00:00,32.57,1.57,3.5
1022600160,fanduel,2026,Connecticut Sun,Minnesota Lynx,2026-07-08T23:30:00+00:00,4,8.5,6.5,2026-07-07T14:55:37+00:00,2026-07-08T21:55:37+00:00,32.57,1.57,2.0
1022600160,lowvig,2026,Connecticut Sun,Minnesota Lynx,2026-07-08T23:30:00+00:00,4,9.5,6.5,2026-07-07T14:55:37+00:00,2026-07-08T21:55:37+00:00,32.57,1.57,3.0
1022600160,mybookieag,2026,Connecticut Sun,Minnesota Lynx,2026-07-08T23:30:00+00:00,2,6.5,6.0,2026-07-08T14:55:36+00:00,2026-07-08T21:55:37+00:00,8.57,1.57,0.5
1022600160,williamhill_us,2026,Connecticut Sun,Minnesota Lynx,2026-07-08T23:30:00+00:00,4,10.5,6.5,2026-07-07T14:55:37+00:00,2026-07-08T21:55:37+00:00,32.57,1.57,4.0
1022600161,betmgm,2026,Los Angeles Sparks,Indiana Fever,2026-07-09T02:00:00+00:00,4,5.5,5.5,2026-07-07T14:55:37+00:00,2026-07-08T21:55:37+00:00,35.07,4.07,0.0
1022600161,betonlineag,2026,Los Angeles Sparks,Indiana Fever,2026-07-09T02:00:00+00:00,4,5.5,5.5,2026-07-07T14:55:37+00:00,2026-07-08T21:55:37+00:00,35.07,4.07,0.0
1022600161,betrivers,2026,Los Angeles Sparks,Indiana Fever,2026-07-09T02:00:00+00:00,4,5.5,5.5,2026-07-07T14:55:37+00:00,2026-07-08T21:55:37+00:00,35.07,4.07,0.0
1022600161,betus,2026,Los Angeles Sparks,Indiana Fever,2026-07-09T02:00:00+00:00,4,5.5,6.0,2026-07-07T14:55:37+00:00,2026-07-08T21:55:37+00:00,35.07,4.07,0.5
1022600161,bovada,2026,Los Angeles Sparks,Indiana Fever,2026-07-09T02:00:00+00:00,4,5.5,6.0,2026-07-07T14:55:37+00:00,2026-07-08T21:55:37+00:00,35.07,4.07,0.5
1022600161,draftkings,2026,Los Angeles Sparks,Indiana Fever,2026-07-09T02:00:00+00:00,4,5.5,5.5,2026-07-07T14:55:37+00:00,2026-07-08T21:55:37+00:00,35.07,4.07,0.0
1022600161,fanatics,2026,Los Angeles Sparks,Indiana Fever,2026-07-09T02:00:00+00:00,4,5.5,5.5,2026-07-07T14:55:37+00:00,2026-07-08T21:55:37+00:00,35.07,4.07,0.0
1022600161,fanduel,2026,Los Angeles Sparks,Indiana Fever,2026-07-09T02:00:00+00:00,4,5.5,5.5,2026-07-07T14:55:37+00:00,2026-07-08T21:55:37+00:00,35.07,4.07,0.0
1022600161,lowvig,2026,Los Angeles Sparks,Indiana Fever,2026-07-09T02:00:00+00:00,4,5.5,5.5,2026-07-07T14:55:37+00:00,2026-07-08T21:55:37+00:00,35.07,4.07,0.0
1022600161,mybookieag,2026,Los Angeles Sparks,Indiana Fever,2026-07-09T02:00:00+00:00,4,5.5,5.5,2026-07-07T14:55:37+00:00,2026-07-08T21:55:37+00:00,35.07,4.07,0.0
1022600161,williamhill_us,2026,Los Angeles Sparks,Indiana Fever,2026-07-09T02:00:00+00:00,4,5.5,5.5,2026-07-07T14:55:37+00:00,2026-07-08T21:55:37+00:00,35.07,4.07,0.0
1022600162,betmgm,2026,Atlanta Dream,Seattle Storm,2026-07-10T00:00:00+00:00,4,-10.5,-11.5,2026-07-08T14:55:36+00:00,2026-07-09T21:55:37+00:00,33.07,2.07,1.0
1022600162,betonlineag,2026,Atlanta Dream,Seattle Storm,2026-07-10T00:00:00+00:00,4,-11.0,-12.0,2026-07-08T14:55:36+00:00,2026-07-09T21:55:37+00:00,33.07,2.07,1.0
1022600162,betrivers,2026,Atlanta Dream,Seattle Storm,2026-07-10T00:00:00+00:00,4,-11.5,-12.5,2026-07-08T14:55:36+00:00,2026-07-09T21:55:37+00:00,33.07,2.07,1.0
1022600162,betus,2026,Atlanta Dream,Seattle Storm,2026-07-10T00:00:00+00:00,3,-11.5,-12.0,2026-07-08T21:55:37+00:00,2026-07-09T21:55:37+00:00,26.07,2.07,0.5
1022600162,bovada,2026,Atlanta Dream,Seattle Storm,2026-07-10T00:00:00+00:00,3,-11.5,-12.0,2026-07-08T21:55:37+00:00,2026-07-09T21:55:37+00:00,26.07,2.07,0.5
1022600162,draftkings,2026,Atlanta Dream,Seattle Storm,2026-07-10T00:00:00+00:00,4,-10.5,-12.5,2026-07-08T14:55:36+00:00,2026-07-09T21:55:37+00:00,33.07,2.07,2.0
1022600162,fanatics,2026,Atlanta Dream,Seattle Storm,2026-07-10T00:00:00+00:00,4,-11.0,-12.0,2026-07-08T14:55:36+00:00,2026-07-09T21:55:37+00:00,33.07,2.07,1.0
1022600162,fanduel,2026,Atlanta Dream,Seattle Storm,2026-07-10T00:00:00+00:00,4,-11.5,-11.5,2026-07-08T14:55:36+00:00,2026-07-09T21:55:37+00:00,33.07,2.07,0.0
1022600162,lowvig,2026,Atlanta Dream,Seattle Storm,2026-07-10T00:00:00+00:00,4,-11.0,-12.0,2026-07-08T14:55:36+00:00,2026-07-09T21:55:37+00:00,33.07,2.07,1.0
1022600162,mybookieag,2026,Atlanta Dream,Seattle Storm,2026-07-10T00:00:00+00:00,2,-10.5,-12.0,2026-07-09T14:55:36+00:00,2026-07-09T21:55:37+00:00,9.07,2.07,1.5
1022600162,williamhill_us,2026,Atlanta Dream,Seattle Storm,2026-07-10T00:00:00+00:00,4,-11.0,-12.0,2026-07-08T14:55:36+00:00,2026-07-09T21:55:37+00:00,33.07,2.07,1.0
1022600163,betmgm,2026,Phoenix Mercury,Indiana Fever,2026-07-10T02:10:00+00:00,2,-1.5,-1.5,2026-07-09T14:55:36+00:00,2026-07-09T21:55:37+00:00,11.24,4.24,0.0
1022600163,betonlineag,2026,Phoenix Mercury,Indiana Fever,2026-07-10T02:10:00+00:00,2,-1.0,-1.0,2026-07-09T14:55:36+00:00,2026-07-09T21:55:37+00:00,11.24,4.24,0.0
1022600163,betrivers,2026,Phoenix Mercury,Indiana Fever,2026-07-10T02:10:00+00:00,2,-0.5,-0.5,2026-07-09T14:55:36+00:00,2026-07-09T21:55:37+00:00,11.24,4.24,0.0
1022600163,betus,2026,Phoenix Mercury,Indiana Fever,2026-07-10T02:10:00+00:00,2,-1.0,-1.0,2026-07-09T14:55:36+00:00,2026-07-09T21:55:37+00:00,11.24,4.24,0.0
1022600163,bovada,2026,Phoenix Mercury,Indiana Fever,2026-07-10T02:10:00+00:00,2,-1.0,-1.0,2026-07-09T14:55:36+00:00,2026-07-09T21:55:37+00:00,11.24,4.24,0.0
1022600163,draftkings,2026,Phoenix Mercury,Indiana Fever,2026-07-10T02:10:00+00:00,2,-1.5,-1.5,2026-07-09T14:55:36+00:00,2026-07-09T21:55:37+00:00,11.24,4.24,0.0
1022600163,fanatics,2026,Phoenix Mercury,Indiana Fever,2026-07-10T02:10:00+00:00,2,-1.0,-1.0,2026-07-09T14:55:36+00:00,2026-07-09T21:55:37+00:00,11.24,4.24,0.0
1022600163,fanduel,2026,Phoenix Mercury,Indiana Fever,2026-07-10T02:10:00+00:00,2,-1.5,-1.5,2026-07-09T14:55:36+00:00,2026-07-09T21:55:37+00:00,11.24,4.24,0.0
1022600163,lowvig,2026,Phoenix Mercury,Indiana Fever,2026-07-10T02:10:00+00:00,2,-1.0,-1.0,2026-07-09T14:55:36+00:00,2026-07-09T21:55:37+00:00,11.24,4.24,0.0
1022600163,mybookieag,2026,Phoenix Mercury,Indiana Fever,2026-07-10T02:10:00+00:00,2,-1.0,-1.0,2026-07-09T14:55:36+00:00,2026-07-09T21:55:37+00:00,11.24,4.24,0.0
1022600163,williamhill_us,2026,Phoenix Mercury,Indiana Fever,2026-07-10T02:10:00+00:00,2,-1.0,-1.0,2026-07-09T14:55:36+00:00,2026-07-09T21:55:37+00:00,11.24,4.24,0.0
1022600164,betmgm,2026,Portland Fire,Las Vegas Aces,2026-07-10T02:00:00+00:00,4,8.5,8.5,2026-07-08T14:55:36+00:00,2026-07-09T21:55:37+00:00,35.07,4.07,0.0
1022600164,betonlineag,2026,Portland Fire,Las Vegas Aces,2026-07-10T02:00:00+00:00,4,9.0,9.0,2026-07-08T14:55:36+00:00,2026-07-09T21:55:37+00:00,35.07,4.07,0.0
1022600164,betrivers,2026,Portland Fire,Las Vegas Aces,2026-07-10T02:00:00+00:00,4,9.5,8.5,2026-07-08T14:55:36+00:00,2026-07-09T21:55:37+00:00,35.07,4.07,1.0
1022600164,betus,2026,Portland Fire,Las Vegas Aces,2026-07-10T02:00:00+00:00,3,9.0,9.0,2026-07-08T21:55:37+00:00,2026-07-09T21:55:37+00:00,28.07,4.07,0.0
1022600164,bovada,2026,Portland Fire,Las Vegas Aces,2026-07-10T02:00:00+00:00,3,9.0,9.0,2026-07-08T21:55:37+00:00,2026-07-09T21:55:37+00:00,28.07,4.07,0.0
1022600164,draftkings,2026,Portland Fire,Las Vegas Aces,2026-07-10T02:00:00+00:00,4,8.5,8.5,2026-07-08T14:55:36+00:00,2026-07-09T21:55:37+00:00,35.07,4.07,0.0
1022600164,fanatics,2026,Portland Fire,Las Vegas Aces,2026-07-10T02:00:00+00:00,4,8.5,9.0,2026-07-08T14:55:36+00:00,2026-07-09T21:55:37+00:00,35.07,4.07,0.5
1022600164,fanduel,2026,Portland Fire,Las Vegas Aces,2026-07-10T02:00:00+00:00,4,8.5,8.5,2026-07-08T14:55:36+00:00,2026-07-09T21:55:37+00:00,35.07,4.07,0.0
1022600164,lowvig,2026,Portland Fire,Las Vegas Aces,2026-07-10T02:00:00+00:00,4,9.0,9.0,2026-07-08T14:55:36+00:00,2026-07-09T21:55:37+00:00,35.07,4.07,0.0
1022600164,mybookieag,2026,Portland Fire,Las Vegas Aces,2026-07-10T02:00:00+00:00,2,8.5,9.0,2026-07-09T14:55:36+00:00,2026-07-09T21:55:37+00:00,11.07,4.07,0.5
1022600164,williamhill_us,2026,Portland Fire,Las Vegas Aces,2026-07-10T02:00:00+00:00,4,8.5,9.0,2026-07-08T14:55:36+00:00,2026-07-09T21:55:37+00:00,35.07,4.07,0.5
1022600165,betmgm,2026,Connecticut Sun,Golden State Valkyries,2026-07-10T23:40:00+00:00,3,7.5,6.5,2026-07-09T21:55:37+00:00,2026-07-10T21:55:37+00:00,25.74,1.74,1.0
1022600165,betonlineag,2026,Connecticut Sun,Golden State Valkyries,2026-07-10T23:40:00+00:00,4,9.5,5.5,2026-07-09T14:55:36+00:00,2026-07-10T21:55:37+00:00,32.74,1.74,4.0
1022600165,betrivers,2026,Connecticut Sun,Golden State Valkyries,2026-07-10T23:40:00+00:00,4,9.5,5.5,2026-07-09T14:55:36+00:00,2026-07-10T21:55:37+00:00,32.74,1.74,4.0
1022600165,betus,2026,Connecticut Sun,Golden State Valkyries,2026-07-10T23:40:00+00:00,3,7.5,6.0,2026-07-09T21:55:37+00:00,2026-07-10T21:55:37+00:00,25.74,1.74,1.5
1022600165,bovada,2026,Connecticut Sun,Golden State Valkyries,2026-07-10T23:40:00+00:00,3,7.5,6.0,2026-07-09T21:55:37+00:00,2026-07-10T21:55:37+00:00,25.74,1.74,1.5
1022600165,draftkings,2026,Connecticut Sun,Golden State Valkyries,2026-07-10T23:40:00+00:00,4,9.5,6.5,2026-07-09T14:55:36+00:00,2026-07-10T21:55:37+00:00,32.74,1.74,3.0
1022600165,fanatics,2026,Connecticut Sun,Golden State Valkyries,2026-07-10T23:40:00+00:00,4,9.5,6.5,2026-07-09T14:55:36+00:00,2026-07-10T21:55:37+00:00,32.74,1.74,3.0
1022600165,fanduel,2026,Connecticut Sun,Golden State Valkyries,2026-07-10T23:40:00+00:00,4,9.5,6.5,2026-07-09T14:55:36+00:00,2026-07-10T21:55:37+00:00,32.74,1.74,3.0
1022600165,lowvig,2026,Connecticut Sun,Golden State Valkyries,2026-07-10T23:40:00+00:00,4,9.5,5.5,2026-07-09T14:55:36+00:00,2026-07-10T21:55:37+00:00,32.74,1.74,4.0
1022600165,mybookieag,2026,Connecticut Sun,Golden State Valkyries,2026-07-10T23:40:00+00:00,4,9.5,6.0,2026-07-09T14:55:36+00:00,2026-07-10T21:55:37+00:00,32.74,1.74,3.5
1022600165,williamhill_us,2026,Connecticut Sun,Golden State Valkyries,2026-07-10T23:40:00+00:00,4,9.5,6.0,2026-07-09T14:55:36+00:00,2026-07-10T21:55:37+00:00,32.74,1.74,3.5
1022600166,betmgm,2026,Toronto Tempo,Dallas Wings,2026-07-10T23:40:00+00:00,3,6.5,7.5,2026-07-09T21:55:37+00:00,2026-07-10T21:55:37+00:00,25.74,1.74,1.0
1022600166,betonlineag,2026,Toronto Tempo,Dallas Wings,2026-07-10T23:40:00+00:00,4,7.0,8.0,2026-07-09T14:55:36+00:00,2026-07-10T21:55:37+00:00,32.74,1.74,1.0
1022600166,betrivers,2026,Toronto Tempo,Dallas Wings,2026-07-10T23:40:00+00:00,4,6.5,7.5,2026-07-09T14:55:36+00:00,2026-07-10T21:55:37+00:00,32.74,1.74,1.0
1022600166,betus,2026,Toronto Tempo,Dallas Wings,2026-07-10T23:40:00+00:00,3,7.0,7.5,2026-07-09T21:55:37+00:00,2026-07-10T21:55:37+00:00,25.74,1.74,0.5
1022600166,bovada,2026,Toronto Tempo,Dallas Wings,2026-07-10T23:40:00+00:00,3,7.0,8.0,2026-07-09T21:55:37+00:00,2026-07-10T21:55:37+00:00,25.74,1.74,1.0
1022600166,draftkings,2026,Toronto Tempo,Dallas Wings,2026-07-10T23:40:00+00:00,4,6.5,7.5,2026-07-09T14:55:36+00:00,2026-07-10T21:55:37+00:00,32.74,1.74,1.0
1022600166,fanatics,2026,Toronto Tempo,Dallas Wings,2026-07-10T23:40:00+00:00,4,6.5,7.5,2026-07-09T14:55:36+00:00,2026-07-10T21:55:37+00:00,32.74,1.74,1.0
1022600166,fanduel,2026,Toronto Tempo,Dallas Wings,2026-07-10T23:40:00+00:00,4,6.5,7.5,2026-07-09T14:55:36+00:00,2026-07-10T21:55:37+00:00,32.74,1.74,1.0
1022600166,lowvig,2026,Toronto Tempo,Dallas Wings,2026-07-10T23:40:00+00:00,4,7.0,8.0,2026-07-09T14:55:36+00:00,2026-07-10T21:55:37+00:00,32.74,1.74,1.0
1022600166,mybookieag,2026,Toronto Tempo,Dallas Wings,2026-07-10T23:40:00+00:00,4,6.5,7.5,2026-07-09T14:55:36+00:00,2026-07-10T21:55:37+00:00,32.74,1.74,1.0
1022600166,williamhill_us,2026,Toronto Tempo,Dallas Wings,2026-07-10T23:40:00+00:00,4,6.5,7.5,2026-07-09T14:55:36+00:00,2026-07-10T21:55:37+00:00,32.74,1.74,1.0
1022600167,betonlineag,2026,Los Angeles Sparks,Chicago Sky,2026-07-11T02:10:00+00:00,4,-1.5,-1.0,2026-07-09T14:55:36+00:00,2026-07-10T21:55:37+00:00,35.24,4.24,0.5
1022600167,betrivers,2026,Los Angeles Sparks,Chicago Sky,2026-07-11T02:10:00+00:00,4,-1.5,-0.5,2026-07-09T14:55:36+00:00,2026-07-10T21:55:37+00:00,35.24,4.24,1.0
1022600167,betus,2026,Los Angeles Sparks,Chicago Sky,2026-07-11T02:10:00+00:00,3,0.0,-1.0,2026-07-09T21:55:37+00:00,2026-07-10T21:55:37+00:00,28.24,4.24,1.0
1022600167,bovada,2026,Los Angeles Sparks,Chicago Sky,2026-07-11T02:10:00+00:00,2,-1.0,-1.0,2026-07-10T14:55:37+00:00,2026-07-10T21:55:37+00:00,11.24,4.24,0.0
1022600167,draftkings,2026,Los Angeles Sparks,Chicago Sky,2026-07-11T02:10:00+00:00,4,-1.5,-1.5,2026-07-09T14:55:36+00:00,2026-07-10T21:55:37+00:00,35.24,4.24,0.0
1022600167,fanatics,2026,Los Angeles Sparks,Chicago Sky,2026-07-11T02:10:00+00:00,4,-2.5,-1.5,2026-07-09T14:55:36+00:00,2026-07-10T21:55:37+00:00,35.24,4.24,1.0
1022600167,fanduel,2026,Los Angeles Sparks,Chicago Sky,2026-07-11T02:10:00+00:00,4,-2.5,-1.5,2026-07-09T14:55:36+00:00,2026-07-10T21:55:37+00:00,35.24,4.24,1.0
1022600167,lowvig,2026,Los Angeles Sparks,Chicago Sky,2026-07-11T02:10:00+00:00,4,-1.5,-1.0,2026-07-09T14:55:36+00:00,2026-07-10T21:55:37+00:00,35.24,4.24,0.5
1022600167,mybookieag,2026,Los Angeles Sparks,Chicago Sky,2026-07-11T02:10:00+00:00,4,-2.0,-1.0,2026-07-09T14:55:36+00:00,2026-07-10T21:55:37+00:00,35.24,4.24,1.0
1022600167,williamhill_us,2026,Los Angeles Sparks,Chicago Sky,2026-07-11T02:10:00+00:00,4,-2.0,-1.0,2026-07-09T14:55:36+00:00,2026-07-10T21:55:37+00:00,35.24,4.24,1.0
1022600168,betmgm,2026,Minnesota Lynx,New York Liberty,2026-07-11T17:00:00+00:00,2,-1.5,-4.5,2026-07-10T21:55:37+00:00,2026-07-11T14:55:37+00:00,19.07,2.07,3.0
1022600168,betonlineag,2026,Minnesota Lynx,New York Liberty,2026-07-11T17:00:00+00:00,3,-3.5,-4.5,2026-07-10T14:55:37+00:00,2026-07-11T14:55:37+00:00,26.07,2.07,1.0
1022600168,betrivers,2026,Minnesota Lynx,New York Liberty,2026-07-11T17:00:00+00:00,3,-3.5,-4.5,2026-07-10T14:55:37+00:00,2026-07-11T14:55:37+00:00,26.07,2.07,1.0
1022600168,betus,2026,Minnesota Lynx,New York Liberty,2026-07-11T17:00:00+00:00,3,-3.5,-5.0,2026-07-10T14:55:37+00:00,2026-07-11T14:55:37+00:00,26.07,2.07,1.5
1022600168,bovada,2026,Minnesota Lynx,New York Liberty,2026-07-11T17:00:00+00:00,3,-3.5,-5.0,2026-07-10T14:55:37+00:00,2026-07-11T14:55:37+00:00,26.07,2.07,1.5
1022600168,draftkings,2026,Minnesota Lynx,New York Liberty,2026-07-11T17:00:00+00:00,3,-3.5,-4.5,2026-07-10T14:55:37+00:00,2026-07-11T14:55:37+00:00,26.07,2.07,1.0
1022600168,fanatics,2026,Minnesota Lynx,New York Liberty,2026-07-11T17:00:00+00:00,3,-3.5,-4.5,2026-07-10T14:55:37+00:00,2026-07-11T14:55:37+00:00,26.07,2.07,1.0
1022600168,fanduel,2026,Minnesota Lynx,New York Liberty,2026-07-11T17:00:00+00:00,3,-3.5,-5.5,2026-07-10T14:55:37+00:00,2026-07-11T14:55:37+00:00,26.07,2.07,2.0
1022600168,lowvig,2026,Minnesota Lynx,New York Liberty,2026-07-11T17:00:00+00:00,3,-3.5,-4.5,2026-07-10T14:55:37+00:00,2026-07-11T14:55:37+00:00,26.07,2.07,1.0
1022600168,mybookieag,2026,Minnesota Lynx,New York Liberty,2026-07-11T17:00:00+00:00,1,-5.0,-5.0,2026-07-11T14:55:37+00:00,2026-07-11T14:55:37+00:00,2.07,2.07,0.0
1022600168,williamhill_us,2026,Minnesota Lynx,New York Liberty,2026-07-11T17:00:00+00:00,3,-3.5,-4.0,2026-07-10T14:55:37+00:00,2026-07-11T14:55:37+00:00,26.07,2.07,0.5
1022600169,betmgm,2026,Las Vegas Aces,Phoenix Mercury,2026-07-11T22:00:00+00:00,3,-10.5,-8.5,2026-07-10T21:55:37+00:00,2026-07-11T21:55:37+00:00,24.07,0.07,2.0
1022600169,betonlineag,2026,Las Vegas Aces,Phoenix Mercury,2026-07-11T22:00:00+00:00,4,-10.5,-9.0,2026-07-10T14:55:37+00:00,2026-07-11T21:55:37+00:00,31.07,0.07,1.5
1022600169,betrivers,2026,Las Vegas Aces,Phoenix Mercury,2026-07-11T22:00:00+00:00,4,-10.5,-8.5,2026-07-10T14:55:37+00:00,2026-07-11T21:55:37+00:00,31.07,0.07,2.0
1022600169,betus,2026,Las Vegas Aces,Phoenix Mercury,2026-07-11T22:00:00+00:00,4,-10.5,-8.5,2026-07-10T14:55:37+00:00,2026-07-11T21:55:37+00:00,31.07,0.07,2.0
1022600169,bovada,2026,Las Vegas Aces,Phoenix Mercury,2026-07-11T22:00:00+00:00,4,-10.5,-8.5,2026-07-10T14:55:37+00:00,2026-07-11T21:55:37+00:00,31.07,0.07,2.0
1022600169,draftkings,2026,Las Vegas Aces,Phoenix Mercury,2026-07-11T22:00:00+00:00,4,-10.5,-8.5,2026-07-10T14:55:37+00:00,2026-07-11T21:55:37+00:00,31.07,0.07,2.0
1022600169,fanatics,2026,Las Vegas Aces,Phoenix Mercury,2026-07-11T22:00:00+00:00,4,-10.5,-8.5,2026-07-10T14:55:37+00:00,2026-07-11T21:55:37+00:00,31.07,0.07,2.0
1022600169,fanduel,2026,Las Vegas Aces,Phoenix Mercury,2026-07-11T22:00:00+00:00,4,-10.5,-8.5,2026-07-10T14:55:37+00:00,2026-07-11T21:55:37+00:00,31.07,0.07,2.0
1022600169,lowvig,2026,Las Vegas Aces,Phoenix Mercury,2026-07-11T22:00:00+00:00,4,-10.5,-9.0,2026-07-10T14:55:37+00:00,2026-07-11T21:55:37+00:00,31.07,0.07,1.5
1022600169,mybookieag,2026,Las Vegas Aces,Phoenix Mercury,2026-07-11T22:00:00+00:00,3,-10.5,-8.5,2026-07-10T14:55:37+00:00,2026-07-11T21:55:37+00:00,31.07,0.07,2.0
1022600169,williamhill_us,2026,Las Vegas Aces,Phoenix Mercury,2026-07-11T22:00:00+00:00,4,-10.5,-8.5,2026-07-10T14:55:37+00:00,2026-07-11T21:55:37+00:00,31.07,0.07,2.0
1022600170,betmgm,2026,Atlanta Dream,Portland Fire,2026-07-11T20:07:07+00:00,2,-12.5,-13.5,2026-07-10T21:55:37+00:00,2026-07-11T14:55:37+00:00,22.19,5.19,1.0
1022600170,betonlineag,2026,Atlanta Dream,Portland Fire,2026-07-11T20:07:07+00:00,3,-11.5,-13.5,2026-07-10T14:55:37+00:00,2026-07-11T14:55:37+00:00,29.19,5.19,2.0
1022600170,betrivers,2026,Atlanta Dream,Portland Fire,2026-07-11T20:07:07+00:00,3,-11.5,-13.5,2026-07-10T14:55:37+00:00,2026-07-11T14:55:37+00:00,29.19,5.19,2.0
1022600170,betus,2026,Atlanta Dream,Portland Fire,2026-07-11T20:07:07+00:00,3,-11.5,-13.5,2026-07-10T14:55:37+00:00,2026-07-11T14:55:37+00:00,29.19,5.19,2.0
1022600170,bovada,2026,Atlanta Dream,Portland Fire,2026-07-11T20:07:07+00:00,3,-11.5,-13.5,2026-07-10T14:55:37+00:00,2026-07-11T14:55:37+00:00,29.19,5.19,2.0
1022600170,draftkings,2026,Atlanta Dream,Portland Fire,2026-07-11T20:07:07+00:00,3,-11.5,-13.5,2026-07-10T14:55:37+00:00,2026-07-11T14:55:37+00:00,29.19,5.19,2.0
1022600170,fanatics,2026,Atlanta Dream,Portland Fire,2026-07-11T20:07:07+00:00,3,-11.5,-13.5,2026-07-10T14:55:37+00:00,2026-07-11T14:55:37+00:00,29.19,5.19,2.0
1022600170,fanduel,2026,Atlanta Dream,Portland Fire,2026-07-11T20:07:07+00:00,3,-11.5,-13.5,2026-07-10T14:55:37+00:00,2026-07-11T14:55:37+00:00,29.19,5.19,2.0
1022600170,lowvig,2026,Atlanta Dream,Portland Fire,2026-07-11T20:07:07+00:00,3,-11.5,-13.5,2026-07-10T14:55:37+00:00,2026-07-11T14:55:37+00:00,29.19,5.19,2.0
1022600170,mybookieag,2026,Atlanta Dream,Portland Fire,2026-07-11T20:07:07+00:00,2,-11.5,-13.5,2026-07-10T14:55:37+00:00,2026-07-11T14:55:37+00:00,29.19,5.19,2.0
1022600170,williamhill_us,2026,Atlanta Dream,Portland Fire,2026-07-11T20:07:07+00:00,3,-11.5,-13.5,2026-07-10T14:55:37+00:00,2026-07-11T14:55:37+00:00,29.19,5.19,2.0
1022600171,betmgm,2026,Toronto Tempo,New York Liberty,2026-07-12T19:00:00+00:00,1,6.5,6.5,2026-07-12T14:55:37+00:00,2026-07-12T14:55:37+00:00,4.07,4.07,0.0
1022600171,betonlineag,2026,Toronto Tempo,New York Liberty,2026-07-12T19:00:00+00:00,1,7.0,7.0,2026-07-12T14:55:37+00:00,2026-07-12T14:55:37+00:00,4.07,4.07,0.0
1022600171,betrivers,2026,Toronto Tempo,New York Liberty,2026-07-12T19:00:00+00:00,1,6.5,6.5,2026-07-12T14:55:37+00:00,2026-07-12T14:55:37+00:00,4.07,4.07,0.0
1022600171,betus,2026,Toronto Tempo,New York Liberty,2026-07-12T19:00:00+00:00,1,7.0,7.0,2026-07-12T14:55:37+00:00,2026-07-12T14:55:37+00:00,4.07,4.07,0.0
1022600171,bovada,2026,Toronto Tempo,New York Liberty,2026-07-12T19:00:00+00:00,1,7.0,7.0,2026-07-12T14:55:37+00:00,2026-07-12T14:55:37+00:00,4.07,4.07,0.0
1022600171,draftkings,2026,Toronto Tempo,New York Liberty,2026-07-12T19:00:00+00:00,1,7.5,7.5,2026-07-12T14:55:37+00:00,2026-07-12T14:55:37+00:00,4.07,4.07,0.0
1022600171,fanatics,2026,Toronto Tempo,New York Liberty,2026-07-12T19:00:00+00:00,1,7.0,7.0,2026-07-12T14:55:37+00:00,2026-07-12T14:55:37+00:00,4.07,4.07,0.0
1022600171,fanduel,2026,Toronto Tempo,New York Liberty,2026-07-12T19:00:00+00:00,1,7.5,7.5,2026-07-12T14:55:37+00:00,2026-07-12T14:55:37+00:00,4.07,4.07,0.0
1022600171,lowvig,2026,Toronto Tempo,New York Liberty,2026-07-12T19:00:00+00:00,1,7.0,7.0,2026-07-12T14:55:37+00:00,2026-07-12T14:55:37+00:00,4.07,4.07,0.0
1022600171,mybookieag,2026,Toronto Tempo,New York Liberty,2026-07-12T19:00:00+00:00,1,7.0,7.0,2026-07-12T14:55:37+00:00,2026-07-12T14:55:37+00:00,4.07,4.07,0.0
1022600171,williamhill_us,2026,Toronto Tempo,New York Liberty,2026-07-12T19:00:00+00:00,1,7.0,7.0,2026-07-12T14:55:37+00:00,2026-07-12T14:55:37+00:00,4.07,4.07,0.0
1022600172,betmgm,2026,Washington Mystics,Seattle Storm,2026-07-12T19:00:00+00:00,2,-3.5,-5.5,2026-07-11T21:55:37+00:00,2026-07-12T14:55:37+00:00,21.07,4.07,2.0
1022600172,betonlineag,2026,Washington Mystics,Seattle Storm,2026-07-12T19:00:00+00:00,2,-4.5,-5.5,2026-07-11T21:55:37+00:00,2026-07-12T14:55:37+00:00,21.07,4.07,1.0
1022600172,betrivers,2026,Washington Mystics,Seattle Storm,2026-07-12T19:00:00+00:00,2,-3.5,-5.5,2026-07-11T21:55:37+00:00,2026-07-12T14:55:37+00:00,21.07,4.07,2.0
1022600172,betus,2026,Washington Mystics,Seattle Storm,2026-07-12T19:00:00+00:00,1,-5.5,-5.5,2026-07-12T14:55:37+00:00,2026-07-12T14:55:37+00:00,4.07,4.07,0.0
1022600172,bovada,2026,Washington Mystics,Seattle Storm,2026-07-12T19:00:00+00:00,2,-4.5,-6.0,2026-07-11T21:55:37+00:00,2026-07-12T14:55:37+00:00,21.07,4.07,1.5
1022600172,draftkings,2026,Washington Mystics,Seattle Storm,2026-07-12T19:00:00+00:00,2,-4.5,-5.5,2026-07-11T21:55:37+00:00,2026-07-12T14:55:37+00:00,21.07,4.07,1.0
1022600172,fanatics,2026,Washington Mystics,Seattle Storm,2026-07-12T19:00:00+00:00,2,-4.5,-5.5,2026-07-11T21:55:37+00:00,2026-07-12T14:55:37+00:00,21.07,4.07,1.0
1022600172,fanduel,2026,Washington Mystics,Seattle Storm,2026-07-12T19:00:00+00:00,2,-4.5,-5.5,2026-07-11T21:55:37+00:00,2026-07-12T14:55:37+00:00,21.07,4.07,1.0
1022600172,lowvig,2026,Washington Mystics,Seattle Storm,2026-07-12T19:00:00+00:00,2,-4.5,-5.5,2026-07-11T21:55:37+00:00,2026-07-12T14:55:37+00:00,21.07,4.07,1.0
1022600172,mybookieag,2026,Washington Mystics,Seattle Storm,2026-07-12T19:00:00+00:00,1,-5.5,-5.5,2026-07-12T14:55:37+00:00,2026-07-12T14:55:37+00:00,4.07,4.07,0.0
1022600172,williamhill_us,2026,Washington Mystics,Seattle Storm,2026-07-12T19:00:00+00:00,2,-4.5,-5.5,2026-07-11T21:55:37+00:00,2026-07-12T14:55:37+00:00,21.07,4.07,1.0
1022600173,betmgm,2026,Dallas Wings,Chicago Sky,2026-07-12T23:00:00+00:00,3,-9.5,-9.5,2026-07-11T21:55:37+00:00,2026-07-12T21:55:37+00:00,25.07,1.07,0.0
1022600173,betonlineag,2026,Dallas Wings,Chicago Sky,2026-07-12T23:00:00+00:00,3,-9.5,-9.5,2026-07-11T21:55:37+00:00,2026-07-12T21:55:37+00:00,25.07,1.07,0.0
1022600173,betrivers,2026,Dallas Wings,Chicago Sky,2026-07-12T23:00:00+00:00,3,-9.5,-9.5,2026-07-11T21:55:37+00:00,2026-07-12T21:55:37+00:00,25.07,1.07,0.0
1022600173,betus,2026,Dallas Wings,Chicago Sky,2026-07-12T23:00:00+00:00,2,-9.5,-9.5,2026-07-12T14:55:37+00:00,2026-07-12T21:55:37+00:00,8.07,1.07,0.0
1022600173,bovada,2026,Dallas Wings,Chicago Sky,2026-07-12T23:00:00+00:00,3,-9.5,-9.5,2026-07-11T21:55:37+00:00,2026-07-12T21:55:37+00:00,25.07,1.07,0.0
1022600173,draftkings,2026,Dallas Wings,Chicago Sky,2026-07-12T23:00:00+00:00,3,-9.5,-9.5,2026-07-11T21:55:37+00:00,2026-07-12T21:55:37+00:00,25.07,1.07,0.0
1022600173,fanatics,2026,Dallas Wings,Chicago Sky,2026-07-12T23:00:00+00:00,3,-9.5,-9.5,2026-07-11T21:55:37+00:00,2026-07-12T21:55:37+00:00,25.07,1.07,0.0
1022600173,fanduel,2026,Dallas Wings,Chicago Sky,2026-07-12T23:00:00+00:00,3,-9.5,-9.5,2026-07-11T21:55:37+00:00,2026-07-12T21:55:37+00:00,25.07,1.07,0.0
1022600173,lowvig,2026,Dallas Wings,Chicago Sky,2026-07-12T23:00:00+00:00,3,-9.5,-9.5,2026-07-11T21:55:37+00:00,2026-07-12T21:55:37+00:00,25.07,1.07,0.0
1022600173,mybookieag,2026,Dallas Wings,Chicago Sky,2026-07-12T23:00:00+00:00,2,-9.5,-9.5,2026-07-12T14:55:37+00:00,2026-07-12T21:55:37+00:00,8.07,1.07,0.0
1022600173,williamhill_us,2026,Dallas Wings,Chicago Sky,2026-07-12T23:00:00+00:00,3,-9.5,-9.5,2026-07-11T21:55:37+00:00,2026-07-12T21:55:37+00:00,25.07,1.07,0.0
1022600174,betmgm,2026,Las Vegas Aces,Indiana Fever,2026-07-13T01:00:00+00:00,2,-4.5,-4.5,2026-07-12T14:55:37+00:00,2026-07-12T21:55:37+00:00,10.07,3.07,0.0
1022600174,betonlineag,2026,Las Vegas Aces,Indiana Fever,2026-07-13T01:00:00+00:00,2,-4.5,-5.0,2026-07-12T14:55:37+00:00,2026-07-12T21:55:37+00:00,10.07,3.07,0.5
1022600174,betrivers,2026,Las Vegas Aces,Indiana Fever,2026-07-13T01:00:00+00:00,2,-3.5,-4.5,2026-07-12T14:55:37+00:00,2026-07-12T21:55:37+00:00,10.07,3.07,1.0
1022600174,betus,2026,Las Vegas Aces,Indiana Fever,2026-07-13T01:00:00+00:00,2,-4.5,-5.0,2026-07-12T14:55:37+00:00,2026-07-12T21:55:37+00:00,10.07,3.07,0.5
1022600174,bovada,2026,Las Vegas Aces,Indiana Fever,2026-07-13T01:00:00+00:00,2,-4.5,-5.0,2026-07-12T14:55:37+00:00,2026-07-12T21:55:37+00:00,10.07,3.07,0.5
1022600174,draftkings,2026,Las Vegas Aces,Indiana Fever,2026-07-13T01:00:00+00:00,2,-4.5,-4.5,2026-07-12T14:55:37+00:00,2026-07-12T21:55:37+00:00,10.07,3.07,0.0
1022600174,fanatics,2026,Las Vegas Aces,Indiana Fever,2026-07-13T01:00:00+00:00,2,-4.5,-4.5,2026-07-12T14:55:37+00:00,2026-07-12T21:55:37+00:00,10.07,3.07,0.0
1022600174,fanduel,2026,Las Vegas Aces,Indiana Fever,2026-07-13T01:00:00+00:00,2,-4.5,-4.5,2026-07-12T14:55:37+00:00,2026-07-12T21:55:37+00:00,10.07,3.07,0.0
1022600174,lowvig,2026,Las Vegas Aces,Indiana Fever,2026-07-13T01:00:00+00:00,2,-4.5,-5.0,2026-07-12T14:55:37+00:00,2026-07-12T21:55:37+00:00,10.07,3.07,0.5
1022600174,mybookieag,2026,Las Vegas Aces,Indiana Fever,2026-07-13T01:00:00+00:00,2,-4.5,-4.5,2026-07-12T14:55:37+00:00,2026-07-12T21:55:37+00:00,10.07,3.07,0.0
1022600174,williamhill_us,2026,Las Vegas Aces,Indiana Fever,2026-07-13T01:00:00+00:00,2,-4.5,-4.5,2026-07-12T14:55:37+00:00,2026-07-12T21:55:37+00:00,10.07,3.07,0.0
1022600175,betmgm,2026,Atlanta Dream,Los Angeles Sparks,2026-07-13T23:00:00+00:00,3,-7.5,-8.5,2026-07-12T21:55:37+00:00,2026-07-13T21:55:37+00:00,25.07,1.07,1.0
1022600175,betonlineag,2026,Atlanta Dream,Los Angeles Sparks,2026-07-13T23:00:00+00:00,4,-8.0,-9.0,2026-07-12T14:55:37+00:00,2026-07-13T21:55:37+00:00,32.07,1.07,1.0
1022600175,betrivers,2026,Atlanta Dream,Los Angeles Sparks,2026-07-13T23:00:00+00:00,4,-7.5,-8.5,2026-07-12T14:55:37+00:00,2026-07-13T21:55:37+00:00,32.07,1.07,1.0
1022600175,betus,2026,Atlanta Dream,Los Angeles Sparks,2026-07-13T23:00:00+00:00,3,-7.5,-8.5,2026-07-12T21:55:37+00:00,2026-07-13T21:55:37+00:00,25.07,1.07,1.0
1022600175,bovada,2026,Atlanta Dream,Los Angeles Sparks,2026-07-13T23:00:00+00:00,4,-8.0,-8.5,2026-07-12T14:55:37+00:00,2026-07-13T21:55:37+00:00,32.07,1.07,0.5
1022600175,draftkings,2026,Atlanta Dream,Los Angeles Sparks,2026-07-13T23:00:00+00:00,4,-8.5,-8.5,2026-07-12T14:55:37+00:00,2026-07-13T21:55:37+00:00,32.07,1.07,0.0
1022600175,fanatics,2026,Atlanta Dream,Los Angeles Sparks,2026-07-13T23:00:00+00:00,4,-8.0,-8.5,2026-07-12T14:55:37+00:00,2026-07-13T21:55:37+00:00,32.07,1.07,0.5
1022600175,fanduel,2026,Atlanta Dream,Los Angeles Sparks,2026-07-13T23:00:00+00:00,4,-8.5,-8.5,2026-07-12T14:55:37+00:00,2026-07-13T21:55:37+00:00,32.07,1.07,0.0
1022600175,lowvig,2026,Atlanta Dream,Los Angeles Sparks,2026-07-13T23:00:00+00:00,4,-8.0,-9.0,2026-07-12T14:55:37+00:00,2026-07-13T21:55:37+00:00,32.07,1.07,1.0
1022600175,mybookieag,2026,Atlanta Dream,Los Angeles Sparks,2026-07-13T23:00:00+00:00,2,-8.5,-8.5,2026-07-13T14:55:37+00:00,2026-07-13T21:55:37+00:00,8.07,1.07,0.0
1022600175,williamhill_us,2026,Atlanta Dream,Los Angeles Sparks,2026-07-13T23:00:00+00:00,4,-8.5,-8.5,2026-07-12T14:55:37+00:00,2026-07-13T21:55:37+00:00,32.07,1.07,0.0
1022600176,betmgm,2026,Minnesota Lynx,Phoenix Mercury,2026-07-14T01:00:00+00:00,3,-12.5,-12.5,2026-07-12T21:55:37+00:00,2026-07-13T21:55:37+00:00,27.07,3.07,0.0
1022600176,betonlineag,2026,Minnesota Lynx,Phoenix Mercury,2026-07-14T01:00:00+00:00,4,-12.0,-11.5,2026-07-12T14:55:37+00:00,2026-07-13T21:55:37+00:00,34.07,3.07,0.5
1022600176,betrivers,2026,Minnesota Lynx,Phoenix Mercury,2026-07-14T01:00:00+00:00,4,-11.5,-11.5,2026-07-12T14:55:37+00:00,2026-07-13T21:55:37+00:00,34.07,3.07,0.0
1022600176,betus,2026,Minnesota Lynx,Phoenix Mercury,2026-07-14T01:00:00+00:00,3,-12.5,-11.5,2026-07-12T21:55:37+00:00,2026-07-13T21:55:37+00:00,27.07,3.07,1.0
1022600176,bovada,2026,Minnesota Lynx,Phoenix Mercury,2026-07-14T01:00:00+00:00,4,-12.0,-11.5,2026-07-12T14:55:37+00:00,2026-07-13T21:55:37+00:00,34.07,3.07,0.5
1022600176,draftkings,2026,Minnesota Lynx,Phoenix Mercury,2026-07-14T01:00:00+00:00,4,-11.5,-12.5,2026-07-12T14:55:37+00:00,2026-07-13T21:55:37+00:00,34.07,3.07,1.0
1022600176,fanatics,2026,Minnesota Lynx,Phoenix Mercury,2026-07-14T01:00:00+00:00,4,-12.0,-12.0,2026-07-12T14:55:37+00:00,2026-07-13T21:55:37+00:00,34.07,3.07,0.0
1022600176,fanduel,2026,Minnesota Lynx,Phoenix Mercury,2026-07-14T01:00:00+00:00,4,-12.5,-11.5,2026-07-12T14:55:37+00:00,2026-07-13T21:55:37+00:00,34.07,3.07,1.0
1022600176,lowvig,2026,Minnesota Lynx,Phoenix Mercury,2026-07-14T01:00:00+00:00,4,-12.0,-11.5,2026-07-12T14:55:37+00:00,2026-07-13T21:55:37+00:00,34.07,3.07,0.5
1022600176,mybookieag,2026,Minnesota Lynx,Phoenix Mercury,2026-07-14T01:00:00+00:00,2,-12.0,-12.0,2026-07-13T14:55:37+00:00,2026-07-13T21:55:37+00:00,10.07,3.07,0.0
1022600176,williamhill_us,2026,Minnesota Lynx,Phoenix Mercury,2026-07-14T01:00:00+00:00,4,-11.5,-11.5,2026-07-12T14:55:37+00:00,2026-07-13T21:55:37+00:00,34.07,3.07,0.0
1022600177,betmgm,2026,Connecticut Sun,Portland Fire,2026-07-14T15:10:00+00:00,1,-2.5,-2.5,2026-07-14T14:55:37+00:00,2026-07-14T14:55:37+00:00,0.24,0.24,0.0
1022600177,betonlineag,2026,Connecticut Sun,Portland Fire,2026-07-14T15:10:00+00:00,3,-1.5,-2.5,2026-07-13T14:55:37+00:00,2026-07-14T14:55:37+00:00,24.24,0.24,1.0
1022600177,betrivers,2026,Connecticut Sun,Portland Fire,2026-07-14T15:10:00+00:00,3,-1.5,-2.5,2026-07-13T14:55:37+00:00,2026-07-14T14:55:37+00:00,24.24,0.24,1.0
1022600177,betus,2026,Connecticut Sun,Portland Fire,2026-07-14T15:10:00+00:00,2,-1.5,-2.5,2026-07-13T21:55:37+00:00,2026-07-14T14:55:37+00:00,17.24,0.24,1.0
1022600177,bovada,2026,Connecticut Sun,Portland Fire,2026-07-14T15:10:00+00:00,2,-1.5,-2.5,2026-07-13T14:55:37+00:00,2026-07-14T14:55:37+00:00,24.24,0.24,1.0
1022600177,draftkings,2026,Connecticut Sun,Portland Fire,2026-07-14T15:10:00+00:00,3,-1.5,-2.5,2026-07-13T14:55:37+00:00,2026-07-14T14:55:37+00:00,24.24,0.24,1.0
1022600177,fanatics,2026,Connecticut Sun,Portland Fire,2026-07-14T15:10:00+00:00,3,-1.0,-2.5,2026-07-13T14:55:37+00:00,2026-07-14T14:55:37+00:00,24.24,0.24,1.5
1022600177,fanduel,2026,Connecticut Sun,Portland Fire,2026-07-14T15:10:00+00:00,3,-1.5,-2.5,2026-07-13T14:55:37+00:00,2026-07-14T14:55:37+00:00,24.24,0.24,1.0
1022600177,lowvig,2026,Connecticut Sun,Portland Fire,2026-07-14T15:10:00+00:00,3,-1.5,-2.5,2026-07-13T14:55:37+00:00,2026-07-14T14:55:37+00:00,24.24,0.24,1.0
1022600177,mybookieag,2026,Connecticut Sun,Portland Fire,2026-07-14T15:10:00+00:00,1,-2.0,-2.0,2026-07-14T14:55:37+00:00,2026-07-14T14:55:37+00:00,0.24,0.24,0.0
1022600177,williamhill_us,2026,Connecticut Sun,Portland Fire,2026-07-14T15:10:00+00:00,3,-1.5,-2.5,2026-07-13T14:55:37+00:00,2026-07-14T14:55:37+00:00,24.24,0.24,1.0
1022600178,betmgm,2026,Toronto Tempo,Washington Mystics,2026-07-14T23:10:00+00:00,2,2.5,1.5,2026-07-14T14:55:37+00:00,2026-07-14T21:55:37+00:00,8.24,1.24,1.0
1022600178,betonlineag,2026,Toronto Tempo,Washington Mystics,2026-07-14T23:10:00+00:00,4,1.5,2.0,2026-07-13T14:55:37+00:00,2026-07-14T21:55:37+00:00,32.24,1.24,0.5
1022600178,betrivers,2026,Toronto Tempo,Washington Mystics,2026-07-14T23:10:00+00:00,4,-0.5,1.5,2026-07-13T14:55:37+00:00,2026-07-14T21:55:37+00:00,32.24,1.24,2.0
1022600178,betus,2026,Toronto Tempo,Washington Mystics,2026-07-14T23:10:00+00:00,3,1.0,2.0,2026-07-13T21:55:37+00:00,2026-07-14T21:55:37+00:00,25.24,1.24,1.0
1022600178,bovada,2026,Toronto Tempo,Washington Mystics,2026-07-14T23:10:00+00:00,4,1.5,2.0,2026-07-13T14:55:37+00:00,2026-07-14T21:55:37+00:00,32.24,1.24,0.5
1022600178,draftkings,2026,Toronto Tempo,Washington Mystics,2026-07-14T23:10:00+00:00,4,1.5,1.5,2026-07-13T14:55:37+00:00,2026-07-14T21:55:37+00:00,32.24,1.24,0.0
1022600178,fanatics,2026,Toronto Tempo,Washington Mystics,2026-07-14T23:10:00+00:00,4,1.0,1.5,2026-07-13T14:55:37+00:00,2026-07-14T21:55:37+00:00,32.24,1.24,0.5
1022600178,fanduel,2026,Toronto Tempo,Washington Mystics,2026-07-14T23:10:00+00:00,4,1.5,1.5,2026-07-13T14:55:37+00:00,2026-07-14T21:55:37+00:00,32.24,1.24,0.0
1022600178,lowvig,2026,Toronto Tempo,Washington Mystics,2026-07-14T23:10:00+00:00,4,1.5,2.0,2026-07-13T14:55:37+00:00,2026-07-14T21:55:37+00:00,32.24,1.24,0.5
1022600178,mybookieag,2026,Toronto Tempo,Washington Mystics,2026-07-14T23:10:00+00:00,2,2.0,2.0,2026-07-14T14:55:37+00:00,2026-07-14T21:55:37+00:00,8.24,1.24,0.0
1022600178,williamhill_us,2026,Toronto Tempo,Washington Mystics,2026-07-14T23:10:00+00:00,4,1.5,2.0,2026-07-13T14:55:37+00:00,2026-07-14T21:55:37+00:00,32.24,1.24,0.5
1022600179,betmgm,2026,Chicago Sky,Seattle Storm,2026-07-15T16:10:00+00:00,2,-2.5,-3.5,2026-07-14T21:55:37+00:00,2026-07-15T14:55:37+00:00,18.24,1.24,1.0
1022600179,betonlineag,2026,Chicago Sky,Seattle Storm,2026-07-15T16:10:00+00:00,3,-3.5,-3.5,2026-07-14T14:55:37+00:00,2026-07-15T14:55:37+00:00,25.24,1.24,0.0
1022600179,betrivers,2026,Chicago Sky,Seattle Storm,2026-07-15T16:10:00+00:00,3,-3.5,-2.5,2026-07-14T14:55:37+00:00,2026-07-15T14:55:37+00:00,25.24,1.24,1.0
1022600179,betus,2026,Chicago Sky,Seattle Storm,2026-07-15T16:10:00+00:00,1,-3.5,-3.5,2026-07-15T14:55:37+00:00,2026-07-15T14:55:37+00:00,1.24,1.24,0.0
1022600179,bovada,2026,Chicago Sky,Seattle Storm,2026-07-15T16:10:00+00:00,3,-3.5,-3.0,2026-07-14T14:55:37+00:00,2026-07-15T14:55:37+00:00,25.24,1.24,0.5
1022600179,draftkings,2026,Chicago Sky,Seattle Storm,2026-07-15T16:10:00+00:00,3,-3.5,-3.5,2026-07-14T14:55:37+00:00,2026-07-15T14:55:37+00:00,25.24,1.24,0.0
1022600179,fanatics,2026,Chicago Sky,Seattle Storm,2026-07-15T16:10:00+00:00,2,-2.5,-3.5,2026-07-14T21:55:37+00:00,2026-07-15T14:55:37+00:00,18.24,1.24,1.0
1022600179,fanduel,2026,Chicago Sky,Seattle Storm,2026-07-15T16:10:00+00:00,3,-3.5,-3.5,2026-07-14T14:55:37+00:00,2026-07-15T14:55:37+00:00,25.24,1.24,0.0
1022600179,lowvig,2026,Chicago Sky,Seattle Storm,2026-07-15T16:10:00+00:00,3,-3.5,-3.5,2026-07-14T14:55:37+00:00,2026-07-15T14:55:37+00:00,25.24,1.24,0.0
1022600179,mybookieag,2026,Chicago Sky,Seattle Storm,2026-07-15T16:10:00+00:00,1,-3.5,-3.5,2026-07-15T14:55:37+00:00,2026-07-15T14:55:37+00:00,1.24,1.24,0.0
1022600179,williamhill_us,2026,Chicago Sky,Seattle Storm,2026-07-15T16:10:00+00:00,3,-3.5,-3.5,2026-07-14T14:55:37+00:00,2026-07-15T14:55:37+00:00,25.24,1.24,0.0
1022600180,betmgm,2026,Minnesota Lynx,Los Angeles Sparks,2026-07-15T17:10:00+00:00,1,-11.5,-11.5,2026-07-15T14:55:37+00:00,2026-07-15T14:55:37+00:00,2.24,2.24,0.0
1022600180,betonlineag,2026,Minnesota Lynx,Los Angeles Sparks,2026-07-15T17:10:00+00:00,3,-12.5,-11.5,2026-07-14T14:55:37+00:00,2026-07-15T14:55:37+00:00,26.24,2.24,1.0
1022600180,betrivers,2026,Minnesota Lynx,Los Angeles Sparks,2026-07-15T17:10:00+00:00,3,-12.5,-11.5,2026-07-14T14:55:37+00:00,2026-07-15T14:55:37+00:00,26.24,2.24,1.0
1022600180,betus,2026,Minnesota Lynx,Los Angeles Sparks,2026-07-15T17:10:00+00:00,1,-11.5,-11.5,2026-07-15T14:55:37+00:00,2026-07-15T14:55:37+00:00,2.24,2.24,0.0
1022600180,bovada,2026,Minnesota Lynx,Los Angeles Sparks,2026-07-15T17:10:00+00:00,3,-12.5,-11.5,2026-07-14T14:55:37+00:00,2026-07-15T14:55:37+00:00,26.24,2.24,1.0
1022600180,draftkings,2026,Minnesota Lynx,Los Angeles Sparks,2026-07-15T17:10:00+00:00,3,-12.5,-11.5,2026-07-14T14:55:37+00:00,2026-07-15T14:55:37+00:00,26.24,2.24,1.0
1022600180,fanatics,2026,Minnesota Lynx,Los Angeles Sparks,2026-07-15T17:10:00+00:00,2,-12.5,-11.5,2026-07-14T21:55:37+00:00,2026-07-15T14:55:37+00:00,19.24,2.24,1.0
1022600180,fanduel,2026,Minnesota Lynx,Los Angeles Sparks,2026-07-15T17:10:00+00:00,3,-12.5,-11.5,2026-07-14T14:55:37+00:00,2026-07-15T14:55:37+00:00,26.24,2.24,1.0
1022600180,lowvig,2026,Minnesota Lynx,Los Angeles Sparks,2026-07-15T17:10:00+00:00,3,-12.5,-11.5,2026-07-14T14:55:37+00:00,2026-07-15T14:55:37+00:00,26.24,2.24,1.0
1022600180,mybookieag,2026,Minnesota Lynx,Los Angeles Sparks,2026-07-15T17:10:00+00:00,1,-11.5,-11.5,2026-07-15T14:55:37+00:00,2026-07-15T14:55:37+00:00,2.24,2.24,0.0
1022600180,williamhill_us,2026,Minnesota Lynx,Los Angeles Sparks,2026-07-15T17:10:00+00:00,3,-12.5,-11.5,2026-07-14T14:55:37+00:00,2026-07-15T14:55:37+00:00,26.24,2.24,1.0
1022600181,betmgm,2026,Indiana Fever,Golden State Valkyries,2026-07-16T00:10:00+00:00,3,-1.5,-1.5,2026-07-14T21:55:37+00:00,2026-07-15T21:55:37+00:00,26.24,2.24,0.0
1022600181,betonlineag,2026,Indiana Fever,Golden State Valkyries,2026-07-16T00:10:00+00:00,4,-1.5,-1.5,2026-07-14T14:55:37+00:00,2026-07-15T21:55:37+00:00,33.24,2.24,0.0
1022600181,betrivers,2026,Indiana Fever,Golden State Valkyries,2026-07-16T00:10:00+00:00,4,-1.5,-1.5,2026-07-14T14:55:37+00:00,2026-07-15T21:55:37+00:00,33.24,2.24,0.0
1022600181,betus,2026,Indiana Fever,Golden State Valkyries,2026-07-16T00:10:00+00:00,2,-1.5,-1.5,2026-07-15T14:55:37+00:00,2026-07-15T21:55:37+00:00,9.24,2.24,0.0
1022600181,bovada,2026,Indiana Fever,Golden State Valkyries,2026-07-16T00:10:00+00:00,4,-1.5,-1.0,2026-07-14T14:55:37+00:00,2026-07-15T21:55:37+00:00,33.24,2.24,0.5
1022600181,draftkings,2026,Indiana Fever,Golden State Valkyries,2026-07-16T00:10:00+00:00,4,-1.5,-1.5,2026-07-14T14:55:37+00:00,2026-07-15T21:55:37+00:00,33.24,2.24,0.0
1022600181,fanatics,2026,Indiana Fever,Golden State Valkyries,2026-07-16T00:10:00+00:00,3,-1.5,-1.5,2026-07-14T21:55:37+00:00,2026-07-15T21:55:37+00:00,26.24,2.24,0.0
1022600181,fanduel,2026,Indiana Fever,Golden State Valkyries,2026-07-16T00:10:00+00:00,4,-1.5,-1.5,2026-07-14T14:55:37+00:00,2026-07-15T21:55:37+00:00,33.24,2.24,0.0
1022600181,lowvig,2026,Indiana Fever,Golden State Valkyries,2026-07-16T00:10:00+00:00,4,-1.5,-1.5,2026-07-14T14:55:37+00:00,2026-07-15T21:55:37+00:00,33.24,2.24,0.0
1022600181,mybookieag,2026,Indiana Fever,Golden State Valkyries,2026-07-16T00:10:00+00:00,2,-1.5,-1.5,2026-07-15T14:55:37+00:00,2026-07-15T21:55:37+00:00,9.24,2.24,0.0
1022600181,williamhill_us,2026,Indiana Fever,Golden State Valkyries,2026-07-16T00:10:00+00:00,4,-1.5,-1.5,2026-07-14T14:55:37+00:00,2026-07-15T21:55:37+00:00,33.24,2.24,0.0
1022600182,betmgm,2026,Washington Mystics,Portland Fire,2026-07-16T23:10:00+00:00,3,-6.5,-6.5,2026-07-15T21:55:37+00:00,2026-07-16T21:55:37+00:00,25.24,1.24,0.0
1022600182,betonlineag,2026,Washington Mystics,Portland Fire,2026-07-16T23:10:00+00:00,4,-5.0,-6.0,2026-07-15T14:55:37+00:00,2026-07-16T21:55:37+00:00,32.24,1.24,1.0
1022600182,betrivers,2026,Washington Mystics,Portland Fire,2026-07-16T23:10:00+00:00,4,-4.5,-6.5,2026-07-15T14:55:37+00:00,2026-07-16T21:55:37+00:00,32.24,1.24,2.0
1022600182,betus,2026,Washington Mystics,Portland Fire,2026-07-16T23:10:00+00:00,3,-6.0,-6.0,2026-07-15T21:55:37+00:00,2026-07-16T21:55:37+00:00,25.24,1.24,0.0
1022600182,bovada,2026,Washington Mystics,Portland Fire,2026-07-16T23:10:00+00:00,4,-5.0,-6.0,2026-07-15T14:55:37+00:00,2026-07-16T21:55:37+00:00,32.24,1.24,1.0
1022600182,draftkings,2026,Washington Mystics,Portland Fire,2026-07-16T23:10:00+00:00,4,-5.5,-6.5,2026-07-15T14:55:37+00:00,2026-07-16T21:55:37+00:00,32.24,1.24,1.0
1022600182,fanatics,2026,Washington Mystics,Portland Fire,2026-07-16T23:10:00+00:00,4,-5.0,-6.5,2026-07-15T14:55:37+00:00,2026-07-16T21:55:37+00:00,32.24,1.24,1.5
1022600182,fanduel,2026,Washington Mystics,Portland Fire,2026-07-16T23:10:00+00:00,4,-4.5,-6.5,2026-07-15T14:55:37+00:00,2026-07-16T21:55:37+00:00,32.24,1.24,2.0
1022600182,lowvig,2026,Washington Mystics,Portland Fire,2026-07-16T23:10:00+00:00,4,-5.0,-6.0,2026-07-15T14:55:37+00:00,2026-07-16T21:55:37+00:00,32.24,1.24,1.0
1022600182,mybookieag,2026,Washington Mystics,Portland Fire,2026-07-16T23:10:00+00:00,2,-6.5,-6.5,2026-07-16T14:55:37+00:00,2026-07-16T21:55:37+00:00,8.24,1.24,0.0
1022600182,williamhill_us,2026,Washington Mystics,Portland Fire,2026-07-16T23:10:00+00:00,4,-5.0,-6.0,2026-07-15T14:55:37+00:00,2026-07-16T21:55:37+00:00,32.24,1.24,1.0
1022600183,betmgm,2026,Dallas Wings,New York Liberty,2026-07-21T00:00:00+00:00,5,-1.5,4.5,2026-07-15T21:55:37+00:00,2026-07-20T21:55:37+00:00,122.07,2.07,6.0
1022600183,betonlineag,2026,Dallas Wings,New York Liberty,2026-07-21T00:00:00+00:00,7,-1.5,4.5,2026-07-15T14:55:37+00:00,2026-07-20T21:55:37+00:00,129.07,2.07,6.0
1022600183,betrivers,2026,Dallas Wings,New York Liberty,2026-07-21T00:00:00+00:00,7,-1.5,4.5,2026-07-15T14:55:37+00:00,2026-07-20T21:55:37+00:00,129.07,2.07,6.0
1022600183,betus,2026,Dallas Wings,New York Liberty,2026-07-21T00:00:00+00:00,5,-2.5,4.5,2026-07-15T21:55:37+00:00,2026-07-20T21:55:37+00:00,122.07,2.07,7.0
1022600183,bovada,2026,Dallas Wings,New York Liberty,2026-07-21T00:00:00+00:00,7,-1.5,4.5,2026-07-15T14:55:37+00:00,2026-07-20T21:55:37+00:00,129.07,2.07,6.0
1022600183,draftkings,2026,Dallas Wings,New York Liberty,2026-07-21T00:00:00+00:00,8,-1.5,4.5,2026-07-14T21:55:37+00:00,2026-07-20T21:55:37+00:00,146.07,2.07,6.0
1022600183,fanatics,2026,Dallas Wings,New York Liberty,2026-07-21T00:00:00+00:00,8,-1.5,4.5,2026-07-14T21:55:37+00:00,2026-07-20T21:55:37+00:00,146.07,2.07,6.0
1022600183,fanduel,2026,Dallas Wings,New York Liberty,2026-07-21T00:00:00+00:00,8,-1.5,4.5,2026-07-14T21:55:37+00:00,2026-07-20T21:55:37+00:00,146.07,2.07,6.0
1022600183,lowvig,2026,Dallas Wings,New York Liberty,2026-07-21T00:00:00+00:00,7,-1.5,4.5,2026-07-15T14:55:37+00:00,2026-07-20T21:55:37+00:00,129.07,2.07,6.0
1022600183,mybookieag,2026,Dallas Wings,New York Liberty,2026-07-21T00:00:00+00:00,3,-2.0,4.5,2026-07-16T14:55:37+00:00,2026-07-20T21:55:37+00:00,105.07,2.07,6.5
1022600183,williamhill_us,2026,Dallas Wings,New York Liberty,2026-07-21T00:00:00+00:00,8,-1.5,4.5,2026-07-14T21:55:37+00:00,2026-07-20T21:55:37+00:00,146.07,2.07,6.0
1022600184,betmgm,2026,Indiana Fever,Seattle Storm,2026-07-17T23:40:00+00:00,3,-8.5,-8.5,2026-07-16T21:55:37+00:00,2026-07-17T21:55:37+00:00,25.74,1.74,0.0
1022600184,betonlineag,2026,Indiana Fever,Seattle Storm,2026-07-17T23:40:00+00:00,4,-8.5,-9.0,2026-07-16T14:55:37+00:00,2026-07-17T21:55:37+00:00,32.74,1.74,0.5
1022600184,betrivers,2026,Indiana Fever,Seattle Storm,2026-07-17T23:40:00+00:00,4,-8.5,-8.5,2026-07-16T14:55:37+00:00,2026-07-17T21:55:37+00:00,32.74,1.74,0.0
1022600184,betus,2026,Indiana Fever,Seattle Storm,2026-07-17T23:40:00+00:00,3,-9.0,-8.5,2026-07-16T21:55:37+00:00,2026-07-17T21:55:37+00:00,25.74,1.74,0.5
1022600184,bovada,2026,Indiana Fever,Seattle Storm,2026-07-17T23:40:00+00:00,4,-8.5,-8.5,2026-07-16T14:55:37+00:00,2026-07-17T21:55:37+00:00,32.74,1.74,0.0
1022600184,draftkings,2026,Indiana Fever,Seattle Storm,2026-07-17T23:40:00+00:00,4,-8.5,-8.5,2026-07-16T14:55:37+00:00,2026-07-17T21:55:37+00:00,32.74,1.74,0.0
1022600184,fanatics,2026,Indiana Fever,Seattle Storm,2026-07-17T23:40:00+00:00,4,-9.5,-8.5,2026-07-16T14:55:37+00:00,2026-07-17T21:55:37+00:00,32.74,1.74,1.0
1022600184,fanduel,2026,Indiana Fever,Seattle Storm,2026-07-17T23:40:00+00:00,4,-9.5,-8.5,2026-07-16T14:55:37+00:00,2026-07-17T21:55:37+00:00,32.74,1.74,1.0
1022600184,lowvig,2026,Indiana Fever,Seattle Storm,2026-07-17T23:40:00+00:00,4,-8.5,-9.0,2026-07-16T14:55:37+00:00,2026-07-17T21:55:37+00:00,32.74,1.74,0.5
1022600184,mybookieag,2026,Indiana Fever,Seattle Storm,2026-07-17T23:40:00+00:00,2,-9.5,-8.5,2026-07-17T14:55:38+00:00,2026-07-17T21:55:37+00:00,8.74,1.74,1.0
1022600184,williamhill_us,2026,Indiana Fever,Seattle Storm,2026-07-17T23:40:00+00:00,4,-8.5,-8.5,2026-07-16T14:55:37+00:00,2026-07-17T21:55:37+00:00,32.74,1.74,0.0
1022600185,betmgm,2026,Toronto Tempo,Atlanta Dream,2026-07-17T23:30:00+00:00,3,7.5,9.5,2026-07-16T21:55:37+00:00,2026-07-17T21:55:37+00:00,25.57,1.57,2.0
1022600185,betonlineag,2026,Toronto Tempo,Atlanta Dream,2026-07-17T23:30:00+00:00,4,7.5,9.5,2026-07-16T14:55:37+00:00,2026-07-17T21:55:37+00:00,32.57,1.57,2.0
1022600185,betrivers,2026,Toronto Tempo,Atlanta Dream,2026-07-17T23:30:00+00:00,4,7.5,9.5,2026-07-16T14:55:37+00:00,2026-07-17T21:55:37+00:00,32.57,1.57,2.0
1022600185,betus,2026,Toronto Tempo,Atlanta Dream,2026-07-17T23:30:00+00:00,3,7.5,9.5,2026-07-16T21:55:37+00:00,2026-07-17T21:55:37+00:00,25.57,1.57,2.0
1022600185,bovada,2026,Toronto Tempo,Atlanta Dream,2026-07-17T23:30:00+00:00,4,7.5,9.5,2026-07-16T14:55:37+00:00,2026-07-17T21:55:37+00:00,32.57,1.57,2.0
1022600185,draftkings,2026,Toronto Tempo,Atlanta Dream,2026-07-17T23:30:00+00:00,5,6.5,9.5,2026-07-15T21:55:37+00:00,2026-07-17T21:55:37+00:00,49.57,1.57,3.0
1022600185,fanatics,2026,Toronto Tempo,Atlanta Dream,2026-07-17T23:30:00+00:00,5,8.0,9.5,2026-07-15T21:55:37+00:00,2026-07-17T21:55:37+00:00,49.57,1.57,1.5
1022600185,fanduel,2026,Toronto Tempo,Atlanta Dream,2026-07-17T23:30:00+00:00,5,7.5,9.5,2026-07-15T21:55:37+00:00,2026-07-17T21:55:37+00:00,49.57,1.57,2.0
1022600185,lowvig,2026,Toronto Tempo,Atlanta Dream,2026-07-17T23:30:00+00:00,4,7.5,9.5,2026-07-16T14:55:37+00:00,2026-07-17T21:55:37+00:00,32.57,1.57,2.0
1022600185,mybookieag,2026,Toronto Tempo,Atlanta Dream,2026-07-17T23:30:00+00:00,2,9.5,9.5,2026-07-17T14:55:38+00:00,2026-07-17T21:55:37+00:00,8.57,1.57,0.0
1022600185,williamhill_us,2026,Toronto Tempo,Atlanta Dream,2026-07-17T23:30:00+00:00,4,7.5,9.5,2026-07-16T14:55:37+00:00,2026-07-17T21:55:37+00:00,32.57,1.57,2.0
1022600186,betonlineag,2026,Chicago Sky,Los Angeles Sparks,2026-07-17T23:30:00+00:00,4,-1.5,-1.5,2026-07-16T14:55:37+00:00,2026-07-17T21:55:37+00:00,32.57,1.57,0.0
1022600186,betrivers,2026,Chicago Sky,Los Angeles Sparks,2026-07-17T23:30:00+00:00,4,-1.5,0.5,2026-07-16T14:55:37+00:00,2026-07-17T21:55:37+00:00,32.57,1.57,2.0
1022600186,betus,2026,Chicago Sky,Los Angeles Sparks,2026-07-17T23:30:00+00:00,3,-1.5,-2.0,2026-07-16T21:55:37+00:00,2026-07-17T21:55:37+00:00,25.57,1.57,0.5
1022600186,bovada,2026,Chicago Sky,Los Angeles Sparks,2026-07-17T23:30:00+00:00,4,-1.5,-1.0,2026-07-16T14:55:37+00:00,2026-07-17T21:55:37+00:00,32.57,1.57,0.5
1022600186,draftkings,2026,Chicago Sky,Los Angeles Sparks,2026-07-17T23:30:00+00:00,5,-1.5,-1.5,2026-07-15T21:55:37+00:00,2026-07-17T21:55:37+00:00,49.57,1.57,0.0
1022600186,fanatics,2026,Chicago Sky,Los Angeles Sparks,2026-07-17T23:30:00+00:00,5,-1.5,-1.5,2026-07-15T21:55:37+00:00,2026-07-17T21:55:37+00:00,49.57,1.57,0.0
1022600186,fanduel,2026,Chicago Sky,Los Angeles Sparks,2026-07-17T23:30:00+00:00,5,-1.5,-1.5,2026-07-15T21:55:37+00:00,2026-07-17T21:55:37+00:00,49.57,1.57,0.0
1022600186,lowvig,2026,Chicago Sky,Los Angeles Sparks,2026-07-17T23:30:00+00:00,4,-1.5,-1.5,2026-07-16T14:55:37+00:00,2026-07-17T21:55:37+00:00,32.57,1.57,0.0
1022600186,mybookieag,2026,Chicago Sky,Los Angeles Sparks,2026-07-17T23:30:00+00:00,2,-1.0,-1.5,2026-07-17T14:55:38+00:00,2026-07-17T21:55:37+00:00,8.57,1.57,0.5
1022600186,williamhill_us,2026,Chicago Sky,Los Angeles Sparks,2026-07-17T23:30:00+00:00,4,-1.5,-1.5,2026-07-16T14:55:37+00:00,2026-07-17T21:55:37+00:00,32.57,1.57,0.0
1022600187,betmgm,2026,Phoenix Mercury,Connecticut Sun,2026-07-18T02:00:00+00:00,3,-5.5,-4.5,2026-07-16T21:55:37+00:00,2026-07-17T21:55:37+00:00,28.07,4.07,1.0
1022600187,betonlineag,2026,Phoenix Mercury,Connecticut Sun,2026-07-18T02:00:00+00:00,4,-5.5,-4.0,2026-07-16T14:55:37+00:00,2026-07-17T21:55:37+00:00,35.07,4.07,1.5
1022600187,betrivers,2026,Phoenix Mercury,Connecticut Sun,2026-07-18T02:00:00+00:00,4,-5.5,-3.5,2026-07-16T14:55:37+00:00,2026-07-17T21:55:37+00:00,35.07,4.07,2.0
1022600187,betus,2026,Phoenix Mercury,Connecticut Sun,2026-07-18T02:00:00+00:00,3,-5.0,-4.0,2026-07-16T21:55:37+00:00,2026-07-17T21:55:37+00:00,28.07,4.07,1.0
1022600187,bovada,2026,Phoenix Mercury,Connecticut Sun,2026-07-18T02:00:00+00:00,4,-5.5,-4.0,2026-07-16T14:55:37+00:00,2026-07-17T21:55:37+00:00,35.07,4.07,1.5
1022600187,draftkings,2026,Phoenix Mercury,Connecticut Sun,2026-07-18T02:00:00+00:00,5,-4.5,-4.5,2026-07-15T21:55:37+00:00,2026-07-17T21:55:37+00:00,52.07,4.07,0.0
1022600187,fanatics,2026,Phoenix Mercury,Connecticut Sun,2026-07-18T02:00:00+00:00,5,-5.5,-4.5,2026-07-15T21:55:37+00:00,2026-07-17T21:55:37+00:00,52.07,4.07,1.0
1022600187,fanduel,2026,Phoenix Mercury,Connecticut Sun,2026-07-18T02:00:00+00:00,5,-5.5,-4.5,2026-07-15T21:55:37+00:00,2026-07-17T21:55:37+00:00,52.07,4.07,1.0
1022600187,lowvig,2026,Phoenix Mercury,Connecticut Sun,2026-07-18T02:00:00+00:00,4,-5.5,-4.0,2026-07-16T14:55:37+00:00,2026-07-17T21:55:37+00:00,35.07,4.07,1.5
1022600187,mybookieag,2026,Phoenix Mercury,Connecticut Sun,2026-07-18T02:00:00+00:00,2,-5.0,-4.5,2026-07-17T14:55:38+00:00,2026-07-17T21:55:37+00:00,11.07,4.07,0.5
1022600187,williamhill_us,2026,Phoenix Mercury,Connecticut Sun,2026-07-18T02:00:00+00:00,4,-5.5,-4.5,2026-07-16T14:55:37+00:00,2026-07-17T21:55:37+00:00,35.07,4.07,1.0
1022600188,betmgm,2026,Indiana Fever,New York Liberty,2026-07-19T00:00:00+00:00,2,2.5,1.5,2026-07-18T14:55:37+00:00,2026-07-18T21:55:37+00:00,9.07,2.07,1.0
1022600188,betonlineag,2026,Indiana Fever,New York Liberty,2026-07-19T00:00:00+00:00,4,2.0,2.0,2026-07-17T14:55:38+00:00,2026-07-18T21:55:37+00:00,33.07,2.07,0.0
1022600188,betrivers,2026,Indiana Fever,New York Liberty,2026-07-19T00:00:00+00:00,3,1.5,1.5,2026-07-17T21:55:37+00:00,2026-07-18T21:55:37+00:00,26.07,2.07,0.0
1022600188,betus,2026,Indiana Fever,New York Liberty,2026-07-19T00:00:00+00:00,2,2.5,2.0,2026-07-18T14:55:37+00:00,2026-07-18T21:55:37+00:00,9.07,2.07,0.5
1022600188,bovada,2026,Indiana Fever,New York Liberty,2026-07-19T00:00:00+00:00,3,2.5,2.5,2026-07-17T21:55:37+00:00,2026-07-18T21:55:37+00:00,26.07,2.07,0.0
1022600188,draftkings,2026,Indiana Fever,New York Liberty,2026-07-19T00:00:00+00:00,4,1.5,2.5,2026-07-17T14:55:38+00:00,2026-07-18T21:55:37+00:00,33.07,2.07,1.0
1022600188,fanatics,2026,Indiana Fever,New York Liberty,2026-07-19T00:00:00+00:00,4,1.5,2.0,2026-07-17T14:55:38+00:00,2026-07-18T21:55:37+00:00,33.07,2.07,0.5
1022600188,fanduel,2026,Indiana Fever,New York Liberty,2026-07-19T00:00:00+00:00,4,1.5,2.5,2026-07-17T14:55:38+00:00,2026-07-18T21:55:37+00:00,33.07,2.07,1.0
1022600188,lowvig,2026,Indiana Fever,New York Liberty,2026-07-19T00:00:00+00:00,4,2.0,2.0,2026-07-17T14:55:38+00:00,2026-07-18T21:55:37+00:00,33.07,2.07,0.0
1022600188,mybookieag,2026,Indiana Fever,New York Liberty,2026-07-19T00:00:00+00:00,1,2.0,2.0,2026-07-18T14:55:37+00:00,2026-07-18T14:55:37+00:00,9.07,9.07,0.0
1022600188,williamhill_us,2026,Indiana Fever,New York Liberty,2026-07-19T00:00:00+00:00,4,1.5,2.0,2026-07-17T14:55:38+00:00,2026-07-18T21:55:37+00:00,33.07,2.07,0.5
1022600189,betmgm,2026,Minnesota Lynx,Portland Fire,2026-07-19T00:00:00+00:00,2,-13.5,-12.5,2026-07-18T14:55:37+00:00,2026-07-18T21:55:37+00:00,9.07,2.07,1.0
1022600189,betonlineag,2026,Minnesota Lynx,Portland Fire,2026-07-19T00:00:00+00:00,4,-11.5,-13.0,2026-07-17T14:55:38+00:00,2026-07-18T21:55:37+00:00,33.07,2.07,1.5
1022600189,betrivers,2026,Minnesota Lynx,Portland Fire,2026-07-19T00:00:00+00:00,3,-13.5,-12.5,2026-07-17T21:55:37+00:00,2026-07-18T21:55:37+00:00,26.07,2.07,1.0
1022600189,betus,2026,Minnesota Lynx,Portland Fire,2026-07-19T00:00:00+00:00,2,-13.0,-13.0,2026-07-18T14:55:37+00:00,2026-07-18T21:55:37+00:00,9.07,2.07,0.0
1022600189,bovada,2026,Minnesota Lynx,Portland Fire,2026-07-19T00:00:00+00:00,3,-13.5,-13.0,2026-07-17T21:55:37+00:00,2026-07-18T21:55:37+00:00,26.07,2.07,0.5
1022600189,draftkings,2026,Minnesota Lynx,Portland Fire,2026-07-19T00:00:00+00:00,4,-11.5,-13.5,2026-07-17T14:55:38+00:00,2026-07-18T21:55:37+00:00,33.07,2.07,2.0
1022600189,fanatics,2026,Minnesota Lynx,Portland Fire,2026-07-19T00:00:00+00:00,4,-12.0,-13.0,2026-07-17T14:55:38+00:00,2026-07-18T21:55:37+00:00,33.07,2.07,1.0
1022600189,fanduel,2026,Minnesota Lynx,Portland Fire,2026-07-19T00:00:00+00:00,4,-12.5,-13.5,2026-07-17T14:55:38+00:00,2026-07-18T21:55:37+00:00,33.07,2.07,1.0
1022600189,lowvig,2026,Minnesota Lynx,Portland Fire,2026-07-19T00:00:00+00:00,4,-11.5,-13.0,2026-07-17T14:55:38+00:00,2026-07-18T21:55:37+00:00,33.07,2.07,1.5
1022600189,mybookieag,2026,Minnesota Lynx,Portland Fire,2026-07-19T00:00:00+00:00,2,-13.5,-13.0,2026-07-18T14:55:37+00:00,2026-07-18T21:55:37+00:00,9.07,2.07,0.5
1022600189,williamhill_us,2026,Minnesota Lynx,Portland Fire,2026-07-19T00:00:00+00:00,4,-11.5,-13.0,2026-07-17T14:55:38+00:00,2026-07-18T21:55:37+00:00,33.07,2.07,1.5
1022600190,betmgm,2026,Golden State Valkyries,Washington Mystics,2026-07-19T00:30:00+00:00,2,-9.5,-8.5,2026-07-18T14:55:37+00:00,2026-07-18T21:55:37+00:00,9.57,2.57,1.0
1022600190,betonlineag,2026,Golden State Valkyries,Washington Mystics,2026-07-19T00:30:00+00:00,4,-8.5,-8.5,2026-07-17T14:55:38+00:00,2026-07-18T21:55:37+00:00,33.57,2.57,0.0
1022600190,betrivers,2026,Golden State Valkyries,Washington Mystics,2026-07-19T00:30:00+00:00,3,-8.5,-8.5,2026-07-17T21:55:37+00:00,2026-07-18T21:55:37+00:00,26.57,2.57,0.0
1022600190,betus,2026,Golden State Valkyries,Washington Mystics,2026-07-19T00:30:00+00:00,2,-9.0,-8.5,2026-07-18T14:55:37+00:00,2026-07-18T21:55:37+00:00,9.57,2.57,0.5
1022600190,bovada,2026,Golden State Valkyries,Washington Mystics,2026-07-19T00:30:00+00:00,3,-8.5,-8.5,2026-07-17T21:55:37+00:00,2026-07-18T21:55:37+00:00,26.57,2.57,0.0
1022600190,draftkings,2026,Golden State Valkyries,Washington Mystics,2026-07-19T00:30:00+00:00,4,-8.5,-8.5,2026-07-17T14:55:38+00:00,2026-07-18T21:55:37+00:00,33.57,2.57,0.0
1022600190,fanatics,2026,Golden State Valkyries,Washington Mystics,2026-07-19T00:30:00+00:00,4,-8.5,-8.5,2026-07-17T14:55:38+00:00,2026-07-18T21:55:37+00:00,33.57,2.57,0.0
1022600190,fanduel,2026,Golden State Valkyries,Washington Mystics,2026-07-19T00:30:00+00:00,4,-8.5,-8.5,2026-07-17T14:55:38+00:00,2026-07-18T21:55:37+00:00,33.57,2.57,0.0
1022600190,lowvig,2026,Golden State Valkyries,Washington Mystics,2026-07-19T00:30:00+00:00,4,-8.5,-8.5,2026-07-17T14:55:38+00:00,2026-07-18T21:55:37+00:00,33.57,2.57,0.0
1022600190,mybookieag,2026,Golden State Valkyries,Washington Mystics,2026-07-19T00:30:00+00:00,2,-9.0,-8.5,2026-07-18T14:55:37+00:00,2026-07-18T21:55:37+00:00,9.57,2.57,0.5
1022600190,williamhill_us,2026,Golden State Valkyries,Washington Mystics,2026-07-19T00:30:00+00:00,4,-8.5,-8.5,2026-07-17T14:55:38+00:00,2026-07-18T21:55:37+00:00,33.57,2.57,0.0
1022600191,betmgm,2026,Dallas Wings,Los Angeles Sparks,2026-07-19T17:00:00+00:00,2,-9.5,-10.5,2026-07-18T21:55:37+00:00,2026-07-19T14:55:37+00:00,19.07,2.07,1.0
1022600191,betonlineag,2026,Dallas Wings,Los Angeles Sparks,2026-07-19T17:00:00+00:00,3,-9.5,-10.0,2026-07-18T14:55:37+00:00,2026-07-19T14:55:37+00:00,26.07,2.07,0.5
1022600191,betrivers,2026,Dallas Wings,Los Angeles Sparks,2026-07-19T17:00:00+00:00,3,-9.5,-9.5,2026-07-18T14:55:37+00:00,2026-07-19T14:55:37+00:00,26.07,2.07,0.0
1022600191,betus,2026,Dallas Wings,Los Angeles Sparks,2026-07-19T17:00:00+00:00,1,-9.5,-9.5,2026-07-19T14:55:37+00:00,2026-07-19T14:55:37+00:00,2.07,2.07,0.0
1022600191,bovada,2026,Dallas Wings,Los Angeles Sparks,2026-07-19T17:00:00+00:00,3,-9.5,-9.0,2026-07-18T14:55:37+00:00,2026-07-19T14:55:37+00:00,26.07,2.07,0.5
1022600191,draftkings,2026,Dallas Wings,Los Angeles Sparks,2026-07-19T17:00:00+00:00,3,-9.5,-9.5,2026-07-18T14:55:37+00:00,2026-07-19T14:55:37+00:00,26.07,2.07,0.0
1022600191,fanatics,2026,Dallas Wings,Los Angeles Sparks,2026-07-19T17:00:00+00:00,3,-9.5,-9.5,2026-07-18T14:55:37+00:00,2026-07-19T14:55:37+00:00,26.07,2.07,0.0
1022600191,fanduel,2026,Dallas Wings,Los Angeles Sparks,2026-07-19T17:00:00+00:00,3,-9.5,-9.5,2026-07-18T14:55:37+00:00,2026-07-19T14:55:37+00:00,26.07,2.07,0.0
1022600191,lowvig,2026,Dallas Wings,Los Angeles Sparks,2026-07-19T17:00:00+00:00,3,-9.5,-10.0,2026-07-18T14:55:37+00:00,2026-07-19T14:55:37+00:00,26.07,2.07,0.5
1022600191,mybookieag,2026,Dallas Wings,Los Angeles Sparks,2026-07-19T17:00:00+00:00,1,-10.0,-10.0,2026-07-19T14:55:37+00:00,2026-07-19T14:55:37+00:00,2.07,2.07,0.0
1022600191,williamhill_us,2026,Dallas Wings,Los Angeles Sparks,2026-07-19T17:00:00+00:00,3,-9.5,-10.0,2026-07-18T14:55:37+00:00,2026-07-19T14:55:37+00:00,26.07,2.07,0.5
1022600192,betmgm,2026,Atlanta Dream,Chicago Sky,2026-07-19T20:15:00+00:00,2,-10.5,-11.5,2026-07-18T21:55:37+00:00,2026-07-19T14:55:37+00:00,22.32,5.32,1.0
1022600192,betonlineag,2026,Atlanta Dream,Chicago Sky,2026-07-19T20:15:00+00:00,3,-10.0,-12.0,2026-07-18T14:55:37+00:00,2026-07-19T14:55:37+00:00,29.32,5.32,2.0
1022600192,betrivers,2026,Atlanta Dream,Chicago Sky,2026-07-19T20:15:00+00:00,3,-10.5,-11.5,2026-07-18T14:55:37+00:00,2026-07-19T14:55:37+00:00,29.32,5.32,1.0
1022600192,betus,2026,Atlanta Dream,Chicago Sky,2026-07-19T20:15:00+00:00,1,-11.5,-11.5,2026-07-19T14:55:37+00:00,2026-07-19T14:55:37+00:00,5.32,5.32,0.0
1022600192,bovada,2026,Atlanta Dream,Chicago Sky,2026-07-19T20:15:00+00:00,3,-10.0,-11.5,2026-07-18T14:55:37+00:00,2026-07-19T14:55:37+00:00,29.32,5.32,1.5
1022600192,draftkings,2026,Atlanta Dream,Chicago Sky,2026-07-19T20:15:00+00:00,3,-10.5,-11.5,2026-07-18T14:55:37+00:00,2026-07-19T14:55:37+00:00,29.32,5.32,1.0
1022600192,fanatics,2026,Atlanta Dream,Chicago Sky,2026-07-19T20:15:00+00:00,3,-10.5,-11.5,2026-07-18T14:55:37+00:00,2026-07-19T14:55:37+00:00,29.32,5.32,1.0
1022600192,fanduel,2026,Atlanta Dream,Chicago Sky,2026-07-19T20:15:00+00:00,3,-9.5,-11.5,2026-07-18T14:55:37+00:00,2026-07-19T14:55:37+00:00,29.32,5.32,2.0
1022600192,lowvig,2026,Atlanta Dream,Chicago Sky,2026-07-19T20:15:00+00:00,3,-10.0,-12.0,2026-07-18T14:55:37+00:00,2026-07-19T14:55:37+00:00,29.32,5.32,2.0
1022600192,mybookieag,2026,Atlanta Dream,Chicago Sky,2026-07-19T20:15:00+00:00,1,-11.5,-11.5,2026-07-19T14:55:37+00:00,2026-07-19T14:55:37+00:00,5.32,5.32,0.0
1022600192,williamhill_us,2026,Atlanta Dream,Chicago Sky,2026-07-19T20:15:00+00:00,3,-10.5,-11.5,2026-07-18T14:55:37+00:00,2026-07-19T14:55:37+00:00,29.32,5.32,1.0
1022600193,betmgm,2026,Phoenix Mercury,Connecticut Sun,2026-07-19T23:00:00+00:00,2,-4.5,-4.5,2026-07-19T14:55:37+00:00,2026-07-19T21:55:37+00:00,8.07,1.07,0.0
1022600193,betonlineag,2026,Phoenix Mercury,Connecticut Sun,2026-07-19T23:00:00+00:00,3,-3.5,-4.5,2026-07-18T21:55:37+00:00,2026-07-19T21:55:37+00:00,25.07,1.07,1.0
1022600193,betrivers,2026,Phoenix Mercury,Connecticut Sun,2026-07-19T23:00:00+00:00,3,-4.5,-4.5,2026-07-18T21:55:37+00:00,2026-07-19T21:55:37+00:00,25.07,1.07,0.0
1022600193,betus,2026,Phoenix Mercury,Connecticut Sun,2026-07-19T23:00:00+00:00,2,-4.0,-4.5,2026-07-19T14:55:37+00:00,2026-07-19T21:55:37+00:00,8.07,1.07,0.5
1022600193,bovada,2026,Phoenix Mercury,Connecticut Sun,2026-07-19T23:00:00+00:00,3,-4.0,-4.5,2026-07-18T21:55:37+00:00,2026-07-19T21:55:37+00:00,25.07,1.07,0.5
1022600193,draftkings,2026,Phoenix Mercury,Connecticut Sun,2026-07-19T23:00:00+00:00,2,-4.5,-4.5,2026-07-19T14:55:37+00:00,2026-07-19T21:55:37+00:00,8.07,1.07,0.0
1022600193,fanatics,2026,Phoenix Mercury,Connecticut Sun,2026-07-19T23:00:00+00:00,3,-3.5,-4.5,2026-07-18T21:55:37+00:00,2026-07-19T21:55:37+00:00,25.07,1.07,1.0
1022600193,fanduel,2026,Phoenix Mercury,Connecticut Sun,2026-07-19T23:00:00+00:00,3,-3.5,-4.5,2026-07-18T21:55:37+00:00,2026-07-19T21:55:37+00:00,25.07,1.07,1.0
1022600193,lowvig,2026,Phoenix Mercury,Connecticut Sun,2026-07-19T23:00:00+00:00,3,-3.5,-4.5,2026-07-18T21:55:37+00:00,2026-07-19T21:55:37+00:00,25.07,1.07,1.0
1022600193,mybookieag,2026,Phoenix Mercury,Connecticut Sun,2026-07-19T23:00:00+00:00,3,-4.0,-5.0,2026-07-18T21:55:37+00:00,2026-07-19T21:55:37+00:00,25.07,1.07,1.0
1022600193,williamhill_us,2026,Phoenix Mercury,Connecticut Sun,2026-07-19T23:00:00+00:00,3,-3.5,-4.5,2026-07-18T21:55:37+00:00,2026-07-19T21:55:37+00:00,25.07,1.07,1.0
1022600194,betmgm,2026,Toronto Tempo,Las Vegas Aces,2026-07-21T00:10:00+00:00,3,10.5,10.5,2026-07-19T21:55:37+00:00,2026-07-20T21:55:37+00:00,26.24,2.24,0.0
1022600194,betonlineag,2026,Toronto Tempo,Las Vegas Aces,2026-07-21T00:10:00+00:00,4,10.0,11.0,2026-07-19T14:55:37+00:00,2026-07-20T21:55:37+00:00,33.24,2.24,1.0
1022600194,betrivers,2026,Toronto Tempo,Las Vegas Aces,2026-07-21T00:10:00+00:00,4,10.5,10.5,2026-07-19T14:55:37+00:00,2026-07-20T21:55:37+00:00,33.24,2.24,0.0
1022600194,betus,2026,Toronto Tempo,Las Vegas Aces,2026-07-21T00:10:00+00:00,3,10.5,11.0,2026-07-19T21:55:37+00:00,2026-07-20T21:55:37+00:00,26.24,2.24,0.5
1022600194,bovada,2026,Toronto Tempo,Las Vegas Aces,2026-07-21T00:10:00+00:00,4,10.0,10.5,2026-07-19T14:55:37+00:00,2026-07-20T21:55:37+00:00,33.24,2.24,0.5
1022600194,draftkings,2026,Toronto Tempo,Las Vegas Aces,2026-07-21T00:10:00+00:00,4,10.5,10.5,2026-07-19T14:55:37+00:00,2026-07-20T21:55:37+00:00,33.24,2.24,0.0
1022600194,fanatics,2026,Toronto Tempo,Las Vegas Aces,2026-07-21T00:10:00+00:00,5,10.5,11.0,2026-07-18T21:55:37+00:00,2026-07-20T21:55:37+00:00,50.24,2.24,0.5
1022600194,fanduel,2026,Toronto Tempo,Las Vegas Aces,2026-07-21T00:10:00+00:00,5,10.5,11.5,2026-07-18T21:55:37+00:00,2026-07-20T21:55:37+00:00,50.24,2.24,1.0
1022600194,lowvig,2026,Toronto Tempo,Las Vegas Aces,2026-07-21T00:10:00+00:00,4,10.0,11.0,2026-07-19T14:55:37+00:00,2026-07-20T21:55:37+00:00,33.24,2.24,1.0
1022600194,mybookieag,2026,Toronto Tempo,Las Vegas Aces,2026-07-21T00:10:00+00:00,2,11.0,11.0,2026-07-20T14:55:37+00:00,2026-07-20T21:55:37+00:00,9.24,2.24,0.0
1022600194,williamhill_us,2026,Toronto Tempo,Las Vegas Aces,2026-07-21T00:10:00+00:00,4,10.5,11.0,2026-07-19T14:55:37+00:00,2026-07-20T21:55:37+00:00,33.24,2.24,0.5
1022600195,betmgm,2026,Golden State Valkyries,Washington Mystics,2026-07-21T02:00:00+00:00,3,-7.5,-8.5,2026-07-19T21:55:37+00:00,2026-07-20T21:55:37+00:00,28.07,4.07,1.0
1022600195,betonlineag,2026,Golden State Valkyries,Washington Mystics,2026-07-21T02:00:00+00:00,4,-7.5,-8.5,2026-07-19T14:55:37+00:00,2026-07-20T21:55:37+00:00,35.07,4.07,1.0
1022600195,betrivers,2026,Golden State Valkyries,Washington Mystics,2026-07-21T02:00:00+00:00,4,-7.5,-8.5,2026-07-19T14:55:37+00:00,2026-07-20T21:55:37+00:00,35.07,4.07,1.0
1022600195,betus,2026,Golden State Valkyries,Washington Mystics,2026-07-21T02:00:00+00:00,3,-7.5,-8.5,2026-07-19T21:55:37+00:00,2026-07-20T21:55:37+00:00,28.07,4.07,1.0
1022600195,bovada,2026,Golden State Valkyries,Washington Mystics,2026-07-21T02:00:00+00:00,4,-7.5,-8.5,2026-07-19T14:55:37+00:00,2026-07-20T21:55:37+00:00,35.07,4.07,1.0
1022600195,draftkings,2026,Golden State Valkyries,Washington Mystics,2026-07-21T02:00:00+00:00,4,-7.5,-8.5,2026-07-19T14:55:37+00:00,2026-07-20T21:55:37+00:00,35.07,4.07,1.0
1022600195,fanatics,2026,Golden State Valkyries,Washington Mystics,2026-07-21T02:00:00+00:00,4,-7.5,-8.5,2026-07-19T14:55:37+00:00,2026-07-20T21:55:37+00:00,35.07,4.07,1.0
1022600195,fanduel,2026,Golden State Valkyries,Washington Mystics,2026-07-21T02:00:00+00:00,4,-7.5,-8.5,2026-07-19T14:55:37+00:00,2026-07-20T21:55:37+00:00,35.07,4.07,1.0
1022600195,lowvig,2026,Golden State Valkyries,Washington Mystics,2026-07-21T02:00:00+00:00,4,-7.5,-8.5,2026-07-19T14:55:37+00:00,2026-07-20T21:55:37+00:00,35.07,4.07,1.0
1022600195,mybookieag,2026,Golden State Valkyries,Washington Mystics,2026-07-21T02:00:00+00:00,2,-8.5,-8.5,2026-07-20T14:55:37+00:00,2026-07-20T21:55:37+00:00,11.07,4.07,0.0
1022600195,williamhill_us,2026,Golden State Valkyries,Washington Mystics,2026-07-21T02:00:00+00:00,4,-7.5,-8.5,2026-07-19T14:55:37+00:00,2026-07-20T21:55:37+00:00,35.07,4.07,1.0
1022600196,betmgm,2026,Seattle Storm,Minnesota Lynx,2026-07-21T02:00:00+00:00,3,10.5,9.5,2026-07-19T21:55:37+00:00,2026-07-20T21:55:37+00:00,28.07,4.07,1.0
1022600196,betonlineag,2026,Seattle Storm,Minnesota Lynx,2026-07-21T02:00:00+00:00,4,10.0,9.5,2026-07-19T14:55:37+00:00,2026-07-20T21:55:37+00:00,35.07,4.07,0.5
1022600196,betrivers,2026,Seattle Storm,Minnesota Lynx,2026-07-21T02:00:00+00:00,4,10.5,9.5,2026-07-19T14:55:37+00:00,2026-07-20T21:55:37+00:00,35.07,4.07,1.0
1022600196,betus,2026,Seattle Storm,Minnesota Lynx,2026-07-21T02:00:00+00:00,3,10.0,9.5,2026-07-19T21:55:37+00:00,2026-07-20T21:55:37+00:00,28.07,4.07,0.5
1022600196,bovada,2026,Seattle Storm,Minnesota Lynx,2026-07-21T02:00:00+00:00,4,10.0,9.0,2026-07-19T14:55:37+00:00,2026-07-20T21:55:37+00:00,35.07,4.07,1.0
1022600196,draftkings,2026,Seattle Storm,Minnesota Lynx,2026-07-21T02:00:00+00:00,4,9.5,9.5,2026-07-19T14:55:37+00:00,2026-07-20T21:55:37+00:00,35.07,4.07,0.0
1022600196,fanatics,2026,Seattle Storm,Minnesota Lynx,2026-07-21T02:00:00+00:00,4,10.0,9.5,2026-07-19T14:55:37+00:00,2026-07-20T21:55:37+00:00,35.07,4.07,0.5
1022600196,fanduel,2026,Seattle Storm,Minnesota Lynx,2026-07-21T02:00:00+00:00,4,10.5,9.5,2026-07-19T14:55:37+00:00,2026-07-20T21:55:37+00:00,35.07,4.07,1.0
1022600196,lowvig,2026,Seattle Storm,Minnesota Lynx,2026-07-21T02:00:00+00:00,4,10.0,9.5,2026-07-19T14:55:37+00:00,2026-07-20T21:55:37+00:00,35.07,4.07,0.5
1022600196,mybookieag,2026,Seattle Storm,Minnesota Lynx,2026-07-21T02:00:00+00:00,2,9.5,9.5,2026-07-20T14:55:37+00:00,2026-07-20T21:55:37+00:00,11.07,4.07,0.0
1022600196,williamhill_us,2026,Seattle Storm,Minnesota Lynx,2026-07-21T02:00:00+00:00,4,10.0,9.0,2026-07-19T14:55:37+00:00,2026-07-20T21:55:37+00:00,35.07,4.07,1.0
1022600197,betonlineag,2026,Los Angeles Sparks,Phoenix Mercury,2026-07-22T19:00:00+00:00,3,-1.5,-1.5,2026-07-20T14:55:37+00:00,2026-07-22T14:55:37+00:00,52.07,4.07,0.0
1022600197,betrivers,2026,Los Angeles Sparks,Phoenix Mercury,2026-07-22T19:00:00+00:00,3,-1.5,-1.5,2026-07-20T14:55:37+00:00,2026-07-22T14:55:37+00:00,52.07,4.07,0.0
1022600197,betus,2026,Los Angeles Sparks,Phoenix Mercury,2026-07-22T19:00:00+00:00,1,-2.0,-2.0,2026-07-22T14:55:37+00:00,2026-07-22T14:55:37+00:00,4.07,4.07,0.0
1022600197,bovada,2026,Los Angeles Sparks,Phoenix Mercury,2026-07-22T19:00:00+00:00,3,-1.5,-1.0,2026-07-20T14:55:37+00:00,2026-07-22T14:55:37+00:00,52.07,4.07,0.5
1022600197,draftkings,2026,Los Angeles Sparks,Phoenix Mercury,2026-07-22T19:00:00+00:00,3,-1.5,-1.5,2026-07-20T14:55:37+00:00,2026-07-22T14:55:37+00:00,52.07,4.07,0.0
1022600197,fanatics,2026,Los Angeles Sparks,Phoenix Mercury,2026-07-22T19:00:00+00:00,3,-1.5,-1.5,2026-07-20T14:55:37+00:00,2026-07-22T14:55:37+00:00,52.07,4.07,0.0
1022600197,fanduel,2026,Los Angeles Sparks,Phoenix Mercury,2026-07-22T19:00:00+00:00,3,-1.5,-1.5,2026-07-20T14:55:37+00:00,2026-07-22T14:55:37+00:00,52.07,4.07,0.0
1022600197,lowvig,2026,Los Angeles Sparks,Phoenix Mercury,2026-07-22T19:00:00+00:00,3,-1.5,-1.5,2026-07-20T14:55:37+00:00,2026-07-22T14:55:37+00:00,52.07,4.07,0.0
1022600197,mybookieag,2026,Los Angeles Sparks,Phoenix Mercury,2026-07-22T19:00:00+00:00,1,-1.5,-1.5,2026-07-22T14:55:37+00:00,2026-07-22T14:55:37+00:00,4.07,4.07,0.0
1022600197,williamhill_us,2026,Los Angeles Sparks,Phoenix Mercury,2026-07-22T19:00:00+00:00,3,-1.5,-1.5,2026-07-20T14:55:37+00:00,2026-07-22T14:55:37+00:00,52.07,4.07,0.0
1022600198,betmgm,2026,Seattle Storm,Minnesota Lynx,2026-07-22T19:10:00+00:00,1,10.5,10.5,2026-07-22T14:55:37+00:00,2026-07-22T14:55:37+00:00,4.24,4.24,0.0
1022600198,betonlineag,2026,Seattle Storm,Minnesota Lynx,2026-07-22T19:10:00+00:00,3,9.5,10.5,2026-07-20T14:55:37+00:00,2026-07-22T14:55:37+00:00,52.24,4.24,1.0
1022600198,betrivers,2026,Seattle Storm,Minnesota Lynx,2026-07-22T19:10:00+00:00,3,9.5,10.5,2026-07-20T14:55:37+00:00,2026-07-22T14:55:37+00:00,52.24,4.24,1.0
1022600198,betus,2026,Seattle Storm,Minnesota Lynx,2026-07-22T19:10:00+00:00,1,10.0,10.0,2026-07-22T14:55:37+00:00,2026-07-22T14:55:37+00:00,4.24,4.24,0.0
1022600198,bovada,2026,Seattle Storm,Minnesota Lynx,2026-07-22T19:10:00+00:00,3,9.5,10.0,2026-07-20T14:55:37+00:00,2026-07-22T14:55:37+00:00,52.24,4.24,0.5
1022600198,draftkings,2026,Seattle Storm,Minnesota Lynx,2026-07-22T19:10:00+00:00,3,9.5,10.5,2026-07-20T14:55:37+00:00,2026-07-22T14:55:37+00:00,52.24,4.24,1.0
1022600198,fanatics,2026,Seattle Storm,Minnesota Lynx,2026-07-22T19:10:00+00:00,3,9.5,10.5,2026-07-20T14:55:37+00:00,2026-07-22T14:55:37+00:00,52.24,4.24,1.0
1022600198,fanduel,2026,Seattle Storm,Minnesota Lynx,2026-07-22T19:10:00+00:00,1,10.5,10.5,2026-07-22T14:55:37+00:00,2026-07-22T14:55:37+00:00,4.24,4.24,0.0
1022600198,lowvig,2026,Seattle Storm,Minnesota Lynx,2026-07-22T19:10:00+00:00,3,9.5,10.5,2026-07-20T14:55:37+00:00,2026-07-22T14:55:37+00:00,52.24,4.24,1.0
1022600198,mybookieag,2026,Seattle Storm,Minnesota Lynx,2026-07-22T19:10:00+00:00,1,10.5,10.5,2026-07-22T14:55:37+00:00,2026-07-22T14:55:37+00:00,4.24,4.24,0.0
1022600198,williamhill_us,2026,Seattle Storm,Minnesota Lynx,2026-07-22T19:10:00+00:00,3,9.5,10.5,2026-07-20T14:55:37+00:00,2026-07-22T14:55:37+00:00,52.24,4.24,1.0
1022600199,betmgm,2026,New York Liberty,Chicago Sky,2026-07-22T23:00:00+00:00,2,-7.5,-7.5,2026-07-22T14:55:37+00:00,2026-07-22T21:55:37+00:00,8.07,1.07,0.0
1022600199,betonlineag,2026,New York Liberty,Chicago Sky,2026-07-22T23:00:00+00:00,4,-10.0,-8.0,2026-07-20T14:55:37+00:00,2026-07-22T21:55:37+00:00,56.07,1.07,2.0
1022600199,betrivers,2026,New York Liberty,Chicago Sky,2026-07-22T23:00:00+00:00,4,-11.5,-7.5,2026-07-20T14:55:37+00:00,2026-07-22T21:55:37+00:00,56.07,1.07,4.0
1022600199,betus,2026,New York Liberty,Chicago Sky,2026-07-22T23:00:00+00:00,2,-7.0,-8.0,2026-07-22T14:55:37+00:00,2026-07-22T21:55:37+00:00,8.07,1.07,1.0
1022600199,bovada,2026,New York Liberty,Chicago Sky,2026-07-22T23:00:00+00:00,4,-10.0,-8.0,2026-07-20T14:55:37+00:00,2026-07-22T21:55:37+00:00,56.07,1.07,2.0
1022600199,draftkings,2026,New York Liberty,Chicago Sky,2026-07-22T23:00:00+00:00,4,-10.5,-7.5,2026-07-20T14:55:37+00:00,2026-07-22T21:55:37+00:00,56.07,1.07,3.0
1022600199,fanatics,2026,New York Liberty,Chicago Sky,2026-07-22T23:00:00+00:00,4,-10.5,-7.5,2026-07-20T14:55:37+00:00,2026-07-22T21:55:37+00:00,56.07,1.07,3.0
1022600199,fanduel,2026,New York Liberty,Chicago Sky,2026-07-22T23:00:00+00:00,4,-10.5,-7.5,2026-07-20T14:55:37+00:00,2026-07-22T21:55:37+00:00,56.07,1.07,3.0
1022600199,lowvig,2026,New York Liberty,Chicago Sky,2026-07-22T23:00:00+00:00,4,-10.0,-8.0,2026-07-20T14:55:37+00:00,2026-07-22T21:55:37+00:00,56.07,1.07,2.0
1022600199,mybookieag,2026,New York Liberty,Chicago Sky,2026-07-22T23:00:00+00:00,2,-7.5,-8.0,2026-07-22T14:55:37+00:00,2026-07-22T21:55:37+00:00,8.07,1.07,0.5
1022600199,williamhill_us,2026,New York Liberty,Chicago Sky,2026-07-22T23:00:00+00:00,4,-10.5,-7.5,2026-07-20T14:55:37+00:00,2026-07-22T21:55:37+00:00,56.07,1.07,3.0
1022600200,betmgm,2026,Washington Mystics,Las Vegas Aces,2026-07-22T23:30:00+00:00,2,6.5,6.5,2026-07-22T14:55:37+00:00,2026-07-22T21:55:37+00:00,8.57,1.57,0.0
1022600200,betonlineag,2026,Washington Mystics,Las Vegas Aces,2026-07-22T23:30:00+00:00,4,5.5,6.5,2026-07-20T14:55:37+00:00,2026-07-22T21:55:37+00:00,56.57,1.57,1.0
1022600200,betrivers,2026,Washington Mystics,Las Vegas Aces,2026-07-22T23:30:00+00:00,4,5.5,5.5,2026-07-20T14:55:37+00:00,2026-07-22T21:55:37+00:00,56.57,1.57,0.0
1022600200,betus,2026,Washington Mystics,Las Vegas Aces,2026-07-22T23:30:00+00:00,2,6.5,6.5,2026-07-22T14:55:37+00:00,2026-07-22T21:55:37+00:00,8.57,1.57,0.0
1022600200,bovada,2026,Washington Mystics,Las Vegas Aces,2026-07-22T23:30:00+00:00,4,5.5,5.5,2026-07-20T14:55:37+00:00,2026-07-22T21:55:37+00:00,56.57,1.57,0.0
1022600200,draftkings,2026,Washington Mystics,Las Vegas Aces,2026-07-22T23:30:00+00:00,4,5.5,6.5,2026-07-20T14:55:37+00:00,2026-07-22T21:55:37+00:00,56.57,1.57,1.0
1022600200,fanatics,2026,Washington Mystics,Las Vegas Aces,2026-07-22T23:30:00+00:00,4,5.5,6.0,2026-07-20T14:55:37+00:00,2026-07-22T21:55:37+00:00,56.57,1.57,0.5
1022600200,fanduel,2026,Washington Mystics,Las Vegas Aces,2026-07-22T23:30:00+00:00,4,5.5,6.5,2026-07-20T14:55:37+00:00,2026-07-22T21:55:37+00:00,56.57,1.57,1.0
1022600200,lowvig,2026,Washington Mystics,Las Vegas Aces,2026-07-22T23:30:00+00:00,4,5.5,6.5,2026-07-20T14:55:37+00:00,2026-07-22T21:55:37+00:00,56.57,1.57,1.0
1022600200,mybookieag,2026,Washington Mystics,Las Vegas Aces,2026-07-22T23:30:00+00:00,2,6.5,6.0,2026-07-22T14:55:37+00:00,2026-07-22T21:55:37+00:00,8.57,1.57,0.5
1022600200,williamhill_us,2026,Washington Mystics,Las Vegas Aces,2026-07-22T23:30:00+00:00,4,5.5,6.5,2026-07-20T14:55:37+00:00,2026-07-22T21:55:37+00:00,56.57,1.57,1.0
1022600201,betmgm,2026,Indiana Fever,Connecticut Sun,2026-07-23T00:00:00+00:00,2,-10.5,-9.5,2026-07-22T14:55:37+00:00,2026-07-22T21:55:37+00:00,9.07,2.07,1.0
1022600201,betonlineag,2026,Indiana Fever,Connecticut Sun,2026-07-23T00:00:00+00:00,4,-10.5,-10.0,2026-07-20T14:55:37+00:00,2026-07-22T21:55:37+00:00,57.07,2.07,0.5
1022600201,betrivers,2026,Indiana Fever,Connecticut Sun,2026-07-23T00:00:00+00:00,4,-10.5,-9.5,2026-07-20T14:55:37+00:00,2026-07-22T21:55:37+00:00,57.07,2.07,1.0
1022600201,betus,2026,Indiana Fever,Connecticut Sun,2026-07-23T00:00:00+00:00,2,-9.5,-9.5,2026-07-22T14:55:37+00:00,2026-07-22T21:55:37+00:00,9.07,2.07,0.0
1022600201,bovada,2026,Indiana Fever,Connecticut Sun,2026-07-23T00:00:00+00:00,4,-10.5,-9.5,2026-07-20T14:55:37+00:00,2026-07-22T21:55:37+00:00,57.07,2.07,1.0
1022600201,draftkings,2026,Indiana Fever,Connecticut Sun,2026-07-23T00:00:00+00:00,4,-9.5,-9.5,2026-07-20T14:55:37+00:00,2026-07-22T21:55:37+00:00,57.07,2.07,0.0
1022600201,fanatics,2026,Indiana Fever,Connecticut Sun,2026-07-23T00:00:00+00:00,4,-10.5,-9.5,2026-07-20T14:55:37+00:00,2026-07-22T21:55:37+00:00,57.07,2.07,1.0
1022600201,fanduel,2026,Indiana Fever,Connecticut Sun,2026-07-23T00:00:00+00:00,4,-10.5,-10.5,2026-07-20T14:55:37+00:00,2026-07-22T21:55:37+00:00,57.07,2.07,0.0
1022600201,lowvig,2026,Indiana Fever,Connecticut Sun,2026-07-23T00:00:00+00:00,4,-10.5,-9.5,2026-07-20T14:55:37+00:00,2026-07-22T21:55:37+00:00,57.07,2.07,1.0
1022600201,mybookieag,2026,Indiana Fever,Connecticut Sun,2026-07-23T00:00:00+00:00,2,-10.0,-10.0,2026-07-22T14:55:37+00:00,2026-07-22T21:55:37+00:00,9.07,2.07,0.0
1022600201,williamhill_us,2026,Indiana Fever,Connecticut Sun,2026-07-23T00:00:00+00:00,4,-10.5,-10.0,2026-07-20T14:55:37+00:00,2026-07-22T21:55:37+00:00,57.07,2.07,0.5
1022600202,betmgm,2026,Portland Fire,Dallas Wings,2026-07-23T02:00:00+00:00,2,5.5,5.5,2026-07-22T14:55:37+00:00,2026-07-22T21:55:37+00:00,11.07,4.07,0.0
1022600202,betonlineag,2026,Portland Fire,Dallas Wings,2026-07-23T02:00:00+00:00,2,5.5,6.0,2026-07-22T14:55:37+00:00,2026-07-22T21:55:37+00:00,11.07,4.07,0.5
1022600202,betrivers,2026,Portland Fire,Dallas Wings,2026-07-23T02:00:00+00:00,2,4.5,5.5,2026-07-22T14:55:37+00:00,2026-07-22T21:55:37+00:00,11.07,4.07,1.0
1022600202,betus,2026,Portland Fire,Dallas Wings,2026-07-23T02:00:00+00:00,2,5.5,6.0,2026-07-22T14:55:37+00:00,2026-07-22T21:55:37+00:00,11.07,4.07,0.5
1022600202,bovada,2026,Portland Fire,Dallas Wings,2026-07-23T02:00:00+00:00,2,5.5,6.5,2026-07-22T14:55:37+00:00,2026-07-22T21:55:37+00:00,11.07,4.07,1.0
1022600202,draftkings,2026,Portland Fire,Dallas Wings,2026-07-23T02:00:00+00:00,2,5.5,6.5,2026-07-22T14:55:37+00:00,2026-07-22T21:55:37+00:00,11.07,4.07,1.0
1022600202,fanatics,2026,Portland Fire,Dallas Wings,2026-07-23T02:00:00+00:00,2,5.5,6.0,2026-07-22T14:55:37+00:00,2026-07-22T21:55:37+00:00,11.07,4.07,0.5
1022600202,fanduel,2026,Portland Fire,Dallas Wings,2026-07-23T02:00:00+00:00,2,5.5,5.5,2026-07-22T14:55:37+00:00,2026-07-22T21:55:37+00:00,11.07,4.07,0.0
1022600202,lowvig,2026,Portland Fire,Dallas Wings,2026-07-23T02:00:00+00:00,2,5.5,6.0,2026-07-22T14:55:37+00:00,2026-07-22T21:55:37+00:00,11.07,4.07,0.5
1022600202,mybookieag,2026,Portland Fire,Dallas Wings,2026-07-23T02:00:00+00:00,2,5.5,6.0,2026-07-22T14:55:37+00:00,2026-07-22T21:55:37+00:00,11.07,4.07,0.5
1022600202,williamhill_us,2026,Portland Fire,Dallas Wings,2026-07-23T02:00:00+00:00,2,5.0,6.0,2026-07-22T14:55:37+00:00,2026-07-22T21:55:37+00:00,11.07,4.07,1.0
1022600203,betmgm,2026,Washington Mystics,Connecticut Sun,2026-07-28T23:30:00+00:00,2,-6.5,-6.5,2026-07-28T14:55:38+00:00,2026-07-28T21:55:38+00:00,8.57,1.57,0.0
1022600203,betonlineag,2026,Washington Mystics,Connecticut Sun,2026-07-28T23:30:00+00:00,2,-6.5,-6.0,2026-07-28T14:55:38+00:00,2026-07-28T21:55:38+00:00,8.57,1.57,0.5
1022600203,betrivers,2026,Washington Mystics,Connecticut Sun,2026-07-28T23:30:00+00:00,2,-6.5,-6.5,2026-07-28T14:55:38+00:00,2026-07-28T21:55:38+00:00,8.57,1.57,0.0
1022600203,betus,2026,Washington Mystics,Connecticut Sun,2026-07-28T23:30:00+00:00,2,-6.5,-6.0,2026-07-28T14:55:38+00:00,2026-07-28T21:55:38+00:00,8.57,1.57,0.5
1022600203,bovada,2026,Washington Mystics,Connecticut Sun,2026-07-28T23:30:00+00:00,2,-6.0,-6.0,2026-07-28T14:55:38+00:00,2026-07-28T21:55:38+00:00,8.57,1.57,0.0
1022600203,draftkings,2026,Washington Mystics,Connecticut Sun,2026-07-28T23:30:00+00:00,2,-6.5,-6.5,2026-07-28T14:55:38+00:00,2026-07-28T21:55:38+00:00,8.57,1.57,0.0
1022600203,fanatics,2026,Washington Mystics,Connecticut Sun,2026-07-28T23:30:00+00:00,2,-6.5,-6.0,2026-07-28T14:55:38+00:00,2026-07-28T21:55:38+00:00,8.57,1.57,0.5
1022600203,fanduel,2026,Washington Mystics,Connecticut Sun,2026-07-28T23:30:00+00:00,2,-6.5,-6.5,2026-07-28T14:55:38+00:00,2026-07-28T21:55:38+00:00,8.57,1.57,0.0
1022600203,lowvig,2026,Washington Mystics,Connecticut Sun,2026-07-28T23:30:00+00:00,2,-6.5,-6.0,2026-07-28T14:55:38+00:00,2026-07-28T21:55:38+00:00,8.57,1.57,0.5
1022600203,mybookieag,2026,Washington Mystics,Connecticut Sun,2026-07-28T23:30:00+00:00,2,-6.5,-6.5,2026-07-28T14:55:38+00:00,2026-07-28T21:55:38+00:00,8.57,1.57,0.0
1022600203,williamhill_us,2026,Washington Mystics,Connecticut Sun,2026-07-28T23:30:00+00:00,2,-6.5,-6.0,2026-07-28T14:55:38+00:00,2026-07-28T21:55:38+00:00,8.57,1.57,0.5
1022600204,betmgm,2026,Minnesota Lynx,Toronto Tempo,2026-07-29T00:00:00+00:00,2,-14.5,-16.5,2026-07-28T14:55:38+00:00,2026-07-28T21:55:38+00:00,9.07,2.07,2.0
1022600204,betonlineag,2026,Minnesota Lynx,Toronto Tempo,2026-07-29T00:00:00+00:00,2,-15.0,-16.0,2026-07-28T14:55:38+00:00,2026-07-28T21:55:38+00:00,9.07,2.07,1.0
1022600204,betrivers,2026,Minnesota Lynx,Toronto Tempo,2026-07-29T00:00:00+00:00,2,-14.5,-15.5,2026-07-28T14:55:38+00:00,2026-07-28T21:55:38+00:00,9.07,2.07,1.0
1022600204,betus,2026,Minnesota Lynx,Toronto Tempo,2026-07-29T00:00:00+00:00,2,-15.0,-16.0,2026-07-28T14:55:38+00:00,2026-07-28T21:55:38+00:00,9.07,2.07,1.0
1022600204,bovada,2026,Minnesota Lynx,Toronto Tempo,2026-07-29T00:00:00+00:00,2,-14.5,-16.0,2026-07-28T14:55:38+00:00,2026-07-28T21:55:38+00:00,9.07,2.07,1.5
1022600204,draftkings,2026,Minnesota Lynx,Toronto Tempo,2026-07-29T00:00:00+00:00,2,-14.5,-16.5,2026-07-28T14:55:38+00:00,2026-07-28T21:55:38+00:00,9.07,2.07,2.0
1022600204,fanatics,2026,Minnesota Lynx,Toronto Tempo,2026-07-29T00:00:00+00:00,2,-15.0,-16.5,2026-07-28T14:55:38+00:00,2026-07-28T21:55:38+00:00,9.07,2.07,1.5
1022600204,fanduel,2026,Minnesota Lynx,Toronto Tempo,2026-07-29T00:00:00+00:00,2,-15.5,-16.5,2026-07-28T14:55:38+00:00,2026-07-28T21:55:38+00:00,9.07,2.07,1.0
1022600204,lowvig,2026,Minnesota Lynx,Toronto Tempo,2026-07-29T00:00:00+00:00,2,-15.0,-16.0,2026-07-28T14:55:38+00:00,2026-07-28T21:55:38+00:00,9.07,2.07,1.0
1022600204,mybookieag,2026,Minnesota Lynx,Toronto Tempo,2026-07-29T00:00:00+00:00,2,-15.0,-16.0,2026-07-28T14:55:38+00:00,2026-07-28T21:55:38+00:00,9.07,2.07,1.0
1022600204,williamhill_us,2026,Minnesota Lynx,Toronto Tempo,2026-07-29T00:00:00+00:00,2,-15.0,-16.0,2026-07-28T14:55:38+00:00,2026-07-28T21:55:38+00:00,9.07,2.07,1.0
1022600205,betmgm,2026,Seattle Storm,Indiana Fever,2026-07-29T01:30:00+00:00,2,9.5,8.5,2026-07-28T14:55:38+00:00,2026-07-28T21:55:38+00:00,10.57,3.57,1.0
1022600205,betonlineag,2026,Seattle Storm,Indiana Fever,2026-07-29T01:30:00+00:00,2,9.5,8.5,2026-07-28T14:55:38+00:00,2026-07-28T21:55:38+00:00,10.57,3.57,1.0
1022600205,betrivers,2026,Seattle Storm,Indiana Fever,2026-07-29T01:30:00+00:00,2,9.5,8.5,2026-07-28T14:55:38+00:00,2026-07-28T21:55:38+00:00,10.57,3.57,1.0
1022600205,betus,2026,Seattle Storm,Indiana Fever,2026-07-29T01:30:00+00:00,2,9.0,8.5,2026-07-28T14:55:38+00:00,2026-07-28T21:55:38+00:00,10.57,3.57,0.5
1022600205,bovada,2026,Seattle Storm,Indiana Fever,2026-07-29T01:30:00+00:00,2,8.5,8.0,2026-07-28T14:55:38+00:00,2026-07-28T21:55:38+00:00,10.57,3.57,0.5
1022600205,draftkings,2026,Seattle Storm,Indiana Fever,2026-07-29T01:30:00+00:00,2,9.5,8.5,2026-07-28T14:55:38+00:00,2026-07-28T21:55:38+00:00,10.57,3.57,1.0
1022600205,fanatics,2026,Seattle Storm,Indiana Fever,2026-07-29T01:30:00+00:00,2,9.5,8.5,2026-07-28T14:55:38+00:00,2026-07-28T21:55:38+00:00,10.57,3.57,1.0
1022600205,fanduel,2026,Seattle Storm,Indiana Fever,2026-07-29T01:30:00+00:00,2,9.5,8.5,2026-07-28T14:55:38+00:00,2026-07-28T21:55:38+00:00,10.57,3.57,1.0
1022600205,lowvig,2026,Seattle Storm,Indiana Fever,2026-07-29T01:30:00+00:00,2,9.5,8.5,2026-07-28T14:55:38+00:00,2026-07-28T21:55:38+00:00,10.57,3.57,1.0
1022600205,mybookieag,2026,Seattle Storm,Indiana Fever,2026-07-29T01:30:00+00:00,2,9.0,8.5,2026-07-28T14:55:38+00:00,2026-07-28T21:55:38+00:00,10.57,3.57,0.5
1022600205,williamhill_us,2026,Seattle Storm,Indiana Fever,2026-07-29T01:30:00+00:00,2,9.5,8.5,2026-07-28T14:55:38+00:00,2026-07-28T21:55:38+00:00,10.57,3.57,1.0
1022600206,betmgm,2026,Las Vegas Aces,Portland Fire,2026-07-29T02:00:00+00:00,2,-11.5,-12.5,2026-07-28T14:55:38+00:00,2026-07-28T21:55:38+00:00,11.07,4.07,1.0
1022600206,betonlineag,2026,Las Vegas Aces,Portland Fire,2026-07-29T02:00:00+00:00,2,-12.0,-12.5,2026-07-28T14:55:38+00:00,2026-07-28T21:55:38+00:00,11.07,4.07,0.5
1022600206,betrivers,2026,Las Vegas Aces,Portland Fire,2026-07-29T02:00:00+00:00,2,-11.5,-12.5,2026-07-28T14:55:38+00:00,2026-07-28T21:55:38+00:00,11.07,4.07,1.0
1022600206,betus,2026,Las Vegas Aces,Portland Fire,2026-07-29T02:00:00+00:00,2,-12.0,-12.5,2026-07-28T14:55:38+00:00,2026-07-28T21:55:38+00:00,11.07,4.07,0.5
1022600206,bovada,2026,Las Vegas Aces,Portland Fire,2026-07-29T02:00:00+00:00,2,-11.5,-12.5,2026-07-28T14:55:38+00:00,2026-07-28T21:55:38+00:00,11.07,4.07,1.0
1022600206,draftkings,2026,Las Vegas Aces,Portland Fire,2026-07-29T02:00:00+00:00,2,-11.5,-12.5,2026-07-28T14:55:38+00:00,2026-07-28T21:55:38+00:00,11.07,4.07,1.0
1022600206,fanatics,2026,Las Vegas Aces,Portland Fire,2026-07-29T02:00:00+00:00,2,-11.5,-12.5,2026-07-28T14:55:38+00:00,2026-07-28T21:55:38+00:00,11.07,4.07,1.0
1022600206,fanduel,2026,Las Vegas Aces,Portland Fire,2026-07-29T02:00:00+00:00,2,-11.5,-12.5,2026-07-28T14:55:38+00:00,2026-07-28T21:55:38+00:00,11.07,4.07,1.0
1022600206,lowvig,2026,Las Vegas Aces,Portland Fire,2026-07-29T02:00:00+00:00,2,-12.0,-12.5,2026-07-28T14:55:38+00:00,2026-07-28T21:55:38+00:00,11.07,4.07,0.5
1022600206,mybookieag,2026,Las Vegas Aces,Portland Fire,2026-07-29T02:00:00+00:00,2,-11.5,-12.5,2026-07-28T14:55:38+00:00,2026-07-28T21:55:38+00:00,11.07,4.07,1.0
1022600206,williamhill_us,2026,Las Vegas Aces,Portland Fire,2026-07-29T02:00:00+00:00,2,-12.0,-12.5,2026-07-28T14:55:38+00:00,2026-07-28T21:55:38+00:00,11.07,4.07,0.5
1022600207,betmgm,2026,Los Angeles Sparks,New York Liberty,2026-07-29T02:00:00+00:00,2,4.5,5.5,2026-07-28T14:55:38+00:00,2026-07-28T21:55:38+00:00,11.07,4.07,1.0
1022600207,betonlineag,2026,Los Angeles Sparks,New York Liberty,2026-07-29T02:00:00+00:00,2,5.0,5.0,2026-07-28T14:55:38+00:00,2026-07-28T21:55:38+00:00,11.07,4.07,0.0
1022600207,betrivers,2026,Los Angeles Sparks,New York Liberty,2026-07-29T02:00:00+00:00,2,4.5,4.5,2026-07-28T14:55:38+00:00,2026-07-28T21:55:38+00:00,11.07,4.07,0.0
1022600207,betus,2026,Los Angeles Sparks,New York Liberty,2026-07-29T02:00:00+00:00,2,5.0,5.0,2026-07-28T14:55:38+00:00,2026-07-28T21:55:38+00:00,11.07,4.07,0.0
1022600207,bovada,2026,Los Angeles Sparks,New York Liberty,2026-07-29T02:00:00+00:00,2,4.5,5.0,2026-07-28T14:55:38+00:00,2026-07-28T21:55:38+00:00,11.07,4.07,0.5
1022600207,draftkings,2026,Los Angeles Sparks,New York Liberty,2026-07-29T02:00:00+00:00,2,4.5,5.5,2026-07-28T14:55:38+00:00,2026-07-28T21:55:38+00:00,11.07,4.07,1.0
1022600207,fanatics,2026,Los Angeles Sparks,New York Liberty,2026-07-29T02:00:00+00:00,2,5.5,5.5,2026-07-28T14:55:38+00:00,2026-07-28T21:55:38+00:00,11.07,4.07,0.0
1022600207,fanduel,2026,Los Angeles Sparks,New York Liberty,2026-07-29T02:00:00+00:00,2,5.5,4.5,2026-07-28T14:55:38+00:00,2026-07-28T21:55:38+00:00,11.07,4.07,1.0
1022600207,lowvig,2026,Los Angeles Sparks,New York Liberty,2026-07-29T02:00:00+00:00,2,5.0,5.0,2026-07-28T14:55:38+00:00,2026-07-28T21:55:38+00:00,11.07,4.07,0.0
1022600207,mybookieag,2026,Los Angeles Sparks,New York Liberty,2026-07-29T02:00:00+00:00,2,5.0,5.0,2026-07-28T14:55:38+00:00,2026-07-28T21:55:38+00:00,11.07,4.07,0.0
1022600207,williamhill_us,2026,Los Angeles Sparks,New York Liberty,2026-07-29T02:00:00+00:00,2,5.5,5.0,2026-07-28T14:55:38+00:00,2026-07-28T21:55:38+00:00,11.07,4.07,0.5
1022600208,betmgm,2026,Dallas Wings,Atlanta Dream,2026-07-30T00:00:00+00:00,4,-1.5,1.5,2026-07-28T14:55:38+00:00,2026-07-29T21:55:37+00:00,33.07,2.07,3.0
1022600208,betonlineag,2026,Dallas Wings,Atlanta Dream,2026-07-30T00:00:00+00:00,4,-1.5,1.5,2026-07-28T14:55:38+00:00,2026-07-29T21:55:37+00:00,33.07,2.07,3.0
1022600208,betrivers,2026,Dallas Wings,Atlanta Dream,2026-07-30T00:00:00+00:00,4,-1.5,1.5,2026-07-28T14:55:38+00:00,2026-07-29T21:55:37+00:00,33.07,2.07,3.0
1022600208,betus,2026,Dallas Wings,Atlanta Dream,2026-07-30T00:00:00+00:00,4,-1.5,2.0,2026-07-28T14:55:38+00:00,2026-07-29T21:55:37+00:00,33.07,2.07,3.5
1022600208,bovada,2026,Dallas Wings,Atlanta Dream,2026-07-30T00:00:00+00:00,4,-1.5,2.5,2026-07-28T14:55:38+00:00,2026-07-29T21:55:37+00:00,33.07,2.07,4.0
1022600208,draftkings,2026,Dallas Wings,Atlanta Dream,2026-07-30T00:00:00+00:00,4,-1.5,1.5,2026-07-28T14:55:38+00:00,2026-07-29T21:55:37+00:00,33.07,2.07,3.0
1022600208,fanatics,2026,Dallas Wings,Atlanta Dream,2026-07-30T00:00:00+00:00,4,-1.5,1.5,2026-07-28T14:55:38+00:00,2026-07-29T21:55:37+00:00,33.07,2.07,3.0
1022600208,fanduel,2026,Dallas Wings,Atlanta Dream,2026-07-30T00:00:00+00:00,4,-1.5,1.5,2026-07-28T14:55:38+00:00,2026-07-29T21:55:37+00:00,33.07,2.07,3.0
1022600208,lowvig,2026,Dallas Wings,Atlanta Dream,2026-07-30T00:00:00+00:00,4,-1.5,1.5,2026-07-28T14:55:38+00:00,2026-07-29T21:55:37+00:00,33.07,2.07,3.0
1022600208,mybookieag,2026,Dallas Wings,Atlanta Dream,2026-07-30T00:00:00+00:00,4,-1.5,2.0,2026-07-28T14:55:38+00:00,2026-07-29T21:55:37+00:00,33.07,2.07,3.5
1022600208,williamhill_us,2026,Dallas Wings,Atlanta Dream,2026-07-30T00:00:00+00:00,4,-1.5,1.5,2026-07-28T14:55:38+00:00,2026-07-29T21:55:37+00:00,33.07,2.07,3.0
1022600209,betmgm,2026,Phoenix Mercury,Golden State Valkyries,2026-07-30T02:00:00+00:00,4,5.5,3.5,2026-07-28T14:55:38+00:00,2026-07-29T21:55:37+00:00,35.07,4.07,2.0
1022600209,betonlineag,2026,Phoenix Mercury,Golden State Valkyries,2026-07-30T02:00:00+00:00,4,5.5,4.0,2026-07-28T14:55:38+00:00,2026-07-29T21:55:37+00:00,35.07,4.07,1.5
1022600209,betrivers,2026,Phoenix Mercury,Golden State Valkyries,2026-07-30T02:00:00+00:00,4,5.5,3.5,2026-07-28T14:55:38+00:00,2026-07-29T21:55:37+00:00,35.07,4.07,2.0
1022600209,betus,2026,Phoenix Mercury,Golden State Valkyries,2026-07-30T02:00:00+00:00,4,5.5,4.0,2026-07-28T14:55:38+00:00,2026-07-29T21:55:37+00:00,35.07,4.07,1.5
1022600209,bovada,2026,Phoenix Mercury,Golden State Valkyries,2026-07-30T02:00:00+00:00,4,5.5,4.0,2026-07-28T14:55:38+00:00,2026-07-29T21:55:37+00:00,35.07,4.07,1.5
1022600209,draftkings,2026,Phoenix Mercury,Golden State Valkyries,2026-07-30T02:00:00+00:00,4,5.5,3.5,2026-07-28T14:55:38+00:00,2026-07-29T21:55:37+00:00,35.07,4.07,2.0
1022600209,fanatics,2026,Phoenix Mercury,Golden State Valkyries,2026-07-30T02:00:00+00:00,4,5.5,4.0,2026-07-28T14:55:38+00:00,2026-07-29T21:55:37+00:00,35.07,4.07,1.5
1022600209,fanduel,2026,Phoenix Mercury,Golden State Valkyries,2026-07-30T02:00:00+00:00,4,5.5,3.5,2026-07-28T14:55:38+00:00,2026-07-29T21:55:37+00:00,35.07,4.07,2.0
1022600209,lowvig,2026,Phoenix Mercury,Golden State Valkyries,2026-07-30T02:00:00+00:00,4,5.5,4.0,2026-07-28T14:55:38+00:00,2026-07-29T21:55:37+00:00,35.07,4.07,1.5
1022600209,mybookieag,2026,Phoenix Mercury,Golden State Valkyries,2026-07-30T02:00:00+00:00,4,5.5,4.0,2026-07-28T14:55:38+00:00,2026-07-29T21:55:37+00:00,35.07,4.07,1.5
1022600209,williamhill_us,2026,Phoenix Mercury,Golden State Valkyries,2026-07-30T02:00:00+00:00,4,5.5,4.0,2026-07-28T14:55:38+00:00,2026-07-29T21:55:37+00:00,35.07,4.07,1.5
1042500101,betmgm,2025,Minnesota Lynx,Golden State Valkyries,2025-09-14T17:00:00+00:00,1,-12.5,-12.5,2025-09-14T14:55:38+00:00,2025-09-14T14:55:38+00:00,2.07,2.07,0.0
1042500101,betonlineag,2025,Minnesota Lynx,Golden State Valkyries,2025-09-14T17:00:00+00:00,1,-12.0,-12.0,2025-09-14T14:55:38+00:00,2025-09-14T14:55:38+00:00,2.07,2.07,0.0
1042500101,betrivers,2025,Minnesota Lynx,Golden State Valkyries,2025-09-14T17:00:00+00:00,1,-13.0,-13.0,2025-09-14T14:55:38+00:00,2025-09-14T14:55:38+00:00,2.07,2.07,0.0
1042500101,betus,2025,Minnesota Lynx,Golden State Valkyries,2025-09-14T17:00:00+00:00,1,-13.0,-13.0,2025-09-14T14:55:38+00:00,2025-09-14T14:55:38+00:00,2.07,2.07,0.0
1042500101,bovada,2025,Minnesota Lynx,Golden State Valkyries,2025-09-14T17:00:00+00:00,1,-13.0,-13.0,2025-09-14T14:55:38+00:00,2025-09-14T14:55:38+00:00,2.07,2.07,0.0
1042500101,draftkings,2025,Minnesota Lynx,Golden State Valkyries,2025-09-14T17:00:00+00:00,1,-13.0,-13.0,2025-09-14T14:55:38+00:00,2025-09-14T14:55:38+00:00,2.07,2.07,0.0
1042500101,fanatics,2025,Minnesota Lynx,Golden State Valkyries,2025-09-14T17:00:00+00:00,1,-13.5,-13.5,2025-09-14T14:55:38+00:00,2025-09-14T14:55:38+00:00,2.07,2.07,0.0
1042500101,fanduel,2025,Minnesota Lynx,Golden State Valkyries,2025-09-14T17:00:00+00:00,1,-13.0,-13.0,2025-09-14T14:55:38+00:00,2025-09-14T14:55:38+00:00,2.07,2.07,0.0
1042500101,lowvig,2025,Minnesota Lynx,Golden State Valkyries,2025-09-14T17:00:00+00:00,1,-12.0,-12.0,2025-09-14T14:55:38+00:00,2025-09-14T14:55:38+00:00,2.07,2.07,0.0
1042500101,mybookieag,2025,Minnesota Lynx,Golden State Valkyries,2025-09-14T17:00:00+00:00,1,-13.0,-13.0,2025-09-14T14:55:38+00:00,2025-09-14T14:55:38+00:00,2.07,2.07,0.0
1042500101,williamhill_us,2025,Minnesota Lynx,Golden State Valkyries,2025-09-14T17:00:00+00:00,1,-13.0,-13.0,2025-09-14T14:55:38+00:00,2025-09-14T14:55:38+00:00,2.07,2.07,0.0
1042500102,betmgm,2025,Golden State Valkyries,Minnesota Lynx,2025-09-18T02:00:00+00:00,5,9.5,10.5,2025-09-14T21:55:38+00:00,2025-09-17T21:55:39+00:00,76.07,4.07,1.0
1042500102,betonlineag,2025,Golden State Valkyries,Minnesota Lynx,2025-09-18T02:00:00+00:00,4,10.5,10.5,2025-09-16T14:55:39+00:00,2025-09-17T21:55:39+00:00,35.07,4.07,0.0
1042500102,betrivers,2025,Golden State Valkyries,Minnesota Lynx,2025-09-18T02:00:00+00:00,5,9.5,10.5,2025-09-14T21:55:38+00:00,2025-09-17T21:55:39+00:00,76.07,4.07,1.0
1042500102,betus,2025,Golden State Valkyries,Minnesota Lynx,2025-09-18T02:00:00+00:00,4,10.5,10.5,2025-09-16T14:55:39+00:00,2025-09-17T21:55:39+00:00,35.07,4.07,0.0
1042500102,bovada,2025,Golden State Valkyries,Minnesota Lynx,2025-09-18T02:00:00+00:00,4,10.5,10.5,2025-09-16T14:55:39+00:00,2025-09-17T21:55:39+00:00,35.07,4.07,0.0
1042500102,draftkings,2025,Golden State Valkyries,Minnesota Lynx,2025-09-18T02:00:00+00:00,5,9.5,10.5,2025-09-14T21:55:38+00:00,2025-09-17T21:55:39+00:00,76.07,4.07,1.0
1042500102,fanatics,2025,Golden State Valkyries,Minnesota Lynx,2025-09-18T02:00:00+00:00,5,9.5,10.5,2025-09-14T21:55:38+00:00,2025-09-17T21:55:39+00:00,76.07,4.07,1.0
1042500102,fanduel,2025,Golden State Valkyries,Minnesota Lynx,2025-09-18T02:00:00+00:00,5,10.0,10.0,2025-09-14T21:55:38+00:00,2025-09-17T21:55:39+00:00,76.07,4.07,0.0
1042500102,lowvig,2025,Golden State Valkyries,Minnesota Lynx,2025-09-18T02:00:00+00:00,4,10.5,10.5,2025-09-16T14:55:39+00:00,2025-09-17T21:55:39+00:00,35.07,4.07,0.0
1042500102,mybookieag,2025,Golden State Valkyries,Minnesota Lynx,2025-09-18T02:00:00+00:00,4,10.5,10.5,2025-09-16T14:55:39+00:00,2025-09-17T21:55:39+00:00,35.07,4.07,0.0
1042500102,williamhill_us,2025,Golden State Valkyries,Minnesota Lynx,2025-09-18T02:00:00+00:00,4,10.5,10.5,2025-09-16T14:55:39+00:00,2025-09-17T21:55:39+00:00,35.07,4.07,0.0
1042500111,betmgm,2025,Las Vegas Aces,Seattle Storm,2025-09-15T02:00:00+00:00,2,-5.5,-5.5,2025-09-14T14:55:38+00:00,2025-09-14T21:55:38+00:00,11.07,4.07,0.0
1042500111,betonlineag,2025,Las Vegas Aces,Seattle Storm,2025-09-15T02:00:00+00:00,2,-5.5,-5.5,2025-09-14T14:55:38+00:00,2025-09-14T21:55:38+00:00,11.07,4.07,0.0
1042500111,betrivers,2025,Las Vegas Aces,Seattle Storm,2025-09-15T02:00:00+00:00,2,-6.0,-6.0,2025-09-14T14:55:38+00:00,2025-09-14T21:55:38+00:00,11.07,4.07,0.0
1042500111,betus,2025,Las Vegas Aces,Seattle Storm,2025-09-15T02:00:00+00:00,2,-6.0,-6.0,2025-09-14T14:55:38+00:00,2025-09-14T21:55:38+00:00,11.07,4.07,0.0
1042500111,bovada,2025,Las Vegas Aces,Seattle Storm,2025-09-15T02:00:00+00:00,2,-5.5,-5.5,2025-09-14T14:55:38+00:00,2025-09-14T21:55:38+00:00,11.07,4.07,0.0
1042500111,draftkings,2025,Las Vegas Aces,Seattle Storm,2025-09-15T02:00:00+00:00,2,-5.5,-5.5,2025-09-14T14:55:38+00:00,2025-09-14T21:55:38+00:00,11.07,4.07,0.0
1042500111,fanatics,2025,Las Vegas Aces,Seattle Storm,2025-09-15T02:00:00+00:00,2,-5.5,-5.5,2025-09-14T14:55:38+00:00,2025-09-14T21:55:38+00:00,11.07,4.07,0.0
1042500111,fanduel,2025,Las Vegas Aces,Seattle Storm,2025-09-15T02:00:00+00:00,2,-5.5,-5.5,2025-09-14T14:55:38+00:00,2025-09-14T21:55:38+00:00,11.07,4.07,0.0
1042500111,lowvig,2025,Las Vegas Aces,Seattle Storm,2025-09-15T02:00:00+00:00,2,-5.5,-5.5,2025-09-14T14:55:38+00:00,2025-09-14T21:55:38+00:00,11.07,4.07,0.0
1042500111,mybookieag,2025,Las Vegas Aces,Seattle Storm,2025-09-15T02:00:00+00:00,2,-5.5,-5.5,2025-09-14T14:55:38+00:00,2025-09-14T21:55:38+00:00,11.07,4.07,0.0
1042500111,williamhill_us,2025,Las Vegas Aces,Seattle Storm,2025-09-15T02:00:00+00:00,2,-5.5,-6.0,2025-09-14T14:55:38+00:00,2025-09-14T21:55:38+00:00,11.07,4.07,0.5
1042500112,betmgm,2025,Seattle Storm,Las Vegas Aces,2025-09-17T01:30:00+00:00,2,5.5,4.5,2025-09-16T14:55:39+00:00,2025-09-16T21:55:39+00:00,10.57,3.57,1.0
1042500112,betonlineag,2025,Seattle Storm,Las Vegas Aces,2025-09-17T01:30:00+00:00,2,5.5,4.5,2025-09-16T14:55:39+00:00,2025-09-16T21:55:39+00:00,10.57,3.57,1.0
1042500112,betrivers,2025,Seattle Storm,Las Vegas Aces,2025-09-17T01:30:00+00:00,2,5.5,5.0,2025-09-16T14:55:39+00:00,2025-09-16T21:55:39+00:00,10.57,3.57,0.5
1042500112,betus,2025,Seattle Storm,Las Vegas Aces,2025-09-17T01:30:00+00:00,2,5.5,4.5,2025-09-16T14:55:39+00:00,2025-09-16T21:55:39+00:00,10.57,3.57,1.0
1042500112,bovada,2025,Seattle Storm,Las Vegas Aces,2025-09-17T01:30:00+00:00,2,5.5,4.5,2025-09-16T14:55:39+00:00,2025-09-16T21:55:39+00:00,10.57,3.57,1.0
1042500112,draftkings,2025,Seattle Storm,Las Vegas Aces,2025-09-17T01:30:00+00:00,2,5.5,4.5,2025-09-16T14:55:39+00:00,2025-09-16T21:55:39+00:00,10.57,3.57,1.0
1042500112,fanatics,2025,Seattle Storm,Las Vegas Aces,2025-09-17T01:30:00+00:00,2,5.5,4.5,2025-09-16T14:55:39+00:00,2025-09-16T21:55:39+00:00,10.57,3.57,1.0
1042500112,fanduel,2025,Seattle Storm,Las Vegas Aces,2025-09-17T01:30:00+00:00,2,5.0,4.5,2025-09-16T14:55:39+00:00,2025-09-16T21:55:39+00:00,10.57,3.57,0.5
1042500112,lowvig,2025,Seattle Storm,Las Vegas Aces,2025-09-17T01:30:00+00:00,2,5.5,4.5,2025-09-16T14:55:39+00:00,2025-09-16T21:55:39+00:00,10.57,3.57,1.0
1042500112,mybookieag,2025,Seattle Storm,Las Vegas Aces,2025-09-17T01:30:00+00:00,2,5.5,5.0,2025-09-16T14:55:39+00:00,2025-09-16T21:55:39+00:00,10.57,3.57,0.5
1042500112,williamhill_us,2025,Seattle Storm,Las Vegas Aces,2025-09-17T01:30:00+00:00,2,5.0,4.5,2025-09-16T14:55:39+00:00,2025-09-16T21:55:39+00:00,10.57,3.57,0.5
1042500113,betmgm,2025,Las Vegas Aces,Seattle Storm,2025-09-19T01:30:00+00:00,4,-8.5,-8.5,2025-09-17T14:55:39+00:00,2025-09-18T21:55:39+00:00,34.57,3.57,0.0
1042500113,betonlineag,2025,Las Vegas Aces,Seattle Storm,2025-09-19T01:30:00+00:00,4,-7.5,-8.5,2025-09-17T14:55:39+00:00,2025-09-18T21:55:39+00:00,34.57,3.57,1.0
1042500113,betrivers,2025,Las Vegas Aces,Seattle Storm,2025-09-19T01:30:00+00:00,4,-8.0,-8.5,2025-09-17T14:55:39+00:00,2025-09-18T21:55:39+00:00,34.57,3.57,0.5
1042500113,betus,2025,Las Vegas Aces,Seattle Storm,2025-09-19T01:30:00+00:00,4,-7.5,-8.5,2025-09-17T14:55:39+00:00,2025-09-18T21:55:39+00:00,34.57,3.57,1.0
1042500113,bovada,2025,Las Vegas Aces,Seattle Storm,2025-09-19T01:30:00+00:00,4,-7.5,-8.0,2025-09-17T14:55:39+00:00,2025-09-18T21:55:39+00:00,34.57,3.57,0.5
1042500113,draftkings,2025,Las Vegas Aces,Seattle Storm,2025-09-19T01:30:00+00:00,4,-7.5,-8.5,2025-09-17T14:55:39+00:00,2025-09-18T21:55:39+00:00,34.57,3.57,1.0
1042500113,fanatics,2025,Las Vegas Aces,Seattle Storm,2025-09-19T01:30:00+00:00,4,-7.5,-8.5,2025-09-17T14:55:39+00:00,2025-09-18T21:55:39+00:00,34.57,3.57,1.0
1042500113,fanduel,2025,Las Vegas Aces,Seattle Storm,2025-09-19T01:30:00+00:00,4,-7.5,-8.5,2025-09-17T14:55:39+00:00,2025-09-18T21:55:39+00:00,34.57,3.57,1.0
1042500113,lowvig,2025,Las Vegas Aces,Seattle Storm,2025-09-19T01:30:00+00:00,4,-7.5,-8.5,2025-09-17T14:55:39+00:00,2025-09-18T21:55:39+00:00,34.57,3.57,1.0
1042500113,mybookieag,2025,Las Vegas Aces,Seattle Storm,2025-09-19T01:30:00+00:00,4,-8.0,-8.0,2025-09-17T14:55:39+00:00,2025-09-18T21:55:39+00:00,34.57,3.57,0.0
1042500113,williamhill_us,2025,Las Vegas Aces,Seattle Storm,2025-09-19T01:30:00+00:00,4,-7.5,-8.5,2025-09-17T14:55:39+00:00,2025-09-18T21:55:39+00:00,34.57,3.57,1.0
1042500121,betmgm,2025,Atlanta Dream,Indiana Fever,2025-09-14T19:00:00+00:00,1,-7.5,-7.5,2025-09-14T14:55:38+00:00,2025-09-14T14:55:38+00:00,4.07,4.07,0.0
1042500121,betonlineag,2025,Atlanta Dream,Indiana Fever,2025-09-14T19:00:00+00:00,1,-7.5,-7.5,2025-09-14T14:55:38+00:00,2025-09-14T14:55:38+00:00,4.07,4.07,0.0
1042500121,betrivers,2025,Atlanta Dream,Indiana Fever,2025-09-14T19:00:00+00:00,1,-7.5,-7.5,2025-09-14T14:55:38+00:00,2025-09-14T14:55:38+00:00,4.07,4.07,0.0
1042500121,betus,2025,Atlanta Dream,Indiana Fever,2025-09-14T19:00:00+00:00,1,-7.5,-7.5,2025-09-14T14:55:38+00:00,2025-09-14T14:55:38+00:00,4.07,4.07,0.0
1042500121,bovada,2025,Atlanta Dream,Indiana Fever,2025-09-14T19:00:00+00:00,1,-8.0,-8.0,2025-09-14T14:55:38+00:00,2025-09-14T14:55:38+00:00,4.07,4.07,0.0
1042500121,draftkings,2025,Atlanta Dream,Indiana Fever,2025-09-14T19:00:00+00:00,1,-7.5,-7.5,2025-09-14T14:55:38+00:00,2025-09-14T14:55:38+00:00,4.07,4.07,0.0
1042500121,fanatics,2025,Atlanta Dream,Indiana Fever,2025-09-14T19:00:00+00:00,1,-7.5,-7.5,2025-09-14T14:55:38+00:00,2025-09-14T14:55:38+00:00,4.07,4.07,0.0
1042500121,fanduel,2025,Atlanta Dream,Indiana Fever,2025-09-14T19:00:00+00:00,1,-7.5,-7.5,2025-09-14T14:55:38+00:00,2025-09-14T14:55:38+00:00,4.07,4.07,0.0
1042500121,lowvig,2025,Atlanta Dream,Indiana Fever,2025-09-14T19:00:00+00:00,1,-7.5,-7.5,2025-09-14T14:55:38+00:00,2025-09-14T14:55:38+00:00,4.07,4.07,0.0
1042500121,mybookieag,2025,Atlanta Dream,Indiana Fever,2025-09-14T19:00:00+00:00,1,-7.5,-7.5,2025-09-14T14:55:38+00:00,2025-09-14T14:55:38+00:00,4.07,4.07,0.0
1042500121,williamhill_us,2025,Atlanta Dream,Indiana Fever,2025-09-14T19:00:00+00:00,1,-7.5,-7.5,2025-09-14T14:55:38+00:00,2025-09-14T14:55:38+00:00,4.07,4.07,0.0
1042500122,betmgm,2025,Indiana Fever,Atlanta Dream,2025-09-16T23:30:00+00:00,3,3.5,4.5,2025-09-14T21:55:38+00:00,2025-09-16T21:55:39+00:00,49.57,1.57,1.0
1042500122,betonlineag,2025,Indiana Fever,Atlanta Dream,2025-09-16T23:30:00+00:00,2,4.0,3.5,2025-09-16T14:55:39+00:00,2025-09-16T21:55:39+00:00,8.57,1.57,0.5
1042500122,betrivers,2025,Indiana Fever,Atlanta Dream,2025-09-16T23:30:00+00:00,2,4.0,4.0,2025-09-16T14:55:39+00:00,2025-09-16T21:55:39+00:00,8.57,1.57,0.0
1042500122,betus,2025,Indiana Fever,Atlanta Dream,2025-09-16T23:30:00+00:00,2,4.0,4.0,2025-09-16T14:55:39+00:00,2025-09-16T21:55:39+00:00,8.57,1.57,0.0
1042500122,bovada,2025,Indiana Fever,Atlanta Dream,2025-09-16T23:30:00+00:00,2,4.0,4.0,2025-09-16T14:55:39+00:00,2025-09-16T21:55:39+00:00,8.57,1.57,0.0
1042500122,draftkings,2025,Indiana Fever,Atlanta Dream,2025-09-16T23:30:00+00:00,3,4.0,4.5,2025-09-14T21:55:38+00:00,2025-09-16T21:55:39+00:00,49.57,1.57,0.5
1042500122,fanatics,2025,Indiana Fever,Atlanta Dream,2025-09-16T23:30:00+00:00,3,3.5,4.5,2025-09-14T21:55:38+00:00,2025-09-16T21:55:39+00:00,49.57,1.57,1.0
1042500122,fanduel,2025,Indiana Fever,Atlanta Dream,2025-09-16T23:30:00+00:00,3,4.0,4.0,2025-09-14T21:55:38+00:00,2025-09-16T21:55:39+00:00,49.57,1.57,0.0
1042500122,lowvig,2025,Indiana Fever,Atlanta Dream,2025-09-16T23:30:00+00:00,2,4.0,3.5,2025-09-16T14:55:39+00:00,2025-09-16T21:55:39+00:00,8.57,1.57,0.5
1042500122,mybookieag,2025,Indiana Fever,Atlanta Dream,2025-09-16T23:30:00+00:00,3,4.0,4.0,2025-09-14T21:55:38+00:00,2025-09-16T21:55:39+00:00,49.57,1.57,0.0
1042500122,williamhill_us,2025,Indiana Fever,Atlanta Dream,2025-09-16T23:30:00+00:00,3,4.0,4.0,2025-09-14T21:55:38+00:00,2025-09-16T21:55:39+00:00,49.57,1.57,0.0
1042500123,betmgm,2025,Atlanta Dream,Indiana Fever,2025-09-18T23:30:00+00:00,4,-7.5,-7.5,2025-09-17T14:55:39+00:00,2025-09-18T21:55:39+00:00,32.57,1.57,0.0
1042500123,betonlineag,2025,Atlanta Dream,Indiana Fever,2025-09-18T23:30:00+00:00,4,-7.5,-7.0,2025-09-17T14:55:39+00:00,2025-09-18T21:55:39+00:00,32.57,1.57,0.5
1042500123,betrivers,2025,Atlanta Dream,Indiana Fever,2025-09-18T23:30:00+00:00,4,-7.0,-7.5,2025-09-17T14:55:39+00:00,2025-09-18T21:55:39+00:00,32.57,1.57,0.5
1042500123,betus,2025,Atlanta Dream,Indiana Fever,2025-09-18T23:30:00+00:00,4,-7.5,-7.5,2025-09-17T14:55:39+00:00,2025-09-18T21:55:39+00:00,32.57,1.57,0.0
1042500123,bovada,2025,Atlanta Dream,Indiana Fever,2025-09-18T23:30:00+00:00,4,-7.0,-8.0,2025-09-17T14:55:39+00:00,2025-09-18T21:55:39+00:00,32.57,1.57,1.0
1042500123,draftkings,2025,Atlanta Dream,Indiana Fever,2025-09-18T23:30:00+00:00,4,-7.5,-7.5,2025-09-17T14:55:39+00:00,2025-09-18T21:55:39+00:00,32.57,1.57,0.0
1042500123,fanatics,2025,Atlanta Dream,Indiana Fever,2025-09-18T23:30:00+00:00,4,-7.5,-7.5,2025-09-17T14:55:39+00:00,2025-09-18T21:55:39+00:00,32.57,1.57,0.0
1042500123,fanduel,2025,Atlanta Dream,Indiana Fever,2025-09-18T23:30:00+00:00,4,-7.5,-7.0,2025-09-17T14:55:39+00:00,2025-09-18T21:55:39+00:00,32.57,1.57,0.5
1042500123,lowvig,2025,Atlanta Dream,Indiana Fever,2025-09-18T23:30:00+00:00,4,-7.5,-7.0,2025-09-17T14:55:39+00:00,2025-09-18T21:55:39+00:00,32.57,1.57,0.5
1042500123,mybookieag,2025,Atlanta Dream,Indiana Fever,2025-09-18T23:30:00+00:00,4,-7.5,-7.5,2025-09-17T14:55:39+00:00,2025-09-18T21:55:39+00:00,32.57,1.57,0.0
1042500123,williamhill_us,2025,Atlanta Dream,Indiana Fever,2025-09-18T23:30:00+00:00,4,-7.0,-7.5,2025-09-17T14:55:39+00:00,2025-09-18T21:55:39+00:00,32.57,1.57,0.5
1042500131,betmgm,2025,Phoenix Mercury,New York Liberty,2025-09-14T21:03:05+00:00,2,2.5,2.5,2025-09-11T21:55:39+00:00,2025-09-14T14:55:38+00:00,71.12,6.12,0.0
1042500131,betonlineag,2025,Phoenix Mercury,New York Liberty,2025-09-14T21:03:05+00:00,1,1.5,1.5,2025-09-14T14:55:38+00:00,2025-09-14T14:55:38+00:00,6.12,6.12,0.0
1042500131,betrivers,2025,Phoenix Mercury,New York Liberty,2025-09-14T21:03:05+00:00,1,1.5,1.5,2025-09-14T14:55:38+00:00,2025-09-14T14:55:38+00:00,6.12,6.12,0.0
1042500131,betus,2025,Phoenix Mercury,New York Liberty,2025-09-14T21:03:05+00:00,1,2.0,2.0,2025-09-14T14:55:38+00:00,2025-09-14T14:55:38+00:00,6.12,6.12,0.0
1042500131,bovada,2025,Phoenix Mercury,New York Liberty,2025-09-14T21:03:05+00:00,4,2.0,2.5,2025-09-10T21:55:39+00:00,2025-09-14T14:55:38+00:00,95.12,6.12,0.5
1042500131,draftkings,2025,Phoenix Mercury,New York Liberty,2025-09-14T21:03:05+00:00,5,2.0,2.0,2025-09-10T14:55:39+00:00,2025-09-14T14:55:38+00:00,102.12,6.12,0.0
1042500131,fanatics,2025,Phoenix Mercury,New York Liberty,2025-09-14T21:03:05+00:00,4,2.5,2.5,2025-09-10T21:55:39+00:00,2025-09-14T14:55:38+00:00,95.12,6.12,0.0
1042500131,fanduel,2025,Phoenix Mercury,New York Liberty,2025-09-14T21:03:05+00:00,5,2.5,2.0,2025-09-10T14:55:39+00:00,2025-09-14T14:55:38+00:00,102.12,6.12,0.5
1042500131,lowvig,2025,Phoenix Mercury,New York Liberty,2025-09-14T21:03:05+00:00,1,1.5,1.5,2025-09-14T14:55:38+00:00,2025-09-14T14:55:38+00:00,6.12,6.12,0.0
1042500131,mybookieag,2025,Phoenix Mercury,New York Liberty,2025-09-14T21:03:05+00:00,1,2.0,2.0,2025-09-14T14:55:38+00:00,2025-09-14T14:55:38+00:00,6.12,6.12,0.0
1042500131,williamhill_us,2025,Phoenix Mercury,New York Liberty,2025-09-14T21:03:05+00:00,3,2.5,1.5,2025-09-11T14:55:40+00:00,2025-09-14T14:55:38+00:00,78.12,6.12,1.0
1042500132,betmgm,2025,New York Liberty,Phoenix Mercury,2025-09-18T00:00:00+00:00,4,-2.5,-4.5,2025-09-16T14:55:39+00:00,2025-09-17T21:55:39+00:00,33.07,2.07,2.0
1042500132,betonlineag,2025,New York Liberty,Phoenix Mercury,2025-09-18T00:00:00+00:00,4,-2.0,-4.5,2025-09-16T14:55:39+00:00,2025-09-17T21:55:39+00:00,33.07,2.07,2.5
1042500132,betrivers,2025,New York Liberty,Phoenix Mercury,2025-09-18T00:00:00+00:00,4,-2.5,-4.5,2025-09-16T14:55:39+00:00,2025-09-17T21:55:39+00:00,33.07,2.07,2.0
1042500132,betus,2025,New York Liberty,Phoenix Mercury,2025-09-18T00:00:00+00:00,4,-2.0,-4.5,2025-09-16T14:55:39+00:00,2025-09-17T21:55:39+00:00,33.07,2.07,2.5
1042500132,bovada,2025,New York Liberty,Phoenix Mercury,2025-09-18T00:00:00+00:00,4,-2.5,-4.5,2025-09-16T14:55:39+00:00,2025-09-17T21:55:39+00:00,33.07,2.07,2.0
1042500132,draftkings,2025,New York Liberty,Phoenix Mercury,2025-09-18T00:00:00+00:00,4,-2.0,-5.0,2025-09-16T14:55:39+00:00,2025-09-17T21:55:39+00:00,33.07,2.07,3.0
1042500132,fanatics,2025,New York Liberty,Phoenix Mercury,2025-09-18T00:00:00+00:00,4,-2.5,-4.5,2025-09-16T14:55:39+00:00,2025-09-17T21:55:39+00:00,33.07,2.07,2.0
1042500132,fanduel,2025,New York Liberty,Phoenix Mercury,2025-09-18T00:00:00+00:00,4,-2.0,-4.5,2025-09-16T14:55:39+00:00,2025-09-17T21:55:39+00:00,33.07,2.07,2.5
1042500132,lowvig,2025,New York Liberty,Phoenix Mercury,2025-09-18T00:00:00+00:00,4,-2.0,-4.5,2025-09-16T14:55:39+00:00,2025-09-17T21:55:39+00:00,33.07,2.07,2.5
1042500132,mybookieag,2025,New York Liberty,Phoenix Mercury,2025-09-18T00:00:00+00:00,4,-2.0,-4.5,2025-09-16T14:55:39+00:00,2025-09-17T21:55:39+00:00,33.07,2.07,2.5
1042500132,williamhill_us,2025,New York Liberty,Phoenix Mercury,2025-09-18T00:00:00+00:00,4,-2.0,-4.5,2025-09-16T14:55:39+00:00,2025-09-17T21:55:39+00:00,33.07,2.07,2.5
1042500133,betmgm,2025,Phoenix Mercury,New York Liberty,2025-09-20T01:00:00+00:00,4,-2.5,-2.5,2025-09-18T14:55:39+00:00,2025-09-19T21:55:40+00:00,34.07,3.07,0.0
1042500133,betonlineag,2025,Phoenix Mercury,New York Liberty,2025-09-20T01:00:00+00:00,4,-2.0,-3.0,2025-09-18T14:55:39+00:00,2025-09-19T21:55:40+00:00,34.07,3.07,1.0
1042500133,betrivers,2025,Phoenix Mercury,New York Liberty,2025-09-20T01:00:00+00:00,4,-2.5,-2.5,2025-09-18T14:55:39+00:00,2025-09-19T21:55:40+00:00,34.07,3.07,0.0
1042500133,betus,2025,Phoenix Mercury,New York Liberty,2025-09-20T01:00:00+00:00,4,-2.0,-3.0,2025-09-18T14:55:39+00:00,2025-09-19T21:55:40+00:00,34.07,3.07,1.0
1042500133,bovada,2025,Phoenix Mercury,New York Liberty,2025-09-20T01:00:00+00:00,4,-2.0,-2.0,2025-09-18T14:55:39+00:00,2025-09-19T21:55:40+00:00,34.07,3.07,0.0
1042500133,draftkings,2025,Phoenix Mercury,New York Liberty,2025-09-20T01:00:00+00:00,4,-2.0,-3.0,2025-09-18T14:55:39+00:00,2025-09-19T21:55:40+00:00,34.07,3.07,1.0
1042500133,fanatics,2025,Phoenix Mercury,New York Liberty,2025-09-20T01:00:00+00:00,4,-1.5,-2.5,2025-09-18T14:55:39+00:00,2025-09-19T21:55:40+00:00,34.07,3.07,1.0
1042500133,fanduel,2025,Phoenix Mercury,New York Liberty,2025-09-20T01:00:00+00:00,4,-2.5,-2.5,2025-09-18T14:55:39+00:00,2025-09-19T21:55:40+00:00,34.07,3.07,0.0
1042500133,lowvig,2025,Phoenix Mercury,New York Liberty,2025-09-20T01:00:00+00:00,4,-2.0,-3.0,2025-09-18T14:55:39+00:00,2025-09-19T21:55:40+00:00,34.07,3.07,1.0
1042500133,mybookieag,2025,Phoenix Mercury,New York Liberty,2025-09-20T01:00:00+00:00,4,-2.0,-3.0,2025-09-18T14:55:39+00:00,2025-09-19T21:55:40+00:00,34.07,3.07,1.0
1042500133,williamhill_us,2025,Phoenix Mercury,New York Liberty,2025-09-20T01:00:00+00:00,4,-2.0,-3.0,2025-09-18T14:55:39+00:00,2025-09-19T21:55:40+00:00,34.07,3.07,1.0
1042500201,betmgm,2025,Minnesota Lynx,Phoenix Mercury,2025-09-21T21:02:54+00:00,1,-7.5,-7.5,2025-09-21T14:55:38+00:00,2025-09-21T14:55:38+00:00,6.12,6.12,0.0
1042500201,betonlineag,2025,Minnesota Lynx,Phoenix Mercury,2025-09-21T21:02:54+00:00,1,-8.0,-8.0,2025-09-21T14:55:38+00:00,2025-09-21T14:55:38+00:00,6.12,6.12,0.0
1042500201,betrivers,2025,Minnesota Lynx,Phoenix Mercury,2025-09-21T21:02:54+00:00,1,-8.0,-8.0,2025-09-21T14:55:38+00:00,2025-09-21T14:55:38+00:00,6.12,6.12,0.0
1042500201,betus,2025,Minnesota Lynx,Phoenix Mercury,2025-09-21T21:02:54+00:00,1,-8.0,-8.0,2025-09-21T14:55:38+00:00,2025-09-21T14:55:38+00:00,6.12,6.12,0.0
1042500201,bovada,2025,Minnesota Lynx,Phoenix Mercury,2025-09-21T21:02:54+00:00,1,-8.0,-8.0,2025-09-21T14:55:38+00:00,2025-09-21T14:55:38+00:00,6.12,6.12,0.0
1042500201,draftkings,2025,Minnesota Lynx,Phoenix Mercury,2025-09-21T21:02:54+00:00,1,-8.0,-8.0,2025-09-21T14:55:38+00:00,2025-09-21T14:55:38+00:00,6.12,6.12,0.0
1042500201,fanatics,2025,Minnesota Lynx,Phoenix Mercury,2025-09-21T21:02:54+00:00,1,-7.5,-7.5,2025-09-21T14:55:38+00:00,2025-09-21T14:55:38+00:00,6.12,6.12,0.0
1042500201,fanduel,2025,Minnesota Lynx,Phoenix Mercury,2025-09-21T21:02:54+00:00,1,-7.5,-7.5,2025-09-21T14:55:38+00:00,2025-09-21T14:55:38+00:00,6.12,6.12,0.0
1042500201,lowvig,2025,Minnesota Lynx,Phoenix Mercury,2025-09-21T21:02:54+00:00,1,-8.0,-8.0,2025-09-21T14:55:38+00:00,2025-09-21T14:55:38+00:00,6.12,6.12,0.0
1042500201,mybookieag,2025,Minnesota Lynx,Phoenix Mercury,2025-09-21T21:02:54+00:00,1,-8.0,-8.0,2025-09-21T14:55:38+00:00,2025-09-21T14:55:38+00:00,6.12,6.12,0.0
1042500201,williamhill_us,2025,Minnesota Lynx,Phoenix Mercury,2025-09-21T21:02:54+00:00,1,-8.0,-8.0,2025-09-21T14:55:38+00:00,2025-09-21T14:55:38+00:00,6.12,6.12,0.0
1042500202,betmgm,2025,Minnesota Lynx,Phoenix Mercury,2025-09-23T23:30:00+00:00,2,-7.5,-7.5,2025-09-23T14:55:40+00:00,2025-09-23T21:55:39+00:00,8.57,1.57,0.0
1042500202,betonlineag,2025,Minnesota Lynx,Phoenix Mercury,2025-09-23T23:30:00+00:00,2,-7.5,-7.5,2025-09-23T14:55:40+00:00,2025-09-23T21:55:39+00:00,8.57,1.57,0.0
1042500202,betrivers,2025,Minnesota Lynx,Phoenix Mercury,2025-09-23T23:30:00+00:00,2,-7.0,-7.0,2025-09-23T14:55:40+00:00,2025-09-23T21:55:39+00:00,8.57,1.57,0.0
1042500202,betus,2025,Minnesota Lynx,Phoenix Mercury,2025-09-23T23:30:00+00:00,2,-7.5,-7.5,2025-09-23T14:55:40+00:00,2025-09-23T21:55:39+00:00,8.57,1.57,0.0
1042500202,bovada,2025,Minnesota Lynx,Phoenix Mercury,2025-09-23T23:30:00+00:00,2,-8.0,-8.0,2025-09-23T14:55:40+00:00,2025-09-23T21:55:39+00:00,8.57,1.57,0.0
1042500202,draftkings,2025,Minnesota Lynx,Phoenix Mercury,2025-09-23T23:30:00+00:00,2,-7.5,-7.0,2025-09-23T14:55:40+00:00,2025-09-23T21:55:39+00:00,8.57,1.57,0.5
1042500202,fanatics,2025,Minnesota Lynx,Phoenix Mercury,2025-09-23T23:30:00+00:00,2,-7.5,-7.5,2025-09-23T14:55:40+00:00,2025-09-23T21:55:39+00:00,8.57,1.57,0.0
1042500202,fanduel,2025,Minnesota Lynx,Phoenix Mercury,2025-09-23T23:30:00+00:00,2,-7.0,-7.0,2025-09-23T14:55:40+00:00,2025-09-23T21:55:39+00:00,8.57,1.57,0.0
1042500202,lowvig,2025,Minnesota Lynx,Phoenix Mercury,2025-09-23T23:30:00+00:00,2,-7.5,-7.5,2025-09-23T14:55:40+00:00,2025-09-23T21:55:39+00:00,8.57,1.57,0.0
1042500202,mybookieag,2025,Minnesota Lynx,Phoenix Mercury,2025-09-23T23:30:00+00:00,2,-7.0,-7.0,2025-09-23T14:55:40+00:00,2025-09-23T21:55:39+00:00,8.57,1.57,0.0
1042500202,williamhill_us,2025,Minnesota Lynx,Phoenix Mercury,2025-09-23T23:30:00+00:00,2,-7.0,-7.0,2025-09-23T14:55:40+00:00,2025-09-23T21:55:39+00:00,8.57,1.57,0.0
1042500203,betmgm,2025,Phoenix Mercury,Minnesota Lynx,2025-09-27T01:30:00+00:00,2,4.5,4.5,2025-09-26T14:55:40+00:00,2025-09-26T21:55:40+00:00,10.57,3.57,0.0
1042500203,betonlineag,2025,Phoenix Mercury,Minnesota Lynx,2025-09-27T01:30:00+00:00,2,3.5,3.5,2025-09-26T14:55:40+00:00,2025-09-26T21:55:40+00:00,10.57,3.57,0.0
1042500203,betrivers,2025,Phoenix Mercury,Minnesota Lynx,2025-09-27T01:30:00+00:00,2,3.5,4.0,2025-09-26T14:55:40+00:00,2025-09-26T21:55:40+00:00,10.57,3.57,0.5
1042500203,betus,2025,Phoenix Mercury,Minnesota Lynx,2025-09-27T01:30:00+00:00,2,4.0,4.0,2025-09-26T14:55:40+00:00,2025-09-26T21:55:40+00:00,10.57,3.57,0.0
1042500203,bovada,2025,Phoenix Mercury,Minnesota Lynx,2025-09-27T01:30:00+00:00,2,4.5,4.0,2025-09-26T14:55:40+00:00,2025-09-26T21:55:40+00:00,10.57,3.57,0.5
1042500203,draftkings,2025,Phoenix Mercury,Minnesota Lynx,2025-09-27T01:30:00+00:00,2,4.0,4.0,2025-09-26T14:55:40+00:00,2025-09-26T21:55:40+00:00,10.57,3.57,0.0
1042500203,fanatics,2025,Phoenix Mercury,Minnesota Lynx,2025-09-27T01:30:00+00:00,2,4.5,4.5,2025-09-26T14:55:40+00:00,2025-09-26T21:55:40+00:00,10.57,3.57,0.0
1042500203,fanduel,2025,Phoenix Mercury,Minnesota Lynx,2025-09-27T01:30:00+00:00,2,3.5,3.5,2025-09-26T14:55:40+00:00,2025-09-26T21:55:40+00:00,10.57,3.57,0.0
1042500203,lowvig,2025,Phoenix Mercury,Minnesota Lynx,2025-09-27T01:30:00+00:00,2,3.5,3.5,2025-09-26T14:55:40+00:00,2025-09-26T21:55:40+00:00,10.57,3.57,0.0
1042500203,mybookieag,2025,Phoenix Mercury,Minnesota Lynx,2025-09-27T01:30:00+00:00,2,4.0,4.5,2025-09-26T14:55:40+00:00,2025-09-26T21:55:40+00:00,10.57,3.57,0.5
1042500203,williamhill_us,2025,Phoenix Mercury,Minnesota Lynx,2025-09-27T01:30:00+00:00,2,4.0,4.0,2025-09-26T14:55:40+00:00,2025-09-26T21:55:40+00:00,10.57,3.57,0.0
1042500204,betmgm,2025,Phoenix Mercury,Minnesota Lynx,2025-09-29T00:00:00+00:00,2,-5.5,-4.5,2025-09-28T14:55:38+00:00,2025-09-28T21:55:38+00:00,9.07,2.07,1.0
1042500204,betonlineag,2025,Phoenix Mercury,Minnesota Lynx,2025-09-29T00:00:00+00:00,2,-5.5,-5.0,2025-09-28T14:55:38+00:00,2025-09-28T21:55:38+00:00,9.07,2.07,0.5
1042500204,betrivers,2025,Phoenix Mercury,Minnesota Lynx,2025-09-29T00:00:00+00:00,2,-5.0,-4.5,2025-09-28T14:55:38+00:00,2025-09-28T21:55:38+00:00,9.07,2.07,0.5
1042500204,betus,2025,Phoenix Mercury,Minnesota Lynx,2025-09-29T00:00:00+00:00,2,-5.5,-5.0,2025-09-28T14:55:38+00:00,2025-09-28T21:55:38+00:00,9.07,2.07,0.5
1042500204,bovada,2025,Phoenix Mercury,Minnesota Lynx,2025-09-29T00:00:00+00:00,2,-5.0,-5.0,2025-09-28T14:55:38+00:00,2025-09-28T21:55:38+00:00,9.07,2.07,0.0
1042500204,draftkings,2025,Phoenix Mercury,Minnesota Lynx,2025-09-29T00:00:00+00:00,2,-5.5,-4.5,2025-09-28T14:55:38+00:00,2025-09-28T21:55:38+00:00,9.07,2.07,1.0
1042500204,fanatics,2025,Phoenix Mercury,Minnesota Lynx,2025-09-29T00:00:00+00:00,2,-5.5,-4.5,2025-09-28T14:55:38+00:00,2025-09-28T21:55:38+00:00,9.07,2.07,1.0
1042500204,fanduel,2025,Phoenix Mercury,Minnesota Lynx,2025-09-29T00:00:00+00:00,2,-5.0,-4.5,2025-09-28T14:55:38+00:00,2025-09-28T21:55:38+00:00,9.07,2.07,0.5
1042500204,lowvig,2025,Phoenix Mercury,Minnesota Lynx,2025-09-29T00:00:00+00:00,2,-5.5,-5.0,2025-09-28T14:55:38+00:00,2025-09-28T21:55:38+00:00,9.07,2.07,0.5
1042500204,mybookieag,2025,Phoenix Mercury,Minnesota Lynx,2025-09-29T00:00:00+00:00,2,-5.0,-5.0,2025-09-28T14:55:38+00:00,2025-09-28T21:55:38+00:00,9.07,2.07,0.0
1042500204,williamhill_us,2025,Phoenix Mercury,Minnesota Lynx,2025-09-29T00:00:00+00:00,2,-5.5,-4.5,2025-09-28T14:55:38+00:00,2025-09-28T21:55:38+00:00,9.07,2.07,1.0
1042500211,betmgm,2025,Las Vegas Aces,Indiana Fever,2025-09-21T19:00:52+00:00,3,-9.5,-8.5,2025-09-19T14:55:39+00:00,2025-09-21T14:55:38+00:00,52.09,4.09,1.0
1042500211,betonlineag,2025,Las Vegas Aces,Indiana Fever,2025-09-21T19:00:52+00:00,3,-9.0,-9.0,2025-09-19T14:55:39+00:00,2025-09-21T14:55:38+00:00,52.09,4.09,0.0
1042500211,betrivers,2025,Las Vegas Aces,Indiana Fever,2025-09-21T19:00:52+00:00,3,-9.5,-9.0,2025-09-19T14:55:39+00:00,2025-09-21T14:55:38+00:00,52.09,4.09,0.5
1042500211,betus,2025,Las Vegas Aces,Indiana Fever,2025-09-21T19:00:52+00:00,3,-9.0,-9.0,2025-09-19T14:55:39+00:00,2025-09-21T14:55:38+00:00,52.09,4.09,0.0
1042500211,bovada,2025,Las Vegas Aces,Indiana Fever,2025-09-21T19:00:52+00:00,3,-9.0,-9.0,2025-09-19T14:55:39+00:00,2025-09-21T14:55:38+00:00,52.09,4.09,0.0
1042500211,draftkings,2025,Las Vegas Aces,Indiana Fever,2025-09-21T19:00:52+00:00,3,-9.0,-9.0,2025-09-19T14:55:39+00:00,2025-09-21T14:55:38+00:00,52.09,4.09,0.0
1042500211,fanatics,2025,Las Vegas Aces,Indiana Fever,2025-09-21T19:00:52+00:00,3,-8.5,-8.5,2025-09-19T14:55:39+00:00,2025-09-21T14:55:38+00:00,52.09,4.09,0.0
1042500211,fanduel,2025,Las Vegas Aces,Indiana Fever,2025-09-21T19:00:52+00:00,3,-9.0,-8.5,2025-09-19T14:55:39+00:00,2025-09-21T14:55:38+00:00,52.09,4.09,0.5
1042500211,lowvig,2025,Las Vegas Aces,Indiana Fever,2025-09-21T19:00:52+00:00,3,-9.0,-9.0,2025-09-19T14:55:39+00:00,2025-09-21T14:55:38+00:00,52.09,4.09,0.0
1042500211,mybookieag,2025,Las Vegas Aces,Indiana Fever,2025-09-21T19:00:52+00:00,3,-9.0,-9.0,2025-09-19T14:55:39+00:00,2025-09-21T14:55:38+00:00,52.09,4.09,0.0
1042500211,williamhill_us,2025,Las Vegas Aces,Indiana Fever,2025-09-21T19:00:52+00:00,3,-9.0,-8.5,2025-09-19T14:55:39+00:00,2025-09-21T14:55:38+00:00,52.09,4.09,0.5
1042500212,betmgm,2025,Las Vegas Aces,Indiana Fever,2025-09-24T01:30:00+00:00,2,-9.5,-8.5,2025-09-23T14:55:40+00:00,2025-09-23T21:55:39+00:00,10.57,3.57,1.0
1042500212,betonlineag,2025,Las Vegas Aces,Indiana Fever,2025-09-24T01:30:00+00:00,3,-9.0,-9.0,2025-09-21T21:55:38+00:00,2025-09-23T21:55:39+00:00,51.57,3.57,0.0
1042500212,betrivers,2025,Las Vegas Aces,Indiana Fever,2025-09-24T01:30:00+00:00,3,-9.0,-9.0,2025-09-21T21:55:38+00:00,2025-09-23T21:55:39+00:00,51.57,3.57,0.0
1042500212,betus,2025,Las Vegas Aces,Indiana Fever,2025-09-24T01:30:00+00:00,3,-9.0,-9.0,2025-09-21T21:55:38+00:00,2025-09-23T21:55:39+00:00,51.57,3.57,0.0
1042500212,bovada,2025,Las Vegas Aces,Indiana Fever,2025-09-24T01:30:00+00:00,3,-8.5,-8.5,2025-09-21T21:55:38+00:00,2025-09-23T21:55:39+00:00,51.57,3.57,0.0
1042500212,draftkings,2025,Las Vegas Aces,Indiana Fever,2025-09-24T01:30:00+00:00,3,-9.0,-9.0,2025-09-21T21:55:38+00:00,2025-09-23T21:55:39+00:00,51.57,3.57,0.0
1042500212,fanatics,2025,Las Vegas Aces,Indiana Fever,2025-09-24T01:30:00+00:00,3,-9.5,-9.5,2025-09-21T21:55:38+00:00,2025-09-23T21:55:39+00:00,51.57,3.57,0.0
1042500212,fanduel,2025,Las Vegas Aces,Indiana Fever,2025-09-24T01:30:00+00:00,3,-9.5,-9.0,2025-09-21T21:55:38+00:00,2025-09-23T21:55:39+00:00,51.57,3.57,0.5
1042500212,lowvig,2025,Las Vegas Aces,Indiana Fever,2025-09-24T01:30:00+00:00,3,-9.0,-9.0,2025-09-21T21:55:38+00:00,2025-09-23T21:55:39+00:00,51.57,3.57,0.0
1042500212,mybookieag,2025,Las Vegas Aces,Indiana Fever,2025-09-24T01:30:00+00:00,3,-9.0,-9.0,2025-09-21T21:55:38+00:00,2025-09-23T21:55:39+00:00,51.57,3.57,0.0
1042500212,williamhill_us,2025,Las Vegas Aces,Indiana Fever,2025-09-24T01:30:00+00:00,3,-9.0,-8.5,2025-09-21T21:55:38+00:00,2025-09-23T21:55:39+00:00,51.57,3.57,0.5
1042500213,betmgm,2025,Indiana Fever,Las Vegas Aces,2025-09-26T23:30:00+00:00,2,4.5,4.5,2025-09-26T14:55:40+00:00,2025-09-26T21:55:40+00:00,8.57,1.57,0.0
1042500213,betonlineag,2025,Indiana Fever,Las Vegas Aces,2025-09-26T23:30:00+00:00,2,4.0,4.0,2025-09-26T14:55:40+00:00,2025-09-26T21:55:40+00:00,8.57,1.57,0.0
1042500213,betrivers,2025,Indiana Fever,Las Vegas Aces,2025-09-26T23:30:00+00:00,2,4.0,4.0,2025-09-26T14:55:40+00:00,2025-09-26T21:55:40+00:00,8.57,1.57,0.0
1042500213,betus,2025,Indiana Fever,Las Vegas Aces,2025-09-26T23:30:00+00:00,2,4.0,4.0,2025-09-26T14:55:40+00:00,2025-09-26T21:55:40+00:00,8.57,1.57,0.0
1042500213,bovada,2025,Indiana Fever,Las Vegas Aces,2025-09-26T23:30:00+00:00,2,4.0,3.5,2025-09-26T14:55:40+00:00,2025-09-26T21:55:40+00:00,8.57,1.57,0.5
1042500213,draftkings,2025,Indiana Fever,Las Vegas Aces,2025-09-26T23:30:00+00:00,2,4.5,4.0,2025-09-26T14:55:40+00:00,2025-09-26T21:55:40+00:00,8.57,1.57,0.5
1042500213,fanatics,2025,Indiana Fever,Las Vegas Aces,2025-09-26T23:30:00+00:00,2,4.5,3.5,2025-09-26T14:55:40+00:00,2025-09-26T21:55:40+00:00,8.57,1.57,1.0
1042500213,fanduel,2025,Indiana Fever,Las Vegas Aces,2025-09-26T23:30:00+00:00,2,4.5,3.5,2025-09-26T14:55:40+00:00,2025-09-26T21:55:40+00:00,8.57,1.57,1.0
1042500213,lowvig,2025,Indiana Fever,Las Vegas Aces,2025-09-26T23:30:00+00:00,2,4.0,4.0,2025-09-26T14:55:40+00:00,2025-09-26T21:55:40+00:00,8.57,1.57,0.0
1042500213,mybookieag,2025,Indiana Fever,Las Vegas Aces,2025-09-26T23:30:00+00:00,2,4.0,3.5,2025-09-26T14:55:40+00:00,2025-09-26T21:55:40+00:00,8.57,1.57,0.5
1042500213,williamhill_us,2025,Indiana Fever,Las Vegas Aces,2025-09-26T23:30:00+00:00,2,4.0,4.0,2025-09-26T14:55:40+00:00,2025-09-26T21:55:40+00:00,8.57,1.57,0.0
1042500214,betmgm,2025,Indiana Fever,Las Vegas Aces,2025-09-28T19:00:00+00:00,1,4.5,4.5,2025-09-28T14:55:38+00:00,2025-09-28T14:55:38+00:00,4.07,4.07,0.0
1042500214,betonlineag,2025,Indiana Fever,Las Vegas Aces,2025-09-28T19:00:00+00:00,1,4.0,4.0,2025-09-28T14:55:38+00:00,2025-09-28T14:55:38+00:00,4.07,4.07,0.0
1042500214,betrivers,2025,Indiana Fever,Las Vegas Aces,2025-09-28T19:00:00+00:00,1,4.0,4.0,2025-09-28T14:55:38+00:00,2025-09-28T14:55:38+00:00,4.07,4.07,0.0
1042500214,betus,2025,Indiana Fever,Las Vegas Aces,2025-09-28T19:00:00+00:00,1,4.0,4.0,2025-09-28T14:55:38+00:00,2025-09-28T14:55:38+00:00,4.07,4.07,0.0
1042500214,bovada,2025,Indiana Fever,Las Vegas Aces,2025-09-28T19:00:00+00:00,1,4.0,4.0,2025-09-28T14:55:38+00:00,2025-09-28T14:55:38+00:00,4.07,4.07,0.0
1042500214,draftkings,2025,Indiana Fever,Las Vegas Aces,2025-09-28T19:00:00+00:00,1,4.0,4.0,2025-09-28T14:55:38+00:00,2025-09-28T14:55:38+00:00,4.07,4.07,0.0
1042500214,fanatics,2025,Indiana Fever,Las Vegas Aces,2025-09-28T19:00:00+00:00,1,4.5,4.5,2025-09-28T14:55:38+00:00,2025-09-28T14:55:38+00:00,4.07,4.07,0.0
1042500214,fanduel,2025,Indiana Fever,Las Vegas Aces,2025-09-28T19:00:00+00:00,1,3.5,3.5,2025-09-28T14:55:38+00:00,2025-09-28T14:55:38+00:00,4.07,4.07,0.0
1042500214,lowvig,2025,Indiana Fever,Las Vegas Aces,2025-09-28T19:00:00+00:00,1,4.0,4.0,2025-09-28T14:55:38+00:00,2025-09-28T14:55:38+00:00,4.07,4.07,0.0
1042500214,mybookieag,2025,Indiana Fever,Las Vegas Aces,2025-09-28T19:00:00+00:00,1,4.0,4.0,2025-09-28T14:55:38+00:00,2025-09-28T14:55:38+00:00,4.07,4.07,0.0
1042500214,williamhill_us,2025,Indiana Fever,Las Vegas Aces,2025-09-28T19:00:00+00:00,1,4.0,4.0,2025-09-28T14:55:38+00:00,2025-09-28T14:55:38+00:00,4.07,4.07,0.0
1042500215,betmgm,2025,Las Vegas Aces,Indiana Fever,2025-10-01T01:30:00+00:00,2,-7.5,-8.5,2025-09-30T14:55:39+00:00,2025-09-30T21:55:39+00:00,10.57,3.57,1.0
1042500215,betonlineag,2025,Las Vegas Aces,Indiana Fever,2025-10-01T01:30:00+00:00,3,-8.0,-8.0,2025-09-28T21:55:38+00:00,2025-09-30T21:55:39+00:00,51.57,3.57,0.0
1042500215,betrivers,2025,Las Vegas Aces,Indiana Fever,2025-10-01T01:30:00+00:00,2,-7.5,-8.0,2025-09-30T14:55:39+00:00,2025-09-30T21:55:39+00:00,10.57,3.57,0.5
1042500215,betus,2025,Las Vegas Aces,Indiana Fever,2025-10-01T01:30:00+00:00,2,-8.0,-8.0,2025-09-30T14:55:39+00:00,2025-09-30T21:55:39+00:00,10.57,3.57,0.0
1042500215,bovada,2025,Las Vegas Aces,Indiana Fever,2025-10-01T01:30:00+00:00,2,-7.5,-8.0,2025-09-30T14:55:39+00:00,2025-09-30T21:55:39+00:00,10.57,3.57,0.5
1042500215,draftkings,2025,Las Vegas Aces,Indiana Fever,2025-10-01T01:30:00+00:00,3,-7.5,-8.0,2025-09-28T21:55:38+00:00,2025-09-30T21:55:39+00:00,51.57,3.57,0.5
1042500215,fanatics,2025,Las Vegas Aces,Indiana Fever,2025-10-01T01:30:00+00:00,2,-7.5,-8.5,2025-09-30T14:55:39+00:00,2025-09-30T21:55:39+00:00,10.57,3.57,1.0
1042500215,fanduel,2025,Las Vegas Aces,Indiana Fever,2025-10-01T01:30:00+00:00,3,-7.5,-7.5,2025-09-28T21:55:38+00:00,2025-09-30T21:55:39+00:00,51.57,3.57,0.0
1042500215,lowvig,2025,Las Vegas Aces,Indiana Fever,2025-10-01T01:30:00+00:00,3,-8.0,-8.0,2025-09-28T21:55:38+00:00,2025-09-30T21:55:39+00:00,51.57,3.57,0.0
1042500215,mybookieag,2025,Las Vegas Aces,Indiana Fever,2025-10-01T01:30:00+00:00,2,-8.0,-8.0,2025-09-30T14:55:39+00:00,2025-09-30T21:55:39+00:00,10.57,3.57,0.0
1042500215,williamhill_us,2025,Las Vegas Aces,Indiana Fever,2025-10-01T01:30:00+00:00,3,-8.0,-8.0,2025-09-28T21:55:38+00:00,2025-09-30T21:55:39+00:00,51.57,3.57,0.0
1042500301,betmgm,2025,Las Vegas Aces,Phoenix Mercury,2025-10-04T00:00:00+00:00,2,-3.5,-3.5,2025-10-03T14:55:39+00:00,2025-10-03T21:55:39+00:00,9.07,2.07,0.0
1042500301,betonlineag,2025,Las Vegas Aces,Phoenix Mercury,2025-10-04T00:00:00+00:00,2,-3.0,-3.5,2025-10-03T14:55:39+00:00,2025-10-03T21:55:39+00:00,9.07,2.07,0.5
1042500301,betrivers,2025,Las Vegas Aces,Phoenix Mercury,2025-10-04T00:00:00+00:00,2,-2.5,-3.5,2025-10-03T14:55:39+00:00,2025-10-03T21:55:39+00:00,9.07,2.07,1.0
1042500301,betus,2025,Las Vegas Aces,Phoenix Mercury,2025-10-04T00:00:00+00:00,2,-3.0,-3.0,2025-10-03T14:55:39+00:00,2025-10-03T21:55:39+00:00,9.07,2.07,0.0
1042500301,bovada,2025,Las Vegas Aces,Phoenix Mercury,2025-10-04T00:00:00+00:00,2,-3.5,-3.5,2025-10-03T14:55:39+00:00,2025-10-03T21:55:39+00:00,9.07,2.07,0.0
1042500301,draftkings,2025,Las Vegas Aces,Phoenix Mercury,2025-10-04T00:00:00+00:00,2,-3.5,-3.5,2025-10-03T14:55:39+00:00,2025-10-03T21:55:39+00:00,9.07,2.07,0.0
1042500301,fanatics,2025,Las Vegas Aces,Phoenix Mercury,2025-10-04T00:00:00+00:00,2,-3.5,-3.5,2025-10-03T14:55:39+00:00,2025-10-03T21:55:39+00:00,9.07,2.07,0.0
1042500301,fanduel,2025,Las Vegas Aces,Phoenix Mercury,2025-10-04T00:00:00+00:00,2,-3.5,-3.5,2025-10-03T14:55:39+00:00,2025-10-03T21:55:39+00:00,9.07,2.07,0.0
1042500301,lowvig,2025,Las Vegas Aces,Phoenix Mercury,2025-10-04T00:00:00+00:00,2,-3.0,-3.5,2025-10-03T14:55:39+00:00,2025-10-03T21:55:39+00:00,9.07,2.07,0.5
1042500301,mybookieag,2025,Las Vegas Aces,Phoenix Mercury,2025-10-04T00:00:00+00:00,2,-3.0,-3.5,2025-10-03T14:55:39+00:00,2025-10-03T21:55:39+00:00,9.07,2.07,0.5
1042500301,williamhill_us,2025,Las Vegas Aces,Phoenix Mercury,2025-10-04T00:00:00+00:00,2,-3.5,-3.5,2025-10-03T14:55:39+00:00,2025-10-03T21:55:39+00:00,9.07,2.07,0.0
1042500302,betmgm,2025,Las Vegas Aces,Phoenix Mercury,2025-10-05T19:00:00+00:00,1,-2.5,-2.5,2025-10-05T14:55:38+00:00,2025-10-05T14:55:38+00:00,4.07,4.07,0.0
1042500302,betonlineag,2025,Las Vegas Aces,Phoenix Mercury,2025-10-05T19:00:00+00:00,1,-2.5,-2.5,2025-10-05T14:55:38+00:00,2025-10-05T14:55:38+00:00,4.07,4.07,0.0
1042500302,betrivers,2025,Las Vegas Aces,Phoenix Mercury,2025-10-05T19:00:00+00:00,1,-2.0,-2.0,2025-10-05T14:55:38+00:00,2025-10-05T14:55:38+00:00,4.07,4.07,0.0
1042500302,betus,2025,Las Vegas Aces,Phoenix Mercury,2025-10-05T19:00:00+00:00,1,-2.5,-2.5,2025-10-05T14:55:38+00:00,2025-10-05T14:55:38+00:00,4.07,4.07,0.0
1042500302,bovada,2025,Las Vegas Aces,Phoenix Mercury,2025-10-05T19:00:00+00:00,1,-3.0,-3.0,2025-10-05T14:55:38+00:00,2025-10-05T14:55:38+00:00,4.07,4.07,0.0
1042500302,draftkings,2025,Las Vegas Aces,Phoenix Mercury,2025-10-05T19:00:00+00:00,1,-2.5,-2.5,2025-10-05T14:55:38+00:00,2025-10-05T14:55:38+00:00,4.07,4.07,0.0
1042500302,fanatics,2025,Las Vegas Aces,Phoenix Mercury,2025-10-05T19:00:00+00:00,1,-2.5,-2.5,2025-10-05T14:55:38+00:00,2025-10-05T14:55:38+00:00,4.07,4.07,0.0
1042500302,fanduel,2025,Las Vegas Aces,Phoenix Mercury,2025-10-05T19:00:00+00:00,1,-2.5,-2.5,2025-10-05T14:55:38+00:00,2025-10-05T14:55:38+00:00,4.07,4.07,0.0
1042500302,lowvig,2025,Las Vegas Aces,Phoenix Mercury,2025-10-05T19:00:00+00:00,1,-2.5,-2.5,2025-10-05T14:55:38+00:00,2025-10-05T14:55:38+00:00,4.07,4.07,0.0
1042500302,mybookieag,2025,Las Vegas Aces,Phoenix Mercury,2025-10-05T19:00:00+00:00,1,-2.5,-2.5,2025-10-05T14:55:38+00:00,2025-10-05T14:55:38+00:00,4.07,4.07,0.0
1042500302,williamhill_us,2025,Las Vegas Aces,Phoenix Mercury,2025-10-05T19:00:00+00:00,1,-2.5,-2.5,2025-10-05T14:55:38+00:00,2025-10-05T14:55:38+00:00,4.07,4.07,0.0
1042500303,betmgm,2025,Phoenix Mercury,Las Vegas Aces,2025-10-09T00:00:00+00:00,3,-2.5,-4.5,2025-10-05T21:55:37+00:00,2025-10-08T21:55:39+00:00,74.07,2.07,2.0
1042500303,betonlineag,2025,Phoenix Mercury,Las Vegas Aces,2025-10-09T00:00:00+00:00,3,-2.5,-4.5,2025-10-05T21:55:37+00:00,2025-10-08T21:55:39+00:00,74.07,2.07,2.0
1042500303,betrivers,2025,Phoenix Mercury,Las Vegas Aces,2025-10-09T00:00:00+00:00,2,-4.5,-4.0,2025-10-08T14:55:39+00:00,2025-10-08T21:55:39+00:00,9.07,2.07,0.5
1042500303,betus,2025,Phoenix Mercury,Las Vegas Aces,2025-10-09T00:00:00+00:00,2,-4.5,-4.0,2025-10-08T14:55:39+00:00,2025-10-08T21:55:39+00:00,9.07,2.07,0.5
1042500303,bovada,2025,Phoenix Mercury,Las Vegas Aces,2025-10-09T00:00:00+00:00,3,-2.5,-4.0,2025-10-05T21:55:37+00:00,2025-10-08T21:55:39+00:00,74.07,2.07,1.5
1042500303,draftkings,2025,Phoenix Mercury,Las Vegas Aces,2025-10-09T00:00:00+00:00,3,-2.5,-4.0,2025-10-05T21:55:37+00:00,2025-10-08T21:55:39+00:00,74.07,2.07,1.5
1042500303,fanatics,2025,Phoenix Mercury,Las Vegas Aces,2025-10-09T00:00:00+00:00,3,-2.5,-4.5,2025-10-05T21:55:37+00:00,2025-10-08T21:55:39+00:00,74.07,2.07,2.0
1042500303,fanduel,2025,Phoenix Mercury,Las Vegas Aces,2025-10-09T00:00:00+00:00,3,-2.5,-4.5,2025-10-05T21:55:37+00:00,2025-10-08T21:55:39+00:00,74.07,2.07,2.0
1042500303,lowvig,2025,Phoenix Mercury,Las Vegas Aces,2025-10-09T00:00:00+00:00,3,-2.5,-4.5,2025-10-05T21:55:37+00:00,2025-10-08T21:55:39+00:00,74.07,2.07,2.0
1042500303,mybookieag,2025,Phoenix Mercury,Las Vegas Aces,2025-10-09T00:00:00+00:00,3,-2.5,-4.0,2025-10-05T21:55:37+00:00,2025-10-08T21:55:39+00:00,74.07,2.07,1.5
1042500303,williamhill_us,2025,Phoenix Mercury,Las Vegas Aces,2025-10-09T00:00:00+00:00,3,-2.5,-4.5,2025-10-05T21:55:37+00:00,2025-10-08T21:55:39+00:00,74.07,2.07,2.0
1042500304,betmgm,2025,Phoenix Mercury,Las Vegas Aces,2025-10-11T00:00:00+00:00,2,2.5,2.5,2025-10-10T14:55:39+00:00,2025-10-10T21:55:39+00:00,9.07,2.07,0.0
1042500304,betonlineag,2025,Phoenix Mercury,Las Vegas Aces,2025-10-11T00:00:00+00:00,2,2.5,2.0,2025-10-10T14:55:39+00:00,2025-10-10T21:55:39+00:00,9.07,2.07,0.5
1042500304,betrivers,2025,Phoenix Mercury,Las Vegas Aces,2025-10-11T00:00:00+00:00,2,2.5,2.5,2025-10-10T14:55:39+00:00,2025-10-10T21:55:39+00:00,9.07,2.07,0.0
1042500304,betus,2025,Phoenix Mercury,Las Vegas Aces,2025-10-11T00:00:00+00:00,2,2.0,2.0,2025-10-10T14:55:39+00:00,2025-10-10T21:55:39+00:00,9.07,2.07,0.0
1042500304,bovada,2025,Phoenix Mercury,Las Vegas Aces,2025-10-11T00:00:00+00:00,2,1.5,2.0,2025-10-10T14:55:39+00:00,2025-10-10T21:55:39+00:00,9.07,2.07,0.5
1042500304,draftkings,2025,Phoenix Mercury,Las Vegas Aces,2025-10-11T00:00:00+00:00,2,2.5,2.5,2025-10-10T14:55:39+00:00,2025-10-10T21:55:39+00:00,9.07,2.07,0.0
1042500304,fanatics,2025,Phoenix Mercury,Las Vegas Aces,2025-10-11T00:00:00+00:00,2,2.5,2.5,2025-10-10T14:55:39+00:00,2025-10-10T21:55:39+00:00,9.07,2.07,0.0
1042500304,fanduel,2025,Phoenix Mercury,Las Vegas Aces,2025-10-11T00:00:00+00:00,2,2.5,2.5,2025-10-10T14:55:39+00:00,2025-10-10T21:55:39+00:00,9.07,2.07,0.0
1042500304,lowvig,2025,Phoenix Mercury,Las Vegas Aces,2025-10-11T00:00:00+00:00,2,2.5,2.0,2025-10-10T14:55:39+00:00,2025-10-10T21:55:39+00:00,9.07,2.07,0.5
1042500304,mybookieag,2025,Phoenix Mercury,Las Vegas Aces,2025-10-11T00:00:00+00:00,2,2.0,2.0,2025-10-10T14:55:39+00:00,2025-10-10T21:55:39+00:00,9.07,2.07,0.0
1042500304,williamhill_us,2025,Phoenix Mercury,Las Vegas Aces,2025-10-11T00:00:00+00:00,2,2.5,2.0,2025-10-10T14:55:39+00:00,2025-10-10T21:55:39+00:00,9.07,2.07,0.5
