screen,candidate,n_sites,site_scope,resolution_kind,best_file,best_line,best_src,rhs,sites
E0_I0014_residual_heterogeneity,pl_games_prior,15,IN_SCREEN,SUBSCRIPT_ASSIGN,experiments\exploration\E0_I0014_residual_heterogeneity\rh_base.py,171,"d[""pl_games_prior""] = d.groupby([""season"", ""player_id""], sort=False)[""_ap""].transform(","d.groupby([""season"", ""player_id""], sort=False)[""_ap""].transform(","[[""SUBSCRIPT_ASSIGN"", ""experiments\\exploration\\E0_I0014_residual_heterogeneity\\rh_base.py"", 171, ""d[\""pl_games_prior\""] = d.groupby([\""season\"", \""player_id\""], sort=False)[\""_ap\""].transform("", ""d.groupby([\""season\"", \""player_id\""], sort=False)[\""_ap\""].transform(""], [""TUPLE_PAIR"", ""experiments\\exploration\\E0_I0014_residual_heterogeneity\\s08_conditioning.py"", 83, ""median_prior_games=(\""pl_games_prior\"", \""median\""),"", ""\""median\""""], [""MENTION"", ""experiments\\exploration\\E0_I0014_residual_heterogeneity\\rh_base.py"", 178, ""d[\""pl_prior_season_games\""] = d[\""pl_career_games_prior\""] - d[\""pl_games_prior\""]"", """"], [""MENTION"", ""experiments\\exploration\\E0_I0014_residual_heterogeneity\\rh_base.py"", 211, ""(\""pl_games_prior\"", \""pl_minutes_prior\"", \""pl_career_games_prior\"","", """"], [""MENTION"", ""experiments\\exploration\\E0_I0014_residual_heterogeneity\\rh_base.py"", 217, ""\""pl_games_prior\"", \""pl_minutes_prior\"", \""pl_career_games_prior\"","", """"], [""MENTION"", ""experiments\\exploration\\E0_I0014_residual_heterogeneity\\s04_screen.py"", 32, ""\""pl_games_prior\"", \""pl_minutes_prior\"", \""pl_career_games_prior\"", \""pl_prior_season_games\"","", """"], [""MENTION"", ""experiments\\exploration\\E0_I0014_residual_heterogeneity\\s05_abstention.py"", 62, ""probe_cand = \""pl_games_prior\"""", """"], [""MENTION"", ""experiments\\exploration\\E0_I0014_residual_heterogeneity\\s05_abstention.py"", 131, ""(\""games_prior_minutes\"", \""pl_games_prior\"", \""minutes\"", -1),"", """"], [""MENTION"", ""experiments\\exploration\\E0_I0014_residual_heterogeneity\\s05_abstention.py"", 137, ""(\""games_prior_pts\"", \""pl_games_prior\"", \""pts\"", -1),"", """"], [""MENTION"", ""experiments\\exploration\\E0_I0014_residual_heterogeneity\\s05_abstention.py"", 202, ""gp_v = pd.to_numeric(f[\""pl_games_prior\""], errors=\""coerce\"").to_numpy(float)"", """"]]"
E0_I0014_residual_heterogeneity,pl_minutes_prior,5,IN_SCREEN,SUBSCRIPT_ASSIGN,experiments\exploration\E0_I0014_residual_heterogeneity\rh_base.py,173,"d[""pl_minutes_prior""] = d.groupby([""season"", ""player_id""], sort=False)[""_apmin""].transform(","d.groupby([""season"", ""player_id""], sort=False)[""_apmin""].transform(","[[""SUBSCRIPT_ASSIGN"", ""experiments\\exploration\\E0_I0014_residual_heterogeneity\\rh_base.py"", 173, ""d[\""pl_minutes_prior\""] = d.groupby([\""season\"", \""player_id\""], sort=False)[\""_apmin\""].transform("", ""d.groupby([\""season\"", \""player_id\""], sort=False)[\""_apmin\""].transform(""], [""MENTION"", ""experiments\\exploration\\E0_I0014_residual_heterogeneity\\rh_base.py"", 211, ""(\""pl_games_prior\"", \""pl_minutes_prior\"", \""pl_career_games_prior\"","", """"], [""MENTION"", ""experiments\\exploration\\E0_I0014_residual_heterogeneity\\rh_base.py"", 217, ""\""pl_games_prior\"", \""pl_minutes_prior\"", \""pl_career_games_prior\"","", """"], [""MENTION"", ""experiments\\exploration\\E0_I0014_residual_heterogeneity\\s04_screen.py"", 32, ""\""pl_games_prior\"", \""pl_minutes_prior\"", \""pl_career_games_prior\"", \""pl_prior_season_games\"","", """"], [""MENTION"", ""experiments\\exploration\\E0_I0014_residual_heterogeneity\\s08_conditioning.py"", 48, ""\""pl_minutes_prior\"", \""pts__is_fallback\"", \""tm_five_tenure_prior\"","", """"]]"
E0_I0014_residual_heterogeneity,pl_career_games_prior,5,IN_SCREEN,SUBSCRIPT_ASSIGN,experiments\exploration\E0_I0014_residual_heterogeneity\rh_base.py,176,"d[""pl_career_games_prior""] = d.groupby([""player_id""], sort=False)[""_ap""].transform(","d.groupby([""player_id""], sort=False)[""_ap""].transform(","[[""SUBSCRIPT_ASSIGN"", ""experiments\\exploration\\E0_I0014_residual_heterogeneity\\rh_base.py"", 176, ""d[\""pl_career_games_prior\""] = d.groupby([\""player_id\""], sort=False)[\""_ap\""].transform("", ""d.groupby([\""player_id\""], sort=False)[\""_ap\""].transform(""], [""MENTION"", ""experiments\\exploration\\E0_I0014_residual_heterogeneity\\rh_base.py"", 178, ""d[\""pl_prior_season_games\""] = d[\""pl_career_games_prior\""] - d[\""pl_games_prior\""]"", """"], [""MENTION"", ""experiments\\exploration\\E0_I0014_residual_heterogeneity\\rh_base.py"", 211, ""(\""pl_games_prior\"", \""pl_minutes_prior\"", \""pl_career_games_prior\"","", """"], [""MENTION"", ""experiments\\exploration\\E0_I0014_residual_heterogeneity\\rh_base.py"", 217, ""\""pl_games_prior\"", \""pl_minutes_prior\"", \""pl_career_games_prior\"","", """"], [""MENTION"", ""experiments\\exploration\\E0_I0014_residual_heterogeneity\\s04_screen.py"", 32, ""\""pl_games_prior\"", \""pl_minutes_prior\"", \""pl_career_games_prior\"", \""pl_prior_season_games\"","", """"]]"
E0_I0014_residual_heterogeneity,pl_prior_season_games,5,IN_SCREEN,SUBSCRIPT_ASSIGN,experiments\exploration\E0_I0014_residual_heterogeneity\rh_base.py,178,"d[""pl_prior_season_games""] = d[""pl_career_games_prior""] - d[""pl_games_prior""]","d[""pl_career_games_prior""] - d[""pl_games_prior""]","[[""SUBSCRIPT_ASSIGN"", ""experiments\\exploration\\E0_I0014_residual_heterogeneity\\rh_base.py"", 178, ""d[\""pl_prior_season_games\""] = d[\""pl_career_games_prior\""] - d[\""pl_games_prior\""]"", ""d[\""pl_career_games_prior\""] - d[\""pl_games_prior\""]""], [""MENTION"", ""experiments\\exploration\\E0_I0014_residual_heterogeneity\\rh_base.py"", 179, ""d[\""pl_is_rookie_window\""] = (d[\""pl_prior_season_games\""] <= 0).astype(float)"", """"], [""MENTION"", ""experiments\\exploration\\E0_I0014_residual_heterogeneity\\rh_base.py"", 212, ""\""pl_prior_season_games\"", \""pl_is_rookie_window\"")]"", """"], [""MENTION"", ""experiments\\exploration\\E0_I0014_residual_heterogeneity\\rh_base.py"", 218, ""\""pl_prior_season_games\"", \""pl_is_rookie_window\""] + volcols"", """"], [""MENTION"", ""experiments\\exploration\\E0_I0014_residual_heterogeneity\\s04_screen.py"", 32, ""\""pl_games_prior\"", \""pl_minutes_prior\"", \""pl_career_games_prior\"", \""pl_prior_season_games\"","", """"]]"
E0_I0014_residual_heterogeneity,pl_is_rookie_window,4,IN_SCREEN,SUBSCRIPT_ASSIGN,experiments\exploration\E0_I0014_residual_heterogeneity\rh_base.py,179,"d[""pl_is_rookie_window""] = (d[""pl_prior_season_games""] <= 0).astype(float)","(d[""pl_prior_season_games""] <= 0).astype(float)","[[""SUBSCRIPT_ASSIGN"", ""experiments\\exploration\\E0_I0014_residual_heterogeneity\\rh_base.py"", 179, ""d[\""pl_is_rookie_window\""] = (d[\""pl_prior_season_games\""] <= 0).astype(float)"", ""(d[\""pl_prior_season_games\""] <= 0).astype(float)""], [""MENTION"", ""experiments\\exploration\\E0_I0014_residual_heterogeneity\\rh_base.py"", 212, ""\""pl_prior_season_games\"", \""pl_is_rookie_window\"")]"", """"], [""MENTION"", ""experiments\\exploration\\E0_I0014_residual_heterogeneity\\rh_base.py"", 218, ""\""pl_prior_season_games\"", \""pl_is_rookie_window\""] + volcols"", """"], [""MENTION"", ""experiments\\exploration\\E0_I0014_residual_heterogeneity\\s04_screen.py"", 33, ""\""pl_is_rookie_window\"","", """"]]"
E0_I0014_residual_heterogeneity,pl_min_mean5,3,IN_SCREEN,GENERATED[pl_%s_mean5],experiments\exploration\E0_I0014_residual_heterogeneity\rh_base.py,190,"app[""pl_%s_mean5"" % tag] = gg.transform(lambda x: x.shift(1).rolling(5, min_periods=3).mean())","gg.transform(lambda x: x.shift(1).rolling(5, min_periods=3).mean())","[[""GENERATED[pl_%s_mean5]"", ""experiments\\exploration\\E0_I0014_residual_heterogeneity\\rh_base.py"", 190, ""app[\""pl_%s_mean5\"" % tag] = gg.transform(lambda x: x.shift(1).rolling(5, min_periods=3).mean())"", ""gg.transform(lambda x: x.shift(1).rolling(5, min_periods=3).mean())""], [""MENTION"", ""experiments\\exploration\\E0_I0014_residual_heterogeneity\\rh_base.py"", 191, ""app[\""pl_min_cv5\""] = app[\""pl_min_sd5\""] / app[\""pl_min_mean5\""].replace(0, np.nan)"", """"], [""MENTION"", ""experiments\\exploration\\E0_I0014_residual_heterogeneity\\s04_screen.py"", 35, ""\""pl_min_mean5\"", \""pl_fga_mean5\"", \""pl_pts_mean5\"", \""pl_usg_mean5\"", \""pl_start_frac5\"","", """"]]"
E0_I0014_residual_heterogeneity,pl_fga_mean5,2,IN_SCREEN,GENERATED[pl_%s_mean5],experiments\exploration\E0_I0014_residual_heterogeneity\rh_base.py,190,"app[""pl_%s_mean5"" % tag] = gg.transform(lambda x: x.shift(1).rolling(5, min_periods=3).mean())","gg.transform(lambda x: x.shift(1).rolling(5, min_periods=3).mean())","[[""GENERATED[pl_%s_mean5]"", ""experiments\\exploration\\E0_I0014_residual_heterogeneity\\rh_base.py"", 190, ""app[\""pl_%s_mean5\"" % tag] = gg.transform(lambda x: x.shift(1).rolling(5, min_periods=3).mean())"", ""gg.transform(lambda x: x.shift(1).rolling(5, min_periods=3).mean())""], [""MENTION"", ""experiments\\exploration\\E0_I0014_residual_heterogeneity\\s04_screen.py"", 35, ""\""pl_min_mean5\"", \""pl_fga_mean5\"", \""pl_pts_mean5\"", \""pl_usg_mean5\"", \""pl_start_frac5\"","", """"]]"
E0_I0014_residual_heterogeneity,pl_pts_mean5,2,IN_SCREEN,GENERATED[pl_%s_mean5],experiments\exploration\E0_I0014_residual_heterogeneity\rh_base.py,190,"app[""pl_%s_mean5"" % tag] = gg.transform(lambda x: x.shift(1).rolling(5, min_periods=3).mean())","gg.transform(lambda x: x.shift(1).rolling(5, min_periods=3).mean())","[[""GENERATED[pl_%s_mean5]"", ""experiments\\exploration\\E0_I0014_residual_heterogeneity\\rh_base.py"", 190, ""app[\""pl_%s_mean5\"" % tag] = gg.transform(lambda x: x.shift(1).rolling(5, min_periods=3).mean())"", ""gg.transform(lambda x: x.shift(1).rolling(5, min_periods=3).mean())""], [""MENTION"", ""experiments\\exploration\\E0_I0014_residual_heterogeneity\\s04_screen.py"", 35, ""\""pl_min_mean5\"", \""pl_fga_mean5\"", \""pl_pts_mean5\"", \""pl_usg_mean5\"", \""pl_start_frac5\"","", """"]]"
E0_I0014_residual_heterogeneity,pl_usg_mean5,2,IN_SCREEN,GENERATED[pl_%s_mean5],experiments\exploration\E0_I0014_residual_heterogeneity\rh_base.py,190,"app[""pl_%s_mean5"" % tag] = gg.transform(lambda x: x.shift(1).rolling(5, min_periods=3).mean())","gg.transform(lambda x: x.shift(1).rolling(5, min_periods=3).mean())","[[""GENERATED[pl_%s_mean5]"", ""experiments\\exploration\\E0_I0014_residual_heterogeneity\\rh_base.py"", 190, ""app[\""pl_%s_mean5\"" % tag] = gg.transform(lambda x: x.shift(1).rolling(5, min_periods=3).mean())"", ""gg.transform(lambda x: x.shift(1).rolling(5, min_periods=3).mean())""], [""MENTION"", ""experiments\\exploration\\E0_I0014_residual_heterogeneity\\s04_screen.py"", 35, ""\""pl_min_mean5\"", \""pl_fga_mean5\"", \""pl_pts_mean5\"", \""pl_usg_mean5\"", \""pl_start_frac5\"","", """"]]"
E0_I0014_residual_heterogeneity,pl_start_frac5,3,IN_SCREEN,SUBSCRIPT_ASSIGN,experiments\exploration\E0_I0014_residual_heterogeneity\rh_base.py,202,"app[""pl_start_frac5""] = gsf.transform(lambda x: x.shift(1).rolling(5, min_periods=3).mean())","gsf.transform(lambda x: x.shift(1).rolling(5, min_periods=3).mean())","[[""SUBSCRIPT_ASSIGN"", ""experiments\\exploration\\E0_I0014_residual_heterogeneity\\rh_base.py"", 202, ""app[\""pl_start_frac5\""] = gsf.transform(lambda x: x.shift(1).rolling(5, min_periods=3).mean())"", ""gsf.transform(lambda x: x.shift(1).rolling(5, min_periods=3).mean())""], [""MENTION"", ""experiments\\exploration\\E0_I0014_residual_heterogeneity\\s04_screen.py"", 35, ""\""pl_min_mean5\"", \""pl_fga_mean5\"", \""pl_pts_mean5\"", \""pl_usg_mean5\"", \""pl_start_frac5\"","", """"], [""MENTION"", ""experiments\\exploration\\E0_I0014_residual_heterogeneity\\s04_screen.py"", 59, ""(\""role_level\"" if c.endswith(\""mean5\"") or c == \""pl_start_frac5\"" else"", """"]]"
E0_I0014_residual_heterogeneity,pl_min_sd5,5,IN_SCREEN,GENERATED[pl_%s_sd5],experiments\exploration\E0_I0014_residual_heterogeneity\rh_base.py,189,"app[""pl_%s_sd5"" % tag] = gg.transform(lambda x: x.shift(1).rolling(5, min_periods=3).std())","gg.transform(lambda x: x.shift(1).rolling(5, min_periods=3).std())","[[""GENERATED[pl_%s_sd5]"", ""experiments\\exploration\\E0_I0014_residual_heterogeneity\\rh_base.py"", 189, ""app[\""pl_%s_sd5\"" % tag] = gg.transform(lambda x: x.shift(1).rolling(5, min_periods=3).std())"", ""gg.transform(lambda x: x.shift(1).rolling(5, min_periods=3).std())""], [""MENTION"", ""experiments\\exploration\\E0_I0014_residual_heterogeneity\\rh_base.py"", 191, ""app[\""pl_min_cv5\""] = app[\""pl_min_sd5\""] / app[\""pl_min_mean5\""].replace(0, np.nan)"", """"], [""MENTION"", ""experiments\\exploration\\E0_I0014_residual_heterogeneity\\s04_screen.py"", 37, ""\""pl_min_sd5\"", \""pl_min_cv5\"", \""pl_min_rng5\"", \""pl_fga_sd5\"", \""pl_pts_sd5\"", \""pl_usg_sd5\"","", """"], [""MENTION"", ""experiments\\exploration\\E0_I0014_residual_heterogeneity\\s05_abstention.py"", 96, ""for cand in [\""pl_min_cv5\"", \""pl_min_sd5\"", \""pl_pts_sd5\"", \""pl_start_switch5\"", \""pl_rest_days\"","", """"], [""MENTION"", ""experiments\\exploration\\E0_I0014_residual_heterogeneity\\s05_abstention.py"", 133, ""(\""min_sd5_minutes\"", \""pl_min_sd5\"", \""minutes\"", +1),"", """"]]"
E0_I0014_residual_heterogeneity,pl_min_cv5,5,IN_SCREEN,SUBSCRIPT_ASSIGN,experiments\exploration\E0_I0014_residual_heterogeneity\rh_base.py,191,"app[""pl_min_cv5""] = app[""pl_min_sd5""] / app[""pl_min_mean5""].replace(0, np.nan)","app[""pl_min_sd5""] / app[""pl_min_mean5""].replace(0, np.nan)","[[""SUBSCRIPT_ASSIGN"", ""experiments\\exploration\\E0_I0014_residual_heterogeneity\\rh_base.py"", 191, ""app[\""pl_min_cv5\""] = app[\""pl_min_sd5\""] / app[\""pl_min_mean5\""].replace(0, np.nan)"", ""app[\""pl_min_sd5\""] / app[\""pl_min_mean5\""].replace(0, np.nan)""], [""MENTION"", ""experiments\\exploration\\E0_I0014_residual_heterogeneity\\s04_screen.py"", 37, ""\""pl_min_sd5\"", \""pl_min_cv5\"", \""pl_min_rng5\"", \""pl_fga_sd5\"", \""pl_pts_sd5\"", \""pl_usg_sd5\"","", """"], [""MENTION"", ""experiments\\exploration\\E0_I0014_residual_heterogeneity\\s05_abstention.py"", 96, ""for cand in [\""pl_min_cv5\"", \""pl_min_sd5\"", \""pl_pts_sd5\"", \""pl_start_switch5\"", \""pl_rest_days\"","", """"], [""MENTION"", ""experiments\\exploration\\E0_I0014_residual_heterogeneity\\s05_abstention.py"", 132, ""(\""min_cv5_minutes\"", \""pl_min_cv5\"", \""minutes\"", +1),"", """"], [""MENTION"", ""experiments\\exploration\\E0_I0014_residual_heterogeneity\\s05_abstention.py"", 138, ""(\""min_cv5_pts\"", \""pl_min_cv5\"", \""pts\"", +1),"", """"]]"
E0_I0014_residual_heterogeneity,pl_min_rng5,2,IN_SCREEN,SUBSCRIPT_ASSIGN,experiments\exploration\E0_I0014_residual_heterogeneity\rh_base.py,194,"app[""pl_min_rng5""] = (gmn.transform(lambda x: x.shift(1).rolling(5, min_periods=3).max()) -","(gmn.transform(lambda x: x.shift(1).rolling(5, min_periods=3).max()) -","[[""SUBSCRIPT_ASSIGN"", ""experiments\\exploration\\E0_I0014_residual_heterogeneity\\rh_base.py"", 194, ""app[\""pl_min_rng5\""] = (gmn.transform(lambda x: x.shift(1).rolling(5, min_periods=3).max()) -"", ""(gmn.transform(lambda x: x.shift(1).rolling(5, min_periods=3).max()) -""], [""MENTION"", ""experiments\\exploration\\E0_I0014_residual_heterogeneity\\s04_screen.py"", 37, ""\""pl_min_sd5\"", \""pl_min_cv5\"", \""pl_min_rng5\"", \""pl_fga_sd5\"", \""pl_pts_sd5\"", \""pl_usg_sd5\"","", """"]]"
E0_I0014_residual_heterogeneity,pl_fga_sd5,2,IN_SCREEN,GENERATED[pl_%s_sd5],experiments\exploration\E0_I0014_residual_heterogeneity\rh_base.py,189,"app[""pl_%s_sd5"" % tag] = gg.transform(lambda x: x.shift(1).rolling(5, min_periods=3).std())","gg.transform(lambda x: x.shift(1).rolling(5, min_periods=3).std())","[[""GENERATED[pl_%s_sd5]"", ""experiments\\exploration\\E0_I0014_residual_heterogeneity\\rh_base.py"", 189, ""app[\""pl_%s_sd5\"" % tag] = gg.transform(lambda x: x.shift(1).rolling(5, min_periods=3).std())"", ""gg.transform(lambda x: x.shift(1).rolling(5, min_periods=3).std())""], [""MENTION"", ""experiments\\exploration\\E0_I0014_residual_heterogeneity\\s04_screen.py"", 37, ""\""pl_min_sd5\"", \""pl_min_cv5\"", \""pl_min_rng5\"", \""pl_fga_sd5\"", \""pl_pts_sd5\"", \""pl_usg_sd5\"","", """"]]"
E0_I0014_residual_heterogeneity,pl_pts_sd5,3,IN_SCREEN,GENERATED[pl_%s_sd5],experiments\exploration\E0_I0014_residual_heterogeneity\rh_base.py,189,"app[""pl_%s_sd5"" % tag] = gg.transform(lambda x: x.shift(1).rolling(5, min_periods=3).std())","gg.transform(lambda x: x.shift(1).rolling(5, min_periods=3).std())","[[""GENERATED[pl_%s_sd5]"", ""experiments\\exploration\\E0_I0014_residual_heterogeneity\\rh_base.py"", 189, ""app[\""pl_%s_sd5\"" % tag] = gg.transform(lambda x: x.shift(1).rolling(5, min_periods=3).std())"", ""gg.transform(lambda x: x.shift(1).rolling(5, min_periods=3).std())""], [""MENTION"", ""experiments\\exploration\\E0_I0014_residual_heterogeneity\\s04_screen.py"", 37, ""\""pl_min_sd5\"", \""pl_min_cv5\"", \""pl_min_rng5\"", \""pl_fga_sd5\"", \""pl_pts_sd5\"", \""pl_usg_sd5\"","", """"], [""MENTION"", ""experiments\\exploration\\E0_I0014_residual_heterogeneity\\s05_abstention.py"", 96, ""for cand in [\""pl_min_cv5\"", \""pl_min_sd5\"", \""pl_pts_sd5\"", \""pl_start_switch5\"", \""pl_rest_days\"","", """"]]"
E0_I0014_residual_heterogeneity,pl_usg_sd5,2,IN_SCREEN,GENERATED[pl_%s_sd5],experiments\exploration\E0_I0014_residual_heterogeneity\rh_base.py,189,"app[""pl_%s_sd5"" % tag] = gg.transform(lambda x: x.shift(1).rolling(5, min_periods=3).std())","gg.transform(lambda x: x.shift(1).rolling(5, min_periods=3).std())","[[""GENERATED[pl_%s_sd5]"", ""experiments\\exploration\\E0_I0014_residual_heterogeneity\\rh_base.py"", 189, ""app[\""pl_%s_sd5\"" % tag] = gg.transform(lambda x: x.shift(1).rolling(5, min_periods=3).std())"", ""gg.transform(lambda x: x.shift(1).rolling(5, min_periods=3).std())""], [""MENTION"", ""experiments\\exploration\\E0_I0014_residual_heterogeneity\\s04_screen.py"", 37, ""\""pl_min_sd5\"", \""pl_min_cv5\"", \""pl_min_rng5\"", \""pl_fga_sd5\"", \""pl_pts_sd5\"", \""pl_usg_sd5\"","", """"]]"
E0_I0014_residual_heterogeneity,pl_min_trend5,3,IN_SCREEN,SUBSCRIPT_ASSIGN,experiments\exploration\E0_I0014_residual_heterogeneity\rh_base.py,196,"app[""pl_min_trend5""] = (gmn.transform(lambda x: x.shift(1).rolling(2, min_periods=2).mean()) -","(gmn.transform(lambda x: x.shift(1).rolling(2, min_periods=2).mean()) -","[[""SUBSCRIPT_ASSIGN"", ""experiments\\exploration\\E0_I0014_residual_heterogeneity\\rh_base.py"", 196, ""app[\""pl_min_trend5\""] = (gmn.transform(lambda x: x.shift(1).rolling(2, min_periods=2).mean()) -"", ""(gmn.transform(lambda x: x.shift(1).rolling(2, min_periods=2).mean()) -""], [""MENTION"", ""experiments\\exploration\\E0_I0014_residual_heterogeneity\\rh_base.py"", 198, ""app[\""pl_abs_min_trend5\""] = app[\""pl_min_trend5\""].abs()"", """"], [""MENTION"", ""experiments\\exploration\\E0_I0014_residual_heterogeneity\\s04_screen.py"", 38, ""\""pl_min_trend5\"", \""pl_abs_min_trend5\"", \""pl_start_switch5\"","", """"]]"
E0_I0014_residual_heterogeneity,pl_abs_min_trend5,2,IN_SCREEN,SUBSCRIPT_ASSIGN,experiments\exploration\E0_I0014_residual_heterogeneity\rh_base.py,198,"app[""pl_abs_min_trend5""] = app[""pl_min_trend5""].abs()","app[""pl_min_trend5""].abs()","[[""SUBSCRIPT_ASSIGN"", ""experiments\\exploration\\E0_I0014_residual_heterogeneity\\rh_base.py"", 198, ""app[\""pl_abs_min_trend5\""] = app[\""pl_min_trend5\""].abs()"", ""app[\""pl_min_trend5\""].abs()""], [""MENTION"", ""experiments\\exploration\\E0_I0014_residual_heterogeneity\\s04_screen.py"", 38, ""\""pl_min_trend5\"", \""pl_abs_min_trend5\"", \""pl_start_switch5\"","", """"]]"
E0_I0014_residual_heterogeneity,pl_start_switch5,3,IN_SCREEN,SUBSCRIPT_ASSIGN,experiments\exploration\E0_I0014_residual_heterogeneity\rh_base.py,204,"app[""pl_start_switch5""] = app.groupby([""season"", ""player_id""], sort=False)[""_sfchg""].transform(","app.groupby([""season"", ""player_id""], sort=False)[""_sfchg""].transform(","[[""SUBSCRIPT_ASSIGN"", ""experiments\\exploration\\E0_I0014_residual_heterogeneity\\rh_base.py"", 204, ""app[\""pl_start_switch5\""] = app.groupby([\""season\"", \""player_id\""], sort=False)[\""_sfchg\""].transform("", ""app.groupby([\""season\"", \""player_id\""], sort=False)[\""_sfchg\""].transform(""], [""MENTION"", ""experiments\\exploration\\E0_I0014_residual_heterogeneity\\s04_screen.py"", 38, ""\""pl_min_trend5\"", \""pl_abs_min_trend5\"", \""pl_start_switch5\"","", """"], [""MENTION"", ""experiments\\exploration\\E0_I0014_residual_heterogeneity\\s05_abstention.py"", 96, ""for cand in [\""pl_min_cv5\"", \""pl_min_sd5\"", \""pl_pts_sd5\"", \""pl_start_switch5\"", \""pl_rest_days\"","", """"]]"
E0_I0014_residual_heterogeneity,pl_rest_days,3,IN_SCREEN,SUBSCRIPT_ASSIGN,experiments\exploration\E0_I0014_residual_heterogeneity\rh_base.py,207,"app[""pl_rest_days""] = app.groupby([""season"", ""player_id""], sort=False)[""gdate""].transform(","app.groupby([""season"", ""player_id""], sort=False)[""gdate""].transform(","[[""SUBSCRIPT_ASSIGN"", ""experiments\\exploration\\E0_I0014_residual_heterogeneity\\rh_base.py"", 207, ""app[\""pl_rest_days\""] = app.groupby([\""season\"", \""player_id\""], sort=False)[\""gdate\""].transform("", ""app.groupby([\""season\"", \""player_id\""], sort=False)[\""gdate\""].transform(""], [""MENTION"", ""experiments\\exploration\\E0_I0014_residual_heterogeneity\\s04_screen.py"", 40, ""\""pl_rest_days\"", \""pl_teamgames_since_appear\"", \""pl_dnp_frac5\"","", """"], [""MENTION"", ""experiments\\exploration\\E0_I0014_residual_heterogeneity\\s05_abstention.py"", 96, ""for cand in [\""pl_min_cv5\"", \""pl_min_sd5\"", \""pl_pts_sd5\"", \""pl_start_switch5\"", \""pl_rest_days\"","", """"]]"
E0_I0014_residual_heterogeneity,pl_teamgames_since_appear,3,IN_SCREEN,SUBSCRIPT_ASSIGN,experiments\exploration\E0_I0014_residual_heterogeneity\rh_base.py,326,"d[""pl_teamgames_since_appear""] = d[""tm_game_idx""] - d[""_last_ap_idx""] - 1.0","d[""tm_game_idx""] - d[""_last_ap_idx""] - 1.0","[[""SUBSCRIPT_ASSIGN"", ""experiments\\exploration\\E0_I0014_residual_heterogeneity\\rh_base.py"", 326, ""d[\""pl_teamgames_since_appear\""] = d[\""tm_game_idx\""] - d[\""_last_ap_idx\""] - 1.0"", ""d[\""tm_game_idx\""] - d[\""_last_ap_idx\""] - 1.0""], [""MENTION"", ""experiments\\exploration\\E0_I0014_residual_heterogeneity\\rh_base.py"", 330, ""return d[[\""game_id\"", \""team_id\"", \""player_id\"", \""pl_teamgames_since_appear\"", \""pl_dnp_frac5\""]]"", """"], [""MENTION"", ""experiments\\exploration\\E0_I0014_residual_heterogeneity\\s04_screen.py"", 40, ""\""pl_rest_days\"", \""pl_teamgames_since_appear\"", \""pl_dnp_frac5\"","", """"]]"
E0_I0014_residual_heterogeneity,pl_dnp_frac5,6,IN_SCREEN,SUBSCRIPT_ASSIGN,experiments\exploration\E0_I0014_residual_heterogeneity\rh_base.py,328,"d[""pl_dnp_frac5""] = 1.0 - g[""_apf""].transform(","1.0 - g[""_apf""].transform(","[[""SUBSCRIPT_ASSIGN"", ""experiments\\exploration\\E0_I0014_residual_heterogeneity\\rh_base.py"", 328, ""d[\""pl_dnp_frac5\""] = 1.0 - g[\""_apf\""].transform("", ""1.0 - g[\""_apf\""].transform(""], [""MENTION"", ""experiments\\exploration\\E0_I0014_residual_heterogeneity\\rh_base.py"", 330, ""return d[[\""game_id\"", \""team_id\"", \""player_id\"", \""pl_teamgames_since_appear\"", \""pl_dnp_frac5\""]]"", """"], [""MENTION"", ""experiments\\exploration\\E0_I0014_residual_heterogeneity\\s04_screen.py"", 40, ""\""pl_rest_days\"", \""pl_teamgames_since_appear\"", \""pl_dnp_frac5\"","", """"], [""MENTION"", ""experiments\\exploration\\E0_I0014_residual_heterogeneity\\s05_abstention.py"", 97, ""\""tm_roster_churn_prior\"", \""tm_five_tenure_prior\"", \""pl_dnp_frac5\""]:"", """"], [""MENTION"", ""experiments\\exploration\\E0_I0014_residual_heterogeneity\\s05_abstention.py"", 134, ""(\""dnp_frac5_minutes\"", \""pl_dnp_frac5\"", \""minutes\"", +1),"", """"], [""MENTION"", ""experiments\\exploration\\E0_I0014_residual_heterogeneity\\s08_conditioning.py"", 49, ""\""tm_prior_meetings\"", \""pl_dnp_frac5\"", \""pts__pred_width\""]"", """"]]"
E0_I0014_residual_heterogeneity,tm_rest_days,13,WORKTREE,SUBSCRIPT_ASSIGN,experiments\exploration\E0_I0019_availability_forecast\s02_build_candidates.py,60,"tg[""tm_rest_days""] = g[""gdate""].transform(lambda x: (x - x.shift(1)).dt.days).astype(float)","g[""gdate""].transform(lambda x: (x - x.shift(1)).dt.days).astype(float)","[[""SUBSCRIPT_ASSIGN"", ""experiments\\exploration\\E0_I0019_availability_forecast\\s02_build_candidates.py"", 60, ""tg[\""tm_rest_days\""] = g[\""gdate\""].transform(lambda x: (x - x.shift(1)).dt.days).astype(float)"", ""g[\""gdate\""].transform(lambda x: (x - x.shift(1)).dt.days).astype(float)""], [""SUBSCRIPT_ASSIGN"", ""experiments\\exploration\\E0_I0019_availability_forecast\\s02_build_candidates.py"", 61, ""tg[\""tm_b2b\""] = (tg[\""tm_rest_days\""] == 1).astype(float)"", ""= 1).astype(float)""], [""DICT_VALUE"", ""experiments\\exploration\\E0_I0014_residual_heterogeneity\\rh_base.py"", 310, ""\""tm_rest_days\"": \""opp_rest_days\"", \""tm_game_idx\"": \""opp_game_idx\""})"", ""\""opp_rest_days\""""], [""COLUMNS_LIST"", ""experiments\\exploration\\E0_I0014_residual_heterogeneity\\rh_base.py"", 291, ""T = pd.DataFrame(rows, columns=[\""season\"", \""team_id\"", \""game_id\"", \""tm_game_idx\"", \""tm_rest_days\"","", """"], [""MENTION"", ""experiments\\exploration\\E0_I0014_residual_heterogeneity\\rh_base.py"", 307, ""opp = T[[\""season\"", \""game_id\"", \""team_id\"", \""tm_poss_mean_prior\"", \""tm_rest_days\"","", """"], [""MENTION"", ""experiments\\exploration\\E0_I0014_residual_heterogeneity\\rh_base.py"", 312, ""T[\""tm_rest_diff\""] = T[\""tm_rest_days\""] - T[\""opp_rest_days\""]"", """"], [""MENTION"", ""experiments\\exploration\\E0_I0014_residual_heterogeneity\\s04_screen.py"", 44, ""\""tm_rest_days\"", \""tm_b2b\"", \""tm_3in4\"", \""tm_games_prior7d\"", \""opp_rest_days\"", \""tm_rest_diff\"","", """"], [""MENTION"", ""experiments\\exploration\\E0_I0014_residual_heterogeneity\\s04_screen.py"", 63, ""FAMILY[c] = (\""schedule_state\"" if c in (\""tm_rest_days\"", \""tm_b2b\"", \""tm_3in4\"","", """"], [""MENTION"", ""experiments\\exploration\\E0_I0015_points_skill_decomposition\\s03_mechanism_and_abstention.py"", 219, ""\""tm_game_idx\"", \""tm_rest_days\"", \""tm_b2b\"", \""tm_3in4\"", \""tm_games_prior7d\"", \""tm_poss_mean_prior\"","", """"], [""MENTION"", ""experiments\\exploration\\E0_I0019_availability_forecast\\s02_build_candidates.py"", 129, ""\""tm_late_out_of_contention\"", \""tm_rest_days\"", \""tm_b2b\"", \""tm_3in4\"","", """"]]"
E0_I0014_residual_heterogeneity,tm_b2b,9,WORKTREE,SUBSCRIPT_ASSIGN,experiments\exploration\E0_I0019_availability_forecast\s02_build_candidates.py,61,"tg[""tm_b2b""] = (tg[""tm_rest_days""] == 1).astype(float)","(tg[""tm_rest_days""] == 1).astype(float)","[[""SUBSCRIPT_ASSIGN"", ""experiments\\exploration\\E0_I0019_availability_forecast\\s02_build_candidates.py"", 61, ""tg[\""tm_b2b\""] = (tg[\""tm_rest_days\""] == 1).astype(float)"", ""(tg[\""tm_rest_days\""] == 1).astype(float)""], [""MENTION"", ""experiments\\exploration\\E0_I0014_residual_heterogeneity\\rh_base.py"", 292, ""\""tm_b2b\"", \""tm_3in4\"", \""tm_games_prior7d\"", \""tm_poss_mean_prior\"","", """"], [""MENTION"", ""experiments\\exploration\\E0_I0014_residual_heterogeneity\\s04_screen.py"", 44, ""\""tm_rest_days\"", \""tm_b2b\"", \""tm_3in4\"", \""tm_games_prior7d\"", \""opp_rest_days\"", \""tm_rest_diff\"","", """"], [""MENTION"", ""experiments\\exploration\\E0_I0014_residual_heterogeneity\\s04_screen.py"", 63, ""FAMILY[c] = (\""schedule_state\"" if c in (\""tm_rest_days\"", \""tm_b2b\"", \""tm_3in4\"","", """"], [""MENTION"", ""experiments\\exploration\\E0_I0015_points_skill_decomposition\\s03_mechanism_and_abstention.py"", 219, ""\""tm_game_idx\"", \""tm_rest_days\"", \""tm_b2b\"", \""tm_3in4\"", \""tm_games_prior7d\"", \""tm_poss_mean_prior\"","", """"], [""MENTION"", ""experiments\\exploration\\E0_I0019_availability_forecast\\s02_build_candidates.py"", 129, ""\""tm_late_out_of_contention\"", \""tm_rest_days\"", \""tm_b2b\"", \""tm_3in4\"","", """"], [""MENTION"", ""experiments\\exploration\\E0_I0019_availability_forecast\\s02_build_candidates.py"", 342, ""\""F_schedule\"": [\""tm_rest_days\"", \""tm_b2b\"", \""tm_3in4\"", \""tm_games_prior7d\"", \""tm_is_home\""],"", """"], [""MENTION"", ""experiments\\exploration\\E1_I0044_broken_nulls_and_composites\\scripts\\s02_diagnose.py"", 44, ""TEAM_CANDS = [\""tm_rest_days\"", \""tm_b2b\"", \""tm_3in4\"", \""tm_games_prior7d\"", \""opp_rest_days\"","", """"], [""MENTION"", ""experiments\\exploration\\E1_I0044_broken_nulls_and_composites\\scripts\\_rebuild_e14.py"", 29, ""TEAM_CANDS = [\""tm_rest_days\"", \""tm_b2b\"", \""tm_3in4\"", \""tm_games_prior7d\"", \""opp_rest_days\"","", """"]]"
E0_I0014_residual_heterogeneity,tm_3in4,9,WORKTREE,SUBSCRIPT_ASSIGN,experiments\exploration\E0_I0019_availability_forecast\s02_build_candidates.py,82,"tg[""tm_3in4""] = (tg[""tm_n_prior3d""] >= 2).astype(float)","(tg[""tm_n_prior3d""] >= 2).astype(float)","[[""SUBSCRIPT_ASSIGN"", ""experiments\\exploration\\E0_I0019_availability_forecast\\s02_build_candidates.py"", 82, ""tg[\""tm_3in4\""] = (tg[\""tm_n_prior3d\""] >= 2).astype(float)"", ""(tg[\""tm_n_prior3d\""] >= 2).astype(float)""], [""MENTION"", ""experiments\\exploration\\E0_I0014_residual_heterogeneity\\rh_base.py"", 292, ""\""tm_b2b\"", \""tm_3in4\"", \""tm_games_prior7d\"", \""tm_poss_mean_prior\"","", """"], [""MENTION"", ""experiments\\exploration\\E0_I0014_residual_heterogeneity\\s04_screen.py"", 44, ""\""tm_rest_days\"", \""tm_b2b\"", \""tm_3in4\"", \""tm_games_prior7d\"", \""opp_rest_days\"", \""tm_rest_diff\"","", """"], [""MENTION"", ""experiments\\exploration\\E0_I0014_residual_heterogeneity\\s04_screen.py"", 63, ""FAMILY[c] = (\""schedule_state\"" if c in (\""tm_rest_days\"", \""tm_b2b\"", \""tm_3in4\"","", """"], [""MENTION"", ""experiments\\exploration\\E0_I0015_points_skill_decomposition\\s03_mechanism_and_abstention.py"", 219, ""\""tm_game_idx\"", \""tm_rest_days\"", \""tm_b2b\"", \""tm_3in4\"", \""tm_games_prior7d\"", \""tm_poss_mean_prior\"","", """"], [""MENTION"", ""experiments\\exploration\\E0_I0019_availability_forecast\\s02_build_candidates.py"", 129, ""\""tm_late_out_of_contention\"", \""tm_rest_days\"", \""tm_b2b\"", \""tm_3in4\"","", """"], [""MENTION"", ""experiments\\exploration\\E0_I0019_availability_forecast\\s02_build_candidates.py"", 342, ""\""F_schedule\"": [\""tm_rest_days\"", \""tm_b2b\"", \""tm_3in4\"", \""tm_games_prior7d\"", \""tm_is_home\""],"", """"], [""MENTION"", ""experiments\\exploration\\E1_I0044_broken_nulls_and_composites\\scripts\\s02_diagnose.py"", 44, ""TEAM_CANDS = [\""tm_rest_days\"", \""tm_b2b\"", \""tm_3in4\"", \""tm_games_prior7d\"", \""opp_rest_days\"","", """"], [""MENTION"", ""experiments\\exploration\\E1_I0044_broken_nulls_and_composites\\scripts\\_rebuild_e14.py"", 29, ""TEAM_CANDS = [\""tm_rest_days\"", \""tm_b2b\"", \""tm_3in4\"", \""tm_games_prior7d\"", \""opp_rest_days\"","", """"]]"
E0_I0014_residual_heterogeneity,tm_games_prior7d,9,WORKTREE,SUBSCRIPT_ASSIGN,experiments\exploration\E0_I0019_availability_forecast\s02_build_candidates.py,79,"gg[""tm_games_prior7d""] = _n_in_window(gg[""gdate""], 7)","_n_in_window(gg[""gdate""], 7)","[[""SUBSCRIPT_ASSIGN"", ""experiments\\exploration\\E0_I0019_availability_forecast\\s02_build_candidates.py"", 79, ""gg[\""tm_games_prior7d\""] = _n_in_window(gg[\""gdate\""], 7)"", ""_n_in_window(gg[\""gdate\""], 7)""], [""MENTION"", ""experiments\\exploration\\E0_I0014_residual_heterogeneity\\rh_base.py"", 292, ""\""tm_b2b\"", \""tm_3in4\"", \""tm_games_prior7d\"", \""tm_poss_mean_prior\"","", """"], [""MENTION"", ""experiments\\exploration\\E0_I0014_residual_heterogeneity\\s04_screen.py"", 44, ""\""tm_rest_days\"", \""tm_b2b\"", \""tm_3in4\"", \""tm_games_prior7d\"", \""opp_rest_days\"", \""tm_rest_diff\"","", """"], [""MENTION"", ""experiments\\exploration\\E0_I0014_residual_heterogeneity\\s04_screen.py"", 64, ""\""tm_games_prior7d\"", \""opp_rest_days\"", \""tm_rest_diff\"")"", """"], [""MENTION"", ""experiments\\exploration\\E0_I0015_points_skill_decomposition\\s03_mechanism_and_abstention.py"", 219, ""\""tm_game_idx\"", \""tm_rest_days\"", \""tm_b2b\"", \""tm_3in4\"", \""tm_games_prior7d\"", \""tm_poss_mean_prior\"","", """"], [""MENTION"", ""experiments\\exploration\\E0_I0019_availability_forecast\\s02_build_candidates.py"", 130, ""\""tm_games_prior7d\"", \""tm_is_home\"", \""tm_roster_churn_prior\"", \""tm_newfaces_prior\"","", """"], [""MENTION"", ""experiments\\exploration\\E0_I0019_availability_forecast\\s02_build_candidates.py"", 342, ""\""F_schedule\"": [\""tm_rest_days\"", \""tm_b2b\"", \""tm_3in4\"", \""tm_games_prior7d\"", \""tm_is_home\""],"", """"], [""MENTION"", ""experiments\\exploration\\E1_I0044_broken_nulls_and_composites\\scripts\\s02_diagnose.py"", 44, ""TEAM_CANDS = [\""tm_rest_days\"", \""tm_b2b\"", \""tm_3in4\"", \""tm_games_prior7d\"", \""opp_rest_days\"","", """"], [""MENTION"", ""experiments\\exploration\\E1_I0044_broken_nulls_and_composites\\scripts\\_rebuild_e14.py"", 29, ""TEAM_CANDS = [\""tm_rest_days\"", \""tm_b2b\"", \""tm_3in4\"", \""tm_games_prior7d\"", \""opp_rest_days\"","", """"]]"
E0_I0014_residual_heterogeneity,opp_rest_days,4,IN_SCREEN,MENTION,experiments\exploration\E0_I0014_residual_heterogeneity\rh_base.py,310,"""tm_rest_days"": ""opp_rest_days"", ""tm_game_idx"": ""opp_game_idx""})",,"[[""MENTION"", ""experiments\\exploration\\E0_I0014_residual_heterogeneity\\rh_base.py"", 310, ""\""tm_rest_days\"": \""opp_rest_days\"", \""tm_game_idx\"": \""opp_game_idx\""})"", """"], [""MENTION"", ""experiments\\exploration\\E0_I0014_residual_heterogeneity\\rh_base.py"", 312, ""T[\""tm_rest_diff\""] = T[\""tm_rest_days\""] - T[\""opp_rest_days\""]"", """"], [""MENTION"", ""experiments\\exploration\\E0_I0014_residual_heterogeneity\\s04_screen.py"", 44, ""\""tm_rest_days\"", \""tm_b2b\"", \""tm_3in4\"", \""tm_games_prior7d\"", \""opp_rest_days\"", \""tm_rest_diff\"","", """"], [""MENTION"", ""experiments\\exploration\\E0_I0014_residual_heterogeneity\\s04_screen.py"", 64, ""\""tm_games_prior7d\"", \""opp_rest_days\"", \""tm_rest_diff\"")"", """"]]"
E0_I0014_residual_heterogeneity,tm_rest_diff,3,IN_SCREEN,SUBSCRIPT_ASSIGN,experiments\exploration\E0_I0014_residual_heterogeneity\rh_base.py,312,"T[""tm_rest_diff""] = T[""tm_rest_days""] - T[""opp_rest_days""]","T[""tm_rest_days""] - T[""opp_rest_days""]","[[""SUBSCRIPT_ASSIGN"", ""experiments\\exploration\\E0_I0014_residual_heterogeneity\\rh_base.py"", 312, ""T[\""tm_rest_diff\""] = T[\""tm_rest_days\""] - T[\""opp_rest_days\""]"", ""T[\""tm_rest_days\""] - T[\""opp_rest_days\""]""], [""MENTION"", ""experiments\\exploration\\E0_I0014_residual_heterogeneity\\s04_screen.py"", 44, ""\""tm_rest_days\"", \""tm_b2b\"", \""tm_3in4\"", \""tm_games_prior7d\"", \""opp_rest_days\"", \""tm_rest_diff\"","", """"], [""MENTION"", ""experiments\\exploration\\E0_I0014_residual_heterogeneity\\s04_screen.py"", 64, ""\""tm_games_prior7d\"", \""opp_rest_days\"", \""tm_rest_diff\"")"", """"]]"
E0_I0014_residual_heterogeneity,tm_roster_churn_prior,3,IN_SCREEN,MENTION,experiments\exploration\E0_I0014_residual_heterogeneity\rh_base.py,293,"""tm_roster_churn_prior"", ""tm_newfaces_prior"",",,"[[""MENTION"", ""experiments\\exploration\\E0_I0014_residual_heterogeneity\\rh_base.py"", 293, ""\""tm_roster_churn_prior\"", \""tm_newfaces_prior\"","", """"], [""MENTION"", ""experiments\\exploration\\E0_I0014_residual_heterogeneity\\s04_screen.py"", 46, ""\""tm_roster_churn_prior\"", \""tm_newfaces_prior\"", \""tm_five_tenure_prior\"", \""tm_five_changed_prior\"","", """"], [""MENTION"", ""experiments\\exploration\\E0_I0014_residual_heterogeneity\\s05_abstention.py"", 97, ""\""tm_roster_churn_prior\"", \""tm_five_tenure_prior\"", \""pl_dnp_frac5\""]:"", """"]]"
E0_I0014_residual_heterogeneity,tm_newfaces_prior,8,IN_SCREEN,TUPLE_PAIR,experiments\exploration\E0_I0014_residual_heterogeneity\s08_conditioning.py,85,"mean_newfaces=(""tm_newfaces_prior"", ""mean""),","""mean""","[[""TUPLE_PAIR"", ""experiments\\exploration\\E0_I0014_residual_heterogeneity\\s08_conditioning.py"", 85, ""mean_newfaces=(\""tm_newfaces_prior\"", \""mean\""),"", ""\""mean\""""], [""MENTION"", ""experiments\\exploration\\E0_I0014_residual_heterogeneity\\rh_base.py"", 293, ""\""tm_roster_churn_prior\"", \""tm_newfaces_prior\"","", """"], [""MENTION"", ""experiments\\exploration\\E0_I0014_residual_heterogeneity\\s04_screen.py"", 46, ""\""tm_roster_churn_prior\"", \""tm_newfaces_prior\"", \""tm_five_tenure_prior\"", \""tm_five_changed_prior\"","", """"], [""MENTION"", ""experiments\\exploration\\E0_I0014_residual_heterogeneity\\s05_abstention.py"", 139, ""(\""newfaces_minutes\"", \""tm_newfaces_prior\"", \""minutes\"", +1),"", """"], [""MENTION"", ""experiments\\exploration\\E0_I0014_residual_heterogeneity\\s05_abstention.py"", 140, ""(\""newfaces_fga\"", \""tm_newfaces_prior\"", \""fga\"", +1),"", """"], [""MENTION"", ""experiments\\exploration\\E0_I0014_residual_heterogeneity\\s05_abstention.py"", 141, ""(\""newfaces_pts\"", \""tm_newfaces_prior\"", \""pts\"", +1),"", """"], [""MENTION"", ""experiments\\exploration\\E0_I0014_residual_heterogeneity\\s06_findings.py"", 323, ""\""candidate\"": \""tm_newfaces_prior\"", \""target\"": \""minutes\"","", """"], [""MENTION"", ""experiments\\exploration\\E0_I0014_residual_heterogeneity\\s08_conditioning.py"", 47, ""LEADS = [\""pl_games_prior\"", \""tm_newfaces_prior\"", \""tm_first_meeting\"", \""tm_game_idx\"","", """"]]"
E0_I0014_residual_heterogeneity,tm_five_tenure_prior,4,IN_SCREEN,MENTION,experiments\exploration\E0_I0014_residual_heterogeneity\rh_base.py,294,"""tm_five_tenure_prior"", ""tm_five_changed_prior""])",,"[[""MENTION"", ""experiments\\exploration\\E0_I0014_residual_heterogeneity\\rh_base.py"", 294, ""\""tm_five_tenure_prior\"", \""tm_five_changed_prior\""])"", """"], [""MENTION"", ""experiments\\exploration\\E0_I0014_residual_heterogeneity\\s04_screen.py"", 46, ""\""tm_roster_churn_prior\"", \""tm_newfaces_prior\"", \""tm_five_tenure_prior\"", \""tm_five_changed_prior\"","", """"], [""MENTION"", ""experiments\\exploration\\E0_I0014_residual_heterogeneity\\s05_abstention.py"", 97, ""\""tm_roster_churn_prior\"", \""tm_five_tenure_prior\"", \""pl_dnp_frac5\""]:"", """"], [""MENTION"", ""experiments\\exploration\\E0_I0014_residual_heterogeneity\\s08_conditioning.py"", 48, ""\""pl_minutes_prior\"", \""pts__is_fallback\"", \""tm_five_tenure_prior\"","", """"]]"
E0_I0014_residual_heterogeneity,tm_five_changed_prior,2,IN_SCREEN,MENTION,experiments\exploration\E0_I0014_residual_heterogeneity\rh_base.py,294,"""tm_five_tenure_prior"", ""tm_five_changed_prior""])",,"[[""MENTION"", ""experiments\\exploration\\E0_I0014_residual_heterogeneity\\rh_base.py"", 294, ""\""tm_five_tenure_prior\"", \""tm_five_changed_prior\""])"", """"], [""MENTION"", ""experiments\\exploration\\E0_I0014_residual_heterogeneity\\s04_screen.py"", 46, ""\""tm_roster_churn_prior\"", \""tm_newfaces_prior\"", \""tm_five_tenure_prior\"", \""tm_five_changed_prior\"","", """"]]"
E0_I0014_residual_heterogeneity,tm_prior_meetings,5,IN_SCREEN,SUBSCRIPT_ASSIGN,experiments\exploration\E0_I0014_residual_heterogeneity\rh_base.py,300,"mm[""tm_prior_meetings""] = mm.groupby([""season"", ""team_id"", ""opp_team_id""]).cumcount().astype(float)","mm.groupby([""season"", ""team_id"", ""opp_team_id""]).cumcount().astype(float)","[[""SUBSCRIPT_ASSIGN"", ""experiments\\exploration\\E0_I0014_residual_heterogeneity\\rh_base.py"", 300, ""mm[\""tm_prior_meetings\""] = mm.groupby([\""season\"", \""team_id\"", \""opp_team_id\""]).cumcount().astype(float)"", ""mm.groupby([\""season\"", \""team_id\"", \""opp_team_id\""]).cumcount().astype(float)""], [""SUBSCRIPT_ASSIGN"", ""experiments\\exploration\\E0_I0014_residual_heterogeneity\\rh_base.py"", 301, ""mm[\""tm_first_meeting\""] = (mm[\""tm_prior_meetings\""] == 0).astype(float)"", ""= 0).astype(float)""], [""MENTION"", ""experiments\\exploration\\E0_I0014_residual_heterogeneity\\rh_base.py"", 302, ""T = T.merge(mm[[\""season\"", \""team_id\"", \""game_id\"", \""tm_prior_meetings\"", \""tm_first_meeting\"","", """"], [""MENTION"", ""experiments\\exploration\\E0_I0014_residual_heterogeneity\\s04_screen.py"", 48, ""\""tm_prior_meetings\"", \""tm_first_meeting\"","", """"], [""MENTION"", ""experiments\\exploration\\E0_I0014_residual_heterogeneity\\s08_conditioning.py"", 49, ""\""tm_prior_meetings\"", \""pl_dnp_frac5\"", \""pts__pred_width\""]"", """"]]"
E0_I0014_residual_heterogeneity,tm_first_meeting,4,IN_SCREEN,SUBSCRIPT_ASSIGN,experiments\exploration\E0_I0014_residual_heterogeneity\rh_base.py,301,"mm[""tm_first_meeting""] = (mm[""tm_prior_meetings""] == 0).astype(float)","(mm[""tm_prior_meetings""] == 0).astype(float)","[[""SUBSCRIPT_ASSIGN"", ""experiments\\exploration\\E0_I0014_residual_heterogeneity\\rh_base.py"", 301, ""mm[\""tm_first_meeting\""] = (mm[\""tm_prior_meetings\""] == 0).astype(float)"", ""(mm[\""tm_prior_meetings\""] == 0).astype(float)""], [""MENTION"", ""experiments\\exploration\\E0_I0014_residual_heterogeneity\\rh_base.py"", 302, ""T = T.merge(mm[[\""season\"", \""team_id\"", \""game_id\"", \""tm_prior_meetings\"", \""tm_first_meeting\"","", """"], [""MENTION"", ""experiments\\exploration\\E0_I0014_residual_heterogeneity\\s04_screen.py"", 48, ""\""tm_prior_meetings\"", \""tm_first_meeting\"","", """"], [""MENTION"", ""experiments\\exploration\\E0_I0014_residual_heterogeneity\\s08_conditioning.py"", 47, ""LEADS = [\""pl_games_prior\"", \""tm_newfaces_prior\"", \""tm_first_meeting\"", \""tm_game_idx\"","", """"]]"
E0_I0014_residual_heterogeneity,tm_is_home,2,IN_SCREEN,SUBSCRIPT_ASSIGN,experiments\exploration\E0_I0014_residual_heterogeneity\rh_base.py,304,"T[""tm_is_home""] = T[""is_home""].astype(float)","T[""is_home""].astype(float)","[[""SUBSCRIPT_ASSIGN"", ""experiments\\exploration\\E0_I0014_residual_heterogeneity\\rh_base.py"", 304, ""T[\""tm_is_home\""] = T[\""is_home\""].astype(float)"", ""T[\""is_home\""].astype(float)""], [""MENTION"", ""experiments\\exploration\\E0_I0014_residual_heterogeneity\\s04_screen.py"", 50, ""\""tm_is_home\"", \""tm_game_idx\"", \""opp_game_idx\"", \""tm_poss_mean_prior\"", \""opp_poss_mean_prior\"","", """"]]"
E0_I0014_residual_heterogeneity,tm_game_idx,13,IN_SCREEN,NAME_ASSIGN,experiments\exploration\E0_I0014_residual_heterogeneity\rh_base.py,252,tm_game_idx = float(i),float(i),"[[""NAME_ASSIGN"", ""experiments\\exploration\\E0_I0014_residual_heterogeneity\\rh_base.py"", 252, ""tm_game_idx = float(i)"", ""float(i)""], [""TUPLE_PAIR"", ""experiments\\exploration\\E0_I0014_residual_heterogeneity\\s08_conditioning.py"", 84, ""mean_team_game_idx=(\""tm_game_idx\"", \""mean\""),"", ""\""mean\""""], [""DICT_VALUE"", ""experiments\\exploration\\E0_I0014_residual_heterogeneity\\rh_base.py"", 310, ""\""tm_rest_days\"": \""opp_rest_days\"", \""tm_game_idx\"": \""opp_game_idx\""})"", ""\""opp_game_idx\""""], [""COLUMNS_LIST"", ""experiments\\exploration\\E0_I0014_residual_heterogeneity\\rh_base.py"", 291, ""T = pd.DataFrame(rows, columns=[\""season\"", \""team_id\"", \""game_id\"", \""tm_game_idx\"", \""tm_rest_days\"","", """"], [""MENTION"", ""experiments\\exploration\\E0_I0014_residual_heterogeneity\\rh_base.py"", 295, ""T[\""tm_season_progress\""] = T[\""tm_game_idx\""] / 40.0"", """"], [""MENTION"", ""experiments\\exploration\\E0_I0014_residual_heterogeneity\\rh_base.py"", 308, ""\""tm_game_idx\""]].rename("", """"], [""MENTION"", ""experiments\\exploration\\E0_I0014_residual_heterogeneity\\rh_base.py"", 319, ""idx = T[[\""season\"", \""team_id\"", \""game_id\"", \""tm_game_idx\""]]"", """"], [""MENTION"", ""experiments\\exploration\\E0_I0014_residual_heterogeneity\\rh_base.py"", 321, ""d = d.sort_values([\""season\"", \""player_id\"", \""team_id\"", \""tm_game_idx\""])"", """"], [""MENTION"", ""experiments\\exploration\\E0_I0014_residual_heterogeneity\\rh_base.py"", 324, ""lambda x: x[\""tm_game_idx\""].where(x[\""appeared\""]).shift(1).ffill(), include_groups=False)"", """"], [""MENTION"", ""experiments\\exploration\\E0_I0014_residual_heterogeneity\\rh_base.py"", 326, ""d[\""pl_teamgames_since_appear\""] = d[\""tm_game_idx\""] - d[\""_last_ap_idx\""] - 1.0"", """"]]"
E0_I0014_residual_heterogeneity,opp_game_idx,2,IN_SCREEN,MENTION,experiments\exploration\E0_I0014_residual_heterogeneity\rh_base.py,310,"""tm_rest_days"": ""opp_rest_days"", ""tm_game_idx"": ""opp_game_idx""})",,"[[""MENTION"", ""experiments\\exploration\\E0_I0014_residual_heterogeneity\\rh_base.py"", 310, ""\""tm_rest_days\"": \""opp_rest_days\"", \""tm_game_idx\"": \""opp_game_idx\""})"", """"], [""MENTION"", ""experiments\\exploration\\E0_I0014_residual_heterogeneity\\s04_screen.py"", 50, ""\""tm_is_home\"", \""tm_game_idx\"", \""opp_game_idx\"", \""tm_poss_mean_prior\"", \""opp_poss_mean_prior\"","", """"]]"
E0_I0014_residual_heterogeneity,tm_poss_mean_prior,4,IN_SCREEN,DICT_VALUE,experiments\exploration\E0_I0014_residual_heterogeneity\rh_base.py,309,"columns={""team_id"": ""opp_team_id"", ""tm_poss_mean_prior"": ""opp_poss_mean_prior"",","""opp_poss_mean_prior""","[[""DICT_VALUE"", ""experiments\\exploration\\E0_I0014_residual_heterogeneity\\rh_base.py"", 309, ""columns={\""team_id\"": \""opp_team_id\"", \""tm_poss_mean_prior\"": \""opp_poss_mean_prior\"","", ""\""opp_poss_mean_prior\""""], [""MENTION"", ""experiments\\exploration\\E0_I0014_residual_heterogeneity\\rh_base.py"", 292, ""\""tm_b2b\"", \""tm_3in4\"", \""tm_games_prior7d\"", \""tm_poss_mean_prior\"","", """"], [""MENTION"", ""experiments\\exploration\\E0_I0014_residual_heterogeneity\\rh_base.py"", 307, ""opp = T[[\""season\"", \""game_id\"", \""team_id\"", \""tm_poss_mean_prior\"", \""tm_rest_days\"","", """"], [""MENTION"", ""experiments\\exploration\\E0_I0014_residual_heterogeneity\\s04_screen.py"", 50, ""\""tm_is_home\"", \""tm_game_idx\"", \""opp_game_idx\"", \""tm_poss_mean_prior\"", \""opp_poss_mean_prior\"","", """"]]"
E0_I0014_residual_heterogeneity,opp_poss_mean_prior,2,IN_SCREEN,MENTION,experiments\exploration\E0_I0014_residual_heterogeneity\rh_base.py,309,"columns={""team_id"": ""opp_team_id"", ""tm_poss_mean_prior"": ""opp_poss_mean_prior"",",,"[[""MENTION"", ""experiments\\exploration\\E0_I0014_residual_heterogeneity\\rh_base.py"", 309, ""columns={\""team_id\"": \""opp_team_id\"", \""tm_poss_mean_prior\"": \""opp_poss_mean_prior\"","", """"], [""MENTION"", ""experiments\\exploration\\E0_I0014_residual_heterogeneity\\s04_screen.py"", 50, ""\""tm_is_home\"", \""tm_game_idx\"", \""opp_game_idx\"", \""tm_poss_mean_prior\"", \""opp_poss_mean_prior\"","", """"]]"
E0_I0014_residual_heterogeneity,pts__pred_point,62,WORKTREE,SUBSCRIPT_ASSIGN,experiments\exploration\E0_I0015_points_skill_decomposition\s01_reproduce.py,171,"dd[""pts__pred_point""] = v",v,"[[""SUBSCRIPT_ASSIGN"", ""experiments\\exploration\\E0_I0015_points_skill_decomposition\\s01_reproduce.py"", 171, ""dd[\""pts__pred_point\""] = v"", ""v""], [""MENTION"", ""experiments\\exploration\\E0_I0014_residual_heterogeneity\\s05_abstention.py"", 129, ""(\""pred_point_pts\"", \""pts__pred_point\"", \""pts\"", +1),"", """"], [""MENTION"", ""experiments\\exploration\\E0_I0015_points_skill_decomposition\\psd_base.py"", 170, ""f[\""mdl_ppm\""] = f[\""pts__pred_point\""] / f[\""minutes__pred_point\""]"", """"], [""MENTION"", ""experiments\\exploration\\E0_I0015_points_skill_decomposition\\psd_base.py"", 173, ""f[\""pts__pred_point\""] / f[\""fga__pred_point\""].replace(0, np.nan), np.nan)"", """"], [""MENTION"", ""experiments\\exploration\\E0_I0015_points_skill_decomposition\\s00_inspect.py"", 12, ""\""y_pts\"",\""y_minutes\"",\""y_fga\"",\""pts__pred_point\"",\""minutes__pred_point\"",\""fga__pred_point\"","", """"], [""MENTION"", ""experiments\\exploration\\E0_I0015_points_skill_decomposition\\s01_reproduce.py"", 148, ""return B.skill(d[\""y_pts\""].to_numpy(float), d[\""pts__pred_point\""].to_numpy(float),"", """"], [""MENTION"", ""experiments\\exploration\\E0_I0015_points_skill_decomposition\\s01_reproduce.py"", 167, ""v = dd[\""pts__pred_point\""].to_numpy(float).copy()"", """"], [""MENTION"", ""experiments\\exploration\\E0_I0015_points_skill_decomposition\\s02_decompose_hybrid.py"", 50, ""(\""pts\"",           \""LEVEL\"", \""y_pts\"",     \""pts__pred_point\"",     [\""ref_pts\""]),"", """"], [""MENTION"", ""experiments\\exploration\\E0_I0015_points_skill_decomposition\\s02_decompose_hybrid.py"", 117, ""% float(np.max(np.abs(HYB[\""A\""][\""H1_model_min_x_model_rate\""] - f[\""pts__pred_point\""]))))"", """"], [""MENTION"", ""experiments\\exploration\\E0_I0015_points_skill_decomposition\\s02_decompose_hybrid.py"", 180, ""d = np.abs(y - f[\""pts__pred_point\""].to_numpy(float)) - np.abs(y - ref_pts)"", """"]]"
E0_I0014_residual_heterogeneity,pts__pred_sd,1,IN_SCREEN,MENTION,experiments\exploration\E0_I0014_residual_heterogeneity\s05_abstention.py,128,"(""pred_sd_pts"", ""pts__pred_sd"", ""pts"", +1),",,"[[""MENTION"", ""experiments\\exploration\\E0_I0014_residual_heterogeneity\\s05_abstention.py"", 128, ""(\""pred_sd_pts\"", \""pts__pred_sd\"", \""pts\"", +1),"", """"]]"
E0_I0014_residual_heterogeneity,pts__pred_width,5,IN_SCREEN,SUBSCRIPT_ASSIGN,experiments\exploration\E0_I0014_residual_heterogeneity\s08_conditioning.py,21,"f[""pts__pred_width""] = f[""pts__pred_q95""] - f[""pts__pred_q05""]","f[""pts__pred_q95""] - f[""pts__pred_q05""]","[[""SUBSCRIPT_ASSIGN"", ""experiments\\exploration\\E0_I0014_residual_heterogeneity\\s08_conditioning.py"", 21, ""f[\""pts__pred_width\""] = f[\""pts__pred_q95\""] - f[\""pts__pred_q05\""]"", ""f[\""pts__pred_q95\""] - f[\""pts__pred_q05\""]""], [""GENERATED[%s__pred_width]"", ""experiments\\exploration\\E0_I0014_residual_heterogeneity\\s04_screen.py"", 24, ""f[\""%s__pred_width\"" % t] = f[\""%s__pred_q95\"" % t] - f[\""%s__pred_q05\"" % t]"", ""f[\""%s__pred_q95\"" % t] - f[\""%s__pred_q05\"" % t]""], [""GENERATED[%s__pred_width]"", ""experiments\\exploration\\E0_I0014_residual_heterogeneity\\s05_abstention.py"", 28, ""f[\""%s__pred_width\"" % t] = f[\""%s__pred_q95\"" % t] - f[\""%s__pred_q05\"" % t]"", ""f[\""%s__pred_q95\"" % t] - f[\""%s__pred_q05\"" % t]""], [""MENTION"", ""experiments\\exploration\\E0_I0014_residual_heterogeneity\\s05_abstention.py"", 127, ""(\""pred_width_pts\"", \""pts__pred_width\"", \""pts\"", +1),"", """"], [""MENTION"", ""experiments\\exploration\\E0_I0014_residual_heterogeneity\\s08_conditioning.py"", 49, ""\""tm_prior_meetings\"", \""pl_dnp_frac5\"", \""pts__pred_width\""]"", """"]]"
E0_I0014_residual_heterogeneity,pts__pred_iqr,1,IN_SCREEN,GENERATED[%s__pred_iqr],experiments\exploration\E0_I0014_residual_heterogeneity\s04_screen.py,25,"f[""%s__pred_iqr"" % t] = f[""%s__pred_q75"" % t] - f[""%s__pred_q25"" % t]","f[""%s__pred_q75"" % t] - f[""%s__pred_q25"" % t]","[[""GENERATED[%s__pred_iqr]"", ""experiments\\exploration\\E0_I0014_residual_heterogeneity\\s04_screen.py"", 25, ""f[\""%s__pred_iqr\"" % t] = f[\""%s__pred_q75\"" % t] - f[\""%s__pred_q25\"" % t]"", ""f[\""%s__pred_q75\"" % t] - f[\""%s__pred_q25\"" % t]""]]"
E0_I0014_residual_heterogeneity,pts__pred_cv,2,IN_SCREEN,GENERATED[%s__pred_cv],experiments\exploration\E0_I0014_residual_heterogeneity\s04_screen.py,26,"f[""%s__pred_cv"" % t] = f[""%s__pred_sd"" % t] / f[""%s__pred_point"" % t].replace(0, np.nan)","f[""%s__pred_sd"" % t] / f[""%s__pred_point"" % t].replace(0, np.nan)","[[""GENERATED[%s__pred_cv]"", ""experiments\\exploration\\E0_I0014_residual_heterogeneity\\s04_screen.py"", 26, ""f[\""%s__pred_cv\"" % t] = f[\""%s__pred_sd\"" % t] / f[\""%s__pred_point\"" % t].replace(0, np.nan)"", ""f[\""%s__pred_sd\"" % t] / f[\""%s__pred_point\"" % t].replace(0, np.nan)""], [""GENERATED[%s__pred_cv]"", ""experiments\\exploration\\E0_I0014_residual_heterogeneity\\s05_abstention.py"", 29, ""f[\""%s__pred_cv\"" % t] = f[\""%s__pred_sd\"" % t] / f[\""%s__pred_point\"" % t].replace(0, np.nan)"", ""f[\""%s__pred_sd\"" % t] / f[\""%s__pred_point\"" % t].replace(0, np.nan)""]]"
E0_I0014_residual_heterogeneity,pts__is_fallback,6,IN_SCREEN,SUBSCRIPT_ASSIGN,experiments\exploration\E0_I0014_residual_heterogeneity\s08_conditioning.py,20,"f[""pts__is_fallback""] = f[""pts__is_fallback""].astype(float)","f[""pts__is_fallback""].astype(float)","[[""SUBSCRIPT_ASSIGN"", ""experiments\\exploration\\E0_I0014_residual_heterogeneity\\s08_conditioning.py"", 20, ""f[\""pts__is_fallback\""] = f[\""pts__is_fallback\""].astype(float)"", ""f[\""pts__is_fallback\""].astype(float)""], [""GENERATED[%s__is_fallback]"", ""experiments\\exploration\\E0_I0014_residual_heterogeneity\\s05_abstention.py"", 30, ""f[\""%s__is_fallback\"" % t] = f[\""%s__is_fallback\"" % t].astype(float)"", ""f[\""%s__is_fallback\"" % t].astype(float)""], [""TUPLE_PAIR"", ""experiments\\exploration\\E0_I0014_residual_heterogeneity\\s08_conditioning.py"", 86, ""fallback_rate=(\""pts__is_fallback\"", \""mean\""),"", ""\""mean\""""], [""MENTION"", ""experiments\\exploration\\E0_I0014_residual_heterogeneity\\s05_abstention.py"", 130, ""(\""is_fallback_minutes\"", \""pts__is_fallback\"", \""minutes\"", +1),"", """"], [""MENTION"", ""experiments\\exploration\\E0_I0014_residual_heterogeneity\\s05_abstention.py"", 210, ""fb = f[\""pts__is_fallback\""].to_numpy(float)"", """"], [""MENTION"", ""experiments\\exploration\\E0_I0014_residual_heterogeneity\\s08_conditioning.py"", 48, ""\""pl_minutes_prior\"", \""pts__is_fallback\"", \""tm_five_tenure_prior\"","", """"]]"
E0_I0014_residual_heterogeneity,pts__fallback_level,11,WORKTREE,MENTION,experiments\exploration\E0_I0015_points_skill_decomposition\s03_mechanism_and_abstention.py,223,"""pts__pred_sd"", ""pts__pred_width"", ""pts__pred_iqr"", ""pts__is_fallback"", ""pts__fallback_level"",",,"[[""MENTION"", ""experiments\\exploration\\E0_I0015_points_skill_decomposition\\s03_mechanism_and_abstention.py"", 223, ""\""pts__pred_sd\"", \""pts__pred_width\"", \""pts__pred_iqr\"", \""pts__is_fallback\"", \""pts__fallback_level\"","", """"], [""MENTION"", ""experiments\\exploration\\E1_I0020_coldstart_tiering\\s02b_diagnose.py"", 77, ""mean_fallback_level=float(s[\""pts__fallback_level\""].mean()),"", """"], [""MENTION"", ""experiments\\exploration\\E1_I0022_optimal_simple_estimator\\s06_fallback_anatomy.py"", 37, ""lv = f[\""pts__fallback_level\""].to_numpy(int)"", """"], [""MENTION"", ""experiments\\exploration\\E1_I0032_aggregate_stack\\scripts\\s04b_attrition.py"", 26, ""cols = [\""pts__fallback_level\"", \""minutes__fallback_level\"", \""fga__fallback_level\"","", """"], [""MENTION"", ""experiments\\exploration\\E1_I0032_aggregate_stack\\scripts\\s04b_attrition.py"", 32, ""fl = pd.to_numeric(sub[\""pts__fallback_level\""], errors=\""coerce\"").to_numpy(float)"", """"], [""MENTION"", ""experiments\\exploration\\E1_I0032_aggregate_stack\\scripts\\s04c_universe.py"", 58, ""fl = pd.to_numeric(mg2[\""pts__fallback_level\""], errors=\""coerce\"").to_numpy(float)"", """"], [""MENTION"", ""experiments\\exploration\\E1_I0032_aggregate_stack\\scripts\\s04_build.py"", 42, ""\""pts__fallback_level\"", \""minutes__fallback_level\"", \""fga__fallback_level\"","", """"], [""MENTION"", ""experiments\\exploration\\E1_I0032_aggregate_stack\\scripts\\s06_build.py"", 43, ""\""pts__fallback_level\"", \""minutes__fallback_level\"", \""fga__fallback_level\"","", """"], [""MENTION"", ""experiments\\exploration\\E1_I0032_aggregate_stack\\scripts\\s07_reproduce.py"", 83, ""\""pts__fallback_level\""]].drop_duplicates(K), on=K, how=\""left\"")"", """"], [""MENTION"", ""experiments\\exploration\\E1_I0032_aggregate_stack\\scripts\\stack_base.py"", 47, ""FALLBACK_COL = {\""pts\"": \""pts__fallback_level\"", \""minutes\"": \""minutes__fallback_level\"","", """"]]"
E0_I0014_residual_heterogeneity,pts__is_cold_start,1,IN_SCREEN,GENERATED[%s__is_cold_start],experiments\exploration\E0_I0014_residual_heterogeneity\s03_build_frame.py,65,"cs = z[z[""%s__is_cold_start"" % t] == True]",= True],"[[""GENERATED[%s__is_cold_start]"", ""experiments\\exploration\\E0_I0014_residual_heterogeneity\\s03_build_frame.py"", 65, ""cs = z[z[\""%s__is_cold_start\"" % t] == True]"", ""= True]""]]"
E0_I0014_residual_heterogeneity,pts__n_prior_games,2,WORKTREE,MENTION,experiments\exploration\E0_I0015_points_skill_decomposition\s03_mechanism_and_abstention.py,224,"""pts__is_cold_start"", ""pts__n_prior_games"", ""minutes__pred_sd"", ""minutes__pred_width"",",,"[[""MENTION"", ""experiments\\exploration\\E0_I0015_points_skill_decomposition\\s03_mechanism_and_abstention.py"", 224, ""\""pts__is_cold_start\"", \""pts__n_prior_games\"", \""minutes__pred_sd\"", \""minutes__pred_width\"","", """"], [""MENTION"", ""experiments\\exploration\\E1_I0032_aggregate_stack\\scripts\\s04c_universe.py"", 38, ""for c in (\""pl_games_prior\"", \""pl_min_mean5\"", \""pl_minutes_prior\"", \""pts__n_prior_games\""):"", """"]]"
E0_I0014_residual_heterogeneity,minutes__pred_point,41,WORKTREE,MENTION,experiments\exploration\E0_I0015_points_skill_decomposition\psd_base.py,170,"f[""mdl_ppm""] = f[""pts__pred_point""] / f[""minutes__pred_point""]",,"[[""MENTION"", ""experiments\\exploration\\E0_I0015_points_skill_decomposition\\psd_base.py"", 170, ""f[\""mdl_ppm\""] = f[\""pts__pred_point\""] / f[\""minutes__pred_point\""]"", """"], [""MENTION"", ""experiments\\exploration\\E0_I0015_points_skill_decomposition\\psd_base.py"", 171, ""f[\""mdl_fpm\""] = f[\""fga__pred_point\""] / f[\""minutes__pred_point\""]"", """"], [""MENTION"", ""experiments\\exploration\\E0_I0015_points_skill_decomposition\\s00_inspect.py"", 12, ""\""y_pts\"",\""y_minutes\"",\""y_fga\"",\""pts__pred_point\"",\""minutes__pred_point\"",\""fga__pred_point\"","", """"], [""MENTION"", ""experiments\\exploration\\E0_I0015_points_skill_decomposition\\s00_inspect.py"", 19, ""print(\""--- pred minutes <=0:\"", int((f[\""minutes__pred_point\""]<=0).sum()))"", """"], [""MENTION"", ""experiments\\exploration\\E0_I0015_points_skill_decomposition\\s00_inspect.py"", 21, ""print(\""--- min pred minutes\"", f[\""minutes__pred_point\""].min(), \""min pred fga\"", f[\""fga__pred_point\""].min())"", """"], [""MENTION"", ""experiments\\exploration\\E0_I0015_points_skill_decomposition\\s02_decompose_hybrid.py"", 48, ""(\""minutes\"",       \""LEVEL\"", \""y_minutes\"", \""minutes__pred_point\"", [\""ref_minutes\""]),"", """"], [""MENTION"", ""experiments\\exploration\\E0_I0015_points_skill_decomposition\\s02_decompose_hybrid.py"", 102, ""mmin = f[\""minutes__pred_point\""].to_numpy(float)"", """"], [""MENTION"", ""experiments\\exploration\\E0_I0015_points_skill_decomposition\\s02_decompose_hybrid.py"", 270, ""(\""O5    model minutes x SEASON-MEAN rate\"",      f[\""minutes__pred_point\""].to_numpy(float) * f[\""_o_ppm_mean\""].to_numpy(float), \""ORACLE\""),"", """"], [""MENTION"", ""experiments\\exploration\\E0_I0015_points_skill_decomposition\\s02_decompose_hybrid.py"", 332, ""mae_oracle_rate = B.mae(y, f[\""minutes__pred_point\""].to_numpy(float) * f[\""r_ppm\""].to_numpy(float))"", """"], [""MENTION"", ""experiments\\exploration\\E0_I0015_points_skill_decomposition\\s03_mechanism_and_abstention.py"", 32, ""mmin = f[\""minutes__pred_point\""].to_numpy(float)"", """"]]"
E0_I0014_residual_heterogeneity,minutes__pred_sd,1,WORKTREE,MENTION,experiments\exploration\E0_I0015_points_skill_decomposition\s03_mechanism_and_abstention.py,224,"""pts__is_cold_start"", ""pts__n_prior_games"", ""minutes__pred_sd"", ""minutes__pred_width"",",,"[[""MENTION"", ""experiments\\exploration\\E0_I0015_points_skill_decomposition\\s03_mechanism_and_abstention.py"", 224, ""\""pts__is_cold_start\"", \""pts__n_prior_games\"", \""minutes__pred_sd\"", \""minutes__pred_width\"","", """"]]"
E0_I0014_residual_heterogeneity,minutes__pred_width,3,IN_SCREEN,GENERATED[%s__pred_width],experiments\exploration\E0_I0014_residual_heterogeneity\s04_screen.py,24,"f[""%s__pred_width"" % t] = f[""%s__pred_q95"" % t] - f[""%s__pred_q05"" % t]","f[""%s__pred_q95"" % t] - f[""%s__pred_q05"" % t]","[[""GENERATED[%s__pred_width]"", ""experiments\\exploration\\E0_I0014_residual_heterogeneity\\s04_screen.py"", 24, ""f[\""%s__pred_width\"" % t] = f[\""%s__pred_q95\"" % t] - f[\""%s__pred_q05\"" % t]"", ""f[\""%s__pred_q95\"" % t] - f[\""%s__pred_q05\"" % t]""], [""GENERATED[%s__pred_width]"", ""experiments\\exploration\\E0_I0014_residual_heterogeneity\\s05_abstention.py"", 28, ""f[\""%s__pred_width\"" % t] = f[\""%s__pred_q95\"" % t] - f[\""%s__pred_q05\"" % t]"", ""f[\""%s__pred_q95\"" % t] - f[\""%s__pred_q05\"" % t]""], [""MENTION"", ""experiments\\exploration\\E0_I0014_residual_heterogeneity\\s05_abstention.py"", 135, ""(\""pred_width_minutes\"", \""minutes__pred_width\"", \""minutes\"", +1),"", """"]]"
E0_I0014_residual_heterogeneity,minutes__pred_iqr,1,IN_SCREEN,GENERATED[%s__pred_iqr],experiments\exploration\E0_I0014_residual_heterogeneity\s04_screen.py,25,"f[""%s__pred_iqr"" % t] = f[""%s__pred_q75"" % t] - f[""%s__pred_q25"" % t]","f[""%s__pred_q75"" % t] - f[""%s__pred_q25"" % t]","[[""GENERATED[%s__pred_iqr]"", ""experiments\\exploration\\E0_I0014_residual_heterogeneity\\s04_screen.py"", 25, ""f[\""%s__pred_iqr\"" % t] = f[\""%s__pred_q75\"" % t] - f[\""%s__pred_q25\"" % t]"", ""f[\""%s__pred_q75\"" % t] - f[\""%s__pred_q25\"" % t]""]]"
E0_I0014_residual_heterogeneity,minutes__pred_cv,2,IN_SCREEN,GENERATED[%s__pred_cv],experiments\exploration\E0_I0014_residual_heterogeneity\s04_screen.py,26,"f[""%s__pred_cv"" % t] = f[""%s__pred_sd"" % t] / f[""%s__pred_point"" % t].replace(0, np.nan)","f[""%s__pred_sd"" % t] / f[""%s__pred_point"" % t].replace(0, np.nan)","[[""GENERATED[%s__pred_cv]"", ""experiments\\exploration\\E0_I0014_residual_heterogeneity\\s04_screen.py"", 26, ""f[\""%s__pred_cv\"" % t] = f[\""%s__pred_sd\"" % t] / f[\""%s__pred_point\"" % t].replace(0, np.nan)"", ""f[\""%s__pred_sd\"" % t] / f[\""%s__pred_point\"" % t].replace(0, np.nan)""], [""GENERATED[%s__pred_cv]"", ""experiments\\exploration\\E0_I0014_residual_heterogeneity\\s05_abstention.py"", 29, ""f[\""%s__pred_cv\"" % t] = f[\""%s__pred_sd\"" % t] / f[\""%s__pred_point\"" % t].replace(0, np.nan)"", ""f[\""%s__pred_sd\"" % t] / f[\""%s__pred_point\"" % t].replace(0, np.nan)""]]"
E0_I0014_residual_heterogeneity,fga__pred_point,38,WORKTREE,MENTION,experiments\exploration\E0_I0015_points_skill_decomposition\psd_base.py,171,"f[""mdl_fpm""] = f[""fga__pred_point""] / f[""minutes__pred_point""]",,"[[""MENTION"", ""experiments\\exploration\\E0_I0015_points_skill_decomposition\\psd_base.py"", 171, ""f[\""mdl_fpm\""] = f[\""fga__pred_point\""] / f[\""minutes__pred_point\""]"", """"], [""MENTION"", ""experiments\\exploration\\E0_I0015_points_skill_decomposition\\psd_base.py"", 172, ""f[\""mdl_ppf\""] = np.where(f[\""fga__pred_point\""] > 0,"", """"], [""MENTION"", ""experiments\\exploration\\E0_I0015_points_skill_decomposition\\psd_base.py"", 173, ""f[\""pts__pred_point\""] / f[\""fga__pred_point\""].replace(0, np.nan), np.nan)"", """"], [""MENTION"", ""experiments\\exploration\\E0_I0015_points_skill_decomposition\\s00_inspect.py"", 12, ""\""y_pts\"",\""y_minutes\"",\""y_fga\"",\""pts__pred_point\"",\""minutes__pred_point\"",\""fga__pred_point\"","", """"], [""MENTION"", ""experiments\\exploration\\E0_I0015_points_skill_decomposition\\s00_inspect.py"", 20, ""print(\""--- pred fga <=0:\"", int((f[\""fga__pred_point\""]<=0).sum()))"", """"], [""MENTION"", ""experiments\\exploration\\E0_I0015_points_skill_decomposition\\s00_inspect.py"", 21, ""print(\""--- min pred minutes\"", f[\""minutes__pred_point\""].min(), \""min pred fga\"", f[\""fga__pred_point\""].min())"", """"], [""MENTION"", ""experiments\\exploration\\E0_I0015_points_skill_decomposition\\s02_decompose_hybrid.py"", 49, ""(\""fga\"",           \""LEVEL\"", \""y_fga\"",     \""fga__pred_point\"",     [\""ref_fga\""]),"", """"], [""MENTION"", ""experiments\\exploration\\E0_I0015_points_skill_decomposition\\s02_decompose_hybrid.py"", 200, ""mfga = f[\""fga__pred_point\""].to_numpy(float)"", """"], [""MENTION"", ""experiments\\exploration\\E0_I0015_points_skill_decomposition\\s05_stratified.py"", 151, ""(\""fga\"", \""y_fga\"", \""fga__pred_point\"", \""ref_fga\""),"", """"], [""MENTION"", ""experiments\\exploration\\E1_I0004_efficiency_transfer\\s02_build.py"", 220, ""f[\""cand%s_pts\"" % tag] = f[\""pts__pred_point\""] + f[\""adj%s_ppf\"" % tag] * f[\""fga__pred_point\""]"", """"]]"
E0_I0014_residual_heterogeneity,fga__pred_sd,1,WORKTREE,MENTION,experiments\exploration\E0_I0015_points_skill_decomposition\s03_mechanism_and_abstention.py,225,"""minutes__is_fallback"", ""fga__pred_sd"", ""fga__pred_width"", ""fga__is_fallback"",",,"[[""MENTION"", ""experiments\\exploration\\E0_I0015_points_skill_decomposition\\s03_mechanism_and_abstention.py"", 225, ""\""minutes__is_fallback\"", \""fga__pred_sd\"", \""fga__pred_width\"", \""fga__is_fallback\"","", """"]]"
E0_I0014_residual_heterogeneity,fga__pred_width,3,IN_SCREEN,GENERATED[%s__pred_width],experiments\exploration\E0_I0014_residual_heterogeneity\s04_screen.py,24,"f[""%s__pred_width"" % t] = f[""%s__pred_q95"" % t] - f[""%s__pred_q05"" % t]","f[""%s__pred_q95"" % t] - f[""%s__pred_q05"" % t]","[[""GENERATED[%s__pred_width]"", ""experiments\\exploration\\E0_I0014_residual_heterogeneity\\s04_screen.py"", 24, ""f[\""%s__pred_width\"" % t] = f[\""%s__pred_q95\"" % t] - f[\""%s__pred_q05\"" % t]"", ""f[\""%s__pred_q95\"" % t] - f[\""%s__pred_q05\"" % t]""], [""GENERATED[%s__pred_width]"", ""experiments\\exploration\\E0_I0014_residual_heterogeneity\\s05_abstention.py"", 28, ""f[\""%s__pred_width\"" % t] = f[\""%s__pred_q95\"" % t] - f[\""%s__pred_q05\"" % t]"", ""f[\""%s__pred_q95\"" % t] - f[\""%s__pred_q05\"" % t]""], [""MENTION"", ""experiments\\exploration\\E0_I0014_residual_heterogeneity\\s05_abstention.py"", 136, ""(\""pred_width_fga\"", \""fga__pred_width\"", \""fga\"", +1),"", """"]]"
E0_I0014_residual_heterogeneity,fga__pred_iqr,1,IN_SCREEN,GENERATED[%s__pred_iqr],experiments\exploration\E0_I0014_residual_heterogeneity\s04_screen.py,25,"f[""%s__pred_iqr"" % t] = f[""%s__pred_q75"" % t] - f[""%s__pred_q25"" % t]","f[""%s__pred_q75"" % t] - f[""%s__pred_q25"" % t]","[[""GENERATED[%s__pred_iqr]"", ""experiments\\exploration\\E0_I0014_residual_heterogeneity\\s04_screen.py"", 25, ""f[\""%s__pred_iqr\"" % t] = f[\""%s__pred_q75\"" % t] - f[\""%s__pred_q25\"" % t]"", ""f[\""%s__pred_q75\"" % t] - f[\""%s__pred_q25\"" % t]""]]"
E0_I0014_residual_heterogeneity,fga__pred_cv,2,IN_SCREEN,GENERATED[%s__pred_cv],experiments\exploration\E0_I0014_residual_heterogeneity\s04_screen.py,26,"f[""%s__pred_cv"" % t] = f[""%s__pred_sd"" % t] / f[""%s__pred_point"" % t].replace(0, np.nan)","f[""%s__pred_sd"" % t] / f[""%s__pred_point"" % t].replace(0, np.nan)","[[""GENERATED[%s__pred_cv]"", ""experiments\\exploration\\E0_I0014_residual_heterogeneity\\s04_screen.py"", 26, ""f[\""%s__pred_cv\"" % t] = f[\""%s__pred_sd\"" % t] / f[\""%s__pred_point\"" % t].replace(0, np.nan)"", ""f[\""%s__pred_sd\"" % t] / f[\""%s__pred_point\"" % t].replace(0, np.nan)""], [""GENERATED[%s__pred_cv]"", ""experiments\\exploration\\E0_I0014_residual_heterogeneity\\s05_abstention.py"", 29, ""f[\""%s__pred_cv\"" % t] = f[\""%s__pred_sd\"" % t] / f[\""%s__pred_point\"" % t].replace(0, np.nan)"", ""f[\""%s__pred_sd\"" % t] / f[\""%s__pred_point\"" % t].replace(0, np.nan)""]]"
E0_I0016_efficiency_predictors,A01_opp_efg_allowed,10,IN_SCREEN,SUBSCRIPT_ASSIGN,experiments\exploration\E0_I0016_efficiency_predictors\s01_build_frame.py,89,"tprior[""A01_opp_efg_allowed""] = safe_div(PS[""opp_fgm""] + 0.5 * PS[""opp_fg3m""], PS[""opp_fga""])","safe_div(PS[""opp_fgm""] + 0.5 * PS[""opp_fg3m""], PS[""opp_fga""])","[[""SUBSCRIPT_ASSIGN"", ""experiments\\exploration\\E0_I0016_efficiency_predictors\\s01_build_frame.py"", 89, ""tprior[\""A01_opp_efg_allowed\""] = safe_div(PS[\""opp_fgm\""] + 0.5 * PS[\""opp_fg3m\""], PS[\""opp_fga\""])"", ""safe_div(PS[\""opp_fgm\""] + 0.5 * PS[\""opp_fg3m\""], PS[\""opp_fga\""])""], [""MENTION"", ""experiments\\exploration\\E0_I0016_efficiency_predictors\\ep_base.py"", 175, ""for _c in [\""A01_opp_efg_allowed\"", \""A02_opp_ts_allowed\"", \""A03_opp_paintpts_allowed\"", \""A04_opp_blk\"","", """"], [""MENTION"", ""experiments\\exploration\\E0_I0016_efficiency_predictors\\KIT_BUG_REPRO.py"", 63, ""\""candidate\"": [\""A01_opp_efg_allowed\"", \""B05_matchup_fouldraw\"", \""C07_pl_usage_rank\"", \""G01_noise\""],"", """"], [""MENTION"", ""experiments\\exploration\\E0_I0016_efficiency_predictors\\s02_screen.py"", 77, ""_x = f[\""A01_opp_efg_allowed\""].to_numpy(float)"", """"], [""MENTION"", ""experiments\\exploration\\E0_I0016_efficiency_predictors\\s02_screen.py"", 80, ""_sub = f.loc[_m, [\""A01_opp_efg_allowed\"", \""opp_team_id\"", \""season\"", \""game_id\"", \""game_date\""]].reset_index(drop=True)"", """"], [""MENTION"", ""experiments\\exploration\\E0_I0016_efficiency_predictors\\s02_screen.py"", 84, ""return _bf.dr2(pd.to_numeric(d[\""A01_opp_efg_allowed\""], errors=\""coerce\"").to_numpy(float))"", """"], [""MENTION"", ""experiments\\exploration\\E0_I0016_efficiency_predictors\\s02_screen_SUPERSEDED.py"", 38, ""for c in [\""A01_opp_efg_allowed\"", \""A02_opp_ts_allowed\"", \""A03_opp_paintpts_allowed\"", \""A04_opp_blk\"","", """"], [""MENTION"", ""experiments\\exploration\\E0_I0016_efficiency_predictors\\s02_screen_SUPERSEDED.py"", 79, ""_m = np.isfinite(_y) & np.isfinite(_r) & np.isfinite(f[\""A01_opp_efg_allowed\""].to_numpy(float))"", """"], [""MENTION"", ""experiments\\exploration\\E0_I0016_efficiency_predictors\\s02_screen_SUPERSEDED.py"", 81, ""_sub = f.loc[_m, [\""A01_opp_efg_allowed\""]].reset_index(drop=True)"", """"], [""MENTION"", ""experiments\\exploration\\E0_I0016_efficiency_predictors\\s02_screen_SUPERSEDED.py"", 85, ""return _bf.dr2(pd.to_numeric(d[\""A01_opp_efg_allowed\""], errors=\""coerce\"").to_numpy(float))"", """"]]"
E0_I0016_efficiency_predictors,A02_opp_ts_allowed,3,IN_SCREEN,SUBSCRIPT_ASSIGN,experiments\exploration\E0_I0016_efficiency_predictors\s01_build_frame.py,90,"tprior[""A02_opp_ts_allowed""] = safe_div(PS[""opp_pts""], 2.0 * (PS[""opp_fga""] + 0.44 * PS[""opp_fta""]))","safe_div(PS[""opp_pts""], 2.0 * (PS[""opp_fga""] + 0.44 * PS[""opp_fta""]))","[[""SUBSCRIPT_ASSIGN"", ""experiments\\exploration\\E0_I0016_efficiency_predictors\\s01_build_frame.py"", 90, ""tprior[\""A02_opp_ts_allowed\""] = safe_div(PS[\""opp_pts\""], 2.0 * (PS[\""opp_fga\""] + 0.44 * PS[\""opp_fta\""]))"", ""safe_div(PS[\""opp_pts\""], 2.0 * (PS[\""opp_fga\""] + 0.44 * PS[\""opp_fta\""]))""], [""MENTION"", ""experiments\\exploration\\E0_I0016_efficiency_predictors\\ep_base.py"", 175, ""for _c in [\""A01_opp_efg_allowed\"", \""A02_opp_ts_allowed\"", \""A03_opp_paintpts_allowed\"", \""A04_opp_blk\"","", """"], [""MENTION"", ""experiments\\exploration\\E0_I0016_efficiency_predictors\\s02_screen_SUPERSEDED.py"", 38, ""for c in [\""A01_opp_efg_allowed\"", \""A02_opp_ts_allowed\"", \""A03_opp_paintpts_allowed\"", \""A04_opp_blk\"","", """"]]"
E0_I0016_efficiency_predictors,A03_opp_paintpts_allowed,3,IN_SCREEN,SUBSCRIPT_ASSIGN,experiments\exploration\E0_I0016_efficiency_predictors\s01_build_frame.py,91,"tprior[""A03_opp_paintpts_allowed""] = safe_div(PS[""opp_points_paint""], mt[""_tm_prior_games""])","safe_div(PS[""opp_points_paint""], mt[""_tm_prior_games""])","[[""SUBSCRIPT_ASSIGN"", ""experiments\\exploration\\E0_I0016_efficiency_predictors\\s01_build_frame.py"", 91, ""tprior[\""A03_opp_paintpts_allowed\""] = safe_div(PS[\""opp_points_paint\""], mt[\""_tm_prior_games\""])"", ""safe_div(PS[\""opp_points_paint\""], mt[\""_tm_prior_games\""])""], [""MENTION"", ""experiments\\exploration\\E0_I0016_efficiency_predictors\\ep_base.py"", 175, ""for _c in [\""A01_opp_efg_allowed\"", \""A02_opp_ts_allowed\"", \""A03_opp_paintpts_allowed\"", \""A04_opp_blk\"","", """"], [""MENTION"", ""experiments\\exploration\\E0_I0016_efficiency_predictors\\s02_screen_SUPERSEDED.py"", 38, ""for c in [\""A01_opp_efg_allowed\"", \""A02_opp_ts_allowed\"", \""A03_opp_paintpts_allowed\"", \""A04_opp_blk\"","", """"]]"
E0_I0016_efficiency_predictors,A04_opp_blk,5,IN_SCREEN,SUBSCRIPT_ASSIGN,experiments\exploration\E0_I0016_efficiency_predictors\s01_build_frame.py,92,"tprior[""A04_opp_blk""] = safe_div(PS[""blk""], mt[""_tm_prior_games""])","safe_div(PS[""blk""], mt[""_tm_prior_games""])","[[""SUBSCRIPT_ASSIGN"", ""experiments\\exploration\\E0_I0016_efficiency_predictors\\s01_build_frame.py"", 92, ""tprior[\""A04_opp_blk\""] = safe_div(PS[\""blk\""], mt[\""_tm_prior_games\""])"", ""safe_div(PS[\""blk\""], mt[\""_tm_prior_games\""])""], [""MENTION"", ""experiments\\exploration\\E0_I0016_efficiency_predictors\\ep_base.py"", 175, ""for _c in [\""A01_opp_efg_allowed\"", \""A02_opp_ts_allowed\"", \""A03_opp_paintpts_allowed\"", \""A04_opp_blk\"","", """"], [""MENTION"", ""experiments\\exploration\\E0_I0016_efficiency_predictors\\s01_build_frame.py"", 248, ""pl[\""E05_paint_vs_opp_rim\""] = pl[\""E02_pl_paintpts_share\""] * pl[\""A04_opp_blk\""]"", """"], [""MENTION"", ""experiments\\exploration\\E0_I0016_efficiency_predictors\\s02_screen_SUPERSEDED.py"", 38, ""for c in [\""A01_opp_efg_allowed\"", \""A02_opp_ts_allowed\"", \""A03_opp_paintpts_allowed\"", \""A04_opp_blk\"","", """"], [""MENTION"", ""experiments\\exploration\\E0_I0016_efficiency_predictors\\s03_survivors.py"", 57, ""\""E05_paint_vs_opp_rim\"": [\""E02_pl_paintpts_share\"", \""A04_opp_blk\""],"", """"]]"
E0_I0016_efficiency_predictors,A05_opp_fg3pct_allowed,5,IN_SCREEN,SUBSCRIPT_ASSIGN,experiments\exploration\E0_I0016_efficiency_predictors\s01_build_frame.py,93,"tprior[""A05_opp_fg3pct_allowed""] = safe_div(PS[""opp_fg3m""], PS[""opp_fg3a""])","safe_div(PS[""opp_fg3m""], PS[""opp_fg3a""])","[[""SUBSCRIPT_ASSIGN"", ""experiments\\exploration\\E0_I0016_efficiency_predictors\\s01_build_frame.py"", 93, ""tprior[\""A05_opp_fg3pct_allowed\""] = safe_div(PS[\""opp_fg3m\""], PS[\""opp_fg3a\""])"", ""safe_div(PS[\""opp_fg3m\""], PS[\""opp_fg3a\""])""], [""MENTION"", ""experiments\\exploration\\E0_I0016_efficiency_predictors\\ep_base.py"", 176, ""\""A05_opp_fg3pct_allowed\"", \""A06_opp_fg3a_share_allowed\"", \""A07_opp_ftrate_allowed\"","", """"], [""MENTION"", ""experiments\\exploration\\E0_I0016_efficiency_predictors\\s01_build_frame.py"", 247, ""pl[\""E04_3pt_vs_opp_perim\""] = pl[\""E01_pl_fg3a_share\""] * pl[\""A05_opp_fg3pct_allowed\""]"", """"], [""MENTION"", ""experiments\\exploration\\E0_I0016_efficiency_predictors\\s02_screen_SUPERSEDED.py"", 39, ""\""A05_opp_fg3pct_allowed\"", \""A06_opp_fg3a_share_allowed\"", \""A07_opp_ftrate_allowed\"","", """"], [""MENTION"", ""experiments\\exploration\\E0_I0016_efficiency_predictors\\s03_survivors.py"", 56, ""\""E04_3pt_vs_opp_perim\"": [\""E01_pl_fg3a_share\"", \""A05_opp_fg3pct_allowed\""],"", """"]]"
E0_I0016_efficiency_predictors,A06_opp_fg3a_share_allowed,3,IN_SCREEN,SUBSCRIPT_ASSIGN,experiments\exploration\E0_I0016_efficiency_predictors\s01_build_frame.py,94,"tprior[""A06_opp_fg3a_share_allowed""] = safe_div(PS[""opp_fg3a""], PS[""opp_fga""])","safe_div(PS[""opp_fg3a""], PS[""opp_fga""])","[[""SUBSCRIPT_ASSIGN"", ""experiments\\exploration\\E0_I0016_efficiency_predictors\\s01_build_frame.py"", 94, ""tprior[\""A06_opp_fg3a_share_allowed\""] = safe_div(PS[\""opp_fg3a\""], PS[\""opp_fga\""])"", ""safe_div(PS[\""opp_fg3a\""], PS[\""opp_fga\""])""], [""MENTION"", ""experiments\\exploration\\E0_I0016_efficiency_predictors\\ep_base.py"", 176, ""\""A05_opp_fg3pct_allowed\"", \""A06_opp_fg3a_share_allowed\"", \""A07_opp_ftrate_allowed\"","", """"], [""MENTION"", ""experiments\\exploration\\E0_I0016_efficiency_predictors\\s02_screen_SUPERSEDED.py"", 39, ""\""A05_opp_fg3pct_allowed\"", \""A06_opp_fg3a_share_allowed\"", \""A07_opp_ftrate_allowed\"","", """"]]"
E0_I0016_efficiency_predictors,A07_opp_ftrate_allowed,5,IN_SCREEN,SUBSCRIPT_ASSIGN,experiments\exploration\E0_I0016_efficiency_predictors\s01_build_frame.py,95,"tprior[""A07_opp_ftrate_allowed""] = safe_div(PS[""opp_fta""], PS[""opp_fga""])","safe_div(PS[""opp_fta""], PS[""opp_fga""])","[[""SUBSCRIPT_ASSIGN"", ""experiments\\exploration\\E0_I0016_efficiency_predictors\\s01_build_frame.py"", 95, ""tprior[\""A07_opp_ftrate_allowed\""] = safe_div(PS[\""opp_fta\""], PS[\""opp_fga\""])"", ""safe_div(PS[\""opp_fta\""], PS[\""opp_fga\""])""], [""MENTION"", ""experiments\\exploration\\E0_I0016_efficiency_predictors\\ep_base.py"", 176, ""\""A05_opp_fg3pct_allowed\"", \""A06_opp_fg3a_share_allowed\"", \""A07_opp_ftrate_allowed\"","", """"], [""MENTION"", ""experiments\\exploration\\E0_I0016_efficiency_predictors\\s01_build_frame.py"", 244, ""pl[\""B04_matchup_ftrate\""] = pl[\""B01_pl_ftrate\""] * pl[\""A07_opp_ftrate_allowed\""]"", """"], [""MENTION"", ""experiments\\exploration\\E0_I0016_efficiency_predictors\\s02_screen_SUPERSEDED.py"", 39, ""\""A05_opp_fg3pct_allowed\"", \""A06_opp_fg3a_share_allowed\"", \""A07_opp_ftrate_allowed\"","", """"], [""MENTION"", ""experiments\\exploration\\E0_I0016_efficiency_predictors\\s03_survivors.py"", 53, ""\""B04_matchup_ftrate\"": [\""B01_pl_ftrate\"", \""A07_opp_ftrate_allowed\""],"", """"]]"
E0_I0016_efficiency_predictors,A08_opp_pf,5,IN_SCREEN,SUBSCRIPT_ASSIGN,experiments\exploration\E0_I0016_efficiency_predictors\s01_build_frame.py,96,"tprior[""A08_opp_pf""] = safe_div(PS[""pf""], mt[""_tm_prior_games""])","safe_div(PS[""pf""], mt[""_tm_prior_games""])","[[""SUBSCRIPT_ASSIGN"", ""experiments\\exploration\\E0_I0016_efficiency_predictors\\s01_build_frame.py"", 96, ""tprior[\""A08_opp_pf\""] = safe_div(PS[\""pf\""], mt[\""_tm_prior_games\""])"", ""safe_div(PS[\""pf\""], mt[\""_tm_prior_games\""])""], [""MENTION"", ""experiments\\exploration\\E0_I0016_efficiency_predictors\\ep_base.py"", 177, ""\""A08_opp_pf\"", \""A09_opp_stl\"", \""A10_opp_defrtg\"", \""A11_opp_fastbreak_allowed\"","", """"], [""MENTION"", ""experiments\\exploration\\E0_I0016_efficiency_predictors\\s01_build_frame.py"", 245, ""pl[\""B05_matchup_fouldraw\""] = pl[\""B03_pl_fouls_drawn_per36\""] * pl[\""A08_opp_pf\""]"", """"], [""MENTION"", ""experiments\\exploration\\E0_I0016_efficiency_predictors\\s02_screen_SUPERSEDED.py"", 40, ""\""A08_opp_pf\"", \""A09_opp_stl\"", \""A10_opp_defrtg\"", \""A11_opp_fastbreak_allowed\"","", """"], [""MENTION"", ""experiments\\exploration\\E0_I0016_efficiency_predictors\\s03_survivors.py"", 54, ""\""B05_matchup_fouldraw\"": [\""B03_pl_fouls_drawn_per36\"", \""A08_opp_pf\""],"", """"]]"
E0_I0016_efficiency_predictors,A09_opp_stl,3,IN_SCREEN,SUBSCRIPT_ASSIGN,experiments\exploration\E0_I0016_efficiency_predictors\s01_build_frame.py,97,"tprior[""A09_opp_stl""] = safe_div(PS[""stl""], mt[""_tm_prior_games""])","safe_div(PS[""stl""], mt[""_tm_prior_games""])","[[""SUBSCRIPT_ASSIGN"", ""experiments\\exploration\\E0_I0016_efficiency_predictors\\s01_build_frame.py"", 97, ""tprior[\""A09_opp_stl\""] = safe_div(PS[\""stl\""], mt[\""_tm_prior_games\""])"", ""safe_div(PS[\""stl\""], mt[\""_tm_prior_games\""])""], [""MENTION"", ""experiments\\exploration\\E0_I0016_efficiency_predictors\\ep_base.py"", 177, ""\""A08_opp_pf\"", \""A09_opp_stl\"", \""A10_opp_defrtg\"", \""A11_opp_fastbreak_allowed\"","", """"], [""MENTION"", ""experiments\\exploration\\E0_I0016_efficiency_predictors\\s02_screen_SUPERSEDED.py"", 40, ""\""A08_opp_pf\"", \""A09_opp_stl\"", \""A10_opp_defrtg\"", \""A11_opp_fastbreak_allowed\"","", """"]]"
E0_I0016_efficiency_predictors,A10_opp_defrtg,3,IN_SCREEN,SUBSCRIPT_ASSIGN,experiments\exploration\E0_I0016_efficiency_predictors\s01_build_frame.py,98,"tprior[""A10_opp_defrtg""] = 100.0 * safe_div(PS[""opp_pts""], PS[""opp_poss""])","100.0 * safe_div(PS[""opp_pts""], PS[""opp_poss""])","[[""SUBSCRIPT_ASSIGN"", ""experiments\\exploration\\E0_I0016_efficiency_predictors\\s01_build_frame.py"", 98, ""tprior[\""A10_opp_defrtg\""] = 100.0 * safe_div(PS[\""opp_pts\""], PS[\""opp_poss\""])"", ""100.0 * safe_div(PS[\""opp_pts\""], PS[\""opp_poss\""])""], [""MENTION"", ""experiments\\exploration\\E0_I0016_efficiency_predictors\\ep_base.py"", 177, ""\""A08_opp_pf\"", \""A09_opp_stl\"", \""A10_opp_defrtg\"", \""A11_opp_fastbreak_allowed\"","", """"], [""MENTION"", ""experiments\\exploration\\E0_I0016_efficiency_predictors\\s02_screen_SUPERSEDED.py"", 40, ""\""A08_opp_pf\"", \""A09_opp_stl\"", \""A10_opp_defrtg\"", \""A11_opp_fastbreak_allowed\"","", """"]]"
E0_I0016_efficiency_predictors,A11_opp_fastbreak_allowed,3,IN_SCREEN,SUBSCRIPT_ASSIGN,experiments\exploration\E0_I0016_efficiency_predictors\s01_build_frame.py,99,"tprior[""A11_opp_fastbreak_allowed""] = safe_div(PS[""opp_points_fast_break""], mt[""_tm_prior_games""])","safe_div(PS[""opp_points_fast_break""], mt[""_tm_prior_games""])","[[""SUBSCRIPT_ASSIGN"", ""experiments\\exploration\\E0_I0016_efficiency_predictors\\s01_build_frame.py"", 99, ""tprior[\""A11_opp_fastbreak_allowed\""] = safe_div(PS[\""opp_points_fast_break\""], mt[\""_tm_prior_games\""])"", ""safe_div(PS[\""opp_points_fast_break\""], mt[\""_tm_prior_games\""])""], [""MENTION"", ""experiments\\exploration\\E0_I0016_efficiency_predictors\\ep_base.py"", 177, ""\""A08_opp_pf\"", \""A09_opp_stl\"", \""A10_opp_defrtg\"", \""A11_opp_fastbreak_allowed\"","", """"], [""MENTION"", ""experiments\\exploration\\E0_I0016_efficiency_predictors\\s02_screen_SUPERSEDED.py"", 40, ""\""A08_opp_pf\"", \""A09_opp_stl\"", \""A10_opp_defrtg\"", \""A11_opp_fastbreak_allowed\"","", """"]]"
E0_I0016_efficiency_predictors,A12_opp_2ndchance_allowed,3,IN_SCREEN,SUBSCRIPT_ASSIGN,experiments\exploration\E0_I0016_efficiency_predictors\s01_build_frame.py,100,"tprior[""A12_opp_2ndchance_allowed""] = safe_div(PS[""opp_points_second_chance""], mt[""_tm_prior_games""])","safe_div(PS[""opp_points_second_chance""], mt[""_tm_prior_games""])","[[""SUBSCRIPT_ASSIGN"", ""experiments\\exploration\\E0_I0016_efficiency_predictors\\s01_build_frame.py"", 100, ""tprior[\""A12_opp_2ndchance_allowed\""] = safe_div(PS[\""opp_points_second_chance\""], mt[\""_tm_prior_games\""])"", ""safe_div(PS[\""opp_points_second_chance\""], mt[\""_tm_prior_games\""])""], [""MENTION"", ""experiments\\exploration\\E0_I0016_efficiency_predictors\\ep_base.py"", 178, ""\""A12_opp_2ndchance_allowed\"", \""B04_matchup_ftrate\"", \""B05_matchup_fouldraw\"","", """"], [""MENTION"", ""experiments\\exploration\\E0_I0016_efficiency_predictors\\s02_screen_SUPERSEDED.py"", 41, ""\""A12_opp_2ndchance_allowed\"", \""B04_matchup_ftrate\"", \""B05_matchup_fouldraw\"","", """"]]"
E0_I0016_efficiency_predictors,B01_pl_ftrate,7,IN_SCREEN,SUBSCRIPT_ASSIGN,experiments\exploration\E0_I0016_efficiency_predictors\s01_build_frame.py,141,"pl[""B01_pl_ftrate""] = safe_div(QS[""fta""], QS[""fga""])","safe_div(QS[""fta""], QS[""fga""])","[[""SUBSCRIPT_ASSIGN"", ""experiments\\exploration\\E0_I0016_efficiency_predictors\\s01_build_frame.py"", 141, ""pl[\""B01_pl_ftrate\""] = safe_div(QS[\""fta\""], QS[\""fga\""])"", ""safe_div(QS[\""fta\""], QS[\""fga\""])""], [""MENTION"", ""experiments\\exploration\\E0_I0016_efficiency_predictors\\ep_base.py"", 186, ""for _c in [\""B01_pl_ftrate\"", \""B02_pl_ftpct\"", \""B03_pl_fouls_drawn_per36\"", \""B06_pl_ftpts_per36\"","", """"], [""MENTION"", ""experiments\\exploration\\E0_I0016_efficiency_predictors\\s01_build_frame.py"", 244, ""pl[\""B04_matchup_ftrate\""] = pl[\""B01_pl_ftrate\""] * pl[\""A07_opp_ftrate_allowed\""]"", """"], [""MENTION"", ""experiments\\exploration\\E0_I0016_efficiency_predictors\\s01_build_frame.py"", 250, ""pl[\""F02_b2b_x_ftrate\""] = pl[\""_tm_b2b\""] * pl[\""B01_pl_ftrate\""]"", """"], [""MENTION"", ""experiments\\exploration\\E0_I0016_efficiency_predictors\\s02_screen_SUPERSEDED.py"", 49, ""for c in [\""B01_pl_ftrate\"", \""B02_pl_ftpct\"", \""B03_pl_fouls_drawn_per36\"", \""B06_pl_ftpts_per36\"","", """"], [""MENTION"", ""experiments\\exploration\\E0_I0016_efficiency_predictors\\s03_survivors.py"", 53, ""\""B04_matchup_ftrate\"": [\""B01_pl_ftrate\"", \""A07_opp_ftrate_allowed\""],"", """"], [""MENTION"", ""experiments\\exploration\\E0_I0016_efficiency_predictors\\s03_survivors.py"", 59, ""\""F02_b2b_x_ftrate\"": [\""B01_pl_ftrate\""],"", """"]]"
E0_I0016_efficiency_predictors,B02_pl_ftpct,3,IN_SCREEN,SUBSCRIPT_ASSIGN,experiments\exploration\E0_I0016_efficiency_predictors\s01_build_frame.py,142,"pl[""B02_pl_ftpct""] = safe_div(QS[""ftm""], QS[""fta""])","safe_div(QS[""ftm""], QS[""fta""])","[[""SUBSCRIPT_ASSIGN"", ""experiments\\exploration\\E0_I0016_efficiency_predictors\\s01_build_frame.py"", 142, ""pl[\""B02_pl_ftpct\""] = safe_div(QS[\""ftm\""], QS[\""fta\""])"", ""safe_div(QS[\""ftm\""], QS[\""fta\""])""], [""MENTION"", ""experiments\\exploration\\E0_I0016_efficiency_predictors\\ep_base.py"", 186, ""for _c in [\""B01_pl_ftrate\"", \""B02_pl_ftpct\"", \""B03_pl_fouls_drawn_per36\"", \""B06_pl_ftpts_per36\"","", """"], [""MENTION"", ""experiments\\exploration\\E0_I0016_efficiency_predictors\\s02_screen_SUPERSEDED.py"", 49, ""for c in [\""B01_pl_ftrate\"", \""B02_pl_ftpct\"", \""B03_pl_fouls_drawn_per36\"", \""B06_pl_ftpts_per36\"","", """"]]"
E0_I0016_efficiency_predictors,B03_pl_fouls_drawn_per36,5,IN_SCREEN,SUBSCRIPT_ASSIGN,experiments\exploration\E0_I0016_efficiency_predictors\s01_build_frame.py,143,"pl[""B03_pl_fouls_drawn_per36""] = 36.0 * safe_div(QS[""fouls_drawn""], QS[""minutes""])","36.0 * safe_div(QS[""fouls_drawn""], QS[""minutes""])","[[""SUBSCRIPT_ASSIGN"", ""experiments\\exploration\\E0_I0016_efficiency_predictors\\s01_build_frame.py"", 143, ""pl[\""B03_pl_fouls_drawn_per36\""] = 36.0 * safe_div(QS[\""fouls_drawn\""], QS[\""minutes\""])"", ""36.0 * safe_div(QS[\""fouls_drawn\""], QS[\""minutes\""])""], [""MENTION"", ""experiments\\exploration\\E0_I0016_efficiency_predictors\\ep_base.py"", 186, ""for _c in [\""B01_pl_ftrate\"", \""B02_pl_ftpct\"", \""B03_pl_fouls_drawn_per36\"", \""B06_pl_ftpts_per36\"","", """"], [""MENTION"", ""experiments\\exploration\\E0_I0016_efficiency_predictors\\s01_build_frame.py"", 245, ""pl[\""B05_matchup_fouldraw\""] = pl[\""B03_pl_fouls_drawn_per36\""] * pl[\""A08_opp_pf\""]"", """"], [""MENTION"", ""experiments\\exploration\\E0_I0016_efficiency_predictors\\s02_screen_SUPERSEDED.py"", 49, ""for c in [\""B01_pl_ftrate\"", \""B02_pl_ftpct\"", \""B03_pl_fouls_drawn_per36\"", \""B06_pl_ftpts_per36\"","", """"], [""MENTION"", ""experiments\\exploration\\E0_I0016_efficiency_predictors\\s03_survivors.py"", 54, ""\""B05_matchup_fouldraw\"": [\""B03_pl_fouls_drawn_per36\"", \""A08_opp_pf\""],"", """"]]"
E0_I0016_efficiency_predictors,B04_matchup_ftrate,4,IN_SCREEN,SUBSCRIPT_ASSIGN,experiments\exploration\E0_I0016_efficiency_predictors\s01_build_frame.py,244,"pl[""B04_matchup_ftrate""] = pl[""B01_pl_ftrate""] * pl[""A07_opp_ftrate_allowed""]","pl[""B01_pl_ftrate""] * pl[""A07_opp_ftrate_allowed""]","[[""SUBSCRIPT_ASSIGN"", ""experiments\\exploration\\E0_I0016_efficiency_predictors\\s01_build_frame.py"", 244, ""pl[\""B04_matchup_ftrate\""] = pl[\""B01_pl_ftrate\""] * pl[\""A07_opp_ftrate_allowed\""]"", ""pl[\""B01_pl_ftrate\""] * pl[\""A07_opp_ftrate_allowed\""]""], [""DICT_VALUE"", ""experiments\\exploration\\E0_I0016_efficiency_predictors\\s03_survivors.py"", 53, ""\""B04_matchup_ftrate\"": [\""B01_pl_ftrate\"", \""A07_opp_ftrate_allowed\""],"", ""[\""B01_pl_ftrate\""""], [""MENTION"", ""experiments\\exploration\\E0_I0016_efficiency_predictors\\ep_base.py"", 178, ""\""A12_opp_2ndchance_allowed\"", \""B04_matchup_ftrate\"", \""B05_matchup_fouldraw\"","", """"], [""MENTION"", ""experiments\\exploration\\E0_I0016_efficiency_predictors\\s02_screen_SUPERSEDED.py"", 41, ""\""A12_opp_2ndchance_allowed\"", \""B04_matchup_ftrate\"", \""B05_matchup_fouldraw\"","", """"]]"
E0_I0016_efficiency_predictors,B05_matchup_fouldraw,5,IN_SCREEN,SUBSCRIPT_ASSIGN,experiments\exploration\E0_I0016_efficiency_predictors\s01_build_frame.py,245,"pl[""B05_matchup_fouldraw""] = pl[""B03_pl_fouls_drawn_per36""] * pl[""A08_opp_pf""]","pl[""B03_pl_fouls_drawn_per36""] * pl[""A08_opp_pf""]","[[""SUBSCRIPT_ASSIGN"", ""experiments\\exploration\\E0_I0016_efficiency_predictors\\s01_build_frame.py"", 245, ""pl[\""B05_matchup_fouldraw\""] = pl[\""B03_pl_fouls_drawn_per36\""] * pl[\""A08_opp_pf\""]"", ""pl[\""B03_pl_fouls_drawn_per36\""] * pl[\""A08_opp_pf\""]""], [""DICT_VALUE"", ""experiments\\exploration\\E0_I0016_efficiency_predictors\\s03_survivors.py"", 54, ""\""B05_matchup_fouldraw\"": [\""B03_pl_fouls_drawn_per36\"", \""A08_opp_pf\""],"", ""[\""B03_pl_fouls_drawn_per36\""""], [""MENTION"", ""experiments\\exploration\\E0_I0016_efficiency_predictors\\ep_base.py"", 178, ""\""A12_opp_2ndchance_allowed\"", \""B04_matchup_ftrate\"", \""B05_matchup_fouldraw\"","", """"], [""MENTION"", ""experiments\\exploration\\E0_I0016_efficiency_predictors\\KIT_BUG_REPRO.py"", 63, ""\""candidate\"": [\""A01_opp_efg_allowed\"", \""B05_matchup_fouldraw\"", \""C07_pl_usage_rank\"", \""G01_noise\""],"", """"], [""MENTION"", ""experiments\\exploration\\E0_I0016_efficiency_predictors\\s02_screen_SUPERSEDED.py"", 41, ""\""A12_opp_2ndchance_allowed\"", \""B04_matchup_ftrate\"", \""B05_matchup_fouldraw\"","", """"]]"
E0_I0016_efficiency_predictors,B06_pl_ftpts_per36,3,IN_SCREEN,SUBSCRIPT_ASSIGN,experiments\exploration\E0_I0016_efficiency_predictors\s01_build_frame.py,144,"pl[""B06_pl_ftpts_per36""] = 36.0 * safe_div(QS[""ftm""], QS[""minutes""])","36.0 * safe_div(QS[""ftm""], QS[""minutes""])","[[""SUBSCRIPT_ASSIGN"", ""experiments\\exploration\\E0_I0016_efficiency_predictors\\s01_build_frame.py"", 144, ""pl[\""B06_pl_ftpts_per36\""] = 36.0 * safe_div(QS[\""ftm\""], QS[\""minutes\""])"", ""36.0 * safe_div(QS[\""ftm\""], QS[\""minutes\""])""], [""MENTION"", ""experiments\\exploration\\E0_I0016_efficiency_predictors\\ep_base.py"", 186, ""for _c in [\""B01_pl_ftrate\"", \""B02_pl_ftpct\"", \""B03_pl_fouls_drawn_per36\"", \""B06_pl_ftpts_per36\"","", """"], [""MENTION"", ""experiments\\exploration\\E0_I0016_efficiency_predictors\\s02_screen_SUPERSEDED.py"", 49, ""for c in [\""B01_pl_ftrate\"", \""B02_pl_ftpct\"", \""B03_pl_fouls_drawn_per36\"", \""B06_pl_ftpts_per36\"","", """"]]"
E0_I0016_efficiency_predictors,C01_tm_usage_hhi,3,IN_SCREEN,SUBSCRIPT_ASSIGN,experiments\exploration\E0_I0016_efficiency_predictors\s01_build_frame.py,213,"pl[""C01_tm_usage_hhi""] = c01",c01,"[[""SUBSCRIPT_ASSIGN"", ""experiments\\exploration\\E0_I0016_efficiency_predictors\\s01_build_frame.py"", 213, ""pl[\""C01_tm_usage_hhi\""] = c01"", ""c01""], [""MENTION"", ""experiments\\exploration\\E0_I0016_efficiency_predictors\\ep_base.py"", 181, ""for _c in [\""C01_tm_usage_hhi\"", \""C02_tm_ast_per_game\"", \""C03_tm_ast_rate\"","", """"], [""MENTION"", ""experiments\\exploration\\E0_I0016_efficiency_predictors\\s02_screen_SUPERSEDED.py"", 44, ""for c in [\""C01_tm_usage_hhi\"", \""C02_tm_ast_per_game\"", \""C03_tm_ast_rate\"","", """"]]"
E0_I0016_efficiency_predictors,C02_tm_ast_per_game,4,IN_SCREEN,SUBSCRIPT_ASSIGN,experiments\exploration\E0_I0016_efficiency_predictors\s01_build_frame.py,103,"tprior[""C02_tm_ast_per_game""] = safe_div(PS[""ast""], mt[""_tm_prior_games""])","safe_div(PS[""ast""], mt[""_tm_prior_games""])","[[""SUBSCRIPT_ASSIGN"", ""experiments\\exploration\\E0_I0016_efficiency_predictors\\s01_build_frame.py"", 103, ""tprior[\""C02_tm_ast_per_game\""] = safe_div(PS[\""ast\""], mt[\""_tm_prior_games\""])"", ""safe_div(PS[\""ast\""], mt[\""_tm_prior_games\""])""], [""MENTION"", ""experiments\\exploration\\E0_I0016_efficiency_predictors\\ep_base.py"", 181, ""for _c in [\""C01_tm_usage_hhi\"", \""C02_tm_ast_per_game\"", \""C03_tm_ast_rate\"","", """"], [""MENTION"", ""experiments\\exploration\\E0_I0016_efficiency_predictors\\s01_build_frame.py"", 230, ""own_cols = [\""C02_tm_ast_per_game\"", \""C03_tm_ast_rate\"", \""D01_tm_poss_per40\"", \""D06_tm_fastbreak_pts\"","", """"], [""MENTION"", ""experiments\\exploration\\E0_I0016_efficiency_predictors\\s02_screen_SUPERSEDED.py"", 44, ""for c in [\""C01_tm_usage_hhi\"", \""C02_tm_ast_per_game\"", \""C03_tm_ast_rate\"","", """"]]"
E0_I0016_efficiency_predictors,C03_tm_ast_rate,4,IN_SCREEN,SUBSCRIPT_ASSIGN,experiments\exploration\E0_I0016_efficiency_predictors\s01_build_frame.py,104,"tprior[""C03_tm_ast_rate""] = safe_div(PS[""ast""], PS[""fgm""])","safe_div(PS[""ast""], PS[""fgm""])","[[""SUBSCRIPT_ASSIGN"", ""experiments\\exploration\\E0_I0016_efficiency_predictors\\s01_build_frame.py"", 104, ""tprior[\""C03_tm_ast_rate\""] = safe_div(PS[\""ast\""], PS[\""fgm\""])"", ""safe_div(PS[\""ast\""], PS[\""fgm\""])""], [""MENTION"", ""experiments\\exploration\\E0_I0016_efficiency_predictors\\ep_base.py"", 181, ""for _c in [\""C01_tm_usage_hhi\"", \""C02_tm_ast_per_game\"", \""C03_tm_ast_rate\"","", """"], [""MENTION"", ""experiments\\exploration\\E0_I0016_efficiency_predictors\\s01_build_frame.py"", 230, ""own_cols = [\""C02_tm_ast_per_game\"", \""C03_tm_ast_rate\"", \""D01_tm_poss_per40\"", \""D06_tm_fastbreak_pts\"","", """"], [""MENTION"", ""experiments\\exploration\\E0_I0016_efficiency_predictors\\s02_screen_SUPERSEDED.py"", 44, ""for c in [\""C01_tm_usage_hhi\"", \""C02_tm_ast_per_game\"", \""C03_tm_ast_rate\"","", """"]]"
E0_I0016_efficiency_predictors,C04_teammate_usg_present,5,IN_SCREEN,SUBSCRIPT_ASSIGN,experiments\exploration\E0_I0016_efficiency_predictors\s01_build_frame.py,214,"pl[""C04_teammate_usg_present""] = c04",c04,"[[""SUBSCRIPT_ASSIGN"", ""experiments\\exploration\\E0_I0016_efficiency_predictors\\s01_build_frame.py"", 214, ""pl[\""C04_teammate_usg_present\""] = c04"", ""c04""], [""MENTION"", ""experiments\\exploration\\E0_I0016_efficiency_predictors\\ep_base.py"", 182, ""\""C04_teammate_usg_present\"", \""C05_top_usg_teammate_out\"","", """"], [""MENTION"", ""experiments\\exploration\\E0_I0016_efficiency_predictors\\s01_build_frame.py"", 21, ""TIP_TIME_COLS = [\""C04_teammate_usg_present\"", \""C05_top_usg_teammate_out\"", \""C08_vacated_usg\""]"", """"], [""MENTION"", ""experiments\\exploration\\E0_I0016_efficiency_predictors\\s02_screen_SUPERSEDED.py"", 45, ""\""C04_teammate_usg_present\"", \""C05_top_usg_teammate_out\"","", """"], [""MENTION"", ""experiments\\exploration\\E0_I0016_efficiency_predictors\\s03_survivors.py"", 157, ""\""tip_time_observable\"": cand in (\""C04_teammate_usg_present\"", \""C05_top_usg_teammate_out\"","", """"]]"
E0_I0016_efficiency_predictors,C05_top_usg_teammate_out,5,IN_SCREEN,SUBSCRIPT_ASSIGN,experiments\exploration\E0_I0016_efficiency_predictors\s01_build_frame.py,215,"pl[""C05_top_usg_teammate_out""] = c05",c05,"[[""SUBSCRIPT_ASSIGN"", ""experiments\\exploration\\E0_I0016_efficiency_predictors\\s01_build_frame.py"", 215, ""pl[\""C05_top_usg_teammate_out\""] = c05"", ""c05""], [""MENTION"", ""experiments\\exploration\\E0_I0016_efficiency_predictors\\ep_base.py"", 182, ""\""C04_teammate_usg_present\"", \""C05_top_usg_teammate_out\"","", """"], [""MENTION"", ""experiments\\exploration\\E0_I0016_efficiency_predictors\\s01_build_frame.py"", 21, ""TIP_TIME_COLS = [\""C04_teammate_usg_present\"", \""C05_top_usg_teammate_out\"", \""C08_vacated_usg\""]"", """"], [""MENTION"", ""experiments\\exploration\\E0_I0016_efficiency_predictors\\s02_screen_SUPERSEDED.py"", 45, ""\""C04_teammate_usg_present\"", \""C05_top_usg_teammate_out\"","", """"], [""MENTION"", ""experiments\\exploration\\E0_I0016_efficiency_predictors\\s03_survivors.py"", 157, ""\""tip_time_observable\"": cand in (\""C04_teammate_usg_present\"", \""C05_top_usg_teammate_out\"","", """"]]"
E0_I0016_efficiency_predictors,C06_top_usg_teammate_out_lastgame,4,IN_SCREEN,SUBSCRIPT_ASSIGN,experiments\exploration\E0_I0016_efficiency_predictors\s01_build_frame.py,223,"tgl[""C06_top_usg_teammate_out_lastgame""] = tgl.groupby([""season"", ""team_id""], sort=False)[""_c05_team""].shift(1)","tgl.groupby([""season"", ""team_id""], sort=False)[""_c05_team""].shift(1)","[[""SUBSCRIPT_ASSIGN"", ""experiments\\exploration\\E0_I0016_efficiency_predictors\\s01_build_frame.py"", 223, ""tgl[\""C06_top_usg_teammate_out_lastgame\""] = tgl.groupby([\""season\"", \""team_id\""], sort=False)[\""_c05_team\""].shift(1)"", ""tgl.groupby([\""season\"", \""team_id\""], sort=False)[\""_c05_team\""].shift(1)""], [""MENTION"", ""experiments\\exploration\\E0_I0016_efficiency_predictors\\ep_base.py"", 183, ""\""C06_top_usg_teammate_out_lastgame\"", \""C07_pl_usage_rank\"", \""C08_vacated_usg\"","", """"], [""MENTION"", ""experiments\\exploration\\E0_I0016_efficiency_predictors\\s01_build_frame.py"", 224, ""pl = pl.merge(tgl[[\""season\"", \""team_id\"", \""game_id\"", \""C06_top_usg_teammate_out_lastgame\""]],"", """"], [""MENTION"", ""experiments\\exploration\\E0_I0016_efficiency_predictors\\s02_screen_SUPERSEDED.py"", 46, ""\""C06_top_usg_teammate_out_lastgame\"", \""C07_pl_usage_rank\"", \""C08_vacated_usg\"","", """"]]"
E0_I0016_efficiency_predictors,C07_pl_usage_rank,4,IN_SCREEN,SUBSCRIPT_ASSIGN,experiments\exploration\E0_I0016_efficiency_predictors\s01_build_frame.py,216,"pl[""C07_pl_usage_rank""] = c07",c07,"[[""SUBSCRIPT_ASSIGN"", ""experiments\\exploration\\E0_I0016_efficiency_predictors\\s01_build_frame.py"", 216, ""pl[\""C07_pl_usage_rank\""] = c07"", ""c07""], [""MENTION"", ""experiments\\exploration\\E0_I0016_efficiency_predictors\\ep_base.py"", 183, ""\""C06_top_usg_teammate_out_lastgame\"", \""C07_pl_usage_rank\"", \""C08_vacated_usg\"","", """"], [""MENTION"", ""experiments\\exploration\\E0_I0016_efficiency_predictors\\KIT_BUG_REPRO.py"", 63, ""\""candidate\"": [\""A01_opp_efg_allowed\"", \""B05_matchup_fouldraw\"", \""C07_pl_usage_rank\"", \""G01_noise\""],"", """"], [""MENTION"", ""experiments\\exploration\\E0_I0016_efficiency_predictors\\s02_screen_SUPERSEDED.py"", 46, ""\""C06_top_usg_teammate_out_lastgame\"", \""C07_pl_usage_rank\"", \""C08_vacated_usg\"","", """"]]"
E0_I0016_efficiency_predictors,C08_vacated_usg,5,IN_SCREEN,SUBSCRIPT_ASSIGN,experiments\exploration\E0_I0016_efficiency_predictors\s01_build_frame.py,217,"pl[""C08_vacated_usg""] = c08",c08,"[[""SUBSCRIPT_ASSIGN"", ""experiments\\exploration\\E0_I0016_efficiency_predictors\\s01_build_frame.py"", 217, ""pl[\""C08_vacated_usg\""] = c08"", ""c08""], [""MENTION"", ""experiments\\exploration\\E0_I0016_efficiency_predictors\\ep_base.py"", 183, ""\""C06_top_usg_teammate_out_lastgame\"", \""C07_pl_usage_rank\"", \""C08_vacated_usg\"","", """"], [""MENTION"", ""experiments\\exploration\\E0_I0016_efficiency_predictors\\s01_build_frame.py"", 21, ""TIP_TIME_COLS = [\""C04_teammate_usg_present\"", \""C05_top_usg_teammate_out\"", \""C08_vacated_usg\""]"", """"], [""MENTION"", ""experiments\\exploration\\E0_I0016_efficiency_predictors\\s02_screen_SUPERSEDED.py"", 46, ""\""C06_top_usg_teammate_out_lastgame\"", \""C07_pl_usage_rank\"", \""C08_vacated_usg\"","", """"], [""MENTION"", ""experiments\\exploration\\E0_I0016_efficiency_predictors\\s03_survivors.py"", 158, ""\""C08_vacated_usg\"")}"", """"]]"
E0_I0016_efficiency_predictors,D01_tm_poss_per40,6,IN_SCREEN,SUBSCRIPT_ASSIGN,experiments\exploration\E0_I0016_efficiency_predictors\s01_build_frame.py,105,"tprior[""D01_tm_poss_per40""] = 200.0 * safe_div(PS[""poss""], PS[""minutes""])","200.0 * safe_div(PS[""poss""], PS[""minutes""])","[[""SUBSCRIPT_ASSIGN"", ""experiments\\exploration\\E0_I0016_efficiency_predictors\\s01_build_frame.py"", 105, ""tprior[\""D01_tm_poss_per40\""] = 200.0 * safe_div(PS[\""poss\""], PS[\""minutes\""])"", ""200.0 * safe_div(PS[\""poss\""], PS[\""minutes\""])""], [""MENTION"", ""experiments\\exploration\\E0_I0016_efficiency_predictors\\ep_base.py"", 184, ""\""D01_tm_poss_per40\"", \""D03_pace_sum\"", \""D05_transition_x_pace\"", \""D06_tm_fastbreak_pts\""]:"", """"], [""MENTION"", ""experiments\\exploration\\E0_I0016_efficiency_predictors\\s01_build_frame.py"", 107, ""tprior[\""_tm_poss_per40\""] = tprior[\""D01_tm_poss_per40\""]"", """"], [""MENTION"", ""experiments\\exploration\\E0_I0016_efficiency_predictors\\s01_build_frame.py"", 230, ""own_cols = [\""C02_tm_ast_per_game\"", \""C03_tm_ast_rate\"", \""D01_tm_poss_per40\"", \""D06_tm_fastbreak_pts\"","", """"], [""MENTION"", ""experiments\\exploration\\E0_I0016_efficiency_predictors\\s01_build_frame.py"", 241, ""pl[\""D03_pace_sum\""] = pl[\""D01_tm_poss_per40\""] + pl[\""D02_opp_poss_per40\""]"", """"], [""MENTION"", ""experiments\\exploration\\E0_I0016_efficiency_predictors\\s02_screen_SUPERSEDED.py"", 47, ""\""D01_tm_poss_per40\"", \""D03_pace_sum\"", \""D05_transition_x_pace\"", \""D06_tm_fastbreak_pts\""]:"", """"]]"
E0_I0016_efficiency_predictors,D02_opp_poss_per40,4,IN_SCREEN,MENTION,experiments\exploration\E0_I0016_efficiency_predictors\ep_base.py,179,"""D02_opp_poss_per40"", ""E04_3pt_vs_opp_perim"", ""E05_paint_vs_opp_rim""]:",,"[[""MENTION"", ""experiments\\exploration\\E0_I0016_efficiency_predictors\\ep_base.py"", 179, ""\""D02_opp_poss_per40\"", \""E04_3pt_vs_opp_perim\"", \""E05_paint_vs_opp_rim\""]:"", """"], [""MENTION"", ""experiments\\exploration\\E0_I0016_efficiency_predictors\\s01_build_frame.py"", 237, ""columns={\""team_id\"": \""opp_team_id\"", \""_tm_poss_per40\"": \""D02_opp_poss_per40\"","", """"], [""MENTION"", ""experiments\\exploration\\E0_I0016_efficiency_predictors\\s01_build_frame.py"", 241, ""pl[\""D03_pace_sum\""] = pl[\""D01_tm_poss_per40\""] + pl[\""D02_opp_poss_per40\""]"", """"], [""MENTION"", ""experiments\\exploration\\E0_I0016_efficiency_predictors\\s02_screen_SUPERSEDED.py"", 42, ""\""D02_opp_poss_per40\"", \""E04_3pt_vs_opp_perim\"", \""E05_paint_vs_opp_rim\""]:"", """"]]"
E0_I0016_efficiency_predictors,D03_pace_sum,5,IN_SCREEN,SUBSCRIPT_ASSIGN,experiments\exploration\E0_I0016_efficiency_predictors\s01_build_frame.py,241,"pl[""D03_pace_sum""] = pl[""D01_tm_poss_per40""] + pl[""D02_opp_poss_per40""]","pl[""D01_tm_poss_per40""] + pl[""D02_opp_poss_per40""]","[[""SUBSCRIPT_ASSIGN"", ""experiments\\exploration\\E0_I0016_efficiency_predictors\\s01_build_frame.py"", 241, ""pl[\""D03_pace_sum\""] = pl[\""D01_tm_poss_per40\""] + pl[\""D02_opp_poss_per40\""]"", ""pl[\""D01_tm_poss_per40\""] + pl[\""D02_opp_poss_per40\""]""], [""MENTION"", ""experiments\\exploration\\E0_I0016_efficiency_predictors\\ep_base.py"", 184, ""\""D01_tm_poss_per40\"", \""D03_pace_sum\"", \""D05_transition_x_pace\"", \""D06_tm_fastbreak_pts\""]:"", """"], [""MENTION"", ""experiments\\exploration\\E0_I0016_efficiency_predictors\\s01_build_frame.py"", 246, ""pl[\""D05_transition_x_pace\""] = pl[\""D04_pl_fastbreak_share\""] * pl[\""D03_pace_sum\""]"", """"], [""MENTION"", ""experiments\\exploration\\E0_I0016_efficiency_predictors\\s02_screen_SUPERSEDED.py"", 47, ""\""D01_tm_poss_per40\"", \""D03_pace_sum\"", \""D05_transition_x_pace\"", \""D06_tm_fastbreak_pts\""]:"", """"], [""MENTION"", ""experiments\\exploration\\E0_I0016_efficiency_predictors\\s03_survivors.py"", 55, ""\""D05_transition_x_pace\"": [\""D04_pl_fastbreak_share\"", \""D03_pace_sum\""],"", """"]]"
E0_I0016_efficiency_predictors,D04_pl_fastbreak_share,5,IN_SCREEN,SUBSCRIPT_ASSIGN,experiments\exploration\E0_I0016_efficiency_predictors\s01_build_frame.py,145,"pl[""D04_pl_fastbreak_share""] = safe_div(QS[""points_fast_break""], QS[""pts""])","safe_div(QS[""points_fast_break""], QS[""pts""])","[[""SUBSCRIPT_ASSIGN"", ""experiments\\exploration\\E0_I0016_efficiency_predictors\\s01_build_frame.py"", 145, ""pl[\""D04_pl_fastbreak_share\""] = safe_div(QS[\""points_fast_break\""], QS[\""pts\""])"", ""safe_div(QS[\""points_fast_break\""], QS[\""pts\""])""], [""MENTION"", ""experiments\\exploration\\E0_I0016_efficiency_predictors\\ep_base.py"", 187, ""\""D04_pl_fastbreak_share\"", \""E01_pl_fg3a_share\"", \""E02_pl_paintpts_share\"","", """"], [""MENTION"", ""experiments\\exploration\\E0_I0016_efficiency_predictors\\s01_build_frame.py"", 246, ""pl[\""D05_transition_x_pace\""] = pl[\""D04_pl_fastbreak_share\""] * pl[\""D03_pace_sum\""]"", """"], [""MENTION"", ""experiments\\exploration\\E0_I0016_efficiency_predictors\\s02_screen_SUPERSEDED.py"", 50, ""\""D04_pl_fastbreak_share\"", \""E01_pl_fg3a_share\"", \""E02_pl_paintpts_share\"","", """"], [""MENTION"", ""experiments\\exploration\\E0_I0016_efficiency_predictors\\s03_survivors.py"", 55, ""\""D05_transition_x_pace\"": [\""D04_pl_fastbreak_share\"", \""D03_pace_sum\""],"", """"]]"
E0_I0016_efficiency_predictors,D05_transition_x_pace,4,IN_SCREEN,SUBSCRIPT_ASSIGN,experiments\exploration\E0_I0016_efficiency_predictors\s01_build_frame.py,246,"pl[""D05_transition_x_pace""] = pl[""D04_pl_fastbreak_share""] * pl[""D03_pace_sum""]","pl[""D04_pl_fastbreak_share""] * pl[""D03_pace_sum""]","[[""SUBSCRIPT_ASSIGN"", ""experiments\\exploration\\E0_I0016_efficiency_predictors\\s01_build_frame.py"", 246, ""pl[\""D05_transition_x_pace\""] = pl[\""D04_pl_fastbreak_share\""] * pl[\""D03_pace_sum\""]"", ""pl[\""D04_pl_fastbreak_share\""] * pl[\""D03_pace_sum\""]""], [""DICT_VALUE"", ""experiments\\exploration\\E0_I0016_efficiency_predictors\\s03_survivors.py"", 55, ""\""D05_transition_x_pace\"": [\""D04_pl_fastbreak_share\"", \""D03_pace_sum\""],"", ""[\""D04_pl_fastbreak_share\""""], [""MENTION"", ""experiments\\exploration\\E0_I0016_efficiency_predictors\\ep_base.py"", 184, ""\""D01_tm_poss_per40\"", \""D03_pace_sum\"", \""D05_transition_x_pace\"", \""D06_tm_fastbreak_pts\""]:"", """"], [""MENTION"", ""experiments\\exploration\\E0_I0016_efficiency_predictors\\s02_screen_SUPERSEDED.py"", 47, ""\""D01_tm_poss_per40\"", \""D03_pace_sum\"", \""D05_transition_x_pace\"", \""D06_tm_fastbreak_pts\""]:"", """"]]"
E0_I0016_efficiency_predictors,D06_tm_fastbreak_pts,4,IN_SCREEN,SUBSCRIPT_ASSIGN,experiments\exploration\E0_I0016_efficiency_predictors\s01_build_frame.py,106,"tprior[""D06_tm_fastbreak_pts""] = safe_div(PS[""points_fast_break""], mt[""_tm_prior_games""])","safe_div(PS[""points_fast_break""], mt[""_tm_prior_games""])","[[""SUBSCRIPT_ASSIGN"", ""experiments\\exploration\\E0_I0016_efficiency_predictors\\s01_build_frame.py"", 106, ""tprior[\""D06_tm_fastbreak_pts\""] = safe_div(PS[\""points_fast_break\""], mt[\""_tm_prior_games\""])"", ""safe_div(PS[\""points_fast_break\""], mt[\""_tm_prior_games\""])""], [""MENTION"", ""experiments\\exploration\\E0_I0016_efficiency_predictors\\ep_base.py"", 184, ""\""D01_tm_poss_per40\"", \""D03_pace_sum\"", \""D05_transition_x_pace\"", \""D06_tm_fastbreak_pts\""]:"", """"], [""MENTION"", ""experiments\\exploration\\E0_I0016_efficiency_predictors\\s01_build_frame.py"", 230, ""own_cols = [\""C02_tm_ast_per_game\"", \""C03_tm_ast_rate\"", \""D01_tm_poss_per40\"", \""D06_tm_fastbreak_pts\"","", """"], [""MENTION"", ""experiments\\exploration\\E0_I0016_efficiency_predictors\\s02_screen_SUPERSEDED.py"", 47, ""\""D01_tm_poss_per40\"", \""D03_pace_sum\"", \""D05_transition_x_pace\"", \""D06_tm_fastbreak_pts\""]:"", """"]]"
E0_I0016_efficiency_predictors,E01_pl_fg3a_share,9,IN_SCREEN,SUBSCRIPT_ASSIGN,experiments\exploration\E0_I0016_efficiency_predictors\s01_build_frame.py,146,"pl[""E01_pl_fg3a_share""] = safe_div(QS[""fg3a""], QS[""fga""])","safe_div(QS[""fg3a""], QS[""fga""])","[[""SUBSCRIPT_ASSIGN"", ""experiments\\exploration\\E0_I0016_efficiency_predictors\\s01_build_frame.py"", 146, ""pl[\""E01_pl_fg3a_share\""] = safe_div(QS[\""fg3a\""], QS[\""fga\""])"", ""safe_div(QS[\""fg3a\""], QS[\""fga\""])""], [""MENTION"", ""experiments\\exploration\\E0_I0016_efficiency_predictors\\ep_base.py"", 187, ""\""D04_pl_fastbreak_share\"", \""E01_pl_fg3a_share\"", \""E02_pl_paintpts_share\"","", """"], [""MENTION"", ""experiments\\exploration\\E0_I0016_efficiency_predictors\\s01_build_frame.py"", 247, ""pl[\""E04_3pt_vs_opp_perim\""] = pl[\""E01_pl_fg3a_share\""] * pl[\""A05_opp_fg3pct_allowed\""]"", """"], [""MENTION"", ""experiments\\exploration\\E0_I0016_efficiency_predictors\\s01_build_frame.py"", 249, ""pl[\""F01_b2b_x_fg3a_share\""] = pl[\""_tm_b2b\""] * pl[\""E01_pl_fg3a_share\""]"", """"], [""MENTION"", ""experiments\\exploration\\E0_I0016_efficiency_predictors\\s01_build_frame.py"", 251, ""pl[\""F04_load_x_fg3a_share\""] = pl[\""F03_minutes_load_7d\""] * pl[\""E01_pl_fg3a_share\""]"", """"], [""MENTION"", ""experiments\\exploration\\E0_I0016_efficiency_predictors\\s02_screen_SUPERSEDED.py"", 50, ""\""D04_pl_fastbreak_share\"", \""E01_pl_fg3a_share\"", \""E02_pl_paintpts_share\"","", """"], [""MENTION"", ""experiments\\exploration\\E0_I0016_efficiency_predictors\\s03_survivors.py"", 56, ""\""E04_3pt_vs_opp_perim\"": [\""E01_pl_fg3a_share\"", \""A05_opp_fg3pct_allowed\""],"", """"], [""MENTION"", ""experiments\\exploration\\E0_I0016_efficiency_predictors\\s03_survivors.py"", 58, ""\""F01_b2b_x_fg3a_share\"": [\""E01_pl_fg3a_share\""],"", """"], [""MENTION"", ""experiments\\exploration\\E0_I0016_efficiency_predictors\\s03_survivors.py"", 60, ""\""F04_load_x_fg3a_share\"": [\""F03_minutes_load_7d\"", \""E01_pl_fg3a_share\""],"", """"]]"
E0_I0016_efficiency_predictors,E02_pl_paintpts_share,5,IN_SCREEN,SUBSCRIPT_ASSIGN,experiments\exploration\E0_I0016_efficiency_predictors\s01_build_frame.py,147,"pl[""E02_pl_paintpts_share""] = safe_div(QS[""points_paint""], QS[""pts""])","safe_div(QS[""points_paint""], QS[""pts""])","[[""SUBSCRIPT_ASSIGN"", ""experiments\\exploration\\E0_I0016_efficiency_predictors\\s01_build_frame.py"", 147, ""pl[\""E02_pl_paintpts_share\""] = safe_div(QS[\""points_paint\""], QS[\""pts\""])"", ""safe_div(QS[\""points_paint\""], QS[\""pts\""])""], [""MENTION"", ""experiments\\exploration\\E0_I0016_efficiency_predictors\\ep_base.py"", 187, ""\""D04_pl_fastbreak_share\"", \""E01_pl_fg3a_share\"", \""E02_pl_paintpts_share\"","", """"], [""MENTION"", ""experiments\\exploration\\E0_I0016_efficiency_predictors\\s01_build_frame.py"", 248, ""pl[\""E05_paint_vs_opp_rim\""] = pl[\""E02_pl_paintpts_share\""] * pl[\""A04_opp_blk\""]"", """"], [""MENTION"", ""experiments\\exploration\\E0_I0016_efficiency_predictors\\s02_screen_SUPERSEDED.py"", 50, ""\""D04_pl_fastbreak_share\"", \""E01_pl_fg3a_share\"", \""E02_pl_paintpts_share\"","", """"], [""MENTION"", ""experiments\\exploration\\E0_I0016_efficiency_predictors\\s03_survivors.py"", 57, ""\""E05_paint_vs_opp_rim\"": [\""E02_pl_paintpts_share\"", \""A04_opp_blk\""],"", """"]]"
E0_I0016_efficiency_predictors,E03_pl_blocked_rate,3,IN_SCREEN,SUBSCRIPT_ASSIGN,experiments\exploration\E0_I0016_efficiency_predictors\s01_build_frame.py,148,"pl[""E03_pl_blocked_rate""] = safe_div(QS[""blocks_against""], QS[""fga""])","safe_div(QS[""blocks_against""], QS[""fga""])","[[""SUBSCRIPT_ASSIGN"", ""experiments\\exploration\\E0_I0016_efficiency_predictors\\s01_build_frame.py"", 148, ""pl[\""E03_pl_blocked_rate\""] = safe_div(QS[\""blocks_against\""], QS[\""fga\""])"", ""safe_div(QS[\""blocks_against\""], QS[\""fga\""])""], [""MENTION"", ""experiments\\exploration\\E0_I0016_efficiency_predictors\\ep_base.py"", 188, ""\""E03_pl_blocked_rate\"", \""E06_pl_efg_prior\"", \""E07_pl_2ndchance_share\"","", """"], [""MENTION"", ""experiments\\exploration\\E0_I0016_efficiency_predictors\\s02_screen_SUPERSEDED.py"", 51, ""\""E03_pl_blocked_rate\"", \""E06_pl_efg_prior\"", \""E07_pl_2ndchance_share\"","", """"]]"
E0_I0016_efficiency_predictors,E04_3pt_vs_opp_perim,4,IN_SCREEN,SUBSCRIPT_ASSIGN,experiments\exploration\E0_I0016_efficiency_predictors\s01_build_frame.py,247,"pl[""E04_3pt_vs_opp_perim""] = pl[""E01_pl_fg3a_share""] * pl[""A05_opp_fg3pct_allowed""]","pl[""E01_pl_fg3a_share""] * pl[""A05_opp_fg3pct_allowed""]","[[""SUBSCRIPT_ASSIGN"", ""experiments\\exploration\\E0_I0016_efficiency_predictors\\s01_build_frame.py"", 247, ""pl[\""E04_3pt_vs_opp_perim\""] = pl[\""E01_pl_fg3a_share\""] * pl[\""A05_opp_fg3pct_allowed\""]"", ""pl[\""E01_pl_fg3a_share\""] * pl[\""A05_opp_fg3pct_allowed\""]""], [""DICT_VALUE"", ""experiments\\exploration\\E0_I0016_efficiency_predictors\\s03_survivors.py"", 56, ""\""E04_3pt_vs_opp_perim\"": [\""E01_pl_fg3a_share\"", \""A05_opp_fg3pct_allowed\""],"", ""[\""E01_pl_fg3a_share\""""], [""MENTION"", ""experiments\\exploration\\E0_I0016_efficiency_predictors\\ep_base.py"", 179, ""\""D02_opp_poss_per40\"", \""E04_3pt_vs_opp_perim\"", \""E05_paint_vs_opp_rim\""]:"", """"], [""MENTION"", ""experiments\\exploration\\E0_I0016_efficiency_predictors\\s02_screen_SUPERSEDED.py"", 42, ""\""D02_opp_poss_per40\"", \""E04_3pt_vs_opp_perim\"", \""E05_paint_vs_opp_rim\""]:"", """"]]"
E0_I0016_efficiency_predictors,E05_paint_vs_opp_rim,4,IN_SCREEN,SUBSCRIPT_ASSIGN,experiments\exploration\E0_I0016_efficiency_predictors\s01_build_frame.py,248,"pl[""E05_paint_vs_opp_rim""] = pl[""E02_pl_paintpts_share""] * pl[""A04_opp_blk""]","pl[""E02_pl_paintpts_share""] * pl[""A04_opp_blk""]","[[""SUBSCRIPT_ASSIGN"", ""experiments\\exploration\\E0_I0016_efficiency_predictors\\s01_build_frame.py"", 248, ""pl[\""E05_paint_vs_opp_rim\""] = pl[\""E02_pl_paintpts_share\""] * pl[\""A04_opp_blk\""]"", ""pl[\""E02_pl_paintpts_share\""] * pl[\""A04_opp_blk\""]""], [""DICT_VALUE"", ""experiments\\exploration\\E0_I0016_efficiency_predictors\\s03_survivors.py"", 57, ""\""E05_paint_vs_opp_rim\"": [\""E02_pl_paintpts_share\"", \""A04_opp_blk\""],"", ""[\""E02_pl_paintpts_share\""""], [""MENTION"", ""experiments\\exploration\\E0_I0016_efficiency_predictors\\ep_base.py"", 179, ""\""D02_opp_poss_per40\"", \""E04_3pt_vs_opp_perim\"", \""E05_paint_vs_opp_rim\""]:"", """"], [""MENTION"", ""experiments\\exploration\\E0_I0016_efficiency_predictors\\s02_screen_SUPERSEDED.py"", 42, ""\""D02_opp_poss_per40\"", \""E04_3pt_vs_opp_perim\"", \""E05_paint_vs_opp_rim\""]:"", """"]]"
E0_I0016_efficiency_predictors,E06_pl_efg_prior,4,IN_SCREEN,SUBSCRIPT_ASSIGN,experiments\exploration\E0_I0016_efficiency_predictors\s01_build_frame.py,149,"pl[""E06_pl_efg_prior""] = safe_div(QS[""fgm""] + 0.5 * QS[""fg3m""], QS[""fga""])","safe_div(QS[""fgm""] + 0.5 * QS[""fg3m""], QS[""fga""])","[[""SUBSCRIPT_ASSIGN"", ""experiments\\exploration\\E0_I0016_efficiency_predictors\\s01_build_frame.py"", 149, ""pl[\""E06_pl_efg_prior\""] = safe_div(QS[\""fgm\""] + 0.5 * QS[\""fg3m\""], QS[\""fga\""])"", ""safe_div(QS[\""fgm\""] + 0.5 * QS[\""fg3m\""], QS[\""fga\""])""], [""MENTION"", ""experiments\\exploration\\E0_I0016_efficiency_predictors\\ep_base.py"", 188, ""\""E03_pl_blocked_rate\"", \""E06_pl_efg_prior\"", \""E07_pl_2ndchance_share\"","", """"], [""MENTION"", ""experiments\\exploration\\E0_I0016_efficiency_predictors\\s02_screen_SUPERSEDED.py"", 51, ""\""E03_pl_blocked_rate\"", \""E06_pl_efg_prior\"", \""E07_pl_2ndchance_share\"","", """"], [""MENTION"", ""experiments\\exploration\\E0_I0016_efficiency_predictors\\s03_survivors.py"", 127, ""print(res[res[\""candidate\""] == \""E06_pl_efg_prior\""]["", """"]]"
E0_I0016_efficiency_predictors,E07_pl_2ndchance_share,3,IN_SCREEN,SUBSCRIPT_ASSIGN,experiments\exploration\E0_I0016_efficiency_predictors\s01_build_frame.py,150,"pl[""E07_pl_2ndchance_share""] = safe_div(QS[""points_second_chance""], QS[""pts""])","safe_div(QS[""points_second_chance""], QS[""pts""])","[[""SUBSCRIPT_ASSIGN"", ""experiments\\exploration\\E0_I0016_efficiency_predictors\\s01_build_frame.py"", 150, ""pl[\""E07_pl_2ndchance_share\""] = safe_div(QS[\""points_second_chance\""], QS[\""pts\""])"", ""safe_div(QS[\""points_second_chance\""], QS[\""pts\""])""], [""MENTION"", ""experiments\\exploration\\E0_I0016_efficiency_predictors\\ep_base.py"", 188, ""\""E03_pl_blocked_rate\"", \""E06_pl_efg_prior\"", \""E07_pl_2ndchance_share\"","", """"], [""MENTION"", ""experiments\\exploration\\E0_I0016_efficiency_predictors\\s02_screen_SUPERSEDED.py"", 51, ""\""E03_pl_blocked_rate\"", \""E06_pl_efg_prior\"", \""E07_pl_2ndchance_share\"","", """"]]"
E0_I0016_efficiency_predictors,F01_b2b_x_fg3a_share,4,IN_SCREEN,SUBSCRIPT_ASSIGN,experiments\exploration\E0_I0016_efficiency_predictors\s01_build_frame.py,249,"pl[""F01_b2b_x_fg3a_share""] = pl[""_tm_b2b""] * pl[""E01_pl_fg3a_share""]","pl[""_tm_b2b""] * pl[""E01_pl_fg3a_share""]","[[""SUBSCRIPT_ASSIGN"", ""experiments\\exploration\\E0_I0016_efficiency_predictors\\s01_build_frame.py"", 249, ""pl[\""F01_b2b_x_fg3a_share\""] = pl[\""_tm_b2b\""] * pl[\""E01_pl_fg3a_share\""]"", ""pl[\""_tm_b2b\""] * pl[\""E01_pl_fg3a_share\""]""], [""DICT_VALUE"", ""experiments\\exploration\\E0_I0016_efficiency_predictors\\s03_survivors.py"", 58, ""\""F01_b2b_x_fg3a_share\"": [\""E01_pl_fg3a_share\""],"", ""[\""E01_pl_fg3a_share\""]""], [""MENTION"", ""experiments\\exploration\\E0_I0016_efficiency_predictors\\ep_base.py"", 189, ""\""F01_b2b_x_fg3a_share\"", \""F02_b2b_x_ftrate\"", \""F03_minutes_load_7d\"","", """"], [""MENTION"", ""experiments\\exploration\\E0_I0016_efficiency_predictors\\s02_screen_SUPERSEDED.py"", 52, ""\""F01_b2b_x_fg3a_share\"", \""F02_b2b_x_ftrate\"", \""F03_minutes_load_7d\"","", """"]]"
E0_I0016_efficiency_predictors,F02_b2b_x_ftrate,4,IN_SCREEN,SUBSCRIPT_ASSIGN,experiments\exploration\E0_I0016_efficiency_predictors\s01_build_frame.py,250,"pl[""F02_b2b_x_ftrate""] = pl[""_tm_b2b""] * pl[""B01_pl_ftrate""]","pl[""_tm_b2b""] * pl[""B01_pl_ftrate""]","[[""SUBSCRIPT_ASSIGN"", ""experiments\\exploration\\E0_I0016_efficiency_predictors\\s01_build_frame.py"", 250, ""pl[\""F02_b2b_x_ftrate\""] = pl[\""_tm_b2b\""] * pl[\""B01_pl_ftrate\""]"", ""pl[\""_tm_b2b\""] * pl[\""B01_pl_ftrate\""]""], [""DICT_VALUE"", ""experiments\\exploration\\E0_I0016_efficiency_predictors\\s03_survivors.py"", 59, ""\""F02_b2b_x_ftrate\"": [\""B01_pl_ftrate\""],"", ""[\""B01_pl_ftrate\""]""], [""MENTION"", ""experiments\\exploration\\E0_I0016_efficiency_predictors\\ep_base.py"", 189, ""\""F01_b2b_x_fg3a_share\"", \""F02_b2b_x_ftrate\"", \""F03_minutes_load_7d\"","", """"], [""MENTION"", ""experiments\\exploration\\E0_I0016_efficiency_predictors\\s02_screen_SUPERSEDED.py"", 52, ""\""F01_b2b_x_fg3a_share\"", \""F02_b2b_x_ftrate\"", \""F03_minutes_load_7d\"","", """"]]"
E0_I0016_efficiency_predictors,F03_minutes_load_7d,5,IN_SCREEN,SUBSCRIPT_ASSIGN,experiments\exploration\E0_I0016_efficiency_predictors\s01_build_frame.py,163,"pl[""F03_minutes_load_7d""] = load",load,"[[""SUBSCRIPT_ASSIGN"", ""experiments\\exploration\\E0_I0016_efficiency_predictors\\s01_build_frame.py"", 163, ""pl[\""F03_minutes_load_7d\""] = load"", ""load""], [""MENTION"", ""experiments\\exploration\\E0_I0016_efficiency_predictors\\ep_base.py"", 189, ""\""F01_b2b_x_fg3a_share\"", \""F02_b2b_x_ftrate\"", \""F03_minutes_load_7d\"","", """"], [""MENTION"", ""experiments\\exploration\\E0_I0016_efficiency_predictors\\s01_build_frame.py"", 251, ""pl[\""F04_load_x_fg3a_share\""] = pl[\""F03_minutes_load_7d\""] * pl[\""E01_pl_fg3a_share\""]"", """"], [""MENTION"", ""experiments\\exploration\\E0_I0016_efficiency_predictors\\s02_screen_SUPERSEDED.py"", 52, ""\""F01_b2b_x_fg3a_share\"", \""F02_b2b_x_ftrate\"", \""F03_minutes_load_7d\"","", """"], [""MENTION"", ""experiments\\exploration\\E0_I0016_efficiency_predictors\\s03_survivors.py"", 60, ""\""F04_load_x_fg3a_share\"": [\""F03_minutes_load_7d\"", \""E01_pl_fg3a_share\""],"", """"]]"
E0_I0016_efficiency_predictors,F04_load_x_fg3a_share,4,IN_SCREEN,SUBSCRIPT_ASSIGN,experiments\exploration\E0_I0016_efficiency_predictors\s01_build_frame.py,251,"pl[""F04_load_x_fg3a_share""] = pl[""F03_minutes_load_7d""] * pl[""E01_pl_fg3a_share""]","pl[""F03_minutes_load_7d""] * pl[""E01_pl_fg3a_share""]","[[""SUBSCRIPT_ASSIGN"", ""experiments\\exploration\\E0_I0016_efficiency_predictors\\s01_build_frame.py"", 251, ""pl[\""F04_load_x_fg3a_share\""] = pl[\""F03_minutes_load_7d\""] * pl[\""E01_pl_fg3a_share\""]"", ""pl[\""F03_minutes_load_7d\""] * pl[\""E01_pl_fg3a_share\""]""], [""DICT_VALUE"", ""experiments\\exploration\\E0_I0016_efficiency_predictors\\s03_survivors.py"", 60, ""\""F04_load_x_fg3a_share\"": [\""F03_minutes_load_7d\"", \""E01_pl_fg3a_share\""],"", ""[\""F03_minutes_load_7d\""""], [""MENTION"", ""experiments\\exploration\\E0_I0016_efficiency_predictors\\ep_base.py"", 190, ""\""F04_load_x_fg3a_share\"", \""G01_noise\""]:"", """"], [""MENTION"", ""experiments\\exploration\\E0_I0016_efficiency_predictors\\s02_screen_SUPERSEDED.py"", 53, ""\""F04_load_x_fg3a_share\"", \""G01_noise\""]:"", """"]]"
E0_I0016_efficiency_predictors,G01_noise,5,IN_SCREEN,SUBSCRIPT_ASSIGN,experiments\exploration\E0_I0016_efficiency_predictors\s01_build_frame.py,255,"pl[""G01_noise""] = rng.standard_normal(len(pl))",rng.standard_normal(len(pl)),"[[""SUBSCRIPT_ASSIGN"", ""experiments\\exploration\\E0_I0016_efficiency_predictors\\s01_build_frame.py"", 255, ""pl[\""G01_noise\""] = rng.standard_normal(len(pl))"", ""rng.standard_normal(len(pl))""], [""MENTION"", ""experiments\\exploration\\E0_I0016_efficiency_predictors\\ep_base.py"", 190, ""\""F04_load_x_fg3a_share\"", \""G01_noise\""]:"", """"], [""MENTION"", ""experiments\\exploration\\E0_I0016_efficiency_predictors\\KIT_BUG_REPRO.py"", 63, ""\""candidate\"": [\""A01_opp_efg_allowed\"", \""B05_matchup_fouldraw\"", \""C07_pl_usage_rank\"", \""G01_noise\""],"", """"], [""MENTION"", ""experiments\\exploration\\E0_I0016_efficiency_predictors\\s02_screen_SUPERSEDED.py"", 53, ""\""F04_load_x_fg3a_share\"", \""G01_noise\""]:"", """"], [""MENTION"", ""experiments\\exploration\\E0_I0016_efficiency_predictors\\s03_survivors.py"", 123, ""print(res[res[\""candidate\""] == \""G01_noise\""]["", """"]]"
E0_I0017_shot_quality_efficiency,D04_xefg_minus_own,4,IN_SCREEN,SUBSCRIPT_ASSIGN,experiments\exploration\E0_I0017_shot_quality_efficiency\s01_build_frame.py,336,"pl[""D04_xefg_minus_own""] = pl[""D01_xefg_zone""] - pl[""refB_efg""]","pl[""D01_xefg_zone""] - pl[""refB_efg""]","[[""SUBSCRIPT_ASSIGN"", ""experiments\\exploration\\E0_I0017_shot_quality_efficiency\\s01_build_frame.py"", 336, ""pl[\""D04_xefg_minus_own\""] = pl[\""D01_xefg_zone\""] - pl[\""refB_efg\""]"", ""pl[\""D01_xefg_zone\""] - pl[\""refB_efg\""]""], [""TUPLE_PAIR"", ""experiments\\exploration\\E0_I0017_shot_quality_efficiency\\s03_forensics.py"", 87, ""for lbl, x in [(\""D04_xefg_minus_own\"", d[\""D04_xefg_minus_own\""].to_numpy(float)),"", ""d[\""D04_xefg_minus_own\""].to_numpy(float""], [""MENTION"", ""experiments\\exploration\\E0_I0017_shot_quality_efficiency\\s03_forensics.py"", 82, ""for lbl, x in [(\""D04_xefg_minus_own (= D01 - refB_efg)\"", d[\""D04_xefg_minus_own\""].to_numpy(float)),"", """"], [""MENTION"", ""experiments\\exploration\\E0_I0017_shot_quality_efficiency\\sq_base.py"", 72, ""FAMILY_D = [\""D01_xefg_zone\"", \""D02_xpps_zone\"", \""D03_xefg_action\"", \""D04_xefg_minus_own\""]"", """"]]"
E0_I0017_shot_quality_efficiency,F02_lt5ft_x_opplt5ft,3,IN_SCREEN,SUBSCRIPT_ASSIGN,experiments\exploration\E0_I0017_shot_quality_efficiency\s01_build_frame.py,338,"pl[""F02_lt5ft_x_opplt5ft""] = pl[""A02_share_lt5ft""] * pl[""E02_opp_lt5ft_conceded""]","pl[""A02_share_lt5ft""] * pl[""E02_opp_lt5ft_conceded""]","[[""SUBSCRIPT_ASSIGN"", ""experiments\\exploration\\E0_I0017_shot_quality_efficiency\\s01_build_frame.py"", 338, ""pl[\""F02_lt5ft_x_opplt5ft\""] = pl[\""A02_share_lt5ft\""] * pl[\""E02_opp_lt5ft_conceded\""]"", ""pl[\""A02_share_lt5ft\""] * pl[\""E02_opp_lt5ft_conceded\""]""], [""DICT_VALUE"", ""experiments\\exploration\\E0_I0017_shot_quality_efficiency\\sq_base.py"", 96, ""\""F02_lt5ft_x_opplt5ft\"": [\""A02_share_lt5ft\"", \""E02_opp_lt5ft_conceded\""],"", ""[\""A02_share_lt5ft\""""], [""MENTION"", ""experiments\\exploration\\E0_I0017_shot_quality_efficiency\\sq_base.py"", 75, ""FAMILY_F = [\""F01_dist_x_oppdist\"", \""F02_lt5ft_x_opplt5ft\"", \""F03_xefg_x_oppxefg\"", \""F04_3pa_x_opp3pa\""]"", """"]]"
E0_I0017_shot_quality_efficiency,A02_share_lt5ft,6,IN_SCREEN,SUBSCRIPT_ASSIGN,experiments\exploration\E0_I0017_shot_quality_efficiency\s01_build_frame.py,230,"pl[""A02_share_lt5ft""] = safe_div(P[""_lt5""], P[""_att""])","safe_div(P[""_lt5""], P[""_att""])","[[""SUBSCRIPT_ASSIGN"", ""experiments\\exploration\\E0_I0017_shot_quality_efficiency\\s01_build_frame.py"", 230, ""pl[\""A02_share_lt5ft\""] = safe_div(P[\""_lt5\""], P[\""_att\""])"", ""safe_div(P[\""_lt5\""], P[\""_att\""])""], [""MENTION"", ""experiments\\exploration\\E0_I0017_shot_quality_efficiency\\s01_build_frame.py"", 248, ""pl[\""B05_lt5ft_trend\""] = pl[\""B02_lt5ft_t5\""] - pl[\""A02_share_lt5ft\""]"", """"], [""MENTION"", ""experiments\\exploration\\E0_I0017_shot_quality_efficiency\\s01_build_frame.py"", 338, ""pl[\""F02_lt5ft_x_opplt5ft\""] = pl[\""A02_share_lt5ft\""] * pl[\""E02_opp_lt5ft_conceded\""]"", """"], [""MENTION"", ""experiments\\exploration\\E0_I0017_shot_quality_efficiency\\s04_transfer.py"", 49, ""CANDS = [\""A02_share_lt5ft\"", \""A03_share_restricted\"", \""A04_share_paint\"", \""A11_share_layup_action\"","", """"], [""MENTION"", ""experiments\\exploration\\E0_I0017_shot_quality_efficiency\\sq_base.py"", 64, ""FAMILY_A = [\""A01_dist_mean\"", \""A02_share_lt5ft\"", \""A03_share_restricted\"", \""A04_share_paint\"","", """"], [""MENTION"", ""experiments\\exploration\\E0_I0017_shot_quality_efficiency\\sq_base.py"", 96, ""\""F02_lt5ft_x_opplt5ft\"": [\""A02_share_lt5ft\"", \""E02_opp_lt5ft_conceded\""],"", """"]]"
E0_I0017_shot_quality_efficiency,A03_share_restricted,3,IN_SCREEN,SUBSCRIPT_ASSIGN,experiments\exploration\E0_I0017_shot_quality_efficiency\s01_build_frame.py,232,"pl[""A03_share_restricted""] = safe_div(P[zc[""Restricted Area""]], P[""_att""])","safe_div(P[zc[""Restricted Area""]], P[""_att""])","[[""SUBSCRIPT_ASSIGN"", ""experiments\\exploration\\E0_I0017_shot_quality_efficiency\\s01_build_frame.py"", 232, ""pl[\""A03_share_restricted\""] = safe_div(P[zc[\""Restricted Area\""]], P[\""_att\""])"", ""safe_div(P[zc[\""Restricted Area\""]], P[\""_att\""])""], [""MENTION"", ""experiments\\exploration\\E0_I0017_shot_quality_efficiency\\s04_transfer.py"", 49, ""CANDS = [\""A02_share_lt5ft\"", \""A03_share_restricted\"", \""A04_share_paint\"", \""A11_share_layup_action\"","", """"], [""MENTION"", ""experiments\\exploration\\E0_I0017_shot_quality_efficiency\\sq_base.py"", 64, ""FAMILY_A = [\""A01_dist_mean\"", \""A02_share_lt5ft\"", \""A03_share_restricted\"", \""A04_share_paint\"","", """"]]"
E0_I0017_shot_quality_efficiency,B01_dist_t5,4,IN_SCREEN,SUBSCRIPT_ASSIGN,experiments\exploration\E0_I0017_shot_quality_efficiency\s01_build_frame.py,244,"pl[""B01_dist_t5""] = safe_div(T5[""_distsum""], T5[""_att""])","safe_div(T5[""_distsum""], T5[""_att""])","[[""SUBSCRIPT_ASSIGN"", ""experiments\\exploration\\E0_I0017_shot_quality_efficiency\\s01_build_frame.py"", 244, ""pl[\""B01_dist_t5\""] = safe_div(T5[\""_distsum\""], T5[\""_att\""])"", ""safe_div(T5[\""_distsum\""], T5[\""_att\""])""], [""MENTION"", ""experiments\\exploration\\E0_I0017_shot_quality_efficiency\\s01_build_frame.py"", 247, ""pl[\""B04_dist_trend\""] = pl[\""B01_dist_t5\""] - pl[\""A01_dist_mean\""]"", """"], [""MENTION"", ""experiments\\exploration\\E0_I0017_shot_quality_efficiency\\s04_transfer.py"", 50, ""\""A01_dist_mean\"", \""B01_dist_t5\"", \""B02_lt5ft_t5\"", \""D01_xefg_zone\"", \""D03_xefg_action\"","", """"], [""MENTION"", ""experiments\\exploration\\E0_I0017_shot_quality_efficiency\\sq_base.py"", 68, ""FAMILY_B = [\""B01_dist_t5\"", \""B02_lt5ft_t5\"", \""B03_restricted_t5\"", \""B04_dist_trend\"","", """"]]"
E0_I0017_shot_quality_efficiency,A04_share_paint,3,IN_SCREEN,SUBSCRIPT_ASSIGN,experiments\exploration\E0_I0017_shot_quality_efficiency\s01_build_frame.py,233,"pl[""A04_share_paint""] = safe_div(P[zc[""Restricted Area""]] + P[zc[""In The Paint (Non-RA)""]], P[""_att""])","safe_div(P[zc[""Restricted Area""]] + P[zc[""In The Paint (Non-RA)""]], P[""_att""])","[[""SUBSCRIPT_ASSIGN"", ""experiments\\exploration\\E0_I0017_shot_quality_efficiency\\s01_build_frame.py"", 233, ""pl[\""A04_share_paint\""] = safe_div(P[zc[\""Restricted Area\""]] + P[zc[\""In The Paint (Non-RA)\""]], P[\""_att\""])"", ""safe_div(P[zc[\""Restricted Area\""]] + P[zc[\""In The Paint (Non-RA)\""]], P[\""_att\""])""], [""MENTION"", ""experiments\\exploration\\E0_I0017_shot_quality_efficiency\\s04_transfer.py"", 49, ""CANDS = [\""A02_share_lt5ft\"", \""A03_share_restricted\"", \""A04_share_paint\"", \""A11_share_layup_action\"","", """"], [""MENTION"", ""experiments\\exploration\\E0_I0017_shot_quality_efficiency\\sq_base.py"", 64, ""FAMILY_A = [\""A01_dist_mean\"", \""A02_share_lt5ft\"", \""A03_share_restricted\"", \""A04_share_paint\"","", """"]]"
E0_I0017_shot_quality_efficiency,A11_share_layup_action,3,IN_SCREEN,SUBSCRIPT_ASSIGN,experiments\exploration\E0_I0017_shot_quality_efficiency\s01_build_frame.py,240,"pl[""A11_share_layup_action""] = safe_div(P[""_layup""], P[""_att""])","safe_div(P[""_layup""], P[""_att""])","[[""SUBSCRIPT_ASSIGN"", ""experiments\\exploration\\E0_I0017_shot_quality_efficiency\\s01_build_frame.py"", 240, ""pl[\""A11_share_layup_action\""] = safe_div(P[\""_layup\""], P[\""_att\""])"", ""safe_div(P[\""_layup\""], P[\""_att\""])""], [""MENTION"", ""experiments\\exploration\\E0_I0017_shot_quality_efficiency\\s04_transfer.py"", 49, ""CANDS = [\""A02_share_lt5ft\"", \""A03_share_restricted\"", \""A04_share_paint\"", \""A11_share_layup_action\"","", """"], [""MENTION"", ""experiments\\exploration\\E0_I0017_shot_quality_efficiency\\sq_base.py"", 66, ""\""A09_share_catch_action\"", \""A10_share_selfcreate_action\"", \""A11_share_layup_action\"","", """"]]"
E0_I0017_shot_quality_efficiency,B02_lt5ft_t5,4,IN_SCREEN,SUBSCRIPT_ASSIGN,experiments\exploration\E0_I0017_shot_quality_efficiency\s01_build_frame.py,245,"pl[""B02_lt5ft_t5""] = safe_div(T5[""_lt5""], T5[""_att""])","safe_div(T5[""_lt5""], T5[""_att""])","[[""SUBSCRIPT_ASSIGN"", ""experiments\\exploration\\E0_I0017_shot_quality_efficiency\\s01_build_frame.py"", 245, ""pl[\""B02_lt5ft_t5\""] = safe_div(T5[\""_lt5\""], T5[\""_att\""])"", ""safe_div(T5[\""_lt5\""], T5[\""_att\""])""], [""MENTION"", ""experiments\\exploration\\E0_I0017_shot_quality_efficiency\\s01_build_frame.py"", 248, ""pl[\""B05_lt5ft_trend\""] = pl[\""B02_lt5ft_t5\""] - pl[\""A02_share_lt5ft\""]"", """"], [""MENTION"", ""experiments\\exploration\\E0_I0017_shot_quality_efficiency\\s04_transfer.py"", 50, ""\""A01_dist_mean\"", \""B01_dist_t5\"", \""B02_lt5ft_t5\"", \""D01_xefg_zone\"", \""D03_xefg_action\"","", """"], [""MENTION"", ""experiments\\exploration\\E0_I0017_shot_quality_efficiency\\sq_base.py"", 68, ""FAMILY_B = [\""B01_dist_t5\"", \""B02_lt5ft_t5\"", \""B03_restricted_t5\"", \""B04_dist_trend\"","", """"]]"
E0_I0017_shot_quality_efficiency,A01_dist_mean,10,IN_SCREEN,SUBSCRIPT_ASSIGN,experiments\exploration\E0_I0017_shot_quality_efficiency\s01_build_frame.py,229,"pl[""A01_dist_mean""] = safe_div(P[""_distsum""], P[""_att""])","safe_div(P[""_distsum""], P[""_att""])","[[""SUBSCRIPT_ASSIGN"", ""experiments\\exploration\\E0_I0017_shot_quality_efficiency\\s01_build_frame.py"", 229, ""pl[\""A01_dist_mean\""] = safe_div(P[\""_distsum\""], P[\""_att\""])"", ""safe_div(P[\""_distsum\""], P[\""_att\""])""], [""MENTION"", ""experiments\\exploration\\E0_I0017_shot_quality_efficiency\\s01_build_frame.py"", 247, ""pl[\""B04_dist_trend\""] = pl[\""B01_dist_t5\""] - pl[\""A01_dist_mean\""]"", """"], [""MENTION"", ""experiments\\exploration\\E0_I0017_shot_quality_efficiency\\s01_build_frame.py"", 337, ""pl[\""F01_dist_x_oppdist\""] = pl[\""A01_dist_mean\""] * pl[\""E01_opp_dist_conceded\""]"", """"], [""MENTION"", ""experiments\\exploration\\E0_I0017_shot_quality_efficiency\\s01_build_frame.py"", 438, ""chk = f[np.isfinite(f[\""y_ppm\""]) & np.isfinite(f[\""refB_ppm\""]) & np.isfinite(f[\""A01_dist_mean\""])].copy()"", """"], [""MENTION"", ""experiments\\exploration\\E0_I0017_shot_quality_efficiency\\s01_build_frame.py"", 440, ""x = chk[\""A01_dist_mean\""].to_numpy(float)"", """"], [""MENTION"", ""experiments\\exploration\\E0_I0017_shot_quality_efficiency\\s02_screen.py"", 203, ""d = f[np.isfinite(f[\""y_\"" + rt]) & np.isfinite(f[\""refB_\"" + rt]) & np.isfinite(f[\""A01_dist_mean\""])]"", """"], [""MENTION"", ""experiments\\exploration\\E0_I0017_shot_quality_efficiency\\s02_screen.py"", 207, ""return _bf.dr2(dd[\""A01_dist_mean\""].to_numpy(float))"", """"], [""MENTION"", ""experiments\\exploration\\E0_I0017_shot_quality_efficiency\\s04_transfer.py"", 50, ""\""A01_dist_mean\"", \""B01_dist_t5\"", \""B02_lt5ft_t5\"", \""D01_xefg_zone\"", \""D03_xefg_action\"","", """"], [""MENTION"", ""experiments\\exploration\\E0_I0017_shot_quality_efficiency\\sq_base.py"", 64, ""FAMILY_A = [\""A01_dist_mean\"", \""A02_share_lt5ft\"", \""A03_share_restricted\"", \""A04_share_paint\"","", """"], [""MENTION"", ""experiments\\exploration\\E0_I0017_shot_quality_efficiency\\sq_base.py"", 95, ""\""F01_dist_x_oppdist\"": [\""A01_dist_mean\"", \""E01_opp_dist_conceded\""],"", """"]]"
E0_I0017_shot_quality_efficiency,B03_restricted_t5,2,IN_SCREEN,SUBSCRIPT_ASSIGN,experiments\exploration\E0_I0017_shot_quality_efficiency\s01_build_frame.py,246,"pl[""B03_restricted_t5""] = safe_div(T5[zc[""Restricted Area""]], T5[""_att""])","safe_div(T5[zc[""Restricted Area""]], T5[""_att""])","[[""SUBSCRIPT_ASSIGN"", ""experiments\\exploration\\E0_I0017_shot_quality_efficiency\\s01_build_frame.py"", 246, ""pl[\""B03_restricted_t5\""] = safe_div(T5[zc[\""Restricted Area\""]], T5[\""_att\""])"", ""safe_div(T5[zc[\""Restricted Area\""]], T5[\""_att\""])""], [""MENTION"", ""experiments\\exploration\\E0_I0017_shot_quality_efficiency\\sq_base.py"", 68, ""FAMILY_B = [\""B01_dist_t5\"", \""B02_lt5ft_t5\"", \""B03_restricted_t5\"", \""B04_dist_trend\"","", """"]]"
E0_I0017_shot_quality_efficiency,F01_dist_x_oppdist,3,IN_SCREEN,SUBSCRIPT_ASSIGN,experiments\exploration\E0_I0017_shot_quality_efficiency\s01_build_frame.py,337,"pl[""F01_dist_x_oppdist""] = pl[""A01_dist_mean""] * pl[""E01_opp_dist_conceded""]","pl[""A01_dist_mean""] * pl[""E01_opp_dist_conceded""]","[[""SUBSCRIPT_ASSIGN"", ""experiments\\exploration\\E0_I0017_shot_quality_efficiency\\s01_build_frame.py"", 337, ""pl[\""F01_dist_x_oppdist\""] = pl[\""A01_dist_mean\""] * pl[\""E01_opp_dist_conceded\""]"", ""pl[\""A01_dist_mean\""] * pl[\""E01_opp_dist_conceded\""]""], [""DICT_VALUE"", ""experiments\\exploration\\E0_I0017_shot_quality_efficiency\\sq_base.py"", 95, ""\""F01_dist_x_oppdist\"": [\""A01_dist_mean\"", \""E01_opp_dist_conceded\""],"", ""[\""A01_dist_mean\""""], [""MENTION"", ""experiments\\exploration\\E0_I0017_shot_quality_efficiency\\sq_base.py"", 75, ""FAMILY_F = [\""F01_dist_x_oppdist\"", \""F02_lt5ft_x_opplt5ft\"", \""F03_xefg_x_oppxefg\"", \""F04_3pa_x_opp3pa\""]"", """"]]"
E0_I0017_shot_quality_efficiency,D03_xefg_action,3,IN_SCREEN,SUBSCRIPT_ASSIGN,experiments\exploration\E0_I0017_shot_quality_efficiency\s01_build_frame.py,274,"pl[""D03_xefg_action""] = np.where(novalid, np.nan, xefga)","np.where(novalid, np.nan, xefga)","[[""SUBSCRIPT_ASSIGN"", ""experiments\\exploration\\E0_I0017_shot_quality_efficiency\\s01_build_frame.py"", 274, ""pl[\""D03_xefg_action\""] = np.where(novalid, np.nan, xefga)"", ""np.where(novalid, np.nan, xefga)""], [""MENTION"", ""experiments\\exploration\\E0_I0017_shot_quality_efficiency\\s04_transfer.py"", 50, ""\""A01_dist_mean\"", \""B01_dist_t5\"", \""B02_lt5ft_t5\"", \""D01_xefg_zone\"", \""D03_xefg_action\"","", """"], [""MENTION"", ""experiments\\exploration\\E0_I0017_shot_quality_efficiency\\sq_base.py"", 72, ""FAMILY_D = [\""D01_xefg_zone\"", \""D02_xpps_zone\"", \""D03_xefg_action\"", \""D04_xefg_minus_own\""]"", """"]]"
E0_I0017_shot_quality_efficiency,A12_share_plain_jumpshot,2,IN_SCREEN,SUBSCRIPT_ASSIGN,experiments\exploration\E0_I0017_shot_quality_efficiency\s01_build_frame.py,241,"pl[""A12_share_plain_jumpshot""] = safe_div(P[""_plainjs""], P[""_att""])","safe_div(P[""_plainjs""], P[""_att""])","[[""SUBSCRIPT_ASSIGN"", ""experiments\\exploration\\E0_I0017_shot_quality_efficiency\\s01_build_frame.py"", 241, ""pl[\""A12_share_plain_jumpshot\""] = safe_div(P[\""_plainjs\""], P[\""_att\""])"", ""safe_div(P[\""_plainjs\""], P[\""_att\""])""], [""MENTION"", ""experiments\\exploration\\E0_I0017_shot_quality_efficiency\\sq_base.py"", 67, ""\""A12_share_plain_jumpshot\""]"", """"]]"
E0_I0017_shot_quality_efficiency,D02_xpps_zone,2,IN_SCREEN,SUBSCRIPT_ASSIGN,experiments\exploration\E0_I0017_shot_quality_efficiency\s01_build_frame.py,269,"pl[""D02_xpps_zone""] = np.where(novalid, np.nan, xpps)","np.where(novalid, np.nan, xpps)","[[""SUBSCRIPT_ASSIGN"", ""experiments\\exploration\\E0_I0017_shot_quality_efficiency\\s01_build_frame.py"", 269, ""pl[\""D02_xpps_zone\""] = np.where(novalid, np.nan, xpps)"", ""np.where(novalid, np.nan, xpps)""], [""MENTION"", ""experiments\\exploration\\E0_I0017_shot_quality_efficiency\\sq_base.py"", 72, ""FAMILY_D = [\""D01_xefg_zone\"", \""D02_xpps_zone\"", \""D03_xefg_action\"", \""D04_xefg_minus_own\""]"", """"]]"
E0_I0017_shot_quality_efficiency,D01_xefg_zone,9,IN_SCREEN,SUBSCRIPT_ASSIGN,experiments\exploration\E0_I0017_shot_quality_efficiency\s01_build_frame.py,268,"pl[""D01_xefg_zone""] = np.where(novalid, np.nan, xefg)","np.where(novalid, np.nan, xefg)","[[""SUBSCRIPT_ASSIGN"", ""experiments\\exploration\\E0_I0017_shot_quality_efficiency\\s01_build_frame.py"", 268, ""pl[\""D01_xefg_zone\""] = np.where(novalid, np.nan, xefg)"", ""np.where(novalid, np.nan, xefg)""], [""TUPLE_PAIR"", ""experiments\\exploration\\E0_I0017_shot_quality_efficiency\\s03_forensics.py"", 88, ""(\""D01_xefg_zone\"", d[\""D01_xefg_zone\""].to_numpy(float))]:"", ""d[\""D01_xefg_zone\""].to_numpy(float""], [""MENTION"", ""experiments\\exploration\\E0_I0017_shot_quality_efficiency\\s01_build_frame.py"", 336, ""pl[\""D04_xefg_minus_own\""] = pl[\""D01_xefg_zone\""] - pl[\""refB_efg\""]"", """"], [""MENTION"", ""experiments\\exploration\\E0_I0017_shot_quality_efficiency\\s01_build_frame.py"", 339, ""pl[\""F03_xefg_x_oppxefg\""] = pl[\""D01_xefg_zone\""] * pl[\""E04_opp_xefg_conceded\""]"", """"], [""MENTION"", ""experiments\\exploration\\E0_I0017_shot_quality_efficiency\\s03_forensics.py"", 77, ""d = f[np.isfinite(f[\""D01_xefg_zone\""]) & np.isfinite(f[\""y_ppm\""]) & np.isfinite(f[\""refB_ppm\""])"", """"], [""MENTION"", ""experiments\\exploration\\E0_I0017_shot_quality_efficiency\\s03_forensics.py"", 83, ""(\""D01_xefg_zone alone\"", d[\""D01_xefg_zone\""].to_numpy(float)),"", """"], [""MENTION"", ""experiments\\exploration\\E0_I0017_shot_quality_efficiency\\s04_transfer.py"", 50, ""\""A01_dist_mean\"", \""B01_dist_t5\"", \""B02_lt5ft_t5\"", \""D01_xefg_zone\"", \""D03_xefg_action\"","", """"], [""MENTION"", ""experiments\\exploration\\E0_I0017_shot_quality_efficiency\\sq_base.py"", 72, ""FAMILY_D = [\""D01_xefg_zone\"", \""D02_xpps_zone\"", \""D03_xefg_action\"", \""D04_xefg_minus_own\""]"", """"], [""MENTION"", ""experiments\\exploration\\E0_I0017_shot_quality_efficiency\\sq_base.py"", 97, ""\""F03_xefg_x_oppxefg\"": [\""D01_xefg_zone\"", \""E04_opp_xefg_conceded\""],"", """"]]"
E0_I0017_shot_quality_efficiency,F03_xefg_x_oppxefg,3,IN_SCREEN,SUBSCRIPT_ASSIGN,experiments\exploration\E0_I0017_shot_quality_efficiency\s01_build_frame.py,339,"pl[""F03_xefg_x_oppxefg""] = pl[""D01_xefg_zone""] * pl[""E04_opp_xefg_conceded""]","pl[""D01_xefg_zone""] * pl[""E04_opp_xefg_conceded""]","[[""SUBSCRIPT_ASSIGN"", ""experiments\\exploration\\E0_I0017_shot_quality_efficiency\\s01_build_frame.py"", 339, ""pl[\""F03_xefg_x_oppxefg\""] = pl[\""D01_xefg_zone\""] * pl[\""E04_opp_xefg_conceded\""]"", ""pl[\""D01_xefg_zone\""] * pl[\""E04_opp_xefg_conceded\""]""], [""DICT_VALUE"", ""experiments\\exploration\\E0_I0017_shot_quality_efficiency\\sq_base.py"", 97, ""\""F03_xefg_x_oppxefg\"": [\""D01_xefg_zone\"", \""E04_opp_xefg_conceded\""],"", ""[\""D01_xefg_zone\""""], [""MENTION"", ""experiments\\exploration\\E0_I0017_shot_quality_efficiency\\sq_base.py"", 75, ""FAMILY_F = [\""F01_dist_x_oppdist\"", \""F02_lt5ft_x_opplt5ft\"", \""F03_xefg_x_oppxefg\"", \""F04_3pa_x_opp3pa\""]"", """"]]"
E0_I0017_shot_quality_efficiency,A08_share_3pa,6,IN_SCREEN,SUBSCRIPT_ASSIGN,experiments\exploration\E0_I0017_shot_quality_efficiency\s01_build_frame.py,237,"pl[""A08_share_3pa""] = safe_div(P[""_is3""], P[""_att""])","safe_div(P[""_is3""], P[""_att""])","[[""SUBSCRIPT_ASSIGN"", ""experiments\\exploration\\E0_I0017_shot_quality_efficiency\\s01_build_frame.py"", 237, ""pl[\""A08_share_3pa\""] = safe_div(P[\""_is3\""], P[\""_att\""])"", ""safe_div(P[\""_is3\""], P[\""_att\""])""], [""MENTION"", ""experiments\\exploration\\E0_I0017_shot_quality_efficiency\\s01_build_frame.py"", 249, ""pl[\""B06_3pa_trend\""] = safe_div(T5[\""_is3\""], T5[\""_att\""]) - pl[\""A08_share_3pa\""]"", """"], [""MENTION"", ""experiments\\exploration\\E0_I0017_shot_quality_efficiency\\s01_build_frame.py"", 340, ""pl[\""F04_3pa_x_opp3pa\""] = pl[\""A08_share_3pa\""] * pl[\""E05_opp_3pa_conceded\""]"", """"], [""MENTION"", ""experiments\\exploration\\E0_I0017_shot_quality_efficiency\\s04_transfer.py"", 51, ""\""A08_share_3pa\"", \""A10_share_selfcreate_action\"", \""A09_share_catch_action\""]"", """"], [""MENTION"", ""experiments\\exploration\\E0_I0017_shot_quality_efficiency\\sq_base.py"", 65, ""\""A05_share_midrange\"", \""A06_share_corner3\"", \""A07_share_abovebreak3\"", \""A08_share_3pa\"","", """"], [""MENTION"", ""experiments\\exploration\\E0_I0017_shot_quality_efficiency\\sq_base.py"", 98, ""\""F04_3pa_x_opp3pa\"": [\""A08_share_3pa\"", \""E05_opp_3pa_conceded\""],"", """"]]"
E0_I0017_shot_quality_efficiency,F04_3pa_x_opp3pa,3,IN_SCREEN,SUBSCRIPT_ASSIGN,experiments\exploration\E0_I0017_shot_quality_efficiency\s01_build_frame.py,340,"pl[""F04_3pa_x_opp3pa""] = pl[""A08_share_3pa""] * pl[""E05_opp_3pa_conceded""]","pl[""A08_share_3pa""] * pl[""E05_opp_3pa_conceded""]","[[""SUBSCRIPT_ASSIGN"", ""experiments\\exploration\\E0_I0017_shot_quality_efficiency\\s01_build_frame.py"", 340, ""pl[\""F04_3pa_x_opp3pa\""] = pl[\""A08_share_3pa\""] * pl[\""E05_opp_3pa_conceded\""]"", ""pl[\""A08_share_3pa\""] * pl[\""E05_opp_3pa_conceded\""]""], [""DICT_VALUE"", ""experiments\\exploration\\E0_I0017_shot_quality_efficiency\\sq_base.py"", 98, ""\""F04_3pa_x_opp3pa\"": [\""A08_share_3pa\"", \""E05_opp_3pa_conceded\""],"", ""[\""A08_share_3pa\""""], [""MENTION"", ""experiments\\exploration\\E0_I0017_shot_quality_efficiency\\sq_base.py"", 75, ""FAMILY_F = [\""F01_dist_x_oppdist\"", \""F02_lt5ft_x_opplt5ft\"", \""F03_xefg_x_oppxefg\"", \""F04_3pa_x_opp3pa\""]"", """"]]"
E0_I0017_shot_quality_efficiency,A10_share_selfcreate_action,3,IN_SCREEN,SUBSCRIPT_ASSIGN,experiments\exploration\E0_I0017_shot_quality_efficiency\s01_build_frame.py,239,"pl[""A10_share_selfcreate_action""] = safe_div(P[""_self""], P[""_att""])","safe_div(P[""_self""], P[""_att""])","[[""SUBSCRIPT_ASSIGN"", ""experiments\\exploration\\E0_I0017_shot_quality_efficiency\\s01_build_frame.py"", 239, ""pl[\""A10_share_selfcreate_action\""] = safe_div(P[\""_self\""], P[\""_att\""])"", ""safe_div(P[\""_self\""], P[\""_att\""])""], [""MENTION"", ""experiments\\exploration\\E0_I0017_shot_quality_efficiency\\s04_transfer.py"", 51, ""\""A08_share_3pa\"", \""A10_share_selfcreate_action\"", \""A09_share_catch_action\""]"", """"], [""MENTION"", ""experiments\\exploration\\E0_I0017_shot_quality_efficiency\\sq_base.py"", 66, ""\""A09_share_catch_action\"", \""A10_share_selfcreate_action\"", \""A11_share_layup_action\"","", """"]]"
E0_I0017_shot_quality_efficiency,A05_share_midrange,2,IN_SCREEN,SUBSCRIPT_ASSIGN,experiments\exploration\E0_I0017_shot_quality_efficiency\s01_build_frame.py,234,"pl[""A05_share_midrange""] = safe_div(P[zc[""Mid-Range""]], P[""_att""])","safe_div(P[zc[""Mid-Range""]], P[""_att""])","[[""SUBSCRIPT_ASSIGN"", ""experiments\\exploration\\E0_I0017_shot_quality_efficiency\\s01_build_frame.py"", 234, ""pl[\""A05_share_midrange\""] = safe_div(P[zc[\""Mid-Range\""]], P[\""_att\""])"", ""safe_div(P[zc[\""Mid-Range\""]], P[\""_att\""])""], [""MENTION"", ""experiments\\exploration\\E0_I0017_shot_quality_efficiency\\sq_base.py"", 65, ""\""A05_share_midrange\"", \""A06_share_corner3\"", \""A07_share_abovebreak3\"", \""A08_share_3pa\"","", """"]]"
E0_I0017_shot_quality_efficiency,A07_share_abovebreak3,2,IN_SCREEN,SUBSCRIPT_ASSIGN,experiments\exploration\E0_I0017_shot_quality_efficiency\s01_build_frame.py,236,"pl[""A07_share_abovebreak3""] = safe_div(P[zc[""Above the Break 3""]], P[""_att""])","safe_div(P[zc[""Above the Break 3""]], P[""_att""])","[[""SUBSCRIPT_ASSIGN"", ""experiments\\exploration\\E0_I0017_shot_quality_efficiency\\s01_build_frame.py"", 236, ""pl[\""A07_share_abovebreak3\""] = safe_div(P[zc[\""Above the Break 3\""]], P[\""_att\""])"", ""safe_div(P[zc[\""Above the Break 3\""]], P[\""_att\""])""], [""MENTION"", ""experiments\\exploration\\E0_I0017_shot_quality_efficiency\\sq_base.py"", 65, ""\""A05_share_midrange\"", \""A06_share_corner3\"", \""A07_share_abovebreak3\"", \""A08_share_3pa\"","", """"]]"
E0_I0017_shot_quality_efficiency,A06_share_corner3,2,IN_SCREEN,SUBSCRIPT_ASSIGN,experiments\exploration\E0_I0017_shot_quality_efficiency\s01_build_frame.py,235,"pl[""A06_share_corner3""] = safe_div(P[zc[""Left Corner 3""]] + P[zc[""Right Corner 3""]], P[""_att""])","safe_div(P[zc[""Left Corner 3""]] + P[zc[""Right Corner 3""]], P[""_att""])","[[""SUBSCRIPT_ASSIGN"", ""experiments\\exploration\\E0_I0017_shot_quality_efficiency\\s01_build_frame.py"", 235, ""pl[\""A06_share_corner3\""] = safe_div(P[zc[\""Left Corner 3\""]] + P[zc[\""Right Corner 3\""]], P[\""_att\""])"", ""safe_div(P[zc[\""Left Corner 3\""]] + P[zc[\""Right Corner 3\""]], P[\""_att\""])""], [""MENTION"", ""experiments\\exploration\\E0_I0017_shot_quality_efficiency\\sq_base.py"", 65, ""\""A05_share_midrange\"", \""A06_share_corner3\"", \""A07_share_abovebreak3\"", \""A08_share_3pa\"","", """"]]"
E0_I0017_shot_quality_efficiency,A09_share_catch_action,3,IN_SCREEN,SUBSCRIPT_ASSIGN,experiments\exploration\E0_I0017_shot_quality_efficiency\s01_build_frame.py,238,"pl[""A09_share_catch_action""] = safe_div(P[""_catch""], P[""_att""])","safe_div(P[""_catch""], P[""_att""])","[[""SUBSCRIPT_ASSIGN"", ""experiments\\exploration\\E0_I0017_shot_quality_efficiency\\s01_build_frame.py"", 238, ""pl[\""A09_share_catch_action\""] = safe_div(P[\""_catch\""], P[\""_att\""])"", ""safe_div(P[\""_catch\""], P[\""_att\""])""], [""MENTION"", ""experiments\\exploration\\E0_I0017_shot_quality_efficiency\\s04_transfer.py"", 51, ""\""A08_share_3pa\"", \""A10_share_selfcreate_action\"", \""A09_share_catch_action\""]"", """"], [""MENTION"", ""experiments\\exploration\\E0_I0017_shot_quality_efficiency\\sq_base.py"", 66, ""\""A09_share_catch_action\"", \""A10_share_selfcreate_action\"", \""A11_share_layup_action\"","", """"]]"
E0_I0017_shot_quality_efficiency,C03_assisted_share_2pt,2,IN_SCREEN,SUBSCRIPT_ASSIGN,experiments\exploration\E0_I0017_shot_quality_efficiency\s01_build_frame.py,254,"pl[""C03_assisted_share_2pt""] = safe_div(P[""_asst2""], P[""_asst2_den""])","safe_div(P[""_asst2""], P[""_asst2_den""])","[[""SUBSCRIPT_ASSIGN"", ""experiments\\exploration\\E0_I0017_shot_quality_efficiency\\s01_build_frame.py"", 254, ""pl[\""C03_assisted_share_2pt\""] = safe_div(P[\""_asst2\""], P[\""_asst2_den\""])"", ""safe_div(P[\""_asst2\""], P[\""_asst2_den\""])""], [""MENTION"", ""experiments\\exploration\\E0_I0017_shot_quality_efficiency\\sq_base.py"", 70, ""FAMILY_C = [\""C01_assisted_share\"", \""C02_assisted_share_3pt\"", \""C03_assisted_share_2pt\"","", """"]]"
E0_I0017_shot_quality_efficiency,C04_assisted_share_t5,3,IN_SCREEN,SUBSCRIPT_ASSIGN,experiments\exploration\E0_I0017_shot_quality_efficiency\s01_build_frame.py,255,"pl[""C04_assisted_share_t5""] = safe_div(T5[""_asst""], T5[""_asst_den""])","safe_div(T5[""_asst""], T5[""_asst_den""])","[[""SUBSCRIPT_ASSIGN"", ""experiments\\exploration\\E0_I0017_shot_quality_efficiency\\s01_build_frame.py"", 255, ""pl[\""C04_assisted_share_t5\""] = safe_div(T5[\""_asst\""], T5[\""_asst_den\""])"", ""safe_div(T5[\""_asst\""], T5[\""_asst_den\""])""], [""MENTION"", ""experiments\\exploration\\E0_I0017_shot_quality_efficiency\\s01_build_frame.py"", 256, ""pl[\""C05_assisted_trend\""] = pl[\""C04_assisted_share_t5\""] - pl[\""C01_assisted_share\""]"", """"], [""MENTION"", ""experiments\\exploration\\E0_I0017_shot_quality_efficiency\\sq_base.py"", 71, ""\""C04_assisted_share_t5\"", \""C05_assisted_trend\""]"", """"]]"
E0_I0017_shot_quality_efficiency,E05_opp_3pa_conceded,5,IN_SCREEN,SUBSCRIPT_ASSIGN,experiments\exploration\E0_I0017_shot_quality_efficiency\s01_build_frame.py,293,"tg[""E05_opp_3pa_conceded""] = safe_div(TP[""_is3""], TP[""_att""])","safe_div(TP[""_is3""], TP[""_att""])","[[""SUBSCRIPT_ASSIGN"", ""experiments\\exploration\\E0_I0017_shot_quality_efficiency\\s01_build_frame.py"", 293, ""tg[\""E05_opp_3pa_conceded\""] = safe_div(TP[\""_is3\""], TP[\""_att\""])"", ""safe_div(TP[\""_is3\""], TP[\""_att\""])""], [""MENTION"", ""experiments\\exploration\\E0_I0017_shot_quality_efficiency\\s01_build_frame.py"", 302, ""\""E04_opp_xefg_conceded\"", \""E05_opp_3pa_conceded\"", \""E06_opp_assisted_conceded\""]"", """"], [""MENTION"", ""experiments\\exploration\\E0_I0017_shot_quality_efficiency\\s01_build_frame.py"", 340, ""pl[\""F04_3pa_x_opp3pa\""] = pl[\""A08_share_3pa\""] * pl[\""E05_opp_3pa_conceded\""]"", """"], [""MENTION"", ""experiments\\exploration\\E0_I0017_shot_quality_efficiency\\sq_base.py"", 74, ""\""E04_opp_xefg_conceded\"", \""E05_opp_3pa_conceded\"", \""E06_opp_assisted_conceded\""]"", """"], [""MENTION"", ""experiments\\exploration\\E0_I0017_shot_quality_efficiency\\sq_base.py"", 98, ""\""F04_3pa_x_opp3pa\"": [\""A08_share_3pa\"", \""E05_opp_3pa_conceded\""],"", """"]]"
E0_I0017_shot_quality_efficiency,B06_3pa_trend,2,IN_SCREEN,SUBSCRIPT_ASSIGN,experiments\exploration\E0_I0017_shot_quality_efficiency\s01_build_frame.py,249,"pl[""B06_3pa_trend""] = safe_div(T5[""_is3""], T5[""_att""]) - pl[""A08_share_3pa""]","safe_div(T5[""_is3""], T5[""_att""]) - pl[""A08_share_3pa""]","[[""SUBSCRIPT_ASSIGN"", ""experiments\\exploration\\E0_I0017_shot_quality_efficiency\\s01_build_frame.py"", 249, ""pl[\""B06_3pa_trend\""] = safe_div(T5[\""_is3\""], T5[\""_att\""]) - pl[\""A08_share_3pa\""]"", ""safe_div(T5[\""_is3\""], T5[\""_att\""]) - pl[\""A08_share_3pa\""]""], [""MENTION"", ""experiments\\exploration\\E0_I0017_shot_quality_efficiency\\sq_base.py"", 69, ""\""B05_lt5ft_trend\"", \""B06_3pa_trend\""]"", """"]]"
E0_I0017_shot_quality_efficiency,C01_assisted_share,3,IN_SCREEN,SUBSCRIPT_ASSIGN,experiments\exploration\E0_I0017_shot_quality_efficiency\s01_build_frame.py,252,"pl[""C01_assisted_share""] = safe_div(P[""_asst""], P[""_asst_den""])","safe_div(P[""_asst""], P[""_asst_den""])","[[""SUBSCRIPT_ASSIGN"", ""experiments\\exploration\\E0_I0017_shot_quality_efficiency\\s01_build_frame.py"", 252, ""pl[\""C01_assisted_share\""] = safe_div(P[\""_asst\""], P[\""_asst_den\""])"", ""safe_div(P[\""_asst\""], P[\""_asst_den\""])""], [""MENTION"", ""experiments\\exploration\\E0_I0017_shot_quality_efficiency\\s01_build_frame.py"", 256, ""pl[\""C05_assisted_trend\""] = pl[\""C04_assisted_share_t5\""] - pl[\""C01_assisted_share\""]"", """"], [""MENTION"", ""experiments\\exploration\\E0_I0017_shot_quality_efficiency\\sq_base.py"", 70, ""FAMILY_C = [\""C01_assisted_share\"", \""C02_assisted_share_3pt\"", \""C03_assisted_share_2pt\"","", """"]]"
E0_I0017_shot_quality_efficiency,E06_opp_assisted_conceded,3,IN_SCREEN,SUBSCRIPT_ASSIGN,experiments\exploration\E0_I0017_shot_quality_efficiency\s01_build_frame.py,294,"tg[""E06_opp_assisted_conceded""] = safe_div(TP[""_asst""], TP[""_asst_den""])","safe_div(TP[""_asst""], TP[""_asst_den""])","[[""SUBSCRIPT_ASSIGN"", ""experiments\\exploration\\E0_I0017_shot_quality_efficiency\\s01_build_frame.py"", 294, ""tg[\""E06_opp_assisted_conceded\""] = safe_div(TP[\""_asst\""], TP[\""_asst_den\""])"", ""safe_div(TP[\""_asst\""], TP[\""_asst_den\""])""], [""MENTION"", ""experiments\\exploration\\E0_I0017_shot_quality_efficiency\\s01_build_frame.py"", 302, ""\""E04_opp_xefg_conceded\"", \""E05_opp_3pa_conceded\"", \""E06_opp_assisted_conceded\""]"", """"], [""MENTION"", ""experiments\\exploration\\E0_I0017_shot_quality_efficiency\\sq_base.py"", 74, ""\""E04_opp_xefg_conceded\"", \""E05_opp_3pa_conceded\"", \""E06_opp_assisted_conceded\""]"", """"]]"
E0_I0017_shot_quality_efficiency,E04_opp_xefg_conceded,6,IN_SCREEN,SUBSCRIPT_ASSIGN,experiments\exploration\E0_I0017_shot_quality_efficiency\s01_build_frame.py,300,"tg[""E04_opp_xefg_conceded""] = np.where(~np.isfinite(safe_div(TP[""_att""], TP[""_att""])), np.nan, xo)","np.where(~np.isfinite(safe_div(TP[""_att""], TP[""_att""])), np.nan, xo)","[[""SUBSCRIPT_ASSIGN"", ""experiments\\exploration\\E0_I0017_shot_quality_efficiency\\s01_build_frame.py"", 300, ""tg[\""E04_opp_xefg_conceded\""] = np.where(~np.isfinite(safe_div(TP[\""_att\""], TP[\""_att\""])), np.nan, xo)"", ""np.where(~np.isfinite(safe_div(TP[\""_att\""], TP[\""_att\""])), np.nan, xo)""], [""MENTION"", ""experiments\\exploration\\E0_I0017_shot_quality_efficiency\\s01_build_frame.py"", 302, ""\""E04_opp_xefg_conceded\"", \""E05_opp_3pa_conceded\"", \""E06_opp_assisted_conceded\""]"", """"], [""MENTION"", ""experiments\\exploration\\E0_I0017_shot_quality_efficiency\\s01_build_frame.py"", 306, ""% (int(pl[\""E04_opp_xefg_conceded\""].notna().sum()), len(pl)))"", """"], [""MENTION"", ""experiments\\exploration\\E0_I0017_shot_quality_efficiency\\s01_build_frame.py"", 339, ""pl[\""F03_xefg_x_oppxefg\""] = pl[\""D01_xefg_zone\""] * pl[\""E04_opp_xefg_conceded\""]"", """"], [""MENTION"", ""experiments\\exploration\\E0_I0017_shot_quality_efficiency\\sq_base.py"", 74, ""\""E04_opp_xefg_conceded\"", \""E05_opp_3pa_conceded\"", \""E06_opp_assisted_conceded\""]"", """"], [""MENTION"", ""experiments\\exploration\\E0_I0017_shot_quality_efficiency\\sq_base.py"", 97, ""\""F03_xefg_x_oppxefg\"": [\""D01_xefg_zone\"", \""E04_opp_xefg_conceded\""],"", """"]]"
E0_I0017_shot_quality_efficiency,B04_dist_trend,2,IN_SCREEN,SUBSCRIPT_ASSIGN,experiments\exploration\E0_I0017_shot_quality_efficiency\s01_build_frame.py,247,"pl[""B04_dist_trend""] = pl[""B01_dist_t5""] - pl[""A01_dist_mean""]","pl[""B01_dist_t5""] - pl[""A01_dist_mean""]","[[""SUBSCRIPT_ASSIGN"", ""experiments\\exploration\\E0_I0017_shot_quality_efficiency\\s01_build_frame.py"", 247, ""pl[\""B04_dist_trend\""] = pl[\""B01_dist_t5\""] - pl[\""A01_dist_mean\""]"", ""pl[\""B01_dist_t5\""] - pl[\""A01_dist_mean\""]""], [""MENTION"", ""experiments\\exploration\\E0_I0017_shot_quality_efficiency\\sq_base.py"", 68, ""FAMILY_B = [\""B01_dist_t5\"", \""B02_lt5ft_t5\"", \""B03_restricted_t5\"", \""B04_dist_trend\"","", """"]]"
E0_I0017_shot_quality_efficiency,C02_assisted_share_3pt,2,IN_SCREEN,SUBSCRIPT_ASSIGN,experiments\exploration\E0_I0017_shot_quality_efficiency\s01_build_frame.py,253,"pl[""C02_assisted_share_3pt""] = safe_div(P[""_asst3""], P[""_asst3_den""])","safe_div(P[""_asst3""], P[""_asst3_den""])","[[""SUBSCRIPT_ASSIGN"", ""experiments\\exploration\\E0_I0017_shot_quality_efficiency\\s01_build_frame.py"", 253, ""pl[\""C02_assisted_share_3pt\""] = safe_div(P[\""_asst3\""], P[\""_asst3_den\""])"", ""safe_div(P[\""_asst3\""], P[\""_asst3_den\""])""], [""MENTION"", ""experiments\\exploration\\E0_I0017_shot_quality_efficiency\\sq_base.py"", 70, ""FAMILY_C = [\""C01_assisted_share\"", \""C02_assisted_share_3pt\"", \""C03_assisted_share_2pt\"","", """"]]"
E0_I0017_shot_quality_efficiency,C05_assisted_trend,2,IN_SCREEN,SUBSCRIPT_ASSIGN,experiments\exploration\E0_I0017_shot_quality_efficiency\s01_build_frame.py,256,"pl[""C05_assisted_trend""] = pl[""C04_assisted_share_t5""] - pl[""C01_assisted_share""]","pl[""C04_assisted_share_t5""] - pl[""C01_assisted_share""]","[[""SUBSCRIPT_ASSIGN"", ""experiments\\exploration\\E0_I0017_shot_quality_efficiency\\s01_build_frame.py"", 256, ""pl[\""C05_assisted_trend\""] = pl[\""C04_assisted_share_t5\""] - pl[\""C01_assisted_share\""]"", ""pl[\""C04_assisted_share_t5\""] - pl[\""C01_assisted_share\""]""], [""MENTION"", ""experiments\\exploration\\E0_I0017_shot_quality_efficiency\\sq_base.py"", 71, ""\""C04_assisted_share_t5\"", \""C05_assisted_trend\""]"", """"]]"
E0_I0017_shot_quality_efficiency,E01_opp_dist_conceded,5,IN_SCREEN,SUBSCRIPT_ASSIGN,experiments\exploration\E0_I0017_shot_quality_efficiency\s01_build_frame.py,290,"tg[""E01_opp_dist_conceded""] = safe_div(TP[""_distsum""], TP[""_att""])","safe_div(TP[""_distsum""], TP[""_att""])","[[""SUBSCRIPT_ASSIGN"", ""experiments\\exploration\\E0_I0017_shot_quality_efficiency\\s01_build_frame.py"", 290, ""tg[\""E01_opp_dist_conceded\""] = safe_div(TP[\""_distsum\""], TP[\""_att\""])"", ""safe_div(TP[\""_distsum\""], TP[\""_att\""])""], [""MENTION"", ""experiments\\exploration\\E0_I0017_shot_quality_efficiency\\s01_build_frame.py"", 301, ""ECOLS = [\""E01_opp_dist_conceded\"", \""E02_opp_lt5ft_conceded\"", \""E03_opp_restricted_conceded\"","", """"], [""MENTION"", ""experiments\\exploration\\E0_I0017_shot_quality_efficiency\\s01_build_frame.py"", 337, ""pl[\""F01_dist_x_oppdist\""] = pl[\""A01_dist_mean\""] * pl[\""E01_opp_dist_conceded\""]"", """"], [""MENTION"", ""experiments\\exploration\\E0_I0017_shot_quality_efficiency\\sq_base.py"", 73, ""FAMILY_E = [\""E01_opp_dist_conceded\"", \""E02_opp_lt5ft_conceded\"", \""E03_opp_restricted_conceded\"","", """"], [""MENTION"", ""experiments\\exploration\\E0_I0017_shot_quality_efficiency\\sq_base.py"", 95, ""\""F01_dist_x_oppdist\"": [\""A01_dist_mean\"", \""E01_opp_dist_conceded\""],"", """"]]"
E0_I0017_shot_quality_efficiency,E03_opp_restricted_conceded,3,IN_SCREEN,SUBSCRIPT_ASSIGN,experiments\exploration\E0_I0017_shot_quality_efficiency\s01_build_frame.py,292,"tg[""E03_opp_restricted_conceded""] = safe_div(TP[zc[""Restricted Area""]], TP[""_att""])","safe_div(TP[zc[""Restricted Area""]], TP[""_att""])","[[""SUBSCRIPT_ASSIGN"", ""experiments\\exploration\\E0_I0017_shot_quality_efficiency\\s01_build_frame.py"", 292, ""tg[\""E03_opp_restricted_conceded\""] = safe_div(TP[zc[\""Restricted Area\""]], TP[\""_att\""])"", ""safe_div(TP[zc[\""Restricted Area\""]], TP[\""_att\""])""], [""MENTION"", ""experiments\\exploration\\E0_I0017_shot_quality_efficiency\\s01_build_frame.py"", 301, ""ECOLS = [\""E01_opp_dist_conceded\"", \""E02_opp_lt5ft_conceded\"", \""E03_opp_restricted_conceded\"","", """"], [""MENTION"", ""experiments\\exploration\\E0_I0017_shot_quality_efficiency\\sq_base.py"", 73, ""FAMILY_E = [\""E01_opp_dist_conceded\"", \""E02_opp_lt5ft_conceded\"", \""E03_opp_restricted_conceded\"","", """"]]"
E0_I0017_shot_quality_efficiency,G01_noise,5,IN_SCREEN,SUBSCRIPT_ASSIGN,experiments\exploration\E0_I0017_shot_quality_efficiency\s01_build_frame.py,341,"pl[""G01_noise""] = rng.standard_normal(len(pl))",rng.standard_normal(len(pl)),"[[""SUBSCRIPT_ASSIGN"", ""experiments\\exploration\\E0_I0017_shot_quality_efficiency\\s01_build_frame.py"", 341, ""pl[\""G01_noise\""] = rng.standard_normal(len(pl))"", ""rng.standard_normal(len(pl))""], [""SUBSCRIPT_ASSIGN"", ""experiments\\exploration\\E0_I0017_shot_quality_efficiency\\sq_base.py"", 91, ""ENTITY_COLS[\""G01_noise\""] = [\""player_id\"", \""season\""]"", ""[\""player_id\"", \""season\""]""], [""TUPLE_PAIR"", ""experiments\\exploration\\E0_I0017_shot_quality_efficiency\\s01_build_frame.py"", 376, ""if c in (\""G01_noise\"", \""G02_ref_echo\""):"", ""\""G02_ref_echo\""""], [""MENTION"", ""experiments\\exploration\\E0_I0017_shot_quality_efficiency\\s05_finalise.py"", 206, ""\""negative_control_G01_noise\"": res[res[\""candidate\""] == \""G01_noise\""]["", """"], [""MENTION"", ""experiments\\exploration\\E0_I0017_shot_quality_efficiency\\sq_base.py"", 76, ""FAMILY_G = [\""G01_noise\"", \""G02_ref_echo\""]"", """"]]"
E0_I0017_shot_quality_efficiency,B05_lt5ft_trend,2,IN_SCREEN,SUBSCRIPT_ASSIGN,experiments\exploration\E0_I0017_shot_quality_efficiency\s01_build_frame.py,248,"pl[""B05_lt5ft_trend""] = pl[""B02_lt5ft_t5""] - pl[""A02_share_lt5ft""]","pl[""B02_lt5ft_t5""] - pl[""A02_share_lt5ft""]","[[""SUBSCRIPT_ASSIGN"", ""experiments\\exploration\\E0_I0017_shot_quality_efficiency\\s01_build_frame.py"", 248, ""pl[\""B05_lt5ft_trend\""] = pl[\""B02_lt5ft_t5\""] - pl[\""A02_share_lt5ft\""]"", ""pl[\""B02_lt5ft_t5\""] - pl[\""A02_share_lt5ft\""]""], [""MENTION"", ""experiments\\exploration\\E0_I0017_shot_quality_efficiency\\sq_base.py"", 69, ""\""B05_lt5ft_trend\"", \""B06_3pa_trend\""]"", """"]]"
E0_I0017_shot_quality_efficiency,E02_opp_lt5ft_conceded,5,IN_SCREEN,SUBSCRIPT_ASSIGN,experiments\exploration\E0_I0017_shot_quality_efficiency\s01_build_frame.py,291,"tg[""E02_opp_lt5ft_conceded""] = safe_div(TP[""_lt5""], TP[""_att""])","safe_div(TP[""_lt5""], TP[""_att""])","[[""SUBSCRIPT_ASSIGN"", ""experiments\\exploration\\E0_I0017_shot_quality_efficiency\\s01_build_frame.py"", 291, ""tg[\""E02_opp_lt5ft_conceded\""] = safe_div(TP[\""_lt5\""], TP[\""_att\""])"", ""safe_div(TP[\""_lt5\""], TP[\""_att\""])""], [""MENTION"", ""experiments\\exploration\\E0_I0017_shot_quality_efficiency\\s01_build_frame.py"", 301, ""ECOLS = [\""E01_opp_dist_conceded\"", \""E02_opp_lt5ft_conceded\"", \""E03_opp_restricted_conceded\"","", """"], [""MENTION"", ""experiments\\exploration\\E0_I0017_shot_quality_efficiency\\s01_build_frame.py"", 338, ""pl[\""F02_lt5ft_x_opplt5ft\""] = pl[\""A02_share_lt5ft\""] * pl[\""E02_opp_lt5ft_conceded\""]"", """"], [""MENTION"", ""experiments\\exploration\\E0_I0017_shot_quality_efficiency\\sq_base.py"", 73, ""FAMILY_E = [\""E01_opp_dist_conceded\"", \""E02_opp_lt5ft_conceded\"", \""E03_opp_restricted_conceded\"","", """"], [""MENTION"", ""experiments\\exploration\\E0_I0017_shot_quality_efficiency\\sq_base.py"", 96, ""\""F02_lt5ft_x_opplt5ft\"": [\""A02_share_lt5ft\"", \""E02_opp_lt5ft_conceded\""],"", """"]]"
E0_I0017_shot_quality_efficiency,G02_ref_echo,8,IN_SCREEN,SUBSCRIPT_ASSIGN,experiments\exploration\E0_I0017_shot_quality_efficiency\s01_build_frame.py,342,"pl[""G02_ref_echo""] = pl[""refB_ppm""]           # per-outcome echo is re-pointed in s02","pl[""refB_ppm""]           # per-outcome echo is re-pointed in s02","[[""SUBSCRIPT_ASSIGN"", ""experiments\\exploration\\E0_I0017_shot_quality_efficiency\\s01_build_frame.py"", 342, ""pl[\""G02_ref_echo\""] = pl[\""refB_ppm\""]           # per-outcome echo is re-pointed in s02"", ""pl[\""refB_ppm\""]           # per-outcome echo is re-pointed in s02""], [""MENTION"", ""experiments\\exploration\\E0_I0017_shot_quality_efficiency\\s01_build_frame.py"", 376, ""if c in (\""G01_noise\"", \""G02_ref_echo\""):"", """"], [""MENTION"", ""experiments\\exploration\\E0_I0017_shot_quality_efficiency\\s02_screen.py"", 139, ""x = ref.copy() if c == \""G02_ref_echo\"" else x0[m.to_numpy() if hasattr(m, \""to_numpy\"") else m]"", """"], [""MENTION"", ""experiments\\exploration\\E0_I0017_shot_quality_efficiency\\s02_screen.py"", 150, ""xfull = x0 if c != \""G02_ref_echo\"" else d0[rcol].to_numpy(float)"", """"], [""MENTION"", ""experiments\\exploration\\E0_I0017_shot_quality_efficiency\\s03_forensics.py"", 114, ""xf = (d0[\""refB_\"" + rt].to_numpy(float) if c == \""G02_ref_echo\"""", """"], [""MENTION"", ""experiments\\exploration\\E0_I0017_shot_quality_efficiency\\s05_finalise.py"", 208, ""\""vacuous_control_G02_ref_echo\"": res[res[\""candidate\""] == \""G02_ref_echo\""]["", """"], [""MENTION"", ""experiments\\exploration\\E0_I0017_shot_quality_efficiency\\sq_base.py"", 76, ""FAMILY_G = [\""G01_noise\"", \""G02_ref_echo\""]"", """"], [""MENTION"", ""experiments\\exploration\\E0_I0017_shot_quality_efficiency\\sq_base.py"", 87, ""for _c in FAMILY_A + FAMILY_B + FAMILY_C + FAMILY_D + FAMILY_F + [\""G02_ref_echo\""]:"", """"]]"
E0_I0019_availability_forecast,pl_opps_prior,4,IN_SCREEN,SUBSCRIPT_ASSIGN,experiments\exploration\E0_I0019_availability_forecast\s02_build_candidates.py,143,"H[""pl_opps_prior""] = gs.cumcount().astype(float)                       # prior obligation rows",gs.cumcount().astype(float)                       # prior obligation rows,"[[""SUBSCRIPT_ASSIGN"", ""experiments\\exploration\\E0_I0019_availability_forecast\\s02_build_candidates.py"", 143, ""H[\""pl_opps_prior\""] = gs.cumcount().astype(float)                       # prior obligation rows"", ""gs.cumcount().astype(float)                       # prior obligation rows""], [""MENTION"", ""experiments\\exploration\\E0_I0019_availability_forecast\\s02_build_candidates.py"", 152, ""H[\""pl_min_per_opp_prior\""] = H[\""pl_minutes_prior\""] / H[\""pl_opps_prior\""].replace(0, np.nan)"", """"], [""MENTION"", ""experiments\\exploration\\E0_I0019_availability_forecast\\s02_build_candidates.py"", 209, ""H[\""pl_switch_rate\""] = H[\""pl_switches\""] / H[\""pl_opps_prior\""].replace(0, np.nan)"", """"], [""MENTION"", ""experiments\\exploration\\E0_I0019_availability_forecast\\s02_build_candidates.py"", 328, ""\""A_depth_experience\"": [\""pl_opps_prior\"", \""pl_games_prior\"", \""pl_prior_rate_inseason\"","", """"]]"
E0_I0019_availability_forecast,pl_games_prior,10,IN_SCREEN,SUBSCRIPT_ASSIGN,experiments\exploration\E0_I0019_availability_forecast\s02_build_candidates.py,144,"H[""pl_games_prior""] = gs[""y""].transform(lambda x: x.shift(1).cumsum()).fillna(0.0)","gs[""y""].transform(lambda x: x.shift(1).cumsum()).fillna(0.0)","[[""SUBSCRIPT_ASSIGN"", ""experiments\\exploration\\E0_I0019_availability_forecast\\s02_build_candidates.py"", 144, ""H[\""pl_games_prior\""] = gs[\""y\""].transform(lambda x: x.shift(1).cumsum()).fillna(0.0)"", ""gs[\""y\""].transform(lambda x: x.shift(1).cumsum()).fillna(0.0)""], [""MENTION"", ""experiments\\exploration\\E0_I0019_availability_forecast\\s02_build_candidates.py"", 149, ""H[\""pl_prior_season_games\""] = H[\""pl_career_games_prior\""] - H[\""pl_games_prior\""]"", """"], [""MENTION"", ""experiments\\exploration\\E0_I0019_availability_forecast\\s02_build_candidates.py"", 328, ""\""A_depth_experience\"": [\""pl_opps_prior\"", \""pl_games_prior\"", \""pl_prior_rate_inseason\"","", """"], [""MENTION"", ""experiments\\exploration\\E0_I0019_availability_forecast\\s06_abstention.py"", 76, ""\""thin depth first (D076 axis: -pl_games_prior)\"": -F[\""pl_games_prior\""].fillna(-1).to_numpy(float),"", """"], [""MENTION"", ""experiments\\exploration\\E0_I0019_availability_forecast\\s06_abstention.py"", 133, ""\""D076: thin depth first (-pl_games_prior)\"": -M[\""pl_games_prior\""].fillna(-1).to_numpy(float),"", """"], [""MENTION"", ""experiments\\exploration\\E0_I0019_availability_forecast\\s06_abstention.py"", 139, ""pd.Series(-M[\""pl_games_prior\""].fillna(-1).to_numpy(float)).rank().to_numpy() +"", """"], [""MENTION"", ""experiments\\exploration\\E0_I0019_availability_forecast\\s06_abstention.py"", 156, ""M[\""depth_q\""] = pd.qcut(M[\""pl_games_prior\""].rank(method=\""first\""), 5, labels=False,"", """"], [""MENTION"", ""experiments\\exploration\\E0_I0019_availability_forecast\\s06_abstention.py"", 166, ""median_games_prior=float(gg[\""pl_games_prior\""].median()),"", """"], [""MENTION"", ""experiments\\exploration\\E0_I0019_availability_forecast\\s06_abstention.py"", 179, ""cc = np.corrcoef(M[\""pl_games_prior\""].fillna(0).to_numpy(float),"", """"], [""MENTION"", ""experiments\\exploration\\E0_I0019_availability_forecast\\s06_abstention.py"", 181, ""cc2 = np.corrcoef(M[\""pl_games_prior\""].fillna(0).to_numpy(float), pM)[0, 1]"", """"]]"
E0_I0019_availability_forecast,pl_prior_rate_inseason,4,IN_SCREEN,SUBSCRIPT_ASSIGN,experiments\exploration\E0_I0019_availability_forecast\s02_build_candidates.py,145,"H[""pl_prior_rate_inseason""] = gs[""y""].transform(lambda x: x.shift(1).expanding().mean())","gs[""y""].transform(lambda x: x.shift(1).expanding().mean())","[[""SUBSCRIPT_ASSIGN"", ""experiments\\exploration\\E0_I0019_availability_forecast\\s02_build_candidates.py"", 145, ""H[\""pl_prior_rate_inseason\""] = gs[\""y\""].transform(lambda x: x.shift(1).expanding().mean())"", ""gs[\""y\""].transform(lambda x: x.shift(1).expanding().mean())""], [""MENTION"", ""experiments\\exploration\\E0_I0019_availability_forecast\\s02_build_candidates.py"", 212, ""r_ = H[\""pl_prior_rate_inseason\""]"", """"], [""MENTION"", ""experiments\\exploration\\E0_I0019_availability_forecast\\s02_build_candidates.py"", 257, ""H[\""R1\""] = H[\""pl_prior_rate_inseason\""].fillna(H[\""R0\""])"", """"], [""MENTION"", ""experiments\\exploration\\E0_I0019_availability_forecast\\s02_build_candidates.py"", 328, ""\""A_depth_experience\"": [\""pl_opps_prior\"", \""pl_games_prior\"", \""pl_prior_rate_inseason\"","", """"]]"
E0_I0019_availability_forecast,pl_career_opps_prior,4,IN_SCREEN,SUBSCRIPT_ASSIGN,experiments\exploration\E0_I0019_availability_forecast\s02_build_candidates.py,146,"H[""pl_career_opps_prior""] = gc.cumcount().astype(float)",gc.cumcount().astype(float),"[[""SUBSCRIPT_ASSIGN"", ""experiments\\exploration\\E0_I0019_availability_forecast\\s02_build_candidates.py"", 146, ""H[\""pl_career_opps_prior\""] = gc.cumcount().astype(float)"", ""gc.cumcount().astype(float)""], [""MENTION"", ""experiments\\exploration\\E0_I0019_availability_forecast\\s02_build_candidates.py"", 262, ""(H[\""pl_career_opps_prior\""] + B.PSEUDO_K))"", """"], [""MENTION"", ""experiments\\exploration\\E0_I0019_availability_forecast\\s02_build_candidates.py"", 275, ""H[\""_b_depth\""] = pd.cut(H[\""pl_career_opps_prior\""].fillna(0.0), BINS_DEPTH, labels=False)"", """"], [""MENTION"", ""experiments\\exploration\\E0_I0019_availability_forecast\\s02_build_candidates.py"", 329, ""\""pl_career_opps_prior\"", \""pl_career_games_prior\"","", """"]]"
E0_I0019_availability_forecast,pl_career_games_prior,4,IN_SCREEN,SUBSCRIPT_ASSIGN,experiments\exploration\E0_I0019_availability_forecast\s02_build_candidates.py,147,"H[""pl_career_games_prior""] = gc[""y""].transform(lambda x: x.shift(1).cumsum()).fillna(0.0)","gc[""y""].transform(lambda x: x.shift(1).cumsum()).fillna(0.0)","[[""SUBSCRIPT_ASSIGN"", ""experiments\\exploration\\E0_I0019_availability_forecast\\s02_build_candidates.py"", 147, ""H[\""pl_career_games_prior\""] = gc[\""y\""].transform(lambda x: x.shift(1).cumsum()).fillna(0.0)"", ""gc[\""y\""].transform(lambda x: x.shift(1).cumsum()).fillna(0.0)""], [""MENTION"", ""experiments\\exploration\\E0_I0019_availability_forecast\\s02_build_candidates.py"", 149, ""H[\""pl_prior_season_games\""] = H[\""pl_career_games_prior\""] - H[\""pl_games_prior\""]"", """"], [""MENTION"", ""experiments\\exploration\\E0_I0019_availability_forecast\\s02_build_candidates.py"", 261, ""H[\""R2\""] = ((H[\""pl_career_games_prior\""] + B.PSEUDO_K * H[\""R0\""]) /"", """"], [""MENTION"", ""experiments\\exploration\\E0_I0019_availability_forecast\\s02_build_candidates.py"", 329, ""\""pl_career_opps_prior\"", \""pl_career_games_prior\"","", """"]]"
E0_I0019_availability_forecast,pl_prior_rate_career,4,IN_SCREEN,SUBSCRIPT_ASSIGN,experiments\exploration\E0_I0019_availability_forecast\s02_build_candidates.py,148,"H[""pl_prior_rate_career""] = gc[""y""].transform(lambda x: x.shift(1).expanding().mean())","gc[""y""].transform(lambda x: x.shift(1).expanding().mean())","[[""SUBSCRIPT_ASSIGN"", ""experiments\\exploration\\E0_I0019_availability_forecast\\s02_build_candidates.py"", 148, ""H[\""pl_prior_rate_career\""] = gc[\""y\""].transform(lambda x: x.shift(1).expanding().mean())"", ""gc[\""y\""].transform(lambda x: x.shift(1).expanding().mean())""], [""MENTION"", ""experiments\\exploration\\E0_I0019_availability_forecast\\s02_build_candidates.py"", 214, ""rc = H[\""pl_prior_rate_career\""]"", """"], [""MENTION"", ""experiments\\exploration\\E0_I0019_availability_forecast\\s02_build_candidates.py"", 273, ""H[\""_b_rate\""] = pd.cut(H[\""pl_prior_rate_career\""].fillna(-1.0), BINS_RATE, labels=False)"", """"], [""MENTION"", ""experiments\\exploration\\E0_I0019_availability_forecast\\s02_build_candidates.py"", 330, ""\""pl_prior_rate_career\"", \""pl_prior_season_games\"","", """"]]"
E0_I0019_availability_forecast,pl_prior_season_games,3,IN_SCREEN,SUBSCRIPT_ASSIGN,experiments\exploration\E0_I0019_availability_forecast\s02_build_candidates.py,149,"H[""pl_prior_season_games""] = H[""pl_career_games_prior""] - H[""pl_games_prior""]","H[""pl_career_games_prior""] - H[""pl_games_prior""]","[[""SUBSCRIPT_ASSIGN"", ""experiments\\exploration\\E0_I0019_availability_forecast\\s02_build_candidates.py"", 149, ""H[\""pl_prior_season_games\""] = H[\""pl_career_games_prior\""] - H[\""pl_games_prior\""]"", ""H[\""pl_career_games_prior\""] - H[\""pl_games_prior\""]""], [""MENTION"", ""experiments\\exploration\\E0_I0019_availability_forecast\\s02_build_candidates.py"", 150, ""H[\""pl_is_rookie_window\""] = (H[\""pl_prior_season_games\""] <= 0).astype(float)"", """"], [""MENTION"", ""experiments\\exploration\\E0_I0019_availability_forecast\\s02_build_candidates.py"", 330, ""\""pl_prior_rate_career\"", \""pl_prior_season_games\"","", """"]]"
E0_I0019_availability_forecast,pl_is_rookie_window,2,IN_SCREEN,SUBSCRIPT_ASSIGN,experiments\exploration\E0_I0019_availability_forecast\s02_build_candidates.py,150,"H[""pl_is_rookie_window""] = (H[""pl_prior_season_games""] <= 0).astype(float)","(H[""pl_prior_season_games""] <= 0).astype(float)","[[""SUBSCRIPT_ASSIGN"", ""experiments\\exploration\\E0_I0019_availability_forecast\\s02_build_candidates.py"", 150, ""H[\""pl_is_rookie_window\""] = (H[\""pl_prior_season_games\""] <= 0).astype(float)"", ""(H[\""pl_prior_season_games\""] <= 0).astype(float)""], [""MENTION"", ""experiments\\exploration\\E0_I0019_availability_forecast\\s02_build_candidates.py"", 331, ""\""pl_is_rookie_window\"", \""pl_minutes_prior\"", \""pl_min_per_opp_prior\""],"", """"]]"
E0_I0019_availability_forecast,pl_minutes_prior,3,IN_SCREEN,SUBSCRIPT_ASSIGN,experiments\exploration\E0_I0019_availability_forecast\s02_build_candidates.py,151,"H[""pl_minutes_prior""] = gs[""box_minutes""].transform(lambda x: x.shift(1).cumsum()).fillna(0.0)","gs[""box_minutes""].transform(lambda x: x.shift(1).cumsum()).fillna(0.0)","[[""SUBSCRIPT_ASSIGN"", ""experiments\\exploration\\E0_I0019_availability_forecast\\s02_build_candidates.py"", 151, ""H[\""pl_minutes_prior\""] = gs[\""box_minutes\""].transform(lambda x: x.shift(1).cumsum()).fillna(0.0)"", ""gs[\""box_minutes\""].transform(lambda x: x.shift(1).cumsum()).fillna(0.0)""], [""MENTION"", ""experiments\\exploration\\E0_I0019_availability_forecast\\s02_build_candidates.py"", 152, ""H[\""pl_min_per_opp_prior\""] = H[\""pl_minutes_prior\""] / H[\""pl_opps_prior\""].replace(0, np.nan)"", """"], [""MENTION"", ""experiments\\exploration\\E0_I0019_availability_forecast\\s02_build_candidates.py"", 331, ""\""pl_is_rookie_window\"", \""pl_minutes_prior\"", \""pl_min_per_opp_prior\""],"", """"]]"
E0_I0019_availability_forecast,pl_min_per_opp_prior,4,IN_SCREEN,SUBSCRIPT_ASSIGN,experiments\exploration\E0_I0019_availability_forecast\s02_build_candidates.py,152,"H[""pl_min_per_opp_prior""] = H[""pl_minutes_prior""] / H[""pl_opps_prior""].replace(0, np.nan)","H[""pl_minutes_prior""] / H[""pl_opps_prior""].replace(0, np.nan)","[[""SUBSCRIPT_ASSIGN"", ""experiments\\exploration\\E0_I0019_availability_forecast\\s02_build_candidates.py"", 152, ""H[\""pl_min_per_opp_prior\""] = H[\""pl_minutes_prior\""] / H[\""pl_opps_prior\""].replace(0, np.nan)"", ""H[\""pl_minutes_prior\""] / H[\""pl_opps_prior\""].replace(0, np.nan)""], [""MENTION"", ""experiments\\exploration\\E0_I0019_availability_forecast\\s02_build_candidates.py"", 331, ""\""pl_is_rookie_window\"", \""pl_minutes_prior\"", \""pl_min_per_opp_prior\""],"", """"], [""MENTION"", ""experiments\\exploration\\E0_I0019_availability_forecast\\s03_characterise.py"", 158, ""\""pl_min_per_opp_prior\""],"", """"], [""MENTION"", ""experiments\\exploration\\E0_I0019_availability_forecast\\s03_characterise.py"", 160, ""\""pl_min_per_opp_prior\""],"", """"]]"
E0_I0019_availability_forecast,pl_missed_last,2,IN_SCREEN,SUBSCRIPT_ASSIGN,experiments\exploration\E0_I0019_availability_forecast\s02_build_candidates.py,156,"H[""pl_missed_last""] = gs[""_miss""].shift(1)","gs[""_miss""].shift(1)","[[""SUBSCRIPT_ASSIGN"", ""experiments\\exploration\\E0_I0019_availability_forecast\\s02_build_candidates.py"", 156, ""H[\""pl_missed_last\""] = gs[\""_miss\""].shift(1)"", ""gs[\""_miss\""].shift(1)""], [""MENTION"", ""experiments\\exploration\\E0_I0019_availability_forecast\\s02_build_candidates.py"", 332, ""\""B_absence_return\"": [\""pl_missed_last\"", \""pl_missed_any_last3\"", \""pl_dnp_frac5\"","", """"]]"
E0_I0019_availability_forecast,pl_missed_any_last3,2,IN_SCREEN,SUBSCRIPT_ASSIGN,experiments\exploration\E0_I0019_availability_forecast\s02_build_candidates.py,157,"H[""pl_missed_any_last3""] = gs[""_miss""].transform(","gs[""_miss""].transform(","[[""SUBSCRIPT_ASSIGN"", ""experiments\\exploration\\E0_I0019_availability_forecast\\s02_build_candidates.py"", 157, ""H[\""pl_missed_any_last3\""] = gs[\""_miss\""].transform("", ""gs[\""_miss\""].transform(""], [""MENTION"", ""experiments\\exploration\\E0_I0019_availability_forecast\\s02_build_candidates.py"", 332, ""\""B_absence_return\"": [\""pl_missed_last\"", \""pl_missed_any_last3\"", \""pl_dnp_frac5\"","", """"]]"
E0_I0019_availability_forecast,pl_dnp_frac5,5,IN_SCREEN,SUBSCRIPT_ASSIGN,experiments\exploration\E0_I0019_availability_forecast\s02_build_candidates.py,159,"H[""pl_dnp_frac5""] = gs[""_miss""].transform(lambda x: x.shift(1).rolling(5, min_periods=2).mean())","gs[""_miss""].transform(lambda x: x.shift(1).rolling(5, min_periods=2).mean())","[[""SUBSCRIPT_ASSIGN"", ""experiments\\exploration\\E0_I0019_availability_forecast\\s02_build_candidates.py"", 159, ""H[\""pl_dnp_frac5\""] = gs[\""_miss\""].transform(lambda x: x.shift(1).rolling(5, min_periods=2).mean())"", ""gs[\""_miss\""].transform(lambda x: x.shift(1).rolling(5, min_periods=2).mean())""], [""TUPLE_PAIR"", ""experiments\\exploration\\E0_I0019_availability_forecast\\s04b_diagnose.py"", 20, ""(\""pl_absence_spells\"", \""brier\""), (\""pl_dnp_frac5\"", \""skill_vs_R2\"")]:"", ""\""skill_vs_R2\""""], [""MENTION"", ""experiments\\exploration\\E0_I0019_availability_forecast\\s02_build_candidates.py"", 332, ""\""B_absence_return\"": [\""pl_missed_last\"", \""pl_missed_any_last3\"", \""pl_dnp_frac5\"","", """"], [""MENTION"", ""experiments\\exploration\\E0_I0019_availability_forecast\\s03_characterise.py"", 157, ""\""R2 + consec + dnp_frac5 + min_per_opp\"": [\""R2\"", \""pl_consec_absences\"", \""pl_dnp_frac5\"","", """"], [""MENTION"", ""experiments\\exploration\\E0_I0019_availability_forecast\\s03_characterise.py"", 159, ""\""R3 + consec + dnp_frac5 + min_per_opp\"": [\""R3\"", \""pl_consec_absences\"", \""pl_dnp_frac5\"","", """"]]"
E0_I0019_availability_forecast,pl_dnp_frac10,2,IN_SCREEN,SUBSCRIPT_ASSIGN,experiments\exploration\E0_I0019_availability_forecast\s02_build_candidates.py,160,"H[""pl_dnp_frac10""] = gs[""_miss""].transform(lambda x: x.shift(1).rolling(10, min_periods=3).mean())","gs[""_miss""].transform(lambda x: x.shift(1).rolling(10, min_periods=3).mean())","[[""SUBSCRIPT_ASSIGN"", ""experiments\\exploration\\E0_I0019_availability_forecast\\s02_build_candidates.py"", 160, ""H[\""pl_dnp_frac10\""] = gs[\""_miss\""].transform(lambda x: x.shift(1).rolling(10, min_periods=3).mean())"", ""gs[\""_miss\""].transform(lambda x: x.shift(1).rolling(10, min_periods=3).mean())""], [""MENTION"", ""experiments\\exploration\\E0_I0019_availability_forecast\\s02_build_candidates.py"", 333, ""\""pl_dnp_frac10\"", \""pl_consec_absences\"", \""pl_absence_spells\"","", """"]]"
E0_I0019_availability_forecast,pl_consec_absences,7,IN_SCREEN,SUBSCRIPT_ASSIGN,experiments\exploration\E0_I0019_availability_forecast\s02_build_candidates.py,205,"H[""pl_consec_absences""] = pd.concat(cc).reindex(H.index)",pd.concat(cc).reindex(H.index),"[[""SUBSCRIPT_ASSIGN"", ""experiments\\exploration\\E0_I0019_availability_forecast\\s02_build_candidates.py"", 205, ""H[\""pl_consec_absences\""] = pd.concat(cc).reindex(H.index)"", ""pd.concat(cc).reindex(H.index)""], [""MENTION"", ""experiments\\exploration\\E0_I0019_availability_forecast\\s02_build_candidates.py"", 274, ""H[\""_b_cons\""] = pd.cut(H[\""pl_consec_absences\""].fillna(0.0), BINS_CONS, labels=False)"", """"], [""MENTION"", ""experiments\\exploration\\E0_I0019_availability_forecast\\s02_build_candidates.py"", 333, ""\""pl_dnp_frac10\"", \""pl_consec_absences\"", \""pl_absence_spells\"","", """"], [""MENTION"", ""experiments\\exploration\\E0_I0019_availability_forecast\\s03_characterise.py"", 156, ""\""R2 + consec_absences\"": [\""R2\"", \""pl_consec_absences\""],"", """"], [""MENTION"", ""experiments\\exploration\\E0_I0019_availability_forecast\\s03_characterise.py"", 157, ""\""R2 + consec + dnp_frac5 + min_per_opp\"": [\""R2\"", \""pl_consec_absences\"", \""pl_dnp_frac5\"","", """"], [""MENTION"", ""experiments\\exploration\\E0_I0019_availability_forecast\\s03_characterise.py"", 159, ""\""R3 + consec + dnp_frac5 + min_per_opp\"": [\""R3\"", \""pl_consec_absences\"", \""pl_dnp_frac5\"","", """"], [""MENTION"", ""experiments\\exploration\\E0_I0019_availability_forecast\\s04_screen.py"", 284, ""x = pd.to_numeric(frame[\""pl_consec_absences\""], errors=\""coerce\"").to_numpy(float)"", """"]]"
E0_I0019_availability_forecast,pl_absence_spells,3,IN_SCREEN,SUBSCRIPT_ASSIGN,experiments\exploration\E0_I0019_availability_forecast\s02_build_candidates.py,208,"H[""pl_absence_spells""] = pd.concat(sp_).reindex(H.index)",pd.concat(sp_).reindex(H.index),"[[""SUBSCRIPT_ASSIGN"", ""experiments\\exploration\\E0_I0019_availability_forecast\\s02_build_candidates.py"", 208, ""H[\""pl_absence_spells\""] = pd.concat(sp_).reindex(H.index)"", ""pd.concat(sp_).reindex(H.index)""], [""TUPLE_PAIR"", ""experiments\\exploration\\E0_I0019_availability_forecast\\s04b_diagnose.py"", 20, ""(\""pl_absence_spells\"", \""brier\""), (\""pl_dnp_frac5\"", \""skill_vs_R2\"")]:"", ""\""brier\""""], [""MENTION"", ""experiments\\exploration\\E0_I0019_availability_forecast\\s02_build_candidates.py"", 333, ""\""pl_dnp_frac10\"", \""pl_consec_absences\"", \""pl_absence_spells\"","", """"]]"
E0_I0019_availability_forecast,pl_days_since_appear,3,IN_SCREEN,SUBSCRIPT_ASSIGN,experiments\exploration\E0_I0019_availability_forecast\s02_build_candidates.py,230,"app[""pl_days_since_appear""] = app.groupby([""season"", ""player_id""], sort=False)[""gdate""].transform(","app.groupby([""season"", ""player_id""], sort=False)[""gdate""].transform(","[[""SUBSCRIPT_ASSIGN"", ""experiments\\exploration\\E0_I0019_availability_forecast\\s02_build_candidates.py"", 230, ""app[\""pl_days_since_appear\""] = app.groupby([\""season\"", \""player_id\""], sort=False)[\""gdate\""].transform("", ""app.groupby([\""season\"", \""player_id\""], sort=False)[\""gdate\""].transform(""], [""MENTION"", ""experiments\\exploration\\E0_I0019_availability_forecast\\s02_build_candidates.py"", 233, ""\""pl_min_trend5\"", \""pl_days_since_appear\""]"", """"], [""MENTION"", ""experiments\\exploration\\E0_I0019_availability_forecast\\s02_build_candidates.py"", 334, ""\""pl_days_since_appear\""],"", """"]]"
E0_I0019_availability_forecast,pl_boundary_score,3,IN_SCREEN,SUBSCRIPT_ASSIGN,experiments\exploration\E0_I0019_availability_forecast\s02_build_candidates.py,213,"H[""pl_boundary_score""] = 4.0 * r_ * (1.0 - r_)          # peaks at r = 0.5, the ""sometimes"" players","4.0 * r_ * (1.0 - r_)          # peaks at r = 0.5, the ""sometimes"" players","[[""SUBSCRIPT_ASSIGN"", ""experiments\\exploration\\E0_I0019_availability_forecast\\s02_build_candidates.py"", 213, ""H[\""pl_boundary_score\""] = 4.0 * r_ * (1.0 - r_)          # peaks at r = 0.5, the \""sometimes\"" players"", ""4.0 * r_ * (1.0 - r_)          # peaks at r = 0.5, the \""sometimes\"" players""], [""TUPLE_PAIR"", ""experiments\\exploration\\E0_I0019_availability_forecast\\s04b_diagnose.py"", 19, ""for cand, dep in [(\""pl_switch_rate\"", \""brier\""), (\""pl_boundary_score\"", \""brier\""),"", ""\""brier\""""], [""MENTION"", ""experiments\\exploration\\E0_I0019_availability_forecast\\s02_build_candidates.py"", 335, ""\""C_boundary_intermittency\"": [\""pl_boundary_score\"", \""pl_boundary_score_career\"","", """"]]"
E0_I0019_availability_forecast,pl_boundary_score_career,2,IN_SCREEN,SUBSCRIPT_ASSIGN,experiments\exploration\E0_I0019_availability_forecast\s02_build_candidates.py,215,"H[""pl_boundary_score_career""] = 4.0 * rc * (1.0 - rc)",4.0 * rc * (1.0 - rc),"[[""SUBSCRIPT_ASSIGN"", ""experiments\\exploration\\E0_I0019_availability_forecast\\s02_build_candidates.py"", 215, ""H[\""pl_boundary_score_career\""] = 4.0 * rc * (1.0 - rc)"", ""4.0 * rc * (1.0 - rc)""], [""MENTION"", ""experiments\\exploration\\E0_I0019_availability_forecast\\s02_build_candidates.py"", 335, ""\""C_boundary_intermittency\"": [\""pl_boundary_score\"", \""pl_boundary_score_career\"","", """"]]"
E0_I0019_availability_forecast,pl_switches,3,IN_SCREEN,SUBSCRIPT_ASSIGN,experiments\exploration\E0_I0019_availability_forecast\s02_build_candidates.py,207,"H[""pl_switches""] = pd.concat(sw_).reindex(H.index)",pd.concat(sw_).reindex(H.index),"[[""SUBSCRIPT_ASSIGN"", ""experiments\\exploration\\E0_I0019_availability_forecast\\s02_build_candidates.py"", 207, ""H[\""pl_switches\""] = pd.concat(sw_).reindex(H.index)"", ""pd.concat(sw_).reindex(H.index)""], [""MENTION"", ""experiments\\exploration\\E0_I0019_availability_forecast\\s02_build_candidates.py"", 209, ""H[\""pl_switch_rate\""] = H[\""pl_switches\""] / H[\""pl_opps_prior\""].replace(0, np.nan)"", """"], [""MENTION"", ""experiments\\exploration\\E0_I0019_availability_forecast\\s02_build_candidates.py"", 336, ""\""pl_switches\"", \""pl_switch_rate\"", \""pl_switches5\"","", """"]]"
E0_I0019_availability_forecast,pl_switch_rate,3,IN_SCREEN,SUBSCRIPT_ASSIGN,experiments\exploration\E0_I0019_availability_forecast\s02_build_candidates.py,209,"H[""pl_switch_rate""] = H[""pl_switches""] / H[""pl_opps_prior""].replace(0, np.nan)","H[""pl_switches""] / H[""pl_opps_prior""].replace(0, np.nan)","[[""SUBSCRIPT_ASSIGN"", ""experiments\\exploration\\E0_I0019_availability_forecast\\s02_build_candidates.py"", 209, ""H[\""pl_switch_rate\""] = H[\""pl_switches\""] / H[\""pl_opps_prior\""].replace(0, np.nan)"", ""H[\""pl_switches\""] / H[\""pl_opps_prior\""].replace(0, np.nan)""], [""TUPLE_PAIR"", ""experiments\\exploration\\E0_I0019_availability_forecast\\s04b_diagnose.py"", 19, ""for cand, dep in [(\""pl_switch_rate\"", \""brier\""), (\""pl_boundary_score\"", \""brier\""),"", ""\""brier\""""], [""MENTION"", ""experiments\\exploration\\E0_I0019_availability_forecast\\s02_build_candidates.py"", 336, ""\""pl_switches\"", \""pl_switch_rate\"", \""pl_switches5\"","", """"]]"
E0_I0019_availability_forecast,pl_switches5,2,IN_SCREEN,SUBSCRIPT_ASSIGN,experiments\exploration\E0_I0019_availability_forecast\s02_build_candidates.py,210,"H[""pl_switches5""] = gs[""_miss""].transform(","gs[""_miss""].transform(","[[""SUBSCRIPT_ASSIGN"", ""experiments\\exploration\\E0_I0019_availability_forecast\\s02_build_candidates.py"", 210, ""H[\""pl_switches5\""] = gs[\""_miss\""].transform("", ""gs[\""_miss\""].transform(""], [""MENTION"", ""experiments\\exploration\\E0_I0019_availability_forecast\\s02_build_candidates.py"", 336, ""\""pl_switches\"", \""pl_switch_rate\"", \""pl_switches5\"","", """"]]"
E0_I0019_availability_forecast,pl_run_length,2,IN_SCREEN,SUBSCRIPT_ASSIGN,experiments\exploration\E0_I0019_availability_forecast\s02_build_candidates.py,206,"H[""pl_run_length""] = pd.concat(rl_).reindex(H.index)",pd.concat(rl_).reindex(H.index),"[[""SUBSCRIPT_ASSIGN"", ""experiments\\exploration\\E0_I0019_availability_forecast\\s02_build_candidates.py"", 206, ""H[\""pl_run_length\""] = pd.concat(rl_).reindex(H.index)"", ""pd.concat(rl_).reindex(H.index)""], [""MENTION"", ""experiments\\exploration\\E0_I0019_availability_forecast\\s02_build_candidates.py"", 337, ""\""pl_run_length\""],"", """"]]"
E0_I0019_availability_forecast,pl_min_mean5,4,IN_SCREEN,GENERATED[pl_%s_mean5],experiments\exploration\E0_I0019_availability_forecast\s02_build_candidates.py,224,"app[""pl_%s_mean5"" % tag] = gv.transform(lambda x: x.shift(1).rolling(5, min_periods=2).mean())","gv.transform(lambda x: x.shift(1).rolling(5, min_periods=2).mean())","[[""GENERATED[pl_%s_mean5]"", ""experiments\\exploration\\E0_I0019_availability_forecast\\s02_build_candidates.py"", 224, ""app[\""pl_%s_mean5\"" % tag] = gv.transform(lambda x: x.shift(1).rolling(5, min_periods=2).mean())"", ""gv.transform(lambda x: x.shift(1).rolling(5, min_periods=2).mean())""], [""MENTION"", ""experiments\\exploration\\E0_I0019_availability_forecast\\s02_build_candidates.py"", 226, ""app[\""pl_min_cv5\""] = app[\""pl_min_sd5\""] / app[\""pl_min_mean5\""].replace(0, np.nan)"", """"], [""MENTION"", ""experiments\\exploration\\E0_I0019_availability_forecast\\s02_build_candidates.py"", 232, ""ROLE = [\""pl_min_mean5\"", \""pl_min_sd5\"", \""pl_start_mean5\"", \""pl_usg_mean5\"", \""pl_min_cv5\"","", """"], [""MENTION"", ""experiments\\exploration\\E0_I0019_availability_forecast\\s02_build_candidates.py"", 338, ""\""D_role_volume\"": [\""pl_min_mean5\"", \""pl_min_sd5\"", \""pl_min_cv5\"", \""pl_start_mean5\"","", """"]]"
E0_I0019_availability_forecast,pl_min_sd5,4,IN_SCREEN,GENERATED[pl_%s_sd5],experiments\exploration\E0_I0019_availability_forecast\s02_build_candidates.py,225,"app[""pl_%s_sd5"" % tag] = gv.transform(lambda x: x.shift(1).rolling(5, min_periods=3).std())","gv.transform(lambda x: x.shift(1).rolling(5, min_periods=3).std())","[[""GENERATED[pl_%s_sd5]"", ""experiments\\exploration\\E0_I0019_availability_forecast\\s02_build_candidates.py"", 225, ""app[\""pl_%s_sd5\"" % tag] = gv.transform(lambda x: x.shift(1).rolling(5, min_periods=3).std())"", ""gv.transform(lambda x: x.shift(1).rolling(5, min_periods=3).std())""], [""MENTION"", ""experiments\\exploration\\E0_I0019_availability_forecast\\s02_build_candidates.py"", 226, ""app[\""pl_min_cv5\""] = app[\""pl_min_sd5\""] / app[\""pl_min_mean5\""].replace(0, np.nan)"", """"], [""MENTION"", ""experiments\\exploration\\E0_I0019_availability_forecast\\s02_build_candidates.py"", 232, ""ROLE = [\""pl_min_mean5\"", \""pl_min_sd5\"", \""pl_start_mean5\"", \""pl_usg_mean5\"", \""pl_min_cv5\"","", """"], [""MENTION"", ""experiments\\exploration\\E0_I0019_availability_forecast\\s02_build_candidates.py"", 338, ""\""D_role_volume\"": [\""pl_min_mean5\"", \""pl_min_sd5\"", \""pl_min_cv5\"", \""pl_start_mean5\"","", """"]]"
E0_I0019_availability_forecast,pl_min_cv5,3,IN_SCREEN,SUBSCRIPT_ASSIGN,experiments\exploration\E0_I0019_availability_forecast\s02_build_candidates.py,226,"app[""pl_min_cv5""] = app[""pl_min_sd5""] / app[""pl_min_mean5""].replace(0, np.nan)","app[""pl_min_sd5""] / app[""pl_min_mean5""].replace(0, np.nan)","[[""SUBSCRIPT_ASSIGN"", ""experiments\\exploration\\E0_I0019_availability_forecast\\s02_build_candidates.py"", 226, ""app[\""pl_min_cv5\""] = app[\""pl_min_sd5\""] / app[\""pl_min_mean5\""].replace(0, np.nan)"", ""app[\""pl_min_sd5\""] / app[\""pl_min_mean5\""].replace(0, np.nan)""], [""MENTION"", ""experiments\\exploration\\E0_I0019_availability_forecast\\s02_build_candidates.py"", 232, ""ROLE = [\""pl_min_mean5\"", \""pl_min_sd5\"", \""pl_start_mean5\"", \""pl_usg_mean5\"", \""pl_min_cv5\"","", """"], [""MENTION"", ""experiments\\exploration\\E0_I0019_availability_forecast\\s02_build_candidates.py"", 338, ""\""D_role_volume\"": [\""pl_min_mean5\"", \""pl_min_sd5\"", \""pl_min_cv5\"", \""pl_start_mean5\"","", """"]]"
E0_I0019_availability_forecast,pl_start_mean5,3,IN_SCREEN,GENERATED[pl_%s_mean5],experiments\exploration\E0_I0019_availability_forecast\s02_build_candidates.py,224,"app[""pl_%s_mean5"" % tag] = gv.transform(lambda x: x.shift(1).rolling(5, min_periods=2).mean())","gv.transform(lambda x: x.shift(1).rolling(5, min_periods=2).mean())","[[""GENERATED[pl_%s_mean5]"", ""experiments\\exploration\\E0_I0019_availability_forecast\\s02_build_candidates.py"", 224, ""app[\""pl_%s_mean5\"" % tag] = gv.transform(lambda x: x.shift(1).rolling(5, min_periods=2).mean())"", ""gv.transform(lambda x: x.shift(1).rolling(5, min_periods=2).mean())""], [""MENTION"", ""experiments\\exploration\\E0_I0019_availability_forecast\\s02_build_candidates.py"", 232, ""ROLE = [\""pl_min_mean5\"", \""pl_min_sd5\"", \""pl_start_mean5\"", \""pl_usg_mean5\"", \""pl_min_cv5\"","", """"], [""MENTION"", ""experiments\\exploration\\E0_I0019_availability_forecast\\s02_build_candidates.py"", 338, ""\""D_role_volume\"": [\""pl_min_mean5\"", \""pl_min_sd5\"", \""pl_min_cv5\"", \""pl_start_mean5\"","", """"]]"
E0_I0019_availability_forecast,pl_usg_mean5,3,IN_SCREEN,GENERATED[pl_%s_mean5],experiments\exploration\E0_I0019_availability_forecast\s02_build_candidates.py,224,"app[""pl_%s_mean5"" % tag] = gv.transform(lambda x: x.shift(1).rolling(5, min_periods=2).mean())","gv.transform(lambda x: x.shift(1).rolling(5, min_periods=2).mean())","[[""GENERATED[pl_%s_mean5]"", ""experiments\\exploration\\E0_I0019_availability_forecast\\s02_build_candidates.py"", 224, ""app[\""pl_%s_mean5\"" % tag] = gv.transform(lambda x: x.shift(1).rolling(5, min_periods=2).mean())"", ""gv.transform(lambda x: x.shift(1).rolling(5, min_periods=2).mean())""], [""MENTION"", ""experiments\\exploration\\E0_I0019_availability_forecast\\s02_build_candidates.py"", 232, ""ROLE = [\""pl_min_mean5\"", \""pl_min_sd5\"", \""pl_start_mean5\"", \""pl_usg_mean5\"", \""pl_min_cv5\"","", """"], [""MENTION"", ""experiments\\exploration\\E0_I0019_availability_forecast\\s02_build_candidates.py"", 339, ""\""pl_usg_mean5\"", \""pl_min_trend5\""],"", """"]]"
E0_I0019_availability_forecast,pl_min_trend5,3,IN_SCREEN,SUBSCRIPT_ASSIGN,experiments\exploration\E0_I0019_availability_forecast\s02_build_candidates.py,228,"app[""pl_min_trend5""] = (gmn.transform(lambda x: x.shift(1).rolling(2, min_periods=2).mean()) -","(gmn.transform(lambda x: x.shift(1).rolling(2, min_periods=2).mean()) -","[[""SUBSCRIPT_ASSIGN"", ""experiments\\exploration\\E0_I0019_availability_forecast\\s02_build_candidates.py"", 228, ""app[\""pl_min_trend5\""] = (gmn.transform(lambda x: x.shift(1).rolling(2, min_periods=2).mean()) -"", ""(gmn.transform(lambda x: x.shift(1).rolling(2, min_periods=2).mean()) -""], [""MENTION"", ""experiments\\exploration\\E0_I0019_availability_forecast\\s02_build_candidates.py"", 233, ""\""pl_min_trend5\"", \""pl_days_since_appear\""]"", """"], [""MENTION"", ""experiments\\exploration\\E0_I0019_availability_forecast\\s02_build_candidates.py"", 339, ""\""pl_usg_mean5\"", \""pl_min_trend5\""],"", """"]]"
E0_I0019_availability_forecast,tm_roster_churn_prior,3,IN_SCREEN,COLUMNS_LIST,experiments\exploration\E0_I0019_availability_forecast\s02_build_candidates.py,124,"R = pd.DataFrame(rows, columns=[""season"", ""team_id"", ""game_id"", ""tm_roster_churn_prior"",",,"[[""COLUMNS_LIST"", ""experiments\\exploration\\E0_I0019_availability_forecast\\s02_build_candidates.py"", 124, ""R = pd.DataFrame(rows, columns=[\""season\"", \""team_id\"", \""game_id\"", \""tm_roster_churn_prior\"","", """"], [""MENTION"", ""experiments\\exploration\\E0_I0019_availability_forecast\\s02_build_candidates.py"", 130, ""\""tm_games_prior7d\"", \""tm_is_home\"", \""tm_roster_churn_prior\"", \""tm_newfaces_prior\"","", """"], [""MENTION"", ""experiments\\exploration\\E0_I0019_availability_forecast\\s02_build_candidates.py"", 340, ""\""E_roster_churn\"": [\""tm_roster_churn_prior\"", \""tm_newfaces_prior\"", \""tm_roster_size_prior\"","", """"]]"
E0_I0019_availability_forecast,tm_newfaces_prior,3,IN_SCREEN,MENTION,experiments\exploration\E0_I0019_availability_forecast\s02_build_candidates.py,125,"""tm_newfaces_prior"", ""tm_roster_size_prior"",",,"[[""MENTION"", ""experiments\\exploration\\E0_I0019_availability_forecast\\s02_build_candidates.py"", 125, ""\""tm_newfaces_prior\"", \""tm_roster_size_prior\"","", """"], [""MENTION"", ""experiments\\exploration\\E0_I0019_availability_forecast\\s02_build_candidates.py"", 130, ""\""tm_games_prior7d\"", \""tm_is_home\"", \""tm_roster_churn_prior\"", \""tm_newfaces_prior\"","", """"], [""MENTION"", ""experiments\\exploration\\E0_I0019_availability_forecast\\s02_build_candidates.py"", 340, ""\""E_roster_churn\"": [\""tm_roster_churn_prior\"", \""tm_newfaces_prior\"", \""tm_roster_size_prior\"","", """"]]"
E0_I0019_availability_forecast,tm_roster_size_prior,3,IN_SCREEN,MENTION,experiments\exploration\E0_I0019_availability_forecast\s02_build_candidates.py,125,"""tm_newfaces_prior"", ""tm_roster_size_prior"",",,"[[""MENTION"", ""experiments\\exploration\\E0_I0019_availability_forecast\\s02_build_candidates.py"", 125, ""\""tm_newfaces_prior\"", \""tm_roster_size_prior\"","", """"], [""MENTION"", ""experiments\\exploration\\E0_I0019_availability_forecast\\s02_build_candidates.py"", 131, ""\""tm_roster_size_prior\"", \""tm_five_tenure_prior\"", \""tm_five_changed_prior\""]"", """"], [""MENTION"", ""experiments\\exploration\\E0_I0019_availability_forecast\\s02_build_candidates.py"", 340, ""\""E_roster_churn\"": [\""tm_roster_churn_prior\"", \""tm_newfaces_prior\"", \""tm_roster_size_prior\"","", """"]]"
E0_I0019_availability_forecast,tm_five_tenure_prior,3,IN_SCREEN,MENTION,experiments\exploration\E0_I0019_availability_forecast\s02_build_candidates.py,126,"""tm_five_tenure_prior"", ""tm_five_changed_prior""])",,"[[""MENTION"", ""experiments\\exploration\\E0_I0019_availability_forecast\\s02_build_candidates.py"", 126, ""\""tm_five_tenure_prior\"", \""tm_five_changed_prior\""])"", """"], [""MENTION"", ""experiments\\exploration\\E0_I0019_availability_forecast\\s02_build_candidates.py"", 131, ""\""tm_roster_size_prior\"", \""tm_five_tenure_prior\"", \""tm_five_changed_prior\""]"", """"], [""MENTION"", ""experiments\\exploration\\E0_I0019_availability_forecast\\s02_build_candidates.py"", 341, ""\""tm_five_tenure_prior\"", \""tm_five_changed_prior\""],"", """"]]"
E0_I0019_availability_forecast,tm_five_changed_prior,3,IN_SCREEN,MENTION,experiments\exploration\E0_I0019_availability_forecast\s02_build_candidates.py,126,"""tm_five_tenure_prior"", ""tm_five_changed_prior""])",,"[[""MENTION"", ""experiments\\exploration\\E0_I0019_availability_forecast\\s02_build_candidates.py"", 126, ""\""tm_five_tenure_prior\"", \""tm_five_changed_prior\""])"", """"], [""MENTION"", ""experiments\\exploration\\E0_I0019_availability_forecast\\s02_build_candidates.py"", 131, ""\""tm_roster_size_prior\"", \""tm_five_tenure_prior\"", \""tm_five_changed_prior\""]"", """"], [""MENTION"", ""experiments\\exploration\\E0_I0019_availability_forecast\\s02_build_candidates.py"", 341, ""\""tm_five_tenure_prior\"", \""tm_five_changed_prior\""],"", """"]]"
E0_I0019_availability_forecast,tm_rest_days,4,IN_SCREEN,SUBSCRIPT_ASSIGN,experiments\exploration\E0_I0019_availability_forecast\s02_build_candidates.py,60,"tg[""tm_rest_days""] = g[""gdate""].transform(lambda x: (x - x.shift(1)).dt.days).astype(float)","g[""gdate""].transform(lambda x: (x - x.shift(1)).dt.days).astype(float)","[[""SUBSCRIPT_ASSIGN"", ""experiments\\exploration\\E0_I0019_availability_forecast\\s02_build_candidates.py"", 60, ""tg[\""tm_rest_days\""] = g[\""gdate\""].transform(lambda x: (x - x.shift(1)).dt.days).astype(float)"", ""g[\""gdate\""].transform(lambda x: (x - x.shift(1)).dt.days).astype(float)""], [""SUBSCRIPT_ASSIGN"", ""experiments\\exploration\\E0_I0019_availability_forecast\\s02_build_candidates.py"", 61, ""tg[\""tm_b2b\""] = (tg[\""tm_rest_days\""] == 1).astype(float)"", ""= 1).astype(float)""], [""MENTION"", ""experiments\\exploration\\E0_I0019_availability_forecast\\s02_build_candidates.py"", 129, ""\""tm_late_out_of_contention\"", \""tm_rest_days\"", \""tm_b2b\"", \""tm_3in4\"","", """"], [""MENTION"", ""experiments\\exploration\\E0_I0019_availability_forecast\\s02_build_candidates.py"", 342, ""\""F_schedule\"": [\""tm_rest_days\"", \""tm_b2b\"", \""tm_3in4\"", \""tm_games_prior7d\"", \""tm_is_home\""],"", """"]]"
E0_I0019_availability_forecast,tm_b2b,3,IN_SCREEN,SUBSCRIPT_ASSIGN,experiments\exploration\E0_I0019_availability_forecast\s02_build_candidates.py,61,"tg[""tm_b2b""] = (tg[""tm_rest_days""] == 1).astype(float)","(tg[""tm_rest_days""] == 1).astype(float)","[[""SUBSCRIPT_ASSIGN"", ""experiments\\exploration\\E0_I0019_availability_forecast\\s02_build_candidates.py"", 61, ""tg[\""tm_b2b\""] = (tg[\""tm_rest_days\""] == 1).astype(float)"", ""(tg[\""tm_rest_days\""] == 1).astype(float)""], [""MENTION"", ""experiments\\exploration\\E0_I0019_availability_forecast\\s02_build_candidates.py"", 129, ""\""tm_late_out_of_contention\"", \""tm_rest_days\"", \""tm_b2b\"", \""tm_3in4\"","", """"], [""MENTION"", ""experiments\\exploration\\E0_I0019_availability_forecast\\s02_build_candidates.py"", 342, ""\""F_schedule\"": [\""tm_rest_days\"", \""tm_b2b\"", \""tm_3in4\"", \""tm_games_prior7d\"", \""tm_is_home\""],"", """"]]"
E0_I0019_availability_forecast,tm_3in4,3,IN_SCREEN,SUBSCRIPT_ASSIGN,experiments\exploration\E0_I0019_availability_forecast\s02_build_candidates.py,82,"tg[""tm_3in4""] = (tg[""tm_n_prior3d""] >= 2).astype(float)","(tg[""tm_n_prior3d""] >= 2).astype(float)","[[""SUBSCRIPT_ASSIGN"", ""experiments\\exploration\\E0_I0019_availability_forecast\\s02_build_candidates.py"", 82, ""tg[\""tm_3in4\""] = (tg[\""tm_n_prior3d\""] >= 2).astype(float)"", ""(tg[\""tm_n_prior3d\""] >= 2).astype(float)""], [""MENTION"", ""experiments\\exploration\\E0_I0019_availability_forecast\\s02_build_candidates.py"", 129, ""\""tm_late_out_of_contention\"", \""tm_rest_days\"", \""tm_b2b\"", \""tm_3in4\"","", """"], [""MENTION"", ""experiments\\exploration\\E0_I0019_availability_forecast\\s02_build_candidates.py"", 342, ""\""F_schedule\"": [\""tm_rest_days\"", \""tm_b2b\"", \""tm_3in4\"", \""tm_games_prior7d\"", \""tm_is_home\""],"", """"]]"
E0_I0019_availability_forecast,tm_games_prior7d,3,IN_SCREEN,SUBSCRIPT_ASSIGN,experiments\exploration\E0_I0019_availability_forecast\s02_build_candidates.py,79,"gg[""tm_games_prior7d""] = _n_in_window(gg[""gdate""], 7)","_n_in_window(gg[""gdate""], 7)","[[""SUBSCRIPT_ASSIGN"", ""experiments\\exploration\\E0_I0019_availability_forecast\\s02_build_candidates.py"", 79, ""gg[\""tm_games_prior7d\""] = _n_in_window(gg[\""gdate\""], 7)"", ""_n_in_window(gg[\""gdate\""], 7)""], [""MENTION"", ""experiments\\exploration\\E0_I0019_availability_forecast\\s02_build_candidates.py"", 130, ""\""tm_games_prior7d\"", \""tm_is_home\"", \""tm_roster_churn_prior\"", \""tm_newfaces_prior\"","", """"], [""MENTION"", ""experiments\\exploration\\E0_I0019_availability_forecast\\s02_build_candidates.py"", 342, ""\""F_schedule\"": [\""tm_rest_days\"", \""tm_b2b\"", \""tm_3in4\"", \""tm_games_prior7d\"", \""tm_is_home\""],"", """"]]"
E0_I0019_availability_forecast,tm_is_home,3,IN_SCREEN,SUBSCRIPT_ASSIGN,experiments\exploration\E0_I0019_availability_forecast\s02_build_candidates.py,84,"tg[""tm_is_home""] = pd.to_numeric(tg[""is_home""], errors=""coerce"").astype(float)","pd.to_numeric(tg[""is_home""], errors=""coerce"").astype(float)","[[""SUBSCRIPT_ASSIGN"", ""experiments\\exploration\\E0_I0019_availability_forecast\\s02_build_candidates.py"", 84, ""tg[\""tm_is_home\""] = pd.to_numeric(tg[\""is_home\""], errors=\""coerce\"").astype(float)"", ""pd.to_numeric(tg[\""is_home\""], errors=\""coerce\"").astype(float)""], [""MENTION"", ""experiments\\exploration\\E0_I0019_availability_forecast\\s02_build_candidates.py"", 130, ""\""tm_games_prior7d\"", \""tm_is_home\"", \""tm_roster_churn_prior\"", \""tm_newfaces_prior\"","", """"], [""MENTION"", ""experiments\\exploration\\E0_I0019_availability_forecast\\s02_build_candidates.py"", 342, ""\""F_schedule\"": [\""tm_rest_days\"", \""tm_b2b\"", \""tm_3in4\"", \""tm_games_prior7d\"", \""tm_is_home\""],"", """"]]"
E0_I0019_availability_forecast,tm_game_idx,4,IN_SCREEN,SUBSCRIPT_ASSIGN,experiments\exploration\E0_I0019_availability_forecast\s02_build_candidates.py,58,"tg[""tm_game_idx""] = g.cumcount().astype(float)",g.cumcount().astype(float),"[[""SUBSCRIPT_ASSIGN"", ""experiments\\exploration\\E0_I0019_availability_forecast\\s02_build_candidates.py"", 58, ""tg[\""tm_game_idx\""] = g.cumcount().astype(float)"", ""g.cumcount().astype(float)""], [""MENTION"", ""experiments\\exploration\\E0_I0019_availability_forecast\\s02_build_candidates.py"", 83, ""tg[\""tm_season_progress\""] = tg[\""tm_game_idx\""] / 40.0"", """"], [""MENTION"", ""experiments\\exploration\\E0_I0019_availability_forecast\\s02_build_candidates.py"", 128, ""TEAMCOLS = [\""tm_game_idx\"", \""tm_season_progress\"", \""tm_win_pct_prior\"", \""tm_win_pct_vs_league\"","", """"], [""MENTION"", ""experiments\\exploration\\E0_I0019_availability_forecast\\s02_build_candidates.py"", 343, ""\""G_season_phase_contention\"": [\""tm_game_idx\"", \""tm_season_progress\"", \""tm_win_pct_prior\"","", """"]]"
E0_I0019_availability_forecast,tm_season_progress,4,IN_SCREEN,SUBSCRIPT_ASSIGN,experiments\exploration\E0_I0019_availability_forecast\s02_build_candidates.py,83,"tg[""tm_season_progress""] = tg[""tm_game_idx""] / 40.0","tg[""tm_game_idx""] / 40.0","[[""SUBSCRIPT_ASSIGN"", ""experiments\\exploration\\E0_I0019_availability_forecast\\s02_build_candidates.py"", 83, ""tg[\""tm_season_progress\""] = tg[\""tm_game_idx\""] / 40.0"", ""tg[\""tm_game_idx\""] / 40.0""], [""MENTION"", ""experiments\\exploration\\E0_I0019_availability_forecast\\s02_build_candidates.py"", 88, ""tg[\""tm_late_out_of_contention\""] = ((tg[\""tm_season_progress\""] > 0.75) &"", """"], [""MENTION"", ""experiments\\exploration\\E0_I0019_availability_forecast\\s02_build_candidates.py"", 128, ""TEAMCOLS = [\""tm_game_idx\"", \""tm_season_progress\"", \""tm_win_pct_prior\"", \""tm_win_pct_vs_league\"","", """"], [""MENTION"", ""experiments\\exploration\\E0_I0019_availability_forecast\\s02_build_candidates.py"", 343, ""\""G_season_phase_contention\"": [\""tm_game_idx\"", \""tm_season_progress\"", \""tm_win_pct_prior\"","", """"]]"
E0_I0019_availability_forecast,tm_win_pct_prior,5,IN_SCREEN,SUBSCRIPT_ASSIGN,experiments\exploration\E0_I0019_availability_forecast\s02_build_candidates.py,59,"tg[""tm_win_pct_prior""] = g[""win""].transform(lambda x: x.shift(1).expanding().mean())","g[""win""].transform(lambda x: x.shift(1).expanding().mean())","[[""SUBSCRIPT_ASSIGN"", ""experiments\\exploration\\E0_I0019_availability_forecast\\s02_build_candidates.py"", 59, ""tg[\""tm_win_pct_prior\""] = g[\""win\""].transform(lambda x: x.shift(1).expanding().mean())"", ""g[\""win\""].transform(lambda x: x.shift(1).expanding().mean())""], [""MENTION"", ""experiments\\exploration\\E0_I0019_availability_forecast\\s02_build_candidates.py"", 86, ""lg = tg.groupby([\""season\"", \""gdate\""])[\""tm_win_pct_prior\""].transform(\""mean\"")"", """"], [""MENTION"", ""experiments\\exploration\\E0_I0019_availability_forecast\\s02_build_candidates.py"", 87, ""tg[\""tm_win_pct_vs_league\""] = tg[\""tm_win_pct_prior\""] - lg"", """"], [""MENTION"", ""experiments\\exploration\\E0_I0019_availability_forecast\\s02_build_candidates.py"", 128, ""TEAMCOLS = [\""tm_game_idx\"", \""tm_season_progress\"", \""tm_win_pct_prior\"", \""tm_win_pct_vs_league\"","", """"], [""MENTION"", ""experiments\\exploration\\E0_I0019_availability_forecast\\s02_build_candidates.py"", 343, ""\""G_season_phase_contention\"": [\""tm_game_idx\"", \""tm_season_progress\"", \""tm_win_pct_prior\"","", """"]]"
E0_I0019_availability_forecast,tm_win_pct_vs_league,4,IN_SCREEN,SUBSCRIPT_ASSIGN,experiments\exploration\E0_I0019_availability_forecast\s02_build_candidates.py,87,"tg[""tm_win_pct_vs_league""] = tg[""tm_win_pct_prior""] - lg","tg[""tm_win_pct_prior""] - lg","[[""SUBSCRIPT_ASSIGN"", ""experiments\\exploration\\E0_I0019_availability_forecast\\s02_build_candidates.py"", 87, ""tg[\""tm_win_pct_vs_league\""] = tg[\""tm_win_pct_prior\""] - lg"", ""tg[\""tm_win_pct_prior\""] - lg""], [""MENTION"", ""experiments\\exploration\\E0_I0019_availability_forecast\\s02_build_candidates.py"", 89, ""(tg[\""tm_win_pct_vs_league\""] < 0)).astype(float)"", """"], [""MENTION"", ""experiments\\exploration\\E0_I0019_availability_forecast\\s02_build_candidates.py"", 128, ""TEAMCOLS = [\""tm_game_idx\"", \""tm_season_progress\"", \""tm_win_pct_prior\"", \""tm_win_pct_vs_league\"","", """"], [""MENTION"", ""experiments\\exploration\\E0_I0019_availability_forecast\\s02_build_candidates.py"", 344, ""\""tm_win_pct_vs_league\"", \""tm_late_out_of_contention\""],"", """"]]"
E0_I0019_availability_forecast,tm_late_out_of_contention,3,IN_SCREEN,SUBSCRIPT_ASSIGN,experiments\exploration\E0_I0019_availability_forecast\s02_build_candidates.py,88,"tg[""tm_late_out_of_contention""] = ((tg[""tm_season_progress""] > 0.75) &","((tg[""tm_season_progress""] > 0.75) &","[[""SUBSCRIPT_ASSIGN"", ""experiments\\exploration\\E0_I0019_availability_forecast\\s02_build_candidates.py"", 88, ""tg[\""tm_late_out_of_contention\""] = ((tg[\""tm_season_progress\""] > 0.75) &"", ""((tg[\""tm_season_progress\""] > 0.75) &""], [""MENTION"", ""experiments\\exploration\\E0_I0019_availability_forecast\\s02_build_candidates.py"", 129, ""\""tm_late_out_of_contention\"", \""tm_rest_days\"", \""tm_b2b\"", \""tm_3in4\"","", """"], [""MENTION"", ""experiments\\exploration\\E0_I0019_availability_forecast\\s02_build_candidates.py"", 344, ""\""tm_win_pct_vs_league\"", \""tm_late_out_of_contention\""],"", """"]]"
E0_I0019_availability_forecast,mdl_is_fallback,4,IN_SCREEN,SUBSCRIPT_ASSIGN,experiments\exploration\E0_I0019_availability_forecast\s02_build_candidates.py,304,"F[""mdl_is_fallback""] = F[""v15__is_fallback""].astype(float)","F[""v15__is_fallback""].astype(float)","[[""SUBSCRIPT_ASSIGN"", ""experiments\\exploration\\E0_I0019_availability_forecast\\s02_build_candidates.py"", 304, ""F[\""mdl_is_fallback\""] = F[\""v15__is_fallback\""].astype(float)"", ""F[\""v15__is_fallback\""].astype(float)""], [""MENTION"", ""experiments\\exploration\\E0_I0019_availability_forecast\\s02_build_candidates.py"", 345, ""\""H_model_own_state\"": [\""mdl_is_fallback\"", \""mdl_fallback_level\"", \""mdl_is_cold_start\"","", """"], [""MENTION"", ""experiments\\exploration\\E0_I0019_availability_forecast\\s06_abstention.py"", 80, ""\""is_fallback first\"": F[\""mdl_is_fallback\""].to_numpy(float),"", """"], [""MENTION"", ""experiments\\exploration\\E0_I0019_availability_forecast\\s06_abstention.py"", 134, ""\""D076: is_fallback first\"": M[\""mdl_is_fallback\""].to_numpy(float),"", """"]]"
E0_I0019_availability_forecast,mdl_fallback_level,2,IN_SCREEN,SUBSCRIPT_ASSIGN,experiments\exploration\E0_I0019_availability_forecast\s02_build_candidates.py,305,"F[""mdl_fallback_level""] = pd.to_numeric(F[""v15__fallback_level""], errors=""coerce"").astype(float)","pd.to_numeric(F[""v15__fallback_level""], errors=""coerce"").astype(float)","[[""SUBSCRIPT_ASSIGN"", ""experiments\\exploration\\E0_I0019_availability_forecast\\s02_build_candidates.py"", 305, ""F[\""mdl_fallback_level\""] = pd.to_numeric(F[\""v15__fallback_level\""], errors=\""coerce\"").astype(float)"", ""pd.to_numeric(F[\""v15__fallback_level\""], errors=\""coerce\"").astype(float)""], [""MENTION"", ""experiments\\exploration\\E0_I0019_availability_forecast\\s02_build_candidates.py"", 345, ""\""H_model_own_state\"": [\""mdl_is_fallback\"", \""mdl_fallback_level\"", \""mdl_is_cold_start\"","", """"]]"
E0_I0019_availability_forecast,mdl_is_cold_start,2,IN_SCREEN,SUBSCRIPT_ASSIGN,experiments\exploration\E0_I0019_availability_forecast\s02_build_candidates.py,306,"F[""mdl_is_cold_start""] = F[""v15__is_cold_start""].astype(float)","F[""v15__is_cold_start""].astype(float)","[[""SUBSCRIPT_ASSIGN"", ""experiments\\exploration\\E0_I0019_availability_forecast\\s02_build_candidates.py"", 306, ""F[\""mdl_is_cold_start\""] = F[\""v15__is_cold_start\""].astype(float)"", ""F[\""v15__is_cold_start\""].astype(float)""], [""MENTION"", ""experiments\\exploration\\E0_I0019_availability_forecast\\s02_build_candidates.py"", 345, ""\""H_model_own_state\"": [\""mdl_is_fallback\"", \""mdl_fallback_level\"", \""mdl_is_cold_start\"","", """"]]"
E0_I0019_availability_forecast,mdl_n_prior_games,2,IN_SCREEN,SUBSCRIPT_ASSIGN,experiments\exploration\E0_I0019_availability_forecast\s02_build_candidates.py,307,"F[""mdl_n_prior_games""] = pd.to_numeric(F[""v15__n_prior_games""], errors=""coerce"").astype(float)","pd.to_numeric(F[""v15__n_prior_games""], errors=""coerce"").astype(float)","[[""SUBSCRIPT_ASSIGN"", ""experiments\\exploration\\E0_I0019_availability_forecast\\s02_build_candidates.py"", 307, ""F[\""mdl_n_prior_games\""] = pd.to_numeric(F[\""v15__n_prior_games\""], errors=\""coerce\"").astype(float)"", ""pd.to_numeric(F[\""v15__n_prior_games\""], errors=\""coerce\"").astype(float)""], [""MENTION"", ""experiments\\exploration\\E0_I0019_availability_forecast\\s02_build_candidates.py"", 346, ""\""mdl_n_prior_games\"", \""mdl_pred_point\"", \""mdl_pred_entropy\"","", """"]]"
E0_I0019_availability_forecast,mdl_pred_point,2,IN_SCREEN,SUBSCRIPT_ASSIGN,experiments\exploration\E0_I0019_availability_forecast\s02_build_candidates.py,309,"F[""mdl_pred_point""] = p",p,"[[""SUBSCRIPT_ASSIGN"", ""experiments\\exploration\\E0_I0019_availability_forecast\\s02_build_candidates.py"", 309, ""F[\""mdl_pred_point\""] = p"", ""p""], [""MENTION"", ""experiments\\exploration\\E0_I0019_availability_forecast\\s02_build_candidates.py"", 346, ""\""mdl_n_prior_games\"", \""mdl_pred_point\"", \""mdl_pred_entropy\"","", """"]]"
E0_I0019_availability_forecast,mdl_pred_entropy,7,IN_SCREEN,SUBSCRIPT_ASSIGN,experiments\exploration\E0_I0019_availability_forecast\s02_build_candidates.py,311,"F[""mdl_pred_entropy""] = -(pc * np.log(pc) + (1 - pc) * np.log(1 - pc))",-(pc * np.log(pc) + (1 - pc) * np.log(1 - pc)),"[[""SUBSCRIPT_ASSIGN"", ""experiments\\exploration\\E0_I0019_availability_forecast\\s02_build_candidates.py"", 311, ""F[\""mdl_pred_entropy\""] = -(pc * np.log(pc) + (1 - pc) * np.log(1 - pc))"", ""-(pc * np.log(pc) + (1 - pc) * np.log(1 - pc))""], [""MENTION"", ""experiments\\exploration\\E0_I0019_availability_forecast\\s02_build_candidates.py"", 346, ""\""mdl_n_prior_games\"", \""mdl_pred_point\"", \""mdl_pred_entropy\"","", """"], [""MENTION"", ""experiments\\exploration\\E0_I0019_availability_forecast\\s06_abstention.py"", 77, ""\""model uncertainty first (mdl_pred_entropy)\"": F[\""mdl_pred_entropy\""].to_numpy(float),"", """"], [""MENTION"", ""experiments\\exploration\\E0_I0019_availability_forecast\\s06_abstention.py"", 137, ""\""NEW: high p_active entropy first\"": M[\""mdl_pred_entropy\""].to_numpy(float),"", """"], [""MENTION"", ""experiments\\exploration\\E0_I0019_availability_forecast\\s06_abstention.py"", 140, ""pd.Series(M[\""mdl_pred_entropy\""].to_numpy(float)).rank().to_numpy()),"", """"], [""MENTION"", ""experiments\\exploration\\E0_I0019_availability_forecast\\s06_abstention.py"", 162, ""ent = gg[\""mdl_pred_entropy\""].to_numpy(float)"", """"], [""MENTION"", ""experiments\\exploration\\E0_I0019_availability_forecast\\s06_abstention.py"", 180, ""M[\""mdl_pred_entropy\""].to_numpy(float))[0, 1]"", """"]]"
E0_I0019_availability_forecast,mdl_pred_dist_from_half,2,IN_SCREEN,SUBSCRIPT_ASSIGN,experiments\exploration\E0_I0019_availability_forecast\s02_build_candidates.py,312,"F[""mdl_pred_dist_from_half""] = (p - 0.5).abs()",(p - 0.5).abs(),"[[""SUBSCRIPT_ASSIGN"", ""experiments\\exploration\\E0_I0019_availability_forecast\\s02_build_candidates.py"", 312, ""F[\""mdl_pred_dist_from_half\""] = (p - 0.5).abs()"", ""(p - 0.5).abs()""], [""MENTION"", ""experiments\\exploration\\E0_I0019_availability_forecast\\s02_build_candidates.py"", 347, ""\""mdl_pred_dist_from_half\""],"", """"]]"
E0_I0019_availability_forecast,neg_ctrl_row_noise,2,IN_SCREEN,SUBSCRIPT_ASSIGN,experiments\exploration\E0_I0019_availability_forecast\s02_build_candidates.py,315,"F[""neg_ctrl_row_noise""] = rng.random(len(F))",rng.random(len(F)),"[[""SUBSCRIPT_ASSIGN"", ""experiments\\exploration\\E0_I0019_availability_forecast\\s02_build_candidates.py"", 315, ""F[\""neg_ctrl_row_noise\""] = rng.random(len(F))"", ""rng.random(len(F))""], [""MENTION"", ""experiments\\exploration\\E0_I0019_availability_forecast\\s02_build_candidates.py"", 348, ""\""Z_negative_control\"": [\""neg_ctrl_row_noise\"", \""neg_ctrl_player_noise\""],"", """"]]"
E0_I0019_availability_forecast,neg_ctrl_player_noise,2,IN_SCREEN,SUBSCRIPT_ASSIGN,experiments\exploration\E0_I0019_availability_forecast\s02_build_candidates.py,317,"ps[""neg_ctrl_player_noise""] = rng.random(len(ps))",rng.random(len(ps)),"[[""SUBSCRIPT_ASSIGN"", ""experiments\\exploration\\E0_I0019_availability_forecast\\s02_build_candidates.py"", 317, ""ps[\""neg_ctrl_player_noise\""] = rng.random(len(ps))"", ""rng.random(len(ps))""], [""MENTION"", ""experiments\\exploration\\E0_I0019_availability_forecast\\s02_build_candidates.py"", 348, ""\""Z_negative_control\"": [\""neg_ctrl_row_noise\"", \""neg_ctrl_player_noise\""],"", """"]]"
E0_I0024_reb_ast_characterisation,A01_c04_prevgame,16,IN_SCREEN,SUBSCRIPT_ASSIGN,experiments\exploration\E0_I0024_reb_ast_characterisation\s02_build_frame.py,367,"pl[""A01_c04_prevgame""] = A01",A01,"[[""SUBSCRIPT_ASSIGN"", ""experiments\\exploration\\E0_I0024_reb_ast_characterisation\\s02_build_frame.py"", 367, ""pl[\""A01_c04_prevgame\""] = A01"", ""A01""], [""MENTION"", ""experiments\\exploration\\E0_I0024_reb_ast_characterisation\\s01_prereg.py"", 65, ""(\""A01_c04_prevgame\"",          \""sum of strictly-prior per-game USAGE of the OTHER players who appeared in the \"""", """"], [""MENTION"", ""experiments\\exploration\\E0_I0024_reb_ast_characterisation\\s01_prereg.py"", 96, ""SPEC_A = [\""A01_c04_prevgame\""]      # the single best-evidenced assist candidate, on rebound targets"", """"], [""MENTION"", ""experiments\\exploration\\E0_I0024_reb_ast_characterisation\\s02_build_frame.py"", 372, ""for c in [\""A01_c04_prevgame\"", \""A02_n_present_prevgame\"", \""A03_absent_usg_prevgame\"","", """"], [""MENTION"", ""experiments\\exploration\\E0_I0024_reb_ast_characterisation\\s02_build_frame.py"", 463, ""if not np.isfinite(r[\""A01_c04_prevgame\""]):"", """"], [""MENTION"", ""experiments\\exploration\\E0_I0024_reb_ast_characterisation\\s03_ladder.py"", 70, ""cand = F.index[F[\""A01_c04_prevgame\""].notna()].to_numpy()"", """"], [""MENTION"", ""experiments\\exploration\\E0_I0024_reb_ast_characterisation\\s03_ladder.py"", 97, ""if abs(rec_prev - float(r[\""A01_c04_prevgame\""])) > 1e-9:"", """"], [""MENTION"", ""experiments\\exploration\\E0_I0024_reb_ast_characterisation\\s03_ladder.py"", 99, ""if abs(rec_today - float(r[\""A01_c04_prevgame\""])) > 1e-9:"", """"], [""MENTION"", ""experiments\\exploration\\E0_I0024_reb_ast_characterisation\\s04_screen.py"", 70, ""d = F.dropna(subset=[\""y_reb\"", \""A01_c04_prevgame\""] + basecols_for(\""y_reb\"", \""B_COMPLETE\"")).copy()"", """"], [""MENTION"", ""experiments\\exploration\\E0_I0024_reb_ast_characterisation\\s04_screen.py"", 73, ""xv = d[\""A01_c04_prevgame\""].to_numpy(float)"", """"]]"
E0_I0024_reb_ast_characterisation,A02_n_present_prevgame,3,IN_SCREEN,SUBSCRIPT_ASSIGN,experiments\exploration\E0_I0024_reb_ast_characterisation\s02_build_frame.py,368,"pl[""A02_n_present_prevgame""] = A02",A02,"[[""SUBSCRIPT_ASSIGN"", ""experiments\\exploration\\E0_I0024_reb_ast_characterisation\\s02_build_frame.py"", 368, ""pl[\""A02_n_present_prevgame\""] = A02"", ""A02""], [""TUPLE_PAIR"", ""experiments\\exploration\\E0_I0024_reb_ast_characterisation\\s01_prereg.py"", 70, ""(\""A02_n_present_prevgame\"",    \""count of players in the team's PREVIOUS game box (D089 P05)\"",                       \""team_season\"",     \""A\""),"", ""\""count of players in the team's PREVIOUS game box (D089 P05""], [""MENTION"", ""experiments\\exploration\\E0_I0024_reb_ast_characterisation\\s02_build_frame.py"", 372, ""for c in [\""A01_c04_prevgame\"", \""A02_n_present_prevgame\"", \""A03_absent_usg_prevgame\"","", """"]]"
E0_I0024_reb_ast_characterisation,A03_absent_usg_prevgame,3,IN_SCREEN,SUBSCRIPT_ASSIGN,experiments\exploration\E0_I0024_reb_ast_characterisation\s02_build_frame.py,369,"pl[""A03_absent_usg_prevgame""] = A03",A03,"[[""SUBSCRIPT_ASSIGN"", ""experiments\\exploration\\E0_I0024_reb_ast_characterisation\\s02_build_frame.py"", 369, ""pl[\""A03_absent_usg_prevgame\""] = A03"", ""A03""], [""TUPLE_PAIR"", ""experiments\\exploration\\E0_I0024_reb_ast_characterisation\\s01_prereg.py"", 71, ""(\""A03_absent_usg_prevgame\"",   \""strictly-prior usage of players ABSENT from the previous game box (D089 P04)\"",      \""team_season\"",     \""A\""),"", ""\""strictly-prior usage of players ABSENT from the previous game box (D089 P04""], [""MENTION"", ""experiments\\exploration\\E0_I0024_reb_ast_characterisation\\s02_build_frame.py"", 372, ""for c in [\""A01_c04_prevgame\"", \""A02_n_present_prevgame\"", \""A03_absent_usg_prevgame\"","", """"]]"
E0_I0024_reb_ast_characterisation,A04_teammate_prior_fgm_pg,9,IN_SCREEN,SUBSCRIPT_ASSIGN,experiments\exploration\E0_I0024_reb_ast_characterisation\s02_build_frame.py,370,"pl[""A04_teammate_prior_fgm_pg""] = A04",A04,"[[""SUBSCRIPT_ASSIGN"", ""experiments\\exploration\\E0_I0024_reb_ast_characterisation\\s02_build_frame.py"", 370, ""pl[\""A04_teammate_prior_fgm_pg\""] = A04"", ""A04""], [""MENTION"", ""experiments\\exploration\\E0_I0024_reb_ast_characterisation\\s01_prereg.py"", 72, ""(\""A04_teammate_prior_fgm_pg\"", \""sum of strictly-prior per-game FGM of the OTHER players in the previous game box \"""", """"], [""MENTION"", ""experiments\\exploration\\E0_I0024_reb_ast_characterisation\\s02_build_frame.py"", 373, ""\""A04_teammate_prior_fgm_pg\"", \""A05_teammate_prior_fgpct\""]:"", """"], [""MENTION"", ""experiments\\exploration\\E0_I0024_reb_ast_characterisation\\s05_mechanism.py"", 96, ""[\""A01_c04_prevgame\"", \""A04_teammate_prior_fgm_pg\"", \""A05_teammate_prior_fgpct\""]))]"", """"], [""MENTION"", ""experiments\\exploration\\E0_I0024_reb_ast_characterisation\\s05_mechanism.py"", 117, ""for cand in [\""A01_c04_prevgame\"", \""A04_teammate_prior_fgm_pg\""]:"", """"], [""MENTION"", ""experiments\\exploration\\E0_I0024_reb_ast_characterisation\\s05_mechanism.py"", 137, ""for cand in [\""A01_c04_prevgame\"", \""A04_teammate_prior_fgm_pg\""]:"", """"], [""MENTION"", ""experiments\\exploration\\E0_I0024_reb_ast_characterisation\\s05_mechanism.py"", 164, ""for cand in [\""A01_c04_prevgame\"", \""A04_teammate_prior_fgm_pg\""]:"", """"], [""MENTION"", ""experiments\\exploration\\E0_I0024_reb_ast_characterisation\\s05_mechanism.py"", 182, ""for cand in [\""A01_c04_prevgame\"", \""A04_teammate_prior_fgm_pg\""]:"", """"], [""MENTION"", ""experiments\\exploration\\E0_I0024_reb_ast_characterisation\\s05_mechanism.py"", 228, ""for cand in [\""A01_c04_prevgame\"", \""A04_teammate_prior_fgm_pg\""]:"", """"]]"
E0_I0024_reb_ast_characterisation,A05_teammate_prior_fgpct,4,IN_SCREEN,SUBSCRIPT_ASSIGN,experiments\exploration\E0_I0024_reb_ast_characterisation\s02_build_frame.py,371,"pl[""A05_teammate_prior_fgpct""] = A05",A05,"[[""SUBSCRIPT_ASSIGN"", ""experiments\\exploration\\E0_I0024_reb_ast_characterisation\\s02_build_frame.py"", 371, ""pl[\""A05_teammate_prior_fgpct\""] = A05"", ""A05""], [""TUPLE_PAIR"", ""experiments\\exploration\\E0_I0024_reb_ast_characterisation\\s01_prereg.py"", 75, ""(\""A05_teammate_prior_fgpct\"",  \""usage-weighted strictly-prior FG% of the OTHER players in the previous game box\"",    \""team_season\"",     \""A\""),"", ""\""usage-weighted strictly-prior FG% of the OTHER players in the previous game box\"",    \""team_season\"",     \""A\""""], [""MENTION"", ""experiments\\exploration\\E0_I0024_reb_ast_characterisation\\s02_build_frame.py"", 373, ""\""A04_teammate_prior_fgm_pg\"", \""A05_teammate_prior_fgpct\""]:"", """"], [""MENTION"", ""experiments\\exploration\\E0_I0024_reb_ast_characterisation\\s05_mechanism.py"", 96, ""[\""A01_c04_prevgame\"", \""A04_teammate_prior_fgm_pg\"", \""A05_teammate_prior_fgpct\""]))]"", """"]]"
E0_I0024_reb_ast_characterisation,G01_noise,3,IN_SCREEN,SUBSCRIPT_ASSIGN,experiments\exploration\E0_I0024_reb_ast_characterisation\s02_build_frame.py,381,"pl[""G01_noise""] = rng.standard_normal(len(pl))",rng.standard_normal(len(pl)),"[[""SUBSCRIPT_ASSIGN"", ""experiments\\exploration\\E0_I0024_reb_ast_characterisation\\s02_build_frame.py"", 381, ""pl[\""G01_noise\""] = rng.standard_normal(len(pl))"", ""rng.standard_normal(len(pl))""], [""TUPLE_PAIR"", ""experiments\\exploration\\E0_I0024_reb_ast_characterisation\\s01_prereg.py"", 77, ""(\""G01_noise\"",                 \""NEGATIVE CONTROL: iid gaussian, seed-fixed, independent of everything\"",             \""row\"",             \""G\""),"", ""\""NEGATIVE CONTROL: iid gaussian, seed-fixed, independent of everything\"",             \""row\"",             \""G\""""], [""DICT_VALUE"", ""experiments\\exploration\\E0_I0024_reb_ast_characterisation\\s06_findings.py"", 305, ""\""G01_noise\"": (\""iid gaussian. Family-wise p >= 0.557 on every one of 20 control cells. One \"""", ""(\""iid gaussian. Family-wise p >= 0.557 on every one of 20 control cells. One \""""]]"
E0_I0024_reb_ast_characterisation,G02_placebo_noop,5,IN_SCREEN,DICT_VALUE,experiments\exploration\E0_I0024_reb_ast_characterisation\s04_screen.py,117,"if cname == ""G02_placebo_noop"":",,"[[""DICT_VALUE"", ""experiments\\exploration\\E0_I0024_reb_ast_characterisation\\s04_screen.py"", 117, ""if cname == \""G02_placebo_noop\"":"", """"], [""DICT_VALUE"", ""experiments\\exploration\\E0_I0024_reb_ast_characterisation\\s06_findings.py"", 309, ""\""G02_placebo_noop\"": (\""an exact affine copy of the base's first column. dR2 EXACTLY 0.000 \"""", ""(\""an exact affine copy of the base's first column. dR2 EXACTLY 0.000 \""""], [""MENTION"", ""experiments\\exploration\\E0_I0024_reb_ast_characterisation\\s01_prereg.py"", 78, ""(\""G02_placebo_noop\"",          \""NO-OP PLACEBO: an exact affine copy of the base's first column.  Its dR2 must be \"""", """"], [""MENTION"", ""experiments\\exploration\\E0_I0024_reb_ast_characterisation\\s04_screen.py"", 104, ""need = [t] + bcols + ([] if cname == \""G02_placebo_noop\"" else [cname])"", """"], [""MENTION"", ""experiments\\exploration\\E0_I0024_reb_ast_characterisation\\s04_screen.py"", 217, ""for _, r in ctl[ctl[\""candidate\""] == \""G02_placebo_noop\""].iterrows():"", """"]]"
E0_I0024_reb_ast_characterisation,R01_opp_allowed_miss_pg,3,IN_SCREEN,TUPLE_PAIR,experiments\exploration\E0_I0024_reb_ast_characterisation\s01_prereg.py,52,"(""R01_opp_allowed_miss_pg"",   ""opp team's strictly-prior mean MISSED field goals allowed per game (box)"",         ""opp_team_season"", ""R""),","""opp team's strictly-prior mean MISSED field goals allowed per game (box","[[""TUPLE_PAIR"", ""experiments\\exploration\\E0_I0024_reb_ast_characterisation\\s01_prereg.py"", 52, ""(\""R01_opp_allowed_miss_pg\"",   \""opp team's strictly-prior mean MISSED field goals allowed per game (box)\"",         \""opp_team_season\"", \""R\""),"", ""\""opp team's strictly-prior mean MISSED field goals allowed per game (box""], [""DICT_VALUE"", ""experiments\\exploration\\E0_I0024_reb_ast_characterisation\\s02_build_frame.py"", 272, ""OPPMAP = {\""R01_opp_allowed_miss_pg\"": \""MT_allow_miss_pg\"","", ""\""MT_allow_miss_pg\""""], [""MENTION"", ""experiments\\exploration\\E0_I0024_reb_ast_characterisation\\s01_prereg.py"", 97, ""SPEC_R = [\""R01_opp_allowed_miss_pg\""]  # the single best-evidenced rebound candidate, on assists"", """"]]"
E0_I0024_reb_ast_characterisation,R02_opp_allowed_ra_share,3,IN_SCREEN,TUPLE_PAIR,experiments\exploration\E0_I0024_reb_ast_characterisation\s01_prereg.py,53,"(""R02_opp_allowed_ra_share"",  ""opp team's strictly-prior share of ALLOWED attempts from Restricted Area"",         ""opp_team_season"", ""R""),","""opp team's strictly-prior share of ALLOWED attempts from Restricted Area"",         ""opp_team_season"", ""R""","[[""TUPLE_PAIR"", ""experiments\\exploration\\E0_I0024_reb_ast_characterisation\\s01_prereg.py"", 53, ""(\""R02_opp_allowed_ra_share\"",  \""opp team's strictly-prior share of ALLOWED attempts from Restricted Area\"",         \""opp_team_season\"", \""R\""),"", ""\""opp team's strictly-prior share of ALLOWED attempts from Restricted Area\"",         \""opp_team_season\"", \""R\""""], [""DICT_VALUE"", ""experiments\\exploration\\E0_I0024_reb_ast_characterisation\\s02_build_frame.py"", 273, ""\""R02_opp_allowed_ra_share\"": \""T_allow_ra_share\"","", ""\""T_allow_ra_share\""""], [""MENTION"", ""experiments\\exploration\\E0_I0024_reb_ast_characterisation\\s02_build_frame.py"", 450, ""got = r[\""R02_opp_allowed_ra_share\""]"", """"]]"
E0_I0024_reb_ast_characterisation,R03_opp_allowed_atb3_share,2,IN_SCREEN,TUPLE_PAIR,experiments\exploration\E0_I0024_reb_ast_characterisation\s01_prereg.py,54,"(""R03_opp_allowed_atb3_share"",""opp team's strictly-prior share of ALLOWED attempts Above the Break 3"",            ""opp_team_season"", ""R""),","""opp team's strictly-prior share of ALLOWED attempts Above the Break 3"",            ""opp_team_season"", ""R""","[[""TUPLE_PAIR"", ""experiments\\exploration\\E0_I0024_reb_ast_characterisation\\s01_prereg.py"", 54, ""(\""R03_opp_allowed_atb3_share\"",\""opp team's strictly-prior share of ALLOWED attempts Above the Break 3\"",            \""opp_team_season\"", \""R\""),"", ""\""opp team's strictly-prior share of ALLOWED attempts Above the Break 3\"",            \""opp_team_season\"", \""R\""""], [""DICT_VALUE"", ""experiments\\exploration\\E0_I0024_reb_ast_characterisation\\s02_build_frame.py"", 274, ""\""R03_opp_allowed_atb3_share\"": \""T_allow_atb3_share\"","", ""\""T_allow_atb3_share\""""]]"
E0_I0024_reb_ast_characterisation,R04_opp_allowed_mid_share,2,IN_SCREEN,TUPLE_PAIR,experiments\exploration\E0_I0024_reb_ast_characterisation\s01_prereg.py,55,"(""R04_opp_allowed_mid_share"", ""opp team's strictly-prior share of ALLOWED attempts Mid-Range"",                    ""opp_team_season"", ""R""),","""opp team's strictly-prior share of ALLOWED attempts Mid-Range"",                    ""opp_team_season"", ""R""","[[""TUPLE_PAIR"", ""experiments\\exploration\\E0_I0024_reb_ast_characterisation\\s01_prereg.py"", 55, ""(\""R04_opp_allowed_mid_share\"", \""opp team's strictly-prior share of ALLOWED attempts Mid-Range\"",                    \""opp_team_season\"", \""R\""),"", ""\""opp team's strictly-prior share of ALLOWED attempts Mid-Range\"",                    \""opp_team_season\"", \""R\""""], [""DICT_VALUE"", ""experiments\\exploration\\E0_I0024_reb_ast_characterisation\\s02_build_frame.py"", 275, ""\""R04_opp_allowed_mid_share\"": \""T_allow_mid_share\"","", ""\""T_allow_mid_share\""""]]"
E0_I0024_reb_ast_characterisation,R05_opp_allowed_long_miss_pg,2,IN_SCREEN,TUPLE_PAIR,experiments\exploration\E0_I0024_reb_ast_characterisation\s01_prereg.py,56,"(""R05_opp_allowed_long_miss_pg"",""opp team's strictly-prior MISSED 3PA allowed per game (long rebounds)"",          ""opp_team_season"", ""R""),","""opp team's strictly-prior MISSED 3PA allowed per game (long rebounds","[[""TUPLE_PAIR"", ""experiments\\exploration\\E0_I0024_reb_ast_characterisation\\s01_prereg.py"", 56, ""(\""R05_opp_allowed_long_miss_pg\"",\""opp team's strictly-prior MISSED 3PA allowed per game (long rebounds)\"",          \""opp_team_season\"", \""R\""),"", ""\""opp team's strictly-prior MISSED 3PA allowed per game (long rebounds""], [""DICT_VALUE"", ""experiments\\exploration\\E0_I0024_reb_ast_characterisation\\s02_build_frame.py"", 276, ""\""R05_opp_allowed_long_miss_pg\"": \""T_allow_long_miss_pg\"","", ""\""T_allow_long_miss_pg\""""]]"
E0_I0024_reb_ast_characterisation,R06_own_atb3_share,2,IN_SCREEN,TUPLE_PAIR,experiments\exploration\E0_I0024_reb_ast_characterisation\s01_prereg.py,57,"(""R06_own_atb3_share"",        ""own team's strictly-prior share of OWN attempts Above the Break 3"",                ""team_season"",     ""R""),","""own team's strictly-prior share of OWN attempts Above the Break 3"",                ""team_season"",     ""R""","[[""TUPLE_PAIR"", ""experiments\\exploration\\E0_I0024_reb_ast_characterisation\\s01_prereg.py"", 57, ""(\""R06_own_atb3_share\"",        \""own team's strictly-prior share of OWN attempts Above the Break 3\"",                \""team_season\"",     \""R\""),"", ""\""own team's strictly-prior share of OWN attempts Above the Break 3\"",                \""team_season\"",     \""R\""""], [""DICT_VALUE"", ""experiments\\exploration\\E0_I0024_reb_ast_characterisation\\s02_build_frame.py"", 279, ""OWNMAP = {\""R06_own_atb3_share\"": \""T_own_atb3_share\"","", ""\""T_own_atb3_share\""""]]"
E0_I0024_reb_ast_characterisation,R07_own_miss_pg,2,IN_SCREEN,TUPLE_PAIR,experiments\exploration\E0_I0024_reb_ast_characterisation\s01_prereg.py,58,"(""R07_own_miss_pg"",           ""own team's strictly-prior mean MISSED field goals per game"",                       ""team_season"",     ""R""),","""own team's strictly-prior mean MISSED field goals per game"",                       ""team_season"",     ""R""","[[""TUPLE_PAIR"", ""experiments\\exploration\\E0_I0024_reb_ast_characterisation\\s01_prereg.py"", 58, ""(\""R07_own_miss_pg\"",           \""own team's strictly-prior mean MISSED field goals per game\"",                       \""team_season\"",     \""R\""),"", ""\""own team's strictly-prior mean MISSED field goals per game\"",                       \""team_season\"",     \""R\""""], [""DICT_VALUE"", ""experiments\\exploration\\E0_I0024_reb_ast_characterisation\\s02_build_frame.py"", 280, ""\""R07_own_miss_pg\"": \""MT_own_miss_pg\""}"", ""\""MT_own_miss_pg\""""]]"
E0_I0024_reb_ast_characterisation,R08_player_ra_share,3,IN_SCREEN,SUBSCRIPT_ASSIGN,experiments\exploration\E0_I0024_reb_ast_characterisation\s02_build_frame.py,307,"pl[""R08_player_ra_share""] = safe_div(prior_sum(pl, PK, ""p_ra""), prior_sum(pl, PK, ""p_att""))","safe_div(prior_sum(pl, PK, ""p_ra""), prior_sum(pl, PK, ""p_att""))","[[""SUBSCRIPT_ASSIGN"", ""experiments\\exploration\\E0_I0024_reb_ast_characterisation\\s02_build_frame.py"", 307, ""pl[\""R08_player_ra_share\""] = safe_div(prior_sum(pl, PK, \""p_ra\""), prior_sum(pl, PK, \""p_att\""))"", ""safe_div(prior_sum(pl, PK, \""p_ra\""), prior_sum(pl, PK, \""p_att\""))""], [""TUPLE_PAIR"", ""experiments\\exploration\\E0_I0024_reb_ast_characterisation\\s01_prereg.py"", 59, ""(\""R08_player_ra_share\"",       \""player's OWN strictly-prior share of own attempts from Restricted Area\"",           \""player_season\"",   \""R\""),"", ""\""player's OWN strictly-prior share of own attempts from Restricted Area\"",           \""player_season\"",   \""R\""""], [""TUPLE_PAIR"", ""experiments\\exploration\\E0_I0024_reb_ast_characterisation\\s02_build_frame.py"", 308, ""print(\""  %-30s coverage=%.4f\"" % (\""R08_player_ra_share\"", float(pl[\""R08_player_ra_share\""].notna().mean())))"", ""float(pl[\""R08_player_ra_share\""].notna(""]]"
E0_I0024_reb_ast_characterisation,R09_opp_allowed_paint_share,2,IN_SCREEN,TUPLE_PAIR,experiments\exploration\E0_I0024_reb_ast_characterisation\s01_prereg.py,60,"(""R09_opp_allowed_paint_share"",""opp team's strictly-prior share of ALLOWED attempts in the paint (RA + non-RA)"",  ""opp_team_season"", ""R""),","""opp team's strictly-prior share of ALLOWED attempts in the paint (RA + non-RA","[[""TUPLE_PAIR"", ""experiments\\exploration\\E0_I0024_reb_ast_characterisation\\s01_prereg.py"", 60, ""(\""R09_opp_allowed_paint_share\"",\""opp team's strictly-prior share of ALLOWED attempts in the paint (RA + non-RA)\"",  \""opp_team_season\"", \""R\""),"", ""\""opp team's strictly-prior share of ALLOWED attempts in the paint (RA + non-RA""], [""DICT_VALUE"", ""experiments\\exploration\\E0_I0024_reb_ast_characterisation\\s02_build_frame.py"", 277, ""\""R09_opp_allowed_paint_share\"": \""T_allow_paint_share\"","", ""\""T_allow_paint_share\""""]]"
E0_I0024_reb_ast_characterisation,R10_opp_allowed_oreb_pg,4,IN_SCREEN,TUPLE_PAIR,experiments\exploration\E0_I0024_reb_ast_characterisation\s01_prereg.py,61,"(""R10_opp_allowed_oreb_pg"",   ""opp team's strictly-prior mean OFFENSIVE rebounds ALLOWED per game (box) -- the ""","""opp team's strictly-prior mean OFFENSIVE rebounds ALLOWED per game (box","[[""TUPLE_PAIR"", ""experiments\\exploration\\E0_I0024_reb_ast_characterisation\\s01_prereg.py"", 61, ""(\""R10_opp_allowed_oreb_pg\"",   \""opp team's strictly-prior mean OFFENSIVE rebounds ALLOWED per game (box) -- the \"""", ""\""opp team's strictly-prior mean OFFENSIVE rebounds ALLOWED per game (box""], [""DICT_VALUE"", ""experiments\\exploration\\E0_I0024_reb_ast_characterisation\\s02_build_frame.py"", 278, ""\""R10_opp_allowed_oreb_pg\"": \""MT_allow_oreb_pg\""}"", ""\""MT_allow_oreb_pg\""""], [""MENTION"", ""experiments\\exploration\\E0_I0024_reb_ast_characterisation\\s01_prereg.py"", 117, ""for nm in [c for c in byfam[\""R\""] if c != \""R10_opp_allowed_oreb_pg\""]:"", """"], [""MENTION"", ""experiments\\exploration\\E0_I0024_reb_ast_characterisation\\s04_screen.py"", 63, ""cols.append(\""R10_opp_allowed_oreb_pg\"")"", """"]]"
E0_I0029_freethrow_hurdle,F01_prior_ftr,6,IN_SCREEN,SUBSCRIPT_ASSIGN,experiments\exploration\E0_I0029_freethrow_hurdle\s02_build_frame.py,319,"app[""F01_prior_ftr""] = safe_div(prior_sum(app, K, ""fta""), prior_sum(app, K, ""fga""))","safe_div(prior_sum(app, K, ""fta""), prior_sum(app, K, ""fga""))","[[""SUBSCRIPT_ASSIGN"", ""experiments\\exploration\\E0_I0029_freethrow_hurdle\\s02_build_frame.py"", 319, ""app[\""F01_prior_ftr\""] = safe_div(prior_sum(app, K, \""fta\""), prior_sum(app, K, \""fga\""))"", ""safe_div(prior_sum(app, K, \""fta\""), prior_sum(app, K, \""fga\""))""], [""MENTION"", ""experiments\\exploration\\E0_I0029_freethrow_hurdle\\s01_prereg.py"", 27, ""dict(name=\""F01_prior_ftr\"", family=\""F\"", level=\""player_season\"","", """"], [""MENTION"", ""experiments\\exploration\\E0_I0029_freethrow_hurdle\\s01_prereg.py"", 120, ""\""B_MATCHUP2\"": dict(cols=BASE_COLS[\""B_COMPLETE\""] + [\""F01_prior_ftr\"", \""M04_opp_allowed_ft_rate\""],"", """"], [""MENTION"", ""experiments\\exploration\\E0_I0029_freethrow_hurdle\\s02_build_frame.py"", 330, ""FCOLS = [\""F01_prior_ftr\"", \""F02_prior_fd_pm\"", \""F03_prior_ft_pct\"", \""F04_prior_paint_share\"","", """"], [""MENTION"", ""experiments\\exploration\\E0_I0029_freethrow_hurdle\\s02_build_frame.py"", 354, ""app[\""_c_F01\""] = prior_league_centre(app, \""F01_prior_ftr\"")"", """"], [""MENTION"", ""experiments\\exploration\\E0_I0029_freethrow_hurdle\\s02_build_frame.py"", 511, ""probe(\""P2  F01_prior_ftr == sum(fta)/sum(fga) prior\"", \""F01_prior_ftr\"","", """"]]"
E0_I0029_freethrow_hurdle,F02_prior_fd_pm,11,IN_SCREEN,SUBSCRIPT_ASSIGN,experiments\exploration\E0_I0029_freethrow_hurdle\s02_build_frame.py,320,"app[""F02_prior_fd_pm""] = safe_div(prior_sum(app, K, ""fouls_drawn""), prior_sum(app, K, ""minutes""))","safe_div(prior_sum(app, K, ""fouls_drawn""), prior_sum(app, K, ""minutes""))","[[""SUBSCRIPT_ASSIGN"", ""experiments\\exploration\\E0_I0029_freethrow_hurdle\\s02_build_frame.py"", 320, ""app[\""F02_prior_fd_pm\""] = safe_div(prior_sum(app, K, \""fouls_drawn\""), prior_sum(app, K, \""minutes\""))"", ""safe_div(prior_sum(app, K, \""fouls_drawn\""), prior_sum(app, K, \""minutes\""))""], [""TUPLE_PAIR"", ""experiments\\exploration\\E0_I0029_freethrow_hurdle\\s05b_report.py"", 107, ""(\""F02_prior_fd_pm\"", \""player_season\"", \""N_CYCLIC\""),"", ""\""player_season\"", \""N_CYCLIC\""""], [""TUPLE_PAIR"", ""experiments\\exploration\\E0_I0029_freethrow_hurdle\\s05b_report.py"", 108, ""(\""F02_prior_fd_pm\"", \""player_season\"", \""N_PSWAP\"")]"", ""\""player_season\"", \""N_PSWAP\""""], [""MENTION"", ""experiments\\exploration\\E0_I0029_freethrow_hurdle\\s01_prereg.py"", 30, ""dict(name=\""F02_prior_fd_pm\"", family=\""F\"", level=\""player_season\"","", """"], [""MENTION"", ""experiments\\exploration\\E0_I0029_freethrow_hurdle\\s01_prereg.py"", 117, ""\""B_MATCHUP\"": dict(cols=BASE_COLS[\""B_COMPLETE\""] + [\""F02_prior_fd_pm\"", \""M01_opp_pf_pg\""],"", """"], [""MENTION"", ""experiments\\exploration\\E0_I0029_freethrow_hurdle\\s02_build_frame.py"", 330, ""FCOLS = [\""F01_prior_ftr\"", \""F02_prior_fd_pm\"", \""F03_prior_ft_pct\"", \""F04_prior_paint_share\"","", """"], [""MENTION"", ""experiments\\exploration\\E0_I0029_freethrow_hurdle\\s02_build_frame.py"", 352, ""app[\""_c_F02\""] = prior_league_centre(app, \""F02_prior_fd_pm\"")"", """"], [""MENTION"", ""experiments\\exploration\\E0_I0029_freethrow_hurdle\\s02_build_frame.py"", 515, ""probe(\""P3  F02_prior_fd_pm == sum(fd)/sum(min) prior\"", \""F02_prior_fd_pm\"","", """"], [""MENTION"", ""experiments\\exploration\\E0_I0029_freethrow_hurdle\\s02_build_frame.py"", 548, ""_chk = _lg.groupby(\""season\"", sort=False)[\""F02_prior_fd_pm\""].transform("", """"], [""MENTION"", ""experiments\\exploration\\E0_I0029_freethrow_hurdle\\s02_build_frame.py"", 550, ""p6 = bool(np.nanmax(np.abs((app[\""F02_prior_fd_pm\""] - _chk) - app[\""_c_F02\""]).to_numpy(float)) < 1e-12)"", """"]]"
E0_I0029_freethrow_hurdle,F03_prior_ft_pct,7,IN_SCREEN,SUBSCRIPT_ASSIGN,experiments\exploration\E0_I0029_freethrow_hurdle\s02_build_frame.py,321,"app[""F03_prior_ft_pct""] = safe_div(prior_sum(app, K, ""ftm""), prior_sum(app, K, ""fta""))","safe_div(prior_sum(app, K, ""ftm""), prior_sum(app, K, ""fta""))","[[""SUBSCRIPT_ASSIGN"", ""experiments\\exploration\\E0_I0029_freethrow_hurdle\\s02_build_frame.py"", 321, ""app[\""F03_prior_ft_pct\""] = safe_div(prior_sum(app, K, \""ftm\""), prior_sum(app, K, \""fta\""))"", ""safe_div(prior_sum(app, K, \""ftm\""), prior_sum(app, K, \""fta\""))""], [""MENTION"", ""experiments\\exploration\\E0_I0029_freethrow_hurdle\\s01_prereg.py"", 33, ""dict(name=\""F03_prior_ft_pct\"", family=\""F\"", level=\""player_season\"","", """"], [""MENTION"", ""experiments\\exploration\\E0_I0029_freethrow_hurdle\\s02_build_frame.py"", 330, ""FCOLS = [\""F01_prior_ftr\"", \""F02_prior_fd_pm\"", \""F03_prior_ft_pct\"", \""F04_prior_paint_share\"","", """"], [""MENTION"", ""experiments\\exploration\\E0_I0029_freethrow_hurdle\\s04_stages.py"", 66, ""F[\""HON_C\""] = F[\""F03_prior_ft_pct\""].fillna(F[\""LG_C\""])"", """"], [""MENTION"", ""experiments\\exploration\\E0_I0029_freethrow_hurdle\\s04_stages.py"", 160, ""(\""C  FTM | FTA\"", \""y_ftm_given\"", \""F03_prior_ft_pct\"", cond.to_numpy()),"", """"], [""MENTION"", ""experiments\\exploration\\E0_I0029_freethrow_hurdle\\s04_stages.py"", 161, ""(\""C' FT% | FTA\"", \""ft_pct_given\"", \""F03_prior_ft_pct\"", cond.to_numpy())]:"", """"], [""MENTION"", ""experiments\\exploration\\E0_I0029_freethrow_hurdle\\s06_ceiling.py"", 59, ""F[\""HON_C\""] = F[\""F03_prior_ft_pct\""].fillna(F[\""LG_C\""])"", """"]]"
E0_I0029_freethrow_hurdle,F04_prior_paint_share,3,IN_SCREEN,SUBSCRIPT_ASSIGN,experiments\exploration\E0_I0029_freethrow_hurdle\s02_build_frame.py,322,"app[""F04_prior_paint_share""] = safe_div(prior_sum(app, K, ""_paint""), prior_sum(app, K, ""pts""))","safe_div(prior_sum(app, K, ""_paint""), prior_sum(app, K, ""pts""))","[[""SUBSCRIPT_ASSIGN"", ""experiments\\exploration\\E0_I0029_freethrow_hurdle\\s02_build_frame.py"", 322, ""app[\""F04_prior_paint_share\""] = safe_div(prior_sum(app, K, \""_paint\""), prior_sum(app, K, \""pts\""))"", ""safe_div(prior_sum(app, K, \""_paint\""), prior_sum(app, K, \""pts\""))""], [""MENTION"", ""experiments\\exploration\\E0_I0029_freethrow_hurdle\\s01_prereg.py"", 35, ""dict(name=\""F04_prior_paint_share\"", family=\""F\"", level=\""player_season\"","", """"], [""MENTION"", ""experiments\\exploration\\E0_I0029_freethrow_hurdle\\s02_build_frame.py"", 330, ""FCOLS = [\""F01_prior_ftr\"", \""F02_prior_fd_pm\"", \""F03_prior_ft_pct\"", \""F04_prior_paint_share\"","", """"]]"
E0_I0029_freethrow_hurdle,F05_prior_fga_pm,3,IN_SCREEN,SUBSCRIPT_ASSIGN,experiments\exploration\E0_I0029_freethrow_hurdle\s02_build_frame.py,323,"app[""F05_prior_fga_pm""] = safe_div(prior_sum(app, K, ""fga""), prior_sum(app, K, ""minutes""))","safe_div(prior_sum(app, K, ""fga""), prior_sum(app, K, ""minutes""))","[[""SUBSCRIPT_ASSIGN"", ""experiments\\exploration\\E0_I0029_freethrow_hurdle\\s02_build_frame.py"", 323, ""app[\""F05_prior_fga_pm\""] = safe_div(prior_sum(app, K, \""fga\""), prior_sum(app, K, \""minutes\""))"", ""safe_div(prior_sum(app, K, \""fga\""), prior_sum(app, K, \""minutes\""))""], [""MENTION"", ""experiments\\exploration\\E0_I0029_freethrow_hurdle\\s01_prereg.py"", 37, ""dict(name=\""F05_prior_fga_pm\"", family=\""F\"", level=\""player_season\"","", """"], [""MENTION"", ""experiments\\exploration\\E0_I0029_freethrow_hurdle\\s02_build_frame.py"", 331, ""\""F05_prior_fga_pm\"", \""F06_prior_fg3a_share\"", \""F07_prior_hurdle_rate\"","", """"]]"
E0_I0029_freethrow_hurdle,F06_prior_fg3a_share,3,IN_SCREEN,SUBSCRIPT_ASSIGN,experiments\exploration\E0_I0029_freethrow_hurdle\s02_build_frame.py,324,"app[""F06_prior_fg3a_share""] = safe_div(prior_sum(app, K, ""fg3a""), prior_sum(app, K, ""fga""))","safe_div(prior_sum(app, K, ""fg3a""), prior_sum(app, K, ""fga""))","[[""SUBSCRIPT_ASSIGN"", ""experiments\\exploration\\E0_I0029_freethrow_hurdle\\s02_build_frame.py"", 324, ""app[\""F06_prior_fg3a_share\""] = safe_div(prior_sum(app, K, \""fg3a\""), prior_sum(app, K, \""fga\""))"", ""safe_div(prior_sum(app, K, \""fg3a\""), prior_sum(app, K, \""fga\""))""], [""MENTION"", ""experiments\\exploration\\E0_I0029_freethrow_hurdle\\s01_prereg.py"", 39, ""dict(name=\""F06_prior_fg3a_share\"", family=\""F\"", level=\""player_season\"","", """"], [""MENTION"", ""experiments\\exploration\\E0_I0029_freethrow_hurdle\\s02_build_frame.py"", 331, ""\""F05_prior_fga_pm\"", \""F06_prior_fg3a_share\"", \""F07_prior_hurdle_rate\"","", """"]]"
E0_I0029_freethrow_hurdle,F09_prior_starter_rate,4,IN_SCREEN,SUBSCRIPT_ASSIGN,experiments\exploration\E0_I0029_freethrow_hurdle\s02_build_frame.py,326,"app[""F09_prior_starter_rate""] = prior_mean(app, K, ""starter_flag"")","prior_mean(app, K, ""starter_flag"")","[[""SUBSCRIPT_ASSIGN"", ""experiments\\exploration\\E0_I0029_freethrow_hurdle\\s02_build_frame.py"", 326, ""app[\""F09_prior_starter_rate\""] = prior_mean(app, K, \""starter_flag\"")"", ""prior_mean(app, K, \""starter_flag\"")""], [""MENTION"", ""experiments\\exploration\\E0_I0029_freethrow_hurdle\\s01_prereg.py"", 49, ""dict(name=\""F09_prior_starter_rate\"", family=\""F\"", level=\""player_season\"","", """"], [""MENTION"", ""experiments\\exploration\\E0_I0029_freethrow_hurdle\\s02_build_frame.py"", 332, ""\""F08_prior_fta_given\"", \""F09_prior_starter_rate\"", \""F10_prior_pf_pm\""]"", """"], [""MENTION"", ""experiments\\exploration\\E0_I0029_freethrow_hurdle\\s02_build_frame.py"", 519, ""probe(\""P4  F09_prior_starter_rate (TIP-TIME guard)\"", \""F09_prior_starter_rate\"","", """"]]"
E0_I0029_freethrow_hurdle,F10_prior_pf_pm,3,IN_SCREEN,SUBSCRIPT_ASSIGN,experiments\exploration\E0_I0029_freethrow_hurdle\s02_build_frame.py,327,"app[""F10_prior_pf_pm""] = safe_div(prior_sum(app, K, ""pf""), prior_sum(app, K, ""minutes""))","safe_div(prior_sum(app, K, ""pf""), prior_sum(app, K, ""minutes""))","[[""SUBSCRIPT_ASSIGN"", ""experiments\\exploration\\E0_I0029_freethrow_hurdle\\s02_build_frame.py"", 327, ""app[\""F10_prior_pf_pm\""] = safe_div(prior_sum(app, K, \""pf\""), prior_sum(app, K, \""minutes\""))"", ""safe_div(prior_sum(app, K, \""pf\""), prior_sum(app, K, \""minutes\""))""], [""MENTION"", ""experiments\\exploration\\E0_I0029_freethrow_hurdle\\s01_prereg.py"", 52, ""dict(name=\""F10_prior_pf_pm\"", family=\""F\"", level=\""player_season\"","", """"], [""MENTION"", ""experiments\\exploration\\E0_I0029_freethrow_hurdle\\s02_build_frame.py"", 332, ""\""F08_prior_fta_given\"", \""F09_prior_starter_rate\"", \""F10_prior_pf_pm\""]"", """"]]"
E0_I0029_freethrow_hurdle,M01_opp_pf_pg,7,IN_SCREEN,SUBSCRIPT_ASSIGN,experiments\exploration\E0_I0029_freethrow_hurdle\s02_build_frame.py,292,"tg[""M01_opp_pf_pg""] = prior_mean(tg, TK, ""t_pf"")","prior_mean(tg, TK, ""t_pf"")","[[""SUBSCRIPT_ASSIGN"", ""experiments\\exploration\\E0_I0029_freethrow_hurdle\\s02_build_frame.py"", 292, ""tg[\""M01_opp_pf_pg\""] = prior_mean(tg, TK, \""t_pf\"")"", ""prior_mean(tg, TK, \""t_pf\"")""], [""TUPLE_PAIR"", ""experiments\\exploration\\E0_I0029_freethrow_hurdle\\s05b_report.py"", 106, ""CARRIERS = [(\""M01_opp_pf_pg\"", \""opp_team_season\"", \""N_ENTITY\""),"", ""\""opp_team_season\"", \""N_ENTITY\""""], [""MENTION"", ""experiments\\exploration\\E0_I0029_freethrow_hurdle\\s01_prereg.py"", 57, ""dict(name=\""M01_opp_pf_pg\"", family=\""M\"", level=\""opp_team_season\"","", """"], [""MENTION"", ""experiments\\exploration\\E0_I0029_freethrow_hurdle\\s01_prereg.py"", 117, ""\""B_MATCHUP\"": dict(cols=BASE_COLS[\""B_COMPLETE\""] + [\""F02_prior_fd_pm\"", \""M01_opp_pf_pg\""],"", """"], [""MENTION"", ""experiments\\exploration\\E0_I0029_freethrow_hurdle\\s02_build_frame.py"", 302, ""MCOLS = [\""M01_opp_pf_pg\"", \""M02_opp_allowed_fta_pg\"", \""M03_opp_allowed_ftm_pg\"","", """"], [""MENTION"", ""experiments\\exploration\\E0_I0029_freethrow_hurdle\\s02_build_frame.py"", 353, ""app[\""_c_M01\""] = prior_league_centre(app, \""M01_opp_pf_pg\"")"", """"], [""MENTION"", ""experiments\\exploration\\E0_I0029_freethrow_hurdle\\s02_build_frame.py"", 538, ""probe(\""P5  M01_opp_pf_pg == opp prior mean team pf\"", \""M01_opp_pf_pg\"","", """"]]"
E0_I0029_freethrow_hurdle,M02_opp_allowed_fta_pg,12,IN_SCREEN,SUBSCRIPT_ASSIGN,experiments\exploration\E0_I0029_freethrow_hurdle\s02_build_frame.py,293,"tg[""M02_opp_allowed_fta_pg""] = prior_mean(tg, TK, ""a_fta"")","prior_mean(tg, TK, ""a_fta"")","[[""SUBSCRIPT_ASSIGN"", ""experiments\\exploration\\E0_I0029_freethrow_hurdle\\s02_build_frame.py"", 293, ""tg[\""M02_opp_allowed_fta_pg\""] = prior_mean(tg, TK, \""a_fta\"")"", ""prior_mean(tg, TK, \""a_fta\"")""], [""TUPLE_PAIR"", ""experiments\\exploration\\E0_I0029_freethrow_hurdle\\s06_ceiling.py"", 249, ""for cn, tag in [(\""M03_opp_allowed_ftm_pg\"", \""M03\""), (\""M02_opp_allowed_fta_pg\"", \""M02\"")]:"", ""\""M02\""""], [""DICT_VALUE"", ""experiments\\exploration\\E0_I0029_freethrow_hurdle\\s01_prereg.py"", 144, ""if b == \""B_COMPLETE_PLUS_M02\"" and c[\""name\""] == \""M02_opp_allowed_fta_pg\"":"", """"], [""DICT_VALUE"", ""experiments\\exploration\\E0_I0029_freethrow_hurdle\\s05_screen.py"", 141, ""if b == \""B_COMPLETE_PLUS_M02\"" and c == \""M02_opp_allowed_fta_pg\"":"", """"], [""MENTION"", ""experiments\\exploration\\E0_I0029_freethrow_hurdle\\s01_prereg.py"", 60, ""dict(name=\""M02_opp_allowed_fta_pg\"", family=\""M\"", level=\""opp_team_season\"","", """"], [""MENTION"", ""experiments\\exploration\\E0_I0029_freethrow_hurdle\\s01_prereg.py"", 112, ""\""B_COMPLETE_PLUS_M02\"": dict(cols=BASE_COLS[\""B_COMPLETE\""] + [\""M02_opp_allowed_fta_pg\""],"", """"], [""MENTION"", ""experiments\\exploration\\E0_I0029_freethrow_hurdle\\s02_build_frame.py"", 302, ""MCOLS = [\""M01_opp_pf_pg\"", \""M02_opp_allowed_fta_pg\"", \""M03_opp_allowed_ftm_pg\"","", """"], [""MENTION"", ""experiments\\exploration\\E0_I0029_freethrow_hurdle\\s02_build_frame.py"", 542, ""probe(\""P5b M02_opp_allowed_fta_pg == opp prior mean\"", \""M02_opp_allowed_fta_pg\"","", """"], [""MENTION"", ""experiments\\exploration\\E0_I0029_freethrow_hurdle\\s06_ceiling.py"", 192, ""for c in bcols + [\""FT_HONEST_COMPOSED\"", \""FT_HONEST_SIMPLE\"", \""M02_opp_allowed_fta_pg\"","", """"], [""MENTION"", ""experiments\\exploration\\E0_I0029_freethrow_hurdle\\s06_ceiling.py"", 201, ""([\""M02_opp_allowed_fta_pg\""], \""+ OPPONENT prior FTA-allowed per game\""),"", """"]]"
E0_I0029_freethrow_hurdle,M03_opp_allowed_ftm_pg,9,IN_SCREEN,SUBSCRIPT_ASSIGN,experiments\exploration\E0_I0029_freethrow_hurdle\s02_build_frame.py,294,"tg[""M03_opp_allowed_ftm_pg""] = prior_mean(tg, TK, ""a_ftm"")","prior_mean(tg, TK, ""a_ftm"")","[[""SUBSCRIPT_ASSIGN"", ""experiments\\exploration\\E0_I0029_freethrow_hurdle\\s02_build_frame.py"", 294, ""tg[\""M03_opp_allowed_ftm_pg\""] = prior_mean(tg, TK, \""a_ftm\"")"", ""prior_mean(tg, TK, \""a_ftm\"")""], [""TUPLE_PAIR"", ""experiments\\exploration\\E0_I0029_freethrow_hurdle\\s06_ceiling.py"", 249, ""for cn, tag in [(\""M03_opp_allowed_ftm_pg\"", \""M03\""), (\""M02_opp_allowed_fta_pg\"", \""M02\"")]:"", ""\""M03\""""], [""MENTION"", ""experiments\\exploration\\E0_I0029_freethrow_hurdle\\s01_prereg.py"", 64, ""dict(name=\""M03_opp_allowed_ftm_pg\"", family=\""M\"", level=\""opp_team_season\"","", """"], [""MENTION"", ""experiments\\exploration\\E0_I0029_freethrow_hurdle\\s02_build_frame.py"", 302, ""MCOLS = [\""M01_opp_pf_pg\"", \""M02_opp_allowed_fta_pg\"", \""M03_opp_allowed_ftm_pg\"","", """"], [""MENTION"", ""experiments\\exploration\\E0_I0029_freethrow_hurdle\\s06_ceiling.py"", 193, ""\""M03_opp_allowed_ftm_pg\""]:"", """"], [""MENTION"", ""experiments\\exploration\\E0_I0029_freethrow_hurdle\\s06_ceiling.py"", 200, ""([\""M03_opp_allowed_ftm_pg\""], \""+ OPPONENT prior FTM-allowed per game\""),"", """"], [""MENTION"", ""experiments\\exploration\\E0_I0029_freethrow_hurdle\\s06_ceiling.py"", 202, ""([\""M02_opp_allowed_fta_pg\"", \""M03_opp_allowed_ftm_pg\""],"", """"], [""MENTION"", ""experiments\\exploration\\E0_I0029_freethrow_hurdle\\s06_ceiling.py"", 204, ""([\""FT_HONEST_SIMPLE\"", \""M03_opp_allowed_ftm_pg\""],"", """"], [""MENTION"", ""experiments\\exploration\\E0_I0029_freethrow_hurdle\\s06_ceiling.py"", 244, ""for cc in bc + [\""y_pts\"", \""M03_opp_allowed_ftm_pg\"", \""M02_opp_allowed_fta_pg\""]:"", """"]]"
E0_I0029_freethrow_hurdle,M04_opp_allowed_ft_rate,5,IN_SCREEN,SUBSCRIPT_ASSIGN,experiments\exploration\E0_I0029_freethrow_hurdle\s02_build_frame.py,295,"tg[""M04_opp_allowed_ft_rate""] = safe_div(prior_sum(tg, TK, ""a_fta""), prior_sum(tg, TK, ""a_fga""))","safe_div(prior_sum(tg, TK, ""a_fta""), prior_sum(tg, TK, ""a_fga""))","[[""SUBSCRIPT_ASSIGN"", ""experiments\\exploration\\E0_I0029_freethrow_hurdle\\s02_build_frame.py"", 295, ""tg[\""M04_opp_allowed_ft_rate\""] = safe_div(prior_sum(tg, TK, \""a_fta\""), prior_sum(tg, TK, \""a_fga\""))"", ""safe_div(prior_sum(tg, TK, \""a_fta\""), prior_sum(tg, TK, \""a_fga\""))""], [""MENTION"", ""experiments\\exploration\\E0_I0029_freethrow_hurdle\\s01_prereg.py"", 66, ""dict(name=\""M04_opp_allowed_ft_rate\"", family=\""M\"", level=\""opp_team_season\"","", """"], [""MENTION"", ""experiments\\exploration\\E0_I0029_freethrow_hurdle\\s01_prereg.py"", 120, ""\""B_MATCHUP2\"": dict(cols=BASE_COLS[\""B_COMPLETE\""] + [\""F01_prior_ftr\"", \""M04_opp_allowed_ft_rate\""],"", """"], [""MENTION"", ""experiments\\exploration\\E0_I0029_freethrow_hurdle\\s02_build_frame.py"", 303, ""\""M04_opp_allowed_ft_rate\"", \""M05_opp_allowed_hurdle_rate\"", \""M06_opp_pace\"","", """"], [""MENTION"", ""experiments\\exploration\\E0_I0029_freethrow_hurdle\\s02_build_frame.py"", 355, ""app[\""_c_M04\""] = prior_league_centre(app, \""M04_opp_allowed_ft_rate\"")"", """"]]"
E0_I0029_freethrow_hurdle,M05_opp_allowed_hurdle_rate,3,IN_SCREEN,SUBSCRIPT_ASSIGN,experiments\exploration\E0_I0029_freethrow_hurdle\s02_build_frame.py,296,"tg[""M05_opp_allowed_hurdle_rate""] = safe_div(prior_sum(tg, TK, ""a_nany""),","safe_div(prior_sum(tg, TK, ""a_nany""),","[[""SUBSCRIPT_ASSIGN"", ""experiments\\exploration\\E0_I0029_freethrow_hurdle\\s02_build_frame.py"", 296, ""tg[\""M05_opp_allowed_hurdle_rate\""] = safe_div(prior_sum(tg, TK, \""a_nany\""),"", ""safe_div(prior_sum(tg, TK, \""a_nany\""),""], [""MENTION"", ""experiments\\exploration\\E0_I0029_freethrow_hurdle\\s01_prereg.py"", 69, ""dict(name=\""M05_opp_allowed_hurdle_rate\"", family=\""M\"", level=\""opp_team_season\"","", """"], [""MENTION"", ""experiments\\exploration\\E0_I0029_freethrow_hurdle\\s02_build_frame.py"", 303, ""\""M04_opp_allowed_ft_rate\"", \""M05_opp_allowed_hurdle_rate\"", \""M06_opp_pace\"","", """"]]"
E0_I0029_freethrow_hurdle,M06_opp_pace,3,IN_SCREEN,SUBSCRIPT_ASSIGN,experiments\exploration\E0_I0029_freethrow_hurdle\s02_build_frame.py,298,"tg[""M06_opp_pace""] = prior_mean(tg, TK, ""t_pace"")","prior_mean(tg, TK, ""t_pace"")","[[""SUBSCRIPT_ASSIGN"", ""experiments\\exploration\\E0_I0029_freethrow_hurdle\\s02_build_frame.py"", 298, ""tg[\""M06_opp_pace\""] = prior_mean(tg, TK, \""t_pace\"")"", ""prior_mean(tg, TK, \""t_pace\"")""], [""MENTION"", ""experiments\\exploration\\E0_I0029_freethrow_hurdle\\s01_prereg.py"", 72, ""dict(name=\""M06_opp_pace\"", family=\""M\"", level=\""opp_team_season\"","", """"], [""MENTION"", ""experiments\\exploration\\E0_I0029_freethrow_hurdle\\s02_build_frame.py"", 303, ""\""M04_opp_allowed_ft_rate\"", \""M05_opp_allowed_hurdle_rate\"", \""M06_opp_pace\"","", """"]]"
E0_I0029_freethrow_hurdle,X01_fd_x_oppfoul,5,IN_SCREEN,SUBSCRIPT_ASSIGN,experiments\exploration\E0_I0029_freethrow_hurdle\s02_build_frame.py,356,"app[""X01_fd_x_oppfoul""] = app[""_c_F02""] * app[""_c_M01""]","app[""_c_F02""] * app[""_c_M01""]","[[""SUBSCRIPT_ASSIGN"", ""experiments\\exploration\\E0_I0029_freethrow_hurdle\\s02_build_frame.py"", 356, ""app[\""X01_fd_x_oppfoul\""] = app[\""_c_F02\""] * app[\""_c_M01\""]"", ""app[\""_c_F02\""] * app[\""_c_M01\""]""], [""MENTION"", ""experiments\\exploration\\E0_I0029_freethrow_hurdle\\s01_prereg.py"", 78, ""dict(name=\""X01_fd_x_oppfoul\"", family=\""X\"", level=\""opp_team_season\"","", """"], [""MENTION"", ""experiments\\exploration\\E0_I0029_freethrow_hurdle\\s01_prereg.py"", 128, ""return [\""B_COMPLETE\"", \""B_MATCHUP\"" if c[\""name\""] == \""X01_fd_x_oppfoul\"" else \""B_MATCHUP2\""]"", """"], [""MENTION"", ""experiments\\exploration\\E0_I0029_freethrow_hurdle\\s02_build_frame.py"", 358, ""print(\""  X01 non-null %.4f  sd %.6f\"" % (app[\""X01_fd_x_oppfoul\""].notna().mean(),"", """"], [""MENTION"", ""experiments\\exploration\\E0_I0029_freethrow_hurdle\\s02_build_frame.py"", 359, ""app[\""X01_fd_x_oppfoul\""].std()))"", """"]]"
E0_I0029_freethrow_hurdle,X02_ftr_x_oppftrate,4,IN_SCREEN,SUBSCRIPT_ASSIGN,experiments\exploration\E0_I0029_freethrow_hurdle\s02_build_frame.py,357,"app[""X02_ftr_x_oppftrate""] = app[""_c_F01""] * app[""_c_M04""]","app[""_c_F01""] * app[""_c_M04""]","[[""SUBSCRIPT_ASSIGN"", ""experiments\\exploration\\E0_I0029_freethrow_hurdle\\s02_build_frame.py"", 357, ""app[\""X02_ftr_x_oppftrate\""] = app[\""_c_F01\""] * app[\""_c_M04\""]"", ""app[\""_c_F01\""] * app[\""_c_M04\""]""], [""MENTION"", ""experiments\\exploration\\E0_I0029_freethrow_hurdle\\s01_prereg.py"", 82, ""dict(name=\""X02_ftr_x_oppftrate\"", family=\""X\"", level=\""opp_team_season\"","", """"], [""MENTION"", ""experiments\\exploration\\E0_I0029_freethrow_hurdle\\s02_build_frame.py"", 360, ""print(\""  X02 non-null %.4f  sd %.6f\"" % (app[\""X02_ftr_x_oppftrate\""].notna().mean(),"", """"], [""MENTION"", ""experiments\\exploration\\E0_I0029_freethrow_hurdle\\s02_build_frame.py"", 361, ""app[\""X02_ftr_x_oppftrate\""].std()))"", """"]]"
E0_I0029_freethrow_hurdle,G01_noise,7,IN_SCREEN,SUBSCRIPT_ASSIGN,experiments\exploration\E0_I0029_freethrow_hurdle\s02_build_frame.py,375,"app[""G01_noise""] = rng.normal(size=len(app))",rng.normal(size=len(app)),"[[""SUBSCRIPT_ASSIGN"", ""experiments\\exploration\\E0_I0029_freethrow_hurdle\\s02_build_frame.py"", 375, ""app[\""G01_noise\""] = rng.normal(size=len(app))"", ""rng.normal(size=len(app))""], [""MENTION"", ""experiments\\exploration\\E0_I0029_freethrow_hurdle\\s01_prereg.py"", 87, ""dict(name=\""G01_noise\"", family=\""G\"", level=\""row\"","", """"], [""MENTION"", ""experiments\\exploration\\E0_I0029_freethrow_hurdle\\s05b_report.py"", 58, ""for c in [\""G01_noise\"", \""G02_placebo_noop\"", \""G03_placebo_perturbed\""]:"", """"], [""MENTION"", ""experiments\\exploration\\E0_I0029_freethrow_hurdle\\s05b_report.py"", 66, ""noise = R[R[\""candidate\""] == \""G01_noise\""]"", """"], [""MENTION"", ""experiments\\exploration\\E0_I0029_freethrow_hurdle\\s06_ceiling.py"", 78, ""[\""FT_HONEST_COMPOSED\"", \""FT_HONEST_SIMPLE\"", \""FT_ORACLE_REALISED\"", \""G01_noise\"","", """"], [""MENTION"", ""experiments\\exploration\\E0_I0029_freethrow_hurdle\\s07_findings.py"", 118, ""best = cd[~cd[\""is_oracle\""] & (~cd[\""signal\""].isin([\""G01_noise\"", \""G02_placebo_noop\"","", """"], [""MENTION"", ""experiments\\exploration\\E0_I0029_freethrow_hurdle\\s07_findings.py"", 186, ""noise = R[R[\""candidate\""] == \""G01_noise\""]"", """"]]"
E0_I0029_freethrow_hurdle,G02_placebo_noop,9,IN_SCREEN,MENTION,experiments\exploration\E0_I0029_freethrow_hurdle\s01_prereg.py,90,"dict(name=""G02_placebo_noop"", family=""G"", level=""row"",",,"[[""MENTION"", ""experiments\\exploration\\E0_I0029_freethrow_hurdle\\s01_prereg.py"", 90, ""dict(name=\""G02_placebo_noop\"", family=\""G\"", level=\""row\"","", """"], [""MENTION"", ""experiments\\exploration\\E0_I0029_freethrow_hurdle\\s05b_report.py"", 58, ""for c in [\""G01_noise\"", \""G02_placebo_noop\"", \""G03_placebo_perturbed\""]:"", """"], [""MENTION"", ""experiments\\exploration\\E0_I0029_freethrow_hurdle\\s05b_report.py"", 64, ""floor = float(ctl[ctl[\""candidate\""] == \""G02_placebo_noop\""][\""nullsd_N_ROW\""].median())"", """"], [""MENTION"", ""experiments\\exploration\\E0_I0029_freethrow_hurdle\\s05b_report.py"", 65, ""noop = R[R[\""candidate\""] == \""G02_placebo_noop\""]"", """"], [""MENTION"", ""experiments\\exploration\\E0_I0029_freethrow_hurdle\\s05_screen.py"", 50, ""TARGET_SPECIFIC_CANDIDATES = {\""G02_placebo_noop\"", \""G03_placebo_perturbed\""}"", """"], [""MENTION"", ""experiments\\exploration\\E0_I0029_freethrow_hurdle\\s06_ceiling.py"", 79, ""\""G02_placebo_noop\"", \""G03_placebo_perturbed\""]"", """"], [""MENTION"", ""experiments\\exploration\\E0_I0029_freethrow_hurdle\\s06_ceiling.py"", 80, ""TARGET_SPECIFIC_CANDIDATES = {\""G02_placebo_noop\"", \""G03_placebo_perturbed\""}"", """"], [""MENTION"", ""experiments\\exploration\\E0_I0029_freethrow_hurdle\\s07_findings.py"", 118, ""best = cd[~cd[\""is_oracle\""] & (~cd[\""signal\""].isin([\""G01_noise\"", \""G02_placebo_noop\"","", """"], [""MENTION"", ""experiments\\exploration\\E0_I0029_freethrow_hurdle\\s07_findings.py"", 184, ""noop = R[R[\""candidate\""] == \""G02_placebo_noop\""]"", """"]]"
E0_I0029_freethrow_hurdle,G03_placebo_perturbed,8,IN_SCREEN,MENTION,experiments\exploration\E0_I0029_freethrow_hurdle\s01_prereg.py,96,"dict(name=""G03_placebo_perturbed"", family=""G"", level=""row"",",,"[[""MENTION"", ""experiments\\exploration\\E0_I0029_freethrow_hurdle\\s01_prereg.py"", 96, ""dict(name=\""G03_placebo_perturbed\"", family=\""G\"", level=\""row\"","", """"], [""MENTION"", ""experiments\\exploration\\E0_I0029_freethrow_hurdle\\s05b_report.py"", 58, ""for c in [\""G01_noise\"", \""G02_placebo_noop\"", \""G03_placebo_perturbed\""]:"", """"], [""MENTION"", ""experiments\\exploration\\E0_I0029_freethrow_hurdle\\s05b_report.py"", 80, ""pert = R[R[\""candidate\""] == \""G03_placebo_perturbed\""]"", """"], [""MENTION"", ""experiments\\exploration\\E0_I0029_freethrow_hurdle\\s05_screen.py"", 50, ""TARGET_SPECIFIC_CANDIDATES = {\""G02_placebo_noop\"", \""G03_placebo_perturbed\""}"", """"], [""MENTION"", ""experiments\\exploration\\E0_I0029_freethrow_hurdle\\s06_ceiling.py"", 79, ""\""G02_placebo_noop\"", \""G03_placebo_perturbed\""]"", """"], [""MENTION"", ""experiments\\exploration\\E0_I0029_freethrow_hurdle\\s06_ceiling.py"", 80, ""TARGET_SPECIFIC_CANDIDATES = {\""G02_placebo_noop\"", \""G03_placebo_perturbed\""}"", """"], [""MENTION"", ""experiments\\exploration\\E0_I0029_freethrow_hurdle\\s07_findings.py"", 119, ""\""G03_placebo_perturbed\""]))] \\"", """"], [""MENTION"", ""experiments\\exploration\\E0_I0029_freethrow_hurdle\\s07_findings.py"", 185, ""pert = R[R[\""candidate\""] == \""G03_placebo_perturbed\""]"", """"]]"
E0_I0029_freethrow_hurdle,F08_prior_fta_given,4,IN_SCREEN,SUBSCRIPT_ASSIGN,experiments\exploration\E0_I0029_freethrow_hurdle\s02_build_frame.py,329,"app[""F08_prior_fta_given""] = app[""ref_mean__y_fta_given""]","app[""ref_mean__y_fta_given""]","[[""SUBSCRIPT_ASSIGN"", ""experiments\\exploration\\E0_I0029_freethrow_hurdle\\s02_build_frame.py"", 329, ""app[\""F08_prior_fta_given\""] = app[\""ref_mean__y_fta_given\""]"", ""app[\""ref_mean__y_fta_given\""]""], [""MENTION"", ""experiments\\exploration\\E0_I0029_freethrow_hurdle\\s01_prereg.py"", 46, ""dict(name=\""F08_prior_fta_given\"", family=\""F\"", level=\""player_season\"","", """"], [""MENTION"", ""experiments\\exploration\\E0_I0029_freethrow_hurdle\\s02_build_frame.py"", 332, ""\""F08_prior_fta_given\"", \""F09_prior_starter_rate\"", \""F10_prior_pf_pm\""]"", """"], [""MENTION"", ""experiments\\exploration\\E0_I0029_freethrow_hurdle\\s05_screen.py"", 65, ""SEPARATE_ROWSET = {\""F08_prior_fta_given\""}      # needs a prior fta>0 game; own labelled row set"", """"]]"
E0_I0029_freethrow_hurdle,F07_prior_hurdle_rate,4,IN_SCREEN,SUBSCRIPT_ASSIGN,experiments\exploration\E0_I0029_freethrow_hurdle\s02_build_frame.py,325,"app[""F07_prior_hurdle_rate""] = prior_mean(app, K, ""y_any_fta"")","prior_mean(app, K, ""y_any_fta"")","[[""SUBSCRIPT_ASSIGN"", ""experiments\\exploration\\E0_I0029_freethrow_hurdle\\s02_build_frame.py"", 325, ""app[\""F07_prior_hurdle_rate\""] = prior_mean(app, K, \""y_any_fta\"")"", ""prior_mean(app, K, \""y_any_fta\"")""], [""DICT_VALUE"", ""experiments\\exploration\\E0_I0029_freethrow_hurdle\\s01_prereg.py"", 136, ""if c[\""name\""] == \""F07_prior_hurdle_rate\"":"", """"], [""MENTION"", ""experiments\\exploration\\E0_I0029_freethrow_hurdle\\s01_prereg.py"", 41, ""dict(name=\""F07_prior_hurdle_rate\"", family=\""F\"", level=\""player_season\"","", """"], [""MENTION"", ""experiments\\exploration\\E0_I0029_freethrow_hurdle\\s02_build_frame.py"", 331, ""\""F05_prior_fga_pm\"", \""F06_prior_fg3a_share\"", \""F07_prior_hurdle_rate\"","", """"]]"
E1_I0018_teammate_volume_channel,T01_c04_tiptime,34,IN_SCREEN,SUBSCRIPT_ASSIGN,experiments\exploration\E1_I0018_teammate_volume_channel\s01_build_frame.py,169,"pl[""T01_c04_tiptime""] = T01",T01,"[[""SUBSCRIPT_ASSIGN"", ""experiments\\exploration\\E1_I0018_teammate_volume_channel\\s01_build_frame.py"", 169, ""pl[\""T01_c04_tiptime\""] = T01"", ""T01""], [""TUPLE_PAIR"", ""experiments\\exploration\\E1_I0018_teammate_volume_channel\\s01_build_frame.py"", 300, ""for a, b, nm in [(\""T01_c04_tiptime\"", \""C04_teammate_usg_present\"", \""C04\""),"", ""\""C04_teammate_usg_present\"", \""C04\""""], [""MENTION"", ""experiments\\exploration\\E1_I0018_teammate_volume_channel\\s01_build_frame.py"", 26, ""TIP_TIME_COLS = [\""T01_c04_tiptime\"", \""T02_teamgame_present_usg\"", \""T03_absent_usg\"", \""T04_n_present\"","", """"], [""MENTION"", ""experiments\\exploration\\E1_I0018_teammate_volume_channel\\s01_build_frame.py"", 182, ""pl[\""N01_news_vs_prevgame\""] = pl[\""T01_c04_tiptime\""] - pl[\""P01_c04_prevgame\""]"", """"], [""MENTION"", ""experiments\\exploration\\E1_I0018_teammate_volume_channel\\s01_build_frame.py"", 183, ""pl[\""N02_news_vs_avail\""] = pl[\""T01_c04_tiptime\""] - pl[\""P02_c04_availweighted\""]"", """"], [""MENTION"", ""experiments\\exploration\\E1_I0018_teammate_volume_channel\\s01_build_frame.py"", 188, ""norm_team = pl.groupby([\""season\"", \""team_id\""], sort=False)[\""T01_c04_tiptime\""].transform("", """"], [""MENTION"", ""experiments\\exploration\\E1_I0018_teammate_volume_channel\\s01_build_frame.py"", 194, "".groupby([\""season\"", \""team_id\""], sort=False)[\""T01_c04_tiptime\""]"", """"], [""MENTION"", ""experiments\\exploration\\E1_I0018_teammate_volume_channel\\s01_build_frame.py"", 196, ""pl[\""_norm_player\""] = pl.groupby([\""season\"", \""player_id\""], sort=False)[\""T01_c04_tiptime\""].transform("", """"], [""MENTION"", ""experiments\\exploration\\E1_I0018_teammate_volume_channel\\s01_build_frame.py"", 198, ""dev_t = pl[\""T01_c04_tiptime\""] - pl[\""_norm_team\""]"", """"], [""MENTION"", ""experiments\\exploration\\E1_I0018_teammate_volume_channel\\s01_build_frame.py"", 199, ""dev_p = pl[\""T01_c04_tiptime\""] - pl[\""_norm_player\""]"", """"]]"
E1_I0018_teammate_volume_channel,T02_teamgame_present_usg,9,IN_SCREEN,SUBSCRIPT_ASSIGN,experiments\exploration\E1_I0018_teammate_volume_channel\s01_build_frame.py,170,"pl[""T02_teamgame_present_usg""] = T02",T02,"[[""SUBSCRIPT_ASSIGN"", ""experiments\\exploration\\E1_I0018_teammate_volume_channel\\s01_build_frame.py"", 170, ""pl[\""T02_teamgame_present_usg\""] = T02"", ""T02""], [""TUPLE_PAIR"", ""experiments\\exploration\\E1_I0018_teammate_volume_channel\\s07_findings.py"", 186, ""cellpair(\""T02_teamgame_present_usg\"", \""ppm\"", \""B_COMPLETE\"", \""DECISION\""),"", ""\""ppm\"", \""B_COMPLETE\"", \""DECISION\""""], [""MENTION"", ""experiments\\exploration\\E1_I0018_teammate_volume_channel\\s01_build_frame.py"", 26, ""TIP_TIME_COLS = [\""T01_c04_tiptime\"", \""T02_teamgame_present_usg\"", \""T03_absent_usg\"", \""T04_n_present\"","", """"], [""MENTION"", ""experiments\\exploration\\E1_I0018_teammate_volume_channel\\s01_build_frame.py"", 266, ""_m4 = np.isfinite(pl[\""T01_c04_tiptime\""]) & np.isfinite(pl[\""T02_teamgame_present_usg\""]) & np.isfinite(pl[\""O01_own_usg_pg\""])"", """"], [""MENTION"", ""experiments\\exploration\\E1_I0018_teammate_volume_channel\\s01_build_frame.py"", 269, ""- (pl.loc[_m4, \""T02_teamgame_present_usg\""]"", """"], [""MENTION"", ""experiments\\exploration\\E1_I0018_teammate_volume_channel\\s03_screen.py"", 69, ""TIP_TIME = {\""T01_c04_tiptime\"", \""T02_teamgame_present_usg\"", \""T03_absent_usg\"", \""T04_n_present\"","", """"], [""MENTION"", ""experiments\\exploration\\E1_I0018_teammate_volume_channel\\s03_screen.py"", 92, ""add([\""T02_teamgame_present_usg\"", \""O01_own_usg_pg\"", \""T03_absent_usg\"", \""T04_n_present\""],"", """"], [""MENTION"", ""experiments\\exploration\\E1_I0018_teammate_volume_channel\\s03_screen.py"", 283, ""for cand in [\""T01_c04_tiptime\"", \""T02_teamgame_present_usg\"", \""O01_own_usg_pg\"","", """"], [""MENTION"", ""experiments\\exploration\\E1_I0018_teammate_volume_channel\\s05_walkforward_and_mechanism.py"", 163, ""for cand in [\""T01_c04_tiptime\"", \""T02_teamgame_present_usg\"", \""T03_absent_usg\"","", """"]]"
E1_I0018_teammate_volume_channel,O01_own_usg_pg,9,IN_SCREEN,SUBSCRIPT_ASSIGN,experiments\exploration\E1_I0018_teammate_volume_channel\s01_build_frame.py,173,"pl[""O01_own_usg_pg""] = O01",O01,"[[""SUBSCRIPT_ASSIGN"", ""experiments\\exploration\\E1_I0018_teammate_volume_channel\\s01_build_frame.py"", 173, ""pl[\""O01_own_usg_pg\""] = O01"", ""O01""], [""TUPLE_PAIR"", ""experiments\\exploration\\E1_I0018_teammate_volume_channel\\s07_findings.py"", 188, ""cellpair(\""O01_own_usg_pg\"", \""ppm\"", \""B_SINGLE\"", \""POOLED\""),"", ""\""ppm\"", \""B_SINGLE\"", \""POOLED\""""], [""TUPLE_PAIR"", ""experiments\\exploration\\E1_I0018_teammate_volume_channel\\s07_findings.py"", 190, ""cellpair(\""O01_own_usg_pg\"", \""ppm\"", \""B_COMPLETE\"", \""POOLED\""),"", ""\""ppm\"", \""B_COMPLETE\"", \""POOLED\""""], [""TUPLE_PAIR"", ""experiments\\exploration\\E1_I0018_teammate_volume_channel\\s07_findings.py"", 192, ""cellpair(\""O01_own_usg_pg\"", \""ppm\"", \""B_COMPLETE\"", \""DECISION\"")},"", ""\""ppm\"", \""B_COMPLETE\"", \""DECISION\""""], [""MENTION"", ""experiments\\exploration\\E1_I0018_teammate_volume_channel\\s01_build_frame.py"", 29, ""PRIOR_ONLY_COLS = [\""O01_own_usg_pg\"", \""P01_c04_prevgame\"", \""P02_c04_availweighted\"","", """"], [""MENTION"", ""experiments\\exploration\\E1_I0018_teammate_volume_channel\\s01_build_frame.py"", 266, ""_m4 = np.isfinite(pl[\""T01_c04_tiptime\""]) & np.isfinite(pl[\""T02_teamgame_present_usg\""]) & np.isfinite(pl[\""O01_own_usg_pg\""])"", """"], [""MENTION"", ""experiments\\exploration\\E1_I0018_teammate_volume_channel\\s01_build_frame.py"", 270, ""- pl.loc[_m4, \""O01_own_usg_pg\""])))))"", """"], [""MENTION"", ""experiments\\exploration\\E1_I0018_teammate_volume_channel\\s03_screen.py"", 92, ""add([\""T02_teamgame_present_usg\"", \""O01_own_usg_pg\"", \""T03_absent_usg\"", \""T04_n_present\""],"", """"], [""MENTION"", ""experiments\\exploration\\E1_I0018_teammate_volume_channel\\s03_screen.py"", 283, ""for cand in [\""T01_c04_tiptime\"", \""T02_teamgame_present_usg\"", \""O01_own_usg_pg\"","", """"]]"
E1_I0018_teammate_volume_channel,T03_absent_usg,8,IN_SCREEN,SUBSCRIPT_ASSIGN,experiments\exploration\E1_I0018_teammate_volume_channel\s01_build_frame.py,171,"pl[""T03_absent_usg""] = T03",T03,"[[""SUBSCRIPT_ASSIGN"", ""experiments\\exploration\\E1_I0018_teammate_volume_channel\\s01_build_frame.py"", 171, ""pl[\""T03_absent_usg\""] = T03"", ""T03""], [""TUPLE_PAIR"", ""experiments\\exploration\\E1_I0018_teammate_volume_channel\\s01_build_frame.py"", 301, ""(\""T03_absent_usg\"", \""C08_vacated_usg\"", \""C08\""),"", ""\""C08_vacated_usg\"", \""C08\""""], [""MENTION"", ""experiments\\exploration\\E1_I0018_teammate_volume_channel\\s01_build_frame.py"", 26, ""TIP_TIME_COLS = [\""T01_c04_tiptime\"", \""T02_teamgame_present_usg\"", \""T03_absent_usg\"", \""T04_n_present\"","", """"], [""MENTION"", ""experiments\\exploration\\E1_I0018_teammate_volume_channel\\s01_build_frame.py"", 293, ""j = f[key + [\""T01_c04_tiptime\"", \""T03_absent_usg\"", \""y_ppm\"", \""y_ts\"", \""y_efg\"","", """"], [""MENTION"", ""experiments\\exploration\\E1_I0018_teammate_volume_channel\\s03_screen.py"", 69, ""TIP_TIME = {\""T01_c04_tiptime\"", \""T02_teamgame_present_usg\"", \""T03_absent_usg\"", \""T04_n_present\"","", """"], [""MENTION"", ""experiments\\exploration\\E1_I0018_teammate_volume_channel\\s03_screen.py"", 92, ""add([\""T02_teamgame_present_usg\"", \""O01_own_usg_pg\"", \""T03_absent_usg\"", \""T04_n_present\""],"", """"], [""MENTION"", ""experiments\\exploration\\E1_I0018_teammate_volume_channel\\s03_screen.py"", 284, ""\""T03_absent_usg\"", \""T04_n_present\""]:"", """"], [""MENTION"", ""experiments\\exploration\\E1_I0018_teammate_volume_channel\\s05_walkforward_and_mechanism.py"", 163, ""for cand in [\""T01_c04_tiptime\"", \""T02_teamgame_present_usg\"", \""T03_absent_usg\"","", """"]]"
E1_I0018_teammate_volume_channel,T04_n_present,5,IN_SCREEN,SUBSCRIPT_ASSIGN,experiments\exploration\E1_I0018_teammate_volume_channel\s01_build_frame.py,172,"pl[""T04_n_present""] = T04",T04,"[[""SUBSCRIPT_ASSIGN"", ""experiments\\exploration\\E1_I0018_teammate_volume_channel\\s01_build_frame.py"", 172, ""pl[\""T04_n_present\""] = T04"", ""T04""], [""MENTION"", ""experiments\\exploration\\E1_I0018_teammate_volume_channel\\s01_build_frame.py"", 26, ""TIP_TIME_COLS = [\""T01_c04_tiptime\"", \""T02_teamgame_present_usg\"", \""T03_absent_usg\"", \""T04_n_present\"","", """"], [""MENTION"", ""experiments\\exploration\\E1_I0018_teammate_volume_channel\\s03_screen.py"", 69, ""TIP_TIME = {\""T01_c04_tiptime\"", \""T02_teamgame_present_usg\"", \""T03_absent_usg\"", \""T04_n_present\"","", """"], [""MENTION"", ""experiments\\exploration\\E1_I0018_teammate_volume_channel\\s03_screen.py"", 92, ""add([\""T02_teamgame_present_usg\"", \""O01_own_usg_pg\"", \""T03_absent_usg\"", \""T04_n_present\""],"", """"], [""MENTION"", ""experiments\\exploration\\E1_I0018_teammate_volume_channel\\s03_screen.py"", 284, ""\""T03_absent_usg\"", \""T04_n_present\""]:"", """"]]"
E1_I0018_teammate_volume_channel,P01_c04_prevgame,16,IN_SCREEN,SUBSCRIPT_ASSIGN,experiments\exploration\E1_I0018_teammate_volume_channel\s01_build_frame.py,174,"pl[""P01_c04_prevgame""] = P01",P01,"[[""SUBSCRIPT_ASSIGN"", ""experiments\\exploration\\E1_I0018_teammate_volume_channel\\s01_build_frame.py"", 174, ""pl[\""P01_c04_prevgame\""] = P01"", ""P01""], [""DICT_VALUE"", ""experiments\\exploration\\E1_I0018_teammate_volume_channel\\s07_findings.py"", 230, ""\""P01_c04_prevgame\"": {"", ""{""], [""MENTION"", ""experiments\\exploration\\E1_I0018_teammate_volume_channel\\s01_build_frame.py"", 29, ""PRIOR_ONLY_COLS = [\""O01_own_usg_pg\"", \""P01_c04_prevgame\"", \""P02_c04_availweighted\"","", """"], [""MENTION"", ""experiments\\exploration\\E1_I0018_teammate_volume_channel\\s01_build_frame.py"", 182, ""pl[\""N01_news_vs_prevgame\""] = pl[\""T01_c04_tiptime\""] - pl[\""P01_c04_prevgame\""]"", """"], [""MENTION"", ""experiments\\exploration\\E1_I0018_teammate_volume_channel\\s03_screen.py"", 94, ""add([\""P01_c04_prevgame\"", \""P02_c04_availweighted\"", \""P03_c04_avail5\"", \""P04_absent_usg_prevgame\"","", """"], [""MENTION"", ""experiments\\exploration\\E1_I0018_teammate_volume_channel\\s04_points.py"", 49, ""CANDS = [\""T01_c04_tiptime\"", \""P01_c04_prevgame\"", \""P02_c04_availweighted\"", \""G01_noise\""]"", """"], [""MENTION"", ""experiments\\exploration\\E1_I0018_teammate_volume_channel\\s04_points.py"", 154, ""for cand in [\""T01_c04_tiptime\"", \""P01_c04_prevgame\""]:"", """"], [""MENTION"", ""experiments\\exploration\\E1_I0018_teammate_volume_channel\\s04_points.py"", 207, ""& (pts[\""candidate\""] == \""P01_c04_prevgame\"")]"", """"], [""MENTION"", ""experiments\\exploration\\E1_I0018_teammate_volume_channel\\s05_walkforward_and_mechanism.py"", 53, ""CANDS = [\""T01_c04_tiptime\"", \""P01_c04_prevgame\"", \""P02_c04_availweighted\"", \""G01_noise\""]"", """"], [""MENTION"", ""experiments\\exploration\\E1_I0018_teammate_volume_channel\\s05_walkforward_and_mechanism.py"", 164, ""\""P01_c04_prevgame\""]:"", """"]]"
E1_I0018_teammate_volume_channel,P02_c04_availweighted,9,IN_SCREEN,SUBSCRIPT_ASSIGN,experiments\exploration\E1_I0018_teammate_volume_channel\s01_build_frame.py,175,"pl[""P02_c04_availweighted""] = P02",P02,"[[""SUBSCRIPT_ASSIGN"", ""experiments\\exploration\\E1_I0018_teammate_volume_channel\\s01_build_frame.py"", 175, ""pl[\""P02_c04_availweighted\""] = P02"", ""P02""], [""DICT_VALUE"", ""experiments\\exploration\\E1_I0018_teammate_volume_channel\\s07_findings.py"", 237, ""\""P02_c04_availweighted\"": {"", ""{""], [""MENTION"", ""experiments\\exploration\\E1_I0018_teammate_volume_channel\\s01_build_frame.py"", 29, ""PRIOR_ONLY_COLS = [\""O01_own_usg_pg\"", \""P01_c04_prevgame\"", \""P02_c04_availweighted\"","", """"], [""MENTION"", ""experiments\\exploration\\E1_I0018_teammate_volume_channel\\s01_build_frame.py"", 183, ""pl[\""N02_news_vs_avail\""] = pl[\""T01_c04_tiptime\""] - pl[\""P02_c04_availweighted\""]"", """"], [""MENTION"", ""experiments\\exploration\\E1_I0018_teammate_volume_channel\\s03_screen.py"", 94, ""add([\""P01_c04_prevgame\"", \""P02_c04_availweighted\"", \""P03_c04_avail5\"", \""P04_absent_usg_prevgame\"","", """"], [""MENTION"", ""experiments\\exploration\\E1_I0018_teammate_volume_channel\\s04_points.py"", 49, ""CANDS = [\""T01_c04_tiptime\"", \""P01_c04_prevgame\"", \""P02_c04_availweighted\"", \""G01_noise\""]"", """"], [""MENTION"", ""experiments\\exploration\\E1_I0018_teammate_volume_channel\\s05_walkforward_and_mechanism.py"", 53, ""CANDS = [\""T01_c04_tiptime\"", \""P01_c04_prevgame\"", \""P02_c04_availweighted\"", \""G01_noise\""]"", """"], [""MENTION"", ""experiments\\exploration\\E1_I0018_teammate_volume_channel\\s07_findings.py"", 238, ""\""spm_POOLED_B_COMPLETE\"": cellpair(\""P02_c04_availweighted\"", \""spm\"", \""B_COMPLETE\"","", """"], [""MENTION"", ""experiments\\exploration\\E1_I0018_teammate_volume_channel\\s07_findings.py"", 240, ""\""ppm_DECISION_B_COMPLETE\"": cellpair(\""P02_c04_availweighted\"", \""ppm\"", \""B_COMPLETE\"","", """"]]"
E1_I0018_teammate_volume_channel,P03_c04_avail5,4,IN_SCREEN,SUBSCRIPT_ASSIGN,experiments\exploration\E1_I0018_teammate_volume_channel\s01_build_frame.py,176,"pl[""P03_c04_avail5""] = P03",P03,"[[""SUBSCRIPT_ASSIGN"", ""experiments\\exploration\\E1_I0018_teammate_volume_channel\\s01_build_frame.py"", 176, ""pl[\""P03_c04_avail5\""] = P03"", ""P03""], [""DICT_VALUE"", ""experiments\\exploration\\E1_I0018_teammate_volume_channel\\s07_findings.py"", 244, ""\""P03_c04_avail5\"": {\""ppm_DECISION_B_SINGLE\"": cellpair(\""P03_c04_avail5\"", \""ppm\"", \""B_SINGLE\"","", ""{\""ppm_DECISION_B_SINGLE\"": cellpair(\""P03_c04_avail5\""""], [""MENTION"", ""experiments\\exploration\\E1_I0018_teammate_volume_channel\\s01_build_frame.py"", 30, ""\""P03_c04_avail5\"", \""P04_absent_usg_prevgame\"", \""P05_n_present_prevgame\"","", """"], [""MENTION"", ""experiments\\exploration\\E1_I0018_teammate_volume_channel\\s03_screen.py"", 94, ""add([\""P01_c04_prevgame\"", \""P02_c04_availweighted\"", \""P03_c04_avail5\"", \""P04_absent_usg_prevgame\"","", """"]]"
E1_I0018_teammate_volume_channel,P04_absent_usg_prevgame,4,IN_SCREEN,SUBSCRIPT_ASSIGN,experiments\exploration\E1_I0018_teammate_volume_channel\s01_build_frame.py,177,"pl[""P04_absent_usg_prevgame""] = P04",P04,"[[""SUBSCRIPT_ASSIGN"", ""experiments\\exploration\\E1_I0018_teammate_volume_channel\\s01_build_frame.py"", 177, ""pl[\""P04_absent_usg_prevgame\""] = P04"", ""P04""], [""TUPLE_PAIR"", ""experiments\\exploration\\E1_I0018_teammate_volume_channel\\s07_findings.py"", 247, ""cellpair(\""P04_absent_usg_prevgame\"", \""ppm\"", \""B_SINGLE\"", \""POOLED\""),"", ""\""ppm\"", \""B_SINGLE\"", \""POOLED\""""], [""MENTION"", ""experiments\\exploration\\E1_I0018_teammate_volume_channel\\s01_build_frame.py"", 30, ""\""P03_c04_avail5\"", \""P04_absent_usg_prevgame\"", \""P05_n_present_prevgame\"","", """"], [""MENTION"", ""experiments\\exploration\\E1_I0018_teammate_volume_channel\\s03_screen.py"", 94, ""add([\""P01_c04_prevgame\"", \""P02_c04_availweighted\"", \""P03_c04_avail5\"", \""P04_absent_usg_prevgame\"","", """"]]"
E1_I0018_teammate_volume_channel,P05_n_present_prevgame,4,IN_SCREEN,SUBSCRIPT_ASSIGN,experiments\exploration\E1_I0018_teammate_volume_channel\s01_build_frame.py,178,"pl[""P05_n_present_prevgame""] = P05",P05,"[[""SUBSCRIPT_ASSIGN"", ""experiments\\exploration\\E1_I0018_teammate_volume_channel\\s01_build_frame.py"", 178, ""pl[\""P05_n_present_prevgame\""] = P05"", ""P05""], [""TUPLE_PAIR"", ""experiments\\exploration\\E1_I0018_teammate_volume_channel\\s07_findings.py"", 249, ""cellpair(\""P05_n_present_prevgame\"", \""ppm\"", \""B_SINGLE\"", \""POOLED\""),"", ""\""ppm\"", \""B_SINGLE\"", \""POOLED\""""], [""MENTION"", ""experiments\\exploration\\E1_I0018_teammate_volume_channel\\s01_build_frame.py"", 30, ""\""P03_c04_avail5\"", \""P04_absent_usg_prevgame\"", \""P05_n_present_prevgame\"","", """"], [""MENTION"", ""experiments\\exploration\\E1_I0018_teammate_volume_channel\\s03_screen.py"", 95, ""\""P05_n_present_prevgame\"", \""P06_c04_rotstab\""],"", """"]]"
E1_I0018_teammate_volume_channel,P06_c04_rotstab,4,IN_SCREEN,SUBSCRIPT_ASSIGN,experiments\exploration\E1_I0018_teammate_volume_channel\s01_build_frame.py,179,"pl[""P06_c04_rotstab""] = P06",P06,"[[""SUBSCRIPT_ASSIGN"", ""experiments\\exploration\\E1_I0018_teammate_volume_channel\\s01_build_frame.py"", 179, ""pl[\""P06_c04_rotstab\""] = P06"", ""P06""], [""TUPLE_PAIR"", ""experiments\\exploration\\E1_I0018_teammate_volume_channel\\s07_findings.py"", 251, ""cellpair(\""P06_c04_rotstab\"", \""ppm\"", \""B_COMPLETE\"", \""POOLED\"")},"", ""\""ppm\"", \""B_COMPLETE\"", \""POOLED\""""], [""MENTION"", ""experiments\\exploration\\E1_I0018_teammate_volume_channel\\s01_build_frame.py"", 31, ""\""P06_c04_rotstab\""]"", """"], [""MENTION"", ""experiments\\exploration\\E1_I0018_teammate_volume_channel\\s03_screen.py"", 95, ""\""P05_n_present_prevgame\"", \""P06_c04_rotstab\""],"", """"]]"
E1_I0018_teammate_volume_channel,N01_news_vs_prevgame,5,IN_SCREEN,SUBSCRIPT_ASSIGN,experiments\exploration\E1_I0018_teammate_volume_channel\s01_build_frame.py,182,"pl[""N01_news_vs_prevgame""] = pl[""T01_c04_tiptime""] - pl[""P01_c04_prevgame""]","pl[""T01_c04_tiptime""] - pl[""P01_c04_prevgame""]","[[""SUBSCRIPT_ASSIGN"", ""experiments\\exploration\\E1_I0018_teammate_volume_channel\\s01_build_frame.py"", 182, ""pl[\""N01_news_vs_prevgame\""] = pl[\""T01_c04_tiptime\""] - pl[\""P01_c04_prevgame\""]"", ""pl[\""T01_c04_tiptime\""] - pl[\""P01_c04_prevgame\""]""], [""TUPLE_PAIR"", ""experiments\\exploration\\E1_I0018_teammate_volume_channel\\s07_findings.py"", 258, ""cellpair(\""N01_news_vs_prevgame\"", \""spm\"", \""B_COMPLETE\"", \""DECISION\""),"", ""\""spm\"", \""B_COMPLETE\"", \""DECISION\""""], [""MENTION"", ""experiments\\exploration\\E1_I0018_teammate_volume_channel\\s01_build_frame.py"", 27, ""\""N01_news_vs_prevgame\"", \""N02_news_vs_avail\"","", """"], [""MENTION"", ""experiments\\exploration\\E1_I0018_teammate_volume_channel\\s03_screen.py"", 70, ""\""N01_news_vs_prevgame\"", \""N02_news_vs_avail\"","", """"], [""MENTION"", ""experiments\\exploration\\E1_I0018_teammate_volume_channel\\s03_screen.py"", 97, ""add([\""N01_news_vs_prevgame\"", \""N02_news_vs_avail\""],"", """"]]"
E1_I0018_teammate_volume_channel,N02_news_vs_avail,5,IN_SCREEN,SUBSCRIPT_ASSIGN,experiments\exploration\E1_I0018_teammate_volume_channel\s01_build_frame.py,183,"pl[""N02_news_vs_avail""] = pl[""T01_c04_tiptime""] - pl[""P02_c04_availweighted""]","pl[""T01_c04_tiptime""] - pl[""P02_c04_availweighted""]","[[""SUBSCRIPT_ASSIGN"", ""experiments\\exploration\\E1_I0018_teammate_volume_channel\\s01_build_frame.py"", 183, ""pl[\""N02_news_vs_avail\""] = pl[\""T01_c04_tiptime\""] - pl[\""P02_c04_availweighted\""]"", ""pl[\""T01_c04_tiptime\""] - pl[\""P02_c04_availweighted\""]""], [""TUPLE_PAIR"", ""experiments\\exploration\\E1_I0018_teammate_volume_channel\\s07_findings.py"", 256, ""cellpair(\""N02_news_vs_avail\"", \""spm\"", \""B_COMPLETE\"", \""DECISION\""),"", ""\""spm\"", \""B_COMPLETE\"", \""DECISION\""""], [""MENTION"", ""experiments\\exploration\\E1_I0018_teammate_volume_channel\\s01_build_frame.py"", 27, ""\""N01_news_vs_prevgame\"", \""N02_news_vs_avail\"","", """"], [""MENTION"", ""experiments\\exploration\\E1_I0018_teammate_volume_channel\\s03_screen.py"", 70, ""\""N01_news_vs_prevgame\"", \""N02_news_vs_avail\"","", """"], [""MENTION"", ""experiments\\exploration\\E1_I0018_teammate_volume_channel\\s03_screen.py"", 97, ""add([\""N01_news_vs_prevgame\"", \""N02_news_vs_avail\""],"", """"]]"
E1_I0018_teammate_volume_channel,M01_dev_pos,5,IN_SCREEN,SUBSCRIPT_ASSIGN,experiments\exploration\E1_I0018_teammate_volume_channel\s01_build_frame.py,200,"pl[""M01_dev_pos""] = dev_t.clip(lower=0)",dev_t.clip(lower=0),"[[""SUBSCRIPT_ASSIGN"", ""experiments\\exploration\\E1_I0018_teammate_volume_channel\\s01_build_frame.py"", 200, ""pl[\""M01_dev_pos\""] = dev_t.clip(lower=0)"", ""dev_t.clip(lower=0)""], [""MENTION"", ""experiments\\exploration\\E1_I0018_teammate_volume_channel\\s01_build_frame.py"", 28, ""\""M01_dev_pos\"", \""M02_dev_neg\"", \""M03_dev_pos_playernorm\"", \""M04_dev_neg_playernorm\""]"", """"], [""MENTION"", ""experiments\\exploration\\E1_I0018_teammate_volume_channel\\s03_screen.py"", 71, ""\""M01_dev_pos\"", \""M02_dev_neg\"", \""M03_dev_pos_playernorm\"", \""M04_dev_neg_playernorm\""}"", """"], [""MENTION"", ""experiments\\exploration\\E1_I0018_teammate_volume_channel\\s03_screen.py"", 99, ""add([\""M01_dev_pos\"", \""M02_dev_neg\"", \""M03_dev_pos_playernorm\"", \""M04_dev_neg_playernorm\""],"", """"], [""MENTION"", ""experiments\\exploration\\E1_I0018_teammate_volume_channel\\s05_walkforward_and_mechanism.py"", 200, ""for norm, poscol, negcol in [(\""team_norm\"", \""M01_dev_pos\"", \""M02_dev_neg\""),"", """"]]"
E1_I0018_teammate_volume_channel,M02_dev_neg,5,IN_SCREEN,SUBSCRIPT_ASSIGN,experiments\exploration\E1_I0018_teammate_volume_channel\s01_build_frame.py,201,"pl[""M02_dev_neg""] = dev_t.clip(upper=0)",dev_t.clip(upper=0),"[[""SUBSCRIPT_ASSIGN"", ""experiments\\exploration\\E1_I0018_teammate_volume_channel\\s01_build_frame.py"", 201, ""pl[\""M02_dev_neg\""] = dev_t.clip(upper=0)"", ""dev_t.clip(upper=0)""], [""MENTION"", ""experiments\\exploration\\E1_I0018_teammate_volume_channel\\s01_build_frame.py"", 28, ""\""M01_dev_pos\"", \""M02_dev_neg\"", \""M03_dev_pos_playernorm\"", \""M04_dev_neg_playernorm\""]"", """"], [""MENTION"", ""experiments\\exploration\\E1_I0018_teammate_volume_channel\\s03_screen.py"", 71, ""\""M01_dev_pos\"", \""M02_dev_neg\"", \""M03_dev_pos_playernorm\"", \""M04_dev_neg_playernorm\""}"", """"], [""MENTION"", ""experiments\\exploration\\E1_I0018_teammate_volume_channel\\s03_screen.py"", 99, ""add([\""M01_dev_pos\"", \""M02_dev_neg\"", \""M03_dev_pos_playernorm\"", \""M04_dev_neg_playernorm\""],"", """"], [""MENTION"", ""experiments\\exploration\\E1_I0018_teammate_volume_channel\\s05_walkforward_and_mechanism.py"", 200, ""for norm, poscol, negcol in [(\""team_norm\"", \""M01_dev_pos\"", \""M02_dev_neg\""),"", """"]]"
E1_I0018_teammate_volume_channel,M03_dev_pos_playernorm,6,IN_SCREEN,SUBSCRIPT_ASSIGN,experiments\exploration\E1_I0018_teammate_volume_channel\s01_build_frame.py,202,"pl[""M03_dev_pos_playernorm""] = dev_p.clip(lower=0)",dev_p.clip(lower=0),"[[""SUBSCRIPT_ASSIGN"", ""experiments\\exploration\\E1_I0018_teammate_volume_channel\\s01_build_frame.py"", 202, ""pl[\""M03_dev_pos_playernorm\""] = dev_p.clip(lower=0)"", ""dev_p.clip(lower=0)""], [""MENTION"", ""experiments\\exploration\\E1_I0018_teammate_volume_channel\\s01_build_frame.py"", 28, ""\""M01_dev_pos\"", \""M02_dev_neg\"", \""M03_dev_pos_playernorm\"", \""M04_dev_neg_playernorm\""]"", """"], [""MENTION"", ""experiments\\exploration\\E1_I0018_teammate_volume_channel\\s03_screen.py"", 71, ""\""M01_dev_pos\"", \""M02_dev_neg\"", \""M03_dev_pos_playernorm\"", \""M04_dev_neg_playernorm\""}"", """"], [""MENTION"", ""experiments\\exploration\\E1_I0018_teammate_volume_channel\\s03_screen.py"", 99, ""add([\""M01_dev_pos\"", \""M02_dev_neg\"", \""M03_dev_pos_playernorm\"", \""M04_dev_neg_playernorm\""],"", """"], [""MENTION"", ""experiments\\exploration\\E1_I0018_teammate_volume_channel\\s05_walkforward_and_mechanism.py"", 201, ""(\""player_norm\"", \""M03_dev_pos_playernorm\"","", """"], [""MENTION"", ""experiments\\exploration\\E1_I0018_teammate_volume_channel\\s07_findings.py"", 399, ""\""declared_additions\"": [\""M03_dev_pos_playernorm\"", \""M04_dev_neg_playernorm\""],"", """"]]"
E1_I0018_teammate_volume_channel,M04_dev_neg_playernorm,6,IN_SCREEN,SUBSCRIPT_ASSIGN,experiments\exploration\E1_I0018_teammate_volume_channel\s01_build_frame.py,203,"pl[""M04_dev_neg_playernorm""] = dev_p.clip(upper=0)",dev_p.clip(upper=0),"[[""SUBSCRIPT_ASSIGN"", ""experiments\\exploration\\E1_I0018_teammate_volume_channel\\s01_build_frame.py"", 203, ""pl[\""M04_dev_neg_playernorm\""] = dev_p.clip(upper=0)"", ""dev_p.clip(upper=0)""], [""MENTION"", ""experiments\\exploration\\E1_I0018_teammate_volume_channel\\s01_build_frame.py"", 28, ""\""M01_dev_pos\"", \""M02_dev_neg\"", \""M03_dev_pos_playernorm\"", \""M04_dev_neg_playernorm\""]"", """"], [""MENTION"", ""experiments\\exploration\\E1_I0018_teammate_volume_channel\\s03_screen.py"", 71, ""\""M01_dev_pos\"", \""M02_dev_neg\"", \""M03_dev_pos_playernorm\"", \""M04_dev_neg_playernorm\""}"", """"], [""MENTION"", ""experiments\\exploration\\E1_I0018_teammate_volume_channel\\s03_screen.py"", 99, ""add([\""M01_dev_pos\"", \""M02_dev_neg\"", \""M03_dev_pos_playernorm\"", \""M04_dev_neg_playernorm\""],"", """"], [""MENTION"", ""experiments\\exploration\\E1_I0018_teammate_volume_channel\\s05_walkforward_and_mechanism.py"", 202, ""\""M04_dev_neg_playernorm\"")]:"", """"], [""MENTION"", ""experiments\\exploration\\E1_I0018_teammate_volume_channel\\s07_findings.py"", 399, ""\""declared_additions\"": [\""M03_dev_pos_playernorm\"", \""M04_dev_neg_playernorm\""],"", """"]]"
E1_I0018_teammate_volume_channel,G01_noise,6,IN_SCREEN,SUBSCRIPT_ASSIGN,experiments\exploration\E1_I0018_teammate_volume_channel\s01_build_frame.py,207,"pl[""G01_noise""] = rng.standard_normal(len(pl))",rng.standard_normal(len(pl)),"[[""SUBSCRIPT_ASSIGN"", ""experiments\\exploration\\E1_I0018_teammate_volume_channel\\s01_build_frame.py"", 207, ""pl[\""G01_noise\""] = rng.standard_normal(len(pl))"", ""rng.standard_normal(len(pl))""], [""MENTION"", ""experiments\\exploration\\E1_I0018_teammate_volume_channel\\s03_screen.py"", 101, ""add([\""G01_noise\""], [\""ppm\"", \""spm\""], [\""B_SINGLE\"", \""B_COMPLETE\""], BOTHS, \""F_negative_control\"")"", """"], [""MENTION"", ""experiments\\exploration\\E1_I0018_teammate_volume_channel\\s03_screen.py"", 249, ""print(res[res[\""candidate\""] == \""G01_noise\""]["", """"], [""MENTION"", ""experiments\\exploration\\E1_I0018_teammate_volume_channel\\s04_points.py"", 49, ""CANDS = [\""T01_c04_tiptime\"", \""P01_c04_prevgame\"", \""P02_c04_availweighted\"", \""G01_noise\""]"", """"], [""MENTION"", ""experiments\\exploration\\E1_I0018_teammate_volume_channel\\s05_walkforward_and_mechanism.py"", 53, ""CANDS = [\""T01_c04_tiptime\"", \""P01_c04_prevgame\"", \""P02_c04_availweighted\"", \""G01_noise\""]"", """"], [""MENTION"", ""experiments\\exploration\\E1_I0018_teammate_volume_channel\\s07_findings.py"", 380, ""\""cells\"": json.loads(res[res.candidate == \""G01_noise\""]["", """"]]"
E1_I0023_usage_defence_interaction,A10_opp_defrtg,88,WORKTREE,SUBSCRIPT_ASSIGN,experiments\exploration\E0_I0016_efficiency_predictors\s01_build_frame.py,98,"tprior[""A10_opp_defrtg""] = 100.0 * safe_div(PS[""opp_pts""], PS[""opp_poss""])","100.0 * safe_div(PS[""opp_pts""], PS[""opp_poss""])","[[""SUBSCRIPT_ASSIGN"", ""experiments\\exploration\\E0_I0016_efficiency_predictors\\s01_build_frame.py"", 98, ""tprior[\""A10_opp_defrtg\""] = 100.0 * safe_div(PS[\""opp_pts\""], PS[\""opp_poss\""])"", ""100.0 * safe_div(PS[\""opp_pts\""], PS[\""opp_poss\""])""], [""TUPLE_PAIR"", ""experiments\\exploration\\E1_I0032_aggregate_stack\\scripts\\s06_build.py"", 127, ""(\""A10_opp_defrtg\"", \""DEF\""), (\""is_home\"", \""HOME\"")):"", ""\""DEF\""""], [""TUPLE_PAIR"", ""experiments\\exploration\\E1_I0043_opponent_defence\\scripts\\s02_stratum_and_ceiling.py"", 102, ""for dname, is_nc in [(\""A10_opp_defrtg\"", False), (\""G01_noise\"", True)]:"", ""False""], [""TUPLE_PAIR"", ""experiments\\exploration\\E1_I0043_opponent_defence\\scripts\\s03_effect_and_nulls.py"", 82, ""for cand, is_nc in [(\""A10_opp_defrtg\"", False), (\""G01_noise\"", True)]:"", ""False""], [""TUPLE_PAIR"", ""experiments\\exploration\\E1_I0043_opponent_defence\\scripts\\s04_ceiling_matched_and_controls.py"", 78, ""for cand, is_nc in [(\""A10_opp_defrtg\"", False), (\""G01_noise\"", True)]:"", ""False""], [""DICT_VALUE"", ""experiments\\exploration\\E1_I0032_aggregate_stack\\scripts\\s06_build.py"", 52, ""how=\""left\"").rename(columns={\""A10_opp_defrtg\"": \""_A10_playerjoin\""})"", ""\""_A10_playerjoin\""""], [""DICT_VALUE"", ""experiments\\exploration\\E1_I0043_opponent_defence\\scripts\\s04_ceiling_matched_and_controls.py"", 202, ""cellv.v = {\""A10_opp_defrtg\"": v[\""A10_opp_defrtg\""]}"", ""v[\""A10_opp_defrtg\""]""], [""DICT_VALUE"", ""experiments\\exploration\\E1_I0043_opponent_defence\\scripts\\s05_injection.py"", 87, ""cellv.v = {\""A10_opp_defrtg\"": x}"", ""x""], [""MENTION"", ""experiments\\exploration\\E0_I0016_efficiency_predictors\\ep_base.py"", 177, ""\""A08_opp_pf\"", \""A09_opp_stl\"", \""A10_opp_defrtg\"", \""A11_opp_fastbreak_allowed\"","", """"], [""MENTION"", ""experiments\\exploration\\E0_I0016_efficiency_predictors\\s02_screen_SUPERSEDED.py"", 40, ""\""A08_opp_pf\"", \""A09_opp_stl\"", \""A10_opp_defrtg\"", \""A11_opp_fastbreak_allowed\"","", """"]]"
E1_I0023_usage_defence_interaction,A01_opp_efg_allowed,21,WORKTREE,SUBSCRIPT_ASSIGN,experiments\exploration\E0_I0016_efficiency_predictors\s01_build_frame.py,89,"tprior[""A01_opp_efg_allowed""] = safe_div(PS[""opp_fgm""] + 0.5 * PS[""opp_fg3m""], PS[""opp_fga""])","safe_div(PS[""opp_fgm""] + 0.5 * PS[""opp_fg3m""], PS[""opp_fga""])","[[""SUBSCRIPT_ASSIGN"", ""experiments\\exploration\\E0_I0016_efficiency_predictors\\s01_build_frame.py"", 89, ""tprior[\""A01_opp_efg_allowed\""] = safe_div(PS[\""opp_fgm\""] + 0.5 * PS[\""opp_fg3m\""], PS[\""opp_fga\""])"", ""safe_div(PS[\""opp_fgm\""] + 0.5 * PS[\""opp_fg3m\""], PS[\""opp_fga\""])""], [""DICT_VALUE"", ""experiments\\exploration\\E1_I0043_opponent_defence\\scripts\\s07_findings.py"", 69, ""\""max_corr_with_candidate\"": {\""A02_opp_ts_allowed\"": 0.8289, \""A01_opp_efg_allowed\"": 0.8153}"", ""0.8153""], [""MENTION"", ""experiments\\exploration\\E0_I0016_efficiency_predictors\\ep_base.py"", 175, ""for _c in [\""A01_opp_efg_allowed\"", \""A02_opp_ts_allowed\"", \""A03_opp_paintpts_allowed\"", \""A04_opp_blk\"","", """"], [""MENTION"", ""experiments\\exploration\\E0_I0016_efficiency_predictors\\KIT_BUG_REPRO.py"", 63, ""\""candidate\"": [\""A01_opp_efg_allowed\"", \""B05_matchup_fouldraw\"", \""C07_pl_usage_rank\"", \""G01_noise\""],"", """"], [""MENTION"", ""experiments\\exploration\\E0_I0016_efficiency_predictors\\s02_screen.py"", 77, ""_x = f[\""A01_opp_efg_allowed\""].to_numpy(float)"", """"], [""MENTION"", ""experiments\\exploration\\E0_I0016_efficiency_predictors\\s02_screen.py"", 80, ""_sub = f.loc[_m, [\""A01_opp_efg_allowed\"", \""opp_team_id\"", \""season\"", \""game_id\"", \""game_date\""]].reset_index(drop=True)"", """"], [""MENTION"", ""experiments\\exploration\\E0_I0016_efficiency_predictors\\s02_screen.py"", 84, ""return _bf.dr2(pd.to_numeric(d[\""A01_opp_efg_allowed\""], errors=\""coerce\"").to_numpy(float))"", """"], [""MENTION"", ""experiments\\exploration\\E0_I0016_efficiency_predictors\\s02_screen_SUPERSEDED.py"", 38, ""for c in [\""A01_opp_efg_allowed\"", \""A02_opp_ts_allowed\"", \""A03_opp_paintpts_allowed\"", \""A04_opp_blk\"","", """"], [""MENTION"", ""experiments\\exploration\\E0_I0016_efficiency_predictors\\s02_screen_SUPERSEDED.py"", 79, ""_m = np.isfinite(_y) & np.isfinite(_r) & np.isfinite(f[\""A01_opp_efg_allowed\""].to_numpy(float))"", """"], [""MENTION"", ""experiments\\exploration\\E0_I0016_efficiency_predictors\\s02_screen_SUPERSEDED.py"", 81, ""_sub = f.loc[_m, [\""A01_opp_efg_allowed\""]].reset_index(drop=True)"", """"]]"
E1_I0023_usage_defence_interaction,A02_opp_ts_allowed,13,WORKTREE,SUBSCRIPT_ASSIGN,experiments\exploration\E0_I0016_efficiency_predictors\s01_build_frame.py,90,"tprior[""A02_opp_ts_allowed""] = safe_div(PS[""opp_pts""], 2.0 * (PS[""opp_fga""] + 0.44 * PS[""opp_fta""]))","safe_div(PS[""opp_pts""], 2.0 * (PS[""opp_fga""] + 0.44 * PS[""opp_fta""]))","[[""SUBSCRIPT_ASSIGN"", ""experiments\\exploration\\E0_I0016_efficiency_predictors\\s01_build_frame.py"", 90, ""tprior[\""A02_opp_ts_allowed\""] = safe_div(PS[\""opp_pts\""], 2.0 * (PS[\""opp_fga\""] + 0.44 * PS[\""opp_fta\""]))"", ""safe_div(PS[\""opp_pts\""], 2.0 * (PS[\""opp_fga\""] + 0.44 * PS[\""opp_fta\""]))""], [""DICT_VALUE"", ""experiments\\exploration\\E1_I0043_opponent_defence\\scripts\\s07_findings.py"", 69, ""\""max_corr_with_candidate\"": {\""A02_opp_ts_allowed\"": 0.8289, \""A01_opp_efg_allowed\"": 0.8153}"", ""0.8289""], [""MENTION"", ""experiments\\exploration\\E0_I0016_efficiency_predictors\\ep_base.py"", 175, ""for _c in [\""A01_opp_efg_allowed\"", \""A02_opp_ts_allowed\"", \""A03_opp_paintpts_allowed\"", \""A04_opp_blk\"","", """"], [""MENTION"", ""experiments\\exploration\\E0_I0016_efficiency_predictors\\s02_screen_SUPERSEDED.py"", 38, ""for c in [\""A01_opp_efg_allowed\"", \""A02_opp_ts_allowed\"", \""A03_opp_paintpts_allowed\"", \""A04_opp_blk\"","", """"], [""MENTION"", ""experiments\\exploration\\E1_I0021_heterogeneity_diagnostic\\s00_prereg.py"", 40, ""{\""id\"": \""R03_opp_ts_allowed\"", \""frame\"": \""D085_eff\"", \""x\"": \""A02_opp_ts_allowed\"","", """"], [""MENTION"", ""experiments\\exploration\\E1_I0021_heterogeneity_diagnostic\\s02_pooling.py"", 54, ""OPP_LEVEL_X = {\""A01_opp_efg_allowed\"", \""A02_opp_ts_allowed\"", \""A10_opp_defrtg\""}"", """"], [""MENTION"", ""experiments\\exploration\\E1_I0023_usage_defence_interaction\\s00_prereg.py"", 46, ""{\""id\"": \""A02_opp_ts_allowed\"", \""why\"": \""same D085 opponent-allowance family; D093 r +0.198\""},"", """"], [""MENTION"", ""experiments\\exploration\\E1_I0023_usage_defence_interaction\\s01_reproduce_d093.py"", 52, ""(\""R03_opp_ts_allowed\"", \""A02_opp_ts_allowed\"", False),"", """"], [""MENTION"", ""experiments\\exploration\\E1_I0023_usage_defence_interaction\\s01_reproduce_d093.py"", 81, ""cc_cols = [\""y_ppm_floor\"", \""refA_ppm_floor\"", \""A01_opp_efg_allowed\"", \""A02_opp_ts_allowed\"","", """"], [""MENTION"", ""experiments\\exploration\\E1_I0026_detection_floor\\scripts\\df_base.py"", 69, ""keep_b = [\""player_id\"", \""game_id\"", CARRIER_OPP, \""A01_opp_efg_allowed\"", \""A02_opp_ts_allowed\""]"", """"]]"
E1_I0023_usage_defence_interaction,G01_noise_tvframe,6,IN_SCREEN,RENAME_TO,experiments\exploration\E1_I0023_usage_defence_interaction\uid_base.py,131,"m = m.rename(columns={""G01_noise_tv"": ""G01_noise_tvframe""})",G01_noise_tv,"[[""RENAME_TO"", ""experiments\\exploration\\E1_I0023_usage_defence_interaction\\uid_base.py"", 131, ""m = m.rename(columns={\""G01_noise_tv\"": \""G01_noise_tvframe\""})"", ""G01_noise_tv""], [""MENTION"", ""experiments\\exploration\\E1_I0023_usage_defence_interaction\\s00_prereg.py"", 54, ""{\""id\"": \""NC2_usage_x_noise\"", \""usage\"": USAGE_MAIN, \""defence\"": \""G01_noise_tvframe\"","", """"], [""MENTION"", ""experiments\\exploration\\E1_I0023_usage_defence_interaction\\s01_reproduce_d093.py"", 57, ""(\""NC2_noise_tv_frame\"", \""G01_noise_tvframe\"", True),"", """"], [""MENTION"", ""experiments\\exploration\\E1_I0023_usage_defence_interaction\\s01_reproduce_d093.py"", 83, ""\""G01_noise_tvframe\""]"", """"], [""MENTION"", ""experiments\\exploration\\E1_I0023_usage_defence_interaction\\s03_arithmetic_ceiling.py"", 59, ""for dterm in [d[\""id\""] for d in pr.DEFENCE_TERMS] + [\""G01_noise_tvframe\""]:"", """"], [""MENTION"", ""experiments\\exploration\\E1_I0023_usage_defence_interaction\\s03_arithmetic_ceiling.py"", 127, ""is_negative_control=(dterm == \""G01_noise_tvframe\""),"", """"]]"
E0_I0015_points_skill_decomposition,pl_games_prior,90,WORKTREE,SUBSCRIPT_ASSIGN,experiments\exploration\E0_I0014_residual_heterogeneity\rh_base.py,171,"d[""pl_games_prior""] = d.groupby([""season"", ""player_id""], sort=False)[""_ap""].transform(","d.groupby([""season"", ""player_id""], sort=False)[""_ap""].transform(","[[""SUBSCRIPT_ASSIGN"", ""experiments\\exploration\\E0_I0014_residual_heterogeneity\\rh_base.py"", 171, ""d[\""pl_games_prior\""] = d.groupby([\""season\"", \""player_id\""], sort=False)[\""_ap\""].transform("", ""d.groupby([\""season\"", \""player_id\""], sort=False)[\""_ap\""].transform(""], [""SUBSCRIPT_ASSIGN"", ""experiments\\exploration\\E0_I0019_availability_forecast\\s02_build_candidates.py"", 144, ""H[\""pl_games_prior\""] = gs[\""y\""].transform(lambda x: x.shift(1).cumsum()).fillna(0.0)"", ""gs[\""y\""].transform(lambda x: x.shift(1).cumsum()).fillna(0.0)""], [""SUBSCRIPT_ASSIGN"", ""experiments\\exploration\\E1_I0020_coldstart_tiering\\s02b_diagnose.py"", 73, ""m = sub[\""pl_games_prior\""] == n"", ""= n""], [""SUBSCRIPT_ASSIGN"", ""experiments\\exploration\\E1_I0020_coldstart_tiering\\s02b_diagnose.py"", 102, ""m = w[\""pl_games_prior\""] == n"", ""= n""], [""SUBSCRIPT_ASSIGN"", ""experiments\\exploration\\E1_I0020_coldstart_tiering\\s02_taxonomy.py"", 275, ""zs = (w[\""pl_games_prior\""] == 0)"", ""= 0)""], [""SUBSCRIPT_ASSIGN"", ""experiments\\exploration\\E1_I0020_coldstart_tiering\\s03_placeholders.py"", 84, ""chk = (w[\""own_season_pts\""].isna() == (w[\""pl_games_prior\""] == 0))"", ""= 0))""], [""SUBSCRIPT_ASSIGN"", ""experiments\\exploration\\E1_I0020_coldstart_tiering\\s03_placeholders.py"", 107, ""m = (w[\""pl_games_prior\""] == n)"", ""= n)""], [""SUBSCRIPT_ASSIGN"", ""experiments\\exploration\\E1_I0020_coldstart_tiering\\s03_placeholders.py"", 219, ""\""  sub: 0 prior appearances\"": (w[\""pl_games_prior\""] == 0).to_numpy(),"", ""= 0).to_numpy(),""], [""SUBSCRIPT_ASSIGN"", ""experiments\\exploration\\E1_I0020_coldstart_tiering\\s04_decompose_and_crossover.py"", 36, ""\""sub_0_priors\"": (w[\""pl_games_prior\""] == 0).to_numpy(),"", ""= 0).to_numpy(),""], [""SUBSCRIPT_ASSIGN"", ""experiments\\exploration\\E1_I0020_coldstart_tiering\\s04_decompose_and_crossover.py"", 277, ""for lbl, m in [(\""zero_same_season\"", (w[\""pl_games_prior\""] == 0).to_numpy()),"", ""= 0).to_numpy()),""]]"
E0_I0015_points_skill_decomposition,pl_minutes_prior,19,WORKTREE,SUBSCRIPT_ASSIGN,experiments\exploration\E0_I0014_residual_heterogeneity\rh_base.py,173,"d[""pl_minutes_prior""] = d.groupby([""season"", ""player_id""], sort=False)[""_apmin""].transform(","d.groupby([""season"", ""player_id""], sort=False)[""_apmin""].transform(","[[""SUBSCRIPT_ASSIGN"", ""experiments\\exploration\\E0_I0014_residual_heterogeneity\\rh_base.py"", 173, ""d[\""pl_minutes_prior\""] = d.groupby([\""season\"", \""player_id\""], sort=False)[\""_apmin\""].transform("", ""d.groupby([\""season\"", \""player_id\""], sort=False)[\""_apmin\""].transform(""], [""SUBSCRIPT_ASSIGN"", ""experiments\\exploration\\E0_I0019_availability_forecast\\s02_build_candidates.py"", 151, ""H[\""pl_minutes_prior\""] = gs[\""box_minutes\""].transform(lambda x: x.shift(1).cumsum()).fillna(0.0)"", ""gs[\""box_minutes\""].transform(lambda x: x.shift(1).cumsum()).fillna(0.0)""], [""DICT_VALUE"", ""experiments\\exploration\\E1_I0020_coldstart_tiering\\s02_taxonomy.py"", 189, ""\""pl_minutes_prior\"": [(0, 1, \""0\""), (1, 25, \""1-24\""), (25, 60, \""25-59\""), (60, 120, \""60-119\""),"", ""[(0""], [""MENTION"", ""experiments\\exploration\\E0_I0014_residual_heterogeneity\\rh_base.py"", 211, ""(\""pl_games_prior\"", \""pl_minutes_prior\"", \""pl_career_games_prior\"","", """"], [""MENTION"", ""experiments\\exploration\\E0_I0014_residual_heterogeneity\\rh_base.py"", 217, ""\""pl_games_prior\"", \""pl_minutes_prior\"", \""pl_career_games_prior\"","", """"], [""MENTION"", ""experiments\\exploration\\E0_I0014_residual_heterogeneity\\s04_screen.py"", 32, ""\""pl_games_prior\"", \""pl_minutes_prior\"", \""pl_career_games_prior\"", \""pl_prior_season_games\"","", """"], [""MENTION"", ""experiments\\exploration\\E0_I0014_residual_heterogeneity\\s08_conditioning.py"", 48, ""\""pl_minutes_prior\"", \""pts__is_fallback\"", \""tm_five_tenure_prior\"","", """"], [""MENTION"", ""experiments\\exploration\\E0_I0015_points_skill_decomposition\\s03_mechanism_and_abstention.py"", 214, ""\""pl_games_prior\"", \""pl_minutes_prior\"", \""pl_career_games_prior\"", \""pl_prior_season_games\"","", """"], [""MENTION"", ""experiments\\exploration\\E0_I0019_availability_forecast\\s02_build_candidates.py"", 152, ""H[\""pl_min_per_opp_prior\""] = H[\""pl_minutes_prior\""] / H[\""pl_opps_prior\""].replace(0, np.nan)"", """"], [""MENTION"", ""experiments\\exploration\\E0_I0019_availability_forecast\\s02_build_candidates.py"", 331, ""\""pl_is_rookie_window\"", \""pl_minutes_prior\"", \""pl_min_per_opp_prior\""],"", """"]]"
E0_I0015_points_skill_decomposition,pl_career_games_prior,26,WORKTREE,SUBSCRIPT_ASSIGN,experiments\exploration\E0_I0014_residual_heterogeneity\rh_base.py,176,"d[""pl_career_games_prior""] = d.groupby([""player_id""], sort=False)[""_ap""].transform(","d.groupby([""player_id""], sort=False)[""_ap""].transform(","[[""SUBSCRIPT_ASSIGN"", ""experiments\\exploration\\E0_I0014_residual_heterogeneity\\rh_base.py"", 176, ""d[\""pl_career_games_prior\""] = d.groupby([\""player_id\""], sort=False)[\""_ap\""].transform("", ""d.groupby([\""player_id\""], sort=False)[\""_ap\""].transform(""], [""SUBSCRIPT_ASSIGN"", ""experiments\\exploration\\E0_I0019_availability_forecast\\s02_build_candidates.py"", 147, ""H[\""pl_career_games_prior\""] = gc[\""y\""].transform(lambda x: x.shift(1).cumsum()).fillna(0.0)"", ""gc[\""y\""].transform(lambda x: x.shift(1).cumsum()).fillna(0.0)""], [""SUBSCRIPT_ASSIGN"", ""experiments\\exploration\\E1_I0020_coldstart_tiering\\s02_taxonomy.py"", 274, ""zh = w[\""pl_career_games_prior\""] == 0"", ""= 0""], [""SUBSCRIPT_ASSIGN"", ""experiments\\exploration\\E1_I0020_coldstart_tiering\\s04_decompose_and_crossover.py"", 278, ""(\""zero_career\"", (w[\""pl_career_games_prior\""] == 0).to_numpy()),"", ""= 0).to_numpy()),""], [""DICT_VALUE"", ""experiments\\exploration\\E1_I0020_coldstart_tiering\\s02_taxonomy.py"", 186, ""\""pl_career_games_prior\"": [(0, 1, \""0\""), (1, 3, \""1-2\""), (3, 6, \""3-5\""), (6, 10, \""6-9\""),"", ""[(0""], [""MENTION"", ""experiments\\exploration\\E0_I0014_residual_heterogeneity\\rh_base.py"", 178, ""d[\""pl_prior_season_games\""] = d[\""pl_career_games_prior\""] - d[\""pl_games_prior\""]"", """"], [""MENTION"", ""experiments\\exploration\\E0_I0014_residual_heterogeneity\\rh_base.py"", 211, ""(\""pl_games_prior\"", \""pl_minutes_prior\"", \""pl_career_games_prior\"","", """"], [""MENTION"", ""experiments\\exploration\\E0_I0014_residual_heterogeneity\\rh_base.py"", 217, ""\""pl_games_prior\"", \""pl_minutes_prior\"", \""pl_career_games_prior\"","", """"], [""MENTION"", ""experiments\\exploration\\E0_I0014_residual_heterogeneity\\s04_screen.py"", 32, ""\""pl_games_prior\"", \""pl_minutes_prior\"", \""pl_career_games_prior\"", \""pl_prior_season_games\"","", """"], [""MENTION"", ""experiments\\exploration\\E0_I0015_points_skill_decomposition\\s03_mechanism_and_abstention.py"", 214, ""\""pl_games_prior\"", \""pl_minutes_prior\"", \""pl_career_games_prior\"", \""pl_prior_season_games\"","", """"]]"
E0_I0015_points_skill_decomposition,pl_prior_season_games,18,WORKTREE,SUBSCRIPT_ASSIGN,experiments\exploration\E0_I0014_residual_heterogeneity\rh_base.py,178,"d[""pl_prior_season_games""] = d[""pl_career_games_prior""] - d[""pl_games_prior""]","d[""pl_career_games_prior""] - d[""pl_games_prior""]","[[""SUBSCRIPT_ASSIGN"", ""experiments\\exploration\\E0_I0014_residual_heterogeneity\\rh_base.py"", 178, ""d[\""pl_prior_season_games\""] = d[\""pl_career_games_prior\""] - d[\""pl_games_prior\""]"", ""d[\""pl_career_games_prior\""] - d[\""pl_games_prior\""]""], [""SUBSCRIPT_ASSIGN"", ""experiments\\exploration\\E0_I0019_availability_forecast\\s02_build_candidates.py"", 149, ""H[\""pl_prior_season_games\""] = H[\""pl_career_games_prior\""] - H[\""pl_games_prior\""]"", ""H[\""pl_career_games_prior\""] - H[\""pl_games_prior\""]""], [""MENTION"", ""experiments\\exploration\\E0_I0014_residual_heterogeneity\\rh_base.py"", 179, ""d[\""pl_is_rookie_window\""] = (d[\""pl_prior_season_games\""] <= 0).astype(float)"", """"], [""MENTION"", ""experiments\\exploration\\E0_I0014_residual_heterogeneity\\rh_base.py"", 212, ""\""pl_prior_season_games\"", \""pl_is_rookie_window\"")]"", """"], [""MENTION"", ""experiments\\exploration\\E0_I0014_residual_heterogeneity\\rh_base.py"", 218, ""\""pl_prior_season_games\"", \""pl_is_rookie_window\""] + volcols"", """"], [""MENTION"", ""experiments\\exploration\\E0_I0014_residual_heterogeneity\\s04_screen.py"", 32, ""\""pl_games_prior\"", \""pl_minutes_prior\"", \""pl_career_games_prior\"", \""pl_prior_season_games\"","", """"], [""MENTION"", ""experiments\\exploration\\E0_I0015_points_skill_decomposition\\s03_mechanism_and_abstention.py"", 214, ""\""pl_games_prior\"", \""pl_minutes_prior\"", \""pl_career_games_prior\"", \""pl_prior_season_games\"","", """"], [""MENTION"", ""experiments\\exploration\\E0_I0019_availability_forecast\\s02_build_candidates.py"", 150, ""H[\""pl_is_rookie_window\""] = (H[\""pl_prior_season_games\""] <= 0).astype(float)"", """"], [""MENTION"", ""experiments\\exploration\\E0_I0019_availability_forecast\\s02_build_candidates.py"", 330, ""\""pl_prior_rate_career\"", \""pl_prior_season_games\"","", """"], [""MENTION"", ""experiments\\exploration\\E1_I0020_coldstart_tiering\\s06_findings.py"", 94, ""\""pl_prior_season_games\"", \""pl_is_rookie_window\"","", """"]]"
E0_I0015_points_skill_decomposition,pl_is_rookie_window,10,WORKTREE,SUBSCRIPT_ASSIGN,experiments\exploration\E0_I0014_residual_heterogeneity\rh_base.py,179,"d[""pl_is_rookie_window""] = (d[""pl_prior_season_games""] <= 0).astype(float)","(d[""pl_prior_season_games""] <= 0).astype(float)","[[""SUBSCRIPT_ASSIGN"", ""experiments\\exploration\\E0_I0014_residual_heterogeneity\\rh_base.py"", 179, ""d[\""pl_is_rookie_window\""] = (d[\""pl_prior_season_games\""] <= 0).astype(float)"", ""(d[\""pl_prior_season_games\""] <= 0).astype(float)""], [""SUBSCRIPT_ASSIGN"", ""experiments\\exploration\\E0_I0019_availability_forecast\\s02_build_candidates.py"", 150, ""H[\""pl_is_rookie_window\""] = (H[\""pl_prior_season_games\""] <= 0).astype(float)"", ""(H[\""pl_prior_season_games\""] <= 0).astype(float)""], [""MENTION"", ""experiments\\exploration\\E0_I0014_residual_heterogeneity\\rh_base.py"", 212, ""\""pl_prior_season_games\"", \""pl_is_rookie_window\"")]"", """"], [""MENTION"", ""experiments\\exploration\\E0_I0014_residual_heterogeneity\\rh_base.py"", 218, ""\""pl_prior_season_games\"", \""pl_is_rookie_window\""] + volcols"", """"], [""MENTION"", ""experiments\\exploration\\E0_I0014_residual_heterogeneity\\s04_screen.py"", 33, ""\""pl_is_rookie_window\"","", """"], [""MENTION"", ""experiments\\exploration\\E0_I0015_points_skill_decomposition\\s03_mechanism_and_abstention.py"", 215, ""\""pl_is_rookie_window\"", \""pl_min_sd5\"", \""pl_min_mean5\"", \""pl_fga_sd5\"", \""pl_fga_mean5\"","", """"], [""MENTION"", ""experiments\\exploration\\E0_I0019_availability_forecast\\s02_build_candidates.py"", 331, ""\""pl_is_rookie_window\"", \""pl_minutes_prior\"", \""pl_min_per_opp_prior\""],"", """"], [""MENTION"", ""experiments\\exploration\\E1_I0020_coldstart_tiering\\s06_findings.py"", 94, ""\""pl_prior_season_games\"", \""pl_is_rookie_window\"","", """"], [""MENTION"", ""experiments\\exploration\\E1_I0044_broken_nulls_and_composites\\scripts\\s02_diagnose.py"", 39, ""\""pl_prior_season_games\"", \""pl_is_rookie_window\"","", """"], [""MENTION"", ""experiments\\exploration\\E1_I0044_broken_nulls_and_composites\\scripts\\_rebuild_e14.py"", 24, ""\""pl_prior_season_games\"", \""pl_is_rookie_window\"","", """"]]"
E0_I0015_points_skill_decomposition,pl_min_sd5,15,WORKTREE,GENERATED[pl_%s_sd5],experiments\exploration\E0_I0014_residual_heterogeneity\rh_base.py,189,"app[""pl_%s_sd5"" % tag] = gg.transform(lambda x: x.shift(1).rolling(5, min_periods=3).std())","gg.transform(lambda x: x.shift(1).rolling(5, min_periods=3).std())","[[""GENERATED[pl_%s_sd5]"", ""experiments\\exploration\\E0_I0014_residual_heterogeneity\\rh_base.py"", 189, ""app[\""pl_%s_sd5\"" % tag] = gg.transform(lambda x: x.shift(1).rolling(5, min_periods=3).std())"", ""gg.transform(lambda x: x.shift(1).rolling(5, min_periods=3).std())""], [""GENERATED[pl_%s_sd5]"", ""experiments\\exploration\\E0_I0019_availability_forecast\\s02_build_candidates.py"", 225, ""app[\""pl_%s_sd5\"" % tag] = gv.transform(lambda x: x.shift(1).rolling(5, min_periods=3).std())"", ""gv.transform(lambda x: x.shift(1).rolling(5, min_periods=3).std())""], [""GENERATED[pl_%s_sd5]"", ""experiments\\exploration\\E1_I0044_broken_nulls_and_composites\\scripts\\s06_sites_v2.py"", 3, ""Many candidate columns are created with a format literal, e.g. `app[\""pl_%s_sd5\"" % tag] = ...`"", ""...`""], [""MENTION"", ""experiments\\exploration\\E0_I0014_residual_heterogeneity\\rh_base.py"", 191, ""app[\""pl_min_cv5\""] = app[\""pl_min_sd5\""] / app[\""pl_min_mean5\""].replace(0, np.nan)"", """"], [""MENTION"", ""experiments\\exploration\\E0_I0014_residual_heterogeneity\\s04_screen.py"", 37, ""\""pl_min_sd5\"", \""pl_min_cv5\"", \""pl_min_rng5\"", \""pl_fga_sd5\"", \""pl_pts_sd5\"", \""pl_usg_sd5\"","", """"], [""MENTION"", ""experiments\\exploration\\E0_I0014_residual_heterogeneity\\s05_abstention.py"", 96, ""for cand in [\""pl_min_cv5\"", \""pl_min_sd5\"", \""pl_pts_sd5\"", \""pl_start_switch5\"", \""pl_rest_days\"","", """"], [""MENTION"", ""experiments\\exploration\\E0_I0014_residual_heterogeneity\\s05_abstention.py"", 133, ""(\""min_sd5_minutes\"", \""pl_min_sd5\"", \""minutes\"", +1),"", """"], [""MENTION"", ""experiments\\exploration\\E0_I0015_points_skill_decomposition\\s03_mechanism_and_abstention.py"", 215, ""\""pl_is_rookie_window\"", \""pl_min_sd5\"", \""pl_min_mean5\"", \""pl_fga_sd5\"", \""pl_fga_mean5\"","", """"], [""MENTION"", ""experiments\\exploration\\E0_I0019_availability_forecast\\s02_build_candidates.py"", 226, ""app[\""pl_min_cv5\""] = app[\""pl_min_sd5\""] / app[\""pl_min_mean5\""].replace(0, np.nan)"", """"], [""MENTION"", ""experiments\\exploration\\E0_I0019_availability_forecast\\s02_build_candidates.py"", 232, ""ROLE = [\""pl_min_mean5\"", \""pl_min_sd5\"", \""pl_start_mean5\"", \""pl_usg_mean5\"", \""pl_min_cv5\"","", """"]]"
E0_I0015_points_skill_decomposition,pl_min_mean5,32,WORKTREE,GENERATED[pl_%s_mean5],experiments\exploration\E0_I0014_residual_heterogeneity\rh_base.py,190,"app[""pl_%s_mean5"" % tag] = gg.transform(lambda x: x.shift(1).rolling(5, min_periods=3).mean())","gg.transform(lambda x: x.shift(1).rolling(5, min_periods=3).mean())","[[""GENERATED[pl_%s_mean5]"", ""experiments\\exploration\\E0_I0014_residual_heterogeneity\\rh_base.py"", 190, ""app[\""pl_%s_mean5\"" % tag] = gg.transform(lambda x: x.shift(1).rolling(5, min_periods=3).mean())"", ""gg.transform(lambda x: x.shift(1).rolling(5, min_periods=3).mean())""], [""GENERATED[pl_%s_mean5]"", ""experiments\\exploration\\E0_I0019_availability_forecast\\s02_build_candidates.py"", 224, ""app[\""pl_%s_mean5\"" % tag] = gv.transform(lambda x: x.shift(1).rolling(5, min_periods=2).mean())"", ""gv.transform(lambda x: x.shift(1).rolling(5, min_periods=2).mean())""], [""TUPLE_PAIR"", ""experiments\\exploration\\E1_I0032_aggregate_stack\\scripts\\s06_build.py"", 125, ""for c, out_c in ((\""pl_games_prior\"", \""n_prior\""), (\""pl_min_mean5\"", \""min5\""),"", ""\""min5\""""], [""MENTION"", ""experiments\\exploration\\E0_I0014_residual_heterogeneity\\rh_base.py"", 191, ""app[\""pl_min_cv5\""] = app[\""pl_min_sd5\""] / app[\""pl_min_mean5\""].replace(0, np.nan)"", """"], [""MENTION"", ""experiments\\exploration\\E0_I0014_residual_heterogeneity\\s04_screen.py"", 35, ""\""pl_min_mean5\"", \""pl_fga_mean5\"", \""pl_pts_mean5\"", \""pl_usg_mean5\"", \""pl_start_frac5\"","", """"], [""MENTION"", ""experiments\\exploration\\E0_I0015_points_skill_decomposition\\s02_decompose_hybrid.py"", 239, ""STABLE = (f[\""pl_games_prior\""].to_numpy(float) >= 15) & (f[\""pl_min_mean5\""].to_numpy(float) >= 24)"", """"], [""MENTION"", ""experiments\\exploration\\E0_I0015_points_skill_decomposition\\s03_mechanism_and_abstention.py"", 159, ""STABLE = (f[\""pl_games_prior\""].to_numpy(float) >= 15) & (f[\""pl_min_mean5\""].to_numpy(float) >= 24)"", """"], [""MENTION"", ""experiments\\exploration\\E0_I0015_points_skill_decomposition\\s03_mechanism_and_abstention.py"", 215, ""\""pl_is_rookie_window\"", \""pl_min_sd5\"", \""pl_min_mean5\"", \""pl_fga_sd5\"", \""pl_fga_mean5\"","", """"], [""MENTION"", ""experiments\\exploration\\E0_I0015_points_skill_decomposition\\s04_findings.py"", 48, ""(f[\""pl_min_mean5\""].to_numpy(float) >= 24))]:"", """"], [""MENTION"", ""experiments\\exploration\\E0_I0015_points_skill_decomposition\\s06_depth_by_volume.py"", 26, ""m5 = f[\""pl_min_mean5\""].to_numpy(float)"", """"]]"
E0_I0015_points_skill_decomposition,pl_fga_sd5,8,WORKTREE,GENERATED[pl_%s_sd5],experiments\exploration\E0_I0014_residual_heterogeneity\rh_base.py,189,"app[""pl_%s_sd5"" % tag] = gg.transform(lambda x: x.shift(1).rolling(5, min_periods=3).std())","gg.transform(lambda x: x.shift(1).rolling(5, min_periods=3).std())","[[""GENERATED[pl_%s_sd5]"", ""experiments\\exploration\\E0_I0014_residual_heterogeneity\\rh_base.py"", 189, ""app[\""pl_%s_sd5\"" % tag] = gg.transform(lambda x: x.shift(1).rolling(5, min_periods=3).std())"", ""gg.transform(lambda x: x.shift(1).rolling(5, min_periods=3).std())""], [""GENERATED[pl_%s_sd5]"", ""experiments\\exploration\\E0_I0019_availability_forecast\\s02_build_candidates.py"", 225, ""app[\""pl_%s_sd5\"" % tag] = gv.transform(lambda x: x.shift(1).rolling(5, min_periods=3).std())"", ""gv.transform(lambda x: x.shift(1).rolling(5, min_periods=3).std())""], [""GENERATED[pl_%s_sd5]"", ""experiments\\exploration\\E1_I0044_broken_nulls_and_composites\\scripts\\s06_sites_v2.py"", 3, ""Many candidate columns are created with a format literal, e.g. `app[\""pl_%s_sd5\"" % tag] = ...`"", ""...`""], [""MENTION"", ""experiments\\exploration\\E0_I0014_residual_heterogeneity\\s04_screen.py"", 37, ""\""pl_min_sd5\"", \""pl_min_cv5\"", \""pl_min_rng5\"", \""pl_fga_sd5\"", \""pl_pts_sd5\"", \""pl_usg_sd5\"","", """"], [""MENTION"", ""experiments\\exploration\\E0_I0015_points_skill_decomposition\\s03_mechanism_and_abstention.py"", 215, ""\""pl_is_rookie_window\"", \""pl_min_sd5\"", \""pl_min_mean5\"", \""pl_fga_sd5\"", \""pl_fga_mean5\"","", """"], [""MENTION"", ""experiments\\exploration\\E1_I0031_rapm_as_prior\\s01_prereg.py"", 173, ""\""fga\"": [\""est_fga\"", \""ref_fga\"", \""pl_fga_mean5\"", \""pl_fga_sd5\"", \""prevseason_fga\"", \""lgexp_fga\"","", """"], [""MENTION"", ""experiments\\exploration\\E1_I0044_broken_nulls_and_composites\\scripts\\s02_diagnose.py"", 41, ""\""pl_min_sd5\"", \""pl_min_cv5\"", \""pl_min_rng5\"", \""pl_fga_sd5\"", \""pl_pts_sd5\"","", """"], [""MENTION"", ""experiments\\exploration\\E1_I0044_broken_nulls_and_composites\\scripts\\_rebuild_e14.py"", 26, ""\""pl_min_sd5\"", \""pl_min_cv5\"", \""pl_min_rng5\"", \""pl_fga_sd5\"", \""pl_pts_sd5\"","", """"]]"
E0_I0015_points_skill_decomposition,pl_fga_mean5,7,WORKTREE,GENERATED[pl_%s_mean5],experiments\exploration\E0_I0014_residual_heterogeneity\rh_base.py,190,"app[""pl_%s_mean5"" % tag] = gg.transform(lambda x: x.shift(1).rolling(5, min_periods=3).mean())","gg.transform(lambda x: x.shift(1).rolling(5, min_periods=3).mean())","[[""GENERATED[pl_%s_mean5]"", ""experiments\\exploration\\E0_I0014_residual_heterogeneity\\rh_base.py"", 190, ""app[\""pl_%s_mean5\"" % tag] = gg.transform(lambda x: x.shift(1).rolling(5, min_periods=3).mean())"", ""gg.transform(lambda x: x.shift(1).rolling(5, min_periods=3).mean())""], [""GENERATED[pl_%s_mean5]"", ""experiments\\exploration\\E0_I0019_availability_forecast\\s02_build_candidates.py"", 224, ""app[\""pl_%s_mean5\"" % tag] = gv.transform(lambda x: x.shift(1).rolling(5, min_periods=2).mean())"", ""gv.transform(lambda x: x.shift(1).rolling(5, min_periods=2).mean())""], [""MENTION"", ""experiments\\exploration\\E0_I0014_residual_heterogeneity\\s04_screen.py"", 35, ""\""pl_min_mean5\"", \""pl_fga_mean5\"", \""pl_pts_mean5\"", \""pl_usg_mean5\"", \""pl_start_frac5\"","", """"], [""MENTION"", ""experiments\\exploration\\E0_I0015_points_skill_decomposition\\s03_mechanism_and_abstention.py"", 215, ""\""pl_is_rookie_window\"", \""pl_min_sd5\"", \""pl_min_mean5\"", \""pl_fga_sd5\"", \""pl_fga_mean5\"","", """"], [""MENTION"", ""experiments\\exploration\\E1_I0031_rapm_as_prior\\s01_prereg.py"", 173, ""\""fga\"": [\""est_fga\"", \""ref_fga\"", \""pl_fga_mean5\"", \""pl_fga_sd5\"", \""prevseason_fga\"", \""lgexp_fga\"","", """"], [""MENTION"", ""experiments\\exploration\\E1_I0044_broken_nulls_and_composites\\scripts\\s02_diagnose.py"", 40, ""\""pl_min_mean5\"", \""pl_fga_mean5\"", \""pl_pts_mean5\"", \""pl_usg_mean5\"", \""pl_start_frac5\"","", """"], [""MENTION"", ""experiments\\exploration\\E1_I0044_broken_nulls_and_composites\\scripts\\_rebuild_e14.py"", 25, ""\""pl_min_mean5\"", \""pl_fga_mean5\"", \""pl_pts_mean5\"", \""pl_usg_mean5\"", \""pl_start_frac5\"","", """"]]"
E0_I0015_points_skill_decomposition,pl_pts_sd5,9,WORKTREE,GENERATED[pl_%s_sd5],experiments\exploration\E0_I0014_residual_heterogeneity\rh_base.py,189,"app[""pl_%s_sd5"" % tag] = gg.transform(lambda x: x.shift(1).rolling(5, min_periods=3).std())","gg.transform(lambda x: x.shift(1).rolling(5, min_periods=3).std())","[[""GENERATED[pl_%s_sd5]"", ""experiments\\exploration\\E0_I0014_residual_heterogeneity\\rh_base.py"", 189, ""app[\""pl_%s_sd5\"" % tag] = gg.transform(lambda x: x.shift(1).rolling(5, min_periods=3).std())"", ""gg.transform(lambda x: x.shift(1).rolling(5, min_periods=3).std())""], [""GENERATED[pl_%s_sd5]"", ""experiments\\exploration\\E0_I0019_availability_forecast\\s02_build_candidates.py"", 225, ""app[\""pl_%s_sd5\"" % tag] = gv.transform(lambda x: x.shift(1).rolling(5, min_periods=3).std())"", ""gv.transform(lambda x: x.shift(1).rolling(5, min_periods=3).std())""], [""GENERATED[pl_%s_sd5]"", ""experiments\\exploration\\E1_I0044_broken_nulls_and_composites\\scripts\\s06_sites_v2.py"", 3, ""Many candidate columns are created with a format literal, e.g. `app[\""pl_%s_sd5\"" % tag] = ...`"", ""...`""], [""MENTION"", ""experiments\\exploration\\E0_I0014_residual_heterogeneity\\s04_screen.py"", 37, ""\""pl_min_sd5\"", \""pl_min_cv5\"", \""pl_min_rng5\"", \""pl_fga_sd5\"", \""pl_pts_sd5\"", \""pl_usg_sd5\"","", """"], [""MENTION"", ""experiments\\exploration\\E0_I0014_residual_heterogeneity\\s05_abstention.py"", 96, ""for cand in [\""pl_min_cv5\"", \""pl_min_sd5\"", \""pl_pts_sd5\"", \""pl_start_switch5\"", \""pl_rest_days\"","", """"], [""MENTION"", ""experiments\\exploration\\E0_I0015_points_skill_decomposition\\s03_mechanism_and_abstention.py"", 216, ""\""pl_pts_sd5\"", \""pl_pts_mean5\"", \""pl_usg_sd5\"", \""pl_usg_mean5\"", \""pl_min_cv5\"", \""pl_min_rng5\"","", """"], [""MENTION"", ""experiments\\exploration\\E1_I0031_rapm_as_prior\\s01_prereg.py"", 167, ""\""pts\"": [\""est_pts\"", \""ref_pts\"", \""pl_pts_mean5\"", \""pl_pts_sd5\"", \""prevseason_pts\"", \""lgexp_pts\"","", """"], [""MENTION"", ""experiments\\exploration\\E1_I0044_broken_nulls_and_composites\\scripts\\s02_diagnose.py"", 41, ""\""pl_min_sd5\"", \""pl_min_cv5\"", \""pl_min_rng5\"", \""pl_fga_sd5\"", \""pl_pts_sd5\"","", """"], [""MENTION"", ""experiments\\exploration\\E1_I0044_broken_nulls_and_composites\\scripts\\_rebuild_e14.py"", 26, ""\""pl_min_sd5\"", \""pl_min_cv5\"", \""pl_min_rng5\"", \""pl_fga_sd5\"", \""pl_pts_sd5\"","", """"]]"
E0_I0015_points_skill_decomposition,pl_pts_mean5,7,WORKTREE,GENERATED[pl_%s_mean5],experiments\exploration\E0_I0014_residual_heterogeneity\rh_base.py,190,"app[""pl_%s_mean5"" % tag] = gg.transform(lambda x: x.shift(1).rolling(5, min_periods=3).mean())","gg.transform(lambda x: x.shift(1).rolling(5, min_periods=3).mean())","[[""GENERATED[pl_%s_mean5]"", ""experiments\\exploration\\E0_I0014_residual_heterogeneity\\rh_base.py"", 190, ""app[\""pl_%s_mean5\"" % tag] = gg.transform(lambda x: x.shift(1).rolling(5, min_periods=3).mean())"", ""gg.transform(lambda x: x.shift(1).rolling(5, min_periods=3).mean())""], [""GENERATED[pl_%s_mean5]"", ""experiments\\exploration\\E0_I0019_availability_forecast\\s02_build_candidates.py"", 224, ""app[\""pl_%s_mean5\"" % tag] = gv.transform(lambda x: x.shift(1).rolling(5, min_periods=2).mean())"", ""gv.transform(lambda x: x.shift(1).rolling(5, min_periods=2).mean())""], [""MENTION"", ""experiments\\exploration\\E0_I0014_residual_heterogeneity\\s04_screen.py"", 35, ""\""pl_min_mean5\"", \""pl_fga_mean5\"", \""pl_pts_mean5\"", \""pl_usg_mean5\"", \""pl_start_frac5\"","", """"], [""MENTION"", ""experiments\\exploration\\E0_I0015_points_skill_decomposition\\s03_mechanism_and_abstention.py"", 216, ""\""pl_pts_sd5\"", \""pl_pts_mean5\"", \""pl_usg_sd5\"", \""pl_usg_mean5\"", \""pl_min_cv5\"", \""pl_min_rng5\"","", """"], [""MENTION"", ""experiments\\exploration\\E1_I0031_rapm_as_prior\\s01_prereg.py"", 167, ""\""pts\"": [\""est_pts\"", \""ref_pts\"", \""pl_pts_mean5\"", \""pl_pts_sd5\"", \""prevseason_pts\"", \""lgexp_pts\"","", """"], [""MENTION"", ""experiments\\exploration\\E1_I0044_broken_nulls_and_composites\\scripts\\s02_diagnose.py"", 40, ""\""pl_min_mean5\"", \""pl_fga_mean5\"", \""pl_pts_mean5\"", \""pl_usg_mean5\"", \""pl_start_frac5\"","", """"], [""MENTION"", ""experiments\\exploration\\E1_I0044_broken_nulls_and_composites\\scripts\\_rebuild_e14.py"", 25, ""\""pl_min_mean5\"", \""pl_fga_mean5\"", \""pl_pts_mean5\"", \""pl_usg_mean5\"", \""pl_start_frac5\"","", """"]]"
E0_I0015_points_skill_decomposition,pl_usg_sd5,7,WORKTREE,GENERATED[pl_%s_sd5],experiments\exploration\E0_I0014_residual_heterogeneity\rh_base.py,189,"app[""pl_%s_sd5"" % tag] = gg.transform(lambda x: x.shift(1).rolling(5, min_periods=3).std())","gg.transform(lambda x: x.shift(1).rolling(5, min_periods=3).std())","[[""GENERATED[pl_%s_sd5]"", ""experiments\\exploration\\E0_I0014_residual_heterogeneity\\rh_base.py"", 189, ""app[\""pl_%s_sd5\"" % tag] = gg.transform(lambda x: x.shift(1).rolling(5, min_periods=3).std())"", ""gg.transform(lambda x: x.shift(1).rolling(5, min_periods=3).std())""], [""GENERATED[pl_%s_sd5]"", ""experiments\\exploration\\E0_I0019_availability_forecast\\s02_build_candidates.py"", 225, ""app[\""pl_%s_sd5\"" % tag] = gv.transform(lambda x: x.shift(1).rolling(5, min_periods=3).std())"", ""gv.transform(lambda x: x.shift(1).rolling(5, min_periods=3).std())""], [""GENERATED[pl_%s_sd5]"", ""experiments\\exploration\\E1_I0044_broken_nulls_and_composites\\scripts\\s06_sites_v2.py"", 3, ""Many candidate columns are created with a format literal, e.g. `app[\""pl_%s_sd5\"" % tag] = ...`"", ""...`""], [""MENTION"", ""experiments\\exploration\\E0_I0014_residual_heterogeneity\\s04_screen.py"", 37, ""\""pl_min_sd5\"", \""pl_min_cv5\"", \""pl_min_rng5\"", \""pl_fga_sd5\"", \""pl_pts_sd5\"", \""pl_usg_sd5\"","", """"], [""MENTION"", ""experiments\\exploration\\E0_I0015_points_skill_decomposition\\s03_mechanism_and_abstention.py"", 216, ""\""pl_pts_sd5\"", \""pl_pts_mean5\"", \""pl_usg_sd5\"", \""pl_usg_mean5\"", \""pl_min_cv5\"", \""pl_min_rng5\"","", """"], [""MENTION"", ""experiments\\exploration\\E1_I0044_broken_nulls_and_composites\\scripts\\s02_diagnose.py"", 42, ""\""pl_usg_sd5\"", \""pl_min_trend5\"", \""pl_abs_min_trend5\"", \""pl_start_switch5\"","", """"], [""MENTION"", ""experiments\\exploration\\E1_I0044_broken_nulls_and_composites\\scripts\\_rebuild_e14.py"", 27, ""\""pl_usg_sd5\"", \""pl_min_trend5\"", \""pl_abs_min_trend5\"", \""pl_start_switch5\"","", """"]]"
E0_I0015_points_skill_decomposition,pl_usg_mean5,8,WORKTREE,GENERATED[pl_%s_mean5],experiments\exploration\E0_I0014_residual_heterogeneity\rh_base.py,190,"app[""pl_%s_mean5"" % tag] = gg.transform(lambda x: x.shift(1).rolling(5, min_periods=3).mean())","gg.transform(lambda x: x.shift(1).rolling(5, min_periods=3).mean())","[[""GENERATED[pl_%s_mean5]"", ""experiments\\exploration\\E0_I0014_residual_heterogeneity\\rh_base.py"", 190, ""app[\""pl_%s_mean5\"" % tag] = gg.transform(lambda x: x.shift(1).rolling(5, min_periods=3).mean())"", ""gg.transform(lambda x: x.shift(1).rolling(5, min_periods=3).mean())""], [""GENERATED[pl_%s_mean5]"", ""experiments\\exploration\\E0_I0019_availability_forecast\\s02_build_candidates.py"", 224, ""app[\""pl_%s_mean5\"" % tag] = gv.transform(lambda x: x.shift(1).rolling(5, min_periods=2).mean())"", ""gv.transform(lambda x: x.shift(1).rolling(5, min_periods=2).mean())""], [""MENTION"", ""experiments\\exploration\\E0_I0014_residual_heterogeneity\\s04_screen.py"", 35, ""\""pl_min_mean5\"", \""pl_fga_mean5\"", \""pl_pts_mean5\"", \""pl_usg_mean5\"", \""pl_start_frac5\"","", """"], [""MENTION"", ""experiments\\exploration\\E0_I0015_points_skill_decomposition\\s03_mechanism_and_abstention.py"", 216, ""\""pl_pts_sd5\"", \""pl_pts_mean5\"", \""pl_usg_sd5\"", \""pl_usg_mean5\"", \""pl_min_cv5\"", \""pl_min_rng5\"","", """"], [""MENTION"", ""experiments\\exploration\\E0_I0019_availability_forecast\\s02_build_candidates.py"", 232, ""ROLE = [\""pl_min_mean5\"", \""pl_min_sd5\"", \""pl_start_mean5\"", \""pl_usg_mean5\"", \""pl_min_cv5\"","", """"], [""MENTION"", ""experiments\\exploration\\E0_I0019_availability_forecast\\s02_build_candidates.py"", 339, ""\""pl_usg_mean5\"", \""pl_min_trend5\""],"", """"], [""MENTION"", ""experiments\\exploration\\E1_I0044_broken_nulls_and_composites\\scripts\\s02_diagnose.py"", 40, ""\""pl_min_mean5\"", \""pl_fga_mean5\"", \""pl_pts_mean5\"", \""pl_usg_mean5\"", \""pl_start_frac5\"","", """"], [""MENTION"", ""experiments\\exploration\\E1_I0044_broken_nulls_and_composites\\scripts\\_rebuild_e14.py"", 25, ""\""pl_min_mean5\"", \""pl_fga_mean5\"", \""pl_pts_mean5\"", \""pl_usg_mean5\"", \""pl_start_frac5\"","", """"]]"
E0_I0015_points_skill_decomposition,pl_min_cv5,11,WORKTREE,SUBSCRIPT_ASSIGN,experiments\exploration\E0_I0014_residual_heterogeneity\rh_base.py,191,"app[""pl_min_cv5""] = app[""pl_min_sd5""] / app[""pl_min_mean5""].replace(0, np.nan)","app[""pl_min_sd5""] / app[""pl_min_mean5""].replace(0, np.nan)","[[""SUBSCRIPT_ASSIGN"", ""experiments\\exploration\\E0_I0014_residual_heterogeneity\\rh_base.py"", 191, ""app[\""pl_min_cv5\""] = app[\""pl_min_sd5\""] / app[\""pl_min_mean5\""].replace(0, np.nan)"", ""app[\""pl_min_sd5\""] / app[\""pl_min_mean5\""].replace(0, np.nan)""], [""SUBSCRIPT_ASSIGN"", ""experiments\\exploration\\E0_I0019_availability_forecast\\s02_build_candidates.py"", 226, ""app[\""pl_min_cv5\""] = app[\""pl_min_sd5\""] / app[\""pl_min_mean5\""].replace(0, np.nan)"", ""app[\""pl_min_sd5\""] / app[\""pl_min_mean5\""].replace(0, np.nan)""], [""MENTION"", ""experiments\\exploration\\E0_I0014_residual_heterogeneity\\s04_screen.py"", 37, ""\""pl_min_sd5\"", \""pl_min_cv5\"", \""pl_min_rng5\"", \""pl_fga_sd5\"", \""pl_pts_sd5\"", \""pl_usg_sd5\"","", """"], [""MENTION"", ""experiments\\exploration\\E0_I0014_residual_heterogeneity\\s05_abstention.py"", 96, ""for cand in [\""pl_min_cv5\"", \""pl_min_sd5\"", \""pl_pts_sd5\"", \""pl_start_switch5\"", \""pl_rest_days\"","", """"], [""MENTION"", ""experiments\\exploration\\E0_I0014_residual_heterogeneity\\s05_abstention.py"", 132, ""(\""min_cv5_minutes\"", \""pl_min_cv5\"", \""minutes\"", +1),"", """"], [""MENTION"", ""experiments\\exploration\\E0_I0014_residual_heterogeneity\\s05_abstention.py"", 138, ""(\""min_cv5_pts\"", \""pl_min_cv5\"", \""pts\"", +1),"", """"], [""MENTION"", ""experiments\\exploration\\E0_I0015_points_skill_decomposition\\s03_mechanism_and_abstention.py"", 216, ""\""pl_pts_sd5\"", \""pl_pts_mean5\"", \""pl_usg_sd5\"", \""pl_usg_mean5\"", \""pl_min_cv5\"", \""pl_min_rng5\"","", """"], [""MENTION"", ""experiments\\exploration\\E0_I0019_availability_forecast\\s02_build_candidates.py"", 232, ""ROLE = [\""pl_min_mean5\"", \""pl_min_sd5\"", \""pl_start_mean5\"", \""pl_usg_mean5\"", \""pl_min_cv5\"","", """"], [""MENTION"", ""experiments\\exploration\\E0_I0019_availability_forecast\\s02_build_candidates.py"", 338, ""\""D_role_volume\"": [\""pl_min_mean5\"", \""pl_min_sd5\"", \""pl_min_cv5\"", \""pl_start_mean5\"","", """"], [""MENTION"", ""experiments\\exploration\\E1_I0044_broken_nulls_and_composites\\scripts\\s02_diagnose.py"", 41, ""\""pl_min_sd5\"", \""pl_min_cv5\"", \""pl_min_rng5\"", \""pl_fga_sd5\"", \""pl_pts_sd5\"","", """"]]"
E0_I0015_points_skill_decomposition,pl_min_rng5,5,WORKTREE,SUBSCRIPT_ASSIGN,experiments\exploration\E0_I0014_residual_heterogeneity\rh_base.py,194,"app[""pl_min_rng5""] = (gmn.transform(lambda x: x.shift(1).rolling(5, min_periods=3).max()) -","(gmn.transform(lambda x: x.shift(1).rolling(5, min_periods=3).max()) -","[[""SUBSCRIPT_ASSIGN"", ""experiments\\exploration\\E0_I0014_residual_heterogeneity\\rh_base.py"", 194, ""app[\""pl_min_rng5\""] = (gmn.transform(lambda x: x.shift(1).rolling(5, min_periods=3).max()) -"", ""(gmn.transform(lambda x: x.shift(1).rolling(5, min_periods=3).max()) -""], [""MENTION"", ""experiments\\exploration\\E0_I0014_residual_heterogeneity\\s04_screen.py"", 37, ""\""pl_min_sd5\"", \""pl_min_cv5\"", \""pl_min_rng5\"", \""pl_fga_sd5\"", \""pl_pts_sd5\"", \""pl_usg_sd5\"","", """"], [""MENTION"", ""experiments\\exploration\\E0_I0015_points_skill_decomposition\\s03_mechanism_and_abstention.py"", 216, ""\""pl_pts_sd5\"", \""pl_pts_mean5\"", \""pl_usg_sd5\"", \""pl_usg_mean5\"", \""pl_min_cv5\"", \""pl_min_rng5\"","", """"], [""MENTION"", ""experiments\\exploration\\E1_I0044_broken_nulls_and_composites\\scripts\\s02_diagnose.py"", 41, ""\""pl_min_sd5\"", \""pl_min_cv5\"", \""pl_min_rng5\"", \""pl_fga_sd5\"", \""pl_pts_sd5\"","", """"], [""MENTION"", ""experiments\\exploration\\E1_I0044_broken_nulls_and_composites\\scripts\\_rebuild_e14.py"", 26, ""\""pl_min_sd5\"", \""pl_min_cv5\"", \""pl_min_rng5\"", \""pl_fga_sd5\"", \""pl_pts_sd5\"","", """"]]"
E0_I0015_points_skill_decomposition,pl_min_trend5,9,WORKTREE,SUBSCRIPT_ASSIGN,experiments\exploration\E0_I0014_residual_heterogeneity\rh_base.py,196,"app[""pl_min_trend5""] = (gmn.transform(lambda x: x.shift(1).rolling(2, min_periods=2).mean()) -","(gmn.transform(lambda x: x.shift(1).rolling(2, min_periods=2).mean()) -","[[""SUBSCRIPT_ASSIGN"", ""experiments\\exploration\\E0_I0014_residual_heterogeneity\\rh_base.py"", 196, ""app[\""pl_min_trend5\""] = (gmn.transform(lambda x: x.shift(1).rolling(2, min_periods=2).mean()) -"", ""(gmn.transform(lambda x: x.shift(1).rolling(2, min_periods=2).mean()) -""], [""SUBSCRIPT_ASSIGN"", ""experiments\\exploration\\E0_I0019_availability_forecast\\s02_build_candidates.py"", 228, ""app[\""pl_min_trend5\""] = (gmn.transform(lambda x: x.shift(1).rolling(2, min_periods=2).mean()) -"", ""(gmn.transform(lambda x: x.shift(1).rolling(2, min_periods=2).mean()) -""], [""MENTION"", ""experiments\\exploration\\E0_I0014_residual_heterogeneity\\rh_base.py"", 198, ""app[\""pl_abs_min_trend5\""] = app[\""pl_min_trend5\""].abs()"", """"], [""MENTION"", ""experiments\\exploration\\E0_I0014_residual_heterogeneity\\s04_screen.py"", 38, ""\""pl_min_trend5\"", \""pl_abs_min_trend5\"", \""pl_start_switch5\"","", """"], [""MENTION"", ""experiments\\exploration\\E0_I0015_points_skill_decomposition\\s03_mechanism_and_abstention.py"", 217, ""\""pl_min_trend5\"", \""pl_abs_min_trend5\"", \""pl_start_frac5\"", \""pl_start_switch5\"", \""pl_rest_days\"","", """"], [""MENTION"", ""experiments\\exploration\\E0_I0019_availability_forecast\\s02_build_candidates.py"", 233, ""\""pl_min_trend5\"", \""pl_days_since_appear\""]"", """"], [""MENTION"", ""experiments\\exploration\\E0_I0019_availability_forecast\\s02_build_candidates.py"", 339, ""\""pl_usg_mean5\"", \""pl_min_trend5\""],"", """"], [""MENTION"", ""experiments\\exploration\\E1_I0044_broken_nulls_and_composites\\scripts\\s02_diagnose.py"", 42, ""\""pl_usg_sd5\"", \""pl_min_trend5\"", \""pl_abs_min_trend5\"", \""pl_start_switch5\"","", """"], [""MENTION"", ""experiments\\exploration\\E1_I0044_broken_nulls_and_composites\\scripts\\_rebuild_e14.py"", 27, ""\""pl_usg_sd5\"", \""pl_min_trend5\"", \""pl_abs_min_trend5\"", \""pl_start_switch5\"","", """"]]"
E0_I0015_points_skill_decomposition,pl_abs_min_trend5,5,WORKTREE,SUBSCRIPT_ASSIGN,experiments\exploration\E0_I0014_residual_heterogeneity\rh_base.py,198,"app[""pl_abs_min_trend5""] = app[""pl_min_trend5""].abs()","app[""pl_min_trend5""].abs()","[[""SUBSCRIPT_ASSIGN"", ""experiments\\exploration\\E0_I0014_residual_heterogeneity\\rh_base.py"", 198, ""app[\""pl_abs_min_trend5\""] = app[\""pl_min_trend5\""].abs()"", ""app[\""pl_min_trend5\""].abs()""], [""MENTION"", ""experiments\\exploration\\E0_I0014_residual_heterogeneity\\s04_screen.py"", 38, ""\""pl_min_trend5\"", \""pl_abs_min_trend5\"", \""pl_start_switch5\"","", """"], [""MENTION"", ""experiments\\exploration\\E0_I0015_points_skill_decomposition\\s03_mechanism_and_abstention.py"", 217, ""\""pl_min_trend5\"", \""pl_abs_min_trend5\"", \""pl_start_frac5\"", \""pl_start_switch5\"", \""pl_rest_days\"","", """"], [""MENTION"", ""experiments\\exploration\\E1_I0044_broken_nulls_and_composites\\scripts\\s02_diagnose.py"", 42, ""\""pl_usg_sd5\"", \""pl_min_trend5\"", \""pl_abs_min_trend5\"", \""pl_start_switch5\"","", """"], [""MENTION"", ""experiments\\exploration\\E1_I0044_broken_nulls_and_composites\\scripts\\_rebuild_e14.py"", 27, ""\""pl_usg_sd5\"", \""pl_min_trend5\"", \""pl_abs_min_trend5\"", \""pl_start_switch5\"","", """"]]"
E0_I0015_points_skill_decomposition,pl_start_frac5,6,WORKTREE,SUBSCRIPT_ASSIGN,experiments\exploration\E0_I0014_residual_heterogeneity\rh_base.py,202,"app[""pl_start_frac5""] = gsf.transform(lambda x: x.shift(1).rolling(5, min_periods=3).mean())","gsf.transform(lambda x: x.shift(1).rolling(5, min_periods=3).mean())","[[""SUBSCRIPT_ASSIGN"", ""experiments\\exploration\\E0_I0014_residual_heterogeneity\\rh_base.py"", 202, ""app[\""pl_start_frac5\""] = gsf.transform(lambda x: x.shift(1).rolling(5, min_periods=3).mean())"", ""gsf.transform(lambda x: x.shift(1).rolling(5, min_periods=3).mean())""], [""MENTION"", ""experiments\\exploration\\E0_I0014_residual_heterogeneity\\s04_screen.py"", 35, ""\""pl_min_mean5\"", \""pl_fga_mean5\"", \""pl_pts_mean5\"", \""pl_usg_mean5\"", \""pl_start_frac5\"","", """"], [""MENTION"", ""experiments\\exploration\\E0_I0014_residual_heterogeneity\\s04_screen.py"", 59, ""(\""role_level\"" if c.endswith(\""mean5\"") or c == \""pl_start_frac5\"" else"", """"], [""MENTION"", ""experiments\\exploration\\E0_I0015_points_skill_decomposition\\s03_mechanism_and_abstention.py"", 217, ""\""pl_min_trend5\"", \""pl_abs_min_trend5\"", \""pl_start_frac5\"", \""pl_start_switch5\"", \""pl_rest_days\"","", """"], [""MENTION"", ""experiments\\exploration\\E1_I0044_broken_nulls_and_composites\\scripts\\s02_diagnose.py"", 40, ""\""pl_min_mean5\"", \""pl_fga_mean5\"", \""pl_pts_mean5\"", \""pl_usg_mean5\"", \""pl_start_frac5\"","", """"], [""MENTION"", ""experiments\\exploration\\E1_I0044_broken_nulls_and_composites\\scripts\\_rebuild_e14.py"", 25, ""\""pl_min_mean5\"", \""pl_fga_mean5\"", \""pl_pts_mean5\"", \""pl_usg_mean5\"", \""pl_start_frac5\"","", """"]]"
E0_I0015_points_skill_decomposition,pl_start_switch5,6,WORKTREE,SUBSCRIPT_ASSIGN,experiments\exploration\E0_I0014_residual_heterogeneity\rh_base.py,204,"app[""pl_start_switch5""] = app.groupby([""season"", ""player_id""], sort=False)[""_sfchg""].transform(","app.groupby([""season"", ""player_id""], sort=False)[""_sfchg""].transform(","[[""SUBSCRIPT_ASSIGN"", ""experiments\\exploration\\E0_I0014_residual_heterogeneity\\rh_base.py"", 204, ""app[\""pl_start_switch5\""] = app.groupby([\""season\"", \""player_id\""], sort=False)[\""_sfchg\""].transform("", ""app.groupby([\""season\"", \""player_id\""], sort=False)[\""_sfchg\""].transform(""], [""MENTION"", ""experiments\\exploration\\E0_I0014_residual_heterogeneity\\s04_screen.py"", 38, ""\""pl_min_trend5\"", \""pl_abs_min_trend5\"", \""pl_start_switch5\"","", """"], [""MENTION"", ""experiments\\exploration\\E0_I0014_residual_heterogeneity\\s05_abstention.py"", 96, ""for cand in [\""pl_min_cv5\"", \""pl_min_sd5\"", \""pl_pts_sd5\"", \""pl_start_switch5\"", \""pl_rest_days\"","", """"], [""MENTION"", ""experiments\\exploration\\E0_I0015_points_skill_decomposition\\s03_mechanism_and_abstention.py"", 217, ""\""pl_min_trend5\"", \""pl_abs_min_trend5\"", \""pl_start_frac5\"", \""pl_start_switch5\"", \""pl_rest_days\"","", """"], [""MENTION"", ""experiments\\exploration\\E1_I0044_broken_nulls_and_composites\\scripts\\s02_diagnose.py"", 42, ""\""pl_usg_sd5\"", \""pl_min_trend5\"", \""pl_abs_min_trend5\"", \""pl_start_switch5\"","", """"], [""MENTION"", ""experiments\\exploration\\E1_I0044_broken_nulls_and_composites\\scripts\\_rebuild_e14.py"", 27, ""\""pl_usg_sd5\"", \""pl_min_trend5\"", \""pl_abs_min_trend5\"", \""pl_start_switch5\"","", """"]]"
E0_I0015_points_skill_decomposition,pl_rest_days,7,WORKTREE,SUBSCRIPT_ASSIGN,experiments\exploration\E0_I0014_residual_heterogeneity\rh_base.py,207,"app[""pl_rest_days""] = app.groupby([""season"", ""player_id""], sort=False)[""gdate""].transform(","app.groupby([""season"", ""player_id""], sort=False)[""gdate""].transform(","[[""SUBSCRIPT_ASSIGN"", ""experiments\\exploration\\E0_I0014_residual_heterogeneity\\rh_base.py"", 207, ""app[\""pl_rest_days\""] = app.groupby([\""season\"", \""player_id\""], sort=False)[\""gdate\""].transform("", ""app.groupby([\""season\"", \""player_id\""], sort=False)[\""gdate\""].transform(""], [""MENTION"", ""experiments\\exploration\\E0_I0014_residual_heterogeneity\\s04_screen.py"", 40, ""\""pl_rest_days\"", \""pl_teamgames_since_appear\"", \""pl_dnp_frac5\"","", """"], [""MENTION"", ""experiments\\exploration\\E0_I0014_residual_heterogeneity\\s05_abstention.py"", 96, ""for cand in [\""pl_min_cv5\"", \""pl_min_sd5\"", \""pl_pts_sd5\"", \""pl_start_switch5\"", \""pl_rest_days\"","", """"], [""MENTION"", ""experiments\\exploration\\E0_I0015_points_skill_decomposition\\s03_mechanism_and_abstention.py"", 217, ""\""pl_min_trend5\"", \""pl_abs_min_trend5\"", \""pl_start_frac5\"", \""pl_start_switch5\"", \""pl_rest_days\"","", """"], [""MENTION"", ""experiments\\exploration\\E1_I0022_optimal_simple_estimator\\s05_inference_and_where.py"", 175, ""rest = f[\""pl_rest_days\""].to_numpy(float)"", """"], [""MENTION"", ""experiments\\exploration\\E1_I0044_broken_nulls_and_composites\\scripts\\s02_diagnose.py"", 43, ""\""pl_rest_days\"", \""pl_teamgames_since_appear\"", \""pl_dnp_frac5\""]"", """"], [""MENTION"", ""experiments\\exploration\\E1_I0044_broken_nulls_and_composites\\scripts\\_rebuild_e14.py"", 28, ""\""pl_rest_days\"", \""pl_teamgames_since_appear\"", \""pl_dnp_frac5\""]"", """"]]"
E0_I0015_points_skill_decomposition,pl_teamgames_since_appear,9,WORKTREE,SUBSCRIPT_ASSIGN,experiments\exploration\E0_I0014_residual_heterogeneity\rh_base.py,326,"d[""pl_teamgames_since_appear""] = d[""tm_game_idx""] - d[""_last_ap_idx""] - 1.0","d[""tm_game_idx""] - d[""_last_ap_idx""] - 1.0","[[""SUBSCRIPT_ASSIGN"", ""experiments\\exploration\\E0_I0014_residual_heterogeneity\\rh_base.py"", 326, ""d[\""pl_teamgames_since_appear\""] = d[\""tm_game_idx\""] - d[\""_last_ap_idx\""] - 1.0"", ""d[\""tm_game_idx\""] - d[\""_last_ap_idx\""] - 1.0""], [""MENTION"", ""experiments\\exploration\\E0_I0014_residual_heterogeneity\\rh_base.py"", 330, ""return d[[\""game_id\"", \""team_id\"", \""player_id\"", \""pl_teamgames_since_appear\"", \""pl_dnp_frac5\""]]"", """"], [""MENTION"", ""experiments\\exploration\\E0_I0014_residual_heterogeneity\\s04_screen.py"", 40, ""\""pl_rest_days\"", \""pl_teamgames_since_appear\"", \""pl_dnp_frac5\"","", """"], [""MENTION"", ""experiments\\exploration\\E0_I0015_points_skill_decomposition\\s03_mechanism_and_abstention.py"", 218, ""\""pl_teamgames_since_appear\"", \""pl_dnp_frac5\"","", """"], [""MENTION"", ""experiments\\exploration\\E1_I0020_coldstart_tiering\\s02b_diagnose.py"", 150, ""% (ret[\""pl_teamgames_since_appear\""].mean(), w[\""pl_teamgames_since_appear\""].mean()))"", """"], [""MENTION"", ""experiments\\exploration\\E1_I0020_coldstart_tiering\\s02b_diagnose.py"", 153, ""\""mean_teamgames_since_appear\"": float(ret[\""pl_teamgames_since_appear\""].mean()),"", """"], [""MENTION"", ""experiments\\exploration\\E1_I0020_coldstart_tiering\\s06_findings.py"", 95, ""\""pl_teamgames_since_appear\"", \""depth_bucket\""],"", """"], [""MENTION"", ""experiments\\exploration\\E1_I0044_broken_nulls_and_composites\\scripts\\s02_diagnose.py"", 43, ""\""pl_rest_days\"", \""pl_teamgames_since_appear\"", \""pl_dnp_frac5\""]"", """"], [""MENTION"", ""experiments\\exploration\\E1_I0044_broken_nulls_and_composites\\scripts\\_rebuild_e14.py"", 28, ""\""pl_rest_days\"", \""pl_teamgames_since_appear\"", \""pl_dnp_frac5\""]"", """"]]"
E0_I0015_points_skill_decomposition,pl_dnp_frac5,15,WORKTREE,SUBSCRIPT_ASSIGN,experiments\exploration\E0_I0014_residual_heterogeneity\rh_base.py,328,"d[""pl_dnp_frac5""] = 1.0 - g[""_apf""].transform(","1.0 - g[""_apf""].transform(","[[""SUBSCRIPT_ASSIGN"", ""experiments\\exploration\\E0_I0014_residual_heterogeneity\\rh_base.py"", 328, ""d[\""pl_dnp_frac5\""] = 1.0 - g[\""_apf\""].transform("", ""1.0 - g[\""_apf\""].transform(""], [""SUBSCRIPT_ASSIGN"", ""experiments\\exploration\\E0_I0019_availability_forecast\\s02_build_candidates.py"", 159, ""H[\""pl_dnp_frac5\""] = gs[\""_miss\""].transform(lambda x: x.shift(1).rolling(5, min_periods=2).mean())"", ""gs[\""_miss\""].transform(lambda x: x.shift(1).rolling(5, min_periods=2).mean())""], [""TUPLE_PAIR"", ""experiments\\exploration\\E0_I0019_availability_forecast\\s04b_diagnose.py"", 20, ""(\""pl_absence_spells\"", \""brier\""), (\""pl_dnp_frac5\"", \""skill_vs_R2\"")]:"", ""\""skill_vs_R2\""""], [""MENTION"", ""experiments\\exploration\\E0_I0014_residual_heterogeneity\\rh_base.py"", 330, ""return d[[\""game_id\"", \""team_id\"", \""player_id\"", \""pl_teamgames_since_appear\"", \""pl_dnp_frac5\""]]"", """"], [""MENTION"", ""experiments\\exploration\\E0_I0014_residual_heterogeneity\\s04_screen.py"", 40, ""\""pl_rest_days\"", \""pl_teamgames_since_appear\"", \""pl_dnp_frac5\"","", """"], [""MENTION"", ""experiments\\exploration\\E0_I0014_residual_heterogeneity\\s05_abstention.py"", 97, ""\""tm_roster_churn_prior\"", \""tm_five_tenure_prior\"", \""pl_dnp_frac5\""]:"", """"], [""MENTION"", ""experiments\\exploration\\E0_I0014_residual_heterogeneity\\s05_abstention.py"", 134, ""(\""dnp_frac5_minutes\"", \""pl_dnp_frac5\"", \""minutes\"", +1),"", """"], [""MENTION"", ""experiments\\exploration\\E0_I0014_residual_heterogeneity\\s08_conditioning.py"", 49, ""\""tm_prior_meetings\"", \""pl_dnp_frac5\"", \""pts__pred_width\""]"", """"], [""MENTION"", ""experiments\\exploration\\E0_I0015_points_skill_decomposition\\s03_mechanism_and_abstention.py"", 218, ""\""pl_teamgames_since_appear\"", \""pl_dnp_frac5\"","", """"], [""MENTION"", ""experiments\\exploration\\E0_I0019_availability_forecast\\s02_build_candidates.py"", 332, ""\""B_absence_return\"": [\""pl_missed_last\"", \""pl_missed_any_last3\"", \""pl_dnp_frac5\"","", """"]]"
E0_I0015_points_skill_decomposition,tm_game_idx,22,WORKTREE,SUBSCRIPT_ASSIGN,experiments\exploration\E0_I0019_availability_forecast\s02_build_candidates.py,58,"tg[""tm_game_idx""] = g.cumcount().astype(float)",g.cumcount().astype(float),"[[""SUBSCRIPT_ASSIGN"", ""experiments\\exploration\\E0_I0019_availability_forecast\\s02_build_candidates.py"", 58, ""tg[\""tm_game_idx\""] = g.cumcount().astype(float)"", ""g.cumcount().astype(float)""], [""NAME_ASSIGN"", ""experiments\\exploration\\E0_I0014_residual_heterogeneity\\rh_base.py"", 252, ""tm_game_idx = float(i)"", ""float(i)""], [""TUPLE_PAIR"", ""experiments\\exploration\\E0_I0014_residual_heterogeneity\\s08_conditioning.py"", 84, ""mean_team_game_idx=(\""tm_game_idx\"", \""mean\""),"", ""\""mean\""""], [""TUPLE_PAIR"", ""experiments\\exploration\\E1_I0020_coldstart_tiering\\s01_reproduce.py"", 54, ""mean_team_game_idx=(\""tm_game_idx\"", \""mean\""),"", ""\""mean\""""], [""DICT_VALUE"", ""experiments\\exploration\\E0_I0014_residual_heterogeneity\\rh_base.py"", 310, ""\""tm_rest_days\"": \""opp_rest_days\"", \""tm_game_idx\"": \""opp_game_idx\""})"", ""\""opp_game_idx\""""], [""COLUMNS_LIST"", ""experiments\\exploration\\E0_I0014_residual_heterogeneity\\rh_base.py"", 291, ""T = pd.DataFrame(rows, columns=[\""season\"", \""team_id\"", \""game_id\"", \""tm_game_idx\"", \""tm_rest_days\"","", """"], [""MENTION"", ""experiments\\exploration\\E0_I0014_residual_heterogeneity\\rh_base.py"", 295, ""T[\""tm_season_progress\""] = T[\""tm_game_idx\""] / 40.0"", """"], [""MENTION"", ""experiments\\exploration\\E0_I0014_residual_heterogeneity\\rh_base.py"", 308, ""\""tm_game_idx\""]].rename("", """"], [""MENTION"", ""experiments\\exploration\\E0_I0014_residual_heterogeneity\\rh_base.py"", 319, ""idx = T[[\""season\"", \""team_id\"", \""game_id\"", \""tm_game_idx\""]]"", """"], [""MENTION"", ""experiments\\exploration\\E0_I0014_residual_heterogeneity\\rh_base.py"", 321, ""d = d.sort_values([\""season\"", \""player_id\"", \""team_id\"", \""tm_game_idx\""])"", """"]]"
E0_I0015_points_skill_decomposition,tm_rest_days,13,WORKTREE,SUBSCRIPT_ASSIGN,experiments\exploration\E0_I0019_availability_forecast\s02_build_candidates.py,60,"tg[""tm_rest_days""] = g[""gdate""].transform(lambda x: (x - x.shift(1)).dt.days).astype(float)","g[""gdate""].transform(lambda x: (x - x.shift(1)).dt.days).astype(float)","[[""SUBSCRIPT_ASSIGN"", ""experiments\\exploration\\E0_I0019_availability_forecast\\s02_build_candidates.py"", 60, ""tg[\""tm_rest_days\""] = g[\""gdate\""].transform(lambda x: (x - x.shift(1)).dt.days).astype(float)"", ""g[\""gdate\""].transform(lambda x: (x - x.shift(1)).dt.days).astype(float)""], [""SUBSCRIPT_ASSIGN"", ""experiments\\exploration\\E0_I0019_availability_forecast\\s02_build_candidates.py"", 61, ""tg[\""tm_b2b\""] = (tg[\""tm_rest_days\""] == 1).astype(float)"", ""= 1).astype(float)""], [""DICT_VALUE"", ""experiments\\exploration\\E0_I0014_residual_heterogeneity\\rh_base.py"", 310, ""\""tm_rest_days\"": \""opp_rest_days\"", \""tm_game_idx\"": \""opp_game_idx\""})"", ""\""opp_rest_days\""""], [""COLUMNS_LIST"", ""experiments\\exploration\\E0_I0014_residual_heterogeneity\\rh_base.py"", 291, ""T = pd.DataFrame(rows, columns=[\""season\"", \""team_id\"", \""game_id\"", \""tm_game_idx\"", \""tm_rest_days\"","", """"], [""MENTION"", ""experiments\\exploration\\E0_I0014_residual_heterogeneity\\rh_base.py"", 307, ""opp = T[[\""season\"", \""game_id\"", \""team_id\"", \""tm_poss_mean_prior\"", \""tm_rest_days\"","", """"], [""MENTION"", ""experiments\\exploration\\E0_I0014_residual_heterogeneity\\rh_base.py"", 312, ""T[\""tm_rest_diff\""] = T[\""tm_rest_days\""] - T[\""opp_rest_days\""]"", """"], [""MENTION"", ""experiments\\exploration\\E0_I0014_residual_heterogeneity\\s04_screen.py"", 44, ""\""tm_rest_days\"", \""tm_b2b\"", \""tm_3in4\"", \""tm_games_prior7d\"", \""opp_rest_days\"", \""tm_rest_diff\"","", """"], [""MENTION"", ""experiments\\exploration\\E0_I0014_residual_heterogeneity\\s04_screen.py"", 63, ""FAMILY[c] = (\""schedule_state\"" if c in (\""tm_rest_days\"", \""tm_b2b\"", \""tm_3in4\"","", """"], [""MENTION"", ""experiments\\exploration\\E0_I0015_points_skill_decomposition\\s03_mechanism_and_abstention.py"", 219, ""\""tm_game_idx\"", \""tm_rest_days\"", \""tm_b2b\"", \""tm_3in4\"", \""tm_games_prior7d\"", \""tm_poss_mean_prior\"","", """"], [""MENTION"", ""experiments\\exploration\\E0_I0019_availability_forecast\\s02_build_candidates.py"", 129, ""\""tm_late_out_of_contention\"", \""tm_rest_days\"", \""tm_b2b\"", \""tm_3in4\"","", """"]]"
E0_I0015_points_skill_decomposition,tm_b2b,9,WORKTREE,SUBSCRIPT_ASSIGN,experiments\exploration\E0_I0019_availability_forecast\s02_build_candidates.py,61,"tg[""tm_b2b""] = (tg[""tm_rest_days""] == 1).astype(float)","(tg[""tm_rest_days""] == 1).astype(float)","[[""SUBSCRIPT_ASSIGN"", ""experiments\\exploration\\E0_I0019_availability_forecast\\s02_build_candidates.py"", 61, ""tg[\""tm_b2b\""] = (tg[\""tm_rest_days\""] == 1).astype(float)"", ""(tg[\""tm_rest_days\""] == 1).astype(float)""], [""MENTION"", ""experiments\\exploration\\E0_I0014_residual_heterogeneity\\rh_base.py"", 292, ""\""tm_b2b\"", \""tm_3in4\"", \""tm_games_prior7d\"", \""tm_poss_mean_prior\"","", """"], [""MENTION"", ""experiments\\exploration\\E0_I0014_residual_heterogeneity\\s04_screen.py"", 44, ""\""tm_rest_days\"", \""tm_b2b\"", \""tm_3in4\"", \""tm_games_prior7d\"", \""opp_rest_days\"", \""tm_rest_diff\"","", """"], [""MENTION"", ""experiments\\exploration\\E0_I0014_residual_heterogeneity\\s04_screen.py"", 63, ""FAMILY[c] = (\""schedule_state\"" if c in (\""tm_rest_days\"", \""tm_b2b\"", \""tm_3in4\"","", """"], [""MENTION"", ""experiments\\exploration\\E0_I0015_points_skill_decomposition\\s03_mechanism_and_abstention.py"", 219, ""\""tm_game_idx\"", \""tm_rest_days\"", \""tm_b2b\"", \""tm_3in4\"", \""tm_games_prior7d\"", \""tm_poss_mean_prior\"","", """"], [""MENTION"", ""experiments\\exploration\\E0_I0019_availability_forecast\\s02_build_candidates.py"", 129, ""\""tm_late_out_of_contention\"", \""tm_rest_days\"", \""tm_b2b\"", \""tm_3in4\"","", """"], [""MENTION"", ""experiments\\exploration\\E0_I0019_availability_forecast\\s02_build_candidates.py"", 342, ""\""F_schedule\"": [\""tm_rest_days\"", \""tm_b2b\"", \""tm_3in4\"", \""tm_games_prior7d\"", \""tm_is_home\""],"", """"], [""MENTION"", ""experiments\\exploration\\E1_I0044_broken_nulls_and_composites\\scripts\\s02_diagnose.py"", 44, ""TEAM_CANDS = [\""tm_rest_days\"", \""tm_b2b\"", \""tm_3in4\"", \""tm_games_prior7d\"", \""opp_rest_days\"","", """"], [""MENTION"", ""experiments\\exploration\\E1_I0044_broken_nulls_and_composites\\scripts\\_rebuild_e14.py"", 29, ""TEAM_CANDS = [\""tm_rest_days\"", \""tm_b2b\"", \""tm_3in4\"", \""tm_games_prior7d\"", \""opp_rest_days\"","", """"]]"
E0_I0015_points_skill_decomposition,tm_3in4,9,WORKTREE,SUBSCRIPT_ASSIGN,experiments\exploration\E0_I0019_availability_forecast\s02_build_candidates.py,82,"tg[""tm_3in4""] = (tg[""tm_n_prior3d""] >= 2).astype(float)","(tg[""tm_n_prior3d""] >= 2).astype(float)","[[""SUBSCRIPT_ASSIGN"", ""experiments\\exploration\\E0_I0019_availability_forecast\\s02_build_candidates.py"", 82, ""tg[\""tm_3in4\""] = (tg[\""tm_n_prior3d\""] >= 2).astype(float)"", ""(tg[\""tm_n_prior3d\""] >= 2).astype(float)""], [""MENTION"", ""experiments\\exploration\\E0_I0014_residual_heterogeneity\\rh_base.py"", 292, ""\""tm_b2b\"", \""tm_3in4\"", \""tm_games_prior7d\"", \""tm_poss_mean_prior\"","", """"], [""MENTION"", ""experiments\\exploration\\E0_I0014_residual_heterogeneity\\s04_screen.py"", 44, ""\""tm_rest_days\"", \""tm_b2b\"", \""tm_3in4\"", \""tm_games_prior7d\"", \""opp_rest_days\"", \""tm_rest_diff\"","", """"], [""MENTION"", ""experiments\\exploration\\E0_I0014_residual_heterogeneity\\s04_screen.py"", 63, ""FAMILY[c] = (\""schedule_state\"" if c in (\""tm_rest_days\"", \""tm_b2b\"", \""tm_3in4\"","", """"], [""MENTION"", ""experiments\\exploration\\E0_I0015_points_skill_decomposition\\s03_mechanism_and_abstention.py"", 219, ""\""tm_game_idx\"", \""tm_rest_days\"", \""tm_b2b\"", \""tm_3in4\"", \""tm_games_prior7d\"", \""tm_poss_mean_prior\"","", """"], [""MENTION"", ""experiments\\exploration\\E0_I0019_availability_forecast\\s02_build_candidates.py"", 129, ""\""tm_late_out_of_contention\"", \""tm_rest_days\"", \""tm_b2b\"", \""tm_3in4\"","", """"], [""MENTION"", ""experiments\\exploration\\E0_I0019_availability_forecast\\s02_build_candidates.py"", 342, ""\""F_schedule\"": [\""tm_rest_days\"", \""tm_b2b\"", \""tm_3in4\"", \""tm_games_prior7d\"", \""tm_is_home\""],"", """"], [""MENTION"", ""experiments\\exploration\\E1_I0044_broken_nulls_and_composites\\scripts\\s02_diagnose.py"", 44, ""TEAM_CANDS = [\""tm_rest_days\"", \""tm_b2b\"", \""tm_3in4\"", \""tm_games_prior7d\"", \""opp_rest_days\"","", """"], [""MENTION"", ""experiments\\exploration\\E1_I0044_broken_nulls_and_composites\\scripts\\_rebuild_e14.py"", 29, ""TEAM_CANDS = [\""tm_rest_days\"", \""tm_b2b\"", \""tm_3in4\"", \""tm_games_prior7d\"", \""opp_rest_days\"","", """"]]"
E0_I0015_points_skill_decomposition,tm_games_prior7d,9,WORKTREE,SUBSCRIPT_ASSIGN,experiments\exploration\E0_I0019_availability_forecast\s02_build_candidates.py,79,"gg[""tm_games_prior7d""] = _n_in_window(gg[""gdate""], 7)","_n_in_window(gg[""gdate""], 7)","[[""SUBSCRIPT_ASSIGN"", ""experiments\\exploration\\E0_I0019_availability_forecast\\s02_build_candidates.py"", 79, ""gg[\""tm_games_prior7d\""] = _n_in_window(gg[\""gdate\""], 7)"", ""_n_in_window(gg[\""gdate\""], 7)""], [""MENTION"", ""experiments\\exploration\\E0_I0014_residual_heterogeneity\\rh_base.py"", 292, ""\""tm_b2b\"", \""tm_3in4\"", \""tm_games_prior7d\"", \""tm_poss_mean_prior\"","", """"], [""MENTION"", ""experiments\\exploration\\E0_I0014_residual_heterogeneity\\s04_screen.py"", 44, ""\""tm_rest_days\"", \""tm_b2b\"", \""tm_3in4\"", \""tm_games_prior7d\"", \""opp_rest_days\"", \""tm_rest_diff\"","", """"], [""MENTION"", ""experiments\\exploration\\E0_I0014_residual_heterogeneity\\s04_screen.py"", 64, ""\""tm_games_prior7d\"", \""opp_rest_days\"", \""tm_rest_diff\"")"", """"], [""MENTION"", ""experiments\\exploration\\E0_I0015_points_skill_decomposition\\s03_mechanism_and_abstention.py"", 219, ""\""tm_game_idx\"", \""tm_rest_days\"", \""tm_b2b\"", \""tm_3in4\"", \""tm_games_prior7d\"", \""tm_poss_mean_prior\"","", """"], [""MENTION"", ""experiments\\exploration\\E0_I0019_availability_forecast\\s02_build_candidates.py"", 130, ""\""tm_games_prior7d\"", \""tm_is_home\"", \""tm_roster_churn_prior\"", \""tm_newfaces_prior\"","", """"], [""MENTION"", ""experiments\\exploration\\E0_I0019_availability_forecast\\s02_build_candidates.py"", 342, ""\""F_schedule\"": [\""tm_rest_days\"", \""tm_b2b\"", \""tm_3in4\"", \""tm_games_prior7d\"", \""tm_is_home\""],"", """"], [""MENTION"", ""experiments\\exploration\\E1_I0044_broken_nulls_and_composites\\scripts\\s02_diagnose.py"", 44, ""TEAM_CANDS = [\""tm_rest_days\"", \""tm_b2b\"", \""tm_3in4\"", \""tm_games_prior7d\"", \""opp_rest_days\"","", """"], [""MENTION"", ""experiments\\exploration\\E1_I0044_broken_nulls_and_composites\\scripts\\_rebuild_e14.py"", 29, ""TEAM_CANDS = [\""tm_rest_days\"", \""tm_b2b\"", \""tm_3in4\"", \""tm_games_prior7d\"", \""opp_rest_days\"","", """"]]"
E0_I0015_points_skill_decomposition,tm_poss_mean_prior,1,IN_SCREEN,MENTION,experiments\exploration\E0_I0015_points_skill_decomposition\s03_mechanism_and_abstention.py,219,"""tm_game_idx"", ""tm_rest_days"", ""tm_b2b"", ""tm_3in4"", ""tm_games_prior7d"", ""tm_poss_mean_prior"",",,"[[""MENTION"", ""experiments\\exploration\\E0_I0015_points_skill_decomposition\\s03_mechanism_and_abstention.py"", 219, ""\""tm_game_idx\"", \""tm_rest_days\"", \""tm_b2b\"", \""tm_3in4\"", \""tm_games_prior7d\"", \""tm_poss_mean_prior\"","", """"]]"
E0_I0015_points_skill_decomposition,tm_roster_churn_prior,1,IN_SCREEN,MENTION,experiments\exploration\E0_I0015_points_skill_decomposition\s03_mechanism_and_abstention.py,220,"""tm_roster_churn_prior"", ""tm_newfaces_prior"", ""tm_five_tenure_prior"", ""tm_five_changed_prior"",",,"[[""MENTION"", ""experiments\\exploration\\E0_I0015_points_skill_decomposition\\s03_mechanism_and_abstention.py"", 220, ""\""tm_roster_churn_prior\"", \""tm_newfaces_prior\"", \""tm_five_tenure_prior\"", \""tm_five_changed_prior\"","", """"]]"
E0_I0015_points_skill_decomposition,tm_newfaces_prior,1,IN_SCREEN,MENTION,experiments\exploration\E0_I0015_points_skill_decomposition\s03_mechanism_and_abstention.py,220,"""tm_roster_churn_prior"", ""tm_newfaces_prior"", ""tm_five_tenure_prior"", ""tm_five_changed_prior"",",,"[[""MENTION"", ""experiments\\exploration\\E0_I0015_points_skill_decomposition\\s03_mechanism_and_abstention.py"", 220, ""\""tm_roster_churn_prior\"", \""tm_newfaces_prior\"", \""tm_five_tenure_prior\"", \""tm_five_changed_prior\"","", """"]]"
E0_I0015_points_skill_decomposition,tm_five_tenure_prior,1,IN_SCREEN,MENTION,experiments\exploration\E0_I0015_points_skill_decomposition\s03_mechanism_and_abstention.py,220,"""tm_roster_churn_prior"", ""tm_newfaces_prior"", ""tm_five_tenure_prior"", ""tm_five_changed_prior"",",,"[[""MENTION"", ""experiments\\exploration\\E0_I0015_points_skill_decomposition\\s03_mechanism_and_abstention.py"", 220, ""\""tm_roster_churn_prior\"", \""tm_newfaces_prior\"", \""tm_five_tenure_prior\"", \""tm_five_changed_prior\"","", """"]]"
E0_I0015_points_skill_decomposition,tm_five_changed_prior,1,IN_SCREEN,MENTION,experiments\exploration\E0_I0015_points_skill_decomposition\s03_mechanism_and_abstention.py,220,"""tm_roster_churn_prior"", ""tm_newfaces_prior"", ""tm_five_tenure_prior"", ""tm_five_changed_prior"",",,"[[""MENTION"", ""experiments\\exploration\\E0_I0015_points_skill_decomposition\\s03_mechanism_and_abstention.py"", 220, ""\""tm_roster_churn_prior\"", \""tm_newfaces_prior\"", \""tm_five_tenure_prior\"", \""tm_five_changed_prior\"","", """"]]"
E0_I0015_points_skill_decomposition,tm_season_progress,6,WORKTREE,SUBSCRIPT_ASSIGN,experiments\exploration\E0_I0014_residual_heterogeneity\rh_base.py,295,"T[""tm_season_progress""] = T[""tm_game_idx""] / 40.0","T[""tm_game_idx""] / 40.0","[[""SUBSCRIPT_ASSIGN"", ""experiments\\exploration\\E0_I0014_residual_heterogeneity\\rh_base.py"", 295, ""T[\""tm_season_progress\""] = T[\""tm_game_idx\""] / 40.0"", ""T[\""tm_game_idx\""] / 40.0""], [""SUBSCRIPT_ASSIGN"", ""experiments\\exploration\\E0_I0019_availability_forecast\\s02_build_candidates.py"", 83, ""tg[\""tm_season_progress\""] = tg[\""tm_game_idx\""] / 40.0"", ""tg[\""tm_game_idx\""] / 40.0""], [""MENTION"", ""experiments\\exploration\\E0_I0015_points_skill_decomposition\\s03_mechanism_and_abstention.py"", 221, ""\""tm_season_progress\"", \""tm_prior_meetings\"", \""tm_first_meeting\"", \""tm_is_home\"", \""tm_rest_diff\"","", """"], [""MENTION"", ""experiments\\exploration\\E0_I0019_availability_forecast\\s02_build_candidates.py"", 88, ""tg[\""tm_late_out_of_contention\""] = ((tg[\""tm_season_progress\""] > 0.75) &"", """"], [""MENTION"", ""experiments\\exploration\\E0_I0019_availability_forecast\\s02_build_candidates.py"", 128, ""TEAMCOLS = [\""tm_game_idx\"", \""tm_season_progress\"", \""tm_win_pct_prior\"", \""tm_win_pct_vs_league\"","", """"], [""MENTION"", ""experiments\\exploration\\E0_I0019_availability_forecast\\s02_build_candidates.py"", 343, ""\""G_season_phase_contention\"": [\""tm_game_idx\"", \""tm_season_progress\"", \""tm_win_pct_prior\"","", """"]]"
E0_I0015_points_skill_decomposition,tm_prior_meetings,8,WORKTREE,SUBSCRIPT_ASSIGN,experiments\exploration\E0_I0014_residual_heterogeneity\rh_base.py,300,"mm[""tm_prior_meetings""] = mm.groupby([""season"", ""team_id"", ""opp_team_id""]).cumcount().astype(float)","mm.groupby([""season"", ""team_id"", ""opp_team_id""]).cumcount().astype(float)","[[""SUBSCRIPT_ASSIGN"", ""experiments\\exploration\\E0_I0014_residual_heterogeneity\\rh_base.py"", 300, ""mm[\""tm_prior_meetings\""] = mm.groupby([\""season\"", \""team_id\"", \""opp_team_id\""]).cumcount().astype(float)"", ""mm.groupby([\""season\"", \""team_id\"", \""opp_team_id\""]).cumcount().astype(float)""], [""SUBSCRIPT_ASSIGN"", ""experiments\\exploration\\E0_I0014_residual_heterogeneity\\rh_base.py"", 301, ""mm[\""tm_first_meeting\""] = (mm[\""tm_prior_meetings\""] == 0).astype(float)"", ""= 0).astype(float)""], [""MENTION"", ""experiments\\exploration\\E0_I0014_residual_heterogeneity\\rh_base.py"", 302, ""T = T.merge(mm[[\""season\"", \""team_id\"", \""game_id\"", \""tm_prior_meetings\"", \""tm_first_meeting\"","", """"], [""MENTION"", ""experiments\\exploration\\E0_I0014_residual_heterogeneity\\s04_screen.py"", 48, ""\""tm_prior_meetings\"", \""tm_first_meeting\"","", """"], [""MENTION"", ""experiments\\exploration\\E0_I0014_residual_heterogeneity\\s08_conditioning.py"", 49, ""\""tm_prior_meetings\"", \""pl_dnp_frac5\"", \""pts__pred_width\""]"", """"], [""MENTION"", ""experiments\\exploration\\E0_I0015_points_skill_decomposition\\s03_mechanism_and_abstention.py"", 221, ""\""tm_season_progress\"", \""tm_prior_meetings\"", \""tm_first_meeting\"", \""tm_is_home\"", \""tm_rest_diff\"","", """"], [""MENTION"", ""experiments\\exploration\\E1_I0044_broken_nulls_and_composites\\scripts\\s02_diagnose.py"", 46, ""\""tm_five_tenure_prior\"", \""tm_five_changed_prior\"", \""tm_prior_meetings\"","", """"], [""MENTION"", ""experiments\\exploration\\E1_I0044_broken_nulls_and_composites\\scripts\\_rebuild_e14.py"", 31, ""\""tm_five_tenure_prior\"", \""tm_five_changed_prior\"", \""tm_prior_meetings\"","", """"]]"
E0_I0015_points_skill_decomposition,tm_first_meeting,7,WORKTREE,SUBSCRIPT_ASSIGN,experiments\exploration\E0_I0014_residual_heterogeneity\rh_base.py,301,"mm[""tm_first_meeting""] = (mm[""tm_prior_meetings""] == 0).astype(float)","(mm[""tm_prior_meetings""] == 0).astype(float)","[[""SUBSCRIPT_ASSIGN"", ""experiments\\exploration\\E0_I0014_residual_heterogeneity\\rh_base.py"", 301, ""mm[\""tm_first_meeting\""] = (mm[\""tm_prior_meetings\""] == 0).astype(float)"", ""(mm[\""tm_prior_meetings\""] == 0).astype(float)""], [""MENTION"", ""experiments\\exploration\\E0_I0014_residual_heterogeneity\\rh_base.py"", 302, ""T = T.merge(mm[[\""season\"", \""team_id\"", \""game_id\"", \""tm_prior_meetings\"", \""tm_first_meeting\"","", """"], [""MENTION"", ""experiments\\exploration\\E0_I0014_residual_heterogeneity\\s04_screen.py"", 48, ""\""tm_prior_meetings\"", \""tm_first_meeting\"","", """"], [""MENTION"", ""experiments\\exploration\\E0_I0014_residual_heterogeneity\\s08_conditioning.py"", 47, ""LEADS = [\""pl_games_prior\"", \""tm_newfaces_prior\"", \""tm_first_meeting\"", \""tm_game_idx\"","", """"], [""MENTION"", ""experiments\\exploration\\E0_I0015_points_skill_decomposition\\s03_mechanism_and_abstention.py"", 221, ""\""tm_season_progress\"", \""tm_prior_meetings\"", \""tm_first_meeting\"", \""tm_is_home\"", \""tm_rest_diff\"","", """"], [""MENTION"", ""experiments\\exploration\\E1_I0044_broken_nulls_and_composites\\scripts\\s02_diagnose.py"", 47, ""\""tm_first_meeting\"", \""tm_is_home\"", \""tm_game_idx\"", \""opp_game_idx\"","", """"], [""MENTION"", ""experiments\\exploration\\E1_I0044_broken_nulls_and_composites\\scripts\\_rebuild_e14.py"", 32, ""\""tm_first_meeting\"", \""tm_is_home\"", \""tm_game_idx\"", \""opp_game_idx\"","", """"]]"
E0_I0015_points_skill_decomposition,tm_is_home,17,WORKTREE,SUBSCRIPT_ASSIGN,experiments\exploration\E0_I0014_residual_heterogeneity\rh_base.py,304,"T[""tm_is_home""] = T[""is_home""].astype(float)","T[""is_home""].astype(float)","[[""SUBSCRIPT_ASSIGN"", ""experiments\\exploration\\E0_I0014_residual_heterogeneity\\rh_base.py"", 304, ""T[\""tm_is_home\""] = T[\""is_home\""].astype(float)"", ""T[\""is_home\""].astype(float)""], [""SUBSCRIPT_ASSIGN"", ""experiments\\exploration\\E0_I0019_availability_forecast\\s02_build_candidates.py"", 84, ""tg[\""tm_is_home\""] = pd.to_numeric(tg[\""is_home\""], errors=\""coerce\"").astype(float)"", ""pd.to_numeric(tg[\""is_home\""], errors=\""coerce\"").astype(float)""], [""MENTION"", ""experiments\\exploration\\E0_I0014_residual_heterogeneity\\s04_screen.py"", 50, ""\""tm_is_home\"", \""tm_game_idx\"", \""opp_game_idx\"", \""tm_poss_mean_prior\"", \""opp_poss_mean_prior\"","", """"], [""MENTION"", ""experiments\\exploration\\E0_I0015_points_skill_decomposition\\s03_mechanism_and_abstention.py"", 221, ""\""tm_season_progress\"", \""tm_prior_meetings\"", \""tm_first_meeting\"", \""tm_is_home\"", \""tm_rest_diff\"","", """"], [""MENTION"", ""experiments\\exploration\\E0_I0019_availability_forecast\\s02_build_candidates.py"", 130, ""\""tm_games_prior7d\"", \""tm_is_home\"", \""tm_roster_churn_prior\"", \""tm_newfaces_prior\"","", """"], [""MENTION"", ""experiments\\exploration\\E0_I0019_availability_forecast\\s02_build_candidates.py"", 342, ""\""F_schedule\"": [\""tm_rest_days\"", \""tm_b2b\"", \""tm_3in4\"", \""tm_games_prior7d\"", \""tm_is_home\""],"", """"], [""MENTION"", ""experiments\\exploration\\E1_I0032_aggregate_stack\\scripts\\s02_join_probe.py"", 63, ""print(\""  tm_is_home: %s\"" % tier[\""tm_is_home\""].value_counts(dropna=False).to_dict())"", """"], [""MENTION"", ""experiments\\exploration\\E1_I0032_aggregate_stack\\scripts\\s04b_attrition.py"", 27, ""\""pts__pred_point\"", \""minutes__pred_point\"", \""fga__pred_point\"", \""tm_is_home\""]"", """"], [""MENTION"", ""experiments\\exploration\\E1_I0032_aggregate_stack\\scripts\\s04b_attrition.py"", 38, ""feats = [\""O01_own_usg_pg\"", \""P01_c04_prevgame\"", \""G01_noise\"", \""A10_opp_defrtg\"", \""tm_is_home\"","", """"], [""MENTION"", ""experiments\\exploration\\E1_I0032_aggregate_stack\\scripts\\s04_build.py"", 43, ""\""pts__is_fallback\"", \""tm_is_home\"", \""depth_rank\"", \""draft_pick\"","", """"]]"
E0_I0015_points_skill_decomposition,tm_rest_diff,6,WORKTREE,SUBSCRIPT_ASSIGN,experiments\exploration\E0_I0014_residual_heterogeneity\rh_base.py,312,"T[""tm_rest_diff""] = T[""tm_rest_days""] - T[""opp_rest_days""]","T[""tm_rest_days""] - T[""opp_rest_days""]","[[""SUBSCRIPT_ASSIGN"", ""experiments\\exploration\\E0_I0014_residual_heterogeneity\\rh_base.py"", 312, ""T[\""tm_rest_diff\""] = T[\""tm_rest_days\""] - T[\""opp_rest_days\""]"", ""T[\""tm_rest_days\""] - T[\""opp_rest_days\""]""], [""MENTION"", ""experiments\\exploration\\E0_I0014_residual_heterogeneity\\s04_screen.py"", 44, ""\""tm_rest_days\"", \""tm_b2b\"", \""tm_3in4\"", \""tm_games_prior7d\"", \""opp_rest_days\"", \""tm_rest_diff\"","", """"], [""MENTION"", ""experiments\\exploration\\E0_I0014_residual_heterogeneity\\s04_screen.py"", 64, ""\""tm_games_prior7d\"", \""opp_rest_days\"", \""tm_rest_diff\"")"", """"], [""MENTION"", ""experiments\\exploration\\E0_I0015_points_skill_decomposition\\s03_mechanism_and_abstention.py"", 221, ""\""tm_season_progress\"", \""tm_prior_meetings\"", \""tm_first_meeting\"", \""tm_is_home\"", \""tm_rest_diff\"","", """"], [""MENTION"", ""experiments\\exploration\\E1_I0044_broken_nulls_and_composites\\scripts\\s02_diagnose.py"", 45, ""\""tm_rest_diff\"", \""tm_roster_churn_prior\"", \""tm_newfaces_prior\"","", """"], [""MENTION"", ""experiments\\exploration\\E1_I0044_broken_nulls_and_composites\\scripts\\_rebuild_e14.py"", 30, ""\""tm_rest_diff\"", \""tm_roster_churn_prior\"", \""tm_newfaces_prior\"","", """"]]"
E0_I0015_points_skill_decomposition,opp_poss_mean_prior,1,IN_SCREEN,MENTION,experiments\exploration\E0_I0015_points_skill_decomposition\s03_mechanism_and_abstention.py,222,"""opp_poss_mean_prior"", ""opp_rest_days"", ""opp_game_idx"",",,"[[""MENTION"", ""experiments\\exploration\\E0_I0015_points_skill_decomposition\\s03_mechanism_and_abstention.py"", 222, ""\""opp_poss_mean_prior\"", \""opp_rest_days\"", \""opp_game_idx\"","", """"]]"
E0_I0015_points_skill_decomposition,opp_rest_days,1,IN_SCREEN,MENTION,experiments\exploration\E0_I0015_points_skill_decomposition\s03_mechanism_and_abstention.py,222,"""opp_poss_mean_prior"", ""opp_rest_days"", ""opp_game_idx"",",,"[[""MENTION"", ""experiments\\exploration\\E0_I0015_points_skill_decomposition\\s03_mechanism_and_abstention.py"", 222, ""\""opp_poss_mean_prior\"", \""opp_rest_days\"", \""opp_game_idx\"","", """"]]"
E0_I0015_points_skill_decomposition,opp_game_idx,1,IN_SCREEN,MENTION,experiments\exploration\E0_I0015_points_skill_decomposition\s03_mechanism_and_abstention.py,222,"""opp_poss_mean_prior"", ""opp_rest_days"", ""opp_game_idx"",",,"[[""MENTION"", ""experiments\\exploration\\E0_I0015_points_skill_decomposition\\s03_mechanism_and_abstention.py"", 222, ""\""opp_poss_mean_prior\"", \""opp_rest_days\"", \""opp_game_idx\"","", """"]]"
E0_I0015_points_skill_decomposition,pts__pred_sd,2,IN_SCREEN,MENTION,experiments\exploration\E0_I0015_points_skill_decomposition\s03_mechanism_and_abstention.py,211,"f[""rate_pred_cv""] = f[""pts__pred_sd""] / f[""pts__pred_point""].replace(0, np.nan)",,"[[""MENTION"", ""experiments\\exploration\\E0_I0015_points_skill_decomposition\\s03_mechanism_and_abstention.py"", 211, ""f[\""rate_pred_cv\""] = f[\""pts__pred_sd\""] / f[\""pts__pred_point\""].replace(0, np.nan)"", """"], [""MENTION"", ""experiments\\exploration\\E0_I0015_points_skill_decomposition\\s03_mechanism_and_abstention.py"", 223, ""\""pts__pred_sd\"", \""pts__pred_width\"", \""pts__pred_iqr\"", \""pts__is_fallback\"", \""pts__fallback_level\"","", """"]]"
E0_I0015_points_skill_decomposition,pts__pred_width,3,IN_SCREEN,SUBSCRIPT_ASSIGN,experiments\exploration\E0_I0015_points_skill_decomposition\s03_mechanism_and_abstention.py,206,"f[""pts__pred_width""] = f[""pts__pred_q95""] - f[""pts__pred_q05""]","f[""pts__pred_q95""] - f[""pts__pred_q05""]","[[""SUBSCRIPT_ASSIGN"", ""experiments\\exploration\\E0_I0015_points_skill_decomposition\\s03_mechanism_and_abstention.py"", 206, ""f[\""pts__pred_width\""] = f[\""pts__pred_q95\""] - f[\""pts__pred_q05\""]"", ""f[\""pts__pred_q95\""] - f[\""pts__pred_q05\""]""], [""MENTION"", ""experiments\\exploration\\E0_I0015_points_skill_decomposition\\s03_mechanism_and_abstention.py"", 210, ""f[\""rate_pred_width\""] = f[\""pts__pred_width\""] / f[\""minutes__pred_point\""]"", """"], [""MENTION"", ""experiments\\exploration\\E0_I0015_points_skill_decomposition\\s03_mechanism_and_abstention.py"", 223, ""\""pts__pred_sd\"", \""pts__pred_width\"", \""pts__pred_iqr\"", \""pts__is_fallback\"", \""pts__fallback_level\"","", """"]]"
E0_I0015_points_skill_decomposition,pts__pred_iqr,2,IN_SCREEN,SUBSCRIPT_ASSIGN,experiments\exploration\E0_I0015_points_skill_decomposition\s03_mechanism_and_abstention.py,209,"f[""pts__pred_iqr""] = f[""pts__pred_q75""] - f[""pts__pred_q25""]","f[""pts__pred_q75""] - f[""pts__pred_q25""]","[[""SUBSCRIPT_ASSIGN"", ""experiments\\exploration\\E0_I0015_points_skill_decomposition\\s03_mechanism_and_abstention.py"", 209, ""f[\""pts__pred_iqr\""] = f[\""pts__pred_q75\""] - f[\""pts__pred_q25\""]"", ""f[\""pts__pred_q75\""] - f[\""pts__pred_q25\""]""], [""MENTION"", ""experiments\\exploration\\E0_I0015_points_skill_decomposition\\s03_mechanism_and_abstention.py"", 223, ""\""pts__pred_sd\"", \""pts__pred_width\"", \""pts__pred_iqr\"", \""pts__is_fallback\"", \""pts__fallback_level\"","", """"]]"
E0_I0015_points_skill_decomposition,pts__is_fallback,26,WORKTREE,SUBSCRIPT_ASSIGN,experiments\exploration\E0_I0014_residual_heterogeneity\s08_conditioning.py,20,"f[""pts__is_fallback""] = f[""pts__is_fallback""].astype(float)","f[""pts__is_fallback""].astype(float)","[[""SUBSCRIPT_ASSIGN"", ""experiments\\exploration\\E0_I0014_residual_heterogeneity\\s08_conditioning.py"", 20, ""f[\""pts__is_fallback\""] = f[\""pts__is_fallback\""].astype(float)"", ""f[\""pts__is_fallback\""].astype(float)""], [""GENERATED[%s__is_fallback]"", ""experiments\\exploration\\E0_I0014_residual_heterogeneity\\s05_abstention.py"", 30, ""f[\""%s__is_fallback\"" % t] = f[\""%s__is_fallback\"" % t].astype(float)"", ""f[\""%s__is_fallback\"" % t].astype(float)""], [""TUPLE_PAIR"", ""experiments\\exploration\\E0_I0014_residual_heterogeneity\\s08_conditioning.py"", 86, ""fallback_rate=(\""pts__is_fallback\"", \""mean\""),"", ""\""mean\""""], [""TUPLE_PAIR"", ""experiments\\exploration\\E1_I0020_coldstart_tiering\\s01_reproduce.py"", 56, ""fallback_rate=(\""pts__is_fallback\"", \""mean\""),"", ""\""mean\""""], [""MENTION"", ""experiments\\exploration\\E0_I0014_residual_heterogeneity\\s05_abstention.py"", 130, ""(\""is_fallback_minutes\"", \""pts__is_fallback\"", \""minutes\"", +1),"", """"], [""MENTION"", ""experiments\\exploration\\E0_I0014_residual_heterogeneity\\s05_abstention.py"", 210, ""fb = f[\""pts__is_fallback\""].to_numpy(float)"", """"], [""MENTION"", ""experiments\\exploration\\E0_I0014_residual_heterogeneity\\s08_conditioning.py"", 48, ""\""pl_minutes_prior\"", \""pts__is_fallback\"", \""tm_five_tenure_prior\"","", """"], [""MENTION"", ""experiments\\exploration\\E0_I0015_points_skill_decomposition\\s03_mechanism_and_abstention.py"", 223, ""\""pts__pred_sd\"", \""pts__pred_width\"", \""pts__pred_iqr\"", \""pts__is_fallback\"", \""pts__fallback_level\"","", """"], [""MENTION"", ""experiments\\exploration\\E0_I0015_points_skill_decomposition\\s04_findings.py"", 45, ""(\""non-fallback rows only\"", f[\""pts__is_fallback\""].to_numpy(float) == 0),"", """"], [""MENTION"", ""experiments\\exploration\\E0_I0015_points_skill_decomposition\\s05_stratified.py"", 35, ""fb = f[\""pts__is_fallback\""].to_numpy(float) if f[\""pts__is_fallback\""].dtype != bool \\"", """"]]"
E0_I0015_points_skill_decomposition,pts__fallback_level,1,IN_SCREEN,MENTION,experiments\exploration\E0_I0015_points_skill_decomposition\s03_mechanism_and_abstention.py,223,"""pts__pred_sd"", ""pts__pred_width"", ""pts__pred_iqr"", ""pts__is_fallback"", ""pts__fallback_level"",",,"[[""MENTION"", ""experiments\\exploration\\E0_I0015_points_skill_decomposition\\s03_mechanism_and_abstention.py"", 223, ""\""pts__pred_sd\"", \""pts__pred_width\"", \""pts__pred_iqr\"", \""pts__is_fallback\"", \""pts__fallback_level\"","", """"]]"
E0_I0015_points_skill_decomposition,pts__is_cold_start,8,WORKTREE,GENERATED[%s__is_cold_start],experiments\exploration\E0_I0014_residual_heterogeneity\s03_build_frame.py,65,"cs = z[z[""%s__is_cold_start"" % t] == True]",= True],"[[""GENERATED[%s__is_cold_start]"", ""experiments\\exploration\\E0_I0014_residual_heterogeneity\\s03_build_frame.py"", 65, ""cs = z[z[\""%s__is_cold_start\"" % t] == True]"", ""= True]""], [""GENERATED[%s__is_cold_start]"", ""experiments\\exploration\\E0_I0019_availability_forecast\\s01_provenance.py"", 190, ""cs = f[f[\""%s__is_cold_start\"" % arm] == True]"", ""= True]""], [""GENERATED[%s__is_cold_start]"", ""experiments\\exploration\\E0_I0019_availability_forecast\\s01_provenance_v1_FAILED.py"", 190, ""cs = f[f[\""%s__is_cold_start\"" % arm] == True]"", ""= True]""], [""GENERATED[%s__is_cold_start]"", ""experiments\\exploration\\E0_I0019_availability_forecast\\s01_provenance_v2_INCONCLUSIVE.py"", 190, ""cs = f[f[\""%s__is_cold_start\"" % arm] == True]"", ""= True]""], [""GENERATED[%s__is_cold_start]"", ""experiments\\exploration\\E0_I0019_availability_forecast\\s01_provenance_v3_MISCALIBRATED.py"", 190, ""cs = f[f[\""%s__is_cold_start\"" % arm] == True]"", ""= True]""], [""MENTION"", ""experiments\\exploration\\E0_I0015_points_skill_decomposition\\s03_mechanism_and_abstention.py"", 224, ""\""pts__is_cold_start\"", \""pts__n_prior_games\"", \""minutes__pred_sd\"", \""minutes__pred_width\"","", """"], [""MENTION"", ""experiments\\exploration\\E1_I0020_coldstart_tiering\\s02b_diagnose.py"", 78, ""coldstart_rate=float(s[\""pts__is_cold_start\""].mean()),"", """"], [""MENTION"", ""experiments\\exploration\\E1_I0022_optimal_simple_estimator\\s05_inference_and_where.py"", 176, ""cs = f[\""pts__is_cold_start\""].to_numpy(bool)"", """"]]"
E0_I0015_points_skill_decomposition,pts__n_prior_games,1,IN_SCREEN,MENTION,experiments\exploration\E0_I0015_points_skill_decomposition\s03_mechanism_and_abstention.py,224,"""pts__is_cold_start"", ""pts__n_prior_games"", ""minutes__pred_sd"", ""minutes__pred_width"",",,"[[""MENTION"", ""experiments\\exploration\\E0_I0015_points_skill_decomposition\\s03_mechanism_and_abstention.py"", 224, ""\""pts__is_cold_start\"", \""pts__n_prior_games\"", \""minutes__pred_sd\"", \""minutes__pred_width\"","", """"]]"
E0_I0015_points_skill_decomposition,minutes__pred_sd,1,IN_SCREEN,MENTION,experiments\exploration\E0_I0015_points_skill_decomposition\s03_mechanism_and_abstention.py,224,"""pts__is_cold_start"", ""pts__n_prior_games"", ""minutes__pred_sd"", ""minutes__pred_width"",",,"[[""MENTION"", ""experiments\\exploration\\E0_I0015_points_skill_decomposition\\s03_mechanism_and_abstention.py"", 224, ""\""pts__is_cold_start\"", \""pts__n_prior_games\"", \""minutes__pred_sd\"", \""minutes__pred_width\"","", """"]]"
E0_I0015_points_skill_decomposition,minutes__pred_width,2,IN_SCREEN,SUBSCRIPT_ASSIGN,experiments\exploration\E0_I0015_points_skill_decomposition\s03_mechanism_and_abstention.py,207,"f[""minutes__pred_width""] = f[""minutes__pred_q95""] - f[""minutes__pred_q05""]","f[""minutes__pred_q95""] - f[""minutes__pred_q05""]","[[""SUBSCRIPT_ASSIGN"", ""experiments\\exploration\\E0_I0015_points_skill_decomposition\\s03_mechanism_and_abstention.py"", 207, ""f[\""minutes__pred_width\""] = f[\""minutes__pred_q95\""] - f[\""minutes__pred_q05\""]"", ""f[\""minutes__pred_q95\""] - f[\""minutes__pred_q05\""]""], [""MENTION"", ""experiments\\exploration\\E0_I0015_points_skill_decomposition\\s03_mechanism_and_abstention.py"", 224, ""\""pts__is_cold_start\"", \""pts__n_prior_games\"", \""minutes__pred_sd\"", \""minutes__pred_width\"","", """"]]"
E0_I0015_points_skill_decomposition,minutes__is_fallback,3,WORKTREE,GENERATED[%s__is_fallback],experiments\exploration\E0_I0014_residual_heterogeneity\s05_abstention.py,30,"f[""%s__is_fallback"" % t] = f[""%s__is_fallback"" % t].astype(float)","f[""%s__is_fallback"" % t].astype(float)","[[""GENERATED[%s__is_fallback]"", ""experiments\\exploration\\E0_I0014_residual_heterogeneity\\s05_abstention.py"", 30, ""f[\""%s__is_fallback\"" % t] = f[\""%s__is_fallback\"" % t].astype(float)"", ""f[\""%s__is_fallback\"" % t].astype(float)""], [""MENTION"", ""experiments\\exploration\\E0_I0015_points_skill_decomposition\\s03_mechanism_and_abstention.py"", 225, ""\""minutes__is_fallback\"", \""fga__pred_sd\"", \""fga__pred_width\"", \""fga__is_fallback\"","", """"], [""MENTION"", ""experiments\\exploration\\E1_I0022_optimal_simple_estimator\\s06_fallback_anatomy.py"", 91, ""f[\""pts__is_fallback\""].to_numpy(bool) | f[\""minutes__is_fallback\""].to_numpy(bool))"", """"]]"
E0_I0015_points_skill_decomposition,fga__pred_sd,1,IN_SCREEN,MENTION,experiments\exploration\E0_I0015_points_skill_decomposition\s03_mechanism_and_abstention.py,225,"""minutes__is_fallback"", ""fga__pred_sd"", ""fga__pred_width"", ""fga__is_fallback"",",,"[[""MENTION"", ""experiments\\exploration\\E0_I0015_points_skill_decomposition\\s03_mechanism_and_abstention.py"", 225, ""\""minutes__is_fallback\"", \""fga__pred_sd\"", \""fga__pred_width\"", \""fga__is_fallback\"","", """"]]"
E0_I0015_points_skill_decomposition,fga__pred_width,2,IN_SCREEN,SUBSCRIPT_ASSIGN,experiments\exploration\E0_I0015_points_skill_decomposition\s03_mechanism_and_abstention.py,208,"f[""fga__pred_width""] = f[""fga__pred_q95""] - f[""fga__pred_q05""]","f[""fga__pred_q95""] - f[""fga__pred_q05""]","[[""SUBSCRIPT_ASSIGN"", ""experiments\\exploration\\E0_I0015_points_skill_decomposition\\s03_mechanism_and_abstention.py"", 208, ""f[\""fga__pred_width\""] = f[\""fga__pred_q95\""] - f[\""fga__pred_q05\""]"", ""f[\""fga__pred_q95\""] - f[\""fga__pred_q05\""]""], [""MENTION"", ""experiments\\exploration\\E0_I0015_points_skill_decomposition\\s03_mechanism_and_abstention.py"", 225, ""\""minutes__is_fallback\"", \""fga__pred_sd\"", \""fga__pred_width\"", \""fga__is_fallback\"","", """"]]"
E0_I0015_points_skill_decomposition,fga__is_fallback,2,WORKTREE,GENERATED[%s__is_fallback],experiments\exploration\E0_I0014_residual_heterogeneity\s05_abstention.py,30,"f[""%s__is_fallback"" % t] = f[""%s__is_fallback"" % t].astype(float)","f[""%s__is_fallback"" % t].astype(float)","[[""GENERATED[%s__is_fallback]"", ""experiments\\exploration\\E0_I0014_residual_heterogeneity\\s05_abstention.py"", 30, ""f[\""%s__is_fallback\"" % t] = f[\""%s__is_fallback\"" % t].astype(float)"", ""f[\""%s__is_fallback\"" % t].astype(float)""], [""MENTION"", ""experiments\\exploration\\E0_I0015_points_skill_decomposition\\s03_mechanism_and_abstention.py"", 225, ""\""minutes__is_fallback\"", \""fga__pred_sd\"", \""fga__pred_width\"", \""fga__is_fallback\"","", """"]]"
E0_I0015_points_skill_decomposition,rate_pred_width,2,IN_SCREEN,SUBSCRIPT_ASSIGN,experiments\exploration\E0_I0015_points_skill_decomposition\s03_mechanism_and_abstention.py,210,"f[""rate_pred_width""] = f[""pts__pred_width""] / f[""minutes__pred_point""]","f[""pts__pred_width""] / f[""minutes__pred_point""]","[[""SUBSCRIPT_ASSIGN"", ""experiments\\exploration\\E0_I0015_points_skill_decomposition\\s03_mechanism_and_abstention.py"", 210, ""f[\""rate_pred_width\""] = f[\""pts__pred_width\""] / f[\""minutes__pred_point\""]"", ""f[\""pts__pred_width\""] / f[\""minutes__pred_point\""]""], [""MENTION"", ""experiments\\exploration\\E0_I0015_points_skill_decomposition\\s03_mechanism_and_abstention.py"", 226, ""\""rate_pred_width\"", \""rate_pred_cv\"","", """"]]"
E0_I0015_points_skill_decomposition,rate_pred_cv,2,IN_SCREEN,SUBSCRIPT_ASSIGN,experiments\exploration\E0_I0015_points_skill_decomposition\s03_mechanism_and_abstention.py,211,"f[""rate_pred_cv""] = f[""pts__pred_sd""] / f[""pts__pred_point""].replace(0, np.nan)","f[""pts__pred_sd""] / f[""pts__pred_point""].replace(0, np.nan)","[[""SUBSCRIPT_ASSIGN"", ""experiments\\exploration\\E0_I0015_points_skill_decomposition\\s03_mechanism_and_abstention.py"", 211, ""f[\""rate_pred_cv\""] = f[\""pts__pred_sd\""] / f[\""pts__pred_point\""].replace(0, np.nan)"", ""f[\""pts__pred_sd\""] / f[\""pts__pred_point\""].replace(0, np.nan)""], [""MENTION"", ""experiments\\exploration\\E0_I0015_points_skill_decomposition\\s03_mechanism_and_abstention.py"", 226, ""\""rate_pred_width\"", \""rate_pred_cv\"","", """"]]"
E0_I0015_points_skill_decomposition,minutes,1148,WORKTREE,SUBSCRIPT_ASSIGN,arm_incumbent.py,101,"d[""minutes""] = pd.to_numeric(d.minutes, errors=""coerce"")","pd.to_numeric(d.minutes, errors=""coerce"")","[[""SUBSCRIPT_ASSIGN"", ""arm_incumbent.py"", 101, ""d[\""minutes\""] = pd.to_numeric(d.minutes, errors=\""coerce\"")"", ""pd.to_numeric(d.minutes, errors=\""coerce\"")""], [""SUBSCRIPT_ASSIGN"", ""arm_incumbent.py"", 156, ""mpx[\""minutes\""] = pd.to_numeric(mpx.minutes, errors=\""coerce\"")"", ""pd.to_numeric(mpx.minutes, errors=\""coerce\"")""], [""SUBSCRIPT_ASSIGN"", ""build_masters.py"", 190, ""out[\""minutes\""] = out[\""minutes_raw\""].map(minutes_to_float).astype(\""float64\"")"", ""out[\""minutes_raw\""].map(minutes_to_float).astype(\""float64\"")""], [""SUBSCRIPT_ASSIGN"", ""build_masters.py"", 467, ""mp[\""minutes\""] = mp[\""minutes_misc\""].where(use_misc_min, mp[\""minutes_gl\""])"", ""mp[\""minutes_misc\""].where(use_misc_min, mp[\""minutes_gl\""])""], [""SUBSCRIPT_ASSIGN"", ""cbs_builders.py"", 291, ""out[\""minutes\""] = select_alpha(builders[\""minutes\""], y[\""minutes\""], masks[\""minutes\""])"", ""select_alpha(builders[\""minutes\""], y[\""minutes\""], masks[\""minutes\""])""], [""SUBSCRIPT_ASSIGN"", ""cbs_real_frames.py"", 209, ""pg[\""minutes\""] = pd.to_numeric(pg[\""minutes\""], errors=\""coerce\"")"", ""pd.to_numeric(pg[\""minutes\""], errors=\""coerce\"")""], [""SUBSCRIPT_ASSIGN"", ""cbs_real_frames.py"", 349, ""frame[\""minutes\""] = frame[\""minutes\""].fillna(0.0)"", ""frame[\""minutes\""].fillna(0.0)""], [""SUBSCRIPT_ASSIGN"", ""cbs_real_frames_v2.py"", 414, ""pg[\""minutes\""] = pd.to_numeric(pg[\""minutes\""], errors=\""coerce\"")"", ""pd.to_numeric(pg[\""minutes\""], errors=\""coerce\"")""], [""SUBSCRIPT_ASSIGN"", ""cbs_real_frames_v2.py"", 617, ""frame[\""minutes\""] = frame[\""minutes\""].fillna(0.0)"", ""frame[\""minutes\""].fillna(0.0)""], [""SUBSCRIPT_ASSIGN"", ""cbs_real_frames_v3.py"", 388, ""pg[\""minutes\""] = pd.to_numeric(pg[\""minutes\""], errors=\""coerce\"")"", ""pd.to_numeric(pg[\""minutes\""], errors=\""coerce\"")""]]"
E0_I0015_points_skill_decomposition,fga,497,WORKTREE,SUBSCRIPT_ASSIGN,arm_incumbent.py,103,"d[""fga""] = pd.to_numeric(d.fga, errors=""coerce"")","pd.to_numeric(d.fga, errors=""coerce"")","[[""SUBSCRIPT_ASSIGN"", ""arm_incumbent.py"", 103, ""d[\""fga\""] = pd.to_numeric(d.fga, errors=\""coerce\"")"", ""pd.to_numeric(d.fga, errors=\""coerce\"")""], [""SUBSCRIPT_ASSIGN"", ""cbs_real_frames.py"", 211, ""pg[\""fga\""] = pd.to_numeric(pg[\""fga\""], errors=\""coerce\"")"", ""pd.to_numeric(pg[\""fga\""], errors=\""coerce\"")""], [""SUBSCRIPT_ASSIGN"", ""cbs_real_frames.py"", 351, ""frame[\""fga\""] = frame[\""fga\""].fillna(0.0)"", ""frame[\""fga\""].fillna(0.0)""], [""SUBSCRIPT_ASSIGN"", ""cbs_real_frames_v2.py"", 416, ""pg[\""fga\""] = pd.to_numeric(pg[\""fga\""], errors=\""coerce\"")"", ""pd.to_numeric(pg[\""fga\""], errors=\""coerce\"")""], [""SUBSCRIPT_ASSIGN"", ""cbs_real_frames_v2.py"", 619, ""frame[\""fga\""] = frame[\""fga\""].fillna(0.0)"", ""frame[\""fga\""].fillna(0.0)""], [""SUBSCRIPT_ASSIGN"", ""cbs_real_frames_v3.py"", 390, ""pg[\""fga\""] = pd.to_numeric(pg[\""fga\""], errors=\""coerce\"")"", ""pd.to_numeric(pg[\""fga\""], errors=\""coerce\"")""], [""SUBSCRIPT_ASSIGN"", ""cbs_real_frames_v3.py"", 632, ""frame[\""fga\""] = frame[\""fga\""].fillna(0.0)"", ""frame[\""fga\""].fillna(0.0)""], [""SUBSCRIPT_ASSIGN"", ""experiments\\exploration\\E1_I0020_coldstart_tiering\\ct_base.py"", 206, ""mp[\""fga\""] = pd.to_numeric(mp[\""fga\""], errors=\""coerce\"")"", ""pd.to_numeric(mp[\""fga\""], errors=\""coerce\"")""], [""SUBSCRIPT_ASSIGN"", ""experiments\\exploration\\E1_I0046_allocation\\scripts\\s00b_probe.py"", 64, ""print(\""  team-games with pts==0: %d ; fga==0: %d\"" % (int((j['pts'] == 0).sum()), int((j['fga'] == 0).sum())))"", ""= 0).sum())))""], [""NAME_ASSIGN"", ""build_zone_maps.py"", 201, ""fga=(\""shot_made\"", \""size\""), fgm=(\""shot_made\"", \""sum\"")).reset_index()"", ""(\""shot_made\"", \""size\""), fgm=(\""shot_made\"", \""sum\"")).reset_index()""]]"
E0_I0015_points_skill_decomposition,pts,782,WORKTREE,SUBSCRIPT_ASSIGN,arm_incumbent.py,102,"d[""pts""] = pd.to_numeric(d.pts, errors=""coerce"")","pd.to_numeric(d.pts, errors=""coerce"")","[[""SUBSCRIPT_ASSIGN"", ""arm_incumbent.py"", 102, ""d[\""pts\""] = pd.to_numeric(d.pts, errors=\""coerce\"")"", ""pd.to_numeric(d.pts, errors=\""coerce\"")""], [""SUBSCRIPT_ASSIGN"", ""experiments\\exploration\\E1_I0020_coldstart_tiering\\ct_base.py"", 205, ""mp[\""pts\""] = pd.to_numeric(mp[\""pts\""], errors=\""coerce\"")"", ""pd.to_numeric(mp[\""pts\""], errors=\""coerce\"")""], [""SUBSCRIPT_ASSIGN"", ""experiments\\exploration\\E1_I0046_allocation\\scripts\\s00b_probe.py"", 64, ""print(\""  team-games with pts==0: %d ; fga==0: %d\"" % (int((j['pts'] == 0).sum()), int((j['fga'] == 0).sum())))"", ""= 0).sum()), int((j['fga'] == 0).sum())))""], [""SUBSCRIPT_ASSIGN"", ""experiments\\exploration\\MEASURE_F1_m13_fitpool\\m13_lib.py"", 349, ""push = (m[\""pts\""] == m[\""consensus_line\""])"", ""= m[\""consensus_line\""])""], [""SUBSCRIPT_ASSIGN"", ""experiments\\exploration\\MEASURE_F1_m13_fitpool\\step2_variants.py"", 128, ""push = (m[\""pts\""] == m[\""consensus_line\""])"", ""= m[\""consensus_line\""])""], [""SUBSCRIPT_ASSIGN"", ""experiments\\exploration\\MEASURE_F1_m13_fitpool\\step3_variantD_and_parquets.py"", 51, ""ev = m[~(m[\""pts\""] == m[\""consensus_line\""]) & ~(m[\""pred_point\""] == m[\""consensus_line\""])"", ""= m[\""consensus_line\""]) & ~(m[\""pred_point\""] == m[\""consensus_line\""])""], [""SUBSCRIPT_ASSIGN"", ""experiments\\market_program\\M13_PLAYER_VALUE_TRANSLATION\\build_translation.py"", 340, ""push = (m[\""pts\""] == m[\""consensus_line\""])"", ""= m[\""consensus_line\""])""], [""SUBSCRIPT_ASSIGN"", ""experiments\\market_program\\MODEL_VS_MARKET\\compute_model_vs_market.py"", 550, ""push = (m[\""pts\""] == m[\""consensus_line\""])"", ""= m[\""consensus_line\""])""], [""SUBSCRIPT_ASSIGN"", ""experiments\\player_program\\stage3_score\\S36_IMPLEMENT_ARMS\\prebuild\\PREBUILD_GAME_ID_DIGEST.py"", 97, ""ties = int((universe_home[\""pts\""] == universe_home[\""opp_pts\""]).sum())"", ""= universe_home[\""opp_pts\""]).sum())""], [""SUBSCRIPT_ASSIGN"", ""experiments\\player_program\\stage3_score\\S36_IMPLEMENT_ARMS\\runner\\universe.py"", 152, ""team_rows[\""pts\""] = team_rows[\""pts\""].astype(float)"", ""team_rows[\""pts\""].astype(float)""]]"
E0_I0015_points_skill_decomposition,fga_per_min,10,WORKTREE,SUBSCRIPT_ASSIGN,experiments\exploration\E1_I0030_home_advantage_accounting\s01_guards_and_build.py,264,"p[""fga_per_min""] = np.where(p[""appeared""] == 1,","np.where(p[""appeared""] == 1,","[[""SUBSCRIPT_ASSIGN"", ""experiments\\exploration\\E1_I0030_home_advantage_accounting\\s01_guards_and_build.py"", 264, ""p[\""fga_per_min\""] = np.where(p[\""appeared\""] == 1,"", ""np.where(p[\""appeared\""] == 1,""], [""TUPLE_PAIR"", ""experiments\\exploration\\E0_I0015_points_skill_decomposition\\s02_decompose_hybrid.py"", 51, ""(\""fga_per_min\"",   \""RATE\"",  \""r_fpm\"",     \""mdl_fpm\"",             [\""refA_fpm\"", \""refB_fpm\""]),"", ""\""RATE\"",  \""r_fpm\"",     \""mdl_fpm\"",             [\""refA_fpm\"", \""refB_fpm\""]""], [""TUPLE_PAIR"", ""experiments\\exploration\\E0_I0015_points_skill_decomposition\\s05_stratified.py"", 153, ""(\""fga_per_min\"", \""r_fpm\"", \""mdl_fpm\"", \""refA_fpm\""),"", ""\""r_fpm\"", \""mdl_fpm\"", \""refA_fpm\""""], [""TUPLE_PAIR"", ""experiments\\exploration\\E0_I0017_shot_quality_efficiency\\s04_transfer.py"", 77, ""(\""fga_per_min\"", \""y_fgapm\"", BASE_FULL + [\""refB_fgapm\""]),"", ""\""y_fgapm\"", BASE_FULL + [\""refB_fgapm\""]""], [""TUPLE_PAIR"", ""experiments\\exploration\\E1_I0022_optimal_simple_estimator\\s01_reproduce.py"", 41, ""(\""fga_per_min\"", \""RATE\"",  \""refA_fpm\"",    \""r_fpm\"",     \""mdl_fpm\"",              0.013453784501652244, 0.11033798411000435, 0.1118426915806147,  13879),"", ""\""RATE\"",  \""refA_fpm\"",    \""r_fpm\"",     \""mdl_fpm\"",              0.013453784501652244, 0.11033798411000435, 0.1118426915806147,  13879""], [""TUPLE_PAIR"", ""experiments\\exploration\\E1_I0022_optimal_simple_estimator\\s01_reproduce.py"", 42, ""(\""fga_per_min\"", \""RATE\"",  \""refB_fpm\"",    \""r_fpm\"",     \""mdl_fpm\"",              0.006953266193469032, 0.11033798411000435, 0.11111056544847446, 13879),"", ""\""RATE\"",  \""refB_fpm\"",    \""r_fpm\"",     \""mdl_fpm\"",              0.006953266193469032, 0.11033798411000435, 0.11111056544847446, 13879""], [""TUPLE_PAIR"", ""experiments\\exploration\\E1_I0030_home_advantage_accounting\\s00_prereg.py"", 53, ""(\""fga_per_min\"", \""player FGA per minute\""),"", ""\""player FGA per minute\""""], [""TUPLE_PAIR"", ""experiments\\exploration\\E1_I0030_home_advantage_accounting\\s03_player_reconcile.py"", 252, ""ppm_eq=(\""ppm\"", \""mean\""), fgapm_eq=(\""fga_per_min\"", \""mean\""),"", ""\""mean\""""], [""MENTION"", ""experiments\\exploration\\E1_I0021_heterogeneity_diagnostic\\s00_prereg.py"", 75, ""{\""component\"": \""fga_per_min\"", \""kind\"": \""RATE\"", \""y\"": \""r_fpm\"", \""model\"": \""mdl_fpm\"","", """"], [""MENTION"", ""experiments\\exploration\\E1_I0021_heterogeneity_diagnostic\\s00_prereg.py"", 77, ""{\""component\"": \""fga_per_min\"", \""kind\"": \""RATE\"", \""y\"": \""r_fpm\"", \""model\"": \""mdl_fpm\"","", """"]]"
E0_I0015_points_skill_decomposition,pts_per_fga,2,IN_SCREEN,TUPLE_PAIR,experiments\exploration\E0_I0015_points_skill_decomposition\s02_decompose_hybrid.py,52,"(""pts_per_fga"",   ""RATE"",  ""r_ppf"",     ""mdl_ppf"",             [""refA_ppf"", ""refB_ppf""]),","""RATE"",  ""r_ppf"",     ""mdl_ppf"",             [""refA_ppf"", ""refB_ppf""]","[[""TUPLE_PAIR"", ""experiments\\exploration\\E0_I0015_points_skill_decomposition\\s02_decompose_hybrid.py"", 52, ""(\""pts_per_fga\"",   \""RATE\"",  \""r_ppf\"",     \""mdl_ppf\"",             [\""refA_ppf\"", \""refB_ppf\""]),"", ""\""RATE\"",  \""r_ppf\"",     \""mdl_ppf\"",             [\""refA_ppf\"", \""refB_ppf\""]""], [""TUPLE_PAIR"", ""experiments\\exploration\\E0_I0015_points_skill_decomposition\\s05_stratified.py"", 154, ""(\""pts_per_fga\"", \""r_ppf\"", \""mdl_ppf\"", \""refA_ppf\""),"", ""\""r_ppf\"", \""mdl_ppf\"", \""refA_ppf\""""]]"
E0_I0015_points_skill_decomposition,pts_per_min,13,WORKTREE,SUBSCRIPT_ASSIGN,experiments\exploration\E1_I0030_home_advantage_accounting\s01_guards_and_build.py,254,"t[""pts_per_min""] = t[""pts""] / t[""minutes""]","t[""pts""] / t[""minutes""]","[[""SUBSCRIPT_ASSIGN"", ""experiments\\exploration\\E1_I0030_home_advantage_accounting\\s01_guards_and_build.py"", 254, ""t[\""pts_per_min\""] = t[\""pts\""] / t[\""minutes\""]"", ""t[\""pts\""] / t[\""minutes\""]""], [""TUPLE_PAIR"", ""experiments\\exploration\\E0_I0015_points_skill_decomposition\\s02_decompose_hybrid.py"", 53, ""(\""pts_per_min\"",   \""RATE\"",  \""r_ppm\"",     \""mdl_ppm\"",             [\""refA_ppm\"", \""refB_ppm\""]),"", ""\""RATE\"",  \""r_ppm\"",     \""mdl_ppm\"",             [\""refA_ppm\"", \""refB_ppm\""]""], [""TUPLE_PAIR"", ""experiments\\exploration\\E0_I0015_points_skill_decomposition\\s05_stratified.py"", 155, ""(\""pts_per_min\"", \""r_ppm\"", \""mdl_ppm\"", \""refA_ppm\"")]:"", ""\""r_ppm\"", \""mdl_ppm\"", \""refA_ppm\""""], [""TUPLE_PAIR"", ""experiments\\exploration\\E1_I0022_optimal_simple_estimator\\s01_reproduce.py"", 37, ""(\""pts_per_min\"", \""RATE\"",  \""refA_ppm\"",    \""r_ppm\"",     \""mdl_ppm\"",              0.005590773577162533, 0.18174283099586136, 0.18276462664132767, 13879),"", ""\""RATE\"",  \""refA_ppm\"",    \""r_ppm\"",     \""mdl_ppm\"",              0.005590773577162533, 0.18174283099586136, 0.18276462664132767, 13879""], [""TUPLE_PAIR"", ""experiments\\exploration\\E1_I0022_optimal_simple_estimator\\s01_reproduce.py"", 38, ""(\""pts_per_min\"", \""RATE\"",  \""refB_ppm\"",    \""r_ppm\"",     \""mdl_ppm\"",              0.009588508088615777, 0.18174283099586136, 0.18350234471241633, 13879),"", ""\""RATE\"",  \""refB_ppm\"",    \""r_ppm\"",     \""mdl_ppm\"",              0.009588508088615777, 0.18174283099586136, 0.18350234471241633, 13879""], [""TUPLE_PAIR"", ""experiments\\exploration\\E1_I0030_home_advantage_accounting\\s00_prereg.py"", 45, ""(\""pts_per_min\"", \""team points per team minute\""),"", ""\""team points per team minute\""""], [""MENTION"", ""experiments\\exploration\\E1_I0021_heterogeneity_diagnostic\\s00_prereg.py"", 71, ""{\""component\"": \""pts_per_min\"", \""kind\"": \""RATE\"", \""y\"": \""r_ppm\"", \""model\"": \""mdl_ppm\"","", """"], [""MENTION"", ""experiments\\exploration\\E1_I0021_heterogeneity_diagnostic\\s00_prereg.py"", 73, ""{\""component\"": \""pts_per_min\"", \""kind\"": \""RATE\"", \""y\"": \""r_ppm\"", \""model\"": \""mdl_ppm\"","", """"], [""MENTION"", ""experiments\\exploration\\E1_I0021_heterogeneity_diagnostic\\s01_floor_curve.py"", 231, ""ppm = curve[(curve[\""component\""] == \""pts_per_min\"")]"", """"], [""MENTION"", ""experiments\\exploration\\E1_I0021_heterogeneity_diagnostic\\s05_findings.py"", 45, ""ppm = curve[curve.component == \""pts_per_min\""].drop_duplicates(\""floor\"")"", """"]]"
E0_I0015_points_skill_decomposition,A,387,WORKTREE,SUBSCRIPT_ASSIGN,experiments\exploration\E0_I0010_positional_matchup\analyze.py,166,"w[""O""] = demean(w, ocol); w[""A""] = demean(w, acol); w[""D""] = demean(w, ""def_pre"")","demean(w, acol); w[""D""] = demean(w, ""def_pre"")","[[""SUBSCRIPT_ASSIGN"", ""experiments\\exploration\\E0_I0010_positional_matchup\\analyze.py"", 166, ""w[\""O\""] = demean(w, ocol); w[\""A\""] = demean(w, acol); w[\""D\""] = demean(w, \""def_pre\"")"", ""demean(w, acol); w[\""D\""] = demean(w, \""def_pre\"")""], [""SUBSCRIPT_ASSIGN"", ""experiments\\exploration\\E0_I0010_positional_matchup\\analyze.py"", 266, ""w[\""O\""] = demean(w, \""own_pre\""); w[\""A\""] = demean(w, \""allow_pre\"")"", ""demean(w, \""allow_pre\"")""], [""NAME_ASSIGN"", ""bios_screen.py"", 142, ""A = arr[ch]"", ""arr[ch]""], [""NAME_ASSIGN"", ""bios_screen.py"", 242, ""A = lines.append"", ""lines.append""], [""NAME_ASSIGN"", ""build_zone_maps.py"", 376, ""A = lines.append"", ""lines.append""], [""NAME_ASSIGN"", ""calibrated_prob_edge.py"", 185, ""A = Xb.T @ (Xb * W[:, None])"", ""Xb.T @ (Xb * W[:, None])""], [""NAME_ASSIGN"", ""cbs_identity_v3.py"", 25, ""A = pd.DataFrame({\""row_uid\"": [\""r1\""]}); A[1] = [10]"", ""pd.DataFrame({\""row_uid\"": [\""r1\""]}); A[1] = [10]""], [""NAME_ASSIGN"", ""crossseason_screen.py"", 473, ""A = arr[ch]"", ""arr[ch]""], [""NAME_ASSIGN"", ""crossseason_screen.py"", 647, ""A = arr[ch]"", ""arr[ch]""], [""NAME_ASSIGN"", ""crossseason_screen.py"", 761, ""A = lines.append"", ""lines.append""]]"
E0_I0015_points_skill_decomposition,B,206,WORKTREE,SUBSCRIPT_ASSIGN,experiments\market_program\M26_CAPTURE_MICROSTRUCTURE_REMEDIATION\tests_M26_sxbet.py,60,"check(""sxbet_roster_marks_B_vanished"", state.data[""roster""][""B""] == ""vanished"")","= ""vanished"")","[[""SUBSCRIPT_ASSIGN"", ""experiments\\market_program\\M26_CAPTURE_MICROSTRUCTURE_REMEDIATION\\tests_M26_sxbet.py"", 60, ""check(\""sxbet_roster_marks_B_vanished\"", state.data[\""roster\""][\""B\""] == \""vanished\"")"", ""= \""vanished\"")""], [""SUBSCRIPT_ASSIGN"", ""experiments\\market_program\\M26_CAPTURE_MICROSTRUCTURE_REMEDIATION\\tests_M26_sxbet.py"", 75, ""check(\""sxbet_roster_marks_B_active_again\"", state.data[\""roster\""][\""B\""] == \""active\"")"", ""= \""active\"")""], [""NAME_ASSIGN"", ""cbs_identity_v3.py"", 26, ""B = pd.DataFrame({\""row_uid\"": [\""r1\""]}); B[1] = [20]"", ""pd.DataFrame({\""row_uid\"": [\""r1\""]}); B[1] = [20]""], [""NAME_ASSIGN"", ""experiments\\coherence_study\\coherence_analysis.py"", 97, ""B = pd.read_csv(BU / \""teamgame_level_predictions.csv\"")"", ""pd.read_csv(BU / \""teamgame_level_predictions.csv\"")""], [""NAME_ASSIGN"", ""experiments\\exploration\\AUDIT_baseline_provenance\\probe.py"", 122, ""B = pd.read_csv(os.path.join(EXP, \""E0_I0004_shot_location_allowance\"","", ""pd.read_csv(os.path.join(EXP, \""E0_I0004_shot_location_allowance\"",""], [""NAME_ASSIGN"", ""experiments\\exploration\\E0_I0012_layer3_noncollinear\\base.py"", 290, ""B = base_terms(g)"", ""base_terms(g)""], [""NAME_ASSIGN"", ""experiments\\exploration\\E0_I0024_reb_ast_characterisation\\s03_ladder.py"", 272, ""B = L[L[\""kind\""] == \""honest\""].copy()"", ""L[L[\""kind\""] == \""honest\""].copy()""], [""NAME_ASSIGN"", ""experiments\\exploration\\E0_I0024_reb_ast_characterisation\\s04_screen.py"", 115, ""B = sub[bcols].to_numpy(float)"", ""sub[bcols].to_numpy(float)""], [""NAME_ASSIGN"", ""experiments\\exploration\\E0_I0024_reb_ast_characterisation\\s05_mechanism.py"", 70, ""B = sub[cols].to_numpy(float)"", ""sub[cols].to_numpy(float)""], [""NAME_ASSIGN"", ""experiments\\exploration\\E1_I0004_fga_forecast\\end_to_end.py"", 121, ""B = cxy[idx]"", ""cxy[idx]""]]"
E0_I0015_points_skill_decomposition,THIN   < 8 prior same-season appearances,1,IN_SCREEN,TUPLE_PAIR,experiments\exploration\E0_I0015_points_skill_decomposition\s05_stratified.py,42,"STRATA = [(""THIN   < 8 prior same-season appearances"", gp < 8),",gp < 8,"[[""TUPLE_PAIR"", ""experiments\\exploration\\E0_I0015_points_skill_decomposition\\s05_stratified.py"", 42, ""STRATA = [(\""THIN   < 8 prior same-season appearances\"", gp < 8),"", ""gp < 8""]]"
E0_I0015_points_skill_decomposition,ADEQUATE >= 8 prior appearances,1,IN_SCREEN,TUPLE_PAIR,experiments\exploration\E0_I0015_points_skill_decomposition\s05_stratified.py,43,"(""ADEQUATE >= 8 prior appearances"", gp >= 8),",gp >= 8,"[[""TUPLE_PAIR"", ""experiments\\exploration\\E0_I0015_points_skill_decomposition\\s05_stratified.py"", 43, ""(\""ADEQUATE >= 8 prior appearances\"", gp >= 8),"", ""gp >= 8""]]"
E0_I0015_points_skill_decomposition,fallback rows only,1,IN_SCREEN,TUPLE_PAIR,experiments\exploration\E0_I0015_points_skill_decomposition\s05_stratified.py,44,"(""fallback rows only"", fb == 1),",fb == 1,"[[""TUPLE_PAIR"", ""experiments\\exploration\\E0_I0015_points_skill_decomposition\\s05_stratified.py"", 44, ""(\""fallback rows only\"", fb == 1),"", ""fb == 1""]]"
E0_I0015_points_skill_decomposition,non-fallback rows only,2,IN_SCREEN,TUPLE_PAIR,experiments\exploration\E0_I0015_points_skill_decomposition\s04_findings.py,45,"(""non-fallback rows only"", f[""pts__is_fallback""].to_numpy(float) == 0),","f[""pts__is_fallback""].to_numpy(float","[[""TUPLE_PAIR"", ""experiments\\exploration\\E0_I0015_points_skill_decomposition\\s04_findings.py"", 45, ""(\""non-fallback rows only\"", f[\""pts__is_fallback\""].to_numpy(float) == 0),"", ""f[\""pts__is_fallback\""].to_numpy(float""], [""TUPLE_PAIR"", ""experiments\\exploration\\E0_I0015_points_skill_decomposition\\s05_stratified.py"", 45, ""(\""non-fallback rows only\"", fb == 0),"", ""fb == 0""]]"
E0_I0015_points_skill_decomposition,POOLED,7,IN_SCREEN,TUPLE_PAIR,experiments\exploration\E0_I0015_points_skill_decomposition\s05_stratified.py,46,"(""POOLED"", np.ones(len(f), bool))]",np.ones(len(f,"[[""TUPLE_PAIR"", ""experiments\\exploration\\E0_I0015_points_skill_decomposition\\s05_stratified.py"", 46, ""(\""POOLED\"", np.ones(len(f), bool))]"", ""np.ones(len(f""], [""TUPLE_PAIR"", ""experiments\\exploration\\E0_I0015_points_skill_decomposition\\s05_stratified.py"", 159, ""for lbl, mm_ in [(\""THIN\"", m_th & ok), (\""ADEQ\"", m_ad & ok), (\""POOLED\"", ok)]:"", ""ok""], [""MENTION"", ""experiments\\exploration\\E0_I0015_points_skill_decomposition\\s04_findings.py"", 27, ""for s_ in B.SCREEN_SEASONS + [\""POOLED\""]:"", """"], [""MENTION"", ""experiments\\exploration\\E0_I0015_points_skill_decomposition\\s04_findings.py"", 28, ""m = np.ones(len(f), bool) if s_ == \""POOLED\"" else (f[\""season\""].to_numpy() == s_)"", """"], [""MENTION"", ""experiments\\exploration\\E0_I0015_points_skill_decomposition\\s05_stratified.py"", 149, ""print(\""  %-18s %10s %10s %10s\"" % (\""component\"", \""THIN <8\"", \""ADEQ >=8\"", \""POOLED\""))"", """"], [""MENTION"", ""experiments\\exploration\\E0_I0015_points_skill_decomposition\\s05_stratified.py"", 161, ""print(\""  %-18s %+10.5f %+10.5f %+10.5f\"" % (name, vals[\""THIN\""], vals[\""ADEQ\""], vals[\""POOLED\""]))"", """"], [""MENTION"", ""experiments\\exploration\\E0_I0015_points_skill_decomposition\\s05_stratified.py"", 163, ""skill_pooled=vals[\""POOLED\""]))"", """"]]"
E1_I0021_heterogeneity_diagnostic,refA_ppm_floor,7,IN_SCREEN,SUBSCRIPT_ASSIGN,experiments\exploration\E1_I0021_heterogeneity_diagnostic\s02_pooling.py,100,"s[""refA_ppm_floor""] = prior.fillna(lg).fillna(s[""y_ppm_floor""].mean())","prior.fillna(lg).fillna(s[""y_ppm_floor""].mean())","[[""SUBSCRIPT_ASSIGN"", ""experiments\\exploration\\E1_I0021_heterogeneity_diagnostic\\s02_pooling.py"", 100, ""s[\""refA_ppm_floor\""] = prior.fillna(lg).fillna(s[\""y_ppm_floor\""].mean())"", ""prior.fillna(lg).fillna(s[\""y_ppm_floor\""].mean())""], [""MENTION"", ""experiments\\exploration\\E1_I0021_heterogeneity_diagnostic\\s00_prereg.py"", 33, ""{\""id\"": \""R01_prior_efficiency_persistence\"", \""frame\"": \""D085_eff\"", \""x\"": \""refA_ppm_floor\"","", """"], [""MENTION"", ""experiments\\exploration\\E1_I0021_heterogeneity_diagnostic\\s02_pooling.py"", 153, ""det_col = \""refA_ppm\"" if xc == \""refA_ppm_floor\"" else xc"", """"], [""MENTION"", ""experiments\\exploration\\E1_I0021_heterogeneity_diagnostic\\s02_pooling.py"", 385, ""return hb.slope_spread_stat(df, \""refA_ppm_floor\"", \""y_ppm_floor\"","", """"], [""MENTION"", ""experiments\\exploration\\E1_I0021_heterogeneity_diagnostic\\s02_pooling.py"", 419, ""feature_col=\""refA_ppm_floor\"", alternative=\""greater\"","", """"], [""MENTION"", ""experiments\\exploration\\E1_I0021_heterogeneity_diagnostic\\s02_pooling.py"", 437, ""loop = hb.per_player_slopes(s, \""refA_ppm_floor\"", \""y_ppm_floor\"","", """"], [""MENTION"", ""experiments\\exploration\\E1_I0021_heterogeneity_diagnostic\\s02_pooling.py"", 441, ""s[\""refA_ppm_floor\""].to_numpy(float), s[\""y_ppm_floor\""].to_numpy(float),"", """"]]"
E1_I0021_heterogeneity_diagnostic,A01_opp_efg_allowed,21,WORKTREE,SUBSCRIPT_ASSIGN,experiments\exploration\E0_I0016_efficiency_predictors\s01_build_frame.py,89,"tprior[""A01_opp_efg_allowed""] = safe_div(PS[""opp_fgm""] + 0.5 * PS[""opp_fg3m""], PS[""opp_fga""])","safe_div(PS[""opp_fgm""] + 0.5 * PS[""opp_fg3m""], PS[""opp_fga""])","[[""SUBSCRIPT_ASSIGN"", ""experiments\\exploration\\E0_I0016_efficiency_predictors\\s01_build_frame.py"", 89, ""tprior[\""A01_opp_efg_allowed\""] = safe_div(PS[\""opp_fgm\""] + 0.5 * PS[\""opp_fg3m\""], PS[\""opp_fga\""])"", ""safe_div(PS[\""opp_fgm\""] + 0.5 * PS[\""opp_fg3m\""], PS[\""opp_fga\""])""], [""DICT_VALUE"", ""experiments\\exploration\\E1_I0043_opponent_defence\\scripts\\s07_findings.py"", 69, ""\""max_corr_with_candidate\"": {\""A02_opp_ts_allowed\"": 0.8289, \""A01_opp_efg_allowed\"": 0.8153}"", ""0.8153""], [""MENTION"", ""experiments\\exploration\\E0_I0016_efficiency_predictors\\ep_base.py"", 175, ""for _c in [\""A01_opp_efg_allowed\"", \""A02_opp_ts_allowed\"", \""A03_opp_paintpts_allowed\"", \""A04_opp_blk\"","", """"], [""MENTION"", ""experiments\\exploration\\E0_I0016_efficiency_predictors\\KIT_BUG_REPRO.py"", 63, ""\""candidate\"": [\""A01_opp_efg_allowed\"", \""B05_matchup_fouldraw\"", \""C07_pl_usage_rank\"", \""G01_noise\""],"", """"], [""MENTION"", ""experiments\\exploration\\E0_I0016_efficiency_predictors\\s02_screen.py"", 77, ""_x = f[\""A01_opp_efg_allowed\""].to_numpy(float)"", """"], [""MENTION"", ""experiments\\exploration\\E0_I0016_efficiency_predictors\\s02_screen.py"", 80, ""_sub = f.loc[_m, [\""A01_opp_efg_allowed\"", \""opp_team_id\"", \""season\"", \""game_id\"", \""game_date\""]].reset_index(drop=True)"", """"], [""MENTION"", ""experiments\\exploration\\E0_I0016_efficiency_predictors\\s02_screen.py"", 84, ""return _bf.dr2(pd.to_numeric(d[\""A01_opp_efg_allowed\""], errors=\""coerce\"").to_numpy(float))"", """"], [""MENTION"", ""experiments\\exploration\\E0_I0016_efficiency_predictors\\s02_screen_SUPERSEDED.py"", 38, ""for c in [\""A01_opp_efg_allowed\"", \""A02_opp_ts_allowed\"", \""A03_opp_paintpts_allowed\"", \""A04_opp_blk\"","", """"], [""MENTION"", ""experiments\\exploration\\E0_I0016_efficiency_predictors\\s02_screen_SUPERSEDED.py"", 79, ""_m = np.isfinite(_y) & np.isfinite(_r) & np.isfinite(f[\""A01_opp_efg_allowed\""].to_numpy(float))"", """"], [""MENTION"", ""experiments\\exploration\\E0_I0016_efficiency_predictors\\s02_screen_SUPERSEDED.py"", 81, ""_sub = f.loc[_m, [\""A01_opp_efg_allowed\""]].reset_index(drop=True)"", """"]]"
E1_I0021_heterogeneity_diagnostic,A02_opp_ts_allowed,13,WORKTREE,SUBSCRIPT_ASSIGN,experiments\exploration\E0_I0016_efficiency_predictors\s01_build_frame.py,90,"tprior[""A02_opp_ts_allowed""] = safe_div(PS[""opp_pts""], 2.0 * (PS[""opp_fga""] + 0.44 * PS[""opp_fta""]))","safe_div(PS[""opp_pts""], 2.0 * (PS[""opp_fga""] + 0.44 * PS[""opp_fta""]))","[[""SUBSCRIPT_ASSIGN"", ""experiments\\exploration\\E0_I0016_efficiency_predictors\\s01_build_frame.py"", 90, ""tprior[\""A02_opp_ts_allowed\""] = safe_div(PS[\""opp_pts\""], 2.0 * (PS[\""opp_fga\""] + 0.44 * PS[\""opp_fta\""]))"", ""safe_div(PS[\""opp_pts\""], 2.0 * (PS[\""opp_fga\""] + 0.44 * PS[\""opp_fta\""]))""], [""DICT_VALUE"", ""experiments\\exploration\\E1_I0043_opponent_defence\\scripts\\s07_findings.py"", 69, ""\""max_corr_with_candidate\"": {\""A02_opp_ts_allowed\"": 0.8289, \""A01_opp_efg_allowed\"": 0.8153}"", ""0.8289""], [""MENTION"", ""experiments\\exploration\\E0_I0016_efficiency_predictors\\ep_base.py"", 175, ""for _c in [\""A01_opp_efg_allowed\"", \""A02_opp_ts_allowed\"", \""A03_opp_paintpts_allowed\"", \""A04_opp_blk\"","", """"], [""MENTION"", ""experiments\\exploration\\E0_I0016_efficiency_predictors\\s02_screen_SUPERSEDED.py"", 38, ""for c in [\""A01_opp_efg_allowed\"", \""A02_opp_ts_allowed\"", \""A03_opp_paintpts_allowed\"", \""A04_opp_blk\"","", """"], [""MENTION"", ""experiments\\exploration\\E1_I0021_heterogeneity_diagnostic\\s00_prereg.py"", 40, ""{\""id\"": \""R03_opp_ts_allowed\"", \""frame\"": \""D085_eff\"", \""x\"": \""A02_opp_ts_allowed\"","", """"], [""MENTION"", ""experiments\\exploration\\E1_I0021_heterogeneity_diagnostic\\s02_pooling.py"", 54, ""OPP_LEVEL_X = {\""A01_opp_efg_allowed\"", \""A02_opp_ts_allowed\"", \""A10_opp_defrtg\""}"", """"], [""MENTION"", ""experiments\\exploration\\E1_I0023_usage_defence_interaction\\s00_prereg.py"", 46, ""{\""id\"": \""A02_opp_ts_allowed\"", \""why\"": \""same D085 opponent-allowance family; D093 r +0.198\""},"", """"], [""MENTION"", ""experiments\\exploration\\E1_I0023_usage_defence_interaction\\s01_reproduce_d093.py"", 52, ""(\""R03_opp_ts_allowed\"", \""A02_opp_ts_allowed\"", False),"", """"], [""MENTION"", ""experiments\\exploration\\E1_I0023_usage_defence_interaction\\s01_reproduce_d093.py"", 81, ""cc_cols = [\""y_ppm_floor\"", \""refA_ppm_floor\"", \""A01_opp_efg_allowed\"", \""A02_opp_ts_allowed\"","", """"], [""MENTION"", ""experiments\\exploration\\E1_I0026_detection_floor\\scripts\\df_base.py"", 69, ""keep_b = [\""player_id\"", \""game_id\"", CARRIER_OPP, \""A01_opp_efg_allowed\"", \""A02_opp_ts_allowed\""]"", """"]]"
E1_I0021_heterogeneity_diagnostic,A10_opp_defrtg,88,WORKTREE,SUBSCRIPT_ASSIGN,experiments\exploration\E0_I0016_efficiency_predictors\s01_build_frame.py,98,"tprior[""A10_opp_defrtg""] = 100.0 * safe_div(PS[""opp_pts""], PS[""opp_poss""])","100.0 * safe_div(PS[""opp_pts""], PS[""opp_poss""])","[[""SUBSCRIPT_ASSIGN"", ""experiments\\exploration\\E0_I0016_efficiency_predictors\\s01_build_frame.py"", 98, ""tprior[\""A10_opp_defrtg\""] = 100.0 * safe_div(PS[\""opp_pts\""], PS[\""opp_poss\""])"", ""100.0 * safe_div(PS[\""opp_pts\""], PS[\""opp_poss\""])""], [""TUPLE_PAIR"", ""experiments\\exploration\\E1_I0032_aggregate_stack\\scripts\\s06_build.py"", 127, ""(\""A10_opp_defrtg\"", \""DEF\""), (\""is_home\"", \""HOME\"")):"", ""\""DEF\""""], [""TUPLE_PAIR"", ""experiments\\exploration\\E1_I0043_opponent_defence\\scripts\\s02_stratum_and_ceiling.py"", 102, ""for dname, is_nc in [(\""A10_opp_defrtg\"", False), (\""G01_noise\"", True)]:"", ""False""], [""TUPLE_PAIR"", ""experiments\\exploration\\E1_I0043_opponent_defence\\scripts\\s03_effect_and_nulls.py"", 82, ""for cand, is_nc in [(\""A10_opp_defrtg\"", False), (\""G01_noise\"", True)]:"", ""False""], [""TUPLE_PAIR"", ""experiments\\exploration\\E1_I0043_opponent_defence\\scripts\\s04_ceiling_matched_and_controls.py"", 78, ""for cand, is_nc in [(\""A10_opp_defrtg\"", False), (\""G01_noise\"", True)]:"", ""False""], [""DICT_VALUE"", ""experiments\\exploration\\E1_I0032_aggregate_stack\\scripts\\s06_build.py"", 52, ""how=\""left\"").rename(columns={\""A10_opp_defrtg\"": \""_A10_playerjoin\""})"", ""\""_A10_playerjoin\""""], [""DICT_VALUE"", ""experiments\\exploration\\E1_I0043_opponent_defence\\scripts\\s04_ceiling_matched_and_controls.py"", 202, ""cellv.v = {\""A10_opp_defrtg\"": v[\""A10_opp_defrtg\""]}"", ""v[\""A10_opp_defrtg\""]""], [""DICT_VALUE"", ""experiments\\exploration\\E1_I0043_opponent_defence\\scripts\\s05_injection.py"", 87, ""cellv.v = {\""A10_opp_defrtg\"": x}"", ""x""], [""MENTION"", ""experiments\\exploration\\E0_I0016_efficiency_predictors\\ep_base.py"", 177, ""\""A08_opp_pf\"", \""A09_opp_stl\"", \""A10_opp_defrtg\"", \""A11_opp_fastbreak_allowed\"","", """"], [""MENTION"", ""experiments\\exploration\\E0_I0016_efficiency_predictors\\s02_screen_SUPERSEDED.py"", 40, ""\""A08_opp_pf\"", \""A09_opp_stl\"", \""A10_opp_defrtg\"", \""A11_opp_fastbreak_allowed\"","", """"]]"
E1_I0021_heterogeneity_diagnostic,P01_c04_prevgame,42,WORKTREE,SUBSCRIPT_ASSIGN,experiments\exploration\E1_I0018_teammate_volume_channel\s01_build_frame.py,174,"pl[""P01_c04_prevgame""] = P01",P01,"[[""SUBSCRIPT_ASSIGN"", ""experiments\\exploration\\E1_I0018_teammate_volume_channel\\s01_build_frame.py"", 174, ""pl[\""P01_c04_prevgame\""] = P01"", ""P01""], [""TUPLE_PAIR"", ""experiments\\exploration\\E1_I0027_reference_ladder\\s05_reprice.py"", 238, ""for xname, arr in [(\""P01_c04_prevgame\"", P01), (defcol, DEF), (\""G01_noise\"", NOISE)]:"", ""P01""], [""TUPLE_PAIR"", ""experiments\\exploration\\E1_I0032_aggregate_stack\\scripts\\s04c_universe.py"", 59, ""for c in (\""P01_c04_prevgame\"", \""O01_own_usg_pg\""):"", ""\""O01_own_usg_pg\""""], [""TUPLE_PAIR"", ""experiments\\exploration\\E1_I0032_aggregate_stack\\scripts\\s06_build.py"", 126, ""(\""O01_own_usg_pg\"", \""usg\""), (\""P01_c04_prevgame\"", \""P01\""), (\""G01_noise\"", \""G01\""),"", ""\""P01\""""], [""DICT_VALUE"", ""experiments\\exploration\\E1_I0018_teammate_volume_channel\\s07_findings.py"", 230, ""\""P01_c04_prevgame\"": {"", ""{""], [""MENTION"", ""experiments\\exploration\\E1_I0018_teammate_volume_channel\\s01_build_frame.py"", 29, ""PRIOR_ONLY_COLS = [\""O01_own_usg_pg\"", \""P01_c04_prevgame\"", \""P02_c04_availweighted\"","", """"], [""MENTION"", ""experiments\\exploration\\E1_I0018_teammate_volume_channel\\s01_build_frame.py"", 182, ""pl[\""N01_news_vs_prevgame\""] = pl[\""T01_c04_tiptime\""] - pl[\""P01_c04_prevgame\""]"", """"], [""MENTION"", ""experiments\\exploration\\E1_I0018_teammate_volume_channel\\s03_screen.py"", 94, ""add([\""P01_c04_prevgame\"", \""P02_c04_availweighted\"", \""P03_c04_avail5\"", \""P04_absent_usg_prevgame\"","", """"], [""MENTION"", ""experiments\\exploration\\E1_I0018_teammate_volume_channel\\s04_points.py"", 49, ""CANDS = [\""T01_c04_tiptime\"", \""P01_c04_prevgame\"", \""P02_c04_availweighted\"", \""G01_noise\""]"", """"], [""MENTION"", ""experiments\\exploration\\E1_I0018_teammate_volume_channel\\s04_points.py"", 154, ""for cand in [\""T01_c04_tiptime\"", \""P01_c04_prevgame\""]:"", """"]]"
E1_I0021_heterogeneity_diagnostic,O01_own_usg_pg,38,WORKTREE,SUBSCRIPT_ASSIGN,experiments\exploration\E1_I0018_teammate_volume_channel\s01_build_frame.py,173,"pl[""O01_own_usg_pg""] = O01",O01,"[[""SUBSCRIPT_ASSIGN"", ""experiments\\exploration\\E1_I0018_teammate_volume_channel\\s01_build_frame.py"", 173, ""pl[\""O01_own_usg_pg\""] = O01"", ""O01""], [""TUPLE_PAIR"", ""experiments\\exploration\\E1_I0018_teammate_volume_channel\\s07_findings.py"", 188, ""cellpair(\""O01_own_usg_pg\"", \""ppm\"", \""B_SINGLE\"", \""POOLED\""),"", ""\""ppm\"", \""B_SINGLE\"", \""POOLED\""""], [""TUPLE_PAIR"", ""experiments\\exploration\\E1_I0018_teammate_volume_channel\\s07_findings.py"", 190, ""cellpair(\""O01_own_usg_pg\"", \""ppm\"", \""B_COMPLETE\"", \""POOLED\""),"", ""\""ppm\"", \""B_COMPLETE\"", \""POOLED\""""], [""TUPLE_PAIR"", ""experiments\\exploration\\E1_I0018_teammate_volume_channel\\s07_findings.py"", 192, ""cellpair(\""O01_own_usg_pg\"", \""ppm\"", \""B_COMPLETE\"", \""DECISION\"")},"", ""\""ppm\"", \""B_COMPLETE\"", \""DECISION\""""], [""TUPLE_PAIR"", ""experiments\\exploration\\E1_I0032_aggregate_stack\\scripts\\s06_build.py"", 126, ""(\""O01_own_usg_pg\"", \""usg\""), (\""P01_c04_prevgame\"", \""P01\""), (\""G01_noise\"", \""G01\""),"", ""\""usg\""""], [""MENTION"", ""experiments\\exploration\\E1_I0018_teammate_volume_channel\\s01_build_frame.py"", 29, ""PRIOR_ONLY_COLS = [\""O01_own_usg_pg\"", \""P01_c04_prevgame\"", \""P02_c04_availweighted\"","", """"], [""MENTION"", ""experiments\\exploration\\E1_I0018_teammate_volume_channel\\s01_build_frame.py"", 266, ""_m4 = np.isfinite(pl[\""T01_c04_tiptime\""]) & np.isfinite(pl[\""T02_teamgame_present_usg\""]) & np.isfinite(pl[\""O01_own_usg_pg\""])"", """"], [""MENTION"", ""experiments\\exploration\\E1_I0018_teammate_volume_channel\\s01_build_frame.py"", 270, ""- pl.loc[_m4, \""O01_own_usg_pg\""])))))"", """"], [""MENTION"", ""experiments\\exploration\\E1_I0018_teammate_volume_channel\\s03_screen.py"", 92, ""add([\""T02_teamgame_present_usg\"", \""O01_own_usg_pg\"", \""T03_absent_usg\"", \""T04_n_present\""],"", """"], [""MENTION"", ""experiments\\exploration\\E1_I0018_teammate_volume_channel\\s03_screen.py"", 283, ""for cand in [\""T01_c04_tiptime\"", \""T02_teamgame_present_usg\"", \""O01_own_usg_pg\"","", """"]]"
E1_I0021_heterogeneity_diagnostic,G01_noise,65,WORKTREE,SUBSCRIPT_ASSIGN,experiments\exploration\E0_I0016_efficiency_predictors\s01_build_frame.py,255,"pl[""G01_noise""] = rng.standard_normal(len(pl))",rng.standard_normal(len(pl)),"[[""SUBSCRIPT_ASSIGN"", ""experiments\\exploration\\E0_I0016_efficiency_predictors\\s01_build_frame.py"", 255, ""pl[\""G01_noise\""] = rng.standard_normal(len(pl))"", ""rng.standard_normal(len(pl))""], [""SUBSCRIPT_ASSIGN"", ""experiments\\exploration\\E0_I0017_shot_quality_efficiency\\s01_build_frame.py"", 341, ""pl[\""G01_noise\""] = rng.standard_normal(len(pl))"", ""rng.standard_normal(len(pl))""], [""SUBSCRIPT_ASSIGN"", ""experiments\\exploration\\E0_I0017_shot_quality_efficiency\\sq_base.py"", 91, ""ENTITY_COLS[\""G01_noise\""] = [\""player_id\"", \""season\""]"", ""[\""player_id\"", \""season\""]""], [""SUBSCRIPT_ASSIGN"", ""experiments\\exploration\\E0_I0024_reb_ast_characterisation\\s02_build_frame.py"", 381, ""pl[\""G01_noise\""] = rng.standard_normal(len(pl))"", ""rng.standard_normal(len(pl))""], [""SUBSCRIPT_ASSIGN"", ""experiments\\exploration\\E0_I0029_freethrow_hurdle\\s02_build_frame.py"", 375, ""app[\""G01_noise\""] = rng.normal(size=len(app))"", ""rng.normal(size=len(app))""], [""SUBSCRIPT_ASSIGN"", ""experiments\\exploration\\E1_I0018_teammate_volume_channel\\s01_build_frame.py"", 207, ""pl[\""G01_noise\""] = rng.standard_normal(len(pl))"", ""rng.standard_normal(len(pl))""], [""SUBSCRIPT_ASSIGN"", ""experiments\\exploration\\E1_I0046_allocation\\scripts\\al_base.py"", 226, ""d[\""G01_noise\""] = np.random.default_rng(SEED).standard_normal(len(d))"", ""np.random.default_rng(SEED).standard_normal(len(d))""], [""TUPLE_PAIR"", ""experiments\\exploration\\E0_I0017_shot_quality_efficiency\\s01_build_frame.py"", 376, ""if c in (\""G01_noise\"", \""G02_ref_echo\""):"", ""\""G02_ref_echo\""""], [""TUPLE_PAIR"", ""experiments\\exploration\\E0_I0024_reb_ast_characterisation\\s01_prereg.py"", 77, ""(\""G01_noise\"",                 \""NEGATIVE CONTROL: iid gaussian, seed-fixed, independent of everything\"",             \""row\"",             \""G\""),"", ""\""NEGATIVE CONTROL: iid gaussian, seed-fixed, independent of everything\"",             \""row\"",             \""G\""""], [""TUPLE_PAIR"", ""experiments\\exploration\\E1_I0023_usage_defence_interaction\\s07_stress.py"", 92, ""for dcol, kind in ((DEFENCE, \""REAL\""), (\""G01_noise\"", \""NEGATIVE_CONTROL\"")):"", ""\""NEGATIVE_CONTROL\""""]]"
E1_I0021_heterogeneity_diagnostic,G01_noise_tvframe,3,IN_SCREEN,RENAME_TO,experiments\exploration\E1_I0021_heterogeneity_diagnostic\s02_pooling.py,76,"m = m.rename(columns={""G01_noise_tv"": ""G01_noise_tvframe""})",G01_noise_tv,"[[""RENAME_TO"", ""experiments\\exploration\\E1_I0021_heterogeneity_diagnostic\\s02_pooling.py"", 76, ""m = m.rename(columns={\""G01_noise_tv\"": \""G01_noise_tvframe\""})"", ""G01_noise_tv""], [""MENTION"", ""experiments\\exploration\\E1_I0021_heterogeneity_diagnostic\\s02_pooling.py"", 111, ""for r in ALL_RELS} | {\""G01_noise_tvframe\""})"", """"], [""MENTION"", ""experiments\\exploration\\E1_I0021_heterogeneity_diagnostic\\s02_pooling.py"", 121, ""return \""G01_noise_tvframe\"""", """"]]"
E1_I0021_heterogeneity_diagnostic,FAMILY(6 preregistered relationships),1,WORKTREE,MENTION,experiments\exploration\E1_I0040_audit_extension\scripts\s04_audit_table.py,193,"candidate=""FAMILY(6 preregistered relationships)"", target=""y_ppm_floor"",",,"[[""MENTION"", ""experiments\\exploration\\E1_I0040_audit_extension\\scripts\\s04_audit_table.py"", 193, ""candidate=\""FAMILY(6 preregistered relationships)\"", target=\""y_ppm_floor\"","", """"]]"
E1_I0030_home_advantage_accounting,is_home,35,IN_SCREEN,SUBSCRIPT_ASSIGN,experiments\exploration\E1_I0030_home_advantage_accounting\ha_base.py,99,"t[""is_home""] = t[""is_home""].astype(int)","t[""is_home""].astype(int)","[[""SUBSCRIPT_ASSIGN"", ""experiments\\exploration\\E1_I0030_home_advantage_accounting\\ha_base.py"", 99, ""t[\""is_home\""] = t[\""is_home\""].astype(int)"", ""t[\""is_home\""].astype(int)""], [""SUBSCRIPT_ASSIGN"", ""experiments\\exploration\\E1_I0030_home_advantage_accounting\\ha_base.py"", 118, ""p[\""is_home\""] = p[\""is_home\""].astype(int)"", ""p[\""is_home\""].astype(int)""], [""SUBSCRIPT_ASSIGN"", ""experiments\\exploration\\E1_I0030_home_advantage_accounting\\s01_guards_and_build.py"", 206, ""home_of_game = (t[t[\""is_home\""] == 1][[\""game_id\"", \""team_id\""]]"", ""= 1][[\""game_id\"", \""team_id\""]]""], [""SUBSCRIPT_ASSIGN"", ""experiments\\exploration\\E1_I0030_home_advantage_accounting\\s02_team_effect.py"", 29, ""h = t[t[\""is_home\""] == 1].set_index(\""game_id\"")"", ""= 1].set_index(\""game_id\"")""], [""SUBSCRIPT_ASSIGN"", ""experiments\\exploration\\E1_I0030_home_advantage_accounting\\s02_team_effect.py"", 30, ""a = t[t[\""is_home\""] == 0].set_index(\""game_id\"")"", ""= 0].set_index(\""game_id\"")""], [""SUBSCRIPT_ASSIGN"", ""experiments\\exploration\\E1_I0030_home_advantage_accounting\\s02_team_effect.py"", 269, ""hid = t[t[\""is_home\""] == 1].set_index(\""game_id\"").loc[S[\""game_id\""], \""team_id\""].to_numpy()"", ""= 1].set_index(\""game_id\"").loc[S[\""game_id\""], \""team_id\""].to_numpy()""], [""SUBSCRIPT_ASSIGN"", ""experiments\\exploration\\E1_I0030_home_advantage_accounting\\s02_team_effect.py"", 270, ""aid = t[t[\""is_home\""] == 0].set_index(\""game_id\"").loc[S[\""game_id\""], \""team_id\""].to_numpy()"", ""= 0].set_index(\""game_id\"").loc[S[\""game_id\""], \""team_id\""].to_numpy()""], [""SUBSCRIPT_ASSIGN"", ""experiments\\exploration\\E1_I0030_home_advantage_accounting\\s03_player_reconcile.py"", 74, ""N_H = int((t[\""is_home\""] == 1).sum())"", ""= 1).sum())""], [""SUBSCRIPT_ASSIGN"", ""experiments\\exploration\\E1_I0030_home_advantage_accounting\\s03_player_reconcile.py"", 75, ""N_A = int((t[\""is_home\""] == 0).sum())"", ""= 0).sum())""], [""SUBSCRIPT_ASSIGN"", ""experiments\\exploration\\E1_I0030_home_advantage_accounting\\s06_travel.py"", 192, ""road = gg[(gg[\""is_home\""] == 0) & ((gg[\""eastbound\""] == 1) | (gg[\""westbound\""] == 1))].copy()"", ""= 0) & ((gg[\""eastbound\""] == 1) | (gg[\""westbound\""] == 1))].copy()""]]"
E1_I0030_home_advantage_accounting,eastbound,12,IN_SCREEN,SUBSCRIPT_ASSIGN,experiments\exploration\E1_I0030_home_advantage_accounting\s01_guards_and_build.py,235,"t[""eastbound""] = (t[""tz_delta""] >= 1).astype(float)","(t[""tz_delta""] >= 1).astype(float)","[[""SUBSCRIPT_ASSIGN"", ""experiments\\exploration\\E1_I0030_home_advantage_accounting\\s01_guards_and_build.py"", 235, ""t[\""eastbound\""] = (t[\""tz_delta\""] >= 1).astype(float)"", ""(t[\""tz_delta\""] >= 1).astype(float)""], [""SUBSCRIPT_ASSIGN"", ""experiments\\exploration\\E1_I0030_home_advantage_accounting\\s06_travel.py"", 192, ""road = gg[(gg[\""is_home\""] == 0) & ((gg[\""eastbound\""] == 1) | (gg[\""westbound\""] == 1))].copy()"", ""= 1) | (gg[\""westbound\""] == 1))].copy()""], [""DICT_VALUE"", ""experiments\\exploration\\E1_I0030_home_advantage_accounting\\s06_travel.py"", 183, ""if a == \""eastbound\"":"", """"], [""MENTION"", ""experiments\\exploration\\E1_I0030_home_advantage_accounting\\s01_guards_and_build.py"", 239, ""for c in [\""eastbound\"", \""westbound\"", \""same_zone_travel\"", \""no_travel\""]:"", """"], [""MENTION"", ""experiments\\exploration\\E1_I0030_home_advantage_accounting\\s01_guards_and_build.py"", 242, ""% t.loc[ok, [\""eastbound\"", \""westbound\"", \""same_zone_travel\"", \""no_travel\""]]"", """"], [""MENTION"", ""experiments\\exploration\\E1_I0030_home_advantage_accounting\\s01_guards_and_build.py"", 247, ""k: int(v) for k, v in t.loc[ok, [\""eastbound\"", \""westbound\"", \""same_zone_travel\"","", """"], [""MENTION"", ""experiments\\exploration\\E1_I0030_home_advantage_accounting\\s06_travel.py"", 33, ""ARMS = [\""eastbound\"", \""westbound\"", \""same_zone_travel\""]     # no_travel is the reference arm"", """"], [""MENTION"", ""experiments\\exploration\\E1_I0030_home_advantage_accounting\\s06_travel.py"", 196, ""% (int(road[\""eastbound\""].sum()), int(road[\""westbound\""].sum())))"", """"], [""MENTION"", ""experiments\\exploration\\E1_I0030_home_advantage_accounting\\s06_travel.py"", 200, ""road[\""eastbound\""].to_numpy(float)])"", """"], [""MENTION"", ""experiments\\exploration\\E1_I0030_home_advantage_accounting\\s06_travel.py"", 207, ""xv = road[\""eastbound\""].to_numpy(float)"", """"]]"
E1_I0030_home_advantage_accounting,westbound,7,IN_SCREEN,SUBSCRIPT_ASSIGN,experiments\exploration\E1_I0030_home_advantage_accounting\s01_guards_and_build.py,236,"t[""westbound""] = (t[""tz_delta""] <= -1).astype(float)","(t[""tz_delta""] <= -1).astype(float)","[[""SUBSCRIPT_ASSIGN"", ""experiments\\exploration\\E1_I0030_home_advantage_accounting\\s01_guards_and_build.py"", 236, ""t[\""westbound\""] = (t[\""tz_delta\""] <= -1).astype(float)"", ""(t[\""tz_delta\""] <= -1).astype(float)""], [""SUBSCRIPT_ASSIGN"", ""experiments\\exploration\\E1_I0030_home_advantage_accounting\\s06_travel.py"", 192, ""road = gg[(gg[\""is_home\""] == 0) & ((gg[\""eastbound\""] == 1) | (gg[\""westbound\""] == 1))].copy()"", ""= 1))].copy()""], [""MENTION"", ""experiments\\exploration\\E1_I0030_home_advantage_accounting\\s01_guards_and_build.py"", 239, ""for c in [\""eastbound\"", \""westbound\"", \""same_zone_travel\"", \""no_travel\""]:"", """"], [""MENTION"", ""experiments\\exploration\\E1_I0030_home_advantage_accounting\\s01_guards_and_build.py"", 242, ""% t.loc[ok, [\""eastbound\"", \""westbound\"", \""same_zone_travel\"", \""no_travel\""]]"", """"], [""MENTION"", ""experiments\\exploration\\E1_I0030_home_advantage_accounting\\s01_guards_and_build.py"", 247, ""k: int(v) for k, v in t.loc[ok, [\""eastbound\"", \""westbound\"", \""same_zone_travel\"","", """"], [""MENTION"", ""experiments\\exploration\\E1_I0030_home_advantage_accounting\\s06_travel.py"", 33, ""ARMS = [\""eastbound\"", \""westbound\"", \""same_zone_travel\""]     # no_travel is the reference arm"", """"], [""MENTION"", ""experiments\\exploration\\E1_I0030_home_advantage_accounting\\s06_travel.py"", 196, ""% (int(road[\""eastbound\""].sum()), int(road[\""westbound\""].sum())))"", """"]]"
E1_I0030_home_advantage_accounting,same_zone_travel,5,IN_SCREEN,SUBSCRIPT_ASSIGN,experiments\exploration\E1_I0030_home_advantage_accounting\s01_guards_and_build.py,237,"t[""same_zone_travel""] = ((t[""tz_delta""] == 0) & (t[""changed_venue""] == 1)).astype(float)","((t[""tz_delta""] == 0) & (t[""changed_venue""] == 1)).astype(float)","[[""SUBSCRIPT_ASSIGN"", ""experiments\\exploration\\E1_I0030_home_advantage_accounting\\s01_guards_and_build.py"", 237, ""t[\""same_zone_travel\""] = ((t[\""tz_delta\""] == 0) & (t[\""changed_venue\""] == 1)).astype(float)"", ""((t[\""tz_delta\""] == 0) & (t[\""changed_venue\""] == 1)).astype(float)""], [""MENTION"", ""experiments\\exploration\\E1_I0030_home_advantage_accounting\\s01_guards_and_build.py"", 239, ""for c in [\""eastbound\"", \""westbound\"", \""same_zone_travel\"", \""no_travel\""]:"", """"], [""MENTION"", ""experiments\\exploration\\E1_I0030_home_advantage_accounting\\s01_guards_and_build.py"", 242, ""% t.loc[ok, [\""eastbound\"", \""westbound\"", \""same_zone_travel\"", \""no_travel\""]]"", """"], [""MENTION"", ""experiments\\exploration\\E1_I0030_home_advantage_accounting\\s01_guards_and_build.py"", 247, ""k: int(v) for k, v in t.loc[ok, [\""eastbound\"", \""westbound\"", \""same_zone_travel\"","", """"], [""MENTION"", ""experiments\\exploration\\E1_I0030_home_advantage_accounting\\s06_travel.py"", 33, ""ARMS = [\""eastbound\"", \""westbound\"", \""same_zone_travel\""]     # no_travel is the reference arm"", """"]]"
E1_I0030_home_advantage_accounting,pts,50,IN_SCREEN,NAME_ASSIGN,experiments\exploration\E1_I0030_home_advantage_accounting\s06_travel.py,102,"pts=(""pts"", ""mean""), ppp=(""ppp"", ""mean""), poss=(""poss"", ""mean"")))","(""pts"", ""mean""), ppp=(""ppp"", ""mean""), poss=(""poss"", ""mean"")))","[[""NAME_ASSIGN"", ""experiments\\exploration\\E1_I0030_home_advantage_accounting\\s06_travel.py"", 102, ""pts=(\""pts\"", \""mean\""), ppp=(\""ppp\"", \""mean\""), poss=(\""poss\"", \""mean\"")))"", ""(\""pts\"", \""mean\""), ppp=(\""ppp\"", \""mean\""), poss=(\""poss\"", \""mean\"")))""], [""TUPLE_PAIR"", ""experiments\\exploration\\E1_I0030_home_advantage_accounting\\s00_prereg.py"", 21, ""(\""pts\"", \""team points\""),"", ""\""team points\""""], [""TUPLE_PAIR"", ""experiments\\exploration\\E1_I0030_home_advantage_accounting\\s00_prereg.py"", 49, ""(\""pts\"", \""player points\""),"", ""\""player points\""""], [""TUPLE_PAIR"", ""experiments\\exploration\\E1_I0030_home_advantage_accounting\\s03_player_reconcile.py"", 86, "".agg(m=(\""pts\"", \""size\""), pts_sum=(\""pts\"", \""sum\""), min_sum=(\""minutes\"", \""sum\""),"", ""\""size\""""], [""TUPLE_PAIR"", ""experiments\\exploration\\E1_I0030_home_advantage_accounting\\s03_player_reconcile.py"", 247, "".agg(n_used=(\""pts\"", \""size\""), pts=(\""pts\"", \""sum\""), minutes=(\""minutes\"", \""sum\""),"", ""\""size\""""], [""TUPLE_PAIR"", ""experiments\\exploration\\E1_I0030_home_advantage_accounting\\s03_player_reconcile.py"", 250, ""pts_eq=(\""pts\"", \""mean\""), min_eq=(\""minutes\"", \""mean\""),"", ""\""mean\""""], [""TUPLE_PAIR"", ""experiments\\exploration\\E1_I0030_home_advantage_accounting\\s03_player_reconcile.py"", 360, "".agg(n=(\""pts\"", \""size\""), pts=(\""pts\"", \""mean\""), minutes=(\""minutes\"", \""mean\""),"", ""\""size\""""], [""TUPLE_PAIR"", ""experiments\\exploration\\E1_I0030_home_advantage_accounting\\s06_travel.py"", 100, "".agg(n=(\""pts\"", \""size\""), rest_days=(\""rest_days\"", \""mean\""),"", ""\""size\""""], [""TUPLE_PAIR"", ""experiments\\exploration\\E1_I0030_home_advantage_accounting\\s06_travel.py"", 226, "".agg(n=(\""pts\"", \""size\""), pts=(\""pts\"", \""mean\""), ppp=(\""ppp\"", \""mean\""),"", ""\""size\""""], [""MENTION"", ""experiments\\exploration\\E1_I0030_home_advantage_accounting\\ha_base.py"", 101, ""\""stl\"", \""blk\"", \""tov\"", \""pf\"", \""pts\"", \""minutes\""]:"", """"]]"
E1_I0030_home_advantage_accounting,poss,9,IN_SCREEN,SUBSCRIPT_ASSIGN,experiments\exploration\E1_I0030_home_advantage_accounting\ha_base.py,103,"t[""poss""] = possessions(t[""fga""], t[""oreb""], t[""tov""], t[""fta""])","possessions(t[""fga""], t[""oreb""], t[""tov""], t[""fta""])","[[""SUBSCRIPT_ASSIGN"", ""experiments\\exploration\\E1_I0030_home_advantage_accounting\\ha_base.py"", 103, ""t[\""poss\""] = possessions(t[\""fga\""], t[\""oreb\""], t[\""tov\""], t[\""fta\""])"", ""possessions(t[\""fga\""], t[\""oreb\""], t[\""tov\""], t[\""fta\""])""], [""TUPLE_PAIR"", ""experiments\\exploration\\E1_I0030_home_advantage_accounting\\s00_prereg.py"", 22, ""(\""poss\"", \""possessions, box estimator FGA-OREB+TOV+0.44*FTA\""),"", ""\""possessions, box estimator FGA-OREB+TOV+0.44*FTA\""""], [""TUPLE_PAIR"", ""experiments\\exploration\\E1_I0030_home_advantage_accounting\\s06_travel.py"", 102, ""pts=(\""pts\"", \""mean\""), ppp=(\""ppp\"", \""mean\""), poss=(\""poss\"", \""mean\"")))"", ""\""mean\""""], [""MENTION"", ""experiments\\exploration\\E1_I0030_home_advantage_accounting\\s01_guards_and_build.py"", 31, ""dict(column=\""poss\"","", """"], [""MENTION"", ""experiments\\exploration\\E1_I0030_home_advantage_accounting\\s01_guards_and_build.py"", 253, ""t[\""ppp\""] = t[\""pts\""] / t[\""poss\""]"", """"], [""MENTION"", ""experiments\\exploration\\E1_I0030_home_advantage_accounting\\s02_team_effect.py"", 136, ""for c in [\""pts\"", \""ppp\"", \""poss\"", \""minutes\""]:"", """"], [""MENTION"", ""experiments\\exploration\\E1_I0030_home_advantage_accounting\\s02_team_effect.py"", 342, ""pd.DataFrame({c: draws_store[c] for c in [\""pts\"", \""poss\"", \""ppp\"", \""minutes\""]"", """"], [""MENTION"", ""experiments\\exploration\\E1_I0030_home_advantage_accounting\\s06_travel.py"", 82, ""t[\""ppp\""] = t[\""pts\""] / t[\""poss\""]"", """"], [""MENTION"", ""experiments\\exploration\\E1_I0030_home_advantage_accounting\\s06_travel.py"", 114, ""for tgt in [\""pts\"", \""ppp\"", \""poss\"", \""fta\"", \""fg_pct\""]:"", """"]]"
E1_I0030_home_advantage_accounting,ppp,12,IN_SCREEN,SUBSCRIPT_ASSIGN,experiments\exploration\E1_I0030_home_advantage_accounting\s01_guards_and_build.py,253,"t[""ppp""] = t[""pts""] / t[""poss""]","t[""pts""] / t[""poss""]","[[""SUBSCRIPT_ASSIGN"", ""experiments\\exploration\\E1_I0030_home_advantage_accounting\\s01_guards_and_build.py"", 253, ""t[\""ppp\""] = t[\""pts\""] / t[\""poss\""]"", ""t[\""pts\""] / t[\""poss\""]""], [""SUBSCRIPT_ASSIGN"", ""experiments\\exploration\\E1_I0030_home_advantage_accounting\\s06_travel.py"", 82, ""t[\""ppp\""] = t[\""pts\""] / t[\""poss\""]"", ""t[\""pts\""] / t[\""poss\""]""], [""TUPLE_PAIR"", ""experiments\\exploration\\E1_I0030_home_advantage_accounting\\s00_prereg.py"", 23, ""(\""ppp\"", \""points per possession\""),"", ""\""points per possession\""""], [""TUPLE_PAIR"", ""experiments\\exploration\\E1_I0030_home_advantage_accounting\\s06_travel.py"", 102, ""pts=(\""pts\"", \""mean\""), ppp=(\""ppp\"", \""mean\""), poss=(\""poss\"", \""mean\"")))"", ""\""mean\""""], [""TUPLE_PAIR"", ""experiments\\exploration\\E1_I0030_home_advantage_accounting\\s06_travel.py"", 226, "".agg(n=(\""pts\"", \""size\""), pts=(\""pts\"", \""mean\""), ppp=(\""ppp\"", \""mean\""),"", ""\""mean\""""], [""MENTION"", ""experiments\\exploration\\E1_I0030_home_advantage_accounting\\s02_team_effect.py"", 136, ""for c in [\""pts\"", \""ppp\"", \""poss\"", \""minutes\""]:"", """"], [""MENTION"", ""experiments\\exploration\\E1_I0030_home_advantage_accounting\\s02_team_effect.py"", 342, ""pd.DataFrame({c: draws_store[c] for c in [\""pts\"", \""poss\"", \""ppp\"", \""minutes\""]"", """"], [""MENTION"", ""experiments\\exploration\\E1_I0030_home_advantage_accounting\\s06_travel.py"", 83, ""t = prior_only_baseline(t, \""ppp\"") if \""opp_ppp\"" in t.columns else t"", """"], [""MENTION"", ""experiments\\exploration\\E1_I0030_home_advantage_accounting\\s06_travel.py"", 114, ""for tgt in [\""pts\"", \""ppp\"", \""poss\"", \""fta\"", \""fg_pct\""]:"", """"], [""MENTION"", ""experiments\\exploration\\E1_I0030_home_advantage_accounting\\s06_travel.py"", 127, ""gg = g.dropna(subset=COV + [\""pts\"", \""ppp\""]).copy().reset_index(drop=True)"", """"]]"
E1_I0030_home_advantage_accounting,minutes,42,IN_SCREEN,SUBSCRIPT_ASSIGN,experiments\exploration\E1_I0030_home_advantage_accounting\ha_base.py,125,"p[""minutes""] = p[""minutes""].fillna(0.0)","p[""minutes""].fillna(0.0)","[[""SUBSCRIPT_ASSIGN"", ""experiments\\exploration\\E1_I0030_home_advantage_accounting\\ha_base.py"", 125, ""p[\""minutes\""] = p[\""minutes\""].fillna(0.0)"", ""p[\""minutes\""].fillna(0.0)""], [""TUPLE_PAIR"", ""experiments\\exploration\\E1_I0030_home_advantage_accounting\\s00_prereg.py"", 24, ""(\""minutes\"", \""team minutes played (the shared budget)\""),"", ""\""team minutes played (the shared budget""], [""TUPLE_PAIR"", ""experiments\\exploration\\E1_I0030_home_advantage_accounting\\s00_prereg.py"", 50, ""(\""minutes\"", \""player minutes\""),"", ""\""player minutes\""""], [""TUPLE_PAIR"", ""experiments\\exploration\\E1_I0030_home_advantage_accounting\\s03_player_reconcile.py"", 86, "".agg(m=(\""pts\"", \""size\""), pts_sum=(\""pts\"", \""sum\""), min_sum=(\""minutes\"", \""sum\""),"", ""\""sum\""""], [""TUPLE_PAIR"", ""experiments\\exploration\\E1_I0030_home_advantage_accounting\\s03_player_reconcile.py"", 247, "".agg(n_used=(\""pts\"", \""size\""), pts=(\""pts\"", \""sum\""), minutes=(\""minutes\"", \""sum\""),"", ""\""sum\""""], [""TUPLE_PAIR"", ""experiments\\exploration\\E1_I0030_home_advantage_accounting\\s03_player_reconcile.py"", 250, ""pts_eq=(\""pts\"", \""mean\""), min_eq=(\""minutes\"", \""mean\""),"", ""\""mean\""""], [""TUPLE_PAIR"", ""experiments\\exploration\\E1_I0030_home_advantage_accounting\\s03_player_reconcile.py"", 360, "".agg(n=(\""pts\"", \""size\""), pts=(\""pts\"", \""mean\""), minutes=(\""minutes\"", \""mean\""),"", ""\""mean\""""], [""MENTION"", ""experiments\\exploration\\E1_I0030_home_advantage_accounting\\ha_base.py"", 101, ""\""stl\"", \""blk\"", \""tov\"", \""pf\"", \""pts\"", \""minutes\""]:"", """"], [""MENTION"", ""experiments\\exploration\\E1_I0030_home_advantage_accounting\\ha_base.py"", 120, ""\""stl\"", \""blk\"", \""tov\"", \""pf\"", \""pts\"", \""minutes\""]:"", """"], [""MENTION"", ""experiments\\exploration\\E1_I0030_home_advantage_accounting\\ha_base.py"", 124, ""p[\""appeared\""] = (p[\""minutes\""].fillna(0.0) > 0.0).astype(int)"", """"]]"
E1_I0030_home_advantage_accounting,fga,29,IN_SCREEN,NAME_ASSIGN,experiments\exploration\E1_I0030_home_advantage_accounting\s03_player_reconcile.py,248,"fga=(""fga"", ""sum""), fta=(""fta"", ""sum""), fg3a=(""fg3a"", ""sum""),","(""fga"", ""sum""), fta=(""fta"", ""sum""), fg3a=(""fg3a"", ""sum""),","[[""NAME_ASSIGN"", ""experiments\\exploration\\E1_I0030_home_advantage_accounting\\s03_player_reconcile.py"", 248, ""fga=(\""fga\"", \""sum\""), fta=(\""fta\"", \""sum\""), fg3a=(\""fg3a\"", \""sum\""),"", ""(\""fga\"", \""sum\""), fta=(\""fta\"", \""sum\""), fg3a=(\""fg3a\"", \""sum\""),""], [""TUPLE_PAIR"", ""experiments\\exploration\\E1_I0030_home_advantage_accounting\\s00_prereg.py"", 25, ""(\""fga\"", \""field goal attempts\""),"", ""\""field goal attempts\""""], [""TUPLE_PAIR"", ""experiments\\exploration\\E1_I0030_home_advantage_accounting\\s00_prereg.py"", 52, ""(\""fga\"", \""player field goal attempts\""),"", ""\""player field goal attempts\""""], [""TUPLE_PAIR"", ""experiments\\exploration\\E1_I0030_home_advantage_accounting\\s03_player_reconcile.py"", 87, ""fga_sum=(\""fga\"", \""sum\""), fta_sum=(\""fta\"", \""sum\""), fg3a_sum=(\""fg3a\"", \""sum\""),"", ""\""sum\""""], [""TUPLE_PAIR"", ""experiments\\exploration\\E1_I0030_home_advantage_accounting\\s03_player_reconcile.py"", 251, ""fga_eq=(\""fga\"", \""mean\""), fta_eq=(\""fta\"", \""mean\""), fg3a_eq=(\""fg3a\"", \""mean\""),"", ""\""mean\""""], [""TUPLE_PAIR"", ""experiments\\exploration\\E1_I0030_home_advantage_accounting\\s03_player_reconcile.py"", 361, ""fta=(\""fta\"", \""mean\""), ftm=(\""ftm\"", \""mean\""), fga=(\""fga\"", \""mean\""))"", ""\""mean\""""], [""MENTION"", ""experiments\\exploration\\E1_I0030_home_advantage_accounting\\ha_base.py"", 100, ""for c in [\""fgm\"", \""fga\"", \""fg3m\"", \""fg3a\"", \""ftm\"", \""fta\"", \""oreb\"", \""dreb\"", \""reb\"", \""ast\"","", """"], [""MENTION"", ""experiments\\exploration\\E1_I0030_home_advantage_accounting\\ha_base.py"", 103, ""t[\""poss\""] = possessions(t[\""fga\""], t[\""oreb\""], t[\""tov\""], t[\""fta\""])"", """"], [""MENTION"", ""experiments\\exploration\\E1_I0030_home_advantage_accounting\\ha_base.py"", 105, ""t[\""fg2a\""] = t[\""fga\""] - t[\""fg3a\""]"", """"], [""MENTION"", ""experiments\\exploration\\E1_I0030_home_advantage_accounting\\ha_base.py"", 119, ""for c in [\""fgm\"", \""fga\"", \""fg3m\"", \""fg3a\"", \""ftm\"", \""fta\"", \""oreb\"", \""dreb\"", \""reb\"", \""ast\"","", """"]]"
E1_I0030_home_advantage_accounting,fg2a,4,IN_SCREEN,SUBSCRIPT_ASSIGN,experiments\exploration\E1_I0030_home_advantage_accounting\ha_base.py,105,"t[""fg2a""] = t[""fga""] - t[""fg3a""]","t[""fga""] - t[""fg3a""]","[[""SUBSCRIPT_ASSIGN"", ""experiments\\exploration\\E1_I0030_home_advantage_accounting\\ha_base.py"", 105, ""t[\""fg2a\""] = t[\""fga\""] - t[\""fg3a\""]"", ""t[\""fga\""] - t[\""fg3a\""]""], [""SUBSCRIPT_ASSIGN"", ""experiments\\exploration\\E1_I0030_home_advantage_accounting\\ha_base.py"", 129, ""p[\""fg2a\""] = p[\""fga\""] - p[\""fg3a\""]"", ""p[\""fga\""] - p[\""fg3a\""]""], [""TUPLE_PAIR"", ""experiments\\exploration\\E1_I0030_home_advantage_accounting\\s00_prereg.py"", 26, ""(\""fg2a\"", \""two-point attempts\""),"", ""\""two-point attempts\""""], [""MENTION"", ""experiments\\exploration\\E1_I0030_home_advantage_accounting\\s01_guards_and_build.py"", 256, ""t[\""fg2_pct\""] = t[\""fg2m\""] / t[\""fg2a\""].replace(0, np.nan)"", """"]]"
E1_I0030_home_advantage_accounting,fg3a,11,IN_SCREEN,TUPLE_PAIR,experiments\exploration\E1_I0030_home_advantage_accounting\s00_prereg.py,27,"(""fg3a"", ""three-point attempts""),","""three-point attempts""","[[""TUPLE_PAIR"", ""experiments\\exploration\\E1_I0030_home_advantage_accounting\\s00_prereg.py"", 27, ""(\""fg3a\"", \""three-point attempts\""),"", ""\""three-point attempts\""""], [""TUPLE_PAIR"", ""experiments\\exploration\\E1_I0030_home_advantage_accounting\\s00_prereg.py"", 56, ""(\""fg3a\"", \""player three-point attempts\""),"", ""\""player three-point attempts\""""], [""TUPLE_PAIR"", ""experiments\\exploration\\E1_I0030_home_advantage_accounting\\s03_player_reconcile.py"", 87, ""fga_sum=(\""fga\"", \""sum\""), fta_sum=(\""fta\"", \""sum\""), fg3a_sum=(\""fg3a\"", \""sum\""),"", ""\""sum\""""], [""TUPLE_PAIR"", ""experiments\\exploration\\E1_I0030_home_advantage_accounting\\s03_player_reconcile.py"", 248, ""fga=(\""fga\"", \""sum\""), fta=(\""fta\"", \""sum\""), fg3a=(\""fg3a\"", \""sum\""),"", ""\""sum\""""], [""TUPLE_PAIR"", ""experiments\\exploration\\E1_I0030_home_advantage_accounting\\s03_player_reconcile.py"", 251, ""fga_eq=(\""fga\"", \""mean\""), fta_eq=(\""fta\"", \""mean\""), fg3a_eq=(\""fg3a\"", \""mean\""),"", ""\""mean\""""], [""MENTION"", ""experiments\\exploration\\E1_I0030_home_advantage_accounting\\ha_base.py"", 100, ""for c in [\""fgm\"", \""fga\"", \""fg3m\"", \""fg3a\"", \""ftm\"", \""fta\"", \""oreb\"", \""dreb\"", \""reb\"", \""ast\"","", """"], [""MENTION"", ""experiments\\exploration\\E1_I0030_home_advantage_accounting\\ha_base.py"", 105, ""t[\""fg2a\""] = t[\""fga\""] - t[\""fg3a\""]"", """"], [""MENTION"", ""experiments\\exploration\\E1_I0030_home_advantage_accounting\\ha_base.py"", 119, ""for c in [\""fgm\"", \""fga\"", \""fg3m\"", \""fg3a\"", \""ftm\"", \""fta\"", \""oreb\"", \""dreb\"", \""reb\"", \""ast\"","", """"], [""MENTION"", ""experiments\\exploration\\E1_I0030_home_advantage_accounting\\ha_base.py"", 126, ""for c in [\""fgm\"", \""fga\"", \""fg3m\"", \""fg3a\"", \""ftm\"", \""fta\"", \""oreb\"", \""tov\"", \""pts\""]:"", """"], [""MENTION"", ""experiments\\exploration\\E1_I0030_home_advantage_accounting\\ha_base.py"", 129, ""p[\""fg2a\""] = p[\""fga\""] - p[\""fg3a\""]"", """"]]"
E1_I0030_home_advantage_accounting,fta,25,IN_SCREEN,NAME_ASSIGN,experiments\exploration\E1_I0030_home_advantage_accounting\s03_player_reconcile.py,361,"fta=(""fta"", ""mean""), ftm=(""ftm"", ""mean""), fga=(""fga"", ""mean""))","(""fta"", ""mean""), ftm=(""ftm"", ""mean""), fga=(""fga"", ""mean""))","[[""NAME_ASSIGN"", ""experiments\\exploration\\E1_I0030_home_advantage_accounting\\s03_player_reconcile.py"", 361, ""fta=(\""fta\"", \""mean\""), ftm=(\""ftm\"", \""mean\""), fga=(\""fga\"", \""mean\""))"", ""(\""fta\"", \""mean\""), ftm=(\""ftm\"", \""mean\""), fga=(\""fga\"", \""mean\""))""], [""TUPLE_PAIR"", ""experiments\\exploration\\E1_I0030_home_advantage_accounting\\s00_prereg.py"", 28, ""(\""fta\"", \""free throw attempts\""),"", ""\""free throw attempts\""""], [""TUPLE_PAIR"", ""experiments\\exploration\\E1_I0030_home_advantage_accounting\\s00_prereg.py"", 54, ""(\""fta\"", \""player free throw attempts\""),"", ""\""player free throw attempts\""""], [""TUPLE_PAIR"", ""experiments\\exploration\\E1_I0030_home_advantage_accounting\\s03_player_reconcile.py"", 87, ""fga_sum=(\""fga\"", \""sum\""), fta_sum=(\""fta\"", \""sum\""), fg3a_sum=(\""fg3a\"", \""sum\""),"", ""\""sum\""""], [""TUPLE_PAIR"", ""experiments\\exploration\\E1_I0030_home_advantage_accounting\\s03_player_reconcile.py"", 248, ""fga=(\""fga\"", \""sum\""), fta=(\""fta\"", \""sum\""), fg3a=(\""fg3a\"", \""sum\""),"", ""\""sum\""""], [""TUPLE_PAIR"", ""experiments\\exploration\\E1_I0030_home_advantage_accounting\\s03_player_reconcile.py"", 251, ""fga_eq=(\""fga\"", \""mean\""), fta_eq=(\""fta\"", \""mean\""), fg3a_eq=(\""fg3a\"", \""mean\""),"", ""\""mean\""""], [""MENTION"", ""experiments\\exploration\\E1_I0030_home_advantage_accounting\\ha_base.py"", 100, ""for c in [\""fgm\"", \""fga\"", \""fg3m\"", \""fg3a\"", \""ftm\"", \""fta\"", \""oreb\"", \""dreb\"", \""reb\"", \""ast\"","", """"], [""MENTION"", ""experiments\\exploration\\E1_I0030_home_advantage_accounting\\ha_base.py"", 103, ""t[\""poss\""] = possessions(t[\""fga\""], t[\""oreb\""], t[\""tov\""], t[\""fta\""])"", """"], [""MENTION"", ""experiments\\exploration\\E1_I0030_home_advantage_accounting\\ha_base.py"", 119, ""for c in [\""fgm\"", \""fga\"", \""fg3m\"", \""fg3a\"", \""ftm\"", \""fta\"", \""oreb\"", \""dreb\"", \""reb\"", \""ast\"","", """"], [""MENTION"", ""experiments\\exploration\\E1_I0030_home_advantage_accounting\\ha_base.py"", 126, ""for c in [\""fgm\"", \""fga\"", \""fg3m\"", \""fg3a\"", \""ftm\"", \""fta\"", \""oreb\"", \""tov\"", \""pts\""]:"", """"]]"
E1_I0030_home_advantage_accounting,fgm,12,IN_SCREEN,NAME_ASSIGN,experiments\exploration\E1_I0030_home_advantage_accounting\s03_player_reconcile.py,249,"fgm=(""fgm"", ""sum""), fg3m=(""fg3m"", ""sum""), ftm=(""ftm"", ""sum""),","(""fgm"", ""sum""), fg3m=(""fg3m"", ""sum""), ftm=(""ftm"", ""sum""),","[[""NAME_ASSIGN"", ""experiments\\exploration\\E1_I0030_home_advantage_accounting\\s03_player_reconcile.py"", 249, ""fgm=(\""fgm\"", \""sum\""), fg3m=(\""fg3m\"", \""sum\""), ftm=(\""ftm\"", \""sum\""),"", ""(\""fgm\"", \""sum\""), fg3m=(\""fg3m\"", \""sum\""), ftm=(\""ftm\"", \""sum\""),""], [""TUPLE_PAIR"", ""experiments\\exploration\\E1_I0030_home_advantage_accounting\\s00_prereg.py"", 29, ""(\""fgm\"", \""field goals made\""),"", ""\""field goals made\""""], [""TUPLE_PAIR"", ""experiments\\exploration\\E1_I0030_home_advantage_accounting\\s03_player_reconcile.py"", 88, ""fgm_sum=(\""fgm\"", \""sum\""), fg3m_sum=(\""fg3m\"", \""sum\""), ftm_sum=(\""ftm\"", \""sum\""))"", ""\""sum\""""], [""MENTION"", ""experiments\\exploration\\E1_I0030_home_advantage_accounting\\ha_base.py"", 100, ""for c in [\""fgm\"", \""fga\"", \""fg3m\"", \""fg3a\"", \""ftm\"", \""fta\"", \""oreb\"", \""dreb\"", \""reb\"", \""ast\"","", """"], [""MENTION"", ""experiments\\exploration\\E1_I0030_home_advantage_accounting\\ha_base.py"", 104, ""t[\""fg2m\""] = t[\""fgm\""] - t[\""fg3m\""]"", """"], [""MENTION"", ""experiments\\exploration\\E1_I0030_home_advantage_accounting\\ha_base.py"", 119, ""for c in [\""fgm\"", \""fga\"", \""fg3m\"", \""fg3a\"", \""ftm\"", \""fta\"", \""oreb\"", \""dreb\"", \""reb\"", \""ast\"","", """"], [""MENTION"", ""experiments\\exploration\\E1_I0030_home_advantage_accounting\\ha_base.py"", 126, ""for c in [\""fgm\"", \""fga\"", \""fg3m\"", \""fg3a\"", \""ftm\"", \""fta\"", \""oreb\"", \""tov\"", \""pts\""]:"", """"], [""MENTION"", ""experiments\\exploration\\E1_I0030_home_advantage_accounting\\ha_base.py"", 128, ""p[\""fg2m\""] = p[\""fgm\""] - p[\""fg3m\""]"", """"], [""MENTION"", ""experiments\\exploration\\E1_I0030_home_advantage_accounting\\s01_guards_and_build.py"", 255, ""t[\""fg_pct\""] = t[\""fgm\""] / t[\""fga\""].replace(0, np.nan)"", """"], [""MENTION"", ""experiments\\exploration\\E1_I0030_home_advantage_accounting\\s01_guards_and_build.py"", 259, ""t[\""efg_pct\""] = (t[\""fgm\""] + 0.5 * t[\""fg3m\""]) / t[\""fga\""].replace(0, np.nan)"", """"]]"
E1_I0030_home_advantage_accounting,fg2m,4,IN_SCREEN,SUBSCRIPT_ASSIGN,experiments\exploration\E1_I0030_home_advantage_accounting\ha_base.py,104,"t[""fg2m""] = t[""fgm""] - t[""fg3m""]","t[""fgm""] - t[""fg3m""]","[[""SUBSCRIPT_ASSIGN"", ""experiments\\exploration\\E1_I0030_home_advantage_accounting\\ha_base.py"", 104, ""t[\""fg2m\""] = t[\""fgm\""] - t[\""fg3m\""]"", ""t[\""fgm\""] - t[\""fg3m\""]""], [""SUBSCRIPT_ASSIGN"", ""experiments\\exploration\\E1_I0030_home_advantage_accounting\\ha_base.py"", 128, ""p[\""fg2m\""] = p[\""fgm\""] - p[\""fg3m\""]"", ""p[\""fgm\""] - p[\""fg3m\""]""], [""TUPLE_PAIR"", ""experiments\\exploration\\E1_I0030_home_advantage_accounting\\s00_prereg.py"", 30, ""(\""fg2m\"", \""two-point makes\""),"", ""\""two-point makes\""""], [""MENTION"", ""experiments\\exploration\\E1_I0030_home_advantage_accounting\\s01_guards_and_build.py"", 256, ""t[\""fg2_pct\""] = t[\""fg2m\""] / t[\""fg2a\""].replace(0, np.nan)"", """"]]"
E1_I0030_home_advantage_accounting,fg3m,100,WORKTREE,RENAME_TO,validate_schema.py,105,"out = t.rename(columns={""FGM"": ""fgm"", ""FG3M"": ""fg3m"", ""FTM"": ""ftm"", ""PTS"": ""pts""})",FG3M,"[[""RENAME_TO"", ""validate_schema.py"", 105, ""out = t.rename(columns={\""FGM\"": \""fgm\"", \""FG3M\"": \""fg3m\"", \""FTM\"": \""ftm\"", \""PTS\"": \""pts\""})"", ""FG3M""], [""TUPLE_PAIR"", ""build_masters.py"", 549, ""for made, att, pct in ((\""fgm\"", \""fga\"", \""fg_pct\""), (\""fg3m\"", \""fg3a\"", \""fg3_pct\""),"", ""\""fg3a\"", \""fg3_pct\""""], [""TUPLE_PAIR"", ""experiments\\exploration\\E1_I0030_home_advantage_accounting\\s00_prereg.py"", 31, ""(\""fg3m\"", \""three-point makes\""),"", ""\""three-point makes\""""], [""TUPLE_PAIR"", ""experiments\\exploration\\E1_I0030_home_advantage_accounting\\s03_player_reconcile.py"", 88, ""fgm_sum=(\""fgm\"", \""sum\""), fg3m_sum=(\""fg3m\"", \""sum\""), ftm_sum=(\""ftm\"", \""sum\""))"", ""\""sum\""""], [""TUPLE_PAIR"", ""experiments\\exploration\\E1_I0030_home_advantage_accounting\\s03_player_reconcile.py"", 249, ""fgm=(\""fgm\"", \""sum\""), fg3m=(\""fg3m\"", \""sum\""), ftm=(\""ftm\"", \""sum\""),"", ""\""sum\""""], [""DICT_VALUE"", ""build_masters.py"", 688, ""if stat == \""fg3m\"":"", """"], [""DICT_VALUE"", ""daily_forecast.py"", 288, ""\""ft_pct\"": \""team_ft_pct\"", \""fg3a\"": \""team_fg3a\"", \""fg3m\"": \""team_fg3m\"","", ""\""team_fg3m\""""], [""DICT_VALUE"", ""validate_schema.py"", 69, ""\""fg3m\"": t[\""team_fg3m\""].astype(\""int64\""),"", ""t[\""team_fg3m\""].astype(\""int64\"")""], [""DICT_VALUE"", ""validate_schema.py"", 141, ""\""fg3m\"": grp.apply(lambda d: int(((d.event_type == \""shot_made\"") & (d.points == 3)).sum()), include_groups=False),"", ""grp.apply(lambda d: int(((d.event_type == \""shot_made\"") & (d.points == 3)).sum())""], [""DICT_VALUE"", ""experiments\\channel_reval\\build_channel_base_v2.py"", 73, ""\""fg3m\"": \""team_fg3m\"","", ""\""team_fg3m\""""]]"
E1_I0030_home_advantage_accounting,ftm,128,WORKTREE,NAME_ASSIGN,experiments\exploration\E0_I0029_freethrow_hurdle\s04_stages.py,11,ftm = A * G * C        A = 1{fta>0}    G = fta | A=1    C = ftm/fta | A=1,A * G * C        A = 1{fta>0}    G = fta | A=1    C = ftm/fta | A=1,"[[""NAME_ASSIGN"", ""experiments\\exploration\\E0_I0029_freethrow_hurdle\\s04_stages.py"", 11, ""ftm = A * G * C        A = 1{fta>0}    G = fta | A=1    C = ftm/fta | A=1"", ""A * G * C        A = 1{fta>0}    G = fta | A=1    C = ftm/fta | A=1""], [""RENAME_TO"", ""validate_schema.py"", 105, ""out = t.rename(columns={\""FGM\"": \""fgm\"", \""FG3M\"": \""fg3m\"", \""FTM\"": \""ftm\"", \""PTS\"": \""pts\""})"", ""FTM""], [""TUPLE_PAIR"", ""build_masters.py"", 550, ""(\""ftm\"", \""fta\"", \""ft_pct\"")):"", ""\""fta\"", \""ft_pct\""""], [""TUPLE_PAIR"", ""experiments\\exploration\\E0_I0029_freethrow_hurdle\\s02_build_frame.py"", 273, "".agg(t_fta=(\""fta\"", \""sum\""), t_ftm=(\""ftm\"", \""sum\""), t_fga=(\""fga\"", \""sum\""),"", ""\""sum\""""], [""TUPLE_PAIR"", ""experiments\\exploration\\E1_I0030_home_advantage_accounting\\s00_prereg.py"", 32, ""(\""ftm\"", \""free throws made\""),"", ""\""free throws made\""""], [""TUPLE_PAIR"", ""experiments\\exploration\\E1_I0030_home_advantage_accounting\\s03_player_reconcile.py"", 88, ""fgm_sum=(\""fgm\"", \""sum\""), fg3m_sum=(\""fg3m\"", \""sum\""), ftm_sum=(\""ftm\"", \""sum\""))"", ""\""sum\""""], [""TUPLE_PAIR"", ""experiments\\exploration\\E1_I0030_home_advantage_accounting\\s03_player_reconcile.py"", 249, ""fgm=(\""fgm\"", \""sum\""), fg3m=(\""fg3m\"", \""sum\""), ftm=(\""ftm\"", \""sum\""),"", ""\""sum\""""], [""TUPLE_PAIR"", ""experiments\\exploration\\E1_I0030_home_advantage_accounting\\s03_player_reconcile.py"", 361, ""fta=(\""fta\"", \""mean\""), ftm=(\""ftm\"", \""mean\""), fga=(\""fga\"", \""mean\""))"", ""\""mean\""""], [""TUPLE_PAIR"", ""experiments\\exploration\\E1_I0033_aggregation_level\\scripts\\s08_which_level.py"", 21, ""QUANTITIES = [(\""pts\"", \""P09\""), (\""fga\"", \""P10\""), (\""fta\"", \""P11\""), (\""ftm\"", \""P12\""),"", ""\""P12\""""], [""TUPLE_PAIR"", ""experiments\\exploration\\E1_I0033_aggregation_level\\scripts\\s09_ft_composition.py"", 59, "".agg(ftm=(\""ftm\"", \""sum\""), fta=(\""fta\"", \""sum\""),"", ""\""sum\""""]]"
E1_I0030_home_advantage_accounting,fg_pct,3,IN_SCREEN,SUBSCRIPT_ASSIGN,experiments\exploration\E1_I0030_home_advantage_accounting\s01_guards_and_build.py,255,"t[""fg_pct""] = t[""fgm""] / t[""fga""].replace(0, np.nan)","t[""fgm""] / t[""fga""].replace(0, np.nan)","[[""SUBSCRIPT_ASSIGN"", ""experiments\\exploration\\E1_I0030_home_advantage_accounting\\s01_guards_and_build.py"", 255, ""t[\""fg_pct\""] = t[\""fgm\""] / t[\""fga\""].replace(0, np.nan)"", ""t[\""fgm\""] / t[\""fga\""].replace(0, np.nan)""], [""TUPLE_PAIR"", ""experiments\\exploration\\E1_I0030_home_advantage_accounting\\s00_prereg.py"", 33, ""(\""fg_pct\"", \""field goal percentage\""),"", ""\""field goal percentage\""""], [""MENTION"", ""experiments\\exploration\\E1_I0030_home_advantage_accounting\\s06_travel.py"", 114, ""for tgt in [\""pts\"", \""ppp\"", \""poss\"", \""fta\"", \""fg_pct\""]:"", """"]]"
E1_I0030_home_advantage_accounting,fg2_pct,2,IN_SCREEN,SUBSCRIPT_ASSIGN,experiments\exploration\E1_I0030_home_advantage_accounting\s01_guards_and_build.py,256,"t[""fg2_pct""] = t[""fg2m""] / t[""fg2a""].replace(0, np.nan)","t[""fg2m""] / t[""fg2a""].replace(0, np.nan)","[[""SUBSCRIPT_ASSIGN"", ""experiments\\exploration\\E1_I0030_home_advantage_accounting\\s01_guards_and_build.py"", 256, ""t[\""fg2_pct\""] = t[\""fg2m\""] / t[\""fg2a\""].replace(0, np.nan)"", ""t[\""fg2m\""] / t[\""fg2a\""].replace(0, np.nan)""], [""TUPLE_PAIR"", ""experiments\\exploration\\E1_I0030_home_advantage_accounting\\s00_prereg.py"", 34, ""(\""fg2_pct\"", \""two-point percentage\""),"", ""\""two-point percentage\""""]]"
E1_I0030_home_advantage_accounting,fg3_pct,2,IN_SCREEN,SUBSCRIPT_ASSIGN,experiments\exploration\E1_I0030_home_advantage_accounting\s01_guards_and_build.py,257,"t[""fg3_pct""] = t[""fg3m""] / t[""fg3a""].replace(0, np.nan)","t[""fg3m""] / t[""fg3a""].replace(0, np.nan)","[[""SUBSCRIPT_ASSIGN"", ""experiments\\exploration\\E1_I0030_home_advantage_accounting\\s01_guards_and_build.py"", 257, ""t[\""fg3_pct\""] = t[\""fg3m\""] / t[\""fg3a\""].replace(0, np.nan)"", ""t[\""fg3m\""] / t[\""fg3a\""].replace(0, np.nan)""], [""TUPLE_PAIR"", ""experiments\\exploration\\E1_I0030_home_advantage_accounting\\s00_prereg.py"", 35, ""(\""fg3_pct\"", \""three-point percentage\""),"", ""\""three-point percentage\""""]]"
E1_I0030_home_advantage_accounting,ft_pct,2,IN_SCREEN,SUBSCRIPT_ASSIGN,experiments\exploration\E1_I0030_home_advantage_accounting\s01_guards_and_build.py,258,"t[""ft_pct""] = t[""ftm""] / t[""fta""].replace(0, np.nan)","t[""ftm""] / t[""fta""].replace(0, np.nan)","[[""SUBSCRIPT_ASSIGN"", ""experiments\\exploration\\E1_I0030_home_advantage_accounting\\s01_guards_and_build.py"", 258, ""t[\""ft_pct\""] = t[\""ftm\""] / t[\""fta\""].replace(0, np.nan)"", ""t[\""ftm\""] / t[\""fta\""].replace(0, np.nan)""], [""TUPLE_PAIR"", ""experiments\\exploration\\E1_I0030_home_advantage_accounting\\s00_prereg.py"", 36, ""(\""ft_pct\"", \""free throw percentage\""),"", ""\""free throw percentage\""""]]"
E1_I0030_home_advantage_accounting,efg_pct,6,IN_SCREEN,SUBSCRIPT_ASSIGN,experiments\exploration\E1_I0030_home_advantage_accounting\s01_guards_and_build.py,259,"t[""efg_pct""] = (t[""fgm""] + 0.5 * t[""fg3m""]) / t[""fga""].replace(0, np.nan)","(t[""fgm""] + 0.5 * t[""fg3m""]) / t[""fga""].replace(0, np.nan)","[[""SUBSCRIPT_ASSIGN"", ""experiments\\exploration\\E1_I0030_home_advantage_accounting\\s01_guards_and_build.py"", 259, ""t[\""efg_pct\""] = (t[\""fgm\""] + 0.5 * t[\""fg3m\""]) / t[\""fga\""].replace(0, np.nan)"", ""(t[\""fgm\""] + 0.5 * t[\""fg3m\""]) / t[\""fga\""].replace(0, np.nan)""], [""SUBSCRIPT_ASSIGN"", ""experiments\\exploration\\E1_I0030_home_advantage_accounting\\s01_guards_and_build.py"", 268, ""p[\""efg_pct\""] = np.where(p[\""fga\""] > 0, (p[\""fgm\""] + 0.5 * p[\""fg3m\""]) / p[\""fga\""].replace(0, np.nan),"", ""np.where(p[\""fga\""] > 0, (p[\""fgm\""] + 0.5 * p[\""fg3m\""]) / p[\""fga\""].replace(0, np.nan),""], [""SUBSCRIPT_ASSIGN"", ""experiments\\exploration\\E1_I0030_home_advantage_accounting\\s03_player_reconcile.py"", 258, ""tg[\""efg_pct\""] = (tg[\""fgm\""] + 0.5 * tg[\""fg3m\""]) / tg[\""fga\""].replace(0, np.nan)"", ""(tg[\""fgm\""] + 0.5 * tg[\""fg3m\""]) / tg[\""fga\""].replace(0, np.nan)""], [""TUPLE_PAIR"", ""experiments\\exploration\\E1_I0030_home_advantage_accounting\\s00_prereg.py"", 37, ""(\""efg_pct\"", \""effective field goal percentage\""),"", ""\""effective field goal percentage\""""], [""TUPLE_PAIR"", ""experiments\\exploration\\E1_I0030_home_advantage_accounting\\s00_prereg.py"", 57, ""(\""efg_pct\"", \""player effective field goal percentage\""),"", ""\""player effective field goal percentage\""""], [""TUPLE_PAIR"", ""experiments\\exploration\\E1_I0030_home_advantage_accounting\\s03_player_reconcile.py"", 283, ""(\""efg_pct\"", \""team effective FG%\""),"", ""\""team effective FG%\""""]]"
E1_I0030_home_advantage_accounting,ts_pct,6,IN_SCREEN,SUBSCRIPT_ASSIGN,experiments\exploration\E1_I0030_home_advantage_accounting\s01_guards_and_build.py,260,"t[""ts_pct""] = t[""pts""] / (2.0 * (t[""fga""] + 0.44 * t[""fta""])).replace(0, np.nan)","t[""pts""] / (2.0 * (t[""fga""] + 0.44 * t[""fta""])).replace(0, np.nan)","[[""SUBSCRIPT_ASSIGN"", ""experiments\\exploration\\E1_I0030_home_advantage_accounting\\s01_guards_and_build.py"", 260, ""t[\""ts_pct\""] = t[\""pts\""] / (2.0 * (t[\""fga\""] + 0.44 * t[\""fta\""])).replace(0, np.nan)"", ""t[\""pts\""] / (2.0 * (t[\""fga\""] + 0.44 * t[\""fta\""])).replace(0, np.nan)""], [""SUBSCRIPT_ASSIGN"", ""experiments\\exploration\\E1_I0030_home_advantage_accounting\\s01_guards_and_build.py"", 270, ""p[\""ts_pct\""] = np.where((p[\""fga\""] + p[\""fta\""]) > 0,"", ""np.where((p[\""fga\""] + p[\""fta\""]) > 0,""], [""SUBSCRIPT_ASSIGN"", ""experiments\\exploration\\E1_I0030_home_advantage_accounting\\s03_player_reconcile.py"", 259, ""tg[\""ts_pct\""] = tg[\""pts\""] / (2.0 * (tg[\""fga\""] + 0.44 * tg[\""fta\""]))"", ""tg[\""pts\""] / (2.0 * (tg[\""fga\""] + 0.44 * tg[\""fta\""]))""], [""TUPLE_PAIR"", ""experiments\\exploration\\E1_I0030_home_advantage_accounting\\s00_prereg.py"", 38, ""(\""ts_pct\"", \""true shooting percentage\""),"", ""\""true shooting percentage\""""], [""TUPLE_PAIR"", ""experiments\\exploration\\E1_I0030_home_advantage_accounting\\s00_prereg.py"", 58, ""(\""ts_pct\"", \""player true shooting percentage\""),"", ""\""player true shooting percentage\""""], [""TUPLE_PAIR"", ""experiments\\exploration\\E1_I0030_home_advantage_accounting\\s03_player_reconcile.py"", 284, ""(\""ts_pct\"", \""team true shooting %\""),"", ""\""team true shooting %\""""]]"
E1_I0030_home_advantage_accounting,oreb,5,IN_SCREEN,TUPLE_PAIR,experiments\exploration\E1_I0030_home_advantage_accounting\s00_prereg.py,39,"(""oreb"", ""offensive rebounds""),","""offensive rebounds""","[[""TUPLE_PAIR"", ""experiments\\exploration\\E1_I0030_home_advantage_accounting\\s00_prereg.py"", 39, ""(\""oreb\"", \""offensive rebounds\""),"", ""\""offensive rebounds\""""], [""MENTION"", ""experiments\\exploration\\E1_I0030_home_advantage_accounting\\ha_base.py"", 100, ""for c in [\""fgm\"", \""fga\"", \""fg3m\"", \""fg3a\"", \""ftm\"", \""fta\"", \""oreb\"", \""dreb\"", \""reb\"", \""ast\"","", """"], [""MENTION"", ""experiments\\exploration\\E1_I0030_home_advantage_accounting\\ha_base.py"", 103, ""t[\""poss\""] = possessions(t[\""fga\""], t[\""oreb\""], t[\""tov\""], t[\""fta\""])"", """"], [""MENTION"", ""experiments\\exploration\\E1_I0030_home_advantage_accounting\\ha_base.py"", 119, ""for c in [\""fgm\"", \""fga\"", \""fg3m\"", \""fg3a\"", \""ftm\"", \""fta\"", \""oreb\"", \""dreb\"", \""reb\"", \""ast\"","", """"], [""MENTION"", ""experiments\\exploration\\E1_I0030_home_advantage_accounting\\ha_base.py"", 126, ""for c in [\""fgm\"", \""fga\"", \""fg3m\"", \""fg3a\"", \""ftm\"", \""fta\"", \""oreb\"", \""tov\"", \""pts\""]:"", """"]]"
E1_I0030_home_advantage_accounting,dreb,3,IN_SCREEN,TUPLE_PAIR,experiments\exploration\E1_I0030_home_advantage_accounting\s00_prereg.py,40,"(""dreb"", ""defensive rebounds""),","""defensive rebounds""","[[""TUPLE_PAIR"", ""experiments\\exploration\\E1_I0030_home_advantage_accounting\\s00_prereg.py"", 40, ""(\""dreb\"", \""defensive rebounds\""),"", ""\""defensive rebounds\""""], [""MENTION"", ""experiments\\exploration\\E1_I0030_home_advantage_accounting\\ha_base.py"", 100, ""for c in [\""fgm\"", \""fga\"", \""fg3m\"", \""fg3a\"", \""ftm\"", \""fta\"", \""oreb\"", \""dreb\"", \""reb\"", \""ast\"","", """"], [""MENTION"", ""experiments\\exploration\\E1_I0030_home_advantage_accounting\\ha_base.py"", 119, ""for c in [\""fgm\"", \""fga\"", \""fg3m\"", \""fg3a\"", \""ftm\"", \""fta\"", \""oreb\"", \""dreb\"", \""reb\"", \""ast\"","", """"]]"
E1_I0030_home_advantage_accounting,tov,81,WORKTREE,NAME_ASSIGN,experiments\exploration\E0_I0005_turnover_interaction\build_data.py,23,"tov = pd.read_parquet(f""{ROOT}/turnover_targets_v1/player_turnover_targets_v1.parquet"")","pd.read_parquet(f""{ROOT}/turnover_targets_v1/player_turnover_targets_v1.parquet"")","[[""NAME_ASSIGN"", ""experiments\\exploration\\E0_I0005_turnover_interaction\\build_data.py"", 23, ""tov = pd.read_parquet(f\""{ROOT}/turnover_targets_v1/player_turnover_targets_v1.parquet\"")"", ""pd.read_parquet(f\""{ROOT}/turnover_targets_v1/player_turnover_targets_v1.parquet\"")""], [""NAME_ASSIGN"", ""experiments\\exploration\\E0_I0005_turnover_interaction\\build_data.py"", 24, ""tov = tov[tov[\""season\""].isin(EXPLORATION_SEASONS)].copy()"", ""tov[tov[\""season\""].isin(EXPLORATION_SEASONS)].copy()""], [""NAME_ASSIGN"", ""experiments\\exploration\\E0_I0005_turnover_interaction\\build_data.py"", 28, ""tov = tov[tov[\""rate_defined\""] == True].copy()"", ""tov[tov[\""rate_defined\""] == True].copy()""], [""NAME_ASSIGN"", ""experiments\\exploration\\E0_I0005_turnover_interaction\\build_data.py"", 73, ""tov = tov.merge(season_player_tot, on=[\""player_id\"", \""season\""], how=\""left\"")"", ""tov.merge(season_player_tot, on=[\""player_id\"", \""season\""], how=\""left\"")""], [""NAME_ASSIGN"", ""experiments\\exploration\\E0_I0005_turnover_interaction\\build_data.py"", 84, ""tov = tov.merge(sched, on=[\""game_id\"", \""team_id\""], how=\""left\"")"", ""tov.merge(sched, on=[\""game_id\"", \""team_id\""], how=\""left\"")""], [""NAME_ASSIGN"", ""experiments\\exploration\\E0_I0005_turnover_interaction\\build_data.py"", 90, ""tov = tov.merge(opp_pressure, on=[\""game_id\"", \""opponent_team_id\""], how=\""left\"")"", ""tov.merge(opp_pressure, on=[\""game_id\"", \""opponent_team_id\""], how=\""left\"")""], [""NAME_ASSIGN"", ""experiments\\exploration\\E0_I0009_additive_pressure\\build_data.py"", 34, ""tov = pd.read_parquet(f\""{ROOT}/turnover_targets_v1/player_turnover_targets_v1.parquet\"")"", ""pd.read_parquet(f\""{ROOT}/turnover_targets_v1/player_turnover_targets_v1.parquet\"")""], [""NAME_ASSIGN"", ""experiments\\exploration\\E0_I0009_additive_pressure\\build_data.py"", 35, ""tov = tov[tov[\""season\""].isin(EXPLORATION_SEASONS)].copy()"", ""tov[tov[\""season\""].isin(EXPLORATION_SEASONS)].copy()""], [""NAME_ASSIGN"", ""experiments\\exploration\\E0_I0009_additive_pressure\\build_data.py"", 38, ""tov = tov[tov[\""rate_defined\""] == True].copy()"", ""tov[tov[\""rate_defined\""] == True].copy()""], [""NAME_ASSIGN"", ""experiments\\exploration\\E0_I0009_additive_pressure\\build_data.py"", 112, ""tov = tov.merge(sp, on=[\""player_id\"", \""season\""], how=\""left\"")"", ""tov.merge(sp, on=[\""player_id\"", \""season\""], how=\""left\"")""]]"
E1_I0030_home_advantage_accounting,ast,120,WORKTREE,NAME_ASSIGN,features\fam_e.py,262,"ast = ctx.team_cols_on_P([""astrate_sew_c""])[""t_astrate_sew_c""]","ctx.team_cols_on_P([""astrate_sew_c""])[""t_astrate_sew_c""]","[[""NAME_ASSIGN"", ""features\\fam_e.py"", 262, ""ast = ctx.team_cols_on_P([\""astrate_sew_c\""])[\""t_astrate_sew_c\""]"", ""ctx.team_cols_on_P([\""astrate_sew_c\""])[\""t_astrate_sew_c\""]""], [""TUPLE_PAIR"", ""experiments\\exploration\\E0_I0011_tendency_estimator\\build_frame.py"", 130, ""(\""ast\"", \""opp_allow_ast\"", \""lg_ast\"")]:"", ""\""opp_allow_ast\"", \""lg_ast\""""], [""TUPLE_PAIR"", ""experiments\\exploration\\E0_I0013_possession_volume\\run_maxt_robust.py"", 221, ""FOCUS = [(\""ast\"", \""exp_gposs\""), (\""pts\"", \""exp_gposs\""), (\""reb\"", \""exp_gposs\""),"", ""\""exp_gposs\""""], [""TUPLE_PAIR"", ""experiments\\exploration\\E0_I0013_possession_volume\\run_maxt_robust.py"", 222, ""(\""reb\"", \""opp_pace48\""), (\""pts\"", \""opp_fgaA48\""), (\""ast\"", \""opp_pace48\""),"", ""\""opp_pace48\""""], [""TUPLE_PAIR"", ""experiments\\exploration\\E0_I0013_possession_volume\\run_maxt_robust.py"", 223, ""(\""pts\"", \""opp_orebA100\""), (\""pts\"", \""ppm\""), (\""ast\"", \""ppm\"")]"", ""\""ppm\""""], [""TUPLE_PAIR"", ""experiments\\exploration\\E1_I0030_home_advantage_accounting\\s00_prereg.py"", 42, ""(\""ast\"", \""assists\""),"", ""\""assists\""""], [""TUPLE_PAIR"", ""experiments\\exploration\\E1_I0033_aggregation_level\\scripts\\s08_which_level.py"", 22, ""(\""reb\"", \""P13\""), (\""ast\"", \""P14\"")]"", ""\""P14\""""], [""DICT_VALUE"", ""build_masters.py"", 683, ""label = {\""stl\"": \""Steal\"", \""ast\"": \""Assist\"", \""blk\"": \""Block\""}[stat]"", ""\""Assist\""""], [""DICT_VALUE"", ""experiments\\exploration\\E0_I0011_tendency_estimator\\boundary_check.py"", 21, ""EXPOSURE = {\""pts\"": 0.25, \""reb\"": 0.30, \""ast\"": 0.30}"", ""0.30""], [""DICT_VALUE"", ""experiments\\exploration\\E0_I0012_layer3_noncollinear\\f2_availability.py"", 46, ""SPEC = {\""pts\"": \""blk\"", \""reb\"": \""dreb\"", \""ast\"": \""stl\""}"", ""\""stl\""""]]"
E1_I0030_home_advantage_accounting,pf,5,IN_SCREEN,NAME_ASSIGN,experiments\exploration\E1_I0030_home_advantage_accounting\s02_team_effect.py,55,"pf = paired_frame(t, cand)","paired_frame(t, cand)","[[""NAME_ASSIGN"", ""experiments\\exploration\\E1_I0030_home_advantage_accounting\\s02_team_effect.py"", 55, ""pf = paired_frame(t, cand)"", ""paired_frame(t, cand)""], [""TUPLE_PAIR"", ""experiments\\exploration\\E1_I0030_home_advantage_accounting\\s00_prereg.py"", 43, ""(\""pf\"", \""personal fouls\""),"", ""\""personal fouls\""""], [""MENTION"", ""experiments\\exploration\\E1_I0030_home_advantage_accounting\\ha_base.py"", 101, ""\""stl\"", \""blk\"", \""tov\"", \""pf\"", \""pts\"", \""minutes\""]:"", """"], [""MENTION"", ""experiments\\exploration\\E1_I0030_home_advantage_accounting\\ha_base.py"", 120, ""\""stl\"", \""blk\"", \""tov\"", \""pf\"", \""pts\"", \""minutes\""]:"", """"], [""MENTION"", ""experiments\\exploration\\E1_I0030_home_advantage_accounting\\s03_player_reconcile.py"", 391, ""for c in [\""pts\"", \""ftm\"", \""fta\"", \""pf\"", \""fg3m\""]:"", """"]]"
E1_I0030_home_advantage_accounting,fouls_drawn,2,IN_SCREEN,SUBSCRIPT_ASSIGN,experiments\exploration\E1_I0030_home_advantage_accounting\s01_guards_and_build.py,261,"t[""fouls_drawn""] = pd.to_numeric(t[""fouls_drawn""], errors=""coerce"").astype(float)","pd.to_numeric(t[""fouls_drawn""], errors=""coerce"").astype(float)","[[""SUBSCRIPT_ASSIGN"", ""experiments\\exploration\\E1_I0030_home_advantage_accounting\\s01_guards_and_build.py"", 261, ""t[\""fouls_drawn\""] = pd.to_numeric(t[\""fouls_drawn\""], errors=\""coerce\"").astype(float)"", ""pd.to_numeric(t[\""fouls_drawn\""], errors=\""coerce\"").astype(float)""], [""TUPLE_PAIR"", ""experiments\\exploration\\E1_I0030_home_advantage_accounting\\s00_prereg.py"", 44, ""(\""fouls_drawn\"", \""fouls drawn\""),"", ""\""fouls drawn\""""]]"
E1_I0030_home_advantage_accounting,pts_per_min,2,IN_SCREEN,SUBSCRIPT_ASSIGN,experiments\exploration\E1_I0030_home_advantage_accounting\s01_guards_and_build.py,254,"t[""pts_per_min""] = t[""pts""] / t[""minutes""]","t[""pts""] / t[""minutes""]","[[""SUBSCRIPT_ASSIGN"", ""experiments\\exploration\\E1_I0030_home_advantage_accounting\\s01_guards_and_build.py"", 254, ""t[\""pts_per_min\""] = t[\""pts\""] / t[\""minutes\""]"", ""t[\""pts\""] / t[\""minutes\""]""], [""TUPLE_PAIR"", ""experiments\\exploration\\E1_I0030_home_advantage_accounting\\s00_prereg.py"", 45, ""(\""pts_per_min\"", \""team points per team minute\""),"", ""\""team points per team minute\""""]]"
E1_I0030_home_advantage_accounting,REF_EXPANDING_COMPLETE,3,IN_SCREEN,SUBSCRIPT_ASSIGN,experiments\exploration\E1_I0030_home_advantage_accounting\s04_main_effect.py,123,"out[""REF_EXPANDING_COMPLETE""], counts[""REF_EXPANDING_COMPLETE""] = chain(",chain(,"[[""SUBSCRIPT_ASSIGN"", ""experiments\\exploration\\E1_I0030_home_advantage_accounting\\s04_main_effect.py"", 123, ""out[\""REF_EXPANDING_COMPLETE\""], counts[\""REF_EXPANDING_COMPLETE\""] = chain("", ""chain(""], [""DICT_VALUE"", ""experiments\\exploration\\E1_I0030_home_advantage_accounting\\s00_prereg.py"", 68, ""\""REF_EXPANDING_COMPLETE\"": ("", ""(""], [""MENTION"", ""experiments\\exploration\\E1_I0030_home_advantage_accounting\\s04_main_effect.py"", 288, ""(\""expanding\"", \""REF_VENUE_SPLIT_EXPANDING\"", \""REF_EXPANDING_COMPLETE\""),"", """"]]"
E1_I0030_home_advantage_accounting,REF_EWMA8_COMPLETE,4,IN_SCREEN,SUBSCRIPT_ASSIGN,experiments\exploration\E1_I0030_home_advantage_accounting\s04_main_effect.py,125,"out[""REF_EWMA8_COMPLETE""], counts[""REF_EWMA8_COMPLETE""] = chain(",chain(,"[[""SUBSCRIPT_ASSIGN"", ""experiments\\exploration\\E1_I0030_home_advantage_accounting\\s04_main_effect.py"", 125, ""out[\""REF_EWMA8_COMPLETE\""], counts[\""REF_EWMA8_COMPLETE\""] = chain("", ""chain(""], [""DICT_VALUE"", ""experiments\\exploration\\E1_I0030_home_advantage_accounting\\s00_prereg.py"", 73, ""\""REF_EWMA8_COMPLETE\"": ("", ""(""], [""MENTION"", ""experiments\\exploration\\E1_I0030_home_advantage_accounting\\s04_main_effect.py"", 289, ""(\""ewma8\"", \""REF_VENUE_SPLIT_EWMA8\"", \""REF_EWMA8_COMPLETE\"")]:"", """"], [""MENTION"", ""experiments\\exploration\\E1_I0030_home_advantage_accounting\\s04_main_effect.py"", 319, ""ref = refs[\""REF_EWMA8_COMPLETE\""]"", """"]]"
E1_I0030_home_advantage_accounting,REF_VENUE_SPLIT_EXPANDING,3,IN_SCREEN,SUBSCRIPT_ASSIGN,experiments\exploration\E1_I0030_home_advantage_accounting\s04_main_effect.py,132,"out[""REF_VENUE_SPLIT_EXPANDING""], counts[""REF_VENUE_SPLIT_EXPANDING""] = chain(",chain(,"[[""SUBSCRIPT_ASSIGN"", ""experiments\\exploration\\E1_I0030_home_advantage_accounting\\s04_main_effect.py"", 132, ""out[\""REF_VENUE_SPLIT_EXPANDING\""], counts[\""REF_VENUE_SPLIT_EXPANDING\""] = chain("", ""chain(""], [""DICT_VALUE"", ""experiments\\exploration\\E1_I0030_home_advantage_accounting\\s00_prereg.py"", 78, ""\""REF_VENUE_SPLIT_EXPANDING\"": ("", ""(""], [""MENTION"", ""experiments\\exploration\\E1_I0030_home_advantage_accounting\\s04_main_effect.py"", 288, ""(\""expanding\"", \""REF_VENUE_SPLIT_EXPANDING\"", \""REF_EXPANDING_COMPLETE\""),"", """"]]"
E1_I0030_home_advantage_accounting,REF_VENUE_SPLIT_EWMA8,3,IN_SCREEN,SUBSCRIPT_ASSIGN,experiments\exploration\E1_I0030_home_advantage_accounting\s04_main_effect.py,134,"out[""REF_VENUE_SPLIT_EWMA8""], counts[""REF_VENUE_SPLIT_EWMA8""] = chain(",chain(,"[[""SUBSCRIPT_ASSIGN"", ""experiments\\exploration\\E1_I0030_home_advantage_accounting\\s04_main_effect.py"", 134, ""out[\""REF_VENUE_SPLIT_EWMA8\""], counts[\""REF_VENUE_SPLIT_EWMA8\""] = chain("", ""chain(""], [""DICT_VALUE"", ""experiments\\exploration\\E1_I0030_home_advantage_accounting\\s00_prereg.py"", 84, ""\""REF_VENUE_SPLIT_EWMA8\"": \""as above with EWMA half-life 8.\"","", ""\""as above with EWMA half-life 8.\""""], [""MENTION"", ""experiments\\exploration\\E1_I0030_home_advantage_accounting\\s04_main_effect.py"", 289, ""(\""ewma8\"", \""REF_VENUE_SPLIT_EWMA8\"", \""REF_EWMA8_COMPLETE\"")]:"", """"]]"
E1_I0030_home_advantage_accounting,pts_eq,2,IN_SCREEN,NAME_ASSIGN,experiments\exploration\E1_I0030_home_advantage_accounting\s03_player_reconcile.py,250,"pts_eq=(""pts"", ""mean""), min_eq=(""minutes"", ""mean""),","(""pts"", ""mean""), min_eq=(""minutes"", ""mean""),","[[""NAME_ASSIGN"", ""experiments\\exploration\\E1_I0030_home_advantage_accounting\\s03_player_reconcile.py"", 250, ""pts_eq=(\""pts\"", \""mean\""), min_eq=(\""minutes\"", \""mean\""),"", ""(\""pts\"", \""mean\""), min_eq=(\""minutes\"", \""mean\""),""], [""TUPLE_PAIR"", ""experiments\\exploration\\E1_I0030_home_advantage_accounting\\s03_player_reconcile.py"", 272, ""(\""pts_eq\"", \""mean player points (equal weight over players who appeared)\""),"", ""\""mean player points (equal weight over players who appeared""]]"
E1_I0030_home_advantage_accounting,min_eq,1,IN_SCREEN,TUPLE_PAIR,experiments\exploration\E1_I0030_home_advantage_accounting\s03_player_reconcile.py,273,"(""min_eq"", ""mean player minutes""),","""mean player minutes""","[[""TUPLE_PAIR"", ""experiments\\exploration\\E1_I0030_home_advantage_accounting\\s03_player_reconcile.py"", 273, ""(\""min_eq\"", \""mean player minutes\""),"", ""\""mean player minutes\""""]]"
E1_I0030_home_advantage_accounting,ppm_eq,2,IN_SCREEN,NAME_ASSIGN,experiments\exploration\E1_I0030_home_advantage_accounting\s03_player_reconcile.py,252,"ppm_eq=(""ppm"", ""mean""), fgapm_eq=(""fga_per_min"", ""mean""),","(""ppm"", ""mean""), fgapm_eq=(""fga_per_min"", ""mean""),","[[""NAME_ASSIGN"", ""experiments\\exploration\\E1_I0030_home_advantage_accounting\\s03_player_reconcile.py"", 252, ""ppm_eq=(\""ppm\"", \""mean\""), fgapm_eq=(\""fga_per_min\"", \""mean\""),"", ""(\""ppm\"", \""mean\""), fgapm_eq=(\""fga_per_min\"", \""mean\""),""], [""TUPLE_PAIR"", ""experiments\\exploration\\E1_I0030_home_advantage_accounting\\s03_player_reconcile.py"", 274, ""(\""ppm_eq\"", \""mean player points-per-minute (equal weight)\""),"", ""\""mean player points-per-minute (equal weight""]]"
E1_I0030_home_advantage_accounting,ppm_mw,2,IN_SCREEN,SUBSCRIPT_ASSIGN,experiments\exploration\E1_I0030_home_advantage_accounting\s03_player_reconcile.py,255,"tg[""ppm_mw""] = tg[""pts""] / tg[""minutes""]","tg[""pts""] / tg[""minutes""]","[[""SUBSCRIPT_ASSIGN"", ""experiments\\exploration\\E1_I0030_home_advantage_accounting\\s03_player_reconcile.py"", 255, ""tg[\""ppm_mw\""] = tg[\""pts\""] / tg[\""minutes\""]"", ""tg[\""pts\""] / tg[\""minutes\""]""], [""TUPLE_PAIR"", ""experiments\\exploration\\E1_I0030_home_advantage_accounting\\s03_player_reconcile.py"", 275, ""(\""ppm_mw\"", \""team points per team minute (minute-weighted ppm)\""),"", ""\""team points per team minute (minute-weighted ppm""]]"
E1_I0030_home_advantage_accounting,fga_eq,2,IN_SCREEN,NAME_ASSIGN,experiments\exploration\E1_I0030_home_advantage_accounting\s03_player_reconcile.py,251,"fga_eq=(""fga"", ""mean""), fta_eq=(""fta"", ""mean""), fg3a_eq=(""fg3a"", ""mean""),","(""fga"", ""mean""), fta_eq=(""fta"", ""mean""), fg3a_eq=(""fg3a"", ""mean""),","[[""NAME_ASSIGN"", ""experiments\\exploration\\E1_I0030_home_advantage_accounting\\s03_player_reconcile.py"", 251, ""fga_eq=(\""fga\"", \""mean\""), fta_eq=(\""fta\"", \""mean\""), fg3a_eq=(\""fg3a\"", \""mean\""),"", ""(\""fga\"", \""mean\""), fta_eq=(\""fta\"", \""mean\""), fg3a_eq=(\""fg3a\"", \""mean\""),""], [""TUPLE_PAIR"", ""experiments\\exploration\\E1_I0030_home_advantage_accounting\\s03_player_reconcile.py"", 276, ""(\""fga_eq\"", \""mean player FGA\""),"", ""\""mean player FGA\""""]]"
E1_I0030_home_advantage_accounting,fga_per_min_mw,2,IN_SCREEN,SUBSCRIPT_ASSIGN,experiments\exploration\E1_I0030_home_advantage_accounting\s03_player_reconcile.py,256,"tg[""fga_per_min_mw""] = tg[""fga""] / tg[""minutes""]","tg[""fga""] / tg[""minutes""]","[[""SUBSCRIPT_ASSIGN"", ""experiments\\exploration\\E1_I0030_home_advantage_accounting\\s03_player_reconcile.py"", 256, ""tg[\""fga_per_min_mw\""] = tg[\""fga\""] / tg[\""minutes\""]"", ""tg[\""fga\""] / tg[\""minutes\""]""], [""TUPLE_PAIR"", ""experiments\\exploration\\E1_I0030_home_advantage_accounting\\s03_player_reconcile.py"", 277, ""(\""fga_per_min_mw\"", \""FGA per minute, minute-weighted\""),"", ""\""FGA per minute, minute-weighted\""""]]"
E1_I0030_home_advantage_accounting,fgapm_eq,1,IN_SCREEN,TUPLE_PAIR,experiments\exploration\E1_I0030_home_advantage_accounting\s03_player_reconcile.py,278,"(""fgapm_eq"", ""mean player FGA-per-minute (equal weight)""),","""mean player FGA-per-minute (equal weight","[[""TUPLE_PAIR"", ""experiments\\exploration\\E1_I0030_home_advantage_accounting\\s03_player_reconcile.py"", 278, ""(\""fgapm_eq\"", \""mean player FGA-per-minute (equal weight)\""),"", ""\""mean player FGA-per-minute (equal weight""]]"
E1_I0030_home_advantage_accounting,fta_eq,1,IN_SCREEN,TUPLE_PAIR,experiments\exploration\E1_I0030_home_advantage_accounting\s03_player_reconcile.py,279,"(""fta_eq"", ""mean player FTA""),","""mean player FTA""","[[""TUPLE_PAIR"", ""experiments\\exploration\\E1_I0030_home_advantage_accounting\\s03_player_reconcile.py"", 279, ""(\""fta_eq\"", \""mean player FTA\""),"", ""\""mean player FTA\""""]]"
E1_I0030_home_advantage_accounting,fta_per_min_mw,2,IN_SCREEN,SUBSCRIPT_ASSIGN,experiments\exploration\E1_I0030_home_advantage_accounting\s03_player_reconcile.py,257,"tg[""fta_per_min_mw""] = tg[""fta""] / tg[""minutes""]","tg[""fta""] / tg[""minutes""]","[[""SUBSCRIPT_ASSIGN"", ""experiments\\exploration\\E1_I0030_home_advantage_accounting\\s03_player_reconcile.py"", 257, ""tg[\""fta_per_min_mw\""] = tg[\""fta\""] / tg[\""minutes\""]"", ""tg[\""fta\""] / tg[\""minutes\""]""], [""TUPLE_PAIR"", ""experiments\\exploration\\E1_I0030_home_advantage_accounting\\s03_player_reconcile.py"", 280, ""(\""fta_per_min_mw\"", \""FTA per minute, minute-weighted\""),"", ""\""FTA per minute, minute-weighted\""""]]"
E1_I0030_home_advantage_accounting,ftapm_eq,2,IN_SCREEN,NAME_ASSIGN,experiments\exploration\E1_I0030_home_advantage_accounting\s03_player_reconcile.py,253,"ftapm_eq=(""fta_per_min"", ""mean""))","(""fta_per_min"", ""mean""))","[[""NAME_ASSIGN"", ""experiments\\exploration\\E1_I0030_home_advantage_accounting\\s03_player_reconcile.py"", 253, ""ftapm_eq=(\""fta_per_min\"", \""mean\""))"", ""(\""fta_per_min\"", \""mean\""))""], [""TUPLE_PAIR"", ""experiments\\exploration\\E1_I0030_home_advantage_accounting\\s03_player_reconcile.py"", 281, ""(\""ftapm_eq\"", \""mean player FTA-per-minute (equal weight)\""),"", ""\""mean player FTA-per-minute (equal weight""]]"
E1_I0030_home_advantage_accounting,fg3a_eq,1,IN_SCREEN,TUPLE_PAIR,experiments\exploration\E1_I0030_home_advantage_accounting\s03_player_reconcile.py,282,"(""fg3a_eq"", ""mean player 3PA""),","""mean player 3PA""","[[""TUPLE_PAIR"", ""experiments\\exploration\\E1_I0030_home_advantage_accounting\\s03_player_reconcile.py"", 282, ""(\""fg3a_eq\"", \""mean player 3PA\""),"", ""\""mean player 3PA\""""]]"
E1_I0030_home_advantage_accounting,n_used,4,WORKTREE,NAME_ASSIGN,clv_transfer.py,533,n_used = 0,0,"[[""NAME_ASSIGN"", ""clv_transfer.py"", 533, ""n_used = 0"", ""0""], [""NAME_ASSIGN"", ""experiments\\coherence_study\\coherence_analysis.py"", 653, ""n_used = 0"", ""0""], [""TUPLE_PAIR"", ""experiments\\exploration\\E1_I0030_home_advantage_accounting\\s03_player_reconcile.py"", 285, ""(\""n_used\"", \""number of players who appeared\""),"", ""\""number of players who appeared\""""], [""MENTION"", ""experiments\\exploration\\E1_I0030_home_advantage_accounting\\s03_player_reconcile.py"", 382, ""for c in [\""n_used\"", \""hhi_minutes\"", \""starter_minute_share\""]:"", """"]]"
E1_I0030_home_advantage_accounting,hhi_minutes,4,IN_SCREEN,TUPLE_PAIR,experiments\exploration\E1_I0030_home_advantage_accounting\s00_prereg.py,60,"(""hhi_minutes"", ""Herfindahl concentration of the minutes distribution""),","""Herfindahl concentration of the minutes distribution""","[[""TUPLE_PAIR"", ""experiments\\exploration\\E1_I0030_home_advantage_accounting\\s00_prereg.py"", 60, ""(\""hhi_minutes\"", \""Herfindahl concentration of the minutes distribution\""),"", ""\""Herfindahl concentration of the minutes distribution\""""], [""TUPLE_PAIR"", ""experiments\\exploration\\E1_I0030_home_advantage_accounting\\s03_player_reconcile.py"", 286, ""(\""hhi_minutes\"", \""Herfindahl concentration of the minutes distribution\""),"", ""\""Herfindahl concentration of the minutes distribution\""""], [""MENTION"", ""experiments\\exploration\\E1_I0030_home_advantage_accounting\\s03_player_reconcile.py"", 264, "".groupby([\""game_id\"", \""team_id\""])[\""sq\""].sum().rename(\""hhi_minutes\""))"", """"], [""MENTION"", ""experiments\\exploration\\E1_I0030_home_advantage_accounting\\s03_player_reconcile.py"", 382, ""for c in [\""n_used\"", \""hhi_minutes\"", \""starter_minute_share\""]:"", """"]]"
E1_I0030_home_advantage_accounting,starter_minute_share,4,IN_SCREEN,TUPLE_PAIR,experiments\exploration\E1_I0030_home_advantage_accounting\s00_prereg.py,61,"(""starter_minute_share"", ""share of team minutes taken by starters""),","""share of team minutes taken by starters""","[[""TUPLE_PAIR"", ""experiments\\exploration\\E1_I0030_home_advantage_accounting\\s00_prereg.py"", 61, ""(\""starter_minute_share\"", \""share of team minutes taken by starters\""),"", ""\""share of team minutes taken by starters\""""], [""TUPLE_PAIR"", ""experiments\\exploration\\E1_I0030_home_advantage_accounting\\s03_player_reconcile.py"", 287, ""(\""starter_minute_share\"", \""share of minutes taken by starters\""),"", ""\""share of minutes taken by starters\""""], [""MENTION"", ""experiments\\exploration\\E1_I0030_home_advantage_accounting\\s03_player_reconcile.py"", 268, "".rename(\""starter_minute_share\""))"", """"], [""MENTION"", ""experiments\\exploration\\E1_I0030_home_advantage_accounting\\s03_player_reconcile.py"", 382, ""for c in [\""n_used\"", \""hhi_minutes\"", \""starter_minute_share\""]:"", """"]]"
E1_I0030_home_advantage_accounting,__RECON_G_team_pts,1,IN_SCREEN,MENTION,experiments\exploration\E1_I0030_home_advantage_accounting\s03_player_reconcile.py,309,"dict(candidate=""__RECON_G_team_pts"", description=""team-level home effect, points"",",,"[[""MENTION"", ""experiments\\exploration\\E1_I0030_home_advantage_accounting\\s03_player_reconcile.py"", 309, ""dict(candidate=\""__RECON_G_team_pts\"", description=\""team-level home effect, points\"","", """"]]"
E1_I0030_home_advantage_accounting,__RECON_within_player,1,IN_SCREEN,MENTION,experiments\exploration\E1_I0030_home_advantage_accounting\s03_player_reconcile.py,311,"dict(candidate=""__RECON_within_player"", description=""sum fbar*(pbar^H-pbar^A)"",",,"[[""MENTION"", ""experiments\\exploration\\E1_I0030_home_advantage_accounting\\s03_player_reconcile.py"", 311, ""dict(candidate=\""__RECON_within_player\"", description=\""sum fbar*(pbar^H-pbar^A)\"","", """"]]"
E1_I0030_home_advantage_accounting,__RECON_composition,1,IN_SCREEN,MENTION,experiments\exploration\E1_I0030_home_advantage_accounting\s03_player_reconcile.py,313,"dict(candidate=""__RECON_composition"", description=""sum pbar_bar*(f^H-f^A)"",",,"[[""MENTION"", ""experiments\\exploration\\E1_I0030_home_advantage_accounting\\s03_player_reconcile.py"", 313, ""dict(candidate=\""__RECON_composition\"", description=\""sum pbar_bar*(f^H-f^A)\"","", """"]]"
E1_I0030_home_advantage_accounting,__RECON_sum_of_parts,1,IN_SCREEN,MENTION,experiments\exploration\E1_I0030_home_advantage_accounting\s03_player_reconcile.py,315,"dict(candidate=""__RECON_sum_of_parts"", description=""within + composition"",",,"[[""MENTION"", ""experiments\\exploration\\E1_I0030_home_advantage_accounting\\s03_player_reconcile.py"", 315, ""dict(candidate=\""__RECON_sum_of_parts\"", description=\""within + composition\"","", """"]]"
E1_I0030_home_advantage_accounting,__RECON_residual,1,IN_SCREEN,MENTION,experiments\exploration\E1_I0030_home_advantage_accounting\s03_player_reconcile.py,317,"dict(candidate=""__RECON_residual"", description=""sum_of_parts - G"",",,"[[""MENTION"", ""experiments\\exploration\\E1_I0030_home_advantage_accounting\\s03_player_reconcile.py"", 317, ""dict(candidate=\""__RECON_residual\"", description=\""sum_of_parts - G\"","", """"]]"
E1_I0030_home_advantage_accounting,__RECON_within_via_minutes,1,IN_SCREEN,MENTION,experiments\exploration\E1_I0030_home_advantage_accounting\s03_player_reconcile.py,319,"dict(candidate=""__RECON_within_via_minutes"", description=""within term, minutes channel"",",,"[[""MENTION"", ""experiments\\exploration\\E1_I0030_home_advantage_accounting\\s03_player_reconcile.py"", 319, ""dict(candidate=\""__RECON_within_via_minutes\"", description=\""within term, minutes channel\"","", """"]]"
E1_I0030_home_advantage_accounting,__RECON_within_via_ppm,1,IN_SCREEN,MENTION,experiments\exploration\E1_I0030_home_advantage_accounting\s03_player_reconcile.py,321,"dict(candidate=""__RECON_within_via_ppm"", description=""within term, points-per-minute """,,"[[""MENTION"", ""experiments\\exploration\\E1_I0030_home_advantage_accounting\\s03_player_reconcile.py"", 321, ""dict(candidate=\""__RECON_within_via_ppm\"", description=\""within term, points-per-minute \"""", """"]]"
E1_I0030_home_advantage_accounting,ppm,12,IN_SCREEN,SUBSCRIPT_ASSIGN,experiments\exploration\E1_I0030_home_advantage_accounting\s01_guards_and_build.py,263,"p[""ppm""] = np.where(p[""appeared""] == 1, p[""pts""] / p[""minutes""].replace(0, np.nan), np.nan)","np.where(p[""appeared""] == 1, p[""pts""] / p[""minutes""].replace(0, np.nan), np.nan)","[[""SUBSCRIPT_ASSIGN"", ""experiments\\exploration\\E1_I0030_home_advantage_accounting\\s01_guards_and_build.py"", 263, ""p[\""ppm\""] = np.where(p[\""appeared\""] == 1, p[\""pts\""] / p[\""minutes\""].replace(0, np.nan), np.nan)"", ""np.where(p[\""appeared\""] == 1, p[\""pts\""] / p[\""minutes\""].replace(0, np.nan), np.nan)""], [""SUBSCRIPT_ASSIGN"", ""experiments\\exploration\\E1_I0030_home_advantage_accounting\\s04_main_effect.py"", 164, ""f[\""ppm\""] = f[\""pts\""] / f[\""minutes\""]"", ""f[\""pts\""] / f[\""minutes\""]""], [""SUBSCRIPT_ASSIGN"", ""experiments\\exploration\\E1_I0030_home_advantage_accounting\\s05_heterogeneity.py"", 37, ""f[\""ppm\""] = f[\""pts\""] / f[\""minutes\""]"", ""f[\""pts\""] / f[\""minutes\""]""], [""TUPLE_PAIR"", ""experiments\\exploration\\E1_I0030_home_advantage_accounting\\s00_prereg.py"", 51, ""(\""ppm\"", \""player points per minute\""),"", ""\""player points per minute\""""], [""TUPLE_PAIR"", ""experiments\\exploration\\E1_I0030_home_advantage_accounting\\s03_player_reconcile.py"", 252, ""ppm_eq=(\""ppm\"", \""mean\""), fgapm_eq=(\""fga_per_min\"", \""mean\""),"", ""\""mean\""""], [""MENTION"", ""experiments\\exploration\\E1_I0030_home_advantage_accounting\\s00_prereg.py"", 66, ""\""targets\"": [\""pts\"", \""minutes\"", \""ppm\"", \""fga\""],"", """"], [""MENTION"", ""experiments\\exploration\\E1_I0030_home_advantage_accounting\\s04_main_effect.py"", 189, ""for tgt in [\""pts\"", \""minutes\"", \""ppm\"", \""fga\"", \""fta\""]:"", """"], [""MENTION"", ""experiments\\exploration\\E1_I0030_home_advantage_accounting\\s04_main_effect.py"", 216, ""for tgt in [\""pts\"", \""minutes\"", \""ppm\"", \""fga\""]:"", """"], [""MENTION"", ""experiments\\exploration\\E1_I0030_home_advantage_accounting\\s04_main_effect.py"", 283, ""y_all = f[[\""pts\"", \""minutes\"", \""ppm\"", \""fga\""]]"", """"], [""MENTION"", ""experiments\\exploration\\E1_I0030_home_advantage_accounting\\s04_main_effect.py"", 285, ""for tgt in [\""pts\"", \""minutes\"", \""ppm\"", \""fga\""]:"", """"]]"
E1_I0030_home_advantage_accounting,ALL_2021_2024,11,IN_SCREEN,DICT_VALUE,experiments\exploration\E1_I0030_home_advantage_accounting\s02_team_effect.py,61,"""ALL_2021_2024"": pf.index[pf.index >= 0],",pf.index[pf.index >= 0],"[[""DICT_VALUE"", ""experiments\\exploration\\E1_I0030_home_advantage_accounting\\s02_team_effect.py"", 61, ""\""ALL_2021_2024\"": pf.index[pf.index >= 0],"", ""pf.index[pf.index >= 0]""], [""DICT_VALUE"", ""experiments\\exploration\\E1_I0030_home_advantage_accounting\\s02_team_effect.py"", 90, ""if sname == \""ALL_2021_2024\"":"", """"], [""DICT_VALUE"", ""experiments\\exploration\\E1_I0030_home_advantage_accounting\\s02_team_effect.py"", 161, ""DEC_STRATA = {\""ALL_2021_2024\"": strata[\""ALL_2021_2024\""],"", ""strata[\""ALL_2021_2024\""]""], [""MENTION"", ""experiments\\exploration\\E1_I0030_home_advantage_accounting\\s02_team_effect.py"", 97, ""all_idx = strata[\""ALL_2021_2024\""]"", """"], [""MENTION"", ""experiments\\exploration\\E1_I0030_home_advantage_accounting\\s02_team_effect.py"", 115, ""real_t = te[(te.stratum == \""ALL_2021_2024\"")].set_index(\""candidate\"")[\""t_signflip\""]"", """"], [""MENTION"", ""experiments\\exploration\\E1_I0030_home_advantage_accounting\\s02_team_effect.py"", 124, ""lambda r: fw.get(r[\""candidate\""], np.nan) if r[\""stratum\""] == \""ALL_2021_2024\"" else np.nan,"", """"], [""MENTION"", ""experiments\\exploration\\E1_I0030_home_advantage_accounting\\s02_team_effect.py"", 128, ""show = te[te.stratum == \""ALL_2021_2024\""].sort_values(\""p_pergame_signflip\"")"", """"], [""MENTION"", ""experiments\\exploration\\E1_I0030_home_advantage_accounting\\s02_team_effect.py"", 163, ""CUR = {\""name\"": \""ALL_2021_2024\""}"", """"], [""MENTION"", ""experiments\\exploration\\E1_I0030_home_advantage_accounting\\s02_team_effect.py"", 225, ""CUR[\""name\""] = \""ALL_2021_2024\"""", """"], [""MENTION"", ""experiments\\exploration\\E1_I0030_home_advantage_accounting\\s02_team_effect.py"", 226, ""S = pf.loc[strata[\""ALL_2021_2024\""]]"", """"]]"
E1_I0030_home_advantage_accounting,REGULAR_SEASON,2,IN_SCREEN,DICT_VALUE,experiments\exploration\E1_I0030_home_advantage_accounting\s02_team_effect.py,62,"""REGULAR_SEASON"": pf.index[pf[""season_type""] == ""Regular Season""],","pf.index[pf[""season_type""] == ""Regular Season""]","[[""DICT_VALUE"", ""experiments\\exploration\\E1_I0030_home_advantage_accounting\\s02_team_effect.py"", 62, ""\""REGULAR_SEASON\"": pf.index[pf[\""season_type\""] == \""Regular Season\""],"", ""pf.index[pf[\""season_type\""] == \""Regular Season\""]""], [""DICT_VALUE"", ""experiments\\exploration\\E1_I0030_home_advantage_accounting\\s02_team_effect.py"", 162, ""\""REGULAR_SEASON\"": strata[\""REGULAR_SEASON\""]}"", ""strata[\""REGULAR_SEASON\""]""]]"
E1_I0031_rapm_as_prior,pm_game_level,5,WORKTREE,GENERATED[%s_game_level],experiments\exploration\E1_I0013_tempo_redundancy\step3_redundancy.py,321,"rows[""%s_game_level"" % k] = pd.Series(gm)",pd.Series(gm),"[[""GENERATED[%s_game_level]"", ""experiments\\exploration\\E1_I0013_tempo_redundancy\\step3_redundancy.py"", 321, ""rows[\""%s_game_level\"" % k] = pd.Series(gm)"", ""pd.Series(gm)""], [""NAME_ASSIGN"", ""experiments\\exploration\\E1_I0040_audit_extension\\scripts\\s08_discharge.py"", 7, ""pm_game_level = [pm_ewma5_imp, pm_ewma2_imp, pm_run_mean_imp, pm_per36_prior_imp]  -> cyclic"", ""[pm_ewma5_imp, pm_ewma2_imp, pm_run_mean_imp, pm_per36_prior_imp]  -> cyclic""], [""TUPLE_PAIR"", ""experiments\\exploration\\E1_I0031_rapm_as_prior\\s06_plusminus.py"", 116, ""for add_name, add_cols, nk in [(\""pm_game_level\"", PM_GAME, \""cyclic\""),"", ""PM_GAME, \""cyclic\""""], [""DICT_VALUE"", ""experiments\\exploration\\E1_I0040_audit_extension\\scripts\\s06_resolve.py"", 102, ""BUNDLE = {\""pm_game_level\"": PM_GAME, \""pm_prev_season\"": PM_SEASON, \""pm_all\"": PM_GAME + PM_SEASON}"", ""PM_GAME""], [""MENTION"", ""experiments\\exploration\\E1_I0040_audit_extension\\scripts\\s08_discharge.py"", 52, ""gl = pm[pm.added == \""pm_game_level\""].set_index(key)"", """"]]"
E1_I0031_rapm_as_prior,pm_prev_season,4,IN_SCREEN,SUBSCRIPT_ASSIGN,experiments\exploration\E1_I0031_rapm_as_prior\s01_prereg.py,142,"mp[""pm_prev_season""] = [lut.get((int(s), int(p)), np.nan)","[lut.get((int(s), int(p)), np.nan)","[[""SUBSCRIPT_ASSIGN"", ""experiments\\exploration\\E1_I0031_rapm_as_prior\\s01_prereg.py"", 142, ""mp[\""pm_prev_season\""] = [lut.get((int(s), int(p)), np.nan)"", ""[lut.get((int(s), int(p)), np.nan)""], [""TUPLE_PAIR"", ""experiments\\exploration\\E1_I0031_rapm_as_prior\\s06_plusminus.py"", 117, ""(\""pm_prev_season\"", PM_SEASON, \""relabel\""),"", ""PM_SEASON, \""relabel\""""], [""MENTION"", ""experiments\\exploration\\E1_I0031_rapm_as_prior\\s01_prereg.py"", 144, ""PMC = [\""pm_run_mean\"", \""pm_per36_prior\"", \""pm_ewma5\"", \""pm_ewma2\"", \""pm_prev_season\""]"", """"], [""MENTION"", ""experiments\\exploration\\E1_I0031_rapm_as_prior\\s06_plusminus.py"", 186, ""AVAIL_SRC[\""pm_prev_season_imp\""] = np.where(f[\""pm_prev_season\""].notna(), 1.0, np.nan)"", """"]]"
E1_I0031_rapm_as_prior,pm_all,10,WORKTREE,NAME_ASSIGN,experiments\exploration\E1_I0040_audit_extension\scripts\s08_discharge.py,9,pm_all         = pm_game_level + pm_prev_season                                    -> cyclic,pm_game_level + pm_prev_season                                    -> cyclic,"[[""NAME_ASSIGN"", ""experiments\\exploration\\E1_I0040_audit_extension\\scripts\\s08_discharge.py"", 9, ""pm_all         = pm_game_level + pm_prev_season                                    -> cyclic"", ""pm_game_level + pm_prev_season                                    -> cyclic""], [""TUPLE_PAIR"", ""experiments\\exploration\\E1_I0031_rapm_as_prior\\s06_plusminus.py"", 118, ""(\""pm_all\"", PM_ALL, \""cyclic\"")]:"", ""PM_ALL, \""cyclic\""""], [""DICT_VALUE"", ""experiments\\exploration\\E1_I0040_audit_extension\\scripts\\s06_resolve.py"", 102, ""BUNDLE = {\""pm_game_level\"": PM_GAME, \""pm_prev_season\"": PM_SEASON, \""pm_all\"": PM_GAME + PM_SEASON}"", ""PM_GAME + PM_SEASON""], [""DICT_VALUE"", ""experiments\\exploration\\E1_I0040_audit_extension\\scripts\\s07_finalise.py"", 111, ""if r[\""added\""] == \""pm_all\"":"", """"], [""MENTION"", ""experiments\\exploration\\E1_I0031_rapm_as_prior\\s07_findings.py"", 241, ""\""dr2_over_base_wf_eval\"": by_target(pm, \""dr2_own_sst\"", over=\""base_only\"", added=\""pm_all\"","", """"], [""MENTION"", ""experiments\\exploration\\E1_I0031_rapm_as_prior\\s07_findings.py"", 243, ""\""perm_p_over_base_wf_eval\"": by_target(pm, \""perm_p\"", over=\""base_only\"", added=\""pm_all\"","", """"], [""MENTION"", ""experiments\\exploration\\E1_I0031_rapm_as_prior\\s07_findings.py"", 246, ""added=\""pm_all\"", stratum=\""wf_eval_2023_24\"","", """"], [""MENTION"", ""experiments\\exploration\\E1_I0031_rapm_as_prior\\s07_findings.py"", 249, ""added=\""pm_all\"", stratum=\""wf_eval_2023_24\"","", """"], [""MENTION"", ""experiments\\exploration\\E1_I0040_audit_extension\\scripts\\s08_discharge.py"", 53, ""al = pm[pm.added == \""pm_all\""].set_index(key)"", """"], [""MENTION"", ""experiments\\exploration\\E1_I0040_audit_extension\\scripts\\s08_discharge.py"", 92, ""EX[\""dischargeable_from_disk\""] = EX.candidate == \""pm_all\"""", """"]]"
E1_I0031_rapm_as_prior,RAPM_as_feature,1,WORKTREE,MENTION,experiments\exploration\E1_I0040_audit_extension\scripts\s04_audit_table.py,327,"candidate=""RAPM_as_feature"", target=r[""target""], stratum=r[""stratum""], n=r[""n""],",,"[[""MENTION"", ""experiments\\exploration\\E1_I0040_audit_extension\\scripts\\s04_audit_table.py"", 327, ""candidate=\""RAPM_as_feature\"", target=r[\""target\""], stratum=r[\""stratum\""], n=r[\""n\""],"", """"]]"
E1_I0034_redistribution,FREED_minutes,0,NONE,NONE,,-1,,,[]
E1_I0034_redistribution,FREED_fga,0,NONE,NONE,,-1,,,[]
E1_I0034_redistribution,FREED_pts,0,NONE,NONE,,-1,,,[]
E1_I0034_redistribution,u * z,2,IN_SCREEN,TUPLE_PAIR,experiments\exploration\E1_I0034_redistribution\scripts\s08_secondary.py,164,"(""u * z"", sub[""uz_"" + ch].to_numpy()),","sub[""uz_"" + ch].to_numpy(","[[""TUPLE_PAIR"", ""experiments\\exploration\\E1_I0034_redistribution\\scripts\\s08_secondary.py"", 164, ""(\""u * z\"", sub[\""uz_\"" + ch].to_numpy()),"", ""sub[\""uz_\"" + ch].to_numpy(""], [""MENTION"", ""experiments\\exploration\\E1_I0034_redistribution\\scripts\\s06_cells.py"", 168, ""candidate=\""u * z\"", effect=real, p=p,"", """"]]"
E1_I0034_redistribution,nan,210,WORKTREE,NAME_ASSIGN,experiments\exploration\E1_I0004_rim_finishing\_validate_sandbox\baseline\corrected_baseline.py,155,nan = np.nan,np.nan,"[[""NAME_ASSIGN"", ""experiments\\exploration\\E1_I0004_rim_finishing\\_validate_sandbox\\baseline\\corrected_baseline.py"", 155, ""nan = np.nan"", ""np.nan""], [""NAME_ASSIGN"", ""experiments\\exploration\\E1_I0011_split_alpha\\baseline\\corrected_baseline.py"", 155, ""nan = np.nan"", ""np.nan""], [""TUPLE_PAIR"", ""experiments\\exploration\\E0_I0012_layer3_noncollinear\\f2_availability.py"", 69, ""% (mp[\""dnp_reason\""].astype(str).str.strip().replace(\""nan\"", \""\"").ne(\""\"").sum(),"", ""\""\""""], [""TUPLE_PAIR"", ""experiments\\player_program\\product_lane\\U11_UI_SHELL\\TESTS.py"", 306, ""(\""nan\"", lambda p: _set(p, path, float(\""nan\""))),"", ""lambda p: _set(p, path, float(\""nan\""""], [""DICT_VALUE"", ""experiments\\exploration\\E1_I0004_fga_forecast\\build_forecasts.py"", 354, ""if s == \""\"" or s.lower() == \""nan\"":"", """"], [""DICT_VALUE"", ""experiments\\market_program\\M27_PER_BOOK_POLLING\\analyze_tape.py"", 72, ""if internal_id and internal_id != \""nan\"":"", """"], [""MENTION"", ""build_rapm_walkforward.py"", 321, ""return float(\""nan\""), len(m)"", """"], [""MENTION"", ""build_rapm_walkforward.py"", 461, ""inner_star = float(\""nan\"")"", """"], [""MENTION"", ""calibrated_prob_edge.py"", 243, ""return float(\""nan\""), 0, np.array([])"", """"], [""MENTION"", ""calibrated_prob_edge.py"", 280, ""return {\""n_perm\"": 0, \""null_sd\"": float(\""nan\""), \""mde_roi\"": float(\""nan\"")}"", """"]]"
E1_I0034_redistribution,u * posmatch,1,IN_SCREEN,MENTION,experiments\exploration\E1_I0034_redistribution\scripts\s06_cells.py,260,"candidate=""u * posmatch"", effect=real05, p=p05,",,"[[""MENTION"", ""experiments\\exploration\\E1_I0034_redistribution\\scripts\\s06_cells.py"", 260, ""candidate=\""u * posmatch\"", effect=real05, p=p05,"", """"]]"
E1_I0036_level_artefact_sweep,M06_opp_pace,9,WORKTREE,SUBSCRIPT_ASSIGN,experiments\exploration\E0_I0029_freethrow_hurdle\s02_build_frame.py,298,"tg[""M06_opp_pace""] = prior_mean(tg, TK, ""t_pace"")","prior_mean(tg, TK, ""t_pace"")","[[""SUBSCRIPT_ASSIGN"", ""experiments\\exploration\\E0_I0029_freethrow_hurdle\\s02_build_frame.py"", 298, ""tg[\""M06_opp_pace\""] = prior_mean(tg, TK, \""t_pace\"")"", ""prior_mean(tg, TK, \""t_pace\"")""], [""MENTION"", ""experiments\\exploration\\E0_I0029_freethrow_hurdle\\s01_prereg.py"", 72, ""dict(name=\""M06_opp_pace\"", family=\""M\"", level=\""opp_team_season\"","", """"], [""MENTION"", ""experiments\\exploration\\E0_I0029_freethrow_hurdle\\s02_build_frame.py"", 303, ""\""M04_opp_allowed_ft_rate\"", \""M05_opp_allowed_hurdle_rate\"", \""M06_opp_pace\"","", """"], [""MENTION"", ""experiments\\exploration\\E1_I0036_level_artefact_sweep\\scripts\\s11_level_rerun.py"", 34, ""MCOLS = resolve(P, [\""M01_opp_pf_pg\"", \""M04_opp_allowed_ft_rate\"", \""M06_opp_pace\""], 3,"", """"], [""MENTION"", ""experiments\\exploration\\E1_I0036_level_artefact_sweep\\scripts\\s11_level_rerun.py"", 116, ""dict(cell=\""L1\"", cand=\""M06_opp_pace\"", resp=\""T_fta\""),"", """"], [""MENTION"", ""experiments\\exploration\\E1_I0036_level_artefact_sweep\\scripts\\s11_level_rerun.py"", 117, ""dict(cell=\""L2\"", cand=\""M06_opp_pace\"", resp=\""T_ftm\""),"", """"], [""MENTION"", ""experiments\\exploration\\E1_I0036_level_artefact_sweep\\scripts\\s12_level_fairtest.py"", 39, ""MCOLS = resolve(P, [\""M01_opp_pf_pg\"", \""M04_opp_allowed_ft_rate\"", \""M06_opp_pace\"","", """"], [""MENTION"", ""experiments\\exploration\\E1_I0036_level_artefact_sweep\\scripts\\s12_level_fairtest.py"", 117, ""dict(cell=\""L1\"", cand=\""M06_opp_pace\"", resp=\""T_fta\"", oppref=\""M02_opp_allowed_fta_pg\""),"", """"], [""MENTION"", ""experiments\\exploration\\E1_I0036_level_artefact_sweep\\scripts\\s12_level_fairtest.py"", 118, ""dict(cell=\""L2\"", cand=\""M06_opp_pace\"", resp=\""T_ftm\"", oppref=\""M03_opp_allowed_ftm_pg\""),"", """"]]"
E1_I0036_level_artefact_sweep,M04_opp_allowed_ft_rate,9,WORKTREE,SUBSCRIPT_ASSIGN,experiments\exploration\E0_I0029_freethrow_hurdle\s02_build_frame.py,295,"tg[""M04_opp_allowed_ft_rate""] = safe_div(prior_sum(tg, TK, ""a_fta""), prior_sum(tg, TK, ""a_fga""))","safe_div(prior_sum(tg, TK, ""a_fta""), prior_sum(tg, TK, ""a_fga""))","[[""SUBSCRIPT_ASSIGN"", ""experiments\\exploration\\E0_I0029_freethrow_hurdle\\s02_build_frame.py"", 295, ""tg[\""M04_opp_allowed_ft_rate\""] = safe_div(prior_sum(tg, TK, \""a_fta\""), prior_sum(tg, TK, \""a_fga\""))"", ""safe_div(prior_sum(tg, TK, \""a_fta\""), prior_sum(tg, TK, \""a_fga\""))""], [""MENTION"", ""experiments\\exploration\\E0_I0029_freethrow_hurdle\\s01_prereg.py"", 66, ""dict(name=\""M04_opp_allowed_ft_rate\"", family=\""M\"", level=\""opp_team_season\"","", """"], [""MENTION"", ""experiments\\exploration\\E0_I0029_freethrow_hurdle\\s01_prereg.py"", 120, ""\""B_MATCHUP2\"": dict(cols=BASE_COLS[\""B_COMPLETE\""] + [\""F01_prior_ftr\"", \""M04_opp_allowed_ft_rate\""],"", """"], [""MENTION"", ""experiments\\exploration\\E0_I0029_freethrow_hurdle\\s02_build_frame.py"", 303, ""\""M04_opp_allowed_ft_rate\"", \""M05_opp_allowed_hurdle_rate\"", \""M06_opp_pace\"","", """"], [""MENTION"", ""experiments\\exploration\\E0_I0029_freethrow_hurdle\\s02_build_frame.py"", 355, ""app[\""_c_M04\""] = prior_league_centre(app, \""M04_opp_allowed_ft_rate\"")"", """"], [""MENTION"", ""experiments\\exploration\\E1_I0036_level_artefact_sweep\\scripts\\s11_level_rerun.py"", 34, ""MCOLS = resolve(P, [\""M01_opp_pf_pg\"", \""M04_opp_allowed_ft_rate\"", \""M06_opp_pace\""], 3,"", """"], [""MENTION"", ""experiments\\exploration\\E1_I0036_level_artefact_sweep\\scripts\\s11_level_rerun.py"", 118, ""dict(cell=\""L3\"", cand=\""M04_opp_allowed_ft_rate\"", resp=\""T_pts\""),"", """"], [""MENTION"", ""experiments\\exploration\\E1_I0036_level_artefact_sweep\\scripts\\s12_level_fairtest.py"", 39, ""MCOLS = resolve(P, [\""M01_opp_pf_pg\"", \""M04_opp_allowed_ft_rate\"", \""M06_opp_pace\"","", """"], [""MENTION"", ""experiments\\exploration\\E1_I0036_level_artefact_sweep\\scripts\\s12_level_fairtest.py"", 119, ""dict(cell=\""L3\"", cand=\""M04_opp_allowed_ft_rate\"", resp=\""T_pts\"","", """"]]"
E1_I0036_level_artefact_sweep,M01_opp_pf_pg,11,WORKTREE,SUBSCRIPT_ASSIGN,experiments\exploration\E0_I0029_freethrow_hurdle\s02_build_frame.py,292,"tg[""M01_opp_pf_pg""] = prior_mean(tg, TK, ""t_pf"")","prior_mean(tg, TK, ""t_pf"")","[[""SUBSCRIPT_ASSIGN"", ""experiments\\exploration\\E0_I0029_freethrow_hurdle\\s02_build_frame.py"", 292, ""tg[\""M01_opp_pf_pg\""] = prior_mean(tg, TK, \""t_pf\"")"", ""prior_mean(tg, TK, \""t_pf\"")""], [""TUPLE_PAIR"", ""experiments\\exploration\\E0_I0029_freethrow_hurdle\\s05b_report.py"", 106, ""CARRIERS = [(\""M01_opp_pf_pg\"", \""opp_team_season\"", \""N_ENTITY\""),"", ""\""opp_team_season\"", \""N_ENTITY\""""], [""MENTION"", ""experiments\\exploration\\E0_I0029_freethrow_hurdle\\s01_prereg.py"", 57, ""dict(name=\""M01_opp_pf_pg\"", family=\""M\"", level=\""opp_team_season\"","", """"], [""MENTION"", ""experiments\\exploration\\E0_I0029_freethrow_hurdle\\s01_prereg.py"", 117, ""\""B_MATCHUP\"": dict(cols=BASE_COLS[\""B_COMPLETE\""] + [\""F02_prior_fd_pm\"", \""M01_opp_pf_pg\""],"", """"], [""MENTION"", ""experiments\\exploration\\E0_I0029_freethrow_hurdle\\s02_build_frame.py"", 302, ""MCOLS = [\""M01_opp_pf_pg\"", \""M02_opp_allowed_fta_pg\"", \""M03_opp_allowed_ftm_pg\"","", """"], [""MENTION"", ""experiments\\exploration\\E0_I0029_freethrow_hurdle\\s02_build_frame.py"", 353, ""app[\""_c_M01\""] = prior_league_centre(app, \""M01_opp_pf_pg\"")"", """"], [""MENTION"", ""experiments\\exploration\\E0_I0029_freethrow_hurdle\\s02_build_frame.py"", 538, ""probe(\""P5  M01_opp_pf_pg == opp prior mean team pf\"", \""M01_opp_pf_pg\"","", """"], [""MENTION"", ""experiments\\exploration\\E1_I0036_level_artefact_sweep\\scripts\\s11_level_rerun.py"", 34, ""MCOLS = resolve(P, [\""M01_opp_pf_pg\"", \""M04_opp_allowed_ft_rate\"", \""M06_opp_pace\""], 3,"", """"], [""MENTION"", ""experiments\\exploration\\E1_I0036_level_artefact_sweep\\scripts\\s11_level_rerun.py"", 119, ""dict(cell=\""L4\"", cand=\""M01_opp_pf_pg\"", resp=\""T_pts\""),"", """"], [""MENTION"", ""experiments\\exploration\\E1_I0036_level_artefact_sweep\\scripts\\s12_level_fairtest.py"", 39, ""MCOLS = resolve(P, [\""M01_opp_pf_pg\"", \""M04_opp_allowed_ft_rate\"", \""M06_opp_pace\"","", """"]]"
E1_I0036_level_artefact_sweep,ROSTER_RA_SHARE,10,IN_SCREEN,NAME_ASSIGN,experiments\exploration\E1_I0036_level_artefact_sweep\scripts\s11_level_rerun.py,138,"ROSTER_RA_SHARE=(""R08_player_ra_share"", ""mean""),","(""R08_player_ra_share"", ""mean""),","[[""NAME_ASSIGN"", ""experiments\\exploration\\E1_I0036_level_artefact_sweep\\scripts\\s11_level_rerun.py"", 138, ""ROSTER_RA_SHARE=(\""R08_player_ra_share\"", \""mean\""),"", ""(\""R08_player_ra_share\"", \""mean\""),""], [""NAME_ASSIGN"", ""experiments\\exploration\\E1_I0036_level_artefact_sweep\\scripts\\s13_d097_relevel.py"", 47, ""ROSTER_RA_SHARE=(\""R08_player_ra_share\"", \""mean\""),"", ""(\""R08_player_ra_share\"", \""mean\""),""], [""DICT_VALUE"", ""experiments\\exploration\\E1_I0036_level_artefact_sweep\\scripts\\s11_level_rerun.py"", 130, ""if spec[\""cand\""] == \""ROSTER_RA_SHARE\"":"", """"], [""DICT_VALUE"", ""experiments\\exploration\\E1_I0036_level_artefact_sweep\\scripts\\s11_level_rerun.py"", 165, ""if spec[\""cand\""] == \""ROSTER_RA_SHARE\"":"", """"], [""MENTION"", ""experiments\\exploration\\E1_I0036_level_artefact_sweep\\scripts\\s11_level_rerun.py"", 127, ""for spec in CELLS + [dict(cell=\""C1_LEVELUP\"", cand=\""ROSTER_RA_SHARE\"", resp=\""T_oreb\"")]:"", """"], [""MENTION"", ""experiments\\exploration\\E1_I0036_level_artefact_sweep\\scripts\\s11_level_rerun.py"", 141, ""print(f\""  roster RA-share coverage: {int(W['ROSTER_RA_SHARE'].notna().sum())}/{len(W)}\"""", """"], [""MENTION"", ""experiments\\exploration\\E1_I0036_level_artefact_sweep\\scripts\\s13_d097_relevel.py"", 51, ""f\""{int(T['ROSTER_RA_SHARE'].notna().sum())}/{len(T)} team-games\"")"", """"], [""MENTION"", ""experiments\\exploration\\E1_I0036_level_artefact_sweep\\scripts\\s13_d097_relevel.py"", 61, ""d = T.dropna(subset=[\""T_oreb\"", \""ROSTER_RA_SHARE\""] + BASE).reset_index(drop=True)"", """"], [""MENTION"", ""experiments\\exploration\\E1_I0036_level_artefact_sweep\\scripts\\s13_d097_relevel.py"", 67, ""x = d[\""ROSTER_RA_SHARE\""].to_numpy(float)"", """"], [""MENTION"", ""experiments\\exploration\\E1_I0036_level_artefact_sweep\\scripts\\s13_d097_relevel.py"", 91, ""rows.append(dict(cell=\""C1_LEVELUP\"", base=basename, candidate=\""ROSTER_RA_SHARE\"","", """"]]"
E1_I0036_level_artefact_sweep,nan,210,WORKTREE,NAME_ASSIGN,experiments\exploration\E1_I0004_rim_finishing\_validate_sandbox\baseline\corrected_baseline.py,155,nan = np.nan,np.nan,"[[""NAME_ASSIGN"", ""experiments\\exploration\\E1_I0004_rim_finishing\\_validate_sandbox\\baseline\\corrected_baseline.py"", 155, ""nan = np.nan"", ""np.nan""], [""NAME_ASSIGN"", ""experiments\\exploration\\E1_I0011_split_alpha\\baseline\\corrected_baseline.py"", 155, ""nan = np.nan"", ""np.nan""], [""TUPLE_PAIR"", ""experiments\\exploration\\E0_I0012_layer3_noncollinear\\f2_availability.py"", 69, ""% (mp[\""dnp_reason\""].astype(str).str.strip().replace(\""nan\"", \""\"").ne(\""\"").sum(),"", ""\""\""""], [""TUPLE_PAIR"", ""experiments\\player_program\\product_lane\\U11_UI_SHELL\\TESTS.py"", 306, ""(\""nan\"", lambda p: _set(p, path, float(\""nan\""))),"", ""lambda p: _set(p, path, float(\""nan\""""], [""DICT_VALUE"", ""experiments\\exploration\\E1_I0004_fga_forecast\\build_forecasts.py"", 354, ""if s == \""\"" or s.lower() == \""nan\"":"", """"], [""DICT_VALUE"", ""experiments\\market_program\\M27_PER_BOOK_POLLING\\analyze_tape.py"", 72, ""if internal_id and internal_id != \""nan\"":"", """"], [""MENTION"", ""build_rapm_walkforward.py"", 321, ""return float(\""nan\""), len(m)"", """"], [""MENTION"", ""build_rapm_walkforward.py"", 461, ""inner_star = float(\""nan\"")"", """"], [""MENTION"", ""calibrated_prob_edge.py"", 243, ""return float(\""nan\""), 0, np.array([])"", """"], [""MENTION"", ""calibrated_prob_edge.py"", 280, ""return {\""n_perm\"": 0, \""null_sd\"": float(\""nan\""), \""mde_roi\"": float(\""nan\"")}"", """"]]"
E1_I0004_efficiency_transfer,A,387,WORKTREE,SUBSCRIPT_ASSIGN,experiments\exploration\E0_I0010_positional_matchup\analyze.py,166,"w[""O""] = demean(w, ocol); w[""A""] = demean(w, acol); w[""D""] = demean(w, ""def_pre"")","demean(w, acol); w[""D""] = demean(w, ""def_pre"")","[[""SUBSCRIPT_ASSIGN"", ""experiments\\exploration\\E0_I0010_positional_matchup\\analyze.py"", 166, ""w[\""O\""] = demean(w, ocol); w[\""A\""] = demean(w, acol); w[\""D\""] = demean(w, \""def_pre\"")"", ""demean(w, acol); w[\""D\""] = demean(w, \""def_pre\"")""], [""SUBSCRIPT_ASSIGN"", ""experiments\\exploration\\E0_I0010_positional_matchup\\analyze.py"", 266, ""w[\""O\""] = demean(w, \""own_pre\""); w[\""A\""] = demean(w, \""allow_pre\"")"", ""demean(w, \""allow_pre\"")""], [""NAME_ASSIGN"", ""bios_screen.py"", 142, ""A = arr[ch]"", ""arr[ch]""], [""NAME_ASSIGN"", ""bios_screen.py"", 242, ""A = lines.append"", ""lines.append""], [""NAME_ASSIGN"", ""build_zone_maps.py"", 376, ""A = lines.append"", ""lines.append""], [""NAME_ASSIGN"", ""calibrated_prob_edge.py"", 185, ""A = Xb.T @ (Xb * W[:, None])"", ""Xb.T @ (Xb * W[:, None])""], [""NAME_ASSIGN"", ""cbs_identity_v3.py"", 25, ""A = pd.DataFrame({\""row_uid\"": [\""r1\""]}); A[1] = [10]"", ""pd.DataFrame({\""row_uid\"": [\""r1\""]}); A[1] = [10]""], [""NAME_ASSIGN"", ""crossseason_screen.py"", 473, ""A = arr[ch]"", ""arr[ch]""], [""NAME_ASSIGN"", ""crossseason_screen.py"", 647, ""A = arr[ch]"", ""arr[ch]""], [""NAME_ASSIGN"", ""crossseason_screen.py"", 761, ""A = lines.append"", ""lines.append""]]"
E1_I0004_efficiency_transfer,B,206,WORKTREE,SUBSCRIPT_ASSIGN,experiments\market_program\M26_CAPTURE_MICROSTRUCTURE_REMEDIATION\tests_M26_sxbet.py,60,"check(""sxbet_roster_marks_B_vanished"", state.data[""roster""][""B""] == ""vanished"")","= ""vanished"")","[[""SUBSCRIPT_ASSIGN"", ""experiments\\market_program\\M26_CAPTURE_MICROSTRUCTURE_REMEDIATION\\tests_M26_sxbet.py"", 60, ""check(\""sxbet_roster_marks_B_vanished\"", state.data[\""roster\""][\""B\""] == \""vanished\"")"", ""= \""vanished\"")""], [""SUBSCRIPT_ASSIGN"", ""experiments\\market_program\\M26_CAPTURE_MICROSTRUCTURE_REMEDIATION\\tests_M26_sxbet.py"", 75, ""check(\""sxbet_roster_marks_B_active_again\"", state.data[\""roster\""][\""B\""] == \""active\"")"", ""= \""active\"")""], [""NAME_ASSIGN"", ""cbs_identity_v3.py"", 26, ""B = pd.DataFrame({\""row_uid\"": [\""r1\""]}); B[1] = [20]"", ""pd.DataFrame({\""row_uid\"": [\""r1\""]}); B[1] = [20]""], [""NAME_ASSIGN"", ""experiments\\coherence_study\\coherence_analysis.py"", 97, ""B = pd.read_csv(BU / \""teamgame_level_predictions.csv\"")"", ""pd.read_csv(BU / \""teamgame_level_predictions.csv\"")""], [""NAME_ASSIGN"", ""experiments\\exploration\\AUDIT_baseline_provenance\\probe.py"", 122, ""B = pd.read_csv(os.path.join(EXP, \""E0_I0004_shot_location_allowance\"","", ""pd.read_csv(os.path.join(EXP, \""E0_I0004_shot_location_allowance\"",""], [""NAME_ASSIGN"", ""experiments\\exploration\\E0_I0012_layer3_noncollinear\\base.py"", 290, ""B = base_terms(g)"", ""base_terms(g)""], [""NAME_ASSIGN"", ""experiments\\exploration\\E0_I0024_reb_ast_characterisation\\s03_ladder.py"", 272, ""B = L[L[\""kind\""] == \""honest\""].copy()"", ""L[L[\""kind\""] == \""honest\""].copy()""], [""NAME_ASSIGN"", ""experiments\\exploration\\E0_I0024_reb_ast_characterisation\\s04_screen.py"", 115, ""B = sub[bcols].to_numpy(float)"", ""sub[bcols].to_numpy(float)""], [""NAME_ASSIGN"", ""experiments\\exploration\\E0_I0024_reb_ast_characterisation\\s05_mechanism.py"", 70, ""B = sub[cols].to_numpy(float)"", ""sub[cols].to_numpy(float)""], [""NAME_ASSIGN"", ""experiments\\exploration\\E1_I0004_fga_forecast\\end_to_end.py"", 121, ""B = cxy[idx]"", ""cxy[idx]""]]"
E1_I0004_efficiency_transfer,C,6,IN_SCREEN,NAME_ASSIGN,experiments\exploration\E1_I0004_efficiency_transfer\s03_contrast.py,306,C = pd.DataFrame(ceil),pd.DataFrame(ceil),"[[""NAME_ASSIGN"", ""experiments\\exploration\\E1_I0004_efficiency_transfer\\s03_contrast.py"", 306, ""C = pd.DataFrame(ceil)"", ""pd.DataFrame(ceil)""], [""TUPLE_PAIR"", ""experiments\\exploration\\E1_I0004_efficiency_transfer\\s03_contrast.py"", 49, ""(\""C\"", \""sensitivity  five zones, per-zone frozen betas (OPTIMISTIC, in-sample coefs)\""),"", ""\""sensitivity  five zones, per-zone frozen betas (OPTIMISTIC, in-sample coefs""], [""MENTION"", ""experiments\\exploration\\E1_I0004_efficiency_transfer\\s02_build.py"", 217, ""for tag in [\""A\"", \""B\"", \""C\"", \""U\""]:"", """"], [""MENTION"", ""experiments\\exploration\\E1_I0004_efficiency_transfer\\s03_contrast.py"", 294, ""for tag in [\""A\"", \""B\"", \""C\""]:"", """"], [""MENTION"", ""experiments\\exploration\\E1_I0004_efficiency_transfer\\s03_contrast.py"", 302, ""for tag in [\""A\"", \""B\"", \""C\""]:"", """"], [""MENTION"", ""experiments\\exploration\\E1_I0004_efficiency_transfer\\s04_ceiling_and_findings.py"", 57, ""for tag in [\""A\"", \""B\"", \""C\""]:"", """"]]"
E1_I0004_efficiency_transfer,U,44,WORKTREE,NAME_ASSIGN,build_rapm_v1.py,307,U = len(all_pids),len(all_pids),"[[""NAME_ASSIGN"", ""build_rapm_v1.py"", 307, ""U = len(all_pids)"", ""len(all_pids)""], [""NAME_ASSIGN"", ""build_rapm_walkforward.py"", 388, ""U = len(all_pids)"", ""len(all_pids)""], [""NAME_ASSIGN"", ""crossseason_screen.py"", 229, ""U = U_full[U_full[\""season\""] >= SCREEN_START_SEASON].copy()"", ""U_full[U_full[\""season\""] >= SCREEN_START_SEASON].copy()""], [""NAME_ASSIGN"", ""feature_lab.py"", 203, ""U = P.loc[mask, [\""player_id\"", \""game_id\"", \""game_date\"", \""season\"", \""minutes\""]].copy()"", ""P.loc[mask, [\""player_id\"", \""game_id\"", \""game_date\"", \""season\"", \""minutes\""]].copy()""], [""NAME_ASSIGN"", ""minutes_baselines.py"", 623, ""U = P[P[\""prior_apps\""] >= 1].copy()"", ""P[P[\""prior_apps\""] >= 1].copy()""], [""NAME_ASSIGN"", ""minutes_baselines.py"", 642, ""U = U.copy()"", ""U.copy()""], [""NAME_ASSIGN"", ""rebaseline_screen.py"", 699, ""U = U_full[U_full[\""season\""] >= SCREEN_START_SEASON].copy()"", ""U_full[U_full[\""season\""] >= SCREEN_START_SEASON].copy()""], [""NAME_ASSIGN"", ""w4_refs.py"", 187, ""U = F[F.GAME_ID.isin(elig_ids)].copy()"", ""F[F.GAME_ID.isin(elig_ids)].copy()""], [""NAME_ASSIGN"", ""experiments\\exploration\\E1_I0042_redistribution_replication\\scripts\\s02_stratum_and_anchors.py"", 40, ""U = SC & finite"", ""SC & finite""], [""NAME_ASSIGN"", ""experiments\\exploration\\E1_I0042_redistribution_replication\\scripts\\s03_primary.py"", 40, ""U = SC & finite"", ""SC & finite""]]"
E1_I0004_efficiency_transfer_v2,SPEC_RA,20,IN_SCREEN,DICT_VALUE,experiments\exploration\E1_I0004_efficiency_transfer_v2\s02_build.py,123,"""SPEC_RA"": {z: (E.LAMBDA_D074 if z == E.RA else 0.0) for z in E.ZONES},",{z: (E.LAMBDA_D074 if z == E.RA else 0.0) for z in E.ZONES,"[[""DICT_VALUE"", ""experiments\\exploration\\E1_I0004_efficiency_transfer_v2\\s02_build.py"", 123, ""\""SPEC_RA\"": {z: (E.LAMBDA_D074 if z == E.RA else 0.0) for z in E.ZONES},"", ""{z: (E.LAMBDA_D074 if z == E.RA else 0.0) for z in E.ZONES""], [""MENTION"", ""experiments\\exploration\\E1_I0004_efficiency_transfer_v2\\s03_contrast.py"", 52, ""SPEC_ORDER = [\""SPEC_RA\"", \""SPEC_ALL5_GLOBAL\"", \""SPEC_ALL5_PERZONE\"","", """"], [""MENTION"", ""experiments\\exploration\\E1_I0004_efficiency_transfer_v2\\s03_contrast.py"", 55, ""PRIMARY = (\""ppm_points_per_minute\"", \""SPEC_RA\"")"", """"], [""MENTION"", ""experiments\\exploration\\E1_I0004_efficiency_transfer_v2\\s03_contrast.py"", 122, ""print(R[(R[\""response\""] == \""ppf_points_per_FGA\"") & (R[\""spec\""] == \""SPEC_RA\"")][show]"", """"], [""MENTION"", ""experiments\\exploration\\E1_I0004_efficiency_transfer_v2\\s04_points_and_ceiling.py"", 49, ""SPECS = [\""SPEC_RA\"", \""SPEC_ALL5_GLOBAL\"", \""SPEC_ALL5_PERZONE\"", \""SPEC_RA_UNCENTRED\""]"", """"], [""MENTION"", ""experiments\\exploration\\E1_I0004_efficiency_transfer_v2\\s04_points_and_ceiling.py"", 95, ""for sp in [\""SPEC_RA\"", \""SPEC_ALL5_GLOBAL\"", \""SPEC_ALL5_PERZONE\""]:"", """"], [""MENTION"", ""experiments\\exploration\\E1_I0004_efficiency_transfer_v2\\s04_points_and_ceiling.py"", 134, ""for sp in [\""SPEC_RA\"", \""SPEC_ALL5_GLOBAL\"", \""SPEC_ALL5_PERZONE\""]:"", """"], [""MENTION"", ""experiments\\exploration\\E1_I0004_efficiency_transfer_v2\\s04_points_and_ceiling.py"", 159, ""on = C[(C[\""spec\""] == \""SPEC_RA\"") & (C[\""stratum\""] == \""on_stratum\"")].iloc[0]"", """"], [""MENTION"", ""experiments\\exploration\\E1_I0004_efficiency_transfer_v2\\s04_points_and_ceiling.py"", 171, ""float(P[(P[\""spec\""] == \""SPEC_RA\"") & (P[\""stratum\""] == \""on_stratum\"")]"", """"], [""MENTION"", ""experiments\\exploration\\E1_I0004_efficiency_transfer_v2\\s05_findings.py"", 72, ""head_on = cell(CT, response=\""ppm_points_per_minute\"", spec=\""SPEC_RA\"", stratum=\""on_stratum\"")"", """"]]"
E1_I0004_efficiency_transfer_v2,SPEC_ALL5_GLOBAL,5,IN_SCREEN,DICT_VALUE,experiments\exploration\E1_I0004_efficiency_transfer_v2\s02_build.py,124,"""SPEC_ALL5_GLOBAL"": {z: E.LAMBDA_D074 for z in E.ZONES},",{z: E.LAMBDA_D074 for z in E.ZONES,"[[""DICT_VALUE"", ""experiments\\exploration\\E1_I0004_efficiency_transfer_v2\\s02_build.py"", 124, ""\""SPEC_ALL5_GLOBAL\"": {z: E.LAMBDA_D074 for z in E.ZONES},"", ""{z: E.LAMBDA_D074 for z in E.ZONES""], [""MENTION"", ""experiments\\exploration\\E1_I0004_efficiency_transfer_v2\\s03_contrast.py"", 52, ""SPEC_ORDER = [\""SPEC_RA\"", \""SPEC_ALL5_GLOBAL\"", \""SPEC_ALL5_PERZONE\"","", """"], [""MENTION"", ""experiments\\exploration\\E1_I0004_efficiency_transfer_v2\\s04_points_and_ceiling.py"", 49, ""SPECS = [\""SPEC_RA\"", \""SPEC_ALL5_GLOBAL\"", \""SPEC_ALL5_PERZONE\"", \""SPEC_RA_UNCENTRED\""]"", """"], [""MENTION"", ""experiments\\exploration\\E1_I0004_efficiency_transfer_v2\\s04_points_and_ceiling.py"", 95, ""for sp in [\""SPEC_RA\"", \""SPEC_ALL5_GLOBAL\"", \""SPEC_ALL5_PERZONE\""]:"", """"], [""MENTION"", ""experiments\\exploration\\E1_I0004_efficiency_transfer_v2\\s04_points_and_ceiling.py"", 134, ""for sp in [\""SPEC_RA\"", \""SPEC_ALL5_GLOBAL\"", \""SPEC_ALL5_PERZONE\""]:"", """"]]"
E1_I0004_efficiency_transfer_v2,SPEC_ALL5_PERZONE,7,IN_SCREEN,DICT_VALUE,experiments\exploration\E1_I0004_efficiency_transfer_v2\s02_build.py,125,"""SPEC_ALL5_PERZONE"": dict(E.BETA_BY_ZONE_D074),",dict(E.BETA_BY_ZONE_D074),"[[""DICT_VALUE"", ""experiments\\exploration\\E1_I0004_efficiency_transfer_v2\\s02_build.py"", 125, ""\""SPEC_ALL5_PERZONE\"": dict(E.BETA_BY_ZONE_D074),"", ""dict(E.BETA_BY_ZONE_D074)""], [""MENTION"", ""experiments\\exploration\\E1_I0004_efficiency_transfer_v2\\s03_contrast.py"", 52, ""SPEC_ORDER = [\""SPEC_RA\"", \""SPEC_ALL5_GLOBAL\"", \""SPEC_ALL5_PERZONE\"","", """"], [""MENTION"", ""experiments\\exploration\\E1_I0004_efficiency_transfer_v2\\s04_points_and_ceiling.py"", 49, ""SPECS = [\""SPEC_RA\"", \""SPEC_ALL5_GLOBAL\"", \""SPEC_ALL5_PERZONE\"", \""SPEC_RA_UNCENTRED\""]"", """"], [""MENTION"", ""experiments\\exploration\\E1_I0004_efficiency_transfer_v2\\s04_points_and_ceiling.py"", 95, ""for sp in [\""SPEC_RA\"", \""SPEC_ALL5_GLOBAL\"", \""SPEC_ALL5_PERZONE\""]:"", """"], [""MENTION"", ""experiments\\exploration\\E1_I0004_efficiency_transfer_v2\\s04_points_and_ceiling.py"", 134, ""for sp in [\""SPEC_RA\"", \""SPEC_ALL5_GLOBAL\"", \""SPEC_ALL5_PERZONE\""]:"", """"], [""MENTION"", ""experiments\\exploration\\E1_I0004_efficiency_transfer_v2\\s06_ppf_ceiling_check.py"", 23, ""for sp in [\""SPEC_RA\"", \""SPEC_ALL5_PERZONE\"", \""SPEC_RA_XSCENTRED\"", \""SPEC_ALL5_PERZONE_XSCENTRED\""]:"", """"], [""MENTION"", ""experiments\\exploration\\E1_I0004_efficiency_transfer_v2\\s06_ppf_ceiling_check.py"", 55, ""for sp in [\""SPEC_ALL5_PERZONE_XSCENTRED\"", \""SPEC_RA_XSCENTRED\"", \""SPEC_ALL5_PERZONE\"", \""SPEC_RA\""]:"", """"]]"
E1_I0004_efficiency_transfer_v2,SPEC_RA_UNCENTRED,4,IN_SCREEN,MENTION,experiments\exploration\E1_I0004_efficiency_transfer_v2\s03_contrast.py,53,"""SPEC_RA_UNCENTRED"", ""SPEC_ALL5_GLOBAL_UNCENTRED"", ""SPEC_ALL5_PERZONE_UNCENTRED"",",,"[[""MENTION"", ""experiments\\exploration\\E1_I0004_efficiency_transfer_v2\\s03_contrast.py"", 53, ""\""SPEC_RA_UNCENTRED\"", \""SPEC_ALL5_GLOBAL_UNCENTRED\"", \""SPEC_ALL5_PERZONE_UNCENTRED\"","", """"], [""MENTION"", ""experiments\\exploration\\E1_I0004_efficiency_transfer_v2\\s04_points_and_ceiling.py"", 49, ""SPECS = [\""SPEC_RA\"", \""SPEC_ALL5_GLOBAL\"", \""SPEC_ALL5_PERZONE\"", \""SPEC_RA_UNCENTRED\""]"", """"], [""MENTION"", ""experiments\\exploration\\E1_I0004_efficiency_transfer_v2\\s05_findings.py"", 157, ""spec=\""SPEC_RA_UNCENTRED\"","", """"], [""MENTION"", ""experiments\\exploration\\E1_I0004_efficiency_transfer_v2\\s05_findings.py"", 160, ""\""points_on_stratum_dR2_uncentred\"": cell(PT, spec=\""SPEC_RA_UNCENTRED\"","", """"]]"
E1_I0004_efficiency_transfer_v2,SPEC_ALL5_GLOBAL_UNCENTRED,1,IN_SCREEN,MENTION,experiments\exploration\E1_I0004_efficiency_transfer_v2\s03_contrast.py,53,"""SPEC_RA_UNCENTRED"", ""SPEC_ALL5_GLOBAL_UNCENTRED"", ""SPEC_ALL5_PERZONE_UNCENTRED"",",,"[[""MENTION"", ""experiments\\exploration\\E1_I0004_efficiency_transfer_v2\\s03_contrast.py"", 53, ""\""SPEC_RA_UNCENTRED\"", \""SPEC_ALL5_GLOBAL_UNCENTRED\"", \""SPEC_ALL5_PERZONE_UNCENTRED\"","", """"]]"
E1_I0004_efficiency_transfer_v2,SPEC_ALL5_PERZONE_UNCENTRED,1,IN_SCREEN,MENTION,experiments\exploration\E1_I0004_efficiency_transfer_v2\s03_contrast.py,53,"""SPEC_RA_UNCENTRED"", ""SPEC_ALL5_GLOBAL_UNCENTRED"", ""SPEC_ALL5_PERZONE_UNCENTRED"",",,"[[""MENTION"", ""experiments\\exploration\\E1_I0004_efficiency_transfer_v2\\s03_contrast.py"", 53, ""\""SPEC_RA_UNCENTRED\"", \""SPEC_ALL5_GLOBAL_UNCENTRED\"", \""SPEC_ALL5_PERZONE_UNCENTRED\"","", """"]]"
E1_I0004_efficiency_transfer_v2,SPEC_RA_XSCENTRED,3,IN_SCREEN,MENTION,experiments\exploration\E1_I0004_efficiency_transfer_v2\s03_contrast.py,54,"""SPEC_RA_XSCENTRED"", ""SPEC_ALL5_GLOBAL_XSCENTRED"", ""SPEC_ALL5_PERZONE_XSCENTRED""]",,"[[""MENTION"", ""experiments\\exploration\\E1_I0004_efficiency_transfer_v2\\s03_contrast.py"", 54, ""\""SPEC_RA_XSCENTRED\"", \""SPEC_ALL5_GLOBAL_XSCENTRED\"", \""SPEC_ALL5_PERZONE_XSCENTRED\""]"", """"], [""MENTION"", ""experiments\\exploration\\E1_I0004_efficiency_transfer_v2\\s06_ppf_ceiling_check.py"", 23, ""for sp in [\""SPEC_RA\"", \""SPEC_ALL5_PERZONE\"", \""SPEC_RA_XSCENTRED\"", \""SPEC_ALL5_PERZONE_XSCENTRED\""]:"", """"], [""MENTION"", ""experiments\\exploration\\E1_I0004_efficiency_transfer_v2\\s06_ppf_ceiling_check.py"", 55, ""for sp in [\""SPEC_ALL5_PERZONE_XSCENTRED\"", \""SPEC_RA_XSCENTRED\"", \""SPEC_ALL5_PERZONE\"", \""SPEC_RA\""]:"", """"]]"
E1_I0004_efficiency_transfer_v2,SPEC_ALL5_GLOBAL_XSCENTRED,1,IN_SCREEN,MENTION,experiments\exploration\E1_I0004_efficiency_transfer_v2\s03_contrast.py,54,"""SPEC_RA_XSCENTRED"", ""SPEC_ALL5_GLOBAL_XSCENTRED"", ""SPEC_ALL5_PERZONE_XSCENTRED""]",,"[[""MENTION"", ""experiments\\exploration\\E1_I0004_efficiency_transfer_v2\\s03_contrast.py"", 54, ""\""SPEC_RA_XSCENTRED\"", \""SPEC_ALL5_GLOBAL_XSCENTRED\"", \""SPEC_ALL5_PERZONE_XSCENTRED\""]"", """"]]"
E1_I0004_efficiency_transfer_v2,SPEC_ALL5_PERZONE_XSCENTRED,3,IN_SCREEN,MENTION,experiments\exploration\E1_I0004_efficiency_transfer_v2\s03_contrast.py,54,"""SPEC_RA_XSCENTRED"", ""SPEC_ALL5_GLOBAL_XSCENTRED"", ""SPEC_ALL5_PERZONE_XSCENTRED""]",,"[[""MENTION"", ""experiments\\exploration\\E1_I0004_efficiency_transfer_v2\\s03_contrast.py"", 54, ""\""SPEC_RA_XSCENTRED\"", \""SPEC_ALL5_GLOBAL_XSCENTRED\"", \""SPEC_ALL5_PERZONE_XSCENTRED\""]"", """"], [""MENTION"", ""experiments\\exploration\\E1_I0004_efficiency_transfer_v2\\s06_ppf_ceiling_check.py"", 23, ""for sp in [\""SPEC_RA\"", \""SPEC_ALL5_PERZONE\"", \""SPEC_RA_XSCENTRED\"", \""SPEC_ALL5_PERZONE_XSCENTRED\""]:"", """"], [""MENTION"", ""experiments\\exploration\\E1_I0004_efficiency_transfer_v2\\s06_ppf_ceiling_check.py"", 55, ""for sp in [\""SPEC_ALL5_PERZONE_XSCENTRED\"", \""SPEC_RA_XSCENTRED\"", \""SPEC_ALL5_PERZONE\"", \""SPEC_RA\""]:"", """"]]"
E1_I0020_coldstart_tiering,P0_champion,5,IN_SCREEN,SUBSCRIPT_ASSIGN,experiments\exploration\E1_I0020_coldstart_tiering\s03_placeholders.py,168,"out[""P0_champion""] = frame[""champ_"" + t].to_numpy(float)","frame[""champ_"" + t].to_numpy(float)","[[""SUBSCRIPT_ASSIGN"", ""experiments\\exploration\\E1_I0020_coldstart_tiering\\s03_placeholders.py"", 168, ""out[\""P0_champion\""] = frame[\""champ_\"" + t].to_numpy(float)"", ""frame[\""champ_\"" + t].to_numpy(float)""], [""MENTION"", ""experiments\\exploration\\E1_I0020_coldstart_tiering\\s03_placeholders.py"", 236, ""NAMES = [\""P0_champion\"", \""P1_ref_D076\"", \""P1full_running_mean\"", \""P1c_career_mean\"", \""P2_position\"","", """"], [""MENTION"", ""experiments\\exploration\\E1_I0020_coldstart_tiering\\s03_placeholders.py"", 252, ""champ = ph[\""P0_champion\""].to_numpy(float)"", """"], [""MENTION"", ""experiments\\exploration\\E1_I0020_coldstart_tiering\\s03_placeholders.py"", 259, ""r_vs_champ, dr = B.paired(y, a, champ, groups, name_a=nm, name_b=\""P0_champion\"")"", """"], [""MENTION"", ""experiments\\exploration\\E1_I0020_coldstart_tiering\\s04_decompose_and_crossover.py"", 287, ""for nm in [\""P0_champion\"", \""P1full_running_mean\"", \""P2_position\"", \""P3_draft_bin\"","", """"]]"
E1_I0020_coldstart_tiering,P1_ref_D076,5,IN_SCREEN,SUBSCRIPT_ASSIGN,experiments\exploration\E1_I0020_coldstart_tiering\s03_placeholders.py,169,"out[""P1_ref_D076""] = frame[""p1_"" + t].to_numpy(float)","frame[""p1_"" + t].to_numpy(float)","[[""SUBSCRIPT_ASSIGN"", ""experiments\\exploration\\E1_I0020_coldstart_tiering\\s03_placeholders.py"", 169, ""out[\""P1_ref_D076\""] = frame[\""p1_\"" + t].to_numpy(float)"", ""frame[\""p1_\"" + t].to_numpy(float)""], [""DICT_VALUE"", ""experiments\\exploration\\E1_I0020_coldstart_tiering\\s06_findings.py"", 161, ""\""P1_ref_D076\"": (\""D076's frozen reference.  It is an expanding mean over THE CHAMPION'S \"""", ""(\""D076's frozen reference.  It is an expanding mean over THE CHAMPION'S \""""], [""MENTION"", ""experiments\\exploration\\E1_I0020_coldstart_tiering\\s03_placeholders.py"", 236, ""NAMES = [\""P0_champion\"", \""P1_ref_D076\"", \""P1full_running_mean\"", \""P1c_career_mean\"", \""P2_position\"","", """"], [""MENTION"", ""experiments\\exploration\\E1_I0020_coldstart_tiering\\s03_placeholders.py"", 253, ""p1 = ph[\""P1_ref_D076\""].to_numpy(float)"", """"], [""MENTION"", ""experiments\\exploration\\E1_I0020_coldstart_tiering\\s03_placeholders.py"", 260, ""r_vs_p1, _ = B.paired(y, a, p1, groups, name_a=nm, name_b=\""P1_ref_D076\"")"", """"]]"
E1_I0020_coldstart_tiering,P1full_running_mean,6,IN_SCREEN,SUBSCRIPT_ASSIGN,experiments\exploration\E1_I0020_coldstart_tiering\s03_placeholders.py,198,"out[""P1full_running_mean""] = frame[""p1full_"" + t].to_numpy(float)","frame[""p1full_"" + t].to_numpy(float)","[[""SUBSCRIPT_ASSIGN"", ""experiments\\exploration\\E1_I0020_coldstart_tiering\\s03_placeholders.py"", 198, ""out[\""P1full_running_mean\""] = frame[\""p1full_\"" + t].to_numpy(float)"", ""frame[\""p1full_\"" + t].to_numpy(float)""], [""DICT_VALUE"", ""experiments\\exploration\\E1_I0020_coldstart_tiering\\s06_findings.py"", 165, ""\""P1full_running_mean\"": (\""the player's own prior same-season appearances taken from \"""", ""(\""the player's own prior same-season appearances taken from \""""], [""MENTION"", ""experiments\\exploration\\E1_I0020_coldstart_tiering\\s03_placeholders.py"", 236, ""NAMES = [\""P0_champion\"", \""P1_ref_D076\"", \""P1full_running_mean\"", \""P1c_career_mean\"", \""P2_position\"","", """"], [""MENTION"", ""experiments\\exploration\\E1_I0020_coldstart_tiering\\s03_placeholders.py"", 254, ""p1f = ph[\""P1full_running_mean\""].to_numpy(float)"", """"], [""MENTION"", ""experiments\\exploration\\E1_I0020_coldstart_tiering\\s03_placeholders.py"", 261, ""r_vs_p1f, _ = B.paired(y, a, p1f, groups, name_a=nm, name_b=\""P1full_running_mean\"")"", """"], [""MENTION"", ""experiments\\exploration\\E1_I0020_coldstart_tiering\\s04_decompose_and_crossover.py"", 287, ""for nm in [\""P0_champion\"", \""P1full_running_mean\"", \""P2_position\"", \""P3_draft_bin\"","", """"]]"
E1_I0020_coldstart_tiering,P1c_career_mean,3,IN_SCREEN,SUBSCRIPT_ASSIGN,experiments\exploration\E1_I0020_coldstart_tiering\s03_placeholders.py,210,"out[""P1c_career_mean""] = np.where(np.isfinite(own_c), own_c, out[""league""])","np.where(np.isfinite(own_c), own_c, out[""league""])","[[""SUBSCRIPT_ASSIGN"", ""experiments\\exploration\\E1_I0020_coldstart_tiering\\s03_placeholders.py"", 210, ""out[\""P1c_career_mean\""] = np.where(np.isfinite(own_c), own_c, out[\""league\""])"", ""np.where(np.isfinite(own_c), own_c, out[\""league\""])""], [""MENTION"", ""experiments\\exploration\\E1_I0020_coldstart_tiering\\s03_placeholders.py"", 236, ""NAMES = [\""P0_champion\"", \""P1_ref_D076\"", \""P1full_running_mean\"", \""P1c_career_mean\"", \""P2_position\"","", """"], [""MENTION"", ""experiments\\exploration\\E1_I0020_coldstart_tiering\\s04_decompose_and_crossover.py"", 288, ""\""P3_draft_ols\"", \""P4_teamrole\"", \""P5c_additive\"", \""P1c_career_mean\"","", """"]]"
E1_I0020_coldstart_tiering,P2_position,6,IN_SCREEN,MENTION,experiments\exploration\E1_I0020_coldstart_tiering\s03_placeholders.py,172,"for nm in [""P2_position"", ""P3_draft_bin"", ""P3_draft_ols"", ""P4_teamrole"", ""P5a_draft_x_depth"",",,"[[""MENTION"", ""experiments\\exploration\\E1_I0020_coldstart_tiering\\s03_placeholders.py"", 172, ""for nm in [\""P2_position\"", \""P3_draft_bin\"", \""P3_draft_ols\"", \""P4_teamrole\"", \""P5a_draft_x_depth\"","", """"], [""MENTION"", ""experiments\\exploration\\E1_I0020_coldstart_tiering\\s03_placeholders.py"", 182, ""out.loc[m, \""P2_position\""] = v[\""pos\""]"", """"], [""MENTION"", ""experiments\\exploration\\E1_I0020_coldstart_tiering\\s03_placeholders.py"", 236, ""NAMES = [\""P0_champion\"", \""P1_ref_D076\"", \""P1full_running_mean\"", \""P1c_career_mean\"", \""P2_position\"","", """"], [""MENTION"", ""experiments\\exploration\\E1_I0020_coldstart_tiering\\s04_decompose_and_crossover.py"", 118, ""pos = ph[\""P2_position\""].to_numpy(float)"", """"], [""MENTION"", ""experiments\\exploration\\E1_I0020_coldstart_tiering\\s04_decompose_and_crossover.py"", 287, ""for nm in [\""P0_champion\"", \""P1full_running_mean\"", \""P2_position\"", \""P3_draft_bin\"","", """"], [""MENTION"", ""experiments\\exploration\\E1_I0020_coldstart_tiering\\s06_findings.py"", 191, ""placeholder=\""P2_position\"")[\""dr2_vs_P1full\""],"", """"]]"
E1_I0020_coldstart_tiering,P3_draft_bin,6,IN_SCREEN,MENTION,experiments\exploration\E1_I0020_coldstart_tiering\s03_placeholders.py,172,"for nm in [""P2_position"", ""P3_draft_bin"", ""P3_draft_ols"", ""P4_teamrole"", ""P5a_draft_x_depth"",",,"[[""MENTION"", ""experiments\\exploration\\E1_I0020_coldstart_tiering\\s03_placeholders.py"", 172, ""for nm in [\""P2_position\"", \""P3_draft_bin\"", \""P3_draft_ols\"", \""P4_teamrole\"", \""P5a_draft_x_depth\"","", """"], [""MENTION"", ""experiments\\exploration\\E1_I0020_coldstart_tiering\\s03_placeholders.py"", 183, ""out.loc[m, \""P3_draft_bin\""] = v[\""draft_bin\""]"", """"], [""MENTION"", ""experiments\\exploration\\E1_I0020_coldstart_tiering\\s03_placeholders.py"", 237, ""\""P3_draft_bin\"", \""P3_draft_ols\"", \""P4_teamrole\"", \""P5a_draft_x_depth\"", \""P5b_pos_x_draft\"","", """"], [""MENTION"", ""experiments\\exploration\\E1_I0020_coldstart_tiering\\s03_placeholders.py"", 322, ""for nm in [\""P3_draft_bin\"", \""P4_teamrole\"", \""P5c_additive\"", \""P5d_blend_k3\""]:"", """"], [""MENTION"", ""experiments\\exploration\\E1_I0020_coldstart_tiering\\s04_decompose_and_crossover.py"", 119, ""drf = ph[\""P3_draft_bin\""].to_numpy(float)"", """"], [""MENTION"", ""experiments\\exploration\\E1_I0020_coldstart_tiering\\s04_decompose_and_crossover.py"", 287, ""for nm in [\""P0_champion\"", \""P1full_running_mean\"", \""P2_position\"", \""P3_draft_bin\"","", """"]]"
E1_I0020_coldstart_tiering,P3_draft_ols,5,IN_SCREEN,MENTION,experiments\exploration\E1_I0020_coldstart_tiering\s03_placeholders.py,172,"for nm in [""P2_position"", ""P3_draft_bin"", ""P3_draft_ols"", ""P4_teamrole"", ""P5a_draft_x_depth"",",,"[[""MENTION"", ""experiments\\exploration\\E1_I0020_coldstart_tiering\\s03_placeholders.py"", 172, ""for nm in [\""P2_position\"", \""P3_draft_bin\"", \""P3_draft_ols\"", \""P4_teamrole\"", \""P5a_draft_x_depth\"","", """"], [""MENTION"", ""experiments\\exploration\\E1_I0020_coldstart_tiering\\s03_placeholders.py"", 184, ""out.loc[m, \""P3_draft_ols\""] = v[\""draft_ols\""]"", """"], [""MENTION"", ""experiments\\exploration\\E1_I0020_coldstart_tiering\\s03_placeholders.py"", 237, ""\""P3_draft_bin\"", \""P3_draft_ols\"", \""P4_teamrole\"", \""P5a_draft_x_depth\"", \""P5b_pos_x_draft\"","", """"], [""MENTION"", ""experiments\\exploration\\E1_I0020_coldstart_tiering\\s04_decompose_and_crossover.py"", 288, ""\""P3_draft_ols\"", \""P4_teamrole\"", \""P5c_additive\"", \""P1c_career_mean\"","", """"], [""MENTION"", ""experiments\\exploration\\E1_I0020_coldstart_tiering\\s06_findings.py"", 188, ""placeholder=\""P3_draft_ols\"")[\""dr2_vs_P1full\""],"", """"]]"
E1_I0020_coldstart_tiering,P4_teamrole,6,IN_SCREEN,MENTION,experiments\exploration\E1_I0020_coldstart_tiering\s03_placeholders.py,172,"for nm in [""P2_position"", ""P3_draft_bin"", ""P3_draft_ols"", ""P4_teamrole"", ""P5a_draft_x_depth"",",,"[[""MENTION"", ""experiments\\exploration\\E1_I0020_coldstart_tiering\\s03_placeholders.py"", 172, ""for nm in [\""P2_position\"", \""P3_draft_bin\"", \""P3_draft_ols\"", \""P4_teamrole\"", \""P5a_draft_x_depth\"","", """"], [""MENTION"", ""experiments\\exploration\\E1_I0020_coldstart_tiering\\s03_placeholders.py"", 185, ""out.loc[m, \""P4_teamrole\""] = v[\""depth\""]"", """"], [""MENTION"", ""experiments\\exploration\\E1_I0020_coldstart_tiering\\s03_placeholders.py"", 237, ""\""P3_draft_bin\"", \""P3_draft_ols\"", \""P4_teamrole\"", \""P5a_draft_x_depth\"", \""P5b_pos_x_draft\"","", """"], [""MENTION"", ""experiments\\exploration\\E1_I0020_coldstart_tiering\\s03_placeholders.py"", 322, ""for nm in [\""P3_draft_bin\"", \""P4_teamrole\"", \""P5c_additive\"", \""P5d_blend_k3\""]:"", """"], [""MENTION"", ""experiments\\exploration\\E1_I0020_coldstart_tiering\\s04_decompose_and_crossover.py"", 120, ""dep = ph[\""P4_teamrole\""].to_numpy(float)"", """"], [""MENTION"", ""experiments\\exploration\\E1_I0020_coldstart_tiering\\s04_decompose_and_crossover.py"", 288, ""\""P3_draft_ols\"", \""P4_teamrole\"", \""P5c_additive\"", \""P1c_career_mean\"","", """"]]"
E1_I0020_coldstart_tiering,P5a_draft_x_depth,4,IN_SCREEN,MENTION,experiments\exploration\E1_I0020_coldstart_tiering\s03_placeholders.py,172,"for nm in [""P2_position"", ""P3_draft_bin"", ""P3_draft_ols"", ""P4_teamrole"", ""P5a_draft_x_depth"",",,"[[""MENTION"", ""experiments\\exploration\\E1_I0020_coldstart_tiering\\s03_placeholders.py"", 172, ""for nm in [\""P2_position\"", \""P3_draft_bin\"", \""P3_draft_ols\"", \""P4_teamrole\"", \""P5a_draft_x_depth\"","", """"], [""MENTION"", ""experiments\\exploration\\E1_I0020_coldstart_tiering\\s03_placeholders.py"", 191, ""out.loc[m, \""P5a_draft_x_depth\""] = cx1.reindex(i1).to_numpy(float)"", """"], [""MENTION"", ""experiments\\exploration\\E1_I0020_coldstart_tiering\\s03_placeholders.py"", 195, ""for c in [\""P5a_draft_x_depth\"", \""P5b_pos_x_draft\""]:"", """"], [""MENTION"", ""experiments\\exploration\\E1_I0020_coldstart_tiering\\s03_placeholders.py"", 237, ""\""P3_draft_bin\"", \""P3_draft_ols\"", \""P4_teamrole\"", \""P5a_draft_x_depth\"", \""P5b_pos_x_draft\"","", """"]]"
E1_I0020_coldstart_tiering,P5b_pos_x_draft,4,IN_SCREEN,MENTION,experiments\exploration\E1_I0020_coldstart_tiering\s03_placeholders.py,173,"""P5b_pos_x_draft"", ""P5c_additive"", ""league""]:",,"[[""MENTION"", ""experiments\\exploration\\E1_I0020_coldstart_tiering\\s03_placeholders.py"", 173, ""\""P5b_pos_x_draft\"", \""P5c_additive\"", \""league\""]:"", """"], [""MENTION"", ""experiments\\exploration\\E1_I0020_coldstart_tiering\\s03_placeholders.py"", 192, ""out.loc[m, \""P5b_pos_x_draft\""] = cx2.reindex(i2).to_numpy(float)"", """"], [""MENTION"", ""experiments\\exploration\\E1_I0020_coldstart_tiering\\s03_placeholders.py"", 195, ""for c in [\""P5a_draft_x_depth\"", \""P5b_pos_x_draft\""]:"", """"], [""MENTION"", ""experiments\\exploration\\E1_I0020_coldstart_tiering\\s03_placeholders.py"", 237, ""\""P3_draft_bin\"", \""P3_draft_ols\"", \""P4_teamrole\"", \""P5a_draft_x_depth\"", \""P5b_pos_x_draft\"","", """"]]"
E1_I0020_coldstart_tiering,P5c_additive,9,IN_SCREEN,MENTION,experiments\exploration\E1_I0020_coldstart_tiering\s03_placeholders.py,173,"""P5b_pos_x_draft"", ""P5c_additive"", ""league""]:",,"[[""MENTION"", ""experiments\\exploration\\E1_I0020_coldstart_tiering\\s03_placeholders.py"", 173, ""\""P5b_pos_x_draft\"", \""P5c_additive\"", \""league\""]:"", """"], [""MENTION"", ""experiments\\exploration\\E1_I0020_coldstart_tiering\\s03_placeholders.py"", 193, ""out.loc[m, \""P5c_additive\""] = (mu + (v[\""pos\""] - mu) + (v[\""draft_bin\""] - mu)"", """"], [""MENTION"", ""experiments\\exploration\\E1_I0020_coldstart_tiering\\s03_placeholders.py"", 202, ""struct = out[\""P5c_additive\""].to_numpy(float)"", """"], [""MENTION"", ""experiments\\exploration\\E1_I0020_coldstart_tiering\\s03_placeholders.py"", 238, ""\""P5c_additive\"", \""P5d_blend_k1\"", \""P5d_blend_k2\"", \""P5d_blend_k3\"", \""P5d_blend_k5\"","", """"], [""MENTION"", ""experiments\\exploration\\E1_I0020_coldstart_tiering\\s03_placeholders.py"", 322, ""for nm in [\""P3_draft_bin\"", \""P4_teamrole\"", \""P5c_additive\"", \""P5d_blend_k3\""]:"", """"], [""MENTION"", ""experiments\\exploration\\E1_I0020_coldstart_tiering\\s04_decompose_and_crossover.py"", 50, ""struct = PH[t][\""P5c_additive\""].to_numpy(float)"", """"], [""MENTION"", ""experiments\\exploration\\E1_I0020_coldstart_tiering\\s04_decompose_and_crossover.py"", 288, ""\""P3_draft_ols\"", \""P4_teamrole\"", \""P5c_additive\"", \""P1c_career_mean\"","", """"], [""MENTION"", ""experiments\\exploration\\E1_I0020_coldstart_tiering\\s06_findings.py"", 194, ""placeholder=\""P5c_additive\"")[\""dr2_vs_P1full\""],"", """"], [""MENTION"", ""experiments\\exploration\\E1_I0020_coldstart_tiering\\s06_findings.py"", 197, ""placeholder=\""P5c_additive\"")[\""p_cluster_vs_P1full\""],"", """"]]"
E1_I0020_coldstart_tiering,P5d_blend_k1,1,IN_SCREEN,MENTION,experiments\exploration\E1_I0020_coldstart_tiering\s03_placeholders.py,238,"""P5c_additive"", ""P5d_blend_k1"", ""P5d_blend_k2"", ""P5d_blend_k3"", ""P5d_blend_k5"",",,"[[""MENTION"", ""experiments\\exploration\\E1_I0020_coldstart_tiering\\s03_placeholders.py"", 238, ""\""P5c_additive\"", \""P5d_blend_k1\"", \""P5d_blend_k2\"", \""P5d_blend_k3\"", \""P5d_blend_k5\"","", """"]]"
E1_I0020_coldstart_tiering,P5d_blend_k2,9,IN_SCREEN,MENTION,experiments\exploration\E1_I0020_coldstart_tiering\s03_placeholders.py,238,"""P5c_additive"", ""P5d_blend_k1"", ""P5d_blend_k2"", ""P5d_blend_k3"", ""P5d_blend_k5"",",,"[[""MENTION"", ""experiments\\exploration\\E1_I0020_coldstart_tiering\\s03_placeholders.py"", 238, ""\""P5c_additive\"", \""P5d_blend_k1\"", \""P5d_blend_k2\"", \""P5d_blend_k3\"", \""P5d_blend_k5\"","", """"], [""MENTION"", ""experiments\\exploration\\E1_I0020_coldstart_tiering\\s04_decompose_and_crossover.py"", 319, ""BEST = \""P5d_blend_k2\"""", """"], [""MENTION"", ""experiments\\exploration\\E1_I0020_coldstart_tiering\\s05_operating_rule.py"", 37, ""blend = PH[t][\""P5d_blend_k2\""].to_numpy(float)"", """"], [""MENTION"", ""experiments\\exploration\\E1_I0020_coldstart_tiering\\s05_operating_rule.py"", 80, ""blend = PH[t][m][\""P5d_blend_k2\""].to_numpy(float)"", """"], [""MENTION"", ""experiments\\exploration\\E1_I0020_coldstart_tiering\\s05_operating_rule.py"", 98, ""b = PH[t][tier][\""P5d_blend_k2\""]"", """"], [""MENTION"", ""experiments\\exploration\\E1_I0020_coldstart_tiering\\s05_operating_rule.py"", 118, ""blend = PH[t][\""P5d_blend_k2\""].to_numpy(float)"", """"], [""MENTION"", ""experiments\\exploration\\E1_I0020_coldstart_tiering\\s06_findings.py"", 173, ""placeholder=\""P5d_blend_k2\"")[\""dr2_vs_P1refD076\""],"", """"], [""MENTION"", ""experiments\\exploration\\E1_I0020_coldstart_tiering\\s06_findings.py"", 175, ""placeholder=\""P5d_blend_k2\"")[\""dr2_vs_P1full\""],"", """"], [""MENTION"", ""experiments\\exploration\\E1_I0020_coldstart_tiering\\s06_findings.py"", 198, ""\""winner\"": \""P5d_blend_k2\"","", """"]]"
E1_I0020_coldstart_tiering,P5d_blend_k3,2,IN_SCREEN,MENTION,experiments\exploration\E1_I0020_coldstart_tiering\s03_placeholders.py,238,"""P5c_additive"", ""P5d_blend_k1"", ""P5d_blend_k2"", ""P5d_blend_k3"", ""P5d_blend_k5"",",,"[[""MENTION"", ""experiments\\exploration\\E1_I0020_coldstart_tiering\\s03_placeholders.py"", 238, ""\""P5c_additive\"", \""P5d_blend_k1\"", \""P5d_blend_k2\"", \""P5d_blend_k3\"", \""P5d_blend_k5\"","", """"], [""MENTION"", ""experiments\\exploration\\E1_I0020_coldstart_tiering\\s03_placeholders.py"", 322, ""for nm in [\""P3_draft_bin\"", \""P4_teamrole\"", \""P5c_additive\"", \""P5d_blend_k3\""]:"", """"]]"
E1_I0020_coldstart_tiering,P5d_blend_k5,1,IN_SCREEN,MENTION,experiments\exploration\E1_I0020_coldstart_tiering\s03_placeholders.py,238,"""P5c_additive"", ""P5d_blend_k1"", ""P5d_blend_k2"", ""P5d_blend_k3"", ""P5d_blend_k5"",",,"[[""MENTION"", ""experiments\\exploration\\E1_I0020_coldstart_tiering\\s03_placeholders.py"", 238, ""\""P5c_additive\"", \""P5d_blend_k1\"", \""P5d_blend_k2\"", \""P5d_blend_k3\"", \""P5d_blend_k5\"","", """"]]"
E1_I0020_coldstart_tiering,P5d_blend_k10,1,IN_SCREEN,MENTION,experiments\exploration\E1_I0020_coldstart_tiering\s03_placeholders.py,239,"""P5d_blend_k10"", ""P5e_careerblend_k2"", ""P5e_careerblend_k3"", ""P5e_careerblend_k5"",",,"[[""MENTION"", ""experiments\\exploration\\E1_I0020_coldstart_tiering\\s03_placeholders.py"", 239, ""\""P5d_blend_k10\"", \""P5e_careerblend_k2\"", \""P5e_careerblend_k3\"", \""P5e_careerblend_k5\"","", """"]]"
E1_I0020_coldstart_tiering,P5e_careerblend_k2,1,IN_SCREEN,MENTION,experiments\exploration\E1_I0020_coldstart_tiering\s03_placeholders.py,239,"""P5d_blend_k10"", ""P5e_careerblend_k2"", ""P5e_careerblend_k3"", ""P5e_careerblend_k5"",",,"[[""MENTION"", ""experiments\\exploration\\E1_I0020_coldstart_tiering\\s03_placeholders.py"", 239, ""\""P5d_blend_k10\"", \""P5e_careerblend_k2\"", \""P5e_careerblend_k3\"", \""P5e_careerblend_k5\"","", """"]]"
E1_I0020_coldstart_tiering,P5e_careerblend_k3,2,IN_SCREEN,MENTION,experiments\exploration\E1_I0020_coldstart_tiering\s03_placeholders.py,239,"""P5d_blend_k10"", ""P5e_careerblend_k2"", ""P5e_careerblend_k3"", ""P5e_careerblend_k5"",",,"[[""MENTION"", ""experiments\\exploration\\E1_I0020_coldstart_tiering\\s03_placeholders.py"", 239, ""\""P5d_blend_k10\"", \""P5e_careerblend_k2\"", \""P5e_careerblend_k3\"", \""P5e_careerblend_k5\"","", """"], [""MENTION"", ""experiments\\exploration\\E1_I0020_coldstart_tiering\\s04_decompose_and_crossover.py"", 289, ""\""P5e_careerblend_k3\""]:"", """"]]"
E1_I0020_coldstart_tiering,P5e_careerblend_k5,1,IN_SCREEN,MENTION,experiments\exploration\E1_I0020_coldstart_tiering\s03_placeholders.py,239,"""P5d_blend_k10"", ""P5e_careerblend_k2"", ""P5e_careerblend_k3"", ""P5e_careerblend_k5"",",,"[[""MENTION"", ""experiments\\exploration\\E1_I0020_coldstart_tiering\\s03_placeholders.py"", 239, ""\""P5d_blend_k10\"", \""P5e_careerblend_k2\"", \""P5e_careerblend_k3\"", \""P5e_careerblend_k5\"","", """"]]"
E1_I0020_coldstart_tiering,league,10,IN_SCREEN,SUBSCRIPT_ASSIGN,experiments\exploration\E1_I0020_coldstart_tiering\ct_base.py,406,"out[""league""] = np.full(len(rows), mu, float)","np.full(len(rows), mu, float)","[[""SUBSCRIPT_ASSIGN"", ""experiments\\exploration\\E1_I0020_coldstart_tiering\\ct_base.py"", 406, ""out[\""league\""] = np.full(len(rows), mu, float)"", ""np.full(len(rows), mu, float)""], [""NAME_ASSIGN"", ""experiments\\exploration\\E1_I0020_coldstart_tiering\\s04_decompose_and_crossover.py"", 51, ""league = PH[t][\""league\""].to_numpy(float)"", ""PH[t][\""league\""].to_numpy(float)""], [""TUPLE_PAIR"", ""experiments\\exploration\\E1_I0020_coldstart_tiering\\s04_decompose_and_crossover.py"", 121, ""ladder = [(\""league\"", mu),"", ""mu""], [""MENTION"", ""experiments\\exploration\\E1_I0020_coldstart_tiering\\s03_placeholders.py"", 173, ""\""P5b_pos_x_draft\"", \""P5c_additive\"", \""league\""]:"", """"], [""MENTION"", ""experiments\\exploration\\E1_I0020_coldstart_tiering\\s03_placeholders.py"", 181, ""out.loc[m, \""league\""] = mu"", """"], [""MENTION"", ""experiments\\exploration\\E1_I0020_coldstart_tiering\\s03_placeholders.py"", 196, ""out[c] = out[c].fillna(out[\""league\""])"", """"], [""MENTION"", ""experiments\\exploration\\E1_I0020_coldstart_tiering\\s03_placeholders.py"", 210, ""out[\""P1c_career_mean\""] = np.where(np.isfinite(own_c), own_c, out[\""league\""])"", """"], [""MENTION"", ""experiments\\exploration\\E1_I0020_coldstart_tiering\\s03_placeholders.py"", 240, ""\""league\""]"", """"], [""MENTION"", ""experiments\\exploration\\E1_I0020_coldstart_tiering\\s04_decompose_and_crossover.py"", 117, ""mu = ph[\""league\""].to_numpy(float)"", """"], [""MENTION"", ""experiments\\exploration\\E1_I0020_coldstart_tiering\\s04_decompose_and_crossover.py"", 286, ""base = ph[\""league\""].to_numpy(float)"", """"]]"
E1_I0020_coldstart_tiering,TIER_DATA_POOR,7,IN_SCREEN,DICT_VALUE,experiments\exploration\E1_I0020_coldstart_tiering\s04_decompose_and_crossover.py,35,"""TIER_DATA_POOR"": w[""tier_poor""].to_numpy(),","w[""tier_poor""].to_numpy()","[[""DICT_VALUE"", ""experiments\\exploration\\E1_I0020_coldstart_tiering\\s04_decompose_and_crossover.py"", 35, ""\""TIER_DATA_POOR\"": w[\""tier_poor\""].to_numpy(),"", ""w[\""tier_poor\""].to_numpy()""], [""MENTION"", ""experiments\\exploration\\E1_I0020_coldstart_tiering\\s03_placeholders.py"", 279, ""if cell_lbl.startswith(\""TIER_DATA_POOR\"") and t == \""pts\"" and dr is not None:"", """"], [""MENTION"", ""experiments\\exploration\\E1_I0020_coldstart_tiering\\s03_placeholders.py"", 287, ""for cell_lbl in [c.strip() for c in cells if c.strip().startswith(\""TIER_DATA_POOR\"")]:"", """"], [""MENTION"", ""experiments\\exploration\\E1_I0020_coldstart_tiering\\s04_decompose_and_crossover.py"", 182, ""m_poor = CELLS[\""TIER_DATA_POOR\""]"", """"], [""MENTION"", ""experiments\\exploration\\E1_I0020_coldstart_tiering\\s06_findings.py"", 204, ""dec2_pts = pick(DEC, cell=\""TIER_DATA_POOR\"", target=\""pts\"", k=2.0)"", """"], [""MENTION"", ""experiments\\exploration\\E1_I0020_coldstart_tiering\\s06_findings.py"", 205, ""dec2_min = pick(DEC, cell=\""TIER_DATA_POOR\"", target=\""minutes\"", k=2.0)"", """"], [""MENTION"", ""experiments\\exploration\\E1_I0020_coldstart_tiering\\s06_findings.py"", 237, ""for _, r in CMP[(CMP[\""cell\""] == \""TIER_DATA_POOR\"") & (CMP[\""target\""] == \""pts\"")].iterrows()],"", """"]]"
E1_I0020_coldstart_tiering,sub_0_priors,1,IN_SCREEN,DICT_VALUE,experiments\exploration\E1_I0020_coldstart_tiering\s04_decompose_and_crossover.py,36,"""sub_0_priors"": (w[""pl_games_prior""] == 0).to_numpy(),","(w[""pl_games_prior""] == 0).to_numpy()","[[""DICT_VALUE"", ""experiments\\exploration\\E1_I0020_coldstart_tiering\\s04_decompose_and_crossover.py"", 36, ""\""sub_0_priors\"": (w[\""pl_games_prior\""] == 0).to_numpy(),"", ""(w[\""pl_games_prior\""] == 0).to_numpy()""]]"
E1_I0020_coldstart_tiering,sub_1_2_priors,1,IN_SCREEN,DICT_VALUE,experiments\exploration\E1_I0020_coldstart_tiering\s04_decompose_and_crossover.py,37,"""sub_1_2_priors"": ((w[""pl_games_prior""] >= 1) & (w[""pl_games_prior""] <= 2)).to_numpy(),","((w[""pl_games_prior""] >= 1) & (w[""pl_games_prior""] <= 2)).to_numpy()","[[""DICT_VALUE"", ""experiments\\exploration\\E1_I0020_coldstart_tiering\\s04_decompose_and_crossover.py"", 37, ""\""sub_1_2_priors\"": ((w[\""pl_games_prior\""] >= 1) & (w[\""pl_games_prior\""] <= 2)).to_numpy(),"", ""((w[\""pl_games_prior\""] >= 1) & (w[\""pl_games_prior\""] <= 2)).to_numpy()""]]"
E1_I0020_coldstart_tiering,pts,53,IN_SCREEN,SUBSCRIPT_ASSIGN,experiments\exploration\E1_I0020_coldstart_tiering\ct_base.py,205,"mp[""pts""] = pd.to_numeric(mp[""pts""], errors=""coerce"")","pd.to_numeric(mp[""pts""], errors=""coerce"")","[[""SUBSCRIPT_ASSIGN"", ""experiments\\exploration\\E1_I0020_coldstart_tiering\\ct_base.py"", 205, ""mp[\""pts\""] = pd.to_numeric(mp[\""pts\""], errors=\""coerce\"")"", ""pd.to_numeric(mp[\""pts\""], errors=\""coerce\"")""], [""TUPLE_PAIR"", ""experiments\\exploration\\E1_I0020_coldstart_tiering\\s03_placeholders.py"", 59, ""for t, col in [(\""pts\"", \""pts\""), (\""minutes\"", \""minutes\""), (\""ppm\"", \""r_ppm\"")]:"", ""\""pts\""""], [""TUPLE_PAIR"", ""experiments\\exploration\\E1_I0020_coldstart_tiering\\s03_placeholders.py"", 67, ""for t, col in [(\""pts\"", \""pts\""), (\""minutes\"", \""minutes\""), (\""ppm\"", \""r_ppm\"")]:"", ""\""pts\""""], [""DICT_VALUE"", ""experiments\\exploration\\E1_I0020_coldstart_tiering\\s04_decompose_and_crossover.py"", 253, ""if draws_c is not None and t == \""pts\"":"", """"], [""MENTION"", ""experiments\\exploration\\E1_I0020_coldstart_tiering\\ct_base.py"", 81, ""TARGETS = [\""pts\"", \""minutes\"", \""ppm\""]"", """"], [""MENTION"", ""experiments\\exploration\\E1_I0020_coldstart_tiering\\ct_base.py"", 278, ""\""pts\"", \""fga\"", \""mp_prior_games\"", \""mp_prior_minutes\"", \""mp_prior_min_mean\"","", """"], [""MENTION"", ""experiments\\exploration\\E1_I0020_coldstart_tiering\\s02_taxonomy.py"", 130, ""pool[\""t_pts\""] = pd.to_numeric(pool[\""pts\""], errors=\""coerce\"")"", """"], [""MENTION"", ""experiments\\exploration\\E1_I0020_coldstart_tiering\\s02_taxonomy.py"", 217, ""for t in [\""pts\"", \""minutes\""]:"", """"], [""MENTION"", ""experiments\\exploration\\E1_I0020_coldstart_tiering\\s03_placeholders.py"", 57, ""d[\""r_ppm\""] = np.where(d[\""minutes\""] > 0, d[\""pts\""] / d[\""minutes\""].replace(0, np.nan), np.nan)"", """"], [""MENTION"", ""experiments\\exploration\\E1_I0020_coldstart_tiering\\s03_placeholders.py"", 140, ""priors[S][\""pts\""][\""league_mean\""], priors[S][\""minutes\""][\""league_mean\""],"", """"]]"
E1_I0020_coldstart_tiering,minutes,33,IN_SCREEN,SUBSCRIPT_ASSIGN,experiments\exploration\E1_I0020_coldstart_tiering\ct_base.py,204,"mp[""minutes""] = pd.to_numeric(mp[""minutes""], errors=""coerce"").fillna(0.0)","pd.to_numeric(mp[""minutes""], errors=""coerce"").fillna(0.0)","[[""SUBSCRIPT_ASSIGN"", ""experiments\\exploration\\E1_I0020_coldstart_tiering\\ct_base.py"", 204, ""mp[\""minutes\""] = pd.to_numeric(mp[\""minutes\""], errors=\""coerce\"").fillna(0.0)"", ""pd.to_numeric(mp[\""minutes\""], errors=\""coerce\"").fillna(0.0)""], [""TUPLE_PAIR"", ""experiments\\exploration\\E1_I0020_coldstart_tiering\\s03_placeholders.py"", 59, ""for t, col in [(\""pts\"", \""pts\""), (\""minutes\"", \""minutes\""), (\""ppm\"", \""r_ppm\"")]:"", ""\""minutes\""""], [""TUPLE_PAIR"", ""experiments\\exploration\\E1_I0020_coldstart_tiering\\s03_placeholders.py"", 67, ""for t, col in [(\""pts\"", \""pts\""), (\""minutes\"", \""minutes\""), (\""ppm\"", \""r_ppm\"")]:"", ""\""minutes\""""], [""DICT_VALUE"", ""experiments\\exploration\\E1_I0020_coldstart_tiering\\s06_findings.py"", 73, ""\""published_values_for_comparison\"": {\""minutes\"": -0.151, \""points\"": -0.066},"", ""-0.151""], [""DICT_VALUE"", ""experiments\\exploration\\E1_I0020_coldstart_tiering\\s06_findings.py"", 179, ""\""minutes\"": block(\""TIER_DATA_POOR (fallback)\"", \""minutes\""),"", ""block(\""TIER_DATA_POOR (fallback)\""""], [""DICT_VALUE"", ""experiments\\exploration\\E1_I0020_coldstart_tiering\\s06_findings.py"", 298, ""\""minutes\"": CR[CR[\""target\""] == \""minutes\""].to_dict(\""records\""),"", ""CR[CR[\""target\""] == \""minutes\""].to_dict(\""records\"")""], [""DICT_VALUE"", ""experiments\\exploration\\E1_I0020_coldstart_tiering\\s06_findings.py"", 300, ""\""minutes\"": (\""6-7 prior appearances -- the first bin whose whole 95% CI is above zero \"""", ""(\""6-7 prior appearances -- the first bin whose whole 95% CI is above zero \""""], [""MENTION"", ""experiments\\exploration\\E1_I0020_coldstart_tiering\\ct_base.py"", 81, ""TARGETS = [\""pts\"", \""minutes\"", \""ppm\""]"", """"], [""MENTION"", ""experiments\\exploration\\E1_I0020_coldstart_tiering\\ct_base.py"", 207, ""mp[\""appeared\""] = mp[\""minutes\""] > 0"", """"], [""MENTION"", ""experiments\\exploration\\E1_I0020_coldstart_tiering\\ct_base.py"", 253, ""d[\""_apmin\""] = d[\""_ap\""] * d[\""minutes\""]"", """"]]"
E1_I0020_coldstart_tiering,ppm,237,WORKTREE,SUBSCRIPT_ASSIGN,experiments\exploration\E0_I0013_possession_volume\pv_base.py,213,"d[""ppm""] = (d[""pp__poss""] + SHRINK_MIN * d[""lg_ppm""]) / (d[""pp__min""] + SHRINK_MIN)","(d[""pp__poss""] + SHRINK_MIN * d[""lg_ppm""]) / (d[""pp__min""] + SHRINK_MIN)","[[""SUBSCRIPT_ASSIGN"", ""experiments\\exploration\\E0_I0013_possession_volume\\pv_base.py"", 213, ""d[\""ppm\""] = (d[\""pp__poss\""] + SHRINK_MIN * d[\""lg_ppm\""]) / (d[\""pp__min\""] + SHRINK_MIN)"", ""(d[\""pp__poss\""] + SHRINK_MIN * d[\""lg_ppm\""]) / (d[\""pp__min\""] + SHRINK_MIN)""], [""SUBSCRIPT_ASSIGN"", ""experiments\\exploration\\E1_I0030_home_advantage_accounting\\s01_guards_and_build.py"", 263, ""p[\""ppm\""] = np.where(p[\""appeared\""] == 1, p[\""pts\""] / p[\""minutes\""].replace(0, np.nan), np.nan)"", ""np.where(p[\""appeared\""] == 1, p[\""pts\""] / p[\""minutes\""].replace(0, np.nan), np.nan)""], [""SUBSCRIPT_ASSIGN"", ""experiments\\exploration\\E1_I0030_home_advantage_accounting\\s04_main_effect.py"", 164, ""f[\""ppm\""] = f[\""pts\""] / f[\""minutes\""]"", ""f[\""pts\""] / f[\""minutes\""]""], [""SUBSCRIPT_ASSIGN"", ""experiments\\exploration\\E1_I0030_home_advantage_accounting\\s05_heterogeneity.py"", 37, ""f[\""ppm\""] = f[\""pts\""] / f[\""minutes\""]"", ""f[\""pts\""] / f[\""minutes\""]""], [""SUBSCRIPT_ASSIGN"", ""experiments\\exploration\\IDEATION_QUEUE\\_scan_data4.py"", 69, ""pl[\""ppm\""] = pl.pts / pl.minutes.replace(0, np.nan)"", ""pl.pts / pl.minutes.replace(0, np.nan)""], [""NAME_ASSIGN"", ""experiments\\exploration\\E0_I0017_shot_quality_efficiency\\s04_transfer.py"", 8, ""ppm = points/minute ~= (points per shot) x (shots per minute)"", ""points/minute ~= (points per shot) x (shots per minute)""], [""NAME_ASSIGN"", ""experiments\\exploration\\E1_I0021_heterogeneity_diagnostic\\s01_floor_curve.py"", 231, ""ppm = curve[(curve[\""component\""] == \""pts_per_min\"")]"", ""curve[(curve[\""component\""] == \""pts_per_min\"")]""], [""NAME_ASSIGN"", ""experiments\\exploration\\E1_I0021_heterogeneity_diagnostic\\s05_findings.py"", 45, ""ppm = curve[curve.component == \""pts_per_min\""].drop_duplicates(\""floor\"")"", ""curve[curve.component == \""pts_per_min\""].drop_duplicates(\""floor\"")""], [""TUPLE_PAIR"", ""experiments\\exploration\\E0_I0017_shot_quality_efficiency\\s01_build_frame.py"", 466, ""+ [\""y_\"" + r for r in (\""ppm\"", \""ts\"", \""efg\"")]"", ""\""ts\"", \""efg\""""], [""TUPLE_PAIR"", ""experiments\\exploration\\E0_I0017_shot_quality_efficiency\\s01_build_frame.py"", 467, ""+ [\""refB_\"" + r for r in (\""ppm\"", \""ts\"", \""efg\"")]"", ""\""ts\"", \""efg\""""]]"
E1_I0020_coldstart_tiering,draft_bucket,16,IN_SCREEN,SUBSCRIPT_ASSIGN,experiments\exploration\E1_I0020_coldstart_tiering\ct_base.py,364,"P[t][""draft_bucket""] = est.to_dict()",est.to_dict(),"[[""SUBSCRIPT_ASSIGN"", ""experiments\\exploration\\E1_I0020_coldstart_tiering\\ct_base.py"", 364, ""P[t][\""draft_bucket\""] = est.to_dict()"", ""est.to_dict()""], [""SUBSCRIPT_ASSIGN"", ""experiments\\exploration\\E1_I0020_coldstart_tiering\\ct_base.py"", 396, ""df[\""draft_bucket\""] = b.astype(object).where(df[\""undrafted\""] < 0.5, \""undrafted\"")"", ""b.astype(object).where(df[\""undrafted\""] < 0.5, \""undrafted\"")""], [""SUBSCRIPT_ASSIGN"", ""experiments\\exploration\\E1_I0020_coldstart_tiering\\ct_base.py"", 397, ""df[\""draft_bucket\""] = df[\""draft_bucket\""].fillna(\""undrafted\"")"", ""df[\""draft_bucket\""].fillna(\""undrafted\"")""], [""MENTION"", ""experiments\\exploration\\E1_I0020_coldstart_tiering\\ct_base.py"", 363, ""est, cnt = _shrunk_group_mean(pool, [\""draft_bucket\""], \""t_\"" + t, mu, k)"", """"], [""MENTION"", ""experiments\\exploration\\E1_I0020_coldstart_tiering\\ct_base.py"", 409, ""out[\""draft_bin\""] = rows[\""draft_bucket\""].map(d[\""draft_bucket\""]).astype(float).fillna(mu).to_numpy()"", """"], [""MENTION"", ""experiments\\exploration\\E1_I0020_coldstart_tiering\\s02_taxonomy.py"", 100, ""for c in [\""pos_group\"", \""draft_bucket\"", \""draft_pick\"", \""draft_round\""]:"", """"], [""MENTION"", ""experiments\\exploration\\E1_I0020_coldstart_tiering\\s02_taxonomy.py"", 103, ""print(\""  draft_bucket counts: %s\"" % dict(w[\""draft_bucket\""].value_counts()))"", """"], [""MENTION"", ""experiments\\exploration\\E1_I0020_coldstart_tiering\\s02_taxonomy.py"", 106, ""OUT[\""draft_bucket_counts\""] = {str(k): int(v) for k, v in w[\""draft_bucket\""].value_counts().items()}"", """"], [""MENTION"", ""experiments\\exploration\\E1_I0020_coldstart_tiering\\s03_placeholders.py"", 149, ""db = priors[S][\""pts\""][\""draft_bucket\""]"", """"], [""MENTION"", ""experiments\\exploration\\E1_I0020_coldstart_tiering\\s03_placeholders.py"", 187, ""cx1 = cross_prior(pool, [\""draft_bucket\"", \""depth_bucket\""], \""t_\"" + t, mu)"", """"]]"
E1_I0020_coldstart_tiering,pos_group,17,IN_SCREEN,SUBSCRIPT_ASSIGN,experiments\exploration\E1_I0020_coldstart_tiering\ct_base.py,226,"b[""pos_group""] = b[""position_raw""].str.split(""-"").str[0].str.upper().str[0]  # G / F / C / U","b[""position_raw""].str.split(""-"").str[0].str.upper().str[0]  # G / F / C / U","[[""SUBSCRIPT_ASSIGN"", ""experiments\\exploration\\E1_I0020_coldstart_tiering\\ct_base.py"", 226, ""b[\""pos_group\""] = b[\""position_raw\""].str.split(\""-\"").str[0].str.upper().str[0]  # G / F / C / U"", ""b[\""position_raw\""].str.split(\""-\"").str[0].str.upper().str[0]  # G / F / C / U""], [""SUBSCRIPT_ASSIGN"", ""experiments\\exploration\\E1_I0020_coldstart_tiering\\ct_base.py"", 304, ""out[\""pos_group\""] = out[\""pos_group\""].fillna(\""U\"")"", ""out[\""pos_group\""].fillna(\""U\"")""], [""SUBSCRIPT_ASSIGN"", ""experiments\\exploration\\E1_I0020_coldstart_tiering\\ct_base.py"", 358, ""P[t][\""pos_group\""] = est.to_dict()"", ""est.to_dict()""], [""MENTION"", ""experiments\\exploration\\E1_I0020_coldstart_tiering\\ct_base.py"", 285, ""cols = [\""player_id\"", \""season\"", \""pos_group\"", \""pos_full\"", \""draft_round\"", \""draft_pick\"","", """"], [""MENTION"", ""experiments\\exploration\\E1_I0020_coldstart_tiering\\ct_base.py"", 288, ""miss = out[\""pos_group\""].isna()"", """"], [""MENTION"", ""experiments\\exploration\\E1_I0020_coldstart_tiering\\ct_base.py"", 301, ""for c in [\""pos_group\"", \""pos_full\"", \""draft_round\"", \""draft_pick\"", \""undrafted\"","", """"], [""MENTION"", ""experiments\\exploration\\E1_I0020_coldstart_tiering\\ct_base.py"", 357, ""est, cnt = _shrunk_group_mean(pool, [\""pos_group\""], \""t_\"" + t, mu, k)"", """"], [""MENTION"", ""experiments\\exploration\\E1_I0020_coldstart_tiering\\ct_base.py"", 407, ""out[\""pos\""] = rows[\""pos_group\""].map(d[\""pos_group\""]).astype(float).fillna(mu).to_numpy()"", """"], [""MENTION"", ""experiments\\exploration\\E1_I0020_coldstart_tiering\\s02_taxonomy.py"", 100, ""for c in [\""pos_group\"", \""draft_bucket\"", \""draft_pick\"", \""draft_round\""]:"", """"], [""MENTION"", ""experiments\\exploration\\E1_I0020_coldstart_tiering\\s02_taxonomy.py"", 102, ""print(\""\\n  pos_group counts:  %s\"" % dict(w[\""pos_group\""].value_counts()))"", """"]]"
E1_I0020_coldstart_tiering,depth_bucket,19,IN_SCREEN,SUBSCRIPT_ASSIGN,experiments\exploration\E1_I0020_coldstart_tiering\ct_base.py,271,"d[""depth_bucket""] = np.where(d[""depth_rank""].notna(),","np.where(d[""depth_rank""].notna(),","[[""SUBSCRIPT_ASSIGN"", ""experiments\\exploration\\E1_I0020_coldstart_tiering\\ct_base.py"", 271, ""d[\""depth_bucket\""] = np.where(d[\""depth_rank\""].notna(),"", ""np.where(d[\""depth_rank\""].notna(),""], [""SUBSCRIPT_ASSIGN"", ""experiments\\exploration\\E1_I0020_coldstart_tiering\\ct_base.py"", 377, ""P[t][\""depth_bucket\""] = est.to_dict()"", ""est.to_dict()""], [""SUBSCRIPT_ASSIGN"", ""experiments\\exploration\\E1_I0020_coldstart_tiering\\s02_taxonomy.py"", 86, ""w[\""depth_bucket\""] = w[\""depth_bucket\""].fillna(0.0)"", ""w[\""depth_bucket\""].fillna(0.0)""], [""NAME_ASSIGN"", ""experiments\\exploration\\E1_I0020_coldstart_tiering\\ct_base.py"", 245, ""depth_bucket = 0 for unranked, else min(depth_rank, 11)."", ""0 for unranked, else min(depth_rank, 11).""], [""MENTION"", ""experiments\\exploration\\E1_I0020_coldstart_tiering\\ct_base.py"", 276, ""print(d[\""depth_bucket\""].value_counts().sort_index().to_string())"", """"], [""MENTION"", ""experiments\\exploration\\E1_I0020_coldstart_tiering\\ct_base.py"", 279, ""\""mp_career_prior_games\"", \""mp_career_prior_minutes\"", \""depth_rank\"", \""depth_bucket\"","", """"], [""MENTION"", ""experiments\\exploration\\E1_I0020_coldstart_tiering\\ct_base.py"", 376, ""est, cnt = _shrunk_group_mean(pool, [\""depth_bucket\""], \""t_\"" + t, mu, k)"", """"], [""MENTION"", ""experiments\\exploration\\E1_I0020_coldstart_tiering\\ct_base.py"", 410, ""out[\""depth\""] = rows[\""depth_bucket\""].map(d[\""depth_bucket\""]).astype(float).fillna(mu).to_numpy()"", """"], [""MENTION"", ""experiments\\exploration\\E1_I0020_coldstart_tiering\\s02_taxonomy.py"", 83, ""\""depth_rank\"", \""depth_bucket\"", \""roster_size\""]], on=key, how=\""left\"")"", """"], [""MENTION"", ""experiments\\exploration\\E1_I0020_coldstart_tiering\\s02_taxonomy.py"", 85, ""print(\""  merged depth chart onto %d rows; unmatched=%d\"" % (len(w), int(w[\""depth_bucket\""].isna().sum())))"", """"]]"
E1_I0020_coldstart_tiering,2022,79,WORKTREE,SUBSCRIPT_ASSIGN,experiments\player_program\test_comparison_gate.py,888,"folds[""2022""] = {""challenger"": WEAK_CHALLENGER_MAE, ""k0"": K0_MAE, ""incumbent"": ARM_D_MAE}","{""challenger"": WEAK_CHALLENGER_MAE, ""k0"": K0_MAE, ""incumbent"": ARM_D_MAE}","[[""SUBSCRIPT_ASSIGN"", ""experiments\\player_program\\test_comparison_gate.py"", 888, ""folds[\""2022\""] = {\""challenger\"": WEAK_CHALLENGER_MAE, \""k0\"": K0_MAE, \""incumbent\"": ARM_D_MAE}"", ""{\""challenger\"": WEAK_CHALLENGER_MAE, \""k0\"": K0_MAE, \""incumbent\"": ARM_D_MAE}""], [""SUBSCRIPT_ASSIGN"", ""experiments\\player_program\\test_comparison_gate.py"", 1237, ""m[\""folds\""][\""2022\""] = {**m[\""folds\""][\""2022\""],"", ""{**m[\""folds\""][\""2022\""],""], [""TUPLE_PAIR"", ""build_rapm.py"", 328, ""for a, b in ((\""2022\"", \""2023\""), (\""2023\"", \""2024\"")):"", ""\""2023\""""], [""TUPLE_PAIR"", ""build_rapm_v1.py"", 644, ""pairs = [(\""2022\"", \""2023\""), (\""2023\"", \""2024\""), (\""2024\"", \""2025\"")]"", ""\""2023\""""], [""TUPLE_PAIR"", ""build_rapm_v1.py"", 710, ""if (a, b) == (\""2022\"", \""2023\""):"", ""\""2023\""""], [""TUPLE_PAIR"", ""collect_misc_backfill.py"", 25, ""(\""2022\"", (\""Regular Season\"", \""Playoffs\""), (\""misc\"", \""advanced\"")),"", ""(\""Regular Season\"", \""Playoffs\""""], [""TUPLE_PAIR"", ""fetch_gap_fill.py"", 42, ""for season in (\""2022\"", \""2023\""):"", ""\""2023\""""], [""TUPLE_PAIR"", ""fetch_playoff_gamelogs.py"", 11, ""for season in (\""2022\"", \""2023\"", \""2024\""):"", ""\""2023\"", \""2024\""""], [""TUPLE_PAIR"", ""experiments\\exploration\\E1_I0046_allocation\\scripts\\s00c_anchor_hunt.py"", 18, ""(\""2023-24\"", [2023, 2024]), (\""2021\"", [2021]), (\""2022\"", [2022])]:"", ""[2022]""], [""TUPLE_PAIR"", ""experiments\\player_program\\gate_invocation.py"", 200, ""folds=[FoldInvocation(\""2022\"", df22, names, off22, y22, m22, df23), ...],"", ""df22, names, off22, y22, m22, df23""]]"
E1_I0020_coldstart_tiering,2023,98,WORKTREE,SUBSCRIPT_ASSIGN,experiments\player_program\test_comparison_gate.py,942,"folds[""2023""] = {**folds[""2023""],","{**folds[""2023""],","[[""SUBSCRIPT_ASSIGN"", ""experiments\\player_program\\test_comparison_gate.py"", 942, ""folds[\""2023\""] = {**folds[\""2023\""],"", ""{**folds[\""2023\""],""], [""TUPLE_PAIR"", ""build_rapm.py"", 328, ""for a, b in ((\""2022\"", \""2023\""), (\""2023\"", \""2024\"")):"", ""\""2024\""""], [""TUPLE_PAIR"", ""build_rapm_v1.py"", 341, ""folds = [(\""2023\"", \""2022\""), (\""2024\"", \""2023\""), (\""2025\"", \""2024\""), (\""2026\"", \""2025\"")]"", ""\""2022\""""], [""TUPLE_PAIR"", ""build_rapm_v1.py"", 644, ""pairs = [(\""2022\"", \""2023\""), (\""2023\"", \""2024\""), (\""2024\"", \""2025\"")]"", ""\""2024\""""], [""TUPLE_PAIR"", ""build_rapm_v1.py"", 712, ""if (a, b) == (\""2023\"", \""2024\""):"", ""\""2024\""""], [""TUPLE_PAIR"", ""collect_misc_backfill.py"", 26, ""(\""2023\"", (\""Regular Season\"", \""Playoffs\""), (\""advanced\"",)),  # misc done in Phase B"", ""(\""Regular Season\"", \""Playoffs\""""], [""TUPLE_PAIR"", ""experiments\\exploration\\E0_I0011_tendency_estimator\\boundary_check.py"", 51, ""for lab, ss in [(\""sel\"", SELECT), (\""2023\"", [2023]), (\""2024\"", [2024])]:"", ""[2023]""], [""TUPLE_PAIR"", ""experiments\\exploration\\E0_I0011_tendency_estimator\\score.py"", 199, ""for label, seasons in [(\""SELECT_2021_2022\"", SELECT), (\""2023\"", [2023]),"", ""[2023]""], [""TUPLE_PAIR"", ""experiments\\exploration\\E0_I0011_tendency_estimator\\score.py"", 417, ""for s, seasons in [(\""sel\"", SELECT), (\""2023\"", [2023]), (\""2024\"", [2024])]:"", ""[2023]""], [""TUPLE_PAIR"", ""experiments\\player_program\\data_lane\\R14_D10_COACHING_CORRECTION\\write_report.py"", 449, ""(\""2023\"", 0.836538, 435), (\""2024\"", 0.824427, 432),"", ""0.836538, 435""]]"
E1_I0020_coldstart_tiering,2024,137,WORKTREE,NAME_ASSIGN,calibrated_prob_edge.py,25,"2024 = FITTING.  2025 = development check, may inform nothing that is then called","FITTING.  2025 = development check, may inform nothing that is then called","[[""NAME_ASSIGN"", ""calibrated_prob_edge.py"", 25, ""2024 = FITTING.  2025 = development check, may inform nothing that is then called"", ""FITTING.  2025 = development check, may inform nothing that is then called""], [""TUPLE_PAIR"", ""build_rapm_v1.py"", 341, ""folds = [(\""2023\"", \""2022\""), (\""2024\"", \""2023\""), (\""2025\"", \""2024\""), (\""2026\"", \""2025\"")]"", ""\""2023\""""], [""TUPLE_PAIR"", ""build_rapm_v1.py"", 532, ""fh = decay_fit(\""2024\"", h)"", ""h""], [""TUPLE_PAIR"", ""build_rapm_v1.py"", 644, ""pairs = [(\""2022\"", \""2023\""), (\""2023\"", \""2024\""), (\""2024\"", \""2025\"")]"", ""\""2025\""""], [""TUPLE_PAIR"", ""collect_misc_backfill.py"", 27, ""(\""2024\"", (\""Regular Season\"", \""Playoffs\""), (\""misc\"", \""advanced\"")),"", ""(\""Regular Season\"", \""Playoffs\""""], [""TUPLE_PAIR"", ""experiments\\channel_reval\\write_report.py"", 73, ""{season_line(\""2024\"", \""2024\"")}"", ""\""2024\""""], [""TUPLE_PAIR"", ""experiments\\exploration\\E0_I0011_tendency_estimator\\boundary_check.py"", 51, ""for lab, ss in [(\""sel\"", SELECT), (\""2023\"", [2023]), (\""2024\"", [2024])]:"", ""[2024]""], [""TUPLE_PAIR"", ""experiments\\exploration\\E0_I0011_tendency_estimator\\score.py"", 200, ""(\""2024\"", [2024]), (\""SCORE_pooled\"", SCORE)]:"", ""[2024]""], [""TUPLE_PAIR"", ""experiments\\exploration\\E0_I0011_tendency_estimator\\score.py"", 417, ""for s, seasons in [(\""sel\"", SELECT), (\""2023\"", [2023]), (\""2024\"", [2024])]:"", ""[2024]""], [""TUPLE_PAIR"", ""experiments\\player_program\\test_comparison_gate.py"", 595, ""(\""chronological_folds\"", (\""2024\"", \""2025\""))):"", ""\""2025\""""]]"
E1_I0022_optimal_simple_estimator,pooled_wf,6,IN_SCREEN,TUPLE_PAIR,experiments\exploration\E1_I0022_optimal_simple_estimator\s04_select_and_compare.py,170,"SLICES = ([(""pooled_wf"", M_WF), (""decision_stratum_wf"", M_STRAT),",M_WF,"[[""TUPLE_PAIR"", ""experiments\\exploration\\E1_I0022_optimal_simple_estimator\\s04_select_and_compare.py"", 170, ""SLICES = ([(\""pooled_wf\"", M_WF), (\""decision_stratum_wf\"", M_STRAT),"", ""M_WF""], [""TUPLE_PAIR"", ""experiments\\exploration\\E1_I0022_optimal_simple_estimator\\s04_select_and_compare.py"", 193, ""if nm in (\""pooled_wf\"", \""decision_stratum_wf\"") or nm.startswith(\""tier_\""):"", ""\""decision_stratum_wf\""""], [""TUPLE_PAIR"", ""experiments\\exploration\\E1_I0022_optimal_simple_estimator\\s05_inference_and_where.py"", 82, ""SL = ([(\""pooled_wf\"", WF), (\""decision_stratum_wf\"", WF & stratum),"", ""WF""], [""TUPLE_PAIR"", ""experiments\\exploration\\E1_I0022_optimal_simple_estimator\\s06_fallback_anatomy.py"", 67, ""for nm, m in [(\""pooled_wf\"", WF), (\""champion_FALLBACK_rows\"", WF & fb),"", ""WF""], [""MENTION"", ""experiments\\exploration\\E1_I0022_optimal_simple_estimator\\s07_findings.py"", 22, ""pool = cv[cv.slice == \""pooled_wf\""].set_index(\""target\"")"", """"], [""MENTION"", ""experiments\\exploration\\E1_I0022_optimal_simple_estimator\\s07_findings.py"", 133, ""inf_[(inf_.target == t) & (inf_.slice == \""pooled_wf\"")][\""p_two_sided_blockflip\""].iloc[0]),"", """"]]"
E1_I0022_optimal_simple_estimator,decision_stratum_wf,5,IN_SCREEN,TUPLE_PAIR,experiments\exploration\E1_I0022_optimal_simple_estimator\s04_select_and_compare.py,170,"SLICES = ([(""pooled_wf"", M_WF), (""decision_stratum_wf"", M_STRAT),",M_STRAT,"[[""TUPLE_PAIR"", ""experiments\\exploration\\E1_I0022_optimal_simple_estimator\\s04_select_and_compare.py"", 170, ""SLICES = ([(\""pooled_wf\"", M_WF), (\""decision_stratum_wf\"", M_STRAT),"", ""M_STRAT""], [""TUPLE_PAIR"", ""experiments\\exploration\\E1_I0022_optimal_simple_estimator\\s05_inference_and_where.py"", 82, ""SL = ([(\""pooled_wf\"", WF), (\""decision_stratum_wf\"", WF & stratum),"", ""WF & stratum""], [""MENTION"", ""experiments\\exploration\\E1_I0022_optimal_simple_estimator\\s04_select_and_compare.py"", 193, ""if nm in (\""pooled_wf\"", \""decision_stratum_wf\"") or nm.startswith(\""tier_\""):"", """"], [""MENTION"", ""experiments\\exploration\\E1_I0022_optimal_simple_estimator\\s07_findings.py"", 23, ""strat = cv[cv.slice == \""decision_stratum_wf\""].set_index(\""target\"")"", """"], [""MENTION"", ""experiments\\exploration\\E1_I0022_optimal_simple_estimator\\s07_findings.py"", 139, ""inf_[(inf_.target == t) & (inf_.slice == \""decision_stratum_wf\"")][\""p_two_sided_blockflip\""].iloc[0])}"", """"]]"
E1_I0022_optimal_simple_estimator,outside_decision_stratum_wf,2,IN_SCREEN,TUPLE_PAIR,experiments\exploration\E1_I0022_optimal_simple_estimator\s04_select_and_compare.py,171,"(""outside_decision_stratum_wf"", M_WF & (b_stratum == 0))]",M_WF & (b_stratum == 0,"[[""TUPLE_PAIR"", ""experiments\\exploration\\E1_I0022_optimal_simple_estimator\\s04_select_and_compare.py"", 171, ""(\""outside_decision_stratum_wf\"", M_WF & (b_stratum == 0))]"", ""M_WF & (b_stratum == 0""], [""TUPLE_PAIR"", ""experiments\\exploration\\E1_I0022_optimal_simple_estimator\\s05_inference_and_where.py"", 83, ""(\""outside_decision_stratum_wf\"", WF & ~stratum)]"", ""WF & ~stratum""]]"
E1_I0022_optimal_simple_estimator,tier_0,0,NONE,NONE,,-1,,,[]
E1_I0022_optimal_simple_estimator,tier_1-2,0,NONE,NONE,,-1,,,[]
E1_I0022_optimal_simple_estimator,tier_3-7,0,NONE,NONE,,-1,,,[]
E1_I0022_optimal_simple_estimator,tier_8-14,0,NONE,NONE,,-1,,,[]
E1_I0022_optimal_simple_estimator,tier_15-24,0,NONE,NONE,,-1,,,[]
E1_I0022_optimal_simple_estimator,tier_25+,0,NONE,NONE,,-1,,,[]
E1_I0022_optimal_simple_estimator,tier_ge3_priors,1,IN_SCREEN,TUPLE_PAIR,experiments\exploration\E1_I0022_optimal_simple_estimator\s05_inference_and_where.py,85,"+ [(""tier_ge3_priors"", WF & (gp >= 3)), (""tier_lt3_priors"", WF & (gp < 3))])",WF & (gp >= 3,"[[""TUPLE_PAIR"", ""experiments\\exploration\\E1_I0022_optimal_simple_estimator\\s05_inference_and_where.py"", 85, ""+ [(\""tier_ge3_priors\"", WF & (gp >= 3)), (\""tier_lt3_priors\"", WF & (gp < 3))])"", ""WF & (gp >= 3""]]"
E1_I0022_optimal_simple_estimator,tier_lt3_priors,1,IN_SCREEN,TUPLE_PAIR,experiments\exploration\E1_I0022_optimal_simple_estimator\s05_inference_and_where.py,85,"+ [(""tier_ge3_priors"", WF & (gp >= 3)), (""tier_lt3_priors"", WF & (gp < 3))])",WF & (gp < 3,"[[""TUPLE_PAIR"", ""experiments\\exploration\\E1_I0022_optimal_simple_estimator\\s05_inference_and_where.py"", 85, ""+ [(\""tier_ge3_priors\"", WF & (gp >= 3)), (\""tier_lt3_priors\"", WF & (gp < 3))])"", ""WF & (gp < 3""]]"
E1_I0022_optimal_simple_estimator,pts,782,WORKTREE,SUBSCRIPT_ASSIGN,arm_incumbent.py,102,"d[""pts""] = pd.to_numeric(d.pts, errors=""coerce"")","pd.to_numeric(d.pts, errors=""coerce"")","[[""SUBSCRIPT_ASSIGN"", ""arm_incumbent.py"", 102, ""d[\""pts\""] = pd.to_numeric(d.pts, errors=\""coerce\"")"", ""pd.to_numeric(d.pts, errors=\""coerce\"")""], [""SUBSCRIPT_ASSIGN"", ""experiments\\exploration\\E1_I0020_coldstart_tiering\\ct_base.py"", 205, ""mp[\""pts\""] = pd.to_numeric(mp[\""pts\""], errors=\""coerce\"")"", ""pd.to_numeric(mp[\""pts\""], errors=\""coerce\"")""], [""SUBSCRIPT_ASSIGN"", ""experiments\\exploration\\E1_I0046_allocation\\scripts\\s00b_probe.py"", 64, ""print(\""  team-games with pts==0: %d ; fga==0: %d\"" % (int((j['pts'] == 0).sum()), int((j['fga'] == 0).sum())))"", ""= 0).sum()), int((j['fga'] == 0).sum())))""], [""SUBSCRIPT_ASSIGN"", ""experiments\\exploration\\MEASURE_F1_m13_fitpool\\m13_lib.py"", 349, ""push = (m[\""pts\""] == m[\""consensus_line\""])"", ""= m[\""consensus_line\""])""], [""SUBSCRIPT_ASSIGN"", ""experiments\\exploration\\MEASURE_F1_m13_fitpool\\step2_variants.py"", 128, ""push = (m[\""pts\""] == m[\""consensus_line\""])"", ""= m[\""consensus_line\""])""], [""SUBSCRIPT_ASSIGN"", ""experiments\\exploration\\MEASURE_F1_m13_fitpool\\step3_variantD_and_parquets.py"", 51, ""ev = m[~(m[\""pts\""] == m[\""consensus_line\""]) & ~(m[\""pred_point\""] == m[\""consensus_line\""])"", ""= m[\""consensus_line\""]) & ~(m[\""pred_point\""] == m[\""consensus_line\""])""], [""SUBSCRIPT_ASSIGN"", ""experiments\\market_program\\M13_PLAYER_VALUE_TRANSLATION\\build_translation.py"", 340, ""push = (m[\""pts\""] == m[\""consensus_line\""])"", ""= m[\""consensus_line\""])""], [""SUBSCRIPT_ASSIGN"", ""experiments\\market_program\\MODEL_VS_MARKET\\compute_model_vs_market.py"", 550, ""push = (m[\""pts\""] == m[\""consensus_line\""])"", ""= m[\""consensus_line\""])""], [""SUBSCRIPT_ASSIGN"", ""experiments\\player_program\\stage3_score\\S36_IMPLEMENT_ARMS\\prebuild\\PREBUILD_GAME_ID_DIGEST.py"", 97, ""ties = int((universe_home[\""pts\""] == universe_home[\""opp_pts\""]).sum())"", ""= universe_home[\""opp_pts\""]).sum())""], [""SUBSCRIPT_ASSIGN"", ""experiments\\player_program\\stage3_score\\S36_IMPLEMENT_ARMS\\runner\\universe.py"", 152, ""team_rows[\""pts\""] = team_rows[\""pts\""].astype(float)"", ""team_rows[\""pts\""].astype(float)""]]"
E1_I0022_optimal_simple_estimator,minutes,1148,WORKTREE,SUBSCRIPT_ASSIGN,arm_incumbent.py,101,"d[""minutes""] = pd.to_numeric(d.minutes, errors=""coerce"")","pd.to_numeric(d.minutes, errors=""coerce"")","[[""SUBSCRIPT_ASSIGN"", ""arm_incumbent.py"", 101, ""d[\""minutes\""] = pd.to_numeric(d.minutes, errors=\""coerce\"")"", ""pd.to_numeric(d.minutes, errors=\""coerce\"")""], [""SUBSCRIPT_ASSIGN"", ""arm_incumbent.py"", 156, ""mpx[\""minutes\""] = pd.to_numeric(mpx.minutes, errors=\""coerce\"")"", ""pd.to_numeric(mpx.minutes, errors=\""coerce\"")""], [""SUBSCRIPT_ASSIGN"", ""build_masters.py"", 190, ""out[\""minutes\""] = out[\""minutes_raw\""].map(minutes_to_float).astype(\""float64\"")"", ""out[\""minutes_raw\""].map(minutes_to_float).astype(\""float64\"")""], [""SUBSCRIPT_ASSIGN"", ""build_masters.py"", 467, ""mp[\""minutes\""] = mp[\""minutes_misc\""].where(use_misc_min, mp[\""minutes_gl\""])"", ""mp[\""minutes_misc\""].where(use_misc_min, mp[\""minutes_gl\""])""], [""SUBSCRIPT_ASSIGN"", ""cbs_builders.py"", 291, ""out[\""minutes\""] = select_alpha(builders[\""minutes\""], y[\""minutes\""], masks[\""minutes\""])"", ""select_alpha(builders[\""minutes\""], y[\""minutes\""], masks[\""minutes\""])""], [""SUBSCRIPT_ASSIGN"", ""cbs_real_frames.py"", 209, ""pg[\""minutes\""] = pd.to_numeric(pg[\""minutes\""], errors=\""coerce\"")"", ""pd.to_numeric(pg[\""minutes\""], errors=\""coerce\"")""], [""SUBSCRIPT_ASSIGN"", ""cbs_real_frames.py"", 349, ""frame[\""minutes\""] = frame[\""minutes\""].fillna(0.0)"", ""frame[\""minutes\""].fillna(0.0)""], [""SUBSCRIPT_ASSIGN"", ""cbs_real_frames_v2.py"", 414, ""pg[\""minutes\""] = pd.to_numeric(pg[\""minutes\""], errors=\""coerce\"")"", ""pd.to_numeric(pg[\""minutes\""], errors=\""coerce\"")""], [""SUBSCRIPT_ASSIGN"", ""cbs_real_frames_v2.py"", 617, ""frame[\""minutes\""] = frame[\""minutes\""].fillna(0.0)"", ""frame[\""minutes\""].fillna(0.0)""], [""SUBSCRIPT_ASSIGN"", ""cbs_real_frames_v3.py"", 388, ""pg[\""minutes\""] = pd.to_numeric(pg[\""minutes\""], errors=\""coerce\"")"", ""pd.to_numeric(pg[\""minutes\""], errors=\""coerce\"")""]]"
E1_I0022_optimal_simple_estimator,fga,497,WORKTREE,SUBSCRIPT_ASSIGN,arm_incumbent.py,103,"d[""fga""] = pd.to_numeric(d.fga, errors=""coerce"")","pd.to_numeric(d.fga, errors=""coerce"")","[[""SUBSCRIPT_ASSIGN"", ""arm_incumbent.py"", 103, ""d[\""fga\""] = pd.to_numeric(d.fga, errors=\""coerce\"")"", ""pd.to_numeric(d.fga, errors=\""coerce\"")""], [""SUBSCRIPT_ASSIGN"", ""cbs_real_frames.py"", 211, ""pg[\""fga\""] = pd.to_numeric(pg[\""fga\""], errors=\""coerce\"")"", ""pd.to_numeric(pg[\""fga\""], errors=\""coerce\"")""], [""SUBSCRIPT_ASSIGN"", ""cbs_real_frames.py"", 351, ""frame[\""fga\""] = frame[\""fga\""].fillna(0.0)"", ""frame[\""fga\""].fillna(0.0)""], [""SUBSCRIPT_ASSIGN"", ""cbs_real_frames_v2.py"", 416, ""pg[\""fga\""] = pd.to_numeric(pg[\""fga\""], errors=\""coerce\"")"", ""pd.to_numeric(pg[\""fga\""], errors=\""coerce\"")""], [""SUBSCRIPT_ASSIGN"", ""cbs_real_frames_v2.py"", 619, ""frame[\""fga\""] = frame[\""fga\""].fillna(0.0)"", ""frame[\""fga\""].fillna(0.0)""], [""SUBSCRIPT_ASSIGN"", ""cbs_real_frames_v3.py"", 390, ""pg[\""fga\""] = pd.to_numeric(pg[\""fga\""], errors=\""coerce\"")"", ""pd.to_numeric(pg[\""fga\""], errors=\""coerce\"")""], [""SUBSCRIPT_ASSIGN"", ""cbs_real_frames_v3.py"", 632, ""frame[\""fga\""] = frame[\""fga\""].fillna(0.0)"", ""frame[\""fga\""].fillna(0.0)""], [""SUBSCRIPT_ASSIGN"", ""experiments\\exploration\\E1_I0020_coldstart_tiering\\ct_base.py"", 206, ""mp[\""fga\""] = pd.to_numeric(mp[\""fga\""], errors=\""coerce\"")"", ""pd.to_numeric(mp[\""fga\""], errors=\""coerce\"")""], [""SUBSCRIPT_ASSIGN"", ""experiments\\exploration\\E1_I0046_allocation\\scripts\\s00b_probe.py"", 64, ""print(\""  team-games with pts==0: %d ; fga==0: %d\"" % (int((j['pts'] == 0).sum()), int((j['fga'] == 0).sum())))"", ""= 0).sum())))""], [""NAME_ASSIGN"", ""build_zone_maps.py"", 201, ""fga=(\""shot_made\"", \""size\""), fgm=(\""shot_made\"", \""sum\"")).reset_index()"", ""(\""shot_made\"", \""size\""), fgm=(\""shot_made\"", \""sum\"")).reset_index()""]]"
E1_I0022_optimal_simple_estimator,ppm,237,WORKTREE,SUBSCRIPT_ASSIGN,experiments\exploration\E0_I0013_possession_volume\pv_base.py,213,"d[""ppm""] = (d[""pp__poss""] + SHRINK_MIN * d[""lg_ppm""]) / (d[""pp__min""] + SHRINK_MIN)","(d[""pp__poss""] + SHRINK_MIN * d[""lg_ppm""]) / (d[""pp__min""] + SHRINK_MIN)","[[""SUBSCRIPT_ASSIGN"", ""experiments\\exploration\\E0_I0013_possession_volume\\pv_base.py"", 213, ""d[\""ppm\""] = (d[\""pp__poss\""] + SHRINK_MIN * d[\""lg_ppm\""]) / (d[\""pp__min\""] + SHRINK_MIN)"", ""(d[\""pp__poss\""] + SHRINK_MIN * d[\""lg_ppm\""]) / (d[\""pp__min\""] + SHRINK_MIN)""], [""SUBSCRIPT_ASSIGN"", ""experiments\\exploration\\E1_I0030_home_advantage_accounting\\s01_guards_and_build.py"", 263, ""p[\""ppm\""] = np.where(p[\""appeared\""] == 1, p[\""pts\""] / p[\""minutes\""].replace(0, np.nan), np.nan)"", ""np.where(p[\""appeared\""] == 1, p[\""pts\""] / p[\""minutes\""].replace(0, np.nan), np.nan)""], [""SUBSCRIPT_ASSIGN"", ""experiments\\exploration\\E1_I0030_home_advantage_accounting\\s04_main_effect.py"", 164, ""f[\""ppm\""] = f[\""pts\""] / f[\""minutes\""]"", ""f[\""pts\""] / f[\""minutes\""]""], [""SUBSCRIPT_ASSIGN"", ""experiments\\exploration\\E1_I0030_home_advantage_accounting\\s05_heterogeneity.py"", 37, ""f[\""ppm\""] = f[\""pts\""] / f[\""minutes\""]"", ""f[\""pts\""] / f[\""minutes\""]""], [""SUBSCRIPT_ASSIGN"", ""experiments\\exploration\\IDEATION_QUEUE\\_scan_data4.py"", 69, ""pl[\""ppm\""] = pl.pts / pl.minutes.replace(0, np.nan)"", ""pl.pts / pl.minutes.replace(0, np.nan)""], [""NAME_ASSIGN"", ""experiments\\exploration\\E0_I0017_shot_quality_efficiency\\s04_transfer.py"", 8, ""ppm = points/minute ~= (points per shot) x (shots per minute)"", ""points/minute ~= (points per shot) x (shots per minute)""], [""NAME_ASSIGN"", ""experiments\\exploration\\E1_I0021_heterogeneity_diagnostic\\s01_floor_curve.py"", 231, ""ppm = curve[(curve[\""component\""] == \""pts_per_min\"")]"", ""curve[(curve[\""component\""] == \""pts_per_min\"")]""], [""NAME_ASSIGN"", ""experiments\\exploration\\E1_I0021_heterogeneity_diagnostic\\s05_findings.py"", 45, ""ppm = curve[curve.component == \""pts_per_min\""].drop_duplicates(\""floor\"")"", ""curve[curve.component == \""pts_per_min\""].drop_duplicates(\""floor\"")""], [""TUPLE_PAIR"", ""experiments\\exploration\\E0_I0017_shot_quality_efficiency\\s01_build_frame.py"", 466, ""+ [\""y_\"" + r for r in (\""ppm\"", \""ts\"", \""efg\"")]"", ""\""ts\"", \""efg\""""], [""TUPLE_PAIR"", ""experiments\\exploration\\E0_I0017_shot_quality_efficiency\\s01_build_frame.py"", 467, ""+ [\""refB_\"" + r for r in (\""ppm\"", \""ts\"", \""efg\"")]"", ""\""ts\"", \""efg\""""]]"
E1_I0025_threshold_vs_refit,L1_pooled_defence_main,2,IN_SCREEN,MENTION,experiments\exploration\E1_I0025_threshold_vs_refit\c00_prereg.py,22,"{""id"": ""L1_pooled_defence_main"",",,"[[""MENTION"", ""experiments\\exploration\\E1_I0025_threshold_vs_refit\\c00_prereg.py"", 22, ""{\""id\"": \""L1_pooled_defence_main\"","", """"], [""MENTION"", ""experiments\\exploration\\E1_I0025_threshold_vs_refit\\c02_pooled_tier_dummy.py"", 47, ""RUNG_LABEL = {\""L1\"": \""L1_pooled_defence_main\"", \""L2\"": \""L2_pooled_linear_interaction\"","", """"]]"
E1_I0025_threshold_vs_refit,L2_pooled_linear_interaction,2,IN_SCREEN,MENTION,experiments\exploration\E1_I0025_threshold_vs_refit\c00_prereg.py,27,"{""id"": ""L2_pooled_linear_interaction"",",,"[[""MENTION"", ""experiments\\exploration\\E1_I0025_threshold_vs_refit\\c00_prereg.py"", 27, ""{\""id\"": \""L2_pooled_linear_interaction\"","", """"], [""MENTION"", ""experiments\\exploration\\E1_I0025_threshold_vs_refit\\c02_pooled_tier_dummy.py"", 47, ""RUNG_LABEL = {\""L1\"": \""L1_pooled_defence_main\"", \""L2\"": \""L2_pooled_linear_interaction\"","", """"]]"
E1_I0025_threshold_vs_refit,L3_pooled_tier_dummy_x_defence,2,IN_SCREEN,MENTION,experiments\exploration\E1_I0025_threshold_vs_refit\c00_prereg.py,33,"{""id"": ""L3_pooled_tier_dummy_x_defence"",",,"[[""MENTION"", ""experiments\\exploration\\E1_I0025_threshold_vs_refit\\c00_prereg.py"", 33, ""{\""id\"": \""L3_pooled_tier_dummy_x_defence\"","", """"], [""MENTION"", ""experiments\\exploration\\E1_I0025_threshold_vs_refit\\c02_pooled_tier_dummy.py"", 48, ""\""L3\"": \""L3_pooled_tier_dummy_x_defence\"", \""L4\"": \""L4_tier_restricted_refit\""}"", """"]]"
E1_I0025_threshold_vs_refit,L4_tier_restricted_refit,2,IN_SCREEN,MENTION,experiments\exploration\E1_I0025_threshold_vs_refit\c00_prereg.py,40,"{""id"": ""L4_tier_restricted_refit"",",,"[[""MENTION"", ""experiments\\exploration\\E1_I0025_threshold_vs_refit\\c00_prereg.py"", 40, ""{\""id\"": \""L4_tier_restricted_refit\"","", """"], [""MENTION"", ""experiments\\exploration\\E1_I0025_threshold_vs_refit\\c02_pooled_tier_dummy.py"", 48, ""\""L3\"": \""L3_pooled_tier_dummy_x_defence\"", \""L4\"": \""L4_tier_restricted_refit\""}"", """"]]"
E1_I0025_threshold_vs_refit,DECISION,192,WORKTREE,SUBSCRIPT_ASSIGN,experiments\exploration\E0_I0024_reb_ast_characterisation\s02_build_frame.py,382,"pl[""DECISION""] = ((pl[""n_prior""] >= 8) & (pl[""ref_trail5_minutes""] >= 24)).astype(int)","((pl[""n_prior""] >= 8) & (pl[""ref_trail5_minutes""] >= 24)).astype(int)","[[""SUBSCRIPT_ASSIGN"", ""experiments\\exploration\\E0_I0024_reb_ast_characterisation\\s02_build_frame.py"", 382, ""pl[\""DECISION\""] = ((pl[\""n_prior\""] >= 8) & (pl[\""ref_trail5_minutes\""] >= 24)).astype(int)"", ""((pl[\""n_prior\""] >= 8) & (pl[\""ref_trail5_minutes\""] >= 24)).astype(int)""], [""SUBSCRIPT_ASSIGN"", ""experiments\\exploration\\E0_I0024_reb_ast_characterisation\\s03_ladder.py"", 169, ""(F[\""season\""].isin(HEADLINE_SEASONS) & (F[\""DECISION\""] == 1)).to_numpy()),"", ""= 1)).to_numpy()),""], [""SUBSCRIPT_ASSIGN"", ""experiments\\exploration\\E0_I0024_reb_ast_characterisation\\s04_screen.py"", 98, ""STRATA = [(\""POOLED\"", np.ones(len(F), bool)), (\""DECISION\"", (F[\""DECISION\""] == 1).to_numpy())]"", ""= 1).to_numpy())]""], [""SUBSCRIPT_ASSIGN"", ""experiments\\exploration\\E0_I0024_reb_ast_characterisation\\s05_mechanism.py"", 118, ""for sname, m in [(\""POOLED\"", np.ones(len(F), bool)), (\""DECISION\"", (F[\""DECISION\""] == 1).to_numpy())]:"", ""= 1).to_numpy())]:""], [""SUBSCRIPT_ASSIGN"", ""experiments\\exploration\\E0_I0024_reb_ast_characterisation\\s05_mechanism.py"", 140, ""(\""DECISION\"", (F[\""DECISION\""] == 1).to_numpy())]:"", ""= 1).to_numpy())]:""], [""SUBSCRIPT_ASSIGN"", ""experiments\\exploration\\E0_I0024_reb_ast_characterisation\\s05_mechanism.py"", 166, ""(\""DECISION\"", (F[\""DECISION\""] == 1).to_numpy())]:"", ""= 1).to_numpy())]:""], [""SUBSCRIPT_ASSIGN"", ""experiments\\exploration\\E0_I0024_reb_ast_characterisation\\s05_mechanism.py"", 235, ""(\""DECISION\"", (sub[\""DECISION\""] == 1).to_numpy())]:"", ""= 1).to_numpy())]:""], [""SUBSCRIPT_ASSIGN"", ""experiments\\exploration\\E0_I0029_freethrow_hurdle\\s02_build_frame.py"", 401, ""app[\""DECISION\""] = ((app[\""n_prior\""] >= 8) & (app[\""ref_trail5_minutes\""] >= 24)).astype(int)"", ""((app[\""n_prior\""] >= 8) & (app[\""ref_trail5_minutes\""] >= 24)).astype(int)""], [""SUBSCRIPT_ASSIGN"", ""experiments\\exploration\\E0_I0029_freethrow_hurdle\\s02_build_frame.py"", 403, ""(\""DECISION (headline)\"", app[\""season\""].isin(HEADLINE_SEASONS) & (app[\""DECISION\""] == 1))]:"", ""= 1))]:""], [""SUBSCRIPT_ASSIGN"", ""experiments\\exploration\\E0_I0029_freethrow_hurdle\\s03_ladder.py"", 80, ""(F[\""season\""].isin(HEADLINE_SEASONS) & (F[\""DECISION\""] == 1)).to_numpy(), False),"", ""= 1)).to_numpy(), False),""]]"
E1_I0025_threshold_vs_refit,POOLED,4,IN_SCREEN,MENTION,experiments\exploration\E1_I0025_threshold_vs_refit\c00_prereg.py,28,"""fit"": ""POOLED"",",,"[[""MENTION"", ""experiments\\exploration\\E1_I0025_threshold_vs_refit\\c00_prereg.py"", 28, ""\""fit\"": \""POOLED\"","", """"], [""MENTION"", ""experiments\\exploration\\E1_I0025_threshold_vs_refit\\c00_prereg.py"", 34, ""\""fit\"": \""POOLED\"","", """"], [""MENTION"", ""experiments\\exploration\\E1_I0025_threshold_vs_refit\\c02_pooled_tier_dummy.py"", 65, ""for sid in (\""DECISION\"", \""POOLED\""):"", """"], [""MENTION"", ""experiments\\exploration\\E1_I0025_threshold_vs_refit\\c03_refit_decomposition.py"", 48, ""for sid in (\""DECISION\"", \""POOLED\""):"", """"]]"
E1_I0025_threshold_vs_refit,ppm,237,WORKTREE,SUBSCRIPT_ASSIGN,experiments\exploration\E0_I0013_possession_volume\pv_base.py,213,"d[""ppm""] = (d[""pp__poss""] + SHRINK_MIN * d[""lg_ppm""]) / (d[""pp__min""] + SHRINK_MIN)","(d[""pp__poss""] + SHRINK_MIN * d[""lg_ppm""]) / (d[""pp__min""] + SHRINK_MIN)","[[""SUBSCRIPT_ASSIGN"", ""experiments\\exploration\\E0_I0013_possession_volume\\pv_base.py"", 213, ""d[\""ppm\""] = (d[\""pp__poss\""] + SHRINK_MIN * d[\""lg_ppm\""]) / (d[\""pp__min\""] + SHRINK_MIN)"", ""(d[\""pp__poss\""] + SHRINK_MIN * d[\""lg_ppm\""]) / (d[\""pp__min\""] + SHRINK_MIN)""], [""SUBSCRIPT_ASSIGN"", ""experiments\\exploration\\E1_I0030_home_advantage_accounting\\s01_guards_and_build.py"", 263, ""p[\""ppm\""] = np.where(p[\""appeared\""] == 1, p[\""pts\""] / p[\""minutes\""].replace(0, np.nan), np.nan)"", ""np.where(p[\""appeared\""] == 1, p[\""pts\""] / p[\""minutes\""].replace(0, np.nan), np.nan)""], [""SUBSCRIPT_ASSIGN"", ""experiments\\exploration\\E1_I0030_home_advantage_accounting\\s04_main_effect.py"", 164, ""f[\""ppm\""] = f[\""pts\""] / f[\""minutes\""]"", ""f[\""pts\""] / f[\""minutes\""]""], [""SUBSCRIPT_ASSIGN"", ""experiments\\exploration\\E1_I0030_home_advantage_accounting\\s05_heterogeneity.py"", 37, ""f[\""ppm\""] = f[\""pts\""] / f[\""minutes\""]"", ""f[\""pts\""] / f[\""minutes\""]""], [""SUBSCRIPT_ASSIGN"", ""experiments\\exploration\\IDEATION_QUEUE\\_scan_data4.py"", 69, ""pl[\""ppm\""] = pl.pts / pl.minutes.replace(0, np.nan)"", ""pl.pts / pl.minutes.replace(0, np.nan)""], [""NAME_ASSIGN"", ""experiments\\exploration\\E0_I0017_shot_quality_efficiency\\s04_transfer.py"", 8, ""ppm = points/minute ~= (points per shot) x (shots per minute)"", ""points/minute ~= (points per shot) x (shots per minute)""], [""NAME_ASSIGN"", ""experiments\\exploration\\E1_I0021_heterogeneity_diagnostic\\s01_floor_curve.py"", 231, ""ppm = curve[(curve[\""component\""] == \""pts_per_min\"")]"", ""curve[(curve[\""component\""] == \""pts_per_min\"")]""], [""NAME_ASSIGN"", ""experiments\\exploration\\E1_I0021_heterogeneity_diagnostic\\s05_findings.py"", 45, ""ppm = curve[curve.component == \""pts_per_min\""].drop_duplicates(\""floor\"")"", ""curve[curve.component == \""pts_per_min\""].drop_duplicates(\""floor\"")""], [""TUPLE_PAIR"", ""experiments\\exploration\\E0_I0017_shot_quality_efficiency\\s01_build_frame.py"", 466, ""+ [\""y_\"" + r for r in (\""ppm\"", \""ts\"", \""efg\"")]"", ""\""ts\"", \""efg\""""], [""TUPLE_PAIR"", ""experiments\\exploration\\E0_I0017_shot_quality_efficiency\\s01_build_frame.py"", 467, ""+ [\""refB_\"" + r for r in (\""ppm\"", \""ts\"", \""efg\"")]"", ""\""ts\"", \""efg\""""]]"
E1_I0025_threshold_vs_refit,points,224,WORKTREE,SUBSCRIPT_ASSIGN,build_masters.py,689,"return int(((t[""event_type""] == ""shot_made"") & (t[""points""] == 3)).sum())",= 3)).sum()),"[[""SUBSCRIPT_ASSIGN"", ""build_masters.py"", 689, ""return int(((t[\""event_type\""] == \""shot_made\"") & (t[\""points\""] == 3)).sum())"", ""= 3)).sum())""], [""SUBSCRIPT_ASSIGN"", ""cbs_real_frames.py"", 210, ""pg[\""points\""] = pd.to_numeric(pg[\""points\""], errors=\""coerce\"")"", ""pd.to_numeric(pg[\""points\""], errors=\""coerce\"")""], [""SUBSCRIPT_ASSIGN"", ""cbs_real_frames.py"", 350, ""frame[\""points\""] = frame[\""points\""].fillna(0.0)"", ""frame[\""points\""].fillna(0.0)""], [""SUBSCRIPT_ASSIGN"", ""cbs_real_frames_v2.py"", 415, ""pg[\""points\""] = pd.to_numeric(pg[\""points\""], errors=\""coerce\"")"", ""pd.to_numeric(pg[\""points\""], errors=\""coerce\"")""], [""SUBSCRIPT_ASSIGN"", ""cbs_real_frames_v2.py"", 618, ""frame[\""points\""] = frame[\""points\""].fillna(0.0)"", ""frame[\""points\""].fillna(0.0)""], [""SUBSCRIPT_ASSIGN"", ""cbs_real_frames_v3.py"", 389, ""pg[\""points\""] = pd.to_numeric(pg[\""points\""], errors=\""coerce\"")"", ""pd.to_numeric(pg[\""points\""], errors=\""coerce\"")""], [""SUBSCRIPT_ASSIGN"", ""cbs_real_frames_v3.py"", 631, ""frame[\""points\""] = frame[\""points\""].fillna(0.0)"", ""frame[\""points\""].fillna(0.0)""], [""NAME_ASSIGN"", ""scripts\\02_processing\\build_possession_based_features.py"", 31, ""points = int(points_match.group(1)) if points_match else None"", ""int(points_match.group(1)) if points_match else None""], [""RENAME_TO"", ""cbs_real_frames.py"", 208, ""pg = pg.rename(columns={\""pts\"": \""points\""})"", ""pts""], [""RENAME_TO"", ""cbs_real_frames_v2.py"", 413, ""pg = pg.rename(columns={\""pts\"": \""points\""})"", ""pts""]]"
E1_I0025_threshold_vs_refit,ROWSHUFFLE,2,IN_SCREEN,TUPLE_PAIR,experiments\exploration\E1_I0025_threshold_vs_refit\c04_placebo_random_tiers.py,86,"for variant, fn in ((""ROWSHUFFLE"", cb.random_tier_rowshuffle),",cb.random_tier_rowshuffle,"[[""TUPLE_PAIR"", ""experiments\\exploration\\E1_I0025_threshold_vs_refit\\c04_placebo_random_tiers.py"", 86, ""for variant, fn in ((\""ROWSHUFFLE\"", cb.random_tier_rowshuffle),"", ""cb.random_tier_rowshuffle""], [""MENTION"", ""experiments\\exploration\\E1_I0025_threshold_vs_refit\\c06_findings.py"", 160, ""& (rnd.variant == \""ROWSHUFFLE\"")].iloc[0][\""p_onesided\""]),"", """"]]"
E1_I0025_threshold_vs_refit,PLAYERBLOCK,2,IN_SCREEN,TUPLE_PAIR,experiments\exploration\E1_I0025_threshold_vs_refit\c04_placebo_random_tiers.py,87,"(""PLAYERBLOCK"", cb.random_tier_playerblock)):",cb.random_tier_playerblock,"[[""TUPLE_PAIR"", ""experiments\\exploration\\E1_I0025_threshold_vs_refit\\c04_placebo_random_tiers.py"", 87, ""(\""PLAYERBLOCK\"", cb.random_tier_playerblock)):"", ""cb.random_tier_playerblock""], [""MENTION"", ""experiments\\exploration\\E1_I0025_threshold_vs_refit\\c06_findings.py"", 162, ""& (rnd.variant == \""PLAYERBLOCK\"")].iloc[0][\""p_onesided\""]))))"", """"]]"
E1_I0027_reference_ladder,R1_PLAYER_EXPAND,11,IN_SCREEN,SUBSCRIPT_ASSIGN,experiments\exploration\E1_I0027_reference_ladder\refladder.py,456,"out[""R1_PLAYER_EXPAND""] = _estimate(f, t, ""equal"", ""expanding"", 0.0, ""none"", 0.0, 0.0)","_estimate(f, t, ""equal"", ""expanding"", 0.0, ""none"", 0.0, 0.0)","[[""SUBSCRIPT_ASSIGN"", ""experiments\\exploration\\E1_I0027_reference_ladder\\refladder.py"", 456, ""out[\""R1_PLAYER_EXPAND\""] = _estimate(f, t, \""equal\"", \""expanding\"", 0.0, \""none\"", 0.0, 0.0)"", ""_estimate(f, t, \""equal\"", \""expanding\"", 0.0, \""none\"", 0.0, 0.0)""], [""MENTION"", ""experiments\\exploration\\E1_I0027_reference_ladder\\refladder.py"", 102, ""RUNGS = [\""R0_LEAGUE\"", \""R1_PLAYER_EXPAND\"", \""R2_EWMA_TUNED\"", \""R3_RATE_X_MINUTES\"", \""R4_RICH_LOOKUP\""]"", """"], [""MENTION"", ""experiments\\exploration\\E1_I0027_reference_ladder\\refladder.py"", 483, ""\""f_R1_expand\"": out[\""R1_PLAYER_EXPAND\""].to_numpy(),"", """"], [""MENTION"", ""experiments\\exploration\\E1_I0027_reference_ladder\\refladder.py"", 621, ""(\""R1_PLAYER_EXPAND\"", \""player's expanding prior mean\"","", """"], [""MENTION"", ""experiments\\exploration\\E1_I0027_reference_ladder\\s03_prereg.py"", 83, ""\""also_reported_on\"": [\""R1_PLAYER_EXPAND\"", \""R2_EWMA_TUNED\""],"", """"], [""MENTION"", ""experiments\\exploration\\E1_I0027_reference_ladder\\s04_ladder.py"", 88, ""base = rungs[\""R1_PLAYER_EXPAND\""].to_numpy(float)"", """"], [""MENTION"", ""experiments\\exploration\\E1_I0027_reference_ladder\\s04_ladder.py"", 138, ""incumbent_R1_mae=float(s.loc[s.rung == \""R1_PLAYER_EXPAND\"", \""mae\""].iloc[0]),"", """"], [""MENTION"", ""experiments\\exploration\\E1_I0027_reference_ladder\\s04_ladder.py"", 140, ""float(s.loc[s.rung == \""R1_PLAYER_EXPAND\"", \""mae\""].iloc[0]) - best.mae)"", """"], [""MENTION"", ""experiments\\exploration\\E1_I0027_reference_ladder\\s04_ladder.py"", 141, ""/ float(s.loc[s.rung == \""R1_PLAYER_EXPAND\"", \""mae\""].iloc[0])))"", """"], [""MENTION"", ""experiments\\exploration\\E1_I0027_reference_ladder\\s05_reprice.py"", 144, ""for rung in [\""R1_PLAYER_EXPAND\"", \""R2_EWMA_TUNED\"", RL.CANONICAL_RUNG]:"", """"]]"
E1_I0027_reference_ladder,R2_EWMA_TUNED,16,IN_SCREEN,SUBSCRIPT_ASSIGN,experiments\exploration\E1_I0027_reference_ladder\refladder.py,462,"out[""R2_EWMA_TUNED""] = _estimate(f, t, cfg[""mode""], ""ewma"", float(hl),","_estimate(f, t, cfg[""mode""], ""ewma"", float(hl),","[[""SUBSCRIPT_ASSIGN"", ""experiments\\exploration\\E1_I0027_reference_ladder\\refladder.py"", 462, ""out[\""R2_EWMA_TUNED\""] = _estimate(f, t, cfg[\""mode\""], \""ewma\"", float(hl),"", ""_estimate(f, t, cfg[\""mode\""], \""ewma\"", float(hl),""], [""TUPLE_PAIR"", ""experiments\\exploration\\E1_I0027_reference_ladder\\refladder.py"", 624, ""(\""R2_EWMA_TUNED\"", \""tuned EWMA of the player's prior games\"", \""as R1\"", \""prior-only\""),"", ""\""tuned EWMA of the player's prior games\"", \""as R1\"", \""prior-only\""""], [""TUPLE_PAIR"", ""experiments\\exploration\\E1_I0027_reference_ladder\\refladder.py"", 625, ""(\""R2_EWMA_TUNED\"", \""half-life / mode / shrinkage (pts, minutes, fga, ppm)\"","", ""\""half-life / mode / shrinkage (pts, minutes, fga, ppm""], [""TUPLE_PAIR"", ""experiments\\exploration\\E1_I0027_reference_ladder\\refladder.py"", 628, ""(\""R2_EWMA_TUNED\"", \""half-life (reb, ast)\"","", ""\""half-life (reb, ast""], [""MENTION"", ""experiments\\exploration\\E1_I0027_reference_ladder\\refladder.py"", 102, ""RUNGS = [\""R0_LEAGUE\"", \""R1_PLAYER_EXPAND\"", \""R2_EWMA_TUNED\"", \""R3_RATE_X_MINUTES\"", \""R4_RICH_LOOKUP\""]"", """"], [""MENTION"", ""experiments\\exploration\\E1_I0027_reference_ladder\\refladder.py"", 484, ""\""f_R2_ewma\"": out[\""R2_EWMA_TUNED\""].to_numpy(),"", """"], [""MENTION"", ""experiments\\exploration\\E1_I0027_reference_ladder\\refladder.py"", 501, ""out[\""R3_RATE_X_MINUTES\""].to_numpy(float) - out[\""R2_EWMA_TUNED\""].to_numpy(float))))),"", """"], [""MENTION"", ""experiments\\exploration\\E1_I0027_reference_ladder\\s03_prereg.py"", 83, ""\""also_reported_on\"": [\""R1_PLAYER_EXPAND\"", \""R2_EWMA_TUNED\""],"", """"], [""MENTION"", ""experiments\\exploration\\E1_I0027_reference_ladder\\s05_reprice.py"", 144, ""for rung in [\""R1_PLAYER_EXPAND\"", \""R2_EWMA_TUNED\"", RL.CANONICAL_RUNG]:"", """"], [""MENTION"", ""experiments\\exploration\\E1_I0027_reference_ladder\\s05_reprice.py"", 219, ""for rung in [\""R1_PLAYER_EXPAND\"", \""R2_EWMA_TUNED\"", RL.CANONICAL_RUNG]:"", """"]]"
E1_I0027_reference_ladder,R3_RATE_X_MINUTES,8,IN_SCREEN,SUBSCRIPT_ASSIGN,experiments\exploration\E1_I0027_reference_ladder\refladder.py,470,"out[""R3_RATE_X_MINUTES""] = np.nan",np.nan,"[[""SUBSCRIPT_ASSIGN"", ""experiments\\exploration\\E1_I0027_reference_ladder\\refladder.py"", 470, ""out[\""R3_RATE_X_MINUTES\""] = np.nan"", ""np.nan""], [""SUBSCRIPT_ASSIGN"", ""experiments\\exploration\\E1_I0027_reference_ladder\\refladder.py"", 472, ""out[\""R3_RATE_X_MINUTES\""] = _estimate(f, t, \""composite\"", \""ewma\"", float(hl),"", ""_estimate(f, t, \""composite\"", \""ewma\"", float(hl),""], [""TUPLE_PAIR"", ""experiments\\exploration\\E1_I0027_reference_ladder\\refladder.py"", 633, ""(\""R3_RATE_X_MINUTES\"", \""EWMA(rate) x EWMA(minutes)\"", \""as R1, both factors\"", \""prior-only\""),"", ""\""EWMA(rate""], [""MENTION"", ""experiments\\exploration\\E1_I0027_reference_ladder\\refladder.py"", 102, ""RUNGS = [\""R0_LEAGUE\"", \""R1_PLAYER_EXPAND\"", \""R2_EWMA_TUNED\"", \""R3_RATE_X_MINUTES\"", \""R4_RICH_LOOKUP\""]"", """"], [""MENTION"", ""experiments\\exploration\\E1_I0027_reference_ladder\\refladder.py"", 491, ""feats[\""f_R3_composite\""] = out[\""R3_RATE_X_MINUTES\""].to_numpy()"", """"], [""MENTION"", ""experiments\\exploration\\E1_I0027_reference_ladder\\refladder.py"", 501, ""out[\""R3_RATE_X_MINUTES\""].to_numpy(float) - out[\""R2_EWMA_TUNED\""].to_numpy(float))))),"", """"], [""MENTION"", ""experiments\\exploration\\E1_I0027_reference_ladder\\s05_reprice.py"", 396, ""float(d92.loc[d92.rung == \""R3_RATE_X_MINUTES\"", \""skill_vs_rung\""].iloc[0])),"", """"], [""MENTION"", ""experiments\\exploration\\E1_I0027_reference_ladder\\s06_findings.py"", 148, ""float(d92.loc[d92.rung == \""R3_RATE_X_MINUTES\"", \""skill_vs_rung\""].iloc[0])))"", """"]]"
E1_I0027_reference_ladder,R4_RICH_LOOKUP,6,IN_SCREEN,TUPLE_PAIR,experiments\exploration\E1_I0027_reference_ladder\refladder.py,636,"(""R4_RICH_LOOKUP"", ""THE BLEND COEFFICIENTS (inference step)"",","""THE BLEND COEFFICIENTS (inference step","[[""TUPLE_PAIR"", ""experiments\\exploration\\E1_I0027_reference_ladder\\refladder.py"", 636, ""(\""R4_RICH_LOOKUP\"", \""THE BLEND COEFFICIENTS (inference step)\"","", ""\""THE BLEND COEFFICIENTS (inference step""], [""MENTION"", ""experiments\\exploration\\E1_I0027_reference_ladder\\refladder.py"", 102, ""RUNGS = [\""R0_LEAGUE\"", \""R1_PLAYER_EXPAND\"", \""R2_EWMA_TUNED\"", \""R3_RATE_X_MINUTES\"", \""R4_RICH_LOOKUP\""]"", """"], [""MENTION"", ""experiments\\exploration\\E1_I0027_reference_ladder\\refladder.py"", 105, ""CANONICAL_RUNG = \""R4_RICH_LOOKUP\"""", """"], [""MENTION"", ""experiments\\exploration\\E1_I0027_reference_ladder\\refladder.py"", 494, ""out[\""R4_RICH_LOOKUP\""], r4_meta = _walk_forward_blend(f, y, feats, scored_seasons)"", """"], [""MENTION"", ""experiments\\exploration\\E1_I0027_reference_ladder\\refladder.py"", 634, ""(\""R4_RICH_LOOKUP\"", \""the feature columns\"", \""each is a rung or a prior-only aggregate above\"","", """"], [""MENTION"", ""experiments\\exploration\\E1_I0027_reference_ladder\\s06_findings.py"", 146, ""% (float(d92.loc[d92.rung == \""R4_RICH_LOOKUP\"", \""skill_vs_rung\""].iloc[0]),"", """"]]"
E1_I0027_reference_ladder,0.0064193656303963,0,NONE,NONE,,-1,,,[]
E1_I0027_reference_ladder,0.0039145919604981,0,NONE,NONE,,-1,,,[]
E1_I0027_reference_ladder,0.0035722898272361,0,NONE,NONE,,-1,,,[]
E1_I0027_reference_ladder,0.0051773646242858,0,NONE,NONE,,-1,,,[]
E1_I0027_reference_ladder,0.0045748709111776,0,NONE,NONE,,-1,,,[]
E1_I0027_reference_ladder,0.0045498548762125,0,NONE,NONE,,-1,,,[]
E1_I0027_reference_ladder,0.0102777472750601,0,NONE,NONE,,-1,,,[]
E1_I0027_reference_ladder,0.0096470153400169,0,NONE,NONE,,-1,,,[]
E1_I0027_reference_ladder,0.0112794646108451,0,NONE,NONE,,-1,,,[]
E1_I0027_reference_ladder,8.323895376183277e-05,0,NONE,NONE,,-1,,,[]
E1_I0027_reference_ladder,-1.0570163212486603e-05,0,NONE,NONE,,-1,,,[]
E1_I0027_reference_ladder,-0.0002961142343277,0,NONE,NONE,,-1,,,[]
E1_I0032_aggregate_stack,STACK,2,IN_SCREEN,MENTION,experiments\exploration\E1_I0032_aggregate_stack\scripts\s08_stack.py,121,"rows.append(dict(family=""HEADLINE"", **measure(t, s, FULL[t], ch, ""STACK"", ""CHAMPION"")))",,"[[""MENTION"", ""experiments\\exploration\\E1_I0032_aggregate_stack\\scripts\\s08_stack.py"", 121, ""rows.append(dict(family=\""HEADLINE\"", **measure(t, s, FULL[t], ch, \""STACK\"", \""CHAMPION\"")))"", """"], [""MENTION"", ""experiments\\exploration\\E1_I0032_aggregate_stack\\scripts\\s08_stack.py"", 123, ""**measure(t, s, FULL[t], r4, \""STACK\"", \""R4_COMPLETE\"")))"", """"]]"
E1_I0032_aggregate_stack,CHAMPION,8,IN_SCREEN,DICT_VALUE,experiments\exploration\E1_I0032_aggregate_stack\scripts\s03_prereg.py,29,"""CHAMPION"": ""experiments/exploration/E1_I0020_coldstart_tiering/tier_frame.parquet"",","""experiments/exploration/E1_I0020_coldstart_tiering/tier_frame.parquet""","[[""DICT_VALUE"", ""experiments\\exploration\\E1_I0032_aggregate_stack\\scripts\\s03_prereg.py"", 29, ""\""CHAMPION\"": \""experiments/exploration/E1_I0020_coldstart_tiering/tier_frame.parquet\"","", ""\""experiments/exploration/E1_I0020_coldstart_tiering/tier_frame.parquet\""""], [""MENTION"", ""experiments\\exploration\\E1_I0032_aggregate_stack\\scripts\\s08_stack.py"", 121, ""rows.append(dict(family=\""HEADLINE\"", **measure(t, s, FULL[t], ch, \""STACK\"", \""CHAMPION\"")))"", """"], [""MENTION"", ""experiments\\exploration\\E1_I0032_aggregate_stack\\scripts\\s08_stack.py"", 125, ""**measure(t, s, ch, r4, \""CHAMPION\"", \""R4_COMPLETE\"")))"", """"], [""MENTION"", ""experiments\\exploration\\E1_I0032_aggregate_stack\\scripts\\s08_stack.py"", 142, ""**measure(t, \""POOLED\"", build(t, [], False), ch, \""NOOP\"", \""CHAMPION\"")))"", """"], [""MENTION"", ""experiments\\exploration\\E1_I0032_aggregate_stack\\scripts\\s08_stack.py"", 144, ""**measure(t, \""POOLED\"", ch, ch, \""CHAMPION\"", \""CHAMPION\"")))"", """"], [""MENTION"", ""experiments\\exploration\\E1_I0032_aggregate_stack\\scripts\\s08_stack.py"", 206, ""r = measure(t, s, a, ch, \""STEP%d\"" % i, \""CHAMPION\"")"", """"], [""MENTION"", ""experiments\\exploration\\E1_I0032_aggregate_stack\\scripts\\s08_stack.py"", 230, ""**measure(t, s, PFULL[t], ch, \""PLACEBO_STACK\"", \""CHAMPION\"")))"", """"], [""MENTION"", ""experiments\\exploration\\E1_I0032_aggregate_stack\\scripts\\s10_draws.py"", 27, ""name_b=\""CHAMPION\"", alternative=\""two_sided\"")"", """"]]"
E1_I0032_aggregate_stack,FULL_STACK,1,IN_SCREEN,MENTION,experiments\exploration\E1_I0032_aggregate_stack\scripts\s08_stack.py,159,"r = measure(t, s, FULL[t], a, ""FULL_STACK"", ""MINUS_%s"" % cid)",,"[[""MENTION"", ""experiments\\exploration\\E1_I0032_aggregate_stack\\scripts\\s08_stack.py"", 159, ""r = measure(t, s, FULL[t], a, \""FULL_STACK\"", \""MINUS_%s\"" % cid)"", """"]]"
E1_I0032_aggregate_stack,STEP0,0,NONE,NONE,,-1,,,[]
E1_I0032_aggregate_stack,STEP1,0,NONE,NONE,,-1,,,[]
E1_I0032_aggregate_stack,STEP2,0,NONE,NONE,,-1,,,[]
E1_I0032_aggregate_stack,STEP3,0,NONE,NONE,,-1,,,[]
E1_I0032_aggregate_stack,STEP4,0,NONE,NONE,,-1,,,[]
E1_I0032_aggregate_stack,STEP5,0,NONE,NONE,,-1,,,[]
E1_I0032_aggregate_stack,STEP6,0,NONE,NONE,,-1,,,[]
E1_I0032_aggregate_stack,PLACEBO_STACK,2,IN_SCREEN,MENTION,experiments\exploration\E1_I0032_aggregate_stack\scripts\s08_stack.py,230,"**measure(t, s, PFULL[t], ch, ""PLACEBO_STACK"", ""CHAMPION"")))",,"[[""MENTION"", ""experiments\\exploration\\E1_I0032_aggregate_stack\\scripts\\s08_stack.py"", 230, ""**measure(t, s, PFULL[t], ch, \""PLACEBO_STACK\"", \""CHAMPION\"")))"", """"], [""MENTION"", ""experiments\\exploration\\E1_I0032_aggregate_stack\\scripts\\s08_stack.py"", 232, ""**measure(t, s, PFULL[t], r4, \""PLACEBO_STACK\"", \""R4_COMPLETE\"")))"", """"]]"
E1_I0032_aggregate_stack,PLACEBO_FULL,1,IN_SCREEN,MENTION,experiments\exploration\E1_I0032_aggregate_stack\scripts\s08_stack.py,239,"r = measure(t, s, PFULL[t], a, ""PLACEBO_FULL"", ""PLACEBO_MINUS_%s"" % cid)",,"[[""MENTION"", ""experiments\\exploration\\E1_I0032_aggregate_stack\\scripts\\s08_stack.py"", 239, ""r = measure(t, s, PFULL[t], a, \""PLACEBO_FULL\"", \""PLACEBO_MINUS_%s\"" % cid)"", """"]]"
E1_I0032_aggregate_stack,NOOP,6,WORKTREE,NAME_ASSIGN,experiments\exploration\E0_I0016_efficiency_predictors\s02_screen.py,102,"NOOP = {""identity"": {k: v for k, v in np_res.items() if k != ""draws""},","{""identity"": {k: v for k, v in np_res.items() if k != ""draws""},","[[""NAME_ASSIGN"", ""experiments\\exploration\\E0_I0016_efficiency_predictors\\s02_screen.py"", 102, ""NOOP = {\""identity\"": {k: v for k, v in np_res.items() if k != \""draws\""},"", ""{\""identity\"": {k: v for k, v in np_res.items() if k != \""draws\""},""], [""NAME_ASSIGN"", ""experiments\\exploration\\E0_I0016_efficiency_predictors\\s02_screen_SUPERSEDED.py"", 91, ""NOOP = {k: (float(v) if isinstance(v, (int, float, np.floating)) else v)"", ""{k: (float(v) if isinstance(v, (int, float, np.floating)) else v)""], [""NAME_ASSIGN"", ""experiments\\exploration\\E1_I0013_tempo_redundancy\\step2_reproduce.py"", 162, ""NOOP = 60"", ""60""], [""NAME_ASSIGN"", ""experiments\\exploration\\E1_I0018_teammate_volume_channel\\s03_screen.py"", 131, ""NOOP = {\""identity\"": {k: v for k, v in npl.items() if k != \""draws\""},"", ""{\""identity\"": {k: v for k, v in npl.items() if k != \""draws\""},""], [""MENTION"", ""experiments\\exploration\\E1_I0032_aggregate_stack\\scripts\\s03_prereg.py"", 282, ""{\""id\"": \""NOOP\"", \""design\"": \""stack == champion exactly\"", \""must_return\"": \""dR2 == 0.0 and p == 1.0\""},"", """"], [""MENTION"", ""experiments\\exploration\\E1_I0032_aggregate_stack\\scripts\\s08_stack.py"", 142, ""**measure(t, \""POOLED\"", build(t, [], False), ch, \""NOOP\"", \""CHAMPION\"")))"", """"]]"
E1_I0032_aggregate_stack,v14,1,IN_SCREEN,TUPLE_PAIR,experiments\exploration\E1_I0032_aggregate_stack\scripts\s09_availability.py,36,"for arm in (""v14"", ""v15""):","""v15""","[[""TUPLE_PAIR"", ""experiments\\exploration\\E1_I0032_aggregate_stack\\scripts\\s09_availability.py"", 36, ""for arm in (\""v14\"", \""v15\""):"", ""\""v15\""""]]"
E1_I0032_aggregate_stack,v15,1,IN_SCREEN,MENTION,experiments\exploration\E1_I0032_aggregate_stack\scripts\s09_availability.py,36,"for arm in (""v14"", ""v15""):",,"[[""MENTION"", ""experiments\\exploration\\E1_I0032_aggregate_stack\\scripts\\s09_availability.py"", 36, ""for arm in (\""v14\"", \""v15\""):"", """"]]"
E1_I0033_aggregation_level,A_TEAM,26,IN_SCREEN,RENAME_TO,experiments\exploration\E1_I0033_aggregation_level\scripts\s05_build.py,294,".rename(columns={""pred_point"": ""A_TEAM"",",pred_point,"[[""RENAME_TO"", ""experiments\\exploration\\E1_I0033_aggregation_level\\scripts\\s05_build.py"", 294, "".rename(columns={\""pred_point\"": \""A_TEAM\"","", ""pred_point""], [""TUPLE_PAIR"", ""experiments\\exploration\\E1_I0033_aggregation_level\\scripts\\s07_gap_decomposition.py"", 85, ""(\""A_TEAM\"", \""A_TEAM_CAL\"")]:"", ""\""A_TEAM_CAL\""""], [""MENTION"", ""experiments\\exploration\\E1_I0033_aggregation_level\\scripts\\s05_build.py"", 30, ""dict(column=\""A_TEAM\"", construction=\""stored pred_point, cbs_v12_team_oof_v2/attempt_001\"","", """"], [""MENTION"", ""experiments\\exploration\\E1_I0033_aggregation_level\\scripts\\s05_build.py"", 305, ""& tgame[\""A_TEAM\""].notna() & (tgame[\""n_champion_rows\""] > 0))"", """"], [""MENTION"", ""experiments\\exploration\\E1_I0033_aggregation_level\\scripts\\s05_build.py"", 307, ""& tgame[\""A_TEAM\""].notna() & (tgame[\""n_champion_rows\""] > 0))"", """"], [""MENTION"", ""experiments\\exploration\\E1_I0033_aggregation_level\\scripts\\s06_topdown_vs_bottomup.py"", 114, ""\""mean_A_TEAM\"": float(tf.loc[rs1, \""A_TEAM\""].mean()),"", """"], [""MENTION"", ""experiments\\exploration\\E1_I0033_aggregation_level\\scripts\\s06_topdown_vs_bottomup.py"", 116, ""\""A_TEAM_level_bias\"": float(tf.loc[rs1, \""A_TEAM\""].mean() - tf.loc[rs1, \""pts\""].mean()),"", """"], [""MENTION"", ""experiments\\exploration\\E1_I0033_aggregation_level\\scripts\\s06_topdown_vs_bottomup.py"", 129, ""C1, cw = refs.walk_forward_blend(tf, \""pts\"", \""A_TEAM\"", \""B1_BOTTOMUP_AVAIL\"", \""season\"","", """"], [""MENTION"", ""experiments\\exploration\\E1_I0033_aggregation_level\\scripts\\s06_topdown_vs_bottomup.py"", 137, ""tf[\""C2_PRORATE\""] = tf[\""A_TEAM\""]"", """"], [""MENTION"", ""experiments\\exploration\\E1_I0033_aggregation_level\\scripts\\s06_topdown_vs_bottomup.py"", 180, ""ARMS = [\""A_TEAM\"", \""B1_BOTTOMUP_AVAIL\"", \""B2_BOTTOMUP_RAW\"", \""B4_BOTTOMUP_CAL\"","", """"]]"
E1_I0033_aggregation_level,B1_BOTTOMUP_AVAIL,22,IN_SCREEN,TUPLE_PAIR,experiments\exploration\E1_I0033_aggregation_level\scripts\s07_gap_decomposition.py,81,"for src, dst in [(""B1_BOTTOMUP_AVAIL"", ""B4_BOTTOMUP_CAL""),","""B4_BOTTOMUP_CAL""","[[""TUPLE_PAIR"", ""experiments\\exploration\\E1_I0033_aggregation_level\\scripts\\s07_gap_decomposition.py"", 81, ""for src, dst in [(\""B1_BOTTOMUP_AVAIL\"", \""B4_BOTTOMUP_CAL\""),"", ""\""B4_BOTTOMUP_CAL\""""], [""MENTION"", ""experiments\\exploration\\E1_I0033_aggregation_level\\scripts\\s06_topdown_vs_bottomup.py"", 101, ""% (tf.loc[rs1, \""B1_BOTTOMUP_AVAIL\""].mean(), tf.loc[rs1, \""B2_BOTTOMUP_RAW\""].mean(),"", """"], [""MENTION"", ""experiments\\exploration\\E1_I0033_aggregation_level\\scripts\\s06_topdown_vs_bottomup.py"", 110, ""\""mean_B1\"": float(tf.loc[rs1, \""B1_BOTTOMUP_AVAIL\""].mean()),"", """"], [""MENTION"", ""experiments\\exploration\\E1_I0033_aggregation_level\\scripts\\s06_topdown_vs_bottomup.py"", 115, ""\""B1_level_bias\"": float(tf.loc[rs1, \""B1_BOTTOMUP_AVAIL\""].mean() - tf.loc[rs1, \""pts\""].mean()),"", """"], [""MENTION"", ""experiments\\exploration\\E1_I0033_aggregation_level\\scripts\\s06_topdown_vs_bottomup.py"", 122, ""B4, c4 = refs.walk_forward_affine(tf, \""pts\"", \""B1_BOTTOMUP_AVAIL\"", \""season\"", ab.SCORED_SEASONS)"", """"], [""MENTION"", ""experiments\\exploration\\E1_I0033_aggregation_level\\scripts\\s06_topdown_vs_bottomup.py"", 129, ""C1, cw = refs.walk_forward_blend(tf, \""pts\"", \""A_TEAM\"", \""B1_BOTTOMUP_AVAIL\"", \""season\"","", """"], [""MENTION"", ""experiments\\exploration\\E1_I0033_aggregation_level\\scripts\\s06_topdown_vs_bottomup.py"", 180, ""ARMS = [\""A_TEAM\"", \""B1_BOTTOMUP_AVAIL\"", \""B2_BOTTOMUP_RAW\"", \""B4_BOTTOMUP_CAL\"","", """"], [""MENTION"", ""experiments\\exploration\\E1_I0033_aggregation_level\\scripts\\s06_topdown_vs_bottomup.py"", 217, ""pairs = [(\""P01\"", \""A_TEAM\"", \""B1_BOTTOMUP_AVAIL\""),"", """"], [""MENTION"", ""experiments\\exploration\\E1_I0033_aggregation_level\\scripts\\s06_topdown_vs_bottomup.py"", 219, ""(\""P03\"", \""B1_BOTTOMUP_AVAIL\"", \""R2_TEAM_EWMA\""),"", """"], [""MENTION"", ""experiments\\exploration\\E1_I0033_aggregation_level\\scripts\\s06_topdown_vs_bottomup.py"", 221, ""(\""P05\"", \""B3_ORACLE_ROSTER\"", \""B1_BOTTOMUP_AVAIL\""),"", """"]]"
E1_I0033_aggregation_level,C1_BLEND,3,IN_SCREEN,SUBSCRIPT_ASSIGN,experiments\exploration\E1_I0033_aggregation_level\scripts\s06_topdown_vs_bottomup.py,131,"tf[""C1_BLEND""] = C1",C1,"[[""SUBSCRIPT_ASSIGN"", ""experiments\\exploration\\E1_I0033_aggregation_level\\scripts\\s06_topdown_vs_bottomup.py"", 131, ""tf[\""C1_BLEND\""] = C1"", ""C1""], [""MENTION"", ""experiments\\exploration\\E1_I0033_aggregation_level\\scripts\\s06_topdown_vs_bottomup.py"", 181, ""\""C1_BLEND\"", \""C2_PRORATE\"", \""R0_LEAGUE\"", \""R1_TEAM_EXPAND\"", \""R2_TEAM_EWMA\"","", """"], [""MENTION"", ""experiments\\exploration\\E1_I0033_aggregation_level\\scripts\\s06_topdown_vs_bottomup.py"", 220, ""(\""P04\"", \""C1_BLEND\"", \""A_TEAM\""),"", """"]]"
E1_I0033_aggregation_level,B3_ORACLE_ROSTER,12,IN_SCREEN,TUPLE_PAIR,experiments\exploration\E1_I0033_aggregation_level\scripts\s07_gap_decomposition.py,84,"(""B3_ORACLE_ROSTER"", ""B4O_ORACLE_CAL""),","""B4O_ORACLE_CAL""","[[""TUPLE_PAIR"", ""experiments\\exploration\\E1_I0033_aggregation_level\\scripts\\s07_gap_decomposition.py"", 84, ""(\""B3_ORACLE_ROSTER\"", \""B4O_ORACLE_CAL\""),"", ""\""B4O_ORACLE_CAL\""""], [""MENTION"", ""experiments\\exploration\\E1_I0033_aggregation_level\\scripts\\s05_build.py"", 46, ""dict(column=\""B3_ORACLE_ROSTER\"", construction=\""sum of pts_hat over rows with appeared==1\"","", """"], [""MENTION"", ""experiments\\exploration\\E1_I0033_aggregation_level\\scripts\\s06_topdown_vs_bottomup.py"", 102, ""tf.loc[rs1, \""B3_ORACLE_ROSTER\""].mean(), tf.loc[rs1, \""pts\""].mean()))"", """"], [""MENTION"", ""experiments\\exploration\\E1_I0033_aggregation_level\\scripts\\s06_topdown_vs_bottomup.py"", 112, ""\""mean_B3_ORACLE\"": float(tf.loc[rs1, \""B3_ORACLE_ROSTER\""].mean()),"", """"], [""MENTION"", ""experiments\\exploration\\E1_I0033_aggregation_level\\scripts\\s06_topdown_vs_bottomup.py"", 182, ""\""B3_ORACLE_ROSTER\""]"", """"], [""MENTION"", ""experiments\\exploration\\E1_I0033_aggregation_level\\scripts\\s06_topdown_vs_bottomup.py"", 185, ""tab[\""ORACLE\""] = tab[\""arm\""].eq(\""B3_ORACLE_ROSTER\"")"", """"], [""MENTION"", ""experiments\\exploration\\E1_I0033_aggregation_level\\scripts\\s06_topdown_vs_bottomup.py"", 221, ""(\""P05\"", \""B3_ORACLE_ROSTER\"", \""B1_BOTTOMUP_AVAIL\""),"", """"], [""MENTION"", ""experiments\\exploration\\E1_I0033_aggregation_level\\scripts\\s06_topdown_vs_bottomup.py"", 240, ""\""is_ORACLE\"": bool(a == \""B3_ORACLE_ROSTER\"" or b == \""B3_ORACLE_ROSTER\"")}"", """"], [""MENTION"", ""experiments\\exploration\\E1_I0033_aggregation_level\\scripts\\s07_gap_decomposition.py"", 98, ""\""B4N_NORMALISED_CAL\"", \""B3_ORACLE_ROSTER\"", \""B4O_ORACLE_CAL\"","", """"], [""MENTION"", ""experiments\\exploration\\E1_I0033_aggregation_level\\scripts\\s07_gap_decomposition.py"", 109, ""ORACLE=bool(a == \""B3_ORACLE_ROSTER\""),"", """"]]"
E1_I0033_aggregation_level,B4_BOTTOMUP_CAL,5,IN_SCREEN,SUBSCRIPT_ASSIGN,experiments\exploration\E1_I0033_aggregation_level\scripts\s06_topdown_vs_bottomup.py,123,"tf[""B4_BOTTOMUP_CAL""] = B4",B4,"[[""SUBSCRIPT_ASSIGN"", ""experiments\\exploration\\E1_I0033_aggregation_level\\scripts\\s06_topdown_vs_bottomup.py"", 123, ""tf[\""B4_BOTTOMUP_CAL\""] = B4"", ""B4""], [""MENTION"", ""experiments\\exploration\\E1_I0033_aggregation_level\\scripts\\s06_topdown_vs_bottomup.py"", 180, ""ARMS = [\""A_TEAM\"", \""B1_BOTTOMUP_AVAIL\"", \""B2_BOTTOMUP_RAW\"", \""B4_BOTTOMUP_CAL\"","", """"], [""MENTION"", ""experiments\\exploration\\E1_I0033_aggregation_level\\scripts\\s06_topdown_vs_bottomup.py"", 222, ""(\""P06\"", \""B4_BOTTOMUP_CAL\"", \""B1_BOTTOMUP_AVAIL\"")]"", """"], [""MENTION"", ""experiments\\exploration\\E1_I0033_aggregation_level\\scripts\\s07_gap_decomposition.py"", 81, ""for src, dst in [(\""B1_BOTTOMUP_AVAIL\"", \""B4_BOTTOMUP_CAL\""),"", """"], [""MENTION"", ""experiments\\exploration\\E1_I0033_aggregation_level\\scripts\\s07_gap_decomposition.py"", 97, ""\""B1N_ROSTER_NORMALISED\"", \""B4_BOTTOMUP_CAL\"", \""B4A_TIER_A_CAL\"","", """"]]"
E1_I0033_aggregation_level,P09,1,IN_SCREEN,MENTION,experiments\exploration\E1_I0033_aggregation_level\scripts\s08_which_level.py,21,"QUANTITIES = [(""pts"", ""P09""), (""fga"", ""P10""), (""fta"", ""P11""), (""ftm"", ""P12""),",,"[[""MENTION"", ""experiments\\exploration\\E1_I0033_aggregation_level\\scripts\\s08_which_level.py"", 21, ""QUANTITIES = [(\""pts\"", \""P09\""), (\""fga\"", \""P10\""), (\""fta\"", \""P11\""), (\""ftm\"", \""P12\""),"", """"]]"
E1_I0033_aggregation_level,P10,1,IN_SCREEN,MENTION,experiments\exploration\E1_I0033_aggregation_level\scripts\s08_which_level.py,21,"QUANTITIES = [(""pts"", ""P09""), (""fga"", ""P10""), (""fta"", ""P11""), (""ftm"", ""P12""),",,"[[""MENTION"", ""experiments\\exploration\\E1_I0033_aggregation_level\\scripts\\s08_which_level.py"", 21, ""QUANTITIES = [(\""pts\"", \""P09\""), (\""fga\"", \""P10\""), (\""fta\"", \""P11\""), (\""ftm\"", \""P12\""),"", """"]]"
E1_I0033_aggregation_level,P11,1,IN_SCREEN,MENTION,experiments\exploration\E1_I0033_aggregation_level\scripts\s08_which_level.py,21,"QUANTITIES = [(""pts"", ""P09""), (""fga"", ""P10""), (""fta"", ""P11""), (""ftm"", ""P12""),",,"[[""MENTION"", ""experiments\\exploration\\E1_I0033_aggregation_level\\scripts\\s08_which_level.py"", 21, ""QUANTITIES = [(\""pts\"", \""P09\""), (\""fga\"", \""P10\""), (\""fta\"", \""P11\""), (\""ftm\"", \""P12\""),"", """"]]"
E1_I0033_aggregation_level,P12,1,IN_SCREEN,MENTION,experiments\exploration\E1_I0033_aggregation_level\scripts\s08_which_level.py,21,"QUANTITIES = [(""pts"", ""P09""), (""fga"", ""P10""), (""fta"", ""P11""), (""ftm"", ""P12""),",,"[[""MENTION"", ""experiments\\exploration\\E1_I0033_aggregation_level\\scripts\\s08_which_level.py"", 21, ""QUANTITIES = [(\""pts\"", \""P09\""), (\""fga\"", \""P10\""), (\""fta\"", \""P11\""), (\""ftm\"", \""P12\""),"", """"]]"
E1_I0033_aggregation_level,P13,1,IN_SCREEN,MENTION,experiments\exploration\E1_I0033_aggregation_level\scripts\s08_which_level.py,22,"(""reb"", ""P13""), (""ast"", ""P14"")]",,"[[""MENTION"", ""experiments\\exploration\\E1_I0033_aggregation_level\\scripts\\s08_which_level.py"", 22, ""(\""reb\"", \""P13\""), (\""ast\"", \""P14\"")]"", """"]]"
E1_I0033_aggregation_level,P14,3,WORKTREE,NAME_ASSIGN,experiments\exploration\E1_I0041_tstat_family_audit\scripts\s02_probe_structure.py,17,"P14 = os.path.join(EXPL, ""E0_I0014_residual_heterogeneity"")","os.path.join(EXPL, ""E0_I0014_residual_heterogeneity"")","[[""NAME_ASSIGN"", ""experiments\\exploration\\E1_I0041_tstat_family_audit\\scripts\\s02_probe_structure.py"", 17, ""P14 = os.path.join(EXPL, \""E0_I0014_residual_heterogeneity\"")"", ""os.path.join(EXPL, \""E0_I0014_residual_heterogeneity\"")""], [""NAME_ASSIGN"", ""experiments\\exploration\\E1_I0041_tstat_family_audit\\scripts\\s04_restate_d103.py"", 18, ""P14 = os.path.join(EXPL, \""E0_I0014_residual_heterogeneity\"")"", ""os.path.join(EXPL, \""E0_I0014_residual_heterogeneity\"")""], [""MENTION"", ""experiments\\exploration\\E1_I0033_aggregation_level\\scripts\\s08_which_level.py"", 22, ""(\""reb\"", \""P13\""), (\""ast\"", \""P14\"")]"", """"]]"
E1_I0033_aggregation_level,P07,1,IN_SCREEN,TUPLE_PAIR,experiments\exploration\E1_I0033_aggregation_level\scripts\s09_ft_composition.py,181,"for cid, a, b in [(""P07"", ""FT_COMPOSED"", ""FT_FLAT""),","""FT_COMPOSED"", ""FT_FLAT""","[[""TUPLE_PAIR"", ""experiments\\exploration\\E1_I0033_aggregation_level\\scripts\\s09_ft_composition.py"", 181, ""for cid, a, b in [(\""P07\"", \""FT_COMPOSED\"", \""FT_FLAT\""),"", ""\""FT_COMPOSED\"", \""FT_FLAT\""""]]"
E1_I0033_aggregation_level,P08,1,IN_SCREEN,TUPLE_PAIR,experiments\exploration\E1_I0033_aggregation_level\scripts\s09_ft_composition.py,182,"(""P08"", ""FT_COMPOSED"", ""BASE_NO_VENUE""),","""FT_COMPOSED"", ""BASE_NO_VENUE""","[[""TUPLE_PAIR"", ""experiments\\exploration\\E1_I0033_aggregation_level\\scripts\\s09_ft_composition.py"", 182, ""(\""P08\"", \""FT_COMPOSED\"", \""BASE_NO_VENUE\""),"", ""\""FT_COMPOSED\"", \""BASE_NO_VENUE\""""]]"
E1_I0033_aggregation_level,P07b_EXPLORATORY,1,IN_SCREEN,TUPLE_PAIR,experiments\exploration\E1_I0033_aggregation_level\scripts\s09_ft_composition.py,183,"(""P07b_EXPLORATORY"", ""FT_COMPOSED_OVER_FLAT"", ""FT_FLAT"")]:","""FT_COMPOSED_OVER_FLAT"", ""FT_FLAT""","[[""TUPLE_PAIR"", ""experiments\\exploration\\E1_I0033_aggregation_level\\scripts\\s09_ft_composition.py"", 183, ""(\""P07b_EXPLORATORY\"", \""FT_COMPOSED_OVER_FLAT\"", \""FT_FLAT\"")]:"", ""\""FT_COMPOSED_OVER_FLAT\"", \""FT_FLAT\""""]]"
E1_I0033_aggregation_level,X1_EXPLORATORY,1,IN_SCREEN,TUPLE_PAIR,experiments\exploration\E1_I0033_aggregation_level\scripts\s11_findings.py,23,"for cid, a, b in [(""X1_EXPLORATORY"", ""B4N_NORMALISED_CAL"", ""A_TEAM""),","""B4N_NORMALISED_CAL"", ""A_TEAM""","[[""TUPLE_PAIR"", ""experiments\\exploration\\E1_I0033_aggregation_level\\scripts\\s11_findings.py"", 23, ""for cid, a, b in [(\""X1_EXPLORATORY\"", \""B4N_NORMALISED_CAL\"", \""A_TEAM\""),"", ""\""B4N_NORMALISED_CAL\"", \""A_TEAM\""""]]"
E1_I0033_aggregation_level,X2_EXPLORATORY,1,IN_SCREEN,TUPLE_PAIR,experiments\exploration\E1_I0033_aggregation_level\scripts\s11_findings.py,24,"(""X2_EXPLORATORY"", ""R2_TEAM_EWMA"", ""B4N_NORMALISED_CAL"")]:","""R2_TEAM_EWMA"", ""B4N_NORMALISED_CAL""","[[""TUPLE_PAIR"", ""experiments\\exploration\\E1_I0033_aggregation_level\\scripts\\s11_findings.py"", 24, ""(\""X2_EXPLORATORY\"", \""R2_TEAM_EWMA\"", \""B4N_NORMALISED_CAL\"")]:"", ""\""R2_TEAM_EWMA\"", \""B4N_NORMALISED_CAL\""""]]"
E1_I0035_availability_sum,Xa,24,WORKTREE,NAME_ASSIGN,conditional_edge.py,179,"Xa = np.column_stack([np.ones(n), X])","np.column_stack([np.ones(n), X])","[[""NAME_ASSIGN"", ""conditional_edge.py"", 179, ""Xa = np.column_stack([np.ones(n), X])"", ""np.column_stack([np.ones(n), X])""], [""NAME_ASSIGN"", ""experiments\\exploration\\E1_I0031_rapm_as_prior\\s06_plusminus.py"", 87, ""Xa = f[add_cols].to_numpy(float)"", ""f[add_cols].to_numpy(float)""], [""NAME_ASSIGN"", ""experiments\\exploration\\E1_I0044_broken_nulls_and_composites\\scripts\\s04_remeasure.py"", 79, ""Xa = X[mask, :]"", ""X[mask, :]""], [""NAME_ASSIGN"", ""experiments\\exploration\\E1_I0044_broken_nulls_and_composites\\scripts\\s07_remeasure_v2.py"", 93, ""Xa = X[mask, :]"", ""X[mask, :]""], [""TUPLE_PAIR"", ""experiments\\exploration\\E1_I0037_mde_audit\\scripts\\s03_decompose.py"", 156, ""for arm in (\""Xa\"", \""Xb\"", \""Xc\"", \""XaO\""):"", ""\""Xb\"", \""Xc\"", \""XaO\""""], [""TUPLE_PAIR"", ""experiments\\exploration\\E1_I0037_mde_audit\\scripts\\s03_decompose.py"", 190, ""for arm in (\""Xa\"", \""Xb\""):"", ""\""Xb\""""], [""TUPLE_PAIR"", ""experiments\\exploration\\E1_I0037_mde_audit\\scripts\\s03_decompose.py"", 225, ""for arm in (\""Xa\"", \""Xb\"", \""Xc\""):"", ""\""Xb\"", \""Xc\""""], [""DICT_VALUE"", ""experiments\\exploration\\E1_I0045_roster_currency\\scripts\\s03_currency.py"", 227, ""W = {\""X0\"": PF[\""p_active_hat\""].to_numpy(float), \""Xa\"": w_Xa}"", ""w_Xa""], [""DICT_VALUE"", ""experiments\\exploration\\E1_I0045_roster_currency\\scripts\\s03_currency.py"", 228, ""DROP = {\""X0\"": np.zeros(len(PF), bool), \""Xa\"": np.zeros(len(PF), bool)}"", ""np.zeros(len(PF)""], [""DICT_VALUE"", ""experiments\\exploration\\E1_I0045_roster_currency\\scripts\\s03_currency.py"", 439, ""if a == \""X0\"" or a == \""Xa\"":"", """"]]"
E1_I0035_availability_sum,XaO,3,IN_SCREEN,MENTION,experiments\exploration\E1_I0035_availability_sum\scripts\s04_repairs.py,226,"ARMS = (""X0"", ""Xa"", ""XaO"", ""Xb"", ""Xc"")",,"[[""MENTION"", ""experiments\\exploration\\E1_I0035_availability_sum\\scripts\\s04_repairs.py"", 226, ""ARMS = (\""X0\"", \""Xa\"", \""XaO\"", \""Xb\"", \""Xc\"")"", """"], [""MENTION"", ""experiments\\exploration\\E1_I0035_availability_sum\\scripts\\s04_repairs.py"", 253, ""ARMS_T = (\""X0\"", \""Xa\"", \""XaO\"", \""Xb\"", \""Xc\"", \""Xd\"")"", """"], [""MENTION"", ""experiments\\exploration\\E1_I0035_availability_sum\\scripts\\s05_power_and_exposure.py"", 36, ""ARMS = (\""X0\"", \""Xa\"", \""XaO\"", \""Xb\"", \""Xc\"")"", """"]]"
E1_I0035_availability_sum,Xb,37,WORKTREE,NAME_ASSIGN,calibrated_prob_edge.py,155,"Xb = np.column_stack([np.ones(len(X)), X])","np.column_stack([np.ones(len(X)), X])","[[""NAME_ASSIGN"", ""calibrated_prob_edge.py"", 155, ""Xb = np.column_stack([np.ones(len(X)), X])"", ""np.column_stack([np.ones(len(X)), X])""], [""NAME_ASSIGN"", ""calibrated_prob_edge.py"", 175, ""Xb = np.column_stack([np.ones(len(X)), X])"", ""np.column_stack([np.ones(len(X)), X])""], [""NAME_ASSIGN"", ""calibrated_prob_edge.py"", 180, ""Xb = np.column_stack([np.ones(len(X)), X])"", ""np.column_stack([np.ones(len(X)), X])""], [""NAME_ASSIGN"", ""experiments\\exploration\\E0_I0012_layer3_noncollinear\\r_robustness.py"", 124, ""Xb = f(w)"", ""f(w)""], [""NAME_ASSIGN"", ""experiments\\exploration\\E0_I0012_layer3_noncollinear\\r_robustness.py"", 141, ""Xb = ladders[-1][1](g)"", ""ladders[-1][1](g)""], [""NAME_ASSIGN"", ""experiments\\exploration\\E0_I0014_residual_heterogeneity\\s04_screen.py"", 205, ""Xb = demean_mat(np.where(is_player[None, :], Xz[ip], Xz[it]))"", ""demean_mat(np.where(is_player[None, :], Xz[ip], Xz[it]))""], [""NAME_ASSIGN"", ""experiments\\exploration\\E0_I0019_availability_forecast\\s03_characterise.py"", 167, ""Xb = np.column_stack([np.ones(len(F))] + [X[c].to_numpy(float) for c in cols])"", ""np.column_stack([np.ones(len(F))] + [X[c].to_numpy(float) for c in cols])""], [""NAME_ASSIGN"", ""experiments\\exploration\\E1_I0004_efficiency_transfer\\s04_ceiling_and_findings.py"", 99, ""Xb = d[[bcol]].to_numpy(float)"", ""d[[bcol]].to_numpy(float)""], [""NAME_ASSIGN"", ""experiments\\exploration\\E1_I0009_additive_pressure\\analyze.py"", 80, ""Xb = design(base_cols, m)"", ""design(base_cols, m)""], [""NAME_ASSIGN"", ""experiments\\exploration\\E1_I0009_additive_pressure\\analyze.py"", 227, ""Xb = design(base_cols, m)"", ""design(base_cols, m)""]]"
E1_I0035_availability_sum,Xc,12,WORKTREE,NAME_ASSIGN,experiments\exploration\E0_I0013_possession_volume\pv_base.py,251,Xc = X[m],X[m],"[[""NAME_ASSIGN"", ""experiments\\exploration\\E0_I0013_possession_volume\\pv_base.py"", 251, ""Xc = X[m]"", ""X[m]""], [""NAME_ASSIGN"", ""experiments\\exploration\\E1_I0009_additive_pressure\\analyze.py"", 147, ""Xc = np.column_stack([np.ones(m.sum()), f[\""player_is_home\""].to_numpy(float)[m],"", ""np.column_stack([np.ones(m.sum()), f[\""player_is_home\""].to_numpy(float)[m],""], [""NAME_ASSIGN"", ""experiments\\exploration\\E1_I0009_r2_rerun\\src\\E1_analyze_original.py"", 147, ""Xc = np.column_stack([np.ones(m.sum()), f[\""player_is_home\""].to_numpy(float)[m],"", ""np.column_stack([np.ones(m.sum()), f[\""player_is_home\""].to_numpy(float)[m],""], [""NAME_ASSIGN"", ""experiments\\exploration\\E1_I0031_rapm_as_prior\\s02_feature.py"", 320, ""Xc = Xc_all"", ""Xc_all""], [""NAME_ASSIGN"", ""experiments\\player_program\\feature_gate.py"", 47, ""Xc = X[m]"", ""X[m]""], [""NAME_ASSIGN"", ""experiments\\player_program\\ops_lane\\I12_DESIGN_DEPENDENCY_AUDIT\\design_dependency_audit.py"", 281, ""Xc = X[m]"", ""X[m]""], [""NAME_ASSIGN"", ""experiments\\player_program\\stage2b\\P27_FOLD_LOCAL_ESTIMABILITY_GUARD\\fold_estimability_guard.py"", 372, ""Xc = X[m]"", ""X[m]""], [""MENTION"", ""experiments\\exploration\\E1_I0035_availability_sum\\scripts\\s04_repairs.py"", 226, ""ARMS = (\""X0\"", \""Xa\"", \""XaO\"", \""Xb\"", \""Xc\"")"", """"], [""MENTION"", ""experiments\\exploration\\E1_I0035_availability_sum\\scripts\\s04_repairs.py"", 253, ""ARMS_T = (\""X0\"", \""Xa\"", \""XaO\"", \""Xb\"", \""Xc\"", \""Xd\"")"", """"], [""MENTION"", ""experiments\\exploration\\E1_I0035_availability_sum\\scripts\\s05_power_and_exposure.py"", 36, ""ARMS = (\""X0\"", \""Xa\"", \""XaO\"", \""Xb\"", \""Xc\"")"", """"]]"
E1_I0035_availability_sum,Xd,8,WORKTREE,NAME_ASSIGN,experiments\exploration\E0_I0010_positional_matchup\analyze.py,196,"Xd = np.column_stack([np.ones(len(w)), w[""D""].values])","np.column_stack([np.ones(len(w)), w[""D""].values])","[[""NAME_ASSIGN"", ""experiments\\exploration\\E0_I0010_positional_matchup\\analyze.py"", 196, ""Xd = np.column_stack([np.ones(len(w)), w[\""D\""].values])"", ""np.column_stack([np.ones(len(w)), w[\""D\""].values])""], [""NAME_ASSIGN"", ""experiments\\exploration\\_screen_kit\\screenkit.py"", 545, ""Xd = _design(X, add_intercept)"", ""_design(X, add_intercept)""], [""NAME_ASSIGN"", ""experiments\\exploration\\_screen_kit\\screenkit.py"", 651, ""Xd = _design(X, add_intercept)"", ""_design(X, add_intercept)""], [""NAME_ASSIGN"", ""experiments\\exploration\\_screen_kit\\screenkit.py"", 713, ""Xd = _design(X, add_intercept)"", ""_design(X, add_intercept)""], [""NAME_ASSIGN"", ""experiments\\exploration\\_screen_kit\\TESTS.py"", 849, ""Xd = np.column_stack([np.ones(n), X])"", ""np.column_stack([np.ones(n), X])""], [""NAME_ASSIGN"", ""experiments\\player_program\\run_turnover_p2.py"", 48, ""Xd = np.hstack([np.ones((n, 1)), X])"", ""np.hstack([np.ones((n, 1)), X])""], [""MENTION"", ""experiments\\exploration\\E1_I0035_availability_sum\\scripts\\s04_repairs.py"", 253, ""ARMS_T = (\""X0\"", \""Xa\"", \""XaO\"", \""Xb\"", \""Xc\"", \""Xd\"")"", """"], [""MENTION"", ""experiments\\exploration\\E1_I0035_availability_sum\\scripts\\s04_repairs.py"", 337, ""\""invariant_under\"": [\""Xa\"", \""Xb\"", \""Xd\""],"", """"]]"
E1_I0034_redistribution,P01_LEAKAGE_minutes,1,IN_SCREEN,MENTION,experiments\exploration\E1_I0034_redistribution\scripts\s04_prereg.py,15,"""P01_LEAKAGE_minutes"", ""P01_LEAKAGE_fga"", ""P01_LEAKAGE_pts"",",,"[[""MENTION"", ""experiments\\exploration\\E1_I0034_redistribution\\scripts\\s04_prereg.py"", 15, ""\""P01_LEAKAGE_minutes\"", \""P01_LEAKAGE_fga\"", \""P01_LEAKAGE_pts\"","", """"]]"
E1_I0034_redistribution,P01_LEAKAGE_fga,1,IN_SCREEN,MENTION,experiments\exploration\E1_I0034_redistribution\scripts\s04_prereg.py,15,"""P01_LEAKAGE_minutes"", ""P01_LEAKAGE_fga"", ""P01_LEAKAGE_pts"",",,"[[""MENTION"", ""experiments\\exploration\\E1_I0034_redistribution\\scripts\\s04_prereg.py"", 15, ""\""P01_LEAKAGE_minutes\"", \""P01_LEAKAGE_fga\"", \""P01_LEAKAGE_pts\"","", """"]]"
E1_I0034_redistribution,P01_LEAKAGE_pts,1,IN_SCREEN,MENTION,experiments\exploration\E1_I0034_redistribution\scripts\s04_prereg.py,15,"""P01_LEAKAGE_minutes"", ""P01_LEAKAGE_fga"", ""P01_LEAKAGE_pts"",",,"[[""MENTION"", ""experiments\\exploration\\E1_I0034_redistribution\\scripts\\s04_prereg.py"", 15, ""\""P01_LEAKAGE_minutes\"", \""P01_LEAKAGE_fga\"", \""P01_LEAKAGE_pts\"","", """"]]"
E1_I0034_redistribution,P02_TILT_minutes,1,IN_SCREEN,MENTION,experiments\exploration\E1_I0034_redistribution\scripts\s04_prereg.py,16,"""P02_TILT_minutes"", ""P02_TILT_fga"", ""P02_TILT_pts"",",,"[[""MENTION"", ""experiments\\exploration\\E1_I0034_redistribution\\scripts\\s04_prereg.py"", 16, ""\""P02_TILT_minutes\"", \""P02_TILT_fga\"", \""P02_TILT_pts\"","", """"]]"
E1_I0034_redistribution,P02_TILT_fga,1,IN_SCREEN,MENTION,experiments\exploration\E1_I0034_redistribution\scripts\s04_prereg.py,16,"""P02_TILT_minutes"", ""P02_TILT_fga"", ""P02_TILT_pts"",",,"[[""MENTION"", ""experiments\\exploration\\E1_I0034_redistribution\\scripts\\s04_prereg.py"", 16, ""\""P02_TILT_minutes\"", \""P02_TILT_fga\"", \""P02_TILT_pts\"","", """"]]"
E1_I0034_redistribution,P02_TILT_pts,1,IN_SCREEN,MENTION,experiments\exploration\E1_I0034_redistribution\scripts\s04_prereg.py,16,"""P02_TILT_minutes"", ""P02_TILT_fga"", ""P02_TILT_pts"",",,"[[""MENTION"", ""experiments\\exploration\\E1_I0034_redistribution\\scripts\\s04_prereg.py"", 16, ""\""P02_TILT_minutes\"", \""P02_TILT_fga\"", \""P02_TILT_pts\"","", """"]]"
E1_I0034_redistribution,P03_minutes,0,NONE,NONE,,-1,,,[]
E1_I0034_redistribution,P03_fga,0,NONE,NONE,,-1,,,[]
E1_I0034_redistribution,P03_pts,0,NONE,NONE,,-1,,,[]
E1_I0034_redistribution,P03_vs_base5_minutes,0,NONE,NONE,,-1,,,[]
E1_I0034_redistribution,P04_vs_champion_minutes,0,NONE,NONE,,-1,,,[]
E1_I0034_redistribution,P03_vs_base5_fga,0,NONE,NONE,,-1,,,[]
E1_I0034_redistribution,P04_vs_champion_fga,0,NONE,NONE,,-1,,,[]
E1_I0034_redistribution,P03_vs_base5_pts,0,NONE,NONE,,-1,,,[]
E1_I0034_redistribution,P04_vs_champion_pts,0,NONE,NONE,,-1,,,[]
