arm,screen,cell,candidate,dependent,n,n_blocks,n_draws_finite,observed_t,observed_dr2,null_mean_signed_t,null_sd_signed_t,null_mean_abs_t,null_sd_abs_t,degeneracy_ratio,n_unique_draws,p_two_sided,bar_percell_abs_t,bar_familywise_abs_t,mde80_percell,mde80_familywise,floor_basis,null_mean_gt_observed,z_obs_vs_null
A4_CLEAN_DEC,E0_I0014_residual_heterogeneity,pl_games_prior|pts_absres,pl_games_prior,pts_absres,3549,174,2000,-0.35394101493269275,3.5327077405114174e-05,0.026936933559052276,1.1714827977301077,0.9344164791744735,0.7067722155857423,1.3220900009489895,2000.0,0.7635,2.590183627726004,5.323081389242404,0.0036034642188024065,0.011215500541820286,ANALYTIC,True,-0.8213048722645494
A4_CLEAN_DEC,E0_I0014_residual_heterogeneity,pl_games_prior|pts_sqres,pl_games_prior,pts_sqres,3549,174,2000,-0.610477414024091,0.00010508841184523147,0.006736379032223835,1.1795476762844854,0.9487378306274074,0.7005885911101312,1.3542010855815771,2000.0,0.6175,2.636110840172524,5.323081389242404,0.0037104826843391203,0.011239645941432057,ANALYTIC,True,-0.482823187382083
A4_CLEAN_DEC,E0_I0014_residual_heterogeneity,pl_games_prior|minutes_absres,pl_games_prior,minutes_absres,3549,174,2000,-1.3976388470353738,0.0005505693366364349,0.038324629748975075,1.2802508345497545,1.0141070452637342,0.782038457066966,1.2967483070680963,2000.0,0.273,2.903521609251109,5.323081389242404,0.004465602667590551,0.011543326732533705,ANALYTIC,False,0.4904257563113648
A4_CLEAN_DEC,E0_I0014_residual_heterogeneity,pl_games_prior|minutes_sqres,pl_games_prior,minutes_sqres,3549,174,2000,-1.2841966477612297,0.00046486023709354824,0.04321896952665603,1.1832726200161707,0.9402929112825604,0.7193120682136127,1.3072113660177371,2000.0,0.269,2.668210552696404,5.323081389242404,0.003782887282552787,0.011250806796909424,ANALYTIC,False,0.47810088510365545
A4_CLEAN_DEC,E0_I0014_residual_heterogeneity,pl_games_prior|fga_absres,pl_games_prior,fga_absres,3549,174,2000,0.6947726734111123,0.00013610924042696432,0.06104159935165203,1.1534692413071301,0.9229223759465706,0.6942675374318147,1.3293468672906408,2000.0,0.545,2.567142079471595,5.323081389242404,0.003526887123052599,0.011161663603246332,ANALYTIC,True,-0.32861928613199104
A4_CLEAN_DEC,E0_I0014_residual_heterogeneity,pl_games_prior|fga_sqres,pl_games_prior,fga_sqres,3549,174,2000,1.1305415243657637,0.00036031122838038577,0.04752031512214386,1.153854766226246,0.9162384935160339,0.7026572408223443,1.303962216974706,2000.0,0.331,2.5398276507160116,5.323081389242404,0.0034732808848035057,0.011162814461386021,ANALYTIC,False,0.3049894292684204
A4_CLEAN_DEC,E0_I0014_residual_heterogeneity,pl_minutes_prior|pts_absres,pl_minutes_prior,pts_absres,3549,174,2000,2.3976754239795244,0.0016185962706516263,0.010753630512905874,1.1915976508249118,0.9476423375523209,0.7221810177022574,1.3121950235792783,2000.0,0.0455,2.690780134545263,5.323081389242404,0.0038442040052685754,0.011275770676052274,ANALYTIC,False,2.007852672506863
A4_CLEAN_DEC,E0_I0014_residual_heterogeneity,pl_minutes_prior|pts_sqres,pl_minutes_prior,pts_sqres,3549,174,2000,2.0430383298686796,0.0011757186015976036,-0.005711676567036616,1.2054022122029626,0.9558496848146572,0.7341127024892765,1.302047603281486,2000.0,0.095,2.7545559370919306,5.323081389242404,0.004002739667984619,0.011317226737336544,ANALYTIC,False,1.480956045805383
A4_CLEAN_DEC,E0_I0014_residual_heterogeneity,pl_minutes_prior|minutes_absres,pl_minutes_prior,minutes_absres,3549,174,2000,-4.279541490705129,0.0051382883012201066,0.05718588188896585,1.2860079118889702,1.03213933355448,0.7689237181447873,1.3423169414578124,2000.0,0.002,2.794281095638126,5.323081389242404,0.004234467659081847,0.01156081012025684,ANALYTIC,False,4.22330860723842
A4_CLEAN_DEC,E0_I0014_residual_heterogeneity,pl_minutes_prior|minutes_sqres,pl_minutes_prior,minutes_sqres,3549,174,2000,-3.353527494053205,0.0031614755318382514,0.05304640113276117,1.184282915101647,0.9478537821938308,0.7116636289740709,1.3318845359011109,2000.0,0.005,2.569772377992955,5.323081389242404,0.0035840662453776023,0.011253834846423429,ANALYTIC,False,3.3803521971853137
A4_CLEAN_DEC,E0_I0014_residual_heterogeneity,pl_minutes_prior|fga_absres,pl_minutes_prior,fga_absres,3549,174,2000,2.9294727004390433,0.0024142953406626365,0.04572454236330808,1.1600845501898136,0.9304883923736014,0.6940073299516696,1.3407472114716716,2000.0,0.0085,2.4908899681233887,5.323081389242404,0.0033873669795774055,0.011181419662441025,ANALYTIC,False,2.88035042541215
A4_CLEAN_DEC,E0_I0014_residual_heterogeneity,pl_minutes_prior|fga_sqres,pl_minutes_prior,fga_sqres,3549,174,2000,3.429468258400083,0.0033058015140819937,0.037628766944271815,1.1641047790104688,0.9318538050592292,0.6984058003597372,1.3342583990271084,2000.0,0.0035,2.59376900709652,5.323081389242404,0.0035981778060544564,0.011193434268721212,ANALYTIC,False,3.576165106381382
A4_CLEAN_DEC,E0_I0014_residual_heterogeneity,pl_career_games_prior|pts_absres,pl_career_games_prior,pts_absres,3549,174,2000,2.966096535380215,0.002474888679676806,0.036192551874408424,1.3877196259661364,1.1081344671165776,0.8357631428977956,1.3258953526885666,2000.0,0.031,3.0634131948413073,5.323081389242404,0.005044886348653692,0.011871875098026318,ANALYTIC,False,2.223072510498163
A4_CLEAN_DEC,E0_I0014_residual_heterogeneity,pl_career_games_prior|pts_sqres,pl_career_games_prior,pts_sqres,3549,174,2000,2.872267824688985,0.002321143036289623,0.04206217605438583,1.4069857402531503,1.1170883987218168,0.8560772389534441,1.304892068018838,2000.0,0.0415,3.1809237239119006,5.323081389242404,0.0053687969946360145,0.011931261850116195,ANALYTIC,False,2.0502582548659722
A4_CLEAN_DEC,E0_I0014_residual_heterogeneity,pl_career_games_prior|minutes_absres,pl_career_games_prior,minutes_absres,3549,174,2000,-8.755104184428498,0.021159043835644216,0.04734962605648013,1.6055462705469827,1.2834503078214454,0.9653772363686985,1.329480600401549,2000.0,0.0,3.626677284992744,5.323081389242404,0.006982214105442008,0.012551946307496458,ANALYTIC,False,7.739620943116445
A4_CLEAN_DEC,E0_I0014_residual_heterogeneity,pl_career_games_prior|minutes_sqres,pl_career_games_prior,minutes_sqres,3549,174,2000,-7.220502129896115,0.014489629092563893,0.0421809689547612,1.411613066733816,1.131893955659512,0.8441603728554999,1.3408518002695504,2000.0,0.0,3.217006488427457,5.323081389242404,0.005467586832829619,0.011945547399596999,ANALYTIC,False,7.212620220066675
A4_CLEAN_DEC,E0_I0014_residual_heterogeneity,pl_career_games_prior|fga_absres,pl_career_games_prior,fga_absres,3549,174,2000,1.0000022626200695,0.0002819296656243285,0.043795669903668136,1.3515152248810398,1.0831815167363144,0.8091002969546477,1.338748138905985,2000.0,0.458,2.9667526125773502,5.323081389242404,0.004746292834716916,0.011760677817228461,ANALYTIC,True,-0.10280462685444701
A4_CLEAN_DEC,E0_I0014_residual_heterogeneity,pl_career_games_prior|fga_sqres,pl_career_games_prior,fga_sqres,3549,174,2000,1.1871289536293639,0.00039726883571524505,0.04875104111892147,1.3512393859857246,1.0825686905922025,0.8097434721595317,1.3369279627596926,2000.0,0.387,3.064595109730423,5.323081389242404,0.004974739090961862,0.011759832620984989,ANALYTIC,False,0.1291276393476889
A4_CLEAN_DEC,E0_I0014_residual_heterogeneity,pl_prior_season_games|pts_absres,pl_prior_season_games,pts_absres,3549,174,2000,3.3530608660973713,0.003160598563966702,0.03079849380616862,1.4104542812538683,1.1296784154591955,0.844700285912378,1.3373718871646962,2000.0,0.0195,3.213101880177012,5.323081389242404,0.005455479675648294,0.011941969178052517,ANALYTIC,False,2.6321554375190663
A4_CLEAN_DEC,E0_I0014_residual_heterogeneity,pl_prior_season_games|pts_sqres,pl_prior_season_games,pts_sqres,3549,174,2000,3.3913256272430186,0.003232912435054079,0.044366110782991894,1.433401995440383,1.1454487001685998,0.862497268244453,1.328060670267481,2000.0,0.0155,3.158635642265719,5.323081389242404,0.005368660224777946,0.012012929373958831,ANALYTIC,False,2.603923525051539
A4_CLEAN_DEC,E0_I0014_residual_heterogeneity,pl_prior_season_games|minutes_absres,pl_prior_season_games,minutes_absres,3549,174,2000,-8.978383154414548,0.022227737128431714,0.04437934930118709,1.6346411177367635,1.3038749676444303,0.9864490327662915,1.321786452552935,2000.0,0.0,3.687351679146094,5.323081389242404,0.007223157279686984,0.012644216459748057,ANALYTIC,False,7.779933814977295
A4_CLEAN_DEC,E0_I0014_residual_heterogeneity,pl_prior_season_games|minutes_sqres,pl_prior_season_games,minutes_sqres,3549,174,2000,-7.371007454996529,0.015090762368775715,0.036889325176011165,1.4330904673687694,1.1479379799550007,0.8583058746713946,1.3374462575995913,2000.0,0.0,3.2333209163521657,5.323081389242404,0.005553291076125715,0.012011964642125917,ANALYTIC,False,7.250409974677212
A4_CLEAN_DEC,E0_I0014_residual_heterogeneity,pl_prior_season_games|fga_absres,pl_prior_season_games,fga_absres,3549,174,2000,0.8348349762067754,0.00019650662219929102,0.029126310533429886,1.37545623757485,1.1024687456393922,0.8226076039287725,1.3402121988345395,2000.0,0.545,2.9647984130364318,5.323081389242404,0.004788469232014591,0.011834151039757344,ANALYTIC,True,-0.325348037332014
A4_CLEAN_DEC,E0_I0014_residual_heterogeneity,pl_prior_season_games|fga_sqres,pl_prior_season_games,fga_sqres,3549,174,2000,0.8959222210924885,0.00022630991894108656,0.03968080933792822,1.3749114473774646,1.1023478740653863,0.8223005032332004,1.3405657295977185,2000.0,0.532,2.9704907546555894,5.323081389242404,0.004800635880088281,0.011832476574445874,ANALYTIC,True,-0.25103432645517476
A4_CLEAN_DEC,E0_I0014_residual_heterogeneity,pl_is_rookie_window|pts_absres,pl_is_rookie_window,pts_absres,3549,174,2000,-2.2395166451084156,0.001412394537787981,-0.013250634466546715,1.420828092891784,1.148636530246404,0.8360037351205819,1.3739610027947176,2000.0,0.1085,3.1215977108402564,5.323081389242404,0.005252159807044601,0.011974021620676895,ANALYTIC,False,1.3048746901886357
A4_CLEAN_DEC,E0_I0014_residual_heterogeneity,pl_is_rookie_window|pts_sqres,pl_is_rookie_window,pts_sqres,3549,174,2000,-2.550114298790823,0.0018305636293835473,-0.02189524911877251,1.447885187208167,1.1730596668821363,0.8485834056506629,1.3823740354463763,2000.0,0.0745,3.2068150803785938,5.323081389242404,0.005518185750553976,0.012057823302362691,ANALYTIC,False,1.6227687493521172
A4_CLEAN_DEC,E0_I0014_residual_heterogeneity,pl_is_rookie_window|minutes_absres,pl_is_rookie_window,minutes_absres,3549,174,2000,4.936012533530354,0.00682401520733459,0.0048398846591504105,1.6287456310995458,1.2995469853361428,0.9814115173212855,1.3241611315946162,2000.0,0.0025,3.6858392588693447,5.323081389242404,0.00720469658596919,0.012625492468418676,ANALYTIC,False,3.705342238207847
A4_CLEAN_DEC,E0_I0014_residual_heterogeneity,pl_is_rookie_window|minutes_sqres,pl_is_rookie_window,minutes_sqres,3549,174,2000,4.17828190971008,0.004899184871108261,6.673162565398094e-05,1.4345497579214286,1.1402690890783387,0.8700971123308373,1.3105078420772576,2000.0,0.003,3.2549724296163367,5.323081389242404,0.005610678918969745,0.012016484068521467,ANALYTIC,False,3.491579017534536
A4_CLEAN_DEC,E0_I0014_residual_heterogeneity,pl_is_rookie_window|fga_absres,pl_is_rookie_window,fga_absres,3549,174,2000,-1.251480943809024,0.0004414870540560854,-0.026749035410644682,1.3974478816950087,1.1281857911967625,0.8247039174611172,1.3679888834163976,2000.0,0.379,3.0243693798191273,5.323081389242404,0.004971576848727706,0.01190184339972971,ANALYTIC,False,0.14950232441217245
A4_CLEAN_DEC,E0_I0014_residual_heterogeneity,pl_is_rookie_window|fga_sqres,pl_is_rookie_window,fga_sqres,3549,174,2000,-1.307711784040455,0.0004820320874709693,-0.03574244081941529,1.388405309916066,1.1240616715278287,0.8153531449648805,1.378619409846325,2000.0,0.356,2.975206239507803,5.323081389242404,0.004838094051855053,0.011873986138832912,ANALYTIC,False,0.2252399633787354
A4_CLEAN_DEC,E0_I0014_residual_heterogeneity,pl_min_mean5|pts_absres,pl_min_mean5,pts_absres,3549,174,2000,6.300758143505782,0.011071634026814632,-0.03568973893050391,1.2901716779544494,1.030022868846242,0.7773927604417087,1.3249710072692096,2000.0,0.0,2.938748151575476,5.323081389242404,0.004563898737710897,0.011573463103050113,ANALYTIC,False,6.780015897838755
A4_CLEAN_DEC,E0_I0014_residual_heterogeneity,pl_min_mean5|pts_sqres,pl_min_mean5,pts_sqres,3549,174,2000,5.569772293002472,0.008672678066917815,-0.03992828475282061,1.3110068946112754,1.0400672785417178,0.7987822348668863,1.302066111566741,2000.0,0.0,3.001466883679021,5.323081389242404,0.00474773063412318,0.01163688176786864,ANALYTIC,False,5.67076334041857
A4_CLEAN_DEC,E0_I0014_residual_heterogeneity,pl_min_mean5|minutes_absres,pl_min_mean5,minutes_absres,3549,174,2000,-8.76705252002157,0.021215609827674096,0.0390237207289876,1.4226738413862405,1.1410133166649539,0.8502716044939287,1.3419398115077255,2000.0,0.0,3.0848247183465154,5.323081389242404,0.005166819341713319,0.011979729016116948,ANALYTIC,False,8.968944938359481
A4_CLEAN_DEC,E0_I0014_residual_heterogeneity,pl_min_mean5|minutes_sqres,pl_min_mean5,minutes_sqres,3549,174,2000,-4.741008484578988,0.00629881051045074,0.030953937974919955,1.2765363415707724,1.0242882835636222,0.7621104404398186,1.3440155510433622,2000.0,0.0,2.777056119884783,5.323081389242404,0.0041796018105280976,0.011532053391559553,ANALYTIC,False,4.876878735410611
A4_CLEAN_DEC,E0_I0014_residual_heterogeneity,pl_min_mean5|fga_absres,pl_min_mean5,fga_absres,3549,174,2000,6.210243983089554,0.010759215527916526,-0.046831084244909005,1.251467707753922,1.0033304442529183,0.7491262263312937,1.33933429238827,2000.0,0.0,2.7535450272631454,5.323081389242404,0.004083341276264891,0.011456115079089278,ANALYTIC,False,6.9506491106799535
A4_CLEAN_DEC,E0_I0014_residual_heterogeneity,pl_min_mean5|fga_sqres,pl_min_mean5,fga_sqres,3549,174,2000,6.299220155716291,0.011066289417443285,-0.05614488617408791,1.2669114906688959,1.0120824734832679,0.7638031196195462,1.3250567423544837,2000.0,0.0,2.801855276180647,5.323081389242404,0.0042159235799111745,0.011502867969879614,ANALYTIC,False,6.922121089092396
A4_CLEAN_DEC,E0_I0014_residual_heterogeneity,pl_fga_mean5|pts_absres,pl_fga_mean5,pts_absres,3549,174,2000,10.714222578743431,0.031357827764972104,-0.0679383998656629,1.395578588274563,1.1219170907177658,0.8324241160241317,1.3477710089375183,2000.0,0.0,3.053554448520337,5.323081389242404,0.005037152764352595,0.011896082030538397,ANALYTIC,False,11.523339249036832
A4_CLEAN_DEC,E0_I0014_residual_heterogeneity,pl_fga_mean5|pts_sqres,pl_fga_mean5,pts_sqres,3549,174,2000,10.92737193241356,0.032576857754213005,-0.06802670139121395,1.4178679369188139,1.1349614054913146,0.8521723128404708,1.3318449665517151,2000.0,0.0,3.1164038681426307,5.323081389242404,0.0052334782575264764,0.011964871110708267,ANALYTIC,False,11.491115563567265
A4_CLEAN_DEC,E0_I0014_residual_heterogeneity,pl_fga_mean5|minutes_absres,pl_fga_mean5,minutes_absres,3549,174,2000,-10.448135354284366,0.029865567276089456,0.10778106402850644,1.5148663369258355,1.2176983850544068,0.9071446771454742,1.342341983294392,2000.0,0.0,3.311017487458922,5.323081389242404,0.005925905828472033,0.012266535573617194,ANALYTIC,False,10.17526443331566
A4_CLEAN_DEC,E0_I0014_residual_heterogeneity,pl_fga_mean5|minutes_sqres,pl_fga_mean5,minutes_sqres,3549,174,2000,-7.0576282862363175,0.013852265666316744,0.07440179511055174,1.3501851863062178,1.0826713614855739,0.8097992188339983,1.3369627140965568,2000.0,0.0,2.9502441335103757,5.323081389242404,0.0047056091405359895,0.011756602734146944,ANALYTIC,False,7.378318953374488
A4_CLEAN_DEC,E0_I0014_residual_heterogeneity,pl_fga_mean5|fga_absres,pl_fga_mean5,fga_absres,3549,174,2000,10.080801048061922,0.02785994120389375,-0.04701690584863083,1.3414028786862673,1.0622972391525745,0.8200813581271689,1.2953559163673192,2000.0,0.0,3.085999055158672,5.323081389242404,0.00500586701990802,0.011729712492878908,ANALYTIC,False,10.997084276497919
A4_CLEAN_DEC,E0_I0014_residual_heterogeneity,pl_fga_mean5|fga_sqres,pl_fga_mean5,fga_sqres,3549,174,2000,10.16113022631269,0.028293103516238326,-0.056255180115393384,1.352887069326045,1.0736356139549474,0.8247421319224102,1.3017833967720138,2000.0,0.0,3.0431377182902604,5.323081389242404,0.004927327398372354,0.011764881728394253,ANALYTIC,False,11.018589036036627
A4_CLEAN_DEC,E0_I0014_residual_heterogeneity,pl_pts_mean5|pts_absres,pl_pts_mean5,pts_absres,3549,174,2000,9.95472171101465,0.027186244525866834,-0.060512135528028504,1.338681034685246,1.07137503758738,0.804556885771088,1.3316336688369441,2000.0,0.0,2.9834674940343877,5.323081389242404,0.004759979603392661,0.01172138482320204,ANALYTIC,False,11.041290964669905
A4_CLEAN_DEC,E0_I0014_residual_heterogeneity,pl_pts_mean5|pts_sqres,pl_pts_mean5,pts_sqres,3549,174,2000,10.17026455566549,0.02834255206813464,-0.05484805312328967,1.3677315482905401,1.0889903198795956,0.828979033905214,1.31365242706984,2000.0,0.0,3.092050869906981,5.323081389242404,0.005073099577665302,0.011810419530319121,ANALYTIC,False,10.954769498819742
A4_CLEAN_DEC,E0_I0014_residual_heterogeneity,pl_pts_mean5|minutes_absres,pl_pts_mean5,minutes_absres,3549,174,2000,-9.919447772192058,0.0269991129158058,0.1055823014625635,1.4754528868809558,1.1872152252952102,0.882003025319276,1.3460443912484887,2000.0,0.0,3.193543375720268,5.323081389242404,0.005542977382019277,0.012143506990111021,ANALYTIC,False,9.900456456751801
A4_CLEAN_DEC,E0_I0014_residual_heterogeneity,pl_pts_mean5|minutes_sqres,pl_pts_mean5,minutes_sqres,3549,174,2000,-6.859947436490082,0.013097163285760662,0.07626043289833809,1.3287309660192352,1.0619625296578536,0.8018827621785213,1.3243363989677974,2000.0,0.0,2.9740406355266216,5.323081389242404,0.004718837772546213,0.01169096706594442,ANALYTIC,False,7.2304645769919125
A4_CLEAN_DEC,E0_I0014_residual_heterogeneity,pl_pts_mean5|fga_absres,pl_pts_mean5,fga_absres,3549,174,2000,8.781308582976068,0.02128319345796894,-0.04279414469871072,1.2932995411737678,1.030748953569133,0.7819725477393812,1.3181395645524183,2000.0,0.0,2.8662897686156845,5.323081389242404,0.00440690668302614,0.011582972703787244,ANALYTIC,False,9.911549518986531
A4_CLEAN_DEC,E0_I0014_residual_heterogeneity,pl_pts_mean5|fga_sqres,pl_pts_mean5,fga_sqres,3549,174,2000,8.729328470689758,0.02103725658960435,-0.04878215215784462,1.3080395291422884,1.029012805762302,0.8086725206553377,1.272471587050347,2000.0,0.0,2.9439484832145673,5.323081389242404,0.004609914805069649,0.011627839057204825,ANALYTIC,False,9.522168081941526
A4_CLEAN_DEC,E0_I0014_residual_heterogeneity,pl_usg_mean5|pts_absres,pl_usg_mean5,pts_absres,3549,174,2000,10.875439737516126,0.032277922199666804,-0.04893691849847473,1.3868058661460057,1.1078894328663251,0.8352206405592788,1.3264631871698744,2000.0,0.0,3.0071534810700418,5.323081389242404,0.004909815999917228,0.011869062163207579,ANALYTIC,False,11.694574858817276
A4_CLEAN_DEC,E0_I0014_residual_heterogeneity,pl_usg_mean5|pts_sqres,pl_usg_mean5,pts_sqres,3549,174,2000,11.230934851326243,0.03434893747092898,-0.042630443655072695,1.4154883054140122,1.1339377796845447,0.8479193884842161,1.337317904372525,2000.0,0.0,3.1312415229875246,5.323081389242404,0.005264696692567127,0.011957517668914806,ANALYTIC,False,11.907968149769054
A4_CLEAN_DEC,E0_I0014_residual_heterogeneity,pl_usg_mean5|minutes_absres,pl_usg_mean5,minutes_absres,3549,174,2000,-8.90463455547509,0.021872032726798354,0.10611331909974675,1.5205898312917256,1.2154698392063974,0.9194308681683987,1.3219806744445495,2000.0,0.0,3.333346228512734,5.323081389242404,0.005996268086126899,0.012284452949489428,ANALYTIC,False,8.362961243172423
A4_CLEAN_DEC,E0_I0014_residual_heterogeneity,pl_usg_mean5|minutes_sqres,pl_usg_mean5,minutes_sqres,3549,174,2000,-6.623966584769015,0.012222405985267332,0.06940380033231547,1.356477083324132,1.0799068899170552,0.8234482938845304,1.311444686857882,2000.0,0.0,2.984663114041627,5.323081389242404,0.004797513862277122,0.011775886603773086,ANALYTIC,False,6.732735662974591
A4_CLEAN_DEC,E0_I0014_residual_heterogeneity,pl_usg_mean5|fga_absres,pl_usg_mean5,fga_absres,3549,174,2000,10.359786727741032,0.029377396132473678,-0.03499691856324279,1.336457573831495,1.0526060463920985,0.8238995617670262,1.2775902491494997,2000.0,0.0,3.0137086941770495,5.323081389242404,0.004825917248201986,0.011714584185752332,ANALYTIC,False,11.296499128349728
A4_CLEAN_DEC,E0_I0014_residual_heterogeneity,pl_usg_mean5|fga_sqres,pl_usg_mean5,fga_sqres,3549,174,2000,10.263751952488184,0.028850907148752474,-0.037493125783768025,1.347937834306907,1.065654103321558,0.8259274069487917,1.2902515334348623,2000.0,0.0,3.06071272180609,5.323081389242404,0.00495897895088461,0.011749718714304466,ANALYTIC,False,11.136690430393863
A4_CLEAN_DEC,E0_I0014_residual_heterogeneity,pl_start_frac5|pts_absres,pl_start_frac5,pts_absres,3549,174,2000,1.479663950570447,0.0006170486285996347,-0.009583616131663196,1.384066185301944,1.0946875409192576,0.8466349948798553,1.2929864080028999,2000.0,0.2865,3.1781273862577373,5.323081389242404,0.005314605525291957,0.011860630277656894,ANALYTIC,False,0.4547135565850557
A4_CLEAN_DEC,E0_I0014_residual_heterogeneity,pl_start_frac5|pts_sqres,pl_start_frac5,pts_sqres,3549,174,2000,1.868510400891732,0.0009836144936126898,0.009517107948081676,1.405577893626712,1.1152263882844513,0.8552121155266473,1.3040348330398532,2000.0,0.1775,3.1878808486364223,5.323081389242404,0.005383005479136863,0.011926917221366391,ANALYTIC,False,0.8808154128445684
A4_CLEAN_DEC,E0_I0014_residual_heterogeneity,pl_start_frac5|minutes_absres,pl_start_frac5,minutes_absres,3549,174,2000,-6.039428565181985,0.010181424985491084,-0.04559519469903789,1.4672988947376517,1.1677841503578108,0.889181638036079,1.313324635152247,2000.0,0.0,3.2991208593079926,5.323081389242404,0.005792458433088161,0.01211813181909654,ANALYTIC,False,5.4787955648568
A4_CLEAN_DEC,E0_I0014_residual_heterogeneity,pl_start_frac5|minutes_sqres,pl_start_frac5,minutes_sqres,3549,174,2000,-4.983029259109542,0.006953726881377055,-0.054268405064176045,1.2844070329587243,1.013325208566509,0.7907631189096016,1.281452288725608,2000.0,0.0,2.910392269513042,5.323081389242404,0.004488894441461511,0.011555947161067016,ANALYTIC,False,5.020092560736689
A4_CLEAN_DEC,E0_I0014_residual_heterogeneity,pl_start_frac5|fga_absres,pl_start_frac5,fga_absres,3549,174,2000,1.8766541737854276,0.000992198683591451,-0.02088408897200667,1.288235734411557,1.0288450062520949,0.7752006824639281,1.3271982720422455,2000.0,0.1495,2.967127642814708,5.323081389242404,0.0046247699986143136,0.011567579236351497,ANALYTIC,False,1.0936641139667511
A4_CLEAN_DEC,E0_I0014_residual_heterogeneity,pl_start_frac5|fga_sqres,pl_start_frac5,fga_sqres,3549,174,2000,2.010163827398661,0.0011382287944661574,-0.02500051156035564,1.3111859108686315,1.051604762761739,0.7832037034831062,1.342696361221206,2000.0,0.1275,2.9004980499600412,5.323081389242404,0.004517378357198538,0.01163742741208337,ANALYTIC,False,1.2238949590942507
A4_CLEAN_DEC,E0_I0014_residual_heterogeneity,pl_min_sd5|pts_absres,pl_min_sd5,pts_absres,3549,174,2000,-2.990573420423408,0.00251580068966537,0.020520439532574555,1.1433016269925818,0.9141460911372987,0.6866431335651632,1.3313263418085943,2000.0,0.008,2.5633934220206327,5.323081389242404,0.0035023947128620422,0.011131332942610222,ANALYTIC,False,3.0240269330371947
A4_CLEAN_DEC,E0_I0014_residual_heterogeneity,pl_min_sd5|pts_sqres,pl_min_sd5,pts_sqres,3549,174,2000,-2.907523879069529,0.002378338791976934,0.005574933876952366,1.1670776373263259,0.9326807951194024,0.7012650547996375,1.329997536218148,2000.0,0.0115,2.5871122523942605,5.323081389242404,0.003589815828592824,0.011202322917789609,ANALYTIC,False,2.816115062961993
A4_CLEAN_DEC,E0_I0014_residual_heterogeneity,pl_min_sd5|minutes_absres,pl_min_sd5,minutes_absres,3549,174,2000,9.382320494311342,0.024223241913176177,-0.018081306374574346,1.3048555321581494,1.0429806267057087,0.7839785028475384,1.3303689105216943,2000.0,0.0,2.9278414407178763,5.323081389242404,0.0045671914221402776,0.011618140095550136,ANALYTIC,False,10.637204766860041
A4_CLEAN_DEC,E0_I0014_residual_heterogeneity,pl_min_sd5|minutes_sqres,pl_min_sd5,minutes_sqres,3549,174,2000,6.650306840008051,0.012318604430008736,-0.004260680158851007,1.2042147946578865,0.9597799437973213,0.726989046997376,1.320212385264156,2000.0,0.0,2.7116357052450355,5.323081389242404,0.003909997729156393,0.011313657849432392,ANALYTIC,False,7.827527690704354
A4_CLEAN_DEC,E0_I0014_residual_heterogeneity,pl_min_sd5|fga_absres,pl_min_sd5,fga_absres,3549,174,2000,-1.9010099562310618,0.0010180935216481826,0.03157149877624001,1.1748669198647415,0.9348187983990738,0.7120296272224069,1.3128931194138038,2000.0,0.11,2.6867276216661113,5.323081389242404,0.0038065515486430624,0.011225629086699353,ANALYTIC,False,1.3569535885761566
A4_CLEAN_DEC,E0_I0014_residual_heterogeneity,pl_min_sd5|fga_sqres,pl_min_sd5,fga_sqres,3549,174,2000,-1.2471368255245248,0.0004384287510735228,0.02611518407490994,1.176051755927439,0.9399637316332002,0.7069697821997981,1.3295670554806758,2000.0,0.3035,2.675149788568863,5.323081389242404,0.0037846674002711034,0.011229176335030509,ANALYTIC,False,0.43449253649219444
A4_CLEAN_DEC,E0_I0014_residual_heterogeneity,pl_min_cv5|pts_absres,pl_min_cv5,pts_absres,3549,174,2000,-4.022400777816457,0.004542080788614604,0.022016969689920035,1.1533525062165266,0.91771223219027,0.6986343417042482,1.3135801912508385,2000.0,0.0005,2.6041330153684963,5.323081389242404,0.0036008257818240436,0.011161315140640771,ANALYTIC,False,4.443939211537486
A4_CLEAN_DEC,E0_I0014_residual_heterogeneity,pl_min_cv5|pts_sqres,pl_min_cv5,pts_sqres,3549,174,2000,-3.900785718902752,0.004272733996660889,0.009288369754848692,1.1792526679478774,0.9429573882028326,0.7078910432727086,1.3320657142988697,2000.0,0.0005,2.6696063354121167,5.323081389242404,0.003778784516188014,0.011238762259963465,ANALYTIC,False,4.178366655163968
A4_CLEAN_DEC,E0_I0014_residual_heterogeneity,pl_min_cv5|minutes_absres,pl_min_cv5,minutes_absres,3549,174,2000,9.899428307779294,0.026893171322110995,-0.015814692138362948,1.327652156091015,1.0659173081467663,0.7913042368947486,1.3470385452877893,2000.0,0.0,2.9495328311781854,5.323081389242404,0.0046604063037921795,0.011687671475584851,ANALYTIC,False,11.16322975129915
A4_CLEAN_DEC,E0_I0014_residual_heterogeneity,pl_min_cv5|minutes_sqres,pl_min_cv5,minutes_sqres,3549,174,2000,6.714052212504273,0.012552913323527622,-0.0017888897592265706,1.2151612856440321,0.9727807438793805,0.7279041065354684,1.3364133203059214,2000.0,0.0,2.748199122943469,5.323081389242404,0.004006684130352515,0.011346579812357545,ANALYTIC,False,7.887400850025482
A4_CLEAN_DEC,E0_I0014_residual_heterogeneity,pl_min_cv5|fga_absres,pl_min_cv5,fga_absres,3549,174,2000,-3.1611126371208527,0.002810082622651803,0.03836421562644594,1.1771513944802796,0.9389189593836598,0.7107377418172356,1.3210484038500665,2000.0,0.006,2.5973185292356233,5.323081389242404,0.0036274975979621706,0.011232469014239717,ANALYTIC,False,3.126601483207324
A4_CLEAN_DEC,E0_I0014_residual_heterogeneity,pl_min_cv5|fga_sqres,pl_min_cv5,fga_sqres,3549,174,2000,-2.6856154585249663,0.0020298618023488206,0.035224185539633475,1.1772598214542909,0.9427616194533973,0.7056471908670163,1.3360240523242821,2000.0,0.0185,2.5851322448645426,5.323081389242404,0.0036030827005798616,0.011232793706376022,ANALYTIC,False,2.4698657652560834
A4_CLEAN_DEC,E0_I0014_residual_heterogeneity,pl_min_rng5|pts_absres,pl_min_rng5,pts_absres,3549,174,2000,-3.118355139869447,0.0027347843642592344,0.01493731918875613,1.140250593585752,0.9079133000777447,0.6896924904453782,1.3164030530351978,2000.0,0.005,2.5746485163249884,5.323081389242404,0.0035196760793658787,0.011122239559127918,ANALYTIC,False,3.20496724324819
A4_CLEAN_DEC,E0_I0014_residual_heterogeneity,pl_min_rng5|pts_sqres,pl_min_rng5,pts_sqres,3549,174,2000,-2.9773618075060897,0.002493676728219437,0.0015450340119679193,1.1652860945008399,0.928865527643541,0.7033287215284542,1.3206705473721543,2000.0,0.0075,2.5687077717396516,5.323081389242404,0.003549874637998814,0.01119696590124187,ANALYTIC,False,2.912573050352351
A4_CLEAN_DEC,E0_I0014_residual_heterogeneity,pl_min_rng5|minutes_absres,pl_min_rng5,minutes_absres,3549,174,2000,9.5559722764212,0.025105487378631965,-0.018745576691237095,1.3059098829327256,1.0396517657142361,0.7901491584310124,1.3157664658893737,2000.0,0.0,2.9638854688963727,5.323081389242404,0.004651366717815664,0.011621351367698703,ANALYTIC,False,10.778117548865959
A4_CLEAN_DEC,E0_I0014_residual_heterogeneity,pl_min_rng5|minutes_sqres,pl_min_rng5,minutes_sqres,3549,174,2000,6.736266581502776,0.012635065554251769,-0.004326032622708244,1.204189572005987,0.9596479866129494,0.7271219282641289,1.3197896381751737,2000.0,0.0,2.7461663897834176,5.323081389242404,0.0039827774472813455,0.011313582046637448,ANALYTIC,False,7.944497848772697
A4_CLEAN_DEC,E0_I0014_residual_heterogeneity,pl_min_rng5|fga_absres,pl_min_rng5,fga_absres,3549,174,2000,-1.6608659898952314,0.000777307290753512,0.028318821232412247,1.16648378044491,0.9278059021588396,0.7072710566430847,1.3118109294087021,2000.0,0.1565,2.6360984091445885,5.323081389242404,0.0036880069871740757,0.011200547043155316,ANALYTIC,False,1.0364627264909008
A4_CLEAN_DEC,E0_I0014_residual_heterogeneity,pl_min_rng5|fga_sqres,pl_min_rng5,fga_sqres,3549,174,2000,-1.059042304158666,0.0003161917570835591,0.023736919744139596,1.1670440758600653,0.9327396933213981,0.7015105440732454,1.3296160709225344,2000.0,0.372,2.6006399012782526,5.323081389242404,0.003617020790389803,0.011202222551544364,ANALYTIC,False,0.18004378110114427
A4_CLEAN_DEC,E0_I0014_residual_heterogeneity,pl_fga_sd5|pts_absres,pl_fga_sd5,pts_absres,3549,174,2000,4.115755596122644,0.004754345223278286,-0.031860370012835496,1.1948440029808438,0.9451048724468823,0.7314353884532898,1.2921235250121312,2000.0,0.001,2.734398768354559,5.323081389242404,0.003941289459991787,0.01128551285724988,ANALYTIC,False,4.334833634971495
A4_CLEAN_DEC,E0_I0014_residual_heterogeneity,pl_fga_sd5|pts_sqres,pl_fga_sd5,pts_sqres,3549,174,2000,3.71240552172498,0.0038715727347608986,-0.03007713786835533,1.2081533733618746,0.9546994307982782,0.7406974440934255,1.2889195695373026,2000.0,0.0015,2.782596795959149,5.323081389242404,0.00406747626109139,0.011325497756888262,ANALYTIC,False,3.723120840928496
A4_CLEAN_DEC,E0_I0014_residual_heterogeneity,pl_fga_sd5|minutes_absres,pl_fga_sd5,minutes_absres,3549,174,2000,-0.9648936717116069,0.00026248601749306324,0.06509091787817022,1.312905316693346,1.0465907511949506,0.7950214884538138,1.3164307712366337,2000.0,0.4565,2.8931533690569844,5.323081389242404,0.004504080703178996,0.011642668838084092,ANALYTIC,True,-0.10276084441721331
A4_CLEAN_DEC,E0_I0014_residual_heterogeneity,pl_fga_sd5|minutes_sqres,pl_fga_sd5,minutes_sqres,3549,174,2000,-1.2631605952675333,0.00044976228429767723,0.06520650945581839,1.2179404982349598,0.9729691574262574,0.7351806040321823,1.3234423651683633,2000.0,0.2965,2.76033033182445,5.323081389242404,0.004037493169192236,0.011354946007057713,ANALYTIC,False,0.39472129195151184
A4_CLEAN_DEC,E0_I0014_residual_heterogeneity,pl_fga_sd5|fga_absres,pl_fga_sd5,fga_absres,3549,174,2000,4.306432785699008,0.005202728945039406,-0.01245463283790653,1.166873190197697,0.9390810499664247,0.6924116274913183,1.3562467940765468,2000.0,0.0,2.5904410893347984,5.323081389242404,0.0035961683774115576,0.011201711521479583,ANALYTIC,False,4.863222398406076
A4_CLEAN_DEC,E0_I0014_residual_heterogeneity,pl_fga_sd5|fga_sqres,pl_fga_sd5,fga_sqres,3549,174,2000,4.11360757148052,0.0047494074688011895,-0.009101701071269655,1.1694472575782524,0.9425240427346011,0.6920215325721832,1.361986583323964,2000.0,0.0,2.6467000605314355,5.323081389242404,0.003714754871653012,0.011209410451753457,ANALYTIC,False,4.582348062146679
A4_CLEAN_DEC,E0_I0014_residual_heterogeneity,pl_pts_sd5|pts_absres,pl_pts_sd5,pts_absres,3549,174,2000,5.520373480333252,0.008520827749030471,-0.034478725613900904,1.2046595894033032,0.9674561761098954,0.7182996805097804,1.3468698404867556,2000.0,0.0,2.65548668288472,5.323081389242404,0.00379378898510977,0.011314994653248287,ANALYTIC,False,6.338464888348734
A4_CLEAN_DEC,E0_I0014_residual_heterogeneity,pl_pts_sd5|pts_sqres,pl_pts_sd5,pts_sqres,3549,174,2000,5.430281167757219,0.008247252946700865,-0.03841156067689346,1.2162333022054705,0.9641812947064282,0.7420168509584877,1.299406197394255,2000.0,0.0,2.687918161540047,5.323081389242404,0.003881494718566132,0.011349806511943313,ANALYTIC,False,6.018865834760736
A4_CLEAN_DEC,E0_I0014_residual_heterogeneity,pl_pts_sd5|minutes_absres,pl_pts_sd5,minutes_absres,3549,174,2000,-2.806636645108117,0.0022165113744346716,0.07227391248375545,1.272786062208847,1.0206544056438274,0.7635142091751715,1.3367850832094477,2000.0,0.028,2.854441049574615,5.323081389242404,0.004342261846887238,0.01152067702768382,ANALYTIC,False,2.339160447837239
A4_CLEAN_DEC,E0_I0014_residual_heterogeneity,pl_pts_sd5|minutes_sqres,pl_pts_sd5,minutes_sqres,3549,174,2000,-2.535045978443153,0.0018090333997328178,0.052994664680693464,1.1982044320831855,0.957506496790476,0.7219600892065369,1.3262595967636024,2000.0,0.033,2.704549079516988,5.323081389242404,0.003884543679533547,0.011295601810194776,ANALYTIC,False,2.185078517825627
A4_CLEAN_DEC,E0_I0014_residual_heterogeneity,pl_pts_sd5|fga_absres,pl_pts_sd5,fga_absres,3549,174,2000,4.297205535929234,0.005180572782955257,-0.038550609416650526,1.1535774013342384,0.9249772679806213,0.6900846049906806,1.3403824129551665,2000.0,0.0005,2.5132519562366467,5.323081389242404,0.00342044020524851,0.01116198647352808,ANALYTIC,False,4.88668815904704
A4_CLEAN_DEC,E0_I0014_residual_heterogeneity,pl_pts_sd5|fga_sqres,pl_pts_sd5,fga_sqres,3549,174,2000,4.180553407609729,0.004904487011552765,-0.03931559806956017,1.1813022556424846,0.9458837130320786,0.708433439581873,1.3351765461415148,2000.0,0.0005,2.6317165946673335,5.323081389242404,0.003704518699604355,0.011244902406455476,ANALYTIC,False,4.565947220795783
A4_CLEAN_DEC,E0_I0014_residual_heterogeneity,pl_usg_sd5|pts_absres,pl_usg_sd5,pts_absres,3549,174,2000,2.8691782197717832,0.002316163725787572,-0.022047116952280905,1.1957839248777666,0.9616614264757456,0.710725113307855,1.3530708405672953,2000.0,0.0175,2.674318730340707,5.323081389242404,0.003817320183847834,0.011288334312969262,ANALYTIC,False,2.6839023380193754
A4_CLEAN_DEC,E0_I0014_residual_heterogeneity,pl_usg_sd5|pts_sqres,pl_usg_sd5,pts_sqres,3549,174,2000,2.9929907528076076,0.0025198592113892734,-0.011137805120981852,1.205682081557701,0.9744590663944009,0.709751998745296,1.3729571288521283,2000.0,0.0115,2.66373377758315,5.323081389242404,0.003812645366685475,0.011318067991265132,ANALYTIC,False,2.843995775963406
A4_CLEAN_DEC,E0_I0014_residual_heterogeneity,pl_usg_sd5|minutes_absres,pl_usg_sd5,minutes_absres,3549,174,2000,0.9516340467052724,0.0002553232194760163,0.03085770495998922,1.2880539473480983,1.0293437870701623,0.7745688957452139,1.328924764116469,2000.0,0.465,2.7947529398834012,5.323081389242404,0.00423926170810455,0.011567026812132335,ANALYTIC,True,-0.10032644067139464
A4_CLEAN_DEC,E0_I0014_residual_heterogeneity,pl_usg_sd5|minutes_sqres,pl_usg_sd5,minutes_sqres,3549,174,2000,0.039689775913339234,4.44240725395924e-07,0.026152889938765626,1.2139373657281887,0.9685278395800393,0.7319923564919859,1.323139280062473,2000.0,0.97,2.7452114866903075,5.323081389242404,0.0039981508293710395,0.011342896454472982,ANALYTIC,True,-1.2689177085373968
A4_CLEAN_DEC,E0_I0014_residual_heterogeneity,pl_usg_sd5|fga_absres,pl_usg_sd5,fga_absres,3549,174,2000,2.263275184929695,0.0014424776069989415,-0.039781953685283686,1.160216944381453,0.9305348759403655,0.6937999957232055,1.3412148770199854,2000.0,0.0525,2.5297977089006807,5.323081389242404,0.00346403653792118,0.011181815224771607,ANALYTIC,False,1.920928678588565
A4_CLEAN_DEC,E0_I0014_residual_heterogeneity,pl_usg_sd5|fga_sqres,pl_usg_sd5,fga_sqres,3549,174,2000,2.048879109888431,0.0011824427027877235,-0.030948767257305537,1.1647703544620058,0.9332527515420238,0.6973176374665849,1.3383466893690106,2000.0,0.075,2.617319828790729,5.323081389242404,0.0036468965298673555,0.011195423988653396,ANALYTIC,False,1.5998826050056243
A4_CLEAN_DEC,E0_I0014_residual_heterogeneity,pl_min_trend5|pts_absres,pl_min_trend5,pts_absres,3549,174,2000,-1.1589939102734617,0.0003786684239416116,-0.020652634004222747,1.066283548149608,0.8527422207740374,0.6401986317516728,1.331996318768779,2000.0,0.28,2.4211352646529716,5.323081389242404,0.0031030492909354165,0.010902923146582666,ANALYTIC,False,0.4783697969823474
A4_CLEAN_DEC,E0_I0014_residual_heterogeneity,pl_min_trend5|pts_sqres,pl_min_trend5,pts_sqres,3549,174,2000,-1.78897740638927,0.000901735535800391,-0.009983846677030169,1.0806554375091018,0.8548507064685533,0.660893791525691,1.2934766787491037,2000.0,0.0925,2.489759256022341,5.323081389242404,0.0032558413384257703,0.010945365656260104,ANALYTIC,False,1.413429376850795
A4_CLEAN_DEC,E0_I0014_residual_heterogeneity,pl_min_trend5|minutes_absres,pl_min_trend5,minutes_absres,3549,174,2000,-4.119108656928425,0.004762058099415383,0.011342329627081071,1.118294949425511,0.8900715813455171,0.6768224101812623,1.3150740400382779,2000.0,0.0015,2.529690837901508,5.323081389242404,0.0033944631592257553,0.01105691193583472,ANALYTIC,False,4.77087789501256
A4_CLEAN_DEC,E0_I0014_residual_heterogeneity,pl_min_trend5|minutes_sqres,pl_min_trend5,minutes_sqres,3549,174,2000,-4.165135460902469,0.0048685538676220205,0.01122239497414974,1.0906043094944207,0.8706950122384178,0.6565475734309314,1.3261720056147839,2000.0,0.0005,2.4612354467037516,5.323081389242404,0.0032173548721172226,0.010974794573872012,ANALYTIC,False,5.017824422757729
A4_CLEAN_DEC,E0_I0014_residual_heterogeneity,pl_min_trend5|fga_absres,pl_min_trend5,fga_absres,3549,174,2000,-2.2586715690988504,0.0014366238524395013,0.018047072232482433,1.0666327252443806,0.8522666300727592,0.6413341256224436,1.3288964301495667,2000.0,0.034,2.407083510129774,5.323081389242404,0.003077373628044952,0.010903953345670783,ANALYTIC,False,2.1929363850100945
A4_CLEAN_DEC,E0_I0014_residual_heterogeneity,pl_min_trend5|fga_sqres,pl_min_trend5,fga_sqres,3549,174,2000,-3.1847763753250806,0.002852191582190958,0.020415372628232176,1.0733222010080294,0.8598001527292135,0.642504029110491,1.3382019625924466,2000.0,0.0025,2.3885475694320575,5.323081389242404,0.0030533848694758803,0.010923699123104199,ANALYTIC,False,3.618617342858783
A4_CLEAN_DEC,E0_I0014_residual_heterogeneity,pl_abs_min_trend5|pts_absres,pl_abs_min_trend5,pts_absres,3549,174,2000,-0.7471800478866316,0.00015741402796604447,0.04107418956889579,1.0825445786388415,0.8648368370787748,0.6521301898628556,1.3261720596935587,2000.0,0.491,2.4066097438767784,5.323081389242404,0.00310147878371039,0.010950950726145874,ANALYTIC,True,-0.18041917246138633
A4_CLEAN_DEC,E0_I0014_residual_heterogeneity,pl_abs_min_trend5|pts_sqres,pl_abs_min_trend5,pts_sqres,3549,174,2000,-0.8093499232783038,0.00018469439220188973,0.022505179200394507,1.093460320136826,0.8673178938916717,0.6659921702163057,1.3022944302933441,2000.0,0.4585,2.4627324745586114,5.323081389242404,0.0032247871238047484,0.010983249996631419,ANALYTIC,True,-0.08704001819501968
A4_CLEAN_DEC,E0_I0014_residual_heterogeneity,pl_abs_min_trend5|minutes_absres,pl_abs_min_trend5,minutes_absres,3549,174,2000,7.047791532127712,0.013814211709444019,-0.019258859600163436,1.1903845098553636,0.944827555272684,0.7240446729848398,1.304929917345676,2000.0,0.0,2.623971021537328,5.323081389242404,0.0037043107811032096,0.011272131165204445,ANALYTIC,False,8.428988161318623
A4_CLEAN_DEC,E0_I0014_residual_heterogeneity,pl_abs_min_trend5|minutes_sqres,pl_abs_min_trend5,minutes_sqres,3549,174,2000,5.735629572036514,0.009192061823114444,-0.005538313122140398,1.1260363255204855,0.8872369675380776,0.6931127371992163,1.280075981756292,2000.0,0.0,2.53588059894467,5.323081389242404,0.003419359393454677,0.011079923946314265,ANALYTIC,False,6.9950995621436665
A4_CLEAN_DEC,E0_I0014_residual_heterogeneity,pl_abs_min_trend5|fga_absres,pl_abs_min_trend5,fga_absres,3549,174,2000,1.0751079960593521,0.000325854642344916,0.05848281946002208,1.097873254149129,0.8768982384802375,0.6628819239349492,1.32285736994435,2000.0,0.3185,2.501846717101978,5.323081389242404,0.003306954296673143,0.010996321203983049,ANALYTIC,False,0.29901216253192875
A4_CLEAN_DEC,E0_I0014_residual_heterogeneity,pl_abs_min_trend5|fga_sqres,pl_abs_min_trend5,fga_sqres,3549,174,2000,1.6313398998017128,0.0007499362904208012,0.0504719811458981,1.0992122154889767,0.8733549759984632,0.6690932002102877,1.3052814999823321,2000.0,0.141,2.4901683078984513,5.323081389242404,0.003286614977076165,0.01100028877395975,ANALYTIC,False,1.132854023273625
A4_CLEAN_DEC,E0_I0014_residual_heterogeneity,pl_start_switch5|pts_absres,pl_start_switch5,pts_absres,3549,174,2000,-2.449772377158978,0.0016895783672106618,-0.016638607516698052,1.246217661918795,0.9967222962938043,0.7479192005451403,1.3326603937528512,2000.0,0.045,2.751802253180471,5.323081389242404,0.0040701341814219465,0.011440243323822553,ANALYTIC,False,1.942790183493191
A4_CLEAN_DEC,E0_I0014_residual_heterogeneity,pl_start_switch5|pts_sqres,pl_start_switch5,pts_sqres,3549,174,2000,-2.6394607431252037,0.0019608269648422895,-0.022557097663451108,1.252457345258495,1.005702498771885,0.746468345682286,1.3472808386170134,2000.0,0.03,2.7292126205309457,5.323081389242404,0.004033083756175032,0.011459108149081328,ANALYTIC,False,2.1886504013241623
A4_CLEAN_DEC,E0_I0014_residual_heterogeneity,pl_start_switch5|minutes_absres,pl_start_switch5,minutes_absres,3549,174,2000,6.789719995159986,0.012833800226378332,0.03403664048617968,1.3810067353823612,1.102082579327835,0.8325533419193772,1.3237381004165838,2000.0,0.0,3.0647831616520502,5.323081389242404,0.005034686332966509,0.011851217783408096,ANALYTIC,False,6.831559167992542
A4_CLEAN_DEC,E0_I0014_residual_heterogeneity,pl_start_switch5|minutes_sqres,pl_start_switch5,minutes_sqres,3549,174,2000,5.15534210935996,0.00743932129554292,0.04035569267403066,1.2691442071463006,1.0117165875110528,0.7669901697350308,1.3190737344920167,2000.0,0.0,2.850569146379539,5.323081389242404,0.004326929075439135,0.011509634938819062,ANALYTIC,False,5.402449321195851
A4_CLEAN_DEC,E0_I0014_residual_heterogeneity,pl_start_switch5|fga_absres,pl_start_switch5,fga_absres,3549,174,2000,-2.4385518512979405,0.001674162342437507,-0.030606852607307323,1.2159964738956872,0.9781372796392019,0.7227402847362383,1.353373127659779,2000.0,0.0485,2.673249804285153,5.323081389242404,0.0038504599229567827,0.011349093634776408,ANALYTIC,False,2.020663027233513
A4_CLEAN_DEC,E0_I0014_residual_heterogeneity,pl_start_switch5|fga_sqres,pl_start_switch5,fga_sqres,3549,174,2000,-2.198518611023431,0.0013612252178771347,-0.016867896089548688,1.2277089259657248,0.9867804446888648,0.730295226432074,1.3512075787621856,2000.0,0.0725,2.742235119495815,5.323081389242404,0.004016457580670556,0.011384376125912506,ANALYTIC,False,1.6592442651646881
A4_CLEAN_DEC,E0_I0014_residual_heterogeneity,pl_rest_days|pts_absres,pl_rest_days,pts_absres,3549,174,2000,1.5144697041594688,0.0006464004198716982,-0.02433941845003536,1.0524311573690017,0.8362816272575763,0.6391300541717116,1.3084686313826466,2000.0,0.151,2.3110716258786486,5.323081389242404,0.0028795881473263067,0.010862092832486089,ANALYTIC,False,1.0611112284193842
A4_CLEAN_DEC,E0_I0014_residual_heterogeneity,pl_rest_days|pts_sqres,pl_rest_days,pts_sqres,3549,174,2000,1.3519479162208192,0.000515178100568694,-0.006167356573441521,1.0628167926064307,0.8353457405646052,0.6568607218357011,1.2717242983110628,2000.0,0.186,2.4265315610868208,5.323081389242404,0.0031076863237805134,0.010892697600506795,ANALYTIC,False,0.7864714063165287
A4_CLEAN_DEC,E0_I0014_residual_heterogeneity,pl_rest_days|minutes_absres,pl_rest_days,minutes_absres,3549,174,2000,6.000289738895272,0.010051212172842772,0.011605320973600609,1.0905676008815024,0.8588811276498747,0.6718828979833247,1.2783196747942691,2000.0,0.0,2.4665569599975177,5.323081389242404,0.003227437477728558,0.010974685916604488,ANALYTIC,False,7.652239142680188
A4_CLEAN_DEC,E0_I0014_residual_heterogeneity,pl_rest_days|minutes_sqres,pl_rest_days,minutes_sqres,3549,174,2000,7.327898040138243,0.014917387055461672,0.014028747471136065,1.073601610605756,0.8371569910472049,0.6720378736606606,1.2456991247935525,2000.0,0.0,2.4607433278735686,5.323081389242404,0.00318922982832273,0.010924524263911887,ANALYTIC,False,9.658296508997765
A4_CLEAN_DEC,E0_I0014_residual_heterogeneity,pl_rest_days|fga_absres,pl_rest_days,fga_absres,3549,174,2000,1.9220303468829543,0.001040709550039037,-0.0019376845412597144,1.0440171323619887,0.8345796059493464,0.6269800433197164,1.3311103197646257,2000.0,0.0685,2.321173073223119,5.323081389242404,0.0028850313918825517,0.01083732964775023,ANALYTIC,False,1.7344264024350826
A4_CLEAN_DEC,E0_I0014_residual_heterogeneity,pl_rest_days|fga_sqres,pl_rest_days,fga_sqres,3549,174,2000,2.1885225483269712,0.0013488917796747725,-0.017436091571129367,1.0447058117036652,0.8272347046415077,0.6380084764522154,1.2965888936797922,2000.0,0.038,2.355260153852149,5.323081389242404,0.002947882192642017,0.010839355427247207,ANALYTIC,False,2.1336516581334473
A4_CLEAN_DEC,E0_I0014_residual_heterogeneity,pl_teamgames_since_appear|pts_absres,pl_teamgames_since_appear,pts_absres,3549,174,2000,0.7462621602388824,0.00015702756966111257,-0.005002658889652235,1.080848120056374,0.8637237426280229,0.6495119692629214,1.3298041968467387,2000.0,0.4925,2.4829315272860164,5.323081389242404,0.003243085193605363,0.010945935239034012,ANALYTIC,True,-0.18084590884820514
A4_CLEAN_DEC,E0_I0014_residual_heterogeneity,pl_teamgames_since_appear|pts_sqres,pl_teamgames_since_appear,pts_sqres,3549,174,2000,0.8530238240224183,0.00020516084577928322,0.007716237066902057,1.0794611416164581,0.8556716714149887,0.6578416579676359,1.3007258829708919,2000.0,0.4265,2.4248495702180115,5.323081389242404,0.003130798011046457,0.010941835566611222,ANALYTIC,True,-0.004025052777519098
A4_CLEAN_DEC,E0_I0014_residual_heterogeneity,pl_teamgames_since_appear|minutes_absres,pl_teamgames_since_appear,minutes_absres,3549,174,2000,7.596386310353702,0.016012710145650408,0.02956702600546541,1.1361942648856378,0.8844910794132652,0.7135097942100145,1.2396341109690838,2000.0,0.0,2.6900621463175347,5.323081389242404,0.0037462827277679753,0.01111015572002334,ANALYTIC,False,9.406871896372115
A4_CLEAN_DEC,E0_I0014_residual_heterogeneity,pl_teamgames_since_appear|minutes_sqres,pl_teamgames_since_appear,minutes_sqres,3549,174,2000,9.18088330768672,0.023218158987208668,0.02383167135025751,1.1063341157618858,0.8428736752665152,0.7167649406904258,1.1759415498958623,2000.0,0.0,2.8306685569902483,5.323081389242404,0.0039873232282716,0.011021404201138122,ANALYTIC,False,11.6328368745109
A4_CLEAN_DEC,E0_I0014_residual_heterogeneity,pl_teamgames_since_appear|fga_absres,pl_teamgames_since_appear,fga_absres,3549,174,2000,2.1131044265816534,0.0012576409155237232,0.006303960354343538,1.061106381973583,0.8585307288744283,0.6233319977125458,1.3773249761363064,2000.0,0.0405,2.373836747293838,5.323081389242404,0.003007198312820612,0.0108876543387063,ANALYTIC,False,2.0126893891395916
A4_CLEAN_DEC,E0_I0014_residual_heterogeneity,pl_teamgames_since_appear|fga_sqres,pl_teamgames_since_appear,fga_sqres,3549,174,2000,2.466211342384321,0.0017122910016186574,-0.0034797028585655723,1.0528833320724198,0.8439958195377164,0.6291980127948101,1.341383479246548,2000.0,0.021,2.327893833695634,5.323081389242404,0.0029106628838044993,0.01086342442089737,ANALYTIC,False,2.5782273463340237
A4_CLEAN_DEC,E0_I0014_residual_heterogeneity,pl_dnp_frac5|pts_absres,pl_dnp_frac5,pts_absres,3549,174,2000,1.3597090970013186,0.0005211069941502802,0.011973952738181602,1.2070514252127813,0.9647996258223904,0.7251293818374802,1.3305206629161612,2000.0,0.2585,2.7082687181181573,5.323081389242404,0.003907941530023247,0.011322184525839083,ANALYTIC,False,0.5446055298134883
A4_CLEAN_DEC,E0_I0014_residual_heterogeneity,pl_dnp_frac5|pts_sqres,pl_dnp_frac5,pts_sqres,3549,174,2000,1.7091869559663082,0.0008231571756580818,0.008605527122572926,1.2127328458870754,0.967467689275273,0.7309809073187011,1.3235197795028943,2000.0,0.1565,2.69171750522878,5.323081389242404,0.0038832796465214266,0.011339272064458172,ANALYTIC,False,1.0146903417925417
A4_CLEAN_DEC,E0_I0014_residual_heterogeneity,pl_dnp_frac5|minutes_absres,pl_dnp_frac5,minutes_absres,3549,174,2000,5.398080275572375,0.008150527421588189,0.01632265210470466,1.311699603612294,1.048695765761349,0.7877242199913119,1.331298110616575,2000.0,0.0,2.9246194900971374,5.323081389242404,0.004572951898139065,0.011638993226225794,ANALYTIC,False,5.521455859080983
A4_CLEAN_DEC,E0_I0014_residual_heterogeneity,pl_dnp_frac5|minutes_sqres,pl_dnp_frac5,minutes_sqres,3549,174,2000,6.372341221115942,0.011321768921250714,0.013240752252799736,1.2268115710592618,0.9722295718087053,0.748023291223234,1.2997316837806339,2000.0,0.0,2.7164247681384626,5.323081389242404,0.003960134376671815,0.01138167100464779,ANALYTIC,False,7.219175809989145
A4_CLEAN_DEC,E0_I0014_residual_heterogeneity,pl_dnp_frac5|fga_absres,pl_dnp_frac5,fga_absres,3549,174,2000,1.4217963776328344,0.0005697555487293146,0.009640356995079766,1.1928450027189232,0.9615521704682936,0.7056394861430026,1.3626677493972161,2000.0,0.2425,2.656172111810672,5.323081389242404,0.0037746692658849456,0.011279513434699065,ANALYTIC,False,0.6522370363373758
A4_CLEAN_DEC,E0_I0014_residual_heterogeneity,pl_dnp_frac5|fga_sqres,pl_dnp_frac5,fga_sqres,3549,174,2000,1.3498016107839819,0.0005135444807443496,0.0128230769392863,1.181825471887271,0.9463041258719872,0.7077686706714326,1.3370246029317254,2000.0,0.2565,2.6025211231748435,5.323081389242404,0.0036459948874781427,0.011246470124224387,ANALYTIC,False,0.5700979735783054
A4_CLEAN_DEC,E0_I0014_residual_heterogeneity,tm_rest_days|pts_absres,tm_rest_days,pts_absres,3549,24,2000,0.8590073582791189,0.0002080485402940231,0.036241879426552034,0.9968510375933801,0.7958078627227909,0.6011648311282589,1.323776477791005,2000.0,0.3845,2.221333555441793,5.323081389242404,0.0026389022180158274,0.010699039066532674,ANALYTIC,False,0.10512839787669535
A4_CLEAN_DEC,E0_I0014_residual_heterogeneity,tm_rest_days|pts_sqres,tm_rest_days,pts_sqres,3549,24,2000,0.6596773596172695,0.00012270750695100733,0.044090190301939614,0.9811262826735141,0.7857254073780662,0.5889655740929501,1.3340769680607232,2000.0,0.5045,2.2149299357466417,5.323081389242404,0.0026051433261852137,0.01065313159933326,ANALYTIC,True,-0.21401598549273423
A4_CLEAN_DEC,E0_I0014_residual_heterogeneity,tm_rest_days|minutes_absres,tm_rest_days,minutes_absres,3549,24,2000,0.4333650615759091,5.295976606629535e-05,0.04069613476446455,1.0351275772618824,0.8187065730404723,0.6344527913681057,1.2904136985118309,2000.0,0.6525,2.322284522889501,5.323081389242404,0.002873555880345971,0.010811197638224907,ANALYTIC,True,-0.6073604162630131
A4_CLEAN_DEC,E0_I0014_residual_heterogeneity,tm_rest_days|minutes_sqres,tm_rest_days,minutes_sqres,3549,24,2000,0.8520050932873291,0.00020467120856232615,0.03463767757972741,1.0237292199361674,0.8079364258472989,0.6293918275023205,1.2836779737886255,2000.0,0.3905,2.369509196002748,5.323081389242404,0.0029416783734655216,0.010777736830282181,ANALYTIC,False,0.07001785773881496
A4_CLEAN_DEC,E0_I0014_residual_heterogeneity,tm_rest_days|fga_absres,tm_rest_days,fga_absres,3549,24,2000,-0.22785341605997225,1.4640840129504671e-05,0.022346627096085404,0.9745664335200044,0.7647742678700373,0.604240918812714,1.2656777190342534,2000.0,0.7965,2.240800234480898,5.323081389242404,0.0026401293850948884,0.010634009694062549,ANALYTIC,True,-0.8885873748257109
A4_CLEAN_DEC,E0_I0014_residual_heterogeneity,tm_rest_days|fga_sqres,tm_rest_days,fga_sqres,3549,24,2000,0.03602277877592309,3.6594475908561365e-07,0.019797111088643297,0.9781015741783863,0.7719457108577814,0.6007299987739719,1.2850127552032413,2000.0,0.9685,2.2206743156571993,5.323081389242404,0.002610627327434539,0.010644312465321678,ANALYTIC,True,-1.2250477478797483
A4_CLEAN_DEC,E0_I0014_residual_heterogeneity,tm_b2b|pts_absres,tm_b2b,pts_absres,3549,24,2000,-0.19939468774785385,1.1212012332871468e-05,0.004190472399380132,0.9769028743837709,0.7753079388968694,0.5940990600525131,1.305014585999074,2000.0,0.833,2.162392933590147,5.323081389242404,0.002509915114481525,0.0106408184301355,ANALYTIC,True,-0.9693892649789918
A4_CLEAN_DEC,E0_I0014_residual_heterogeneity,tm_b2b|pts_sqres,tm_b2b,pts_sqres,3549,24,2000,-0.34332290473091165,3.323933981150539e-05,-0.013253057420930296,0.9724577995138214,0.7730448820161236,0.5898750418109768,1.3105231230716197,2000.0,0.7185,2.1391570180578765,5.323081389242404,0.002464746920851621,0.010627866691759396,ANALYTIC,True,-0.7284966252613799
A4_CLEAN_DEC,E0_I0014_residual_heterogeneity,tm_b2b|minutes_absres,tm_b2b,minutes_absres,3549,24,2000,-1.3248122619484939,0.0004947149581406112,-0.012305222638664175,1.0251077706769067,0.8245461482115135,0.6089178737676101,1.3541171703660593,2000.0,0.201,2.2235366022568352,5.323081389242404,0.002683905386289658,0.010781780921633451,ANALYTIC,False,0.8215658224016987
A4_CLEAN_DEC,E0_I0014_residual_heterogeneity,tm_b2b|minutes_sqres,tm_b2b,minutes_sqres,3549,24,2000,-1.2286899901684567,0.00042556024606153206,-0.009190661845297708,1.0032402478316687,0.7998644095425379,0.6053696227713463,1.3212826997839864,2000.0,0.2105,2.2336358340778038,5.323081389242404,0.0026694805011404825,0.01071772017736226,ANALYTIC,False,0.7083698363700192
A4_CLEAN_DEC,E0_I0014_residual_heterogeneity,tm_b2b|fga_absres,tm_b2b,fga_absres,3549,24,2000,-0.6346401916368245,0.00011357090527212343,0.00017025547308051082,0.9754478477127857,0.7745849516627125,0.592635253990545,1.3070180122545838,2000.0,0.5075,2.1985576049017883,5.323081389242404,0.0025690256970178765,0.010636578010110531,ANALYTIC,True,-0.23613978257884852
A4_CLEAN_DEC,E0_I0014_residual_heterogeneity,tm_b2b|fga_sqres,tm_b2b,fga_sqres,3549,24,2000,-0.46282614658565524,6.0404710318292934e-05,-0.017374561429674855,0.9710936368447964,0.7701859815003832,0.5914741669971484,1.3021464410027166,2000.0,0.6275,2.173491988832938,5.323081389242404,0.0025203705258699965,0.010623893474677834,ANALYTIC,True,-0.5196504802148186
A4_CLEAN_DEC,E0_I0014_residual_heterogeneity,tm_3in4|pts_absres,tm_3in4,pts_absres,3549,24,2000,-0.7254192754503239,0.00014837987670296893,0.016195097932900707,0.9507303990759112,0.7584464350662233,0.5732555668164192,1.3230511467655928,2000.0,0.4375,2.12653041395863,5.323081389242404,0.002413493061655418,0.010564672456164756,ANALYTIC,True,-0.057613325587601516
A4_CLEAN_DEC,E0_I0014_residual_heterogeneity,tm_3in4|pts_sqres,tm_3in4,pts_sqres,3549,24,2000,-0.2080961334956031,1.2211921023957498e-05,-0.002587712139275707,0.9470905767537341,0.7457215861376282,0.5836166436208654,1.2777592864916152,2000.0,0.827,2.125916827150157,5.323081389242404,0.0024074324912880863,0.010554104445722053,ANALYTIC,True,-0.9211962313248943
A4_CLEAN_DEC,E0_I0014_residual_heterogeneity,tm_3in4|minutes_absres,tm_3in4,minutes_absres,3549,24,2000,-2.1223799319295398,0.0012686919787883858,-0.006212342435542344,1.0473484952664383,0.8345536100457122,0.6325735853877197,1.319298859964559,2000.0,0.044,2.351481056747637,5.323081389242404,0.0029450485410064545,0.010847130750140327,ANALYTIC,False,2.035852194325325
A4_CLEAN_DEC,E0_I0014_residual_heterogeneity,tm_3in4|minutes_sqres,tm_3in4,minutes_sqres,3549,24,2000,-1.4971208499431292,0.0006316849968987364,0.005163300161728967,1.0493370666516804,0.8309809368485601,0.6405155717631803,1.2973625833343536,2000.0,0.148,2.336298432361113,5.323081389242404,0.002920487988321024,0.010852983377495967,ANALYTIC,False,1.0400058054183623
A4_CLEAN_DEC,E0_I0014_residual_heterogeneity,tm_3in4|fga_absres,tm_3in4,fga_absres,3549,24,2000,-0.7687130355281527,0.00016661626456654754,-0.026435265250815576,0.9726288733813354,0.7854213405271223,0.5740303287937187,1.3682575660725553,2000.0,0.4535,2.1509076958078532,5.323081389242404,0.0024846118729084,0.010628365008518605,ANALYTIC,True,-0.029107007349386607
A4_CLEAN_DEC,E0_I0014_residual_heterogeneity,tm_3in4|fga_sqres,tm_3in4,fga_sqres,3549,24,2000,-0.5536289665601117,8.642936874726049e-05,-0.028849084727743435,0.967113042987784,0.7748117964502153,0.5792293908400694,1.3376596711131807,2000.0,0.576,2.1507131013467924,5.323081389242404,0.002476524384825749,0.010612303969025273,ANALYTIC,True,-0.38185705592272706
A4_CLEAN_DEC,E0_I0014_residual_heterogeneity,tm_games_prior7d|pts_absres,tm_games_prior7d,pts_absres,3549,24,2000,-2.0282139234448486,0.0011587380356860506,0.009896174324518186,1.0010100857574167,0.798608268742045,0.6033448110622889,1.3236349332912343,2000.0,0.04,2.1954339903340805,5.323081389242404,0.0026004138674214933,0.010711197660314193,ANALYTIC,False,2.037981651881415
A4_CLEAN_DEC,E0_I0014_residual_heterogeneity,tm_games_prior7d|pts_sqres,tm_games_prior7d,pts_sqres,3549,24,2000,-1.5083394049750223,0.0006411813358123968,-0.0024363640906438933,0.993025878159176,0.7917665268630422,0.599081377238477,1.3216343504329342,2000.0,0.1265,2.2592062705129394,5.323081389242404,0.002699003837640247,0.010687862661154825,ANALYTIC,False,1.1961194344165587
A4_CLEAN_DEC,E0_I0014_residual_heterogeneity,tm_games_prior7d|minutes_absres,tm_games_prior7d,minutes_absres,3549,24,2000,-0.07466796891957668,1.5722777260112472e-06,-0.009724519116182063,1.0726095377489893,0.86191392968193,0.638215150432266,1.350506845690128,2000.0,0.946,2.320581476879214,5.323081389242404,0.0029275128432185923,0.010921594656705426,ANALYTIC,True,-1.2335118654409067
A4_CLEAN_DEC,E0_I0014_residual_heterogeneity,tm_games_prior7d|minutes_sqres,tm_games_prior7d,minutes_sqres,3549,24,2000,-1.127872505266695,0.0003586125770932051,0.0034492419805570514,1.0775539324844128,0.863283964250077,0.6445947267032791,1.3392662528675405,2000.0,0.305,2.4143971219401843,5.323081389242404,0.00310818913055584,0.010936199434656015,ANALYTIC,False,0.4104727048727684
A4_CLEAN_DEC,E0_I0014_residual_heterogeneity,tm_games_prior7d|fga_absres,tm_games_prior7d,fga_absres,3549,24,2000,-0.6363524623288239,0.00011418449462320554,0.0076282091609926085,1.0278763056816749,0.8189644181737087,0.6209264699727945,1.3189394522182167,2000.0,0.527,2.3215671138909415,5.323081389242404,0.0028612949892616313,0.010789904937014578,ANALYTIC,True,-0.29409594320062693
A4_CLEAN_DEC,E0_I0014_residual_heterogeneity,tm_games_prior7d|fga_sqres,tm_games_prior7d,fga_sqres,3549,24,2000,-0.8412296351726436,0.00019952794689488302,0.00766265371820808,1.0248796455503266,0.8062284315292645,0.6325405797004509,1.2745876824393878,2000.0,0.402,2.3677566113843875,5.323081389242404,0.0029402503399012674,0.01078111164553678,ANALYTIC,False,0.05533432125406793
A4_CLEAN_DEC,E0_I0014_residual_heterogeneity,opp_rest_days|pts_absres,opp_rest_days,pts_absres,3549,24,2000,0.17701860516103754,8.836804756595701e-06,0.04981964453733284,0.9892397547398348,0.7845156039908772,0.6044054200154703,1.2979956466485638,2000.0,0.8545,2.196544003117565,5.323081389242404,0.0025853768553126054,0.010676806063246893,ANALYTIC,True,-1.0051150746038813
A4_CLEAN_DEC,E0_I0014_residual_heterogeneity,opp_rest_days|pts_sqres,opp_rest_days,pts_sqres,3549,24,2000,0.09763005095605237,2.687986810173446e-06,0.04824299862011864,0.9847034112622914,0.7874200138523291,0.5929830612282514,1.3278963014918816,2000.0,0.922,2.2350117178518323,5.323081389242404,0.002644863149498184,0.010663566136368584,ANALYTIC,True,-1.1632540758710852
A4_CLEAN_DEC,E0_I0014_residual_heterogeneity,opp_rest_days|minutes_absres,opp_rest_days,minutes_absres,3549,24,2000,0.2331839975816155,1.533388126107898e-05,0.011955503651184264,1.0592871520250784,0.8409533612007561,0.6439533695338119,1.3059227592978693,2000.0,0.8185,2.4400820853380996,5.323081389242404,0.003127518415700352,0.01088229149734951,ANALYTIC,True,-0.9438095868015
A4_CLEAN_DEC,E0_I0014_residual_heterogeneity,opp_rest_days|minutes_sqres,opp_rest_days,minutes_sqres,3549,24,2000,0.4415477941383695,5.49784928530166e-05,0.008067378922953377,1.0268369709358822,0.812017907419616,0.6282963843634578,1.2924121921253628,2000.0,0.658,2.2916209340797447,5.323081389242404,0.0028062144229960766,0.01078685474457979,ANALYTIC,True,-0.5896422810972861
A4_CLEAN_DEC,E0_I0014_residual_heterogeneity,opp_rest_days|fga_absres,opp_rest_days,fga_absres,3549,24,2000,-0.014085663994575878,5.595203576198201e-08,0.01986770178418648,1.0015856441937065,0.7934625830787928,0.6112862717538543,1.2980212704634322,2000.0,0.9855,2.257780696388525,5.323081389242404,0.0027090917107370463,0.010712880796204641,ANALYTIC,True,-1.2749786067468687
A4_CLEAN_DEC,E0_I0014_residual_heterogeneity,opp_rest_days|fga_sqres,opp_rest_days,fga_sqres,3549,24,2000,0.0032323811331912314,2.946499658664761e-09,0.011621648305784743,1.0075918833867992,0.8006219043922296,0.6116048086001926,1.309051029576842,2000.0,0.9955,2.263795751723042,5.323081389242404,0.002728469862304614,0.010730453048203569,ANALYTIC,True,-1.3037659482829436
A4_CLEAN_DEC,E0_I0014_residual_heterogeneity,tm_rest_diff|pts_absres,tm_rest_diff,pts_absres,3549,24,2000,0.9480002248215058,0.00025337752813189444,-0.019883130077590766,1.0123495729565521,0.8072896993889148,0.6109046688443512,1.321465918595884,2000.0,0.3475,2.323906836291674,5.323081389242404,0.0028420622294097124,0.010744382681583162,ANALYTIC,False,0.2303313963842725
A4_CLEAN_DEC,E0_I0014_residual_heterogeneity,tm_rest_diff|pts_sqres,tm_rest_diff,pts_sqres,3549,24,2000,0.8415598908703676,0.00019968461045623124,-0.009879513295626526,1.014713603339318,0.8101281398733118,0.6108235665366444,1.326288283974896,2000.0,0.404,2.29183717160628,5.323081389242404,0.002788481238224028,0.010751307484650382,ANALYTIC,False,0.05145798675593539
A4_CLEAN_DEC,E0_I0014_residual_heterogeneity,tm_rest_diff|minutes_absres,tm_rest_diff,minutes_absres,3549,24,2000,0.08381000131146686,1.9808523423102407e-06,0.03634555753664749,1.039995703175459,0.8298961032397076,0.627567243245456,1.3224018815066103,2000.0,0.936,2.366157403849643,5.323081389242404,0.002960533230163763,0.01082550422361933,ANALYTIC,True,-1.1888544374462027
A4_CLEAN_DEC,E0_I0014_residual_heterogeneity,tm_rest_diff|minutes_sqres,tm_rest_diff,minutes_sqres,3549,24,2000,0.5042257567473972,7.16935663102866e-05,0.033487959028635564,1.0341656112371944,0.8077424204782372,0.646410327056423,1.2495815531853842,2000.0,0.606,2.3981177642476768,5.323081389242404,0.003010157726296914,0.010808371704748892,ANALYTIC,True,-0.4695417926148742
A4_CLEAN_DEC,E0_I0014_residual_heterogeneity,tm_rest_diff|fga_absres,tm_rest_diff,fga_absres,3549,24,2000,-0.08537656157241004,2.0555956803895054e-06,0.003891585583666524,0.9871841407955431,0.7931606858619467,0.5874768905788201,1.350113848870674,2000.0,0.9375,2.2101515767071955,5.323081389242404,0.002605691793960387,0.010670805460473396,ANALYTIC,True,-1.2047863254538949
A4_CLEAN_DEC,E0_I0014_residual_heterogeneity,tm_rest_diff|fga_sqres,tm_rest_diff,fga_sqres,3549,24,2000,0.14271986519932517,5.744174540238103e-06,0.009166413310009704,0.9831559321234065,0.7776743804811747,0.6013315807332875,1.2932538476240476,2000.0,0.871,2.2365591879183,5.323081389242404,0.0026452863066168484,0.010659051489953785,ANALYTIC,True,-1.055914133941811
A4_CLEAN_DEC,E0_I0014_residual_heterogeneity,tm_roster_churn_prior|pts_absres,tm_roster_churn_prior,pts_absres,3549,24,2000,-0.5693720498561183,9.141424029182171e-05,-0.009231369897089866,0.9723194837326475,0.7769652698538205,0.5843914956586509,1.3295287074260471,2000.0,0.5685,2.1703583884125384,5.323081389242404,0.0025168291750891658,0.01062746380374561,ANALYTIC,True,-0.3552297073791771
A4_CLEAN_DEC,E0_I0014_residual_heterogeneity,tm_roster_churn_prior|pts_sqres,tm_roster_churn_prior,pts_sqres,3549,24,2000,-0.3547807102778453,3.549489133278202e-05,-0.005283729050869755,0.981072195380209,0.7787521832883167,0.5964664635663193,1.3056093357405159,2000.0,0.71,2.1819818156070436,5.323081389242404,0.0025489143185339893,0.010652973865097162,ANALYTIC,True,-0.7108052152262059
A4_CLEAN_DEC,E0_I0014_residual_heterogeneity,tm_roster_churn_prior|minutes_absres,tm_roster_churn_prior,minutes_absres,3549,24,2000,0.15013085923897845,6.356213093985479e-06,-0.006648944033583634,1.176233374543724,0.9412311328334916,0.705131162930013,1.3348312800733677,2000.0,0.901,2.6393165100485554,5.323081389242404,0.0037113340300433213,0.011229720127577609,ANALYTIC,True,-1.1219193182545997
A4_CLEAN_DEC,E0_I0014_residual_heterogeneity,tm_roster_churn_prior|minutes_sqres,tm_roster_churn_prior,minutes_sqres,3549,24,2000,0.7045676400523253,0.00013997351223335238,0.001656991961142336,1.1243685103774446,0.8945570443847789,0.6808631816707632,1.3138572748046597,2000.0,0.5315,2.5163988551719947,5.323081389242404,0.0033784814924086265,0.011074964178194306,ANALYTIC,True,-0.279041971202262
A4_CLEAN_DEC,E0_I0014_residual_heterogeneity,tm_roster_churn_prior|fga_absres,tm_roster_churn_prior,fga_absres,3549,24,2000,-1.225780112321075,0.00042354779683457416,0.014349154374079673,0.9939327801520418,0.7959540588861864,0.5951878518067739,1.3373157003624305,2000.0,0.214,2.223113019258469,5.323081389242404,0.0026377354757128294,0.010690511932113378,ANALYTIC,False,0.7221687272851637
A4_CLEAN_DEC,E0_I0014_residual_heterogeneity,tm_roster_churn_prior|fga_sqres,tm_roster_churn_prior,fga_sqres,3549,24,2000,-1.1388381642557501,0.0003656170830302158,0.022727662033651702,0.9926747667968048,0.7901691772098228,0.6010327189200659,1.3146857938609346,2000.0,0.2525,2.2304378239932117,5.323081389242404,0.00264855055844694,0.010686837071628085,ANALYTIC,False,0.5801164829635479
A4_CLEAN_DEC,E0_I0014_residual_heterogeneity,tm_newfaces_prior|pts_absres,tm_newfaces_prior,pts_absres,3549,24,2000,-0.9751800387829517,0.00026811086886919594,-0.011748270582708704,0.9994477558708434,0.7997206902470658,0.5993002491687079,1.334424091023426,2000.0,0.3345,2.226207676875919,5.323081389242404,0.0026510912105947994,0.010706629523259327,ANALYTIC,False,0.29277369528757297
A4_CLEAN_DEC,E0_I0014_residual_heterogeneity,tm_newfaces_prior|pts_sqres,tm_newfaces_prior,pts_sqres,3549,24,2000,-0.7127467435207157,0.00014324172376456405,-0.011639813447962858,0.9973875994158536,0.7969813276799239,0.5995169650135881,1.3293724351267695,2000.0,0.4725,2.2487825714093392,5.323081389242404,0.0026872389597429533,0.010700607267611227,ANALYTIC,True,-0.1405040875820738
A4_CLEAN_DEC,E0_I0014_residual_heterogeneity,tm_newfaces_prior|minutes_absres,tm_newfaces_prior,minutes_absres,3549,24,2000,2.5866223114421096,0.0018832529221191137,0.0001668348425420234,1.119991862456715,0.8918042852439036,0.677251105770884,1.316800043063501,2000.0,0.0215,2.553987010161601,5.323081389242404,0.0034449656773294333,0.011061954131485965,ANALYTIC,False,2.502495768196749
A4_CLEAN_DEC,E0_I0014_residual_heterogeneity,tm_newfaces_prior|minutes_sqres,tm_newfaces_prior,minutes_sqres,3549,24,2000,3.0990499985184097,0.0027011193017504043,-0.004656496406551632,1.0782980538598712,0.8563774124797687,0.654980335265525,1.3074856852497694,2000.0,0.008,2.3685943731270513,5.323081389242404,0.0030242084553631083,0.01093839826893593,ANALYTIC,False,3.4240304102099115
A4_CLEAN_DEC,E0_I0014_residual_heterogeneity,tm_newfaces_prior|fga_absres,tm_newfaces_prior,fga_absres,3549,24,2000,1.474791905997004,0.0006129943306488071,-0.035627854446730625,1.0131313951970764,0.8215559805888679,0.5936441086686766,1.383920043325812,2000.0,0.146,2.185106387589212,5.323081389242404,0.002600198074748115,0.010746672576602808,ANALYTIC,False,1.100383067681918
A4_CLEAN_DEC,E0_I0014_residual_heterogeneity,tm_newfaces_prior|fga_sqres,tm_newfaces_prior,fga_sqres,3549,24,2000,1.570992970573936,0.0006955167414325719,-0.02220040251404911,1.0092330330002461,0.8064423487190124,0.6069347742681113,1.3287133690625699,2000.0,0.122,2.2267053426985686,5.323081389242404,0.002666208665921254,0.010735257009321037,ANALYTIC,False,1.2596915752221938
A4_CLEAN_DEC,E0_I0014_residual_heterogeneity,tm_five_tenure_prior|pts_absres,tm_five_tenure_prior,pts_absres,3549,24,2000,-0.6528286856525943,0.00012017317449839286,-0.010712376087100043,1.0095390858790276,0.8033845857088571,0.6111745339400293,1.3144929003008625,2000.0,0.5165,2.2901227922691403,5.323081389242404,0.0027777318232447973,0.010736153004006103,ANALYTIC,True,-0.24633863437614342
A4_CLEAN_DEC,E0_I0014_residual_heterogeneity,tm_five_tenure_prior|pts_sqres,tm_five_tenure_prior,pts_sqres,3549,24,2000,-0.9163815734817581,0.0002367615246751859,-0.026449306284337806,1.004389839747808,0.8056666073675808,0.6000628900584345,1.3426369480857656,2000.0,0.377,2.217969633702389,5.323081389242404,0.00264404557504867,0.01072108314472078,ANALYTIC,False,0.18450560424324158
A4_CLEAN_DEC,E0_I0014_residual_heterogeneity,tm_five_tenure_prior|minutes_absres,tm_five_tenure_prior,minutes_absres,3549,24,2000,-0.6940455632676554,0.0001358245395695249,0.04978619077198076,1.7273101101229962,1.3903331807900803,1.025712811168931,1.3554799800205455,2000.0,0.6885,3.820332138998494,5.323081389242404,0.007837657384701577,0.012940354994176641,ANALYTIC,True,-0.6788329149646829
A4_CLEAN_DEC,E0_I0014_residual_heterogeneity,tm_five_tenure_prior|minutes_sqres,tm_five_tenure_prior,minutes_sqres,3549,24,2000,-0.6452255858010851,0.00011739063309843717,0.049966538704718275,1.5481876287883758,1.2398741908082216,0.9280763978920902,1.3359613428639148,2000.0,0.6735,3.443874765342931,5.323081389242404,0.0063490284993189,0.012371031279489606,ANALYTIC,True,-0.6407323862105992
A4_CLEAN_DEC,E0_I0014_residual_heterogeneity,tm_five_tenure_prior|fga_absres,tm_five_tenure_prior,fga_absres,3549,24,2000,0.5504616473053647,8.544335452109948e-05,0.03065735148625849,1.080075704538219,0.863591187240172,0.6491078884258255,1.3304278112140921,2000.0,0.615,2.3957906478195956,5.323081389242404,0.003077412802305625,0.010943652015363518,ANALYTIC,True,-0.4823998375588823
A4_CLEAN_DEC,E0_I0014_residual_heterogeneity,tm_five_tenure_prior|fga_sqres,tm_five_tenure_prior,fga_sqres,3549,24,2000,-0.17107750840933814,8.253601895352781e-06,0.027573359633257504,1.0731711069154948,0.8589410479307408,0.6436676914336099,1.33444797581445,2000.0,0.877,2.3992278207191586,5.323081389242404,0.0030729933017844438,0.010923252931294094,ANALYTIC,True,-1.0686625236530942
A4_CLEAN_DEC,E0_I0014_residual_heterogeneity,tm_five_changed_prior|pts_absres,tm_five_changed_prior,pts_absres,3549,24,2000,0.7583555530280673,0.00016215732871370088,0.0077989807820148,0.9783506946356277,0.7764885530315359,0.5949746592822187,1.3050783607629552,2000.0,0.4425,2.14224210087862,5.323081389242404,0.0024781733818117356,0.010645038687130827,ANALYTIC,True,-0.030476928253287766
A4_CLEAN_DEC,E0_I0014_residual_heterogeneity,tm_five_changed_prior|pts_sqres,tm_five_changed_prior,pts_sqres,3549,24,2000,0.6297869290540392,0.00011184072657746925,0.008197541319523499,0.9668423604878092,0.7695402025988489,0.5851179502752389,1.3151881637486218,2000.0,0.5065,2.131379913082599,5.323081389242404,0.0024439516486589835,0.010611516106146603,ANALYTIC,True,-0.23884632744401346
A4_CLEAN_DEC,E0_I0014_residual_heterogeneity,tm_five_changed_prior|minutes_absres,tm_five_changed_prior,minutes_absres,3549,24,2000,0.8662344062738886,0.00021156325368776723,-0.03757795854427158,1.223809853101573,0.9758326280702729,0.7391871786459615,1.3201427950330484,2000.0,0.4785,2.7252905068932574,5.323081389242404,0.003973538831388196,0.011372624511596699,ANALYTIC,True,-0.14826856439413044
A4_CLEAN_DEC,E0_I0014_residual_heterogeneity,tm_five_changed_prior|minutes_sqres,tm_five_changed_prior,minutes_sqres,3549,24,2000,1.7083173224809358,0.0008223204334560321,-0.03826634463677101,1.1480049232514669,0.9186032807776453,0.6892940119800722,1.332672654646828,2000.0,0.138,2.5383367322379433,5.323081389242404,0.0034606015249934266,0.011145358054562168,ANALYTIC,False,1.1456853359784032
A4_CLEAN_DEC,E0_I0014_residual_heterogeneity,tm_five_changed_prior|fga_absres,tm_five_changed_prior,fga_absres,3549,24,2000,-0.20273074227578333,1.1590320785268981e-05,-0.00731340792135077,1.0178107452259204,0.8213343673766136,0.6008865275172617,1.3668709977076647,2000.0,0.853,2.2711174932801392,5.323081389242404,0.002756462770299487,0.01076038312015944,ANALYTIC,True,-1.0294849306353595
A4_CLEAN_DEC,E0_I0014_residual_heterogeneity,tm_five_changed_prior|fga_sqres,tm_five_changed_prior,fga_sqres,3549,24,2000,0.5584311746116689,8.793512538523009e-05,0.005352007689863624,1.018083489792417,0.8125527794832712,0.6131478980674948,1.325214980014212,2000.0,0.582,2.279657149115078,5.323081389242404,0.0027719410110166654,0.010761182534105946,ANALYTIC,True,-0.4144540096647755
A4_CLEAN_DEC,E0_I0014_residual_heterogeneity,tm_prior_meetings|pts_absres,tm_prior_meetings,pts_absres,3549,24,2000,0.6877135392399117,0.00013335782303529908,-0.04022575360148863,0.9690827144960736,0.7742338935286331,0.5839539685320188,1.3258474730036554,2000.0,0.484,2.1990290404135355,5.323081389242404,0.0025607190211907683,0.010618037880379627,ANALYTIC,True,-0.14816296994474046
A4_CLEAN_DEC,E0_I0014_residual_heterogeneity,tm_prior_meetings|pts_sqres,tm_prior_meetings,pts_sqres,3549,24,2000,0.2388933584411309,1.609394196996173e-05,-0.051722555027711066,0.9664632638483733,0.7724589779389798,0.5828691388852733,1.3252699901324227,2000.0,0.8115,2.1874884159386383,5.323081389242404,0.0025374210492445388,0.010610412736471942,ANALYTIC,True,-0.9154123694355881
A4_CLEAN_DEC,E0_I0014_residual_heterogeneity,tm_prior_meetings|minutes_absres,tm_prior_meetings,minutes_absres,3549,24,2000,1.1250711367551471,0.00035683400665653073,-0.01180305036675013,1.1434787112314817,0.9135414137733375,0.6875373025140061,1.3287154172332742,2000.0,0.323,2.599550123491422,5.323081389242404,0.0035748992531046565,0.011131860843415583,ANALYTIC,False,0.30766290382840783
A4_CLEAN_DEC,E0_I0014_residual_heterogeneity,tm_prior_meetings|minutes_sqres,tm_prior_meetings,minutes_sqres,3549,24,2000,0.4051836073672353,4.629615202091001e-05,-0.0008449634032742139,1.1044847586871278,0.8854697094669559,0.6598776141782515,1.341869598909845,2000.0,0.722,2.528801940827214,5.323081389242404,0.003370034452061972,0.011015919172820939,ANALYTIC,True,-0.7278411811223858
A4_CLEAN_DEC,E0_I0014_residual_heterogeneity,tm_prior_meetings|fga_absres,tm_prior_meetings,fga_absres,3549,24,2000,0.6777911828442956,0.00012953789557741777,-0.04408602818787551,1.0377239754697956,0.8301730718471982,0.6239258803363184,1.330563610215536,2000.0,0.5165,2.378193118766921,5.323081389242404,0.0029790549949900787,0.01081882682911254,ANALYTIC,True,-0.244230755295426
A4_CLEAN_DEC,E0_I0014_residual_heterogeneity,tm_prior_meetings|fga_sqres,tm_prior_meetings,fga_sqres,3549,24,2000,0.49129694576596133,6.806437113331788e-05,-0.04701557551462401,1.0205956343687872,0.8168140329473936,0.6134395611117158,1.3315313923789152,2000.0,0.6265,2.277573249652796,5.323081389242404,0.0027719946998385854,0.010768547022682406,ANALYTIC,True,-0.5306424753426542
A4_CLEAN_DEC,E0_I0014_residual_heterogeneity,tm_first_meeting|pts_absres,tm_first_meeting,pts_absres,3549,24,2000,-0.3857402506349307,4.1959756778102535e-05,0.02186829719611865,1.0044828939162307,0.7939933260903937,0.6154052108661353,1.2901959750599274,2000.0,0.6905,2.2919208317514657,5.323081389242404,0.002773385512409116,0.010721355384510944,ANALYTIC,True,-0.6633890455377821
A4_CLEAN_DEC,E0_I0014_residual_heterogeneity,tm_first_meeting|pts_sqres,tm_first_meeting,pts_sqres,3549,24,2000,-0.41940482931395906,4.9602844244520894e-05,0.02195104556801516,1.0180127031414088,0.8119960120071205,0.614137277821063,1.3221734640307996,2000.0,0.6805,2.2387682291775475,5.323081389242404,0.002700035416392203,0.01076097505567667,ANALYTIC,True,-0.6392563957134484
A4_CLEAN_DEC,E0_I0014_residual_heterogeneity,tm_first_meeting|minutes_absres,tm_first_meeting,minutes_absres,3549,24,2000,-2.0716196450370754,0.001208804354011163,0.021807483468259295,1.0451047841443484,0.8380582481369916,0.6245212889257019,1.3419210249479483,2000.0,0.0495,2.3170639374396447,5.323081389242404,0.0028792751940662645,0.010840529108214115,ANALYTIC,False,1.9752111237425538
A4_CLEAN_DEC,E0_I0014_residual_heterogeneity,tm_first_meeting|minutes_sqres,tm_first_meeting,minutes_sqres,3549,24,2000,-1.0115042418888718,0.0002884505656536011,0.010570977383835858,1.019202913834983,0.8100990802199315,0.6183021646840906,1.3101993272720236,2000.0,0.321,2.2583392688003263,5.323081389242404,0.0027360430635224187,0.01076446387546199,ANALYTIC,False,0.3257390531243641
A4_CLEAN_DEC,E0_I0014_residual_heterogeneity,tm_first_meeting|fga_absres,tm_first_meeting,fga_absres,3549,24,2000,-1.4719675177430147,0.000610650108516762,0.05567458657471532,1.021834010032102,0.8209349350736251,0.6107165062266401,1.3442160588483782,2000.0,0.148,2.2569940394466923,5.323081389242404,0.0027375695652223984,0.010772178315333478,ANALYTIC,False,1.0660143880699173
A4_CLEAN_DEC,E0_I0014_residual_heterogeneity,tm_first_meeting|fga_sqres,tm_first_meeting,fga_sqres,3549,24,2000,-1.3613575501168487,0.0005223706352785867,0.061986667199280795,1.022059215064688,0.8125776196949865,0.6227652958918671,1.3047895010451533,2000.0,0.184,2.2919809197780476,5.323081389242404,0.0027997072242190012,0.010772838750506499,ANALYTIC,False,0.8811986378206095
A4_CLEAN_DEC,E0_I0014_residual_heterogeneity,tm_is_home|pts_absres,tm_is_home,pts_absres,3549,24,2000,-0.27929290547553143,2.1997408672115354e-05,-0.018483459030797386,1.0232137070861682,0.8130637172145236,0.6212123546949876,1.308833784565882,2000.0,0.7805,2.2587865750121425,5.323081389242404,0.002742760365475596,0.010776224726049671,ANALYTIC,True,-0.859240495950972
A4_CLEAN_DEC,E0_I0014_residual_heterogeneity,tm_is_home|pts_sqres,tm_is_home,pts_sqres,3549,24,2000,-0.4547823817917159,5.832344949895549e-05,-0.013519125525441062,1.0180465713283684,0.8105345796820698,0.6158788251279256,1.3160617748364896,2000.0,0.658,2.279983718498592,5.323081389242404,0.002772463339875132,0.01076107432440132,ANALYTIC,True,-0.5776334294598614
A4_CLEAN_DEC,E0_I0014_residual_heterogeneity,tm_is_home|minutes_absres,tm_is_home,minutes_absres,3549,24,2000,-1.5266154807674062,0.0006568031895870357,0.018962098938785678,1.0344733832112787,0.8173853058362668,0.6340677857768044,1.289113442082344,2000.0,0.138,2.343970909082616,5.323081389242404,0.0029117186923220428,0.010809275795377566,ANALYTIC,False,1.118539990266581
A4_CLEAN_DEC,E0_I0014_residual_heterogeneity,tm_is_home|minutes_sqres,tm_is_home,minutes_sqres,3549,24,2000,-1.043771454802559,0.00030714163330232023,0.025465136232412665,1.0181793782354533,0.8171425921401444,0.6076857739939125,1.3446794825714155,2000.0,0.301,2.2347020019080555,5.323081389242404,0.0026931910854337475,0.010761463590054483,ANALYTIC,False,0.3729375811662242
A4_CLEAN_DEC,E0_I0014_residual_heterogeneity,tm_is_home|fga_absres,tm_is_home,fga_absres,3549,24,2000,-0.08096615001020868,1.8487042663348226e-06,0.0043850023733291825,0.9889562738501598,0.7917370407544981,0.5923619055851895,1.3365765645789587,2000.0,0.947,2.1569378942370334,5.323081389242404,0.002517808456300129,0.01067597844562794,ANALYTIC,True,-1.1998929776588598
A4_CLEAN_DEC,E0_I0014_residual_heterogeneity,tm_is_home|fga_sqres,tm_is_home,fga_sqres,3549,24,2000,-0.4760970045636806,6.39181809152186e-05,0.011617140405142973,0.996556923519192,0.7937805162708877,0.6023769732584416,1.3177471110442447,2000.0,0.63,2.178940793744198,5.323081389242404,0.0025658770336349536,0.01069817951256215,ANALYTIC,True,-0.5273832264682358
A4_CLEAN_DEC,E0_I0014_residual_heterogeneity,tm_game_idx|pts_absres,tm_game_idx,pts_absres,3549,24,2000,-0.1985145478968821,1.1113250923714153e-05,-0.02589822601775092,0.9885174685871366,0.7906561822401407,0.5936227049762446,1.33191701667102,2000.0,0.852,2.2061462877987568,5.323081389242404,0.0026007532706278772,0.01067469742440906,ANALYTIC,True,-0.9975050303491252
A4_CLEAN_DEC,E0_I0014_residual_heterogeneity,tm_game_idx|pts_sqres,tm_game_idx,pts_sqres,3549,24,2000,-0.5605576620751562,8.860604914976367e-05,-0.03528666125826967,0.992324092249683,0.7906199034577799,0.6004667746012218,1.3166755212773287,2000.0,0.566,2.2477453837330694,5.323081389242404,0.002678025340945731,0.010685812807147779,ANALYTIC,True,-0.383139003045441
A4_CLEAN_DEC,E0_I0014_residual_heterogeneity,tm_game_idx|minutes_absres,tm_game_idx,minutes_absres,3549,24,2000,0.7008317193713938,0.0001384932531937004,0.011243259123340628,1.0948707382312015,0.8729378886180096,0.6606562262506172,1.3213194002153614,2000.0,0.527,2.4322339109983355,5.323081389242404,0.0031691479817530007,0.010987426840765428,ANALYTIC,True,-0.26050790472884766
A4_CLEAN_DEC,E0_I0014_residual_heterogeneity,tm_game_idx|minutes_sqres,tm_game_idx,minutes_sqres,3549,24,2000,0.6651029810193461,0.0001247340095256803,0.01066951418225199,1.0804273825149926,0.8560113617040519,0.659025956997304,1.2989038635204375,2000.0,0.538,2.426912560100664,5.323081389242404,0.003136203198234188,0.010944691529267095,ANALYTIC,True,-0.28968264247820336
A4_CLEAN_DEC,E0_I0014_residual_heterogeneity,tm_game_idx|fga_absres,tm_game_idx,fga_absres,3549,24,2000,1.0093096807217015,0.00028720063693667077,-0.029953473202139796,1.0236804806384885,0.8156162688020889,0.6190773025661116,1.3174707995613986,2000.0,0.32,2.357002727896688,5.323081389242404,0.0029188756192753615,0.010777593863450131,ANALYTIC,False,0.3128743552973789
A4_CLEAN_DEC,E0_I0014_residual_heterogeneity,tm_game_idx|fga_sqres,tm_game_idx,fga_sqres,3549,24,2000,1.4605932182402888,0.0006012548991885299,-0.03646497038452172,1.02815911069835,0.8177835984799338,0.6239687090959658,1.3106163603376455,2000.0,0.1605,2.33778130492847,5.323081389242404,0.0028909161518544473,0.01079073497496681,ANALYTIC,False,1.0301952812532646
A4_CLEAN_DEC,E0_I0014_residual_heterogeneity,opp_game_idx|pts_absres,opp_game_idx,pts_absres,3549,24,2000,-0.1285558655283329,4.660612954718114e-06,-0.028723095505013042,0.9874567344654976,0.7906774814269423,0.5919565946289842,1.335701787261123,2000.0,0.901,2.186109695097227,5.323081389242404,0.0025650438025395374,0.010671601099620155,ANALYTIC,True,-1.118530686043969
A4_CLEAN_DEC,E0_I0014_residual_heterogeneity,opp_game_idx|pts_sqres,opp_game_idx,pts_sqres,3549,24,2000,-0.41503260116540325,4.857408151286149e-05,-0.038902383157735365,0.9936210683973309,0.7934267135153188,0.5991294600500408,1.324299281576055,2000.0,0.673,2.2226244018653474,5.323081389242404,0.0026364408134716875,0.010689601312788543,ANALYTIC,True,-0.6315732034247008
A4_CLEAN_DEC,E0_I0014_residual_heterogeneity,opp_game_idx|minutes_absres,opp_game_idx,minutes_absres,3549,24,2000,0.7818937204615035,0.00017237800492409105,0.010923079144962848,1.096322521117272,0.8740598436136389,0.6615736180047578,1.3211830396890962,2000.0,0.472,2.379959838811544,5.323081389242404,0.0030733966785378938,0.010991727012865169,ANALYTIC,True,-0.13931348022930462
A4_CLEAN_DEC,E0_I0014_residual_heterogeneity,opp_game_idx|minutes_sqres,opp_game_idx,minutes_sqres,3549,24,2000,0.788544873228249,0.00017532261730465395,0.009956676229762451,1.0820254651482708,0.8558324252303876,0.6618630858219251,1.2930656559695946,2000.0,0.4565,2.468156370926078,5.323081389242404,0.0032167851170438514,0.01094941587349177,ANALYTIC,True,-0.10166385381438606
A4_CLEAN_DEC,E0_I0014_residual_heterogeneity,opp_game_idx|fga_absres,opp_game_idx,fga_absres,3549,24,2000,1.1701500486842373,0.00038599058612161875,-0.033165553087965774,1.0270456753788437,0.8192838727712862,0.6199689333929788,1.321491817803664,2000.0,0.2535,2.30806057889618,5.323081389242404,0.002835841393452585,0.010787467206306283,ANALYTIC,False,0.5659415448330991
A4_CLEAN_DEC,E0_I0014_residual_heterogeneity,opp_game_idx|fga_sqres,opp_game_idx,fga_sqres,3549,24,2000,1.5700943698372498,0.0006947218568591359,-0.03964832892872295,1.0308086326147319,0.8225946894467124,0.6222047011076532,1.3220644073924923,2000.0,0.131,2.343468423108166,5.323081389242404,0.002905224596792824,0.010798512921400518,ANALYTIC,False,1.2013726014281685
A4_CLEAN_DEC,E0_I0014_residual_heterogeneity,tm_poss_mean_prior|pts_absres,tm_poss_mean_prior,pts_absres,3549,24,2000,1.828606991851746,0.0009420906273782098,0.027148626396233985,1.0626586460918586,0.8509423505384561,0.6368011449731651,1.3362764141611507,2000.0,0.084,2.346200255060789,5.323081389242404,0.002958919516633234,0.01089223124578341,ANALYTIC,False,1.5352746285569083
A4_CLEAN_DEC,E0_I0014_residual_heterogeneity,tm_poss_mean_prior|pts_sqres,tm_poss_mean_prior,pts_sqres,3549,24,2000,1.9586949913561118,0.0010807500808049616,0.04019434201028969,1.0658034394823948,0.8567368112589911,0.6349710376067653,1.34925336829231,2000.0,0.0665,2.3298352876416026,5.323081389242404,0.0029339205633256648,0.010901506731326598,ANALYTIC,False,1.7354463665783104
A4_CLEAN_DEC,E0_I0014_residual_heterogeneity,tm_poss_mean_prior|minutes_absres,tm_poss_mean_prior,minutes_absres,3549,24,2000,-4.272209767312226,0.005120787599041489,0.02812990453893854,2.4445129809754897,1.9813899248539832,1.4312810458582932,1.3843472116028808,2000.0,0.077,5.341335151892076,5.323081389242404,0.015424232634021588,0.01534821836728208,ANALYTIC,False,1.6005380977322397
A4_CLEAN_DEC,E0_I0014_residual_heterogeneity,tm_poss_mean_prior|minutes_sqres,tm_poss_mean_prior,minutes_sqres,3549,24,2000,-2.9319702697195367,0.0024184038284670198,0.03852441289106662,2.185027242824344,1.7685826066831496,1.2831133088962892,1.3783526321650053,2000.0,0.1795,4.736588782108799,5.323081389242404,0.01218312532987867,0.014453342664257688,ANALYTIC,False,0.9066912913849456
A4_CLEAN_DEC,E0_I0014_residual_heterogeneity,tm_poss_mean_prior|fga_absres,tm_poss_mean_prior,fga_absres,3549,24,2000,0.05785355705368181,9.438891440508888e-07,0.03644236957319984,1.1889620462455477,0.9564644695469413,0.706878727647743,1.3530814157185584,2000.0,0.9635,2.5915447947524903,5.323081389242404,0.0036359268592481044,0.011267864419515812,ANALYTIC,True,-1.2712377347717585
A4_CLEAN_DEC,E0_I0014_residual_heterogeneity,tm_poss_mean_prior|fga_sqres,tm_poss_mean_prior,fga_sqres,3549,24,2000,-0.1045292072339393,3.0813089389467165e-06,0.030057819561240647,1.1937633731154809,0.9581820655063736,0.7123220891806163,1.345152817889685,2000.0,0.9185,2.578306113889375,5.323081389242404,0.0036173312107388254,0.011282269460411954,ANALYTIC,True,-1.1984085166506497
A4_CLEAN_DEC,E0_I0014_residual_heterogeneity,opp_poss_mean_prior|pts_absres,opp_poss_mean_prior,pts_absres,3549,24,2000,0.13436303277159733,5.091182363843481e-06,-0.016864177211956998,1.015537758569675,0.8105268891934416,0.6118161508818295,1.324788317577436,2000.0,0.8885,2.314299957686104,5.323081389242404,0.0028296841223319517,0.010753722154299124,ANALYTIC,True,-1.1051749049894621
A4_CLEAN_DEC,E0_I0014_residual_heterogeneity,opp_poss_mean_prior|pts_sqres,opp_poss_mean_prior,pts_sqres,3549,24,2000,0.6943698632724989,0.00013595148282022877,-0.0038631074324154023,1.013686435832467,0.8082893369895173,0.6114872359449359,1.3218417155355036,2000.0,0.4935,2.294916619379416,5.323081389242404,0.0027924093149536812,0.010748298394473405,ANALYTIC,True,-0.18629902150120556
A4_CLEAN_DEC,E0_I0014_residual_heterogeneity,opp_poss_mean_prior|minutes_absres,opp_poss_mean_prior,minutes_absres,3549,24,2000,-1.028216390194265,0.00029805804553615674,-0.04943428799149089,1.0294556306502813,0.8190038637017129,0.6253966634017313,1.3095750451351795,2000.0,0.325,2.356975794704442,5.323081389242404,0.002927649212628317,0.010794540693669816,ANALYTIC,False,0.33452773053597473
A4_CLEAN_DEC,E0_I0014_residual_heterogeneity,opp_poss_mean_prior|minutes_sqres,opp_poss_mean_prior,minutes_sqres,3549,24,2000,-1.3058968800909654,0.00048069568500726446,-0.04064443426879528,1.0178663215495758,0.8076369917934034,0.6205649301731484,1.301454453070783,2000.0,0.2005,2.314471739211088,5.323081389242404,0.002833492039094297,0.010760546011878203,ANALYTIC,False,0.8029133843553466
A4_CLEAN_DEC,E0_I0014_residual_heterogeneity,opp_poss_mean_prior|fga_absres,opp_poss_mean_prior,fga_absres,3549,24,2000,0.5195873146324931,7.612815147637437e-05,-0.04216684943945311,1.014775882304202,0.8092406415656442,0.6134745381800212,1.3191103969308933,2000.0,0.6115,2.300774378492062,5.323081389242404,0.0028044408521243533,0.010751489944599568,ANALYTIC,True,-0.47215215776103453
A4_CLEAN_DEC,E0_I0014_residual_heterogeneity,opp_poss_mean_prior|fga_sqres,opp_poss_mean_prior,fga_sqres,3549,24,2000,-0.20168769449287596,1.1471364771109904e-05,-0.04316550046286812,1.0111939047943037,0.8068105968112088,0.6108259424794914,1.3208518838217118,2000.0,0.837,2.2368559295904937,5.323081389242404,0.0026867047728239934,0.010740998268549285,ANALYTIC,True,-0.9906633956344282
A4_CLEAN_DEC,E0_I0014_residual_heterogeneity,pts__pred_point|pts_absres,pts__pred_point,pts_absres,3549,174,2000,10.9842559779161,0.03290571822626221,-0.06444711844142298,1.4019351260171429,1.1199503432131286,0.845376470581377,1.324794789288284,2000.0,0.0,3.0887549069840143,5.323081389242404,0.005134235221292682,0.011915679276144824,ANALYTIC,False,11.668535827498431
A4_CLEAN_DEC,E0_I0014_residual_heterogeneity,pts__pred_point|pts_sqres,pts__pred_point,pts_sqres,3549,174,2000,10.89331690177829,0.03238068802166219,-0.060283129524300906,1.4277449490024148,1.1333016608016337,0.8701013452967723,1.3024938611203845,2000.0,0.0,3.121755417522679,5.323081389242404,0.005266717109993761,0.011995416818668446,ANALYTIC,False,11.217101655724635
A4_CLEAN_DEC,E0_I0014_residual_heterogeneity,pts__pred_point|minutes_absres,pts__pred_point,minutes_absres,3549,174,2000,-11.354734214434322,0.03508365859037951,0.10605802434645085,1.5251259047819405,1.228552980440132,0.9094863838702464,1.3508206414395378,2000.0,0.0,3.3842921547683846,5.323081389242404,0.006139480136869601,0.012298662397437952,ANALYTIC,False,11.133955838792263
A4_CLEAN_DEC,E0_I0014_residual_heterogeneity,pts__pred_point|minutes_sqres,pts__pred_point,minutes_sqres,3549,174,2000,-7.856330529126039,0.01710828345172265,0.07655181527236707,1.3636660741398086,1.09482839503775,0.8162104108236584,1.3413555873820957,2000.0,0.0,2.9518867708827057,5.323081389242404,0.0047355684285093815,0.011797939295129711,ANALYTIC,False,8.284018488890736
A4_CLEAN_DEC,E0_I0014_residual_heterogeneity,pts__pred_point|fga_absres,pts__pred_point,fga_absres,3549,174,2000,8.63466712599592,0.020592816676222918,-0.0476952939507957,1.3497970622909365,1.0657095458445929,0.8294112971410718,1.284898758333804,2000.0,0.0,3.0222632491090122,5.323081389242404,0.0048721616946223205,0.01175541370052304,ANALYTIC,False,9.125698680788464
A4_CLEAN_DEC,E0_I0014_residual_heterogeneity,pts__pred_point|fga_sqres,pts__pred_point,fga_sqres,3549,174,2000,8.683401717568653,0.02082107330803264,-0.051809164569334556,1.3581054821678804,1.066030654832147,0.8427017153335651,1.2650154086967558,2000.0,0.0,3.1671481501151173,5.323081389242404,0.005234563771171376,0.01178088001466958,ANALYTIC,False,9.039225771269892
A4_CLEAN_DEC,E0_I0014_residual_heterogeneity,pts__pred_sd|pts_absres,pts__pred_sd,pts_absres,3549,174,2000,2.286156554439152e-14,0.0,2.2861565544391515e-14,6.312465555470843e-30,2.2861565544391515e-14,6.312465555470843e-30,3621653907414673.5,1.0,1.0,2.286156554439152e-14,5.323081389242404,1.4726716797422086e-31,0.007983994217103082,ANALYTIC,False,0.9997499687421849
A4_CLEAN_DEC,E0_I0014_residual_heterogeneity,pts__pred_sd|pts_sqres,pts__pred_sd,pts_sqres,3549,174,2000,2.9678112872776626e-14,0.0,2.967811287277663e-14,6.312465555470843e-30,2.967811287277663e-14,6.312465555470843e-30,4701508881431506.0,1.0,1.0,2.9678112872776626e-14,5.323081389242404,2.4817987706093832e-31,0.007983994217103082,ANALYTIC,True,-0.9997499687421849
A4_CLEAN_DEC,E0_I0014_residual_heterogeneity,pts__pred_sd|minutes_absres,pts__pred_sd,minutes_absres,3549,174,2000,-7.757858823871542e-14,0.0,-7.757858823871545e-14,3.7874793332825055e-29,7.757858823871545e-14,3.7874793332825055e-29,2048290734077226.0,1.0,1.0,7.757858823871542e-14,5.323081389242404,1.6958121592313776e-30,0.007983994217103082,ANALYTIC,True,-0.999749968742185
A4_CLEAN_DEC,E0_I0014_residual_heterogeneity,pts__pred_sd|minutes_sqres,pts__pred_sd,minutes_sqres,3549,174,2000,-5.887835825558382e-15,0.0,-5.887835825558381e-15,1.5781163888677107e-30,5.887835825558381e-15,1.5781163888677107e-30,3730926227680119.5,1.0,1.0,5.887835825558382e-15,5.323081389242404,9.767994000768886e-33,0.007983994217103082,ANALYTIC,False,0.9997499687421849
A4_CLEAN_DEC,E0_I0014_residual_heterogeneity,pts__pred_sd|fga_absres,pts__pred_sd,fga_absres,3549,174,2000,2.4813138615642777e-14,0.0,2.481313861564277e-14,6.312465555470843e-30,2.481313861564277e-14,6.312465555470843e-30,3930815684869424.0,1.0,1.0,2.4813138615642777e-14,5.323081389242404,1.7348319187351453e-31,0.007983994217103082,ANALYTIC,False,0.9997499687421849
A4_CLEAN_DEC,E0_I0014_residual_heterogeneity,pts__pred_sd|fga_sqres,pts__pred_sd,fga_sqres,3549,174,2000,-8.755387811510534e-15,0.0,-8.755387811510535e-15,1.5781163888677107e-30,8.755387811510535e-15,1.5781163888677107e-30,5547998787207625.0,1.0,1.0,8.755387811510534e-15,5.323081389242404,2.1599553600999505e-32,0.007983994217103082,ANALYTIC,True,-0.9997499687421849
A4_CLEAN_DEC,E0_I0014_residual_heterogeneity,pts__pred_width|pts_absres,pts__pred_width,pts_absres,3549,174,2000,5.562317133052883,0.008649677467783652,0.02032743838333881,1.3733693236078952,1.1078213711862468,0.8115876902475954,1.3650051430034356,2000.0,0.0,3.0329028802832183,5.323081389242404,0.00494384545717742,0.011827737350353494,ANALYTIC,False,5.488619178671475
A4_CLEAN_DEC,E0_I0014_residual_heterogeneity,pts__pred_width|pts_sqres,pts__pred_width,pts_sqres,3549,174,2000,4.533319629147177,0.005762145819792133,0.029712671543272375,1.4004107389810942,1.1310914374162813,0.8258484598446441,1.3696113662657414,2000.0,0.0005,3.0803595685072342,5.323081389242404,0.005110979965804853,0.011910978111226158,ANALYTIC,False,4.119676135705225
A4_CLEAN_DEC,E0_I0014_residual_heterogeneity,pts__pred_width|minutes_absres,pts__pred_width,minutes_absres,3549,174,2000,-6.267498310462222,0.01095633207249986,-0.06084926919121186,1.5404234282099987,1.235373558048876,0.9217903993935537,1.3401892218248626,2000.0,0.0,3.397302659658506,5.323081389242404,0.006207760724422628,0.012346643111434973,ANALYTIC,False,5.4590769829279875
A4_CLEAN_DEC,E0_I0014_residual_heterogeneity,pts__pred_width|minutes_sqres,pts__pred_width,minutes_sqres,3549,174,2000,-5.038605426020193,0.0071085941589365135,-0.06222978332353348,1.3788197604575292,1.1041774336121701,0.8277685070398628,1.3339205638068523,2000.0,0.0005,2.99979491329177,5.323081389242404,0.004876750553137142,0.011844491776015717,ANALYTIC,False,4.753053491341092
A4_CLEAN_DEC,E0_I0014_residual_heterogeneity,pts__pred_width|fga_absres,pts__pred_width,fga_absres,3549,174,2000,4.738531790579124,0.006292272654107999,0.009812387567355666,1.3192186923314209,1.0486522077275737,0.8001329425528375,1.3105974669432199,2000.0,0.0,2.944304828520971,5.323081389242404,0.004632200086256328,0.011661924614768952,ANALYTIC,False,4.611583134021364
A4_CLEAN_DEC,E0_I0014_residual_heterogeneity,pts__pred_width|fga_sqres,pts__pred_width,fga_sqres,3549,174,2000,4.583501172831507,0.005889664434907833,0.014832546705016228,1.3395552511253863,1.0696945211460103,0.8061076896778938,1.3269871195167993,2000.0,0.002,3.0199326888797473,5.323081389242404,0.004846535088238401,0.011724059226394717,ANALYTIC,False,4.358979199279878
A4_CLEAN_DEC,E0_I0014_residual_heterogeneity,pts__pred_iqr|pts_absres,pts__pred_iqr,pts_absres,3549,174,2000,-0.24163777032115852,1.6465834919715378e-05,0.05150262831118288,1.2609401965924139,0.9885118126995169,0.7842063510134204,1.2605251301804365,2000.0,0.8395,3.0208179797584553,5.323081389242404,0.004695167292861773,0.011484779810519466,ANALYTIC,True,-0.9523947892199318
A4_CLEAN_DEC,E0_I0014_residual_heterogeneity,pts__pred_iqr|pts_sqres,pts__pred_iqr,pts_sqres,3549,174,2000,0.0059471764553794115,9.97431121695446e-09,0.06874018574692563,1.3054862381135426,0.9912344312692305,0.8520473452144709,1.163356046863481,2000.0,0.994,3.442021153054827,5.323081389242404,0.005809629491305389,0.01162006100488201,ANALYTIC,True,-1.1563761806755493
A4_CLEAN_DEC,E0_I0014_residual_heterogeneity,pts__pred_iqr|minutes_absres,pts__pred_iqr,minutes_absres,3549,174,2000,-0.46976272257148477,6.222878822751211e-05,-0.16847865103786838,1.4619133086476848,1.1937142079788279,0.860187964303271,1.3877364686748483,2000.0,0.7615,3.244970319743202,5.323081389242404,0.005643487224070233,0.012101386463317312,ANALYTIC,True,-0.8416201056634456
A4_CLEAN_DEC,E0_I0014_residual_heterogeneity,pts__pred_iqr|minutes_sqres,pts__pred_iqr,minutes_sqres,3549,174,2000,-0.9904360605498918,0.00027656297006025787,-0.14934850759489582,1.3012767893568038,1.0518054713191227,0.7802494753111562,1.3480373965002317,2000.0,0.4575,2.8667876382630753,5.323081389242404,0.004422993748804281,0.011607243505670564,ANALYTIC,True,-0.07865357518472847
A4_CLEAN_DEC,E0_I0014_residual_heterogeneity,pts__pred_iqr|fga_absres,pts__pred_iqr,fga_absres,3549,174,2000,-0.403221426929075,4.5848862008466416e-05,0.03285373796129784,1.2206249473657127,0.9868676001686144,0.7187560869253201,1.37302155504549,2000.0,0.77,2.798162766760731,5.323081389242404,0.004123469996915028,0.01136302986495919,ANALYTIC,True,-0.8120225815912725
A4_CLEAN_DEC,E0_I0014_residual_heterogeneity,pts__pred_iqr|fga_sqres,pts__pred_iqr,fga_sqres,3549,174,2000,-0.4355986024792795,5.3507047300123136e-05,0.047023983748470666,1.1951932081149788,0.9444687313225413,0.7336427930520936,1.2873686489761205,2000.0,0.728,2.8270607914598243,5.323081389242404,0.004139641671512525,0.01128656105937073,ANALYTIC,True,-0.6936211105220093
A4_CLEAN_DEC,E0_I0014_residual_heterogeneity,pts__pred_cv|pts_absres,pts__pred_cv,pts_absres,3549,174,2000,-10.000849464799431,0.027431849684577764,0.020537047104105765,1.3978268940559804,1.1315729310351526,0.8205145701725954,1.3791015689058708,2000.0,0.0,2.9975153608240546,5.323081389242404,0.004908963085342331,0.011903011727843762,ANALYTIC,False,10.809407725567413
A4_CLEAN_DEC,E0_I0014_residual_heterogeneity,pts__pred_cv|pts_sqres,pts__pred_cv,pts_sqres,3549,174,2000,-9.351003821491055,0.024065690322857217,0.011403945586534753,1.4341527686423583,1.1662426863221658,0.8343391841659815,1.3978040447518478,2000.0,0.0,3.1107308523860415,5.323081389242404,0.005253005246938201,0.01201525450758803,ANALYTIC,False,9.809872639927015
A4_CLEAN_DEC,E0_I0014_residual_heterogeneity,pts__pred_cv|minutes_absres,pts__pred_cv,minutes_absres,3549,174,2000,10.377281193192005,0.02947377170553744,-0.014781695611416077,1.5429481439185775,1.2229534643285964,0.9405021132664901,1.300319740995706,2000.0,0.0,3.4866395063779487,5.323081389242404,0.0064520444688230425,0.012354570868030526,ANALYTIC,False,9.733447272190807
A4_CLEAN_DEC,E0_I0014_residual_heterogeneity,pts__pred_cv|minutes_sqres,pts__pred_cv,minutes_sqres,3549,174,2000,7.489661469736787,0.015572889799052034,0.0010600472630132947,1.3726064059547358,1.0913192274242647,0.8321514447881346,1.3114430483289181,2000.0,0.0,3.0263336532017098,5.323081389242404,0.004926837588516015,0.011825393117979059,ANALYTIC,False,7.688915620331029
A4_CLEAN_DEC,E0_I0014_residual_heterogeneity,pts__pred_cv|fga_absres,pts__pred_cv,fga_absres,3549,174,2000,-8.36879716437798,0.019368377732616574,0.02255522128549076,1.3489202669280906,1.0774680245012023,0.8115274340149443,1.3277037587879754,2000.0,0.0,3.0848158634622505,5.323081389242404,0.0050180920209430425,0.011752727823809293,ANALYTIC,False,8.98469827914962
A4_CLEAN_DEC,E0_I0014_residual_heterogeneity,pts__pred_cv|fga_sqres,pts__pred_cv,fga_sqres,3549,174,2000,-8.184150966241386,0.01853880203470059,0.01844095122908407,1.365547483291696,1.0819780159064836,0.8329454423862478,1.298978253373714,2000.0,0.0,3.090434253495717,5.323081389242404,0.0050648419322545666,0.011803714044560001,ANALYTIC,False,8.526576398555443
A4_CLEAN_DEC,E0_I0014_residual_heterogeneity,pts__is_fallback|pts_absres,pts__is_fallback,pts_absres,3549,174,0,,,,,,,,,,,,,,,,
A4_CLEAN_DEC,E0_I0014_residual_heterogeneity,pts__is_fallback|pts_sqres,pts__is_fallback,pts_sqres,3549,174,0,,,,,,,,,,,,,,,,
A4_CLEAN_DEC,E0_I0014_residual_heterogeneity,pts__is_fallback|minutes_absres,pts__is_fallback,minutes_absres,3549,174,0,,,,,,,,,,,,,,,,
A4_CLEAN_DEC,E0_I0014_residual_heterogeneity,pts__is_fallback|minutes_sqres,pts__is_fallback,minutes_sqres,3549,174,0,,,,,,,,,,,,,,,,
A4_CLEAN_DEC,E0_I0014_residual_heterogeneity,pts__is_fallback|fga_absres,pts__is_fallback,fga_absres,3549,174,0,,,,,,,,,,,,,,,,
A4_CLEAN_DEC,E0_I0014_residual_heterogeneity,pts__is_fallback|fga_sqres,pts__is_fallback,fga_sqres,3549,174,0,,,,,,,,,,,,,,,,
A4_CLEAN_DEC,E0_I0014_residual_heterogeneity,pts__fallback_level|pts_absres,pts__fallback_level,pts_absres,3549,174,0,,,,,,,,,,,,,,,,
A4_CLEAN_DEC,E0_I0014_residual_heterogeneity,pts__fallback_level|pts_sqres,pts__fallback_level,pts_sqres,3549,174,0,,,,,,,,,,,,,,,,
A4_CLEAN_DEC,E0_I0014_residual_heterogeneity,pts__fallback_level|minutes_absres,pts__fallback_level,minutes_absres,3549,174,0,,,,,,,,,,,,,,,,
A4_CLEAN_DEC,E0_I0014_residual_heterogeneity,pts__fallback_level|minutes_sqres,pts__fallback_level,minutes_sqres,3549,174,0,,,,,,,,,,,,,,,,
A4_CLEAN_DEC,E0_I0014_residual_heterogeneity,pts__fallback_level|fga_absres,pts__fallback_level,fga_absres,3549,174,0,,,,,,,,,,,,,,,,
A4_CLEAN_DEC,E0_I0014_residual_heterogeneity,pts__fallback_level|fga_sqres,pts__fallback_level,fga_sqres,3549,174,0,,,,,,,,,,,,,,,,
A4_CLEAN_DEC,E0_I0014_residual_heterogeneity,pts__is_cold_start|pts_absres,pts__is_cold_start,pts_absres,3549,174,0,,,,,,,,,,,,,,,,
A4_CLEAN_DEC,E0_I0014_residual_heterogeneity,pts__is_cold_start|pts_sqres,pts__is_cold_start,pts_sqres,3549,174,0,,,,,,,,,,,,,,,,
A4_CLEAN_DEC,E0_I0014_residual_heterogeneity,pts__is_cold_start|minutes_absres,pts__is_cold_start,minutes_absres,3549,174,0,,,,,,,,,,,,,,,,
A4_CLEAN_DEC,E0_I0014_residual_heterogeneity,pts__is_cold_start|minutes_sqres,pts__is_cold_start,minutes_sqres,3549,174,0,,,,,,,,,,,,,,,,
A4_CLEAN_DEC,E0_I0014_residual_heterogeneity,pts__is_cold_start|fga_absres,pts__is_cold_start,fga_absres,3549,174,0,,,,,,,,,,,,,,,,
A4_CLEAN_DEC,E0_I0014_residual_heterogeneity,pts__is_cold_start|fga_sqres,pts__is_cold_start,fga_sqres,3549,174,0,,,,,,,,,,,,,,,,
A4_CLEAN_DEC,E0_I0014_residual_heterogeneity,pts__n_prior_games|pts_absres,pts__n_prior_games,pts_absres,3549,174,2000,-0.3624039297801848,3.703658884939243e-05,0.027455345787896417,1.1709016779819692,0.9341068274613336,0.7062385230638624,1.3226506300009153,2000.0,0.754,2.618014461870087,5.323081389242404,0.0036587763631510534,0.01121376173309535,ANALYTIC,True,-0.8095039834430723
A4_CLEAN_DEC,E0_I0014_residual_heterogeneity,pts__n_prior_games|pts_sqres,pts__n_prior_games,pts_sqres,3549,174,2000,-0.6118798672871383,0.00010557175585041189,0.007148805474081786,1.1794628872556996,0.948449214290328,0.7008408652135565,1.3533018141020097,2000.0,0.622,2.647830009849036,5.323081389242404,0.0037343406217289557,0.01123939195693854,ANALYTIC,True,-0.48023647550950405
A4_CLEAN_DEC,E0_I0014_residual_heterogeneity,pts__n_prior_games|minutes_absres,pts__n_prior_games,minutes_absres,3549,174,2000,-1.4415023173031913,0.0005856491803202497,0.03838671799996969,1.2812955875685441,1.0143664341115992,0.783414749882177,1.2948012968407305,2000.0,0.2585,2.9050223131411426,5.323081389242404,0.004470943660553506,0.01154649850948404,ANALYTIC,False,0.5452231825553858
A4_CLEAN_DEC,E0_I0014_residual_heterogeneity,pts__n_prior_games|minutes_sqres,pts__n_prior_games,minutes_sqres,3549,174,2000,-1.3291874855836132,0.000497986339469671,0.04329855365862741,1.1842620003407722,0.940570698964131,0.7205805925798018,1.305295630564691,2000.0,0.2505,2.6903896613965137,5.323081389242404,0.0038305524112262758,0.01125377215671537,ANALYTIC,False,0.539310648415006
A4_CLEAN_DEC,E0_I0014_residual_heterogeneity,pts__n_prior_games|fga_absres,pts__n_prior_games,fga_absres,3549,174,2000,0.6988640187337779,0.0001377167665844704,0.06171586644294871,1.1533144902967274,0.9223156163857779,0.694876553803534,1.3273085864493694,2000.0,0.544,2.57337451246952,5.323081389242404,0.003539063917209372,0.011161201661571776,ANALYTIC,True,-0.3215702075842058
A4_CLEAN_DEC,E0_I0014_residual_heterogeneity,pts__n_prior_games|fga_sqres,pts__n_prior_games,fga_sqres,3549,174,2000,1.139727081482668,0.00036618785966078025,0.04822997907593791,1.153824734406096,0.9162312928606406,0.7026656960270687,1.303936278718443,2000.0,0.3255,2.5468184013761643,5.323081389242404,0.003487076094132911,0.011162724809110831,ANALYTIC,False,0.3180684497417357
A4_CLEAN_DEC,E0_I0014_residual_heterogeneity,minutes__pred_point|pts_absres,minutes__pred_point,pts_absres,3549,174,2000,6.424294715169159,0.011505000908708147,-0.027453081172064343,1.3186343025548177,1.053209207505282,0.7935653316028809,1.3271865157944338,2000.0,0.0,2.9294185853924137,5.323081389242404,0.004597129070826542,0.011660141559508131,ANALYTIC,False,6.768296564587951
A4_CLEAN_DEC,E0_I0014_residual_heterogeneity,minutes__pred_point|pts_sqres,minutes__pred_point,pts_sqres,3549,174,2000,5.709302094228708,0.009108636240405227,-0.030841536896579563,1.3371342243596076,1.0573156156175323,0.8187820597612946,1.291327286684541,2000.0,0.0,3.0279423150362947,5.323081389242404,0.004860502883411179,0.01171665356801439,ANALYTIC,False,5.681593072480609
A4_CLEAN_DEC,E0_I0014_residual_heterogeneity,minutes__pred_point|minutes_absres,minutes__pred_point,minutes_absres,3549,174,2000,-10.021013886089884,0.027539531786211664,0.03390420791590745,1.4455539084547657,1.1601670293469064,0.8626211834760346,1.344932226996647,2000.0,0.0,3.145709767955528,5.323081389242404,0.0053620241880746435,0.012050591322488681,ANALYTIC,False,10.272002388159704
A4_CLEAN_DEC,E0_I0014_residual_heterogeneity,minutes__pred_point|minutes_sqres,minutes__pred_point,minutes_sqres,3549,174,2000,-6.063452608461708,0.010261753935842548,0.02587917962066978,1.2892616659524165,1.0347457549491348,0.7691757378409557,1.3452657228289897,2000.0,0.0,2.8273915902708455,5.323081389242404,0.00431314613863773,0.011570697139101164,ANALYTIC,False,6.537786628096129
A4_CLEAN_DEC,E0_I0014_residual_heterogeneity,minutes__pred_point|fga_absres,minutes__pred_point,fga_absres,3549,174,2000,5.878376739297195,0.00965082510045013,-0.041086544681525276,1.274806313182651,1.01765571566814,0.7685563469995987,1.3241133452882297,2000.0,0.0,2.8595548582889037,5.323081389242404,0.004357349438916953,0.01152680470296063,ANALYTIC,False,6.324482313632617
A4_CLEAN_DEC,E0_I0014_residual_heterogeneity,minutes__pred_point|fga_sqres,minutes__pred_point,fga_sqres,3549,174,2000,5.741484974002528,0.009210666472885772,-0.048647517256415015,1.2887831893623898,1.0254102917857268,0.7818808166014242,1.3114662363029244,2000.0,0.0,2.846192618544254,5.323081389242404,0.00435380661613352,0.011569242951319536,ANALYTIC,False,6.0317053214273875
A4_CLEAN_DEC,E0_I0014_residual_heterogeneity,minutes__pred_sd|pts_absres,minutes__pred_sd,pts_absres,3549,174,2000,-6.796470685448557e-14,0.0,-6.796470685448558e-14,1.2624931110941686e-29,6.796470685448558e-14,1.2624931110941686e-29,5383372491876998.0,1.0,1.0,6.796470685448557e-14,5.323081389242404,1.3015501205455507e-30,0.007983994217103082,ANALYTIC,True,-0.9997499687421849
A4_CLEAN_DEC,E0_I0014_residual_heterogeneity,minutes__pred_sd|pts_sqres,minutes__pred_sd,pts_sqres,3549,174,2000,4.792204019843664e-15,0.0,4.7922040198436644e-15,7.890581944338554e-31,4.7922040198436644e-15,7.890581944338554e-31,6073321402209178.0,1.0,1.0,4.792204019843664e-15,5.323081389242404,6.470898666611941e-33,0.007983994217103082,ANALYTIC,True,-0.9997499687421849
A4_CLEAN_DEC,E0_I0014_residual_heterogeneity,minutes__pred_sd|minutes_absres,minutes__pred_sd,minutes_absres,3549,174,2000,7.999098340443206e-14,0.0,7.999098340443206e-14,0.0,7.999098340443206e-14,0.0,inf,1.0,1.0,7.999098340443206e-14,5.323081389242404,1.8029184068774658e-30,0.007983994217103082,ANALYTIC,False,
A4_CLEAN_DEC,E0_I0014_residual_heterogeneity,minutes__pred_sd|minutes_sqres,minutes__pred_sd,minutes_sqres,3549,174,2000,2.4560112062404144e-15,0.0,2.4560112062404144e-15,0.0,2.4560112062404144e-15,0.0,inf,1.0,1.0,2.4560112062404144e-15,5.323081389242404,1.6996311764380094e-33,0.007983994217103082,ANALYTIC,False,
A4_CLEAN_DEC,E0_I0014_residual_heterogeneity,minutes__pred_sd|fga_absres,minutes__pred_sd,fga_absres,3549,174,2000,2.658536776441428e-14,0.0,2.658536776441429e-14,9.468698333206264e-30,2.658536776441429e-14,9.468698333206264e-30,2807710925923228.5,1.0,1.0,2.658536776441428e-14,5.323081389242404,1.991495573877595e-31,0.007983994217103082,ANALYTIC,True,-0.999749968742185
A4_CLEAN_DEC,E0_I0014_residual_heterogeneity,minutes__pred_sd|fga_sqres,minutes__pred_sd,fga_sqres,3549,174,2000,-3.612398167128817e-14,0.0,-3.612398167128818e-14,6.312465555470843e-30,3.612398167128818e-14,6.312465555470843e-30,5722642183762967.0,1.0,1.0,3.612398167128817e-14,5.323081389242404,3.6769288582348953e-31,0.007983994217103082,ANALYTIC,True,-0.9997499687421849
A4_CLEAN_DEC,E0_I0014_residual_heterogeneity,minutes__pred_width|pts_absres,minutes__pred_width,pts_absres,3549,174,2000,0.21778063776255532,1.3375006155940595e-05,0.004894711030391538,1.08607402745458,0.8604566842309984,0.6624384347341488,1.2989232494885639,2000.0,0.84,2.461884282613506,5.323081389242404,0.003211332714397084,0.010961389029991234,ANALYTIC,True,-0.9701672076535887
A4_CLEAN_DEC,E0_I0014_residual_heterogeneity,minutes__pred_width|pts_sqres,minutes__pred_width,pts_sqres,3549,174,2000,-0.10689303758964369,3.222246099141721e-06,-0.005278130762472632,1.0863540874102038,0.8133834728940742,0.7199093276506286,1.1298415531696075,2000.0,0.907,2.867475142292601,5.323081389242404,0.004029814918493722,0.01096221751698966,ANALYTIC,True,-0.9813603021508421
A4_CLEAN_DEC,E0_I0014_residual_heterogeneity,minutes__pred_width|minutes_absres,minutes__pred_width,minutes_absres,3549,174,2000,-0.44150991248251376,5.496906024989345e-05,-0.07830117894988682,1.2001744492355284,0.9270392685294799,0.7659772379368023,1.210269995785392,2000.0,0.699,2.808473839676419,5.323081389242404,0.004108607316613053,0.011301518451407122,ANALYTIC,True,-0.6338691699961785
A4_CLEAN_DEC,E0_I0014_residual_heterogeneity,minutes__pred_width|minutes_sqres,minutes__pred_width,minutes_sqres,3549,174,2000,-0.9704984800952428,0.00026554348368389955,-0.07431857526128459,1.2254638933694193,0.8724011522090364,0.8636105979901201,1.01017884013857,2000.0,0.3295,3.157824202425718,5.323081389242404,0.004944886438203788,0.01137760896668037,ANALYTIC,False,0.11358976848420826
A4_CLEAN_DEC,E0_I0014_residual_heterogeneity,minutes__pred_width|fga_absres,minutes__pred_width,fga_absres,3549,174,2000,-3.0093041201898556,0.0025473330135366403,0.007055281083969115,1.0707002553714968,0.85274193348781,0.6472374118748645,1.3175102641512282,2000.0,0.006,2.449528668866883,5.323081389242404,0.0031633907507889964,0.010915957620536824,ANALYTIC,False,3.33194921544336
A4_CLEAN_DEC,E0_I0014_residual_heterogeneity,minutes__pred_width|fga_sqres,minutes__pred_width,fga_sqres,3549,174,2000,-2.4706990332767282,0.0017185175617528356,-0.008380925390276907,1.0740420080956066,0.8242570782146571,0.6884017064291801,1.1973489759201421,2000.0,0.032,2.7497209239065628,5.323081389242404,0.003761401242031937,0.010925824890738211,ANALYTIC,False,2.3916877888091785
A4_CLEAN_DEC,E0_I0014_residual_heterogeneity,minutes__pred_iqr|pts_absres,minutes__pred_iqr,pts_absres,3549,174,2000,-0.6590167470027016,0.00012246189713816227,0.005931067247356066,1.1425317114544056,0.9177236896189798,0.6802762801263643,1.349045551681603,2000.0,0.569,2.533252532597279,5.323081389242404,0.003441489738096011,0.01112903791474084,ANALYTIC,True,-0.3802968737469755
A4_CLEAN_DEC,E0_I0014_residual_heterogeneity,minutes__pred_iqr|pts_sqres,minutes__pred_iqr,pts_sqres,3549,174,2000,-0.1385134876929893,5.4105703512772e-06,0.023633770543632075,1.185537403473775,0.9559034387967376,0.7013196710595038,1.3630067403536918,2000.0,0.919,2.5884382176346845,5.323081389242404,0.0036238135077841147,0.011257595357433642,ANALYTIC,True,-1.1655026727952658
A4_CLEAN_DEC,E0_I0014_residual_heterogeneity,minutes__pred_iqr|minutes_absres,minutes__pred_iqr,minutes_absres,3549,174,2000,3.3645111308997144,0.00318215267569714,-0.04594724021958841,1.1135445398492834,0.8884198924189793,0.6726134845473152,1.3208475786311464,2000.0,0.0025,2.4402579063248138,5.323081389242404,0.0032141744849090888,0.011042802714423225,ANALYTIC,False,3.6812988370984017
A4_CLEAN_DEC,E0_I0014_residual_heterogeneity,minutes__pred_iqr|minutes_sqres,minutes__pred_iqr,minutes_sqres,3549,174,2000,3.2840101828194994,0.0030321550841926497,-0.030765255509214263,1.0265340346921084,0.8216811744329472,0.6158095464889135,1.3343105496136378,2000.0,0.001,2.2223427271959633,5.323081389242404,0.0026839166896835296,0.010785965782198011,ANALYTIC,False,3.9985236059195812
A4_CLEAN_DEC,E0_I0014_residual_heterogeneity,minutes__pred_iqr|fga_absres,minutes__pred_iqr,fga_absres,3549,174,2000,-0.4171977223577831,4.908217614054006e-05,-0.028203540315916167,1.1144570590752603,0.8988181457034814,0.6591905460357537,1.363517955633318,2000.0,0.7195,2.475197294545734,5.323081389242404,0.0032824963094168665,0.01104551229454997,ANALYTIC,True,-0.7306239845854462
A4_CLEAN_DEC,E0_I0014_residual_heterogeneity,minutes__pred_iqr|fga_sqres,minutes__pred_iqr,fga_sqres,3549,174,2000,-0.19750261637548566,1.1000240943511097e-05,-0.01663932852674082,1.1201701873441705,0.8937887351936574,0.6751298558397731,1.3238767734273895,2000.0,0.854,2.4836826453005174,5.323081389242404,0.0033081156524794094,0.011062484071565364,ANALYTIC,True,-1.0313365833186017
A4_CLEAN_DEC,E0_I0014_residual_heterogeneity,minutes__pred_cv|pts_absres,minutes__pred_cv,pts_absres,3549,174,2000,-6.445411073952479,0.011579880759997609,0.020868661683794944,1.313263656623788,1.0462381827009142,0.7936845940356562,1.3182039698932497,2000.0,0.0,2.910907350675492,5.323081389242404,0.00454485352503695,0.011643761347893565,ANALYTIC,False,6.802668127647956
A4_CLEAN_DEC,E0_I0014_residual_heterogeneity,minutes__pred_cv|pts_sqres,minutes__pred_cv,pts_sqres,3549,174,2000,-5.868495568620979,0.009618719360428449,0.02316517708190262,1.3313024882289606,1.052562871114559,0.8151443982401788,1.2912594055567879,2000.0,0.0,3.0056612736838457,5.323081389242404,0.004797073654007134,0.011698824525090263,ANALYTIC,False,5.90807310692875
A4_CLEAN_DEC,E0_I0014_residual_heterogeneity,minutes__pred_cv|minutes_absres,minutes__pred_cv,minutes_absres,3549,174,2000,10.105931925552621,0.027995127366862674,-0.01925085228679787,1.442981667121106,1.1555290161262306,0.8640900460077646,1.3372784716881776,2000.0,0.0,3.207986242106268,5.323081389242404,0.005510816945896123,0.012042614357555608,ANALYTIC,False,10.358183097674479
A4_CLEAN_DEC,E0_I0014_residual_heterogeneity,minutes__pred_cv|minutes_sqres,minutes__pred_cv,minutes_sqres,3549,174,2000,6.320696118839817,0.011141032659090193,-0.011985417343378029,1.2888020166737606,1.0348898499775914,0.7678682128475334,1.3477440954872257,2000.0,0.0,2.789874963542324,5.323081389242404,0.004229980423155968,0.011569300169625098,ANALYTIC,False,6.883741481185348
A4_CLEAN_DEC,E0_I0014_residual_heterogeneity,minutes__pred_cv|fga_absres,minutes__pred_cv,fga_absres,3549,174,2000,-5.830956955299044,0.009497223031864692,0.04253032406876918,1.2694601127495058,1.010408770357651,0.7693517463927861,1.3133248544571383,2000.0,0.0,2.8252637373482825,5.323081389242404,0.004271809809169639,0.011510592553546502,ANALYTIC,False,6.26572722755646
A4_CLEAN_DEC,E0_I0014_residual_heterogeneity,minutes__pred_cv|fga_sqres,minutes__pred_cv,fga_sqres,3549,174,2000,-5.723505444625611,0.009153597383351858,0.050510455206694366,1.2848523387202833,1.0215305473982448,0.780609654105235,1.3086317111580725,2000.0,0.0,2.856127781658395,5.323081389242404,0.00436849879871307,0.011557299755126114,ANALYTIC,False,6.023464957805258
A4_CLEAN_DEC,E0_I0014_residual_heterogeneity,fga__pred_point|pts_absres,fga__pred_point,pts_absres,3549,174,2000,11.105244229634645,0.03361010558763585,-0.06917811478494577,1.427592770476959,1.1498736261315032,0.8484917986742807,1.3551971014075965,2000.0,0.0,3.1256435385575165,5.323081389242404,0.005275882031975025,0.011994945895062522,ANALYTIC,False,11.733019245510482
A4_CLEAN_DEC,E0_I0014_residual_heterogeneity,fga__pred_point|pts_sqres,fga__pred_point,pts_sqres,3549,174,2000,11.04787668136838,0.03327528074000746,-0.0693345358989333,1.4502176719846536,1.1613305392221285,0.8709636478434755,1.3333857757411662,2000.0,0.0,3.1165366536154075,5.323081389242404,0.005300135737786426,0.012065061194617427,ANALYTIC,False,11.351273002754537
A4_CLEAN_DEC,E0_I0014_residual_heterogeneity,fga__pred_point|minutes_absres,fga__pred_point,minutes_absres,3549,174,2000,-10.920017617139615,0.03253444904569837,0.11253513541814279,1.5417611682821883,1.2402056284779033,0.9223982607007815,1.3445446303592024,2000.0,0.0,3.3807289009950323,5.323081389242404,0.006166966531621614,0.012350843377440208,ANALYTIC,False,10.494178492170601
A4_CLEAN_DEC,E0_I0014_residual_heterogeneity,fga__pred_point|minutes_sqres,fga__pred_point,minutes_sqres,3549,174,2000,-7.464296065429595,0.015469215271130581,0.07767835051932892,1.371433477793949,1.102097785784288,0.8195362015332723,1.3447823094603637,2000.0,0.0,2.9924019799062807,5.323081389242404,0.004844896121934601,0.011821789491273159,ANALYTIC,False,7.763169299589517
A4_CLEAN_DEC,E0_I0014_residual_heterogeneity,fga__pred_point|fga_absres,fga__pred_point,fga_absres,3549,174,2000,9.876411465691326,0.026771603892626606,-0.04458339936020176,1.3598638931024098,1.0785659181072582,0.8290549431159985,1.3009583104992706,2000.0,0.0,3.0939179594632567,5.323081389242404,0.005061737053956227,0.011786273290329382,ANALYTIC,False,10.611896859956486
A4_CLEAN_DEC,E0_I0014_residual_heterogeneity,fga__pred_point|fga_sqres,fga__pred_point,fga_sqres,3549,174,2000,9.808152363220579,0.02641256841156545,-0.052836245194555195,1.374515469550419,1.0885209571965528,0.8406040874344216,1.294927033389511,2000.0,0.0,3.117755239554837,5.323081389242404,0.005148494080187296,0.011831259572683456,ANALYTIC,False,10.373053779261184
A4_CLEAN_DEC,E0_I0014_residual_heterogeneity,fga__pred_sd|pts_absres,fga__pred_sd,pts_absres,3549,174,2000,2.286156554439152e-14,0.0,2.2861565544391515e-14,6.312465555470843e-30,2.2861565544391515e-14,6.312465555470843e-30,3621653907414673.5,1.0,1.0,2.286156554439152e-14,5.323081389242404,1.4726716797422086e-31,0.007983994217103082,ANALYTIC,False,0.9997499687421849
A4_CLEAN_DEC,E0_I0014_residual_heterogeneity,fga__pred_sd|pts_sqres,fga__pred_sd,pts_sqres,3549,174,2000,2.9678112872776626e-14,0.0,2.967811287277663e-14,6.312465555470843e-30,2.967811287277663e-14,6.312465555470843e-30,4701508881431506.0,1.0,1.0,2.9678112872776626e-14,5.323081389242404,2.4817987706093832e-31,0.007983994217103082,ANALYTIC,True,-0.9997499687421849
A4_CLEAN_DEC,E0_I0014_residual_heterogeneity,fga__pred_sd|minutes_absres,fga__pred_sd,minutes_absres,3549,174,2000,-7.757858823871542e-14,0.0,-7.757858823871545e-14,3.7874793332825055e-29,7.757858823871545e-14,3.7874793332825055e-29,2048290734077226.0,1.0,1.0,7.757858823871542e-14,5.323081389242404,1.6958121592313776e-30,0.007983994217103082,ANALYTIC,True,-0.999749968742185
A4_CLEAN_DEC,E0_I0014_residual_heterogeneity,fga__pred_sd|minutes_sqres,fga__pred_sd,minutes_sqres,3549,174,2000,-5.887835825558382e-15,0.0,-5.887835825558381e-15,1.5781163888677107e-30,5.887835825558381e-15,1.5781163888677107e-30,3730926227680119.5,1.0,1.0,5.887835825558382e-15,5.323081389242404,9.767994000768886e-33,0.007983994217103082,ANALYTIC,False,0.9997499687421849
A4_CLEAN_DEC,E0_I0014_residual_heterogeneity,fga__pred_sd|fga_absres,fga__pred_sd,fga_absres,3549,174,2000,2.4813138615642777e-14,0.0,2.481313861564277e-14,6.312465555470843e-30,2.481313861564277e-14,6.312465555470843e-30,3930815684869424.0,1.0,1.0,2.4813138615642777e-14,5.323081389242404,1.7348319187351453e-31,0.007983994217103082,ANALYTIC,False,0.9997499687421849
A4_CLEAN_DEC,E0_I0014_residual_heterogeneity,fga__pred_sd|fga_sqres,fga__pred_sd,fga_sqres,3549,174,2000,-8.755387811510534e-15,0.0,-8.755387811510535e-15,1.5781163888677107e-30,8.755387811510535e-15,1.5781163888677107e-30,5547998787207625.0,1.0,1.0,8.755387811510534e-15,5.323081389242404,2.1599553600999505e-32,0.007983994217103082,ANALYTIC,True,-0.9997499687421849
A4_CLEAN_DEC,E0_I0014_residual_heterogeneity,fga__pred_width|pts_absres,fga__pred_width,pts_absres,3549,174,2000,3.3233452777824204,0.003105000078253096,0.029537013718072866,1.277727705012856,1.0227417037393243,0.7661182058127488,1.334965930817859,2000.0,0.0115,2.824851444824064,5.323081389242404,0.0042861850944399945,0.011535668533085606,ANALYTIC,False,3.0029355216829288
A4_CLEAN_DEC,E0_I0014_residual_heterogeneity,fga__pred_width|pts_sqres,fga__pred_width,pts_sqres,3549,174,2000,2.528294792655464,0.0017994281218177105,0.04320546442978417,1.2560757520931256,1.0214751832067388,0.7318882594428746,1.3956709511699266,2000.0,0.0355,2.758174824047957,5.323081389242404,0.004101613803679734,0.011470055024288868,ANALYTIC,False,2.058811013850313
A4_CLEAN_DEC,E0_I0014_residual_heterogeneity,fga__pred_width|minutes_absres,fga__pred_width,minutes_absres,3549,174,2000,-1.1035750350062783,0.0003433332543488136,-0.08146516609289498,1.4871445006979218,1.1974619719971253,0.8852153232771527,1.352735250406653,2000.0,0.478,3.182985212612684,5.323081389242404,0.005541182273827179,0.01217993752606575,ANALYTIC,True,-0.10606112944731744
A4_CLEAN_DEC,E0_I0014_residual_heterogeneity,fga__pred_width|minutes_sqres,fga__pred_width,minutes_sqres,3549,174,2000,-0.7075912495094943,0.00014117729581924747,-0.06635041699458506,1.402233511091333,1.1125907998847422,0.8556786038001651,1.300243800585408,2000.0,0.619,3.103188539020565,5.323081389242404,0.005169620945032787,0.011916599595515658,ANALYTIC,True,-0.4733080254392236
A4_CLEAN_DEC,E0_I0014_residual_heterogeneity,fga__pred_width|fga_absres,fga__pred_width,fga_absres,3549,174,2000,3.264943702869197,0.0029971540181942115,0.02860451894250302,1.2838230661139254,1.0314925401717994,0.7645333072642658,1.34917933642786,2000.0,0.0095,2.828296171062745,5.323081389242404,0.004305052366775793,0.011554173510840324,ANALYTIC,False,2.9213261756892837
A4_CLEAN_DEC,E0_I0014_residual_heterogeneity,fga__pred_width|fga_sqres,fga__pred_width,fga_sqres,3549,174,2000,2.793833494201706,0.0021963795095252645,0.03311433731412246,1.2915944547650768,1.0383830389989872,0.7684625029409703,1.3512475039771081,2000.0,0.028,2.8479259153078704,5.323081389242404,0.004362892130211047,0.011577788268185809,ANALYTIC,False,2.2843670946655994
A4_CLEAN_DEC,E0_I0014_residual_heterogeneity,fga__pred_iqr|pts_absres,fga__pred_iqr,pts_absres,3549,174,2000,0.7483292091212312,0.00015789852864753554,0.012186707521449609,1.058597804137544,0.8322286872362101,0.6540847327904159,1.2723560809710501,2000.0,0.4705,2.3650140093796947,5.323081389242404,0.002987102289536923,0.010880259739089791,ANALYTIC,True,-0.12827004500938605
A4_CLEAN_DEC,E0_I0014_residual_heterogeneity,fga__pred_iqr|pts_sqres,fga__pred_iqr,pts_sqres,3549,174,2000,-0.045152540589315164,5.749438098261092e-07,0.008704292130645896,1.068198026477348,0.7685086181018655,0.7417694249581698,1.03604785024026,2000.0,0.959,2.564962932615877,5.323081389242404,0.003380998838150344,0.010908572150199282,ANALYTIC,True,-0.9751764539949085
A4_CLEAN_DEC,E0_I0014_residual_heterogeneity,fga__pred_iqr|minutes_absres,fga__pred_iqr,minutes_absres,3549,174,2000,-0.6451583569315866,0.00011736617435913642,-0.042858558764686014,1.1598658638051496,0.9182226392436252,0.7096280747346023,1.293949143129711,2000.0,0.584,2.701962240717979,5.323081389242404,0.003811958339884603,0.011180766294901407,ANALYTIC,True,-0.3847991532947219
A4_CLEAN_DEC,E0_I0014_residual_heterogeneity,fga__pred_iqr|minutes_sqres,fga__pred_iqr,minutes_sqres,3549,174,2000,-0.6131216107771336,0.000106000637913868,-0.04574447013469224,1.1370004628924004,0.8301053591894944,0.7781028459036826,1.066832441957485,2000.0,0.516,2.9174456710261674,5.323081389242404,0.004229568405828921,0.011112556868060279,ANALYTIC,True,-0.27886255596502485
A4_CLEAN_DEC,E0_I0014_residual_heterogeneity,fga__pred_iqr|fga_absres,fga__pred_iqr,fga_absres,3549,174,2000,-0.4941306613760932,6.885174825650178e-05,-0.006915610430957825,1.0503969908744193,0.840281368167371,0.6300442026920752,1.3336863740305633,2000.0,0.6585,2.368407270551131,5.323081389242404,0.002980667766404451,0.010856103518901502,ANALYTIC,True,-0.5494070182889277
A4_CLEAN_DEC,E0_I0014_residual_heterogeneity,fga__pred_iqr|fga_sqres,fga__pred_iqr,fga_sqres,3549,174,2000,-0.5231288600334031,7.716939811864835e-05,0.005382148265034413,1.0529325759601424,0.7955570244354357,0.6895421659362003,1.1537467376709265,2000.0,0.595,2.42339331057488,5.323081389242404,0.0030862812181946192,0.010863569441877288,ANALYTIC,True,-0.39508557686556184
A4_CLEAN_DEC,E0_I0014_residual_heterogeneity,fga__pred_cv|pts_absres,fga__pred_cv,pts_absres,3549,174,2000,-10.293853467519028,0.029015465667959466,0.02802406026646895,1.4246019509321153,1.1516785057681238,0.8385997646842461,1.3733351167845362,2000.0,0.0,3.0615807481305466,5.323081389242404,0.005114775267464458,0.011985692539409206,ANALYTIC,False,10.901714198778915
A4_CLEAN_DEC,E0_I0014_residual_heterogeneity,fga__pred_cv|pts_sqres,fga__pred_cv,pts_sqres,3549,174,2000,-9.63617415313422,0.025517870473104297,0.019260160306618555,1.4532557351218658,1.1731433542183896,0.857536917315695,1.3680383089402397,2000.0,0.0,3.1681009809642444,5.323081389242404,0.005433239222100052,0.01207449181104119,ANALYTIC,False,9.868998789471634
A4_CLEAN_DEC,E0_I0014_residual_heterogeneity,fga__pred_cv|minutes_absres,fga__pred_cv,minutes_absres,3549,174,2000,9.307380015500975,0.023847016238180266,-0.03506636354680779,1.5493362861097353,1.2339476275511374,0.937168475078647,1.3166764145022962,2000.0,0.0,3.4499225466509458,5.323081389242404,0.006367806488710243,0.012374641375879734,ANALYTIC,False,8.614707603424579
A4_CLEAN_DEC,E0_I0014_residual_heterogeneity,fga__pred_cv|minutes_sqres,fga__pred_cv,minutes_sqres,3549,174,2000,6.4778934352439945,0.011695522542887773,-0.014885847372533161,1.375000603380049,1.0969909628307688,0.8287684782137367,1.3236398242306924,2000.0,0.0,2.9945033461432384,5.323081389242404,0.004856829337697216,0.01183275059592679,ANALYTIC,False,6.492648566956608
A4_CLEAN_DEC,E0_I0014_residual_heterogeneity,fga__pred_cv|fga_absres,fga__pred_cv,fga_absres,3549,174,2000,-9.717589243468856,0.02593965568337526,0.023939622778305834,1.3740924424118615,1.0932634645084824,0.8323944487092925,1.3133959100804822,2000.0,0.0,3.106533138402123,5.323081389242404,0.0051206414024868524,0.011829959506475751,ANALYTIC,False,10.360864121971524
A4_CLEAN_DEC,E0_I0014_residual_heterogeneity,fga__pred_cv|fga_sqres,fga__pred_cv,fga_sqres,3549,174,2000,-9.105954022183182,0.022849342295728266,0.024557743724251936,1.392559474428361,1.111492511179483,0.8389229136646419,1.3249042231117318,2000.0,0.0,3.1158115606472854,5.323081389242404,0.005180443321784384,0.011886779733150643,ANALYTIC,False,9.529435161189879
A3_CLEAN,E0_I0014_residual_heterogeneity,pl_games_prior|pts_absres,pl_games_prior,pts_absres,9517,311,2000,-2.231396337937398,0.000523073908363636,-0.0010916081446104898,1.5079718534276196,1.2038704068618933,0.9077176498950825,1.3262608774887668,2000.0,0.1435,3.3769177798172603,6.006813194150232,0.002268137375979626,0.005562625969169312,ANALYTIC,False,1.131988489145573
A3_CLEAN,E0_I0014_residual_heterogeneity,pl_games_prior|pts_sqres,pl_games_prior,pts_sqres,9517,311,2000,-2.692501202202024,0.0007614087495659731,-0.00032811672368858425,1.445694281661017,1.159346711756392,0.8632930482131327,1.3429353035519505,2000.0,0.0625,3.2444079005877784,6.006813194150232,0.002091176278573564,0.005482771146833832,ANALYTIC,False,1.7759374914682757
A3_CLEAN,E0_I0014_residual_heterogeneity,pl_games_prior|minutes_absres,pl_games_prior,minutes_absres,9517,311,2000,-12.692446774384628,0.016650808261080417,0.008613913204995598,1.2572673833093528,0.9981444348166449,0.7642020685938149,1.3061263189895578,2000.0,0.0,2.871982067865355,6.006813194150232,0.0016229780884700626,0.005244678468074274,ANALYTIC,False,15.30263109740898
A3_CLEAN,E0_I0014_residual_heterogeneity,pl_games_prior|minutes_sqres,pl_games_prior,minutes_sqres,9517,311,2000,-13.412121152824874,0.018556543009615692,-0.0008938345493211787,1.1793121909854003,0.9393273931231239,0.7127416804180194,1.3179072010664692,2000.0,0.0,2.6000486968901764,6.006813194150232,0.001356168092267772,0.0051477213068454805,ANALYTIC,False,17.499739530297315
A3_CLEAN,E0_I0014_residual_heterogeneity,pl_games_prior|fga_absres,pl_games_prior,fga_absres,9517,311,2000,-5.529453109434923,0.003203374918687792,0.001882530234490556,1.355019869531222,1.0765025944726676,0.8225842436088928,1.3086837036286623,2000.0,0.0,3.0859208114678536,6.006813194150232,0.0018768416163192137,0.005367536968938635,ANALYTIC,False,5.413367140885161
A3_CLEAN,E0_I0014_residual_heterogeneity,pl_games_prior|fga_sqres,pl_games_prior,fga_sqres,9517,311,2000,-6.1802442198004135,0.0039986010485020635,-0.0026569890885047905,1.3016700010922118,1.0354377512881319,0.788469520170589,1.313224829621962,2000.0,0.0,2.957701676337951,6.006813194150232,0.0017262320185559205,0.0053003088115346954,ANALYTIC,False,6.525054345029315
A3_CLEAN,E0_I0014_residual_heterogeneity,pl_minutes_prior|pts_absres,pl_minutes_prior,pts_absres,9517,311,2000,11.42100753237246,0.0135248309899639,-0.009700986936857205,1.7210796389806267,1.3756704317775539,1.0338246636397825,1.3306612621662905,2000.0,0.0,3.876037993151688,6.006813194150232,0.002978950792397219,0.005840249302138428,ANALYTIC,False,9.716673875073097
A3_CLEAN,E0_I0014_residual_heterogeneity,pl_minutes_prior|pts_sqres,pl_minutes_prior,pts_sqres,9517,311,2000,8.07465535261877,0.006806420020624208,-0.009428630510867288,1.6380524033215869,1.3143870609769375,0.9771525135395651,1.3451196642945724,2000.0,0.0,3.582411293788753,6.006813194150232,0.002586091033514657,0.005731282841514473,ANALYTIC,False,6.918334853536768
A3_CLEAN,E0_I0014_residual_heterogeneity,pl_minutes_prior|minutes_absres,pl_minutes_prior,minutes_absres,9517,311,2000,-14.540605086818701,0.021739831941962523,0.0145743142892717,1.3749824212564832,1.1010355789593607,0.8233488851215516,1.3372649175286295,2000.0,0.0,3.0485335389925563,6.006813194150232,0.0018586020530752137,0.005392801449144648,ANALYTIC,False,16.323055451608763
A3_CLEAN,E0_I0014_residual_heterogeneity,pl_minutes_prior|minutes_sqres,pl_minutes_prior,minutes_sqres,9517,311,2000,-14.175624185308692,0.02068444570187203,0.004245123932160661,1.2690987734403927,1.0173088743169822,0.7584158908833735,1.3413601778993056,2000.0,0.0,2.8271274631244063,6.006813194150232,0.001594283985681116,0.005259472883173893,ANALYTIC,False,17.34973577052218
A3_CLEAN,E0_I0014_residual_heterogeneity,pl_minutes_prior|fga_absres,pl_minutes_prior,fga_absres,9517,311,2000,5.369948687056211,0.0030217796729727162,0.0065251620841542705,1.5155391940070202,1.2123824070998335,0.9090078345998359,1.3337425277897075,2000.0,0.001,3.3205380571461216,6.006813194150232,0.0022195710235323866,0.005572368457359451,ANALYTIC,False,4.573740865266166
A3_CLEAN,E0_I0014_residual_heterogeneity,pl_minutes_prior|fga_sqres,pl_minutes_prior,fga_sqres,9517,311,2000,2.986826169799301,0.0009368060961842294,0.00899544859526034,1.4464470435554262,1.1616166596344846,0.8615461277874403,1.3482930538120617,2000.0,0.036,3.1157721235244997,6.006813194150232,0.0019728946857053334,0.005483732921593005,ANALYTIC,False,2.1185279015207064
A3_CLEAN,E0_I0014_residual_heterogeneity,pl_career_games_prior|pts_absres,pl_career_games_prior,pts_absres,9517,311,2000,12.661793667293006,0.016571810937464182,0.044723736684279446,2.121831383784421,1.7045547748328649,1.2638074116756455,1.3487456704917131,2000.0,0.0,4.778756469217554,6.006813194150232,0.004528014852242787,0.006380632859285427,ANALYTIC,False,8.670022656325663
A3_CLEAN,E0_I0014_residual_heterogeneity,pl_career_games_prior|pts_sqres,pl_career_games_prior,pts_sqres,9517,311,2000,10.674878556581477,0.01183564479559486,0.047995015266431726,2.0111480938890614,1.6186350673056393,1.1940398666737744,1.3555954976735038,2000.0,0.0,4.425966281732856,6.006813194150232,0.003933714251834654,0.006228995227133421,ANALYTIC,False,7.5845403005711445
A3_CLEAN,E0_I0014_residual_heterogeneity,pl_career_games_prior|minutes_absres,pl_career_games_prior,minutes_absres,9517,311,2000,-13.520041264362037,0.01885072144661441,-0.041975203569211826,1.6038199059806424,1.2907033209819938,0.952498111767964,1.3550717896818458,2000.0,0.0,3.527298362188016,6.006813194150232,0.0024993354131462044,0.005686654245578411,ANALYTIC,False,12.839225392983463
A3_CLEAN,E0_I0014_residual_heterogeneity,pl_career_games_prior|minutes_sqres,pl_career_games_prior,minutes_sqres,9517,311,2000,-13.5256826154569,0.018866159123129937,-0.05117055449423231,1.4433017945440203,1.1512603738890954,0.8715941288361345,1.3208675182638134,2000.0,0.0,3.2571984982739433,6.006813194150232,0.0021012920410359657,0.005479714918639037,ANALYTIC,False,14.197459381801638
A3_CLEAN,E0_I0014_residual_heterogeneity,pl_career_games_prior|fga_absres,pl_career_games_prior,fga_absres,9517,311,2000,6.872724056234985,0.004940192269478733,0.027604479644315564,1.7930270933891266,1.428957753264294,1.0829435879297962,1.3195126405392494,2000.0,0.0,4.092092332890464,6.006813194150232,0.0032965001348358542,0.0059355043244049555,ANALYTIC,False,5.0268235240002115
A3_CLEAN,E0_I0014_residual_heterogeneity,pl_career_games_prior|fga_sqres,pl_career_games_prior,fga_sqres,9517,311,2000,5.365194220366855,0.0030164473044408395,0.03793763458067562,1.7002762271001355,1.3736346050987909,1.002279051092282,1.3705111401877612,2000.0,0.0015,3.752266813792031,6.006813194150232,0.0028229627437588688,0.0058128501804236765,ANALYTIC,False,3.9824833322796374
A3_CLEAN,E0_I0014_residual_heterogeneity,pl_prior_season_games|pts_absres,pl_prior_season_games,pts_absres,9517,311,2000,14.920124402192126,0.02286320491548556,0.05126805961240682,2.1614849835453476,1.7330176418046495,1.2922052816020202,1.3411318360006463,2000.0,0.0,4.759744195644657,6.006813194150232,0.004547848130266313,0.006435402529182849,ANALYTIC,False,10.20511752129559
A3_CLEAN,E0_I0014_residual_heterogeneity,pl_prior_season_games|pts_sqres,pl_prior_season_games,pts_sqres,9517,311,2000,12.82224191844397,0.016987283006280794,0.054525083360403855,2.0502430587351563,1.6509164984230962,1.216380837859995,1.3572365225085172,2000.0,0.0,4.449192858409727,6.006813194150232,0.00400621822193007,0.006282347564238633,ANALYTIC,False,9.18406889710202
A3_CLEAN,E0_I0014_residual_heterogeneity,pl_prior_season_games|minutes_absres,pl_prior_season_games,minutes_absres,9517,311,2000,-10.508566233335232,0.011473922579335893,-0.05340938631090085,1.6296385902452073,1.3064886226298773,0.9750946210977776,1.3398583012990175,2000.0,0.0,3.6186394538879383,6.006813194150232,0.002616567764908903,0.005720297661660641,ANALYTIC,False,9.437112472577795
A3_CLEAN,E0_I0014_residual_heterogeneity,pl_prior_season_games|minutes_sqres,pl_prior_season_games,minutes_sqres,9517,311,2000,-10.297907546784726,0.011023532519770427,-0.05955760220175563,1.4638578952375827,1.1668422365399558,0.8855658721654247,1.3176233109421231,2000.0,0.0,3.252194468844111,6.006813194150232,0.0021128637788895696,0.005506001630658639,ANALYTIC,False,10.31099503407588
A3_CLEAN,E0_I0014_residual_heterogeneity,pl_prior_season_games|fga_absres,pl_prior_season_games,fga_absres,9517,311,2000,9.557754825915389,0.009510394818596044,0.029218225870378332,1.8218227551355175,1.4600599570127386,1.0895186019967826,1.3400964006827027,2000.0,0.0,4.177180602434949,6.006813194150232,0.003426438387752533,0.005973844328302959,ANALYTIC,False,7.432360359944146
A3_CLEAN,E0_I0014_residual_heterogeneity,pl_prior_season_games|fga_sqres,pl_prior_season_games,fga_sqres,9517,311,2000,8.05891836522426,0.006780095022684103,0.042946346880710126,1.727102688427664,1.3999847562078964,1.011825687177593,1.3836224697092265,2000.0,0.0,3.898610277207595,6.006813194150232,0.003009960498224591,0.005848193981742783,ANALYTIC,False,6.581107490550994
A3_CLEAN,E0_I0014_residual_heterogeneity,pl_is_rookie_window|pts_absres,pl_is_rookie_window,pts_absres,9517,311,2000,-8.073021397146087,0.006803684398417093,0.024914933860495283,2.139978751441956,1.7063903140548942,1.2910869858092973,1.3216695178638724,2000.0,0.0,4.740950886788536,6.006813194150232,0.004496983920291219,0.006405669009786615,ANALYTIC,False,4.9312177669426145
A3_CLEAN,E0_I0014_residual_heterogeneity,pl_is_rookie_window|pts_sqres,pl_is_rookie_window,pts_sqres,9517,311,2000,-6.60347145978529,0.004562422438373975,0.018414604694996874,2.044894897795528,1.6376802599557805,1.2241716004423449,1.33778651568458,2000.0,0.0015,4.537782516272041,6.006813194150232,0.0041160760891568796,0.006275035572886612,ANALYTIC,False,4.056450254225109
A3_CLEAN,E0_I0014_residual_heterogeneity,pl_is_rookie_window|minutes_absres,pl_is_rookie_window,minutes_absres,9517,311,2000,5.281856475233258,0.0029237377932655193,0.04633433123236349,1.5897197194020753,1.2732573911737006,0.9525551682759807,1.3366757470626667,2000.0,0.0005,3.5266157638847897,6.006813194150232,0.0024864895435351597,0.0056683226826877145,ANALYTIC,False,4.208259235330881
A3_CLEAN,E0_I0014_residual_heterogeneity,pl_is_rookie_window|minutes_sqres,pl_is_rookie_window,minutes_sqres,9517,311,2000,5.788312326815896,0.003509247823202643,0.05005391909121482,1.4268487183720708,1.1401788447370411,0.8589212922096314,1.3274543955056186,2000.0,0.0,3.2620202716841677,6.006813194150232,0.0020928186894024546,0.005458720388632329,ANALYTIC,False,5.411594198720148
A3_CLEAN,E0_I0014_residual_heterogeneity,pl_is_rookie_window|fga_absres,pl_is_rookie_window,fga_absres,9517,311,2000,-4.897355998098819,0.0025145875198875766,0.02175189145821361,1.8329346351140607,1.4733390535088708,1.090095814386185,1.3515683979930553,2000.0,0.0065,4.11923760413733,6.006813194150232,0.0033683745648787067,0.005988672253345589,ANALYTIC,False,3.1410238434113755
A3_CLEAN,E0_I0014_residual_heterogeneity,pl_is_rookie_window|fga_sqres,pl_is_rookie_window,fga_sqres,9517,311,2000,-3.8668565305773406,0.0015691734535807293,0.010614483192850487,1.745928536989065,1.403599902583288,1.0379310932058048,1.352305477474483,2000.0,0.0245,3.858932537385736,6.006813194150232,0.0029832131799338167,0.005873060960287506,ANALYTIC,False,2.373237148514279
A3_CLEAN,E0_I0014_residual_heterogeneity,pl_min_mean5|pts_absres,pl_min_mean5,pts_absres,9517,311,2000,30.08794019767131,0.08688544555564774,-0.03566702496460933,1.9966054631209658,1.5924754736905427,1.2043501943936736,1.3222694537715165,2000.0,0.0,4.487609767338546,6.006813194150232,0.0039974956677130006,0.006209207163557724,ANALYTIC,False,23.660447647726514
A3_CLEAN,E0_I0014_residual_heterogeneity,pl_min_mean5|pts_sqres,pl_min_mean5,pts_sqres,9517,311,2000,21.757017243568566,0.04739665233600059,-0.02985360253196949,1.8986354102454404,1.5097219678645355,1.1512199980458444,1.3114104779514217,2000.0,0.0,4.211053385085252,6.006813194150232,0.003545687691960542,0.006076720351279807,ANALYTIC,False,17.587685507612015
A3_CLEAN,E0_I0014_residual_heterogeneity,pl_min_mean5|minutes_absres,pl_min_mean5,minutes_absres,9517,311,2000,-5.896019686881673,0.003640581295483903,-0.002653675338101733,1.5167012144059009,1.2199192976821673,0.9008007841111264,1.3542609189510577,2000.0,0.0005,3.2853672491480927,6.006813194150232,0.0021866683651250948,0.0055738652425254605,ANALYTIC,False,5.191048311324121
A3_CLEAN,E0_I0014_residual_heterogeneity,pl_min_mean5|minutes_sqres,pl_min_mean5,minutes_sqres,9517,311,2000,-4.532955579996432,0.002155077195719151,-0.009876800250008465,1.390305724188076,1.115352267952341,0.82970754399837,1.344271576195928,2000.0,0.003,3.003181448825382,6.006813194150232,0.0018300271461218571,0.005412234767814258,ANALYTIC,False,4.119045724924498
A3_CLEAN,E0_I0014_residual_heterogeneity,pl_min_mean5|fga_absres,pl_min_mean5,fga_absres,9517,311,2000,22.16962499110535,0.04912224794871614,-0.003173919818404663,1.7077806964945825,1.359227747621434,1.0334895761839493,1.3151828319742114,2000.0,0.0,3.8512827638288085,6.006813194150232,0.002938862583760057,0.005822726509571652,ANALYTIC,False,20.13604948036738
A3_CLEAN,E0_I0014_residual_heterogeneity,pl_min_mean5|fga_sqres,pl_min_mean5,fga_sqres,9517,311,2000,16.68242595299096,0.028420620372641297,0.01866623105026785,1.6282186853705332,1.3023370903018976,0.976992491227859,1.3330062431341247,2000.0,0.0,3.568592790466303,6.006813194150232,0.00256310716363535,0.005718444855278694,ANALYTIC,False,15.742279496293532
A3_CLEAN,E0_I0014_residual_heterogeneity,pl_fga_mean5|pts_absres,pl_fga_mean5,pts_absres,9517,311,2000,30.921322340752585,0.09131962467816328,-0.023357660935558876,2.032192514388394,1.6274368229670642,1.2167484202836814,1.3375294315875357,2000.0,0.0,4.565113553789746,6.006813194150232,0.0041379921988283445,0.006257685973319015,ANALYTIC,False,24.0755484284547
A3_CLEAN,E0_I0014_residual_heterogeneity,pl_fga_mean5|pts_sqres,pl_fga_mean5,pts_sqres,9517,311,2000,24.395557002126644,0.058871774747339546,-0.014781478523413999,1.9235437363552519,1.5256723124051719,1.171067326001069,1.3028049528245305,2000.0,0.0,4.181905481522446,6.006813194150232,0.0035357033889480845,0.006110268919731468,ANALYTIC,False,19.52909468306743
A3_CLEAN,E0_I0014_residual_heterogeneity,pl_fga_mean5|minutes_absres,pl_fga_mean5,minutes_absres,9517,311,2000,-11.746554373717263,0.014295669659935149,0.015848342378500423,1.5538847835432268,1.2387054202266035,0.9378968592993789,1.3207266960590234,2000.0,0.0,3.3778209469178226,6.006813194150232,0.00230691173588062,0.005621867092653658,ANALYTIC,False,11.203629534851155
A3_CLEAN,E0_I0014_residual_heterogeneity,pl_fga_mean5|minutes_sqres,pl_fga_mean5,minutes_sqres,9517,311,2000,-9.393473448068978,0.00918924832451114,0.015792805275201844,1.4185746009449245,1.1239042910793444,0.8653384794580331,1.2988030900732077,2000.0,0.0,3.1361438883427555,6.006813194150232,0.001970085297191517,0.005448177638761061,ANALYTIC,False,9.556456061180725
A3_CLEAN,E0_I0014_residual_heterogeneity,pl_fga_mean5|fga_absres,pl_fga_mean5,fga_absres,9517,311,2000,23.0691940639812,0.052974096231512884,0.02185856470093337,1.749217572389945,1.3987747236853663,1.0500907813395148,1.3320512364664927,2000.0,0.0,3.904087887205337,6.006813194150232,0.0030371169371120814,0.005877410845934089,ANALYTIC,False,20.636710392460216
A3_CLEAN,E0_I0014_residual_heterogeneity,pl_fga_mean5|fga_sqres,pl_fga_mean5,fga_sqres,9517,311,2000,18.03991962266205,0.03307492529958727,0.04032353501310912,1.6630229080452836,1.34140720581543,0.983360851891085,1.3641047467323841,2000.0,0.0,3.647892317930821,6.006813194150232,0.0026770553720444025,0.005763946690065001,ANALYTIC,False,16.98106283642875
A3_CLEAN,E0_I0014_residual_heterogeneity,pl_pts_mean5|pts_absres,pl_pts_mean5,pts_absres,9517,311,2000,30.09640661748804,0.08693009843781825,-0.019974731246382573,2.0124994025328813,1.606919618382173,1.2112269124884198,1.326687511492638,2000.0,0.0,4.53136292037751,6.006813194150232,0.004071890630916494,0.006230835542585179,ANALYTIC,False,23.521180635406537
A3_CLEAN,E0_I0014_residual_heterogeneity,pl_pts_mean5|pts_sqres,pl_pts_mean5,pts_sqres,9517,311,2000,23.78091006389418,0.05610694040424895,-0.013771563325820298,1.913000110927828,1.5140439674608541,1.1688812180458976,1.295293263409596,2000.0,0.0,4.249984886173429,6.006813194150232,0.003608245770779907,0.006096056631171,ANALYTIC,False,19.049725286593652
A3_CLEAN,E0_I0014_residual_heterogeneity,pl_pts_mean5|minutes_absres,pl_pts_mean5,minutes_absres,9517,311,2000,-11.910257309327083,0.014691007735574402,0.024647706861298985,1.543506279591586,1.226318098071901,0.9372358650037089,1.3084412834191403,2000.0,0.0,3.419689444415252,6.006813194150232,0.0023396532364914962,0.005608448335235042,ANALYTIC,False,11.399413541662645
A3_CLEAN,E0_I0014_residual_heterogeneity,pl_pts_mean5|minutes_sqres,pl_pts_mean5,minutes_sqres,9517,311,2000,-9.510658387339927,0.009417780118404748,0.02215394828450734,1.415438687742324,1.1181385747339896,0.8678124335042916,1.288456504614554,2000.0,0.0,3.2082123932527695,6.006813194150232,0.0020337696726390165,0.0054441845707183505,ANALYTIC,False,9.670891414537946
A3_CLEAN,E0_I0014_residual_heterogeneity,pl_pts_mean5|fga_absres,pl_pts_mean5,fga_absres,9517,311,2000,21.72746268654888,0.04727405651045335,0.019177805848456565,1.7412527280738015,1.3928631546462087,1.0446486244347344,1.3333317271153209,2000.0,0.0,3.8826137605398205,6.006813194150232,0.003005364743878916,0.005866879781021876,ANALYTIC,False,19.46549208630399
A3_CLEAN,E0_I0014_residual_heterogeneity,pl_pts_mean5|fga_sqres,pl_pts_mean5,fga_sqres,9517,311,2000,16.955068077707924,0.02932970324031631,0.039066172372289244,1.660176956131993,1.3389710808620108,0.9818217910408054,1.3637618283482995,2000.0,0.0,3.6227768634499014,6.006813194150232,0.002647953251458392,0.005760219221837819,ANALYTIC,False,15.905225509704433
A3_CLEAN,E0_I0014_residual_heterogeneity,pl_usg_mean5|pts_absres,pl_usg_mean5,pts_absres,9517,311,2000,24.616319434721017,0.05987800267488688,-0.0030880541555963906,1.8798004967027504,1.4995527593680824,1.1330825558799602,1.323427628098571,2000.0,0.0,4.196372689780582,6.006813194150232,0.003508512728505332,0.006051413271840223,ANALYTIC,False,20.40166142827985
A3_CLEAN,E0_I0014_residual_heterogeneity,pl_usg_mean5|pts_sqres,pl_usg_mean5,pts_sqres,9517,311,2000,19.976972345370488,0.04025786609940575,-0.0013314677200202017,1.7783270680868308,1.414345678864428,1.0775316924655642,1.312579192569436,2000.0,0.0,4.119733679980898,6.006813194150232,0.0033144980713904156,0.005915979553486243,ANALYTIC,False,17.226989049418872
A3_CLEAN,E0_I0014_residual_heterogeneity,pl_usg_mean5|minutes_absres,pl_usg_mean5,minutes_absres,9517,311,2000,-7.447273756955561,0.005795716318155433,0.015952331290638215,1.441405272811802,1.1397108307481312,0.8822206026013327,1.2918660337194097,2000.0,0.0,3.272077988149823,6.006813194150232,0.0021137939085176965,0.0054772928555406235,ANALYTIC,False,7.149643646508399
A3_CLEAN,E0_I0014_residual_heterogeneity,pl_usg_mean5|minutes_sqres,pl_usg_mean5,minutes_sqres,9517,311,2000,-5.7658983212516635,0.003482217269935945,0.024136125776933148,1.3286892722567887,1.043718423528581,0.8222560015224715,1.269335123849573,2000.0,0.0,3.0406071045651917,6.006813194150232,0.0018173918500907376,0.005334303851849349,ANALYTIC,False,5.742955830032978
A3_CLEAN,E0_I0014_residual_heterogeneity,pl_usg_mean5|fga_absres,pl_usg_mean5,fga_absres,9517,311,2000,21.50334325657453,0.046348789133048074,0.025894351908374826,1.5871175683620797,1.265375310368604,0.9579339041752081,1.320942191160993,2000.0,0.0,3.57509167435205,6.006813194150232,0.0025340321612416497,0.005664942877438238,ANALYTIC,False,21.126685106349843
A3_CLEAN,E0_I0014_residual_heterogeneity,pl_usg_mean5|fga_sqres,pl_usg_mean5,fga_sqres,9517,311,2000,16.930173273457722,0.029246155056917147,0.03420456217374125,1.5372916916282122,1.2252342760733441,0.9287013923878834,1.3192984161712231,2000.0,0.0,3.400855911742745,6.006813194150232,0.002315851302459839,0.005600420936035414,ANALYTIC,False,16.91064439669217
A3_CLEAN,E0_I0014_residual_heterogeneity,pl_start_frac5|pts_absres,pl_start_frac5,pts_absres,9517,311,2000,26.876708829017065,0.07056782445014917,-0.05794823268103876,1.968477188854506,1.5679172891030926,1.1910783760401409,1.3163846482678918,2000.0,0.0,4.317875638821341,6.006813194150232,0.003750730255660521,0.006171022535034695,ANALYTIC,False,21.24863657088258
A3_CLEAN,E0_I0014_residual_heterogeneity,pl_start_frac5|pts_sqres,pl_start_frac5,pts_sqres,9517,311,2000,20.42676689648771,0.04201411584225704,-0.05641737262532987,1.8665331637798555,1.4880898672015963,1.127657461823304,1.3196293356632527,2000.0,0.0,4.144791645466195,6.006813194150232,0.0034327298921117758,0.006033618637943214,ANALYTIC,False,16.794707320664784
A3_CLEAN,E0_I0014_residual_heterogeneity,pl_start_frac5|minutes_absres,pl_start_frac5,minutes_absres,9517,311,2000,-1.4236590037081944,0.00021298857184631344,0.010617161928444576,1.4746479195235782,1.1775874454585744,0.8872955383771045,1.3271648447736188,2000.0,0.3305,3.3268017799334464,6.006813194150232,0.002192464117086715,0.0055198248615104875,ANALYTIC,False,0.27732761814591533
A3_CLEAN,E0_I0014_residual_heterogeneity,pl_start_frac5|minutes_sqres,pl_start_frac5,minutes_sqres,9517,311,2000,0.0030969180873858817,1.0080830510284126e-09,-0.002386563832191296,1.3553114858639004,1.07966451011029,0.8189116793447704,1.318413862376653,2000.0,0.999,3.0265697303536006,6.006813194150232,0.0018247131094605122,0.005367905609796239,ANALYTIC,True,-1.3146321137882537
A3_CLEAN,E0_I0014_residual_heterogeneity,pl_start_frac5|fga_absres,pl_start_frac5,fga_absres,9517,311,2000,21.580180234816684,0.046665128606584644,-0.01725540783704532,1.6671683757308176,1.331530699408013,1.0029393586616393,1.3276283235956146,2000.0,0.0,3.730492678892017,6.006813194150232,0.00276915239433184,0.005769378348288904,ANALYTIC,False,20.189305924167982
A3_CLEAN,E0_I0014_residual_heterogeneity,pl_start_frac5|fga_sqres,pl_start_frac5,fga_sqres,9517,311,2000,17.546175776137257,0.031345185605585996,-0.009222326993548914,1.5999767057934258,1.2861708963731573,0.9512872577267304,1.3520320869709648,2000.0,0.0,3.5044241244744345,6.006813194150232,0.0024726475130738093,0.005681654791553305,ANALYTIC,False,17.092633952251465
A3_CLEAN,E0_I0014_residual_heterogeneity,pl_min_sd5|pts_absres,pl_min_sd5,pts_absres,9517,311,2000,-1.4865680901444658,0.00023222319740881877,0.008088368575483404,1.4192265465328433,1.1259315069146425,0.8636628442776596,1.3036701930327177,2000.0,0.2845,3.2209483926871334,6.006813194150232,0.002048518812120693,0.005449007967694272,ANALYTIC,False,0.41756639829915154
A3_CLEAN,E0_I0014_residual_heterogeneity,pl_min_sd5|pts_sqres,pl_min_sd5,pts_sqres,9517,311,2000,-2.796843673085844,0.0008215165392565907,0.008836687930445127,1.3631522597856802,1.0774765511728046,0.8347009781382301,1.2908533467590713,2000.0,0.04,3.0960268073991117,6.006813194150232,0.0018919265517360452,0.005377822110536237,ANALYTIC,False,2.0598599581709185
A3_CLEAN,E0_I0014_residual_heterogeneity,pl_min_sd5|minutes_absres,pl_min_sd5,minutes_absres,9517,311,2000,14.389417108263126,0.021299675580401498,0.012747270091364343,1.2317250906293653,0.9907163008585651,0.7316416331675436,1.3541004994062362,2000.0,0.0,2.6997555094962906,6.006813194150232,0.0014669219467184204,0.005212810474055083,ANALYTIC,False,18.313201709690436
A3_CLEAN,E0_I0014_residual_heterogeneity,pl_min_sd5|minutes_sqres,pl_min_sd5,minutes_sqres,9517,311,2000,9.849730529414165,0.010094372902366163,0.019364832789177493,1.1788174282421144,0.9484268637003342,0.7000158683424648,1.354864806059426,2000.0,0.0,2.563483519630335,6.006813194150232,0.001328391361618566,0.005147108832040018,ANALYTIC,False,12.715859837278856
A3_CLEAN,E0_I0014_residual_heterogeneity,pl_min_sd5|fga_absres,pl_min_sd5,fga_absres,9517,311,2000,0.29544804518734885,9.174768398455677e-06,0.01230347798947362,1.267146049724961,1.013507989033792,0.7603277337073436,1.33298832082837,2000.0,0.8225,2.805626988457288,6.006813194150232,0.0015753950383590295,0.005257029688285663,ANALYTIC,True,-0.9444084596851364
A3_CLEAN,E0_I0014_residual_heterogeneity,pl_min_sd5|fga_sqres,pl_min_sd5,fga_sqres,9517,311,2000,-0.9986122413420163,0.00010480574873842667,0.018598407199168387,1.2165232640238106,0.96284108662464,0.7434703788619565,1.2950631444099738,2000.0,0.405,2.692153102931205,6.006813194150232,0.0014509501433175882,0.0051938899235600905,ANALYTIC,False,0.04811375911456204
A3_CLEAN,E0_I0014_residual_heterogeneity,pl_min_cv5|pts_absres,pl_min_cv5,pts_absres,9517,311,2000,-22.967117047470417,0.05253090388800254,0.030478164426951424,1.7432222864326927,1.3784408191853572,1.0671006073980371,1.2917627537917684,2000.0,0.0,3.9316725474335525,6.006813194150232,0.0030626353013693056,0.005869483039320846,ANALYTIC,False,20.23115353755235
A3_CLEAN,E0_I0014_residual_heterogeneity,pl_min_cv5|pts_sqres,pl_min_cv5,pts_sqres,9517,311,2000,-16.48451652735536,0.027768907102734674,0.02566599163599903,1.650597569114298,1.3173620183467418,0.9943945721015461,1.3247880220852761,2000.0,0.0,3.6416143036972373,6.006813194150232,0.0026593328594219667,0.005747681536782264,ANALYTIC,False,15.252652150900689
A3_CLEAN,E0_I0014_residual_heterogeneity,pl_min_cv5|minutes_absres,pl_min_cv5,minutes_absres,9517,311,2000,6.222857954658231,0.004053708793580308,0.019289734034535704,1.365282891768482,1.1054564506653808,0.8010770047714758,1.3799627802082968,2000.0,0.0,3.0224779105838135,6.006813194150232,0.0018284810390617366,0.005380518376491639,ANALYTIC,False,6.388151792539217
A3_CLEAN,E0_I0014_residual_heterogeneity,pl_min_cv5|minutes_sqres,pl_min_cv5,minutes_sqres,9517,311,2000,4.719677780404766,0.0023358551964777793,0.025304166329881375,1.2729481195198502,1.0256232029811927,0.7540612488753191,1.360132488588835,2000.0,0.0005,2.812986294636047,6.006813194150232,0.0015853727075391193,0.005264290742739131,ANALYTIC,False,4.898878682511863
A3_CLEAN,E0_I0014_residual_heterogeneity,pl_min_cv5|fga_absres,pl_min_cv5,fga_absres,9517,311,2000,-17.202892809406755,0.030167313506680105,0.016978031923861287,1.5094720631085818,1.194872683453375,0.92214931542323,1.2957475144954977,2000.0,0.0,3.3998075228017224,6.006813194150232,0.002291780312840887,0.005564556719946692,ANALYTIC,False,17.359466474912832
A3_CLEAN,E0_I0014_residual_heterogeneity,pl_min_cv5|fga_sqres,pl_min_cv5,fga_sqres,9517,311,2000,-12.864226822124179,0.017096805746287132,-0.0016799174020238504,1.4408905501589757,1.1465107302805517,0.8723668805094591,1.3142529317607674,2000.0,0.0,3.248444745989756,6.006813194150232,0.002091170581308769,0.005476635591490529,ANALYTIC,False,13.432096464964975
A3_CLEAN,E0_I0014_residual_heterogeneity,pl_min_rng5|pts_absres,pl_min_rng5,pts_absres,9517,311,2000,-1.5520765290171152,0.00025313556476201714,0.011553357671824098,1.4007993551365305,1.1155318717885738,0.846958385214268,1.3171035215695523,2000.0,0.2595,3.1480118638546855,6.006813194150232,0.0019672726599443986,0.005425563163461571,ANALYTIC,False,0.5154263359918233
A3_CLEAN,E0_I0014_residual_heterogeneity,pl_min_rng5|pts_sqres,pl_min_rng5,pts_sqres,9517,311,2000,-2.8510238406390958,0.0008536260647065016,0.011328546172260097,1.344345750852552,1.0662206697517198,0.8185344731780428,1.3025971473284568,2000.0,0.036,3.063698029757555,6.006813194150232,0.0018492275498443022,0.005354052210548078,ANALYTIC,False,2.1804862585172464
A3_CLEAN,E0_I0014_residual_heterogeneity,pl_min_rng5|minutes_absres,pl_min_rng5,minutes_absres,9517,311,2000,14.079090032795783,0.020409418270052264,0.008125502971311092,1.2306441209533256,0.991384824582843,0.7288452998282203,1.3602129626362411,2000.0,0.0,2.6818283361912276,6.006813194150232,0.00145216835693904,0.00521146393772629,ANALYTIC,False,17.9567669727685
A3_CLEAN,E0_I0014_residual_heterogeneity,pl_min_rng5|minutes_sqres,pl_min_rng5,minutes_sqres,9517,311,2000,9.514853487126446,0.009426011883081007,0.015024287477753369,1.1777116864142827,0.9453226365230665,0.7022454915235058,1.3461426921691022,2000.0,0.0,2.5190672659453464,6.006813194150232,0.0012947237733643919,0.005145740148057443,ANALYTIC,False,12.203041463480208
A3_CLEAN,E0_I0014_residual_heterogeneity,pl_min_rng5|fga_absres,pl_min_rng5,fga_absres,9517,311,2000,0.4969354311662275,2.595526731437006e-05,0.018498001705331616,1.2565821279520542,1.0061642821580457,0.7526406794340931,1.3368454690949947,2000.0,0.7015,2.752061595771909,6.006813194150232,0.0015249830773338385,0.00524382223738057,ANALYTIC,True,-0.6765895930242635
A3_CLEAN,E0_I0014_residual_heterogeneity,pl_min_rng5|fga_sqres,pl_min_rng5,fga_sqres,9517,311,2000,-0.8135009484142457,6.955410587461327e-05,0.025518631331239088,1.210284339779836,0.9622379913781175,0.7342169807391982,1.3105635208945337,2000.0,0.495,2.7413213695778835,6.006813194150232,0.0014854487987683988,0.005186134767846014,ANALYTIC,True,-0.20257913786483892
A3_CLEAN,E0_I0014_residual_heterogeneity,pl_fga_sd5|pts_absres,pl_fga_sd5,pts_absres,9517,311,2000,17.59686951167956,0.03152085247251812,0.017131935242699483,1.5929994511364851,1.2703155200745524,0.9609537587322153,1.3219319957190006,2000.0,0.0,3.570927953128259,6.006813194150232,0.0025348440053690083,0.005672583999759461,ANALYTIC,False,16.989947584100825
A3_CLEAN,E0_I0014_residual_heterogeneity,pl_fga_sd5|pts_sqres,pl_fga_sd5,pts_sqres,9517,311,2000,12.730924053520877,0.016750221897789457,0.011368849198455223,1.5137861794152692,1.2060989173909265,0.9144810619674221,1.3188888950812336,2000.0,0.0,3.3758927281822317,6.006813194150232,0.0022719159483081497,0.005570110799674621,ANALYTIC,False,12.602584805130187
A3_CLEAN,E0_I0014_residual_heterogeneity,pl_fga_sd5|minutes_absres,pl_fga_sd5,minutes_absres,9517,311,2000,-0.1727092190894717,3.1352092537126123e-06,0.006795211560652984,1.310566727513835,1.0401573822566066,0.7969709725551334,1.3051383526827884,2000.0,0.8835,2.893529545489755,6.006813194150232,0.0016782867174148226,0.005311490472919286,ANALYTIC,True,-1.0884313143627398
A3_CLEAN,E0_I0014_residual_heterogeneity,pl_fga_sd5|minutes_sqres,pl_fga_sd5,minutes_sqres,9517,311,2000,-1.3250035936384066,0.0001844976469115858,0.009221617074040997,1.241817962237446,0.9884335830036071,0.7514700521255835,1.3153332993214517,2000.0,0.29,2.7900987958754433,6.006813194150232,0.001545556312182413,0.005225391300194985,ANALYTIC,False,0.44788213406880106
A3_CLEAN,E0_I0014_residual_heterogeneity,pl_fga_sd5|fga_absres,pl_fga_sd5,fga_absres,9517,311,2000,15.27021961426815,0.023922777302563872,0.04555676231980998,1.413757153164963,1.137740760136871,0.8400500918848325,1.3543725203149561,2000.0,0.0,3.1268032409209385,6.006813194150232,0.0019579151281218597,0.005442044016799709,ANALYTIC,False,16.823376356548014
A3_CLEAN,E0_I0014_residual_heterogeneity,pl_fga_sd5|fga_sqres,pl_fga_sd5,fga_sqres,9517,311,2000,10.983007135678472,0.012520095763097334,0.0516625700371873,1.3554086216677166,1.088500893154601,0.8089350902018635,1.3455973246048383,2000.0,0.0,2.976464522011173,6.006813194150232,0.0017811682929363554,0.00536802840485811,ANALYTIC,False,12.231520628008328
A3_CLEAN,E0_I0014_residual_heterogeneity,pl_pts_sd5|pts_absres,pl_pts_sd5,pts_absres,9517,311,2000,21.222399959375018,0.045199981963981,0.002892727856911639,1.6780352337832056,1.334370670842142,1.017042188295098,1.3120111301174167,2000.0,0.0,3.8003203388978775,6.006813194150232,0.002855006715456655,0.005783628946070325,ANALYTIC,False,19.554773162234156
A3_CLEAN,E0_I0014_residual_heterogeneity,pl_pts_sd5|pts_sqres,pl_pts_sd5,pts_sqres,9517,311,2000,15.855848058038159,0.0257447430522043,-0.0060823586218179074,1.6069507049093024,1.272814402530875,0.9805409960033784,1.2980736223358167,2000.0,0.0,3.627829667418416,6.006813194150232,0.0026061914631159817,0.005690728592473612,ANALYTIC,False,14.87243645594298
A3_CLEAN,E0_I0014_residual_heterogeneity,pl_pts_sd5|minutes_absres,pl_pts_sd5,minutes_absres,9517,311,2000,-3.5608302161969583,0.00133094766259719,0.01083274371625929,1.325553263549947,1.0604854902902319,0.7949948367103826,1.3339526765713672,2000.0,0.0065,2.9754062286524254,6.006813194150232,0.0017585840761347412,0.005330352621629263,ANALYTIC,False,3.1451081320891703
A3_CLEAN,E0_I0014_residual_heterogeneity,pl_pts_sd5|minutes_sqres,pl_pts_sd5,minutes_sqres,9517,311,2000,-3.790399764748151,0.0015078271208505212,0.010754247742642114,1.2546829348865887,1.000139378848128,0.7573412784801259,1.3205927199099232,2000.0,0.002,2.7541702935130954,6.006813194150232,0.001525391645170086,0.005241449549530795,ANALYTIC,False,3.684284041006811
A3_CLEAN,E0_I0014_residual_heterogeneity,pl_pts_sd5|fga_absres,pl_pts_sd5,fga_absres,9517,311,2000,16.443202195912733,0.02763373140612377,0.028829242020944272,1.4505503427300097,1.166790169078531,0.8618860127258207,1.3537638989968213,2000.0,0.0,3.1984156905966006,6.006813194150232,0.0020520742652686452,0.00548897703128426,ANALYTIC,False,17.72439951603422
A3_CLEAN,E0_I0014_residual_heterogeneity,pl_pts_sd5|fga_sqres,pl_pts_sd5,fga_sqres,9517,311,2000,12.030155438488185,0.014983825015232205,0.03556697341378221,1.396737418945227,1.1086920823214086,0.849898829260671,1.3044988934575454,2000.0,0.0,3.1706417629040375,6.006813194150232,0.0019847804669935955,0.005420401985502718,ANALYTIC,False,12.850309919437569
A3_CLEAN,E0_I0014_residual_heterogeneity,pl_usg_sd5|pts_absres,pl_usg_sd5,pts_absres,9517,311,2000,-14.013316557590917,0.020223017191539006,0.03327539482893512,1.6131740239014123,1.281183414362699,0.9804010250517375,1.3067952619644483,2000.0,0.0,3.61947454019606,6.006813194150232,0.002602929743359295,0.005698831803759585,ANALYTIC,False,12.986658334589482
A3_CLEAN,E0_I0014_residual_heterogeneity,pl_usg_sd5|pts_sqres,pl_usg_sd5,pts_sqres,9517,311,2000,-9.179614014117275,0.008779223192561055,0.032079417168803054,1.5601479670019909,1.2331466833169404,0.9558660128116906,1.2900831986793062,2000.0,0.0,3.5509491006292198,6.006813194150232,0.002485922330754802,0.005629972755269462,ANALYTIC,False,8.31336947259555
A3_CLEAN,E0_I0014_residual_heterogeneity,pl_usg_sd5|minutes_absres,pl_usg_sd5,minutes_absres,9517,311,2000,-0.49649326829151175,2.5909100138831298e-05,0.013591028300311144,1.2819772552587665,1.0217302792148306,0.7740771928531368,1.319933320149739,2000.0,0.6925,2.8387732144175066,6.006813194150232,0.0016127425849478596,0.005275600305823052,ANALYTIC,True,-0.6785331175917625
A3_CLEAN,E0_I0014_residual_heterogeneity,pl_usg_sd5|minutes_sqres,pl_usg_sd5,minutes_sqres,9517,311,2000,-0.2553394604536894,6.852826705179231e-06,0.018304803222261818,1.2003094927489564,0.9579399079105496,0.7231667793066443,1.324645898182713,2000.0,0.8375,2.6732062073484117,6.006813194150232,0.0014256094530612291,0.005173747793734034,ANALYTIC,True,-0.9715607347595494
A3_CLEAN,E0_I0014_residual_heterogeneity,pl_usg_sd5|fga_absres,pl_usg_sd5,fga_absres,9517,311,2000,-10.317307465649533,0.011064645456159518,0.01743271203179542,1.400610180969032,1.1241440404141247,0.8352729738925085,1.345840312748813,2000.0,0.0,3.1498296375989736,6.006813194150232,0.0019687810958059957,0.005425322740425587,ANALYTIC,False,11.006178474078677
A3_CLEAN,E0_I0014_residual_heterogeneity,pl_usg_sd5|fga_sqres,pl_usg_sd5,fga_sqres,9517,311,2000,-7.025261493231135,0.00516077283189093,-0.0029489016028121677,1.3584215976276297,1.0822916428358358,0.820595373210445,1.318910242695553,2000.0,0.0,3.037030819492103,6.006813194150232,0.0018361846124713063,0.005371837981769771,ANALYTIC,False,7.24226585283366
A3_CLEAN,E0_I0014_residual_heterogeneity,pl_min_trend5|pts_absres,pl_min_trend5,pts_absres,9517,311,2000,1.3337355745728277,0.00018693694029805083,0.024135645142561002,1.0612274486111801,0.8538743430405018,0.6303335559022692,1.354638881343153,2000.0,0.2055,2.3590361230384773,6.006813194150232,0.0011113507081320733,0.005002575762452206,ANALYTIC,False,0.7612814311391768
A3_CLEAN,E0_I0014_residual_heterogeneity,pl_min_trend5|pts_sqres,pl_min_trend5,pts_sqres,9517,311,2000,0.13128112156861357,1.8115095290952237e-06,0.0012273460070204828,1.0489823198755965,0.844419742640078,0.6220643150686341,1.3574476500020916,2000.0,0.903,2.3544891925157305,6.006813194150232,0.0011012228449345113,0.004987643267173117,ANALYTIC,True,-1.1464065753277968
A3_CLEAN,E0_I0014_residual_heterogeneity,pl_min_trend5|minutes_absres,pl_min_trend5,minutes_absres,9517,311,2000,0.2069685201588544,4.5023938902428545e-06,0.005479172648104474,1.028873251180779,0.8273398729884689,0.6113726531900777,1.3532497220336845,2000.0,0.8435,2.293686216696383,6.006813194150232,0.0010489777657238552,0.0049631694026489575,ANALYTIC,True,-1.0147188455234013
A3_CLEAN,E0_I0014_residual_heterogeneity,pl_min_trend5|minutes_sqres,pl_min_trend5,minutes_sqres,9517,311,2000,-0.21730167797772015,4.963189498582444e-06,0.015928972418209106,1.020646539541266,0.8111260920890523,0.6194502023322371,1.309429053433437,2000.0,0.819,2.285701767880104,6.006813194150232,0.001039102171905862,0.0049531743829565,ANALYTIC,True,-0.95863139906255
A3_CLEAN,E0_I0014_residual_heterogeneity,pl_min_trend5|fga_absres,pl_min_trend5,fga_absres,9517,311,2000,0.36251248561321964,1.3812643160850989e-05,0.030597225158695063,1.0343882529055117,0.8278172475393296,0.6207024317966556,1.3336781123012025,2000.0,0.735,2.3111119937042646,6.006813194150232,0.0010636814660758302,0.004969875478693153,ANALYTIC,True,-0.7496422409354205
A3_CLEAN,E0_I0014_residual_heterogeneity,pl_min_trend5|fga_sqres,pl_min_trend5,fga_sqres,9517,311,2000,-0.618630844924017,4.022374695162336e-05,0.01817049019536785,1.0317033152575488,0.8217595303180558,0.623791250063093,1.3173630284729698,2000.0,0.541,2.3053268499846102,6.006813194150232,0.0010583092435310522,0.00496661010981436,ANALYTIC,True,-0.32563567599496385
A3_CLEAN,E0_I0014_residual_heterogeneity,pl_abs_min_trend5|pts_absres,pl_abs_min_trend5,pts_absres,9517,311,2000,-1.0876067786133066,0.00012431589794402917,0.031511174970072664,1.1858507292623175,0.9495945577280008,0.7106718570771619,1.336192714361134,2000.0,0.364,2.578462624658092,6.006813194150232,0.0013440528174682223,0.005155818891910032,ANALYTIC,False,0.194199642930733
A3_CLEAN,E0_I0014_residual_heterogeneity,pl_abs_min_trend5|pts_sqres,pl_abs_min_trend5,pts_sqres,9517,311,2000,-1.9971516280963078,0.0004190606636657453,0.02567015923568006,1.1590222529473528,0.9230123564257807,0.7011518169636817,1.3164229687414346,2000.0,0.084,2.6096423864204064,6.006813194150232,0.0013505246300317554,0.005122633957511489,ANALYTIC,False,1.5319638995190188
A3_CLEAN,E0_I0014_residual_heterogeneity,pl_abs_min_trend5|minutes_absres,pl_abs_min_trend5,minutes_absres,9517,311,2000,8.93343620462597,0.008318521353547083,0.013187839555945392,1.1151039184948537,0.8886109130522932,0.6735030721375134,1.3193865771570823,2000.0,0.0,2.4840038566110105,6.006813194150232,0.0012307974519941908,0.005068541325328744,ANALYTIC,False,11.944749214048297
A3_CLEAN,E0_I0014_residual_heterogeneity,pl_abs_min_trend5|minutes_sqres,pl_abs_min_trend5,minutes_sqres,9517,311,2000,6.096386336050631,0.0038912449689327984,0.017788617506288445,1.089569095763872,0.8638541513013838,0.6639729695407572,1.3010381309631869,2000.0,0.0,2.47733404146633,6.006813194150232,0.0012106266724837,0.005037222998218971,ANALYTIC,False,7.8806403645744405
A3_CLEAN,E0_I0014_residual_heterogeneity,pl_abs_min_trend5|fga_absres,pl_abs_min_trend5,fga_absres,9517,311,2000,0.42203810716239526,1.8721129846663914e-05,0.046737222229412616,1.0939710075501248,0.864190793871703,0.6721299711780082,1.285749529004159,2000.0,0.6825,2.4794477328663014,6.006813194150232,0.001214780641423321,0.005042614996470658,ANALYTIC,True,-0.6578380754757432
A3_CLEAN,E0_I0014_residual_heterogeneity,pl_abs_min_trend5|fga_sqres,pl_abs_min_trend5,fga_sqres,9517,311,2000,-0.19494683040674113,3.994546444855415e-06,0.04302437252053728,1.0856243687076108,0.8586559613000239,0.6654122055186372,1.2904120997160973,2000.0,0.858,2.539738584097253,6.006813194150232,0.0012531397644841994,0.005032393466106549,ANALYTIC,True,-0.9974405720075017
A3_CLEAN,E0_I0014_residual_heterogeneity,pl_start_switch5|pts_absres,pl_start_switch5,pts_absres,9517,311,2000,-3.695271744137637,0.0014331997973635311,0.02563875830790693,1.4271334044893875,1.1262320129126833,0.8765468416082214,1.2848509166336832,2000.0,0.013,3.2925577490700673,6.006813194150232,0.0021217833224520155,0.005459083312539,ANALYTIC,False,2.9308641698046336
A3_CLEAN,E0_I0014_residual_heterogeneity,pl_start_switch5|pts_sqres,pl_start_switch5,pts_sqres,9517,311,2000,-4.005640205126667,0.0016836387650392118,0.03641106469717745,1.372375996565153,1.0772161583562216,0.8507450648705339,1.2662032409440447,2000.0,0.005,3.1601246194354053,6.006813194150232,0.0019565493129112253,0.005389499407501242,ANALYTIC,False,3.4421875220822966
A3_CLEAN,E0_I0014_residual_heterogeneity,pl_start_switch5|minutes_absres,pl_start_switch5,minutes_absres,9517,311,2000,4.877174333272903,0.002493956921287162,-0.024814328124092913,1.2202066673779906,0.9812234716367499,0.7254234819480279,1.3526216011119538,2000.0,0.0,2.747295818129913,6.006813194150232,0.0014967894703712338,0.005198471216165976,ANALYTIC,False,5.370588295782895
A3_CLEAN,E0_I0014_residual_heterogeneity,pl_start_switch5|minutes_sqres,pl_start_switch5,minutes_sqres,9517,311,2000,2.0824835467355647,0.00045561927907399063,-0.011521526352837569,1.1530034936071887,0.9206772407796697,0.6938870594323719,1.326840194329062,2000.0,0.069,2.5647095805255278,6.006813194150232,0.0013131180790676201,0.005115203890677575,ANALYTIC,False,1.6743449674739577
A3_CLEAN,E0_I0014_residual_heterogeneity,pl_start_switch5|fga_absres,pl_start_switch5,fga_absres,9517,311,2000,-3.0506190838018994,0.0009772107001465322,-0.012998064735595864,1.2691698396429076,1.0182350436533525,0.7573901579153598,1.3443996241724898,2000.0,0.014,2.8405948016978453,6.006813194150232,0.0016053763093437413,0.005259561809981127,ANALYTIC,False,2.68340434439032
A3_CLEAN,E0_I0014_residual_heterogeneity,pl_start_switch5|fga_sqres,pl_start_switch5,fga_sqres,9517,311,2000,-4.021286380477181,0.0016967947991625614,-0.00030405136285228273,1.2259966390502277,0.9883684882873774,0.725056482173561,1.3631606813919717,2000.0,0.0005,2.7794241147627123,6.006813194150232,0.0015262812145200822,0.005205676669641061,ANALYTIC,False,4.183009140333148
A3_CLEAN,E0_I0014_residual_heterogeneity,pl_rest_days|pts_absres,pl_rest_days,pts_absres,9517,311,2000,-2.2954914939929627,0.0005535384117561129,0.002416075277566373,1.2188486711015123,0.967044528277962,0.7415894971228502,1.3040159441710153,2000.0,0.059,2.7258730830232722,6.006813194150232,0.001478944821650681,0.005196781951258684,ANALYTIC,False,1.7913508361013548
A3_CLEAN,E0_I0014_residual_heterogeneity,pl_rest_days|pts_sqres,pl_rest_days,pts_sqres,9517,311,2000,-1.5745920852246402,0.00026053124755597235,0.011582405685231213,1.1901956278839116,0.9380305901476319,0.7323648633249145,1.2808241316889524,2000.0,0.169,2.6298948956393144,6.006813194150232,0.0013857767438941444,0.005161203306128593,ANALYTIC,False,0.8691862853537761
A3_CLEAN,E0_I0014_residual_heterogeneity,pl_rest_days|minutes_absres,pl_rest_days,minutes_absres,9517,311,2000,3.903388929006751,0.0015989156338835594,0.013587013101912723,1.096041056692269,0.8756276959130643,0.6590775991277303,1.3285654027263734,2000.0,0.0,2.4600797547813356,6.006813194150232,0.001202218891475787,0.005045151642172848,ANALYTIC,False,4.593937401454456
A3_CLEAN,E0_I0014_residual_heterogeneity,pl_rest_days|minutes_sqres,pl_rest_days,minutes_sqres,9517,311,2000,4.6145536455685505,0.0022331881022828186,0.017038607188339248,1.0743416383287128,0.8508772979949588,0.6558552140461426,1.2973553915134317,2000.0,0.0,2.396607712537334,6.006813194150232,0.0011448205513928849,0.005018592798543268,ANALYTIC,False,5.738578068708925
A3_CLEAN,E0_I0014_residual_heterogeneity,pl_rest_days|fga_absres,pl_rest_days,fga_absres,9517,311,2000,0.49568644781212406,2.582496418126175e-05,-0.017551394462819104,1.113364588169999,0.8820188962163583,0.6793691229407802,1.2982911151427805,2000.0,0.6505,2.5391491157539567,6.006813194150232,0.0012697100063778833,0.0050664049653217635,ANALYTIC,True,-0.5686635370355364
A3_CLEAN,E0_I0014_residual_heterogeneity,pl_rest_days|fga_sqres,pl_rest_days,fga_sqres,9517,311,2000,0.7863744799021735,6.49931292702427e-05,-0.019774908404099963,1.0929189368719487,0.8609884200230387,0.6731947339630366,1.2789589350387183,2000.0,0.4595,2.4730536104059055,6.006813194150232,0.001209584639321352,0.005041326029729538,ANALYTIC,True,-0.11083559682889922
A3_CLEAN,E0_I0014_residual_heterogeneity,pl_teamgames_since_appear|pts_absres,pl_teamgames_since_appear,pts_absres,9517,311,2000,-3.3809377502576026,0.00120002343022981,0.0028867833375128722,1.3312411549334784,1.0576309888011644,0.8081265187846626,1.3087443169068753,2000.0,0.0125,2.931221503756061,6.006813194150232,0.0017248758514923994,0.005337520189790512,ANALYTIC,False,2.874929491177257
A3_CLEAN,E0_I0014_residual_heterogeneity,pl_teamgames_since_appear|pts_sqres,pl_teamgames_since_appear,pts_sqres,9517,311,2000,-2.246552737091587,0.0005302000505887868,0.02037717083203101,1.2835358931238792,1.0028223357258328,0.8010768445403832,1.251842869458049,2000.0,0.0665,2.9655132843187704,6.006813194150232,0.0017198916826274555,0.005277553826482663,ANALYTIC,False,1.5525731518046102
A3_CLEAN,E0_I0014_residual_heterogeneity,pl_teamgames_since_appear|minutes_absres,pl_teamgames_since_appear,minutes_absres,9517,311,2000,4.346334571565238,0.001981626030619939,0.03739099276995001,1.1311067230451504,0.9081423711934473,0.6750304220754119,1.3453354715500407,2000.0,0.0,2.554417683257762,6.006813194150232,0.0012918680834658745,0.005088218155100161,ANALYTIC,False,5.093388516921818
A3_CLEAN,E0_I0014_residual_heterogeneity,pl_teamgames_since_appear|minutes_sqres,pl_teamgames_since_appear,minutes_sqres,9517,311,2000,5.107106739910283,0.002733995135316719,0.039595178751645414,1.1016057848167489,0.8776596279211665,0.6666574152002133,1.3165077113221402,2000.0,0.0,2.482618818297114,6.006813194150232,0.0012216475644284141,0.005051973842219151,ANALYTIC,False,6.344258708528596
A3_CLEAN,E0_I0014_residual_heterogeneity,pl_teamgames_since_appear|fga_absres,pl_teamgames_since_appear,fga_absres,9517,311,2000,-0.1947635433312594,3.987038739929735e-06,-0.005171801523912697,1.1912464019504072,0.9529710415264356,0.714483478485156,1.3337901718132372,2000.0,0.8815,2.669462815501049,6.006813194150232,0.0014168210262084468,0.00516250589952882,ANALYTIC,True,-1.0611966840754998
A3_CLEAN,E0_I0014_residual_heterogeneity,pl_teamgames_since_appear|fga_sqres,pl_teamgames_since_appear,fga_sqres,9517,311,2000,0.16865759297837724,2.9898358862602675e-06,-0.001348331675923875,1.1673687623431734,0.9208234502344287,0.7172249645003352,1.2838697700322426,2000.0,0.879,2.6125688087581604,6.006813194150232,0.00135803223141252,0.005132946520217295,ANALYTIC,True,-1.0487167827183181
A3_CLEAN,E0_I0014_residual_heterogeneity,pl_dnp_frac5|pts_absres,pl_dnp_frac5,pts_absres,9517,311,2000,-8.236010775959713,0.007079217669150638,0.038012824748608114,1.7156151822836319,1.3596544755485396,1.0465161565663619,1.2992197655214326,2000.0,0.0,3.86286861031656,6.006813194150232,0.0029591019878898416,0.00583304610413117,ANALYTIC,False,6.570712030832491
A3_CLEAN,E0_I0014_residual_heterogeneity,pl_dnp_frac5|pts_sqres,pl_dnp_frac5,pts_sqres,9517,311,2000,-5.1445961105666855,0.00277416917891788,0.04263755393366658,1.6436024969460852,1.2979262093211898,1.008857207923393,1.286531135553672,2000.0,0.003,3.7772454954330024,6.006813194150232,0.0027982698806122775,0.005738534881546714,ANALYTIC,False,3.8128982684907275
A3_CLEAN,E0_I0014_residual_heterogeneity,pl_dnp_frac5|minutes_absres,pl_dnp_frac5,minutes_absres,9517,311,2000,5.392566131581737,0.003047210144514692,0.047622880084197204,1.353919189526498,1.083436091384256,0.8129854060257966,1.332663641135371,2000.0,0.0,3.040912437179468,6.006813194150232,0.0018362656942209439,0.005366145680748561,ANALYTIC,False,5.300378098128798
A3_CLEAN,E0_I0014_residual_heterogeneity,pl_dnp_frac5|minutes_sqres,pl_dnp_frac5,minutes_sqres,9517,311,2000,7.586114549178535,0.0060125203504533395,0.03715899497097798,1.2621782204503051,1.0134241024523223,0.7529496392884586,1.345938758148571,2000.0,0.0,2.769782387606492,6.006813194150232,0.0015429937392204588,0.005250816634020332,ANALYTIC,False,8.729256385509979
A3_CLEAN,E0_I0014_residual_heterogeneity,pl_dnp_frac5|fga_absres,pl_dnp_frac5,fga_absres,9517,311,2000,-3.811934856205736,0.0015249829780422093,0.031692356675218185,1.4678379033943438,1.1630690329684263,0.8956264511375767,1.2986095168260814,2000.0,0.011,3.2502892823682505,6.006813194150232,0.0021142252080571153,0.005511098450056304,ANALYTIC,False,2.9575564900666595
A3_CLEAN,E0_I0014_residual_heterogeneity,pl_dnp_frac5|fga_sqres,pl_dnp_frac5,fga_sqres,9517,311,2000,-2.1870779377503666,0.0005025127424444013,0.016095121016058853,1.4288224625325034,1.1265378776578743,0.8786753444394612,1.2820865918077327,2000.0,0.119,3.275128522084218,6.006813194150232,0.0021066934823216732,0.005461236807717587,ANALYTIC,False,1.2069760086065113
A3_CLEAN,E0_I0014_residual_heterogeneity,tm_rest_days|pts_absres,tm_rest_days,pts_absres,9517,24,2000,0.30408519210873247,9.719035669770673e-06,-0.00500259545357297,1.0127154575340522,0.8038717353605035,0.6156984675802725,1.3056256880413588,2000.0,0.764,2.277535882305504,6.006813194150232,0.001029317597504072,0.004943548075428115,ANALYTIC,True,-0.8117391378542139
A3_CLEAN,E0_I0014_residual_heterogeneity,tm_rest_days|pts_sqres,tm_rest_days,pts_sqres,9517,24,2000,0.19137734549741514,3.849605568263085e-06,0.009520286947402642,1.0068499707881788,0.7939586897886165,0.6189925693556276,1.2826627153458867,2000.0,0.8445,2.3426106275423058,6.006813194150232,0.0010692529673049435,0.0049364348958207075,ANALYTIC,True,-0.9734872018229389
A3_CLEAN,E0_I0014_residual_heterogeneity,tm_rest_days|minutes_absres,tm_rest_days,minutes_absres,9517,24,2000,0.7725827940087161,6.273352206764667e-05,-0.01211268028852024,0.9807529620685664,0.7829773065734992,0.5904769431102427,1.3260082645213744,2000.0,0.4315,2.2180675737652753,6.006813194150232,0.0009732932580909644,0.004904848673236257,ANALYTIC,True,-0.0176035875508223
A3_CLEAN,E0_I0014_residual_heterogeneity,tm_rest_days|minutes_sqres,tm_rest_days,minutes_sqres,9517,24,2000,1.0804496490827562,0.00012268532949899084,-0.005916743985359439,0.9687134997078727,0.7663391077640257,0.5923440360916858,1.293739889440548,2000.0,0.26,2.1715123144438895,6.006813194150232,0.0009373738754994261,0.004890311017466596,ANALYTIC,False,0.5302839602999075
A3_CLEAN,E0_I0014_residual_heterogeneity,tm_rest_days|fga_absres,tm_rest_days,fga_absres,9517,24,2000,1.2602460101148998,0.00016690718106854874,-0.024159484681537335,0.9916018826974327,0.7892723923612044,0.6004962329953685,1.3143669335346053,2000.0,0.205,2.202128626040548,6.006813194150232,0.0009689436283449934,0.004917967230776572,ANALYTIC,False,0.7843073642683915
A3_CLEAN,E0_I0014_residual_heterogeneity,tm_rest_days|fga_sqres,tm_rest_days,fga_sqres,9517,24,2000,1.5022219264046421,0.00023713848777479732,0.002280825701083852,0.9914381404646367,0.7921071218411355,0.5959926382780789,1.32905521136916,2000.0,0.1175,2.1923142313561623,6.006813194150232,0.0009626029426890305,0.004917769102804538,ANALYTIC,False,1.1914825099436555
A3_CLEAN,E0_I0014_residual_heterogeneity,tm_b2b|pts_absres,tm_b2b,pts_absres,9517,24,2000,1.2994325209386084,0.00017744642146059773,0.020631975519521305,0.999865443613123,0.7950611182466559,0.6063978856683853,1.311121191279092,2000.0,0.189,2.32184409397511,6.006813194150232,0.0010514654192413258,0.004927971316036318,ANALYTIC,False,0.8317499361595284
A3_CLEAN,E0_I0014_residual_heterogeneity,tm_b2b|pts_sqres,tm_b2b,pts_sqres,9517,24,2000,0.8676774349210331,7.912597855374312e-05,0.01968198252160858,0.995760851810182,0.7917963179878686,0.6038809580731428,1.3111794756938921,2000.0,0.3805,2.3354513759089635,6.006813194150232,0.0010582256013353419,0.004923000918168873,ANALYTIC,False,0.12565575370232762
A3_CLEAN,E0_I0014_residual_heterogeneity,tm_b2b|minutes_absres,tm_b2b,minutes_absres,9517,24,2000,0.8963145200472976,8.443471575671198e-05,-0.030037524259824686,1.0685544532291753,0.8458597083482808,0.6533565330218915,1.2946372548477132,2000.0,0.392,2.484697037694527,6.006813194150232,0.001203273990506753,0.005011521455056121,ANALYTIC,False,0.07722401039697913
A3_CLEAN,E0_I0014_residual_heterogeneity,tm_b2b|minutes_sqres,tm_b2b,minutes_sqres,9517,24,2000,0.8520270666109578,7.629753353304079e-05,-0.025077548914435886,1.0430027519236678,0.8309008731467552,0.6306681431362958,1.317493014653804,2000.0,0.417,2.41452894652395,6.006813194150232,0.001138963667394951,0.004980359509328441,ANALYTIC,False,0.03349811417323641
A3_CLEAN,E0_I0014_residual_heterogeneity,tm_b2b|fga_absres,tm_b2b,fga_absres,9517,24,2000,0.9390873700833401,9.268481724732886e-05,-0.007969286682840119,1.0232568908766055,0.818355244876426,0.6140666731284936,1.3326814183012745,2000.0,0.3545,2.344777933659125,6.006813194150232,0.0010799895659729794,0.004956344730661661,ANALYTIC,False,0.19661077614230155
A3_CLEAN,E0_I0014_residual_heterogeneity,tm_b2b|fga_sqres,tm_b2b,fga_sqres,9517,24,2000,0.5801917141984824,3.538054607310512e-05,-0.005718556101131088,1.0199569546439682,0.8099888791854357,0.6196246590241333,1.3072250553441709,2000.0,0.556,2.2864141270110396,6.006813194150232,0.0010391894004653532,0.00495233703138549,ANALYTIC,True,-0.37086510622231894
A3_CLEAN,E0_I0014_residual_heterogeneity,tm_3in4|pts_absres,tm_3in4,pts_absres,9517,24,2000,0.8857731640636178,8.246052135135296e-05,0.03434487308215457,1.0127104633004556,0.8099871194960732,0.6085682422269428,1.3309717190172055,2000.0,0.3835,2.2124819054823854,6.006813194150232,0.000986970927651875,0.0049435420166542305,ANALYTIC,False,0.12453171116885704
A3_CLEAN,E0_I0014_residual_heterogeneity,tm_3in4|pts_sqres,tm_3in4,pts_sqres,9517,24,2000,0.8369168347803263,7.361553771525136e-05,0.04112947634016931,1.0149358307311285,0.8025048460461826,0.6224556406205299,1.2892562837829864,2000.0,0.3975,2.2513059278595757,6.006813194150232,0.0010133565786762415,0.004946242097552337,ANALYTIC,False,0.05528424274513477
A3_CLEAN,E0_I0014_residual_heterogeneity,tm_3in4|minutes_absres,tm_3in4,minutes_absres,9517,24,2000,-0.007128025916722886,5.340419752420291e-09,-0.010847141097398521,1.1151126845747161,0.8936234359460198,0.6668070876902064,1.3401528754613217,2000.0,0.9945,2.463798001158415,6.006813194150232,0.0012163127865674574,0.005068552093545634,ANALYTIC,True,-1.329463088192542
A3_CLEAN,E0_I0014_residual_heterogeneity,tm_3in4|minutes_sqres,tm_3in4,minutes_sqres,9517,24,2000,0.4377143878413263,2.0137694667214814e-05,0.002381473281237831,1.087299668451082,0.87458922959907,0.6457068051776649,1.354468038103499,2000.0,0.7055,2.4670812726595974,6.006813194150232,0.0012019662580137435,0.005034444253790933,ANALYTIC,True,-0.6765839205264973
A3_CLEAN,E0_I0014_residual_heterogeneity,tm_3in4|fga_absres,tm_3in4,fga_absres,9517,24,2000,0.8771240234815451,8.085814007113418e-05,-0.01454863038499795,1.021023913103401,0.8229590919383666,0.6042359906706036,1.3619829084080475,2000.0,0.3955,2.20831840204036,6.006813194150232,0.0009887965930075022,0.004953632651418539,ANALYTIC,False,0.08964201467553135
A3_CLEAN,E0_I0014_residual_heterogeneity,tm_3in4|fga_sqres,tm_3in4,fga_sqres,9517,24,2000,0.7551810045779234,5.9939475119970964e-05,-0.01282207077785447,0.9991027775411456,0.7965258274681426,0.6029925941667275,1.320954577508299,2000.0,0.4625,2.2095152157610825,6.006813194150232,0.0009777058154213927,0.0049270475865558295,ANALYTIC,True,-0.06856605419400456
A3_CLEAN,E0_I0014_residual_heterogeneity,tm_games_prior7d|pts_absres,tm_games_prior7d,pts_absres,9517,24,2000,-3.575117469268729,0.0013416351541322032,0.06221343902457109,1.0008679568359387,0.8031195953835004,0.6002377602901883,1.3380024525535144,2000.0,0.001,2.247039423300971,6.006813194150232,0.001002872508559617,0.004929185676425179,ANALYTIC,False,4.6181664288249555
A3_CLEAN,E0_I0014_residual_heterogeneity,tm_games_prior7d|pts_sqres,tm_games_prior7d,pts_sqres,9517,24,2000,-3.382659530389328,0.001201244523399053,0.04031421000167658,0.9848111471821827,0.7844656014667951,0.5964770885947652,1.3151646835503947,2000.0,0.0015,2.2157080390863486,6.006813194150232,0.000973968731410715,0.004909753795577082,ANALYTIC,False,4.355898958405248
A3_CLEAN,E0_I0014_residual_heterogeneity,tm_games_prior7d|minutes_absres,tm_games_prior7d,minutes_absres,9517,24,2000,-5.903335866163729,0.0036495888648481233,0.028159545322162253,1.0392765444046328,0.82642260019794,0.6305339961625741,1.3106709633858644,2000.0,0.0,2.362557322256934,6.006813194150232,0.0011011545024187254,0.004975823278932313,ANALYTIC,False,8.051767703032432
A3_CLEAN,E0_I0014_residual_heterogeneity,tm_games_prior7d|minutes_sqres,tm_games_prior7d,minutes_sqres,9517,24,2000,-6.279529983035299,0.004127573709346422,0.036871694195492126,1.0199779897698942,0.8120349507806331,0.618049087812805,1.313868051572277,2000.0,0.0,2.313341201289531,6.006813194150232,0.0010570731449927114,0.004952362572945402,ANALYTIC,False,8.84637667147672
A3_CLEAN,E0_I0014_residual_heterogeneity,tm_games_prior7d|fga_absres,tm_games_prior7d,fga_absres,9517,24,2000,-5.395246619466402,0.0030502310140623134,0.0446774782853464,1.007861423070665,0.8052990060650882,0.6074132193951954,1.3257844583411087,2000.0,0.0,2.308556515734327,6.006813194150232,0.0010471103211055998,0.0049376611364974335,ANALYTIC,False,7.556548765882226
A3_CLEAN,E0_I0014_residual_heterogeneity,tm_games_prior7d|fga_sqres,tm_games_prior7d,fga_sqres,9517,24,2000,-5.838267315173943,0.003569863898316734,0.033086815568372,0.9847706521169051,0.7823019631842221,0.5988038154683021,1.3064411798585702,2000.0,0.0,2.2163438481234743,6.006813194150232,0.0009743537620276248,0.004909704837142513,ANALYTIC,False,8.4434421113961
A3_CLEAN,E0_I0014_residual_heterogeneity,opp_rest_days|pts_absres,opp_rest_days,pts_absres,9517,24,2000,0.909476505719527,8.693247934323842e-05,-0.03381660118510084,1.0113139107991376,0.8064641042048655,0.610892997614788,1.3201397091694922,2000.0,0.368,2.24749097324907,6.006813194150232,0.0010088824333828416,0.004941847929242944,ANALYTIC,False,0.16862593271959264
A3_CLEAN,E0_I0014_residual_heterogeneity,opp_rest_days|pts_sqres,opp_rest_days,pts_sqres,9517,24,2000,0.7268703289767025,5.5529865090511545e-05,-0.013850213050647337,1.0144988925509542,0.8067614342713443,0.6149880655101938,1.3118326671950218,2000.0,0.4625,2.2970131796097655,6.006813194150232,0.0010431621026958918,0.004945711893935062,ANALYTIC,True,-0.1299067571796929
A3_CLEAN,E0_I0014_residual_heterogeneity,opp_rest_days|minutes_absres,opp_rest_days,minutes_absres,9517,24,2000,1.8510014766335015,0.00035999296366197997,-0.024412667457217267,1.0642257758113975,0.8453948844912367,0.6466241123173189,1.3073977112631623,2000.0,0.0825,2.4100943720862595,6.006813194150232,0.0011482726919318786,0.005006235516625545,ANALYTIC,False,1.5551640790790398
A3_CLEAN,E0_I0014_residual_heterogeneity,opp_rest_days|minutes_sqres,opp_rest_days,minutes_sqres,9517,24,2000,1.8452186551407466,0.00035774793080912824,-0.01534167118350824,1.052689942201018,0.8391909646241836,0.6354508848332262,1.3206228595376477,2000.0,0.082,2.3542067900488095,6.006813194150232,0.0011031544662711622,0.004992162223696099,ANALYTIC,False,1.5831714370507086
A3_CLEAN,E0_I0014_residual_heterogeneity,opp_rest_days|fga_absres,opp_rest_days,fga_absres,9517,24,2000,1.7755768772408913,0.0003312622330683911,-0.022640618161196318,1.0025370838477727,0.7934344816042803,0.6129765536360041,1.294396134563142,2000.0,0.0815,2.312139391753141,6.006813194150232,0.0010465145384026431,0.004931207848711886,ANALYTIC,False,1.6022511624805535
A3_CLEAN,E0_I0014_residual_heterogeneity,opp_rest_days|fga_sqres,opp_rest_days,fga_sqres,9517,24,2000,1.7958293952977606,0.0003388596167397236,-0.00043792023683021777,1.004471428694935,0.7908612753335942,0.6190222927247545,1.2775974058259758,2000.0,0.0745,2.2675932910544216,6.006813194150232,0.0010182442598694627,0.004933551855150597,ANALYTIC,False,1.623476459208911
A3_CLEAN,E0_I0014_residual_heterogeneity,tm_rest_diff|pts_absres,tm_rest_diff,pts_absres,9517,24,2000,-0.3681714346829122,1.4247243441265531e-05,0.03190965830686185,1.0193269038358705,0.8138038557185214,0.6143598725116943,1.3246370606716842,2000.0,0.71,2.198655658742533,6.006813194150232,0.0009816595608734282,0.004951572032959204,ANALYTIC,True,-0.7253605597867667
A3_CLEAN,E0_I0014_residual_heterogeneity,tm_rest_diff|pts_sqres,tm_rest_diff,pts_sqres,9517,24,2000,-0.24302331461707938,6.207690226907717e-06,0.02706285246343649,1.0232218491007954,0.8055979789113674,0.631191695792022,1.2763127022773957,2000.0,0.801,2.341586450140907,6.006813194150232,0.0010778205690626828,0.004956302164688001,ANALYTIC,True,-0.8912897112633382
A3_CLEAN,E0_I0014_residual_heterogeneity,tm_rest_diff|minutes_absres,tm_rest_diff,minutes_absres,9517,24,2000,-1.3048733508346213,0.00017893523120563745,0.011776286909410684,1.0668820618394204,0.8553083441539912,0.637540399851215,1.3415751289700188,2000.0,0.222,2.355971689959461,6.006813194150232,0.0011125091874689434,0.00500947889372205,ANALYTIC,False,0.7051553231537118
A3_CLEAN,E0_I0014_residual_heterogeneity,tm_rest_diff|minutes_sqres,tm_rest_diff,minutes_sqres,9517,24,2000,-0.7798981922814895,6.392708715960266e-05,0.009239951883048434,1.037780899277746,0.8294143405566969,0.6235401589816862,1.3301698833820539,2000.0,0.458,2.3167484577526745,6.006813194150232,0.001069366905487785,0.004974003083767011,ANALYTIC,True,-0.07941132188834973
A3_CLEAN,E0_I0014_residual_heterogeneity,tm_rest_diff|fga_absres,tm_rest_diff,fga_absres,9517,24,2000,-0.3835768988255464,1.5464469414084114e-05,4.04968751952719e-05,1.0172016757874625,0.8070872440149562,0.6188566664223117,1.304158600538036,2000.0,0.696,2.297527054384442,6.006813194150232,0.0010450093854408708,0.004948992048131571,ANALYTIC,True,-0.6843431898985212
A3_CLEAN,E0_I0014_residual_heterogeneity,tm_rest_diff|fga_sqres,tm_rest_diff,fga_sqres,9517,24,2000,-0.1483559057082115,2.313372276904159e-06,0.004505520843305581,1.0153045063095472,0.8016536649519735,0.6228109398788384,1.2871541163164655,2000.0,0.887,2.2731363079477545,6.006813194150232,0.001027857552645605,0.0049466894898677225,ANALYTIC,True,-1.0489503594314746
A3_CLEAN,E0_I0014_residual_heterogeneity,tm_roster_churn_prior|pts_absres,tm_roster_churn_prior,pts_absres,9517,24,2000,-0.13267648590137654,1.85022255008525e-06,-0.013511510202481015,1.0113462262200235,0.8033147922935914,0.6143015279719956,1.3076880908071133,2000.0,0.8885,2.2130253253968606,6.006813194150232,0.0009865814649503471,0.004941887126169154,ANALYTIC,True,-1.091708673761898
A3_CLEAN,E0_I0014_residual_heterogeneity,tm_roster_churn_prior|pts_sqres,tm_roster_churn_prior,pts_sqres,9517,24,2000,-0.12546376684461338,1.6545228869491097e-06,-0.018565950829578657,1.0085067023329695,0.8023068727460388,0.6110747158859304,1.3129439852258684,2000.0,0.902,2.212590809267006,6.006813194150232,0.0009847636063379458,0.004938443524526253,ANALYTIC,True,-1.10762741168262
A3_CLEAN,E0_I0014_residual_heterogeneity,tm_roster_churn_prior|minutes_absres,tm_roster_churn_prior,minutes_absres,9517,24,2000,0.5665722950600715,3.373905141403806e-05,0.013758800123746364,1.2807604328971893,1.0171327769415004,0.7781131418467582,1.307178509448456,2000.0,0.6485,2.832170537987847,6.006813194150232,0.0016064695057688258,0.005274075451399191,ANALYTIC,True,-0.579042375267018
A3_CLEAN,E0_I0014_residual_heterogeneity,tm_roster_churn_prior|minutes_sqres,tm_roster_churn_prior,minutes_sqres,9517,24,2000,1.1115829228930196,0.00012985664719771857,0.014479335591014438,1.183864048678423,0.9388570477784218,0.7210064763064008,1.3021478705545533,2000.0,0.3465,2.5952492529257865,6.006813194150232,0.0013554369876237868,0.00515335783484603,ANALYTIC,False,0.23956216870539698
A3_CLEAN,E0_I0014_residual_heterogeneity,tm_roster_churn_prior|fga_absres,tm_roster_churn_prior,fga_absres,9517,24,2000,-0.3941463019148499,1.6328439212593124e-05,-0.02661831739489068,1.0619847441834516,0.84199966741707,0.6474584057404866,1.3004691265905954,2000.0,0.704,2.3408979964079046,6.006813194150232,0.00109942202220267,0.005003499990102991,ANALYTIC,True,-0.6917098635703373
A3_CLEAN,E0_I0014_residual_heterogeneity,tm_roster_churn_prior|fga_sqres,tm_roster_churn_prior,fga_sqres,9517,24,2000,-0.5449059935929829,3.120803820512505e-05,-0.017252484682874047,1.0379446073803005,0.8226437694371816,0.6328866352407061,1.2998280001983376,2000.0,0.5985,2.369454936549191,6.006813194150232,0.001105087881367572,0.00497420229975673,ANALYTIC,True,-0.43884285175111437
A3_CLEAN,E0_I0014_residual_heterogeneity,tm_newfaces_prior|pts_absres,tm_newfaces_prior,pts_absres,9517,24,2000,8.501699876942167,0.0075398287015814225,-0.003292624782041532,0.9901139185171242,0.7849982534492006,0.6031632409744522,1.3014689890268865,2000.0,0.0,2.2744995618088963,6.006813194150232,0.0010148601129302151,0.004916166941948068,ANALYTIC,False,12.793720006919019
A3_CLEAN,E0_I0014_residual_heterogeneity,tm_newfaces_prior|pts_sqres,tm_newfaces_prior,pts_sqres,9517,24,2000,9.090877095920955,0.008611765318561976,-0.021941028728902898,0.973904257595081,0.7768890489421532,0.5874628744867496,1.3224479072331168,2000.0,0.0,2.1507040462928613,6.006813194150232,0.0009270835002854162,0.004896576213863474,ANALYTIC,False,14.152363337415167
A3_CLEAN,E0_I0014_residual_heterogeneity,tm_newfaces_prior|minutes_absres,tm_newfaces_prior,minutes_absres,9517,24,2000,16.009317367802446,0.026232386793062997,-0.03799235334367233,1.0270606720414213,0.8155392975161274,0.625188532134105,1.3044693809917671,2000.0,0.0,2.2968021710272635,6.006813194150232,0.0010500340777074835,0.004960966349523438,ANALYTIC,False,24.302713964412906
A3_CLEAN,E0_I0014_residual_heterogeneity,tm_newfaces_prior|minutes_sqres,tm_newfaces_prior,minutes_sqres,9517,24,2000,16.401986910201966,0.02749918044786896,-0.04270681985737046,1.0100636837130432,0.8040821085829573,0.6125209848902856,1.312742140135793,2000.0,0.0,2.262482707333134,6.006813194150232,0.0010179799678693056,0.004940331588099827,ANALYTIC,False,25.46509456229144
A3_CLEAN,E0_I0014_residual_heterogeneity,tm_newfaces_prior|fga_absres,tm_newfaces_prior,fga_absres,9517,24,2000,13.682455251622688,0.01929755048953465,-0.0418384310175523,0.9598866127431575,0.7626068560736231,0.5841861794792244,1.3054174899403692,2000.0,0.0,2.1429728406445414,6.006813194150232,0.0009149332867657437,0.0048796662562314895,ANALYTIC,False,22.11597749037221
A3_CLEAN,E0_I0014_residual_heterogeneity,tm_newfaces_prior|fga_sqres,tm_newfaces_prior,fga_sqres,9517,24,2000,15.634771809265114,0.025049694109610044,-0.051900291197617486,0.9577707539145565,0.7685396008956116,0.5736472891361984,1.3397424087070702,2000.0,0.0,2.1209217063223385,6.006813194150232,0.0009002143721191033,0.00487711636505645,ANALYTIC,False,25.915283641896337
A3_CLEAN,E0_I0014_residual_heterogeneity,tm_five_tenure_prior|pts_absres,tm_five_tenure_prior,pts_absres,9517,24,2000,-3.868603940160838,0.0015705897465003885,0.030675870123930388,1.0300512899461942,0.8258826869016279,0.6160549613724269,1.340599035290218,2000.0,0.0005,2.257338336503962,6.006813194150232,0.001025632725295814,0.004964601482059525,ANALYTIC,False,4.939041877823264
A3_CLEAN,E0_I0014_residual_heterogeneity,tm_five_tenure_prior|pts_sqres,tm_five_tenure_prior,pts_sqres,9517,24,2000,-3.085717053625215,0.0009998034430150778,0.011453572827879758,1.021145967067489,0.8148215584022678,0.6153080779772058,1.3242497336959276,2000.0,0.002,2.2850436653905604,6.006813194150232,0.0010389450428700592,0.004953780873764037,ANALYTIC,False,3.6906641997751786
A3_CLEAN,E0_I0014_residual_heterogeneity,tm_five_tenure_prior|minutes_absres,tm_five_tenure_prior,minutes_absres,9517,24,2000,-6.788312188757829,0.004820166428817385,0.08070915930427867,1.9027258532066507,1.5622056056631182,1.0886577476419441,1.4349832250281493,2000.0,0.0,4.0445260420665905,6.006813194150232,0.0033493950511702766,0.006082223356197886,ANALYTIC,False,4.8005046530138324
A3_CLEAN,E0_I0014_residual_heterogeneity,tm_five_tenure_prior|minutes_sqres,tm_five_tenure_prior,minutes_sqres,9517,24,2000,-5.817429113944795,0.0035445161104574853,0.06225519663649065,1.6357207976881776,1.3400673387159325,0.9395644547464591,1.426264405753354,2000.0,0.0,3.4472591362973195,6.006813194150232,0.0024451161416554714,0.005728237612484287,ANALYTIC,False,4.765358834734841
A3_CLEAN,E0_I0014_residual_heterogeneity,tm_five_tenure_prior|fga_absres,tm_five_tenure_prior,fga_absres,9517,24,2000,-4.412912856912716,0.0020426761840940497,0.05885529584632622,1.2450978878416001,1.0053920899820532,0.7364886387043649,1.3651155457750779,2000.0,0.0,2.7609726969451818,6.006813194150232,0.00152437926555132,0.005229483012026759,ANALYTIC,False,4.626711924470679
A3_CLEAN,E0_I0014_residual_heterogeneity,tm_five_tenure_prior|fga_sqres,tm_five_tenure_prior,fga_sqres,9517,24,2000,-4.244497726461075,0.0018900263492785277,0.04811069964174048,1.142678320036681,0.9184604029879094,0.6812033710941325,1.348291041943466,2000.0,0.0,2.527955012655173,6.006813194150232,0.0012795742797100476,0.005102470180925934,ANALYTIC,False,4.88259081591297
A3_CLEAN,E0_I0014_residual_heterogeneity,tm_five_changed_prior|pts_absres,tm_five_changed_prior,pts_absres,9517,24,2000,0.8539320150991802,7.663905835803587e-05,0.009264608683721242,0.9888945829169065,0.7950053046353678,0.5879190104354897,1.3522360912372657,2000.0,0.398,2.1758543384491684,6.006813194150232,0.0009508080470846065,0.004914691912706212,ANALYTIC,False,0.10022929930461603
A3_CLEAN,E0_I0014_residual_heterogeneity,tm_five_changed_prior|pts_sqres,tm_five_changed_prior,pts_sqres,9517,24,2000,0.16212397457113636,2.762677161660498e-06,0.021001440892593346,0.9858423517284772,0.7850312764837728,0.5964428114797009,1.3161886795755107,2000.0,0.865,2.2022071226796163,6.006813194150232,0.0009659027331425477,0.00491100060159645,ANALYTIC,True,-1.0443705413554745
A3_CLEAN,E0_I0014_residual_heterogeneity,tm_five_changed_prior|minutes_absres,tm_five_changed_prior,minutes_absres,9517,24,2000,2.1562401860939686,0.0004884486820083695,-0.0035318443945791395,1.3530549200941064,1.0856667692362016,0.8071605367890601,1.3450444115554243,2000.0,0.107,3.0380514841630157,6.006813194150232,0.0018331146468104798,0.005365053348074706,ANALYTIC,False,1.3263450925346045
A3_CLEAN,E0_I0014_residual_heterogeneity,tm_five_changed_prior|minutes_sqres,tm_five_changed_prior,minutes_sqres,9517,24,2000,2.165835597501207,0.0004928034655565148,0.004280068971140773,1.2386080464098896,0.9923535441618082,0.7408846300757255,1.3394171020397336,2000.0,0.083,2.8110920552979226,6.006813194150232,0.001560334170310121,0.005221388476120221,ANALYTIC,False,1.5838930998196818
A3_CLEAN,E0_I0014_residual_heterogeneity,tm_five_changed_prior|fga_absres,tm_five_changed_prior,fga_absres,9517,24,2000,0.6283991227278948,4.1504001273713876e-05,-0.00955314349446324,1.0829358442585357,0.8647761514124575,0.6516359819592022,1.327084715015936,2000.0,0.569,2.397024327087781,6.006813194150232,0.0011501330023418544,0.005029103231044823,ANALYTIC,True,-0.3627439785842916
A3_CLEAN,E0_I0014_residual_heterogeneity,tm_five_changed_prior|fga_sqres,tm_five_changed_prior,fga_sqres,9517,24,2000,0.46388417131916665,2.2617580130023932e-05,0.000415811891452269,1.0295229656283842,0.8185647326822484,0.6241268272110048,1.3115358882105994,2000.0,0.649,2.2765057384063456,6.006813194150232,0.0010379622109167972,0.004963959200585984,ANALYTIC,True,-0.5682828327505483
A3_CLEAN,E0_I0014_residual_heterogeneity,tm_prior_meetings|pts_absres,tm_prior_meetings,pts_absres,9517,24,2000,-3.218839949669665,0.0010878347321213264,0.01566159572801821,1.0137353925402095,0.8087710934271483,0.6111194268389288,1.323425598840133,2000.0,0.0005,2.2904399332326726,6.006813194150232,0.0010383896215085898,0.004944785491345498,ANALYTIC,False,3.9436953734375924
A3_CLEAN,E0_I0014_residual_heterogeneity,tm_prior_meetings|pts_sqres,tm_prior_meetings,pts_sqres,9517,24,2000,-2.8564508391474406,0.0008568761695365465,0.007650042232511064,1.0114039732744529,0.802939098508931,0.6147868222457279,1.3060447450319606,2000.0,0.0035,2.2513689746793384,6.006813194150232,0.0010114587065909197,0.004941957170732341,ANALYTIC,False,3.3402012963409433
A3_CLEAN,E0_I0014_residual_heterogeneity,tm_prior_meetings|minutes_absres,tm_prior_meetings,minutes_absres,9517,24,2000,-4.801113592667485,0.0024169622742684365,0.05104210794232509,1.16290756822997,0.935622206960467,0.6921949037362378,1.351674509462999,2000.0,0.0,2.510893052832409,6.006813194150232,0.0012795474428170463,0.005127433184118331,ANALYTIC,False,5.58439734942049
A3_CLEAN,E0_I0014_residual_heterogeneity,tm_prior_meetings|minutes_sqres,tm_prior_meetings,minutes_sqres,9517,24,2000,-5.543717984540366,0.0032198710751589377,0.03821659672653449,1.1142392659193308,0.890683772426828,0.6702804942088963,1.3288224558556851,2000.0,0.0,2.541058930305013,6.006813194150232,0.001271643670662324,0.00506747924582554,ANALYTIC,False,6.941920960426152
A3_CLEAN,E0_I0014_residual_heterogeneity,tm_prior_meetings|fga_absres,tm_prior_meetings,fga_absres,9517,24,2000,-4.5864116012198,0.002206092688462409,0.033031710036567026,1.0226527971638883,0.8141242299252309,0.6195002474335473,1.3141628809640802,2000.0,0.0,2.3125314518726583,6.006813194150232,0.0010580341447722083,0.004955610951053831,ANALYTIC,False,6.089242719308544
A3_CLEAN,E0_I0014_residual_heterogeneity,tm_prior_meetings|fga_sqres,tm_prior_meetings,fga_sqres,9517,24,2000,-4.514425195315397,0.0021375312049255243,0.02843465718670708,1.0082209997497862,0.8037232178366589,0.6091176902407156,1.3194875649056221,2000.0,0.0,2.262523536896021,6.006813194150232,0.0010169924960080953,0.004938097108287886,ANALYTIC,False,6.091929420096657
A3_CLEAN,E0_I0014_residual_heterogeneity,tm_first_meeting|pts_absres,tm_first_meeting,pts_absres,9517,24,2000,4.2455595293082995,0.0018909702965542723,-0.03097096423264889,1.0051916068776288,0.8017692502866708,0.6068066731204285,1.3212927375430321,2000.0,0.0,2.264873945451196,6.006813194150232,0.0010168622697410042,0.0049344246972027215,ANALYTIC,False,5.67526764547984
A3_CLEAN,E0_I0014_residual_heterogeneity,tm_first_meeting|pts_sqres,tm_first_meeting,pts_sqres,9517,24,2000,3.641911890066191,0.0013921649363511832,-0.036405730990374224,1.0209779750488568,0.815299634643429,0.6153665968718192,1.3249006994984096,2000.0,0.0005,2.283494579644192,6.006813194150232,0.0010378282636596867,0.0049535768648151434,ANALYTIC,False,4.593379409593702
A3_CLEAN,E0_I0014_residual_heterogeneity,tm_first_meeting|minutes_absres,tm_first_meeting,minutes_absres,9517,24,2000,6.206259723529127,0.004032199795680185,-0.006935121508628077,1.0138560646884398,0.8086666710022935,0.6112964261520739,1.3228715830920288,2000.0,0.0,2.324848637499384,6.006813194150232,0.0010613133741810947,0.004944931904680155,ANALYTIC,False,8.829747437757895
A3_CLEAN,E0_I0014_residual_heterogeneity,tm_first_meeting|minutes_sqres,tm_first_meeting,minutes_sqres,9517,24,2000,6.729612739451878,0.0047375588122145875,-0.009921902816853614,0.9943496554636873,0.796562053660711,0.594980009017947,1.3388047356002568,2000.0,0.0,2.1367081200959954,6.006813194150232,0.0009290891836655396,0.004921292629081423,ANALYTIC,False,9.971848794691523
A3_CLEAN,E0_I0014_residual_heterogeneity,tm_first_meeting|fga_absres,tm_first_meeting,fga_absres,9517,24,2000,5.255662993547003,0.002894894968649054,-0.011787319955466368,0.9950677267242175,0.7952480653799212,0.5979656660443199,1.3299226202077281,2000.0,0.0,2.2357714493311924,6.006813194150232,0.0009924150247464386,0.004922161835571161,ANALYTIC,False,7.459316113705575
A3_CLEAN,E0_I0014_residual_heterogeneity,tm_first_meeting|fga_sqres,tm_first_meeting,fga_sqres,9517,24,2000,4.930792854388982,0.002548953771097452,-0.016592191146312756,1.009686802700297,0.8090820586182308,0.6039881040810592,1.3395662152141439,2000.0,0.0,2.273712698622143,6.006813194150232,0.0010251306330234728,0.004939874532633196,ANALYTIC,False,6.824158899688511
A3_CLEAN,E0_I0014_residual_heterogeneity,tm_is_home|pts_absres,tm_is_home,pts_absres,9517,24,2000,0.8631496623538047,7.830239669912302e-05,-0.02017393945294961,0.9871613884203994,0.7868425834802699,0.5962078761267918,1.3197453690010243,2000.0,0.3905,2.2302552731309686,6.006813194150232,0.0009845704791592949,0.004912595649661547,ANALYTIC,False,0.12798737140015085
A3_CLEAN,E0_I0014_residual_heterogeneity,tm_is_home|pts_sqres,tm_is_home,pts_sqres,9517,24,2000,1.1466217806251329,0.00013817110032822666,4.248826122863036e-06,0.9923195243858556,0.7944726609093046,0.5943025141146682,1.3368152448300334,2000.0,0.2515,2.2253049875635225,6.006813194150232,0.0009841787004967722,0.004918835623728053,ANALYTIC,False,0.5925418643742816
A3_CLEAN,E0_I0014_residual_heterogeneity,tm_is_home|minutes_absres,tm_is_home,minutes_absres,9517,24,2000,-0.63438952410228,4.2299037738040235e-05,-0.01665579492359369,1.0431541427682647,0.8340874822611962,0.6264169273055518,1.3315213013941234,2000.0,0.5505,2.2896485689214474,6.006813194150232,0.0010542840839918625,0.0049805438540141776,ANALYTIC,True,-0.31879400037590006
A3_CLEAN,E0_I0014_residual_heterogeneity,tm_is_home|minutes_sqres,tm_is_home,minutes_sqres,9517,24,2000,-0.1566896336941133,2.5805736756230578e-06,-0.017577287825670886,1.0414714243817955,0.8291501986488227,0.6301887610114297,1.3157172103768833,2000.0,0.8715,2.3193978409346996,6.006813194150232,0.001073228894089962,0.00497849504347617,ANALYTIC,True,-1.067078003542042
A3_CLEAN,E0_I0014_residual_heterogeneity,tm_is_home|fga_absres,tm_is_home,fga_absres,9517,24,2000,1.6611873215067972,0.0002899666955516658,-0.03069804036534395,1.0038415171871886,0.7962338017669341,0.6118293985625258,1.3013984022959026,2000.0,0.1,2.238972695410997,6.006813194150232,0.0009992633350533809,0.00493278847786151,ANALYTIC,False,1.4137168331107404
A3_CLEAN,E0_I0014_residual_heterogeneity,tm_is_home|fga_sqres,tm_is_home,fga_sqres,9517,24,2000,1.1453660017653764,0.00013786865810068376,-0.024756549174752472,1.011086383073635,0.8000771751985999,0.618437676110369,1.2937070396982326,2000.0,0.259,2.328282626027288,6.006813194150232,0.0010620501563876703,0.004941571954336032,ANALYTIC,False,0.5583243710804495
A3_CLEAN,E0_I0014_residual_heterogeneity,tm_game_idx|pts_absres,tm_game_idx,pts_absres,9517,24,2000,-5.964917670244597,0.0037258436400462837,0.009281197406013008,1.0022470193873125,0.8029033604424134,0.5996740591613091,1.3388996041705328,2000.0,0.0,2.2036191736215027,6.006813194150232,0.0009756236903652833,0.004930856401516542,ANALYTIC,False,8.608033365694796
A3_CLEAN,E0_I0014_residual_heterogeneity,tm_game_idx|pts_sqres,tm_game_idx,pts_sqres,9517,24,2000,-5.406475451515063,0.003062901855961788,-0.001288599171593443,1.004184329645906,0.7987839104253727,0.6082868617756957,1.313169756936033,2000.0,0.0,2.270887117911458,6.006813194150232,0.001020241965684131,0.004933203918170081,ANALYTIC,False,7.574866120959827
A3_CLEAN,E0_I0014_residual_heterogeneity,tm_game_idx|minutes_absres,tm_game_idx,minutes_absres,9517,24,2000,-9.937077307728883,0.010272351989773035,0.05411030440743815,1.1057123472959887,0.8864166837187415,0.6628737313586354,1.3372330834440058,2000.0,0.0,2.4456032196143886,6.006813194150232,0.0011977185393571906,0.005057011328172159,ANALYTIC,False,13.653672178952966
A3_CLEAN,E0_I0014_residual_heterogeneity,tm_game_idx|minutes_sqres,tm_game_idx,minutes_sqres,9517,24,2000,-10.292700665890584,0.011012510519251366,0.037949095703180405,1.0836206767787007,0.8648748124608482,0.6536757551636011,1.323094524508391,2000.0,0.0,2.412492795530038,6.006813194150232,0.001161315560013544,0.005029941231753356,ANALYTIC,False,14.4227864946133
A3_CLEAN,E0_I0014_residual_heterogeneity,tm_game_idx|fga_absres,tm_game_idx,fga_absres,9517,24,2000,-7.887791580849152,0.006497059784622573,0.03895504616325654,1.0000505034010885,0.7967550614332165,0.6053784502972246,1.316127227591321,2000.0,0.0,2.2761083274903333,6.006813194150232,0.0010213830675916936,0.004928195470674325,ANALYTIC,False,11.713394350153076
A3_CLEAN,E0_I0014_residual_heterogeneity,tm_game_idx|fga_sqres,tm_game_idx,fga_sqres,9517,24,2000,-7.8371880081611796,0.006414497343373721,0.03667263909769407,0.991590531877138,0.7874274758240604,0.6035272424330562,1.3047090842985476,2000.0,0.0,2.2603187818608865,6.006813194150232,0.001006427808272766,0.004917953496164261,ANALYTIC,False,11.680931756977126
A3_CLEAN,E0_I0014_residual_heterogeneity,opp_game_idx|pts_absres,opp_game_idx,pts_absres,9517,24,2000,-5.97794179474213,0.0037420708692119243,0.006691312892004913,1.0015604836686718,0.8036212331866093,0.5975266077830816,1.34491288374282,2000.0,0.0,2.2054062859842682,6.006813194150232,0.000976398231881756,0.004930024632682132,ANALYTIC,False,8.659565104143345
A3_CLEAN,E0_I0014_residual_heterogeneity,opp_game_idx|pts_sqres,opp_game_idx,pts_sqres,9517,24,2000,-5.387547184539543,0.003041557854456122,-0.0039732903961419205,1.0054990782131596,0.8026136306662401,0.605419933304578,1.325713916100045,2000.0,0.0,2.249559066685968,6.006813194150232,0.0010070431758856084,0.004934797370041743,ANALYTIC,False,7.573146012631681
A3_CLEAN,E0_I0014_residual_heterogeneity,opp_game_idx|minutes_absres,opp_game_idx,minutes_absres,9517,24,2000,-9.859395334073321,0.010113991875621122,0.05097987110904845,1.1039385248483151,0.8846861485510414,0.6619814212137586,1.3364214163729073,2000.0,0.0,2.4446880362564545,6.006813194150232,0.0011960106035432845,0.00505483508699465,ANALYTIC,False,13.55734299773389
A3_CLEAN,E0_I0014_residual_heterogeneity,opp_game_idx|minutes_sqres,opp_game_idx,minutes_sqres,9517,24,2000,-10.18888904334548,0.01079387330291167,0.035221374843577506,1.0837654130726293,0.865861304177641,0.6524552037552622,1.327081612950746,2000.0,0.0,2.451384189701578,6.006813194150232,0.0011887317774009404,0.005030118348396092,ANALYTIC,False,14.289146113799612
A3_CLEAN,E0_I0014_residual_heterogeneity,opp_game_idx|fga_absres,opp_game_idx,fga_absres,9517,24,2000,-7.777016100621947,0.006316997573265829,0.034567332254636624,1.0025744034625659,0.801190297930342,0.6034268188317584,1.32773399014889,2000.0,0.0,2.251550844258577,6.006813194150232,0.001006737625305608,0.004931253066722041,ANALYTIC,False,11.560350957216134
A3_CLEAN,E0_I0014_residual_heterogeneity,opp_game_idx|fga_sqres,opp_game_idx,fga_sqres,9517,24,2000,-7.7514201924143995,0.006275745206263625,0.032557538106072356,0.9949967211001479,0.7916692820004371,0.6033450253352428,1.3121336030914545,2000.0,0.0,2.2666160353976506,6.006813194150232,0.0010123967544216437,0.004922075881699794,ANALYTIC,False,11.535275204344055
A3_CLEAN,E0_I0014_residual_heterogeneity,tm_poss_mean_prior|pts_absres,tm_poss_mean_prior,pts_absres,9517,24,2000,4.867803789283452,0.0024844066050178503,-0.009999778862579628,1.0918742921290416,0.8730180148618087,0.6555515161118729,1.3317306014937569,2000.0,0.0,2.3821231246191736,6.006813194150232,0.0011450087262347656,0.005040046324050962,ANALYTIC,False,6.093778560859762
A3_CLEAN,E0_I0014_residual_heterogeneity,tm_poss_mean_prior|pts_sqres,tm_poss_mean_prior,pts_sqres,9517,24,2000,5.296656854478418,0.0029400978182438677,-0.0029105407634154546,1.099080816867602,0.8743595096423041,0.6656576611832112,1.3135272988342444,2000.0,0.0,2.418279427609492,6.006813194150232,0.0011744859246017145,0.005048877731332549,ANALYTIC,False,6.643501010677844
A3_CLEAN,E0_I0014_residual_heterogeneity,tm_poss_mean_prior|minutes_absres,tm_poss_mean_prior,minutes_absres,9517,24,2000,6.718826896281873,0.0047224564572941885,-0.04894552929863197,2.460390221880662,1.9936660166979232,1.4419515854540919,1.3826164739574722,2000.0,0.0045,5.454574334504189,6.006813194150232,0.005950405007438447,0.006855783171320423,ANALYTIC,False,3.276920617342313
A3_CLEAN,E0_I0014_residual_heterogeneity,tm_poss_mean_prior|minutes_sqres,tm_poss_mean_prior,minutes_sqres,9517,24,2000,8.02424588630873,0.006722270859629214,-0.03709671176669421,2.063804467668185,1.6688897641480174,1.2141167148059688,1.3745711131361262,2000.0,0.0,4.511004760586591,6.006813194150232,0.004101800409652749,0.006300907772522863,ANALYTIC,False,5.23455121295845
A3_CLEAN,E0_I0014_residual_heterogeneity,tm_poss_mean_prior|fga_absres,tm_poss_mean_prior,fga_absres,9517,24,2000,6.8785689524337466,0.004948556999151638,-0.026138190871928847,1.3808438835294994,1.1171325517627306,0.8116673792551422,1.376342797942564,2000.0,0.0,3.049368190668768,6.006813194150232,0.0018637033400833735,0.0054002309448444395,ANALYTIC,False,7.098272701261223
A3_CLEAN,E0_I0014_residual_heterogeneity,tm_poss_mean_prior|fga_sqres,tm_poss_mean_prior,fga_sqres,9517,24,2000,8.29506079157654,0.0071803623003977215,-0.026230482059403076,1.1812311148482544,0.9530381321885588,0.6980395974697543,1.365306689825506,2000.0,0.0,2.59749241023298,6.006813194150232,0.0013554575360148228,0.005150097118468933,ANALYTIC,False,10.518060416631462
A3_CLEAN,E0_I0014_residual_heterogeneity,opp_poss_mean_prior|pts_absres,opp_poss_mean_prior,pts_absres,9517,24,2000,4.126357152197132,0.0017864626407072314,-0.007482162968819556,1.0005303505282812,0.8060802533671431,0.5924749556039012,1.360530509758876,2000.0,0.0,2.2694189584566944,6.006813194150232,0.0010172689427106827,0.004928776711768209,ANALYTIC,False,5.604079746199025
A3_CLEAN,E0_I0014_residual_heterogeneity,opp_poss_mean_prior|pts_sqres,opp_poss_mean_prior,pts_sqres,9517,24,2000,3.7681832295247855,0.0014902296379405917,-0.014144436165795745,1.0097924974030996,0.8056520878494429,0.6086715586579714,1.3236236791247216,2000.0,0.0,2.2989773324902987,6.006813194150232,0.0010418403095578533,0.004940002709792755,ANALYTIC,False,4.867208101865767
A3_CLEAN,E0_I0014_residual_heterogeneity,opp_poss_mean_prior|minutes_absres,opp_poss_mean_prior,minutes_absres,9517,24,2000,5.595122155329437,0.0032796637349617893,-0.012083816979101476,1.0606031219513516,0.8404818054832524,0.6467318046143657,1.2995832267510272,2000.0,0.0,2.424579218591187,6.006813194150232,0.0011562310788718814,0.005001813878499696,ANALYTIC,False,7.351796085985425
A3_CLEAN,E0_I0014_residual_heterogeneity,opp_poss_mean_prior|minutes_sqres,opp_poss_mean_prior,minutes_sqres,9517,24,2000,6.249539334025499,0.004088402585978416,-0.014925101331091015,1.0382959580921398,0.8267634279415259,0.6280140611808149,1.3164727974195596,2000.0,0.0,2.310228406174867,6.006813194150232,0.0010652902759039206,0.0049746298710477525,ANALYTIC,False,8.634800144264084
A3_CLEAN,E0_I0014_residual_heterogeneity,opp_poss_mean_prior|fga_absres,opp_poss_mean_prior,fga_absres,9517,24,2000,6.396476187867168,0.004282079748226051,-0.04816704678248525,1.0098432558045674,0.8023615927313661,0.6148157835665207,1.3050439077489195,2000.0,0.0,2.1712931121731494,6.006813194150232,0.0009590880755827126,0.004940064265670412,ANALYTIC,False,9.098846751598627
A3_CLEAN,E0_I0014_residual_heterogeneity,opp_poss_mean_prior|fga_sqres,opp_poss_mean_prior,fga_sqres,9517,24,2000,6.418697530093941,0.004311754790197342,-0.048804052144948054,1.0026264637629485,0.7982623645377307,0.6083594985146453,1.312155668624797,2000.0,0.0,2.1678157357508625,6.006813194150232,0.0009530335615456317,0.004931316145511279,ANALYTIC,False,9.238674138036668
A3_CLEAN,E0_I0014_residual_heterogeneity,pts__pred_point|pts_absres,pts__pred_point,pts_absres,9517,311,2000,32.008989697935235,0.09722143463470048,-0.02464905864362902,2.046975705762999,1.6352252571334294,1.2310232040068396,1.3283464128141194,2000.0,0.0,4.546727059641102,6.006813194150232,0.0041301561872037085,0.006277879941969389,ANALYTIC,False,24.67359213208872
A3_CLEAN,E0_I0014_residual_heterogeneity,pts__pred_point|pts_sqres,pts__pred_point,pts_sqres,9517,311,2000,25.04774380063718,0.061864251579043704,-0.019000035119441525,1.9452349435800151,1.5320816583385912,1.1982703099120426,1.278577667881174,2000.0,0.0,4.298876700697402,6.006813194150232,0.003702471918977523,0.006139559640955191,ANALYTIC,False,19.624672286192855
A3_CLEAN,E0_I0014_residual_heterogeneity,pts__pred_point|minutes_absres,pts__pred_point,minutes_absres,9517,311,2000,-10.945582807245408,0.012435976569280601,0.02385653408885986,1.5661269601349135,1.249594149006177,0.9439578399610161,1.3237817369659044,2000.0,0.0,3.4639540702721665,6.006813194150232,0.0024028479987258473,0.005637716073330717,ANALYTIC,False,10.27163316810808
A3_CLEAN,E0_I0014_residual_heterogeneity,pts__pred_point|minutes_sqres,pts__pred_point,minutes_sqres,9517,311,2000,-8.142843557225856,0.006921063051772362,0.018753731129181463,1.4333057712451776,1.1370707283924497,0.872433769734647,1.30333186063888,2000.0,0.0,3.180281162609412,6.006813194150232,0.0020218660615860624,0.005466954943057245,ANALYTIC,False,8.030148616283194
A3_CLEAN,E0_I0014_residual_heterogeneity,pts__pred_point|fga_absres,pts__pred_point,fga_absres,9517,311,2000,23.077569927897418,0.05301053089185958,0.022011307032631662,1.771183249109882,1.4156758472794622,1.0641589012111157,1.3303237379946606,2000.0,0.0,3.940867394817789,6.006813194150232,0.0030998790414974455,0.005906502651526503,ANALYTIC,False,20.35588299450827
A3_CLEAN,E0_I0014_residual_heterogeneity,pts__pred_point|fga_sqres,pts__pred_point,fga_sqres,9517,311,2000,18.398217554840574,0.03435621428816342,0.040868257902460174,1.6854667301293942,1.3581844925232391,0.9984394016246638,1.3603073860198194,2000.0,0.0,3.838751460820895,6.006813194150232,0.002904166382196998,0.005793384594652576,ANALYTIC,False,17.066667275539945
A3_CLEAN,E0_I0014_residual_heterogeneity,pts__pred_sd|pts_absres,pts__pred_sd,pts_absres,9517,311,0,,,,,,,,,,,,,,,,
A3_CLEAN,E0_I0014_residual_heterogeneity,pts__pred_sd|pts_sqres,pts__pred_sd,pts_sqres,9517,311,0,,,,,,,,,,,,,,,,
A3_CLEAN,E0_I0014_residual_heterogeneity,pts__pred_sd|minutes_absres,pts__pred_sd,minutes_absres,9517,311,0,,,,,,,,,,,,,,,,
A3_CLEAN,E0_I0014_residual_heterogeneity,pts__pred_sd|minutes_sqres,pts__pred_sd,minutes_sqres,9517,311,0,,,,,,,,,,,,,,,,
A3_CLEAN,E0_I0014_residual_heterogeneity,pts__pred_sd|fga_absres,pts__pred_sd,fga_absres,9517,311,0,,,,,,,,,,,,,,,,
A3_CLEAN,E0_I0014_residual_heterogeneity,pts__pred_sd|fga_sqres,pts__pred_sd,fga_sqres,9517,311,0,,,,,,,,,,,,,,,,
A3_CLEAN,E0_I0014_residual_heterogeneity,pts__pred_width|pts_absres,pts__pred_width,pts_absres,9517,311,2000,33.37411549768222,0.10480327772583493,-0.04403152594511829,1.8961365188726516,1.5139670289347278,1.1419416172719314,1.3257832152151134,2000.0,0.0,4.224830908149343,6.006813194150232,0.0035599536541218,0.0060733597375995955,ANALYTIC,False,27.899980162611595
A3_CLEAN,E0_I0014_residual_heterogeneity,pts__pred_width|pts_sqres,pts__pred_width,pts_sqres,9517,311,2000,22.99683018821149,0.05265975072839419,-0.04888477838209925,1.808538231854541,1.4425124914115168,1.0914752510261132,1.3216172240785011,2000.0,0.0,4.13171462642498,6.006813194150232,0.003358796581842304,0.005956141304140346,ANALYTIC,False,19.747875800698566
A3_CLEAN,E0_I0014_residual_heterogeneity,pts__pred_width|minutes_absres,pts__pred_width,minutes_absres,9517,311,2000,2.886079404232197,0.0008747286436038343,0.0006246360579730581,1.469417449319383,1.1829463971459,0.8712782684678823,1.3577136489655333,2000.0,0.051,3.259977240716995,6.006813194150232,0.002124623577935079,0.005513121878473351,ANALYTIC,False,1.954752079471932
A3_CLEAN,E0_I0014_residual_heterogeneity,pts__pred_width|minutes_sqres,pts__pred_width,minutes_sqres,9517,311,2000,3.491021405256025,0.0012793397985080412,-0.005266088844035909,1.3572280964272447,1.0812148393621464,0.8200521430202434,1.31847084184189,2000.0,0.0105,2.9775049877155952,6.006813194150232,0.0017833941686348942,0.005370328769070216,ANALYTIC,False,2.9386016321091324
A3_CLEAN,E0_I0014_residual_heterogeneity,pts__pred_width|fga_absres,pts__pred_width,fga_absres,9517,311,2000,28.079219840292332,0.07652967538461587,-0.00802025891740604,1.6186675489001432,1.3042310437916804,0.958268981147124,1.3610281345331792,2000.0,0.0,3.6109320507614595,6.006813194150232,0.002598832253512142,0.005705989561157339,ANALYTIC,False,27.940994984987267
A3_CLEAN,E0_I0014_residual_heterogeneity,pts__pred_width|fga_sqres,pts__pred_width,fga_sqres,9517,311,2000,21.37947575466588,0.045840760741781686,0.013243292613040787,1.5496615829079967,1.2403741603363891,0.9286165988140509,1.3357225812251128,2000.0,0.0,3.3753617837977976,6.006813194150232,0.0023009941594290826,0.005616404823244578,ANALYTIC,False,21.68720828385947
A3_CLEAN,E0_I0014_residual_heterogeneity,pts__pred_iqr|pts_absres,pts__pred_iqr,pts_absres,9517,311,2000,23.834389889580255,0.05634534204563918,-0.0037734036267118567,1.8119428114717722,1.4366180598569152,1.103742314076992,1.301588279741084,2000.0,0.0,4.156071803215391,6.006813194150232,0.003391218954557708,0.005960675760956639,ANALYTIC,False,20.292573315406095
A3_CLEAN,E0_I0014_residual_heterogeneity,pts__pred_iqr|pts_sqres,pts__pred_iqr,pts_sqres,9517,311,2000,14.736167375355361,0.02231540214860516,-0.005406167236821181,1.727554990195237,1.3751429762657377,1.0452326526408682,1.3156333882139286,2000.0,0.0,3.858002299969865,6.006813194150232,0.0029648844132415257,0.00584879080658853,ANALYTIC,False,12.782823388966918
A3_CLEAN,E0_I0014_residual_heterogeneity,pts__pred_iqr|minutes_absres,pts__pred_iqr,minutes_absres,9517,311,2000,5.852487817551631,0.0035872131402159215,-0.01756180712407942,1.4322722957798597,1.144502478053436,0.8609130663120184,1.3294053985685905,2000.0,0.0,3.14492003540935,6.006813194150232,0.001988604831952642,0.005465636554643717,ANALYTIC,False,5.468595522270645
A3_CLEAN,E0_I0014_residual_heterogeneity,pts__pred_iqr|minutes_sqres,pts__pred_iqr,minutes_sqres,9517,311,2000,3.9025672307312074,0.001598243608439142,-0.015242173271853688,1.3260418577341355,1.053710375041075,0.8048344323942631,1.3092262614888914,2000.0,0.0045,2.925199618418013,6.006813194150232,0.001716034074582224,0.005330968132099441,ANALYTIC,False,3.539680636196448
A3_CLEAN,E0_I0014_residual_heterogeneity,pts__pred_iqr|fga_absres,pts__pred_iqr,fga_absres,9517,311,2000,20.332258414250447,0.041642393953331566,0.020902553921245744,1.5232113225455532,1.2149144529226528,0.9186154596924018,1.3225495392048667,2000.0,0.0,3.403257597773748,6.006813194150232,0.0023065387684332137,0.005582254555636878,ANALYTIC,False,20.81104096346172
A3_CLEAN,E0_I0014_residual_heterogeneity,pts__pred_iqr|fga_sqres,pts__pred_iqr,fga_sqres,9517,311,2000,13.531198044545139,0.018881257967606223,0.04668715103896663,1.4636528835977023,1.1659081206972095,0.8856854900810688,1.3163906756454724,2000.0,0.0,3.2833847932512783,6.006813194150232,0.002142194712966763,0.005505739155530478,ANALYTIC,False,13.961265101809566
A3_CLEAN,E0_I0014_residual_heterogeneity,pts__pred_cv|pts_absres,pts__pred_cv,pts_absres,9517,311,2000,-17.57349165586494,0.031439787123665325,0.025514963189914943,1.6416281390967826,1.2986437636005692,1.004128976630799,1.2933037426705576,2000.0,0.0,3.626014999290286,6.006813194150232,0.0026349164043391314,0.005735954557793457,ANALYTIC,False,16.20792574562695
A3_CLEAN,E0_I0014_residual_heterogeneity,pts__pred_cv|pts_sqres,pts__pred_cv,pts_sqres,9517,311,2000,-11.261510611675504,0.013154648663683741,0.025624394464940484,1.5752368335571412,1.2277557629313214,0.9868585193955136,1.2441051465851114,2000.0,0.0,3.5452612853831225,6.006813194150232,0.0024930942417552998,0.005649524385313385,ANALYTIC,False,10.167369133004211
A3_CLEAN,E0_I0014_residual_heterogeneity,pts__pred_cv|minutes_absres,pts__pred_cv,minutes_absres,9517,311,2000,-3.9739978707852988,0.0016571881091205151,0.012393632756362684,1.3490444101464583,1.0848804307044153,0.8015735608360279,1.3534383913223174,2000.0,0.0025,3.004760505658371,6.006813194150232,0.0018010717674186378,0.005359986000663742,ANALYTIC,False,3.604307304082712
A3_CLEAN,E0_I0014_residual_heterogeneity,pts__pred_cv|minutes_sqres,pts__pred_cv,minutes_sqres,9517,311,2000,-2.5658853664982946,0.0006915298341617165,0.015575146317558531,1.2759134248987616,1.0190555424676002,0.7675962994252209,1.3275930892718908,2000.0,0.0455,2.8897598157870674,6.006813194150232,0.001650739775982257,0.005268003636821815,ANALYTIC,False,2.015160606153217
A3_CLEAN,E0_I0014_residual_heterogeneity,pts__pred_cv|fga_absres,pts__pred_cv,fga_absres,9517,311,2000,-14.906657187464246,0.022822891491725165,-0.009045323357554615,1.4332065654420503,1.1400093710701709,0.8682692071883563,1.3129676391055811,2000.0,0.0,3.3207721635550773,6.006813194150232,0.0021533709771232074,0.005466828380874571,ANALYTIC,False,15.855275878057983
A3_CLEAN,E0_I0014_residual_heterogeneity,pts__pred_cv|fga_sqres,pts__pred_cv,fga_sqres,9517,311,2000,-10.199269192864584,0.010815639496958702,-0.01984672361924808,1.391083338954401,1.099015086985334,0.8526831561535613,1.2888903446187112,2000.0,0.0,3.204100107306121,6.006813194150232,0.002011079869677281,0.005413221886239251,ANALYTIC,False,10.67249193349888
A3_CLEAN,E0_I0014_residual_heterogeneity,pts__is_fallback|pts_absres,pts__is_fallback,pts_absres,9517,311,2000,15.852035480484343,0.025732682319681448,0.007548772628456284,1.4934579485076314,1.1909325311547891,0.9008017805088802,1.3220805696920455,2000.0,0.0,3.4367266911876135,6.006813194150232,0.002314844472320272,0.005543964057128184,ANALYTIC,False,16.275614976079662
A3_CLEAN,E0_I0014_residual_heterogeneity,pts__is_fallback|pts_sqres,pts__is_fallback,pts_sqres,9517,311,2000,13.204139361402127,0.017995769035944804,-0.0019451695587510125,1.437956764077624,1.1444406599601602,0.8702435388740069,1.3150809041810667,2000.0,0.0,3.154009965682097,6.006813194150232,0.0020013091390481156,0.0054728901092839476,ANALYTIC,False,13.857843422825987
A3_CLEAN,E0_I0014_residual_heterogeneity,pts__is_fallback|minutes_absres,pts__is_fallback,minutes_absres,9517,311,2000,34.266691914070606,0.10985998543979936,0.009664957621940052,1.2032610551055885,0.9542875559049617,0.7326734097562826,1.30247330283543,2000.0,0.0,2.7097554962043207,6.006813194150232,0.001455984120056177,0.0051774115628756365,ANALYTIC,False,45.466921433994344
A3_CLEAN,E0_I0014_residual_heterogeneity,pts__is_fallback|minutes_sqres,pts__is_fallback,minutes_sqres,9517,311,2000,36.0281405660681,0.12005398461687844,0.006575427518983123,1.1508469314712932,0.9081787718735613,0.7066050065135083,1.2852707856609271,2000.0,0.0,2.5945497791056273,6.006813194150232,0.0013340205915563957,0.005112542959731748,ANALYTIC,False,49.70239592198976
A3_CLEAN,E0_I0014_residual_heterogeneity,pts__is_fallback|fga_absres,pts__is_fallback,fga_absres,9517,311,2000,24.713250399292274,0.060321989409337605,0.03175387942579143,1.3819796165728817,1.0955237573864816,0.8426765598646281,1.3000524869974692,2000.0,0.0,3.097445540583872,6.006813194150232,0.0019073528619428755,0.00540167109582631,ANALYTIC,False,28.027036429849037
A3_CLEAN,E0_I0014_residual_heterogeneity,pts__is_fallback|fga_sqres,pts__is_fallback,fga_sqres,9517,311,2000,24.782955871159846,0.06064208950086904,0.030387033319208688,1.3467925679589403,1.075163683243583,0.811306866384501,1.3252244345409407,2000.0,0.0,2.9840011956664223,6.006813194150232,0.001781415082796177,0.005357141809390637,ANALYTIC,False,29.221732454413218
A3_CLEAN,E0_I0014_residual_heterogeneity,pts__fallback_level|pts_absres,pts__fallback_level,pts_absres,9517,311,2000,15.686246849620426,0.025210744818303803,0.0018617366820447465,1.539701534217456,1.2236800520048567,0.9340997492902077,1.3100100422194652,2000.0,0.0,3.4846068853934615,6.006813194150232,0.0024012530264403524,0.005603533053470676,ANALYTIC,False,15.482893351170695
A3_CLEAN,E0_I0014_residual_heterogeneity,pts__fallback_level|pts_sqres,pts__fallback_level,pts_sqres,9517,311,2000,12.7769717028557,0.01686956407311536,-0.006716821881807219,1.4791909063271975,1.1701335774842436,0.9045182904183656,1.2936538596063363,2000.0,0.0,3.3082014807207907,6.006813194150232,0.0021783021260553,0.005525650121394861,ANALYTIC,False,12.83206569543548
A3_CLEAN,E0_I0014_residual_heterogeneity,pts__fallback_level|minutes_absres,pts__fallback_level,minutes_absres,9517,311,2000,34.19732832569402,0.10946430875786577,0.010683268817132476,1.2206982725318969,0.9680016689522052,0.7434530804333541,1.3020346467432258,2000.0,0.0,2.7767004941496993,6.006813194150232,0.0015205336494435845,0.005199082810800986,ANALYTIC,False,44.695929751710295
A3_CLEAN,E0_I0014_residual_heterogeneity,pts__fallback_level|minutes_sqres,pts__fallback_level,minutes_sqres,9517,311,2000,36.13942655379903,0.12070712868024502,0.0061275288354029935,1.161516580402858,0.9145604244285127,0.7157647256029381,1.27773888781417,2000.0,0.0,2.6518825969657347,6.006813194150232,0.0013841370088239445,0.005125714747230502,ANALYTIC,False,49.21291154673509
A3_CLEAN,E0_I0014_residual_heterogeneity,pts__fallback_level|fga_absres,pts__fallback_level,fga_absres,9517,311,2000,24.48973814288816,0.05930020377618271,0.03163015462834545,1.4117441919903162,1.1212343370064373,0.8580368841917266,1.306743751537725,2000.0,0.0,3.1632502809177057,6.006813194150232,0.001989567956744801,0.005439482118135421,ANALYTIC,False,27.23484763466191
A3_CLEAN,E0_I0014_residual_heterogeneity,pts__fallback_level|fga_sqres,pts__fallback_level,fga_sqres,9517,311,2000,24.2935987276429,0.05840939107418271,0.030689778319157028,1.3770616694040632,1.0986594159431982,0.8304124484803679,1.3230285961556993,2000.0,0.0,3.1262947118273194,6.006813194150232,0.0019295413627262415,0.005395436343592663,ANALYTIC,False,27.931829964911785
A3_CLEAN,E0_I0014_residual_heterogeneity,pts__is_cold_start|pts_absres,pts__is_cold_start,pts_absres,9517,311,2000,4.670382017838319,0.0022874262959034697,-0.034089701277819136,1.6190775314718953,1.2765867423496835,0.9960350329051126,1.2816685158415484,2000.0,0.0075,3.720463325117786,6.006813194150232,0.002714935523141118,0.005706523925775162,ANALYTIC,False,3.4073051282042064
A3_CLEAN,E0_I0014_residual_heterogeneity,pts__is_cold_start|pts_sqres,pts__is_cold_start,pts_sqres,9517,311,2000,2.0216221938252947,0.0004293884173713739,-0.03239888997585044,1.5447396372829703,1.204838619456893,0.9669066553171256,1.246075422928732,2000.0,0.158,3.6743456916828814,6.006813194150232,0.0026000806412126323,0.005610042150215366,ANALYTIC,False,0.8447388068711901
A3_CLEAN,E0_I0014_residual_heterogeneity,pts__is_cold_start|minutes_absres,pts__is_cold_start,minutes_absres,9517,311,2000,11.523302608732358,0.013764843139314116,0.016263119900994,1.285025588732343,1.0311131564065075,0.7667001895524155,1.3448713988299013,2000.0,0.0,2.7713479246558324,6.006813194150232,0.0015597850458078707,0.005279421276263039,ANALYTIC,False,13.684866125376837
A3_CLEAN,E0_I0014_residual_heterogeneity,pts__is_cold_start|minutes_sqres,pts__is_cold_start,minutes_sqres,9517,311,2000,13.094005426464216,0.017702112487232514,0.008485366719067444,1.2181382545736184,0.9817853878902265,0.7207968538207329,1.3620833424647596,2000.0,0.0,2.6877054314409574,6.006813194150232,0.0014485393063906802,0.005195898345602415,ANALYTIC,False,16.803930225791998
A3_CLEAN,E0_I0014_residual_heterogeneity,pts__is_cold_start|fga_absres,pts__is_cold_start,fga_absres,9517,311,2000,7.43204492039285,0.0057721740572785,0.010265310597518765,1.4335993792474373,1.141644996634102,0.8667798500800451,1.3171106787134863,2000.0,0.0,3.2111002584012382,6.006813194150232,0.002050605578448307,0.005467329523172764,ANALYTIC,False,7.25720599432237
A3_CLEAN,E0_I0014_residual_heterogeneity,pts__is_cold_start|fga_sqres,pts__is_cold_start,fga_sqres,9517,311,2000,5.830071373176474,0.003559883616301531,0.01240763711031469,1.4089877702514728,1.117504485238709,0.8578808589565153,1.3026336624388464,2000.0,0.0,3.229792730993676,6.006813194150232,0.0020487296050007726,0.005435974994567125,ANALYTIC,False,5.493264989814439
A3_CLEAN,E0_I0014_residual_heterogeneity,pts__n_prior_games|pts_absres,pts__n_prior_games,pts_absres,9517,311,2000,-2.1984555206658363,0.0005077520081931729,-0.0011961246488147931,1.512032902652494,1.206570767807665,0.9108806956794356,1.3246199788081696,2000.0,0.1505,3.3111706966147585,6.006813194150232,0.00220768917743827,0.005567853261890033,ANALYTIC,False,1.0889293818202108
A3_CLEAN,E0_I0014_residual_heterogeneity,pts__n_prior_games|pts_sqres,pts__n_prior_games,pts_sqres,9517,311,2000,-2.663246099099004,0.0007449648768184713,-0.0008623813888380543,1.4491473388709755,1.1623411374383377,0.8650525866448776,1.3436652931661637,2000.0,0.0655,3.2732900035347394,6.006813194150232,0.002121084233686795,0.005487183678465076,ANALYTIC,False,1.7350447647141938
A3_CLEAN,E0_I0014_residual_heterogeneity,pts__n_prior_games|minutes_absres,pts__n_prior_games,minutes_absres,9517,311,2000,-12.700896210960803,0.016672614982788932,0.009787191791039568,1.2577813820923285,0.9990919677800993,0.7638231078240468,1.3080148499647757,2000.0,0.0,2.8542402168494636,6.006813194150232,0.0016087135628575413,0.00524532075852574,ANALYTIC,False,15.32004481576422
A3_CLEAN,E0_I0014_residual_heterogeneity,pts__n_prior_games|minutes_sqres,pts__n_prior_games,minutes_sqres,9517,311,2000,-13.422180910124249,0.018583872600757688,0.00046565689544446353,1.1786866975930037,0.9390873623761474,0.7120226897608541,1.3189008944245262,2000.0,0.0,2.5935235976597526,6.006813194150232,0.0013508495389760336,0.0051469470045402066,ANALYTIC,False,17.531876058529505
A3_CLEAN,E0_I0014_residual_heterogeneity,pts__n_prior_games|fga_absres,pts__n_prior_games,fga_absres,9517,311,2000,-5.4905046858900635,0.0031585479557281384,0.0018209160218352505,1.3578444399460463,1.0789413686393325,0.8240436973317885,1.309325430353863,2000.0,0.0,3.1261466078076,6.006813194150232,0.0019148708463928449,0.005371108124689259,ANALYTIC,False,5.3535550742456355
A3_CLEAN,E0_I0014_residual_heterogeneity,pts__n_prior_games|fga_sqres,pts__n_prior_games,fga_sqres,9517,311,2000,-6.1452034732615965,0.003953565812854323,-0.002624054602866252,1.3037237910241484,1.0371620317315287,0.7895944596583642,1.3135376256062894,2000.0,0.0,2.9649404975255425,6.006813194150232,0.00173387870111556,0.005302889027729642,ANALYTIC,False,6.46919615385875
A3_CLEAN,E0_I0014_residual_heterogeneity,minutes__pred_point|pts_absres,minutes__pred_point,pts_absres,9517,311,2000,29.952381937370042,0.08617161396661575,-0.039264426298107245,2.005869038904459,1.5950829070869867,1.2163432106232768,1.3113756817614304,2000.0,0.0,4.54111276300806,6.006813194150232,0.004077347161062812,0.006221808411457079,ANALYTIC,False,23.31356707762791
A3_CLEAN,E0_I0014_residual_heterogeneity,minutes__pred_point|pts_sqres,minutes__pred_point,pts_sqres,9517,311,2000,21.556997941595952,0.04656958987770459,-0.0371799459687786,1.9054365623772158,1.5112489714225503,1.160627231948128,1.3020967713172638,2000.0,0.0,4.267587657361736,6.006813194150232,0.0036220973583092992,0.006085871532863038,ANALYTIC,False,17.271479091978872
A3_CLEAN,E0_I0014_residual_heterogeneity,minutes__pred_point|minutes_absres,minutes__pred_point,minutes_absres,9517,311,2000,-6.750047669519403,0.0047662369981383654,-0.0014050547068772926,1.5332995091509993,1.2321524551364404,0.9121678615551595,1.3507957329649147,2000.0,0.0,3.314524333947345,6.006813194150232,0.0022282081532050482,0.0055952672564160595,ANALYTIC,False,6.049210290061607
A3_CLEAN,E0_I0014_residual_heterogeneity,minutes__pred_point|minutes_sqres,minutes__pred_point,minutes_sqres,9517,311,2000,-5.37554063701552,0.0030280572916774363,-0.00928677078170812,1.4045682632366419,1.1265171065482513,0.8385837252095653,1.3433567486260605,2000.0,0.001,3.056334149667339,6.006813194150232,0.0018876165533646785,0.0054303542106568905,ANALYTIC,False,5.066904356396163
A3_CLEAN,E0_I0014_residual_heterogeneity,minutes__pred_point|fga_absres,minutes__pred_point,fga_absres,9517,311,2000,21.661424445755408,0.04700061057423479,-0.006907584272637699,1.7120930408766002,1.3626922329165405,1.0360749335985344,1.315244861859158,2000.0,0.0,3.9222480953661933,6.006813194150232,0.003022351650180462,0.00582840560457327,ANALYTIC,False,19.59195378111943
A3_CLEAN,E0_I0014_residual_heterogeneity,minutes__pred_point|fga_sqres,minutes__pred_point,fga_sqres,9517,311,2000,16.0430030415074,0.026339984800162204,0.012188015025755065,1.6312564153128588,1.305422573177433,0.9778371693012186,1.335010177727559,2000.0,0.0,3.61858954005156,6.006813194150232,0.002617943489872413,0.005722409096045719,ANALYTIC,False,15.071610009324692
A3_CLEAN,E0_I0014_residual_heterogeneity,minutes__pred_sd|pts_absres,minutes__pred_sd,pts_absres,9517,311,2000,6.455161924510111e-14,0.0,6.45516192451011e-14,1.2624931110941686e-29,6.45516192451011e-14,1.2624931110941686e-29,5113027443702719.0,1.0,1.0,6.455161924510111e-14,6.006813194150232,4.378387671708006e-31,0.0037913002783878653,ANALYTIC,False,0.9997499687421849
A3_CLEAN,E0_I0014_residual_heterogeneity,minutes__pred_sd|pts_sqres,minutes__pred_sd,pts_sqres,9517,311,2000,7.135257332609623e-14,0.0,7.135257332609623e-14,0.0,7.135257332609623e-14,0.0,inf,1.0,1.0,7.135257332609623e-14,6.006813194150232,5.349574151787265e-31,0.0037913002783878653,ANALYTIC,False,
A3_CLEAN,E0_I0014_residual_heterogeneity,minutes__pred_sd|minutes_absres,minutes__pred_sd,minutes_absres,9517,311,2000,6.385721318551885e-14,0.0,6.385721318551885e-14,0.0,6.385721318551885e-14,0.0,inf,1.0,1.0,6.385721318551885e-14,6.006813194150232,4.284694416119368e-31,0.0037913002783878653,ANALYTIC,False,
A3_CLEAN,E0_I0014_residual_heterogeneity,minutes__pred_sd|minutes_sqres,minutes__pred_sd,minutes_sqres,9517,311,2000,-1.0009962064223873e-13,0.0,-1.0009962064223873e-13,0.0,1.0009962064223873e-13,0.0,inf,1.0,1.0,1.0009962064223873e-13,6.006813194150232,1.052845860325744e-30,0.0037913002783878653,ANALYTIC,False,
A3_CLEAN,E0_I0014_residual_heterogeneity,minutes__pred_sd|fga_absres,minutes__pred_sd,fga_absres,9517,311,2000,2.2627504756696742e-13,0.0,2.2627504756696744e-13,2.524986222188337e-29,2.2627504756696744e-13,2.524986222188337e-29,8961436921064107.0,1.0,1.0,2.2627504756696742e-13,6.006813194150232,5.3798883210500555e-30,0.0037913002783878653,ANALYTIC,True,-0.9997499687421849
A3_CLEAN,E0_I0014_residual_heterogeneity,minutes__pred_sd|fga_sqres,minutes__pred_sd,fga_sqres,9517,311,2000,-3.46183997416353e-14,0.0,-3.46183997416353e-14,0.0,3.46183997416353e-14,0.0,inf,1.0,1.0,3.46183997416353e-14,6.006813194150232,1.259255648493911e-31,0.0037913002783878653,ANALYTIC,False,
A3_CLEAN,E0_I0014_residual_heterogeneity,minutes__pred_width|pts_absres,minutes__pred_width,pts_absres,9517,311,2000,20.301567721693075,0.04152198992780746,-0.00260953382507099,1.8070496470451585,1.4368391684515942,1.0953974959711177,1.3117057266757521,2000.0,0.0,4.027627996530239,6.006813194150232,0.003234803309129005,0.005954159245091023,ANALYTIC,False,17.22181091578731
A3_CLEAN,E0_I0014_residual_heterogeneity,minutes__pred_width|pts_sqres,minutes__pred_width,pts_sqres,9517,311,2000,12.396310262574346,0.015895094871823827,-0.006785165798682699,1.7114228866703343,1.363072313906159,1.034465455100766,1.3176586102369015,2000.0,0.0,3.774232392978794,6.006813194150232,0.002857210934021197,0.005827522870620027,ANALYTIC,False,10.665641751752313
A3_CLEAN,E0_I0014_residual_heterogeneity,minutes__pred_width|minutes_absres,minutes__pred_width,minutes_absres,9517,311,2000,8.612277110634292,0.007735710447581765,-0.025712273268856205,1.4008497186335376,1.120381560686273,0.8409272281243529,1.3323169035508926,2000.0,0.0,3.1421960652051966,6.006813194150232,0.0019620263380926324,0.00542562717175018,ANALYTIC,False,8.909089038130357
A3_CLEAN,E0_I0014_residual_heterogeneity,minutes__pred_width|minutes_sqres,minutes__pred_width,minutes_sqres,9517,311,2000,5.41657290623802,0.003074318248882451,-0.02451214256896087,1.3030845231714943,1.0363965710527185,0.7899210341264385,1.3120255396146698,2000.0,0.0005,2.910679945524376,6.006813194150232,0.0016874144070323813,0.005302085835804224,ANALYTIC,False,5.545081275154637
A3_CLEAN,E0_I0014_residual_heterogeneity,minutes__pred_width|fga_absres,minutes__pred_width,fga_absres,9517,311,2000,17.486609826557984,0.03113934077891892,0.016085750367944733,1.534166978493181,1.2147763418688837,0.9367536645535621,1.2967937973830308,2000.0,0.0,3.647851970090981,6.006813194150232,0.0025632143465352695,0.005596386908060619,ANALYTIC,False,17.370450845734272
A3_CLEAN,E0_I0014_residual_heterogeneity,minutes__pred_width|fga_sqres,minutes__pred_width,fga_sqres,9517,311,2000,11.044395878170684,0.012658670630203352,0.038980321191442145,1.4661115259042017,1.166072188502218,0.8891561622506037,1.3114368859016772,2000.0,0.0,3.4038852830090156,6.006813194150232,0.0022600767646163825,0.005508887352385362,ANALYTIC,False,11.109773636010988
A3_CLEAN,E0_I0014_residual_heterogeneity,minutes__pred_iqr|pts_absres,minutes__pred_iqr,pts_absres,9517,311,2000,10.391331592473055,0.011222199050550883,-0.016342491202700062,1.6581357666475414,1.3244652864204347,0.997294135853692,1.328058833201382,2000.0,0.0,3.7616701337849925,6.006813194150232,0.0027946446866689402,0.005757546528769663,ANALYTIC,False,9.091466579507468
A3_CLEAN,E0_I0014_residual_heterogeneity,minutes__pred_iqr|pts_sqres,minutes__pred_iqr,pts_sqres,9517,311,2000,5.737010063473655,0.0034475315201557017,-0.01230474243201136,1.5640707984910875,1.235566271775849,0.9586872479161842,1.2888105839120036,2000.0,0.002,3.3821476338294847,6.006813194150232,0.002319631063448646,0.005635052564172952,ANALYTIC,False,4.695424708612956
A3_CLEAN,E0_I0014_residual_heterogeneity,minutes__pred_iqr|minutes_absres,minutes__pred_iqr,minutes_absres,9517,311,2000,7.267966697176615,0.005521513049258181,-0.028059044002680392,1.311558246608953,1.0502780541273993,0.7857079159357617,1.3367283602794557,2000.0,0.0,2.9546250218958034,6.006813194150232,0.0017307029459006482,0.005312737372321625,ANALYTIC,False,7.913486063894466
A3_CLEAN,E0_I0014_residual_heterogeneity,minutes__pred_iqr|minutes_sqres,minutes__pred_iqr,minutes_sqres,9517,311,2000,4.10478687292112,0.0017678671423145388,-0.028624579121597268,1.237646539074047,0.9847249723584361,0.7499469159454283,1.3130595665121612,2000.0,0.0015,2.7368698187476004,6.006813194150232,0.0015001636975877156,0.005220189757305816,ANALYTIC,False,4.16037700032321
A3_CLEAN,E0_I0014_residual_heterogeneity,minutes__pred_iqr|fga_absres,minutes__pred_iqr,fga_absres,9517,311,2000,8.923699912336494,0.008300549430931085,0.010377227689344867,1.4546115198604213,1.1724822809832773,0.8605812071010875,1.3624307285687132,2000.0,0.0,3.1811703690537945,6.006813194150232,0.0020392528653694303,0.005494169775865305,ANALYTIC,False,9.006956656029702
A3_CLEAN,E0_I0014_residual_heterogeneity,minutes__pred_iqr|fga_sqres,minutes__pred_iqr,fga_sqres,9517,311,2000,5.158507879416241,0.0027891511102843703,0.01412489702132908,1.4230364064597218,1.1449445939490297,0.8447948428279691,1.3552930675053634,2000.0,0.0015,3.1114479667922574,6.006813194150232,0.0019510761024336767,0.0054538615349506705,ANALYTIC,False,4.750932512835568
A3_CLEAN,E0_I0014_residual_heterogeneity,minutes__pred_cv|pts_absres,minutes__pred_cv,pts_absres,9517,311,2000,-24.268920609305443,0.05829769810019537,0.023276542965844145,1.827263788568805,1.4505458177989998,1.1109902268240865,1.3056332835128335,2000.0,0.0,4.153411166925909,6.006813194150232,0.0034034478374385777,0.005981102660633176,ANALYTIC,False,20.53877184566763
A3_CLEAN,E0_I0014_residual_heterogeneity,minutes__pred_cv|pts_sqres,minutes__pred_cv,pts_sqres,9517,311,2000,-15.564337241704413,0.024830096470492946,0.021639867006197664,1.7246553960980122,1.3676304155343262,1.050502796562004,1.3018817465409807,2000.0,0.0,3.8226727106334564,6.006813194150232,0.0029228714323112767,0.005844965239143985,ANALYTIC,False,13.51420183994927
A3_CLEAN,E0_I0014_residual_heterogeneity,minutes__pred_cv|minutes_absres,minutes__pred_cv,minutes_absres,9517,311,2000,-6.2441272879947975,0.0040813534984819756,0.028635794208755647,1.4114559898618981,1.1354424053870138,0.8385428057582003,1.3540661223136492,2000.0,0.0,3.0810124608803817,6.006813194150232,0.0019148587100585124,0.005439115372220627,ANALYTIC,False,6.092336428774882
A3_CLEAN,E0_I0014_residual_heterogeneity,minutes__pred_cv|minutes_sqres,minutes__pred_cv,minutes_sqres,9517,311,2000,-3.798922838460905,0.001514605447484641,0.02979554168518993,1.313084171886983,1.0508355822085087,0.7875724957905623,1.334271559539016,2000.0,0.0055,2.8582874354058676,6.006813194150232,0.0016505826098927867,0.005314656607977188,ANALYTIC,False,3.4893133913899272
A3_CLEAN,E0_I0014_residual_heterogeneity,minutes__pred_cv|fga_absres,minutes__pred_cv,fga_absres,9517,311,2000,-19.93340473676752,0.040089493385144094,-0.0021331476360539627,1.559358129867481,1.2442764098382635,0.9394700881653087,1.3244449456269662,2000.0,0.0,3.5067244842056278,6.006813194150232,0.0024402494413780077,0.005628950245138722,ANALYTIC,False,19.893265961694702
A3_CLEAN,E0_I0014_residual_heterogeneity,minutes__pred_cv|fga_sqres,minutes__pred_cv,fga_sqres,9517,311,2000,-13.350737084378267,0.01839019056407755,-0.019743297356133824,1.4968497433876047,1.1920776290907802,0.905090709990358,1.317080836133518,2000.0,0.0,3.39471129488822,6.006813194150232,0.002276378493717388,0.00554832240365375,ANALYTIC,False,13.433636342833541
A3_CLEAN,E0_I0014_residual_heterogeneity,fga__pred_point|pts_absres,fga__pred_point,pts_absres,9517,311,2000,32.48277816601906,0.09983137588358479,-0.02835786151722735,2.0537935206957965,1.6398208376488692,1.2363312007227434,1.3263604741919082,2000.0,0.0,4.581878099013507,6.006813194150232,0.004184204756574405,0.006287204097826381,ANALYTIC,False,24.947164085432604
A3_CLEAN,E0_I0014_residual_heterogeneity,fga__pred_point|pts_sqres,fga__pred_point,pts_sqres,9517,311,2000,25.359006019662424,0.0633133969431226,-0.022994524261218337,1.9444065084742237,1.5369318361500535,1.190757970079521,1.290717236221744,2000.0,0.0,4.233918937980643,6.006813194150232,0.003621023025373672,0.006138439677263564,ANALYTIC,False,20.00580704231733
A3_CLEAN,E0_I0014_residual_heterogeneity,fga__pred_point|minutes_absres,fga__pred_point,minutes_absres,9517,311,2000,-10.199363727487656,0.010815837824582371,0.01113223578644333,1.5681890334423432,1.250936956610821,0.9453648770822821,1.3232318937759127,2000.0,0.0,3.398056151294638,6.006813194150232,0.0023388007351256026,0.005640387872380688,ANALYTIC,False,9.46557989175008
A3_CLEAN,E0_I0014_residual_heterogeneity,fga__pred_point|minutes_sqres,fga__pred_point,minutes_sqres,9517,311,2000,-7.676976784684861,0.006156520081359658,0.010215871124992166,1.4313350126131348,1.1324606061307527,0.8750518589408319,1.294163991036474,2000.0,0.0,3.197721176642028,6.006813194150232,0.002036440159894406,0.005464441014713542,ANALYTIC,False,7.479003800386906
A3_CLEAN,E0_I0014_residual_heterogeneity,fga__pred_point|fga_absres,fga__pred_point,fga_absres,9517,311,2000,24.508470386280216,0.05938556674974508,0.015910812453209452,1.7647485554623787,1.4127016031999953,1.0572920896446003,1.3361507354839501,2000.0,0.0,3.9713690516967617,6.006813194150232,0.003128579374377836,0.00589797296945858,ANALYTIC,False,21.844265183941427
A3_CLEAN,E0_I0014_residual_heterogeneity,fga__pred_point|fga_sqres,fga__pred_point,fga_sqres,9517,311,2000,19.29531143812996,0.03765905373344797,0.034740296917932796,1.676264194806045,1.3485428715728953,0.9957868885896136,1.3542484712596576,2000.0,0.0,3.7789023790407468,6.006813194150232,0.0028299672601522223,0.005781305239173517,ANALYTIC,False,18.022700210459725
A3_CLEAN,E0_I0014_residual_heterogeneity,fga__pred_sd|pts_absres,fga__pred_sd,pts_absres,9517,311,0,,,,,,,,,,,,,,,,
A3_CLEAN,E0_I0014_residual_heterogeneity,fga__pred_sd|pts_sqres,fga__pred_sd,pts_sqres,9517,311,0,,,,,,,,,,,,,,,,
A3_CLEAN,E0_I0014_residual_heterogeneity,fga__pred_sd|minutes_absres,fga__pred_sd,minutes_absres,9517,311,0,,,,,,,,,,,,,,,,
A3_CLEAN,E0_I0014_residual_heterogeneity,fga__pred_sd|minutes_sqres,fga__pred_sd,minutes_sqres,9517,311,0,,,,,,,,,,,,,,,,
A3_CLEAN,E0_I0014_residual_heterogeneity,fga__pred_sd|fga_absres,fga__pred_sd,fga_absres,9517,311,0,,,,,,,,,,,,,,,,
A3_CLEAN,E0_I0014_residual_heterogeneity,fga__pred_sd|fga_sqres,fga__pred_sd,fga_sqres,9517,311,0,,,,,,,,,,,,,,,,
A3_CLEAN,E0_I0014_residual_heterogeneity,fga__pred_width|pts_absres,fga__pred_width,pts_absres,9517,311,2000,30.153884010067006,0.08723345737710202,-0.03680227035271838,1.8831098673343574,1.4819917215750988,1.1619206923019245,1.2754671909999895,2000.0,0.0,4.2854931182437825,6.006813194150232,0.0036210052921856533,0.006055856004179102,ANALYTIC,False,24.676290282505384
A3_CLEAN,E0_I0014_residual_heterogeneity,fga__pred_width|pts_sqres,fga__pred_width,pts_sqres,9517,311,2000,19.955599502861418,0.040175229405216735,-0.042454815400610045,1.7911152092678782,1.4206672184353466,1.0911425240737695,1.3019996811519177,2000.0,0.0,3.974625412243795,6.006813194150232,0.0031578278526570277,0.005932963114542263,ANALYTIC,False,16.986719768950152
A3_CLEAN,E0_I0014_residual_heterogeneity,fga__pred_width|minutes_absres,fga__pred_width,minutes_absres,9517,311,2000,5.495723051690334,0.003164535786794057,-0.020826447588342865,1.468054344856853,1.177693010978347,0.876334902828947,1.3438846349455769,2000.0,0.0005,3.2514700261303924,6.006813194150232,0.0021155101612221083,0.005511375693734027,ANALYTIC,False,4.927374257002325
A3_CLEAN,E0_I0014_residual_heterogeneity,fga__pred_width|minutes_sqres,fga__pred_width,minutes_sqres,9517,311,2000,4.582679579132375,0.002202511801565895,-0.021263006518575895,1.3494187284494579,1.0762763385440506,0.813899879764931,1.3223694526836627,2000.0,0.002,2.9879006789296296,6.006813194150232,0.001786705691211318,0.005360458856892191,ANALYTIC,False,4.3081505818639965
A3_CLEAN,E0_I0014_residual_heterogeneity,fga__pred_width|fga_absres,fga__pred_width,fga_absres,9517,311,2000,26.10357492864821,0.06683375342630893,-0.01947409667160872,1.6017597249832385,1.270260635620611,0.9755226187505004,1.3021334525770671,2000.0,0.0,3.6675338433345326,6.006813194150232,0.0026433048256254213,0.005683973971223753,ANALYTIC,False,25.456420810452745
A3_CLEAN,E0_I0014_residual_heterogeneity,fga__pred_width|fga_sqres,fga__pred_width,fga_sqres,9517,311,2000,18.39727511103665,0.03435281551353836,0.004213454238684314,1.5343974123255408,1.2199330870095086,0.9302752031709375,1.3113679509582141,2000.0,0.0,3.4310035979376403,6.006813194150232,0.002343272089358312,0.005596684350219103,ANALYTIC,False,18.464796186629965
A3_CLEAN,E0_I0014_residual_heterogeneity,fga__pred_iqr|pts_absres,fga__pred_iqr,pts_absres,9517,311,2000,19.206060062304093,0.03732444530096192,-0.010484347717351019,1.7804050560126559,1.4144627533745417,1.0808544797798127,1.3086523485221528,2000.0,0.0,4.010755467717678,6.006813194150232,0.0031891444942312034,0.005918737612824559,ANALYTIC,False,16.46067777093729
A3_CLEAN,E0_I0014_residual_heterogeneity,fga__pred_iqr|pts_sqres,fga__pred_iqr,pts_sqres,9517,311,2000,11.573219919195207,0.013882696965338328,-0.014722882968337113,1.698716923232333,1.3510866114112587,1.0293239778403622,1.3125960732460453,2000.0,0.0,3.7442591206530977,6.006813194150232,0.0028128199052012345,0.005810799095462891,ANALYTIC,False,9.93091925171231
A3_CLEAN,E0_I0014_residual_heterogeneity,fga__pred_iqr|minutes_absres,fga__pred_iqr,minutes_absres,9517,311,2000,7.907713543575567,0.0065297055261296895,-0.021366847820919518,1.389759165311256,1.110436175550556,0.8355848044902804,1.3289329456247583,2000.0,0.0,3.0768783274553693,6.006813194150232,0.0018948208286575705,0.005411541009832833,ANALYTIC,False,8.134754643092696
A3_CLEAN,E0_I0014_residual_heterogeneity,fga__pred_iqr|minutes_sqres,fga__pred_iqr,minutes_sqres,9517,311,2000,4.935631804998211,0.002553946395013151,-0.018483795659129935,1.2866383089773377,1.0263896339825318,0.7757430487300533,1.3231051643489489,2000.0,0.0,2.819142197265354,6.006813194150232,0.001599835840907554,0.005281443319417842,ANALYTIC,False,5.039351854219497
A3_CLEAN,E0_I0014_residual_heterogeneity,fga__pred_iqr|fga_absres,fga__pred_iqr,fga_absres,9517,311,2000,17.28211500320158,0.03043732779751296,0.0020084382855638286,1.5132650051820302,1.201708879282442,0.9193195134895383,1.307172165552121,2000.0,0.0,3.4572600301774554,6.006813194150232,0.0023516862880562602,0.005569439682402666,ANALYTIC,False,17.491640162060072
A3_CLEAN,E0_I0014_residual_heterogeneity,fga__pred_iqr|fga_sqres,fga__pred_iqr,fga_sqres,9517,311,2000,10.56526337465108,0.011596628022491794,0.022014039950847504,1.4583038127151762,1.1543856343308243,0.8909893609919302,1.2956222429476123,2000.0,0.0,3.3481009133289543,6.006813194150232,0.0021997115218013257,0.005498892984509477,ANALYTIC,False,10.562278465192012
A3_CLEAN,E0_I0014_residual_heterogeneity,fga__pred_cv|pts_absres,fga__pred_cv,pts_absres,9517,311,2000,-22.282592147417038,0.04959924306911533,0.021862519874235122,1.7365267201796057,1.3716024251120837,1.0647858606495542,1.2881486088436236,2000.0,0.0,3.959848651284852,6.006813194150232,0.0030882627839825274,0.005860635548324599,ANALYTIC,False,19.638680879504324
A3_CLEAN,E0_I0014_residual_heterogeneity,fga__pred_cv|pts_sqres,fga__pred_cv,pts_sqres,9517,311,2000,-14.316986698166003,0.021090298590641113,0.028441390941556705,1.6613672467336087,1.3096914625659983,1.0221549020952339,1.2813042914350519,2000.0,0.0,3.8468018238106625,6.006813194150232,0.002890667669025591,0.005761778051045818,ANALYTIC,False,12.725365997792885
A3_CLEAN,E0_I0014_residual_heterogeneity,fga__pred_cv|minutes_absres,fga__pred_cv,minutes_absres,9517,311,2000,-6.215796079673988,0.0040445506784815306,0.04011786442583488,1.3864022229821997,1.098309725550644,0.8466603067183942,1.2972259557172678,2000.0,0.0,3.153502401410506,6.006813194150232,0.001961251823080855,0.005407280951891971,ANALYTIC,False,6.044320624830544
A3_CLEAN,E0_I0014_residual_heterogeneity,fga__pred_cv|minutes_sqres,fga__pred_cv,minutes_sqres,9517,311,2000,-4.149725736551969,0.0018067176378742354,0.037191547153003206,1.2980889262812378,1.0243231744383552,0.7979072104888825,1.2837622733234186,2000.0,0.0035,2.9486583515246756,6.006813194150232,0.0017159771339623844,0.005295811339534873,ANALYTIC,False,3.9170000233469016
A3_CLEAN,E0_I0014_residual_heterogeneity,fga__pred_cv|fga_absres,fga__pred_cv,fga_absres,9517,311,2000,-19.36928616779645,0.037937387589668504,0.0030242396786500708,1.4898424436469264,1.1790713969719258,0.9103487496172387,1.295186484814389,2000.0,0.0,3.393563681467977,6.006813194150232,0.0022694925906005907,0.005539320136140302,ANALYTIC,False,19.981589229921724
A3_CLEAN,E0_I0014_residual_heterogeneity,fga__pred_cv|fga_sqres,fga__pred_cv,fga_sqres,9517,311,2000,-12.947777970927252,0.017315751111954276,-0.007846122664852025,1.4487331062222037,1.1480072518656803,0.8833511562198703,1.299604629237544,2000.0,0.0,3.3612592180735263,6.006813194150232,0.002204621325633791,0.00548665425249159,ANALYTIC,False,13.35796148109026
A2_DEC,E0_I0014_residual_heterogeneity,pl_games_prior|pts_absres,pl_games_prior,pts_absres,5107,257,2000,-0.8574938917530933,0.00014407012350389612,-0.012707213018167594,1.2360103023583335,0.9871571053708907,0.7435834772064344,1.3275672949048534,2000.0,0.4905,2.763929087075345,5.022578415585524,0.00283371796836833,0.00719755607939457,ANALYTIC,True,-0.17437613609292207
A2_DEC,E0_I0014_residual_heterogeneity,pl_games_prior|pts_sqres,pl_games_prior,pts_sqres,5107,257,2000,-0.7001979426314394,9.606703103940126e-05,-0.00967645537921783,1.2428468889581503,0.9838216328393276,0.7591922484979752,1.2958794492248447,2000.0,0.571,2.7522227085813356,5.022578415585524,0.002824856832465807,0.007211223974257015,ANALYTIC,True,-0.37358612494927834
A2_DEC,E0_I0014_residual_heterogeneity,pl_games_prior|minutes_absres,pl_games_prior,minutes_absres,5107,257,2000,-1.4479255670045137,0.000410665783169655,0.030634903096455418,1.2166107211655397,0.9513978801469652,0.7585973120912392,1.25415403532637,2000.0,0.227,2.8408390337833316,5.022578415585524,0.002924692432295327,0.007158842487659287,ANALYTIC,False,0.6545339390786417
A2_DEC,E0_I0014_residual_heterogeneity,pl_games_prior|minutes_sqres,pl_games_prior,minutes_sqres,5107,257,2000,-1.8460936671124681,0.0006674088295507975,0.02860215559633628,1.144827182422531,0.9045457266356604,0.7020224301622078,1.288485506690517,2000.0,0.108,2.5374427359957163,5.022578415585524,0.0023999757430612106,0.007016499878814589,ANALYTIC,False,1.3411935289008583
A2_DEC,E0_I0014_residual_heterogeneity,pl_games_prior|fga_absres,pl_games_prior,fga_absres,5107,257,2000,0.5624006569535435,6.197822762476555e-05,0.022891443074591383,1.1733749498789559,0.9395877946676806,0.7028984250889306,1.336733390103704,2000.0,0.6335,2.595221595243294,5.022578415585524,0.002513444508764664,0.0070729372600950085,ANALYTIC,True,-0.5366168485388418
A2_DEC,E0_I0014_residual_heterogeneity,pl_games_prior|fga_sqres,pl_games_prior,fga_sqres,5107,257,2000,0.5154488332186502,5.206225110275876e-05,0.02719756283833106,1.174734827476012,0.9470602800448555,0.6952482523383631,1.3621900908913622,2000.0,0.6855,2.5750938975443916,5.022578415585524,0.002486880172610324,0.0070756313049475045,ANALYTIC,True,-0.6208019155381478
A2_DEC,E0_I0014_residual_heterogeneity,pl_minutes_prior|pts_absres,pl_minutes_prior,pts_absres,5107,257,2000,2.0909160205772586,0.0008560038049300643,-0.009741898223961182,1.2231942375848504,0.9823710282419346,0.7285351672954683,1.3484195030540225,2000.0,0.084,2.711778134264315,5.022578415585524,0.002740730270496436,0.007171968778373405,ANALYTIC,False,1.5216080734311854
A2_DEC,E0_I0014_residual_heterogeneity,pl_minutes_prior|pts_sqres,pl_minutes_prior,pts_sqres,5107,257,2000,2.147219323751902,0.0009026825319619227,-0.012470344880891524,1.2391167436884774,0.9861090062753454,0.7501123054692534,1.3146151570709905,2000.0,0.08,2.768031826892894,5.022578415585524,0.0028437340086076503,0.007203764956508444,ANALYTIC,False,1.5479153041626106
A2_DEC,E0_I0014_residual_heterogeneity,pl_minutes_prior|minutes_absres,pl_minutes_prior,minutes_absres,5107,257,2000,-4.599355983174065,0.0041283058917505056,0.028792939868854662,1.2340518075085376,0.9814540856817018,0.7483176614443107,1.311547403261096,2000.0,0.0,2.8451073031509657,5.022578415585524,0.0029534394115683835,0.007193642990869181,ANALYTIC,False,4.834714031083449
A2_DEC,E0_I0014_residual_heterogeneity,pl_minutes_prior|minutes_sqres,pl_minutes_prior,minutes_sqres,5107,257,2000,-4.059529628322667,0.003219034259110615,0.022456327526033958,1.1642523313950737,0.9286032861048884,0.702319442557403,1.322195043787344,2000.0,0.0005,2.6854754107332077,5.022578415585524,0.002630640275250112,0.007054877761982341,ANALYTIC,False,4.457980446642522
A2_DEC,E0_I0014_residual_heterogeneity,pl_minutes_prior|fga_absres,pl_minutes_prior,fga_absres,5107,257,2000,2.9045785129838855,0.001650529398553571,0.017141763640351065,1.1774510356355694,0.9423055450420674,0.7059043817617114,1.3348911968648989,2000.0,0.01,2.596735580382533,5.022578415585524,0.002520386821221502,0.00708101390322995,ANALYTIC,False,2.77979995398897
A2_DEC,E0_I0014_residual_heterogeneity,pl_minutes_prior|fga_sqres,pl_minutes_prior,fga_sqres,5107,257,2000,2.9213239267251914,0.0016695835852784619,0.019239939646876817,1.1855767969777844,0.9514356965919355,0.7073047263220493,1.3451567071230466,2000.0,0.011,2.627534950415615,5.022578415585524,0.0025735463879657883,0.00709712861025274,ANALYTIC,False,2.7850630100785274
A2_DEC,E0_I0014_residual_heterogeneity,pl_career_games_prior|pts_absres,pl_career_games_prior,pts_absres,5107,257,2000,2.896142225254199,0.0016409711765172524,-0.027806730246058467,1.4167391438437125,1.1296733553271006,0.8550573740197709,1.321166730621026,2000.0,0.0375,3.225603017675812,5.022578415585524,0.0038218870782125653,0.007563233109702502,ANALYTIC,False,2.0659068310499755
A2_DEC,E0_I0014_residual_heterogeneity,pl_career_games_prior|pts_sqres,pl_career_games_prior,pts_sqres,5107,257,2000,3.003645649639034,0.001764837355490466,-0.022647732280788632,1.447441586357095,1.1602091001823105,0.8653564507577413,1.3407297064306671,2000.0,0.0385,3.1480479081621353,5.022578415585524,0.003732935109763826,0.007626255129259847,ANALYTIC,False,2.130262677122861
A2_DEC,E0_I0014_residual_heterogeneity,pl_career_games_prior|minutes_absres,pl_career_games_prior,minutes_absres,5107,257,2000,-8.029848161917435,0.01247774170396625,0.013280529286146805,1.5036951245266807,1.2031438129281955,0.9016630823313608,1.3343607346297457,2000.0,0.0,3.4599138834161094,5.022578415585524,0.0043724164679861625,0.007742403595414341,ANALYTIC,False,7.5712363994519505
A2_DEC,E0_I0014_residual_heterogeneity,pl_career_games_prior|minutes_sqres,pl_career_games_prior,minutes_sqres,5107,257,2000,-7.15359581015361,0.009928639134052659,0.011605828812290536,1.3680954670560335,1.0955633597110461,0.819121764287341,1.3374853501349915,2000.0,0.0,3.090157526739627,5.022578415585524,0.0035228048952624996,0.00746391896278501,ANALYTIC,False,7.395765458281069
A2_DEC,E0_I0014_residual_heterogeneity,pl_career_games_prior|fga_absres,pl_career_games_prior,fga_absres,5107,257,2000,1.777015266352264,0.0006184264942229961,-0.014190897044172507,1.3050257858086323,1.0358740894597163,0.7935501677612604,1.3053668583828704,2000.0,0.1725,2.962751546891778,5.022578415585524,0.003229379974460434,0.007336128953333526,ANALYTIC,False,0.9339562979155215
A2_DEC,E0_I0014_residual_heterogeneity,pl_career_games_prior|fga_sqres,pl_career_games_prior,fga_sqres,5107,257,2000,1.691985945817799,0.0005606920012865013,0.00780701929527467,1.3076392876470855,1.0385404155456754,0.7942768654838765,1.307529478292173,2000.0,0.199,2.908271798825841,5.022578415585524,0.003146768730776744,0.007341402442580253,ANALYTIC,False,0.8226923868342081
A2_DEC,E0_I0014_residual_heterogeneity,pl_prior_season_games|pts_absres,pl_prior_season_games,pts_absres,5107,257,2000,3.74423388245764,0.002739737057696114,-0.024067274944682814,1.4294790034095557,1.1384039396113594,0.8645102133770879,1.3168195378101366,2000.0,0.0065,3.1177299640167164,5.022578415585524,0.0036556486640498763,0.007589352112979556,ANALYTIC,False,3.014226902730243
A2_DEC,E0_I0014_residual_heterogeneity,pl_prior_season_games|pts_sqres,pl_prior_season_games,pts_sqres,5107,257,2000,3.728095454054218,0.002716234293670863,-0.02016594055677684,1.4637716685676168,1.168882437761299,0.8809453604896285,1.326850097844474,2000.0,0.0095,3.229365442831802,5.022578415585524,0.0038972504422582774,0.007659881944373808,ANALYTIC,False,2.905075764143319
A2_DEC,E0_I0014_residual_heterogeneity,pl_prior_season_games|minutes_absres,pl_prior_season_games,minutes_absres,5107,257,2000,-8.200795943093484,0.01300769099627026,0.00058729039678758,1.531806703269711,1.2244317373079499,0.9200266574410639,1.3308654998253524,2000.0,0.0,3.550530189385471,5.022578415585524,0.004586449665633818,0.0078007754037311885,ANALYTIC,False,7.582784856679474
A2_DEC,E0_I0014_residual_heterogeneity,pl_prior_season_games|minutes_sqres,pl_prior_season_games,minutes_sqres,5107,257,2000,-6.990271199902064,0.009484701552246337,-0.00043910905645898167,1.3869937094678157,1.1116578041949179,0.8290660219499489,1.3408555829851982,2000.0,0.0,3.0533581976691266,5.022578415585524,0.0034881834312829626,0.007502424897355245,ANALYTIC,False,7.090645666409955
A2_DEC,E0_I0014_residual_heterogeneity,pl_prior_season_games|fga_absres,pl_prior_season_games,fga_absres,5107,257,2000,1.9091608779437639,0.0007137553780674368,-0.023054555180598405,1.3092878298864357,1.039827729439234,0.7956027913994844,1.306968427813271,2000.0,0.1405,3.0032905023621295,5.022578415585524,0.0032999392423348306,0.007344729823691367,ANALYTIC,False,1.0926723207888098
A2_DEC,E0_I0014_residual_heterogeneity,pl_prior_season_games|fga_sqres,pl_prior_season_games,fga_sqres,5107,257,2000,1.95667343999885,0.0007496963913327918,-0.0013377646944351404,1.301793975673232,1.0404834795575006,0.7819986577061309,1.3305438178239257,2000.0,0.1285,2.982525129334513,5.022578415585524,0.0032565590191800183,0.00732961046994867,ANALYTIC,False,1.171600425925087
A2_DEC,E0_I0014_residual_heterogeneity,pl_is_rookie_window|pts_absres,pl_is_rookie_window,pts_absres,5107,257,2000,-3.1840474845076256,0.0019827663696074024,0.007607944590155881,1.4317279840496961,1.1411874481572541,0.8642584440542844,1.3204238338752936,2000.0,0.023,3.146862633364738,5.022578415585524,0.003708335720714149,0.007593967603180691,ANALYTIC,False,2.3637142921823266
A2_DEC,E0_I0014_residual_heterogeneity,pl_is_rookie_window|pts_sqres,pl_is_rookie_window,pts_sqres,5107,257,2000,-3.426544778031663,0.002295562695318873,0.011932759822229176,1.4660238256600002,1.1736149196455647,0.8782410314207751,1.336324400315194,2000.0,0.017,3.2683391671774467,5.022578415585524,0.003968981449919526,0.007664525378314433,ANALYTIC,False,2.5652751098880215
A2_DEC,E0_I0014_residual_heterogeneity,pl_is_rookie_window|minutes_absres,pl_is_rookie_window,minutes_absres,5107,257,2000,4.498357439473467,0.00394969560945441,0.02441620598193691,1.5062099854842124,1.195209820773746,0.9165281411224873,1.304062327327945,2000.0,0.0035,3.4587021210903233,5.022578415585524,0.004374091029331191,0.0077476166073275005,ANALYTIC,False,3.603978394656056
A2_DEC,E0_I0014_residual_heterogeneity,pl_is_rookie_window|minutes_sqres,pl_is_rookie_window,minutes_sqres,5107,257,2000,3.752083125425756,0.0027512043843294534,0.025306885881857775,1.3630464254373436,1.084029486960338,0.8263343961491888,1.3118532787840338,2000.0,0.0075,3.0274224249991915,5.022578415585524,0.0034124166854663093,0.00745364810591362,ANALYTIC,False,3.228782017181964
A2_DEC,E0_I0014_residual_heterogeneity,pl_is_rookie_window|fga_absres,pl_is_rookie_window,fga_absres,5107,257,2000,-2.6661752167590915,0.001391064455866773,0.03380588625467486,1.3413985547474816,1.0774469497320491,0.7993877823116353,1.347840151642466,2000.0,0.044,2.951920481024145,5.022578415585524,0.0032609163606674347,0.007409691751413602,ANALYTIC,False,1.9874312594981451
A2_DEC,E0_I0014_residual_heterogeneity,pl_is_rookie_window|fga_sqres,pl_is_rookie_window,fga_sqres,5107,257,2000,-2.446971798652586,0.0011719877535441973,0.01865722383386,1.330627920872437,1.0626996072259565,0.800639448840679,1.3273135726259042,2000.0,0.0615,2.865189002992811,5.022578415585524,0.0031096167055904987,0.007387870232249245,ANALYTIC,False,1.728958263836546
A2_DEC,E0_I0014_residual_heterogeneity,pl_min_mean5|pts_absres,pl_min_mean5,pts_absres,5107,257,2000,7.354570162624657,0.01048841602524131,0.017693599466927154,1.295616199284777,1.0371311540562642,0.7763732579417244,1.3358666639366816,2000.0,0.0,2.913461871713454,5.022578415585524,0.0031390356097417416,0.007317158105930423,ANALYTIC,False,8.13711567721539
A2_DEC,E0_I0014_residual_heterogeneity,pl_min_mean5|pts_sqres,pl_min_mean5,pts_sqres,5107,257,2000,6.884030146298912,0.009201220148688261,0.005080575578718314,1.317173633943748,1.0517336373860284,0.7926381359812757,1.3268774105651575,2000.0,0.0,2.9134689994695195,5.022578415585524,0.003167559764798537,0.007360656783870011,ANALYTIC,False,7.358082136298647
A2_DEC,E0_I0014_residual_heterogeneity,pl_min_mean5|minutes_absres,pl_min_mean5,minutes_absres,5107,257,2000,-9.942697779437621,0.019004219952354216,0.02704145055099786,1.3700834178026136,1.0991253053118297,0.8180338626384075,1.3436183457819424,2000.0,0.0,2.9931388277116504,5.022578415585524,0.00336620799693358,0.007467964830414556,ANALYTIC,False,10.810765761704028
A2_DEC,E0_I0014_residual_heterogeneity,pl_min_mean5|minutes_sqres,pl_min_mean5,minutes_sqres,5107,257,2000,-5.642220680613528,0.006199742806255682,0.01590250767963692,1.2640579201951394,1.0189151422403309,0.7479224699590591,1.3623272239649462,2000.0,0.0,2.7755994066856253,5.022578415585524,0.002886515189158691,0.007253712173837863,ANALYTIC,False,6.181530471502313
A2_DEC,E0_I0014_residual_heterogeneity,pl_min_mean5|fga_absres,pl_min_mean5,fga_absres,5107,257,2000,6.086809040424839,0.007207955125278572,0.019090918083218243,1.2502191532630977,0.9939771718650604,0.7582398802771598,1.3109006763159587,2000.0,0.0,2.756485055717661,5.022578415585524,0.0028404475304953498,0.007225977339668289,ANALYTIC,False,6.7166499692659185
A2_DEC,E0_I0014_residual_heterogeneity,pl_min_mean5|fga_sqres,pl_min_mean5,fga_sqres,5107,257,2000,5.965838625663675,0.006926262259616506,0.019091498125587823,1.2499101289561385,0.99523881883475,0.7560715532830543,1.3163288772248747,2000.0,0.0,2.781550702756145,5.022578415585524,0.00287756698130118,0.00722535861790481,ANALYTIC,False,6.574245235448049
A2_DEC,E0_I0014_residual_heterogeneity,pl_fga_mean5|pts_absres,pl_fga_mean5,pts_absres,5107,257,2000,12.295423518928875,0.028772808160801803,-0.026476665473995537,1.3583869661208943,1.089921480697024,0.8107980134357679,1.3442577098560795,2000.0,0.0,2.9658415891265366,5.022578415585524,0.003306170278947891,0.00744417601895499,ANALYTIC,False,13.820337312801717
A2_DEC,E0_I0014_residual_heterogeneity,pl_fga_mean5|pts_sqres,pl_fga_mean5,pts_sqres,5107,257,2000,12.556826014050396,0.029972182871884433,-0.023759222334709253,1.3790382946973825,1.1055651021573576,0.8242728694747641,1.3412610594132937,2000.0,0.0,2.983242105231098,5.022578415585524,0.003362376876671373,0.007486203343206854,ANALYTIC,False,13.892560747741108
A2_DEC,E0_I0014_residual_heterogeneity,pl_fga_mean5|minutes_absres,pl_fga_mean5,minutes_absres,5107,257,2000,-11.198898908994698,0.023987255926624224,-0.015262412139575922,1.4492215169045821,1.161390719564775,0.866586930286681,1.3401895170292588,2000.0,0.0,3.248690471701552,5.022578415585524,0.003909628763016655,0.0076299167603999934,ANALYTIC,False,11.582805877431538
A2_DEC,E0_I0014_residual_heterogeneity,pl_fga_mean5|minutes_sqres,pl_fga_mean5,minutes_sqres,5107,257,2000,-7.805549915527183,0.011798504140607251,-0.019939226507501975,1.329897107720897,1.0719293458950672,0.7870303440845153,1.3619923983260778,2000.0,0.0,2.944924700504316,5.022578415585524,0.003234320672125222,0.00738639075602664,ANALYTIC,False,8.555731834539058
A2_DEC,E0_I0014_residual_heterogeneity,pl_fga_mean5|fga_absres,pl_fga_mean5,fga_absres,5107,257,2000,11.391886389147652,0.02480043067602457,0.009595709100779462,1.2969136748990238,1.0324698403207315,0.7845699261670519,1.3159691773616318,2000.0,0.0,2.8986528551001345,5.022578415585524,0.0031175641871470203,0.007319772511513658,ANALYTIC,False,13.203942954373677
A2_DEC,E0_I0014_residual_heterogeneity,pl_fga_mean5|fga_sqres,pl_fga_mean5,fga_sqres,5107,257,2000,11.376789435982177,0.024736366234544352,0.008996711300051675,1.2935698147496688,1.0281219345264299,0.7847549636255843,1.3101184219039343,2000.0,0.0,2.8731445794256047,5.022578415585524,0.003073463750909509,0.007313035602442085,ANALYTIC,False,13.187132265649762
A2_DEC,E0_I0014_residual_heterogeneity,pl_pts_mean5|pts_absres,pl_pts_mean5,pts_absres,5107,257,2000,11.551361394988172,0.025481835796982554,-0.025091547047210516,1.3407996712338939,1.0835417298512693,0.7897617702400739,1.3719855413131625,2000.0,0.0,2.8704219250785425,5.022578415585524,0.0031311808242880453,0.007408477556563559,ANALYTIC,False,13.254401592463594
A2_DEC,E0_I0014_residual_heterogeneity,pl_pts_mean5|pts_sqres,pl_pts_mean5,pts_sqres,5107,257,2000,11.780985336067669,0.026477896427346426,-0.02283648013452145,1.3601477233880854,1.092639630974062,0.8099783964243797,1.3489737946067204,2000.0,0.0,2.940607664505485,5.022578415585524,0.003268059004445033,0.007447754706179043,ANALYTIC,False,13.195840472137185
A2_DEC,E0_I0014_residual_heterogeneity,pl_pts_mean5|minutes_absres,pl_pts_mean5,minutes_absres,5107,257,2000,-10.928522443763502,0.022869151578848675,-0.008137553597228056,1.41390227635587,1.1221741295848953,0.8598146140389544,1.3051349805669323,2000.0,0.0,3.2222011633770604,5.022578415585524,0.0038118770208491262,0.007557423150066644,ANALYTIC,False,11.405189158292584
A2_DEC,E0_I0014_residual_heterogeneity,pl_pts_mean5|minutes_sqres,pl_pts_mean5,minutes_sqres,5107,257,2000,-7.839856136932828,0.01190120640826342,-0.018773685468830393,1.3008305861168727,1.0450774447421018,0.774454394546442,1.3494370386446704,2000.0,0.0,3.0074812570561265,5.022578415585524,0.0032952351696324193,0.007327667896923075,ANALYTIC,False,8.77363307644484
A2_DEC,E0_I0014_residual_heterogeneity,pl_pts_mean5|fga_absres,pl_pts_mean5,fga_absres,5107,257,2000,9.835427753337285,0.01860395331713942,-0.0053842375374642,1.2975424898770533,1.0351637322053788,0.7820137563226456,1.3237155022350884,2000.0,0.0,2.926808699645676,5.022578415585524,0.003162549311184129,0.00732103973792523,ANALYTIC,False,11.253336594121327
A2_DEC,E0_I0014_residual_heterogeneity,pl_pts_mean5|fga_sqres,pl_pts_mean5,fga_sqres,5107,257,2000,9.742945017316845,0.018262090741851575,-0.004936077329312355,1.2908484792116288,1.0324684291054185,0.774461008748575,1.3331444933215537,2000.0,0.0,2.8163711704214793,5.022578415585524,0.002982507471447033,0.007307555189296342,ANALYTIC,False,11.247146712119681
A2_DEC,E0_I0014_residual_heterogeneity,pl_usg_mean5|pts_absres,pl_usg_mean5,pts_absres,5107,257,2000,12.319674875293193,0.028883140891775294,-0.028582976871156702,1.3806755463039182,1.112254513684122,0.8181402029796129,1.3594913312331605,2000.0,0.0,3.0696136544905954,5.022578415585524,0.003506286212125427,0.007489540359866495,ANALYTIC,False,13.698654974773739
A2_DEC,E0_I0014_residual_heterogeneity,pl_usg_mean5|pts_sqres,pl_usg_mean5,pts_sqres,5107,257,2000,12.64602101618276,0.03038651383668836,-0.015384795441791197,1.4018211700326495,1.1258792796514845,0.8349258240127518,1.3484782088070724,2000.0,0.0,3.0701919274638656,5.022578415585524,0.0035368028810714943,0.007532705806784218,ANALYTIC,False,13.797802637321862
A2_DEC,E0_I0014_residual_heterogeneity,pl_usg_mean5|minutes_absres,pl_usg_mean5,minutes_absres,5107,257,2000,-9.470274131033344,0.01727161829656388,-0.03995518581666537,1.4375039405460206,1.1402084410715196,0.8759504224840688,1.3016814785453876,2000.0,0.0,3.205785541728975,5.022578415585524,0.0038178371885107133,0.007605827789296308,ANALYTIC,False,9.509745615897943
A2_DEC,E0_I0014_residual_heterogeneity,pl_usg_mean5|minutes_sqres,pl_usg_mean5,minutes_sqres,5107,257,2000,-7.341941971013565,0.010452804771235186,-0.04380597478238424,1.3309453740725259,1.0615639268263404,0.8036502974295647,1.3209276848670366,2000.0,0.0,2.937634401202907,5.022578415585524,0.0032241295408559204,0.007388512938515575,ANALYTIC,False,7.814814558365373
A2_DEC,E0_I0014_residual_heterogeneity,pl_usg_mean5|fga_absres,pl_usg_mean5,fga_absres,5107,257,2000,12.040655565097168,0.027625383221349272,0.0070039483117949,1.300514719265333,1.0299979846536311,0.7937008587536494,1.2977155981298039,2000.0,0.0,2.940818414406587,5.022578415585524,0.003188588997047568,0.007327031040908578,ANALYTIC,False,13.872553442531991
A2_DEC,E0_I0014_residual_heterogeneity,pl_usg_mean5|fga_sqres,pl_usg_mean5,fga_sqres,5107,257,2000,11.881019371827044,0.026917305807650633,0.006345696964291615,1.2979907600025542,1.0291038196967057,0.7907185574650789,1.3014792810679099,2000.0,0.0,2.9406115503539674,5.022578415585524,0.003184906194894654,0.007321943186271587,ANALYTIC,False,13.724118967082164
A2_DEC,E0_I0014_residual_heterogeneity,pl_start_frac5|pts_absres,pl_start_frac5,pts_absres,5107,257,2000,2.1405144009117207,0.000897058936736975,0.025296792477602147,1.347862278900187,1.0728902396997615,0.8159066549685808,1.314966893781589,2000.0,0.1125,2.9879625837177346,5.022578415585524,0.003327547839506006,0.007422802836136957,ANALYTIC,False,1.3085126278974544
A2_DEC,E0_I0014_residual_heterogeneity,pl_start_frac5|pts_sqres,pl_start_frac5,pts_sqres,5107,257,2000,2.608559215072548,0.001331671509240161,0.0239907357412507,1.3890876433351584,1.1120542128798672,0.8323803879228749,1.3359928093150912,2000.0,0.0545,3.1254278483953777,5.022578415585524,0.003611287691166419,0.0075066974690483025,ANALYTIC,False,1.7978619197492924
A2_DEC,E0_I0014_residual_heterogeneity,pl_start_frac5|minutes_absres,pl_start_frac5,minutes_absres,5107,257,2000,-6.426073414686732,0.008027227091467491,-0.039872082498938505,1.396601099714852,1.1125080775412115,0.8448620246511144,1.3167926182983802,2000.0,0.0,3.1323801718648823,5.022578415585524,0.0036336496491960043,0.007522038328480079,ANALYTIC,False,6.2892699424379455
A2_DEC,E0_I0014_residual_heterogeneity,pl_start_frac5|minutes_sqres,pl_start_frac5,minutes_sqres,5107,257,2000,-5.283862866022278,0.0054413655062037535,-0.029167319998429093,1.2694296857794054,1.0071185583646138,0.7729862204958394,1.3028932879535524,2000.0,0.0,3.000294733539508,5.022578415585524,0.0032414540379129726,0.007264492259926679,ANALYTIC,False,5.532756204779828
A2_DEC,E0_I0014_residual_heterogeneity,pl_start_frac5|fga_absres,pl_start_frac5,fga_absres,5107,257,2000,1.8668357947627658,0.0006824803818708865,-0.03127480754018948,1.2791244945132745,1.0294216421505062,0.7595387011243682,1.3553248052095597,2000.0,0.149,2.774984819645514,5.022578415585524,0.0029046858450177183,0.007283968109820484,ANALYTIC,False,1.102529932145143
A2_DEC,E0_I0014_residual_heterogeneity,pl_start_frac5|fga_sqres,pl_start_frac5,fga_sqres,5107,257,2000,2.014870712529572,0.0007949200172927269,-0.019056898397710444,1.2756975010543832,1.020979701392102,0.7647525417324073,1.3350458425143106,2000.0,0.1105,2.798343407447117,5.022578415585524,0.0029356500357450594,0.007277080661638578,ANALYTIC,False,1.299624331925712
A2_DEC,E0_I0014_residual_heterogeneity,pl_min_sd5|pts_absres,pl_min_sd5,pts_absres,5107,257,2000,-3.3555379564378947,0.0022016158311731287,0.014339271356878751,1.1672691529214347,0.9291045358337806,0.7064389010245857,1.315194469735813,2000.0,0.002,2.605321707521937,5.022578415585524,0.0025204104795350426,0.0070608474269588705,ANALYTIC,False,3.4347392493320075
A2_DEC,E0_I0014_residual_heterogeneity,pl_min_sd5|pts_sqres,pl_min_sd5,pts_sqres,5107,257,2000,-3.58689175503664,0.0025148807619829595,0.01915673400435434,1.186531005401437,0.9465003020071662,0.7154802678134651,1.32288805797497,2000.0,0.0015,2.696587954003948,5.022578415585524,0.002673680363562167,0.007099022162529869,ANALYTIC,False,3.6903763413330886
A2_DEC,E0_I0014_residual_heterogeneity,pl_min_sd5|minutes_absres,pl_min_sd5,minutes_absres,5107,257,2000,9.716704248137932,0.018165636842322322,-0.052474836972908404,1.2160424218064214,0.9708052309820614,0.7338800269848017,1.3228391498412673,2000.0,0.0,2.7631806619816675,5.022578415585524,0.002807626783412307,0.007157709969581318,ANALYTIC,False,11.917341657449132
A2_DEC,E0_I0014_residual_heterogeneity,pl_min_sd5|minutes_sqres,pl_min_sd5,minutes_sqres,5107,257,2000,6.81934603615084,0.009030672673224115,-0.04925007568915354,1.1586696363771747,0.9239921662442113,0.7005380018385944,1.3189750788952936,2000.0,0.0,2.6709487031865478,5.022578415585524,0.002603116455691186,0.007043837423431504,ANALYTIC,False,8.41546619089043
A2_DEC,E0_I0014_residual_heterogeneity,pl_min_sd5|fga_absres,pl_min_sd5,fga_absres,5107,257,2000,-1.3756159508004222,0.00037068739666904404,-0.014157005775359053,1.1571425629939096,0.9254271617302139,0.6945038362531465,1.3325011517904646,2000.0,0.235,2.597158796294149,5.022578415585524,0.002497021292346908,0.007040818988721121,ANALYTIC,False,0.6482164180675809
A2_DEC,E0_I0014_residual_heterogeneity,pl_min_sd5|fga_sqres,pl_min_sd5,fga_sqres,5107,257,2000,-0.967018998957879,0.00018321662037373843,-0.012940293324777325,1.1507904578799055,0.9215659668019035,0.6890410201112638,1.3374616893680618,2000.0,0.4145,2.574342819321739,5.022578415585524,0.0024577923595204398,0.007028270270186788,ANALYTIC,False,0.06596564040357993
A2_DEC,E0_I0014_residual_heterogeneity,pl_min_cv5|pts_absres,pl_min_cv5,pts_absres,5107,257,2000,-4.596976637074213,0.004124053283738031,0.01044501122441741,1.1897994921862685,0.9529618093001591,0.7121386657143027,1.3381688920714638,2000.0,0.0,2.6836931758034157,5.022578415585524,0.0026590210914077543,0.007105510134189505,ANALYTIC,False,5.117001790822529
A2_DEC,E0_I0014_residual_heterogeneity,pl_min_cv5|pts_sqres,pl_min_cv5,pts_sqres,5107,257,2000,-4.769659617261215,0.004438307448710186,0.01944367470755713,1.2095899543793194,0.9662870888173785,0.7275357561080232,1.3281643970140566,2000.0,0.0,2.6976894703544194,5.022578415585524,0.0027034406742516733,0.007144857649448115,ANALYTIC,False,5.227746535496901
A2_DEC,E0_I0014_residual_heterogeneity,pl_min_cv5|minutes_absres,pl_min_cv5,minutes_absres,5107,257,2000,10.776657832288292,0.02225202526936299,-0.049038291506609474,1.2339888646395796,0.9813917242979759,0.749348352093455,1.3096602155142683,2000.0,0.0,2.7922746163372887,5.022578415585524,0.0028735513351461368,0.007193517248155864,ANALYTIC,False,13.071712349303597
A2_DEC,E0_I0014_residual_heterogeneity,pl_min_cv5|minutes_sqres,pl_min_cv5,minutes_sqres,5107,257,2000,7.314136204593116,0.010374599789222023,-0.04355516955938955,1.1703400421763177,0.934460578547034,0.7056489329399382,1.3242570560601574,2000.0,0.0,2.7044234166815095,5.022578415585524,0.002665306428194069,0.007066926673671448,ANALYTIC,False,9.040863421229169
A2_DEC,E0_I0014_residual_heterogeneity,pl_min_cv5|fga_absres,pl_min_cv5,fga_absres,5107,257,2000,-2.558048214482653,0.0012806644127581928,-0.011844144730977264,1.1610485699376007,0.9269128795036049,0.6989827257260699,1.3260883930153955,2000.0,0.026,2.580071270029178,5.022578415585524,0.002477759266574449,0.007048540945731853,ANALYTIC,False,2.3335846151057633
A2_DEC,E0_I0014_residual_heterogeneity,pl_min_cv5|fga_sqres,pl_min_cv5,fga_sqres,5107,257,2000,-2.253406625343284,0.0009940806653272148,-0.012200206963611722,1.159153863233408,0.9258321528529114,0.6972751436242842,1.3277859698836212,2000.0,0.0555,2.59209039141348,5.022578415585524,0.0024923027209687405,0.007044794688121406,ANALYTIC,False,1.9039463612454757
A2_DEC,E0_I0014_residual_heterogeneity,pl_min_rng5|pts_absres,pl_min_rng5,pts_absres,5107,257,2000,-3.33824866803372,0.0021790360964507784,0.009593869706483193,1.1680775265032837,0.9320877481218448,0.7037577814935106,1.3244439672748962,2000.0,0.0025,2.594862995770604,5.022578415585524,0.002506690394140436,0.0070624474597298075,ANALYTIC,False,3.419018564605474
A2_DEC,E0_I0014_residual_heterogeneity,pl_min_rng5|pts_sqres,pl_min_rng5,pts_sqres,5107,257,2000,-3.4955581852248345,0.002388739797965244,0.013871780532506421,1.1849591092980585,0.9447738908338082,0.7150359336076463,1.321295680997514,2000.0,0.0025,2.657192906805666,5.022578415585524,0.002615081563007401,0.007095902991841301,ANALYTIC,False,3.567351198031804
A2_DEC,E0_I0014_residual_heterogeneity,pl_min_rng5|minutes_absres,pl_min_rng5,minutes_absres,5107,257,2000,9.669546553940837,0.017992904495274905,-0.05529097757105026,1.217669954185639,0.975973017760383,0.7299170552371065,1.3371012648051466,2000.0,0.0,2.7339745191302622,5.022578415585524,0.002766499480963486,0.007160953587043816,ANALYTIC,False,11.910358134262845
A2_DEC,E0_I0014_residual_heterogeneity,pl_min_rng5|minutes_sqres,pl_min_rng5,minutes_sqres,5107,257,2000,6.690183017992262,0.008694764602846813,-0.053771651127524814,1.1573358210909874,0.9253589450893511,0.6968511344891983,1.327914814643521,2000.0,0.0,2.598356292555941,5.022578415585524,0.002498923800555762,0.007041200949639747,ANALYTIC,False,8.272676598465479
A2_DEC,E0_I0014_residual_heterogeneity,pl_min_rng5|fga_absres,pl_min_rng5,fga_absres,5107,257,2000,-1.2348211200743173,0.000298712076705015,-0.013522679087787457,1.1633154693516616,0.9344789681425041,0.6926745626671849,1.3490880400519356,2000.0,0.2895,2.5631001640415882,5.022578415585524,0.0024568193769039888,0.007053024419777093,ANALYTIC,False,0.4335977789848783
A2_DEC,E0_I0014_residual_heterogeneity,pl_min_rng5|fga_sqres,pl_min_rng5,fga_sqres,5107,257,2000,-0.8891301037121668,0.00015489513788219066,-0.010281999431431299,1.1568669080642147,0.9281118614713557,0.6903798061208061,1.3443496655650298,2000.0,0.453,2.5591168746061417,5.022578415585524,0.0024437825848362066,0.007040274194236015,ANALYTIC,True,-0.056464220728332924
A2_DEC,E0_I0014_residual_heterogeneity,pl_fga_sd5|pts_absres,pl_fga_sd5,pts_absres,5107,257,2000,4.521085901937987,0.003989549377770947,-0.027735852191161845,1.188427744551196,0.9435088699362277,0.7228249107088358,1.305307628386768,2000.0,0.0,2.685372991608751,5.022578415585524,0.0026597792604478813,0.0071027868436084485,ANALYTIC,False,4.9494379330305875
A2_DEC,E0_I0014_residual_heterogeneity,pl_fga_sd5|pts_sqres,pl_fga_sd5,pts_sqres,5107,257,2000,4.134838906467022,0.003339173679805579,-0.03956597538052518,1.2101333840044242,0.96211541125858,0.734751609367913,1.3094430811608049,2000.0,0.0005,2.7322933424329303,5.022578415585524,0.002754700468521367,0.007145939632086741,ANALYTIC,False,4.318089888823586
A2_DEC,E0_I0014_residual_heterogeneity,pl_fga_sd5|minutes_absres,pl_fga_sd5,minutes_absres,5107,257,2000,-1.0430341563575622,0.00021314684784552815,-0.030511490854637807,1.2504586204863235,1.002128724119515,0.7482070678928211,1.3393735065104564,2000.0,0.414,2.7822692493066956,5.022578415585524,0.0028793390098454464,0.007226456813964953,ANALYTIC,False,0.0546712721563156
A2_DEC,E0_I0014_residual_heterogeneity,pl_fga_sd5|minutes_sqres,pl_fga_sd5,minutes_sqres,5107,257,2000,-1.3385118862189782,0.00035096713147148907,-0.04427582066895495,1.1950145144962097,0.9616790842415897,0.710444729093262,1.3536296982159008,2000.0,0.2615,2.653027560263404,5.022578415585524,0.0026212356048619127,0.0071158681301842636,ANALYTIC,False,0.530418182507088
A2_DEC,E0_I0014_residual_heterogeneity,pl_fga_sd5|fga_absres,pl_fga_sd5,fga_absres,5107,257,2000,4.909252406186945,0.0047006603380018155,-0.020294352857344173,1.17456090274815,0.9432301821529011,0.6999122376493543,1.3476406489486836,2000.0,0.0,2.572727610324278,5.022578415585524,0.0024833746229372842,0.007075286715167515,ANALYTIC,False,5.666456465104647
A2_DEC,E0_I0014_residual_heterogeneity,pl_fga_sd5|fga_sqres,pl_fga_sd5,fga_sqres,5107,257,2000,4.443475492744501,0.0038542766583576585,-0.02817587877570566,1.158524920296109,0.9268896029013985,0.6952842262034329,1.3331089185823128,2000.0,0.0005,2.573989298927072,5.022578415585524,0.0024663409225213167,0.0070435513478456025,ANALYTIC,False,5.057767395422236
A2_DEC,E0_I0014_residual_heterogeneity,pl_pts_sd5|pts_absres,pl_pts_sd5,pts_absres,5107,257,2000,6.573077333722428,0.00839557357961654,-0.020401276689802718,1.2070844292185434,0.9643836611849327,0.7259257145561602,1.3284880833496422,2000.0,0.0,2.740482005459475,5.022578415585524,0.0027629655412678873,0.0071398701426687765,ANALYTIC,False,7.726263941437478
A2_DEC,E0_I0014_residual_heterogeneity,pl_pts_sd5|pts_sqres,pl_pts_sd5,pts_sqres,5107,257,2000,6.442063503515904,0.00806690265597762,-0.01388284038436455,1.217915599502894,0.9718885695781982,0.733806054453011,1.3244488290610483,2000.0,0.0,2.648781357144297,5.022578415585524,0.002642812429604823,0.007161443213744635,ANALYTIC,False,7.4545241222018115
A2_DEC,E0_I0014_residual_heterogeneity,pl_pts_sd5|minutes_absres,pl_pts_sd5,minutes_absres,5107,257,2000,-2.62139157318646,0.0013447879304558403,-0.01674434983871491,1.2315342052251965,0.9921673813693329,0.7294302264207226,1.3601950473561375,2000.0,0.032,2.7041138833590703,5.022578415585524,0.002739785104223146,0.007188614364159172,ANALYTIC,False,2.2335572790993985
A2_DEC,E0_I0014_residual_heterogeneity,pl_pts_sd5|minutes_sqres,pl_pts_sd5,minutes_sqres,5107,257,2000,-2.5851298027778706,0.0013078886171810525,-0.03251008305500087,1.1594487013142727,0.9360351906199929,0.6846740443660871,1.3671252741684272,2000.0,0.024,2.5778944210520796,5.022578415585524,0.0024728534070822946,0.007045377583322563,ANALYTIC,False,2.4085835087917054
A2_DEC,E0_I0014_residual_heterogeneity,pl_pts_sd5|fga_absres,pl_pts_sd5,fga_absres,5107,257,2000,4.6278398966229854,0.0041793832386982106,-0.0324035724238942,1.1765046073939445,0.9438812653176422,0.7027489496291471,1.3431272516533035,2000.0,0.0,2.5900032709244556,5.022578415585524,0.002509819789420444,0.007079138172895457,ANALYTIC,False,5.24221150846178
A2_DEC,E0_I0014_residual_heterogeneity,pl_pts_sd5|fga_sqres,pl_pts_sd5,fga_sqres,5107,257,2000,4.485036311555815,0.003926429243463613,-0.02370586439337379,1.1615697105270226,0.9274988442238985,0.6993725711552005,1.326187046043122,2000.0,0.0005,2.522857416869531,5.022578415585524,0.0023992978769312324,0.0070495715314932254,ANALYTIC,False,5.086755778047878
A2_DEC,E0_I0014_residual_heterogeneity,pl_usg_sd5|pts_absres,pl_usg_sd5,pts_absres,5107,257,2000,2.79851835123283,0.001532373870691657,-0.011088461602050625,1.1530063493566698,0.926820159712453,0.6856539477282018,1.3517316756992572,2000.0,0.0125,2.5595796239303845,5.022578415585524,0.0024399291571599955,0.007032646539636876,ANALYTIC,False,2.729800065648177
A2_DEC,E0_I0014_residual_heterogeneity,pl_usg_sd5|pts_sqres,pl_usg_sd5,pts_sqres,5107,257,2000,2.7076437382585006,0.0014346104260742614,-0.008096025203498365,1.1663799025559511,0.9333819870817657,0.6991923217646805,1.3349431308484876,2000.0,0.019,2.580584827849624,5.022578415585524,0.0024847302970575453,0.007059087522254092,ANALYTIC,False,2.5375875791923796
A2_DEC,E0_I0014_residual_heterogeneity,pl_usg_sd5|minutes_absres,pl_usg_sd5,minutes_absres,5107,257,2000,1.0964444657100432,0.00023552955418415712,-0.047294937325147925,1.2111243549334145,0.9625866100026126,0.7362225432355182,1.3074669050098353,2000.0,0.3625,2.855933852721479,5.022578415585524,0.0029405716100534968,0.007147912892096571,ANALYTIC,False,0.18181711078712426
A2_DEC,E0_I0014_residual_heterogeneity,pl_usg_sd5|minutes_sqres,pl_usg_sd5,minutes_sqres,5107,257,2000,0.07036557069865976,9.702741006471803e-07,-0.05557950517361496,1.155709726021145,0.9244461837740553,0.6955050946641167,1.3291724113401384,2000.0,0.953,2.616742851387312,5.022578415585524,0.002522789016427833,0.007037987411248247,ANALYTIC,True,-1.228000513048521
A2_DEC,E0_I0014_residual_heterogeneity,pl_usg_sd5|fga_absres,pl_usg_sd5,fga_absres,5107,257,2000,2.740608210642167,0.0014697030222954087,-0.017966049092054362,1.1426316035872341,0.9154256724922252,0.6837445051785733,1.3388417245900115,2000.0,0.011,2.461670841138217,5.022578415585524,0.002294735602696341,0.007012168701028591,ANALYTIC,False,2.669392623013855
A2_DEC,E0_I0014_residual_heterogeneity,pl_usg_sd5|fga_sqres,pl_usg_sd5,fga_sqres,5107,257,2000,2.4762491575290935,0.0012001667050933974,-0.025471787811241688,1.147627625586157,0.9207435569212501,0.6852047208988662,1.3437495814585152,2000.0,0.0305,2.532608713365833,5.022578415585524,0.002396580724522585,0.007022026201803158,ANALYTIC,False,2.2701326379761335
A2_DEC,E0_I0014_residual_heterogeneity,pl_min_trend5|pts_absres,pl_min_trend5,pts_absres,5107,257,2000,-0.5052741973698892,5.002728639250827e-05,-0.0127839184374537,1.0674957814576262,0.844502065329185,0.6528171605863676,1.293627245599126,2000.0,0.6285,2.395293661965457,5.022578415585524,0.002124260146073251,0.00686475553359905,ANALYTIC,True,-0.5196368729869135
A2_DEC,E0_I0014_residual_heterogeneity,pl_min_trend5|pts_sqres,pl_min_trend5,pts_sqres,5107,257,2000,-1.3663425022495315,0.0003657082296191409,0.003374738064619189,1.0749755062318085,0.8519961543802113,0.6552275606117789,1.3003057343691582,2000.0,0.2095,2.445969449707799,5.022578415585524,0.0021983815565422703,0.0068793602359932355,ANALYTIC,False,0.7849888783510275
A2_DEC,E0_I0014_residual_heterogeneity,pl_min_trend5|minutes_absres,pl_min_trend5,minutes_absres,5107,257,2000,-3.671343932420938,0.0026343833104480493,0.014046262574259094,1.0783710486271338,0.8604663907903337,0.6498528438268178,1.3240942145044197,2000.0,0.001,2.3838289291359613,5.022578415585524,0.002121279137607193,0.006885995399287713,ANALYTIC,False,4.3254062336298515
A2_DEC,E0_I0014_residual_heterogeneity,pl_min_trend5|minutes_sqres,pl_min_trend5,minutes_sqres,5107,257,2000,-3.7950364731092607,0.0028143774873968645,0.008854528486088553,1.0615781424208748,0.8447369582357348,0.6427200767078721,1.3143154988445818,2000.0,0.0,2.355028010202012,5.022578415585524,0.0020662988016905085,0.006853211912349952,ANALYTIC,False,4.590333524332227
A2_DEC,E0_I0014_residual_heterogeneity,pl_min_trend5|fga_absres,pl_min_trend5,fga_absres,5107,257,2000,-1.736409611550281,0.0005905032141903729,-0.00041797211174917324,1.0360170871445538,0.8331957666674978,0.6154422091614402,1.3538164173087086,2000.0,0.0935,2.2353480951426836,5.022578415585524,0.0018905819243342724,0.006803461203949323,ANALYTIC,False,1.4675851468059706
A2_DEC,E0_I0014_residual_heterogeneity,pl_min_trend5|fga_sqres,pl_min_trend5,fga_sqres,5107,257,2000,-2.4927792083907714,0.001216223913268787,0.004280062450236894,1.0346126313978619,0.8321554400216946,0.6145018586167851,1.3541951555603713,2000.0,0.0145,2.286204342397602,5.022578415585524,0.0019515122556512234,0.006800732897058106,ANALYTIC,False,2.702390147536841
A2_DEC,E0_I0014_residual_heterogeneity,pl_abs_min_trend5|pts_absres,pl_abs_min_trend5,pts_absres,5107,257,2000,-0.7910118218009657,0.00012259905781605938,0.02335459011886402,1.0969917224571275,0.8776543863538002,0.65823551690204,1.3333440141371384,2000.0,0.473,2.473722666494751,5.022578415585524,0.00225953273331742,0.006922438555368253,ANALYTIC,True,-0.13162851643225568
A2_DEC,E0_I0014_residual_heterogeneity,pl_abs_min_trend5|pts_sqres,pl_abs_min_trend5,pts_sqres,5107,257,2000,-1.0035944123399887,0.00019733548654401597,0.031680298349703095,1.1128837459400502,0.8879636516373646,0.6712976178877919,1.3227570424446056,2000.0,0.3555,2.542829870440138,5.022578415585524,0.0023705927682834073,0.00695361744889036,ANALYTIC,False,0.1722496216602871
A2_DEC,E0_I0014_residual_heterogeneity,pl_abs_min_trend5|minutes_absres,pl_abs_min_trend5,minutes_absres,5107,257,2000,7.928767749505202,0.012169376022920687,0.0008431631369297214,1.1526522484014112,0.9277902506868386,0.6836538269285283,1.3571053274946903,2000.0,0.0,2.5974344432325984,5.022578415585524,0.002492124103320808,0.00703194711738399,ANALYTIC,False,10.2405299627618
A2_DEC,E0_I0014_residual_heterogeneity,pl_abs_min_trend5|minutes_sqres,pl_abs_min_trend5,minutes_sqres,5107,257,2000,6.142088036643249,0.007338506465263246,-0.0037995288069698585,1.1167442285202496,0.8983522307084372,0.6630925010359531,1.354791721072002,2000.0,0.0,2.4631416579535306,5.022578415585524,0.002267579172424636,0.006961201986712191,ANALYTIC,False,7.9080004641019075
A2_DEC,E0_I0014_residual_heterogeneity,pl_abs_min_trend5|fga_absres,pl_abs_min_trend5,fga_absres,5107,257,2000,2.0504757832436256,0.0008232392061173335,0.01908886313684161,1.0920050424315224,0.8730495810667962,0.6559288911456724,1.3310125424447943,2000.0,0.06,2.470260986923035,5.022578415585524,0.0022493558560950067,0.00691266952395536,ANALYTIC,False,1.795051594876829
A2_DEC,E0_I0014_residual_heterogeneity,pl_abs_min_trend5|fga_sqres,pl_abs_min_trend5,fga_sqres,5107,257,2000,2.4039931329786652,0.0011312258323199046,0.01302503838603999,1.0768434577282997,0.8604369139111304,0.6473326232336923,1.3292036937871208,2000.0,0.027,2.4609449306737448,5.022578415585524,0.002220148847911169,0.006883009967882017,ANALYTIC,False,2.3844869911805735
A2_DEC,E0_I0014_residual_heterogeneity,pl_start_switch5|pts_absres,pl_start_switch5,pts_absres,5107,257,2000,-3.831382779354274,0.0028683886943558982,-0.031194226588243886,1.2514013090748384,0.9970957628106748,0.7564928909385068,1.3180504070219028,2000.0,0.002,2.8219566889435868,5.022578415585524,0.0029404513794594384,0.00722834447088541,ANALYTIC,False,3.7466142121010235
A2_DEC,E0_I0014_residual_heterogeneity,pl_start_switch5|pts_sqres,pl_start_switch5,pts_sqres,5107,257,2000,-3.791570031428358,0.002809252885452668,-0.04171028300754884,1.267702139020867,1.0043599942183479,0.7743162864743852,1.2970926890759291,2000.0,0.003,2.8871241688661824,5.022578415585524,0.0030613873371217923,0.007261024537260112,ANALYTIC,False,3.5995756332347435
A2_DEC,E0_I0014_residual_heterogeneity,pl_start_switch5|minutes_absres,pl_start_switch5,minutes_absres,5107,257,2000,7.590568030030615,0.011164697188521719,0.029387722802204416,1.3201945585230948,1.0469271309260615,0.8044706475761827,1.3013863639156809,2000.0,0.0,2.8845443353481715,5.022578415585524,0.0031261413363913916,0.007366762715752922,ANALYTIC,False,8.134095282183525
A2_DEC,E0_I0014_residual_heterogeneity,pl_start_switch5|minutes_sqres,pl_start_switch5,minutes_sqres,5107,257,2000,5.754935951103797,0.006448309695603814,0.022000153764234667,1.2481132380289381,0.9809818607781897,0.7716631967704854,1.2712565078699245,2000.0,0.0,2.78090465506314,5.022578415585524,0.002874327621171926,0.007221761446715641,ANALYTIC,False,6.186577395818861
A2_DEC,E0_I0014_residual_heterogeneity,pl_start_switch5|fga_absres,pl_start_switch5,fga_absres,5107,257,2000,-2.814677948529949,0.0015500943499770082,-0.004050161978984324,1.2149590736990246,0.964487294534622,0.7385396881122975,1.3059383402939997,2000.0,0.0255,2.8160718399192426,5.022578415585524,0.002885236967275098,0.007155551300456232,ANALYTIC,False,2.5052013910374966
A2_DEC,E0_I0014_residual_heterogeneity,pl_start_switch5|fga_sqres,pl_start_switch5,fga_sqres,5107,257,2000,-2.5486455561577652,0.001271278945485966,-0.005814205981261662,1.2081132150687341,0.9564025471756581,0.737840056092643,1.2962193354484572,2000.0,0.0375,2.7744060431503974,5.022578415585524,0.002814381066265537,0.007141917836513497,ANALYTIC,False,2.157978542685931
A2_DEC,E0_I0014_residual_heterogeneity,pl_rest_days|pts_absres,pl_rest_days,pts_absres,5107,257,2000,2.0135520615463314,0.0007938806978410428,0.009335752484640424,1.0598580441237462,0.8528547545949814,0.6290160400064908,1.3558553365128507,2000.0,0.054,2.3067922562094005,5.022578415585524,0.0020035766049670955,0.00684985831469554,ANALYTIC,False,1.8452586788396887
A2_DEC,E0_I0014_residual_heterogeneity,pl_rest_days|pts_sqres,pl_rest_days,pts_sqres,5107,257,2000,2.112440085246946,0.0008737025868340016,0.01938790506023811,1.0714529024682755,0.8461114428089006,0.657361921703034,1.2871318141106673,2000.0,0.0485,2.3902813608512328,5.022578415585524,0.0021220912375519946,0.006872480164586375,ANALYTIC,False,1.9263796709693117
A2_DEC,E0_I0014_residual_heterogeneity,pl_rest_days|minutes_absres,pl_rest_days,minutes_absres,5107,257,2000,6.380222614765227,0.00791398862916295,0.001783842100672409,1.1025368651191856,0.8779218618462766,0.6666771039587656,1.3168621760566368,2000.0,0.0,2.4741404309759005,5.022578415585524,0.002266302043791589,0.006933309729088754,ANALYTIC,False,8.253321915880992
A2_DEC,E0_I0014_residual_heterogeneity,pl_rest_days|minutes_sqres,pl_rest_days,minutes_sqres,5107,257,2000,8.12551234143048,0.012773001525826475,-0.0009709443245001914,1.0753619518354036,0.8580870589516566,0.6478599609858778,1.3244946603057035,2000.0,0.0,2.356375440915808,5.022578415585524,0.0020828038553578378,0.006880115220540094,ANALYTIC,False,11.21758670102047
A2_DEC,E0_I0014_residual_heterogeneity,pl_rest_days|fga_absres,pl_rest_days,fga_absres,5107,257,2000,2.5833282531953037,0.0013060687249232736,0.017961644685254192,1.05304032428757,0.8408809693210973,0.6338629069595443,1.326597534085972,2000.0,0.0155,2.3782064261469054,5.022578415585524,0.002086694381811449,0.006836574188817011,ANALYTIC,False,2.7489339804283834
A2_DEC,E0_I0014_residual_heterogeneity,pl_rest_days|fga_sqres,pl_rest_days,fga_sqres,5107,257,2000,3.6164134184216414,0.0025563419621002772,0.021956905879947308,1.0390023864651854,0.82841575536816,0.6272099602537835,1.3207949615994046,2000.0,0.0,2.2809574619707806,5.022578415585524,0.0019495934942325092,0.006809262287715264,ANALYTIC,False,4.445078745122915
A2_DEC,E0_I0014_residual_heterogeneity,pl_teamgames_since_appear|pts_absres,pl_teamgames_since_appear,pts_absres,5107,257,2000,1.8711800922341126,0.0006856582857095198,-0.004040824626699868,1.078044572646788,0.8623224560378763,0.6467027391744883,1.333413953277243,2000.0,0.075,2.3723377106349135,5.022578415585524,0.0021061401295211554,0.00688535729995868,ANALYTIC,False,1.5600021077443347
A2_DEC,E0_I0014_residual_heterogeneity,pl_teamgames_since_appear|pts_sqres,pl_teamgames_since_appear,pts_sqres,5107,257,2000,2.1990293223700053,0.0009467277759695063,0.008209985466696797,1.0957756774656218,0.8601839155367541,0.6786053795110617,1.267576033889564,2000.0,0.044,2.5058923288422768,5.022578415585524,0.002301157141102634,0.00692005565672566,ANALYTIC,False,1.9729366245193862
A2_DEC,E0_I0014_residual_heterogeneity,pl_teamgames_since_appear|minutes_absres,pl_teamgames_since_appear,minutes_absres,5107,257,2000,8.964396817620194,0.01550353514758764,0.034041574202713004,1.1129692605321038,0.8791346400554299,0.6830780598501658,1.287019290662431,2000.0,0.0,2.4464520906255802,5.022578415585524,0.0022411804069337043,0.0069537854112621585,ANALYTIC,False,11.836512768889516
A2_DEC,E0_I0014_residual_heterogeneity,pl_teamgames_since_appear|minutes_sqres,pl_teamgames_since_appear,minutes_sqres,5107,257,2000,11.595966207119194,0.025673946366124932,0.02568995374143961,1.0956326195153792,0.8592657465786612,0.6799736495553022,1.2636750661450113,2000.0,0.0,2.5514176344592694,5.022578415585524,0.002362517737970374,0.006919775354759204,ANALYTIC,False,15.789877251217392
A2_DEC,E0_I0014_residual_heterogeneity,pl_teamgames_since_appear|fga_absres,pl_teamgames_since_appear,fga_absres,5107,257,2000,2.718354049620032,0.0014459658727005696,-0.0025515885324412907,1.0522857985657017,0.8374458387459731,0.636903092870549,1.3148716784708478,2000.0,0.0115,2.3412259574680263,5.022578415585524,0.002038882713761349,0.006835104810157218,ANALYTIC,False,2.9532094158888853
A2_DEC,E0_I0014_residual_heterogeneity,pl_teamgames_since_appear|fga_sqres,pl_teamgames_since_appear,fga_sqres,5107,257,2000,4.032144766522575,0.0031758881482966844,0.006376022875886885,1.054324117426856,0.8293651956582416,0.6507298175601269,1.2745154337139453,2000.0,0.001,2.2962806013309294,5.022578415585524,0.0019846191684866504,0.006839074636495926,ANALYTIC,False,4.921826977090071
A2_DEC,E0_I0014_residual_heterogeneity,pl_dnp_frac5|pts_absres,pl_dnp_frac5,pts_absres,5107,257,2000,1.1485645657433998,0.00025844789674133963,-0.026849869600788865,1.185882989242586,0.9489460859204001,0.7114004440205616,1.3339126983915304,2000.0,0.3235,2.6686707314975107,5.022578415585524,0.002632650444995984,0.007097736197427742,ANALYTIC,False,0.2805993185706111
A2_DEC,E0_I0014_residual_heterogeneity,pl_dnp_frac5|pts_sqres,pl_dnp_frac5,pts_sqres,5107,257,2000,1.7520169764503013,0.0006011597467689748,-0.017205304085045676,1.191447992862934,0.9567347724461093,0.7099613833169496,1.3475870588569634,2000.0,0.1375,2.6658083296661323,5.022578415585524,0.0026352663063644003,0.007108783545070794,ANALYTIC,False,1.1201767063563688
A2_DEC,E0_I0014_residual_heterogeneity,pl_dnp_frac5|minutes_absres,pl_dnp_frac5,minutes_absres,5107,257,2000,5.762432302250317,0.006465011032596051,0.06846948763673959,1.2422023366169619,0.9834870992563465,0.7615945911495832,1.2913525262460561,2000.0,0.0,2.7689936497916996,5.022578415585524,0.002849047604476088,0.007209934813662663,ANALYTIC,False,6.274920093353641
A2_DEC,E0_I0014_residual_heterogeneity,pl_dnp_frac5|minutes_sqres,pl_dnp_frac5,minutes_sqres,5107,257,2000,7.235962589372655,0.010156257406069246,0.055378794297366654,1.1787165708387084,0.9399636351907004,0.7130690549365097,1.3181944002245236,2000.0,0.0,2.621918303199827,5.022578415585524,0.0025574002855891743,0.007083522461325743,ANALYTIC,False,8.829437921328024
A2_DEC,E0_I0014_residual_heterogeneity,pl_dnp_frac5|fga_absres,pl_dnp_frac5,fga_absres,5107,257,2000,1.4598492230049818,0.00041745445654938016,0.002918147444665891,1.148940309961872,0.9134519062088322,0.6966064633979062,1.3112883015084265,2000.0,0.2035,2.596590740609429,5.022578415585524,0.002486583787815979,0.007024617368470391,ANALYTIC,False,0.7843701508753355
A2_DEC,E0_I0014_residual_heterogeneity,pl_dnp_frac5|fga_sqres,pl_dnp_frac5,fga_sqres,5107,257,2000,1.9849834527328207,0.0007715303459042545,-0.0006198430705677555,1.144795530961622,0.9097276599724332,0.6946501044239095,1.3096199859163526,2000.0,0.08,2.6111855644363597,5.022578415585524,0.002502107718327385,0.00701643743106312,ANALYTIC,False,1.547909927476544
A2_DEC,E0_I0014_residual_heterogeneity,tm_rest_days|pts_absres,tm_rest_days,pts_absres,5107,36,2000,0.8275285525208764,0.000134178251910709,-0.0007682338468714498,0.9859062170153245,0.7843418144821237,0.597086113862071,1.313615902752864,2000.0,0.403,2.2631843484388976,5.022578415585524,0.0018731745268675399,0.00670645395052915,ANALYTIC,False,0.0723291616336752
A2_DEC,E0_I0014_residual_heterogeneity,tm_rest_days|pts_sqres,tm_rest_days,pts_sqres,5107,36,2000,0.8004270501049958,0.0001255345942781506,-0.0027125948322654896,1.001918489881443,0.7978481136506577,0.605778812551089,1.317061767628874,2000.0,0.424,2.249081195626285,5.022578415585524,0.0018724152864148375,0.006737375620962234,ANALYTIC,False,0.004257224585781724
A2_DEC,E0_I0014_residual_heterogeneity,tm_rest_days|minutes_absres,tm_rest_days,minutes_absres,5107,36,2000,0.4152395497847934,3.378758728558122e-05,0.010670820321526353,1.0219111616933598,0.8201146693908303,0.6095012818237966,1.345550360348415,2000.0,0.69,2.265754813372995,5.022578415585524,0.0019132037554623331,0.006776083770913261,ANALYTIC,True,-0.6642727942991989
A2_DEC,E0_I0014_residual_heterogeneity,tm_rest_days|minutes_sqres,tm_rest_days,minutes_sqres,5107,36,2000,0.7250911541996813,0.00010301842430380728,0.020054439464122394,1.023872877621417,0.8255082024946464,0.6057337340189493,1.3628235578321315,2000.0,0.497,2.2816976839942034,5.022578415585524,0.0019348015857088019,0.006779887855738443,ANALYTIC,True,-0.16577753995755462
A2_DEC,E0_I0014_residual_heterogeneity,tm_rest_days|fga_absres,tm_rest_days,fga_absres,5107,36,2000,0.5119865616685859,5.136523122655839e-05,-0.014978292621851868,0.9931117772600989,0.7863897973281349,0.6064463629500092,1.2967178061763045,2000.0,0.598,2.2580743679857256,5.022578415585524,0.0018743306947436283,0.006720359973208416,ANALYTIC,True,-0.4524773375253446
A2_DEC,E0_I0014_residual_heterogeneity,tm_rest_days|fga_sqres,tm_rest_days,fga_sqres,5107,36,2000,1.0645431237315912,0.0002220263473384873,-0.028880235523651984,1.0044577125094518,0.795399455025469,0.6138346683111908,1.2957877684129626,2000.0,0.281,2.2611789296672438,5.022578415585524,0.0018896934625376768,0.006742285706021328,ANALYTIC,False,0.43846280211999455
A2_DEC,E0_I0014_residual_heterogeneity,tm_b2b|pts_absres,tm_b2b,pts_absres,5107,36,2000,-0.25597410410197907,1.2839878633577636e-05,0.008277804890176184,0.9969957282111677,0.7875415400851498,0.6111768116281303,1.288565804692748,2000.0,0.7795,2.2707862706362776,5.022578415585524,0.0018937434259395781,0.006727861590438008,ANALYTIC,True,-0.869744116382809
A2_DEC,E0_I0014_residual_heterogeneity,tm_b2b|pts_sqres,tm_b2b,pts_sqres,5107,36,2000,-0.27985404219404114,1.534726297500263e-05,0.016755932897172157,1.0107620800719948,0.8060932941772776,0.6097617810298472,1.3219806804156198,2000.0,0.7855,2.2254232592101184,5.022578415585524,0.0018528302438056163,0.006754484170218277,ANALYTIC,True,-0.8630243290985755
A2_DEC,E0_I0014_residual_heterogeneity,tm_b2b|minutes_absres,tm_b2b,minutes_absres,5107,36,2000,-1.864399636042728,0.0006807015273163096,0.03082433377532931,1.033588813797452,0.8268174080103402,0.6207152649750628,1.3320397526288605,2000.0,0.074,2.3198640477366337,5.022578415585524,0.0019922719308598704,0.006798744365670043,ANALYTIC,False,1.6715912860207691
A2_DEC,E0_I0014_residual_heterogeneity,tm_b2b|minutes_sqres,tm_b2b,minutes_sqres,5107,36,2000,-1.6719381123634816,0.0005474910068150621,0.02190566161566603,1.0193952342300554,0.8119002200718544,0.6165509049676814,1.3168421512809438,2000.0,0.099,2.25240738430228,5.022578415585524,0.0018943195476578676,0.006771206542665788,ANALYTIC,False,1.3949178978769141
A2_DEC,E0_I0014_residual_heterogeneity,tm_b2b|fga_absres,tm_b2b,fga_absres,5107,36,2000,-1.2051991610822412,0.00028455647622262843,0.03850207843661804,1.0286277482461694,0.8249884181522509,0.6153144178505389,1.3407591212215708,2000.0,0.239,2.308771248990013,5.022578415585524,0.0019732450862148796,0.0067891127492888705,ANALYTIC,False,0.6179129432041756
A2_DEC,E0_I0014_residual_heterogeneity,tm_b2b|fga_sqres,tm_b2b,fga_sqres,5107,36,2000,-1.3033635083825956,0.0003327828959234666,0.03161074046986182,1.0307798952685965,0.8226846183934208,0.6215773287801325,1.323543476091653,2000.0,0.2135,2.3097978515764686,5.022578415585524,0.0019767747067520646,0.006793290177440678,ANALYTIC,False,0.7733211424112333
A2_DEC,E0_I0014_residual_heterogeneity,tm_3in4|pts_absres,tm_3in4,pts_absres,5107,36,2000,-0.23305968423771273,1.0643981632264631e-05,0.014552107982502867,1.009111458338953,0.8153903572018203,0.5944104419498913,1.3717631785320445,2000.0,0.834,2.269644352823042,5.022578415585524,0.0019047873882078513,0.006751289279269346,ANALYTIC,True,-0.9796777308518377
A2_DEC,E0_I0014_residual_heterogeneity,tm_3in4|pts_sqres,tm_3in4,pts_sqres,5107,36,2000,0.10183142217906668,2.032062996558027e-06,0.009873507338094284,0.9993083271529001,0.7982994127114774,0.6009275454827266,1.32844536535632,2000.0,0.922,2.2298097161547026,5.022578415585524,0.001846507243936135,0.006732330223494101,ANALYTIC,True,-1.1589882936268734
A2_DEC,E0_I0014_residual_heterogeneity,tm_3in4|minutes_absres,tm_3in4,minutes_absres,5107,36,2000,-2.7510754508529156,0.0014809343149361674,0.0510724908858901,1.0682439710497325,0.8494468053338669,0.6494875290194666,1.3078723876596667,2000.0,0.0105,2.398097935889249,5.022578415585524,0.0021286918757745846,0.006866215729227327,ANALYTIC,False,2.9278909302384046
A2_DEC,E0_I0014_residual_heterogeneity,tm_3in4|minutes_sqres,tm_3in4,minutes_sqres,5107,36,2000,-2.1262920715419855,0.0008851883074143422,0.05145109230022004,1.043683132050374,0.8282545223432989,0.636847148968062,1.3005546522197526,2000.0,0.04,2.316468672746841,5.022578415585524,0.0019986480606051017,0.006818362967973284,ANALYTIC,False,2.038224637265014
A2_DEC,E0_I0014_residual_heterogeneity,tm_3in4|fga_absres,tm_3in4,fga_absres,5107,36,2000,-0.2757532626574398,1.490078949881062e-05,0.027976525230515713,1.013647661732598,0.8179735926021783,0.5990401937192533,1.365473637960144,2000.0,0.7985,2.2831130690407053,5.022578415585524,0.0019259602118761364,0.006760071225828485,ANALYTIC,True,-0.905148495259161
A2_DEC,E0_I0014_residual_heterogeneity,tm_3in4|fga_sqres,tm_3in4,fga_sqres,5107,36,2000,-0.29540213034306817,1.7099926793991473e-05,0.024259672423672437,1.0169994993682232,0.8161771069262316,0.6069583995706745,1.3447002422300205,2000.0,0.778,2.2102486352883783,5.022578415585524,0.0018408931755219964,0.006766563944745059,ANALYTIC,True,-0.8580076936928922
A2_DEC,E0_I0014_residual_heterogeneity,tm_games_prior7d|pts_absres,tm_games_prior7d,pts_absres,5107,36,2000,-1.517025487911055,0.0004507797220647278,-0.0013027952248448038,1.0226888023312122,0.814550524954447,0.6181177999374995,1.3177917300501776,2000.0,0.1435,2.2784492585405007,5.022578415585524,0.001929579471092367,0.006777591614315229,ANALYTIC,False,1.1364742497751046
A2_DEC,E0_I0014_residual_heterogeneity,tm_games_prior7d|pts_sqres,tm_games_prior7d,pts_sqres,5107,36,2000,-1.1588937199466205,0.00026311606508685136,-3.221210866396973e-05,1.025372367035159,0.8198478878209822,0.6155499082540872,1.3318950694775584,2000.0,0.2615,2.276522770471071,5.022578415585524,0.0019299877095998422,0.0067827963283525515,ANALYTIC,False,0.5508015314100034
A2_DEC,E0_I0014_residual_heterogeneity,tm_games_prior7d|minutes_absres,tm_games_prior7d,minutes_absres,5107,36,2000,-0.5523465410565074,5.978217963341429e-05,-0.0051174437292643106,1.0576783566095105,0.8490149162767306,0.630494080741475,1.346586656734779,2000.0,0.61,2.3082252675646537,5.022578415585524,0.0020030737242260326,0.006845609855753291,ANALYTIC,True,-0.470533164833736
A2_DEC,E0_I0014_residual_heterogeneity,tm_games_prior7d|minutes_sqres,tm_games_prior7d,minutes_sqres,5107,36,2000,-1.4309829386270205,0.0004011151875739621,-0.017842562276445692,1.0452682449587611,0.835783372349084,0.6277108674119989,1.3314782581269482,2000.0,0.1715,2.3123659300859356,5.022578415585524,0.0019951854834861188,0.006821446248930181,ANALYTIC,False,0.9482065663956022
A2_DEC,E0_I0014_residual_heterogeneity,tm_games_prior7d|fga_absres,tm_games_prior7d,fga_absres,5107,36,2000,-0.6959242750877933,9.489802793173402e-05,0.017036243777807637,0.995413500940298,0.7867606471963882,0.6097839368869219,1.290228554089126,2000.0,0.471,2.278667160444623,5.022578415585524,0.0019017280875151229,0.006724805108689258,ANALYTIC,True,-0.1489648490452767
A2_DEC,E0_I0014_residual_heterogeneity,tm_games_prior7d|fga_sqres,tm_games_prior7d,fga_sqres,5107,36,2000,-1.2085283622524834,0.0002861302953943791,0.027813781326805086,0.9978937582694409,0.7893686681823919,0.6108611500272965,1.2922227385832588,2000.0,0.224,2.2426752468606166,5.022578415585524,0.00186057433274494,0.0067295966769994504,ANALYTIC,False,0.6861783468327642
A2_DEC,E0_I0014_residual_heterogeneity,opp_rest_days|pts_absres,opp_rest_days,pts_absres,5107,36,2000,0.07324673814338115,1.0513578302424339e-06,-0.03888299890283533,0.9833649686414905,0.7797437944984608,0.6001789467728761,1.29918551573842,2000.0,0.9395,2.1765688051397634,5.022578415585524,0.001767212729921781,0.006701553026471465,ANALYTIC,True,-1.1771440170533627
A2_DEC,E0_I0014_residual_heterogeneity,opp_rest_days|pts_sqres,opp_rest_days,pts_sqres,5107,36,2000,-0.044812953411954876,3.935332163906871e-07,-0.056801249510087644,0.9900401522541128,0.7868949332782345,0.6032363602303092,1.3044554094481413,2000.0,0.9665,2.2743528332949814,5.022578415585524,0.0018909586543464417,0.006714430277847494,ANALYTIC,True,-1.2301678559013924
A2_DEC,E0_I0014_residual_heterogeneity,opp_rest_days|minutes_absres,opp_rest_days,minutes_absres,5107,36,2000,0.47238829385334424,4.3727403952354236e-05,0.0310839401987759,1.0147541733054601,0.8169411319267046,0.6024666385407581,1.3559939748787215,2000.0,0.649,2.249745636472377,5.022578415585524,0.0018863279720985986,0.006762214263287662,ANALYTIC,True,-0.5719035976961414
A2_DEC,E0_I0014_residual_heterogeneity,opp_rest_days|minutes_sqres,opp_rest_days,minutes_sqres,5107,36,2000,0.7755058483724389,0.00011784018237815533,0.04422434520277437,1.0342204890474114,0.8265443943050684,0.6229377148682429,1.32684917701586,2000.0,0.451,2.294787599400902,5.022578415585524,0.001961729258982839,0.00679997121592796,ANALYTIC,True,-0.08193202099414498
A2_DEC,E0_I0014_residual_heterogeneity,opp_rest_days|fga_absres,opp_rest_days,fga_absres,5107,36,2000,0.21528968119793748,9.08274071110475e-06,0.0012268520139528932,1.0062546744690946,0.8042110495320447,0.6045419953522349,1.3302815283551528,2000.0,0.8355,2.2447270426439117,5.022578415585524,0.0018715619502164469,0.0067457615651946206,ANALYTIC,True,-0.9741612209933798
A2_DEC,E0_I0014_residual_heterogeneity,opp_rest_days|fga_sqres,opp_rest_days,fga_sqres,5107,36,2000,0.48815423224234605,4.669477314255514e-05,-0.0034771350771573496,0.9962437246618159,0.7923322219820934,0.6036631952110991,1.3125402182338073,2000.0,0.629,2.2696364362637587,5.022578415585524,0.0018915728734058097,0.006726408814230926,ANALYTIC,True,-0.5038869226297245
A2_DEC,E0_I0014_residual_heterogeneity,tm_rest_diff|pts_absres,tm_rest_diff,pts_absres,5107,36,2000,0.9787705179162539,0.00018769584865206676,0.03872900217317374,0.9794318707965737,0.7859582175881844,0.5854469540618125,1.3424926240289254,2000.0,0.3165,2.192039866400483,5.022578415585524,0.001781548951223073,0.006693971383203611,ANALYTIC,False,0.32934205053138266
A2_DEC,E0_I0014_residual_heterogeneity,tm_rest_diff|pts_sqres,tm_rest_diff,pts_sqres,5107,36,2000,1.0844097642558714,0.0002303887149643069,0.05510530636150621,0.9836652058712195,0.7813533771067201,0.5998473488456256,1.3025870308677587,2000.0,0.275,2.2772393063420218,5.022578415585524,0.0018879431543138206,0.006702131955602247,ANALYTIC,False,0.5052225165825392
A2_DEC,E0_I0014_residual_heterogeneity,tm_rest_diff|minutes_absres,tm_rest_diff,minutes_absres,5107,36,2000,-0.15205698633177817,4.530907766326852e-06,-0.024094539752179085,1.0338957179314427,0.8368471157735008,0.6073366166547197,1.3778966932422936,2000.0,0.9025,2.2716019590763765,5.022578415585524,0.001932758274828751,0.006799340426198625,ANALYTIC,True,-1.127529792643865
A2_DEC,E0_I0014_residual_heterogeneity,tm_rest_diff|minutes_sqres,tm_rest_diff,minutes_sqres,5107,36,2000,0.034243340236889144,2.297875919037451e-07,-0.025693170831876465,1.0309245088128722,0.8204637303311795,0.6244744435150008,1.3138467696340095,2000.0,0.9775,2.369556577516633,5.022578415585524,0.002051986136122796,0.006793570925841305,ANALYTIC,True,-1.2590113146486261
A2_DEC,E0_I0014_residual_heterogeneity,tm_rest_diff|fga_absres,tm_rest_diff,fga_absres,5107,36,2000,0.40957801295077956,3.287255226051671e-05,-0.021233401210139,0.9822263586869902,0.7789440201425445,0.5984666969802693,1.3015661925265414,2000.0,0.66,2.2083773388574266,5.022578415585524,0.0018036943774246226,0.0066993577415952925,ANALYTIC,True,-0.6171872370768569
A2_DEC,E0_I0014_residual_heterogeneity,tm_rest_diff|fga_sqres,tm_rest_diff,fga_sqres,5107,36,2000,0.6773059133768626,8.988870555634095e-05,-0.030534165487150475,0.9815268131710595,0.7762824688228923,0.6011753132573859,1.29127469425967,2000.0,0.4825,2.233767337671271,5.022578415585524,0.0018332930942574748,0.006698009168611526,ANALYTIC,True,-0.16463842287491612
A2_DEC,E0_I0014_residual_heterogeneity,tm_roster_churn_prior|pts_absres,tm_roster_churn_prior,pts_absres,5107,36,2000,-0.6875603848843143,9.263090193933851e-05,-0.018926500295174332,0.9954774408394359,0.7961121887469277,0.5976805617732458,1.3320028116439981,2000.0,0.5,2.212752213371479,5.022578415585524,0.0018221969901972574,0.006724928611699396,ANALYTIC,True,-0.18162177391306383
A2_DEC,E0_I0014_residual_heterogeneity,tm_roster_churn_prior|pts_sqres,tm_roster_churn_prior,pts_sqres,5107,36,2000,0.027179006978564013,1.447576550535107e-07,-0.026227653926895075,0.9974893934757296,0.7984963021815753,0.5981287669016494,1.334990634738811,2000.0,0.9785,2.2167762183343607,5.022578415585524,0.0018290336351456265,0.0067288153748852955,ANALYTIC,True,-1.289550574867835
A2_DEC,E0_I0014_residual_heterogeneity,tm_roster_churn_prior|minutes_absres,tm_roster_churn_prior,minutes_absres,5107,36,2000,0.36621066431705396,2.6279977708183552e-05,-0.004824002677858107,1.151024785120638,0.9182183251144411,0.6937828714347486,1.3234952359310315,2000.0,0.758,2.595089617089094,5.022578415585524,0.0024869371772273706,0.007028732989795644,ANALYTIC,True,-0.7956490186271548
A2_DEC,E0_I0014_residual_heterogeneity,tm_roster_churn_prior|minutes_sqres,tm_roster_churn_prior,minutes_sqres,5107,36,2000,0.9309948976665747,0.00016982251725642907,-0.01859578835013617,1.124071801854092,0.8977045662382388,0.6764663816463986,1.327049784873841,2000.0,0.413,2.5585709414393016,5.022578415585524,0.002404996426715673,0.00697560955152626,ANALYTIC,False,0.04921210030765046
A2_DEC,E0_I0014_residual_heterogeneity,tm_roster_churn_prior|fga_absres,tm_roster_churn_prior,fga_absres,5107,36,2000,-1.0575233743257286,0.00021910849422190537,-0.01519195570765996,0.9903695621759532,0.7943642715072601,0.5913818729725749,1.3432340553733855,2000.0,0.289,2.1972337504423614,5.022578415585524,0.0017985988581773217,0.006715066070187757,ANALYTIC,False,0.4449901406272431
A2_DEC,E0_I0014_residual_heterogeneity,tm_roster_churn_prior|fga_sqres,tm_roster_churn_prior,fga_sqres,5107,36,2000,-0.6940495776416328,9.43874876185374e-05,-0.013666829560566366,0.9839922150104675,0.7866088740117472,0.5910706410143791,1.3308204120268785,2000.0,0.4845,2.185152593582329,5.022578415585524,0.0017779488815267417,0.00670276253582154,ANALYTIC,True,-0.15659599707281466
A2_DEC,E0_I0014_residual_heterogeneity,tm_newfaces_prior|pts_absres,tm_newfaces_prior,pts_absres,5107,36,2000,-1.6416211039231536,0.0005278262589425641,0.010042558039311714,1.014573336787917,0.8109049027746815,0.6095607024292476,1.3303103358583128,2000.0,0.1095,2.28174441526904,5.022578415585524,0.001925236147712936,0.0067618640047536985,ANALYTIC,False,1.3628112800544163
A2_DEC,E0_I0014_residual_heterogeneity,tm_newfaces_prior|pts_sqres,tm_newfaces_prior,pts_sqres,5107,36,2000,-1.456771828123771,0.0004156970357731952,0.012251449454223103,1.015827512185248,0.8105358772024335,0.6121753432245137,1.3240256834473183,2000.0,0.1545,2.27540726695861,5.022578415585524,0.0019187559345176504,0.006764293378010666,ANALYTIC,False,1.0556386467926266
A2_DEC,E0_I0014_residual_heterogeneity,tm_newfaces_prior|minutes_absres,tm_newfaces_prior,minutes_absres,5107,36,2000,2.844057507621766,0.0015825714715235004,-0.05219740463110061,1.031821972906427,0.81607354391595,0.6333035071096391,1.2885978598799537,2000.0,0.0075,2.320374089814563,5.022578415585524,0.0019910517182026707,0.0067953133654478914,ANALYTIC,False,3.202230748668073
A2_DEC,E0_I0014_residual_heterogeneity,tm_newfaces_prior|minutes_sqres,tm_newfaces_prior,minutes_sqres,5107,36,2000,3.099501565835167,0.0018790628980111413,-0.0458460513554167,1.0163853860256202,0.8065120706975052,0.6199637498028626,1.3009019816948355,2000.0,0.0035,2.253807284455684,5.022578415585524,0.0018929394142810333,0.006765374135644057,ANALYTIC,False,3.698586402619171
A2_DEC,E0_I0014_residual_heterogeneity,tm_newfaces_prior|fga_absres,tm_newfaces_prior,fga_absres,5107,36,2000,0.8077557210181742,0.00012784360000255387,0.03490850188884837,1.0297735160030428,0.8177946305291283,0.6265222169565571,1.3052923079116188,2000.0,0.425,2.351284030535503,5.022578415585524,0.0020276655020347355,0.006791336583554624,ANALYTIC,True,-0.01602322988595661
A2_DEC,E0_I0014_residual_heterogeneity,tm_newfaces_prior|fga_sqres,tm_newfaces_prior,fga_sqres,5107,36,2000,1.1224105116736314,0.00024681450489512174,0.027558716707945515,1.027726829446504,0.811443681529335,0.6310404625311794,1.2858821735052242,2000.0,0.26,2.382068788149607,5.022578415585524,0.0020644555831992014,0.006787364401019551,ANALYTIC,False,0.49278429610832075
A2_DEC,E0_I0014_residual_heterogeneity,tm_five_tenure_prior|pts_absres,tm_five_tenure_prior,pts_absres,5107,36,2000,-0.05498463620219443,5.924570698322712e-07,0.0045327935003767195,1.0461207833686053,0.8368629142696398,0.6274546737971787,1.3337424187235414,2000.0,0.957,2.3990685834887664,5.022578415585524,0.0021059643463084577,0.006823104851495252,ANALYTIC,True,-1.2461111706057404
A2_DEC,E0_I0014_residual_heterogeneity,tm_five_tenure_prior|pts_sqres,tm_five_tenure_prior,pts_sqres,5107,36,2000,-0.49479130946502947,4.7973093322337796e-05,-0.0018626273590338248,1.0471134334637142,0.8414615854885903,0.6229271288847152,1.3508186535319753,2000.0,0.65,2.352860098015349,5.022578415585524,0.0020480940368165046,0.006825036293592142,ANALYTIC,True,-0.5565181863956336
A2_DEC,E0_I0014_residual_heterogeneity,tm_five_tenure_prior|minutes_absres,tm_five_tenure_prior,minutes_absres,5107,36,2000,-0.43518025729996834,3.7110489572953834e-05,0.02433650761227569,1.5716879820900416,1.2522325192473205,0.9496972977273709,1.3185596318362889,2000.0,0.7765,3.505261354896827,5.022578415585524,0.004564293700780608,0.007883962302083344,ANALYTIC,True,-0.8603291426674176
A2_DEC,E0_I0014_residual_heterogeneity,tm_five_tenure_prior|minutes_sqres,tm_five_tenure_prior,minutes_sqres,5107,36,2000,-0.8411208953060179,0.00013862165155197127,0.019608698500038116,1.4828134866636251,1.1800749421838044,0.8976898260045244,1.314568693995488,2000.0,0.563,3.33006555642756,5.022578415585524,0.004103854509347241,0.007699186169855557,ANALYTIC,True,-0.3775848149983134
A2_DEC,E0_I0014_residual_heterogeneity,tm_five_tenure_prior|fga_absres,tm_five_tenure_prior,fga_absres,5107,36,2000,1.1331404329118466,0.00025155481922210543,0.008438800068669521,1.0362958641975082,0.8259778390693356,0.6256194419531796,1.3202560273552855,2000.0,0.276,2.334008191485933,5.022578415585524,0.0020128391699962066,0.006804002823550309,ANALYTIC,False,0.4909735427715473
A2_DEC,E0_I0014_residual_heterogeneity,tm_five_tenure_prior|fga_sqres,tm_five_tenure_prior,fga_sqres,5107,36,2000,0.2595431446683719,1.3200422247409945e-05,0.01127965853597215,1.0718244232818759,0.8533443828327286,0.6483625317036221,1.3161531413459395,2000.0,0.8185,2.449833458490982,5.022578415585524,0.0021999722128183616,0.006873205627319877,ANALYTIC,True,-0.9158475530720422
A2_DEC,E0_I0014_residual_heterogeneity,tm_five_changed_prior|pts_absres,tm_five_changed_prior,pts_absres,5107,36,2000,0.262074507944339,1.3459165843084257e-05,-0.004677023517244772,1.0090259345379349,0.8063304763974534,0.6063506723443379,1.3298088270932926,2000.0,0.801,2.2150500276033616,5.022578415585524,0.001838601216100394,0.0067511237627131135,ANALYTIC,True,-0.8975927516479095
A2_DEC,E0_I0014_residual_heterogeneity,tm_five_changed_prior|pts_sqres,tm_five_changed_prior,pts_sqres,5107,36,2000,0.3478353773078336,2.3708912635427233e-05,-0.0003134574517019759,1.0136060493399688,0.8040789634746702,0.616871873936923,1.3034780761570104,2000.0,0.7205,2.2367405321011584,5.022578415585524,0.0018693839420898214,0.006759990639609463,ANALYTIC,True,-0.7396083456602673
A2_DEC,E0_I0014_residual_heterogeneity,tm_five_changed_prior|minutes_absres,tm_five_changed_prior,minutes_absres,5107,36,2000,-0.05092131115930401,5.081282798668022e-07,-0.030169546589509145,1.2049893819307642,0.9754517778561507,0.7077626052794885,1.3782188696885933,2000.0,0.972,2.6397534708597337,5.022578415585524,0.0026142493593267016,0.007135701071339517,ANALYTIC,True,-1.3062719897892296
A2_DEC,E0_I0014_residual_heterogeneity,tm_five_changed_prior|minutes_sqres,tm_five_changed_prior,minutes_sqres,5107,36,2000,1.183459742166415,0.00027438617722329073,-0.037408619241449816,1.1662184087732161,0.9406190228551197,0.6901150138026424,1.3629887830901704,2000.0,0.316,2.596879896546353,5.022578415585524,0.0025073240918454523,0.007058767935386031,ANALYTIC,False,0.35188441702377227
A2_DEC,E0_I0014_residual_heterogeneity,tm_five_changed_prior|fga_absres,tm_five_changed_prior,fga_absres,5107,36,2000,-0.7261013166589148,0.00010330563529964498,-0.035874385324757355,0.997128807029995,0.7934828205783269,0.6046681086434553,1.312261733727728,2000.0,0.4635,2.1987428039553865,5.022578415585524,0.0018071520466466894,0.006728118698302677,ANALYTIC,True,-0.11143551802422551
A2_DEC,E0_I0014_residual_heterogeneity,tm_five_changed_prior|fga_sqres,tm_five_changed_prior,fga_sqres,5107,36,2000,0.058420936322391835,6.688229508813089e-07,-0.028859872600340973,1.0260158094145364,0.8213101444183908,0.6153486433286054,1.3347070044319556,2000.0,0.961,2.2330111529288557,5.022578415585524,0.0018775180515705901,0.0067840445674457114,ANALYTIC,True,-1.2397674332542643
A2_DEC,E0_I0014_residual_heterogeneity,tm_prior_meetings|pts_absres,tm_prior_meetings,pts_absres,5107,36,2000,0.2795883272657318,1.53181335155668e-05,0.01077113554747346,1.0064455233315803,0.7981544916384727,0.6129269040200555,1.302201757507379,2000.0,0.7715,2.3104705254082423,5.022578415585524,0.0019522048406401607,0.006746130776305565,ANALYTIC,True,-0.8460489513049227
A2_DEC,E0_I0014_residual_heterogeneity,tm_prior_meetings|pts_sqres,tm_prior_meetings,pts_sqres,5107,36,2000,0.1551069908836583,4.714494453950766e-06,0.0038578294800790014,1.0156895243494541,0.8042305478615719,0.6201046451110502,1.2969271464134056,2000.0,0.864,2.274803676715528,5.022578415585524,0.0019178737227808107,0.006764026070303394,ANALYTIC,True,-1.0467967980818247
A2_DEC,E0_I0014_residual_heterogeneity,tm_prior_meetings|minutes_absres,tm_prior_meetings,minutes_absres,5107,36,2000,1.2296966715220914,0.00029623867244511087,0.04905785779085066,1.0992132697403916,0.8700852312236645,0.6732389372414332,1.2923869715391096,2000.0,0.2605,2.499762365124787,5.022578415585524,0.0022968137119091293,0.006926792843306606,ANALYTIC,False,0.5341512803343176
A2_DEC,E0_I0014_residual_heterogeneity,tm_prior_meetings|minutes_sqres,tm_prior_meetings,minutes_sqres,5107,36,2000,0.25856456280971696,1.3101069422125887e-05,0.02949384993588127,1.082514244122769,0.8576808649319179,0.6608501742258913,1.2978446528164884,2000.0,0.813,2.440232874318467,5.022578415585524,0.002199179688658784,0.006894095869082108,ANALYTIC,True,-0.9065841630805281
A2_DEC,E0_I0014_residual_heterogeneity,tm_prior_meetings|fga_absres,tm_prior_meetings,fga_absres,5107,36,2000,0.7036971059480726,9.702950596038417e-05,-0.012250241032594101,1.0024184892759829,0.8028924032861857,0.6000285664195263,1.3380902980622786,2000.0,0.4855,2.207767777909035,5.022578415585524,0.0018232213150373398,0.006738342326457155,ANALYTIC,True,-0.1653176246758193
A2_DEC,E0_I0014_residual_heterogeneity,tm_prior_meetings|fga_sqres,tm_prior_meetings,fga_sqres,5107,36,2000,0.3724253244465721,2.7179473344966303e-05,-0.000903090942786886,1.014967671662005,0.8142488681530119,0.6056626988422735,1.3443932897129898,2000.0,0.7185,2.2168121982397246,5.022578415585524,0.0018467257862765374,0.006762627795543152,ANALYTIC,True,-0.7294877900702604
A2_DEC,E0_I0014_residual_heterogeneity,tm_first_meeting|pts_absres,tm_first_meeting,pts_absres,5107,36,2000,0.059076205312452716,6.839105716388223e-07,0.02337632246627702,1.0320660364581566,0.8167505328071633,0.6311037070200218,1.2941621538934358,2000.0,0.952,2.3292749680884604,5.022578415585524,0.002002439768035033,0.006795787257029407,ANALYTIC,True,-1.2005543923554758
A2_DEC,E0_I0014_residual_heterogeneity,tm_first_meeting|pts_sqres,tm_first_meeting,pts_sqres,5107,36,2000,-0.0721044191358935,1.0188206862366332e-06,0.03112642976559718,1.0435978652316864,0.8327130981206385,0.6295298728755266,1.322753905731311,2000.0,0.9595,2.311662135382881,5.022578415585524,0.0019925491535286674,0.00681819713105148,ANALYTIC,True,-1.208216975487573
A2_DEC,E0_I0014_residual_heterogeneity,tm_first_meeting|minutes_absres,tm_first_meeting,minutes_absres,5107,36,2000,-1.7693460876903975,0.0006131033128819138,-0.015999243515616123,1.0137918409688373,0.8022085757367986,0.6198140619651115,1.2942729521066496,2000.0,0.085,2.2967439392007467,5.022578415585524,0.0019428877772351557,0.006760350445872782,ANALYTIC,False,1.5603671670295822
A2_DEC,E0_I0014_residual_heterogeneity,tm_first_meeting|minutes_sqres,tm_first_meeting,minutes_sqres,5107,36,2000,-0.7364258802368507,0.0001062640500951851,-0.009967164512757464,1.000502946727871,0.7953871192746158,0.6067523320058994,1.3108925624481693,2000.0,0.4565,2.217086411083141,5.022578415585524,0.001832442153773089,0.006734639167040332,ANALYTIC,True,-0.09717513378620486
A2_DEC,E0_I0014_residual_heterogeneity,tm_first_meeting|fga_absres,tm_first_meeting,fga_absres,5107,36,2000,-0.08564531990508248,1.4374113812059619e-06,0.026480250910184615,0.9942086153797765,0.7885573001594581,0.6058206359021288,1.3016349286042657,2000.0,0.9285,2.239419195846549,5.022578415585524,0.0018529075709189076,0.006722478025946432,ANALYTIC,True,-1.1602641749032994
A2_DEC,E0_I0014_residual_heterogeneity,tm_first_meeting|fga_sqres,tm_first_meeting,fga_sqres,5107,36,2000,-0.13825596586804142,3.7457653338532744e-06,0.022018932818926855,1.0000886774910998,0.7931107157960696,0.6093629145568535,1.3015408336308796,2000.0,0.892,2.267564628496332,5.022578415585524,0.0018929901753131462,0.006733838428575762,ANALYTIC,True,-1.074654748893371
A2_DEC,E0_I0014_residual_heterogeneity,tm_is_home|pts_absres,tm_is_home,pts_absres,5107,36,2000,-1.0060868494811104,0.00019831667850783174,0.040736667254359885,1.0220318816611493,0.8190258593003563,0.6124300332914835,1.3373378423303817,2000.0,0.324,2.2782383950513263,5.022578415585524,0.0019286406730610127,0.006776317835653017,ANALYTIC,False,0.30544058914844757
A2_DEC,E0_I0014_residual_heterogeneity,tm_is_home|pts_sqres,tm_is_home,pts_sqres,5107,36,2000,-0.754559005706947,0.00011156099839356285,0.047140675848502935,1.00541791530908,0.8066391456407627,0.6017444075665825,1.3405012751223762,2000.0,0.4525,2.253419655880434,5.022578415585524,0.0018812462572825063,0.0067441429125373814,ANALYTIC,True,-0.08654860648298263
A2_DEC,E0_I0014_residual_heterogeneity,tm_is_home|minutes_absres,tm_is_home,minutes_absres,5107,36,2000,-2.367150879845229,0.0010968561944631491,-0.051138816068342925,1.023439477590299,0.8105812310548542,0.6266372424261313,1.2935414242481869,2000.0,0.0225,2.303907163512419,5.022578415585524,0.0019617863235947153,0.006779047331032927,ANALYTIC,False,2.484004370317752
A2_DEC,E0_I0014_residual_heterogeneity,tm_is_home|minutes_sqres,tm_is_home,minutes_sqres,5107,36,2000,-1.8543184296105533,0.0006733649764943588,-0.06514963756270198,1.0158596518978618,0.8055862226873234,0.6220318495380358,1.295088383795151,2000.0,0.0695,2.3113428753561243,5.022578415585524,0.0019630959917712565,0.006764355639278035,ANALYTIC,False,1.6859783107602795
A2_DEC,E0_I0014_residual_heterogeneity,tm_is_home|fga_absres,tm_is_home,fga_absres,5107,36,2000,-0.745947451038908,0.0001090293810825825,-0.009876798253619343,1.007110409571975,0.8092470731171879,0.5993000479296063,1.350320387780516,2000.0,0.469,2.2706718977176306,5.022578415585524,0.0019039855026133992,0.006747417126378204,ANALYTIC,True,-0.10562258804577143
A2_DEC,E0_I0014_residual_heterogeneity,tm_is_home|fga_sqres,tm_is_home,fga_sqres,5107,36,2000,-1.2016596254949692,0.0002828879814425133,-0.010269235524011117,1.0002118477383999,0.8010959963516162,0.5987097936582094,1.338037234127733,2000.0,0.2275,2.1855020261175646,5.022578415585524,0.0017945084602293366,0.00673407649861768,ANALYTIC,False,0.6690447248170892
A2_DEC,E0_I0014_residual_heterogeneity,tm_game_idx|pts_absres,tm_game_idx,pts_absres,5107,36,2000,-0.7080611366546459,9.823659068575598e-05,0.01833140444662113,1.0280625646669166,0.8276046689187975,0.6098989435017238,1.3569537670734764,2000.0,0.5,2.333364304783137,5.022578415585524,0.0020033414758788737,0.006788015911878617,ANALYTIC,True,-0.19600547523134662
A2_DEC,E0_I0014_residual_heterogeneity,tm_game_idx|pts_sqres,tm_game_idx,pts_sqres,5107,36,2000,-0.6705179176592735,8.809615331672881e-05,0.01127267208993504,1.0468829135003304,0.8402109539358102,0.6243263332337967,1.3457881066521815,2000.0,0.532,2.2990424670190386,5.022578415585524,0.0019802568708501412,0.006824587736591315,ANALYTIC,True,-0.2718018242120029
A2_DEC,E0_I0014_residual_heterogeneity,tm_game_idx|minutes_absres,tm_game_idx,minutes_absres,5107,36,2000,0.7204475522643414,0.0001017032896361243,0.03218547268097349,1.051414449026954,0.8415466114700074,0.6308357866519213,1.3340185025589724,2000.0,0.49,2.305737946794945,5.022578415585524,0.001993366768658891,0.006833408122925342,ANALYTIC,True,-0.19196605799487607
A2_DEC,E0_I0014_residual_heterogeneity,tm_game_idx|minutes_sqres,tm_game_idx,minutes_sqres,5107,36,2000,0.2745221207692788,1.4768034849572906e-05,0.01742085141167839,1.047405166208612,0.8428806762206509,0.621737874123151,1.3556849458614404,2000.0,0.8035,2.3337301430105577,5.022578415585524,0.0020242458142963322,0.00682560398254385,ANALYTIC,True,-0.9141449783044652
A2_DEC,E0_I0014_residual_heterogeneity,tm_game_idx|fga_absres,tm_game_idx,fga_absres,5107,36,2000,0.6321697771783445,7.83083151381252e-05,-0.025967687316459865,1.000404652932797,0.8013774255625317,0.5991302746491121,1.3375679037949937,2000.0,0.527,2.278372198457795,5.022578415585524,0.001906497797123211,0.00673444917125954,ANALYTIC,True,-0.2824221301173366
A2_DEC,E0_I0014_residual_heterogeneity,tm_game_idx|fga_sqres,tm_game_idx,fga_sqres,5107,36,2000,0.6354911884219648,7.913327310690909e-05,-0.021508069065571275,1.008984688918615,0.8066765710376781,0.6061850495945585,1.3307430982951765,2000.0,0.5305,2.2880404502774034,5.022578415585524,0.0019271922050846332,0.006751043939660746,ANALYTIC,True,-0.28239789603885657
A2_DEC,E0_I0014_residual_heterogeneity,opp_game_idx|pts_absres,opp_game_idx,pts_absres,5107,36,2000,-0.7658370060670989,0.00011492042294877751,0.020563140989864614,1.031565315449673,0.8283071201211044,0.6149098723702396,1.3470382528228095,2000.0,0.4535,2.344400173900114,5.022578415585524,0.0020208964374204765,0.006794815038446921,ANALYTIC,True,-0.10159230947652112
A2_DEC,E0_I0014_residual_heterogeneity,opp_game_idx|pts_sqres,opp_game_idx,pts_sqres,5107,36,2000,-0.6202953702957246,7.539434395541695e-05,0.014062728734835685,1.0501933681610014,0.8442111266461236,0.6245438487167422,1.3517243479072518,2000.0,0.5575,2.3034239226486997,5.022578415585524,0.0019891934440345134,0.006831030795070303,ANALYTIC,True,-0.35852687815352197
A2_DEC,E0_I0014_residual_heterogeneity,opp_game_idx|minutes_absres,opp_game_idx,minutes_absres,5107,36,2000,0.7247201435958623,0.00010291303833455417,0.029483115161685242,1.0555730487442418,0.8447940943821204,0.6333009325880825,1.3339536560126926,2000.0,0.4955,2.2935947022871472,5.022578415585524,0.001982581510407369,0.006841507622428281,ANALYTIC,True,-0.18960014837741865
A2_DEC,E0_I0014_residual_heterogeneity,opp_game_idx|minutes_sqres,opp_game_idx,minutes_sqres,5107,36,2000,0.31138559202209765,1.900042026638211e-05,0.01582193505831593,1.0536766197131038,0.8477685405618526,0.6256307568407553,1.3550621213746354,2000.0,0.7785,2.3124718262470876,5.022578415585524,0.0020041743819394276,0.006837813446148388,ANALYTIC,True,-0.8573474732097977
A2_DEC,E0_I0014_residual_heterogeneity,opp_game_idx|fga_absres,opp_game_idx,fga_absres,5107,36,2000,0.7335234194138123,0.00010542815608709069,-0.02767779773800585,1.006231975193458,0.8060924176636991,0.6026269084399432,1.3376309726203224,2000.0,0.459,2.2723750545946397,5.022578415585524,0.0019051627140789743,0.006745717652454691,ANALYTIC,True,-0.12042110505445335
A2_DEC,E0_I0014_residual_heterogeneity,opp_game_idx|fga_sqres,opp_game_idx,fga_sqres,5107,36,2000,0.6681647083123518,8.747893846366152e-05,-0.02278841135039115,1.0146408424072948,0.8127440634814314,0.6075625532873866,1.3377125681690765,2000.0,0.5125,2.2931186352522532,5.022578415585524,0.0019392987433315364,0.006761994753939281,ANALYTIC,True,-0.23796620510397273
A2_DEC,E0_I0014_residual_heterogeneity,tm_poss_mean_prior|pts_absres,tm_poss_mean_prior,pts_absres,5107,36,2000,0.7568783213967986,0.0001122477935707502,0.009626704658460388,1.1806449234904748,0.9418747321286015,0.7116483388904424,1.3235114601645999,2000.0,0.5245,2.688367304382003,5.022578415585524,0.002654649385760899,0.007087345717841496,ANALYTIC,True,-0.2599548128226334
A2_DEC,E0_I0014_residual_heterogeneity,tm_poss_mean_prior|pts_sqres,tm_poss_mean_prior,pts_sqres,5107,36,2000,0.8969811713603164,0.00015764224705636386,0.008962917074500549,1.1900106233919117,0.951018192638635,0.7150647600756822,1.3299749137937933,2000.0,0.4615,2.7078291039524234,5.022578415585524,0.002694224762305461,0.00710592933316759,ANALYTIC,True,-0.07556940894779837
A2_DEC,E0_I0014_residual_heterogeneity,tm_poss_mean_prior|minutes_absres,tm_poss_mean_prior,minutes_absres,5107,36,2000,-4.116469987532522,0.0033096691628698343,0.034788431438740615,2.1238435433352185,1.7272731230907838,1.2357011421597692,1.3978081464518524,2000.0,0.049,4.575878788479896,5.022578415585524,0.00792877051161347,0.00908102295870766,ANALYTIC,False,1.9334746751677179
A2_DEC,E0_I0014_residual_heterogeneity,tm_poss_mean_prior|minutes_sqres,tm_poss_mean_prior,minutes_sqres,5107,36,2000,-3.12336703996828,0.0019080556102918666,0.029010809638836368,1.9586412084950815,1.5844819122788099,1.1512074452293246,1.3763652405524318,2000.0,0.111,4.303354911103849,5.022578415585524,0.00693632104947887,0.00871400177196569,ANALYTIC,False,1.33675744894346
A2_DEC,E0_I0014_residual_heterogeneity,tm_poss_mean_prior|fga_absres,tm_poss_mean_prior,fga_absres,5107,36,2000,0.21481615256412892,9.042830121943206e-06,0.016047240053947334,1.156252667814883,0.9271214762650672,0.69079204591534,1.3421137109889225,2000.0,0.864,2.5697815855337796,5.022578415585524,0.0024578421390743796,0.0070390603077205025,ANALYTIC,True,-1.0311429147350588
A2_DEC,E0_I0014_residual_heterogeneity,tm_poss_mean_prior|fga_sqres,tm_poss_mean_prior,fga_sqres,5107,36,2000,0.030369231605839014,1.8073487388470183e-07,0.013458825388932356,1.1842926389013138,0.9482562803873745,0.7092887225673977,1.3369115428129055,2000.0,0.9785,2.6256988670661663,5.022578415585524,0.0025694068333593735,0.007094580697268354,ANALYTIC,True,-1.2940950836763325
A2_DEC,E0_I0014_residual_heterogeneity,opp_poss_mean_prior|pts_absres,opp_poss_mean_prior,pts_absres,5107,36,2000,1.0481827214350286,0.00021525583357334593,-0.002748158207605453,0.9901833938528742,0.7838758892498029,0.6047329290433627,1.2962348362438763,2000.0,0.2925,2.2050855563223686,5.022578415585524,0.0018077437960906737,0.006714706743997697,ANALYTIC,False,0.4370637342394057
A2_DEC,E0_I0014_residual_heterogeneity,opp_poss_mean_prior|pts_sqres,opp_poss_mean_prior,pts_sqres,5107,36,2000,1.337857860569029,0.0003506243553392921,0.0016396598571262332,0.9932308791341364,0.7896372922287359,0.6022219659977699,1.3112063936765468,2000.0,0.1805,2.2161691149161262,5.022578415585524,0.001824020675354535,0.006720589949109608,ANALYTIC,False,0.9103297443360331
A2_DEC,E0_I0014_residual_heterogeneity,opp_poss_mean_prior|minutes_absres,opp_poss_mean_prior,minutes_absres,5107,36,2000,-0.7811335803965556,0.00011955648063583937,-0.037186243278123525,0.9954923257695714,0.7900257987654924,0.6065768623182166,1.3024331256984816,2000.0,0.425,2.2830691492050117,5.022578415585524,0.0019071853858146715,0.006724957362825177,ANALYTIC,True,-0.01465967286479167
A2_DEC,E0_I0014_residual_heterogeneity,opp_poss_mean_prior|minutes_sqres,opp_poss_mean_prior,minutes_sqres,5107,36,2000,-0.9254897827248049,0.00016782041827965302,-0.02499447913865256,0.9922350914246001,0.7935604096708913,0.5959046591425772,1.3316902250986136,2000.0,0.345,2.2256896513444957,5.022578415585524,0.0018344132235134836,0.0067186672862069785,ANALYTIC,False,0.22139342431680495
A2_DEC,E0_I0014_residual_heterogeneity,opp_poss_mean_prior|fga_absres,opp_poss_mean_prior,fga_absres,5107,36,2000,-0.34818261002672357,2.3756270806430748e-05,0.013773857661136287,0.9874782227289733,0.7811815973165245,0.6039479211475038,1.2934585416442461,2000.0,0.708,2.2540306399992196,5.022578415585524,0.0018637015762785467,0.006709486538666713,ANALYTIC,True,-0.7169475581058393
A2_DEC,E0_I0014_residual_heterogeneity,opp_poss_mean_prior|fga_sqres,opp_poss_mean_prior,fga_sqres,5107,36,2000,-1.0073715646158734,0.00019882337913670688,0.0221242724248423,0.9962112510831037,0.7874925624218072,0.6103046958919365,1.2903268936361658,2000.0,0.302,2.251253782992385,5.022578415585524,0.0018692307787479996,0.0067263460828973914,ANALYTIC,False,0.360277421547153
A2_DEC,E0_I0014_residual_heterogeneity,pts__pred_point|pts_absres,pts__pred_point,pts_absres,5107,257,2000,12.741656660463267,0.030833623628858508,-0.007713076254111847,1.3853309846338653,1.1195284677306552,0.8156166273105689,1.3726160431797614,2000.0,0.0,2.974268939868661,5.022578415585524,0.0033564122477181633,0.007499033053369297,ANALYTIC,False,14.249498849791301
A2_DEC,E0_I0014_residual_heterogeneity,pts__pred_point|pts_sqres,pts__pred_point,pts_sqres,5107,257,2000,12.539837585352823,0.029893560306783137,-0.008396395425443466,1.402712445815044,1.1238408008874095,0.8390606471783242,1.3394035397402704,2000.0,0.0,3.0505687320779233,5.022578415585524,0.0035054606518533224,0.00753452792949379,ANALYTIC,False,13.605687291921331
A2_DEC,E0_I0014_residual_heterogeneity,pts__pred_point|minutes_absres,pts__pred_point,minutes_absres,5107,257,2000,-12.612548322888387,0.030230723359889116,0.0022961996751726765,1.4713051895682536,1.170552361559031,0.8909915632229302,1.313763687419062,2000.0,0.0,3.2785762958704505,5.022578415585524,0.003994910133529404,0.00767541986376844,ANALYTIC,False,12.84186790718973
A2_DEC,E0_I0014_residual_heterogeneity,pts__pred_point|minutes_sqres,pts__pred_point,minutes_sqres,5107,257,2000,-9.06913136921897,0.01586213921670878,-0.010205747938429068,1.3559761939081265,1.0887167460117895,0.8080090013384456,1.347406704886157,2000.0,0.0,2.9536555005544605,5.022578415585524,0.0032833350126072083,0.007439277590344499,ANALYTIC,False,9.876640742847957
A2_DEC,E0_I0014_residual_heterogeneity,pts__pred_point|fga_absres,pts__pred_point,fga_absres,5107,257,2000,9.852235109579752,0.018666402818161988,0.004735430349148623,1.3346487740154873,1.0595875397046366,0.8111857909893834,1.3062205372363385,2000.0,0.0,3.027261792326929,5.022578415585524,0.003373194392529094,0.007396012796731885,ANALYTIC,False,10.839252446903611
A2_DEC,E0_I0014_residual_heterogeneity,pts__pred_point|fga_sqres,pts__pred_point,fga_sqres,5107,257,2000,9.761417658544316,0.01833013574076234,0.0038695279398574273,1.329031861244132,1.0685488350029182,0.7899195353037244,1.3527312431791685,2000.0,0.0,2.9764615594878308,5.022578415585524,0.003283542103175379,0.007384639321193547,ANALYTIC,False,11.004752300750463
A2_DEC,E0_I0014_residual_heterogeneity,pts__pred_sd|pts_absres,pts__pred_sd,pts_absres,5107,257,2000,-1.6238243571409926e-15,0.0,-1.6238243571409932e-15,5.917936458253915e-31,1.6238243571409932e-15,5.917936458253915e-31,2743902994896471.0,1.0,1.0,1.6238243571409926e-15,5.022578415585524,5.163120311032622e-34,0.004939552367477109,ANALYTIC,True,-0.999749968742185
A2_DEC,E0_I0014_residual_heterogeneity,pts__pred_sd|pts_sqres,pts__pred_sd,pts_sqres,5107,257,2000,3.149686489611056e-14,0.0,3.1496864896110567e-14,6.312465555470843e-30,3.1496864896110567e-14,6.312465555470843e-30,4989629585988487.0,1.0,1.0,3.149686489611056e-14,5.022578415585524,1.9425347528565538e-31,0.004939552367477109,ANALYTIC,True,-0.9997499687421849
A2_DEC,E0_I0014_residual_heterogeneity,pts__pred_sd|minutes_absres,pts__pred_sd,minutes_absres,5107,257,2000,-4.6163062491355634e-14,0.0,-4.6163062491355634e-14,0.0,4.6163062491355634e-14,0.0,inf,1.0,1.0,4.6163062491355634e-14,5.022578415585524,4.172759621266507e-31,0.004939552367477109,ANALYTIC,False,
A2_DEC,E0_I0014_residual_heterogeneity,pts__pred_sd|minutes_sqres,pts__pred_sd,minutes_sqres,5107,257,2000,-5.650542135096129e-15,0.0,-5.650542135096128e-15,7.890581944338554e-31,5.650542135096128e-15,7.890581944338554e-31,7161122176990202.0,1.0,1.0,5.650542135096129e-15,5.022578415585524,6.251933898667854e-33,0.004939552367477109,ANALYTIC,False,0.9997499687421849
A2_DEC,E0_I0014_residual_heterogeneity,pts__pred_sd|fga_absres,pts__pred_sd,fga_absres,5107,257,2000,3.916632699936506e-14,0.0,3.9166326999365046e-14,1.2624931110941686e-29,3.9166326999365046e-14,1.2624931110941686e-29,3102300254566985.5,1.0,1.0,3.916632699936506e-14,5.022578415585524,3.0037226759764895e-31,0.004939552367477109,ANALYTIC,False,0.9997499687421849
A2_DEC,E0_I0014_residual_heterogeneity,pts__pred_sd|fga_sqres,pts__pred_sd,fga_sqres,5107,257,2000,-2.0226337988845774e-14,0.0,-2.0226337988845777e-14,3.1562327777354215e-30,2.0226337988845777e-14,3.1562327777354215e-30,6408379677039555.0,1.0,1.0,2.0226337988845774e-14,5.022578415585524,8.010666701371174e-32,0.004939552367477109,ANALYTIC,True,-0.9997499687421849
A2_DEC,E0_I0014_residual_heterogeneity,pts__pred_width|pts_absres,pts__pred_width,pts_absres,5107,257,2000,7.23291299753772,0.010147785367364319,-0.02410768040734861,1.3856819324131038,1.1100307899751405,0.8294040883308108,1.3383473816835114,2000.0,0.0,3.0963766380591378,5.022578415585524,0.0035578078028439767,0.007499748898783328,ANALYTIC,False,7.382266730665602
A2_DEC,E0_I0014_residual_heterogeneity,pts__pred_width|pts_sqres,pts__pred_width,pts_sqres,5107,257,2000,5.957254608396934,0.006906482290998563,-0.008168291660914609,1.3978093986153857,1.1180152911123395,0.8386622599836513,1.333093599721697,2000.0,0.0,3.191246134961287,5.022578415585524,0.003735375072088879,0.007524506876209843,ANALYTIC,False,5.770188487292764
A2_DEC,E0_I0014_residual_heterogeneity,pts__pred_width|minutes_absres,pts__pred_width,minutes_absres,5107,257,2000,-6.053336048351863,0.007129459806636298,-0.027082303813815014,1.4808715260661438,1.1775812685609244,0.8979548736250357,1.31140361631653,2000.0,0.0,3.2071310073517703,5.022578415585524,0.0038835600072353984,0.007695173162343383,ANALYTIC,False,5.429843885258466
A2_DEC,E0_I0014_residual_heterogeneity,pts__pred_width|minutes_sqres,pts__pred_width,minutes_sqres,5107,257,2000,-5.176115152297836,0.005222856441750902,-0.030172597009568227,1.3827138382257658,1.0970242507197534,0.8418694439550686,1.3030812064706587,2000.0,0.001,3.159384579937902,5.022578415585524,0.0036595348885325027,0.007493695808750489,ANALYTIC,False,4.845277294320932
A2_DEC,E0_I0014_residual_heterogeneity,pts__pred_width|fga_absres,pts__pred_width,fga_absres,5107,257,2000,6.756617977452693,0.00886676502891915,0.02525710943842078,1.2864609493831012,1.0274667571949903,0.7742118378207815,1.3271132098510143,2000.0,0.0,2.92644608471513,5.022578415585524,0.003147318459591339,0.007298723605215997,ANALYTIC,False,7.3999788434956955
A2_DEC,E0_I0014_residual_heterogeneity,pts__pred_width|fga_sqres,pts__pred_width,fga_sqres,5107,257,2000,6.157060764536069,0.007374064456068426,0.021556008254400297,1.28965033108465,1.0365544194716154,0.7672550518579473,1.350990673781223,2000.0,0.0,2.9665786504394283,5.022578415585524,0.003214902585199355,0.00730514292732323,ANALYTIC,False,6.6737994525612905
A2_DEC,E0_I0014_residual_heterogeneity,pts__pred_iqr|pts_absres,pts__pred_iqr,pts_absres,5107,257,2000,-0.3543156255017763,2.4600524032148534e-05,0.049092881514586593,1.2716646144509811,0.9991689984046241,0.7878477656847112,1.2682259719760145,2000.0,0.776,3.0311487996903788,5.022578415585524,0.003293822921941646,0.007268979683892055,ANALYTIC,True,-0.8184999704129537
A2_DEC,E0_I0014_residual_heterogeneity,pts__pred_iqr|pts_sqres,pts__pred_iqr,pts_sqres,5107,257,2000,0.03163833462861819,1.9615599097868475e-07,0.05884275047194551,1.312599881060998,0.99420023840468,0.8587514604424566,1.1577275663582984,2000.0,0.9825,3.4324195901211065,5.022578415585524,0.004030852249996688,0.007351417073118606,ANALYTIC,True,-1.1208853179476617
A2_DEC,E0_I0014_residual_heterogeneity,pts__pred_iqr|minutes_absres,pts__pred_iqr,minutes_absres,5107,257,2000,-0.8797359324108668,0.00015163981018450403,-0.18405297813867494,1.4159447285986622,1.1351221687283342,0.8658204248204899,1.3110364876916347,2000.0,0.5275,3.2759379509311963,5.022578415585524,0.00390830074513767,0.007561605906829269,ANALYTIC,True,-0.29496443950304874
A2_DEC,E0_I0014_residual_heterogeneity,pts__pred_iqr|minutes_sqres,pts__pred_iqr,minutes_sqres,5107,257,2000,-1.068260601524244,0.00022357937846253188,-0.1749267816836258,1.3011557263903215,1.0333956114978433,0.8094320233308984,1.2766922752145524,2000.0,0.406,3.0194089034178857,5.022578415585524,0.0033148661253777642,0.007328323479072374,ANALYTIC,False,0.04307340088044395
A2_DEC,E0_I0014_residual_heterogeneity,pts__pred_iqr|fga_absres,pts__pred_iqr,fga_absres,5107,257,2000,-0.17837463028673026,6.235020644127198e-06,0.02537270631819612,1.2064330506131011,0.9651973541541743,0.7239149352204554,1.333302170178656,2000.0,0.8895,2.7945383307033698,5.022578415585524,0.0028422406095824702,0.007138573791442879,ANALYTIC,True,-1.0868994208937424
A2_DEC,E0_I0014_residual_heterogeneity,pts__pred_iqr|fga_sqres,pts__pred_iqr,fga_sqres,5107,257,2000,-0.13357625466640335,3.4964831322471813e-06,0.023963501196047496,1.2042606005153225,0.9446164833704566,0.7470418037963225,1.2644760689028347,2000.0,0.9125,2.9893592574475942,5.022578415585524,0.003137484384579878,0.0071342511070700085,ANALYTIC,True,-1.0856691346889868
A2_DEC,E0_I0014_residual_heterogeneity,pts__pred_cv|pts_absres,pts__pred_cv,pts_absres,5107,257,2000,-11.838921147209803,0.02673198080703238,0.006380499249955612,1.3979861782649152,1.124667464405059,0.8299978466445107,1.3550245569332853,2000.0,0.0,3.102956135850255,5.022578415585524,0.00358613383098709,0.007524868069981323,ANALYTIC,False,12.90877286744778
A2_DEC,E0_I0014_residual_heterogeneity,pts__pred_cv|pts_sqres,pts__pred_cv,pts_sqres,5107,257,2000,-11.035067674982786,0.023306797280988525,-0.0028758835293961767,1.4189532711860915,1.1433503764025126,0.8399598951234637,1.361196389304342,2000.0,0.0,3.2762627943889577,5.022578415585524,0.003913300796209753,0.0075677692365682964,ANALYTIC,False,11.776416178925201
A2_DEC,E0_I0014_residual_heterogeneity,pts__pred_cv|minutes_absres,pts__pred_cv,minutes_absres,5107,257,2000,11.013255184519949,0.023216886544720122,0.03408656601870492,1.4950659131232793,1.1878868624366892,0.9080767981342627,1.3081348018992722,2000.0,0.0,3.3836159720358316,5.022578415585524,0.004219148415112575,0.007724529589645506,ANALYTIC,False,10.819975075093307
A2_DEC,E0_I0014_residual_heterogeneity,pts__pred_cv|minutes_sqres,pts__pred_cv,minutes_sqres,5107,257,2000,8.339686437596773,0.013446049802137363,0.0413570034179375,1.3814818998417469,1.0963493770375836,0.8412016695156865,1.3033133632138365,2000.0,0.0,3.122247280517493,5.022578415585524,0.0035951909868254177,0.007491184128376691,ANALYTIC,False,8.610702193125068
A2_DEC,E0_I0014_residual_heterogeneity,pts__pred_cv|fga_absres,pts__pred_cv,fga_absres,5107,257,2000,-10.146730758637068,0.019776606298424006,-0.014028117387352733,1.314635299927632,1.0459426668040832,0.7961906332206611,1.3136837123706835,2000.0,0.0,2.9915905599793744,5.022578415585524,0.003288375051704463,0.007355528227474153,ANALYTIC,False,11.430413411194625
A2_DEC,E0_I0014_residual_heterogeneity,pts__pred_cv|fga_sqres,pts__pred_cv,fga_sqres,5107,257,2000,-9.675310104762154,0.01801397379048595,-0.011076009123118938,1.3188498147977787,1.0507894663256387,0.796728758970077,1.3188798000513793,2000.0,0.0,2.9120239068249694,5.022578415585524,0.0031675056078108643,0.007364044389691892,ANALYTIC,False,10.82491442832482
A2_DEC,E0_I0014_residual_heterogeneity,pts__is_fallback|pts_absres,pts__is_fallback,pts_absres,5107,257,0,,,,,,,,,,,,,,,,
A2_DEC,E0_I0014_residual_heterogeneity,pts__is_fallback|pts_sqres,pts__is_fallback,pts_sqres,5107,257,0,,,,,,,,,,,,,,,,
A2_DEC,E0_I0014_residual_heterogeneity,pts__is_fallback|minutes_absres,pts__is_fallback,minutes_absres,5107,257,0,,,,,,,,,,,,,,,,
A2_DEC,E0_I0014_residual_heterogeneity,pts__is_fallback|minutes_sqres,pts__is_fallback,minutes_sqres,5107,257,0,,,,,,,,,,,,,,,,
A2_DEC,E0_I0014_residual_heterogeneity,pts__is_fallback|fga_absres,pts__is_fallback,fga_absres,5107,257,0,,,,,,,,,,,,,,,,
A2_DEC,E0_I0014_residual_heterogeneity,pts__is_fallback|fga_sqres,pts__is_fallback,fga_sqres,5107,257,0,,,,,,,,,,,,,,,,
A2_DEC,E0_I0014_residual_heterogeneity,pts__fallback_level|pts_absres,pts__fallback_level,pts_absres,5107,257,0,,,,,,,,,,,,,,,,
A2_DEC,E0_I0014_residual_heterogeneity,pts__fallback_level|pts_sqres,pts__fallback_level,pts_sqres,5107,257,0,,,,,,,,,,,,,,,,
A2_DEC,E0_I0014_residual_heterogeneity,pts__fallback_level|minutes_absres,pts__fallback_level,minutes_absres,5107,257,0,,,,,,,,,,,,,,,,
A2_DEC,E0_I0014_residual_heterogeneity,pts__fallback_level|minutes_sqres,pts__fallback_level,minutes_sqres,5107,257,0,,,,,,,,,,,,,,,,
A2_DEC,E0_I0014_residual_heterogeneity,pts__fallback_level|fga_absres,pts__fallback_level,fga_absres,5107,257,0,,,,,,,,,,,,,,,,
A2_DEC,E0_I0014_residual_heterogeneity,pts__fallback_level|fga_sqres,pts__fallback_level,fga_sqres,5107,257,0,,,,,,,,,,,,,,,,
A2_DEC,E0_I0014_residual_heterogeneity,pts__is_cold_start|pts_absres,pts__is_cold_start,pts_absres,5107,257,0,,,,,,,,,,,,,,,,
A2_DEC,E0_I0014_residual_heterogeneity,pts__is_cold_start|pts_sqres,pts__is_cold_start,pts_sqres,5107,257,0,,,,,,,,,,,,,,,,
A2_DEC,E0_I0014_residual_heterogeneity,pts__is_cold_start|minutes_absres,pts__is_cold_start,minutes_absres,5107,257,0,,,,,,,,,,,,,,,,
A2_DEC,E0_I0014_residual_heterogeneity,pts__is_cold_start|minutes_sqres,pts__is_cold_start,minutes_sqres,5107,257,0,,,,,,,,,,,,,,,,
A2_DEC,E0_I0014_residual_heterogeneity,pts__is_cold_start|fga_absres,pts__is_cold_start,fga_absres,5107,257,0,,,,,,,,,,,,,,,,
A2_DEC,E0_I0014_residual_heterogeneity,pts__is_cold_start|fga_sqres,pts__is_cold_start,fga_sqres,5107,257,0,,,,,,,,,,,,,,,,
A2_DEC,E0_I0014_residual_heterogeneity,pts__n_prior_games|pts_absres,pts__n_prior_games,pts_absres,5107,257,2000,-0.828773835672701,0.00013458233013113674,-0.01347110552810615,1.2366256968447236,0.9874462495082169,0.744235722712526,1.3267923312109478,2000.0,0.505,2.7772175279002465,5.022578415585524,0.0028543238999380886,0.00719878586223824,ANALYTIC,True,-0.21320182435908935
A2_DEC,E0_I0014_residual_heterogeneity,pts__n_prior_games|pts_sqres,pts__n_prior_games,pts_sqres,5107,257,2000,-0.6728593968284544,8.871244449323996e-05,-0.010634706033498592,1.2436016116865478,0.9843574566454021,0.7597458769370586,1.295640406255145,2000.0,0.588,2.730249124408837,5.022578415585524,0.00279320598369184,0.007212733631655717,ANALYTIC,True,-0.4100029618755717
A2_DEC,E0_I0014_residual_heterogeneity,pts__n_prior_games|minutes_absres,pts__n_prior_games,minutes_absres,5107,257,2000,-1.516310912272397,0.0004503553451333433,0.02974111754488225,1.2164953859083152,0.9516167396198489,0.758101950700688,1.2552622226341745,2000.0,0.211,2.8019348483217215,5.022578415585524,0.002865961235393912,0.007158612638056981,ANALYTIC,False,0.7448789336719426
A2_DEC,E0_I0014_residual_heterogeneity,pts__n_prior_games|minutes_sqres,pts__n_prior_games,minutes_sqres,5107,257,2000,-1.9054003326430344,0.0007109483233190973,0.02808236210923306,1.1442664960778346,0.9045476155707881,0.7010842538037231,1.2902124254869187,2000.0,0.0995,2.543831880128499,5.022578415585524,0.0024080954042244376,0.007015393696087574,ANALYTIC,False,1.427578371133189
A2_DEC,E0_I0014_residual_heterogeneity,pts__n_prior_games|fga_absres,pts__n_prior_games,fga_absres,5107,257,2000,0.5745004629390488,6.467361088410218e-05,0.021875680091871682,1.1718271928943356,0.9375646218150696,0.7029869139055317,1.3336871615522856,2000.0,0.6275,2.6173236497103156,5.022578415585524,0.002542712434353606,0.007069871632763953,ANALYTIC,True,-0.5164593418374924
A2_DEC,E0_I0014_residual_heterogeneity,pts__n_prior_games|fga_sqres,pts__n_prior_games,fga_sqres,5107,257,2000,0.5372280613886342,5.655451058605062e-05,0.026052807281235206,1.1735119649234476,0.9448204460318698,0.6961876031425281,1.357134832288072,2000.0,0.669,2.564845154875229,5.022578415585524,0.0024711651086360927,0.007073208676488825,ANALYTIC,True,-0.5854634337115459
A2_DEC,E0_I0014_residual_heterogeneity,minutes__pred_point|pts_absres,minutes__pred_point,pts_absres,5107,257,2000,7.6903726333484554,0.01145683965555657,0.02363789257552559,1.3273644874914274,1.0651820699021501,0.79200699484056,1.344914977823628,2000.0,0.0,2.8758458282462263,5.022578415585524,0.0031219739474477566,0.007381264803319992,ANALYTIC,False,8.36506572114307
A2_DEC,E0_I0014_residual_heterogeneity,minutes__pred_point|pts_sqres,minutes__pred_point,pts_sqres,5107,257,2000,7.023771627987266,0.009574956502163823,0.0113231803784752,1.3511803063827972,1.0831959727765936,0.8074131738073157,1.3415634125324438,2000.0,0.0,2.9453796863149146,5.022578415585524,0.003263620563628089,0.007429537658868367,ANALYTIC,False,7.357541154794627
A2_DEC,E0_I0014_residual_heterogeneity,minutes__pred_point|minutes_absres,minutes__pred_point,minutes_absres,5107,257,2000,-11.303697359078106,0.024427280626538622,0.02915099191365682,1.379994771832378,1.1020900350989984,0.830677870914596,1.326735758454202,2000.0,0.0,3.1716258485142554,5.022578415585524,0.0036764045696273976,0.00748815272731976,ANALYTIC,False,12.281063070509989
A2_DEC,E0_I0014_residual_heterogeneity,minutes__pred_point|minutes_sqres,minutes__pred_point,minutes_sqres,5107,257,2000,-6.9634237296850925,0.0094126702973358,0.01866848744068853,1.2747864981236527,1.0256444247329668,0.7569389540894828,1.3549896186366948,2000.0,0.0,2.840330935938128,5.022578415585524,0.0029984878848743073,0.007275250308838958,ANALYTIC,False,7.844462585618472
A2_DEC,E0_I0014_residual_heterogeneity,minutes__pred_point|fga_absres,minutes__pred_point,fga_absres,5107,257,2000,6.076340890521574,0.007183361771330732,0.017813096629039484,1.2662271198881132,1.011441010556181,0.7616586532753616,1.3279452760192247,2000.0,0.0,2.86247674447273,5.022578415585524,0.003021430180630081,0.0072580643711204,ANALYTIC,False,6.649829104133193
A2_DEC,E0_I0014_residual_heterogeneity,minutes__pred_point|fga_sqres,minutes__pred_point,fga_sqres,5107,257,2000,5.805091388606971,0.006560455550477547,0.0183455162141995,1.2610091505234011,1.0041026314738801,0.7627282256940726,1.316461876784696,2000.0,0.0,2.8494137719940165,5.022578415585524,0.0029946387773392993,0.007247597448256092,ANALYTIC,False,6.294494677660912
A2_DEC,E0_I0014_residual_heterogeneity,minutes__pred_sd|pts_absres,minutes__pred_sd,pts_absres,5107,257,2000,-5.999085461872666e-14,0.0,-5.999085461872666e-14,0.0,5.999085461872666e-14,0.0,inf,1.0,1.0,5.999085461872666e-14,5.022578415585524,7.046999486753863e-31,0.004939552367477109,ANALYTIC,False,
A2_DEC,E0_I0014_residual_heterogeneity,minutes__pred_sd|pts_sqres,minutes__pred_sd,pts_sqres,5107,257,2000,1.5365854041312403e-14,0.0,1.53658540413124e-14,3.1562327777354215e-30,1.53658540413124e-14,3.1562327777354215e-30,4868415964026997.0,1.0,1.0,1.5365854041312403e-14,5.022578415585524,4.623251819442271e-32,0.004939552367477109,ANALYTIC,False,0.9997499687421849
A2_DEC,E0_I0014_residual_heterogeneity,minutes__pred_sd|minutes_absres,minutes__pred_sd,minutes_absres,5107,257,2000,4.784791184858651e-14,0.0,4.7847911848586527e-14,1.8937396666412527e-29,4.7847911848586527e-14,1.8937396666412527e-29,2526636194585808.5,1.0,1.0,4.784791184858651e-14,5.022578415585524,4.4829110402782584e-31,0.004939552367477109,ANALYTIC,True,-0.999749968742185
A2_DEC,E0_I0014_residual_heterogeneity,minutes__pred_sd|minutes_sqres,minutes__pred_sd,minutes_sqres,5107,257,2000,-4.534263011565289e-16,0.0,-4.53426301156529e-16,9.863227430423192e-32,4.53426301156529e-16,9.863227430423192e-32,4597139266584612.0,1.0,1.0,4.534263011565289e-16,5.022578415585524,4.0257570115623914e-35,0.004939552367477109,ANALYTIC,True,-0.9997499687421849
A2_DEC,E0_I0014_residual_heterogeneity,minutes__pred_sd|fga_absres,minutes__pred_sd,fga_absres,5107,257,2000,3.1504995965701434e-14,0.0,3.1504995965701434e-14,0.0,3.1504995965701434e-14,0.0,inf,1.0,1.0,3.1504995965701434e-14,5.022578415585524,1.9435378319930751e-31,0.004939552367477109,ANALYTIC,False,
A2_DEC,E0_I0014_residual_heterogeneity,minutes__pred_sd|fga_sqres,minutes__pred_sd,fga_sqres,5107,257,2000,-4.2291222540122715e-14,0.0,-4.22912225401227e-14,1.2624931110941686e-29,4.22912225401227e-14,1.2624931110941686e-29,3349818083638495.5,1.0,1.0,4.2291222540122715e-14,5.022578415585524,3.5021490188724974e-31,0.004939552367477109,ANALYTIC,False,0.9997499687421849
A2_DEC,E0_I0014_residual_heterogeneity,minutes__pred_width|pts_absres,minutes__pred_width,pts_absres,5107,257,2000,-0.038788474837499816,2.948354569209817e-07,0.04431953230374798,1.0585170180590686,0.8488139137308965,0.6337018211915239,1.3394531707908084,2000.0,0.969,2.3405934423607073,5.022578415585524,0.0020447148139356823,0.006847244346342589,ANALYTIC,True,-1.2782438235230864
A2_DEC,E0_I0014_residual_heterogeneity,minutes__pred_width|pts_sqres,minutes__pred_width,pts_sqres,5107,257,2000,-0.4128391292614558,3.339809022293487e-05,0.04417146219352205,1.0213162437904557,0.7958466069752301,0.6413659624446476,1.240861931527766,2000.0,0.6765,2.428794665323573,5.022578415585524,0.0021173459673921105,0.006774930339727115,ANALYTIC,True,-0.5971746243812079
A2_DEC,E0_I0014_residual_heterogeneity,minutes__pred_width|minutes_absres,minutes__pred_width,minutes_absres,5107,257,2000,0.40067445003310004,3.1458938759744015e-05,-0.028977458257896722,1.1599568767158517,0.9183898473940207,0.7088569857639,1.295592574860947,2000.0,0.741,2.5987383058996554,5.022578415585524,0.0025025457020590555,0.0070463823032332895,ANALYTIC,True,-0.7303523951351126
A2_DEC,E0_I0014_residual_heterogeneity,minutes__pred_width|minutes_sqres,minutes__pred_width,minutes_sqres,5107,257,2000,-0.3983669248533444,3.109764290392408e-05,-0.012987890989755934,1.1313595454417884,0.8452414053635671,0.7518994362308068,1.1241415602074045,2000.0,0.704,2.7265227886309384,5.022578415585524,0.002649858305953826,0.006989953575608108,ANALYTIC,True,-0.5943274578717038
A2_DEC,E0_I0014_residual_heterogeneity,minutes__pred_width|fga_absres,minutes__pred_width,fga_absres,5107,257,2000,-2.6622749762686673,0.0013870032089864275,0.040891067393282764,1.0288101506169072,0.8291072337658549,0.6102135326562247,1.3587165629657514,2000.0,0.0085,2.2582583136668815,5.022578415585524,0.001911135333541021,0.006789466751847639,ANALYTIC,False,3.0041414101767585
A2_DEC,E0_I0014_residual_heterogeneity,minutes__pred_width|fga_sqres,minutes__pred_width,fga_sqres,5107,257,2000,-1.9471692475772804,0.0007424364402600897,0.06581888690526176,0.9859940311490863,0.7864067392617862,0.5981417812351992,1.3147497197701326,2000.0,0.041,2.2810662295690287,5.022578415585524,0.0018949867254781849,0.006706623336480606,ANALYTIC,False,1.9406143237786346
A2_DEC,E0_I0014_residual_heterogeneity,minutes__pred_iqr|pts_absres,minutes__pred_iqr,pts_absres,5107,257,2000,-0.7979907979821752,0.00012477167556241843,0.05435278927904075,1.0997675061702654,0.8787692923751549,0.6631911421834339,1.3250618659983453,2000.0,0.4715,2.492358839981806,5.022578415585524,0.0022875187877246126,0.0069278793738736235,ANALYTIC,True,-0.12180273416655034
A2_DEC,E0_I0014_residual_heterogeneity,minutes__pred_iqr|pts_sqres,minutes__pred_iqr,pts_sqres,5107,257,2000,-0.4357305068049089,3.7204391709790775e-05,0.03716420887237385,1.1284309042598626,0.9015696861989781,0.6793406058181927,1.3271246830787253,2000.0,0.697,2.4982775453191595,5.022578415585524,0.0023279083284814435,0.006984187537997231,ANALYTIC,True,-0.6857225600890088
A2_DEC,E0_I0014_residual_heterogeneity,minutes__pred_iqr|minutes_absres,minutes__pred_iqr,minutes_absres,5107,257,2000,2.7290154483619955,0.0014573137245815476,-0.0036693664688455885,1.099438375183009,0.8779141876985248,0.6615582600257277,1.327039870478502,2000.0,0.0135,2.406448796387169,5.022578415585524,0.002173609010942554,0.006927234131961975,ANALYTIC,False,2.7980925830953756
A2_DEC,E0_I0014_residual_heterogeneity,minutes__pred_iqr|minutes_sqres,minutes__pred_iqr,minutes_sqres,5107,257,2000,2.6938158823252203,0.001420015571307178,-0.005496035984948075,1.0297393271954716,0.8213160569060166,0.620883072250001,1.322819212850613,2000.0,0.01,2.26445486917946,5.022578415585524,0.0019196829303455153,0.006791270220820422,ANALYTIC,False,3.0158654811339973
A2_DEC,E0_I0014_residual_heterogeneity,minutes__pred_iqr|fga_absres,minutes__pred_iqr,fga_absres,5107,257,2000,-0.875101190455233,0.00015004648003676704,0.037334252076079405,1.0828389459637402,0.8679868077612819,0.6481949854051847,1.3390828798508922,2000.0,0.427,2.3869321899262883,5.022578415585524,0.0021301353210169635,0.00689473090335008,ANALYTIC,False,0.010975683018442314
A2_DEC,E0_I0014_residual_heterogeneity,minutes__pred_iqr|fga_sqres,minutes__pred_iqr,fga_sqres,5107,257,2000,-0.2769050240368737,1.5025522287761745e-05,0.030675565879502657,1.0673017908193188,0.8574033462165416,0.6360552818185318,1.3480012991404746,2000.0,0.8,2.391118980570641,5.022578415585524,0.002118668377644701,0.0068643769593470455,ANALYTIC,True,-0.9126538820965022
A2_DEC,E0_I0014_residual_heterogeneity,minutes__pred_cv|pts_absres,minutes__pred_cv,pts_absres,5107,257,2000,-7.706206841748868,0.011503523412319958,-0.02249340010069274,1.335110282345572,1.071062665983724,0.7970423847935358,1.3437963732144178,2000.0,0.0,2.8976482413986533,5.022578415585524,0.003166418083748794,0.007396947676681022,ANALYTIC,False,8.324706819053164
A2_DEC,E0_I0014_residual_heterogeneity,minutes__pred_cv|pts_sqres,minutes__pred_cv,pts_sqres,5107,257,2000,-7.170837753296465,0.009976079746145188,-0.01092244289569555,1.3579746145228162,1.0871356081421824,0.8134859280327092,1.3363914121676976,2000.0,0.0,2.998627011720463,5.022578415585524,0.003358576116542918,0.0074433380507758105,ANALYTIC,False,7.478558553393519
A2_DEC,E0_I0014_residual_heterogeneity,minutes__pred_cv|minutes_absres,minutes__pred_cv,minutes_absres,5107,257,2000,11.394970995707531,0.024813529726384904,-0.028497804411283578,1.3641247450291252,1.083777538961182,0.8285454221094533,1.3080484304673543,2000.0,0.0,3.0759691174127077,5.022578415585524,0.0034937458618239706,0.007455841050356996,ANALYTIC,False,12.444934437624845
A2_DEC,E0_I0014_residual_heterogeneity,minutes__pred_cv|minutes_sqres,minutes__pred_cv,minutes_sqres,5107,257,2000,7.219145119435984,0.01010957962667717,-0.01927297768404354,1.2626047488974237,1.0135595835693383,0.7528116945888069,1.3463653538524722,2000.0,0.0,2.8882745221095947,5.022578415585524,0.0030565274692506915,0.007250797317967582,ANALYTIC,False,8.24321085933209
A2_DEC,E0_I0014_residual_heterogeneity,minutes__pred_cv|fga_absres,minutes__pred_cv,fga_absres,5107,257,2000,-6.069475981103875,0.007167256015520746,-0.018466173993409118,1.2598198728760446,1.0025829786971847,0.7627658981323685,1.3144045652172025,2000.0,0.0,2.8757270863121125,5.022578415585524,0.0030335303700403196,0.007245212887940428,ANALYTIC,False,6.6427891110666755
A2_DEC,E0_I0014_residual_heterogeneity,minutes__pred_cv|fga_sqres,minutes__pred_cv,fga_sqres,5107,257,2000,-5.8422926237009305,0.006644248299543789,-0.020614480041412447,1.2540079227828367,0.99567444208565,0.7622975228796335,1.3061493868226393,2000.0,0.0,2.8398699458031222,5.022578415585524,0.0029710447569313973,0.007233565285163672,ANALYTIC,False,6.357908869107738
A2_DEC,E0_I0014_residual_heterogeneity,fga__pred_point|pts_absres,fga__pred_point,pts_absres,5107,257,2000,13.10583219474966,0.03256313938804363,-0.00869498884631674,1.3926212027591094,1.1190553475569154,0.8285880330215875,1.3505569751907824,2000.0,0.0,3.094496850550178,5.022578415585524,0.003564422112531709,0.007513910285691696,ANALYTIC,False,14.466509736425856
A2_DEC,E0_I0014_residual_heterogeneity,fga__pred_point|pts_sqres,fga__pred_point,pts_sqres,5107,257,2000,13.043391412555616,0.03226358114063563,-0.007294756125031001,1.4118386946435941,1.1304814673464874,0.8454076400974296,1.3372028045739026,2000.0,0.0,3.0801755163122198,5.022578415585524,0.003567518088889935,0.007553198297268644,ANALYTIC,False,14.09132042364346
A2_DEC,E0_I0014_residual_heterogeneity,fga__pred_point|minutes_absres,fga__pred_point,minutes_absres,5107,257,2000,-12.174355768278808,0.028224885119357952,-0.007417602498299526,1.4733153935883143,1.174794408442829,0.8887524847040471,1.3218465530749355,2000.0,0.0,3.3224952134756687,5.022578415585524,0.004075997833319211,0.007679568579068484,ANALYTIC,False,12.3764057475449
A2_DEC,E0_I0014_residual_heterogeneity,fga__pred_point|minutes_sqres,fga__pred_point,minutes_sqres,5107,257,2000,-8.512526918058942,0.014001281223941174,-0.01150908246933205,1.3526880209523073,1.0827504741785925,0.8105321402679714,1.3358513751479646,2000.0,0.0,2.9814720526543725,5.022578415585524,0.0033236274989356567,0.007432598977304546,ANALYTIC,False,9.166541429713051
A2_DEC,E0_I0014_residual_heterogeneity,fga__pred_point|fga_absres,fga__pred_point,fga_absres,5107,257,2000,11.433296005039882,0.024976546530274795,0.014736661829515014,1.3237336368146764,1.0469938623852704,0.8097799077174702,1.2929363304856947,2000.0,0.0,2.983582379874845,5.022578415585524,0.003287812047482887,0.0073739191666727455,ANALYTIC,False,12.826080325863506
A2_DEC,E0_I0014_residual_heterogeneity,fga__pred_point|fga_sqres,fga__pred_point,fga_sqres,5107,257,2000,11.344000592432057,0.024597489384058098,0.01518194005717916,1.3158456878360325,1.0487254768834513,0.7945471460415059,1.319903396681092,2000.0,0.0,2.94561504744045,5.022578415585524,0.0032166212992030896,0.007357973522984376,ANALYTIC,False,12.95741249193386
A2_DEC,E0_I0014_residual_heterogeneity,fga__pred_sd|pts_absres,fga__pred_sd,pts_absres,5107,257,2000,-5.488184694784743e-16,0.0,-5.488184694784743e-16,0.0,5.488184694784743e-16,0.0,inf,1.0,1.0,5.488184694784743e-16,5.022578415585524,5.897820881940375e-35,0.004939552367477109,ANALYTIC,False,
A2_DEC,E0_I0014_residual_heterogeneity,fga__pred_sd|pts_sqres,fga__pred_sd,pts_sqres,5107,257,2000,1.5885969613911952e-14,0.0,1.5885969613911955e-14,3.1562327777354215e-30,1.5885969613911955e-14,3.1562327777354215e-30,5033205955522091.0,1.0,1.0,1.5885969613911952e-14,5.022578415585524,4.94153183031396e-32,0.004939552367477109,ANALYTIC,True,-0.9997499687421849
A2_DEC,E0_I0014_residual_heterogeneity,fga__pred_sd|minutes_absres,fga__pred_sd,minutes_absres,5107,257,2000,-2.50583513247995e-14,0.0,-2.5058351324799492e-14,6.312465555470843e-30,2.5058351324799492e-14,6.312465555470843e-30,3969661474521963.5,1.0,1.0,2.50583513247995e-14,5.022578415585524,1.229530000229256e-31,0.004939552367477109,ANALYTIC,False,0.9997499687421849
A2_DEC,E0_I0014_residual_heterogeneity,fga__pred_sd|minutes_sqres,fga__pred_sd,minutes_sqres,5107,257,2000,1.8316224421853655e-15,0.0,1.8316224421853663e-15,7.890581944338554e-31,1.8316224421853663e-15,7.890581944338554e-31,2321276751329532.5,1.0,1.0,1.8316224421853655e-15,5.022578415585524,6.569102742739544e-34,0.004939552367477109,ANALYTIC,True,-0.9997499687421849
A2_DEC,E0_I0014_residual_heterogeneity,fga__pred_sd|fga_absres,fga__pred_sd,fga_absres,5107,257,2000,4.277342226841184e-14,0.0,4.2773422268411835e-14,6.312465555470843e-30,4.2773422268411835e-14,6.312465555470843e-30,6776024659863889.0,1.0,1.0,4.277342226841184e-14,5.022578415585524,3.5824665215427266e-31,0.004939552367477109,ANALYTIC,False,0.9997499687421849
A2_DEC,E0_I0014_residual_heterogeneity,fga__pred_sd|fga_sqres,fga__pred_sd,fga_sqres,5107,257,2000,-1.5574141728085975e-14,0.0,-1.557414172808598e-14,6.312465555470843e-30,1.557414172808598e-14,6.312465555470843e-30,2467204231251336.5,1.0,1.0,1.5574141728085975e-14,5.022578415585524,4.7494397996183475e-32,0.004939552367477109,ANALYTIC,True,-0.9997499687421849
A2_DEC,E0_I0014_residual_heterogeneity,fga__pred_width|pts_absres,fga__pred_width,pts_absres,5107,257,2000,4.527899678513861,0.004001535667768314,-0.0001625139487670104,1.3359076379598223,1.0764585865144105,0.7907632286107229,1.3612906462603482,2000.0,0.001,2.8856856143089438,5.022578415585524,0.003148660870418501,0.007398563023530048,ANALYTIC,False,4.364695988789492
A2_DEC,E0_I0014_residual_heterogeneity,fga__pred_width|pts_sqres,fga__pred_width,pts_sqres,5107,257,2000,3.695018738409246,0.0026683777541640563,0.016120412363408308,1.3148060170162748,1.0657626461584917,0.769777002134731,1.384508296822247,2000.0,0.0065,2.775339511220976,5.022578415585524,0.0029506972909602827,0.007355873095372287,ANALYTIC,False,3.415607487570233
A2_DEC,E0_I0014_residual_heterogeneity,fga__pred_width|minutes_absres,fga__pred_width,minutes_absres,5107,257,2000,-0.9741509480183389,0.0001859285966786737,-0.08965302723585816,1.4415784317606708,1.1470336812406299,0.8774084698324297,1.3072972517118442,2000.0,0.4965,3.2604043490756625,5.022578415585524,0.003918875995988014,0.007614199801292861,ANALYTIC,True,-0.1970379124050497
A2_DEC,E0_I0014_residual_heterogeneity,fga__pred_width|minutes_sqres,fga__pred_width,minutes_sqres,5107,257,2000,-0.7507440686486084,0.0001104359030172311,-0.08902343793506355,1.4112659847843032,1.1019133261867873,0.8858783371644109,1.243865302896872,2000.0,0.58,3.237178857039965,5.022578415585524,0.0038339549535805766,0.007552025975036757,ANALYTIC,True,-0.3964079973579996
A2_DEC,E0_I0014_residual_heterogeneity,fga__pred_width|fga_absres,fga__pred_width,fga_absres,5107,257,2000,4.557548226142547,0.004053897966367149,0.02516772892061177,1.2468861058000424,0.9929872325185827,0.754216010096462,1.3165820126141083,2000.0,0.0005,2.759355068298279,5.022578415585524,0.002840544257526106,0.007219305382302268,ANALYTIC,False,4.726180491936345
A2_DEC,E0_I0014_residual_heterogeneity,fga__pred_width|fga_sqres,fga__pred_width,fga_sqres,5107,257,2000,3.938640770861533,0.0030307418290964464,0.019654620875824987,1.2491206117120417,0.9980643750526386,0.7510379403325982,1.3289133896626373,2000.0,0.002,2.7303743216720227,5.022578415585524,0.002800265917676114,0.00722377798390078,ANALYTIC,False,3.9153499948440107
A2_DEC,E0_I0014_residual_heterogeneity,fga__pred_iqr|pts_absres,fga__pred_iqr,pts_absres,5107,257,2000,1.4855861317091914,0.0004322970977196445,0.011280093359855184,1.1133176705630343,0.8683345394645205,0.6965784064176815,1.2465711418333154,2000.0,0.172,2.5208694656230266,5.022578415585524,0.002341257973729654,0.006954469757253652,ANALYTIC,False,0.8861193320921796
A2_DEC,E0_I0014_residual_heterogeneity,fga__pred_iqr|pts_sqres,fga__pred_iqr,pts_sqres,5107,257,2000,0.6549373922062968,8.404995788162277e-05,0.006768141850302451,1.127959562587866,0.8105286437290409,0.7842533267542595,1.0335036092017937,2000.0,0.485,2.668804968088954,5.022578415585524,0.0025633033221809463,0.0069832597620453135,ANALYTIC,True,-0.1983941237032171
A2_DEC,E0_I0014_residual_heterogeneity,fga__pred_iqr|minutes_absres,fga__pred_iqr,minutes_absres,5107,257,2000,-1.3263030719121707,0.00034459605459367205,-0.03759735689164216,1.1257093810520535,0.8866849848018126,0.6942854707632925,1.2771187388193468,2000.0,0.232,2.6138021846090442,5.022578415585524,0.0024833189712212063,0.006978831416119765,ANALYTIC,False,0.633194997768058
A2_DEC,E0_I0014_residual_heterogeneity,fga__pred_iqr|minutes_sqres,fga__pred_iqr,minutes_sqres,5107,257,2000,-1.000822444769544,0.00019624710874154236,-0.03216201756095017,1.109306188830556,0.8275343860546363,0.7392153917742579,1.1194766711612916,2000.0,0.3085,2.687179220265675,5.022578415585524,0.002567095250095857,0.0069465924543114345,ANALYTIC,False,0.23442160518192584
A2_DEC,E0_I0014_residual_heterogeneity,fga__pred_iqr|fga_absres,fga__pred_iqr,fga_absres,5107,257,2000,-0.10164201301741738,2.0245106593289136e-06,0.013476898211680246,1.0762831714321963,0.8527696467218547,0.6564962470967441,1.298971091598924,2000.0,0.922,2.4623983810605665,5.022578415585524,0.0022214438467288524,0.006881915140428216,ANALYTIC,True,-1.1441461196864207
A2_DEC,E0_I0014_residual_heterogeneity,fga__pred_iqr|fga_sqres,fga__pred_iqr,fga_sqres,5107,257,2000,0.006025446542014801,7.1146395361032445e-09,0.009731588811901172,1.0609245739877708,0.8076234372195213,0.6878036024822864,1.1742064657771558,2000.0,0.9955,2.535465477030962,5.022578415585524,0.0023014816653730507,0.006851937582932217,ANALYTIC,True,-1.1654460485297484
A2_DEC,E0_I0014_residual_heterogeneity,fga__pred_cv|pts_absres,fga__pred_cv,pts_absres,5107,257,2000,-11.928937507532439,0.02712896540999725,0.003061966302147894,1.4022233943994251,1.1285888582430914,0.8317991597648009,1.356804518247182,2000.0,0.0,3.113899105750297,5.022578415585524,0.0036104915377467932,0.007533528086319847,ANALYTIC,False,12.984322624638438
A2_DEC,E0_I0014_residual_heterogeneity,fga__pred_cv|pts_sqres,fga__pred_cv,pts_sqres,5107,257,2000,-11.301934484907413,0.02441984812513269,-0.00850812826228377,1.4207572006660214,1.1456349347669998,0.8399330187334259,1.3639598744368404,2000.0,0.0,3.211034958171143,5.022578415585524,0.0038025573701066357,0.007571465988205695,ANALYTIC,False,12.091796992878756
A2_DEC,E0_I0014_residual_heterogeneity,fga__pred_cv|minutes_absres,fga__pred_cv,minutes_absres,5107,257,2000,10.217772881735431,0.020048935143912525,0.04633602859723975,1.4756104932508214,1.1760380035035005,0.8920858507297591,1.3183013748524965,2000.0,0.0,3.32758098011143,5.022578415585524,0.004088545770910183,0.007684306640446962,ANALYTIC,False,10.135498585517817
A2_DEC,E0_I0014_residual_heterogeneity,fga__pred_cv|minutes_sqres,fga__pred_cv,minutes_sqres,5107,257,2000,7.440665328459786,0.010732764475487877,0.045768529741844345,1.3650183713694428,1.090128601687888,0.8224330396744239,1.3254922274516554,2000.0,0.0,2.9929577411134054,5.022578415585524,0.0033589960478034512,0.00745765863438698,ANALYTIC,False,7.721645921819825
A2_DEC,E0_I0014_residual_heterogeneity,fga__pred_cv|fga_absres,fga__pred_cv,fga_absres,5107,257,2000,-11.506469757803062,0.02528916137518908,-0.029005063512186246,1.3105558724706143,1.044064900076448,0.7923266911130833,1.317720217918843,2000.0,0.0,2.9707063152426305,5.022578415585524,0.003249464482566989,0.00734728972568447,ANALYTIC,False,13.204660369359422
A2_DEC,E0_I0014_residual_heterogeneity,fga__pred_cv|fga_sqres,fga__pred_cv,fga_sqres,5107,257,2000,-10.717541572178243,0.02201392370249686,-0.025508835733493242,1.3096065671191037,1.047157311386309,0.7865325222621917,1.3313592022546243,2000.0,0.0,2.9448789608897656,5.022578415585524,0.003207125315052346,0.007345373242825413,ANALYTIC,False,12.29495791601647
A1_FULL,E0_I0014_residual_heterogeneity,pl_games_prior|pts_absres,pl_games_prior,pts_absres,13879,475,2000,-2.4526928354497914,0.0004333762221835922,0.0683197788814275,1.510155526167923,1.2011249482489907,0.9175057425613161,1.3091198153113692,2000.0,0.104,3.3371072418122476,5.834603846343958,0.0015299703446954888,0.0036378202300327888,ANALYTIC,False,1.3640981512626984
A1_FULL,E0_I0014_residual_heterogeneity,pl_games_prior|pts_sqres,pl_games_prior,pts_sqres,13879,475,2000,-2.7001733285102394,0.0005251968884392495,0.05506787418754037,1.4598693044785007,1.1613391539100422,0.885928355937675,1.310872539665885,2000.0,0.0625,3.3260151995744436,5.834603846343958,0.0014947070314954172,0.0035946144428691046,ANALYTIC,False,1.7369736099839366
A1_FULL,E0_I0014_residual_heterogeneity,pl_games_prior|minutes_absres,pl_games_prior,minutes_absres,13879,475,2000,-15.261793749727984,0.01651003901964867,-0.002055889653663444,1.2248891538273132,0.9740905405411977,0.7423143695674147,1.312234520138484,2000.0,0.0,2.7262526373947997,5.834603846343958,0.0010170863348482643,0.0033961411565090597,ANALYTIC,False,19.247509943143058
A1_FULL,E0_I0014_residual_heterogeneity,pl_games_prior|minutes_sqres,pl_games_prior,minutes_sqres,13879,475,2000,-16.402017163329315,0.019020480013910532,-0.00447833079719707,1.181766540091736,0.936762366394605,0.7201593631345888,1.3007709325852863,2000.0,0.0,2.6497525847865973,5.834603846343958,0.0009569352547878433,0.00336033018405119,ANALYTIC,False,21.474767375959875
A1_FULL,E0_I0014_residual_heterogeneity,pl_games_prior|fga_absres,pl_games_prior,fga_absres,13879,475,2000,-6.965485477860369,0.0034846069782292484,0.06788917014776917,1.3461999453751694,1.0757684525396196,0.8117935982431642,1.3251748410775033,2000.0,0.0,2.9901465267945095,5.834603846343958,0.0012248907414686232,0.003497901174375502,ANALYTIC,False,7.255190282439929
A1_FULL,E0_I0014_residual_heterogeneity,pl_games_prior|fga_sqres,pl_games_prior,fga_sqres,13879,475,2000,-7.768898950492504,0.004331126654287835,0.05946707545903334,1.3086764313234978,1.047680183153586,0.7861229206776639,1.332718021057637,2000.0,0.0,2.9050511755086035,5.834603846343958,0.0011565480314890246,0.0034662645945450193,ANALYTIC,False,8.549831827247838
A1_FULL,E0_I0014_residual_heterogeneity,pl_minutes_prior|pts_absres,pl_minutes_prior,pts_absres,13879,475,2000,13.028011330875982,0.012084895214415126,0.09002921566844453,1.704776708211105,1.3519243716819946,1.0419976610029165,1.2974351308819403,2000.0,0.0,3.9990387300671424,5.834603846343958,0.0021274115946094204,0.003807470809498816,ANALYTIC,False,11.205482887510346
A1_FULL,E0_I0014_residual_heterogeneity,pl_minutes_prior|pts_sqres,pl_minutes_prior,pts_sqres,13879,475,2000,9.504923764723197,0.006469126612103216,0.07704669860184532,1.640422865288989,1.3065780704817884,0.9944476285450856,1.3138731824353198,2000.0,0.0,3.712430654000235,5.834603846343958,0.0018689466917961486,0.003750945953936387,ANALYTIC,False,8.244120111418935
A1_FULL,E0_I0014_residual_heterogeneity,pl_minutes_prior|minutes_absres,pl_minutes_prior,minutes_absres,13879,475,2000,-17.466881632700055,0.021515513084195546,-0.012451109586702671,1.3183004609094267,1.048540456504129,0.7988016840559791,1.3126417700825084,2000.0,0.0,3.043655181999186,5.834603846343958,0.0012427969022192316,0.003474365040046018,ANALYTIC,False,20.553713773900043
A1_FULL,E0_I0014_residual_heterogeneity,pl_minutes_prior|minutes_sqres,pl_minutes_prior,minutes_sqres,13879,475,2000,-17.277458876774006,0.021061160779003447,-0.01293216379565452,1.2442232408437948,0.9903014912146717,0.7530412739404608,1.3150693401341635,2000.0,0.0,2.7978297746209955,5.834603846343958,0.0010652051661236863,0.003412258686426949,ANALYTIC,False,21.6285055669433
A1_FULL,E0_I0014_residual_heterogeneity,pl_minutes_prior|fga_absres,pl_minutes_prior,fga_absres,13879,475,2000,5.550592132045465,0.002215554151114381,0.09992511745899142,1.4766315020590126,1.182926549505431,0.8890530849420126,1.330546588882919,2000.0,0.0,3.350948032531631,5.834603846343958,0.0015204405327749766,0.003608987799305719,ANALYTIC,False,4.912716300652519
A1_FULL,E0_I0014_residual_heterogeneity,pl_minutes_prior|fga_sqres,pl_minutes_prior,fga_sqres,13879,475,2000,2.690504486126925,0.0005214443064014045,0.0800866164123803,1.4373274016146644,1.1549220404959106,0.8589615581543719,1.3445561440228608,2000.0,0.059,3.1737529338825263,5.834603846343958,0.0013844319047884228,0.003575330284959852,ANALYTIC,False,1.7877196378036755
A1_FULL,E0_I0014_residual_heterogeneity,pl_career_games_prior|pts_absres,pl_career_games_prior,pts_absres,13879,475,2000,13.057865320418287,0.01213967117365037,0.023862854898860555,2.0991006167791175,1.6857902954238302,1.2503929560877516,1.3482084069782,2000.0,0.0,4.648309211205621,5.834603846343958,0.002965031453086041,0.004163053845239536,ANALYTIC,False,9.094800934080418
A1_FULL,E0_I0014_residual_heterogeneity,pl_career_games_prior|pts_sqres,pl_career_games_prior,pts_sqres,13879,475,2000,10.92632597145233,0.008530893115583294,0.01304317952587041,1.986776304114314,1.5953179183598862,1.1836966990654956,1.3477421366633506,2000.0,0.0,4.436160862093072,5.834603846343958,0.00268830687282842,0.0040601484020016225,ANALYTIC,False,7.882938307134831
A1_FULL,E0_I0014_residual_heterogeneity,pl_career_games_prior|minutes_absres,pl_career_games_prior,minutes_absres,13879,475,2000,-16.016772820192973,0.01815351092832785,0.021189056085224124,1.521018155075112,1.2095464586260531,0.922068829285531,1.3117745879808944,2000.0,0.0,3.484196689555043,5.834603846343958,0.0016354726366219776,0.0036471872716344043,ANALYTIC,False,16.05869962336799
A1_FULL,E0_I0014_residual_heterogeneity,pl_career_games_prior|minutes_sqres,pl_career_games_prior,minutes_sqres,13879,475,2000,-16.536983904119555,0.0193287190166225,0.005897637488586703,1.409020355576912,1.1252315600477756,0.8476990671833493,1.3273950669623642,2000.0,0.0,3.2277957780630055,5.834603846343958,0.0014035860022320744,0.0035511876197291655,ANALYTIC,False,18.180688101121106
A1_FULL,E0_I0014_residual_heterogeneity,pl_career_games_prior|fga_absres,pl_career_games_prior,fga_absres,13879,475,2000,6.22218942608889,0.00278255228526749,0.057994812295290674,1.7331300380580246,1.3930855208746125,1.0322047820531175,1.3496212622689865,2000.0,0.0,3.7774703862780123,5.834603846343958,0.0019754191173682934,0.003832508956521359,ANALYTIC,False,4.678435896808091
A1_FULL,E0_I0014_residual_heterogeneity,pl_career_games_prior|fga_sqres,pl_career_games_prior,fga_sqres,13879,475,2000,4.504134637158057,0.0014600078786105068,0.030129605477391175,1.6798270201651606,1.3562119023662609,0.9912094760377995,1.3682394439846357,2000.0,0.0055,3.653078585843707,5.834603846343958,0.0018497756727718195,0.003785506209321883,ANALYTIC,False,3.1758400326993548
A1_FULL,E0_I0014_residual_heterogeneity,pl_prior_season_games|pts_absres,pl_prior_season_games,pts_absres,13879,475,2000,16.183460806399975,0.018526290918700075,-0.005960249355970008,2.182521500029538,1.756403163594132,1.2949673044872199,1.356330123168346,2000.0,0.0,4.8803039737041125,5.834603846343958,0.0032509722591831628,0.004240312910245023,ANALYTIC,False,11.140866331384835
A1_FULL,E0_I0014_residual_heterogeneity,pl_prior_season_games|pts_sqres,pl_prior_season_games,pts_sqres,13879,475,2000,13.627735143859953,0.013208088135622064,-0.01135489357652716,2.061059655318596,1.6615942991223307,1.2189418147051734,1.363144884421101,2000.0,0.0,4.514897659147883,5.834603846343958,0.0028140799467311524,0.004128058561973204,ANALYTIC,False,9.8168269398748
A1_FULL,E0_I0014_residual_heterogeneity,pl_prior_season_games|minutes_absres,pl_prior_season_games,minutes_absres,13879,475,2000,-11.549139953365541,0.009521629809133193,0.023508487174536585,1.5669102738337166,1.263153686168736,0.9270411636435812,1.362564830674962,2000.0,0.0,3.481206459891263,5.834603846343958,0.0016600283601060336,0.0036868938043333726,ANALYTIC,False,11.095501117522597
A1_FULL,E0_I0014_residual_heterogeneity,pl_prior_season_games|minutes_sqres,pl_prior_season_games,minutes_sqres,13879,475,2000,-11.697464337469729,0.009765367219325933,0.006666480951501768,1.451571862238493,1.1640178389153684,0.8668852279634303,1.3427588812996507,2000.0,0.0,3.263853608317873,5.834603846343958,0.0014496689419611862,0.0035875101109318127,ANALYTIC,False,12.150912437740507
A1_FULL,E0_I0014_residual_heterogeneity,pl_prior_season_games|fga_absres,pl_prior_season_games,fga_absres,13879,475,2000,10.386167425101709,0.007714614717720027,0.04078097781966187,1.7986491589552862,1.4470940395512908,1.068491456894175,1.3543337480279107,2000.0,0.0,3.9504087612928895,5.834603846343958,0.002151262575646059,0.0038906812169915905,ANALYTIC,False,8.36606912284911
A1_FULL,E0_I0014_residual_heterogeneity,pl_prior_season_games|fga_sqres,pl_prior_season_games,fga_sqres,13879,475,2000,8.70099734909442,0.005426775355768969,0.012861991055300498,1.7471647150935348,1.4076809468611682,1.034501391308537,1.3607337396430155,2000.0,0.0,3.810714069407377,5.834603846343958,0.0020095614723410872,0.003844933005244263,ANALYTIC,False,7.050078872303848
A1_FULL,E0_I0014_residual_heterogeneity,pl_is_rookie_window|pts_absres,pl_is_rookie_window,pts_absres,13879,475,2000,-10.070710170892278,0.007256451160382433,0.027830645366669727,2.1674871427361615,1.7062716266277949,1.3363967123359892,1.2767702964827512,2000.0,0.0,4.907555623823182,5.834603846343958,0.0032651183010396503,0.004226336581624763,ANALYTIC,False,6.258948759042999
A1_FULL,E0_I0014_residual_heterogeneity,pl_is_rookie_window|pts_sqres,pl_is_rookie_window,pts_sqres,13879,475,2000,-8.00918494606447,0.004601934630582481,0.018563573863795545,2.055551708327925,1.6198402819110018,1.26508595273366,1.280419151292267,2000.0,0.0005,4.761270535106788,5.834603846343958,0.0030359925620062436,0.004123003840136181,ANALYTIC,False,5.050522180210015
A1_FULL,E0_I0014_residual_heterogeneity,pl_is_rookie_window|minutes_absres,pl_is_rookie_window,minutes_absres,13879,475,2000,6.639930910041235,0.003167497779188881,-0.0105971204416485,1.5712804699299294,1.2413836118093347,0.9629280848364419,1.2891758287641903,2000.0,0.0,3.514746314126441,5.834603846343958,0.0016858712475707114,0.003690686172281132,ANALYTIC,False,5.606386793826737
A1_FULL,E0_I0014_residual_heterogeneity,pl_is_rookie_window|minutes_sqres,pl_is_rookie_window,minutes_sqres,13879,475,2000,7.3711252394820015,0.0039006523424601207,0.008283357492561616,1.4465839371062932,1.1364605471268479,0.8946983100011153,1.2702164902104611,2000.0,0.0,3.2672630441001282,5.834603846343958,0.0014491593140429227,0.0035832427941899355,ANALYTIC,False,6.968454754706512
A1_FULL,E0_I0014_residual_heterogeneity,pl_is_rookie_window|fga_absres,pl_is_rookie_window,fga_absres,13879,475,2000,-6.331299331066171,0.0028807118467329717,-0.005786945887319505,1.8031194111535898,1.4412320500977678,1.0830901161431399,1.3306667918178068,2000.0,0.0005,3.9689025680539625,5.834603846343958,0.0021688227804200692,0.003894666173657781,ANALYTIC,False,4.514921896233183
A1_FULL,E0_I0014_residual_heterogeneity,pl_is_rookie_window|fga_sqres,pl_is_rookie_window,fga_sqres,13879,475,2000,-4.80593335976781,0.0016618818724661291,0.025612035415691514,1.74887779318893,1.3941724714855086,1.0557180566606454,1.320591669991354,2000.0,0.004,3.8577290024695947,5.834603846343958,0.0020466076330217346,0.003846450866226702,ANALYTIC,False,3.2316970111073817
A1_FULL,E0_I0014_residual_heterogeneity,pl_min_mean5|pts_absres,pl_min_mean5,pts_absres,13879,475,2000,35.48218228582081,0.08318927487734525,0.07547686764500516,1.9280164960528476,1.5364042446675872,1.1667169125118857,1.3168612095969212,2000.0,0.0,4.227522722382645,5.834603846343958,0.0024659293507948957,0.004006828909335833,ANALYTIC,False,29.095128113013796
A1_FULL,E0_I0014_residual_heterogeneity,pl_min_mean5|pts_sqres,pl_min_mean5,pts_sqres,13879,475,2000,26.06674405050671,0.046684963807137214,0.06528787276492343,1.8394936562614628,1.4680767316195509,1.1098081349612152,1.3228203014306217,2000.0,0.0,4.060422721376582,5.834603846343958,0.002266457640690839,0.0039271674137201125,ANALYTIC,False,22.164792763703083
A1_FULL,E0_I0014_residual_heterogeneity,pl_min_mean5|minutes_absres,pl_min_mean5,minutes_absres,13879,475,2000,-6.964774913661619,0.0034838985466751284,-0.03263083283630735,1.4482085780172753,1.1544884849492998,0.874564447172012,1.3200725100162132,2000.0,0.0,3.2062985567710265,5.834603846343958,0.001410899819375897,0.003584632443434997,ANALYTIC,False,6.643634379948141
A1_FULL,E0_I0014_residual_heterogeneity,pl_min_mean5|minutes_sqres,pl_min_mean5,minutes_sqres,13879,475,2000,-5.166581459970385,0.0019201663351053467,-0.0348999659649407,1.3526560211617082,1.0787920577520818,0.8164082541249299,1.3213879848733143,2000.0,0.0,2.9989911701539325,5.834603846343958,0.0012333888991472915,0.0035033588696690055,ANALYTIC,False,5.007040756342935
A1_FULL,E0_I0014_residual_heterogeneity,pl_min_mean5|fga_absres,pl_min_mean5,fga_absres,13879,475,2000,25.9879061418254,0.046416084738081814,0.0905998952562644,1.6337172508598299,1.3035826514497688,0.9884668355241991,1.3187925022881106,2000.0,0.0,3.58690779032983,5.834603846343958,0.00177392048418097,0.0037450804316139104,ANALYTIC,False,24.972333520208753
A1_FULL,E0_I0014_residual_heterogeneity,pl_min_mean5|fga_sqres,pl_min_mean5,fga_sqres,13879,475,2000,19.491487290845164,0.0266517194109487,0.06809883991221574,1.6008402970449087,1.2804581993163329,0.9627751719021893,1.3299659533040158,2000.0,0.0,3.607199752204146,5.834603846343958,0.0017686490051320835,0.003716388780688441,ANALYTIC,False,18.915142000960255
A1_FULL,E0_I0014_residual_heterogeneity,pl_fga_mean5|pts_absres,pl_fga_mean5,pts_absres,13879,475,2000,36.95863108496322,0.08962310558134026,0.042269810928509156,2.0057687177583907,1.5975702477384277,1.213007967692432,1.3170319489142093,2000.0,0.0,4.54122780365746,5.834603846343958,0.0027959142782838764,0.0040774577552951646,ANALYTIC,False,29.151548694683335
A1_FULL,E0_I0014_residual_heterogeneity,pl_fga_mean5|pts_sqres,pl_fga_mean5,pts_sqres,13879,475,2000,29.565792111882402,0.05926693329407205,0.03910124352359645,1.906864652974278,1.522434295379107,1.1483452487227344,1.3257635689897784,2000.0,0.0,4.242285483554327,5.834603846343958,0.002463367992073346,0.003987721688310075,ANALYTIC,False,24.420667780612995
A1_FULL,E0_I0014_residual_heterogeneity,pl_fga_mean5|minutes_absres,pl_fga_mean5,minutes_absres,13879,475,2000,-13.067853850802479,0.01215802471517742,-0.03418939023335693,1.504276120514147,1.1998121825371566,0.907604945906857,1.3219542136125462,2000.0,0.0,3.466841377659979,5.834603846343958,0.0016139547757322843,0.0036327553356970787,ANALYTIC,False,13.076219694249309
A1_FULL,E0_I0014_residual_heterogeneity,pl_fga_mean5|minutes_sqres,pl_fga_mean5,minutes_sqres,13879,475,2000,-10.390740646776278,0.007721357519897337,-0.03898261055745245,1.3932791097624955,1.1184432092880487,0.8313880555640144,1.345272164788675,2000.0,0.0,3.0754145645457136,5.834603846343958,0.0013002190787604223,0.0035377975285501803,ANALYTIC,False,11.152791257264207
A1_FULL,E0_I0014_residual_heterogeneity,pl_fga_mean5|fga_absres,pl_fga_mean5,fga_absres,13879,475,2000,27.635153710173345,0.052170044527308924,0.07450218093373101,1.6824299892946042,1.3411611261450294,1.018091866065414,1.3173282007724614,2000.0,0.0,3.7400122323973557,5.834603846343958,0.0019154218918708862,0.0037877947793985445,ANALYTIC,False,25.826738686800283
A1_FULL,E0_I0014_residual_heterogeneity,pl_fga_mean5|fga_sqres,pl_fga_mean5,fga_sqres,13879,475,2000,21.895250136709684,0.03339755841208117,0.05473329628802877,1.6507291445115253,1.3189425977320677,0.9936921680572157,1.3273150781803529,2000.0,0.0,3.7729571906569097,5.834603846343958,0.001920079445509925,0.0037599699910087396,ANALYTIC,False,20.706923331404234
A1_FULL,E0_I0014_residual_heterogeneity,pl_pts_mean5|pts_absres,pl_pts_mean5,pts_absres,13879,475,2000,35.79023151682502,0.08451739814421819,0.05470400118909893,1.9881769492050292,1.5860928040160178,1.1995385565827426,1.3222524572569763,2000.0,0.0,4.379518208874727,5.834603846343958,0.0026397082395396405,0.0040614236679021865,ANALYTIC,False,28.5144137511095
A1_FULL,E0_I0014_residual_heterogeneity,pl_pts_mean5|pts_sqres,pl_pts_mean5,pts_sqres,13879,475,2000,28.574578558659983,0.05557677407642264,0.047990187639784604,1.8927725938740851,1.5129109246745474,1.1379137990603352,1.3295479199952376,2000.0,0.0,4.258453041943893,5.834603846343958,0.002466998679838174,0.003975017171618912,ANALYTIC,False,23.78182570273107
A1_FULL,E0_I0014_residual_heterogeneity,pl_pts_mean5|minutes_absres,pl_pts_mean5,minutes_absres,13879,475,2000,-13.723626193017678,0.013392120491746028,-0.024631627133432234,1.4905199853521738,1.1932508298472884,0.8931388606801879,1.3360193833000886,2000.0,0.0,3.3928573591405344,5.834603846343958,0.0015561276800911555,0.0036209187103453046,ANALYTIC,False,14.029593733753371
A1_FULL,E0_I0014_residual_heterogeneity,pl_pts_mean5|minutes_sqres,pl_pts_mean5,minutes_sqres,13879,475,2000,-11.00524036099685,0.008653495107318878,-0.030794994189756952,1.3855556687973551,1.1146782111664943,0.8231550512618133,1.3541533997243964,2000.0,0.0,3.0014856466123088,5.834603846343958,0.0012514503258414754,0.003531236930541578,ANALYTIC,False,12.015430306439992
A1_FULL,E0_I0014_residual_heterogeneity,pl_pts_mean5|fga_absres,pl_pts_mean5,fga_absres,13879,475,2000,25.670702734403196,0.04534097013556732,0.08493103416062127,1.6699089459838585,1.3340556297149009,1.0075802977186135,1.3240191702194857,2000.0,0.0,3.7033153889502817,5.834603846343958,0.0018804876359778144,0.003776792425411435,ANALYTIC,False,24.153555959551703
A1_FULL,E0_I0014_residual_heterogeneity,pl_pts_mean5|fga_sqres,pl_pts_mean5,fga_sqres,13879,475,2000,20.213686487366573,0.028605765925739594,0.06229956792525344,1.6324182606300375,1.309432112121443,0.9763208304857826,1.3411903866374704,2000.0,0.0,3.678735152030478,5.834603846343958,0.0018393903273001637,0.0037439447120119498,ANALYTIC,False,19.362748171458193
A1_FULL,E0_I0014_residual_heterogeneity,pl_usg_mean5|pts_absres,pl_usg_mean5,pts_absres,13879,475,2000,29.342456701768924,0.05842704584345894,-0.0021491835371408464,1.9010947389575015,1.518714217273206,1.1430306779330563,1.328673190136505,2000.0,0.0,4.278550154798818,5.834603846343958,0.002489903588284712,0.003982517445055153,ANALYTIC,False,24.342078495049165
A1_FULL,E0_I0014_residual_heterogeneity,pl_usg_mean5|pts_sqres,pl_usg_mean5,pts_sqres,13879,475,2000,24.167624324292632,0.040394983996559594,0.00043251462181964227,1.8206914111777677,1.4664598352623768,1.078581087977132,1.3596194589437012,2000.0,0.0,3.9742117898583276,5.834603846343958,0.002184741738063692,0.003910350305415528,ANALYTIC,False,21.04724878090164
A1_FULL,E0_I0014_residual_heterogeneity,pl_usg_mean5|minutes_absres,pl_usg_mean5,minutes_absres,13879,475,2000,-8.697033310616208,0.005421858577370115,-0.048397785393949615,1.4563656568071182,1.1714138166735735,0.8662838249869803,1.352228660960141,2000.0,0.0,3.2245649160137675,5.834603846343958,0.001426971060351869,0.0035916137364128933,ANALYTIC,False,8.687244615303465
A1_FULL,E0_I0014_residual_heterogeneity,pl_usg_mean5|minutes_sqres,pl_usg_mean5,minutes_sqres,13879,475,2000,-6.8257168807687885,0.0033466299152008156,-0.04781660847880639,1.3625735890002435,1.0978006864001808,0.8081615714674819,1.3583925852930179,2000.0,0.0,2.9382108993366263,5.834603846343958,0.0012023255287409937,0.003511751052490503,ANALYTIC,False,7.087587923746115
A1_FULL,E0_I0014_residual_heterogeneity,pl_usg_mean5|fga_absres,pl_usg_mean5,fga_absres,13879,475,2000,25.393775271699454,0.04441120926852679,0.024037330630796418,1.60065563022497,1.2736993776082126,0.9693063826900544,1.3140317657595482,2000.0,0.0,3.5887477688784166,5.834603846343958,0.001755389076158492,0.0037162279339225178,ANALYTIC,False,24.883851303188912
A1_FULL,E0_I0014_residual_heterogeneity,pl_usg_mean5|fga_sqres,pl_usg_mean5,fga_sqres,13879,475,2000,20.802773512034733,0.030246210822329336,0.017614312856497356,1.57017206543092,1.2488219907510736,0.9515325540604074,1.3124322288523542,2000.0,0.0,3.519180090399629,5.834603846343958,0.0016883124419905585,0.0036897241367189596,ANALYTIC,False,20.54995537235428
A1_FULL,E0_I0014_residual_heterogeneity,pl_start_frac5|pts_absres,pl_start_frac5,pts_absres,13879,475,2000,31.76768959002634,0.06780257213797114,0.07708492797625163,1.9119052874868356,1.5449830747589213,1.128343964527961,1.3692483172941505,2000.0,0.0,4.108766825082829,5.834603846343958,0.0023556453648611742,0.0039922709302018895,ANALYTIC,False,26.78501189830974
A1_FULL,E0_I0014_residual_heterogeneity,pl_start_frac5|pts_sqres,pl_start_frac5,pts_sqres,13879,475,2000,24.132496517218783,0.04028236743897814,0.06733936910995242,1.8322620400378946,1.4786945911746048,1.0835541207995067,1.3646707282913948,2000.0,0.0,4.036087444634764,5.834603846343958,0.0022419372864717468,0.003920695039510326,ANALYTIC,False,20.906940863580434
A1_FULL,E0_I0014_residual_heterogeneity,pl_start_frac5|minutes_absres,pl_start_frac5,minutes_absres,13879,475,2000,-2.1219380423676286,0.00032440795456290076,-0.022645096484650188,1.4367240694572363,1.1445202882903844,0.868393417399089,1.3179743942766384,2000.0,0.1465,3.22219699157624,5.834603846343958,0.0014148771337706182,0.003574814858753338,ANALYTIC,False,1.125547170779682
A1_FULL,E0_I0014_residual_heterogeneity,pl_start_frac5|minutes_sqres,pl_start_frac5,minutes_sqres,13879,475,2000,-0.26102767965319223,4.910638915767867e-06,-0.022895756251631295,1.3527512667759105,1.0763644825754992,0.8193414418131165,1.3136946670164977,2000.0,0.8485,2.98095042836399,5.834603846343958,0.0012227038224380269,0.003503439418156196,ANALYTIC,True,-0.9951123686824046
A1_FULL,E0_I0014_residual_heterogeneity,pl_start_frac5|fga_absres,pl_start_frac5,fga_absres,13879,475,2000,25.392979407886877,0.044408549158926225,0.08312845086887276,1.6224223692032274,1.302262710379066,0.9707891662053126,1.3414475106571697,2000.0,0.0,3.618569796268487,5.834603846343958,0.0017897978243512059,0.00373521097044732,ANALYTIC,False,24.815601096657538
A1_FULL,E0_I0014_residual_heterogeneity,pl_start_frac5|fga_sqres,pl_start_frac5,fga_sqres,13879,475,2000,20.315527019515006,0.028886387726579203,0.06606265249384262,1.5995990363843027,1.278516371078689,0.9631519674784035,1.3274295378598777,2000.0,0.0,3.5814247758249347,5.834603846343958,0.0017495527701056547,0.003715307696373899,ANALYTIC,False,19.765323948074872
A1_FULL,E0_I0014_residual_heterogeneity,pl_min_sd5|pts_absres,pl_min_sd5,pts_absres,13879,475,2000,-1.8910282196978963,0.0002576624381965091,-0.0027376217808693292,1.428690908178432,1.1307199964996002,0.8729249196252605,1.2953233102624782,2000.0,0.186,3.2746238389604296,5.834603846343958,0.0014441884237119808,0.0035679556759201873,ANALYTIC,False,0.8709892524602117
A1_FULL,E0_I0014_residual_heterogeneity,pl_min_sd5|pts_sqres,pl_min_sd5,pts_sqres,13879,475,2000,-3.022534990803861,0.0006579968646474628,-0.009903507104175414,1.3829322185781978,1.1067062285970057,0.828968194560187,1.3350406395074952,2000.0,0.0315,3.2245150187992397,5.834603846343958,0.0013875806118886576,0.0035290098529045803,ANALYTIC,False,2.3111004436343996
A1_FULL,E0_I0014_residual_heterogeneity,pl_min_sd5|minutes_absres,pl_min_sd5,minutes_absres,13879,475,2000,15.849725115314635,0.017783518643608224,0.02501852634030122,1.1749339450981915,0.9299312678155857,0.7182556995112576,1.2947078156823042,2000.0,0.0,2.7081031538890934,5.834603846343958,0.0009847581138519713,0.0033546735073028615,ANALYTIC,False,20.77225959731518
A1_FULL,E0_I0014_residual_heterogeneity,pl_min_sd5|minutes_sqres,pl_min_sd5,minutes_sqres,13879,475,2000,11.308807728626638,0.009133053260313866,0.019676269620576295,1.1475427224055559,0.907927545725305,0.7017811968980414,1.293747324292038,2000.0,0.0,2.610546322027382,5.834603846343958,0.0009215524680948982,0.003332044271510121,ANALYTIC,False,14.820688027656615
A1_FULL,E0_I0014_residual_heterogeneity,pl_min_sd5|fga_absres,pl_min_sd5,fga_absres,13879,475,2000,0.8504399145735259,5.212326848622607e-05,-0.023028798890151653,1.2910503653614593,1.0269634018468063,0.7824066828262849,1.3125698238377899,2000.0,0.507,2.854751950101982,5.834603846343958,0.0011192493183467818,0.003451453431461394,ANALYTIC,True,-0.22561602699458716
A1_FULL,E0_I0014_residual_heterogeneity,pl_min_sd5|fga_sqres,pl_min_sd5,fga_sqres,13879,475,2000,-0.06381013282605422,2.934581518425571e-07,-0.02450887779487934,1.2415080557173246,0.9854380177112919,0.7552280213994735,1.3048218416012005,2000.0,0.959,2.7482727390485215,5.834603846343958,0.001036674416185848,0.0034099929160219073,ANALYTIC,True,-1.2203306270037722
A1_FULL,E0_I0014_residual_heterogeneity,pl_min_cv5|pts_absres,pl_min_cv5,pts_absres,13879,475,2000,-27.023353609850002,0.04999990128946727,-0.07063182901615216,1.7481653289569392,1.3989808724591177,1.050212751557464,1.3320928263196492,2000.0,0.0,4.054099884154419,5.834603846343958,0.002199723841375588,0.003845819555844619,ANALYTIC,False,24.399220728742797
A1_FULL,E0_I0014_residual_heterogeneity,pl_min_cv5|pts_sqres,pl_min_cv5,pts_sqres,13879,475,2000,-19.291616064433708,0.026122138158051363,-0.061557777920245346,1.6685128980541724,1.3352054423252495,1.0020285129204218,1.332502443901302,2000.0,0.0,3.8302043560194563,5.834603846343958,0.001974174940488029,0.0037755666970423255,ANALYTIC,False,17.920059549777005
A1_FULL,E0_I0014_residual_heterogeneity,pl_min_cv5|minutes_absres,pl_min_cv5,minutes_absres,13879,475,2000,6.959780048672151,0.0034789206841802736,0.0419776121242806,1.3681718864550019,1.0975950878882905,0.817520444106332,1.342590385110333,2000.0,0.0,3.020251574786649,5.834603846343958,0.0012539351020243526,0.0035164927292834496,ANALYTIC,False,7.170689128382687
A1_FULL,E0_I0014_residual_heterogeneity,pl_min_cv5|minutes_sqres,pl_min_cv5,minutes_sqres,13879,475,2000,5.267535790940227,0.0019957878426427934,0.04164179946585794,1.2909415538558604,1.033517220414758,0.7743208710855299,1.3347402336783942,2000.0,0.0,2.8651370709043302,5.834603846343958,0.0011251032271310834,0.003451362095764437,ANALYTIC,False,5.468041387790239
A1_FULL,E0_I0014_residual_heterogeneity,pl_min_cv5|fga_absres,pl_min_cv5,fga_absres,13879,475,2000,-19.863510855289316,0.027650403333589056,-0.07228776387602288,1.4933618068242518,1.1904013990267281,0.9042086307726438,1.3165118740456319,2000.0,0.0,3.385385981389683,5.834603846343958,0.0015527277570833984,0.0036233624054930027,ANALYTIC,False,20.651328488544138
A1_FULL,E0_I0014_residual_heterogeneity,pl_min_cv5|fga_sqres,pl_min_cv5,fga_sqres,13879,475,2000,-14.380004793529984,0.014684540677778442,-0.05434873475332044,1.461655485364274,1.1647318522665386,0.8843715810383339,1.3170163732523334,2000.0,0.0,3.244257016298026,5.834603846343958,0.0014424965959090512,0.0035961447034820746,ANALYTIC,False,14.943122579478974
A1_FULL,E0_I0014_residual_heterogeneity,pl_min_rng5|pts_absres,pl_min_rng5,pts_absres,13879,475,2000,-1.808507695422857,0.00023567057849533136,-0.000282085739953164,1.4146528221157417,1.1199164551404346,0.8639458316900239,1.2962808709310965,2000.0,0.206,3.2754098307234636,5.834603846343958,0.0014370819483519844,0.003555984950016328,ANALYTIC,False,0.7970305718535867
A1_FULL,E0_I0014_residual_heterogeneity,pl_min_rng5|pts_sqres,pl_min_rng5,pts_sqres,13879,475,2000,-3.0205057832344187,0.0006571142367034554,-0.0070873917893621435,1.3731928619253926,1.0975359712429806,0.8249370219720059,1.3304481942383055,2000.0,0.0315,3.1254143321658034,5.834603846343958,0.001320557009733406,0.0035207481439093603,ANALYTIC,False,2.331050444789825
A1_FULL,E0_I0014_residual_heterogeneity,pl_min_rng5|minutes_absres,pl_min_rng5,minutes_absres,13879,475,2000,15.284836538883354,0.016559105347648283,0.03072270077635449,1.1708993956182323,0.9281809900904132,0.714142020435895,1.2997148515695436,2000.0,0.0,2.6687193479067717,5.834603846343958,0.0009620996720988204,0.003351335558320565,ANALYTIC,False,20.103361989580147
A1_FULL,E0_I0014_residual_heterogeneity,pl_min_rng5|minutes_sqres,pl_min_rng5,minutes_sqres,13879,475,2000,10.684376573028771,0.008160313856521594,0.025135094553801623,1.144588138167916,0.904035808128715,0.7021570393330193,1.2875122764381324,2000.0,0.0,2.6317002259920224,5.834603846343958,0.0009311979414780039,0.0033296079200392727,ANALYTIC,False,13.928993397531736
A1_FULL,E0_I0014_residual_heterogeneity,pl_min_rng5|fga_absres,pl_min_rng5,fga_absres,13879,475,2000,0.8955437963559395,5.779836662889839e-05,-0.019571169900027392,1.28043369232765,1.0209496547151165,0.7726797755044922,1.3213101818907138,2000.0,0.4875,2.863955402474703,5.834603846343958,0.0011194016690337387,0.0034425475560285056,ANALYTIC,True,-0.16229991043482134
A1_FULL,E0_I0014_residual_heterogeneity,pl_min_rng5|fga_sqres,pl_min_rng5,fga_sqres,13879,475,2000,-0.04138948948051204,1.234659190918577e-07,-0.02058682958356854,1.2327044992986445,0.9750042342886129,0.7542384244201834,1.2927002957163605,2000.0,0.9665,2.7309442638996195,5.834603846343958,0.0010231967854098087,0.0034026516907741285,ANALYTIC,True,-1.2378244260438098
A1_FULL,E0_I0014_residual_heterogeneity,pl_fga_sd5|pts_absres,pl_fga_sd5,pts_absres,13879,475,2000,20.806463096131463,0.030256616071400445,0.04118334741654058,1.528615901606105,1.2290301091774787,0.909446450660323,1.3514045915349002,2000.0,0.0,3.477862273891497,5.834603846343958,0.0016355138361952265,0.003653746104189709,ANALYTIC,False,21.52675726288158
A1_FULL,E0_I0014_residual_heterogeneity,pl_fga_sd5|pts_sqres,pl_fga_sd5,pts_sqres,13879,475,2000,15.78166873020035,0.017633814149646845,0.024473056198628194,1.4751456502632543,1.1879518178073964,0.8744818067912344,1.3584637308423695,2000.0,0.0,3.272409279587857,5.834603846343958,0.0014680814531408063,0.003607712543169474,ANALYTIC,False,16.6884168419034
A1_FULL,E0_I0014_residual_heterogeneity,pl_fga_sd5|minutes_absres,pl_fga_sd5,minutes_absres,13879,475,2000,-0.32159086672947806,7.4536875458803835e-06,-0.03798804194776533,1.2321747290408864,0.9899695976456971,0.7342808092461585,1.3482166293601474,2000.0,0.7975,2.7209065802886587,5.834603846343958,0.0010175117348947178,0.003402210171341491,ANALYTIC,True,-0.9102494883427539
A1_FULL,E0_I0014_residual_heterogeneity,pl_fga_sd5|minutes_sqres,pl_fga_sd5,minutes_sqres,13879,475,2000,-1.1751980082768902,9.952813703118475e-05,-0.047759679224622716,1.1752889135280797,0.9378355566911275,0.7096552959937171,1.3215367545138852,2000.0,0.316,2.607952798957482,5.834603846343958,0.0009322814982886844,0.003354967266828312,ANALYTIC,False,0.3344756995766353
A1_FULL,E0_I0014_residual_heterogeneity,pl_fga_sd5|fga_absres,pl_fga_sd5,fga_absres,13879,475,2000,17.877286588153957,0.02251542381194108,0.026574995426453377,1.3690661436151392,1.0922425268610712,0.8255047889120624,1.323120763842623,2000.0,0.0,3.138030369752209,5.834603846343958,0.0013262034811782266,0.003517250448449925,ANALYTIC,False,20.33306685405665
A1_FULL,E0_I0014_residual_heterogeneity,pl_fga_sd5|fga_sqres,pl_fga_sd5,fga_sqres,13879,475,2000,13.643831073872816,0.013238893813363224,0.010656868159731625,1.3511293238406974,1.0755714653792878,0.817454207836212,1.3157574516942154,2000.0,0.0,3.0318631648300367,5.834603846343958,0.0012522934015191632,0.0035020678798013687,ANALYTIC,False,15.37487909171268
A1_FULL,E0_I0014_residual_heterogeneity,pl_pts_sd5|pts_absres,pl_pts_sd5,pts_absres,13879,475,2000,25.600454550138537,0.04510433488590013,0.01285041910360011,1.6283157324520265,1.315058530451256,0.9598610732220411,1.3700509033426012,2000.0,0.0,3.5727542998263866,5.834603846343958,0.0017605751519069203,0.0037403589632725256,ANALYTIC,False,25.300948957297106
A1_FULL,E0_I0014_residual_heterogeneity,pl_pts_sd5|pts_sqres,pl_pts_sd5,pts_sqres,13879,475,2000,19.80568680678912,0.027494072870171374,0.008069712667917478,1.558224857329619,1.2467194449383423,0.9343676690642616,1.3342921488142785,2000.0,0.0,3.491037536146123,5.834603846343958,0.001661772726890793,0.0036793625623584574,ANALYTIC,False,19.862595824229416
A1_FULL,E0_I0014_residual_heterogeneity,pl_pts_sd5|minutes_absres,pl_pts_sd5,minutes_absres,13879,475,2000,-3.9528723659524365,0.0011248737703740332,-0.014760108867929393,1.2932619981567142,1.0382199500568923,0.7709115909340931,1.3467432092944778,2000.0,0.003,2.768090919444296,5.834603846343958,0.0010716049952160323,0.003453310124105757,ANALYTIC,False,3.78078686346373
A1_FULL,E0_I0014_residual_heterogeneity,pl_pts_sd5|minutes_sqres,pl_pts_sd5,minutes_sqres,13879,475,2000,-3.9853517322010714,0.0011434138777824004,-0.026992817432138168,1.2369076398234553,0.9930275606584983,0.7376126703020742,1.3462723738894347,2000.0,0.002,2.7066794125370324,5.834603846343958,0.0010119719681281338,0.003406155673958081,ANALYTIC,False,4.056768941234601
A1_FULL,E0_I0014_residual_heterogeneity,pl_pts_sd5|fga_absres,pl_pts_sd5,fga_absres,13879,475,2000,19.184061741148263,0.02583918385032042,0.03347122169505539,1.4107777610705532,1.128337256151301,0.8471321736944264,1.3319494775301848,2000.0,0.0,3.132842241485853,5.834603846343958,0.0013447639663462265,0.003552684103896738,ANALYTIC,False,21.313940192182972
A1_FULL,E0_I0014_residual_heterogeneity,pl_pts_sd5|fga_sqres,pl_pts_sd5,fga_sqres,13879,475,2000,14.524892437275321,0.014977489151686871,0.02160531245537629,1.38696398985177,1.103720144096553,0.8398384201253873,1.3142053490858019,2000.0,0.0,3.0738378729701337,5.834603846343958,0.0012960037763100262,0.0035324327605726178,ANALYTIC,False,15.980660055031771
A1_FULL,E0_I0014_residual_heterogeneity,pl_usg_sd5|pts_absres,pl_usg_sd5,pts_absres,13879,475,2000,-17.02118238755578,0.02045367904047501,-0.06813801079208615,1.6107201472544341,1.2905085586512406,0.9658255749140934,1.3361714497630968,2000.0,0.0,3.660923087226063,5.834603846343958,0.001813219050044592,0.0037249993101856464,ANALYTIC,False,16.287282339053533
A1_FULL,E0_I0014_residual_heterogeneity,pl_usg_sd5|pts_sqres,pl_usg_sd5,pts_sqres,13879,475,2000,-11.349476971684133,0.009198255457521995,-0.0651377139384366,1.5524698559156906,1.2417104425446401,0.9336977919199336,1.3298847371067994,2000.0,0.0,3.4301460645159705,5.834603846343958,0.0016165922369886876,0.0036743765642064555,ANALYTIC,False,10.825522579800909
A1_FULL,E0_I0014_residual_heterogeneity,pl_usg_sd5|minutes_absres,pl_usg_sd5,minutes_absres,13879,475,2000,-1.088610648873831,8.540338274494753e-05,0.006220273358932866,1.308436383625892,1.034494854505136,0.8008305186953725,1.2917775114145555,2000.0,0.3995,3.0172734050919754,5.834603846343958,0.001222126074850717,0.003466062669742367,ANALYTIC,False,0.06757459050993041
A1_FULL,E0_I0014_residual_heterogeneity,pl_usg_sd5|minutes_sqres,pl_usg_sd5,minutes_sqres,13879,475,2000,-0.7993107451553029,4.604455852690219e-05,0.015938123889142883,1.2422042354189433,0.9834127638153872,0.7587760256479845,1.296051444134079,2000.0,0.499,2.787365173128411,5.834603846343958,0.0010584761632414408,0.0034105737930214246,ANALYTIC,True,-0.24263025245541162
A1_FULL,E0_I0014_residual_heterogeneity,pl_usg_sd5|fga_absres,pl_usg_sd5,fga_absres,13879,475,2000,-12.269185416788314,0.010732776554658147,-0.05255517754324361,1.395147207835048,1.1245428445478247,0.8270247493848671,1.3597450927366426,2000.0,0.0,3.0791495473397625,5.834603846343958,0.0013034699290043307,0.0035393852798261496,ANALYTIC,False,13.475585320185115
A1_FULL,E0_I0014_residual_heterogeneity,pl_usg_sd5|fga_sqres,pl_usg_sd5,fga_sqres,13879,475,2000,-8.370121178652367,0.005023924882950143,-0.04660081413451182,1.3566791867609118,1.0893672773658372,0.8095902764193336,1.3455785093960182,2000.0,0.0,2.958157534943132,5.834603846343958,0.001211163187227263,0.0035067620365369,ANALYTIC,False,8.993134074544402
A1_FULL,E0_I0014_residual_heterogeneity,pl_min_trend5|pts_absres,pl_min_trend5,pts_absres,13879,475,2000,2.1950644092025504,0.0003471448727720621,0.015345747228684162,1.042873895530346,0.8297548466271342,0.6316518403979968,1.3136268962729767,2000.0,0.0395,2.3610204343409915,5.834603846343958,0.0007557706777825543,0.0032462776538172635,ANALYTIC,False,2.1614906745386033
A1_FULL,E0_I0014_residual_heterogeneity,pl_min_trend5|pts_sqres,pl_min_trend5,pts_sqres,13879,475,2000,1.008439948906831,7.328840359114474e-05,0.0008193522832404696,1.0234974922928932,0.8093646068368546,0.6262180308970465,1.2924645521264435,2000.0,0.3205,2.3486819212014765,5.834603846343958,0.0007424604154305412,0.003230523114602094,ANALYTIC,False,0.31790100611572036
A1_FULL,E0_I0014_residual_heterogeneity,pl_min_trend5|minutes_absres,pl_min_trend5,minutes_absres,13879,475,2000,0.7764780026238561,4.34516678027052e-05,0.04686055324748209,1.0159754446875742,0.8037304440105156,0.6229745858738155,1.2901496501388783,2000.0,0.4365,2.3258674397864314,5.834603846343958,0.000729039611935906,0.0032244174246641756,ANALYTIC,True,-0.04374567117924057
A1_FULL,E0_I0014_residual_heterogeneity,pl_min_trend5|minutes_sqres,pl_min_trend5,minutes_sqres,13879,475,2000,0.6127280633559962,2.7057695221535267e-05,0.03501392048204832,1.0050393687668882,0.7945955939877565,0.6161434197527224,1.289627655695248,2000.0,0.5365,2.305175836694706,5.834603846343958,0.0007154004201490905,0.0032155508500836196,ANALYTIC,True,-0.295170774857499
A1_FULL,E0_I0014_residual_heterogeneity,pl_min_trend5|fga_absres,pl_min_trend5,fga_absres,13879,475,2000,0.6919486805830921,3.450641118070526e-05,0.007651359658808053,1.0302140261284882,0.8130234395034172,0.6325043321193856,1.285403748586434,2000.0,0.4975,2.3150311682998392,5.834603846343958,0.0007295655709026504,0.0032359798450686513,ANALYTIC,True,-0.191421232665126
A1_FULL,E0_I0014_residual_heterogeneity,pl_min_trend5|fga_sqres,pl_min_trend5,fga_sqres,13879,475,2000,0.10543332019891354,8.011658452482768e-07,0.005103010344614945,1.0216328882970052,0.8093814308868461,0.6231643431072215,1.2988250047348813,2000.0,0.9125,2.3134818829929813,5.834603846343958,0.0007255490438844587,0.0032290090662858272,ANALYTIC,True,-1.1296347720697677
A1_FULL,E0_I0014_residual_heterogeneity,pl_abs_min_trend5|pts_absres,pl_abs_min_trend5,pts_absres,13879,475,2000,-1.8822816954259913,0.0002552850385607727,0.012435238476284678,1.2070286720647796,0.9603689048012299,0.7309604021289117,1.3138453218589807,2000.0,0.1215,2.703246598933955,5.834603846343958,0.0009965963710988615,0.0033812859760897263,ANALYTIC,False,1.261234928649628
A1_FULL,E0_I0014_residual_heterogeneity,pl_abs_min_trend5|pts_sqres,pl_abs_min_trend5,pts_sqres,13879,475,2000,-2.5932854831016106,0.0004844592105145657,0.009591474348511505,1.182792397808858,0.9435082503704851,0.7130475114787844,1.3232053056517226,2000.0,0.028,2.614796322646814,5.834603846343958,0.0009391147632042141,0.0033611798987873403,ANALYTIC,False,2.313698885660036
A1_FULL,E0_I0014_residual_heterogeneity,pl_abs_min_trend5|minutes_absres,pl_abs_min_trend5,minutes_absres,13879,475,2000,10.447115189690267,0.007804712945742676,0.029417383851251002,1.0972506892466605,0.8728832955191816,0.665220632298629,1.3121711100616151,2000.0,0.0,2.489578766503667,5.834603846343958,0.0008393182739072583,0.0032906949395218148,ANALYTIC,False,14.392566059004986
A1_FULL,E0_I0014_residual_heterogeneity,pl_abs_min_trend5|minutes_sqres,pl_abs_min_trend5,minutes_sqres,13879,475,2000,7.316349673805797,0.0038431174357962477,0.024749580136908644,1.0901352710592427,0.8682458186191886,0.6593783753210091,1.31676416927761,2000.0,0.0,2.5678894806843524,5.834603846343958,0.0008752653165936666,0.003284865599730575,ANALYTIC,False,9.779064792726087
A1_FULL,E0_I0014_residual_heterogeneity,pl_abs_min_trend5|fga_absres,pl_abs_min_trend5,fga_absres,13879,475,2000,0.5988312481631999,2.584429521013212e-05,-0.02697705070944032,1.1362148981613103,0.9144296793071949,0.6746202500402114,1.3554732151201945,2000.0,0.6115,2.4776526926360187,5.834603846343958,0.0008496126614633361,0.0033227081834003454,ANALYTIC,True,-0.4678164213499127
A1_FULL,E0_I0014_residual_heterogeneity,pl_abs_min_trend5|fga_sqres,pl_abs_min_trend5,fga_sqres,13879,475,2000,0.057396023658215355,2.3742722521454235e-07,-0.015086457240279875,1.1215220201057425,0.9000568822498913,0.6689781098987504,1.3454205286120866,2000.0,0.9605,2.5088582897116236,5.834603846343958,0.000858960828367477,0.0033106182204018703,ANALYTIC,True,-1.2596239639578228
A1_FULL,E0_I0014_residual_heterogeneity,pl_start_switch5|pts_absres,pl_start_switch5,pts_absres,13879,475,2000,-4.207189675837765,0.0012740823887040338,0.04611946997697936,1.4656048217301574,1.174649022757525,0.8772884309468766,1.3389541926247683,2000.0,0.006,3.313881177039672,5.834603846343958,0.0014899150737358521,0.0035995293432059938,ANALYTIC,False,3.4567202143622846
A1_FULL,E0_I0014_residual_heterogeneity,pl_start_switch5|pts_sqres,pl_start_switch5,pts_sqres,13879,475,2000,-4.689263478714552,0.0015822989907416235,0.040072075730345894,1.4201096921548872,1.1355549017282052,0.8533393887861879,1.3307189573698783,2000.0,0.002,3.0506111131831117,5.834603846343958,0.001298859071835382,0.0035606358081569753,ANALYTIC,False,4.16447268658398
A1_FULL,E0_I0014_residual_heterogeneity,pl_start_switch5|minutes_absres,pl_start_switch5,minutes_absres,13879,475,2000,5.457917955412808,0.0021423459708689225,-0.026381899803781885,1.1797695180051235,0.9407031718323112,0.7121708561590412,1.3208953493348714,2000.0,0.0,2.6311796519580777,5.834603846343958,0.0009463283808473649,0.003358676364998488,ANALYTIC,False,6.342880706946139
A1_FULL,E0_I0014_residual_heterogeneity,pl_start_switch5|minutes_sqres,pl_start_switch5,minutes_sqres,13879,475,2000,2.4509034144699933,0.0004327443663428286,-0.015914410289718142,1.135509317617748,0.9048165341411479,0.6859535653658452,1.3190638256374903,2000.0,0.0325,2.5737297211963464,5.834603846343958,0.0008975180911468028,0.0033221270962126696,ANALYTIC,False,2.253923528342998
A1_FULL,E0_I0014_residual_heterogeneity,pl_start_switch5|fga_absres,pl_start_switch5,fga_absres,13879,475,2000,-3.3927311012267287,0.0008289068893282086,0.015712835994100272,1.291330267298961,1.0277699480040858,0.7816273985746294,1.3149103394767385,2000.0,0.011,2.883480184245296,5.834603846343958,0.001135759915659817,0.003451688384949147,ANALYTIC,False,3.0256886561747582
A1_FULL,E0_I0014_residual_heterogeneity,pl_start_switch5|fga_sqres,pl_start_switch5,fga_sqres,13879,475,2000,-4.161004141454464,0.0012462974505689913,0.008175515751231209,1.2733528981585225,1.014581652620476,0.7691577214531633,1.3190814111618556,2000.0,0.001,2.8710347931177527,5.834603846343958,0.0011200379378455477,0.0034366141743865917,ANALYTIC,False,4.090737700571319
A1_FULL,E0_I0014_residual_heterogeneity,pl_rest_days|pts_absres,pl_rest_days,pts_absres,13879,475,2000,-2.1060861521128933,0.0003195806377372143,-0.0034252117719518298,1.1981602440750456,0.955727708704145,0.7223069424054173,1.3231600758555537,2000.0,0.077,2.7452761738762455,5.834603846343958,0.0010152073684563485,0.0033739218955073824,ANALYTIC,False,1.5926171768166029
A1_FULL,E0_I0014_residual_heterogeneity,pl_rest_days|pts_sqres,pl_rest_days,pts_sqres,13879,475,2000,-1.4354846141009132,0.00014849081764002322,0.0026728877749445097,1.1665842436851213,0.9210488485474014,0.7156609437627264,1.2869905177510572,2000.0,0.2045,2.6774964019325624,5.834603846343958,0.0009648109864371611,0.003347767294202501,ANALYTIC,False,0.7188261005955779
A1_FULL,E0_I0014_residual_heterogeneity,pl_rest_days|minutes_absres,pl_rest_days,minutes_absres,13879,475,2000,5.718463221511218,0.0023512744511265207,-0.026413443990039958,1.0504469880905352,0.8406849928928167,0.6301048199636096,1.3341986384763234,2000.0,0.0,2.362936262049553,5.834603846343958,0.0007596444123860513,0.0032524455894244117,ANALYTIC,False,7.741217134158897
A1_FULL,E0_I0014_residual_heterogeneity,pl_rest_days|minutes_sqres,pl_rest_days,minutes_sqres,13879,475,2000,6.683444843843336,0.0032090157311823317,-0.015213373038376901,1.0430173097912747,0.8333017080939913,0.6271981861893312,1.3286098819208703,2000.0,0.0,2.371880246467313,5.834603846343958,0.0007609040662506474,0.0032463944037574403,ANALYTIC,False,9.327423555372611
A1_FULL,E0_I0014_residual_heterogeneity,pl_rest_days|fga_absres,pl_rest_days,fga_absres,13879,475,2000,1.0367466061859754,7.746019948422941e-05,-0.01655205917483081,1.12024989933508,0.8976035854310564,0.6701781110094945,1.3393507944910183,2000.0,0.3645,2.4852461354523347,5.834603846343958,0.0008467237745142032,0.0033095724985418456,ANALYTIC,False,0.20762095698011784
A1_FULL,E0_I0014_residual_heterogeneity,pl_rest_days|fga_sqres,pl_rest_days,fga_sqres,13879,475,2000,1.5860264086233642,0.00018126297697285286,-0.021466525371608702,1.1031945674912662,0.8775167868484149,0.668639195914576,1.3123920826210804,2000.0,0.14,2.451773416017814,5.834603846343958,0.0008232624027936833,0.0032955684512564593,ANALYTIC,False,1.0596292082545922
A1_FULL,E0_I0014_residual_heterogeneity,pl_teamgames_since_appear|pts_absres,pl_teamgames_since_appear,pts_absres,13879,475,2000,-3.6234510471131496,0.0009453683152749469,-0.03921091161533204,1.2513664439014776,1.0040084108626501,0.7476089111179195,1.3429593948543626,2000.0,0.0015,2.791425910966033,5.834603846343958,0.0010649879845769025,0.003418223147639397,ANALYTIC,False,3.5037605856430702
A1_FULL,E0_I0014_residual_heterogeneity,pl_teamgames_since_appear|pts_sqres,pl_teamgames_since_appear,pts_sqres,13879,475,2000,-2.4388263667319277,0.0004284919229606006,-0.03419307857153278,1.223372487759187,0.9722573809877953,0.7430024910940992,1.3085519801637673,2000.0,0.046,2.860472168325822,5.834603846343958,0.0010903370558276912,0.003394878427801696,ANALYTIC,False,1.9738412768772202
A1_FULL,E0_I0014_residual_heterogeneity,pl_teamgames_since_appear|minutes_absres,pl_teamgames_since_appear,minutes_absres,13879,475,2000,5.3134931254649596,0.0020306937796089105,-0.007393130263097493,1.091244861836225,0.8729044570525661,0.6546194859445149,1.3334532133474453,2000.0,0.0,2.364757358687225,5.834603846343958,0.0007766568002411591,0.0032857742970861716,ANALYTIC,False,6.783465453988602
A1_FULL,E0_I0014_residual_heterogeneity,pl_teamgames_since_appear|minutes_sqres,pl_teamgames_since_appear,minutes_sqres,13879,475,2000,6.020731222424805,0.002605747616186605,0.0034291573766305223,1.0837522220372966,0.8653869660815248,0.65212070055471,1.3270349574019122,2000.0,0.0,2.4011497709481744,5.834603846343958,0.0007909563298022522,0.0032796406541376905,ANALYTIC,False,7.905506222940042
A1_FULL,E0_I0014_residual_heterogeneity,pl_teamgames_since_appear|fga_absres,pl_teamgames_since_appear,fga_absres,13879,475,2000,-0.3225287030724293,7.497224101616281e-06,-0.036488875115824826,1.163795934404471,0.9285419894748411,0.7022332547019079,1.3222700338636046,2000.0,0.7815,2.599330827131458,5.834603846343958,0.0009228225229628651,0.0033454626101161204,ANALYTIC,True,-0.862980045938809
A1_FULL,E0_I0014_residual_heterogeneity,pl_teamgames_since_appear|fga_sqres,pl_teamgames_since_appear,fga_sqres,13879,475,2000,0.24107119667674337,4.188474122685681e-06,-0.036548253609482745,1.1323038147635958,0.9017856906775475,0.6854371801695822,1.3156357967836514,2000.0,0.833,2.5077617318903433,5.834603846343958,0.0008629346912843341,0.0033194878154104847,ANALYTIC,True,-0.9639315069505546
A1_FULL,E0_I0014_residual_heterogeneity,pl_dnp_frac5|pts_absres,pl_dnp_frac5,pts_absres,13879,475,2000,-10.470794689554992,0.007839855777884987,-0.05712471326673703,1.6850906799308103,1.3406595468153826,1.0220216782651375,1.3117721231619341,2000.0,0.0,3.729519741846513,5.834603846343958,0.001909294754666057,0.0037901348138577894,ANALYTIC,False,8.933406538144906
A1_FULL,E0_I0014_residual_heterogeneity,pl_dnp_frac5|pts_sqres,pl_dnp_frac5,pts_sqres,13879,475,2000,-6.652582492621474,0.003179541428534234,-0.053396368240315656,1.615476033781906,1.285416952983467,0.979536681035763,1.3122703599259458,2000.0,0.0005,3.6121515598185443,5.834603846343958,0.0017810002036809144,0.0037291477332378853,ANALYTIC,False,5.47928999857643
A1_FULL,E0_I0014_residual_heterogeneity,pl_dnp_frac5|minutes_absres,pl_dnp_frac5,minutes_absres,13879,475,2000,4.707734327879213,0.0015947688661813273,-0.007943725818218776,1.3418987364804118,1.072396655516814,0.8063159812413935,1.3299955358267441,2000.0,0.002,2.9709953234397783,5.834603846343958,0.0012113984897621527,0.0034942674744344476,ANALYTIC,False,4.508576980907015
A1_FULL,E0_I0014_residual_heterogeneity,pl_dnp_frac5|minutes_sqres,pl_dnp_frac5,minutes_sqres,13879,475,2000,6.913970544978239,0.0034334313812839513,-0.001384269728496392,1.2894095885216739,1.0249196985774487,0.7820441948253757,1.3105649340013388,2000.0,0.0,2.8870728651669477,5.834603846343958,0.0011368908371488283,0.003450076301932893,ANALYTIC,False,7.530329980539999
A1_FULL,E0_I0014_residual_heterogeneity,pl_dnp_frac5|fga_absres,pl_dnp_frac5,fga_absres,13879,475,2000,-5.008699701443214,0.0018048140682881768,-0.051282671327925654,1.4627631005106985,1.168971311786593,0.8804144476721509,1.3277511686426742,2000.0,0.001,3.232044464779651,5.834603846343958,0.0014352324687062136,0.003597093785420572,ANALYTIC,False,4.361273715815328
A1_FULL,E0_I0014_residual_heterogeneity,pl_dnp_frac5|fga_sqres,pl_dnp_frac5,fga_sqres,13879,475,2000,-2.6542232920579423,0.0005074829633674434,-0.04398793486364364,1.4199529084874312,1.136494147188855,0.852019418531395,1.3338829168328137,2000.0,0.061,3.159815938026638,5.834603846343958,0.001366450491443344,0.0035605021399530835,ANALYTIC,False,1.7813316361793254
A1_FULL,E0_I0014_residual_heterogeneity,tm_rest_days|pts_absres,tm_rest_days,pts_absres,13879,36,2000,0.5014742822411856,1.812410075416765e-05,0.02074778151028703,1.0390275779223623,0.8265062287068069,0.6297259088174292,1.3124856658016726,2000.0,0.631,2.38966916381239,5.834603846343958,0.0007676770143317551,0.0032431472466463796,ANALYTIC,True,-0.5161482827917994
A1_FULL,E0_I0014_residual_heterogeneity,tm_rest_days|pts_sqres,tm_rest_days,pts_sqres,13879,36,2000,0.48108260340783476,1.6680116097198667e-05,0.014951964229691299,1.0404809647151447,0.8267519717513003,0.6316356210934998,1.3089065026446915,2000.0,0.6435,2.3621448935631784,5.834603846343958,0.0007553556056954747,0.003244329938820823,ANALYTIC,True,-0.5472607256459604
A1_FULL,E0_I0014_residual_heterogeneity,tm_rest_days|minutes_absres,tm_rest_days,minutes_absres,13879,36,2000,0.9582601184356111,6.617669816265826e-05,0.038028867487311505,1.003669244296983,0.8044863041792739,0.6010631377566157,1.3384389320261876,2000.0,0.347,2.2867530280358253,5.834603846343958,0.0007065391317313141,0.003214440863264635,ANALYTIC,False,0.2558363749110892
A1_FULL,E0_I0014_residual_heterogeneity,tm_rest_days|minutes_sqres,tm_rest_days,minutes_sqres,13879,36,2000,1.2966202027552691,0.00012115461348874831,0.036501220704645974,1.0077995109945104,0.8076792347664921,0.6035899085160124,1.3381258092141637,2000.0,0.2045,2.229058930264375,5.834603846343958,0.0006822849689759876,0.003217787521800069,ANALYTIC,False,0.8100549082917714
A1_FULL,E0_I0014_residual_heterogeneity,tm_rest_days|fga_absres,tm_rest_days,fga_absres,13879,36,2000,1.4548788475481567,0.0001525297013062398,0.027689425351257492,1.0106942868928368,0.8055515129327787,0.6107635962140059,1.3189252239757279,2000.0,0.1515,2.2437868347974974,5.834603846343958,0.0006899174745238047,0.003220134128888647,ANALYTIC,False,1.063140204557738
A1_FULL,E0_I0014_residual_heterogeneity,tm_rest_days|fga_sqres,tm_rest_days,fga_sqres,13879,36,2000,1.98820149594882,0.0002848158073670405,0.030744324406075062,1.0066806655971166,0.8067828507134102,0.6026005878838806,1.3388351537235388,2000.0,0.0445,2.261898927382102,5.834603846343958,0.0006965032528241441,0.0032168807755784483,ANALYTIC,False,1.960533509242221
A1_FULL,E0_I0014_residual_heterogeneity,tm_b2b|pts_absres,tm_b2b,pts_absres,13879,36,2000,0.9395648778027471,6.361989168252974e-05,0.01848434885344747,1.0087254111738486,0.7952363861144478,0.6206057756634548,1.281387343300673,2000.0,0.348,2.2863297554145063,5.834603846343958,0.0007082694342689221,0.0032185379959914985,ANALYTIC,False,0.23256066467316683
A1_FULL,E0_I0014_residual_heterogeneity,tm_b2b|pts_sqres,tm_b2b,pts_sqres,13879,36,2000,0.43962541699022584,1.3929211903276572e-05,0.015880842514280524,0.9925825053163225,0.7879678713427192,0.6035465093347404,1.3055628011356695,2000.0,0.661,2.2099356472970384,5.834603846343958,0.0006681993178289447,0.0032054661479875702,ANALYTIC,True,-0.5771592561051411
A1_FULL,E0_I0014_residual_heterogeneity,tm_b2b|minutes_absres,tm_b2b,minutes_absres,13879,36,2000,0.24607166713574355,4.364036116689346e-06,0.012617192232975792,1.0520659001744692,0.8377609058248815,0.6362448419763808,1.316727225988233,2000.0,0.814,2.328649376426567,5.834603846343958,0.0007443170943417165,0.0032537648783303582,ANALYTIC,True,-0.9299709791770746
A1_FULL,E0_I0014_residual_heterogeneity,tm_b2b|minutes_sqres,tm_b2b,minutes_sqres,13879,36,2000,0.3707891890245379,9.908703452433056e-06,0.0043036616599404385,1.0433831619846003,0.8300824556034758,0.631890322440857,1.3136495782955577,2000.0,0.718,2.399706881077703,5.834603846343958,0.0007741362536779741,0.003246692244328566,ANALYTIC,True,-0.726855991091597
A1_FULL,E0_I0014_residual_heterogeneity,tm_b2b|fga_absres,tm_b2b,fga_absres,13879,36,2000,0.07895865504998854,4.493309122473286e-07,-0.003279725690199413,0.9980519456783734,0.7947032438492945,0.6035306685489991,1.3167570187608033,2000.0,0.9375,2.2370363209244313,5.834603846343958,0.0006821845926029723,0.003209892091997951,ANALYTIC,True,-1.1859291103136318
A1_FULL,E0_I0014_residual_heterogeneity,tm_b2b|fga_sqres,tm_b2b,fga_sqres,13879,36,2000,-0.4966752270759143,1.7778875343177826e-05,-0.017420282700315957,0.9953261322054227,0.7948727491478725,0.5990316943143656,1.326929370669879,2000.0,0.618,2.209494166730284,5.834603846343958,0.0006690191485940534,0.003207685945742259,ANALYTIC,True,-0.49779923984367214
A1_FULL,E0_I0014_residual_heterogeneity,tm_3in4|pts_absres,tm_3in4,pts_absres,13879,36,2000,0.9933792642198613,7.111583317553125e-05,-0.010432990187960501,0.973124841486741,0.7759470276449029,0.5870995415167369,1.3216617843718454,2000.0,0.307,2.199582193951857,5.834603846343958,0.0006565209116458316,0.0031897455007448626,ANALYTIC,False,0.3703498660776248
A1_FULL,E0_I0014_residual_heterogeneity,tm_3in4|pts_sqres,tm_3in4,pts_sqres,13879,36,2000,0.6550228279588155,3.0921919852025134e-05,-0.00589398951648926,0.9615097519743565,0.7616882222208691,0.5865804140727314,1.2985231077395394,2000.0,0.4875,2.0667154298215857,5.834603846343958,0.0005959395486057699,0.0031803796114808856,ANALYTIC,True,-0.1818427477342056
A1_FULL,E0_I0014_residual_heterogeneity,tm_3in4|minutes_absres,tm_3in4,minutes_absres,13879,36,2000,-0.7831586855984095,4.4202552486086335e-05,-0.013805983458527677,1.0855261105434981,0.864863058429624,0.6558927856132301,1.3186043167421275,2000.0,0.481,2.4681663486816143,5.834603846343958,0.0008240043213002562,0.003281092281315878,ANALYTIC,True,-0.12456970807328605
A1_FULL,E0_I0014_residual_heterogeneity,tm_3in4|minutes_sqres,tm_3in4,minutes_sqres,13879,36,2000,-0.34664717643474274,8.660412559221103e-06,-0.013852372560691972,1.065988268571157,0.8435399635375745,0.6516190183305579,1.2945293796039232,2000.0,0.7405,2.483864025344545,5.834603846343958,0.0008236409237561297,0.003265121581085572,ANALYTIC,True,-0.7625510814215747
A1_FULL,E0_I0014_residual_heterogeneity,tm_3in4|fga_absres,tm_3in4,fga_absres,13879,36,2000,0.8771875193993294,5.545335316514364e-05,-0.009388197639277113,0.98503803534961,0.7893109884880105,0.5891219017609498,1.3398092756841558,2000.0,0.374,2.1722563872106044,5.834603846343958,0.0006490174748798793,0.0031993660732293067,ANALYTIC,False,0.14916527572416896
A1_FULL,E0_I0014_residual_heterogeneity,tm_3in4|fga_sqres,tm_3in4,fga_sqres,13879,36,2000,0.5573897867755656,2.2391093179245982e-05,-0.021774428935520868,0.9728450423808793,0.7809492666896362,0.5802714785801787,1.3458343129331125,2000.0,0.567,2.095195711339392,5.834603846343958,0.0006118004858604859,0.003189519721380822,ANALYTIC,True,-0.3852670485564462
A1_FULL,E0_I0014_residual_heterogeneity,tm_games_prior7d|pts_absres,tm_games_prior7d,pts_absres,13879,36,2000,-4.049537391420342,0.001180496894228969,-0.001265135984407575,1.0471511881049338,0.8379223886702678,0.6277436181303824,1.3348162601252145,2000.0,0.0005,2.308204194385605,5.834603846343958,0.0007329754900054577,0.0032497605924512434,ANALYTIC,False,5.116125293818634
A1_FULL,E0_I0014_residual_heterogeneity,tm_games_prior7d|pts_sqres,tm_games_prior7d,pts_sqres,13879,36,2000,-3.5876694002192564,0.0009268066632209734,0.0005210903414251576,1.024384917617316,0.8230419920659661,0.6096127803075505,1.3501061963476886,2000.0,0.0005,2.223307093730518,5.834603846343958,0.0006859290335518332,0.0032312438237858485,ANALYTIC,False,4.535054870008683
A1_FULL,E0_I0014_residual_heterogeneity,tm_games_prior7d|minutes_absres,tm_games_prior7d,minutes_absres,13879,36,2000,-7.457594505412182,0.00399233723345381,-0.010675030640429163,1.0295834424904247,0.8235208657092806,0.6177622513055395,1.3330708763264572,2000.0,0.0,2.2380031271049554,5.834603846343958,0.0006944347157055058,0.00323546734255832,ANALYTIC,False,10.73887830744412
A1_FULL,E0_I0014_residual_heterogeneity,tm_games_prior7d|minutes_sqres,tm_games_prior7d,minutes_sqres,13879,36,2000,-7.996456172732665,0.004587385850869602,0.0005825250545666076,1.0207636302546432,0.814214161760721,0.6153717485995156,1.3231256774685187,2000.0,0.0,2.2814279524167973,5.834603846343958,0.0007106342580117021,0.0032283033547603358,ANALYTIC,False,11.671387299331728
A1_FULL,E0_I0014_residual_heterogeneity,tm_games_prior7d|fga_absres,tm_games_prior7d,fga_absres,13879,36,2000,-6.909517309802679,0.0034290250735722443,-0.006837766046782699,1.026598214386967,0.8195692654388372,0.6179974728640937,1.3261692829269418,2000.0,0.0,2.3372705562405516,5.834603846343958,0.0007383944857271839,0.0032330416698521554,ANALYTIC,False,9.85432515790094
A1_FULL,E0_I0014_residual_heterogeneity,tm_games_prior7d|fga_sqres,tm_games_prior7d,fga_sqres,13879,36,2000,-7.180951710055946,0.0037027122990952485,-0.012504302264276386,1.0117016260233809,0.8120865684440283,0.6032264201717457,1.3462383962108584,2000.0,0.0,2.2217644445864986,5.834603846343958,0.0006805077679583564,0.0032209509140030106,ANALYTIC,False,10.558000990405272
A1_FULL,E0_I0014_residual_heterogeneity,opp_rest_days|pts_absres,opp_rest_days,pts_absres,13879,36,2000,0.7075164958459591,3.6076506863525244e-05,-0.010194414930321746,1.0072877771531865,0.8003180136244586,0.6114763335456428,1.3088290907087412,2000.0,0.4685,2.233974785002582,5.834603846343958,0.0006842753167729108,0.003217372781328908,ANALYTIC,True,-0.15176632796299794
A1_FULL,E0_I0014_residual_heterogeneity,opp_rest_days|pts_sqres,opp_rest_days,pts_sqres,13879,36,2000,0.5438383850086589,2.131559529403606e-05,-0.010839619423842536,1.0134025592873817,0.8024203734226505,0.6187905520738062,1.2967560198413337,2000.0,0.5855,2.296324662858201,5.834603846343958,0.0007145776339338237,0.0032223303241292003,ANALYTIC,True,-0.41788289680148394
A1_FULL,E0_I0014_residual_heterogeneity,opp_rest_days|minutes_absres,opp_rest_days,minutes_absres,13879,36,2000,1.4969846044600974,0.00016148475853241758,0.012583670952594113,1.0412889758340864,0.8336822158482007,0.6237527036404176,1.3365588814005427,2000.0,0.146,2.3465277252026984,5.834603846343958,0.0007484023076534351,0.0032449875503848978,ANALYTIC,False,1.0634060337384588
A1_FULL,E0_I0014_residual_heterogeneity,opp_rest_days|minutes_sqres,opp_rest_days,minutes_sqres,13879,36,2000,1.5397574311229933,0.00017084309209739523,0.010608818910508574,1.0253743364160028,0.8152751125643739,0.6216905347099674,1.3113841486177975,2000.0,0.132,2.324641572350684,5.834603846343958,0.0007321068503703254,0.003232047460214648,ANALYTIC,False,1.1653423658711592
A1_FULL,E0_I0014_residual_heterogeneity,opp_rest_days|fga_absres,opp_rest_days,fga_absres,13879,36,2000,0.9197614015472334,6.0966447606253154e-05,-0.0020711630889664987,1.0377550305169545,0.8260752468852998,0.6278519816540595,1.3157165558497184,2000.0,0.376,2.29492179692666,5.834603846343958,0.0007232683839678234,0.0032421118893953492,ANALYTIC,False,0.14921694507536623
A1_FULL,E0_I0014_residual_heterogeneity,opp_rest_days|fga_sqres,opp_rest_days,fga_sqres,13879,36,2000,1.334016632442568,0.00012824303814597897,-0.0030327786033568795,1.026778081251287,0.8164859112844274,0.6223340708911864,1.3119736641048982,2000.0,0.195,2.29103474437224,5.834603846343958,0.0007172881864167464,0.003233187796463614,ANALYTIC,False,0.831596316777311
A1_FULL,E0_I0014_residual_heterogeneity,tm_rest_diff|pts_absres,tm_rest_diff,pts_absres,13879,36,2000,-0.021139609173340082,3.2207788235760283e-08,0.036037134108154956,1.021627584728993,0.8061991825590298,0.6282833624137129,1.283177672351226,2000.0,0.9865,2.2952072341718175,5.834603846343958,0.0007172144053859664,0.003229004760323541,ANALYTIC,True,-1.249531056129961
A1_FULL,E0_I0014_residual_heterogeneity,tm_rest_diff|pts_sqres,tm_rest_diff,pts_sqres,13879,36,2000,0.16986117131232611,2.079478019463259e-06,0.03243652916436137,1.0077102744811584,0.7936260782935236,0.6215908792634495,1.2767659641884164,2000.0,0.862,2.3510847508296213,5.834603846343958,0.0007374342088496297,0.003217715197135834,ANALYTIC,True,-1.0034975219075353
A1_FULL,E0_I0014_residual_heterogeneity,tm_rest_diff|minutes_absres,tm_rest_diff,minutes_absres,13879,36,2000,-0.7480224421803501,4.032540615683422e-05,0.02176169907912133,1.0676486899881563,0.8497419605775473,0.6464711306878691,1.3144314111496216,2000.0,0.476,2.4106901140454244,5.834603846343958,0.0007890416146120815,0.0032664773343916687,ANALYTIC,True,-0.15734580179777535
A1_FULL,E0_I0014_residual_heterogeneity,tm_rest_diff|minutes_sqres,tm_rest_diff,minutes_sqres,13879,36,2000,-0.27667863621385363,5.51716363189365e-06,0.025065645836144818,1.05290821359251,0.8345798871714131,0.642162193740113,1.2996403327804327,2000.0,0.7845,2.394836128456374,5.834603846343958,0.0007756228389420447,0.0032544514048227216,ANALYTIC,True,-0.8687855753516152
A1_FULL,E0_I0014_residual_heterogeneity,tm_rest_diff|fga_absres,tm_rest_diff,fga_absres,13879,36,2000,0.6005030971901016,2.598879986100216e-05,0.03511286614177242,1.0035052282989259,0.7967841087723418,0.6107976474343023,1.3044976713962284,2000.0,0.5405,2.2267734135655646,5.834603846343958,0.0006796713307540302,0.0032143080008823805,ANALYTIC,True,-0.32135194430877745
A1_FULL,E0_I0014_residual_heterogeneity,tm_rest_diff|fga_sqres,tm_rest_diff,fga_sqres,13879,36,2000,0.7319828425866469,3.861464447980353e-05,0.039441264460975255,1.0002970738773282,0.7875535164738869,0.6177376553415298,1.2748996433420765,2000.0,0.45,2.301899675951436,5.834603846343958,0.0007121043072613328,0.00321170976359898,ANALYTIC,True,-0.08995837214507597
A1_FULL,E0_I0014_residual_heterogeneity,tm_roster_churn_prior|pts_absres,tm_roster_churn_prior,pts_absres,13879,36,2000,0.282473331880808,5.750682837448465e-06,0.018170630269079665,1.0163485135649064,0.8115219696041508,0.6118801207510688,1.3262760826549262,2000.0,0.7805,2.266933578564077,5.834603846343958,0.0007024169710386352,0.003224720110733339,ANALYTIC,True,-0.8646279226622818
A1_FULL,E0_I0014_residual_heterogeneity,tm_roster_churn_prior|pts_sqres,tm_roster_churn_prior,pts_sqres,13879,36,2000,0.5649852507662291,2.30054767599481e-05,0.02660547774575835,1.0272012061141345,0.8290629645041988,0.6067629517833381,1.3663704451095744,2000.0,0.5975,2.2111026471415998,5.834603846343958,0.0006815635052841293,0.003233531562641837,ANALYTIC,True,-0.43522385960088444
A1_FULL,E0_I0014_residual_heterogeneity,tm_roster_churn_prior|minutes_absres,tm_roster_churn_prior,minutes_absres,13879,36,2000,2.2402535022333594,0.0003615798976798534,-0.01817590282401175,1.2587105295440286,1.0031277869592434,0.7602065407193045,1.3195463775016825,2000.0,0.0725,2.8034854973691963,5.834603846343958,0.0010751175220590425,0.003424360772625445,ANALYTIC,False,1.6273547371791255
A1_FULL,E0_I0014_residual_heterogeneity,tm_roster_churn_prior|minutes_sqres,tm_roster_churn_prior,minutes_sqres,13879,36,2000,2.84036301359174,0.0005811152293835358,-0.01984959402820045,1.1830549043712617,0.9405791799953469,0.7175523329494111,1.3108161409345729,2000.0,0.0155,2.6554376177383547,5.834603846343958,0.0009604935515681184,0.0033613973494118583,ANALYTIC,False,2.647589236854076
A1_FULL,E0_I0014_residual_heterogeneity,tm_roster_churn_prior|fga_absres,tm_roster_churn_prior,fga_absres,13879,36,2000,0.48506433287701817,1.6957363400019014e-05,0.007211716305446257,1.0560909202496456,0.8327692928296608,0.6492522204912277,1.2826591369985354,2000.0,0.629,2.3564250208084654,5.834603846343958,0.0007588205702022998,0.003257046119674497,ANALYTIC,True,-0.5355468167510729
A1_FULL,E0_I0014_residual_heterogeneity,tm_roster_churn_prior|fga_sqres,tm_roster_churn_prior,fga_sqres,13879,36,2000,0.6445119714793944,2.9937531204247247e-05,0.012817740890309418,1.0418174998054401,0.8273921335269097,0.6329517176271433,1.3071962844633698,2000.0,0.532,2.379991392634512,5.834603846343958,0.0007642332033842953,0.0032454177333330154,ANALYTIC,True,-0.2889322470489693
A1_FULL,E0_I0014_residual_heterogeneity,tm_newfaces_prior|pts_absres,tm_newfaces_prior,pts_absres,13879,36,2000,10.044398937264038,0.007218856929453171,-0.01046412251007921,1.0114628653393036,0.8084237088717579,0.6076930554277866,1.3303158587235566,2000.0,0.0,2.205550172501921,5.834603846343958,0.0006732575226844741,0.0032207573092865173,ANALYTIC,False,15.19842154834335
A1_FULL,E0_I0014_residual_heterogeneity,tm_newfaces_prior|pts_sqres,tm_newfaces_prior,pts_sqres,13879,36,2000,9.940068440068805,0.00707072704047948,-0.02129600891296461,0.9903955512127145,0.7879755604814954,0.600100827168972,1.3130719452576642,2000.0,0.0,2.1677186582108523,5.834603846343958,0.0006490050494623859,0.0032036972901434307,ANALYTIC,False,15.250925286610762
A1_FULL,E0_I0014_residual_heterogeneity,tm_newfaces_prior|minutes_absres,tm_newfaces_prior,minutes_absres,13879,36,2000,19.272431319305344,0.026071563006811054,-0.010011396765657847,1.0313545757530347,0.8261880173839193,0.6171421513802082,1.3387321146938194,2000.0,0.0,2.296252354706722,5.834603846343958,0.0007214176584568271,0.0032369069220191476,ANALYTIC,False,29.88978027293599
A1_FULL,E0_I0014_residual_heterogeneity,tm_newfaces_prior|minutes_sqres,tm_newfaces_prior,minutes_sqres,13879,36,2000,19.845881646156787,0.027602698842827414,-0.007538899014013938,1.0438825824824691,0.8305473144125322,0.632134314052986,1.3138779147858677,2000.0,0.0,2.3685836732313716,5.834603846343958,0.000759701810245715,0.003247098845020509,ANALYTIC,False,30.08116140670442
A1_FULL,E0_I0014_residual_heterogeneity,tm_newfaces_prior|fga_absres,tm_newfaces_prior,fga_absres,13879,36,2000,16.80203994151273,0.019940834465463554,-0.00047809210574034823,1.033697811256219,0.8245336850769927,0.6231657066204542,1.32313713081003,2000.0,0.0,2.2835774871790426,5.834603846343958,0.0007165456884351414,0.0032388119989717064,ANALYTIC,False,25.639257883885787
A1_FULL,E0_I0014_residual_heterogeneity,tm_newfaces_prior|fga_sqres,tm_newfaces_prior,fga_sqres,13879,36,2000,17.902159937885394,0.022576705045860363,-0.004620651462841049,1.0396279770675816,0.8337116198524298,0.6208259944114198,1.3429070743773193,2000.0,0.0,2.298627842249915,5.834603846343958,0.000725682122794428,0.0032436357947649886,ANALYTIC,False,27.493127658442965
A1_FULL,E0_I0014_residual_heterogeneity,tm_five_tenure_prior|pts_absres,tm_five_tenure_prior,pts_absres,13879,36,2000,-3.9544837698901203,0.0011257900430309525,-0.03522978476349431,1.0539391762839265,0.8411227512202224,0.6357579276720767,1.3230236141924645,2000.0,0.0005,2.334693432565548,5.834603846343958,0.0007478508473734936,0.0032552917882325344,ANALYTIC,False,4.897085640866387
A1_FULL,E0_I0014_residual_heterogeneity,tm_five_tenure_prior|pts_sqres,tm_five_tenure_prior,pts_sqres,13879,36,2000,-3.3547403237047533,0.0008104620879339825,-0.039923674956640016,1.079697128035358,0.8732727027781909,0.635888259592451,1.3733115678812542,2000.0,0.0025,2.355078875466695,5.834603846343958,0.0007675067818722685,0.0032763234531217765,ANALYTIC,False,3.9023642652515194
A1_FULL,E0_I0014_residual_heterogeneity,tm_five_tenure_prior|minutes_absres,tm_five_tenure_prior,minutes_absres,13879,36,2000,-8.629583131939452,0.00533853304862153,0.09721385641889288,1.7860233359025528,1.4496273402157003,1.047312731264072,1.3841399010456483,2000.0,0.0,3.910407204522028,5.834603846343958,0.002111582787571141,0.00387943708346738,ANALYTIC,False,6.855598693102662
A1_FULL,E0_I0014_residual_heterogeneity,tm_five_tenure_prior|minutes_sqres,tm_five_tenure_prior,minutes_sqres,13879,36,2000,-7.871927009164226,0.004446249588842606,0.07792140866088351,1.587873927048728,1.2810664789698385,0.9409920785163286,1.3613998547040997,2000.0,0.0,3.496565388383455,5.834603846343958,0.0016829341053848583,0.003705103392681579,ANALYTIC,False,7.004161544681929
A1_FULL,E0_I0014_residual_heterogeneity,tm_five_tenure_prior|fga_absres,tm_five_tenure_prior,fga_absres,13879,36,2000,-4.9164200868457675,0.001739037971837531,0.022280667603346706,1.1790501513318237,0.9471780356242882,0.70218295846543,1.3489049032096665,2000.0,0.0,2.576295546192436,5.834603846343958,0.0009175712618935028,0.003358080726543115,ANALYTIC,False,5.652717718891911
A1_FULL,E0_I0014_residual_heterogeneity,tm_five_tenure_prior|fga_sqres,tm_five_tenure_prior,fga_sqres,13879,36,2000,-4.818562242414765,0.0016706128208963534,0.01746292010329013,1.1280976243215188,0.9097083192153432,0.6670278393538159,1.36382361506324,2000.0,0.0,2.498714768731243,5.834603846343958,0.000856668971145278,0.0033160262001506492,ANALYTIC,False,5.860106119387954
A1_FULL,E0_I0014_residual_heterogeneity,tm_five_changed_prior|pts_absres,tm_five_changed_prior,pts_absres,13879,36,2000,0.8629836143746376,5.36721258999683e-05,0.04919545686378062,1.0492990860832057,0.8388253092920759,0.6320364596123014,1.3271786722661874,2000.0,0.419,2.402574152293407,5.834603846343958,0.0007778468234167181,0.003251510299616721,ANALYTIC,False,0.038222961215529656
A1_FULL,E0_I0014_residual_heterogeneity,tm_five_changed_prior|pts_sqres,tm_five_changed_prior,pts_sqres,13879,36,2000,0.4054932886054239,1.1850296116771704e-05,0.05121295618114178,1.0444654417654726,0.8382725411559834,0.6248837960107326,1.3414854833931167,2000.0,0.7025,2.329217094475943,5.834603846343958,0.0007416197949221481,0.0032475734091748838,ANALYTIC,True,-0.6925755721518603
A1_FULL,E0_I0014_residual_heterogeneity,tm_five_changed_prior|minutes_absres,tm_five_changed_prior,minutes_absres,13879,36,2000,3.295087404478375,0.0007819179279475876,-0.030790983645373516,1.325169942399013,1.0594214245195126,0.7962968748205691,1.3304352409498452,2000.0,0.013,2.9758743477805436,5.834603846343958,0.0012059683857102562,0.0034801527935486173,ANALYTIC,False,2.8075784932128847
A1_FULL,E0_I0014_residual_heterogeneity,tm_five_changed_prior|minutes_sqres,tm_five_changed_prior,minutes_sqres,13879,36,2000,3.621874863498894,0.0009445468095873367,-0.028021093931195337,1.2506487849890602,0.996040532929678,0.7565149820910642,1.3166170618016675,2000.0,0.003,2.7636465997621507,5.834603846343958,0.0010493211885582285,0.003417623678490543,ANALYTIC,False,3.4709614386105256
A1_FULL,E0_I0014_residual_heterogeneity,tm_five_changed_prior|fga_absres,tm_five_changed_prior,fga_absres,13879,36,2000,0.9142451289430851,6.023739147570961e-05,0.005231095493394919,1.0939589982553692,0.8733945053751134,0.6584634432621431,1.3264130519504078,2000.0,0.3995,2.431905043996659,5.834603846343958,0.0008098533533473715,0.003287997563842901,ANALYTIC,False,0.062039318941672
A1_FULL,E0_I0014_residual_heterogeneity,tm_five_changed_prior|fga_sqres,tm_five_changed_prior,fga_sqres,13879,36,2000,0.9586455908822044,6.622994619874017e-05,0.015473451799405801,1.071542096103212,0.8576842513635304,0.6422240582798888,1.3354906909914321,2000.0,0.384,2.3766480907879504,5.834603846343958,0.0007744387573768134,0.0032696574491135754,ANALYTIC,False,0.1572057885671324
A1_FULL,E0_I0014_residual_heterogeneity,tm_prior_meetings|pts_absres,tm_prior_meetings,pts_absres,13879,36,2000,-3.5272941552662154,0.0008959032364146809,-0.008188283273149015,0.9971556330404299,0.7956712616964143,0.6008135955583142,1.324322997313378,2000.0,0.0,2.1981950225421283,5.834603846343958,0.0006647405932110827,0.0032091665746763138,ANALYTIC,False,4.546539748374708
A1_FULL,E0_I0014_residual_heterogeneity,tm_prior_meetings|pts_sqres,tm_prior_meetings,pts_sqres,13879,36,2000,-3.0280978719073377,0.0006604195377522973,0.006787681148084448,1.004057301674265,0.8032728416908778,0.6021686786016508,1.3339664951624997,2000.0,0.0005,2.254420253306169,5.834603846343958,0.0006921700932386519,0.0032147552229704725,ANALYTIC,False,3.6946874011828768
A1_FULL,E0_I0014_residual_heterogeneity,tm_prior_meetings|minutes_absres,tm_prior_meetings,minutes_absres,13879,36,2000,-6.481769404360337,0.0030188470472191963,-0.00074612109628141,1.1383079001029959,0.9007933785124578,0.6956369773999503,1.2949187690960748,2000.0,0.0,2.5420120842702625,5.834603846343958,0.0008826466809348232,0.003324432192868732,ANALYTIC,False,8.022828295740734
A1_FULL,E0_I0014_residual_heterogeneity,tm_prior_meetings|minutes_sqres,tm_prior_meetings,minutes_sqres,13879,36,2000,-7.561791813185242,0.004104217184372941,-0.00783566817025211,1.1188007768662278,0.893217132034035,0.6734542625789646,1.326321892467497,2000.0,0.0,2.4790294199707184,5.834603846343958,0.0008430542566632183,0.0033083814771724617,ANALYTIC,False,9.90204539743231
A1_FULL,E0_I0014_residual_heterogeneity,tm_prior_meetings|fga_absres,tm_prior_meetings,fga_absres,13879,36,2000,-5.612675775406356,0.002265280590819821,0.0024501908240461053,1.0401872274462922,0.833822964024258,0.6216003016221089,1.3414133838872657,2000.0,0.0,2.265406665908071,5.834603846343958,0.0007107818109457647,0.0032440908930022752,ANALYTIC,False,7.6879834178190585
A1_FULL,E0_I0014_residual_heterogeneity,tm_prior_meetings|fga_sqres,tm_prior_meetings,fga_sqres,13879,36,2000,-5.564320723666452,0.002226502982062188,0.012647609097895305,1.0377708928571123,0.8314646928981142,0.6208454661786561,1.3392458158965597,2000.0,0.0,2.2826140280226546,5.834603846343958,0.0007176660988157613,0.003242124794136037,ANALYTIC,False,7.623243284515503
A1_FULL,E0_I0014_residual_heterogeneity,tm_first_meeting|pts_absres,tm_first_meeting,pts_absres,13879,36,2000,5.054489945207787,0.0018379037177308519,0.010479588060668999,0.9825076206315437,0.7911538335133992,0.5824032917720035,1.3584295361831789,2000.0,0.0,2.1915601528756614,5.834603846343958,0.0006564664112530066,0.0031973214096556774,ANALYTIC,False,7.320247278690483
A1_FULL,E0_I0014_residual_heterogeneity,tm_first_meeting|pts_sqres,tm_first_meeting,pts_sqres,13879,36,2000,4.217237309733524,0.001280167397013515,-0.014948193174582073,0.9896322106825155,0.7952811815921023,0.5889031504493005,1.35044477344933,2000.0,0.0,2.235593234778234,5.834603846343958,0.0006784078827448308,0.003203079998028807,ANALYTIC,False,5.8107281741159955
A1_FULL,E0_I0014_residual_heterogeneity,tm_first_meeting|minutes_absres,tm_first_meeting,minutes_absres,13879,36,2000,8.626899114150424,0.005335230443146089,0.005985671823243271,0.98651969320751,0.7875869892742177,0.5938462627808268,1.3262472775127923,2000.0,0.0,2.2692932331302322,5.834603846343958,0.0006922205448599612,0.003200563607971327,ANALYTIC,False,13.200911778356167
A1_FULL,E0_I0014_residual_heterogeneity,tm_first_meeting|minutes_sqres,tm_first_meeting,minutes_sqres,13879,36,2000,9.218662807866195,0.006087667831409356,0.01618577977534214,0.983331656380948,0.783466220390316,0.5942027223764349,1.3185167130452498,2000.0,0.0,2.2325835473924016,5.834603846343958,0.0006747373216562306,0.003197987187593028,ANALYTIC,False,14.19582285611286
A1_FULL,E0_I0014_residual_heterogeneity,tm_first_meeting|fga_absres,tm_first_meeting,fga_absres,13879,36,2000,7.914811568324822,0.004494607630505106,0.02205787663692572,1.0038024459687258,0.8080503733388819,0.5956795295938435,1.3565186198186812,2000.0,0.0,2.2345065567720894,5.834603846343958,0.0006832092363123966,0.003214548766292586,ANALYTIC,False,11.930511024663874
A1_FULL,E0_I0014_residual_heterogeneity,tm_first_meeting|fga_sqres,tm_first_meeting,fga_sqres,13879,36,2000,7.204972023973398,0.0037274324183069274,0.017176900922952258,0.9956685913153753,0.8051702259662602,0.5856856945232833,1.3747479808630556,2000.0,0.0,2.17514520203885,5.834603846343958,0.0006541464328827492,0.0032079630745133494,ANALYTIC,False,10.927024268906264
A1_FULL,E0_I0014_residual_heterogeneity,tm_is_home|pts_absres,tm_is_home,pts_absres,13879,36,2000,-0.4691078382162366,1.5860084588895005e-05,-0.010021038122816158,1.0037571702602732,0.7986133489815025,0.6078869927478877,1.3137529812432025,2000.0,0.63,2.2261669879581856,5.834603846343958,0.0006794967911918683,0.0032145120894773987,ANALYTIC,True,-0.5420506026552266
A1_FULL,E0_I0014_residual_heterogeneity,tm_is_home|pts_sqres,tm_is_home,pts_sqres,13879,36,2000,0.2749533989571908,5.448573671350092e-06,-0.022723997327271123,0.9889375290918189,0.7886803472743512,0.5968133885194816,1.32148568119565,2000.0,0.7795,2.235904438079846,5.834603846343958,0.0006782869723546396,0.0032025182801684433,ANALYTIC,True,-0.8607832166626923
A1_FULL,E0_I0014_residual_heterogeneity,tm_is_home|minutes_absres,tm_is_home,minutes_absres,13879,36,2000,-1.4306121358096784,0.00014748462944495335,-0.035083191089358645,0.9983041265976027,0.7979515916067548,0.6006640575408866,1.328449041671582,2000.0,0.1555,2.215893399958058,5.834603846343958,0.000672935362322839,0.00321009623379637,ANALYTIC,False,1.0532685221636706
A1_FULL,E0_I0014_residual_heterogeneity,tm_is_home|minutes_sqres,tm_is_home,minutes_sqres,13879,36,2000,-0.9946473848743199,7.129750514932705e-05,-0.020758624206641457,0.9984796274960389,0.797228137301775,0.6012504090159373,1.3259502618993526,2000.0,0.322,2.2135157304532864,5.834603846343958,0.000671953666367648,0.0032102383065398736,ANALYTIC,False,0.32834779754355553
A1_FULL,E0_I0014_residual_heterogeneity,tm_is_home|fga_absres,tm_is_home,fga_absres,13879,36,2000,0.2689264184776082,5.212327322041668e-06,-0.02202383251584958,1.0030290348429143,0.799284753224752,0.6061161868756428,1.3186989071267645,2000.0,0.784,2.183465638497727,5.834603846343958,0.000660464067344838,0.0032139222723814435,ANALYTIC,True,-0.8750110065216882
A1_FULL,E0_I0014_residual_heterogeneity,tm_is_home|fga_sqres,tm_is_home,fga_sqres,13879,36,2000,-0.2831613324093725,5.7787298617543e-06,-0.023031514393121077,1.0057255970413828,0.8031571847051605,0.6055002371066941,1.326435788932049,2000.0,0.7765,2.2539680401996143,5.834603846343958,0.0006925952968498669,0.003216106860161494,ANALYTIC,True,-0.8587871984667125
A1_FULL,E0_I0014_residual_heterogeneity,tm_game_idx|pts_absres,tm_game_idx,pts_absres,13879,36,2000,-6.904581755712771,0.003424144800926722,-0.01961319352067087,1.0108254337553788,0.8118594796631117,0.6022519321962564,1.348039642982084,2000.0,0.0,2.27136361288481,5.834603846343958,0.0007023187508579565,0.003220240461398038,ANALYTIC,False,10.116567420267268
A1_FULL,E0_I0014_residual_heterogeneity,tm_game_idx|pts_sqres,tm_game_idx,pts_sqres,13879,36,2000,-5.888119930456734,0.002492507473169786,-0.00014158779912905217,1.004051169578462,0.8033864668267655,0.6019685039625446,1.3345988395378796,2000.0,0.0,2.250380478507959,5.834603846343958,0.0006903646432386944,0.003214750255328241,ANALYTIC,False,8.446843032748353
A1_FULL,E0_I0014_residual_heterogeneity,tm_game_idx|minutes_absres,tm_game_idx,minutes_absres,13879,36,2000,-12.22419815268259,0.010655050479971328,-0.009176311662171912,1.0803584534782975,0.8621966584527414,0.6507716031730443,1.3248836523425838,2000.0,0.0,2.458398515952165,5.834603846343958,0.0008171391408030414,0.003276864324663377,ANALYTIC,False,17.45927670911083
A1_FULL,E0_I0014_residual_heterogeneity,tm_game_idx|minutes_sqres,tm_game_idx,minutes_sqres,13879,36,2000,-12.920348910375475,0.011888348081706307,-0.023888793761044226,1.0567610825413656,0.852018428230817,0.6253130369668923,1.3625470410205565,2000.0,0.0,2.3172468036166554,5.834603846343958,0.0007408700948200815,0.0032575926040496334,ANALYTIC,False,19.299662359004397
A1_FULL,E0_I0014_residual_heterogeneity,tm_game_idx|fga_absres,tm_game_idx,fga_absres,13879,36,2000,-9.96661587387157,0.0071082769321937035,-0.015553958662036413,1.0331903124713655,0.8199651893448797,0.6285260671404161,1.3045842204690852,2000.0,0.0,2.2758270194057144,5.834603846343958,0.0007128343145940758,0.003238399349176015,ANALYTIC,False,14.55253992271299
A1_FULL,E0_I0014_residual_heterogeneity,tm_game_idx|fga_sqres,tm_game_idx,fga_sqres,13879,36,2000,-9.77651875699159,0.0068415425002624364,-0.007482906935105534,1.0272348753711549,0.8161847185918225,0.6235196635656456,1.3089959567985505,2000.0,0.0,2.3602257866795284,5.834603846343958,0.0007492709620940806,0.0032335589178859934,ANALYTIC,False,14.370571710857366
A1_FULL,E0_I0014_residual_heterogeneity,opp_game_idx|pts_absres,opp_game_idx,pts_absres,13879,36,2000,-6.960483591269458,0.003479621618848188,-0.016564500907813105,1.011697531954851,0.8123638916153887,0.6029437710938155,1.3473294369417879,2000.0,0.0,2.2820698702544937,5.834603846343958,0.0007074751662651247,0.0032209475941822156,ANALYTIC,False,10.196837573262613
A1_FULL,E0_I0014_residual_heterogeneity,opp_game_idx|pts_sqres,opp_game_idx,pts_sqres,13879,36,2000,-5.896451098473901,0.0024995481749129516,0.0016893190217782904,1.0047820136622336,0.8023242667194823,0.6046019335997048,1.3270289460415217,2000.0,0.0,2.2906500558220895,5.834603846343958,0.0007087219672396408,0.0032153423428966676,ANALYTIC,False,8.425588058286198
A1_FULL,E0_I0014_residual_heterogeneity,opp_game_idx|minutes_absres,opp_game_idx,minutes_absres,13879,36,2000,-12.169417097021386,0.010560772462690798,-0.01083021859622328,1.087666431253345,0.867506732804642,0.6558896357796554,1.3226413187234427,2000.0,0.0,2.488906441482155,5.834603846343958,0.0008350258582872023,0.003282844198726204,ANALYTIC,False,17.231420878883338
A1_FULL,E0_I0014_residual_heterogeneity,opp_game_idx|minutes_sqres,opp_game_idx,minutes_sqres,13879,36,2000,-12.824779473252995,0.011715179442689889,-0.024912885815857294,1.065659187062415,0.8588978837870572,0.6310117695031181,1.3611439996806796,2000.0,0.0,2.363616006912792,5.834603846343958,0.0007659660881742822,0.0032648529156382167,ANALYTIC,False,18.963008564623628
A1_FULL,E0_I0014_residual_heterogeneity,opp_game_idx|fga_absres,opp_game_idx,fga_absres,13879,36,2000,-9.869633786787132,0.006971572790831672,-0.012420019689046926,1.0358365433690855,0.8198159521312225,0.6329907314169846,1.295146850406513,2000.0,0.0,2.29886576137271,5.834603846343958,0.0007243322583180708,0.0032405513015717827,ANALYTIC,False,14.296919979218961
A1_FULL,E0_I0014_residual_heterogeneity,opp_game_idx|fga_sqres,opp_game_idx,fga_sqres,13879,36,2000,-9.706957036553952,0.006745185563904761,-0.00458638879111007,1.0296786976358068,0.8187394965154297,0.624171104623176,1.3117228440264281,2000.0,0.0,2.3713495150790824,5.834603846343958,0.0007554084254839402,0.003235544757919447,ANALYTIC,False,14.240033660969466
A1_FULL,E0_I0014_residual_heterogeneity,tm_poss_mean_prior|pts_absres,tm_poss_mean_prior,pts_absres,13879,36,2000,4.198341147002291,0.0012687355363808408,0.01824103245675433,1.083944487436704,0.8680519171809429,0.6491359465478898,1.3372421012844073,2000.0,0.0,2.3881172770440044,5.834603846343958,0.0007848231700298917,0.003279797975270482,ANALYTIC,False,5.13034172199499
A1_FULL,E0_I0014_residual_heterogeneity,tm_poss_mean_prior|pts_sqres,tm_poss_mean_prior,pts_sqres,13879,36,2000,4.379590279522862,0.001380492400191284,0.02908992063287995,1.1065779671630258,0.8784130146507281,0.6733246038855962,1.3045906975352086,2000.0,0.0,2.521924425974185,5.834603846343958,0.0008592041002499148,0.0032983441829320176,ANALYTIC,False,5.199835628562616
A1_FULL,E0_I0014_residual_heterogeneity,tm_poss_mean_prior|minutes_absres,tm_poss_mean_prior,minutes_absres,13879,36,2000,6.429326188177623,0.002970338926514936,-0.0024438410821876868,2.240346384741827,1.8117490804006373,1.317224783495881,1.375428934454377,2000.0,0.0015,5.030748606144227,5.834603846343958,0.003446560569682711,0.004294283441294016,ANALYTIC,False,3.5055346404294445
A1_FULL,E0_I0014_residual_heterogeneity,tm_poss_mean_prior|minutes_sqres,tm_poss_mean_prior,minutes_sqres,13879,36,2000,7.654472625546088,0.004205014441757625,-0.0006174565190968089,1.973193135797123,1.5970764729741282,1.1582583077449118,1.3788603649936948,2000.0,0.0,4.293232258083372,5.834603846343958,0.002554152745506944,0.004047791522513739,ANALYTIC,False,5.2297454825646765
A1_FULL,E0_I0014_residual_heterogeneity,tm_poss_mean_prior|fga_absres,tm_poss_mean_prior,fga_absres,13879,36,2000,6.738857898675258,0.003262274500728292,-0.0019460218594635047,1.3144271735066657,1.056622878995194,0.7814807545457173,1.352077927510089,2000.0,0.0,2.8915107419680006,5.834603846343958,0.0011515303339215913,0.0034711037975799514,ANALYTIC,False,7.271113186892498
A1_FULL,E0_I0014_residual_heterogeneity,tm_poss_mean_prior|fga_sqres,tm_poss_mean_prior,fga_sqres,13879,36,2000,7.314758782795022,0.003841452717045456,0.005038543475192464,1.2414496232382484,0.9911948081497864,0.7471706228445748,1.3265976710596303,2000.0,0.0,2.7502928093398538,5.834603846343958,0.001037751991910338,0.00340994416349956,ANALYTIC,False,8.463346632353682
A1_FULL,E0_I0014_residual_heterogeneity,opp_poss_mean_prior|pts_absres,opp_poss_mean_prior,pts_absres,13879,36,2000,4.759007466167034,0.0016296391889639612,0.004650084825877859,0.9760194351713358,0.7732893152532649,0.595281504081752,1.2990313153540658,2000.0,0.0,2.263195932975817,5.834603846343958,0.0006855660135356554,0.0031920817152588884,ANALYTIC,False,6.695518210433761
A1_FULL,E0_I0014_residual_heterogeneity,opp_poss_mean_prior|pts_sqres,opp_poss_mean_prior,pts_sqres,13879,36,2000,4.167506638012485,0.001250190855755105,-0.007698903385137218,0.9732310488133755,0.7734732137355729,0.5904895297348272,1.3098847223979038,2000.0,0.0,2.2132314549072305,5.834603846343958,0.0006625106293582667,0.0031898312051219877,ANALYTIC,False,5.747829984049134
A1_FULL,E0_I0014_residual_heterogeneity,opp_poss_mean_prior|minutes_absres,opp_poss_mean_prior,minutes_absres,13879,36,2000,6.073308723101327,0.0026513357921699177,0.0052704875260119605,1.060695692039488,0.840505498164779,0.6467613540972347,1.2995604836933665,2000.0,0.0,2.376959641959941,5.834603846343958,0.0007702788703280511,0.0032608020091682453,ANALYTIC,False,8.090779066786734
A1_FULL,E0_I0014_residual_heterogeneity,opp_poss_mean_prior|minutes_sqres,opp_poss_mean_prior,minutes_sqres,13879,36,2000,6.580073593260104,0.003110823640737342,0.0022299179266504674,1.043080721109764,0.8292273975653246,0.6325032077945718,1.3110248095921848,2000.0,0.0,2.379859834353626,5.834603846343958,0.0007646704771205137,0.003246446025985139,ANALYTIC,False,9.092200837600453
A1_FULL,E0_I0014_residual_heterogeneity,opp_poss_mean_prior|fga_absres,opp_poss_mean_prior,fga_absres,13879,36,2000,6.057916539391914,0.002637949146651572,0.009152642322411721,0.9881140322783097,0.7829392255264043,0.6026215001514024,1.2992221905950898,2000.0,0.0,2.2363791233193155,5.834603846343958,0.0006781904185705511,0.0032018524664350657,ANALYTIC,False,8.753383861246613
A1_FULL,E0_I0014_residual_heterogeneity,opp_poss_mean_prior|fga_sqres,opp_poss_mean_prior,fga_sqres,13879,36,2000,6.150755669666411,0.0027192016596285173,-0.002390351087367119,0.9970154232505237,0.7952940748446745,0.6010294508740852,1.3232198084271372,2000.0,0.0,2.2014270141958363,5.834603846343958,0.0006661042859337287,0.0032090530897393365,ANALYTIC,False,8.910481153682598
A1_FULL,E0_I0014_residual_heterogeneity,pts__pred_point|pts_absres,pts__pred_point,pts_absres,13879,475,2000,37.95370572129365,0.09405408270875296,0.05813569332772802,2.0380015198108725,1.6307918375501793,1.2231186453826943,1.3333063343498706,2000.0,0.0,4.413602960081075,5.834603846343958,0.002706429605358979,0.00410691843368973,ANALYTIC,False,29.696966864877293
A1_FULL,E0_I0014_residual_heterogeneity,pts__pred_point|pts_sqres,pts__pred_point,pts_sqres,13879,475,2000,29.890437811798098,0.060496462529807504,0.0491581823018714,1.9383100242351843,1.5524955064349448,1.1610406815845213,1.3371585776961652,2000.0,0.0,4.289176519864898,5.834603846343958,0.002525564743031489,0.004016143943239685,ANALYTIC,False,24.407363802867927
A1_FULL,E0_I0014_residual_heterogeneity,pts__pred_point|minutes_absres,pts__pred_point,minutes_absres,13879,475,2000,-12.741518276838622,0.011565311895013123,-0.022834707723665137,1.5185185763037403,1.2185830077613986,0.9059431333139274,1.3450987848473877,2000.0,0.0,3.4281091848711154,5.834603846343958,0.0015957654125848466,0.0036450307727405027,ANALYTIC,False,12.719269946808346
A1_FULL,E0_I0014_residual_heterogeneity,pts__pred_point|minutes_sqres,pts__pred_point,minutes_sqres,13879,475,2000,-9.602033565844414,0.006601112240098486,-0.02441541075504833,1.4079700453477708,1.1361139903249549,0.8316101007818587,1.3661618458660005,2000.0,0.0,3.1731756829906757,5.834603846343958,0.0013685063079374538,0.003550293399164036,ANALYTIC,False,10.180154819620416
A1_FULL,E0_I0014_residual_heterogeneity,pts__pred_point|fga_absres,pts__pred_point,fga_absres,13879,475,2000,27.435411532657195,0.05145728399106763,0.09090219745278487,1.7163988781805009,1.3700121454727126,1.0375067408660263,1.3204850547083073,2000.0,0.0,3.8681975140749065,5.834603846343958,0.0020336745011887676,0.003817724145612498,ANALYTIC,False,25.12311328736737
A1_FULL,E0_I0014_residual_heterogeneity,pts__pred_point|fga_sqres,pts__pred_point,fga_sqres,13879,475,2000,21.869054476248465,0.033320353158175116,0.0683884432999099,1.6769841999724953,1.3442068738164672,1.0045692152209034,1.3380928396465723,2000.0,0.0,3.712768302627332,5.834603846343958,0.001891847561521622,0.003783007548645932,ANALYTIC,False,20.43149171948158
A1_FULL,E0_I0014_residual_heterogeneity,pts__pred_sd|pts_absres,pts__pred_sd,pts_absres,13879,475,2000,-9.461678718857e-14,0.0,-9.461678718856996e-14,3.7874793332825055e-29,9.461678718856996e-14,3.7874793332825055e-29,2498146626362398.0,1.0,1.0,9.461678718857e-14,5.834603846343958,6.450274816548132e-31,0.0024528137505419488,ANALYTIC,False,0.999749968742185
A1_FULL,E0_I0014_residual_heterogeneity,pts__pred_sd|pts_sqres,pts__pred_sd,pts_sqres,13879,475,2000,6.604973045207092e-14,0.0,6.604973045207093e-14,1.2624931110941686e-29,6.604973045207093e-14,1.2624931110941686e-29,5231690365013352.0,1.0,1.0,6.604973045207092e-14,5.834603846343958,3.1432861825716744e-31,0.0024528137505419488,ANALYTIC,True,-0.9997499687421849
A1_FULL,E0_I0014_residual_heterogeneity,pts__pred_sd|minutes_absres,pts__pred_sd,minutes_absres,13879,475,2000,-1.1434237782777832e-14,0.0,-1.1434237782777834e-14,1.5781163888677107e-30,1.1434237782777834e-14,1.5781163888677107e-30,7245497140411698.0,1.0,1.0,1.1434237782777832e-14,5.834603846343958,9.420116267245778e-33,0.0024528137505419488,ANALYTIC,True,-0.9997499687421849
A1_FULL,E0_I0014_residual_heterogeneity,pts__pred_sd|minutes_sqres,pts__pred_sd,minutes_sqres,13879,475,2000,9.729022295468337e-14,0.0,9.729022295468341e-14,3.7874793332825055e-29,9.729022295468341e-14,3.7874793332825055e-29,2568732774321559.5,1.0,1.0,9.729022295468337e-14,5.834603846343958,6.819934781015929e-31,0.0024528137505419488,ANALYTIC,True,-0.999749968742185
A1_FULL,E0_I0014_residual_heterogeneity,pts__pred_sd|fga_absres,pts__pred_sd,fga_absres,13879,475,2000,9.712029670824758e-14,0.0,9.712029670824757e-14,1.2624931110941686e-29,9.712029670824757e-14,1.2624931110941686e-29,7692738744853509.0,1.0,1.0,9.712029670824758e-14,5.834603846343958,6.796132309747135e-31,0.0024528137505419488,ANALYTIC,False,0.9997499687421849
A1_FULL,E0_I0014_residual_heterogeneity,pts__pred_sd|fga_sqres,pts__pred_sd,fga_sqres,13879,475,2000,-3.854256734707045e-14,0.0,-3.8542567347070435e-14,1.2624931110941686e-29,3.8542567347070435e-14,1.2624931110941686e-29,3052893279842662.5,1.0,1.0,3.854256734707045e-14,5.834603846343958,1.0703433227923208e-31,0.0024528137505419488,ANALYTIC,False,0.9997499687421849
A1_FULL,E0_I0014_residual_heterogeneity,pts__pred_width|pts_absres,pts__pred_width,pts_absres,13879,475,2000,39.352966657708805,0.10040784015752693,0.06876164786606233,1.8626735329271282,1.4874251775071403,1.122828032626827,1.3247132546444782,2000.0,0.0,4.112216860420322,5.834603846343958,0.0023244516697689833,0.003947949629284716,ANALYTIC,False,33.72336669544686
A1_FULL,E0_I0014_residual_heterogeneity,pts__pred_width|pts_sqres,pts__pred_width,pts_sqres,13879,475,2000,27.169024360575357,0.05051310548723488,0.056337439850183385,1.7743897426558177,1.4108554410708958,1.077091279188599,1.3098754658321345,2000.0,0.0,3.9181783009247093,5.834603846343958,0.0021100072760581803,0.0038690909999948096,ANALYTIC,False,23.914564547313727
A1_FULL,E0_I0014_residual_heterogeneity,pts__pred_width|minutes_absres,pts__pred_width,minutes_absres,13879,475,2000,2.977904502945347,0.0006387208004863618,-0.037777623298275685,1.42174670194359,1.1367127872875589,0.8544174654622235,1.330395074113588,2000.0,0.0335,3.131321898643765,5.834603846343958,0.0013495689489604467,0.0035620316146084594,ANALYTIC,False,2.154908800537848
A1_FULL,E0_I0014_residual_heterogeneity,pts__pred_width|minutes_sqres,pts__pred_width,minutes_sqres,13879,475,2000,4.056331089707446,0.0011844564377686275,-0.03513218978632665,1.3365084523011885,1.0625339323477856,0.8111390770520657,1.3099281768169373,2000.0,0.0015,2.997703325732119,5.834603846343958,0.0012245344127179468,0.003489716380009378,ANALYTIC,False,3.6908555413703654
A1_FULL,E0_I0014_residual_heterogeneity,pts__pred_width|fga_absres,pts__pred_width,fga_absres,13879,475,2000,33.024999514518306,0.07287692480598791,0.07392087407943831,1.559763212202409,1.2518774222786482,0.9329240249520366,1.3418857150163,2000.0,0.0,3.5116532517707477,5.834603846343958,0.0016769704016112155,0.003680695929524511,ANALYTIC,False,34.05756657823575
A1_FULL,E0_I0014_residual_heterogeneity,pts__pred_width|fga_sqres,pts__pred_width,fga_sqres,13879,475,2000,25.138423745989385,0.04356124263661061,0.060914267402626295,1.5290409360226402,1.2241858500718958,0.9177678913260684,1.3338730431101582,2000.0,0.0,3.439101202275076,5.834603846343958,0.0016092539212812106,0.0036541131935356173,ANALYTIC,False,26.05695636329593
A1_FULL,E0_I0014_residual_heterogeneity,pts__pred_iqr|pts_absres,pts__pred_iqr,pts_absres,13879,475,2000,28.228721488388647,0.05431217841052856,0.028504851937598982,1.782788153066678,1.4223326848792606,1.0747577606817973,1.323398385117937,2000.0,0.0,4.023044130424236,5.834603846343958,0.0021981981836514983,0.003876558557216801,ANALYTIC,False,24.9417959880598
A1_FULL,E0_I0014_residual_heterogeneity,pts__pred_iqr|pts_sqres,pts__pred_iqr,pts_sqres,13879,475,2000,17.702559416843155,0.02208713020343196,0.022513631775023742,1.718641926629172,1.371607888624365,1.0353684679103055,1.3247533908316669,2000.0,0.0,3.7926160451910316,5.834603846343958,0.001977647256735923,0.003819704599934764,ANALYTIC,False,15.773081791045572
A1_FULL,E0_I0014_residual_heterogeneity,pts__pred_iqr|minutes_absres,pts__pred_iqr,minutes_absres,13879,475,2000,6.720327532574485,0.003244416231835932,-0.020730183855351785,1.3999347686635402,1.1173366961172748,0.8433157692172593,1.3249327676563591,2000.0,0.0,3.0001455210638697,5.834603846343958,0.0012579216944764865,0.0035434559942459014,ANALYTIC,False,6.644001026635302
A1_FULL,E0_I0014_residual_heterogeneity,pts__pred_iqr|minutes_sqres,pts__pred_iqr,minutes_sqres,13879,475,2000,5.084048655133059,0.001859422645521071,-0.022905650232267632,1.3214463560166232,1.0543579375271597,0.7965667764188897,1.3236278096699148,2000.0,0.001,2.943304670935653,5.834603846343958,0.001185011304638186,0.0034770149574584303,ANALYTIC,False,5.058823487118185
A1_FULL,E0_I0014_residual_heterogeneity,pts__pred_iqr|fga_absres,pts__pred_iqr,fga_absres,13879,475,2000,23.80950864401479,0.03925335228366812,0.03778401553154359,1.5138087157051239,1.2300905083973364,0.8827035601485611,1.3935488242398266,2000.0,0.0,3.2986177839322277,5.834603846343958,0.0015065439302382993,0.003640969097367237,ANALYTIC,False,25.57984260516326
A1_FULL,E0_I0014_residual_heterogeneity,pts__pred_iqr|fga_sqres,pts__pred_iqr,fga_sqres,13879,475,2000,16.146367996975865,0.01844302748356005,0.02699629856810734,1.4768749778490784,1.190895367504412,0.8734687275160468,1.363409278419225,2000.0,0.0,3.273525510693331,5.834603846343958,0.0014697547188251999,0.0036091967877964143,ANALYTIC,False,17.121932541307498
A1_FULL,E0_I0014_residual_heterogeneity,pts__pred_cv|pts_absres,pts__pred_cv,pts_absres,13879,475,2000,-19.916020976717853,0.027792718441438758,-0.053596971260595594,1.637828414651208,1.304839748660436,0.990907407011212,1.3168129932504096,2000.0,0.0,3.7022201294602834,5.834603846343958,0.001859861491030963,0.0037486759966412517,ANALYTIC,False,18.781957927020354
A1_FULL,E0_I0014_residual_heterogeneity,pts__pred_cv|pts_sqres,pts__pred_cv,pts_sqres,13879,475,2000,-12.84062701102103,0.011743809922005983,-0.037252955099917974,1.5848727500435709,1.2524271354103729,0.9715203044796378,1.2891414926023532,2000.0,0.0,3.592001485448211,5.834603846343958,0.001748262597007933,0.0037024937390154958,ANALYTIC,False,11.927902918938464
A1_FULL,E0_I0014_residual_heterogeneity,pts__pred_cv|minutes_absres,pts__pred_cv,minutes_absres,13879,475,2000,-4.097661627990591,0.0012086872759599714,0.044691581327796735,1.3188878160267394,1.044060299995935,0.8067565892134059,1.2941453642342136,2000.0,0.003,2.942131154269468,5.834603846343958,0.001183067889101748,0.003474859716831024,ANALYTIC,False,3.7850342579438263
A1_FULL,E0_I0014_residual_heterogeneity,pts__pred_cv|minutes_sqres,pts__pred_cv,minutes_sqres,13879,475,2000,-3.1499270372780375,0.0007145910010403803,0.04545512682631423,1.2645045496802938,1.001707955579262,0.7727342166960898,1.2963162934109151,2000.0,0.0155,2.7857042090162385,5.834603846343958,0.0010679460538406166,0.003429206856407801,ANALYTIC,False,2.780023241217042
A1_FULL,E0_I0014_residual_heterogeneity,pts__pred_cv|fga_absres,pts__pred_cv,fga_absres,13879,475,2000,-16.99009554173258,0.02038055688383642,-0.03875632301498227,1.4085993508074246,1.119017821849971,0.8560535239126351,1.307182075176146,2000.0,0.0,3.1067191142338872,5.834603846343958,0.0013274159574630474,0.003550829168183918,ANALYTIC,False,18.539819388095104
A1_FULL,E0_I0014_residual_heterogeneity,pts__pred_cv|fga_sqres,pts__pred_cv,fga_sqres,13879,475,2000,-11.719925704997527,0.009802537993995492,-0.026660166322387192,1.3823475876798839,1.0877084020655956,0.8531673660890564,1.2749062438378087,2000.0,0.0,3.1567617141982764,5.834603846343958,0.0013447590078135957,0.0035285136486032376,ANALYTIC,False,12.462053432341557
A1_FULL,E0_I0014_residual_heterogeneity,pts__is_fallback|pts_absres,pts__is_fallback,pts_absres,13879,475,2000,17.96392376874516,0.022729209593585577,-0.039290192647415546,1.5455519976048846,1.2287197574606648,0.9379594728250291,1.3099923750009135,2000.0,0.0,3.52792065030557,5.834603846343958,0.0016799659483352587,0.003668387568394616,ANALYTIC,False,17.842139768448558
A1_FULL,E0_I0014_residual_heterogeneity,pts__is_fallback|pts_sqres,pts__is_fallback,pts_sqres,13879,475,2000,14.470227681520177,0.014866637922043912,-0.041912455649171024,1.4804352803146803,1.1763527218848728,0.8994154638606767,1.307908046005194,2000.0,0.0,3.4050468148718838,5.834603846343958,0.0015586078273127008,0.0036122534798754104,ANALYTIC,False,14.780571931209959
A1_FULL,E0_I0014_residual_heterogeneity,pts__is_fallback|minutes_absres,pts__is_fallback,minutes_absres,13879,475,2000,39.13312604001271,0.09940034006833778,-0.0049785690535393105,1.2328661851910196,0.9861396336160501,0.7396120423709966,1.3333201423475374,2000.0,0.0,2.7089166424418063,5.834603846343958,0.0010113433680315055,0.0034027864482188003,ANALYTIC,False,51.57702176415046
A1_FULL,E0_I0014_residual_heterogeneity,pts__is_fallback|minutes_sqres,pts__is_fallback,minutes_sqres,13879,475,2000,41.57606485007611,0.1107803701678991,0.002391223152394865,1.2007823709799479,0.9608539301660214,0.7198485237091311,1.334800167700661,2000.0,0.0,2.7205959489693856,5.834603846343958,0.0010030875865558678,0.0033760983963225318,ANALYTIC,False,56.421885413661634
A1_FULL,E0_I0014_residual_heterogeneity,pts__is_fallback|fga_absres,pts__is_fallback,fga_absres,13879,475,2000,29.17641171441711,0.05780577193946537,-0.052963753207542145,1.3744412613988397,1.101090195568162,0.8239473415415747,1.336359910462316,2000.0,0.0,3.104913957730356,5.834603846343958,0.0013085853427165085,0.0035218065961951386,ANALYTIC,False,34.07416967487397
A1_FULL,E0_I0014_residual_heterogeneity,pts__is_fallback|fga_sqres,pts__is_fallback,fga_sqres,13879,475,2000,28.212478504154575,0.05425308326587324,-0.036602476114173,1.348712885512581,1.067599035743353,0.8246387020725672,1.2946264019141385,2000.0,0.0,3.045098927880938,5.834603846343958,0.0012590322244571278,0.0035000250027088092,ANALYTIC,False,32.917299903809884
A1_FULL,E0_I0014_residual_heterogeneity,pts__fallback_level|pts_absres,pts__fallback_level,pts_absres,13879,475,2000,17.551743520591202,0.0217205328210794,-0.029729212067061486,1.5993263783797425,1.273230936172366,0.9678848856908115,1.3154776513155475,2000.0,0.0,3.5896823461614678,5.834603846343958,0.0017552580977944195,0.0037150702441190384,ANALYTIC,False,16.818645300779053
A1_FULL,E0_I0014_residual_heterogeneity,pts__fallback_level|pts_sqres,pts__fallback_level,pts_sqres,13879,475,2000,13.863094912643103,0.013661965424109744,-0.03381332931514015,1.526218704820518,1.217801892235481,0.9201652611012179,1.323459973676971,2000.0,0.0,3.4693105277072958,5.834603846343958,0.0016282654495736756,0.003651676063247357,ANALYTIC,False,13.742415145377503
A1_FULL,E0_I0014_residual_heterogeneity,pts__fallback_level|minutes_absres,pts__fallback_level,minutes_absres,13879,475,2000,39.012293304767184,0.09884802746053639,-0.00018625717733177538,1.25936923688349,1.0071320830258181,0.7557701142779664,1.3325905113196932,2000.0,0.0,2.8050209749627193,5.834603846343958,0.0010762811481983812,0.003424911538866522,ANALYTIC,False,50.28666853021839
A1_FULL,E0_I0014_residual_heterogeneity,pts__fallback_level|minutes_sqres,pts__fallback_level,minutes_sqres,13879,475,2000,41.60553110904952,0.11092002923163334,0.004871030380447693,1.2237800410345292,0.979535619194319,0.7332743779536466,1.3358377827518195,2000.0,0.0,2.795040450077497,5.834603846343958,0.0010541554032305626,0.0033952177208358544,ANALYTIC,False,55.403538854351396
A1_FULL,E0_I0014_residual_heterogeneity,pts__fallback_level|fga_absres,pts__fallback_level,fga_absres,13879,475,2000,28.767853381476563,0.05628868264821227,-0.046010624871786365,1.40989198436709,1.1305713458240882,0.8432570549433537,1.3407197001156843,2000.0,0.0,3.1665345977554202,5.834603846343958,0.0013653532362209754,0.003551929798720808,ANALYTIC,False,32.77444508010553
A1_FULL,E0_I0014_residual_heterogeneity,pts__fallback_level|fga_sqres,pts__fallback_level,fga_sqres,13879,475,2000,27.564965287350606,0.05191911698927463,-0.029208783792924707,1.3911282104401306,1.1037848167641509,0.8468417094152918,1.3034133823265122,2000.0,0.0,3.054297788713353,5.834603846343958,0.0012862221354032644,0.0035359698573847478,ANALYTIC,False,31.246902669516334
A1_FULL,E0_I0014_residual_heterogeneity,pts__is_cold_start|pts_absres,pts__is_cold_start,pts_absres,13879,475,2000,4.37828410284876,0.0013796702179493102,0.01939378201863133,1.601293052339556,1.2766451360070956,0.9663734392322846,1.3210681131936945,2000.0,0.007,3.544855497701939,5.834603846343958,0.001724686609722604,0.0037167831500983556,ANALYTIC,False,3.209565620207543
A1_FULL,E0_I0014_residual_heterogeneity,pts__is_cold_start|pts_sqres,pts__is_cold_start,pts_sqres,13879,475,2000,1.712814863579786,0.00021139564527185534,0.01298122348460695,1.5200733041781473,1.1995312845607582,0.9333789939496071,1.2851492184165445,2000.0,0.251,3.4015676343918915,5.834603846343958,0.0015786991087158259,0.003646372031349413,ANALYTIC,False,0.5499197885813357
A1_FULL,E0_I0014_residual_heterogeneity,pts__is_cold_start|minutes_absres,pts__is_cold_start,minutes_absres,13879,475,2000,13.64805029726078,0.013246974597261024,0.02710713899859481,1.2841100541150998,1.0265575158987212,0.771573903423841,1.3304720537376866,2000.0,0.0,2.863352359867323,5.834603846343958,0.0011208170245846883,0.0034456301973756005,ANALYTIC,False,16.358112586953084
A1_FULL,E0_I0014_residual_heterogeneity,pts__is_cold_start|minutes_sqres,pts__is_cold_start,minutes_sqres,13879,475,2000,15.305272805474047,0.016602679292698555,0.022860534113293703,1.2467866501258682,1.0035828094049348,0.7398091104490487,1.356542917937008,2000.0,0.0,2.7733810703857555,5.834603846343958,0.001052889953899661,0.003414398493349207,ANALYTIC,False,19.331594858825518
A1_FULL,E0_I0014_residual_heterogeneity,pts__is_cold_start|fga_absres,pts__is_cold_start,fga_absres,13879,475,2000,8.599912949952982,0.005302080634350255,0.0020275757792807595,1.409511822609071,1.1289593124077184,0.8435288784395713,1.3383766000947825,2000.0,0.0,3.0609792068545136,5.834603846343958,0.001299745584529789,0.003551606087084938,ANALYTIC,False,8.856784667960207
A1_FULL,E0_I0014_residual_heterogeneity,pts__is_cold_start|fga_sqres,pts__is_cold_start,fga_sqres,13879,475,2000,6.737614970051968,0.0032610751346710855,0.012680320705507462,1.4108982770859753,1.1191460930870887,0.8588831610372205,1.3030248395317992,2000.0,0.0,3.18863425161611,5.834603846343958,0.001379785496679061,0.003552786738495539,ANALYTIC,False,6.541598592036429
A1_FULL,E0_I0014_residual_heterogeneity,pts__n_prior_games|pts_absres,pts__n_prior_games,pts_absres,13879,475,2000,-2.4249916151928725,0.00042364634563555134,0.06659138326459611,1.5148126729505151,1.2038782825164176,0.9214369873657527,1.3065226369500549,2000.0,0.1115,3.364238640256894,5.834603846343958,0.0015506588012811227,0.003641834697105246,ANALYTIC,False,1.32522717171082
A1_FULL,E0_I0014_residual_heterogeneity,pts__n_prior_games|pts_sqres,pts__n_prior_games,pts_sqres,13879,475,2000,-2.672855939466539,0.0005146293534616018,0.05373773654382188,1.46368273600225,1.1624263750849277,0.8906993362435819,1.3050715631913707,2000.0,0.069,3.335646604096918,5.834603846343958,0.0015031468895832648,0.0035978818884226846,ANALYTIC,False,1.695779375733755
A1_FULL,E0_I0014_residual_heterogeneity,pts__n_prior_games|minutes_absres,pts__n_prior_games,minutes_absres,13879,475,2000,-15.389859082456145,0.016783610946111267,-0.0021564366459988927,1.2262946696578627,0.9759573750167633,0.7421819095651084,1.3149840523445777,2000.0,0.0,2.7244388187381405,5.834603846343958,0.001016744781549273,0.0033973115546198193,ANALYTIC,False,19.420982270890168
A1_FULL,E0_I0014_residual_heterogeneity,pts__n_prior_games|minutes_sqres,pts__n_prior_games,minutes_sqres,13879,475,2000,-16.530890721090575,0.019314753062422144,-0.0045889330605349945,1.1825856947217983,0.938084349516245,0.719782971568761,1.3032877778029368,2000.0,0.0,2.6379355758792005,5.834603846343958,0.0009511004033977306,0.0033610086786258326,ANALYTIC,False,21.663205420920054
A1_FULL,E0_I0014_residual_heterogeneity,pts__n_prior_games|fga_absres,pts__n_prior_games,fga_absres,13879,475,2000,-6.977253989031647,0.0034963505322392445,0.06744280478624473,1.349749972428722,1.0780971879357162,0.8145555912676984,1.3235403445673564,2000.0,0.0,3.0258928493550363,5.834603846343958,0.0012480128927055579,0.003500901691619965,ANALYTIC,False,7.2421782679252535
A1_FULL,E0_I0014_residual_heterogeneity,pts__n_prior_games|fga_sqres,pts__n_prior_games,fga_sqres,13879,475,2000,-7.80177052588997,0.004367695286995228,0.058765824866724915,1.3126834396853977,1.0502521947308914,0.789310774855341,1.3305940171960453,2000.0,0.0,2.932010435451577,5.834603846343958,0.0011741260344500424,0.0034696361030774193,ANALYTIC,False,8.553688288870054
A1_FULL,E0_I0014_residual_heterogeneity,minutes__pred_point|pts_absres,minutes__pred_point,pts_absres,13879,475,2000,35.4207993560207,0.08292554252828686,0.07210663540953771,1.9531864257710294,1.5609282359992376,1.1757650130117856,1.3275852051430206,2000.0,0.0,4.3043755051949635,5.834603846343958,0.0025492690681388707,0.0040296253160987,ANALYTIC,False,28.79816183106825
A1_FULL,E0_I0014_residual_heterogeneity,minutes__pred_point|pts_sqres,minutes__pred_point,pts_sqres,13879,475,2000,25.81077407785422,0.04581439214614665,0.06023712859835823,1.8609640315675928,1.485862733366237,1.1215725321853152,1.3248030695537139,2000.0,0.0,4.107318526347631,5.834603846343958,0.002319267747536745,0.003946415080726379,ANALYTIC,False,21.688219572471507
A1_FULL,E0_I0014_residual_heterogeneity,minutes__pred_point|minutes_absres,minutes__pred_point,minutes_absres,13879,475,2000,-7.9689250163285195,0.004555995893271803,-0.026618151828320898,1.4623289541534519,1.162889198013732,0.8866380715123355,1.3115714691003464,2000.0,0.0,3.306096553558175,5.834603846343958,0.0014830152639177699,0.003596721763608159,ANALYTIC,False,7.676227805902532
A1_FULL,E0_I0014_residual_heterogeneity,minutes__pred_point|minutes_sqres,minutes__pred_point,minutes_sqres,13879,475,2000,-6.126860171995636,0.0026981715662459035,-0.028758950769858144,1.3650184777715924,1.0853552978423429,0.8279598543351508,1.3108791352134816,2000.0,0.0,3.0430635847039804,5.834603846343958,0.0012660825379476107,0.003513821444366808,ANALYTIC,False,6.089069231746273
A1_FULL,E0_I0014_residual_heterogeneity,minutes__pred_point|fga_absres,minutes__pred_point,fga_absres,13879,475,2000,25.512853514119534,0.04480999038031632,0.09221261229814606,1.65800224454271,1.3270690753307506,0.9977402142453746,1.3300747593244588,2000.0,0.0,3.604141767140307,5.834603846343958,0.0018009594938826633,0.003766344743149419,ANALYTIC,False,24.240562917553973
A1_FULL,E0_I0014_residual_heterogeneity,minutes__pred_point|fga_sqres,minutes__pred_point,fga_sqres,13879,475,2000,18.885687922994606,0.025061656725137566,0.06742811622368344,1.6249667861881163,1.300492996734914,0.9761853219951553,1.3322193721136162,2000.0,0.0,3.591211601882159,5.834603846343958,0.0017717326518057069,0.0037374331442572048,ANALYTIC,False,18.01419723287641
A1_FULL,E0_I0014_residual_heterogeneity,minutes__pred_sd|pts_absres,minutes__pred_sd,pts_absres,13879,475,2000,-6.559134596260987e-14,0.0,-6.559134596260986e-14,1.2624931110941686e-29,6.559134596260986e-14,1.2624931110941686e-29,5195382484563707.0,1.0,1.0,6.559134596260987e-14,5.834603846343958,3.0998088228163268e-31,0.0024528137505419488,ANALYTIC,False,0.9997499687421849
A1_FULL,E0_I0014_residual_heterogeneity,minutes__pred_sd|pts_sqres,minutes__pred_sd,pts_sqres,13879,475,2000,-7.420389731975115e-14,0.0,-7.420389731975112e-14,2.524986222188337e-29,7.420389731975112e-14,2.524986222188337e-29,2938784246333060.0,1.0,1.0,7.420389731975115e-14,5.834603846343958,3.9673019507458575e-31,0.0024528137505419488,ANALYTIC,False,0.9997499687421849
A1_FULL,E0_I0014_residual_heterogeneity,minutes__pred_sd|minutes_absres,minutes__pred_sd,minutes_absres,13879,475,2000,-6.510791323340993e-14,0.0,-6.510791323340995e-14,1.2624931110941686e-29,6.510791323340995e-14,1.2624931110941686e-29,5157090574298871.0,1.0,1.0,6.510791323340993e-14,5.834603846343958,3.05428371324248e-31,0.0024528137505419488,ANALYTIC,True,-0.9997499687421849
A1_FULL,E0_I0014_residual_heterogeneity,minutes__pred_sd|minutes_sqres,minutes__pred_sd,minutes_sqres,13879,475,2000,1.0430002112382749e-13,0.0,1.0430002112382748e-13,1.2624931110941686e-29,1.0430002112382748e-13,1.2624931110941686e-29,8261432890784923.0,1.0,1.0,1.0430002112382749e-13,5.834603846343958,7.838096697478827e-31,0.0024528137505419488,ANALYTIC,False,0.9997499687421849
A1_FULL,E0_I0014_residual_heterogeneity,minutes__pred_sd|fga_absres,minutes__pred_sd,fga_absres,13879,475,2000,-2.277301010822109e-13,0.0,-2.2773010108221097e-13,5.049972444376674e-29,2.2773010108221097e-13,5.049972444376674e-29,4509531558648337.0,1.0,1.0,2.277301010822109e-13,5.834603846343958,3.7366524201249395e-30,0.0024528137505419488,ANALYTIC,True,-0.9997499687421849
A1_FULL,E0_I0014_residual_heterogeneity,minutes__pred_sd|fga_sqres,minutes__pred_sd,fga_sqres,13879,475,2000,3.500794353963474e-14,0.0,3.500794353963473e-14,1.2624931110941686e-29,3.500794353963473e-14,1.2624931110941686e-29,2772921549591212.5,1.0,1.0,3.500794353963474e-14,5.834603846343958,8.830291165604543e-32,0.0024528137505419488,ANALYTIC,False,0.9997499687421849
A1_FULL,E0_I0014_residual_heterogeneity,minutes__pred_width|pts_absres,minutes__pred_width,pts_absres,13879,475,2000,23.458742483164084,0.038149093485412525,0.05487455118517795,1.7699321090495523,1.4179828250494748,1.0601845408569657,1.3374867963112296,2000.0,0.0,3.9427859356593107,5.834603846343958,0.002126302483301393,0.00386513036110539,ANALYTIC,False,20.78955012897913
A1_FULL,E0_I0014_residual_heterogeneity,minutes__pred_width|pts_sqres,minutes__pred_width,pts_sqres,13879,475,2000,14.57902640064833,0.015087651209990038,0.03449110202253427,1.6970693952956153,1.3523973467222343,1.0253493226685912,1.318962539715209,2000.0,0.0,3.7831359904625166,5.834603846343958,0.001956838178560462,0.0038006788503403203,ANALYTIC,False,12.899632117084009
A1_FULL,E0_I0014_residual_heterogeneity,minutes__pred_width|minutes_absres,minutes__pred_width,minutes_absres,13879,475,2000,9.942241500775003,0.007073797058981847,0.0014351798991420485,1.3332344530179767,1.0661979942591338,0.8001058249416025,1.3325712187346623,2000.0,0.0,3.0206815581737674,5.834603846343958,0.0012365775832632402,0.003486953543072607,ANALYTIC,False,11.093586910411139
A1_FULL,E0_I0014_residual_heterogeneity,minutes__pred_width|minutes_sqres,minutes__pred_width,minutes_sqres,13879,475,2000,6.799653856533335,0.003321206171506139,-0.005189125630276173,1.2672539646612757,1.014055325708375,0.7596952919031456,1.3348184943571537,2000.0,0.0,2.799734388047779,5.834603846343958,0.001077032805352773,0.0034315076494545226,ANALYTIC,False,7.615683014608669
A1_FULL,E0_I0014_residual_heterogeneity,minutes__pred_width|fga_absres,minutes__pred_width,fga_absres,13879,475,2000,20.05444010483241,0.028169467074054797,0.03531063640812869,1.521363125447099,1.2177023069051616,0.9122787653259594,1.3347919004451163,2000.0,0.0,3.3488503137343177,5.834603846343958,0.0015440640561953268,0.003647484943152025,ANALYTIC,False,20.648006414132457
A1_FULL,E0_I0014_residual_heterogeneity,minutes__pred_width|fga_sqres,minutes__pred_width,fga_sqres,13879,475,2000,12.870791427349056,0.011798398661654934,0.017815343040137006,1.4674411734087156,1.1699717775110774,0.8855407518026487,1.3211947334207121,2000.0,0.0,3.300361922653194,5.834603846343958,0.0014820791643758626,0.0036011036660094733,ANALYTIC,False,13.213191630107632
A1_FULL,E0_I0014_residual_heterogeneity,minutes__pred_iqr|pts_absres,minutes__pred_iqr,pts_absres,13879,475,2000,10.929409474858423,0.008535667673299495,0.09207529190743449,1.6362182295941796,1.3102251727108296,0.983942791879917,1.3316070644793474,2000.0,0.0,3.6645313870741787,5.834603846343958,0.0018313859135135524,0.00374726754630645,ANALYTIC,False,9.776162172771468
A1_FULL,E0_I0014_residual_heterogeneity,minutes__pred_iqr|pts_sqres,minutes__pred_iqr,pts_sqres,13879,475,2000,6.080653051419332,0.0026577350291220486,0.07553893193616054,1.570583542615669,1.2548311616325278,0.9471286662287387,1.3248792971592696,2000.0,0.0,3.4787177497089994,5.834603846343958,0.0016604453279474149,0.003690081262175432,ANALYTIC,False,5.095212574445858
A1_FULL,E0_I0014_residual_heterogeneity,minutes__pred_iqr|minutes_absres,minutes__pred_iqr,minutes_absres,13879,475,2000,7.284787481303905,0.0038101571702259256,-0.01007344141170184,1.2721207005663389,1.020815944916175,0.7588188948328428,1.3452695391053047,2000.0,0.0,2.838603845792057,5.834603846343958,0.0011011036172251286,0.0034355821719371116,ANALYTIC,False,8.254896628223253
A1_FULL,E0_I0014_residual_heterogeneity,minutes__pred_iqr|minutes_sqres,minutes__pred_iqr,minutes_sqres,13879,475,2000,4.384052632616309,0.001383303100115864,-0.01349286184372044,1.2074864792778546,0.967388455408556,0.7224245068427808,1.3390858785180801,2000.0,0.001,2.615759220990864,5.834603846343958,0.0009504621237474504,0.0033816663435769045,ANALYTIC,False,4.729441131696426
A1_FULL,E0_I0014_residual_heterogeneity,minutes__pred_iqr|fga_absres,minutes__pred_iqr,fga_absres,13879,475,2000,9.325555711155095,0.006228778195589916,0.03717158666311602,1.41498445223827,1.1383324110280273,0.8409010142056058,1.3537055988728985,2000.0,0.0,3.09263438638576,5.834603846343958,0.0013220335560384826,0.0035562675096684694,ANALYTIC,False,9.736250952035643
A1_FULL,E0_I0014_residual_heterogeneity,minutes__pred_iqr|fga_sqres,minutes__pred_iqr,fga_sqres,13879,475,2000,5.589584732887405,0.0022467215953500177,0.039972394300823264,1.3657733792491842,1.0949268468903637,0.8169889734630752,1.34019782696596,2000.0,0.0,2.990744850817818,5.834603846343958,0.0012350549970083877,0.0035144608367624467,ANALYTIC,False,5.50149149130491
A1_FULL,E0_I0014_residual_heterogeneity,minutes__pred_cv|pts_absres,minutes__pred_cv,pts_absres,13879,475,2000,-29.29296496925893,0.05824158458479028,-0.07778116971117918,1.8010208166177106,1.4378491057866676,1.0868691943248208,1.3229274629316188,2000.0,0.0,4.133449764985808,5.834603846343958,0.0022994284260523254,0.0038927951508572842,ANALYTIC,False,25.628765640723003
A1_FULL,E0_I0014_residual_heterogeneity,minutes__pred_cv|pts_sqres,minutes__pred_cv,pts_sqres,13879,475,2000,-19.140223364093575,0.025724260551582688,-0.0617065281971414,1.720942092097754,1.369428252112829,1.0436375861162448,1.3121683909535777,2000.0,0.0,3.8085382825037684,5.834603846343958,0.0019911524328988382,0.0038217360179078736,ANALYTIC,False,17.02774540548347
A1_FULL,E0_I0014_residual_heterogeneity,minutes__pred_cv|minutes_absres,minutes__pred_cv,minutes_absres,13879,475,2000,-6.416402959739989,0.0029584451950763397,0.015114844322321417,1.3600529690603964,1.088508181495499,0.8151870146667972,1.3352864580901356,2000.0,0.0,3.064402028307368,5.834603846343958,0.0012764690835475898,0.0035096171683728335,ANALYTIC,False,6.535794464810305
A1_FULL,E0_I0014_residual_heterogeneity,minutes__pred_cv|minutes_sqres,minutes__pred_cv,minutes_sqres,13879,475,2000,-4.389239444765943,0.0013865736918866206,0.019540810451293963,1.2844933924524051,1.0224645398428267,0.777398608148566,1.3152384492659486,2000.0,0.0015,2.8559289796784335,5.834603846343958,0.0011167849213103188,0.0034459517072454016,ANALYTIC,False,4.330821884208601
A1_FULL,E0_I0014_residual_heterogeneity,minutes__pred_cv|fga_absres,minutes__pred_cv,fga_absres,13879,475,2000,-23.783410498895677,0.03917071536742441,-0.05524864368361546,1.5415588293957188,1.2354726415043977,0.9232016778947676,1.338247829360233,2000.0,0.0,3.357729542968358,5.834603846343958,0.0015613741289894599,0.003664932787450077,ANALYTIC,False,24.423631799292977
A1_FULL,E0_I0014_residual_heterogeneity,minutes__pred_cv|fga_sqres,minutes__pred_cv,fga_sqres,13879,475,2000,-16.159253363851807,0.018471931628818127,-0.04517670139467644,1.4878292779708546,1.1849511819290064,0.9004810971387394,1.3159090020814042,2000.0,0.0,3.3751936142231798,5.834603846343958,0.0015428105191697837,0.0036186057186289125,ANALYTIC,False,16.629224344079343
A1_FULL,E0_I0014_residual_heterogeneity,fga__pred_point|pts_absres,fga__pred_point,pts_absres,13879,475,2000,38.85820100224693,0.0981451889520271,0.043626441194369564,2.0362306636946546,1.6213569553918783,1.2320820186726695,1.3159488823143262,2000.0,0.0,4.553198672873206,5.834603846343958,0.0028297757184711204,0.004105297123778025,ANALYTIC,False,30.222699043177787
A1_FULL,E0_I0014_residual_heterogeneity,fga__pred_point|pts_sqres,fga__pred_point,pts_sqres,13879,475,2000,30.719987993856577,0.06368416511105178,0.037414646974510544,1.9334761134240355,1.5401973852102195,1.1689036549338918,1.3176427147858705,2000.0,0.0,4.3674010444506495,5.834603846343958,0.002589228021905404,0.004011768193091536,ANALYTIC,False,24.963383838761835
A1_FULL,E0_I0014_residual_heterogeneity,fga__pred_point|minutes_absres,fga__pred_point,minutes_absres,13879,475,2000,-11.735324988821553,0.00982806148257471,-0.029278320756562438,1.518496993390818,1.213356831348925,0.9130824070168624,1.3288579672814977,2000.0,0.0,3.436734819753058,5.834603846343958,0.0016016080366186543,0.0036450121549690263,ANALYTIC,False,11.523569041100048
A1_FULL,E0_I0014_residual_heterogeneity,fga__pred_point|minutes_sqres,fga__pred_point,minutes_sqres,13879,475,2000,-8.759903212336626,0.005500097250687914,-0.030941578549629332,1.4062014596259542,1.130132999351448,0.8369712595342347,1.3502650019074187,2000.0,0.0,3.1062896456400377,5.834603846343958,0.0013259025066305187,0.0035487879025574787,ANALYTIC,False,9.115928565135034
A1_FULL,E0_I0014_residual_heterogeneity,fga__pred_point|fga_absres,fga__pred_point,fga_absres,13879,475,2000,29.44245441114156,0.05880250064766722,0.07612916033059008,1.7174743912864423,1.3701574285018852,1.037904773529621,1.3201186307703034,2000.0,0.0,3.823711309108706,5.834603846343958,0.002000446502824357,0.0038186736841003153,ANALYTIC,False,27.04708341129767
A1_FULL,E0_I0014_residual_heterogeneity,fga__pred_point|fga_sqres,fga__pred_point,fga_sqres,13879,475,2000,23.411400841366984,0.038001118287103376,0.05632696817529381,1.6812676600030414,1.3440848336959814,1.011121894241535,1.329300494184442,2000.0,0.0,3.8312352508341716,5.834603846343958,0.0019830596785803587,0.0037867727563349733,ANALYTIC,False,21.824585278339946
A1_FULL,E0_I0014_residual_heterogeneity,fga__pred_sd|pts_absres,fga__pred_sd,pts_absres,13879,475,0,,,,,,,,,,,,,,,,
A1_FULL,E0_I0014_residual_heterogeneity,fga__pred_sd|pts_sqres,fga__pred_sd,pts_sqres,13879,475,0,,,,,,,,,,,,,,,,
A1_FULL,E0_I0014_residual_heterogeneity,fga__pred_sd|minutes_absres,fga__pred_sd,minutes_absres,13879,475,0,,,,,,,,,,,,,,,,
A1_FULL,E0_I0014_residual_heterogeneity,fga__pred_sd|minutes_sqres,fga__pred_sd,minutes_sqres,13879,475,0,,,,,,,,,,,,,,,,
A1_FULL,E0_I0014_residual_heterogeneity,fga__pred_sd|fga_absres,fga__pred_sd,fga_absres,13879,475,0,,,,,,,,,,,,,,,,
A1_FULL,E0_I0014_residual_heterogeneity,fga__pred_sd|fga_sqres,fga__pred_sd,fga_sqres,13879,475,0,,,,,,,,,,,,,,,,
A1_FULL,E0_I0014_residual_heterogeneity,fga__pred_width|pts_absres,fga__pred_width,pts_absres,13879,475,2000,35.71928240571929,0.08421083256570487,0.06451301866520123,1.846608597277901,1.471436254105592,1.1171032044312477,1.3171891802555042,2000.0,0.0,4.034662152924571,5.834603846343958,0.0022505054726429012,0.003933540571843869,ANALYTIC,False,30.65772796619123
A1_FULL,E0_I0014_residual_heterogeneity,fga__pred_width|pts_sqres,fga__pred_width,pts_sqres,13879,475,2000,23.922593697872184,0.039612305827169556,0.05232800275513509,1.7641985801594509,1.405091410778254,1.0676454057913025,1.3160656180006207,2000.0,0.0,3.951816447709114,5.834603846343958,0.002129595567967541,0.0038600390623513108,ANALYTIC,False,21.090806146826175
A1_FULL,E0_I0014_residual_heterogeneity,fga__pred_width|minutes_absres,fga__pred_width,minutes_absres,13879,475,2000,5.988833542924915,0.0025782813864278662,-0.04521263094728427,1.4091790354453506,1.132342273228804,0.839637013580992,1.348609285814408,2000.0,0.0,3.0518486764685884,5.834603846343958,0.001293992291259547,0.0035513227275107587,ANALYTIC,False,5.784036662442407
A1_FULL,E0_I0014_residual_heterogeneity,fga__pred_width|minutes_sqres,fga__pred_width,minutes_sqres,13879,475,2000,5.5769489292365,0.0022365979018109912,-0.04507580603070097,1.3229396759136605,1.056098500808983,0.7976842962037229,1.3239554869452548,2000.0,0.0,2.999667239765575,5.834603846343958,0.0012189234302456963,0.0034782731960675954,ANALYTIC,False,5.667468257734039
A1_FULL,E0_I0014_residual_heterogeneity,fga__pred_width|fga_absres,fga__pred_width,fga_absres,13879,475,2000,30.74977467550339,0.06379984070743003,0.0621382216186262,1.552282547008446,1.2494266463759518,0.9228197696568151,1.3539227132515785,2000.0,0.0,3.408138266978928,5.834603846343958,0.0016014980336190796,0.0036742143409707727,ANALYTIC,False,31.967615995156063
A1_FULL,E0_I0014_residual_heterogeneity,fga__pred_width|fga_sqres,fga__pred_width,fga_sqres,13879,475,2000,21.965117928521735,0.03360386797946603,0.0495964047832873,1.525417103179374,1.2185140044726586,0.9186072250375543,1.3264798830891447,2000.0,0.0,3.3234319471889493,5.834603846343958,0.0015294186941558015,0.0036509839905232906,ANALYTIC,False,22.584847319485124
A1_FULL,E0_I0014_residual_heterogeneity,fga__pred_iqr|pts_absres,fga__pred_iqr,pts_absres,13879,475,2000,22.539967776767917,0.03532283779670765,0.027996287340593215,1.7568693051929833,1.4092069805077434,1.0490549065435462,1.3433109856478684,2000.0,0.0,3.8835151159548165,5.834603846343958,0.0020716533642606574,0.0038535356481430067,ANALYTIC,False,20.1426642823514
A1_FULL,E0_I0014_residual_heterogeneity,fga__pred_iqr|pts_sqres,fga__pred_iqr,pts_sqres,13879,475,2000,13.885241224827352,0.0137050516011735,0.01487433282407648,1.6881442578003172,1.352330744518578,1.010118355629474,1.3387844473688908,2000.0,0.0,3.77664571309725,5.834603846343958,0.0019463371857672013,0.0037928212768181613,ANALYTIC,False,12.407368315269014
A1_FULL,E0_I0014_residual_heterogeneity,fga__pred_iqr|minutes_absres,fga__pred_iqr,minutes_absres,13879,475,2000,8.728293805581197,0.005460691909841511,-0.019640900149598448,1.334323282846261,1.0606159751362838,0.8095280105582423,1.3101658760453438,2000.0,0.0,2.9708332504998713,5.834603846343958,0.0012075385954882496,0.0034878722548531264,ANALYTIC,False,9.471788165992379
A1_FULL,E0_I0014_residual_heterogeneity,fga__pred_iqr|minutes_sqres,fga__pred_iqr,minutes_sqres,13879,475,2000,6.023225134098463,0.0026079011417633404,-0.02105340423962965,1.269590178080014,1.015578363867132,0.7618315542169671,1.3330746911775968,2000.0,0.0,2.76804113961553,5.834603846343958,0.0010605343134834628,0.003433463269384146,ANALYTIC,False,6.573167969366059
A1_FULL,E0_I0014_residual_heterogeneity,fga__pred_iqr|fga_absres,fga__pred_iqr,fga_absres,13879,475,2000,20.026093238268796,0.028092124040747478,0.027562320711795967,1.5105888487842607,1.217484622984803,0.8942194469281719,1.3615054192425737,2000.0,0.0,3.3477959153637626,5.834603846343958,0.0015373189946974932,0.003638193661327343,ANALYTIC,False,21.033549068850427
A1_FULL,E0_I0014_residual_heterogeneity,fga__pred_iqr|fga_sqres,fga__pred_iqr,fga_sqres,13879,475,2000,12.585722109808176,0.011287385558651983,0.016007947122726542,1.4743381373755589,1.1787123234841947,0.8853652102176139,1.3313289362188503,2000.0,0.0,3.3112561984522544,5.834603846343958,0.001493013022634642,0.003607019576795745,ANALYTIC,False,12.883959810799716
A1_FULL,E0_I0014_residual_heterogeneity,fga__pred_cv|pts_absres,fga__pred_cv,pts_absres,13879,475,2000,-27.930184042410335,0.05323030461605575,-0.05381748468949443,1.7333246159417883,1.3963263348189838,1.0279150792609308,1.358406314870816,2000.0,0.0,3.8258448563388328,5.834603846343958,0.002012212757906618,0.0038326810670871805,ANALYTIC,False,25.813278006067534
A1_FULL,E0_I0014_residual_heterogeneity,fga__pred_cv|pts_sqres,fga__pred_cv,pts_sqres,13879,475,2000,-18.350919072729422,0.023695609841921702,-0.03881601009146449,1.6592182053854485,1.331220917594051,0.9906951297828857,1.3437240959141414,2000.0,0.0,3.6608765062878734,5.834603846343958,0.001842811600366546,0.0037674110395701345,ANALYTIC,False,17.179551653660898
A1_FULL,E0_I0014_residual_heterogeneity,fga__pred_cv|minutes_absres,fga__pred_cv,minutes_absres,13879,475,2000,-6.278694723607715,0.002833176068053831,0.028580405383418096,1.310840037576072,1.0358858145086143,0.8034442317291448,1.289306430490162,2000.0,0.0,2.9894011110645855,5.834603846343958,0.001206833059784253,0.0034680848556105106,ANALYTIC,False,6.5254173246296245
A1_FULL,E0_I0014_residual_heterogeneity,fga__pred_cv|minutes_sqres,fga__pred_cv,minutes_sqres,13879,475,2000,-4.697659465417227,0.0015879611761237908,0.03290757856228012,1.2550777031848086,0.9909108845909904,0.7706542107153629,1.2858048017037023,2000.0,0.001,2.83279408797628,5.834603846343958,0.0010897797516732075,0.003421324046168023,ANALYTIC,False,4.809872611200596
A1_FULL,E0_I0014_residual_heterogeneity,fga__pred_cv|fga_absres,fga__pred_cv,fga_absres,13879,475,2000,-24.044486822153885,0.04000082007655624,-0.04024196442009642,1.507054971307802,1.2106231449818265,0.8980497438372728,1.3480580037904808,2000.0,0.0,3.340147604298669,5.834603846343958,0.0015302564715708364,0.0036351487749593818,ANALYTIC,False,25.42605666764665
A1_FULL,E0_I0014_residual_heterogeneity,fga__pred_cv|fga_sqres,fga__pred_cv,fga_sqres,13879,475,2000,-16.575882095567703,0.019417987995837063,-0.02817315266993868,1.4725522032742182,1.1740996042921157,0.8888220487936506,1.3209613846614816,2000.0,0.0,3.3098342003383223,5.834603846343958,0.0014910948812015096,0.003605487215623942,ANALYTIC,False,17.328308306684768
