stratum,rowset,n,denominator_SST,target,stage,base,candidate,family,level,r2_base,dR2,beta,sd_candidate,sd_candidate_resid,sd_y,p_N_ROW,nullmean_N_ROW,nullsd_N_ROW,z_N_ROW,p_N_CYCLIC,nullmean_N_CYCLIC,nullsd_N_CYCLIC,z_N_CYCLIC,p_N_PSWAP,nullmean_N_PSWAP,nullsd_N_PSWAP,z_N_PSWAP,p_correct_level,correct_null_used,sd_inflation_correct_over_row,p_N_CYCLIC_EXCLUDED_no_power,p_N_ENTITY,nullmean_N_ENTITY,nullsd_N_ENTITY,z_N_ENTITY,t_stat,p_family_wise,z_normal_orientation_only,p_normal_ORIENTATION_ONLY
POOLED,MAIN,12942,3190.280945757997,y_any_fta,A,B_SINGLE,F01_prior_ftr,F,player_season,0.19731019049364007,0.0027634494798389926,-0.137700700536093,0.20154013203515872,0.18954841683881782,0.49651291136329156,0.0016638935108153079,6.0428418713902355e-05,8.582861619652553e-05,31.4932382800611,0.0016638935108153079,6.859966477425517e-05,8.508490685279293e-05,31.67247770191663,0.0016638935108153079,0.00010397396488366197,0.00014970486984897712,17.764789599952362,0.0016638935108153079,N_PSWAP,1.7442302635544227,0.0016638935108153079,,,,,17.764789599952362,0.0016638935108153079,17.764789599952362,6.621791668369315e-71
POOLED,MAIN,12942,3190.280945757997,y_any_fta,A,B_COMPLETE,F01_prior_ftr,F,player_season,0.22226215928150705,0.00027366193979607047,0.05131361295047927,0.20154013203515872,0.16006823377333196,0.49651291136329156,0.021630615640599003,5.791885148892321e-05,8.053539936610738e-05,2.67886035215889,1.0,0.002963543265844128,0.0006432325945502581,-4.181817508686413,0.0632279534109817,7.501497589971207e-05,0.00010995808619017939,1.8065698556519623,0.0632279534109817,N_PSWAP,1.3653385598836962,1.0,,,,,1.8065698556519623,0.7354409317803661,1.8065698556519623,0.03541468422810593
POOLED,MAIN,12942,3190.280945757997,y_any_fta,A,B_SINGLE,F02_prior_fd_pm,F,player_season,0.19731019049364007,0.0021834209606617725,0.8036734771418701,0.04037699371102101,0.028868196183876003,0.49651291136329156,0.0016638935108153079,5.660567740929071e-05,8.331299663299834e-05,25.52801326570097,1.0,0.008431442172708777,0.0007096074328063359,-8.804898205952412,0.0016638935108153079,9.607265940654925e-05,0.00012698426477042094,16.437850036215192,0.0016638935108153079,N_PSWAP,1.5241831395142187,1.0,,,,,16.437850036215192,0.0016638935108153079,16.437850036215192,5.1245432427893496e-61
POOLED,MAIN,12942,3190.280945757997,y_any_fta,A,B_COMPLETE,F02_prior_fd_pm,F,player_season,0.22226215928150705,0.0035796188079875633,1.1941723386132939,0.04037699371102101,0.024876079147753218,0.49651291136329156,0.0016638935108153079,5.418737910193023e-05,8.076484181793811e-05,43.650570589028554,1.0,0.009589185517951532,0.0007936332372280224,-7.572221560369621,0.0016638935108153079,7.30215892295302e-05,0.00010023187975104412,34.984849405874826,0.0016638935108153079,N_PSWAP,1.2410335672666708,1.0,,,,,34.984849405874826,0.0016638935108153079,34.984849405874826,1.9122715818394583e-268
POOLED,MAIN,12942,3190.280945757997,y_any_fta,A,B_SINGLE,F03_prior_ft_pct,F,player_season,0.19731019049364007,6.683998779316142e-05,0.027628932576201914,0.14962977116531026,0.1469212520721698,0.49651291136329156,0.31281198003327787,6.425076928294562e-05,8.84846390000332e-05,0.029261785316373783,0.8435940099833611,0.00020103091497531247,0.00013625675383528948,-0.9848387210542557,0.3810316139767055,8.071507650092085e-05,0.00011055476956764163,-0.1255042072089899,0.3810316139767055,N_PSWAP,1.249423298970572,0.8435940099833611,,,,,-0.1255042072089899,1.0,-0.1255042072089899,0.5499378170707319
POOLED,MAIN,12942,3190.280945757997,y_any_fta,A,B_COMPLETE,F03_prior_ft_pct,F,player_season,0.22226215928150705,7.312002691363551e-06,-0.009226764196016327,0.14962977116531026,0.1455121628541851,0.49651291136329156,0.7104825291181365,6.180104213215853e-05,8.238457318930048e-05,-0.6613985765950612,0.6788685524126455,3.960645592592437e-05,4.9442355566609405e-05,-0.6531738398073145,0.7287853577371048,6.48860874079517e-05,8.714428591382744e-05,-0.660675385802349,0.7287853577371048,N_PSWAP,1.0577743203644479,0.6788685524126455,,,,,-0.660675385802349,1.0,-0.660675385802349,0.7455897630729348
POOLED,MAIN,12942,3190.280945757997,y_any_fta,A,B_SINGLE,F04_prior_paint_share,F,player_season,0.19731019049364007,0.0023236135773195853,0.11989361448989175,0.20102282296334825,0.19962569716861034,0.49651291136329156,0.0016638935108153079,6.11434468311995e-05,8.546686738507857e-05,26.47189723585662,0.0016638935108153079,0.0010419532388860752,0.0001709531695429163,7.4971428834009455,0.0016638935108153079,0.000101857746925863,0.00014618086339781463,15.19867771164729,0.0016638935108153079,N_PSWAP,1.7103805003076076,0.0016638935108153079,,,,,15.19867771164729,0.0016638935108153079,15.19867771164729,1.8041557102929314e-52
POOLED,MAIN,12942,3190.280945757997,y_any_fta,A,B_COMPLETE,F04_prior_paint_share,F,player_season,0.22226215928150705,0.005181622188533761,0.18267889978066643,0.20102282296334825,0.19564782802894737,0.49651291136329156,0.0016638935108153079,5.976605433940685e-05,8.611131154606178e-05,59.47948117657717,0.0016638935108153079,0.003694064147702274,0.00030909376656985396,4.812643287309079,0.0016638935108153079,7.91033018082892e-05,0.00011218190329913521,45.48433157814685,0.0016638935108153079,N_PSWAP,1.302754554366856,0.0016638935108153079,,,,,45.48433157814685,0.0016638935108153079,45.48433157814685,0.0
POOLED,MAIN,12942,3190.280945757997,y_any_fta,A,B_SINGLE,F05_prior_fga_pm,F,player_season,0.19731019049364007,0.010729709663604913,0.6433011432702836,0.09769722534419073,0.07994847948185765,0.49651291136329156,0.0016638935108153079,6.154307000543694e-05,8.749687528869958e-05,121.92625803378026,0.16139767054908485,0.010202705895249626,0.0005447212914236041,0.9674741499051508,0.0016638935108153079,8.675455041371929e-05,0.00012996469925080913,81.89112254745538,0.0016638935108153079,N_PSWAP,1.4853638923902732,0.16139767054908485,,,,,81.89112254745538,0.0016638935108153079,81.89112254745538,0.0
POOLED,MAIN,12942,3190.280945757997,y_any_fta,A,B_COMPLETE,F05_prior_fga_pm,F,player_season,0.22226215928150705,0.0002161247262559313,0.21681871638109568,0.09769722534419073,0.03366557259940199,0.49651291136329156,0.056572379367720464,5.9628228807326715e-05,8.428718919486899e-05,1.8567056149753702,0.9600665557404326,0.0005337959101084054,0.0002074814890690232,-1.5310820511163477,0.09151414309484193,7.227256027742567e-05,9.944087424463126e-05,1.4466100290371504,0.09151414309484193,N_PSWAP,1.179786337574118,0.9600665557404326,,,,,1.4466100290371504,0.8302828618968386,1.4466100290371504,0.07400308969120689
POOLED,MAIN,12942,3190.280945757997,y_any_fta,A,B_SINGLE,F06_prior_fg3a_share,F,player_season,0.19731019049364007,0.0022224212870564503,-0.11495459636754762,0.21061533785705835,0.20361857776024825,0.49651291136329156,0.0016638935108153079,6.272717810902334e-05,9.197007288798596e-05,23.482574723821354,0.2945091514143095,0.0021389540821443887,0.00015737489467741476,0.5303717920393316,0.0016638935108153079,9.647578992765835e-05,0.0001417622470429839,14.996556145757069,0.0016638935108153079,N_PSWAP,1.5413953973445451,0.2945091514143095,,,,,14.996556145757069,0.0016638935108153079,14.996556145757069,3.866441142465013e-51
POOLED,MAIN,12942,3190.280945757997,y_any_fta,A,B_COMPLETE,F06_prior_fg3a_share,F,player_season,0.22226215928150705,0.00522111287270844,-0.18265327397167797,0.21061533785705835,0.1964195113741174,0.49651291136329156,0.0016638935108153079,6.094839410542689e-05,9.22095294485702e-05,55.961292823656485,0.5174708818635607,0.005228676481783771,0.0002456567349143906,-0.030789341387144627,0.0016638935108153079,7.75047777421385e-05,0.00010473110934873324,49.11251419899636,0.0016638935108153079,N_PSWAP,1.1357948573758523,0.5174708818635607,,,,,49.11251419899636,0.0016638935108153079,49.11251419899636,0.0
POOLED,MAIN,12942,3190.280945757997,y_any_fta,A,B_SINGLE,F09_prior_starter_rate,F,player_season,0.19731019049364007,0.007674036401513562,0.12766604452732994,0.43651026079833527,0.340696028494987,0.49651291136329156,0.0016638935108153079,6.227094172233016e-05,8.955235173505627e-05,84.99794044840837,0.4226289517470882,0.007585378150173832,0.00047715345310001494,0.185806580176099,0.0016638935108153079,8.581436713293559e-05,0.00012744553065056617,59.5409034404371,0.0016638935108153079,N_PSWAP,1.4231399642928215,0.4226289517470882,,,,,59.5409034404371,0.0016638935108153079,59.5409034404371,0.0
POOLED,MAIN,12942,3190.280945757997,y_any_fta,A,B_COMPLETE,F09_prior_starter_rate,F,player_season,0.22226215928150705,0.00028397776100356185,0.039923921879729166,0.43651026079833527,0.2095750192117458,0.49651291136329156,0.03494176372712146,6.134316931957123e-05,8.632555068473952e-05,2.579011543141509,0.9983361064891847,0.0007684006105989879,0.00020619408562287022,-2.3493537563508844,0.05490848585690516,7.248076248556172e-05,0.00010664519790656479,1.9831835157106588,0.05490848585690516,N_PSWAP,1.2353839281724657,0.9983361064891847,,,,,1.9831835157106588,0.6672212978369384,1.9831835157106588,0.023673465140223306
POOLED,MAIN,12942,3190.280945757997,y_any_fta,A,B_SINGLE,F10_prior_pf_pm,F,player_season,0.19731019049364007,0.00014014200964623737,-0.1583607621285184,0.03793472244407587,0.03711651001871511,0.49651291136329156,0.15973377703826955,6.398854403585959e-05,8.926927535881897e-05,0.8530758797388908,0.20632279534109818,9.279060286170378e-05,6.339494931881892e-05,0.7469271179064927,0.2146422628951747,8.935968218781441e-05,0.0001247794125610232,0.40697681144786546,0.2146422628951747,N_PSWAP,1.3977867755671902,0.20632279534109818,,,,,0.40697681144786546,0.9933444259567388,0.40697681144786546,0.3420125005182348
POOLED,MAIN,12942,3190.280945757997,y_any_fta,A,B_COMPLETE,F10_prior_pf_pm,F,player_season,0.22226215928150705,0.0009360344959339631,0.4640116646232163,0.03793472244407587,0.03273765557234584,0.49651291136329156,0.0016638935108153079,6.264501226738158e-05,8.726619350986632e-05,10.00833711817436,0.21630615640599002,0.0007956822812812854,0.00020123234707791288,0.6974634878076353,0.0016638935108153079,7.413347303722235e-05,0.00010561278942563537,8.160953115471182,0.0016638935108153079,N_PSWAP,1.2102371511563041,0.21630615640599002,,,,,8.160953115471182,0.0066555740432612314,8.160953115471182,1.6619558099413496e-16
POOLED,MAIN,12942,3190.280945757997,y_any_fta,A,B_SINGLE,M01_opp_pf_pg,M,opp_team_season,0.19731019049364007,0.00039144079907089713,0.005929618816338282,1.6573404854663532,1.656673080069006,0.49651291136329156,0.016638935108153077,6.497767433969807e-05,9.122125068787038e-05,3.5788056211622257,,,,,,,,,0.056572379367720464,N_ENTITY,1.5708947752322955,,0.056572379367720464,0.00010778468827352594,0.000143298986095731,1.9794704660916056,1.9794704660916056,0.670549084858569,1.9794704660916056,0.02388152869522783
POOLED,MAIN,12942,3190.280945757997,y_any_fta,A,B_COMPLETE,M01_opp_pf_pg,M,opp_team_season,0.22226215928150705,0.0007252290367753039,0.008543106194060904,1.6573404854663532,1.565136910912266,0.49651291136329156,0.0016638935108153079,6.0829584370909325e-05,8.597736113179196e-05,7.727609264326662,,,,,,,,,0.008319467554076539,N_ENTITY,1.6458228136791186,,0.008319467554076539,0.00010563807344735775,0.00014150350241063153,4.378626343325016,4.378626343325016,0.16306156405990016,4.378626343325016,5.971485147326228e-06
POOLED,MAIN,12942,3190.280945757997,y_any_fta,A,B_COMPLETE_PLUS_M02,M01_opp_pf_pg,M,opp_team_season,0.2230189144125232,4.375186343478372e-05,0.0040300138533936975,1.6573404854663532,0.8149337134422705,0.49651291136329156,0.37603993344425957,6.082447824067518e-05,8.594467610410523e-05,-0.1986465663703394,,,,,,,,,0.43594009983361065,N_ENTITY,1.1330981216580533,,0.43594009983361065,7.250702172291722e-05,9.738375106007142e-05,-0.2952767579305485,-0.2952767579305485,1.0,-0.2952767579305485,0.6161087519037076
POOLED,MAIN,12942,3190.280945757997,y_any_fta,A,B_SINGLE,M02_opp_allowed_fta_pg,M,opp_team_season,0.19731019049364007,0.000723027584862545,0.005287797518174958,2.524898408179547,2.5248359373429556,0.49651291136329156,0.0033277870216306157,6.780788893211009e-05,9.721214913524588e-05,6.740100921119067,,,,,,,,,0.0066555740432612314,N_ENTITY,1.5466651642924905,,0.0066555740432612314,0.00011243353111773086,0.00015035464461349114,4.061025552715292,4.061025552715292,0.19633943427620631,4.061025552715292,2.4428813454744266e-05
POOLED,MAIN,12942,3190.280945757997,y_any_fta,A,B_COMPLETE,M02_opp_allowed_fta_pg,M,opp_team_season,0.22226215928150705,0.0007567551310159964,0.005488257785213337,2.524898408179547,2.48870678270676,0.49651291136329156,0.0016638935108153079,6.392798731409581e-05,9.072317702695054e-05,7.6367160675610695,,,,,,,,,0.0066555740432612314,N_ENTITY,1.6560974511879851,,0.0066555740432612314,0.00011285073663285787,0.00015024642223800916,4.285655423881663,4.285655423881663,0.17637271214642264,4.285655423881663,9.110061143046265e-06
POOLED,MAIN,12942,3190.280945757997,y_any_fta,A,B_SINGLE,M03_opp_allowed_ftm_pg,M,opp_team_season,0.19731019049364007,0.0006923566731990532,0.006028400632816108,2.167206308431908,2.1671719996654897,0.49651291136329156,0.0016638935108153079,6.589094124866967e-05,9.467509540866453e-05,6.617006608192447,,,,,,,,,0.009983361064891847,N_ENTITY,1.596801402550827,,0.009983361064891847,0.0001127512654242295,0.00015117732513518888,3.833944060437087,3.833944060437087,0.23294509151414308,3.833944060437087,6.305242116964029e-05
POOLED,MAIN,12942,3190.280945757997,y_any_fta,A,B_COMPLETE,M03_opp_allowed_ftm_pg,M,opp_team_season,0.22226215928150705,0.0007163941894012788,0.0062359341908417975,2.167206308431908,2.13110599310896,0.49651291136329156,0.0016638935108153079,6.18470822445236e-05,8.884411381827661e-05,7.367366041779401,,,,,,,,,0.008319467554076539,N_ENTITY,1.6732878510318978,,0.008319467554076539,0.00011139768842550718,0.0001486617762878174,4.069617060167941,4.069617060167941,0.1930116472545757,4.069617060167941,2.3545239126935103e-05
POOLED,MAIN,12942,3190.280945757997,y_any_fta,A,B_COMPLETE_PLUS_M02,M03_opp_allowed_ftm_pg,M,opp_team_season,0.2230189144125232,4.085057269017256e-07,0.0005849339566381757,2.167206308431908,0.5425287871878053,0.49651291136329156,0.9201331114808652,6.187058061546062e-05,8.911553912060772e-05,-0.689689761124342,,,,,,,,,0.9367720465890182,N_ENTITY,1.2193150217050095,,0.9367720465890182,8.045965558304423e-05,0.00010865991551709744,-0.7367127930772834,-0.7367127930772834,1.0,-0.7367127930772834,0.7693514992979222
POOLED,MAIN,12942,3190.280945757997,y_any_fta,A,B_SINGLE,M04_opp_allowed_ft_rate,M,opp_team_season,0.19731019049364007,0.0007876951143454118,0.3497993906170044,0.03983972712710852,0.039837362154522764,0.49651291136329156,0.0016638935108153079,7.082476363319188e-05,9.951065796936439e-05,7.2039554891991315,,,,,,,,,0.0066555740432612314,N_ENTITY,1.5135081783990991,,0.0066555740432612314,0.0001121660984413519,0.0001506101946745085,4.485280809602435,4.485280809602435,0.15141430948419302,4.485280809602435,3.6408986340790575e-06
POOLED,MAIN,12942,3190.280945757997,y_any_fta,A,B_COMPLETE,M04_opp_allowed_ft_rate,M,opp_team_season,0.22226215928150705,0.0007698413657750725,0.3501985013977763,0.03983972712710852,0.03933841746047745,0.49651291136329156,0.0016638935108153079,6.71890847651126e-05,9.351283392515256e-05,7.513966281594685,,,,,,,,,0.0066555740432612314,N_ENTITY,1.5932959663161235,,0.0066555740432612314,0.00011170301389638447,0.00014899362109173513,4.417225026522936,4.417225026522936,0.15806988352745424,4.417225026522936,4.9988068914345965e-06
POOLED,MAIN,12942,3190.280945757997,y_any_fta,A,B_COMPLETE_PLUS_M02,M04_opp_allowed_ft_rate,M,opp_team_season,0.2230189144125232,2.3064322707511864e-05,0.214715990593533,0.03983972712710852,0.011105458931433294,0.49651291136329156,0.5557404326123128,6.724238506422907e-05,9.378463059378838e-05,-0.47105865936676455,,,,,,,,,0.6156405990016639,N_ENTITY,1.142002991824648,,0.6156405990016639,8.035063429880185e-05,0.00010710232872527572,-0.5348745659698307,-0.5348745659698307,1.0,-0.5348745659698307,0.7036317251996447
POOLED,MAIN,12942,3190.280945757997,y_any_fta,A,B_SINGLE,M05_opp_allowed_hurdle_rate,M,opp_team_season,0.19731019049364007,1.3910940391056967e-05,0.04519213522837272,0.04098302395188265,0.04097754444104218,0.49651291136329156,0.6638935108153078,7.06522703763992e-05,9.587179465297095e-05,-0.591845914543792,,,,,,,,,0.7221297836938436,N_ENTITY,1.3618748214771133,,0.7221297836938436,0.0001000156493509528,0.0001305653832277053,-0.6594757877723969,-0.6594757877723969,1.0,-0.6594757877723969,0.74520487480024
POOLED,MAIN,12942,3190.280945757997,y_any_fta,A,B_COMPLETE,M05_opp_allowed_hurdle_rate,M,opp_team_season,0.22226215928150705,4.175471785845915e-05,0.0805205427242809,0.04098302395188265,0.039845256754901845,0.49651291136329156,0.43926788685524126,6.829546858849042e-05,9.285859420063338e-05,-0.28581900209135663,,,,,,,,,0.5391014975041597,N_ENTITY,1.3091540520798086,,0.5391014975041597,9.51722054657442e-05,0.0001215662048681938,-0.43941067063171124,-0.43941067063171124,1.0,-0.43941067063171124,0.6698180167638319
POOLED,MAIN,12942,3190.280945757997,y_any_fta,A,B_COMPLETE_PLUS_M02,M05_opp_allowed_hurdle_rate,M,opp_team_season,0.2230189144125232,0.00017320554543007557,-0.20755127412081442,0.04098302395188265,0.031483719820086846,0.49651291136329156,0.12312811980033278,6.829550602804394e-05,9.292887404604957e-05,1.1289283387856928,,,,,,,,,0.1264559068219634,N_ENTITY,1.0066802795644783,,0.1264559068219634,7.337010439435621e-05,9.354966490428936e-05,1.0671918615407225,1.0671918615407225,0.9217970049916805,1.0671918615407225,0.14294261214728907
POOLED,MAIN,12942,3190.280945757997,y_any_fta,A,B_SINGLE,M06_opp_pace,M,opp_team_season,0.19731019049364007,6.987627062349291e-05,0.0011060367109248914,3.752901831320687,3.7525446066270445,0.49651291136329156,0.2778702163061564,5.975752653396037e-05,9.350355590812189e-05,0.10821774627988892,,,,,,,,,0.30282861896838603,N_ENTITY,1.0104988921589368,,0.30282861896838603,6.75430881279587e-05,9.448523965807838e-05,0.024693618854939703,0.024693618854939703,1.0,0.024693618854939703,0.4901496450846274
POOLED,MAIN,12942,3190.280945757997,y_any_fta,A,B_COMPLETE,M06_opp_pace,M,opp_team_season,0.22226215928150705,0.00012065500189435637,0.001460091242190957,3.752901831320687,3.7352804585012196,0.49651291136329156,0.1480865224625624,5.7531101702044595e-05,8.950561904248451e-05,0.7052506967450786,,,,,,,,,0.17470881863560733,N_ENTITY,1.021439652718532,,0.17470881863560733,6.643951165867488e-05,9.142458843111262e-05,0.593007758263328,0.593007758263328,0.9866888519134775,0.593007758263328,0.2765879567334497
POOLED,MAIN,12942,3190.280945757997,y_any_fta,A,B_COMPLETE_PLUS_M02,M06_opp_pace,M,opp_team_season,0.2230189144125232,1.8783104228462046e-05,0.0005944516535668578,3.752901831320687,3.6199093177603547,0.49651291136329156,0.5557404326123128,5.7549740497474964e-05,8.976694510588453e-05,-0.4318587005861207,,,,,,,,,0.5440931780366056,N_ENTITY,0.7223906497319555,,0.5440931780366056,4.8275461005314626e-05,6.484680179949271e-05,-0.4548004829604919,-0.4548004829604919,1.0,-0.4548004829604919,0.6753736256577947
POOLED,MAIN,12942,3190.280945757997,y_any_fta,A,B_COMPLETE,X01_fd_x_oppfoul,X,opp_team_season,0.22226215928150705,0.0002278603795927615,-0.11068249764433383,0.0693367457657321,0.0677151747973647,0.49651291136329156,0.051580698835274545,5.775404826999573e-05,7.778634459822181e-05,2.1868405335331103,0.8386023294509152,0.0005144461380193632,0.0002964005908203561,-0.966886596391088,0.04492512479201331,5.7354955065048904e-05,7.989961452657772e-05,2.133995583558114,0.059900166389351084,N_PSWAP+N_ENTITY,1.0652159935894567,0.8386023294509152,0.059900166389351084,5.884426006391011e-05,8.285925834888672e-05,2.0397976387526073,2.0397976387526073,0.6505823627287853,2.0397976387526073,0.02068524064044412
POOLED,MAIN,12942,3190.280945757997,y_any_fta,A,B_MATCHUP,X01_fd_x_oppfoul,X,opp_team_season,0.22651448063516477,8.008195189704969e-05,-0.0666129828783912,0.0693367457657321,0.06670202056352725,0.49651291136329156,0.22961730449251247,5.718339735707579e-05,7.753428596425387e-05,0.2953345639957395,0.8103161397670549,0.0002613240169353893,0.00020582340496306086,-0.8805707255249573,0.24792013311148087,5.737601081743415e-05,7.946521884378891e-05,0.2857343301885371,0.24792013311148087,N_PSWAP+N_ENTITY,1.0249042453350932,0.8103161397670549,0.22628951747088186,5.4538991100052124e-05,7.492703481609304e-05,0.34090446605410546,0.2857343301885371,0.9983361064891847,0.2857343301885371,0.38754081890780306
POOLED,MAIN,12942,3190.280945757997,y_any_fta,A,B_COMPLETE,X02_ftr_x_oppftrate,X,opp_team_season,0.22226215928150705,0.00019986390977349847,-0.5190808100025431,0.013528250916214825,0.013522679724949287,0.49651291136329156,0.064891846921797,5.9832161593723936e-05,8.057402531428104e-05,1.7379266784001062,0.14309484193011648,8.877422676456241e-05,0.000115227749545397,0.9640879340889095,0.06821963394342762,6.247017173787478e-05,8.880162961249625e-05,1.547198386281523,0.06821963394342762,N_PSWAP+N_ENTITY,1.1021123651961438,0.14309484193011648,0.048252911813643926,5.5553049895173945e-05,6.925413783056688e-05,2.0837868234153323,1.547198386281523,0.8053244592346089,1.547198386281523,0.06090770732944837
POOLED,MAIN,12942,3190.280945757997,y_any_fta,A,B_MATCHUP2,X02_ftr_x_oppftrate,X,opp_team_season,0.2232808622592224,0.00036225102645118273,-0.7112222766304388,0.013528250916214825,0.01328709401067632,0.49651291136329156,0.013311148086522463,5.9806269607122675e-05,8.0167985967955e-05,3.7726375833484727,0.04492512479201331,9.465499648841235e-05,0.00012094926736690959,2.212465075551022,0.021630615640599003,6.243273813454267e-05,8.856382379436909e-05,3.3853358569156833,0.021630615640599003,N_PSWAP+N_ENTITY,1.1047280622687727,0.04492512479201331,0.0066555740432612314,5.8226735581480975e-05,7.187247464531953e-05,4.230051801750511,3.3853358569156833,0.30449251247920134,3.3853358569156833,0.00035545609308176027
POOLED,MAIN,12942,3190.280945757997,y_any_fta,A,B_SINGLE,G01_noise,G,row,0.19731019049364007,9.936217511091133e-06,0.001567493787795004,0.9984716882294995,0.9984705574104098,0.49651291136329156,0.6722129783693843,6.192390545858147e-05,8.29300108630097e-05,-0.6268863033596809,,,,,,,,,0.6722129783693843,N_ROW (candidate varies at ROW level),1.0,,,,,,,,,
POOLED,MAIN,12942,3190.280945757997,y_any_fta,A,B_COMPLETE,G01_noise,G,row,0.22226215928150705,1.4893606822055523e-05,0.0019193645420643257,0.9984716882294995,0.998327469846109,0.49651291136329156,0.6256239600665557,6.041459643963821e-05,7.914524396389382e-05,-0.5751576132401517,,,,,,,,,0.6256239600665557,N_ROW (candidate varies at ROW level),1.0,,,,,,,,,
POOLED,MAIN,12942,3190.280945757997,y_any_fta,A,B_SINGLE,G02_placebo_noop,G,row,0.19731019049364007,0.0,0.0,0.6902619849779255,3.287420303172981e-14,0.49651291136329156,1.0,5.3756875184275215e-05,7.177461228939916e-05,-0.7489678239922015,,,,,,,,,1.0,N_ROW (candidate varies at ROW level),1.0,,,,,,,,,
POOLED,MAIN,12942,3190.280945757997,y_any_fta,A,B_COMPLETE,G02_placebo_noop,G,row,0.22226215928150705,0.0,0.0,0.6902619849779255,8.720957956154455e-13,0.49651291136329156,1.0,5.182012046970448e-05,6.952927912611913e-05,-0.745299262713597,,,,,,,,,1.0,N_ROW (candidate varies at ROW level),1.0,,,,,,,,,
POOLED,MAIN,12942,3190.280945757997,y_any_fta,A,B_SINGLE,G03_placebo_perturbed,G,row,0.19731019049364007,4.5705384303278996e-05,-0.016205086512169148,0.28409009401186913,0.20713947681964043,0.49651291136329156,0.3594009983361065,5.4876366610839276e-05,8.241181814465753e-05,-0.11128236840330896,,,,,,,,,0.3594009983361065,N_ROW (candidate varies at ROW level),1.0,,,,,,,,,
POOLED,MAIN,12942,3190.280945757997,y_any_fta,A,B_COMPLETE,G03_placebo_perturbed,G,row,0.22226215928150705,4.705458844320205e-05,-0.016445920456970846,0.28409009401186913,0.20709678201759796,0.49651291136329156,0.3410981697171381,5.2050455808692166e-05,7.835292874589559e-05,-0.06376108009557738,,,,,,,,,0.3410981697171381,N_ROW (candidate varies at ROW level),1.0,,,,,,,,,
POOLED,F08_ONLY,12948,3191.8018999073215,y_any_fta,A,B_SINGLE,F08_prior_fta_given,F,player_season,0.19711296472879702,0.010509160768835655,0.052492775418550255,1.271366316240454,0.9696564102220797,0.49651616286392725,0.0016638935108153079,6.227914982348155e-05,8.909899386163518e-05,117.25027597096647,0.07820299500831947,0.009380802799771416,0.0007828570335090251,1.4413333734852756,0.0016638935108153079,8.605088701797845e-05,0.00010773876288253066,96.744287784167,0.0016638935108153079,N_PSWAP,1.2092029125473829,0.07820299500831947,,,,,96.744287784167,0.0016638935108153079,96.744287784167,0.0
POOLED,F08_ONLY,12948,3191.8018999073215,y_any_fta,A,B_COMPLETE,F08_prior_fta_given,F,player_season,0.22229521068888902,0.0024508676423408765,0.028291209396597638,1.271366316240454,0.8688440000127357,0.49651616286392725,0.0016638935108153079,6.115982836624965e-05,8.923259796613394e-05,26.780659405227475,0.5740432612312812,0.0025700638954999264,0.0004291479130051055,-0.2777509794335919,0.0016638935108153079,7.818239115663802e-05,0.0001031833430847693,22.994847620269304,0.0016638935108153079,N_PSWAP,1.1563413532342746,0.5740432612312812,,,,,22.994847620269304,0.0016638935108153079,22.994847620269304,2.6244103129895227e-117
POOLED,MAIN,7190,40660.772739916545,y_fta_given,B,B_SINGLE,F01_prior_ftr,F,player_season,0.14046423226278604,0.0020728160883289153,-0.6031928901722711,0.1927198164130255,0.17950549335411156,2.3782284611503552,0.0016638935108153079,0.00012097715485896147,0.00017780236531653957,10.977575748191631,0.0016638935108153079,0.00034840405704631615,0.0002267056159330064,7.606393093465223,0.0033277870216306157,0.0001583921461738351,0.0002182617362352444,8.771230244827235,0.0033277870216306157,N_PSWAP,1.2275524897921097,0.0016638935108153079,,,,,8.771230244827235,0.008319467554076539,8.771230244827235,8.836232490026145e-19
POOLED,MAIN,7190,40660.772739916545,y_fta_given,B,B_COMPLETE,F01_prior_ftr,F,player_season,0.16939182578177936,0.00046295816082987353,0.32721550786451087,0.1927198164130255,0.15638336936632982,2.3782284611503552,0.05324459234608985,0.00011775954881598098,0.00017197608438589403,2.0072477707964764,1.0,0.003886805120331617,0.0007544134112752777,-4.5384227113804805,0.07820299500831947,0.00014907101774693703,0.00021894863505955418,1.4336108694971266,0.07820299500831947,N_PSWAP,1.2731342025921424,1.0,,,,,1.4336108694971266,0.8153078202995009,1.4336108694971266,0.07584167209748904
POOLED,MAIN,7190,40660.772739916545,y_fta_given,B,B_SINGLE,F02_prior_fd_pm,F,player_season,0.14046423226278604,0.0092128169891944,8.280155818960344,0.039683816218562686,0.02756838242588398,2.3782284611503552,0.0016638935108153079,0.00012419236370544157,0.00017818317425212453,51.007198988546435,1.0,0.020467844782351516,0.0016619406307686498,-6.7722201291580735,0.0016638935108153079,0.00017683546717954827,0.0002527700566019708,35.7478320157341,0.0016638935108153079,N_PSWAP,1.4185966641513963,1.0,,,,,35.7478320157341,0.0016638935108153079,35.7478320157341,3.5746592717949503e-280
POOLED,MAIN,7190,40660.772739916545,y_fta_given,B,B_COMPLETE,F02_prior_fd_pm,F,player_season,0.16939182578177936,0.007977596914321953,8.387843860939537,0.039683816218562686,0.025324406675376117,2.3782284611503552,0.0016638935108153079,0.00011884369951485794,0.00016870478621906863,46.582870533395834,1.0,0.01669161910872213,0.0015460829492177687,-5.636193193132997,0.0016638935108153079,0.00017138500125748487,0.00025233249520139185,30.93621337526967,0.0016638935108153079,N_PSWAP,1.4957044246138336,1.0,,,,,30.93621337526967,0.0016638935108153079,30.93621337526967,1.9470439011673667e-210
POOLED,MAIN,7190,40660.772739916545,y_fta_given,B,B_SINGLE,F03_prior_ft_pct,F,player_season,0.14046423226278604,0.0007324337184277298,0.5036049190229626,0.1291816200546109,0.1278049790149716,2.3782284611503552,0.013311148086522463,0.00012028214696828322,0.00016070697563455328,3.8091163687348315,0.051580698835274545,0.00037865694726727493,0.00019636867777540445,1.8015947103594856,0.036605657237936774,0.00017259381799502316,0.0002476536443750721,2.260576063176473,0.036605657237936774,N_PSWAP,1.541026102925582,0.051580698835274545,,,,,2.260576063176473,0.5507487520798668,2.260576063176473,0.01189275966268757
POOLED,MAIN,7190,40660.772739916545,y_fta_given,B,B_COMPLETE,F03_prior_ft_pct,F,player_season,0.16939182578177936,1.5454376801666797e-06,-0.023710305569752652,0.1291816200546109,0.1246930274885784,2.3782284611503552,0.9068219633943427,0.00011613905476929531,0.00015114078929418873,-0.7581912045336571,0.9434276206322796,8.263533046543011e-05,8.933175767265829e-05,-0.9077386911203982,0.9251247920133111,0.0001694664432488984,0.0002586922942934905,-0.6491148336185951,0.9251247920133111,N_PSWAP,1.7115981430397165,0.9434276206322796,,,,,-0.6491148336185951,1.0,-0.6491148336185951,0.7418679428124292
POOLED,MAIN,7190,40660.772739916545,y_fta_given,B,B_SINGLE,F04_prior_paint_share,F,player_season,0.14046423226278604,0.0003615300232869007,0.23985981810736598,0.18852472044195473,0.18852469929259946,2.3782284611503552,0.07154742096505824,0.00011729465741950408,0.00015616681686009786,1.5639389390013312,0.0016638935108153079,8.818945160169495e-06,1.1584852423061475e-05,30.44588443997821,0.1713810316139767,0.0001873905697737777,0.0002783446518772974,0.6256252898650586,0.1713810316139767,N_PSWAP,1.7823546478933014,0.0016638935108153079,,,,,0.6256252898650586,0.9733777038269551,0.6256252898650586,0.265780351680883
POOLED,MAIN,7190,40660.772739916545,y_fta_given,B,B_COMPLETE,F04_prior_paint_share,F,player_season,0.16939182578177936,0.0018175659863509648,0.545676153174427,0.18852472044195473,0.18580769279504103,2.3782284611503552,0.0016638935108153079,0.0001105021941242948,0.00015039681223489,11.350398767498973,0.0016638935108153079,0.000832034589224719,0.00016896422116568038,5.832781581373186,0.0033277870216306157,0.00017868859258247236,0.00025636047808535106,6.39286291712584,0.0033277870216306157,N_PSWAP,1.704560583936891,0.0016638935108153079,,,,,6.39286291712584,0.03993344425956739,6.39286291712584,8.14040982804197e-11
POOLED,MAIN,7190,40660.772739916545,y_fta_given,B,B_SINGLE,F05_prior_fga_pm,F,player_season,0.14046423226278604,0.022084032051290694,4.390645662897956,0.09560712481524965,0.08049415891525827,2.3782284611503552,0.0016638935108153079,0.00012378343810724387,0.0001768516000307428,124.17331033118171,0.08652246256239601,0.02071529281545386,0.0010189954829284004,1.3432240463945293,0.0016638935108153079,0.00016888363595889765,0.0002267513139804916,96.6483855401925,0.0016638935108153079,N_PSWAP,1.282155852370431,0.08652246256239601,,,,,96.6483855401925,0.0016638935108153079,96.6483855401925,0.0
POOLED,MAIN,7190,40660.772739916545,y_fta_given,B,B_COMPLETE,F05_prior_fga_pm,F,player_season,0.16939182578177936,0.0027997429251725736,3.2196664155905546,0.09560712481524965,0.039084249106309026,2.3782284611503552,0.0016638935108153079,0.00011925546777316089,0.00016781417398082287,15.97295028074165,0.5956738768718802,0.0029688496334744742,0.000614622611559123,-0.275139093683724,0.0016638935108153079,0.00017254326775484856,0.0002296714440231788,11.438947791666186,0.0016638935108153079,N_PSWAP,1.3686057534652867,0.5956738768718802,,,,,11.438947791666186,0.0033277870216306157,11.438947791666186,1.3355263237736758e-30
POOLED,MAIN,7190,40660.772739916545,y_fta_given,B,B_SINGLE,F06_prior_fg3a_share,F,player_season,0.14046423226278604,0.0004618691216984154,-0.2656584697075286,0.1953000976421774,0.19239304566662965,2.3782284611503552,0.033277870216306155,0.0001135648878148963,0.00015140526549442865,2.3004763589040165,0.14143094841930118,0.0003834926678330019,7.068815123178438e-05,1.1087636683044577,0.09983361064891846,0.00018310627470244573,0.0002585986348028209,1.0779749367529485,0.09983361064891846,N_PSWAP,1.7079897053668633,0.14143094841930118,,,,,1.0779749367529485,0.9101497504159733,1.0779749367529485,0.14052247941787935
POOLED,MAIN,7190,40660.772739916545,y_fta_given,B,B_COMPLETE,F06_prior_fg3a_share,F,player_season,0.16939182578177936,0.002051631427731322,-0.5751454799537876,0.1953000976421774,0.18729471926506217,2.3782284611503552,0.0016638935108153079,0.00011022165719807066,0.00015429606069706866,12.582367701174464,0.2628951747088186,0.001944172002148482,0.00015957978330830206,0.6733899705530529,0.0033277870216306157,0.000181584582748854,0.0002611900867742123,7.15971600636989,0.0033277870216306157,N_PSWAP,1.692785192274027,0.2628951747088186,,,,,7.15971600636989,0.014975041597337771,7.15971600636989,4.042217855636103e-13
POOLED,MAIN,7190,40660.772739916545,y_fta_given,B,B_SINGLE,F07_prior_hurdle_rate,F,player_season,0.14046423226278604,0.023161626769377136,1.878605110292926,0.24558883984885646,0.19266490039710688,2.3782284611503552,0.0016638935108153079,0.00012284817055289893,0.0001754347320515211,131.32393072574865,0.11813643926788686,0.021718416103815804,0.001216241277672773,1.1866154290724744,0.0016638935108153079,0.00017237189091537925,0.0002299488294335628,99.97552470735168,0.0016638935108153079,N_PSWAP,1.3107371997811252,0.11813643926788686,,,,,99.97552470735168,0.0016638935108153079,99.97552470735168,0.0
POOLED,MAIN,7190,40660.772739916545,y_fta_given,B,B_COMPLETE,F07_prior_hurdle_rate,F,player_season,0.16939182578177936,0.007309354853576347,1.315540290720807,0.24558883984885646,0.15455709337973242,2.3782284611503552,0.0016638935108153079,0.00011633256108799327,0.00016718062172821818,43.025454853146144,0.5540765391014975,0.007442539245748696,0.0008329938091426964,-0.15988641297276893,0.0016638935108153079,0.00016901380315386742,0.00023439416908439497,30.462963640753195,0.0016638935108153079,N_PSWAP,1.4020414965643826,0.5540765391014975,,,,,30.462963640753195,0.0016638935108153079,30.462963640753195,4.0339945794714944e-204
POOLED,MAIN,7190,40660.772739916545,y_fta_given,B,B_SINGLE,F09_prior_starter_rate,F,player_season,0.14046423226278604,0.008108286728265857,0.6095177679396154,0.40486150508073326,0.35134336057916526,2.3782284611503552,0.0016638935108153079,0.00012404106461313865,0.0001728972670609833,46.17913168538727,0.7138103161397671,0.008361843381036993,0.00045892102754290984,-0.5525060686992123,0.0016638935108153079,0.00018620109612611116,0.0002507324987957206,31.59576708320572,0.0016638935108153079,N_PSWAP,1.450181966770381,0.7138103161397671,,,,,31.59576708320572,0.0016638935108153079,31.59576708320572,2.1105014316637867e-219
POOLED,MAIN,7190,40660.772739916545,y_fta_given,B,B_COMPLETE,F09_prior_starter_rate,F,player_season,0.16939182578177936,8.32550576964666e-09,-0.00107307411113199,0.40486150508073326,0.20222235699079183,2.3782284611503552,0.9983361064891847,0.00011840425631769937,0.00016534682837936798,-0.7160459742250683,1.0,0.00014404211144655228,9.183917265819399e-05,-1.568326257433154,0.9966722129783694,0.00018866885714885557,0.00027285049267541104,-0.6914428843180453,0.9966722129783694,N_PSWAP,1.6501707069299758,1.0,,,,,-0.6914428843180453,1.0,-0.6914428843180453,0.7553563853689361
POOLED,MAIN,7190,40660.772739916545,y_fta_given,B,B_SINGLE,F10_prior_pf_pm,F,player_season,0.14046423226278604,0.00020237123365369098,-0.9960695846976838,0.03467530499176163,0.033965521164841056,2.3782284611503552,0.20465890183028287,0.00012332149285864384,0.00016455723271986377,0.48037840384456715,0.9767054908485857,0.0005378079535806803,0.0002012950457534622,-1.666393321660873,0.27454242928452577,0.00016422003917706429,0.00022598168727396502,0.1688242748199979,0.27454242928452577,N_PSWAP,1.3732710713400729,0.9767054908485857,,,,,0.1688242748199979,1.0,0.1688242748199979,0.4329674370597052
POOLED,MAIN,7190,40660.772739916545,y_fta_given,B,B_COMPLETE,F10_prior_pf_pm,F,player_season,0.16939182578177936,0.000535188646833432,1.831985591947964,0.03467530499176163,0.030032049038779058,2.3782284611503552,0.03161397670549085,0.00011874564046876835,0.00015759788349421254,2.6424403496507405,0.013311148086522463,0.00018040457395109024,0.00012247210829040474,2.896856091029976,0.07487520798668885,0.0001742161253349174,0.00022935437505861408,1.5738636832467836,0.07487520798668885,N_PSWAP,1.45531380227601,0.013311148086522463,,,,,1.5738636832467836,0.7753743760399334,1.5738636832467836,0.05775948313953875
POOLED,MAIN,7190,40660.772739916545,y_fta_given,B,B_SINGLE,M01_opp_pf_pg,M,opp_team_season,0.14046423226278604,0.004398611132296031,0.09400187065255175,1.6780093025152039,1.6779339467541567,2.3782284611503552,0.0016638935108153079,0.00013057305887995987,0.00018455665739287917,23.125896045735093,,,,,,,,,0.0016638935108153079,N_ENTITY,2.1640633394195805,,0.0016638935108153079,0.00027921299847433206,0.0003993922963097495,10.314165225227308,10.314165225227308,0.004991680532445923,10.314165225227308,3.040371411796389e-25
POOLED,MAIN,7190,40660.772739916545,y_fta_given,B,B_COMPLETE,M01_opp_pf_pg,M,opp_team_season,0.16939182578177936,0.003464449563521086,0.08821474491947714,1.6780093025152039,1.5868267429628973,2.3782284611503552,0.0016638935108153079,0.00012481214037537313,0.00018169504692144628,18.380453841372823,,,,,,,,,0.0016638935108153079,N_ENTITY,2.078158892843583,,0.0016638935108153079,0.00026570703566377815,0.0003775911775454356,8.471444032805566,8.471444032805566,0.008319467554076539,8.471444032805566,1.211847095041226e-17
POOLED,MAIN,7190,40660.772739916545,y_fta_given,B,B_COMPLETE_PLUS_M02,M01_opp_pf_pg,M,opp_team_season,0.17308620684341958,0.00018085341617082442,0.03860028336673923,1.6780093025152039,0.8285647207263865,2.3782284611503552,0.22961730449251247,0.00012484584548197453,0.00018033570017685167,0.3105739497721437,,,,,,,,,0.259567387687188,N_ENTITY,0.9771064018760343,,0.259567387687188,0.00012900638804530157,0.00017620716712959885,0.29423904243003807,0.29423904243003807,0.9933444259567388,0.29423904243003807,0.3842876377357826
POOLED,MAIN,7190,40660.772739916545,y_fta_given,B,B_SINGLE,M02_opp_allowed_fta_pg,M,opp_team_season,0.14046423226278604,0.004153479285142459,0.059835113222062905,2.5618877956104815,2.5615537863754767,2.3782284611503552,0.0016638935108153079,0.00011677414579709307,0.00017240730971402525,23.413770251627458,,,,,,,,,0.0033277870216306157,N_ENTITY,2.3883981303848048,,0.0033277870216306157,0.00028659828741408444,0.0004117772961856519,9.39070957419899,9.39070957419899,0.008319467554076539,9.39070957419899,2.979869426806083e-21
POOLED,MAIN,7190,40660.772739916545,y_fta_given,B,B_COMPLETE,M02_opp_allowed_fta_pg,M,opp_team_season,0.16939182578177936,0.0036943810616404294,0.057162669630065714,2.5618877956104815,2.5287850402670067,2.3782284611503552,0.0016638935108153079,0.00011252554473244245,0.0001623942685519812,22.056538995164487,,,,,,,,,0.0033277870216306157,N_ENTITY,2.4097737416753366,,0.0033277870216306157,0.00026855420532629395,0.00039133344415513715,8.754239913509737,8.754239913509737,0.008319467554076539,8.754239913509737,1.0274178464314895e-18
POOLED,MAIN,7190,40660.772739916545,y_fta_given,B,B_SINGLE,M03_opp_allowed_ftm_pg,M,opp_team_season,0.14046423226278604,0.00452205205237463,0.07281503644678729,2.1968058320332737,2.1963435827114774,2.3782284611503552,0.0016638935108153079,0.00011788616764714144,0.0001714472712637724,25.688165534881332,,,,,,,,,0.0033277870216306157,N_ENTITY,2.4793887471584823,,0.0033277870216306157,0.00028649873232933367,0.0004250844351024251,9.964028250116309,9.964028250116309,0.004991680532445923,9.964028250116309,1.0950250544894594e-23
POOLED,MAIN,7190,40660.772739916545,y_fta_given,B,B_COMPLETE,M03_opp_allowed_ftm_pg,M,opp_team_season,0.16939182578177936,0.0039988394951828024,0.06951046770849034,2.1968058320332737,2.1635669958611263,2.3782284611503552,0.0016638935108153079,0.00011292084323797307,0.00016407999530399414,23.683073885669693,,,,,,,,,0.0033277870216306157,N_ENTITY,2.4617589097884633,,0.0033277870216306157,0.0002685832743878092,0.0004039253903576568,9.235012974777417,9.235012974777417,0.008319467554076539,9.235012974777417,1.2912735610180221e-20
POOLED,MAIN,7190,40660.772739916545,y_fta_given,B,B_COMPLETE_PLUS_M02,M03_opp_allowed_ftm_pg,M,opp_team_season,0.17308620684341958,0.0003052722101887671,0.07315503485266889,2.1968058320332737,0.5680060821615625,2.3782284611503552,0.10815307820299501,0.00011301172408938877,0.00016416072441103677,1.1711722568790783,,,,,,,,,0.13976705490848584,N_ENTITY,1.0971345275069475,,0.13976705490848584,0.0001281427568355995,0.00018010639881190107,0.9834711843756173,0.9834711843756173,0.9284525790349417,0.9834711843756173,0.16268780224888962
POOLED,MAIN,7190,40660.772739916545,y_fta_given,B,B_SINGLE,M04_opp_allowed_ft_rate,M,opp_team_season,0.14046423226278604,0.003031256478400368,3.2379263680792962,0.04044043232705055,0.04043877077211065,2.3782284611503552,0.0016638935108153079,0.00011532837601871676,0.00016996780069961933,17.15576768293256,,,,,,,,,0.0033277870216306157,N_ENTITY,2.398976754344471,,0.0033277870216306157,0.00028561172325020567,0.00040774880286544073,6.733667237905391,6.733667237905391,0.033277870216306155,6.733667237905391,8.271964334302278e-12
POOLED,MAIN,7190,40660.772739916545,y_fta_given,B,B_COMPLETE,M04_opp_allowed_ft_rate,M,opp_team_season,0.16939182578177936,0.002576506748403369,3.0184241487637364,0.04044043232705055,0.03999345716270734,2.3782284611503552,0.0016638935108153079,0.00011035894856124088,0.00015970502568007574,15.441892259435617,,,,,,,,,0.0033277870216306157,N_ENTITY,2.4047559932460842,,0.0033277870216306157,0.0002672183899590026,0.00038405161765568197,6.012963498346043,6.012963498346043,0.04991680532445923,6.012963498346043,9.108102463896339e-10
POOLED,MAIN,7190,40660.772739916545,y_fta_given,B,B_COMPLETE_PLUS_M02,M04_opp_allowed_ft_rate,M,opp_team_season,0.17308620684341958,0.0006966827505932007,-5.516487847354682,0.04044043232705055,0.011379113657885251,2.3782284611503552,0.014975041597337771,0.0001101677595798698,0.00015935777905086887,3.680491749487224,,,,,,,,,0.02329450915141431,N_ENTITY,1.128994846072166,,0.02329450915141431,0.00013341194189290273,0.00017991411122993792,3.130776151184794,3.130776151184794,0.3610648918469218,3.130776151184794,0.000871725029037443
POOLED,MAIN,7190,40660.772739916545,y_fta_given,B,B_SINGLE,M05_opp_allowed_hurdle_rate,M,opp_team_season,0.14046423226278604,0.0018370160288002275,2.3894849201021438,0.042660488418302875,0.04265851676586495,2.3782284611503552,0.0016638935108153079,0.00012709880017172288,0.000177440240341287,9.636580886836407,,,,,,,,,0.0066555740432612314,N_ENTITY,1.8453413570037098,,0.0066555740432612314,0.00024157642957856404,0.00032743781389845496,4.872496490941152,4.872496490941152,0.10981697171381032,4.872496490941152,5.509840713760943e-07
POOLED,MAIN,7190,40660.772739916545,y_fta_given,B,B_COMPLETE,M05_opp_allowed_hurdle_rate,M,opp_team_season,0.16939182578177936,0.0010712348335921841,1.8676752528305922,0.042660488418302875,0.041676817766750286,2.3782284611503552,0.009983361064891847,0.00012351266961690722,0.0001779961062055148,5.324398292629134,,,,,,,,,0.03826955074875208,N_ENTITY,1.900178975869543,,0.03826955074875208,0.00024516785160339064,0.00033822445879836153,2.442363230984628,2.442363230984628,0.49417637271214643,2.442363230984628,0.007295728163520065
POOLED,MAIN,7190,40660.772739916545,y_fta_given,B,B_COMPLETE_PLUS_M02,M05_opp_allowed_hurdle_rate,M,opp_team_season,0.17308620684341958,3.091389124414449e-05,-0.40074924256278655,0.042660488418302875,0.032995726822882814,2.3782284611503552,0.6073211314475874,0.00012426902573453566,0.0001785971658634577,-0.5227134150704478,,,,,,,,,0.6772046589018302,N_ENTITY,1.1381299375760114,,0.6772046589018302,0.00015625089265956964,0.00020326678123542966,-0.6166133032345117,-0.6166133032345117,1.0,-0.6166133032345117,0.7312551134104235
POOLED,MAIN,7190,40660.772739916545,y_fta_given,B,B_SINGLE,M06_opp_pace,M,opp_team_season,0.14046423226278604,0.0022638301988299396,0.029332636829737947,3.857682489637803,3.8576639399872406,2.3782284611503552,0.0016638935108153079,0.00011821078810744364,0.00016434967615156553,13.055209240228598,,,,,,,,,0.0066555740432612314,N_ENTITY,2.6802936506963646,,0.0066555740432612314,0.0003499556975657827,0.0004405053934830448,4.344724331593961,4.344724331593961,0.16805324459234608,4.344724331593961,6.972533967283809e-06
POOLED,MAIN,7190,40660.772739916545,y_fta_given,B,B_COMPLETE,M06_opp_pace,M,opp_team_season,0.16939182578177936,0.0020935228139811178,0.028357223122983433,3.857682489637803,3.8373262166769053,2.3782284611503552,0.0016638935108153079,0.00010950655177815498,0.00016014005557876421,12.389256735502585,,,,,,,,,0.0066555740432612314,N_ENTITY,2.714127264493101,,0.0066555740432612314,0.00034655202134901926,0.00043464049098376447,4.019346629850357,4.019346629850357,0.1896838602329451,4.019346629850357,2.917988088435715e-05
POOLED,MAIN,7190,40660.772739916545,y_fta_given,B,B_COMPLETE_PLUS_M02,M06_opp_pace,M,opp_team_season,0.17308620684341958,0.0010342453229647138,0.020526262414182712,3.857682489637803,3.7261083397146018,2.3782284611503552,0.0066555740432612314,0.0001099443506176985,0.00015930113138675644,5.802224782088756,,,,,,,,,0.008319467554076539,N_ENTITY,1.319275323173205,,0.008319467554076539,0.0001629652999023533,0.00021016205159212032,4.145753319696978,4.145753319696978,0.17304492512479203,4.145753319696978,1.693491689691966e-05
POOLED,MAIN,7190,40660.772739916545,y_fta_given,B,B_COMPLETE,X01_fd_x_oppfoul,X,opp_team_season,0.16939182578177936,0.0005342047295786435,0.7378181463650303,0.07557188958991896,0.07450031417258184,2.3782284611503552,0.03494176372712146,0.00011997257114753914,0.0001646592729335525,2.5156928671625187,0.5640599001663894,0.0007605800752792456,0.0006217643213620329,-0.3640854547663746,0.03826955074875208,0.0001133566293438863,0.0001546088817565787,2.7220176192552397,0.07487520798668885,N_PSWAP+N_ENTITY,1.448453626425693,0.5640599001663894,0.07487520798668885,0.0001686172745257006,0.00023850132100522206,1.5328529565877678,1.5328529565877678,0.78369384359401,1.5328529565877678,0.06265604465611621
POOLED,MAIN,7190,40660.772739916545,y_fta_given,B,B_MATCHUP,X01_fd_x_oppfoul,X,opp_team_season,0.18099394776593447,0.0003738709021791293,0.6692938519251523,0.07557188958991896,0.06870645949333853,2.3782284611503552,0.07820299500831947,0.00011850854966048183,0.00016506205886436108,1.5470687466008783,0.2795341098169717,0.000296452097624878,0.00035732604963583704,0.2166615186134663,0.06821963394342762,0.00010940059087677698,0.00014973140701847644,1.7662981773070323,0.12146422628951747,N_PSWAP+N_ENTITY,1.2330350851963643,0.2795341098169717,0.12146422628951747,0.00014358624068347626,0.00020352730981450476,1.1314681145519734,1.1314681145519734,0.9018302828618968,1.1314681145519734,0.12892906698935294
POOLED,MAIN,7190,40660.772739916545,y_fta_given,B,B_COMPLETE,X02_ftr_x_oppftrate,X,opp_team_season,0.16939182578177936,0.00011861204527045833,1.7299978068139734,0.014977091746468532,0.014971744840814457,2.3782284611503552,0.2795341098169717,0.00012192593870610072,0.0002140603998862127,-0.015481113916464439,0.16805324459234608,6.597402757225373e-05,8.550687063269749e-05,0.6155998612592897,0.2628951747088186,0.0001014625570369206,0.00015155725037133225,0.11315518189673908,0.27287853577371046,N_PSWAP+N_ENTITY,0.8170484387250441,0.16805324459234608,0.27287853577371046,0.00010953574986331482,0.0001748977155198887,0.05189487684366802,0.05189487684366802,1.0,0.05189487684366802,0.47930618691017834
POOLED,MAIN,7190,40660.772739916545,y_fta_given,B,B_MATCHUP2,X02_ftr_x_oppftrate,X,opp_team_season,0.17250458224607734,6.710378874287644e-06,0.41675413180955895,0.014977091746468532,0.014782475868367968,2.3782284611503552,0.8036605657237936,0.00012143220983162377,0.0002137958526286121,-0.5365952124273481,0.7820299500831946,6.571497468520883e-05,8.690114045168384e-05,-0.678985287238286,0.7953410981697171,0.00010085826003783517,0.0001537591895436941,-0.6123073452906911,0.7953410981697171,N_PSWAP+N_ENTITY,0.8112637458469901,0.7820299500831946,0.7703826955074875,0.00010689253491202905,0.00017344482425003894,-0.5776024535233079,-0.6123073452906911,1.0,-0.6123073452906911,0.7298328071068707
POOLED,MAIN,7190,40660.772739916545,y_fta_given,B,B_SINGLE,G01_noise,G,row,0.14046423226278604,3.454375783848747e-05,0.013913367973501638,1.0046374613183986,1.0046298804656455,2.3782284611503552,0.5990016638935108,0.00012535445797769157,0.00018458772441799738,-0.4919650016030537,,,,,,,,,0.5990016638935108,N_ROW (candidate varies at ROW level),1.0,,,,,,,,,
POOLED,MAIN,7190,40660.772739916545,y_fta_given,B,B_COMPLETE,G01_noise,G,row,0.16939182578177936,5.043978474635733e-05,0.01681813572437385,1.0046374613183986,1.0042973840744176,2.3782284611503552,0.5074875207986689,0.00012424376434216487,0.00018160969102941314,-0.40638789250434,,,,,,,,,0.5074875207986689,N_ROW (candidate varies at ROW level),1.0,,,,,,,,,
POOLED,MAIN,7190,40660.772739916545,y_fta_given,B,B_SINGLE,G02_placebo_noop,G,row,0.14046423226278604,0.0,0.0,3.403202740496775,9.915042323308727e-14,2.3782284611503552,1.0,0.00013237948184919635,0.0001862531318628879,-0.7107503671221423,,,,,,,,,1.0,N_ROW (candidate varies at ROW level),1.0,,,,,,,,,
POOLED,MAIN,7190,40660.772739916545,y_fta_given,B,B_COMPLETE,G02_placebo_noop,G,row,0.16939182578177936,0.0,0.0,3.403202740496775,3.666490445056067e-12,2.3782284611503552,1.0,0.0001272826381947637,0.0001799756345936278,-0.707221499633319,,,,,,,,,1.0,N_ROW (candidate varies at ROW level),1.0,,,,,,,,,
POOLED,MAIN,7190,40660.772739916545,y_fta_given,B,B_SINGLE,G03_placebo_perturbed,G,row,0.14046423226278604,0.0004960204275759545,-0.05668373934922456,1.347426362752121,0.9344258860318349,2.3782284611503552,0.04991680532445923,0.00013024597241248603,0.00017156516464229235,2.13198556901744,,,,,,,,,0.04991680532445923,N_ROW (candidate varies at ROW level),1.0,,,,,,,,,
POOLED,MAIN,7190,40660.772739916545,y_fta_given,B,B_COMPLETE,G03_placebo_perturbed,G,row,0.16939182578177936,0.0005033279672509628,-0.0571089266303525,1.347426362752121,0.9342758130825983,2.3782284611503552,0.036605657237936774,0.0001251533766720296,0.00016548162612894902,2.2852965578441102,,,,,,,,,0.036605657237936774,N_ROW (candidate varies at ROW level),1.0,,,,,,,,,
POOLED,F08_ONLY,7193,40723.81148338663,y_fta_given,B,B_SINGLE,F08_prior_fta_given,F,player_season,0.14073699623462832,0.0,0.0,1.361519759533973,7.980400257675836e-15,2.3795748480864236,1.0,0.00011964721625060247,0.00016607385961838898,-0.7204458096267078,1.0,0.03452773421623483,0.003773106357375697,-9.151010055345976,1.0,0.00014323485512323758,0.00020402337557356753,-0.7020511974207063,1.0,N_PSWAP,1.2285098692977958,1.0,,,,,-0.7020511974207063,1.0,-0.7020511974207063,0.7586763976358153
POOLED,F08_ONLY,7193,40723.81148338663,y_fta_given,B,B_COMPLETE,F08_prior_fta_given,F,player_season,0.1696777905044583,0.0,0.0,1.361519759533973,1.3361810488301278e-12,2.3795748480864236,1.0,0.0001140522419000847,0.00015814366481949432,-0.7211938715993732,1.0,0.026055224581251528,0.00341316338456643,-7.633746658325087,1.0,0.00014615294745460862,0.00021346663537176252,-0.6846641265510939,1.0,N_PSWAP,1.3498272954241577,1.0,,,,,-0.6846641265510939,1.0,-0.6846641265510939,0.753222071516571
POOLED,MAIN,7278,32835.73619126134,y_ftm_given,C,B_SINGLE,F01_prior_ftr,F,player_season,0.1402614109709085,0.0021682850887700064,-0.449030172662116,0.22639033704864367,0.2202824299444294,2.124208740194789,0.0016638935108153079,0.00012451526029637724,0.00018681136220304858,10.940286524179506,0.0016638935108153079,4.317115353285921e-05,6.478142142583764e-05,32.8043733598837,0.0016638935108153079,0.00014810580099718876,0.00019539445572340334,10.338979580017075,0.0016638935108153079,N_PSWAP,1.0459452434752103,0.0016638935108153079,,,,,10.338979580017075,0.0016638935108153079,10.338979580017075,2.347550817412576e-25
POOLED,MAIN,7278,32835.73619126134,y_ftm_given,C,B_COMPLETE,F01_prior_ftr,F,player_season,0.15880840381115302,0.0002380062810262708,-0.15827852455278554,0.22639033704864367,0.20704722178952042,2.124208740194789,0.16139767054908485,0.0001228300865578026,0.0001834953576866089,0.627679064585259,0.9850249584026622,0.0007668141706138235,0.00031657320768695786,-1.6704126462605209,0.2079866888519135,0.00014561151714939538,0.00020511141293787265,0.45046134953427186,0.2079866888519135,N_PSWAP,1.1178016464491802,0.9850249584026622,,,,,0.45046134953427186,0.9750415973377704,0.45046134953427186,0.3261888921681208
POOLED,MAIN,7278,32835.73619126134,y_ftm_given,C,B_SINGLE,F02_prior_fd_pm,F,player_season,0.1402614109709085,0.005788798237586103,5.34062307008861,0.040124660330689316,0.030262128458412887,2.124208740194789,0.0016638935108153079,0.0001317224777183209,0.0001743809946750077,32.44089627089709,1.0,0.014229833233158325,0.00133376969873636,-6.328705025739771,0.0016638935108153079,0.00017164580621830273,0.0002387414447131343,23.528183127639313,0.0016638935108153079,N_PSWAP,1.369079498359753,1.0,,,,,23.528183127639313,0.0016638935108153079,23.528183127639313,1.0499523337468582e-122
POOLED,MAIN,7278,32835.73619126134,y_ftm_given,C,B_COMPLETE,F02_prior_fd_pm,F,player_season,0.15880840381115302,0.008964699161738343,6.965788256470646,0.040124660330689316,0.028873190925986607,2.124208740194789,0.0016638935108153079,0.00012753411047814695,0.00016752993876518096,52.74976590092857,1.0,0.01671363134683056,0.001443356309122466,-5.368689724163416,0.0016638935108153079,0.00017841608667174016,0.00023540848751639639,37.32356113309054,0.0016638935108153079,N_PSWAP,1.4051726470595662,1.0,,,,,37.32356113309054,0.0016638935108153079,37.32356113309054,3.4043892220403054e-305
POOLED,MAIN,7278,32835.73619126134,y_ftm_given,C,B_SINGLE,F03_prior_ft_pct,F,player_season,0.1402614109709085,0.0008138749015923402,-0.5026918250822727,0.13370972147069324,0.12055193805093306,2.124208740194789,0.004991680532445923,0.00010885161379409994,0.00014433982228039655,4.884468309990379,0.5590682196339434,0.0009081924001527479,0.0003579769006274477,-0.2634737001049278,0.03161397670549085,0.00017624954862871994,0.00024388335436010386,2.614468521792349,0.03161397670549085,N_PSWAP,1.6896470461653519,0.5590682196339434,,,,,2.614468521792349,0.47088186356073214,2.614468521792349,0.004468319582250132
POOLED,MAIN,7278,32835.73619126134,y_ftm_given,C,B_COMPLETE,F03_prior_ft_pct,F,player_season,0.15880840381115302,0.0001914269389286234,-0.2512069199818093,0.13370972147069324,0.11699495105401977,2.124208740194789,0.18635607321131448,0.00010371818983997347,0.0001393587354431973,0.629373887540764,1.0,0.0012241591568738234,0.00041382400271476534,-2.495583173451219,0.2911813643926789,0.0001726950763753722,0.00023545759932175897,0.07955514116855333,0.2911813643926789,N_PSWAP,1.6895790462861342,1.0,,,,,0.07955514116855333,0.9966722129783694,0.07955514116855333,0.46829550047113344
POOLED,MAIN,7278,32835.73619126134,y_ftm_given,C,B_SINGLE,F04_prior_paint_share,F,player_season,0.1402614109709085,4.3124278454606855e-05,-0.07399565755348211,0.19011654117573107,0.18851758969196106,2.124208740194789,0.5141430948419301,0.00010950546491975831,0.00016250589286534475,-0.40848479581079605,1.0,0.0008129722671272568,0.00017354945263718191,-4.435899837045724,0.5973377703826955,0.00016299616338785177,0.00022117843037590276,-0.5419691455876471,0.5973377703826955,N_PSWAP,1.3610486763035425,1.0,,,,,-0.5419691455876471,1.0,-0.5419691455876471,0.706080143096892
POOLED,MAIN,7278,32835.73619126134,y_ftm_given,C,B_COMPLETE,F04_prior_paint_share,F,player_season,0.15880840381115302,1.6264720852685227e-06,0.01445626392495482,0.19011654117573107,0.18739777493360513,2.124208740194789,0.8985024958402662,0.00010826702727504171,0.0001601332166163054,-0.6659489982349771,1.0,0.00034324621070178703,0.00011208473801427368,-3.0478702512826876,0.9217970049916805,0.0001750917263402686,0.0002471611695669332,-0.7018305284723307,0.9217970049916805,N_PSWAP,1.5434722088868993,1.0,,,,,-0.7018305284723307,1.0,-0.7018305284723307,0.7586075865904813
POOLED,MAIN,7278,32835.73619126134,y_ftm_given,C,B_SINGLE,F05_prior_fga_pm,F,player_season,0.1402614109709085,0.022461641571435,3.982015959850343,0.09631325754327147,0.07994935078544257,2.124208740194789,0.0016638935108153079,0.00011767432016064937,0.00017878851049469302,124.9742905148124,0.23128119800332778,0.021685252462785437,0.0010635542807407121,0.7299948133430932,0.0016638935108153079,0.0001676168063141456,0.00022706480632965666,98.18353238217816,0.0016638935108153079,N_PSWAP,1.2700190057033705,0.23128119800332778,,,,,98.18353238217816,0.0016638935108153079,98.18353238217816,0.0
POOLED,MAIN,7278,32835.73619126134,y_ftm_given,C,B_COMPLETE,F05_prior_fga_pm,F,player_season,0.15880840381115302,0.014300876172421064,3.398101683370449,0.09631325754327147,0.07475532676374104,2.124208740194789,0.0016638935108153079,0.0001145207631411093,0.00016718382572203445,84.85483178777518,0.454242928452579,0.014196006356571249,0.0009009297748008891,0.11640176491335535,0.0016638935108153079,0.00017986325358042106,0.0002432245411128397,58.05751695216253,0.0016638935108153079,N_PSWAP,1.4548329664212443,0.454242928452579,,,,,58.05751695216253,0.0016638935108153079,58.05751695216253,0.0
POOLED,MAIN,7278,32835.73619126134,y_ftm_given,C,B_SINGLE,F06_prior_fg3a_share,F,player_season,0.1402614109709085,5.946756673684891e-05,0.08344573478319697,0.1965898662765977,0.1963058005464025,2.124208740194789,0.4475873544093178,0.0001082802289539706,0.0001625246038342291,-0.3003401396806931,0.8985024958402662,0.00010599428119826129,3.807274134432502e-05,-1.2220479224395928,0.5723793677204659,0.00016868034221075384,0.00023270916695528222,-0.4693101561181362,0.5723793677204659,N_PSWAP,1.431839619757754,0.8985024958402662,,,,,-0.4693101561181362,1.0,-0.4693101561181362,0.6805760404522714
POOLED,MAIN,7278,32835.73619126134,y_ftm_given,C,B_COMPLETE,F06_prior_fg3a_share,F,player_season,0.15880840381115302,3.8267804196366405e-05,-0.0677771593164374,0.1965898662765977,0.19387892379726956,2.124208740194789,0.5324459234608985,0.0001075385390439824,0.0001580377026694808,-0.43831777909660224,0.10316139767054909,1.7389164172561968e-05,1.4684395615132034e-05,1.4218249474489324,0.6722129783693843,0.00018065742385962763,0.0002574347267384897,-0.5531096036157743,0.6722129783693843,N_PSWAP,1.6289450073624983,0.10316139767054909,,,,,-0.5531096036157743,1.0,-0.5531096036157743,0.7099058434568328
POOLED,MAIN,7278,32835.73619126134,y_ftm_given,C,B_SINGLE,F07_prior_hurdle_rate,F,player_season,0.1402614109709085,0.020592351245301177,1.5583658026012848,0.24928950789097762,0.19560535983761082,2.124208740194789,0.0016638935108153079,0.0001247311922268443,0.00016967755187085614,120.6265638995812,0.2129783693843594,0.019761472853891463,0.001102910602749077,0.7533506245553312,0.0016638935108153079,0.00017428795155571865,0.0002285964539144192,89.3192477140939,0.0016638935108153079,N_PSWAP,1.3472404062524843,0.2129783693843594,,,,,89.3192477140939,0.0016638935108153079,89.3192477140939,0.0
POOLED,MAIN,7278,32835.73619126134,y_ftm_given,C,B_COMPLETE,F07_prior_hurdle_rate,F,player_season,0.15880840381115302,0.008497224634054452,1.216596908545593,0.24928950789097762,0.16094927792416558,2.124208740194789,0.0016638935108153079,0.00012335739773617656,0.00017410794328427895,48.095836860502345,0.7221297836938436,0.009005146608221054,0.0008581912117796015,-0.5918517542417394,0.0016638935108153079,0.00017731841782553932,0.00022747117293916833,36.57565092194724,0.0016638935108153079,N_PSWAP,1.306495089473082,0.7221297836938436,,,,,36.57565092194724,0.0016638935108153079,36.57565092194724,3.4877072560063455e-293
POOLED,MAIN,7278,32835.73619126134,y_ftm_given,C,B_SINGLE,F09_prior_starter_rate,F,player_season,0.1402614109709085,0.008755886650672805,0.5631355547379608,0.4092730183823505,0.3529671664558839,2.124208740194789,0.0016638935108153079,0.00012609408793504557,0.0002104078040162967,41.01460306134537,0.6289517470881864,0.00891909408903321,0.0004808600866244096,-0.3394073305316432,0.0016638935108153079,0.00019268439700159378,0.00026437145153686205,32.390797886424664,0.0016638935108153079,N_PSWAP,1.256471701574271,0.6289517470881864,,,,,32.390797886424664,0.0016638935108153079,32.390797886424664,1.8494968754687235e-230
POOLED,MAIN,7278,32835.73619126134,y_ftm_given,C,B_COMPLETE,F09_prior_starter_rate,F,player_season,0.15880840381115302,1.8775008548138718e-05,0.045221294998724036,0.4092730183823505,0.20353742136532282,2.124208740194789,0.6821963394342762,0.00012396439512367668,0.00020898386208666853,-0.5033373655039185,1.0,0.0003234388022593968,0.0001404961716504091,-2.168484664972513,0.7687188019966722,0.00019195441997353093,0.0002574877580840478,-0.6725733786880226,0.7687188019966722,N_PSWAP,1.2320939785162168,1.0,,,,,-0.6725733786880226,1.0,-0.6725733786880226,0.7493906468414665
POOLED,MAIN,7278,32835.73619126134,y_ftm_given,C,B_SINGLE,F10_prior_pf_pm,F,player_season,0.1402614109709085,0.001162725053130574,-2.1037799345927,0.03552038114242939,0.03442987119608173,2.124208740194789,0.0033277870216306157,0.00011066877118005854,0.00014907649499161093,7.057157347372022,0.9517470881863561,0.0017207864925252898,0.00034517475165118895,-1.6167504625560105,0.014975041597337771,0.00017814344018708708,0.0002526551713670454,3.8969382958448677,0.014975041597337771,N_PSWAP,1.694802197900234,0.9517470881863561,,,,,3.8969382958448677,0.1913477537437604,3.8969382958448677,4.87082172851442e-05
POOLED,MAIN,7278,32835.73619126134,y_ftm_given,C,B_COMPLETE,F10_prior_pf_pm,F,player_season,0.15880840381115302,0.00015715978241736807,0.8579292562784845,0.03552038114242939,0.0310396219369297,2.124208740194789,0.23793677204658903,0.00010986691887492452,0.00015252536148574496,0.3100655725825868,0.0033277870216306157,1.9767191485339994e-05,2.6804776162109505e-05,5.125675741558419,0.34941763727121466,0.0001846519426369252,0.00027887510879809633,-0.09858233794347443,0.34941763727121466,N_PSWAP,1.8283851687455928,0.0033277870216306157,,,,,-0.09858233794347443,1.0,-0.09858233794347443,0.5392650812825583
POOLED,MAIN,7278,32835.73619126134,y_ftm_given,C,B_SINGLE,M01_opp_pf_pg,M,opp_team_season,0.1402614109709085,0.0034942543579031876,0.07482230854983594,1.6784900049876585,1.6781985653565026,2.124208740194789,0.0016638935108153079,0.0001278749773910416,0.00019923681573399735,16.89637212936903,,,,,,,,,0.0016638935108153079,N_ENTITY,1.7983735268026422,,0.0016638935108153079,0.00026296465005404393,0.00035830221498047696,9.018335842621594,9.018335842621594,0.0016638935108153079,9.018335842621594,9.54840491500316e-20
POOLED,MAIN,7278,32835.73619126134,y_ftm_given,C,B_COMPLETE,M01_opp_pf_pg,M,opp_team_season,0.15880840381115302,0.002935294131692409,0.07248699986743408,1.6784900049876585,1.5876796537590039,2.124208740194789,0.0016638935108153079,0.00012402144922001756,0.00019061626339020378,14.748335910443984,,,,,,,,,0.0016638935108153079,N_ENTITY,1.7549699649074975,,0.0016638935108153079,0.00024476202180433344,0.0003345258170727042,8.042823520862452,8.042823520862452,0.0066555740432612314,8.042823520862452,4.389585703902791e-16
POOLED,MAIN,7278,32835.73619126134,y_ftm_given,C,B_COMPLETE_PLUS_M02,M01_opp_pf_pg,M,opp_team_season,0.16174295762010682,0.00023444251247288416,0.0391625411014387,1.6784900049876585,0.830509321460664,2.124208740194789,0.17470881863560733,0.0001231047125007303,0.00018976968333820216,0.5866996140459948,,,,,,,,,0.18801996672212978,N_ENTITY,0.8949328184390212,,0.18801996672212978,0.00013150557144734744,0.00016983111756413782,0.6061135468101828,0.6061135468101828,0.956738768718802,0.6061135468101828,0.27221965515562596
POOLED,MAIN,7278,32835.73619126134,y_ftm_given,C,B_SINGLE,M02_opp_allowed_fta_pg,M,opp_team_season,0.1402614109709085,0.0032703307135870377,0.047402263991103165,2.5633015199339377,2.562677426323366,2.124208740194789,0.0016638935108153079,0.0001238780110364351,0.00017221994946465386,18.26996647212683,,,,,,,,,0.0016638935108153079,N_ENTITY,2.133415468132827,,0.0016638935108153079,0.00025798853630721837,0.0003674167041089463,8.198707744073063,8.198707744073063,0.004991680532445923,8.198707744073063,1.2149242418727384e-16
POOLED,MAIN,7278,32835.73619126134,y_ftm_given,C,B_COMPLETE,M02_opp_allowed_fta_pg,M,opp_team_season,0.15880840381115302,0.002934553808953795,0.045486875267537204,2.5633015199339377,2.529776338409959,2.124208740194789,0.0016638935108153079,0.0001212157976222906,0.00016640847105019082,16.906218737404103,,,,,,,,,0.0016638935108153079,N_ENTITY,2.1015991243464685,,0.0016638935108153079,0.00024301817040137347,0.00034972389704291567,7.6961730705583875,7.6961730705583875,0.009983361064891847,7.6961730705583875,7.010093575079749e-15
POOLED,MAIN,7278,32835.73619126134,y_ftm_given,C,B_SINGLE,M03_opp_allowed_ftm_pg,M,opp_team_season,0.1402614109709085,0.003299636176429797,0.05555172241253872,2.1974251757825782,2.196507500661996,2.124208740194789,0.0016638935108153079,0.0001231358960318043,0.0001732690291198131,18.332764352257595,,,,,,,,,0.0016638935108153079,N_ENTITY,2.213046174847131,,0.0016638935108153079,0.00026144049232743326,0.0003834523621130785,7.923267618850689,7.923267618850689,0.008319467554076539,7.923267618850689,1.1567444702884566e-15
POOLED,MAIN,7278,32835.73619126134,y_ftm_given,C,B_COMPLETE,M03_opp_allowed_ftm_pg,M,opp_team_season,0.15880840381115302,0.0030089932675181827,0.05386316875196226,2.1974251757825782,2.1632957657437157,2.124208740194789,0.0016638935108153079,0.00012036527641738813,0.000168150546241153,17.178820144646277,,,,,,,,,0.0016638935108153079,N_ENTITY,2.1574097090044635,,0.0016638935108153079,0.00024469599009781473,0.0003627696210350675,7.619980056580191,7.619980056580191,0.011647254575707155,7.619980056580191,1.268574460298936e-14
POOLED,MAIN,7278,32835.73619126134,y_ftm_given,C,B_COMPLETE_PLUS_M02,M03_opp_allowed_ftm_pg,M,opp_team_season,0.16174295762010682,9.68237135829046e-05,0.0367932257759141,2.1974251757825782,0.5680939886815672,2.124208740194789,0.3643926788685524,0.00011984963483864702,0.00016817807131167846,-0.1369139334049639,,,,,,,,,0.3777038269550749,N_ENTITY,1.154540917396627,,0.3777038269550749,0.0001373923976033419,0.00019416846473818063,-0.20893549359387814,-0.20893549359387814,1.0,-0.20893549359387814,0.5827506868155496
POOLED,MAIN,7278,32835.73619126134,y_ftm_given,C,B_SINGLE,M04_opp_allowed_ft_rate,M,opp_team_season,0.1402614109709085,0.0022397179490160537,2.486763322511219,0.04043241219442122,0.04042587263286313,2.124208740194789,0.0016638935108153079,0.00012557703281045296,0.00016509747508349943,12.80541035007565,,,,,,,,,0.0033277870216306157,N_ENTITY,2.2046747041072585,,0.0033277870216306157,0.00026079748473415625,0.00036398622702856956,5.436800398841934,5.436800398841934,0.056572379367720464,5.436800398841934,2.7122922373379438e-08
POOLED,MAIN,7278,32835.73619126134,y_ftm_given,C,B_COMPLETE,M04_opp_allowed_ft_rate,M,opp_team_season,0.15880840381115302,0.0019482434407221785,2.345182266647105,0.04043241219442122,0.0399799458216102,2.124208740194789,0.0016638935108153079,0.00012367563630900636,0.00016012714887944966,11.394493795594789,,,,,,,,,0.0033277870216306157,N_ENTITY,2.195860847100044,,0.0033277870216306157,0.00024771352449366973,0.0003516169367821432,4.836314006347575,4.836314006347575,0.09816971713810316,4.836314006347575,6.613446027555055e-07
POOLED,MAIN,7278,32835.73619126134,y_ftm_given,C,B_COMPLETE_PLUS_M02,M04_opp_allowed_ft_rate,M,opp_team_season,0.16174295762010682,0.0007501351170026225,-5.11414612626022,0.04043241219442122,0.011376110636015029,2.124208740194789,0.011647254575707155,0.0001232932770401702,0.00015981620575753182,3.9222670629127387,,,,,,,,,0.026622296173044926,N_ENTITY,1.2795407737883029,,0.026622296173044926,0.00014581091361641203,0.0002044913515789029,2.955255558340971,2.955255558340971,0.36605657237936773,2.955255558340971,0.0015620507946741728
POOLED,MAIN,7278,32835.73619126134,y_ftm_given,C,B_SINGLE,M05_opp_allowed_hurdle_rate,M,opp_team_season,0.1402614109709085,0.0015001278116038544,1.9293751825264056,0.042643368810507815,0.04264269409484794,2.124208740194789,0.0016638935108153079,0.000124133889704353,0.00018044637360659172,7.6255005539730965,,,,,,,,,0.0033277870216306157,N_ENTITY,1.5650191365412613,,0.0033277870216306157,0.00021634166203076958,0.00028240202781379,4.545952306049256,4.545952306049256,0.12146422628951747,4.545952306049256,2.734371100043419e-06
POOLED,MAIN,7278,32835.73619126134,y_ftm_given,C,B_COMPLETE,M05_opp_allowed_hurdle_rate,M,opp_team_season,0.15880840381115302,0.0011808400816465951,1.7516234275081664,0.042643368810507815,0.04167273356442843,2.124208740194789,0.004991680532445923,0.00012123257817613043,0.0001766690225122433,5.997698342373707,,,,,,,,,0.013311148086522463,N_ENTITY,1.5521063536558064,,0.013311148086522463,0.00020876487102050904,0.0002742091123354135,3.54501424969802,3.54501424969802,0.24126455906821964,3.54501424969802,0.00019629594751998245
POOLED,MAIN,7278,32835.73619126134,y_ftm_given,C,B_COMPLETE_PLUS_M02,M05_opp_allowed_hurdle_rate,M,opp_team_season,0.16174295762010682,3.0163969074633977e-06,0.11160558925928499,0.042643368810507815,0.03305639505178952,2.124208740194789,0.8735440931780366,0.00012101898248055314,0.00017525351765552977,-0.6733250616117742,,,,,,,,,0.9001663893510815,N_ENTITY,0.9990771582032842,,0.9001663893510815,0.00013240961883311068,0.00017509178638441578,-0.7390022376124668,-0.7390022376124668,1.0,-0.7390022376124668,0.7700471924447876
POOLED,MAIN,7278,32835.73619126134,y_ftm_given,C,B_SINGLE,M06_opp_pace,M,opp_team_season,0.1402614109709085,0.0017564479577332165,0.023154380553231796,3.8451631857211828,3.844870066443694,2.124208740194789,0.0016638935108153079,0.00011349749728985503,0.0001592972103265482,10.313742827482208,,,,,,,,,0.008319467554076539,N_ENTITY,2.321962217982635,,0.008319467554076539,0.0002898062020158438,0.0003698821038082782,3.9651600891660883,3.9651600891660883,0.17970049916805325,3.9651600891660883,3.667335512552426e-05
POOLED,MAIN,7278,32835.73619126134,y_ftm_given,C,B_COMPLETE,M06_opp_pace,M,opp_team_season,0.15880840381115302,0.0015339772901764312,0.0217499417047386,3.8451631857211828,3.8251507831747915,2.124208740194789,0.0016638935108153079,0.00011112814423147301,0.00015333024037963812,9.279638135452302,,,,,,,,,0.013311148086522463,N_ENTITY,2.2122973261580507,,0.013311148086522463,0.0002652246951995639,0.00033921208081104463,3.7402930695844407,3.7402930695844407,0.2096505823627288,3.7402930695844407,9.190291602867316e-05
POOLED,MAIN,7278,32835.73619126134,y_ftm_given,C,B_COMPLETE_PLUS_M02,M06_opp_pace,M,opp_team_season,0.16174295762010682,0.0007333348681001096,0.015480881534036706,3.8451631857211828,3.715802920156702,2.124208740194789,0.009983361064891847,0.00011035044190951397,0.0001515379596270345,4.1110783576859955,,,,,,,,,0.008319467554076539,N_ENTITY,1.0802734005119468,,0.008319467554076539,0.00012295643657773408,0.00016370242695293866,3.7285851094794564,3.7285851094794564,0.2096505823627288,3.7285851094794564,9.627894672458192e-05
POOLED,MAIN,7278,32835.73619126134,y_ftm_given,C,B_COMPLETE,X01_fd_x_oppfoul,X,opp_team_season,0.15880840381115302,0.00042577747832474555,0.5701071017945867,0.0775692544856123,0.07688331190478916,2.124208740194789,0.05823627287853577,0.00011403593577897395,0.00016588039917961824,1.8793151215425536,0.6089850249584027,0.0007070544496912716,0.0005908148753398494,-0.476083089825268,0.06655574043261231,0.00012649530454559712,0.00018747284570467518,1.5964027891836974,0.08485856905158069,N_PSWAP+N_ENTITY,1.244654254457401,0.6089850249584027,0.08485856905158069,0.00014613075503956699,0.00020646374457000382,1.3544592241489701,1.3544592241489701,0.8136439267886856,1.3544592241489701,0.08779496107754584
POOLED,MAIN,7278,32835.73619126134,y_ftm_given,C,B_MATCHUP,X01_fd_x_oppfoul,X,opp_team_season,0.17108395630172157,0.0005461183509587358,0.7064640963365065,0.0775692544856123,0.07026684941728457,2.124208740194789,0.021630615640599003,0.0001125989822379153,0.00016451956057125428,2.6350627683147803,0.11148086522462562,0.0002073145368085624,0.00027340253551856803,1.2392124071108463,0.03494176372712146,0.00011699588357264826,0.00016659095907770358,2.575904897611703,0.03494176372712146,N_PSWAP+N_ENTITY,1.0632346683258906,0.11148086522462562,0.03161397670549085,0.00012746685868138296,0.0001749229004170988,2.393348676926177,2.393348676926177,0.5257903494176372,2.393348676926177,0.00834768269917823
POOLED,MAIN,7278,32835.73619126134,y_ftm_given,C,B_COMPLETE,X02_ftr_x_oppftrate,X,opp_team_season,0.15880840381115302,0.0002381110017967714,1.9127127189766362,0.01715005489127184,0.017137093914130402,2.124208740194789,0.14143094841930118,0.00011172814967103675,0.00019302638730739016,0.6547439129370058,0.10316139767054909,7.616538195000869e-05,0.00012613151138727937,1.2839425934532587,0.16306156405990016,0.0001330155631058059,0.00020346053371432125,0.5165396785920648,0.22462562396006655,N_PSWAP+N_ENTITY,1.3935068549952427,0.10316139767054909,0.22462562396006655,0.0001714856035404182,0.0002689835939078149,0.24769316703823513,0.24769316703823513,0.9933444259567388,0.24769316703823513,0.4021859272541482
POOLED,MAIN,7278,32835.73619126134,y_ftm_given,C,B_MATCHUP2,X02_ftr_x_oppftrate,X,opp_team_season,0.16094581893803406,7.131857981254091e-05,1.0612538765491393,0.01715005489127184,0.01690360147035232,2.124208740194789,0.40266222961730447,0.00011124647792258292,0.00019422074207022444,-0.2055799894720064,0.2628951747088186,6.752085267793327e-05,0.00010740874762653614,0.03535770799425452,0.46089850249584025,0.00013468132272456647,0.0002079494686569487,-0.30470259588185905,0.46589018302828616,N_PSWAP+N_ENTITY,1.3330484101596238,0.2628951747088186,0.46589018302828616,0.0001636973263484352,0.00025890565143673504,-0.3568046739160019,-0.3568046739160019,1.0,-0.3568046739160019,0.6393809803573486
POOLED,MAIN,7278,32835.73619126134,y_ftm_given,C,B_SINGLE,G01_noise,G,row,0.1402614109709085,1.91240482563415e-05,0.009241396363083505,1.0052069828521897,1.005193124515512,2.124208740194789,0.6772046589018302,0.00011615354768255602,0.00014805941908062106,-0.6553416191196872,,,,,,,,,0.6772046589018302,N_ROW (candidate varies at ROW level),1.0,,,,,,,,,
POOLED,MAIN,7278,32835.73619126134,y_ftm_given,C,B_COMPLETE,G01_noise,G,row,0.15880840381115302,2.1480597817392002e-05,0.009797126939212763,1.0052069828521897,1.004897204856048,2.124208740194789,0.6722129783693843,0.00011228300341174567,0.00014454499950688693,-0.6281947207037579,,,,,,,,,0.6722129783693843,N_ROW (candidate varies at ROW level),1.0,,,,,,,,,
POOLED,MAIN,7278,32835.73619126134,y_ftm_given,C,B_SINGLE,G02_placebo_noop,G,row,0.1402614109709085,0.0,0.0,3.048956509573177,2.26930912738881e-14,2.124208740194789,1.0,0.00012461958001197976,0.00017505946360083457,-0.7118699980489696,,,,,,,,,1.0,N_ROW (candidate varies at ROW level),1.0,,,,,,,,,
POOLED,MAIN,7278,32835.73619126134,y_ftm_given,C,B_COMPLETE,G02_placebo_noop,G,row,0.15880840381115302,0.0,0.0,3.048956509573177,1.894858170722273e-12,2.124208740194789,1.0,0.00012065689062898838,0.00016618107351973652,-0.7260567528748004,,,,,,,,,1.0,N_ROW (candidate varies at ROW level),1.0,,,,,,,,,
POOLED,MAIN,7278,32835.73619126134,y_ftm_given,C,B_SINGLE,G03_placebo_perturbed,G,row,0.1402614109709085,0.00035174949852991103,-0.046188703432742825,1.2236533262214122,0.8625378533542957,2.124208740194789,0.08652246256239601,0.00011712215067931995,0.00015611618177991808,1.5029021666783566,,,,,,,,,0.08652246256239601,N_ROW (candidate varies at ROW level),1.0,,,,,,,,,
POOLED,MAIN,7278,32835.73619126134,y_ftm_given,C,B_COMPLETE,G03_placebo_perturbed,G,row,0.15880840381115302,0.0004456568106537837,-0.052018670283905034,1.2236533262214122,0.8620614388463969,2.124208740194789,0.04658901830282862,0.00011344743973907699,0.00015073625889352825,2.2039114765967556,,,,,,,,,0.04658901830282862,N_ROW (candidate varies at ROW level),1.0,,,,,,,,,
POOLED,F08_ONLY,7282,32879.00851414447,y_ftm_given,C,B_SINGLE,F08_prior_fta_given,F,player_season,0.14052739069217435,0.0004608870240164871,0.1003033414530078,1.3659138239523987,0.4548264159167324,2.125024007204831,0.04492512479201331,0.00010479560694566213,0.00015498151657015007,2.2976379696842457,1.0,0.027211901869009385,0.0027702048637560156,-9.656691891271253,0.09650582362728785,0.0001707853530324938,0.0002429314611542527,1.194170856280279,0.09650582362728785,N_PSWAP,1.5674866689299263,1.0,,,,,1.194170856280279,0.129783693843594,1.194170856280279,0.11620557831283791
POOLED,F08_ONLY,7282,32879.00851414447,y_ftm_given,C,B_COMPLETE,F08_prior_fta_given,F,player_season,0.15916826929122907,1.6308715067951205e-05,0.019337572900417228,1.3659138239523987,0.44378411151257185,2.125024007204831,0.6788685524126455,0.00010319759542124128,0.0001533608685392283,-0.5665648687368036,1.0,0.021774497395647508,0.0025284868349536986,-8.60522126506464,0.7687188019966722,0.00017423878838944824,0.0002441208608881072,-0.6469339520881187,0.7687188019966722,N_PSWAP,1.591806718450237,1.0,,,,,-0.6469339520881187,0.8935108153078203,-0.6469339520881187,0.7411626748944139
POOLED,MAIN,12942,81998.69417400709,y_fta,AB,B_SINGLE,F01_prior_ftr,F,player_season,0.28293761472121814,0.005996214716695671,-1.0369167982292558,0.20154013203515872,0.18798111763923026,2.517210586420765,0.0016638935108153079,5.247758002081677e-05,7.594039474756911e-05,78.26845194092327,0.0016638935108153079,2.7788968658000086e-05,3.8811180790868534e-05,153.7810915931194,0.0016638935108153079,8.749111959532027e-05,0.00012930245436317185,45.69691755815027,0.0016638935108153079,N_PSWAP,1.7026834636952013,0.0016638935108153079,,,,,45.69691755815027,0.0016638935108153079,45.69691755815027,0.0
POOLED,MAIN,12942,81998.69417400709,y_fta,AB,B_COMPLETE,F01_prior_ftr,F,player_season,0.3005735044867397,0.000581123792501097,-0.40063889713449424,0.20154013203515872,0.15146098130576374,2.517210586420765,0.0016638935108153079,5.097106348248567e-05,7.382271774934677e-05,7.181430664997461,1.0,0.0017168703429979448,0.0004073822153073153,-2.7879139241267055,0.009983361064891847,7.558476070556019e-05,0.00010732679655661995,4.710277843137162,0.009983361064891847,N_PSWAP,1.4538451011927103,1.0,,,,,4.710277843137162,0.11148086522462562,4.710277843137162,1.2368966141164655e-06
POOLED,MAIN,12942,81998.69417400709,y_fta,AB,B_SINGLE,F02_prior_fd_pm,F,player_season,0.28293761472121814,0.00027272658526620946,1.6048589468227688,0.04037699371102101,0.02590278252296203,2.517210586420765,0.026622296173044926,5.368500873330182e-05,7.771294554145522e-05,2.8185983043978435,1.0,0.007269294238921654,0.0007322774416008522,-9.554531187469127,0.064891846921797,7.811496703285726e-05,0.00010561519420113867,1.8426479230130886,0.064891846921797,N_PSWAP,1.3590424795415748,1.0,,,,,1.8426479230130886,0.6905158069883528,1.8426479230130886,0.032690213679292826
POOLED,MAIN,12942,81998.69417400709,y_fta,AB,B_COMPLETE,F02_prior_fd_pm,F,player_season,0.3005735044867397,0.001195229641024578,3.9817029230186365,0.04037699371102101,0.021856286404611402,2.517210586420765,0.0016638935108153079,5.1791156107103196e-05,7.420178649802668e-05,15.409851148905739,1.0,0.009725625503028473,0.0008821884149680705,-9.669584997114976,0.0016638935108153079,6.838205578258673e-05,9.176236905542598e-05,12.28006204331273,0.0016638935108153079,N_PSWAP,1.236659835108772,1.0,,,,,12.28006204331273,0.0016638935108153079,12.28006204331273,5.79546747264154e-35
POOLED,MAIN,12942,81998.69417400709,y_fta,AB,B_SINGLE,F03_prior_ft_pct,F,player_season,0.28293761472121814,0.00011578311903207395,0.18383115259885266,0.14962977116531026,0.14734081293953727,2.517210586420765,0.15307820299500832,5.458702970383353e-05,7.24954629112174e-05,0.8441368172679314,0.324459234608985,9.847074199553486e-05,7.375702143559567e-05,0.2347217485138847,0.23793677204658903,7.579292188168518e-05,9.995107697095899e-05,0.40009771142343986,0.23793677204658903,N_PSWAP,1.378721825576388,0.324459234608985,,,,,0.40009771142343986,0.9833610648918469,0.40009771142343986,0.34454226703563867
POOLED,MAIN,12942,81998.69417400709,y_fta,AB,B_COMPLETE,F03_prior_ft_pct,F,player_season,0.3005735044867397,2.851341380573854e-06,0.029125556786178862,0.14962977116531026,0.14593851460361493,2.517210586420765,0.8119800332778702,5.312647495560204e-05,7.042890853038939e-05,-0.7138422932301295,0.6805324459234608,1.714974525754289e-05,2.421249314858724e-05,-0.5905382725034792,0.8286189683860233,6.335112283764661e-05,9.144969034876494e-05,-0.6615635463208523,0.8286189683860233,N_PSWAP,1.2984680901210515,0.6805324459234608,,,,,-0.6615635463208523,1.0,-0.6615635463208523,0.7458745309001807
POOLED,MAIN,12942,81998.69417400709,y_fta,AB,B_SINGLE,F04_prior_paint_share,F,player_season,0.28293761472121814,0.0013958056494052034,0.46939031117995,0.20102282296334825,0.20035394790669656,2.517210586420765,0.0016638935108153079,5.8807878654977554e-05,7.556121739574858e-05,17.694232793362215,0.0016638935108153079,0.00029542934862766005,7.72981662204305e-05,14.23547743215033,0.0016638935108153079,8.784733828097607e-05,0.00012410915581003844,10.538773731780026,0.0016638935108153079,N_PSWAP,1.6424980974038859,0.0016638935108153079,,,,,10.538773731780026,0.0016638935108153079,10.538773731780026,2.862019184370529e-26
POOLED,MAIN,12942,81998.69417400709,y_fta,AB,B_COMPLETE,F04_prior_paint_share,F,player_season,0.3005735044867397,0.0026678582764204256,0.6558043501691161,0.20102282296334825,0.1982561343300134,2.517210586420765,0.0016638935108153079,5.850046863992477e-05,7.630432605140424e-05,34.19672176938755,0.0016638935108153079,0.0012710889629463673,0.00015588135984104012,8.960464002228441,0.0016638935108153079,8.000132170013162e-05,0.00011524362962659172,22.455531495366603,0.0016638935108153079,N_PSWAP,1.5103158050168097,0.0016638935108153079,,,,,22.455531495366603,0.0016638935108153079,22.455531495366603,5.649878744036155e-112
POOLED,MAIN,12942,81998.69417400709,y_fta,AB,B_SINGLE,F05_prior_fga_pm,F,player_season,0.28293761472121814,0.011126204239991895,3.45026663757026,0.09769722534419073,0.07695563120967393,2.517210586420765,0.0016638935108153079,5.7038505207411955e-05,8.503151590846007e-05,130.17721272546638,0.019966722129783693,0.010079391661762471,0.0005464246794495024,1.9157490823511834,0.0016638935108153079,7.730082138908347e-05,0.00011383895451594085,97.05731632536765,0.0016638935108153079,N_PSWAP,1.3387854291400987,0.019966722129783693,,,,,97.05731632536765,0.0016638935108153079,97.05731632536765,0.0
POOLED,MAIN,12942,81998.69417400709,y_fta,AB,B_COMPLETE,F05_prior_fga_pm,F,player_season,0.3005735044867397,0.0018871285017521863,3.265856969267696,0.09769722534419073,0.03348290463934073,2.517210586420765,0.0016638935108153079,5.498808794351527e-05,8.128379919499713e-05,22.54004404264406,0.259567387687188,0.0016354003595838522,0.00035193379279281113,0.7152713019420966,0.0016638935108153079,7.30782752939649e-05,0.00010278801057400895,17.648461297459175,0.0016638935108153079,N_PSWAP,1.2645571638134672,0.259567387687188,,,,,17.648461297459175,0.0016638935108153079,17.648461297459175,5.228325719965361e-70
POOLED,MAIN,12942,81998.69417400709,y_fta,AB,B_SINGLE,F06_prior_fg3a_share,F,player_season,0.28293761472121814,0.0006950934776294125,-0.3248419974669636,0.21061533785705835,0.20430029037843517,2.517210586420765,0.0016638935108153079,5.536451120584452e-05,7.884977113968863e-05,8.113263452473912,0.1713810316139767,0.0006275781715617407,7.020634508231624e-05,0.96166957542813,0.004991680532445923,9.200718165231828e-05,0.0001248193302768651,4.831673865252861,0.004991680532445923,N_PSWAP,1.583001808029826,0.1713810316139767,,,,,4.831673865252861,0.10149750415973377,4.831673865252861,6.769495532989847e-07
POOLED,MAIN,12942,81998.69417400709,y_fta,AB,B_COMPLETE,F06_prior_fg3a_share,F,player_season,0.3005735044867397,0.0018743722114771787,-0.5485353948905634,0.21061533785705835,0.19867481252572586,2.517210586420765,0.0016638935108153079,5.592060126649125e-05,7.846626708281789e-05,23.174947373135353,0.33111480865224624,0.0018258544567651628,0.00011574320677375833,0.4191844693473271,0.0016638935108153079,7.899000324367741e-05,0.00011598763431075752,15.47908291174609,0.0016638935108153079,N_PSWAP,1.478184685252548,0.33111480865224624,,,,,15.47908291174609,0.0016638935108153079,15.47908291174609,2.4013525361795972e-54
POOLED,MAIN,12942,81998.69417400709,y_fta,AB,B_SINGLE,F07_prior_hurdle_rate,F,player_season,0.28293761472121814,0.002182550824844946,0.8388608878785134,0.27610479399117016,0.14018830562876852,2.517210586420765,0.0016638935108153079,5.947467847653574e-05,9.298675059577516e-05,22.832028571443296,1.0,0.012222871135467613,0.0009004785433821289,-11.14998284457949,0.0016638935108153079,8.757767795373863e-05,0.0001286698282121928,16.281774647560205,0.0016638935108153079,N_PSWAP,1.3837436773281429,1.0,,,,,16.281774647560205,0.0016638935108153079,16.281774647560205,6.647830909295234e-60
POOLED,MAIN,12942,81998.69417400709,y_fta,AB,B_COMPLETE,F07_prior_hurdle_rate,F,player_season,0.3005735044867397,0.00015772782386155754,0.24630876022104597,0.27610479399117016,0.12834940125971314,2.517210586420765,0.10149750415973377,5.668774719790595e-05,8.755529765486546e-05,1.1540144271103026,1.0,0.007518522187512932,0.0007216320425149956,-10.20020443936761,0.13810316139767054,7.374095247994669e-05,0.0001109939665521821,0.7566796105275301,0.13810316139767054,N_PSWAP,1.2677013216231598,1.0,,,,,0.7566796105275301,0.9600665557404326,0.7566796105275301,0.22462090662412362
POOLED,MAIN,12942,81998.69417400709,y_fta,AB,B_SINGLE,F09_prior_starter_rate,F,player_season,0.28293761472121814,0.004116039767029821,0.46803543140089926,0.43651026079833527,0.3450488617774818,2.517210586420765,0.0016638935108153079,5.1704477072630016e-05,7.758174868057533e-05,52.38777623705208,0.8086522462562395,0.004372628823668971,0.0002915821144674859,-0.8799890113553648,0.0016638935108153079,8.174128280831731e-05,0.0001075142407273065,37.52338719903987,0.0016638935108153079,N_PSWAP,1.385818733861893,0.8086522462562395,,,,,37.52338719903987,0.0016638935108153079,37.52338719903987,1.914206552016892e-308
POOLED,MAIN,12942,81998.69417400709,y_fta,AB,B_COMPLETE,F09_prior_starter_rate,F,player_season,0.3005735044867397,0.00029915535457508273,0.20750437174846267,0.43651026079833527,0.209817007640909,2.517210586420765,0.018302828618968387,5.07590572317145e-05,7.731547464754833e-05,3.2127630138172463,1.0,0.0007538838830273277,0.00016879549935603906,-2.693961214529124,0.03993344425956739,7.226986539513426e-05,9.981858964501544e-05,2.272978309820051,0.03993344425956739,N_PSWAP,1.2910557698837162,1.0,,,,,2.272978309820051,0.5607321131447587,2.272978309820051,0.011513742541407985
POOLED,MAIN,12942,81998.69417400709,y_fta,AB,B_SINGLE,F10_prior_pf_pm,F,player_season,0.28293761472121814,1.707133267999339e-05,-0.2806194269283106,0.03793472244407587,0.03706256983815489,2.517210586420765,0.6023294509151415,5.861323360538235e-05,7.987002804362763e-05,-0.5201187722470487,0.6222961730449251,3.428637469170407e-05,3.320897154188172e-05,-0.5183852800138606,0.6605657237936772,8.438493098494281e-05,0.00011430559645422099,-0.5888915363116827,0.6605657237936772,N_PSWAP,1.431145064726702,0.6222961730449251,,,,,-0.5888915363116827,1.0,-0.5888915363116827,0.7220330056085664
POOLED,MAIN,12942,81998.69417400709,y_fta,AB,B_COMPLETE,F10_prior_pf_pm,F,player_season,0.3005735044867397,0.0004460520763279626,1.616399976379032,0.03793472244407587,0.03288997147191708,2.517210586420765,0.0033277870216306157,5.634827829724659e-05,7.585378305632548e-05,5.1375657525392,0.1264559068219634,0.00031156473121044773,0.00011160512578969802,1.2050283906398238,0.009983361064891847,7.519160402261433e-05,0.00010333594914780042,3.588881462489981,0.009983361064891847,N_PSWAP,1.3623044887697686,0.1264559068219634,,,,,3.588881462489981,0.259567387687188,3.588881462489981,0.00016604990972718598
POOLED,MAIN,12942,81998.69417400709,y_fta,AB,B_SINGLE,M01_opp_pf_pg,M,opp_team_season,0.28293761472121814,0.0025715076214562157,0.07702981735099505,1.6573404854663532,1.6571224056925193,2.517210586420765,0.0016638935108153079,5.676465150706282e-05,8.396394068397105e-05,29.950273289510154,,,,,,,,,0.0016638935108153079,N_ENTITY,3.151980263665931,,0.0016638935108153079,0.00020122757740482526,0.00026465268389549366,8.95619122074488,8.95619122074488,0.0066555740432612314,8.95619122074488,1.6804345000534913e-19
POOLED,MAIN,12942,81998.69417400709,y_fta,AB,B_COMPLETE,M01_opp_pf_pg,M,opp_team_season,0.3005735044867397,0.002525043763491004,0.08079582268485598,1.6573404854663532,1.5655433470763853,2.517210586420765,0.0016638935108153079,5.5598059670290144e-05,8.0368505259949e-05,30.726535174859627,,,,,,,,,0.0016638935108153079,N_ENTITY,3.137344350274359,,0.0016638935108153079,0.00019243258954065366,0.0002521436759172961,9.251119090987848,9.251119090987848,0.004991680532445923,9.251119090987848,1.1107718961854042e-20
POOLED,MAIN,12942,81998.69417400709,y_fta,AB,B_COMPLETE_PLUS_M02,M01_opp_pf_pg,M,opp_team_season,0.3031009554232196,0.0001978701446315425,0.04345993160590347,1.6573404854663532,0.81474301650713,2.517210586420765,0.06988352745424292,5.5843632195768704e-05,8.047134165659361e-05,1.7649328259228358,,,,,,,,,0.1314475873544093,N_ENTITY,1.3391148004574491,,0.1314475873544093,8.264845864235413e-05,0.00010776036462501257,1.069239941699714,1.069239941699714,0.8901830282861897,1.069239941699714,0.14248079132997574
POOLED,MAIN,12942,81998.69417400709,y_fta,AB,B_SINGLE,M02_opp_allowed_fta_pg,M,opp_team_season,0.28293761472121814,0.0025783846465051675,0.050623888944121724,2.524898408179547,2.5248634645104815,2.517210586420765,0.0016638935108153079,6.038413300976949e-05,7.792758272817356e-05,32.31205723753384,,,,,,,,,0.0016638935108153079,N_ENTITY,3.6385105197616054,,0.0016638935108153079,0.00020725227995771218,0.0002835403295360523,8.362592970203785,8.362592970203785,0.009983361064891847,8.362592970203785,3.0677299036531906e-17
POOLED,MAIN,12942,81998.69417400709,y_fta,AB,B_COMPLETE,M02_opp_allowed_fta_pg,M,opp_team_season,0.3005735044867397,0.002527450936480086,0.05081683772717303,2.524898408179547,2.4903092429497518,2.517210586420765,0.0016638935108153079,5.978883350836119e-05,7.696645033824981e-05,32.06152930435168,,,,,,,,,0.0016638935108153079,N_ENTITY,3.5491986358901566,,0.0016638935108153079,0.00019911212917015045,0.0002731692205498237,8.523430284801309,8.523430284801309,0.008319467554076539,8.523430284801309,7.744801176114923e-18
POOLED,MAIN,12942,81998.69417400709,y_fta,AB,B_SINGLE,M03_opp_allowed_ftm_pg,M,opp_team_season,0.28293761472121814,0.0027148046834496275,0.060520149321064094,2.167206308431908,2.167149407912704,2.517210586420765,0.0016638935108153079,5.878647540990753e-05,7.65600324115544e-05,34.69196817684308,,,,,,,,,0.0016638935108153079,N_ENTITY,3.469176598476187,,0.0016638935108153079,0.00019900530460303378,0.0002656002728207429,9.47212648589612,9.47212648589612,0.004991680532445923,9.47212648589612,1.3710186394465823e-21
POOLED,MAIN,12942,81998.69417400709,y_fta,AB,B_COMPLETE,M03_opp_allowed_ftm_pg,M,opp_team_season,0.3005735044867397,0.002643751326268728,0.06069078482051413,2.167206308431908,2.1325886685224256,2.517210586420765,0.0016638935108153079,5.8426948920346914e-05,7.603639666346389e-05,34.001142752608246,,,,,,,,,0.0016638935108153079,N_ENTITY,3.364320691361732,,0.0016638935108153079,0.00019025845771821433,0.0002558108225914797,9.59104405238026,9.59104405238026,0.0033277870216306157,9.59104405238026,4.359906098006458e-22
POOLED,MAIN,12942,81998.69417400709,y_fta,AB,B_COMPLETE_PLUS_M02,M03_opp_allowed_ftm_pg,M,opp_team_season,0.3031009554232196,0.00012094094441075829,0.05102471871156212,2.167206308431908,0.5425323110722418,2.517210586420765,0.15474209650582363,5.8694036640712516e-05,7.645448297056156e-05,0.8141694947307885,,,,,,,,,0.22462562396006655,N_ENTITY,1.4795246195133802,,0.22462562396006655,8.24244748240312e-05,0.0001131162898271123,0.3405032966126799,0.3405032966126799,0.9950083194675541,0.3405032966126799,0.36673877491350615
POOLED,MAIN,12942,81998.69417400709,y_fta,AB,B_SINGLE,M04_opp_allowed_ft_rate,M,opp_team_season,0.28293761472121814,0.002132100462275426,2.917476481134383,0.03983972712710852,0.039839696197240336,2.517210586420765,0.0016638935108153079,6.235071642110735e-05,8.219398249984098e-05,25.18128070821149,,,,,,,,,0.0033277870216306157,N_ENTITY,3.3852545112495354,,0.0033277870216306157,0.00020942319370451874,0.00027824755005515206,6.909952192534342,6.909952192534342,0.028286189683860232,6.909952192534342,2.424085058930905e-12
POOLED,MAIN,12942,81998.69417400709,y_fta,AB,B_COMPLETE,M04_opp_allowed_ft_rate,M,opp_team_season,0.3005735044867397,0.002022269444878705,2.875274114247373,0.03983972712710852,0.039369491469217005,2.517210586420765,0.0016638935108153079,6.12258744618015e-05,8.075663014941965e-05,24.283375455222565,,,,,,,,,0.0033277870216306157,N_ENTITY,3.3060218919441873,,0.0033277870216306157,0.00020056246722558545,0.0002669831871936213,6.823302234129009,6.823302234129009,0.028286189683860232,6.823302234129009,4.4485593282925934e-12
POOLED,MAIN,12942,81998.69417400709,y_fta,AB,B_COMPLETE_PLUS_M02,M04_opp_allowed_ft_rate,M,opp_team_season,0.3031009554232196,0.00013387822165483474,-2.623118209320683,0.03983972712710852,0.011103417108228004,2.517210586420765,0.13477537437603992,6.144354911689143e-05,8.105543548494635e-05,0.8936436169218522,,,,,,,,,0.23793677204658903,N_ENTITY,1.4941063929856764,,0.23793677204658903,9.097662840765246e-05,0.0001211054443442964,0.3542499140271127,0.3542499140271127,0.9950083194675541,0.3542499140271127,0.3615758015688672
POOLED,MAIN,12942,81998.69417400709,y_fta,AB,B_SINGLE,M05_opp_allowed_hurdle_rate,M,opp_team_season,0.28293761472121814,0.0007300830334745301,1.6596046030112153,0.04098302395188265,0.04098274528170673,2.517210586420765,0.0016638935108153079,5.914287636490848e-05,8.534791387160389e-05,7.861236750542888,,,,,,,,,0.03826955074875208,N_ENTITY,2.577653347129221,,0.03826955074875208,0.00016343824552700093,0.00021999733586163623,2.575689317910246,2.575689317910246,0.47254575707154745,2.575689317910246,0.005002024301801123
POOLED,MAIN,12942,81998.69417400709,y_fta,AB,B_COMPLETE,M05_opp_allowed_hurdle_rate,M,opp_team_season,0.3005735044867397,0.00055572732942446,1.4894273155571434,0.04098302395188265,0.039841080917913455,2.517210586420765,0.004991680532445923,5.818969099086718e-05,8.516458093263336e-05,5.842072290911096,,,,,,,,,0.07154742096505824,N_ENTITY,2.605191538791614,,0.07154742096505824,0.00016369346640419624,0.00022187004565043007,1.7669526405467881,1.7669526405467881,0.7088186356073212,1.7669526405467881,0.03861807777249909
POOLED,MAIN,12942,81998.69417400709,y_fta,AB,B_COMPLETE_PLUS_M02,M05_opp_allowed_hurdle_rate,M,opp_team_season,0.3031009554232196,8.463476746160978e-05,-0.7359918227849928,0.04098302395188265,0.03146450929219067,2.517210586420765,0.23960066555740434,5.8051300119225774e-05,8.505125054944746e-05,0.3125582183759755,,,,,,,,,0.32945091514143093,N_ENTITY,1.4062079315286848,,0.32945091514143093,8.702837947677678e-05,0.00011959974310906643,-0.020013521375076802,-0.020013521375076802,0.9983361064891847,-0.020013521375076802,0.5079837289208186
POOLED,MAIN,12942,81998.69417400709,y_fta,AB,B_SINGLE,M06_opp_pace,M,opp_team_season,0.28293761472121814,0.0009983151732211755,0.02119362537974351,3.752901831320687,3.7527370250896577,2.517210586420765,0.0016638935108153079,5.616995042812976e-05,8.129005810445406e-05,11.589919416497791,,,,,,,,,0.004991680532445923,N_ENTITY,2.276324296581175,,0.004991680532445923,0.0001499424305371773,0.0001850425343336642,4.5847445061157295,4.5847445061157295,0.11980033277870217,4.5847445061157295,2.2727095783601403e-06
POOLED,MAIN,12942,81998.69417400709,y_fta,AB,B_COMPLETE,M06_opp_pace,M,opp_team_season,0.3005735044867397,0.0009609240642772522,0.020891771768054256,3.752901831320687,3.7349845662274537,2.517210586420765,0.0016638935108153079,5.4236467223767204e-05,7.778773097053229e-05,11.655920358404055,,,,,,,,,0.0033277870216306157,N_ENTITY,2.2316199166240174,,0.0033277870216306157,0.00013694514668801134,0.00017359264970283076,4.74662331037513,4.74662331037513,0.10815307820299501,4.74662331037513,1.0342032399638369e-06
POOLED,MAIN,12942,81998.69417400709,y_fta,AB,B_COMPLETE_PLUS_M02,M06_opp_pace,M,opp_team_season,0.3031009554232196,0.0003692840929098892,0.013362243175260285,3.752901831320687,3.62009926087654,2.517210586420765,0.008319467554076539,5.421270998944789e-05,7.779893135084874e-05,4.049816333589061,,,,,,,,,0.004991680532445923,N_ENTITY,0.9115442128923757,,0.004991680532445923,5.709357709441854e-05,7.091716564207739e-05,4.402185465097581,4.402185465097581,0.13311148086522462,4.402185465097581,5.3582945714788835e-06
POOLED,MAIN,12942,81998.69417400709,y_fta,AB,B_COMPLETE,X01_fd_x_oppfoul,X,opp_team_season,0.3005735044867397,0.0002355515352208878,0.5712268449682338,0.0693367457657321,0.06763226156060137,2.517210586420765,0.04326123128119801,5.6195688271964934e-05,8.774741048917894e-05,2.0440015944520793,0.7304492512479202,0.0004823752624027783,0.00034639181680886575,-0.712556461222883,0.03993344425956739,5.5236083329709755e-05,7.832786940731719e-05,2.3020599596997773,0.04159733777038269,N_PSWAP+N_ENTITY,0.958803077420644,0.7304492512479202,0.04159733777038269,5.933496828442066e-05,8.413248721271726e-05,2.0945127473876783,2.0945127473876783,0.6156405990016639,2.0945127473876783,0.01810716266308485
POOLED,MAIN,12942,81998.69417400709,y_fta,AB,B_MATCHUP,X01_fd_x_oppfoul,X,opp_team_season,0.30427118055920677,0.00024116791531301595,0.5859185552213645,0.0693367457657321,0.06671785305369052,2.517210586420765,0.03826955074875208,5.580416215364383e-05,8.702111756435248e-05,2.1301008117057894,0.5524126455906821,0.00034122542770890894,0.000287315113562827,-0.34825008387180956,0.03494176372712146,5.447954635478153e-05,7.639679954561567e-05,2.4436674058154084,0.03494176372712146,N_PSWAP+N_ENTITY,0.916390039431872,0.5524126455906821,0.03494176372712146,5.6748770952476046e-05,7.974528535620254e-05,2.3126024759556008,2.3126024759556008,0.5574043261231281,2.3126024759556008,0.010372251788680729
POOLED,MAIN,12942,81998.69417400709,y_fta,AB,B_COMPLETE,X02_ftr_x_oppftrate,X,opp_team_season,0.3005735044867397,5.581180094959654e-07,-0.13908778337552302,0.013528250916214825,0.013520525824469087,2.517210586420765,0.9201331114808652,5.419181782744716e-05,7.999626729371238e-05,-0.6704525302540804,0.9034941763727121,4.63185094734664e-05,5.8631670624891124e-05,-0.7804722426678322,0.9217970049916805,6.566175599321801e-05,0.00010775845482407498,-0.6041626904358399,0.9351081530782029,N_PSWAP+N_ENTITY,1.34704353677443,0.9034941763727121,0.9351081530782029,5.1345721711971385e-05,6.640369107846815e-05,-0.7648310339023254,-0.7648310339023254,1.0,-0.7648310339023254,0.777813926421431
POOLED,MAIN,12942,81998.69417400709,y_fta,AB,B_MATCHUP2,X02_ftr_x_oppftrate,X,opp_team_season,0.303178027498917,9.901520646778951e-07,0.18924804898934955,0.013528250916214825,0.013235461446625326,2.517210586420765,0.8901830282861897,5.370149272443642e-05,7.941894377265854e-05,-0.6637124363004359,0.8985024958402662,4.478276558143184e-05,5.782331928746698e-05,-0.7573521211924936,0.9018302828618968,6.609709573062617e-05,0.0001098423295567288,-0.5927309073714006,0.913477537437604,N_PSWAP+N_ENTITY,1.3830746713423816,0.8985024958402662,0.913477537437604,5.026879944090678e-05,6.490510624920381e-05,-0.7592414560885705,-0.7592414560885705,1.0,-0.7592414560885705,0.7761459440742198
POOLED,MAIN,12942,81998.69417400709,y_fta,AB,B_SINGLE,G01_noise,G,row,0.28293761472121814,2.924616970350412e-05,0.013633904990751868,0.9984716882294995,0.9984671573347903,2.517210586420765,0.47088186356073214,5.9193638669051605e-05,8.351502878095092e-05,-0.3585877823750239,,,,,,,,,0.47088186356073214,N_ROW (candidate varies at ROW level),1.0,,,,,,,,,
POOLED,MAIN,12942,81998.69417400709,y_fta,AB,B_COMPLETE,G01_noise,G,row,0.3005735044867397,4.014758627442536e-05,0.015977357124482037,0.9984716882294995,0.9982615114567485,2.517210586420765,0.389351081530782,5.69505142165725e-05,8.070891104664424e-05,-0.20819173154791043,,,,,,,,,0.389351081530782,N_ROW (candidate varies at ROW level),1.0,,,,,,,,,
POOLED,MAIN,12942,81998.69417400709,y_fta,AB,B_SINGLE,G02_placebo_noop,G,row,0.28293761472121814,0.0,0.0,4.048638560050618,4.0267811971201204e-14,2.517210586420765,1.0,5.644612869159511e-05,8.742792700712345e-05,-0.6456304138035435,,,,,,,,,1.0,N_ROW (candidate varies at ROW level),1.0,,,,,,,,,
POOLED,MAIN,12942,81998.69417400709,y_fta,AB,B_COMPLETE,G02_placebo_noop,G,row,0.3005735044867397,0.0,0.0,4.048638560050618,1.2353509048118907e-12,2.517210586420765,1.0,5.416030710830791e-05,8.333092992648727e-05,-0.6499424302127308,,,,,,,,,1.0,N_ROW (candidate varies at ROW level),1.0,,,,,,,,,
POOLED,MAIN,12942,81998.69417400709,y_fta,AB,B_SINGLE,G03_placebo_perturbed,G,row,0.28293761472121814,0.00015274381458759825,-0.026678547123001273,1.6225921581305387,1.1661091173202132,2.517210586420765,0.11148086522462562,6.144567075162005e-05,8.759147388907332e-05,1.04231770265219,,,,,,,,,0.11148086522462562,N_ROW (candidate varies at ROW level),1.0,,,,,,,,,
POOLED,MAIN,12942,81998.69417400709,y_fta,AB,B_COMPLETE,G03_placebo_perturbed,G,row,0.3005735044867397,0.00020618150458151586,-0.03101153176664238,1.6225921581305387,1.1655239006241098,2.517210586420765,0.07154742096505824,6.048480532982557e-05,8.672220161712939e-05,1.6800392118148468,,,,,,,,,0.07154742096505824,N_ROW (candidate varies at ROW level),1.0,,,,,,,,,
POOLED,F08_ONLY,12948,82107.55043249922,y_fta,AB,B_SINGLE,F08_prior_fta_given,F,player_season,0.2832769254669393,0.001763247879438468,-0.20949593642305425,1.271366316240454,0.5047636307598685,2.5182971493377524,0.0016638935108153079,5.228779936863599e-05,7.546550917208162e-05,22.67208025017606,1.0,0.008196230637354456,0.0012052520038653037,-5.337458670290602,0.0016638935108153079,7.31914985364913e-05,0.00010151552354702293,16.648255575602946,0.0016638935108153079,N_PSWAP,1.3451909973275378,1.0,,,,,16.648255575602946,0.0016638935108153079,16.648255575602946,1.5577601736201498e-62
POOLED,F08_ONLY,12948,82107.55043249922,y_fta,AB,B_COMPLETE,F08_prior_fta_given,F,player_season,0.30090242326291516,0.0006739300064539313,-0.13615749600422394,1.271366316240454,0.4801454466760069,2.5182971493377524,0.0016638935108153079,5.047897572946475e-05,7.426834566829606e-05,8.394572749862768,1.0,0.008750438546640203,0.0012234344156479417,-6.601505104716939,0.0016638935108153079,6.582432500405408e-05,8.692493373760068e-05,6.995756629341347,0.0016638935108153079,N_PSWAP,1.1704169919959253,1.0,,,,,6.995756629341347,0.0016638935108153079,6.995756629341347,1.3191557227506111e-12
POOLED,MAIN,12942,58788.285272755376,y_ftm,ABC,B_SINGLE,F01_prior_ftr,F,player_season,0.2715552254433815,0.004381112390442608,-0.7386349293178165,0.20154013203515872,0.19099580735497715,2.1313829036311858,0.0016638935108153079,5.854701023492203e-05,7.84834788081886e-05,55.07611851370546,0.0016638935108153079,1.863654415211853e-05,2.5330190108007183e-05,172.22436261587544,0.0016638935108153079,8.098535093962672e-05,0.00011696399741971493,36.764535535429395,0.0016638935108153079,N_PSWAP,1.4903008785526906,0.0016638935108153079,,,,,36.764535535429395,0.0016638935108153079,36.764535535429395,3.4056648299895504e-296
POOLED,MAIN,12942,58788.285272755376,y_ftm,ABC,B_COMPLETE,F01_prior_ftr,F,player_season,0.2892856757698936,0.00024191828983372493,-0.2047928978916353,0.20154013203515872,0.16187543119049072,2.1313829036311858,0.04326123128119801,5.629026922340475e-05,7.568770514322042e-05,2.4525518412675433,1.0,0.0014990544726531231,0.000341831205738008,-3.677651898706151,0.06156405990016639,7.084546252359903e-05,0.0001122273249903609,1.5243420203129603,0.06156405990016639,N_PSWAP,1.4827682353163993,1.0,,,,,1.5243420203129603,0.8103161397670549,1.5243420203129603,0.06371164796577494
POOLED,MAIN,12942,58788.285272755376,y_ftm,ABC,B_SINGLE,F02_prior_fd_pm,F,player_season,0.2715552254433815,0.0004285378948750194,1.6262382829005564,0.04037699371102101,0.0271313818255702,2.1313829036311858,0.008319467554076539,5.578925961576251e-05,8.431442540065363e-05,4.4209354862823655,1.0,0.006701524869002986,0.0006346760482925233,-9.883761945963236,0.018302828618968387,7.849473408091156e-05,0.00010586956919810065,3.3063623801010777,0.018302828618968387,N_PSWAP,1.255651908852123,1.0,,,,,3.3063623801010777,0.3178036605657238,3.3063623801010777,0.0004725788623009089
POOLED,MAIN,12942,58788.285272755376,y_ftm,ABC,B_COMPLETE,F02_prior_fd_pm,F,player_season,0.2892856757698936,0.001206907450153651,3.1524030923096555,0.04037699371102101,0.023488577553510744,2.1313829036311858,0.0016638935108153079,5.468748444997229e-05,8.25875788091056e-05,13.95149225002637,1.0,0.008272731553174515,0.0007394275572232319,-9.55580304520312,0.0016638935108153079,7.067811201397063e-05,9.420827190597555e-05,12.060823483458998,0.0016638935108153079,N_PSWAP,1.1407075163655085,1.0,,,,,12.060823483458998,0.0016638935108153079,12.060823483458998,8.50369221209402e-34
POOLED,MAIN,12942,58788.285272755376,y_ftm,ABC,B_SINGLE,F03_prior_ft_pct,F,player_season,0.2715552254433815,0.000972317387827375,-0.46615888890735935,0.14962977116531026,0.1425711110507854,2.1313829036311858,0.0016638935108153079,5.453464291164676e-05,8.556148013396136e-05,10.726587986542308,0.0016638935108153079,1.96216405294413e-05,2.6048155158547908e-05,36.57440388768949,0.0016638935108153079,7.350634506277014e-05,0.00010386349949317446,8.65377199064693,0.0016638935108153079,N_PSWAP,1.213904894241639,0.0016638935108153079,,,,,8.65377199064693,0.0066555740432612314,8.65377199064693,2.4912350166173177e-18
POOLED,MAIN,12942,58788.285272755376,y_ftm,ABC,B_COMPLETE,F03_prior_ft_pct,F,player_season,0.2892856757698936,0.00040362373864961937,-0.3028380829144892,0.14962977116531026,0.14139672157322747,2.1313829036311858,0.008319467554076539,5.3949775525498646e-05,8.376432621458332e-05,4.174497413473406,0.0016638935108153079,9.570464599016548e-05,7.116863558065967e-05,4.326612280074848,0.019966722129783693,6.759212045173085e-05,9.890597074436676e-05,3.397485669155392,0.019966722129783693,N_PSWAP,1.1807648340773889,0.0016638935108153079,,,,,3.397485669155392,0.2961730449251248,3.397485669155392,0.0003400407760329926
POOLED,MAIN,12942,58788.285272755376,y_ftm,ABC,B_SINGLE,F04_prior_paint_share,F,player_season,0.2715552254433815,0.0008836957081986058,0.3152141419102152,0.20102282296334825,0.20100513722412433,2.1313829036311858,0.0016638935108153079,5.559739355510379e-05,7.84837455275411e-05,10.551207884859549,0.0016638935108153079,8.067999291424405e-05,3.939363420786204e-05,20.384402998901244,0.0016638935108153079,7.664342540955534e-05,0.00010256440500262359,7.868736554055045,0.0016638935108153079,N_PSWAP,1.306823525218126,0.0016638935108153079,,,,,7.868736554055045,0.014975041597337771,7.868736554055045,1.7912031466930776e-15
POOLED,MAIN,12942,58788.285272755376,y_ftm,ABC,B_COMPLETE,F04_prior_paint_share,F,player_season,0.2892856757698936,0.0011231606772471063,0.3563823535958797,0.20102282296334825,0.20043161748610433,2.1313829036311858,0.0016638935108153079,5.502562617868407e-05,7.820956816879909e-05,13.657344952513673,0.0016638935108153079,0.00029964884923183656,7.193446624462843e-05,11.448084221751822,0.0016638935108153079,7.361238325684136e-05,9.574382180258958e-05,10.962047202944198,0.0016638935108153079,N_PSWAP,1.2241957607532936,0.0016638935108153079,,,,,10.962047202944198,0.004991680532445923,10.962047202944198,2.9084208550583528e-28
POOLED,MAIN,12942,58788.285272755376,y_ftm,ABC,B_SINGLE,F05_prior_fga_pm,F,player_season,0.2715552254433815,0.01130306033824868,2.9673729423984363,0.09769722534419073,0.07636377134014988,2.1313829036311858,0.0016638935108153079,4.852888366591991e-05,7.234373453781525e-05,155.57023046273386,0.09816971713810316,0.010598452711207422,0.0005511211631341245,1.278498584656563,0.0016638935108153079,7.884036322915167e-05,0.00011641533978366385,96.41530055985442,0.0016638935108153079,N_PSWAP,1.6091972653528366,0.09816971713810316,,,,,96.41530055985442,0.0016638935108153079,96.41530055985442,0.0
POOLED,MAIN,12942,58788.285272755376,y_ftm,ABC,B_COMPLETE,F05_prior_fga_pm,F,player_season,0.2892856757698936,0.0022447353147278873,2.9936673739185244,0.09769722534419073,0.033731876617393464,2.1313829036311858,0.0016638935108153079,4.8091710360659344e-05,7.279371385915196e-05,30.176281548397135,0.3527454242928453,0.002126304516233959,0.00039588099941018486,0.2991575717712541,0.0016638935108153079,7.068531201686034e-05,0.00011206704692960966,19.399547523337237,0.0016638935108153079,N_PSWAP,1.5395154469855377,0.3527454242928453,,,,,19.399547523337237,0.0016638935108153079,19.399547523337237,3.892679551335993e-84
POOLED,MAIN,12942,58788.285272755376,y_ftm,ABC,B_SINGLE,F06_prior_fg3a_share,F,player_season,0.2715552254433815,0.0003147654722969518,-0.18263590354099737,0.21061533785705835,0.20704696266345193,2.1313829036311858,0.026622296173044926,5.777251607784887e-05,8.126550621668988e-05,3.162386702346329,0.18635607321131448,0.0002735593942274642,4.5281760898438104e-05,0.9099928371140033,0.051580698835274545,7.870823775781778e-05,0.00010671822741738145,2.2119673485195728,0.051580698835274545,N_PSWAP,1.313204487188246,0.18635607321131448,,,,,2.2119673485195728,0.632279534109817,2.2119673485195728,0.013484459325496186
POOLED,MAIN,12942,58788.285272755376,y_ftm,ABC,B_COMPLETE,F06_prior_fg3a_share,F,player_season,0.2892856757698936,0.0006515328335236959,-0.2671974719314518,0.21061533785705835,0.2036091478836526,2.1313829036311858,0.0016638935108153079,5.6990999080875994e-05,8.071999007404327e-05,7.365484484047327,0.34941763727121466,0.000627249384986842,6.609378290787145e-05,0.36740896750762225,0.0033277870216306157,7.44576932196196e-05,0.00010419704606148993,5.538306143184964,0.0033277870216306157,N_PSWAP,1.29084562530188,0.34941763727121466,,,,,5.538306143184964,0.06821963394342762,5.538306143184964,1.5270551708804195e-08
POOLED,MAIN,12942,58788.285272755376,y_ftm,ABC,B_SINGLE,F07_prior_hurdle_rate,F,player_season,0.2715552254433815,0.002903819085542878,0.7747476973158687,0.27610479399117016,0.14824701635112636,2.1313829036311858,0.0016638935108153079,5.6787499618073e-05,8.619182207653657e-05,33.03134238648186,1.0,0.012106821915852179,0.0008425271326705653,-10.923093718226575,0.0016638935108153079,8.201621068798242e-05,0.00011228361335654444,25.131030169955135,0.0016638935108153079,N_PSWAP,1.3027177132517154,1.0,,,,,25.131030169955135,0.0016638935108153079,25.131030169955135,1.1392499712665966e-139
POOLED,MAIN,12942,58788.285272755376,y_ftm,ABC,B_COMPLETE,F07_prior_hurdle_rate,F,player_season,0.2892856757698936,0.00021928713338335108,0.23522048668895357,0.27610479399117016,0.1341815822769739,2.1313829036311858,0.05490848585690516,5.5658808286843295e-05,8.448655128106036e-05,1.9367381271389275,1.0,0.006528424457729086,0.000649359533809392,-9.715938545375497,0.09816971713810316,7.846352561081243e-05,0.00010731996408045976,1.3121846338576912,0.09816971713810316,N_PSWAP,1.2702609167160792,1.0,,,,,1.3121846338576912,0.8552412645590682,1.3121846338576912,0.0947289278213338
POOLED,MAIN,12942,58788.285272755376,y_ftm,ABC,B_SINGLE,F09_prior_starter_rate,F,player_season,0.2715552254433815,0.004425561081539258,0.4090182421032989,0.43651026079833527,0.3466593909284838,2.1313829036311858,0.0016638935108153079,6.340199795199726e-05,8.547573161523823e-05,51.033889984389376,0.7820299500831946,0.004669435050181162,0.0002929115168756271,-0.832585796704795,0.0016638935108153079,7.999597404896794e-05,0.00011286272849707491,38.503101647085515,0.0016638935108153079,N_PSWAP,1.3204066974836428,0.7820299500831946,,,,,38.503101647085515,0.0016638935108153079,38.503101647085515,0.0
POOLED,MAIN,12942,58788.285272755376,y_ftm,ABC,B_COMPLETE,F09_prior_starter_rate,F,player_season,0.2892856757698936,0.00014088111299885047,0.12070013861742734,0.43651026079833527,0.20959460324918475,2.1313829036311858,0.14309484193011648,6.295722021284598e-05,8.521159224095872e-05,0.9144752578458305,1.0,0.0005185419771851804,0.00014025328116352404,-2.6927060889649193,0.19966722129783693,7.932574163450917e-05,0.00010398370535634452,0.5919713204429056,0.19966722129783693,N_PSWAP,1.2202999923097624,1.0,,,,,0.5919713204429056,0.9683860232945092,0.5919713204429056,0.2769348733135225
POOLED,MAIN,12942,58788.285272755376,y_ftm,ABC,B_SINGLE,F10_prior_pf_pm,F,player_season,0.2715552254433815,0.0001963202011247874,-0.8090199993556446,0.03793472244407587,0.03691345665060401,2.1313829036311858,0.051580698835274545,5.448836422866018e-05,7.991153740242975e-05,1.774860570906933,0.5574043261231281,0.0002153628058261268,8.462706518179754e-05,-0.2250179024929166,0.11148086522462562,7.775177923546842e-05,0.00011127514128771312,1.065542766490391,0.11148086522462562,N_PSWAP,1.3924790450137146,0.5574043261231281,,,,,1.065542766490391,0.8985024958402662,1.065542766490391,0.14331520034485454
POOLED,MAIN,12942,58788.285272755376,y_ftm,ABC,B_COMPLETE,F10_prior_pf_pm,F,player_season,0.2892856757698936,0.00011573091804736657,0.6949544824984953,0.03793472244407587,0.03299360847716455,2.1313829036311858,0.13976705490848584,5.3458655650211846e-05,7.870080328407972e-05,0.7912531994416339,0.11148086522462562,5.9606277525235375e-05,4.515348867277077e-05,1.2429746221575217,0.2096505823627288,7.15061654834992e-05,0.00010297915888160037,0.4294534257627264,0.2096505823627288,N_PSWAP,1.3084892985130674,0.11148086522462562,,,,,0.4294534257627264,0.9866888519134775,0.4294534257627264,0.3337966272294339
POOLED,MAIN,12942,58788.285272755376,y_ftm,ABC,B_SINGLE,M01_opp_pf_pg,M,opp_team_season,0.2715552254433815,0.002276626726010485,0.06137500782752352,1.6573404854663532,1.656974528156725,2.1313829036311858,0.0016638935108153079,5.594350137481257e-05,7.615839310698692e-05,29.15874579333716,,,,,,,,,0.0033277870216306157,N_ENTITY,3.7963867810326106,,0.0033277870216306157,0.00020173850839532505,0.0002891267168560502,7.176397394808038,7.176397394808038,0.018302828618968387,7.176397394808038,3.578615661862786e-13
POOLED,MAIN,12942,58788.285272755376,y_ftm,ABC,B_COMPLETE,M01_opp_pf_pg,M,opp_team_season,0.2892856757698936,0.0023794331965059133,0.06640099116419622,1.6573404854663532,1.5657545193896583,2.1313829036311858,0.0016638935108153079,5.427693804097322e-05,7.256982562000712e-05,32.04026244516573,,,,,,,,,0.0033277870216306157,N_ENTITY,3.778542366272691,,0.0033277870216306157,0.0001910713207446046,0.0002742081606182183,7.980659185443348,7.980659185443348,0.014975041597337771,7.980659185443348,7.277692030003527e-16
POOLED,MAIN,12942,58788.285272755376,y_ftm,ABC,B_COMPLETE_PLUS_M02,M01_opp_pf_pg,M,opp_team_season,0.2916922380563868,0.0001752969876446487,0.03462763019474781,1.6573404854663532,0.8149405603752147,2.1313829036311858,0.07321131447587355,5.382739579799794e-05,7.158793699722021e-05,1.6967885504420595,,,,,,,,,0.13477537437603992,N_ENTITY,1.6934663232358733,,0.13477537437603992,8.421223733062565e-05,0.00012123176045472386,0.7513274571974913,0.7513274571974913,0.9500831946755408,0.7513274571974913,0.2262277938695554
POOLED,MAIN,12942,58788.285272755376,y_ftm,ABC,B_SINGLE,M02_opp_allowed_fta_pg,M,opp_team_season,0.2715552254433815,0.0023548177226758193,0.04096479782867025,2.524898408179547,2.5248135360171178,2.1313829036311858,0.0016638935108153079,5.24477413595429e-05,6.79479869176676e-05,33.88430012070927,,,,,,,,,0.0016638935108153079,N_ENTITY,4.260044003706482,,0.0016638935108153079,0.00020215345264835066,0.0002894614142325364,7.436791793942332,7.436791793942332,0.018302828618968387,7.436791793942332,5.157996947970575e-14
POOLED,MAIN,12942,58788.285272755376,y_ftm,ABC,B_COMPLETE,M02_opp_allowed_fta_pg,M,opp_team_season,0.2892856757698936,0.002406562286493224,0.04198483474200696,2.524898408179547,2.490391257303764,2.1313829036311858,0.0016638935108153079,5.0652166283768326e-05,6.643819282700269e-05,35.46017764727543,,,,,,,,,0.0016638935108153079,N_ENTITY,4.152915384959869,,0.0016638935108153079,0.00019182768639416228,0.00027591219314018983,8.026954426670677,8.026954426670677,0.014975041597337771,8.026954426670677,4.996108764249389e-16
POOLED,MAIN,12942,58788.285272755376,y_ftm,ABC,B_SINGLE,M03_opp_allowed_ftm_pg,M,opp_team_season,0.2715552254433815,0.0023236050471276077,0.04741035151235222,2.167206308431908,2.1670526261197107,2.1313829036311858,0.0016638935108153079,5.4580667317095167e-05,7.139233901862292e-05,31.78246309059338,,,,,,,,,0.0016638935108153079,N_ENTITY,3.8670081348991596,,0.0016638935108153079,0.00019213589146923837,0.0002760747557544935,7.720623169015252,7.720623169015252,0.016638935108153077,7.720623169015252,5.788115848884277e-15
POOLED,MAIN,12942,58788.285272755376,y_ftm,ABC,B_COMPLETE,M03_opp_allowed_ftm_pg,M,opp_team_season,0.2892856757698936,0.002384532801535808,0.048804878588557865,2.167206308431908,2.1325532857704683,2.1313829036311858,0.0016638935108153079,5.2812604563796996e-05,6.898292289481153e-05,33.80141198898646,,,,,,,,,0.0016638935108153079,N_ENTITY,3.8022597621871297,,0.0016638935108153079,0.00018105376992825272,0.0002622909920009992,8.400894803124467,8.400894803124467,0.011647254575707155,8.400894803124467,2.215445925459769e-17
POOLED,MAIN,12942,58788.285272755376,y_ftm,ABC,B_COMPLETE_PLUS_M02,M03_opp_allowed_ftm_pg,M,opp_team_season,0.2916922380563868,2.9804149339889516e-05,0.021449093445237283,2.167206308431908,0.5424889569815332,2.1313829036311858,0.47920133111480867,5.2943091735296935e-05,6.822799624201772e-05,-0.33914146200819345,,,,,,,,,0.5457570715474209,N_ENTITY,1.7732219877898556,,0.5457570715474209,8.385327916648833e-05,0.00012098338311918947,-0.44674837513306365,-0.44674837513306365,1.0,-0.44674837513306365,0.6724716411640905
POOLED,MAIN,12942,58788.285272755376,y_ftm,ABC,B_SINGLE,M04_opp_allowed_ft_rate,M,opp_team_season,0.2715552254433815,0.0018912410406979397,2.326607922128927,0.03983972712710852,0.03983930166557229,2.1313829036311858,0.0016638935108153079,5.256146125081425e-05,6.992661298161505e-05,26.294417833887465,,,,,,,,,0.0016638935108153079,N_ENTITY,3.970401507017276,,0.0016638935108153079,0.00020176769492537264,0.0002776367295628182,6.085193945458524,6.085193945458524,0.03494176372712146,6.085193945458524,5.81751847976121e-10
POOLED,MAIN,12942,58788.285272755376,y_ftm,ABC,B_COMPLETE,M04_opp_allowed_ft_rate,M,opp_team_season,0.2892856757698936,0.0018781058070666864,2.34603113678249,0.03983972712710852,0.039372023332665755,2.1313829036311858,0.0016638935108153079,5.1209946163703644e-05,6.841589642061977e-05,26.702797982376172,,,,,,,,,0.0016638935108153079,N_ENTITY,3.8311705547588777,,0.0016638935108153079,0.00019017645888124544,0.00026211296784411177,6.439701789914166,6.439701789914166,0.026622296173044926,6.439701789914166,5.985422699449561e-11
POOLED,MAIN,12942,58788.285272755376,y_ftm,ABC,B_COMPLETE_PLUS_M02,M04_opp_allowed_ft_rate,M,opp_team_season,0.2916922380563868,0.000174700263770916,-2.5368753250650946,0.03983972712710852,0.011104758901760194,2.1313829036311858,0.07321131447587355,5.139800490529377e-05,6.802767071497151e-05,1.8125309535033938,,,,,,,,,0.16472545757071547,N_ENTITY,1.7976808978947656,,0.16472545757071547,8.929975523271392e-05,0.00012229204417257944,0.6983324967377619,0.6983324967377619,0.9584026622296173,0.6983324967377619,0.24248462463051004
POOLED,MAIN,12942,58788.285272755376,y_ftm,ABC,B_SINGLE,M05_opp_allowed_hurdle_rate,M,opp_team_season,0.2715552254433815,0.0007482718730994956,1.422657326711857,0.04098302395188265,0.04098178621154543,2.1313829036311858,0.0033277870216306157,5.291668125203376e-05,8.195309293938762e-05,8.48479498341503,,,,,,,,,0.014975041597337771,N_ENTITY,2.3672846820676057,,0.014975041597337771,0.00014480127355726466,0.00019400630156347519,3.1105721550224326,3.1105721550224326,0.36772046589018303,3.1105721550224326,0.0009336263925016902
POOLED,MAIN,12942,58788.285272755376,y_ftm,ABC,B_COMPLETE,M05_opp_allowed_hurdle_rate,M,opp_team_season,0.2892856757698936,0.000635695382107076,1.348273644418631,0.04098302395188265,0.039857307843786216,2.1313829036311858,0.0033277870216306157,5.131916329347634e-05,7.655180549532164e-05,7.633735285960212,,,,,,,,,0.036605657237936774,N_ENTITY,2.491928869759532,,0.036605657237936774,0.00014272782543256146,0.0001907616541460084,2.584206762524709,2.584206762524709,0.5108153078202995,2.584206762524709,0.004880162922634088
POOLED,MAIN,12942,58788.285272755376,y_ftm,ABC,B_COMPLETE_PLUS_M02,M05_opp_allowed_hurdle_rate,M,opp_team_season,0.2916922380563868,3.817991850933588e-05,-0.41839044729090147,0.04098302395188265,0.031477281378778636,2.1313829036311858,0.3843594009983361,5.1033584909575266e-05,7.599346597863108e-05,-0.169141731262182,,,,,,,,,0.4858569051580699,N_ENTITY,1.4130050848519005,,0.4858569051580699,7.760603943525504e-05,0.00010737915384332561,-0.36716736456542476,-0.36716736456542476,1.0,-0.36716736456542476,0.6432529105089271
POOLED,MAIN,12942,58788.285272755376,y_ftm,ABC,B_SINGLE,M06_opp_pace,M,opp_team_season,0.2715552254433815,0.0009002212859061817,0.017041210544120184,3.752901831320687,3.752629381005266,2.1313829036311858,0.0016638935108153079,6.150581430090202e-05,0.00010133301461785731,8.276823449575712,,,,,,,,,0.014975041597337771,N_ENTITY,1.948567302055733,,0.014975041597337771,0.00015552950948301424,0.00019745419890309238,3.771465892141657,3.771465892141657,0.23294509151414308,3.771465892141657,8.114567901914152e-05
POOLED,MAIN,12942,58788.285272755376,y_ftm,ABC,B_COMPLETE,M06_opp_pace,M,opp_team_season,0.2892856757698936,0.0009097532951729796,0.017212222894977577,3.752901831320687,3.7349632679597664,2.1313829036311858,0.0016638935108153079,5.8993580129452265e-05,9.549097207569154e-05,8.909320918517482,,,,,,,,,0.011647254575707155,N_ENTITY,1.9710203686117451,,0.011647254575707155,0.0001456157149905419,0.0001882146509797234,4.059926133299576,4.059926133299576,0.19633943427620631,4.059926133299576,2.4544123332881242e-05
POOLED,MAIN,12942,58788.285272755376,y_ftm,ABC,B_COMPLETE_PLUS_M02,M06_opp_pace,M,opp_team_season,0.2916922380563868,0.00034829422671656883,0.01098794524464042,3.752901831320687,3.6200796753856688,2.1313829036311858,0.02329450915141431,5.8738447966062796e-05,9.569114813139542e-05,3.025941107456577,,,,,,,,,0.014975041597337771,N_ENTITY,0.812059901623841,,0.014975041597337771,5.592336423508856e-05,7.770694433785336e-05,3.7624804960842826,3.7624804960842826,0.23460898502495842,3.7624804960842826,8.411822341431808e-05
POOLED,MAIN,12942,58788.285272755376,y_ftm,ABC,B_COMPLETE,X01_fd_x_oppfoul,X,opp_team_season,0.2892856757698936,0.0002652623644103374,0.5115719805816311,0.0693367457657321,0.0678566704973928,2.1313829036311858,0.019966722129783693,5.111012512510396e-05,7.560194400928686e-05,2.832628738474334,0.6339434276206323,0.0004379971849304872,0.0003425407608499848,-0.5042752287100767,0.048252911813643926,6.0612415410273985e-05,9.06550543384275e-05,2.2574576838934726,0.048252911813643926,N_PSWAP+N_ENTITY,1.1991100959955676,0.6339434276206323,0.033277870216306155,5.6157586087130716e-05,7.7792592845342e-05,2.6879780024677156,2.2574576838934726,0.610648918469218,2.2574576838934726,0.011989744347600998
POOLED,MAIN,12942,58788.285272755376,y_ftm,ABC,B_MATCHUP,X01_fd_x_oppfoul,X,opp_team_season,0.2928914006605442,0.00030504938890224043,0.5579908314481817,0.0693367457657321,0.0667143861835184,2.1313829036311858,0.016638935108153077,5.0827632001153796e-05,7.519651824244984e-05,3.3807649987386474,0.3876871880199667,0.0002915603219127158,0.0002722383319492912,0.04954874243072136,0.029950083194675542,5.960026598252423e-05,9.017099919251178e-05,2.7220406241223003,0.029950083194675542,N_PSWAP+N_ENTITY,1.1991379561189386,0.3876871880199667,0.024958402662229616,5.4818514784954914e-05,7.648924612102743e-05,3.271451698208009,2.7220406241223003,0.45923460898502494,2.7220406241223003,0.003244008257780068
POOLED,MAIN,12942,58788.285272755376,y_ftm,ABC,B_COMPLETE,X02_ftr_x_oppftrate,X,opp_team_season,0.2892856757698936,7.1678357543353676e-06,0.42212426521590146,0.013528250916214825,0.01351808530825591,2.1313829036311858,0.7088186356073212,5.5328059830312704e-05,8.597623569169852e-05,-0.5601573933601222,0.7470881863560732,4.988650424046209e-05,6.516511503607674e-05,-0.6555450483357054,0.7254575707154742,5.791562212473917e-05,8.080000750219319e-05,-0.6280666046847376,0.7254575707154742,N_PSWAP+N_ENTITY,0.9397946636316258,0.7470881863560732,0.6905158069883528,4.05712309988678e-05,5.335223303391157e-05,-0.626091793070792,-0.6280666046847376,1.0,-0.6280666046847376,0.7350198671574695
POOLED,MAIN,12942,58788.285272755376,y_ftm,ABC,B_MATCHUP2,X02_ftr_x_oppftrate,X,opp_team_season,0.2913990225815153,7.124767989729102e-06,0.4289123920764537,0.013528250916214825,0.013264114041178426,2.1313829036311858,0.6988352745424293,5.541721364711831e-05,8.597116072149309e-05,-0.5617284360488566,0.740432612312812,4.9670671776715205e-05,6.57826993645317e-05,-0.646764334665259,0.7337770382695508,5.86738571339948e-05,8.181929173446441e-05,-0.630035876032301,0.7337770382695508,N_PSWAP+N_ENTITY,0.9517062587944017,0.740432612312812,0.6855241264559068,3.9940036669568254e-05,5.333399398482035e-05,-0.6152786661576267,-0.630035876032301,1.0,-0.630035876032301,0.7356644654503104
POOLED,MAIN,12942,58788.285272755376,y_ftm,ABC,B_SINGLE,G01_noise,G,row,0.2715552254433815,3.387925635221051e-05,0.012425016453403366,0.9984716882294995,0.9984617677152182,2.1313829036311858,0.4509151414309484,5.324279767597214e-05,7.694211663558923e-05,-0.2516637463389604,,,,,,,,,0.4509151414309484,N_ROW (candidate varies at ROW level),1.0,,,,,,,,,
POOLED,MAIN,12942,58788.285272755376,y_ftm,ABC,B_COMPLETE,G01_noise,G,row,0.2892856757698936,4.034920854646708e-05,0.013562768092242557,0.9984716882294995,0.998230079372313,2.1313829036311858,0.3876871880199667,5.187210739666238e-05,7.368385094169197e-05,-0.15638296184212308,,,,,,,,,0.3876871880199667,N_ROW (candidate varies at ROW level),1.0,,,,,,,,,
POOLED,MAIN,12942,58788.285272755376,y_ftm,ABC,B_SINGLE,G02_placebo_noop,G,row,0.2715552254433815,0.0,0.0,3.3954991399644325,6.391316834432067e-14,2.1313829036311858,1.0,5.3809978054798825e-05,7.926854337789773e-05,-0.6788314224252863,,,,,,,,,1.0,N_ROW (candidate varies at ROW level),1.0,,,,,,,,,
POOLED,MAIN,12942,58788.285272755376,y_ftm,ABC,B_COMPLETE,G02_placebo_noop,G,row,0.2892856757698936,0.0,0.0,3.3954991399644325,1.21809816691133e-12,2.1313829036311858,1.0,5.348222260743968e-05,7.925154365952513e-05,-0.6748413991430402,,,,,,,,,1.0,N_ROW (candidate varies at ROW level),1.0,,,,,,,,,
POOLED,MAIN,12942,58788.285272755376,y_ftm,ABC,B_SINGLE,G03_placebo_perturbed,G,row,0.2715552254433815,1.0096531539391987e-05,0.006739096331531517,1.3611921156472397,1.0049533831891513,2.1313829036311858,0.6838602329450915,5.541233875352606e-05,7.353225506844807e-05,-0.6162711475658064,,,,,,,,,0.6838602329450915,N_ROW (candidate varies at ROW level),1.0,,,,,,,,,
POOLED,MAIN,12942,58788.285272755376,y_ftm,ABC,B_COMPLETE,G03_placebo_perturbed,G,row,0.2892856757698936,5.785465483293869e-06,0.005103995014197545,1.3611921156472397,1.0044316518564593,2.1313829036311858,0.7603993344425957,5.542163530647339e-05,7.274340495378451e-05,-0.6823459783703343,,,,,,,,,0.7603993344425957,N_ROW (candidate varies at ROW level),1.0,,,,,,,,,
POOLED,F08_ONLY,12948,58856.66071980228,y_ftm,ABC,B_SINGLE,F08_prior_fta_given,F,player_season,0.271895157844248,0.0005027835616477241,-0.08541886513959289,1.271366316240454,0.5596931260630137,2.1321278118189944,0.009983361064891847,6.075433791895742e-05,9.466172379970358e-05,4.669566599738498,1.0,0.008540792576242705,0.0011570203360858305,-6.9471631257470845,0.009983361064891847,7.480867011533037e-05,0.00010265373683092141,4.169111663585139,0.009983361064891847,N_PSWAP,1.0844270810885324,1.0,,,,,4.169111663585139,0.019966722129783693,4.169111663585139,1.528945884260571e-05
POOLED,F08_ONLY,12948,58856.66071980228,y_ftm,ABC,B_COMPLETE,F08_prior_fta_given,F,player_season,0.28965536353572485,0.00019300953356406967,-0.05470636076803227,1.271366316240454,0.541458019796383,2.1321278118189944,0.06156405990016639,5.9603964073572633e-05,9.336706324109365e-05,1.4288290202082872,1.0,0.00809246507051603,0.0011075444382875157,-7.1324050429670285,0.09317803660565724,6.933936124138715e-05,9.968606339676011e-05,1.240596409454583,0.09317803660565724,N_PSWAP,1.0676791144147852,1.0,,,,,1.240596409454583,0.13976705490848584,1.240596409454583,0.10737744649312547
POOLED,MAIN,12942,748943.2616288054,y_pts,ANCHOR,B_SINGLE,F01_prior_ftr,F,player_season,0.4835719822616077,7.2816199539037085e-06,0.10192355716585642,0.20154013203515872,0.20140950963837975,7.607475112355087,0.6855241264559068,4.3174673214718906e-05,6.0215690627963894e-05,-0.5960747586966415,0.778702163061564,3.983047028729091e-05,4.0861558163283544e-05,-0.796564100745287,0.7337770382695508,6.75284870884287e-05,0.00010051094086544393,-0.5994060608305191,0.7337770382695508,N_PSWAP,1.6691818995557133,0.778702163061564,,,,,-0.5994060608305191,1.0,-0.5994060608305191,0.7255489549450422
POOLED,MAIN,12942,748943.2616288054,y_pts,ANCHOR,B_COMPLETE,F01_prior_ftr,F,player_season,0.49840168590631395,0.00015039275570460285,0.4814379441973886,0.20154013203515872,0.19378211111580546,7.607475112355087,0.05490848585690516,4.146034320653471e-05,5.7170248231518135e-05,1.9054038747030202,0.28286189683860236,0.00011662349223943218,7.132834935330498e-05,0.4734339679992325,0.07820299500831947,4.628253889960593e-05,7.426966939791979e-05,1.4017864580384538,0.07820299500831947,N_PSWAP,1.2990965002837733,0.28286189683860236,,,,,1.4017864580384538,0.826955074875208,1.4017864580384538,0.08048951465490921
POOLED,MAIN,12942,748943.2616288054,y_pts,ANCHOR,B_SINGLE,F02_prior_fd_pm,F,player_season,0.4835719822616077,0.0005684885432937487,5.424774254636999,0.04037699371102101,0.03343641665553842,7.607475112355087,0.0016638935108153079,4.436113285415881e-05,6.40672948729741e-05,8.18088872768508,1.0,0.0014943635969236417,0.00022032924600810114,-4.202234022059197,0.0066555740432612314,7.32772046217528e-05,0.00010063741600873697,4.920747752794084,0.0066555740432612314,N_PSWAP,1.5708079482405222,1.0,,,,,4.920747752794084,0.09484193011647254,4.920747752794084,4.310709368789713e-07
POOLED,MAIN,12942,748943.2616288054,y_pts,ANCHOR,B_COMPLETE,F02_prior_fd_pm,F,player_season,0.49840168590631395,0.0007994828981875314,7.2448025071334,0.04037699371102101,0.029690572934801217,7.607475112355087,0.0016638935108153079,4.291336881015884e-05,6.109752662938534e-05,12.382981294262319,1.0,0.0019464979286436793,0.00025768938439329277,-4.451153597796413,0.0016638935108153079,4.4303577649109975e-05,5.873742139634293e-05,12.856868799920454,0.0016638935108153079,N_PSWAP,0.961371509400721,1.0,,,,,12.856868799920454,0.0016638935108153079,12.856868799920454,3.935029813331201e-38
POOLED,MAIN,12942,748943.2616288054,y_pts,ANCHOR,B_SINGLE,F03_prior_ft_pct,F,player_season,0.4835719822616077,3.113068534299033e-05,-0.29164268705085206,0.14962977116531026,0.1455404757367492,7.607475112355087,0.3777038269550749,4.0942327669145935e-05,5.824054154667932e-05,-0.1684675668458827,0.6289517470881864,6.332428091282124e-05,5.9844076522808575e-05,-0.5379579306827611,0.4891846921797005,6.711098808410213e-05,8.716260189856359e-05,-0.41279518919116553,0.4891846921797005,N_PSWAP,1.496596693365282,0.6289517470881864,,,,,-0.41279518919116553,1.0,-0.41279518919116553,0.6601216720624943
POOLED,MAIN,12942,748943.2616288054,y_pts,ANCHOR,B_COMPLETE,F03_prior_ft_pct,F,player_season,0.49840168590631395,2.0099246538014698e-06,-0.07447138535016447,0.14962977116531026,0.14482415260610515,7.607475112355087,0.8202995008319468,3.910677265481349e-05,5.662623635243765e-05,-0.6551176696632969,1.0,0.00015304530033255164,8.939981981999065e-05,-1.68943713737751,0.826955074875208,4.074768908410277e-05,5.873613343271119e-05,-0.6595218678239987,0.826955074875208,N_PSWAP,1.0372600620521852,1.0,,,,,-0.6595218678239987,1.0,-0.6595218678239987,0.7452196651066803
POOLED,MAIN,12942,748943.2616288054,y_pts,ANCHOR,B_SINGLE,F04_prior_paint_share,F,player_season,0.4835719822616077,1.850142108775301e-05,0.16280665088681198,0.20102282296334825,0.20098837625327154,7.607475112355087,0.5474209650582362,4.046633362845153e-05,5.236949237317319e-05,-0.41942191045468813,0.09983361064891846,7.179027378099157e-06,9.442226942292155e-06,1.199123234259531,0.6306156405990017,7.213227188234776e-05,0.00010142722327522996,-0.5287618951084132,0.6306156405990017,N_PSWAP,1.936761627408615,0.09983361064891846,,,,,-0.5287618951084132,1.0,-0.5287618951084132,0.7015147062631826
POOLED,MAIN,12942,748943.2616288054,y_pts,ANCHOR,B_COMPLETE,F04_prior_paint_share,F,player_season,0.49840168590631395,8.94475392097362e-06,0.11352309481000619,0.20102282296334825,0.20041975030172507,7.607475112355087,0.6589018302828619,3.925873209295197e-05,5.1206931437426466e-05,-0.5919897428148226,0.15640599001663893,4.465261470405549e-06,6.521216529497524e-06,0.6869105527022314,0.6256239600665557,4.058728767057389e-05,6.028535705580949e-05,-0.5248792624767409,0.6256239600665557,N_PSWAP,1.1772889990386677,0.15640599001663893,,,,,-0.5248792624767409,1.0,-0.5248792624767409,0.7001664601105959
POOLED,MAIN,12942,748943.2616288054,y_pts,ANCHOR,B_SINGLE,F05_prior_fga_pm,F,player_season,0.4835719822616077,0.0006036054770859135,2.961124240684282,0.09769722534419073,0.06311905623421137,7.607475112355087,0.0016638935108153079,4.017052698446752e-05,5.739333941132286e-05,9.817079052735666,1.0,0.0029823273101128277,0.0003231928289722621,-7.360069963777157,0.0016638935108153079,7.984762056069671e-05,9.790541962504405e-05,5.3496308838784685,0.0016638935108153079,N_PSWAP,1.7058672770960728,1.0,,,,,5.3496308838784685,0.06655574043261231,5.3496308838784685,4.406689920669077e-08
POOLED,MAIN,12942,748943.2616288054,y_pts,ANCHOR,B_COMPLETE,F05_prior_fga_pm,F,player_season,0.49840168590631395,0.00020566451602898507,3.3513525354849185,0.09769722534419073,0.032553681467125374,7.607475112355087,0.024958402662229616,3.951189390294183e-05,5.775943967693856e-05,2.8766314745325086,1.0,0.004236778906042217,0.000529752694447949,-7.609426874579702,0.03993344425956739,4.434967399050518e-05,6.102464243727785e-05,2.6434377260674977,0.03993344425956739,N_PSWAP,1.056531067105261,1.0,,,,,2.6434377260674977,0.4858569051580699,2.6434377260674977,0.004103442907889393
POOLED,MAIN,12942,748943.2616288054,y_pts,ANCHOR,B_SINGLE,F06_prior_fg3a_share,F,player_season,0.4835719822616077,0.00014283003524391663,-0.4330678733622373,0.21061533785705835,0.20993958996209552,7.607475112355087,0.05823627287853577,3.842400139116532e-05,5.378438656338781e-05,1.9411959589741372,0.27121464226289516,0.0001265858874739075,2.746230663656851e-05,0.5915070421789913,0.14309484193011648,6.715461891125341e-05,9.365239362944786e-05,0.8080457252602244,0.14309484193011648,N_PSWAP,1.7412561453884658,0.27121464226289516,,,,,0.8080457252602244,0.9550748752079867,0.8080457252602244,0.20953212515127617
POOLED,MAIN,12942,748943.2616288054,y_pts,ANCHOR,B_COMPLETE,F06_prior_fg3a_share,F,player_season,0.49840168590631395,6.850184831898543e-05,-0.30411498791680563,0.21061533785705835,0.20703981018765852,7.607475112355087,0.194675540765391,3.726390069298121e-05,5.179331898993614e-05,0.6031269714936399,0.4908485856905158,6.870295541482278e-05,1.8803013409697627e-05,-0.0106954715957198,0.1913477537437604,3.7828692059849794e-05,5.113656743289773e-05,0.599828220761698,0.1913477537437604,N_PSWAP,0.9873197630534929,0.4908485856905158,,,,,0.599828220761698,0.9767054908485857,0.599828220761698,0.27431033868906185
POOLED,MAIN,12942,748943.2616288054,y_pts,ANCHOR,B_SINGLE,F07_prior_hurdle_rate,F,player_season,0.4835719822616077,0.0003886125933662476,0.9052726125397463,0.27610479399117016,0.165660738710348,7.607475112355087,0.0033277870216306157,3.977449417349213e-05,5.678282393191376e-05,6.1433735597763635,1.0,0.0029655948235214136,0.00038090766291752935,-6.765372506336557,0.026622296173044926,7.752177477117063e-05,0.00010818301223904263,2.875597676164596,0.026622296173044926,N_PSWAP,1.9052066231993146,1.0,,,,,2.875597676164596,0.43760399334442596,2.875597676164596,0.002016316790096436
POOLED,MAIN,12942,748943.2616288054,y_pts,ANCHOR,B_COMPLETE,F07_prior_hurdle_rate,F,player_season,0.49840168590631395,6.217791505612355e-05,0.38030249056418397,0.27610479399117016,0.15773550054957305,7.607475112355087,0.2113144758735441,3.86588137712576e-05,5.53225524313105e-05,0.4251268289558349,1.0,0.0026341075297428972,0.0003410431742184995,-7.541360769293656,0.23793677204658903,4.5944567835436263e-05,6.618095556762998e-05,0.24528728969618022,0.23793677204658903,N_PSWAP,1.19627444250338,1.0,,,,,0.24528728969618022,0.9966722129783694,0.24528728969618022,0.403117014029906
POOLED,MAIN,12942,748943.2616288054,y_pts,ANCHOR,B_SINGLE,F09_prior_starter_rate,F,player_season,0.4835719822616077,0.0012203208413189182,0.9324311254760564,0.43651026079833527,0.2850104554865479,7.607475112355087,0.0016638935108153079,3.611287550440157e-05,4.8515826352698446e-05,24.40869412808942,0.9983361064891847,0.00190752649072234,0.00022906531034220287,-3.00004242622682,0.0016638935108153079,7.686134887726824e-05,0.0001002877366296243,11.401787804470999,0.0016638935108153079,N_PSWAP,2.067113850654763,0.9983361064891847,,,,,11.401787804470999,0.0016638935108153079,11.401787804470999,2.048098777667179e-30
POOLED,MAIN,12942,748943.2616288054,y_pts,ANCHOR,B_COMPLETE,F09_prior_starter_rate,F,player_season,0.49840168590631395,0.0004365030402406992,0.7562287292164602,0.43651026079833527,0.2101749750181152,7.607475112355087,0.0016638935108153079,3.5669382765662685e-05,4.7697968717432836e-05,8.403579193269467,1.0,0.0017920557548542094,0.00023466405202695817,-5.776567407341046,0.0016638935108153079,4.5495107485074014e-05,6.30753386419494e-05,6.1990619658057335,0.0016638935108153079,N_PSWAP,1.322390456826653,1.0,,,,,6.1990619658057335,0.03494176372712146,6.1990619658057335,2.840033090182445e-10
POOLED,MAIN,12942,748943.2616288054,y_pts,ANCHOR,B_SINGLE,F10_prior_pf_pm,F,player_season,0.4835719822616077,3.441448156592984e-05,1.2520888164294983,0.03793472244407587,0.035643145179564635,7.607475112355087,0.37437603993344426,4.1775926331162085e-05,5.504346172565877e-05,-0.13373876813784538,0.18801996672212978,1.9772282229055928e-05,2.124834274540578e-05,0.68909841639484,0.5008319467554077,7.463688896785214e-05,0.00010285666406138405,-0.39105300340985083,0.5008319467554077,N_PSWAP,1.8686445371846394,0.18801996672212978,,,,,-0.39105300340985083,1.0,-0.39105300340985083,0.6521209771011609
POOLED,MAIN,12942,748943.2616288054,y_pts,ANCHOR,B_COMPLETE,F10_prior_pf_pm,F,player_season,0.49840168590631395,0.0001155185178913492,2.4696021241882513,0.03793472244407587,0.03310848849711138,7.607475112355087,0.09650582362728785,4.041423465422371e-05,5.326328069252787e-05,1.4100574027852106,0.0066555740432612314,2.3457554965503473e-05,2.4115145903513808e-05,3.8175577827390033,0.11813643926788686,4.665101848096887e-05,6.321129250521593e-05,1.0894809563449075,0.11813643926788686,N_PSWAP,1.186770542169845,0.0066555740432612314,,,,,1.0894809563449075,0.8951747088186356,1.0894809563449075,0.13797093298011268
POOLED,MAIN,12942,748943.2616288054,y_pts,ANCHOR,B_SINGLE,M01_opp_pf_pg,M,opp_team_season,0.4835719822616077,0.0003355279850258087,0.08408029921939676,1.6573404854663532,1.6573363893696,7.607475112355087,0.0033277870216306157,4.009703337829014e-05,5.3685612486726733e-05,5.502981859815069,,,,,,,,,0.05823627287853577,N_ENTITY,2.3995355806592493,,0.05823627287853577,8.648328995065156e-05,0.00012882053733138528,1.9332685628728628,1.9332685628728628,0.6821963394342762,1.9332685628728628,0.0266015589494191
POOLED,MAIN,12942,748943.2616288054,y_pts,ANCHOR,B_COMPLETE,M01_opp_pf_pg,M,opp_team_season,0.49840168590631395,0.00036337814969657824,0.09262779641734925,1.6573404854663532,1.565592068204576,7.607475112355087,0.0016638935108153079,3.824114779139081e-05,5.1514044989050546e-05,6.311618549354768,,,,,,,,,0.04991680532445923,N_ENTITY,2.4288283019817594,,0.04991680532445923,8.470285899517735e-05,0.0001251187704189676,2.2272860400421157,2.2272860400421157,0.6073211314475874,2.2272860400421157,0.012964080298323776
POOLED,MAIN,12942,748943.2616288054,y_pts,ANCHOR,B_COMPLETE_PLUS_M02,M01_opp_pf_pg,M,opp_team_season,0.4988722490714781,1.0682421525258698e-06,0.00965212695705921,1.6573404854663532,0.8146149388206865,7.607475112355087,0.870216306156406,3.810572126592857e-05,5.130484705129723e-05,-0.7219099411088921,,,,,,,,,0.9118136439267887,N_ENTITY,1.9590326372770699,,0.9118136439267887,6.870299286109716e-05,0.00010050786982399951,-0.6729298991910513,-0.6729298991910513,1.0,-0.6729298991910513,0.7495040733986726
POOLED,MAIN,12942,748943.2616288054,y_pts,ANCHOR,B_SINGLE,M02_opp_allowed_fta_pg,M,opp_team_season,0.4835719822616077,0.00048457159573622743,0.06632542026243132,2.524898408179547,2.5248728154076083,7.607475112355087,0.004991680532445923,3.7411945083291226e-05,5.685813929198693e-05,7.864479144430159,,,,,,,,,0.033277870216306155,N_ENTITY,2.4021228523940454,,0.033277870216306155,9.657248190789276e-05,0.0001365802357378856,2.8408144980284926,2.8408144980284926,0.4442595673876872,2.8408144980284926,0.0022499239562601176
POOLED,MAIN,12942,748943.2616288054,y_pts,ANCHOR,B_COMPLETE,M02_opp_allowed_fta_pg,M,opp_team_season,0.49840168590631395,0.00047056316516399166,0.06626663658673608,2.524898408179547,2.4903166729212876,7.607475112355087,0.004991680532445923,3.613199129643973e-05,5.4869887993267594e-05,7.917478780362292,,,,,,,,,0.03494176372712146,N_ENTITY,2.4234295578525695,,0.03494176372712146,9.469687454618648e-05,0.0001329733083989445,2.826629608177732,2.826629608177732,0.4475873544093178,2.826629608177732,0.002352035174483094
POOLED,MAIN,12942,748943.2616288054,y_pts,ANCHOR,B_SINGLE,M03_opp_allowed_ftm_pg,M,opp_team_season,0.4835719822616077,0.0006327440673102927,0.08829929372218376,2.167206308431908,2.1671918128580034,7.607475112355087,0.0016638935108153079,3.780324911920355e-05,5.607846996203172e-05,10.609077219722606,,,,,,,,,0.016638935108153077,N_ENTITY,2.4795490573360746,,0.016638935108153077,9.867222317680253e-05,0.00013904931733120513,3.840880734864529,3.840880734864529,0.23627287853577372,3.840880734864529,6.129684014057366e-05
POOLED,MAIN,12942,748943.2616288054,y_pts,ANCHOR,B_COMPLETE,M03_opp_allowed_ftm_pg,M,opp_team_season,0.49840168590631395,0.0005992143542813812,0.08732597044304936,2.167206308431908,2.132495993320014,7.607475112355087,0.0016638935108153079,3.6610049010546716e-05,5.396714752265406e-05,10.424940562861272,,,,,,,,,0.016638935108153077,N_ENTITY,2.4634177704054534,,0.016638935108153077,9.447009473381951e-05,0.00013294363022539865,3.7966787780038462,3.7966787780038462,0.24459234608985025,3.7966787780038462,7.332381355594859e-05
POOLED,MAIN,12942,748943.2616288054,y_pts,ANCHOR,B_COMPLETE_PLUS_M02,M03_opp_allowed_ftm_pg,M,opp_team_season,0.4988722490714781,0.00018922902787507542,0.19284688567758126,2.167206308431908,0.5426524768734889,7.607475112355087,0.026622296173044926,3.6543791864836004e-05,5.373203057635149e-05,2.8416055446346586,,,,,,,,,0.1281198003327787,N_ENTITY,1.9295405077953391,,0.1281198003327787,7.461356946727387e-05,0.00010367812956316794,1.1054931149965415,1.1054931149965415,0.891846921797005,1.1054931149965415,0.1344729969047798
POOLED,MAIN,12942,748943.2616288054,y_pts,ANCHOR,B_SINGLE,M04_opp_allowed_ft_rate,M,opp_team_season,0.4835719822616077,0.0001873928340284787,2.6139909107253483,0.03983972712710852,0.039839415377924854,7.607475112355087,0.029950083194675542,3.710586651103071e-05,5.4953944363802964e-05,2.734780355756209,,,,,,,,,0.1464226289517471,N_ENTITY,2.4193517393474426,,0.1464226289517471,9.403270876036642e-05,0.0001329529208805693,0.7022043942304739,0.7022043942304739,0.9700499168053245,0.7022043942304739,0.2412758373778521
POOLED,MAIN,12942,748943.2616288054,y_pts,ANCHOR,B_COMPLETE,M04_opp_allowed_ft_rate,M,opp_team_season,0.49840168590631395,0.00017690855354717726,2.5700267120168716,0.03983972712710852,0.03937107914460845,7.607475112355087,0.028286189683860232,3.5827951505384006e-05,5.273131030744651e-05,2.6754617175115105,,,,,,,,,0.15307820299500832,N_ENTITY,2.4546791107134514,,0.15307820299500832,9.244291396098604e-05,0.00012943844589223785,0.6525544941764203,0.6525544941764203,0.9717138103161398,0.6525544941764203,0.25702174541242667
POOLED,MAIN,12942,748943.2616288054,y_pts,ANCHOR,B_COMPLETE_PLUS_M02,M04_opp_allowed_ft_rate,M,opp_team_season,0.4988722490714781,0.0007085521742117541,-18.22933664669534,0.03983972712710852,0.011108504428553396,7.607475112355087,0.0016638935108153079,3.575028157390782e-05,5.2683486634945255e-05,12.770640965732381,,,,,,,,,0.0016638935108153079,N_ENTITY,1.963856046510817,,0.0016638935108153079,7.482083832168581e-05,0.00010346278377930905,6.125210561140968,6.125210561140968,0.03993344425956739,6.125210561140968,4.5281875958792566e-10
POOLED,MAIN,12942,748943.2616288054,y_pts,ANCHOR,B_SINGLE,M05_opp_allowed_hurdle_rate,M,opp_team_season,0.4835719822616077,4.7909921809381687e-05,1.2848620832496285,0.04098302395188265,0.04098234058076121,7.607475112355087,0.30948419301164726,4.292961129317205e-05,5.708714176344049e-05,0.08724049518624014,,,,,,,,,0.39267886855241263,N_ENTITY,1.5415875755424444,,0.39267886855241263,6.175697700817661e-05,8.800482846575004e-05,-0.15734426667491275,-0.15734426667491275,1.0,-0.15734426667491275,0.5625132318034582
POOLED,MAIN,12942,748943.2616288054,y_pts,ANCHOR,B_COMPLETE,M05_opp_allowed_hurdle_rate,M,opp_team_season,0.49840168590631395,5.7689880300122615e-05,1.4494034279164303,0.04098302395188265,0.03986585428864332,7.607475112355087,0.26455906821963393,4.15466633581687e-05,5.4400789265800896e-05,0.29674600607499574,,,,,,,,,0.3594009983361065,N_ENTITY,1.6210548447621071,,0.3594009983361065,6.240295886104939e-05,8.818666299820897e-05,-0.053444346352265235,-0.053444346352265235,1.0,-0.053444346352265235,0.5213111052374002
POOLED,MAIN,12942,748943.2616288054,y_pts,ANCHOR,B_COMPLETE_PLUS_M02,M05_opp_allowed_hurdle_rate,M,opp_team_season,0.4988722490714781,5.222866160997944e-05,-1.7459946543215983,0.04098302395188265,0.0314885076947676,7.607475112355087,0.281198003327787,4.151695302784269e-05,5.442085136409669e-05,0.19683096301583455,,,,,,,,,0.3161397670549085,N_ENTITY,1.3085184105403933,,0.3161397670549085,5.179914652169724e-05,7.121068592720279e-05,0.006031610041241338,0.006031610041241338,1.0,0.006031610041241338,0.4975937514341163
POOLED,MAIN,12942,748943.2616288054,y_pts,ANCHOR,B_SINGLE,M06_opp_pace,M,opp_team_season,0.4835719822616077,0.0002429193730597702,0.0315939855001444,3.752901831320687,3.7529018079925804,7.607475112355087,0.021630615640599003,3.84929771329138e-05,5.9129750523817596e-05,3.457251114978288,,,,,,,,,0.036605657237936774,N_ENTITY,1.2103439870297696,,0.036605657237936774,5.382754029381544e-05,7.1567338001073e-05,2.6421526641541386,2.6421526641541386,0.4875207986688852,2.6421526641541386,0.004119045557421229
POOLED,MAIN,12942,748943.2616288054,y_pts,ANCHOR,B_COMPLETE,M06_opp_pace,M,opp_team_season,0.49840168590631395,0.00020152175080101025,0.02892187641788601,3.752901831320687,3.7340062281506916,7.607475112355087,0.028286189683860232,3.807133976160626e-05,5.7564460609565686e-05,2.839432686567081,,,,,,,,,0.05490848585690516,N_ENTITY,1.2313906592471109,,0.05490848585690516,5.332016825973587e-05,7.088433909921744e-05,2.090752124158699,2.090752124158699,0.6339434276206323,2.090752124158699,0.018275143194190088
POOLED,MAIN,12942,748943.2616288054,y_pts,ANCHOR,B_COMPLETE_PLUS_M02,M06_opp_pace,M,opp_team_season,0.4988722490714781,8.352411539028012e-05,0.01921028014465346,3.752901831320687,3.6192016758741152,7.607475112355087,0.14143094841930118,3.793714332130493e-05,5.743416131604746e-05,0.7937257378604379,,,,,,,,,0.20133111480865223,N_ENTITY,1.173702847507292,,0.20133111480865223,4.968946863796705e-05,6.741063868083805e-05,0.5019185015069558,0.5019185015069558,0.9833610648918469,0.5019185015069558,0.3078624031854691
POOLED,MAIN,12942,748943.2616288054,y_pts,ANCHOR,B_COMPLETE,X01_fd_x_oppfoul,X,opp_team_season,0.49840168590631395,5.482638630922543e-05,0.8244780931310052,0.0693367457657321,0.06832131716024661,7.607475112355087,0.22296173044925124,3.698080886252003e-05,5.308749507908129e-05,0.33615406830030137,0.6522462562396006,0.000141278802917608,0.00014906248656967083,-0.5799743355815768,0.259567387687188,4.1926986030641385e-05,5.898333807889183e-05,0.21869566387257952,0.26455906821963393,N_PSWAP+N_ENTITY,1.2439232627554997,0.6522462562396006,0.26455906821963393,4.409815539031209e-05,6.603677009028733e-05,0.1624584440493592,0.1624584440493592,0.9983361064891847,0.1624584440493592,0.4354724279364133
POOLED,MAIN,12942,748943.2616288054,y_pts,ANCHOR,B_MATCHUP,X01_fd_x_oppfoul,X,opp_team_season,0.49956899567128565,0.0001292843843484769,1.296346357411788,0.0693367457657321,0.06672560563950428,7.607475112355087,0.05490848585690516,3.684968513322384e-05,5.257562242173619e-05,1.758128481557225,0.18635607321131448,7.186809215548554e-05,9.915056202220816e-05,0.5790818631984256,0.07487520798668885,4.1381578239389844e-05,5.758633900625965e-05,1.5264524126031347,0.08818635607321132,N_PSWAP+N_ENTITY,1.2968341241170138,0.18635607321131448,0.08818635607321132,4.6056337923422765e-05,6.818186125319909e-05,1.2206772431157276,1.2206772431157276,0.870216306156406,1.2206772431157276,0.11110413108768798
POOLED,MAIN,12942,748943.2616288054,y_pts,ANCHOR,B_COMPLETE,X02_ftr_x_oppftrate,X,opp_team_season,0.49840168590631395,2.0485820833334637e-05,2.5462941670862436,0.013528250916214825,0.013522551687128237,7.607475112355087,0.47753743760399336,4.3127249266228686e-05,6.120439050112768e-05,-0.3699314419686425,0.34941763727121466,2.1922889288399316e-05,2.8619594728662136e-05,-0.050212746500755814,0.47920133111480867,4.4979302027671215e-05,7.16160400922831e-05,-0.34201110760626713,0.47920133111480867,N_PSWAP+N_ENTITY,1.1701127893915322,0.34941763727121466,0.4459234608985025,3.5221805801831755e-05,4.950614727138781e-05,-0.2976597004754966,-0.34201110760626713,1.0,-0.34201110760626713,0.6338287291489124
POOLED,MAIN,12942,748943.2616288054,y_pts,ANCHOR,B_MATCHUP2,X02_ftr_x_oppftrate,X,opp_team_season,0.49873032657023586,3.564423899286466e-06,1.0758865748153077,0.013528250916214825,0.0133496145229499,7.607475112355087,0.7853577371048253,4.3024873476339123e-05,6.107067217191493e-05,-0.6461440192760751,0.7237936772046589,2.24410081779722e-05,2.8810599712622966e-05,-0.6551958122001611,0.7520798668885191,4.482287428033175e-05,7.212327119793793e-05,-0.5720546183743384,0.7520798668885191,N_PSWAP+N_ENTITY,1.1809804711975294,0.7237936772046589,0.7354409317803661,3.5294910218280344e-05,4.892968727203025e-05,-0.6484915005196042,-0.6484915005196042,1.0,-0.6484915005196042,0.7416664669687408
POOLED,MAIN,12942,748943.2616288054,y_pts,ANCHOR,B_SINGLE,G01_noise,G,row,0.4835719822616077,1.8133148039552328e-06,0.010259952648329504,0.9984716882294995,0.9984625666960942,7.607475112355087,0.831946755407654,3.6138393438737554e-05,4.924258061473824e-05,-0.6970609217931375,,,,,,,,,0.831946755407654,N_ROW (candidate varies at ROW level),1.0,,,,,,,,,
POOLED,MAIN,12942,748943.2616288054,y_pts,ANCHOR,B_COMPLETE,G01_noise,G,row,0.49840168590631395,1.8373497197511243e-06,0.010329911916648839,0.9984716882294995,0.9982511879250484,7.607475112355087,0.8236272878535774,3.5279620773400714e-05,4.8205618906756164e-05,-0.6937421780298427,,,,,,,,,0.8236272878535774,N_ROW (candidate varies at ROW level),1.0,,,,,,,,,
POOLED,MAIN,12942,748943.2616288054,y_pts,ANCHOR,B_SINGLE,G02_placebo_noop,G,row,0.4835719822616077,0.0,0.0,14.329675631804818,2.9830683951410074e-13,7.607475112355087,1.0,3.7206153050183905e-05,5.1314415600624014e-05,-0.7250623945473025,,,,,,,,,1.0,N_ROW (candidate varies at ROW level),1.0,,,,,,,,,
POOLED,MAIN,12942,748943.2616288054,y_pts,ANCHOR,B_COMPLETE,G02_placebo_noop,G,row,0.49840168590631395,0.0,0.0,14.329675631804818,9.505908747090953e-12,7.607475112355087,1.0,3.643596735540188e-05,5.072681406993441e-05,-0.7182782523099029,,,,,,,,,1.0,N_ROW (candidate varies at ROW level),1.0,,,,,,,,,
POOLED,MAIN,12942,748943.2616288054,y_pts,ANCHOR,B_SINGLE,G03_placebo_perturbed,G,row,0.4835719822616077,3.667393558142732e-05,-0.01143758325525592,5.761704019029781,4.027958902709726,7.607475112355087,0.3427620632279534,3.654427512511685e-05,5.019827054803135e-05,0.0025829666021343484,,,,,,,,,0.3427620632279534,N_ROW (candidate varies at ROW level),1.0,,,,,,,,,
POOLED,MAIN,12942,748943.2616288054,y_pts,ANCHOR,B_COMPLETE,G03_placebo_perturbed,G,row,0.49840168590631395,2.4614365385254037e-05,-0.009374629387031349,5.761704019029781,4.026064741437748,7.607475112355087,0.40266222961730447,3.479849628430327e-05,4.857319297334105e-05,-0.20966566691711416,,,,,,,,,0.40266222961730447,N_ROW (candidate varies at ROW level),1.0,,,,,,,,,
POOLED,F08_ONLY,12948,749428.829394501,y_pts,ANCHOR,B_SINGLE,F08_prior_fta_given,F,player_season,0.4837504145382511,0.0001407193906333544,0.10804637576019482,1.271366316240454,0.8353094467690705,7.6081772837788755,0.07154742096505824,3.996332272810397e-05,5.5832628497262335e-05,1.8046090720982417,1.0,0.0016589670180526433,0.00034255395467065194,-4.432141584466617,0.18136439267886856,7.871049611096405e-05,0.00011435494082239633,0.5422493691697661,0.18136439267886856,N_PSWAP,2.048174049839039,1.0,,,,,0.5422493691697661,0.23960066555740434,0.5422493691697661,0.29382334097128915
POOLED,F08_ONLY,12948,749428.829394501,y_pts,ANCHOR,B_COMPLETE,F08_prior_fta_given,F,player_season,0.4986004209780063,0.0002762314519502203,0.15452486581678188,1.271366316240454,0.8183117964335936,7.6081772837788755,0.004991680532445923,3.888082466754901e-05,5.4284386906112275e-05,4.372355308961705,1.0,0.002520110237239201,0.00040337550702348356,-5.56275417376382,0.026622296173044926,4.784868129296785e-05,6.849590380148058e-05,3.334254429566572,0.026622296173044926,N_PSWAP,1.2617975021058612,1.0,,,,,3.334254429566572,0.029950083194675542,3.334254429566572,0.0004276419555545133
DECISION,MAIN,5111,1006.4711406769713,y_any_fta,A,B_SINGLE,F01_prior_ftr,F,player_season,0.14151401977357558,0.00021000392787143867,0.08926475897865783,0.10030492846246324,0.07204832445695993,0.44380297912610694,0.2995008319467554,0.0001894609211603051,0.00026676587533167446,0.07700762582767426,1.0,0.0030335290040931543,0.000656649582967677,-4.29989624521044,0.31281198003327787,0.00021176882358568374,0.00030962118394149614,-0.005700177525897405,0.31281198003327787,N_PSWAP,1.1606476411442765,1.0,,,,,-0.005700177525897405,1.0,-0.005700177525897405,0.5022740277014617
DECISION,MAIN,5111,1006.4711406769713,y_any_fta,A,B_COMPLETE,F01_prior_ftr,F,player_season,0.1535840649299156,0.002310112657156377,0.3400112140166209,0.10030492846246324,0.06273552722669347,0.44380297912610694,0.0016638935108153079,0.000187590435388452,0.0002621944929289269,8.09522045279295,1.0,0.008276210091254706,0.001163714656895548,-5.126770036577643,0.0016638935108153079,0.0001736820364389113,0.0002495258662946601,8.561960539171508,0.0016638935108153079,N_PSWAP,0.951682331338283,1.0,,,,,8.561960539171508,0.0016638935108153079,8.561960539171508,5.548208902752819e-18
DECISION,MAIN,5111,1006.4711406769713,y_any_fta,A,B_SINGLE,F02_prior_fd_pm,F,player_season,0.14151401977357558,0.006034091220274934,1.4405486489442962,0.03718755809825841,0.02393140625820101,0.44380297912610694,0.0016638935108153079,0.0001974442033632092,0.00026435085341690236,22.079168428886696,1.0,0.009532212092963895,0.0007923130476390519,-4.4150741718979924,0.0016638935108153079,0.00022076296913103353,0.00031760353956532153,18.3037262717542,0.0016638935108153079,N_PSWAP,1.201446999168319,1.0,,,,,18.3037262717542,0.0016638935108153079,18.3037262717542,3.8639044966993193e-75
DECISION,MAIN,5111,1006.4711406769713,y_any_fta,A,B_COMPLETE,F02_prior_fd_pm,F,player_season,0.1535840649299156,0.0019481918632532188,0.9242668085334557,0.03718755809825841,0.021193794474242973,0.44380297912610694,0.0016638935108153079,0.0001936656525560486,0.0002554075296191587,6.869516389408588,1.0,0.00496010224780122,0.000618368447254062,-4.870737499500086,0.0016638935108153079,0.00018021147201153402,0.00026387258596669786,6.700129097400112,0.0016638935108153079,N_PSWAP,1.0331433312093872,1.0,,,,,6.700129097400112,0.016638935108153077,6.700129097400112,1.0411773521176606e-11
DECISION,MAIN,5111,1006.4711406769713,y_any_fta,A,B_SINGLE,F03_prior_ft_pct,F,player_season,0.14151401977357558,1.9938304834575484e-05,0.0212717322889104,0.09620079822408081,0.09316042698209154,0.44380297912610694,0.7371048252911814,0.00016173643817041857,0.00021435992019018646,-0.6614955501477868,0.3793677204658902,2.6089139290409146e-05,3.637758697896773e-05,-0.16908308017763418,0.7554076539101497,0.00022012408266803904,0.000316304656966479,-0.6328891257983553,0.7554076539101497,N_PSWAP,1.4755774152455559,0.3793677204658902,,,,,-0.6328891257983553,1.0,-0.6328891257983553,0.7365969965569588
DECISION,MAIN,5111,1006.4711406769713,y_any_fta,A,B_COMPLETE,F03_prior_ft_pct,F,player_season,0.1535840649299156,1.090009828197105e-06,-0.005068860303484737,0.09620079822408081,0.09141029232082941,0.44380297912610694,0.9517470881863561,0.00015824634650211453,0.00020772999948054312,-0.7565413617046554,0.9434276206322796,6.924676072096488e-05,7.313149801951781e-05,-0.9319753148578697,0.940099833610649,0.00017375784301559038,0.00023961039242933815,-0.7206191327377988,0.940099833610649,N_PSWAP,1.1534703366317636,0.9434276206322796,,,,,-0.7206191327377988,1.0,-0.7206191327377988,0.764428074140459
DECISION,MAIN,5111,1006.4711406769713,y_any_fta,A,B_SINGLE,F04_prior_paint_share,F,player_season,0.14151401977357558,0.0008945657377941755,0.07477502561448357,0.17867659185776885,0.17751692772805683,0.44380297912610694,0.011647254575707155,0.00016317831743182937,0.00021773753720486278,3.3590322998565263,0.008319467554076539,0.0006193909652187004,0.00010495095527645889,2.6219368070601874,0.03161397670549085,0.00020891005817273494,0.0002649323945557736,2.588040170667375,0.03161397670549085,N_PSWAP,1.2167511305434973,0.008319467554076539,,,,,2.588040170667375,0.46089850249584025,2.588040170667375,0.004826185973054143
DECISION,MAIN,5111,1006.4711406769713,y_any_fta,A,B_COMPLETE,F04_prior_paint_share,F,player_season,0.1535840649299156,0.002422957455050349,0.13013759209802309,0.17867659185776885,0.16786507180302163,0.44380297912610694,0.0016638935108153079,0.0001606663235785639,0.00021715515038609595,10.417856207644594,0.009983361064891847,0.001953146280602335,0.00019299348398012965,2.4343369773892727,0.0016638935108153079,0.00016152348955669578,0.00021939096057865001,10.307780956558354,0.0016638935108153079,N_PSWAP,1.0102959114189962,0.009983361064891847,,,,,10.307780956558354,0.0016638935108153079,10.307780956558354,3.2492225176383577e-25
DECISION,MAIN,5111,1006.4711406769713,y_any_fta,A,B_SINGLE,F05_prior_fga_pm,F,player_season,0.14151401977357558,0.006684089249516313,0.5145468678760644,0.09054407062556698,0.07051579302437079,0.44380297912610694,0.0016638935108153079,0.0001818591160703649,0.0002597779804512065,25.029951045705538,0.6755407653910149,0.006893956657893344,0.00040228090977857244,-0.5216936803999678,0.0016638935108153079,0.00022852842141655986,0.00033028622999581233,19.545352611828843,0.0016638935108153079,N_PSWAP,1.2714173442342596,0.6755407653910149,,,,,19.545352611828843,0.0016638935108153079,19.545352611828843,2.259292527538926e-85
DECISION,MAIN,5111,1006.4711406769713,y_any_fta,A,B_COMPLETE,F05_prior_fga_pm,F,player_season,0.1535840649299156,3.0602163314144093e-07,0.010806887109687515,0.09054407062556698,0.022717768134679284,0.44380297912610694,0.9683860232945092,0.0001789693813221171,0.00025099667958859825,-0.7118156303175717,0.9916805324459235,0.00018667451096320833,0.00015679106846752306,-1.188642255911856,0.9717138103161398,0.00018500887127852997,0.0002447968060545026,-0.7545149490400848,0.9717138103161398,N_PSWAP,0.9752989818659844,0.9916805324459235,,,,,-0.7545149490400848,1.0,-0.7545149490400848,0.7747299739659574
DECISION,MAIN,5111,1006.4711406769713,y_any_fta,A,B_SINGLE,F06_prior_fg3a_share,F,player_season,0.14151401977357558,0.0013075479321496884,-0.08842268953377871,0.18701197084310686,0.1814910869756347,0.44380297912610694,0.0016638935108153079,0.00015965803536513098,0.00021826777074940792,5.259090212189155,0.6821963394342762,0.0013509026791094247,0.00010032910728455966,-0.4321253137115117,0.016638935108153077,0.00022223561418064811,0.0002998278224782989,3.6197852120531397,0.016638935108153077,N_PSWAP,1.3736696968538231,0.6821963394342762,,,,,3.6197852120531397,0.24958402662229617,3.6197852120531397,0.0001474238427967512
DECISION,MAIN,5111,1006.4711406769713,y_any_fta,A,B_COMPLETE,F06_prior_fg3a_share,F,player_season,0.1535840649299156,0.001582588316947263,-0.0999164464260676,0.18701197084310686,0.17670026918544945,0.44380297912610694,0.0016638935108153079,0.00015666400383468844,0.00021410101327095886,6.660054015288447,0.8069883527454242,0.0016797384738517981,0.00011295288693781198,-0.8600945007985744,0.0016638935108153079,0.00017392542741961355,0.00022824203874396886,6.171794193916314,0.0016638935108153079,N_PSWAP,1.066048381822059,0.8069883527454242,,,,,6.171794193916314,0.028286189683860232,6.171794193916314,3.375967366968616e-10
DECISION,MAIN,5111,1006.4711406769713,y_any_fta,A,B_SINGLE,F09_prior_starter_rate,F,player_season,0.14151401977357558,5.678578827868484e-09,-0.00017088675135289557,0.21742504544182645,0.19570487720844096,0.44380297912610694,0.9966722129783694,0.00017735614648728374,0.0002461157599596087,-0.7205977704863832,0.9883527454242929,2.7744881111440866e-05,3.4974147329483195e-05,-0.7931344907793895,1.0,0.00024534661250927514,0.00036169851440715997,-0.6783022991746926,1.0,N_PSWAP,1.4696276031511357,0.9883527454242929,,,,,-0.6783022991746926,1.0,-0.6783022991746926,0.7512099970746615
DECISION,MAIN,5111,1006.4711406769713,y_any_fta,A,B_COMPLETE,F09_prior_starter_rate,F,player_season,0.1535840649299156,8.672786892965795e-06,0.008977948015904614,0.21742504544182645,0.1455768990940175,0.44380297912610694,0.8419301164725458,0.00017283887708332158,0.00024136992767544112,-0.6801430972424298,0.8119800332778702,7.152624180053823e-05,7.532036916880908e-05,-0.8344815034921613,0.8169717138103162,0.00018926951928527233,0.00025644005950205067,-0.7042454004377673,0.8169717138103162,N_PSWAP,1.0624358302285015,0.8119800332778702,,,,,-0.7042454004377673,1.0,-0.7042454004377673,0.7593600342137912
DECISION,MAIN,5111,1006.4711406769713,y_any_fta,A,B_SINGLE,F10_prior_pf_pm,F,player_season,0.14151401977357558,0.00046218097162131576,0.4129019557373862,0.023175742406118336,0.023107305378851865,0.44380297912610694,0.09650582362728785,0.00016128303151327975,0.0002307292714329485,1.3041168909315393,0.2096505823627288,0.00036680493314127685,0.00012148126594680304,0.7851090267844618,0.14143094841930118,0.00021114273608100712,0.0002746827498340782,0.9139206436951284,0.14143094841930118,N_PSWAP,1.190498059167594,0.2096505823627288,,,,,0.9139206436951284,0.9450915141430949,0.9139206436951284,0.18037927626771097
DECISION,MAIN,5111,1006.4711406769713,y_any_fta,A,B_COMPLETE,F10_prior_pf_pm,F,player_season,0.1535840649299156,0.0004182648849302664,0.44175969528437936,0.023175742406118336,0.020546120275788688,0.44380297912610694,0.10815307820299501,0.00016181188844576294,0.00023328297205467297,1.0993215416700035,0.19800332778702162,0.00031843406575581543,0.00012211905913363472,0.8174876213647063,0.11813643926788686,0.0001693370933867433,0.00022512006424290243,1.1057556881066466,0.11813643926788686,N_PSWAP,0.9650085570332264,0.19800332778702162,,,,,1.1057556881066466,0.9068219633943427,1.1057556881066466,0.13441614848781913
DECISION,MAIN,5111,1006.4711406769713,y_any_fta,A,B_SINGLE,M01_opp_pf_pg,M,opp_team_season,0.14151401977357558,0.003688847960040186,0.0175634589728047,1.5347856170874405,1.5347072348901032,0.44380297912610694,0.0016638935108153079,0.0001856657618732162,0.00025931803819373103,13.509211401444494,,,,,,,,,0.0016638935108153079,N_ENTITY,1.606330926074289,,0.0016638935108153079,0.00031700132749557,0.0004165505844395038,8.094687076436724,8.094687076436724,0.0016638935108153079,8.094687076436724,2.8705871582751515e-16
DECISION,MAIN,5111,1006.4711406769713,y_any_fta,A,B_COMPLETE,M01_opp_pf_pg,M,opp_team_season,0.1535840649299156,0.00448023667640178,0.020558502371433855,1.5347856170874405,1.4449380157467004,0.44380297912610694,0.0016638935108153079,0.00018566198102654808,0.00025506437496774733,16.837218823358917,,,,,,,,,0.0016638935108153079,N_ENTITY,1.6633665210407835,,0.0016638935108153079,0.0003201196531291212,0.0004242655420315438,9.805455808059374,9.805455808059374,0.0016638935108153079,9.805455808059374,5.333217114024387e-23
DECISION,MAIN,5111,1006.4711406769713,y_any_fta,A,B_COMPLETE_PLUS_M02,M01_opp_pf_pg,M,opp_team_season,0.15862120000042446,6.409471820192018e-05,0.005443160871577451,1.5347856170874405,0.6527549358265674,0.44380297912610694,0.5757071547420965,0.00018398989680422023,0.0002546910263158706,-0.47074755768428506,,,,,,,,,0.5224625623960066,N_ENTITY,0.7330792888964839,,0.5224625623960066,0.00013797581147490434,0.00018670871645995406,-0.3957024325044323,-0.3957024325044323,1.0,-0.3957024325044323,0.6538377265911676
DECISION,MAIN,5111,1006.4711406769713,y_any_fta,A,B_SINGLE,M02_opp_allowed_fta_pg,M,opp_team_season,0.14151401977357558,0.004479507205587652,0.013232992913877984,2.244772104666457,2.24464286926605,0.44380297912610694,0.0016638935108153079,0.00018858116113865245,0.0002700240545324708,15.890902948918608,,,,,,,,,0.0016638935108153079,N_ENTITY,1.578074385360945,,0.0016638935108153079,0.0003178758308892744,0.00042611804388899917,9.766381486024219,9.766381486024219,0.0016638935108153079,9.766381486024219,7.847902916810778e-23
DECISION,MAIN,5111,1006.4711406769713,y_any_fta,A,B_COMPLETE,M02_opp_allowed_fta_pg,M,opp_team_season,0.1535840649299156,0.00503713507050894,0.014366623219180759,2.244772104666457,2.192437942763878,0.44380297912610694,0.0016638935108153079,0.0001881562113333057,0.00027013419004551416,17.950259677823983,,,,,,,,,0.0016638935108153079,N_ENTITY,1.5923964692123034,,0.0016638935108153079,0.0003200587384412817,0.0004301607304420021,10.965846015792122,10.965846015792122,0.0016638935108153079,10.965846015792122,2.788822176203449e-28
DECISION,MAIN,5111,1006.4711406769713,y_any_fta,A,B_SINGLE,M03_opp_allowed_ftm_pg,M,opp_team_season,0.14151401977357558,0.004456326816483945,0.015435670154833707,1.9194392109864393,1.9193458605256424,0.44380297912610694,0.0016638935108153079,0.00018413524060427664,0.00026082476162745386,16.379547513904395,,,,,,,,,0.0016638935108153079,N_ENTITY,1.595995052417238,,0.0016638935108153079,0.00030734691733219616,0.0004162750291053218,9.96691996651573,9.96691996651573,0.0016638935108153079,9.96691996651573,1.0636169483133351e-23
DECISION,MAIN,5111,1006.4711406769713,y_any_fta,A,B_COMPLETE,M03_opp_allowed_ftm_pg,M,opp_team_season,0.1535840649299156,0.005045583046329907,0.016847008148712195,1.9194392109864393,1.8712124856367192,0.44380297912610694,0.0016638935108153079,0.00018313234926704348,0.00025997276824888164,18.703692428307946,,,,,,,,,0.0016638935108153079,N_ENTITY,1.613847745765138,,0.0016638935108153079,0.00031041565461427216,0.0004195564659987802,11.286126601441536,11.286126601441536,0.0016638935108153079,11.286126601441536,7.683006644366814e-30
DECISION,MAIN,5111,1006.4711406769713,y_any_fta,A,B_COMPLETE_PLUS_M02,M03_opp_allowed_ftm_pg,M,opp_team_season,0.15862120000042446,5.243462498104067e-05,0.008873439570354249,1.9194392109864393,0.3621656862699736,0.44380297912610694,0.6123128119800333,0.00018110952161950547,0.0002585451266845635,-0.49768834666705547,,,,,,,,,0.5207986688851913,N_ENTITY,0.6780990435382835,,0.5207986688851913,0.00013391391513190248,0.00017531920311628684,-0.46474823466324855,-0.46474823466324855,1.0,-0.46474823466324855,0.6789441373280971
DECISION,MAIN,5111,1006.4711406769713,y_any_fta,A,B_SINGLE,M04_opp_allowed_ft_rate,M,opp_team_season,0.14151401977357558,0.004735440541900147,0.8653168645754724,0.035296135288916224,0.03529354148175437,0.44380297912610694,0.0016638935108153079,0.00018602777502804707,0.0002698743939753088,16.857519158665838,,,,,,,,,0.0016638935108153079,N_ENTITY,1.629660198066419,,0.0016638935108153079,0.0003190174833812061,0.0004398035583388565,10.04180838190538,10.04180838190538,0.0016638935108153079,10.04180838190538,4.9913501234952576e-24
DECISION,MAIN,5111,1006.4711406769713,y_any_fta,A,B_COMPLETE,M04_opp_allowed_ft_rate,M,opp_team_season,0.1535840649299156,0.005211320718013794,0.9291661032248266,0.035296135288916224,0.03448027778660353,0.44380297912610694,0.0016638935108153079,0.00018495544109405464,0.00026666473411669187,18.849006388374598,,,,,,,,,0.0016638935108153079,N_ENTITY,1.6781082912089724,,0.0016638935108153079,0.0003210116589187736,0.00044749230129425676,10.928252944131229,10.928252944131229,0.0016638935108153079,10.928252944131229,4.222940092734553e-28
DECISION,MAIN,5111,1006.4711406769713,y_any_fta,A,B_COMPLETE_PLUS_M02,M04_opp_allowed_ft_rate,M,opp_team_season,0.15862120000042446,0.00019807718975786543,0.6958353226498468,0.035296135288916224,0.008976374742403016,0.44380297912610694,0.30615640599001664,0.00018366427582466226,0.00026864646786074265,0.05365011514193571,,,,,,,,,0.26622296173044924,N_ENTITY,0.7104910853791153,,0.26622296173044924,0.00014615610862882126,0.00019087092053364467,0.2720219559054942,0.2720219559054942,1.0,0.2720219559054942,0.3928025848495331
DECISION,MAIN,5111,1006.4711406769713,y_any_fta,A,B_SINGLE,M05_opp_allowed_hurdle_rate,M,opp_team_season,0.14151401977357558,0.002934755416033735,0.7501510624365899,0.032054928501671874,0.03204995624107672,0.44380297912610694,0.0016638935108153079,0.0001813067328610991,0.0002464102090139389,11.174247585727585,,,,,,,,,0.004991680532445923,N_ENTITY,1.6043633820833865,,0.004991680532445923,0.00030905413667572305,0.0003953315163134771,6.64177069372827,6.64177069372827,0.018302828618968387,6.64177069372827,1.5496843100229644e-11
DECISION,MAIN,5111,1006.4711406769713,y_any_fta,A,B_COMPLETE,M05_opp_allowed_hurdle_rate,M,opp_team_season,0.1535840649299156,0.0033456045546614785,0.8302685964743536,0.032054928501671874,0.03091782287282645,0.44380297912610694,0.0016638935108153079,0.00017900778317667796,0.0002424842822906597,13.05897743792351,,,,,,,,,0.0033277870216306157,N_ENTITY,1.6572229217953884,,0.0033277870216306157,0.000312174138133353,0.00040185051078718483,7.5486538777465775,7.5486538777465775,0.0033277870216306157,7.5486538777465775,2.198899302826328e-14
DECISION,MAIN,5111,1006.4711406769713,y_any_fta,A,B_COMPLETE_PLUS_M02,M05_opp_allowed_hurdle_rate,M,opp_team_season,0.15862120000042446,0.00016775857910136498,0.25402128524659146,0.032054928501671874,0.022628849480917364,0.44380297912610694,0.33444259567387685,0.00017805806062740848,0.00024211307288033633,-0.042539964503007205,,,,,,,,,0.2961730449251248,N_ENTITY,0.8213929978476057,,0.2961730449251248,0.00015259499774270373,0.0001988699827512753,0.07624871862952885,0.07624871862952885,1.0,0.07624871862952885,0.46961057400527195
DECISION,MAIN,5111,1006.4711406769713,y_any_fta,A,B_SINGLE,M06_opp_pace,M,opp_team_season,0.14151401977357558,0.0007350143185894504,0.0031903163768887783,3.771524709402988,3.771415309697212,0.44380297912610694,0.03826955074875208,0.0001743545149704296,0.0002345236303093497,2.390632461553999,,,,,,,,,0.04326123128119801,N_ENTITY,1.0894954370378689,,0.04326123128119801,0.00020263079408434467,0.0002555124250995926,2.0835915290522387,2.0835915290522387,0.5990016638935108,2.0835915290522387,0.01859866735689345
DECISION,MAIN,5111,1006.4711406769713,y_any_fta,A,B_COMPLETE,M06_opp_pace,M,opp_team_season,0.1535840649299156,0.0007661789100634144,0.0032690283141802432,3.771524709402988,3.7578256606753464,0.44380297912610694,0.03161397670549085,0.00016938440780596507,0.00022463120418497054,2.6567747095636114,,,,,,,,,0.033277870216306155,N_ENTITY,1.11950701064714,,0.033277870216306155,0.00020288979888298146,0.0002514762078951837,2.2399300351117675,2.2399300351117675,0.5590682196339434,2.2399300351117675,0.012547731580642972
DECISION,MAIN,5111,1006.4711406769713,y_any_fta,A,B_COMPLETE_PLUS_M02,M06_opp_pace,M,opp_team_season,0.15862120000042446,2.044673596991754e-05,0.0005656921642240695,3.771524709402988,3.547497063186345,0.44380297912610694,0.7271214642262895,0.00016766833509620328,0.0002215362677597479,-0.6645485211746227,,,,,,,,,0.6805324459234608,N_ENTITY,0.6856911455541025,,0.6805324459234608,0.0001081024170926917,0.00015190545722196193,-0.5770410275299921,-0.5770410275299921,1.0,-0.5770410275299921,0.71804415353857
DECISION,MAIN,5111,1006.4711406769713,y_any_fta,A,B_COMPLETE,X01_fd_x_oppfoul,X,opp_team_season,0.1535840649299156,1.3761370198317082e-06,-0.009042983765335844,0.060242012200947985,0.057571732798606445,0.44380297912610694,0.9417637271214643,0.0001601586424225939,0.00024062375668723742,-0.6598787567311882,0.9933444259567388,0.0005702098130726085,0.000471371618625791,-1.2067626763595165,0.9217970049916805,0.00016116461430271966,0.0002111740233397117,-0.7566672962698598,0.9217970049916805,N_PSWAP+N_ENTITY,0.877610865390135,0.9933444259567388,0.9068219633943427,0.00014234589210724202,0.0002108914010846076,-0.6684471456038864,-0.7566672962698598,1.0,-0.7566672962698598,0.7753754036892808
DECISION,MAIN,5111,1006.4711406769713,y_any_fta,A,B_MATCHUP,X01_fd_x_oppfoul,X,opp_team_season,0.15973952984436424,0.00017026693122941346,-0.10673031124872966,0.060242012200947985,0.054258476048836934,0.44380297912610694,0.281198003327787,0.00016020515869835092,0.00024147668922695363,0.04166767634289499,0.5540765391014975,0.0003056789155778253,0.00033177481477781066,-0.40814425422585837,0.31281198003327787,0.0001593657848318201,0.00021204369681339477,0.05140990541768716,0.31281198003327787,N_PSWAP+N_ENTITY,0.8781124898316953,0.5540765391014975,0.2529118136439268,0.00013236553436584192,0.0001954327830817703,0.19393571675082452,0.05140990541768716,1.0,0.05140990541768716,0.47949940464141394
DECISION,MAIN,5111,1006.4711406769713,y_any_fta,A,B_COMPLETE,X02_ftr_x_oppftrate,X,opp_team_season,0.1535840649299156,0.0005586015938134237,-2.9235271125821147,0.0036196259795292407,0.0035878491307390296,0.44380297912610694,0.04658901830282862,0.00016352500416608065,0.00023815341213208186,1.6589163519027403,0.33777038269550747,0.00047204109898741953,0.0004965199864404411,0.17433436153609366,0.064891846921797,0.00016387281362331154,0.00021372861943756477,1.8468690867365185,0.064891846921797,N_PSWAP+N_ENTITY,0.9273935548045333,0.33777038269550747,0.05490848585690516,0.0001531607406411955,0.00022086193946600048,1.8357207862635918,1.8357207862635918,0.6855241264559068,1.8357207862635918,0.03319947868841189
DECISION,MAIN,5111,1006.4711406769713,y_any_fta,A,B_MATCHUP2,X02_ftr_x_oppftrate,X,opp_team_season,0.160943749265118,0.00015183675650356343,-1.5380102981689596,0.0036196259795292407,0.0035556534719108908,0.44380297912610694,0.3427620632279534,0.00016380742824219575,0.00023898629781798173,-0.05008936431890958,0.5124792013311148,0.00031660368960705065,0.0003968430922190331,-0.4151941569202015,0.34941763727121466,0.00016320031948228843,0.0002135604739478557,-0.05321004757415734,0.34941763727121466,N_PSWAP+N_ENTITY,0.9241724597902571,0.5124792013311148,0.31281198003327787,0.00015551746985461792,0.00022086455471061114,-0.016665025114044038,-0.05321004757415734,1.0,-0.05321004757415734,0.5212177663474573
DECISION,MAIN,5111,1006.4711406769713,y_any_fta,A,B_SINGLE,G01_noise,G,row,0.14151401977357558,0.000158338083219872,0.005584133535183567,1.0003967819812156,1.000062424241329,0.44380297912610694,0.33610648918469216,0.0001676526790001521,0.00022854487614349915,-0.04075609104634505,,,,,,,,,0.33610648918469216,N_ROW (candidate varies at ROW level),1.0,,,,,,,,,
DECISION,MAIN,5111,1006.4711406769713,y_any_fta,A,B_COMPLETE,G01_noise,G,row,0.1535840649299156,0.0002212857781951219,0.006607797583969601,1.0003967819812156,0.9991029331681606,0.44380297912610694,0.26955074875207985,0.00016635553140660766,0.00022957927723020786,0.2392648302199923,,,,,,,,,0.26955074875207985,N_ROW (candidate varies at ROW level),1.0,,,,,,,,,
DECISION,MAIN,5111,1006.4711406769713,y_any_fta,A,B_SINGLE,G02_placebo_noop,G,row,0.14151401977357558,0.0,0.0,0.5230266137990662,6.384164678796307e-14,0.44380297912610694,1.0,0.00018138641956272244,0.0002440849834174448,-0.7431281393190317,,,,,,,,,1.0,N_ROW (candidate varies at ROW level),1.0,,,,,,,,,
DECISION,MAIN,5111,1006.4711406769713,y_any_fta,A,B_COMPLETE,G02_placebo_noop,G,row,0.1535840649299156,0.0,0.0,0.5230266137990662,1.1595896349944953e-12,0.44380297912610694,1.0,0.00017631855244133534,0.00023662795012531653,-0.7451298646164084,,,,,,,,,1.0,N_ROW (candidate varies at ROW level),1.0,,,,,,,,,
DECISION,MAIN,5111,1006.4711406769713,y_any_fta,A,B_SINGLE,G03_placebo_perturbed,G,row,0.14151401977357558,4.827972216048128e-05,0.014789979614673073,0.25357515719391066,0.20849950050346247,0.44380297912610694,0.6039933444259568,0.00016726296278337096,0.00023180232821903084,-0.5132961413159837,,,,,,,,,0.6039933444259568,N_ROW (candidate varies at ROW level),1.0,,,,,,,,,
DECISION,MAIN,5111,1006.4711406769713,y_any_fta,A,B_COMPLETE,G03_placebo_perturbed,G,row,0.1535840649299156,7.091772086174286e-05,0.017948054730678054,0.25357515719391066,0.2082333149817891,0.44380297912610694,0.5224625623960066,0.00016359438879439913,0.00023031134354965576,-0.4023973222694302,,,,,,,,,0.5224625623960066,N_ROW (candidate varies at ROW level),1.0,,,,,,,,,
DECISION,F08_ONLY,5111,1006.4711406769713,y_any_fta,A,B_SINGLE,F08_prior_fta_given,F,player_season,0.14151401977357558,0.008629481124424727,0.04594606331778638,1.2680957292548805,0.8972929345060857,0.44380297912610694,0.0016638935108153079,0.00016724265441442365,0.00023298370026498259,36.321160924072494,0.281198003327787,0.008205588048317738,0.0007264789548565324,0.5834898220702078,0.0016638935108153079,0.00021772755577391192,0.00030087687393704306,27.957461331544316,0.0016638935108153079,N_PSWAP,1.2914073971477087,0.281198003327787,,,,,27.957461331544316,0.0016638935108153079,27.957461331544316,2.6749103475545335e-172
DECISION,F08_ONLY,5111,1006.4711406769713,y_any_fta,A,B_COMPLETE,F08_prior_fta_given,F,player_season,0.1535840649299156,0.0034893258726412706,0.03396738259226424,1.2680957292548805,0.7717895529245918,0.44380297912610694,0.0016638935108153079,0.00016560379555020122,0.00022891432430902805,14.519502382053366,0.47753743760399336,0.0034691947930528292,0.0005228884386543676,0.03849976037000911,0.0016638935108153079,0.00017863668864396442,0.0002474167185139919,13.381024547902895,0.0016638935108153079,N_PSWAP,1.080826720917587,0.47753743760399336,,,,,13.381024547902895,0.0016638935108153079,13.381024547902895,3.9031921296936643e-41
DECISION,MAIN,3733,24932.223948566832,y_fta_given,B,B_SINGLE,F01_prior_ftr,F,player_season,0.13059490722989042,0.00039834718428744854,-0.7602128946013749,0.09406906162464618,0.06785866886634344,2.5846973172920724,0.20299500831946754,0.00024590429419268553,0.00035611933179271186,0.4280668767049585,1.0,0.002207157064466505,0.0006677718873644864,-2.708724213170962,0.23128119800332778,0.0002658654963755966,0.0003787737604388465,0.3497646926713163,0.23128119800332778,N_PSWAP,1.0636147117655528,1.0,,,,,0.3497646926713163,0.9900166389351082,0.3497646926713163,0.36325765190842935
DECISION,MAIN,3733,24932.223948566832,y_fta_given,B,B_COMPLETE,F01_prior_ftr,F,player_season,0.1428627544307176,0.0012427749107015024,1.7053561761068912,0.09406906162464618,0.053430696096698566,2.5846973172920724,0.026622296173044926,0.00024424714365785385,0.0003533688667293772,2.8257378084424105,1.0,0.010602749907048794,0.001639303681699017,-5.709726087265521,0.033277870216306155,0.0002607433324895438,0.0003701371172340582,2.6531561750694825,0.033277870216306155,N_PSWAP,1.047452540626684,1.0,,,,,2.6531561750694825,0.4525790349417637,2.6531561750694825,0.00398714814965933
DECISION,MAIN,3733,24932.223948566832,y_fta_given,B,B_SINGLE,F02_prior_fd_pm,F,player_season,0.13059490722989042,0.009549229536567849,12.522798349921956,0.0357120472447478,0.020169376410078342,2.5846973172920724,0.0016638935108153079,0.0002630481198012081,0.0003438687565064861,27.00501642286156,1.0,0.01760976031424764,0.0015328917477560211,-5.258382263117725,0.0016638935108153079,0.0002450793138540312,0.0003395296897819875,27.40305340804813,0.0016638935108153079,N_PSWAP,0.9873816197534748,1.0,,,,,27.40305340804813,0.0016638935108153079,27.40305340804813,1.2610591260299211e-165
DECISION,MAIN,3733,24932.223948566832,y_fta_given,B,B_COMPLETE,F02_prior_fd_pm,F,player_season,0.1428627544307176,0.007084070300232676,11.609931196019579,0.0357120472447478,0.018737924177297124,2.5846973172920724,0.0016638935108153079,0.00026204878658402895,0.000345242331389556,19.760095716509873,1.0,0.015373010423617401,0.0014837579937491063,-5.586450188174238,0.0016638935108153079,0.000227390305479138,0.0003160549517624197,21.694581769779525,0.0016638935108153079,N_PSWAP,0.9154582825644213,1.0,,,,,21.694581769779525,0.0016638935108153079,21.694581769779525,1.1540712925703848e-104
DECISION,MAIN,3733,24932.223948566832,y_fta_given,B,B_SINGLE,F03_prior_ft_pct,F,player_season,0.13059490722989042,0.0007344032894600462,0.8011474307472747,0.08804402187313878,0.08743082059111705,2.5846973172920724,0.08652246256239601,0.00024540613573177477,0.0003642208674838146,1.3425841223938155,0.2079866888519135,0.0005666423365667075,0.00022625097960245219,0.7414816642478772,0.06655574043261231,0.00023852907853510064,0.00032845951845508645,1.5096965777009486,0.06655574043261231,N_PSWAP,0.9018141127503703,0.2079866888519135,,,,,1.5096965777009486,0.7870216306156406,1.5096965777009486,0.06556043297210613
DECISION,MAIN,3733,24932.223948566832,y_fta_given,B,B_COMPLETE,F03_prior_ft_pct,F,player_season,0.1428627544307176,6.609217769414507e-05,0.2543771796400798,0.08804402187313878,0.08260504557023371,2.5846973172920724,0.5740432612312812,0.00024171504990581503,0.00035460210109733263,-0.4952674326186925,0.22129783693843594,4.3724984535304916e-05,5.718292971234959e-05,0.3911515774262541,0.632279534109817,0.00023799654644604402,0.00030897057725984766,-0.5563777958291655,0.632279534109817,N_PSWAP,0.8713162620969359,0.22129783693843594,,,,,-0.5563777958291655,1.0,-0.5563777958291655,0.7110237165761568
DECISION,MAIN,3733,24932.223948566832,y_fta_given,B,B_SINGLE,F04_prior_paint_share,F,player_season,0.13059490722989042,2.1559593018930306e-05,0.06969560525672809,0.1722749357291645,0.1721966020494009,2.5846973172920724,0.7420965058236273,0.0002270118981439825,0.0003467749086856216,-0.592465890637176,0.39767054908485855,2.0612724972142308e-05,1.7404402324877506e-05,0.0544039392513102,0.7886855241264559,0.00028457156243821857,0.00039234610999800106,-0.6703570207963278,0.7886855241264559,N_PSWAP,1.131414356030278,0.39767054908485855,,,,,-0.6703570207963278,1.0,-0.6703570207963278,0.7486849054555369
DECISION,MAIN,3733,24932.223948566832,y_fta_given,B,B_COMPLETE,F04_prior_paint_share,F,player_season,0.1428627544307176,0.0006756999132059761,0.40901575977387683,0.1722749357291645,0.16426558380429054,2.5846973172920724,0.08485856905158069,0.00022557458164436435,0.0003468813227195088,1.2976349606622866,0.0016638935108153079,0.00030560129600786846,7.530164863525528e-05,4.914880668692719,0.11480865224625623,0.00026617502373162295,0.00034943250754858313,1.1719713553479711,0.11480865224625623,N_PSWAP,1.00735463301706,0.0016638935108153079,,,,,1.1719713553479711,0.8685524126455907,1.1719713553479711,0.12060428666818958
DECISION,MAIN,3733,24932.223948566832,y_fta_given,B,B_SINGLE,F05_prior_fga_pm,F,player_season,0.13059490722989042,0.008291537127772461,3.5437294727940287,0.08484595073007335,0.06641507331048974,2.5846973172920724,0.0016638935108153079,0.0002622132177139826,0.00038012154850482037,21.123043251931445,0.7387687188019967,0.008750859846051168,0.0007145501424419039,-0.6428138362816885,0.0016638935108153079,0.0002520884357064844,0.0003747245753020799,21.45428728709631,0.0016638935108153079,N_PSWAP,0.9858019803824091,0.7387687188019967,,,,,21.45428728709631,0.0016638935108153079,21.45428728709631,2.0822187549891963e-102
DECISION,MAIN,3733,24932.223948566832,y_fta_given,B,B_COMPLETE,F05_prior_fga_pm,F,player_season,0.1428627544307176,0.0009201692515540076,3.0551183994938578,0.08484595073007335,0.025663477504785735,2.5846973172920724,0.07154742096505824,0.00026152075386006704,0.0003776205765257844,1.7442071185677754,0.8336106489184693,0.0014842747142014138,0.0006001117168258458,-0.9400007479125944,0.04991680532445923,0.00024372848171862012,0.0003496817501895208,1.934446877678831,0.04991680532445923,N_PSWAP,0.9260134958923355,0.8336106489184693,,,,,1.934446877678831,0.64891846921797,1.934446877678831,0.026529101512551133
DECISION,MAIN,3733,24932.223948566832,y_fta_given,B,B_SINGLE,F06_prior_fg3a_share,F,player_season,0.13059490722989042,1.0947890069837133e-05,-0.04854617730362812,0.18021913015428376,0.1761650974100212,2.5846973172920724,0.8153078202995009,0.000222042479791692,0.0003154850894225629,-0.669111145975946,0.22795341098169716,7.1267919182025635e-06,7.7109580777987e-06,0.4955412950092713,0.8685524126455907,0.00029573815155488727,0.0004438790741836502,-0.6415942495347758,0.8685524126455907,N_PSWAP,1.4069732265194808,0.22795341098169716,,,,,-0.6415942495347758,1.0,-0.6415942495347758,0.7394316868342627
DECISION,MAIN,3733,24932.223948566832,y_fta_given,B,B_COMPLETE,F06_prior_fg3a_share,F,player_season,0.1428627544307176,0.0003149873281707411,-0.2724613953468616,0.18021913015428376,0.16836478378262767,2.5846973172920724,0.23627287853577372,0.00021891779396121766,0.0003055829306592626,0.31438121887981,0.2945091514143095,0.0002867088545628024,5.3437553915931166e-05,0.5291872762818981,0.27287853577371046,0.00027033606108450923,0.00039059356572068797,0.11431644298555041,0.27287853577371046,N_PSWAP,1.2781917002956416,0.2945091514143095,,,,,0.11431644298555041,1.0,0.11431644298555041,0.4544934539896469
DECISION,MAIN,3733,24932.223948566832,y_fta_given,B,B_SINGLE,F07_prior_hurdle_rate,F,player_season,0.13059490722989042,0.007746280999805985,1.692328860382977,0.17861413547673524,0.1344223720593323,2.5846973172920724,0.0016638935108153079,0.00026929415782375336,0.00035522053189104884,21.048858865724377,0.2628951747088186,0.007268439974362494,0.0007527622659969353,0.6347834462858638,0.0016638935108153079,0.00025767607579512845,0.000373630219330096,20.042824526981853,0.0016638935108153079,N_PSWAP,1.0518260792557275,0.2628951747088186,,,,,20.042824526981853,0.0016638935108153079,20.042824526981853,1.1657702043421877e-89
DECISION,MAIN,3733,24932.223948566832,y_fta_given,B,B_COMPLETE,F07_prior_hurdle_rate,F,player_season,0.1428627544307176,0.004985027444451046,1.5487452511770454,0.17861413547673524,0.11783206293730596,2.5846973172920724,0.0016638935108153079,0.00026731699826187765,0.00035530690234677375,13.277846321107377,0.4825291181364393,0.004944389459422647,0.0006917531976717751,0.05874636382625117,0.0016638935108153079,0.0002360351085461771,0.0003333410042830627,14.246649151726242,0.0016638935108153079,N_PSWAP,0.9381776770486921,0.4825291181364393,,,,,14.246649151726242,0.0016638935108153079,14.246649151726242,2.351563508968428e-46
DECISION,MAIN,3733,24932.223948566832,y_fta_given,B,B_SINGLE,F09_prior_starter_rate,F,player_season,0.13059490722989042,0.00046539883831695855,0.2987406594289668,0.19837643007938202,0.18665000427556572,2.5846973172920724,0.1896838602329451,0.0002665405719389257,0.0003771413175994037,0.5272778587183556,0.04658901830282862,0.0002858686603372555,9.72418100063377e-05,1.8462241495505092,0.18136439267886856,0.00025785162318594455,0.00037242621102468517,0.5572841249813574,0.18136439267886856,N_PSWAP,0.987497772440497,0.04658901830282862,,,,,0.5572841249813574,0.9700499168053245,0.5572841249813574,0.2886666362085265
DECISION,MAIN,3733,24932.223948566832,y_fta_given,B,B_COMPLETE,F09_prior_starter_rate,F,player_season,0.1428627544307176,0.0002101345704302442,0.27456426907939485,0.19837643007938202,0.1364628466248549,2.5846973172920724,0.37437603993344426,0.0002640949157984957,0.00038002516619525323,-0.14199150521659723,0.03161397670549085,6.643675422548086e-05,5.8001303780942685e-05,2.47749286373762,0.3594009983361065,0.000259080768268918,0.0003544294619431417,-0.13809855865347298,0.3594009983361065,N_PSWAP,0.9326473440999412,0.03161397670549085,,,,,-0.13809855865347298,1.0,-0.13809855865347298,0.5549187455317589
DECISION,MAIN,3733,24932.223948566832,y_fta_given,B,B_SINGLE,F10_prior_pf_pm,F,player_season,0.13059490722989042,0.00027340676524689874,1.9072893307540255,0.02274152645388793,0.022407723714012975,2.5846973172920724,0.2628951747088186,0.00022033857493507081,0.0003352471098776896,0.1582957428960063,0.6622296173044925,0.00033304843080053133,0.00012737542969504026,-0.4682352451836707,0.27454242928452577,0.00025954181131159355,0.0004004008442797486,0.03462768406556642,0.27454242928452577,N_PSWAP,1.1943454021895354,0.6622296173044925,,,,,0.03462768406556642,1.0,0.03462768406556642,0.48618827751528026
DECISION,MAIN,3733,24932.223948566832,y_fta_given,B,B_COMPLETE,F10_prior_pf_pm,F,player_season,0.1428627544307176,0.00021448934048179852,1.8596774292182572,0.02274152645388793,0.02035517914237708,2.5846973172920724,0.324459234608985,0.0002203399653387039,0.00033854534402410477,-0.017281658011781144,0.8019966722129783,0.00032919945473843166,0.00013282015196792763,-0.8636499247819898,0.3410981697171381,0.00024658361293529744,0.0003771212278696393,-0.08510333039272203,0.3410981697171381,N_PSWAP,1.1139459884073546,0.8019966722129783,,,,,-0.08510333039272203,1.0,-0.08510333039272203,0.533910413151212
DECISION,MAIN,3733,24932.223948566832,y_fta_given,B,B_SINGLE,M01_opp_pf_pg,M,opp_team_season,0.13059490722989042,0.008107578412778428,0.15119051292451832,1.5393478120731847,1.5393264451396451,2.5846973172920724,0.0016638935108153079,0.00024186416224491515,0.00032680714659069887,24.068366718995662,,,,,,,,,0.0016638935108153079,N_ENTITY,2.110839424487573,,0.0016638935108153079,0.0005109400796457753,0.0006898374092279367,11.01221567794472,11.01221567794472,0.0016638935108153079,11.01221567794472,1.668473639400747e-28
DECISION,MAIN,3733,24932.223948566832,y_fta_given,B,B_COMPLETE,M01_opp_pf_pg,M,opp_team_season,0.1428627544307176,0.007528277695473187,0.15573664260105555,1.5393478120731847,1.4400139505383587,2.5846973172920724,0.0016638935108153079,0.00023850922088243607,0.00031980216113505663,22.79461917554768,,,,,,,,,0.0016638935108153079,N_ENTITY,2.090367211878002,,0.0016638935108153079,0.0004937120484768952,0.0006685039519244478,10.522848259528788,10.522848259528788,0.0016638935108153079,10.522848259528788,3.389633071514806e-26
DECISION,MAIN,3733,24932.223948566832,y_fta_given,B,B_COMPLETE_PLUS_M02,M01_opp_pf_pg,M,opp_team_season,0.15128188075104232,0.00013469605751243867,0.04516383153454,1.5393478120731847,0.6641961523845082,2.5846973172920724,0.46422628951747086,0.0002364740562184572,0.00031128260232468396,-0.32696333796342003,,,,,,,,,0.43594009983361065,N_ENTITY,0.8969368970071022,,0.43594009983361065,0.00019867412211541351,0.0002792008514213978,-0.22914709707103564,-0.22914709707103564,1.0,-0.22914709707103564,0.5906226881032237
DECISION,MAIN,3733,24932.223948566832,y_fta_given,B,B_SINGLE,M02_opp_allowed_fta_pg,M,opp_team_season,0.13059490722989042,0.008691077871611393,0.10778828982995034,2.235639327370822,2.2355013228786436,2.5846973172920724,0.0016638935108153079,0.0002494347559491694,0.0003392581285429088,24.882655433838895,,,,,,,,,0.0016638935108153079,N_ENTITY,2.2350000806215067,,0.0016638935108153079,0.0005403343017640409,0.0007582419446449025,10.74952873210474,10.74952873210474,0.0016638935108153079,10.74952873210474,2.9782585630937094e-27
DECISION,MAIN,3733,24932.223948566832,y_fta_given,B,B_COMPLETE,M02_opp_allowed_fta_pg,M,opp_team_season,0.1428627544307176,0.008419126320324587,0.10911756411474606,2.235639327370822,2.173444438575662,2.5846973172920724,0.0016638935108153079,0.00024386597397416844,0.0003316261240022396,24.652039615236127,,,,,,,,,0.0016638935108153079,N_ENTITY,2.226997308398979,,0.0016638935108153079,0.000525305452202748,0.0007385304855477737,10.688551146628608,10.688551146628608,0.0016638935108153079,10.688551146628608,5.757789814809755e-27
DECISION,MAIN,3733,24932.223948566832,y_fta_given,B,B_SINGLE,M03_opp_allowed_ftm_pg,M,opp_team_season,0.13059490722989042,0.008901353039301046,0.12751887869340492,1.9123474096965514,1.9123316808903017,2.5846973172920724,0.0016638935108153079,0.0002449937763212904,0.00034121850791041946,25.368961713097697,,,,,,,,,0.0016638935108153079,N_ENTITY,2.155519156820947,,0.0016638935108153079,0.0005245477708258378,0.000735503030462769,11.389219243875353,11.389219243875353,0.0016638935108153079,11.389219243875353,2.3660539947143192e-30
DECISION,MAIN,3733,24932.223948566832,y_fta_given,B,B_COMPLETE,M03_opp_allowed_ftm_pg,M,opp_team_season,0.1428627544307176,0.008643164553299824,0.12954794043125933,1.9123474096965514,1.8548789379600747,2.5846973172920724,0.0016638935108153079,0.00023952182702092155,0.0003335971836611917,25.190988227328138,,,,,,,,,0.0016638935108153079,N_ENTITY,2.1602429250616466,,0.0016638935108153079,0.0005125776787294062,0.0007206509558245802,11.282281399692689,11.282281399692689,0.0016638935108153079,11.282281399692689,8.026404006460889e-30
DECISION,MAIN,3733,24932.223948566832,y_fta_given,B,B_COMPLETE_PLUS_M02,M03_opp_allowed_ftm_pg,M,opp_team_season,0.15128188075104232,0.00023236404117221504,0.10926055713825934,1.9123474096965514,0.3606041677036898,2.5846973172920724,0.3261231281198003,0.0002346059731342393,0.00032512052674022363,-0.006895694911984429,,,,,,,,,0.28618968386023297,N_ENTITY,0.8962201689584564,,0.28618968386023297,0.00020883592155115062,0.00029137957340698555,0.08074731988230838,0.08074731988230838,1.0,0.08074731988230838,0.4678214157097644
DECISION,MAIN,3733,24932.223948566832,y_fta_given,B,B_SINGLE,M04_opp_allowed_ft_rate,M,opp_team_season,0.13059490722989042,0.007095302961118074,6.210519044240095,0.03506077020188875,0.03505639601254025,2.5846973172920724,0.0016638935108153079,0.0002520519828606482,0.0003373487256148671,20.285391521146572,,,,,,,,,0.0016638935108153079,N_ENTITY,2.1453129246871288,,0.0016638935108153079,0.0005411897987407481,0.0007237185811883062,9.056162620028122,9.056162620028122,0.0066555740432612314,9.056162620028122,6.756028248927458e-20
DECISION,MAIN,3733,24932.223948566832,y_fta_given,B,B_COMPLETE,M04_opp_allowed_ft_rate,M,opp_team_season,0.1428627544307176,0.00664637562919398,6.173763988227014,0.03506077020188875,0.034131243414529916,2.5846973172920724,0.0016638935108153079,0.00024605484376357854,0.00032772353604079496,19.529634223871216,,,,,,,,,0.0016638935108153079,N_ENTITY,2.157427538777155,,0.0016638935108153079,0.0005269853027439747,0.0007070397817598385,8.654944862110446,8.654944862110446,0.0066555740432612314,8.654944862110446,2.4657499557172686e-18
DECISION,MAIN,3733,24932.223948566832,y_fta_given,B,B_COMPLETE_PLUS_M02,M04_opp_allowed_ft_rate,M,opp_team_season,0.15128188075104232,0.0006882329018398761,-7.497952683007986,0.03506077020188875,0.009043461874818857,2.5846973172920724,0.09816971713810316,0.00024245519734949456,0.0003206497861419768,1.3902323461803303,,,,,,,,,0.07321131447587355,N_ENTITY,0.8996274771676339,,0.07321131447587355,0.00021831026223939737,0.00028846535816124796,1.6290435794297309,1.6290435794297309,0.7371048252911814,1.6290435794297309,0.051651895582236235
DECISION,MAIN,3733,24932.223948566832,y_fta_given,B,B_SINGLE,M05_opp_allowed_hurdle_rate,M,opp_team_season,0.13059490722989042,0.004898456005705592,5.645039692763264,0.03208142452441726,0.03204588707902816,2.5846973172920724,0.0016638935108153079,0.00022095781817091525,0.0002939046313938384,15.915020342999394,,,,,,,,,0.0016638935108153079,N_ENTITY,2.4988618382677754,,0.0016638935108153079,0.0005272970308623891,0.00073442706748022,5.9517944917803955,5.9517944917803955,0.03826955074875208,5.9517944917803955,1.326091242427459e-09
DECISION,MAIN,3733,24932.223948566832,y_fta_given,B,B_COMPLETE,M05_opp_allowed_hurdle_rate,M,opp_team_season,0.1428627544307176,0.004130176787567217,5.377232602228623,0.03208142452441726,0.03089122919813853,2.5846973172920724,0.0016638935108153079,0.00021822029828529068,0.00029586162097337327,13.222250579212476,,,,,,,,,0.004991680532445923,N_ENTITY,2.3287496615469725,,0.004991680532445923,0.0004916203024245395,0.0006889876497064817,5.2810184430631715,5.2810184430631715,0.0632279534109817,5.2810184430631715,6.42338756901707e-08
DECISION,MAIN,3733,24932.223948566832,y_fta_given,B,B_COMPLETE_PLUS_M02,M05_opp_allowed_hurdle_rate,M,opp_team_season,0.15128188075104232,7.252104590273783e-06,0.30686725164237455,0.03208142452441726,0.022682513486935188,2.5846973172920724,0.8602329450915142,0.00021541205516823186,0.00029607795859187336,-0.7030579093693858,,,,,,,,,0.8519134775374376,N_ENTITY,1.0687497415451692,,0.8519134775374376,0.000231453064327706,0.000316433241722286,-0.7085253070036164,-0.7085253070036164,1.0,-0.7085253070036164,0.7606904637032318
DECISION,MAIN,3733,24932.223948566832,y_fta_given,B,B_SINGLE,M06_opp_pace,M,opp_team_season,0.13059490722989042,0.003983594699445688,0.041203941825811614,3.9599958280315137,3.9592096527830467,2.5846973172920724,0.0016638935108153079,0.00023351634242893698,0.00032180012389170615,11.653439755289675,,,,,,,,,0.011647254575707155,N_ENTITY,2.7813518973163562,,0.011647254575707155,0.0006324709095387902,0.0008950393851428354,3.74410762870743,3.74410762870743,0.23128119800332778,3.74410762870743,9.051802966669007e-05
DECISION,MAIN,3733,24932.223948566832,y_fta_given,B,B_COMPLETE,M06_opp_pace,M,opp_team_season,0.1428627544307176,0.003833308397703475,0.040606847023149366,3.9599958280315137,3.940917133518266,2.5846973172920724,0.0016638935108153079,0.00023262985666113405,0.00032065427383475774,11.229161233315956,,,,,,,,,0.011647254575707155,N_ENTITY,2.731228578258529,,0.011647254575707155,0.0006311324802562639,0.0008757801164382264,3.656369740923523,3.656369740923523,0.24126455906821964,3.656369740923523,0.00012790616473578418
DECISION,MAIN,3733,24932.223948566832,y_fta_given,B,B_COMPLETE_PLUS_M02,M06_opp_pace,M,opp_team_season,0.15128188075104232,0.0011531152417633898,0.02354764426755591,3.9599958280315137,3.7273363272670235,2.5846973172920724,0.02329450915141431,0.00023019411302056773,0.0003160765145256846,2.9199294674828646,,,,,,,,,0.013311148086522463,N_ENTITY,0.9285286955825294,,0.013311148086522463,0.0002176017709702586,0.0002934861137368063,3.187590236831733,3.187590236831733,0.33777038269550747,3.187590236831733,0.0007173184681867223
DECISION,MAIN,3733,24932.223948566832,y_fta_given,B,B_COMPLETE,X01_fd_x_oppfoul,X,opp_team_season,0.1428627544307176,0.0022949142817642893,2.0889738374524236,0.06148687649459627,0.05927341172156274,2.5846973172920724,0.0033277870216306157,0.00022587925104299977,0.0003289052945676525,6.29067109862444,0.07154742096505824,0.0008494409685000509,0.0008595128663739646,1.6817355153300624,0.0016638935108153079,0.00021182043126811564,0.00027138545502118557,7.675775587654681,0.011647254575707155,N_PSWAP+N_ENTITY,1.350964772510934,0.07154742096505824,0.011647254575707155,0.00032715677441202924,0.00044433946645323035,4.428500405465062,4.428500405465062,0.1264559068219634,4.428500405465062,4.744527250748483e-06
DECISION,MAIN,3733,24932.223948566832,y_fta_given,B,B_MATCHUP,X01_fd_x_oppfoul,X,opp_team_season,0.1573535800165381,0.0006278930262185173,1.249843866886222,0.06148687649459627,0.05181992241325682,2.5846973172920724,0.08818635607321132,0.00022148030432633128,0.0003181689281514071,1.2773488732965976,0.22795341098169716,0.00042362438431174627,0.0005260371406097136,0.3883160068697991,0.08319467554076539,0.0002064350251254057,0.0002685807746468853,1.569203907640897,0.10316139767054909,N_PSWAP+N_ENTITY,1.0290143174999757,0.22795341098169716,0.10316139767054909,0.0002427394020334131,0.000327400382451419,1.1763994327106653,1.1763994327106653,0.8668885191347754,1.1763994327106653,0.11971765738894999
DECISION,MAIN,3733,24932.223948566832,y_fta_given,B,B_COMPLETE,X02_ftr_x_oppftrate,X,opp_team_season,0.1428627544307176,0.00044271418448649843,16.300776366221324,0.003356216503261208,0.0033362848337787944,2.5846973172920724,0.15806988352745424,0.0002155694445433301,0.00031913889026608807,0.7117425887950607,0.1913477537437604,0.0002501731842025486,0.00037111380604789765,0.5188192870924873,0.15806988352745424,0.00022036738596887027,0.0003120500037226187,0.712535798317991,0.1896838602329451,N_PSWAP+N_ENTITY,1.012230061408939,0.1913477537437604,0.1896838602329451,0.0002331491171776302,0.00032304197849202296,0.6487239469220968,0.6487239469220968,0.961730449251248,0.6487239469220968,0.25825839138781487
DECISION,MAIN,3733,24932.223948566832,y_fta_given,B,B_MATCHUP2,X02_ftr_x_oppftrate,X,opp_team_season,0.15103349668012123,0.0003402378226280206,14.335330025414414,0.003356216503261208,0.003325778271813209,2.5846973172920724,0.19633943427620631,0.00021646772474169805,0.0003213774979478787,0.3851237210963529,0.194675540765391,0.00020439089370801833,0.00030958901363276384,0.4387976411887298,0.22795341098169716,0.00021672951639412002,0.0003045303182562614,0.40556981958679306,0.22961730449251247,N_PSWAP+N_ENTITY,0.9808330180476322,0.194675540765391,0.22961730449251247,0.00022708339554181175,0.0003152176612448146,0.35897235782841236,0.35897235782841236,0.9900166389351082,0.35897235782841236,0.35980788478326853
DECISION,MAIN,3733,24932.223948566832,y_fta_given,B,B_SINGLE,G01_noise,G,row,0.13059490722989042,0.00043059243787710614,0.05362679688553106,1.0003748216057764,1.000140545456164,2.5846973172920724,0.18635607321131448,0.0002460683797472644,0.000365929345966959,0.5042614377981673,,,,,,,,,0.18635607321131448,N_ROW (candidate varies at ROW level),1.0,,,,,,,,,
DECISION,MAIN,3733,24932.223948566832,y_fta_given,B,B_COMPLETE,G01_noise,G,row,0.1428627544307176,0.000626427827440232,0.06477371105216936,1.0003748216057764,0.9987261777879554,2.5846973172920724,0.10149750415973377,0.0002424962329921601,0.00035950356369661787,1.067949342421731,,,,,,,,,0.10149750415973377,N_ROW (candidate varies at ROW level),1.0,,,,,,,,,
DECISION,MAIN,3733,24932.223948566832,y_fta_given,B,B_SINGLE,G02_placebo_noop,G,row,0.13059490722989042,0.0,0.0,3.1332579927188213,9.287151741714819e-14,2.5846973172920724,1.0,0.00026321051544341196,0.00036226789014742435,-0.7265631942601892,,,,,,,,,1.0,N_ROW (candidate varies at ROW level),1.0,,,,,,,,,
DECISION,MAIN,3733,24932.223948566832,y_fta_given,B,B_COMPLETE,G02_placebo_noop,G,row,0.1428627544307176,0.0,0.0,3.1332579927188213,2.9793739439986016e-11,2.5846973172920724,1.0,0.0002623892355490724,0.00036508261628544696,-0.7187119403787724,,,,,,,,,1.0,N_ROW (candidate varies at ROW level),1.0,,,,,,,,,
DECISION,MAIN,3733,24932.223948566832,y_fta_given,B,B_SINGLE,G03_placebo_perturbed,G,row,0.13059490722989042,1.9510713043909155e-07,-0.0011416933553923564,1.3312539278891662,0.9999926072119445,2.5846973172920724,0.9816971713810316,0.00024634861014256816,0.0003582114177620692,-0.6871738052069264,,,,,,,,,0.9816971713810316,N_ROW (candidate varies at ROW level),1.0,,,,,,,,,
DECISION,MAIN,3733,24932.223948566832,y_fta_given,B,B_COMPLETE,G03_placebo_perturbed,G,row,0.1428627544307176,1.990909955058948e-07,-0.0011541034232365804,1.3312539278891662,0.9992882295234204,2.5846973172920724,0.978369384359401,0.0002441673946715399,0.0003587918613097784,-0.6799716771317549,,,,,,,,,0.978369384359401,N_ROW (candidate varies at ROW level),1.0,,,,,,,,,
DECISION,F08_ONLY,3733,24932.223948566832,y_fta_given,B,B_SINGLE,F08_prior_fta_given,F,player_season,0.13059490722989042,0.0,0.0,1.2533031970875286,9.32634206573094e-15,2.5846973172920724,1.0,0.00024318836159480716,0.00032595258124210605,-0.7460850920955753,1.0,0.027979077374689135,0.0045456268256636664,-6.155163731594742,1.0,0.0002612948764425421,0.00035288635802267987,-0.7404504892358258,1.0,N_PSWAP,1.0826309663753464,1.0,,,,,-0.7404504892358258,1.0,-0.7404504892358258,0.7704866652665918
DECISION,F08_ONLY,3733,24932.223948566832,y_fta_given,B,B_COMPLETE,F08_prior_fta_given,F,player_season,0.1428627544307176,0.0,0.0,1.2533031970875286,7.0937415089735514e-12,2.5846973172920724,1.0,0.00024332720207640915,0.00032554488578587644,-0.7474459366455996,1.0,0.030494110347404402,0.0047333527109886964,-6.442391304711124,1.0,0.00025369630682443135,0.00033315272077268483,-0.7615015306974852,1.0,N_PSWAP,1.0233695423242262,1.0,,,,,-0.7615015306974852,1.0,-0.7615015306974852,0.7768212269900768
DECISION,MAIN,3733,20027.356549691936,y_ftm_given,C,B_SINGLE,F01_prior_ftr,F,player_season,0.13301063761584486,0.0009485473244988626,-0.9389938791352949,0.09406906162464618,0.0759814780783478,2.3165463671579962,0.03494176372712146,0.00023284855006603413,0.00032428060659198024,2.207035388130202,0.16472545757071547,0.0006545764708917692,0.0002955245117259506,0.9947427098016899,0.056572379367720464,0.00027297180722153067,0.000380761237125117,1.7742759803444486,0.056572379367720464,N_PSWAP,1.1741720885708173,0.16472545757071547,,,,,1.7742759803444486,0.6738768718801996,1.7742759803444486,0.038008753547504236
DECISION,MAIN,3733,20027.356549691936,y_ftm_given,C,B_COMPLETE,F01_prior_ftr,F,player_season,0.13932914983786837,0.0005235696985906407,-0.724122376381887,0.09406906162464618,0.07320087650274958,2.3165463671579962,0.1281198003327787,0.00023416280408395458,0.0003249716976984052,0.890560305886313,0.9866888519134775,0.0012617632924860952,0.0004106582038213153,-1.7975863796858558,0.15141430948419302,0.00027388489930558525,0.00038877822145592776,0.642229388132946,0.15141430948419302,N_PSWAP,1.1963448639048535,0.9866888519134775,,,,,0.642229388132946,0.9500831946755408,0.642229388132946,0.2603621064618821
DECISION,MAIN,3733,20027.356549691936,y_ftm_given,C,B_SINGLE,F02_prior_fd_pm,F,player_season,0.13301063761584486,0.005316026929623141,7.510542399363937,0.0357120472447478,0.02248864460796255,2.3165463671579962,0.0016638935108153079,0.00021836547723209156,0.00029947483791326637,17.02200254255561,1.0,0.010866728904927795,0.0009890665987174663,-5.6120608890263926,0.0016638935108153079,0.00027180779961605663,0.0003673382899198506,13.731808712638372,0.0016638935108153079,N_PSWAP,1.2266081934611106,1.0,,,,,13.731808712638372,0.0016638935108153079,13.731808712638372,3.2739120476570548e-43
DECISION,MAIN,3733,20027.356549691936,y_ftm_given,C,B_COMPLETE,F02_prior_fd_pm,F,player_season,0.13932914983786837,0.006682136244738752,8.699414149596414,0.0357120472447478,0.02176750504983026,2.3165463671579962,0.0016638935108153079,0.00021915291650088023,0.00030106453112779873,21.46710309589542,1.0,0.013124353227801632,0.0010761925127045467,-5.98611949722001,0.0016638935108153079,0.0002822617686178884,0.0003998912938476189,16.004035533115594,0.0016638935108153079,N_PSWAP,1.3282577404572087,1.0,,,,,16.004035533115594,0.0016638935108153079,16.004035533115594,5.9877304915917814e-58
DECISION,MAIN,3733,20027.356549691936,y_ftm_given,C,B_SINGLE,F03_prior_ft_pct,F,player_season,0.13301063761584486,8.808167092934382e-05,0.2697216270568719,0.08804402187313878,0.08060611667227913,2.3165463671579962,0.5440931780366056,0.0002404416215450644,0.0003260622370457709,-0.4672726041388629,1.0,0.0013173928799914943,0.0003421832774463113,-3.5925519745921246,0.5956738768718802,0.00026059000598928404,0.00034394859494921355,-0.5015526668611986,0.5956738768718802,N_PSWAP,1.0548556559799713,1.0,,,,,-0.5015526668611986,1.0,-0.5015526668611986,0.6920089110094565
DECISION,MAIN,3733,20027.356549691936,y_ftm_given,C,B_COMPLETE,F03_prior_ft_pct,F,player_season,0.13932914983786837,0.00011379977545775813,0.3151993837623489,0.08804402187313878,0.0784018553350137,2.3165463671579962,0.5008319467554077,0.0002386808967396494,0.0003261231749736919,-0.38292624034451195,1.0,0.0014163358744671863,0.0003493596915532235,-3.728352556124788,0.5490848585690515,0.00026583102158773535,0.0003462788303894575,-0.4390428544505267,0.5490848585690515,N_PSWAP,1.0618038120639282,1.0,,,,,-0.4390428544505267,1.0,-0.4390428544505267,0.6696847723523386
DECISION,MAIN,3733,20027.356549691936,y_ftm_given,C,B_SINGLE,F04_prior_paint_share,F,player_season,0.13301063761584486,0.0002602433672631284,-0.21906079114645804,0.1722749357291645,0.1705949536880287,2.3165463671579962,0.2795341098169717,0.00021051431521135265,0.00027990582059335807,0.17766351534368832,1.0,0.0006949242156980382,0.00010646115612838294,-4.0829995112087865,0.3527454242928453,0.0002714357708468908,0.0003694900816167904,-0.030291485862861157,0.3527454242928453,N_PSWAP,1.3200514402791883,1.0,,,,,-0.030291485862861157,0.9983361064891847,-0.030291485862861157,0.512082739087212
DECISION,MAIN,3733,20027.356549691936,y_ftm_given,C,B_COMPLETE,F04_prior_paint_share,F,player_season,0.13932914983786837,7.781675832385975e-05,-0.12136616893838399,0.1722749357291645,0.16837589673320572,2.3165463671579962,0.5607321131447587,0.00021017884465470723,0.00028390318351040816,-0.4662226210154314,1.0,0.000370103555169049,7.650891506960122e-05,-3.820297236985937,0.6156405990016639,0.00027751569055200245,0.00037681777167063917,-0.5299615550051373,0.6156405990016639,N_PSWAP,1.3272756120990263,1.0,,,,,-0.5299615550051373,1.0,-0.5299615550051373,0.7019307302775684
DECISION,MAIN,3733,20027.356549691936,y_ftm_given,C,B_SINGLE,F05_prior_fga_pm,F,player_season,0.13301063761584486,0.007835670033926451,3.1991854884364566,0.08484595073007335,0.06409728669402774,2.3165463671579962,0.0016638935108153079,0.00022043090566786124,0.0003020246575137848,25.213964948908252,0.7537437603993344,0.00832797342979282,0.0007104756025809338,-0.6929209026713735,0.0016638935108153079,0.00028972336524544443,0.000400039727461181,18.862993224624795,0.0016638935108153079,N_PSWAP,1.324526714984927,0.7537437603993344,,,,,18.862993224624795,0.0016638935108153079,18.862993224624795,1.1491633611699796e-79
DECISION,MAIN,3733,20027.356549691936,y_ftm_given,C,B_COMPLETE,F05_prior_fga_pm,F,player_season,0.13932914983786837,0.006538730621696071,3.0990471281735203,0.08484595073007335,0.060444882758809715,2.3165463671579962,0.0016638935108153079,0.00022049871525986692,0.0003032703255665654,20.83366348037043,0.7753743760399334,0.007073552088741359,0.0006706198960807287,-0.7975031313131618,0.0016638935108153079,0.00029223935641879993,0.00039697523994153955,15.735216297613825,0.0016638935108153079,N_PSWAP,1.3089814811255136,0.7753743760399334,,,,,15.735216297613825,0.0016638935108153079,15.735216297613825,4.337988114629308e-56
DECISION,MAIN,3733,20027.356549691936,y_ftm_given,C,B_SINGLE,F06_prior_fg3a_share,F,player_season,0.13301063761584486,0.00037753870408403046,0.25012911037961233,0.18021913015428376,0.1799523403559267,2.3165463671579962,0.20632279534109818,0.0002151202381880522,0.0002698740305113778,0.6018306599868666,0.826955074875208,0.00043361122224270734,6.050982288552862e-05,-0.9266680265244512,0.23294509151414308,0.0002686402866280296,0.00036595251693518645,0.29757526568750936,0.23294509151414308,N_PSWAP,1.3560123448771704,0.826955074875208,,,,,0.29757526568750936,0.9883527454242929,0.29757526568750936,0.383013690243518
DECISION,MAIN,3733,20027.356549691936,y_ftm_given,C,B_COMPLETE,F06_prior_fg3a_share,F,player_season,0.13932914983786837,0.00020840932537242367,0.19047089710758083,0.18021913015428376,0.17557834210507384,2.3165463671579962,0.3527454242928453,0.0002153427326662784,0.00027084317527578455,-0.025599342818200373,0.8053244592346089,0.0002478491650793264,4.50582511183096e-05,-0.8753078232740422,0.39600665557404324,0.00027929611544860207,0.0003839335540732622,-0.1846329640223417,0.39600665557404324,N_PSWAP,1.4175493020354824,0.8053244592346089,,,,,-0.1846329640223417,1.0,-0.1846329640223417,0.5732415254100751
DECISION,MAIN,3733,20027.356549691936,y_ftm_given,C,B_SINGLE,F07_prior_hurdle_rate,F,player_season,0.13301063761584486,0.006238700850389302,1.344959289372683,0.17861413547673524,0.1360438579343966,2.3165463671579962,0.0016638935108153079,0.0002324688162497845,0.00032773098854391213,18.326713811302444,0.18136439267886856,0.005664146794913075,0.0006545613564110448,0.8777695931004899,0.0016638935108153079,0.0002600869126222698,0.00037624757039009,15.890106430636777,0.0016638935108153079,N_PSWAP,1.1480378223058305,0.18136439267886856,,,,,15.890106430636777,0.0016638935108153079,15.890106430636777,3.710074548938354e-57
DECISION,MAIN,3733,20027.356549691936,y_ftm_given,C,B_COMPLETE,F07_prior_hurdle_rate,F,player_season,0.13932914983786837,0.005169789107770661,1.3455495078215476,0.17861413547673524,0.1237877671110733,2.3165463671579962,0.0016638935108153079,0.0002354171778170866,0.0003313711100984453,14.890772851283408,0.3594009983361065,0.004939429645896672,0.0006463685062829666,0.3563902938258914,0.0016638935108153079,0.00026891650023634417,0.0004084644626541143,11.99828395275687,0.0016638935108153079,N_PSWAP,1.2326495889541056,0.3594009983361065,,,,,11.99828395275687,0.0016638935108153079,11.99828395275687,1.8136970730414877e-33
DECISION,MAIN,3733,20027.356549691936,y_ftm_given,C,B_SINGLE,F09_prior_starter_rate,F,player_season,0.13301063761584486,0.0008652721616386332,0.3661465066067143,0.19837643007938202,0.18610689700414054,2.3165463671579962,0.04159733777038269,0.00021454710742261073,0.00029307496795241814,2.2203365192269517,0.051580698835274545,0.0006148132359522277,0.0001320391065613892,1.896854138209116,0.07487520798668885,0.0002752771891550441,0.00038646467014200183,1.5266465942845497,0.07487520798668885,N_PSWAP,1.3186546529103294,0.051580698835274545,,,,,1.5266465942845497,0.7653910149750416,1.5266465942845497,0.06342445723134157
DECISION,MAIN,3733,20027.356549691936,y_ftm_given,C,B_COMPLETE,F09_prior_starter_rate,F,player_season,0.13932914983786837,0.0008937563165925945,0.49952126329612495,0.19837643007938202,0.13864256343506162,2.3165463671579962,0.03826955074875208,0.00021815294055388507,0.0002949607062548895,2.2904860264841123,0.04991680532445923,0.0005767607864377379,0.00016539164410205235,1.9166357035501709,0.07820299500831947,0.0002756003313109244,0.0003881889404253049,1.5924100892838684,0.07820299500831947,N_PSWAP,1.3160700126946823,0.04991680532445923,,,,,1.5924100892838684,0.7321131447587355,1.5924100892838684,0.055646294512753255
DECISION,MAIN,3733,20027.356549691936,y_ftm_given,C,B_SINGLE,F10_prior_pf_pm,F,player_season,0.13301063761584486,5.172882289437437e-05,-0.7578218850142735,0.02274152645388793,0.02198569264187709,2.3165463671579962,0.6722129783693843,0.0002582078497601339,0.00037624697639042614,-0.5487858768903412,0.5374376039933444,7.255589000882986e-05,5.943552283172987e-05,-0.35041446801805337,0.6572379367720466,0.00027946483842045307,0.0003969838411019551,-0.5736657061252791,0.6572379367720466,N_PSWAP,1.0551150335092943,0.5374376039933444,,,,,-0.5736657061252791,1.0,-0.5736657061252791,0.7169030042531814
DECISION,MAIN,3733,20027.356549691936,y_ftm_given,C,B_COMPLETE,F10_prior_pf_pm,F,player_season,0.13932914983786837,1.9272064883461114e-06,-0.157036794222271,0.02274152645388793,0.020478762104328023,2.3165463671579962,0.940099833610649,0.0002562130370464775,0.00037230188136572884,-0.6830097920142795,0.6988352745424293,1.5733108899825077e-05,2.4455447586244596e-05,-0.5645328045128213,0.9367720465890182,0.0002862019283630199,0.00041989363531126785,-0.677016029699856,0.9367720465890182,N_PSWAP,1.1278310863510987,0.6988352745424293,,,,,-0.677016029699856,1.0,-0.677016029699856,0.7508021258074744
DECISION,MAIN,3733,20027.356549691936,y_ftm_given,C,B_SINGLE,M01_opp_pf_pg,M,opp_team_season,0.13301063761584486,0.007006760326640827,0.12596926764932206,1.5393478120731847,1.5393416630949732,2.3165463671579962,0.0016638935108153079,0.00022474959456748078,0.0003310952536912868,20.48356373721048,,,,,,,,,0.0016638935108153079,N_ENTITY,1.9863487293383042,,0.0016638935108153079,0.0004653486688627118,0.0006576706364596309,9.946333765168243,9.946333765168243,0.004991680532445923,9.946333765168243,1.3082263332741198e-23
DECISION,MAIN,3733,20027.356549691936,y_ftm_given,C,B_COMPLETE,M01_opp_pf_pg,M,opp_team_season,0.13932914983786837,0.006594513302764139,0.1305311425108069,1.5393478120731847,1.4411800191375412,2.3165463671579962,0.0016638935108153079,0.00022181108442234938,0.00032623180813514253,19.534276117250585,,,,,,,,,0.0016638935108153079,N_ENTITY,1.9379452897471292,,0.0016638935108153079,0.0004465028909454957,0.0006322193959411886,9.724488763376304,9.724488763376304,0.004991680532445923,9.724488763376304,1.1854668687840875e-22
DECISION,MAIN,3733,20027.356549691936,y_ftm_given,C,B_COMPLETE_PLUS_M02,M01_opp_pf_pg,M,opp_team_season,0.14707275319570656,4.5432794000861555e-05,0.023515291296984785,1.5393478120731847,0.664011127236459,2.3165463671579962,0.6455906821963394,0.00022070915378273075,0.00032792727733291775,-0.5344976520630379,,,,,,,,,0.6422628951747088,N_ENTITY,0.7214274809128723,,0.6422628951747088,0.00017846053665922343,0.00023657574960890372,-0.5623050666785471,-0.5623050666785471,1.0,-0.5623050666785471,0.7130459305163539
DECISION,MAIN,3733,20027.356549691936,y_ftm_given,C,B_SINGLE,M02_opp_allowed_fta_pg,M,opp_team_season,0.13301063761584486,0.008211844251799862,0.09389898916967804,2.235639327370822,2.2356325910978763,2.3165463671579962,0.0016638935108153079,0.00022043375865506845,0.00031248166086855685,25.574014394740182,,,,,,,,,0.0016638935108153079,N_ENTITY,2.1471684126580834,,0.0016638935108153079,0.0004852003647300179,0.0006709507517519008,11.515962783997216,11.515962783997216,0.0016638935108153079,11.515962783997216,5.481410758585924e-31
DECISION,MAIN,3733,20027.356549691936,y_ftm_given,C,B_COMPLETE,M02_opp_allowed_fta_pg,M,opp_team_season,0.13932914983786837,0.007743603357838688,0.09365939685129036,2.235639327370822,2.1765126235559875,2.3165463671579962,0.0016638935108153079,0.00021670223314807744,0.0003062170698670526,24.580279368352965,,,,,,,,,0.0016638935108153079,N_ENTITY,2.117025028854504,,0.0016638935108153079,0.0004709764748021649,0.0006482692011710387,11.218529076962458,11.218529076962458,0.0016638935108153079,11.218529076962458,1.6536276749400255e-29
DECISION,MAIN,3733,20027.356549691936,y_ftm_given,C,B_SINGLE,M03_opp_allowed_ftm_pg,M,opp_team_season,0.13301063761584486,0.007918936068427258,0.1077978421916677,1.9123474096965514,1.9123366488606224,2.3165463671579962,0.0016638935108153079,0.00022022329449184475,0.00031575073074776433,24.382248477155503,,,,,,,,,0.0016638935108153079,N_ENTITY,2.1445720599727505,,0.0016638935108153079,0.00047717832928091935,0.0006771501950776342,10.989818497051681,10.989818497051681,0.0016638935108153079,10.989818497051681,2.138927584664468e-28
DECISION,MAIN,3733,20027.356549691936,y_ftm_given,C,B_COMPLETE,M03_opp_allowed_ftm_pg,M,opp_team_season,0.13932914983786837,0.007425369377435621,0.10745981001481422,1.9123474096965514,1.8576075187148766,2.3165463671579962,0.0016638935108153079,0.00021593086616449186,0.0003085360995576404,23.36659639376905,,,,,,,,,0.0016638935108153079,N_ENTITY,2.1218692241716033,,0.0016638935108153079,0.00046292030999063984,0.000654673254197303,10.63499848635433,10.63499848635433,0.0016638935108153079,10.63499848635433,1.0241603980309279e-26
DECISION,MAIN,3733,20027.356549691936,y_ftm_given,C,B_COMPLETE_PLUS_M02,M03_opp_allowed_ftm_pg,M,opp_team_season,0.14707275319570656,6.077668502148536e-07,-0.00500552520005659,1.9123474096965514,0.3607944508917632,2.3165463671579962,0.9633943427620633,0.00021384408500941347,0.0003118212799122028,-0.6838414562958564,,,,,,,,,0.9750415973377704,N_ENTITY,0.8350804295030153,,0.9750415973377704,0.00020788237864380465,0.0002603958483572623,-0.7959981432162071,-0.7959981432162071,1.0,-0.7959981432162071,0.7869834487080826
DECISION,MAIN,3733,20027.356549691936,y_ftm_given,C,B_SINGLE,M04_opp_allowed_ft_rate,M,opp_team_season,0.13301063761584486,0.006716853665845439,5.415163259629002,0.03506077020188875,0.03506003829960969,2.3165463671579962,0.0016638935108153079,0.00022117216205991562,0.00030886468481029604,21.030832669572295,,,,,,,,,0.0016638935108153079,N_ENTITY,2.163893939875135,,0.0016638935108153079,0.0004978755328193379,0.0006683504197024432,9.304966301651843,9.304966301651843,0.0066555740432612314,9.304966301651843,6.701741573894605e-21
DECISION,MAIN,3733,20027.356549691936,y_ftm_given,C,B_COMPLETE,M04_opp_allowed_ft_rate,M,opp_team_season,0.13932914983786837,0.006173955846838555,5.327850121195577,0.03506077020188875,0.034164160843778844,2.3165463671579962,0.0016638935108153079,0.00021800959718817282,0.0003036884466083277,19.612027774411416,,,,,,,,,0.0016638935108153079,N_ENTITY,2.1248035970751897,,0.0016638935108153079,0.0004833402269847374,0.0006452783037435515,8.818854728014225,8.818854728014225,0.0066555740432612314,8.818854728014225,5.781817270991676e-19
DECISION,MAIN,3733,20027.356549691936,y_ftm_given,C,B_COMPLETE_PLUS_M02,M04_opp_allowed_ft_rate,M,opp_team_season,0.14707275319570656,0.0005631921797460661,-6.077908336608386,0.03506077020188875,0.009045137207721075,2.3165463671579962,0.10316139767054909,0.0002151569009222091,0.0003047632850036452,1.141985586681461,,,,,,,,,0.08485856905158069,N_ENTITY,0.859662783129479,,0.08485856905158069,0.00020392639821110027,0.0002619936537819162,1.3712766563193897,1.3712766563193897,0.8019966722129783,1.3712766563193897,0.08514436857370089
DECISION,MAIN,3733,20027.356549691936,y_ftm_given,C,B_SINGLE,M05_opp_allowed_hurdle_rate,M,opp_team_season,0.13301063761584486,0.005522577875564822,5.369328727896954,0.03208142452441726,0.03206209731493834,2.3165463671579962,0.0016638935108153079,0.0002130251986986564,0.0002905016113344762,18.27718838623887,,,,,,,,,0.0016638935108153079,N_ENTITY,2.262476148830011,,0.0016638935108153079,0.000504503799143868,0.0006572529668409384,7.634920387716373,7.634920387716373,0.009983361064891847,7.634920387716373,1.129799961834588e-14
DECISION,MAIN,3733,20027.356549691936,y_ftm_given,C,B_COMPLETE,M05_opp_allowed_hurdle_rate,M,opp_team_season,0.13932914983786837,0.005103646954593604,5.357701145984401,0.03208142452441726,0.03088892716330893,2.3165463671579962,0.0016638935108153079,0.00021140342124864367,0.00028484405154000363,17.175164820522472,,,,,,,,,0.0016638935108153079,N_ENTITY,2.2374535117680763,,0.0016638935108153079,0.00048269673659918515,0.000637325323424428,7.250536026350688,7.250536026350688,0.009983361064891847,7.250536026350688,2.0756269933081893e-13
DECISION,MAIN,3733,20027.356549691936,y_ftm_given,C,B_COMPLETE_PLUS_M02,M05_opp_allowed_hurdle_rate,M,opp_team_season,0.14707275319570656,0.00025433824263932953,1.6286458877518513,0.03208142452441726,0.02268402740798468,2.3165463671579962,0.281198003327787,0.00021253276098690257,0.00028641384918826925,0.14596180237411233,,,,,,,,,0.3011647254575707,N_ENTITY,1.19891497670578,,0.3011647254575707,0.00023631876419322192,0.0003433858533277666,0.05247589052222184,0.05247589052222184,0.9983361064891847,0.05247589052222184,0.47907471134658797
DECISION,MAIN,3733,20027.356549691936,y_ftm_given,C,B_SINGLE,M06_opp_pace,M,opp_team_season,0.13301063761584486,0.003450341062334256,0.03437423747939556,3.9599958280315137,3.958575547330744,2.3165463671579962,0.0016638935108153079,0.0002398874333709284,0.00034289125031454915,9.362891663226279,,,,,,,,,0.011647254575707155,N_ENTITY,2.2648837608815424,,0.011647254575707155,0.0005333222453141113,0.0007766088245857905,3.7560979539164467,3.7560979539164467,0.21630615640599002,3.7560979539164467,8.629159103767948e-05
DECISION,MAIN,3733,20027.356549691936,y_ftm_given,C,B_COMPLETE,M06_opp_pace,M,opp_team_season,0.13932914983786837,0.0033745285562195326,0.03413038199530243,3.9599958280315137,3.9428150179163537,2.3165463671579962,0.0016638935108153079,0.00023725543249388363,0.00034195432332496223,9.174538555970443,,,,,,,,,0.011647254575707155,N_ENTITY,2.1760907417631787,,0.011647254575707155,0.0005175079634814062,0.0007441236370933429,3.8394434074128756,3.8394434074128756,0.20632279534109818,3.8394434074128756,6.165677979384109e-05
DECISION,MAIN,3733,20027.356549691936,y_ftm_given,C,B_COMPLETE_PLUS_M02,M06_opp_pace,M,opp_team_season,0.14707275319570656,0.0009713126975919559,0.019363767594336667,3.9599958280315137,3.7284701355971066,2.3165463671579962,0.03993344425956739,0.0002319303259272316,0.0003362225463318465,2.1990862294373477,,,,,,,,,0.019966722129783693,N_ENTITY,0.7490905550774615,,0.019966722129783693,0.00019338345022566885,0.00025186113386128044,3.08872288248632,3.08872288248632,0.3527454242928453,3.08872288248632,0.00100509427962132
DECISION,MAIN,3733,20027.356549691936,y_ftm_given,C,B_COMPLETE,X01_fd_x_oppfoul,X,opp_team_season,0.13932914983786837,0.0025237272799855798,1.9493657264217505,0.06148687649459627,0.05969925099093018,2.3165463671579962,0.0016638935108153079,0.00023068857805121152,0.00032234012394080657,7.113724080950759,0.06156405990016639,0.0008646856235322819,0.0009266870987836325,1.7902932485311953,0.0016638935108153079,0.00023581126089472048,0.0003143268769265755,7.278779471426811,0.011647254575707155,N_PSWAP+N_ENTITY,1.666363290251818,0.06156405990016639,0.011647254575707155,0.0003507987564563157,0.0005371357495101812,4.045399185421519,4.045399185421519,0.18801996672212978,4.045399185421519,2.6117022531839324e-05
DECISION,MAIN,3733,20027.356549691936,y_ftm_given,C,B_MATCHUP,X01_fd_x_oppfoul,X,opp_team_season,0.15289075929213647,0.0011205870126539041,1.4961400659866875,0.06148687649459627,0.051831232535228026,2.3165463671579962,0.03161397670549085,0.00022605461165978497,0.00031954341196003703,2.799408053845253,0.08485856905158069,0.00038099893992467185,0.0005090105674380063,1.4529915880760347,0.026622296173044926,0.00023285448425903476,0.0003112740201811143,2.851932608697454,0.051580698835274545,N_PSWAP+N_ENTITY,1.2910532798781837,0.08485856905158069,0.051580698835274545,0.0002763513013072801,0.0004125475700744715,2.0463960342663654,2.0463960342663654,0.5940099833610649,2.0463960342663654,0.020358709082025507
DECISION,MAIN,3733,20027.356549691936,y_ftm_given,C,B_COMPLETE,X02_ftr_x_oppftrate,X,opp_team_season,0.13932914983786837,0.000932334180632733,21.14435144217049,0.003356216503261208,0.00334527967465883,2.3165463671579962,0.05324459234608985,0.00023975807429306878,0.0003475464748938326,1.9927582535579742,0.029950083194675542,0.00018819576635654083,0.00027507700136870537,2.705200400519018,0.056572379367720464,0.0002491574403934228,0.0003422322338702787,1.9962372699769264,0.06821963394342762,N_PSWAP+N_ENTITY,0.9847092650697227,0.029950083194675542,0.06821963394342762,0.0002468524669858227,0.00034215910769917036,2.0034004596761825,1.9962372699769264,0.6089850249584027,1.9962372699769264,0.022954049158564607
DECISION,MAIN,3733,20027.356549691936,y_ftm_given,C,B_MATCHUP2,X02_ftr_x_oppftrate,X,opp_team_season,0.14594049133824727,0.0005982746402190751,17.02921790970947,0.003356216503261208,0.0033273354845698737,2.3165463671579962,0.1264559068219634,0.00023685244082075372,0.00034669414844042633,1.042481394693703,0.07487520798668885,0.00018676366797399974,0.0002730667387541426,1.5069977915383608,0.12312811980033278,0.00024736064064156943,0.0003397772628748707,1.0327765801878752,0.13477537437603992,N_PSWAP+N_ENTITY,0.9952315777214213,0.07487520798668885,0.13477537437603992,0.0002503101926048663,0.00034504096433915016,1.008472858521764,1.008472858521764,0.8885191347753744,1.008472858521764,0.15661376327519574
DECISION,MAIN,3733,20027.356549691936,y_ftm_given,C,B_SINGLE,G01_noise,G,row,0.13301063761584486,0.0004474196821934042,0.04899350869064737,1.0003748216057764,1.000138157860964,2.3165463671579962,0.15141430948419302,0.0002135469414907923,0.00029914481499404734,0.7818044270874818,,,,,,,,,0.15141430948419302,N_ROW (candidate varies at ROW level),1.0,,,,,,,,,
DECISION,MAIN,3733,20027.356549691936,y_ftm_given,C,B_COMPLETE,G01_noise,G,row,0.13932914983786837,0.0005710853760096521,0.05541317829137956,1.0003748216057764,0.9990298311901307,2.3165463671579962,0.09816971713810316,0.00021285496870452133,0.00029914513791211723,1.1975137212839193,,,,,,,,,0.09816971713810316,N_ROW (candidate varies at ROW level),1.0,,,,,,,,,
DECISION,MAIN,3733,20027.356549691936,y_ftm_given,C,B_SINGLE,G02_placebo_noop,G,row,0.13301063761584486,0.0,0.0,2.7833967114063176,4.257009888338795e-14,2.3165463671579962,1.0,0.00022571259674982884,0.00030863416023412394,-0.7313273312928407,,,,,,,,,1.0,N_ROW (candidate varies at ROW level),1.0,,,,,,,,,
DECISION,MAIN,3733,20027.356549691936,y_ftm_given,C,B_COMPLETE,G02_placebo_noop,G,row,0.13932914983786837,0.0,0.0,2.7833967114063176,4.01809656833884e-12,2.3165463671579962,1.0,0.00022748523245218023,0.00030995354063884133,-0.7339333242759972,,,,,,,,,1.0,N_ROW (candidate varies at ROW level),1.0,,,,,,,,,
DECISION,MAIN,3733,20027.356549691936,y_ftm_given,C,B_SINGLE,G03_placebo_perturbed,G,row,0.13301063761584486,0.000703613761512681,-0.07002638420352837,1.1874486950027638,0.8774986511290098,2.3165463671579962,0.08153078202995008,0.00022618634716188474,0.00028704502002231116,1.6632492502872451,,,,,,,,,0.08153078202995008,N_ROW (candidate varies at ROW level),1.0,,,,,,,,,
DECISION,MAIN,3733,20027.356549691936,y_ftm_given,C,B_COMPLETE,G03_placebo_perturbed,G,row,0.13932914983786837,0.0007495313304643355,-0.07235730960692656,1.1874486950027638,0.8765031522604175,2.3165463671579962,0.07820299500831947,0.0002294270649105984,0.0002892726718622719,1.7979723497744313,,,,,,,,,0.07820299500831947,N_ROW (candidate varies at ROW level),1.0,,,,,,,,,
DECISION,F08_ONLY,3733,20027.356549691936,y_ftm_given,C,B_SINGLE,F08_prior_fta_given,F,player_season,0.13301063761584486,0.000277136296999276,-0.10043343763093061,1.2533031970875286,0.383980680760974,2.3165463671579962,0.2612312811980033,0.00023279503667992103,0.00032596961648613326,0.13602881396536926,1.0,0.011702998739069556,0.002176379957186227,-5.249939195747059,0.3161397670549085,0.0002478332929269916,0.00032736551261228257,0.08951157939165569,0.3161397670549085,N_PSWAP,1.0042822890709775,1.0,,,,,0.08951157939165569,0.3610648918469218,0.08951157939165569,0.46433764318393905
DECISION,F08_ONLY,3733,20027.356549691936,y_ftm_given,C,B_COMPLETE,F08_prior_fta_given,F,player_season,0.13932914983786837,0.00030742141697197436,-0.1080551246746803,1.2533031970875286,0.3758916587125549,2.3165463671579962,0.23294509151414308,0.0002322326451976501,0.00032481995234833686,0.23147830430592461,1.0,0.013164385197331223,0.002307170133812465,-5.572611916189233,0.2995008319467554,0.0002516713941404126,0.000329167219719627,0.16936687340570442,0.2995008319467554,N_PSWAP,1.0133836217260082,1.0,,,,,0.16936687340570442,0.33777038269550747,0.16936687340570442,0.4327540444542247
DECISION,MAIN,5111,41428.53022891802,y_fta,AB,B_SINGLE,F01_prior_ftr,F,player_season,0.21895570026413314,0.0020983852963919335,-1.9514364575558714,0.10030492846246324,0.06683862634111963,2.8473398932158824,0.0016638935108153079,0.00015145749767311758,0.00020414074503008893,9.537183762270743,0.0016638935108153079,0.0008311101017269223,0.000352283735364972,3.5973139473841798,0.0033277870216306157,0.0001763539947447836,0.0002441930126432098,7.870951264504149,0.0033277870216306157,N_PSWAP,1.1961992820552185,0.0016638935108153079,,,,,7.870951264504149,0.009983361064891847,7.870951264504149,1.759773540243972e-15
DECISION,MAIN,5111,41428.53022891802,y_fta,AB,B_COMPLETE,F01_prior_ftr,F,player_season,0.22835375057897978,0.0001487492494600073,-0.8609376871536661,0.10030492846246324,0.04033620032408035,2.8473398932158824,0.3261231281198003,0.00015032121161815675,0.00020433928622940327,-0.007692902266403489,1.0,0.007700226265558009,0.0014240287118540396,-5.302896601197191,0.33610648918469216,0.00015042118816649148,0.00021147804556060907,-0.007905968215528065,0.33610648918469216,N_PSWAP,1.034935814169339,1.0,,,,,-0.007905968215528065,1.0,-0.007905968215528065,0.5031539948226402
DECISION,MAIN,5111,41428.53022891802,y_fta,AB,B_SINGLE,F02_prior_fd_pm,F,player_season,0.21895570026413314,0.0034356651365007045,9.311917551032495,0.03718755809825841,0.017922789530904194,2.8473398932158824,0.0016638935108153079,0.00015255484043751876,0.00021453003888182278,15.303732349909927,1.0,0.010810222743694076,0.0011056250098135862,-6.670035085798899,0.0016638935108153079,0.00021220275336388363,0.0002979963993845239,10.817118561816514,0.0016638935108153079,N_PSWAP,1.3890660764233576,1.0,,,,,10.817118561816514,0.0033277870216306157,10.817118561816514,1.428080420569733e-27
DECISION,MAIN,5111,41428.53022891802,y_fta,AB,B_COMPLETE,F02_prior_fd_pm,F,player_season,0.22835375057897978,0.002007135581218402,8.142138814286422,0.03718755809825841,0.015667119844384115,2.8473398932158824,0.0016638935108153079,0.00015196668575852656,0.000209949469782685,8.83626377994728,1.0,0.009874153034750227,0.0011162794410454673,-7.0475341247563055,0.0033277870216306157,0.0001793109236440881,0.0002475288889411868,7.384288215379207,0.0033277870216306157,N_PSWAP,1.1789926842749332,1.0,,,,,7.384288215379207,0.019966722129783693,7.384288215379207,7.663554798660606e-14
DECISION,MAIN,5111,41428.53022891802,y_fta,AB,B_SINGLE,F03_prior_ft_pct,F,player_season,0.21895570026413314,0.00018431493906786946,0.4096108962073794,0.09620079822408081,0.09437306943739655,2.8473398932158824,0.2928452579034942,0.00015325444669840254,0.0002046634652676,0.15176373725938302,0.07653910149750416,7.619543715885936e-05,6.653625334131205e-05,1.624971297292437,0.33444259567387685,0.00018559443817229033,0.00026507070961928104,-0.0048270105220550846,0.33444259567387685,N_PSWAP,1.2951540191733675,0.07653910149750416,,,,,-0.0048270105220550846,1.0,-0.0048270105220550846,0.501925687431646
DECISION,MAIN,5111,41428.53022891802,y_fta,AB,B_COMPLETE,F03_prior_ft_pct,F,player_season,0.22835375057897978,4.343389287027384e-05,0.20431690298762384,0.09620079822408081,0.09184370476587694,2.8473398932158824,0.5873544093178037,0.0001502663030118654,0.00020293811467683097,-0.5264285139916519,0.10149750415973377,1.576079668050302e-05,2.2142080594031617e-05,1.2497965614500601,0.5973377703826955,0.0001625609586472304,0.00022289124005429037,-0.5344627529908326,0.5973377703826955,N_PSWAP,1.0983212316189779,0.10149750415973377,,,,,-0.5344627529908326,1.0,-0.5344627529908326,0.703489317286057
DECISION,MAIN,5111,41428.53022891802,y_fta,AB,B_SINGLE,F04_prior_paint_share,F,player_season,0.21895570026413314,0.00026656515494331173,0.2611076344505279,0.17867659185776885,0.1780415767988397,2.8473398932158824,0.18136439267886856,0.00015165449343872693,0.00022254821308063504,0.5163405264590898,0.0016638935108153079,6.492831568630251e-05,2.8048863380292288e-05,7.188770415512931,0.2512479201331115,0.00020523965296724496,0.0002802476670466739,0.21882609272837694,0.2512479201331115,N_PSWAP,1.2592672085177912,0.0016638935108153079,,,,,0.21882609272837694,1.0,0.21882609272837694,0.41339277677172404
DECISION,MAIN,5111,41428.53022891802,y_fta,AB,B_COMPLETE,F04_prior_paint_share,F,player_season,0.22835375057897978,0.0010139633280186516,0.5392208477038476,0.17867659185776885,0.16814492435802808,2.8473398932158824,0.013311148086522463,0.00014921744939486715,0.00022023183803723432,3.926525275957525,0.0016638935108153079,0.0005299370494451307,8.497745695650277e-05,5.695937439282026,0.016638935108153077,0.00016746379187482872,0.00022666230392490253,3.7346286589599127,0.016638935108153077,N_PSWAP,1.029198620621697,0.0016638935108153079,,,,,3.7346286589599127,0.24292845257903495,3.7346286589599127,9.399619174642065e-05
DECISION,MAIN,5111,41428.53022891802,y_fta,AB,B_SINGLE,F05_prior_fga_pm,F,player_season,0.21895570026413314,0.005019426618905383,3.067261102160904,0.09054407062556698,0.0657681492220993,2.8473398932158824,0.0016638935108153079,0.00014597512281586182,0.00019716857794833717,24.717181341980773,0.831946755407654,0.0054658281424719785,0.00047342937658613476,-0.9429104860065185,0.0016638935108153079,0.0002164082686694492,0.0003006693151831726,15.974421424779772,0.0016638935108153079,N_PSWAP,1.5249352524211797,0.831946755407654,,,,,15.974421424779772,0.0016638935108153079,15.974421424779772,9.631674724879779e-58
DECISION,MAIN,5111,41428.53022891802,y_fta,AB,B_COMPLETE,F05_prior_fga_pm,F,player_season,0.22835375057897978,0.000610975043220808,3.1856186288202446,0.09054407062556698,0.022093130912209814,2.8473398932158824,0.04326123128119801,0.00014683844674307395,0.00019617261320189572,2.365960206688264,0.8752079866888519,0.0011630062887055981,0.00048251678087475987,-1.1440664187554404,0.06655574043261231,0.00017946705585383907,0.0002464041007429769,1.7512208038171946,0.06655574043261231,N_PSWAP,1.256057594998667,0.8752079866888519,,,,,1.7512208038171946,0.7204658901830283,1.7512208038171946,0.03995393944857711
DECISION,MAIN,5111,41428.53022891802,y_fta,AB,B_SINGLE,F06_prior_fg3a_share,F,player_season,0.21895570026413314,0.00013180090978929225,-0.18074325006643271,0.18701197084310686,0.18085746099656042,2.8473398932158824,0.3527454242928453,0.00015147393699787182,0.00021570434809929542,-0.09120366548903996,0.3560732113144759,0.0001224309430259168,2.828628651099043e-05,0.33125474988506587,0.39600665557404324,0.00019237760242916933,0.0002815760842225622,-0.2151343669940246,0.39600665557404324,N_PSWAP,1.3053797325074967,0.3560732113144759,,,,,-0.2151343669940246,1.0,-0.2151343669940246,0.585168703734233
DECISION,MAIN,5111,41428.53022891802,y_fta,AB,B_COMPLETE,F06_prior_fg3a_share,F,player_season,0.22835375057897978,0.0003622794710073388,-0.31159509986794026,0.18701197084310686,0.17392842171134984,2.8473398932158824,0.12312811980033278,0.00014953689876999959,0.00021431205143809288,0.9926766638169806,0.4459234608985025,0.00035615349666305514,4.901077951298473e-05,0.12499238749427863,0.13810316139767054,0.00015938971757325772,0.0002227343887224112,0.910904484026209,0.13810316139767054,N_PSWAP,1.0392994104988595,0.4459234608985025,,,,,0.910904484026209,0.9184692179700499,0.910904484026209,0.18117285479044853
DECISION,MAIN,5111,41428.53022891802,y_fta,AB,B_SINGLE,F07_prior_hurdle_rate,F,player_season,0.21895570026413314,0.0003367496630520946,0.48144639615696866,0.20921064551962648,0.10852878916235628,2.8473398932158824,0.15474209650582363,0.00016715847523502165,0.00022256255268083912,0.7619933621999357,1.0,0.0035367686163570245,0.0006281645923463239,-5.094236434677417,0.22129783693843594,0.00021101852037528444,0.00029226606460577826,0.4301941207112157,0.22129783693843594,N_PSWAP,1.3131861631048773,1.0,,,,,0.4301941207112157,0.9900166389351082,0.4301941207112157,0.33352720587361606
DECISION,MAIN,5111,41428.53022891802,y_fta,AB,B_COMPLETE,F07_prior_hurdle_rate,F,player_season,0.22835375057897978,0.0002614297612269384,0.4393416732891356,0.20921064551962648,0.10478869365896788,2.8473398932158824,0.2129783693843594,0.00016642294147092376,0.00022264230389365945,0.4267240236670956,1.0,0.0039474932453056125,0.0006744340193054202,-5.465417488689023,0.21630615640599002,0.00017321516574180163,0.0002424072884624174,0.3639106565016236,0.21630615640599002,N_PSWAP,1.0887746139125396,1.0,,,,,0.3639106565016236,0.9933444259567388,0.3639106565016236,0.35796236299832856
DECISION,MAIN,5111,41428.53022891802,y_fta,AB,B_SINGLE,F09_prior_starter_rate,F,player_season,0.21895570026413314,1.8457006638947667e-07,-0.0061570791808380765,0.21742504544182645,0.19867590887049383,2.8473398932158824,0.978369384359401,0.0001713345176186669,0.00024744722282443385,-0.6916624304719311,0.9151414309484193,1.1757396345579665e-05,1.489345726615561e-05,-0.7770409564667478,0.9733777038269551,0.0002013531511545653,0.0002825070075585483,-0.7120835083939805,0.9733777038269551,N_PSWAP,1.1416859091564333,0.9151414309484193,,,,,-0.7120835083939805,1.0,-0.7120835083939805,0.7617934815288693
DECISION,MAIN,5111,41428.53022891802,y_fta,AB,B_COMPLETE,F09_prior_starter_rate,F,player_season,0.22835375057897978,0.00011360514908878462,0.210940902987152,0.21742504544182645,0.14387241053424918,2.8473398932158824,0.39933444259567386,0.00017090515788811312,0.00024694111416358286,-0.232039160402309,0.06988352745424292,4.5937020887039905e-05,4.046523985719722e-05,1.6722532336530593,0.41098169717138106,0.0001722639806352216,0.0002459520925802563,-0.23849698098135144,0.41098169717138106,N_PSWAP,0.995994909204664,0.06988352745424292,,,,,-0.23849698098135144,1.0,-0.23849698098135144,0.5942521539428194
DECISION,MAIN,5111,41428.53022891802,y_fta,AB,B_SINGLE,F10_prior_pf_pm,F,player_season,0.21895570026413314,0.0006817182069348857,3.234623610551283,0.023175742406118336,0.022983597483897243,2.8473398932158824,0.03161397670549085,0.0001425827860179151,0.00019866413319448496,2.7138035046778004,0.5990016638935108,0.0007353096636792992,0.0001631163281395175,-0.3285474688872067,0.06988352745424292,0.00019928216261840928,0.0002984997348037171,1.6162025893715093,0.06988352745424292,N_PSWAP,1.5025346045302335,0.5990016638935108,,,,,1.6162025893715093,0.762063227953411,1.6162025893715093,0.053025258420202
DECISION,MAIN,5111,41428.53022891802,y_fta,AB,B_COMPLETE,F10_prior_pf_pm,F,player_season,0.22835375057897978,0.00015418841781021875,1.6966034525029137,0.023175742406118336,0.020839382328315417,2.8473398932158824,0.2795341098169717,0.0001416558936495379,0.00019664654814165457,0.0637312186718529,0.7653910149750416,0.0002271318938257787,9.589951170927577e-05,-0.7606240607010785,0.35108153078202997,0.00016757134886235186,0.0002466470340866915,-0.054259444479795686,0.35108153078202997,N_PSWAP,1.2542657698167121,0.7653910149750416,,,,,-0.054259444479795686,1.0,-0.054259444479795686,0.5216358112028523
DECISION,MAIN,5111,41428.53022891802,y_fta,AB,B_SINGLE,M01_opp_pf_pg,M,opp_team_season,0.21895570026413314,0.009007214082756988,0.17607065316076068,1.5347856170874405,1.5347851206831054,2.8473398932158824,0.0016638935108153079,0.0001613890126349395,0.0002306097082632937,38.35842444248929,,,,,,,,,0.0016638935108153079,N_ENTITY,2.8003233965974044,,0.0016638935108153079,0.0005164482627815168,0.0006457817615322031,13.14804214945619,13.14804214945619,0.0016638935108153079,13.14804214945619,8.731899614072982e-40
DECISION,MAIN,5111,41428.53022891802,y_fta,AB,B_COMPLETE,M01_opp_pf_pg,M,opp_team_season,0.22835375057897978,0.008861457454274847,0.18556817404307704,1.5347856170874405,1.4444030502246847,2.8473398932158824,0.0016638935108153079,0.00016007294743189987,0.00022876139698974418,38.03694426307882,,,,,,,,,0.0016638935108153079,N_ENTITY,2.7169663458725335,,0.0016638935108153079,0.0004951134484455614,0.0006215370168559212,13.460733277240495,13.460733277240495,0.0016638935108153079,13.460733277240495,1.3313034777135393e-41
DECISION,MAIN,5111,41428.53022891802,y_fta,AB,B_COMPLETE_PLUS_M02,M01_opp_pf_pg,M,opp_team_season,0.238041815612831,0.0001966381890180129,0.061147628786837584,1.5347856170874405,0.6529705967296867,2.8473398932158824,0.2562396006655574,0.00015822991396909785,0.00022793636216542147,0.1685043785205311,,,,,,,,,0.259567387687188,N_ENTITY,0.7469028411480999,,0.259567387687188,0.00013462424291688405,0.00017024631650231555,0.36426013422901504,0.36426013422901504,0.9933444259567388,0.36426013422901504,0.3578318826302308
DECISION,MAIN,5111,41428.53022891802,y_fta,AB,B_SINGLE,M02_opp_allowed_fta_pg,M,opp_team_season,0.21895570026413314,0.009856483887269138,0.12592980918530106,2.244772104666457,2.2447696182192023,2.8473398932158824,0.0016638935108153079,0.00016193930328275806,0.00022713517948134496,42.68182765049221,,,,,,,,,0.0016638935108153079,N_ENTITY,2.923184795303457,,0.0016638935108153079,0.0004912826284263959,0.0006639581031383893,14.105108763000889,14.105108763000889,0.0016638935108153079,14.105108763000889,1.766221364694436e-45
DECISION,MAIN,5111,41428.53022891802,y_fta,AB,B_COMPLETE,M02_opp_allowed_fta_pg,M,opp_team_season,0.22835375057897978,0.009688065033851402,0.12787718051073854,2.244772104666457,2.191617620390802,2.8473398932158824,0.0016638935108153079,0.00016073579184170065,0.00022275188622735223,42.771037333823564,,,,,,,,,0.0016638935108153079,N_ENTITY,2.921524579186272,,0.0016638935108153079,0.00047742955319403943,0.0006507751106733135,14.153330896640675,14.153330896640675,0.0016638935108153079,14.153330896640675,8.905836372397522e-46
DECISION,MAIN,5111,41428.53022891802,y_fta,AB,B_SINGLE,M03_opp_allowed_ftm_pg,M,opp_team_season,0.21895570026413314,0.010133278934106427,0.14932762730243077,1.9194392109864393,1.9194382590348358,2.8473398932158824,0.0016638935108153079,0.00016280394830959211,0.00022809874291010012,43.711222861611596,,,,,,,,,0.0016638935108153079,N_ENTITY,2.8189820333181577,,0.0016638935108153079,0.0004834966391437033,0.0006430062580860298,15.007291412195944,15.007291412195944,0.0016638935108153079,15.007291412195944,3.288973346018472e-51
DECISION,MAIN,5111,41428.53022891802,y_fta,AB,B_COMPLETE,M03_opp_allowed_ftm_pg,M,opp_team_season,0.22835375057897978,0.009986516517078811,0.15214531535359224,1.9194392109864393,1.8701986559047254,2.8473398932158824,0.0016638935108153079,0.00016117547568950813,0.0002245309110558545,43.75941377151916,,,,,,,,,0.0016638935108153079,N_ENTITY,2.8092585866062243,,0.0016638935108153079,0.0004702962541876284,0.0006307653898421777,15.086782528242734,15.086782528242734,0.0016638935108153079,15.086782528242734,9.892902757799507e-52
DECISION,MAIN,5111,41428.53022891802,y_fta,AB,B_COMPLETE_PLUS_M02,M03_opp_allowed_ftm_pg,M,opp_team_season,0.238041815612831,0.0003024191376044915,0.13677521972064477,1.9194392109864393,0.3620233035597539,2.8473398932158824,0.15307820299500832,0.00015756418670237165,0.0002213215095263074,0.6545001035468795,,,,,,,,,0.15307820299500832,N_ENTITY,0.8398693913776836,,0.15307820299500832,0.0001425650821226734,0.00018588116150464998,0.8599798612610844,0.8599798612610844,0.9267886855241264,0.8599798612610844,0.19490007161272252
DECISION,MAIN,5111,41428.53022891802,y_fta,AB,B_SINGLE,M04_opp_allowed_ft_rate,M,opp_team_season,0.21895570026413314,0.008729828721817106,7.537310600689093,0.035296135288916224,0.035296022059501234,2.8473398932158824,0.0016638935108153079,0.00016959354800646386,0.0002452770640105927,34.900267615079386,,,,,,,,,0.0016638935108153079,N_ENTITY,2.763450870602566,,0.0016638935108153079,0.0004965059732600198,0.0006778111160789136,12.146927887795998,12.146927887795998,0.0016638935108153079,12.146927887795998,2.9780942526591923e-34
DECISION,MAIN,5111,41428.53022891802,y_fta,AB,B_COMPLETE,M04_opp_allowed_ft_rate,M,opp_team_season,0.22835375057897978,0.00843181129513461,7.585078826383381,0.035296135288916224,0.0344698706480839,2.8473398932158824,0.0016638935108153079,0.00016758136778596245,0.00024086384707609415,34.31079436648621,,,,,,,,,0.0016638935108153079,N_ENTITY,2.739769636165364,,0.0016638935108153079,0.0004820321540796978,0.0006599114546690603,12.046736095892829,12.046736095892829,0.0016638935108153079,12.046736095892829,1.0089142698720715e-33
DECISION,MAIN,5111,41428.53022891802,y_fta,AB,B_COMPLETE_PLUS_M02,M04_opp_allowed_ft_rate,M,opp_team_season,0.238041815612831,0.00015222147929580128,-3.9158611669188823,0.035296135288916224,0.008971188789924442,2.8473398932158824,0.32945091514143093,0.00016405801551598598,0.0002373256308185413,-0.04987466452468797,,,,,,,,,0.3011647254575707,N_ENTITY,0.79667496416528,,0.3011647254575707,0.00014379199645643054,0.00018907138842786387,0.044583598340617384,0.044583598340617384,1.0,0.044583598340617384,0.48221956819332873
DECISION,MAIN,5111,41428.53022891802,y_fta,AB,B_SINGLE,M05_opp_allowed_hurdle_rate,M,opp_team_season,0.21895570026413314,0.005771358370814814,6.749944908065465,0.032054928501671874,0.03204631564254907,2.8473398932158824,0.0016638935108153079,0.0001690228332670311,0.0002371130582047696,23.6272754438924,,,,,,,,,0.0016638935108153079,N_ENTITY,2.2495152594152557,,0.0016638935108153079,0.00042158542472105274,0.0005333894426382469,10.029769092602871,10.029769092602871,0.0033277870216306157,10.029769092602871,5.639002112285125e-24
DECISION,MAIN,5111,41428.53022891802,y_fta,AB,B_COMPLETE,M05_opp_allowed_hurdle_rate,M,opp_team_season,0.22835375057897978,0.005218310721056632,6.6563623380229595,0.032054928501671874,0.03090062943308693,2.8473398932158824,0.0016638935108153079,0.00016407329848001562,0.00022620008966852605,22.344099995641486,,,,,,,,,0.0016638935108153079,N_ENTITY,2.2883220526050123,,0.0016638935108153079,0.00040420867399000555,0.0005176186534897193,9.3004802176478,9.3004802176478,0.004991680532445923,9.3004802176478,6.990638590272907e-21
DECISION,MAIN,5111,41428.53022891802,y_fta,AB,B_COMPLETE_PLUS_M02,M05_opp_allowed_hurdle_rate,M,opp_team_season,0.238041815612831,4.983104036899297e-05,0.8887468750474727,0.032054928501671874,0.02261576086960307,2.8473398932158824,0.5540765391014975,0.00016072475081166683,0.00022042134744965848,-0.5030987775265308,,,,,,,,,0.5723793677204659,N_ENTITY,0.8308680449113094,,0.5723793677204659,0.00014306785127701384,0.00018314105401221416,-0.5090983636132326,-0.5090983636132326,1.0,-0.5090983636132326,0.6946583830454254
DECISION,MAIN,5111,41428.53022891802,y_fta,AB,B_SINGLE,M06_opp_pace,M,opp_team_season,0.21895570026413314,0.003493200093515022,0.044628286455113395,3.771524709402988,3.7708636791366628,2.8473398932158824,0.0016638935108153079,0.00014457271557420597,0.00020238726580658724,16.545642654913646,,,,,,,,,0.011647254575707155,N_ENTITY,3.8330121418061904,,0.011647254575707155,0.0005596601502134917,0.0007757528471836057,3.781539383260836,3.781539383260836,0.23294509151414308,3.781539383260836,7.7930785764167e-05
DECISION,MAIN,5111,41428.53022891802,y_fta,AB,B_COMPLETE,M06_opp_pace,M,opp_team_season,0.22835375057897978,0.0033321795605137493,0.0437319421757527,3.771524709402988,3.758415113071456,2.8473398932158824,0.0016638935108153079,0.00014240801339277957,0.00019564309096780125,16.30403369391633,,,,,,,,,0.013311148086522463,N_ENTITY,3.828324043830904,,0.013311148086522463,0.000545868448946154,0.0007489851491614304,3.720115298263485,3.720115298263485,0.24459234608985025,3.720115298263485,9.956593361163052e-05
DECISION,MAIN,5111,41428.53022891802,y_fta,AB,B_COMPLETE_PLUS_M02,M06_opp_pace,M,opp_team_season,0.238041815612831,0.0007160867112446215,0.021474526145902454,3.771524709402988,3.548121887549387,2.8473398932158824,0.026622296173044926,0.00013978505603692777,0.00019302123342549576,2.985690459957299,,,,,,,,,0.05823627287853577,N_ENTITY,1.4229987316186647,,0.05823627287853577,0.00018042835219308508,0.0002746689703399507,1.9501961156681291,1.9501961156681291,0.6772046589018302,1.9501961156681291,0.025576372089298763
DECISION,MAIN,5111,41428.53022891802,y_fta,AB,B_COMPLETE,X01_fd_x_oppfoul,X,opp_team_season,0.22835375057897978,0.0020955227592532213,2.2749906513499303,0.060242012200947985,0.05729357043888184,2.8473398932158824,0.0016638935108153079,0.00016036209721386396,0.00021330192772042722,9.072401186058448,0.04159733777038269,0.0006591839277076232,0.0006370979552984934,2.2545023408098115,0.004991680532445923,0.0001412539057322706,0.00022464735469927957,8.6992738291399,0.004991680532445923,N_PSWAP+N_ENTITY,1.329382332481321,0.04159733777038269,0.0016638935108153079,0.00020997021750443685,0.00028355981419574366,6.649576023657471,6.649576023657471,0.024958402662229616,6.649576023657471,1.469692313580481e-11
DECISION,MAIN,5111,41428.53022891802,y_fta,AB,B_MATCHUP,X01_fd_x_oppfoul,X,opp_team_season,0.23896813439047593,0.0006972064265323565,1.3853183144488466,0.060242012200947985,0.054271325398115314,2.8473398932158824,0.03494176372712146,0.0001594991380659783,0.00021406026447426884,2.511943493048489,0.22628951747088186,0.0004307193305042308,0.0004847198481557927,0.5497754982430072,0.029950083194675542,0.00013791390024635704,0.0002207393180357346,2.533724083515823,0.06156405990016639,N_PSWAP+N_ENTITY,1.2124254122955513,0.22628951747088186,0.06156405990016639,0.00018455440858457657,0.00025953210441131015,1.9752932652036057,1.9752932652036057,0.670549084858569,1.9752932652036057,0.024117436403782645
DECISION,MAIN,5111,41428.53022891802,y_fta,AB,B_COMPLETE,X02_ftr_x_oppftrate,X,opp_team_season,0.22835375057897978,7.96215354796944e-05,7.093958657548486,0.0036196259795292407,0.0035815080700570896,2.8473398932158824,0.454242928452579,0.00014000236980459614,0.00019031628359269251,-0.31726572831847877,0.6306156405990017,0.00026400484235413135,0.00031962293341209445,-0.5768775879317424,0.46755407653910147,0.00014518809438812213,0.00021422723761359392,-0.30606079618452386,0.5440931780366056,N_PSWAP+N_ENTITY,1.4212912858267341,0.6306156405990017,0.5440931780366056,0.00020033055389443496,0.00027049487542122333,-0.4462525148647219,-0.4462525148647219,1.0,-0.4462525148647219,0.6722925894427767
DECISION,MAIN,5111,41428.53022891802,y_fta,AB,B_MATCHUP2,X02_ftr_x_oppftrate,X,opp_team_season,0.2369147679591843,0.00031926546443318245,14.310046319974365,0.0036196259795292407,0.003555283560652379,2.8473398932158824,0.1281198003327787,0.0001378124501257794,0.00018712648581147836,0.9696810877440882,0.27121464226289516,0.0002495478179452447,0.00030524818942803125,0.22839659301034168,0.11813643926788686,0.0001419273037561368,0.00021424222402127575,0.8277460780067085,0.20465890183028287,N_PSWAP+N_ENTITY,1.3917514442370218,0.27121464226289516,0.20465890183028287,0.0001944643406254517,0.00026043355688312356,0.4792052349219289,0.4792052349219289,0.9850249584026622,0.4792052349219289,0.3158962952685837
DECISION,MAIN,5111,41428.53022891802,y_fta,AB,B_SINGLE,G01_noise,G,row,0.21895570026413314,0.00044551107658902754,0.060091152253934764,1.0003967819812156,1.0001336378534693,2.8473398932158824,0.07820299500831947,0.00013892754334265739,0.00018507902971003442,1.656500651244489,,,,,,,,,0.07820299500831947,N_ROW (candidate varies at ROW level),1.0,,,,,,,,,
DECISION,MAIN,5111,41428.53022891802,y_fta,AB,B_COMPLETE,G01_noise,G,row,0.22835375057897978,0.0005821234989461447,0.06876817516461362,1.0003967819812156,0.9989859458405901,2.8473398932158824,0.03826955074875208,0.0001379694887322252,0.0001850574504116808,2.4000871579385197,,,,,,,,,0.03826955074875208,N_ROW (candidate varies at ROW level),1.0,,,,,,,,,
DECISION,MAIN,5111,41428.53022891802,y_fta,AB,B_SINGLE,G02_placebo_noop,G,row,0.21895570026413314,0.0,0.0,3.9499140290360066,2.1049472840182002e-14,2.8473398932158824,1.0,0.00015182034608590144,0.0001998936212852281,-0.7595057066341755,,,,,,,,,1.0,N_ROW (candidate varies at ROW level),1.0,,,,,,,,,
DECISION,MAIN,5111,41428.53022891802,y_fta,AB,B_COMPLETE,G02_placebo_noop,G,row,0.22835375057897978,0.0,0.0,3.9499140290360066,3.915614975422304e-11,2.8473398932158824,1.0,0.0001520228345048024,0.00019820149975440649,-0.7670115246008504,,,,,,,,,1.0,N_ROW (candidate varies at ROW level),1.0,,,,,,,,,
DECISION,MAIN,5111,41428.53022891802,y_fta,AB,B_SINGLE,G03_placebo_perturbed,G,row,0.21895570026413314,0.0009730963671026408,-0.07051273488624844,1.6700133564997628,1.2596493853891817,2.8473398932158824,0.013311148086522463,0.00015555592649921354,0.00021818653612690498,3.746979328403275,,,,,,,,,0.013311148086522463,N_ROW (candidate varies at ROW level),1.0,,,,,,,,,
DECISION,MAIN,5111,41428.53022891802,y_fta,AB,B_COMPLETE,G03_placebo_perturbed,G,row,0.22835375057897978,0.0010302181507840437,-0.07262055972138322,1.6700133564997628,1.2584742090281476,2.8473398932158824,0.011647254575707155,0.00015356453132030922,0.0002131457468142192,4.112930389494649,,,,,,,,,0.011647254575707155,N_ROW (candidate varies at ROW level),1.0,,,,,,,,,
DECISION,F08_ONLY,5111,41428.53022891802,y_fta,AB,B_SINGLE,F08_prior_fta_given,F,player_season,0.21895570026413314,0.00011332174180408839,-0.08490115277893104,1.2680957292548805,0.35701161563788975,2.8473398932158824,0.40765391014975044,0.00015253914782546198,0.00020305644404282634,-0.19313549100220775,1.0,0.008803943709397574,0.0016835860217054408,-5.1619708500490225,0.46089850249584025,0.0001914023447095281,0.0002460306824429706,-0.31736124181803466,0.46089850249584025,N_PSWAP,1.211636910134606,1.0,,,,,-0.31736124181803466,0.5507487520798668,-0.31736124181803466,0.6245152343107158
DECISION,F08_ONLY,5111,41428.53022891802,y_fta,AB,B_COMPLETE,F08_prior_fta_given,F,player_season,0.22835375057897978,0.00010060747320447935,-0.08164306888790879,1.2680957292548805,0.3498123295838882,2.8473398932158824,0.4209650582362729,0.00014987766896629634,0.000198593937394927,-0.24809516548250668,1.0,0.009974134545886049,0.0017460783497906362,-5.654687301898827,0.43926788685524126,0.00015839977291761564,0.00021058005298630955,-0.2744433715043919,0.43926788685524126,N_PSWAP,1.060354891738446,1.0,,,,,-0.2744433715043919,0.5324459234608985,-0.2744433715043919,0.6081280258852175
DECISION,MAIN,5111,30826.67149285854,y_ftm,ABC,B_SINGLE,F01_prior_ftr,F,player_season,0.21289616702523317,0.0019461987762894807,-1.4826788646614049,0.10030492846246324,0.07308013953090031,2.4561385812898857,0.0016638935108153079,0.00015594702029911114,0.0002268928892175384,7.89029467677115,0.0016638935108153079,0.00040152416253357357,0.00021656875117945042,7.132490746441895,0.0033277870216306157,0.00017880416653542628,0.00024223068296885678,7.296328392804331,0.0033277870216306157,N_PSWAP,1.0675992703174269,0.0016638935108153079,,,,,7.296328392804331,0.0066555740432612314,7.296328392804331,1.4786328972527599e-13
DECISION,MAIN,5111,30826.67149285854,y_ftm,ABC,B_COMPLETE,F01_prior_ftr,F,player_season,0.2212464528947673,0.00016057125256236312,-0.559943349864051,0.10030492846246324,0.05558308832960324,2.4561385812898857,0.2978369384359401,0.00015435422027691763,0.00022342105415905237,0.027826528295849917,1.0,0.0038953288459766962,0.0007919135673400651,-4.71611770203521,0.33777038269550747,0.00015512785981893848,0.00020805766216349037,0.026162904489175957,0.33777038269550747,N_PSWAP,0.93123570178563,1.0,,,,,0.026162904489175957,1.0,0.026162904489175957,0.48956367298359893
DECISION,MAIN,5111,30826.67149285854,y_ftm,ABC,B_SINGLE,F02_prior_fd_pm,F,player_season,0.21289616702523317,0.002425091622755814,6.157355237890618,0.03718755809825841,0.01964367465658629,2.4561385812898857,0.0016638935108153079,0.000151168202976673,0.00020626725008741724,11.024161221984775,1.0,0.008100133533762707,0.0008302709560707508,-6.835168530841996,0.0016638935108153079,0.00019542895421633538,0.00025945329044449933,8.59369586224783,0.0016638935108153079,N_PSWAP,1.2578501450644324,1.0,,,,,8.59369586224783,0.004991680532445923,8.59369586224783,4.210787362161394e-18
DECISION,MAIN,5111,30826.67149285854,y_ftm,ABC,B_COMPLETE,F02_prior_fd_pm,F,player_season,0.2212464528947673,0.0016087341595388321,5.62066252566346,0.03718755809825841,0.017526996447857806,2.4561385812898857,0.0016638935108153079,0.00015114294534164809,0.00020513071142261123,7.105670350814744,1.0,0.007607642562146528,0.00086437872821874,-6.940138861318217,0.0033277870216306157,0.0001699651931873613,0.00022955938083315017,6.267524163594108,0.0033277870216306157,N_PSWAP,1.1190883083333674,1.0,,,,,6.267524163594108,0.021630615640599003,6.267524163594108,1.8341683880751354e-10
DECISION,MAIN,5111,30826.67149285854,y_ftm,ABC,B_SINGLE,F03_prior_ft_pct,F,player_season,0.21289616702523317,3.504697020769924e-05,-0.16135999674843085,0.09620079822408081,0.09011191732774024,2.4561385812898857,0.6522462562396006,0.0001500190596436094,0.00020617079874046828,-0.5576545763914861,0.7554076539101497,9.391251167930469e-05,7.276088573236804e-05,-0.8090272799609257,0.6472545757071547,0.0001812498909078917,0.0002441957663107933,-0.5987119388225463,0.6472545757071547,N_PSWAP,1.1844343030275184,0.7554076539101497,,,,,-0.5987119388225463,1.0,-0.5987119388225463,0.7253175259200363
DECISION,MAIN,5111,30826.67149285854,y_ftm,ABC,B_COMPLETE,F03_prior_ft_pct,F,player_season,0.2212464528947673,5.1246039970821665e-06,-0.06206422203381164,0.09620079822408081,0.08958632196450374,2.4561385812898857,0.8535773710482529,0.00014731990493166932,0.00020305171296591929,-0.7002910680120861,0.9900166389351082,0.00015715780226998303,9.489992300777812e-05,-1.6020371087175702,0.8585690515806988,0.00017090544241138867,0.0002355240672133351,-0.7038806707772419,0.8585690515806988,N_PSWAP,1.1599215971788728,0.9900166389351082,,,,,-0.7038806707772419,1.0,-0.7038806707772419,0.7592464703681753
DECISION,MAIN,5111,30826.67149285854,y_ftm,ABC,B_SINGLE,F04_prior_paint_share,F,player_season,0.21289616702523317,4.49189683889482e-05,0.09214413506815354,0.17867659185776885,0.17864878058496778,2.4561385812898857,0.5607321131447587,0.00014071617681747154,0.0001962126189543246,-0.4882316384086566,0.009983361064891847,8.778764680748441e-06,9.32180962273332e-06,3.8769514901981887,0.6206322795341098,0.0001772017803006371,0.00023481423271585244,-0.563350910980612,0.6206322795341098,N_PSWAP,1.1967335942369421,0.009983361064891847,,,,,-0.563350910980612,1.0,-0.563350910980612,0.7134020454527354
DECISION,MAIN,5111,30826.67149285854,y_ftm,ABC,B_COMPLETE,F04_prior_paint_share,F,player_season,0.2212464528947673,0.00024535675306726926,0.21979487329216343,0.17867659185776885,0.17503879572202577,2.4561385812898857,0.18302828618968386,0.00013895308245224843,0.00019491569100043614,0.5458958694853496,0.0016638935108153079,4.6490284076911405e-05,2.2955841448454638e-05,8.663000632623088,0.21797004991680533,0.00015995761558290628,0.0002087586735326254,0.4090806673525666,0.21797004991680533,N_PSWAP,1.071020359936842,0.0016638935108153079,,,,,0.4090806673525666,0.9900166389351082,0.4090806673525666,0.34124022205643034
DECISION,MAIN,5111,30826.67149285854,y_ftm,ABC,B_SINGLE,F05_prior_fga_pm,F,player_season,0.21289616702523317,0.004760894796835218,2.6441620204059495,0.09054407062556698,0.06409277811788447,2.4561385812898857,0.0016638935108153079,0.00014422308019228848,0.00019766217956547765,23.356373620850466,0.8635607321131448,0.005229563387028162,0.0004379693607735699,-1.070094468172729,0.0016638935108153079,0.00017939654058574112,0.00023456870802763188,19.531583282241478,0.0016638935108153079,N_PSWAP,1.1867151750693337,0.8635607321131448,,,,,19.531583282241478,0.0016638935108153079,19.531583282241478,2.958801870892538e-85
DECISION,MAIN,5111,30826.67149285854,y_ftm,ABC,B_COMPLETE,F05_prior_fga_pm,F,player_season,0.2212464528947673,0.0005358229534721712,2.514888361364703,0.09054407062556698,0.022607097796485887,2.4561385812898857,0.05324459234608985,0.00014352899525719995,0.00019633348716106816,1.998100089227982,0.940099833610649,0.001106611412496697,0.000446100851958615,-1.279505422413939,0.07321131447587355,0.00016025218779375705,0.00021528009335077157,1.744568017566163,0.07321131447587355,N_PSWAP,1.096502163047509,0.940099833610649,,,,,1.744568017566163,0.7337770382695508,1.744568017566163,0.04053004385164575
DECISION,MAIN,5111,30826.67149285854,y_ftm,ABC,B_SINGLE,F06_prior_fg3a_share,F,player_season,0.21289616702523317,6.667634667082113e-07,-0.010864779994429596,0.18701197084310686,0.18459410534235055,2.4561385812898857,0.9484193011647255,0.00015038892331224884,0.00020362750923730758,-0.7352747200333054,0.5091514143094842,1.4830351705425332e-06,2.0666860128620133e-06,-0.3949664819688418,0.9484193011647255,0.00017357198037467608,0.00023765448361765226,-0.7275487265207439,0.9484193011647255,N_PSWAP,1.167104015109715,0.5091514143094842,,,,,-0.7275487265207439,1.0,-0.7275487265207439,0.7665550743034315
DECISION,MAIN,5111,30826.67149285854,y_ftm,ABC,B_COMPLETE,F06_prior_fg3a_share,F,player_season,0.2212464528947673,1.2056416608268975e-05,-0.046959714021265024,0.18701197084310686,0.18160865705303175,2.4561385812898857,0.7853577371048253,0.00014921181584638243,0.00020398019020111311,-0.6723956826537217,0.389351081530782,1.1310975698406728e-05,7.864728131678993e-06,0.09478279444392028,0.7970049916805324,0.00015934357307123207,0.00021492270966808763,-0.6853029011704888,0.7970049916805324,N_PSWAP,1.0536450106070878,0.389351081530782,,,,,-0.6853029011704888,1.0,-0.6853029011704888,0.7534236163071077
DECISION,MAIN,5111,30826.67149285854,y_ftm,ABC,B_SINGLE,F07_prior_hurdle_rate,F,player_season,0.21289616702523317,0.00037444638817647074,0.41576821652968876,0.20921064551962648,0.11431320558890512,2.4561385812898857,0.11314475873544093,0.00014544037499320117,0.00020652882035730592,1.1088332020057874,1.0,0.00305973061451588,0.000528603204389869,-5.079962066137779,0.15973377703826955,0.0001825132035701269,0.00024179515784599658,0.7937842358637691,0.15973377703826955,N_PSWAP,1.1707574634265474,1.0,,,,,0.7937842358637691,0.9450915141430949,0.7937842358637691,0.21366051947595405
DECISION,MAIN,5111,30826.67149285854,y_ftm,ABC,B_COMPLETE,F07_prior_hurdle_rate,F,player_season,0.2212464528947673,0.00020402196878153056,0.3183593703178363,0.20921064551962648,0.1101979960969604,2.4561385812898857,0.23627287853577372,0.00014463368307274655,0.0002034884306720192,0.2918509200383264,1.0,0.003032373007176148,0.0005425460059708283,-5.21310821067346,0.2795341098169717,0.0001639336315875428,0.00022260938781002666,0.18008376730364525,0.2795341098169717,N_PSWAP,1.0939658194564705,1.0,,,,,0.18008376730364525,0.9983361064891847,0.18008376730364525,0.42854341188264633
DECISION,MAIN,5111,30826.67149285854,y_ftm,ABC,B_SINGLE,F09_prior_starter_rate,F,player_season,0.21289616702523317,5.8462571043475266e-05,0.09444900957552627,0.21742504544182645,0.19883572369703015,2.4561385812898857,0.5707154742096506,0.00015521273926404004,0.00020983521532845595,-0.46107688868677893,0.17803660565723795,3.6436210789503834e-05,2.7318351968098887e-05,0.8062843717546652,0.5806988352745425,0.00017631268380464128,0.00023331712761594337,-0.505106993067203,0.5806988352745425,N_PSWAP,1.1119064416844002,0.17803660565723795,,,,,-0.505106993067203,1.0,-0.505106993067203,0.6932581771929478
DECISION,MAIN,5111,30826.67149285854,y_ftm,ABC,B_COMPLETE,F09_prior_starter_rate,F,player_season,0.2212464528947673,0.0001385409683901089,0.20165985877612894,0.21742504544182645,0.14335819291070293,2.4561385812898857,0.3560732113144759,0.00015671836225210047,0.00020743044793755886,-0.08763127131395568,0.08652246256239601,6.711100800906986e-05,4.894061797665254e-05,1.4595230574145015,0.35108153078202997,0.00015409225031479256,0.00021367557566662632,-0.07277987610968961,0.35108153078202997,N_PSWAP,1.0301070927202904,0.08652246256239601,,,,,-0.07277987610968961,1.0,-0.07277987610968961,0.5290093963643512
DECISION,MAIN,5111,30826.67149285854,y_ftm,ABC,B_SINGLE,F10_prior_pf_pm,F,player_season,0.21289616702523317,9.449607812022104e-05,1.0467525701721496,0.023175742406118336,0.02280949779408286,2.4561385812898857,0.43261231281198004,0.00015104276038562634,0.00021243160802023812,-0.266187705268503,0.4259567387687188,9.336505540233605e-05,5.144473524069503e-05,0.021985198535734683,0.4858569051580699,0.00019037674647283344,0.00025447611164135285,-0.3767766952040759,0.4858569051580699,N_PSWAP,1.197920187174355,0.4259567387687188,,,,,-0.3767766952040759,1.0,-0.3767766952040759,0.6468302225534661
DECISION,MAIN,5111,30826.67149285854,y_ftm,ABC,B_COMPLETE,F10_prior_pf_pm,F,player_season,0.2212464528947673,5.34271018199133e-06,-0.2718567859412188,0.023175742406118336,0.02088302926835646,2.4561385812898857,0.8535773710482529,0.0001498703371655605,0.00021117019276664772,-0.6844130087207833,0.5108153078202995,1.1018299414544153e-05,1.5076976063497858e-05,-0.3764408200059241,0.8602329450915142,0.00016660337183097715,0.0002257360664722619,-0.7143770340695702,0.8602329450915142,N_PSWAP,1.0689769399496174,0.5108153078202995,,,,,-0.7143770340695702,1.0,-0.7143770340695702,0.7625029796423136
DECISION,MAIN,5111,30826.67149285854,y_ftm,ABC,B_SINGLE,M01_opp_pf_pg,M,opp_team_season,0.21289616702523317,0.008300739383999665,0.1458024560226724,1.5347856170874405,1.5347810091791703,2.4561385812898857,0.0016638935108153079,0.00013948266719655307,0.00019267560876586295,42.35749802000404,,,,,,,,,0.0016638935108153079,N_ENTITY,3.448712963241126,,0.0016638935108153079,0.000511211024054672,0.000664482869651207,11.722692511296469,11.722692511296469,0.0016638935108153079,11.722692511296469,4.8761167591991685e-32
DECISION,MAIN,5111,30826.67149285854,y_ftm,ABC,B_COMPLETE,M01_opp_pf_pg,M,opp_team_season,0.2212464528947673,0.00857873232911315,0.15750278814158114,1.5347856170874405,1.4443624178821448,2.4561385812898857,0.0016638935108153079,0.0001363631496108948,0.00018747053657872516,45.03304537114301,,,,,,,,,0.0016638935108153079,N_ENTITY,3.469247588753139,,0.0016638935108153079,0.0005004071494206375,0.0006503817069879994,12.420898516817559,12.420898516817559,0.0016638935108153079,12.420898516817559,1.0064401100184794e-35
DECISION,MAIN,5111,30826.67149285854,y_ftm,ABC,B_COMPLETE_PLUS_M02,M01_opp_pf_pg,M,opp_team_season,0.23095896640123148,0.00010886602311732047,0.039243282130278445,1.5347856170874405,0.6530308880163839,2.4561385812898857,0.389351081530782,0.00013486054428917343,0.000186587379791087,-0.13931553785126188,,,,,,,,,0.3610648918469218,N_ENTITY,0.9501627994760917,,0.3610648918469218,0.00013042247245673814,0.00017728838712920798,-0.1215897425007725,-0.1215897425007725,1.0,-0.1215897425007725,0.5483880476043087
DECISION,MAIN,5111,30826.67149285854,y_ftm,ABC,B_SINGLE,M02_opp_allowed_fta_pg,M,opp_team_season,0.21289616702523317,0.009560370841868648,0.10698404046776427,2.244772104666457,2.244766851833083,2.4561385812898857,0.0016638935108153079,0.0001441486122954909,0.00020140105950530458,46.75358835103422,,,,,,,,,0.0016638935108153079,N_ENTITY,3.8454026477870467,,0.0016638935108153079,0.0005650789691444422,0.0007744681674888148,11.61479871005043,11.61479871005043,0.0016638935108153079,11.61479871005043,1.7330186140971328e-31
DECISION,MAIN,5111,30826.67149285854,y_ftm,ABC,B_COMPLETE,M02_opp_allowed_fta_pg,M,opp_team_season,0.2212464528947673,0.009712513506464177,0.11045418181452704,2.244772104666457,2.1914750067801076,2.4561385812898857,0.0016638935108153079,0.0001420652603661466,0.00019932833856714182,48.01348526202819,,,,,,,,,0.0016638935108153079,N_ENTITY,3.878835064699867,,0.0016638935108153079,0.0005610729544729046,0.0007731617490225965,11.836385547474634,11.836385547474634,0.0016638935108153079,11.836385547474634,1.2656428159430384e-32
DECISION,MAIN,5111,30826.67149285854,y_ftm,ABC,B_SINGLE,M03_opp_allowed_ftm_pg,M,opp_team_season,0.21289616702523317,0.009418156310803316,0.12418418436303548,1.9194392109864393,1.9194178305910665,2.4561385812898857,0.0016638935108153079,0.00014182539718316357,0.00019476947638631266,47.627231359502915,,,,,,,,,0.0016638935108153079,N_ENTITY,3.916074766644437,,0.0016638935108153079,0.0005577879561716897,0.0007627318317889885,11.616623281408907,11.616623281408907,0.0016638935108153079,11.616623281408907,1.6964133474941743e-31
DECISION,MAIN,5111,30826.67149285854,y_ftm,ABC,B_COMPLETE,M03_opp_allowed_ftm_pg,M,opp_team_season,0.2212464528947673,0.009605990974277676,0.12873149475862022,1.9194392109864393,1.8699893888379442,2.4561385812898857,0.0016638935108153079,0.0001398000569537126,0.00019222306761146018,49.245863334456516,,,,,,,,,0.0016638935108153079,N_ENTITY,3.958904501089305,,0.0016638935108153079,0.0005539308819819185,0.0007609927675802035,11.89506717794362,11.89506717794362,0.0016638935108153079,11.89506717794362,6.27759828407628e-33
DECISION,MAIN,5111,30826.67149285854,y_ftm,ABC,B_COMPLETE_PLUS_M02,M03_opp_allowed_ftm_pg,M,opp_team_season,0.23095896640123148,4.665313927365639e-05,0.046344460848967664,1.9194392109864393,0.36198907979257955,2.4561385812898857,0.5956738768718802,0.00014004703246465032,0.00019539547412176914,-0.4779736767740663,,,,,,,,,0.6006655574043261,N_ENTITY,1.0719004217889447,,0.6006655574043261,0.00015701250072659625,0.0002094444911267752,-0.5269146056753536,-0.5269146056753536,1.0,-0.5269146056753536,0.7008735779993942
DECISION,MAIN,5111,30826.67149285854,y_ftm,ABC,B_SINGLE,M04_opp_allowed_ft_rate,M,opp_team_season,0.21289616702523317,0.008397780268111889,6.376886773213846,0.035296135288916224,0.035296075095998344,2.4561385812898857,0.0016638935108153079,0.0001451328036392188,0.0001999548775923491,41.27254890624605,,,,,,,,,0.0016638935108153079,N_ENTITY,3.876008157887489,,0.0016638935108153079,0.000553696318523499,0.0007750267367573393,10.121049478121902,10.121049478121902,0.0016638935108153079,10.121049478121902,2.228058083629339e-24
DECISION,MAIN,5111,30826.67149285854,y_ftm,ABC,B_COMPLETE,M04_opp_allowed_ft_rate,M,opp_team_season,0.2212464528947673,0.008384766989199093,6.524619842932154,0.035296135288916224,0.03447014843890981,2.4561385812898857,0.0016638935108153079,0.00014262415946379343,0.00019713880446469543,41.808830342234025,,,,,,,,,0.0016638935108153079,N_ENTITY,3.907708666320168,,0.0016638935108153079,0.0005494096611979963,0.0007703610146746874,10.171020052604632,10.171020052604632,0.0016638935108153079,10.171020052604632,1.3354835172471077e-24
DECISION,MAIN,5111,30826.67149285854,y_ftm,ABC,B_COMPLETE_PLUS_M02,M04_opp_allowed_ft_rate,M,opp_team_season,0.23095896640123148,0.00018974622962333046,-3.7704094777647232,0.035296135288916224,0.008973273936887953,2.4561385812898857,0.24958402662229617,0.00014198334278248806,0.00019740729502423082,0.24195097164458756,,,,,,,,,0.2529118136439268,N_ENTITY,1.0565714647542819,,0.2529118136439268,0.00015104445898321518,0.0002085749148569322,0.18555333303941174,0.18555333303941174,0.9983361064891847,0.18555333303941174,0.4263975367723587
DECISION,MAIN,5111,30826.67149285854,y_ftm,ABC,B_SINGLE,M05_opp_allowed_hurdle_rate,M,opp_team_season,0.21289616702523317,0.006193449168665077,6.03102105621363,0.032054928501671874,0.03205002046446835,2.4561385812898857,0.0016638935108153079,0.0001508196465318104,0.0002032502180116845,29.730002660001507,,,,,,,,,0.0016638935108153079,N_ENTITY,3.479688540555808,,0.0016638935108153079,0.0005525442016497975,0.0007072474544807283,7.975857574711126,7.975857574711126,0.004991680532445923,7.975857574711126,7.566317849498301e-16
DECISION,MAIN,5111,30826.67149285854,y_ftm,ABC,B_COMPLETE,M05_opp_allowed_hurdle_rate,M,opp_team_season,0.2212464528947673,0.005939559577744091,6.1244925827636285,0.032054928501671874,0.030907215165689818,2.4561385812898857,0.0016638935108153079,0.00015035975512869265,0.00020199070575377675,28.660723774450965,,,,,,,,,0.0016638935108153079,N_ENTITY,3.4553813364202055,,0.0016638935108153079,0.0005382084629174707,0.0006979549147919456,7.738825245519929,7.738825245519929,0.004991680532445923,7.738825245519929,5.016978758491522e-15
DECISION,MAIN,5111,30826.67149285854,y_ftm,ABC,B_COMPLETE_PLUS_M02,M05_opp_allowed_hurdle_rate,M,opp_team_season,0.23095896640123148,0.00018357914683463564,1.4710785086606026,0.032054928501671874,0.022621879770087196,2.4561385812898857,0.2762063227953411,0.00014845787965444909,0.00019798164258769737,0.17739658445670958,,,,,,,,,0.31281198003327787,N_ENTITY,1.1345062224219273,,0.31281198003327787,0.00017373368353613205,0.00022461140544105673,0.043833318611628876,0.043833318611628876,1.0,0.043833318611628876,0.4825185943677352
DECISION,MAIN,5111,30826.67149285854,y_ftm,ABC,B_SINGLE,M06_opp_pace,M,opp_team_season,0.21289616702523317,0.0032672007134285355,0.03723303792584206,3.771524709402988,3.770615964948925,2.4561385812898857,0.0016638935108153079,0.00014853510818161494,0.0001960841408625509,15.904731466442314,,,,,,,,,0.013311148086522463,N_ENTITY,3.76527171265173,,0.013311148086522463,0.0005647303575899478,0.00073831006888938,3.6603460655816886,3.6603460655816886,0.22628951747088186,3.6603460655816886,0.00012593742884904065
DECISION,MAIN,5111,30826.67149285854,y_ftm,ABC,B_COMPLETE,M06_opp_pace,M,opp_team_season,0.2212464528947673,0.003237237383023818,0.037192208303922156,3.771524709402988,3.7574064366428086,2.4561385812898857,0.0016638935108153079,0.00014637942243011563,0.00019670227224936575,15.713382083737818,,,,,,,,,0.014975041597337771,N_ENTITY,3.7373655101209926,,0.014975041597337771,0.0005642929265090951,0.0007351482880672092,3.6359255675371376,3.6359255675371376,0.23627287853577372,3.6359255675371376,0.00013849216595800923
DECISION,MAIN,5111,30826.67149285854,y_ftm,ABC,B_COMPLETE_PLUS_M02,M06_opp_pace,M,opp_team_season,0.23095896640123148,0.0006691001608838644,0.017908909936972826,3.771524709402988,3.5475561804981957,2.4561385812898857,0.028286189683860232,0.00014397593937401352,0.00019301783583468895,2.7205994681216716,,,,,,,,,0.07154742096505824,N_ENTITY,1.371171385750852,,0.07154742096505824,0.0001900672374355428,0.0002646605334360809,1.8099900171327001,1.8099900171327001,0.7204658901830283,1.8099900171327001,0.035148665297975036
DECISION,MAIN,5111,30826.67149285854,y_ftm,ABC,B_COMPLETE,X01_fd_x_oppfoul,X,opp_team_season,0.2212464528947673,0.002574992284698318,2.16620962960543,0.060242012200947985,0.057536090796481754,2.4561385812898857,0.0016638935108153079,0.0001531797404606842,0.0002181248356894917,11.102873895960974,0.0066555740432612314,0.0005133267264239496,0.0005589516749587195,3.6884504522267147,0.0016638935108153079,0.00014243168347544553,0.00019075215561728472,12.752467165317055,0.0016638935108153079,N_PSWAP+N_ENTITY,1.2785300526236658,0.0066555740432612314,0.0016638935108153079,0.00019210000946948456,0.00027887915765261427,8.544533393194921,8.544533393194921,0.004991680532445923,8.544533393194921,6.4528319200112166e-18
DECISION,MAIN,5111,30826.67149285854,y_ftm,ABC,B_MATCHUP,X01_fd_x_oppfoul,X,opp_team_season,0.2313149199187371,0.0010679440642290866,1.4791411166074004,0.060242012200947985,0.054264713026414384,2.4561385812898857,0.009983361064891847,0.0001522970857576877,0.00021689934379233176,4.221529500559838,0.0632279534109817,0.00032539704326177443,0.00041185093448907196,1.8029509193380617,0.004991680532445923,0.00013835827315827973,0.00018652697660889427,4.9836533458639725,0.009983361064891847,N_PSWAP+N_ENTITY,1.0104791456799915,0.0632279534109817,0.009983361064891847,0.0001593846677653394,0.00021917226361382617,4.14541229571182,4.14541229571182,0.15307820299500832,4.14541229571182,1.696014204198434e-05
DECISION,MAIN,5111,30826.67149285854,y_ftm,ABC,B_COMPLETE,X02_ftr_x_oppftrate,X,opp_team_season,0.2212464528947673,0.00018279137690179232,9.2543157393046,0.0036196259795292407,0.00358828067788097,2.4561385812898857,0.26788685524126454,0.00015363012931749308,0.00022280735569864862,0.13088099130685976,0.33277870216306155,0.00018204278181000607,0.00023367760289345907,0.0032035380477929433,0.2612312811980033,0.00015227971796782276,0.00021086641991642375,0.14469662332230404,0.3211314475873544,N_PSWAP+N_ENTITY,1.0885156298596668,0.33277870216306155,0.3211314475873544,0.00018016820252582703,0.0002425292891256813,0.01081590757727383,0.01081590757727383,1.0,0.01081590757727383,0.49568515315989353
DECISION,MAIN,5111,30826.67149285854,y_ftm,ABC,B_MATCHUP2,X02_ftr_x_oppftrate,X,opp_team_season,0.22974943448325802,0.0004897041123908617,15.288698907654878,0.0036196259795292407,0.0035550786633551518,2.4561385812898857,0.08153078202995008,0.00015153440770295445,0.00022206196778062158,1.5228618753031598,0.10981697171381032,0.0001823176660935452,0.00023224661637136326,1.3235346594062078,0.07820299500831947,0.00014931383602286968,0.00020644099205761486,1.6488502257971795,0.09816971713810316,N_PSWAP+N_ENTITY,1.1070013296152994,0.10981697171381032,0.09816971713810316,0.00017636918980539526,0.00024582289359013784,1.2746368656285196,1.2746368656285196,0.8602329450915142,1.2746368656285196,0.10121890747658634
DECISION,MAIN,5111,30826.67149285854,y_ftm,ABC,B_SINGLE,G01_noise,G,row,0.21289616702523317,0.0005021934655448759,0.05503686169109189,1.0003967819812156,1.0000799816823325,2.4561385812898857,0.07321131447587355,0.00015119472612113322,0.00021824428861307626,1.6082837340409208,,,,,,,,,0.07321131447587355,N_ROW (candidate varies at ROW level),1.0,,,,,,,,,
DECISION,MAIN,5111,30826.67149285854,y_ftm,ABC,B_COMPLETE,G01_noise,G,row,0.2212464528947673,0.0006459633964686663,0.06248808822314835,1.0003967819812156,0.9989864183544813,2.4561385812898857,0.029950083194675542,0.00014856228808456933,0.00021566106297934022,2.3064020065214406,,,,,,,,,0.029950083194675542,N_ROW (candidate varies at ROW level),1.0,,,,,,,,,
DECISION,MAIN,5111,30826.67149285854,y_ftm,ABC,B_SINGLE,G02_placebo_noop,G,row,0.21289616702523317,0.0,0.0,3.35437544627305,2.983346378931164e-14,2.4561385812898857,1.0,0.0001475352446071746,0.00020873923672612546,-0.7067921054092334,,,,,,,,,1.0,N_ROW (candidate varies at ROW level),1.0,,,,,,,,,
DECISION,MAIN,5111,30826.67149285854,y_ftm,ABC,B_COMPLETE,G02_placebo_noop,G,row,0.2212464528947673,0.0,0.0,3.35437544627305,2.3431323665334058e-11,2.4561385812898857,1.0,0.00014675936611337906,0.00020591541029253913,-0.7127167699827881,,,,,,,,,1.0,N_ROW (candidate varies at ROW level),1.0,,,,,,,,,
DECISION,MAIN,5111,30826.67149285854,y_ftm,ABC,B_SINGLE,G03_placebo_perturbed,G,row,0.21289616702523317,8.407507543765814e-05,-0.02065027485331469,1.4092351158399035,1.0905878713189783,2.4561385812898857,0.43760399334442596,0.0001483361725654357,0.00022067995854088677,-0.2911958908849963,,,,,,,,,0.43760399334442596,N_ROW (candidate varies at ROW level),1.0,,,,,,,,,
DECISION,MAIN,5111,30826.67149285854,y_ftm,ABC,B_COMPLETE,G03_placebo_perturbed,G,row,0.2212464528947673,0.00010604052219029961,-0.02321109625537809,1.4092351158399035,1.089665355758565,2.4561385812898857,0.3826955074875208,0.00014797277154729221,0.00022230997711197877,-0.1886206363822848,,,,,,,,,0.3826955074875208,N_ROW (candidate varies at ROW level),1.0,,,,,,,,,
DECISION,F08_ONLY,5111,30826.67149285854,y_ftm,ABC,B_SINGLE,F08_prior_fta_given,F,player_season,0.21289616702523317,0.0001043250782114238,-0.056941321271062585,1.2680957292548805,0.4405748339977326,2.4561385812898857,0.39600665557404324,0.000148736870733658,0.0002209835741233134,-0.20097327459031641,1.0,0.006220873275343861,0.0012944646508161821,-4.725156606845809,0.4242928452579035,0.00019856225021374783,0.000301558534733069,-0.31250043075630435,0.4242928452579035,N_PSWAP,1.3646196823877648,1.0,,,,,-0.31250043075630435,0.519134775374376,-0.31250043075630435,0.622669871932702
DECISION,F08_ONLY,5111,30826.67149285854,y_ftm,ABC,B_COMPLETE,F08_prior_fta_given,F,player_season,0.2212464528947673,0.0001210942782357431,-0.06223473373218281,1.2680957292548805,0.43429201343296236,2.4561385812898857,0.34442595673876875,0.00014905061132348987,0.0002239006958683391,-0.12486041179696022,1.0,0.006637168777066641,0.0013257974238704826,-4.9148341831952855,0.389351081530782,0.00017770854069143217,0.00025402821455543787,-0.2228660409032393,0.389351081530782,N_PSWAP,1.1345575035854947,1.0,,,,,-0.2228660409032393,0.46256239600665555,-0.2228660409032393,0.5881800994795694
DECISION,MAIN,5111,293888.63627470157,y_pts,ANCHOR,B_SINGLE,F01_prior_ftr,F,player_season,0.30702713598370124,2.5264530436351588e-05,0.40597967513289973,0.10030492846246324,0.09389279568394862,7.583696544741256,0.6738768718801996,0.00012796582438912165,0.0001640164060718394,-0.6261647624920323,0.9717138103161398,0.0001530784825637949,8.445689216629526e-05,-1.5133631945132218,0.7321131447587355,0.00020831896198182214,0.00028654966885268015,-0.6388226944334102,0.7321131447587355,N_PSWAP,1.7470793057565899,0.9717138103161398,,,,,-0.6388226944334102,1.0,-0.6388226944334102,0.738530879440938
DECISION,MAIN,5111,293888.63627470157,y_pts,ANCHOR,B_COMPLETE,F01_prior_ftr,F,player_season,0.31623743120161474,0.00010275850657839006,0.8286797096192702,0.10030492846246324,0.09276905518516779,7.583696544741256,0.3810316139767055,0.00012689922112832033,0.00016033522886200888,-0.1505640071821444,0.9750415973377704,0.000299692899527782,0.00011550877637854376,-1.7049301284605534,0.41098169717138106,0.00014353643931896027,0.00019524519579374402,-0.20885498654547077,0.41098169717138106,N_PSWAP,1.2177311073774066,0.9750415973377704,,,,,-0.20885498654547077,1.0,-0.20885498654547077,0.5827192623355713
DECISION,MAIN,5111,293888.63627470157,y_pts,ANCHOR,B_SINGLE,F02_prior_fd_pm,F,player_season,0.30702713598370124,0.0021323591491467547,13.591500009941866,0.03718755809825841,0.025765806083649163,7.583696544741256,0.0016638935108153079,0.00013377368599518962,0.00017703143776593303,11.289438126769605,1.0,0.003374132814595317,0.00040249462285124675,-3.085193180102421,0.0016638935108153079,0.0002094804707715009,0.0002670163166936977,7.201352719508316,0.0016638935108153079,N_PSWAP,1.5082988652373746,1.0,,,,,7.201352719508316,0.013311148086522463,7.201352719508316,2.98090476642478e-13
DECISION,MAIN,5111,293888.63627470157,y_pts,ANCHOR,B_COMPLETE,F02_prior_fd_pm,F,player_season,0.31623743120161474,0.0012884557838070652,11.347763772268028,0.03718755809825841,0.023988628565344176,7.583696544741256,0.0016638935108153079,0.00013280699577825333,0.00017352334674839264,6.659903751767148,1.0,0.0025028535854395083,0.00035166670329482547,-3.453263531220165,0.0033277870216306157,0.0001413913532485735,0.00017444486723957613,6.57551264597058,0.0033277870216306157,N_PSWAP,1.0053106426797984,1.0,,,,,6.57551264597058,0.021630615640599003,6.57551264597058,2.424290856696238e-11
DECISION,MAIN,5111,293888.63627470157,y_pts,ANCHOR,B_SINGLE,F03_prior_ft_pct,F,player_season,0.30702713598370124,0.00026244101687055815,1.351777213069463,0.09620079822408081,0.09088488905588256,7.583696544741256,0.15307820299500832,0.0001309571834132726,0.00019026212789779247,0.6910667662032971,0.6589018302828619,0.00033375890720374076,0.00013936647129937364,-0.5117291818344484,0.2612312811980033,0.00021011505760366533,0.00028126186751624747,0.18604000509905644,0.2612312811980033,N_PSWAP,1.4782861446148623,0.6589018302828619,,,,,0.18604000509905644,0.9916805324459235,0.18604000509905644,0.42620670522749865
DECISION,MAIN,5111,293888.63627470157,y_pts,ANCHOR,B_COMPLETE,F03_prior_ft_pct,F,player_season,0.31623743120161474,0.00048101067315923195,1.8504289575125616,0.09620079822408081,0.08988472357211719,7.583696544741256,0.06156405990016639,0.00012683609977607365,0.00018227263051968752,1.943103429041166,0.7171381031613977,0.0005949142563310085,0.00018181326626680544,-0.6264866448448624,0.06821963394342762,0.00014387221439234312,0.00020877620001922726,1.6148318569637727,0.06821963394342762,N_PSWAP,1.1454061941388236,0.7171381031613977,,,,,1.6148318569637727,0.7354409317803661,1.6148318569637727,0.053173555007138155
DECISION,MAIN,5111,293888.63627470157,y_pts,ANCHOR,B_SINGLE,F04_prior_paint_share,F,player_season,0.30702713598370124,1.2943454288937893e-05,-0.15356191679022002,0.17867659185776885,0.17767344348044217,7.583696544741256,0.7670549084858569,0.00013104108312265083,0.00018256416481638165,-0.6468828587061021,0.9866888519134775,5.749165985071862e-05,2.4186147986478217e-05,-1.8418892329066354,0.7970049916805324,0.0002111407369463276,0.0003107835822343362,-0.6377340824520954,0.7970049916805324,N_PSWAP,1.7023252210909754,0.9866888519134775,,,,,-0.6377340824520954,1.0,-0.6377340824520954,0.7381766232609612
DECISION,MAIN,5111,293888.63627470157,y_pts,ANCHOR,B_COMPLETE,F04_prior_paint_share,F,player_season,0.31623743120161474,1.048357986083196e-05,-0.13888629413810605,0.17867659185776885,0.1767975981811616,7.583696544741256,0.7770382695507487,0.0001285496091239632,0.0001794080298245124,-0.658086649625534,0.9767054908485857,4.4902742293093404e-05,2.069945333710508e-05,-1.6628053829113891,0.7803660565723793,0.00014201394740521312,0.0002058675846472724,-0.638907615153408,0.7803660565723793,N_PSWAP,1.1474825560965212,0.9767054908485857,,,,,-0.638907615153408,1.0,-0.638907615153408,0.7385585039951433
DECISION,MAIN,5111,293888.63627470157,y_pts,ANCHOR,B_SINGLE,F05_prior_fga_pm,F,player_season,0.30702713598370124,0.0027527902332514544,9.007897346155685,0.09054407062556698,0.044171696327366006,7.583696544741256,0.0016638935108153079,0.00013293957717272565,0.00017833025135244605,14.691005234445287,1.0,0.00575688278047491,0.0006318817060730947,-4.754200854923862,0.0016638935108153079,0.0002102371100003711,0.00028817875134703346,8.822833437116483,0.0016638935108153079,N_PSWAP,1.615983542677156,1.0,,,,,8.822833437116483,0.004991680532445923,8.822833437116483,5.579963986711762e-19
DECISION,MAIN,5111,293888.63627470157,y_pts,ANCHOR,B_COMPLETE,F05_prior_fga_pm,F,player_season,0.31623743120161474,8.486459377875207e-05,3.1551134769629994,0.09054407062556698,0.02214263144192682,7.583696544741256,0.4276206322795341,0.00013021862041116646,0.00017442010546744053,-0.2600275152389513,1.0,0.0036761251996315194,0.0007839013574824855,-4.581265961046643,0.46589018302828616,0.00014565889456566423,0.00020196058372750413,-0.301020623256561,0.46589018302828616,N_PSWAP,1.1578973833679091,1.0,,,,,-0.301020623256561,1.0,-0.301020623256561,0.6183006035867865
DECISION,MAIN,5111,293888.63627470157,y_pts,ANCHOR,B_SINGLE,F06_prior_fg3a_share,F,player_season,0.30702713598370124,3.6329869543409046e-06,-0.07739727846158104,0.18701197084310686,0.18676142380130897,7.583696544741256,0.8818635607321131,0.00013695762616457171,0.0001942614916269079,-0.6863153273129893,0.10316139767054909,1.3724771211644425e-06,1.9346882376530072e-06,1.1684103873597294,0.908485856905158,0.00021116199229540686,0.00032438149905523295,-0.6397683158426051,0.908485856905158,N_PSWAP,1.6698188423170823,0.10316139767054909,,,,,-0.6397683158426051,1.0,-0.6397683158426051,0.7388384037515686
DECISION,MAIN,5111,293888.63627470157,y_pts,ANCHOR,B_COMPLETE,F06_prior_fg3a_share,F,player_season,0.31623743120161474,2.8832111437544093e-05,0.22091330092746977,0.18701197084310686,0.18433054437454233,7.583696544741256,0.6239600665557404,0.00013333341851035166,0.0001904922558715316,-0.5485855925990161,0.891846921797005,4.7020203775459215e-05,1.560602688274199e-05,-1.1654530954338238,0.653910149750416,0.0001400560464061674,0.00020268298194373068,-0.5487581340178899,0.653910149750416,N_PSWAP,1.0639959142508162,0.891846921797005,,,,,-0.5487581340178899,1.0,-0.5487581340178899,0.7084143014217519
DECISION,MAIN,5111,293888.63627470157,y_pts,ANCHOR,B_SINGLE,F07_prior_hurdle_rate,F,player_season,0.30702713598370124,0.00016663262444230223,0.7285710850885468,0.20921064551962648,0.13436588985243048,7.583696544741256,0.24792013311148087,0.0001309887957608345,0.00018232102548186926,0.19550037406416573,1.0,0.0010346057701983102,0.00025140860851142864,-3.452440037336873,0.39767054908485855,0.00021333660099393553,0.00027755249395410817,-0.1682707868564696,0.39767054908485855,N_PSWAP,1.5223285039152499,1.0,,,,,-0.1682707868564696,1.0,-0.1682707868564696,0.5668148676326977
DECISION,MAIN,5111,293888.63627470157,y_pts,ANCHOR,B_COMPLETE,F07_prior_hurdle_rate,F,player_season,0.31623743120161474,0.00019736849680954558,0.8126402221769896,0.20921064551962648,0.13110569263848984,7.583696544741256,0.2079866888519135,0.0001266990969485594,0.00017457116527071212,0.40481714005515906,1.0,0.0013934132601842889,0.0002874543588529244,-4.160816235827886,0.26622296173044924,0.0001449795563476046,0.00019102566139115492,0.2742508000255863,0.26622296173044924,N_PSWAP,1.094256666585953,1.0,,,,,0.2742508000255863,0.9883527454242929,0.2742508000255863,0.39194596160197304
DECISION,MAIN,5111,293888.63627470157,y_pts,ANCHOR,B_SINGLE,F09_prior_starter_rate,F,player_season,0.30702713598370124,0.0002159081079065213,-0.6027540409290669,0.21742504544182645,0.1848737675816327,7.583696544741256,0.22296173044925124,0.00014971669803445653,0.00022115577888478163,0.29929767246348715,0.008319467554076539,6.383927149505529e-05,4.812663943560645e-05,3.1597642842886313,0.3194675540765391,0.00020503871611925707,0.0002681449757325084,0.0405355041897452,0.3194675540765391,N_PSWAP,1.2124710332448845,0.008319467554076539,,,,,0.0405355041897452,0.9983361064891847,0.0405355041897452,0.4838330624851179
DECISION,MAIN,5111,293888.63627470157,y_pts,ANCHOR,B_COMPLETE,F09_prior_starter_rate,F,player_season,0.31623743120161474,4.594631781836722e-05,0.35594273574354596,0.21742504544182645,0.14441961032949135,7.583696544741256,0.56738768718802,0.0001482391074912218,0.00021770979130243974,-0.46985847104483563,0.9950083194675541,0.0002735823619582801,0.0001206768905241992,-1.8863267287639076,0.5723793677204659,0.00013642169612745355,0.00017861005782805162,-0.5065525391419291,0.5723793677204659,N_PSWAP,0.820404340840733,0.9950083194675541,,,,,-0.5065525391419291,1.0,-0.5065525391419291,0.6937656139831221
DECISION,MAIN,5111,293888.63627470157,y_pts,ANCHOR,B_SINGLE,F10_prior_pf_pm,F,player_season,0.30702713598370124,0.0001953935142215784,4.704127316346601,0.023175742406118336,0.0225349682941874,7.583696544741256,0.2113144758735441,0.00013424354767662091,0.00019763969163439388,0.3094012444528424,0.0016638935108153079,2.5455553865560575e-05,2.452685898052606e-05,6.92864750806232,0.3211314475873544,0.00018925351521134856,0.00025406646662676186,0.024166900464081546,0.3211314475873544,N_PSWAP,1.2855032535506568,0.0016638935108153079,,,,,0.024166900464081546,0.9983361064891847,0.024166900464081546,0.4903597131705309
DECISION,MAIN,5111,293888.63627470157,y_pts,ANCHOR,B_COMPLETE,F10_prior_pf_pm,F,player_season,0.31623743120161474,3.3386134993247732e-06,-0.6617833313676481,0.023175742406118336,0.020938626741059372,7.583696544741256,0.8535773710482529,0.00013285768181219717,0.00019378085863762818,-0.6683790608806938,1.0,0.00016781370610257092,7.593281421962447e-05,-2.166060803798555,0.8885191347753744,0.00013250350520049248,0.00018263730071046278,-0.7072207659591643,0.8885191347753744,N_PSWAP,0.9424940213109286,1.0,,,,,-0.7072207659591643,1.0,-0.7072207659591643,0.7602853670999941
DECISION,MAIN,5111,293888.63627470157,y_pts,ANCHOR,B_SINGLE,M01_opp_pf_pg,M,opp_team_season,0.30702713598370124,0.0014646306907239288,0.18914011811844594,1.5347856170874405,1.5344804369966127,7.583696544741256,0.0016638935108153079,0.00014438452628549032,0.0001854593742839175,7.118789058445165,,,,,,,,,0.008319467554076539,N_ENTITY,1.5985145027064736,,0.008319467554076539,0.00023250401344856314,0.00029645949945571014,4.1561382905169495,4.1561382905169495,0.15806988352745424,4.1561382905169495,1.6183598779616257e-05
DECISION,MAIN,5111,293888.63627470157,y_pts,ANCHOR,B_COMPLETE,M01_opp_pf_pg,M,opp_team_season,0.31623743120161474,0.0019898693865886023,0.2342462418961109,1.5347856170874405,1.4441775848064728,7.583696544741256,0.0016638935108153079,0.00014421042769111102,0.00018622792853198333,9.910752771867472,,,,,,,,,0.0033277870216306157,N_ENTITY,1.6049543973648353,,0.0033277870216306157,0.00023590509424040764,0.00029888733280955093,5.868312570696362,5.868312570696362,0.03494176372712146,5.868312570696362,2.2012633214913155e-09
DECISION,MAIN,5111,293888.63627470157,y_pts,ANCHOR,B_COMPLETE_PLUS_M02,M01_opp_pf_pg,M,opp_team_season,0.31863364895316104,4.31991620541506e-06,0.024154251901032927,1.5347856170874405,0.6525668632785357,7.583696544741256,0.8635607321131448,0.0001439548271218522,0.00018565284428599316,-0.7521291227907791,,,,,,,,,0.8768718801996672,N_ENTITY,1.212822730407288,,0.8768718801996672,0.00017395672918232432,0.0002251639895148173,-0.7533922868503182,-0.7533922868503182,1.0,-0.7533922868503182,0.7743929020948687
DECISION,MAIN,5111,293888.63627470157,y_pts,ANCHOR,B_SINGLE,M02_opp_allowed_fta_pg,M,opp_team_season,0.30702713598370124,0.002028222084787262,0.1521706348681405,2.244772104666457,2.2444392137484823,7.583696544741256,0.0016638935108153079,0.00014366083441624925,0.00019297037961912503,9.766064896025298,,,,,,,,,0.0016638935108153079,N_ENTITY,1.5097962548106827,,0.0016638935108153079,0.00023150214899750291,0.00029134595643835065,6.166963694139851,6.166963694139851,0.026622296173044926,6.166963694139851,3.4806863066616605e-10
DECISION,MAIN,5111,293888.63627470157,y_pts,ANCHOR,B_COMPLETE,M02_opp_allowed_fta_pg,M,opp_team_season,0.31623743120161474,0.002396217751546547,0.16937200364120703,2.244772104666457,2.191807769811432,7.583696544741256,0.0016638935108153079,0.0001442330633270268,0.00019422135186035683,11.59493879868921,,,,,,,,,0.0016638935108153079,N_ENTITY,1.5476585505262128,,0.0016638935108153079,0.00023969666926780477,0.00030058833590144144,7.174333880293461,7.174333880293461,0.013311148086522463,7.174333880293461,3.633004073998958e-13
DECISION,MAIN,5111,293888.63627470157,y_pts,ANCHOR,B_SINGLE,M03_opp_allowed_ftm_pg,M,opp_team_season,0.30702713598370124,0.002528951574990479,0.1987222818048955,1.9194392109864393,1.9191310773069883,7.583696544741256,0.0016638935108153079,0.00014253723784260166,0.00019783059887666229,12.062918227506808,,,,,,,,,0.0016638935108153079,N_ENTITY,1.5068091403942172,,0.0016638935108153079,0.00023698676416376125,0.0002980929546370167,7.688758741774387,7.688758741774387,0.009983361064891847,7.688758741774387,7.428464998387302e-15
DECISION,MAIN,5111,293888.63627470157,y_pts,ANCHOR,B_COMPLETE,M03_opp_allowed_ftm_pg,M,opp_team_season,0.31623743120161474,0.002950642068477104,0.2202700918589943,1.9194392109864393,1.8701811651961693,7.583696544741256,0.0016638935108153079,0.00014335302808282316,0.00019967061434959354,14.059600355008351,,,,,,,,,0.0016638935108153079,N_ENTITY,1.5217138801060557,,0.0016638935108153079,0.00024225320780803,0.00030384154530507985,8.913820056930158,8.913820056930158,0.004991680532445923,8.913820056930158,2.4651906816576155e-19
DECISION,MAIN,5111,293888.63627470157,y_pts,ANCHOR,B_COMPLETE_PLUS_M02,M03_opp_allowed_ftm_pg,M,opp_team_season,0.31863364895316104,0.0010573703147002858,0.6811793808725576,1.9194392109864393,0.36202037176911284,7.583696544741256,0.009983361064891847,0.00014237207676399423,0.00019776704042073724,4.626646765758789,,,,,,,,,0.0066555740432612314,N_ENTITY,1.1520211742446147,,0.0066555740432612314,0.00018050419304405042,0.00022783181813237988,3.84874302827509,3.84874302827509,0.2146422628951747,3.84874302827509,5.936274134039495e-05
DECISION,MAIN,5111,293888.63627470157,y_pts,ANCHOR,B_SINGLE,M04_opp_allowed_ft_rate,M,opp_team_season,0.30702713598370124,0.0013181156089492458,7.801384907637885,0.035296135288916224,0.0352927900330791,7.583696544741256,0.0016638935108153079,0.00014099174721369254,0.00018945063208384324,6.213354100685214,,,,,,,,,0.013311148086522463,N_ENTITY,1.5765096786681112,,0.013311148086522463,0.00023494599221233445,0.0002986707551099703,3.6266343396697454,3.6266343396697454,0.2562396006655574,3.6266343396697454,0.00014356974370179057
DECISION,MAIN,5111,293888.63627470157,y_pts,ANCHOR,B_COMPLETE,M04_opp_allowed_ft_rate,M,opp_team_season,0.31623743120161474,0.0015657674848832727,8.705164898326764,0.035296135288916224,0.03447208719751593,7.583696544741256,0.0016638935108153079,0.00014029555317317987,0.0001889820774628877,7.542894812287303,,,,,,,,,0.004991680532445923,N_ENTITY,1.6420561832754788,,0.004991680532445923,0.00024211712919765672,0.00031031918882618026,4.265447975333021,4.265447975333021,0.14309484193011648,4.265447975333021,9.975075584076541e-06
DECISION,MAIN,5111,293888.63627470157,y_pts,ANCHOR,B_COMPLETE_PLUS_M02,M04_opp_allowed_ft_rate,M,opp_team_season,0.31863364895316104,0.0008715469030893427,-24.929796850567158,0.035296135288916224,0.008980646239570948,7.583696544741256,0.014975041597337771,0.00013988897084233134,0.0001874318152535653,3.903595188774089,,,,,,,,,0.026622296173044926,N_ENTITY,1.2195079556521895,,0.026622296173044926,0.00018045747100761951,0.00022857458984405427,3.02347444898937,3.02347444898937,0.3560732113144759,3.02347444898937,0.0012494506920625002
DECISION,MAIN,5111,293888.63627470157,y_pts,ANCHOR,B_SINGLE,M05_opp_allowed_hurdle_rate,M,opp_team_season,0.30702713598370124,0.000726575843398518,6.379006218514833,0.032054928501671874,0.03204559934682634,7.583696544741256,0.03161397670549085,0.0001506819867530743,0.00021043389797487956,2.73669718703871,,,,,,,,,0.0632279534109817,N_ENTITY,1.2982982894440316,,0.0632279534109817,0.0002022859324464866,0.000273205969781826,1.9190280189364581,1.9190280189364581,0.653910149750416,1.9190280189364581,0.02749039170634803
DECISION,MAIN,5111,293888.63627470157,y_pts,ANCHOR,B_COMPLETE,M05_opp_allowed_hurdle_rate,M,opp_team_season,0.31623743120161474,0.0009174351644516967,7.43410304629104,0.032054928501671874,0.030898689571595472,7.583696544741256,0.014975041597337771,0.00015047160922529698,0.00020740650925651506,3.697876011585725,,,,,,,,,0.04492512479201331,N_ENTITY,1.3943011737066826,,0.04492512479201331,0.00021377460731614043,0.0002891871392907649,2.4332359968057107,2.4332359968057107,0.5141430948419301,2.4332359968057107,0.007482271394891913
DECISION,MAIN,5111,293888.63627470157,y_pts,ANCHOR,B_COMPLETE_PLUS_M02,M05_opp_allowed_hurdle_rate,M,opp_team_season,0.31863364895316104,1.7393379310013274e-05,-1.398078406839754,0.032054928501671874,0.02262254197148421,7.583696544741256,0.7487520798668885,0.00015113249769672894,0.00020819043527890995,-0.6423883893011086,,,,,,,,,0.78369384359401,N_ENTITY,1.1347669111941021,,0.78369384359401,0.00016726186414016506,0.00023624761718160427,-0.6343703552148313,-0.6343703552148313,1.0,-0.6343703552148313,0.7370804454422295
DECISION,MAIN,5111,293888.63627470157,y_pts,ANCHOR,B_SINGLE,M06_opp_pace,M,opp_team_season,0.30702713598370124,0.0003575783534306179,0.03802402835663678,3.771524709402988,3.7714506709504962,7.583696544741256,0.1064891846921797,0.00013756650918631436,0.00017616501786708196,1.2488963297486473,,,,,,,,,0.13643926788685523,N_ENTITY,1.0285161142784598,,0.13643926788685523,0.0001461712667954531,0.00018118855964844658,1.1667794426168523,1.1667794426168523,0.8535773710482529,1.1667794426168523,0.1216497338394635
DECISION,MAIN,5111,293888.63627470157,y_pts,ANCHOR,B_COMPLETE,M06_opp_pace,M,opp_team_season,0.31623743120161474,0.00035872927952088974,0.03823092842752882,3.771524709402988,3.757071970756195,7.583696544741256,0.1048252911813644,0.00013548099309756428,0.00017424175440599723,1.2812559606300744,,,,,,,,,0.12146422628951747,N_ENTITY,1.061168073960015,,0.12146422628951747,0.00014432314277234502,0.00018489978692642602,1.159580226200367,1.159580226200367,0.8552412645590682,1.159580226200367,0.12310988624773082
DECISION,MAIN,5111,293888.63627470157,y_pts,ANCHOR,B_COMPLETE_PLUS_M02,M06_opp_pace,M,opp_team_season,0.31863364895316104,8.959942330352038e-06,0.006398657165720339,3.771524709402988,3.5476822268273533,7.583696544741256,0.7953410981697171,0.00013383556387867092,0.00017402336930336703,-0.717579610417891,,,,,,,,,0.7603993344425957,N_ENTITY,0.9913140850420789,,0.7603993344425957,0.00012054747339644555,0.00017251181711690707,-0.6468399262786348,-0.6468399262786348,1.0,-0.6468399262786348,0.7411322458003711
DECISION,MAIN,5111,293888.63627470157,y_pts,ANCHOR,B_COMPLETE,X01_fd_x_oppfoul,X,opp_team_season,0.31623743120161474,0.0008114273497042051,3.7152933513034347,0.060242012200947985,0.05814503781106871,7.583696544741256,0.019966722129783693,0.00014314390308142356,0.00020262993926404207,3.2980488917383424,0.11480865224625623,0.00032701220046330097,0.0003714310406135521,1.3041859625967667,0.021630615640599003,0.00014051958646821522,0.00020495931573870217,3.2733704287504284,0.033277870216306155,N_PSWAP+N_ENTITY,1.101541491799521,0.11480865224625623,0.033277870216306155,0.00015743176866087625,0.00022320528558015924,2.930018343174319,2.930018343174319,0.37437603993344426,2.930018343174319,0.0016947100094830297
DECISION,MAIN,5111,293888.63627470157,y_pts,ANCHOR,B_MATCHUP,X01_fd_x_oppfoul,X,opp_team_season,0.3194454320770431,0.0006489131931380802,3.5605503342907516,0.060242012200947985,0.05425716768250981,7.583696544741256,0.029950083194675542,0.000142288325679067,0.00020247799396824526,2.502123107454667,0.06655574043261231,0.00019191474120386042,0.0002461725115450008,1.85641544243123,0.04159733777038269,0.00013899253692778164,0.00020121813718871582,2.5341684568526786,0.048252911813643926,N_PSWAP+N_ENTITY,1.0550848014371097,0.06655574043261231,0.048252911813643926,0.00015185956934153703,0.00021363145406137033,2.3266874533080397,2.3266874533080397,0.5391014975041597,2.3266874533080397,0.009990952253633693
DECISION,MAIN,5111,293888.63627470157,y_pts,ANCHOR,B_COMPLETE,X02_ftr_x_oppftrate,X,opp_team_season,0.31623743120161474,8.931907675111906e-06,6.276727226203892,0.0036196259795292407,0.003610936106576036,7.583696544741256,0.7886855241264559,0.0001275455565518309,0.00018902369289435091,-0.6275067800257955,0.8103161397670549,0.00013868002264424398,0.00017966539249185414,-0.7221653161446477,0.8202995008319468,0.00014384554755077566,0.0002082274412246214,-0.6479147949098996,0.8202995008319468,N_PSWAP+N_ENTITY,1.1015943982271252,0.8103161397670549,0.7653910149750416,0.00010910920016777695,0.00015023723379845573,-0.6667940427274743,-0.6667940427274743,1.0,-0.6667940427274743,0.7475481694358277
DECISION,MAIN,5111,293888.63627470157,y_pts,ANCHOR,B_MATCHUP2,X02_ftr_x_oppftrate,X,opp_team_season,0.3179075527226839,7.383743245839312e-05,18.322466300475178,0.0036196259795292407,0.0035566023282960183,7.583696544741256,0.43261231281198004,0.00012723632402501073,0.00018854616339841426,-0.28321388568263345,0.46921797004991683,0.0001228021801947614,0.00015886979161188172,-0.30820678518915023,0.49584026622296173,0.00014305571377001803,0.00020648746222497234,-0.3352178411501332,0.49584026622296173,N_PSWAP+N_ENTITY,1.0951560005421408,0.46921797004991683,0.40765391014975044,0.00010854925929085155,0.00015068633834419533,-0.2303581546534778,-0.3352178411501332,1.0,-0.3352178411501332,0.631269612006911
DECISION,MAIN,5111,293888.63627470157,y_pts,ANCHOR,B_SINGLE,G01_noise,G,row,0.30702713598370124,0.0004737187728888107,0.16509328661331596,1.0003967819812156,0.9997970043856194,7.583696544741256,0.0632279534109817,0.00013735559753214706,0.00018591570533763212,1.8092241037184646,,,,,,,,,0.0632279534109817,N_ROW (candidate varies at ROW level),1.0,,,,,,,,,
DECISION,MAIN,5111,293888.63627470157,y_pts,ANCHOR,B_COMPLETE,G01_noise,G,row,0.31623743120161474,0.0004945822899873175,0.1688049433214749,1.0003967819812156,0.9991140513173585,7.583696544741256,0.059900166389351084,0.00013825957454015312,0.00018864491568617586,1.8888540629418944,,,,,,,,,0.059900166389351084,N_ROW (candidate varies at ROW level),1.0,,,,,,,,,
DECISION,MAIN,5111,293888.63627470157,y_pts,ANCHOR,B_SINGLE,G02_placebo_noop,G,row,0.30702713598370124,0.0,0.0,11.951357910127077,1.4738636578673982e-13,7.583696544741256,1.0,0.00013622169615244259,0.00018199678012635829,-0.7484840998717968,,,,,,,,,1.0,N_ROW (candidate varies at ROW level),1.0,,,,,,,,,
DECISION,MAIN,5111,293888.63627470157,y_pts,ANCHOR,B_COMPLETE,G02_placebo_noop,G,row,0.31623743120161474,0.0,0.0,11.951357910127077,1.7727436194230143e-10,7.583696544741256,1.0,0.0001326440074552709,0.00017852531320086616,-0.7429983181490216,,,,,,,,,1.0,N_ROW (candidate varies at ROW level),1.0,,,,,,,,,
DECISION,MAIN,5111,293888.63627470157,y_pts,ANCHOR,B_SINGLE,G03_placebo_perturbed,G,row,0.30702713598370124,0.00012168246255035997,-0.019701536766062327,5.530501840609852,4.246145173280374,7.583696544741256,0.3544093178036606,0.00013639025710642584,0.00017940127315279938,-0.08198266543815981,,,,,,,,,0.3544093178036606,N_ROW (candidate varies at ROW level),1.0,,,,,,,,,
DECISION,MAIN,5111,293888.63627470157,y_pts,ANCHOR,B_COMPLETE,G03_placebo_perturbed,G,row,0.31623743120161474,0.00012608694293226097,-0.020067151957471763,5.530501840609852,4.2435591973062445,7.583696544741256,0.3527454242928453,0.00013292344408247082,0.0001744812359121266,-0.03918187027086907,,,,,,,,,0.3527454242928453,N_ROW (candidate varies at ROW level),1.0,,,,,,,,,
DECISION,F08_ONLY,5111,293888.63627470157,y_pts,ANCHOR,B_SINGLE,F08_prior_fta_given,F,player_season,0.30702713598370124,0.00039720770854349905,0.197361283434214,1.2680957292548805,0.7658219679894331,7.583696544741256,0.09983361064891846,0.00014676165892167878,0.00021527016441294413,1.1634034391379926,1.0,0.001773878245489221,0.0003823912638941567,-3.6001621034071922,0.15973377703826955,0.00019675434013021392,0.00027824894367670984,0.720410168551032,0.15973377703826955,N_PSWAP,1.2925569339137775,1.0,,,,,0.720410168551032,0.20299500831946754,0.720410168551032,0.2356362318853879
DECISION,F08_ONLY,5111,293888.63627470157,y_pts,ANCHOR,B_COMPLETE,F08_prior_fta_given,F,player_season,0.31623743120161474,0.00018655813844690487,0.13746384673031975,1.2680957292548805,0.753528275803591,7.583696544741256,0.2529118136439268,0.00014485018432481225,0.000213197654522522,0.19563045482607144,1.0,0.0015537987889126916,0.0003501238555918088,-3.9050199768729312,0.24792013311148087,0.0001296610785554966,0.00018834207952637855,0.30209425336327705,0.24792013311148087,N_PSWAP,0.8834153450148874,1.0,,,,,0.30209425336327705,0.2928452579034942,0.30209425336327705,0.38129011857804046
