player_id,season,player_name,orb_opp,orb_sec,drb_opp,drb_sec,reb_opp,reb_sec,orb_rate,drb_rate,reb_rate,minutes,oreb,dreb,reb,games,reb_per36,reb_per_min
201911.0,2022,Kristi Toliver,194,0,180,8,374,8,0.0,0.044444444444444446,0.0213903743315508,218.1,0,8,8,14,1.3204951856946354,0.036680421824850984
202633.0,2022,Liz Cambage,460,18,500,86,960,104,0.0391304347826087,0.172,0.10833333333333334,584.3666666666667,33,127,160,26,9.856825052763675,0.2738006959101021
203014.0,2022,Nneka Ogwumike,883,25,854,137,1737,162,0.028312570781426953,0.16042154566744732,0.09326424870466321,1067.55,48,177,225,34,7.587466629197696,0.2107629619221582
1628882.0,2022,Lexie Brown,700,7,667,64,1367,71,0.01,0.095952023988006,0.05193855157278712,850.05,8,70,78,34,3.303335097935416,0.09175930827598378
1629478.0,2022,Katie Lou Samuelson,785,11,743,70,1528,81,0.014012738853503185,0.09421265141318977,0.05301047120418848,942.6,17,78,95,32,3.6282622533418207,0.10078506259282835
203827.0,2022,Natasha Howard,858,30,932,141,1790,171,0.03496503496503497,0.15128755364806867,0.09553072625698324,1130.7666666666667,72,204,276,38,8.786958700586622,0.24408218612740618
203828.0,2022,Stefanie Dolson,667,22,757,93,1424,115,0.03298350824587706,0.12285336856010567,0.08075842696629214,905.8,46,137,183,39,7.273128725988077,0.2020313534996688
1629477.0,2022,Sabrina Ionescu,962,23,1037,146,1999,169,0.02390852390852391,0.1407907425265188,0.08454227113556778,1256.1166666666666,37,235,272,39,7.795454243899851,0.21654039566388475
1629546.0,2022,Marine Johannès,511,5,537,35,1048,40,0.009784735812133072,0.06517690875232775,0.03816793893129771,680.55,5,42,47,27,2.4862243773418564,0.06906178825949601
1630101.0,2022,Crystal Dangerfield,600,12,626,41,1226,53,0.02,0.06549520766773163,0.0432300163132137,737.2,14,53,67,36,3.2718393922951705,0.09088442756375474
203823.0,2022,Chiney Ogwumike,403,20,367,61,770,81,0.04962779156327544,0.16621253405994552,0.10519480519480519,478.31666666666666,52,90,142,29,10.687480400013937,0.2968744555559427
1628886.0,2022,Jordin Canada,728,5,659,62,1387,67,0.006868131868131868,0.09408194233687406,0.04830569574621485,865.0833333333333,7,66,73,35,3.0378576245063096,0.08438493401406416
1630444.0,2022,Jasmine Walker,249,10,218,30,467,40,0.040160642570281124,0.13761467889908258,0.08565310492505353,280.8833333333333,12,36,48,36,6.152020411796119,0.17088945588322554
1631135.0,2022,Olivia Nelson-Ododa,395,21,334,37,729,58,0.053164556962025315,0.11077844311377245,0.07956104252400549,435.78333333333336,34,55,89,35,7.3522775079359,0.20422993077599724
204296.0,2022,Rebecca Allen,442,6,492,69,934,75,0.013574660633484163,0.1402439024390244,0.08029978586723768,572.6833333333333,9,84,93,34,5.846162800849801,0.1623934111347167
1629566.0,2022,Xu Han,479,20,488,58,967,78,0.04175365344467641,0.11885245901639344,0.08066184074457083,568.0833333333334,40,83,123,39,7.7946310693853595,0.21651752970514887
1630446.0,2022,Michaela Onyenwere,387,10,412,47,799,57,0.025839793281653745,0.11407766990291263,0.07133917396745933,488.6666666666667,14,60,74,38,5.451568894952251,0.15143246930422918
1630459.0,2022,DiDi Richards,132,5,141,15,273,20,0.03787878787878788,0.10638297872340426,0.07326007326007326,172.16666666666666,5,22,27,38,5.645692158760891,0.15682478218780252
201886.0,2022,DeWanna Bonner,801,17,834,102,1635,119,0.02122347066167291,0.1223021582733813,0.072782874617737,1369.0166666666667,39,186,225,47,5.916655506994071,0.16435154186094642
203826.0,2022,Alyssa Thomas,926,29,985,171,1911,200,0.03131749460043196,0.1736040609137056,0.10465724751439037,1555.6833333333334,102,306,408,48,9.441510161665292,0.2622641711573692
1627673.0,2022,Jonquel Jones,715,31,770,146,1485,177,0.043356643356643354,0.18961038961038962,0.1191919191919192,1194.5666666666666,119,265,384,48,11.572397243072803,0.32145547897424454
1627675.0,2022,Courtney Williams,768,18,829,94,1597,112,0.0234375,0.11338962605548854,0.07013149655604257,1275.4666666666667,41,162,203,47,5.729667572653147,0.15915743257369852
1629567.0,2022,Natisha Hiedeman,719,5,751,52,1470,57,0.006954102920723227,0.0692410119840213,0.03877551020408163,1215.2333333333333,12,76,88,48,2.6069067668760457,0.07241407685766793
201496.0,2022,Candace Parker,739,19,809,166,1548,185,0.02571041948579161,0.20519159456118666,0.11950904392764858,1138.9166666666667,40,321,361,44,11.410843637960049,0.3169678788322236
201516.0,2022,Allie Quigley,721,14,817,58,1538,72,0.019417475728155338,0.07099143206854346,0.04681404421326398,1127.15,19,92,111,44,3.54522468171938,0.0984784633810939
202664.0,2022,Courtney Vandersloot,680,16,795,70,1475,86,0.023529411764705882,0.0880503144654088,0.05830508474576271,1075.05,24,131,155,43,5.1904562578484725,0.1441793404957909
203416.0,2022,Emma Meesseman,809,28,920,103,1729,131,0.034610630407911,0.11195652173913044,0.07576633892423366,1266.65,75,157,232,44,6.593770970670667,0.18316030474085185
1627674.0,2022,Kahleah Copper,706,18,838,121,1544,139,0.025495750708215296,0.14439140811455847,0.0900259067357513,1135.7833333333333,41,165,206,40,6.529414354263578,0.18137262095176604
1628280.0,2022,Brionna Jones,700,34,740,62,1440,96,0.04857142857142857,0.08378378378378379,0.06666666666666667,1159.75,116,117,233,48,7.232593231299849,0.2009053675361069
1631002.0,2022,Nia Clouden,200,2,208,21,408,23,0.01,0.10096153846153846,0.056372549019607844,282.56666666666666,2,23,25,48,3.1850890645275456,0.08847469623687626
203822.0,2022,Rebekah Gardner,585,24,668,51,1253,75,0.041025641025641026,0.07634730538922156,0.05985634477254589,902.5,55,86,141,43,5.624376731301939,0.1562326869806094
1627700.0,2022,Julie Allemand,309,8,329,27,638,35,0.025889967637540454,0.08206686930091185,0.054858934169279,493.7,9,34,43,33,3.1355073931537367,0.0870974275876038
1628922.0,2022,Azura Stevens,602,12,694,98,1296,110,0.019933554817275746,0.14121037463976946,0.08487654320987655,918.5166666666667,27,140,167,44,6.545335776886647,0.18181488269129575
203824.0,2022,Odyssey Sims,131,2,115,8,246,10,0.015267175572519083,0.06956521739130435,0.04065040650406504,310.6166666666667,2,29,31,20,3.592852926973225,0.0998014701937007
1630096.0,2022,DiJonai Carrington,500,20,514,59,1014,79,0.04,0.11478599221789883,0.07790927021696252,806.2333333333333,40,104,144,48,6.429900359697358,0.17860834332492662
202664.0,2021,Courtney Vandersloot,832,14,896,82,1728,96,0.016826923076923076,0.09151785714285714,0.05555555555555555,1321.2,24,139,163,42,4.44141689373297,0.1233726914925825
203838.0,2021,Astou Ndour-Fall,320,14,317,52,637,66,0.04375,0.1640378548895899,0.10361067503924647,411.8,33,76,109,33,9.528897523069451,0.2646915978630403
1627674.0,2021,Kahleah Copper,839,21,875,69,1714,90,0.025029797377830752,0.07885714285714286,0.052508751458576426,1314.1666666666667,55,131,186,42,5.095244134432466,0.14153455928979072
1628890.0,2021,Diamond DeShields,729,13,788,82,1517,95,0.01783264746227709,0.10406091370558376,0.06262359920896507,1017.6333333333333,22,117,139,42,4.9172917553801305,0.13659143764944806
1630113.0,2021,Ruthy Hebard,416,20,411,64,827,84,0.04807692307692308,0.15571776155717762,0.10157194679564692,519.85,42,91,133,42,9.210349139174761,0.2558430316437434
203827.0,2021,Natasha Howard,295,11,295,52,590,63,0.03728813559322034,0.17627118644067796,0.10677966101694915,388.4,31,73,104,25,9.639546858908343,0.26776519052523173
204335.0,2021,Betnijah Laney-Hamilton,909,15,962,92,1871,107,0.0165016501650165,0.09563409563409564,0.05718866916087654,1116.0333333333333,29,107,136,33,4.386965741763985,0.12186015949344405
1628244.0,2021,Sami Whitcomb,693,8,744,131,1437,139,0.011544011544011544,0.1760752688172043,0.09672929714683368,877.5833333333334,10,146,156,33,6.399392270439654,0.17776089640110151
1629477.0,2021,Sabrina Ionescu,760,14,815,121,1575,135,0.018421052631578946,0.14846625766871166,0.08571428571428572,933.6833333333334,21,155,176,33,6.786026668570714,0.18850074079363094
1630446.0,2021,Michaela Onyenwere,618,17,672,68,1290,85,0.02750809061488673,0.10119047619047619,0.06589147286821706,730.0,21,73,94,33,4.635616438356164,0.12876712328767123
1628922.0,2021,Azura Stevens,500,24,496,68,996,92,0.048,0.13709677419354838,0.09236947791164658,840.2666666666667,75,131,206,42,8.825769596953348,0.24516026658203746
1630137.0,2021,Stephanie Watts,72,4,91,6,163,10,0.05555555555555555,0.06593406593406594,0.06134969325153374,84.0,8,14,22,7,9.428571428571429,0.2619047619047619
1630131.0,2021,Kylee Shook,499,14,550,72,1049,86,0.028056112224448898,0.13090909090909092,0.08198284080076262,566.5833333333334,20,101,121,33,7.688189439623474,0.21356081776731872
1630385.0,2021,Shyla Heal,24,0,31,1,55,1,0.0,0.03225806451612903,0.01818181818181818,31.46666666666667,1,2,3,5,3.432203389830508,0.09533898305084745
204296.0,2021,Rebecca Allen,532,13,538,59,1070,72,0.02443609022556391,0.10966542750929369,0.06728971962616823,633.7666666666667,19,77,96,31,5.453111029295744,0.15147530636932624
1630119.0,2021,Jazmine Jones,370,9,407,46,777,55,0.024324324324324326,0.11302211302211303,0.07078507078507079,450.9166666666667,12,54,66,33,5.269266309369803,0.14636850859360562
1630459.0,2021,DiDi Richards,295,8,297,21,592,29,0.02711864406779661,0.0707070707070707,0.048986486486486486,358.1333333333333,9,26,35,33,3.518242740134028,0.09772896500372301
203398.0,2023,Brittney Griner,639,20,720,125,1359,145,0.03129890453834116,0.1736111111111111,0.10669610007358352,855.95,38,157,195,38,8.201413633973948,0.2278170453881652
1627669.0,2023,Moriah Jefferson,752,7,791,59,1543,66,0.009308510638297872,0.07458912768647281,0.04277381723914452,972.2833333333333,9,68,77,40,2.8510207929787272,0.07919502202718687
1629488.0,2023,Brianna Turner,811,28,881,164,1692,192,0.0345252774352651,0.18615209988649262,0.11347517730496454,1051.5333333333333,50,203,253,40,8.661636974576808,0.24060102707157802
1630134.0,2023,Sug Sutton,826,13,852,66,1678,79,0.015738498789346248,0.07746478873239436,0.04707985697258641,1050.7,14,88,102,40,3.4948129818216427,0.09707813838393452
1630446.0,2023,Michaela Onyenwere,761,25,784,77,1545,102,0.0328515111695138,0.09821428571428571,0.06601941747572816,953.0833333333334,48,99,147,40,5.552505027542187,0.15423625076506076
203833.0,2023,Chelsea Gray,1051,11,1185,125,2236,136,0.010466222645099905,0.10548523206751055,0.06082289803220036,1575.1833333333334,15,181,196,49,4.479478579213001,0.12442996053369448
204329.0,2023,Kiah Stokes,651,27,726,145,1377,172,0.041474654377880185,0.19972451790633608,0.12490922294843863,1000.8,59,238,297,49,10.683453237410072,0.29676258992805754
1628276.0,2023,Kelsey Plum,1014,9,1157,72,2171,81,0.008875739644970414,0.06222990492653414,0.037309995393827726,1596.0166666666667,13,111,124,48,2.796963273148777,0.07769342425413268
1628932.0,2023,A'ja Wilson,994,34,1140,193,2134,227,0.03420523138832998,0.1692982456140351,0.10637300843486411,1527.1333333333334,110,376,486,49,11.456759942375692,0.3182433317326581
1629498.0,2023,Jackie Young,1019,16,1161,108,2180,124,0.015701668302257114,0.09302325581395349,0.05688073394495413,1572.05,29,181,210,49,4.809007347094559,0.1335835374192933
1641653.0,2023,Ashley Joens,116,0,94,11,210,11,0.0,0.11702127659574468,0.05238095238095238,127.56666666666666,0,11,11,31,3.1042592108701337,0.08622942252417037
202252.0,2023,Alysha Clark,702,18,830,87,1532,105,0.02564102564102564,0.10481927710843374,0.0685378590078329,1093.0166666666667,33,140,173,48,5.697991796404446,0.15827754990012352
1641690.0,2023,Kadi Sissoko,274,14,275,33,549,47,0.051094890510948905,0.12,0.08561020036429873,336.3333333333333,17,45,62,40,6.636273538156591,0.18434093161546086
202641.0,2023,Sydney Colson,114,2,112,8,226,10,0.017543859649122806,0.07142857142857142,0.04424778761061947,169.1,5,10,15,49,3.19337670017741,0.08870490833826139
1629484.0,2023,Megan Gustafson,406,22,420,64,826,86,0.054187192118226604,0.1523809523809524,0.10411622276029056,513.5333333333333,46,85,131,39,9.183435025314813,0.2550954173698559
204297.0,2023,Cayla George,240,12,227,38,467,50,0.05,0.16740088105726872,0.10706638115631692,321.35,15,48,63,49,7.057725221720864,0.19604792282557956
1631006.0,2023,Kierstan Bell,359,8,371,34,730,42,0.022284122562674095,0.09164420485175202,0.057534246575342465,473.15,16,46,62,49,4.717320088766776,0.13103666913241044
1628268.0,2023,Alaina Coates,23,2,26,8,49,10,0.08695652173913043,0.3076923076923077,0.20408163265306123,46.016666666666666,4,11,15,25,11.734878667149584,0.3259688518652662
201496.0,2021,Candace Parker,532,17,573,117,1105,134,0.03195488721804511,0.20418848167539266,0.12126696832579185,939.5333333333333,43,234,277,41,10.613779890725892,0.29482721918683036
201516.0,2021,Allie Quigley,539,15,536,28,1075,43,0.027829313543599257,0.05223880597014925,0.04,962.0,23,75,98,42,3.6673596673596673,0.10187110187110188
1628242.0,2021,Emma Cannon,252,14,241,40,493,54,0.05555555555555555,0.16597510373443983,0.10953346855983773,294.85,25,49,74,23,9.035102594539595,0.2509750720705443
1628263.0,2021,Lindsay Allen,484,8,439,34,923,42,0.01652892561983471,0.0774487471526196,0.04550379198266522,570.9666666666667,9,39,48,32,3.0264463774884693,0.08406795493023526
1628909.0,2021,Kelsey Mitchell,931,14,879,52,1810,66,0.015037593984962405,0.05915813424345848,0.036464088397790057,1058.6,21,63,84,32,2.856603060646137,0.07935008501794824
1628927.0,2021,Victoria Vivians,577,11,513,70,1090,81,0.019064124783362217,0.1364522417153996,0.07431192660550459,661.2166666666667,14,81,95,32,5.172283416933431,0.14367453935926197
1629479.0,2021,Teaira McCowan,730,28,701,160,1431,188,0.038356164383561646,0.2282453637660485,0.13137665967854648,847.9833333333333,109,199,308,32,13.075728689636195,0.36321468582322763
1630389.0,2021,Dana Evans,194,1,174,8,368,9,0.005154639175257732,0.04597701149425287,0.024456521739130436,284.76666666666665,1,15,16,41,2.0227086503570177,0.056186351398806046
202650.0,2021,Jantel Lavender,485,19,425,35,910,54,0.03917525773195876,0.08235294117647059,0.05934065934065934,538.7666666666667,46,59,105,29,7.016024252923343,0.194889562581204
1628882.0,2021,Lexie Brown,136,0,128,12,264,12,0.0,0.09375,0.045454545454545456,186.21666666666667,0,14,14,32,2.7065246576568516,0.0751812404904681
201919.0,2021,Shavonte Zellous,391,14,360,33,751,47,0.03580562659846547,0.09166666666666666,0.06258322237017311,442.5333333333333,16,50,66,30,5.3690870744200065,0.14914130762277797
202250.0,2021,Tina Charles,861,23,734,142,1595,165,0.026713124274099883,0.19346049046321526,0.10344827586206896,900.3166666666667,73,185,258,28,10.316370166052684,0.2865658379459079
204333.0,2021,Natasha Cloud,799,10,694,73,1493,83,0.012515644555694618,0.10518731988472622,0.055592766242464835,852.05,11,87,98,30,4.140602077342879,0.11501672437063554
1628878.0,2021,Ariel Atkins,874,20,752,33,1626,53,0.02288329519450801,0.043882978723404256,0.032595325953259535,918.0833333333334,34,49,83,31,3.2546065172006897,0.09040573658890805
1628899.0,2021,Myisha Hines-Allen,438,15,365,62,803,77,0.03424657534246575,0.16986301369863013,0.0958904109589041,462.2833333333333,32,94,126,24,9.812164257129465,0.2725601182535963
201480.0,2021,Sylvia Fowles,744,29,816,183,1560,212,0.038978494623655914,0.22426470588235295,0.1358974358974359,966.5166666666667,67,253,320,33,11.919090893414495,0.33108585815040265
203406.0,2021,Layshia Clarendon,408,10,465,40,873,50,0.024509803921568627,0.08602150537634409,0.0572737686139748,554.05,12,54,66,32,4.288421622597239,0.1191228228499233
203825.0,2021,Kayla McBride,826,7,867,95,1693,102,0.00847457627118644,0.10957324106113034,0.06024808033077377,1044.0666666666666,8,114,122,33,4.206627929251006,0.11685077581252794
1629483.0,2021,Napheesa Collier,791,22,877,97,1668,119,0.02781289506953224,0.11060433295324971,0.07134292565947242,1037.8833333333334,53,143,196,30,6.798451977582579,0.18884588826618276
1629524.0,2021,Bridget Carleton,519,15,501,43,1020,58,0.028901734104046242,0.08582834331337326,0.056862745098039215,632.8833333333333,23,51,74,33,4.209306612593158,0.1169251836831433
203024.0,2021,Damiris Dantas,452,12,493,63,945,75,0.02654867256637168,0.12778904665314403,0.07936507936507936,571.8833333333333,15,82,97,33,6.106140529828345,0.16961501471745402
201507.0,2021,Leilani Mitchell,666,10,588,40,1254,50,0.015015015015015015,0.06802721088435375,0.03987240829346093,725.0833333333334,11,50,61,32,3.028617400298816,0.08412826111941156
1630101.0,2021,Crystal Dangerfield,520,3,542,53,1062,56,0.0057692307692307696,0.09778597785977859,0.05273069679849341,646.2166666666667,8,54,62,32,3.45394991359967,0.09594305315554638
203831.0,2021,Natalie Achonwa,211,9,195,29,406,38,0.04265402843601896,0.14871794871794872,0.09359605911330049,264.3333333333333,12,35,47,26,6.401008827238336,0.17780580075662045
203849.0,2021,Theresa Plaisance,517,13,460,95,977,108,0.025145067698259187,0.20652173913043478,0.1105424769703173,558.6166666666667,21,114,135,32,8.700062654772205,0.2416684070770057
1629506.0,2021,Kiara Leslie,66,2,82,13,148,15,0.030303030303030304,0.15853658536585366,0.10135135135135136,86.03333333333333,2,18,20,12,8.368849283223557,0.2324680356450988
1627671.0,2021,Rachel Banham,284,3,300,29,584,32,0.01056338028169014,0.09666666666666666,0.0547945205479452,345.9666666666667,3,31,34,31,3.5379130937469885,0.09827536371519413
1628286.0,2021,Erica McCall,315,15,296,53,611,68,0.047619047619047616,0.17905405405405406,0.11129296235679215,355.8833333333333,33,66,99,28,10.014517866341965,0.27818105184283237
1628282.0,2021,Sydney Wiese,540,5,450,28,990,33,0.009259259259259259,0.06222222222222222,0.03333333333333333,578.4833333333333,5,31,36,29,2.240341121899219,0.062231697830533866
100720.0,2021,Sue Bird,705,7,750,64,1455,71,0.009929078014184398,0.08533333333333333,0.04879725085910653,868.7166666666667,8,72,80,33,3.3152351169349425,0.09208986435930396
204319.0,2021,Jewell Loyd,814,16,868,89,1682,105,0.019656019656019656,0.10253456221198157,0.0624256837098692,997.75,24,104,128,32,4.618391380606364,0.1282886494612879
1627668.0,2021,Breanna Stewart,787,21,853,159,1640,180,0.026683608640406607,0.18640093786635403,0.10975609756097561,933.6166666666667,34,233,267,32,10.295446025313744,0.28598461181427065
1628920.0,2021,Mercedes Russell,617,25,677,92,1294,117,0.04051863857374392,0.1358936484490399,0.09041731066460587,784.7666666666667,52,144,196,31,8.991207577623923,0.24975576604510896
1629478.0,2021,Katie Lou Samuelson,486,8,499,71,985,79,0.01646090534979424,0.14228456913827656,0.08020304568527918,601.3333333333334,11,88,99,28,5.926829268292682,0.1646341463414634
200676.0,2021,Candice Dupree,432,10,406,52,838,62,0.023148148148148147,0.12807881773399016,0.07398568019093078,462.9166666666667,15,63,78,27,6.065886588658866,0.1684968496849685
202259.0,2021,Epiphanny Prince,358,8,366,34,724,42,0.0223463687150838,0.09289617486338798,0.058011049723756904,425.05,10,37,47,30,3.9807081519821197,0.11057522644394777
203855.0,2021,Stephanie Talbot,427,10,494,59,921,69,0.0234192037470726,0.1194331983805668,0.0749185667752443,555.25,13,77,90,33,5.835209365150833,0.16208914903196758
1628886.0,2021,Jordin Canada,452,10,465,47,917,57,0.022123893805309734,0.1010752688172043,0.062159214830970554,552.1333333333333,16,51,67,32,4.368510021733881,0.1213475006037189
1629484.0,2021,Megan Gustafson,89,5,93,26,182,31,0.056179775280898875,0.27956989247311825,0.17032967032967034,108.78333333333333,11,29,40,18,13.237321893672439,0.3677033859353455
1629496.0,2021,Ezi Magbegor,379,18,385,54,764,72,0.047493403693931395,0.14025974025974025,0.09424083769633508,487.0833333333333,48,76,124,33,9.16475620188195,0.2545765611633875
1630118.0,2021,Stella Johnson,29,3,26,0,55,3,0.10344827586206896,0.0,0.05454545454545454,31.166666666666668,3,0,3,15,3.4652406417112296,0.0962566844919786
204322.0,2023,Elizabeth Williams,1050,34,1010,100,2060,134,0.03238095238095238,0.09900990099009901,0.06504854368932039,1253.75,96,156,252,42,7.235892323030908,0.20099700897308076
1627674.0,2023,Kahleah Copper,1039,16,980,117,2019,133,0.015399422521655439,0.11938775510204082,0.06587419514611194,1253.2833333333333,29,153,182,42,5.227868133037222,0.14521855925103394
1627675.0,2023,Courtney Williams,1062,26,985,152,2047,178,0.02448210922787194,0.15431472081218275,0.08695652173913043,1269.5666666666666,40,217,257,42,7.287525927481819,0.20243127576338385
1629497.0,2023,Marina Mabrey,1002,25,981,79,1983,104,0.0249500998003992,0.08053007135575943,0.052445789208270296,1233.5,34,119,153,42,4.465342521280908,0.124037292257803
1629501.0,2023,Alanna Smith,902,32,832,128,1734,160,0.03547671840354767,0.15384615384615385,0.0922722029988466,1042.9666666666667,72,186,258,41,8.905366103103328,0.2473712806417591
203399.0,2023,Elena Delle Donne,542,11,539,91,1081,102,0.02029520295202952,0.16883116883116883,0.09435707678075855,706.0,22,112,134,28,6.832861189801699,0.18980169971671387
204333.0,2023,Natasha Cloud,1069,7,997,126,2066,133,0.006548175865294668,0.12637913741223672,0.0643756050338819,1272.6666666666667,8,144,152,40,4.2996333158721844,0.11943425877422734
1628279.0,2023,Brittney Sykes,1082,26,1008,101,2090,127,0.024029574861367836,0.1001984126984127,0.06076555023923445,1329.75,41,173,214,42,5.79357021996616,0.1609325061101711
1628878.0,2023,Ariel Atkins,591,14,575,58,1166,72,0.023688663282571912,0.10086956521739131,0.06174957118353345,746.5833333333334,24,70,94,33,4.532648733117535,0.12590690925326486
1631022.0,2023,Shakira Austin,386,17,380,59,766,76,0.04404145077720207,0.15526315789473685,0.09921671018276762,440.03333333333336,29,104,133,27,10.880993864101203,0.30224982955836677
1629571.0,2023,Morgan Bertsch,331,9,322,31,653,40,0.027190332326283987,0.09627329192546584,0.06125574272588055,402.3666666666667,12,35,47,39,4.205119708392014,0.11680888078866705
1630389.0,2023,Dana Evans,717,7,675,35,1392,42,0.009762900976290097,0.05185185185185185,0.03017241379310345,882.2666666666667,8,40,48,42,1.958591506725102,0.054405319631252835
1641667.0,2023,Taylor Soule,36,2,42,5,78,7,0.05555555555555555,0.11904761904761904,0.08974358974358974,54.300000000000004,3,5,8,34,5.303867403314917,0.14732965009208102
1628278.0,2023,Shatori Walker-Kimbrough,869,8,799,64,1668,72,0.009205983889528193,0.08010012515644556,0.04316546762589928,1015.2666666666667,9,76,85,42,3.013986473176177,0.08372184647711603
1641642.0,2023,Li Meng,474,6,448,26,922,32,0.012658227848101266,0.05803571428571429,0.03470715835140998,553.4333333333333,6,30,36,37,2.3417454676865628,0.06504848521351564
1631021.0,2023,Sika Kone,152,14,151,27,303,41,0.09210526315789473,0.17880794701986755,0.1353135313531353,194.73333333333332,22,38,60,38,11.092091749400891,0.3081136597055803
1628899.0,2023,Myisha Hines-Allen,568,25,483,86,1051,111,0.04401408450704225,0.17805383022774326,0.10561370123691723,675.35,42,124,166,39,8.848745095135856,0.24579847486488487
203403.0,2023,Tianna Hawkins,786,29,755,98,1541,127,0.03689567430025445,0.12980132450331125,0.08241401687216093,951.8,65,143,208,42,7.867198991384745,0.21853330531624293
203026.0,2022,Tiffany Hayes,278,3,246,28,524,31,0.01079136690647482,0.11382113821138211,0.05916030534351145,302.8,3,37,40,17,4.7556142668428,0.1321003963011889
204323.0,2022,Cheyenne Parker-Tyus,832,31,790,104,1622,135,0.037259615384615384,0.13164556962025317,0.08323057953144267,941.95,59,163,222,36,8.484526779553054,0.23568129943202928
204365.0,2022,Erica Wheeler,692,11,665,65,1357,76,0.015895953757225433,0.09774436090225563,0.05600589535740604,789.15,19,74,93,32,4.24253944117088,0.11784831781030222
1631009.0,2022,Rhyne Howard,941,15,890,114,1831,129,0.015940488841657812,0.12808988764044943,0.07045330420535227,1065.7666666666667,27,127,154,35,5.201889093922998,0.14449691927563882
1631044.0,2022,Naz Hillmon,577,26,576,88,1153,114,0.045060658578856154,0.1527777777777778,0.09887250650477017,673.7666666666667,52,120,172,36,9.19012516697175,0.2552812546381042
203833.0,2022,Chelsea Gray,884,10,954,96,1838,106,0.011312217194570135,0.10062893081761007,0.05767138193688792,1379.0,10,140,150,45,3.9158810732414793,0.10877447425670776
204324.0,2022,Dearica Hamby,757,24,845,148,1602,172,0.031704095112285335,0.17514792899408285,0.10736579275905118,952.3166666666667,50,199,249,41,9.412835366387231,0.261467649066312
1628276.0,2022,Kelsey Plum,1018,8,1073,79,2091,87,0.007858546168958742,0.07362534948741846,0.04160688665710186,1514.2666666666667,17,118,135,46,3.209474333010478,0.08915206480584661
1628932.0,2022,A'ja Wilson,909,27,1005,204,1914,231,0.0297029702970297,0.20298507462686566,0.1206896551724138,1451.2666666666667,81,362,443,46,10.989021085029169,0.3052505856952547
1629498.0,2022,Jackie Young,976,24,1002,71,1978,95,0.02459016393442623,0.07085828343313373,0.04802831142568251,1473.5833333333333,45,144,189,44,4.617316066278347,0.12825877961884297
203029.0,2022,Riquna Williams,337,5,325,33,662,38,0.01483679525222552,0.10153846153846154,0.05740181268882175,579.8333333333334,9,60,69,33,4.283989652198907,0.11899971256108076
1630387.0,2022,Iliana Rupert,204,8,190,25,394,33,0.0392156862745098,0.13157894736842105,0.08375634517766498,272.3,12,30,42,32,5.552699228791774,0.15424164524421594
1628929.0,2022,Kristy Wallace,514,14,537,37,1051,51,0.027237354085603113,0.06890130353817504,0.048525214081826834,601.9,18,50,68,31,4.06712078418342,0.11297557733842832
1630462.0,2022,Aari McDonald,772,11,749,52,1521,63,0.014248704663212436,0.06942590120160214,0.04142011834319527,876.0666666666667,15,66,81,36,3.3285138117342665,0.09245871699261851
201913.0,2022,Kia Vaughn,347,15,350,43,697,58,0.043227665706051875,0.12285714285714286,0.08321377331420372,401.40000000000003,30,63,93,31,8.340807174887892,0.23168908819133033
1629476.0,2022,Asia (AD) Durr,340,5,308,18,648,23,0.014705882352941176,0.05844155844155844,0.035493827160493825,367.96666666666664,7,23,30,30,2.9350484645348316,0.08152912401485643
204329.0,2022,Kiah Stokes,426,17,431,82,857,99,0.03990610328638498,0.1902552204176334,0.11551925320886815,734.1333333333333,44,163,207,42,10.150744642208501,0.2819651289502361
203849.0,2022,Theresa Plaisance,373,12,374,49,747,61,0.032171581769437,0.13101604278074866,0.08165997322623829,420.75,16,69,85,46,7.2727272727272725,0.20202020202020202
202641.0,2022,Sydney Colson,117,1,124,5,241,6,0.008547008547008548,0.04032258064516129,0.024896265560165973,142.6,4,8,12,46,3.02945301542777,0.08415147265077139
1631006.0,2022,Kierstan Bell,127,4,110,13,237,17,0.031496062992125984,0.11818181818181818,0.07172995780590717,140.51666666666668,4,20,24,46,6.1487368046495074,0.17079824457359744
1631013.0,2022,Aisha Sheppard,162,5,157,8,319,13,0.030864197530864196,0.050955414012738856,0.04075235109717868,189.5,6,8,14,46,2.6596306068601585,0.07387862796833773
1629492.0,2022,Beatrice Mompremier,155,13,143,26,298,39,0.08387096774193549,0.18181818181818182,0.13087248322147652,175.23333333333335,20,39,59,36,12.120981548411642,0.3366939319003234
202658.0,2023,Danielle Robinson,606,7,606,56,1212,63,0.01155115511551155,0.0924092409240924,0.05198019801980198,733.55,10,62,72,37,3.5335014654761094,0.09815281848544749
204323.0,2023,Cheyenne Parker-Tyus,950,35,938,146,1888,181,0.03684210526315789,0.15565031982942432,0.0958686440677966,1133.2833333333333,91,189,280,42,8.894510051914056,0.24706972366427932
1628269.0,2023,Nia Coffey,594,11,623,106,1217,117,0.018518518518518517,0.17014446227929375,0.0961380443714051,680.2666666666667,15,135,150,33,7.938063504508036,0.22050176401411212
1628277.0,2023,Allisha Gray,1125,26,1113,92,2238,118,0.02311111111111111,0.08265947888589398,0.05272564789991063,1316.55,48,152,200,40,5.468839011051612,0.15191219475143367
1631009.0,2023,Rhyne Howard,1132,16,1135,124,2267,140,0.014134275618374558,0.1092511013215859,0.061755624172915746,1357.6333333333334,27,173,200,41,5.303346509857841,0.14731518082938447
1631044.0,2023,Naz Hillmon,467,25,497,57,964,82,0.05353319057815846,0.11468812877263582,0.08506224066390042,569.7166666666667,51,90,141,42,8.909691952139953,0.24749144311499868
1630462.0,2023,Aari McDonald,515,6,499,38,1014,44,0.011650485436893204,0.07615230460921844,0.04339250493096647,601.0833333333334,6,44,50,31,2.9945930957992513,0.0831831415499792
1628881.0,2023,Monique Billings,595,30,590,79,1185,109,0.05042016806722689,0.13389830508474576,0.0919831223628692,699.8166666666666,58,150,208,41,10.69994522374908,0.29722070065969663
1629476.0,2023,Asia (AD) Durr,361,3,364,34,725,37,0.008310249307479225,0.09340659340659341,0.05103448275862069,401.51666666666665,3,35,38,40,3.4070814827113862,0.0946411522975385
1630387.0,2023,Iliana Rupert,144,5,133,28,277,33,0.034722222222222224,0.21052631578947367,0.11913357400722022,172.36666666666667,7,35,42,27,8.771997679365693,0.24366660220460257
1641650.0,2023,Haley Jones,496,9,524,69,1020,78,0.018145161290322582,0.1316793893129771,0.07647058823529412,586.7666666666667,14,80,94,42,5.767198772936432,0.16019996591490088
1641656.0,2023,Laeticia Amihere,135,5,125,14,260,19,0.037037037037037035,0.112,0.07307692307692308,149.81666666666666,5,15,20,42,4.805873845811548,0.13349649571698743
1629482.0,2023,Sophie Cunningham,706,13,736,60,1442,73,0.018413597733711047,0.08152173913043478,0.05062413314840499,897.7666666666667,17,71,88,37,3.528756544016634,0.09802101511157317
201911.0,2023,Kristi Toliver,92,1,85,7,177,8,0.010869565217391304,0.08235294117647059,0.04519774011299435,99.3,1,7,8,21,2.900302114803625,0.08056394763343404
203035.0,2023,Shey Peddy,259,7,258,23,517,30,0.02702702702702703,0.08914728682170543,0.058027079303675046,285.4166666666667,7,26,33,36,4.162335766423357,0.11562043795620437
1631091.0,2023,Evina Westbrook,103,3,109,12,212,15,0.02912621359223301,0.11009174311926606,0.07075471698113207,127.7,3,14,17,26,4.792482380579483,0.1331245105716523
204320.0,2023,Amanda Zahui B,217,5,230,26,447,31,0.02304147465437788,0.11304347826086956,0.06935123042505593,253.26666666666668,7,31,38,40,5.401421426691234,0.1500394840747565
203014.0,2024,Nneka Ogwumike,1039,28,1028,152,2067,180,0.026948989412897015,0.14785992217898833,0.08708272859216255,1251.15,73,227,300,42,8.63205850617432,0.23977940294928665
203400.0,2024,Skylar Diggins-Smith,1097,21,1097,63,2194,84,0.019143117593436645,0.05742935278030994,0.03828623518687329,1334.5666666666666,29,80,109,42,2.9402802407772812,0.08167445113270226
204319.0,2024,Jewell Loyd,1103,17,1096,107,2199,124,0.015412511332728921,0.09762773722627738,0.05638926784902228,1305.3333333333333,27,146,173,42,4.771195097037793,0.13253319713993872
1628927.0,2024,Victoria Vivians,438,12,369,38,807,50,0.0273972602739726,0.10298102981029811,0.061957868649318466,452.05,19,50,69,42,5.494967370866055,0.15263798252405708
1629496.0,2024,Ezi Magbegor,1019,31,974,148,1993,179,0.03042198233562316,0.15195071868583163,0.08981435022579026,1162.6833333333334,84,219,303,41,9.381746247903555,0.2606040624417654
1628881.0,2024,Monique Billings,716,27,714,117,1430,144,0.03770949720670391,0.1638655462184874,0.1006993006993007,870.9833333333333,69,151,220,39,9.093170554354273,0.25258807095428537
1629479.0,2024,Teaira McCowan,850,35,811,140,1661,175,0.041176470588235294,0.17262638717632553,0.1053582179409994,982.7166666666667,112,202,314,39,11.502806844970573,0.3195224123602937
1629481.0,2024,Arike Ogunbowale,1265,20,1201,119,2466,139,0.015810276679841896,0.09908409658617819,0.056366585563665854,1465.5333333333333,29,144,173,39,4.249647454851476,0.11804576263476323
1641652.0,2024,Maddy Siegrist,529,16,528,37,1057,53,0.030245746691871456,0.07007575757575757,0.050141911069063384,643.75,43,47,90,32,5.033009708737865,0.13980582524271845
1642244.0,2024,Sevgi Uzun,714,9,689,50,1403,59,0.012605042016806723,0.07256894049346879,0.042052744119743406,820.1666666666666,9,56,65,40,2.853078642552327,0.07925218451534241
1629480.0,2024,Kalani Brown,433,22,425,67,858,89,0.050808314087759814,0.15764705882352942,0.10372960372960373,516.5666666666667,43,76,119,40,8.293218042201715,0.23036716783893654
1628244.0,2024,Sami Whitcomb,557,10,513,55,1070,65,0.017953321364452424,0.10721247563352826,0.06074766355140187,612.8833333333333,15,59,74,42,4.346667391836402,0.12074076088434449
1628920.0,2024,Mercedes Russell,493,17,513,69,1006,86,0.034482758620689655,0.13450292397660818,0.08548707753479125,629.05,33,91,124,42,7.0964152293140454,0.19712264525872347
1641651.0,2024,Jordan Horston,750,27,754,89,1504,116,0.036,0.11803713527851459,0.07712765957446809,906.4833333333333,48,125,173,42,6.870506903969552,0.19084741399915423
1641661.0,2024,Lou Lopez Senechal,104,3,99,7,203,10,0.028846153846153848,0.0707070707070707,0.04926108374384237,125.53333333333333,3,8,11,39,3.154540626659586,0.08762612851832183
1642292.0,2024,Jacy Sheldon,792,16,750,42,1542,58,0.020202020202020204,0.056,0.03761348897535668,931.0666666666667,27,55,82,40,3.1705570671631103,0.08807102964341973
1641654.0,2024,Stephanie Soares,153,10,153,24,306,34,0.06535947712418301,0.1568627450980392,0.1111111111111111,175.46666666666667,18,29,47,33,9.642857142857142,0.26785714285714285
202250.0,2024,Tina Charles,1046,33,997,202,2043,235,0.03154875717017208,0.20260782347041123,0.11502692119432208,1218.6333333333334,99,288,387,41,11.432479006537376,0.3175688612927049
204323.0,2024,Cheyenne Parker-Tyus,425,15,426,51,851,66,0.03529411764705882,0.11971830985915492,0.07755581668625147,491.85,31,90,121,33,8.856358645928637,0.24600996238690656
1628277.0,2024,Allisha Gray,1202,27,1131,93,2333,120,0.022462562396006656,0.08222811671087533,0.05143591941705958,1393.6833333333334,45,138,183,42,4.727042250152474,0.13130672917090205
1631009.0,2024,Rhyne Howard,939,17,861,76,1800,93,0.01810436634717785,0.08826945412311266,0.051666666666666666,1086.9166666666667,28,114,142,37,4.703212451123208,0.130644790308978
1641650.0,2024,Haley Jones,640,9,622,66,1262,75,0.0140625,0.10610932475884244,0.059429477020602216,729.8333333333334,10,80,90,42,4.4393697191139525,0.12331582553094313
1631044.0,2024,Naz Hillmon,784,30,721,89,1505,119,0.03826530612244898,0.12343966712898752,0.07906976744186046,915.3833333333333,68,138,206,42,8.101523951714219,0.2250423319920616
1627672.0,2024,Aerial Powers,275,9,252,34,527,43,0.03272727272727273,0.1349206349206349,0.08159392789373814,303.7,15,41,56,28,6.638129733289431,0.18439249259137308
1628269.0,2024,Nia Coffey,472,15,484,51,956,66,0.03177966101694915,0.10537190082644628,0.06903765690376569,556.1833333333333,22,77,99,42,6.407959006322856,0.177998861286746
1630101.0,2024,Crystal Dangerfield,425,2,368,31,793,33,0.004705882352941176,0.08423913043478261,0.0416141235813367,440.45,2,32,34,36,2.77897604722443,0.0771937790895675
201886.0,2024,DeWanna Bonner,1059,18,1028,151,2087,169,0.0169971671388102,0.14688715953307394,0.08097747963584093,1506.0333333333333,30,263,293,47,7.003829043181868,0.1945508067550519
203826.0,2024,Alyssa Thomas,1076,37,1003,173,2079,210,0.03438661710037175,0.17248255234297108,0.10101010101010101,1566.5333333333333,115,277,392,47,9.008426249042472,0.250234062473402
1628280.0,2024,Brionna Jones,916,37,861,88,1777,125,0.04039301310043668,0.10220673635307782,0.07034327518289252,1225.9,100,146,246,47,7.224080267558527,0.2006688963210702
1630096.0,2024,DiJonai Carrington,978,28,907,100,1885,128,0.028629856850715747,0.11025358324145534,0.06790450928381962,1389.4333333333334,65,174,239,46,6.192452558597029,0.1720125710721397
1630112.0,2024,Tyasha Harris,936,6,879,52,1815,58,0.00641025641025641,0.05915813424345848,0.031955922865013774,1206.7833333333333,10,63,73,47,2.1776900023478394,0.06049138895410665
202664.0,2024,Courtney Vandersloot,575,12,645,52,1220,64,0.020869565217391306,0.08062015503875969,0.05245901639344262,849.1833333333333,17,90,107,48,4.53612294164982,0.12600341504582835
1627673.0,2024,Jonquel Jones,950,30,1059,200,2009,230,0.031578947368421054,0.18885741265344666,0.11448481831757093,1522.5833333333333,94,346,440,50,10.403371462974112,0.2889825406381698
1629477.0,2024,Sabrina Ionescu,1042,21,1086,113,2128,134,0.02015355086372361,0.10405156537753223,0.06296992481203008,1611.9166666666667,34,193,227,51,5.069740991573179,0.14082613865481053
1629568.0,2024,Kennedy Burke,372,12,395,37,767,49,0.03225806451612903,0.09367088607594937,0.06388526727509779,504.5,17,51,68,51,4.8523290386521305,0.13478691774033696
1630142.0,2024,Leonie Fiebich,701,21,750,63,1451,84,0.029957203994293864,0.084,0.057891109579600274,1178.2,49,114,163,51,4.980478696316415,0.13834663045323375
1627676.0,2024,Tiffany Mitchell,300,8,329,22,629,30,0.02666666666666667,0.0668693009118541,0.04769475357710652,391.6333333333333,11,26,37,42,3.401140522597668,0.094476125627713
1631135.0,2024,Olivia Nelson-Ododa,325,18,355,42,680,60,0.055384615384615386,0.11830985915492957,0.08823529411764706,505.03333333333336,36,78,114,47,8.126196290673883,0.2257276747409412
203866.0,2024,Kayla Thornton,700,22,695,48,1395,70,0.03142857142857143,0.06906474820143885,0.05017921146953405,947.0666666666667,44,76,120,51,4.5614529072223,0.12670702520061944
1631055.0,2024,Nyara Sabally,316,19,284,35,600,54,0.060126582278481014,0.12323943661971831,0.09,442.45,48,88,136,47,11.065657136399592,0.3073793648999887
1631007.0,2024,Veronica Burton,302,10,327,27,629,37,0.033112582781456956,0.08256880733944955,0.058823529411764705,527.5333333333333,16,36,52,38,3.5485909263237714,0.09857197017566031
1641602.0,2024,Ivana Dojkić,207,7,202,12,409,19,0.033816425120772944,0.0594059405940594,0.04645476772616137,265.7,9,13,22,51,2.980805419646218,0.08280015054572827
1627671.0,2024,Rachel Banham,515,7,480,42,995,49,0.013592233009708738,0.0875,0.04924623115577889,586.2333333333333,7,46,53,40,3.2546767498720643,0.09040768749644623
202252.0,2022,Alysha Clark,655,16,639,77,1294,93,0.024427480916030534,0.12050078247261346,0.07187017001545595,816.9833333333333,23,115,138,35,6.080907403251801,0.16891409453477224
204333.0,2022,Natasha Cloud,901,13,892,83,1793,96,0.014428412874583796,0.0930493273542601,0.053541550474065815,1135.5666666666666,16,118,134,36,4.248099333666011,0.11800275926850032
1628878.0,2022,Ariel Atkins,898,22,904,63,1802,85,0.024498886414253896,0.06969026548672566,0.04716981132075472,1147.1666666666667,36,84,120,38,3.7657997966003194,0.10460554990556442
1628899.0,2022,Myisha Hines-Allen,577,20,553,110,1130,130,0.03466204506065858,0.19891500904159132,0.11504424778761062,684.6833333333334,39,147,186,38,9.77970351257272,0.2716584309047978
1631022.0,2022,Shakira Austin,615,30,620,107,1235,137,0.04878048780487805,0.17258064516129032,0.11093117408906883,830.4166666666666,69,178,247,38,10.707877571500251,0.2974410436527848
203403.0,2022,Tianna Hawkins,272,10,246,33,518,43,0.03676470588235294,0.13414634146341464,0.08301158301158301,319.7,15,44,59,38,6.643728495464498,0.18454801376290272
1629568.0,2022,Kennedy Burke,207,6,170,14,377,20,0.028985507246376812,0.08235294117647059,0.05305039787798409,222.51666666666668,8,27,35,16,5.662497191221631,0.1572915886450453
1630389.0,2022,Dana Evans,288,5,317,20,605,25,0.017361111111111112,0.06309148264984227,0.04132231404958678,401.0333333333333,5,25,30,44,2.693042972321503,0.07480674923115287
204322.0,2022,Elizabeth Williams,427,22,383,47,810,69,0.05152224824355972,0.1227154046997389,0.08518518518518518,458.06666666666666,45,72,117,33,9.195168097802359,0.2554213360500655
1630957.0,2022,Rui Machida,405,6,390,33,795,39,0.014814814814814815,0.08461538461538462,0.04905660377358491,473.81666666666666,7,34,41,38,3.115128917654508,0.08653135882373633
1628278.0,2022,Shatori Walker-Kimbrough,600,7,587,47,1187,54,0.011666666666666667,0.08006814310051108,0.04549283909014322,746.1666666666666,10,54,64,38,3.0877819968729057,0.0857717221353585
1630113.0,2022,Ruthy Hebard,175,6,198,28,373,34,0.03428571428571429,0.1414141414141414,0.09115281501340483,249.43333333333334,8,38,46,44,6.6390485099559,0.18441801416544165
1629574.0,2022,Li Yueru,60,4,80,12,140,16,0.06666666666666667,0.15,0.11428571428571428,82.26666666666667,5,19,24,29,10.502431118314426,0.29173419773095627
201480.0,2022,Sylvia Fowles,701,26,749,170,1450,196,0.037089871611982884,0.22696929238985314,0.13517241379310344,831.4666666666667,74,220,294,35,12.729313662604232,0.3535920461834509
203024.0,2022,Damiris Dantas,229,8,246,29,475,37,0.034934497816593885,0.11788617886178862,0.07789473684210527,261.5333333333333,10,47,57,30,7.846036196788174,0.2179454499107826
203825.0,2022,Kayla McBride,752,12,842,52,1594,64,0.015957446808510637,0.06175771971496437,0.04015056461731493,922.8333333333334,16,71,87,32,3.3938956113418817,0.09427487809283004
1627669.0,2022,Moriah Jefferson,667,9,707,46,1374,55,0.013493253373313344,0.06506364922206506,0.04002911208151383,809.0666666666667,11,64,75,33,3.3371786420566907,0.09269940672379696
1627672.0,2022,Aerial Powers,808,24,832,91,1640,115,0.0297029702970297,0.109375,0.0701219512195122,943.3666666666667,46,118,164,36,6.258436097664394,0.17384544715734426
203399.0,2022,Elena Delle Donne,575,17,589,92,1164,109,0.029565217391304348,0.15619694397283532,0.0936426116838488,759.8833333333333,32,131,163,34,7.7222380628605265,0.21450661285723685
203831.0,2022,Natalie Achonwa,278,14,277,43,555,57,0.050359712230215826,0.1552346570397112,0.10270270270270271,331.55,25,65,90,31,9.772281707133162,0.27145226964258784
1629491.0,2022,Jessica Shepard,788,27,851,149,1639,176,0.03426395939086294,0.17508813160987075,0.10738255033557047,940.5833333333334,72,194,266,36,10.18091609816603,0.2828032249490564
1627671.0,2022,Rachel Banham,521,3,576,44,1097,47,0.005758157389635317,0.0763888888888889,0.04284412032816773,629.6333333333333,3,45,48,36,2.7444544443856214,0.07623484567737837
1629524.0,2022,Bridget Carleton,499,11,533,51,1032,62,0.022044088176352707,0.09568480300187618,0.060077519379844964,605.7166666666667,12,65,77,36,4.57639710535729,0.1271221418154803
1631263.0,2022,Nikolina Milić,277,21,331,36,608,57,0.07581227436823104,0.10876132930513595,0.09375,363.81666666666666,46,47,93,32,9.20243712492556,0.2556232534701544
1631091.0,2022,Evina Westbrook,153,1,175,19,328,20,0.006535947712418301,0.10857142857142857,0.06097560975609756,204.53333333333333,1,19,20,32,3.5202086049543677,0.09778357235984354
203866.0,2021,Kayla Thornton,769,28,702,81,1471,109,0.036410923276983094,0.11538461538461539,0.07409925220938138,873.0666666666667,65,110,175,33,7.215943799633476,0.2004428833231521
204330.0,2021,Isabelle Harrison,554,22,561,71,1115,93,0.039711191335740074,0.1265597147950089,0.08340807174887892,694.1166666666667,46,129,175,30,9.076284006050855,0.2521190001680793
1629481.0,2021,Arike Ogunbowale,904,15,822,67,1726,82,0.016592920353982302,0.08150851581508516,0.047508690614136734,1038.5333333333333,23,82,105,33,3.6397483630761336,0.10110412119655926
1629497.0,2021,Marina Mabrey,698,15,627,78,1325,93,0.02148997134670487,0.12440191387559808,0.07018867924528302,790.3666666666667,23,104,127,33,5.7846569102948004,0.16068491417485556
1630112.0,2021,Tyasha Harris,449,9,455,37,904,46,0.0200445434298441,0.08131868131868132,0.05088495575221239,529.7833333333333,9,42,51,33,3.4655676849026333,0.09626576902507315
1630440.0,2021,Chelsea Dungee,61,1,57,2,118,3,0.01639344262295082,0.03508771929824561,0.025423728813559324,64.56666666666666,1,2,3,33,1.6726897263810017,0.04646360351058338
1630454.0,2021,Charli Collier,329,17,277,52,606,69,0.05167173252279635,0.18772563176895307,0.11386138613861387,345.35,31,71,102,33,10.632691472419284,0.29535254090053564
1629485.0,2021,Kristine Anigwe,118,6,110,19,228,25,0.05084745762711865,0.17272727272727273,0.10964912280701754,136.15,11,22,33,12,8.725670216672787,0.24237972824091075
1630093.0,2021,Bella Alarie,378,21,361,44,739,65,0.05555555555555555,0.12188365650969529,0.08795669824086604,411.48333333333335,45,60,105,33,9.186277289481145,0.25517436915225405
204329.0,2021,Kiah Stokes,381,15,411,76,792,91,0.03937007874015748,0.18491484184914841,0.1148989898989899,513.7666666666667,39,104,143,33,10.020112891714787,0.2783364692142996
201886.0,2023,DeWanna Bonner,1003,19,994,155,1997,174,0.018943170488534396,0.15593561368209255,0.0871306960440661,1461.8166666666666,39,243,282,47,6.944783317561481,0.19291064771004116
203026.0,2023,Tiffany Hayes,901,24,880,55,1781,79,0.026637069922308545,0.0625,0.04435710275126333,1264.3833333333334,47,97,144,47,4.100022408815891,0.11388951135599698
203826.0,2023,Alyssa Thomas,1213,33,1212,224,2425,257,0.02720527617477329,0.1848184818481848,0.10597938144329896,1717.3,94,356,450,47,9.433412915623363,0.2620392476562045
204296.0,2023,Rebecca Allen,735,23,744,55,1479,78,0.031292517006802724,0.0739247311827957,0.05273833671399594,1043.7,37,109,146,47,5.035929864903707,0.13988694069176966
1629567.0,2023,Natisha Hiedeman,900,8,930,67,1830,75,0.008888888888888889,0.07204301075268817,0.040983606557377046,1220.2833333333333,9,88,97,47,2.8616304956499174,0.07948973599027548
203825.0,2023,Kayla McBride,1038,8,1070,104,2108,112,0.007707129094412331,0.09719626168224299,0.05313092979127135,1326.0166666666667,18,122,140,42,3.8008572039064363,0.10557936677517879
1627676.0,2023,Tiffany Mitchell,653,15,682,47,1335,62,0.022970903522205207,0.0689149560117302,0.04644194756554307,828.7166666666667,21,65,86,43,3.7358968686523335,0.10377491301812038
1629483.0,2023,Napheesa Collier,1060,32,1082,156,2142,188,0.03018867924528302,0.14417744916820702,0.08776844070961717,1346.4,74,263,337,43,9.010695187165775,0.25029708853238264
1629524.0,2023,Bridget Carleton,497,15,494,54,991,69,0.030181086519114688,0.10931174089068826,0.06962663975782038,645.0,22,78,100,43,5.5813953488372094,0.15503875968992248
1641657.0,2023,Dorka Juhász,790,30,808,136,1598,166,0.0379746835443038,0.16831683168316833,0.10387984981226533,991.7166666666667,68,193,261,43,9.474480278305295,0.26318000773070266
1628263.0,2023,Lindsay Allen,606,11,608,41,1214,52,0.018151815181518153,0.06743421052631579,0.042833607907743,698.2166666666667,17,54,71,41,3.6607547800348503,0.10168763277874585
1631135.0,2023,Olivia Nelson-Ododa,461,23,486,70,947,93,0.049891540130151846,0.1440329218106996,0.09820485744456177,692.3,60,108,168,47,8.736097067745197,0.24266936299292216
1627671.0,2023,Rachel Banham,365,4,361,24,726,28,0.010958904109589041,0.0664819944598338,0.03856749311294766,493.56666666666666,6,31,37,42,2.698723576686702,0.07496454379685284
1631263.0,2023,Nikolina Milić,418,21,413,44,831,65,0.050239234449760764,0.10653753026634383,0.07821901323706378,515.9166666666666,28,69,97,43,6.768534970117914,0.18801486028105316
1630096.0,2023,DiJonai Carrington,453,18,462,42,915,60,0.039735099337748346,0.09090909090909091,0.06557377049180328,631.8333333333334,32,74,106,47,6.039567396465312,0.16776576101292534
1641665.0,2023,Leigha Brown,110,4,105,13,215,17,0.03636363636363636,0.12380952380952381,0.07906976744186046,135.95,6,16,22,47,5.825671202648033,0.16182420007355647
1641700.0,2023,Liz Dixon,74,6,59,6,133,12,0.08108108108108109,0.1016949152542373,0.09022556390977443,77.98333333333333,9,6,15,25,6.9245565291729,0.192348792477025
1630112.0,2023,Tyasha Harris,547,5,512,26,1059,31,0.009140767824497258,0.05078125,0.02927289896128423,820.9666666666667,6,35,41,47,1.7978805473222623,0.049941126314507284
1631083.0,2023,Emily Engstler,87,5,76,14,163,19,0.05747126436781609,0.18421052631578946,0.1165644171779141,93.23333333333333,11,18,29,17,11.197711834107972,0.3110475509474437
203406.0,2024,Layshia Clarendon,285,5,272,28,557,33,0.017543859649122806,0.10294117647058823,0.059245960502693,334.6333333333333,6,32,38,30,4.088056579340572,0.11355712720390478
204324.0,2024,Dearica Hamby,1115,31,1109,228,2224,259,0.02780269058295964,0.20559062218214608,0.1164568345323741,1346.3166666666666,61,307,368,40,9.840181235222026,0.27333836764505626
1628915.0,2024,Kia Nurse,677,12,686,42,1363,54,0.01772525849335303,0.061224489795918366,0.03961848862802641,810.5166666666667,17,47,64,40,2.842631243445539,0.07896197898459831
1642287.0,2024,Cameron Brink,264,11,294,29,558,40,0.041666666666666664,0.09863945578231292,0.07168458781362007,329.51666666666665,18,62,80,23,8.740073845531334,0.24277982904253706
1642288.0,2024,Rickea Jackson,982,27,960,78,1942,105,0.0274949083503055,0.08125,0.054067971163748715,1151.9666666666667,51,104,155,40,4.843890158858763,0.1345525044127434
202252.0,2024,Alysha Clark,821,14,886,109,1707,123,0.01705237515225335,0.12302483069977427,0.07205623901581722,1127.0333333333333,25,143,168,46,5.366300907988524,0.14906391411079234
204329.0,2024,Kiah Stokes,610,15,636,126,1246,141,0.02459016393442623,0.19811320754716982,0.11316211878009631,771.8666666666667,25,178,203,43,9.46795646916566,0.2629987908101572
1628276.0,2024,Kelsey Plum,1097,8,1160,84,2257,92,0.007292616226071103,0.07241379310344828,0.0407620735489588,1489.1833333333334,11,102,113,44,2.731698581996844,0.075880516166579
1628932.0,2024,A'ja Wilson,1111,28,1188,267,2299,295,0.025202520252025202,0.22474747474747475,0.12831665941713788,1526.9333333333334,86,423,509,45,12.000523925951798,0.3333478868319944
1642324.0,2024,Kate Martin,327,5,354,43,681,48,0.01529051987767584,0.12146892655367232,0.07048458149779736,394.5833333333333,6,48,54,46,4.926715945089757,0.1368532206969377
203855.0,2024,Stephanie Talbot,493,15,469,62,962,77,0.030425963488843813,0.13219616204690832,0.08004158004158005,600.2,21,80,101,37,6.057980673108963,0.16827724091969343
1628882.0,2024,Lexie Brown,303,1,337,33,640,34,0.0033003300330033004,0.09792284866468842,0.053125,378.65,1,36,37,23,3.5177604648091907,0.09771556846692196
1629574.0,2024,Li Yueru,471,26,464,66,935,92,0.055201698513800426,0.14224137931034483,0.09839572192513368,546.5166666666667,55,85,140,38,9.222042633649476,0.2561678509347077
1630462.0,2024,Aari McDonald,469,8,464,32,933,40,0.017057569296375266,0.06896551724137931,0.04287245444801715,567.8833333333333,12,40,52,31,3.2964517359786343,0.09156810377718429
203026.0,2024,Tiffany Hayes,582,15,617,48,1199,63,0.02577319587628866,0.07779578606158834,0.05254378648874062,838.2,36,77,113,39,4.853256979241231,0.13481269386781197
1629484.0,2024,Megan Gustafson,317,13,352,39,669,52,0.04100946372239748,0.11079545454545454,0.07772795216741404,434.3666666666667,24,51,75,46,6.2159465889033845,0.172665183025094
202641.0,2024,Sydney Colson,196,1,192,12,388,13,0.00510204081632653,0.0625,0.03350515463917526,275.51666666666665,1,13,14,46,1.8292904240517815,0.050813622890327266
1630996.0,2024,Rae Burrell,478,15,464,33,942,48,0.03138075313807531,0.07112068965517242,0.050955414012738856,579.2166666666667,21,47,68,39,4.226397721060052,0.11739993669611255
203827.0,2024,Natasha Howard,725,23,666,73,1391,96,0.031724137931034485,0.10960960960960961,0.06901509705248023,824.7833333333333,53,129,182,31,7.943904459757109,0.2206640127710308
1630149.0,2024,Satou Sabally,461,10,423,52,884,62,0.021691973969631236,0.12293144208037825,0.07013574660633484,512.35,18,78,96,24,6.74538889431053,0.18737191373084805
1628886.0,2024,Jordin Canada,553,8,518,50,1071,58,0.014466546112115732,0.09652509652509653,0.05415499533146592,677.7666666666667,13,58,71,31,3.7712093640879356,0.10475581566910933
1631032.0,2024,Lorela Cubaj,214,11,180,19,394,30,0.0514018691588785,0.10555555555555556,0.07614213197969544,242.31666666666666,20,26,46,39,6.834032601967123,0.18983423894353119
1630471.0,2024,Maya Caldwell,331,13,333,18,664,31,0.03927492447129909,0.05405405405405406,0.046686746987951805,423.18333333333334,20,28,48,27,4.083336615336142,0.11342601709267063
1642240.0,2024,Jaelyn Brown,137,4,112,9,249,13,0.029197080291970802,0.08035714285714286,0.05220883534136546,141.08333333333334,7,14,21,25,5.358535144713526,0.1488481984642646
202638.0,2021,Jessica Breland,489,16,473,108,962,124,0.032719836400818,0.22832980972515857,0.1288981288981289,543.9333333333333,37,126,163,31,10.788086775340116,0.299669077092781
202658.0,2021,Danielle Robinson,586,8,560,60,1146,68,0.013651877133105802,0.10714285714285714,0.059336823734729496,658.75,8,77,85,31,4.64516129032258,0.12903225806451613
1627676.0,2021,Tiffany Mitchell,690,14,637,49,1327,63,0.020289855072463767,0.07692307692307693,0.04747550866616428,765.3833333333333,25,55,80,31,3.7628203732334558,0.10452278814537377
1630458.0,2021,Aaliyah Wilson,103,5,92,5,195,10,0.04854368932038835,0.05434782608695652,0.05128205128205128,119.41666666666667,5,7,12,31,3.6175854849965106,0.10048848569434751
204334.0,2021,Reshanda Gray,158,10,165,31,323,41,0.06329113924050633,0.18787878787878787,0.12693498452012383,219.51666666666668,14,41,55,22,9.019816263002049,0.2505504517500569
1630127.0,2021,Leaonna Odom,173,8,192,7,365,15,0.046242774566473986,0.036458333333333336,0.0410958904109589,207.26666666666665,11,10,21,33,3.6474750723705376,0.10131875201029271
1630437.0,2021,Chelsey Perry,38,0,38,6,76,6,0.0,0.15789473684210525,0.07894736842105263,40.11666666666667,0,6,6,15,5.384295803905276,0.14956377233070212
1630438.0,2021,Kysre Gondrezick,140,3,137,12,277,15,0.02142857142857143,0.08759124087591241,0.05415162454873646,173.1,3,16,19,29,3.9514731369150784,0.10976314269208551
100940.0,2024,Diana Taurasi,878,11,949,110,1827,121,0.012528473804100227,0.11591148577449947,0.0662287903667214,1103.4333333333334,14,129,143,41,4.6654381778086575,0.12959550493912939
204296.0,2024,Rebecca Allen,367,10,404,42,771,52,0.027247956403269755,0.10396039603960396,0.06744487678339818,447.3333333333333,13,58,71,38,5.713859910581222,0.1587183308494784
204333.0,2024,Natasha Cloud,1069,14,1126,110,2195,124,0.013096351730589336,0.09769094138543517,0.05649202733485194,1338.1499999999999,18,147,165,42,4.438964241676943,0.12330456226880396
1627674.0,2024,Kahleah Copper,979,18,1048,118,2027,136,0.018386108273748723,0.11259541984732824,0.06709422792303897,1255.9166666666667,26,151,177,41,5.073585030853958,0.14093291752372106
1630442.0,2024,Natasha Mack,538,29,560,99,1098,128,0.05390334572490706,0.1767857142857143,0.11657559198542805,645.1166666666667,64,142,206,42,11.495595111995245,0.31932208644431237
203828.0,2024,Stefanie Dolson,849,24,861,113,1710,137,0.028268551236749116,0.13124274099883856,0.08011695906432749,1012.9,33,160,193,39,6.859512291440418,0.19054200809556718
1628317.0,2024,Karlie Samuelson,614,11,595,53,1209,64,0.017915309446254073,0.08907563025210084,0.05293631100082713,711.5833333333334,15,59,74,38,3.743763906780653,0.10399344185501815
1628878.0,2024,Ariel Atkins,1028,25,980,83,2008,108,0.024319066147859923,0.08469387755102041,0.053784860557768925,1196.05,36,99,135,40,4.0633752769533045,0.11287153547092513
1631022.0,2024,Shakira Austin,209,10,209,49,418,59,0.04784688995215311,0.23444976076555024,0.14114832535885166,237.9,21,61,82,33,12.40857503152585,0.34468263976460695
1642210.0,2024,Julie Vanloo,801,5,729,58,1530,63,0.006242197253433208,0.07956104252400549,0.041176470588235294,926.3666666666667,5,60,65,40,2.525997625130438,0.07016660069806772
1641700.0,2024,Liz Dixon,135,8,133,18,268,26,0.05925925925925926,0.13533834586466165,0.09701492537313433,160.05,14,27,41,21,9.222118088097467,0.25616994689159633
1628278.0,2024,Shatori Walker-Kimbrough,728,10,715,48,1443,58,0.013736263736263736,0.06713286713286713,0.040194040194040194,882.9166666666666,13,56,69,40,2.813402548371873,0.0781500707881076
1642290.0,2024,Aaliyah Edwards,624,29,584,96,1208,125,0.046474358974358976,0.1643835616438356,0.10347682119205298,741.15,48,143,191,38,9.277474195506983,0.25770761654186064
1628899.0,2024,Myisha Hines-Allen,644,23,597,113,1241,136,0.03571428571428571,0.18927973199329984,0.1095890410958904,869.1333333333333,49,171,220,52,9.112525887857636,0.25312571910715653
1629482.0,2024,Sophie Cunningham,930,13,981,119,1911,132,0.013978494623655914,0.12130479102956167,0.06907378335949764,1172.3833333333332,16,150,166,42,5.09730890067242,0.14159191390756723
1630134.0,2024,Sug Sutton,322,6,303,20,625,26,0.018633540372670808,0.066006600660066,0.0416,379.6166666666667,6,22,28,40,2.655310181323265,0.07375861614786847
1630114.0,2024,Mikiah Herbert Harrigan,279,10,301,27,580,37,0.035842293906810034,0.08970099667774087,0.06379310344827586,338.9166666666667,15,30,45,42,4.779936070813867,0.13277600196705186
1630459.0,2024,DiDi Richards,170,8,160,11,330,19,0.047058823529411764,0.06875,0.05757575757575758,197.71666666666667,10,19,29,27,5.280283233583411,0.14667453426620586
1629571.0,2024,Morgan Bertsch,89,5,98,9,187,14,0.056179775280898875,0.09183673469387756,0.0748663101604278,100.53333333333333,8,9,17,15,6.087533156498674,0.16909814323607428
1631141.0,2024,Jade Melbourne,444,12,443,30,887,42,0.02702702702702703,0.06772009029345373,0.04735062006764374,525.2,13,42,55,40,3.7699923838537694,0.10472201066260471
1629491.0,2023,Jessica Shepard,473,17,491,76,964,93,0.035940803382663845,0.15478615071283094,0.09647302904564316,564.65,44,105,149,39,9.499690073496858,0.26388027981935713
1641649.0,2023,Diamond Miller,711,17,733,68,1444,85,0.02390998593530239,0.0927694406548431,0.05886426592797784,903.2666666666667,22,95,117,40,4.663074765665362,0.12952985460181562
202664.0,2023,Courtney Vandersloot,976,13,1105,101,2081,114,0.01331967213114754,0.09140271493212669,0.05478135511773186,1512.1833333333334,28,147,175,50,4.166161510398871,0.11572670862219087
204335.0,2023,Betnijah Laney-Hamilton,993,18,1076,91,2069,109,0.01812688821752266,0.0845724907063197,0.05268245529241179,1561.7333333333333,42,129,171,50,3.941774097157005,0.10949372492102792
1627668.0,2023,Breanna Stewart,1137,32,1271,199,2408,231,0.028144239226033423,0.15656963021243114,0.09593023255813954,1745.4333333333334,88,385,473,50,9.755743559383532,0.2709928766495426
1627673.0,2023,Jonquel Jones,826,37,934,172,1760,209,0.044794188861985475,0.1841541755888651,0.11875,1348.0,143,309,452,50,12.071216617210682,0.3353115727002967
1629477.0,2023,Sabrina Ionescu,934,20,1055,121,1989,141,0.021413276231263382,0.11469194312796209,0.07088989441930618,1484.7333333333333,33,209,242,50,5.867720353823358,0.16299223205064883
203866.0,2023,Kayla Thornton,580,28,644,69,1224,97,0.04827586206896552,0.10714285714285714,0.07924836601307189,794.0,55,101,156,50,7.073047858942065,0.1964735516372796
1629546.0,2023,Marine Johannès,579,8,609,35,1188,43,0.013816925734024179,0.05747126436781609,0.0361952861952862,764.7166666666667,8,48,56,47,2.6362705141337752,0.07322973650371598
1630139.0,2023,Jocelyn Willoughby,160,9,171,10,331,19,0.05625,0.05847953216374269,0.05740181268882175,199.08333333333334,11,13,24,50,4.339891167852658,0.1205525324403516
1631055.0,2023,Nyara Sabally,232,14,229,40,461,54,0.0603448275862069,0.17467248908296942,0.11713665943600868,265.06666666666666,19,51,70,48,9.507042253521126,0.2640845070422535
100720.0,2022,Sue Bird,728,6,705,51,1433,57,0.008241758241758242,0.07234042553191489,0.03977669225401256,1031.6,7,65,72,42,2.5126017836370687,0.06979449398991858
204319.0,2022,Jewell Loyd,983,13,928,64,1911,77,0.013224821973550356,0.06896551724137931,0.040293040293040296,1311.3166666666666,22,87,109,42,2.9924122065608363,0.08312256129335656
1627668.0,2022,Breanna Stewart,932,23,922,168,1854,191,0.02467811158798283,0.1822125813449024,0.10302049622437973,1285.15,54,260,314,40,8.795860405400147,0.24432945570555964
1628931.0,2022,Gabby Williams,825,27,799,88,1624,115,0.03272727272727273,0.11013767209011265,0.0708128078817734,1021.1333333333333,49,146,195,40,6.874714369654631,0.190964288045962
1629496.0,2022,Ezi Magbegor,707,25,694,87,1401,112,0.03536067892503536,0.12536023054755044,0.07994289793004997,909.3666666666667,56,144,200,42,7.917598328507019,0.21993328690297276
203866.0,2022,Kayla Thornton,925,29,836,106,1761,135,0.03135135135135135,0.12679425837320574,0.07666098807495741,1129.0,68,157,225,39,7.174490699734278,0.19929140832595216
204330.0,2022,Isabelle Harrison,570,22,524,73,1094,95,0.03859649122807018,0.13931297709923665,0.08683729433272395,680.9,49,106,155,38,8.19503598178881,0.2276398883830225
1629481.0,2022,Arike Ogunbowale,850,12,751,68,1601,80,0.01411764705882353,0.09054593874833555,0.04996876951905059,947.3333333333334,18,80,98,35,3.7241379310344827,0.10344827586206896
1629497.0,2022,Marina Mabrey,808,14,761,86,1569,100,0.017326732673267328,0.11300919842312747,0.06373486297004462,1048.6333333333334,22,114,136,37,4.668934168282526,0.12969261578562571
1630149.0,2022,Satou Sabally,212,4,207,34,419,38,0.018867924528301886,0.1642512077294686,0.09069212410501193,284.45,9,48,57,22,7.21392160309369,0.20038671119704693
203855.0,2022,Stephanie Talbot,495,14,467,66,962,80,0.028282828282828285,0.14132762312633834,0.08316008316008316,676.1166666666667,27,106,133,42,7.0816180639435995,0.1967116128873222
1630112.0,2022,Tyasha Harris,457,5,439,26,896,31,0.010940919037199124,0.05922551252847381,0.03459821428571429,604.5833333333334,9,30,39,39,2.322260509993108,0.06450723638869744
202250.0,2022,Tina Charles,842,25,845,142,1687,167,0.029691211401425176,0.1680473372781065,0.0989922940130409,1139.3,67,235,302,41,9.54270165891337,0.2650750460809269
1629479.0,2022,Teaira McCowan,502,29,479,104,981,133,0.05776892430278884,0.21711899791231734,0.13557594291539246,696.35,109,151,260,38,13.441516478782221,0.3733754577439506
1630386.0,2022,Awak Kuier,336,16,338,40,674,56,0.047619047619047616,0.11834319526627218,0.0830860534124629,430.65,25,63,88,38,7.356321839080461,0.20434227330779056
1631007.0,2022,Veronica Burton,481,10,410,32,891,42,0.02079002079002079,0.07804878048780488,0.04713804713804714,632.3166666666667,21,40,61,39,3.472943409156804,0.09647065025435567
201896.0,2022,Briann January,542,7,513,26,1055,33,0.012915129151291513,0.050682261208576995,0.031279620853080566,651.8666666666667,7,32,39,42,2.153814686029863,0.05982818572305175
202259.0,2022,Epiphanny Prince,346,5,353,24,699,29,0.014450867052023121,0.0679886685552408,0.04148783977110158,439.9,6,28,34,40,2.7824505569447604,0.07729029324846556
204365.0,2023,Erica Wheeler,920,13,837,89,1757,102,0.014130434782608696,0.1063321385902031,0.05805350028457598,1071.35,16,104,120,40,4.032295701684791,0.11200821393568863
1628909.0,2023,Kelsey Mitchell,1127,11,1083,48,2210,59,0.009760425909494233,0.0443213296398892,0.02669683257918552,1348.5166666666667,13,52,65,40,1.7352399550122974,0.04820110986145271
1631019.0,2023,NaLyssa Smith,767,25,740,168,1507,193,0.03259452411994785,0.22702702702702704,0.12806901128069012,884.9333333333333,64,221,285,37,11.594093717040833,0.3220581588066898
1631086.0,2023,Lexie Hull,519,19,485,40,1004,59,0.036608863198458574,0.08247422680412371,0.05876494023904383,619.0833333333334,35,47,82,38,4.768340288060304,0.132453896890564
1641648.0,2023,Aliyah Boston,1030,38,993,158,2023,196,0.036893203883495145,0.15911379657603222,0.09688581314878893,1249.0666666666666,125,210,335,40,9.655209222886423,0.2682002561912895
1641641.0,2023,Robyn Parks,462,13,409,35,871,48,0.02813852813852814,0.08557457212713937,0.05510907003444317,531.1,15,48,63,42,4.2703822255695725,0.11862172848804368
1628927.0,2023,Victoria Vivians,567,15,522,68,1089,83,0.026455026455026454,0.13026819923371646,0.07621671258034894,674.0333333333333,19,100,119,40,6.355768755254439,0.17654913209040107
1628929.0,2023,Kristy Wallace,619,12,630,55,1249,67,0.01938610662358643,0.0873015873015873,0.053642914331465175,728.5166666666667,22,60,82,40,4.052069273180664,0.112557479810574
1631031.0,2023,Queen Egbo,417,22,397,88,814,110,0.05275779376498801,0.2216624685138539,0.13513513513513514,484.01666666666665,41,118,159,42,11.82603904824214,0.3285010846733928
1641658.0,2023,Grace Berger,396,7,433,46,829,53,0.017676767676767676,0.10623556581986143,0.06393244873341375,524.1,7,49,56,39,3.8465941614195764,0.10684983781721046
1630471.0,2023,Maya Caldwell,259,6,243,17,502,23,0.023166023166023165,0.06995884773662552,0.045816733067729085,304.3,9,18,27,40,3.194216233979625,0.08872822872165625
1641671.0,2023,Abby Meyers,30,1,31,3,61,4,0.03333333333333333,0.0967741935483871,0.06557377049180328,36.5,1,3,4,12,3.9452054794520546,0.1095890410958904
1628242.0,2023,Emma Cannon,263,14,257,59,520,73,0.053231939163498096,0.22957198443579765,0.14038461538461539,314.35,24,70,94,40,10.765070780976618,0.29902974391601717
100940.0,2023,Diana Taurasi,534,2,616,89,1150,91,0.003745318352059925,0.1444805194805195,0.0791304347826087,709.0833333333334,2,91,93,35,4.721588905864379,0.13115524738512163
1641687.0,2023,Victaria Saxton,37,2,42,8,79,10,0.05405405405405406,0.19047619047619047,0.12658227848101267,53.833333333333336,2,8,10,40,6.687306501547987,0.18575851393188852
1629498.0,2024,Jackie Young,1022,19,1070,104,2092,123,0.018590998043052837,0.09719626168224299,0.058795411089866155,1388.5833333333333,36,160,196,43,5.081437916341596,0.14115105323171098
1628244.0,2022,Sami Whitcomb,609,7,645,66,1254,73,0.011494252873563218,0.10232558139534884,0.058213716108452954,790.5666666666667,10,73,83,38,3.7795673989121723,0.1049879833031159
1627676.0,2022,Tiffany Mitchell,512,15,440,18,952,33,0.029296875,0.04090909090909091,0.03466386554621849,552.5,20,21,41,35,2.671493212669683,0.07420814479638009
1628909.0,2022,Kelsey Mitchell,929,11,805,37,1734,48,0.011840688912809472,0.04596273291925466,0.02768166089965398,1009.5333333333333,14,46,60,34,2.1396024565805982,0.05943340157168329
1629501.0,2022,Alanna Smith,111,5,76,12,187,17,0.04504504504504504,0.15789473684210525,0.09090909090909091,115.55,8,16,24,10,7.477282561661618,0.2077022933794894
1631019.0,2022,NaLyssa Smith,915,25,782,141,1697,166,0.0273224043715847,0.18030690537084398,0.09781968179139658,982.7,70,183,253,36,9.268342322173602,0.2574539533937112
1631089.0,2022,Destanni Henderson,544,19,465,22,1009,41,0.034926470588235295,0.047311827956989246,0.040634291377601585,589.4333333333333,27,30,57,36,3.4813097325114524,0.09670304812531812
201881.0,2022,Angel McCoughtry,16,0,22,6,38,6,0.0,0.2727272727272727,0.15789473684210525,19.71666666666667,0,6,6,3,10.955198647506338,0.3043110735418427
203389.0,2022,Yvonne Turner,117,2,110,11,227,13,0.017094017094017096,0.1,0.05726872246696035,163.31666666666666,5,15,20,11,4.408613123788142,0.12246147566078172
1628927.0,2022,Victoria Vivians,867,16,792,85,1659,101,0.01845444059976932,0.10732323232323232,0.060880048221820374,939.9333333333334,23,102,125,36,4.787573586779204,0.13298815518831122
1631083.0,2022,Emily Engstler,596,26,517,85,1113,111,0.0436241610738255,0.1644100580270793,0.09973045822102426,637.55,72,109,181,36,10.220374872559015,0.2838993020155282
1631031.0,2022,Queen Egbo,639,27,597,112,1236,139,0.04225352112676056,0.18760469011725292,0.11245954692556634,719.5666666666667,61,148,209,36,10.456293139389446,0.2904525872052624
1630452.0,2022,Rennia Davis,34,2,32,5,66,7,0.058823529411764705,0.15625,0.10606060606060606,43.083333333333336,3,5,8,11,6.684719535783365,0.18568665377176014
202633.0,2021,Liz Cambage,488,18,590,125,1078,143,0.036885245901639344,0.211864406779661,0.1326530612244898,695.0333333333333,44,189,233,34,12.068485923936501,0.33523572010934727
203029.0,2021,Riquna Williams,739,6,827,72,1566,78,0.008119079837618403,0.08706166868198308,0.04980842911877394,969.8,6,85,91,37,3.378016085790885,0.09383378016085792
203833.0,2021,Chelsea Gray,787,11,894,64,1681,75,0.01397712833545108,0.07158836689038031,0.044616299821534804,1067.9166666666667,16,92,108,37,3.6407335154116267,0.10113148653921185
1628932.0,2021,A'ja Wilson,881,28,988,161,1869,189,0.03178206583427923,0.16295546558704455,0.10112359550561797,1181.4333333333334,69,275,344,37,10.48218265948142,0.2911717405411506
1629498.0,2021,Jackie Young,846,13,967,93,1813,106,0.015366430260047281,0.09617373319544985,0.05846662989520132,1147.8,30,117,147,37,4.610559330893884,0.12807109252483012
201911.0,2021,Kristi Toliver,466,5,431,16,897,21,0.01072961373390558,0.037122969837587005,0.023411371237458192,524.65,8,19,27,23,1.8526636805489374,0.051462880015248263
203014.0,2021,Nneka Ogwumike,477,14,462,65,939,79,0.029350104821802937,0.1406926406926407,0.08413205537806177,569.9499999999999,26,91,117,19,7.3901219405211,0.205281165014475
203823.0,2021,Chiney Ogwumike,115,5,91,6,206,11,0.043478260869565216,0.06593406593406594,0.05339805825242718,134.26666666666668,11,18,29,14,7.775571002979145,0.21598808341608736
204365.0,2021,Erica Wheeler,832,12,784,62,1616,74,0.014423076923076924,0.07908163265306123,0.04579207920792079,966.7666666666667,16,82,98,32,3.6492776609316278,0.10136882391476744
1628279.0,2021,Brittney Sykes,816,21,751,85,1567,106,0.025735294117647058,0.11318242343541944,0.06764518187619656,939.4,37,109,146,32,5.595060677027891,0.15541835213966362
204324.0,2021,Dearica Hamby,605,21,670,106,1275,127,0.03471074380165289,0.1582089552238806,0.0996078431372549,796.8333333333334,40,177,217,36,9.80380673499268,0.27232796486090777
1628917.0,2021,JiSu Park,179,8,219,24,398,32,0.0446927374301676,0.1095890410958904,0.08040201005025126,238.7,16,31,47,36,7.08839547549225,0.19689987431922917
1628269.0,2021,Nia Coffey,703,15,634,76,1337,91,0.021337126600284494,0.11987381703470032,0.06806282722513089,804.9333333333333,18,104,122,32,5.45635249296008,0.15156534702666888
1630099.0,2021,Te'a Cooper,596,3,555,48,1151,51,0.0050335570469798654,0.08648648648648649,0.044309296264118156,682.3666666666667,4,49,53,31,2.7961506521420545,0.07767085144839041
1630441.0,2021,Arella Guirantes,236,6,233,20,469,26,0.025423728813559324,0.08583690987124463,0.05543710021321962,290.98333333333335,6,27,33,32,4.082708058880806,0.1134085571911335
1630444.0,2021,Jasmine Walker,23,0,16,2,39,2,0.0,0.125,0.05128205128205128,19.96666666666667,0,2,2,10,3.6060100166944906,0.10016694490818029
1630435.0,2021,Destiny Slocum,109,3,132,15,241,18,0.027522935779816515,0.11363636363636363,0.07468879668049792,146.21666666666667,3,16,19,37,4.677989285307192,0.12994414681408867
1627678.0,2021,Bria Holmes,306,12,242,16,548,28,0.0392156862745098,0.06611570247933884,0.051094890510948905,317.76666666666665,20,29,49,23,5.55124305045631,0.1542011958460086
1627669.0,2021,Moriah Jefferson,450,10,413,28,863,38,0.022222222222222223,0.06779661016949153,0.0440324449594438,525.0833333333334,12,48,60,32,4.113632756705284,0.11426757657514679
1630149.0,2021,Satou Sabally,396,14,334,55,730,69,0.03535353535353535,0.16467065868263472,0.09452054794520548,445.7833333333333,29,75,104,21,8.398698919504993,0.233297192208472
1628277.0,2021,Allisha Gray,623,18,586,76,1209,94,0.028892455858747994,0.1296928327645051,0.07775020678246485,728.2166666666667,34,102,136,26,6.723273750944087,0.1867576041928913
204332.0,2021,Cierra Burdick,56,5,52,8,108,13,0.08928571428571429,0.15384615384615385,0.12037037037037036,63.93333333333334,7,13,20,24,11.261730969760167,0.31282586027111575
1628276.0,2021,Kelsey Plum,575,6,637,44,1212,50,0.010434782608695653,0.06907378335949764,0.041254125412541254,807.2166666666667,13,63,76,34,3.389424565895154,0.0941506823859765
1630386.0,2021,Awak Kuier,118,6,120,19,238,25,0.05084745762711865,0.15833333333333333,0.10504201680672269,149.6,10,32,42,31,10.106951871657754,0.2807486631016043
1628931.0,2024,Gabby Williams,295,7,296,25,591,32,0.023728813559322035,0.08445945945945946,0.05414551607445008,424.76666666666665,11,50,61,15,5.169897198461901,0.14360825551283057
1629497.0,2024,Marina Mabrey,1099,16,1036,123,2135,139,0.014558689717925387,0.11872586872586872,0.06510538641686182,1466.0666666666666,28,167,195,47,4.7883224955663675,0.1330089582101769
1630115.0,2024,Joyner Holmes,218,10,205,31,423,41,0.045871559633027525,0.15121951219512195,0.09692671394799054,232.76666666666668,14,35,49,34,7.578404697121581,0.21051124158671058
204335.0,2024,Betnijah Laney-Hamilton,709,21,768,72,1477,93,0.029619181946403384,0.09375,0.06296547054840894,1148.0833333333333,34,116,150,47,4.703491326123249,0.13065253683675693
1627668.0,2024,Breanna Stewart,1077,29,1127,175,2204,204,0.02692664809656453,0.15527950310559005,0.0925589836660617,1654.2666666666667,89,338,427,51,9.292334972193116,0.2581204158942532
203833.0,2024,Chelsea Gray,580,4,655,69,1235,73,0.006896551724137931,0.10534351145038168,0.05910931174089069,894.0833333333333,7,88,95,36,3.8251467983968688,0.10625407773324635
1631031.0,2024,Queen Egbo,33,3,32,4,65,7,0.09090909090909091,0.125,0.1076923076923077,32.31666666666666,3,8,11,24,12.253739040742651,0.3403816400206292
204319.0,2023,Jewell Loyd,1198,26,1164,100,2362,126,0.021702838063439065,0.0859106529209622,0.05334462320067739,1343.4833333333333,41,137,178,39,4.769690729323028,0.1324914091478619
1628244.0,2023,Sami Whitcomb,886,13,883,82,1769,95,0.014672686230248307,0.0928652321630804,0.053702656868287166,978.2833333333333,19,95,114,40,4.195103667989846,0.1165306574441624
1629496.0,2023,Ezi Magbegor,1151,29,1145,192,2296,221,0.02519548218940052,0.16768558951965065,0.09625435540069686,1303.8166666666666,64,258,322,40,8.890820539697554,0.24696723721382097
1641651.0,2023,Jordan Horston,719,26,716,103,1435,129,0.03616133518776078,0.14385474860335196,0.08989547038327526,806.15,47,135,182,40,8.127519692364945,0.22576443589902626
1641675.0,2023,Dulcy Fankam Mendjiadeu,423,24,426,72,849,96,0.05673758865248227,0.16901408450704225,0.11307420494699646,469.56666666666666,58,91,149,40,11.423298076240505,0.3173138354511251
1628915.0,2023,Kia Nurse,697,9,654,70,1351,79,0.01291248206599713,0.10703363914373089,0.05847520355292376,789.3166666666666,12,79,91,40,4.150425473510843,0.11528959648641231
1628920.0,2023,Mercedes Russell,623,23,615,68,1238,91,0.03691813804173355,0.11056910569105691,0.07350565428109855,705.0833333333334,39,110,149,40,7.60761139345231,0.21132253870700862
1630115.0,2023,Joyner Holmes,346,16,293,41,639,57,0.046242774566473986,0.13993174061433447,0.0892018779342723,355.48333333333335,24,60,84,40,8.5067279291106,0.23629799803085
1631141.0,2023,Jade Melbourne,279,5,252,26,531,31,0.017921146953405017,0.10317460317460317,0.0583804143126177,306.85,6,28,34,40,3.988919667590028,0.11080332409972299
203026.0,2021,Tiffany Hayes,555,9,499,45,1054,54,0.016216216216216217,0.09018036072144289,0.051233396584440226,595.1833333333333,14,53,67,24,4.0525328330206385,0.11257035647279551
203403.0,2021,Tianna Hawkins,403,11,347,54,750,65,0.02729528535980149,0.15561959654178675,0.08666666666666667,432.5,14,73,87,30,7.241618497109827,0.20115606936416186
203824.0,2021,Odyssey Sims,739,13,596,49,1335,62,0.017591339648173207,0.08221476510067115,0.04644194756554307,753.35,15,60,75,31,3.5839915046127295,0.09955531957257582
204322.0,2021,Elizabeth Williams,724,23,654,77,1378,100,0.031767955801104975,0.11773700305810397,0.07256894049346879,761.6166666666667,64,94,158,32,7.468323959997374,0.20745344333326038
1627675.0,2021,Courtney Williams,1062,22,924,137,1986,159,0.02071563088512241,0.14826839826839827,0.08006042296072508,1100.5,46,173,219,32,7.164016356201726,0.19900045433893684
204323.0,2021,Cheyenne Parker-Tyus,253,7,215,32,468,39,0.02766798418972332,0.14883720930232558,0.08333333333333333,270.06666666666666,13,45,58,18,7.731424339669218,0.21476178721303382
1628881.0,2021,Monique Billings,749,28,601,70,1350,98,0.037383177570093455,0.11647254575707154,0.0725925925925926,739.4,88,112,200,31,9.737625101433595,0.2704895861509332
1630462.0,2021,Aari McDonald,487,7,418,33,905,40,0.014373716632443531,0.07894736842105263,0.04419889502762431,493.1333333333333,9,40,49,32,3.577125861835879,0.09936460727321887
204325.0,2021,Crystal Bradford,441,14,344,47,785,61,0.031746031746031744,0.13662790697674418,0.07770700636942675,440.21666666666664,31,60,91,27,7.441790027637905,0.2067163896566085
1629491.0,2021,Jessica Shepard,199,13,196,34,395,47,0.06532663316582915,0.17346938775510204,0.1189873417721519,230.85,24,47,71,31,11.072124756335283,0.3075590210093134
203015.0,2021,Shekinna Stricklen,258,2,191,18,449,20,0.007751937984496124,0.09424083769633508,0.044543429844097995,235.88333333333333,2,20,22,32,3.3575920299583126,0.0932664452766198
203824.0,2024,Odyssey Sims,549,12,553,31,1102,43,0.02185792349726776,0.05605786618444846,0.03901996370235935,699.7833333333333,17,34,51,24,2.6236692309524376,0.07287970085978994
1631089.0,2024,Destanni Henderson,99,0,91,12,190,12,0.0,0.13186813186813187,0.06315789473684211,104.80000000000001,0,12,12,6,4.122137404580152,0.11450381679389311
1641656.0,2024,Laeticia Amihere,85,5,68,12,153,17,0.058823529411764705,0.17647058823529413,0.1111111111111111,92.68333333333334,15,17,32,39,12.42941916921417,0.34526164358928246
203398.0,2024,Brittney Griner,679,25,770,97,1449,122,0.036818851251840944,0.12597402597402596,0.0841959972394755,920.0333333333333,56,152,208,40,8.138835549436616,0.2260787652621282
1642298.0,2024,Celeste Taylor,261,4,292,18,553,22,0.01532567049808429,0.06164383561643835,0.039783001808318265,356.45,7,23,30,38,3.0298779632487025,0.0841632767569084
1627672.0,2023,Aerial Powers,165,5,152,26,317,31,0.030303030303030304,0.17105263157894737,0.09779179810725552,208.70000000000002,7,32,39,40,6.727359846669861,0.18687110685194058
1627643.0,2023,Cyesha Goree,120,5,76,5,196,10,0.041666666666666664,0.06578947368421052,0.05102040816326531,116.48333333333333,7,5,12,11,3.7086850765488624,0.10301902990413507
1628897.0,2023,Linnae Harper,68,3,57,5,125,8,0.04411764705882353,0.08771929824561403,0.064,72.63333333333333,3,6,9,15,4.460761817347407,0.12391005048187242
203827.0,2023,Natasha Howard,1156,34,1132,166,2288,200,0.029411764705882353,0.14664310954063603,0.08741258741258741,1459.15,96,259,355,45,8.758523798101635,0.2432923277250454
1629479.0,2023,Teaira McCowan,707,26,705,140,1412,166,0.036775106082036775,0.19858156028368795,0.11756373937677053,935.25,125,210,335,38,12.89494787489976,0.3581929965249933
1629481.0,2023,Arike Ogunbowale,1328,13,1294,101,2622,114,0.009789156626506024,0.07805255023183925,0.043478260869565216,1677.7833333333333,27,132,159,45,3.4116443323035357,0.09476789811954266
1630101.0,2023,Crystal Dangerfield,893,17,866,63,1759,80,0.019036954087346025,0.07274826789838337,0.04548038658328596,1030.7,30,78,108,41,3.77219365479771,0.10478315707771417
1630149.0,2023,Satou Sabally,1113,34,1102,139,2215,173,0.030548068283917342,0.12613430127041741,0.0781038374717833,1426.2166666666667,92,242,334,44,8.430696598226076,0.234186016617391
203824.0,2023,Odyssey Sims,298,6,281,23,579,29,0.020134228187919462,0.08185053380782918,0.05008635578583765,428.73333333333335,10,32,42,33,3.526667703312082,0.09796299175866895
1630386.0,2023,Awak Kuier,366,16,332,46,698,62,0.04371584699453552,0.13855421686746988,0.08882521489971347,451.09999999999997,25,76,101,42,8.060297051651519,0.22389714032365332
1631007.0,2023,Veronica Burton,488,15,472,38,960,53,0.030737704918032786,0.08050847457627118,0.05520833333333333,609.8333333333334,24,52,76,45,4.4864717135829455,0.12462421426619294
1641652.0,2023,Maddy Siegrist,286,23,256,21,542,44,0.08041958041958042,0.08203125,0.08118081180811808,338.1666666666667,38,27,65,45,6.919664859536717,0.19221291276490882
1628909.0,2024,Kelsey Mitchell,1106,19,1121,54,2227,73,0.017179023508137433,0.04817127564674398,0.0327795240233498,1357.2666666666667,30,75,105,42,2.785009086890319,0.07736136352473108
1628929.0,2024,Kristy Wallace,382,10,373,27,755,37,0.02617801047120419,0.07238605898123325,0.04900662251655629,448.51666666666665,11,37,48,41,3.8526996395525996,0.10701943443201666
1631019.0,2024,NaLyssa Smith,873,32,882,151,1755,183,0.03665521191294387,0.1712018140589569,0.10427350427350428,1002.5833333333334,74,215,289,42,10.377192253345523,0.288255340370709
1641648.0,2024,Aliyah Boston,1034,37,1081,188,2115,225,0.035783365570599614,0.17391304347826086,0.10638297872340426,1300.7,117,268,385,42,10.655800722687784,0.2959944645191051
1642286.0,2024,Caitlin Clark,1190,13,1228,187,2418,200,0.010924369747899159,0.15228013029315962,0.0827129859387924,1492.2833333333333,15,222,237,42,5.717412913097379,0.1588170253638161
1629478.0,2024,Katie Lou Samuelson,580,12,580,62,1160,74,0.020689655172413793,0.10689655172413794,0.06379310344827586,678.7166666666667,17,68,85,42,4.508508705154335,0.12523635292095375
204365.0,2024,Erica Wheeler,441,6,467,38,908,44,0.013605442176870748,0.08137044967880086,0.048458149779735685,564.6166666666667,7,46,53,42,3.3792838799185283,0.09386899666440357
1631086.0,2024,Lexie Hull,525,19,582,42,1107,61,0.03619047619047619,0.07216494845360824,0.05510388437217705,730.85,37,56,93,42,4.580967366764726,0.1272490935212424
1631006.0,2024,Kierstan Bell,34,1,40,5,74,6,0.029411764705882353,0.125,0.08108108108108109,46.56666666666666,1,5,6,36,4.6385110952040085,0.12884753042233357
202658.0,2022,Danielle Robinson,670,9,591,68,1261,77,0.013432835820895522,0.11505922165820642,0.06106264869151467,731.9333333333334,12,77,89,33,4.377447854995901,0.12159577374988613
1631086.0,2022,Lexie Hull,301,9,244,20,545,29,0.029900332225913623,0.08196721311475409,0.05321100917431193,334.26666666666665,11,29,40,35,4.30793777423215,0.11966493817311528
1628268.0,2022,Alaina Coates,69,4,54,7,123,11,0.057971014492753624,0.12962962962962962,0.08943089430894309,74.96666666666667,6,10,16,10,7.683414851044908,0.21342819030680302
1628279.0,2022,Brittney Sykes,783,15,738,79,1521,94,0.019157088122605363,0.1070460704607046,0.06180144641683103,921.35,23,94,117,33,4.5715526130135125,0.12698757258370869
1631147.0,2022,Kianna Smith,109,2,91,4,200,6,0.01834862385321101,0.04395604395604396,0.03,112.65,5,4,9,11,2.8761651131824233,0.07989347536617843
1630115.0,2022,Joyner Holmes,160,4,168,26,328,30,0.025,0.15476190476190477,0.09146341463414634,234.36666666666667,7,37,44,46,6.758640307210922,0.18774000853363673
1628279.0,2024,Brittney Sykes,356,9,354,40,710,49,0.025280898876404494,0.11299435028248588,0.06901408450704226,418.58333333333337,11,62,73,35,6.278319729245471,0.17439777025681863
1627669.0,2024,Moriah Jefferson,159,2,129,6,288,8,0.012578616352201259,0.046511627906976744,0.027777777777777776,184.43333333333334,3,6,9,38,1.7567323332730886,0.04879812036869691
201886.0,2021,DeWanna Bonner,769,10,822,162,1591,172,0.013003901170351105,0.19708029197080293,0.10810810810810811,1161.5333333333333,24,209,233,36,7.221488836595306,0.20059691212764738
201896.0,2021,Briann January,640,8,701,30,1341,38,0.0125,0.042796005706134094,0.028337061894108874,979.2666666666667,10,39,49,35,1.8013479474436653,0.05003744298454626
202662.0,2021,Jasmine Thomas,688,11,726,48,1414,59,0.015988372093023256,0.06611570247933884,0.04172560113154172,1023.8,19,67,86,34,3.024028130494237,0.0840007814026177
1627673.0,2021,Jonquel Jones,647,23,696,157,1343,180,0.03554868624420402,0.22557471264367815,0.1340282948622487,996.4666666666667,77,265,342,31,12.355656653509065,0.34321268481969625
1628280.0,2021,Brionna Jones,733,30,799,93,1532,123,0.040927694406548434,0.11639549436795996,0.08028720626631854,1082.75,108,143,251,36,8.345416762872315,0.23181713230200876
1629567.0,2021,Natisha Hiedeman,508,5,525,44,1033,49,0.00984251968503937,0.0838095238095238,0.04743465634075508,716.0666666666666,8,53,61,36,3.0667535611209384,0.08518759892002607
1630097.0,2021,Kaila Charles,405,19,412,38,817,57,0.04691358024691358,0.09223300970873786,0.06976744186046512,542.4166666666666,41,55,96,36,6.371485635274237,0.17698571209095101
1629492.0,2021,Beatrice Mompremier,221,16,218,36,439,52,0.07239819004524888,0.1651376146788991,0.11845102505694761,282.15,28,51,79,36,10.079744816586922,0.27999291157185896
1628922.0,2024,Azura Stevens,400,13,412,82,812,95,0.0325,0.19902912621359223,0.11699507389162561,493.2833333333333,20,120,140,29,10.217251748488023,0.28381254856911176
1641660.0,2024,Zia Cooke,210,3,206,14,416,17,0.014285714285714285,0.06796116504854369,0.040865384615384616,257.53333333333336,3,15,18,40,2.5161791353870044,0.06989386487186124
203838.0,2024,Astou Ndour-Fall,73,2,68,16,141,18,0.0273972602739726,0.23529411764705882,0.1276595744680851,95.3,2,16,18,47,6.7995802728226655,0.1888772298006296
1641698.0,2024,Caitlin Bickle,7,0,8,0,15,0,0.0,0.0,0.0,17.466666666666665,1,0,1,23,2.0610687022900764,0.05725190839694657
1628269.0,2022,Nia Coffey,285,7,311,69,596,76,0.02456140350877193,0.22186495176848875,0.12751677852348994,335.51666666666665,7,76,83,21,8.905667875416025,0.24737966320600072
1628881.0,2022,Monique Billings,356,19,320,71,676,90,0.05337078651685393,0.221875,0.13313609467455623,400.51666666666665,45,101,146,28,13.123049394532062,0.36452914984811285
1630435.0,2022,Destiny Slocum,40,0,29,4,69,4,0.0,0.13793103448275862,0.057971014492753624,40.949999999999996,0,4,4,3,3.516483516483517,0.0976800976800977
1630119.0,2022,Jazmine Jones,39,0,32,2,71,2,0.0,0.0625,0.028169014084507043,46.66666666666667,0,2,2,16,1.5428571428571427,0.04285714285714285
100940.0,2022,Diana Taurasi,831,7,812,89,1643,96,0.00842358604091456,0.10960591133004927,0.05842970176506391,961.7166666666667,8,98,106,36,3.967904615011351,0.11021957263920419
203400.0,2022,Skylar Diggins-Smith,874,16,874,78,1748,94,0.018306636155606407,0.08924485125858124,0.05377574370709382,1019.0166666666667,28,93,121,34,4.274709278552853,0.11874192440424593
1628890.0,2022,Diamond DeShields,648,13,639,77,1287,90,0.020061728395061727,0.12050078247261346,0.06993006993006994,813.3833333333333,18,106,124,37,5.4881872016064595,0.1524496444890683
1629482.0,2022,Sophie Cunningham,733,13,700,81,1433,94,0.017735334242837655,0.11571428571428571,0.06559665038381018,889.5333333333333,20,108,128,31,5.1802443228659225,0.1438956756351645
1629488.0,2022,Brianna Turner,1004,28,990,120,1994,148,0.027888446215139442,0.12121212121212122,0.07422266800401203,1228.15,80,181,261,37,7.650531286894923,0.21251475796930341
1629484.0,2022,Megan Gustafson,254,12,254,39,508,51,0.047244094488188976,0.15354330708661418,0.10039370078740158,365.68333333333334,21,52,73,38,7.186545736292785,0.19962627045257736
1630120.0,2022,Stephanie Jones,22,1,27,1,49,2,0.045454545454545456,0.037037037037037035,0.04081632653061224,26.583333333333336,1,1,2,6,2.7084639498432597,0.07523510971786833
203035.0,2022,Shey Peddy,827,21,842,68,1669,89,0.02539298669891173,0.08076009501187649,0.053325344517675254,999.8333333333334,46,84,130,35,4.680780130021669,0.13002167027837971
1629485.0,2022,Kristine Anigwe,52,5,49,7,101,12,0.09615384615384616,0.14285714285714285,0.1188118811881188,65.45,5,8,13,18,7.150496562261268,0.19862490450725745
1628304.0,2022,Yvonne Anderson,78,2,70,6,148,8,0.02564102564102564,0.08571428571428572,0.05405405405405406,100.76666666666667,3,6,9,14,3.215348991068475,0.08931524975190208
203389.0,2023,Yvonne Turner,182,2,158,21,340,23,0.01098901098901099,0.13291139240506328,0.06764705882352941,192.93333333333334,2,21,23,40,4.291637871458189,0.11921216309606081
1641602.0,2023,Ivana Dojkić,427,3,375,34,802,37,0.00702576112412178,0.09066666666666667,0.046134663341645885,460.7,4,36,40,28,3.1256783156066854,0.08682439765574126
1630441.0,2023,Arella Guirantes,44,1,35,4,79,5,0.022727272727272728,0.11428571428571428,0.06329113924050633,47.48333333333333,1,5,6,14,4.54896454896455,0.1263601263601264
203398.0,2021,Brittney Griner,800,26,958,158,1758,184,0.0325,0.1649269311064718,0.10466439135381114,1368.85,89,287,376,42,9.88859261423823,0.27468312817328416
203400.0,2021,Skylar Diggins-Smith,857,15,986,62,1843,77,0.01750291715285881,0.06288032454361055,0.041779706999457406,1423.8333333333333,29,112,141,43,3.5650239962542436,0.09902844434039565
1628915.0,2021,Kia Nurse,701,12,797,81,1498,93,0.017118402282453638,0.10163111668757842,0.062082777036048066,966.1666666666666,17,116,133,42,4.955666724167673,0.1376574090046576
1629482.0,2021,Sophie Cunningham,433,7,470,40,903,47,0.016166281755196306,0.0851063829787234,0.05204872646733112,663.3,11,66,77,42,4.179104477611941,0.11608623548922058
1629488.0,2021,Brianna Turner,818,30,946,153,1764,183,0.03667481662591687,0.16173361522198731,0.10374149659863946,1340.1833333333334,114,297,411,43,11.040280558630037,0.3066744599619455
1629568.0,2021,Kennedy Burke,132,6,129,9,261,15,0.045454545454545456,0.06976744186046512,0.05747126436781609,180.68333333333334,7,15,22,33,4.383359468683701,0.12175998524121391
203035.0,2021,Shey Peddy,462,16,484,40,946,56,0.03463203463203463,0.08264462809917356,0.05919661733615222,814.9333333333334,37,77,114,43,5.0359947643979055,0.13988874345549737
1630136.0,2021,Megan Walker,343,5,398,28,741,33,0.014577259475218658,0.07035175879396985,0.044534412955465584,465.31666666666666,7,36,43,43,3.3267667180056595,0.09241018661126832
201913.0,2021,Kia Vaughn,373,16,367,43,740,59,0.04289544235924933,0.11716621253405994,0.07972972972972973,582.4833333333333,27,73,100,39,6.180434347191622,0.17167873186643395
203828.0,2021,Stefanie Dolson,404,10,442,59,846,69,0.024752475247524754,0.1334841628959276,0.08156028368794327,647.9666666666667,19,94,113,36,6.278100725345953,0.17439168681516537
1628278.0,2021,Shatori Walker-Kimbrough,317,3,295,18,612,21,0.00946372239747634,0.061016949152542375,0.03431372549019608,350.05,4,20,24,18,2.468218825882017,0.06856163405227825
204320.0,2021,Amanda Zahui B,623,13,600,110,1223,123,0.02086677367576244,0.18333333333333332,0.10057236304170074,714.1833333333333,24,130,154,31,7.76271265548062,0.21563090709668387
203399.0,2021,Elena Delle Donne,48,2,55,6,103,8,0.041666666666666664,0.10909090909090909,0.07766990291262135,52.099999999999994,3,10,13,17,8.982725527831095,0.24952015355086374
1630100.0,2021,Lauren Cox,268,13,239,43,507,56,0.048507462686567165,0.1799163179916318,0.11045364891518737,305.28333333333336,16,61,77,34,9.080089534312387,0.2522247092864552
204322.0,2024,Elizabeth Williams,239,7,210,30,449,37,0.029288702928870293,0.14285714285714285,0.08240534521158129,248.98333333333335,25,38,63,34,9.109043443336233,0.2530289845371176
1628890.0,2024,Diamond DeShields,412,4,357,35,769,39,0.009708737864077669,0.09803921568627451,0.05071521456436931,440.55,7,39,46,39,3.758937691521961,0.10441493587561003
1630389.0,2024,Dana Evans,687,5,591,37,1278,42,0.00727802037845706,0.06260575296108291,0.03286384976525822,743.3166666666666,5,38,43,40,2.0825579048857596,0.05784883069127111
1642291.0,2024,Angel Reese,1019,33,922,204,1941,237,0.0323846908734053,0.22125813449023862,0.12210200927357033,1103.8,172,274,446,39,14.546113426345352,0.4040587062873709
1628263.0,2024,Lindsay Allen,863,9,825,57,1688,66,0.010428736964078795,0.06909090909090909,0.03909952606635071,950.2833333333333,13,67,80,40,3.0306750618236666,0.08418541838399074
1630150.0,2024,Chennedy Carter,818,16,756,74,1574,90,0.019559902200488997,0.09788359788359788,0.05717916137229987,858.1,22,95,117,38,4.908518820650274,0.13634774501806315
1630446.0,2024,Michaela Onyenwere,564,14,538,32,1102,46,0.024822695035460994,0.05947955390334572,0.041742286751361164,635.9,19,43,62,40,3.5099858468312632,0.09749960685642398
1629488.0,2024,Brianna Turner,233,8,204,35,437,43,0.034334763948497854,0.1715686274509804,0.09839816933638444,252.68333333333334,11,42,53,40,7.5509531033572985,0.20974869731548051
1630461.0,2024,Kiana Williams,49,0,52,2,101,2,0.0,0.038461538461538464,0.019801980198019802,45.03333333333333,0,2,2,25,1.598815692079941,0.04441154700222058
1642299.0,2024,Nika Muhl,68,6,53,2,121,8,0.08823529411764706,0.03773584905660377,0.06611570247933884,56.93333333333334,6,4,10,40,6.323185011709602,0.1756440281030445
203825.0,2024,Kayla McBride,1042,9,1140,77,2182,86,0.008637236084452975,0.06754385964912281,0.03941338221814849,1675.2166666666667,15,112,127,52,2.7291992080626386,0.07581108911285107
1627675.0,2024,Courtney Williams,889,11,972,152,1861,163,0.012373453318335208,0.15637860082304528,0.08758731864588931,1413.4333333333334,21,214,235,52,5.985425559512299,0.16626182109756385
1629501.0,2024,Alanna Smith,847,30,958,112,1805,142,0.03541912632821724,0.11691022964509394,0.07867036011080332,1375.9666666666667,77,205,282,52,7.378085709440636,0.20494682526223987
1629524.0,2024,Bridget Carleton,948,22,1059,83,2007,105,0.023206751054852322,0.07837582625118036,0.052316890881913304,1570.8166666666666,45,147,192,52,4.400258888688474,0.12222941357467984
1641657.0,2024,Dorka Juhász,459,21,460,67,919,88,0.0457516339869281,0.14565217391304347,0.0957562568008705,586.75,35,103,138,49,8.466979122283767,0.2351938645078824
1629567.0,2024,Natisha Hiedeman,487,13,516,34,1003,47,0.026694045174537988,0.06589147286821706,0.04685942173479561,779.3,15,63,78,52,3.603233671243424,0.10008982420120621
1628508.0,2024,Cecilia Zandalasini,386,5,394,39,780,44,0.012953367875647668,0.09898477157360407,0.05641025641025641,591.9333333333333,6,53,59,52,3.588241919135038,0.09967338664263994
1641649.0,2024,Diamond Miller,191,7,187,24,378,31,0.03664921465968586,0.12834224598930483,0.082010582010582,216.58333333333334,9,28,37,49,6.150057714505579,0.17083493651404386
1642293.0,2024,Alissa Pili,111,4,110,19,221,23,0.036036036036036036,0.17272727272727273,0.10407239819004525,139.71666666666667,6,21,27,52,6.956936657521174,0.19324824048669928
1631021.0,2024,Sika Kone,166,11,176,29,342,40,0.06626506024096386,0.16477272727272727,0.11695906432748537,217.25,14,41,55,40,9.113924050632912,0.25316455696202533
1630154.0,2022,Kamiah Smalls,26,0,30,5,56,5,0.0,0.16666666666666666,0.08928571428571429,33.9,0,5,5,3,5.3097345132743365,0.14749262536873156
1631032.0,2022,Lorela Cubaj,84,5,65,13,149,18,0.05952380952380952,0.2,0.12080536912751678,88.25,9,14,23,19,9.38243626062323,0.26062322946175637
1631072.0,2022,Elissa Cunane,11,1,8,2,19,3,0.09090909090909091,0.25,0.15789473684210525,9.95,2,3,5,7,18.090452261306535,0.5025125628140704
1629480.0,2023,Kalani Brown,442,24,455,65,897,89,0.05429864253393665,0.14285714285714285,0.09921962095875139,566.7333333333333,62,92,154,39,9.782378543700741,0.27173273732502057
203828.0,2023,Stefanie Dolson,223,8,262,29,485,37,0.03587443946188341,0.11068702290076336,0.07628865979381444,318.31666666666666,15,35,50,44,5.654746321796953,0.15707628671658203
1631029.0,2023,Jasmine Dickey,86,6,62,2,148,8,0.06976744186046512,0.03225806451612903,0.05405405405405406,87.46666666666667,7,4,11,15,4.527439024390244,0.12576219512195122
1629566.0,2023,Xu Han,32,3,27,3,59,6,0.09375,0.1111111111111111,0.1016949152542373,35.56666666666666,3,4,7,21,7.085285848172447,0.19681349578256796
203014.0,2023,Nneka Ogwumike,959,26,905,179,1864,205,0.027111574556830033,0.19779005524861878,0.10997854077253219,1118.9833333333333,60,256,316,40,10.166371259625553,0.28239920165626536
204324.0,2023,Dearica Hamby,833,26,824,136,1657,162,0.031212484993997598,0.1650485436893204,0.09776704888352444,989.5666666666667,51,185,236,40,8.585576178125104,0.2384882271701418
1628317.0,2023,Karlie Samuelson,730,9,706,74,1436,83,0.012328767123287671,0.1048158640226629,0.057799442896935935,888.1666666666666,11,90,101,39,4.0938262338149745,0.1137173953837493
1628886.0,2023,Jordin Canada,1045,8,980,97,2025,105,0.007655502392344498,0.09897959183673469,0.05185185185185185,1237.4333333333334,9,107,116,38,3.374727258034103,0.09374242383428064
1628922.0,2023,Azura Stevens,808,22,719,111,1527,133,0.027227722772277228,0.15438108484005564,0.0870988867059594,909.5666666666667,54,153,207,39,8.192912375856634,0.22758089932935097
203823.0,2023,Chiney Ogwumike,189,8,167,23,356,31,0.042328042328042326,0.1377245508982036,0.08707865168539326,212.16666666666669,14,29,43,27,7.296150824823251,0.20267085624509032
1631089.0,2023,Destanni Henderson,164,3,156,9,320,12,0.018292682926829267,0.057692307692307696,0.0375,199.61666666666667,3,9,12,16,2.164147950237956,0.06011522083994322
1641660.0,2023,Zia Cooke,509,10,436,23,945,33,0.019646365422396856,0.052752293577981654,0.03492063492063492,548.8166666666667,10,27,37,40,2.427039995141061,0.06741777764280725
202662.0,2023,Jasmine Thomas,377,6,331,21,708,27,0.015915119363395226,0.0634441087613293,0.038135593220338986,409.96666666666664,10,24,34,39,2.9856085860639077,0.08293357183510855
1630996.0,2023,Rae Burrell,284,12,250,19,534,31,0.04225352112676056,0.076,0.05805243445692884,321.66666666666663,13,23,36,31,4.029015544041451,0.11191709844559587
202662.0,2022,Jasmine Thomas,89,2,82,6,171,8,0.02247191011235955,0.07317073170731707,0.04678362573099415,109.16666666666667,2,9,11,38,3.6274809160305344,0.10076335877862595
100940.0,2021,Diana Taurasi,393,3,448,63,841,66,0.007633587786259542,0.140625,0.07847800237812129,759.5333333333333,5,101,106,36,5.024137628368297,0.139559378565786
1629501.0,2021,Alanna Smith,102,4,95,15,197,19,0.0392156862745098,0.15789473684210525,0.09644670050761421,143.05,10,24,34,41,8.556448794127927,0.23767913317022019
1629485.0,2023,Kristine Anigwe,76,5,63,13,139,18,0.06578947368421052,0.20634920634920634,0.12949640287769784,88.96666666666667,8,14,22,18,8.902210565754963,0.24728362682652677
1629483.0,2024,Napheesa Collier,973,33,1113,180,2086,213,0.03391572456320658,0.16172506738544473,0.10210930009587728,1646.0,104,333,437,51,9.557715674362091,0.26549210206561363
1630151.0,2024,Olivia Epoupa,95,4,82,8,177,12,0.042105263157894736,0.0975609756097561,0.06779661016949153,116.3,6,13,19,39,5.88134135855546,0.16337059329320722
204334.0,2022,Reshanda Gray,193,11,179,31,372,42,0.05699481865284974,0.17318435754189945,0.11290322580645161,253.25,17,38,55,36,7.818361303060217,0.21717670286278382
1628287.0,2022,Jennie Simms,246,9,254,30,500,39,0.036585365853658534,0.11811023622047244,0.078,352.05,14,43,57,26,5.828717511717085,0.16190881976991903
203406.0,2023,Layshia Clarendon,575,14,520,31,1095,45,0.02434782608695652,0.05961538461538462,0.0410958904109589,686.5500000000001,23,50,73,31,3.82783482630544,0.1063287451751511
1628882.0,2023,Lexie Brown,290,2,305,22,595,24,0.006896551724137931,0.07213114754098361,0.040336134453781515,363.7166666666667,2,23,25,25,2.47445355817257,0.06873482106034917
1631002.0,2023,Nia Clouden,46,0,44,2,90,2,0.0,0.045454545454545456,0.022222222222222223,53.78333333333333,0,2,2,24,1.3387046792686705,0.03718624109079641
202259.0,2023,Epiphanny Prince,58,1,57,5,115,6,0.017241379310344827,0.08771929824561403,0.05217391304347826,71.26666666666667,1,5,6,20,3.030869971936389,0.08419083255378859
1631068.0,2022,Sam Thomas,98,2,81,3,179,5,0.02040816326530612,0.037037037037037035,0.027932960893854747,131.91666666666666,2,3,5,38,1.3644977890082124,0.03790271636133923
1630120.0,2021,Stephanie Jones,95,4,81,9,176,13,0.042105263157894736,0.1111111111111111,0.07386363636363637,100.23333333333333,12,10,22,36,7.901563019620885,0.21948786165613568
1627672.0,2021,Aerial Powers,269,10,290,27,559,37,0.03717472118959108,0.09310344827586207,0.06618962432915922,340.93333333333334,14,42,56,25,5.913179507235041,0.16425498631208446
203829.0,2022,Bria Hartley,102,1,103,10,205,11,0.00980392156862745,0.0970873786407767,0.05365853658536585,123.13333333333333,1,11,12,37,3.5083919870059557,0.09745533297238766
1628263.0,2022,Lindsay Allen,113,0,107,14,220,14,0.0,0.1308411214953271,0.06363636363636363,133.58333333333334,0,14,14,9,3.7729257641921397,0.10480349344978165
1628317.0,2021,Karlie Samuelson,173,3,169,21,342,24,0.017341040462427744,0.1242603550295858,0.07017543859649122,206.15,3,23,26,24,4.540383216104778,0.1261217560029105
1631083.0,2024,Emily Engstler,415,21,375,61,790,82,0.05060240963855422,0.16266666666666665,0.10379746835443038,463.9166666666667,44,84,128,40,9.932818394108136,0.27591162205855935
1628931.0,2023,Gabby Williams,248,9,263,14,511,23,0.036290322580645164,0.053231939163498096,0.04500978473581213,285.1333333333333,14,22,36,21,4.545241992050503,0.12625672200140287
202650.0,2022,Jantel Lavender,305,13,274,48,579,61,0.04262295081967213,0.17518248175182483,0.10535405872193437,328.73333333333335,26,63,89,42,9.746501723788278,0.27073615899411885
1630993.0,2022,Anneli Maley,29,3,32,2,61,5,0.10344827586206896,0.0625,0.08196721311475409,44.483333333333334,3,4,7,5,5.6650430872986135,0.15736230798051704
1630442.0,2021,Natasha Mack,23,1,18,2,41,3,0.043478260869565216,0.1111111111111111,0.07317073170731707,18.2,1,3,4,8,7.912087912087912,0.21978021978021978
1630471.0,2022,Maya Caldwell,179,5,169,13,348,18,0.027932960893854747,0.07692307692307693,0.05172413793103448,213.61666666666667,5,17,22,9,3.7075758757899666,0.10298821877194352
1630150.0,2022,Chennedy Carter,311,7,320,35,631,42,0.022508038585209004,0.109375,0.06656101426307448,393.25,9,36,45,33,4.119516846789574,0.11443102352193261
1631056.0,2022,Amy Atwell,26,1,27,1,53,2,0.038461538461538464,0.037037037037037035,0.03773584905660377,31.55,1,1,2,12,2.282091917591125,0.06339144215530904
1628280.0,2023,Brionna Jones,360,13,358,61,718,74,0.03611111111111111,0.17039106145251395,0.10306406685236769,411.55,41,65,106,42,9.272263394484266,0.2575628720690074
1642320.0,2024,Jaylyn Sherrod,34,2,26,1,60,3,0.058823529411764705,0.038461538461538464,0.05,42.86666666666667,2,2,4,31,3.3592534992223952,0.09331259720062209
1630115.0,2021,Joyner Holmes,29,0,26,4,55,4,0.0,0.15384615384615385,0.07272727272727272,28.166666666666668,0,4,4,10,5.112426035502959,0.14201183431952663
1630096.0,2021,DiJonai Carrington,195,10,176,24,371,34,0.05128205128205128,0.13636363636363635,0.09164420485175202,222.25,15,32,47,36,7.61304836895388,0.21147356580427445
1630043.0,2023,Bernadett Határ,44,2,34,6,78,8,0.045454545454545456,0.17647058823529413,0.10256410256410256,47.36666666666667,3,6,9,22,6.840253342716396,0.19000703729767768
1641670.0,2023,Madi Williams,35,2,38,2,73,4,0.05714285714285714,0.05263157894736842,0.0547945205479452,46.45,2,3,5,5,3.8751345532830994,0.1076426264800861
1628242.0,2022,Emma Cannon,273,10,259,39,532,49,0.03663003663003663,0.15057915057915058,0.09210526315789473,334.9,22,53,75,25,8.062108091967753,0.22394744699910424
1642289.0,2024,Kamilla Cardoso,804,31,763,105,1567,136,0.03855721393034826,0.13761467889908258,0.08679004467134652,875.8,96,158,254,37,10.440739894953186,0.2900205526375885
204330.0,2024,Isabelle Harrison,519,21,474,81,993,102,0.04046242774566474,0.17088607594936708,0.1027190332326284,586.5666666666667,38,103,141,38,8.653747797920099,0.24038188327555832
1628277.0,2022,Allisha Gray,925,18,853,108,1778,126,0.01945945945945946,0.12661195779601406,0.07086614173228346,1192.9166666666667,32,138,170,38,5.130282920013971,0.14250785888927697
1631029.0,2022,Jasmine Dickey,80,6,82,4,162,10,0.075,0.04878048780487805,0.06172839506172839,95.26666666666667,6,6,12,39,4.534639608117565,0.12596221133659902
1627701.0,2024,Temi Fagbenle,335,16,350,49,685,65,0.04776119402985075,0.14,0.0948905109489051,463.25,34,81,115,39,8.936859147328656,0.248246087425796
1641658.0,2024,Grace Berger,76,3,93,10,169,13,0.039473684210526314,0.10752688172043011,0.07692307692307693,103.93333333333334,4,11,15,42,5.195638229634381,0.14432328415651058
1642301.0,2024,Marquesha Davis,57,2,68,7,125,9,0.03508771929824561,0.10294117647058823,0.072,83.46666666666667,4,8,12,51,5.175718849840256,0.14376996805111822
1641687.0,2024,Victaria Saxton,17,0,21,3,38,3,0.0,0.14285714285714285,0.07894736842105263,24.383333333333333,0,3,3,42,4.429254955570745,0.12303485987696514
1641659.0,2023,Taylor Mikesell,23,0,28,2,51,2,0.0,0.07142857142857142,0.0392156862745098,29.21666666666667,0,2,2,10,2.4643468339988592,0.06845407872219053
1630097.0,2023,Kaila Charles,41,2,34,2,75,4,0.04878048780487805,0.058823529411764705,0.05333333333333334,41.13333333333333,3,2,5,5,4.376012965964343,0.12155591572123177
203024.0,2024,Damiris Dantas,169,4,185,34,354,38,0.023668639053254437,0.1837837837837838,0.10734463276836158,242.18333333333334,4,41,45,25,6.689147340169294,0.18580964833803593
1630150.0,2021,Chennedy Carter,265,4,213,8,478,12,0.01509433962264151,0.03755868544600939,0.02510460251046025,279.9666666666667,5,9,14,15,1.8002143112275268,0.050005953089653526
1641672.0,2023,Kayana Traylor,32,1,25,0,57,1,0.03125,0.0,0.017543859649122806,34.81666666666666,1,0,1,8,1.0339875538535186,0.02872187649593107
1631046.0,2022,Hannah Sjerven,7,0,4,0,11,0,0.0,0.0,0.0,9.033333333333333,0,0,0,4,0.0,0.0
1628273.0,2022,Kaela Davis,35,3,47,5,82,8,0.08571428571428572,0.10638297872340426,0.0975609756097561,102.15,3,13,16,11,5.638766519823788,0.15663240332843856
1630454.0,2022,Charli Collier,75,4,67,3,142,7,0.05333333333333334,0.04477611940298507,0.04929577464788732,78.45,4,6,10,39,4.588910133843212,0.12746972594008923
201496.0,2023,Candace Parker,325,9,396,64,721,73,0.027692307692307693,0.16161616161616163,0.10124826629680998,425.43333333333334,16,81,97,29,8.208101543524249,0.22800282065345137
1631068.0,2023,Sam Thomas,9,0,9,1,18,1,0.0,0.1111111111111111,0.05555555555555555,10.75,0,1,1,1,3.3488372093023253,0.09302325581395349
1631062.0,2022,Khayla Pointer,46,1,53,6,99,7,0.021739130434782608,0.11320754716981132,0.0707070707070707,57.833333333333336,1,7,8,20,4.979827089337175,0.13832853025936598
1628287.0,2023,Jennie Simms,57,4,54,4,111,8,0.07017543859649122,0.07407407407407407,0.07207207207207207,70.28333333333333,4,9,13,10,6.658762153189471,0.1849656153663742
1628920.0,2022,Mercedes Russell,47,2,35,5,82,7,0.0425531914893617,0.14285714285714285,0.08536585365853659,53.75,2,7,9,36,6.027906976744186,0.16744186046511628
204355.0,2021,Blake Dietrick,132,2,138,11,270,13,0.015151515151515152,0.07971014492753623,0.04814814814814815,141.01666666666665,3,11,14,9,3.5740456210849785,0.09927904503013829
204335.0,2022,Betnijah Laney-Hamilton,207,1,242,28,449,29,0.004830917874396135,0.11570247933884298,0.0645879732739421,327.6166666666667,3,39,42,34,4.615149819402757,0.12819860609452102
1630139.0,2022,Jocelyn Willoughby,112,2,116,10,228,12,0.017857142857142856,0.08620689655172414,0.05263157894736842,135.56666666666666,2,17,19,35,5.045488074747972,0.140152446520777
1630479.0,2022,Sparkle Taylor,18,0,18,2,36,2,0.0,0.1111111111111111,0.05555555555555555,24.533333333333335,0,2,2,2,2.9347826086956523,0.08152173913043478
1630961.0,2022,Tina Krajisnik,1,0,2,0,3,0,0.0,0.0,0.0,5.333333333333333,0,0,0,4,0.0,0.0
1630461.0,2022,Kiana Williams,25,0,25,2,50,2,0.0,0.08,0.04,29.35,0,2,2,6,2.4531516183986373,0.06814310051107325
1630113.0,2023,Ruthy Hebard,149,11,131,22,280,33,0.0738255033557047,0.16793893129770993,0.11785714285714285,189.08333333333334,19,29,48,25,9.138827677390921,0.25385632437197003
1630996.0,2022,Rae Burrell,34,1,42,2,76,3,0.029411764705882353,0.047619047619047616,0.039473684210526314,43.516666666666666,1,2,3,15,2.4818077364994253,0.0689391037916507
201881.0,2021,Angel McCoughtry,1,0,0,0,1,0,0.0,,0.0,0.13333333333333333,0,0,0,14,0.0,0.0
1630461.0,2021,Kiana Williams,35,0,40,4,75,4,0.0,0.1,0.05333333333333334,35.06666666666666,0,4,4,19,4.106463878326997,0.1140684410646388
1630136.0,2022,Megan Walker,88,2,112,6,200,8,0.022727272727272728,0.05357142857142857,0.04,115.16666666666666,3,6,9,12,2.813314037626628,0.07814761215629523
1631056.0,2024,Amy Atwell,45,2,61,3,106,5,0.044444444444444446,0.04918032786885246,0.04716981132075472,60.400000000000006,3,3,6,8,3.5761589403973506,0.09933774834437085
203826.0,2021,Alyssa Thomas,39,1,33,4,72,5,0.02564102564102564,0.12121212121212122,0.06944444444444445,128.13333333333333,11,23,34,31,9.552549427679502,0.2653485952133195
204327.0,2021,Brittany Boyd-Jones,21,0,27,2,48,2,0.0,0.07407407407407407,0.041666666666666664,22.4,0,2,2,2,3.2142857142857144,0.08928571428571429
1627687.0,2021,Jillian Alleyne,7,1,8,3,15,4,0.14285714285714285,0.375,0.26666666666666666,7.800000000000001,1,3,4,8,18.46153846153846,0.5128205128205128
1641675.0,2024,Dulcy Fankam Mendjiadeu,34,3,25,2,59,5,0.08823529411764706,0.08,0.0847457627118644,36.4,4,5,9,8,8.901098901098901,0.24725274725274726
1642294.0,2024,Charisma Osborne,12,0,9,1,21,1,0.0,0.1111111111111111,0.047619047619047616,9.983333333333334,0,1,1,25,3.6060100166944906,0.10016694490818029
1642305.0,2024,Jessika Carter,5,0,4,0,9,0,0.0,0.0,0.0,4.3,0,0,0,4,0.0,0.0
1631081.0,2022,Katie Benzan,26,1,22,0,48,1,0.038461538461538464,0.0,0.020833333333333332,26.833333333333336,1,1,2,3,2.683229813664596,0.07453416149068322
1629480.0,2021,Kalani Brown,6,0,3,1,9,1,0.0,0.3333333333333333,0.1111111111111111,4.733333333333333,0,1,1,4,7.605633802816901,0.2112676056338028
1630043.0,2021,Bernadett Határ,79,4,87,10,166,14,0.05063291139240506,0.11494252873563218,0.08433734939759036,106.13333333333334,7,11,18,25,6.105527638190955,0.16959798994974873
1628949.0,2023,Khaalia Hillsman,1,0,0,0,1,0,0.0,,0.0,0.8666666666666667,0,0,0,3,0.0,0.0
1630453.0,2021,Aleah Goodman,2,0,3,0,5,0,0.0,0.0,0.0,3.2,0,0,0,2,0.0,0.0
203829.0,2021,Bria Hartley,44,1,46,2,90,3,0.022727272727272728,0.043478260869565216,0.03333333333333333,147.23333333333335,2,16,18,34,4.401177269640026,0.1222549241566674
1630110.0,2021,Haley Gorecki,3,0,7,2,10,2,0.0,0.2857142857142857,0.2,6.316666666666666,0,2,2,8,11.398416886543536,0.316622691292876
1628273.0,2024,Kaela Davis,46,1,39,2,85,3,0.021739130434782608,0.05128205128205128,0.03529411764705882,51.516666666666666,1,3,4,5,2.7952119055321902,0.07764477515367195
1629483.0,2022,Napheesa Collier,79,2,76,8,155,10,0.02531645569620253,0.10526315789473684,0.06451612903225806,90.73333333333333,2,10,12,4,4.761204996326231,0.13225569434239529
1630438.0,2024,Kysre Gondrezick,15,1,17,1,32,2,0.06666666666666667,0.058823529411764705,0.0625,16.25,1,1,2,16,4.430769230769231,0.12307692307692308
1631032.0,2023,Lorela Cubaj,12,0,20,7,32,7,0.0,0.35,0.21875,18.666666666666664,0,7,7,5,13.500000000000002,0.37500000000000006
1628242.0,2024,Emma Cannon,6,0,6,2,12,2,0.0,0.3333333333333333,0.16666666666666666,9.25,0,2,2,12,7.783783783783784,0.21621621621621623
1631073.0,2022,Raina Perez,3,0,2,0,5,0,0.0,0.0,0.0,2.3166666666666664,0,0,0,2,0.0,0.0
1628897.0,2021,Linnae Harper,6,0,4,1,10,1,0.0,0.25,0.1,5.283333333333333,0,1,1,3,6.813880126182966,0.18927444794952683
1630114.0,2021,Mikiah Herbert Harrigan,1,0,0,0,1,0,0.0,,0.0,1.2166666666666668,0,0,0,5,0.0,0.0
1642534.0,2024,Ezinne Kalu,6,0,8,1,14,1,0.0,0.125,0.07142857142857142,27.516666666666666,0,1,1,3,1.3082980012113872,0.036341611144760755
203822.0,2023,Rebekah Gardner,49,1,47,9,96,10,0.02040816326530612,0.19148936170212766,0.10416666666666667,59.35,1,10,11,31,6.672283066554339,0.18534119629317608
1641667.0,2024,Taylor Soule,1,0,2,1,3,1,0.0,0.5,0.3333333333333333,3.05,0,1,1,3,11.80327868852459,0.3278688524590164
1642300.0,2024,Dyaisha Fair,4,0,2,0,6,0,0.0,0.0,0.0,3.9333333333333336,0,0,0,4,0.0,0.0
1642309.0,2024,Jakia Brown-Turner,7,0,5,1,12,1,0.0,0.2,0.08333333333333333,7.966666666666667,0,1,1,6,4.518828451882845,0.12552301255230125
1630097.0,2022,Kaila Charles,2,0,2,0,4,0,0.0,0.0,0.0,1.9666666666666668,0,0,0,3,0.0,0.0
1628317.0,2022,Karlie Samuelson,8,0,10,3,18,3,0.0,0.3,0.16666666666666666,10.216666666666667,0,3,3,2,10.570962479608482,0.2936378466557912
