==== Sun 08/16/2026  0:00:02.28 ==== 
[gate] 2026-08-16T04:00:03.034763+00:00  fire=False  -- no unserved obligation inside its 20-minute lead window (4 upcoming game(s) examined); 4 slate game(s) have no official game_id and were served under a provisional id: ATL v IND (2026-08-16) -> PROV-2026-08-16-IND@ATL, SEA v CHI (2026-08-16) -> PROV-2026-08-16-CHI@SEA, PHX v PDX (2026-08-16) -> PROV-2026-08-16-PDX@PHX, GSV v DAL (2026-08-17) -> PROV-2026-08-17-DAL@GSV
       ATL v IND      T-24h   unserved cutoff 2026-08-15T21:00:00 (-420 min) 
       SEA v CHI      T-24h   unserved cutoff 2026-08-15T21:00:00 (-420 min) 
       PHX v PDX      T-24h   unserved cutoff 2026-08-15T23:00:00 (-300 min) 
       GSV v DAL      T-24h   unserved cutoff 2026-08-17T02:00:00 (+1320 min) 
[gate] skipping the base job
[base] skipped - no unserved obligation in its lead window 
[base] exit=0 
================================================================================================
PROSPECTIVE PAIR RUNNER  2026-08-16T04:00:03.950476+00:00  model=ridge_score_level_w2c1_v1 hash=5d295bb8b99cd34e
================================================================================================
base records in official chain: 70
  late_prevented #0 ATL v SEA @ T-8h                cutoff 2026-07-31T15:35:00+00:00 already passed at 2026-08-1
  late_prevented #1 WAS v DAL @ T-8h                cutoff 2026-07-31T15:35:00+00:00 already passed at 2026-08-1
  late_prevented #2 PDX v IND @ T-8h                cutoff 2026-07-31T18:06:00+00:00 already passed at 2026-08-1
  late_prevented #3 ATL v SEA @ T-30m               cutoff 2026-07-31T23:05:00+00:00 already passed at 2026-08-1
  late_prevented #4 WAS v DAL @ T-30m               cutoff 2026-07-31T23:05:00+00:00 already passed at 2026-08-1
  late_prevented #5 PDX v IND @ T-90m               cutoff 2026-08-01T00:36:00+00:00 already passed at 2026-08-1
  late_prevented #6 CHI v LVA @ T-90m               cutoff 2026-08-01T15:35:00+00:00 already passed at 2026-08-1
  late_prevented #7 PHX v NYL @ T-90m               cutoff 2026-08-01T17:34:00+00:00 already passed at 2026-08-1
  skip           #8 CHI v LVA @ unknown-tip         base record is an explicit no-forecast; nothing to pair
  skip           #9 PHX v NYL @ unknown-tip         base record is an explicit no-forecast; nothing to pair
  late_prevented #10 NYL v SEA @ T-8h               cutoff 2026-08-03T15:04:00+00:00 already passed at 2026-08-1
  late_prevented #11 ATL v LVA @ T-8h               cutoff 2026-08-03T15:14:00+00:00 already passed at 2026-08-1
  late_prevented #12 CHI v PHX @ T-8h               cutoff 2026-08-03T17:08:00+00:00 already passed at 2026-08-1
  already_logged #13 NYL v SEA @ T-90m              idempotent: pair exists
  already_logged #14 ATL v LVA @ T-90m              idempotent: pair exists
  already_logged #15 CHI v PHX @ T-90m              idempotent: pair exists
  already_logged #16 NYL v SEA @ T-90m              idempotent: pair exists
  already_logged #17 ATL v LVA @ T-90m              idempotent: pair exists
  already_logged #18 CHI v PHX @ T-90m              idempotent: pair exists
  late_prevented #19 NYL v SEA @ T-30m              cutoff 2026-08-03T22:34:00+00:00 already passed at 2026-08-1
  late_prevented #20 ATL v LVA @ T-30m              cutoff 2026-08-03T22:44:00+00:00 already passed at 2026-08-1
  already_logged #21 CHI v PHX @ T-90m              idempotent: pair exists
  already_logged #22 GSV v TOR @ T-8h               idempotent: pair exists
  already_logged #23 GSV v TOR @ T-90m              idempotent: pair exists
  already_logged #24 GSV v TOR @ T-30m              idempotent: pair exists
  already_logged #25 ATL v PHX @ T-8h               idempotent: pair exists
  already_logged #26 NYL v SEA @ T-8h               idempotent: pair exists
  already_logged #27 WAS v DAL @ T-8h               idempotent: pair exists
  already_logged #28 CHI v LAS @ T-8h               idempotent: pair exists
  already_logged #29 ATL v PHX @ T-90m              idempotent: pair exists
  already_logged #30 NYL v SEA @ T-90m              idempotent: pair exists
  already_logged #31 WAS v DAL @ T-90m              idempotent: pair exists
  already_logged #32 CHI v LAS @ T-90m              idempotent: pair exists
  late_prevented #33 ATL v PHX @ T-30m              cutoff 2026-08-05T22:33:00+00:00 already passed at 2026-08-1
  late_prevented #34 NYL v SEA @ T-30m              cutoff 2026-08-05T22:38:00+00:00 already passed at 2026-08-1
  already_logged #35 WAS v DAL @ T-30m              idempotent: pair exists
  already_logged #36 CHI v LAS @ T-90m              idempotent: pair exists
  already_logged #37 IND v LVA @ T-8h               idempotent: pair exists
  already_logged #38 MIN v LAS @ T-8h               idempotent: pair exists
  already_logged #39 PDX v TOR @ T-8h               idempotent: pair exists
  already_logged #40 IND v LVA @ T-90m              idempotent: pair exists
  already_logged #41 MIN v LAS @ T-90m              idempotent: pair exists
  already_logged #42 PDX v TOR @ T-90m              idempotent: pair exists
  late_prevented #43 IND v LVA @ T-30m              cutoff 2026-08-06T22:36:00+00:00 already passed at 2026-08-1
  already_logged #44 PDX v TOR @ T-30m              idempotent: pair exists
  already_logged #45 CON v PHX @ T-8h               idempotent: pair exists
  already_logged #46 WAS v ATL @ T-8h               idempotent: pair exists
  already_logged #47 DAL v GSV @ T-8h               idempotent: pair exists
  already_logged #48 CON v PHX @ T-90m              idempotent: pair exists
  already_logged #49 WAS v ATL @ T-90m              idempotent: pair exists
  already_logged #50 DAL v GSV @ T-90m              idempotent: pair exists
  already_logged #51 CON v PHX @ T-30m              idempotent: pair exists
  already_logged #52 WAS v ATL @ T-30m              idempotent: pair exists
  already_logged #53 DAL v GSV @ T-30m              idempotent: pair exists
  already_logged #54 MIN v LVA @ T-8h               idempotent: pair exists
  already_logged #55 CHI v IND @ T-8h               idempotent: pair exists
  already_logged #56 PDX v SEA @ T-8h               idempotent: pair exists
  already_logged #57 MIN v LVA @ T-90m              idempotent: pair exists
  late_prevented #58 CHI v IND @ T-8h               cutoff 2026-08-08T11:35:00+00:00 already passed at 2026-08-1
  already_logged #59 PDX v SEA @ T-8h               idempotent: pair exists
  already_logged #60 PDX v SEA @ T-90m              idempotent: pair exists
  skip           #61 CHI v IND @ unknown-tip        base record is an explicit no-forecast; nothing to pair
  skip           #62 MIN v LVA @ unknown-tip        base record is an explicit no-forecast; nothing to pair
  already_logged #63 PDX v SEA @ T-30m              idempotent: pair exists
  already_logged #64 WAS v LAS @ T-90m              idempotent: pair exists
  already_logged #65 LVA v MIN @ T-90m              idempotent: pair exists
  already_logged #66 WAS v LAS @ T-30m              idempotent: pair exists
  late_prevented #67 LVA v MIN @ T-90m              cutoff 2026-08-15T22:35:00+00:00 already passed at 2026-08-1
  skip           #68 CON v NYL @ unknown-tip        base record is an explicit no-forecast; nothing to pair
  late_prevented #69 LVA v MIN @ T-30m              cutoff 2026-08-15T23:35:00+00:00 already passed at 2026-08-1

  already_logged=46, late_prevented=19, skip=5
  arm chain: ok=True n=41 tip=2d92d878aeb91d29
  receipt appended to prospective_pair_runs.jsonl
[arm] exit=0 
====================================================================================================
FORECAST COVERAGE AUDIT   generated 2026-08-16T04:00:05.002188+00:00
====================================================================================================

CUMULATIVE by classification
  missing_job_did_not_run      62
  forecast_logged              52
  before_period_start          15
  not_yet_due                  13
  missing_data_unavailable     9
  late_record                  5

  obligations 156 | due 128 | served 52 | coverage 40.6%
  operational misses 62 | unexplained 0
  PROMOTION-GRADE: NO   (needs >= 95% served, <= 0 operational misses, all explained)

DAILY
  date         oblig  served     due     excl    opmiss arm_recs
  2026-07-30      12       0       0       12         0        0
  2026-07-31      12       6       9        3         0        0
  2026-08-01       8       2       8        0         6        0
  2026-08-02      16       0      16        0        16        0
  2026-08-03      12       6      12        0         3        3
  2026-08-04       4       3       4        0         1        3
  2026-08-05      16       9      16        0         4        9
  2026-08-06      12       7      12        0         3        7
  2026-08-07      12       9      12        0         3        9
  2026-08-08      12       6      12        0         3        4
  2026-08-09      16       0      16        0        16        0
  2026-08-15       8       4       8        0         4        1
  2026-08-16      12       0       3        9         3        0
  2026-08-17       4       0       0        4         0        0

EVERY MISSING OR IRREGULAR OBLIGATION (each must carry an explanation)
  2026-07-31 ATL v SEA T-90m   missing_data_unavailable   job served 1 other game(s) on 2026-07-31 at T-90m
  2026-07-31 WAS v DAL T-90m   missing_data_unavailable   job served 1 other game(s) on 2026-07-31 at T-90m
  2026-07-31 PDX v IND T-30m   missing_data_unavailable   job served 2 other game(s) on 2026-07-31 at T-30m
  2026-08-01 CHI v LVA T-24h   missing_job_did_not_run    no base record for ANY game on 2026-08-01 at T-24h
  2026-08-01 CHI v LVA T-8h    missing_job_did_not_run    no base record for ANY game on 2026-08-01 at T-8h
  2026-08-01 CHI v LVA T-30m   missing_job_did_not_run    no base record for ANY game on 2026-08-01 at T-30m
  2026-08-01 PHX v NYL T-24h   missing_job_did_not_run    no base record for ANY game on 2026-08-01 at T-24h
  2026-08-01 PHX v NYL T-8h    missing_job_did_not_run    no base record for ANY game on 2026-08-01 at T-8h
  2026-08-01 PHX v NYL T-30m   missing_job_did_not_run    no base record for ANY game on 2026-08-01 at T-30m
  2026-08-02 DAL v CON T-24h   missing_job_did_not_run    no base record for ANY game on 2026-08-02 at T-24h
  2026-08-02 DAL v CON T-8h    missing_job_did_not_run    no base record for ANY game on 2026-08-02 at T-8h
  2026-08-02 DAL v CON T-90m   missing_job_did_not_run    no base record for ANY game on 2026-08-02 at T-90m
  2026-08-02 DAL v CON T-30m   missing_job_did_not_run    no base record for ANY game on 2026-08-02 at T-30m
  2026-08-02 GSV v TOR T-24h   missing_job_did_not_run    no base record for ANY game on 2026-08-02 at T-24h
  2026-08-02 GSV v TOR T-8h    missing_job_did_not_run    no base record for ANY game on 2026-08-02 at T-8h
  2026-08-02 GSV v TOR T-90m   missing_job_did_not_run    no base record for ANY game on 2026-08-02 at T-90m
  2026-08-02 GSV v TOR T-30m   missing_job_did_not_run    no base record for ANY game on 2026-08-02 at T-30m
  2026-08-02 MIN v IND T-24h   missing_job_did_not_run    no base record for ANY game on 2026-08-02 at T-24h
  2026-08-02 MIN v IND T-8h    missing_job_did_not_run    no base record for ANY game on 2026-08-02 at T-8h
  2026-08-02 MIN v IND T-90m   missing_job_did_not_run    no base record for ANY game on 2026-08-02 at T-90m
  2026-08-02 MIN v IND T-30m   missing_job_did_not_run    no base record for ANY game on 2026-08-02 at T-30m
  2026-08-02 PDX v LAS T-24h   missing_job_did_not_run    no base record for ANY game on 2026-08-02 at T-24h
  2026-08-02 PDX v LAS T-8h    missing_job_did_not_run    no base record for ANY game on 2026-08-02 at T-8h
  2026-08-02 PDX v LAS T-90m   missing_job_did_not_run    no base record for ANY game on 2026-08-02 at T-90m
  2026-08-02 PDX v LAS T-30m   missing_job_did_not_run    no base record for ANY game on 2026-08-02 at T-30m
  2026-08-03 NYL v SEA T-24h   missing_job_did_not_run    no base record for ANY game on 2026-08-03 at T-24h
  2026-08-03 NYL v SEA T-30m   late_record                created 2026-08-03T22:45:08.958486+00:00 after cutoff
  2026-08-03 ATL v LVA T-24h   missing_job_did_not_run    no base record for ANY game on 2026-08-03 at T-24h
  2026-08-03 ATL v LVA T-30m   late_record                created 2026-08-03T22:45:08.976775+00:00 after cutoff
  2026-08-03 CHI v PHX T-24h   missing_job_did_not_run    no base record for ANY game on 2026-08-03 at T-24h
  2026-08-03 CHI v PHX T-30m   missing_data_unavailable   job served 2 other game(s) on 2026-08-03 at T-30m
  2026-08-04 GSV v TOR T-24h   missing_job_did_not_run    no base record for ANY game on 2026-08-04 at T-24h
  2026-08-05 WAS v DAL T-24h   missing_job_did_not_run    no base record for ANY game on 2026-08-05 at T-24h
  2026-08-05 NYL v SEA T-24h   missing_job_did_not_run    no base record for ANY game on 2026-08-05 at T-24h
  2026-08-05 NYL v SEA T-30m   late_record                created 2026-08-05T22:45:07.299457+00:00 after cutoff
  2026-08-05 ATL v PHX T-24h   missing_job_did_not_run    no base record for ANY game on 2026-08-05 at T-24h
  2026-08-05 ATL v PHX T-30m   late_record                created 2026-08-05T22:45:07.274521+00:00 after cutoff
  2026-08-05 CHI v LAS T-24h   missing_job_did_not_run    no base record for ANY game on 2026-08-05 at T-24h
  2026-08-05 CHI v LAS T-30m   missing_data_unavailable   job served 3 other game(s) on 2026-08-05 at T-30m
  2026-08-06 IND v LVA T-24h   missing_job_did_not_run    no base record for ANY game on 2026-08-06 at T-24h
  2026-08-06 IND v LVA T-30m   late_record                created 2026-08-06T22:45:09.382682+00:00 after cutoff
  2026-08-06 PDX v TOR T-24h   missing_job_did_not_run    no base record for ANY game on 2026-08-06 at T-24h
  2026-08-06 MIN v LAS T-24h   missing_job_did_not_run    no base record for ANY game on 2026-08-06 at T-24h
  2026-08-06 MIN v LAS T-30m   missing_data_unavailable   job served 2 other game(s) on 2026-08-06 at T-30m
  2026-08-07 WAS v ATL T-24h   missing_job_did_not_run    no base record for ANY game on 2026-08-07 at T-24h
  2026-08-07 CON v PHX T-24h   missing_job_did_not_run    no base record for ANY game on 2026-08-07 at T-24h
  2026-08-07 DAL v GSV T-24h   missing_job_did_not_run    no base record for ANY game on 2026-08-07 at T-24h
  2026-08-08 CHI v IND T-24h   missing_job_did_not_run    no base record for ANY game on 2026-08-08 at T-24h
  2026-08-08 CHI v IND T-90m   missing_data_unavailable   job served 2 other game(s) on 2026-08-08 at T-90m
  2026-08-08 CHI v IND T-30m   missing_data_unavailable   job served 1 other game(s) on 2026-08-08 at T-30m
  2026-08-08 MIN v LVA T-24h   missing_job_did_not_run    no base record for ANY game on 2026-08-08 at T-24h
  2026-08-08 MIN v LVA T-30m   missing_data_unavailable   job served 1 other game(s) on 2026-08-08 at T-30m
  2026-08-08 PDX v SEA T-24h   missing_job_did_not_run    no base record for ANY game on 2026-08-08 at T-24h
  2026-08-09 WAS v PHX T-24h   missing_job_did_not_run    no base record for ANY game on 2026-08-09 at T-24h
  2026-08-09 WAS v PHX T-8h    missing_job_did_not_run    no base record for ANY game on 2026-08-09 at T-8h
  2026-08-09 WAS v PHX T-90m   missing_job_did_not_run    no base record for ANY game on 2026-08-09 at T-90m
  2026-08-09 WAS v PHX T-30m   missing_job_did_not_run    no base record for ANY game on 2026-08-09 at T-30m
  2026-08-09 LAS v GSV T-24h   missing_job_did_not_run    no base record for ANY game on 2026-08-09 at T-24h
  2026-08-09 LAS v GSV T-8h    missing_job_did_not_run    no base record for ANY game on 2026-08-09 at T-8h
  2026-08-09 LAS v GSV T-90m   missing_job_did_not_run    no base record for ANY game on 2026-08-09 at T-90m
  2026-08-09 LAS v GSV T-30m   missing_job_did_not_run    no base record for ANY game on 2026-08-09 at T-30m
  2026-08-09 NYL v LVA T-24h   missing_job_did_not_run    no base record for ANY game on 2026-08-09 at T-24h
  2026-08-09 NYL v LVA T-8h    missing_job_did_not_run    no base record for ANY game on 2026-08-09 at T-8h
  2026-08-09 NYL v LVA T-90m   missing_job_did_not_run    no base record for ANY game on 2026-08-09 at T-90m
  2026-08-09 NYL v LVA T-30m   missing_job_did_not_run    no base record for ANY game on 2026-08-09 at T-30m
  2026-08-09 MIN v DAL T-24h   missing_job_did_not_run    no base record for ANY game on 2026-08-09 at T-24h
  2026-08-09 MIN v DAL T-8h    missing_job_did_not_run    no base record for ANY game on 2026-08-09 at T-8h
  2026-08-09 MIN v DAL T-90m   missing_job_did_not_run    no base record for ANY game on 2026-08-09 at T-90m
  2026-08-09 MIN v DAL T-30m   missing_job_did_not_run    no base record for ANY game on 2026-08-09 at T-30m
  2026-08-15 WAS v LAS T-24h   missing_job_did_not_run    no base record for ANY game on 2026-08-15 at T-24h
  2026-08-15 WAS v LAS T-8h    missing_job_did_not_run    no base record for ANY game on 2026-08-15 at T-8h
  2026-08-15 LVA v MIN T-24h   missing_job_did_not_run    no base record for ANY game on 2026-08-15 at T-24h
  2026-08-15 LVA v MIN T-8h    missing_job_did_not_run    no base record for ANY game on 2026-08-15 at T-8h
  2026-08-16 ATL v IND T-24h   missing_job_did_not_run    no base record for ANY game on 2026-08-16 at T-24h
  2026-08-16 SEA v CHI T-24h   missing_job_did_not_run    no base record for ANY game on 2026-08-16 at T-24h
  2026-08-16 PHX v PDX T-24h   missing_job_did_not_run    no base record for ANY game on 2026-08-16 at T-24h

wrote forecasts/coverage_audit.csv and forecasts/coverage_receipt.json
[audit] exit=0 
==== Sun 08/16/2026  0:15:19.55 ==== 
[gate] 2026-08-16T04:15:26.290699+00:00  fire=False  -- no unserved obligation inside its 20-minute lead window (4 upcoming game(s) examined); 4 slate game(s) have no official game_id and were served under a provisional id: ATL v IND (2026-08-16) -> PROV-2026-08-16-IND@ATL, SEA v CHI (2026-08-16) -> PROV-2026-08-16-CHI@SEA, PHX v PDX (2026-08-16) -> PROV-2026-08-16-PDX@PHX, GSV v DAL (2026-08-17) -> PROV-2026-08-17-DAL@GSV
       ATL v IND      T-24h   unserved cutoff 2026-08-15T21:00:00 (-435 min) 
       SEA v CHI      T-24h   unserved cutoff 2026-08-15T21:00:00 (-435 min) 
       PHX v PDX      T-24h   unserved cutoff 2026-08-15T23:00:00 (-315 min) 
       GSV v DAL      T-24h   unserved cutoff 2026-08-17T02:00:00 (+1305 min) 
[gate] skipping the base job
[base] skipped - no unserved obligation in its lead window 
[base] exit=0 
================================================================================================
PROSPECTIVE PAIR RUNNER  2026-08-16T04:15:28.211921+00:00  model=ridge_score_level_w2c1_v1 hash=5d295bb8b99cd34e
================================================================================================
base records in official chain: 70
  late_prevented #0 ATL v SEA @ T-8h                cutoff 2026-07-31T15:35:00+00:00 already passed at 2026-08-1
  late_prevented #1 WAS v DAL @ T-8h                cutoff 2026-07-31T15:35:00+00:00 already passed at 2026-08-1
  late_prevented #2 PDX v IND @ T-8h                cutoff 2026-07-31T18:06:00+00:00 already passed at 2026-08-1
  late_prevented #3 ATL v SEA @ T-30m               cutoff 2026-07-31T23:05:00+00:00 already passed at 2026-08-1
  late_prevented #4 WAS v DAL @ T-30m               cutoff 2026-07-31T23:05:00+00:00 already passed at 2026-08-1
  late_prevented #5 PDX v IND @ T-90m               cutoff 2026-08-01T00:36:00+00:00 already passed at 2026-08-1
  late_prevented #6 CHI v LVA @ T-90m               cutoff 2026-08-01T15:35:00+00:00 already passed at 2026-08-1
  late_prevented #7 PHX v NYL @ T-90m               cutoff 2026-08-01T17:34:00+00:00 already passed at 2026-08-1
  skip           #8 CHI v LVA @ unknown-tip         base record is an explicit no-forecast; nothing to pair
  skip           #9 PHX v NYL @ unknown-tip         base record is an explicit no-forecast; nothing to pair
  late_prevented #10 NYL v SEA @ T-8h               cutoff 2026-08-03T15:04:00+00:00 already passed at 2026-08-1
  late_prevented #11 ATL v LVA @ T-8h               cutoff 2026-08-03T15:14:00+00:00 already passed at 2026-08-1
  late_prevented #12 CHI v PHX @ T-8h               cutoff 2026-08-03T17:08:00+00:00 already passed at 2026-08-1
  already_logged #13 NYL v SEA @ T-90m              idempotent: pair exists
  already_logged #14 ATL v LVA @ T-90m              idempotent: pair exists
  already_logged #15 CHI v PHX @ T-90m              idempotent: pair exists
  already_logged #16 NYL v SEA @ T-90m              idempotent: pair exists
  already_logged #17 ATL v LVA @ T-90m              idempotent: pair exists
  already_logged #18 CHI v PHX @ T-90m              idempotent: pair exists
  late_prevented #19 NYL v SEA @ T-30m              cutoff 2026-08-03T22:34:00+00:00 already passed at 2026-08-1
  late_prevented #20 ATL v LVA @ T-30m              cutoff 2026-08-03T22:44:00+00:00 already passed at 2026-08-1
  already_logged #21 CHI v PHX @ T-90m              idempotent: pair exists
  already_logged #22 GSV v TOR @ T-8h               idempotent: pair exists
  already_logged #23 GSV v TOR @ T-90m              idempotent: pair exists
  already_logged #24 GSV v TOR @ T-30m              idempotent: pair exists
  already_logged #25 ATL v PHX @ T-8h               idempotent: pair exists
  already_logged #26 NYL v SEA @ T-8h               idempotent: pair exists
  already_logged #27 WAS v DAL @ T-8h               idempotent: pair exists
  already_logged #28 CHI v LAS @ T-8h               idempotent: pair exists
  already_logged #29 ATL v PHX @ T-90m              idempotent: pair exists
  already_logged #30 NYL v SEA @ T-90m              idempotent: pair exists
  already_logged #31 WAS v DAL @ T-90m              idempotent: pair exists
  already_logged #32 CHI v LAS @ T-90m              idempotent: pair exists
  late_prevented #33 ATL v PHX @ T-30m              cutoff 2026-08-05T22:33:00+00:00 already passed at 2026-08-1
  late_prevented #34 NYL v SEA @ T-30m              cutoff 2026-08-05T22:38:00+00:00 already passed at 2026-08-1
  already_logged #35 WAS v DAL @ T-30m              idempotent: pair exists
  already_logged #36 CHI v LAS @ T-90m              idempotent: pair exists
  already_logged #37 IND v LVA @ T-8h               idempotent: pair exists
  already_logged #38 MIN v LAS @ T-8h               idempotent: pair exists
  already_logged #39 PDX v TOR @ T-8h               idempotent: pair exists
  already_logged #40 IND v LVA @ T-90m              idempotent: pair exists
  already_logged #41 MIN v LAS @ T-90m              idempotent: pair exists
  already_logged #42 PDX v TOR @ T-90m              idempotent: pair exists
  late_prevented #43 IND v LVA @ T-30m              cutoff 2026-08-06T22:36:00+00:00 already passed at 2026-08-1
  already_logged #44 PDX v TOR @ T-30m              idempotent: pair exists
  already_logged #45 CON v PHX @ T-8h               idempotent: pair exists
  already_logged #46 WAS v ATL @ T-8h               idempotent: pair exists
  already_logged #47 DAL v GSV @ T-8h               idempotent: pair exists
  already_logged #48 CON v PHX @ T-90m              idempotent: pair exists
  already_logged #49 WAS v ATL @ T-90m              idempotent: pair exists
  already_logged #50 DAL v GSV @ T-90m              idempotent: pair exists
  already_logged #51 CON v PHX @ T-30m              idempotent: pair exists
  already_logged #52 WAS v ATL @ T-30m              idempotent: pair exists
  already_logged #53 DAL v GSV @ T-30m              idempotent: pair exists
  already_logged #54 MIN v LVA @ T-8h               idempotent: pair exists
  already_logged #55 CHI v IND @ T-8h               idempotent: pair exists
  already_logged #56 PDX v SEA @ T-8h               idempotent: pair exists
  already_logged #57 MIN v LVA @ T-90m              idempotent: pair exists
  late_prevented #58 CHI v IND @ T-8h               cutoff 2026-08-08T11:35:00+00:00 already passed at 2026-08-1
  already_logged #59 PDX v SEA @ T-8h               idempotent: pair exists
  already_logged #60 PDX v SEA @ T-90m              idempotent: pair exists
  skip           #61 CHI v IND @ unknown-tip        base record is an explicit no-forecast; nothing to pair
  skip           #62 MIN v LVA @ unknown-tip        base record is an explicit no-forecast; nothing to pair
  already_logged #63 PDX v SEA @ T-30m              idempotent: pair exists
  already_logged #64 WAS v LAS @ T-90m              idempotent: pair exists
  already_logged #65 LVA v MIN @ T-90m              idempotent: pair exists
  already_logged #66 WAS v LAS @ T-30m              idempotent: pair exists
  late_prevented #67 LVA v MIN @ T-90m              cutoff 2026-08-15T22:35:00+00:00 already passed at 2026-08-1
  skip           #68 CON v NYL @ unknown-tip        base record is an explicit no-forecast; nothing to pair
  late_prevented #69 LVA v MIN @ T-30m              cutoff 2026-08-15T23:35:00+00:00 already passed at 2026-08-1

  already_logged=46, late_prevented=19, skip=5
  arm chain: ok=True n=41 tip=2d92d878aeb91d29
  receipt appended to prospective_pair_runs.jsonl
[arm] exit=0 
====================================================================================================
FORECAST COVERAGE AUDIT   generated 2026-08-16T04:15:30.583996+00:00
====================================================================================================

CUMULATIVE by classification
  missing_job_did_not_run      62
  forecast_logged              52
  before_period_start          15
  not_yet_due                  13
  missing_data_unavailable     9
  late_record                  5

  obligations 156 | due 128 | served 52 | coverage 40.6%
  operational misses 62 | unexplained 0
  PROMOTION-GRADE: NO   (needs >= 95% served, <= 0 operational misses, all explained)

DAILY
  date         oblig  served     due     excl    opmiss arm_recs
  2026-07-30      12       0       0       12         0        0
  2026-07-31      12       6       9        3         0        0
  2026-08-01       8       2       8        0         6        0
  2026-08-02      16       0      16        0        16        0
  2026-08-03      12       6      12        0         3        3
  2026-08-04       4       3       4        0         1        3
  2026-08-05      16       9      16        0         4        9
  2026-08-06      12       7      12        0         3        7
  2026-08-07      12       9      12        0         3        9
  2026-08-08      12       6      12        0         3        4
  2026-08-09      16       0      16        0        16        0
  2026-08-15       8       4       8        0         4        1
  2026-08-16      12       0       3        9         3        0
  2026-08-17       4       0       0        4         0        0

EVERY MISSING OR IRREGULAR OBLIGATION (each must carry an explanation)
  2026-07-31 ATL v SEA T-90m   missing_data_unavailable   job served 1 other game(s) on 2026-07-31 at T-90m
  2026-07-31 WAS v DAL T-90m   missing_data_unavailable   job served 1 other game(s) on 2026-07-31 at T-90m
  2026-07-31 PDX v IND T-30m   missing_data_unavailable   job served 2 other game(s) on 2026-07-31 at T-30m
  2026-08-01 CHI v LVA T-24h   missing_job_did_not_run    no base record for ANY game on 2026-08-01 at T-24h
  2026-08-01 CHI v LVA T-8h    missing_job_did_not_run    no base record for ANY game on 2026-08-01 at T-8h
  2026-08-01 CHI v LVA T-30m   missing_job_did_not_run    no base record for ANY game on 2026-08-01 at T-30m
  2026-08-01 PHX v NYL T-24h   missing_job_did_not_run    no base record for ANY game on 2026-08-01 at T-24h
  2026-08-01 PHX v NYL T-8h    missing_job_did_not_run    no base record for ANY game on 2026-08-01 at T-8h
  2026-08-01 PHX v NYL T-30m   missing_job_did_not_run    no base record for ANY game on 2026-08-01 at T-30m
  2026-08-02 DAL v CON T-24h   missing_job_did_not_run    no base record for ANY game on 2026-08-02 at T-24h
  2026-08-02 DAL v CON T-8h    missing_job_did_not_run    no base record for ANY game on 2026-08-02 at T-8h
  2026-08-02 DAL v CON T-90m   missing_job_did_not_run    no base record for ANY game on 2026-08-02 at T-90m
  2026-08-02 DAL v CON T-30m   missing_job_did_not_run    no base record for ANY game on 2026-08-02 at T-30m
  2026-08-02 GSV v TOR T-24h   missing_job_did_not_run    no base record for ANY game on 2026-08-02 at T-24h
  2026-08-02 GSV v TOR T-8h    missing_job_did_not_run    no base record for ANY game on 2026-08-02 at T-8h
  2026-08-02 GSV v TOR T-90m   missing_job_did_not_run    no base record for ANY game on 2026-08-02 at T-90m
  2026-08-02 GSV v TOR T-30m   missing_job_did_not_run    no base record for ANY game on 2026-08-02 at T-30m
  2026-08-02 MIN v IND T-24h   missing_job_did_not_run    no base record for ANY game on 2026-08-02 at T-24h
  2026-08-02 MIN v IND T-8h    missing_job_did_not_run    no base record for ANY game on 2026-08-02 at T-8h
  2026-08-02 MIN v IND T-90m   missing_job_did_not_run    no base record for ANY game on 2026-08-02 at T-90m
  2026-08-02 MIN v IND T-30m   missing_job_did_not_run    no base record for ANY game on 2026-08-02 at T-30m
  2026-08-02 PDX v LAS T-24h   missing_job_did_not_run    no base record for ANY game on 2026-08-02 at T-24h
  2026-08-02 PDX v LAS T-8h    missing_job_did_not_run    no base record for ANY game on 2026-08-02 at T-8h
  2026-08-02 PDX v LAS T-90m   missing_job_did_not_run    no base record for ANY game on 2026-08-02 at T-90m
  2026-08-02 PDX v LAS T-30m   missing_job_did_not_run    no base record for ANY game on 2026-08-02 at T-30m
  2026-08-03 NYL v SEA T-24h   missing_job_did_not_run    no base record for ANY game on 2026-08-03 at T-24h
  2026-08-03 NYL v SEA T-30m   late_record                created 2026-08-03T22:45:08.958486+00:00 after cutoff
  2026-08-03 ATL v LVA T-24h   missing_job_did_not_run    no base record for ANY game on 2026-08-03 at T-24h
  2026-08-03 ATL v LVA T-30m   late_record                created 2026-08-03T22:45:08.976775+00:00 after cutoff
  2026-08-03 CHI v PHX T-24h   missing_job_did_not_run    no base record for ANY game on 2026-08-03 at T-24h
  2026-08-03 CHI v PHX T-30m   missing_data_unavailable   job served 2 other game(s) on 2026-08-03 at T-30m
  2026-08-04 GSV v TOR T-24h   missing_job_did_not_run    no base record for ANY game on 2026-08-04 at T-24h
  2026-08-05 WAS v DAL T-24h   missing_job_did_not_run    no base record for ANY game on 2026-08-05 at T-24h
  2026-08-05 NYL v SEA T-24h   missing_job_did_not_run    no base record for ANY game on 2026-08-05 at T-24h
  2026-08-05 NYL v SEA T-30m   late_record                created 2026-08-05T22:45:07.299457+00:00 after cutoff
  2026-08-05 ATL v PHX T-24h   missing_job_did_not_run    no base record for ANY game on 2026-08-05 at T-24h
  2026-08-05 ATL v PHX T-30m   late_record                created 2026-08-05T22:45:07.274521+00:00 after cutoff
  2026-08-05 CHI v LAS T-24h   missing_job_did_not_run    no base record for ANY game on 2026-08-05 at T-24h
  2026-08-05 CHI v LAS T-30m   missing_data_unavailable   job served 3 other game(s) on 2026-08-05 at T-30m
  2026-08-06 IND v LVA T-24h   missing_job_did_not_run    no base record for ANY game on 2026-08-06 at T-24h
  2026-08-06 IND v LVA T-30m   late_record                created 2026-08-06T22:45:09.382682+00:00 after cutoff
  2026-08-06 PDX v TOR T-24h   missing_job_did_not_run    no base record for ANY game on 2026-08-06 at T-24h
  2026-08-06 MIN v LAS T-24h   missing_job_did_not_run    no base record for ANY game on 2026-08-06 at T-24h
  2026-08-06 MIN v LAS T-30m   missing_data_unavailable   job served 2 other game(s) on 2026-08-06 at T-30m
  2026-08-07 WAS v ATL T-24h   missing_job_did_not_run    no base record for ANY game on 2026-08-07 at T-24h
  2026-08-07 CON v PHX T-24h   missing_job_did_not_run    no base record for ANY game on 2026-08-07 at T-24h
  2026-08-07 DAL v GSV T-24h   missing_job_did_not_run    no base record for ANY game on 2026-08-07 at T-24h
  2026-08-08 CHI v IND T-24h   missing_job_did_not_run    no base record for ANY game on 2026-08-08 at T-24h
  2026-08-08 CHI v IND T-90m   missing_data_unavailable   job served 2 other game(s) on 2026-08-08 at T-90m
  2026-08-08 CHI v IND T-30m   missing_data_unavailable   job served 1 other game(s) on 2026-08-08 at T-30m
  2026-08-08 MIN v LVA T-24h   missing_job_did_not_run    no base record for ANY game on 2026-08-08 at T-24h
  2026-08-08 MIN v LVA T-30m   missing_data_unavailable   job served 1 other game(s) on 2026-08-08 at T-30m
  2026-08-08 PDX v SEA T-24h   missing_job_did_not_run    no base record for ANY game on 2026-08-08 at T-24h
  2026-08-09 WAS v PHX T-24h   missing_job_did_not_run    no base record for ANY game on 2026-08-09 at T-24h
  2026-08-09 WAS v PHX T-8h    missing_job_did_not_run    no base record for ANY game on 2026-08-09 at T-8h
  2026-08-09 WAS v PHX T-90m   missing_job_did_not_run    no base record for ANY game on 2026-08-09 at T-90m
  2026-08-09 WAS v PHX T-30m   missing_job_did_not_run    no base record for ANY game on 2026-08-09 at T-30m
  2026-08-09 LAS v GSV T-24h   missing_job_did_not_run    no base record for ANY game on 2026-08-09 at T-24h
  2026-08-09 LAS v GSV T-8h    missing_job_did_not_run    no base record for ANY game on 2026-08-09 at T-8h
  2026-08-09 LAS v GSV T-90m   missing_job_did_not_run    no base record for ANY game on 2026-08-09 at T-90m
  2026-08-09 LAS v GSV T-30m   missing_job_did_not_run    no base record for ANY game on 2026-08-09 at T-30m
  2026-08-09 NYL v LVA T-24h   missing_job_did_not_run    no base record for ANY game on 2026-08-09 at T-24h
  2026-08-09 NYL v LVA T-8h    missing_job_did_not_run    no base record for ANY game on 2026-08-09 at T-8h
  2026-08-09 NYL v LVA T-90m   missing_job_did_not_run    no base record for ANY game on 2026-08-09 at T-90m
  2026-08-09 NYL v LVA T-30m   missing_job_did_not_run    no base record for ANY game on 2026-08-09 at T-30m
  2026-08-09 MIN v DAL T-24h   missing_job_did_not_run    no base record for ANY game on 2026-08-09 at T-24h
  2026-08-09 MIN v DAL T-8h    missing_job_did_not_run    no base record for ANY game on 2026-08-09 at T-8h
  2026-08-09 MIN v DAL T-90m   missing_job_did_not_run    no base record for ANY game on 2026-08-09 at T-90m
  2026-08-09 MIN v DAL T-30m   missing_job_did_not_run    no base record for ANY game on 2026-08-09 at T-30m
  2026-08-15 WAS v LAS T-24h   missing_job_did_not_run    no base record for ANY game on 2026-08-15 at T-24h
  2026-08-15 WAS v LAS T-8h    missing_job_did_not_run    no base record for ANY game on 2026-08-15 at T-8h
  2026-08-15 LVA v MIN T-24h   missing_job_did_not_run    no base record for ANY game on 2026-08-15 at T-24h
  2026-08-15 LVA v MIN T-8h    missing_job_did_not_run    no base record for ANY game on 2026-08-15 at T-8h
  2026-08-16 ATL v IND T-24h   missing_job_did_not_run    no base record for ANY game on 2026-08-16 at T-24h
  2026-08-16 SEA v CHI T-24h   missing_job_did_not_run    no base record for ANY game on 2026-08-16 at T-24h
  2026-08-16 PHX v PDX T-24h   missing_job_did_not_run    no base record for ANY game on 2026-08-16 at T-24h

wrote forecasts/coverage_audit.csv and forecasts/coverage_receipt.json
[audit] exit=0 
==== Sun 08/16/2026  0:30:02.77 ==== 
[gate] 2026-08-16T04:30:03.642750+00:00  fire=False  -- no unserved obligation inside its 20-minute lead window (4 upcoming game(s) examined); 4 slate game(s) have no official game_id and were served under a provisional id: ATL v IND (2026-08-16) -> PROV-2026-08-16-IND@ATL, SEA v CHI (2026-08-16) -> PROV-2026-08-16-CHI@SEA, PHX v PDX (2026-08-16) -> PROV-2026-08-16-PDX@PHX, GSV v DAL (2026-08-17) -> PROV-2026-08-17-DAL@GSV
       ATL v IND      T-24h   unserved cutoff 2026-08-15T21:00:00 (-450 min) 
       SEA v CHI      T-24h   unserved cutoff 2026-08-15T21:00:00 (-450 min) 
       PHX v PDX      T-24h   unserved cutoff 2026-08-15T23:00:00 (-330 min) 
       GSV v DAL      T-24h   unserved cutoff 2026-08-17T02:00:00 (+1290 min) 
[gate] skipping the base job
[base] skipped - no unserved obligation in its lead window 
[base] exit=0 
================================================================================================
PROSPECTIVE PAIR RUNNER  2026-08-16T04:30:04.656772+00:00  model=ridge_score_level_w2c1_v1 hash=5d295bb8b99cd34e
================================================================================================
base records in official chain: 70
  late_prevented #0 ATL v SEA @ T-8h                cutoff 2026-07-31T15:35:00+00:00 already passed at 2026-08-1
  late_prevented #1 WAS v DAL @ T-8h                cutoff 2026-07-31T15:35:00+00:00 already passed at 2026-08-1
  late_prevented #2 PDX v IND @ T-8h                cutoff 2026-07-31T18:06:00+00:00 already passed at 2026-08-1
  late_prevented #3 ATL v SEA @ T-30m               cutoff 2026-07-31T23:05:00+00:00 already passed at 2026-08-1
  late_prevented #4 WAS v DAL @ T-30m               cutoff 2026-07-31T23:05:00+00:00 already passed at 2026-08-1
  late_prevented #5 PDX v IND @ T-90m               cutoff 2026-08-01T00:36:00+00:00 already passed at 2026-08-1
  late_prevented #6 CHI v LVA @ T-90m               cutoff 2026-08-01T15:35:00+00:00 already passed at 2026-08-1
  late_prevented #7 PHX v NYL @ T-90m               cutoff 2026-08-01T17:34:00+00:00 already passed at 2026-08-1
  skip           #8 CHI v LVA @ unknown-tip         base record is an explicit no-forecast; nothing to pair
  skip           #9 PHX v NYL @ unknown-tip         base record is an explicit no-forecast; nothing to pair
  late_prevented #10 NYL v SEA @ T-8h               cutoff 2026-08-03T15:04:00+00:00 already passed at 2026-08-1
  late_prevented #11 ATL v LVA @ T-8h               cutoff 2026-08-03T15:14:00+00:00 already passed at 2026-08-1
  late_prevented #12 CHI v PHX @ T-8h               cutoff 2026-08-03T17:08:00+00:00 already passed at 2026-08-1
  already_logged #13 NYL v SEA @ T-90m              idempotent: pair exists
  already_logged #14 ATL v LVA @ T-90m              idempotent: pair exists
  already_logged #15 CHI v PHX @ T-90m              idempotent: pair exists
  already_logged #16 NYL v SEA @ T-90m              idempotent: pair exists
  already_logged #17 ATL v LVA @ T-90m              idempotent: pair exists
  already_logged #18 CHI v PHX @ T-90m              idempotent: pair exists
  late_prevented #19 NYL v SEA @ T-30m              cutoff 2026-08-03T22:34:00+00:00 already passed at 2026-08-1
  late_prevented #20 ATL v LVA @ T-30m              cutoff 2026-08-03T22:44:00+00:00 already passed at 2026-08-1
  already_logged #21 CHI v PHX @ T-90m              idempotent: pair exists
  already_logged #22 GSV v TOR @ T-8h               idempotent: pair exists
  already_logged #23 GSV v TOR @ T-90m              idempotent: pair exists
  already_logged #24 GSV v TOR @ T-30m              idempotent: pair exists
  already_logged #25 ATL v PHX @ T-8h               idempotent: pair exists
  already_logged #26 NYL v SEA @ T-8h               idempotent: pair exists
  already_logged #27 WAS v DAL @ T-8h               idempotent: pair exists
  already_logged #28 CHI v LAS @ T-8h               idempotent: pair exists
  already_logged #29 ATL v PHX @ T-90m              idempotent: pair exists
  already_logged #30 NYL v SEA @ T-90m              idempotent: pair exists
  already_logged #31 WAS v DAL @ T-90m              idempotent: pair exists
  already_logged #32 CHI v LAS @ T-90m              idempotent: pair exists
  late_prevented #33 ATL v PHX @ T-30m              cutoff 2026-08-05T22:33:00+00:00 already passed at 2026-08-1
  late_prevented #34 NYL v SEA @ T-30m              cutoff 2026-08-05T22:38:00+00:00 already passed at 2026-08-1
  already_logged #35 WAS v DAL @ T-30m              idempotent: pair exists
  already_logged #36 CHI v LAS @ T-90m              idempotent: pair exists
  already_logged #37 IND v LVA @ T-8h               idempotent: pair exists
  already_logged #38 MIN v LAS @ T-8h               idempotent: pair exists
  already_logged #39 PDX v TOR @ T-8h               idempotent: pair exists
  already_logged #40 IND v LVA @ T-90m              idempotent: pair exists
  already_logged #41 MIN v LAS @ T-90m              idempotent: pair exists
  already_logged #42 PDX v TOR @ T-90m              idempotent: pair exists
  late_prevented #43 IND v LVA @ T-30m              cutoff 2026-08-06T22:36:00+00:00 already passed at 2026-08-1
  already_logged #44 PDX v TOR @ T-30m              idempotent: pair exists
  already_logged #45 CON v PHX @ T-8h               idempotent: pair exists
  already_logged #46 WAS v ATL @ T-8h               idempotent: pair exists
  already_logged #47 DAL v GSV @ T-8h               idempotent: pair exists
  already_logged #48 CON v PHX @ T-90m              idempotent: pair exists
  already_logged #49 WAS v ATL @ T-90m              idempotent: pair exists
  already_logged #50 DAL v GSV @ T-90m              idempotent: pair exists
  already_logged #51 CON v PHX @ T-30m              idempotent: pair exists
  already_logged #52 WAS v ATL @ T-30m              idempotent: pair exists
  already_logged #53 DAL v GSV @ T-30m              idempotent: pair exists
  already_logged #54 MIN v LVA @ T-8h               idempotent: pair exists
  already_logged #55 CHI v IND @ T-8h               idempotent: pair exists
  already_logged #56 PDX v SEA @ T-8h               idempotent: pair exists
  already_logged #57 MIN v LVA @ T-90m              idempotent: pair exists
  late_prevented #58 CHI v IND @ T-8h               cutoff 2026-08-08T11:35:00+00:00 already passed at 2026-08-1
  already_logged #59 PDX v SEA @ T-8h               idempotent: pair exists
  already_logged #60 PDX v SEA @ T-90m              idempotent: pair exists
  skip           #61 CHI v IND @ unknown-tip        base record is an explicit no-forecast; nothing to pair
  skip           #62 MIN v LVA @ unknown-tip        base record is an explicit no-forecast; nothing to pair
  already_logged #63 PDX v SEA @ T-30m              idempotent: pair exists
  already_logged #64 WAS v LAS @ T-90m              idempotent: pair exists
  already_logged #65 LVA v MIN @ T-90m              idempotent: pair exists
  already_logged #66 WAS v LAS @ T-30m              idempotent: pair exists
  late_prevented #67 LVA v MIN @ T-90m              cutoff 2026-08-15T22:35:00+00:00 already passed at 2026-08-1
  skip           #68 CON v NYL @ unknown-tip        base record is an explicit no-forecast; nothing to pair
  late_prevented #69 LVA v MIN @ T-30m              cutoff 2026-08-15T23:35:00+00:00 already passed at 2026-08-1

  already_logged=46, late_prevented=19, skip=5
  arm chain: ok=True n=41 tip=2d92d878aeb91d29
  receipt appended to prospective_pair_runs.jsonl
[arm] exit=0 
====================================================================================================
FORECAST COVERAGE AUDIT   generated 2026-08-16T04:30:05.766253+00:00
====================================================================================================

CUMULATIVE by classification
  missing_job_did_not_run      62
  forecast_logged              52
  before_period_start          15
  not_yet_due                  13
  missing_data_unavailable     9
  late_record                  5

  obligations 156 | due 128 | served 52 | coverage 40.6%
  operational misses 62 | unexplained 0
  PROMOTION-GRADE: NO   (needs >= 95% served, <= 0 operational misses, all explained)

DAILY
  date         oblig  served     due     excl    opmiss arm_recs
  2026-07-30      12       0       0       12         0        0
  2026-07-31      12       6       9        3         0        0
  2026-08-01       8       2       8        0         6        0
  2026-08-02      16       0      16        0        16        0
  2026-08-03      12       6      12        0         3        3
  2026-08-04       4       3       4        0         1        3
  2026-08-05      16       9      16        0         4        9
  2026-08-06      12       7      12        0         3        7
  2026-08-07      12       9      12        0         3        9
  2026-08-08      12       6      12        0         3        4
  2026-08-09      16       0      16        0        16        0
  2026-08-15       8       4       8        0         4        1
  2026-08-16      12       0       3        9         3        0
  2026-08-17       4       0       0        4         0        0

EVERY MISSING OR IRREGULAR OBLIGATION (each must carry an explanation)
  2026-07-31 ATL v SEA T-90m   missing_data_unavailable   job served 1 other game(s) on 2026-07-31 at T-90m
  2026-07-31 WAS v DAL T-90m   missing_data_unavailable   job served 1 other game(s) on 2026-07-31 at T-90m
  2026-07-31 PDX v IND T-30m   missing_data_unavailable   job served 2 other game(s) on 2026-07-31 at T-30m
  2026-08-01 CHI v LVA T-24h   missing_job_did_not_run    no base record for ANY game on 2026-08-01 at T-24h
  2026-08-01 CHI v LVA T-8h    missing_job_did_not_run    no base record for ANY game on 2026-08-01 at T-8h
  2026-08-01 CHI v LVA T-30m   missing_job_did_not_run    no base record for ANY game on 2026-08-01 at T-30m
  2026-08-01 PHX v NYL T-24h   missing_job_did_not_run    no base record for ANY game on 2026-08-01 at T-24h
  2026-08-01 PHX v NYL T-8h    missing_job_did_not_run    no base record for ANY game on 2026-08-01 at T-8h
  2026-08-01 PHX v NYL T-30m   missing_job_did_not_run    no base record for ANY game on 2026-08-01 at T-30m
  2026-08-02 DAL v CON T-24h   missing_job_did_not_run    no base record for ANY game on 2026-08-02 at T-24h
  2026-08-02 DAL v CON T-8h    missing_job_did_not_run    no base record for ANY game on 2026-08-02 at T-8h
  2026-08-02 DAL v CON T-90m   missing_job_did_not_run    no base record for ANY game on 2026-08-02 at T-90m
  2026-08-02 DAL v CON T-30m   missing_job_did_not_run    no base record for ANY game on 2026-08-02 at T-30m
  2026-08-02 GSV v TOR T-24h   missing_job_did_not_run    no base record for ANY game on 2026-08-02 at T-24h
  2026-08-02 GSV v TOR T-8h    missing_job_did_not_run    no base record for ANY game on 2026-08-02 at T-8h
  2026-08-02 GSV v TOR T-90m   missing_job_did_not_run    no base record for ANY game on 2026-08-02 at T-90m
  2026-08-02 GSV v TOR T-30m   missing_job_did_not_run    no base record for ANY game on 2026-08-02 at T-30m
  2026-08-02 MIN v IND T-24h   missing_job_did_not_run    no base record for ANY game on 2026-08-02 at T-24h
  2026-08-02 MIN v IND T-8h    missing_job_did_not_run    no base record for ANY game on 2026-08-02 at T-8h
  2026-08-02 MIN v IND T-90m   missing_job_did_not_run    no base record for ANY game on 2026-08-02 at T-90m
  2026-08-02 MIN v IND T-30m   missing_job_did_not_run    no base record for ANY game on 2026-08-02 at T-30m
  2026-08-02 PDX v LAS T-24h   missing_job_did_not_run    no base record for ANY game on 2026-08-02 at T-24h
  2026-08-02 PDX v LAS T-8h    missing_job_did_not_run    no base record for ANY game on 2026-08-02 at T-8h
  2026-08-02 PDX v LAS T-90m   missing_job_did_not_run    no base record for ANY game on 2026-08-02 at T-90m
  2026-08-02 PDX v LAS T-30m   missing_job_did_not_run    no base record for ANY game on 2026-08-02 at T-30m
  2026-08-03 NYL v SEA T-24h   missing_job_did_not_run    no base record for ANY game on 2026-08-03 at T-24h
  2026-08-03 NYL v SEA T-30m   late_record                created 2026-08-03T22:45:08.958486+00:00 after cutoff
  2026-08-03 ATL v LVA T-24h   missing_job_did_not_run    no base record for ANY game on 2026-08-03 at T-24h
  2026-08-03 ATL v LVA T-30m   late_record                created 2026-08-03T22:45:08.976775+00:00 after cutoff
  2026-08-03 CHI v PHX T-24h   missing_job_did_not_run    no base record for ANY game on 2026-08-03 at T-24h
  2026-08-03 CHI v PHX T-30m   missing_data_unavailable   job served 2 other game(s) on 2026-08-03 at T-30m
  2026-08-04 GSV v TOR T-24h   missing_job_did_not_run    no base record for ANY game on 2026-08-04 at T-24h
  2026-08-05 WAS v DAL T-24h   missing_job_did_not_run    no base record for ANY game on 2026-08-05 at T-24h
  2026-08-05 NYL v SEA T-24h   missing_job_did_not_run    no base record for ANY game on 2026-08-05 at T-24h
  2026-08-05 NYL v SEA T-30m   late_record                created 2026-08-05T22:45:07.299457+00:00 after cutoff
  2026-08-05 ATL v PHX T-24h   missing_job_did_not_run    no base record for ANY game on 2026-08-05 at T-24h
  2026-08-05 ATL v PHX T-30m   late_record                created 2026-08-05T22:45:07.274521+00:00 after cutoff
  2026-08-05 CHI v LAS T-24h   missing_job_did_not_run    no base record for ANY game on 2026-08-05 at T-24h
  2026-08-05 CHI v LAS T-30m   missing_data_unavailable   job served 3 other game(s) on 2026-08-05 at T-30m
  2026-08-06 IND v LVA T-24h   missing_job_did_not_run    no base record for ANY game on 2026-08-06 at T-24h
  2026-08-06 IND v LVA T-30m   late_record                created 2026-08-06T22:45:09.382682+00:00 after cutoff
  2026-08-06 PDX v TOR T-24h   missing_job_did_not_run    no base record for ANY game on 2026-08-06 at T-24h
  2026-08-06 MIN v LAS T-24h   missing_job_did_not_run    no base record for ANY game on 2026-08-06 at T-24h
  2026-08-06 MIN v LAS T-30m   missing_data_unavailable   job served 2 other game(s) on 2026-08-06 at T-30m
  2026-08-07 WAS v ATL T-24h   missing_job_did_not_run    no base record for ANY game on 2026-08-07 at T-24h
  2026-08-07 CON v PHX T-24h   missing_job_did_not_run    no base record for ANY game on 2026-08-07 at T-24h
  2026-08-07 DAL v GSV T-24h   missing_job_did_not_run    no base record for ANY game on 2026-08-07 at T-24h
  2026-08-08 CHI v IND T-24h   missing_job_did_not_run    no base record for ANY game on 2026-08-08 at T-24h
  2026-08-08 CHI v IND T-90m   missing_data_unavailable   job served 2 other game(s) on 2026-08-08 at T-90m
  2026-08-08 CHI v IND T-30m   missing_data_unavailable   job served 1 other game(s) on 2026-08-08 at T-30m
  2026-08-08 MIN v LVA T-24h   missing_job_did_not_run    no base record for ANY game on 2026-08-08 at T-24h
  2026-08-08 MIN v LVA T-30m   missing_data_unavailable   job served 1 other game(s) on 2026-08-08 at T-30m
  2026-08-08 PDX v SEA T-24h   missing_job_did_not_run    no base record for ANY game on 2026-08-08 at T-24h
  2026-08-09 WAS v PHX T-24h   missing_job_did_not_run    no base record for ANY game on 2026-08-09 at T-24h
  2026-08-09 WAS v PHX T-8h    missing_job_did_not_run    no base record for ANY game on 2026-08-09 at T-8h
  2026-08-09 WAS v PHX T-90m   missing_job_did_not_run    no base record for ANY game on 2026-08-09 at T-90m
  2026-08-09 WAS v PHX T-30m   missing_job_did_not_run    no base record for ANY game on 2026-08-09 at T-30m
  2026-08-09 LAS v GSV T-24h   missing_job_did_not_run    no base record for ANY game on 2026-08-09 at T-24h
  2026-08-09 LAS v GSV T-8h    missing_job_did_not_run    no base record for ANY game on 2026-08-09 at T-8h
  2026-08-09 LAS v GSV T-90m   missing_job_did_not_run    no base record for ANY game on 2026-08-09 at T-90m
  2026-08-09 LAS v GSV T-30m   missing_job_did_not_run    no base record for ANY game on 2026-08-09 at T-30m
  2026-08-09 NYL v LVA T-24h   missing_job_did_not_run    no base record for ANY game on 2026-08-09 at T-24h
  2026-08-09 NYL v LVA T-8h    missing_job_did_not_run    no base record for ANY game on 2026-08-09 at T-8h
  2026-08-09 NYL v LVA T-90m   missing_job_did_not_run    no base record for ANY game on 2026-08-09 at T-90m
  2026-08-09 NYL v LVA T-30m   missing_job_did_not_run    no base record for ANY game on 2026-08-09 at T-30m
  2026-08-09 MIN v DAL T-24h   missing_job_did_not_run    no base record for ANY game on 2026-08-09 at T-24h
  2026-08-09 MIN v DAL T-8h    missing_job_did_not_run    no base record for ANY game on 2026-08-09 at T-8h
  2026-08-09 MIN v DAL T-90m   missing_job_did_not_run    no base record for ANY game on 2026-08-09 at T-90m
  2026-08-09 MIN v DAL T-30m   missing_job_did_not_run    no base record for ANY game on 2026-08-09 at T-30m
  2026-08-15 WAS v LAS T-24h   missing_job_did_not_run    no base record for ANY game on 2026-08-15 at T-24h
  2026-08-15 WAS v LAS T-8h    missing_job_did_not_run    no base record for ANY game on 2026-08-15 at T-8h
  2026-08-15 LVA v MIN T-24h   missing_job_did_not_run    no base record for ANY game on 2026-08-15 at T-24h
  2026-08-15 LVA v MIN T-8h    missing_job_did_not_run    no base record for ANY game on 2026-08-15 at T-8h
  2026-08-16 ATL v IND T-24h   missing_job_did_not_run    no base record for ANY game on 2026-08-16 at T-24h
  2026-08-16 SEA v CHI T-24h   missing_job_did_not_run    no base record for ANY game on 2026-08-16 at T-24h
  2026-08-16 PHX v PDX T-24h   missing_job_did_not_run    no base record for ANY game on 2026-08-16 at T-24h

wrote forecasts/coverage_audit.csv and forecasts/coverage_receipt.json
[audit] exit=0 
==== Sun 08/16/2026  0:45:02.72 ==== 
[gate] 2026-08-16T04:45:03.404017+00:00  fire=False  -- no unserved obligation inside its 20-minute lead window (4 upcoming game(s) examined); 4 slate game(s) have no official game_id and were served under a provisional id: ATL v IND (2026-08-16) -> PROV-2026-08-16-IND@ATL, SEA v CHI (2026-08-16) -> PROV-2026-08-16-CHI@SEA, PHX v PDX (2026-08-16) -> PROV-2026-08-16-PDX@PHX, GSV v DAL (2026-08-17) -> PROV-2026-08-17-DAL@GSV
       ATL v IND      T-24h   unserved cutoff 2026-08-15T21:00:00 (-465 min) 
       SEA v CHI      T-24h   unserved cutoff 2026-08-15T21:00:00 (-465 min) 
       PHX v PDX      T-24h   unserved cutoff 2026-08-15T23:00:00 (-345 min) 
       GSV v DAL      T-24h   unserved cutoff 2026-08-17T02:00:00 (+1275 min) 
[gate] skipping the base job
[base] skipped - no unserved obligation in its lead window 
[base] exit=0 
================================================================================================
PROSPECTIVE PAIR RUNNER  2026-08-16T04:45:04.494140+00:00  model=ridge_score_level_w2c1_v1 hash=5d295bb8b99cd34e
================================================================================================
base records in official chain: 70
  late_prevented #0 ATL v SEA @ T-8h                cutoff 2026-07-31T15:35:00+00:00 already passed at 2026-08-1
  late_prevented #1 WAS v DAL @ T-8h                cutoff 2026-07-31T15:35:00+00:00 already passed at 2026-08-1
  late_prevented #2 PDX v IND @ T-8h                cutoff 2026-07-31T18:06:00+00:00 already passed at 2026-08-1
  late_prevented #3 ATL v SEA @ T-30m               cutoff 2026-07-31T23:05:00+00:00 already passed at 2026-08-1
  late_prevented #4 WAS v DAL @ T-30m               cutoff 2026-07-31T23:05:00+00:00 already passed at 2026-08-1
  late_prevented #5 PDX v IND @ T-90m               cutoff 2026-08-01T00:36:00+00:00 already passed at 2026-08-1
  late_prevented #6 CHI v LVA @ T-90m               cutoff 2026-08-01T15:35:00+00:00 already passed at 2026-08-1
  late_prevented #7 PHX v NYL @ T-90m               cutoff 2026-08-01T17:34:00+00:00 already passed at 2026-08-1
  skip           #8 CHI v LVA @ unknown-tip         base record is an explicit no-forecast; nothing to pair
  skip           #9 PHX v NYL @ unknown-tip         base record is an explicit no-forecast; nothing to pair
  late_prevented #10 NYL v SEA @ T-8h               cutoff 2026-08-03T15:04:00+00:00 already passed at 2026-08-1
  late_prevented #11 ATL v LVA @ T-8h               cutoff 2026-08-03T15:14:00+00:00 already passed at 2026-08-1
  late_prevented #12 CHI v PHX @ T-8h               cutoff 2026-08-03T17:08:00+00:00 already passed at 2026-08-1
  already_logged #13 NYL v SEA @ T-90m              idempotent: pair exists
  already_logged #14 ATL v LVA @ T-90m              idempotent: pair exists
  already_logged #15 CHI v PHX @ T-90m              idempotent: pair exists
  already_logged #16 NYL v SEA @ T-90m              idempotent: pair exists
  already_logged #17 ATL v LVA @ T-90m              idempotent: pair exists
  already_logged #18 CHI v PHX @ T-90m              idempotent: pair exists
  late_prevented #19 NYL v SEA @ T-30m              cutoff 2026-08-03T22:34:00+00:00 already passed at 2026-08-1
  late_prevented #20 ATL v LVA @ T-30m              cutoff 2026-08-03T22:44:00+00:00 already passed at 2026-08-1
  already_logged #21 CHI v PHX @ T-90m              idempotent: pair exists
  already_logged #22 GSV v TOR @ T-8h               idempotent: pair exists
  already_logged #23 GSV v TOR @ T-90m              idempotent: pair exists
  already_logged #24 GSV v TOR @ T-30m              idempotent: pair exists
  already_logged #25 ATL v PHX @ T-8h               idempotent: pair exists
  already_logged #26 NYL v SEA @ T-8h               idempotent: pair exists
  already_logged #27 WAS v DAL @ T-8h               idempotent: pair exists
  already_logged #28 CHI v LAS @ T-8h               idempotent: pair exists
  already_logged #29 ATL v PHX @ T-90m              idempotent: pair exists
  already_logged #30 NYL v SEA @ T-90m              idempotent: pair exists
  already_logged #31 WAS v DAL @ T-90m              idempotent: pair exists
  already_logged #32 CHI v LAS @ T-90m              idempotent: pair exists
  late_prevented #33 ATL v PHX @ T-30m              cutoff 2026-08-05T22:33:00+00:00 already passed at 2026-08-1
  late_prevented #34 NYL v SEA @ T-30m              cutoff 2026-08-05T22:38:00+00:00 already passed at 2026-08-1
  already_logged #35 WAS v DAL @ T-30m              idempotent: pair exists
  already_logged #36 CHI v LAS @ T-90m              idempotent: pair exists
  already_logged #37 IND v LVA @ T-8h               idempotent: pair exists
  already_logged #38 MIN v LAS @ T-8h               idempotent: pair exists
  already_logged #39 PDX v TOR @ T-8h               idempotent: pair exists
  already_logged #40 IND v LVA @ T-90m              idempotent: pair exists
  already_logged #41 MIN v LAS @ T-90m              idempotent: pair exists
  already_logged #42 PDX v TOR @ T-90m              idempotent: pair exists
  late_prevented #43 IND v LVA @ T-30m              cutoff 2026-08-06T22:36:00+00:00 already passed at 2026-08-1
  already_logged #44 PDX v TOR @ T-30m              idempotent: pair exists
  already_logged #45 CON v PHX @ T-8h               idempotent: pair exists
  already_logged #46 WAS v ATL @ T-8h               idempotent: pair exists
  already_logged #47 DAL v GSV @ T-8h               idempotent: pair exists
  already_logged #48 CON v PHX @ T-90m              idempotent: pair exists
  already_logged #49 WAS v ATL @ T-90m              idempotent: pair exists
  already_logged #50 DAL v GSV @ T-90m              idempotent: pair exists
  already_logged #51 CON v PHX @ T-30m              idempotent: pair exists
  already_logged #52 WAS v ATL @ T-30m              idempotent: pair exists
  already_logged #53 DAL v GSV @ T-30m              idempotent: pair exists
  already_logged #54 MIN v LVA @ T-8h               idempotent: pair exists
  already_logged #55 CHI v IND @ T-8h               idempotent: pair exists
  already_logged #56 PDX v SEA @ T-8h               idempotent: pair exists
  already_logged #57 MIN v LVA @ T-90m              idempotent: pair exists
  late_prevented #58 CHI v IND @ T-8h               cutoff 2026-08-08T11:35:00+00:00 already passed at 2026-08-1
  already_logged #59 PDX v SEA @ T-8h               idempotent: pair exists
  already_logged #60 PDX v SEA @ T-90m              idempotent: pair exists
  skip           #61 CHI v IND @ unknown-tip        base record is an explicit no-forecast; nothing to pair
  skip           #62 MIN v LVA @ unknown-tip        base record is an explicit no-forecast; nothing to pair
  already_logged #63 PDX v SEA @ T-30m              idempotent: pair exists
  already_logged #64 WAS v LAS @ T-90m              idempotent: pair exists
  already_logged #65 LVA v MIN @ T-90m              idempotent: pair exists
  already_logged #66 WAS v LAS @ T-30m              idempotent: pair exists
  late_prevented #67 LVA v MIN @ T-90m              cutoff 2026-08-15T22:35:00+00:00 already passed at 2026-08-1
  skip           #68 CON v NYL @ unknown-tip        base record is an explicit no-forecast; nothing to pair
  late_prevented #69 LVA v MIN @ T-30m              cutoff 2026-08-15T23:35:00+00:00 already passed at 2026-08-1

  already_logged=46, late_prevented=19, skip=5
  arm chain: ok=True n=41 tip=2d92d878aeb91d29
  receipt appended to prospective_pair_runs.jsonl
[arm] exit=0 
====================================================================================================
FORECAST COVERAGE AUDIT   generated 2026-08-16T04:45:05.656645+00:00
====================================================================================================

CUMULATIVE by classification
  missing_job_did_not_run      62
  forecast_logged              52
  before_period_start          15
  not_yet_due                  13
  missing_data_unavailable     9
  late_record                  5

  obligations 156 | due 128 | served 52 | coverage 40.6%
  operational misses 62 | unexplained 0
  PROMOTION-GRADE: NO   (needs >= 95% served, <= 0 operational misses, all explained)

DAILY
  date         oblig  served     due     excl    opmiss arm_recs
  2026-07-30      12       0       0       12         0        0
  2026-07-31      12       6       9        3         0        0
  2026-08-01       8       2       8        0         6        0
  2026-08-02      16       0      16        0        16        0
  2026-08-03      12       6      12        0         3        3
  2026-08-04       4       3       4        0         1        3
  2026-08-05      16       9      16        0         4        9
  2026-08-06      12       7      12        0         3        7
  2026-08-07      12       9      12        0         3        9
  2026-08-08      12       6      12        0         3        4
  2026-08-09      16       0      16        0        16        0
  2026-08-15       8       4       8        0         4        1
  2026-08-16      12       0       3        9         3        0
  2026-08-17       4       0       0        4         0        0

EVERY MISSING OR IRREGULAR OBLIGATION (each must carry an explanation)
  2026-07-31 ATL v SEA T-90m   missing_data_unavailable   job served 1 other game(s) on 2026-07-31 at T-90m
  2026-07-31 WAS v DAL T-90m   missing_data_unavailable   job served 1 other game(s) on 2026-07-31 at T-90m
  2026-07-31 PDX v IND T-30m   missing_data_unavailable   job served 2 other game(s) on 2026-07-31 at T-30m
  2026-08-01 CHI v LVA T-24h   missing_job_did_not_run    no base record for ANY game on 2026-08-01 at T-24h
  2026-08-01 CHI v LVA T-8h    missing_job_did_not_run    no base record for ANY game on 2026-08-01 at T-8h
  2026-08-01 CHI v LVA T-30m   missing_job_did_not_run    no base record for ANY game on 2026-08-01 at T-30m
  2026-08-01 PHX v NYL T-24h   missing_job_did_not_run    no base record for ANY game on 2026-08-01 at T-24h
  2026-08-01 PHX v NYL T-8h    missing_job_did_not_run    no base record for ANY game on 2026-08-01 at T-8h
  2026-08-01 PHX v NYL T-30m   missing_job_did_not_run    no base record for ANY game on 2026-08-01 at T-30m
  2026-08-02 DAL v CON T-24h   missing_job_did_not_run    no base record for ANY game on 2026-08-02 at T-24h
  2026-08-02 DAL v CON T-8h    missing_job_did_not_run    no base record for ANY game on 2026-08-02 at T-8h
  2026-08-02 DAL v CON T-90m   missing_job_did_not_run    no base record for ANY game on 2026-08-02 at T-90m
  2026-08-02 DAL v CON T-30m   missing_job_did_not_run    no base record for ANY game on 2026-08-02 at T-30m
  2026-08-02 GSV v TOR T-24h   missing_job_did_not_run    no base record for ANY game on 2026-08-02 at T-24h
  2026-08-02 GSV v TOR T-8h    missing_job_did_not_run    no base record for ANY game on 2026-08-02 at T-8h
  2026-08-02 GSV v TOR T-90m   missing_job_did_not_run    no base record for ANY game on 2026-08-02 at T-90m
  2026-08-02 GSV v TOR T-30m   missing_job_did_not_run    no base record for ANY game on 2026-08-02 at T-30m
  2026-08-02 MIN v IND T-24h   missing_job_did_not_run    no base record for ANY game on 2026-08-02 at T-24h
  2026-08-02 MIN v IND T-8h    missing_job_did_not_run    no base record for ANY game on 2026-08-02 at T-8h
  2026-08-02 MIN v IND T-90m   missing_job_did_not_run    no base record for ANY game on 2026-08-02 at T-90m
  2026-08-02 MIN v IND T-30m   missing_job_did_not_run    no base record for ANY game on 2026-08-02 at T-30m
  2026-08-02 PDX v LAS T-24h   missing_job_did_not_run    no base record for ANY game on 2026-08-02 at T-24h
  2026-08-02 PDX v LAS T-8h    missing_job_did_not_run    no base record for ANY game on 2026-08-02 at T-8h
  2026-08-02 PDX v LAS T-90m   missing_job_did_not_run    no base record for ANY game on 2026-08-02 at T-90m
  2026-08-02 PDX v LAS T-30m   missing_job_did_not_run    no base record for ANY game on 2026-08-02 at T-30m
  2026-08-03 NYL v SEA T-24h   missing_job_did_not_run    no base record for ANY game on 2026-08-03 at T-24h
  2026-08-03 NYL v SEA T-30m   late_record                created 2026-08-03T22:45:08.958486+00:00 after cutoff
  2026-08-03 ATL v LVA T-24h   missing_job_did_not_run    no base record for ANY game on 2026-08-03 at T-24h
  2026-08-03 ATL v LVA T-30m   late_record                created 2026-08-03T22:45:08.976775+00:00 after cutoff
  2026-08-03 CHI v PHX T-24h   missing_job_did_not_run    no base record for ANY game on 2026-08-03 at T-24h
  2026-08-03 CHI v PHX T-30m   missing_data_unavailable   job served 2 other game(s) on 2026-08-03 at T-30m
  2026-08-04 GSV v TOR T-24h   missing_job_did_not_run    no base record for ANY game on 2026-08-04 at T-24h
  2026-08-05 WAS v DAL T-24h   missing_job_did_not_run    no base record for ANY game on 2026-08-05 at T-24h
  2026-08-05 NYL v SEA T-24h   missing_job_did_not_run    no base record for ANY game on 2026-08-05 at T-24h
  2026-08-05 NYL v SEA T-30m   late_record                created 2026-08-05T22:45:07.299457+00:00 after cutoff
  2026-08-05 ATL v PHX T-24h   missing_job_did_not_run    no base record for ANY game on 2026-08-05 at T-24h
  2026-08-05 ATL v PHX T-30m   late_record                created 2026-08-05T22:45:07.274521+00:00 after cutoff
  2026-08-05 CHI v LAS T-24h   missing_job_did_not_run    no base record for ANY game on 2026-08-05 at T-24h
  2026-08-05 CHI v LAS T-30m   missing_data_unavailable   job served 3 other game(s) on 2026-08-05 at T-30m
  2026-08-06 IND v LVA T-24h   missing_job_did_not_run    no base record for ANY game on 2026-08-06 at T-24h
  2026-08-06 IND v LVA T-30m   late_record                created 2026-08-06T22:45:09.382682+00:00 after cutoff
  2026-08-06 PDX v TOR T-24h   missing_job_did_not_run    no base record for ANY game on 2026-08-06 at T-24h
  2026-08-06 MIN v LAS T-24h   missing_job_did_not_run    no base record for ANY game on 2026-08-06 at T-24h
  2026-08-06 MIN v LAS T-30m   missing_data_unavailable   job served 2 other game(s) on 2026-08-06 at T-30m
  2026-08-07 WAS v ATL T-24h   missing_job_did_not_run    no base record for ANY game on 2026-08-07 at T-24h
  2026-08-07 CON v PHX T-24h   missing_job_did_not_run    no base record for ANY game on 2026-08-07 at T-24h
  2026-08-07 DAL v GSV T-24h   missing_job_did_not_run    no base record for ANY game on 2026-08-07 at T-24h
  2026-08-08 CHI v IND T-24h   missing_job_did_not_run    no base record for ANY game on 2026-08-08 at T-24h
  2026-08-08 CHI v IND T-90m   missing_data_unavailable   job served 2 other game(s) on 2026-08-08 at T-90m
  2026-08-08 CHI v IND T-30m   missing_data_unavailable   job served 1 other game(s) on 2026-08-08 at T-30m
  2026-08-08 MIN v LVA T-24h   missing_job_did_not_run    no base record for ANY game on 2026-08-08 at T-24h
  2026-08-08 MIN v LVA T-30m   missing_data_unavailable   job served 1 other game(s) on 2026-08-08 at T-30m
  2026-08-08 PDX v SEA T-24h   missing_job_did_not_run    no base record for ANY game on 2026-08-08 at T-24h
  2026-08-09 WAS v PHX T-24h   missing_job_did_not_run    no base record for ANY game on 2026-08-09 at T-24h
  2026-08-09 WAS v PHX T-8h    missing_job_did_not_run    no base record for ANY game on 2026-08-09 at T-8h
  2026-08-09 WAS v PHX T-90m   missing_job_did_not_run    no base record for ANY game on 2026-08-09 at T-90m
  2026-08-09 WAS v PHX T-30m   missing_job_did_not_run    no base record for ANY game on 2026-08-09 at T-30m
  2026-08-09 LAS v GSV T-24h   missing_job_did_not_run    no base record for ANY game on 2026-08-09 at T-24h
  2026-08-09 LAS v GSV T-8h    missing_job_did_not_run    no base record for ANY game on 2026-08-09 at T-8h
  2026-08-09 LAS v GSV T-90m   missing_job_did_not_run    no base record for ANY game on 2026-08-09 at T-90m
  2026-08-09 LAS v GSV T-30m   missing_job_did_not_run    no base record for ANY game on 2026-08-09 at T-30m
  2026-08-09 NYL v LVA T-24h   missing_job_did_not_run    no base record for ANY game on 2026-08-09 at T-24h
  2026-08-09 NYL v LVA T-8h    missing_job_did_not_run    no base record for ANY game on 2026-08-09 at T-8h
  2026-08-09 NYL v LVA T-90m   missing_job_did_not_run    no base record for ANY game on 2026-08-09 at T-90m
  2026-08-09 NYL v LVA T-30m   missing_job_did_not_run    no base record for ANY game on 2026-08-09 at T-30m
  2026-08-09 MIN v DAL T-24h   missing_job_did_not_run    no base record for ANY game on 2026-08-09 at T-24h
  2026-08-09 MIN v DAL T-8h    missing_job_did_not_run    no base record for ANY game on 2026-08-09 at T-8h
  2026-08-09 MIN v DAL T-90m   missing_job_did_not_run    no base record for ANY game on 2026-08-09 at T-90m
  2026-08-09 MIN v DAL T-30m   missing_job_did_not_run    no base record for ANY game on 2026-08-09 at T-30m
  2026-08-15 WAS v LAS T-24h   missing_job_did_not_run    no base record for ANY game on 2026-08-15 at T-24h
  2026-08-15 WAS v LAS T-8h    missing_job_did_not_run    no base record for ANY game on 2026-08-15 at T-8h
  2026-08-15 LVA v MIN T-24h   missing_job_did_not_run    no base record for ANY game on 2026-08-15 at T-24h
  2026-08-15 LVA v MIN T-8h    missing_job_did_not_run    no base record for ANY game on 2026-08-15 at T-8h
  2026-08-16 ATL v IND T-24h   missing_job_did_not_run    no base record for ANY game on 2026-08-16 at T-24h
  2026-08-16 SEA v CHI T-24h   missing_job_did_not_run    no base record for ANY game on 2026-08-16 at T-24h
  2026-08-16 PHX v PDX T-24h   missing_job_did_not_run    no base record for ANY game on 2026-08-16 at T-24h

wrote forecasts/coverage_audit.csv and forecasts/coverage_receipt.json
[audit] exit=0 
==== Sun 08/16/2026 14:00:39.37 ==== 
==== Sun 08/16/2026 14:15:04.76 ==== 
[gate] 2026-08-16T18:15:05.824024+00:00  fire=False  -- no unserved obligation inside its 20-minute lead window (4 upcoming game(s) examined); 4 slate game(s) have no official game_id and were served under a provisional id: ATL v IND (2026-08-16) -> PROV-2026-08-16-IND@ATL, SEA v CHI (2026-08-16) -> PROV-2026-08-16-CHI@SEA, PHX v PDX (2026-08-16) -> PROV-2026-08-16-PDX@PHX, GSV v DAL (2026-08-17) -> PROV-2026-08-17-DAL@GSV
       ATL v IND      T-90m   unserved cutoff 2026-08-16T19:30:00 (+75 min) 
       SEA v CHI      T-90m   unserved cutoff 2026-08-16T19:30:00 (+75 min) 
       PHX v PDX      T-90m   unserved cutoff 2026-08-16T21:30:00 (+195 min) 
       GSV v DAL      T-24h   unserved cutoff 2026-08-17T02:00:00 (+465 min) 
[gate] skipping the base job
[base] skipped - no unserved obligation in its lead window 
[base] exit=0 
================================================================================================
PROSPECTIVE PAIR RUNNER  2026-08-16T18:15:07.448736+00:00  model=ridge_score_level_w2c1_v1 hash=5d295bb8b99cd34e
================================================================================================
base records in official chain: 70
  late_prevented #0 ATL v SEA @ T-8h                cutoff 2026-07-31T15:35:00+00:00 already passed at 2026-08-1
  late_prevented #1 WAS v DAL @ T-8h                cutoff 2026-07-31T15:35:00+00:00 already passed at 2026-08-1
  late_prevented #2 PDX v IND @ T-8h                cutoff 2026-07-31T18:06:00+00:00 already passed at 2026-08-1
  late_prevented #3 ATL v SEA @ T-30m               cutoff 2026-07-31T23:05:00+00:00 already passed at 2026-08-1
  late_prevented #4 WAS v DAL @ T-30m               cutoff 2026-07-31T23:05:00+00:00 already passed at 2026-08-1
  late_prevented #5 PDX v IND @ T-90m               cutoff 2026-08-01T00:36:00+00:00 already passed at 2026-08-1
  late_prevented #6 CHI v LVA @ T-90m               cutoff 2026-08-01T15:35:00+00:00 already passed at 2026-08-1
  late_prevented #7 PHX v NYL @ T-90m               cutoff 2026-08-01T17:34:00+00:00 already passed at 2026-08-1
  skip           #8 CHI v LVA @ unknown-tip         base record is an explicit no-forecast; nothing to pair
  skip           #9 PHX v NYL @ unknown-tip         base record is an explicit no-forecast; nothing to pair
  late_prevented #10 NYL v SEA @ T-8h               cutoff 2026-08-03T15:04:00+00:00 already passed at 2026-08-1
  late_prevented #11 ATL v LVA @ T-8h               cutoff 2026-08-03T15:14:00+00:00 already passed at 2026-08-1
  late_prevented #12 CHI v PHX @ T-8h               cutoff 2026-08-03T17:08:00+00:00 already passed at 2026-08-1
  already_logged #13 NYL v SEA @ T-90m              idempotent: pair exists
  already_logged #14 ATL v LVA @ T-90m              idempotent: pair exists
  already_logged #15 CHI v PHX @ T-90m              idempotent: pair exists
  already_logged #16 NYL v SEA @ T-90m              idempotent: pair exists
  already_logged #17 ATL v LVA @ T-90m              idempotent: pair exists
  already_logged #18 CHI v PHX @ T-90m              idempotent: pair exists
  late_prevented #19 NYL v SEA @ T-30m              cutoff 2026-08-03T22:34:00+00:00 already passed at 2026-08-1
  late_prevented #20 ATL v LVA @ T-30m              cutoff 2026-08-03T22:44:00+00:00 already passed at 2026-08-1
  already_logged #21 CHI v PHX @ T-90m              idempotent: pair exists
  already_logged #22 GSV v TOR @ T-8h               idempotent: pair exists
  already_logged #23 GSV v TOR @ T-90m              idempotent: pair exists
  already_logged #24 GSV v TOR @ T-30m              idempotent: pair exists
  already_logged #25 ATL v PHX @ T-8h               idempotent: pair exists
  already_logged #26 NYL v SEA @ T-8h               idempotent: pair exists
  already_logged #27 WAS v DAL @ T-8h               idempotent: pair exists
  already_logged #28 CHI v LAS @ T-8h               idempotent: pair exists
  already_logged #29 ATL v PHX @ T-90m              idempotent: pair exists
  already_logged #30 NYL v SEA @ T-90m              idempotent: pair exists
  already_logged #31 WAS v DAL @ T-90m              idempotent: pair exists
  already_logged #32 CHI v LAS @ T-90m              idempotent: pair exists
  late_prevented #33 ATL v PHX @ T-30m              cutoff 2026-08-05T22:33:00+00:00 already passed at 2026-08-1
  late_prevented #34 NYL v SEA @ T-30m              cutoff 2026-08-05T22:38:00+00:00 already passed at 2026-08-1
  already_logged #35 WAS v DAL @ T-30m              idempotent: pair exists
  already_logged #36 CHI v LAS @ T-90m              idempotent: pair exists
  already_logged #37 IND v LVA @ T-8h               idempotent: pair exists
  already_logged #38 MIN v LAS @ T-8h               idempotent: pair exists
  already_logged #39 PDX v TOR @ T-8h               idempotent: pair exists
  already_logged #40 IND v LVA @ T-90m              idempotent: pair exists
  already_logged #41 MIN v LAS @ T-90m              idempotent: pair exists
  already_logged #42 PDX v TOR @ T-90m              idempotent: pair exists
  late_prevented #43 IND v LVA @ T-30m              cutoff 2026-08-06T22:36:00+00:00 already passed at 2026-08-1
  already_logged #44 PDX v TOR @ T-30m              idempotent: pair exists
  already_logged #45 CON v PHX @ T-8h               idempotent: pair exists
  already_logged #46 WAS v ATL @ T-8h               idempotent: pair exists
  already_logged #47 DAL v GSV @ T-8h               idempotent: pair exists
  already_logged #48 CON v PHX @ T-90m              idempotent: pair exists
  already_logged #49 WAS v ATL @ T-90m              idempotent: pair exists
  already_logged #50 DAL v GSV @ T-90m              idempotent: pair exists
  already_logged #51 CON v PHX @ T-30m              idempotent: pair exists
  already_logged #52 WAS v ATL @ T-30m              idempotent: pair exists
  already_logged #53 DAL v GSV @ T-30m              idempotent: pair exists
  already_logged #54 MIN v LVA @ T-8h               idempotent: pair exists
  already_logged #55 CHI v IND @ T-8h               idempotent: pair exists
  already_logged #56 PDX v SEA @ T-8h               idempotent: pair exists
  already_logged #57 MIN v LVA @ T-90m              idempotent: pair exists
  late_prevented #58 CHI v IND @ T-8h               cutoff 2026-08-08T11:35:00+00:00 already passed at 2026-08-1
  already_logged #59 PDX v SEA @ T-8h               idempotent: pair exists
  already_logged #60 PDX v SEA @ T-90m              idempotent: pair exists
  skip           #61 CHI v IND @ unknown-tip        base record is an explicit no-forecast; nothing to pair
  skip           #62 MIN v LVA @ unknown-tip        base record is an explicit no-forecast; nothing to pair
  already_logged #63 PDX v SEA @ T-30m              idempotent: pair exists
  already_logged #64 WAS v LAS @ T-90m              idempotent: pair exists
  already_logged #65 LVA v MIN @ T-90m              idempotent: pair exists
  already_logged #66 WAS v LAS @ T-30m              idempotent: pair exists
  late_prevented #67 LVA v MIN @ T-90m              cutoff 2026-08-15T22:35:00+00:00 already passed at 2026-08-1
  skip           #68 CON v NYL @ unknown-tip        base record is an explicit no-forecast; nothing to pair
  late_prevented #69 LVA v MIN @ T-30m              cutoff 2026-08-15T23:35:00+00:00 already passed at 2026-08-1

  already_logged=46, late_prevented=19, skip=5
  arm chain: ok=True n=41 tip=2d92d878aeb91d29
  receipt appended to prospective_pair_runs.jsonl
[arm] exit=0 
====================================================================================================
FORECAST COVERAGE AUDIT   generated 2026-08-16T18:15:09.304682+00:00
====================================================================================================

CUMULATIVE by classification
  missing_job_did_not_run      65
  forecast_logged              52
  before_period_start          15
  not_yet_due                  10
  missing_data_unavailable     9
  late_record                  5

  obligations 156 | due 131 | served 52 | coverage 39.7%
  operational misses 65 | unexplained 0
  PROMOTION-GRADE: NO   (needs >= 95% served, <= 0 operational misses, all explained)

DAILY
  date         oblig  served     due     excl    opmiss arm_recs
  2026-07-30      12       0       0       12         0        0
  2026-07-31      12       6       9        3         0        0
  2026-08-01       8       2       8        0         6        0
  2026-08-02      16       0      16        0        16        0
  2026-08-03      12       6      12        0         3        3
  2026-08-04       4       3       4        0         1        3
  2026-08-05      16       9      16        0         4        9
  2026-08-06      12       7      12        0         3        7
  2026-08-07      12       9      12        0         3        9
  2026-08-08      12       6      12        0         3        4
  2026-08-09      16       0      16        0        16        0
  2026-08-15       8       4       8        0         4        1
  2026-08-16      12       0       6        6         6        0
  2026-08-17       4       0       0        4         0        0

EVERY MISSING OR IRREGULAR OBLIGATION (each must carry an explanation)
  2026-07-31 ATL v SEA T-90m   missing_data_unavailable   job served 1 other game(s) on 2026-07-31 at T-90m
  2026-07-31 WAS v DAL T-90m   missing_data_unavailable   job served 1 other game(s) on 2026-07-31 at T-90m
  2026-07-31 PDX v IND T-30m   missing_data_unavailable   job served 2 other game(s) on 2026-07-31 at T-30m
  2026-08-01 CHI v LVA T-24h   missing_job_did_not_run    no base record for ANY game on 2026-08-01 at T-24h
  2026-08-01 CHI v LVA T-8h    missing_job_did_not_run    no base record for ANY game on 2026-08-01 at T-8h
  2026-08-01 CHI v LVA T-30m   missing_job_did_not_run    no base record for ANY game on 2026-08-01 at T-30m
  2026-08-01 PHX v NYL T-24h   missing_job_did_not_run    no base record for ANY game on 2026-08-01 at T-24h
  2026-08-01 PHX v NYL T-8h    missing_job_did_not_run    no base record for ANY game on 2026-08-01 at T-8h
  2026-08-01 PHX v NYL T-30m   missing_job_did_not_run    no base record for ANY game on 2026-08-01 at T-30m
  2026-08-02 DAL v CON T-24h   missing_job_did_not_run    no base record for ANY game on 2026-08-02 at T-24h
  2026-08-02 DAL v CON T-8h    missing_job_did_not_run    no base record for ANY game on 2026-08-02 at T-8h
  2026-08-02 DAL v CON T-90m   missing_job_did_not_run    no base record for ANY game on 2026-08-02 at T-90m
  2026-08-02 DAL v CON T-30m   missing_job_did_not_run    no base record for ANY game on 2026-08-02 at T-30m
  2026-08-02 GSV v TOR T-24h   missing_job_did_not_run    no base record for ANY game on 2026-08-02 at T-24h
  2026-08-02 GSV v TOR T-8h    missing_job_did_not_run    no base record for ANY game on 2026-08-02 at T-8h
  2026-08-02 GSV v TOR T-90m   missing_job_did_not_run    no base record for ANY game on 2026-08-02 at T-90m
  2026-08-02 GSV v TOR T-30m   missing_job_did_not_run    no base record for ANY game on 2026-08-02 at T-30m
  2026-08-02 MIN v IND T-24h   missing_job_did_not_run    no base record for ANY game on 2026-08-02 at T-24h
  2026-08-02 MIN v IND T-8h    missing_job_did_not_run    no base record for ANY game on 2026-08-02 at T-8h
  2026-08-02 MIN v IND T-90m   missing_job_did_not_run    no base record for ANY game on 2026-08-02 at T-90m
  2026-08-02 MIN v IND T-30m   missing_job_did_not_run    no base record for ANY game on 2026-08-02 at T-30m
  2026-08-02 PDX v LAS T-24h   missing_job_did_not_run    no base record for ANY game on 2026-08-02 at T-24h
  2026-08-02 PDX v LAS T-8h    missing_job_did_not_run    no base record for ANY game on 2026-08-02 at T-8h
  2026-08-02 PDX v LAS T-90m   missing_job_did_not_run    no base record for ANY game on 2026-08-02 at T-90m
  2026-08-02 PDX v LAS T-30m   missing_job_did_not_run    no base record for ANY game on 2026-08-02 at T-30m
  2026-08-03 NYL v SEA T-24h   missing_job_did_not_run    no base record for ANY game on 2026-08-03 at T-24h
  2026-08-03 NYL v SEA T-30m   late_record                created 2026-08-03T22:45:08.958486+00:00 after cutoff
  2026-08-03 ATL v LVA T-24h   missing_job_did_not_run    no base record for ANY game on 2026-08-03 at T-24h
  2026-08-03 ATL v LVA T-30m   late_record                created 2026-08-03T22:45:08.976775+00:00 after cutoff
  2026-08-03 CHI v PHX T-24h   missing_job_did_not_run    no base record for ANY game on 2026-08-03 at T-24h
  2026-08-03 CHI v PHX T-30m   missing_data_unavailable   job served 2 other game(s) on 2026-08-03 at T-30m
  2026-08-04 GSV v TOR T-24h   missing_job_did_not_run    no base record for ANY game on 2026-08-04 at T-24h
  2026-08-05 WAS v DAL T-24h   missing_job_did_not_run    no base record for ANY game on 2026-08-05 at T-24h
  2026-08-05 NYL v SEA T-24h   missing_job_did_not_run    no base record for ANY game on 2026-08-05 at T-24h
  2026-08-05 NYL v SEA T-30m   late_record                created 2026-08-05T22:45:07.299457+00:00 after cutoff
  2026-08-05 ATL v PHX T-24h   missing_job_did_not_run    no base record for ANY game on 2026-08-05 at T-24h
  2026-08-05 ATL v PHX T-30m   late_record                created 2026-08-05T22:45:07.274521+00:00 after cutoff
  2026-08-05 CHI v LAS T-24h   missing_job_did_not_run    no base record for ANY game on 2026-08-05 at T-24h
  2026-08-05 CHI v LAS T-30m   missing_data_unavailable   job served 3 other game(s) on 2026-08-05 at T-30m
  2026-08-06 IND v LVA T-24h   missing_job_did_not_run    no base record for ANY game on 2026-08-06 at T-24h
  2026-08-06 IND v LVA T-30m   late_record                created 2026-08-06T22:45:09.382682+00:00 after cutoff
  2026-08-06 PDX v TOR T-24h   missing_job_did_not_run    no base record for ANY game on 2026-08-06 at T-24h
  2026-08-06 MIN v LAS T-24h   missing_job_did_not_run    no base record for ANY game on 2026-08-06 at T-24h
  2026-08-06 MIN v LAS T-30m   missing_data_unavailable   job served 2 other game(s) on 2026-08-06 at T-30m
  2026-08-07 WAS v ATL T-24h   missing_job_did_not_run    no base record for ANY game on 2026-08-07 at T-24h
  2026-08-07 CON v PHX T-24h   missing_job_did_not_run    no base record for ANY game on 2026-08-07 at T-24h
  2026-08-07 DAL v GSV T-24h   missing_job_did_not_run    no base record for ANY game on 2026-08-07 at T-24h
  2026-08-08 CHI v IND T-24h   missing_job_did_not_run    no base record for ANY game on 2026-08-08 at T-24h
  2026-08-08 CHI v IND T-90m   missing_data_unavailable   job served 2 other game(s) on 2026-08-08 at T-90m
  2026-08-08 CHI v IND T-30m   missing_data_unavailable   job served 1 other game(s) on 2026-08-08 at T-30m
  2026-08-08 MIN v LVA T-24h   missing_job_did_not_run    no base record for ANY game on 2026-08-08 at T-24h
  2026-08-08 MIN v LVA T-30m   missing_data_unavailable   job served 1 other game(s) on 2026-08-08 at T-30m
  2026-08-08 PDX v SEA T-24h   missing_job_did_not_run    no base record for ANY game on 2026-08-08 at T-24h
  2026-08-09 WAS v PHX T-24h   missing_job_did_not_run    no base record for ANY game on 2026-08-09 at T-24h
  2026-08-09 WAS v PHX T-8h    missing_job_did_not_run    no base record for ANY game on 2026-08-09 at T-8h
  2026-08-09 WAS v PHX T-90m   missing_job_did_not_run    no base record for ANY game on 2026-08-09 at T-90m
  2026-08-09 WAS v PHX T-30m   missing_job_did_not_run    no base record for ANY game on 2026-08-09 at T-30m
  2026-08-09 LAS v GSV T-24h   missing_job_did_not_run    no base record for ANY game on 2026-08-09 at T-24h
  2026-08-09 LAS v GSV T-8h    missing_job_did_not_run    no base record for ANY game on 2026-08-09 at T-8h
  2026-08-09 LAS v GSV T-90m   missing_job_did_not_run    no base record for ANY game on 2026-08-09 at T-90m
  2026-08-09 LAS v GSV T-30m   missing_job_did_not_run    no base record for ANY game on 2026-08-09 at T-30m
  2026-08-09 NYL v LVA T-24h   missing_job_did_not_run    no base record for ANY game on 2026-08-09 at T-24h
  2026-08-09 NYL v LVA T-8h    missing_job_did_not_run    no base record for ANY game on 2026-08-09 at T-8h
  2026-08-09 NYL v LVA T-90m   missing_job_did_not_run    no base record for ANY game on 2026-08-09 at T-90m
  2026-08-09 NYL v LVA T-30m   missing_job_did_not_run    no base record for ANY game on 2026-08-09 at T-30m
  2026-08-09 MIN v DAL T-24h   missing_job_did_not_run    no base record for ANY game on 2026-08-09 at T-24h
  2026-08-09 MIN v DAL T-8h    missing_job_did_not_run    no base record for ANY game on 2026-08-09 at T-8h
  2026-08-09 MIN v DAL T-90m   missing_job_did_not_run    no base record for ANY game on 2026-08-09 at T-90m
  2026-08-09 MIN v DAL T-30m   missing_job_did_not_run    no base record for ANY game on 2026-08-09 at T-30m
  2026-08-15 WAS v LAS T-24h   missing_job_did_not_run    no base record for ANY game on 2026-08-15 at T-24h
  2026-08-15 WAS v LAS T-8h    missing_job_did_not_run    no base record for ANY game on 2026-08-15 at T-8h
  2026-08-15 LVA v MIN T-24h   missing_job_did_not_run    no base record for ANY game on 2026-08-15 at T-24h
  2026-08-15 LVA v MIN T-8h    missing_job_did_not_run    no base record for ANY game on 2026-08-15 at T-8h
  2026-08-16 ATL v IND T-24h   missing_job_did_not_run    no base record for ANY game on 2026-08-16 at T-24h
  2026-08-16 ATL v IND T-8h    missing_job_did_not_run    no base record for ANY game on 2026-08-16 at T-8h
  2026-08-16 SEA v CHI T-24h   missing_job_did_not_run    no base record for ANY game on 2026-08-16 at T-24h
  2026-08-16 SEA v CHI T-8h    missing_job_did_not_run    no base record for ANY game on 2026-08-16 at T-8h
  2026-08-16 PHX v PDX T-24h   missing_job_did_not_run    no base record for ANY game on 2026-08-16 at T-24h
  2026-08-16 PHX v PDX T-8h    missing_job_did_not_run    no base record for ANY game on 2026-08-16 at T-8h

wrote forecasts/coverage_audit.csv and forecasts/coverage_receipt.json
[audit] exit=0 
==== Sun 08/16/2026 14:30:05.08 ==== 
[gate] 2026-08-16T18:30:06.190200+00:00  fire=False  -- no unserved obligation inside its 20-minute lead window (4 upcoming game(s) examined); 4 slate game(s) have no official game_id and were served under a provisional id: ATL v IND (2026-08-16) -> PROV-2026-08-16-IND@ATL, SEA v CHI (2026-08-16) -> PROV-2026-08-16-CHI@SEA, PHX v PDX (2026-08-16) -> PROV-2026-08-16-PDX@PHX, GSV v DAL (2026-08-17) -> PROV-2026-08-17-DAL@GSV
       ATL v IND      T-90m   unserved cutoff 2026-08-16T19:30:00 (+60 min) 
       SEA v CHI      T-90m   unserved cutoff 2026-08-16T19:30:00 (+60 min) 
       PHX v PDX      T-90m   unserved cutoff 2026-08-16T21:30:00 (+180 min) 
       GSV v DAL      T-24h   unserved cutoff 2026-08-17T02:00:00 (+450 min) 
[gate] skipping the base job
[base] skipped - no unserved obligation in its lead window 
[base] exit=0 
================================================================================================
PROSPECTIVE PAIR RUNNER  2026-08-16T18:30:07.695547+00:00  model=ridge_score_level_w2c1_v1 hash=5d295bb8b99cd34e
================================================================================================
base records in official chain: 70
  late_prevented #0 ATL v SEA @ T-8h                cutoff 2026-07-31T15:35:00+00:00 already passed at 2026-08-1
  late_prevented #1 WAS v DAL @ T-8h                cutoff 2026-07-31T15:35:00+00:00 already passed at 2026-08-1
  late_prevented #2 PDX v IND @ T-8h                cutoff 2026-07-31T18:06:00+00:00 already passed at 2026-08-1
  late_prevented #3 ATL v SEA @ T-30m               cutoff 2026-07-31T23:05:00+00:00 already passed at 2026-08-1
  late_prevented #4 WAS v DAL @ T-30m               cutoff 2026-07-31T23:05:00+00:00 already passed at 2026-08-1
  late_prevented #5 PDX v IND @ T-90m               cutoff 2026-08-01T00:36:00+00:00 already passed at 2026-08-1
  late_prevented #6 CHI v LVA @ T-90m               cutoff 2026-08-01T15:35:00+00:00 already passed at 2026-08-1
  late_prevented #7 PHX v NYL @ T-90m               cutoff 2026-08-01T17:34:00+00:00 already passed at 2026-08-1
  skip           #8 CHI v LVA @ unknown-tip         base record is an explicit no-forecast; nothing to pair
  skip           #9 PHX v NYL @ unknown-tip         base record is an explicit no-forecast; nothing to pair
  late_prevented #10 NYL v SEA @ T-8h               cutoff 2026-08-03T15:04:00+00:00 already passed at 2026-08-1
  late_prevented #11 ATL v LVA @ T-8h               cutoff 2026-08-03T15:14:00+00:00 already passed at 2026-08-1
  late_prevented #12 CHI v PHX @ T-8h               cutoff 2026-08-03T17:08:00+00:00 already passed at 2026-08-1
  already_logged #13 NYL v SEA @ T-90m              idempotent: pair exists
  already_logged #14 ATL v LVA @ T-90m              idempotent: pair exists
  already_logged #15 CHI v PHX @ T-90m              idempotent: pair exists
  already_logged #16 NYL v SEA @ T-90m              idempotent: pair exists
  already_logged #17 ATL v LVA @ T-90m              idempotent: pair exists
  already_logged #18 CHI v PHX @ T-90m              idempotent: pair exists
  late_prevented #19 NYL v SEA @ T-30m              cutoff 2026-08-03T22:34:00+00:00 already passed at 2026-08-1
  late_prevented #20 ATL v LVA @ T-30m              cutoff 2026-08-03T22:44:00+00:00 already passed at 2026-08-1
  already_logged #21 CHI v PHX @ T-90m              idempotent: pair exists
  already_logged #22 GSV v TOR @ T-8h               idempotent: pair exists
  already_logged #23 GSV v TOR @ T-90m              idempotent: pair exists
  already_logged #24 GSV v TOR @ T-30m              idempotent: pair exists
  already_logged #25 ATL v PHX @ T-8h               idempotent: pair exists
  already_logged #26 NYL v SEA @ T-8h               idempotent: pair exists
  already_logged #27 WAS v DAL @ T-8h               idempotent: pair exists
  already_logged #28 CHI v LAS @ T-8h               idempotent: pair exists
  already_logged #29 ATL v PHX @ T-90m              idempotent: pair exists
  already_logged #30 NYL v SEA @ T-90m              idempotent: pair exists
  already_logged #31 WAS v DAL @ T-90m              idempotent: pair exists
  already_logged #32 CHI v LAS @ T-90m              idempotent: pair exists
  late_prevented #33 ATL v PHX @ T-30m              cutoff 2026-08-05T22:33:00+00:00 already passed at 2026-08-1
  late_prevented #34 NYL v SEA @ T-30m              cutoff 2026-08-05T22:38:00+00:00 already passed at 2026-08-1
  already_logged #35 WAS v DAL @ T-30m              idempotent: pair exists
  already_logged #36 CHI v LAS @ T-90m              idempotent: pair exists
  already_logged #37 IND v LVA @ T-8h               idempotent: pair exists
  already_logged #38 MIN v LAS @ T-8h               idempotent: pair exists
  already_logged #39 PDX v TOR @ T-8h               idempotent: pair exists
  already_logged #40 IND v LVA @ T-90m              idempotent: pair exists
  already_logged #41 MIN v LAS @ T-90m              idempotent: pair exists
  already_logged #42 PDX v TOR @ T-90m              idempotent: pair exists
  late_prevented #43 IND v LVA @ T-30m              cutoff 2026-08-06T22:36:00+00:00 already passed at 2026-08-1
  already_logged #44 PDX v TOR @ T-30m              idempotent: pair exists
  already_logged #45 CON v PHX @ T-8h               idempotent: pair exists
  already_logged #46 WAS v ATL @ T-8h               idempotent: pair exists
  already_logged #47 DAL v GSV @ T-8h               idempotent: pair exists
  already_logged #48 CON v PHX @ T-90m              idempotent: pair exists
  already_logged #49 WAS v ATL @ T-90m              idempotent: pair exists
  already_logged #50 DAL v GSV @ T-90m              idempotent: pair exists
  already_logged #51 CON v PHX @ T-30m              idempotent: pair exists
  already_logged #52 WAS v ATL @ T-30m              idempotent: pair exists
  already_logged #53 DAL v GSV @ T-30m              idempotent: pair exists
  already_logged #54 MIN v LVA @ T-8h               idempotent: pair exists
  already_logged #55 CHI v IND @ T-8h               idempotent: pair exists
  already_logged #56 PDX v SEA @ T-8h               idempotent: pair exists
  already_logged #57 MIN v LVA @ T-90m              idempotent: pair exists
  late_prevented #58 CHI v IND @ T-8h               cutoff 2026-08-08T11:35:00+00:00 already passed at 2026-08-1
  already_logged #59 PDX v SEA @ T-8h               idempotent: pair exists
  already_logged #60 PDX v SEA @ T-90m              idempotent: pair exists
  skip           #61 CHI v IND @ unknown-tip        base record is an explicit no-forecast; nothing to pair
  skip           #62 MIN v LVA @ unknown-tip        base record is an explicit no-forecast; nothing to pair
  already_logged #63 PDX v SEA @ T-30m              idempotent: pair exists
  already_logged #64 WAS v LAS @ T-90m              idempotent: pair exists
  already_logged #65 LVA v MIN @ T-90m              idempotent: pair exists
  already_logged #66 WAS v LAS @ T-30m              idempotent: pair exists
  late_prevented #67 LVA v MIN @ T-90m              cutoff 2026-08-15T22:35:00+00:00 already passed at 2026-08-1
  skip           #68 CON v NYL @ unknown-tip        base record is an explicit no-forecast; nothing to pair
  late_prevented #69 LVA v MIN @ T-30m              cutoff 2026-08-15T23:35:00+00:00 already passed at 2026-08-1

  already_logged=46, late_prevented=19, skip=5
  arm chain: ok=True n=41 tip=2d92d878aeb91d29
  receipt appended to prospective_pair_runs.jsonl
[arm] exit=0 
====================================================================================================
FORECAST COVERAGE AUDIT   generated 2026-08-16T18:30:09.475588+00:00
====================================================================================================

CUMULATIVE by classification
  missing_job_did_not_run      65
  forecast_logged              52
  before_period_start          15
  not_yet_due                  10
  missing_data_unavailable     9
  late_record                  5

  obligations 156 | due 131 | served 52 | coverage 39.7%
  operational misses 65 | unexplained 0
  PROMOTION-GRADE: NO   (needs >= 95% served, <= 0 operational misses, all explained)

DAILY
  date         oblig  served     due     excl    opmiss arm_recs
  2026-07-30      12       0       0       12         0        0
  2026-07-31      12       6       9        3         0        0
  2026-08-01       8       2       8        0         6        0
  2026-08-02      16       0      16        0        16        0
  2026-08-03      12       6      12        0         3        3
  2026-08-04       4       3       4        0         1        3
  2026-08-05      16       9      16        0         4        9
  2026-08-06      12       7      12        0         3        7
  2026-08-07      12       9      12        0         3        9
  2026-08-08      12       6      12        0         3        4
  2026-08-09      16       0      16        0        16        0
  2026-08-15       8       4       8        0         4        1
  2026-08-16      12       0       6        6         6        0
  2026-08-17       4       0       0        4         0        0

EVERY MISSING OR IRREGULAR OBLIGATION (each must carry an explanation)
  2026-07-31 ATL v SEA T-90m   missing_data_unavailable   job served 1 other game(s) on 2026-07-31 at T-90m
  2026-07-31 WAS v DAL T-90m   missing_data_unavailable   job served 1 other game(s) on 2026-07-31 at T-90m
  2026-07-31 PDX v IND T-30m   missing_data_unavailable   job served 2 other game(s) on 2026-07-31 at T-30m
  2026-08-01 CHI v LVA T-24h   missing_job_did_not_run    no base record for ANY game on 2026-08-01 at T-24h
  2026-08-01 CHI v LVA T-8h    missing_job_did_not_run    no base record for ANY game on 2026-08-01 at T-8h
  2026-08-01 CHI v LVA T-30m   missing_job_did_not_run    no base record for ANY game on 2026-08-01 at T-30m
  2026-08-01 PHX v NYL T-24h   missing_job_did_not_run    no base record for ANY game on 2026-08-01 at T-24h
  2026-08-01 PHX v NYL T-8h    missing_job_did_not_run    no base record for ANY game on 2026-08-01 at T-8h
  2026-08-01 PHX v NYL T-30m   missing_job_did_not_run    no base record for ANY game on 2026-08-01 at T-30m
  2026-08-02 DAL v CON T-24h   missing_job_did_not_run    no base record for ANY game on 2026-08-02 at T-24h
  2026-08-02 DAL v CON T-8h    missing_job_did_not_run    no base record for ANY game on 2026-08-02 at T-8h
  2026-08-02 DAL v CON T-90m   missing_job_did_not_run    no base record for ANY game on 2026-08-02 at T-90m
  2026-08-02 DAL v CON T-30m   missing_job_did_not_run    no base record for ANY game on 2026-08-02 at T-30m
  2026-08-02 GSV v TOR T-24h   missing_job_did_not_run    no base record for ANY game on 2026-08-02 at T-24h
  2026-08-02 GSV v TOR T-8h    missing_job_did_not_run    no base record for ANY game on 2026-08-02 at T-8h
  2026-08-02 GSV v TOR T-90m   missing_job_did_not_run    no base record for ANY game on 2026-08-02 at T-90m
  2026-08-02 GSV v TOR T-30m   missing_job_did_not_run    no base record for ANY game on 2026-08-02 at T-30m
  2026-08-02 MIN v IND T-24h   missing_job_did_not_run    no base record for ANY game on 2026-08-02 at T-24h
  2026-08-02 MIN v IND T-8h    missing_job_did_not_run    no base record for ANY game on 2026-08-02 at T-8h
  2026-08-02 MIN v IND T-90m   missing_job_did_not_run    no base record for ANY game on 2026-08-02 at T-90m
  2026-08-02 MIN v IND T-30m   missing_job_did_not_run    no base record for ANY game on 2026-08-02 at T-30m
  2026-08-02 PDX v LAS T-24h   missing_job_did_not_run    no base record for ANY game on 2026-08-02 at T-24h
  2026-08-02 PDX v LAS T-8h    missing_job_did_not_run    no base record for ANY game on 2026-08-02 at T-8h
  2026-08-02 PDX v LAS T-90m   missing_job_did_not_run    no base record for ANY game on 2026-08-02 at T-90m
  2026-08-02 PDX v LAS T-30m   missing_job_did_not_run    no base record for ANY game on 2026-08-02 at T-30m
  2026-08-03 NYL v SEA T-24h   missing_job_did_not_run    no base record for ANY game on 2026-08-03 at T-24h
  2026-08-03 NYL v SEA T-30m   late_record                created 2026-08-03T22:45:08.958486+00:00 after cutoff
  2026-08-03 ATL v LVA T-24h   missing_job_did_not_run    no base record for ANY game on 2026-08-03 at T-24h
  2026-08-03 ATL v LVA T-30m   late_record                created 2026-08-03T22:45:08.976775+00:00 after cutoff
  2026-08-03 CHI v PHX T-24h   missing_job_did_not_run    no base record for ANY game on 2026-08-03 at T-24h
  2026-08-03 CHI v PHX T-30m   missing_data_unavailable   job served 2 other game(s) on 2026-08-03 at T-30m
  2026-08-04 GSV v TOR T-24h   missing_job_did_not_run    no base record for ANY game on 2026-08-04 at T-24h
  2026-08-05 WAS v DAL T-24h   missing_job_did_not_run    no base record for ANY game on 2026-08-05 at T-24h
  2026-08-05 NYL v SEA T-24h   missing_job_did_not_run    no base record for ANY game on 2026-08-05 at T-24h
  2026-08-05 NYL v SEA T-30m   late_record                created 2026-08-05T22:45:07.299457+00:00 after cutoff
  2026-08-05 ATL v PHX T-24h   missing_job_did_not_run    no base record for ANY game on 2026-08-05 at T-24h
  2026-08-05 ATL v PHX T-30m   late_record                created 2026-08-05T22:45:07.274521+00:00 after cutoff
  2026-08-05 CHI v LAS T-24h   missing_job_did_not_run    no base record for ANY game on 2026-08-05 at T-24h
  2026-08-05 CHI v LAS T-30m   missing_data_unavailable   job served 3 other game(s) on 2026-08-05 at T-30m
  2026-08-06 IND v LVA T-24h   missing_job_did_not_run    no base record for ANY game on 2026-08-06 at T-24h
  2026-08-06 IND v LVA T-30m   late_record                created 2026-08-06T22:45:09.382682+00:00 after cutoff
  2026-08-06 PDX v TOR T-24h   missing_job_did_not_run    no base record for ANY game on 2026-08-06 at T-24h
  2026-08-06 MIN v LAS T-24h   missing_job_did_not_run    no base record for ANY game on 2026-08-06 at T-24h
  2026-08-06 MIN v LAS T-30m   missing_data_unavailable   job served 2 other game(s) on 2026-08-06 at T-30m
  2026-08-07 WAS v ATL T-24h   missing_job_did_not_run    no base record for ANY game on 2026-08-07 at T-24h
  2026-08-07 CON v PHX T-24h   missing_job_did_not_run    no base record for ANY game on 2026-08-07 at T-24h
  2026-08-07 DAL v GSV T-24h   missing_job_did_not_run    no base record for ANY game on 2026-08-07 at T-24h
  2026-08-08 CHI v IND T-24h   missing_job_did_not_run    no base record for ANY game on 2026-08-08 at T-24h
  2026-08-08 CHI v IND T-90m   missing_data_unavailable   job served 2 other game(s) on 2026-08-08 at T-90m
  2026-08-08 CHI v IND T-30m   missing_data_unavailable   job served 1 other game(s) on 2026-08-08 at T-30m
  2026-08-08 MIN v LVA T-24h   missing_job_did_not_run    no base record for ANY game on 2026-08-08 at T-24h
  2026-08-08 MIN v LVA T-30m   missing_data_unavailable   job served 1 other game(s) on 2026-08-08 at T-30m
  2026-08-08 PDX v SEA T-24h   missing_job_did_not_run    no base record for ANY game on 2026-08-08 at T-24h
  2026-08-09 WAS v PHX T-24h   missing_job_did_not_run    no base record for ANY game on 2026-08-09 at T-24h
  2026-08-09 WAS v PHX T-8h    missing_job_did_not_run    no base record for ANY game on 2026-08-09 at T-8h
  2026-08-09 WAS v PHX T-90m   missing_job_did_not_run    no base record for ANY game on 2026-08-09 at T-90m
  2026-08-09 WAS v PHX T-30m   missing_job_did_not_run    no base record for ANY game on 2026-08-09 at T-30m
  2026-08-09 LAS v GSV T-24h   missing_job_did_not_run    no base record for ANY game on 2026-08-09 at T-24h
  2026-08-09 LAS v GSV T-8h    missing_job_did_not_run    no base record for ANY game on 2026-08-09 at T-8h
  2026-08-09 LAS v GSV T-90m   missing_job_did_not_run    no base record for ANY game on 2026-08-09 at T-90m
  2026-08-09 LAS v GSV T-30m   missing_job_did_not_run    no base record for ANY game on 2026-08-09 at T-30m
  2026-08-09 NYL v LVA T-24h   missing_job_did_not_run    no base record for ANY game on 2026-08-09 at T-24h
  2026-08-09 NYL v LVA T-8h    missing_job_did_not_run    no base record for ANY game on 2026-08-09 at T-8h
  2026-08-09 NYL v LVA T-90m   missing_job_did_not_run    no base record for ANY game on 2026-08-09 at T-90m
  2026-08-09 NYL v LVA T-30m   missing_job_did_not_run    no base record for ANY game on 2026-08-09 at T-30m
  2026-08-09 MIN v DAL T-24h   missing_job_did_not_run    no base record for ANY game on 2026-08-09 at T-24h
  2026-08-09 MIN v DAL T-8h    missing_job_did_not_run    no base record for ANY game on 2026-08-09 at T-8h
  2026-08-09 MIN v DAL T-90m   missing_job_did_not_run    no base record for ANY game on 2026-08-09 at T-90m
  2026-08-09 MIN v DAL T-30m   missing_job_did_not_run    no base record for ANY game on 2026-08-09 at T-30m
  2026-08-15 WAS v LAS T-24h   missing_job_did_not_run    no base record for ANY game on 2026-08-15 at T-24h
  2026-08-15 WAS v LAS T-8h    missing_job_did_not_run    no base record for ANY game on 2026-08-15 at T-8h
  2026-08-15 LVA v MIN T-24h   missing_job_did_not_run    no base record for ANY game on 2026-08-15 at T-24h
  2026-08-15 LVA v MIN T-8h    missing_job_did_not_run    no base record for ANY game on 2026-08-15 at T-8h
  2026-08-16 ATL v IND T-24h   missing_job_did_not_run    no base record for ANY game on 2026-08-16 at T-24h
  2026-08-16 ATL v IND T-8h    missing_job_did_not_run    no base record for ANY game on 2026-08-16 at T-8h
  2026-08-16 SEA v CHI T-24h   missing_job_did_not_run    no base record for ANY game on 2026-08-16 at T-24h
  2026-08-16 SEA v CHI T-8h    missing_job_did_not_run    no base record for ANY game on 2026-08-16 at T-8h
  2026-08-16 PHX v PDX T-24h   missing_job_did_not_run    no base record for ANY game on 2026-08-16 at T-24h
  2026-08-16 PHX v PDX T-8h    missing_job_did_not_run    no base record for ANY game on 2026-08-16 at T-8h

wrote forecasts/coverage_audit.csv and forecasts/coverage_receipt.json
[audit] exit=0 
==== Sun 08/16/2026 14:45:04.81 ==== 
[gate] 2026-08-16T18:45:05.885941+00:00  fire=False  -- no unserved obligation inside its 20-minute lead window (4 upcoming game(s) examined); 4 slate game(s) have no official game_id and were served under a provisional id: ATL v IND (2026-08-16) -> PROV-2026-08-16-IND@ATL, SEA v CHI (2026-08-16) -> PROV-2026-08-16-CHI@SEA, PHX v PDX (2026-08-16) -> PROV-2026-08-16-PDX@PHX, GSV v DAL (2026-08-17) -> PROV-2026-08-17-DAL@GSV
       ATL v IND      T-90m   unserved cutoff 2026-08-16T19:30:00 (+45 min) 
       SEA v CHI      T-90m   unserved cutoff 2026-08-16T19:30:00 (+45 min) 
       PHX v PDX      T-90m   unserved cutoff 2026-08-16T21:30:00 (+165 min) 
       GSV v DAL      T-24h   unserved cutoff 2026-08-17T02:00:00 (+435 min) 
[gate] skipping the base job
[base] skipped - no unserved obligation in its lead window 
[base] exit=0 
================================================================================================
PROSPECTIVE PAIR RUNNER  2026-08-16T18:45:07.420209+00:00  model=ridge_score_level_w2c1_v1 hash=5d295bb8b99cd34e
================================================================================================
base records in official chain: 70
  late_prevented #0 ATL v SEA @ T-8h                cutoff 2026-07-31T15:35:00+00:00 already passed at 2026-08-1
  late_prevented #1 WAS v DAL @ T-8h                cutoff 2026-07-31T15:35:00+00:00 already passed at 2026-08-1
  late_prevented #2 PDX v IND @ T-8h                cutoff 2026-07-31T18:06:00+00:00 already passed at 2026-08-1
  late_prevented #3 ATL v SEA @ T-30m               cutoff 2026-07-31T23:05:00+00:00 already passed at 2026-08-1
  late_prevented #4 WAS v DAL @ T-30m               cutoff 2026-07-31T23:05:00+00:00 already passed at 2026-08-1
  late_prevented #5 PDX v IND @ T-90m               cutoff 2026-08-01T00:36:00+00:00 already passed at 2026-08-1
  late_prevented #6 CHI v LVA @ T-90m               cutoff 2026-08-01T15:35:00+00:00 already passed at 2026-08-1
  late_prevented #7 PHX v NYL @ T-90m               cutoff 2026-08-01T17:34:00+00:00 already passed at 2026-08-1
  skip           #8 CHI v LVA @ unknown-tip         base record is an explicit no-forecast; nothing to pair
  skip           #9 PHX v NYL @ unknown-tip         base record is an explicit no-forecast; nothing to pair
  late_prevented #10 NYL v SEA @ T-8h               cutoff 2026-08-03T15:04:00+00:00 already passed at 2026-08-1
  late_prevented #11 ATL v LVA @ T-8h               cutoff 2026-08-03T15:14:00+00:00 already passed at 2026-08-1
  late_prevented #12 CHI v PHX @ T-8h               cutoff 2026-08-03T17:08:00+00:00 already passed at 2026-08-1
  already_logged #13 NYL v SEA @ T-90m              idempotent: pair exists
  already_logged #14 ATL v LVA @ T-90m              idempotent: pair exists
  already_logged #15 CHI v PHX @ T-90m              idempotent: pair exists
  already_logged #16 NYL v SEA @ T-90m              idempotent: pair exists
  already_logged #17 ATL v LVA @ T-90m              idempotent: pair exists
  already_logged #18 CHI v PHX @ T-90m              idempotent: pair exists
  late_prevented #19 NYL v SEA @ T-30m              cutoff 2026-08-03T22:34:00+00:00 already passed at 2026-08-1
  late_prevented #20 ATL v LVA @ T-30m              cutoff 2026-08-03T22:44:00+00:00 already passed at 2026-08-1
  already_logged #21 CHI v PHX @ T-90m              idempotent: pair exists
  already_logged #22 GSV v TOR @ T-8h               idempotent: pair exists
  already_logged #23 GSV v TOR @ T-90m              idempotent: pair exists
  already_logged #24 GSV v TOR @ T-30m              idempotent: pair exists
  already_logged #25 ATL v PHX @ T-8h               idempotent: pair exists
  already_logged #26 NYL v SEA @ T-8h               idempotent: pair exists
  already_logged #27 WAS v DAL @ T-8h               idempotent: pair exists
  already_logged #28 CHI v LAS @ T-8h               idempotent: pair exists
  already_logged #29 ATL v PHX @ T-90m              idempotent: pair exists
  already_logged #30 NYL v SEA @ T-90m              idempotent: pair exists
  already_logged #31 WAS v DAL @ T-90m              idempotent: pair exists
  already_logged #32 CHI v LAS @ T-90m              idempotent: pair exists
  late_prevented #33 ATL v PHX @ T-30m              cutoff 2026-08-05T22:33:00+00:00 already passed at 2026-08-1
  late_prevented #34 NYL v SEA @ T-30m              cutoff 2026-08-05T22:38:00+00:00 already passed at 2026-08-1
  already_logged #35 WAS v DAL @ T-30m              idempotent: pair exists
  already_logged #36 CHI v LAS @ T-90m              idempotent: pair exists
  already_logged #37 IND v LVA @ T-8h               idempotent: pair exists
  already_logged #38 MIN v LAS @ T-8h               idempotent: pair exists
  already_logged #39 PDX v TOR @ T-8h               idempotent: pair exists
  already_logged #40 IND v LVA @ T-90m              idempotent: pair exists
  already_logged #41 MIN v LAS @ T-90m              idempotent: pair exists
  already_logged #42 PDX v TOR @ T-90m              idempotent: pair exists
  late_prevented #43 IND v LVA @ T-30m              cutoff 2026-08-06T22:36:00+00:00 already passed at 2026-08-1
  already_logged #44 PDX v TOR @ T-30m              idempotent: pair exists
  already_logged #45 CON v PHX @ T-8h               idempotent: pair exists
  already_logged #46 WAS v ATL @ T-8h               idempotent: pair exists
  already_logged #47 DAL v GSV @ T-8h               idempotent: pair exists
  already_logged #48 CON v PHX @ T-90m              idempotent: pair exists
  already_logged #49 WAS v ATL @ T-90m              idempotent: pair exists
  already_logged #50 DAL v GSV @ T-90m              idempotent: pair exists
  already_logged #51 CON v PHX @ T-30m              idempotent: pair exists
  already_logged #52 WAS v ATL @ T-30m              idempotent: pair exists
  already_logged #53 DAL v GSV @ T-30m              idempotent: pair exists
  already_logged #54 MIN v LVA @ T-8h               idempotent: pair exists
  already_logged #55 CHI v IND @ T-8h               idempotent: pair exists
  already_logged #56 PDX v SEA @ T-8h               idempotent: pair exists
  already_logged #57 MIN v LVA @ T-90m              idempotent: pair exists
  late_prevented #58 CHI v IND @ T-8h               cutoff 2026-08-08T11:35:00+00:00 already passed at 2026-08-1
  already_logged #59 PDX v SEA @ T-8h               idempotent: pair exists
  already_logged #60 PDX v SEA @ T-90m              idempotent: pair exists
  skip           #61 CHI v IND @ unknown-tip        base record is an explicit no-forecast; nothing to pair
  skip           #62 MIN v LVA @ unknown-tip        base record is an explicit no-forecast; nothing to pair
  already_logged #63 PDX v SEA @ T-30m              idempotent: pair exists
  already_logged #64 WAS v LAS @ T-90m              idempotent: pair exists
  already_logged #65 LVA v MIN @ T-90m              idempotent: pair exists
  already_logged #66 WAS v LAS @ T-30m              idempotent: pair exists
  late_prevented #67 LVA v MIN @ T-90m              cutoff 2026-08-15T22:35:00+00:00 already passed at 2026-08-1
  skip           #68 CON v NYL @ unknown-tip        base record is an explicit no-forecast; nothing to pair
  late_prevented #69 LVA v MIN @ T-30m              cutoff 2026-08-15T23:35:00+00:00 already passed at 2026-08-1

  already_logged=46, late_prevented=19, skip=5
  arm chain: ok=True n=41 tip=2d92d878aeb91d29
  receipt appended to prospective_pair_runs.jsonl
[arm] exit=0 
====================================================================================================
FORECAST COVERAGE AUDIT   generated 2026-08-16T18:45:09.196609+00:00
====================================================================================================

CUMULATIVE by classification
  missing_job_did_not_run      65
  forecast_logged              52
  before_period_start          15
  not_yet_due                  10
  missing_data_unavailable     9
  late_record                  5

  obligations 156 | due 131 | served 52 | coverage 39.7%
  operational misses 65 | unexplained 0
  PROMOTION-GRADE: NO   (needs >= 95% served, <= 0 operational misses, all explained)

DAILY
  date         oblig  served     due     excl    opmiss arm_recs
  2026-07-30      12       0       0       12         0        0
  2026-07-31      12       6       9        3         0        0
  2026-08-01       8       2       8        0         6        0
  2026-08-02      16       0      16        0        16        0
  2026-08-03      12       6      12        0         3        3
  2026-08-04       4       3       4        0         1        3
  2026-08-05      16       9      16        0         4        9
  2026-08-06      12       7      12        0         3        7
  2026-08-07      12       9      12        0         3        9
  2026-08-08      12       6      12        0         3        4
  2026-08-09      16       0      16        0        16        0
  2026-08-15       8       4       8        0         4        1
  2026-08-16      12       0       6        6         6        0
  2026-08-17       4       0       0        4         0        0

EVERY MISSING OR IRREGULAR OBLIGATION (each must carry an explanation)
  2026-07-31 ATL v SEA T-90m   missing_data_unavailable   job served 1 other game(s) on 2026-07-31 at T-90m
  2026-07-31 WAS v DAL T-90m   missing_data_unavailable   job served 1 other game(s) on 2026-07-31 at T-90m
  2026-07-31 PDX v IND T-30m   missing_data_unavailable   job served 2 other game(s) on 2026-07-31 at T-30m
  2026-08-01 CHI v LVA T-24h   missing_job_did_not_run    no base record for ANY game on 2026-08-01 at T-24h
  2026-08-01 CHI v LVA T-8h    missing_job_did_not_run    no base record for ANY game on 2026-08-01 at T-8h
  2026-08-01 CHI v LVA T-30m   missing_job_did_not_run    no base record for ANY game on 2026-08-01 at T-30m
  2026-08-01 PHX v NYL T-24h   missing_job_did_not_run    no base record for ANY game on 2026-08-01 at T-24h
  2026-08-01 PHX v NYL T-8h    missing_job_did_not_run    no base record for ANY game on 2026-08-01 at T-8h
  2026-08-01 PHX v NYL T-30m   missing_job_did_not_run    no base record for ANY game on 2026-08-01 at T-30m
  2026-08-02 DAL v CON T-24h   missing_job_did_not_run    no base record for ANY game on 2026-08-02 at T-24h
  2026-08-02 DAL v CON T-8h    missing_job_did_not_run    no base record for ANY game on 2026-08-02 at T-8h
  2026-08-02 DAL v CON T-90m   missing_job_did_not_run    no base record for ANY game on 2026-08-02 at T-90m
  2026-08-02 DAL v CON T-30m   missing_job_did_not_run    no base record for ANY game on 2026-08-02 at T-30m
  2026-08-02 GSV v TOR T-24h   missing_job_did_not_run    no base record for ANY game on 2026-08-02 at T-24h
  2026-08-02 GSV v TOR T-8h    missing_job_did_not_run    no base record for ANY game on 2026-08-02 at T-8h
  2026-08-02 GSV v TOR T-90m   missing_job_did_not_run    no base record for ANY game on 2026-08-02 at T-90m
  2026-08-02 GSV v TOR T-30m   missing_job_did_not_run    no base record for ANY game on 2026-08-02 at T-30m
  2026-08-02 MIN v IND T-24h   missing_job_did_not_run    no base record for ANY game on 2026-08-02 at T-24h
  2026-08-02 MIN v IND T-8h    missing_job_did_not_run    no base record for ANY game on 2026-08-02 at T-8h
  2026-08-02 MIN v IND T-90m   missing_job_did_not_run    no base record for ANY game on 2026-08-02 at T-90m
  2026-08-02 MIN v IND T-30m   missing_job_did_not_run    no base record for ANY game on 2026-08-02 at T-30m
  2026-08-02 PDX v LAS T-24h   missing_job_did_not_run    no base record for ANY game on 2026-08-02 at T-24h
  2026-08-02 PDX v LAS T-8h    missing_job_did_not_run    no base record for ANY game on 2026-08-02 at T-8h
  2026-08-02 PDX v LAS T-90m   missing_job_did_not_run    no base record for ANY game on 2026-08-02 at T-90m
  2026-08-02 PDX v LAS T-30m   missing_job_did_not_run    no base record for ANY game on 2026-08-02 at T-30m
  2026-08-03 NYL v SEA T-24h   missing_job_did_not_run    no base record for ANY game on 2026-08-03 at T-24h
  2026-08-03 NYL v SEA T-30m   late_record                created 2026-08-03T22:45:08.958486+00:00 after cutoff
  2026-08-03 ATL v LVA T-24h   missing_job_did_not_run    no base record for ANY game on 2026-08-03 at T-24h
  2026-08-03 ATL v LVA T-30m   late_record                created 2026-08-03T22:45:08.976775+00:00 after cutoff
  2026-08-03 CHI v PHX T-24h   missing_job_did_not_run    no base record for ANY game on 2026-08-03 at T-24h
  2026-08-03 CHI v PHX T-30m   missing_data_unavailable   job served 2 other game(s) on 2026-08-03 at T-30m
  2026-08-04 GSV v TOR T-24h   missing_job_did_not_run    no base record for ANY game on 2026-08-04 at T-24h
  2026-08-05 WAS v DAL T-24h   missing_job_did_not_run    no base record for ANY game on 2026-08-05 at T-24h
  2026-08-05 NYL v SEA T-24h   missing_job_did_not_run    no base record for ANY game on 2026-08-05 at T-24h
  2026-08-05 NYL v SEA T-30m   late_record                created 2026-08-05T22:45:07.299457+00:00 after cutoff
  2026-08-05 ATL v PHX T-24h   missing_job_did_not_run    no base record for ANY game on 2026-08-05 at T-24h
  2026-08-05 ATL v PHX T-30m   late_record                created 2026-08-05T22:45:07.274521+00:00 after cutoff
  2026-08-05 CHI v LAS T-24h   missing_job_did_not_run    no base record for ANY game on 2026-08-05 at T-24h
  2026-08-05 CHI v LAS T-30m   missing_data_unavailable   job served 3 other game(s) on 2026-08-05 at T-30m
  2026-08-06 IND v LVA T-24h   missing_job_did_not_run    no base record for ANY game on 2026-08-06 at T-24h
  2026-08-06 IND v LVA T-30m   late_record                created 2026-08-06T22:45:09.382682+00:00 after cutoff
  2026-08-06 PDX v TOR T-24h   missing_job_did_not_run    no base record for ANY game on 2026-08-06 at T-24h
  2026-08-06 MIN v LAS T-24h   missing_job_did_not_run    no base record for ANY game on 2026-08-06 at T-24h
  2026-08-06 MIN v LAS T-30m   missing_data_unavailable   job served 2 other game(s) on 2026-08-06 at T-30m
  2026-08-07 WAS v ATL T-24h   missing_job_did_not_run    no base record for ANY game on 2026-08-07 at T-24h
  2026-08-07 CON v PHX T-24h   missing_job_did_not_run    no base record for ANY game on 2026-08-07 at T-24h
  2026-08-07 DAL v GSV T-24h   missing_job_did_not_run    no base record for ANY game on 2026-08-07 at T-24h
  2026-08-08 CHI v IND T-24h   missing_job_did_not_run    no base record for ANY game on 2026-08-08 at T-24h
  2026-08-08 CHI v IND T-90m   missing_data_unavailable   job served 2 other game(s) on 2026-08-08 at T-90m
  2026-08-08 CHI v IND T-30m   missing_data_unavailable   job served 1 other game(s) on 2026-08-08 at T-30m
  2026-08-08 MIN v LVA T-24h   missing_job_did_not_run    no base record for ANY game on 2026-08-08 at T-24h
  2026-08-08 MIN v LVA T-30m   missing_data_unavailable   job served 1 other game(s) on 2026-08-08 at T-30m
  2026-08-08 PDX v SEA T-24h   missing_job_did_not_run    no base record for ANY game on 2026-08-08 at T-24h
  2026-08-09 WAS v PHX T-24h   missing_job_did_not_run    no base record for ANY game on 2026-08-09 at T-24h
  2026-08-09 WAS v PHX T-8h    missing_job_did_not_run    no base record for ANY game on 2026-08-09 at T-8h
  2026-08-09 WAS v PHX T-90m   missing_job_did_not_run    no base record for ANY game on 2026-08-09 at T-90m
  2026-08-09 WAS v PHX T-30m   missing_job_did_not_run    no base record for ANY game on 2026-08-09 at T-30m
  2026-08-09 LAS v GSV T-24h   missing_job_did_not_run    no base record for ANY game on 2026-08-09 at T-24h
  2026-08-09 LAS v GSV T-8h    missing_job_did_not_run    no base record for ANY game on 2026-08-09 at T-8h
  2026-08-09 LAS v GSV T-90m   missing_job_did_not_run    no base record for ANY game on 2026-08-09 at T-90m
  2026-08-09 LAS v GSV T-30m   missing_job_did_not_run    no base record for ANY game on 2026-08-09 at T-30m
  2026-08-09 NYL v LVA T-24h   missing_job_did_not_run    no base record for ANY game on 2026-08-09 at T-24h
  2026-08-09 NYL v LVA T-8h    missing_job_did_not_run    no base record for ANY game on 2026-08-09 at T-8h
  2026-08-09 NYL v LVA T-90m   missing_job_did_not_run    no base record for ANY game on 2026-08-09 at T-90m
  2026-08-09 NYL v LVA T-30m   missing_job_did_not_run    no base record for ANY game on 2026-08-09 at T-30m
  2026-08-09 MIN v DAL T-24h   missing_job_did_not_run    no base record for ANY game on 2026-08-09 at T-24h
  2026-08-09 MIN v DAL T-8h    missing_job_did_not_run    no base record for ANY game on 2026-08-09 at T-8h
  2026-08-09 MIN v DAL T-90m   missing_job_did_not_run    no base record for ANY game on 2026-08-09 at T-90m
  2026-08-09 MIN v DAL T-30m   missing_job_did_not_run    no base record for ANY game on 2026-08-09 at T-30m
  2026-08-15 WAS v LAS T-24h   missing_job_did_not_run    no base record for ANY game on 2026-08-15 at T-24h
  2026-08-15 WAS v LAS T-8h    missing_job_did_not_run    no base record for ANY game on 2026-08-15 at T-8h
  2026-08-15 LVA v MIN T-24h   missing_job_did_not_run    no base record for ANY game on 2026-08-15 at T-24h
  2026-08-15 LVA v MIN T-8h    missing_job_did_not_run    no base record for ANY game on 2026-08-15 at T-8h
  2026-08-16 ATL v IND T-24h   missing_job_did_not_run    no base record for ANY game on 2026-08-16 at T-24h
  2026-08-16 ATL v IND T-8h    missing_job_did_not_run    no base record for ANY game on 2026-08-16 at T-8h
  2026-08-16 SEA v CHI T-24h   missing_job_did_not_run    no base record for ANY game on 2026-08-16 at T-24h
  2026-08-16 SEA v CHI T-8h    missing_job_did_not_run    no base record for ANY game on 2026-08-16 at T-8h
  2026-08-16 PHX v PDX T-24h   missing_job_did_not_run    no base record for ANY game on 2026-08-16 at T-24h
  2026-08-16 PHX v PDX T-8h    missing_job_did_not_run    no base record for ANY game on 2026-08-16 at T-8h

wrote forecasts/coverage_audit.csv and forecasts/coverage_receipt.json
[audit] exit=0 
==== Sun 08/16/2026 15:00:06.01 ==== 
[gate] 2026-08-16T19:00:07.090775+00:00  fire=False  -- no unserved obligation inside its 20-minute lead window (5 upcoming game(s) examined); 5 slate game(s) have no official game_id and were served under a provisional id: ATL v IND (2026-08-16) -> PROV-2026-08-16-IND@ATL, SEA v CHI (2026-08-16) -> PROV-2026-08-16-CHI@SEA, PHX v PDX (2026-08-16) -> PROV-2026-08-16-PDX@PHX, GSV v DAL (2026-08-17) -> PROV-2026-08-17-DAL@GSV, CON v LAS (2026-08-18) -> PROV-2026-08-18-LAS@CON
       ATL v IND      T-90m   unserved cutoff 2026-08-16T19:30:00 (+30 min) 
       SEA v CHI      T-90m   unserved cutoff 2026-08-16T19:30:00 (+30 min) 
       PHX v PDX      T-90m   unserved cutoff 2026-08-16T21:30:00 (+150 min) 
       GSV v DAL      T-24h   unserved cutoff 2026-08-17T02:00:00 (+420 min) 
       CON v LAS      T-24h   unserved cutoff 2026-08-17T23:00:00 (+1680 min) 
[gate] skipping the base job
[base] skipped - no unserved obligation in its lead window 
[base] exit=0 
================================================================================================
PROSPECTIVE PAIR RUNNER  2026-08-16T19:00:08.552208+00:00  model=ridge_score_level_w2c1_v1 hash=5d295bb8b99cd34e
================================================================================================
base records in official chain: 70
  late_prevented #0 ATL v SEA @ T-8h                cutoff 2026-07-31T15:35:00+00:00 already passed at 2026-08-1
  late_prevented #1 WAS v DAL @ T-8h                cutoff 2026-07-31T15:35:00+00:00 already passed at 2026-08-1
  late_prevented #2 PDX v IND @ T-8h                cutoff 2026-07-31T18:06:00+00:00 already passed at 2026-08-1
  late_prevented #3 ATL v SEA @ T-30m               cutoff 2026-07-31T23:05:00+00:00 already passed at 2026-08-1
  late_prevented #4 WAS v DAL @ T-30m               cutoff 2026-07-31T23:05:00+00:00 already passed at 2026-08-1
  late_prevented #5 PDX v IND @ T-90m               cutoff 2026-08-01T00:36:00+00:00 already passed at 2026-08-1
  late_prevented #6 CHI v LVA @ T-90m               cutoff 2026-08-01T15:35:00+00:00 already passed at 2026-08-1
  late_prevented #7 PHX v NYL @ T-90m               cutoff 2026-08-01T17:34:00+00:00 already passed at 2026-08-1
  skip           #8 CHI v LVA @ unknown-tip         base record is an explicit no-forecast; nothing to pair
  skip           #9 PHX v NYL @ unknown-tip         base record is an explicit no-forecast; nothing to pair
  late_prevented #10 NYL v SEA @ T-8h               cutoff 2026-08-03T15:04:00+00:00 already passed at 2026-08-1
  late_prevented #11 ATL v LVA @ T-8h               cutoff 2026-08-03T15:14:00+00:00 already passed at 2026-08-1
  late_prevented #12 CHI v PHX @ T-8h               cutoff 2026-08-03T17:08:00+00:00 already passed at 2026-08-1
  already_logged #13 NYL v SEA @ T-90m              idempotent: pair exists
  already_logged #14 ATL v LVA @ T-90m              idempotent: pair exists
  already_logged #15 CHI v PHX @ T-90m              idempotent: pair exists
  already_logged #16 NYL v SEA @ T-90m              idempotent: pair exists
  already_logged #17 ATL v LVA @ T-90m              idempotent: pair exists
  already_logged #18 CHI v PHX @ T-90m              idempotent: pair exists
  late_prevented #19 NYL v SEA @ T-30m              cutoff 2026-08-03T22:34:00+00:00 already passed at 2026-08-1
  late_prevented #20 ATL v LVA @ T-30m              cutoff 2026-08-03T22:44:00+00:00 already passed at 2026-08-1
  already_logged #21 CHI v PHX @ T-90m              idempotent: pair exists
  already_logged #22 GSV v TOR @ T-8h               idempotent: pair exists
  already_logged #23 GSV v TOR @ T-90m              idempotent: pair exists
  already_logged #24 GSV v TOR @ T-30m              idempotent: pair exists
  already_logged #25 ATL v PHX @ T-8h               idempotent: pair exists
  already_logged #26 NYL v SEA @ T-8h               idempotent: pair exists
  already_logged #27 WAS v DAL @ T-8h               idempotent: pair exists
  already_logged #28 CHI v LAS @ T-8h               idempotent: pair exists
  already_logged #29 ATL v PHX @ T-90m              idempotent: pair exists
  already_logged #30 NYL v SEA @ T-90m              idempotent: pair exists
  already_logged #31 WAS v DAL @ T-90m              idempotent: pair exists
  already_logged #32 CHI v LAS @ T-90m              idempotent: pair exists
  late_prevented #33 ATL v PHX @ T-30m              cutoff 2026-08-05T22:33:00+00:00 already passed at 2026-08-1
  late_prevented #34 NYL v SEA @ T-30m              cutoff 2026-08-05T22:38:00+00:00 already passed at 2026-08-1
  already_logged #35 WAS v DAL @ T-30m              idempotent: pair exists
  already_logged #36 CHI v LAS @ T-90m              idempotent: pair exists
  already_logged #37 IND v LVA @ T-8h               idempotent: pair exists
  already_logged #38 MIN v LAS @ T-8h               idempotent: pair exists
  already_logged #39 PDX v TOR @ T-8h               idempotent: pair exists
  already_logged #40 IND v LVA @ T-90m              idempotent: pair exists
  already_logged #41 MIN v LAS @ T-90m              idempotent: pair exists
  already_logged #42 PDX v TOR @ T-90m              idempotent: pair exists
  late_prevented #43 IND v LVA @ T-30m              cutoff 2026-08-06T22:36:00+00:00 already passed at 2026-08-1
  already_logged #44 PDX v TOR @ T-30m              idempotent: pair exists
  already_logged #45 CON v PHX @ T-8h               idempotent: pair exists
  already_logged #46 WAS v ATL @ T-8h               idempotent: pair exists
  already_logged #47 DAL v GSV @ T-8h               idempotent: pair exists
  already_logged #48 CON v PHX @ T-90m              idempotent: pair exists
  already_logged #49 WAS v ATL @ T-90m              idempotent: pair exists
  already_logged #50 DAL v GSV @ T-90m              idempotent: pair exists
  already_logged #51 CON v PHX @ T-30m              idempotent: pair exists
  already_logged #52 WAS v ATL @ T-30m              idempotent: pair exists
  already_logged #53 DAL v GSV @ T-30m              idempotent: pair exists
  already_logged #54 MIN v LVA @ T-8h               idempotent: pair exists
  already_logged #55 CHI v IND @ T-8h               idempotent: pair exists
  already_logged #56 PDX v SEA @ T-8h               idempotent: pair exists
  already_logged #57 MIN v LVA @ T-90m              idempotent: pair exists
  late_prevented #58 CHI v IND @ T-8h               cutoff 2026-08-08T11:35:00+00:00 already passed at 2026-08-1
  already_logged #59 PDX v SEA @ T-8h               idempotent: pair exists
  already_logged #60 PDX v SEA @ T-90m              idempotent: pair exists
  skip           #61 CHI v IND @ unknown-tip        base record is an explicit no-forecast; nothing to pair
  skip           #62 MIN v LVA @ unknown-tip        base record is an explicit no-forecast; nothing to pair
  already_logged #63 PDX v SEA @ T-30m              idempotent: pair exists
  already_logged #64 WAS v LAS @ T-90m              idempotent: pair exists
  already_logged #65 LVA v MIN @ T-90m              idempotent: pair exists
  already_logged #66 WAS v LAS @ T-30m              idempotent: pair exists
  late_prevented #67 LVA v MIN @ T-90m              cutoff 2026-08-15T22:35:00+00:00 already passed at 2026-08-1
  skip           #68 CON v NYL @ unknown-tip        base record is an explicit no-forecast; nothing to pair
  late_prevented #69 LVA v MIN @ T-30m              cutoff 2026-08-15T23:35:00+00:00 already passed at 2026-08-1

  already_logged=46, late_prevented=19, skip=5
  arm chain: ok=True n=41 tip=2d92d878aeb91d29
  receipt appended to prospective_pair_runs.jsonl
[arm] exit=0 
====================================================================================================
FORECAST COVERAGE AUDIT   generated 2026-08-16T19:00:10.242588+00:00
====================================================================================================

CUMULATIVE by classification
  missing_job_did_not_run      65
  forecast_logged              52
  before_period_start          15
  not_yet_due                  14
  missing_data_unavailable     9
  late_record                  5

  obligations 160 | due 131 | served 52 | coverage 39.7%
  operational misses 65 | unexplained 0
  PROMOTION-GRADE: NO   (needs >= 95% served, <= 0 operational misses, all explained)

DAILY
  date         oblig  served     due     excl    opmiss arm_recs
  2026-07-30      12       0       0       12         0        0
  2026-07-31      12       6       9        3         0        0
  2026-08-01       8       2       8        0         6        0
  2026-08-02      16       0      16        0        16        0
  2026-08-03      12       6      12        0         3        3
  2026-08-04       4       3       4        0         1        3
  2026-08-05      16       9      16        0         4        9
  2026-08-06      12       7      12        0         3        7
  2026-08-07      12       9      12        0         3        9
  2026-08-08      12       6      12        0         3        4
  2026-08-09      16       0      16        0        16        0
  2026-08-15       8       4       8        0         4        1
  2026-08-16      12       0       6        6         6        0
  2026-08-17       4       0       0        4         0        0
  2026-08-18       4       0       0        4         0        0

EVERY MISSING OR IRREGULAR OBLIGATION (each must carry an explanation)
  2026-07-31 ATL v SEA T-90m   missing_data_unavailable   job served 1 other game(s) on 2026-07-31 at T-90m
  2026-07-31 WAS v DAL T-90m   missing_data_unavailable   job served 1 other game(s) on 2026-07-31 at T-90m
  2026-07-31 PDX v IND T-30m   missing_data_unavailable   job served 2 other game(s) on 2026-07-31 at T-30m
  2026-08-01 CHI v LVA T-24h   missing_job_did_not_run    no base record for ANY game on 2026-08-01 at T-24h
  2026-08-01 CHI v LVA T-8h    missing_job_did_not_run    no base record for ANY game on 2026-08-01 at T-8h
  2026-08-01 CHI v LVA T-30m   missing_job_did_not_run    no base record for ANY game on 2026-08-01 at T-30m
  2026-08-01 PHX v NYL T-24h   missing_job_did_not_run    no base record for ANY game on 2026-08-01 at T-24h
  2026-08-01 PHX v NYL T-8h    missing_job_did_not_run    no base record for ANY game on 2026-08-01 at T-8h
  2026-08-01 PHX v NYL T-30m   missing_job_did_not_run    no base record for ANY game on 2026-08-01 at T-30m
  2026-08-02 DAL v CON T-24h   missing_job_did_not_run    no base record for ANY game on 2026-08-02 at T-24h
  2026-08-02 DAL v CON T-8h    missing_job_did_not_run    no base record for ANY game on 2026-08-02 at T-8h
  2026-08-02 DAL v CON T-90m   missing_job_did_not_run    no base record for ANY game on 2026-08-02 at T-90m
  2026-08-02 DAL v CON T-30m   missing_job_did_not_run    no base record for ANY game on 2026-08-02 at T-30m
  2026-08-02 GSV v TOR T-24h   missing_job_did_not_run    no base record for ANY game on 2026-08-02 at T-24h
  2026-08-02 GSV v TOR T-8h    missing_job_did_not_run    no base record for ANY game on 2026-08-02 at T-8h
  2026-08-02 GSV v TOR T-90m   missing_job_did_not_run    no base record for ANY game on 2026-08-02 at T-90m
  2026-08-02 GSV v TOR T-30m   missing_job_did_not_run    no base record for ANY game on 2026-08-02 at T-30m
  2026-08-02 MIN v IND T-24h   missing_job_did_not_run    no base record for ANY game on 2026-08-02 at T-24h
  2026-08-02 MIN v IND T-8h    missing_job_did_not_run    no base record for ANY game on 2026-08-02 at T-8h
  2026-08-02 MIN v IND T-90m   missing_job_did_not_run    no base record for ANY game on 2026-08-02 at T-90m
  2026-08-02 MIN v IND T-30m   missing_job_did_not_run    no base record for ANY game on 2026-08-02 at T-30m
  2026-08-02 PDX v LAS T-24h   missing_job_did_not_run    no base record for ANY game on 2026-08-02 at T-24h
  2026-08-02 PDX v LAS T-8h    missing_job_did_not_run    no base record for ANY game on 2026-08-02 at T-8h
  2026-08-02 PDX v LAS T-90m   missing_job_did_not_run    no base record for ANY game on 2026-08-02 at T-90m
  2026-08-02 PDX v LAS T-30m   missing_job_did_not_run    no base record for ANY game on 2026-08-02 at T-30m
  2026-08-03 NYL v SEA T-24h   missing_job_did_not_run    no base record for ANY game on 2026-08-03 at T-24h
  2026-08-03 NYL v SEA T-30m   late_record                created 2026-08-03T22:45:08.958486+00:00 after cutoff
  2026-08-03 ATL v LVA T-24h   missing_job_did_not_run    no base record for ANY game on 2026-08-03 at T-24h
  2026-08-03 ATL v LVA T-30m   late_record                created 2026-08-03T22:45:08.976775+00:00 after cutoff
  2026-08-03 CHI v PHX T-24h   missing_job_did_not_run    no base record for ANY game on 2026-08-03 at T-24h
  2026-08-03 CHI v PHX T-30m   missing_data_unavailable   job served 2 other game(s) on 2026-08-03 at T-30m
  2026-08-04 GSV v TOR T-24h   missing_job_did_not_run    no base record for ANY game on 2026-08-04 at T-24h
  2026-08-05 WAS v DAL T-24h   missing_job_did_not_run    no base record for ANY game on 2026-08-05 at T-24h
  2026-08-05 NYL v SEA T-24h   missing_job_did_not_run    no base record for ANY game on 2026-08-05 at T-24h
  2026-08-05 NYL v SEA T-30m   late_record                created 2026-08-05T22:45:07.299457+00:00 after cutoff
  2026-08-05 ATL v PHX T-24h   missing_job_did_not_run    no base record for ANY game on 2026-08-05 at T-24h
  2026-08-05 ATL v PHX T-30m   late_record                created 2026-08-05T22:45:07.274521+00:00 after cutoff
  2026-08-05 CHI v LAS T-24h   missing_job_did_not_run    no base record for ANY game on 2026-08-05 at T-24h
  2026-08-05 CHI v LAS T-30m   missing_data_unavailable   job served 3 other game(s) on 2026-08-05 at T-30m
  2026-08-06 IND v LVA T-24h   missing_job_did_not_run    no base record for ANY game on 2026-08-06 at T-24h
  2026-08-06 IND v LVA T-30m   late_record                created 2026-08-06T22:45:09.382682+00:00 after cutoff
  2026-08-06 PDX v TOR T-24h   missing_job_did_not_run    no base record for ANY game on 2026-08-06 at T-24h
  2026-08-06 MIN v LAS T-24h   missing_job_did_not_run    no base record for ANY game on 2026-08-06 at T-24h
  2026-08-06 MIN v LAS T-30m   missing_data_unavailable   job served 2 other game(s) on 2026-08-06 at T-30m
  2026-08-07 WAS v ATL T-24h   missing_job_did_not_run    no base record for ANY game on 2026-08-07 at T-24h
  2026-08-07 CON v PHX T-24h   missing_job_did_not_run    no base record for ANY game on 2026-08-07 at T-24h
  2026-08-07 DAL v GSV T-24h   missing_job_did_not_run    no base record for ANY game on 2026-08-07 at T-24h
  2026-08-08 CHI v IND T-24h   missing_job_did_not_run    no base record for ANY game on 2026-08-08 at T-24h
  2026-08-08 CHI v IND T-90m   missing_data_unavailable   job served 2 other game(s) on 2026-08-08 at T-90m
  2026-08-08 CHI v IND T-30m   missing_data_unavailable   job served 1 other game(s) on 2026-08-08 at T-30m
  2026-08-08 MIN v LVA T-24h   missing_job_did_not_run    no base record for ANY game on 2026-08-08 at T-24h
  2026-08-08 MIN v LVA T-30m   missing_data_unavailable   job served 1 other game(s) on 2026-08-08 at T-30m
  2026-08-08 PDX v SEA T-24h   missing_job_did_not_run    no base record for ANY game on 2026-08-08 at T-24h
  2026-08-09 WAS v PHX T-24h   missing_job_did_not_run    no base record for ANY game on 2026-08-09 at T-24h
  2026-08-09 WAS v PHX T-8h    missing_job_did_not_run    no base record for ANY game on 2026-08-09 at T-8h
  2026-08-09 WAS v PHX T-90m   missing_job_did_not_run    no base record for ANY game on 2026-08-09 at T-90m
  2026-08-09 WAS v PHX T-30m   missing_job_did_not_run    no base record for ANY game on 2026-08-09 at T-30m
  2026-08-09 LAS v GSV T-24h   missing_job_did_not_run    no base record for ANY game on 2026-08-09 at T-24h
  2026-08-09 LAS v GSV T-8h    missing_job_did_not_run    no base record for ANY game on 2026-08-09 at T-8h
  2026-08-09 LAS v GSV T-90m   missing_job_did_not_run    no base record for ANY game on 2026-08-09 at T-90m
  2026-08-09 LAS v GSV T-30m   missing_job_did_not_run    no base record for ANY game on 2026-08-09 at T-30m
  2026-08-09 NYL v LVA T-24h   missing_job_did_not_run    no base record for ANY game on 2026-08-09 at T-24h
  2026-08-09 NYL v LVA T-8h    missing_job_did_not_run    no base record for ANY game on 2026-08-09 at T-8h
  2026-08-09 NYL v LVA T-90m   missing_job_did_not_run    no base record for ANY game on 2026-08-09 at T-90m
  2026-08-09 NYL v LVA T-30m   missing_job_did_not_run    no base record for ANY game on 2026-08-09 at T-30m
  2026-08-09 MIN v DAL T-24h   missing_job_did_not_run    no base record for ANY game on 2026-08-09 at T-24h
  2026-08-09 MIN v DAL T-8h    missing_job_did_not_run    no base record for ANY game on 2026-08-09 at T-8h
  2026-08-09 MIN v DAL T-90m   missing_job_did_not_run    no base record for ANY game on 2026-08-09 at T-90m
  2026-08-09 MIN v DAL T-30m   missing_job_did_not_run    no base record for ANY game on 2026-08-09 at T-30m
  2026-08-15 WAS v LAS T-24h   missing_job_did_not_run    no base record for ANY game on 2026-08-15 at T-24h
  2026-08-15 WAS v LAS T-8h    missing_job_did_not_run    no base record for ANY game on 2026-08-15 at T-8h
  2026-08-15 LVA v MIN T-24h   missing_job_did_not_run    no base record for ANY game on 2026-08-15 at T-24h
  2026-08-15 LVA v MIN T-8h    missing_job_did_not_run    no base record for ANY game on 2026-08-15 at T-8h
  2026-08-16 ATL v IND T-24h   missing_job_did_not_run    no base record for ANY game on 2026-08-16 at T-24h
  2026-08-16 ATL v IND T-8h    missing_job_did_not_run    no base record for ANY game on 2026-08-16 at T-8h
  2026-08-16 SEA v CHI T-24h   missing_job_did_not_run    no base record for ANY game on 2026-08-16 at T-24h
  2026-08-16 SEA v CHI T-8h    missing_job_did_not_run    no base record for ANY game on 2026-08-16 at T-8h
  2026-08-16 PHX v PDX T-24h   missing_job_did_not_run    no base record for ANY game on 2026-08-16 at T-24h
  2026-08-16 PHX v PDX T-8h    missing_job_did_not_run    no base record for ANY game on 2026-08-16 at T-8h

wrote forecasts/coverage_audit.csv and forecasts/coverage_receipt.json
[audit] exit=0 
==== Sun 08/16/2026 15:15:04.64 ==== 
[gate] 2026-08-16T19:15:05.675884+00:00  fire=True  -- 2 unserved obligation(s) in window, none would duplicate; 5 slate game(s) have no official game_id and were served under a provisional id: ATL v IND (2026-08-16) -> PROV-2026-08-16-IND@ATL, SEA v CHI (2026-08-16) -> PROV-2026-08-16-CHI@SEA, PHX v PDX (2026-08-16) -> PROV-2026-08-16-PDX@PHX, GSV v DAL (2026-08-17) -> PROV-2026-08-17-DAL@GSV, CON v LAS (2026-08-18) -> PROV-2026-08-18-LAS@CON
       ATL v IND      T-90m   unserved cutoff 2026-08-16T19:30:00 (+15 min) IN-WINDOW
       SEA v CHI      T-90m   unserved cutoff 2026-08-16T19:30:00 (+15 min) IN-WINDOW
       PHX v PDX      T-90m   unserved cutoff 2026-08-16T21:30:00 (+135 min) 
       GSV v DAL      T-24h   unserved cutoff 2026-08-17T02:00:00 (+405 min) 
       CON v LAS      T-24h   unserved cutoff 2026-08-17T23:00:00 (+1665 min) 
[gate] BASE RUN DUE
slate date 2026-08-16 (ET) | season 2026 | cutoff 2026-08-16T19:15:07.144208+00:00 | OFFICIAL chain C:\Users\jgallagher\wnba-betting-model\forecasts\forecast_log.jsonl
[WARN] masters: latest 2026 game in masters is 2026-08-07 (9 days before the slate) ? check the daily gamelog/misc refresh before trusting trends
[WARN] refs: no ref assignments captured for 2026-08-16 at or before the cutoff ? game ids degrade to provisional
[WARN] refs: IND @ ATL: no ref-assignment row ? official game_id unavailable; provisional id in use (a real run must resolve official ids before logging)
[WARN] refs: CHI @ SEA: no ref-assignment row ? official game_id unavailable; provisional id in use (a real run must resolve official ids before logging)
[WARN] refs: PDX @ PHX: no ref-assignment row ? official game_id unavailable; provisional id in use (a real run must resolve official ids before logging)
[BLOCK] entity-resolution: Indiana Fever: designation 'Out' for 'Ugonne Onyiah' resolves to NO player identity in any season ? cold start or unlisted alias. FAIL-CLOSED: the availability estimate for this team is not trustworthy until an alias or a cold-start object is supplied.
[BLOCK] entity-resolution: Los Angeles Sparks: designation 'Out' for 'Tonie Morgan' resolves to NO player identity in any season ? cold start or unlisted alias. FAIL-CLOSED: the availability estimate for this team is not trustworthy until an alias or a cold-start object is supplied.
[BLOCK] entity-resolution: Indiana Fever: designation 'Out' for 'Michelle Onyiah' resolves to NO player identity in any season ? cold start or unlisted alias. FAIL-CLOSED: the availability estimate for this team is not trustworthy until an alias or a cold-start object is supplied.
[BLOCK] entity-resolution: Minnesota Lynx: designation 'Out' for 'Elena Buenavida' resolves to NO player identity in any season ? cold start or unlisted alias. FAIL-CLOSED: the availability estimate for this team is not trustworthy until an alias or a cold-start object is supplied.
[INFO] player-layer: CHI: Rickea Jackson (Out) is on the injury report but outside the 3-game recency roster (last rostered 2026-06-26) ? long-term absentee, already excluded from the availability estimate
[INFO] player-layer: CHI: Maddy Westbeld (Out) is on the injury report but outside the 3-game recency roster (last rostered 2026-07-12) ? long-term absentee, already excluded from the availability estimate
[INFO] player-layer: IND: Bree Hall (Out) is on the injury report but outside the 3-game recency roster (last rostered 2026-07-09) ? long-term absentee, already excluded from the availability estimate
[INFO] player-layer: PDX: Sania Feagin (Out) is on the injury report but outside the 3-game recency roster (last rostered 2026-07-16) ? long-term absentee, already excluded from the availability estimate
[INFO] player-layer: PHX: Jovana Nogic (Out) is on the injury report but outside the 3-game recency roster (last rostered 2026-06-17) ? long-term absentee, already excluded from the availability estimate
[INFO] player-layer: SEA: Taina Mair (Out) is on the injury report but outside the 3-game recency roster (last rostered 2026-07-28) ? long-term absentee, already excluded from the availability estimate
[INFO] trend-staleness: ATL last played 2026-08-07 (9 days before the slate) ? trend features are that old (schedule gap, not a data failure: masters are current through yesterday)
[INFO] trend-staleness: CHI last played 2026-08-05 (11 days before the slate) ? trend features are that old (schedule gap, not a data failure: masters are current through yesterday)
[INFO] trend-staleness: IND last played 2026-08-06 (10 days before the slate) ? trend features are that old (schedule gap, not a data failure: masters are current through yesterday)
[INFO] trend-staleness: PDX last played 2026-08-06 (10 days before the slate) ? trend features are that old (schedule gap, not a data failure: masters are current through yesterday)
[INFO] trend-staleness: PHX last played 2026-08-07 (9 days before the slate) ? trend features are that old (schedule gap, not a data failure: masters are current through yesterday)
[INFO] trend-staleness: SEA last played 2026-08-05 (11 days before the slate) ? trend features are that old (schedule gap, not a data failure: masters are current through yesterday)
OFFICIAL chain verified (forecast_log.jsonl): ok=True, n_records=73, tip_sha256=c53fe84c229639cc4cf7d98f7dd2f6bd28aa591ddfb2e806406ba95f36f59a6e — record these two values out of band; tail truncation is only detectable against an external anchor

wrote C:\Users\jgallagher\wnba-betting-model\experiments\forecast_dryrun\forecast_today.csv
wrote C:\Users\jgallagher\wnba-betting-model\experiments\forecast_dryrun\REPORT.md, feature_snapshot.csv, snapshot_manifest.json
chain: 3 logged, 0 already-served refused (obligation-keyed dedup, D-c), 0 failed writes

== slate ==
IND @ ATL tip 2026-08-16 17:00 ET [T-90m] H 90.9 A 90.3 margin -0.5 total 181.2 | market spread -2.0 total 187.5
CHI @ SEA tip 2026-08-16 17:00 ET [T-90m] H 86.4 A 87.1 margin -1.6 total 173.5 | market spread +2.5 total 177.5
PDX @ PHX tip 2026-08-16 19:00 ET [T-90m] H 88.1 A 84.8 margin +3.2 total 173.0 | market spread -5.5 total 178.5
[base] exit=0 
================================================================================================
PROSPECTIVE PAIR RUNNER  2026-08-16T19:15:10.176953+00:00  model=ridge_score_level_w2c1_v1 hash=5d295bb8b99cd34e
================================================================================================
base records in official chain: 73
  late_prevented #0 ATL v SEA @ T-8h                cutoff 2026-07-31T15:35:00+00:00 already passed at 2026-08-1
  late_prevented #1 WAS v DAL @ T-8h                cutoff 2026-07-31T15:35:00+00:00 already passed at 2026-08-1
  late_prevented #2 PDX v IND @ T-8h                cutoff 2026-07-31T18:06:00+00:00 already passed at 2026-08-1
  late_prevented #3 ATL v SEA @ T-30m               cutoff 2026-07-31T23:05:00+00:00 already passed at 2026-08-1
  late_prevented #4 WAS v DAL @ T-30m               cutoff 2026-07-31T23:05:00+00:00 already passed at 2026-08-1
  late_prevented #5 PDX v IND @ T-90m               cutoff 2026-08-01T00:36:00+00:00 already passed at 2026-08-1
  late_prevented #6 CHI v LVA @ T-90m               cutoff 2026-08-01T15:35:00+00:00 already passed at 2026-08-1
  late_prevented #7 PHX v NYL @ T-90m               cutoff 2026-08-01T17:34:00+00:00 already passed at 2026-08-1
  skip           #8 CHI v LVA @ unknown-tip         base record is an explicit no-forecast; nothing to pair
  skip           #9 PHX v NYL @ unknown-tip         base record is an explicit no-forecast; nothing to pair
  late_prevented #10 NYL v SEA @ T-8h               cutoff 2026-08-03T15:04:00+00:00 already passed at 2026-08-1
  late_prevented #11 ATL v LVA @ T-8h               cutoff 2026-08-03T15:14:00+00:00 already passed at 2026-08-1
  late_prevented #12 CHI v PHX @ T-8h               cutoff 2026-08-03T17:08:00+00:00 already passed at 2026-08-1
  already_logged #13 NYL v SEA @ T-90m              idempotent: pair exists
  already_logged #14 ATL v LVA @ T-90m              idempotent: pair exists
  already_logged #15 CHI v PHX @ T-90m              idempotent: pair exists
  already_logged #16 NYL v SEA @ T-90m              idempotent: pair exists
  already_logged #17 ATL v LVA @ T-90m              idempotent: pair exists
  already_logged #18 CHI v PHX @ T-90m              idempotent: pair exists
  late_prevented #19 NYL v SEA @ T-30m              cutoff 2026-08-03T22:34:00+00:00 already passed at 2026-08-1
  late_prevented #20 ATL v LVA @ T-30m              cutoff 2026-08-03T22:44:00+00:00 already passed at 2026-08-1
  already_logged #21 CHI v PHX @ T-90m              idempotent: pair exists
  already_logged #22 GSV v TOR @ T-8h               idempotent: pair exists
  already_logged #23 GSV v TOR @ T-90m              idempotent: pair exists
  already_logged #24 GSV v TOR @ T-30m              idempotent: pair exists
  already_logged #25 ATL v PHX @ T-8h               idempotent: pair exists
  already_logged #26 NYL v SEA @ T-8h               idempotent: pair exists
  already_logged #27 WAS v DAL @ T-8h               idempotent: pair exists
  already_logged #28 CHI v LAS @ T-8h               idempotent: pair exists
  already_logged #29 ATL v PHX @ T-90m              idempotent: pair exists
  already_logged #30 NYL v SEA @ T-90m              idempotent: pair exists
  already_logged #31 WAS v DAL @ T-90m              idempotent: pair exists
  already_logged #32 CHI v LAS @ T-90m              idempotent: pair exists
  late_prevented #33 ATL v PHX @ T-30m              cutoff 2026-08-05T22:33:00+00:00 already passed at 2026-08-1
  late_prevented #34 NYL v SEA @ T-30m              cutoff 2026-08-05T22:38:00+00:00 already passed at 2026-08-1
  already_logged #35 WAS v DAL @ T-30m              idempotent: pair exists
  already_logged #36 CHI v LAS @ T-90m              idempotent: pair exists
  already_logged #37 IND v LVA @ T-8h               idempotent: pair exists
  already_logged #38 MIN v LAS @ T-8h               idempotent: pair exists
  already_logged #39 PDX v TOR @ T-8h               idempotent: pair exists
  already_logged #40 IND v LVA @ T-90m              idempotent: pair exists
  already_logged #41 MIN v LAS @ T-90m              idempotent: pair exists
  already_logged #42 PDX v TOR @ T-90m              idempotent: pair exists
  late_prevented #43 IND v LVA @ T-30m              cutoff 2026-08-06T22:36:00+00:00 already passed at 2026-08-1
  already_logged #44 PDX v TOR @ T-30m              idempotent: pair exists
  already_logged #45 CON v PHX @ T-8h               idempotent: pair exists
  already_logged #46 WAS v ATL @ T-8h               idempotent: pair exists
  already_logged #47 DAL v GSV @ T-8h               idempotent: pair exists
  already_logged #48 CON v PHX @ T-90m              idempotent: pair exists
  already_logged #49 WAS v ATL @ T-90m              idempotent: pair exists
  already_logged #50 DAL v GSV @ T-90m              idempotent: pair exists
  already_logged #51 CON v PHX @ T-30m              idempotent: pair exists
  already_logged #52 WAS v ATL @ T-30m              idempotent: pair exists
  already_logged #53 DAL v GSV @ T-30m              idempotent: pair exists
  already_logged #54 MIN v LVA @ T-8h               idempotent: pair exists
  already_logged #55 CHI v IND @ T-8h               idempotent: pair exists
  already_logged #56 PDX v SEA @ T-8h               idempotent: pair exists
  already_logged #57 MIN v LVA @ T-90m              idempotent: pair exists
  late_prevented #58 CHI v IND @ T-8h               cutoff 2026-08-08T11:35:00+00:00 already passed at 2026-08-1
  already_logged #59 PDX v SEA @ T-8h               idempotent: pair exists
  already_logged #60 PDX v SEA @ T-90m              idempotent: pair exists
  skip           #61 CHI v IND @ unknown-tip        base record is an explicit no-forecast; nothing to pair
  skip           #62 MIN v LVA @ unknown-tip        base record is an explicit no-forecast; nothing to pair
  already_logged #63 PDX v SEA @ T-30m              idempotent: pair exists
  already_logged #64 WAS v LAS @ T-90m              idempotent: pair exists
  already_logged #65 LVA v MIN @ T-90m              idempotent: pair exists
  already_logged #66 WAS v LAS @ T-30m              idempotent: pair exists
  late_prevented #67 LVA v MIN @ T-90m              cutoff 2026-08-15T22:35:00+00:00 already passed at 2026-08-1
  skip           #68 CON v NYL @ unknown-tip        base record is an explicit no-forecast; nothing to pair
  late_prevented #69 LVA v MIN @ T-30m              cutoff 2026-08-15T23:35:00+00:00 already passed at 2026-08-1
  forecast       #70 ATL v IND @ T-90m                home 94.0 away 94.0 margin +0.02 total 188.0
  forecast       #71 SEA v CHI @ T-90m                home 86.2 away 87.9 margin -1.66 total 174.1
  forecast       #72 PHX v PDX @ T-90m                home 88.2 away 84.5 margin +3.69 total 172.7

  already_logged=46, forecast=3, late_prevented=19, skip=5
  arm chain: ok=True n=44 tip=b34365d45a378bdd
  receipt appended to prospective_pair_runs.jsonl
[arm] exit=0 
====================================================================================================
FORECAST COVERAGE AUDIT   generated 2026-08-16T19:15:12.583535+00:00
====================================================================================================

CUMULATIVE by classification
  missing_job_did_not_run      65
  forecast_logged              52
  before_period_start          15
  not_yet_due                  14
  missing_data_unavailable     9
  late_record                  5

  obligations 160 | due 131 | served 52 | coverage 39.7%
  operational misses 65 | unexplained 0
  PROMOTION-GRADE: NO   (needs >= 95% served, <= 0 operational misses, all explained)

DAILY
  date         oblig  served     due     excl    opmiss arm_recs
  2026-07-30      12       0       0       12         0        0
  2026-07-31      12       6       9        3         0        0
  2026-08-01       8       2       8        0         6        0
  2026-08-02      16       0      16        0        16        0
  2026-08-03      12       6      12        0         3        3
  2026-08-04       4       3       4        0         1        3
  2026-08-05      16       9      16        0         4        9
  2026-08-06      12       7      12        0         3        7
  2026-08-07      12       9      12        0         3        9
  2026-08-08      12       6      12        0         3        4
  2026-08-09      16       0      16        0        16        0
  2026-08-15       8       4       8        0         4        1
  2026-08-16      12       0       6        6         6        0
  2026-08-17       4       0       0        4         0        0
  2026-08-18       4       0       0        4         0        0

EVERY MISSING OR IRREGULAR OBLIGATION (each must carry an explanation)
  2026-07-31 ATL v SEA T-90m   missing_data_unavailable   job served 1 other game(s) on 2026-07-31 at T-90m
  2026-07-31 WAS v DAL T-90m   missing_data_unavailable   job served 1 other game(s) on 2026-07-31 at T-90m
  2026-07-31 PDX v IND T-30m   missing_data_unavailable   job served 2 other game(s) on 2026-07-31 at T-30m
  2026-08-01 CHI v LVA T-24h   missing_job_did_not_run    no base record for ANY game on 2026-08-01 at T-24h
  2026-08-01 CHI v LVA T-8h    missing_job_did_not_run    no base record for ANY game on 2026-08-01 at T-8h
  2026-08-01 CHI v LVA T-30m   missing_job_did_not_run    no base record for ANY game on 2026-08-01 at T-30m
  2026-08-01 PHX v NYL T-24h   missing_job_did_not_run    no base record for ANY game on 2026-08-01 at T-24h
  2026-08-01 PHX v NYL T-8h    missing_job_did_not_run    no base record for ANY game on 2026-08-01 at T-8h
  2026-08-01 PHX v NYL T-30m   missing_job_did_not_run    no base record for ANY game on 2026-08-01 at T-30m
  2026-08-02 DAL v CON T-24h   missing_job_did_not_run    no base record for ANY game on 2026-08-02 at T-24h
  2026-08-02 DAL v CON T-8h    missing_job_did_not_run    no base record for ANY game on 2026-08-02 at T-8h
  2026-08-02 DAL v CON T-90m   missing_job_did_not_run    no base record for ANY game on 2026-08-02 at T-90m
  2026-08-02 DAL v CON T-30m   missing_job_did_not_run    no base record for ANY game on 2026-08-02 at T-30m
  2026-08-02 GSV v TOR T-24h   missing_job_did_not_run    no base record for ANY game on 2026-08-02 at T-24h
  2026-08-02 GSV v TOR T-8h    missing_job_did_not_run    no base record for ANY game on 2026-08-02 at T-8h
  2026-08-02 GSV v TOR T-90m   missing_job_did_not_run    no base record for ANY game on 2026-08-02 at T-90m
  2026-08-02 GSV v TOR T-30m   missing_job_did_not_run    no base record for ANY game on 2026-08-02 at T-30m
  2026-08-02 MIN v IND T-24h   missing_job_did_not_run    no base record for ANY game on 2026-08-02 at T-24h
  2026-08-02 MIN v IND T-8h    missing_job_did_not_run    no base record for ANY game on 2026-08-02 at T-8h
  2026-08-02 MIN v IND T-90m   missing_job_did_not_run    no base record for ANY game on 2026-08-02 at T-90m
  2026-08-02 MIN v IND T-30m   missing_job_did_not_run    no base record for ANY game on 2026-08-02 at T-30m
  2026-08-02 PDX v LAS T-24h   missing_job_did_not_run    no base record for ANY game on 2026-08-02 at T-24h
  2026-08-02 PDX v LAS T-8h    missing_job_did_not_run    no base record for ANY game on 2026-08-02 at T-8h
  2026-08-02 PDX v LAS T-90m   missing_job_did_not_run    no base record for ANY game on 2026-08-02 at T-90m
  2026-08-02 PDX v LAS T-30m   missing_job_did_not_run    no base record for ANY game on 2026-08-02 at T-30m
  2026-08-03 NYL v SEA T-24h   missing_job_did_not_run    no base record for ANY game on 2026-08-03 at T-24h
  2026-08-03 NYL v SEA T-30m   late_record                created 2026-08-03T22:45:08.958486+00:00 after cutoff
  2026-08-03 ATL v LVA T-24h   missing_job_did_not_run    no base record for ANY game on 2026-08-03 at T-24h
  2026-08-03 ATL v LVA T-30m   late_record                created 2026-08-03T22:45:08.976775+00:00 after cutoff
  2026-08-03 CHI v PHX T-24h   missing_job_did_not_run    no base record for ANY game on 2026-08-03 at T-24h
  2026-08-03 CHI v PHX T-30m   missing_data_unavailable   job served 2 other game(s) on 2026-08-03 at T-30m
  2026-08-04 GSV v TOR T-24h   missing_job_did_not_run    no base record for ANY game on 2026-08-04 at T-24h
  2026-08-05 WAS v DAL T-24h   missing_job_did_not_run    no base record for ANY game on 2026-08-05 at T-24h
  2026-08-05 NYL v SEA T-24h   missing_job_did_not_run    no base record for ANY game on 2026-08-05 at T-24h
  2026-08-05 NYL v SEA T-30m   late_record                created 2026-08-05T22:45:07.299457+00:00 after cutoff
  2026-08-05 ATL v PHX T-24h   missing_job_did_not_run    no base record for ANY game on 2026-08-05 at T-24h
  2026-08-05 ATL v PHX T-30m   late_record                created 2026-08-05T22:45:07.274521+00:00 after cutoff
  2026-08-05 CHI v LAS T-24h   missing_job_did_not_run    no base record for ANY game on 2026-08-05 at T-24h
  2026-08-05 CHI v LAS T-30m   missing_data_unavailable   job served 3 other game(s) on 2026-08-05 at T-30m
  2026-08-06 IND v LVA T-24h   missing_job_did_not_run    no base record for ANY game on 2026-08-06 at T-24h
  2026-08-06 IND v LVA T-30m   late_record                created 2026-08-06T22:45:09.382682+00:00 after cutoff
  2026-08-06 PDX v TOR T-24h   missing_job_did_not_run    no base record for ANY game on 2026-08-06 at T-24h
  2026-08-06 MIN v LAS T-24h   missing_job_did_not_run    no base record for ANY game on 2026-08-06 at T-24h
  2026-08-06 MIN v LAS T-30m   missing_data_unavailable   job served 2 other game(s) on 2026-08-06 at T-30m
  2026-08-07 WAS v ATL T-24h   missing_job_did_not_run    no base record for ANY game on 2026-08-07 at T-24h
  2026-08-07 CON v PHX T-24h   missing_job_did_not_run    no base record for ANY game on 2026-08-07 at T-24h
  2026-08-07 DAL v GSV T-24h   missing_job_did_not_run    no base record for ANY game on 2026-08-07 at T-24h
  2026-08-08 CHI v IND T-24h   missing_job_did_not_run    no base record for ANY game on 2026-08-08 at T-24h
  2026-08-08 CHI v IND T-90m   missing_data_unavailable   job served 2 other game(s) on 2026-08-08 at T-90m
  2026-08-08 CHI v IND T-30m   missing_data_unavailable   job served 1 other game(s) on 2026-08-08 at T-30m
  2026-08-08 MIN v LVA T-24h   missing_job_did_not_run    no base record for ANY game on 2026-08-08 at T-24h
  2026-08-08 MIN v LVA T-30m   missing_data_unavailable   job served 1 other game(s) on 2026-08-08 at T-30m
  2026-08-08 PDX v SEA T-24h   missing_job_did_not_run    no base record for ANY game on 2026-08-08 at T-24h
  2026-08-09 WAS v PHX T-24h   missing_job_did_not_run    no base record for ANY game on 2026-08-09 at T-24h
  2026-08-09 WAS v PHX T-8h    missing_job_did_not_run    no base record for ANY game on 2026-08-09 at T-8h
  2026-08-09 WAS v PHX T-90m   missing_job_did_not_run    no base record for ANY game on 2026-08-09 at T-90m
  2026-08-09 WAS v PHX T-30m   missing_job_did_not_run    no base record for ANY game on 2026-08-09 at T-30m
  2026-08-09 LAS v GSV T-24h   missing_job_did_not_run    no base record for ANY game on 2026-08-09 at T-24h
  2026-08-09 LAS v GSV T-8h    missing_job_did_not_run    no base record for ANY game on 2026-08-09 at T-8h
  2026-08-09 LAS v GSV T-90m   missing_job_did_not_run    no base record for ANY game on 2026-08-09 at T-90m
  2026-08-09 LAS v GSV T-30m   missing_job_did_not_run    no base record for ANY game on 2026-08-09 at T-30m
  2026-08-09 NYL v LVA T-24h   missing_job_did_not_run    no base record for ANY game on 2026-08-09 at T-24h
  2026-08-09 NYL v LVA T-8h    missing_job_did_not_run    no base record for ANY game on 2026-08-09 at T-8h
  2026-08-09 NYL v LVA T-90m   missing_job_did_not_run    no base record for ANY game on 2026-08-09 at T-90m
  2026-08-09 NYL v LVA T-30m   missing_job_did_not_run    no base record for ANY game on 2026-08-09 at T-30m
  2026-08-09 MIN v DAL T-24h   missing_job_did_not_run    no base record for ANY game on 2026-08-09 at T-24h
  2026-08-09 MIN v DAL T-8h    missing_job_did_not_run    no base record for ANY game on 2026-08-09 at T-8h
  2026-08-09 MIN v DAL T-90m   missing_job_did_not_run    no base record for ANY game on 2026-08-09 at T-90m
  2026-08-09 MIN v DAL T-30m   missing_job_did_not_run    no base record for ANY game on 2026-08-09 at T-30m
  2026-08-15 WAS v LAS T-24h   missing_job_did_not_run    no base record for ANY game on 2026-08-15 at T-24h
  2026-08-15 WAS v LAS T-8h    missing_job_did_not_run    no base record for ANY game on 2026-08-15 at T-8h
  2026-08-15 LVA v MIN T-24h   missing_job_did_not_run    no base record for ANY game on 2026-08-15 at T-24h
  2026-08-15 LVA v MIN T-8h    missing_job_did_not_run    no base record for ANY game on 2026-08-15 at T-8h
  2026-08-16 ATL v IND T-24h   missing_job_did_not_run    no base record for ANY game on 2026-08-16 at T-24h
  2026-08-16 ATL v IND T-8h    missing_job_did_not_run    no base record for ANY game on 2026-08-16 at T-8h
  2026-08-16 SEA v CHI T-24h   missing_job_did_not_run    no base record for ANY game on 2026-08-16 at T-24h
  2026-08-16 SEA v CHI T-8h    missing_job_did_not_run    no base record for ANY game on 2026-08-16 at T-8h
  2026-08-16 PHX v PDX T-24h   missing_job_did_not_run    no base record for ANY game on 2026-08-16 at T-24h
  2026-08-16 PHX v PDX T-8h    missing_job_did_not_run    no base record for ANY game on 2026-08-16 at T-8h

wrote forecasts/coverage_audit.csv and forecasts/coverage_receipt.json
[audit] exit=0 
==== Sun 08/16/2026 15:30:04.82 ==== 
[gate] 2026-08-16T19:30:05.875288+00:00  fire=False  -- would duplicate 3 already-served obligation(s); the base job cannot be scoped to one game; 5 slate game(s) have no official game_id and were served under a provisional id: ATL v IND (2026-08-16) -> PROV-2026-08-16-IND@ATL, SEA v CHI (2026-08-16) -> PROV-2026-08-16-CHI@SEA, PHX v PDX (2026-08-16) -> PROV-2026-08-16-PDX@PHX, GSV v DAL (2026-08-17) -> PROV-2026-08-17-DAL@GSV, CON v LAS (2026-08-18) -> PROV-2026-08-18-LAS@CON
       ATL v IND      T-90m   SERVED   cutoff 2026-08-16T19:30:00 (-0 min) 
       SEA v CHI      T-90m   SERVED   cutoff 2026-08-16T19:30:00 (-0 min) 
       PHX v PDX      T-90m   SERVED   cutoff 2026-08-16T21:30:00 (+120 min) 
       GSV v DAL      T-24h   unserved cutoff 2026-08-17T02:00:00 (+390 min) 
       CON v LAS      T-24h   unserved cutoff 2026-08-17T23:00:00 (+1650 min) 
[gate] HOLDING: firing now would append 3 permanent duplicate record(s) to an append-only chain. A missed obligation is recoverable; a duplicate is not.
[gate] skipping the base job
[base] skipped - no unserved obligation in its lead window 
[base] exit=0 
================================================================================================
PROSPECTIVE PAIR RUNNER  2026-08-16T19:30:07.353361+00:00  model=ridge_score_level_w2c1_v1 hash=5d295bb8b99cd34e
================================================================================================
base records in official chain: 73
  late_prevented #0 ATL v SEA @ T-8h                cutoff 2026-07-31T15:35:00+00:00 already passed at 2026-08-1
  late_prevented #1 WAS v DAL @ T-8h                cutoff 2026-07-31T15:35:00+00:00 already passed at 2026-08-1
  late_prevented #2 PDX v IND @ T-8h                cutoff 2026-07-31T18:06:00+00:00 already passed at 2026-08-1
  late_prevented #3 ATL v SEA @ T-30m               cutoff 2026-07-31T23:05:00+00:00 already passed at 2026-08-1
  late_prevented #4 WAS v DAL @ T-30m               cutoff 2026-07-31T23:05:00+00:00 already passed at 2026-08-1
  late_prevented #5 PDX v IND @ T-90m               cutoff 2026-08-01T00:36:00+00:00 already passed at 2026-08-1
  late_prevented #6 CHI v LVA @ T-90m               cutoff 2026-08-01T15:35:00+00:00 already passed at 2026-08-1
  late_prevented #7 PHX v NYL @ T-90m               cutoff 2026-08-01T17:34:00+00:00 already passed at 2026-08-1
  skip           #8 CHI v LVA @ unknown-tip         base record is an explicit no-forecast; nothing to pair
  skip           #9 PHX v NYL @ unknown-tip         base record is an explicit no-forecast; nothing to pair
  late_prevented #10 NYL v SEA @ T-8h               cutoff 2026-08-03T15:04:00+00:00 already passed at 2026-08-1
  late_prevented #11 ATL v LVA @ T-8h               cutoff 2026-08-03T15:14:00+00:00 already passed at 2026-08-1
  late_prevented #12 CHI v PHX @ T-8h               cutoff 2026-08-03T17:08:00+00:00 already passed at 2026-08-1
  already_logged #13 NYL v SEA @ T-90m              idempotent: pair exists
  already_logged #14 ATL v LVA @ T-90m              idempotent: pair exists
  already_logged #15 CHI v PHX @ T-90m              idempotent: pair exists
  already_logged #16 NYL v SEA @ T-90m              idempotent: pair exists
  already_logged #17 ATL v LVA @ T-90m              idempotent: pair exists
  already_logged #18 CHI v PHX @ T-90m              idempotent: pair exists
  late_prevented #19 NYL v SEA @ T-30m              cutoff 2026-08-03T22:34:00+00:00 already passed at 2026-08-1
  late_prevented #20 ATL v LVA @ T-30m              cutoff 2026-08-03T22:44:00+00:00 already passed at 2026-08-1
  already_logged #21 CHI v PHX @ T-90m              idempotent: pair exists
  already_logged #22 GSV v TOR @ T-8h               idempotent: pair exists
  already_logged #23 GSV v TOR @ T-90m              idempotent: pair exists
  already_logged #24 GSV v TOR @ T-30m              idempotent: pair exists
  already_logged #25 ATL v PHX @ T-8h               idempotent: pair exists
  already_logged #26 NYL v SEA @ T-8h               idempotent: pair exists
  already_logged #27 WAS v DAL @ T-8h               idempotent: pair exists
  already_logged #28 CHI v LAS @ T-8h               idempotent: pair exists
  already_logged #29 ATL v PHX @ T-90m              idempotent: pair exists
  already_logged #30 NYL v SEA @ T-90m              idempotent: pair exists
  already_logged #31 WAS v DAL @ T-90m              idempotent: pair exists
  already_logged #32 CHI v LAS @ T-90m              idempotent: pair exists
  late_prevented #33 ATL v PHX @ T-30m              cutoff 2026-08-05T22:33:00+00:00 already passed at 2026-08-1
  late_prevented #34 NYL v SEA @ T-30m              cutoff 2026-08-05T22:38:00+00:00 already passed at 2026-08-1
  already_logged #35 WAS v DAL @ T-30m              idempotent: pair exists
  already_logged #36 CHI v LAS @ T-90m              idempotent: pair exists
  already_logged #37 IND v LVA @ T-8h               idempotent: pair exists
  already_logged #38 MIN v LAS @ T-8h               idempotent: pair exists
  already_logged #39 PDX v TOR @ T-8h               idempotent: pair exists
  already_logged #40 IND v LVA @ T-90m              idempotent: pair exists
  already_logged #41 MIN v LAS @ T-90m              idempotent: pair exists
  already_logged #42 PDX v TOR @ T-90m              idempotent: pair exists
  late_prevented #43 IND v LVA @ T-30m              cutoff 2026-08-06T22:36:00+00:00 already passed at 2026-08-1
  already_logged #44 PDX v TOR @ T-30m              idempotent: pair exists
  already_logged #45 CON v PHX @ T-8h               idempotent: pair exists
  already_logged #46 WAS v ATL @ T-8h               idempotent: pair exists
  already_logged #47 DAL v GSV @ T-8h               idempotent: pair exists
  already_logged #48 CON v PHX @ T-90m              idempotent: pair exists
  already_logged #49 WAS v ATL @ T-90m              idempotent: pair exists
  already_logged #50 DAL v GSV @ T-90m              idempotent: pair exists
  already_logged #51 CON v PHX @ T-30m              idempotent: pair exists
  already_logged #52 WAS v ATL @ T-30m              idempotent: pair exists
  already_logged #53 DAL v GSV @ T-30m              idempotent: pair exists
  already_logged #54 MIN v LVA @ T-8h               idempotent: pair exists
  already_logged #55 CHI v IND @ T-8h               idempotent: pair exists
  already_logged #56 PDX v SEA @ T-8h               idempotent: pair exists
  already_logged #57 MIN v LVA @ T-90m              idempotent: pair exists
  late_prevented #58 CHI v IND @ T-8h               cutoff 2026-08-08T11:35:00+00:00 already passed at 2026-08-1
  already_logged #59 PDX v SEA @ T-8h               idempotent: pair exists
  already_logged #60 PDX v SEA @ T-90m              idempotent: pair exists
  skip           #61 CHI v IND @ unknown-tip        base record is an explicit no-forecast; nothing to pair
  skip           #62 MIN v LVA @ unknown-tip        base record is an explicit no-forecast; nothing to pair
  already_logged #63 PDX v SEA @ T-30m              idempotent: pair exists
  already_logged #64 WAS v LAS @ T-90m              idempotent: pair exists
  already_logged #65 LVA v MIN @ T-90m              idempotent: pair exists
  already_logged #66 WAS v LAS @ T-30m              idempotent: pair exists
  late_prevented #67 LVA v MIN @ T-90m              cutoff 2026-08-15T22:35:00+00:00 already passed at 2026-08-1
  skip           #68 CON v NYL @ unknown-tip        base record is an explicit no-forecast; nothing to pair
  late_prevented #69 LVA v MIN @ T-30m              cutoff 2026-08-15T23:35:00+00:00 already passed at 2026-08-1
  already_logged #70 ATL v IND @ T-90m              idempotent: pair exists
  already_logged #71 SEA v CHI @ T-90m              idempotent: pair exists
  already_logged #72 PHX v PDX @ T-90m              idempotent: pair exists

  already_logged=49, late_prevented=19, skip=5
  arm chain: ok=True n=44 tip=b34365d45a378bdd
  receipt appended to prospective_pair_runs.jsonl
[arm] exit=0 
====================================================================================================
FORECAST COVERAGE AUDIT   generated 2026-08-16T19:30:09.065459+00:00
====================================================================================================

CUMULATIVE by classification
  missing_job_did_not_run      67
  forecast_logged              52
  before_period_start          15
  not_yet_due                  12
  missing_data_unavailable     9
  late_record                  5

  obligations 160 | due 133 | served 52 | coverage 39.1%
  operational misses 67 | unexplained 0
  PROMOTION-GRADE: NO   (needs >= 95% served, <= 0 operational misses, all explained)

DAILY
  date         oblig  served     due     excl    opmiss arm_recs
  2026-07-30      12       0       0       12         0        0
  2026-07-31      12       6       9        3         0        0
  2026-08-01       8       2       8        0         6        0
  2026-08-02      16       0      16        0        16        0
  2026-08-03      12       6      12        0         3        3
  2026-08-04       4       3       4        0         1        3
  2026-08-05      16       9      16        0         4        9
  2026-08-06      12       7      12        0         3        7
  2026-08-07      12       9      12        0         3        9
  2026-08-08      12       6      12        0         3        4
  2026-08-09      16       0      16        0        16        0
  2026-08-15       8       4       8        0         4        1
  2026-08-16      12       0       8        4         8        0
  2026-08-17       4       0       0        4         0        0
  2026-08-18       4       0       0        4         0        0

EVERY MISSING OR IRREGULAR OBLIGATION (each must carry an explanation)
  2026-07-31 ATL v SEA T-90m   missing_data_unavailable   job served 1 other game(s) on 2026-07-31 at T-90m
  2026-07-31 WAS v DAL T-90m   missing_data_unavailable   job served 1 other game(s) on 2026-07-31 at T-90m
  2026-07-31 PDX v IND T-30m   missing_data_unavailable   job served 2 other game(s) on 2026-07-31 at T-30m
  2026-08-01 CHI v LVA T-24h   missing_job_did_not_run    no base record for ANY game on 2026-08-01 at T-24h
  2026-08-01 CHI v LVA T-8h    missing_job_did_not_run    no base record for ANY game on 2026-08-01 at T-8h
  2026-08-01 CHI v LVA T-30m   missing_job_did_not_run    no base record for ANY game on 2026-08-01 at T-30m
  2026-08-01 PHX v NYL T-24h   missing_job_did_not_run    no base record for ANY game on 2026-08-01 at T-24h
  2026-08-01 PHX v NYL T-8h    missing_job_did_not_run    no base record for ANY game on 2026-08-01 at T-8h
  2026-08-01 PHX v NYL T-30m   missing_job_did_not_run    no base record for ANY game on 2026-08-01 at T-30m
  2026-08-02 DAL v CON T-24h   missing_job_did_not_run    no base record for ANY game on 2026-08-02 at T-24h
  2026-08-02 DAL v CON T-8h    missing_job_did_not_run    no base record for ANY game on 2026-08-02 at T-8h
  2026-08-02 DAL v CON T-90m   missing_job_did_not_run    no base record for ANY game on 2026-08-02 at T-90m
  2026-08-02 DAL v CON T-30m   missing_job_did_not_run    no base record for ANY game on 2026-08-02 at T-30m
  2026-08-02 GSV v TOR T-24h   missing_job_did_not_run    no base record for ANY game on 2026-08-02 at T-24h
  2026-08-02 GSV v TOR T-8h    missing_job_did_not_run    no base record for ANY game on 2026-08-02 at T-8h
  2026-08-02 GSV v TOR T-90m   missing_job_did_not_run    no base record for ANY game on 2026-08-02 at T-90m
  2026-08-02 GSV v TOR T-30m   missing_job_did_not_run    no base record for ANY game on 2026-08-02 at T-30m
  2026-08-02 MIN v IND T-24h   missing_job_did_not_run    no base record for ANY game on 2026-08-02 at T-24h
  2026-08-02 MIN v IND T-8h    missing_job_did_not_run    no base record for ANY game on 2026-08-02 at T-8h
  2026-08-02 MIN v IND T-90m   missing_job_did_not_run    no base record for ANY game on 2026-08-02 at T-90m
  2026-08-02 MIN v IND T-30m   missing_job_did_not_run    no base record for ANY game on 2026-08-02 at T-30m
  2026-08-02 PDX v LAS T-24h   missing_job_did_not_run    no base record for ANY game on 2026-08-02 at T-24h
  2026-08-02 PDX v LAS T-8h    missing_job_did_not_run    no base record for ANY game on 2026-08-02 at T-8h
  2026-08-02 PDX v LAS T-90m   missing_job_did_not_run    no base record for ANY game on 2026-08-02 at T-90m
  2026-08-02 PDX v LAS T-30m   missing_job_did_not_run    no base record for ANY game on 2026-08-02 at T-30m
  2026-08-03 NYL v SEA T-24h   missing_job_did_not_run    no base record for ANY game on 2026-08-03 at T-24h
  2026-08-03 NYL v SEA T-30m   late_record                created 2026-08-03T22:45:08.958486+00:00 after cutoff
  2026-08-03 ATL v LVA T-24h   missing_job_did_not_run    no base record for ANY game on 2026-08-03 at T-24h
  2026-08-03 ATL v LVA T-30m   late_record                created 2026-08-03T22:45:08.976775+00:00 after cutoff
  2026-08-03 CHI v PHX T-24h   missing_job_did_not_run    no base record for ANY game on 2026-08-03 at T-24h
  2026-08-03 CHI v PHX T-30m   missing_data_unavailable   job served 2 other game(s) on 2026-08-03 at T-30m
  2026-08-04 GSV v TOR T-24h   missing_job_did_not_run    no base record for ANY game on 2026-08-04 at T-24h
  2026-08-05 WAS v DAL T-24h   missing_job_did_not_run    no base record for ANY game on 2026-08-05 at T-24h
  2026-08-05 NYL v SEA T-24h   missing_job_did_not_run    no base record for ANY game on 2026-08-05 at T-24h
  2026-08-05 NYL v SEA T-30m   late_record                created 2026-08-05T22:45:07.299457+00:00 after cutoff
  2026-08-05 ATL v PHX T-24h   missing_job_did_not_run    no base record for ANY game on 2026-08-05 at T-24h
  2026-08-05 ATL v PHX T-30m   late_record                created 2026-08-05T22:45:07.274521+00:00 after cutoff
  2026-08-05 CHI v LAS T-24h   missing_job_did_not_run    no base record for ANY game on 2026-08-05 at T-24h
  2026-08-05 CHI v LAS T-30m   missing_data_unavailable   job served 3 other game(s) on 2026-08-05 at T-30m
  2026-08-06 IND v LVA T-24h   missing_job_did_not_run    no base record for ANY game on 2026-08-06 at T-24h
  2026-08-06 IND v LVA T-30m   late_record                created 2026-08-06T22:45:09.382682+00:00 after cutoff
  2026-08-06 PDX v TOR T-24h   missing_job_did_not_run    no base record for ANY game on 2026-08-06 at T-24h
  2026-08-06 MIN v LAS T-24h   missing_job_did_not_run    no base record for ANY game on 2026-08-06 at T-24h
  2026-08-06 MIN v LAS T-30m   missing_data_unavailable   job served 2 other game(s) on 2026-08-06 at T-30m
  2026-08-07 WAS v ATL T-24h   missing_job_did_not_run    no base record for ANY game on 2026-08-07 at T-24h
  2026-08-07 CON v PHX T-24h   missing_job_did_not_run    no base record for ANY game on 2026-08-07 at T-24h
  2026-08-07 DAL v GSV T-24h   missing_job_did_not_run    no base record for ANY game on 2026-08-07 at T-24h
  2026-08-08 CHI v IND T-24h   missing_job_did_not_run    no base record for ANY game on 2026-08-08 at T-24h
  2026-08-08 CHI v IND T-90m   missing_data_unavailable   job served 2 other game(s) on 2026-08-08 at T-90m
  2026-08-08 CHI v IND T-30m   missing_data_unavailable   job served 1 other game(s) on 2026-08-08 at T-30m
  2026-08-08 MIN v LVA T-24h   missing_job_did_not_run    no base record for ANY game on 2026-08-08 at T-24h
  2026-08-08 MIN v LVA T-30m   missing_data_unavailable   job served 1 other game(s) on 2026-08-08 at T-30m
  2026-08-08 PDX v SEA T-24h   missing_job_did_not_run    no base record for ANY game on 2026-08-08 at T-24h
  2026-08-09 WAS v PHX T-24h   missing_job_did_not_run    no base record for ANY game on 2026-08-09 at T-24h
  2026-08-09 WAS v PHX T-8h    missing_job_did_not_run    no base record for ANY game on 2026-08-09 at T-8h
  2026-08-09 WAS v PHX T-90m   missing_job_did_not_run    no base record for ANY game on 2026-08-09 at T-90m
  2026-08-09 WAS v PHX T-30m   missing_job_did_not_run    no base record for ANY game on 2026-08-09 at T-30m
  2026-08-09 LAS v GSV T-24h   missing_job_did_not_run    no base record for ANY game on 2026-08-09 at T-24h
  2026-08-09 LAS v GSV T-8h    missing_job_did_not_run    no base record for ANY game on 2026-08-09 at T-8h
  2026-08-09 LAS v GSV T-90m   missing_job_did_not_run    no base record for ANY game on 2026-08-09 at T-90m
  2026-08-09 LAS v GSV T-30m   missing_job_did_not_run    no base record for ANY game on 2026-08-09 at T-30m
  2026-08-09 NYL v LVA T-24h   missing_job_did_not_run    no base record for ANY game on 2026-08-09 at T-24h
  2026-08-09 NYL v LVA T-8h    missing_job_did_not_run    no base record for ANY game on 2026-08-09 at T-8h
  2026-08-09 NYL v LVA T-90m   missing_job_did_not_run    no base record for ANY game on 2026-08-09 at T-90m
  2026-08-09 NYL v LVA T-30m   missing_job_did_not_run    no base record for ANY game on 2026-08-09 at T-30m
  2026-08-09 MIN v DAL T-24h   missing_job_did_not_run    no base record for ANY game on 2026-08-09 at T-24h
  2026-08-09 MIN v DAL T-8h    missing_job_did_not_run    no base record for ANY game on 2026-08-09 at T-8h
  2026-08-09 MIN v DAL T-90m   missing_job_did_not_run    no base record for ANY game on 2026-08-09 at T-90m
  2026-08-09 MIN v DAL T-30m   missing_job_did_not_run    no base record for ANY game on 2026-08-09 at T-30m
  2026-08-15 WAS v LAS T-24h   missing_job_did_not_run    no base record for ANY game on 2026-08-15 at T-24h
  2026-08-15 WAS v LAS T-8h    missing_job_did_not_run    no base record for ANY game on 2026-08-15 at T-8h
  2026-08-15 LVA v MIN T-24h   missing_job_did_not_run    no base record for ANY game on 2026-08-15 at T-24h
  2026-08-15 LVA v MIN T-8h    missing_job_did_not_run    no base record for ANY game on 2026-08-15 at T-8h
  2026-08-16 ATL v IND T-24h   missing_job_did_not_run    no base record for ANY game on 2026-08-16 at T-24h
  2026-08-16 ATL v IND T-8h    missing_job_did_not_run    no base record for ANY game on 2026-08-16 at T-8h
  2026-08-16 ATL v IND T-90m   missing_job_did_not_run    no base record for ANY game on 2026-08-16 at T-90m
  2026-08-16 SEA v CHI T-24h   missing_job_did_not_run    no base record for ANY game on 2026-08-16 at T-24h
  2026-08-16 SEA v CHI T-8h    missing_job_did_not_run    no base record for ANY game on 2026-08-16 at T-8h
  2026-08-16 SEA v CHI T-90m   missing_job_did_not_run    no base record for ANY game on 2026-08-16 at T-90m
  2026-08-16 PHX v PDX T-24h   missing_job_did_not_run    no base record for ANY game on 2026-08-16 at T-24h
  2026-08-16 PHX v PDX T-8h    missing_job_did_not_run    no base record for ANY game on 2026-08-16 at T-8h

wrote forecasts/coverage_audit.csv and forecasts/coverage_receipt.json
[audit] exit=0 
==== Sun 08/16/2026 15:45:04.76 ==== 
[gate] 2026-08-16T19:45:05.893372+00:00  fire=False  -- would duplicate 3 already-served obligation(s); the base job cannot be scoped to one game; 5 slate game(s) have no official game_id and were served under a provisional id: ATL v IND (2026-08-16) -> PROV-2026-08-16-IND@ATL, SEA v CHI (2026-08-16) -> PROV-2026-08-16-CHI@SEA, PHX v PDX (2026-08-16) -> PROV-2026-08-16-PDX@PHX, GSV v DAL (2026-08-17) -> PROV-2026-08-17-DAL@GSV, CON v LAS (2026-08-18) -> PROV-2026-08-18-LAS@CON
       ATL v IND      T-90m   SERVED   cutoff 2026-08-16T19:30:00 (-15 min) 
       SEA v CHI      T-90m   SERVED   cutoff 2026-08-16T19:30:00 (-15 min) 
       PHX v PDX      T-90m   SERVED   cutoff 2026-08-16T21:30:00 (+105 min) 
       GSV v DAL      T-24h   unserved cutoff 2026-08-17T02:00:00 (+375 min) 
       CON v LAS      T-24h   unserved cutoff 2026-08-17T23:00:00 (+1635 min) 
[gate] HOLDING: firing now would append 3 permanent duplicate record(s) to an append-only chain. A missed obligation is recoverable; a duplicate is not.
[gate] skipping the base job
[base] skipped - no unserved obligation in its lead window 
[base] exit=0 
================================================================================================
PROSPECTIVE PAIR RUNNER  2026-08-16T19:45:07.545852+00:00  model=ridge_score_level_w2c1_v1 hash=5d295bb8b99cd34e
================================================================================================
base records in official chain: 73
  late_prevented #0 ATL v SEA @ T-8h                cutoff 2026-07-31T15:35:00+00:00 already passed at 2026-08-1
  late_prevented #1 WAS v DAL @ T-8h                cutoff 2026-07-31T15:35:00+00:00 already passed at 2026-08-1
  late_prevented #2 PDX v IND @ T-8h                cutoff 2026-07-31T18:06:00+00:00 already passed at 2026-08-1
  late_prevented #3 ATL v SEA @ T-30m               cutoff 2026-07-31T23:05:00+00:00 already passed at 2026-08-1
  late_prevented #4 WAS v DAL @ T-30m               cutoff 2026-07-31T23:05:00+00:00 already passed at 2026-08-1
  late_prevented #5 PDX v IND @ T-90m               cutoff 2026-08-01T00:36:00+00:00 already passed at 2026-08-1
  late_prevented #6 CHI v LVA @ T-90m               cutoff 2026-08-01T15:35:00+00:00 already passed at 2026-08-1
  late_prevented #7 PHX v NYL @ T-90m               cutoff 2026-08-01T17:34:00+00:00 already passed at 2026-08-1
  skip           #8 CHI v LVA @ unknown-tip         base record is an explicit no-forecast; nothing to pair
  skip           #9 PHX v NYL @ unknown-tip         base record is an explicit no-forecast; nothing to pair
  late_prevented #10 NYL v SEA @ T-8h               cutoff 2026-08-03T15:04:00+00:00 already passed at 2026-08-1
  late_prevented #11 ATL v LVA @ T-8h               cutoff 2026-08-03T15:14:00+00:00 already passed at 2026-08-1
  late_prevented #12 CHI v PHX @ T-8h               cutoff 2026-08-03T17:08:00+00:00 already passed at 2026-08-1
  already_logged #13 NYL v SEA @ T-90m              idempotent: pair exists
  already_logged #14 ATL v LVA @ T-90m              idempotent: pair exists
  already_logged #15 CHI v PHX @ T-90m              idempotent: pair exists
  already_logged #16 NYL v SEA @ T-90m              idempotent: pair exists
  already_logged #17 ATL v LVA @ T-90m              idempotent: pair exists
  already_logged #18 CHI v PHX @ T-90m              idempotent: pair exists
  late_prevented #19 NYL v SEA @ T-30m              cutoff 2026-08-03T22:34:00+00:00 already passed at 2026-08-1
  late_prevented #20 ATL v LVA @ T-30m              cutoff 2026-08-03T22:44:00+00:00 already passed at 2026-08-1
  already_logged #21 CHI v PHX @ T-90m              idempotent: pair exists
  already_logged #22 GSV v TOR @ T-8h               idempotent: pair exists
  already_logged #23 GSV v TOR @ T-90m              idempotent: pair exists
  already_logged #24 GSV v TOR @ T-30m              idempotent: pair exists
  already_logged #25 ATL v PHX @ T-8h               idempotent: pair exists
  already_logged #26 NYL v SEA @ T-8h               idempotent: pair exists
  already_logged #27 WAS v DAL @ T-8h               idempotent: pair exists
  already_logged #28 CHI v LAS @ T-8h               idempotent: pair exists
  already_logged #29 ATL v PHX @ T-90m              idempotent: pair exists
  already_logged #30 NYL v SEA @ T-90m              idempotent: pair exists
  already_logged #31 WAS v DAL @ T-90m              idempotent: pair exists
  already_logged #32 CHI v LAS @ T-90m              idempotent: pair exists
  late_prevented #33 ATL v PHX @ T-30m              cutoff 2026-08-05T22:33:00+00:00 already passed at 2026-08-1
  late_prevented #34 NYL v SEA @ T-30m              cutoff 2026-08-05T22:38:00+00:00 already passed at 2026-08-1
  already_logged #35 WAS v DAL @ T-30m              idempotent: pair exists
  already_logged #36 CHI v LAS @ T-90m              idempotent: pair exists
  already_logged #37 IND v LVA @ T-8h               idempotent: pair exists
  already_logged #38 MIN v LAS @ T-8h               idempotent: pair exists
  already_logged #39 PDX v TOR @ T-8h               idempotent: pair exists
  already_logged #40 IND v LVA @ T-90m              idempotent: pair exists
  already_logged #41 MIN v LAS @ T-90m              idempotent: pair exists
  already_logged #42 PDX v TOR @ T-90m              idempotent: pair exists
  late_prevented #43 IND v LVA @ T-30m              cutoff 2026-08-06T22:36:00+00:00 already passed at 2026-08-1
  already_logged #44 PDX v TOR @ T-30m              idempotent: pair exists
  already_logged #45 CON v PHX @ T-8h               idempotent: pair exists
  already_logged #46 WAS v ATL @ T-8h               idempotent: pair exists
  already_logged #47 DAL v GSV @ T-8h               idempotent: pair exists
  already_logged #48 CON v PHX @ T-90m              idempotent: pair exists
  already_logged #49 WAS v ATL @ T-90m              idempotent: pair exists
  already_logged #50 DAL v GSV @ T-90m              idempotent: pair exists
  already_logged #51 CON v PHX @ T-30m              idempotent: pair exists
  already_logged #52 WAS v ATL @ T-30m              idempotent: pair exists
  already_logged #53 DAL v GSV @ T-30m              idempotent: pair exists
  already_logged #54 MIN v LVA @ T-8h               idempotent: pair exists
  already_logged #55 CHI v IND @ T-8h               idempotent: pair exists
  already_logged #56 PDX v SEA @ T-8h               idempotent: pair exists
  already_logged #57 MIN v LVA @ T-90m              idempotent: pair exists
  late_prevented #58 CHI v IND @ T-8h               cutoff 2026-08-08T11:35:00+00:00 already passed at 2026-08-1
  already_logged #59 PDX v SEA @ T-8h               idempotent: pair exists
  already_logged #60 PDX v SEA @ T-90m              idempotent: pair exists
  skip           #61 CHI v IND @ unknown-tip        base record is an explicit no-forecast; nothing to pair
  skip           #62 MIN v LVA @ unknown-tip        base record is an explicit no-forecast; nothing to pair
  already_logged #63 PDX v SEA @ T-30m              idempotent: pair exists
  already_logged #64 WAS v LAS @ T-90m              idempotent: pair exists
  already_logged #65 LVA v MIN @ T-90m              idempotent: pair exists
  already_logged #66 WAS v LAS @ T-30m              idempotent: pair exists
  late_prevented #67 LVA v MIN @ T-90m              cutoff 2026-08-15T22:35:00+00:00 already passed at 2026-08-1
  skip           #68 CON v NYL @ unknown-tip        base record is an explicit no-forecast; nothing to pair
  late_prevented #69 LVA v MIN @ T-30m              cutoff 2026-08-15T23:35:00+00:00 already passed at 2026-08-1
  already_logged #70 ATL v IND @ T-90m              idempotent: pair exists
  already_logged #71 SEA v CHI @ T-90m              idempotent: pair exists
  already_logged #72 PHX v PDX @ T-90m              idempotent: pair exists

  already_logged=49, late_prevented=19, skip=5
  arm chain: ok=True n=44 tip=b34365d45a378bdd
  receipt appended to prospective_pair_runs.jsonl
[arm] exit=0 
====================================================================================================
FORECAST COVERAGE AUDIT   generated 2026-08-16T19:45:09.233969+00:00
====================================================================================================

CUMULATIVE by classification
  missing_job_did_not_run      67
  forecast_logged              52
  before_period_start          15
  not_yet_due                  12
  missing_data_unavailable     9
  late_record                  5

  obligations 160 | due 133 | served 52 | coverage 39.1%
  operational misses 67 | unexplained 0
  PROMOTION-GRADE: NO   (needs >= 95% served, <= 0 operational misses, all explained)

DAILY
  date         oblig  served     due     excl    opmiss arm_recs
  2026-07-30      12       0       0       12         0        0
  2026-07-31      12       6       9        3         0        0
  2026-08-01       8       2       8        0         6        0
  2026-08-02      16       0      16        0        16        0
  2026-08-03      12       6      12        0         3        3
  2026-08-04       4       3       4        0         1        3
  2026-08-05      16       9      16        0         4        9
  2026-08-06      12       7      12        0         3        7
  2026-08-07      12       9      12        0         3        9
  2026-08-08      12       6      12        0         3        4
  2026-08-09      16       0      16        0        16        0
  2026-08-15       8       4       8        0         4        1
  2026-08-16      12       0       8        4         8        0
  2026-08-17       4       0       0        4         0        0
  2026-08-18       4       0       0        4         0        0

EVERY MISSING OR IRREGULAR OBLIGATION (each must carry an explanation)
  2026-07-31 ATL v SEA T-90m   missing_data_unavailable   job served 1 other game(s) on 2026-07-31 at T-90m
  2026-07-31 WAS v DAL T-90m   missing_data_unavailable   job served 1 other game(s) on 2026-07-31 at T-90m
  2026-07-31 PDX v IND T-30m   missing_data_unavailable   job served 2 other game(s) on 2026-07-31 at T-30m
  2026-08-01 CHI v LVA T-24h   missing_job_did_not_run    no base record for ANY game on 2026-08-01 at T-24h
  2026-08-01 CHI v LVA T-8h    missing_job_did_not_run    no base record for ANY game on 2026-08-01 at T-8h
  2026-08-01 CHI v LVA T-30m   missing_job_did_not_run    no base record for ANY game on 2026-08-01 at T-30m
  2026-08-01 PHX v NYL T-24h   missing_job_did_not_run    no base record for ANY game on 2026-08-01 at T-24h
  2026-08-01 PHX v NYL T-8h    missing_job_did_not_run    no base record for ANY game on 2026-08-01 at T-8h
  2026-08-01 PHX v NYL T-30m   missing_job_did_not_run    no base record for ANY game on 2026-08-01 at T-30m
  2026-08-02 DAL v CON T-24h   missing_job_did_not_run    no base record for ANY game on 2026-08-02 at T-24h
  2026-08-02 DAL v CON T-8h    missing_job_did_not_run    no base record for ANY game on 2026-08-02 at T-8h
  2026-08-02 DAL v CON T-90m   missing_job_did_not_run    no base record for ANY game on 2026-08-02 at T-90m
  2026-08-02 DAL v CON T-30m   missing_job_did_not_run    no base record for ANY game on 2026-08-02 at T-30m
  2026-08-02 GSV v TOR T-24h   missing_job_did_not_run    no base record for ANY game on 2026-08-02 at T-24h
  2026-08-02 GSV v TOR T-8h    missing_job_did_not_run    no base record for ANY game on 2026-08-02 at T-8h
  2026-08-02 GSV v TOR T-90m   missing_job_did_not_run    no base record for ANY game on 2026-08-02 at T-90m
  2026-08-02 GSV v TOR T-30m   missing_job_did_not_run    no base record for ANY game on 2026-08-02 at T-30m
  2026-08-02 MIN v IND T-24h   missing_job_did_not_run    no base record for ANY game on 2026-08-02 at T-24h
  2026-08-02 MIN v IND T-8h    missing_job_did_not_run    no base record for ANY game on 2026-08-02 at T-8h
  2026-08-02 MIN v IND T-90m   missing_job_did_not_run    no base record for ANY game on 2026-08-02 at T-90m
  2026-08-02 MIN v IND T-30m   missing_job_did_not_run    no base record for ANY game on 2026-08-02 at T-30m
  2026-08-02 PDX v LAS T-24h   missing_job_did_not_run    no base record for ANY game on 2026-08-02 at T-24h
  2026-08-02 PDX v LAS T-8h    missing_job_did_not_run    no base record for ANY game on 2026-08-02 at T-8h
  2026-08-02 PDX v LAS T-90m   missing_job_did_not_run    no base record for ANY game on 2026-08-02 at T-90m
  2026-08-02 PDX v LAS T-30m   missing_job_did_not_run    no base record for ANY game on 2026-08-02 at T-30m
  2026-08-03 NYL v SEA T-24h   missing_job_did_not_run    no base record for ANY game on 2026-08-03 at T-24h
  2026-08-03 NYL v SEA T-30m   late_record                created 2026-08-03T22:45:08.958486+00:00 after cutoff
  2026-08-03 ATL v LVA T-24h   missing_job_did_not_run    no base record for ANY game on 2026-08-03 at T-24h
  2026-08-03 ATL v LVA T-30m   late_record                created 2026-08-03T22:45:08.976775+00:00 after cutoff
  2026-08-03 CHI v PHX T-24h   missing_job_did_not_run    no base record for ANY game on 2026-08-03 at T-24h
  2026-08-03 CHI v PHX T-30m   missing_data_unavailable   job served 2 other game(s) on 2026-08-03 at T-30m
  2026-08-04 GSV v TOR T-24h   missing_job_did_not_run    no base record for ANY game on 2026-08-04 at T-24h
  2026-08-05 WAS v DAL T-24h   missing_job_did_not_run    no base record for ANY game on 2026-08-05 at T-24h
  2026-08-05 NYL v SEA T-24h   missing_job_did_not_run    no base record for ANY game on 2026-08-05 at T-24h
  2026-08-05 NYL v SEA T-30m   late_record                created 2026-08-05T22:45:07.299457+00:00 after cutoff
  2026-08-05 ATL v PHX T-24h   missing_job_did_not_run    no base record for ANY game on 2026-08-05 at T-24h
  2026-08-05 ATL v PHX T-30m   late_record                created 2026-08-05T22:45:07.274521+00:00 after cutoff
  2026-08-05 CHI v LAS T-24h   missing_job_did_not_run    no base record for ANY game on 2026-08-05 at T-24h
  2026-08-05 CHI v LAS T-30m   missing_data_unavailable   job served 3 other game(s) on 2026-08-05 at T-30m
  2026-08-06 IND v LVA T-24h   missing_job_did_not_run    no base record for ANY game on 2026-08-06 at T-24h
  2026-08-06 IND v LVA T-30m   late_record                created 2026-08-06T22:45:09.382682+00:00 after cutoff
  2026-08-06 PDX v TOR T-24h   missing_job_did_not_run    no base record for ANY game on 2026-08-06 at T-24h
  2026-08-06 MIN v LAS T-24h   missing_job_did_not_run    no base record for ANY game on 2026-08-06 at T-24h
  2026-08-06 MIN v LAS T-30m   missing_data_unavailable   job served 2 other game(s) on 2026-08-06 at T-30m
  2026-08-07 WAS v ATL T-24h   missing_job_did_not_run    no base record for ANY game on 2026-08-07 at T-24h
  2026-08-07 CON v PHX T-24h   missing_job_did_not_run    no base record for ANY game on 2026-08-07 at T-24h
  2026-08-07 DAL v GSV T-24h   missing_job_did_not_run    no base record for ANY game on 2026-08-07 at T-24h
  2026-08-08 CHI v IND T-24h   missing_job_did_not_run    no base record for ANY game on 2026-08-08 at T-24h
  2026-08-08 CHI v IND T-90m   missing_data_unavailable   job served 2 other game(s) on 2026-08-08 at T-90m
  2026-08-08 CHI v IND T-30m   missing_data_unavailable   job served 1 other game(s) on 2026-08-08 at T-30m
  2026-08-08 MIN v LVA T-24h   missing_job_did_not_run    no base record for ANY game on 2026-08-08 at T-24h
  2026-08-08 MIN v LVA T-30m   missing_data_unavailable   job served 1 other game(s) on 2026-08-08 at T-30m
  2026-08-08 PDX v SEA T-24h   missing_job_did_not_run    no base record for ANY game on 2026-08-08 at T-24h
  2026-08-09 WAS v PHX T-24h   missing_job_did_not_run    no base record for ANY game on 2026-08-09 at T-24h
  2026-08-09 WAS v PHX T-8h    missing_job_did_not_run    no base record for ANY game on 2026-08-09 at T-8h
  2026-08-09 WAS v PHX T-90m   missing_job_did_not_run    no base record for ANY game on 2026-08-09 at T-90m
  2026-08-09 WAS v PHX T-30m   missing_job_did_not_run    no base record for ANY game on 2026-08-09 at T-30m
  2026-08-09 LAS v GSV T-24h   missing_job_did_not_run    no base record for ANY game on 2026-08-09 at T-24h
  2026-08-09 LAS v GSV T-8h    missing_job_did_not_run    no base record for ANY game on 2026-08-09 at T-8h
  2026-08-09 LAS v GSV T-90m   missing_job_did_not_run    no base record for ANY game on 2026-08-09 at T-90m
  2026-08-09 LAS v GSV T-30m   missing_job_did_not_run    no base record for ANY game on 2026-08-09 at T-30m
  2026-08-09 NYL v LVA T-24h   missing_job_did_not_run    no base record for ANY game on 2026-08-09 at T-24h
  2026-08-09 NYL v LVA T-8h    missing_job_did_not_run    no base record for ANY game on 2026-08-09 at T-8h
  2026-08-09 NYL v LVA T-90m   missing_job_did_not_run    no base record for ANY game on 2026-08-09 at T-90m
  2026-08-09 NYL v LVA T-30m   missing_job_did_not_run    no base record for ANY game on 2026-08-09 at T-30m
  2026-08-09 MIN v DAL T-24h   missing_job_did_not_run    no base record for ANY game on 2026-08-09 at T-24h
  2026-08-09 MIN v DAL T-8h    missing_job_did_not_run    no base record for ANY game on 2026-08-09 at T-8h
  2026-08-09 MIN v DAL T-90m   missing_job_did_not_run    no base record for ANY game on 2026-08-09 at T-90m
  2026-08-09 MIN v DAL T-30m   missing_job_did_not_run    no base record for ANY game on 2026-08-09 at T-30m
  2026-08-15 WAS v LAS T-24h   missing_job_did_not_run    no base record for ANY game on 2026-08-15 at T-24h
  2026-08-15 WAS v LAS T-8h    missing_job_did_not_run    no base record for ANY game on 2026-08-15 at T-8h
  2026-08-15 LVA v MIN T-24h   missing_job_did_not_run    no base record for ANY game on 2026-08-15 at T-24h
  2026-08-15 LVA v MIN T-8h    missing_job_did_not_run    no base record for ANY game on 2026-08-15 at T-8h
  2026-08-16 ATL v IND T-24h   missing_job_did_not_run    no base record for ANY game on 2026-08-16 at T-24h
  2026-08-16 ATL v IND T-8h    missing_job_did_not_run    no base record for ANY game on 2026-08-16 at T-8h
  2026-08-16 ATL v IND T-90m   missing_job_did_not_run    no base record for ANY game on 2026-08-16 at T-90m
  2026-08-16 SEA v CHI T-24h   missing_job_did_not_run    no base record for ANY game on 2026-08-16 at T-24h
  2026-08-16 SEA v CHI T-8h    missing_job_did_not_run    no base record for ANY game on 2026-08-16 at T-8h
  2026-08-16 SEA v CHI T-90m   missing_job_did_not_run    no base record for ANY game on 2026-08-16 at T-90m
  2026-08-16 PHX v PDX T-24h   missing_job_did_not_run    no base record for ANY game on 2026-08-16 at T-24h
  2026-08-16 PHX v PDX T-8h    missing_job_did_not_run    no base record for ANY game on 2026-08-16 at T-8h

wrote forecasts/coverage_audit.csv and forecasts/coverage_receipt.json
[audit] exit=0 
==== Sun 08/16/2026 16:00:06.34 ==== 
[gate] 2026-08-16T20:00:07.873446+00:00  fire=False  -- would duplicate 1 already-served obligation(s); the base job cannot be scoped to one game; 5 slate game(s) have no official game_id and were served under a provisional id: ATL v IND (2026-08-16) -> PROV-2026-08-16-IND@ATL, SEA v CHI (2026-08-16) -> PROV-2026-08-16-CHI@SEA, PHX v PDX (2026-08-16) -> PROV-2026-08-16-PDX@PHX, GSV v DAL (2026-08-17) -> PROV-2026-08-17-DAL@GSV, CON v LAS (2026-08-18) -> PROV-2026-08-18-LAS@CON
       ATL v IND      T-30m   unserved cutoff 2026-08-16T20:30:00 (+30 min) 
       SEA v CHI      T-30m   unserved cutoff 2026-08-16T20:30:00 (+30 min) 
       PHX v PDX      T-90m   SERVED   cutoff 2026-08-16T21:30:00 (+90 min) 
       GSV v DAL      T-24h   unserved cutoff 2026-08-17T02:00:00 (+360 min) 
       CON v LAS      T-24h   unserved cutoff 2026-08-17T23:00:00 (+1620 min) 
[gate] HOLDING: firing now would append 1 permanent duplicate record(s) to an append-only chain. A missed obligation is recoverable; a duplicate is not.
[gate] skipping the base job
[base] skipped - no unserved obligation in its lead window 
[base] exit=0 
================================================================================================
PROSPECTIVE PAIR RUNNER  2026-08-16T20:00:09.627926+00:00  model=ridge_score_level_w2c1_v1 hash=5d295bb8b99cd34e
================================================================================================
base records in official chain: 73
  late_prevented #0 ATL v SEA @ T-8h                cutoff 2026-07-31T15:35:00+00:00 already passed at 2026-08-1
  late_prevented #1 WAS v DAL @ T-8h                cutoff 2026-07-31T15:35:00+00:00 already passed at 2026-08-1
  late_prevented #2 PDX v IND @ T-8h                cutoff 2026-07-31T18:06:00+00:00 already passed at 2026-08-1
  late_prevented #3 ATL v SEA @ T-30m               cutoff 2026-07-31T23:05:00+00:00 already passed at 2026-08-1
  late_prevented #4 WAS v DAL @ T-30m               cutoff 2026-07-31T23:05:00+00:00 already passed at 2026-08-1
  late_prevented #5 PDX v IND @ T-90m               cutoff 2026-08-01T00:36:00+00:00 already passed at 2026-08-1
  late_prevented #6 CHI v LVA @ T-90m               cutoff 2026-08-01T15:35:00+00:00 already passed at 2026-08-1
  late_prevented #7 PHX v NYL @ T-90m               cutoff 2026-08-01T17:34:00+00:00 already passed at 2026-08-1
  skip           #8 CHI v LVA @ unknown-tip         base record is an explicit no-forecast; nothing to pair
  skip           #9 PHX v NYL @ unknown-tip         base record is an explicit no-forecast; nothing to pair
  late_prevented #10 NYL v SEA @ T-8h               cutoff 2026-08-03T15:04:00+00:00 already passed at 2026-08-1
  late_prevented #11 ATL v LVA @ T-8h               cutoff 2026-08-03T15:14:00+00:00 already passed at 2026-08-1
  late_prevented #12 CHI v PHX @ T-8h               cutoff 2026-08-03T17:08:00+00:00 already passed at 2026-08-1
  already_logged #13 NYL v SEA @ T-90m              idempotent: pair exists
  already_logged #14 ATL v LVA @ T-90m              idempotent: pair exists
  already_logged #15 CHI v PHX @ T-90m              idempotent: pair exists
  already_logged #16 NYL v SEA @ T-90m              idempotent: pair exists
  already_logged #17 ATL v LVA @ T-90m              idempotent: pair exists
  already_logged #18 CHI v PHX @ T-90m              idempotent: pair exists
  late_prevented #19 NYL v SEA @ T-30m              cutoff 2026-08-03T22:34:00+00:00 already passed at 2026-08-1
  late_prevented #20 ATL v LVA @ T-30m              cutoff 2026-08-03T22:44:00+00:00 already passed at 2026-08-1
  already_logged #21 CHI v PHX @ T-90m              idempotent: pair exists
  already_logged #22 GSV v TOR @ T-8h               idempotent: pair exists
  already_logged #23 GSV v TOR @ T-90m              idempotent: pair exists
  already_logged #24 GSV v TOR @ T-30m              idempotent: pair exists
  already_logged #25 ATL v PHX @ T-8h               idempotent: pair exists
  already_logged #26 NYL v SEA @ T-8h               idempotent: pair exists
  already_logged #27 WAS v DAL @ T-8h               idempotent: pair exists
  already_logged #28 CHI v LAS @ T-8h               idempotent: pair exists
  already_logged #29 ATL v PHX @ T-90m              idempotent: pair exists
  already_logged #30 NYL v SEA @ T-90m              idempotent: pair exists
  already_logged #31 WAS v DAL @ T-90m              idempotent: pair exists
  already_logged #32 CHI v LAS @ T-90m              idempotent: pair exists
  late_prevented #33 ATL v PHX @ T-30m              cutoff 2026-08-05T22:33:00+00:00 already passed at 2026-08-1
  late_prevented #34 NYL v SEA @ T-30m              cutoff 2026-08-05T22:38:00+00:00 already passed at 2026-08-1
  already_logged #35 WAS v DAL @ T-30m              idempotent: pair exists
  already_logged #36 CHI v LAS @ T-90m              idempotent: pair exists
  already_logged #37 IND v LVA @ T-8h               idempotent: pair exists
  already_logged #38 MIN v LAS @ T-8h               idempotent: pair exists
  already_logged #39 PDX v TOR @ T-8h               idempotent: pair exists
  already_logged #40 IND v LVA @ T-90m              idempotent: pair exists
  already_logged #41 MIN v LAS @ T-90m              idempotent: pair exists
  already_logged #42 PDX v TOR @ T-90m              idempotent: pair exists
  late_prevented #43 IND v LVA @ T-30m              cutoff 2026-08-06T22:36:00+00:00 already passed at 2026-08-1
  already_logged #44 PDX v TOR @ T-30m              idempotent: pair exists
  already_logged #45 CON v PHX @ T-8h               idempotent: pair exists
  already_logged #46 WAS v ATL @ T-8h               idempotent: pair exists
  already_logged #47 DAL v GSV @ T-8h               idempotent: pair exists
  already_logged #48 CON v PHX @ T-90m              idempotent: pair exists
  already_logged #49 WAS v ATL @ T-90m              idempotent: pair exists
  already_logged #50 DAL v GSV @ T-90m              idempotent: pair exists
  already_logged #51 CON v PHX @ T-30m              idempotent: pair exists
  already_logged #52 WAS v ATL @ T-30m              idempotent: pair exists
  already_logged #53 DAL v GSV @ T-30m              idempotent: pair exists
  already_logged #54 MIN v LVA @ T-8h               idempotent: pair exists
  already_logged #55 CHI v IND @ T-8h               idempotent: pair exists
  already_logged #56 PDX v SEA @ T-8h               idempotent: pair exists
  already_logged #57 MIN v LVA @ T-90m              idempotent: pair exists
  late_prevented #58 CHI v IND @ T-8h               cutoff 2026-08-08T11:35:00+00:00 already passed at 2026-08-1
  already_logged #59 PDX v SEA @ T-8h               idempotent: pair exists
  already_logged #60 PDX v SEA @ T-90m              idempotent: pair exists
  skip           #61 CHI v IND @ unknown-tip        base record is an explicit no-forecast; nothing to pair
  skip           #62 MIN v LVA @ unknown-tip        base record is an explicit no-forecast; nothing to pair
  already_logged #63 PDX v SEA @ T-30m              idempotent: pair exists
  already_logged #64 WAS v LAS @ T-90m              idempotent: pair exists
  already_logged #65 LVA v MIN @ T-90m              idempotent: pair exists
  already_logged #66 WAS v LAS @ T-30m              idempotent: pair exists
  late_prevented #67 LVA v MIN @ T-90m              cutoff 2026-08-15T22:35:00+00:00 already passed at 2026-08-1
  skip           #68 CON v NYL @ unknown-tip        base record is an explicit no-forecast; nothing to pair
  late_prevented #69 LVA v MIN @ T-30m              cutoff 2026-08-15T23:35:00+00:00 already passed at 2026-08-1
  already_logged #70 ATL v IND @ T-90m              idempotent: pair exists
  already_logged #71 SEA v CHI @ T-90m              idempotent: pair exists
  already_logged #72 PHX v PDX @ T-90m              idempotent: pair exists

  already_logged=49, late_prevented=19, skip=5
  arm chain: ok=True n=44 tip=b34365d45a378bdd
  receipt appended to prospective_pair_runs.jsonl
[arm] exit=0 
====================================================================================================
FORECAST COVERAGE AUDIT   generated 2026-08-16T20:00:11.372461+00:00
====================================================================================================

CUMULATIVE by classification
  missing_job_did_not_run      67
  forecast_logged              52
  before_period_start          15
  not_yet_due                  12
  missing_data_unavailable     9
  late_record                  5

  obligations 160 | due 133 | served 52 | coverage 39.1%
  operational misses 67 | unexplained 0
  PROMOTION-GRADE: NO   (needs >= 95% served, <= 0 operational misses, all explained)

DAILY
  date         oblig  served     due     excl    opmiss arm_recs
  2026-07-30      12       0       0       12         0        0
  2026-07-31      12       6       9        3         0        0
  2026-08-01       8       2       8        0         6        0
  2026-08-02      16       0      16        0        16        0
  2026-08-03      12       6      12        0         3        3
  2026-08-04       4       3       4        0         1        3
  2026-08-05      16       9      16        0         4        9
  2026-08-06      12       7      12        0         3        7
  2026-08-07      12       9      12        0         3        9
  2026-08-08      12       6      12        0         3        4
  2026-08-09      16       0      16        0        16        0
  2026-08-15       8       4       8        0         4        1
  2026-08-16      12       0       8        4         8        0
  2026-08-17       4       0       0        4         0        0
  2026-08-18       4       0       0        4         0        0

EVERY MISSING OR IRREGULAR OBLIGATION (each must carry an explanation)
  2026-07-31 ATL v SEA T-90m   missing_data_unavailable   job served 1 other game(s) on 2026-07-31 at T-90m
  2026-07-31 WAS v DAL T-90m   missing_data_unavailable   job served 1 other game(s) on 2026-07-31 at T-90m
  2026-07-31 PDX v IND T-30m   missing_data_unavailable   job served 2 other game(s) on 2026-07-31 at T-30m
  2026-08-01 CHI v LVA T-24h   missing_job_did_not_run    no base record for ANY game on 2026-08-01 at T-24h
  2026-08-01 CHI v LVA T-8h    missing_job_did_not_run    no base record for ANY game on 2026-08-01 at T-8h
  2026-08-01 CHI v LVA T-30m   missing_job_did_not_run    no base record for ANY game on 2026-08-01 at T-30m
  2026-08-01 PHX v NYL T-24h   missing_job_did_not_run    no base record for ANY game on 2026-08-01 at T-24h
  2026-08-01 PHX v NYL T-8h    missing_job_did_not_run    no base record for ANY game on 2026-08-01 at T-8h
  2026-08-01 PHX v NYL T-30m   missing_job_did_not_run    no base record for ANY game on 2026-08-01 at T-30m
  2026-08-02 DAL v CON T-24h   missing_job_did_not_run    no base record for ANY game on 2026-08-02 at T-24h
  2026-08-02 DAL v CON T-8h    missing_job_did_not_run    no base record for ANY game on 2026-08-02 at T-8h
  2026-08-02 DAL v CON T-90m   missing_job_did_not_run    no base record for ANY game on 2026-08-02 at T-90m
  2026-08-02 DAL v CON T-30m   missing_job_did_not_run    no base record for ANY game on 2026-08-02 at T-30m
  2026-08-02 GSV v TOR T-24h   missing_job_did_not_run    no base record for ANY game on 2026-08-02 at T-24h
  2026-08-02 GSV v TOR T-8h    missing_job_did_not_run    no base record for ANY game on 2026-08-02 at T-8h
  2026-08-02 GSV v TOR T-90m   missing_job_did_not_run    no base record for ANY game on 2026-08-02 at T-90m
  2026-08-02 GSV v TOR T-30m   missing_job_did_not_run    no base record for ANY game on 2026-08-02 at T-30m
  2026-08-02 MIN v IND T-24h   missing_job_did_not_run    no base record for ANY game on 2026-08-02 at T-24h
  2026-08-02 MIN v IND T-8h    missing_job_did_not_run    no base record for ANY game on 2026-08-02 at T-8h
  2026-08-02 MIN v IND T-90m   missing_job_did_not_run    no base record for ANY game on 2026-08-02 at T-90m
  2026-08-02 MIN v IND T-30m   missing_job_did_not_run    no base record for ANY game on 2026-08-02 at T-30m
  2026-08-02 PDX v LAS T-24h   missing_job_did_not_run    no base record for ANY game on 2026-08-02 at T-24h
  2026-08-02 PDX v LAS T-8h    missing_job_did_not_run    no base record for ANY game on 2026-08-02 at T-8h
  2026-08-02 PDX v LAS T-90m   missing_job_did_not_run    no base record for ANY game on 2026-08-02 at T-90m
  2026-08-02 PDX v LAS T-30m   missing_job_did_not_run    no base record for ANY game on 2026-08-02 at T-30m
  2026-08-03 NYL v SEA T-24h   missing_job_did_not_run    no base record for ANY game on 2026-08-03 at T-24h
  2026-08-03 NYL v SEA T-30m   late_record                created 2026-08-03T22:45:08.958486+00:00 after cutoff
  2026-08-03 ATL v LVA T-24h   missing_job_did_not_run    no base record for ANY game on 2026-08-03 at T-24h
  2026-08-03 ATL v LVA T-30m   late_record                created 2026-08-03T22:45:08.976775+00:00 after cutoff
  2026-08-03 CHI v PHX T-24h   missing_job_did_not_run    no base record for ANY game on 2026-08-03 at T-24h
  2026-08-03 CHI v PHX T-30m   missing_data_unavailable   job served 2 other game(s) on 2026-08-03 at T-30m
  2026-08-04 GSV v TOR T-24h   missing_job_did_not_run    no base record for ANY game on 2026-08-04 at T-24h
  2026-08-05 WAS v DAL T-24h   missing_job_did_not_run    no base record for ANY game on 2026-08-05 at T-24h
  2026-08-05 NYL v SEA T-24h   missing_job_did_not_run    no base record for ANY game on 2026-08-05 at T-24h
  2026-08-05 NYL v SEA T-30m   late_record                created 2026-08-05T22:45:07.299457+00:00 after cutoff
  2026-08-05 ATL v PHX T-24h   missing_job_did_not_run    no base record for ANY game on 2026-08-05 at T-24h
  2026-08-05 ATL v PHX T-30m   late_record                created 2026-08-05T22:45:07.274521+00:00 after cutoff
  2026-08-05 CHI v LAS T-24h   missing_job_did_not_run    no base record for ANY game on 2026-08-05 at T-24h
  2026-08-05 CHI v LAS T-30m   missing_data_unavailable   job served 3 other game(s) on 2026-08-05 at T-30m
  2026-08-06 IND v LVA T-24h   missing_job_did_not_run    no base record for ANY game on 2026-08-06 at T-24h
  2026-08-06 IND v LVA T-30m   late_record                created 2026-08-06T22:45:09.382682+00:00 after cutoff
  2026-08-06 PDX v TOR T-24h   missing_job_did_not_run    no base record for ANY game on 2026-08-06 at T-24h
  2026-08-06 MIN v LAS T-24h   missing_job_did_not_run    no base record for ANY game on 2026-08-06 at T-24h
  2026-08-06 MIN v LAS T-30m   missing_data_unavailable   job served 2 other game(s) on 2026-08-06 at T-30m
  2026-08-07 WAS v ATL T-24h   missing_job_did_not_run    no base record for ANY game on 2026-08-07 at T-24h
  2026-08-07 CON v PHX T-24h   missing_job_did_not_run    no base record for ANY game on 2026-08-07 at T-24h
  2026-08-07 DAL v GSV T-24h   missing_job_did_not_run    no base record for ANY game on 2026-08-07 at T-24h
  2026-08-08 CHI v IND T-24h   missing_job_did_not_run    no base record for ANY game on 2026-08-08 at T-24h
  2026-08-08 CHI v IND T-90m   missing_data_unavailable   job served 2 other game(s) on 2026-08-08 at T-90m
  2026-08-08 CHI v IND T-30m   missing_data_unavailable   job served 1 other game(s) on 2026-08-08 at T-30m
  2026-08-08 MIN v LVA T-24h   missing_job_did_not_run    no base record for ANY game on 2026-08-08 at T-24h
  2026-08-08 MIN v LVA T-30m   missing_data_unavailable   job served 1 other game(s) on 2026-08-08 at T-30m
  2026-08-08 PDX v SEA T-24h   missing_job_did_not_run    no base record for ANY game on 2026-08-08 at T-24h
  2026-08-09 WAS v PHX T-24h   missing_job_did_not_run    no base record for ANY game on 2026-08-09 at T-24h
  2026-08-09 WAS v PHX T-8h    missing_job_did_not_run    no base record for ANY game on 2026-08-09 at T-8h
  2026-08-09 WAS v PHX T-90m   missing_job_did_not_run    no base record for ANY game on 2026-08-09 at T-90m
  2026-08-09 WAS v PHX T-30m   missing_job_did_not_run    no base record for ANY game on 2026-08-09 at T-30m
  2026-08-09 LAS v GSV T-24h   missing_job_did_not_run    no base record for ANY game on 2026-08-09 at T-24h
  2026-08-09 LAS v GSV T-8h    missing_job_did_not_run    no base record for ANY game on 2026-08-09 at T-8h
  2026-08-09 LAS v GSV T-90m   missing_job_did_not_run    no base record for ANY game on 2026-08-09 at T-90m
  2026-08-09 LAS v GSV T-30m   missing_job_did_not_run    no base record for ANY game on 2026-08-09 at T-30m
  2026-08-09 NYL v LVA T-24h   missing_job_did_not_run    no base record for ANY game on 2026-08-09 at T-24h
  2026-08-09 NYL v LVA T-8h    missing_job_did_not_run    no base record for ANY game on 2026-08-09 at T-8h
  2026-08-09 NYL v LVA T-90m   missing_job_did_not_run    no base record for ANY game on 2026-08-09 at T-90m
  2026-08-09 NYL v LVA T-30m   missing_job_did_not_run    no base record for ANY game on 2026-08-09 at T-30m
  2026-08-09 MIN v DAL T-24h   missing_job_did_not_run    no base record for ANY game on 2026-08-09 at T-24h
  2026-08-09 MIN v DAL T-8h    missing_job_did_not_run    no base record for ANY game on 2026-08-09 at T-8h
  2026-08-09 MIN v DAL T-90m   missing_job_did_not_run    no base record for ANY game on 2026-08-09 at T-90m
  2026-08-09 MIN v DAL T-30m   missing_job_did_not_run    no base record for ANY game on 2026-08-09 at T-30m
  2026-08-15 WAS v LAS T-24h   missing_job_did_not_run    no base record for ANY game on 2026-08-15 at T-24h
  2026-08-15 WAS v LAS T-8h    missing_job_did_not_run    no base record for ANY game on 2026-08-15 at T-8h
  2026-08-15 LVA v MIN T-24h   missing_job_did_not_run    no base record for ANY game on 2026-08-15 at T-24h
  2026-08-15 LVA v MIN T-8h    missing_job_did_not_run    no base record for ANY game on 2026-08-15 at T-8h
  2026-08-16 ATL v IND T-24h   missing_job_did_not_run    no base record for ANY game on 2026-08-16 at T-24h
  2026-08-16 ATL v IND T-8h    missing_job_did_not_run    no base record for ANY game on 2026-08-16 at T-8h
  2026-08-16 ATL v IND T-90m   missing_job_did_not_run    no base record for ANY game on 2026-08-16 at T-90m
  2026-08-16 SEA v CHI T-24h   missing_job_did_not_run    no base record for ANY game on 2026-08-16 at T-24h
  2026-08-16 SEA v CHI T-8h    missing_job_did_not_run    no base record for ANY game on 2026-08-16 at T-8h
  2026-08-16 SEA v CHI T-90m   missing_job_did_not_run    no base record for ANY game on 2026-08-16 at T-90m
  2026-08-16 PHX v PDX T-24h   missing_job_did_not_run    no base record for ANY game on 2026-08-16 at T-24h
  2026-08-16 PHX v PDX T-8h    missing_job_did_not_run    no base record for ANY game on 2026-08-16 at T-8h

wrote forecasts/coverage_audit.csv and forecasts/coverage_receipt.json
[audit] exit=0 
==== Sun 08/16/2026 16:15:04.89 ==== 
[gate] 2026-08-16T20:15:06.101322+00:00  fire=False  -- would duplicate 1 already-served obligation(s); the base job cannot be scoped to one game; 5 slate game(s) have no official game_id and were served under a provisional id: ATL v IND (2026-08-16) -> PROV-2026-08-16-IND@ATL, SEA v CHI (2026-08-16) -> PROV-2026-08-16-CHI@SEA, PHX v PDX (2026-08-16) -> PROV-2026-08-16-PDX@PHX, GSV v DAL (2026-08-17) -> PROV-2026-08-17-DAL@GSV, CON v LAS (2026-08-18) -> PROV-2026-08-18-LAS@CON
       ATL v IND      T-30m   unserved cutoff 2026-08-16T20:30:00 (+15 min) IN-WINDOW
       SEA v CHI      T-30m   unserved cutoff 2026-08-16T20:30:00 (+15 min) IN-WINDOW
       PHX v PDX      T-90m   SERVED   cutoff 2026-08-16T21:30:00 (+75 min) 
       GSV v DAL      T-24h   unserved cutoff 2026-08-17T02:00:00 (+345 min) 
       CON v LAS      T-24h   unserved cutoff 2026-08-17T23:00:00 (+1605 min) 
[gate] HOLDING: firing now would append 1 permanent duplicate record(s) to an append-only chain. A missed obligation is recoverable; a duplicate is not.
[gate] skipping the base job
[base] skipped - no unserved obligation in its lead window 
[base] exit=0 
================================================================================================
PROSPECTIVE PAIR RUNNER  2026-08-16T20:15:07.745909+00:00  model=ridge_score_level_w2c1_v1 hash=5d295bb8b99cd34e
================================================================================================
base records in official chain: 73
  late_prevented #0 ATL v SEA @ T-8h                cutoff 2026-07-31T15:35:00+00:00 already passed at 2026-08-1
  late_prevented #1 WAS v DAL @ T-8h                cutoff 2026-07-31T15:35:00+00:00 already passed at 2026-08-1
  late_prevented #2 PDX v IND @ T-8h                cutoff 2026-07-31T18:06:00+00:00 already passed at 2026-08-1
  late_prevented #3 ATL v SEA @ T-30m               cutoff 2026-07-31T23:05:00+00:00 already passed at 2026-08-1
  late_prevented #4 WAS v DAL @ T-30m               cutoff 2026-07-31T23:05:00+00:00 already passed at 2026-08-1
  late_prevented #5 PDX v IND @ T-90m               cutoff 2026-08-01T00:36:00+00:00 already passed at 2026-08-1
  late_prevented #6 CHI v LVA @ T-90m               cutoff 2026-08-01T15:35:00+00:00 already passed at 2026-08-1
  late_prevented #7 PHX v NYL @ T-90m               cutoff 2026-08-01T17:34:00+00:00 already passed at 2026-08-1
  skip           #8 CHI v LVA @ unknown-tip         base record is an explicit no-forecast; nothing to pair
  skip           #9 PHX v NYL @ unknown-tip         base record is an explicit no-forecast; nothing to pair
  late_prevented #10 NYL v SEA @ T-8h               cutoff 2026-08-03T15:04:00+00:00 already passed at 2026-08-1
  late_prevented #11 ATL v LVA @ T-8h               cutoff 2026-08-03T15:14:00+00:00 already passed at 2026-08-1
  late_prevented #12 CHI v PHX @ T-8h               cutoff 2026-08-03T17:08:00+00:00 already passed at 2026-08-1
  already_logged #13 NYL v SEA @ T-90m              idempotent: pair exists
  already_logged #14 ATL v LVA @ T-90m              idempotent: pair exists
  already_logged #15 CHI v PHX @ T-90m              idempotent: pair exists
  already_logged #16 NYL v SEA @ T-90m              idempotent: pair exists
  already_logged #17 ATL v LVA @ T-90m              idempotent: pair exists
  already_logged #18 CHI v PHX @ T-90m              idempotent: pair exists
  late_prevented #19 NYL v SEA @ T-30m              cutoff 2026-08-03T22:34:00+00:00 already passed at 2026-08-1
  late_prevented #20 ATL v LVA @ T-30m              cutoff 2026-08-03T22:44:00+00:00 already passed at 2026-08-1
  already_logged #21 CHI v PHX @ T-90m              idempotent: pair exists
  already_logged #22 GSV v TOR @ T-8h               idempotent: pair exists
  already_logged #23 GSV v TOR @ T-90m              idempotent: pair exists
  already_logged #24 GSV v TOR @ T-30m              idempotent: pair exists
  already_logged #25 ATL v PHX @ T-8h               idempotent: pair exists
  already_logged #26 NYL v SEA @ T-8h               idempotent: pair exists
  already_logged #27 WAS v DAL @ T-8h               idempotent: pair exists
  already_logged #28 CHI v LAS @ T-8h               idempotent: pair exists
  already_logged #29 ATL v PHX @ T-90m              idempotent: pair exists
  already_logged #30 NYL v SEA @ T-90m              idempotent: pair exists
  already_logged #31 WAS v DAL @ T-90m              idempotent: pair exists
  already_logged #32 CHI v LAS @ T-90m              idempotent: pair exists
  late_prevented #33 ATL v PHX @ T-30m              cutoff 2026-08-05T22:33:00+00:00 already passed at 2026-08-1
  late_prevented #34 NYL v SEA @ T-30m              cutoff 2026-08-05T22:38:00+00:00 already passed at 2026-08-1
  already_logged #35 WAS v DAL @ T-30m              idempotent: pair exists
  already_logged #36 CHI v LAS @ T-90m              idempotent: pair exists
  already_logged #37 IND v LVA @ T-8h               idempotent: pair exists
  already_logged #38 MIN v LAS @ T-8h               idempotent: pair exists
  already_logged #39 PDX v TOR @ T-8h               idempotent: pair exists
  already_logged #40 IND v LVA @ T-90m              idempotent: pair exists
  already_logged #41 MIN v LAS @ T-90m              idempotent: pair exists
  already_logged #42 PDX v TOR @ T-90m              idempotent: pair exists
  late_prevented #43 IND v LVA @ T-30m              cutoff 2026-08-06T22:36:00+00:00 already passed at 2026-08-1
  already_logged #44 PDX v TOR @ T-30m              idempotent: pair exists
  already_logged #45 CON v PHX @ T-8h               idempotent: pair exists
  already_logged #46 WAS v ATL @ T-8h               idempotent: pair exists
  already_logged #47 DAL v GSV @ T-8h               idempotent: pair exists
  already_logged #48 CON v PHX @ T-90m              idempotent: pair exists
  already_logged #49 WAS v ATL @ T-90m              idempotent: pair exists
  already_logged #50 DAL v GSV @ T-90m              idempotent: pair exists
  already_logged #51 CON v PHX @ T-30m              idempotent: pair exists
  already_logged #52 WAS v ATL @ T-30m              idempotent: pair exists
  already_logged #53 DAL v GSV @ T-30m              idempotent: pair exists
  already_logged #54 MIN v LVA @ T-8h               idempotent: pair exists
  already_logged #55 CHI v IND @ T-8h               idempotent: pair exists
  already_logged #56 PDX v SEA @ T-8h               idempotent: pair exists
  already_logged #57 MIN v LVA @ T-90m              idempotent: pair exists
  late_prevented #58 CHI v IND @ T-8h               cutoff 2026-08-08T11:35:00+00:00 already passed at 2026-08-1
  already_logged #59 PDX v SEA @ T-8h               idempotent: pair exists
  already_logged #60 PDX v SEA @ T-90m              idempotent: pair exists
  skip           #61 CHI v IND @ unknown-tip        base record is an explicit no-forecast; nothing to pair
  skip           #62 MIN v LVA @ unknown-tip        base record is an explicit no-forecast; nothing to pair
  already_logged #63 PDX v SEA @ T-30m              idempotent: pair exists
  already_logged #64 WAS v LAS @ T-90m              idempotent: pair exists
  already_logged #65 LVA v MIN @ T-90m              idempotent: pair exists
  already_logged #66 WAS v LAS @ T-30m              idempotent: pair exists
  late_prevented #67 LVA v MIN @ T-90m              cutoff 2026-08-15T22:35:00+00:00 already passed at 2026-08-1
  skip           #68 CON v NYL @ unknown-tip        base record is an explicit no-forecast; nothing to pair
  late_prevented #69 LVA v MIN @ T-30m              cutoff 2026-08-15T23:35:00+00:00 already passed at 2026-08-1
  already_logged #70 ATL v IND @ T-90m              idempotent: pair exists
  already_logged #71 SEA v CHI @ T-90m              idempotent: pair exists
  already_logged #72 PHX v PDX @ T-90m              idempotent: pair exists

  already_logged=49, late_prevented=19, skip=5
  arm chain: ok=True n=44 tip=b34365d45a378bdd
  receipt appended to prospective_pair_runs.jsonl
[arm] exit=0 
====================================================================================================
FORECAST COVERAGE AUDIT   generated 2026-08-16T20:15:09.507894+00:00
====================================================================================================

CUMULATIVE by classification
  missing_job_did_not_run      67
  forecast_logged              52
  before_period_start          15
  not_yet_due                  12
  missing_data_unavailable     9
  late_record                  5

  obligations 160 | due 133 | served 52 | coverage 39.1%
  operational misses 67 | unexplained 0
  PROMOTION-GRADE: NO   (needs >= 95% served, <= 0 operational misses, all explained)

DAILY
  date         oblig  served     due     excl    opmiss arm_recs
  2026-07-30      12       0       0       12         0        0
  2026-07-31      12       6       9        3         0        0
  2026-08-01       8       2       8        0         6        0
  2026-08-02      16       0      16        0        16        0
  2026-08-03      12       6      12        0         3        3
  2026-08-04       4       3       4        0         1        3
  2026-08-05      16       9      16        0         4        9
  2026-08-06      12       7      12        0         3        7
  2026-08-07      12       9      12        0         3        9
  2026-08-08      12       6      12        0         3        4
  2026-08-09      16       0      16        0        16        0
  2026-08-15       8       4       8        0         4        1
  2026-08-16      12       0       8        4         8        0
  2026-08-17       4       0       0        4         0        0
  2026-08-18       4       0       0        4         0        0

EVERY MISSING OR IRREGULAR OBLIGATION (each must carry an explanation)
  2026-07-31 ATL v SEA T-90m   missing_data_unavailable   job served 1 other game(s) on 2026-07-31 at T-90m
  2026-07-31 WAS v DAL T-90m   missing_data_unavailable   job served 1 other game(s) on 2026-07-31 at T-90m
  2026-07-31 PDX v IND T-30m   missing_data_unavailable   job served 2 other game(s) on 2026-07-31 at T-30m
  2026-08-01 CHI v LVA T-24h   missing_job_did_not_run    no base record for ANY game on 2026-08-01 at T-24h
  2026-08-01 CHI v LVA T-8h    missing_job_did_not_run    no base record for ANY game on 2026-08-01 at T-8h
  2026-08-01 CHI v LVA T-30m   missing_job_did_not_run    no base record for ANY game on 2026-08-01 at T-30m
  2026-08-01 PHX v NYL T-24h   missing_job_did_not_run    no base record for ANY game on 2026-08-01 at T-24h
  2026-08-01 PHX v NYL T-8h    missing_job_did_not_run    no base record for ANY game on 2026-08-01 at T-8h
  2026-08-01 PHX v NYL T-30m   missing_job_did_not_run    no base record for ANY game on 2026-08-01 at T-30m
  2026-08-02 DAL v CON T-24h   missing_job_did_not_run    no base record for ANY game on 2026-08-02 at T-24h
  2026-08-02 DAL v CON T-8h    missing_job_did_not_run    no base record for ANY game on 2026-08-02 at T-8h
  2026-08-02 DAL v CON T-90m   missing_job_did_not_run    no base record for ANY game on 2026-08-02 at T-90m
  2026-08-02 DAL v CON T-30m   missing_job_did_not_run    no base record for ANY game on 2026-08-02 at T-30m
  2026-08-02 GSV v TOR T-24h   missing_job_did_not_run    no base record for ANY game on 2026-08-02 at T-24h
  2026-08-02 GSV v TOR T-8h    missing_job_did_not_run    no base record for ANY game on 2026-08-02 at T-8h
  2026-08-02 GSV v TOR T-90m   missing_job_did_not_run    no base record for ANY game on 2026-08-02 at T-90m
  2026-08-02 GSV v TOR T-30m   missing_job_did_not_run    no base record for ANY game on 2026-08-02 at T-30m
  2026-08-02 MIN v IND T-24h   missing_job_did_not_run    no base record for ANY game on 2026-08-02 at T-24h
  2026-08-02 MIN v IND T-8h    missing_job_did_not_run    no base record for ANY game on 2026-08-02 at T-8h
  2026-08-02 MIN v IND T-90m   missing_job_did_not_run    no base record for ANY game on 2026-08-02 at T-90m
  2026-08-02 MIN v IND T-30m   missing_job_did_not_run    no base record for ANY game on 2026-08-02 at T-30m
  2026-08-02 PDX v LAS T-24h   missing_job_did_not_run    no base record for ANY game on 2026-08-02 at T-24h
  2026-08-02 PDX v LAS T-8h    missing_job_did_not_run    no base record for ANY game on 2026-08-02 at T-8h
  2026-08-02 PDX v LAS T-90m   missing_job_did_not_run    no base record for ANY game on 2026-08-02 at T-90m
  2026-08-02 PDX v LAS T-30m   missing_job_did_not_run    no base record for ANY game on 2026-08-02 at T-30m
  2026-08-03 NYL v SEA T-24h   missing_job_did_not_run    no base record for ANY game on 2026-08-03 at T-24h
  2026-08-03 NYL v SEA T-30m   late_record                created 2026-08-03T22:45:08.958486+00:00 after cutoff
  2026-08-03 ATL v LVA T-24h   missing_job_did_not_run    no base record for ANY game on 2026-08-03 at T-24h
  2026-08-03 ATL v LVA T-30m   late_record                created 2026-08-03T22:45:08.976775+00:00 after cutoff
  2026-08-03 CHI v PHX T-24h   missing_job_did_not_run    no base record for ANY game on 2026-08-03 at T-24h
  2026-08-03 CHI v PHX T-30m   missing_data_unavailable   job served 2 other game(s) on 2026-08-03 at T-30m
  2026-08-04 GSV v TOR T-24h   missing_job_did_not_run    no base record for ANY game on 2026-08-04 at T-24h
  2026-08-05 WAS v DAL T-24h   missing_job_did_not_run    no base record for ANY game on 2026-08-05 at T-24h
  2026-08-05 NYL v SEA T-24h   missing_job_did_not_run    no base record for ANY game on 2026-08-05 at T-24h
  2026-08-05 NYL v SEA T-30m   late_record                created 2026-08-05T22:45:07.299457+00:00 after cutoff
  2026-08-05 ATL v PHX T-24h   missing_job_did_not_run    no base record for ANY game on 2026-08-05 at T-24h
  2026-08-05 ATL v PHX T-30m   late_record                created 2026-08-05T22:45:07.274521+00:00 after cutoff
  2026-08-05 CHI v LAS T-24h   missing_job_did_not_run    no base record for ANY game on 2026-08-05 at T-24h
  2026-08-05 CHI v LAS T-30m   missing_data_unavailable   job served 3 other game(s) on 2026-08-05 at T-30m
  2026-08-06 IND v LVA T-24h   missing_job_did_not_run    no base record for ANY game on 2026-08-06 at T-24h
  2026-08-06 IND v LVA T-30m   late_record                created 2026-08-06T22:45:09.382682+00:00 after cutoff
  2026-08-06 PDX v TOR T-24h   missing_job_did_not_run    no base record for ANY game on 2026-08-06 at T-24h
  2026-08-06 MIN v LAS T-24h   missing_job_did_not_run    no base record for ANY game on 2026-08-06 at T-24h
  2026-08-06 MIN v LAS T-30m   missing_data_unavailable   job served 2 other game(s) on 2026-08-06 at T-30m
  2026-08-07 WAS v ATL T-24h   missing_job_did_not_run    no base record for ANY game on 2026-08-07 at T-24h
  2026-08-07 CON v PHX T-24h   missing_job_did_not_run    no base record for ANY game on 2026-08-07 at T-24h
  2026-08-07 DAL v GSV T-24h   missing_job_did_not_run    no base record for ANY game on 2026-08-07 at T-24h
  2026-08-08 CHI v IND T-24h   missing_job_did_not_run    no base record for ANY game on 2026-08-08 at T-24h
  2026-08-08 CHI v IND T-90m   missing_data_unavailable   job served 2 other game(s) on 2026-08-08 at T-90m
  2026-08-08 CHI v IND T-30m   missing_data_unavailable   job served 1 other game(s) on 2026-08-08 at T-30m
  2026-08-08 MIN v LVA T-24h   missing_job_did_not_run    no base record for ANY game on 2026-08-08 at T-24h
  2026-08-08 MIN v LVA T-30m   missing_data_unavailable   job served 1 other game(s) on 2026-08-08 at T-30m
  2026-08-08 PDX v SEA T-24h   missing_job_did_not_run    no base record for ANY game on 2026-08-08 at T-24h
  2026-08-09 WAS v PHX T-24h   missing_job_did_not_run    no base record for ANY game on 2026-08-09 at T-24h
  2026-08-09 WAS v PHX T-8h    missing_job_did_not_run    no base record for ANY game on 2026-08-09 at T-8h
  2026-08-09 WAS v PHX T-90m   missing_job_did_not_run    no base record for ANY game on 2026-08-09 at T-90m
  2026-08-09 WAS v PHX T-30m   missing_job_did_not_run    no base record for ANY game on 2026-08-09 at T-30m
  2026-08-09 LAS v GSV T-24h   missing_job_did_not_run    no base record for ANY game on 2026-08-09 at T-24h
  2026-08-09 LAS v GSV T-8h    missing_job_did_not_run    no base record for ANY game on 2026-08-09 at T-8h
  2026-08-09 LAS v GSV T-90m   missing_job_did_not_run    no base record for ANY game on 2026-08-09 at T-90m
  2026-08-09 LAS v GSV T-30m   missing_job_did_not_run    no base record for ANY game on 2026-08-09 at T-30m
  2026-08-09 NYL v LVA T-24h   missing_job_did_not_run    no base record for ANY game on 2026-08-09 at T-24h
  2026-08-09 NYL v LVA T-8h    missing_job_did_not_run    no base record for ANY game on 2026-08-09 at T-8h
  2026-08-09 NYL v LVA T-90m   missing_job_did_not_run    no base record for ANY game on 2026-08-09 at T-90m
  2026-08-09 NYL v LVA T-30m   missing_job_did_not_run    no base record for ANY game on 2026-08-09 at T-30m
  2026-08-09 MIN v DAL T-24h   missing_job_did_not_run    no base record for ANY game on 2026-08-09 at T-24h
  2026-08-09 MIN v DAL T-8h    missing_job_did_not_run    no base record for ANY game on 2026-08-09 at T-8h
  2026-08-09 MIN v DAL T-90m   missing_job_did_not_run    no base record for ANY game on 2026-08-09 at T-90m
  2026-08-09 MIN v DAL T-30m   missing_job_did_not_run    no base record for ANY game on 2026-08-09 at T-30m
  2026-08-15 WAS v LAS T-24h   missing_job_did_not_run    no base record for ANY game on 2026-08-15 at T-24h
  2026-08-15 WAS v LAS T-8h    missing_job_did_not_run    no base record for ANY game on 2026-08-15 at T-8h
  2026-08-15 LVA v MIN T-24h   missing_job_did_not_run    no base record for ANY game on 2026-08-15 at T-24h
  2026-08-15 LVA v MIN T-8h    missing_job_did_not_run    no base record for ANY game on 2026-08-15 at T-8h
  2026-08-16 ATL v IND T-24h   missing_job_did_not_run    no base record for ANY game on 2026-08-16 at T-24h
  2026-08-16 ATL v IND T-8h    missing_job_did_not_run    no base record for ANY game on 2026-08-16 at T-8h
  2026-08-16 ATL v IND T-90m   missing_job_did_not_run    no base record for ANY game on 2026-08-16 at T-90m
  2026-08-16 SEA v CHI T-24h   missing_job_did_not_run    no base record for ANY game on 2026-08-16 at T-24h
  2026-08-16 SEA v CHI T-8h    missing_job_did_not_run    no base record for ANY game on 2026-08-16 at T-8h
  2026-08-16 SEA v CHI T-90m   missing_job_did_not_run    no base record for ANY game on 2026-08-16 at T-90m
  2026-08-16 PHX v PDX T-24h   missing_job_did_not_run    no base record for ANY game on 2026-08-16 at T-24h
  2026-08-16 PHX v PDX T-8h    missing_job_did_not_run    no base record for ANY game on 2026-08-16 at T-8h

wrote forecasts/coverage_audit.csv and forecasts/coverage_receipt.json
[audit] exit=0 
==== Sun 08/16/2026 16:30:05.72 ==== 
[gate] 2026-08-16T20:30:07.131669+00:00  fire=False  -- would duplicate 1 already-served obligation(s); the base job cannot be scoped to one game; 5 slate game(s) have no official game_id and were served under a provisional id: ATL v IND (2026-08-16) -> PROV-2026-08-16-IND@ATL, SEA v CHI (2026-08-16) -> PROV-2026-08-16-CHI@SEA, PHX v PDX (2026-08-16) -> PROV-2026-08-16-PDX@PHX, GSV v DAL (2026-08-17) -> PROV-2026-08-17-DAL@GSV, CON v LAS (2026-08-18) -> PROV-2026-08-18-LAS@CON
       ATL v IND      T-30m   unserved cutoff 2026-08-16T20:30:00 (-0 min) IN-WINDOW
       SEA v CHI      T-30m   unserved cutoff 2026-08-16T20:30:00 (-0 min) IN-WINDOW
       PHX v PDX      T-90m   SERVED   cutoff 2026-08-16T21:30:00 (+60 min) 
       GSV v DAL      T-24h   unserved cutoff 2026-08-17T02:00:00 (+330 min) 
       CON v LAS      T-24h   unserved cutoff 2026-08-17T23:00:00 (+1590 min) 
[gate] HOLDING: firing now would append 1 permanent duplicate record(s) to an append-only chain. A missed obligation is recoverable; a duplicate is not.
[gate] skipping the base job
[base] skipped - no unserved obligation in its lead window 
[base] exit=0 
================================================================================================
PROSPECTIVE PAIR RUNNER  2026-08-16T20:30:09.118162+00:00  model=ridge_score_level_w2c1_v1 hash=5d295bb8b99cd34e
================================================================================================
base records in official chain: 73
  late_prevented #0 ATL v SEA @ T-8h                cutoff 2026-07-31T15:35:00+00:00 already passed at 2026-08-1
  late_prevented #1 WAS v DAL @ T-8h                cutoff 2026-07-31T15:35:00+00:00 already passed at 2026-08-1
  late_prevented #2 PDX v IND @ T-8h                cutoff 2026-07-31T18:06:00+00:00 already passed at 2026-08-1
  late_prevented #3 ATL v SEA @ T-30m               cutoff 2026-07-31T23:05:00+00:00 already passed at 2026-08-1
  late_prevented #4 WAS v DAL @ T-30m               cutoff 2026-07-31T23:05:00+00:00 already passed at 2026-08-1
  late_prevented #5 PDX v IND @ T-90m               cutoff 2026-08-01T00:36:00+00:00 already passed at 2026-08-1
  late_prevented #6 CHI v LVA @ T-90m               cutoff 2026-08-01T15:35:00+00:00 already passed at 2026-08-1
  late_prevented #7 PHX v NYL @ T-90m               cutoff 2026-08-01T17:34:00+00:00 already passed at 2026-08-1
  skip           #8 CHI v LVA @ unknown-tip         base record is an explicit no-forecast; nothing to pair
  skip           #9 PHX v NYL @ unknown-tip         base record is an explicit no-forecast; nothing to pair
  late_prevented #10 NYL v SEA @ T-8h               cutoff 2026-08-03T15:04:00+00:00 already passed at 2026-08-1
  late_prevented #11 ATL v LVA @ T-8h               cutoff 2026-08-03T15:14:00+00:00 already passed at 2026-08-1
  late_prevented #12 CHI v PHX @ T-8h               cutoff 2026-08-03T17:08:00+00:00 already passed at 2026-08-1
  already_logged #13 NYL v SEA @ T-90m              idempotent: pair exists
  already_logged #14 ATL v LVA @ T-90m              idempotent: pair exists
  already_logged #15 CHI v PHX @ T-90m              idempotent: pair exists
  already_logged #16 NYL v SEA @ T-90m              idempotent: pair exists
  already_logged #17 ATL v LVA @ T-90m              idempotent: pair exists
  already_logged #18 CHI v PHX @ T-90m              idempotent: pair exists
  late_prevented #19 NYL v SEA @ T-30m              cutoff 2026-08-03T22:34:00+00:00 already passed at 2026-08-1
  late_prevented #20 ATL v LVA @ T-30m              cutoff 2026-08-03T22:44:00+00:00 already passed at 2026-08-1
  already_logged #21 CHI v PHX @ T-90m              idempotent: pair exists
  already_logged #22 GSV v TOR @ T-8h               idempotent: pair exists
  already_logged #23 GSV v TOR @ T-90m              idempotent: pair exists
  already_logged #24 GSV v TOR @ T-30m              idempotent: pair exists
  already_logged #25 ATL v PHX @ T-8h               idempotent: pair exists
  already_logged #26 NYL v SEA @ T-8h               idempotent: pair exists
  already_logged #27 WAS v DAL @ T-8h               idempotent: pair exists
  already_logged #28 CHI v LAS @ T-8h               idempotent: pair exists
  already_logged #29 ATL v PHX @ T-90m              idempotent: pair exists
  already_logged #30 NYL v SEA @ T-90m              idempotent: pair exists
  already_logged #31 WAS v DAL @ T-90m              idempotent: pair exists
  already_logged #32 CHI v LAS @ T-90m              idempotent: pair exists
  late_prevented #33 ATL v PHX @ T-30m              cutoff 2026-08-05T22:33:00+00:00 already passed at 2026-08-1
  late_prevented #34 NYL v SEA @ T-30m              cutoff 2026-08-05T22:38:00+00:00 already passed at 2026-08-1
  already_logged #35 WAS v DAL @ T-30m              idempotent: pair exists
  already_logged #36 CHI v LAS @ T-90m              idempotent: pair exists
  already_logged #37 IND v LVA @ T-8h               idempotent: pair exists
  already_logged #38 MIN v LAS @ T-8h               idempotent: pair exists
  already_logged #39 PDX v TOR @ T-8h               idempotent: pair exists
  already_logged #40 IND v LVA @ T-90m              idempotent: pair exists
  already_logged #41 MIN v LAS @ T-90m              idempotent: pair exists
  already_logged #42 PDX v TOR @ T-90m              idempotent: pair exists
  late_prevented #43 IND v LVA @ T-30m              cutoff 2026-08-06T22:36:00+00:00 already passed at 2026-08-1
  already_logged #44 PDX v TOR @ T-30m              idempotent: pair exists
  already_logged #45 CON v PHX @ T-8h               idempotent: pair exists
  already_logged #46 WAS v ATL @ T-8h               idempotent: pair exists
  already_logged #47 DAL v GSV @ T-8h               idempotent: pair exists
  already_logged #48 CON v PHX @ T-90m              idempotent: pair exists
  already_logged #49 WAS v ATL @ T-90m              idempotent: pair exists
  already_logged #50 DAL v GSV @ T-90m              idempotent: pair exists
  already_logged #51 CON v PHX @ T-30m              idempotent: pair exists
  already_logged #52 WAS v ATL @ T-30m              idempotent: pair exists
  already_logged #53 DAL v GSV @ T-30m              idempotent: pair exists
  already_logged #54 MIN v LVA @ T-8h               idempotent: pair exists
  already_logged #55 CHI v IND @ T-8h               idempotent: pair exists
  already_logged #56 PDX v SEA @ T-8h               idempotent: pair exists
  already_logged #57 MIN v LVA @ T-90m              idempotent: pair exists
  late_prevented #58 CHI v IND @ T-8h               cutoff 2026-08-08T11:35:00+00:00 already passed at 2026-08-1
  already_logged #59 PDX v SEA @ T-8h               idempotent: pair exists
  already_logged #60 PDX v SEA @ T-90m              idempotent: pair exists
  skip           #61 CHI v IND @ unknown-tip        base record is an explicit no-forecast; nothing to pair
  skip           #62 MIN v LVA @ unknown-tip        base record is an explicit no-forecast; nothing to pair
  already_logged #63 PDX v SEA @ T-30m              idempotent: pair exists
  already_logged #64 WAS v LAS @ T-90m              idempotent: pair exists
  already_logged #65 LVA v MIN @ T-90m              idempotent: pair exists
  already_logged #66 WAS v LAS @ T-30m              idempotent: pair exists
  late_prevented #67 LVA v MIN @ T-90m              cutoff 2026-08-15T22:35:00+00:00 already passed at 2026-08-1
  skip           #68 CON v NYL @ unknown-tip        base record is an explicit no-forecast; nothing to pair
  late_prevented #69 LVA v MIN @ T-30m              cutoff 2026-08-15T23:35:00+00:00 already passed at 2026-08-1
  already_logged #70 ATL v IND @ T-90m              idempotent: pair exists
  already_logged #71 SEA v CHI @ T-90m              idempotent: pair exists
  already_logged #72 PHX v PDX @ T-90m              idempotent: pair exists

  already_logged=49, late_prevented=19, skip=5
  arm chain: ok=True n=44 tip=b34365d45a378bdd
  receipt appended to prospective_pair_runs.jsonl
[arm] exit=0 
====================================================================================================
FORECAST COVERAGE AUDIT   generated 2026-08-16T20:30:11.445814+00:00
====================================================================================================

CUMULATIVE by classification
  missing_job_did_not_run      69
  forecast_logged              52
  before_period_start          15
  not_yet_due                  10
  missing_data_unavailable     9
  late_record                  5

  obligations 160 | due 135 | served 52 | coverage 38.5%
  operational misses 69 | unexplained 0
  PROMOTION-GRADE: NO   (needs >= 95% served, <= 0 operational misses, all explained)

DAILY
  date         oblig  served     due     excl    opmiss arm_recs
  2026-07-30      12       0       0       12         0        0
  2026-07-31      12       6       9        3         0        0
  2026-08-01       8       2       8        0         6        0
  2026-08-02      16       0      16        0        16        0
  2026-08-03      12       6      12        0         3        3
  2026-08-04       4       3       4        0         1        3
  2026-08-05      16       9      16        0         4        9
  2026-08-06      12       7      12        0         3        7
  2026-08-07      12       9      12        0         3        9
  2026-08-08      12       6      12        0         3        4
  2026-08-09      16       0      16        0        16        0
  2026-08-15       8       4       8        0         4        1
  2026-08-16      12       0      10        2        10        0
  2026-08-17       4       0       0        4         0        0
  2026-08-18       4       0       0        4         0        0

EVERY MISSING OR IRREGULAR OBLIGATION (each must carry an explanation)
  2026-07-31 ATL v SEA T-90m   missing_data_unavailable   job served 1 other game(s) on 2026-07-31 at T-90m
  2026-07-31 WAS v DAL T-90m   missing_data_unavailable   job served 1 other game(s) on 2026-07-31 at T-90m
  2026-07-31 PDX v IND T-30m   missing_data_unavailable   job served 2 other game(s) on 2026-07-31 at T-30m
  2026-08-01 CHI v LVA T-24h   missing_job_did_not_run    no base record for ANY game on 2026-08-01 at T-24h
  2026-08-01 CHI v LVA T-8h    missing_job_did_not_run    no base record for ANY game on 2026-08-01 at T-8h
  2026-08-01 CHI v LVA T-30m   missing_job_did_not_run    no base record for ANY game on 2026-08-01 at T-30m
  2026-08-01 PHX v NYL T-24h   missing_job_did_not_run    no base record for ANY game on 2026-08-01 at T-24h
  2026-08-01 PHX v NYL T-8h    missing_job_did_not_run    no base record for ANY game on 2026-08-01 at T-8h
  2026-08-01 PHX v NYL T-30m   missing_job_did_not_run    no base record for ANY game on 2026-08-01 at T-30m
  2026-08-02 DAL v CON T-24h   missing_job_did_not_run    no base record for ANY game on 2026-08-02 at T-24h
  2026-08-02 DAL v CON T-8h    missing_job_did_not_run    no base record for ANY game on 2026-08-02 at T-8h
  2026-08-02 DAL v CON T-90m   missing_job_did_not_run    no base record for ANY game on 2026-08-02 at T-90m
  2026-08-02 DAL v CON T-30m   missing_job_did_not_run    no base record for ANY game on 2026-08-02 at T-30m
  2026-08-02 GSV v TOR T-24h   missing_job_did_not_run    no base record for ANY game on 2026-08-02 at T-24h
  2026-08-02 GSV v TOR T-8h    missing_job_did_not_run    no base record for ANY game on 2026-08-02 at T-8h
  2026-08-02 GSV v TOR T-90m   missing_job_did_not_run    no base record for ANY game on 2026-08-02 at T-90m
  2026-08-02 GSV v TOR T-30m   missing_job_did_not_run    no base record for ANY game on 2026-08-02 at T-30m
  2026-08-02 MIN v IND T-24h   missing_job_did_not_run    no base record for ANY game on 2026-08-02 at T-24h
  2026-08-02 MIN v IND T-8h    missing_job_did_not_run    no base record for ANY game on 2026-08-02 at T-8h
  2026-08-02 MIN v IND T-90m   missing_job_did_not_run    no base record for ANY game on 2026-08-02 at T-90m
  2026-08-02 MIN v IND T-30m   missing_job_did_not_run    no base record for ANY game on 2026-08-02 at T-30m
  2026-08-02 PDX v LAS T-24h   missing_job_did_not_run    no base record for ANY game on 2026-08-02 at T-24h
  2026-08-02 PDX v LAS T-8h    missing_job_did_not_run    no base record for ANY game on 2026-08-02 at T-8h
  2026-08-02 PDX v LAS T-90m   missing_job_did_not_run    no base record for ANY game on 2026-08-02 at T-90m
  2026-08-02 PDX v LAS T-30m   missing_job_did_not_run    no base record for ANY game on 2026-08-02 at T-30m
  2026-08-03 NYL v SEA T-24h   missing_job_did_not_run    no base record for ANY game on 2026-08-03 at T-24h
  2026-08-03 NYL v SEA T-30m   late_record                created 2026-08-03T22:45:08.958486+00:00 after cutoff
  2026-08-03 ATL v LVA T-24h   missing_job_did_not_run    no base record for ANY game on 2026-08-03 at T-24h
  2026-08-03 ATL v LVA T-30m   late_record                created 2026-08-03T22:45:08.976775+00:00 after cutoff
  2026-08-03 CHI v PHX T-24h   missing_job_did_not_run    no base record for ANY game on 2026-08-03 at T-24h
  2026-08-03 CHI v PHX T-30m   missing_data_unavailable   job served 2 other game(s) on 2026-08-03 at T-30m
  2026-08-04 GSV v TOR T-24h   missing_job_did_not_run    no base record for ANY game on 2026-08-04 at T-24h
  2026-08-05 WAS v DAL T-24h   missing_job_did_not_run    no base record for ANY game on 2026-08-05 at T-24h
  2026-08-05 NYL v SEA T-24h   missing_job_did_not_run    no base record for ANY game on 2026-08-05 at T-24h
  2026-08-05 NYL v SEA T-30m   late_record                created 2026-08-05T22:45:07.299457+00:00 after cutoff
  2026-08-05 ATL v PHX T-24h   missing_job_did_not_run    no base record for ANY game on 2026-08-05 at T-24h
  2026-08-05 ATL v PHX T-30m   late_record                created 2026-08-05T22:45:07.274521+00:00 after cutoff
  2026-08-05 CHI v LAS T-24h   missing_job_did_not_run    no base record for ANY game on 2026-08-05 at T-24h
  2026-08-05 CHI v LAS T-30m   missing_data_unavailable   job served 3 other game(s) on 2026-08-05 at T-30m
  2026-08-06 IND v LVA T-24h   missing_job_did_not_run    no base record for ANY game on 2026-08-06 at T-24h
  2026-08-06 IND v LVA T-30m   late_record                created 2026-08-06T22:45:09.382682+00:00 after cutoff
  2026-08-06 PDX v TOR T-24h   missing_job_did_not_run    no base record for ANY game on 2026-08-06 at T-24h
  2026-08-06 MIN v LAS T-24h   missing_job_did_not_run    no base record for ANY game on 2026-08-06 at T-24h
  2026-08-06 MIN v LAS T-30m   missing_data_unavailable   job served 2 other game(s) on 2026-08-06 at T-30m
  2026-08-07 WAS v ATL T-24h   missing_job_did_not_run    no base record for ANY game on 2026-08-07 at T-24h
  2026-08-07 CON v PHX T-24h   missing_job_did_not_run    no base record for ANY game on 2026-08-07 at T-24h
  2026-08-07 DAL v GSV T-24h   missing_job_did_not_run    no base record for ANY game on 2026-08-07 at T-24h
  2026-08-08 CHI v IND T-24h   missing_job_did_not_run    no base record for ANY game on 2026-08-08 at T-24h
  2026-08-08 CHI v IND T-90m   missing_data_unavailable   job served 2 other game(s) on 2026-08-08 at T-90m
  2026-08-08 CHI v IND T-30m   missing_data_unavailable   job served 1 other game(s) on 2026-08-08 at T-30m
  2026-08-08 MIN v LVA T-24h   missing_job_did_not_run    no base record for ANY game on 2026-08-08 at T-24h
  2026-08-08 MIN v LVA T-30m   missing_data_unavailable   job served 1 other game(s) on 2026-08-08 at T-30m
  2026-08-08 PDX v SEA T-24h   missing_job_did_not_run    no base record for ANY game on 2026-08-08 at T-24h
  2026-08-09 WAS v PHX T-24h   missing_job_did_not_run    no base record for ANY game on 2026-08-09 at T-24h
  2026-08-09 WAS v PHX T-8h    missing_job_did_not_run    no base record for ANY game on 2026-08-09 at T-8h
  2026-08-09 WAS v PHX T-90m   missing_job_did_not_run    no base record for ANY game on 2026-08-09 at T-90m
  2026-08-09 WAS v PHX T-30m   missing_job_did_not_run    no base record for ANY game on 2026-08-09 at T-30m
  2026-08-09 LAS v GSV T-24h   missing_job_did_not_run    no base record for ANY game on 2026-08-09 at T-24h
  2026-08-09 LAS v GSV T-8h    missing_job_did_not_run    no base record for ANY game on 2026-08-09 at T-8h
  2026-08-09 LAS v GSV T-90m   missing_job_did_not_run    no base record for ANY game on 2026-08-09 at T-90m
  2026-08-09 LAS v GSV T-30m   missing_job_did_not_run    no base record for ANY game on 2026-08-09 at T-30m
  2026-08-09 NYL v LVA T-24h   missing_job_did_not_run    no base record for ANY game on 2026-08-09 at T-24h
  2026-08-09 NYL v LVA T-8h    missing_job_did_not_run    no base record for ANY game on 2026-08-09 at T-8h
  2026-08-09 NYL v LVA T-90m   missing_job_did_not_run    no base record for ANY game on 2026-08-09 at T-90m
  2026-08-09 NYL v LVA T-30m   missing_job_did_not_run    no base record for ANY game on 2026-08-09 at T-30m
  2026-08-09 MIN v DAL T-24h   missing_job_did_not_run    no base record for ANY game on 2026-08-09 at T-24h
  2026-08-09 MIN v DAL T-8h    missing_job_did_not_run    no base record for ANY game on 2026-08-09 at T-8h
  2026-08-09 MIN v DAL T-90m   missing_job_did_not_run    no base record for ANY game on 2026-08-09 at T-90m
  2026-08-09 MIN v DAL T-30m   missing_job_did_not_run    no base record for ANY game on 2026-08-09 at T-30m
  2026-08-15 WAS v LAS T-24h   missing_job_did_not_run    no base record for ANY game on 2026-08-15 at T-24h
  2026-08-15 WAS v LAS T-8h    missing_job_did_not_run    no base record for ANY game on 2026-08-15 at T-8h
  2026-08-15 LVA v MIN T-24h   missing_job_did_not_run    no base record for ANY game on 2026-08-15 at T-24h
  2026-08-15 LVA v MIN T-8h    missing_job_did_not_run    no base record for ANY game on 2026-08-15 at T-8h
  2026-08-16 ATL v IND T-24h   missing_job_did_not_run    no base record for ANY game on 2026-08-16 at T-24h
  2026-08-16 ATL v IND T-8h    missing_job_did_not_run    no base record for ANY game on 2026-08-16 at T-8h
  2026-08-16 ATL v IND T-90m   missing_job_did_not_run    no base record for ANY game on 2026-08-16 at T-90m
  2026-08-16 ATL v IND T-30m   missing_job_did_not_run    no base record for ANY game on 2026-08-16 at T-30m
  2026-08-16 SEA v CHI T-24h   missing_job_did_not_run    no base record for ANY game on 2026-08-16 at T-24h
  2026-08-16 SEA v CHI T-8h    missing_job_did_not_run    no base record for ANY game on 2026-08-16 at T-8h
  2026-08-16 SEA v CHI T-90m   missing_job_did_not_run    no base record for ANY game on 2026-08-16 at T-90m
  2026-08-16 SEA v CHI T-30m   missing_job_did_not_run    no base record for ANY game on 2026-08-16 at T-30m
  2026-08-16 PHX v PDX T-24h   missing_job_did_not_run    no base record for ANY game on 2026-08-16 at T-24h
  2026-08-16 PHX v PDX T-8h    missing_job_did_not_run    no base record for ANY game on 2026-08-16 at T-8h

wrote forecasts/coverage_audit.csv and forecasts/coverage_receipt.json
[audit] exit=0 
==== Sun 08/16/2026 16:45:05.10 ==== 
[gate] 2026-08-16T20:45:06.467806+00:00  fire=False  -- would duplicate 1 already-served obligation(s); the base job cannot be scoped to one game; 5 slate game(s) have no official game_id and were served under a provisional id: ATL v IND (2026-08-16) -> PROV-2026-08-16-IND@ATL, SEA v CHI (2026-08-16) -> PROV-2026-08-16-CHI@SEA, PHX v PDX (2026-08-16) -> PROV-2026-08-16-PDX@PHX, GSV v DAL (2026-08-17) -> PROV-2026-08-17-DAL@GSV, CON v LAS (2026-08-18) -> PROV-2026-08-18-LAS@CON
       ATL v IND      T-30m   unserved cutoff 2026-08-16T20:30:00 (-15 min) 
       SEA v CHI      T-30m   unserved cutoff 2026-08-16T20:30:00 (-15 min) 
       PHX v PDX      T-90m   SERVED   cutoff 2026-08-16T21:30:00 (+45 min) 
       GSV v DAL      T-24h   unserved cutoff 2026-08-17T02:00:00 (+315 min) 
       CON v LAS      T-24h   unserved cutoff 2026-08-17T23:00:00 (+1575 min) 
[gate] HOLDING: firing now would append 1 permanent duplicate record(s) to an append-only chain. A missed obligation is recoverable; a duplicate is not.
[gate] skipping the base job
[base] skipped - no unserved obligation in its lead window 
[base] exit=0 
================================================================================================
PROSPECTIVE PAIR RUNNER  2026-08-16T20:45:08.253812+00:00  model=ridge_score_level_w2c1_v1 hash=5d295bb8b99cd34e
================================================================================================
base records in official chain: 73
  late_prevented #0 ATL v SEA @ T-8h                cutoff 2026-07-31T15:35:00+00:00 already passed at 2026-08-1
  late_prevented #1 WAS v DAL @ T-8h                cutoff 2026-07-31T15:35:00+00:00 already passed at 2026-08-1
  late_prevented #2 PDX v IND @ T-8h                cutoff 2026-07-31T18:06:00+00:00 already passed at 2026-08-1
  late_prevented #3 ATL v SEA @ T-30m               cutoff 2026-07-31T23:05:00+00:00 already passed at 2026-08-1
  late_prevented #4 WAS v DAL @ T-30m               cutoff 2026-07-31T23:05:00+00:00 already passed at 2026-08-1
  late_prevented #5 PDX v IND @ T-90m               cutoff 2026-08-01T00:36:00+00:00 already passed at 2026-08-1
  late_prevented #6 CHI v LVA @ T-90m               cutoff 2026-08-01T15:35:00+00:00 already passed at 2026-08-1
  late_prevented #7 PHX v NYL @ T-90m               cutoff 2026-08-01T17:34:00+00:00 already passed at 2026-08-1
  skip           #8 CHI v LVA @ unknown-tip         base record is an explicit no-forecast; nothing to pair
  skip           #9 PHX v NYL @ unknown-tip         base record is an explicit no-forecast; nothing to pair
  late_prevented #10 NYL v SEA @ T-8h               cutoff 2026-08-03T15:04:00+00:00 already passed at 2026-08-1
  late_prevented #11 ATL v LVA @ T-8h               cutoff 2026-08-03T15:14:00+00:00 already passed at 2026-08-1
  late_prevented #12 CHI v PHX @ T-8h               cutoff 2026-08-03T17:08:00+00:00 already passed at 2026-08-1
  already_logged #13 NYL v SEA @ T-90m              idempotent: pair exists
  already_logged #14 ATL v LVA @ T-90m              idempotent: pair exists
  already_logged #15 CHI v PHX @ T-90m              idempotent: pair exists
  already_logged #16 NYL v SEA @ T-90m              idempotent: pair exists
  already_logged #17 ATL v LVA @ T-90m              idempotent: pair exists
  already_logged #18 CHI v PHX @ T-90m              idempotent: pair exists
  late_prevented #19 NYL v SEA @ T-30m              cutoff 2026-08-03T22:34:00+00:00 already passed at 2026-08-1
  late_prevented #20 ATL v LVA @ T-30m              cutoff 2026-08-03T22:44:00+00:00 already passed at 2026-08-1
  already_logged #21 CHI v PHX @ T-90m              idempotent: pair exists
  already_logged #22 GSV v TOR @ T-8h               idempotent: pair exists
  already_logged #23 GSV v TOR @ T-90m              idempotent: pair exists
  already_logged #24 GSV v TOR @ T-30m              idempotent: pair exists
  already_logged #25 ATL v PHX @ T-8h               idempotent: pair exists
  already_logged #26 NYL v SEA @ T-8h               idempotent: pair exists
  already_logged #27 WAS v DAL @ T-8h               idempotent: pair exists
  already_logged #28 CHI v LAS @ T-8h               idempotent: pair exists
  already_logged #29 ATL v PHX @ T-90m              idempotent: pair exists
  already_logged #30 NYL v SEA @ T-90m              idempotent: pair exists
  already_logged #31 WAS v DAL @ T-90m              idempotent: pair exists
  already_logged #32 CHI v LAS @ T-90m              idempotent: pair exists
  late_prevented #33 ATL v PHX @ T-30m              cutoff 2026-08-05T22:33:00+00:00 already passed at 2026-08-1
  late_prevented #34 NYL v SEA @ T-30m              cutoff 2026-08-05T22:38:00+00:00 already passed at 2026-08-1
  already_logged #35 WAS v DAL @ T-30m              idempotent: pair exists
  already_logged #36 CHI v LAS @ T-90m              idempotent: pair exists
  already_logged #37 IND v LVA @ T-8h               idempotent: pair exists
  already_logged #38 MIN v LAS @ T-8h               idempotent: pair exists
  already_logged #39 PDX v TOR @ T-8h               idempotent: pair exists
  already_logged #40 IND v LVA @ T-90m              idempotent: pair exists
  already_logged #41 MIN v LAS @ T-90m              idempotent: pair exists
  already_logged #42 PDX v TOR @ T-90m              idempotent: pair exists
  late_prevented #43 IND v LVA @ T-30m              cutoff 2026-08-06T22:36:00+00:00 already passed at 2026-08-1
  already_logged #44 PDX v TOR @ T-30m              idempotent: pair exists
  already_logged #45 CON v PHX @ T-8h               idempotent: pair exists
  already_logged #46 WAS v ATL @ T-8h               idempotent: pair exists
  already_logged #47 DAL v GSV @ T-8h               idempotent: pair exists
  already_logged #48 CON v PHX @ T-90m              idempotent: pair exists
  already_logged #49 WAS v ATL @ T-90m              idempotent: pair exists
  already_logged #50 DAL v GSV @ T-90m              idempotent: pair exists
  already_logged #51 CON v PHX @ T-30m              idempotent: pair exists
  already_logged #52 WAS v ATL @ T-30m              idempotent: pair exists
  already_logged #53 DAL v GSV @ T-30m              idempotent: pair exists
  already_logged #54 MIN v LVA @ T-8h               idempotent: pair exists
  already_logged #55 CHI v IND @ T-8h               idempotent: pair exists
  already_logged #56 PDX v SEA @ T-8h               idempotent: pair exists
  already_logged #57 MIN v LVA @ T-90m              idempotent: pair exists
  late_prevented #58 CHI v IND @ T-8h               cutoff 2026-08-08T11:35:00+00:00 already passed at 2026-08-1
  already_logged #59 PDX v SEA @ T-8h               idempotent: pair exists
  already_logged #60 PDX v SEA @ T-90m              idempotent: pair exists
  skip           #61 CHI v IND @ unknown-tip        base record is an explicit no-forecast; nothing to pair
  skip           #62 MIN v LVA @ unknown-tip        base record is an explicit no-forecast; nothing to pair
  already_logged #63 PDX v SEA @ T-30m              idempotent: pair exists
  already_logged #64 WAS v LAS @ T-90m              idempotent: pair exists
  already_logged #65 LVA v MIN @ T-90m              idempotent: pair exists
  already_logged #66 WAS v LAS @ T-30m              idempotent: pair exists
  late_prevented #67 LVA v MIN @ T-90m              cutoff 2026-08-15T22:35:00+00:00 already passed at 2026-08-1
  skip           #68 CON v NYL @ unknown-tip        base record is an explicit no-forecast; nothing to pair
  late_prevented #69 LVA v MIN @ T-30m              cutoff 2026-08-15T23:35:00+00:00 already passed at 2026-08-1
  already_logged #70 ATL v IND @ T-90m              idempotent: pair exists
  already_logged #71 SEA v CHI @ T-90m              idempotent: pair exists
  already_logged #72 PHX v PDX @ T-90m              idempotent: pair exists

  already_logged=49, late_prevented=19, skip=5
  arm chain: ok=True n=44 tip=b34365d45a378bdd
  receipt appended to prospective_pair_runs.jsonl
[arm] exit=0 
====================================================================================================
FORECAST COVERAGE AUDIT   generated 2026-08-16T20:45:10.241326+00:00
====================================================================================================

CUMULATIVE by classification
  missing_job_did_not_run      69
  forecast_logged              52
  before_period_start          15
  not_yet_due                  10
  missing_data_unavailable     9
  late_record                  5

  obligations 160 | due 135 | served 52 | coverage 38.5%
  operational misses 69 | unexplained 0
  PROMOTION-GRADE: NO   (needs >= 95% served, <= 0 operational misses, all explained)

DAILY
  date         oblig  served     due     excl    opmiss arm_recs
  2026-07-30      12       0       0       12         0        0
  2026-07-31      12       6       9        3         0        0
  2026-08-01       8       2       8        0         6        0
  2026-08-02      16       0      16        0        16        0
  2026-08-03      12       6      12        0         3        3
  2026-08-04       4       3       4        0         1        3
  2026-08-05      16       9      16        0         4        9
  2026-08-06      12       7      12        0         3        7
  2026-08-07      12       9      12        0         3        9
  2026-08-08      12       6      12        0         3        4
  2026-08-09      16       0      16        0        16        0
  2026-08-15       8       4       8        0         4        1
  2026-08-16      12       0      10        2        10        0
  2026-08-17       4       0       0        4         0        0
  2026-08-18       4       0       0        4         0        0

EVERY MISSING OR IRREGULAR OBLIGATION (each must carry an explanation)
  2026-07-31 ATL v SEA T-90m   missing_data_unavailable   job served 1 other game(s) on 2026-07-31 at T-90m
  2026-07-31 WAS v DAL T-90m   missing_data_unavailable   job served 1 other game(s) on 2026-07-31 at T-90m
  2026-07-31 PDX v IND T-30m   missing_data_unavailable   job served 2 other game(s) on 2026-07-31 at T-30m
  2026-08-01 CHI v LVA T-24h   missing_job_did_not_run    no base record for ANY game on 2026-08-01 at T-24h
  2026-08-01 CHI v LVA T-8h    missing_job_did_not_run    no base record for ANY game on 2026-08-01 at T-8h
  2026-08-01 CHI v LVA T-30m   missing_job_did_not_run    no base record for ANY game on 2026-08-01 at T-30m
  2026-08-01 PHX v NYL T-24h   missing_job_did_not_run    no base record for ANY game on 2026-08-01 at T-24h
  2026-08-01 PHX v NYL T-8h    missing_job_did_not_run    no base record for ANY game on 2026-08-01 at T-8h
  2026-08-01 PHX v NYL T-30m   missing_job_did_not_run    no base record for ANY game on 2026-08-01 at T-30m
  2026-08-02 DAL v CON T-24h   missing_job_did_not_run    no base record for ANY game on 2026-08-02 at T-24h
  2026-08-02 DAL v CON T-8h    missing_job_did_not_run    no base record for ANY game on 2026-08-02 at T-8h
  2026-08-02 DAL v CON T-90m   missing_job_did_not_run    no base record for ANY game on 2026-08-02 at T-90m
  2026-08-02 DAL v CON T-30m   missing_job_did_not_run    no base record for ANY game on 2026-08-02 at T-30m
  2026-08-02 GSV v TOR T-24h   missing_job_did_not_run    no base record for ANY game on 2026-08-02 at T-24h
  2026-08-02 GSV v TOR T-8h    missing_job_did_not_run    no base record for ANY game on 2026-08-02 at T-8h
  2026-08-02 GSV v TOR T-90m   missing_job_did_not_run    no base record for ANY game on 2026-08-02 at T-90m
  2026-08-02 GSV v TOR T-30m   missing_job_did_not_run    no base record for ANY game on 2026-08-02 at T-30m
  2026-08-02 MIN v IND T-24h   missing_job_did_not_run    no base record for ANY game on 2026-08-02 at T-24h
  2026-08-02 MIN v IND T-8h    missing_job_did_not_run    no base record for ANY game on 2026-08-02 at T-8h
  2026-08-02 MIN v IND T-90m   missing_job_did_not_run    no base record for ANY game on 2026-08-02 at T-90m
  2026-08-02 MIN v IND T-30m   missing_job_did_not_run    no base record for ANY game on 2026-08-02 at T-30m
  2026-08-02 PDX v LAS T-24h   missing_job_did_not_run    no base record for ANY game on 2026-08-02 at T-24h
  2026-08-02 PDX v LAS T-8h    missing_job_did_not_run    no base record for ANY game on 2026-08-02 at T-8h
  2026-08-02 PDX v LAS T-90m   missing_job_did_not_run    no base record for ANY game on 2026-08-02 at T-90m
  2026-08-02 PDX v LAS T-30m   missing_job_did_not_run    no base record for ANY game on 2026-08-02 at T-30m
  2026-08-03 NYL v SEA T-24h   missing_job_did_not_run    no base record for ANY game on 2026-08-03 at T-24h
  2026-08-03 NYL v SEA T-30m   late_record                created 2026-08-03T22:45:08.958486+00:00 after cutoff
  2026-08-03 ATL v LVA T-24h   missing_job_did_not_run    no base record for ANY game on 2026-08-03 at T-24h
  2026-08-03 ATL v LVA T-30m   late_record                created 2026-08-03T22:45:08.976775+00:00 after cutoff
  2026-08-03 CHI v PHX T-24h   missing_job_did_not_run    no base record for ANY game on 2026-08-03 at T-24h
  2026-08-03 CHI v PHX T-30m   missing_data_unavailable   job served 2 other game(s) on 2026-08-03 at T-30m
  2026-08-04 GSV v TOR T-24h   missing_job_did_not_run    no base record for ANY game on 2026-08-04 at T-24h
  2026-08-05 WAS v DAL T-24h   missing_job_did_not_run    no base record for ANY game on 2026-08-05 at T-24h
  2026-08-05 NYL v SEA T-24h   missing_job_did_not_run    no base record for ANY game on 2026-08-05 at T-24h
  2026-08-05 NYL v SEA T-30m   late_record                created 2026-08-05T22:45:07.299457+00:00 after cutoff
  2026-08-05 ATL v PHX T-24h   missing_job_did_not_run    no base record for ANY game on 2026-08-05 at T-24h
  2026-08-05 ATL v PHX T-30m   late_record                created 2026-08-05T22:45:07.274521+00:00 after cutoff
  2026-08-05 CHI v LAS T-24h   missing_job_did_not_run    no base record for ANY game on 2026-08-05 at T-24h
  2026-08-05 CHI v LAS T-30m   missing_data_unavailable   job served 3 other game(s) on 2026-08-05 at T-30m
  2026-08-06 IND v LVA T-24h   missing_job_did_not_run    no base record for ANY game on 2026-08-06 at T-24h
  2026-08-06 IND v LVA T-30m   late_record                created 2026-08-06T22:45:09.382682+00:00 after cutoff
  2026-08-06 PDX v TOR T-24h   missing_job_did_not_run    no base record for ANY game on 2026-08-06 at T-24h
  2026-08-06 MIN v LAS T-24h   missing_job_did_not_run    no base record for ANY game on 2026-08-06 at T-24h
  2026-08-06 MIN v LAS T-30m   missing_data_unavailable   job served 2 other game(s) on 2026-08-06 at T-30m
  2026-08-07 WAS v ATL T-24h   missing_job_did_not_run    no base record for ANY game on 2026-08-07 at T-24h
  2026-08-07 CON v PHX T-24h   missing_job_did_not_run    no base record for ANY game on 2026-08-07 at T-24h
  2026-08-07 DAL v GSV T-24h   missing_job_did_not_run    no base record for ANY game on 2026-08-07 at T-24h
  2026-08-08 CHI v IND T-24h   missing_job_did_not_run    no base record for ANY game on 2026-08-08 at T-24h
  2026-08-08 CHI v IND T-90m   missing_data_unavailable   job served 2 other game(s) on 2026-08-08 at T-90m
  2026-08-08 CHI v IND T-30m   missing_data_unavailable   job served 1 other game(s) on 2026-08-08 at T-30m
  2026-08-08 MIN v LVA T-24h   missing_job_did_not_run    no base record for ANY game on 2026-08-08 at T-24h
  2026-08-08 MIN v LVA T-30m   missing_data_unavailable   job served 1 other game(s) on 2026-08-08 at T-30m
  2026-08-08 PDX v SEA T-24h   missing_job_did_not_run    no base record for ANY game on 2026-08-08 at T-24h
  2026-08-09 WAS v PHX T-24h   missing_job_did_not_run    no base record for ANY game on 2026-08-09 at T-24h
  2026-08-09 WAS v PHX T-8h    missing_job_did_not_run    no base record for ANY game on 2026-08-09 at T-8h
  2026-08-09 WAS v PHX T-90m   missing_job_did_not_run    no base record for ANY game on 2026-08-09 at T-90m
  2026-08-09 WAS v PHX T-30m   missing_job_did_not_run    no base record for ANY game on 2026-08-09 at T-30m
  2026-08-09 LAS v GSV T-24h   missing_job_did_not_run    no base record for ANY game on 2026-08-09 at T-24h
  2026-08-09 LAS v GSV T-8h    missing_job_did_not_run    no base record for ANY game on 2026-08-09 at T-8h
  2026-08-09 LAS v GSV T-90m   missing_job_did_not_run    no base record for ANY game on 2026-08-09 at T-90m
  2026-08-09 LAS v GSV T-30m   missing_job_did_not_run    no base record for ANY game on 2026-08-09 at T-30m
  2026-08-09 NYL v LVA T-24h   missing_job_did_not_run    no base record for ANY game on 2026-08-09 at T-24h
  2026-08-09 NYL v LVA T-8h    missing_job_did_not_run    no base record for ANY game on 2026-08-09 at T-8h
  2026-08-09 NYL v LVA T-90m   missing_job_did_not_run    no base record for ANY game on 2026-08-09 at T-90m
  2026-08-09 NYL v LVA T-30m   missing_job_did_not_run    no base record for ANY game on 2026-08-09 at T-30m
  2026-08-09 MIN v DAL T-24h   missing_job_did_not_run    no base record for ANY game on 2026-08-09 at T-24h
  2026-08-09 MIN v DAL T-8h    missing_job_did_not_run    no base record for ANY game on 2026-08-09 at T-8h
  2026-08-09 MIN v DAL T-90m   missing_job_did_not_run    no base record for ANY game on 2026-08-09 at T-90m
  2026-08-09 MIN v DAL T-30m   missing_job_did_not_run    no base record for ANY game on 2026-08-09 at T-30m
  2026-08-15 WAS v LAS T-24h   missing_job_did_not_run    no base record for ANY game on 2026-08-15 at T-24h
  2026-08-15 WAS v LAS T-8h    missing_job_did_not_run    no base record for ANY game on 2026-08-15 at T-8h
  2026-08-15 LVA v MIN T-24h   missing_job_did_not_run    no base record for ANY game on 2026-08-15 at T-24h
  2026-08-15 LVA v MIN T-8h    missing_job_did_not_run    no base record for ANY game on 2026-08-15 at T-8h
  2026-08-16 ATL v IND T-24h   missing_job_did_not_run    no base record for ANY game on 2026-08-16 at T-24h
  2026-08-16 ATL v IND T-8h    missing_job_did_not_run    no base record for ANY game on 2026-08-16 at T-8h
  2026-08-16 ATL v IND T-90m   missing_job_did_not_run    no base record for ANY game on 2026-08-16 at T-90m
  2026-08-16 ATL v IND T-30m   missing_job_did_not_run    no base record for ANY game on 2026-08-16 at T-30m
  2026-08-16 SEA v CHI T-24h   missing_job_did_not_run    no base record for ANY game on 2026-08-16 at T-24h
  2026-08-16 SEA v CHI T-8h    missing_job_did_not_run    no base record for ANY game on 2026-08-16 at T-8h
  2026-08-16 SEA v CHI T-90m   missing_job_did_not_run    no base record for ANY game on 2026-08-16 at T-90m
  2026-08-16 SEA v CHI T-30m   missing_job_did_not_run    no base record for ANY game on 2026-08-16 at T-30m
  2026-08-16 PHX v PDX T-24h   missing_job_did_not_run    no base record for ANY game on 2026-08-16 at T-24h
  2026-08-16 PHX v PDX T-8h    missing_job_did_not_run    no base record for ANY game on 2026-08-16 at T-8h

wrote forecasts/coverage_audit.csv and forecasts/coverage_receipt.json
[audit] exit=0 
==== Sun 08/16/2026 17:00:07.19 ==== 
[gate] 2026-08-16T21:00:08.507207+00:00  fire=False  -- would duplicate 1 already-served obligation(s); the base job cannot be scoped to one game; 5 slate game(s) have no official game_id and were served under a provisional id: ATL v IND (2026-08-16) -> PROV-2026-08-16-IND@ATL, SEA v CHI (2026-08-16) -> PROV-2026-08-16-CHI@SEA, PHX v PDX (2026-08-16) -> PROV-2026-08-16-PDX@PHX, GSV v DAL (2026-08-17) -> PROV-2026-08-17-DAL@GSV, CON v LAS (2026-08-18) -> PROV-2026-08-18-LAS@CON
       ATL v IND      T-30m   unserved cutoff 2026-08-16T20:33:00 (-27 min) 
       SEA v CHI      T-30m   unserved cutoff 2026-08-16T20:33:00 (-27 min) 
       PHX v PDX      T-90m   SERVED   cutoff 2026-08-16T21:30:00 (+30 min) 
       GSV v DAL      T-24h   unserved cutoff 2026-08-17T02:00:00 (+300 min) 
       CON v LAS      T-24h   unserved cutoff 2026-08-17T23:00:00 (+1560 min) 
[gate] HOLDING: firing now would append 1 permanent duplicate record(s) to an append-only chain. A missed obligation is recoverable; a duplicate is not.
[gate] skipping the base job
[base] skipped - no unserved obligation in its lead window 
[base] exit=0 
================================================================================================
PROSPECTIVE PAIR RUNNER  2026-08-16T21:00:11.088993+00:00  model=ridge_score_level_w2c1_v1 hash=5d295bb8b99cd34e
================================================================================================
base records in official chain: 73
  late_prevented #0 ATL v SEA @ T-8h                cutoff 2026-07-31T15:35:00+00:00 already passed at 2026-08-1
  late_prevented #1 WAS v DAL @ T-8h                cutoff 2026-07-31T15:35:00+00:00 already passed at 2026-08-1
  late_prevented #2 PDX v IND @ T-8h                cutoff 2026-07-31T18:06:00+00:00 already passed at 2026-08-1
  late_prevented #3 ATL v SEA @ T-30m               cutoff 2026-07-31T23:05:00+00:00 already passed at 2026-08-1
  late_prevented #4 WAS v DAL @ T-30m               cutoff 2026-07-31T23:05:00+00:00 already passed at 2026-08-1
  late_prevented #5 PDX v IND @ T-90m               cutoff 2026-08-01T00:36:00+00:00 already passed at 2026-08-1
  late_prevented #6 CHI v LVA @ T-90m               cutoff 2026-08-01T15:35:00+00:00 already passed at 2026-08-1
  late_prevented #7 PHX v NYL @ T-90m               cutoff 2026-08-01T17:34:00+00:00 already passed at 2026-08-1
  skip           #8 CHI v LVA @ unknown-tip         base record is an explicit no-forecast; nothing to pair
  skip           #9 PHX v NYL @ unknown-tip         base record is an explicit no-forecast; nothing to pair
  late_prevented #10 NYL v SEA @ T-8h               cutoff 2026-08-03T15:04:00+00:00 already passed at 2026-08-1
  late_prevented #11 ATL v LVA @ T-8h               cutoff 2026-08-03T15:14:00+00:00 already passed at 2026-08-1
  late_prevented #12 CHI v PHX @ T-8h               cutoff 2026-08-03T17:08:00+00:00 already passed at 2026-08-1
  already_logged #13 NYL v SEA @ T-90m              idempotent: pair exists
  already_logged #14 ATL v LVA @ T-90m              idempotent: pair exists
  already_logged #15 CHI v PHX @ T-90m              idempotent: pair exists
  already_logged #16 NYL v SEA @ T-90m              idempotent: pair exists
  already_logged #17 ATL v LVA @ T-90m              idempotent: pair exists
  already_logged #18 CHI v PHX @ T-90m              idempotent: pair exists
  late_prevented #19 NYL v SEA @ T-30m              cutoff 2026-08-03T22:34:00+00:00 already passed at 2026-08-1
  late_prevented #20 ATL v LVA @ T-30m              cutoff 2026-08-03T22:44:00+00:00 already passed at 2026-08-1
  already_logged #21 CHI v PHX @ T-90m              idempotent: pair exists
  already_logged #22 GSV v TOR @ T-8h               idempotent: pair exists
  already_logged #23 GSV v TOR @ T-90m              idempotent: pair exists
  already_logged #24 GSV v TOR @ T-30m              idempotent: pair exists
  already_logged #25 ATL v PHX @ T-8h               idempotent: pair exists
  already_logged #26 NYL v SEA @ T-8h               idempotent: pair exists
  already_logged #27 WAS v DAL @ T-8h               idempotent: pair exists
  already_logged #28 CHI v LAS @ T-8h               idempotent: pair exists
  already_logged #29 ATL v PHX @ T-90m              idempotent: pair exists
  already_logged #30 NYL v SEA @ T-90m              idempotent: pair exists
  already_logged #31 WAS v DAL @ T-90m              idempotent: pair exists
  already_logged #32 CHI v LAS @ T-90m              idempotent: pair exists
  late_prevented #33 ATL v PHX @ T-30m              cutoff 2026-08-05T22:33:00+00:00 already passed at 2026-08-1
  late_prevented #34 NYL v SEA @ T-30m              cutoff 2026-08-05T22:38:00+00:00 already passed at 2026-08-1
  already_logged #35 WAS v DAL @ T-30m              idempotent: pair exists
  already_logged #36 CHI v LAS @ T-90m              idempotent: pair exists
  already_logged #37 IND v LVA @ T-8h               idempotent: pair exists
  already_logged #38 MIN v LAS @ T-8h               idempotent: pair exists
  already_logged #39 PDX v TOR @ T-8h               idempotent: pair exists
  already_logged #40 IND v LVA @ T-90m              idempotent: pair exists
  already_logged #41 MIN v LAS @ T-90m              idempotent: pair exists
  already_logged #42 PDX v TOR @ T-90m              idempotent: pair exists
  late_prevented #43 IND v LVA @ T-30m              cutoff 2026-08-06T22:36:00+00:00 already passed at 2026-08-1
  already_logged #44 PDX v TOR @ T-30m              idempotent: pair exists
  already_logged #45 CON v PHX @ T-8h               idempotent: pair exists
  already_logged #46 WAS v ATL @ T-8h               idempotent: pair exists
  already_logged #47 DAL v GSV @ T-8h               idempotent: pair exists
  already_logged #48 CON v PHX @ T-90m              idempotent: pair exists
  already_logged #49 WAS v ATL @ T-90m              idempotent: pair exists
  already_logged #50 DAL v GSV @ T-90m              idempotent: pair exists
  already_logged #51 CON v PHX @ T-30m              idempotent: pair exists
  already_logged #52 WAS v ATL @ T-30m              idempotent: pair exists
  already_logged #53 DAL v GSV @ T-30m              idempotent: pair exists
  already_logged #54 MIN v LVA @ T-8h               idempotent: pair exists
  already_logged #55 CHI v IND @ T-8h               idempotent: pair exists
  already_logged #56 PDX v SEA @ T-8h               idempotent: pair exists
  already_logged #57 MIN v LVA @ T-90m              idempotent: pair exists
  late_prevented #58 CHI v IND @ T-8h               cutoff 2026-08-08T11:35:00+00:00 already passed at 2026-08-1
  already_logged #59 PDX v SEA @ T-8h               idempotent: pair exists
  already_logged #60 PDX v SEA @ T-90m              idempotent: pair exists
  skip           #61 CHI v IND @ unknown-tip        base record is an explicit no-forecast; nothing to pair
  skip           #62 MIN v LVA @ unknown-tip        base record is an explicit no-forecast; nothing to pair
  already_logged #63 PDX v SEA @ T-30m              idempotent: pair exists
  already_logged #64 WAS v LAS @ T-90m              idempotent: pair exists
  already_logged #65 LVA v MIN @ T-90m              idempotent: pair exists
  already_logged #66 WAS v LAS @ T-30m              idempotent: pair exists
  late_prevented #67 LVA v MIN @ T-90m              cutoff 2026-08-15T22:35:00+00:00 already passed at 2026-08-1
  skip           #68 CON v NYL @ unknown-tip        base record is an explicit no-forecast; nothing to pair
  late_prevented #69 LVA v MIN @ T-30m              cutoff 2026-08-15T23:35:00+00:00 already passed at 2026-08-1
  already_logged #70 ATL v IND @ T-90m              idempotent: pair exists
  already_logged #71 SEA v CHI @ T-90m              idempotent: pair exists
  already_logged #72 PHX v PDX @ T-90m              idempotent: pair exists

  already_logged=49, late_prevented=19, skip=5
  arm chain: ok=True n=44 tip=b34365d45a378bdd
  receipt appended to prospective_pair_runs.jsonl
[arm] exit=0 
====================================================================================================
FORECAST COVERAGE AUDIT   generated 2026-08-16T21:00:14.858935+00:00
====================================================================================================

CUMULATIVE by classification
  missing_job_did_not_run      69
  forecast_logged              52
  before_period_start          15
  not_yet_due                  10
  missing_data_unavailable     9
  late_record                  5

  obligations 160 | due 135 | served 52 | coverage 38.5%
  operational misses 69 | unexplained 0
  PROMOTION-GRADE: NO   (needs >= 95% served, <= 0 operational misses, all explained)

DAILY
  date         oblig  served     due     excl    opmiss arm_recs
  2026-07-30      12       0       0       12         0        0
  2026-07-31      12       6       9        3         0        0
  2026-08-01       8       2       8        0         6        0
  2026-08-02      16       0      16        0        16        0
  2026-08-03      12       6      12        0         3        3
  2026-08-04       4       3       4        0         1        3
  2026-08-05      16       9      16        0         4        9
  2026-08-06      12       7      12        0         3        7
  2026-08-07      12       9      12        0         3        9
  2026-08-08      12       6      12        0         3        4
  2026-08-09      16       0      16        0        16        0
  2026-08-15       8       4       8        0         4        1
  2026-08-16      12       0      10        2        10        0
  2026-08-17       4       0       0        4         0        0
  2026-08-18       4       0       0        4         0        0

EVERY MISSING OR IRREGULAR OBLIGATION (each must carry an explanation)
  2026-07-31 ATL v SEA T-90m   missing_data_unavailable   job served 1 other game(s) on 2026-07-31 at T-90m
  2026-07-31 WAS v DAL T-90m   missing_data_unavailable   job served 1 other game(s) on 2026-07-31 at T-90m
  2026-07-31 PDX v IND T-30m   missing_data_unavailable   job served 2 other game(s) on 2026-07-31 at T-30m
  2026-08-01 CHI v LVA T-24h   missing_job_did_not_run    no base record for ANY game on 2026-08-01 at T-24h
  2026-08-01 CHI v LVA T-8h    missing_job_did_not_run    no base record for ANY game on 2026-08-01 at T-8h
  2026-08-01 CHI v LVA T-30m   missing_job_did_not_run    no base record for ANY game on 2026-08-01 at T-30m
  2026-08-01 PHX v NYL T-24h   missing_job_did_not_run    no base record for ANY game on 2026-08-01 at T-24h
  2026-08-01 PHX v NYL T-8h    missing_job_did_not_run    no base record for ANY game on 2026-08-01 at T-8h
  2026-08-01 PHX v NYL T-30m   missing_job_did_not_run    no base record for ANY game on 2026-08-01 at T-30m
  2026-08-02 DAL v CON T-24h   missing_job_did_not_run    no base record for ANY game on 2026-08-02 at T-24h
  2026-08-02 DAL v CON T-8h    missing_job_did_not_run    no base record for ANY game on 2026-08-02 at T-8h
  2026-08-02 DAL v CON T-90m   missing_job_did_not_run    no base record for ANY game on 2026-08-02 at T-90m
  2026-08-02 DAL v CON T-30m   missing_job_did_not_run    no base record for ANY game on 2026-08-02 at T-30m
  2026-08-02 GSV v TOR T-24h   missing_job_did_not_run    no base record for ANY game on 2026-08-02 at T-24h
  2026-08-02 GSV v TOR T-8h    missing_job_did_not_run    no base record for ANY game on 2026-08-02 at T-8h
  2026-08-02 GSV v TOR T-90m   missing_job_did_not_run    no base record for ANY game on 2026-08-02 at T-90m
  2026-08-02 GSV v TOR T-30m   missing_job_did_not_run    no base record for ANY game on 2026-08-02 at T-30m
  2026-08-02 MIN v IND T-24h   missing_job_did_not_run    no base record for ANY game on 2026-08-02 at T-24h
  2026-08-02 MIN v IND T-8h    missing_job_did_not_run    no base record for ANY game on 2026-08-02 at T-8h
  2026-08-02 MIN v IND T-90m   missing_job_did_not_run    no base record for ANY game on 2026-08-02 at T-90m
  2026-08-02 MIN v IND T-30m   missing_job_did_not_run    no base record for ANY game on 2026-08-02 at T-30m
  2026-08-02 PDX v LAS T-24h   missing_job_did_not_run    no base record for ANY game on 2026-08-02 at T-24h
  2026-08-02 PDX v LAS T-8h    missing_job_did_not_run    no base record for ANY game on 2026-08-02 at T-8h
  2026-08-02 PDX v LAS T-90m   missing_job_did_not_run    no base record for ANY game on 2026-08-02 at T-90m
  2026-08-02 PDX v LAS T-30m   missing_job_did_not_run    no base record for ANY game on 2026-08-02 at T-30m
  2026-08-03 NYL v SEA T-24h   missing_job_did_not_run    no base record for ANY game on 2026-08-03 at T-24h
  2026-08-03 NYL v SEA T-30m   late_record                created 2026-08-03T22:45:08.958486+00:00 after cutoff
  2026-08-03 ATL v LVA T-24h   missing_job_did_not_run    no base record for ANY game on 2026-08-03 at T-24h
  2026-08-03 ATL v LVA T-30m   late_record                created 2026-08-03T22:45:08.976775+00:00 after cutoff
  2026-08-03 CHI v PHX T-24h   missing_job_did_not_run    no base record for ANY game on 2026-08-03 at T-24h
  2026-08-03 CHI v PHX T-30m   missing_data_unavailable   job served 2 other game(s) on 2026-08-03 at T-30m
  2026-08-04 GSV v TOR T-24h   missing_job_did_not_run    no base record for ANY game on 2026-08-04 at T-24h
  2026-08-05 WAS v DAL T-24h   missing_job_did_not_run    no base record for ANY game on 2026-08-05 at T-24h
  2026-08-05 NYL v SEA T-24h   missing_job_did_not_run    no base record for ANY game on 2026-08-05 at T-24h
  2026-08-05 NYL v SEA T-30m   late_record                created 2026-08-05T22:45:07.299457+00:00 after cutoff
  2026-08-05 ATL v PHX T-24h   missing_job_did_not_run    no base record for ANY game on 2026-08-05 at T-24h
  2026-08-05 ATL v PHX T-30m   late_record                created 2026-08-05T22:45:07.274521+00:00 after cutoff
  2026-08-05 CHI v LAS T-24h   missing_job_did_not_run    no base record for ANY game on 2026-08-05 at T-24h
  2026-08-05 CHI v LAS T-30m   missing_data_unavailable   job served 3 other game(s) on 2026-08-05 at T-30m
  2026-08-06 IND v LVA T-24h   missing_job_did_not_run    no base record for ANY game on 2026-08-06 at T-24h
  2026-08-06 IND v LVA T-30m   late_record                created 2026-08-06T22:45:09.382682+00:00 after cutoff
  2026-08-06 PDX v TOR T-24h   missing_job_did_not_run    no base record for ANY game on 2026-08-06 at T-24h
  2026-08-06 MIN v LAS T-24h   missing_job_did_not_run    no base record for ANY game on 2026-08-06 at T-24h
  2026-08-06 MIN v LAS T-30m   missing_data_unavailable   job served 2 other game(s) on 2026-08-06 at T-30m
  2026-08-07 WAS v ATL T-24h   missing_job_did_not_run    no base record for ANY game on 2026-08-07 at T-24h
  2026-08-07 CON v PHX T-24h   missing_job_did_not_run    no base record for ANY game on 2026-08-07 at T-24h
  2026-08-07 DAL v GSV T-24h   missing_job_did_not_run    no base record for ANY game on 2026-08-07 at T-24h
  2026-08-08 CHI v IND T-24h   missing_job_did_not_run    no base record for ANY game on 2026-08-08 at T-24h
  2026-08-08 CHI v IND T-90m   missing_data_unavailable   job served 2 other game(s) on 2026-08-08 at T-90m
  2026-08-08 CHI v IND T-30m   missing_data_unavailable   job served 1 other game(s) on 2026-08-08 at T-30m
  2026-08-08 MIN v LVA T-24h   missing_job_did_not_run    no base record for ANY game on 2026-08-08 at T-24h
  2026-08-08 MIN v LVA T-30m   missing_data_unavailable   job served 1 other game(s) on 2026-08-08 at T-30m
  2026-08-08 PDX v SEA T-24h   missing_job_did_not_run    no base record for ANY game on 2026-08-08 at T-24h
  2026-08-09 WAS v PHX T-24h   missing_job_did_not_run    no base record for ANY game on 2026-08-09 at T-24h
  2026-08-09 WAS v PHX T-8h    missing_job_did_not_run    no base record for ANY game on 2026-08-09 at T-8h
  2026-08-09 WAS v PHX T-90m   missing_job_did_not_run    no base record for ANY game on 2026-08-09 at T-90m
  2026-08-09 WAS v PHX T-30m   missing_job_did_not_run    no base record for ANY game on 2026-08-09 at T-30m
  2026-08-09 LAS v GSV T-24h   missing_job_did_not_run    no base record for ANY game on 2026-08-09 at T-24h
  2026-08-09 LAS v GSV T-8h    missing_job_did_not_run    no base record for ANY game on 2026-08-09 at T-8h
  2026-08-09 LAS v GSV T-90m   missing_job_did_not_run    no base record for ANY game on 2026-08-09 at T-90m
  2026-08-09 LAS v GSV T-30m   missing_job_did_not_run    no base record for ANY game on 2026-08-09 at T-30m
  2026-08-09 NYL v LVA T-24h   missing_job_did_not_run    no base record for ANY game on 2026-08-09 at T-24h
  2026-08-09 NYL v LVA T-8h    missing_job_did_not_run    no base record for ANY game on 2026-08-09 at T-8h
  2026-08-09 NYL v LVA T-90m   missing_job_did_not_run    no base record for ANY game on 2026-08-09 at T-90m
  2026-08-09 NYL v LVA T-30m   missing_job_did_not_run    no base record for ANY game on 2026-08-09 at T-30m
  2026-08-09 MIN v DAL T-24h   missing_job_did_not_run    no base record for ANY game on 2026-08-09 at T-24h
  2026-08-09 MIN v DAL T-8h    missing_job_did_not_run    no base record for ANY game on 2026-08-09 at T-8h
  2026-08-09 MIN v DAL T-90m   missing_job_did_not_run    no base record for ANY game on 2026-08-09 at T-90m
  2026-08-09 MIN v DAL T-30m   missing_job_did_not_run    no base record for ANY game on 2026-08-09 at T-30m
  2026-08-15 WAS v LAS T-24h   missing_job_did_not_run    no base record for ANY game on 2026-08-15 at T-24h
  2026-08-15 WAS v LAS T-8h    missing_job_did_not_run    no base record for ANY game on 2026-08-15 at T-8h
  2026-08-15 LVA v MIN T-24h   missing_job_did_not_run    no base record for ANY game on 2026-08-15 at T-24h
  2026-08-15 LVA v MIN T-8h    missing_job_did_not_run    no base record for ANY game on 2026-08-15 at T-8h
  2026-08-16 ATL v IND T-24h   missing_job_did_not_run    no base record for ANY game on 2026-08-16 at T-24h
  2026-08-16 ATL v IND T-8h    missing_job_did_not_run    no base record for ANY game on 2026-08-16 at T-8h
  2026-08-16 ATL v IND T-90m   missing_job_did_not_run    no base record for ANY game on 2026-08-16 at T-90m
  2026-08-16 ATL v IND T-30m   missing_job_did_not_run    no base record for ANY game on 2026-08-16 at T-30m
  2026-08-16 SEA v CHI T-24h   missing_job_did_not_run    no base record for ANY game on 2026-08-16 at T-24h
  2026-08-16 SEA v CHI T-8h    missing_job_did_not_run    no base record for ANY game on 2026-08-16 at T-8h
  2026-08-16 SEA v CHI T-90m   missing_job_did_not_run    no base record for ANY game on 2026-08-16 at T-90m
  2026-08-16 SEA v CHI T-30m   missing_job_did_not_run    no base record for ANY game on 2026-08-16 at T-30m
  2026-08-16 PHX v PDX T-24h   missing_job_did_not_run    no base record for ANY game on 2026-08-16 at T-24h
  2026-08-16 PHX v PDX T-8h    missing_job_did_not_run    no base record for ANY game on 2026-08-16 at T-8h

wrote forecasts/coverage_audit.csv and forecasts/coverage_receipt.json
[audit] exit=0 
==== Sun 08/16/2026 17:15:06.36 ==== 
[gate] 2026-08-16T21:15:08.459253+00:00  fire=False  -- would duplicate 1 already-served obligation(s); the base job cannot be scoped to one game; 3 slate game(s) have no official game_id and were served under a provisional id: PHX v PDX (2026-08-16) -> PROV-2026-08-16-PDX@PHX, GSV v DAL (2026-08-17) -> PROV-2026-08-17-DAL@GSV, CON v LAS (2026-08-18) -> PROV-2026-08-18-LAS@CON
       PHX v PDX      T-90m   SERVED   cutoff 2026-08-16T21:30:00 (+15 min) 
       GSV v DAL      T-24h   unserved cutoff 2026-08-17T02:00:00 (+285 min) 
       CON v LAS      T-24h   unserved cutoff 2026-08-17T23:00:00 (+1545 min) 
[gate] HOLDING: firing now would append 1 permanent duplicate record(s) to an append-only chain. A missed obligation is recoverable; a duplicate is not.
[gate] skipping the base job
[base] skipped - no unserved obligation in its lead window 
[base] exit=0 
================================================================================================
PROSPECTIVE PAIR RUNNER  2026-08-16T21:15:11.106670+00:00  model=ridge_score_level_w2c1_v1 hash=5d295bb8b99cd34e
================================================================================================
base records in official chain: 73
  late_prevented #0 ATL v SEA @ T-8h                cutoff 2026-07-31T15:35:00+00:00 already passed at 2026-08-1
  late_prevented #1 WAS v DAL @ T-8h                cutoff 2026-07-31T15:35:00+00:00 already passed at 2026-08-1
  late_prevented #2 PDX v IND @ T-8h                cutoff 2026-07-31T18:06:00+00:00 already passed at 2026-08-1
  late_prevented #3 ATL v SEA @ T-30m               cutoff 2026-07-31T23:05:00+00:00 already passed at 2026-08-1
  late_prevented #4 WAS v DAL @ T-30m               cutoff 2026-07-31T23:05:00+00:00 already passed at 2026-08-1
  late_prevented #5 PDX v IND @ T-90m               cutoff 2026-08-01T00:36:00+00:00 already passed at 2026-08-1
  late_prevented #6 CHI v LVA @ T-90m               cutoff 2026-08-01T15:35:00+00:00 already passed at 2026-08-1
  late_prevented #7 PHX v NYL @ T-90m               cutoff 2026-08-01T17:34:00+00:00 already passed at 2026-08-1
  skip           #8 CHI v LVA @ unknown-tip         base record is an explicit no-forecast; nothing to pair
  skip           #9 PHX v NYL @ unknown-tip         base record is an explicit no-forecast; nothing to pair
  late_prevented #10 NYL v SEA @ T-8h               cutoff 2026-08-03T15:04:00+00:00 already passed at 2026-08-1
  late_prevented #11 ATL v LVA @ T-8h               cutoff 2026-08-03T15:14:00+00:00 already passed at 2026-08-1
  late_prevented #12 CHI v PHX @ T-8h               cutoff 2026-08-03T17:08:00+00:00 already passed at 2026-08-1
  already_logged #13 NYL v SEA @ T-90m              idempotent: pair exists
  already_logged #14 ATL v LVA @ T-90m              idempotent: pair exists
  already_logged #15 CHI v PHX @ T-90m              idempotent: pair exists
  already_logged #16 NYL v SEA @ T-90m              idempotent: pair exists
  already_logged #17 ATL v LVA @ T-90m              idempotent: pair exists
  already_logged #18 CHI v PHX @ T-90m              idempotent: pair exists
  late_prevented #19 NYL v SEA @ T-30m              cutoff 2026-08-03T22:34:00+00:00 already passed at 2026-08-1
  late_prevented #20 ATL v LVA @ T-30m              cutoff 2026-08-03T22:44:00+00:00 already passed at 2026-08-1
  already_logged #21 CHI v PHX @ T-90m              idempotent: pair exists
  already_logged #22 GSV v TOR @ T-8h               idempotent: pair exists
  already_logged #23 GSV v TOR @ T-90m              idempotent: pair exists
  already_logged #24 GSV v TOR @ T-30m              idempotent: pair exists
  already_logged #25 ATL v PHX @ T-8h               idempotent: pair exists
  already_logged #26 NYL v SEA @ T-8h               idempotent: pair exists
  already_logged #27 WAS v DAL @ T-8h               idempotent: pair exists
  already_logged #28 CHI v LAS @ T-8h               idempotent: pair exists
  already_logged #29 ATL v PHX @ T-90m              idempotent: pair exists
  already_logged #30 NYL v SEA @ T-90m              idempotent: pair exists
  already_logged #31 WAS v DAL @ T-90m              idempotent: pair exists
  already_logged #32 CHI v LAS @ T-90m              idempotent: pair exists
  late_prevented #33 ATL v PHX @ T-30m              cutoff 2026-08-05T22:33:00+00:00 already passed at 2026-08-1
  late_prevented #34 NYL v SEA @ T-30m              cutoff 2026-08-05T22:38:00+00:00 already passed at 2026-08-1
  already_logged #35 WAS v DAL @ T-30m              idempotent: pair exists
  already_logged #36 CHI v LAS @ T-90m              idempotent: pair exists
  already_logged #37 IND v LVA @ T-8h               idempotent: pair exists
  already_logged #38 MIN v LAS @ T-8h               idempotent: pair exists
  already_logged #39 PDX v TOR @ T-8h               idempotent: pair exists
  already_logged #40 IND v LVA @ T-90m              idempotent: pair exists
  already_logged #41 MIN v LAS @ T-90m              idempotent: pair exists
  already_logged #42 PDX v TOR @ T-90m              idempotent: pair exists
  late_prevented #43 IND v LVA @ T-30m              cutoff 2026-08-06T22:36:00+00:00 already passed at 2026-08-1
  already_logged #44 PDX v TOR @ T-30m              idempotent: pair exists
  already_logged #45 CON v PHX @ T-8h               idempotent: pair exists
  already_logged #46 WAS v ATL @ T-8h               idempotent: pair exists
  already_logged #47 DAL v GSV @ T-8h               idempotent: pair exists
  already_logged #48 CON v PHX @ T-90m              idempotent: pair exists
  already_logged #49 WAS v ATL @ T-90m              idempotent: pair exists
  already_logged #50 DAL v GSV @ T-90m              idempotent: pair exists
  already_logged #51 CON v PHX @ T-30m              idempotent: pair exists
  already_logged #52 WAS v ATL @ T-30m              idempotent: pair exists
  already_logged #53 DAL v GSV @ T-30m              idempotent: pair exists
  already_logged #54 MIN v LVA @ T-8h               idempotent: pair exists
  already_logged #55 CHI v IND @ T-8h               idempotent: pair exists
  already_logged #56 PDX v SEA @ T-8h               idempotent: pair exists
  already_logged #57 MIN v LVA @ T-90m              idempotent: pair exists
  late_prevented #58 CHI v IND @ T-8h               cutoff 2026-08-08T11:35:00+00:00 already passed at 2026-08-1
  already_logged #59 PDX v SEA @ T-8h               idempotent: pair exists
  already_logged #60 PDX v SEA @ T-90m              idempotent: pair exists
  skip           #61 CHI v IND @ unknown-tip        base record is an explicit no-forecast; nothing to pair
  skip           #62 MIN v LVA @ unknown-tip        base record is an explicit no-forecast; nothing to pair
  already_logged #63 PDX v SEA @ T-30m              idempotent: pair exists
  already_logged #64 WAS v LAS @ T-90m              idempotent: pair exists
  already_logged #65 LVA v MIN @ T-90m              idempotent: pair exists
  already_logged #66 WAS v LAS @ T-30m              idempotent: pair exists
  late_prevented #67 LVA v MIN @ T-90m              cutoff 2026-08-15T22:35:00+00:00 already passed at 2026-08-1
  skip           #68 CON v NYL @ unknown-tip        base record is an explicit no-forecast; nothing to pair
  late_prevented #69 LVA v MIN @ T-30m              cutoff 2026-08-15T23:35:00+00:00 already passed at 2026-08-1
  already_logged #70 ATL v IND @ T-90m              idempotent: pair exists
  already_logged #71 SEA v CHI @ T-90m              idempotent: pair exists
  already_logged #72 PHX v PDX @ T-90m              idempotent: pair exists

  already_logged=49, late_prevented=19, skip=5
  arm chain: ok=True n=44 tip=b34365d45a378bdd
  receipt appended to prospective_pair_runs.jsonl
[arm] exit=0 
====================================================================================================
FORECAST COVERAGE AUDIT   generated 2026-08-16T21:15:13.662363+00:00
====================================================================================================

CUMULATIVE by classification
  missing_job_did_not_run      69
  forecast_logged              52
  before_period_start          15
  not_yet_due                  10
  missing_data_unavailable     9
  late_record                  5

  obligations 160 | due 135 | served 52 | coverage 38.5%
  operational misses 69 | unexplained 0
  PROMOTION-GRADE: NO   (needs >= 95% served, <= 0 operational misses, all explained)

DAILY
  date         oblig  served     due     excl    opmiss arm_recs
  2026-07-30      12       0       0       12         0        0
  2026-07-31      12       6       9        3         0        0
  2026-08-01       8       2       8        0         6        0
  2026-08-02      16       0      16        0        16        0
  2026-08-03      12       6      12        0         3        3
  2026-08-04       4       3       4        0         1        3
  2026-08-05      16       9      16        0         4        9
  2026-08-06      12       7      12        0         3        7
  2026-08-07      12       9      12        0         3        9
  2026-08-08      12       6      12        0         3        4
  2026-08-09      16       0      16        0        16        0
  2026-08-15       8       4       8        0         4        1
  2026-08-16      12       0      10        2        10        0
  2026-08-17       4       0       0        4         0        0
  2026-08-18       4       0       0        4         0        0

EVERY MISSING OR IRREGULAR OBLIGATION (each must carry an explanation)
  2026-07-31 ATL v SEA T-90m   missing_data_unavailable   job served 1 other game(s) on 2026-07-31 at T-90m
  2026-07-31 WAS v DAL T-90m   missing_data_unavailable   job served 1 other game(s) on 2026-07-31 at T-90m
  2026-07-31 PDX v IND T-30m   missing_data_unavailable   job served 2 other game(s) on 2026-07-31 at T-30m
  2026-08-01 CHI v LVA T-24h   missing_job_did_not_run    no base record for ANY game on 2026-08-01 at T-24h
  2026-08-01 CHI v LVA T-8h    missing_job_did_not_run    no base record for ANY game on 2026-08-01 at T-8h
  2026-08-01 CHI v LVA T-30m   missing_job_did_not_run    no base record for ANY game on 2026-08-01 at T-30m
  2026-08-01 PHX v NYL T-24h   missing_job_did_not_run    no base record for ANY game on 2026-08-01 at T-24h
  2026-08-01 PHX v NYL T-8h    missing_job_did_not_run    no base record for ANY game on 2026-08-01 at T-8h
  2026-08-01 PHX v NYL T-30m   missing_job_did_not_run    no base record for ANY game on 2026-08-01 at T-30m
  2026-08-02 DAL v CON T-24h   missing_job_did_not_run    no base record for ANY game on 2026-08-02 at T-24h
  2026-08-02 DAL v CON T-8h    missing_job_did_not_run    no base record for ANY game on 2026-08-02 at T-8h
  2026-08-02 DAL v CON T-90m   missing_job_did_not_run    no base record for ANY game on 2026-08-02 at T-90m
  2026-08-02 DAL v CON T-30m   missing_job_did_not_run    no base record for ANY game on 2026-08-02 at T-30m
  2026-08-02 GSV v TOR T-24h   missing_job_did_not_run    no base record for ANY game on 2026-08-02 at T-24h
  2026-08-02 GSV v TOR T-8h    missing_job_did_not_run    no base record for ANY game on 2026-08-02 at T-8h
  2026-08-02 GSV v TOR T-90m   missing_job_did_not_run    no base record for ANY game on 2026-08-02 at T-90m
  2026-08-02 GSV v TOR T-30m   missing_job_did_not_run    no base record for ANY game on 2026-08-02 at T-30m
  2026-08-02 MIN v IND T-24h   missing_job_did_not_run    no base record for ANY game on 2026-08-02 at T-24h
  2026-08-02 MIN v IND T-8h    missing_job_did_not_run    no base record for ANY game on 2026-08-02 at T-8h
  2026-08-02 MIN v IND T-90m   missing_job_did_not_run    no base record for ANY game on 2026-08-02 at T-90m
  2026-08-02 MIN v IND T-30m   missing_job_did_not_run    no base record for ANY game on 2026-08-02 at T-30m
  2026-08-02 PDX v LAS T-24h   missing_job_did_not_run    no base record for ANY game on 2026-08-02 at T-24h
  2026-08-02 PDX v LAS T-8h    missing_job_did_not_run    no base record for ANY game on 2026-08-02 at T-8h
  2026-08-02 PDX v LAS T-90m   missing_job_did_not_run    no base record for ANY game on 2026-08-02 at T-90m
  2026-08-02 PDX v LAS T-30m   missing_job_did_not_run    no base record for ANY game on 2026-08-02 at T-30m
  2026-08-03 NYL v SEA T-24h   missing_job_did_not_run    no base record for ANY game on 2026-08-03 at T-24h
  2026-08-03 NYL v SEA T-30m   late_record                created 2026-08-03T22:45:08.958486+00:00 after cutoff
  2026-08-03 ATL v LVA T-24h   missing_job_did_not_run    no base record for ANY game on 2026-08-03 at T-24h
  2026-08-03 ATL v LVA T-30m   late_record                created 2026-08-03T22:45:08.976775+00:00 after cutoff
  2026-08-03 CHI v PHX T-24h   missing_job_did_not_run    no base record for ANY game on 2026-08-03 at T-24h
  2026-08-03 CHI v PHX T-30m   missing_data_unavailable   job served 2 other game(s) on 2026-08-03 at T-30m
  2026-08-04 GSV v TOR T-24h   missing_job_did_not_run    no base record for ANY game on 2026-08-04 at T-24h
  2026-08-05 WAS v DAL T-24h   missing_job_did_not_run    no base record for ANY game on 2026-08-05 at T-24h
  2026-08-05 NYL v SEA T-24h   missing_job_did_not_run    no base record for ANY game on 2026-08-05 at T-24h
  2026-08-05 NYL v SEA T-30m   late_record                created 2026-08-05T22:45:07.299457+00:00 after cutoff
  2026-08-05 ATL v PHX T-24h   missing_job_did_not_run    no base record for ANY game on 2026-08-05 at T-24h
  2026-08-05 ATL v PHX T-30m   late_record                created 2026-08-05T22:45:07.274521+00:00 after cutoff
  2026-08-05 CHI v LAS T-24h   missing_job_did_not_run    no base record for ANY game on 2026-08-05 at T-24h
  2026-08-05 CHI v LAS T-30m   missing_data_unavailable   job served 3 other game(s) on 2026-08-05 at T-30m
  2026-08-06 IND v LVA T-24h   missing_job_did_not_run    no base record for ANY game on 2026-08-06 at T-24h
  2026-08-06 IND v LVA T-30m   late_record                created 2026-08-06T22:45:09.382682+00:00 after cutoff
  2026-08-06 PDX v TOR T-24h   missing_job_did_not_run    no base record for ANY game on 2026-08-06 at T-24h
  2026-08-06 MIN v LAS T-24h   missing_job_did_not_run    no base record for ANY game on 2026-08-06 at T-24h
  2026-08-06 MIN v LAS T-30m   missing_data_unavailable   job served 2 other game(s) on 2026-08-06 at T-30m
  2026-08-07 WAS v ATL T-24h   missing_job_did_not_run    no base record for ANY game on 2026-08-07 at T-24h
  2026-08-07 CON v PHX T-24h   missing_job_did_not_run    no base record for ANY game on 2026-08-07 at T-24h
  2026-08-07 DAL v GSV T-24h   missing_job_did_not_run    no base record for ANY game on 2026-08-07 at T-24h
  2026-08-08 CHI v IND T-24h   missing_job_did_not_run    no base record for ANY game on 2026-08-08 at T-24h
  2026-08-08 CHI v IND T-90m   missing_data_unavailable   job served 2 other game(s) on 2026-08-08 at T-90m
  2026-08-08 CHI v IND T-30m   missing_data_unavailable   job served 1 other game(s) on 2026-08-08 at T-30m
  2026-08-08 MIN v LVA T-24h   missing_job_did_not_run    no base record for ANY game on 2026-08-08 at T-24h
  2026-08-08 MIN v LVA T-30m   missing_data_unavailable   job served 1 other game(s) on 2026-08-08 at T-30m
  2026-08-08 PDX v SEA T-24h   missing_job_did_not_run    no base record for ANY game on 2026-08-08 at T-24h
  2026-08-09 WAS v PHX T-24h   missing_job_did_not_run    no base record for ANY game on 2026-08-09 at T-24h
  2026-08-09 WAS v PHX T-8h    missing_job_did_not_run    no base record for ANY game on 2026-08-09 at T-8h
  2026-08-09 WAS v PHX T-90m   missing_job_did_not_run    no base record for ANY game on 2026-08-09 at T-90m
  2026-08-09 WAS v PHX T-30m   missing_job_did_not_run    no base record for ANY game on 2026-08-09 at T-30m
  2026-08-09 LAS v GSV T-24h   missing_job_did_not_run    no base record for ANY game on 2026-08-09 at T-24h
  2026-08-09 LAS v GSV T-8h    missing_job_did_not_run    no base record for ANY game on 2026-08-09 at T-8h
  2026-08-09 LAS v GSV T-90m   missing_job_did_not_run    no base record for ANY game on 2026-08-09 at T-90m
  2026-08-09 LAS v GSV T-30m   missing_job_did_not_run    no base record for ANY game on 2026-08-09 at T-30m
  2026-08-09 NYL v LVA T-24h   missing_job_did_not_run    no base record for ANY game on 2026-08-09 at T-24h
  2026-08-09 NYL v LVA T-8h    missing_job_did_not_run    no base record for ANY game on 2026-08-09 at T-8h
  2026-08-09 NYL v LVA T-90m   missing_job_did_not_run    no base record for ANY game on 2026-08-09 at T-90m
  2026-08-09 NYL v LVA T-30m   missing_job_did_not_run    no base record for ANY game on 2026-08-09 at T-30m
  2026-08-09 MIN v DAL T-24h   missing_job_did_not_run    no base record for ANY game on 2026-08-09 at T-24h
  2026-08-09 MIN v DAL T-8h    missing_job_did_not_run    no base record for ANY game on 2026-08-09 at T-8h
  2026-08-09 MIN v DAL T-90m   missing_job_did_not_run    no base record for ANY game on 2026-08-09 at T-90m
  2026-08-09 MIN v DAL T-30m   missing_job_did_not_run    no base record for ANY game on 2026-08-09 at T-30m
  2026-08-15 WAS v LAS T-24h   missing_job_did_not_run    no base record for ANY game on 2026-08-15 at T-24h
  2026-08-15 WAS v LAS T-8h    missing_job_did_not_run    no base record for ANY game on 2026-08-15 at T-8h
  2026-08-15 LVA v MIN T-24h   missing_job_did_not_run    no base record for ANY game on 2026-08-15 at T-24h
  2026-08-15 LVA v MIN T-8h    missing_job_did_not_run    no base record for ANY game on 2026-08-15 at T-8h
  2026-08-16 ATL v IND T-24h   missing_job_did_not_run    no base record for ANY game on 2026-08-16 at T-24h
  2026-08-16 ATL v IND T-8h    missing_job_did_not_run    no base record for ANY game on 2026-08-16 at T-8h
  2026-08-16 ATL v IND T-90m   missing_job_did_not_run    no base record for ANY game on 2026-08-16 at T-90m
  2026-08-16 ATL v IND T-30m   missing_job_did_not_run    no base record for ANY game on 2026-08-16 at T-30m
  2026-08-16 SEA v CHI T-24h   missing_job_did_not_run    no base record for ANY game on 2026-08-16 at T-24h
  2026-08-16 SEA v CHI T-8h    missing_job_did_not_run    no base record for ANY game on 2026-08-16 at T-8h
  2026-08-16 SEA v CHI T-90m   missing_job_did_not_run    no base record for ANY game on 2026-08-16 at T-90m
  2026-08-16 SEA v CHI T-30m   missing_job_did_not_run    no base record for ANY game on 2026-08-16 at T-30m
  2026-08-16 PHX v PDX T-24h   missing_job_did_not_run    no base record for ANY game on 2026-08-16 at T-24h
  2026-08-16 PHX v PDX T-8h    missing_job_did_not_run    no base record for ANY game on 2026-08-16 at T-8h

wrote forecasts/coverage_audit.csv and forecasts/coverage_receipt.json
[audit] exit=0 
==== Sun 08/16/2026 17:30:05.81 ==== 
[gate] 2026-08-16T21:30:07.519336+00:00  fire=False  -- would duplicate 1 already-served obligation(s); the base job cannot be scoped to one game; 3 slate game(s) have no official game_id and were served under a provisional id: PHX v PDX (2026-08-16) -> PROV-2026-08-16-PDX@PHX, GSV v DAL (2026-08-17) -> PROV-2026-08-17-DAL@GSV, CON v LAS (2026-08-18) -> PROV-2026-08-18-LAS@CON
       PHX v PDX      T-90m   SERVED   cutoff 2026-08-16T21:30:00 (-0 min) 
       GSV v DAL      T-24h   unserved cutoff 2026-08-17T02:00:00 (+270 min) 
       CON v LAS      T-24h   unserved cutoff 2026-08-17T23:00:00 (+1530 min) 
[gate] HOLDING: firing now would append 1 permanent duplicate record(s) to an append-only chain. A missed obligation is recoverable; a duplicate is not.
[gate] skipping the base job
[base] skipped - no unserved obligation in its lead window 
[base] exit=0 
================================================================================================
PROSPECTIVE PAIR RUNNER  2026-08-16T21:30:09.758214+00:00  model=ridge_score_level_w2c1_v1 hash=5d295bb8b99cd34e
================================================================================================
base records in official chain: 73
  late_prevented #0 ATL v SEA @ T-8h                cutoff 2026-07-31T15:35:00+00:00 already passed at 2026-08-1
  late_prevented #1 WAS v DAL @ T-8h                cutoff 2026-07-31T15:35:00+00:00 already passed at 2026-08-1
  late_prevented #2 PDX v IND @ T-8h                cutoff 2026-07-31T18:06:00+00:00 already passed at 2026-08-1
  late_prevented #3 ATL v SEA @ T-30m               cutoff 2026-07-31T23:05:00+00:00 already passed at 2026-08-1
  late_prevented #4 WAS v DAL @ T-30m               cutoff 2026-07-31T23:05:00+00:00 already passed at 2026-08-1
  late_prevented #5 PDX v IND @ T-90m               cutoff 2026-08-01T00:36:00+00:00 already passed at 2026-08-1
  late_prevented #6 CHI v LVA @ T-90m               cutoff 2026-08-01T15:35:00+00:00 already passed at 2026-08-1
  late_prevented #7 PHX v NYL @ T-90m               cutoff 2026-08-01T17:34:00+00:00 already passed at 2026-08-1
  skip           #8 CHI v LVA @ unknown-tip         base record is an explicit no-forecast; nothing to pair
  skip           #9 PHX v NYL @ unknown-tip         base record is an explicit no-forecast; nothing to pair
  late_prevented #10 NYL v SEA @ T-8h               cutoff 2026-08-03T15:04:00+00:00 already passed at 2026-08-1
  late_prevented #11 ATL v LVA @ T-8h               cutoff 2026-08-03T15:14:00+00:00 already passed at 2026-08-1
  late_prevented #12 CHI v PHX @ T-8h               cutoff 2026-08-03T17:08:00+00:00 already passed at 2026-08-1
  already_logged #13 NYL v SEA @ T-90m              idempotent: pair exists
  already_logged #14 ATL v LVA @ T-90m              idempotent: pair exists
  already_logged #15 CHI v PHX @ T-90m              idempotent: pair exists
  already_logged #16 NYL v SEA @ T-90m              idempotent: pair exists
  already_logged #17 ATL v LVA @ T-90m              idempotent: pair exists
  already_logged #18 CHI v PHX @ T-90m              idempotent: pair exists
  late_prevented #19 NYL v SEA @ T-30m              cutoff 2026-08-03T22:34:00+00:00 already passed at 2026-08-1
  late_prevented #20 ATL v LVA @ T-30m              cutoff 2026-08-03T22:44:00+00:00 already passed at 2026-08-1
  already_logged #21 CHI v PHX @ T-90m              idempotent: pair exists
  already_logged #22 GSV v TOR @ T-8h               idempotent: pair exists
  already_logged #23 GSV v TOR @ T-90m              idempotent: pair exists
  already_logged #24 GSV v TOR @ T-30m              idempotent: pair exists
  already_logged #25 ATL v PHX @ T-8h               idempotent: pair exists
  already_logged #26 NYL v SEA @ T-8h               idempotent: pair exists
  already_logged #27 WAS v DAL @ T-8h               idempotent: pair exists
  already_logged #28 CHI v LAS @ T-8h               idempotent: pair exists
  already_logged #29 ATL v PHX @ T-90m              idempotent: pair exists
  already_logged #30 NYL v SEA @ T-90m              idempotent: pair exists
  already_logged #31 WAS v DAL @ T-90m              idempotent: pair exists
  already_logged #32 CHI v LAS @ T-90m              idempotent: pair exists
  late_prevented #33 ATL v PHX @ T-30m              cutoff 2026-08-05T22:33:00+00:00 already passed at 2026-08-1
  late_prevented #34 NYL v SEA @ T-30m              cutoff 2026-08-05T22:38:00+00:00 already passed at 2026-08-1
  already_logged #35 WAS v DAL @ T-30m              idempotent: pair exists
  already_logged #36 CHI v LAS @ T-90m              idempotent: pair exists
  already_logged #37 IND v LVA @ T-8h               idempotent: pair exists
  already_logged #38 MIN v LAS @ T-8h               idempotent: pair exists
  already_logged #39 PDX v TOR @ T-8h               idempotent: pair exists
  already_logged #40 IND v LVA @ T-90m              idempotent: pair exists
  already_logged #41 MIN v LAS @ T-90m              idempotent: pair exists
  already_logged #42 PDX v TOR @ T-90m              idempotent: pair exists
  late_prevented #43 IND v LVA @ T-30m              cutoff 2026-08-06T22:36:00+00:00 already passed at 2026-08-1
  already_logged #44 PDX v TOR @ T-30m              idempotent: pair exists
  already_logged #45 CON v PHX @ T-8h               idempotent: pair exists
  already_logged #46 WAS v ATL @ T-8h               idempotent: pair exists
  already_logged #47 DAL v GSV @ T-8h               idempotent: pair exists
  already_logged #48 CON v PHX @ T-90m              idempotent: pair exists
  already_logged #49 WAS v ATL @ T-90m              idempotent: pair exists
  already_logged #50 DAL v GSV @ T-90m              idempotent: pair exists
  already_logged #51 CON v PHX @ T-30m              idempotent: pair exists
  already_logged #52 WAS v ATL @ T-30m              idempotent: pair exists
  already_logged #53 DAL v GSV @ T-30m              idempotent: pair exists
  already_logged #54 MIN v LVA @ T-8h               idempotent: pair exists
  already_logged #55 CHI v IND @ T-8h               idempotent: pair exists
  already_logged #56 PDX v SEA @ T-8h               idempotent: pair exists
  already_logged #57 MIN v LVA @ T-90m              idempotent: pair exists
  late_prevented #58 CHI v IND @ T-8h               cutoff 2026-08-08T11:35:00+00:00 already passed at 2026-08-1
  already_logged #59 PDX v SEA @ T-8h               idempotent: pair exists
  already_logged #60 PDX v SEA @ T-90m              idempotent: pair exists
  skip           #61 CHI v IND @ unknown-tip        base record is an explicit no-forecast; nothing to pair
  skip           #62 MIN v LVA @ unknown-tip        base record is an explicit no-forecast; nothing to pair
  already_logged #63 PDX v SEA @ T-30m              idempotent: pair exists
  already_logged #64 WAS v LAS @ T-90m              idempotent: pair exists
  already_logged #65 LVA v MIN @ T-90m              idempotent: pair exists
  already_logged #66 WAS v LAS @ T-30m              idempotent: pair exists
  late_prevented #67 LVA v MIN @ T-90m              cutoff 2026-08-15T22:35:00+00:00 already passed at 2026-08-1
  skip           #68 CON v NYL @ unknown-tip        base record is an explicit no-forecast; nothing to pair
  late_prevented #69 LVA v MIN @ T-30m              cutoff 2026-08-15T23:35:00+00:00 already passed at 2026-08-1
  already_logged #70 ATL v IND @ T-90m              idempotent: pair exists
  already_logged #71 SEA v CHI @ T-90m              idempotent: pair exists
  already_logged #72 PHX v PDX @ T-90m              idempotent: pair exists

  already_logged=49, late_prevented=19, skip=5
  arm chain: ok=True n=44 tip=b34365d45a378bdd
  receipt appended to prospective_pair_runs.jsonl
[arm] exit=0 
====================================================================================================
FORECAST COVERAGE AUDIT   generated 2026-08-16T21:30:12.318795+00:00
====================================================================================================

CUMULATIVE by classification
  missing_job_did_not_run      70
  forecast_logged              52
  before_period_start          15
  missing_data_unavailable     9
  not_yet_due                  9
  late_record                  5

  obligations 160 | due 136 | served 52 | coverage 38.2%
  operational misses 70 | unexplained 0
  PROMOTION-GRADE: NO   (needs >= 95% served, <= 0 operational misses, all explained)

DAILY
  date         oblig  served     due     excl    opmiss arm_recs
  2026-07-30      12       0       0       12         0        0
  2026-07-31      12       6       9        3         0        0
  2026-08-01       8       2       8        0         6        0
  2026-08-02      16       0      16        0        16        0
  2026-08-03      12       6      12        0         3        3
  2026-08-04       4       3       4        0         1        3
  2026-08-05      16       9      16        0         4        9
  2026-08-06      12       7      12        0         3        7
  2026-08-07      12       9      12        0         3        9
  2026-08-08      12       6      12        0         3        4
  2026-08-09      16       0      16        0        16        0
  2026-08-15       8       4       8        0         4        1
  2026-08-16      12       0      11        1        11        0
  2026-08-17       4       0       0        4         0        0
  2026-08-18       4       0       0        4         0        0

EVERY MISSING OR IRREGULAR OBLIGATION (each must carry an explanation)
  2026-07-31 ATL v SEA T-90m   missing_data_unavailable   job served 1 other game(s) on 2026-07-31 at T-90m
  2026-07-31 WAS v DAL T-90m   missing_data_unavailable   job served 1 other game(s) on 2026-07-31 at T-90m
  2026-07-31 PDX v IND T-30m   missing_data_unavailable   job served 2 other game(s) on 2026-07-31 at T-30m
  2026-08-01 CHI v LVA T-24h   missing_job_did_not_run    no base record for ANY game on 2026-08-01 at T-24h
  2026-08-01 CHI v LVA T-8h    missing_job_did_not_run    no base record for ANY game on 2026-08-01 at T-8h
  2026-08-01 CHI v LVA T-30m   missing_job_did_not_run    no base record for ANY game on 2026-08-01 at T-30m
  2026-08-01 PHX v NYL T-24h   missing_job_did_not_run    no base record for ANY game on 2026-08-01 at T-24h
  2026-08-01 PHX v NYL T-8h    missing_job_did_not_run    no base record for ANY game on 2026-08-01 at T-8h
  2026-08-01 PHX v NYL T-30m   missing_job_did_not_run    no base record for ANY game on 2026-08-01 at T-30m
  2026-08-02 DAL v CON T-24h   missing_job_did_not_run    no base record for ANY game on 2026-08-02 at T-24h
  2026-08-02 DAL v CON T-8h    missing_job_did_not_run    no base record for ANY game on 2026-08-02 at T-8h
  2026-08-02 DAL v CON T-90m   missing_job_did_not_run    no base record for ANY game on 2026-08-02 at T-90m
  2026-08-02 DAL v CON T-30m   missing_job_did_not_run    no base record for ANY game on 2026-08-02 at T-30m
  2026-08-02 GSV v TOR T-24h   missing_job_did_not_run    no base record for ANY game on 2026-08-02 at T-24h
  2026-08-02 GSV v TOR T-8h    missing_job_did_not_run    no base record for ANY game on 2026-08-02 at T-8h
  2026-08-02 GSV v TOR T-90m   missing_job_did_not_run    no base record for ANY game on 2026-08-02 at T-90m
  2026-08-02 GSV v TOR T-30m   missing_job_did_not_run    no base record for ANY game on 2026-08-02 at T-30m
  2026-08-02 MIN v IND T-24h   missing_job_did_not_run    no base record for ANY game on 2026-08-02 at T-24h
  2026-08-02 MIN v IND T-8h    missing_job_did_not_run    no base record for ANY game on 2026-08-02 at T-8h
  2026-08-02 MIN v IND T-90m   missing_job_did_not_run    no base record for ANY game on 2026-08-02 at T-90m
  2026-08-02 MIN v IND T-30m   missing_job_did_not_run    no base record for ANY game on 2026-08-02 at T-30m
  2026-08-02 PDX v LAS T-24h   missing_job_did_not_run    no base record for ANY game on 2026-08-02 at T-24h
  2026-08-02 PDX v LAS T-8h    missing_job_did_not_run    no base record for ANY game on 2026-08-02 at T-8h
  2026-08-02 PDX v LAS T-90m   missing_job_did_not_run    no base record for ANY game on 2026-08-02 at T-90m
  2026-08-02 PDX v LAS T-30m   missing_job_did_not_run    no base record for ANY game on 2026-08-02 at T-30m
  2026-08-03 NYL v SEA T-24h   missing_job_did_not_run    no base record for ANY game on 2026-08-03 at T-24h
  2026-08-03 NYL v SEA T-30m   late_record                created 2026-08-03T22:45:08.958486+00:00 after cutoff
  2026-08-03 ATL v LVA T-24h   missing_job_did_not_run    no base record for ANY game on 2026-08-03 at T-24h
  2026-08-03 ATL v LVA T-30m   late_record                created 2026-08-03T22:45:08.976775+00:00 after cutoff
  2026-08-03 CHI v PHX T-24h   missing_job_did_not_run    no base record for ANY game on 2026-08-03 at T-24h
  2026-08-03 CHI v PHX T-30m   missing_data_unavailable   job served 2 other game(s) on 2026-08-03 at T-30m
  2026-08-04 GSV v TOR T-24h   missing_job_did_not_run    no base record for ANY game on 2026-08-04 at T-24h
  2026-08-05 WAS v DAL T-24h   missing_job_did_not_run    no base record for ANY game on 2026-08-05 at T-24h
  2026-08-05 NYL v SEA T-24h   missing_job_did_not_run    no base record for ANY game on 2026-08-05 at T-24h
  2026-08-05 NYL v SEA T-30m   late_record                created 2026-08-05T22:45:07.299457+00:00 after cutoff
  2026-08-05 ATL v PHX T-24h   missing_job_did_not_run    no base record for ANY game on 2026-08-05 at T-24h
  2026-08-05 ATL v PHX T-30m   late_record                created 2026-08-05T22:45:07.274521+00:00 after cutoff
  2026-08-05 CHI v LAS T-24h   missing_job_did_not_run    no base record for ANY game on 2026-08-05 at T-24h
  2026-08-05 CHI v LAS T-30m   missing_data_unavailable   job served 3 other game(s) on 2026-08-05 at T-30m
  2026-08-06 IND v LVA T-24h   missing_job_did_not_run    no base record for ANY game on 2026-08-06 at T-24h
  2026-08-06 IND v LVA T-30m   late_record                created 2026-08-06T22:45:09.382682+00:00 after cutoff
  2026-08-06 PDX v TOR T-24h   missing_job_did_not_run    no base record for ANY game on 2026-08-06 at T-24h
  2026-08-06 MIN v LAS T-24h   missing_job_did_not_run    no base record for ANY game on 2026-08-06 at T-24h
  2026-08-06 MIN v LAS T-30m   missing_data_unavailable   job served 2 other game(s) on 2026-08-06 at T-30m
  2026-08-07 WAS v ATL T-24h   missing_job_did_not_run    no base record for ANY game on 2026-08-07 at T-24h
  2026-08-07 CON v PHX T-24h   missing_job_did_not_run    no base record for ANY game on 2026-08-07 at T-24h
  2026-08-07 DAL v GSV T-24h   missing_job_did_not_run    no base record for ANY game on 2026-08-07 at T-24h
  2026-08-08 CHI v IND T-24h   missing_job_did_not_run    no base record for ANY game on 2026-08-08 at T-24h
  2026-08-08 CHI v IND T-90m   missing_data_unavailable   job served 2 other game(s) on 2026-08-08 at T-90m
  2026-08-08 CHI v IND T-30m   missing_data_unavailable   job served 1 other game(s) on 2026-08-08 at T-30m
  2026-08-08 MIN v LVA T-24h   missing_job_did_not_run    no base record for ANY game on 2026-08-08 at T-24h
  2026-08-08 MIN v LVA T-30m   missing_data_unavailable   job served 1 other game(s) on 2026-08-08 at T-30m
  2026-08-08 PDX v SEA T-24h   missing_job_did_not_run    no base record for ANY game on 2026-08-08 at T-24h
  2026-08-09 WAS v PHX T-24h   missing_job_did_not_run    no base record for ANY game on 2026-08-09 at T-24h
  2026-08-09 WAS v PHX T-8h    missing_job_did_not_run    no base record for ANY game on 2026-08-09 at T-8h
  2026-08-09 WAS v PHX T-90m   missing_job_did_not_run    no base record for ANY game on 2026-08-09 at T-90m
  2026-08-09 WAS v PHX T-30m   missing_job_did_not_run    no base record for ANY game on 2026-08-09 at T-30m
  2026-08-09 LAS v GSV T-24h   missing_job_did_not_run    no base record for ANY game on 2026-08-09 at T-24h
  2026-08-09 LAS v GSV T-8h    missing_job_did_not_run    no base record for ANY game on 2026-08-09 at T-8h
  2026-08-09 LAS v GSV T-90m   missing_job_did_not_run    no base record for ANY game on 2026-08-09 at T-90m
  2026-08-09 LAS v GSV T-30m   missing_job_did_not_run    no base record for ANY game on 2026-08-09 at T-30m
  2026-08-09 NYL v LVA T-24h   missing_job_did_not_run    no base record for ANY game on 2026-08-09 at T-24h
  2026-08-09 NYL v LVA T-8h    missing_job_did_not_run    no base record for ANY game on 2026-08-09 at T-8h
  2026-08-09 NYL v LVA T-90m   missing_job_did_not_run    no base record for ANY game on 2026-08-09 at T-90m
  2026-08-09 NYL v LVA T-30m   missing_job_did_not_run    no base record for ANY game on 2026-08-09 at T-30m
  2026-08-09 MIN v DAL T-24h   missing_job_did_not_run    no base record for ANY game on 2026-08-09 at T-24h
  2026-08-09 MIN v DAL T-8h    missing_job_did_not_run    no base record for ANY game on 2026-08-09 at T-8h
  2026-08-09 MIN v DAL T-90m   missing_job_did_not_run    no base record for ANY game on 2026-08-09 at T-90m
  2026-08-09 MIN v DAL T-30m   missing_job_did_not_run    no base record for ANY game on 2026-08-09 at T-30m
  2026-08-15 WAS v LAS T-24h   missing_job_did_not_run    no base record for ANY game on 2026-08-15 at T-24h
  2026-08-15 WAS v LAS T-8h    missing_job_did_not_run    no base record for ANY game on 2026-08-15 at T-8h
  2026-08-15 LVA v MIN T-24h   missing_job_did_not_run    no base record for ANY game on 2026-08-15 at T-24h
  2026-08-15 LVA v MIN T-8h    missing_job_did_not_run    no base record for ANY game on 2026-08-15 at T-8h
  2026-08-16 ATL v IND T-24h   missing_job_did_not_run    no base record for ANY game on 2026-08-16 at T-24h
  2026-08-16 ATL v IND T-8h    missing_job_did_not_run    no base record for ANY game on 2026-08-16 at T-8h
  2026-08-16 ATL v IND T-90m   missing_job_did_not_run    no base record for ANY game on 2026-08-16 at T-90m
  2026-08-16 ATL v IND T-30m   missing_job_did_not_run    no base record for ANY game on 2026-08-16 at T-30m
  2026-08-16 SEA v CHI T-24h   missing_job_did_not_run    no base record for ANY game on 2026-08-16 at T-24h
  2026-08-16 SEA v CHI T-8h    missing_job_did_not_run    no base record for ANY game on 2026-08-16 at T-8h
  2026-08-16 SEA v CHI T-90m   missing_job_did_not_run    no base record for ANY game on 2026-08-16 at T-90m
  2026-08-16 SEA v CHI T-30m   missing_job_did_not_run    no base record for ANY game on 2026-08-16 at T-30m
  2026-08-16 PHX v PDX T-24h   missing_job_did_not_run    no base record for ANY game on 2026-08-16 at T-24h
  2026-08-16 PHX v PDX T-8h    missing_job_did_not_run    no base record for ANY game on 2026-08-16 at T-8h
  2026-08-16 PHX v PDX T-90m   missing_job_did_not_run    no base record for ANY game on 2026-08-16 at T-90m

wrote forecasts/coverage_audit.csv and forecasts/coverage_receipt.json
[audit] exit=0 
==== Sun 08/16/2026 17:45:03.40 ==== 
[gate] 2026-08-16T21:45:04.891454+00:00  fire=False  -- would duplicate 1 already-served obligation(s); the base job cannot be scoped to one game; 3 slate game(s) have no official game_id and were served under a provisional id: PHX v PDX (2026-08-16) -> PROV-2026-08-16-PDX@PHX, GSV v DAL (2026-08-17) -> PROV-2026-08-17-DAL@GSV, CON v LAS (2026-08-18) -> PROV-2026-08-18-LAS@CON
       PHX v PDX      T-90m   SERVED   cutoff 2026-08-16T21:30:00 (-15 min) 
       GSV v DAL      T-24h   unserved cutoff 2026-08-17T02:00:00 (+255 min) 
       CON v LAS      T-24h   unserved cutoff 2026-08-17T23:00:00 (+1515 min) 
[gate] HOLDING: firing now would append 1 permanent duplicate record(s) to an append-only chain. A missed obligation is recoverable; a duplicate is not.
[gate] skipping the base job
[base] skipped - no unserved obligation in its lead window 
[base] exit=0 
================================================================================================
PROSPECTIVE PAIR RUNNER  2026-08-16T21:45:06.277811+00:00  model=ridge_score_level_w2c1_v1 hash=5d295bb8b99cd34e
================================================================================================
base records in official chain: 73
  late_prevented #0 ATL v SEA @ T-8h                cutoff 2026-07-31T15:35:00+00:00 already passed at 2026-08-1
  late_prevented #1 WAS v DAL @ T-8h                cutoff 2026-07-31T15:35:00+00:00 already passed at 2026-08-1
  late_prevented #2 PDX v IND @ T-8h                cutoff 2026-07-31T18:06:00+00:00 already passed at 2026-08-1
  late_prevented #3 ATL v SEA @ T-30m               cutoff 2026-07-31T23:05:00+00:00 already passed at 2026-08-1
  late_prevented #4 WAS v DAL @ T-30m               cutoff 2026-07-31T23:05:00+00:00 already passed at 2026-08-1
  late_prevented #5 PDX v IND @ T-90m               cutoff 2026-08-01T00:36:00+00:00 already passed at 2026-08-1
  late_prevented #6 CHI v LVA @ T-90m               cutoff 2026-08-01T15:35:00+00:00 already passed at 2026-08-1
  late_prevented #7 PHX v NYL @ T-90m               cutoff 2026-08-01T17:34:00+00:00 already passed at 2026-08-1
  skip           #8 CHI v LVA @ unknown-tip         base record is an explicit no-forecast; nothing to pair
  skip           #9 PHX v NYL @ unknown-tip         base record is an explicit no-forecast; nothing to pair
  late_prevented #10 NYL v SEA @ T-8h               cutoff 2026-08-03T15:04:00+00:00 already passed at 2026-08-1
  late_prevented #11 ATL v LVA @ T-8h               cutoff 2026-08-03T15:14:00+00:00 already passed at 2026-08-1
  late_prevented #12 CHI v PHX @ T-8h               cutoff 2026-08-03T17:08:00+00:00 already passed at 2026-08-1
  already_logged #13 NYL v SEA @ T-90m              idempotent: pair exists
  already_logged #14 ATL v LVA @ T-90m              idempotent: pair exists
  already_logged #15 CHI v PHX @ T-90m              idempotent: pair exists
  already_logged #16 NYL v SEA @ T-90m              idempotent: pair exists
  already_logged #17 ATL v LVA @ T-90m              idempotent: pair exists
  already_logged #18 CHI v PHX @ T-90m              idempotent: pair exists
  late_prevented #19 NYL v SEA @ T-30m              cutoff 2026-08-03T22:34:00+00:00 already passed at 2026-08-1
  late_prevented #20 ATL v LVA @ T-30m              cutoff 2026-08-03T22:44:00+00:00 already passed at 2026-08-1
  already_logged #21 CHI v PHX @ T-90m              idempotent: pair exists
  already_logged #22 GSV v TOR @ T-8h               idempotent: pair exists
  already_logged #23 GSV v TOR @ T-90m              idempotent: pair exists
  already_logged #24 GSV v TOR @ T-30m              idempotent: pair exists
  already_logged #25 ATL v PHX @ T-8h               idempotent: pair exists
  already_logged #26 NYL v SEA @ T-8h               idempotent: pair exists
  already_logged #27 WAS v DAL @ T-8h               idempotent: pair exists
  already_logged #28 CHI v LAS @ T-8h               idempotent: pair exists
  already_logged #29 ATL v PHX @ T-90m              idempotent: pair exists
  already_logged #30 NYL v SEA @ T-90m              idempotent: pair exists
  already_logged #31 WAS v DAL @ T-90m              idempotent: pair exists
  already_logged #32 CHI v LAS @ T-90m              idempotent: pair exists
  late_prevented #33 ATL v PHX @ T-30m              cutoff 2026-08-05T22:33:00+00:00 already passed at 2026-08-1
  late_prevented #34 NYL v SEA @ T-30m              cutoff 2026-08-05T22:38:00+00:00 already passed at 2026-08-1
  already_logged #35 WAS v DAL @ T-30m              idempotent: pair exists
  already_logged #36 CHI v LAS @ T-90m              idempotent: pair exists
  already_logged #37 IND v LVA @ T-8h               idempotent: pair exists
  already_logged #38 MIN v LAS @ T-8h               idempotent: pair exists
  already_logged #39 PDX v TOR @ T-8h               idempotent: pair exists
  already_logged #40 IND v LVA @ T-90m              idempotent: pair exists
  already_logged #41 MIN v LAS @ T-90m              idempotent: pair exists
  already_logged #42 PDX v TOR @ T-90m              idempotent: pair exists
  late_prevented #43 IND v LVA @ T-30m              cutoff 2026-08-06T22:36:00+00:00 already passed at 2026-08-1
  already_logged #44 PDX v TOR @ T-30m              idempotent: pair exists
  already_logged #45 CON v PHX @ T-8h               idempotent: pair exists
  already_logged #46 WAS v ATL @ T-8h               idempotent: pair exists
  already_logged #47 DAL v GSV @ T-8h               idempotent: pair exists
  already_logged #48 CON v PHX @ T-90m              idempotent: pair exists
  already_logged #49 WAS v ATL @ T-90m              idempotent: pair exists
  already_logged #50 DAL v GSV @ T-90m              idempotent: pair exists
  already_logged #51 CON v PHX @ T-30m              idempotent: pair exists
  already_logged #52 WAS v ATL @ T-30m              idempotent: pair exists
  already_logged #53 DAL v GSV @ T-30m              idempotent: pair exists
  already_logged #54 MIN v LVA @ T-8h               idempotent: pair exists
  already_logged #55 CHI v IND @ T-8h               idempotent: pair exists
  already_logged #56 PDX v SEA @ T-8h               idempotent: pair exists
  already_logged #57 MIN v LVA @ T-90m              idempotent: pair exists
  late_prevented #58 CHI v IND @ T-8h               cutoff 2026-08-08T11:35:00+00:00 already passed at 2026-08-1
  already_logged #59 PDX v SEA @ T-8h               idempotent: pair exists
  already_logged #60 PDX v SEA @ T-90m              idempotent: pair exists
  skip           #61 CHI v IND @ unknown-tip        base record is an explicit no-forecast; nothing to pair
  skip           #62 MIN v LVA @ unknown-tip        base record is an explicit no-forecast; nothing to pair
  already_logged #63 PDX v SEA @ T-30m              idempotent: pair exists
  already_logged #64 WAS v LAS @ T-90m              idempotent: pair exists
  already_logged #65 LVA v MIN @ T-90m              idempotent: pair exists
  already_logged #66 WAS v LAS @ T-30m              idempotent: pair exists
  late_prevented #67 LVA v MIN @ T-90m              cutoff 2026-08-15T22:35:00+00:00 already passed at 2026-08-1
  skip           #68 CON v NYL @ unknown-tip        base record is an explicit no-forecast; nothing to pair
  late_prevented #69 LVA v MIN @ T-30m              cutoff 2026-08-15T23:35:00+00:00 already passed at 2026-08-1
  already_logged #70 ATL v IND @ T-90m              idempotent: pair exists
  already_logged #71 SEA v CHI @ T-90m              idempotent: pair exists
  already_logged #72 PHX v PDX @ T-90m              idempotent: pair exists

  already_logged=49, late_prevented=19, skip=5
  arm chain: ok=True n=44 tip=b34365d45a378bdd
  receipt appended to prospective_pair_runs.jsonl
[arm] exit=0 
====================================================================================================
FORECAST COVERAGE AUDIT   generated 2026-08-16T21:45:07.578197+00:00
====================================================================================================

CUMULATIVE by classification
  missing_job_did_not_run      70
  forecast_logged              52
  before_period_start          15
  missing_data_unavailable     9
  not_yet_due                  9
  late_record                  5

  obligations 160 | due 136 | served 52 | coverage 38.2%
  operational misses 70 | unexplained 0
  PROMOTION-GRADE: NO   (needs >= 95% served, <= 0 operational misses, all explained)

DAILY
  date         oblig  served     due     excl    opmiss arm_recs
  2026-07-30      12       0       0       12         0        0
  2026-07-31      12       6       9        3         0        0
  2026-08-01       8       2       8        0         6        0
  2026-08-02      16       0      16        0        16        0
  2026-08-03      12       6      12        0         3        3
  2026-08-04       4       3       4        0         1        3
  2026-08-05      16       9      16        0         4        9
  2026-08-06      12       7      12        0         3        7
  2026-08-07      12       9      12        0         3        9
  2026-08-08      12       6      12        0         3        4
  2026-08-09      16       0      16        0        16        0
  2026-08-15       8       4       8        0         4        1
  2026-08-16      12       0      11        1        11        0
  2026-08-17       4       0       0        4         0        0
  2026-08-18       4       0       0        4         0        0

EVERY MISSING OR IRREGULAR OBLIGATION (each must carry an explanation)
  2026-07-31 ATL v SEA T-90m   missing_data_unavailable   job served 1 other game(s) on 2026-07-31 at T-90m
  2026-07-31 WAS v DAL T-90m   missing_data_unavailable   job served 1 other game(s) on 2026-07-31 at T-90m
  2026-07-31 PDX v IND T-30m   missing_data_unavailable   job served 2 other game(s) on 2026-07-31 at T-30m
  2026-08-01 CHI v LVA T-24h   missing_job_did_not_run    no base record for ANY game on 2026-08-01 at T-24h
  2026-08-01 CHI v LVA T-8h    missing_job_did_not_run    no base record for ANY game on 2026-08-01 at T-8h
  2026-08-01 CHI v LVA T-30m   missing_job_did_not_run    no base record for ANY game on 2026-08-01 at T-30m
  2026-08-01 PHX v NYL T-24h   missing_job_did_not_run    no base record for ANY game on 2026-08-01 at T-24h
  2026-08-01 PHX v NYL T-8h    missing_job_did_not_run    no base record for ANY game on 2026-08-01 at T-8h
  2026-08-01 PHX v NYL T-30m   missing_job_did_not_run    no base record for ANY game on 2026-08-01 at T-30m
  2026-08-02 DAL v CON T-24h   missing_job_did_not_run    no base record for ANY game on 2026-08-02 at T-24h
  2026-08-02 DAL v CON T-8h    missing_job_did_not_run    no base record for ANY game on 2026-08-02 at T-8h
  2026-08-02 DAL v CON T-90m   missing_job_did_not_run    no base record for ANY game on 2026-08-02 at T-90m
  2026-08-02 DAL v CON T-30m   missing_job_did_not_run    no base record for ANY game on 2026-08-02 at T-30m
  2026-08-02 GSV v TOR T-24h   missing_job_did_not_run    no base record for ANY game on 2026-08-02 at T-24h
  2026-08-02 GSV v TOR T-8h    missing_job_did_not_run    no base record for ANY game on 2026-08-02 at T-8h
  2026-08-02 GSV v TOR T-90m   missing_job_did_not_run    no base record for ANY game on 2026-08-02 at T-90m
  2026-08-02 GSV v TOR T-30m   missing_job_did_not_run    no base record for ANY game on 2026-08-02 at T-30m
  2026-08-02 MIN v IND T-24h   missing_job_did_not_run    no base record for ANY game on 2026-08-02 at T-24h
  2026-08-02 MIN v IND T-8h    missing_job_did_not_run    no base record for ANY game on 2026-08-02 at T-8h
  2026-08-02 MIN v IND T-90m   missing_job_did_not_run    no base record for ANY game on 2026-08-02 at T-90m
  2026-08-02 MIN v IND T-30m   missing_job_did_not_run    no base record for ANY game on 2026-08-02 at T-30m
  2026-08-02 PDX v LAS T-24h   missing_job_did_not_run    no base record for ANY game on 2026-08-02 at T-24h
  2026-08-02 PDX v LAS T-8h    missing_job_did_not_run    no base record for ANY game on 2026-08-02 at T-8h
  2026-08-02 PDX v LAS T-90m   missing_job_did_not_run    no base record for ANY game on 2026-08-02 at T-90m
  2026-08-02 PDX v LAS T-30m   missing_job_did_not_run    no base record for ANY game on 2026-08-02 at T-30m
  2026-08-03 NYL v SEA T-24h   missing_job_did_not_run    no base record for ANY game on 2026-08-03 at T-24h
  2026-08-03 NYL v SEA T-30m   late_record                created 2026-08-03T22:45:08.958486+00:00 after cutoff
  2026-08-03 ATL v LVA T-24h   missing_job_did_not_run    no base record for ANY game on 2026-08-03 at T-24h
  2026-08-03 ATL v LVA T-30m   late_record                created 2026-08-03T22:45:08.976775+00:00 after cutoff
  2026-08-03 CHI v PHX T-24h   missing_job_did_not_run    no base record for ANY game on 2026-08-03 at T-24h
  2026-08-03 CHI v PHX T-30m   missing_data_unavailable   job served 2 other game(s) on 2026-08-03 at T-30m
  2026-08-04 GSV v TOR T-24h   missing_job_did_not_run    no base record for ANY game on 2026-08-04 at T-24h
  2026-08-05 WAS v DAL T-24h   missing_job_did_not_run    no base record for ANY game on 2026-08-05 at T-24h
  2026-08-05 NYL v SEA T-24h   missing_job_did_not_run    no base record for ANY game on 2026-08-05 at T-24h
  2026-08-05 NYL v SEA T-30m   late_record                created 2026-08-05T22:45:07.299457+00:00 after cutoff
  2026-08-05 ATL v PHX T-24h   missing_job_did_not_run    no base record for ANY game on 2026-08-05 at T-24h
  2026-08-05 ATL v PHX T-30m   late_record                created 2026-08-05T22:45:07.274521+00:00 after cutoff
  2026-08-05 CHI v LAS T-24h   missing_job_did_not_run    no base record for ANY game on 2026-08-05 at T-24h
  2026-08-05 CHI v LAS T-30m   missing_data_unavailable   job served 3 other game(s) on 2026-08-05 at T-30m
  2026-08-06 IND v LVA T-24h   missing_job_did_not_run    no base record for ANY game on 2026-08-06 at T-24h
  2026-08-06 IND v LVA T-30m   late_record                created 2026-08-06T22:45:09.382682+00:00 after cutoff
  2026-08-06 PDX v TOR T-24h   missing_job_did_not_run    no base record for ANY game on 2026-08-06 at T-24h
  2026-08-06 MIN v LAS T-24h   missing_job_did_not_run    no base record for ANY game on 2026-08-06 at T-24h
  2026-08-06 MIN v LAS T-30m   missing_data_unavailable   job served 2 other game(s) on 2026-08-06 at T-30m
  2026-08-07 WAS v ATL T-24h   missing_job_did_not_run    no base record for ANY game on 2026-08-07 at T-24h
  2026-08-07 CON v PHX T-24h   missing_job_did_not_run    no base record for ANY game on 2026-08-07 at T-24h
  2026-08-07 DAL v GSV T-24h   missing_job_did_not_run    no base record for ANY game on 2026-08-07 at T-24h
  2026-08-08 CHI v IND T-24h   missing_job_did_not_run    no base record for ANY game on 2026-08-08 at T-24h
  2026-08-08 CHI v IND T-90m   missing_data_unavailable   job served 2 other game(s) on 2026-08-08 at T-90m
  2026-08-08 CHI v IND T-30m   missing_data_unavailable   job served 1 other game(s) on 2026-08-08 at T-30m
  2026-08-08 MIN v LVA T-24h   missing_job_did_not_run    no base record for ANY game on 2026-08-08 at T-24h
  2026-08-08 MIN v LVA T-30m   missing_data_unavailable   job served 1 other game(s) on 2026-08-08 at T-30m
  2026-08-08 PDX v SEA T-24h   missing_job_did_not_run    no base record for ANY game on 2026-08-08 at T-24h
  2026-08-09 WAS v PHX T-24h   missing_job_did_not_run    no base record for ANY game on 2026-08-09 at T-24h
  2026-08-09 WAS v PHX T-8h    missing_job_did_not_run    no base record for ANY game on 2026-08-09 at T-8h
  2026-08-09 WAS v PHX T-90m   missing_job_did_not_run    no base record for ANY game on 2026-08-09 at T-90m
  2026-08-09 WAS v PHX T-30m   missing_job_did_not_run    no base record for ANY game on 2026-08-09 at T-30m
  2026-08-09 LAS v GSV T-24h   missing_job_did_not_run    no base record for ANY game on 2026-08-09 at T-24h
  2026-08-09 LAS v GSV T-8h    missing_job_did_not_run    no base record for ANY game on 2026-08-09 at T-8h
  2026-08-09 LAS v GSV T-90m   missing_job_did_not_run    no base record for ANY game on 2026-08-09 at T-90m
  2026-08-09 LAS v GSV T-30m   missing_job_did_not_run    no base record for ANY game on 2026-08-09 at T-30m
  2026-08-09 NYL v LVA T-24h   missing_job_did_not_run    no base record for ANY game on 2026-08-09 at T-24h
  2026-08-09 NYL v LVA T-8h    missing_job_did_not_run    no base record for ANY game on 2026-08-09 at T-8h
  2026-08-09 NYL v LVA T-90m   missing_job_did_not_run    no base record for ANY game on 2026-08-09 at T-90m
  2026-08-09 NYL v LVA T-30m   missing_job_did_not_run    no base record for ANY game on 2026-08-09 at T-30m
  2026-08-09 MIN v DAL T-24h   missing_job_did_not_run    no base record for ANY game on 2026-08-09 at T-24h
  2026-08-09 MIN v DAL T-8h    missing_job_did_not_run    no base record for ANY game on 2026-08-09 at T-8h
  2026-08-09 MIN v DAL T-90m   missing_job_did_not_run    no base record for ANY game on 2026-08-09 at T-90m
  2026-08-09 MIN v DAL T-30m   missing_job_did_not_run    no base record for ANY game on 2026-08-09 at T-30m
  2026-08-15 WAS v LAS T-24h   missing_job_did_not_run    no base record for ANY game on 2026-08-15 at T-24h
  2026-08-15 WAS v LAS T-8h    missing_job_did_not_run    no base record for ANY game on 2026-08-15 at T-8h
  2026-08-15 LVA v MIN T-24h   missing_job_did_not_run    no base record for ANY game on 2026-08-15 at T-24h
  2026-08-15 LVA v MIN T-8h    missing_job_did_not_run    no base record for ANY game on 2026-08-15 at T-8h
  2026-08-16 ATL v IND T-24h   missing_job_did_not_run    no base record for ANY game on 2026-08-16 at T-24h
  2026-08-16 ATL v IND T-8h    missing_job_did_not_run    no base record for ANY game on 2026-08-16 at T-8h
  2026-08-16 ATL v IND T-90m   missing_job_did_not_run    no base record for ANY game on 2026-08-16 at T-90m
  2026-08-16 ATL v IND T-30m   missing_job_did_not_run    no base record for ANY game on 2026-08-16 at T-30m
  2026-08-16 SEA v CHI T-24h   missing_job_did_not_run    no base record for ANY game on 2026-08-16 at T-24h
  2026-08-16 SEA v CHI T-8h    missing_job_did_not_run    no base record for ANY game on 2026-08-16 at T-8h
  2026-08-16 SEA v CHI T-90m   missing_job_did_not_run    no base record for ANY game on 2026-08-16 at T-90m
  2026-08-16 SEA v CHI T-30m   missing_job_did_not_run    no base record for ANY game on 2026-08-16 at T-30m
  2026-08-16 PHX v PDX T-24h   missing_job_did_not_run    no base record for ANY game on 2026-08-16 at T-24h
  2026-08-16 PHX v PDX T-8h    missing_job_did_not_run    no base record for ANY game on 2026-08-16 at T-8h
  2026-08-16 PHX v PDX T-90m   missing_job_did_not_run    no base record for ANY game on 2026-08-16 at T-90m

wrote forecasts/coverage_audit.csv and forecasts/coverage_receipt.json
[audit] exit=0 
==== Sun 08/16/2026 18:00:02.89 ==== 
[gate] 2026-08-16T22:00:03.760468+00:00  fire=False  -- no unserved obligation inside its 20-minute lead window (3 upcoming game(s) examined); 3 slate game(s) have no official game_id and were served under a provisional id: PHX v PDX (2026-08-16) -> PROV-2026-08-16-PDX@PHX, GSV v DAL (2026-08-17) -> PROV-2026-08-17-DAL@GSV, CON v LAS (2026-08-18) -> PROV-2026-08-18-LAS@CON
       PHX v PDX      T-30m   unserved cutoff 2026-08-16T22:30:00 (+30 min) 
       GSV v DAL      T-24h   unserved cutoff 2026-08-17T02:00:00 (+240 min) 
       CON v LAS      T-24h   unserved cutoff 2026-08-17T23:00:00 (+1500 min) 
[gate] skipping the base job
[base] skipped - no unserved obligation in its lead window 
[base] exit=0 
================================================================================================
PROSPECTIVE PAIR RUNNER  2026-08-16T22:00:04.820874+00:00  model=ridge_score_level_w2c1_v1 hash=5d295bb8b99cd34e
================================================================================================
base records in official chain: 73
  late_prevented #0 ATL v SEA @ T-8h                cutoff 2026-07-31T15:35:00+00:00 already passed at 2026-08-1
  late_prevented #1 WAS v DAL @ T-8h                cutoff 2026-07-31T15:35:00+00:00 already passed at 2026-08-1
  late_prevented #2 PDX v IND @ T-8h                cutoff 2026-07-31T18:06:00+00:00 already passed at 2026-08-1
  late_prevented #3 ATL v SEA @ T-30m               cutoff 2026-07-31T23:05:00+00:00 already passed at 2026-08-1
  late_prevented #4 WAS v DAL @ T-30m               cutoff 2026-07-31T23:05:00+00:00 already passed at 2026-08-1
  late_prevented #5 PDX v IND @ T-90m               cutoff 2026-08-01T00:36:00+00:00 already passed at 2026-08-1
  late_prevented #6 CHI v LVA @ T-90m               cutoff 2026-08-01T15:35:00+00:00 already passed at 2026-08-1
  late_prevented #7 PHX v NYL @ T-90m               cutoff 2026-08-01T17:34:00+00:00 already passed at 2026-08-1
  skip           #8 CHI v LVA @ unknown-tip         base record is an explicit no-forecast; nothing to pair
  skip           #9 PHX v NYL @ unknown-tip         base record is an explicit no-forecast; nothing to pair
  late_prevented #10 NYL v SEA @ T-8h               cutoff 2026-08-03T15:04:00+00:00 already passed at 2026-08-1
  late_prevented #11 ATL v LVA @ T-8h               cutoff 2026-08-03T15:14:00+00:00 already passed at 2026-08-1
  late_prevented #12 CHI v PHX @ T-8h               cutoff 2026-08-03T17:08:00+00:00 already passed at 2026-08-1
  already_logged #13 NYL v SEA @ T-90m              idempotent: pair exists
  already_logged #14 ATL v LVA @ T-90m              idempotent: pair exists
  already_logged #15 CHI v PHX @ T-90m              idempotent: pair exists
  already_logged #16 NYL v SEA @ T-90m              idempotent: pair exists
  already_logged #17 ATL v LVA @ T-90m              idempotent: pair exists
  already_logged #18 CHI v PHX @ T-90m              idempotent: pair exists
  late_prevented #19 NYL v SEA @ T-30m              cutoff 2026-08-03T22:34:00+00:00 already passed at 2026-08-1
  late_prevented #20 ATL v LVA @ T-30m              cutoff 2026-08-03T22:44:00+00:00 already passed at 2026-08-1
  already_logged #21 CHI v PHX @ T-90m              idempotent: pair exists
  already_logged #22 GSV v TOR @ T-8h               idempotent: pair exists
  already_logged #23 GSV v TOR @ T-90m              idempotent: pair exists
  already_logged #24 GSV v TOR @ T-30m              idempotent: pair exists
  already_logged #25 ATL v PHX @ T-8h               idempotent: pair exists
  already_logged #26 NYL v SEA @ T-8h               idempotent: pair exists
  already_logged #27 WAS v DAL @ T-8h               idempotent: pair exists
  already_logged #28 CHI v LAS @ T-8h               idempotent: pair exists
  already_logged #29 ATL v PHX @ T-90m              idempotent: pair exists
  already_logged #30 NYL v SEA @ T-90m              idempotent: pair exists
  already_logged #31 WAS v DAL @ T-90m              idempotent: pair exists
  already_logged #32 CHI v LAS @ T-90m              idempotent: pair exists
  late_prevented #33 ATL v PHX @ T-30m              cutoff 2026-08-05T22:33:00+00:00 already passed at 2026-08-1
  late_prevented #34 NYL v SEA @ T-30m              cutoff 2026-08-05T22:38:00+00:00 already passed at 2026-08-1
  already_logged #35 WAS v DAL @ T-30m              idempotent: pair exists
  already_logged #36 CHI v LAS @ T-90m              idempotent: pair exists
  already_logged #37 IND v LVA @ T-8h               idempotent: pair exists
  already_logged #38 MIN v LAS @ T-8h               idempotent: pair exists
  already_logged #39 PDX v TOR @ T-8h               idempotent: pair exists
  already_logged #40 IND v LVA @ T-90m              idempotent: pair exists
  already_logged #41 MIN v LAS @ T-90m              idempotent: pair exists
  already_logged #42 PDX v TOR @ T-90m              idempotent: pair exists
  late_prevented #43 IND v LVA @ T-30m              cutoff 2026-08-06T22:36:00+00:00 already passed at 2026-08-1
  already_logged #44 PDX v TOR @ T-30m              idempotent: pair exists
  already_logged #45 CON v PHX @ T-8h               idempotent: pair exists
  already_logged #46 WAS v ATL @ T-8h               idempotent: pair exists
  already_logged #47 DAL v GSV @ T-8h               idempotent: pair exists
  already_logged #48 CON v PHX @ T-90m              idempotent: pair exists
  already_logged #49 WAS v ATL @ T-90m              idempotent: pair exists
  already_logged #50 DAL v GSV @ T-90m              idempotent: pair exists
  already_logged #51 CON v PHX @ T-30m              idempotent: pair exists
  already_logged #52 WAS v ATL @ T-30m              idempotent: pair exists
  already_logged #53 DAL v GSV @ T-30m              idempotent: pair exists
  already_logged #54 MIN v LVA @ T-8h               idempotent: pair exists
  already_logged #55 CHI v IND @ T-8h               idempotent: pair exists
  already_logged #56 PDX v SEA @ T-8h               idempotent: pair exists
  already_logged #57 MIN v LVA @ T-90m              idempotent: pair exists
  late_prevented #58 CHI v IND @ T-8h               cutoff 2026-08-08T11:35:00+00:00 already passed at 2026-08-1
  already_logged #59 PDX v SEA @ T-8h               idempotent: pair exists
  already_logged #60 PDX v SEA @ T-90m              idempotent: pair exists
  skip           #61 CHI v IND @ unknown-tip        base record is an explicit no-forecast; nothing to pair
  skip           #62 MIN v LVA @ unknown-tip        base record is an explicit no-forecast; nothing to pair
  already_logged #63 PDX v SEA @ T-30m              idempotent: pair exists
  already_logged #64 WAS v LAS @ T-90m              idempotent: pair exists
  already_logged #65 LVA v MIN @ T-90m              idempotent: pair exists
  already_logged #66 WAS v LAS @ T-30m              idempotent: pair exists
  late_prevented #67 LVA v MIN @ T-90m              cutoff 2026-08-15T22:35:00+00:00 already passed at 2026-08-1
  skip           #68 CON v NYL @ unknown-tip        base record is an explicit no-forecast; nothing to pair
  late_prevented #69 LVA v MIN @ T-30m              cutoff 2026-08-15T23:35:00+00:00 already passed at 2026-08-1
  already_logged #70 ATL v IND @ T-90m              idempotent: pair exists
  already_logged #71 SEA v CHI @ T-90m              idempotent: pair exists
  already_logged #72 PHX v PDX @ T-90m              idempotent: pair exists

  already_logged=49, late_prevented=19, skip=5
  arm chain: ok=True n=44 tip=b34365d45a378bdd
  receipt appended to prospective_pair_runs.jsonl
[arm] exit=0 
====================================================================================================
FORECAST COVERAGE AUDIT   generated 2026-08-16T22:00:05.867461+00:00
====================================================================================================

CUMULATIVE by classification
  missing_job_did_not_run      70
  forecast_logged              52
  before_period_start          15
  missing_data_unavailable     9
  not_yet_due                  9
  late_record                  5

  obligations 160 | due 136 | served 52 | coverage 38.2%
  operational misses 70 | unexplained 0
  PROMOTION-GRADE: NO   (needs >= 95% served, <= 0 operational misses, all explained)

DAILY
  date         oblig  served     due     excl    opmiss arm_recs
  2026-07-30      12       0       0       12         0        0
  2026-07-31      12       6       9        3         0        0
  2026-08-01       8       2       8        0         6        0
  2026-08-02      16       0      16        0        16        0
  2026-08-03      12       6      12        0         3        3
  2026-08-04       4       3       4        0         1        3
  2026-08-05      16       9      16        0         4        9
  2026-08-06      12       7      12        0         3        7
  2026-08-07      12       9      12        0         3        9
  2026-08-08      12       6      12        0         3        4
  2026-08-09      16       0      16        0        16        0
  2026-08-15       8       4       8        0         4        1
  2026-08-16      12       0      11        1        11        0
  2026-08-17       4       0       0        4         0        0
  2026-08-18       4       0       0        4         0        0

EVERY MISSING OR IRREGULAR OBLIGATION (each must carry an explanation)
  2026-07-31 ATL v SEA T-90m   missing_data_unavailable   job served 1 other game(s) on 2026-07-31 at T-90m
  2026-07-31 WAS v DAL T-90m   missing_data_unavailable   job served 1 other game(s) on 2026-07-31 at T-90m
  2026-07-31 PDX v IND T-30m   missing_data_unavailable   job served 2 other game(s) on 2026-07-31 at T-30m
  2026-08-01 CHI v LVA T-24h   missing_job_did_not_run    no base record for ANY game on 2026-08-01 at T-24h
  2026-08-01 CHI v LVA T-8h    missing_job_did_not_run    no base record for ANY game on 2026-08-01 at T-8h
  2026-08-01 CHI v LVA T-30m   missing_job_did_not_run    no base record for ANY game on 2026-08-01 at T-30m
  2026-08-01 PHX v NYL T-24h   missing_job_did_not_run    no base record for ANY game on 2026-08-01 at T-24h
  2026-08-01 PHX v NYL T-8h    missing_job_did_not_run    no base record for ANY game on 2026-08-01 at T-8h
  2026-08-01 PHX v NYL T-30m   missing_job_did_not_run    no base record for ANY game on 2026-08-01 at T-30m
  2026-08-02 DAL v CON T-24h   missing_job_did_not_run    no base record for ANY game on 2026-08-02 at T-24h
  2026-08-02 DAL v CON T-8h    missing_job_did_not_run    no base record for ANY game on 2026-08-02 at T-8h
  2026-08-02 DAL v CON T-90m   missing_job_did_not_run    no base record for ANY game on 2026-08-02 at T-90m
  2026-08-02 DAL v CON T-30m   missing_job_did_not_run    no base record for ANY game on 2026-08-02 at T-30m
  2026-08-02 GSV v TOR T-24h   missing_job_did_not_run    no base record for ANY game on 2026-08-02 at T-24h
  2026-08-02 GSV v TOR T-8h    missing_job_did_not_run    no base record for ANY game on 2026-08-02 at T-8h
  2026-08-02 GSV v TOR T-90m   missing_job_did_not_run    no base record for ANY game on 2026-08-02 at T-90m
  2026-08-02 GSV v TOR T-30m   missing_job_did_not_run    no base record for ANY game on 2026-08-02 at T-30m
  2026-08-02 MIN v IND T-24h   missing_job_did_not_run    no base record for ANY game on 2026-08-02 at T-24h
  2026-08-02 MIN v IND T-8h    missing_job_did_not_run    no base record for ANY game on 2026-08-02 at T-8h
  2026-08-02 MIN v IND T-90m   missing_job_did_not_run    no base record for ANY game on 2026-08-02 at T-90m
  2026-08-02 MIN v IND T-30m   missing_job_did_not_run    no base record for ANY game on 2026-08-02 at T-30m
  2026-08-02 PDX v LAS T-24h   missing_job_did_not_run    no base record for ANY game on 2026-08-02 at T-24h
  2026-08-02 PDX v LAS T-8h    missing_job_did_not_run    no base record for ANY game on 2026-08-02 at T-8h
  2026-08-02 PDX v LAS T-90m   missing_job_did_not_run    no base record for ANY game on 2026-08-02 at T-90m
  2026-08-02 PDX v LAS T-30m   missing_job_did_not_run    no base record for ANY game on 2026-08-02 at T-30m
  2026-08-03 NYL v SEA T-24h   missing_job_did_not_run    no base record for ANY game on 2026-08-03 at T-24h
  2026-08-03 NYL v SEA T-30m   late_record                created 2026-08-03T22:45:08.958486+00:00 after cutoff
  2026-08-03 ATL v LVA T-24h   missing_job_did_not_run    no base record for ANY game on 2026-08-03 at T-24h
  2026-08-03 ATL v LVA T-30m   late_record                created 2026-08-03T22:45:08.976775+00:00 after cutoff
  2026-08-03 CHI v PHX T-24h   missing_job_did_not_run    no base record for ANY game on 2026-08-03 at T-24h
  2026-08-03 CHI v PHX T-30m   missing_data_unavailable   job served 2 other game(s) on 2026-08-03 at T-30m
  2026-08-04 GSV v TOR T-24h   missing_job_did_not_run    no base record for ANY game on 2026-08-04 at T-24h
  2026-08-05 WAS v DAL T-24h   missing_job_did_not_run    no base record for ANY game on 2026-08-05 at T-24h
  2026-08-05 NYL v SEA T-24h   missing_job_did_not_run    no base record for ANY game on 2026-08-05 at T-24h
  2026-08-05 NYL v SEA T-30m   late_record                created 2026-08-05T22:45:07.299457+00:00 after cutoff
  2026-08-05 ATL v PHX T-24h   missing_job_did_not_run    no base record for ANY game on 2026-08-05 at T-24h
  2026-08-05 ATL v PHX T-30m   late_record                created 2026-08-05T22:45:07.274521+00:00 after cutoff
  2026-08-05 CHI v LAS T-24h   missing_job_did_not_run    no base record for ANY game on 2026-08-05 at T-24h
  2026-08-05 CHI v LAS T-30m   missing_data_unavailable   job served 3 other game(s) on 2026-08-05 at T-30m
  2026-08-06 IND v LVA T-24h   missing_job_did_not_run    no base record for ANY game on 2026-08-06 at T-24h
  2026-08-06 IND v LVA T-30m   late_record                created 2026-08-06T22:45:09.382682+00:00 after cutoff
  2026-08-06 PDX v TOR T-24h   missing_job_did_not_run    no base record for ANY game on 2026-08-06 at T-24h
  2026-08-06 MIN v LAS T-24h   missing_job_did_not_run    no base record for ANY game on 2026-08-06 at T-24h
  2026-08-06 MIN v LAS T-30m   missing_data_unavailable   job served 2 other game(s) on 2026-08-06 at T-30m
  2026-08-07 WAS v ATL T-24h   missing_job_did_not_run    no base record for ANY game on 2026-08-07 at T-24h
  2026-08-07 CON v PHX T-24h   missing_job_did_not_run    no base record for ANY game on 2026-08-07 at T-24h
  2026-08-07 DAL v GSV T-24h   missing_job_did_not_run    no base record for ANY game on 2026-08-07 at T-24h
  2026-08-08 CHI v IND T-24h   missing_job_did_not_run    no base record for ANY game on 2026-08-08 at T-24h
  2026-08-08 CHI v IND T-90m   missing_data_unavailable   job served 2 other game(s) on 2026-08-08 at T-90m
  2026-08-08 CHI v IND T-30m   missing_data_unavailable   job served 1 other game(s) on 2026-08-08 at T-30m
  2026-08-08 MIN v LVA T-24h   missing_job_did_not_run    no base record for ANY game on 2026-08-08 at T-24h
  2026-08-08 MIN v LVA T-30m   missing_data_unavailable   job served 1 other game(s) on 2026-08-08 at T-30m
  2026-08-08 PDX v SEA T-24h   missing_job_did_not_run    no base record for ANY game on 2026-08-08 at T-24h
  2026-08-09 WAS v PHX T-24h   missing_job_did_not_run    no base record for ANY game on 2026-08-09 at T-24h
  2026-08-09 WAS v PHX T-8h    missing_job_did_not_run    no base record for ANY game on 2026-08-09 at T-8h
  2026-08-09 WAS v PHX T-90m   missing_job_did_not_run    no base record for ANY game on 2026-08-09 at T-90m
  2026-08-09 WAS v PHX T-30m   missing_job_did_not_run    no base record for ANY game on 2026-08-09 at T-30m
  2026-08-09 LAS v GSV T-24h   missing_job_did_not_run    no base record for ANY game on 2026-08-09 at T-24h
  2026-08-09 LAS v GSV T-8h    missing_job_did_not_run    no base record for ANY game on 2026-08-09 at T-8h
  2026-08-09 LAS v GSV T-90m   missing_job_did_not_run    no base record for ANY game on 2026-08-09 at T-90m
  2026-08-09 LAS v GSV T-30m   missing_job_did_not_run    no base record for ANY game on 2026-08-09 at T-30m
  2026-08-09 NYL v LVA T-24h   missing_job_did_not_run    no base record for ANY game on 2026-08-09 at T-24h
  2026-08-09 NYL v LVA T-8h    missing_job_did_not_run    no base record for ANY game on 2026-08-09 at T-8h
  2026-08-09 NYL v LVA T-90m   missing_job_did_not_run    no base record for ANY game on 2026-08-09 at T-90m
  2026-08-09 NYL v LVA T-30m   missing_job_did_not_run    no base record for ANY game on 2026-08-09 at T-30m
  2026-08-09 MIN v DAL T-24h   missing_job_did_not_run    no base record for ANY game on 2026-08-09 at T-24h
  2026-08-09 MIN v DAL T-8h    missing_job_did_not_run    no base record for ANY game on 2026-08-09 at T-8h
  2026-08-09 MIN v DAL T-90m   missing_job_did_not_run    no base record for ANY game on 2026-08-09 at T-90m
  2026-08-09 MIN v DAL T-30m   missing_job_did_not_run    no base record for ANY game on 2026-08-09 at T-30m
  2026-08-15 WAS v LAS T-24h   missing_job_did_not_run    no base record for ANY game on 2026-08-15 at T-24h
  2026-08-15 WAS v LAS T-8h    missing_job_did_not_run    no base record for ANY game on 2026-08-15 at T-8h
  2026-08-15 LVA v MIN T-24h   missing_job_did_not_run    no base record for ANY game on 2026-08-15 at T-24h
  2026-08-15 LVA v MIN T-8h    missing_job_did_not_run    no base record for ANY game on 2026-08-15 at T-8h
  2026-08-16 ATL v IND T-24h   missing_job_did_not_run    no base record for ANY game on 2026-08-16 at T-24h
  2026-08-16 ATL v IND T-8h    missing_job_did_not_run    no base record for ANY game on 2026-08-16 at T-8h
  2026-08-16 ATL v IND T-90m   missing_job_did_not_run    no base record for ANY game on 2026-08-16 at T-90m
  2026-08-16 ATL v IND T-30m   missing_job_did_not_run    no base record for ANY game on 2026-08-16 at T-30m
  2026-08-16 SEA v CHI T-24h   missing_job_did_not_run    no base record for ANY game on 2026-08-16 at T-24h
  2026-08-16 SEA v CHI T-8h    missing_job_did_not_run    no base record for ANY game on 2026-08-16 at T-8h
  2026-08-16 SEA v CHI T-90m   missing_job_did_not_run    no base record for ANY game on 2026-08-16 at T-90m
  2026-08-16 SEA v CHI T-30m   missing_job_did_not_run    no base record for ANY game on 2026-08-16 at T-30m
  2026-08-16 PHX v PDX T-24h   missing_job_did_not_run    no base record for ANY game on 2026-08-16 at T-24h
  2026-08-16 PHX v PDX T-8h    missing_job_did_not_run    no base record for ANY game on 2026-08-16 at T-8h
  2026-08-16 PHX v PDX T-90m   missing_job_did_not_run    no base record for ANY game on 2026-08-16 at T-90m

wrote forecasts/coverage_audit.csv and forecasts/coverage_receipt.json
[audit] exit=0 
==== Sun 08/16/2026 18:15:02.59 ==== 
[gate] 2026-08-16T22:15:03.377658+00:00  fire=True  -- 1 unserved obligation(s) in window, none would duplicate; 3 slate game(s) have no official game_id and were served under a provisional id: PHX v PDX (2026-08-16) -> PROV-2026-08-16-PDX@PHX, GSV v DAL (2026-08-17) -> PROV-2026-08-17-DAL@GSV, CON v LAS (2026-08-18) -> PROV-2026-08-18-LAS@CON
       PHX v PDX      T-30m   unserved cutoff 2026-08-16T22:30:00 (+15 min) IN-WINDOW
       GSV v DAL      T-24h   unserved cutoff 2026-08-17T02:00:00 (+225 min) 
       CON v LAS      T-24h   unserved cutoff 2026-08-17T23:00:00 (+1485 min) 
[gate] BASE RUN DUE
slate date 2026-08-16 (ET) | season 2026 | cutoff 2026-08-16T22:15:04.340193+00:00 | OFFICIAL chain C:\Users\jgallagher\wnba-betting-model\forecasts\forecast_log.jsonl
[WARN] masters: latest 2026 game in masters is 2026-08-07 (9 days before the slate) ? check the daily gamelog/misc refresh before trusting trends
[WARN] refs: no ref assignments captured for 2026-08-16 at or before the cutoff ? game ids degrade to provisional
[WARN] refs: IND @ ATL: no ref-assignment row ? official game_id unavailable; provisional id in use (a real run must resolve official ids before logging)
[WARN] refs: CHI @ SEA: no ref-assignment row ? official game_id unavailable; provisional id in use (a real run must resolve official ids before logging)
[WARN] refs: PDX @ PHX: no ref-assignment row ? official game_id unavailable; provisional id in use (a real run must resolve official ids before logging)
[BLOCK] entity-resolution: Indiana Fever: designation 'Out' for 'Ugonne Onyiah' resolves to NO player identity in any season ? cold start or unlisted alias. FAIL-CLOSED: the availability estimate for this team is not trustworthy until an alias or a cold-start object is supplied.
[BLOCK] entity-resolution: Los Angeles Sparks: designation 'Out' for 'Tonie Morgan' resolves to NO player identity in any season ? cold start or unlisted alias. FAIL-CLOSED: the availability estimate for this team is not trustworthy until an alias or a cold-start object is supplied.
[BLOCK] entity-resolution: Minnesota Lynx: designation 'Out' for 'Elena Buenavida' resolves to NO player identity in any season ? cold start or unlisted alias. FAIL-CLOSED: the availability estimate for this team is not trustworthy until an alias or a cold-start object is supplied.
[BLOCK] entity-resolution: Indiana Fever: designation 'Out' for 'Michelle Onyiah' resolves to NO player identity in any season ? cold start or unlisted alias. FAIL-CLOSED: the availability estimate for this team is not trustworthy until an alias or a cold-start object is supplied.
[INFO] player-layer: CHI: Rickea Jackson (Out) is on the injury report but outside the 3-game recency roster (last rostered 2026-06-26) ? long-term absentee, already excluded from the availability estimate
[INFO] player-layer: CHI: Maddy Westbeld (Out) is on the injury report but outside the 3-game recency roster (last rostered 2026-07-12) ? long-term absentee, already excluded from the availability estimate
[INFO] player-layer: IND: Bree Hall (Out) is on the injury report but outside the 3-game recency roster (last rostered 2026-07-09) ? long-term absentee, already excluded from the availability estimate
[INFO] player-layer: PDX: Sania Feagin (Out) is on the injury report but outside the 3-game recency roster (last rostered 2026-07-16) ? long-term absentee, already excluded from the availability estimate
[INFO] player-layer: PHX: Jovana Nogic (Out) is on the injury report but outside the 3-game recency roster (last rostered 2026-06-17) ? long-term absentee, already excluded from the availability estimate
[WARN] player-layer: SEA: Taina Mair (Available) is outside the 3-game recency roster (last rostered 2026-07-28) but NOT Out ? a possible RETURN the recency roster cannot see; the availability estimate may understate tonight's rotation
[INFO] trend-staleness: ATL last played 2026-08-07 (9 days before the slate) ? trend features are that old (schedule gap, not a data failure: masters are current through yesterday)
[INFO] trend-staleness: CHI last played 2026-08-05 (11 days before the slate) ? trend features are that old (schedule gap, not a data failure: masters are current through yesterday)
[INFO] trend-staleness: IND last played 2026-08-06 (10 days before the slate) ? trend features are that old (schedule gap, not a data failure: masters are current through yesterday)
[INFO] trend-staleness: PDX last played 2026-08-06 (10 days before the slate) ? trend features are that old (schedule gap, not a data failure: masters are current through yesterday)
[INFO] trend-staleness: PHX last played 2026-08-07 (9 days before the slate) ? trend features are that old (schedule gap, not a data failure: masters are current through yesterday)
[INFO] trend-staleness: SEA last played 2026-08-05 (11 days before the slate) ? trend features are that old (schedule gap, not a data failure: masters are current through yesterday)
[WARN] forecast: IND @ ATL: tip already passed at the cutoff ? a post-tip 'forecast' violates the prediction contract
[WARN] forecast: CHI @ SEA: tip already passed at the cutoff ? a post-tip 'forecast' violates the prediction contract
[INFO] chain: IND @ ATL: logged as NO_FORECAST (tip already passed at the cutoff ? a post-tip 'forecast' violates the prediction contract)
[WARN] chain: IND @ ATL: chain write failed (ForecastValidationError: market_source is required when any market field is recorded ? a market line whose provenance cannot be established is not a benchmark (prediction-contract provenance rule).) ? game isolated; remaining slate continues (D-c per-game execution scope)
[INFO] chain: CHI @ SEA: logged as NO_FORECAST (tip already passed at the cutoff ? a post-tip 'forecast' violates the prediction contract)
[WARN] chain: CHI @ SEA: chain write failed (ForecastValidationError: market_source is required when any market field is recorded ? a market line whose provenance cannot be established is not a benchmark (prediction-contract provenance rule).) ? game isolated; remaining slate continues (D-c per-game execution scope)
OFFICIAL chain verified (forecast_log.jsonl): ok=True, n_records=74, tip_sha256=17350222c6f858ac4d25927b56990987903cdad188915ff98df26e021931ae1a — record these two values out of band; tail truncation is only detectable against an external anchor

wrote C:\Users\jgallagher\wnba-betting-model\experiments\forecast_dryrun\forecast_today.csv
wrote C:\Users\jgallagher\wnba-betting-model\experiments\forecast_dryrun\REPORT.md, feature_snapshot.csv, snapshot_manifest.json
chain: 1 logged, 0 already-served refused (obligation-keyed dedup, D-c), 2 failed writes

== slate ==
IND @ ATL 2026-08-16 17:05 — no forecast: tip already passed at the cutoff — a post-tip 'forecast' violates the prediction contract
CHI @ SEA 2026-08-16 17:05 — no forecast: tip already passed at the cutoff — a post-tip 'forecast' violates the prediction contract
PDX @ PHX tip 2026-08-16 19:00 ET [T-30m] H 88.1 A 84.8 margin +3.2 total 173.0 | market spread -5.5 total 178.0
[base] exit=0 
================================================================================================
PROSPECTIVE PAIR RUNNER  2026-08-16T22:15:06.265584+00:00  model=ridge_score_level_w2c1_v1 hash=5d295bb8b99cd34e
================================================================================================
base records in official chain: 74
  late_prevented #0 ATL v SEA @ T-8h                cutoff 2026-07-31T15:35:00+00:00 already passed at 2026-08-1
  late_prevented #1 WAS v DAL @ T-8h                cutoff 2026-07-31T15:35:00+00:00 already passed at 2026-08-1
  late_prevented #2 PDX v IND @ T-8h                cutoff 2026-07-31T18:06:00+00:00 already passed at 2026-08-1
  late_prevented #3 ATL v SEA @ T-30m               cutoff 2026-07-31T23:05:00+00:00 already passed at 2026-08-1
  late_prevented #4 WAS v DAL @ T-30m               cutoff 2026-07-31T23:05:00+00:00 already passed at 2026-08-1
  late_prevented #5 PDX v IND @ T-90m               cutoff 2026-08-01T00:36:00+00:00 already passed at 2026-08-1
  late_prevented #6 CHI v LVA @ T-90m               cutoff 2026-08-01T15:35:00+00:00 already passed at 2026-08-1
  late_prevented #7 PHX v NYL @ T-90m               cutoff 2026-08-01T17:34:00+00:00 already passed at 2026-08-1
  skip           #8 CHI v LVA @ unknown-tip         base record is an explicit no-forecast; nothing to pair
  skip           #9 PHX v NYL @ unknown-tip         base record is an explicit no-forecast; nothing to pair
  late_prevented #10 NYL v SEA @ T-8h               cutoff 2026-08-03T15:04:00+00:00 already passed at 2026-08-1
  late_prevented #11 ATL v LVA @ T-8h               cutoff 2026-08-03T15:14:00+00:00 already passed at 2026-08-1
  late_prevented #12 CHI v PHX @ T-8h               cutoff 2026-08-03T17:08:00+00:00 already passed at 2026-08-1
  already_logged #13 NYL v SEA @ T-90m              idempotent: pair exists
  already_logged #14 ATL v LVA @ T-90m              idempotent: pair exists
  already_logged #15 CHI v PHX @ T-90m              idempotent: pair exists
  already_logged #16 NYL v SEA @ T-90m              idempotent: pair exists
  already_logged #17 ATL v LVA @ T-90m              idempotent: pair exists
  already_logged #18 CHI v PHX @ T-90m              idempotent: pair exists
  late_prevented #19 NYL v SEA @ T-30m              cutoff 2026-08-03T22:34:00+00:00 already passed at 2026-08-1
  late_prevented #20 ATL v LVA @ T-30m              cutoff 2026-08-03T22:44:00+00:00 already passed at 2026-08-1
  already_logged #21 CHI v PHX @ T-90m              idempotent: pair exists
  already_logged #22 GSV v TOR @ T-8h               idempotent: pair exists
  already_logged #23 GSV v TOR @ T-90m              idempotent: pair exists
  already_logged #24 GSV v TOR @ T-30m              idempotent: pair exists
  already_logged #25 ATL v PHX @ T-8h               idempotent: pair exists
  already_logged #26 NYL v SEA @ T-8h               idempotent: pair exists
  already_logged #27 WAS v DAL @ T-8h               idempotent: pair exists
  already_logged #28 CHI v LAS @ T-8h               idempotent: pair exists
  already_logged #29 ATL v PHX @ T-90m              idempotent: pair exists
  already_logged #30 NYL v SEA @ T-90m              idempotent: pair exists
  already_logged #31 WAS v DAL @ T-90m              idempotent: pair exists
  already_logged #32 CHI v LAS @ T-90m              idempotent: pair exists
  late_prevented #33 ATL v PHX @ T-30m              cutoff 2026-08-05T22:33:00+00:00 already passed at 2026-08-1
  late_prevented #34 NYL v SEA @ T-30m              cutoff 2026-08-05T22:38:00+00:00 already passed at 2026-08-1
  already_logged #35 WAS v DAL @ T-30m              idempotent: pair exists
  already_logged #36 CHI v LAS @ T-90m              idempotent: pair exists
  already_logged #37 IND v LVA @ T-8h               idempotent: pair exists
  already_logged #38 MIN v LAS @ T-8h               idempotent: pair exists
  already_logged #39 PDX v TOR @ T-8h               idempotent: pair exists
  already_logged #40 IND v LVA @ T-90m              idempotent: pair exists
  already_logged #41 MIN v LAS @ T-90m              idempotent: pair exists
  already_logged #42 PDX v TOR @ T-90m              idempotent: pair exists
  late_prevented #43 IND v LVA @ T-30m              cutoff 2026-08-06T22:36:00+00:00 already passed at 2026-08-1
  already_logged #44 PDX v TOR @ T-30m              idempotent: pair exists
  already_logged #45 CON v PHX @ T-8h               idempotent: pair exists
  already_logged #46 WAS v ATL @ T-8h               idempotent: pair exists
  already_logged #47 DAL v GSV @ T-8h               idempotent: pair exists
  already_logged #48 CON v PHX @ T-90m              idempotent: pair exists
  already_logged #49 WAS v ATL @ T-90m              idempotent: pair exists
  already_logged #50 DAL v GSV @ T-90m              idempotent: pair exists
  already_logged #51 CON v PHX @ T-30m              idempotent: pair exists
  already_logged #52 WAS v ATL @ T-30m              idempotent: pair exists
  already_logged #53 DAL v GSV @ T-30m              idempotent: pair exists
  already_logged #54 MIN v LVA @ T-8h               idempotent: pair exists
  already_logged #55 CHI v IND @ T-8h               idempotent: pair exists
  already_logged #56 PDX v SEA @ T-8h               idempotent: pair exists
  already_logged #57 MIN v LVA @ T-90m              idempotent: pair exists
  late_prevented #58 CHI v IND @ T-8h               cutoff 2026-08-08T11:35:00+00:00 already passed at 2026-08-1
  already_logged #59 PDX v SEA @ T-8h               idempotent: pair exists
  already_logged #60 PDX v SEA @ T-90m              idempotent: pair exists
  skip           #61 CHI v IND @ unknown-tip        base record is an explicit no-forecast; nothing to pair
  skip           #62 MIN v LVA @ unknown-tip        base record is an explicit no-forecast; nothing to pair
  already_logged #63 PDX v SEA @ T-30m              idempotent: pair exists
  already_logged #64 WAS v LAS @ T-90m              idempotent: pair exists
  already_logged #65 LVA v MIN @ T-90m              idempotent: pair exists
  already_logged #66 WAS v LAS @ T-30m              idempotent: pair exists
  late_prevented #67 LVA v MIN @ T-90m              cutoff 2026-08-15T22:35:00+00:00 already passed at 2026-08-1
  skip           #68 CON v NYL @ unknown-tip        base record is an explicit no-forecast; nothing to pair
  late_prevented #69 LVA v MIN @ T-30m              cutoff 2026-08-15T23:35:00+00:00 already passed at 2026-08-1
  already_logged #70 ATL v IND @ T-90m              idempotent: pair exists
  already_logged #71 SEA v CHI @ T-90m              idempotent: pair exists
  already_logged #72 PHX v PDX @ T-90m              idempotent: pair exists
  forecast       #73 PHX v PDX @ T-30m                home 88.2 away 84.5 margin +3.69 total 172.7

  already_logged=49, forecast=1, late_prevented=19, skip=5
  arm chain: ok=True n=45 tip=ed3d0ca9d3a991c1
  receipt appended to prospective_pair_runs.jsonl
[arm] exit=0 
====================================================================================================
FORECAST COVERAGE AUDIT   generated 2026-08-16T22:15:07.539466+00:00
====================================================================================================

CUMULATIVE by classification
  missing_job_did_not_run      70
  forecast_logged              52
  before_period_start          15
  missing_data_unavailable     9
  not_yet_due                  9
  late_record                  5

  obligations 160 | due 136 | served 52 | coverage 38.2%
  operational misses 70 | unexplained 0
  PROMOTION-GRADE: NO   (needs >= 95% served, <= 0 operational misses, all explained)

DAILY
  date         oblig  served     due     excl    opmiss arm_recs
  2026-07-30      12       0       0       12         0        0
  2026-07-31      12       6       9        3         0        0
  2026-08-01       8       2       8        0         6        0
  2026-08-02      16       0      16        0        16        0
  2026-08-03      12       6      12        0         3        3
  2026-08-04       4       3       4        0         1        3
  2026-08-05      16       9      16        0         4        9
  2026-08-06      12       7      12        0         3        7
  2026-08-07      12       9      12        0         3        9
  2026-08-08      12       6      12        0         3        4
  2026-08-09      16       0      16        0        16        0
  2026-08-15       8       4       8        0         4        1
  2026-08-16      12       0      11        1        11        0
  2026-08-17       4       0       0        4         0        0
  2026-08-18       4       0       0        4         0        0

EVERY MISSING OR IRREGULAR OBLIGATION (each must carry an explanation)
  2026-07-31 ATL v SEA T-90m   missing_data_unavailable   job served 1 other game(s) on 2026-07-31 at T-90m
  2026-07-31 WAS v DAL T-90m   missing_data_unavailable   job served 1 other game(s) on 2026-07-31 at T-90m
  2026-07-31 PDX v IND T-30m   missing_data_unavailable   job served 2 other game(s) on 2026-07-31 at T-30m
  2026-08-01 CHI v LVA T-24h   missing_job_did_not_run    no base record for ANY game on 2026-08-01 at T-24h
  2026-08-01 CHI v LVA T-8h    missing_job_did_not_run    no base record for ANY game on 2026-08-01 at T-8h
  2026-08-01 CHI v LVA T-30m   missing_job_did_not_run    no base record for ANY game on 2026-08-01 at T-30m
  2026-08-01 PHX v NYL T-24h   missing_job_did_not_run    no base record for ANY game on 2026-08-01 at T-24h
  2026-08-01 PHX v NYL T-8h    missing_job_did_not_run    no base record for ANY game on 2026-08-01 at T-8h
  2026-08-01 PHX v NYL T-30m   missing_job_did_not_run    no base record for ANY game on 2026-08-01 at T-30m
  2026-08-02 DAL v CON T-24h   missing_job_did_not_run    no base record for ANY game on 2026-08-02 at T-24h
  2026-08-02 DAL v CON T-8h    missing_job_did_not_run    no base record for ANY game on 2026-08-02 at T-8h
  2026-08-02 DAL v CON T-90m   missing_job_did_not_run    no base record for ANY game on 2026-08-02 at T-90m
  2026-08-02 DAL v CON T-30m   missing_job_did_not_run    no base record for ANY game on 2026-08-02 at T-30m
  2026-08-02 GSV v TOR T-24h   missing_job_did_not_run    no base record for ANY game on 2026-08-02 at T-24h
  2026-08-02 GSV v TOR T-8h    missing_job_did_not_run    no base record for ANY game on 2026-08-02 at T-8h
  2026-08-02 GSV v TOR T-90m   missing_job_did_not_run    no base record for ANY game on 2026-08-02 at T-90m
  2026-08-02 GSV v TOR T-30m   missing_job_did_not_run    no base record for ANY game on 2026-08-02 at T-30m
  2026-08-02 MIN v IND T-24h   missing_job_did_not_run    no base record for ANY game on 2026-08-02 at T-24h
  2026-08-02 MIN v IND T-8h    missing_job_did_not_run    no base record for ANY game on 2026-08-02 at T-8h
  2026-08-02 MIN v IND T-90m   missing_job_did_not_run    no base record for ANY game on 2026-08-02 at T-90m
  2026-08-02 MIN v IND T-30m   missing_job_did_not_run    no base record for ANY game on 2026-08-02 at T-30m
  2026-08-02 PDX v LAS T-24h   missing_job_did_not_run    no base record for ANY game on 2026-08-02 at T-24h
  2026-08-02 PDX v LAS T-8h    missing_job_did_not_run    no base record for ANY game on 2026-08-02 at T-8h
  2026-08-02 PDX v LAS T-90m   missing_job_did_not_run    no base record for ANY game on 2026-08-02 at T-90m
  2026-08-02 PDX v LAS T-30m   missing_job_did_not_run    no base record for ANY game on 2026-08-02 at T-30m
  2026-08-03 NYL v SEA T-24h   missing_job_did_not_run    no base record for ANY game on 2026-08-03 at T-24h
  2026-08-03 NYL v SEA T-30m   late_record                created 2026-08-03T22:45:08.958486+00:00 after cutoff
  2026-08-03 ATL v LVA T-24h   missing_job_did_not_run    no base record for ANY game on 2026-08-03 at T-24h
  2026-08-03 ATL v LVA T-30m   late_record                created 2026-08-03T22:45:08.976775+00:00 after cutoff
  2026-08-03 CHI v PHX T-24h   missing_job_did_not_run    no base record for ANY game on 2026-08-03 at T-24h
  2026-08-03 CHI v PHX T-30m   missing_data_unavailable   job served 2 other game(s) on 2026-08-03 at T-30m
  2026-08-04 GSV v TOR T-24h   missing_job_did_not_run    no base record for ANY game on 2026-08-04 at T-24h
  2026-08-05 WAS v DAL T-24h   missing_job_did_not_run    no base record for ANY game on 2026-08-05 at T-24h
  2026-08-05 NYL v SEA T-24h   missing_job_did_not_run    no base record for ANY game on 2026-08-05 at T-24h
  2026-08-05 NYL v SEA T-30m   late_record                created 2026-08-05T22:45:07.299457+00:00 after cutoff
  2026-08-05 ATL v PHX T-24h   missing_job_did_not_run    no base record for ANY game on 2026-08-05 at T-24h
  2026-08-05 ATL v PHX T-30m   late_record                created 2026-08-05T22:45:07.274521+00:00 after cutoff
  2026-08-05 CHI v LAS T-24h   missing_job_did_not_run    no base record for ANY game on 2026-08-05 at T-24h
  2026-08-05 CHI v LAS T-30m   missing_data_unavailable   job served 3 other game(s) on 2026-08-05 at T-30m
  2026-08-06 IND v LVA T-24h   missing_job_did_not_run    no base record for ANY game on 2026-08-06 at T-24h
  2026-08-06 IND v LVA T-30m   late_record                created 2026-08-06T22:45:09.382682+00:00 after cutoff
  2026-08-06 PDX v TOR T-24h   missing_job_did_not_run    no base record for ANY game on 2026-08-06 at T-24h
  2026-08-06 MIN v LAS T-24h   missing_job_did_not_run    no base record for ANY game on 2026-08-06 at T-24h
  2026-08-06 MIN v LAS T-30m   missing_data_unavailable   job served 2 other game(s) on 2026-08-06 at T-30m
  2026-08-07 WAS v ATL T-24h   missing_job_did_not_run    no base record for ANY game on 2026-08-07 at T-24h
  2026-08-07 CON v PHX T-24h   missing_job_did_not_run    no base record for ANY game on 2026-08-07 at T-24h
  2026-08-07 DAL v GSV T-24h   missing_job_did_not_run    no base record for ANY game on 2026-08-07 at T-24h
  2026-08-08 CHI v IND T-24h   missing_job_did_not_run    no base record for ANY game on 2026-08-08 at T-24h
  2026-08-08 CHI v IND T-90m   missing_data_unavailable   job served 2 other game(s) on 2026-08-08 at T-90m
  2026-08-08 CHI v IND T-30m   missing_data_unavailable   job served 1 other game(s) on 2026-08-08 at T-30m
  2026-08-08 MIN v LVA T-24h   missing_job_did_not_run    no base record for ANY game on 2026-08-08 at T-24h
  2026-08-08 MIN v LVA T-30m   missing_data_unavailable   job served 1 other game(s) on 2026-08-08 at T-30m
  2026-08-08 PDX v SEA T-24h   missing_job_did_not_run    no base record for ANY game on 2026-08-08 at T-24h
  2026-08-09 WAS v PHX T-24h   missing_job_did_not_run    no base record for ANY game on 2026-08-09 at T-24h
  2026-08-09 WAS v PHX T-8h    missing_job_did_not_run    no base record for ANY game on 2026-08-09 at T-8h
  2026-08-09 WAS v PHX T-90m   missing_job_did_not_run    no base record for ANY game on 2026-08-09 at T-90m
  2026-08-09 WAS v PHX T-30m   missing_job_did_not_run    no base record for ANY game on 2026-08-09 at T-30m
  2026-08-09 LAS v GSV T-24h   missing_job_did_not_run    no base record for ANY game on 2026-08-09 at T-24h
  2026-08-09 LAS v GSV T-8h    missing_job_did_not_run    no base record for ANY game on 2026-08-09 at T-8h
  2026-08-09 LAS v GSV T-90m   missing_job_did_not_run    no base record for ANY game on 2026-08-09 at T-90m
  2026-08-09 LAS v GSV T-30m   missing_job_did_not_run    no base record for ANY game on 2026-08-09 at T-30m
  2026-08-09 NYL v LVA T-24h   missing_job_did_not_run    no base record for ANY game on 2026-08-09 at T-24h
  2026-08-09 NYL v LVA T-8h    missing_job_did_not_run    no base record for ANY game on 2026-08-09 at T-8h
  2026-08-09 NYL v LVA T-90m   missing_job_did_not_run    no base record for ANY game on 2026-08-09 at T-90m
  2026-08-09 NYL v LVA T-30m   missing_job_did_not_run    no base record for ANY game on 2026-08-09 at T-30m
  2026-08-09 MIN v DAL T-24h   missing_job_did_not_run    no base record for ANY game on 2026-08-09 at T-24h
  2026-08-09 MIN v DAL T-8h    missing_job_did_not_run    no base record for ANY game on 2026-08-09 at T-8h
  2026-08-09 MIN v DAL T-90m   missing_job_did_not_run    no base record for ANY game on 2026-08-09 at T-90m
  2026-08-09 MIN v DAL T-30m   missing_job_did_not_run    no base record for ANY game on 2026-08-09 at T-30m
  2026-08-15 WAS v LAS T-24h   missing_job_did_not_run    no base record for ANY game on 2026-08-15 at T-24h
  2026-08-15 WAS v LAS T-8h    missing_job_did_not_run    no base record for ANY game on 2026-08-15 at T-8h
  2026-08-15 LVA v MIN T-24h   missing_job_did_not_run    no base record for ANY game on 2026-08-15 at T-24h
  2026-08-15 LVA v MIN T-8h    missing_job_did_not_run    no base record for ANY game on 2026-08-15 at T-8h
  2026-08-16 ATL v IND T-24h   missing_job_did_not_run    no base record for ANY game on 2026-08-16 at T-24h
  2026-08-16 ATL v IND T-8h    missing_job_did_not_run    no base record for ANY game on 2026-08-16 at T-8h
  2026-08-16 ATL v IND T-90m   missing_job_did_not_run    no base record for ANY game on 2026-08-16 at T-90m
  2026-08-16 ATL v IND T-30m   missing_job_did_not_run    no base record for ANY game on 2026-08-16 at T-30m
  2026-08-16 SEA v CHI T-24h   missing_job_did_not_run    no base record for ANY game on 2026-08-16 at T-24h
  2026-08-16 SEA v CHI T-8h    missing_job_did_not_run    no base record for ANY game on 2026-08-16 at T-8h
  2026-08-16 SEA v CHI T-90m   missing_job_did_not_run    no base record for ANY game on 2026-08-16 at T-90m
  2026-08-16 SEA v CHI T-30m   missing_job_did_not_run    no base record for ANY game on 2026-08-16 at T-30m
  2026-08-16 PHX v PDX T-24h   missing_job_did_not_run    no base record for ANY game on 2026-08-16 at T-24h
  2026-08-16 PHX v PDX T-8h    missing_job_did_not_run    no base record for ANY game on 2026-08-16 at T-8h
  2026-08-16 PHX v PDX T-90m   missing_job_did_not_run    no base record for ANY game on 2026-08-16 at T-90m

wrote forecasts/coverage_audit.csv and forecasts/coverage_receipt.json
[audit] exit=0 
==== Sun 08/16/2026 18:30:02.29 ==== 
[gate] 2026-08-16T22:30:02.982589+00:00  fire=False  -- would duplicate 1 already-served obligation(s); the base job cannot be scoped to one game; 3 slate game(s) have no official game_id and were served under a provisional id: PHX v PDX (2026-08-16) -> PROV-2026-08-16-PDX@PHX, GSV v DAL (2026-08-17) -> PROV-2026-08-17-DAL@GSV, CON v LAS (2026-08-18) -> PROV-2026-08-18-LAS@CON
       PHX v PDX      T-30m   SERVED   cutoff 2026-08-16T22:30:00 (-0 min) 
       GSV v DAL      T-24h   unserved cutoff 2026-08-17T02:00:00 (+210 min) 
       CON v LAS      T-24h   unserved cutoff 2026-08-17T23:00:00 (+1470 min) 
[gate] HOLDING: firing now would append 1 permanent duplicate record(s) to an append-only chain. A missed obligation is recoverable; a duplicate is not.
[gate] skipping the base job
[base] skipped - no unserved obligation in its lead window 
[base] exit=0 
================================================================================================
PROSPECTIVE PAIR RUNNER  2026-08-16T22:30:04.018655+00:00  model=ridge_score_level_w2c1_v1 hash=5d295bb8b99cd34e
================================================================================================
base records in official chain: 74
  late_prevented #0 ATL v SEA @ T-8h                cutoff 2026-07-31T15:35:00+00:00 already passed at 2026-08-1
  late_prevented #1 WAS v DAL @ T-8h                cutoff 2026-07-31T15:35:00+00:00 already passed at 2026-08-1
  late_prevented #2 PDX v IND @ T-8h                cutoff 2026-07-31T18:06:00+00:00 already passed at 2026-08-1
  late_prevented #3 ATL v SEA @ T-30m               cutoff 2026-07-31T23:05:00+00:00 already passed at 2026-08-1
  late_prevented #4 WAS v DAL @ T-30m               cutoff 2026-07-31T23:05:00+00:00 already passed at 2026-08-1
  late_prevented #5 PDX v IND @ T-90m               cutoff 2026-08-01T00:36:00+00:00 already passed at 2026-08-1
  late_prevented #6 CHI v LVA @ T-90m               cutoff 2026-08-01T15:35:00+00:00 already passed at 2026-08-1
  late_prevented #7 PHX v NYL @ T-90m               cutoff 2026-08-01T17:34:00+00:00 already passed at 2026-08-1
  skip           #8 CHI v LVA @ unknown-tip         base record is an explicit no-forecast; nothing to pair
  skip           #9 PHX v NYL @ unknown-tip         base record is an explicit no-forecast; nothing to pair
  late_prevented #10 NYL v SEA @ T-8h               cutoff 2026-08-03T15:04:00+00:00 already passed at 2026-08-1
  late_prevented #11 ATL v LVA @ T-8h               cutoff 2026-08-03T15:14:00+00:00 already passed at 2026-08-1
  late_prevented #12 CHI v PHX @ T-8h               cutoff 2026-08-03T17:08:00+00:00 already passed at 2026-08-1
  already_logged #13 NYL v SEA @ T-90m              idempotent: pair exists
  already_logged #14 ATL v LVA @ T-90m              idempotent: pair exists
  already_logged #15 CHI v PHX @ T-90m              idempotent: pair exists
  already_logged #16 NYL v SEA @ T-90m              idempotent: pair exists
  already_logged #17 ATL v LVA @ T-90m              idempotent: pair exists
  already_logged #18 CHI v PHX @ T-90m              idempotent: pair exists
  late_prevented #19 NYL v SEA @ T-30m              cutoff 2026-08-03T22:34:00+00:00 already passed at 2026-08-1
  late_prevented #20 ATL v LVA @ T-30m              cutoff 2026-08-03T22:44:00+00:00 already passed at 2026-08-1
  already_logged #21 CHI v PHX @ T-90m              idempotent: pair exists
  already_logged #22 GSV v TOR @ T-8h               idempotent: pair exists
  already_logged #23 GSV v TOR @ T-90m              idempotent: pair exists
  already_logged #24 GSV v TOR @ T-30m              idempotent: pair exists
  already_logged #25 ATL v PHX @ T-8h               idempotent: pair exists
  already_logged #26 NYL v SEA @ T-8h               idempotent: pair exists
  already_logged #27 WAS v DAL @ T-8h               idempotent: pair exists
  already_logged #28 CHI v LAS @ T-8h               idempotent: pair exists
  already_logged #29 ATL v PHX @ T-90m              idempotent: pair exists
  already_logged #30 NYL v SEA @ T-90m              idempotent: pair exists
  already_logged #31 WAS v DAL @ T-90m              idempotent: pair exists
  already_logged #32 CHI v LAS @ T-90m              idempotent: pair exists
  late_prevented #33 ATL v PHX @ T-30m              cutoff 2026-08-05T22:33:00+00:00 already passed at 2026-08-1
  late_prevented #34 NYL v SEA @ T-30m              cutoff 2026-08-05T22:38:00+00:00 already passed at 2026-08-1
  already_logged #35 WAS v DAL @ T-30m              idempotent: pair exists
  already_logged #36 CHI v LAS @ T-90m              idempotent: pair exists
  already_logged #37 IND v LVA @ T-8h               idempotent: pair exists
  already_logged #38 MIN v LAS @ T-8h               idempotent: pair exists
  already_logged #39 PDX v TOR @ T-8h               idempotent: pair exists
  already_logged #40 IND v LVA @ T-90m              idempotent: pair exists
  already_logged #41 MIN v LAS @ T-90m              idempotent: pair exists
  already_logged #42 PDX v TOR @ T-90m              idempotent: pair exists
  late_prevented #43 IND v LVA @ T-30m              cutoff 2026-08-06T22:36:00+00:00 already passed at 2026-08-1
  already_logged #44 PDX v TOR @ T-30m              idempotent: pair exists
  already_logged #45 CON v PHX @ T-8h               idempotent: pair exists
  already_logged #46 WAS v ATL @ T-8h               idempotent: pair exists
  already_logged #47 DAL v GSV @ T-8h               idempotent: pair exists
  already_logged #48 CON v PHX @ T-90m              idempotent: pair exists
  already_logged #49 WAS v ATL @ T-90m              idempotent: pair exists
  already_logged #50 DAL v GSV @ T-90m              idempotent: pair exists
  already_logged #51 CON v PHX @ T-30m              idempotent: pair exists
  already_logged #52 WAS v ATL @ T-30m              idempotent: pair exists
  already_logged #53 DAL v GSV @ T-30m              idempotent: pair exists
  already_logged #54 MIN v LVA @ T-8h               idempotent: pair exists
  already_logged #55 CHI v IND @ T-8h               idempotent: pair exists
  already_logged #56 PDX v SEA @ T-8h               idempotent: pair exists
  already_logged #57 MIN v LVA @ T-90m              idempotent: pair exists
  late_prevented #58 CHI v IND @ T-8h               cutoff 2026-08-08T11:35:00+00:00 already passed at 2026-08-1
  already_logged #59 PDX v SEA @ T-8h               idempotent: pair exists
  already_logged #60 PDX v SEA @ T-90m              idempotent: pair exists
  skip           #61 CHI v IND @ unknown-tip        base record is an explicit no-forecast; nothing to pair
  skip           #62 MIN v LVA @ unknown-tip        base record is an explicit no-forecast; nothing to pair
  already_logged #63 PDX v SEA @ T-30m              idempotent: pair exists
  already_logged #64 WAS v LAS @ T-90m              idempotent: pair exists
  already_logged #65 LVA v MIN @ T-90m              idempotent: pair exists
  already_logged #66 WAS v LAS @ T-30m              idempotent: pair exists
  late_prevented #67 LVA v MIN @ T-90m              cutoff 2026-08-15T22:35:00+00:00 already passed at 2026-08-1
  skip           #68 CON v NYL @ unknown-tip        base record is an explicit no-forecast; nothing to pair
  late_prevented #69 LVA v MIN @ T-30m              cutoff 2026-08-15T23:35:00+00:00 already passed at 2026-08-1
  already_logged #70 ATL v IND @ T-90m              idempotent: pair exists
  already_logged #71 SEA v CHI @ T-90m              idempotent: pair exists
  already_logged #72 PHX v PDX @ T-90m              idempotent: pair exists
  already_logged #73 PHX v PDX @ T-30m              idempotent: pair exists

  already_logged=50, late_prevented=19, skip=5
  arm chain: ok=True n=45 tip=ed3d0ca9d3a991c1
  receipt appended to prospective_pair_runs.jsonl
[arm] exit=0 
====================================================================================================
FORECAST COVERAGE AUDIT   generated 2026-08-16T22:30:05.075333+00:00
====================================================================================================

CUMULATIVE by classification
  missing_job_did_not_run      65
  forecast_logged              56
  before_period_start          15
  missing_data_unavailable     11
  not_yet_due                  8
  late_record                  5

  obligations 160 | due 137 | served 56 | coverage 40.9%
  operational misses 65 | unexplained 0
  PROMOTION-GRADE: NO   (needs >= 95% served, <= 0 operational misses, all explained)

DAILY
  date         oblig  served     due     excl    opmiss arm_recs
  2026-07-30      12       0       0       12         0        0
  2026-07-31      12       6       9        3         0        0
  2026-08-01       8       2       8        0         6        0
  2026-08-02      16       0      16        0        16        0
  2026-08-03      12       6      12        0         3        3
  2026-08-04       4       3       4        0         1        3
  2026-08-05      16       9      16        0         4        9
  2026-08-06      12       7      12        0         3        7
  2026-08-07      12       9      12        0         3        9
  2026-08-08      12       6      12        0         3        4
  2026-08-09      16       0      16        0        16        0
  2026-08-15       8       4       8        0         4        1
  2026-08-16      12       4      12        0         6        0
  2026-08-17       4       0       0        4         0        0
  2026-08-18       4       0       0        4         0        0

EVERY MISSING OR IRREGULAR OBLIGATION (each must carry an explanation)
  2026-07-31 ATL v SEA T-90m   missing_data_unavailable   job served 1 other game(s) on 2026-07-31 at T-90m
  2026-07-31 WAS v DAL T-90m   missing_data_unavailable   job served 1 other game(s) on 2026-07-31 at T-90m
  2026-07-31 PDX v IND T-30m   missing_data_unavailable   job served 2 other game(s) on 2026-07-31 at T-30m
  2026-08-01 CHI v LVA T-24h   missing_job_did_not_run    no base record for ANY game on 2026-08-01 at T-24h
  2026-08-01 CHI v LVA T-8h    missing_job_did_not_run    no base record for ANY game on 2026-08-01 at T-8h
  2026-08-01 CHI v LVA T-30m   missing_job_did_not_run    no base record for ANY game on 2026-08-01 at T-30m
  2026-08-01 PHX v NYL T-24h   missing_job_did_not_run    no base record for ANY game on 2026-08-01 at T-24h
  2026-08-01 PHX v NYL T-8h    missing_job_did_not_run    no base record for ANY game on 2026-08-01 at T-8h
  2026-08-01 PHX v NYL T-30m   missing_job_did_not_run    no base record for ANY game on 2026-08-01 at T-30m
  2026-08-02 DAL v CON T-24h   missing_job_did_not_run    no base record for ANY game on 2026-08-02 at T-24h
  2026-08-02 DAL v CON T-8h    missing_job_did_not_run    no base record for ANY game on 2026-08-02 at T-8h
  2026-08-02 DAL v CON T-90m   missing_job_did_not_run    no base record for ANY game on 2026-08-02 at T-90m
  2026-08-02 DAL v CON T-30m   missing_job_did_not_run    no base record for ANY game on 2026-08-02 at T-30m
  2026-08-02 GSV v TOR T-24h   missing_job_did_not_run    no base record for ANY game on 2026-08-02 at T-24h
  2026-08-02 GSV v TOR T-8h    missing_job_did_not_run    no base record for ANY game on 2026-08-02 at T-8h
  2026-08-02 GSV v TOR T-90m   missing_job_did_not_run    no base record for ANY game on 2026-08-02 at T-90m
  2026-08-02 GSV v TOR T-30m   missing_job_did_not_run    no base record for ANY game on 2026-08-02 at T-30m
  2026-08-02 MIN v IND T-24h   missing_job_did_not_run    no base record for ANY game on 2026-08-02 at T-24h
  2026-08-02 MIN v IND T-8h    missing_job_did_not_run    no base record for ANY game on 2026-08-02 at T-8h
  2026-08-02 MIN v IND T-90m   missing_job_did_not_run    no base record for ANY game on 2026-08-02 at T-90m
  2026-08-02 MIN v IND T-30m   missing_job_did_not_run    no base record for ANY game on 2026-08-02 at T-30m
  2026-08-02 PDX v LAS T-24h   missing_job_did_not_run    no base record for ANY game on 2026-08-02 at T-24h
  2026-08-02 PDX v LAS T-8h    missing_job_did_not_run    no base record for ANY game on 2026-08-02 at T-8h
  2026-08-02 PDX v LAS T-90m   missing_job_did_not_run    no base record for ANY game on 2026-08-02 at T-90m
  2026-08-02 PDX v LAS T-30m   missing_job_did_not_run    no base record for ANY game on 2026-08-02 at T-30m
  2026-08-03 NYL v SEA T-24h   missing_job_did_not_run    no base record for ANY game on 2026-08-03 at T-24h
  2026-08-03 NYL v SEA T-30m   late_record                created 2026-08-03T22:45:08.958486+00:00 after cutoff
  2026-08-03 ATL v LVA T-24h   missing_job_did_not_run    no base record for ANY game on 2026-08-03 at T-24h
  2026-08-03 ATL v LVA T-30m   late_record                created 2026-08-03T22:45:08.976775+00:00 after cutoff
  2026-08-03 CHI v PHX T-24h   missing_job_did_not_run    no base record for ANY game on 2026-08-03 at T-24h
  2026-08-03 CHI v PHX T-30m   missing_data_unavailable   job served 2 other game(s) on 2026-08-03 at T-30m
  2026-08-04 GSV v TOR T-24h   missing_job_did_not_run    no base record for ANY game on 2026-08-04 at T-24h
  2026-08-05 WAS v DAL T-24h   missing_job_did_not_run    no base record for ANY game on 2026-08-05 at T-24h
  2026-08-05 NYL v SEA T-24h   missing_job_did_not_run    no base record for ANY game on 2026-08-05 at T-24h
  2026-08-05 NYL v SEA T-30m   late_record                created 2026-08-05T22:45:07.299457+00:00 after cutoff
  2026-08-05 ATL v PHX T-24h   missing_job_did_not_run    no base record for ANY game on 2026-08-05 at T-24h
  2026-08-05 ATL v PHX T-30m   late_record                created 2026-08-05T22:45:07.274521+00:00 after cutoff
  2026-08-05 CHI v LAS T-24h   missing_job_did_not_run    no base record for ANY game on 2026-08-05 at T-24h
  2026-08-05 CHI v LAS T-30m   missing_data_unavailable   job served 3 other game(s) on 2026-08-05 at T-30m
  2026-08-06 IND v LVA T-24h   missing_job_did_not_run    no base record for ANY game on 2026-08-06 at T-24h
  2026-08-06 IND v LVA T-30m   late_record                created 2026-08-06T22:45:09.382682+00:00 after cutoff
  2026-08-06 PDX v TOR T-24h   missing_job_did_not_run    no base record for ANY game on 2026-08-06 at T-24h
  2026-08-06 MIN v LAS T-24h   missing_job_did_not_run    no base record for ANY game on 2026-08-06 at T-24h
  2026-08-06 MIN v LAS T-30m   missing_data_unavailable   job served 2 other game(s) on 2026-08-06 at T-30m
  2026-08-07 WAS v ATL T-24h   missing_job_did_not_run    no base record for ANY game on 2026-08-07 at T-24h
  2026-08-07 CON v PHX T-24h   missing_job_did_not_run    no base record for ANY game on 2026-08-07 at T-24h
  2026-08-07 DAL v GSV T-24h   missing_job_did_not_run    no base record for ANY game on 2026-08-07 at T-24h
  2026-08-08 CHI v IND T-24h   missing_job_did_not_run    no base record for ANY game on 2026-08-08 at T-24h
  2026-08-08 CHI v IND T-90m   missing_data_unavailable   job served 2 other game(s) on 2026-08-08 at T-90m
  2026-08-08 CHI v IND T-30m   missing_data_unavailable   job served 1 other game(s) on 2026-08-08 at T-30m
  2026-08-08 MIN v LVA T-24h   missing_job_did_not_run    no base record for ANY game on 2026-08-08 at T-24h
  2026-08-08 MIN v LVA T-30m   missing_data_unavailable   job served 1 other game(s) on 2026-08-08 at T-30m
  2026-08-08 PDX v SEA T-24h   missing_job_did_not_run    no base record for ANY game on 2026-08-08 at T-24h
  2026-08-09 WAS v PHX T-24h   missing_job_did_not_run    no base record for ANY game on 2026-08-09 at T-24h
  2026-08-09 WAS v PHX T-8h    missing_job_did_not_run    no base record for ANY game on 2026-08-09 at T-8h
  2026-08-09 WAS v PHX T-90m   missing_job_did_not_run    no base record for ANY game on 2026-08-09 at T-90m
  2026-08-09 WAS v PHX T-30m   missing_job_did_not_run    no base record for ANY game on 2026-08-09 at T-30m
  2026-08-09 LAS v GSV T-24h   missing_job_did_not_run    no base record for ANY game on 2026-08-09 at T-24h
  2026-08-09 LAS v GSV T-8h    missing_job_did_not_run    no base record for ANY game on 2026-08-09 at T-8h
  2026-08-09 LAS v GSV T-90m   missing_job_did_not_run    no base record for ANY game on 2026-08-09 at T-90m
  2026-08-09 LAS v GSV T-30m   missing_job_did_not_run    no base record for ANY game on 2026-08-09 at T-30m
  2026-08-09 NYL v LVA T-24h   missing_job_did_not_run    no base record for ANY game on 2026-08-09 at T-24h
  2026-08-09 NYL v LVA T-8h    missing_job_did_not_run    no base record for ANY game on 2026-08-09 at T-8h
  2026-08-09 NYL v LVA T-90m   missing_job_did_not_run    no base record for ANY game on 2026-08-09 at T-90m
  2026-08-09 NYL v LVA T-30m   missing_job_did_not_run    no base record for ANY game on 2026-08-09 at T-30m
  2026-08-09 MIN v DAL T-24h   missing_job_did_not_run    no base record for ANY game on 2026-08-09 at T-24h
  2026-08-09 MIN v DAL T-8h    missing_job_did_not_run    no base record for ANY game on 2026-08-09 at T-8h
  2026-08-09 MIN v DAL T-90m   missing_job_did_not_run    no base record for ANY game on 2026-08-09 at T-90m
  2026-08-09 MIN v DAL T-30m   missing_job_did_not_run    no base record for ANY game on 2026-08-09 at T-30m
  2026-08-15 WAS v LAS T-24h   missing_job_did_not_run    no base record for ANY game on 2026-08-15 at T-24h
  2026-08-15 WAS v LAS T-8h    missing_job_did_not_run    no base record for ANY game on 2026-08-15 at T-8h
  2026-08-15 LVA v MIN T-24h   missing_job_did_not_run    no base record for ANY game on 2026-08-15 at T-24h
  2026-08-15 LVA v MIN T-8h    missing_job_did_not_run    no base record for ANY game on 2026-08-15 at T-8h
  2026-08-16 ATL v IND T-24h   missing_job_did_not_run    no base record for ANY game on 2026-08-16 at T-24h
  2026-08-16 ATL v IND T-8h    missing_job_did_not_run    no base record for ANY game on 2026-08-16 at T-8h
  2026-08-16 ATL v IND T-30m   missing_data_unavailable   job served 1 other game(s) on 2026-08-16 at T-30m
  2026-08-16 SEA v CHI T-24h   missing_job_did_not_run    no base record for ANY game on 2026-08-16 at T-24h
  2026-08-16 SEA v CHI T-8h    missing_job_did_not_run    no base record for ANY game on 2026-08-16 at T-8h
  2026-08-16 SEA v CHI T-30m   missing_data_unavailable   job served 1 other game(s) on 2026-08-16 at T-30m
  2026-08-16 PHX v PDX T-24h   missing_job_did_not_run    no base record for ANY game on 2026-08-16 at T-24h
  2026-08-16 PHX v PDX T-8h    missing_job_did_not_run    no base record for ANY game on 2026-08-16 at T-8h

wrote forecasts/coverage_audit.csv and forecasts/coverage_receipt.json
[audit] exit=0 
==== Sun 08/16/2026 18:45:02.26 ==== 
[gate] 2026-08-16T22:45:02.951759+00:00  fire=False  -- would duplicate 1 already-served obligation(s); the base job cannot be scoped to one game; 2 slate game(s) have no official game_id and were served under a provisional id: GSV v DAL (2026-08-17) -> PROV-2026-08-17-DAL@GSV, CON v LAS (2026-08-18) -> PROV-2026-08-18-LAS@CON
       PHX v PDX      T-30m   SERVED   cutoff 2026-08-16T22:30:00 (-15 min) 
       GSV v DAL      T-24h   unserved cutoff 2026-08-17T02:00:00 (+195 min) 
       CON v LAS      T-24h   unserved cutoff 2026-08-17T23:00:00 (+1455 min) 
[gate] HOLDING: firing now would append 1 permanent duplicate record(s) to an append-only chain. A missed obligation is recoverable; a duplicate is not.
[gate] skipping the base job
[base] skipped - no unserved obligation in its lead window 
[base] exit=0 
================================================================================================
PROSPECTIVE PAIR RUNNER  2026-08-16T22:45:03.943683+00:00  model=ridge_score_level_w2c1_v1 hash=5d295bb8b99cd34e
================================================================================================
base records in official chain: 74
  late_prevented #0 ATL v SEA @ T-8h                cutoff 2026-07-31T15:35:00+00:00 already passed at 2026-08-1
  late_prevented #1 WAS v DAL @ T-8h                cutoff 2026-07-31T15:35:00+00:00 already passed at 2026-08-1
  late_prevented #2 PDX v IND @ T-8h                cutoff 2026-07-31T18:06:00+00:00 already passed at 2026-08-1
  late_prevented #3 ATL v SEA @ T-30m               cutoff 2026-07-31T23:05:00+00:00 already passed at 2026-08-1
  late_prevented #4 WAS v DAL @ T-30m               cutoff 2026-07-31T23:05:00+00:00 already passed at 2026-08-1
  late_prevented #5 PDX v IND @ T-90m               cutoff 2026-08-01T00:36:00+00:00 already passed at 2026-08-1
  late_prevented #6 CHI v LVA @ T-90m               cutoff 2026-08-01T15:35:00+00:00 already passed at 2026-08-1
  late_prevented #7 PHX v NYL @ T-90m               cutoff 2026-08-01T17:34:00+00:00 already passed at 2026-08-1
  skip           #8 CHI v LVA @ unknown-tip         base record is an explicit no-forecast; nothing to pair
  skip           #9 PHX v NYL @ unknown-tip         base record is an explicit no-forecast; nothing to pair
  late_prevented #10 NYL v SEA @ T-8h               cutoff 2026-08-03T15:04:00+00:00 already passed at 2026-08-1
  late_prevented #11 ATL v LVA @ T-8h               cutoff 2026-08-03T15:14:00+00:00 already passed at 2026-08-1
  late_prevented #12 CHI v PHX @ T-8h               cutoff 2026-08-03T17:08:00+00:00 already passed at 2026-08-1
  already_logged #13 NYL v SEA @ T-90m              idempotent: pair exists
  already_logged #14 ATL v LVA @ T-90m              idempotent: pair exists
  already_logged #15 CHI v PHX @ T-90m              idempotent: pair exists
  already_logged #16 NYL v SEA @ T-90m              idempotent: pair exists
  already_logged #17 ATL v LVA @ T-90m              idempotent: pair exists
  already_logged #18 CHI v PHX @ T-90m              idempotent: pair exists
  late_prevented #19 NYL v SEA @ T-30m              cutoff 2026-08-03T22:34:00+00:00 already passed at 2026-08-1
  late_prevented #20 ATL v LVA @ T-30m              cutoff 2026-08-03T22:44:00+00:00 already passed at 2026-08-1
  already_logged #21 CHI v PHX @ T-90m              idempotent: pair exists
  already_logged #22 GSV v TOR @ T-8h               idempotent: pair exists
  already_logged #23 GSV v TOR @ T-90m              idempotent: pair exists
  already_logged #24 GSV v TOR @ T-30m              idempotent: pair exists
  already_logged #25 ATL v PHX @ T-8h               idempotent: pair exists
  already_logged #26 NYL v SEA @ T-8h               idempotent: pair exists
  already_logged #27 WAS v DAL @ T-8h               idempotent: pair exists
  already_logged #28 CHI v LAS @ T-8h               idempotent: pair exists
  already_logged #29 ATL v PHX @ T-90m              idempotent: pair exists
  already_logged #30 NYL v SEA @ T-90m              idempotent: pair exists
  already_logged #31 WAS v DAL @ T-90m              idempotent: pair exists
  already_logged #32 CHI v LAS @ T-90m              idempotent: pair exists
  late_prevented #33 ATL v PHX @ T-30m              cutoff 2026-08-05T22:33:00+00:00 already passed at 2026-08-1
  late_prevented #34 NYL v SEA @ T-30m              cutoff 2026-08-05T22:38:00+00:00 already passed at 2026-08-1
  already_logged #35 WAS v DAL @ T-30m              idempotent: pair exists
  already_logged #36 CHI v LAS @ T-90m              idempotent: pair exists
  already_logged #37 IND v LVA @ T-8h               idempotent: pair exists
  already_logged #38 MIN v LAS @ T-8h               idempotent: pair exists
  already_logged #39 PDX v TOR @ T-8h               idempotent: pair exists
  already_logged #40 IND v LVA @ T-90m              idempotent: pair exists
  already_logged #41 MIN v LAS @ T-90m              idempotent: pair exists
  already_logged #42 PDX v TOR @ T-90m              idempotent: pair exists
  late_prevented #43 IND v LVA @ T-30m              cutoff 2026-08-06T22:36:00+00:00 already passed at 2026-08-1
  already_logged #44 PDX v TOR @ T-30m              idempotent: pair exists
  already_logged #45 CON v PHX @ T-8h               idempotent: pair exists
  already_logged #46 WAS v ATL @ T-8h               idempotent: pair exists
  already_logged #47 DAL v GSV @ T-8h               idempotent: pair exists
  already_logged #48 CON v PHX @ T-90m              idempotent: pair exists
  already_logged #49 WAS v ATL @ T-90m              idempotent: pair exists
  already_logged #50 DAL v GSV @ T-90m              idempotent: pair exists
  already_logged #51 CON v PHX @ T-30m              idempotent: pair exists
  already_logged #52 WAS v ATL @ T-30m              idempotent: pair exists
  already_logged #53 DAL v GSV @ T-30m              idempotent: pair exists
  already_logged #54 MIN v LVA @ T-8h               idempotent: pair exists
  already_logged #55 CHI v IND @ T-8h               idempotent: pair exists
  already_logged #56 PDX v SEA @ T-8h               idempotent: pair exists
  already_logged #57 MIN v LVA @ T-90m              idempotent: pair exists
  late_prevented #58 CHI v IND @ T-8h               cutoff 2026-08-08T11:35:00+00:00 already passed at 2026-08-1
  already_logged #59 PDX v SEA @ T-8h               idempotent: pair exists
  already_logged #60 PDX v SEA @ T-90m              idempotent: pair exists
  skip           #61 CHI v IND @ unknown-tip        base record is an explicit no-forecast; nothing to pair
  skip           #62 MIN v LVA @ unknown-tip        base record is an explicit no-forecast; nothing to pair
  already_logged #63 PDX v SEA @ T-30m              idempotent: pair exists
  already_logged #64 WAS v LAS @ T-90m              idempotent: pair exists
  already_logged #65 LVA v MIN @ T-90m              idempotent: pair exists
  already_logged #66 WAS v LAS @ T-30m              idempotent: pair exists
  late_prevented #67 LVA v MIN @ T-90m              cutoff 2026-08-15T22:35:00+00:00 already passed at 2026-08-1
  skip           #68 CON v NYL @ unknown-tip        base record is an explicit no-forecast; nothing to pair
  late_prevented #69 LVA v MIN @ T-30m              cutoff 2026-08-15T23:35:00+00:00 already passed at 2026-08-1
  already_logged #70 ATL v IND @ T-90m              idempotent: pair exists
  already_logged #71 SEA v CHI @ T-90m              idempotent: pair exists
  already_logged #72 PHX v PDX @ T-90m              idempotent: pair exists
  already_logged #73 PHX v PDX @ T-30m              idempotent: pair exists

  already_logged=50, late_prevented=19, skip=5
  arm chain: ok=True n=45 tip=ed3d0ca9d3a991c1
  receipt appended to prospective_pair_runs.jsonl
[arm] exit=0 
====================================================================================================
FORECAST COVERAGE AUDIT   generated 2026-08-16T22:45:05.019750+00:00
====================================================================================================

CUMULATIVE by classification
  missing_job_did_not_run      65
  forecast_logged              56
  before_period_start          15
  missing_data_unavailable     11
  not_yet_due                  8
  late_record                  5

  obligations 160 | due 137 | served 56 | coverage 40.9%
  operational misses 65 | unexplained 0
  PROMOTION-GRADE: NO   (needs >= 95% served, <= 0 operational misses, all explained)

DAILY
  date         oblig  served     due     excl    opmiss arm_recs
  2026-07-30      12       0       0       12         0        0
  2026-07-31      12       6       9        3         0        0
  2026-08-01       8       2       8        0         6        0
  2026-08-02      16       0      16        0        16        0
  2026-08-03      12       6      12        0         3        3
  2026-08-04       4       3       4        0         1        3
  2026-08-05      16       9      16        0         4        9
  2026-08-06      12       7      12        0         3        7
  2026-08-07      12       9      12        0         3        9
  2026-08-08      12       6      12        0         3        4
  2026-08-09      16       0      16        0        16        0
  2026-08-15       8       4       8        0         4        1
  2026-08-16      12       4      12        0         6        0
  2026-08-17       4       0       0        4         0        0
  2026-08-18       4       0       0        4         0        0

EVERY MISSING OR IRREGULAR OBLIGATION (each must carry an explanation)
  2026-07-31 ATL v SEA T-90m   missing_data_unavailable   job served 1 other game(s) on 2026-07-31 at T-90m
  2026-07-31 WAS v DAL T-90m   missing_data_unavailable   job served 1 other game(s) on 2026-07-31 at T-90m
  2026-07-31 PDX v IND T-30m   missing_data_unavailable   job served 2 other game(s) on 2026-07-31 at T-30m
  2026-08-01 CHI v LVA T-24h   missing_job_did_not_run    no base record for ANY game on 2026-08-01 at T-24h
  2026-08-01 CHI v LVA T-8h    missing_job_did_not_run    no base record for ANY game on 2026-08-01 at T-8h
  2026-08-01 CHI v LVA T-30m   missing_job_did_not_run    no base record for ANY game on 2026-08-01 at T-30m
  2026-08-01 PHX v NYL T-24h   missing_job_did_not_run    no base record for ANY game on 2026-08-01 at T-24h
  2026-08-01 PHX v NYL T-8h    missing_job_did_not_run    no base record for ANY game on 2026-08-01 at T-8h
  2026-08-01 PHX v NYL T-30m   missing_job_did_not_run    no base record for ANY game on 2026-08-01 at T-30m
  2026-08-02 DAL v CON T-24h   missing_job_did_not_run    no base record for ANY game on 2026-08-02 at T-24h
  2026-08-02 DAL v CON T-8h    missing_job_did_not_run    no base record for ANY game on 2026-08-02 at T-8h
  2026-08-02 DAL v CON T-90m   missing_job_did_not_run    no base record for ANY game on 2026-08-02 at T-90m
  2026-08-02 DAL v CON T-30m   missing_job_did_not_run    no base record for ANY game on 2026-08-02 at T-30m
  2026-08-02 GSV v TOR T-24h   missing_job_did_not_run    no base record for ANY game on 2026-08-02 at T-24h
  2026-08-02 GSV v TOR T-8h    missing_job_did_not_run    no base record for ANY game on 2026-08-02 at T-8h
  2026-08-02 GSV v TOR T-90m   missing_job_did_not_run    no base record for ANY game on 2026-08-02 at T-90m
  2026-08-02 GSV v TOR T-30m   missing_job_did_not_run    no base record for ANY game on 2026-08-02 at T-30m
  2026-08-02 MIN v IND T-24h   missing_job_did_not_run    no base record for ANY game on 2026-08-02 at T-24h
  2026-08-02 MIN v IND T-8h    missing_job_did_not_run    no base record for ANY game on 2026-08-02 at T-8h
  2026-08-02 MIN v IND T-90m   missing_job_did_not_run    no base record for ANY game on 2026-08-02 at T-90m
  2026-08-02 MIN v IND T-30m   missing_job_did_not_run    no base record for ANY game on 2026-08-02 at T-30m
  2026-08-02 PDX v LAS T-24h   missing_job_did_not_run    no base record for ANY game on 2026-08-02 at T-24h
  2026-08-02 PDX v LAS T-8h    missing_job_did_not_run    no base record for ANY game on 2026-08-02 at T-8h
  2026-08-02 PDX v LAS T-90m   missing_job_did_not_run    no base record for ANY game on 2026-08-02 at T-90m
  2026-08-02 PDX v LAS T-30m   missing_job_did_not_run    no base record for ANY game on 2026-08-02 at T-30m
  2026-08-03 NYL v SEA T-24h   missing_job_did_not_run    no base record for ANY game on 2026-08-03 at T-24h
  2026-08-03 NYL v SEA T-30m   late_record                created 2026-08-03T22:45:08.958486+00:00 after cutoff
  2026-08-03 ATL v LVA T-24h   missing_job_did_not_run    no base record for ANY game on 2026-08-03 at T-24h
  2026-08-03 ATL v LVA T-30m   late_record                created 2026-08-03T22:45:08.976775+00:00 after cutoff
  2026-08-03 CHI v PHX T-24h   missing_job_did_not_run    no base record for ANY game on 2026-08-03 at T-24h
  2026-08-03 CHI v PHX T-30m   missing_data_unavailable   job served 2 other game(s) on 2026-08-03 at T-30m
  2026-08-04 GSV v TOR T-24h   missing_job_did_not_run    no base record for ANY game on 2026-08-04 at T-24h
  2026-08-05 WAS v DAL T-24h   missing_job_did_not_run    no base record for ANY game on 2026-08-05 at T-24h
  2026-08-05 NYL v SEA T-24h   missing_job_did_not_run    no base record for ANY game on 2026-08-05 at T-24h
  2026-08-05 NYL v SEA T-30m   late_record                created 2026-08-05T22:45:07.299457+00:00 after cutoff
  2026-08-05 ATL v PHX T-24h   missing_job_did_not_run    no base record for ANY game on 2026-08-05 at T-24h
  2026-08-05 ATL v PHX T-30m   late_record                created 2026-08-05T22:45:07.274521+00:00 after cutoff
  2026-08-05 CHI v LAS T-24h   missing_job_did_not_run    no base record for ANY game on 2026-08-05 at T-24h
  2026-08-05 CHI v LAS T-30m   missing_data_unavailable   job served 3 other game(s) on 2026-08-05 at T-30m
  2026-08-06 IND v LVA T-24h   missing_job_did_not_run    no base record for ANY game on 2026-08-06 at T-24h
  2026-08-06 IND v LVA T-30m   late_record                created 2026-08-06T22:45:09.382682+00:00 after cutoff
  2026-08-06 PDX v TOR T-24h   missing_job_did_not_run    no base record for ANY game on 2026-08-06 at T-24h
  2026-08-06 MIN v LAS T-24h   missing_job_did_not_run    no base record for ANY game on 2026-08-06 at T-24h
  2026-08-06 MIN v LAS T-30m   missing_data_unavailable   job served 2 other game(s) on 2026-08-06 at T-30m
  2026-08-07 WAS v ATL T-24h   missing_job_did_not_run    no base record for ANY game on 2026-08-07 at T-24h
  2026-08-07 CON v PHX T-24h   missing_job_did_not_run    no base record for ANY game on 2026-08-07 at T-24h
  2026-08-07 DAL v GSV T-24h   missing_job_did_not_run    no base record for ANY game on 2026-08-07 at T-24h
  2026-08-08 CHI v IND T-24h   missing_job_did_not_run    no base record for ANY game on 2026-08-08 at T-24h
  2026-08-08 CHI v IND T-90m   missing_data_unavailable   job served 2 other game(s) on 2026-08-08 at T-90m
  2026-08-08 CHI v IND T-30m   missing_data_unavailable   job served 1 other game(s) on 2026-08-08 at T-30m
  2026-08-08 MIN v LVA T-24h   missing_job_did_not_run    no base record for ANY game on 2026-08-08 at T-24h
  2026-08-08 MIN v LVA T-30m   missing_data_unavailable   job served 1 other game(s) on 2026-08-08 at T-30m
  2026-08-08 PDX v SEA T-24h   missing_job_did_not_run    no base record for ANY game on 2026-08-08 at T-24h
  2026-08-09 WAS v PHX T-24h   missing_job_did_not_run    no base record for ANY game on 2026-08-09 at T-24h
  2026-08-09 WAS v PHX T-8h    missing_job_did_not_run    no base record for ANY game on 2026-08-09 at T-8h
  2026-08-09 WAS v PHX T-90m   missing_job_did_not_run    no base record for ANY game on 2026-08-09 at T-90m
  2026-08-09 WAS v PHX T-30m   missing_job_did_not_run    no base record for ANY game on 2026-08-09 at T-30m
  2026-08-09 LAS v GSV T-24h   missing_job_did_not_run    no base record for ANY game on 2026-08-09 at T-24h
  2026-08-09 LAS v GSV T-8h    missing_job_did_not_run    no base record for ANY game on 2026-08-09 at T-8h
  2026-08-09 LAS v GSV T-90m   missing_job_did_not_run    no base record for ANY game on 2026-08-09 at T-90m
  2026-08-09 LAS v GSV T-30m   missing_job_did_not_run    no base record for ANY game on 2026-08-09 at T-30m
  2026-08-09 NYL v LVA T-24h   missing_job_did_not_run    no base record for ANY game on 2026-08-09 at T-24h
  2026-08-09 NYL v LVA T-8h    missing_job_did_not_run    no base record for ANY game on 2026-08-09 at T-8h
  2026-08-09 NYL v LVA T-90m   missing_job_did_not_run    no base record for ANY game on 2026-08-09 at T-90m
  2026-08-09 NYL v LVA T-30m   missing_job_did_not_run    no base record for ANY game on 2026-08-09 at T-30m
  2026-08-09 MIN v DAL T-24h   missing_job_did_not_run    no base record for ANY game on 2026-08-09 at T-24h
  2026-08-09 MIN v DAL T-8h    missing_job_did_not_run    no base record for ANY game on 2026-08-09 at T-8h
  2026-08-09 MIN v DAL T-90m   missing_job_did_not_run    no base record for ANY game on 2026-08-09 at T-90m
  2026-08-09 MIN v DAL T-30m   missing_job_did_not_run    no base record for ANY game on 2026-08-09 at T-30m
  2026-08-15 WAS v LAS T-24h   missing_job_did_not_run    no base record for ANY game on 2026-08-15 at T-24h
  2026-08-15 WAS v LAS T-8h    missing_job_did_not_run    no base record for ANY game on 2026-08-15 at T-8h
  2026-08-15 LVA v MIN T-24h   missing_job_did_not_run    no base record for ANY game on 2026-08-15 at T-24h
  2026-08-15 LVA v MIN T-8h    missing_job_did_not_run    no base record for ANY game on 2026-08-15 at T-8h
  2026-08-16 ATL v IND T-24h   missing_job_did_not_run    no base record for ANY game on 2026-08-16 at T-24h
  2026-08-16 ATL v IND T-8h    missing_job_did_not_run    no base record for ANY game on 2026-08-16 at T-8h
  2026-08-16 ATL v IND T-30m   missing_data_unavailable   job served 1 other game(s) on 2026-08-16 at T-30m
  2026-08-16 SEA v CHI T-24h   missing_job_did_not_run    no base record for ANY game on 2026-08-16 at T-24h
  2026-08-16 SEA v CHI T-8h    missing_job_did_not_run    no base record for ANY game on 2026-08-16 at T-8h
  2026-08-16 SEA v CHI T-30m   missing_data_unavailable   job served 1 other game(s) on 2026-08-16 at T-30m
  2026-08-16 PHX v PDX T-24h   missing_job_did_not_run    no base record for ANY game on 2026-08-16 at T-24h
  2026-08-16 PHX v PDX T-8h    missing_job_did_not_run    no base record for ANY game on 2026-08-16 at T-8h

wrote forecasts/coverage_audit.csv and forecasts/coverage_receipt.json
[audit] exit=0 
==== Sun 08/16/2026 19:00:02.55 ==== 
[gate] 2026-08-16T23:00:03.413874+00:00  fire=False  -- would duplicate 1 already-served obligation(s); the base job cannot be scoped to one game; 2 slate game(s) have no official game_id and were served under a provisional id: GSV v DAL (2026-08-17) -> PROV-2026-08-17-DAL@GSV, CON v LAS (2026-08-18) -> PROV-2026-08-18-LAS@CON
       PHX v PDX      T-30m   SERVED   cutoff 2026-08-16T22:32:00 (-28 min) 
       GSV v DAL      T-24h   unserved cutoff 2026-08-17T02:00:00 (+180 min) 
       CON v LAS      T-24h   unserved cutoff 2026-08-17T23:00:00 (+1440 min) 
[gate] HOLDING: firing now would append 1 permanent duplicate record(s) to an append-only chain. A missed obligation is recoverable; a duplicate is not.
[gate] skipping the base job
[base] skipped - no unserved obligation in its lead window 
[base] exit=0 
================================================================================================
PROSPECTIVE PAIR RUNNER  2026-08-16T23:00:04.369510+00:00  model=ridge_score_level_w2c1_v1 hash=5d295bb8b99cd34e
================================================================================================
base records in official chain: 75
  late_prevented #0 ATL v SEA @ T-8h                cutoff 2026-07-31T15:35:00+00:00 already passed at 2026-08-1
  late_prevented #1 WAS v DAL @ T-8h                cutoff 2026-07-31T15:35:00+00:00 already passed at 2026-08-1
  late_prevented #2 PDX v IND @ T-8h                cutoff 2026-07-31T18:06:00+00:00 already passed at 2026-08-1
  late_prevented #3 ATL v SEA @ T-30m               cutoff 2026-07-31T23:05:00+00:00 already passed at 2026-08-1
  late_prevented #4 WAS v DAL @ T-30m               cutoff 2026-07-31T23:05:00+00:00 already passed at 2026-08-1
  late_prevented #5 PDX v IND @ T-90m               cutoff 2026-08-01T00:36:00+00:00 already passed at 2026-08-1
  late_prevented #6 CHI v LVA @ T-90m               cutoff 2026-08-01T15:35:00+00:00 already passed at 2026-08-1
  late_prevented #7 PHX v NYL @ T-90m               cutoff 2026-08-01T17:34:00+00:00 already passed at 2026-08-1
  skip           #8 CHI v LVA @ unknown-tip         base record is an explicit no-forecast; nothing to pair
  skip           #9 PHX v NYL @ unknown-tip         base record is an explicit no-forecast; nothing to pair
  late_prevented #10 NYL v SEA @ T-8h               cutoff 2026-08-03T15:04:00+00:00 already passed at 2026-08-1
  late_prevented #11 ATL v LVA @ T-8h               cutoff 2026-08-03T15:14:00+00:00 already passed at 2026-08-1
  late_prevented #12 CHI v PHX @ T-8h               cutoff 2026-08-03T17:08:00+00:00 already passed at 2026-08-1
  already_logged #13 NYL v SEA @ T-90m              idempotent: pair exists
  already_logged #14 ATL v LVA @ T-90m              idempotent: pair exists
  already_logged #15 CHI v PHX @ T-90m              idempotent: pair exists
  already_logged #16 NYL v SEA @ T-90m              idempotent: pair exists
  already_logged #17 ATL v LVA @ T-90m              idempotent: pair exists
  already_logged #18 CHI v PHX @ T-90m              idempotent: pair exists
  late_prevented #19 NYL v SEA @ T-30m              cutoff 2026-08-03T22:34:00+00:00 already passed at 2026-08-1
  late_prevented #20 ATL v LVA @ T-30m              cutoff 2026-08-03T22:44:00+00:00 already passed at 2026-08-1
  already_logged #21 CHI v PHX @ T-90m              idempotent: pair exists
  already_logged #22 GSV v TOR @ T-8h               idempotent: pair exists
  already_logged #23 GSV v TOR @ T-90m              idempotent: pair exists
  already_logged #24 GSV v TOR @ T-30m              idempotent: pair exists
  already_logged #25 ATL v PHX @ T-8h               idempotent: pair exists
  already_logged #26 NYL v SEA @ T-8h               idempotent: pair exists
  already_logged #27 WAS v DAL @ T-8h               idempotent: pair exists
  already_logged #28 CHI v LAS @ T-8h               idempotent: pair exists
  already_logged #29 ATL v PHX @ T-90m              idempotent: pair exists
  already_logged #30 NYL v SEA @ T-90m              idempotent: pair exists
  already_logged #31 WAS v DAL @ T-90m              idempotent: pair exists
  already_logged #32 CHI v LAS @ T-90m              idempotent: pair exists
  late_prevented #33 ATL v PHX @ T-30m              cutoff 2026-08-05T22:33:00+00:00 already passed at 2026-08-1
  late_prevented #34 NYL v SEA @ T-30m              cutoff 2026-08-05T22:38:00+00:00 already passed at 2026-08-1
  already_logged #35 WAS v DAL @ T-30m              idempotent: pair exists
  already_logged #36 CHI v LAS @ T-90m              idempotent: pair exists
  already_logged #37 IND v LVA @ T-8h               idempotent: pair exists
  already_logged #38 MIN v LAS @ T-8h               idempotent: pair exists
  already_logged #39 PDX v TOR @ T-8h               idempotent: pair exists
  already_logged #40 IND v LVA @ T-90m              idempotent: pair exists
  already_logged #41 MIN v LAS @ T-90m              idempotent: pair exists
  already_logged #42 PDX v TOR @ T-90m              idempotent: pair exists
  late_prevented #43 IND v LVA @ T-30m              cutoff 2026-08-06T22:36:00+00:00 already passed at 2026-08-1
  already_logged #44 PDX v TOR @ T-30m              idempotent: pair exists
  already_logged #45 CON v PHX @ T-8h               idempotent: pair exists
  already_logged #46 WAS v ATL @ T-8h               idempotent: pair exists
  already_logged #47 DAL v GSV @ T-8h               idempotent: pair exists
  already_logged #48 CON v PHX @ T-90m              idempotent: pair exists
  already_logged #49 WAS v ATL @ T-90m              idempotent: pair exists
  already_logged #50 DAL v GSV @ T-90m              idempotent: pair exists
  already_logged #51 CON v PHX @ T-30m              idempotent: pair exists
  already_logged #52 WAS v ATL @ T-30m              idempotent: pair exists
  already_logged #53 DAL v GSV @ T-30m              idempotent: pair exists
  already_logged #54 MIN v LVA @ T-8h               idempotent: pair exists
  already_logged #55 CHI v IND @ T-8h               idempotent: pair exists
  already_logged #56 PDX v SEA @ T-8h               idempotent: pair exists
  already_logged #57 MIN v LVA @ T-90m              idempotent: pair exists
  late_prevented #58 CHI v IND @ T-8h               cutoff 2026-08-08T11:35:00+00:00 already passed at 2026-08-1
  already_logged #59 PDX v SEA @ T-8h               idempotent: pair exists
  already_logged #60 PDX v SEA @ T-90m              idempotent: pair exists
  skip           #61 CHI v IND @ unknown-tip        base record is an explicit no-forecast; nothing to pair
  skip           #62 MIN v LVA @ unknown-tip        base record is an explicit no-forecast; nothing to pair
  already_logged #63 PDX v SEA @ T-30m              idempotent: pair exists
  already_logged #64 WAS v LAS @ T-90m              idempotent: pair exists
  already_logged #65 LVA v MIN @ T-90m              idempotent: pair exists
  already_logged #66 WAS v LAS @ T-30m              idempotent: pair exists
  late_prevented #67 LVA v MIN @ T-90m              cutoff 2026-08-15T22:35:00+00:00 already passed at 2026-08-1
  skip           #68 CON v NYL @ unknown-tip        base record is an explicit no-forecast; nothing to pair
  late_prevented #69 LVA v MIN @ T-30m              cutoff 2026-08-15T23:35:00+00:00 already passed at 2026-08-1
  already_logged #70 ATL v IND @ T-90m              idempotent: pair exists
  already_logged #71 SEA v CHI @ T-90m              idempotent: pair exists
  already_logged #72 PHX v PDX @ T-90m              idempotent: pair exists
  already_logged #73 PHX v PDX @ T-30m              idempotent: pair exists
  late_prevented #74 PHX v PDX @ T-30m              cutoff 2026-08-16T22:32:00+00:00 already passed at 2026-08-1

  already_logged=50, late_prevented=20, skip=5
  arm chain: ok=True n=45 tip=ed3d0ca9d3a991c1
  receipt appended to prospective_pair_runs.jsonl
[arm] exit=0 
====================================================================================================
FORECAST COVERAGE AUDIT   generated 2026-08-16T23:00:05.412685+00:00
====================================================================================================

CUMULATIVE by classification
  missing_job_did_not_run      65
  forecast_logged              56
  before_period_start          15
  missing_data_unavailable     11
  not_yet_due                  8
  late_record                  5

  obligations 160 | due 137 | served 56 | coverage 40.9%
  operational misses 65 | unexplained 0
  PROMOTION-GRADE: NO   (needs >= 95% served, <= 0 operational misses, all explained)

DAILY
  date         oblig  served     due     excl    opmiss arm_recs
  2026-07-30      12       0       0       12         0        0
  2026-07-31      12       6       9        3         0        0
  2026-08-01       8       2       8        0         6        0
  2026-08-02      16       0      16        0        16        0
  2026-08-03      12       6      12        0         3        3
  2026-08-04       4       3       4        0         1        3
  2026-08-05      16       9      16        0         4        9
  2026-08-06      12       7      12        0         3        7
  2026-08-07      12       9      12        0         3        9
  2026-08-08      12       6      12        0         3        4
  2026-08-09      16       0      16        0        16        0
  2026-08-15       8       4       8        0         4        1
  2026-08-16      12       4      12        0         6        0
  2026-08-17       4       0       0        4         0        0
  2026-08-18       4       0       0        4         0        0

EVERY MISSING OR IRREGULAR OBLIGATION (each must carry an explanation)
  2026-07-31 ATL v SEA T-90m   missing_data_unavailable   job served 1 other game(s) on 2026-07-31 at T-90m
  2026-07-31 WAS v DAL T-90m   missing_data_unavailable   job served 1 other game(s) on 2026-07-31 at T-90m
  2026-07-31 PDX v IND T-30m   missing_data_unavailable   job served 2 other game(s) on 2026-07-31 at T-30m
  2026-08-01 CHI v LVA T-24h   missing_job_did_not_run    no base record for ANY game on 2026-08-01 at T-24h
  2026-08-01 CHI v LVA T-8h    missing_job_did_not_run    no base record for ANY game on 2026-08-01 at T-8h
  2026-08-01 CHI v LVA T-30m   missing_job_did_not_run    no base record for ANY game on 2026-08-01 at T-30m
  2026-08-01 PHX v NYL T-24h   missing_job_did_not_run    no base record for ANY game on 2026-08-01 at T-24h
  2026-08-01 PHX v NYL T-8h    missing_job_did_not_run    no base record for ANY game on 2026-08-01 at T-8h
  2026-08-01 PHX v NYL T-30m   missing_job_did_not_run    no base record for ANY game on 2026-08-01 at T-30m
  2026-08-02 DAL v CON T-24h   missing_job_did_not_run    no base record for ANY game on 2026-08-02 at T-24h
  2026-08-02 DAL v CON T-8h    missing_job_did_not_run    no base record for ANY game on 2026-08-02 at T-8h
  2026-08-02 DAL v CON T-90m   missing_job_did_not_run    no base record for ANY game on 2026-08-02 at T-90m
  2026-08-02 DAL v CON T-30m   missing_job_did_not_run    no base record for ANY game on 2026-08-02 at T-30m
  2026-08-02 GSV v TOR T-24h   missing_job_did_not_run    no base record for ANY game on 2026-08-02 at T-24h
  2026-08-02 GSV v TOR T-8h    missing_job_did_not_run    no base record for ANY game on 2026-08-02 at T-8h
  2026-08-02 GSV v TOR T-90m   missing_job_did_not_run    no base record for ANY game on 2026-08-02 at T-90m
  2026-08-02 GSV v TOR T-30m   missing_job_did_not_run    no base record for ANY game on 2026-08-02 at T-30m
  2026-08-02 MIN v IND T-24h   missing_job_did_not_run    no base record for ANY game on 2026-08-02 at T-24h
  2026-08-02 MIN v IND T-8h    missing_job_did_not_run    no base record for ANY game on 2026-08-02 at T-8h
  2026-08-02 MIN v IND T-90m   missing_job_did_not_run    no base record for ANY game on 2026-08-02 at T-90m
  2026-08-02 MIN v IND T-30m   missing_job_did_not_run    no base record for ANY game on 2026-08-02 at T-30m
  2026-08-02 PDX v LAS T-24h   missing_job_did_not_run    no base record for ANY game on 2026-08-02 at T-24h
  2026-08-02 PDX v LAS T-8h    missing_job_did_not_run    no base record for ANY game on 2026-08-02 at T-8h
  2026-08-02 PDX v LAS T-90m   missing_job_did_not_run    no base record for ANY game on 2026-08-02 at T-90m
  2026-08-02 PDX v LAS T-30m   missing_job_did_not_run    no base record for ANY game on 2026-08-02 at T-30m
  2026-08-03 NYL v SEA T-24h   missing_job_did_not_run    no base record for ANY game on 2026-08-03 at T-24h
  2026-08-03 NYL v SEA T-30m   late_record                created 2026-08-03T22:45:08.958486+00:00 after cutoff
  2026-08-03 ATL v LVA T-24h   missing_job_did_not_run    no base record for ANY game on 2026-08-03 at T-24h
  2026-08-03 ATL v LVA T-30m   late_record                created 2026-08-03T22:45:08.976775+00:00 after cutoff
  2026-08-03 CHI v PHX T-24h   missing_job_did_not_run    no base record for ANY game on 2026-08-03 at T-24h
  2026-08-03 CHI v PHX T-30m   missing_data_unavailable   job served 2 other game(s) on 2026-08-03 at T-30m
  2026-08-04 GSV v TOR T-24h   missing_job_did_not_run    no base record for ANY game on 2026-08-04 at T-24h
  2026-08-05 WAS v DAL T-24h   missing_job_did_not_run    no base record for ANY game on 2026-08-05 at T-24h
  2026-08-05 NYL v SEA T-24h   missing_job_did_not_run    no base record for ANY game on 2026-08-05 at T-24h
  2026-08-05 NYL v SEA T-30m   late_record                created 2026-08-05T22:45:07.299457+00:00 after cutoff
  2026-08-05 ATL v PHX T-24h   missing_job_did_not_run    no base record for ANY game on 2026-08-05 at T-24h
  2026-08-05 ATL v PHX T-30m   late_record                created 2026-08-05T22:45:07.274521+00:00 after cutoff
  2026-08-05 CHI v LAS T-24h   missing_job_did_not_run    no base record for ANY game on 2026-08-05 at T-24h
  2026-08-05 CHI v LAS T-30m   missing_data_unavailable   job served 3 other game(s) on 2026-08-05 at T-30m
  2026-08-06 IND v LVA T-24h   missing_job_did_not_run    no base record for ANY game on 2026-08-06 at T-24h
  2026-08-06 IND v LVA T-30m   late_record                created 2026-08-06T22:45:09.382682+00:00 after cutoff
  2026-08-06 PDX v TOR T-24h   missing_job_did_not_run    no base record for ANY game on 2026-08-06 at T-24h
  2026-08-06 MIN v LAS T-24h   missing_job_did_not_run    no base record for ANY game on 2026-08-06 at T-24h
  2026-08-06 MIN v LAS T-30m   missing_data_unavailable   job served 2 other game(s) on 2026-08-06 at T-30m
  2026-08-07 WAS v ATL T-24h   missing_job_did_not_run    no base record for ANY game on 2026-08-07 at T-24h
  2026-08-07 CON v PHX T-24h   missing_job_did_not_run    no base record for ANY game on 2026-08-07 at T-24h
  2026-08-07 DAL v GSV T-24h   missing_job_did_not_run    no base record for ANY game on 2026-08-07 at T-24h
  2026-08-08 CHI v IND T-24h   missing_job_did_not_run    no base record for ANY game on 2026-08-08 at T-24h
  2026-08-08 CHI v IND T-90m   missing_data_unavailable   job served 2 other game(s) on 2026-08-08 at T-90m
  2026-08-08 CHI v IND T-30m   missing_data_unavailable   job served 1 other game(s) on 2026-08-08 at T-30m
  2026-08-08 MIN v LVA T-24h   missing_job_did_not_run    no base record for ANY game on 2026-08-08 at T-24h
  2026-08-08 MIN v LVA T-30m   missing_data_unavailable   job served 1 other game(s) on 2026-08-08 at T-30m
  2026-08-08 PDX v SEA T-24h   missing_job_did_not_run    no base record for ANY game on 2026-08-08 at T-24h
  2026-08-09 WAS v PHX T-24h   missing_job_did_not_run    no base record for ANY game on 2026-08-09 at T-24h
  2026-08-09 WAS v PHX T-8h    missing_job_did_not_run    no base record for ANY game on 2026-08-09 at T-8h
  2026-08-09 WAS v PHX T-90m   missing_job_did_not_run    no base record for ANY game on 2026-08-09 at T-90m
  2026-08-09 WAS v PHX T-30m   missing_job_did_not_run    no base record for ANY game on 2026-08-09 at T-30m
  2026-08-09 LAS v GSV T-24h   missing_job_did_not_run    no base record for ANY game on 2026-08-09 at T-24h
  2026-08-09 LAS v GSV T-8h    missing_job_did_not_run    no base record for ANY game on 2026-08-09 at T-8h
  2026-08-09 LAS v GSV T-90m   missing_job_did_not_run    no base record for ANY game on 2026-08-09 at T-90m
  2026-08-09 LAS v GSV T-30m   missing_job_did_not_run    no base record for ANY game on 2026-08-09 at T-30m
  2026-08-09 NYL v LVA T-24h   missing_job_did_not_run    no base record for ANY game on 2026-08-09 at T-24h
  2026-08-09 NYL v LVA T-8h    missing_job_did_not_run    no base record for ANY game on 2026-08-09 at T-8h
  2026-08-09 NYL v LVA T-90m   missing_job_did_not_run    no base record for ANY game on 2026-08-09 at T-90m
  2026-08-09 NYL v LVA T-30m   missing_job_did_not_run    no base record for ANY game on 2026-08-09 at T-30m
  2026-08-09 MIN v DAL T-24h   missing_job_did_not_run    no base record for ANY game on 2026-08-09 at T-24h
  2026-08-09 MIN v DAL T-8h    missing_job_did_not_run    no base record for ANY game on 2026-08-09 at T-8h
  2026-08-09 MIN v DAL T-90m   missing_job_did_not_run    no base record for ANY game on 2026-08-09 at T-90m
  2026-08-09 MIN v DAL T-30m   missing_job_did_not_run    no base record for ANY game on 2026-08-09 at T-30m
  2026-08-15 WAS v LAS T-24h   missing_job_did_not_run    no base record for ANY game on 2026-08-15 at T-24h
  2026-08-15 WAS v LAS T-8h    missing_job_did_not_run    no base record for ANY game on 2026-08-15 at T-8h
  2026-08-15 LVA v MIN T-24h   missing_job_did_not_run    no base record for ANY game on 2026-08-15 at T-24h
  2026-08-15 LVA v MIN T-8h    missing_job_did_not_run    no base record for ANY game on 2026-08-15 at T-8h
  2026-08-16 ATL v IND T-24h   missing_job_did_not_run    no base record for ANY game on 2026-08-16 at T-24h
  2026-08-16 ATL v IND T-8h    missing_job_did_not_run    no base record for ANY game on 2026-08-16 at T-8h
  2026-08-16 ATL v IND T-30m   missing_data_unavailable   job served 1 other game(s) on 2026-08-16 at T-30m
  2026-08-16 SEA v CHI T-24h   missing_job_did_not_run    no base record for ANY game on 2026-08-16 at T-24h
  2026-08-16 SEA v CHI T-8h    missing_job_did_not_run    no base record for ANY game on 2026-08-16 at T-8h
  2026-08-16 SEA v CHI T-30m   missing_data_unavailable   job served 1 other game(s) on 2026-08-16 at T-30m
  2026-08-16 PHX v PDX T-24h   missing_job_did_not_run    no base record for ANY game on 2026-08-16 at T-24h
  2026-08-16 PHX v PDX T-8h    missing_job_did_not_run    no base record for ANY game on 2026-08-16 at T-8h

wrote forecasts/coverage_audit.csv and forecasts/coverage_receipt.json
[audit] exit=0 
==== Sun 08/16/2026 19:15:02.23 ==== 
[gate] 2026-08-16T23:15:02.864039+00:00  fire=False  -- no unserved obligation inside its 20-minute lead window (2 upcoming game(s) examined); 2 slate game(s) have no official game_id and were served under a provisional id: GSV v DAL (2026-08-17) -> PROV-2026-08-17-DAL@GSV, CON v LAS (2026-08-18) -> PROV-2026-08-18-LAS@CON
       GSV v DAL      T-24h   unserved cutoff 2026-08-17T02:00:00 (+165 min) 
       CON v LAS      T-24h   unserved cutoff 2026-08-17T23:00:00 (+1425 min) 
[gate] skipping the base job
[base] skipped - no unserved obligation in its lead window 
[base] exit=0 
================================================================================================
PROSPECTIVE PAIR RUNNER  2026-08-16T23:15:03.757779+00:00  model=ridge_score_level_w2c1_v1 hash=5d295bb8b99cd34e
================================================================================================
base records in official chain: 75
  late_prevented #0 ATL v SEA @ T-8h                cutoff 2026-07-31T15:35:00+00:00 already passed at 2026-08-1
  late_prevented #1 WAS v DAL @ T-8h                cutoff 2026-07-31T15:35:00+00:00 already passed at 2026-08-1
  late_prevented #2 PDX v IND @ T-8h                cutoff 2026-07-31T18:06:00+00:00 already passed at 2026-08-1
  late_prevented #3 ATL v SEA @ T-30m               cutoff 2026-07-31T23:05:00+00:00 already passed at 2026-08-1
  late_prevented #4 WAS v DAL @ T-30m               cutoff 2026-07-31T23:05:00+00:00 already passed at 2026-08-1
  late_prevented #5 PDX v IND @ T-90m               cutoff 2026-08-01T00:36:00+00:00 already passed at 2026-08-1
  late_prevented #6 CHI v LVA @ T-90m               cutoff 2026-08-01T15:35:00+00:00 already passed at 2026-08-1
  late_prevented #7 PHX v NYL @ T-90m               cutoff 2026-08-01T17:34:00+00:00 already passed at 2026-08-1
  skip           #8 CHI v LVA @ unknown-tip         base record is an explicit no-forecast; nothing to pair
  skip           #9 PHX v NYL @ unknown-tip         base record is an explicit no-forecast; nothing to pair
  late_prevented #10 NYL v SEA @ T-8h               cutoff 2026-08-03T15:04:00+00:00 already passed at 2026-08-1
  late_prevented #11 ATL v LVA @ T-8h               cutoff 2026-08-03T15:14:00+00:00 already passed at 2026-08-1
  late_prevented #12 CHI v PHX @ T-8h               cutoff 2026-08-03T17:08:00+00:00 already passed at 2026-08-1
  already_logged #13 NYL v SEA @ T-90m              idempotent: pair exists
  already_logged #14 ATL v LVA @ T-90m              idempotent: pair exists
  already_logged #15 CHI v PHX @ T-90m              idempotent: pair exists
  already_logged #16 NYL v SEA @ T-90m              idempotent: pair exists
  already_logged #17 ATL v LVA @ T-90m              idempotent: pair exists
  already_logged #18 CHI v PHX @ T-90m              idempotent: pair exists
  late_prevented #19 NYL v SEA @ T-30m              cutoff 2026-08-03T22:34:00+00:00 already passed at 2026-08-1
  late_prevented #20 ATL v LVA @ T-30m              cutoff 2026-08-03T22:44:00+00:00 already passed at 2026-08-1
  already_logged #21 CHI v PHX @ T-90m              idempotent: pair exists
  already_logged #22 GSV v TOR @ T-8h               idempotent: pair exists
  already_logged #23 GSV v TOR @ T-90m              idempotent: pair exists
  already_logged #24 GSV v TOR @ T-30m              idempotent: pair exists
  already_logged #25 ATL v PHX @ T-8h               idempotent: pair exists
  already_logged #26 NYL v SEA @ T-8h               idempotent: pair exists
  already_logged #27 WAS v DAL @ T-8h               idempotent: pair exists
  already_logged #28 CHI v LAS @ T-8h               idempotent: pair exists
  already_logged #29 ATL v PHX @ T-90m              idempotent: pair exists
  already_logged #30 NYL v SEA @ T-90m              idempotent: pair exists
  already_logged #31 WAS v DAL @ T-90m              idempotent: pair exists
  already_logged #32 CHI v LAS @ T-90m              idempotent: pair exists
  late_prevented #33 ATL v PHX @ T-30m              cutoff 2026-08-05T22:33:00+00:00 already passed at 2026-08-1
  late_prevented #34 NYL v SEA @ T-30m              cutoff 2026-08-05T22:38:00+00:00 already passed at 2026-08-1
  already_logged #35 WAS v DAL @ T-30m              idempotent: pair exists
  already_logged #36 CHI v LAS @ T-90m              idempotent: pair exists
  already_logged #37 IND v LVA @ T-8h               idempotent: pair exists
  already_logged #38 MIN v LAS @ T-8h               idempotent: pair exists
  already_logged #39 PDX v TOR @ T-8h               idempotent: pair exists
  already_logged #40 IND v LVA @ T-90m              idempotent: pair exists
  already_logged #41 MIN v LAS @ T-90m              idempotent: pair exists
  already_logged #42 PDX v TOR @ T-90m              idempotent: pair exists
  late_prevented #43 IND v LVA @ T-30m              cutoff 2026-08-06T22:36:00+00:00 already passed at 2026-08-1
  already_logged #44 PDX v TOR @ T-30m              idempotent: pair exists
  already_logged #45 CON v PHX @ T-8h               idempotent: pair exists
  already_logged #46 WAS v ATL @ T-8h               idempotent: pair exists
  already_logged #47 DAL v GSV @ T-8h               idempotent: pair exists
  already_logged #48 CON v PHX @ T-90m              idempotent: pair exists
  already_logged #49 WAS v ATL @ T-90m              idempotent: pair exists
  already_logged #50 DAL v GSV @ T-90m              idempotent: pair exists
  already_logged #51 CON v PHX @ T-30m              idempotent: pair exists
  already_logged #52 WAS v ATL @ T-30m              idempotent: pair exists
  already_logged #53 DAL v GSV @ T-30m              idempotent: pair exists
  already_logged #54 MIN v LVA @ T-8h               idempotent: pair exists
  already_logged #55 CHI v IND @ T-8h               idempotent: pair exists
  already_logged #56 PDX v SEA @ T-8h               idempotent: pair exists
  already_logged #57 MIN v LVA @ T-90m              idempotent: pair exists
  late_prevented #58 CHI v IND @ T-8h               cutoff 2026-08-08T11:35:00+00:00 already passed at 2026-08-1
  already_logged #59 PDX v SEA @ T-8h               idempotent: pair exists
  already_logged #60 PDX v SEA @ T-90m              idempotent: pair exists
  skip           #61 CHI v IND @ unknown-tip        base record is an explicit no-forecast; nothing to pair
  skip           #62 MIN v LVA @ unknown-tip        base record is an explicit no-forecast; nothing to pair
  already_logged #63 PDX v SEA @ T-30m              idempotent: pair exists
  already_logged #64 WAS v LAS @ T-90m              idempotent: pair exists
  already_logged #65 LVA v MIN @ T-90m              idempotent: pair exists
  already_logged #66 WAS v LAS @ T-30m              idempotent: pair exists
  late_prevented #67 LVA v MIN @ T-90m              cutoff 2026-08-15T22:35:00+00:00 already passed at 2026-08-1
  skip           #68 CON v NYL @ unknown-tip        base record is an explicit no-forecast; nothing to pair
  late_prevented #69 LVA v MIN @ T-30m              cutoff 2026-08-15T23:35:00+00:00 already passed at 2026-08-1
  already_logged #70 ATL v IND @ T-90m              idempotent: pair exists
  already_logged #71 SEA v CHI @ T-90m              idempotent: pair exists
  already_logged #72 PHX v PDX @ T-90m              idempotent: pair exists
  already_logged #73 PHX v PDX @ T-30m              idempotent: pair exists
  late_prevented #74 PHX v PDX @ T-30m              cutoff 2026-08-16T22:32:00+00:00 already passed at 2026-08-1

  already_logged=50, late_prevented=20, skip=5
  arm chain: ok=True n=45 tip=ed3d0ca9d3a991c1
  receipt appended to prospective_pair_runs.jsonl
[arm] exit=0 
====================================================================================================
FORECAST COVERAGE AUDIT   generated 2026-08-16T23:15:04.816457+00:00
====================================================================================================

CUMULATIVE by classification
  missing_job_did_not_run      65
  forecast_logged              56
  before_period_start          15
  missing_data_unavailable     11
  not_yet_due                  8
  late_record                  5

  obligations 160 | due 137 | served 56 | coverage 40.9%
  operational misses 65 | unexplained 0
  PROMOTION-GRADE: NO   (needs >= 95% served, <= 0 operational misses, all explained)

DAILY
  date         oblig  served     due     excl    opmiss arm_recs
  2026-07-30      12       0       0       12         0        0
  2026-07-31      12       6       9        3         0        0
  2026-08-01       8       2       8        0         6        0
  2026-08-02      16       0      16        0        16        0
  2026-08-03      12       6      12        0         3        3
  2026-08-04       4       3       4        0         1        3
  2026-08-05      16       9      16        0         4        9
  2026-08-06      12       7      12        0         3        7
  2026-08-07      12       9      12        0         3        9
  2026-08-08      12       6      12        0         3        4
  2026-08-09      16       0      16        0        16        0
  2026-08-15       8       4       8        0         4        1
  2026-08-16      12       4      12        0         6        0
  2026-08-17       4       0       0        4         0        0
  2026-08-18       4       0       0        4         0        0

EVERY MISSING OR IRREGULAR OBLIGATION (each must carry an explanation)
  2026-07-31 ATL v SEA T-90m   missing_data_unavailable   job served 1 other game(s) on 2026-07-31 at T-90m
  2026-07-31 WAS v DAL T-90m   missing_data_unavailable   job served 1 other game(s) on 2026-07-31 at T-90m
  2026-07-31 PDX v IND T-30m   missing_data_unavailable   job served 2 other game(s) on 2026-07-31 at T-30m
  2026-08-01 CHI v LVA T-24h   missing_job_did_not_run    no base record for ANY game on 2026-08-01 at T-24h
  2026-08-01 CHI v LVA T-8h    missing_job_did_not_run    no base record for ANY game on 2026-08-01 at T-8h
  2026-08-01 CHI v LVA T-30m   missing_job_did_not_run    no base record for ANY game on 2026-08-01 at T-30m
  2026-08-01 PHX v NYL T-24h   missing_job_did_not_run    no base record for ANY game on 2026-08-01 at T-24h
  2026-08-01 PHX v NYL T-8h    missing_job_did_not_run    no base record for ANY game on 2026-08-01 at T-8h
  2026-08-01 PHX v NYL T-30m   missing_job_did_not_run    no base record for ANY game on 2026-08-01 at T-30m
  2026-08-02 DAL v CON T-24h   missing_job_did_not_run    no base record for ANY game on 2026-08-02 at T-24h
  2026-08-02 DAL v CON T-8h    missing_job_did_not_run    no base record for ANY game on 2026-08-02 at T-8h
  2026-08-02 DAL v CON T-90m   missing_job_did_not_run    no base record for ANY game on 2026-08-02 at T-90m
  2026-08-02 DAL v CON T-30m   missing_job_did_not_run    no base record for ANY game on 2026-08-02 at T-30m
  2026-08-02 GSV v TOR T-24h   missing_job_did_not_run    no base record for ANY game on 2026-08-02 at T-24h
  2026-08-02 GSV v TOR T-8h    missing_job_did_not_run    no base record for ANY game on 2026-08-02 at T-8h
  2026-08-02 GSV v TOR T-90m   missing_job_did_not_run    no base record for ANY game on 2026-08-02 at T-90m
  2026-08-02 GSV v TOR T-30m   missing_job_did_not_run    no base record for ANY game on 2026-08-02 at T-30m
  2026-08-02 MIN v IND T-24h   missing_job_did_not_run    no base record for ANY game on 2026-08-02 at T-24h
  2026-08-02 MIN v IND T-8h    missing_job_did_not_run    no base record for ANY game on 2026-08-02 at T-8h
  2026-08-02 MIN v IND T-90m   missing_job_did_not_run    no base record for ANY game on 2026-08-02 at T-90m
  2026-08-02 MIN v IND T-30m   missing_job_did_not_run    no base record for ANY game on 2026-08-02 at T-30m
  2026-08-02 PDX v LAS T-24h   missing_job_did_not_run    no base record for ANY game on 2026-08-02 at T-24h
  2026-08-02 PDX v LAS T-8h    missing_job_did_not_run    no base record for ANY game on 2026-08-02 at T-8h
  2026-08-02 PDX v LAS T-90m   missing_job_did_not_run    no base record for ANY game on 2026-08-02 at T-90m
  2026-08-02 PDX v LAS T-30m   missing_job_did_not_run    no base record for ANY game on 2026-08-02 at T-30m
  2026-08-03 NYL v SEA T-24h   missing_job_did_not_run    no base record for ANY game on 2026-08-03 at T-24h
  2026-08-03 NYL v SEA T-30m   late_record                created 2026-08-03T22:45:08.958486+00:00 after cutoff
  2026-08-03 ATL v LVA T-24h   missing_job_did_not_run    no base record for ANY game on 2026-08-03 at T-24h
  2026-08-03 ATL v LVA T-30m   late_record                created 2026-08-03T22:45:08.976775+00:00 after cutoff
  2026-08-03 CHI v PHX T-24h   missing_job_did_not_run    no base record for ANY game on 2026-08-03 at T-24h
  2026-08-03 CHI v PHX T-30m   missing_data_unavailable   job served 2 other game(s) on 2026-08-03 at T-30m
  2026-08-04 GSV v TOR T-24h   missing_job_did_not_run    no base record for ANY game on 2026-08-04 at T-24h
  2026-08-05 WAS v DAL T-24h   missing_job_did_not_run    no base record for ANY game on 2026-08-05 at T-24h
  2026-08-05 NYL v SEA T-24h   missing_job_did_not_run    no base record for ANY game on 2026-08-05 at T-24h
  2026-08-05 NYL v SEA T-30m   late_record                created 2026-08-05T22:45:07.299457+00:00 after cutoff
  2026-08-05 ATL v PHX T-24h   missing_job_did_not_run    no base record for ANY game on 2026-08-05 at T-24h
  2026-08-05 ATL v PHX T-30m   late_record                created 2026-08-05T22:45:07.274521+00:00 after cutoff
  2026-08-05 CHI v LAS T-24h   missing_job_did_not_run    no base record for ANY game on 2026-08-05 at T-24h
  2026-08-05 CHI v LAS T-30m   missing_data_unavailable   job served 3 other game(s) on 2026-08-05 at T-30m
  2026-08-06 IND v LVA T-24h   missing_job_did_not_run    no base record for ANY game on 2026-08-06 at T-24h
  2026-08-06 IND v LVA T-30m   late_record                created 2026-08-06T22:45:09.382682+00:00 after cutoff
  2026-08-06 PDX v TOR T-24h   missing_job_did_not_run    no base record for ANY game on 2026-08-06 at T-24h
  2026-08-06 MIN v LAS T-24h   missing_job_did_not_run    no base record for ANY game on 2026-08-06 at T-24h
  2026-08-06 MIN v LAS T-30m   missing_data_unavailable   job served 2 other game(s) on 2026-08-06 at T-30m
  2026-08-07 WAS v ATL T-24h   missing_job_did_not_run    no base record for ANY game on 2026-08-07 at T-24h
  2026-08-07 CON v PHX T-24h   missing_job_did_not_run    no base record for ANY game on 2026-08-07 at T-24h
  2026-08-07 DAL v GSV T-24h   missing_job_did_not_run    no base record for ANY game on 2026-08-07 at T-24h
  2026-08-08 CHI v IND T-24h   missing_job_did_not_run    no base record for ANY game on 2026-08-08 at T-24h
  2026-08-08 CHI v IND T-90m   missing_data_unavailable   job served 2 other game(s) on 2026-08-08 at T-90m
  2026-08-08 CHI v IND T-30m   missing_data_unavailable   job served 1 other game(s) on 2026-08-08 at T-30m
  2026-08-08 MIN v LVA T-24h   missing_job_did_not_run    no base record for ANY game on 2026-08-08 at T-24h
  2026-08-08 MIN v LVA T-30m   missing_data_unavailable   job served 1 other game(s) on 2026-08-08 at T-30m
  2026-08-08 PDX v SEA T-24h   missing_job_did_not_run    no base record for ANY game on 2026-08-08 at T-24h
  2026-08-09 WAS v PHX T-24h   missing_job_did_not_run    no base record for ANY game on 2026-08-09 at T-24h
  2026-08-09 WAS v PHX T-8h    missing_job_did_not_run    no base record for ANY game on 2026-08-09 at T-8h
  2026-08-09 WAS v PHX T-90m   missing_job_did_not_run    no base record for ANY game on 2026-08-09 at T-90m
  2026-08-09 WAS v PHX T-30m   missing_job_did_not_run    no base record for ANY game on 2026-08-09 at T-30m
  2026-08-09 LAS v GSV T-24h   missing_job_did_not_run    no base record for ANY game on 2026-08-09 at T-24h
  2026-08-09 LAS v GSV T-8h    missing_job_did_not_run    no base record for ANY game on 2026-08-09 at T-8h
  2026-08-09 LAS v GSV T-90m   missing_job_did_not_run    no base record for ANY game on 2026-08-09 at T-90m
  2026-08-09 LAS v GSV T-30m   missing_job_did_not_run    no base record for ANY game on 2026-08-09 at T-30m
  2026-08-09 NYL v LVA T-24h   missing_job_did_not_run    no base record for ANY game on 2026-08-09 at T-24h
  2026-08-09 NYL v LVA T-8h    missing_job_did_not_run    no base record for ANY game on 2026-08-09 at T-8h
  2026-08-09 NYL v LVA T-90m   missing_job_did_not_run    no base record for ANY game on 2026-08-09 at T-90m
  2026-08-09 NYL v LVA T-30m   missing_job_did_not_run    no base record for ANY game on 2026-08-09 at T-30m
  2026-08-09 MIN v DAL T-24h   missing_job_did_not_run    no base record for ANY game on 2026-08-09 at T-24h
  2026-08-09 MIN v DAL T-8h    missing_job_did_not_run    no base record for ANY game on 2026-08-09 at T-8h
  2026-08-09 MIN v DAL T-90m   missing_job_did_not_run    no base record for ANY game on 2026-08-09 at T-90m
  2026-08-09 MIN v DAL T-30m   missing_job_did_not_run    no base record for ANY game on 2026-08-09 at T-30m
  2026-08-15 WAS v LAS T-24h   missing_job_did_not_run    no base record for ANY game on 2026-08-15 at T-24h
  2026-08-15 WAS v LAS T-8h    missing_job_did_not_run    no base record for ANY game on 2026-08-15 at T-8h
  2026-08-15 LVA v MIN T-24h   missing_job_did_not_run    no base record for ANY game on 2026-08-15 at T-24h
  2026-08-15 LVA v MIN T-8h    missing_job_did_not_run    no base record for ANY game on 2026-08-15 at T-8h
  2026-08-16 ATL v IND T-24h   missing_job_did_not_run    no base record for ANY game on 2026-08-16 at T-24h
  2026-08-16 ATL v IND T-8h    missing_job_did_not_run    no base record for ANY game on 2026-08-16 at T-8h
  2026-08-16 ATL v IND T-30m   missing_data_unavailable   job served 1 other game(s) on 2026-08-16 at T-30m
  2026-08-16 SEA v CHI T-24h   missing_job_did_not_run    no base record for ANY game on 2026-08-16 at T-24h
  2026-08-16 SEA v CHI T-8h    missing_job_did_not_run    no base record for ANY game on 2026-08-16 at T-8h
  2026-08-16 SEA v CHI T-30m   missing_data_unavailable   job served 1 other game(s) on 2026-08-16 at T-30m
  2026-08-16 PHX v PDX T-24h   missing_job_did_not_run    no base record for ANY game on 2026-08-16 at T-24h
  2026-08-16 PHX v PDX T-8h    missing_job_did_not_run    no base record for ANY game on 2026-08-16 at T-8h

wrote forecasts/coverage_audit.csv and forecasts/coverage_receipt.json
[audit] exit=0 
==== Sun 08/16/2026 19:30:02.21 ==== 
[gate] 2026-08-16T23:30:02.841170+00:00  fire=False  -- no unserved obligation inside its 20-minute lead window (2 upcoming game(s) examined); 2 slate game(s) have no official game_id and were served under a provisional id: GSV v DAL (2026-08-17) -> PROV-2026-08-17-DAL@GSV, CON v LAS (2026-08-18) -> PROV-2026-08-18-LAS@CON
       GSV v DAL      T-24h   unserved cutoff 2026-08-17T02:00:00 (+150 min) 
       CON v LAS      T-24h   unserved cutoff 2026-08-17T23:00:00 (+1410 min) 
[gate] skipping the base job
[base] skipped - no unserved obligation in its lead window 
[base] exit=0 
================================================================================================
PROSPECTIVE PAIR RUNNER  2026-08-16T23:30:03.729053+00:00  model=ridge_score_level_w2c1_v1 hash=5d295bb8b99cd34e
================================================================================================
base records in official chain: 75
  late_prevented #0 ATL v SEA @ T-8h                cutoff 2026-07-31T15:35:00+00:00 already passed at 2026-08-1
  late_prevented #1 WAS v DAL @ T-8h                cutoff 2026-07-31T15:35:00+00:00 already passed at 2026-08-1
  late_prevented #2 PDX v IND @ T-8h                cutoff 2026-07-31T18:06:00+00:00 already passed at 2026-08-1
  late_prevented #3 ATL v SEA @ T-30m               cutoff 2026-07-31T23:05:00+00:00 already passed at 2026-08-1
  late_prevented #4 WAS v DAL @ T-30m               cutoff 2026-07-31T23:05:00+00:00 already passed at 2026-08-1
  late_prevented #5 PDX v IND @ T-90m               cutoff 2026-08-01T00:36:00+00:00 already passed at 2026-08-1
  late_prevented #6 CHI v LVA @ T-90m               cutoff 2026-08-01T15:35:00+00:00 already passed at 2026-08-1
  late_prevented #7 PHX v NYL @ T-90m               cutoff 2026-08-01T17:34:00+00:00 already passed at 2026-08-1
  skip           #8 CHI v LVA @ unknown-tip         base record is an explicit no-forecast; nothing to pair
  skip           #9 PHX v NYL @ unknown-tip         base record is an explicit no-forecast; nothing to pair
  late_prevented #10 NYL v SEA @ T-8h               cutoff 2026-08-03T15:04:00+00:00 already passed at 2026-08-1
  late_prevented #11 ATL v LVA @ T-8h               cutoff 2026-08-03T15:14:00+00:00 already passed at 2026-08-1
  late_prevented #12 CHI v PHX @ T-8h               cutoff 2026-08-03T17:08:00+00:00 already passed at 2026-08-1
  already_logged #13 NYL v SEA @ T-90m              idempotent: pair exists
  already_logged #14 ATL v LVA @ T-90m              idempotent: pair exists
  already_logged #15 CHI v PHX @ T-90m              idempotent: pair exists
  already_logged #16 NYL v SEA @ T-90m              idempotent: pair exists
  already_logged #17 ATL v LVA @ T-90m              idempotent: pair exists
  already_logged #18 CHI v PHX @ T-90m              idempotent: pair exists
  late_prevented #19 NYL v SEA @ T-30m              cutoff 2026-08-03T22:34:00+00:00 already passed at 2026-08-1
  late_prevented #20 ATL v LVA @ T-30m              cutoff 2026-08-03T22:44:00+00:00 already passed at 2026-08-1
  already_logged #21 CHI v PHX @ T-90m              idempotent: pair exists
  already_logged #22 GSV v TOR @ T-8h               idempotent: pair exists
  already_logged #23 GSV v TOR @ T-90m              idempotent: pair exists
  already_logged #24 GSV v TOR @ T-30m              idempotent: pair exists
  already_logged #25 ATL v PHX @ T-8h               idempotent: pair exists
  already_logged #26 NYL v SEA @ T-8h               idempotent: pair exists
  already_logged #27 WAS v DAL @ T-8h               idempotent: pair exists
  already_logged #28 CHI v LAS @ T-8h               idempotent: pair exists
  already_logged #29 ATL v PHX @ T-90m              idempotent: pair exists
  already_logged #30 NYL v SEA @ T-90m              idempotent: pair exists
  already_logged #31 WAS v DAL @ T-90m              idempotent: pair exists
  already_logged #32 CHI v LAS @ T-90m              idempotent: pair exists
  late_prevented #33 ATL v PHX @ T-30m              cutoff 2026-08-05T22:33:00+00:00 already passed at 2026-08-1
  late_prevented #34 NYL v SEA @ T-30m              cutoff 2026-08-05T22:38:00+00:00 already passed at 2026-08-1
  already_logged #35 WAS v DAL @ T-30m              idempotent: pair exists
  already_logged #36 CHI v LAS @ T-90m              idempotent: pair exists
  already_logged #37 IND v LVA @ T-8h               idempotent: pair exists
  already_logged #38 MIN v LAS @ T-8h               idempotent: pair exists
  already_logged #39 PDX v TOR @ T-8h               idempotent: pair exists
  already_logged #40 IND v LVA @ T-90m              idempotent: pair exists
  already_logged #41 MIN v LAS @ T-90m              idempotent: pair exists
  already_logged #42 PDX v TOR @ T-90m              idempotent: pair exists
  late_prevented #43 IND v LVA @ T-30m              cutoff 2026-08-06T22:36:00+00:00 already passed at 2026-08-1
  already_logged #44 PDX v TOR @ T-30m              idempotent: pair exists
  already_logged #45 CON v PHX @ T-8h               idempotent: pair exists
  already_logged #46 WAS v ATL @ T-8h               idempotent: pair exists
  already_logged #47 DAL v GSV @ T-8h               idempotent: pair exists
  already_logged #48 CON v PHX @ T-90m              idempotent: pair exists
  already_logged #49 WAS v ATL @ T-90m              idempotent: pair exists
  already_logged #50 DAL v GSV @ T-90m              idempotent: pair exists
  already_logged #51 CON v PHX @ T-30m              idempotent: pair exists
  already_logged #52 WAS v ATL @ T-30m              idempotent: pair exists
  already_logged #53 DAL v GSV @ T-30m              idempotent: pair exists
  already_logged #54 MIN v LVA @ T-8h               idempotent: pair exists
  already_logged #55 CHI v IND @ T-8h               idempotent: pair exists
  already_logged #56 PDX v SEA @ T-8h               idempotent: pair exists
  already_logged #57 MIN v LVA @ T-90m              idempotent: pair exists
  late_prevented #58 CHI v IND @ T-8h               cutoff 2026-08-08T11:35:00+00:00 already passed at 2026-08-1
  already_logged #59 PDX v SEA @ T-8h               idempotent: pair exists
  already_logged #60 PDX v SEA @ T-90m              idempotent: pair exists
  skip           #61 CHI v IND @ unknown-tip        base record is an explicit no-forecast; nothing to pair
  skip           #62 MIN v LVA @ unknown-tip        base record is an explicit no-forecast; nothing to pair
  already_logged #63 PDX v SEA @ T-30m              idempotent: pair exists
  already_logged #64 WAS v LAS @ T-90m              idempotent: pair exists
  already_logged #65 LVA v MIN @ T-90m              idempotent: pair exists
  already_logged #66 WAS v LAS @ T-30m              idempotent: pair exists
  late_prevented #67 LVA v MIN @ T-90m              cutoff 2026-08-15T22:35:00+00:00 already passed at 2026-08-1
  skip           #68 CON v NYL @ unknown-tip        base record is an explicit no-forecast; nothing to pair
  late_prevented #69 LVA v MIN @ T-30m              cutoff 2026-08-15T23:35:00+00:00 already passed at 2026-08-1
  already_logged #70 ATL v IND @ T-90m              idempotent: pair exists
  already_logged #71 SEA v CHI @ T-90m              idempotent: pair exists
  already_logged #72 PHX v PDX @ T-90m              idempotent: pair exists
  already_logged #73 PHX v PDX @ T-30m              idempotent: pair exists
  late_prevented #74 PHX v PDX @ T-30m              cutoff 2026-08-16T22:32:00+00:00 already passed at 2026-08-1

  already_logged=50, late_prevented=20, skip=5
  arm chain: ok=True n=45 tip=ed3d0ca9d3a991c1
  receipt appended to prospective_pair_runs.jsonl
[arm] exit=0 
====================================================================================================
FORECAST COVERAGE AUDIT   generated 2026-08-16T23:30:04.785034+00:00
====================================================================================================

CUMULATIVE by classification
  missing_job_did_not_run      65
  forecast_logged              56
  before_period_start          15
  missing_data_unavailable     11
  not_yet_due                  8
  late_record                  5

  obligations 160 | due 137 | served 56 | coverage 40.9%
  operational misses 65 | unexplained 0
  PROMOTION-GRADE: NO   (needs >= 95% served, <= 0 operational misses, all explained)

DAILY
  date         oblig  served     due     excl    opmiss arm_recs
  2026-07-30      12       0       0       12         0        0
  2026-07-31      12       6       9        3         0        0
  2026-08-01       8       2       8        0         6        0
  2026-08-02      16       0      16        0        16        0
  2026-08-03      12       6      12        0         3        3
  2026-08-04       4       3       4        0         1        3
  2026-08-05      16       9      16        0         4        9
  2026-08-06      12       7      12        0         3        7
  2026-08-07      12       9      12        0         3        9
  2026-08-08      12       6      12        0         3        4
  2026-08-09      16       0      16        0        16        0
  2026-08-15       8       4       8        0         4        1
  2026-08-16      12       4      12        0         6        0
  2026-08-17       4       0       0        4         0        0
  2026-08-18       4       0       0        4         0        0

EVERY MISSING OR IRREGULAR OBLIGATION (each must carry an explanation)
  2026-07-31 ATL v SEA T-90m   missing_data_unavailable   job served 1 other game(s) on 2026-07-31 at T-90m
  2026-07-31 WAS v DAL T-90m   missing_data_unavailable   job served 1 other game(s) on 2026-07-31 at T-90m
  2026-07-31 PDX v IND T-30m   missing_data_unavailable   job served 2 other game(s) on 2026-07-31 at T-30m
  2026-08-01 CHI v LVA T-24h   missing_job_did_not_run    no base record for ANY game on 2026-08-01 at T-24h
  2026-08-01 CHI v LVA T-8h    missing_job_did_not_run    no base record for ANY game on 2026-08-01 at T-8h
  2026-08-01 CHI v LVA T-30m   missing_job_did_not_run    no base record for ANY game on 2026-08-01 at T-30m
  2026-08-01 PHX v NYL T-24h   missing_job_did_not_run    no base record for ANY game on 2026-08-01 at T-24h
  2026-08-01 PHX v NYL T-8h    missing_job_did_not_run    no base record for ANY game on 2026-08-01 at T-8h
  2026-08-01 PHX v NYL T-30m   missing_job_did_not_run    no base record for ANY game on 2026-08-01 at T-30m
  2026-08-02 DAL v CON T-24h   missing_job_did_not_run    no base record for ANY game on 2026-08-02 at T-24h
  2026-08-02 DAL v CON T-8h    missing_job_did_not_run    no base record for ANY game on 2026-08-02 at T-8h
  2026-08-02 DAL v CON T-90m   missing_job_did_not_run    no base record for ANY game on 2026-08-02 at T-90m
  2026-08-02 DAL v CON T-30m   missing_job_did_not_run    no base record for ANY game on 2026-08-02 at T-30m
  2026-08-02 GSV v TOR T-24h   missing_job_did_not_run    no base record for ANY game on 2026-08-02 at T-24h
  2026-08-02 GSV v TOR T-8h    missing_job_did_not_run    no base record for ANY game on 2026-08-02 at T-8h
  2026-08-02 GSV v TOR T-90m   missing_job_did_not_run    no base record for ANY game on 2026-08-02 at T-90m
  2026-08-02 GSV v TOR T-30m   missing_job_did_not_run    no base record for ANY game on 2026-08-02 at T-30m
  2026-08-02 MIN v IND T-24h   missing_job_did_not_run    no base record for ANY game on 2026-08-02 at T-24h
  2026-08-02 MIN v IND T-8h    missing_job_did_not_run    no base record for ANY game on 2026-08-02 at T-8h
  2026-08-02 MIN v IND T-90m   missing_job_did_not_run    no base record for ANY game on 2026-08-02 at T-90m
  2026-08-02 MIN v IND T-30m   missing_job_did_not_run    no base record for ANY game on 2026-08-02 at T-30m
  2026-08-02 PDX v LAS T-24h   missing_job_did_not_run    no base record for ANY game on 2026-08-02 at T-24h
  2026-08-02 PDX v LAS T-8h    missing_job_did_not_run    no base record for ANY game on 2026-08-02 at T-8h
  2026-08-02 PDX v LAS T-90m   missing_job_did_not_run    no base record for ANY game on 2026-08-02 at T-90m
  2026-08-02 PDX v LAS T-30m   missing_job_did_not_run    no base record for ANY game on 2026-08-02 at T-30m
  2026-08-03 NYL v SEA T-24h   missing_job_did_not_run    no base record for ANY game on 2026-08-03 at T-24h
  2026-08-03 NYL v SEA T-30m   late_record                created 2026-08-03T22:45:08.958486+00:00 after cutoff
  2026-08-03 ATL v LVA T-24h   missing_job_did_not_run    no base record for ANY game on 2026-08-03 at T-24h
  2026-08-03 ATL v LVA T-30m   late_record                created 2026-08-03T22:45:08.976775+00:00 after cutoff
  2026-08-03 CHI v PHX T-24h   missing_job_did_not_run    no base record for ANY game on 2026-08-03 at T-24h
  2026-08-03 CHI v PHX T-30m   missing_data_unavailable   job served 2 other game(s) on 2026-08-03 at T-30m
  2026-08-04 GSV v TOR T-24h   missing_job_did_not_run    no base record for ANY game on 2026-08-04 at T-24h
  2026-08-05 WAS v DAL T-24h   missing_job_did_not_run    no base record for ANY game on 2026-08-05 at T-24h
  2026-08-05 NYL v SEA T-24h   missing_job_did_not_run    no base record for ANY game on 2026-08-05 at T-24h
  2026-08-05 NYL v SEA T-30m   late_record                created 2026-08-05T22:45:07.299457+00:00 after cutoff
  2026-08-05 ATL v PHX T-24h   missing_job_did_not_run    no base record for ANY game on 2026-08-05 at T-24h
  2026-08-05 ATL v PHX T-30m   late_record                created 2026-08-05T22:45:07.274521+00:00 after cutoff
  2026-08-05 CHI v LAS T-24h   missing_job_did_not_run    no base record for ANY game on 2026-08-05 at T-24h
  2026-08-05 CHI v LAS T-30m   missing_data_unavailable   job served 3 other game(s) on 2026-08-05 at T-30m
  2026-08-06 IND v LVA T-24h   missing_job_did_not_run    no base record for ANY game on 2026-08-06 at T-24h
  2026-08-06 IND v LVA T-30m   late_record                created 2026-08-06T22:45:09.382682+00:00 after cutoff
  2026-08-06 PDX v TOR T-24h   missing_job_did_not_run    no base record for ANY game on 2026-08-06 at T-24h
  2026-08-06 MIN v LAS T-24h   missing_job_did_not_run    no base record for ANY game on 2026-08-06 at T-24h
  2026-08-06 MIN v LAS T-30m   missing_data_unavailable   job served 2 other game(s) on 2026-08-06 at T-30m
  2026-08-07 WAS v ATL T-24h   missing_job_did_not_run    no base record for ANY game on 2026-08-07 at T-24h
  2026-08-07 CON v PHX T-24h   missing_job_did_not_run    no base record for ANY game on 2026-08-07 at T-24h
  2026-08-07 DAL v GSV T-24h   missing_job_did_not_run    no base record for ANY game on 2026-08-07 at T-24h
  2026-08-08 CHI v IND T-24h   missing_job_did_not_run    no base record for ANY game on 2026-08-08 at T-24h
  2026-08-08 CHI v IND T-90m   missing_data_unavailable   job served 2 other game(s) on 2026-08-08 at T-90m
  2026-08-08 CHI v IND T-30m   missing_data_unavailable   job served 1 other game(s) on 2026-08-08 at T-30m
  2026-08-08 MIN v LVA T-24h   missing_job_did_not_run    no base record for ANY game on 2026-08-08 at T-24h
  2026-08-08 MIN v LVA T-30m   missing_data_unavailable   job served 1 other game(s) on 2026-08-08 at T-30m
  2026-08-08 PDX v SEA T-24h   missing_job_did_not_run    no base record for ANY game on 2026-08-08 at T-24h
  2026-08-09 WAS v PHX T-24h   missing_job_did_not_run    no base record for ANY game on 2026-08-09 at T-24h
  2026-08-09 WAS v PHX T-8h    missing_job_did_not_run    no base record for ANY game on 2026-08-09 at T-8h
  2026-08-09 WAS v PHX T-90m   missing_job_did_not_run    no base record for ANY game on 2026-08-09 at T-90m
  2026-08-09 WAS v PHX T-30m   missing_job_did_not_run    no base record for ANY game on 2026-08-09 at T-30m
  2026-08-09 LAS v GSV T-24h   missing_job_did_not_run    no base record for ANY game on 2026-08-09 at T-24h
  2026-08-09 LAS v GSV T-8h    missing_job_did_not_run    no base record for ANY game on 2026-08-09 at T-8h
  2026-08-09 LAS v GSV T-90m   missing_job_did_not_run    no base record for ANY game on 2026-08-09 at T-90m
  2026-08-09 LAS v GSV T-30m   missing_job_did_not_run    no base record for ANY game on 2026-08-09 at T-30m
  2026-08-09 NYL v LVA T-24h   missing_job_did_not_run    no base record for ANY game on 2026-08-09 at T-24h
  2026-08-09 NYL v LVA T-8h    missing_job_did_not_run    no base record for ANY game on 2026-08-09 at T-8h
  2026-08-09 NYL v LVA T-90m   missing_job_did_not_run    no base record for ANY game on 2026-08-09 at T-90m
  2026-08-09 NYL v LVA T-30m   missing_job_did_not_run    no base record for ANY game on 2026-08-09 at T-30m
  2026-08-09 MIN v DAL T-24h   missing_job_did_not_run    no base record for ANY game on 2026-08-09 at T-24h
  2026-08-09 MIN v DAL T-8h    missing_job_did_not_run    no base record for ANY game on 2026-08-09 at T-8h
  2026-08-09 MIN v DAL T-90m   missing_job_did_not_run    no base record for ANY game on 2026-08-09 at T-90m
  2026-08-09 MIN v DAL T-30m   missing_job_did_not_run    no base record for ANY game on 2026-08-09 at T-30m
  2026-08-15 WAS v LAS T-24h   missing_job_did_not_run    no base record for ANY game on 2026-08-15 at T-24h
  2026-08-15 WAS v LAS T-8h    missing_job_did_not_run    no base record for ANY game on 2026-08-15 at T-8h
  2026-08-15 LVA v MIN T-24h   missing_job_did_not_run    no base record for ANY game on 2026-08-15 at T-24h
  2026-08-15 LVA v MIN T-8h    missing_job_did_not_run    no base record for ANY game on 2026-08-15 at T-8h
  2026-08-16 ATL v IND T-24h   missing_job_did_not_run    no base record for ANY game on 2026-08-16 at T-24h
  2026-08-16 ATL v IND T-8h    missing_job_did_not_run    no base record for ANY game on 2026-08-16 at T-8h
  2026-08-16 ATL v IND T-30m   missing_data_unavailable   job served 1 other game(s) on 2026-08-16 at T-30m
  2026-08-16 SEA v CHI T-24h   missing_job_did_not_run    no base record for ANY game on 2026-08-16 at T-24h
  2026-08-16 SEA v CHI T-8h    missing_job_did_not_run    no base record for ANY game on 2026-08-16 at T-8h
  2026-08-16 SEA v CHI T-30m   missing_data_unavailable   job served 1 other game(s) on 2026-08-16 at T-30m
  2026-08-16 PHX v PDX T-24h   missing_job_did_not_run    no base record for ANY game on 2026-08-16 at T-24h
  2026-08-16 PHX v PDX T-8h    missing_job_did_not_run    no base record for ANY game on 2026-08-16 at T-8h

wrote forecasts/coverage_audit.csv and forecasts/coverage_receipt.json
[audit] exit=0 
==== Sun 08/16/2026 19:45:02.23 ==== 
[gate] 2026-08-16T23:45:02.863126+00:00  fire=False  -- no unserved obligation inside its 20-minute lead window (2 upcoming game(s) examined); 2 slate game(s) have no official game_id and were served under a provisional id: GSV v DAL (2026-08-17) -> PROV-2026-08-17-DAL@GSV, CON v LAS (2026-08-18) -> PROV-2026-08-18-LAS@CON
       GSV v DAL      T-24h   unserved cutoff 2026-08-17T02:00:00 (+135 min) 
       CON v LAS      T-24h   unserved cutoff 2026-08-17T23:00:00 (+1395 min) 
[gate] skipping the base job
[base] skipped - no unserved obligation in its lead window 
[base] exit=0 
================================================================================================
PROSPECTIVE PAIR RUNNER  2026-08-16T23:45:03.752068+00:00  model=ridge_score_level_w2c1_v1 hash=5d295bb8b99cd34e
================================================================================================
base records in official chain: 75
  late_prevented #0 ATL v SEA @ T-8h                cutoff 2026-07-31T15:35:00+00:00 already passed at 2026-08-1
  late_prevented #1 WAS v DAL @ T-8h                cutoff 2026-07-31T15:35:00+00:00 already passed at 2026-08-1
  late_prevented #2 PDX v IND @ T-8h                cutoff 2026-07-31T18:06:00+00:00 already passed at 2026-08-1
  late_prevented #3 ATL v SEA @ T-30m               cutoff 2026-07-31T23:05:00+00:00 already passed at 2026-08-1
  late_prevented #4 WAS v DAL @ T-30m               cutoff 2026-07-31T23:05:00+00:00 already passed at 2026-08-1
  late_prevented #5 PDX v IND @ T-90m               cutoff 2026-08-01T00:36:00+00:00 already passed at 2026-08-1
  late_prevented #6 CHI v LVA @ T-90m               cutoff 2026-08-01T15:35:00+00:00 already passed at 2026-08-1
  late_prevented #7 PHX v NYL @ T-90m               cutoff 2026-08-01T17:34:00+00:00 already passed at 2026-08-1
  skip           #8 CHI v LVA @ unknown-tip         base record is an explicit no-forecast; nothing to pair
  skip           #9 PHX v NYL @ unknown-tip         base record is an explicit no-forecast; nothing to pair
  late_prevented #10 NYL v SEA @ T-8h               cutoff 2026-08-03T15:04:00+00:00 already passed at 2026-08-1
  late_prevented #11 ATL v LVA @ T-8h               cutoff 2026-08-03T15:14:00+00:00 already passed at 2026-08-1
  late_prevented #12 CHI v PHX @ T-8h               cutoff 2026-08-03T17:08:00+00:00 already passed at 2026-08-1
  already_logged #13 NYL v SEA @ T-90m              idempotent: pair exists
  already_logged #14 ATL v LVA @ T-90m              idempotent: pair exists
  already_logged #15 CHI v PHX @ T-90m              idempotent: pair exists
  already_logged #16 NYL v SEA @ T-90m              idempotent: pair exists
  already_logged #17 ATL v LVA @ T-90m              idempotent: pair exists
  already_logged #18 CHI v PHX @ T-90m              idempotent: pair exists
  late_prevented #19 NYL v SEA @ T-30m              cutoff 2026-08-03T22:34:00+00:00 already passed at 2026-08-1
  late_prevented #20 ATL v LVA @ T-30m              cutoff 2026-08-03T22:44:00+00:00 already passed at 2026-08-1
  already_logged #21 CHI v PHX @ T-90m              idempotent: pair exists
  already_logged #22 GSV v TOR @ T-8h               idempotent: pair exists
  already_logged #23 GSV v TOR @ T-90m              idempotent: pair exists
  already_logged #24 GSV v TOR @ T-30m              idempotent: pair exists
  already_logged #25 ATL v PHX @ T-8h               idempotent: pair exists
  already_logged #26 NYL v SEA @ T-8h               idempotent: pair exists
  already_logged #27 WAS v DAL @ T-8h               idempotent: pair exists
  already_logged #28 CHI v LAS @ T-8h               idempotent: pair exists
  already_logged #29 ATL v PHX @ T-90m              idempotent: pair exists
  already_logged #30 NYL v SEA @ T-90m              idempotent: pair exists
  already_logged #31 WAS v DAL @ T-90m              idempotent: pair exists
  already_logged #32 CHI v LAS @ T-90m              idempotent: pair exists
  late_prevented #33 ATL v PHX @ T-30m              cutoff 2026-08-05T22:33:00+00:00 already passed at 2026-08-1
  late_prevented #34 NYL v SEA @ T-30m              cutoff 2026-08-05T22:38:00+00:00 already passed at 2026-08-1
  already_logged #35 WAS v DAL @ T-30m              idempotent: pair exists
  already_logged #36 CHI v LAS @ T-90m              idempotent: pair exists
  already_logged #37 IND v LVA @ T-8h               idempotent: pair exists
  already_logged #38 MIN v LAS @ T-8h               idempotent: pair exists
  already_logged #39 PDX v TOR @ T-8h               idempotent: pair exists
  already_logged #40 IND v LVA @ T-90m              idempotent: pair exists
  already_logged #41 MIN v LAS @ T-90m              idempotent: pair exists
  already_logged #42 PDX v TOR @ T-90m              idempotent: pair exists
  late_prevented #43 IND v LVA @ T-30m              cutoff 2026-08-06T22:36:00+00:00 already passed at 2026-08-1
  already_logged #44 PDX v TOR @ T-30m              idempotent: pair exists
  already_logged #45 CON v PHX @ T-8h               idempotent: pair exists
  already_logged #46 WAS v ATL @ T-8h               idempotent: pair exists
  already_logged #47 DAL v GSV @ T-8h               idempotent: pair exists
  already_logged #48 CON v PHX @ T-90m              idempotent: pair exists
  already_logged #49 WAS v ATL @ T-90m              idempotent: pair exists
  already_logged #50 DAL v GSV @ T-90m              idempotent: pair exists
  already_logged #51 CON v PHX @ T-30m              idempotent: pair exists
  already_logged #52 WAS v ATL @ T-30m              idempotent: pair exists
  already_logged #53 DAL v GSV @ T-30m              idempotent: pair exists
  already_logged #54 MIN v LVA @ T-8h               idempotent: pair exists
  already_logged #55 CHI v IND @ T-8h               idempotent: pair exists
  already_logged #56 PDX v SEA @ T-8h               idempotent: pair exists
  already_logged #57 MIN v LVA @ T-90m              idempotent: pair exists
  late_prevented #58 CHI v IND @ T-8h               cutoff 2026-08-08T11:35:00+00:00 already passed at 2026-08-1
  already_logged #59 PDX v SEA @ T-8h               idempotent: pair exists
  already_logged #60 PDX v SEA @ T-90m              idempotent: pair exists
  skip           #61 CHI v IND @ unknown-tip        base record is an explicit no-forecast; nothing to pair
  skip           #62 MIN v LVA @ unknown-tip        base record is an explicit no-forecast; nothing to pair
  already_logged #63 PDX v SEA @ T-30m              idempotent: pair exists
  already_logged #64 WAS v LAS @ T-90m              idempotent: pair exists
  already_logged #65 LVA v MIN @ T-90m              idempotent: pair exists
  already_logged #66 WAS v LAS @ T-30m              idempotent: pair exists
  late_prevented #67 LVA v MIN @ T-90m              cutoff 2026-08-15T22:35:00+00:00 already passed at 2026-08-1
  skip           #68 CON v NYL @ unknown-tip        base record is an explicit no-forecast; nothing to pair
  late_prevented #69 LVA v MIN @ T-30m              cutoff 2026-08-15T23:35:00+00:00 already passed at 2026-08-1
  already_logged #70 ATL v IND @ T-90m              idempotent: pair exists
  already_logged #71 SEA v CHI @ T-90m              idempotent: pair exists
  already_logged #72 PHX v PDX @ T-90m              idempotent: pair exists
  already_logged #73 PHX v PDX @ T-30m              idempotent: pair exists
  late_prevented #74 PHX v PDX @ T-30m              cutoff 2026-08-16T22:32:00+00:00 already passed at 2026-08-1

  already_logged=50, late_prevented=20, skip=5
  arm chain: ok=True n=45 tip=ed3d0ca9d3a991c1
  receipt appended to prospective_pair_runs.jsonl
[arm] exit=0 
====================================================================================================
FORECAST COVERAGE AUDIT   generated 2026-08-16T23:45:04.780859+00:00
====================================================================================================

CUMULATIVE by classification
  missing_job_did_not_run      65
  forecast_logged              56
  before_period_start          15
  missing_data_unavailable     11
  not_yet_due                  8
  late_record                  5

  obligations 160 | due 137 | served 56 | coverage 40.9%
  operational misses 65 | unexplained 0
  PROMOTION-GRADE: NO   (needs >= 95% served, <= 0 operational misses, all explained)

DAILY
  date         oblig  served     due     excl    opmiss arm_recs
  2026-07-30      12       0       0       12         0        0
  2026-07-31      12       6       9        3         0        0
  2026-08-01       8       2       8        0         6        0
  2026-08-02      16       0      16        0        16        0
  2026-08-03      12       6      12        0         3        3
  2026-08-04       4       3       4        0         1        3
  2026-08-05      16       9      16        0         4        9
  2026-08-06      12       7      12        0         3        7
  2026-08-07      12       9      12        0         3        9
  2026-08-08      12       6      12        0         3        4
  2026-08-09      16       0      16        0        16        0
  2026-08-15       8       4       8        0         4        1
  2026-08-16      12       4      12        0         6        0
  2026-08-17       4       0       0        4         0        0
  2026-08-18       4       0       0        4         0        0

EVERY MISSING OR IRREGULAR OBLIGATION (each must carry an explanation)
  2026-07-31 ATL v SEA T-90m   missing_data_unavailable   job served 1 other game(s) on 2026-07-31 at T-90m
  2026-07-31 WAS v DAL T-90m   missing_data_unavailable   job served 1 other game(s) on 2026-07-31 at T-90m
  2026-07-31 PDX v IND T-30m   missing_data_unavailable   job served 2 other game(s) on 2026-07-31 at T-30m
  2026-08-01 CHI v LVA T-24h   missing_job_did_not_run    no base record for ANY game on 2026-08-01 at T-24h
  2026-08-01 CHI v LVA T-8h    missing_job_did_not_run    no base record for ANY game on 2026-08-01 at T-8h
  2026-08-01 CHI v LVA T-30m   missing_job_did_not_run    no base record for ANY game on 2026-08-01 at T-30m
  2026-08-01 PHX v NYL T-24h   missing_job_did_not_run    no base record for ANY game on 2026-08-01 at T-24h
  2026-08-01 PHX v NYL T-8h    missing_job_did_not_run    no base record for ANY game on 2026-08-01 at T-8h
  2026-08-01 PHX v NYL T-30m   missing_job_did_not_run    no base record for ANY game on 2026-08-01 at T-30m
  2026-08-02 DAL v CON T-24h   missing_job_did_not_run    no base record for ANY game on 2026-08-02 at T-24h
  2026-08-02 DAL v CON T-8h    missing_job_did_not_run    no base record for ANY game on 2026-08-02 at T-8h
  2026-08-02 DAL v CON T-90m   missing_job_did_not_run    no base record for ANY game on 2026-08-02 at T-90m
  2026-08-02 DAL v CON T-30m   missing_job_did_not_run    no base record for ANY game on 2026-08-02 at T-30m
  2026-08-02 GSV v TOR T-24h   missing_job_did_not_run    no base record for ANY game on 2026-08-02 at T-24h
  2026-08-02 GSV v TOR T-8h    missing_job_did_not_run    no base record for ANY game on 2026-08-02 at T-8h
  2026-08-02 GSV v TOR T-90m   missing_job_did_not_run    no base record for ANY game on 2026-08-02 at T-90m
  2026-08-02 GSV v TOR T-30m   missing_job_did_not_run    no base record for ANY game on 2026-08-02 at T-30m
  2026-08-02 MIN v IND T-24h   missing_job_did_not_run    no base record for ANY game on 2026-08-02 at T-24h
  2026-08-02 MIN v IND T-8h    missing_job_did_not_run    no base record for ANY game on 2026-08-02 at T-8h
  2026-08-02 MIN v IND T-90m   missing_job_did_not_run    no base record for ANY game on 2026-08-02 at T-90m
  2026-08-02 MIN v IND T-30m   missing_job_did_not_run    no base record for ANY game on 2026-08-02 at T-30m
  2026-08-02 PDX v LAS T-24h   missing_job_did_not_run    no base record for ANY game on 2026-08-02 at T-24h
  2026-08-02 PDX v LAS T-8h    missing_job_did_not_run    no base record for ANY game on 2026-08-02 at T-8h
  2026-08-02 PDX v LAS T-90m   missing_job_did_not_run    no base record for ANY game on 2026-08-02 at T-90m
  2026-08-02 PDX v LAS T-30m   missing_job_did_not_run    no base record for ANY game on 2026-08-02 at T-30m
  2026-08-03 NYL v SEA T-24h   missing_job_did_not_run    no base record for ANY game on 2026-08-03 at T-24h
  2026-08-03 NYL v SEA T-30m   late_record                created 2026-08-03T22:45:08.958486+00:00 after cutoff
  2026-08-03 ATL v LVA T-24h   missing_job_did_not_run    no base record for ANY game on 2026-08-03 at T-24h
  2026-08-03 ATL v LVA T-30m   late_record                created 2026-08-03T22:45:08.976775+00:00 after cutoff
  2026-08-03 CHI v PHX T-24h   missing_job_did_not_run    no base record for ANY game on 2026-08-03 at T-24h
  2026-08-03 CHI v PHX T-30m   missing_data_unavailable   job served 2 other game(s) on 2026-08-03 at T-30m
  2026-08-04 GSV v TOR T-24h   missing_job_did_not_run    no base record for ANY game on 2026-08-04 at T-24h
  2026-08-05 WAS v DAL T-24h   missing_job_did_not_run    no base record for ANY game on 2026-08-05 at T-24h
  2026-08-05 NYL v SEA T-24h   missing_job_did_not_run    no base record for ANY game on 2026-08-05 at T-24h
  2026-08-05 NYL v SEA T-30m   late_record                created 2026-08-05T22:45:07.299457+00:00 after cutoff
  2026-08-05 ATL v PHX T-24h   missing_job_did_not_run    no base record for ANY game on 2026-08-05 at T-24h
  2026-08-05 ATL v PHX T-30m   late_record                created 2026-08-05T22:45:07.274521+00:00 after cutoff
  2026-08-05 CHI v LAS T-24h   missing_job_did_not_run    no base record for ANY game on 2026-08-05 at T-24h
  2026-08-05 CHI v LAS T-30m   missing_data_unavailable   job served 3 other game(s) on 2026-08-05 at T-30m
  2026-08-06 IND v LVA T-24h   missing_job_did_not_run    no base record for ANY game on 2026-08-06 at T-24h
  2026-08-06 IND v LVA T-30m   late_record                created 2026-08-06T22:45:09.382682+00:00 after cutoff
  2026-08-06 PDX v TOR T-24h   missing_job_did_not_run    no base record for ANY game on 2026-08-06 at T-24h
  2026-08-06 MIN v LAS T-24h   missing_job_did_not_run    no base record for ANY game on 2026-08-06 at T-24h
  2026-08-06 MIN v LAS T-30m   missing_data_unavailable   job served 2 other game(s) on 2026-08-06 at T-30m
  2026-08-07 WAS v ATL T-24h   missing_job_did_not_run    no base record for ANY game on 2026-08-07 at T-24h
  2026-08-07 CON v PHX T-24h   missing_job_did_not_run    no base record for ANY game on 2026-08-07 at T-24h
  2026-08-07 DAL v GSV T-24h   missing_job_did_not_run    no base record for ANY game on 2026-08-07 at T-24h
  2026-08-08 CHI v IND T-24h   missing_job_did_not_run    no base record for ANY game on 2026-08-08 at T-24h
  2026-08-08 CHI v IND T-90m   missing_data_unavailable   job served 2 other game(s) on 2026-08-08 at T-90m
  2026-08-08 CHI v IND T-30m   missing_data_unavailable   job served 1 other game(s) on 2026-08-08 at T-30m
  2026-08-08 MIN v LVA T-24h   missing_job_did_not_run    no base record for ANY game on 2026-08-08 at T-24h
  2026-08-08 MIN v LVA T-30m   missing_data_unavailable   job served 1 other game(s) on 2026-08-08 at T-30m
  2026-08-08 PDX v SEA T-24h   missing_job_did_not_run    no base record for ANY game on 2026-08-08 at T-24h
  2026-08-09 WAS v PHX T-24h   missing_job_did_not_run    no base record for ANY game on 2026-08-09 at T-24h
  2026-08-09 WAS v PHX T-8h    missing_job_did_not_run    no base record for ANY game on 2026-08-09 at T-8h
  2026-08-09 WAS v PHX T-90m   missing_job_did_not_run    no base record for ANY game on 2026-08-09 at T-90m
  2026-08-09 WAS v PHX T-30m   missing_job_did_not_run    no base record for ANY game on 2026-08-09 at T-30m
  2026-08-09 LAS v GSV T-24h   missing_job_did_not_run    no base record for ANY game on 2026-08-09 at T-24h
  2026-08-09 LAS v GSV T-8h    missing_job_did_not_run    no base record for ANY game on 2026-08-09 at T-8h
  2026-08-09 LAS v GSV T-90m   missing_job_did_not_run    no base record for ANY game on 2026-08-09 at T-90m
  2026-08-09 LAS v GSV T-30m   missing_job_did_not_run    no base record for ANY game on 2026-08-09 at T-30m
  2026-08-09 NYL v LVA T-24h   missing_job_did_not_run    no base record for ANY game on 2026-08-09 at T-24h
  2026-08-09 NYL v LVA T-8h    missing_job_did_not_run    no base record for ANY game on 2026-08-09 at T-8h
  2026-08-09 NYL v LVA T-90m   missing_job_did_not_run    no base record for ANY game on 2026-08-09 at T-90m
  2026-08-09 NYL v LVA T-30m   missing_job_did_not_run    no base record for ANY game on 2026-08-09 at T-30m
  2026-08-09 MIN v DAL T-24h   missing_job_did_not_run    no base record for ANY game on 2026-08-09 at T-24h
  2026-08-09 MIN v DAL T-8h    missing_job_did_not_run    no base record for ANY game on 2026-08-09 at T-8h
  2026-08-09 MIN v DAL T-90m   missing_job_did_not_run    no base record for ANY game on 2026-08-09 at T-90m
  2026-08-09 MIN v DAL T-30m   missing_job_did_not_run    no base record for ANY game on 2026-08-09 at T-30m
  2026-08-15 WAS v LAS T-24h   missing_job_did_not_run    no base record for ANY game on 2026-08-15 at T-24h
  2026-08-15 WAS v LAS T-8h    missing_job_did_not_run    no base record for ANY game on 2026-08-15 at T-8h
  2026-08-15 LVA v MIN T-24h   missing_job_did_not_run    no base record for ANY game on 2026-08-15 at T-24h
  2026-08-15 LVA v MIN T-8h    missing_job_did_not_run    no base record for ANY game on 2026-08-15 at T-8h
  2026-08-16 ATL v IND T-24h   missing_job_did_not_run    no base record for ANY game on 2026-08-16 at T-24h
  2026-08-16 ATL v IND T-8h    missing_job_did_not_run    no base record for ANY game on 2026-08-16 at T-8h
  2026-08-16 ATL v IND T-30m   missing_data_unavailable   job served 1 other game(s) on 2026-08-16 at T-30m
  2026-08-16 SEA v CHI T-24h   missing_job_did_not_run    no base record for ANY game on 2026-08-16 at T-24h
  2026-08-16 SEA v CHI T-8h    missing_job_did_not_run    no base record for ANY game on 2026-08-16 at T-8h
  2026-08-16 SEA v CHI T-30m   missing_data_unavailable   job served 1 other game(s) on 2026-08-16 at T-30m
  2026-08-16 PHX v PDX T-24h   missing_job_did_not_run    no base record for ANY game on 2026-08-16 at T-24h
  2026-08-16 PHX v PDX T-8h    missing_job_did_not_run    no base record for ANY game on 2026-08-16 at T-8h

wrote forecasts/coverage_audit.csv and forecasts/coverage_receipt.json
[audit] exit=0 
==== Sun 08/16/2026 20:00:02.60 ==== 
[gate] 2026-08-17T00:00:03.361804+00:00  fire=False  -- no unserved obligation inside its 20-minute lead window (4 upcoming game(s) examined); 4 slate game(s) have no official game_id and were served under a provisional id: GSV v DAL (2026-08-17) -> PROV-2026-08-17-DAL@GSV, CON v LAS (2026-08-18) -> PROV-2026-08-18-LAS@CON, TOR v IND (2026-08-18) -> PROV-2026-08-18-IND@TOR, LVA v ATL (2026-08-18) -> PROV-2026-08-18-ATL@LVA
       GSV v DAL      T-24h   unserved cutoff 2026-08-17T02:01:00 (+121 min) 
       CON v LAS      T-24h   unserved cutoff 2026-08-17T23:00:00 (+1380 min) 
       TOR v IND      T-24h   unserved cutoff 2026-08-17T23:00:00 (+1380 min) 
       LVA v ATL      T-24h   unserved cutoff 2026-08-18T02:00:00 (+1560 min) 
[gate] skipping the base job
[base] skipped - no unserved obligation in its lead window 
[base] exit=0 
================================================================================================
PROSPECTIVE PAIR RUNNER  2026-08-17T00:00:04.310282+00:00  model=ridge_score_level_w2c1_v1 hash=5d295bb8b99cd34e
================================================================================================
base records in official chain: 75
  late_prevented #0 ATL v SEA @ T-8h                cutoff 2026-07-31T15:35:00+00:00 already passed at 2026-08-1
  late_prevented #1 WAS v DAL @ T-8h                cutoff 2026-07-31T15:35:00+00:00 already passed at 2026-08-1
  late_prevented #2 PDX v IND @ T-8h                cutoff 2026-07-31T18:06:00+00:00 already passed at 2026-08-1
  late_prevented #3 ATL v SEA @ T-30m               cutoff 2026-07-31T23:05:00+00:00 already passed at 2026-08-1
  late_prevented #4 WAS v DAL @ T-30m               cutoff 2026-07-31T23:05:00+00:00 already passed at 2026-08-1
  late_prevented #5 PDX v IND @ T-90m               cutoff 2026-08-01T00:36:00+00:00 already passed at 2026-08-1
  late_prevented #6 CHI v LVA @ T-90m               cutoff 2026-08-01T15:35:00+00:00 already passed at 2026-08-1
  late_prevented #7 PHX v NYL @ T-90m               cutoff 2026-08-01T17:34:00+00:00 already passed at 2026-08-1
  skip           #8 CHI v LVA @ unknown-tip         base record is an explicit no-forecast; nothing to pair
  skip           #9 PHX v NYL @ unknown-tip         base record is an explicit no-forecast; nothing to pair
  late_prevented #10 NYL v SEA @ T-8h               cutoff 2026-08-03T15:04:00+00:00 already passed at 2026-08-1
  late_prevented #11 ATL v LVA @ T-8h               cutoff 2026-08-03T15:14:00+00:00 already passed at 2026-08-1
  late_prevented #12 CHI v PHX @ T-8h               cutoff 2026-08-03T17:08:00+00:00 already passed at 2026-08-1
  already_logged #13 NYL v SEA @ T-90m              idempotent: pair exists
  already_logged #14 ATL v LVA @ T-90m              idempotent: pair exists
  already_logged #15 CHI v PHX @ T-90m              idempotent: pair exists
  already_logged #16 NYL v SEA @ T-90m              idempotent: pair exists
  already_logged #17 ATL v LVA @ T-90m              idempotent: pair exists
  already_logged #18 CHI v PHX @ T-90m              idempotent: pair exists
  late_prevented #19 NYL v SEA @ T-30m              cutoff 2026-08-03T22:34:00+00:00 already passed at 2026-08-1
  late_prevented #20 ATL v LVA @ T-30m              cutoff 2026-08-03T22:44:00+00:00 already passed at 2026-08-1
  already_logged #21 CHI v PHX @ T-90m              idempotent: pair exists
  already_logged #22 GSV v TOR @ T-8h               idempotent: pair exists
  already_logged #23 GSV v TOR @ T-90m              idempotent: pair exists
  already_logged #24 GSV v TOR @ T-30m              idempotent: pair exists
  already_logged #25 ATL v PHX @ T-8h               idempotent: pair exists
  already_logged #26 NYL v SEA @ T-8h               idempotent: pair exists
  already_logged #27 WAS v DAL @ T-8h               idempotent: pair exists
  already_logged #28 CHI v LAS @ T-8h               idempotent: pair exists
  already_logged #29 ATL v PHX @ T-90m              idempotent: pair exists
  already_logged #30 NYL v SEA @ T-90m              idempotent: pair exists
  already_logged #31 WAS v DAL @ T-90m              idempotent: pair exists
  already_logged #32 CHI v LAS @ T-90m              idempotent: pair exists
  late_prevented #33 ATL v PHX @ T-30m              cutoff 2026-08-05T22:33:00+00:00 already passed at 2026-08-1
  late_prevented #34 NYL v SEA @ T-30m              cutoff 2026-08-05T22:38:00+00:00 already passed at 2026-08-1
  already_logged #35 WAS v DAL @ T-30m              idempotent: pair exists
  already_logged #36 CHI v LAS @ T-90m              idempotent: pair exists
  already_logged #37 IND v LVA @ T-8h               idempotent: pair exists
  already_logged #38 MIN v LAS @ T-8h               idempotent: pair exists
  already_logged #39 PDX v TOR @ T-8h               idempotent: pair exists
  already_logged #40 IND v LVA @ T-90m              idempotent: pair exists
  already_logged #41 MIN v LAS @ T-90m              idempotent: pair exists
  already_logged #42 PDX v TOR @ T-90m              idempotent: pair exists
  late_prevented #43 IND v LVA @ T-30m              cutoff 2026-08-06T22:36:00+00:00 already passed at 2026-08-1
  already_logged #44 PDX v TOR @ T-30m              idempotent: pair exists
  already_logged #45 CON v PHX @ T-8h               idempotent: pair exists
  already_logged #46 WAS v ATL @ T-8h               idempotent: pair exists
  already_logged #47 DAL v GSV @ T-8h               idempotent: pair exists
  already_logged #48 CON v PHX @ T-90m              idempotent: pair exists
  already_logged #49 WAS v ATL @ T-90m              idempotent: pair exists
  already_logged #50 DAL v GSV @ T-90m              idempotent: pair exists
  already_logged #51 CON v PHX @ T-30m              idempotent: pair exists
  already_logged #52 WAS v ATL @ T-30m              idempotent: pair exists
  already_logged #53 DAL v GSV @ T-30m              idempotent: pair exists
  already_logged #54 MIN v LVA @ T-8h               idempotent: pair exists
  already_logged #55 CHI v IND @ T-8h               idempotent: pair exists
  already_logged #56 PDX v SEA @ T-8h               idempotent: pair exists
  already_logged #57 MIN v LVA @ T-90m              idempotent: pair exists
  late_prevented #58 CHI v IND @ T-8h               cutoff 2026-08-08T11:35:00+00:00 already passed at 2026-08-1
  already_logged #59 PDX v SEA @ T-8h               idempotent: pair exists
  already_logged #60 PDX v SEA @ T-90m              idempotent: pair exists
  skip           #61 CHI v IND @ unknown-tip        base record is an explicit no-forecast; nothing to pair
  skip           #62 MIN v LVA @ unknown-tip        base record is an explicit no-forecast; nothing to pair
  already_logged #63 PDX v SEA @ T-30m              idempotent: pair exists
  already_logged #64 WAS v LAS @ T-90m              idempotent: pair exists
  already_logged #65 LVA v MIN @ T-90m              idempotent: pair exists
  already_logged #66 WAS v LAS @ T-30m              idempotent: pair exists
  late_prevented #67 LVA v MIN @ T-90m              cutoff 2026-08-15T22:35:00+00:00 already passed at 2026-08-1
  skip           #68 CON v NYL @ unknown-tip        base record is an explicit no-forecast; nothing to pair
  late_prevented #69 LVA v MIN @ T-30m              cutoff 2026-08-15T23:35:00+00:00 already passed at 2026-08-1
  already_logged #70 ATL v IND @ T-90m              idempotent: pair exists
  already_logged #71 SEA v CHI @ T-90m              idempotent: pair exists
  already_logged #72 PHX v PDX @ T-90m              idempotent: pair exists
  already_logged #73 PHX v PDX @ T-30m              idempotent: pair exists
  late_prevented #74 PHX v PDX @ T-30m              cutoff 2026-08-16T22:38:00+00:00 already passed at 2026-08-1

  already_logged=50, late_prevented=20, skip=5
  arm chain: ok=True n=45 tip=ed3d0ca9d3a991c1
  receipt appended to prospective_pair_runs.jsonl
[arm] exit=0 
====================================================================================================
FORECAST COVERAGE AUDIT   generated 2026-08-17T00:00:05.368107+00:00
====================================================================================================

CUMULATIVE by classification
  missing_job_did_not_run      65
  forecast_logged              56
  not_yet_due                  16
  before_period_start          15
  missing_data_unavailable     11
  late_record                  5

  obligations 168 | due 137 | served 56 | coverage 40.9%
  operational misses 65 | unexplained 0
  PROMOTION-GRADE: NO   (needs >= 95% served, <= 0 operational misses, all explained)

DAILY
  date         oblig  served     due     excl    opmiss arm_recs
  2026-07-30      12       0       0       12         0        0
  2026-07-31      12       6       9        3         0        0
  2026-08-01       8       2       8        0         6        0
  2026-08-02      16       0      16        0        16        0
  2026-08-03      12       6      12        0         3        3
  2026-08-04       4       3       4        0         1        3
  2026-08-05      16       9      16        0         4        9
  2026-08-06      12       7      12        0         3        7
  2026-08-07      12       9      12        0         3        9
  2026-08-08      12       6      12        0         3        4
  2026-08-09      16       0      16        0        16        0
  2026-08-15       8       4       8        0         4        1
  2026-08-16      12       4      12        0         6        0
  2026-08-17       4       0       0        4         0        0
  2026-08-18      12       0       0       12         0        0

EVERY MISSING OR IRREGULAR OBLIGATION (each must carry an explanation)
  2026-07-31 ATL v SEA T-90m   missing_data_unavailable   job served 1 other game(s) on 2026-07-31 at T-90m
  2026-07-31 WAS v DAL T-90m   missing_data_unavailable   job served 1 other game(s) on 2026-07-31 at T-90m
  2026-07-31 PDX v IND T-30m   missing_data_unavailable   job served 2 other game(s) on 2026-07-31 at T-30m
  2026-08-01 CHI v LVA T-24h   missing_job_did_not_run    no base record for ANY game on 2026-08-01 at T-24h
  2026-08-01 CHI v LVA T-8h    missing_job_did_not_run    no base record for ANY game on 2026-08-01 at T-8h
  2026-08-01 CHI v LVA T-30m   missing_job_did_not_run    no base record for ANY game on 2026-08-01 at T-30m
  2026-08-01 PHX v NYL T-24h   missing_job_did_not_run    no base record for ANY game on 2026-08-01 at T-24h
  2026-08-01 PHX v NYL T-8h    missing_job_did_not_run    no base record for ANY game on 2026-08-01 at T-8h
  2026-08-01 PHX v NYL T-30m   missing_job_did_not_run    no base record for ANY game on 2026-08-01 at T-30m
  2026-08-02 DAL v CON T-24h   missing_job_did_not_run    no base record for ANY game on 2026-08-02 at T-24h
  2026-08-02 DAL v CON T-8h    missing_job_did_not_run    no base record for ANY game on 2026-08-02 at T-8h
  2026-08-02 DAL v CON T-90m   missing_job_did_not_run    no base record for ANY game on 2026-08-02 at T-90m
  2026-08-02 DAL v CON T-30m   missing_job_did_not_run    no base record for ANY game on 2026-08-02 at T-30m
  2026-08-02 GSV v TOR T-24h   missing_job_did_not_run    no base record for ANY game on 2026-08-02 at T-24h
  2026-08-02 GSV v TOR T-8h    missing_job_did_not_run    no base record for ANY game on 2026-08-02 at T-8h
  2026-08-02 GSV v TOR T-90m   missing_job_did_not_run    no base record for ANY game on 2026-08-02 at T-90m
  2026-08-02 GSV v TOR T-30m   missing_job_did_not_run    no base record for ANY game on 2026-08-02 at T-30m
  2026-08-02 MIN v IND T-24h   missing_job_did_not_run    no base record for ANY game on 2026-08-02 at T-24h
  2026-08-02 MIN v IND T-8h    missing_job_did_not_run    no base record for ANY game on 2026-08-02 at T-8h
  2026-08-02 MIN v IND T-90m   missing_job_did_not_run    no base record for ANY game on 2026-08-02 at T-90m
  2026-08-02 MIN v IND T-30m   missing_job_did_not_run    no base record for ANY game on 2026-08-02 at T-30m
  2026-08-02 PDX v LAS T-24h   missing_job_did_not_run    no base record for ANY game on 2026-08-02 at T-24h
  2026-08-02 PDX v LAS T-8h    missing_job_did_not_run    no base record for ANY game on 2026-08-02 at T-8h
  2026-08-02 PDX v LAS T-90m   missing_job_did_not_run    no base record for ANY game on 2026-08-02 at T-90m
  2026-08-02 PDX v LAS T-30m   missing_job_did_not_run    no base record for ANY game on 2026-08-02 at T-30m
  2026-08-03 NYL v SEA T-24h   missing_job_did_not_run    no base record for ANY game on 2026-08-03 at T-24h
  2026-08-03 NYL v SEA T-30m   late_record                created 2026-08-03T22:45:08.958486+00:00 after cutoff
  2026-08-03 ATL v LVA T-24h   missing_job_did_not_run    no base record for ANY game on 2026-08-03 at T-24h
  2026-08-03 ATL v LVA T-30m   late_record                created 2026-08-03T22:45:08.976775+00:00 after cutoff
  2026-08-03 CHI v PHX T-24h   missing_job_did_not_run    no base record for ANY game on 2026-08-03 at T-24h
  2026-08-03 CHI v PHX T-30m   missing_data_unavailable   job served 2 other game(s) on 2026-08-03 at T-30m
  2026-08-04 GSV v TOR T-24h   missing_job_did_not_run    no base record for ANY game on 2026-08-04 at T-24h
  2026-08-05 WAS v DAL T-24h   missing_job_did_not_run    no base record for ANY game on 2026-08-05 at T-24h
  2026-08-05 NYL v SEA T-24h   missing_job_did_not_run    no base record for ANY game on 2026-08-05 at T-24h
  2026-08-05 NYL v SEA T-30m   late_record                created 2026-08-05T22:45:07.299457+00:00 after cutoff
  2026-08-05 ATL v PHX T-24h   missing_job_did_not_run    no base record for ANY game on 2026-08-05 at T-24h
  2026-08-05 ATL v PHX T-30m   late_record                created 2026-08-05T22:45:07.274521+00:00 after cutoff
  2026-08-05 CHI v LAS T-24h   missing_job_did_not_run    no base record for ANY game on 2026-08-05 at T-24h
  2026-08-05 CHI v LAS T-30m   missing_data_unavailable   job served 3 other game(s) on 2026-08-05 at T-30m
  2026-08-06 IND v LVA T-24h   missing_job_did_not_run    no base record for ANY game on 2026-08-06 at T-24h
  2026-08-06 IND v LVA T-30m   late_record                created 2026-08-06T22:45:09.382682+00:00 after cutoff
  2026-08-06 PDX v TOR T-24h   missing_job_did_not_run    no base record for ANY game on 2026-08-06 at T-24h
  2026-08-06 MIN v LAS T-24h   missing_job_did_not_run    no base record for ANY game on 2026-08-06 at T-24h
  2026-08-06 MIN v LAS T-30m   missing_data_unavailable   job served 2 other game(s) on 2026-08-06 at T-30m
  2026-08-07 WAS v ATL T-24h   missing_job_did_not_run    no base record for ANY game on 2026-08-07 at T-24h
  2026-08-07 CON v PHX T-24h   missing_job_did_not_run    no base record for ANY game on 2026-08-07 at T-24h
  2026-08-07 DAL v GSV T-24h   missing_job_did_not_run    no base record for ANY game on 2026-08-07 at T-24h
  2026-08-08 CHI v IND T-24h   missing_job_did_not_run    no base record for ANY game on 2026-08-08 at T-24h
  2026-08-08 CHI v IND T-90m   missing_data_unavailable   job served 2 other game(s) on 2026-08-08 at T-90m
  2026-08-08 CHI v IND T-30m   missing_data_unavailable   job served 1 other game(s) on 2026-08-08 at T-30m
  2026-08-08 MIN v LVA T-24h   missing_job_did_not_run    no base record for ANY game on 2026-08-08 at T-24h
  2026-08-08 MIN v LVA T-30m   missing_data_unavailable   job served 1 other game(s) on 2026-08-08 at T-30m
  2026-08-08 PDX v SEA T-24h   missing_job_did_not_run    no base record for ANY game on 2026-08-08 at T-24h
  2026-08-09 WAS v PHX T-24h   missing_job_did_not_run    no base record for ANY game on 2026-08-09 at T-24h
  2026-08-09 WAS v PHX T-8h    missing_job_did_not_run    no base record for ANY game on 2026-08-09 at T-8h
  2026-08-09 WAS v PHX T-90m   missing_job_did_not_run    no base record for ANY game on 2026-08-09 at T-90m
  2026-08-09 WAS v PHX T-30m   missing_job_did_not_run    no base record for ANY game on 2026-08-09 at T-30m
  2026-08-09 LAS v GSV T-24h   missing_job_did_not_run    no base record for ANY game on 2026-08-09 at T-24h
  2026-08-09 LAS v GSV T-8h    missing_job_did_not_run    no base record for ANY game on 2026-08-09 at T-8h
  2026-08-09 LAS v GSV T-90m   missing_job_did_not_run    no base record for ANY game on 2026-08-09 at T-90m
  2026-08-09 LAS v GSV T-30m   missing_job_did_not_run    no base record for ANY game on 2026-08-09 at T-30m
  2026-08-09 NYL v LVA T-24h   missing_job_did_not_run    no base record for ANY game on 2026-08-09 at T-24h
  2026-08-09 NYL v LVA T-8h    missing_job_did_not_run    no base record for ANY game on 2026-08-09 at T-8h
  2026-08-09 NYL v LVA T-90m   missing_job_did_not_run    no base record for ANY game on 2026-08-09 at T-90m
  2026-08-09 NYL v LVA T-30m   missing_job_did_not_run    no base record for ANY game on 2026-08-09 at T-30m
  2026-08-09 MIN v DAL T-24h   missing_job_did_not_run    no base record for ANY game on 2026-08-09 at T-24h
  2026-08-09 MIN v DAL T-8h    missing_job_did_not_run    no base record for ANY game on 2026-08-09 at T-8h
  2026-08-09 MIN v DAL T-90m   missing_job_did_not_run    no base record for ANY game on 2026-08-09 at T-90m
  2026-08-09 MIN v DAL T-30m   missing_job_did_not_run    no base record for ANY game on 2026-08-09 at T-30m
  2026-08-15 WAS v LAS T-24h   missing_job_did_not_run    no base record for ANY game on 2026-08-15 at T-24h
  2026-08-15 WAS v LAS T-8h    missing_job_did_not_run    no base record for ANY game on 2026-08-15 at T-8h
  2026-08-15 LVA v MIN T-24h   missing_job_did_not_run    no base record for ANY game on 2026-08-15 at T-24h
  2026-08-15 LVA v MIN T-8h    missing_job_did_not_run    no base record for ANY game on 2026-08-15 at T-8h
  2026-08-16 ATL v IND T-24h   missing_job_did_not_run    no base record for ANY game on 2026-08-16 at T-24h
  2026-08-16 ATL v IND T-8h    missing_job_did_not_run    no base record for ANY game on 2026-08-16 at T-8h
  2026-08-16 ATL v IND T-30m   missing_data_unavailable   job served 1 other game(s) on 2026-08-16 at T-30m
  2026-08-16 SEA v CHI T-24h   missing_job_did_not_run    no base record for ANY game on 2026-08-16 at T-24h
  2026-08-16 SEA v CHI T-8h    missing_job_did_not_run    no base record for ANY game on 2026-08-16 at T-8h
  2026-08-16 SEA v CHI T-30m   missing_data_unavailable   job served 1 other game(s) on 2026-08-16 at T-30m
  2026-08-16 PHX v PDX T-24h   missing_job_did_not_run    no base record for ANY game on 2026-08-16 at T-24h
  2026-08-16 PHX v PDX T-8h    missing_job_did_not_run    no base record for ANY game on 2026-08-16 at T-8h

wrote forecasts/coverage_audit.csv and forecasts/coverage_receipt.json
[audit] exit=0 
==== Sun 08/16/2026 20:15:02.30 ==== 
[gate] 2026-08-17T00:15:02.956723+00:00  fire=False  -- no unserved obligation inside its 20-minute lead window (4 upcoming game(s) examined); 4 slate game(s) have no official game_id and were served under a provisional id: GSV v DAL (2026-08-17) -> PROV-2026-08-17-DAL@GSV, CON v LAS (2026-08-18) -> PROV-2026-08-18-LAS@CON, TOR v IND (2026-08-18) -> PROV-2026-08-18-IND@TOR, LVA v ATL (2026-08-18) -> PROV-2026-08-18-ATL@LVA
       GSV v DAL      T-24h   unserved cutoff 2026-08-17T02:01:00 (+106 min) 
       CON v LAS      T-24h   unserved cutoff 2026-08-17T23:00:00 (+1365 min) 
       TOR v IND      T-24h   unserved cutoff 2026-08-17T23:00:00 (+1365 min) 
       LVA v ATL      T-24h   unserved cutoff 2026-08-18T02:00:00 (+1545 min) 
[gate] skipping the base job
[base] skipped - no unserved obligation in its lead window 
[base] exit=0 
================================================================================================
PROSPECTIVE PAIR RUNNER  2026-08-17T00:15:03.903039+00:00  model=ridge_score_level_w2c1_v1 hash=5d295bb8b99cd34e
================================================================================================
base records in official chain: 75
  late_prevented #0 ATL v SEA @ T-8h                cutoff 2026-07-31T15:35:00+00:00 already passed at 2026-08-1
  late_prevented #1 WAS v DAL @ T-8h                cutoff 2026-07-31T15:35:00+00:00 already passed at 2026-08-1
  late_prevented #2 PDX v IND @ T-8h                cutoff 2026-07-31T18:06:00+00:00 already passed at 2026-08-1
  late_prevented #3 ATL v SEA @ T-30m               cutoff 2026-07-31T23:05:00+00:00 already passed at 2026-08-1
  late_prevented #4 WAS v DAL @ T-30m               cutoff 2026-07-31T23:05:00+00:00 already passed at 2026-08-1
  late_prevented #5 PDX v IND @ T-90m               cutoff 2026-08-01T00:36:00+00:00 already passed at 2026-08-1
  late_prevented #6 CHI v LVA @ T-90m               cutoff 2026-08-01T15:35:00+00:00 already passed at 2026-08-1
  late_prevented #7 PHX v NYL @ T-90m               cutoff 2026-08-01T17:34:00+00:00 already passed at 2026-08-1
  skip           #8 CHI v LVA @ unknown-tip         base record is an explicit no-forecast; nothing to pair
  skip           #9 PHX v NYL @ unknown-tip         base record is an explicit no-forecast; nothing to pair
  late_prevented #10 NYL v SEA @ T-8h               cutoff 2026-08-03T15:04:00+00:00 already passed at 2026-08-1
  late_prevented #11 ATL v LVA @ T-8h               cutoff 2026-08-03T15:14:00+00:00 already passed at 2026-08-1
  late_prevented #12 CHI v PHX @ T-8h               cutoff 2026-08-03T17:08:00+00:00 already passed at 2026-08-1
  already_logged #13 NYL v SEA @ T-90m              idempotent: pair exists
  already_logged #14 ATL v LVA @ T-90m              idempotent: pair exists
  already_logged #15 CHI v PHX @ T-90m              idempotent: pair exists
  already_logged #16 NYL v SEA @ T-90m              idempotent: pair exists
  already_logged #17 ATL v LVA @ T-90m              idempotent: pair exists
  already_logged #18 CHI v PHX @ T-90m              idempotent: pair exists
  late_prevented #19 NYL v SEA @ T-30m              cutoff 2026-08-03T22:34:00+00:00 already passed at 2026-08-1
  late_prevented #20 ATL v LVA @ T-30m              cutoff 2026-08-03T22:44:00+00:00 already passed at 2026-08-1
  already_logged #21 CHI v PHX @ T-90m              idempotent: pair exists
  already_logged #22 GSV v TOR @ T-8h               idempotent: pair exists
  already_logged #23 GSV v TOR @ T-90m              idempotent: pair exists
  already_logged #24 GSV v TOR @ T-30m              idempotent: pair exists
  already_logged #25 ATL v PHX @ T-8h               idempotent: pair exists
  already_logged #26 NYL v SEA @ T-8h               idempotent: pair exists
  already_logged #27 WAS v DAL @ T-8h               idempotent: pair exists
  already_logged #28 CHI v LAS @ T-8h               idempotent: pair exists
  already_logged #29 ATL v PHX @ T-90m              idempotent: pair exists
  already_logged #30 NYL v SEA @ T-90m              idempotent: pair exists
  already_logged #31 WAS v DAL @ T-90m              idempotent: pair exists
  already_logged #32 CHI v LAS @ T-90m              idempotent: pair exists
  late_prevented #33 ATL v PHX @ T-30m              cutoff 2026-08-05T22:33:00+00:00 already passed at 2026-08-1
  late_prevented #34 NYL v SEA @ T-30m              cutoff 2026-08-05T22:38:00+00:00 already passed at 2026-08-1
  already_logged #35 WAS v DAL @ T-30m              idempotent: pair exists
  already_logged #36 CHI v LAS @ T-90m              idempotent: pair exists
  already_logged #37 IND v LVA @ T-8h               idempotent: pair exists
  already_logged #38 MIN v LAS @ T-8h               idempotent: pair exists
  already_logged #39 PDX v TOR @ T-8h               idempotent: pair exists
  already_logged #40 IND v LVA @ T-90m              idempotent: pair exists
  already_logged #41 MIN v LAS @ T-90m              idempotent: pair exists
  already_logged #42 PDX v TOR @ T-90m              idempotent: pair exists
  late_prevented #43 IND v LVA @ T-30m              cutoff 2026-08-06T22:36:00+00:00 already passed at 2026-08-1
  already_logged #44 PDX v TOR @ T-30m              idempotent: pair exists
  already_logged #45 CON v PHX @ T-8h               idempotent: pair exists
  already_logged #46 WAS v ATL @ T-8h               idempotent: pair exists
  already_logged #47 DAL v GSV @ T-8h               idempotent: pair exists
  already_logged #48 CON v PHX @ T-90m              idempotent: pair exists
  already_logged #49 WAS v ATL @ T-90m              idempotent: pair exists
  already_logged #50 DAL v GSV @ T-90m              idempotent: pair exists
  already_logged #51 CON v PHX @ T-30m              idempotent: pair exists
  already_logged #52 WAS v ATL @ T-30m              idempotent: pair exists
  already_logged #53 DAL v GSV @ T-30m              idempotent: pair exists
  already_logged #54 MIN v LVA @ T-8h               idempotent: pair exists
  already_logged #55 CHI v IND @ T-8h               idempotent: pair exists
  already_logged #56 PDX v SEA @ T-8h               idempotent: pair exists
  already_logged #57 MIN v LVA @ T-90m              idempotent: pair exists
  late_prevented #58 CHI v IND @ T-8h               cutoff 2026-08-08T11:35:00+00:00 already passed at 2026-08-1
  already_logged #59 PDX v SEA @ T-8h               idempotent: pair exists
  already_logged #60 PDX v SEA @ T-90m              idempotent: pair exists
  skip           #61 CHI v IND @ unknown-tip        base record is an explicit no-forecast; nothing to pair
  skip           #62 MIN v LVA @ unknown-tip        base record is an explicit no-forecast; nothing to pair
  already_logged #63 PDX v SEA @ T-30m              idempotent: pair exists
  already_logged #64 WAS v LAS @ T-90m              idempotent: pair exists
  already_logged #65 LVA v MIN @ T-90m              idempotent: pair exists
  already_logged #66 WAS v LAS @ T-30m              idempotent: pair exists
  late_prevented #67 LVA v MIN @ T-90m              cutoff 2026-08-15T22:35:00+00:00 already passed at 2026-08-1
  skip           #68 CON v NYL @ unknown-tip        base record is an explicit no-forecast; nothing to pair
  late_prevented #69 LVA v MIN @ T-30m              cutoff 2026-08-15T23:35:00+00:00 already passed at 2026-08-1
  already_logged #70 ATL v IND @ T-90m              idempotent: pair exists
  already_logged #71 SEA v CHI @ T-90m              idempotent: pair exists
  already_logged #72 PHX v PDX @ T-90m              idempotent: pair exists
  already_logged #73 PHX v PDX @ T-30m              idempotent: pair exists
  late_prevented #74 PHX v PDX @ T-30m              cutoff 2026-08-16T22:38:00+00:00 already passed at 2026-08-1

  already_logged=50, late_prevented=20, skip=5
  arm chain: ok=True n=45 tip=ed3d0ca9d3a991c1
  receipt appended to prospective_pair_runs.jsonl
[arm] exit=0 
====================================================================================================
FORECAST COVERAGE AUDIT   generated 2026-08-17T00:15:04.994597+00:00
====================================================================================================

CUMULATIVE by classification
  missing_job_did_not_run      65
  forecast_logged              56
  not_yet_due                  16
  before_period_start          15
  missing_data_unavailable     11
  late_record                  5

  obligations 168 | due 137 | served 56 | coverage 40.9%
  operational misses 65 | unexplained 0
  PROMOTION-GRADE: NO   (needs >= 95% served, <= 0 operational misses, all explained)

DAILY
  date         oblig  served     due     excl    opmiss arm_recs
  2026-07-30      12       0       0       12         0        0
  2026-07-31      12       6       9        3         0        0
  2026-08-01       8       2       8        0         6        0
  2026-08-02      16       0      16        0        16        0
  2026-08-03      12       6      12        0         3        3
  2026-08-04       4       3       4        0         1        3
  2026-08-05      16       9      16        0         4        9
  2026-08-06      12       7      12        0         3        7
  2026-08-07      12       9      12        0         3        9
  2026-08-08      12       6      12        0         3        4
  2026-08-09      16       0      16        0        16        0
  2026-08-15       8       4       8        0         4        1
  2026-08-16      12       4      12        0         6        0
  2026-08-17       4       0       0        4         0        0
  2026-08-18      12       0       0       12         0        0

EVERY MISSING OR IRREGULAR OBLIGATION (each must carry an explanation)
  2026-07-31 ATL v SEA T-90m   missing_data_unavailable   job served 1 other game(s) on 2026-07-31 at T-90m
  2026-07-31 WAS v DAL T-90m   missing_data_unavailable   job served 1 other game(s) on 2026-07-31 at T-90m
  2026-07-31 PDX v IND T-30m   missing_data_unavailable   job served 2 other game(s) on 2026-07-31 at T-30m
  2026-08-01 CHI v LVA T-24h   missing_job_did_not_run    no base record for ANY game on 2026-08-01 at T-24h
  2026-08-01 CHI v LVA T-8h    missing_job_did_not_run    no base record for ANY game on 2026-08-01 at T-8h
  2026-08-01 CHI v LVA T-30m   missing_job_did_not_run    no base record for ANY game on 2026-08-01 at T-30m
  2026-08-01 PHX v NYL T-24h   missing_job_did_not_run    no base record for ANY game on 2026-08-01 at T-24h
  2026-08-01 PHX v NYL T-8h    missing_job_did_not_run    no base record for ANY game on 2026-08-01 at T-8h
  2026-08-01 PHX v NYL T-30m   missing_job_did_not_run    no base record for ANY game on 2026-08-01 at T-30m
  2026-08-02 DAL v CON T-24h   missing_job_did_not_run    no base record for ANY game on 2026-08-02 at T-24h
  2026-08-02 DAL v CON T-8h    missing_job_did_not_run    no base record for ANY game on 2026-08-02 at T-8h
  2026-08-02 DAL v CON T-90m   missing_job_did_not_run    no base record for ANY game on 2026-08-02 at T-90m
  2026-08-02 DAL v CON T-30m   missing_job_did_not_run    no base record for ANY game on 2026-08-02 at T-30m
  2026-08-02 GSV v TOR T-24h   missing_job_did_not_run    no base record for ANY game on 2026-08-02 at T-24h
  2026-08-02 GSV v TOR T-8h    missing_job_did_not_run    no base record for ANY game on 2026-08-02 at T-8h
  2026-08-02 GSV v TOR T-90m   missing_job_did_not_run    no base record for ANY game on 2026-08-02 at T-90m
  2026-08-02 GSV v TOR T-30m   missing_job_did_not_run    no base record for ANY game on 2026-08-02 at T-30m
  2026-08-02 MIN v IND T-24h   missing_job_did_not_run    no base record for ANY game on 2026-08-02 at T-24h
  2026-08-02 MIN v IND T-8h    missing_job_did_not_run    no base record for ANY game on 2026-08-02 at T-8h
  2026-08-02 MIN v IND T-90m   missing_job_did_not_run    no base record for ANY game on 2026-08-02 at T-90m
  2026-08-02 MIN v IND T-30m   missing_job_did_not_run    no base record for ANY game on 2026-08-02 at T-30m
  2026-08-02 PDX v LAS T-24h   missing_job_did_not_run    no base record for ANY game on 2026-08-02 at T-24h
  2026-08-02 PDX v LAS T-8h    missing_job_did_not_run    no base record for ANY game on 2026-08-02 at T-8h
  2026-08-02 PDX v LAS T-90m   missing_job_did_not_run    no base record for ANY game on 2026-08-02 at T-90m
  2026-08-02 PDX v LAS T-30m   missing_job_did_not_run    no base record for ANY game on 2026-08-02 at T-30m
  2026-08-03 NYL v SEA T-24h   missing_job_did_not_run    no base record for ANY game on 2026-08-03 at T-24h
  2026-08-03 NYL v SEA T-30m   late_record                created 2026-08-03T22:45:08.958486+00:00 after cutoff
  2026-08-03 ATL v LVA T-24h   missing_job_did_not_run    no base record for ANY game on 2026-08-03 at T-24h
  2026-08-03 ATL v LVA T-30m   late_record                created 2026-08-03T22:45:08.976775+00:00 after cutoff
  2026-08-03 CHI v PHX T-24h   missing_job_did_not_run    no base record for ANY game on 2026-08-03 at T-24h
  2026-08-03 CHI v PHX T-30m   missing_data_unavailable   job served 2 other game(s) on 2026-08-03 at T-30m
  2026-08-04 GSV v TOR T-24h   missing_job_did_not_run    no base record for ANY game on 2026-08-04 at T-24h
  2026-08-05 WAS v DAL T-24h   missing_job_did_not_run    no base record for ANY game on 2026-08-05 at T-24h
  2026-08-05 NYL v SEA T-24h   missing_job_did_not_run    no base record for ANY game on 2026-08-05 at T-24h
  2026-08-05 NYL v SEA T-30m   late_record                created 2026-08-05T22:45:07.299457+00:00 after cutoff
  2026-08-05 ATL v PHX T-24h   missing_job_did_not_run    no base record for ANY game on 2026-08-05 at T-24h
  2026-08-05 ATL v PHX T-30m   late_record                created 2026-08-05T22:45:07.274521+00:00 after cutoff
  2026-08-05 CHI v LAS T-24h   missing_job_did_not_run    no base record for ANY game on 2026-08-05 at T-24h
  2026-08-05 CHI v LAS T-30m   missing_data_unavailable   job served 3 other game(s) on 2026-08-05 at T-30m
  2026-08-06 IND v LVA T-24h   missing_job_did_not_run    no base record for ANY game on 2026-08-06 at T-24h
  2026-08-06 IND v LVA T-30m   late_record                created 2026-08-06T22:45:09.382682+00:00 after cutoff
  2026-08-06 PDX v TOR T-24h   missing_job_did_not_run    no base record for ANY game on 2026-08-06 at T-24h
  2026-08-06 MIN v LAS T-24h   missing_job_did_not_run    no base record for ANY game on 2026-08-06 at T-24h
  2026-08-06 MIN v LAS T-30m   missing_data_unavailable   job served 2 other game(s) on 2026-08-06 at T-30m
  2026-08-07 WAS v ATL T-24h   missing_job_did_not_run    no base record for ANY game on 2026-08-07 at T-24h
  2026-08-07 CON v PHX T-24h   missing_job_did_not_run    no base record for ANY game on 2026-08-07 at T-24h
  2026-08-07 DAL v GSV T-24h   missing_job_did_not_run    no base record for ANY game on 2026-08-07 at T-24h
  2026-08-08 CHI v IND T-24h   missing_job_did_not_run    no base record for ANY game on 2026-08-08 at T-24h
  2026-08-08 CHI v IND T-90m   missing_data_unavailable   job served 2 other game(s) on 2026-08-08 at T-90m
  2026-08-08 CHI v IND T-30m   missing_data_unavailable   job served 1 other game(s) on 2026-08-08 at T-30m
  2026-08-08 MIN v LVA T-24h   missing_job_did_not_run    no base record for ANY game on 2026-08-08 at T-24h
  2026-08-08 MIN v LVA T-30m   missing_data_unavailable   job served 1 other game(s) on 2026-08-08 at T-30m
  2026-08-08 PDX v SEA T-24h   missing_job_did_not_run    no base record for ANY game on 2026-08-08 at T-24h
  2026-08-09 WAS v PHX T-24h   missing_job_did_not_run    no base record for ANY game on 2026-08-09 at T-24h
  2026-08-09 WAS v PHX T-8h    missing_job_did_not_run    no base record for ANY game on 2026-08-09 at T-8h
  2026-08-09 WAS v PHX T-90m   missing_job_did_not_run    no base record for ANY game on 2026-08-09 at T-90m
  2026-08-09 WAS v PHX T-30m   missing_job_did_not_run    no base record for ANY game on 2026-08-09 at T-30m
  2026-08-09 LAS v GSV T-24h   missing_job_did_not_run    no base record for ANY game on 2026-08-09 at T-24h
  2026-08-09 LAS v GSV T-8h    missing_job_did_not_run    no base record for ANY game on 2026-08-09 at T-8h
  2026-08-09 LAS v GSV T-90m   missing_job_did_not_run    no base record for ANY game on 2026-08-09 at T-90m
  2026-08-09 LAS v GSV T-30m   missing_job_did_not_run    no base record for ANY game on 2026-08-09 at T-30m
  2026-08-09 NYL v LVA T-24h   missing_job_did_not_run    no base record for ANY game on 2026-08-09 at T-24h
  2026-08-09 NYL v LVA T-8h    missing_job_did_not_run    no base record for ANY game on 2026-08-09 at T-8h
  2026-08-09 NYL v LVA T-90m   missing_job_did_not_run    no base record for ANY game on 2026-08-09 at T-90m
  2026-08-09 NYL v LVA T-30m   missing_job_did_not_run    no base record for ANY game on 2026-08-09 at T-30m
  2026-08-09 MIN v DAL T-24h   missing_job_did_not_run    no base record for ANY game on 2026-08-09 at T-24h
  2026-08-09 MIN v DAL T-8h    missing_job_did_not_run    no base record for ANY game on 2026-08-09 at T-8h
  2026-08-09 MIN v DAL T-90m   missing_job_did_not_run    no base record for ANY game on 2026-08-09 at T-90m
  2026-08-09 MIN v DAL T-30m   missing_job_did_not_run    no base record for ANY game on 2026-08-09 at T-30m
  2026-08-15 WAS v LAS T-24h   missing_job_did_not_run    no base record for ANY game on 2026-08-15 at T-24h
  2026-08-15 WAS v LAS T-8h    missing_job_did_not_run    no base record for ANY game on 2026-08-15 at T-8h
  2026-08-15 LVA v MIN T-24h   missing_job_did_not_run    no base record for ANY game on 2026-08-15 at T-24h
  2026-08-15 LVA v MIN T-8h    missing_job_did_not_run    no base record for ANY game on 2026-08-15 at T-8h
  2026-08-16 ATL v IND T-24h   missing_job_did_not_run    no base record for ANY game on 2026-08-16 at T-24h
  2026-08-16 ATL v IND T-8h    missing_job_did_not_run    no base record for ANY game on 2026-08-16 at T-8h
  2026-08-16 ATL v IND T-30m   missing_data_unavailable   job served 1 other game(s) on 2026-08-16 at T-30m
  2026-08-16 SEA v CHI T-24h   missing_job_did_not_run    no base record for ANY game on 2026-08-16 at T-24h
  2026-08-16 SEA v CHI T-8h    missing_job_did_not_run    no base record for ANY game on 2026-08-16 at T-8h
  2026-08-16 SEA v CHI T-30m   missing_data_unavailable   job served 1 other game(s) on 2026-08-16 at T-30m
  2026-08-16 PHX v PDX T-24h   missing_job_did_not_run    no base record for ANY game on 2026-08-16 at T-24h
  2026-08-16 PHX v PDX T-8h    missing_job_did_not_run    no base record for ANY game on 2026-08-16 at T-8h

wrote forecasts/coverage_audit.csv and forecasts/coverage_receipt.json
[audit] exit=0 
==== Sun 08/16/2026 20:30:03.37 ==== 
[gate] 2026-08-17T00:30:04.768554+00:00  fire=False  -- no unserved obligation inside its 20-minute lead window (4 upcoming game(s) examined); 4 slate game(s) have no official game_id and were served under a provisional id: GSV v DAL (2026-08-17) -> PROV-2026-08-17-DAL@GSV, CON v LAS (2026-08-18) -> PROV-2026-08-18-LAS@CON, TOR v IND (2026-08-18) -> PROV-2026-08-18-IND@TOR, LVA v ATL (2026-08-18) -> PROV-2026-08-18-ATL@LVA
       GSV v DAL      T-24h   unserved cutoff 2026-08-17T02:01:00 (+91 min) 
       CON v LAS      T-24h   unserved cutoff 2026-08-17T23:00:00 (+1350 min) 
       TOR v IND      T-24h   unserved cutoff 2026-08-17T23:00:00 (+1350 min) 
       LVA v ATL      T-24h   unserved cutoff 2026-08-18T02:00:00 (+1530 min) 
[gate] skipping the base job
[base] skipped - no unserved obligation in its lead window 
[base] exit=0 
================================================================================================
PROSPECTIVE PAIR RUNNER  2026-08-17T00:30:06.659815+00:00  model=ridge_score_level_w2c1_v1 hash=5d295bb8b99cd34e
================================================================================================
base records in official chain: 75
  late_prevented #0 ATL v SEA @ T-8h                cutoff 2026-07-31T15:35:00+00:00 already passed at 2026-08-1
  late_prevented #1 WAS v DAL @ T-8h                cutoff 2026-07-31T15:35:00+00:00 already passed at 2026-08-1
  late_prevented #2 PDX v IND @ T-8h                cutoff 2026-07-31T18:06:00+00:00 already passed at 2026-08-1
  late_prevented #3 ATL v SEA @ T-30m               cutoff 2026-07-31T23:05:00+00:00 already passed at 2026-08-1
  late_prevented #4 WAS v DAL @ T-30m               cutoff 2026-07-31T23:05:00+00:00 already passed at 2026-08-1
  late_prevented #5 PDX v IND @ T-90m               cutoff 2026-08-01T00:36:00+00:00 already passed at 2026-08-1
  late_prevented #6 CHI v LVA @ T-90m               cutoff 2026-08-01T15:35:00+00:00 already passed at 2026-08-1
  late_prevented #7 PHX v NYL @ T-90m               cutoff 2026-08-01T17:34:00+00:00 already passed at 2026-08-1
  skip           #8 CHI v LVA @ unknown-tip         base record is an explicit no-forecast; nothing to pair
  skip           #9 PHX v NYL @ unknown-tip         base record is an explicit no-forecast; nothing to pair
  late_prevented #10 NYL v SEA @ T-8h               cutoff 2026-08-03T15:04:00+00:00 already passed at 2026-08-1
  late_prevented #11 ATL v LVA @ T-8h               cutoff 2026-08-03T15:14:00+00:00 already passed at 2026-08-1
  late_prevented #12 CHI v PHX @ T-8h               cutoff 2026-08-03T17:08:00+00:00 already passed at 2026-08-1
  already_logged #13 NYL v SEA @ T-90m              idempotent: pair exists
  already_logged #14 ATL v LVA @ T-90m              idempotent: pair exists
  already_logged #15 CHI v PHX @ T-90m              idempotent: pair exists
  already_logged #16 NYL v SEA @ T-90m              idempotent: pair exists
  already_logged #17 ATL v LVA @ T-90m              idempotent: pair exists
  already_logged #18 CHI v PHX @ T-90m              idempotent: pair exists
  late_prevented #19 NYL v SEA @ T-30m              cutoff 2026-08-03T22:34:00+00:00 already passed at 2026-08-1
  late_prevented #20 ATL v LVA @ T-30m              cutoff 2026-08-03T22:44:00+00:00 already passed at 2026-08-1
  already_logged #21 CHI v PHX @ T-90m              idempotent: pair exists
  already_logged #22 GSV v TOR @ T-8h               idempotent: pair exists
  already_logged #23 GSV v TOR @ T-90m              idempotent: pair exists
  already_logged #24 GSV v TOR @ T-30m              idempotent: pair exists
  already_logged #25 ATL v PHX @ T-8h               idempotent: pair exists
  already_logged #26 NYL v SEA @ T-8h               idempotent: pair exists
  already_logged #27 WAS v DAL @ T-8h               idempotent: pair exists
  already_logged #28 CHI v LAS @ T-8h               idempotent: pair exists
  already_logged #29 ATL v PHX @ T-90m              idempotent: pair exists
  already_logged #30 NYL v SEA @ T-90m              idempotent: pair exists
  already_logged #31 WAS v DAL @ T-90m              idempotent: pair exists
  already_logged #32 CHI v LAS @ T-90m              idempotent: pair exists
  late_prevented #33 ATL v PHX @ T-30m              cutoff 2026-08-05T22:33:00+00:00 already passed at 2026-08-1
  late_prevented #34 NYL v SEA @ T-30m              cutoff 2026-08-05T22:38:00+00:00 already passed at 2026-08-1
  already_logged #35 WAS v DAL @ T-30m              idempotent: pair exists
  already_logged #36 CHI v LAS @ T-90m              idempotent: pair exists
  already_logged #37 IND v LVA @ T-8h               idempotent: pair exists
  already_logged #38 MIN v LAS @ T-8h               idempotent: pair exists
  already_logged #39 PDX v TOR @ T-8h               idempotent: pair exists
  already_logged #40 IND v LVA @ T-90m              idempotent: pair exists
  already_logged #41 MIN v LAS @ T-90m              idempotent: pair exists
  already_logged #42 PDX v TOR @ T-90m              idempotent: pair exists
  late_prevented #43 IND v LVA @ T-30m              cutoff 2026-08-06T22:36:00+00:00 already passed at 2026-08-1
  already_logged #44 PDX v TOR @ T-30m              idempotent: pair exists
  already_logged #45 CON v PHX @ T-8h               idempotent: pair exists
  already_logged #46 WAS v ATL @ T-8h               idempotent: pair exists
  already_logged #47 DAL v GSV @ T-8h               idempotent: pair exists
  already_logged #48 CON v PHX @ T-90m              idempotent: pair exists
  already_logged #49 WAS v ATL @ T-90m              idempotent: pair exists
  already_logged #50 DAL v GSV @ T-90m              idempotent: pair exists
  already_logged #51 CON v PHX @ T-30m              idempotent: pair exists
  already_logged #52 WAS v ATL @ T-30m              idempotent: pair exists
  already_logged #53 DAL v GSV @ T-30m              idempotent: pair exists
  already_logged #54 MIN v LVA @ T-8h               idempotent: pair exists
  already_logged #55 CHI v IND @ T-8h               idempotent: pair exists
  already_logged #56 PDX v SEA @ T-8h               idempotent: pair exists
  already_logged #57 MIN v LVA @ T-90m              idempotent: pair exists
  late_prevented #58 CHI v IND @ T-8h               cutoff 2026-08-08T11:35:00+00:00 already passed at 2026-08-1
  already_logged #59 PDX v SEA @ T-8h               idempotent: pair exists
  already_logged #60 PDX v SEA @ T-90m              idempotent: pair exists
  skip           #61 CHI v IND @ unknown-tip        base record is an explicit no-forecast; nothing to pair
  skip           #62 MIN v LVA @ unknown-tip        base record is an explicit no-forecast; nothing to pair
  already_logged #63 PDX v SEA @ T-30m              idempotent: pair exists
  already_logged #64 WAS v LAS @ T-90m              idempotent: pair exists
  already_logged #65 LVA v MIN @ T-90m              idempotent: pair exists
  already_logged #66 WAS v LAS @ T-30m              idempotent: pair exists
  late_prevented #67 LVA v MIN @ T-90m              cutoff 2026-08-15T22:35:00+00:00 already passed at 2026-08-1
  skip           #68 CON v NYL @ unknown-tip        base record is an explicit no-forecast; nothing to pair
  late_prevented #69 LVA v MIN @ T-30m              cutoff 2026-08-15T23:35:00+00:00 already passed at 2026-08-1
  already_logged #70 ATL v IND @ T-90m              idempotent: pair exists
  already_logged #71 SEA v CHI @ T-90m              idempotent: pair exists
  already_logged #72 PHX v PDX @ T-90m              idempotent: pair exists
  already_logged #73 PHX v PDX @ T-30m              idempotent: pair exists
  late_prevented #74 PHX v PDX @ T-30m              cutoff 2026-08-16T22:38:00+00:00 already passed at 2026-08-1

  already_logged=50, late_prevented=20, skip=5
  arm chain: ok=True n=45 tip=ed3d0ca9d3a991c1
  receipt appended to prospective_pair_runs.jsonl
[arm] exit=0 
====================================================================================================
FORECAST COVERAGE AUDIT   generated 2026-08-17T00:30:08.542633+00:00
====================================================================================================

CUMULATIVE by classification
  missing_job_did_not_run      65
  forecast_logged              56
  not_yet_due                  16
  before_period_start          15
  missing_data_unavailable     11
  late_record                  5

  obligations 168 | due 137 | served 56 | coverage 40.9%
  operational misses 65 | unexplained 0
  PROMOTION-GRADE: NO   (needs >= 95% served, <= 0 operational misses, all explained)

DAILY
  date         oblig  served     due     excl    opmiss arm_recs
  2026-07-30      12       0       0       12         0        0
  2026-07-31      12       6       9        3         0        0
  2026-08-01       8       2       8        0         6        0
  2026-08-02      16       0      16        0        16        0
  2026-08-03      12       6      12        0         3        3
  2026-08-04       4       3       4        0         1        3
  2026-08-05      16       9      16        0         4        9
  2026-08-06      12       7      12        0         3        7
  2026-08-07      12       9      12        0         3        9
  2026-08-08      12       6      12        0         3        4
  2026-08-09      16       0      16        0        16        0
  2026-08-15       8       4       8        0         4        1
  2026-08-16      12       4      12        0         6        0
  2026-08-17       4       0       0        4         0        0
  2026-08-18      12       0       0       12         0        0

EVERY MISSING OR IRREGULAR OBLIGATION (each must carry an explanation)
  2026-07-31 ATL v SEA T-90m   missing_data_unavailable   job served 1 other game(s) on 2026-07-31 at T-90m
  2026-07-31 WAS v DAL T-90m   missing_data_unavailable   job served 1 other game(s) on 2026-07-31 at T-90m
  2026-07-31 PDX v IND T-30m   missing_data_unavailable   job served 2 other game(s) on 2026-07-31 at T-30m
  2026-08-01 CHI v LVA T-24h   missing_job_did_not_run    no base record for ANY game on 2026-08-01 at T-24h
  2026-08-01 CHI v LVA T-8h    missing_job_did_not_run    no base record for ANY game on 2026-08-01 at T-8h
  2026-08-01 CHI v LVA T-30m   missing_job_did_not_run    no base record for ANY game on 2026-08-01 at T-30m
  2026-08-01 PHX v NYL T-24h   missing_job_did_not_run    no base record for ANY game on 2026-08-01 at T-24h
  2026-08-01 PHX v NYL T-8h    missing_job_did_not_run    no base record for ANY game on 2026-08-01 at T-8h
  2026-08-01 PHX v NYL T-30m   missing_job_did_not_run    no base record for ANY game on 2026-08-01 at T-30m
  2026-08-02 DAL v CON T-24h   missing_job_did_not_run    no base record for ANY game on 2026-08-02 at T-24h
  2026-08-02 DAL v CON T-8h    missing_job_did_not_run    no base record for ANY game on 2026-08-02 at T-8h
  2026-08-02 DAL v CON T-90m   missing_job_did_not_run    no base record for ANY game on 2026-08-02 at T-90m
  2026-08-02 DAL v CON T-30m   missing_job_did_not_run    no base record for ANY game on 2026-08-02 at T-30m
  2026-08-02 GSV v TOR T-24h   missing_job_did_not_run    no base record for ANY game on 2026-08-02 at T-24h
  2026-08-02 GSV v TOR T-8h    missing_job_did_not_run    no base record for ANY game on 2026-08-02 at T-8h
  2026-08-02 GSV v TOR T-90m   missing_job_did_not_run    no base record for ANY game on 2026-08-02 at T-90m
  2026-08-02 GSV v TOR T-30m   missing_job_did_not_run    no base record for ANY game on 2026-08-02 at T-30m
  2026-08-02 MIN v IND T-24h   missing_job_did_not_run    no base record for ANY game on 2026-08-02 at T-24h
  2026-08-02 MIN v IND T-8h    missing_job_did_not_run    no base record for ANY game on 2026-08-02 at T-8h
  2026-08-02 MIN v IND T-90m   missing_job_did_not_run    no base record for ANY game on 2026-08-02 at T-90m
  2026-08-02 MIN v IND T-30m   missing_job_did_not_run    no base record for ANY game on 2026-08-02 at T-30m
  2026-08-02 PDX v LAS T-24h   missing_job_did_not_run    no base record for ANY game on 2026-08-02 at T-24h
  2026-08-02 PDX v LAS T-8h    missing_job_did_not_run    no base record for ANY game on 2026-08-02 at T-8h
  2026-08-02 PDX v LAS T-90m   missing_job_did_not_run    no base record for ANY game on 2026-08-02 at T-90m
  2026-08-02 PDX v LAS T-30m   missing_job_did_not_run    no base record for ANY game on 2026-08-02 at T-30m
  2026-08-03 NYL v SEA T-24h   missing_job_did_not_run    no base record for ANY game on 2026-08-03 at T-24h
  2026-08-03 NYL v SEA T-30m   late_record                created 2026-08-03T22:45:08.958486+00:00 after cutoff
  2026-08-03 ATL v LVA T-24h   missing_job_did_not_run    no base record for ANY game on 2026-08-03 at T-24h
  2026-08-03 ATL v LVA T-30m   late_record                created 2026-08-03T22:45:08.976775+00:00 after cutoff
  2026-08-03 CHI v PHX T-24h   missing_job_did_not_run    no base record for ANY game on 2026-08-03 at T-24h
  2026-08-03 CHI v PHX T-30m   missing_data_unavailable   job served 2 other game(s) on 2026-08-03 at T-30m
  2026-08-04 GSV v TOR T-24h   missing_job_did_not_run    no base record for ANY game on 2026-08-04 at T-24h
  2026-08-05 WAS v DAL T-24h   missing_job_did_not_run    no base record for ANY game on 2026-08-05 at T-24h
  2026-08-05 NYL v SEA T-24h   missing_job_did_not_run    no base record for ANY game on 2026-08-05 at T-24h
  2026-08-05 NYL v SEA T-30m   late_record                created 2026-08-05T22:45:07.299457+00:00 after cutoff
  2026-08-05 ATL v PHX T-24h   missing_job_did_not_run    no base record for ANY game on 2026-08-05 at T-24h
  2026-08-05 ATL v PHX T-30m   late_record                created 2026-08-05T22:45:07.274521+00:00 after cutoff
  2026-08-05 CHI v LAS T-24h   missing_job_did_not_run    no base record for ANY game on 2026-08-05 at T-24h
  2026-08-05 CHI v LAS T-30m   missing_data_unavailable   job served 3 other game(s) on 2026-08-05 at T-30m
  2026-08-06 IND v LVA T-24h   missing_job_did_not_run    no base record for ANY game on 2026-08-06 at T-24h
  2026-08-06 IND v LVA T-30m   late_record                created 2026-08-06T22:45:09.382682+00:00 after cutoff
  2026-08-06 PDX v TOR T-24h   missing_job_did_not_run    no base record for ANY game on 2026-08-06 at T-24h
  2026-08-06 MIN v LAS T-24h   missing_job_did_not_run    no base record for ANY game on 2026-08-06 at T-24h
  2026-08-06 MIN v LAS T-30m   missing_data_unavailable   job served 2 other game(s) on 2026-08-06 at T-30m
  2026-08-07 WAS v ATL T-24h   missing_job_did_not_run    no base record for ANY game on 2026-08-07 at T-24h
  2026-08-07 CON v PHX T-24h   missing_job_did_not_run    no base record for ANY game on 2026-08-07 at T-24h
  2026-08-07 DAL v GSV T-24h   missing_job_did_not_run    no base record for ANY game on 2026-08-07 at T-24h
  2026-08-08 CHI v IND T-24h   missing_job_did_not_run    no base record for ANY game on 2026-08-08 at T-24h
  2026-08-08 CHI v IND T-90m   missing_data_unavailable   job served 2 other game(s) on 2026-08-08 at T-90m
  2026-08-08 CHI v IND T-30m   missing_data_unavailable   job served 1 other game(s) on 2026-08-08 at T-30m
  2026-08-08 MIN v LVA T-24h   missing_job_did_not_run    no base record for ANY game on 2026-08-08 at T-24h
  2026-08-08 MIN v LVA T-30m   missing_data_unavailable   job served 1 other game(s) on 2026-08-08 at T-30m
  2026-08-08 PDX v SEA T-24h   missing_job_did_not_run    no base record for ANY game on 2026-08-08 at T-24h
  2026-08-09 WAS v PHX T-24h   missing_job_did_not_run    no base record for ANY game on 2026-08-09 at T-24h
  2026-08-09 WAS v PHX T-8h    missing_job_did_not_run    no base record for ANY game on 2026-08-09 at T-8h
  2026-08-09 WAS v PHX T-90m   missing_job_did_not_run    no base record for ANY game on 2026-08-09 at T-90m
  2026-08-09 WAS v PHX T-30m   missing_job_did_not_run    no base record for ANY game on 2026-08-09 at T-30m
  2026-08-09 LAS v GSV T-24h   missing_job_did_not_run    no base record for ANY game on 2026-08-09 at T-24h
  2026-08-09 LAS v GSV T-8h    missing_job_did_not_run    no base record for ANY game on 2026-08-09 at T-8h
  2026-08-09 LAS v GSV T-90m   missing_job_did_not_run    no base record for ANY game on 2026-08-09 at T-90m
  2026-08-09 LAS v GSV T-30m   missing_job_did_not_run    no base record for ANY game on 2026-08-09 at T-30m
  2026-08-09 NYL v LVA T-24h   missing_job_did_not_run    no base record for ANY game on 2026-08-09 at T-24h
  2026-08-09 NYL v LVA T-8h    missing_job_did_not_run    no base record for ANY game on 2026-08-09 at T-8h
  2026-08-09 NYL v LVA T-90m   missing_job_did_not_run    no base record for ANY game on 2026-08-09 at T-90m
  2026-08-09 NYL v LVA T-30m   missing_job_did_not_run    no base record for ANY game on 2026-08-09 at T-30m
  2026-08-09 MIN v DAL T-24h   missing_job_did_not_run    no base record for ANY game on 2026-08-09 at T-24h
  2026-08-09 MIN v DAL T-8h    missing_job_did_not_run    no base record for ANY game on 2026-08-09 at T-8h
  2026-08-09 MIN v DAL T-90m   missing_job_did_not_run    no base record for ANY game on 2026-08-09 at T-90m
  2026-08-09 MIN v DAL T-30m   missing_job_did_not_run    no base record for ANY game on 2026-08-09 at T-30m
  2026-08-15 WAS v LAS T-24h   missing_job_did_not_run    no base record for ANY game on 2026-08-15 at T-24h
  2026-08-15 WAS v LAS T-8h    missing_job_did_not_run    no base record for ANY game on 2026-08-15 at T-8h
  2026-08-15 LVA v MIN T-24h   missing_job_did_not_run    no base record for ANY game on 2026-08-15 at T-24h
  2026-08-15 LVA v MIN T-8h    missing_job_did_not_run    no base record for ANY game on 2026-08-15 at T-8h
  2026-08-16 ATL v IND T-24h   missing_job_did_not_run    no base record for ANY game on 2026-08-16 at T-24h
  2026-08-16 ATL v IND T-8h    missing_job_did_not_run    no base record for ANY game on 2026-08-16 at T-8h
  2026-08-16 ATL v IND T-30m   missing_data_unavailable   job served 1 other game(s) on 2026-08-16 at T-30m
  2026-08-16 SEA v CHI T-24h   missing_job_did_not_run    no base record for ANY game on 2026-08-16 at T-24h
  2026-08-16 SEA v CHI T-8h    missing_job_did_not_run    no base record for ANY game on 2026-08-16 at T-8h
  2026-08-16 SEA v CHI T-30m   missing_data_unavailable   job served 1 other game(s) on 2026-08-16 at T-30m
  2026-08-16 PHX v PDX T-24h   missing_job_did_not_run    no base record for ANY game on 2026-08-16 at T-24h
  2026-08-16 PHX v PDX T-8h    missing_job_did_not_run    no base record for ANY game on 2026-08-16 at T-8h

wrote forecasts/coverage_audit.csv and forecasts/coverage_receipt.json
[audit] exit=0 
==== Sun 08/16/2026 20:45:03.13 ==== 
[gate] 2026-08-17T00:45:04.492788+00:00  fire=False  -- no unserved obligation inside its 20-minute lead window (4 upcoming game(s) examined); 4 slate game(s) have no official game_id and were served under a provisional id: GSV v DAL (2026-08-17) -> PROV-2026-08-17-DAL@GSV, CON v LAS (2026-08-18) -> PROV-2026-08-18-LAS@CON, TOR v IND (2026-08-18) -> PROV-2026-08-18-IND@TOR, LVA v ATL (2026-08-18) -> PROV-2026-08-18-ATL@LVA
       GSV v DAL      T-24h   unserved cutoff 2026-08-17T02:01:00 (+76 min) 
       CON v LAS      T-24h   unserved cutoff 2026-08-17T23:00:00 (+1335 min) 
       TOR v IND      T-24h   unserved cutoff 2026-08-17T23:00:00 (+1335 min) 
       LVA v ATL      T-24h   unserved cutoff 2026-08-18T02:00:00 (+1515 min) 
[gate] skipping the base job
[base] skipped - no unserved obligation in its lead window 
[base] exit=0 
================================================================================================
PROSPECTIVE PAIR RUNNER  2026-08-17T00:45:06.173257+00:00  model=ridge_score_level_w2c1_v1 hash=5d295bb8b99cd34e
================================================================================================
base records in official chain: 75
  late_prevented #0 ATL v SEA @ T-8h                cutoff 2026-07-31T15:35:00+00:00 already passed at 2026-08-1
  late_prevented #1 WAS v DAL @ T-8h                cutoff 2026-07-31T15:35:00+00:00 already passed at 2026-08-1
  late_prevented #2 PDX v IND @ T-8h                cutoff 2026-07-31T18:06:00+00:00 already passed at 2026-08-1
  late_prevented #3 ATL v SEA @ T-30m               cutoff 2026-07-31T23:05:00+00:00 already passed at 2026-08-1
  late_prevented #4 WAS v DAL @ T-30m               cutoff 2026-07-31T23:05:00+00:00 already passed at 2026-08-1
  late_prevented #5 PDX v IND @ T-90m               cutoff 2026-08-01T00:36:00+00:00 already passed at 2026-08-1
  late_prevented #6 CHI v LVA @ T-90m               cutoff 2026-08-01T15:35:00+00:00 already passed at 2026-08-1
  late_prevented #7 PHX v NYL @ T-90m               cutoff 2026-08-01T17:34:00+00:00 already passed at 2026-08-1
  skip           #8 CHI v LVA @ unknown-tip         base record is an explicit no-forecast; nothing to pair
  skip           #9 PHX v NYL @ unknown-tip         base record is an explicit no-forecast; nothing to pair
  late_prevented #10 NYL v SEA @ T-8h               cutoff 2026-08-03T15:04:00+00:00 already passed at 2026-08-1
  late_prevented #11 ATL v LVA @ T-8h               cutoff 2026-08-03T15:14:00+00:00 already passed at 2026-08-1
  late_prevented #12 CHI v PHX @ T-8h               cutoff 2026-08-03T17:08:00+00:00 already passed at 2026-08-1
  already_logged #13 NYL v SEA @ T-90m              idempotent: pair exists
  already_logged #14 ATL v LVA @ T-90m              idempotent: pair exists
  already_logged #15 CHI v PHX @ T-90m              idempotent: pair exists
  already_logged #16 NYL v SEA @ T-90m              idempotent: pair exists
  already_logged #17 ATL v LVA @ T-90m              idempotent: pair exists
  already_logged #18 CHI v PHX @ T-90m              idempotent: pair exists
  late_prevented #19 NYL v SEA @ T-30m              cutoff 2026-08-03T22:34:00+00:00 already passed at 2026-08-1
  late_prevented #20 ATL v LVA @ T-30m              cutoff 2026-08-03T22:44:00+00:00 already passed at 2026-08-1
  already_logged #21 CHI v PHX @ T-90m              idempotent: pair exists
  already_logged #22 GSV v TOR @ T-8h               idempotent: pair exists
  already_logged #23 GSV v TOR @ T-90m              idempotent: pair exists
  already_logged #24 GSV v TOR @ T-30m              idempotent: pair exists
  already_logged #25 ATL v PHX @ T-8h               idempotent: pair exists
  already_logged #26 NYL v SEA @ T-8h               idempotent: pair exists
  already_logged #27 WAS v DAL @ T-8h               idempotent: pair exists
  already_logged #28 CHI v LAS @ T-8h               idempotent: pair exists
  already_logged #29 ATL v PHX @ T-90m              idempotent: pair exists
  already_logged #30 NYL v SEA @ T-90m              idempotent: pair exists
  already_logged #31 WAS v DAL @ T-90m              idempotent: pair exists
  already_logged #32 CHI v LAS @ T-90m              idempotent: pair exists
  late_prevented #33 ATL v PHX @ T-30m              cutoff 2026-08-05T22:33:00+00:00 already passed at 2026-08-1
  late_prevented #34 NYL v SEA @ T-30m              cutoff 2026-08-05T22:38:00+00:00 already passed at 2026-08-1
  already_logged #35 WAS v DAL @ T-30m              idempotent: pair exists
  already_logged #36 CHI v LAS @ T-90m              idempotent: pair exists
  already_logged #37 IND v LVA @ T-8h               idempotent: pair exists
  already_logged #38 MIN v LAS @ T-8h               idempotent: pair exists
  already_logged #39 PDX v TOR @ T-8h               idempotent: pair exists
  already_logged #40 IND v LVA @ T-90m              idempotent: pair exists
  already_logged #41 MIN v LAS @ T-90m              idempotent: pair exists
  already_logged #42 PDX v TOR @ T-90m              idempotent: pair exists
  late_prevented #43 IND v LVA @ T-30m              cutoff 2026-08-06T22:36:00+00:00 already passed at 2026-08-1
  already_logged #44 PDX v TOR @ T-30m              idempotent: pair exists
  already_logged #45 CON v PHX @ T-8h               idempotent: pair exists
  already_logged #46 WAS v ATL @ T-8h               idempotent: pair exists
  already_logged #47 DAL v GSV @ T-8h               idempotent: pair exists
  already_logged #48 CON v PHX @ T-90m              idempotent: pair exists
  already_logged #49 WAS v ATL @ T-90m              idempotent: pair exists
  already_logged #50 DAL v GSV @ T-90m              idempotent: pair exists
  already_logged #51 CON v PHX @ T-30m              idempotent: pair exists
  already_logged #52 WAS v ATL @ T-30m              idempotent: pair exists
  already_logged #53 DAL v GSV @ T-30m              idempotent: pair exists
  already_logged #54 MIN v LVA @ T-8h               idempotent: pair exists
  already_logged #55 CHI v IND @ T-8h               idempotent: pair exists
  already_logged #56 PDX v SEA @ T-8h               idempotent: pair exists
  already_logged #57 MIN v LVA @ T-90m              idempotent: pair exists
  late_prevented #58 CHI v IND @ T-8h               cutoff 2026-08-08T11:35:00+00:00 already passed at 2026-08-1
  already_logged #59 PDX v SEA @ T-8h               idempotent: pair exists
  already_logged #60 PDX v SEA @ T-90m              idempotent: pair exists
  skip           #61 CHI v IND @ unknown-tip        base record is an explicit no-forecast; nothing to pair
  skip           #62 MIN v LVA @ unknown-tip        base record is an explicit no-forecast; nothing to pair
  already_logged #63 PDX v SEA @ T-30m              idempotent: pair exists
  already_logged #64 WAS v LAS @ T-90m              idempotent: pair exists
  already_logged #65 LVA v MIN @ T-90m              idempotent: pair exists
  already_logged #66 WAS v LAS @ T-30m              idempotent: pair exists
  late_prevented #67 LVA v MIN @ T-90m              cutoff 2026-08-15T22:35:00+00:00 already passed at 2026-08-1
  skip           #68 CON v NYL @ unknown-tip        base record is an explicit no-forecast; nothing to pair
  late_prevented #69 LVA v MIN @ T-30m              cutoff 2026-08-15T23:35:00+00:00 already passed at 2026-08-1
  already_logged #70 ATL v IND @ T-90m              idempotent: pair exists
  already_logged #71 SEA v CHI @ T-90m              idempotent: pair exists
  already_logged #72 PHX v PDX @ T-90m              idempotent: pair exists
  already_logged #73 PHX v PDX @ T-30m              idempotent: pair exists
  late_prevented #74 PHX v PDX @ T-30m              cutoff 2026-08-16T22:38:00+00:00 already passed at 2026-08-1

  already_logged=50, late_prevented=20, skip=5
  arm chain: ok=True n=45 tip=ed3d0ca9d3a991c1
  receipt appended to prospective_pair_runs.jsonl
[arm] exit=0 
====================================================================================================
FORECAST COVERAGE AUDIT   generated 2026-08-17T00:45:07.998647+00:00
====================================================================================================

CUMULATIVE by classification
  missing_job_did_not_run      65
  forecast_logged              56
  not_yet_due                  16
  before_period_start          15
  missing_data_unavailable     11
  late_record                  5

  obligations 168 | due 137 | served 56 | coverage 40.9%
  operational misses 65 | unexplained 0
  PROMOTION-GRADE: NO   (needs >= 95% served, <= 0 operational misses, all explained)

DAILY
  date         oblig  served     due     excl    opmiss arm_recs
  2026-07-30      12       0       0       12         0        0
  2026-07-31      12       6       9        3         0        0
  2026-08-01       8       2       8        0         6        0
  2026-08-02      16       0      16        0        16        0
  2026-08-03      12       6      12        0         3        3
  2026-08-04       4       3       4        0         1        3
  2026-08-05      16       9      16        0         4        9
  2026-08-06      12       7      12        0         3        7
  2026-08-07      12       9      12        0         3        9
  2026-08-08      12       6      12        0         3        4
  2026-08-09      16       0      16        0        16        0
  2026-08-15       8       4       8        0         4        1
  2026-08-16      12       4      12        0         6        0
  2026-08-17       4       0       0        4         0        0
  2026-08-18      12       0       0       12         0        0

EVERY MISSING OR IRREGULAR OBLIGATION (each must carry an explanation)
  2026-07-31 ATL v SEA T-90m   missing_data_unavailable   job served 1 other game(s) on 2026-07-31 at T-90m
  2026-07-31 WAS v DAL T-90m   missing_data_unavailable   job served 1 other game(s) on 2026-07-31 at T-90m
  2026-07-31 PDX v IND T-30m   missing_data_unavailable   job served 2 other game(s) on 2026-07-31 at T-30m
  2026-08-01 CHI v LVA T-24h   missing_job_did_not_run    no base record for ANY game on 2026-08-01 at T-24h
  2026-08-01 CHI v LVA T-8h    missing_job_did_not_run    no base record for ANY game on 2026-08-01 at T-8h
  2026-08-01 CHI v LVA T-30m   missing_job_did_not_run    no base record for ANY game on 2026-08-01 at T-30m
  2026-08-01 PHX v NYL T-24h   missing_job_did_not_run    no base record for ANY game on 2026-08-01 at T-24h
  2026-08-01 PHX v NYL T-8h    missing_job_did_not_run    no base record for ANY game on 2026-08-01 at T-8h
  2026-08-01 PHX v NYL T-30m   missing_job_did_not_run    no base record for ANY game on 2026-08-01 at T-30m
  2026-08-02 DAL v CON T-24h   missing_job_did_not_run    no base record for ANY game on 2026-08-02 at T-24h
  2026-08-02 DAL v CON T-8h    missing_job_did_not_run    no base record for ANY game on 2026-08-02 at T-8h
  2026-08-02 DAL v CON T-90m   missing_job_did_not_run    no base record for ANY game on 2026-08-02 at T-90m
  2026-08-02 DAL v CON T-30m   missing_job_did_not_run    no base record for ANY game on 2026-08-02 at T-30m
  2026-08-02 GSV v TOR T-24h   missing_job_did_not_run    no base record for ANY game on 2026-08-02 at T-24h
  2026-08-02 GSV v TOR T-8h    missing_job_did_not_run    no base record for ANY game on 2026-08-02 at T-8h
  2026-08-02 GSV v TOR T-90m   missing_job_did_not_run    no base record for ANY game on 2026-08-02 at T-90m
  2026-08-02 GSV v TOR T-30m   missing_job_did_not_run    no base record for ANY game on 2026-08-02 at T-30m
  2026-08-02 MIN v IND T-24h   missing_job_did_not_run    no base record for ANY game on 2026-08-02 at T-24h
  2026-08-02 MIN v IND T-8h    missing_job_did_not_run    no base record for ANY game on 2026-08-02 at T-8h
  2026-08-02 MIN v IND T-90m   missing_job_did_not_run    no base record for ANY game on 2026-08-02 at T-90m
  2026-08-02 MIN v IND T-30m   missing_job_did_not_run    no base record for ANY game on 2026-08-02 at T-30m
  2026-08-02 PDX v LAS T-24h   missing_job_did_not_run    no base record for ANY game on 2026-08-02 at T-24h
  2026-08-02 PDX v LAS T-8h    missing_job_did_not_run    no base record for ANY game on 2026-08-02 at T-8h
  2026-08-02 PDX v LAS T-90m   missing_job_did_not_run    no base record for ANY game on 2026-08-02 at T-90m
  2026-08-02 PDX v LAS T-30m   missing_job_did_not_run    no base record for ANY game on 2026-08-02 at T-30m
  2026-08-03 NYL v SEA T-24h   missing_job_did_not_run    no base record for ANY game on 2026-08-03 at T-24h
  2026-08-03 NYL v SEA T-30m   late_record                created 2026-08-03T22:45:08.958486+00:00 after cutoff
  2026-08-03 ATL v LVA T-24h   missing_job_did_not_run    no base record for ANY game on 2026-08-03 at T-24h
  2026-08-03 ATL v LVA T-30m   late_record                created 2026-08-03T22:45:08.976775+00:00 after cutoff
  2026-08-03 CHI v PHX T-24h   missing_job_did_not_run    no base record for ANY game on 2026-08-03 at T-24h
  2026-08-03 CHI v PHX T-30m   missing_data_unavailable   job served 2 other game(s) on 2026-08-03 at T-30m
  2026-08-04 GSV v TOR T-24h   missing_job_did_not_run    no base record for ANY game on 2026-08-04 at T-24h
  2026-08-05 WAS v DAL T-24h   missing_job_did_not_run    no base record for ANY game on 2026-08-05 at T-24h
  2026-08-05 NYL v SEA T-24h   missing_job_did_not_run    no base record for ANY game on 2026-08-05 at T-24h
  2026-08-05 NYL v SEA T-30m   late_record                created 2026-08-05T22:45:07.299457+00:00 after cutoff
  2026-08-05 ATL v PHX T-24h   missing_job_did_not_run    no base record for ANY game on 2026-08-05 at T-24h
  2026-08-05 ATL v PHX T-30m   late_record                created 2026-08-05T22:45:07.274521+00:00 after cutoff
  2026-08-05 CHI v LAS T-24h   missing_job_did_not_run    no base record for ANY game on 2026-08-05 at T-24h
  2026-08-05 CHI v LAS T-30m   missing_data_unavailable   job served 3 other game(s) on 2026-08-05 at T-30m
  2026-08-06 IND v LVA T-24h   missing_job_did_not_run    no base record for ANY game on 2026-08-06 at T-24h
  2026-08-06 IND v LVA T-30m   late_record                created 2026-08-06T22:45:09.382682+00:00 after cutoff
  2026-08-06 PDX v TOR T-24h   missing_job_did_not_run    no base record for ANY game on 2026-08-06 at T-24h
  2026-08-06 MIN v LAS T-24h   missing_job_did_not_run    no base record for ANY game on 2026-08-06 at T-24h
  2026-08-06 MIN v LAS T-30m   missing_data_unavailable   job served 2 other game(s) on 2026-08-06 at T-30m
  2026-08-07 WAS v ATL T-24h   missing_job_did_not_run    no base record for ANY game on 2026-08-07 at T-24h
  2026-08-07 CON v PHX T-24h   missing_job_did_not_run    no base record for ANY game on 2026-08-07 at T-24h
  2026-08-07 DAL v GSV T-24h   missing_job_did_not_run    no base record for ANY game on 2026-08-07 at T-24h
  2026-08-08 CHI v IND T-24h   missing_job_did_not_run    no base record for ANY game on 2026-08-08 at T-24h
  2026-08-08 CHI v IND T-90m   missing_data_unavailable   job served 2 other game(s) on 2026-08-08 at T-90m
  2026-08-08 CHI v IND T-30m   missing_data_unavailable   job served 1 other game(s) on 2026-08-08 at T-30m
  2026-08-08 MIN v LVA T-24h   missing_job_did_not_run    no base record for ANY game on 2026-08-08 at T-24h
  2026-08-08 MIN v LVA T-30m   missing_data_unavailable   job served 1 other game(s) on 2026-08-08 at T-30m
  2026-08-08 PDX v SEA T-24h   missing_job_did_not_run    no base record for ANY game on 2026-08-08 at T-24h
  2026-08-09 WAS v PHX T-24h   missing_job_did_not_run    no base record for ANY game on 2026-08-09 at T-24h
  2026-08-09 WAS v PHX T-8h    missing_job_did_not_run    no base record for ANY game on 2026-08-09 at T-8h
  2026-08-09 WAS v PHX T-90m   missing_job_did_not_run    no base record for ANY game on 2026-08-09 at T-90m
  2026-08-09 WAS v PHX T-30m   missing_job_did_not_run    no base record for ANY game on 2026-08-09 at T-30m
  2026-08-09 LAS v GSV T-24h   missing_job_did_not_run    no base record for ANY game on 2026-08-09 at T-24h
  2026-08-09 LAS v GSV T-8h    missing_job_did_not_run    no base record for ANY game on 2026-08-09 at T-8h
  2026-08-09 LAS v GSV T-90m   missing_job_did_not_run    no base record for ANY game on 2026-08-09 at T-90m
  2026-08-09 LAS v GSV T-30m   missing_job_did_not_run    no base record for ANY game on 2026-08-09 at T-30m
  2026-08-09 NYL v LVA T-24h   missing_job_did_not_run    no base record for ANY game on 2026-08-09 at T-24h
  2026-08-09 NYL v LVA T-8h    missing_job_did_not_run    no base record for ANY game on 2026-08-09 at T-8h
  2026-08-09 NYL v LVA T-90m   missing_job_did_not_run    no base record for ANY game on 2026-08-09 at T-90m
  2026-08-09 NYL v LVA T-30m   missing_job_did_not_run    no base record for ANY game on 2026-08-09 at T-30m
  2026-08-09 MIN v DAL T-24h   missing_job_did_not_run    no base record for ANY game on 2026-08-09 at T-24h
  2026-08-09 MIN v DAL T-8h    missing_job_did_not_run    no base record for ANY game on 2026-08-09 at T-8h
  2026-08-09 MIN v DAL T-90m   missing_job_did_not_run    no base record for ANY game on 2026-08-09 at T-90m
  2026-08-09 MIN v DAL T-30m   missing_job_did_not_run    no base record for ANY game on 2026-08-09 at T-30m
  2026-08-15 WAS v LAS T-24h   missing_job_did_not_run    no base record for ANY game on 2026-08-15 at T-24h
  2026-08-15 WAS v LAS T-8h    missing_job_did_not_run    no base record for ANY game on 2026-08-15 at T-8h
  2026-08-15 LVA v MIN T-24h   missing_job_did_not_run    no base record for ANY game on 2026-08-15 at T-24h
  2026-08-15 LVA v MIN T-8h    missing_job_did_not_run    no base record for ANY game on 2026-08-15 at T-8h
  2026-08-16 ATL v IND T-24h   missing_job_did_not_run    no base record for ANY game on 2026-08-16 at T-24h
  2026-08-16 ATL v IND T-8h    missing_job_did_not_run    no base record for ANY game on 2026-08-16 at T-8h
  2026-08-16 ATL v IND T-30m   missing_data_unavailable   job served 1 other game(s) on 2026-08-16 at T-30m
  2026-08-16 SEA v CHI T-24h   missing_job_did_not_run    no base record for ANY game on 2026-08-16 at T-24h
  2026-08-16 SEA v CHI T-8h    missing_job_did_not_run    no base record for ANY game on 2026-08-16 at T-8h
  2026-08-16 SEA v CHI T-30m   missing_data_unavailable   job served 1 other game(s) on 2026-08-16 at T-30m
  2026-08-16 PHX v PDX T-24h   missing_job_did_not_run    no base record for ANY game on 2026-08-16 at T-24h
  2026-08-16 PHX v PDX T-8h    missing_job_did_not_run    no base record for ANY game on 2026-08-16 at T-8h

wrote forecasts/coverage_audit.csv and forecasts/coverage_receipt.json
[audit] exit=0 
==== Sun 08/16/2026 21:00:04.20 ==== 
[gate] 2026-08-17T01:00:06.168164+00:00  fire=False  -- no unserved obligation inside its 20-minute lead window (4 upcoming game(s) examined); 4 slate game(s) have no official game_id and were served under a provisional id: GSV v DAL (2026-08-17) -> PROV-2026-08-17-DAL@GSV, CON v LAS (2026-08-18) -> PROV-2026-08-18-LAS@CON, TOR v IND (2026-08-18) -> PROV-2026-08-18-IND@TOR, LVA v ATL (2026-08-18) -> PROV-2026-08-18-ATL@LVA
       GSV v DAL      T-24h   unserved cutoff 2026-08-17T02:01:00 (+61 min) 
       CON v LAS      T-24h   unserved cutoff 2026-08-17T23:00:00 (+1320 min) 
       TOR v IND      T-24h   unserved cutoff 2026-08-17T23:00:00 (+1320 min) 
       LVA v ATL      T-24h   unserved cutoff 2026-08-18T02:00:00 (+1500 min) 
[gate] skipping the base job
[base] skipped - no unserved obligation in its lead window 
[base] exit=0 
================================================================================================
PROSPECTIVE PAIR RUNNER  2026-08-17T01:00:08.046205+00:00  model=ridge_score_level_w2c1_v1 hash=5d295bb8b99cd34e
================================================================================================
base records in official chain: 75
  late_prevented #0 ATL v SEA @ T-8h                cutoff 2026-07-31T15:35:00+00:00 already passed at 2026-08-1
  late_prevented #1 WAS v DAL @ T-8h                cutoff 2026-07-31T15:35:00+00:00 already passed at 2026-08-1
  late_prevented #2 PDX v IND @ T-8h                cutoff 2026-07-31T18:06:00+00:00 already passed at 2026-08-1
  late_prevented #3 ATL v SEA @ T-30m               cutoff 2026-07-31T23:05:00+00:00 already passed at 2026-08-1
  late_prevented #4 WAS v DAL @ T-30m               cutoff 2026-07-31T23:05:00+00:00 already passed at 2026-08-1
  late_prevented #5 PDX v IND @ T-90m               cutoff 2026-08-01T00:36:00+00:00 already passed at 2026-08-1
  late_prevented #6 CHI v LVA @ T-90m               cutoff 2026-08-01T15:35:00+00:00 already passed at 2026-08-1
  late_prevented #7 PHX v NYL @ T-90m               cutoff 2026-08-01T17:34:00+00:00 already passed at 2026-08-1
  skip           #8 CHI v LVA @ unknown-tip         base record is an explicit no-forecast; nothing to pair
  skip           #9 PHX v NYL @ unknown-tip         base record is an explicit no-forecast; nothing to pair
  late_prevented #10 NYL v SEA @ T-8h               cutoff 2026-08-03T15:04:00+00:00 already passed at 2026-08-1
  late_prevented #11 ATL v LVA @ T-8h               cutoff 2026-08-03T15:14:00+00:00 already passed at 2026-08-1
  late_prevented #12 CHI v PHX @ T-8h               cutoff 2026-08-03T17:08:00+00:00 already passed at 2026-08-1
  already_logged #13 NYL v SEA @ T-90m              idempotent: pair exists
  already_logged #14 ATL v LVA @ T-90m              idempotent: pair exists
  already_logged #15 CHI v PHX @ T-90m              idempotent: pair exists
  already_logged #16 NYL v SEA @ T-90m              idempotent: pair exists
  already_logged #17 ATL v LVA @ T-90m              idempotent: pair exists
  already_logged #18 CHI v PHX @ T-90m              idempotent: pair exists
  late_prevented #19 NYL v SEA @ T-30m              cutoff 2026-08-03T22:34:00+00:00 already passed at 2026-08-1
  late_prevented #20 ATL v LVA @ T-30m              cutoff 2026-08-03T22:44:00+00:00 already passed at 2026-08-1
  already_logged #21 CHI v PHX @ T-90m              idempotent: pair exists
  already_logged #22 GSV v TOR @ T-8h               idempotent: pair exists
  already_logged #23 GSV v TOR @ T-90m              idempotent: pair exists
  already_logged #24 GSV v TOR @ T-30m              idempotent: pair exists
  already_logged #25 ATL v PHX @ T-8h               idempotent: pair exists
  already_logged #26 NYL v SEA @ T-8h               idempotent: pair exists
  already_logged #27 WAS v DAL @ T-8h               idempotent: pair exists
  already_logged #28 CHI v LAS @ T-8h               idempotent: pair exists
  already_logged #29 ATL v PHX @ T-90m              idempotent: pair exists
  already_logged #30 NYL v SEA @ T-90m              idempotent: pair exists
  already_logged #31 WAS v DAL @ T-90m              idempotent: pair exists
  already_logged #32 CHI v LAS @ T-90m              idempotent: pair exists
  late_prevented #33 ATL v PHX @ T-30m              cutoff 2026-08-05T22:33:00+00:00 already passed at 2026-08-1
  late_prevented #34 NYL v SEA @ T-30m              cutoff 2026-08-05T22:38:00+00:00 already passed at 2026-08-1
  already_logged #35 WAS v DAL @ T-30m              idempotent: pair exists
  already_logged #36 CHI v LAS @ T-90m              idempotent: pair exists
  already_logged #37 IND v LVA @ T-8h               idempotent: pair exists
  already_logged #38 MIN v LAS @ T-8h               idempotent: pair exists
  already_logged #39 PDX v TOR @ T-8h               idempotent: pair exists
  already_logged #40 IND v LVA @ T-90m              idempotent: pair exists
  already_logged #41 MIN v LAS @ T-90m              idempotent: pair exists
  already_logged #42 PDX v TOR @ T-90m              idempotent: pair exists
  late_prevented #43 IND v LVA @ T-30m              cutoff 2026-08-06T22:36:00+00:00 already passed at 2026-08-1
  already_logged #44 PDX v TOR @ T-30m              idempotent: pair exists
  already_logged #45 CON v PHX @ T-8h               idempotent: pair exists
  already_logged #46 WAS v ATL @ T-8h               idempotent: pair exists
  already_logged #47 DAL v GSV @ T-8h               idempotent: pair exists
  already_logged #48 CON v PHX @ T-90m              idempotent: pair exists
  already_logged #49 WAS v ATL @ T-90m              idempotent: pair exists
  already_logged #50 DAL v GSV @ T-90m              idempotent: pair exists
  already_logged #51 CON v PHX @ T-30m              idempotent: pair exists
  already_logged #52 WAS v ATL @ T-30m              idempotent: pair exists
  already_logged #53 DAL v GSV @ T-30m              idempotent: pair exists
  already_logged #54 MIN v LVA @ T-8h               idempotent: pair exists
  already_logged #55 CHI v IND @ T-8h               idempotent: pair exists
  already_logged #56 PDX v SEA @ T-8h               idempotent: pair exists
  already_logged #57 MIN v LVA @ T-90m              idempotent: pair exists
  late_prevented #58 CHI v IND @ T-8h               cutoff 2026-08-08T11:35:00+00:00 already passed at 2026-08-1
  already_logged #59 PDX v SEA @ T-8h               idempotent: pair exists
  already_logged #60 PDX v SEA @ T-90m              idempotent: pair exists
  skip           #61 CHI v IND @ unknown-tip        base record is an explicit no-forecast; nothing to pair
  skip           #62 MIN v LVA @ unknown-tip        base record is an explicit no-forecast; nothing to pair
  already_logged #63 PDX v SEA @ T-30m              idempotent: pair exists
  already_logged #64 WAS v LAS @ T-90m              idempotent: pair exists
  already_logged #65 LVA v MIN @ T-90m              idempotent: pair exists
  already_logged #66 WAS v LAS @ T-30m              idempotent: pair exists
  late_prevented #67 LVA v MIN @ T-90m              cutoff 2026-08-15T22:35:00+00:00 already passed at 2026-08-1
  skip           #68 CON v NYL @ unknown-tip        base record is an explicit no-forecast; nothing to pair
  late_prevented #69 LVA v MIN @ T-30m              cutoff 2026-08-15T23:35:00+00:00 already passed at 2026-08-1
  already_logged #70 ATL v IND @ T-90m              idempotent: pair exists
  already_logged #71 SEA v CHI @ T-90m              idempotent: pair exists
  already_logged #72 PHX v PDX @ T-90m              idempotent: pair exists
  already_logged #73 PHX v PDX @ T-30m              idempotent: pair exists
  late_prevented #74 PHX v PDX @ T-30m              cutoff 2026-08-16T22:38:00+00:00 already passed at 2026-08-1

  already_logged=50, late_prevented=20, skip=5
  arm chain: ok=True n=45 tip=ed3d0ca9d3a991c1
  receipt appended to prospective_pair_runs.jsonl
[arm] exit=0 
====================================================================================================
FORECAST COVERAGE AUDIT   generated 2026-08-17T01:00:09.889589+00:00
====================================================================================================

CUMULATIVE by classification
  missing_job_did_not_run      65
  forecast_logged              56
  not_yet_due                  16
  before_period_start          15
  missing_data_unavailable     11
  late_record                  5

  obligations 168 | due 137 | served 56 | coverage 40.9%
  operational misses 65 | unexplained 0
  PROMOTION-GRADE: NO   (needs >= 95% served, <= 0 operational misses, all explained)

DAILY
  date         oblig  served     due     excl    opmiss arm_recs
  2026-07-30      12       0       0       12         0        0
  2026-07-31      12       6       9        3         0        0
  2026-08-01       8       2       8        0         6        0
  2026-08-02      16       0      16        0        16        0
  2026-08-03      12       6      12        0         3        3
  2026-08-04       4       3       4        0         1        3
  2026-08-05      16       9      16        0         4        9
  2026-08-06      12       7      12        0         3        7
  2026-08-07      12       9      12        0         3        9
  2026-08-08      12       6      12        0         3        4
  2026-08-09      16       0      16        0        16        0
  2026-08-15       8       4       8        0         4        1
  2026-08-16      12       4      12        0         6        0
  2026-08-17       4       0       0        4         0        0
  2026-08-18      12       0       0       12         0        0

EVERY MISSING OR IRREGULAR OBLIGATION (each must carry an explanation)
  2026-07-31 ATL v SEA T-90m   missing_data_unavailable   job served 1 other game(s) on 2026-07-31 at T-90m
  2026-07-31 WAS v DAL T-90m   missing_data_unavailable   job served 1 other game(s) on 2026-07-31 at T-90m
  2026-07-31 PDX v IND T-30m   missing_data_unavailable   job served 2 other game(s) on 2026-07-31 at T-30m
  2026-08-01 CHI v LVA T-24h   missing_job_did_not_run    no base record for ANY game on 2026-08-01 at T-24h
  2026-08-01 CHI v LVA T-8h    missing_job_did_not_run    no base record for ANY game on 2026-08-01 at T-8h
  2026-08-01 CHI v LVA T-30m   missing_job_did_not_run    no base record for ANY game on 2026-08-01 at T-30m
  2026-08-01 PHX v NYL T-24h   missing_job_did_not_run    no base record for ANY game on 2026-08-01 at T-24h
  2026-08-01 PHX v NYL T-8h    missing_job_did_not_run    no base record for ANY game on 2026-08-01 at T-8h
  2026-08-01 PHX v NYL T-30m   missing_job_did_not_run    no base record for ANY game on 2026-08-01 at T-30m
  2026-08-02 DAL v CON T-24h   missing_job_did_not_run    no base record for ANY game on 2026-08-02 at T-24h
  2026-08-02 DAL v CON T-8h    missing_job_did_not_run    no base record for ANY game on 2026-08-02 at T-8h
  2026-08-02 DAL v CON T-90m   missing_job_did_not_run    no base record for ANY game on 2026-08-02 at T-90m
  2026-08-02 DAL v CON T-30m   missing_job_did_not_run    no base record for ANY game on 2026-08-02 at T-30m
  2026-08-02 GSV v TOR T-24h   missing_job_did_not_run    no base record for ANY game on 2026-08-02 at T-24h
  2026-08-02 GSV v TOR T-8h    missing_job_did_not_run    no base record for ANY game on 2026-08-02 at T-8h
  2026-08-02 GSV v TOR T-90m   missing_job_did_not_run    no base record for ANY game on 2026-08-02 at T-90m
  2026-08-02 GSV v TOR T-30m   missing_job_did_not_run    no base record for ANY game on 2026-08-02 at T-30m
  2026-08-02 MIN v IND T-24h   missing_job_did_not_run    no base record for ANY game on 2026-08-02 at T-24h
  2026-08-02 MIN v IND T-8h    missing_job_did_not_run    no base record for ANY game on 2026-08-02 at T-8h
  2026-08-02 MIN v IND T-90m   missing_job_did_not_run    no base record for ANY game on 2026-08-02 at T-90m
  2026-08-02 MIN v IND T-30m   missing_job_did_not_run    no base record for ANY game on 2026-08-02 at T-30m
  2026-08-02 PDX v LAS T-24h   missing_job_did_not_run    no base record for ANY game on 2026-08-02 at T-24h
  2026-08-02 PDX v LAS T-8h    missing_job_did_not_run    no base record for ANY game on 2026-08-02 at T-8h
  2026-08-02 PDX v LAS T-90m   missing_job_did_not_run    no base record for ANY game on 2026-08-02 at T-90m
  2026-08-02 PDX v LAS T-30m   missing_job_did_not_run    no base record for ANY game on 2026-08-02 at T-30m
  2026-08-03 NYL v SEA T-24h   missing_job_did_not_run    no base record for ANY game on 2026-08-03 at T-24h
  2026-08-03 NYL v SEA T-30m   late_record                created 2026-08-03T22:45:08.958486+00:00 after cutoff
  2026-08-03 ATL v LVA T-24h   missing_job_did_not_run    no base record for ANY game on 2026-08-03 at T-24h
  2026-08-03 ATL v LVA T-30m   late_record                created 2026-08-03T22:45:08.976775+00:00 after cutoff
  2026-08-03 CHI v PHX T-24h   missing_job_did_not_run    no base record for ANY game on 2026-08-03 at T-24h
  2026-08-03 CHI v PHX T-30m   missing_data_unavailable   job served 2 other game(s) on 2026-08-03 at T-30m
  2026-08-04 GSV v TOR T-24h   missing_job_did_not_run    no base record for ANY game on 2026-08-04 at T-24h
  2026-08-05 WAS v DAL T-24h   missing_job_did_not_run    no base record for ANY game on 2026-08-05 at T-24h
  2026-08-05 NYL v SEA T-24h   missing_job_did_not_run    no base record for ANY game on 2026-08-05 at T-24h
  2026-08-05 NYL v SEA T-30m   late_record                created 2026-08-05T22:45:07.299457+00:00 after cutoff
  2026-08-05 ATL v PHX T-24h   missing_job_did_not_run    no base record for ANY game on 2026-08-05 at T-24h
  2026-08-05 ATL v PHX T-30m   late_record                created 2026-08-05T22:45:07.274521+00:00 after cutoff
  2026-08-05 CHI v LAS T-24h   missing_job_did_not_run    no base record for ANY game on 2026-08-05 at T-24h
  2026-08-05 CHI v LAS T-30m   missing_data_unavailable   job served 3 other game(s) on 2026-08-05 at T-30m
  2026-08-06 IND v LVA T-24h   missing_job_did_not_run    no base record for ANY game on 2026-08-06 at T-24h
  2026-08-06 IND v LVA T-30m   late_record                created 2026-08-06T22:45:09.382682+00:00 after cutoff
  2026-08-06 PDX v TOR T-24h   missing_job_did_not_run    no base record for ANY game on 2026-08-06 at T-24h
  2026-08-06 MIN v LAS T-24h   missing_job_did_not_run    no base record for ANY game on 2026-08-06 at T-24h
  2026-08-06 MIN v LAS T-30m   missing_data_unavailable   job served 2 other game(s) on 2026-08-06 at T-30m
  2026-08-07 WAS v ATL T-24h   missing_job_did_not_run    no base record for ANY game on 2026-08-07 at T-24h
  2026-08-07 CON v PHX T-24h   missing_job_did_not_run    no base record for ANY game on 2026-08-07 at T-24h
  2026-08-07 DAL v GSV T-24h   missing_job_did_not_run    no base record for ANY game on 2026-08-07 at T-24h
  2026-08-08 CHI v IND T-24h   missing_job_did_not_run    no base record for ANY game on 2026-08-08 at T-24h
  2026-08-08 CHI v IND T-90m   missing_data_unavailable   job served 2 other game(s) on 2026-08-08 at T-90m
  2026-08-08 CHI v IND T-30m   missing_data_unavailable   job served 1 other game(s) on 2026-08-08 at T-30m
  2026-08-08 MIN v LVA T-24h   missing_job_did_not_run    no base record for ANY game on 2026-08-08 at T-24h
  2026-08-08 MIN v LVA T-30m   missing_data_unavailable   job served 1 other game(s) on 2026-08-08 at T-30m
  2026-08-08 PDX v SEA T-24h   missing_job_did_not_run    no base record for ANY game on 2026-08-08 at T-24h
  2026-08-09 WAS v PHX T-24h   missing_job_did_not_run    no base record for ANY game on 2026-08-09 at T-24h
  2026-08-09 WAS v PHX T-8h    missing_job_did_not_run    no base record for ANY game on 2026-08-09 at T-8h
  2026-08-09 WAS v PHX T-90m   missing_job_did_not_run    no base record for ANY game on 2026-08-09 at T-90m
  2026-08-09 WAS v PHX T-30m   missing_job_did_not_run    no base record for ANY game on 2026-08-09 at T-30m
  2026-08-09 LAS v GSV T-24h   missing_job_did_not_run    no base record for ANY game on 2026-08-09 at T-24h
  2026-08-09 LAS v GSV T-8h    missing_job_did_not_run    no base record for ANY game on 2026-08-09 at T-8h
  2026-08-09 LAS v GSV T-90m   missing_job_did_not_run    no base record for ANY game on 2026-08-09 at T-90m
  2026-08-09 LAS v GSV T-30m   missing_job_did_not_run    no base record for ANY game on 2026-08-09 at T-30m
  2026-08-09 NYL v LVA T-24h   missing_job_did_not_run    no base record for ANY game on 2026-08-09 at T-24h
  2026-08-09 NYL v LVA T-8h    missing_job_did_not_run    no base record for ANY game on 2026-08-09 at T-8h
  2026-08-09 NYL v LVA T-90m   missing_job_did_not_run    no base record for ANY game on 2026-08-09 at T-90m
  2026-08-09 NYL v LVA T-30m   missing_job_did_not_run    no base record for ANY game on 2026-08-09 at T-30m
  2026-08-09 MIN v DAL T-24h   missing_job_did_not_run    no base record for ANY game on 2026-08-09 at T-24h
  2026-08-09 MIN v DAL T-8h    missing_job_did_not_run    no base record for ANY game on 2026-08-09 at T-8h
  2026-08-09 MIN v DAL T-90m   missing_job_did_not_run    no base record for ANY game on 2026-08-09 at T-90m
  2026-08-09 MIN v DAL T-30m   missing_job_did_not_run    no base record for ANY game on 2026-08-09 at T-30m
  2026-08-15 WAS v LAS T-24h   missing_job_did_not_run    no base record for ANY game on 2026-08-15 at T-24h
  2026-08-15 WAS v LAS T-8h    missing_job_did_not_run    no base record for ANY game on 2026-08-15 at T-8h
  2026-08-15 LVA v MIN T-24h   missing_job_did_not_run    no base record for ANY game on 2026-08-15 at T-24h
  2026-08-15 LVA v MIN T-8h    missing_job_did_not_run    no base record for ANY game on 2026-08-15 at T-8h
  2026-08-16 ATL v IND T-24h   missing_job_did_not_run    no base record for ANY game on 2026-08-16 at T-24h
  2026-08-16 ATL v IND T-8h    missing_job_did_not_run    no base record for ANY game on 2026-08-16 at T-8h
  2026-08-16 ATL v IND T-30m   missing_data_unavailable   job served 1 other game(s) on 2026-08-16 at T-30m
  2026-08-16 SEA v CHI T-24h   missing_job_did_not_run    no base record for ANY game on 2026-08-16 at T-24h
  2026-08-16 SEA v CHI T-8h    missing_job_did_not_run    no base record for ANY game on 2026-08-16 at T-8h
  2026-08-16 SEA v CHI T-30m   missing_data_unavailable   job served 1 other game(s) on 2026-08-16 at T-30m
  2026-08-16 PHX v PDX T-24h   missing_job_did_not_run    no base record for ANY game on 2026-08-16 at T-24h
  2026-08-16 PHX v PDX T-8h    missing_job_did_not_run    no base record for ANY game on 2026-08-16 at T-8h

wrote forecasts/coverage_audit.csv and forecasts/coverage_receipt.json
[audit] exit=0 
==== Sun 08/16/2026 21:15:02.79 ==== 
[gate] 2026-08-17T01:15:04.254783+00:00  fire=False  -- no unserved obligation inside its 20-minute lead window (4 upcoming game(s) examined); 4 slate game(s) have no official game_id and were served under a provisional id: GSV v DAL (2026-08-17) -> PROV-2026-08-17-DAL@GSV, CON v LAS (2026-08-18) -> PROV-2026-08-18-LAS@CON, TOR v IND (2026-08-18) -> PROV-2026-08-18-IND@TOR, LVA v ATL (2026-08-18) -> PROV-2026-08-18-ATL@LVA
       GSV v DAL      T-24h   unserved cutoff 2026-08-17T02:01:00 (+46 min) 
       CON v LAS      T-24h   unserved cutoff 2026-08-17T23:00:00 (+1305 min) 
       TOR v IND      T-24h   unserved cutoff 2026-08-17T23:00:00 (+1305 min) 
       LVA v ATL      T-24h   unserved cutoff 2026-08-18T02:00:00 (+1485 min) 
[gate] skipping the base job
[base] skipped - no unserved obligation in its lead window 
[base] exit=0 
================================================================================================
PROSPECTIVE PAIR RUNNER  2026-08-17T01:15:05.853695+00:00  model=ridge_score_level_w2c1_v1 hash=5d295bb8b99cd34e
================================================================================================
base records in official chain: 75
  late_prevented #0 ATL v SEA @ T-8h                cutoff 2026-07-31T15:35:00+00:00 already passed at 2026-08-1
  late_prevented #1 WAS v DAL @ T-8h                cutoff 2026-07-31T15:35:00+00:00 already passed at 2026-08-1
  late_prevented #2 PDX v IND @ T-8h                cutoff 2026-07-31T18:06:00+00:00 already passed at 2026-08-1
  late_prevented #3 ATL v SEA @ T-30m               cutoff 2026-07-31T23:05:00+00:00 already passed at 2026-08-1
  late_prevented #4 WAS v DAL @ T-30m               cutoff 2026-07-31T23:05:00+00:00 already passed at 2026-08-1
  late_prevented #5 PDX v IND @ T-90m               cutoff 2026-08-01T00:36:00+00:00 already passed at 2026-08-1
  late_prevented #6 CHI v LVA @ T-90m               cutoff 2026-08-01T15:35:00+00:00 already passed at 2026-08-1
  late_prevented #7 PHX v NYL @ T-90m               cutoff 2026-08-01T17:34:00+00:00 already passed at 2026-08-1
  skip           #8 CHI v LVA @ unknown-tip         base record is an explicit no-forecast; nothing to pair
  skip           #9 PHX v NYL @ unknown-tip         base record is an explicit no-forecast; nothing to pair
  late_prevented #10 NYL v SEA @ T-8h               cutoff 2026-08-03T15:04:00+00:00 already passed at 2026-08-1
  late_prevented #11 ATL v LVA @ T-8h               cutoff 2026-08-03T15:14:00+00:00 already passed at 2026-08-1
  late_prevented #12 CHI v PHX @ T-8h               cutoff 2026-08-03T17:08:00+00:00 already passed at 2026-08-1
  already_logged #13 NYL v SEA @ T-90m              idempotent: pair exists
  already_logged #14 ATL v LVA @ T-90m              idempotent: pair exists
  already_logged #15 CHI v PHX @ T-90m              idempotent: pair exists
  already_logged #16 NYL v SEA @ T-90m              idempotent: pair exists
  already_logged #17 ATL v LVA @ T-90m              idempotent: pair exists
  already_logged #18 CHI v PHX @ T-90m              idempotent: pair exists
  late_prevented #19 NYL v SEA @ T-30m              cutoff 2026-08-03T22:34:00+00:00 already passed at 2026-08-1
  late_prevented #20 ATL v LVA @ T-30m              cutoff 2026-08-03T22:44:00+00:00 already passed at 2026-08-1
  already_logged #21 CHI v PHX @ T-90m              idempotent: pair exists
  already_logged #22 GSV v TOR @ T-8h               idempotent: pair exists
  already_logged #23 GSV v TOR @ T-90m              idempotent: pair exists
  already_logged #24 GSV v TOR @ T-30m              idempotent: pair exists
  already_logged #25 ATL v PHX @ T-8h               idempotent: pair exists
  already_logged #26 NYL v SEA @ T-8h               idempotent: pair exists
  already_logged #27 WAS v DAL @ T-8h               idempotent: pair exists
  already_logged #28 CHI v LAS @ T-8h               idempotent: pair exists
  already_logged #29 ATL v PHX @ T-90m              idempotent: pair exists
  already_logged #30 NYL v SEA @ T-90m              idempotent: pair exists
  already_logged #31 WAS v DAL @ T-90m              idempotent: pair exists
  already_logged #32 CHI v LAS @ T-90m              idempotent: pair exists
  late_prevented #33 ATL v PHX @ T-30m              cutoff 2026-08-05T22:33:00+00:00 already passed at 2026-08-1
  late_prevented #34 NYL v SEA @ T-30m              cutoff 2026-08-05T22:38:00+00:00 already passed at 2026-08-1
  already_logged #35 WAS v DAL @ T-30m              idempotent: pair exists
  already_logged #36 CHI v LAS @ T-90m              idempotent: pair exists
  already_logged #37 IND v LVA @ T-8h               idempotent: pair exists
  already_logged #38 MIN v LAS @ T-8h               idempotent: pair exists
  already_logged #39 PDX v TOR @ T-8h               idempotent: pair exists
  already_logged #40 IND v LVA @ T-90m              idempotent: pair exists
  already_logged #41 MIN v LAS @ T-90m              idempotent: pair exists
  already_logged #42 PDX v TOR @ T-90m              idempotent: pair exists
  late_prevented #43 IND v LVA @ T-30m              cutoff 2026-08-06T22:36:00+00:00 already passed at 2026-08-1
  already_logged #44 PDX v TOR @ T-30m              idempotent: pair exists
  already_logged #45 CON v PHX @ T-8h               idempotent: pair exists
  already_logged #46 WAS v ATL @ T-8h               idempotent: pair exists
  already_logged #47 DAL v GSV @ T-8h               idempotent: pair exists
  already_logged #48 CON v PHX @ T-90m              idempotent: pair exists
  already_logged #49 WAS v ATL @ T-90m              idempotent: pair exists
  already_logged #50 DAL v GSV @ T-90m              idempotent: pair exists
  already_logged #51 CON v PHX @ T-30m              idempotent: pair exists
  already_logged #52 WAS v ATL @ T-30m              idempotent: pair exists
  already_logged #53 DAL v GSV @ T-30m              idempotent: pair exists
  already_logged #54 MIN v LVA @ T-8h               idempotent: pair exists
  already_logged #55 CHI v IND @ T-8h               idempotent: pair exists
  already_logged #56 PDX v SEA @ T-8h               idempotent: pair exists
  already_logged #57 MIN v LVA @ T-90m              idempotent: pair exists
  late_prevented #58 CHI v IND @ T-8h               cutoff 2026-08-08T11:35:00+00:00 already passed at 2026-08-1
  already_logged #59 PDX v SEA @ T-8h               idempotent: pair exists
  already_logged #60 PDX v SEA @ T-90m              idempotent: pair exists
  skip           #61 CHI v IND @ unknown-tip        base record is an explicit no-forecast; nothing to pair
  skip           #62 MIN v LVA @ unknown-tip        base record is an explicit no-forecast; nothing to pair
  already_logged #63 PDX v SEA @ T-30m              idempotent: pair exists
  already_logged #64 WAS v LAS @ T-90m              idempotent: pair exists
  already_logged #65 LVA v MIN @ T-90m              idempotent: pair exists
  already_logged #66 WAS v LAS @ T-30m              idempotent: pair exists
  late_prevented #67 LVA v MIN @ T-90m              cutoff 2026-08-15T22:35:00+00:00 already passed at 2026-08-1
  skip           #68 CON v NYL @ unknown-tip        base record is an explicit no-forecast; nothing to pair
  late_prevented #69 LVA v MIN @ T-30m              cutoff 2026-08-15T23:35:00+00:00 already passed at 2026-08-1
  already_logged #70 ATL v IND @ T-90m              idempotent: pair exists
  already_logged #71 SEA v CHI @ T-90m              idempotent: pair exists
  already_logged #72 PHX v PDX @ T-90m              idempotent: pair exists
  already_logged #73 PHX v PDX @ T-30m              idempotent: pair exists
  late_prevented #74 PHX v PDX @ T-30m              cutoff 2026-08-16T22:38:00+00:00 already passed at 2026-08-1

  already_logged=50, late_prevented=20, skip=5
  arm chain: ok=True n=45 tip=ed3d0ca9d3a991c1
  receipt appended to prospective_pair_runs.jsonl
[arm] exit=0 
====================================================================================================
FORECAST COVERAGE AUDIT   generated 2026-08-17T01:15:07.535369+00:00
====================================================================================================

CUMULATIVE by classification
  missing_job_did_not_run      65
  forecast_logged              56
  not_yet_due                  16
  before_period_start          15
  missing_data_unavailable     11
  late_record                  5

  obligations 168 | due 137 | served 56 | coverage 40.9%
  operational misses 65 | unexplained 0
  PROMOTION-GRADE: NO   (needs >= 95% served, <= 0 operational misses, all explained)

DAILY
  date         oblig  served     due     excl    opmiss arm_recs
  2026-07-30      12       0       0       12         0        0
  2026-07-31      12       6       9        3         0        0
  2026-08-01       8       2       8        0         6        0
  2026-08-02      16       0      16        0        16        0
  2026-08-03      12       6      12        0         3        3
  2026-08-04       4       3       4        0         1        3
  2026-08-05      16       9      16        0         4        9
  2026-08-06      12       7      12        0         3        7
  2026-08-07      12       9      12        0         3        9
  2026-08-08      12       6      12        0         3        4
  2026-08-09      16       0      16        0        16        0
  2026-08-15       8       4       8        0         4        1
  2026-08-16      12       4      12        0         6        0
  2026-08-17       4       0       0        4         0        0
  2026-08-18      12       0       0       12         0        0

EVERY MISSING OR IRREGULAR OBLIGATION (each must carry an explanation)
  2026-07-31 ATL v SEA T-90m   missing_data_unavailable   job served 1 other game(s) on 2026-07-31 at T-90m
  2026-07-31 WAS v DAL T-90m   missing_data_unavailable   job served 1 other game(s) on 2026-07-31 at T-90m
  2026-07-31 PDX v IND T-30m   missing_data_unavailable   job served 2 other game(s) on 2026-07-31 at T-30m
  2026-08-01 CHI v LVA T-24h   missing_job_did_not_run    no base record for ANY game on 2026-08-01 at T-24h
  2026-08-01 CHI v LVA T-8h    missing_job_did_not_run    no base record for ANY game on 2026-08-01 at T-8h
  2026-08-01 CHI v LVA T-30m   missing_job_did_not_run    no base record for ANY game on 2026-08-01 at T-30m
  2026-08-01 PHX v NYL T-24h   missing_job_did_not_run    no base record for ANY game on 2026-08-01 at T-24h
  2026-08-01 PHX v NYL T-8h    missing_job_did_not_run    no base record for ANY game on 2026-08-01 at T-8h
  2026-08-01 PHX v NYL T-30m   missing_job_did_not_run    no base record for ANY game on 2026-08-01 at T-30m
  2026-08-02 DAL v CON T-24h   missing_job_did_not_run    no base record for ANY game on 2026-08-02 at T-24h
  2026-08-02 DAL v CON T-8h    missing_job_did_not_run    no base record for ANY game on 2026-08-02 at T-8h
  2026-08-02 DAL v CON T-90m   missing_job_did_not_run    no base record for ANY game on 2026-08-02 at T-90m
  2026-08-02 DAL v CON T-30m   missing_job_did_not_run    no base record for ANY game on 2026-08-02 at T-30m
  2026-08-02 GSV v TOR T-24h   missing_job_did_not_run    no base record for ANY game on 2026-08-02 at T-24h
  2026-08-02 GSV v TOR T-8h    missing_job_did_not_run    no base record for ANY game on 2026-08-02 at T-8h
  2026-08-02 GSV v TOR T-90m   missing_job_did_not_run    no base record for ANY game on 2026-08-02 at T-90m
  2026-08-02 GSV v TOR T-30m   missing_job_did_not_run    no base record for ANY game on 2026-08-02 at T-30m
  2026-08-02 MIN v IND T-24h   missing_job_did_not_run    no base record for ANY game on 2026-08-02 at T-24h
  2026-08-02 MIN v IND T-8h    missing_job_did_not_run    no base record for ANY game on 2026-08-02 at T-8h
  2026-08-02 MIN v IND T-90m   missing_job_did_not_run    no base record for ANY game on 2026-08-02 at T-90m
  2026-08-02 MIN v IND T-30m   missing_job_did_not_run    no base record for ANY game on 2026-08-02 at T-30m
  2026-08-02 PDX v LAS T-24h   missing_job_did_not_run    no base record for ANY game on 2026-08-02 at T-24h
  2026-08-02 PDX v LAS T-8h    missing_job_did_not_run    no base record for ANY game on 2026-08-02 at T-8h
  2026-08-02 PDX v LAS T-90m   missing_job_did_not_run    no base record for ANY game on 2026-08-02 at T-90m
  2026-08-02 PDX v LAS T-30m   missing_job_did_not_run    no base record for ANY game on 2026-08-02 at T-30m
  2026-08-03 NYL v SEA T-24h   missing_job_did_not_run    no base record for ANY game on 2026-08-03 at T-24h
  2026-08-03 NYL v SEA T-30m   late_record                created 2026-08-03T22:45:08.958486+00:00 after cutoff
  2026-08-03 ATL v LVA T-24h   missing_job_did_not_run    no base record for ANY game on 2026-08-03 at T-24h
  2026-08-03 ATL v LVA T-30m   late_record                created 2026-08-03T22:45:08.976775+00:00 after cutoff
  2026-08-03 CHI v PHX T-24h   missing_job_did_not_run    no base record for ANY game on 2026-08-03 at T-24h
  2026-08-03 CHI v PHX T-30m   missing_data_unavailable   job served 2 other game(s) on 2026-08-03 at T-30m
  2026-08-04 GSV v TOR T-24h   missing_job_did_not_run    no base record for ANY game on 2026-08-04 at T-24h
  2026-08-05 WAS v DAL T-24h   missing_job_did_not_run    no base record for ANY game on 2026-08-05 at T-24h
  2026-08-05 NYL v SEA T-24h   missing_job_did_not_run    no base record for ANY game on 2026-08-05 at T-24h
  2026-08-05 NYL v SEA T-30m   late_record                created 2026-08-05T22:45:07.299457+00:00 after cutoff
  2026-08-05 ATL v PHX T-24h   missing_job_did_not_run    no base record for ANY game on 2026-08-05 at T-24h
  2026-08-05 ATL v PHX T-30m   late_record                created 2026-08-05T22:45:07.274521+00:00 after cutoff
  2026-08-05 CHI v LAS T-24h   missing_job_did_not_run    no base record for ANY game on 2026-08-05 at T-24h
  2026-08-05 CHI v LAS T-30m   missing_data_unavailable   job served 3 other game(s) on 2026-08-05 at T-30m
  2026-08-06 IND v LVA T-24h   missing_job_did_not_run    no base record for ANY game on 2026-08-06 at T-24h
  2026-08-06 IND v LVA T-30m   late_record                created 2026-08-06T22:45:09.382682+00:00 after cutoff
  2026-08-06 PDX v TOR T-24h   missing_job_did_not_run    no base record for ANY game on 2026-08-06 at T-24h
  2026-08-06 MIN v LAS T-24h   missing_job_did_not_run    no base record for ANY game on 2026-08-06 at T-24h
  2026-08-06 MIN v LAS T-30m   missing_data_unavailable   job served 2 other game(s) on 2026-08-06 at T-30m
  2026-08-07 WAS v ATL T-24h   missing_job_did_not_run    no base record for ANY game on 2026-08-07 at T-24h
  2026-08-07 CON v PHX T-24h   missing_job_did_not_run    no base record for ANY game on 2026-08-07 at T-24h
  2026-08-07 DAL v GSV T-24h   missing_job_did_not_run    no base record for ANY game on 2026-08-07 at T-24h
  2026-08-08 CHI v IND T-24h   missing_job_did_not_run    no base record for ANY game on 2026-08-08 at T-24h
  2026-08-08 CHI v IND T-90m   missing_data_unavailable   job served 2 other game(s) on 2026-08-08 at T-90m
  2026-08-08 CHI v IND T-30m   missing_data_unavailable   job served 1 other game(s) on 2026-08-08 at T-30m
  2026-08-08 MIN v LVA T-24h   missing_job_did_not_run    no base record for ANY game on 2026-08-08 at T-24h
  2026-08-08 MIN v LVA T-30m   missing_data_unavailable   job served 1 other game(s) on 2026-08-08 at T-30m
  2026-08-08 PDX v SEA T-24h   missing_job_did_not_run    no base record for ANY game on 2026-08-08 at T-24h
  2026-08-09 WAS v PHX T-24h   missing_job_did_not_run    no base record for ANY game on 2026-08-09 at T-24h
  2026-08-09 WAS v PHX T-8h    missing_job_did_not_run    no base record for ANY game on 2026-08-09 at T-8h
  2026-08-09 WAS v PHX T-90m   missing_job_did_not_run    no base record for ANY game on 2026-08-09 at T-90m
  2026-08-09 WAS v PHX T-30m   missing_job_did_not_run    no base record for ANY game on 2026-08-09 at T-30m
  2026-08-09 LAS v GSV T-24h   missing_job_did_not_run    no base record for ANY game on 2026-08-09 at T-24h
  2026-08-09 LAS v GSV T-8h    missing_job_did_not_run    no base record for ANY game on 2026-08-09 at T-8h
  2026-08-09 LAS v GSV T-90m   missing_job_did_not_run    no base record for ANY game on 2026-08-09 at T-90m
  2026-08-09 LAS v GSV T-30m   missing_job_did_not_run    no base record for ANY game on 2026-08-09 at T-30m
  2026-08-09 NYL v LVA T-24h   missing_job_did_not_run    no base record for ANY game on 2026-08-09 at T-24h
  2026-08-09 NYL v LVA T-8h    missing_job_did_not_run    no base record for ANY game on 2026-08-09 at T-8h
  2026-08-09 NYL v LVA T-90m   missing_job_did_not_run    no base record for ANY game on 2026-08-09 at T-90m
  2026-08-09 NYL v LVA T-30m   missing_job_did_not_run    no base record for ANY game on 2026-08-09 at T-30m
  2026-08-09 MIN v DAL T-24h   missing_job_did_not_run    no base record for ANY game on 2026-08-09 at T-24h
  2026-08-09 MIN v DAL T-8h    missing_job_did_not_run    no base record for ANY game on 2026-08-09 at T-8h
  2026-08-09 MIN v DAL T-90m   missing_job_did_not_run    no base record for ANY game on 2026-08-09 at T-90m
  2026-08-09 MIN v DAL T-30m   missing_job_did_not_run    no base record for ANY game on 2026-08-09 at T-30m
  2026-08-15 WAS v LAS T-24h   missing_job_did_not_run    no base record for ANY game on 2026-08-15 at T-24h
  2026-08-15 WAS v LAS T-8h    missing_job_did_not_run    no base record for ANY game on 2026-08-15 at T-8h
  2026-08-15 LVA v MIN T-24h   missing_job_did_not_run    no base record for ANY game on 2026-08-15 at T-24h
  2026-08-15 LVA v MIN T-8h    missing_job_did_not_run    no base record for ANY game on 2026-08-15 at T-8h
  2026-08-16 ATL v IND T-24h   missing_job_did_not_run    no base record for ANY game on 2026-08-16 at T-24h
  2026-08-16 ATL v IND T-8h    missing_job_did_not_run    no base record for ANY game on 2026-08-16 at T-8h
  2026-08-16 ATL v IND T-30m   missing_data_unavailable   job served 1 other game(s) on 2026-08-16 at T-30m
  2026-08-16 SEA v CHI T-24h   missing_job_did_not_run    no base record for ANY game on 2026-08-16 at T-24h
  2026-08-16 SEA v CHI T-8h    missing_job_did_not_run    no base record for ANY game on 2026-08-16 at T-8h
  2026-08-16 SEA v CHI T-30m   missing_data_unavailable   job served 1 other game(s) on 2026-08-16 at T-30m
  2026-08-16 PHX v PDX T-24h   missing_job_did_not_run    no base record for ANY game on 2026-08-16 at T-24h
  2026-08-16 PHX v PDX T-8h    missing_job_did_not_run    no base record for ANY game on 2026-08-16 at T-8h

wrote forecasts/coverage_audit.csv and forecasts/coverage_receipt.json
[audit] exit=0 
==== Sun 08/16/2026 21:30:03.18 ==== 
[gate] 2026-08-17T01:30:04.667513+00:00  fire=False  -- no unserved obligation inside its 20-minute lead window (4 upcoming game(s) examined); 4 slate game(s) have no official game_id and were served under a provisional id: GSV v DAL (2026-08-17) -> PROV-2026-08-17-DAL@GSV, CON v LAS (2026-08-18) -> PROV-2026-08-18-LAS@CON, TOR v IND (2026-08-18) -> PROV-2026-08-18-IND@TOR, LVA v ATL (2026-08-18) -> PROV-2026-08-18-ATL@LVA
       GSV v DAL      T-24h   unserved cutoff 2026-08-17T02:01:00 (+31 min) 
       CON v LAS      T-24h   unserved cutoff 2026-08-17T23:00:00 (+1290 min) 
       TOR v IND      T-24h   unserved cutoff 2026-08-17T23:00:00 (+1290 min) 
       LVA v ATL      T-24h   unserved cutoff 2026-08-18T02:00:00 (+1470 min) 
[gate] skipping the base job
[base] skipped - no unserved obligation in its lead window 
[base] exit=0 
================================================================================================
PROSPECTIVE PAIR RUNNER  2026-08-17T01:30:06.238157+00:00  model=ridge_score_level_w2c1_v1 hash=5d295bb8b99cd34e
================================================================================================
base records in official chain: 75
  late_prevented #0 ATL v SEA @ T-8h                cutoff 2026-07-31T15:35:00+00:00 already passed at 2026-08-1
  late_prevented #1 WAS v DAL @ T-8h                cutoff 2026-07-31T15:35:00+00:00 already passed at 2026-08-1
  late_prevented #2 PDX v IND @ T-8h                cutoff 2026-07-31T18:06:00+00:00 already passed at 2026-08-1
  late_prevented #3 ATL v SEA @ T-30m               cutoff 2026-07-31T23:05:00+00:00 already passed at 2026-08-1
  late_prevented #4 WAS v DAL @ T-30m               cutoff 2026-07-31T23:05:00+00:00 already passed at 2026-08-1
  late_prevented #5 PDX v IND @ T-90m               cutoff 2026-08-01T00:36:00+00:00 already passed at 2026-08-1
  late_prevented #6 CHI v LVA @ T-90m               cutoff 2026-08-01T15:35:00+00:00 already passed at 2026-08-1
  late_prevented #7 PHX v NYL @ T-90m               cutoff 2026-08-01T17:34:00+00:00 already passed at 2026-08-1
  skip           #8 CHI v LVA @ unknown-tip         base record is an explicit no-forecast; nothing to pair
  skip           #9 PHX v NYL @ unknown-tip         base record is an explicit no-forecast; nothing to pair
  late_prevented #10 NYL v SEA @ T-8h               cutoff 2026-08-03T15:04:00+00:00 already passed at 2026-08-1
  late_prevented #11 ATL v LVA @ T-8h               cutoff 2026-08-03T15:14:00+00:00 already passed at 2026-08-1
  late_prevented #12 CHI v PHX @ T-8h               cutoff 2026-08-03T17:08:00+00:00 already passed at 2026-08-1
  already_logged #13 NYL v SEA @ T-90m              idempotent: pair exists
  already_logged #14 ATL v LVA @ T-90m              idempotent: pair exists
  already_logged #15 CHI v PHX @ T-90m              idempotent: pair exists
  already_logged #16 NYL v SEA @ T-90m              idempotent: pair exists
  already_logged #17 ATL v LVA @ T-90m              idempotent: pair exists
  already_logged #18 CHI v PHX @ T-90m              idempotent: pair exists
  late_prevented #19 NYL v SEA @ T-30m              cutoff 2026-08-03T22:34:00+00:00 already passed at 2026-08-1
  late_prevented #20 ATL v LVA @ T-30m              cutoff 2026-08-03T22:44:00+00:00 already passed at 2026-08-1
  already_logged #21 CHI v PHX @ T-90m              idempotent: pair exists
  already_logged #22 GSV v TOR @ T-8h               idempotent: pair exists
  already_logged #23 GSV v TOR @ T-90m              idempotent: pair exists
  already_logged #24 GSV v TOR @ T-30m              idempotent: pair exists
  already_logged #25 ATL v PHX @ T-8h               idempotent: pair exists
  already_logged #26 NYL v SEA @ T-8h               idempotent: pair exists
  already_logged #27 WAS v DAL @ T-8h               idempotent: pair exists
  already_logged #28 CHI v LAS @ T-8h               idempotent: pair exists
  already_logged #29 ATL v PHX @ T-90m              idempotent: pair exists
  already_logged #30 NYL v SEA @ T-90m              idempotent: pair exists
  already_logged #31 WAS v DAL @ T-90m              idempotent: pair exists
  already_logged #32 CHI v LAS @ T-90m              idempotent: pair exists
  late_prevented #33 ATL v PHX @ T-30m              cutoff 2026-08-05T22:33:00+00:00 already passed at 2026-08-1
  late_prevented #34 NYL v SEA @ T-30m              cutoff 2026-08-05T22:38:00+00:00 already passed at 2026-08-1
  already_logged #35 WAS v DAL @ T-30m              idempotent: pair exists
  already_logged #36 CHI v LAS @ T-90m              idempotent: pair exists
  already_logged #37 IND v LVA @ T-8h               idempotent: pair exists
  already_logged #38 MIN v LAS @ T-8h               idempotent: pair exists
  already_logged #39 PDX v TOR @ T-8h               idempotent: pair exists
  already_logged #40 IND v LVA @ T-90m              idempotent: pair exists
  already_logged #41 MIN v LAS @ T-90m              idempotent: pair exists
  already_logged #42 PDX v TOR @ T-90m              idempotent: pair exists
  late_prevented #43 IND v LVA @ T-30m              cutoff 2026-08-06T22:36:00+00:00 already passed at 2026-08-1
  already_logged #44 PDX v TOR @ T-30m              idempotent: pair exists
  already_logged #45 CON v PHX @ T-8h               idempotent: pair exists
  already_logged #46 WAS v ATL @ T-8h               idempotent: pair exists
  already_logged #47 DAL v GSV @ T-8h               idempotent: pair exists
  already_logged #48 CON v PHX @ T-90m              idempotent: pair exists
  already_logged #49 WAS v ATL @ T-90m              idempotent: pair exists
  already_logged #50 DAL v GSV @ T-90m              idempotent: pair exists
  already_logged #51 CON v PHX @ T-30m              idempotent: pair exists
  already_logged #52 WAS v ATL @ T-30m              idempotent: pair exists
  already_logged #53 DAL v GSV @ T-30m              idempotent: pair exists
  already_logged #54 MIN v LVA @ T-8h               idempotent: pair exists
  already_logged #55 CHI v IND @ T-8h               idempotent: pair exists
  already_logged #56 PDX v SEA @ T-8h               idempotent: pair exists
  already_logged #57 MIN v LVA @ T-90m              idempotent: pair exists
  late_prevented #58 CHI v IND @ T-8h               cutoff 2026-08-08T11:35:00+00:00 already passed at 2026-08-1
  already_logged #59 PDX v SEA @ T-8h               idempotent: pair exists
  already_logged #60 PDX v SEA @ T-90m              idempotent: pair exists
  skip           #61 CHI v IND @ unknown-tip        base record is an explicit no-forecast; nothing to pair
  skip           #62 MIN v LVA @ unknown-tip        base record is an explicit no-forecast; nothing to pair
  already_logged #63 PDX v SEA @ T-30m              idempotent: pair exists
  already_logged #64 WAS v LAS @ T-90m              idempotent: pair exists
  already_logged #65 LVA v MIN @ T-90m              idempotent: pair exists
  already_logged #66 WAS v LAS @ T-30m              idempotent: pair exists
  late_prevented #67 LVA v MIN @ T-90m              cutoff 2026-08-15T22:35:00+00:00 already passed at 2026-08-1
  skip           #68 CON v NYL @ unknown-tip        base record is an explicit no-forecast; nothing to pair
  late_prevented #69 LVA v MIN @ T-30m              cutoff 2026-08-15T23:35:00+00:00 already passed at 2026-08-1
  already_logged #70 ATL v IND @ T-90m              idempotent: pair exists
  already_logged #71 SEA v CHI @ T-90m              idempotent: pair exists
  already_logged #72 PHX v PDX @ T-90m              idempotent: pair exists
  already_logged #73 PHX v PDX @ T-30m              idempotent: pair exists
  late_prevented #74 PHX v PDX @ T-30m              cutoff 2026-08-16T22:38:00+00:00 already passed at 2026-08-1

  already_logged=50, late_prevented=20, skip=5
  arm chain: ok=True n=45 tip=ed3d0ca9d3a991c1
  receipt appended to prospective_pair_runs.jsonl
[arm] exit=0 
====================================================================================================
FORECAST COVERAGE AUDIT   generated 2026-08-17T01:30:08.172078+00:00
====================================================================================================

CUMULATIVE by classification
  missing_job_did_not_run      65
  forecast_logged              56
  not_yet_due                  16
  before_period_start          15
  missing_data_unavailable     11
  late_record                  5

  obligations 168 | due 137 | served 56 | coverage 40.9%
  operational misses 65 | unexplained 0
  PROMOTION-GRADE: NO   (needs >= 95% served, <= 0 operational misses, all explained)

DAILY
  date         oblig  served     due     excl    opmiss arm_recs
  2026-07-30      12       0       0       12         0        0
  2026-07-31      12       6       9        3         0        0
  2026-08-01       8       2       8        0         6        0
  2026-08-02      16       0      16        0        16        0
  2026-08-03      12       6      12        0         3        3
  2026-08-04       4       3       4        0         1        3
  2026-08-05      16       9      16        0         4        9
  2026-08-06      12       7      12        0         3        7
  2026-08-07      12       9      12        0         3        9
  2026-08-08      12       6      12        0         3        4
  2026-08-09      16       0      16        0        16        0
  2026-08-15       8       4       8        0         4        1
  2026-08-16      12       4      12        0         6        0
  2026-08-17       4       0       0        4         0        0
  2026-08-18      12       0       0       12         0        0

EVERY MISSING OR IRREGULAR OBLIGATION (each must carry an explanation)
  2026-07-31 ATL v SEA T-90m   missing_data_unavailable   job served 1 other game(s) on 2026-07-31 at T-90m
  2026-07-31 WAS v DAL T-90m   missing_data_unavailable   job served 1 other game(s) on 2026-07-31 at T-90m
  2026-07-31 PDX v IND T-30m   missing_data_unavailable   job served 2 other game(s) on 2026-07-31 at T-30m
  2026-08-01 CHI v LVA T-24h   missing_job_did_not_run    no base record for ANY game on 2026-08-01 at T-24h
  2026-08-01 CHI v LVA T-8h    missing_job_did_not_run    no base record for ANY game on 2026-08-01 at T-8h
  2026-08-01 CHI v LVA T-30m   missing_job_did_not_run    no base record for ANY game on 2026-08-01 at T-30m
  2026-08-01 PHX v NYL T-24h   missing_job_did_not_run    no base record for ANY game on 2026-08-01 at T-24h
  2026-08-01 PHX v NYL T-8h    missing_job_did_not_run    no base record for ANY game on 2026-08-01 at T-8h
  2026-08-01 PHX v NYL T-30m   missing_job_did_not_run    no base record for ANY game on 2026-08-01 at T-30m
  2026-08-02 DAL v CON T-24h   missing_job_did_not_run    no base record for ANY game on 2026-08-02 at T-24h
  2026-08-02 DAL v CON T-8h    missing_job_did_not_run    no base record for ANY game on 2026-08-02 at T-8h
  2026-08-02 DAL v CON T-90m   missing_job_did_not_run    no base record for ANY game on 2026-08-02 at T-90m
  2026-08-02 DAL v CON T-30m   missing_job_did_not_run    no base record for ANY game on 2026-08-02 at T-30m
  2026-08-02 GSV v TOR T-24h   missing_job_did_not_run    no base record for ANY game on 2026-08-02 at T-24h
  2026-08-02 GSV v TOR T-8h    missing_job_did_not_run    no base record for ANY game on 2026-08-02 at T-8h
  2026-08-02 GSV v TOR T-90m   missing_job_did_not_run    no base record for ANY game on 2026-08-02 at T-90m
  2026-08-02 GSV v TOR T-30m   missing_job_did_not_run    no base record for ANY game on 2026-08-02 at T-30m
  2026-08-02 MIN v IND T-24h   missing_job_did_not_run    no base record for ANY game on 2026-08-02 at T-24h
  2026-08-02 MIN v IND T-8h    missing_job_did_not_run    no base record for ANY game on 2026-08-02 at T-8h
  2026-08-02 MIN v IND T-90m   missing_job_did_not_run    no base record for ANY game on 2026-08-02 at T-90m
  2026-08-02 MIN v IND T-30m   missing_job_did_not_run    no base record for ANY game on 2026-08-02 at T-30m
  2026-08-02 PDX v LAS T-24h   missing_job_did_not_run    no base record for ANY game on 2026-08-02 at T-24h
  2026-08-02 PDX v LAS T-8h    missing_job_did_not_run    no base record for ANY game on 2026-08-02 at T-8h
  2026-08-02 PDX v LAS T-90m   missing_job_did_not_run    no base record for ANY game on 2026-08-02 at T-90m
  2026-08-02 PDX v LAS T-30m   missing_job_did_not_run    no base record for ANY game on 2026-08-02 at T-30m
  2026-08-03 NYL v SEA T-24h   missing_job_did_not_run    no base record for ANY game on 2026-08-03 at T-24h
  2026-08-03 NYL v SEA T-30m   late_record                created 2026-08-03T22:45:08.958486+00:00 after cutoff
  2026-08-03 ATL v LVA T-24h   missing_job_did_not_run    no base record for ANY game on 2026-08-03 at T-24h
  2026-08-03 ATL v LVA T-30m   late_record                created 2026-08-03T22:45:08.976775+00:00 after cutoff
  2026-08-03 CHI v PHX T-24h   missing_job_did_not_run    no base record for ANY game on 2026-08-03 at T-24h
  2026-08-03 CHI v PHX T-30m   missing_data_unavailable   job served 2 other game(s) on 2026-08-03 at T-30m
  2026-08-04 GSV v TOR T-24h   missing_job_did_not_run    no base record for ANY game on 2026-08-04 at T-24h
  2026-08-05 WAS v DAL T-24h   missing_job_did_not_run    no base record for ANY game on 2026-08-05 at T-24h
  2026-08-05 NYL v SEA T-24h   missing_job_did_not_run    no base record for ANY game on 2026-08-05 at T-24h
  2026-08-05 NYL v SEA T-30m   late_record                created 2026-08-05T22:45:07.299457+00:00 after cutoff
  2026-08-05 ATL v PHX T-24h   missing_job_did_not_run    no base record for ANY game on 2026-08-05 at T-24h
  2026-08-05 ATL v PHX T-30m   late_record                created 2026-08-05T22:45:07.274521+00:00 after cutoff
  2026-08-05 CHI v LAS T-24h   missing_job_did_not_run    no base record for ANY game on 2026-08-05 at T-24h
  2026-08-05 CHI v LAS T-30m   missing_data_unavailable   job served 3 other game(s) on 2026-08-05 at T-30m
  2026-08-06 IND v LVA T-24h   missing_job_did_not_run    no base record for ANY game on 2026-08-06 at T-24h
  2026-08-06 IND v LVA T-30m   late_record                created 2026-08-06T22:45:09.382682+00:00 after cutoff
  2026-08-06 PDX v TOR T-24h   missing_job_did_not_run    no base record for ANY game on 2026-08-06 at T-24h
  2026-08-06 MIN v LAS T-24h   missing_job_did_not_run    no base record for ANY game on 2026-08-06 at T-24h
  2026-08-06 MIN v LAS T-30m   missing_data_unavailable   job served 2 other game(s) on 2026-08-06 at T-30m
  2026-08-07 WAS v ATL T-24h   missing_job_did_not_run    no base record for ANY game on 2026-08-07 at T-24h
  2026-08-07 CON v PHX T-24h   missing_job_did_not_run    no base record for ANY game on 2026-08-07 at T-24h
  2026-08-07 DAL v GSV T-24h   missing_job_did_not_run    no base record for ANY game on 2026-08-07 at T-24h
  2026-08-08 CHI v IND T-24h   missing_job_did_not_run    no base record for ANY game on 2026-08-08 at T-24h
  2026-08-08 CHI v IND T-90m   missing_data_unavailable   job served 2 other game(s) on 2026-08-08 at T-90m
  2026-08-08 CHI v IND T-30m   missing_data_unavailable   job served 1 other game(s) on 2026-08-08 at T-30m
  2026-08-08 MIN v LVA T-24h   missing_job_did_not_run    no base record for ANY game on 2026-08-08 at T-24h
  2026-08-08 MIN v LVA T-30m   missing_data_unavailable   job served 1 other game(s) on 2026-08-08 at T-30m
  2026-08-08 PDX v SEA T-24h   missing_job_did_not_run    no base record for ANY game on 2026-08-08 at T-24h
  2026-08-09 WAS v PHX T-24h   missing_job_did_not_run    no base record for ANY game on 2026-08-09 at T-24h
  2026-08-09 WAS v PHX T-8h    missing_job_did_not_run    no base record for ANY game on 2026-08-09 at T-8h
  2026-08-09 WAS v PHX T-90m   missing_job_did_not_run    no base record for ANY game on 2026-08-09 at T-90m
  2026-08-09 WAS v PHX T-30m   missing_job_did_not_run    no base record for ANY game on 2026-08-09 at T-30m
  2026-08-09 LAS v GSV T-24h   missing_job_did_not_run    no base record for ANY game on 2026-08-09 at T-24h
  2026-08-09 LAS v GSV T-8h    missing_job_did_not_run    no base record for ANY game on 2026-08-09 at T-8h
  2026-08-09 LAS v GSV T-90m   missing_job_did_not_run    no base record for ANY game on 2026-08-09 at T-90m
  2026-08-09 LAS v GSV T-30m   missing_job_did_not_run    no base record for ANY game on 2026-08-09 at T-30m
  2026-08-09 NYL v LVA T-24h   missing_job_did_not_run    no base record for ANY game on 2026-08-09 at T-24h
  2026-08-09 NYL v LVA T-8h    missing_job_did_not_run    no base record for ANY game on 2026-08-09 at T-8h
  2026-08-09 NYL v LVA T-90m   missing_job_did_not_run    no base record for ANY game on 2026-08-09 at T-90m
  2026-08-09 NYL v LVA T-30m   missing_job_did_not_run    no base record for ANY game on 2026-08-09 at T-30m
  2026-08-09 MIN v DAL T-24h   missing_job_did_not_run    no base record for ANY game on 2026-08-09 at T-24h
  2026-08-09 MIN v DAL T-8h    missing_job_did_not_run    no base record for ANY game on 2026-08-09 at T-8h
  2026-08-09 MIN v DAL T-90m   missing_job_did_not_run    no base record for ANY game on 2026-08-09 at T-90m
  2026-08-09 MIN v DAL T-30m   missing_job_did_not_run    no base record for ANY game on 2026-08-09 at T-30m
  2026-08-15 WAS v LAS T-24h   missing_job_did_not_run    no base record for ANY game on 2026-08-15 at T-24h
  2026-08-15 WAS v LAS T-8h    missing_job_did_not_run    no base record for ANY game on 2026-08-15 at T-8h
  2026-08-15 LVA v MIN T-24h   missing_job_did_not_run    no base record for ANY game on 2026-08-15 at T-24h
  2026-08-15 LVA v MIN T-8h    missing_job_did_not_run    no base record for ANY game on 2026-08-15 at T-8h
  2026-08-16 ATL v IND T-24h   missing_job_did_not_run    no base record for ANY game on 2026-08-16 at T-24h
  2026-08-16 ATL v IND T-8h    missing_job_did_not_run    no base record for ANY game on 2026-08-16 at T-8h
  2026-08-16 ATL v IND T-30m   missing_data_unavailable   job served 1 other game(s) on 2026-08-16 at T-30m
  2026-08-16 SEA v CHI T-24h   missing_job_did_not_run    no base record for ANY game on 2026-08-16 at T-24h
  2026-08-16 SEA v CHI T-8h    missing_job_did_not_run    no base record for ANY game on 2026-08-16 at T-8h
  2026-08-16 SEA v CHI T-30m   missing_data_unavailable   job served 1 other game(s) on 2026-08-16 at T-30m
  2026-08-16 PHX v PDX T-24h   missing_job_did_not_run    no base record for ANY game on 2026-08-16 at T-24h
  2026-08-16 PHX v PDX T-8h    missing_job_did_not_run    no base record for ANY game on 2026-08-16 at T-8h

wrote forecasts/coverage_audit.csv and forecasts/coverage_receipt.json
[audit] exit=0 
==== Sun 08/16/2026 21:45:02.80 ==== 
[gate] 2026-08-17T01:45:03.962303+00:00  fire=True  -- 1 unserved obligation(s) in window, none would duplicate; 4 slate game(s) have no official game_id and were served under a provisional id: GSV v DAL (2026-08-17) -> PROV-2026-08-17-DAL@GSV, CON v LAS (2026-08-18) -> PROV-2026-08-18-LAS@CON, TOR v IND (2026-08-18) -> PROV-2026-08-18-IND@TOR, LVA v ATL (2026-08-18) -> PROV-2026-08-18-ATL@LVA
       GSV v DAL      T-24h   unserved cutoff 2026-08-17T02:01:00 (+16 min) IN-WINDOW
       CON v LAS      T-24h   unserved cutoff 2026-08-17T23:00:00 (+1275 min) 
       TOR v IND      T-24h   unserved cutoff 2026-08-17T23:00:00 (+1275 min) 
       LVA v ATL      T-24h   unserved cutoff 2026-08-18T02:00:00 (+1455 min) 
[gate] BASE RUN DUE
slate date 2026-08-16 (ET) | season 2026 | cutoff 2026-08-17T01:45:05.478131+00:00 | OFFICIAL chain C:\Users\jgallagher\wnba-betting-model\forecasts\forecast_log.jsonl
[WARN] masters: latest 2026 game in masters is 2026-08-07 (9 days before the slate) ? check the daily gamelog/misc refresh before trusting trends
[WARN] slate: IND @ ATL appears in ref assignments but NOT in the odds snapshot (market pulled/suspended?) ? included with null market and NULL tip time; not loggable to the chain without an event_time
[WARN] slate: CHI @ SEA appears in ref assignments but NOT in the odds snapshot (market pulled/suspended?) ? included with null market and NULL tip time; not loggable to the chain without an event_time
[BLOCK] entity-resolution: Indiana Fever: designation 'Out' for 'Ugonne Onyiah' resolves to NO player identity in any season ? cold start or unlisted alias. FAIL-CLOSED: the availability estimate for this team is not trustworthy until an alias or a cold-start object is supplied.
[BLOCK] entity-resolution: Los Angeles Sparks: designation 'Out' for 'Tonie Morgan' resolves to NO player identity in any season ? cold start or unlisted alias. FAIL-CLOSED: the availability estimate for this team is not trustworthy until an alias or a cold-start object is supplied.
[BLOCK] entity-resolution: Minnesota Lynx: designation 'Out' for 'Elena Buenavida' resolves to NO player identity in any season ? cold start or unlisted alias. FAIL-CLOSED: the availability estimate for this team is not trustworthy until an alias or a cold-start object is supplied.
[BLOCK] entity-resolution: Indiana Fever: designation 'Out' for 'Michelle Onyiah' resolves to NO player identity in any season ? cold start or unlisted alias. FAIL-CLOSED: the availability estimate for this team is not trustworthy until an alias or a cold-start object is supplied.
[INFO] player-layer: CHI: Rickea Jackson (Out) is on the injury report but outside the 3-game recency roster (last rostered 2026-06-26) ? long-term absentee, already excluded from the availability estimate
[INFO] player-layer: CHI: Maddy Westbeld (Out) is on the injury report but outside the 3-game recency roster (last rostered 2026-07-12) ? long-term absentee, already excluded from the availability estimate
[INFO] player-layer: IND: Bree Hall (Out) is on the injury report but outside the 3-game recency roster (last rostered 2026-07-09) ? long-term absentee, already excluded from the availability estimate
[INFO] player-layer: PDX: Sania Feagin (Out) is on the injury report but outside the 3-game recency roster (last rostered 2026-07-16) ? long-term absentee, already excluded from the availability estimate
[INFO] player-layer: PHX: Jovana Nogic (Out) is on the injury report but outside the 3-game recency roster (last rostered 2026-06-17) ? long-term absentee, already excluded from the availability estimate
[WARN] player-layer: SEA: Taina Mair (Available) is outside the 3-game recency roster (last rostered 2026-07-28) but NOT Out ? a possible RETURN the recency roster cannot see; the availability estimate may understate tonight's rotation
[INFO] trend-staleness: ATL last played 2026-08-07 (9 days before the slate) ? trend features are that old (schedule gap, not a data failure: masters are current through yesterday)
[INFO] trend-staleness: CHI last played 2026-08-05 (11 days before the slate) ? trend features are that old (schedule gap, not a data failure: masters are current through yesterday)
[INFO] trend-staleness: IND last played 2026-08-06 (10 days before the slate) ? trend features are that old (schedule gap, not a data failure: masters are current through yesterday)
[INFO] trend-staleness: PDX last played 2026-08-06 (10 days before the slate) ? trend features are that old (schedule gap, not a data failure: masters are current through yesterday)
[INFO] trend-staleness: PHX last played 2026-08-07 (9 days before the slate) ? trend features are that old (schedule gap, not a data failure: masters are current through yesterday)
[INFO] trend-staleness: SEA last played 2026-08-05 (11 days before the slate) ? trend features are that old (schedule gap, not a data failure: masters are current through yesterday)
[WARN] forecast: PDX @ PHX: tip already passed at the cutoff ? a post-tip 'forecast' violates the prediction contract
[INFO] chain: PDX @ PHX: obligation (game 1022600260, T-30m, this model version) already served ? refused by the obligation guard (D-c: dedup no longer keys on the wall-clock cutoff); a second serving is the same decision re-timestamped, not a new prediction
[INFO] chain: IND @ ATL: logged as NO_FORECAST (no event_time ? provenance incomplete)
[INFO] chain: CHI @ SEA: logged as NO_FORECAST (no event_time ? provenance incomplete)
OFFICIAL chain verified (forecast_log.jsonl): ok=True, n_records=77, tip_sha256=283fa97d7faba3fc58d3feea723a8bfaf8cb17323600fa86fc7afd5631625049 — record these two values out of band; tail truncation is only detectable against an external anchor

wrote C:\Users\jgallagher\wnba-betting-model\experiments\forecast_dryrun\forecast_today.csv
wrote C:\Users\jgallagher\wnba-betting-model\experiments\forecast_dryrun\REPORT.md, feature_snapshot.csv, snapshot_manifest.json
chain: 2 logged, 1 already-served refused (obligation-keyed dedup, D-c), 0 failed writes

== slate ==
PDX @ PHX 2026-08-16 19:08 — no forecast: tip already passed at the cutoff — a post-tip 'forecast' violates the prediction contract
IND @ ATL tip unknown ET [unknown-tip] H 90.9 A 90.3 margin -0.5 total 181.2 | market spread n/a total None
CHI @ SEA tip unknown ET [unknown-tip] H 86.4 A 87.1 margin -1.6 total 173.5 | market spread n/a total None
[base] exit=0 
================================================================================================
PROSPECTIVE PAIR RUNNER  2026-08-17T01:45:08.758535+00:00  model=ridge_score_level_w2c1_v1 hash=5d295bb8b99cd34e
================================================================================================
base records in official chain: 77
  late_prevented #0 ATL v SEA @ T-8h                cutoff 2026-07-31T15:35:00+00:00 already passed at 2026-08-1
  late_prevented #1 WAS v DAL @ T-8h                cutoff 2026-07-31T15:35:00+00:00 already passed at 2026-08-1
  late_prevented #2 PDX v IND @ T-8h                cutoff 2026-07-31T18:06:00+00:00 already passed at 2026-08-1
  late_prevented #3 ATL v SEA @ T-30m               cutoff 2026-07-31T23:05:00+00:00 already passed at 2026-08-1
  late_prevented #4 WAS v DAL @ T-30m               cutoff 2026-07-31T23:05:00+00:00 already passed at 2026-08-1
  late_prevented #5 PDX v IND @ T-90m               cutoff 2026-08-01T00:36:00+00:00 already passed at 2026-08-1
  late_prevented #6 CHI v LVA @ T-90m               cutoff 2026-08-01T15:35:00+00:00 already passed at 2026-08-1
  late_prevented #7 PHX v NYL @ T-90m               cutoff 2026-08-01T17:34:00+00:00 already passed at 2026-08-1
  skip           #8 CHI v LVA @ unknown-tip         base record is an explicit no-forecast; nothing to pair
  skip           #9 PHX v NYL @ unknown-tip         base record is an explicit no-forecast; nothing to pair
  late_prevented #10 NYL v SEA @ T-8h               cutoff 2026-08-03T15:04:00+00:00 already passed at 2026-08-1
  late_prevented #11 ATL v LVA @ T-8h               cutoff 2026-08-03T15:14:00+00:00 already passed at 2026-08-1
  late_prevented #12 CHI v PHX @ T-8h               cutoff 2026-08-03T17:08:00+00:00 already passed at 2026-08-1
  already_logged #13 NYL v SEA @ T-90m              idempotent: pair exists
  already_logged #14 ATL v LVA @ T-90m              idempotent: pair exists
  already_logged #15 CHI v PHX @ T-90m              idempotent: pair exists
  already_logged #16 NYL v SEA @ T-90m              idempotent: pair exists
  already_logged #17 ATL v LVA @ T-90m              idempotent: pair exists
  already_logged #18 CHI v PHX @ T-90m              idempotent: pair exists
  late_prevented #19 NYL v SEA @ T-30m              cutoff 2026-08-03T22:34:00+00:00 already passed at 2026-08-1
  late_prevented #20 ATL v LVA @ T-30m              cutoff 2026-08-03T22:44:00+00:00 already passed at 2026-08-1
  already_logged #21 CHI v PHX @ T-90m              idempotent: pair exists
  already_logged #22 GSV v TOR @ T-8h               idempotent: pair exists
  already_logged #23 GSV v TOR @ T-90m              idempotent: pair exists
  already_logged #24 GSV v TOR @ T-30m              idempotent: pair exists
  already_logged #25 ATL v PHX @ T-8h               idempotent: pair exists
  already_logged #26 NYL v SEA @ T-8h               idempotent: pair exists
  already_logged #27 WAS v DAL @ T-8h               idempotent: pair exists
  already_logged #28 CHI v LAS @ T-8h               idempotent: pair exists
  already_logged #29 ATL v PHX @ T-90m              idempotent: pair exists
  already_logged #30 NYL v SEA @ T-90m              idempotent: pair exists
  already_logged #31 WAS v DAL @ T-90m              idempotent: pair exists
  already_logged #32 CHI v LAS @ T-90m              idempotent: pair exists
  late_prevented #33 ATL v PHX @ T-30m              cutoff 2026-08-05T22:33:00+00:00 already passed at 2026-08-1
  late_prevented #34 NYL v SEA @ T-30m              cutoff 2026-08-05T22:38:00+00:00 already passed at 2026-08-1
  already_logged #35 WAS v DAL @ T-30m              idempotent: pair exists
  already_logged #36 CHI v LAS @ T-90m              idempotent: pair exists
  already_logged #37 IND v LVA @ T-8h               idempotent: pair exists
  already_logged #38 MIN v LAS @ T-8h               idempotent: pair exists
  already_logged #39 PDX v TOR @ T-8h               idempotent: pair exists
  already_logged #40 IND v LVA @ T-90m              idempotent: pair exists
  already_logged #41 MIN v LAS @ T-90m              idempotent: pair exists
  already_logged #42 PDX v TOR @ T-90m              idempotent: pair exists
  late_prevented #43 IND v LVA @ T-30m              cutoff 2026-08-06T22:36:00+00:00 already passed at 2026-08-1
  already_logged #44 PDX v TOR @ T-30m              idempotent: pair exists
  already_logged #45 CON v PHX @ T-8h               idempotent: pair exists
  already_logged #46 WAS v ATL @ T-8h               idempotent: pair exists
  already_logged #47 DAL v GSV @ T-8h               idempotent: pair exists
  already_logged #48 CON v PHX @ T-90m              idempotent: pair exists
  already_logged #49 WAS v ATL @ T-90m              idempotent: pair exists
  already_logged #50 DAL v GSV @ T-90m              idempotent: pair exists
  already_logged #51 CON v PHX @ T-30m              idempotent: pair exists
  already_logged #52 WAS v ATL @ T-30m              idempotent: pair exists
  already_logged #53 DAL v GSV @ T-30m              idempotent: pair exists
  already_logged #54 MIN v LVA @ T-8h               idempotent: pair exists
  already_logged #55 CHI v IND @ T-8h               idempotent: pair exists
  already_logged #56 PDX v SEA @ T-8h               idempotent: pair exists
  already_logged #57 MIN v LVA @ T-90m              idempotent: pair exists
  late_prevented #58 CHI v IND @ T-8h               cutoff 2026-08-08T11:35:00+00:00 already passed at 2026-08-1
  already_logged #59 PDX v SEA @ T-8h               idempotent: pair exists
  already_logged #60 PDX v SEA @ T-90m              idempotent: pair exists
  skip           #61 CHI v IND @ unknown-tip        base record is an explicit no-forecast; nothing to pair
  skip           #62 MIN v LVA @ unknown-tip        base record is an explicit no-forecast; nothing to pair
  already_logged #63 PDX v SEA @ T-30m              idempotent: pair exists
  already_logged #64 WAS v LAS @ T-90m              idempotent: pair exists
  already_logged #65 LVA v MIN @ T-90m              idempotent: pair exists
  already_logged #66 WAS v LAS @ T-30m              idempotent: pair exists
  late_prevented #67 LVA v MIN @ T-90m              cutoff 2026-08-15T22:35:00+00:00 already passed at 2026-08-1
  skip           #68 CON v NYL @ unknown-tip        base record is an explicit no-forecast; nothing to pair
  late_prevented #69 LVA v MIN @ T-30m              cutoff 2026-08-15T23:35:00+00:00 already passed at 2026-08-1
  already_logged #70 ATL v IND @ T-90m              idempotent: pair exists
  already_logged #71 SEA v CHI @ T-90m              idempotent: pair exists
  already_logged #72 PHX v PDX @ T-90m              idempotent: pair exists
  already_logged #73 PHX v PDX @ T-30m              idempotent: pair exists
  late_prevented #74 PHX v PDX @ T-30m              cutoff 2026-08-16T22:38:00+00:00 already passed at 2026-08-1
  skip           #75 ATL v IND @ unknown-tip        base record is an explicit no-forecast; nothing to pair
  skip           #76 SEA v CHI @ unknown-tip        base record is an explicit no-forecast; nothing to pair

  already_logged=50, late_prevented=20, skip=7
  arm chain: ok=True n=45 tip=ed3d0ca9d3a991c1
  receipt appended to prospective_pair_runs.jsonl
[arm] exit=0 
====================================================================================================
FORECAST COVERAGE AUDIT   generated 2026-08-17T01:45:10.670140+00:00
====================================================================================================

CUMULATIVE by classification
  missing_job_did_not_run      65
  forecast_logged              56
  not_yet_due                  16
  before_period_start          15
  missing_data_unavailable     11
  late_record                  5

  obligations 168 | due 137 | served 56 | coverage 40.9%
  operational misses 65 | unexplained 0
  PROMOTION-GRADE: NO   (needs >= 95% served, <= 0 operational misses, all explained)

DAILY
  date         oblig  served     due     excl    opmiss arm_recs
  2026-07-30      12       0       0       12         0        0
  2026-07-31      12       6       9        3         0        0
  2026-08-01       8       2       8        0         6        0
  2026-08-02      16       0      16        0        16        0
  2026-08-03      12       6      12        0         3        3
  2026-08-04       4       3       4        0         1        3
  2026-08-05      16       9      16        0         4        9
  2026-08-06      12       7      12        0         3        7
  2026-08-07      12       9      12        0         3        9
  2026-08-08      12       6      12        0         3        4
  2026-08-09      16       0      16        0        16        0
  2026-08-15       8       4       8        0         4        1
  2026-08-16      12       4      12        0         6        0
  2026-08-17       4       0       0        4         0        0
  2026-08-18      12       0       0       12         0        0

EVERY MISSING OR IRREGULAR OBLIGATION (each must carry an explanation)
  2026-07-31 ATL v SEA T-90m   missing_data_unavailable   job served 1 other game(s) on 2026-07-31 at T-90m
  2026-07-31 WAS v DAL T-90m   missing_data_unavailable   job served 1 other game(s) on 2026-07-31 at T-90m
  2026-07-31 PDX v IND T-30m   missing_data_unavailable   job served 2 other game(s) on 2026-07-31 at T-30m
  2026-08-01 CHI v LVA T-24h   missing_job_did_not_run    no base record for ANY game on 2026-08-01 at T-24h
  2026-08-01 CHI v LVA T-8h    missing_job_did_not_run    no base record for ANY game on 2026-08-01 at T-8h
  2026-08-01 CHI v LVA T-30m   missing_job_did_not_run    no base record for ANY game on 2026-08-01 at T-30m
  2026-08-01 PHX v NYL T-24h   missing_job_did_not_run    no base record for ANY game on 2026-08-01 at T-24h
  2026-08-01 PHX v NYL T-8h    missing_job_did_not_run    no base record for ANY game on 2026-08-01 at T-8h
  2026-08-01 PHX v NYL T-30m   missing_job_did_not_run    no base record for ANY game on 2026-08-01 at T-30m
  2026-08-02 DAL v CON T-24h   missing_job_did_not_run    no base record for ANY game on 2026-08-02 at T-24h
  2026-08-02 DAL v CON T-8h    missing_job_did_not_run    no base record for ANY game on 2026-08-02 at T-8h
  2026-08-02 DAL v CON T-90m   missing_job_did_not_run    no base record for ANY game on 2026-08-02 at T-90m
  2026-08-02 DAL v CON T-30m   missing_job_did_not_run    no base record for ANY game on 2026-08-02 at T-30m
  2026-08-02 GSV v TOR T-24h   missing_job_did_not_run    no base record for ANY game on 2026-08-02 at T-24h
  2026-08-02 GSV v TOR T-8h    missing_job_did_not_run    no base record for ANY game on 2026-08-02 at T-8h
  2026-08-02 GSV v TOR T-90m   missing_job_did_not_run    no base record for ANY game on 2026-08-02 at T-90m
  2026-08-02 GSV v TOR T-30m   missing_job_did_not_run    no base record for ANY game on 2026-08-02 at T-30m
  2026-08-02 MIN v IND T-24h   missing_job_did_not_run    no base record for ANY game on 2026-08-02 at T-24h
  2026-08-02 MIN v IND T-8h    missing_job_did_not_run    no base record for ANY game on 2026-08-02 at T-8h
  2026-08-02 MIN v IND T-90m   missing_job_did_not_run    no base record for ANY game on 2026-08-02 at T-90m
  2026-08-02 MIN v IND T-30m   missing_job_did_not_run    no base record for ANY game on 2026-08-02 at T-30m
  2026-08-02 PDX v LAS T-24h   missing_job_did_not_run    no base record for ANY game on 2026-08-02 at T-24h
  2026-08-02 PDX v LAS T-8h    missing_job_did_not_run    no base record for ANY game on 2026-08-02 at T-8h
  2026-08-02 PDX v LAS T-90m   missing_job_did_not_run    no base record for ANY game on 2026-08-02 at T-90m
  2026-08-02 PDX v LAS T-30m   missing_job_did_not_run    no base record for ANY game on 2026-08-02 at T-30m
  2026-08-03 NYL v SEA T-24h   missing_job_did_not_run    no base record for ANY game on 2026-08-03 at T-24h
  2026-08-03 NYL v SEA T-30m   late_record                created 2026-08-03T22:45:08.958486+00:00 after cutoff
  2026-08-03 ATL v LVA T-24h   missing_job_did_not_run    no base record for ANY game on 2026-08-03 at T-24h
  2026-08-03 ATL v LVA T-30m   late_record                created 2026-08-03T22:45:08.976775+00:00 after cutoff
  2026-08-03 CHI v PHX T-24h   missing_job_did_not_run    no base record for ANY game on 2026-08-03 at T-24h
  2026-08-03 CHI v PHX T-30m   missing_data_unavailable   job served 2 other game(s) on 2026-08-03 at T-30m
  2026-08-04 GSV v TOR T-24h   missing_job_did_not_run    no base record for ANY game on 2026-08-04 at T-24h
  2026-08-05 WAS v DAL T-24h   missing_job_did_not_run    no base record for ANY game on 2026-08-05 at T-24h
  2026-08-05 NYL v SEA T-24h   missing_job_did_not_run    no base record for ANY game on 2026-08-05 at T-24h
  2026-08-05 NYL v SEA T-30m   late_record                created 2026-08-05T22:45:07.299457+00:00 after cutoff
  2026-08-05 ATL v PHX T-24h   missing_job_did_not_run    no base record for ANY game on 2026-08-05 at T-24h
  2026-08-05 ATL v PHX T-30m   late_record                created 2026-08-05T22:45:07.274521+00:00 after cutoff
  2026-08-05 CHI v LAS T-24h   missing_job_did_not_run    no base record for ANY game on 2026-08-05 at T-24h
  2026-08-05 CHI v LAS T-30m   missing_data_unavailable   job served 3 other game(s) on 2026-08-05 at T-30m
  2026-08-06 IND v LVA T-24h   missing_job_did_not_run    no base record for ANY game on 2026-08-06 at T-24h
  2026-08-06 IND v LVA T-30m   late_record                created 2026-08-06T22:45:09.382682+00:00 after cutoff
  2026-08-06 PDX v TOR T-24h   missing_job_did_not_run    no base record for ANY game on 2026-08-06 at T-24h
  2026-08-06 MIN v LAS T-24h   missing_job_did_not_run    no base record for ANY game on 2026-08-06 at T-24h
  2026-08-06 MIN v LAS T-30m   missing_data_unavailable   job served 2 other game(s) on 2026-08-06 at T-30m
  2026-08-07 WAS v ATL T-24h   missing_job_did_not_run    no base record for ANY game on 2026-08-07 at T-24h
  2026-08-07 CON v PHX T-24h   missing_job_did_not_run    no base record for ANY game on 2026-08-07 at T-24h
  2026-08-07 DAL v GSV T-24h   missing_job_did_not_run    no base record for ANY game on 2026-08-07 at T-24h
  2026-08-08 CHI v IND T-24h   missing_job_did_not_run    no base record for ANY game on 2026-08-08 at T-24h
  2026-08-08 CHI v IND T-90m   missing_data_unavailable   job served 2 other game(s) on 2026-08-08 at T-90m
  2026-08-08 CHI v IND T-30m   missing_data_unavailable   job served 1 other game(s) on 2026-08-08 at T-30m
  2026-08-08 MIN v LVA T-24h   missing_job_did_not_run    no base record for ANY game on 2026-08-08 at T-24h
  2026-08-08 MIN v LVA T-30m   missing_data_unavailable   job served 1 other game(s) on 2026-08-08 at T-30m
  2026-08-08 PDX v SEA T-24h   missing_job_did_not_run    no base record for ANY game on 2026-08-08 at T-24h
  2026-08-09 WAS v PHX T-24h   missing_job_did_not_run    no base record for ANY game on 2026-08-09 at T-24h
  2026-08-09 WAS v PHX T-8h    missing_job_did_not_run    no base record for ANY game on 2026-08-09 at T-8h
  2026-08-09 WAS v PHX T-90m   missing_job_did_not_run    no base record for ANY game on 2026-08-09 at T-90m
  2026-08-09 WAS v PHX T-30m   missing_job_did_not_run    no base record for ANY game on 2026-08-09 at T-30m
  2026-08-09 LAS v GSV T-24h   missing_job_did_not_run    no base record for ANY game on 2026-08-09 at T-24h
  2026-08-09 LAS v GSV T-8h    missing_job_did_not_run    no base record for ANY game on 2026-08-09 at T-8h
  2026-08-09 LAS v GSV T-90m   missing_job_did_not_run    no base record for ANY game on 2026-08-09 at T-90m
  2026-08-09 LAS v GSV T-30m   missing_job_did_not_run    no base record for ANY game on 2026-08-09 at T-30m
  2026-08-09 NYL v LVA T-24h   missing_job_did_not_run    no base record for ANY game on 2026-08-09 at T-24h
  2026-08-09 NYL v LVA T-8h    missing_job_did_not_run    no base record for ANY game on 2026-08-09 at T-8h
  2026-08-09 NYL v LVA T-90m   missing_job_did_not_run    no base record for ANY game on 2026-08-09 at T-90m
  2026-08-09 NYL v LVA T-30m   missing_job_did_not_run    no base record for ANY game on 2026-08-09 at T-30m
  2026-08-09 MIN v DAL T-24h   missing_job_did_not_run    no base record for ANY game on 2026-08-09 at T-24h
  2026-08-09 MIN v DAL T-8h    missing_job_did_not_run    no base record for ANY game on 2026-08-09 at T-8h
  2026-08-09 MIN v DAL T-90m   missing_job_did_not_run    no base record for ANY game on 2026-08-09 at T-90m
  2026-08-09 MIN v DAL T-30m   missing_job_did_not_run    no base record for ANY game on 2026-08-09 at T-30m
  2026-08-15 WAS v LAS T-24h   missing_job_did_not_run    no base record for ANY game on 2026-08-15 at T-24h
  2026-08-15 WAS v LAS T-8h    missing_job_did_not_run    no base record for ANY game on 2026-08-15 at T-8h
  2026-08-15 LVA v MIN T-24h   missing_job_did_not_run    no base record for ANY game on 2026-08-15 at T-24h
  2026-08-15 LVA v MIN T-8h    missing_job_did_not_run    no base record for ANY game on 2026-08-15 at T-8h
  2026-08-16 ATL v IND T-24h   missing_job_did_not_run    no base record for ANY game on 2026-08-16 at T-24h
  2026-08-16 ATL v IND T-8h    missing_job_did_not_run    no base record for ANY game on 2026-08-16 at T-8h
  2026-08-16 ATL v IND T-30m   missing_data_unavailable   job served 1 other game(s) on 2026-08-16 at T-30m
  2026-08-16 SEA v CHI T-24h   missing_job_did_not_run    no base record for ANY game on 2026-08-16 at T-24h
  2026-08-16 SEA v CHI T-8h    missing_job_did_not_run    no base record for ANY game on 2026-08-16 at T-8h
  2026-08-16 SEA v CHI T-30m   missing_data_unavailable   job served 1 other game(s) on 2026-08-16 at T-30m
  2026-08-16 PHX v PDX T-24h   missing_job_did_not_run    no base record for ANY game on 2026-08-16 at T-24h
  2026-08-16 PHX v PDX T-8h    missing_job_did_not_run    no base record for ANY game on 2026-08-16 at T-8h

wrote forecasts/coverage_audit.csv and forecasts/coverage_receipt.json
[audit] exit=0 
==== Sun 08/16/2026 22:00:03.51 ==== 
[gate] 2026-08-17T02:00:05.093694+00:00  fire=True  -- 1 unserved obligation(s) in window, none would duplicate; 5 slate game(s) have no official game_id and were served under a provisional id: GSV v DAL (2026-08-17) -> PROV-2026-08-17-DAL@GSV, CON v LAS (2026-08-18) -> PROV-2026-08-18-LAS@CON, TOR v IND (2026-08-18) -> PROV-2026-08-18-IND@TOR, LVA v ATL (2026-08-18) -> PROV-2026-08-18-ATL@LVA, CHI v NYL (2026-08-18) -> PROV-2026-08-18-NYL@CHI
       GSV v DAL      T-24h   unserved cutoff 2026-08-17T02:00:00 (-0 min) IN-WINDOW
       CON v LAS      T-24h   unserved cutoff 2026-08-17T23:00:00 (+1260 min) 
       TOR v IND      T-24h   unserved cutoff 2026-08-17T23:00:00 (+1260 min) 
       LVA v ATL      T-24h   unserved cutoff 2026-08-18T02:00:00 (+1440 min) 
       CHI v NYL      T-24h   unserved cutoff 2026-08-18T01:00:00 (+1380 min) 
[gate] BASE RUN DUE
slate date 2026-08-16 (ET) | season 2026 | cutoff 2026-08-17T02:00:06.748332+00:00 | OFFICIAL chain C:\Users\jgallagher\wnba-betting-model\forecasts\forecast_log.jsonl
[WARN] masters: latest 2026 game in masters is 2026-08-07 (9 days before the slate) ? check the daily gamelog/misc refresh before trusting trends
[WARN] slate: IND @ ATL appears in ref assignments but NOT in the odds snapshot (market pulled/suspended?) ? included with null market and NULL tip time; not loggable to the chain without an event_time
[WARN] slate: PDX @ PHX appears in ref assignments but NOT in the odds snapshot (market pulled/suspended?) ? included with null market and NULL tip time; not loggable to the chain without an event_time
[WARN] slate: CHI @ SEA appears in ref assignments but NOT in the odds snapshot (market pulled/suspended?) ? included with null market and NULL tip time; not loggable to the chain without an event_time
[BLOCK] entity-resolution: Indiana Fever: designation 'Out' for 'Ugonne Onyiah' resolves to NO player identity in any season ? cold start or unlisted alias. FAIL-CLOSED: the availability estimate for this team is not trustworthy until an alias or a cold-start object is supplied.
[BLOCK] entity-resolution: Los Angeles Sparks: designation 'Out' for 'Tonie Morgan' resolves to NO player identity in any season ? cold start or unlisted alias. FAIL-CLOSED: the availability estimate for this team is not trustworthy until an alias or a cold-start object is supplied.
[BLOCK] entity-resolution: Minnesota Lynx: designation 'Out' for 'Elena Buenavida' resolves to NO player identity in any season ? cold start or unlisted alias. FAIL-CLOSED: the availability estimate for this team is not trustworthy until an alias or a cold-start object is supplied.
[BLOCK] entity-resolution: Indiana Fever: designation 'Out' for 'Michelle Onyiah' resolves to NO player identity in any season ? cold start or unlisted alias. FAIL-CLOSED: the availability estimate for this team is not trustworthy until an alias or a cold-start object is supplied.
[INFO] player-layer: CHI: Rickea Jackson (Out) is on the injury report but outside the 3-game recency roster (last rostered 2026-06-26) ? long-term absentee, already excluded from the availability estimate
[INFO] player-layer: CHI: Maddy Westbeld (Out) is on the injury report but outside the 3-game recency roster (last rostered 2026-07-12) ? long-term absentee, already excluded from the availability estimate
[INFO] player-layer: IND: Bree Hall (Out) is on the injury report but outside the 3-game recency roster (last rostered 2026-07-09) ? long-term absentee, already excluded from the availability estimate
[INFO] player-layer: PDX: Sania Feagin (Out) is on the injury report but outside the 3-game recency roster (last rostered 2026-07-16) ? long-term absentee, already excluded from the availability estimate
[INFO] player-layer: PHX: Jovana Nogic (Out) is on the injury report but outside the 3-game recency roster (last rostered 2026-06-17) ? long-term absentee, already excluded from the availability estimate
[WARN] player-layer: SEA: Taina Mair (Available) is outside the 3-game recency roster (last rostered 2026-07-28) but NOT Out ? a possible RETURN the recency roster cannot see; the availability estimate may understate tonight's rotation
[INFO] trend-staleness: ATL last played 2026-08-07 (9 days before the slate) ? trend features are that old (schedule gap, not a data failure: masters are current through yesterday)
[INFO] trend-staleness: CHI last played 2026-08-05 (11 days before the slate) ? trend features are that old (schedule gap, not a data failure: masters are current through yesterday)
[INFO] trend-staleness: IND last played 2026-08-06 (10 days before the slate) ? trend features are that old (schedule gap, not a data failure: masters are current through yesterday)
[INFO] trend-staleness: PDX last played 2026-08-06 (10 days before the slate) ? trend features are that old (schedule gap, not a data failure: masters are current through yesterday)
[INFO] trend-staleness: PHX last played 2026-08-07 (9 days before the slate) ? trend features are that old (schedule gap, not a data failure: masters are current through yesterday)
[INFO] trend-staleness: SEA last played 2026-08-05 (11 days before the slate) ? trend features are that old (schedule gap, not a data failure: masters are current through yesterday)
[INFO] chain: IND @ ATL: obligation (game 1022600261, unknown-tip, this model version) already served ? refused by the obligation guard (D-c: dedup no longer keys on the wall-clock cutoff); a second serving is the same decision re-timestamped, not a new prediction
[INFO] chain: PDX @ PHX: logged as NO_FORECAST (no event_time ? provenance incomplete)
[INFO] chain: CHI @ SEA: obligation (game 1022600259, unknown-tip, this model version) already served ? refused by the obligation guard (D-c: dedup no longer keys on the wall-clock cutoff); a second serving is the same decision re-timestamped, not a new prediction
OFFICIAL chain verified (forecast_log.jsonl): ok=True, n_records=78, tip_sha256=b254447f6791b9ad0c1e200f273da57ffad8e4c5ad6e02e076a26444af015129 — record these two values out of band; tail truncation is only detectable against an external anchor

wrote C:\Users\jgallagher\wnba-betting-model\experiments\forecast_dryrun\forecast_today.csv
wrote C:\Users\jgallagher\wnba-betting-model\experiments\forecast_dryrun\REPORT.md, feature_snapshot.csv, snapshot_manifest.json
chain: 1 logged, 2 already-served refused (obligation-keyed dedup, D-c), 0 failed writes

== slate ==
IND @ ATL tip unknown ET [unknown-tip] H 90.9 A 90.3 margin -0.5 total 181.2 | market spread n/a total None
PDX @ PHX tip unknown ET [unknown-tip] H 88.1 A 84.8 margin +3.2 total 173.0 | market spread n/a total None
CHI @ SEA tip unknown ET [unknown-tip] H 86.4 A 87.1 margin -1.6 total 173.5 | market spread n/a total None
[base] exit=0 
================================================================================================
PROSPECTIVE PAIR RUNNER  2026-08-17T02:00:10.191831+00:00  model=ridge_score_level_w2c1_v1 hash=5d295bb8b99cd34e
================================================================================================
base records in official chain: 78
  late_prevented #0 ATL v SEA @ T-8h                cutoff 2026-07-31T15:35:00+00:00 already passed at 2026-08-1
  late_prevented #1 WAS v DAL @ T-8h                cutoff 2026-07-31T15:35:00+00:00 already passed at 2026-08-1
  late_prevented #2 PDX v IND @ T-8h                cutoff 2026-07-31T18:06:00+00:00 already passed at 2026-08-1
  late_prevented #3 ATL v SEA @ T-30m               cutoff 2026-07-31T23:05:00+00:00 already passed at 2026-08-1
  late_prevented #4 WAS v DAL @ T-30m               cutoff 2026-07-31T23:05:00+00:00 already passed at 2026-08-1
  late_prevented #5 PDX v IND @ T-90m               cutoff 2026-08-01T00:36:00+00:00 already passed at 2026-08-1
  late_prevented #6 CHI v LVA @ T-90m               cutoff 2026-08-01T15:35:00+00:00 already passed at 2026-08-1
  late_prevented #7 PHX v NYL @ T-90m               cutoff 2026-08-01T17:34:00+00:00 already passed at 2026-08-1
  skip           #8 CHI v LVA @ unknown-tip         base record is an explicit no-forecast; nothing to pair
  skip           #9 PHX v NYL @ unknown-tip         base record is an explicit no-forecast; nothing to pair
  late_prevented #10 NYL v SEA @ T-8h               cutoff 2026-08-03T15:04:00+00:00 already passed at 2026-08-1
  late_prevented #11 ATL v LVA @ T-8h               cutoff 2026-08-03T15:14:00+00:00 already passed at 2026-08-1
  late_prevented #12 CHI v PHX @ T-8h               cutoff 2026-08-03T17:08:00+00:00 already passed at 2026-08-1
  already_logged #13 NYL v SEA @ T-90m              idempotent: pair exists
  already_logged #14 ATL v LVA @ T-90m              idempotent: pair exists
  already_logged #15 CHI v PHX @ T-90m              idempotent: pair exists
  already_logged #16 NYL v SEA @ T-90m              idempotent: pair exists
  already_logged #17 ATL v LVA @ T-90m              idempotent: pair exists
  already_logged #18 CHI v PHX @ T-90m              idempotent: pair exists
  late_prevented #19 NYL v SEA @ T-30m              cutoff 2026-08-03T22:34:00+00:00 already passed at 2026-08-1
  late_prevented #20 ATL v LVA @ T-30m              cutoff 2026-08-03T22:44:00+00:00 already passed at 2026-08-1
  already_logged #21 CHI v PHX @ T-90m              idempotent: pair exists
  already_logged #22 GSV v TOR @ T-8h               idempotent: pair exists
  already_logged #23 GSV v TOR @ T-90m              idempotent: pair exists
  already_logged #24 GSV v TOR @ T-30m              idempotent: pair exists
  already_logged #25 ATL v PHX @ T-8h               idempotent: pair exists
  already_logged #26 NYL v SEA @ T-8h               idempotent: pair exists
  already_logged #27 WAS v DAL @ T-8h               idempotent: pair exists
  already_logged #28 CHI v LAS @ T-8h               idempotent: pair exists
  already_logged #29 ATL v PHX @ T-90m              idempotent: pair exists
  already_logged #30 NYL v SEA @ T-90m              idempotent: pair exists
  already_logged #31 WAS v DAL @ T-90m              idempotent: pair exists
  already_logged #32 CHI v LAS @ T-90m              idempotent: pair exists
  late_prevented #33 ATL v PHX @ T-30m              cutoff 2026-08-05T22:33:00+00:00 already passed at 2026-08-1
  late_prevented #34 NYL v SEA @ T-30m              cutoff 2026-08-05T22:38:00+00:00 already passed at 2026-08-1
  already_logged #35 WAS v DAL @ T-30m              idempotent: pair exists
  already_logged #36 CHI v LAS @ T-90m              idempotent: pair exists
  already_logged #37 IND v LVA @ T-8h               idempotent: pair exists
  already_logged #38 MIN v LAS @ T-8h               idempotent: pair exists
  already_logged #39 PDX v TOR @ T-8h               idempotent: pair exists
  already_logged #40 IND v LVA @ T-90m              idempotent: pair exists
  already_logged #41 MIN v LAS @ T-90m              idempotent: pair exists
  already_logged #42 PDX v TOR @ T-90m              idempotent: pair exists
  late_prevented #43 IND v LVA @ T-30m              cutoff 2026-08-06T22:36:00+00:00 already passed at 2026-08-1
  already_logged #44 PDX v TOR @ T-30m              idempotent: pair exists
  already_logged #45 CON v PHX @ T-8h               idempotent: pair exists
  already_logged #46 WAS v ATL @ T-8h               idempotent: pair exists
  already_logged #47 DAL v GSV @ T-8h               idempotent: pair exists
  already_logged #48 CON v PHX @ T-90m              idempotent: pair exists
  already_logged #49 WAS v ATL @ T-90m              idempotent: pair exists
  already_logged #50 DAL v GSV @ T-90m              idempotent: pair exists
  already_logged #51 CON v PHX @ T-30m              idempotent: pair exists
  already_logged #52 WAS v ATL @ T-30m              idempotent: pair exists
  already_logged #53 DAL v GSV @ T-30m              idempotent: pair exists
  already_logged #54 MIN v LVA @ T-8h               idempotent: pair exists
  already_logged #55 CHI v IND @ T-8h               idempotent: pair exists
  already_logged #56 PDX v SEA @ T-8h               idempotent: pair exists
  already_logged #57 MIN v LVA @ T-90m              idempotent: pair exists
  late_prevented #58 CHI v IND @ T-8h               cutoff 2026-08-08T11:35:00+00:00 already passed at 2026-08-1
  already_logged #59 PDX v SEA @ T-8h               idempotent: pair exists
  already_logged #60 PDX v SEA @ T-90m              idempotent: pair exists
  skip           #61 CHI v IND @ unknown-tip        base record is an explicit no-forecast; nothing to pair
  skip           #62 MIN v LVA @ unknown-tip        base record is an explicit no-forecast; nothing to pair
  already_logged #63 PDX v SEA @ T-30m              idempotent: pair exists
  already_logged #64 WAS v LAS @ T-90m              idempotent: pair exists
  already_logged #65 LVA v MIN @ T-90m              idempotent: pair exists
  already_logged #66 WAS v LAS @ T-30m              idempotent: pair exists
  late_prevented #67 LVA v MIN @ T-90m              cutoff 2026-08-15T22:35:00+00:00 already passed at 2026-08-1
  skip           #68 CON v NYL @ unknown-tip        base record is an explicit no-forecast; nothing to pair
  late_prevented #69 LVA v MIN @ T-30m              cutoff 2026-08-15T23:35:00+00:00 already passed at 2026-08-1
  already_logged #70 ATL v IND @ T-90m              idempotent: pair exists
  already_logged #71 SEA v CHI @ T-90m              idempotent: pair exists
  already_logged #72 PHX v PDX @ T-90m              idempotent: pair exists
  already_logged #73 PHX v PDX @ T-30m              idempotent: pair exists
  late_prevented #74 PHX v PDX @ T-30m              cutoff 2026-08-16T22:38:00+00:00 already passed at 2026-08-1
  skip           #75 ATL v IND @ unknown-tip        base record is an explicit no-forecast; nothing to pair
  skip           #76 SEA v CHI @ unknown-tip        base record is an explicit no-forecast; nothing to pair
  skip           #77 PHX v PDX @ unknown-tip        base record is an explicit no-forecast; nothing to pair

  already_logged=50, late_prevented=20, skip=8
  arm chain: ok=True n=45 tip=ed3d0ca9d3a991c1
  receipt appended to prospective_pair_runs.jsonl
[arm] exit=0 
====================================================================================================
FORECAST COVERAGE AUDIT   generated 2026-08-17T02:00:12.161359+00:00
====================================================================================================

CUMULATIVE by classification
  missing_job_did_not_run      66
  forecast_logged              56
  not_yet_due                  19
  before_period_start          15
  missing_data_unavailable     11
  late_record                  5

  obligations 172 | due 138 | served 56 | coverage 40.6%
  operational misses 66 | unexplained 0
  PROMOTION-GRADE: NO   (needs >= 95% served, <= 0 operational misses, all explained)

DAILY
  date         oblig  served     due     excl    opmiss arm_recs
  2026-07-30      12       0       0       12         0        0
  2026-07-31      12       6       9        3         0        0
  2026-08-01       8       2       8        0         6        0
  2026-08-02      16       0      16        0        16        0
  2026-08-03      12       6      12        0         3        3
  2026-08-04       4       3       4        0         1        3
  2026-08-05      16       9      16        0         4        9
  2026-08-06      12       7      12        0         3        7
  2026-08-07      12       9      12        0         3        9
  2026-08-08      12       6      12        0         3        4
  2026-08-09      16       0      16        0        16        0
  2026-08-15       8       4       8        0         4        1
  2026-08-16      12       4      12        0         6        0
  2026-08-17       4       0       1        3         1        0
  2026-08-18      16       0       0       16         0        0

EVERY MISSING OR IRREGULAR OBLIGATION (each must carry an explanation)
  2026-07-31 ATL v SEA T-90m   missing_data_unavailable   job served 1 other game(s) on 2026-07-31 at T-90m
  2026-07-31 WAS v DAL T-90m   missing_data_unavailable   job served 1 other game(s) on 2026-07-31 at T-90m
  2026-07-31 PDX v IND T-30m   missing_data_unavailable   job served 2 other game(s) on 2026-07-31 at T-30m
  2026-08-01 CHI v LVA T-24h   missing_job_did_not_run    no base record for ANY game on 2026-08-01 at T-24h
  2026-08-01 CHI v LVA T-8h    missing_job_did_not_run    no base record for ANY game on 2026-08-01 at T-8h
  2026-08-01 CHI v LVA T-30m   missing_job_did_not_run    no base record for ANY game on 2026-08-01 at T-30m
  2026-08-01 PHX v NYL T-24h   missing_job_did_not_run    no base record for ANY game on 2026-08-01 at T-24h
  2026-08-01 PHX v NYL T-8h    missing_job_did_not_run    no base record for ANY game on 2026-08-01 at T-8h
  2026-08-01 PHX v NYL T-30m   missing_job_did_not_run    no base record for ANY game on 2026-08-01 at T-30m
  2026-08-02 DAL v CON T-24h   missing_job_did_not_run    no base record for ANY game on 2026-08-02 at T-24h
  2026-08-02 DAL v CON T-8h    missing_job_did_not_run    no base record for ANY game on 2026-08-02 at T-8h
  2026-08-02 DAL v CON T-90m   missing_job_did_not_run    no base record for ANY game on 2026-08-02 at T-90m
  2026-08-02 DAL v CON T-30m   missing_job_did_not_run    no base record for ANY game on 2026-08-02 at T-30m
  2026-08-02 GSV v TOR T-24h   missing_job_did_not_run    no base record for ANY game on 2026-08-02 at T-24h
  2026-08-02 GSV v TOR T-8h    missing_job_did_not_run    no base record for ANY game on 2026-08-02 at T-8h
  2026-08-02 GSV v TOR T-90m   missing_job_did_not_run    no base record for ANY game on 2026-08-02 at T-90m
  2026-08-02 GSV v TOR T-30m   missing_job_did_not_run    no base record for ANY game on 2026-08-02 at T-30m
  2026-08-02 MIN v IND T-24h   missing_job_did_not_run    no base record for ANY game on 2026-08-02 at T-24h
  2026-08-02 MIN v IND T-8h    missing_job_did_not_run    no base record for ANY game on 2026-08-02 at T-8h
  2026-08-02 MIN v IND T-90m   missing_job_did_not_run    no base record for ANY game on 2026-08-02 at T-90m
  2026-08-02 MIN v IND T-30m   missing_job_did_not_run    no base record for ANY game on 2026-08-02 at T-30m
  2026-08-02 PDX v LAS T-24h   missing_job_did_not_run    no base record for ANY game on 2026-08-02 at T-24h
  2026-08-02 PDX v LAS T-8h    missing_job_did_not_run    no base record for ANY game on 2026-08-02 at T-8h
  2026-08-02 PDX v LAS T-90m   missing_job_did_not_run    no base record for ANY game on 2026-08-02 at T-90m
  2026-08-02 PDX v LAS T-30m   missing_job_did_not_run    no base record for ANY game on 2026-08-02 at T-30m
  2026-08-03 NYL v SEA T-24h   missing_job_did_not_run    no base record for ANY game on 2026-08-03 at T-24h
  2026-08-03 NYL v SEA T-30m   late_record                created 2026-08-03T22:45:08.958486+00:00 after cutoff
  2026-08-03 ATL v LVA T-24h   missing_job_did_not_run    no base record for ANY game on 2026-08-03 at T-24h
  2026-08-03 ATL v LVA T-30m   late_record                created 2026-08-03T22:45:08.976775+00:00 after cutoff
  2026-08-03 CHI v PHX T-24h   missing_job_did_not_run    no base record for ANY game on 2026-08-03 at T-24h
  2026-08-03 CHI v PHX T-30m   missing_data_unavailable   job served 2 other game(s) on 2026-08-03 at T-30m
  2026-08-04 GSV v TOR T-24h   missing_job_did_not_run    no base record for ANY game on 2026-08-04 at T-24h
  2026-08-05 WAS v DAL T-24h   missing_job_did_not_run    no base record for ANY game on 2026-08-05 at T-24h
  2026-08-05 NYL v SEA T-24h   missing_job_did_not_run    no base record for ANY game on 2026-08-05 at T-24h
  2026-08-05 NYL v SEA T-30m   late_record                created 2026-08-05T22:45:07.299457+00:00 after cutoff
  2026-08-05 ATL v PHX T-24h   missing_job_did_not_run    no base record for ANY game on 2026-08-05 at T-24h
  2026-08-05 ATL v PHX T-30m   late_record                created 2026-08-05T22:45:07.274521+00:00 after cutoff
  2026-08-05 CHI v LAS T-24h   missing_job_did_not_run    no base record for ANY game on 2026-08-05 at T-24h
  2026-08-05 CHI v LAS T-30m   missing_data_unavailable   job served 3 other game(s) on 2026-08-05 at T-30m
  2026-08-06 IND v LVA T-24h   missing_job_did_not_run    no base record for ANY game on 2026-08-06 at T-24h
  2026-08-06 IND v LVA T-30m   late_record                created 2026-08-06T22:45:09.382682+00:00 after cutoff
  2026-08-06 PDX v TOR T-24h   missing_job_did_not_run    no base record for ANY game on 2026-08-06 at T-24h
  2026-08-06 MIN v LAS T-24h   missing_job_did_not_run    no base record for ANY game on 2026-08-06 at T-24h
  2026-08-06 MIN v LAS T-30m   missing_data_unavailable   job served 2 other game(s) on 2026-08-06 at T-30m
  2026-08-07 WAS v ATL T-24h   missing_job_did_not_run    no base record for ANY game on 2026-08-07 at T-24h
  2026-08-07 CON v PHX T-24h   missing_job_did_not_run    no base record for ANY game on 2026-08-07 at T-24h
  2026-08-07 DAL v GSV T-24h   missing_job_did_not_run    no base record for ANY game on 2026-08-07 at T-24h
  2026-08-08 CHI v IND T-24h   missing_job_did_not_run    no base record for ANY game on 2026-08-08 at T-24h
  2026-08-08 CHI v IND T-90m   missing_data_unavailable   job served 2 other game(s) on 2026-08-08 at T-90m
  2026-08-08 CHI v IND T-30m   missing_data_unavailable   job served 1 other game(s) on 2026-08-08 at T-30m
  2026-08-08 MIN v LVA T-24h   missing_job_did_not_run    no base record for ANY game on 2026-08-08 at T-24h
  2026-08-08 MIN v LVA T-30m   missing_data_unavailable   job served 1 other game(s) on 2026-08-08 at T-30m
  2026-08-08 PDX v SEA T-24h   missing_job_did_not_run    no base record for ANY game on 2026-08-08 at T-24h
  2026-08-09 WAS v PHX T-24h   missing_job_did_not_run    no base record for ANY game on 2026-08-09 at T-24h
  2026-08-09 WAS v PHX T-8h    missing_job_did_not_run    no base record for ANY game on 2026-08-09 at T-8h
  2026-08-09 WAS v PHX T-90m   missing_job_did_not_run    no base record for ANY game on 2026-08-09 at T-90m
  2026-08-09 WAS v PHX T-30m   missing_job_did_not_run    no base record for ANY game on 2026-08-09 at T-30m
  2026-08-09 LAS v GSV T-24h   missing_job_did_not_run    no base record for ANY game on 2026-08-09 at T-24h
  2026-08-09 LAS v GSV T-8h    missing_job_did_not_run    no base record for ANY game on 2026-08-09 at T-8h
  2026-08-09 LAS v GSV T-90m   missing_job_did_not_run    no base record for ANY game on 2026-08-09 at T-90m
  2026-08-09 LAS v GSV T-30m   missing_job_did_not_run    no base record for ANY game on 2026-08-09 at T-30m
  2026-08-09 NYL v LVA T-24h   missing_job_did_not_run    no base record for ANY game on 2026-08-09 at T-24h
  2026-08-09 NYL v LVA T-8h    missing_job_did_not_run    no base record for ANY game on 2026-08-09 at T-8h
  2026-08-09 NYL v LVA T-90m   missing_job_did_not_run    no base record for ANY game on 2026-08-09 at T-90m
  2026-08-09 NYL v LVA T-30m   missing_job_did_not_run    no base record for ANY game on 2026-08-09 at T-30m
  2026-08-09 MIN v DAL T-24h   missing_job_did_not_run    no base record for ANY game on 2026-08-09 at T-24h
  2026-08-09 MIN v DAL T-8h    missing_job_did_not_run    no base record for ANY game on 2026-08-09 at T-8h
  2026-08-09 MIN v DAL T-90m   missing_job_did_not_run    no base record for ANY game on 2026-08-09 at T-90m
  2026-08-09 MIN v DAL T-30m   missing_job_did_not_run    no base record for ANY game on 2026-08-09 at T-30m
  2026-08-15 WAS v LAS T-24h   missing_job_did_not_run    no base record for ANY game on 2026-08-15 at T-24h
  2026-08-15 WAS v LAS T-8h    missing_job_did_not_run    no base record for ANY game on 2026-08-15 at T-8h
  2026-08-15 LVA v MIN T-24h   missing_job_did_not_run    no base record for ANY game on 2026-08-15 at T-24h
  2026-08-15 LVA v MIN T-8h    missing_job_did_not_run    no base record for ANY game on 2026-08-15 at T-8h
  2026-08-16 ATL v IND T-24h   missing_job_did_not_run    no base record for ANY game on 2026-08-16 at T-24h
  2026-08-16 ATL v IND T-8h    missing_job_did_not_run    no base record for ANY game on 2026-08-16 at T-8h
  2026-08-16 ATL v IND T-30m   missing_data_unavailable   job served 1 other game(s) on 2026-08-16 at T-30m
  2026-08-16 SEA v CHI T-24h   missing_job_did_not_run    no base record for ANY game on 2026-08-16 at T-24h
  2026-08-16 SEA v CHI T-8h    missing_job_did_not_run    no base record for ANY game on 2026-08-16 at T-8h
  2026-08-16 SEA v CHI T-30m   missing_data_unavailable   job served 1 other game(s) on 2026-08-16 at T-30m
  2026-08-16 PHX v PDX T-24h   missing_job_did_not_run    no base record for ANY game on 2026-08-16 at T-24h
  2026-08-16 PHX v PDX T-8h    missing_job_did_not_run    no base record for ANY game on 2026-08-16 at T-8h
  2026-08-17 GSV v DAL T-24h   missing_job_did_not_run    no base record for ANY game on 2026-08-17 at T-24h

wrote forecasts/coverage_audit.csv and forecasts/coverage_receipt.json
[audit] exit=0 
==== Sun 08/16/2026 22:15:02.91 ==== 
[gate] 2026-08-17T02:15:04.147257+00:00  fire=False  -- no unserved obligation inside its 20-minute lead window (5 upcoming game(s) examined); 5 slate game(s) have no official game_id and were served under a provisional id: GSV v DAL (2026-08-17) -> PROV-2026-08-17-DAL@GSV, CON v LAS (2026-08-18) -> PROV-2026-08-18-LAS@CON, TOR v IND (2026-08-18) -> PROV-2026-08-18-IND@TOR, LVA v ATL (2026-08-18) -> PROV-2026-08-18-ATL@LVA, CHI v NYL (2026-08-18) -> PROV-2026-08-18-NYL@CHI
       GSV v DAL      T-24h   unserved cutoff 2026-08-17T02:00:00 (-15 min) 
       CON v LAS      T-24h   unserved cutoff 2026-08-17T23:00:00 (+1245 min) 
       TOR v IND      T-24h   unserved cutoff 2026-08-17T23:00:00 (+1245 min) 
       LVA v ATL      T-24h   unserved cutoff 2026-08-18T02:00:00 (+1425 min) 
       CHI v NYL      T-24h   unserved cutoff 2026-08-18T01:00:00 (+1365 min) 
[gate] skipping the base job
[base] skipped - no unserved obligation in its lead window 
[base] exit=0 
================================================================================================
PROSPECTIVE PAIR RUNNER  2026-08-17T02:15:05.686165+00:00  model=ridge_score_level_w2c1_v1 hash=5d295bb8b99cd34e
================================================================================================
base records in official chain: 78
  late_prevented #0 ATL v SEA @ T-8h                cutoff 2026-07-31T15:35:00+00:00 already passed at 2026-08-1
  late_prevented #1 WAS v DAL @ T-8h                cutoff 2026-07-31T15:35:00+00:00 already passed at 2026-08-1
  late_prevented #2 PDX v IND @ T-8h                cutoff 2026-07-31T18:06:00+00:00 already passed at 2026-08-1
  late_prevented #3 ATL v SEA @ T-30m               cutoff 2026-07-31T23:05:00+00:00 already passed at 2026-08-1
  late_prevented #4 WAS v DAL @ T-30m               cutoff 2026-07-31T23:05:00+00:00 already passed at 2026-08-1
  late_prevented #5 PDX v IND @ T-90m               cutoff 2026-08-01T00:36:00+00:00 already passed at 2026-08-1
  late_prevented #6 CHI v LVA @ T-90m               cutoff 2026-08-01T15:35:00+00:00 already passed at 2026-08-1
  late_prevented #7 PHX v NYL @ T-90m               cutoff 2026-08-01T17:34:00+00:00 already passed at 2026-08-1
  skip           #8 CHI v LVA @ unknown-tip         base record is an explicit no-forecast; nothing to pair
  skip           #9 PHX v NYL @ unknown-tip         base record is an explicit no-forecast; nothing to pair
  late_prevented #10 NYL v SEA @ T-8h               cutoff 2026-08-03T15:04:00+00:00 already passed at 2026-08-1
  late_prevented #11 ATL v LVA @ T-8h               cutoff 2026-08-03T15:14:00+00:00 already passed at 2026-08-1
  late_prevented #12 CHI v PHX @ T-8h               cutoff 2026-08-03T17:08:00+00:00 already passed at 2026-08-1
  already_logged #13 NYL v SEA @ T-90m              idempotent: pair exists
  already_logged #14 ATL v LVA @ T-90m              idempotent: pair exists
  already_logged #15 CHI v PHX @ T-90m              idempotent: pair exists
  already_logged #16 NYL v SEA @ T-90m              idempotent: pair exists
  already_logged #17 ATL v LVA @ T-90m              idempotent: pair exists
  already_logged #18 CHI v PHX @ T-90m              idempotent: pair exists
  late_prevented #19 NYL v SEA @ T-30m              cutoff 2026-08-03T22:34:00+00:00 already passed at 2026-08-1
  late_prevented #20 ATL v LVA @ T-30m              cutoff 2026-08-03T22:44:00+00:00 already passed at 2026-08-1
  already_logged #21 CHI v PHX @ T-90m              idempotent: pair exists
  already_logged #22 GSV v TOR @ T-8h               idempotent: pair exists
  already_logged #23 GSV v TOR @ T-90m              idempotent: pair exists
  already_logged #24 GSV v TOR @ T-30m              idempotent: pair exists
  already_logged #25 ATL v PHX @ T-8h               idempotent: pair exists
  already_logged #26 NYL v SEA @ T-8h               idempotent: pair exists
  already_logged #27 WAS v DAL @ T-8h               idempotent: pair exists
  already_logged #28 CHI v LAS @ T-8h               idempotent: pair exists
  already_logged #29 ATL v PHX @ T-90m              idempotent: pair exists
  already_logged #30 NYL v SEA @ T-90m              idempotent: pair exists
  already_logged #31 WAS v DAL @ T-90m              idempotent: pair exists
  already_logged #32 CHI v LAS @ T-90m              idempotent: pair exists
  late_prevented #33 ATL v PHX @ T-30m              cutoff 2026-08-05T22:33:00+00:00 already passed at 2026-08-1
  late_prevented #34 NYL v SEA @ T-30m              cutoff 2026-08-05T22:38:00+00:00 already passed at 2026-08-1
  already_logged #35 WAS v DAL @ T-30m              idempotent: pair exists
  already_logged #36 CHI v LAS @ T-90m              idempotent: pair exists
  already_logged #37 IND v LVA @ T-8h               idempotent: pair exists
  already_logged #38 MIN v LAS @ T-8h               idempotent: pair exists
  already_logged #39 PDX v TOR @ T-8h               idempotent: pair exists
  already_logged #40 IND v LVA @ T-90m              idempotent: pair exists
  already_logged #41 MIN v LAS @ T-90m              idempotent: pair exists
  already_logged #42 PDX v TOR @ T-90m              idempotent: pair exists
  late_prevented #43 IND v LVA @ T-30m              cutoff 2026-08-06T22:36:00+00:00 already passed at 2026-08-1
  already_logged #44 PDX v TOR @ T-30m              idempotent: pair exists
  already_logged #45 CON v PHX @ T-8h               idempotent: pair exists
  already_logged #46 WAS v ATL @ T-8h               idempotent: pair exists
  already_logged #47 DAL v GSV @ T-8h               idempotent: pair exists
  already_logged #48 CON v PHX @ T-90m              idempotent: pair exists
  already_logged #49 WAS v ATL @ T-90m              idempotent: pair exists
  already_logged #50 DAL v GSV @ T-90m              idempotent: pair exists
  already_logged #51 CON v PHX @ T-30m              idempotent: pair exists
  already_logged #52 WAS v ATL @ T-30m              idempotent: pair exists
  already_logged #53 DAL v GSV @ T-30m              idempotent: pair exists
  already_logged #54 MIN v LVA @ T-8h               idempotent: pair exists
  already_logged #55 CHI v IND @ T-8h               idempotent: pair exists
  already_logged #56 PDX v SEA @ T-8h               idempotent: pair exists
  already_logged #57 MIN v LVA @ T-90m              idempotent: pair exists
  late_prevented #58 CHI v IND @ T-8h               cutoff 2026-08-08T11:35:00+00:00 already passed at 2026-08-1
  already_logged #59 PDX v SEA @ T-8h               idempotent: pair exists
  already_logged #60 PDX v SEA @ T-90m              idempotent: pair exists
  skip           #61 CHI v IND @ unknown-tip        base record is an explicit no-forecast; nothing to pair
  skip           #62 MIN v LVA @ unknown-tip        base record is an explicit no-forecast; nothing to pair
  already_logged #63 PDX v SEA @ T-30m              idempotent: pair exists
  already_logged #64 WAS v LAS @ T-90m              idempotent: pair exists
  already_logged #65 LVA v MIN @ T-90m              idempotent: pair exists
  already_logged #66 WAS v LAS @ T-30m              idempotent: pair exists
  late_prevented #67 LVA v MIN @ T-90m              cutoff 2026-08-15T22:35:00+00:00 already passed at 2026-08-1
  skip           #68 CON v NYL @ unknown-tip        base record is an explicit no-forecast; nothing to pair
  late_prevented #69 LVA v MIN @ T-30m              cutoff 2026-08-15T23:35:00+00:00 already passed at 2026-08-1
  already_logged #70 ATL v IND @ T-90m              idempotent: pair exists
  already_logged #71 SEA v CHI @ T-90m              idempotent: pair exists
  already_logged #72 PHX v PDX @ T-90m              idempotent: pair exists
  already_logged #73 PHX v PDX @ T-30m              idempotent: pair exists
  late_prevented #74 PHX v PDX @ T-30m              cutoff 2026-08-16T22:38:00+00:00 already passed at 2026-08-1
  skip           #75 ATL v IND @ unknown-tip        base record is an explicit no-forecast; nothing to pair
  skip           #76 SEA v CHI @ unknown-tip        base record is an explicit no-forecast; nothing to pair
  skip           #77 PHX v PDX @ unknown-tip        base record is an explicit no-forecast; nothing to pair

  already_logged=50, late_prevented=20, skip=8
  arm chain: ok=True n=45 tip=ed3d0ca9d3a991c1
  receipt appended to prospective_pair_runs.jsonl
[arm] exit=0 
====================================================================================================
FORECAST COVERAGE AUDIT   generated 2026-08-17T02:15:07.547885+00:00
====================================================================================================

CUMULATIVE by classification
  missing_job_did_not_run      66
  forecast_logged              56
  not_yet_due                  19
  before_period_start          15
  missing_data_unavailable     11
  late_record                  5

  obligations 172 | due 138 | served 56 | coverage 40.6%
  operational misses 66 | unexplained 0
  PROMOTION-GRADE: NO   (needs >= 95% served, <= 0 operational misses, all explained)

DAILY
  date         oblig  served     due     excl    opmiss arm_recs
  2026-07-30      12       0       0       12         0        0
  2026-07-31      12       6       9        3         0        0
  2026-08-01       8       2       8        0         6        0
  2026-08-02      16       0      16        0        16        0
  2026-08-03      12       6      12        0         3        3
  2026-08-04       4       3       4        0         1        3
  2026-08-05      16       9      16        0         4        9
  2026-08-06      12       7      12        0         3        7
  2026-08-07      12       9      12        0         3        9
  2026-08-08      12       6      12        0         3        4
  2026-08-09      16       0      16        0        16        0
  2026-08-15       8       4       8        0         4        1
  2026-08-16      12       4      12        0         6        0
  2026-08-17       4       0       1        3         1        0
  2026-08-18      16       0       0       16         0        0

EVERY MISSING OR IRREGULAR OBLIGATION (each must carry an explanation)
  2026-07-31 ATL v SEA T-90m   missing_data_unavailable   job served 1 other game(s) on 2026-07-31 at T-90m
  2026-07-31 WAS v DAL T-90m   missing_data_unavailable   job served 1 other game(s) on 2026-07-31 at T-90m
  2026-07-31 PDX v IND T-30m   missing_data_unavailable   job served 2 other game(s) on 2026-07-31 at T-30m
  2026-08-01 CHI v LVA T-24h   missing_job_did_not_run    no base record for ANY game on 2026-08-01 at T-24h
  2026-08-01 CHI v LVA T-8h    missing_job_did_not_run    no base record for ANY game on 2026-08-01 at T-8h
  2026-08-01 CHI v LVA T-30m   missing_job_did_not_run    no base record for ANY game on 2026-08-01 at T-30m
  2026-08-01 PHX v NYL T-24h   missing_job_did_not_run    no base record for ANY game on 2026-08-01 at T-24h
  2026-08-01 PHX v NYL T-8h    missing_job_did_not_run    no base record for ANY game on 2026-08-01 at T-8h
  2026-08-01 PHX v NYL T-30m   missing_job_did_not_run    no base record for ANY game on 2026-08-01 at T-30m
  2026-08-02 DAL v CON T-24h   missing_job_did_not_run    no base record for ANY game on 2026-08-02 at T-24h
  2026-08-02 DAL v CON T-8h    missing_job_did_not_run    no base record for ANY game on 2026-08-02 at T-8h
  2026-08-02 DAL v CON T-90m   missing_job_did_not_run    no base record for ANY game on 2026-08-02 at T-90m
  2026-08-02 DAL v CON T-30m   missing_job_did_not_run    no base record for ANY game on 2026-08-02 at T-30m
  2026-08-02 GSV v TOR T-24h   missing_job_did_not_run    no base record for ANY game on 2026-08-02 at T-24h
  2026-08-02 GSV v TOR T-8h    missing_job_did_not_run    no base record for ANY game on 2026-08-02 at T-8h
  2026-08-02 GSV v TOR T-90m   missing_job_did_not_run    no base record for ANY game on 2026-08-02 at T-90m
  2026-08-02 GSV v TOR T-30m   missing_job_did_not_run    no base record for ANY game on 2026-08-02 at T-30m
  2026-08-02 MIN v IND T-24h   missing_job_did_not_run    no base record for ANY game on 2026-08-02 at T-24h
  2026-08-02 MIN v IND T-8h    missing_job_did_not_run    no base record for ANY game on 2026-08-02 at T-8h
  2026-08-02 MIN v IND T-90m   missing_job_did_not_run    no base record for ANY game on 2026-08-02 at T-90m
  2026-08-02 MIN v IND T-30m   missing_job_did_not_run    no base record for ANY game on 2026-08-02 at T-30m
  2026-08-02 PDX v LAS T-24h   missing_job_did_not_run    no base record for ANY game on 2026-08-02 at T-24h
  2026-08-02 PDX v LAS T-8h    missing_job_did_not_run    no base record for ANY game on 2026-08-02 at T-8h
  2026-08-02 PDX v LAS T-90m   missing_job_did_not_run    no base record for ANY game on 2026-08-02 at T-90m
  2026-08-02 PDX v LAS T-30m   missing_job_did_not_run    no base record for ANY game on 2026-08-02 at T-30m
  2026-08-03 NYL v SEA T-24h   missing_job_did_not_run    no base record for ANY game on 2026-08-03 at T-24h
  2026-08-03 NYL v SEA T-30m   late_record                created 2026-08-03T22:45:08.958486+00:00 after cutoff
  2026-08-03 ATL v LVA T-24h   missing_job_did_not_run    no base record for ANY game on 2026-08-03 at T-24h
  2026-08-03 ATL v LVA T-30m   late_record                created 2026-08-03T22:45:08.976775+00:00 after cutoff
  2026-08-03 CHI v PHX T-24h   missing_job_did_not_run    no base record for ANY game on 2026-08-03 at T-24h
  2026-08-03 CHI v PHX T-30m   missing_data_unavailable   job served 2 other game(s) on 2026-08-03 at T-30m
  2026-08-04 GSV v TOR T-24h   missing_job_did_not_run    no base record for ANY game on 2026-08-04 at T-24h
  2026-08-05 WAS v DAL T-24h   missing_job_did_not_run    no base record for ANY game on 2026-08-05 at T-24h
  2026-08-05 NYL v SEA T-24h   missing_job_did_not_run    no base record for ANY game on 2026-08-05 at T-24h
  2026-08-05 NYL v SEA T-30m   late_record                created 2026-08-05T22:45:07.299457+00:00 after cutoff
  2026-08-05 ATL v PHX T-24h   missing_job_did_not_run    no base record for ANY game on 2026-08-05 at T-24h
  2026-08-05 ATL v PHX T-30m   late_record                created 2026-08-05T22:45:07.274521+00:00 after cutoff
  2026-08-05 CHI v LAS T-24h   missing_job_did_not_run    no base record for ANY game on 2026-08-05 at T-24h
  2026-08-05 CHI v LAS T-30m   missing_data_unavailable   job served 3 other game(s) on 2026-08-05 at T-30m
  2026-08-06 IND v LVA T-24h   missing_job_did_not_run    no base record for ANY game on 2026-08-06 at T-24h
  2026-08-06 IND v LVA T-30m   late_record                created 2026-08-06T22:45:09.382682+00:00 after cutoff
  2026-08-06 PDX v TOR T-24h   missing_job_did_not_run    no base record for ANY game on 2026-08-06 at T-24h
  2026-08-06 MIN v LAS T-24h   missing_job_did_not_run    no base record for ANY game on 2026-08-06 at T-24h
  2026-08-06 MIN v LAS T-30m   missing_data_unavailable   job served 2 other game(s) on 2026-08-06 at T-30m
  2026-08-07 WAS v ATL T-24h   missing_job_did_not_run    no base record for ANY game on 2026-08-07 at T-24h
  2026-08-07 CON v PHX T-24h   missing_job_did_not_run    no base record for ANY game on 2026-08-07 at T-24h
  2026-08-07 DAL v GSV T-24h   missing_job_did_not_run    no base record for ANY game on 2026-08-07 at T-24h
  2026-08-08 CHI v IND T-24h   missing_job_did_not_run    no base record for ANY game on 2026-08-08 at T-24h
  2026-08-08 CHI v IND T-90m   missing_data_unavailable   job served 2 other game(s) on 2026-08-08 at T-90m
  2026-08-08 CHI v IND T-30m   missing_data_unavailable   job served 1 other game(s) on 2026-08-08 at T-30m
  2026-08-08 MIN v LVA T-24h   missing_job_did_not_run    no base record for ANY game on 2026-08-08 at T-24h
  2026-08-08 MIN v LVA T-30m   missing_data_unavailable   job served 1 other game(s) on 2026-08-08 at T-30m
  2026-08-08 PDX v SEA T-24h   missing_job_did_not_run    no base record for ANY game on 2026-08-08 at T-24h
  2026-08-09 WAS v PHX T-24h   missing_job_did_not_run    no base record for ANY game on 2026-08-09 at T-24h
  2026-08-09 WAS v PHX T-8h    missing_job_did_not_run    no base record for ANY game on 2026-08-09 at T-8h
  2026-08-09 WAS v PHX T-90m   missing_job_did_not_run    no base record for ANY game on 2026-08-09 at T-90m
  2026-08-09 WAS v PHX T-30m   missing_job_did_not_run    no base record for ANY game on 2026-08-09 at T-30m
  2026-08-09 LAS v GSV T-24h   missing_job_did_not_run    no base record for ANY game on 2026-08-09 at T-24h
  2026-08-09 LAS v GSV T-8h    missing_job_did_not_run    no base record for ANY game on 2026-08-09 at T-8h
  2026-08-09 LAS v GSV T-90m   missing_job_did_not_run    no base record for ANY game on 2026-08-09 at T-90m
  2026-08-09 LAS v GSV T-30m   missing_job_did_not_run    no base record for ANY game on 2026-08-09 at T-30m
  2026-08-09 NYL v LVA T-24h   missing_job_did_not_run    no base record for ANY game on 2026-08-09 at T-24h
  2026-08-09 NYL v LVA T-8h    missing_job_did_not_run    no base record for ANY game on 2026-08-09 at T-8h
  2026-08-09 NYL v LVA T-90m   missing_job_did_not_run    no base record for ANY game on 2026-08-09 at T-90m
  2026-08-09 NYL v LVA T-30m   missing_job_did_not_run    no base record for ANY game on 2026-08-09 at T-30m
  2026-08-09 MIN v DAL T-24h   missing_job_did_not_run    no base record for ANY game on 2026-08-09 at T-24h
  2026-08-09 MIN v DAL T-8h    missing_job_did_not_run    no base record for ANY game on 2026-08-09 at T-8h
  2026-08-09 MIN v DAL T-90m   missing_job_did_not_run    no base record for ANY game on 2026-08-09 at T-90m
  2026-08-09 MIN v DAL T-30m   missing_job_did_not_run    no base record for ANY game on 2026-08-09 at T-30m
  2026-08-15 WAS v LAS T-24h   missing_job_did_not_run    no base record for ANY game on 2026-08-15 at T-24h
  2026-08-15 WAS v LAS T-8h    missing_job_did_not_run    no base record for ANY game on 2026-08-15 at T-8h
  2026-08-15 LVA v MIN T-24h   missing_job_did_not_run    no base record for ANY game on 2026-08-15 at T-24h
  2026-08-15 LVA v MIN T-8h    missing_job_did_not_run    no base record for ANY game on 2026-08-15 at T-8h
  2026-08-16 ATL v IND T-24h   missing_job_did_not_run    no base record for ANY game on 2026-08-16 at T-24h
  2026-08-16 ATL v IND T-8h    missing_job_did_not_run    no base record for ANY game on 2026-08-16 at T-8h
  2026-08-16 ATL v IND T-30m   missing_data_unavailable   job served 1 other game(s) on 2026-08-16 at T-30m
  2026-08-16 SEA v CHI T-24h   missing_job_did_not_run    no base record for ANY game on 2026-08-16 at T-24h
  2026-08-16 SEA v CHI T-8h    missing_job_did_not_run    no base record for ANY game on 2026-08-16 at T-8h
  2026-08-16 SEA v CHI T-30m   missing_data_unavailable   job served 1 other game(s) on 2026-08-16 at T-30m
  2026-08-16 PHX v PDX T-24h   missing_job_did_not_run    no base record for ANY game on 2026-08-16 at T-24h
  2026-08-16 PHX v PDX T-8h    missing_job_did_not_run    no base record for ANY game on 2026-08-16 at T-8h
  2026-08-17 GSV v DAL T-24h   missing_job_did_not_run    no base record for ANY game on 2026-08-17 at T-24h

wrote forecasts/coverage_audit.csv and forecasts/coverage_receipt.json
[audit] exit=0 
==== Sun 08/16/2026 22:30:02.88 ==== 
[gate] 2026-08-17T02:30:04.095270+00:00  fire=False  -- no unserved obligation inside its 20-minute lead window (5 upcoming game(s) examined); 5 slate game(s) have no official game_id and were served under a provisional id: GSV v DAL (2026-08-17) -> PROV-2026-08-17-DAL@GSV, CON v LAS (2026-08-18) -> PROV-2026-08-18-LAS@CON, TOR v IND (2026-08-18) -> PROV-2026-08-18-IND@TOR, LVA v ATL (2026-08-18) -> PROV-2026-08-18-ATL@LVA, CHI v NYL (2026-08-18) -> PROV-2026-08-18-NYL@CHI
       GSV v DAL      T-24h   unserved cutoff 2026-08-17T02:00:00 (-30 min) 
       CON v LAS      T-24h   unserved cutoff 2026-08-17T23:00:00 (+1230 min) 
       TOR v IND      T-24h   unserved cutoff 2026-08-17T23:00:00 (+1230 min) 
       LVA v ATL      T-24h   unserved cutoff 2026-08-18T02:00:00 (+1410 min) 
       CHI v NYL      T-24h   unserved cutoff 2026-08-18T01:00:00 (+1350 min) 
[gate] skipping the base job
[base] skipped - no unserved obligation in its lead window 
[base] exit=0 
================================================================================================
PROSPECTIVE PAIR RUNNER  2026-08-17T02:30:05.671607+00:00  model=ridge_score_level_w2c1_v1 hash=5d295bb8b99cd34e
================================================================================================
base records in official chain: 78
  late_prevented #0 ATL v SEA @ T-8h                cutoff 2026-07-31T15:35:00+00:00 already passed at 2026-08-1
  late_prevented #1 WAS v DAL @ T-8h                cutoff 2026-07-31T15:35:00+00:00 already passed at 2026-08-1
  late_prevented #2 PDX v IND @ T-8h                cutoff 2026-07-31T18:06:00+00:00 already passed at 2026-08-1
  late_prevented #3 ATL v SEA @ T-30m               cutoff 2026-07-31T23:05:00+00:00 already passed at 2026-08-1
  late_prevented #4 WAS v DAL @ T-30m               cutoff 2026-07-31T23:05:00+00:00 already passed at 2026-08-1
  late_prevented #5 PDX v IND @ T-90m               cutoff 2026-08-01T00:36:00+00:00 already passed at 2026-08-1
  late_prevented #6 CHI v LVA @ T-90m               cutoff 2026-08-01T15:35:00+00:00 already passed at 2026-08-1
  late_prevented #7 PHX v NYL @ T-90m               cutoff 2026-08-01T17:34:00+00:00 already passed at 2026-08-1
  skip           #8 CHI v LVA @ unknown-tip         base record is an explicit no-forecast; nothing to pair
  skip           #9 PHX v NYL @ unknown-tip         base record is an explicit no-forecast; nothing to pair
  late_prevented #10 NYL v SEA @ T-8h               cutoff 2026-08-03T15:04:00+00:00 already passed at 2026-08-1
  late_prevented #11 ATL v LVA @ T-8h               cutoff 2026-08-03T15:14:00+00:00 already passed at 2026-08-1
  late_prevented #12 CHI v PHX @ T-8h               cutoff 2026-08-03T17:08:00+00:00 already passed at 2026-08-1
  already_logged #13 NYL v SEA @ T-90m              idempotent: pair exists
  already_logged #14 ATL v LVA @ T-90m              idempotent: pair exists
  already_logged #15 CHI v PHX @ T-90m              idempotent: pair exists
  already_logged #16 NYL v SEA @ T-90m              idempotent: pair exists
  already_logged #17 ATL v LVA @ T-90m              idempotent: pair exists
  already_logged #18 CHI v PHX @ T-90m              idempotent: pair exists
  late_prevented #19 NYL v SEA @ T-30m              cutoff 2026-08-03T22:34:00+00:00 already passed at 2026-08-1
  late_prevented #20 ATL v LVA @ T-30m              cutoff 2026-08-03T22:44:00+00:00 already passed at 2026-08-1
  already_logged #21 CHI v PHX @ T-90m              idempotent: pair exists
  already_logged #22 GSV v TOR @ T-8h               idempotent: pair exists
  already_logged #23 GSV v TOR @ T-90m              idempotent: pair exists
  already_logged #24 GSV v TOR @ T-30m              idempotent: pair exists
  already_logged #25 ATL v PHX @ T-8h               idempotent: pair exists
  already_logged #26 NYL v SEA @ T-8h               idempotent: pair exists
  already_logged #27 WAS v DAL @ T-8h               idempotent: pair exists
  already_logged #28 CHI v LAS @ T-8h               idempotent: pair exists
  already_logged #29 ATL v PHX @ T-90m              idempotent: pair exists
  already_logged #30 NYL v SEA @ T-90m              idempotent: pair exists
  already_logged #31 WAS v DAL @ T-90m              idempotent: pair exists
  already_logged #32 CHI v LAS @ T-90m              idempotent: pair exists
  late_prevented #33 ATL v PHX @ T-30m              cutoff 2026-08-05T22:33:00+00:00 already passed at 2026-08-1
  late_prevented #34 NYL v SEA @ T-30m              cutoff 2026-08-05T22:38:00+00:00 already passed at 2026-08-1
  already_logged #35 WAS v DAL @ T-30m              idempotent: pair exists
  already_logged #36 CHI v LAS @ T-90m              idempotent: pair exists
  already_logged #37 IND v LVA @ T-8h               idempotent: pair exists
  already_logged #38 MIN v LAS @ T-8h               idempotent: pair exists
  already_logged #39 PDX v TOR @ T-8h               idempotent: pair exists
  already_logged #40 IND v LVA @ T-90m              idempotent: pair exists
  already_logged #41 MIN v LAS @ T-90m              idempotent: pair exists
  already_logged #42 PDX v TOR @ T-90m              idempotent: pair exists
  late_prevented #43 IND v LVA @ T-30m              cutoff 2026-08-06T22:36:00+00:00 already passed at 2026-08-1
  already_logged #44 PDX v TOR @ T-30m              idempotent: pair exists
  already_logged #45 CON v PHX @ T-8h               idempotent: pair exists
  already_logged #46 WAS v ATL @ T-8h               idempotent: pair exists
  already_logged #47 DAL v GSV @ T-8h               idempotent: pair exists
  already_logged #48 CON v PHX @ T-90m              idempotent: pair exists
  already_logged #49 WAS v ATL @ T-90m              idempotent: pair exists
  already_logged #50 DAL v GSV @ T-90m              idempotent: pair exists
  already_logged #51 CON v PHX @ T-30m              idempotent: pair exists
  already_logged #52 WAS v ATL @ T-30m              idempotent: pair exists
  already_logged #53 DAL v GSV @ T-30m              idempotent: pair exists
  already_logged #54 MIN v LVA @ T-8h               idempotent: pair exists
  already_logged #55 CHI v IND @ T-8h               idempotent: pair exists
  already_logged #56 PDX v SEA @ T-8h               idempotent: pair exists
  already_logged #57 MIN v LVA @ T-90m              idempotent: pair exists
  late_prevented #58 CHI v IND @ T-8h               cutoff 2026-08-08T11:35:00+00:00 already passed at 2026-08-1
  already_logged #59 PDX v SEA @ T-8h               idempotent: pair exists
  already_logged #60 PDX v SEA @ T-90m              idempotent: pair exists
  skip           #61 CHI v IND @ unknown-tip        base record is an explicit no-forecast; nothing to pair
  skip           #62 MIN v LVA @ unknown-tip        base record is an explicit no-forecast; nothing to pair
  already_logged #63 PDX v SEA @ T-30m              idempotent: pair exists
  already_logged #64 WAS v LAS @ T-90m              idempotent: pair exists
  already_logged #65 LVA v MIN @ T-90m              idempotent: pair exists
  already_logged #66 WAS v LAS @ T-30m              idempotent: pair exists
  late_prevented #67 LVA v MIN @ T-90m              cutoff 2026-08-15T22:35:00+00:00 already passed at 2026-08-1
  skip           #68 CON v NYL @ unknown-tip        base record is an explicit no-forecast; nothing to pair
  late_prevented #69 LVA v MIN @ T-30m              cutoff 2026-08-15T23:35:00+00:00 already passed at 2026-08-1
  already_logged #70 ATL v IND @ T-90m              idempotent: pair exists
  already_logged #71 SEA v CHI @ T-90m              idempotent: pair exists
  already_logged #72 PHX v PDX @ T-90m              idempotent: pair exists
  already_logged #73 PHX v PDX @ T-30m              idempotent: pair exists
  late_prevented #74 PHX v PDX @ T-30m              cutoff 2026-08-16T22:38:00+00:00 already passed at 2026-08-1
  skip           #75 ATL v IND @ unknown-tip        base record is an explicit no-forecast; nothing to pair
  skip           #76 SEA v CHI @ unknown-tip        base record is an explicit no-forecast; nothing to pair
  skip           #77 PHX v PDX @ unknown-tip        base record is an explicit no-forecast; nothing to pair

  already_logged=50, late_prevented=20, skip=8
  arm chain: ok=True n=45 tip=ed3d0ca9d3a991c1
  receipt appended to prospective_pair_runs.jsonl
[arm] exit=0 
====================================================================================================
FORECAST COVERAGE AUDIT   generated 2026-08-17T02:30:07.342952+00:00
====================================================================================================

CUMULATIVE by classification
  missing_job_did_not_run      66
  forecast_logged              56
  not_yet_due                  19
  before_period_start          15
  missing_data_unavailable     11
  late_record                  5

  obligations 172 | due 138 | served 56 | coverage 40.6%
  operational misses 66 | unexplained 0
  PROMOTION-GRADE: NO   (needs >= 95% served, <= 0 operational misses, all explained)

DAILY
  date         oblig  served     due     excl    opmiss arm_recs
  2026-07-30      12       0       0       12         0        0
  2026-07-31      12       6       9        3         0        0
  2026-08-01       8       2       8        0         6        0
  2026-08-02      16       0      16        0        16        0
  2026-08-03      12       6      12        0         3        3
  2026-08-04       4       3       4        0         1        3
  2026-08-05      16       9      16        0         4        9
  2026-08-06      12       7      12        0         3        7
  2026-08-07      12       9      12        0         3        9
  2026-08-08      12       6      12        0         3        4
  2026-08-09      16       0      16        0        16        0
  2026-08-15       8       4       8        0         4        1
  2026-08-16      12       4      12        0         6        0
  2026-08-17       4       0       1        3         1        0
  2026-08-18      16       0       0       16         0        0

EVERY MISSING OR IRREGULAR OBLIGATION (each must carry an explanation)
  2026-07-31 ATL v SEA T-90m   missing_data_unavailable   job served 1 other game(s) on 2026-07-31 at T-90m
  2026-07-31 WAS v DAL T-90m   missing_data_unavailable   job served 1 other game(s) on 2026-07-31 at T-90m
  2026-07-31 PDX v IND T-30m   missing_data_unavailable   job served 2 other game(s) on 2026-07-31 at T-30m
  2026-08-01 CHI v LVA T-24h   missing_job_did_not_run    no base record for ANY game on 2026-08-01 at T-24h
  2026-08-01 CHI v LVA T-8h    missing_job_did_not_run    no base record for ANY game on 2026-08-01 at T-8h
  2026-08-01 CHI v LVA T-30m   missing_job_did_not_run    no base record for ANY game on 2026-08-01 at T-30m
  2026-08-01 PHX v NYL T-24h   missing_job_did_not_run    no base record for ANY game on 2026-08-01 at T-24h
  2026-08-01 PHX v NYL T-8h    missing_job_did_not_run    no base record for ANY game on 2026-08-01 at T-8h
  2026-08-01 PHX v NYL T-30m   missing_job_did_not_run    no base record for ANY game on 2026-08-01 at T-30m
  2026-08-02 DAL v CON T-24h   missing_job_did_not_run    no base record for ANY game on 2026-08-02 at T-24h
  2026-08-02 DAL v CON T-8h    missing_job_did_not_run    no base record for ANY game on 2026-08-02 at T-8h
  2026-08-02 DAL v CON T-90m   missing_job_did_not_run    no base record for ANY game on 2026-08-02 at T-90m
  2026-08-02 DAL v CON T-30m   missing_job_did_not_run    no base record for ANY game on 2026-08-02 at T-30m
  2026-08-02 GSV v TOR T-24h   missing_job_did_not_run    no base record for ANY game on 2026-08-02 at T-24h
  2026-08-02 GSV v TOR T-8h    missing_job_did_not_run    no base record for ANY game on 2026-08-02 at T-8h
  2026-08-02 GSV v TOR T-90m   missing_job_did_not_run    no base record for ANY game on 2026-08-02 at T-90m
  2026-08-02 GSV v TOR T-30m   missing_job_did_not_run    no base record for ANY game on 2026-08-02 at T-30m
  2026-08-02 MIN v IND T-24h   missing_job_did_not_run    no base record for ANY game on 2026-08-02 at T-24h
  2026-08-02 MIN v IND T-8h    missing_job_did_not_run    no base record for ANY game on 2026-08-02 at T-8h
  2026-08-02 MIN v IND T-90m   missing_job_did_not_run    no base record for ANY game on 2026-08-02 at T-90m
  2026-08-02 MIN v IND T-30m   missing_job_did_not_run    no base record for ANY game on 2026-08-02 at T-30m
  2026-08-02 PDX v LAS T-24h   missing_job_did_not_run    no base record for ANY game on 2026-08-02 at T-24h
  2026-08-02 PDX v LAS T-8h    missing_job_did_not_run    no base record for ANY game on 2026-08-02 at T-8h
  2026-08-02 PDX v LAS T-90m   missing_job_did_not_run    no base record for ANY game on 2026-08-02 at T-90m
  2026-08-02 PDX v LAS T-30m   missing_job_did_not_run    no base record for ANY game on 2026-08-02 at T-30m
  2026-08-03 NYL v SEA T-24h   missing_job_did_not_run    no base record for ANY game on 2026-08-03 at T-24h
  2026-08-03 NYL v SEA T-30m   late_record                created 2026-08-03T22:45:08.958486+00:00 after cutoff
  2026-08-03 ATL v LVA T-24h   missing_job_did_not_run    no base record for ANY game on 2026-08-03 at T-24h
  2026-08-03 ATL v LVA T-30m   late_record                created 2026-08-03T22:45:08.976775+00:00 after cutoff
  2026-08-03 CHI v PHX T-24h   missing_job_did_not_run    no base record for ANY game on 2026-08-03 at T-24h
  2026-08-03 CHI v PHX T-30m   missing_data_unavailable   job served 2 other game(s) on 2026-08-03 at T-30m
  2026-08-04 GSV v TOR T-24h   missing_job_did_not_run    no base record for ANY game on 2026-08-04 at T-24h
  2026-08-05 WAS v DAL T-24h   missing_job_did_not_run    no base record for ANY game on 2026-08-05 at T-24h
  2026-08-05 NYL v SEA T-24h   missing_job_did_not_run    no base record for ANY game on 2026-08-05 at T-24h
  2026-08-05 NYL v SEA T-30m   late_record                created 2026-08-05T22:45:07.299457+00:00 after cutoff
  2026-08-05 ATL v PHX T-24h   missing_job_did_not_run    no base record for ANY game on 2026-08-05 at T-24h
  2026-08-05 ATL v PHX T-30m   late_record                created 2026-08-05T22:45:07.274521+00:00 after cutoff
  2026-08-05 CHI v LAS T-24h   missing_job_did_not_run    no base record for ANY game on 2026-08-05 at T-24h
  2026-08-05 CHI v LAS T-30m   missing_data_unavailable   job served 3 other game(s) on 2026-08-05 at T-30m
  2026-08-06 IND v LVA T-24h   missing_job_did_not_run    no base record for ANY game on 2026-08-06 at T-24h
  2026-08-06 IND v LVA T-30m   late_record                created 2026-08-06T22:45:09.382682+00:00 after cutoff
  2026-08-06 PDX v TOR T-24h   missing_job_did_not_run    no base record for ANY game on 2026-08-06 at T-24h
  2026-08-06 MIN v LAS T-24h   missing_job_did_not_run    no base record for ANY game on 2026-08-06 at T-24h
  2026-08-06 MIN v LAS T-30m   missing_data_unavailable   job served 2 other game(s) on 2026-08-06 at T-30m
  2026-08-07 WAS v ATL T-24h   missing_job_did_not_run    no base record for ANY game on 2026-08-07 at T-24h
  2026-08-07 CON v PHX T-24h   missing_job_did_not_run    no base record for ANY game on 2026-08-07 at T-24h
  2026-08-07 DAL v GSV T-24h   missing_job_did_not_run    no base record for ANY game on 2026-08-07 at T-24h
  2026-08-08 CHI v IND T-24h   missing_job_did_not_run    no base record for ANY game on 2026-08-08 at T-24h
  2026-08-08 CHI v IND T-90m   missing_data_unavailable   job served 2 other game(s) on 2026-08-08 at T-90m
  2026-08-08 CHI v IND T-30m   missing_data_unavailable   job served 1 other game(s) on 2026-08-08 at T-30m
  2026-08-08 MIN v LVA T-24h   missing_job_did_not_run    no base record for ANY game on 2026-08-08 at T-24h
  2026-08-08 MIN v LVA T-30m   missing_data_unavailable   job served 1 other game(s) on 2026-08-08 at T-30m
  2026-08-08 PDX v SEA T-24h   missing_job_did_not_run    no base record for ANY game on 2026-08-08 at T-24h
  2026-08-09 WAS v PHX T-24h   missing_job_did_not_run    no base record for ANY game on 2026-08-09 at T-24h
  2026-08-09 WAS v PHX T-8h    missing_job_did_not_run    no base record for ANY game on 2026-08-09 at T-8h
  2026-08-09 WAS v PHX T-90m   missing_job_did_not_run    no base record for ANY game on 2026-08-09 at T-90m
  2026-08-09 WAS v PHX T-30m   missing_job_did_not_run    no base record for ANY game on 2026-08-09 at T-30m
  2026-08-09 LAS v GSV T-24h   missing_job_did_not_run    no base record for ANY game on 2026-08-09 at T-24h
  2026-08-09 LAS v GSV T-8h    missing_job_did_not_run    no base record for ANY game on 2026-08-09 at T-8h
  2026-08-09 LAS v GSV T-90m   missing_job_did_not_run    no base record for ANY game on 2026-08-09 at T-90m
  2026-08-09 LAS v GSV T-30m   missing_job_did_not_run    no base record for ANY game on 2026-08-09 at T-30m
  2026-08-09 NYL v LVA T-24h   missing_job_did_not_run    no base record for ANY game on 2026-08-09 at T-24h
  2026-08-09 NYL v LVA T-8h    missing_job_did_not_run    no base record for ANY game on 2026-08-09 at T-8h
  2026-08-09 NYL v LVA T-90m   missing_job_did_not_run    no base record for ANY game on 2026-08-09 at T-90m
  2026-08-09 NYL v LVA T-30m   missing_job_did_not_run    no base record for ANY game on 2026-08-09 at T-30m
  2026-08-09 MIN v DAL T-24h   missing_job_did_not_run    no base record for ANY game on 2026-08-09 at T-24h
  2026-08-09 MIN v DAL T-8h    missing_job_did_not_run    no base record for ANY game on 2026-08-09 at T-8h
  2026-08-09 MIN v DAL T-90m   missing_job_did_not_run    no base record for ANY game on 2026-08-09 at T-90m
  2026-08-09 MIN v DAL T-30m   missing_job_did_not_run    no base record for ANY game on 2026-08-09 at T-30m
  2026-08-15 WAS v LAS T-24h   missing_job_did_not_run    no base record for ANY game on 2026-08-15 at T-24h
  2026-08-15 WAS v LAS T-8h    missing_job_did_not_run    no base record for ANY game on 2026-08-15 at T-8h
  2026-08-15 LVA v MIN T-24h   missing_job_did_not_run    no base record for ANY game on 2026-08-15 at T-24h
  2026-08-15 LVA v MIN T-8h    missing_job_did_not_run    no base record for ANY game on 2026-08-15 at T-8h
  2026-08-16 ATL v IND T-24h   missing_job_did_not_run    no base record for ANY game on 2026-08-16 at T-24h
  2026-08-16 ATL v IND T-8h    missing_job_did_not_run    no base record for ANY game on 2026-08-16 at T-8h
  2026-08-16 ATL v IND T-30m   missing_data_unavailable   job served 1 other game(s) on 2026-08-16 at T-30m
  2026-08-16 SEA v CHI T-24h   missing_job_did_not_run    no base record for ANY game on 2026-08-16 at T-24h
  2026-08-16 SEA v CHI T-8h    missing_job_did_not_run    no base record for ANY game on 2026-08-16 at T-8h
  2026-08-16 SEA v CHI T-30m   missing_data_unavailable   job served 1 other game(s) on 2026-08-16 at T-30m
  2026-08-16 PHX v PDX T-24h   missing_job_did_not_run    no base record for ANY game on 2026-08-16 at T-24h
  2026-08-16 PHX v PDX T-8h    missing_job_did_not_run    no base record for ANY game on 2026-08-16 at T-8h
  2026-08-17 GSV v DAL T-24h   missing_job_did_not_run    no base record for ANY game on 2026-08-17 at T-24h

wrote forecasts/coverage_audit.csv and forecasts/coverage_receipt.json
[audit] exit=0 
==== Sun 08/16/2026 22:45:02.84 ==== 
[gate] 2026-08-17T02:45:04.217876+00:00  fire=False  -- no unserved obligation inside its 20-minute lead window (5 upcoming game(s) examined); 5 slate game(s) have no official game_id and were served under a provisional id: GSV v DAL (2026-08-17) -> PROV-2026-08-17-DAL@GSV, CON v LAS (2026-08-18) -> PROV-2026-08-18-LAS@CON, TOR v IND (2026-08-18) -> PROV-2026-08-18-IND@TOR, LVA v ATL (2026-08-18) -> PROV-2026-08-18-ATL@LVA, CHI v NYL (2026-08-18) -> PROV-2026-08-18-NYL@CHI
       GSV v DAL      T-24h   unserved cutoff 2026-08-17T02:00:00 (-45 min) 
       CON v LAS      T-24h   unserved cutoff 2026-08-17T23:00:00 (+1215 min) 
       TOR v IND      T-24h   unserved cutoff 2026-08-17T23:00:00 (+1215 min) 
       LVA v ATL      T-24h   unserved cutoff 2026-08-18T02:00:00 (+1395 min) 
       CHI v NYL      T-24h   unserved cutoff 2026-08-18T01:00:00 (+1335 min) 
[gate] skipping the base job
[base] skipped - no unserved obligation in its lead window 
[base] exit=0 
================================================================================================
PROSPECTIVE PAIR RUNNER  2026-08-17T02:45:06.374189+00:00  model=ridge_score_level_w2c1_v1 hash=5d295bb8b99cd34e
================================================================================================
base records in official chain: 78
  late_prevented #0 ATL v SEA @ T-8h                cutoff 2026-07-31T15:35:00+00:00 already passed at 2026-08-1
  late_prevented #1 WAS v DAL @ T-8h                cutoff 2026-07-31T15:35:00+00:00 already passed at 2026-08-1
  late_prevented #2 PDX v IND @ T-8h                cutoff 2026-07-31T18:06:00+00:00 already passed at 2026-08-1
  late_prevented #3 ATL v SEA @ T-30m               cutoff 2026-07-31T23:05:00+00:00 already passed at 2026-08-1
  late_prevented #4 WAS v DAL @ T-30m               cutoff 2026-07-31T23:05:00+00:00 already passed at 2026-08-1
  late_prevented #5 PDX v IND @ T-90m               cutoff 2026-08-01T00:36:00+00:00 already passed at 2026-08-1
  late_prevented #6 CHI v LVA @ T-90m               cutoff 2026-08-01T15:35:00+00:00 already passed at 2026-08-1
  late_prevented #7 PHX v NYL @ T-90m               cutoff 2026-08-01T17:34:00+00:00 already passed at 2026-08-1
  skip           #8 CHI v LVA @ unknown-tip         base record is an explicit no-forecast; nothing to pair
  skip           #9 PHX v NYL @ unknown-tip         base record is an explicit no-forecast; nothing to pair
  late_prevented #10 NYL v SEA @ T-8h               cutoff 2026-08-03T15:04:00+00:00 already passed at 2026-08-1
  late_prevented #11 ATL v LVA @ T-8h               cutoff 2026-08-03T15:14:00+00:00 already passed at 2026-08-1
  late_prevented #12 CHI v PHX @ T-8h               cutoff 2026-08-03T17:08:00+00:00 already passed at 2026-08-1
  already_logged #13 NYL v SEA @ T-90m              idempotent: pair exists
  already_logged #14 ATL v LVA @ T-90m              idempotent: pair exists
  already_logged #15 CHI v PHX @ T-90m              idempotent: pair exists
  already_logged #16 NYL v SEA @ T-90m              idempotent: pair exists
  already_logged #17 ATL v LVA @ T-90m              idempotent: pair exists
  already_logged #18 CHI v PHX @ T-90m              idempotent: pair exists
  late_prevented #19 NYL v SEA @ T-30m              cutoff 2026-08-03T22:34:00+00:00 already passed at 2026-08-1
  late_prevented #20 ATL v LVA @ T-30m              cutoff 2026-08-03T22:44:00+00:00 already passed at 2026-08-1
  already_logged #21 CHI v PHX @ T-90m              idempotent: pair exists
  already_logged #22 GSV v TOR @ T-8h               idempotent: pair exists
  already_logged #23 GSV v TOR @ T-90m              idempotent: pair exists
  already_logged #24 GSV v TOR @ T-30m              idempotent: pair exists
  already_logged #25 ATL v PHX @ T-8h               idempotent: pair exists
  already_logged #26 NYL v SEA @ T-8h               idempotent: pair exists
  already_logged #27 WAS v DAL @ T-8h               idempotent: pair exists
  already_logged #28 CHI v LAS @ T-8h               idempotent: pair exists
  already_logged #29 ATL v PHX @ T-90m              idempotent: pair exists
  already_logged #30 NYL v SEA @ T-90m              idempotent: pair exists
  already_logged #31 WAS v DAL @ T-90m              idempotent: pair exists
  already_logged #32 CHI v LAS @ T-90m              idempotent: pair exists
  late_prevented #33 ATL v PHX @ T-30m              cutoff 2026-08-05T22:33:00+00:00 already passed at 2026-08-1
  late_prevented #34 NYL v SEA @ T-30m              cutoff 2026-08-05T22:38:00+00:00 already passed at 2026-08-1
  already_logged #35 WAS v DAL @ T-30m              idempotent: pair exists
  already_logged #36 CHI v LAS @ T-90m              idempotent: pair exists
  already_logged #37 IND v LVA @ T-8h               idempotent: pair exists
  already_logged #38 MIN v LAS @ T-8h               idempotent: pair exists
  already_logged #39 PDX v TOR @ T-8h               idempotent: pair exists
  already_logged #40 IND v LVA @ T-90m              idempotent: pair exists
  already_logged #41 MIN v LAS @ T-90m              idempotent: pair exists
  already_logged #42 PDX v TOR @ T-90m              idempotent: pair exists
  late_prevented #43 IND v LVA @ T-30m              cutoff 2026-08-06T22:36:00+00:00 already passed at 2026-08-1
  already_logged #44 PDX v TOR @ T-30m              idempotent: pair exists
  already_logged #45 CON v PHX @ T-8h               idempotent: pair exists
  already_logged #46 WAS v ATL @ T-8h               idempotent: pair exists
  already_logged #47 DAL v GSV @ T-8h               idempotent: pair exists
  already_logged #48 CON v PHX @ T-90m              idempotent: pair exists
  already_logged #49 WAS v ATL @ T-90m              idempotent: pair exists
  already_logged #50 DAL v GSV @ T-90m              idempotent: pair exists
  already_logged #51 CON v PHX @ T-30m              idempotent: pair exists
  already_logged #52 WAS v ATL @ T-30m              idempotent: pair exists
  already_logged #53 DAL v GSV @ T-30m              idempotent: pair exists
  already_logged #54 MIN v LVA @ T-8h               idempotent: pair exists
  already_logged #55 CHI v IND @ T-8h               idempotent: pair exists
  already_logged #56 PDX v SEA @ T-8h               idempotent: pair exists
  already_logged #57 MIN v LVA @ T-90m              idempotent: pair exists
  late_prevented #58 CHI v IND @ T-8h               cutoff 2026-08-08T11:35:00+00:00 already passed at 2026-08-1
  already_logged #59 PDX v SEA @ T-8h               idempotent: pair exists
  already_logged #60 PDX v SEA @ T-90m              idempotent: pair exists
  skip           #61 CHI v IND @ unknown-tip        base record is an explicit no-forecast; nothing to pair
  skip           #62 MIN v LVA @ unknown-tip        base record is an explicit no-forecast; nothing to pair
  already_logged #63 PDX v SEA @ T-30m              idempotent: pair exists
  already_logged #64 WAS v LAS @ T-90m              idempotent: pair exists
  already_logged #65 LVA v MIN @ T-90m              idempotent: pair exists
  already_logged #66 WAS v LAS @ T-30m              idempotent: pair exists
  late_prevented #67 LVA v MIN @ T-90m              cutoff 2026-08-15T22:35:00+00:00 already passed at 2026-08-1
  skip           #68 CON v NYL @ unknown-tip        base record is an explicit no-forecast; nothing to pair
  late_prevented #69 LVA v MIN @ T-30m              cutoff 2026-08-15T23:35:00+00:00 already passed at 2026-08-1
  already_logged #70 ATL v IND @ T-90m              idempotent: pair exists
  already_logged #71 SEA v CHI @ T-90m              idempotent: pair exists
  already_logged #72 PHX v PDX @ T-90m              idempotent: pair exists
  already_logged #73 PHX v PDX @ T-30m              idempotent: pair exists
  late_prevented #74 PHX v PDX @ T-30m              cutoff 2026-08-16T22:38:00+00:00 already passed at 2026-08-1
  skip           #75 ATL v IND @ unknown-tip        base record is an explicit no-forecast; nothing to pair
  skip           #76 SEA v CHI @ unknown-tip        base record is an explicit no-forecast; nothing to pair
  skip           #77 PHX v PDX @ unknown-tip        base record is an explicit no-forecast; nothing to pair

  already_logged=50, late_prevented=20, skip=8
  arm chain: ok=True n=45 tip=ed3d0ca9d3a991c1
  receipt appended to prospective_pair_runs.jsonl
[arm] exit=0 
====================================================================================================
FORECAST COVERAGE AUDIT   generated 2026-08-17T02:45:08.629061+00:00
====================================================================================================

CUMULATIVE by classification
  missing_job_did_not_run      66
  forecast_logged              56
  not_yet_due                  19
  before_period_start          15
  missing_data_unavailable     11
  late_record                  5

  obligations 172 | due 138 | served 56 | coverage 40.6%
  operational misses 66 | unexplained 0
  PROMOTION-GRADE: NO   (needs >= 95% served, <= 0 operational misses, all explained)

DAILY
  date         oblig  served     due     excl    opmiss arm_recs
  2026-07-30      12       0       0       12         0        0
  2026-07-31      12       6       9        3         0        0
  2026-08-01       8       2       8        0         6        0
  2026-08-02      16       0      16        0        16        0
  2026-08-03      12       6      12        0         3        3
  2026-08-04       4       3       4        0         1        3
  2026-08-05      16       9      16        0         4        9
  2026-08-06      12       7      12        0         3        7
  2026-08-07      12       9      12        0         3        9
  2026-08-08      12       6      12        0         3        4
  2026-08-09      16       0      16        0        16        0
  2026-08-15       8       4       8        0         4        1
  2026-08-16      12       4      12        0         6        0
  2026-08-17       4       0       1        3         1        0
  2026-08-18      16       0       0       16         0        0

EVERY MISSING OR IRREGULAR OBLIGATION (each must carry an explanation)
  2026-07-31 ATL v SEA T-90m   missing_data_unavailable   job served 1 other game(s) on 2026-07-31 at T-90m
  2026-07-31 WAS v DAL T-90m   missing_data_unavailable   job served 1 other game(s) on 2026-07-31 at T-90m
  2026-07-31 PDX v IND T-30m   missing_data_unavailable   job served 2 other game(s) on 2026-07-31 at T-30m
  2026-08-01 CHI v LVA T-24h   missing_job_did_not_run    no base record for ANY game on 2026-08-01 at T-24h
  2026-08-01 CHI v LVA T-8h    missing_job_did_not_run    no base record for ANY game on 2026-08-01 at T-8h
  2026-08-01 CHI v LVA T-30m   missing_job_did_not_run    no base record for ANY game on 2026-08-01 at T-30m
  2026-08-01 PHX v NYL T-24h   missing_job_did_not_run    no base record for ANY game on 2026-08-01 at T-24h
  2026-08-01 PHX v NYL T-8h    missing_job_did_not_run    no base record for ANY game on 2026-08-01 at T-8h
  2026-08-01 PHX v NYL T-30m   missing_job_did_not_run    no base record for ANY game on 2026-08-01 at T-30m
  2026-08-02 DAL v CON T-24h   missing_job_did_not_run    no base record for ANY game on 2026-08-02 at T-24h
  2026-08-02 DAL v CON T-8h    missing_job_did_not_run    no base record for ANY game on 2026-08-02 at T-8h
  2026-08-02 DAL v CON T-90m   missing_job_did_not_run    no base record for ANY game on 2026-08-02 at T-90m
  2026-08-02 DAL v CON T-30m   missing_job_did_not_run    no base record for ANY game on 2026-08-02 at T-30m
  2026-08-02 GSV v TOR T-24h   missing_job_did_not_run    no base record for ANY game on 2026-08-02 at T-24h
  2026-08-02 GSV v TOR T-8h    missing_job_did_not_run    no base record for ANY game on 2026-08-02 at T-8h
  2026-08-02 GSV v TOR T-90m   missing_job_did_not_run    no base record for ANY game on 2026-08-02 at T-90m
  2026-08-02 GSV v TOR T-30m   missing_job_did_not_run    no base record for ANY game on 2026-08-02 at T-30m
  2026-08-02 MIN v IND T-24h   missing_job_did_not_run    no base record for ANY game on 2026-08-02 at T-24h
  2026-08-02 MIN v IND T-8h    missing_job_did_not_run    no base record for ANY game on 2026-08-02 at T-8h
  2026-08-02 MIN v IND T-90m   missing_job_did_not_run    no base record for ANY game on 2026-08-02 at T-90m
  2026-08-02 MIN v IND T-30m   missing_job_did_not_run    no base record for ANY game on 2026-08-02 at T-30m
  2026-08-02 PDX v LAS T-24h   missing_job_did_not_run    no base record for ANY game on 2026-08-02 at T-24h
  2026-08-02 PDX v LAS T-8h    missing_job_did_not_run    no base record for ANY game on 2026-08-02 at T-8h
  2026-08-02 PDX v LAS T-90m   missing_job_did_not_run    no base record for ANY game on 2026-08-02 at T-90m
  2026-08-02 PDX v LAS T-30m   missing_job_did_not_run    no base record for ANY game on 2026-08-02 at T-30m
  2026-08-03 NYL v SEA T-24h   missing_job_did_not_run    no base record for ANY game on 2026-08-03 at T-24h
  2026-08-03 NYL v SEA T-30m   late_record                created 2026-08-03T22:45:08.958486+00:00 after cutoff
  2026-08-03 ATL v LVA T-24h   missing_job_did_not_run    no base record for ANY game on 2026-08-03 at T-24h
  2026-08-03 ATL v LVA T-30m   late_record                created 2026-08-03T22:45:08.976775+00:00 after cutoff
  2026-08-03 CHI v PHX T-24h   missing_job_did_not_run    no base record for ANY game on 2026-08-03 at T-24h
  2026-08-03 CHI v PHX T-30m   missing_data_unavailable   job served 2 other game(s) on 2026-08-03 at T-30m
  2026-08-04 GSV v TOR T-24h   missing_job_did_not_run    no base record for ANY game on 2026-08-04 at T-24h
  2026-08-05 WAS v DAL T-24h   missing_job_did_not_run    no base record for ANY game on 2026-08-05 at T-24h
  2026-08-05 NYL v SEA T-24h   missing_job_did_not_run    no base record for ANY game on 2026-08-05 at T-24h
  2026-08-05 NYL v SEA T-30m   late_record                created 2026-08-05T22:45:07.299457+00:00 after cutoff
  2026-08-05 ATL v PHX T-24h   missing_job_did_not_run    no base record for ANY game on 2026-08-05 at T-24h
  2026-08-05 ATL v PHX T-30m   late_record                created 2026-08-05T22:45:07.274521+00:00 after cutoff
  2026-08-05 CHI v LAS T-24h   missing_job_did_not_run    no base record for ANY game on 2026-08-05 at T-24h
  2026-08-05 CHI v LAS T-30m   missing_data_unavailable   job served 3 other game(s) on 2026-08-05 at T-30m
  2026-08-06 IND v LVA T-24h   missing_job_did_not_run    no base record for ANY game on 2026-08-06 at T-24h
  2026-08-06 IND v LVA T-30m   late_record                created 2026-08-06T22:45:09.382682+00:00 after cutoff
  2026-08-06 PDX v TOR T-24h   missing_job_did_not_run    no base record for ANY game on 2026-08-06 at T-24h
  2026-08-06 MIN v LAS T-24h   missing_job_did_not_run    no base record for ANY game on 2026-08-06 at T-24h
  2026-08-06 MIN v LAS T-30m   missing_data_unavailable   job served 2 other game(s) on 2026-08-06 at T-30m
  2026-08-07 WAS v ATL T-24h   missing_job_did_not_run    no base record for ANY game on 2026-08-07 at T-24h
  2026-08-07 CON v PHX T-24h   missing_job_did_not_run    no base record for ANY game on 2026-08-07 at T-24h
  2026-08-07 DAL v GSV T-24h   missing_job_did_not_run    no base record for ANY game on 2026-08-07 at T-24h
  2026-08-08 CHI v IND T-24h   missing_job_did_not_run    no base record for ANY game on 2026-08-08 at T-24h
  2026-08-08 CHI v IND T-90m   missing_data_unavailable   job served 2 other game(s) on 2026-08-08 at T-90m
  2026-08-08 CHI v IND T-30m   missing_data_unavailable   job served 1 other game(s) on 2026-08-08 at T-30m
  2026-08-08 MIN v LVA T-24h   missing_job_did_not_run    no base record for ANY game on 2026-08-08 at T-24h
  2026-08-08 MIN v LVA T-30m   missing_data_unavailable   job served 1 other game(s) on 2026-08-08 at T-30m
  2026-08-08 PDX v SEA T-24h   missing_job_did_not_run    no base record for ANY game on 2026-08-08 at T-24h
  2026-08-09 WAS v PHX T-24h   missing_job_did_not_run    no base record for ANY game on 2026-08-09 at T-24h
  2026-08-09 WAS v PHX T-8h    missing_job_did_not_run    no base record for ANY game on 2026-08-09 at T-8h
  2026-08-09 WAS v PHX T-90m   missing_job_did_not_run    no base record for ANY game on 2026-08-09 at T-90m
  2026-08-09 WAS v PHX T-30m   missing_job_did_not_run    no base record for ANY game on 2026-08-09 at T-30m
  2026-08-09 LAS v GSV T-24h   missing_job_did_not_run    no base record for ANY game on 2026-08-09 at T-24h
  2026-08-09 LAS v GSV T-8h    missing_job_did_not_run    no base record for ANY game on 2026-08-09 at T-8h
  2026-08-09 LAS v GSV T-90m   missing_job_did_not_run    no base record for ANY game on 2026-08-09 at T-90m
  2026-08-09 LAS v GSV T-30m   missing_job_did_not_run    no base record for ANY game on 2026-08-09 at T-30m
  2026-08-09 NYL v LVA T-24h   missing_job_did_not_run    no base record for ANY game on 2026-08-09 at T-24h
  2026-08-09 NYL v LVA T-8h    missing_job_did_not_run    no base record for ANY game on 2026-08-09 at T-8h
  2026-08-09 NYL v LVA T-90m   missing_job_did_not_run    no base record for ANY game on 2026-08-09 at T-90m
  2026-08-09 NYL v LVA T-30m   missing_job_did_not_run    no base record for ANY game on 2026-08-09 at T-30m
  2026-08-09 MIN v DAL T-24h   missing_job_did_not_run    no base record for ANY game on 2026-08-09 at T-24h
  2026-08-09 MIN v DAL T-8h    missing_job_did_not_run    no base record for ANY game on 2026-08-09 at T-8h
  2026-08-09 MIN v DAL T-90m   missing_job_did_not_run    no base record for ANY game on 2026-08-09 at T-90m
  2026-08-09 MIN v DAL T-30m   missing_job_did_not_run    no base record for ANY game on 2026-08-09 at T-30m
  2026-08-15 WAS v LAS T-24h   missing_job_did_not_run    no base record for ANY game on 2026-08-15 at T-24h
  2026-08-15 WAS v LAS T-8h    missing_job_did_not_run    no base record for ANY game on 2026-08-15 at T-8h
  2026-08-15 LVA v MIN T-24h   missing_job_did_not_run    no base record for ANY game on 2026-08-15 at T-24h
  2026-08-15 LVA v MIN T-8h    missing_job_did_not_run    no base record for ANY game on 2026-08-15 at T-8h
  2026-08-16 ATL v IND T-24h   missing_job_did_not_run    no base record for ANY game on 2026-08-16 at T-24h
  2026-08-16 ATL v IND T-8h    missing_job_did_not_run    no base record for ANY game on 2026-08-16 at T-8h
  2026-08-16 ATL v IND T-30m   missing_data_unavailable   job served 1 other game(s) on 2026-08-16 at T-30m
  2026-08-16 SEA v CHI T-24h   missing_job_did_not_run    no base record for ANY game on 2026-08-16 at T-24h
  2026-08-16 SEA v CHI T-8h    missing_job_did_not_run    no base record for ANY game on 2026-08-16 at T-8h
  2026-08-16 SEA v CHI T-30m   missing_data_unavailable   job served 1 other game(s) on 2026-08-16 at T-30m
  2026-08-16 PHX v PDX T-24h   missing_job_did_not_run    no base record for ANY game on 2026-08-16 at T-24h
  2026-08-16 PHX v PDX T-8h    missing_job_did_not_run    no base record for ANY game on 2026-08-16 at T-8h
  2026-08-17 GSV v DAL T-24h   missing_job_did_not_run    no base record for ANY game on 2026-08-17 at T-24h

wrote forecasts/coverage_audit.csv and forecasts/coverage_receipt.json
[audit] exit=0 
==== Sun 08/16/2026 23:00:03.41 ==== 
[gate] 2026-08-17T03:00:05.703221+00:00  fire=False  -- no unserved obligation inside its 20-minute lead window (5 upcoming game(s) examined); 5 slate game(s) have no official game_id and were served under a provisional id: GSV v DAL (2026-08-17) -> PROV-2026-08-17-DAL@GSV, CON v LAS (2026-08-18) -> PROV-2026-08-18-LAS@CON, TOR v IND (2026-08-18) -> PROV-2026-08-18-IND@TOR, LVA v ATL (2026-08-18) -> PROV-2026-08-18-ATL@LVA, CHI v NYL (2026-08-18) -> PROV-2026-08-18-NYL@CHI
       GSV v DAL      T-24h   unserved cutoff 2026-08-17T02:00:00 (-60 min) 
       CON v LAS      T-24h   unserved cutoff 2026-08-17T23:00:00 (+1200 min) 
       TOR v IND      T-24h   unserved cutoff 2026-08-17T23:00:00 (+1200 min) 
       LVA v ATL      T-24h   unserved cutoff 2026-08-18T02:00:00 (+1380 min) 
       CHI v NYL      T-24h   unserved cutoff 2026-08-18T01:00:00 (+1320 min) 
[gate] skipping the base job
[base] skipped - no unserved obligation in its lead window 
[base] exit=0 
================================================================================================
PROSPECTIVE PAIR RUNNER  2026-08-17T03:00:07.550250+00:00  model=ridge_score_level_w2c1_v1 hash=5d295bb8b99cd34e
================================================================================================
base records in official chain: 78
  late_prevented #0 ATL v SEA @ T-8h                cutoff 2026-07-31T15:35:00+00:00 already passed at 2026-08-1
  late_prevented #1 WAS v DAL @ T-8h                cutoff 2026-07-31T15:35:00+00:00 already passed at 2026-08-1
  late_prevented #2 PDX v IND @ T-8h                cutoff 2026-07-31T18:06:00+00:00 already passed at 2026-08-1
  late_prevented #3 ATL v SEA @ T-30m               cutoff 2026-07-31T23:05:00+00:00 already passed at 2026-08-1
  late_prevented #4 WAS v DAL @ T-30m               cutoff 2026-07-31T23:05:00+00:00 already passed at 2026-08-1
  late_prevented #5 PDX v IND @ T-90m               cutoff 2026-08-01T00:36:00+00:00 already passed at 2026-08-1
  late_prevented #6 CHI v LVA @ T-90m               cutoff 2026-08-01T15:35:00+00:00 already passed at 2026-08-1
  late_prevented #7 PHX v NYL @ T-90m               cutoff 2026-08-01T17:34:00+00:00 already passed at 2026-08-1
  skip           #8 CHI v LVA @ unknown-tip         base record is an explicit no-forecast; nothing to pair
  skip           #9 PHX v NYL @ unknown-tip         base record is an explicit no-forecast; nothing to pair
  late_prevented #10 NYL v SEA @ T-8h               cutoff 2026-08-03T15:04:00+00:00 already passed at 2026-08-1
  late_prevented #11 ATL v LVA @ T-8h               cutoff 2026-08-03T15:14:00+00:00 already passed at 2026-08-1
  late_prevented #12 CHI v PHX @ T-8h               cutoff 2026-08-03T17:08:00+00:00 already passed at 2026-08-1
  already_logged #13 NYL v SEA @ T-90m              idempotent: pair exists
  already_logged #14 ATL v LVA @ T-90m              idempotent: pair exists
  already_logged #15 CHI v PHX @ T-90m              idempotent: pair exists
  already_logged #16 NYL v SEA @ T-90m              idempotent: pair exists
  already_logged #17 ATL v LVA @ T-90m              idempotent: pair exists
  already_logged #18 CHI v PHX @ T-90m              idempotent: pair exists
  late_prevented #19 NYL v SEA @ T-30m              cutoff 2026-08-03T22:34:00+00:00 already passed at 2026-08-1
  late_prevented #20 ATL v LVA @ T-30m              cutoff 2026-08-03T22:44:00+00:00 already passed at 2026-08-1
  already_logged #21 CHI v PHX @ T-90m              idempotent: pair exists
  already_logged #22 GSV v TOR @ T-8h               idempotent: pair exists
  already_logged #23 GSV v TOR @ T-90m              idempotent: pair exists
  already_logged #24 GSV v TOR @ T-30m              idempotent: pair exists
  already_logged #25 ATL v PHX @ T-8h               idempotent: pair exists
  already_logged #26 NYL v SEA @ T-8h               idempotent: pair exists
  already_logged #27 WAS v DAL @ T-8h               idempotent: pair exists
  already_logged #28 CHI v LAS @ T-8h               idempotent: pair exists
  already_logged #29 ATL v PHX @ T-90m              idempotent: pair exists
  already_logged #30 NYL v SEA @ T-90m              idempotent: pair exists
  already_logged #31 WAS v DAL @ T-90m              idempotent: pair exists
  already_logged #32 CHI v LAS @ T-90m              idempotent: pair exists
  late_prevented #33 ATL v PHX @ T-30m              cutoff 2026-08-05T22:33:00+00:00 already passed at 2026-08-1
  late_prevented #34 NYL v SEA @ T-30m              cutoff 2026-08-05T22:38:00+00:00 already passed at 2026-08-1
  already_logged #35 WAS v DAL @ T-30m              idempotent: pair exists
  already_logged #36 CHI v LAS @ T-90m              idempotent: pair exists
  already_logged #37 IND v LVA @ T-8h               idempotent: pair exists
  already_logged #38 MIN v LAS @ T-8h               idempotent: pair exists
  already_logged #39 PDX v TOR @ T-8h               idempotent: pair exists
  already_logged #40 IND v LVA @ T-90m              idempotent: pair exists
  already_logged #41 MIN v LAS @ T-90m              idempotent: pair exists
  already_logged #42 PDX v TOR @ T-90m              idempotent: pair exists
  late_prevented #43 IND v LVA @ T-30m              cutoff 2026-08-06T22:36:00+00:00 already passed at 2026-08-1
  already_logged #44 PDX v TOR @ T-30m              idempotent: pair exists
  already_logged #45 CON v PHX @ T-8h               idempotent: pair exists
  already_logged #46 WAS v ATL @ T-8h               idempotent: pair exists
  already_logged #47 DAL v GSV @ T-8h               idempotent: pair exists
  already_logged #48 CON v PHX @ T-90m              idempotent: pair exists
  already_logged #49 WAS v ATL @ T-90m              idempotent: pair exists
  already_logged #50 DAL v GSV @ T-90m              idempotent: pair exists
  already_logged #51 CON v PHX @ T-30m              idempotent: pair exists
  already_logged #52 WAS v ATL @ T-30m              idempotent: pair exists
  already_logged #53 DAL v GSV @ T-30m              idempotent: pair exists
  already_logged #54 MIN v LVA @ T-8h               idempotent: pair exists
  already_logged #55 CHI v IND @ T-8h               idempotent: pair exists
  already_logged #56 PDX v SEA @ T-8h               idempotent: pair exists
  already_logged #57 MIN v LVA @ T-90m              idempotent: pair exists
  late_prevented #58 CHI v IND @ T-8h               cutoff 2026-08-08T11:35:00+00:00 already passed at 2026-08-1
  already_logged #59 PDX v SEA @ T-8h               idempotent: pair exists
  already_logged #60 PDX v SEA @ T-90m              idempotent: pair exists
  skip           #61 CHI v IND @ unknown-tip        base record is an explicit no-forecast; nothing to pair
  skip           #62 MIN v LVA @ unknown-tip        base record is an explicit no-forecast; nothing to pair
  already_logged #63 PDX v SEA @ T-30m              idempotent: pair exists
  already_logged #64 WAS v LAS @ T-90m              idempotent: pair exists
  already_logged #65 LVA v MIN @ T-90m              idempotent: pair exists
  already_logged #66 WAS v LAS @ T-30m              idempotent: pair exists
  late_prevented #67 LVA v MIN @ T-90m              cutoff 2026-08-15T22:35:00+00:00 already passed at 2026-08-1
  skip           #68 CON v NYL @ unknown-tip        base record is an explicit no-forecast; nothing to pair
  late_prevented #69 LVA v MIN @ T-30m              cutoff 2026-08-15T23:35:00+00:00 already passed at 2026-08-1
  already_logged #70 ATL v IND @ T-90m              idempotent: pair exists
  already_logged #71 SEA v CHI @ T-90m              idempotent: pair exists
  already_logged #72 PHX v PDX @ T-90m              idempotent: pair exists
  already_logged #73 PHX v PDX @ T-30m              idempotent: pair exists
  late_prevented #74 PHX v PDX @ T-30m              cutoff 2026-08-16T22:38:00+00:00 already passed at 2026-08-1
  skip           #75 ATL v IND @ unknown-tip        base record is an explicit no-forecast; nothing to pair
  skip           #76 SEA v CHI @ unknown-tip        base record is an explicit no-forecast; nothing to pair
  skip           #77 PHX v PDX @ unknown-tip        base record is an explicit no-forecast; nothing to pair

  already_logged=50, late_prevented=20, skip=8
  arm chain: ok=True n=45 tip=ed3d0ca9d3a991c1
  receipt appended to prospective_pair_runs.jsonl
[arm] exit=0 
====================================================================================================
FORECAST COVERAGE AUDIT   generated 2026-08-17T03:00:09.437710+00:00
====================================================================================================

CUMULATIVE by classification
  missing_job_did_not_run      66
  forecast_logged              56
  not_yet_due                  19
  before_period_start          15
  missing_data_unavailable     11
  late_record                  5

  obligations 172 | due 138 | served 56 | coverage 40.6%
  operational misses 66 | unexplained 0
  PROMOTION-GRADE: NO   (needs >= 95% served, <= 0 operational misses, all explained)

DAILY
  date         oblig  served     due     excl    opmiss arm_recs
  2026-07-30      12       0       0       12         0        0
  2026-07-31      12       6       9        3         0        0
  2026-08-01       8       2       8        0         6        0
  2026-08-02      16       0      16        0        16        0
  2026-08-03      12       6      12        0         3        3
  2026-08-04       4       3       4        0         1        3
  2026-08-05      16       9      16        0         4        9
  2026-08-06      12       7      12        0         3        7
  2026-08-07      12       9      12        0         3        9
  2026-08-08      12       6      12        0         3        4
  2026-08-09      16       0      16        0        16        0
  2026-08-15       8       4       8        0         4        1
  2026-08-16      12       4      12        0         6        0
  2026-08-17       4       0       1        3         1        0
  2026-08-18      16       0       0       16         0        0

EVERY MISSING OR IRREGULAR OBLIGATION (each must carry an explanation)
  2026-07-31 ATL v SEA T-90m   missing_data_unavailable   job served 1 other game(s) on 2026-07-31 at T-90m
  2026-07-31 WAS v DAL T-90m   missing_data_unavailable   job served 1 other game(s) on 2026-07-31 at T-90m
  2026-07-31 PDX v IND T-30m   missing_data_unavailable   job served 2 other game(s) on 2026-07-31 at T-30m
  2026-08-01 CHI v LVA T-24h   missing_job_did_not_run    no base record for ANY game on 2026-08-01 at T-24h
  2026-08-01 CHI v LVA T-8h    missing_job_did_not_run    no base record for ANY game on 2026-08-01 at T-8h
  2026-08-01 CHI v LVA T-30m   missing_job_did_not_run    no base record for ANY game on 2026-08-01 at T-30m
  2026-08-01 PHX v NYL T-24h   missing_job_did_not_run    no base record for ANY game on 2026-08-01 at T-24h
  2026-08-01 PHX v NYL T-8h    missing_job_did_not_run    no base record for ANY game on 2026-08-01 at T-8h
  2026-08-01 PHX v NYL T-30m   missing_job_did_not_run    no base record for ANY game on 2026-08-01 at T-30m
  2026-08-02 DAL v CON T-24h   missing_job_did_not_run    no base record for ANY game on 2026-08-02 at T-24h
  2026-08-02 DAL v CON T-8h    missing_job_did_not_run    no base record for ANY game on 2026-08-02 at T-8h
  2026-08-02 DAL v CON T-90m   missing_job_did_not_run    no base record for ANY game on 2026-08-02 at T-90m
  2026-08-02 DAL v CON T-30m   missing_job_did_not_run    no base record for ANY game on 2026-08-02 at T-30m
  2026-08-02 GSV v TOR T-24h   missing_job_did_not_run    no base record for ANY game on 2026-08-02 at T-24h
  2026-08-02 GSV v TOR T-8h    missing_job_did_not_run    no base record for ANY game on 2026-08-02 at T-8h
  2026-08-02 GSV v TOR T-90m   missing_job_did_not_run    no base record for ANY game on 2026-08-02 at T-90m
  2026-08-02 GSV v TOR T-30m   missing_job_did_not_run    no base record for ANY game on 2026-08-02 at T-30m
  2026-08-02 MIN v IND T-24h   missing_job_did_not_run    no base record for ANY game on 2026-08-02 at T-24h
  2026-08-02 MIN v IND T-8h    missing_job_did_not_run    no base record for ANY game on 2026-08-02 at T-8h
  2026-08-02 MIN v IND T-90m   missing_job_did_not_run    no base record for ANY game on 2026-08-02 at T-90m
  2026-08-02 MIN v IND T-30m   missing_job_did_not_run    no base record for ANY game on 2026-08-02 at T-30m
  2026-08-02 PDX v LAS T-24h   missing_job_did_not_run    no base record for ANY game on 2026-08-02 at T-24h
  2026-08-02 PDX v LAS T-8h    missing_job_did_not_run    no base record for ANY game on 2026-08-02 at T-8h
  2026-08-02 PDX v LAS T-90m   missing_job_did_not_run    no base record for ANY game on 2026-08-02 at T-90m
  2026-08-02 PDX v LAS T-30m   missing_job_did_not_run    no base record for ANY game on 2026-08-02 at T-30m
  2026-08-03 NYL v SEA T-24h   missing_job_did_not_run    no base record for ANY game on 2026-08-03 at T-24h
  2026-08-03 NYL v SEA T-30m   late_record                created 2026-08-03T22:45:08.958486+00:00 after cutoff
  2026-08-03 ATL v LVA T-24h   missing_job_did_not_run    no base record for ANY game on 2026-08-03 at T-24h
  2026-08-03 ATL v LVA T-30m   late_record                created 2026-08-03T22:45:08.976775+00:00 after cutoff
  2026-08-03 CHI v PHX T-24h   missing_job_did_not_run    no base record for ANY game on 2026-08-03 at T-24h
  2026-08-03 CHI v PHX T-30m   missing_data_unavailable   job served 2 other game(s) on 2026-08-03 at T-30m
  2026-08-04 GSV v TOR T-24h   missing_job_did_not_run    no base record for ANY game on 2026-08-04 at T-24h
  2026-08-05 WAS v DAL T-24h   missing_job_did_not_run    no base record for ANY game on 2026-08-05 at T-24h
  2026-08-05 NYL v SEA T-24h   missing_job_did_not_run    no base record for ANY game on 2026-08-05 at T-24h
  2026-08-05 NYL v SEA T-30m   late_record                created 2026-08-05T22:45:07.299457+00:00 after cutoff
  2026-08-05 ATL v PHX T-24h   missing_job_did_not_run    no base record for ANY game on 2026-08-05 at T-24h
  2026-08-05 ATL v PHX T-30m   late_record                created 2026-08-05T22:45:07.274521+00:00 after cutoff
  2026-08-05 CHI v LAS T-24h   missing_job_did_not_run    no base record for ANY game on 2026-08-05 at T-24h
  2026-08-05 CHI v LAS T-30m   missing_data_unavailable   job served 3 other game(s) on 2026-08-05 at T-30m
  2026-08-06 IND v LVA T-24h   missing_job_did_not_run    no base record for ANY game on 2026-08-06 at T-24h
  2026-08-06 IND v LVA T-30m   late_record                created 2026-08-06T22:45:09.382682+00:00 after cutoff
  2026-08-06 PDX v TOR T-24h   missing_job_did_not_run    no base record for ANY game on 2026-08-06 at T-24h
  2026-08-06 MIN v LAS T-24h   missing_job_did_not_run    no base record for ANY game on 2026-08-06 at T-24h
  2026-08-06 MIN v LAS T-30m   missing_data_unavailable   job served 2 other game(s) on 2026-08-06 at T-30m
  2026-08-07 WAS v ATL T-24h   missing_job_did_not_run    no base record for ANY game on 2026-08-07 at T-24h
  2026-08-07 CON v PHX T-24h   missing_job_did_not_run    no base record for ANY game on 2026-08-07 at T-24h
  2026-08-07 DAL v GSV T-24h   missing_job_did_not_run    no base record for ANY game on 2026-08-07 at T-24h
  2026-08-08 CHI v IND T-24h   missing_job_did_not_run    no base record for ANY game on 2026-08-08 at T-24h
  2026-08-08 CHI v IND T-90m   missing_data_unavailable   job served 2 other game(s) on 2026-08-08 at T-90m
  2026-08-08 CHI v IND T-30m   missing_data_unavailable   job served 1 other game(s) on 2026-08-08 at T-30m
  2026-08-08 MIN v LVA T-24h   missing_job_did_not_run    no base record for ANY game on 2026-08-08 at T-24h
  2026-08-08 MIN v LVA T-30m   missing_data_unavailable   job served 1 other game(s) on 2026-08-08 at T-30m
  2026-08-08 PDX v SEA T-24h   missing_job_did_not_run    no base record for ANY game on 2026-08-08 at T-24h
  2026-08-09 WAS v PHX T-24h   missing_job_did_not_run    no base record for ANY game on 2026-08-09 at T-24h
  2026-08-09 WAS v PHX T-8h    missing_job_did_not_run    no base record for ANY game on 2026-08-09 at T-8h
  2026-08-09 WAS v PHX T-90m   missing_job_did_not_run    no base record for ANY game on 2026-08-09 at T-90m
  2026-08-09 WAS v PHX T-30m   missing_job_did_not_run    no base record for ANY game on 2026-08-09 at T-30m
  2026-08-09 LAS v GSV T-24h   missing_job_did_not_run    no base record for ANY game on 2026-08-09 at T-24h
  2026-08-09 LAS v GSV T-8h    missing_job_did_not_run    no base record for ANY game on 2026-08-09 at T-8h
  2026-08-09 LAS v GSV T-90m   missing_job_did_not_run    no base record for ANY game on 2026-08-09 at T-90m
  2026-08-09 LAS v GSV T-30m   missing_job_did_not_run    no base record for ANY game on 2026-08-09 at T-30m
  2026-08-09 NYL v LVA T-24h   missing_job_did_not_run    no base record for ANY game on 2026-08-09 at T-24h
  2026-08-09 NYL v LVA T-8h    missing_job_did_not_run    no base record for ANY game on 2026-08-09 at T-8h
  2026-08-09 NYL v LVA T-90m   missing_job_did_not_run    no base record for ANY game on 2026-08-09 at T-90m
  2026-08-09 NYL v LVA T-30m   missing_job_did_not_run    no base record for ANY game on 2026-08-09 at T-30m
  2026-08-09 MIN v DAL T-24h   missing_job_did_not_run    no base record for ANY game on 2026-08-09 at T-24h
  2026-08-09 MIN v DAL T-8h    missing_job_did_not_run    no base record for ANY game on 2026-08-09 at T-8h
  2026-08-09 MIN v DAL T-90m   missing_job_did_not_run    no base record for ANY game on 2026-08-09 at T-90m
  2026-08-09 MIN v DAL T-30m   missing_job_did_not_run    no base record for ANY game on 2026-08-09 at T-30m
  2026-08-15 WAS v LAS T-24h   missing_job_did_not_run    no base record for ANY game on 2026-08-15 at T-24h
  2026-08-15 WAS v LAS T-8h    missing_job_did_not_run    no base record for ANY game on 2026-08-15 at T-8h
  2026-08-15 LVA v MIN T-24h   missing_job_did_not_run    no base record for ANY game on 2026-08-15 at T-24h
  2026-08-15 LVA v MIN T-8h    missing_job_did_not_run    no base record for ANY game on 2026-08-15 at T-8h
  2026-08-16 ATL v IND T-24h   missing_job_did_not_run    no base record for ANY game on 2026-08-16 at T-24h
  2026-08-16 ATL v IND T-8h    missing_job_did_not_run    no base record for ANY game on 2026-08-16 at T-8h
  2026-08-16 ATL v IND T-30m   missing_data_unavailable   job served 1 other game(s) on 2026-08-16 at T-30m
  2026-08-16 SEA v CHI T-24h   missing_job_did_not_run    no base record for ANY game on 2026-08-16 at T-24h
  2026-08-16 SEA v CHI T-8h    missing_job_did_not_run    no base record for ANY game on 2026-08-16 at T-8h
  2026-08-16 SEA v CHI T-30m   missing_data_unavailable   job served 1 other game(s) on 2026-08-16 at T-30m
  2026-08-16 PHX v PDX T-24h   missing_job_did_not_run    no base record for ANY game on 2026-08-16 at T-24h
  2026-08-16 PHX v PDX T-8h    missing_job_did_not_run    no base record for ANY game on 2026-08-16 at T-8h
  2026-08-17 GSV v DAL T-24h   missing_job_did_not_run    no base record for ANY game on 2026-08-17 at T-24h

wrote forecasts/coverage_audit.csv and forecasts/coverage_receipt.json
[audit] exit=0 
==== Sun 08/16/2026 23:15:03.29 ==== 
[gate] 2026-08-17T03:15:04.898787+00:00  fire=False  -- no unserved obligation inside its 20-minute lead window (5 upcoming game(s) examined); 5 slate game(s) have no official game_id and were served under a provisional id: GSV v DAL (2026-08-17) -> PROV-2026-08-17-DAL@GSV, CON v LAS (2026-08-18) -> PROV-2026-08-18-LAS@CON, TOR v IND (2026-08-18) -> PROV-2026-08-18-IND@TOR, LVA v ATL (2026-08-18) -> PROV-2026-08-18-ATL@LVA, CHI v NYL (2026-08-18) -> PROV-2026-08-18-NYL@CHI
       GSV v DAL      T-24h   unserved cutoff 2026-08-17T02:00:00 (-75 min) 
       CON v LAS      T-24h   unserved cutoff 2026-08-17T23:00:00 (+1185 min) 
       TOR v IND      T-24h   unserved cutoff 2026-08-17T23:00:00 (+1185 min) 
       LVA v ATL      T-24h   unserved cutoff 2026-08-18T02:00:00 (+1365 min) 
       CHI v NYL      T-24h   unserved cutoff 2026-08-18T01:00:00 (+1305 min) 
[gate] skipping the base job
[base] skipped - no unserved obligation in its lead window 
[base] exit=0 
================================================================================================
PROSPECTIVE PAIR RUNNER  2026-08-17T03:15:06.626477+00:00  model=ridge_score_level_w2c1_v1 hash=5d295bb8b99cd34e
================================================================================================
base records in official chain: 78
  late_prevented #0 ATL v SEA @ T-8h                cutoff 2026-07-31T15:35:00+00:00 already passed at 2026-08-1
  late_prevented #1 WAS v DAL @ T-8h                cutoff 2026-07-31T15:35:00+00:00 already passed at 2026-08-1
  late_prevented #2 PDX v IND @ T-8h                cutoff 2026-07-31T18:06:00+00:00 already passed at 2026-08-1
  late_prevented #3 ATL v SEA @ T-30m               cutoff 2026-07-31T23:05:00+00:00 already passed at 2026-08-1
  late_prevented #4 WAS v DAL @ T-30m               cutoff 2026-07-31T23:05:00+00:00 already passed at 2026-08-1
  late_prevented #5 PDX v IND @ T-90m               cutoff 2026-08-01T00:36:00+00:00 already passed at 2026-08-1
  late_prevented #6 CHI v LVA @ T-90m               cutoff 2026-08-01T15:35:00+00:00 already passed at 2026-08-1
  late_prevented #7 PHX v NYL @ T-90m               cutoff 2026-08-01T17:34:00+00:00 already passed at 2026-08-1
  skip           #8 CHI v LVA @ unknown-tip         base record is an explicit no-forecast; nothing to pair
  skip           #9 PHX v NYL @ unknown-tip         base record is an explicit no-forecast; nothing to pair
  late_prevented #10 NYL v SEA @ T-8h               cutoff 2026-08-03T15:04:00+00:00 already passed at 2026-08-1
  late_prevented #11 ATL v LVA @ T-8h               cutoff 2026-08-03T15:14:00+00:00 already passed at 2026-08-1
  late_prevented #12 CHI v PHX @ T-8h               cutoff 2026-08-03T17:08:00+00:00 already passed at 2026-08-1
  already_logged #13 NYL v SEA @ T-90m              idempotent: pair exists
  already_logged #14 ATL v LVA @ T-90m              idempotent: pair exists
  already_logged #15 CHI v PHX @ T-90m              idempotent: pair exists
  already_logged #16 NYL v SEA @ T-90m              idempotent: pair exists
  already_logged #17 ATL v LVA @ T-90m              idempotent: pair exists
  already_logged #18 CHI v PHX @ T-90m              idempotent: pair exists
  late_prevented #19 NYL v SEA @ T-30m              cutoff 2026-08-03T22:34:00+00:00 already passed at 2026-08-1
  late_prevented #20 ATL v LVA @ T-30m              cutoff 2026-08-03T22:44:00+00:00 already passed at 2026-08-1
  already_logged #21 CHI v PHX @ T-90m              idempotent: pair exists
  already_logged #22 GSV v TOR @ T-8h               idempotent: pair exists
  already_logged #23 GSV v TOR @ T-90m              idempotent: pair exists
  already_logged #24 GSV v TOR @ T-30m              idempotent: pair exists
  already_logged #25 ATL v PHX @ T-8h               idempotent: pair exists
  already_logged #26 NYL v SEA @ T-8h               idempotent: pair exists
  already_logged #27 WAS v DAL @ T-8h               idempotent: pair exists
  already_logged #28 CHI v LAS @ T-8h               idempotent: pair exists
  already_logged #29 ATL v PHX @ T-90m              idempotent: pair exists
  already_logged #30 NYL v SEA @ T-90m              idempotent: pair exists
  already_logged #31 WAS v DAL @ T-90m              idempotent: pair exists
  already_logged #32 CHI v LAS @ T-90m              idempotent: pair exists
  late_prevented #33 ATL v PHX @ T-30m              cutoff 2026-08-05T22:33:00+00:00 already passed at 2026-08-1
  late_prevented #34 NYL v SEA @ T-30m              cutoff 2026-08-05T22:38:00+00:00 already passed at 2026-08-1
  already_logged #35 WAS v DAL @ T-30m              idempotent: pair exists
  already_logged #36 CHI v LAS @ T-90m              idempotent: pair exists
  already_logged #37 IND v LVA @ T-8h               idempotent: pair exists
  already_logged #38 MIN v LAS @ T-8h               idempotent: pair exists
  already_logged #39 PDX v TOR @ T-8h               idempotent: pair exists
  already_logged #40 IND v LVA @ T-90m              idempotent: pair exists
  already_logged #41 MIN v LAS @ T-90m              idempotent: pair exists
  already_logged #42 PDX v TOR @ T-90m              idempotent: pair exists
  late_prevented #43 IND v LVA @ T-30m              cutoff 2026-08-06T22:36:00+00:00 already passed at 2026-08-1
  already_logged #44 PDX v TOR @ T-30m              idempotent: pair exists
  already_logged #45 CON v PHX @ T-8h               idempotent: pair exists
  already_logged #46 WAS v ATL @ T-8h               idempotent: pair exists
  already_logged #47 DAL v GSV @ T-8h               idempotent: pair exists
  already_logged #48 CON v PHX @ T-90m              idempotent: pair exists
  already_logged #49 WAS v ATL @ T-90m              idempotent: pair exists
  already_logged #50 DAL v GSV @ T-90m              idempotent: pair exists
  already_logged #51 CON v PHX @ T-30m              idempotent: pair exists
  already_logged #52 WAS v ATL @ T-30m              idempotent: pair exists
  already_logged #53 DAL v GSV @ T-30m              idempotent: pair exists
  already_logged #54 MIN v LVA @ T-8h               idempotent: pair exists
  already_logged #55 CHI v IND @ T-8h               idempotent: pair exists
  already_logged #56 PDX v SEA @ T-8h               idempotent: pair exists
  already_logged #57 MIN v LVA @ T-90m              idempotent: pair exists
  late_prevented #58 CHI v IND @ T-8h               cutoff 2026-08-08T11:35:00+00:00 already passed at 2026-08-1
  already_logged #59 PDX v SEA @ T-8h               idempotent: pair exists
  already_logged #60 PDX v SEA @ T-90m              idempotent: pair exists
  skip           #61 CHI v IND @ unknown-tip        base record is an explicit no-forecast; nothing to pair
  skip           #62 MIN v LVA @ unknown-tip        base record is an explicit no-forecast; nothing to pair
  already_logged #63 PDX v SEA @ T-30m              idempotent: pair exists
  already_logged #64 WAS v LAS @ T-90m              idempotent: pair exists
  already_logged #65 LVA v MIN @ T-90m              idempotent: pair exists
  already_logged #66 WAS v LAS @ T-30m              idempotent: pair exists
  late_prevented #67 LVA v MIN @ T-90m              cutoff 2026-08-15T22:35:00+00:00 already passed at 2026-08-1
  skip           #68 CON v NYL @ unknown-tip        base record is an explicit no-forecast; nothing to pair
  late_prevented #69 LVA v MIN @ T-30m              cutoff 2026-08-15T23:35:00+00:00 already passed at 2026-08-1
  already_logged #70 ATL v IND @ T-90m              idempotent: pair exists
  already_logged #71 SEA v CHI @ T-90m              idempotent: pair exists
  already_logged #72 PHX v PDX @ T-90m              idempotent: pair exists
  already_logged #73 PHX v PDX @ T-30m              idempotent: pair exists
  late_prevented #74 PHX v PDX @ T-30m              cutoff 2026-08-16T22:38:00+00:00 already passed at 2026-08-1
  skip           #75 ATL v IND @ unknown-tip        base record is an explicit no-forecast; nothing to pair
  skip           #76 SEA v CHI @ unknown-tip        base record is an explicit no-forecast; nothing to pair
  skip           #77 PHX v PDX @ unknown-tip        base record is an explicit no-forecast; nothing to pair

  already_logged=50, late_prevented=20, skip=8
  arm chain: ok=True n=45 tip=ed3d0ca9d3a991c1
  receipt appended to prospective_pair_runs.jsonl
[arm] exit=0 
====================================================================================================
FORECAST COVERAGE AUDIT   generated 2026-08-17T03:15:08.418361+00:00
====================================================================================================

CUMULATIVE by classification
  missing_job_did_not_run      66
  forecast_logged              56
  not_yet_due                  19
  before_period_start          15
  missing_data_unavailable     11
  late_record                  5

  obligations 172 | due 138 | served 56 | coverage 40.6%
  operational misses 66 | unexplained 0
  PROMOTION-GRADE: NO   (needs >= 95% served, <= 0 operational misses, all explained)

DAILY
  date         oblig  served     due     excl    opmiss arm_recs
  2026-07-30      12       0       0       12         0        0
  2026-07-31      12       6       9        3         0        0
  2026-08-01       8       2       8        0         6        0
  2026-08-02      16       0      16        0        16        0
  2026-08-03      12       6      12        0         3        3
  2026-08-04       4       3       4        0         1        3
  2026-08-05      16       9      16        0         4        9
  2026-08-06      12       7      12        0         3        7
  2026-08-07      12       9      12        0         3        9
  2026-08-08      12       6      12        0         3        4
  2026-08-09      16       0      16        0        16        0
  2026-08-15       8       4       8        0         4        1
  2026-08-16      12       4      12        0         6        0
  2026-08-17       4       0       1        3         1        0
  2026-08-18      16       0       0       16         0        0

EVERY MISSING OR IRREGULAR OBLIGATION (each must carry an explanation)
  2026-07-31 ATL v SEA T-90m   missing_data_unavailable   job served 1 other game(s) on 2026-07-31 at T-90m
  2026-07-31 WAS v DAL T-90m   missing_data_unavailable   job served 1 other game(s) on 2026-07-31 at T-90m
  2026-07-31 PDX v IND T-30m   missing_data_unavailable   job served 2 other game(s) on 2026-07-31 at T-30m
  2026-08-01 CHI v LVA T-24h   missing_job_did_not_run    no base record for ANY game on 2026-08-01 at T-24h
  2026-08-01 CHI v LVA T-8h    missing_job_did_not_run    no base record for ANY game on 2026-08-01 at T-8h
  2026-08-01 CHI v LVA T-30m   missing_job_did_not_run    no base record for ANY game on 2026-08-01 at T-30m
  2026-08-01 PHX v NYL T-24h   missing_job_did_not_run    no base record for ANY game on 2026-08-01 at T-24h
  2026-08-01 PHX v NYL T-8h    missing_job_did_not_run    no base record for ANY game on 2026-08-01 at T-8h
  2026-08-01 PHX v NYL T-30m   missing_job_did_not_run    no base record for ANY game on 2026-08-01 at T-30m
  2026-08-02 DAL v CON T-24h   missing_job_did_not_run    no base record for ANY game on 2026-08-02 at T-24h
  2026-08-02 DAL v CON T-8h    missing_job_did_not_run    no base record for ANY game on 2026-08-02 at T-8h
  2026-08-02 DAL v CON T-90m   missing_job_did_not_run    no base record for ANY game on 2026-08-02 at T-90m
  2026-08-02 DAL v CON T-30m   missing_job_did_not_run    no base record for ANY game on 2026-08-02 at T-30m
  2026-08-02 GSV v TOR T-24h   missing_job_did_not_run    no base record for ANY game on 2026-08-02 at T-24h
  2026-08-02 GSV v TOR T-8h    missing_job_did_not_run    no base record for ANY game on 2026-08-02 at T-8h
  2026-08-02 GSV v TOR T-90m   missing_job_did_not_run    no base record for ANY game on 2026-08-02 at T-90m
  2026-08-02 GSV v TOR T-30m   missing_job_did_not_run    no base record for ANY game on 2026-08-02 at T-30m
  2026-08-02 MIN v IND T-24h   missing_job_did_not_run    no base record for ANY game on 2026-08-02 at T-24h
  2026-08-02 MIN v IND T-8h    missing_job_did_not_run    no base record for ANY game on 2026-08-02 at T-8h
  2026-08-02 MIN v IND T-90m   missing_job_did_not_run    no base record for ANY game on 2026-08-02 at T-90m
  2026-08-02 MIN v IND T-30m   missing_job_did_not_run    no base record for ANY game on 2026-08-02 at T-30m
  2026-08-02 PDX v LAS T-24h   missing_job_did_not_run    no base record for ANY game on 2026-08-02 at T-24h
  2026-08-02 PDX v LAS T-8h    missing_job_did_not_run    no base record for ANY game on 2026-08-02 at T-8h
  2026-08-02 PDX v LAS T-90m   missing_job_did_not_run    no base record for ANY game on 2026-08-02 at T-90m
  2026-08-02 PDX v LAS T-30m   missing_job_did_not_run    no base record for ANY game on 2026-08-02 at T-30m
  2026-08-03 NYL v SEA T-24h   missing_job_did_not_run    no base record for ANY game on 2026-08-03 at T-24h
  2026-08-03 NYL v SEA T-30m   late_record                created 2026-08-03T22:45:08.958486+00:00 after cutoff
  2026-08-03 ATL v LVA T-24h   missing_job_did_not_run    no base record for ANY game on 2026-08-03 at T-24h
  2026-08-03 ATL v LVA T-30m   late_record                created 2026-08-03T22:45:08.976775+00:00 after cutoff
  2026-08-03 CHI v PHX T-24h   missing_job_did_not_run    no base record for ANY game on 2026-08-03 at T-24h
  2026-08-03 CHI v PHX T-30m   missing_data_unavailable   job served 2 other game(s) on 2026-08-03 at T-30m
  2026-08-04 GSV v TOR T-24h   missing_job_did_not_run    no base record for ANY game on 2026-08-04 at T-24h
  2026-08-05 WAS v DAL T-24h   missing_job_did_not_run    no base record for ANY game on 2026-08-05 at T-24h
  2026-08-05 NYL v SEA T-24h   missing_job_did_not_run    no base record for ANY game on 2026-08-05 at T-24h
  2026-08-05 NYL v SEA T-30m   late_record                created 2026-08-05T22:45:07.299457+00:00 after cutoff
  2026-08-05 ATL v PHX T-24h   missing_job_did_not_run    no base record for ANY game on 2026-08-05 at T-24h
  2026-08-05 ATL v PHX T-30m   late_record                created 2026-08-05T22:45:07.274521+00:00 after cutoff
  2026-08-05 CHI v LAS T-24h   missing_job_did_not_run    no base record for ANY game on 2026-08-05 at T-24h
  2026-08-05 CHI v LAS T-30m   missing_data_unavailable   job served 3 other game(s) on 2026-08-05 at T-30m
  2026-08-06 IND v LVA T-24h   missing_job_did_not_run    no base record for ANY game on 2026-08-06 at T-24h
  2026-08-06 IND v LVA T-30m   late_record                created 2026-08-06T22:45:09.382682+00:00 after cutoff
  2026-08-06 PDX v TOR T-24h   missing_job_did_not_run    no base record for ANY game on 2026-08-06 at T-24h
  2026-08-06 MIN v LAS T-24h   missing_job_did_not_run    no base record for ANY game on 2026-08-06 at T-24h
  2026-08-06 MIN v LAS T-30m   missing_data_unavailable   job served 2 other game(s) on 2026-08-06 at T-30m
  2026-08-07 WAS v ATL T-24h   missing_job_did_not_run    no base record for ANY game on 2026-08-07 at T-24h
  2026-08-07 CON v PHX T-24h   missing_job_did_not_run    no base record for ANY game on 2026-08-07 at T-24h
  2026-08-07 DAL v GSV T-24h   missing_job_did_not_run    no base record for ANY game on 2026-08-07 at T-24h
  2026-08-08 CHI v IND T-24h   missing_job_did_not_run    no base record for ANY game on 2026-08-08 at T-24h
  2026-08-08 CHI v IND T-90m   missing_data_unavailable   job served 2 other game(s) on 2026-08-08 at T-90m
  2026-08-08 CHI v IND T-30m   missing_data_unavailable   job served 1 other game(s) on 2026-08-08 at T-30m
  2026-08-08 MIN v LVA T-24h   missing_job_did_not_run    no base record for ANY game on 2026-08-08 at T-24h
  2026-08-08 MIN v LVA T-30m   missing_data_unavailable   job served 1 other game(s) on 2026-08-08 at T-30m
  2026-08-08 PDX v SEA T-24h   missing_job_did_not_run    no base record for ANY game on 2026-08-08 at T-24h
  2026-08-09 WAS v PHX T-24h   missing_job_did_not_run    no base record for ANY game on 2026-08-09 at T-24h
  2026-08-09 WAS v PHX T-8h    missing_job_did_not_run    no base record for ANY game on 2026-08-09 at T-8h
  2026-08-09 WAS v PHX T-90m   missing_job_did_not_run    no base record for ANY game on 2026-08-09 at T-90m
  2026-08-09 WAS v PHX T-30m   missing_job_did_not_run    no base record for ANY game on 2026-08-09 at T-30m
  2026-08-09 LAS v GSV T-24h   missing_job_did_not_run    no base record for ANY game on 2026-08-09 at T-24h
  2026-08-09 LAS v GSV T-8h    missing_job_did_not_run    no base record for ANY game on 2026-08-09 at T-8h
  2026-08-09 LAS v GSV T-90m   missing_job_did_not_run    no base record for ANY game on 2026-08-09 at T-90m
  2026-08-09 LAS v GSV T-30m   missing_job_did_not_run    no base record for ANY game on 2026-08-09 at T-30m
  2026-08-09 NYL v LVA T-24h   missing_job_did_not_run    no base record for ANY game on 2026-08-09 at T-24h
  2026-08-09 NYL v LVA T-8h    missing_job_did_not_run    no base record for ANY game on 2026-08-09 at T-8h
  2026-08-09 NYL v LVA T-90m   missing_job_did_not_run    no base record for ANY game on 2026-08-09 at T-90m
  2026-08-09 NYL v LVA T-30m   missing_job_did_not_run    no base record for ANY game on 2026-08-09 at T-30m
  2026-08-09 MIN v DAL T-24h   missing_job_did_not_run    no base record for ANY game on 2026-08-09 at T-24h
  2026-08-09 MIN v DAL T-8h    missing_job_did_not_run    no base record for ANY game on 2026-08-09 at T-8h
  2026-08-09 MIN v DAL T-90m   missing_job_did_not_run    no base record for ANY game on 2026-08-09 at T-90m
  2026-08-09 MIN v DAL T-30m   missing_job_did_not_run    no base record for ANY game on 2026-08-09 at T-30m
  2026-08-15 WAS v LAS T-24h   missing_job_did_not_run    no base record for ANY game on 2026-08-15 at T-24h
  2026-08-15 WAS v LAS T-8h    missing_job_did_not_run    no base record for ANY game on 2026-08-15 at T-8h
  2026-08-15 LVA v MIN T-24h   missing_job_did_not_run    no base record for ANY game on 2026-08-15 at T-24h
  2026-08-15 LVA v MIN T-8h    missing_job_did_not_run    no base record for ANY game on 2026-08-15 at T-8h
  2026-08-16 ATL v IND T-24h   missing_job_did_not_run    no base record for ANY game on 2026-08-16 at T-24h
  2026-08-16 ATL v IND T-8h    missing_job_did_not_run    no base record for ANY game on 2026-08-16 at T-8h
  2026-08-16 ATL v IND T-30m   missing_data_unavailable   job served 1 other game(s) on 2026-08-16 at T-30m
  2026-08-16 SEA v CHI T-24h   missing_job_did_not_run    no base record for ANY game on 2026-08-16 at T-24h
  2026-08-16 SEA v CHI T-8h    missing_job_did_not_run    no base record for ANY game on 2026-08-16 at T-8h
  2026-08-16 SEA v CHI T-30m   missing_data_unavailable   job served 1 other game(s) on 2026-08-16 at T-30m
  2026-08-16 PHX v PDX T-24h   missing_job_did_not_run    no base record for ANY game on 2026-08-16 at T-24h
  2026-08-16 PHX v PDX T-8h    missing_job_did_not_run    no base record for ANY game on 2026-08-16 at T-8h
  2026-08-17 GSV v DAL T-24h   missing_job_did_not_run    no base record for ANY game on 2026-08-17 at T-24h

wrote forecasts/coverage_audit.csv and forecasts/coverage_receipt.json
[audit] exit=0 
==== Sun 08/16/2026 23:30:02.85 ==== 
[gate] 2026-08-17T03:30:04.215174+00:00  fire=False  -- no unserved obligation inside its 20-minute lead window (5 upcoming game(s) examined); 5 slate game(s) have no official game_id and were served under a provisional id: GSV v DAL (2026-08-17) -> PROV-2026-08-17-DAL@GSV, CON v LAS (2026-08-18) -> PROV-2026-08-18-LAS@CON, TOR v IND (2026-08-18) -> PROV-2026-08-18-IND@TOR, LVA v ATL (2026-08-18) -> PROV-2026-08-18-ATL@LVA, CHI v NYL (2026-08-18) -> PROV-2026-08-18-NYL@CHI
       GSV v DAL      T-24h   unserved cutoff 2026-08-17T02:00:00 (-90 min) 
       CON v LAS      T-24h   unserved cutoff 2026-08-17T23:00:00 (+1170 min) 
       TOR v IND      T-24h   unserved cutoff 2026-08-17T23:00:00 (+1170 min) 
       LVA v ATL      T-24h   unserved cutoff 2026-08-18T02:00:00 (+1350 min) 
       CHI v NYL      T-24h   unserved cutoff 2026-08-18T01:00:00 (+1290 min) 
[gate] skipping the base job
[base] skipped - no unserved obligation in its lead window 
[base] exit=0 
================================================================================================
PROSPECTIVE PAIR RUNNER  2026-08-17T03:30:05.782194+00:00  model=ridge_score_level_w2c1_v1 hash=5d295bb8b99cd34e
================================================================================================
base records in official chain: 78
  late_prevented #0 ATL v SEA @ T-8h                cutoff 2026-07-31T15:35:00+00:00 already passed at 2026-08-1
  late_prevented #1 WAS v DAL @ T-8h                cutoff 2026-07-31T15:35:00+00:00 already passed at 2026-08-1
  late_prevented #2 PDX v IND @ T-8h                cutoff 2026-07-31T18:06:00+00:00 already passed at 2026-08-1
  late_prevented #3 ATL v SEA @ T-30m               cutoff 2026-07-31T23:05:00+00:00 already passed at 2026-08-1
  late_prevented #4 WAS v DAL @ T-30m               cutoff 2026-07-31T23:05:00+00:00 already passed at 2026-08-1
  late_prevented #5 PDX v IND @ T-90m               cutoff 2026-08-01T00:36:00+00:00 already passed at 2026-08-1
  late_prevented #6 CHI v LVA @ T-90m               cutoff 2026-08-01T15:35:00+00:00 already passed at 2026-08-1
  late_prevented #7 PHX v NYL @ T-90m               cutoff 2026-08-01T17:34:00+00:00 already passed at 2026-08-1
  skip           #8 CHI v LVA @ unknown-tip         base record is an explicit no-forecast; nothing to pair
  skip           #9 PHX v NYL @ unknown-tip         base record is an explicit no-forecast; nothing to pair
  late_prevented #10 NYL v SEA @ T-8h               cutoff 2026-08-03T15:04:00+00:00 already passed at 2026-08-1
  late_prevented #11 ATL v LVA @ T-8h               cutoff 2026-08-03T15:14:00+00:00 already passed at 2026-08-1
  late_prevented #12 CHI v PHX @ T-8h               cutoff 2026-08-03T17:08:00+00:00 already passed at 2026-08-1
  already_logged #13 NYL v SEA @ T-90m              idempotent: pair exists
  already_logged #14 ATL v LVA @ T-90m              idempotent: pair exists
  already_logged #15 CHI v PHX @ T-90m              idempotent: pair exists
  already_logged #16 NYL v SEA @ T-90m              idempotent: pair exists
  already_logged #17 ATL v LVA @ T-90m              idempotent: pair exists
  already_logged #18 CHI v PHX @ T-90m              idempotent: pair exists
  late_prevented #19 NYL v SEA @ T-30m              cutoff 2026-08-03T22:34:00+00:00 already passed at 2026-08-1
  late_prevented #20 ATL v LVA @ T-30m              cutoff 2026-08-03T22:44:00+00:00 already passed at 2026-08-1
  already_logged #21 CHI v PHX @ T-90m              idempotent: pair exists
  already_logged #22 GSV v TOR @ T-8h               idempotent: pair exists
  already_logged #23 GSV v TOR @ T-90m              idempotent: pair exists
  already_logged #24 GSV v TOR @ T-30m              idempotent: pair exists
  already_logged #25 ATL v PHX @ T-8h               idempotent: pair exists
  already_logged #26 NYL v SEA @ T-8h               idempotent: pair exists
  already_logged #27 WAS v DAL @ T-8h               idempotent: pair exists
  already_logged #28 CHI v LAS @ T-8h               idempotent: pair exists
  already_logged #29 ATL v PHX @ T-90m              idempotent: pair exists
  already_logged #30 NYL v SEA @ T-90m              idempotent: pair exists
  already_logged #31 WAS v DAL @ T-90m              idempotent: pair exists
  already_logged #32 CHI v LAS @ T-90m              idempotent: pair exists
  late_prevented #33 ATL v PHX @ T-30m              cutoff 2026-08-05T22:33:00+00:00 already passed at 2026-08-1
  late_prevented #34 NYL v SEA @ T-30m              cutoff 2026-08-05T22:38:00+00:00 already passed at 2026-08-1
  already_logged #35 WAS v DAL @ T-30m              idempotent: pair exists
  already_logged #36 CHI v LAS @ T-90m              idempotent: pair exists
  already_logged #37 IND v LVA @ T-8h               idempotent: pair exists
  already_logged #38 MIN v LAS @ T-8h               idempotent: pair exists
  already_logged #39 PDX v TOR @ T-8h               idempotent: pair exists
  already_logged #40 IND v LVA @ T-90m              idempotent: pair exists
  already_logged #41 MIN v LAS @ T-90m              idempotent: pair exists
  already_logged #42 PDX v TOR @ T-90m              idempotent: pair exists
  late_prevented #43 IND v LVA @ T-30m              cutoff 2026-08-06T22:36:00+00:00 already passed at 2026-08-1
  already_logged #44 PDX v TOR @ T-30m              idempotent: pair exists
  already_logged #45 CON v PHX @ T-8h               idempotent: pair exists
  already_logged #46 WAS v ATL @ T-8h               idempotent: pair exists
  already_logged #47 DAL v GSV @ T-8h               idempotent: pair exists
  already_logged #48 CON v PHX @ T-90m              idempotent: pair exists
  already_logged #49 WAS v ATL @ T-90m              idempotent: pair exists
  already_logged #50 DAL v GSV @ T-90m              idempotent: pair exists
  already_logged #51 CON v PHX @ T-30m              idempotent: pair exists
  already_logged #52 WAS v ATL @ T-30m              idempotent: pair exists
  already_logged #53 DAL v GSV @ T-30m              idempotent: pair exists
  already_logged #54 MIN v LVA @ T-8h               idempotent: pair exists
  already_logged #55 CHI v IND @ T-8h               idempotent: pair exists
  already_logged #56 PDX v SEA @ T-8h               idempotent: pair exists
  already_logged #57 MIN v LVA @ T-90m              idempotent: pair exists
  late_prevented #58 CHI v IND @ T-8h               cutoff 2026-08-08T11:35:00+00:00 already passed at 2026-08-1
  already_logged #59 PDX v SEA @ T-8h               idempotent: pair exists
  already_logged #60 PDX v SEA @ T-90m              idempotent: pair exists
  skip           #61 CHI v IND @ unknown-tip        base record is an explicit no-forecast; nothing to pair
  skip           #62 MIN v LVA @ unknown-tip        base record is an explicit no-forecast; nothing to pair
  already_logged #63 PDX v SEA @ T-30m              idempotent: pair exists
  already_logged #64 WAS v LAS @ T-90m              idempotent: pair exists
  already_logged #65 LVA v MIN @ T-90m              idempotent: pair exists
  already_logged #66 WAS v LAS @ T-30m              idempotent: pair exists
  late_prevented #67 LVA v MIN @ T-90m              cutoff 2026-08-15T22:35:00+00:00 already passed at 2026-08-1
  skip           #68 CON v NYL @ unknown-tip        base record is an explicit no-forecast; nothing to pair
  late_prevented #69 LVA v MIN @ T-30m              cutoff 2026-08-15T23:35:00+00:00 already passed at 2026-08-1
  already_logged #70 ATL v IND @ T-90m              idempotent: pair exists
  already_logged #71 SEA v CHI @ T-90m              idempotent: pair exists
  already_logged #72 PHX v PDX @ T-90m              idempotent: pair exists
  already_logged #73 PHX v PDX @ T-30m              idempotent: pair exists
  late_prevented #74 PHX v PDX @ T-30m              cutoff 2026-08-16T22:38:00+00:00 already passed at 2026-08-1
  skip           #75 ATL v IND @ unknown-tip        base record is an explicit no-forecast; nothing to pair
  skip           #76 SEA v CHI @ unknown-tip        base record is an explicit no-forecast; nothing to pair
  skip           #77 PHX v PDX @ unknown-tip        base record is an explicit no-forecast; nothing to pair

  already_logged=50, late_prevented=20, skip=8
  arm chain: ok=True n=45 tip=ed3d0ca9d3a991c1
  receipt appended to prospective_pair_runs.jsonl
[arm] exit=0 
====================================================================================================
FORECAST COVERAGE AUDIT   generated 2026-08-17T03:30:07.494960+00:00
====================================================================================================

CUMULATIVE by classification
  missing_job_did_not_run      66
  forecast_logged              56
  not_yet_due                  19
  before_period_start          15
  missing_data_unavailable     11
  late_record                  5

  obligations 172 | due 138 | served 56 | coverage 40.6%
  operational misses 66 | unexplained 0
  PROMOTION-GRADE: NO   (needs >= 95% served, <= 0 operational misses, all explained)

DAILY
  date         oblig  served     due     excl    opmiss arm_recs
  2026-07-30      12       0       0       12         0        0
  2026-07-31      12       6       9        3         0        0
  2026-08-01       8       2       8        0         6        0
  2026-08-02      16       0      16        0        16        0
  2026-08-03      12       6      12        0         3        3
  2026-08-04       4       3       4        0         1        3
  2026-08-05      16       9      16        0         4        9
  2026-08-06      12       7      12        0         3        7
  2026-08-07      12       9      12        0         3        9
  2026-08-08      12       6      12        0         3        4
  2026-08-09      16       0      16        0        16        0
  2026-08-15       8       4       8        0         4        1
  2026-08-16      12       4      12        0         6        0
  2026-08-17       4       0       1        3         1        0
  2026-08-18      16       0       0       16         0        0

EVERY MISSING OR IRREGULAR OBLIGATION (each must carry an explanation)
  2026-07-31 ATL v SEA T-90m   missing_data_unavailable   job served 1 other game(s) on 2026-07-31 at T-90m
  2026-07-31 WAS v DAL T-90m   missing_data_unavailable   job served 1 other game(s) on 2026-07-31 at T-90m
  2026-07-31 PDX v IND T-30m   missing_data_unavailable   job served 2 other game(s) on 2026-07-31 at T-30m
  2026-08-01 CHI v LVA T-24h   missing_job_did_not_run    no base record for ANY game on 2026-08-01 at T-24h
  2026-08-01 CHI v LVA T-8h    missing_job_did_not_run    no base record for ANY game on 2026-08-01 at T-8h
  2026-08-01 CHI v LVA T-30m   missing_job_did_not_run    no base record for ANY game on 2026-08-01 at T-30m
  2026-08-01 PHX v NYL T-24h   missing_job_did_not_run    no base record for ANY game on 2026-08-01 at T-24h
  2026-08-01 PHX v NYL T-8h    missing_job_did_not_run    no base record for ANY game on 2026-08-01 at T-8h
  2026-08-01 PHX v NYL T-30m   missing_job_did_not_run    no base record for ANY game on 2026-08-01 at T-30m
  2026-08-02 DAL v CON T-24h   missing_job_did_not_run    no base record for ANY game on 2026-08-02 at T-24h
  2026-08-02 DAL v CON T-8h    missing_job_did_not_run    no base record for ANY game on 2026-08-02 at T-8h
  2026-08-02 DAL v CON T-90m   missing_job_did_not_run    no base record for ANY game on 2026-08-02 at T-90m
  2026-08-02 DAL v CON T-30m   missing_job_did_not_run    no base record for ANY game on 2026-08-02 at T-30m
  2026-08-02 GSV v TOR T-24h   missing_job_did_not_run    no base record for ANY game on 2026-08-02 at T-24h
  2026-08-02 GSV v TOR T-8h    missing_job_did_not_run    no base record for ANY game on 2026-08-02 at T-8h
  2026-08-02 GSV v TOR T-90m   missing_job_did_not_run    no base record for ANY game on 2026-08-02 at T-90m
  2026-08-02 GSV v TOR T-30m   missing_job_did_not_run    no base record for ANY game on 2026-08-02 at T-30m
  2026-08-02 MIN v IND T-24h   missing_job_did_not_run    no base record for ANY game on 2026-08-02 at T-24h
  2026-08-02 MIN v IND T-8h    missing_job_did_not_run    no base record for ANY game on 2026-08-02 at T-8h
  2026-08-02 MIN v IND T-90m   missing_job_did_not_run    no base record for ANY game on 2026-08-02 at T-90m
  2026-08-02 MIN v IND T-30m   missing_job_did_not_run    no base record for ANY game on 2026-08-02 at T-30m
  2026-08-02 PDX v LAS T-24h   missing_job_did_not_run    no base record for ANY game on 2026-08-02 at T-24h
  2026-08-02 PDX v LAS T-8h    missing_job_did_not_run    no base record for ANY game on 2026-08-02 at T-8h
  2026-08-02 PDX v LAS T-90m   missing_job_did_not_run    no base record for ANY game on 2026-08-02 at T-90m
  2026-08-02 PDX v LAS T-30m   missing_job_did_not_run    no base record for ANY game on 2026-08-02 at T-30m
  2026-08-03 NYL v SEA T-24h   missing_job_did_not_run    no base record for ANY game on 2026-08-03 at T-24h
  2026-08-03 NYL v SEA T-30m   late_record                created 2026-08-03T22:45:08.958486+00:00 after cutoff
  2026-08-03 ATL v LVA T-24h   missing_job_did_not_run    no base record for ANY game on 2026-08-03 at T-24h
  2026-08-03 ATL v LVA T-30m   late_record                created 2026-08-03T22:45:08.976775+00:00 after cutoff
  2026-08-03 CHI v PHX T-24h   missing_job_did_not_run    no base record for ANY game on 2026-08-03 at T-24h
  2026-08-03 CHI v PHX T-30m   missing_data_unavailable   job served 2 other game(s) on 2026-08-03 at T-30m
  2026-08-04 GSV v TOR T-24h   missing_job_did_not_run    no base record for ANY game on 2026-08-04 at T-24h
  2026-08-05 WAS v DAL T-24h   missing_job_did_not_run    no base record for ANY game on 2026-08-05 at T-24h
  2026-08-05 NYL v SEA T-24h   missing_job_did_not_run    no base record for ANY game on 2026-08-05 at T-24h
  2026-08-05 NYL v SEA T-30m   late_record                created 2026-08-05T22:45:07.299457+00:00 after cutoff
  2026-08-05 ATL v PHX T-24h   missing_job_did_not_run    no base record for ANY game on 2026-08-05 at T-24h
  2026-08-05 ATL v PHX T-30m   late_record                created 2026-08-05T22:45:07.274521+00:00 after cutoff
  2026-08-05 CHI v LAS T-24h   missing_job_did_not_run    no base record for ANY game on 2026-08-05 at T-24h
  2026-08-05 CHI v LAS T-30m   missing_data_unavailable   job served 3 other game(s) on 2026-08-05 at T-30m
  2026-08-06 IND v LVA T-24h   missing_job_did_not_run    no base record for ANY game on 2026-08-06 at T-24h
  2026-08-06 IND v LVA T-30m   late_record                created 2026-08-06T22:45:09.382682+00:00 after cutoff
  2026-08-06 PDX v TOR T-24h   missing_job_did_not_run    no base record for ANY game on 2026-08-06 at T-24h
  2026-08-06 MIN v LAS T-24h   missing_job_did_not_run    no base record for ANY game on 2026-08-06 at T-24h
  2026-08-06 MIN v LAS T-30m   missing_data_unavailable   job served 2 other game(s) on 2026-08-06 at T-30m
  2026-08-07 WAS v ATL T-24h   missing_job_did_not_run    no base record for ANY game on 2026-08-07 at T-24h
  2026-08-07 CON v PHX T-24h   missing_job_did_not_run    no base record for ANY game on 2026-08-07 at T-24h
  2026-08-07 DAL v GSV T-24h   missing_job_did_not_run    no base record for ANY game on 2026-08-07 at T-24h
  2026-08-08 CHI v IND T-24h   missing_job_did_not_run    no base record for ANY game on 2026-08-08 at T-24h
  2026-08-08 CHI v IND T-90m   missing_data_unavailable   job served 2 other game(s) on 2026-08-08 at T-90m
  2026-08-08 CHI v IND T-30m   missing_data_unavailable   job served 1 other game(s) on 2026-08-08 at T-30m
  2026-08-08 MIN v LVA T-24h   missing_job_did_not_run    no base record for ANY game on 2026-08-08 at T-24h
  2026-08-08 MIN v LVA T-30m   missing_data_unavailable   job served 1 other game(s) on 2026-08-08 at T-30m
  2026-08-08 PDX v SEA T-24h   missing_job_did_not_run    no base record for ANY game on 2026-08-08 at T-24h
  2026-08-09 WAS v PHX T-24h   missing_job_did_not_run    no base record for ANY game on 2026-08-09 at T-24h
  2026-08-09 WAS v PHX T-8h    missing_job_did_not_run    no base record for ANY game on 2026-08-09 at T-8h
  2026-08-09 WAS v PHX T-90m   missing_job_did_not_run    no base record for ANY game on 2026-08-09 at T-90m
  2026-08-09 WAS v PHX T-30m   missing_job_did_not_run    no base record for ANY game on 2026-08-09 at T-30m
  2026-08-09 LAS v GSV T-24h   missing_job_did_not_run    no base record for ANY game on 2026-08-09 at T-24h
  2026-08-09 LAS v GSV T-8h    missing_job_did_not_run    no base record for ANY game on 2026-08-09 at T-8h
  2026-08-09 LAS v GSV T-90m   missing_job_did_not_run    no base record for ANY game on 2026-08-09 at T-90m
  2026-08-09 LAS v GSV T-30m   missing_job_did_not_run    no base record for ANY game on 2026-08-09 at T-30m
  2026-08-09 NYL v LVA T-24h   missing_job_did_not_run    no base record for ANY game on 2026-08-09 at T-24h
  2026-08-09 NYL v LVA T-8h    missing_job_did_not_run    no base record for ANY game on 2026-08-09 at T-8h
  2026-08-09 NYL v LVA T-90m   missing_job_did_not_run    no base record for ANY game on 2026-08-09 at T-90m
  2026-08-09 NYL v LVA T-30m   missing_job_did_not_run    no base record for ANY game on 2026-08-09 at T-30m
  2026-08-09 MIN v DAL T-24h   missing_job_did_not_run    no base record for ANY game on 2026-08-09 at T-24h
  2026-08-09 MIN v DAL T-8h    missing_job_did_not_run    no base record for ANY game on 2026-08-09 at T-8h
  2026-08-09 MIN v DAL T-90m   missing_job_did_not_run    no base record for ANY game on 2026-08-09 at T-90m
  2026-08-09 MIN v DAL T-30m   missing_job_did_not_run    no base record for ANY game on 2026-08-09 at T-30m
  2026-08-15 WAS v LAS T-24h   missing_job_did_not_run    no base record for ANY game on 2026-08-15 at T-24h
  2026-08-15 WAS v LAS T-8h    missing_job_did_not_run    no base record for ANY game on 2026-08-15 at T-8h
  2026-08-15 LVA v MIN T-24h   missing_job_did_not_run    no base record for ANY game on 2026-08-15 at T-24h
  2026-08-15 LVA v MIN T-8h    missing_job_did_not_run    no base record for ANY game on 2026-08-15 at T-8h
  2026-08-16 ATL v IND T-24h   missing_job_did_not_run    no base record for ANY game on 2026-08-16 at T-24h
  2026-08-16 ATL v IND T-8h    missing_job_did_not_run    no base record for ANY game on 2026-08-16 at T-8h
  2026-08-16 ATL v IND T-30m   missing_data_unavailable   job served 1 other game(s) on 2026-08-16 at T-30m
  2026-08-16 SEA v CHI T-24h   missing_job_did_not_run    no base record for ANY game on 2026-08-16 at T-24h
  2026-08-16 SEA v CHI T-8h    missing_job_did_not_run    no base record for ANY game on 2026-08-16 at T-8h
  2026-08-16 SEA v CHI T-30m   missing_data_unavailable   job served 1 other game(s) on 2026-08-16 at T-30m
  2026-08-16 PHX v PDX T-24h   missing_job_did_not_run    no base record for ANY game on 2026-08-16 at T-24h
  2026-08-16 PHX v PDX T-8h    missing_job_did_not_run    no base record for ANY game on 2026-08-16 at T-8h
  2026-08-17 GSV v DAL T-24h   missing_job_did_not_run    no base record for ANY game on 2026-08-17 at T-24h

wrote forecasts/coverage_audit.csv and forecasts/coverage_receipt.json
[audit] exit=0 
==== Sun 08/16/2026 23:45:02.76 ==== 
[gate] 2026-08-17T03:45:04.125794+00:00  fire=False  -- no unserved obligation inside its 20-minute lead window (5 upcoming game(s) examined); 5 slate game(s) have no official game_id and were served under a provisional id: GSV v DAL (2026-08-17) -> PROV-2026-08-17-DAL@GSV, CON v LAS (2026-08-18) -> PROV-2026-08-18-LAS@CON, TOR v IND (2026-08-18) -> PROV-2026-08-18-IND@TOR, LVA v ATL (2026-08-18) -> PROV-2026-08-18-ATL@LVA, CHI v NYL (2026-08-18) -> PROV-2026-08-18-NYL@CHI
       GSV v DAL      T-24h   unserved cutoff 2026-08-17T02:00:00 (-105 min) 
       CON v LAS      T-24h   unserved cutoff 2026-08-17T23:00:00 (+1155 min) 
       TOR v IND      T-24h   unserved cutoff 2026-08-17T23:00:00 (+1155 min) 
       LVA v ATL      T-24h   unserved cutoff 2026-08-18T02:00:00 (+1335 min) 
       CHI v NYL      T-24h   unserved cutoff 2026-08-18T01:00:00 (+1275 min) 
[gate] skipping the base job
[base] skipped - no unserved obligation in its lead window 
[base] exit=0 
================================================================================================
PROSPECTIVE PAIR RUNNER  2026-08-17T03:45:05.737231+00:00  model=ridge_score_level_w2c1_v1 hash=5d295bb8b99cd34e
================================================================================================
base records in official chain: 78
  late_prevented #0 ATL v SEA @ T-8h                cutoff 2026-07-31T15:35:00+00:00 already passed at 2026-08-1
  late_prevented #1 WAS v DAL @ T-8h                cutoff 2026-07-31T15:35:00+00:00 already passed at 2026-08-1
  late_prevented #2 PDX v IND @ T-8h                cutoff 2026-07-31T18:06:00+00:00 already passed at 2026-08-1
  late_prevented #3 ATL v SEA @ T-30m               cutoff 2026-07-31T23:05:00+00:00 already passed at 2026-08-1
  late_prevented #4 WAS v DAL @ T-30m               cutoff 2026-07-31T23:05:00+00:00 already passed at 2026-08-1
  late_prevented #5 PDX v IND @ T-90m               cutoff 2026-08-01T00:36:00+00:00 already passed at 2026-08-1
  late_prevented #6 CHI v LVA @ T-90m               cutoff 2026-08-01T15:35:00+00:00 already passed at 2026-08-1
  late_prevented #7 PHX v NYL @ T-90m               cutoff 2026-08-01T17:34:00+00:00 already passed at 2026-08-1
  skip           #8 CHI v LVA @ unknown-tip         base record is an explicit no-forecast; nothing to pair
  skip           #9 PHX v NYL @ unknown-tip         base record is an explicit no-forecast; nothing to pair
  late_prevented #10 NYL v SEA @ T-8h               cutoff 2026-08-03T15:04:00+00:00 already passed at 2026-08-1
  late_prevented #11 ATL v LVA @ T-8h               cutoff 2026-08-03T15:14:00+00:00 already passed at 2026-08-1
  late_prevented #12 CHI v PHX @ T-8h               cutoff 2026-08-03T17:08:00+00:00 already passed at 2026-08-1
  already_logged #13 NYL v SEA @ T-90m              idempotent: pair exists
  already_logged #14 ATL v LVA @ T-90m              idempotent: pair exists
  already_logged #15 CHI v PHX @ T-90m              idempotent: pair exists
  already_logged #16 NYL v SEA @ T-90m              idempotent: pair exists
  already_logged #17 ATL v LVA @ T-90m              idempotent: pair exists
  already_logged #18 CHI v PHX @ T-90m              idempotent: pair exists
  late_prevented #19 NYL v SEA @ T-30m              cutoff 2026-08-03T22:34:00+00:00 already passed at 2026-08-1
  late_prevented #20 ATL v LVA @ T-30m              cutoff 2026-08-03T22:44:00+00:00 already passed at 2026-08-1
  already_logged #21 CHI v PHX @ T-90m              idempotent: pair exists
  already_logged #22 GSV v TOR @ T-8h               idempotent: pair exists
  already_logged #23 GSV v TOR @ T-90m              idempotent: pair exists
  already_logged #24 GSV v TOR @ T-30m              idempotent: pair exists
  already_logged #25 ATL v PHX @ T-8h               idempotent: pair exists
  already_logged #26 NYL v SEA @ T-8h               idempotent: pair exists
  already_logged #27 WAS v DAL @ T-8h               idempotent: pair exists
  already_logged #28 CHI v LAS @ T-8h               idempotent: pair exists
  already_logged #29 ATL v PHX @ T-90m              idempotent: pair exists
  already_logged #30 NYL v SEA @ T-90m              idempotent: pair exists
  already_logged #31 WAS v DAL @ T-90m              idempotent: pair exists
  already_logged #32 CHI v LAS @ T-90m              idempotent: pair exists
  late_prevented #33 ATL v PHX @ T-30m              cutoff 2026-08-05T22:33:00+00:00 already passed at 2026-08-1
  late_prevented #34 NYL v SEA @ T-30m              cutoff 2026-08-05T22:38:00+00:00 already passed at 2026-08-1
  already_logged #35 WAS v DAL @ T-30m              idempotent: pair exists
  already_logged #36 CHI v LAS @ T-90m              idempotent: pair exists
  already_logged #37 IND v LVA @ T-8h               idempotent: pair exists
  already_logged #38 MIN v LAS @ T-8h               idempotent: pair exists
  already_logged #39 PDX v TOR @ T-8h               idempotent: pair exists
  already_logged #40 IND v LVA @ T-90m              idempotent: pair exists
  already_logged #41 MIN v LAS @ T-90m              idempotent: pair exists
  already_logged #42 PDX v TOR @ T-90m              idempotent: pair exists
  late_prevented #43 IND v LVA @ T-30m              cutoff 2026-08-06T22:36:00+00:00 already passed at 2026-08-1
  already_logged #44 PDX v TOR @ T-30m              idempotent: pair exists
  already_logged #45 CON v PHX @ T-8h               idempotent: pair exists
  already_logged #46 WAS v ATL @ T-8h               idempotent: pair exists
  already_logged #47 DAL v GSV @ T-8h               idempotent: pair exists
  already_logged #48 CON v PHX @ T-90m              idempotent: pair exists
  already_logged #49 WAS v ATL @ T-90m              idempotent: pair exists
  already_logged #50 DAL v GSV @ T-90m              idempotent: pair exists
  already_logged #51 CON v PHX @ T-30m              idempotent: pair exists
  already_logged #52 WAS v ATL @ T-30m              idempotent: pair exists
  already_logged #53 DAL v GSV @ T-30m              idempotent: pair exists
  already_logged #54 MIN v LVA @ T-8h               idempotent: pair exists
  already_logged #55 CHI v IND @ T-8h               idempotent: pair exists
  already_logged #56 PDX v SEA @ T-8h               idempotent: pair exists
  already_logged #57 MIN v LVA @ T-90m              idempotent: pair exists
  late_prevented #58 CHI v IND @ T-8h               cutoff 2026-08-08T11:35:00+00:00 already passed at 2026-08-1
  already_logged #59 PDX v SEA @ T-8h               idempotent: pair exists
  already_logged #60 PDX v SEA @ T-90m              idempotent: pair exists
  skip           #61 CHI v IND @ unknown-tip        base record is an explicit no-forecast; nothing to pair
  skip           #62 MIN v LVA @ unknown-tip        base record is an explicit no-forecast; nothing to pair
  already_logged #63 PDX v SEA @ T-30m              idempotent: pair exists
  already_logged #64 WAS v LAS @ T-90m              idempotent: pair exists
  already_logged #65 LVA v MIN @ T-90m              idempotent: pair exists
  already_logged #66 WAS v LAS @ T-30m              idempotent: pair exists
  late_prevented #67 LVA v MIN @ T-90m              cutoff 2026-08-15T22:35:00+00:00 already passed at 2026-08-1
  skip           #68 CON v NYL @ unknown-tip        base record is an explicit no-forecast; nothing to pair
  late_prevented #69 LVA v MIN @ T-30m              cutoff 2026-08-15T23:35:00+00:00 already passed at 2026-08-1
  already_logged #70 ATL v IND @ T-90m              idempotent: pair exists
  already_logged #71 SEA v CHI @ T-90m              idempotent: pair exists
  already_logged #72 PHX v PDX @ T-90m              idempotent: pair exists
  already_logged #73 PHX v PDX @ T-30m              idempotent: pair exists
  late_prevented #74 PHX v PDX @ T-30m              cutoff 2026-08-16T22:38:00+00:00 already passed at 2026-08-1
  skip           #75 ATL v IND @ unknown-tip        base record is an explicit no-forecast; nothing to pair
  skip           #76 SEA v CHI @ unknown-tip        base record is an explicit no-forecast; nothing to pair
  skip           #77 PHX v PDX @ unknown-tip        base record is an explicit no-forecast; nothing to pair

  already_logged=50, late_prevented=20, skip=8
  arm chain: ok=True n=45 tip=ed3d0ca9d3a991c1
  receipt appended to prospective_pair_runs.jsonl
[arm] exit=0 
====================================================================================================
FORECAST COVERAGE AUDIT   generated 2026-08-17T03:45:07.545890+00:00
====================================================================================================

CUMULATIVE by classification
  missing_job_did_not_run      66
  forecast_logged              56
  not_yet_due                  19
  before_period_start          15
  missing_data_unavailable     11
  late_record                  5

  obligations 172 | due 138 | served 56 | coverage 40.6%
  operational misses 66 | unexplained 0
  PROMOTION-GRADE: NO   (needs >= 95% served, <= 0 operational misses, all explained)

DAILY
  date         oblig  served     due     excl    opmiss arm_recs
  2026-07-30      12       0       0       12         0        0
  2026-07-31      12       6       9        3         0        0
  2026-08-01       8       2       8        0         6        0
  2026-08-02      16       0      16        0        16        0
  2026-08-03      12       6      12        0         3        3
  2026-08-04       4       3       4        0         1        3
  2026-08-05      16       9      16        0         4        9
  2026-08-06      12       7      12        0         3        7
  2026-08-07      12       9      12        0         3        9
  2026-08-08      12       6      12        0         3        4
  2026-08-09      16       0      16        0        16        0
  2026-08-15       8       4       8        0         4        1
  2026-08-16      12       4      12        0         6        0
  2026-08-17       4       0       1        3         1        0
  2026-08-18      16       0       0       16         0        0

EVERY MISSING OR IRREGULAR OBLIGATION (each must carry an explanation)
  2026-07-31 ATL v SEA T-90m   missing_data_unavailable   job served 1 other game(s) on 2026-07-31 at T-90m
  2026-07-31 WAS v DAL T-90m   missing_data_unavailable   job served 1 other game(s) on 2026-07-31 at T-90m
  2026-07-31 PDX v IND T-30m   missing_data_unavailable   job served 2 other game(s) on 2026-07-31 at T-30m
  2026-08-01 CHI v LVA T-24h   missing_job_did_not_run    no base record for ANY game on 2026-08-01 at T-24h
  2026-08-01 CHI v LVA T-8h    missing_job_did_not_run    no base record for ANY game on 2026-08-01 at T-8h
  2026-08-01 CHI v LVA T-30m   missing_job_did_not_run    no base record for ANY game on 2026-08-01 at T-30m
  2026-08-01 PHX v NYL T-24h   missing_job_did_not_run    no base record for ANY game on 2026-08-01 at T-24h
  2026-08-01 PHX v NYL T-8h    missing_job_did_not_run    no base record for ANY game on 2026-08-01 at T-8h
  2026-08-01 PHX v NYL T-30m   missing_job_did_not_run    no base record for ANY game on 2026-08-01 at T-30m
  2026-08-02 DAL v CON T-24h   missing_job_did_not_run    no base record for ANY game on 2026-08-02 at T-24h
  2026-08-02 DAL v CON T-8h    missing_job_did_not_run    no base record for ANY game on 2026-08-02 at T-8h
  2026-08-02 DAL v CON T-90m   missing_job_did_not_run    no base record for ANY game on 2026-08-02 at T-90m
  2026-08-02 DAL v CON T-30m   missing_job_did_not_run    no base record for ANY game on 2026-08-02 at T-30m
  2026-08-02 GSV v TOR T-24h   missing_job_did_not_run    no base record for ANY game on 2026-08-02 at T-24h
  2026-08-02 GSV v TOR T-8h    missing_job_did_not_run    no base record for ANY game on 2026-08-02 at T-8h
  2026-08-02 GSV v TOR T-90m   missing_job_did_not_run    no base record for ANY game on 2026-08-02 at T-90m
  2026-08-02 GSV v TOR T-30m   missing_job_did_not_run    no base record for ANY game on 2026-08-02 at T-30m
  2026-08-02 MIN v IND T-24h   missing_job_did_not_run    no base record for ANY game on 2026-08-02 at T-24h
  2026-08-02 MIN v IND T-8h    missing_job_did_not_run    no base record for ANY game on 2026-08-02 at T-8h
  2026-08-02 MIN v IND T-90m   missing_job_did_not_run    no base record for ANY game on 2026-08-02 at T-90m
  2026-08-02 MIN v IND T-30m   missing_job_did_not_run    no base record for ANY game on 2026-08-02 at T-30m
  2026-08-02 PDX v LAS T-24h   missing_job_did_not_run    no base record for ANY game on 2026-08-02 at T-24h
  2026-08-02 PDX v LAS T-8h    missing_job_did_not_run    no base record for ANY game on 2026-08-02 at T-8h
  2026-08-02 PDX v LAS T-90m   missing_job_did_not_run    no base record for ANY game on 2026-08-02 at T-90m
  2026-08-02 PDX v LAS T-30m   missing_job_did_not_run    no base record for ANY game on 2026-08-02 at T-30m
  2026-08-03 NYL v SEA T-24h   missing_job_did_not_run    no base record for ANY game on 2026-08-03 at T-24h
  2026-08-03 NYL v SEA T-30m   late_record                created 2026-08-03T22:45:08.958486+00:00 after cutoff
  2026-08-03 ATL v LVA T-24h   missing_job_did_not_run    no base record for ANY game on 2026-08-03 at T-24h
  2026-08-03 ATL v LVA T-30m   late_record                created 2026-08-03T22:45:08.976775+00:00 after cutoff
  2026-08-03 CHI v PHX T-24h   missing_job_did_not_run    no base record for ANY game on 2026-08-03 at T-24h
  2026-08-03 CHI v PHX T-30m   missing_data_unavailable   job served 2 other game(s) on 2026-08-03 at T-30m
  2026-08-04 GSV v TOR T-24h   missing_job_did_not_run    no base record for ANY game on 2026-08-04 at T-24h
  2026-08-05 WAS v DAL T-24h   missing_job_did_not_run    no base record for ANY game on 2026-08-05 at T-24h
  2026-08-05 NYL v SEA T-24h   missing_job_did_not_run    no base record for ANY game on 2026-08-05 at T-24h
  2026-08-05 NYL v SEA T-30m   late_record                created 2026-08-05T22:45:07.299457+00:00 after cutoff
  2026-08-05 ATL v PHX T-24h   missing_job_did_not_run    no base record for ANY game on 2026-08-05 at T-24h
  2026-08-05 ATL v PHX T-30m   late_record                created 2026-08-05T22:45:07.274521+00:00 after cutoff
  2026-08-05 CHI v LAS T-24h   missing_job_did_not_run    no base record for ANY game on 2026-08-05 at T-24h
  2026-08-05 CHI v LAS T-30m   missing_data_unavailable   job served 3 other game(s) on 2026-08-05 at T-30m
  2026-08-06 IND v LVA T-24h   missing_job_did_not_run    no base record for ANY game on 2026-08-06 at T-24h
  2026-08-06 IND v LVA T-30m   late_record                created 2026-08-06T22:45:09.382682+00:00 after cutoff
  2026-08-06 PDX v TOR T-24h   missing_job_did_not_run    no base record for ANY game on 2026-08-06 at T-24h
  2026-08-06 MIN v LAS T-24h   missing_job_did_not_run    no base record for ANY game on 2026-08-06 at T-24h
  2026-08-06 MIN v LAS T-30m   missing_data_unavailable   job served 2 other game(s) on 2026-08-06 at T-30m
  2026-08-07 WAS v ATL T-24h   missing_job_did_not_run    no base record for ANY game on 2026-08-07 at T-24h
  2026-08-07 CON v PHX T-24h   missing_job_did_not_run    no base record for ANY game on 2026-08-07 at T-24h
  2026-08-07 DAL v GSV T-24h   missing_job_did_not_run    no base record for ANY game on 2026-08-07 at T-24h
  2026-08-08 CHI v IND T-24h   missing_job_did_not_run    no base record for ANY game on 2026-08-08 at T-24h
  2026-08-08 CHI v IND T-90m   missing_data_unavailable   job served 2 other game(s) on 2026-08-08 at T-90m
  2026-08-08 CHI v IND T-30m   missing_data_unavailable   job served 1 other game(s) on 2026-08-08 at T-30m
  2026-08-08 MIN v LVA T-24h   missing_job_did_not_run    no base record for ANY game on 2026-08-08 at T-24h
  2026-08-08 MIN v LVA T-30m   missing_data_unavailable   job served 1 other game(s) on 2026-08-08 at T-30m
  2026-08-08 PDX v SEA T-24h   missing_job_did_not_run    no base record for ANY game on 2026-08-08 at T-24h
  2026-08-09 WAS v PHX T-24h   missing_job_did_not_run    no base record for ANY game on 2026-08-09 at T-24h
  2026-08-09 WAS v PHX T-8h    missing_job_did_not_run    no base record for ANY game on 2026-08-09 at T-8h
  2026-08-09 WAS v PHX T-90m   missing_job_did_not_run    no base record for ANY game on 2026-08-09 at T-90m
  2026-08-09 WAS v PHX T-30m   missing_job_did_not_run    no base record for ANY game on 2026-08-09 at T-30m
  2026-08-09 LAS v GSV T-24h   missing_job_did_not_run    no base record for ANY game on 2026-08-09 at T-24h
  2026-08-09 LAS v GSV T-8h    missing_job_did_not_run    no base record for ANY game on 2026-08-09 at T-8h
  2026-08-09 LAS v GSV T-90m   missing_job_did_not_run    no base record for ANY game on 2026-08-09 at T-90m
  2026-08-09 LAS v GSV T-30m   missing_job_did_not_run    no base record for ANY game on 2026-08-09 at T-30m
  2026-08-09 NYL v LVA T-24h   missing_job_did_not_run    no base record for ANY game on 2026-08-09 at T-24h
  2026-08-09 NYL v LVA T-8h    missing_job_did_not_run    no base record for ANY game on 2026-08-09 at T-8h
  2026-08-09 NYL v LVA T-90m   missing_job_did_not_run    no base record for ANY game on 2026-08-09 at T-90m
  2026-08-09 NYL v LVA T-30m   missing_job_did_not_run    no base record for ANY game on 2026-08-09 at T-30m
  2026-08-09 MIN v DAL T-24h   missing_job_did_not_run    no base record for ANY game on 2026-08-09 at T-24h
  2026-08-09 MIN v DAL T-8h    missing_job_did_not_run    no base record for ANY game on 2026-08-09 at T-8h
  2026-08-09 MIN v DAL T-90m   missing_job_did_not_run    no base record for ANY game on 2026-08-09 at T-90m
  2026-08-09 MIN v DAL T-30m   missing_job_did_not_run    no base record for ANY game on 2026-08-09 at T-30m
  2026-08-15 WAS v LAS T-24h   missing_job_did_not_run    no base record for ANY game on 2026-08-15 at T-24h
  2026-08-15 WAS v LAS T-8h    missing_job_did_not_run    no base record for ANY game on 2026-08-15 at T-8h
  2026-08-15 LVA v MIN T-24h   missing_job_did_not_run    no base record for ANY game on 2026-08-15 at T-24h
  2026-08-15 LVA v MIN T-8h    missing_job_did_not_run    no base record for ANY game on 2026-08-15 at T-8h
  2026-08-16 ATL v IND T-24h   missing_job_did_not_run    no base record for ANY game on 2026-08-16 at T-24h
  2026-08-16 ATL v IND T-8h    missing_job_did_not_run    no base record for ANY game on 2026-08-16 at T-8h
  2026-08-16 ATL v IND T-30m   missing_data_unavailable   job served 1 other game(s) on 2026-08-16 at T-30m
  2026-08-16 SEA v CHI T-24h   missing_job_did_not_run    no base record for ANY game on 2026-08-16 at T-24h
  2026-08-16 SEA v CHI T-8h    missing_job_did_not_run    no base record for ANY game on 2026-08-16 at T-8h
  2026-08-16 SEA v CHI T-30m   missing_data_unavailable   job served 1 other game(s) on 2026-08-16 at T-30m
  2026-08-16 PHX v PDX T-24h   missing_job_did_not_run    no base record for ANY game on 2026-08-16 at T-24h
  2026-08-16 PHX v PDX T-8h    missing_job_did_not_run    no base record for ANY game on 2026-08-16 at T-8h
  2026-08-17 GSV v DAL T-24h   missing_job_did_not_run    no base record for ANY game on 2026-08-17 at T-24h

wrote forecasts/coverage_audit.csv and forecasts/coverage_receipt.json
[audit] exit=0 
