==== Tue 08/04/2026  0:00:02.69 ==== 
[gate] 2026-08-04T04:00:05.841414+00:00  fire=False  -- no unserved obligation inside its 20-minute lead window
[gate] skipping the base job
[base] skipped - no unserved obligation in its lead window 
[base] exit=0 
================================================================================================
PROSPECTIVE PAIR RUNNER  2026-08-04T04:00:07.936330+00:00  model=ridge_score_level_w2c1_v1 hash=5d295bb8b99cd34e
================================================================================================
base records in official chain: 22
  late_prevented #0 ATL v SEA @ T-8h                cutoff 2026-07-31T15:35:00+00:00 already passed at 2026-08-0
  late_prevented #1 WAS v DAL @ T-8h                cutoff 2026-07-31T15:35:00+00:00 already passed at 2026-08-0
  late_prevented #2 PDX v IND @ T-8h                cutoff 2026-07-31T18:06:00+00:00 already passed at 2026-08-0
  late_prevented #3 ATL v SEA @ T-30m               cutoff 2026-07-31T23:05:00+00:00 already passed at 2026-08-0
  late_prevented #4 WAS v DAL @ T-30m               cutoff 2026-07-31T23:05:00+00:00 already passed at 2026-08-0
  late_prevented #5 PDX v IND @ T-90m               cutoff 2026-08-01T00:36:00+00:00 already passed at 2026-08-0
  late_prevented #6 CHI v LVA @ T-90m               cutoff 2026-08-01T15:35:00+00:00 already passed at 2026-08-0
  late_prevented #7 PHX v NYL @ T-90m               cutoff 2026-08-01T17:34:00+00:00 already passed at 2026-08-0
  skip           #8 CHI v LVA @ unknown-tip         base record is an explicit no-forecast; nothing to pair
  skip           #9 PHX v NYL @ unknown-tip         base record is an explicit no-forecast; nothing to pair
  late_prevented #10 NYL v SEA @ T-8h               cutoff 2026-08-03T15:04:00+00:00 already passed at 2026-08-0
  late_prevented #11 ATL v LVA @ T-8h               cutoff 2026-08-03T15:14:00+00:00 already passed at 2026-08-0
  late_prevented #12 CHI v PHX @ T-8h               cutoff 2026-08-03T17:08:00+00:00 already passed at 2026-08-0
  already_logged #13 NYL v SEA @ T-90m              idempotent: pair exists
  already_logged #14 ATL v LVA @ T-90m              idempotent: pair exists
  already_logged #15 CHI v PHX @ T-90m              idempotent: pair exists
  already_logged #16 NYL v SEA @ T-90m              idempotent: pair exists
  already_logged #17 ATL v LVA @ T-90m              idempotent: pair exists
  already_logged #18 CHI v PHX @ T-90m              idempotent: pair exists
  late_prevented #19 NYL v SEA @ T-30m              cutoff 2026-08-03T22:34:00+00:00 already passed at 2026-08-0
  late_prevented #20 ATL v LVA @ T-30m              cutoff 2026-08-03T22:44:00+00:00 already passed at 2026-08-0
  already_logged #21 CHI v PHX @ T-90m              idempotent: pair exists

  already_logged=7, late_prevented=13, skip=2
  arm chain: ok=True n=3 tip=ec597f6077f3ad76
  receipt appended to prospective_pair_runs.jsonl
[arm] exit=0 
====================================================================================================
FORECAST COVERAGE AUDIT   generated 2026-08-04T04:00:08.843374+00:00
====================================================================================================

CUMULATIVE by classification
  missing_job_did_not_run      26
  before_period_start          15
  forecast_logged              14
  not_yet_due                  11
  missing_data_unavailable     4
  late_record                  2

  obligations 72 | due 46 | served 14 | coverage 30.4%
  operational misses 26 | unexplained 0
  PROMOTION-GRADE: NO   (needs >= 95% served, <= 0 operational misses, all explained)

DAILY
  date         oblig  served     due     excl    opmiss arm_recs
  2026-07-30      12       0       0       12         0        0
  2026-07-31      12       6       9        3         0        0
  2026-08-01       8       2       8        0         6        0
  2026-08-02      16       0      16        0        16        0
  2026-08-03      12       6      12        0         3        3
  2026-08-04       4       0       1        3         1        0
  2026-08-05       8       0       0        8         0        0

EVERY MISSING OR IRREGULAR OBLIGATION (each must carry an explanation)
  2026-07-31 ATL v SEA T-90m   missing_data_unavailable   job served 1 other game(s) on 2026-07-31 at T-90m
  2026-07-31 WAS v DAL T-90m   missing_data_unavailable   job served 1 other game(s) on 2026-07-31 at T-90m
  2026-07-31 PDX v IND T-30m   missing_data_unavailable   job served 2 other game(s) on 2026-07-31 at T-30m
  2026-08-01 CHI v LVA T-24h   missing_job_did_not_run    no base record for ANY game on 2026-08-01 at T-24h
  2026-08-01 CHI v LVA T-8h    missing_job_did_not_run    no base record for ANY game on 2026-08-01 at T-8h
  2026-08-01 CHI v LVA T-30m   missing_job_did_not_run    no base record for ANY game on 2026-08-01 at T-30m
  2026-08-01 PHX v NYL T-24h   missing_job_did_not_run    no base record for ANY game on 2026-08-01 at T-24h
  2026-08-01 PHX v NYL T-8h    missing_job_did_not_run    no base record for ANY game on 2026-08-01 at T-8h
  2026-08-01 PHX v NYL T-30m   missing_job_did_not_run    no base record for ANY game on 2026-08-01 at T-30m
  2026-08-02 DAL v CON T-24h   missing_job_did_not_run    no base record for ANY game on 2026-08-02 at T-24h
  2026-08-02 DAL v CON T-8h    missing_job_did_not_run    no base record for ANY game on 2026-08-02 at T-8h
  2026-08-02 DAL v CON T-90m   missing_job_did_not_run    no base record for ANY game on 2026-08-02 at T-90m
  2026-08-02 DAL v CON T-30m   missing_job_did_not_run    no base record for ANY game on 2026-08-02 at T-30m
  2026-08-02 GSV v TOR T-24h   missing_job_did_not_run    no base record for ANY game on 2026-08-02 at T-24h
  2026-08-02 GSV v TOR T-8h    missing_job_did_not_run    no base record for ANY game on 2026-08-02 at T-8h
  2026-08-02 GSV v TOR T-90m   missing_job_did_not_run    no base record for ANY game on 2026-08-02 at T-90m
  2026-08-02 GSV v TOR T-30m   missing_job_did_not_run    no base record for ANY game on 2026-08-02 at T-30m
  2026-08-02 MIN v IND T-24h   missing_job_did_not_run    no base record for ANY game on 2026-08-02 at T-24h
  2026-08-02 MIN v IND T-8h    missing_job_did_not_run    no base record for ANY game on 2026-08-02 at T-8h
  2026-08-02 MIN v IND T-90m   missing_job_did_not_run    no base record for ANY game on 2026-08-02 at T-90m
  2026-08-02 MIN v IND T-30m   missing_job_did_not_run    no base record for ANY game on 2026-08-02 at T-30m
  2026-08-02 PDX v LAS T-24h   missing_job_did_not_run    no base record for ANY game on 2026-08-02 at T-24h
  2026-08-02 PDX v LAS T-8h    missing_job_did_not_run    no base record for ANY game on 2026-08-02 at T-8h
  2026-08-02 PDX v LAS T-90m   missing_job_did_not_run    no base record for ANY game on 2026-08-02 at T-90m
  2026-08-02 PDX v LAS T-30m   missing_job_did_not_run    no base record for ANY game on 2026-08-02 at T-30m
  2026-08-03 NYL v SEA T-24h   missing_job_did_not_run    no base record for ANY game on 2026-08-03 at T-24h
  2026-08-03 NYL v SEA T-30m   late_record                created 2026-08-03T22:45:08.958486+00:00 after cutoff
  2026-08-03 ATL v LVA T-24h   missing_job_did_not_run    no base record for ANY game on 2026-08-03 at T-24h
  2026-08-03 ATL v LVA T-30m   late_record                created 2026-08-03T22:45:08.976775+00:00 after cutoff
  2026-08-03 CHI v PHX T-24h   missing_job_did_not_run    no base record for ANY game on 2026-08-03 at T-24h
  2026-08-03 CHI v PHX T-30m   missing_data_unavailable   job served 2 other game(s) on 2026-08-03 at T-30m
  2026-08-04 GSV v TOR T-24h   missing_job_did_not_run    no base record for ANY game on 2026-08-04 at T-24h

wrote forecasts/coverage_audit.csv and forecasts/coverage_receipt.json
[audit] exit=0 
==== Tue 08/04/2026  0:15:02.96 ==== 
[gate] 2026-08-04T04:15:06.167524+00:00  fire=False  -- no unserved obligation inside its 20-minute lead window
[gate] skipping the base job
[base] skipped - no unserved obligation in its lead window 
[base] exit=0 
================================================================================================
PROSPECTIVE PAIR RUNNER  2026-08-04T04:15:08.237615+00:00  model=ridge_score_level_w2c1_v1 hash=5d295bb8b99cd34e
================================================================================================
base records in official chain: 22
  late_prevented #0 ATL v SEA @ T-8h                cutoff 2026-07-31T15:35:00+00:00 already passed at 2026-08-0
  late_prevented #1 WAS v DAL @ T-8h                cutoff 2026-07-31T15:35:00+00:00 already passed at 2026-08-0
  late_prevented #2 PDX v IND @ T-8h                cutoff 2026-07-31T18:06:00+00:00 already passed at 2026-08-0
  late_prevented #3 ATL v SEA @ T-30m               cutoff 2026-07-31T23:05:00+00:00 already passed at 2026-08-0
  late_prevented #4 WAS v DAL @ T-30m               cutoff 2026-07-31T23:05:00+00:00 already passed at 2026-08-0
  late_prevented #5 PDX v IND @ T-90m               cutoff 2026-08-01T00:36:00+00:00 already passed at 2026-08-0
  late_prevented #6 CHI v LVA @ T-90m               cutoff 2026-08-01T15:35:00+00:00 already passed at 2026-08-0
  late_prevented #7 PHX v NYL @ T-90m               cutoff 2026-08-01T17:34:00+00:00 already passed at 2026-08-0
  skip           #8 CHI v LVA @ unknown-tip         base record is an explicit no-forecast; nothing to pair
  skip           #9 PHX v NYL @ unknown-tip         base record is an explicit no-forecast; nothing to pair
  late_prevented #10 NYL v SEA @ T-8h               cutoff 2026-08-03T15:04:00+00:00 already passed at 2026-08-0
  late_prevented #11 ATL v LVA @ T-8h               cutoff 2026-08-03T15:14:00+00:00 already passed at 2026-08-0
  late_prevented #12 CHI v PHX @ T-8h               cutoff 2026-08-03T17:08:00+00:00 already passed at 2026-08-0
  already_logged #13 NYL v SEA @ T-90m              idempotent: pair exists
  already_logged #14 ATL v LVA @ T-90m              idempotent: pair exists
  already_logged #15 CHI v PHX @ T-90m              idempotent: pair exists
  already_logged #16 NYL v SEA @ T-90m              idempotent: pair exists
  already_logged #17 ATL v LVA @ T-90m              idempotent: pair exists
  already_logged #18 CHI v PHX @ T-90m              idempotent: pair exists
  late_prevented #19 NYL v SEA @ T-30m              cutoff 2026-08-03T22:34:00+00:00 already passed at 2026-08-0
  late_prevented #20 ATL v LVA @ T-30m              cutoff 2026-08-03T22:44:00+00:00 already passed at 2026-08-0
  already_logged #21 CHI v PHX @ T-90m              idempotent: pair exists

  already_logged=7, late_prevented=13, skip=2
  arm chain: ok=True n=3 tip=ec597f6077f3ad76
  receipt appended to prospective_pair_runs.jsonl
[arm] exit=0 
====================================================================================================
FORECAST COVERAGE AUDIT   generated 2026-08-04T04:15:09.132213+00:00
====================================================================================================

CUMULATIVE by classification
  missing_job_did_not_run      26
  before_period_start          15
  forecast_logged              14
  not_yet_due                  11
  missing_data_unavailable     4
  late_record                  2

  obligations 72 | due 46 | served 14 | coverage 30.4%
  operational misses 26 | unexplained 0
  PROMOTION-GRADE: NO   (needs >= 95% served, <= 0 operational misses, all explained)

DAILY
  date         oblig  served     due     excl    opmiss arm_recs
  2026-07-30      12       0       0       12         0        0
  2026-07-31      12       6       9        3         0        0
  2026-08-01       8       2       8        0         6        0
  2026-08-02      16       0      16        0        16        0
  2026-08-03      12       6      12        0         3        3
  2026-08-04       4       0       1        3         1        0
  2026-08-05       8       0       0        8         0        0

EVERY MISSING OR IRREGULAR OBLIGATION (each must carry an explanation)
  2026-07-31 ATL v SEA T-90m   missing_data_unavailable   job served 1 other game(s) on 2026-07-31 at T-90m
  2026-07-31 WAS v DAL T-90m   missing_data_unavailable   job served 1 other game(s) on 2026-07-31 at T-90m
  2026-07-31 PDX v IND T-30m   missing_data_unavailable   job served 2 other game(s) on 2026-07-31 at T-30m
  2026-08-01 CHI v LVA T-24h   missing_job_did_not_run    no base record for ANY game on 2026-08-01 at T-24h
  2026-08-01 CHI v LVA T-8h    missing_job_did_not_run    no base record for ANY game on 2026-08-01 at T-8h
  2026-08-01 CHI v LVA T-30m   missing_job_did_not_run    no base record for ANY game on 2026-08-01 at T-30m
  2026-08-01 PHX v NYL T-24h   missing_job_did_not_run    no base record for ANY game on 2026-08-01 at T-24h
  2026-08-01 PHX v NYL T-8h    missing_job_did_not_run    no base record for ANY game on 2026-08-01 at T-8h
  2026-08-01 PHX v NYL T-30m   missing_job_did_not_run    no base record for ANY game on 2026-08-01 at T-30m
  2026-08-02 DAL v CON T-24h   missing_job_did_not_run    no base record for ANY game on 2026-08-02 at T-24h
  2026-08-02 DAL v CON T-8h    missing_job_did_not_run    no base record for ANY game on 2026-08-02 at T-8h
  2026-08-02 DAL v CON T-90m   missing_job_did_not_run    no base record for ANY game on 2026-08-02 at T-90m
  2026-08-02 DAL v CON T-30m   missing_job_did_not_run    no base record for ANY game on 2026-08-02 at T-30m
  2026-08-02 GSV v TOR T-24h   missing_job_did_not_run    no base record for ANY game on 2026-08-02 at T-24h
  2026-08-02 GSV v TOR T-8h    missing_job_did_not_run    no base record for ANY game on 2026-08-02 at T-8h
  2026-08-02 GSV v TOR T-90m   missing_job_did_not_run    no base record for ANY game on 2026-08-02 at T-90m
  2026-08-02 GSV v TOR T-30m   missing_job_did_not_run    no base record for ANY game on 2026-08-02 at T-30m
  2026-08-02 MIN v IND T-24h   missing_job_did_not_run    no base record for ANY game on 2026-08-02 at T-24h
  2026-08-02 MIN v IND T-8h    missing_job_did_not_run    no base record for ANY game on 2026-08-02 at T-8h
  2026-08-02 MIN v IND T-90m   missing_job_did_not_run    no base record for ANY game on 2026-08-02 at T-90m
  2026-08-02 MIN v IND T-30m   missing_job_did_not_run    no base record for ANY game on 2026-08-02 at T-30m
  2026-08-02 PDX v LAS T-24h   missing_job_did_not_run    no base record for ANY game on 2026-08-02 at T-24h
  2026-08-02 PDX v LAS T-8h    missing_job_did_not_run    no base record for ANY game on 2026-08-02 at T-8h
  2026-08-02 PDX v LAS T-90m   missing_job_did_not_run    no base record for ANY game on 2026-08-02 at T-90m
  2026-08-02 PDX v LAS T-30m   missing_job_did_not_run    no base record for ANY game on 2026-08-02 at T-30m
  2026-08-03 NYL v SEA T-24h   missing_job_did_not_run    no base record for ANY game on 2026-08-03 at T-24h
  2026-08-03 NYL v SEA T-30m   late_record                created 2026-08-03T22:45:08.958486+00:00 after cutoff
  2026-08-03 ATL v LVA T-24h   missing_job_did_not_run    no base record for ANY game on 2026-08-03 at T-24h
  2026-08-03 ATL v LVA T-30m   late_record                created 2026-08-03T22:45:08.976775+00:00 after cutoff
  2026-08-03 CHI v PHX T-24h   missing_job_did_not_run    no base record for ANY game on 2026-08-03 at T-24h
  2026-08-03 CHI v PHX T-30m   missing_data_unavailable   job served 2 other game(s) on 2026-08-03 at T-30m
  2026-08-04 GSV v TOR T-24h   missing_job_did_not_run    no base record for ANY game on 2026-08-04 at T-24h

wrote forecasts/coverage_audit.csv and forecasts/coverage_receipt.json
[audit] exit=0 
==== Tue 08/04/2026  0:30:03.33 ==== 
[gate] 2026-08-04T04:30:06.532010+00:00  fire=False  -- no unserved obligation inside its 20-minute lead window
[gate] skipping the base job
[base] skipped - no unserved obligation in its lead window 
[base] exit=0 
================================================================================================
PROSPECTIVE PAIR RUNNER  2026-08-04T04:30:08.630343+00:00  model=ridge_score_level_w2c1_v1 hash=5d295bb8b99cd34e
================================================================================================
base records in official chain: 22
  late_prevented #0 ATL v SEA @ T-8h                cutoff 2026-07-31T15:35:00+00:00 already passed at 2026-08-0
  late_prevented #1 WAS v DAL @ T-8h                cutoff 2026-07-31T15:35:00+00:00 already passed at 2026-08-0
  late_prevented #2 PDX v IND @ T-8h                cutoff 2026-07-31T18:06:00+00:00 already passed at 2026-08-0
  late_prevented #3 ATL v SEA @ T-30m               cutoff 2026-07-31T23:05:00+00:00 already passed at 2026-08-0
  late_prevented #4 WAS v DAL @ T-30m               cutoff 2026-07-31T23:05:00+00:00 already passed at 2026-08-0
  late_prevented #5 PDX v IND @ T-90m               cutoff 2026-08-01T00:36:00+00:00 already passed at 2026-08-0
  late_prevented #6 CHI v LVA @ T-90m               cutoff 2026-08-01T15:35:00+00:00 already passed at 2026-08-0
  late_prevented #7 PHX v NYL @ T-90m               cutoff 2026-08-01T17:34:00+00:00 already passed at 2026-08-0
  skip           #8 CHI v LVA @ unknown-tip         base record is an explicit no-forecast; nothing to pair
  skip           #9 PHX v NYL @ unknown-tip         base record is an explicit no-forecast; nothing to pair
  late_prevented #10 NYL v SEA @ T-8h               cutoff 2026-08-03T15:04:00+00:00 already passed at 2026-08-0
  late_prevented #11 ATL v LVA @ T-8h               cutoff 2026-08-03T15:14:00+00:00 already passed at 2026-08-0
  late_prevented #12 CHI v PHX @ T-8h               cutoff 2026-08-03T17:08:00+00:00 already passed at 2026-08-0
  already_logged #13 NYL v SEA @ T-90m              idempotent: pair exists
  already_logged #14 ATL v LVA @ T-90m              idempotent: pair exists
  already_logged #15 CHI v PHX @ T-90m              idempotent: pair exists
  already_logged #16 NYL v SEA @ T-90m              idempotent: pair exists
  already_logged #17 ATL v LVA @ T-90m              idempotent: pair exists
  already_logged #18 CHI v PHX @ T-90m              idempotent: pair exists
  late_prevented #19 NYL v SEA @ T-30m              cutoff 2026-08-03T22:34:00+00:00 already passed at 2026-08-0
  late_prevented #20 ATL v LVA @ T-30m              cutoff 2026-08-03T22:44:00+00:00 already passed at 2026-08-0
  already_logged #21 CHI v PHX @ T-90m              idempotent: pair exists

  already_logged=7, late_prevented=13, skip=2
  arm chain: ok=True n=3 tip=ec597f6077f3ad76
  receipt appended to prospective_pair_runs.jsonl
[arm] exit=0 
====================================================================================================
FORECAST COVERAGE AUDIT   generated 2026-08-04T04:30:09.562506+00:00
====================================================================================================

CUMULATIVE by classification
  missing_job_did_not_run      26
  before_period_start          15
  forecast_logged              14
  not_yet_due                  11
  missing_data_unavailable     4
  late_record                  2

  obligations 72 | due 46 | served 14 | coverage 30.4%
  operational misses 26 | unexplained 0
  PROMOTION-GRADE: NO   (needs >= 95% served, <= 0 operational misses, all explained)

DAILY
  date         oblig  served     due     excl    opmiss arm_recs
  2026-07-30      12       0       0       12         0        0
  2026-07-31      12       6       9        3         0        0
  2026-08-01       8       2       8        0         6        0
  2026-08-02      16       0      16        0        16        0
  2026-08-03      12       6      12        0         3        3
  2026-08-04       4       0       1        3         1        0
  2026-08-05       8       0       0        8         0        0

EVERY MISSING OR IRREGULAR OBLIGATION (each must carry an explanation)
  2026-07-31 ATL v SEA T-90m   missing_data_unavailable   job served 1 other game(s) on 2026-07-31 at T-90m
  2026-07-31 WAS v DAL T-90m   missing_data_unavailable   job served 1 other game(s) on 2026-07-31 at T-90m
  2026-07-31 PDX v IND T-30m   missing_data_unavailable   job served 2 other game(s) on 2026-07-31 at T-30m
  2026-08-01 CHI v LVA T-24h   missing_job_did_not_run    no base record for ANY game on 2026-08-01 at T-24h
  2026-08-01 CHI v LVA T-8h    missing_job_did_not_run    no base record for ANY game on 2026-08-01 at T-8h
  2026-08-01 CHI v LVA T-30m   missing_job_did_not_run    no base record for ANY game on 2026-08-01 at T-30m
  2026-08-01 PHX v NYL T-24h   missing_job_did_not_run    no base record for ANY game on 2026-08-01 at T-24h
  2026-08-01 PHX v NYL T-8h    missing_job_did_not_run    no base record for ANY game on 2026-08-01 at T-8h
  2026-08-01 PHX v NYL T-30m   missing_job_did_not_run    no base record for ANY game on 2026-08-01 at T-30m
  2026-08-02 DAL v CON T-24h   missing_job_did_not_run    no base record for ANY game on 2026-08-02 at T-24h
  2026-08-02 DAL v CON T-8h    missing_job_did_not_run    no base record for ANY game on 2026-08-02 at T-8h
  2026-08-02 DAL v CON T-90m   missing_job_did_not_run    no base record for ANY game on 2026-08-02 at T-90m
  2026-08-02 DAL v CON T-30m   missing_job_did_not_run    no base record for ANY game on 2026-08-02 at T-30m
  2026-08-02 GSV v TOR T-24h   missing_job_did_not_run    no base record for ANY game on 2026-08-02 at T-24h
  2026-08-02 GSV v TOR T-8h    missing_job_did_not_run    no base record for ANY game on 2026-08-02 at T-8h
  2026-08-02 GSV v TOR T-90m   missing_job_did_not_run    no base record for ANY game on 2026-08-02 at T-90m
  2026-08-02 GSV v TOR T-30m   missing_job_did_not_run    no base record for ANY game on 2026-08-02 at T-30m
  2026-08-02 MIN v IND T-24h   missing_job_did_not_run    no base record for ANY game on 2026-08-02 at T-24h
  2026-08-02 MIN v IND T-8h    missing_job_did_not_run    no base record for ANY game on 2026-08-02 at T-8h
  2026-08-02 MIN v IND T-90m   missing_job_did_not_run    no base record for ANY game on 2026-08-02 at T-90m
  2026-08-02 MIN v IND T-30m   missing_job_did_not_run    no base record for ANY game on 2026-08-02 at T-30m
  2026-08-02 PDX v LAS T-24h   missing_job_did_not_run    no base record for ANY game on 2026-08-02 at T-24h
  2026-08-02 PDX v LAS T-8h    missing_job_did_not_run    no base record for ANY game on 2026-08-02 at T-8h
  2026-08-02 PDX v LAS T-90m   missing_job_did_not_run    no base record for ANY game on 2026-08-02 at T-90m
  2026-08-02 PDX v LAS T-30m   missing_job_did_not_run    no base record for ANY game on 2026-08-02 at T-30m
  2026-08-03 NYL v SEA T-24h   missing_job_did_not_run    no base record for ANY game on 2026-08-03 at T-24h
  2026-08-03 NYL v SEA T-30m   late_record                created 2026-08-03T22:45:08.958486+00:00 after cutoff
  2026-08-03 ATL v LVA T-24h   missing_job_did_not_run    no base record for ANY game on 2026-08-03 at T-24h
  2026-08-03 ATL v LVA T-30m   late_record                created 2026-08-03T22:45:08.976775+00:00 after cutoff
  2026-08-03 CHI v PHX T-24h   missing_job_did_not_run    no base record for ANY game on 2026-08-03 at T-24h
  2026-08-03 CHI v PHX T-30m   missing_data_unavailable   job served 2 other game(s) on 2026-08-03 at T-30m
  2026-08-04 GSV v TOR T-24h   missing_job_did_not_run    no base record for ANY game on 2026-08-04 at T-24h

wrote forecasts/coverage_audit.csv and forecasts/coverage_receipt.json
[audit] exit=0 
==== Tue 08/04/2026  0:45:03.01 ==== 
[gate] 2026-08-04T04:45:03.685088+00:00  fire=False  -- no unserved obligation inside its 20-minute lead window
[gate] skipping the base job
[base] skipped - no unserved obligation in its lead window 
[base] exit=0 
================================================================================================
PROSPECTIVE PAIR RUNNER  2026-08-04T04:45:04.548961+00:00  model=ridge_score_level_w2c1_v1 hash=5d295bb8b99cd34e
================================================================================================
base records in official chain: 22
  late_prevented #0 ATL v SEA @ T-8h                cutoff 2026-07-31T15:35:00+00:00 already passed at 2026-08-0
  late_prevented #1 WAS v DAL @ T-8h                cutoff 2026-07-31T15:35:00+00:00 already passed at 2026-08-0
  late_prevented #2 PDX v IND @ T-8h                cutoff 2026-07-31T18:06:00+00:00 already passed at 2026-08-0
  late_prevented #3 ATL v SEA @ T-30m               cutoff 2026-07-31T23:05:00+00:00 already passed at 2026-08-0
  late_prevented #4 WAS v DAL @ T-30m               cutoff 2026-07-31T23:05:00+00:00 already passed at 2026-08-0
  late_prevented #5 PDX v IND @ T-90m               cutoff 2026-08-01T00:36:00+00:00 already passed at 2026-08-0
  late_prevented #6 CHI v LVA @ T-90m               cutoff 2026-08-01T15:35:00+00:00 already passed at 2026-08-0
  late_prevented #7 PHX v NYL @ T-90m               cutoff 2026-08-01T17:34:00+00:00 already passed at 2026-08-0
  skip           #8 CHI v LVA @ unknown-tip         base record is an explicit no-forecast; nothing to pair
  skip           #9 PHX v NYL @ unknown-tip         base record is an explicit no-forecast; nothing to pair
  late_prevented #10 NYL v SEA @ T-8h               cutoff 2026-08-03T15:04:00+00:00 already passed at 2026-08-0
  late_prevented #11 ATL v LVA @ T-8h               cutoff 2026-08-03T15:14:00+00:00 already passed at 2026-08-0
  late_prevented #12 CHI v PHX @ T-8h               cutoff 2026-08-03T17:08:00+00:00 already passed at 2026-08-0
  already_logged #13 NYL v SEA @ T-90m              idempotent: pair exists
  already_logged #14 ATL v LVA @ T-90m              idempotent: pair exists
  already_logged #15 CHI v PHX @ T-90m              idempotent: pair exists
  already_logged #16 NYL v SEA @ T-90m              idempotent: pair exists
  already_logged #17 ATL v LVA @ T-90m              idempotent: pair exists
  already_logged #18 CHI v PHX @ T-90m              idempotent: pair exists
  late_prevented #19 NYL v SEA @ T-30m              cutoff 2026-08-03T22:34:00+00:00 already passed at 2026-08-0
  late_prevented #20 ATL v LVA @ T-30m              cutoff 2026-08-03T22:44:00+00:00 already passed at 2026-08-0
  already_logged #21 CHI v PHX @ T-90m              idempotent: pair exists

  already_logged=7, late_prevented=13, skip=2
  arm chain: ok=True n=3 tip=ec597f6077f3ad76
  receipt appended to prospective_pair_runs.jsonl
[arm] exit=0 
====================================================================================================
FORECAST COVERAGE AUDIT   generated 2026-08-04T04:45:05.468358+00:00
====================================================================================================

CUMULATIVE by classification
  missing_job_did_not_run      26
  before_period_start          15
  forecast_logged              14
  not_yet_due                  11
  missing_data_unavailable     4
  late_record                  2

  obligations 72 | due 46 | served 14 | coverage 30.4%
  operational misses 26 | unexplained 0
  PROMOTION-GRADE: NO   (needs >= 95% served, <= 0 operational misses, all explained)

DAILY
  date         oblig  served     due     excl    opmiss arm_recs
  2026-07-30      12       0       0       12         0        0
  2026-07-31      12       6       9        3         0        0
  2026-08-01       8       2       8        0         6        0
  2026-08-02      16       0      16        0        16        0
  2026-08-03      12       6      12        0         3        3
  2026-08-04       4       0       1        3         1        0
  2026-08-05       8       0       0        8         0        0

EVERY MISSING OR IRREGULAR OBLIGATION (each must carry an explanation)
  2026-07-31 ATL v SEA T-90m   missing_data_unavailable   job served 1 other game(s) on 2026-07-31 at T-90m
  2026-07-31 WAS v DAL T-90m   missing_data_unavailable   job served 1 other game(s) on 2026-07-31 at T-90m
  2026-07-31 PDX v IND T-30m   missing_data_unavailable   job served 2 other game(s) on 2026-07-31 at T-30m
  2026-08-01 CHI v LVA T-24h   missing_job_did_not_run    no base record for ANY game on 2026-08-01 at T-24h
  2026-08-01 CHI v LVA T-8h    missing_job_did_not_run    no base record for ANY game on 2026-08-01 at T-8h
  2026-08-01 CHI v LVA T-30m   missing_job_did_not_run    no base record for ANY game on 2026-08-01 at T-30m
  2026-08-01 PHX v NYL T-24h   missing_job_did_not_run    no base record for ANY game on 2026-08-01 at T-24h
  2026-08-01 PHX v NYL T-8h    missing_job_did_not_run    no base record for ANY game on 2026-08-01 at T-8h
  2026-08-01 PHX v NYL T-30m   missing_job_did_not_run    no base record for ANY game on 2026-08-01 at T-30m
  2026-08-02 DAL v CON T-24h   missing_job_did_not_run    no base record for ANY game on 2026-08-02 at T-24h
  2026-08-02 DAL v CON T-8h    missing_job_did_not_run    no base record for ANY game on 2026-08-02 at T-8h
  2026-08-02 DAL v CON T-90m   missing_job_did_not_run    no base record for ANY game on 2026-08-02 at T-90m
  2026-08-02 DAL v CON T-30m   missing_job_did_not_run    no base record for ANY game on 2026-08-02 at T-30m
  2026-08-02 GSV v TOR T-24h   missing_job_did_not_run    no base record for ANY game on 2026-08-02 at T-24h
  2026-08-02 GSV v TOR T-8h    missing_job_did_not_run    no base record for ANY game on 2026-08-02 at T-8h
  2026-08-02 GSV v TOR T-90m   missing_job_did_not_run    no base record for ANY game on 2026-08-02 at T-90m
  2026-08-02 GSV v TOR T-30m   missing_job_did_not_run    no base record for ANY game on 2026-08-02 at T-30m
  2026-08-02 MIN v IND T-24h   missing_job_did_not_run    no base record for ANY game on 2026-08-02 at T-24h
  2026-08-02 MIN v IND T-8h    missing_job_did_not_run    no base record for ANY game on 2026-08-02 at T-8h
  2026-08-02 MIN v IND T-90m   missing_job_did_not_run    no base record for ANY game on 2026-08-02 at T-90m
  2026-08-02 MIN v IND T-30m   missing_job_did_not_run    no base record for ANY game on 2026-08-02 at T-30m
  2026-08-02 PDX v LAS T-24h   missing_job_did_not_run    no base record for ANY game on 2026-08-02 at T-24h
  2026-08-02 PDX v LAS T-8h    missing_job_did_not_run    no base record for ANY game on 2026-08-02 at T-8h
  2026-08-02 PDX v LAS T-90m   missing_job_did_not_run    no base record for ANY game on 2026-08-02 at T-90m
  2026-08-02 PDX v LAS T-30m   missing_job_did_not_run    no base record for ANY game on 2026-08-02 at T-30m
  2026-08-03 NYL v SEA T-24h   missing_job_did_not_run    no base record for ANY game on 2026-08-03 at T-24h
  2026-08-03 NYL v SEA T-30m   late_record                created 2026-08-03T22:45:08.958486+00:00 after cutoff
  2026-08-03 ATL v LVA T-24h   missing_job_did_not_run    no base record for ANY game on 2026-08-03 at T-24h
  2026-08-03 ATL v LVA T-30m   late_record                created 2026-08-03T22:45:08.976775+00:00 after cutoff
  2026-08-03 CHI v PHX T-24h   missing_job_did_not_run    no base record for ANY game on 2026-08-03 at T-24h
  2026-08-03 CHI v PHX T-30m   missing_data_unavailable   job served 2 other game(s) on 2026-08-03 at T-30m
  2026-08-04 GSV v TOR T-24h   missing_job_did_not_run    no base record for ANY game on 2026-08-04 at T-24h

wrote forecasts/coverage_audit.csv and forecasts/coverage_receipt.json
[audit] exit=0 
==== Tue 08/04/2026  1:00:02.65 ==== 
[gate] 2026-08-04T05:00:06.213067+00:00  fire=False  -- no unserved obligation inside its 20-minute lead window
[gate] skipping the base job
[base] skipped - no unserved obligation in its lead window 
[base] exit=0 
================================================================================================
PROSPECTIVE PAIR RUNNER  2026-08-04T05:00:08.347545+00:00  model=ridge_score_level_w2c1_v1 hash=5d295bb8b99cd34e
================================================================================================
base records in official chain: 22
  late_prevented #0 ATL v SEA @ T-8h                cutoff 2026-07-31T15:35:00+00:00 already passed at 2026-08-0
  late_prevented #1 WAS v DAL @ T-8h                cutoff 2026-07-31T15:35:00+00:00 already passed at 2026-08-0
  late_prevented #2 PDX v IND @ T-8h                cutoff 2026-07-31T18:06:00+00:00 already passed at 2026-08-0
  late_prevented #3 ATL v SEA @ T-30m               cutoff 2026-07-31T23:05:00+00:00 already passed at 2026-08-0
  late_prevented #4 WAS v DAL @ T-30m               cutoff 2026-07-31T23:05:00+00:00 already passed at 2026-08-0
  late_prevented #5 PDX v IND @ T-90m               cutoff 2026-08-01T00:36:00+00:00 already passed at 2026-08-0
  late_prevented #6 CHI v LVA @ T-90m               cutoff 2026-08-01T15:35:00+00:00 already passed at 2026-08-0
  late_prevented #7 PHX v NYL @ T-90m               cutoff 2026-08-01T17:34:00+00:00 already passed at 2026-08-0
  skip           #8 CHI v LVA @ unknown-tip         base record is an explicit no-forecast; nothing to pair
  skip           #9 PHX v NYL @ unknown-tip         base record is an explicit no-forecast; nothing to pair
  late_prevented #10 NYL v SEA @ T-8h               cutoff 2026-08-03T15:04:00+00:00 already passed at 2026-08-0
  late_prevented #11 ATL v LVA @ T-8h               cutoff 2026-08-03T15:14:00+00:00 already passed at 2026-08-0
  late_prevented #12 CHI v PHX @ T-8h               cutoff 2026-08-03T17:08:00+00:00 already passed at 2026-08-0
  already_logged #13 NYL v SEA @ T-90m              idempotent: pair exists
  already_logged #14 ATL v LVA @ T-90m              idempotent: pair exists
  already_logged #15 CHI v PHX @ T-90m              idempotent: pair exists
  already_logged #16 NYL v SEA @ T-90m              idempotent: pair exists
  already_logged #17 ATL v LVA @ T-90m              idempotent: pair exists
  already_logged #18 CHI v PHX @ T-90m              idempotent: pair exists
  late_prevented #19 NYL v SEA @ T-30m              cutoff 2026-08-03T22:34:00+00:00 already passed at 2026-08-0
  late_prevented #20 ATL v LVA @ T-30m              cutoff 2026-08-03T22:44:00+00:00 already passed at 2026-08-0
  already_logged #21 CHI v PHX @ T-90m              idempotent: pair exists

  already_logged=7, late_prevented=13, skip=2
  arm chain: ok=True n=3 tip=ec597f6077f3ad76
  receipt appended to prospective_pair_runs.jsonl
[arm] exit=0 
====================================================================================================
FORECAST COVERAGE AUDIT   generated 2026-08-04T05:00:09.262673+00:00
====================================================================================================

CUMULATIVE by classification
  missing_job_did_not_run      26
  before_period_start          15
  forecast_logged              14
  not_yet_due                  11
  missing_data_unavailable     4
  late_record                  2

  obligations 72 | due 46 | served 14 | coverage 30.4%
  operational misses 26 | unexplained 0
  PROMOTION-GRADE: NO   (needs >= 95% served, <= 0 operational misses, all explained)

DAILY
  date         oblig  served     due     excl    opmiss arm_recs
  2026-07-30      12       0       0       12         0        0
  2026-07-31      12       6       9        3         0        0
  2026-08-01       8       2       8        0         6        0
  2026-08-02      16       0      16        0        16        0
  2026-08-03      12       6      12        0         3        3
  2026-08-04       4       0       1        3         1        0
  2026-08-05       8       0       0        8         0        0

EVERY MISSING OR IRREGULAR OBLIGATION (each must carry an explanation)
  2026-07-31 ATL v SEA T-90m   missing_data_unavailable   job served 1 other game(s) on 2026-07-31 at T-90m
  2026-07-31 WAS v DAL T-90m   missing_data_unavailable   job served 1 other game(s) on 2026-07-31 at T-90m
  2026-07-31 PDX v IND T-30m   missing_data_unavailable   job served 2 other game(s) on 2026-07-31 at T-30m
  2026-08-01 CHI v LVA T-24h   missing_job_did_not_run    no base record for ANY game on 2026-08-01 at T-24h
  2026-08-01 CHI v LVA T-8h    missing_job_did_not_run    no base record for ANY game on 2026-08-01 at T-8h
  2026-08-01 CHI v LVA T-30m   missing_job_did_not_run    no base record for ANY game on 2026-08-01 at T-30m
  2026-08-01 PHX v NYL T-24h   missing_job_did_not_run    no base record for ANY game on 2026-08-01 at T-24h
  2026-08-01 PHX v NYL T-8h    missing_job_did_not_run    no base record for ANY game on 2026-08-01 at T-8h
  2026-08-01 PHX v NYL T-30m   missing_job_did_not_run    no base record for ANY game on 2026-08-01 at T-30m
  2026-08-02 DAL v CON T-24h   missing_job_did_not_run    no base record for ANY game on 2026-08-02 at T-24h
  2026-08-02 DAL v CON T-8h    missing_job_did_not_run    no base record for ANY game on 2026-08-02 at T-8h
  2026-08-02 DAL v CON T-90m   missing_job_did_not_run    no base record for ANY game on 2026-08-02 at T-90m
  2026-08-02 DAL v CON T-30m   missing_job_did_not_run    no base record for ANY game on 2026-08-02 at T-30m
  2026-08-02 GSV v TOR T-24h   missing_job_did_not_run    no base record for ANY game on 2026-08-02 at T-24h
  2026-08-02 GSV v TOR T-8h    missing_job_did_not_run    no base record for ANY game on 2026-08-02 at T-8h
  2026-08-02 GSV v TOR T-90m   missing_job_did_not_run    no base record for ANY game on 2026-08-02 at T-90m
  2026-08-02 GSV v TOR T-30m   missing_job_did_not_run    no base record for ANY game on 2026-08-02 at T-30m
  2026-08-02 MIN v IND T-24h   missing_job_did_not_run    no base record for ANY game on 2026-08-02 at T-24h
  2026-08-02 MIN v IND T-8h    missing_job_did_not_run    no base record for ANY game on 2026-08-02 at T-8h
  2026-08-02 MIN v IND T-90m   missing_job_did_not_run    no base record for ANY game on 2026-08-02 at T-90m
  2026-08-02 MIN v IND T-30m   missing_job_did_not_run    no base record for ANY game on 2026-08-02 at T-30m
  2026-08-02 PDX v LAS T-24h   missing_job_did_not_run    no base record for ANY game on 2026-08-02 at T-24h
  2026-08-02 PDX v LAS T-8h    missing_job_did_not_run    no base record for ANY game on 2026-08-02 at T-8h
  2026-08-02 PDX v LAS T-90m   missing_job_did_not_run    no base record for ANY game on 2026-08-02 at T-90m
  2026-08-02 PDX v LAS T-30m   missing_job_did_not_run    no base record for ANY game on 2026-08-02 at T-30m
  2026-08-03 NYL v SEA T-24h   missing_job_did_not_run    no base record for ANY game on 2026-08-03 at T-24h
  2026-08-03 NYL v SEA T-30m   late_record                created 2026-08-03T22:45:08.958486+00:00 after cutoff
  2026-08-03 ATL v LVA T-24h   missing_job_did_not_run    no base record for ANY game on 2026-08-03 at T-24h
  2026-08-03 ATL v LVA T-30m   late_record                created 2026-08-03T22:45:08.976775+00:00 after cutoff
  2026-08-03 CHI v PHX T-24h   missing_job_did_not_run    no base record for ANY game on 2026-08-03 at T-24h
  2026-08-03 CHI v PHX T-30m   missing_data_unavailable   job served 2 other game(s) on 2026-08-03 at T-30m
  2026-08-04 GSV v TOR T-24h   missing_job_did_not_run    no base record for ANY game on 2026-08-04 at T-24h

wrote forecasts/coverage_audit.csv and forecasts/coverage_receipt.json
[audit] exit=0 
==== Tue 08/04/2026  1:15:03.12 ==== 
[gate] 2026-08-04T05:15:06.550655+00:00  fire=False  -- no unserved obligation inside its 20-minute lead window
[gate] skipping the base job
[base] skipped - no unserved obligation in its lead window 
[base] exit=0 
================================================================================================
PROSPECTIVE PAIR RUNNER  2026-08-04T05:15:08.719987+00:00  model=ridge_score_level_w2c1_v1 hash=5d295bb8b99cd34e
================================================================================================
base records in official chain: 22
  late_prevented #0 ATL v SEA @ T-8h                cutoff 2026-07-31T15:35:00+00:00 already passed at 2026-08-0
  late_prevented #1 WAS v DAL @ T-8h                cutoff 2026-07-31T15:35:00+00:00 already passed at 2026-08-0
  late_prevented #2 PDX v IND @ T-8h                cutoff 2026-07-31T18:06:00+00:00 already passed at 2026-08-0
  late_prevented #3 ATL v SEA @ T-30m               cutoff 2026-07-31T23:05:00+00:00 already passed at 2026-08-0
  late_prevented #4 WAS v DAL @ T-30m               cutoff 2026-07-31T23:05:00+00:00 already passed at 2026-08-0
  late_prevented #5 PDX v IND @ T-90m               cutoff 2026-08-01T00:36:00+00:00 already passed at 2026-08-0
  late_prevented #6 CHI v LVA @ T-90m               cutoff 2026-08-01T15:35:00+00:00 already passed at 2026-08-0
  late_prevented #7 PHX v NYL @ T-90m               cutoff 2026-08-01T17:34:00+00:00 already passed at 2026-08-0
  skip           #8 CHI v LVA @ unknown-tip         base record is an explicit no-forecast; nothing to pair
  skip           #9 PHX v NYL @ unknown-tip         base record is an explicit no-forecast; nothing to pair
  late_prevented #10 NYL v SEA @ T-8h               cutoff 2026-08-03T15:04:00+00:00 already passed at 2026-08-0
  late_prevented #11 ATL v LVA @ T-8h               cutoff 2026-08-03T15:14:00+00:00 already passed at 2026-08-0
  late_prevented #12 CHI v PHX @ T-8h               cutoff 2026-08-03T17:08:00+00:00 already passed at 2026-08-0
  already_logged #13 NYL v SEA @ T-90m              idempotent: pair exists
  already_logged #14 ATL v LVA @ T-90m              idempotent: pair exists
  already_logged #15 CHI v PHX @ T-90m              idempotent: pair exists
  already_logged #16 NYL v SEA @ T-90m              idempotent: pair exists
  already_logged #17 ATL v LVA @ T-90m              idempotent: pair exists
  already_logged #18 CHI v PHX @ T-90m              idempotent: pair exists
  late_prevented #19 NYL v SEA @ T-30m              cutoff 2026-08-03T22:34:00+00:00 already passed at 2026-08-0
  late_prevented #20 ATL v LVA @ T-30m              cutoff 2026-08-03T22:44:00+00:00 already passed at 2026-08-0
  already_logged #21 CHI v PHX @ T-90m              idempotent: pair exists

  already_logged=7, late_prevented=13, skip=2
  arm chain: ok=True n=3 tip=ec597f6077f3ad76
  receipt appended to prospective_pair_runs.jsonl
[arm] exit=0 
====================================================================================================
FORECAST COVERAGE AUDIT   generated 2026-08-04T05:15:09.634923+00:00
====================================================================================================

CUMULATIVE by classification
  missing_job_did_not_run      26
  before_period_start          15
  forecast_logged              14
  not_yet_due                  11
  missing_data_unavailable     4
  late_record                  2

  obligations 72 | due 46 | served 14 | coverage 30.4%
  operational misses 26 | unexplained 0
  PROMOTION-GRADE: NO   (needs >= 95% served, <= 0 operational misses, all explained)

DAILY
  date         oblig  served     due     excl    opmiss arm_recs
  2026-07-30      12       0       0       12         0        0
  2026-07-31      12       6       9        3         0        0
  2026-08-01       8       2       8        0         6        0
  2026-08-02      16       0      16        0        16        0
  2026-08-03      12       6      12        0         3        3
  2026-08-04       4       0       1        3         1        0
  2026-08-05       8       0       0        8         0        0

EVERY MISSING OR IRREGULAR OBLIGATION (each must carry an explanation)
  2026-07-31 ATL v SEA T-90m   missing_data_unavailable   job served 1 other game(s) on 2026-07-31 at T-90m
  2026-07-31 WAS v DAL T-90m   missing_data_unavailable   job served 1 other game(s) on 2026-07-31 at T-90m
  2026-07-31 PDX v IND T-30m   missing_data_unavailable   job served 2 other game(s) on 2026-07-31 at T-30m
  2026-08-01 CHI v LVA T-24h   missing_job_did_not_run    no base record for ANY game on 2026-08-01 at T-24h
  2026-08-01 CHI v LVA T-8h    missing_job_did_not_run    no base record for ANY game on 2026-08-01 at T-8h
  2026-08-01 CHI v LVA T-30m   missing_job_did_not_run    no base record for ANY game on 2026-08-01 at T-30m
  2026-08-01 PHX v NYL T-24h   missing_job_did_not_run    no base record for ANY game on 2026-08-01 at T-24h
  2026-08-01 PHX v NYL T-8h    missing_job_did_not_run    no base record for ANY game on 2026-08-01 at T-8h
  2026-08-01 PHX v NYL T-30m   missing_job_did_not_run    no base record for ANY game on 2026-08-01 at T-30m
  2026-08-02 DAL v CON T-24h   missing_job_did_not_run    no base record for ANY game on 2026-08-02 at T-24h
  2026-08-02 DAL v CON T-8h    missing_job_did_not_run    no base record for ANY game on 2026-08-02 at T-8h
  2026-08-02 DAL v CON T-90m   missing_job_did_not_run    no base record for ANY game on 2026-08-02 at T-90m
  2026-08-02 DAL v CON T-30m   missing_job_did_not_run    no base record for ANY game on 2026-08-02 at T-30m
  2026-08-02 GSV v TOR T-24h   missing_job_did_not_run    no base record for ANY game on 2026-08-02 at T-24h
  2026-08-02 GSV v TOR T-8h    missing_job_did_not_run    no base record for ANY game on 2026-08-02 at T-8h
  2026-08-02 GSV v TOR T-90m   missing_job_did_not_run    no base record for ANY game on 2026-08-02 at T-90m
  2026-08-02 GSV v TOR T-30m   missing_job_did_not_run    no base record for ANY game on 2026-08-02 at T-30m
  2026-08-02 MIN v IND T-24h   missing_job_did_not_run    no base record for ANY game on 2026-08-02 at T-24h
  2026-08-02 MIN v IND T-8h    missing_job_did_not_run    no base record for ANY game on 2026-08-02 at T-8h
  2026-08-02 MIN v IND T-90m   missing_job_did_not_run    no base record for ANY game on 2026-08-02 at T-90m
  2026-08-02 MIN v IND T-30m   missing_job_did_not_run    no base record for ANY game on 2026-08-02 at T-30m
  2026-08-02 PDX v LAS T-24h   missing_job_did_not_run    no base record for ANY game on 2026-08-02 at T-24h
  2026-08-02 PDX v LAS T-8h    missing_job_did_not_run    no base record for ANY game on 2026-08-02 at T-8h
  2026-08-02 PDX v LAS T-90m   missing_job_did_not_run    no base record for ANY game on 2026-08-02 at T-90m
  2026-08-02 PDX v LAS T-30m   missing_job_did_not_run    no base record for ANY game on 2026-08-02 at T-30m
  2026-08-03 NYL v SEA T-24h   missing_job_did_not_run    no base record for ANY game on 2026-08-03 at T-24h
  2026-08-03 NYL v SEA T-30m   late_record                created 2026-08-03T22:45:08.958486+00:00 after cutoff
  2026-08-03 ATL v LVA T-24h   missing_job_did_not_run    no base record for ANY game on 2026-08-03 at T-24h
  2026-08-03 ATL v LVA T-30m   late_record                created 2026-08-03T22:45:08.976775+00:00 after cutoff
  2026-08-03 CHI v PHX T-24h   missing_job_did_not_run    no base record for ANY game on 2026-08-03 at T-24h
  2026-08-03 CHI v PHX T-30m   missing_data_unavailable   job served 2 other game(s) on 2026-08-03 at T-30m
  2026-08-04 GSV v TOR T-24h   missing_job_did_not_run    no base record for ANY game on 2026-08-04 at T-24h

wrote forecasts/coverage_audit.csv and forecasts/coverage_receipt.json
[audit] exit=0 
==== Tue 08/04/2026  1:30:03.02 ==== 
[gate] 2026-08-04T05:30:06.285054+00:00  fire=False  -- no unserved obligation inside its 20-minute lead window
[gate] skipping the base job
[base] skipped - no unserved obligation in its lead window 
[base] exit=0 
================================================================================================
PROSPECTIVE PAIR RUNNER  2026-08-04T05:30:08.469345+00:00  model=ridge_score_level_w2c1_v1 hash=5d295bb8b99cd34e
================================================================================================
base records in official chain: 22
  late_prevented #0 ATL v SEA @ T-8h                cutoff 2026-07-31T15:35:00+00:00 already passed at 2026-08-0
  late_prevented #1 WAS v DAL @ T-8h                cutoff 2026-07-31T15:35:00+00:00 already passed at 2026-08-0
  late_prevented #2 PDX v IND @ T-8h                cutoff 2026-07-31T18:06:00+00:00 already passed at 2026-08-0
  late_prevented #3 ATL v SEA @ T-30m               cutoff 2026-07-31T23:05:00+00:00 already passed at 2026-08-0
  late_prevented #4 WAS v DAL @ T-30m               cutoff 2026-07-31T23:05:00+00:00 already passed at 2026-08-0
  late_prevented #5 PDX v IND @ T-90m               cutoff 2026-08-01T00:36:00+00:00 already passed at 2026-08-0
  late_prevented #6 CHI v LVA @ T-90m               cutoff 2026-08-01T15:35:00+00:00 already passed at 2026-08-0
  late_prevented #7 PHX v NYL @ T-90m               cutoff 2026-08-01T17:34:00+00:00 already passed at 2026-08-0
  skip           #8 CHI v LVA @ unknown-tip         base record is an explicit no-forecast; nothing to pair
  skip           #9 PHX v NYL @ unknown-tip         base record is an explicit no-forecast; nothing to pair
  late_prevented #10 NYL v SEA @ T-8h               cutoff 2026-08-03T15:04:00+00:00 already passed at 2026-08-0
  late_prevented #11 ATL v LVA @ T-8h               cutoff 2026-08-03T15:14:00+00:00 already passed at 2026-08-0
  late_prevented #12 CHI v PHX @ T-8h               cutoff 2026-08-03T17:08:00+00:00 already passed at 2026-08-0
  already_logged #13 NYL v SEA @ T-90m              idempotent: pair exists
  already_logged #14 ATL v LVA @ T-90m              idempotent: pair exists
  already_logged #15 CHI v PHX @ T-90m              idempotent: pair exists
  already_logged #16 NYL v SEA @ T-90m              idempotent: pair exists
  already_logged #17 ATL v LVA @ T-90m              idempotent: pair exists
  already_logged #18 CHI v PHX @ T-90m              idempotent: pair exists
  late_prevented #19 NYL v SEA @ T-30m              cutoff 2026-08-03T22:34:00+00:00 already passed at 2026-08-0
  late_prevented #20 ATL v LVA @ T-30m              cutoff 2026-08-03T22:44:00+00:00 already passed at 2026-08-0
  already_logged #21 CHI v PHX @ T-90m              idempotent: pair exists

  already_logged=7, late_prevented=13, skip=2
  arm chain: ok=True n=3 tip=ec597f6077f3ad76
  receipt appended to prospective_pair_runs.jsonl
[arm] exit=0 
====================================================================================================
FORECAST COVERAGE AUDIT   generated 2026-08-04T05:30:09.429611+00:00
====================================================================================================

CUMULATIVE by classification
  missing_job_did_not_run      26
  before_period_start          15
  forecast_logged              14
  not_yet_due                  11
  missing_data_unavailable     4
  late_record                  2

  obligations 72 | due 46 | served 14 | coverage 30.4%
  operational misses 26 | unexplained 0
  PROMOTION-GRADE: NO   (needs >= 95% served, <= 0 operational misses, all explained)

DAILY
  date         oblig  served     due     excl    opmiss arm_recs
  2026-07-30      12       0       0       12         0        0
  2026-07-31      12       6       9        3         0        0
  2026-08-01       8       2       8        0         6        0
  2026-08-02      16       0      16        0        16        0
  2026-08-03      12       6      12        0         3        3
  2026-08-04       4       0       1        3         1        0
  2026-08-05       8       0       0        8         0        0

EVERY MISSING OR IRREGULAR OBLIGATION (each must carry an explanation)
  2026-07-31 ATL v SEA T-90m   missing_data_unavailable   job served 1 other game(s) on 2026-07-31 at T-90m
  2026-07-31 WAS v DAL T-90m   missing_data_unavailable   job served 1 other game(s) on 2026-07-31 at T-90m
  2026-07-31 PDX v IND T-30m   missing_data_unavailable   job served 2 other game(s) on 2026-07-31 at T-30m
  2026-08-01 CHI v LVA T-24h   missing_job_did_not_run    no base record for ANY game on 2026-08-01 at T-24h
  2026-08-01 CHI v LVA T-8h    missing_job_did_not_run    no base record for ANY game on 2026-08-01 at T-8h
  2026-08-01 CHI v LVA T-30m   missing_job_did_not_run    no base record for ANY game on 2026-08-01 at T-30m
  2026-08-01 PHX v NYL T-24h   missing_job_did_not_run    no base record for ANY game on 2026-08-01 at T-24h
  2026-08-01 PHX v NYL T-8h    missing_job_did_not_run    no base record for ANY game on 2026-08-01 at T-8h
  2026-08-01 PHX v NYL T-30m   missing_job_did_not_run    no base record for ANY game on 2026-08-01 at T-30m
  2026-08-02 DAL v CON T-24h   missing_job_did_not_run    no base record for ANY game on 2026-08-02 at T-24h
  2026-08-02 DAL v CON T-8h    missing_job_did_not_run    no base record for ANY game on 2026-08-02 at T-8h
  2026-08-02 DAL v CON T-90m   missing_job_did_not_run    no base record for ANY game on 2026-08-02 at T-90m
  2026-08-02 DAL v CON T-30m   missing_job_did_not_run    no base record for ANY game on 2026-08-02 at T-30m
  2026-08-02 GSV v TOR T-24h   missing_job_did_not_run    no base record for ANY game on 2026-08-02 at T-24h
  2026-08-02 GSV v TOR T-8h    missing_job_did_not_run    no base record for ANY game on 2026-08-02 at T-8h
  2026-08-02 GSV v TOR T-90m   missing_job_did_not_run    no base record for ANY game on 2026-08-02 at T-90m
  2026-08-02 GSV v TOR T-30m   missing_job_did_not_run    no base record for ANY game on 2026-08-02 at T-30m
  2026-08-02 MIN v IND T-24h   missing_job_did_not_run    no base record for ANY game on 2026-08-02 at T-24h
  2026-08-02 MIN v IND T-8h    missing_job_did_not_run    no base record for ANY game on 2026-08-02 at T-8h
  2026-08-02 MIN v IND T-90m   missing_job_did_not_run    no base record for ANY game on 2026-08-02 at T-90m
  2026-08-02 MIN v IND T-30m   missing_job_did_not_run    no base record for ANY game on 2026-08-02 at T-30m
  2026-08-02 PDX v LAS T-24h   missing_job_did_not_run    no base record for ANY game on 2026-08-02 at T-24h
  2026-08-02 PDX v LAS T-8h    missing_job_did_not_run    no base record for ANY game on 2026-08-02 at T-8h
  2026-08-02 PDX v LAS T-90m   missing_job_did_not_run    no base record for ANY game on 2026-08-02 at T-90m
  2026-08-02 PDX v LAS T-30m   missing_job_did_not_run    no base record for ANY game on 2026-08-02 at T-30m
  2026-08-03 NYL v SEA T-24h   missing_job_did_not_run    no base record for ANY game on 2026-08-03 at T-24h
  2026-08-03 NYL v SEA T-30m   late_record                created 2026-08-03T22:45:08.958486+00:00 after cutoff
  2026-08-03 ATL v LVA T-24h   missing_job_did_not_run    no base record for ANY game on 2026-08-03 at T-24h
  2026-08-03 ATL v LVA T-30m   late_record                created 2026-08-03T22:45:08.976775+00:00 after cutoff
  2026-08-03 CHI v PHX T-24h   missing_job_did_not_run    no base record for ANY game on 2026-08-03 at T-24h
  2026-08-03 CHI v PHX T-30m   missing_data_unavailable   job served 2 other game(s) on 2026-08-03 at T-30m
  2026-08-04 GSV v TOR T-24h   missing_job_did_not_run    no base record for ANY game on 2026-08-04 at T-24h

wrote forecasts/coverage_audit.csv and forecasts/coverage_receipt.json
[audit] exit=0 
==== Tue 08/04/2026  1:45:02.97 ==== 
[gate] 2026-08-04T05:45:03.638171+00:00  fire=False  -- no unserved obligation inside its 20-minute lead window
[gate] skipping the base job
[base] skipped - no unserved obligation in its lead window 
[base] exit=0 
================================================================================================
PROSPECTIVE PAIR RUNNER  2026-08-04T05:45:04.508104+00:00  model=ridge_score_level_w2c1_v1 hash=5d295bb8b99cd34e
================================================================================================
base records in official chain: 22
  late_prevented #0 ATL v SEA @ T-8h                cutoff 2026-07-31T15:35:00+00:00 already passed at 2026-08-0
  late_prevented #1 WAS v DAL @ T-8h                cutoff 2026-07-31T15:35:00+00:00 already passed at 2026-08-0
  late_prevented #2 PDX v IND @ T-8h                cutoff 2026-07-31T18:06:00+00:00 already passed at 2026-08-0
  late_prevented #3 ATL v SEA @ T-30m               cutoff 2026-07-31T23:05:00+00:00 already passed at 2026-08-0
  late_prevented #4 WAS v DAL @ T-30m               cutoff 2026-07-31T23:05:00+00:00 already passed at 2026-08-0
  late_prevented #5 PDX v IND @ T-90m               cutoff 2026-08-01T00:36:00+00:00 already passed at 2026-08-0
  late_prevented #6 CHI v LVA @ T-90m               cutoff 2026-08-01T15:35:00+00:00 already passed at 2026-08-0
  late_prevented #7 PHX v NYL @ T-90m               cutoff 2026-08-01T17:34:00+00:00 already passed at 2026-08-0
  skip           #8 CHI v LVA @ unknown-tip         base record is an explicit no-forecast; nothing to pair
  skip           #9 PHX v NYL @ unknown-tip         base record is an explicit no-forecast; nothing to pair
  late_prevented #10 NYL v SEA @ T-8h               cutoff 2026-08-03T15:04:00+00:00 already passed at 2026-08-0
  late_prevented #11 ATL v LVA @ T-8h               cutoff 2026-08-03T15:14:00+00:00 already passed at 2026-08-0
  late_prevented #12 CHI v PHX @ T-8h               cutoff 2026-08-03T17:08:00+00:00 already passed at 2026-08-0
  already_logged #13 NYL v SEA @ T-90m              idempotent: pair exists
  already_logged #14 ATL v LVA @ T-90m              idempotent: pair exists
  already_logged #15 CHI v PHX @ T-90m              idempotent: pair exists
  already_logged #16 NYL v SEA @ T-90m              idempotent: pair exists
  already_logged #17 ATL v LVA @ T-90m              idempotent: pair exists
  already_logged #18 CHI v PHX @ T-90m              idempotent: pair exists
  late_prevented #19 NYL v SEA @ T-30m              cutoff 2026-08-03T22:34:00+00:00 already passed at 2026-08-0
  late_prevented #20 ATL v LVA @ T-30m              cutoff 2026-08-03T22:44:00+00:00 already passed at 2026-08-0
  already_logged #21 CHI v PHX @ T-90m              idempotent: pair exists

  already_logged=7, late_prevented=13, skip=2
  arm chain: ok=True n=3 tip=ec597f6077f3ad76
  receipt appended to prospective_pair_runs.jsonl
[arm] exit=0 
====================================================================================================
FORECAST COVERAGE AUDIT   generated 2026-08-04T05:45:05.402183+00:00
====================================================================================================

CUMULATIVE by classification
  missing_job_did_not_run      26
  before_period_start          15
  forecast_logged              14
  not_yet_due                  11
  missing_data_unavailable     4
  late_record                  2

  obligations 72 | due 46 | served 14 | coverage 30.4%
  operational misses 26 | unexplained 0
  PROMOTION-GRADE: NO   (needs >= 95% served, <= 0 operational misses, all explained)

DAILY
  date         oblig  served     due     excl    opmiss arm_recs
  2026-07-30      12       0       0       12         0        0
  2026-07-31      12       6       9        3         0        0
  2026-08-01       8       2       8        0         6        0
  2026-08-02      16       0      16        0        16        0
  2026-08-03      12       6      12        0         3        3
  2026-08-04       4       0       1        3         1        0
  2026-08-05       8       0       0        8         0        0

EVERY MISSING OR IRREGULAR OBLIGATION (each must carry an explanation)
  2026-07-31 ATL v SEA T-90m   missing_data_unavailable   job served 1 other game(s) on 2026-07-31 at T-90m
  2026-07-31 WAS v DAL T-90m   missing_data_unavailable   job served 1 other game(s) on 2026-07-31 at T-90m
  2026-07-31 PDX v IND T-30m   missing_data_unavailable   job served 2 other game(s) on 2026-07-31 at T-30m
  2026-08-01 CHI v LVA T-24h   missing_job_did_not_run    no base record for ANY game on 2026-08-01 at T-24h
  2026-08-01 CHI v LVA T-8h    missing_job_did_not_run    no base record for ANY game on 2026-08-01 at T-8h
  2026-08-01 CHI v LVA T-30m   missing_job_did_not_run    no base record for ANY game on 2026-08-01 at T-30m
  2026-08-01 PHX v NYL T-24h   missing_job_did_not_run    no base record for ANY game on 2026-08-01 at T-24h
  2026-08-01 PHX v NYL T-8h    missing_job_did_not_run    no base record for ANY game on 2026-08-01 at T-8h
  2026-08-01 PHX v NYL T-30m   missing_job_did_not_run    no base record for ANY game on 2026-08-01 at T-30m
  2026-08-02 DAL v CON T-24h   missing_job_did_not_run    no base record for ANY game on 2026-08-02 at T-24h
  2026-08-02 DAL v CON T-8h    missing_job_did_not_run    no base record for ANY game on 2026-08-02 at T-8h
  2026-08-02 DAL v CON T-90m   missing_job_did_not_run    no base record for ANY game on 2026-08-02 at T-90m
  2026-08-02 DAL v CON T-30m   missing_job_did_not_run    no base record for ANY game on 2026-08-02 at T-30m
  2026-08-02 GSV v TOR T-24h   missing_job_did_not_run    no base record for ANY game on 2026-08-02 at T-24h
  2026-08-02 GSV v TOR T-8h    missing_job_did_not_run    no base record for ANY game on 2026-08-02 at T-8h
  2026-08-02 GSV v TOR T-90m   missing_job_did_not_run    no base record for ANY game on 2026-08-02 at T-90m
  2026-08-02 GSV v TOR T-30m   missing_job_did_not_run    no base record for ANY game on 2026-08-02 at T-30m
  2026-08-02 MIN v IND T-24h   missing_job_did_not_run    no base record for ANY game on 2026-08-02 at T-24h
  2026-08-02 MIN v IND T-8h    missing_job_did_not_run    no base record for ANY game on 2026-08-02 at T-8h
  2026-08-02 MIN v IND T-90m   missing_job_did_not_run    no base record for ANY game on 2026-08-02 at T-90m
  2026-08-02 MIN v IND T-30m   missing_job_did_not_run    no base record for ANY game on 2026-08-02 at T-30m
  2026-08-02 PDX v LAS T-24h   missing_job_did_not_run    no base record for ANY game on 2026-08-02 at T-24h
  2026-08-02 PDX v LAS T-8h    missing_job_did_not_run    no base record for ANY game on 2026-08-02 at T-8h
  2026-08-02 PDX v LAS T-90m   missing_job_did_not_run    no base record for ANY game on 2026-08-02 at T-90m
  2026-08-02 PDX v LAS T-30m   missing_job_did_not_run    no base record for ANY game on 2026-08-02 at T-30m
  2026-08-03 NYL v SEA T-24h   missing_job_did_not_run    no base record for ANY game on 2026-08-03 at T-24h
  2026-08-03 NYL v SEA T-30m   late_record                created 2026-08-03T22:45:08.958486+00:00 after cutoff
  2026-08-03 ATL v LVA T-24h   missing_job_did_not_run    no base record for ANY game on 2026-08-03 at T-24h
  2026-08-03 ATL v LVA T-30m   late_record                created 2026-08-03T22:45:08.976775+00:00 after cutoff
  2026-08-03 CHI v PHX T-24h   missing_job_did_not_run    no base record for ANY game on 2026-08-03 at T-24h
  2026-08-03 CHI v PHX T-30m   missing_data_unavailable   job served 2 other game(s) on 2026-08-03 at T-30m
  2026-08-04 GSV v TOR T-24h   missing_job_did_not_run    no base record for ANY game on 2026-08-04 at T-24h

wrote forecasts/coverage_audit.csv and forecasts/coverage_receipt.json
[audit] exit=0 
==== Tue 08/04/2026  2:00:03.03 ==== 
[gate] 2026-08-04T06:00:06.197767+00:00  fire=False  -- no unserved obligation inside its 20-minute lead window
[gate] skipping the base job
[base] skipped - no unserved obligation in its lead window 
[base] exit=0 
================================================================================================
PROSPECTIVE PAIR RUNNER  2026-08-04T06:00:08.290992+00:00  model=ridge_score_level_w2c1_v1 hash=5d295bb8b99cd34e
================================================================================================
base records in official chain: 22
  late_prevented #0 ATL v SEA @ T-8h                cutoff 2026-07-31T15:35:00+00:00 already passed at 2026-08-0
  late_prevented #1 WAS v DAL @ T-8h                cutoff 2026-07-31T15:35:00+00:00 already passed at 2026-08-0
  late_prevented #2 PDX v IND @ T-8h                cutoff 2026-07-31T18:06:00+00:00 already passed at 2026-08-0
  late_prevented #3 ATL v SEA @ T-30m               cutoff 2026-07-31T23:05:00+00:00 already passed at 2026-08-0
  late_prevented #4 WAS v DAL @ T-30m               cutoff 2026-07-31T23:05:00+00:00 already passed at 2026-08-0
  late_prevented #5 PDX v IND @ T-90m               cutoff 2026-08-01T00:36:00+00:00 already passed at 2026-08-0
  late_prevented #6 CHI v LVA @ T-90m               cutoff 2026-08-01T15:35:00+00:00 already passed at 2026-08-0
  late_prevented #7 PHX v NYL @ T-90m               cutoff 2026-08-01T17:34:00+00:00 already passed at 2026-08-0
  skip           #8 CHI v LVA @ unknown-tip         base record is an explicit no-forecast; nothing to pair
  skip           #9 PHX v NYL @ unknown-tip         base record is an explicit no-forecast; nothing to pair
  late_prevented #10 NYL v SEA @ T-8h               cutoff 2026-08-03T15:04:00+00:00 already passed at 2026-08-0
  late_prevented #11 ATL v LVA @ T-8h               cutoff 2026-08-03T15:14:00+00:00 already passed at 2026-08-0
  late_prevented #12 CHI v PHX @ T-8h               cutoff 2026-08-03T17:08:00+00:00 already passed at 2026-08-0
  already_logged #13 NYL v SEA @ T-90m              idempotent: pair exists
  already_logged #14 ATL v LVA @ T-90m              idempotent: pair exists
  already_logged #15 CHI v PHX @ T-90m              idempotent: pair exists
  already_logged #16 NYL v SEA @ T-90m              idempotent: pair exists
  already_logged #17 ATL v LVA @ T-90m              idempotent: pair exists
  already_logged #18 CHI v PHX @ T-90m              idempotent: pair exists
  late_prevented #19 NYL v SEA @ T-30m              cutoff 2026-08-03T22:34:00+00:00 already passed at 2026-08-0
  late_prevented #20 ATL v LVA @ T-30m              cutoff 2026-08-03T22:44:00+00:00 already passed at 2026-08-0
  already_logged #21 CHI v PHX @ T-90m              idempotent: pair exists

  already_logged=7, late_prevented=13, skip=2
  arm chain: ok=True n=3 tip=ec597f6077f3ad76
  receipt appended to prospective_pair_runs.jsonl
[arm] exit=0 
====================================================================================================
FORECAST COVERAGE AUDIT   generated 2026-08-04T06:00:09.226372+00:00
====================================================================================================

CUMULATIVE by classification
  missing_job_did_not_run      26
  before_period_start          15
  forecast_logged              14
  not_yet_due                  11
  missing_data_unavailable     4
  late_record                  2

  obligations 72 | due 46 | served 14 | coverage 30.4%
  operational misses 26 | unexplained 0
  PROMOTION-GRADE: NO   (needs >= 95% served, <= 0 operational misses, all explained)

DAILY
  date         oblig  served     due     excl    opmiss arm_recs
  2026-07-30      12       0       0       12         0        0
  2026-07-31      12       6       9        3         0        0
  2026-08-01       8       2       8        0         6        0
  2026-08-02      16       0      16        0        16        0
  2026-08-03      12       6      12        0         3        3
  2026-08-04       4       0       1        3         1        0
  2026-08-05       8       0       0        8         0        0

EVERY MISSING OR IRREGULAR OBLIGATION (each must carry an explanation)
  2026-07-31 ATL v SEA T-90m   missing_data_unavailable   job served 1 other game(s) on 2026-07-31 at T-90m
  2026-07-31 WAS v DAL T-90m   missing_data_unavailable   job served 1 other game(s) on 2026-07-31 at T-90m
  2026-07-31 PDX v IND T-30m   missing_data_unavailable   job served 2 other game(s) on 2026-07-31 at T-30m
  2026-08-01 CHI v LVA T-24h   missing_job_did_not_run    no base record for ANY game on 2026-08-01 at T-24h
  2026-08-01 CHI v LVA T-8h    missing_job_did_not_run    no base record for ANY game on 2026-08-01 at T-8h
  2026-08-01 CHI v LVA T-30m   missing_job_did_not_run    no base record for ANY game on 2026-08-01 at T-30m
  2026-08-01 PHX v NYL T-24h   missing_job_did_not_run    no base record for ANY game on 2026-08-01 at T-24h
  2026-08-01 PHX v NYL T-8h    missing_job_did_not_run    no base record for ANY game on 2026-08-01 at T-8h
  2026-08-01 PHX v NYL T-30m   missing_job_did_not_run    no base record for ANY game on 2026-08-01 at T-30m
  2026-08-02 DAL v CON T-24h   missing_job_did_not_run    no base record for ANY game on 2026-08-02 at T-24h
  2026-08-02 DAL v CON T-8h    missing_job_did_not_run    no base record for ANY game on 2026-08-02 at T-8h
  2026-08-02 DAL v CON T-90m   missing_job_did_not_run    no base record for ANY game on 2026-08-02 at T-90m
  2026-08-02 DAL v CON T-30m   missing_job_did_not_run    no base record for ANY game on 2026-08-02 at T-30m
  2026-08-02 GSV v TOR T-24h   missing_job_did_not_run    no base record for ANY game on 2026-08-02 at T-24h
  2026-08-02 GSV v TOR T-8h    missing_job_did_not_run    no base record for ANY game on 2026-08-02 at T-8h
  2026-08-02 GSV v TOR T-90m   missing_job_did_not_run    no base record for ANY game on 2026-08-02 at T-90m
  2026-08-02 GSV v TOR T-30m   missing_job_did_not_run    no base record for ANY game on 2026-08-02 at T-30m
  2026-08-02 MIN v IND T-24h   missing_job_did_not_run    no base record for ANY game on 2026-08-02 at T-24h
  2026-08-02 MIN v IND T-8h    missing_job_did_not_run    no base record for ANY game on 2026-08-02 at T-8h
  2026-08-02 MIN v IND T-90m   missing_job_did_not_run    no base record for ANY game on 2026-08-02 at T-90m
  2026-08-02 MIN v IND T-30m   missing_job_did_not_run    no base record for ANY game on 2026-08-02 at T-30m
  2026-08-02 PDX v LAS T-24h   missing_job_did_not_run    no base record for ANY game on 2026-08-02 at T-24h
  2026-08-02 PDX v LAS T-8h    missing_job_did_not_run    no base record for ANY game on 2026-08-02 at T-8h
  2026-08-02 PDX v LAS T-90m   missing_job_did_not_run    no base record for ANY game on 2026-08-02 at T-90m
  2026-08-02 PDX v LAS T-30m   missing_job_did_not_run    no base record for ANY game on 2026-08-02 at T-30m
  2026-08-03 NYL v SEA T-24h   missing_job_did_not_run    no base record for ANY game on 2026-08-03 at T-24h
  2026-08-03 NYL v SEA T-30m   late_record                created 2026-08-03T22:45:08.958486+00:00 after cutoff
  2026-08-03 ATL v LVA T-24h   missing_job_did_not_run    no base record for ANY game on 2026-08-03 at T-24h
  2026-08-03 ATL v LVA T-30m   late_record                created 2026-08-03T22:45:08.976775+00:00 after cutoff
  2026-08-03 CHI v PHX T-24h   missing_job_did_not_run    no base record for ANY game on 2026-08-03 at T-24h
  2026-08-03 CHI v PHX T-30m   missing_data_unavailable   job served 2 other game(s) on 2026-08-03 at T-30m
  2026-08-04 GSV v TOR T-24h   missing_job_did_not_run    no base record for ANY game on 2026-08-04 at T-24h

wrote forecasts/coverage_audit.csv and forecasts/coverage_receipt.json
[audit] exit=0 
==== Tue 08/04/2026  2:15:03.01 ==== 
[gate] 2026-08-04T06:15:03.664093+00:00  fire=False  -- no unserved obligation inside its 20-minute lead window
[gate] skipping the base job
[base] skipped - no unserved obligation in its lead window 
[base] exit=0 
================================================================================================
PROSPECTIVE PAIR RUNNER  2026-08-04T06:15:04.543894+00:00  model=ridge_score_level_w2c1_v1 hash=5d295bb8b99cd34e
================================================================================================
base records in official chain: 22
  late_prevented #0 ATL v SEA @ T-8h                cutoff 2026-07-31T15:35:00+00:00 already passed at 2026-08-0
  late_prevented #1 WAS v DAL @ T-8h                cutoff 2026-07-31T15:35:00+00:00 already passed at 2026-08-0
  late_prevented #2 PDX v IND @ T-8h                cutoff 2026-07-31T18:06:00+00:00 already passed at 2026-08-0
  late_prevented #3 ATL v SEA @ T-30m               cutoff 2026-07-31T23:05:00+00:00 already passed at 2026-08-0
  late_prevented #4 WAS v DAL @ T-30m               cutoff 2026-07-31T23:05:00+00:00 already passed at 2026-08-0
  late_prevented #5 PDX v IND @ T-90m               cutoff 2026-08-01T00:36:00+00:00 already passed at 2026-08-0
  late_prevented #6 CHI v LVA @ T-90m               cutoff 2026-08-01T15:35:00+00:00 already passed at 2026-08-0
  late_prevented #7 PHX v NYL @ T-90m               cutoff 2026-08-01T17:34:00+00:00 already passed at 2026-08-0
  skip           #8 CHI v LVA @ unknown-tip         base record is an explicit no-forecast; nothing to pair
  skip           #9 PHX v NYL @ unknown-tip         base record is an explicit no-forecast; nothing to pair
  late_prevented #10 NYL v SEA @ T-8h               cutoff 2026-08-03T15:04:00+00:00 already passed at 2026-08-0
  late_prevented #11 ATL v LVA @ T-8h               cutoff 2026-08-03T15:14:00+00:00 already passed at 2026-08-0
  late_prevented #12 CHI v PHX @ T-8h               cutoff 2026-08-03T17:08:00+00:00 already passed at 2026-08-0
  already_logged #13 NYL v SEA @ T-90m              idempotent: pair exists
  already_logged #14 ATL v LVA @ T-90m              idempotent: pair exists
  already_logged #15 CHI v PHX @ T-90m              idempotent: pair exists
  already_logged #16 NYL v SEA @ T-90m              idempotent: pair exists
  already_logged #17 ATL v LVA @ T-90m              idempotent: pair exists
  already_logged #18 CHI v PHX @ T-90m              idempotent: pair exists
  late_prevented #19 NYL v SEA @ T-30m              cutoff 2026-08-03T22:34:00+00:00 already passed at 2026-08-0
  late_prevented #20 ATL v LVA @ T-30m              cutoff 2026-08-03T22:44:00+00:00 already passed at 2026-08-0
  already_logged #21 CHI v PHX @ T-90m              idempotent: pair exists

  already_logged=7, late_prevented=13, skip=2
  arm chain: ok=True n=3 tip=ec597f6077f3ad76
  receipt appended to prospective_pair_runs.jsonl
[arm] exit=0 
====================================================================================================
FORECAST COVERAGE AUDIT   generated 2026-08-04T06:15:05.497090+00:00
====================================================================================================

CUMULATIVE by classification
  missing_job_did_not_run      26
  before_period_start          15
  forecast_logged              14
  not_yet_due                  11
  missing_data_unavailable     4
  late_record                  2

  obligations 72 | due 46 | served 14 | coverage 30.4%
  operational misses 26 | unexplained 0
  PROMOTION-GRADE: NO   (needs >= 95% served, <= 0 operational misses, all explained)

DAILY
  date         oblig  served     due     excl    opmiss arm_recs
  2026-07-30      12       0       0       12         0        0
  2026-07-31      12       6       9        3         0        0
  2026-08-01       8       2       8        0         6        0
  2026-08-02      16       0      16        0        16        0
  2026-08-03      12       6      12        0         3        3
  2026-08-04       4       0       1        3         1        0
  2026-08-05       8       0       0        8         0        0

EVERY MISSING OR IRREGULAR OBLIGATION (each must carry an explanation)
  2026-07-31 ATL v SEA T-90m   missing_data_unavailable   job served 1 other game(s) on 2026-07-31 at T-90m
  2026-07-31 WAS v DAL T-90m   missing_data_unavailable   job served 1 other game(s) on 2026-07-31 at T-90m
  2026-07-31 PDX v IND T-30m   missing_data_unavailable   job served 2 other game(s) on 2026-07-31 at T-30m
  2026-08-01 CHI v LVA T-24h   missing_job_did_not_run    no base record for ANY game on 2026-08-01 at T-24h
  2026-08-01 CHI v LVA T-8h    missing_job_did_not_run    no base record for ANY game on 2026-08-01 at T-8h
  2026-08-01 CHI v LVA T-30m   missing_job_did_not_run    no base record for ANY game on 2026-08-01 at T-30m
  2026-08-01 PHX v NYL T-24h   missing_job_did_not_run    no base record for ANY game on 2026-08-01 at T-24h
  2026-08-01 PHX v NYL T-8h    missing_job_did_not_run    no base record for ANY game on 2026-08-01 at T-8h
  2026-08-01 PHX v NYL T-30m   missing_job_did_not_run    no base record for ANY game on 2026-08-01 at T-30m
  2026-08-02 DAL v CON T-24h   missing_job_did_not_run    no base record for ANY game on 2026-08-02 at T-24h
  2026-08-02 DAL v CON T-8h    missing_job_did_not_run    no base record for ANY game on 2026-08-02 at T-8h
  2026-08-02 DAL v CON T-90m   missing_job_did_not_run    no base record for ANY game on 2026-08-02 at T-90m
  2026-08-02 DAL v CON T-30m   missing_job_did_not_run    no base record for ANY game on 2026-08-02 at T-30m
  2026-08-02 GSV v TOR T-24h   missing_job_did_not_run    no base record for ANY game on 2026-08-02 at T-24h
  2026-08-02 GSV v TOR T-8h    missing_job_did_not_run    no base record for ANY game on 2026-08-02 at T-8h
  2026-08-02 GSV v TOR T-90m   missing_job_did_not_run    no base record for ANY game on 2026-08-02 at T-90m
  2026-08-02 GSV v TOR T-30m   missing_job_did_not_run    no base record for ANY game on 2026-08-02 at T-30m
  2026-08-02 MIN v IND T-24h   missing_job_did_not_run    no base record for ANY game on 2026-08-02 at T-24h
  2026-08-02 MIN v IND T-8h    missing_job_did_not_run    no base record for ANY game on 2026-08-02 at T-8h
  2026-08-02 MIN v IND T-90m   missing_job_did_not_run    no base record for ANY game on 2026-08-02 at T-90m
  2026-08-02 MIN v IND T-30m   missing_job_did_not_run    no base record for ANY game on 2026-08-02 at T-30m
  2026-08-02 PDX v LAS T-24h   missing_job_did_not_run    no base record for ANY game on 2026-08-02 at T-24h
  2026-08-02 PDX v LAS T-8h    missing_job_did_not_run    no base record for ANY game on 2026-08-02 at T-8h
  2026-08-02 PDX v LAS T-90m   missing_job_did_not_run    no base record for ANY game on 2026-08-02 at T-90m
  2026-08-02 PDX v LAS T-30m   missing_job_did_not_run    no base record for ANY game on 2026-08-02 at T-30m
  2026-08-03 NYL v SEA T-24h   missing_job_did_not_run    no base record for ANY game on 2026-08-03 at T-24h
  2026-08-03 NYL v SEA T-30m   late_record                created 2026-08-03T22:45:08.958486+00:00 after cutoff
  2026-08-03 ATL v LVA T-24h   missing_job_did_not_run    no base record for ANY game on 2026-08-03 at T-24h
  2026-08-03 ATL v LVA T-30m   late_record                created 2026-08-03T22:45:08.976775+00:00 after cutoff
  2026-08-03 CHI v PHX T-24h   missing_job_did_not_run    no base record for ANY game on 2026-08-03 at T-24h
  2026-08-03 CHI v PHX T-30m   missing_data_unavailable   job served 2 other game(s) on 2026-08-03 at T-30m
  2026-08-04 GSV v TOR T-24h   missing_job_did_not_run    no base record for ANY game on 2026-08-04 at T-24h

wrote forecasts/coverage_audit.csv and forecasts/coverage_receipt.json
[audit] exit=0 
==== Tue 08/04/2026  2:30:03.36 ==== 
[gate] 2026-08-04T06:30:06.533771+00:00  fire=False  -- no unserved obligation inside its 20-minute lead window
[gate] skipping the base job
[base] skipped - no unserved obligation in its lead window 
[base] exit=0 
================================================================================================
PROSPECTIVE PAIR RUNNER  2026-08-04T06:30:08.719906+00:00  model=ridge_score_level_w2c1_v1 hash=5d295bb8b99cd34e
================================================================================================
base records in official chain: 22
  late_prevented #0 ATL v SEA @ T-8h                cutoff 2026-07-31T15:35:00+00:00 already passed at 2026-08-0
  late_prevented #1 WAS v DAL @ T-8h                cutoff 2026-07-31T15:35:00+00:00 already passed at 2026-08-0
  late_prevented #2 PDX v IND @ T-8h                cutoff 2026-07-31T18:06:00+00:00 already passed at 2026-08-0
  late_prevented #3 ATL v SEA @ T-30m               cutoff 2026-07-31T23:05:00+00:00 already passed at 2026-08-0
  late_prevented #4 WAS v DAL @ T-30m               cutoff 2026-07-31T23:05:00+00:00 already passed at 2026-08-0
  late_prevented #5 PDX v IND @ T-90m               cutoff 2026-08-01T00:36:00+00:00 already passed at 2026-08-0
  late_prevented #6 CHI v LVA @ T-90m               cutoff 2026-08-01T15:35:00+00:00 already passed at 2026-08-0
  late_prevented #7 PHX v NYL @ T-90m               cutoff 2026-08-01T17:34:00+00:00 already passed at 2026-08-0
  skip           #8 CHI v LVA @ unknown-tip         base record is an explicit no-forecast; nothing to pair
  skip           #9 PHX v NYL @ unknown-tip         base record is an explicit no-forecast; nothing to pair
  late_prevented #10 NYL v SEA @ T-8h               cutoff 2026-08-03T15:04:00+00:00 already passed at 2026-08-0
  late_prevented #11 ATL v LVA @ T-8h               cutoff 2026-08-03T15:14:00+00:00 already passed at 2026-08-0
  late_prevented #12 CHI v PHX @ T-8h               cutoff 2026-08-03T17:08:00+00:00 already passed at 2026-08-0
  already_logged #13 NYL v SEA @ T-90m              idempotent: pair exists
  already_logged #14 ATL v LVA @ T-90m              idempotent: pair exists
  already_logged #15 CHI v PHX @ T-90m              idempotent: pair exists
  already_logged #16 NYL v SEA @ T-90m              idempotent: pair exists
  already_logged #17 ATL v LVA @ T-90m              idempotent: pair exists
  already_logged #18 CHI v PHX @ T-90m              idempotent: pair exists
  late_prevented #19 NYL v SEA @ T-30m              cutoff 2026-08-03T22:34:00+00:00 already passed at 2026-08-0
  late_prevented #20 ATL v LVA @ T-30m              cutoff 2026-08-03T22:44:00+00:00 already passed at 2026-08-0
  already_logged #21 CHI v PHX @ T-90m              idempotent: pair exists

  already_logged=7, late_prevented=13, skip=2
  arm chain: ok=True n=3 tip=ec597f6077f3ad76
  receipt appended to prospective_pair_runs.jsonl
[arm] exit=0 
====================================================================================================
FORECAST COVERAGE AUDIT   generated 2026-08-04T06:30:09.635449+00:00
====================================================================================================

CUMULATIVE by classification
  missing_job_did_not_run      26
  before_period_start          15
  forecast_logged              14
  not_yet_due                  11
  missing_data_unavailable     4
  late_record                  2

  obligations 72 | due 46 | served 14 | coverage 30.4%
  operational misses 26 | unexplained 0
  PROMOTION-GRADE: NO   (needs >= 95% served, <= 0 operational misses, all explained)

DAILY
  date         oblig  served     due     excl    opmiss arm_recs
  2026-07-30      12       0       0       12         0        0
  2026-07-31      12       6       9        3         0        0
  2026-08-01       8       2       8        0         6        0
  2026-08-02      16       0      16        0        16        0
  2026-08-03      12       6      12        0         3        3
  2026-08-04       4       0       1        3         1        0
  2026-08-05       8       0       0        8         0        0

EVERY MISSING OR IRREGULAR OBLIGATION (each must carry an explanation)
  2026-07-31 ATL v SEA T-90m   missing_data_unavailable   job served 1 other game(s) on 2026-07-31 at T-90m
  2026-07-31 WAS v DAL T-90m   missing_data_unavailable   job served 1 other game(s) on 2026-07-31 at T-90m
  2026-07-31 PDX v IND T-30m   missing_data_unavailable   job served 2 other game(s) on 2026-07-31 at T-30m
  2026-08-01 CHI v LVA T-24h   missing_job_did_not_run    no base record for ANY game on 2026-08-01 at T-24h
  2026-08-01 CHI v LVA T-8h    missing_job_did_not_run    no base record for ANY game on 2026-08-01 at T-8h
  2026-08-01 CHI v LVA T-30m   missing_job_did_not_run    no base record for ANY game on 2026-08-01 at T-30m
  2026-08-01 PHX v NYL T-24h   missing_job_did_not_run    no base record for ANY game on 2026-08-01 at T-24h
  2026-08-01 PHX v NYL T-8h    missing_job_did_not_run    no base record for ANY game on 2026-08-01 at T-8h
  2026-08-01 PHX v NYL T-30m   missing_job_did_not_run    no base record for ANY game on 2026-08-01 at T-30m
  2026-08-02 DAL v CON T-24h   missing_job_did_not_run    no base record for ANY game on 2026-08-02 at T-24h
  2026-08-02 DAL v CON T-8h    missing_job_did_not_run    no base record for ANY game on 2026-08-02 at T-8h
  2026-08-02 DAL v CON T-90m   missing_job_did_not_run    no base record for ANY game on 2026-08-02 at T-90m
  2026-08-02 DAL v CON T-30m   missing_job_did_not_run    no base record for ANY game on 2026-08-02 at T-30m
  2026-08-02 GSV v TOR T-24h   missing_job_did_not_run    no base record for ANY game on 2026-08-02 at T-24h
  2026-08-02 GSV v TOR T-8h    missing_job_did_not_run    no base record for ANY game on 2026-08-02 at T-8h
  2026-08-02 GSV v TOR T-90m   missing_job_did_not_run    no base record for ANY game on 2026-08-02 at T-90m
  2026-08-02 GSV v TOR T-30m   missing_job_did_not_run    no base record for ANY game on 2026-08-02 at T-30m
  2026-08-02 MIN v IND T-24h   missing_job_did_not_run    no base record for ANY game on 2026-08-02 at T-24h
  2026-08-02 MIN v IND T-8h    missing_job_did_not_run    no base record for ANY game on 2026-08-02 at T-8h
  2026-08-02 MIN v IND T-90m   missing_job_did_not_run    no base record for ANY game on 2026-08-02 at T-90m
  2026-08-02 MIN v IND T-30m   missing_job_did_not_run    no base record for ANY game on 2026-08-02 at T-30m
  2026-08-02 PDX v LAS T-24h   missing_job_did_not_run    no base record for ANY game on 2026-08-02 at T-24h
  2026-08-02 PDX v LAS T-8h    missing_job_did_not_run    no base record for ANY game on 2026-08-02 at T-8h
  2026-08-02 PDX v LAS T-90m   missing_job_did_not_run    no base record for ANY game on 2026-08-02 at T-90m
  2026-08-02 PDX v LAS T-30m   missing_job_did_not_run    no base record for ANY game on 2026-08-02 at T-30m
  2026-08-03 NYL v SEA T-24h   missing_job_did_not_run    no base record for ANY game on 2026-08-03 at T-24h
  2026-08-03 NYL v SEA T-30m   late_record                created 2026-08-03T22:45:08.958486+00:00 after cutoff
  2026-08-03 ATL v LVA T-24h   missing_job_did_not_run    no base record for ANY game on 2026-08-03 at T-24h
  2026-08-03 ATL v LVA T-30m   late_record                created 2026-08-03T22:45:08.976775+00:00 after cutoff
  2026-08-03 CHI v PHX T-24h   missing_job_did_not_run    no base record for ANY game on 2026-08-03 at T-24h
  2026-08-03 CHI v PHX T-30m   missing_data_unavailable   job served 2 other game(s) on 2026-08-03 at T-30m
  2026-08-04 GSV v TOR T-24h   missing_job_did_not_run    no base record for ANY game on 2026-08-04 at T-24h

wrote forecasts/coverage_audit.csv and forecasts/coverage_receipt.json
[audit] exit=0 
==== Tue 08/04/2026  2:45:03.12 ==== 
[gate] 2026-08-04T06:45:06.684203+00:00  fire=False  -- no unserved obligation inside its 20-minute lead window
[gate] skipping the base job
[base] skipped - no unserved obligation in its lead window 
[base] exit=0 
================================================================================================
PROSPECTIVE PAIR RUNNER  2026-08-04T06:45:08.775618+00:00  model=ridge_score_level_w2c1_v1 hash=5d295bb8b99cd34e
================================================================================================
base records in official chain: 22
  late_prevented #0 ATL v SEA @ T-8h                cutoff 2026-07-31T15:35:00+00:00 already passed at 2026-08-0
  late_prevented #1 WAS v DAL @ T-8h                cutoff 2026-07-31T15:35:00+00:00 already passed at 2026-08-0
  late_prevented #2 PDX v IND @ T-8h                cutoff 2026-07-31T18:06:00+00:00 already passed at 2026-08-0
  late_prevented #3 ATL v SEA @ T-30m               cutoff 2026-07-31T23:05:00+00:00 already passed at 2026-08-0
  late_prevented #4 WAS v DAL @ T-30m               cutoff 2026-07-31T23:05:00+00:00 already passed at 2026-08-0
  late_prevented #5 PDX v IND @ T-90m               cutoff 2026-08-01T00:36:00+00:00 already passed at 2026-08-0
  late_prevented #6 CHI v LVA @ T-90m               cutoff 2026-08-01T15:35:00+00:00 already passed at 2026-08-0
  late_prevented #7 PHX v NYL @ T-90m               cutoff 2026-08-01T17:34:00+00:00 already passed at 2026-08-0
  skip           #8 CHI v LVA @ unknown-tip         base record is an explicit no-forecast; nothing to pair
  skip           #9 PHX v NYL @ unknown-tip         base record is an explicit no-forecast; nothing to pair
  late_prevented #10 NYL v SEA @ T-8h               cutoff 2026-08-03T15:04:00+00:00 already passed at 2026-08-0
  late_prevented #11 ATL v LVA @ T-8h               cutoff 2026-08-03T15:14:00+00:00 already passed at 2026-08-0
  late_prevented #12 CHI v PHX @ T-8h               cutoff 2026-08-03T17:08:00+00:00 already passed at 2026-08-0
  already_logged #13 NYL v SEA @ T-90m              idempotent: pair exists
  already_logged #14 ATL v LVA @ T-90m              idempotent: pair exists
  already_logged #15 CHI v PHX @ T-90m              idempotent: pair exists
  already_logged #16 NYL v SEA @ T-90m              idempotent: pair exists
  already_logged #17 ATL v LVA @ T-90m              idempotent: pair exists
  already_logged #18 CHI v PHX @ T-90m              idempotent: pair exists
  late_prevented #19 NYL v SEA @ T-30m              cutoff 2026-08-03T22:34:00+00:00 already passed at 2026-08-0
  late_prevented #20 ATL v LVA @ T-30m              cutoff 2026-08-03T22:44:00+00:00 already passed at 2026-08-0
  already_logged #21 CHI v PHX @ T-90m              idempotent: pair exists

  already_logged=7, late_prevented=13, skip=2
  arm chain: ok=True n=3 tip=ec597f6077f3ad76
  receipt appended to prospective_pair_runs.jsonl
[arm] exit=0 
====================================================================================================
FORECAST COVERAGE AUDIT   generated 2026-08-04T06:45:09.722750+00:00
====================================================================================================

CUMULATIVE by classification
  missing_job_did_not_run      26
  before_period_start          15
  forecast_logged              14
  not_yet_due                  11
  missing_data_unavailable     4
  late_record                  2

  obligations 72 | due 46 | served 14 | coverage 30.4%
  operational misses 26 | unexplained 0
  PROMOTION-GRADE: NO   (needs >= 95% served, <= 0 operational misses, all explained)

DAILY
  date         oblig  served     due     excl    opmiss arm_recs
  2026-07-30      12       0       0       12         0        0
  2026-07-31      12       6       9        3         0        0
  2026-08-01       8       2       8        0         6        0
  2026-08-02      16       0      16        0        16        0
  2026-08-03      12       6      12        0         3        3
  2026-08-04       4       0       1        3         1        0
  2026-08-05       8       0       0        8         0        0

EVERY MISSING OR IRREGULAR OBLIGATION (each must carry an explanation)
  2026-07-31 ATL v SEA T-90m   missing_data_unavailable   job served 1 other game(s) on 2026-07-31 at T-90m
  2026-07-31 WAS v DAL T-90m   missing_data_unavailable   job served 1 other game(s) on 2026-07-31 at T-90m
  2026-07-31 PDX v IND T-30m   missing_data_unavailable   job served 2 other game(s) on 2026-07-31 at T-30m
  2026-08-01 CHI v LVA T-24h   missing_job_did_not_run    no base record for ANY game on 2026-08-01 at T-24h
  2026-08-01 CHI v LVA T-8h    missing_job_did_not_run    no base record for ANY game on 2026-08-01 at T-8h
  2026-08-01 CHI v LVA T-30m   missing_job_did_not_run    no base record for ANY game on 2026-08-01 at T-30m
  2026-08-01 PHX v NYL T-24h   missing_job_did_not_run    no base record for ANY game on 2026-08-01 at T-24h
  2026-08-01 PHX v NYL T-8h    missing_job_did_not_run    no base record for ANY game on 2026-08-01 at T-8h
  2026-08-01 PHX v NYL T-30m   missing_job_did_not_run    no base record for ANY game on 2026-08-01 at T-30m
  2026-08-02 DAL v CON T-24h   missing_job_did_not_run    no base record for ANY game on 2026-08-02 at T-24h
  2026-08-02 DAL v CON T-8h    missing_job_did_not_run    no base record for ANY game on 2026-08-02 at T-8h
  2026-08-02 DAL v CON T-90m   missing_job_did_not_run    no base record for ANY game on 2026-08-02 at T-90m
  2026-08-02 DAL v CON T-30m   missing_job_did_not_run    no base record for ANY game on 2026-08-02 at T-30m
  2026-08-02 GSV v TOR T-24h   missing_job_did_not_run    no base record for ANY game on 2026-08-02 at T-24h
  2026-08-02 GSV v TOR T-8h    missing_job_did_not_run    no base record for ANY game on 2026-08-02 at T-8h
  2026-08-02 GSV v TOR T-90m   missing_job_did_not_run    no base record for ANY game on 2026-08-02 at T-90m
  2026-08-02 GSV v TOR T-30m   missing_job_did_not_run    no base record for ANY game on 2026-08-02 at T-30m
  2026-08-02 MIN v IND T-24h   missing_job_did_not_run    no base record for ANY game on 2026-08-02 at T-24h
  2026-08-02 MIN v IND T-8h    missing_job_did_not_run    no base record for ANY game on 2026-08-02 at T-8h
  2026-08-02 MIN v IND T-90m   missing_job_did_not_run    no base record for ANY game on 2026-08-02 at T-90m
  2026-08-02 MIN v IND T-30m   missing_job_did_not_run    no base record for ANY game on 2026-08-02 at T-30m
  2026-08-02 PDX v LAS T-24h   missing_job_did_not_run    no base record for ANY game on 2026-08-02 at T-24h
  2026-08-02 PDX v LAS T-8h    missing_job_did_not_run    no base record for ANY game on 2026-08-02 at T-8h
  2026-08-02 PDX v LAS T-90m   missing_job_did_not_run    no base record for ANY game on 2026-08-02 at T-90m
  2026-08-02 PDX v LAS T-30m   missing_job_did_not_run    no base record for ANY game on 2026-08-02 at T-30m
  2026-08-03 NYL v SEA T-24h   missing_job_did_not_run    no base record for ANY game on 2026-08-03 at T-24h
  2026-08-03 NYL v SEA T-30m   late_record                created 2026-08-03T22:45:08.958486+00:00 after cutoff
  2026-08-03 ATL v LVA T-24h   missing_job_did_not_run    no base record for ANY game on 2026-08-03 at T-24h
  2026-08-03 ATL v LVA T-30m   late_record                created 2026-08-03T22:45:08.976775+00:00 after cutoff
  2026-08-03 CHI v PHX T-24h   missing_job_did_not_run    no base record for ANY game on 2026-08-03 at T-24h
  2026-08-03 CHI v PHX T-30m   missing_data_unavailable   job served 2 other game(s) on 2026-08-03 at T-30m
  2026-08-04 GSV v TOR T-24h   missing_job_did_not_run    no base record for ANY game on 2026-08-04 at T-24h

wrote forecasts/coverage_audit.csv and forecasts/coverage_receipt.json
[audit] exit=0 
==== Tue 08/04/2026  3:00:03.30 ==== 
[gate] 2026-08-04T07:00:03.976072+00:00  fire=False  -- no unserved obligation inside its 20-minute lead window
[gate] skipping the base job
[base] skipped - no unserved obligation in its lead window 
[base] exit=0 
================================================================================================
PROSPECTIVE PAIR RUNNER  2026-08-04T07:00:04.852078+00:00  model=ridge_score_level_w2c1_v1 hash=5d295bb8b99cd34e
================================================================================================
base records in official chain: 22
  late_prevented #0 ATL v SEA @ T-8h                cutoff 2026-07-31T15:35:00+00:00 already passed at 2026-08-0
  late_prevented #1 WAS v DAL @ T-8h                cutoff 2026-07-31T15:35:00+00:00 already passed at 2026-08-0
  late_prevented #2 PDX v IND @ T-8h                cutoff 2026-07-31T18:06:00+00:00 already passed at 2026-08-0
  late_prevented #3 ATL v SEA @ T-30m               cutoff 2026-07-31T23:05:00+00:00 already passed at 2026-08-0
  late_prevented #4 WAS v DAL @ T-30m               cutoff 2026-07-31T23:05:00+00:00 already passed at 2026-08-0
  late_prevented #5 PDX v IND @ T-90m               cutoff 2026-08-01T00:36:00+00:00 already passed at 2026-08-0
  late_prevented #6 CHI v LVA @ T-90m               cutoff 2026-08-01T15:35:00+00:00 already passed at 2026-08-0
  late_prevented #7 PHX v NYL @ T-90m               cutoff 2026-08-01T17:34:00+00:00 already passed at 2026-08-0
  skip           #8 CHI v LVA @ unknown-tip         base record is an explicit no-forecast; nothing to pair
  skip           #9 PHX v NYL @ unknown-tip         base record is an explicit no-forecast; nothing to pair
  late_prevented #10 NYL v SEA @ T-8h               cutoff 2026-08-03T15:04:00+00:00 already passed at 2026-08-0
  late_prevented #11 ATL v LVA @ T-8h               cutoff 2026-08-03T15:14:00+00:00 already passed at 2026-08-0
  late_prevented #12 CHI v PHX @ T-8h               cutoff 2026-08-03T17:08:00+00:00 already passed at 2026-08-0
  already_logged #13 NYL v SEA @ T-90m              idempotent: pair exists
  already_logged #14 ATL v LVA @ T-90m              idempotent: pair exists
  already_logged #15 CHI v PHX @ T-90m              idempotent: pair exists
  already_logged #16 NYL v SEA @ T-90m              idempotent: pair exists
  already_logged #17 ATL v LVA @ T-90m              idempotent: pair exists
  already_logged #18 CHI v PHX @ T-90m              idempotent: pair exists
  late_prevented #19 NYL v SEA @ T-30m              cutoff 2026-08-03T22:34:00+00:00 already passed at 2026-08-0
  late_prevented #20 ATL v LVA @ T-30m              cutoff 2026-08-03T22:44:00+00:00 already passed at 2026-08-0
  already_logged #21 CHI v PHX @ T-90m              idempotent: pair exists

  already_logged=7, late_prevented=13, skip=2
  arm chain: ok=True n=3 tip=ec597f6077f3ad76
  receipt appended to prospective_pair_runs.jsonl
[arm] exit=0 
====================================================================================================
FORECAST COVERAGE AUDIT   generated 2026-08-04T07:00:05.735007+00:00
====================================================================================================

CUMULATIVE by classification
  missing_job_did_not_run      26
  before_period_start          15
  forecast_logged              14
  not_yet_due                  11
  missing_data_unavailable     4
  late_record                  2

  obligations 72 | due 46 | served 14 | coverage 30.4%
  operational misses 26 | unexplained 0
  PROMOTION-GRADE: NO   (needs >= 95% served, <= 0 operational misses, all explained)

DAILY
  date         oblig  served     due     excl    opmiss arm_recs
  2026-07-30      12       0       0       12         0        0
  2026-07-31      12       6       9        3         0        0
  2026-08-01       8       2       8        0         6        0
  2026-08-02      16       0      16        0        16        0
  2026-08-03      12       6      12        0         3        3
  2026-08-04       4       0       1        3         1        0
  2026-08-05       8       0       0        8         0        0

EVERY MISSING OR IRREGULAR OBLIGATION (each must carry an explanation)
  2026-07-31 ATL v SEA T-90m   missing_data_unavailable   job served 1 other game(s) on 2026-07-31 at T-90m
  2026-07-31 WAS v DAL T-90m   missing_data_unavailable   job served 1 other game(s) on 2026-07-31 at T-90m
  2026-07-31 PDX v IND T-30m   missing_data_unavailable   job served 2 other game(s) on 2026-07-31 at T-30m
  2026-08-01 CHI v LVA T-24h   missing_job_did_not_run    no base record for ANY game on 2026-08-01 at T-24h
  2026-08-01 CHI v LVA T-8h    missing_job_did_not_run    no base record for ANY game on 2026-08-01 at T-8h
  2026-08-01 CHI v LVA T-30m   missing_job_did_not_run    no base record for ANY game on 2026-08-01 at T-30m
  2026-08-01 PHX v NYL T-24h   missing_job_did_not_run    no base record for ANY game on 2026-08-01 at T-24h
  2026-08-01 PHX v NYL T-8h    missing_job_did_not_run    no base record for ANY game on 2026-08-01 at T-8h
  2026-08-01 PHX v NYL T-30m   missing_job_did_not_run    no base record for ANY game on 2026-08-01 at T-30m
  2026-08-02 DAL v CON T-24h   missing_job_did_not_run    no base record for ANY game on 2026-08-02 at T-24h
  2026-08-02 DAL v CON T-8h    missing_job_did_not_run    no base record for ANY game on 2026-08-02 at T-8h
  2026-08-02 DAL v CON T-90m   missing_job_did_not_run    no base record for ANY game on 2026-08-02 at T-90m
  2026-08-02 DAL v CON T-30m   missing_job_did_not_run    no base record for ANY game on 2026-08-02 at T-30m
  2026-08-02 GSV v TOR T-24h   missing_job_did_not_run    no base record for ANY game on 2026-08-02 at T-24h
  2026-08-02 GSV v TOR T-8h    missing_job_did_not_run    no base record for ANY game on 2026-08-02 at T-8h
  2026-08-02 GSV v TOR T-90m   missing_job_did_not_run    no base record for ANY game on 2026-08-02 at T-90m
  2026-08-02 GSV v TOR T-30m   missing_job_did_not_run    no base record for ANY game on 2026-08-02 at T-30m
  2026-08-02 MIN v IND T-24h   missing_job_did_not_run    no base record for ANY game on 2026-08-02 at T-24h
  2026-08-02 MIN v IND T-8h    missing_job_did_not_run    no base record for ANY game on 2026-08-02 at T-8h
  2026-08-02 MIN v IND T-90m   missing_job_did_not_run    no base record for ANY game on 2026-08-02 at T-90m
  2026-08-02 MIN v IND T-30m   missing_job_did_not_run    no base record for ANY game on 2026-08-02 at T-30m
  2026-08-02 PDX v LAS T-24h   missing_job_did_not_run    no base record for ANY game on 2026-08-02 at T-24h
  2026-08-02 PDX v LAS T-8h    missing_job_did_not_run    no base record for ANY game on 2026-08-02 at T-8h
  2026-08-02 PDX v LAS T-90m   missing_job_did_not_run    no base record for ANY game on 2026-08-02 at T-90m
  2026-08-02 PDX v LAS T-30m   missing_job_did_not_run    no base record for ANY game on 2026-08-02 at T-30m
  2026-08-03 NYL v SEA T-24h   missing_job_did_not_run    no base record for ANY game on 2026-08-03 at T-24h
  2026-08-03 NYL v SEA T-30m   late_record                created 2026-08-03T22:45:08.958486+00:00 after cutoff
  2026-08-03 ATL v LVA T-24h   missing_job_did_not_run    no base record for ANY game on 2026-08-03 at T-24h
  2026-08-03 ATL v LVA T-30m   late_record                created 2026-08-03T22:45:08.976775+00:00 after cutoff
  2026-08-03 CHI v PHX T-24h   missing_job_did_not_run    no base record for ANY game on 2026-08-03 at T-24h
  2026-08-03 CHI v PHX T-30m   missing_data_unavailable   job served 2 other game(s) on 2026-08-03 at T-30m
  2026-08-04 GSV v TOR T-24h   missing_job_did_not_run    no base record for ANY game on 2026-08-04 at T-24h

wrote forecasts/coverage_audit.csv and forecasts/coverage_receipt.json
[audit] exit=0 
==== Tue 08/04/2026  3:15:03.22 ==== 
[gate] 2026-08-04T07:15:03.888988+00:00  fire=False  -- no unserved obligation inside its 20-minute lead window
[gate] skipping the base job
[base] skipped - no unserved obligation in its lead window 
[base] exit=0 
================================================================================================
PROSPECTIVE PAIR RUNNER  2026-08-04T07:15:04.758855+00:00  model=ridge_score_level_w2c1_v1 hash=5d295bb8b99cd34e
================================================================================================
base records in official chain: 22
  late_prevented #0 ATL v SEA @ T-8h                cutoff 2026-07-31T15:35:00+00:00 already passed at 2026-08-0
  late_prevented #1 WAS v DAL @ T-8h                cutoff 2026-07-31T15:35:00+00:00 already passed at 2026-08-0
  late_prevented #2 PDX v IND @ T-8h                cutoff 2026-07-31T18:06:00+00:00 already passed at 2026-08-0
  late_prevented #3 ATL v SEA @ T-30m               cutoff 2026-07-31T23:05:00+00:00 already passed at 2026-08-0
  late_prevented #4 WAS v DAL @ T-30m               cutoff 2026-07-31T23:05:00+00:00 already passed at 2026-08-0
  late_prevented #5 PDX v IND @ T-90m               cutoff 2026-08-01T00:36:00+00:00 already passed at 2026-08-0
  late_prevented #6 CHI v LVA @ T-90m               cutoff 2026-08-01T15:35:00+00:00 already passed at 2026-08-0
  late_prevented #7 PHX v NYL @ T-90m               cutoff 2026-08-01T17:34:00+00:00 already passed at 2026-08-0
  skip           #8 CHI v LVA @ unknown-tip         base record is an explicit no-forecast; nothing to pair
  skip           #9 PHX v NYL @ unknown-tip         base record is an explicit no-forecast; nothing to pair
  late_prevented #10 NYL v SEA @ T-8h               cutoff 2026-08-03T15:04:00+00:00 already passed at 2026-08-0
  late_prevented #11 ATL v LVA @ T-8h               cutoff 2026-08-03T15:14:00+00:00 already passed at 2026-08-0
  late_prevented #12 CHI v PHX @ T-8h               cutoff 2026-08-03T17:08:00+00:00 already passed at 2026-08-0
  already_logged #13 NYL v SEA @ T-90m              idempotent: pair exists
  already_logged #14 ATL v LVA @ T-90m              idempotent: pair exists
  already_logged #15 CHI v PHX @ T-90m              idempotent: pair exists
  already_logged #16 NYL v SEA @ T-90m              idempotent: pair exists
  already_logged #17 ATL v LVA @ T-90m              idempotent: pair exists
  already_logged #18 CHI v PHX @ T-90m              idempotent: pair exists
  late_prevented #19 NYL v SEA @ T-30m              cutoff 2026-08-03T22:34:00+00:00 already passed at 2026-08-0
  late_prevented #20 ATL v LVA @ T-30m              cutoff 2026-08-03T22:44:00+00:00 already passed at 2026-08-0
  already_logged #21 CHI v PHX @ T-90m              idempotent: pair exists

  already_logged=7, late_prevented=13, skip=2
  arm chain: ok=True n=3 tip=ec597f6077f3ad76
  receipt appended to prospective_pair_runs.jsonl
[arm] exit=0 
====================================================================================================
FORECAST COVERAGE AUDIT   generated 2026-08-04T07:15:05.666182+00:00
====================================================================================================

CUMULATIVE by classification
  missing_job_did_not_run      26
  before_period_start          15
  forecast_logged              14
  not_yet_due                  11
  missing_data_unavailable     4
  late_record                  2

  obligations 72 | due 46 | served 14 | coverage 30.4%
  operational misses 26 | unexplained 0
  PROMOTION-GRADE: NO   (needs >= 95% served, <= 0 operational misses, all explained)

DAILY
  date         oblig  served     due     excl    opmiss arm_recs
  2026-07-30      12       0       0       12         0        0
  2026-07-31      12       6       9        3         0        0
  2026-08-01       8       2       8        0         6        0
  2026-08-02      16       0      16        0        16        0
  2026-08-03      12       6      12        0         3        3
  2026-08-04       4       0       1        3         1        0
  2026-08-05       8       0       0        8         0        0

EVERY MISSING OR IRREGULAR OBLIGATION (each must carry an explanation)
  2026-07-31 ATL v SEA T-90m   missing_data_unavailable   job served 1 other game(s) on 2026-07-31 at T-90m
  2026-07-31 WAS v DAL T-90m   missing_data_unavailable   job served 1 other game(s) on 2026-07-31 at T-90m
  2026-07-31 PDX v IND T-30m   missing_data_unavailable   job served 2 other game(s) on 2026-07-31 at T-30m
  2026-08-01 CHI v LVA T-24h   missing_job_did_not_run    no base record for ANY game on 2026-08-01 at T-24h
  2026-08-01 CHI v LVA T-8h    missing_job_did_not_run    no base record for ANY game on 2026-08-01 at T-8h
  2026-08-01 CHI v LVA T-30m   missing_job_did_not_run    no base record for ANY game on 2026-08-01 at T-30m
  2026-08-01 PHX v NYL T-24h   missing_job_did_not_run    no base record for ANY game on 2026-08-01 at T-24h
  2026-08-01 PHX v NYL T-8h    missing_job_did_not_run    no base record for ANY game on 2026-08-01 at T-8h
  2026-08-01 PHX v NYL T-30m   missing_job_did_not_run    no base record for ANY game on 2026-08-01 at T-30m
  2026-08-02 DAL v CON T-24h   missing_job_did_not_run    no base record for ANY game on 2026-08-02 at T-24h
  2026-08-02 DAL v CON T-8h    missing_job_did_not_run    no base record for ANY game on 2026-08-02 at T-8h
  2026-08-02 DAL v CON T-90m   missing_job_did_not_run    no base record for ANY game on 2026-08-02 at T-90m
  2026-08-02 DAL v CON T-30m   missing_job_did_not_run    no base record for ANY game on 2026-08-02 at T-30m
  2026-08-02 GSV v TOR T-24h   missing_job_did_not_run    no base record for ANY game on 2026-08-02 at T-24h
  2026-08-02 GSV v TOR T-8h    missing_job_did_not_run    no base record for ANY game on 2026-08-02 at T-8h
  2026-08-02 GSV v TOR T-90m   missing_job_did_not_run    no base record for ANY game on 2026-08-02 at T-90m
  2026-08-02 GSV v TOR T-30m   missing_job_did_not_run    no base record for ANY game on 2026-08-02 at T-30m
  2026-08-02 MIN v IND T-24h   missing_job_did_not_run    no base record for ANY game on 2026-08-02 at T-24h
  2026-08-02 MIN v IND T-8h    missing_job_did_not_run    no base record for ANY game on 2026-08-02 at T-8h
  2026-08-02 MIN v IND T-90m   missing_job_did_not_run    no base record for ANY game on 2026-08-02 at T-90m
  2026-08-02 MIN v IND T-30m   missing_job_did_not_run    no base record for ANY game on 2026-08-02 at T-30m
  2026-08-02 PDX v LAS T-24h   missing_job_did_not_run    no base record for ANY game on 2026-08-02 at T-24h
  2026-08-02 PDX v LAS T-8h    missing_job_did_not_run    no base record for ANY game on 2026-08-02 at T-8h
  2026-08-02 PDX v LAS T-90m   missing_job_did_not_run    no base record for ANY game on 2026-08-02 at T-90m
  2026-08-02 PDX v LAS T-30m   missing_job_did_not_run    no base record for ANY game on 2026-08-02 at T-30m
  2026-08-03 NYL v SEA T-24h   missing_job_did_not_run    no base record for ANY game on 2026-08-03 at T-24h
  2026-08-03 NYL v SEA T-30m   late_record                created 2026-08-03T22:45:08.958486+00:00 after cutoff
  2026-08-03 ATL v LVA T-24h   missing_job_did_not_run    no base record for ANY game on 2026-08-03 at T-24h
  2026-08-03 ATL v LVA T-30m   late_record                created 2026-08-03T22:45:08.976775+00:00 after cutoff
  2026-08-03 CHI v PHX T-24h   missing_job_did_not_run    no base record for ANY game on 2026-08-03 at T-24h
  2026-08-03 CHI v PHX T-30m   missing_data_unavailable   job served 2 other game(s) on 2026-08-03 at T-30m
  2026-08-04 GSV v TOR T-24h   missing_job_did_not_run    no base record for ANY game on 2026-08-04 at T-24h

wrote forecasts/coverage_audit.csv and forecasts/coverage_receipt.json
[audit] exit=0 
==== Tue 08/04/2026  3:30:02.96 ==== 
[gate] 2026-08-04T07:30:03.624021+00:00  fire=False  -- no unserved obligation inside its 20-minute lead window
[gate] skipping the base job
[base] skipped - no unserved obligation in its lead window 
[base] exit=0 
================================================================================================
PROSPECTIVE PAIR RUNNER  2026-08-04T07:30:04.491192+00:00  model=ridge_score_level_w2c1_v1 hash=5d295bb8b99cd34e
================================================================================================
base records in official chain: 22
  late_prevented #0 ATL v SEA @ T-8h                cutoff 2026-07-31T15:35:00+00:00 already passed at 2026-08-0
  late_prevented #1 WAS v DAL @ T-8h                cutoff 2026-07-31T15:35:00+00:00 already passed at 2026-08-0
  late_prevented #2 PDX v IND @ T-8h                cutoff 2026-07-31T18:06:00+00:00 already passed at 2026-08-0
  late_prevented #3 ATL v SEA @ T-30m               cutoff 2026-07-31T23:05:00+00:00 already passed at 2026-08-0
  late_prevented #4 WAS v DAL @ T-30m               cutoff 2026-07-31T23:05:00+00:00 already passed at 2026-08-0
  late_prevented #5 PDX v IND @ T-90m               cutoff 2026-08-01T00:36:00+00:00 already passed at 2026-08-0
  late_prevented #6 CHI v LVA @ T-90m               cutoff 2026-08-01T15:35:00+00:00 already passed at 2026-08-0
  late_prevented #7 PHX v NYL @ T-90m               cutoff 2026-08-01T17:34:00+00:00 already passed at 2026-08-0
  skip           #8 CHI v LVA @ unknown-tip         base record is an explicit no-forecast; nothing to pair
  skip           #9 PHX v NYL @ unknown-tip         base record is an explicit no-forecast; nothing to pair
  late_prevented #10 NYL v SEA @ T-8h               cutoff 2026-08-03T15:04:00+00:00 already passed at 2026-08-0
  late_prevented #11 ATL v LVA @ T-8h               cutoff 2026-08-03T15:14:00+00:00 already passed at 2026-08-0
  late_prevented #12 CHI v PHX @ T-8h               cutoff 2026-08-03T17:08:00+00:00 already passed at 2026-08-0
  already_logged #13 NYL v SEA @ T-90m              idempotent: pair exists
  already_logged #14 ATL v LVA @ T-90m              idempotent: pair exists
  already_logged #15 CHI v PHX @ T-90m              idempotent: pair exists
  already_logged #16 NYL v SEA @ T-90m              idempotent: pair exists
  already_logged #17 ATL v LVA @ T-90m              idempotent: pair exists
  already_logged #18 CHI v PHX @ T-90m              idempotent: pair exists
  late_prevented #19 NYL v SEA @ T-30m              cutoff 2026-08-03T22:34:00+00:00 already passed at 2026-08-0
  late_prevented #20 ATL v LVA @ T-30m              cutoff 2026-08-03T22:44:00+00:00 already passed at 2026-08-0
  already_logged #21 CHI v PHX @ T-90m              idempotent: pair exists

  already_logged=7, late_prevented=13, skip=2
  arm chain: ok=True n=3 tip=ec597f6077f3ad76
  receipt appended to prospective_pair_runs.jsonl
[arm] exit=0 
====================================================================================================
FORECAST COVERAGE AUDIT   generated 2026-08-04T07:30:05.389314+00:00
====================================================================================================

CUMULATIVE by classification
  missing_job_did_not_run      26
  before_period_start          15
  forecast_logged              14
  not_yet_due                  11
  missing_data_unavailable     4
  late_record                  2

  obligations 72 | due 46 | served 14 | coverage 30.4%
  operational misses 26 | unexplained 0
  PROMOTION-GRADE: NO   (needs >= 95% served, <= 0 operational misses, all explained)

DAILY
  date         oblig  served     due     excl    opmiss arm_recs
  2026-07-30      12       0       0       12         0        0
  2026-07-31      12       6       9        3         0        0
  2026-08-01       8       2       8        0         6        0
  2026-08-02      16       0      16        0        16        0
  2026-08-03      12       6      12        0         3        3
  2026-08-04       4       0       1        3         1        0
  2026-08-05       8       0       0        8         0        0

EVERY MISSING OR IRREGULAR OBLIGATION (each must carry an explanation)
  2026-07-31 ATL v SEA T-90m   missing_data_unavailable   job served 1 other game(s) on 2026-07-31 at T-90m
  2026-07-31 WAS v DAL T-90m   missing_data_unavailable   job served 1 other game(s) on 2026-07-31 at T-90m
  2026-07-31 PDX v IND T-30m   missing_data_unavailable   job served 2 other game(s) on 2026-07-31 at T-30m
  2026-08-01 CHI v LVA T-24h   missing_job_did_not_run    no base record for ANY game on 2026-08-01 at T-24h
  2026-08-01 CHI v LVA T-8h    missing_job_did_not_run    no base record for ANY game on 2026-08-01 at T-8h
  2026-08-01 CHI v LVA T-30m   missing_job_did_not_run    no base record for ANY game on 2026-08-01 at T-30m
  2026-08-01 PHX v NYL T-24h   missing_job_did_not_run    no base record for ANY game on 2026-08-01 at T-24h
  2026-08-01 PHX v NYL T-8h    missing_job_did_not_run    no base record for ANY game on 2026-08-01 at T-8h
  2026-08-01 PHX v NYL T-30m   missing_job_did_not_run    no base record for ANY game on 2026-08-01 at T-30m
  2026-08-02 DAL v CON T-24h   missing_job_did_not_run    no base record for ANY game on 2026-08-02 at T-24h
  2026-08-02 DAL v CON T-8h    missing_job_did_not_run    no base record for ANY game on 2026-08-02 at T-8h
  2026-08-02 DAL v CON T-90m   missing_job_did_not_run    no base record for ANY game on 2026-08-02 at T-90m
  2026-08-02 DAL v CON T-30m   missing_job_did_not_run    no base record for ANY game on 2026-08-02 at T-30m
  2026-08-02 GSV v TOR T-24h   missing_job_did_not_run    no base record for ANY game on 2026-08-02 at T-24h
  2026-08-02 GSV v TOR T-8h    missing_job_did_not_run    no base record for ANY game on 2026-08-02 at T-8h
  2026-08-02 GSV v TOR T-90m   missing_job_did_not_run    no base record for ANY game on 2026-08-02 at T-90m
  2026-08-02 GSV v TOR T-30m   missing_job_did_not_run    no base record for ANY game on 2026-08-02 at T-30m
  2026-08-02 MIN v IND T-24h   missing_job_did_not_run    no base record for ANY game on 2026-08-02 at T-24h
  2026-08-02 MIN v IND T-8h    missing_job_did_not_run    no base record for ANY game on 2026-08-02 at T-8h
  2026-08-02 MIN v IND T-90m   missing_job_did_not_run    no base record for ANY game on 2026-08-02 at T-90m
  2026-08-02 MIN v IND T-30m   missing_job_did_not_run    no base record for ANY game on 2026-08-02 at T-30m
  2026-08-02 PDX v LAS T-24h   missing_job_did_not_run    no base record for ANY game on 2026-08-02 at T-24h
  2026-08-02 PDX v LAS T-8h    missing_job_did_not_run    no base record for ANY game on 2026-08-02 at T-8h
  2026-08-02 PDX v LAS T-90m   missing_job_did_not_run    no base record for ANY game on 2026-08-02 at T-90m
  2026-08-02 PDX v LAS T-30m   missing_job_did_not_run    no base record for ANY game on 2026-08-02 at T-30m
  2026-08-03 NYL v SEA T-24h   missing_job_did_not_run    no base record for ANY game on 2026-08-03 at T-24h
  2026-08-03 NYL v SEA T-30m   late_record                created 2026-08-03T22:45:08.958486+00:00 after cutoff
  2026-08-03 ATL v LVA T-24h   missing_job_did_not_run    no base record for ANY game on 2026-08-03 at T-24h
  2026-08-03 ATL v LVA T-30m   late_record                created 2026-08-03T22:45:08.976775+00:00 after cutoff
  2026-08-03 CHI v PHX T-24h   missing_job_did_not_run    no base record for ANY game on 2026-08-03 at T-24h
  2026-08-03 CHI v PHX T-30m   missing_data_unavailable   job served 2 other game(s) on 2026-08-03 at T-30m
  2026-08-04 GSV v TOR T-24h   missing_job_did_not_run    no base record for ANY game on 2026-08-04 at T-24h

wrote forecasts/coverage_audit.csv and forecasts/coverage_receipt.json
[audit] exit=0 
==== Tue 08/04/2026  3:45:03.01 ==== 
[gate] 2026-08-04T07:45:06.297557+00:00  fire=False  -- no unserved obligation inside its 20-minute lead window
[gate] skipping the base job
[base] skipped - no unserved obligation in its lead window 
[base] exit=0 
================================================================================================
PROSPECTIVE PAIR RUNNER  2026-08-04T07:45:08.461828+00:00  model=ridge_score_level_w2c1_v1 hash=5d295bb8b99cd34e
================================================================================================
base records in official chain: 22
  late_prevented #0 ATL v SEA @ T-8h                cutoff 2026-07-31T15:35:00+00:00 already passed at 2026-08-0
  late_prevented #1 WAS v DAL @ T-8h                cutoff 2026-07-31T15:35:00+00:00 already passed at 2026-08-0
  late_prevented #2 PDX v IND @ T-8h                cutoff 2026-07-31T18:06:00+00:00 already passed at 2026-08-0
  late_prevented #3 ATL v SEA @ T-30m               cutoff 2026-07-31T23:05:00+00:00 already passed at 2026-08-0
  late_prevented #4 WAS v DAL @ T-30m               cutoff 2026-07-31T23:05:00+00:00 already passed at 2026-08-0
  late_prevented #5 PDX v IND @ T-90m               cutoff 2026-08-01T00:36:00+00:00 already passed at 2026-08-0
  late_prevented #6 CHI v LVA @ T-90m               cutoff 2026-08-01T15:35:00+00:00 already passed at 2026-08-0
  late_prevented #7 PHX v NYL @ T-90m               cutoff 2026-08-01T17:34:00+00:00 already passed at 2026-08-0
  skip           #8 CHI v LVA @ unknown-tip         base record is an explicit no-forecast; nothing to pair
  skip           #9 PHX v NYL @ unknown-tip         base record is an explicit no-forecast; nothing to pair
  late_prevented #10 NYL v SEA @ T-8h               cutoff 2026-08-03T15:04:00+00:00 already passed at 2026-08-0
  late_prevented #11 ATL v LVA @ T-8h               cutoff 2026-08-03T15:14:00+00:00 already passed at 2026-08-0
  late_prevented #12 CHI v PHX @ T-8h               cutoff 2026-08-03T17:08:00+00:00 already passed at 2026-08-0
  already_logged #13 NYL v SEA @ T-90m              idempotent: pair exists
  already_logged #14 ATL v LVA @ T-90m              idempotent: pair exists
  already_logged #15 CHI v PHX @ T-90m              idempotent: pair exists
  already_logged #16 NYL v SEA @ T-90m              idempotent: pair exists
  already_logged #17 ATL v LVA @ T-90m              idempotent: pair exists
  already_logged #18 CHI v PHX @ T-90m              idempotent: pair exists
  late_prevented #19 NYL v SEA @ T-30m              cutoff 2026-08-03T22:34:00+00:00 already passed at 2026-08-0
  late_prevented #20 ATL v LVA @ T-30m              cutoff 2026-08-03T22:44:00+00:00 already passed at 2026-08-0
  already_logged #21 CHI v PHX @ T-90m              idempotent: pair exists

  already_logged=7, late_prevented=13, skip=2
  arm chain: ok=True n=3 tip=ec597f6077f3ad76
  receipt appended to prospective_pair_runs.jsonl
[arm] exit=0 
====================================================================================================
FORECAST COVERAGE AUDIT   generated 2026-08-04T07:45:09.373831+00:00
====================================================================================================

CUMULATIVE by classification
  missing_job_did_not_run      26
  before_period_start          15
  forecast_logged              14
  not_yet_due                  11
  missing_data_unavailable     4
  late_record                  2

  obligations 72 | due 46 | served 14 | coverage 30.4%
  operational misses 26 | unexplained 0
  PROMOTION-GRADE: NO   (needs >= 95% served, <= 0 operational misses, all explained)

DAILY
  date         oblig  served     due     excl    opmiss arm_recs
  2026-07-30      12       0       0       12         0        0
  2026-07-31      12       6       9        3         0        0
  2026-08-01       8       2       8        0         6        0
  2026-08-02      16       0      16        0        16        0
  2026-08-03      12       6      12        0         3        3
  2026-08-04       4       0       1        3         1        0
  2026-08-05       8       0       0        8         0        0

EVERY MISSING OR IRREGULAR OBLIGATION (each must carry an explanation)
  2026-07-31 ATL v SEA T-90m   missing_data_unavailable   job served 1 other game(s) on 2026-07-31 at T-90m
  2026-07-31 WAS v DAL T-90m   missing_data_unavailable   job served 1 other game(s) on 2026-07-31 at T-90m
  2026-07-31 PDX v IND T-30m   missing_data_unavailable   job served 2 other game(s) on 2026-07-31 at T-30m
  2026-08-01 CHI v LVA T-24h   missing_job_did_not_run    no base record for ANY game on 2026-08-01 at T-24h
  2026-08-01 CHI v LVA T-8h    missing_job_did_not_run    no base record for ANY game on 2026-08-01 at T-8h
  2026-08-01 CHI v LVA T-30m   missing_job_did_not_run    no base record for ANY game on 2026-08-01 at T-30m
  2026-08-01 PHX v NYL T-24h   missing_job_did_not_run    no base record for ANY game on 2026-08-01 at T-24h
  2026-08-01 PHX v NYL T-8h    missing_job_did_not_run    no base record for ANY game on 2026-08-01 at T-8h
  2026-08-01 PHX v NYL T-30m   missing_job_did_not_run    no base record for ANY game on 2026-08-01 at T-30m
  2026-08-02 DAL v CON T-24h   missing_job_did_not_run    no base record for ANY game on 2026-08-02 at T-24h
  2026-08-02 DAL v CON T-8h    missing_job_did_not_run    no base record for ANY game on 2026-08-02 at T-8h
  2026-08-02 DAL v CON T-90m   missing_job_did_not_run    no base record for ANY game on 2026-08-02 at T-90m
  2026-08-02 DAL v CON T-30m   missing_job_did_not_run    no base record for ANY game on 2026-08-02 at T-30m
  2026-08-02 GSV v TOR T-24h   missing_job_did_not_run    no base record for ANY game on 2026-08-02 at T-24h
  2026-08-02 GSV v TOR T-8h    missing_job_did_not_run    no base record for ANY game on 2026-08-02 at T-8h
  2026-08-02 GSV v TOR T-90m   missing_job_did_not_run    no base record for ANY game on 2026-08-02 at T-90m
  2026-08-02 GSV v TOR T-30m   missing_job_did_not_run    no base record for ANY game on 2026-08-02 at T-30m
  2026-08-02 MIN v IND T-24h   missing_job_did_not_run    no base record for ANY game on 2026-08-02 at T-24h
  2026-08-02 MIN v IND T-8h    missing_job_did_not_run    no base record for ANY game on 2026-08-02 at T-8h
  2026-08-02 MIN v IND T-90m   missing_job_did_not_run    no base record for ANY game on 2026-08-02 at T-90m
  2026-08-02 MIN v IND T-30m   missing_job_did_not_run    no base record for ANY game on 2026-08-02 at T-30m
  2026-08-02 PDX v LAS T-24h   missing_job_did_not_run    no base record for ANY game on 2026-08-02 at T-24h
  2026-08-02 PDX v LAS T-8h    missing_job_did_not_run    no base record for ANY game on 2026-08-02 at T-8h
  2026-08-02 PDX v LAS T-90m   missing_job_did_not_run    no base record for ANY game on 2026-08-02 at T-90m
  2026-08-02 PDX v LAS T-30m   missing_job_did_not_run    no base record for ANY game on 2026-08-02 at T-30m
  2026-08-03 NYL v SEA T-24h   missing_job_did_not_run    no base record for ANY game on 2026-08-03 at T-24h
  2026-08-03 NYL v SEA T-30m   late_record                created 2026-08-03T22:45:08.958486+00:00 after cutoff
  2026-08-03 ATL v LVA T-24h   missing_job_did_not_run    no base record for ANY game on 2026-08-03 at T-24h
  2026-08-03 ATL v LVA T-30m   late_record                created 2026-08-03T22:45:08.976775+00:00 after cutoff
  2026-08-03 CHI v PHX T-24h   missing_job_did_not_run    no base record for ANY game on 2026-08-03 at T-24h
  2026-08-03 CHI v PHX T-30m   missing_data_unavailable   job served 2 other game(s) on 2026-08-03 at T-30m
  2026-08-04 GSV v TOR T-24h   missing_job_did_not_run    no base record for ANY game on 2026-08-04 at T-24h

wrote forecasts/coverage_audit.csv and forecasts/coverage_receipt.json
[audit] exit=0 
==== Tue 08/04/2026  4:00:02.75 ==== 
[gate] 2026-08-04T08:00:06.084581+00:00  fire=False  -- no unserved obligation inside its 20-minute lead window
[gate] skipping the base job
[base] skipped - no unserved obligation in its lead window 
[base] exit=0 
================================================================================================
PROSPECTIVE PAIR RUNNER  2026-08-04T08:00:08.243199+00:00  model=ridge_score_level_w2c1_v1 hash=5d295bb8b99cd34e
================================================================================================
base records in official chain: 22
  late_prevented #0 ATL v SEA @ T-8h                cutoff 2026-07-31T15:35:00+00:00 already passed at 2026-08-0
  late_prevented #1 WAS v DAL @ T-8h                cutoff 2026-07-31T15:35:00+00:00 already passed at 2026-08-0
  late_prevented #2 PDX v IND @ T-8h                cutoff 2026-07-31T18:06:00+00:00 already passed at 2026-08-0
  late_prevented #3 ATL v SEA @ T-30m               cutoff 2026-07-31T23:05:00+00:00 already passed at 2026-08-0
  late_prevented #4 WAS v DAL @ T-30m               cutoff 2026-07-31T23:05:00+00:00 already passed at 2026-08-0
  late_prevented #5 PDX v IND @ T-90m               cutoff 2026-08-01T00:36:00+00:00 already passed at 2026-08-0
  late_prevented #6 CHI v LVA @ T-90m               cutoff 2026-08-01T15:35:00+00:00 already passed at 2026-08-0
  late_prevented #7 PHX v NYL @ T-90m               cutoff 2026-08-01T17:34:00+00:00 already passed at 2026-08-0
  skip           #8 CHI v LVA @ unknown-tip         base record is an explicit no-forecast; nothing to pair
  skip           #9 PHX v NYL @ unknown-tip         base record is an explicit no-forecast; nothing to pair
  late_prevented #10 NYL v SEA @ T-8h               cutoff 2026-08-03T15:04:00+00:00 already passed at 2026-08-0
  late_prevented #11 ATL v LVA @ T-8h               cutoff 2026-08-03T15:14:00+00:00 already passed at 2026-08-0
  late_prevented #12 CHI v PHX @ T-8h               cutoff 2026-08-03T17:08:00+00:00 already passed at 2026-08-0
  already_logged #13 NYL v SEA @ T-90m              idempotent: pair exists
  already_logged #14 ATL v LVA @ T-90m              idempotent: pair exists
  already_logged #15 CHI v PHX @ T-90m              idempotent: pair exists
  already_logged #16 NYL v SEA @ T-90m              idempotent: pair exists
  already_logged #17 ATL v LVA @ T-90m              idempotent: pair exists
  already_logged #18 CHI v PHX @ T-90m              idempotent: pair exists
  late_prevented #19 NYL v SEA @ T-30m              cutoff 2026-08-03T22:34:00+00:00 already passed at 2026-08-0
  late_prevented #20 ATL v LVA @ T-30m              cutoff 2026-08-03T22:44:00+00:00 already passed at 2026-08-0
  already_logged #21 CHI v PHX @ T-90m              idempotent: pair exists

  already_logged=7, late_prevented=13, skip=2
  arm chain: ok=True n=3 tip=ec597f6077f3ad76
  receipt appended to prospective_pair_runs.jsonl
[arm] exit=0 
====================================================================================================
FORECAST COVERAGE AUDIT   generated 2026-08-04T08:00:09.177768+00:00
====================================================================================================

CUMULATIVE by classification
  missing_job_did_not_run      26
  before_period_start          15
  forecast_logged              14
  not_yet_due                  11
  missing_data_unavailable     4
  late_record                  2

  obligations 72 | due 46 | served 14 | coverage 30.4%
  operational misses 26 | unexplained 0
  PROMOTION-GRADE: NO   (needs >= 95% served, <= 0 operational misses, all explained)

DAILY
  date         oblig  served     due     excl    opmiss arm_recs
  2026-07-30      12       0       0       12         0        0
  2026-07-31      12       6       9        3         0        0
  2026-08-01       8       2       8        0         6        0
  2026-08-02      16       0      16        0        16        0
  2026-08-03      12       6      12        0         3        3
  2026-08-04       4       0       1        3         1        0
  2026-08-05       8       0       0        8         0        0

EVERY MISSING OR IRREGULAR OBLIGATION (each must carry an explanation)
  2026-07-31 ATL v SEA T-90m   missing_data_unavailable   job served 1 other game(s) on 2026-07-31 at T-90m
  2026-07-31 WAS v DAL T-90m   missing_data_unavailable   job served 1 other game(s) on 2026-07-31 at T-90m
  2026-07-31 PDX v IND T-30m   missing_data_unavailable   job served 2 other game(s) on 2026-07-31 at T-30m
  2026-08-01 CHI v LVA T-24h   missing_job_did_not_run    no base record for ANY game on 2026-08-01 at T-24h
  2026-08-01 CHI v LVA T-8h    missing_job_did_not_run    no base record for ANY game on 2026-08-01 at T-8h
  2026-08-01 CHI v LVA T-30m   missing_job_did_not_run    no base record for ANY game on 2026-08-01 at T-30m
  2026-08-01 PHX v NYL T-24h   missing_job_did_not_run    no base record for ANY game on 2026-08-01 at T-24h
  2026-08-01 PHX v NYL T-8h    missing_job_did_not_run    no base record for ANY game on 2026-08-01 at T-8h
  2026-08-01 PHX v NYL T-30m   missing_job_did_not_run    no base record for ANY game on 2026-08-01 at T-30m
  2026-08-02 DAL v CON T-24h   missing_job_did_not_run    no base record for ANY game on 2026-08-02 at T-24h
  2026-08-02 DAL v CON T-8h    missing_job_did_not_run    no base record for ANY game on 2026-08-02 at T-8h
  2026-08-02 DAL v CON T-90m   missing_job_did_not_run    no base record for ANY game on 2026-08-02 at T-90m
  2026-08-02 DAL v CON T-30m   missing_job_did_not_run    no base record for ANY game on 2026-08-02 at T-30m
  2026-08-02 GSV v TOR T-24h   missing_job_did_not_run    no base record for ANY game on 2026-08-02 at T-24h
  2026-08-02 GSV v TOR T-8h    missing_job_did_not_run    no base record for ANY game on 2026-08-02 at T-8h
  2026-08-02 GSV v TOR T-90m   missing_job_did_not_run    no base record for ANY game on 2026-08-02 at T-90m
  2026-08-02 GSV v TOR T-30m   missing_job_did_not_run    no base record for ANY game on 2026-08-02 at T-30m
  2026-08-02 MIN v IND T-24h   missing_job_did_not_run    no base record for ANY game on 2026-08-02 at T-24h
  2026-08-02 MIN v IND T-8h    missing_job_did_not_run    no base record for ANY game on 2026-08-02 at T-8h
  2026-08-02 MIN v IND T-90m   missing_job_did_not_run    no base record for ANY game on 2026-08-02 at T-90m
  2026-08-02 MIN v IND T-30m   missing_job_did_not_run    no base record for ANY game on 2026-08-02 at T-30m
  2026-08-02 PDX v LAS T-24h   missing_job_did_not_run    no base record for ANY game on 2026-08-02 at T-24h
  2026-08-02 PDX v LAS T-8h    missing_job_did_not_run    no base record for ANY game on 2026-08-02 at T-8h
  2026-08-02 PDX v LAS T-90m   missing_job_did_not_run    no base record for ANY game on 2026-08-02 at T-90m
  2026-08-02 PDX v LAS T-30m   missing_job_did_not_run    no base record for ANY game on 2026-08-02 at T-30m
  2026-08-03 NYL v SEA T-24h   missing_job_did_not_run    no base record for ANY game on 2026-08-03 at T-24h
  2026-08-03 NYL v SEA T-30m   late_record                created 2026-08-03T22:45:08.958486+00:00 after cutoff
  2026-08-03 ATL v LVA T-24h   missing_job_did_not_run    no base record for ANY game on 2026-08-03 at T-24h
  2026-08-03 ATL v LVA T-30m   late_record                created 2026-08-03T22:45:08.976775+00:00 after cutoff
  2026-08-03 CHI v PHX T-24h   missing_job_did_not_run    no base record for ANY game on 2026-08-03 at T-24h
  2026-08-03 CHI v PHX T-30m   missing_data_unavailable   job served 2 other game(s) on 2026-08-03 at T-30m
  2026-08-04 GSV v TOR T-24h   missing_job_did_not_run    no base record for ANY game on 2026-08-04 at T-24h

wrote forecasts/coverage_audit.csv and forecasts/coverage_receipt.json
[audit] exit=0 
==== Tue 08/04/2026  4:15:03.09 ==== 
[gate] 2026-08-04T08:15:03.741441+00:00  fire=False  -- no unserved obligation inside its 20-minute lead window
[gate] skipping the base job
[base] skipped - no unserved obligation in its lead window 
[base] exit=0 
================================================================================================
PROSPECTIVE PAIR RUNNER  2026-08-04T08:15:04.647803+00:00  model=ridge_score_level_w2c1_v1 hash=5d295bb8b99cd34e
================================================================================================
base records in official chain: 22
  late_prevented #0 ATL v SEA @ T-8h                cutoff 2026-07-31T15:35:00+00:00 already passed at 2026-08-0
  late_prevented #1 WAS v DAL @ T-8h                cutoff 2026-07-31T15:35:00+00:00 already passed at 2026-08-0
  late_prevented #2 PDX v IND @ T-8h                cutoff 2026-07-31T18:06:00+00:00 already passed at 2026-08-0
  late_prevented #3 ATL v SEA @ T-30m               cutoff 2026-07-31T23:05:00+00:00 already passed at 2026-08-0
  late_prevented #4 WAS v DAL @ T-30m               cutoff 2026-07-31T23:05:00+00:00 already passed at 2026-08-0
  late_prevented #5 PDX v IND @ T-90m               cutoff 2026-08-01T00:36:00+00:00 already passed at 2026-08-0
  late_prevented #6 CHI v LVA @ T-90m               cutoff 2026-08-01T15:35:00+00:00 already passed at 2026-08-0
  late_prevented #7 PHX v NYL @ T-90m               cutoff 2026-08-01T17:34:00+00:00 already passed at 2026-08-0
  skip           #8 CHI v LVA @ unknown-tip         base record is an explicit no-forecast; nothing to pair
  skip           #9 PHX v NYL @ unknown-tip         base record is an explicit no-forecast; nothing to pair
  late_prevented #10 NYL v SEA @ T-8h               cutoff 2026-08-03T15:04:00+00:00 already passed at 2026-08-0
  late_prevented #11 ATL v LVA @ T-8h               cutoff 2026-08-03T15:14:00+00:00 already passed at 2026-08-0
  late_prevented #12 CHI v PHX @ T-8h               cutoff 2026-08-03T17:08:00+00:00 already passed at 2026-08-0
  already_logged #13 NYL v SEA @ T-90m              idempotent: pair exists
  already_logged #14 ATL v LVA @ T-90m              idempotent: pair exists
  already_logged #15 CHI v PHX @ T-90m              idempotent: pair exists
  already_logged #16 NYL v SEA @ T-90m              idempotent: pair exists
  already_logged #17 ATL v LVA @ T-90m              idempotent: pair exists
  already_logged #18 CHI v PHX @ T-90m              idempotent: pair exists
  late_prevented #19 NYL v SEA @ T-30m              cutoff 2026-08-03T22:34:00+00:00 already passed at 2026-08-0
  late_prevented #20 ATL v LVA @ T-30m              cutoff 2026-08-03T22:44:00+00:00 already passed at 2026-08-0
  already_logged #21 CHI v PHX @ T-90m              idempotent: pair exists

  already_logged=7, late_prevented=13, skip=2
  arm chain: ok=True n=3 tip=ec597f6077f3ad76
  receipt appended to prospective_pair_runs.jsonl
[arm] exit=0 
====================================================================================================
FORECAST COVERAGE AUDIT   generated 2026-08-04T08:15:05.564802+00:00
====================================================================================================

CUMULATIVE by classification
  missing_job_did_not_run      26
  before_period_start          15
  forecast_logged              14
  not_yet_due                  11
  missing_data_unavailable     4
  late_record                  2

  obligations 72 | due 46 | served 14 | coverage 30.4%
  operational misses 26 | unexplained 0
  PROMOTION-GRADE: NO   (needs >= 95% served, <= 0 operational misses, all explained)

DAILY
  date         oblig  served     due     excl    opmiss arm_recs
  2026-07-30      12       0       0       12         0        0
  2026-07-31      12       6       9        3         0        0
  2026-08-01       8       2       8        0         6        0
  2026-08-02      16       0      16        0        16        0
  2026-08-03      12       6      12        0         3        3
  2026-08-04       4       0       1        3         1        0
  2026-08-05       8       0       0        8         0        0

EVERY MISSING OR IRREGULAR OBLIGATION (each must carry an explanation)
  2026-07-31 ATL v SEA T-90m   missing_data_unavailable   job served 1 other game(s) on 2026-07-31 at T-90m
  2026-07-31 WAS v DAL T-90m   missing_data_unavailable   job served 1 other game(s) on 2026-07-31 at T-90m
  2026-07-31 PDX v IND T-30m   missing_data_unavailable   job served 2 other game(s) on 2026-07-31 at T-30m
  2026-08-01 CHI v LVA T-24h   missing_job_did_not_run    no base record for ANY game on 2026-08-01 at T-24h
  2026-08-01 CHI v LVA T-8h    missing_job_did_not_run    no base record for ANY game on 2026-08-01 at T-8h
  2026-08-01 CHI v LVA T-30m   missing_job_did_not_run    no base record for ANY game on 2026-08-01 at T-30m
  2026-08-01 PHX v NYL T-24h   missing_job_did_not_run    no base record for ANY game on 2026-08-01 at T-24h
  2026-08-01 PHX v NYL T-8h    missing_job_did_not_run    no base record for ANY game on 2026-08-01 at T-8h
  2026-08-01 PHX v NYL T-30m   missing_job_did_not_run    no base record for ANY game on 2026-08-01 at T-30m
  2026-08-02 DAL v CON T-24h   missing_job_did_not_run    no base record for ANY game on 2026-08-02 at T-24h
  2026-08-02 DAL v CON T-8h    missing_job_did_not_run    no base record for ANY game on 2026-08-02 at T-8h
  2026-08-02 DAL v CON T-90m   missing_job_did_not_run    no base record for ANY game on 2026-08-02 at T-90m
  2026-08-02 DAL v CON T-30m   missing_job_did_not_run    no base record for ANY game on 2026-08-02 at T-30m
  2026-08-02 GSV v TOR T-24h   missing_job_did_not_run    no base record for ANY game on 2026-08-02 at T-24h
  2026-08-02 GSV v TOR T-8h    missing_job_did_not_run    no base record for ANY game on 2026-08-02 at T-8h
  2026-08-02 GSV v TOR T-90m   missing_job_did_not_run    no base record for ANY game on 2026-08-02 at T-90m
  2026-08-02 GSV v TOR T-30m   missing_job_did_not_run    no base record for ANY game on 2026-08-02 at T-30m
  2026-08-02 MIN v IND T-24h   missing_job_did_not_run    no base record for ANY game on 2026-08-02 at T-24h
  2026-08-02 MIN v IND T-8h    missing_job_did_not_run    no base record for ANY game on 2026-08-02 at T-8h
  2026-08-02 MIN v IND T-90m   missing_job_did_not_run    no base record for ANY game on 2026-08-02 at T-90m
  2026-08-02 MIN v IND T-30m   missing_job_did_not_run    no base record for ANY game on 2026-08-02 at T-30m
  2026-08-02 PDX v LAS T-24h   missing_job_did_not_run    no base record for ANY game on 2026-08-02 at T-24h
  2026-08-02 PDX v LAS T-8h    missing_job_did_not_run    no base record for ANY game on 2026-08-02 at T-8h
  2026-08-02 PDX v LAS T-90m   missing_job_did_not_run    no base record for ANY game on 2026-08-02 at T-90m
  2026-08-02 PDX v LAS T-30m   missing_job_did_not_run    no base record for ANY game on 2026-08-02 at T-30m
  2026-08-03 NYL v SEA T-24h   missing_job_did_not_run    no base record for ANY game on 2026-08-03 at T-24h
  2026-08-03 NYL v SEA T-30m   late_record                created 2026-08-03T22:45:08.958486+00:00 after cutoff
  2026-08-03 ATL v LVA T-24h   missing_job_did_not_run    no base record for ANY game on 2026-08-03 at T-24h
  2026-08-03 ATL v LVA T-30m   late_record                created 2026-08-03T22:45:08.976775+00:00 after cutoff
  2026-08-03 CHI v PHX T-24h   missing_job_did_not_run    no base record for ANY game on 2026-08-03 at T-24h
  2026-08-03 CHI v PHX T-30m   missing_data_unavailable   job served 2 other game(s) on 2026-08-03 at T-30m
  2026-08-04 GSV v TOR T-24h   missing_job_did_not_run    no base record for ANY game on 2026-08-04 at T-24h

wrote forecasts/coverage_audit.csv and forecasts/coverage_receipt.json
[audit] exit=0 
==== Tue 08/04/2026  4:30:03.03 ==== 
[gate] 2026-08-04T08:30:06.393539+00:00  fire=False  -- no unserved obligation inside its 20-minute lead window
[gate] skipping the base job
[base] skipped - no unserved obligation in its lead window 
[base] exit=0 
================================================================================================
PROSPECTIVE PAIR RUNNER  2026-08-04T08:30:08.602712+00:00  model=ridge_score_level_w2c1_v1 hash=5d295bb8b99cd34e
================================================================================================
base records in official chain: 22
  late_prevented #0 ATL v SEA @ T-8h                cutoff 2026-07-31T15:35:00+00:00 already passed at 2026-08-0
  late_prevented #1 WAS v DAL @ T-8h                cutoff 2026-07-31T15:35:00+00:00 already passed at 2026-08-0
  late_prevented #2 PDX v IND @ T-8h                cutoff 2026-07-31T18:06:00+00:00 already passed at 2026-08-0
  late_prevented #3 ATL v SEA @ T-30m               cutoff 2026-07-31T23:05:00+00:00 already passed at 2026-08-0
  late_prevented #4 WAS v DAL @ T-30m               cutoff 2026-07-31T23:05:00+00:00 already passed at 2026-08-0
  late_prevented #5 PDX v IND @ T-90m               cutoff 2026-08-01T00:36:00+00:00 already passed at 2026-08-0
  late_prevented #6 CHI v LVA @ T-90m               cutoff 2026-08-01T15:35:00+00:00 already passed at 2026-08-0
  late_prevented #7 PHX v NYL @ T-90m               cutoff 2026-08-01T17:34:00+00:00 already passed at 2026-08-0
  skip           #8 CHI v LVA @ unknown-tip         base record is an explicit no-forecast; nothing to pair
  skip           #9 PHX v NYL @ unknown-tip         base record is an explicit no-forecast; nothing to pair
  late_prevented #10 NYL v SEA @ T-8h               cutoff 2026-08-03T15:04:00+00:00 already passed at 2026-08-0
  late_prevented #11 ATL v LVA @ T-8h               cutoff 2026-08-03T15:14:00+00:00 already passed at 2026-08-0
  late_prevented #12 CHI v PHX @ T-8h               cutoff 2026-08-03T17:08:00+00:00 already passed at 2026-08-0
  already_logged #13 NYL v SEA @ T-90m              idempotent: pair exists
  already_logged #14 ATL v LVA @ T-90m              idempotent: pair exists
  already_logged #15 CHI v PHX @ T-90m              idempotent: pair exists
  already_logged #16 NYL v SEA @ T-90m              idempotent: pair exists
  already_logged #17 ATL v LVA @ T-90m              idempotent: pair exists
  already_logged #18 CHI v PHX @ T-90m              idempotent: pair exists
  late_prevented #19 NYL v SEA @ T-30m              cutoff 2026-08-03T22:34:00+00:00 already passed at 2026-08-0
  late_prevented #20 ATL v LVA @ T-30m              cutoff 2026-08-03T22:44:00+00:00 already passed at 2026-08-0
  already_logged #21 CHI v PHX @ T-90m              idempotent: pair exists

  already_logged=7, late_prevented=13, skip=2
  arm chain: ok=True n=3 tip=ec597f6077f3ad76
  receipt appended to prospective_pair_runs.jsonl
[arm] exit=0 
====================================================================================================
FORECAST COVERAGE AUDIT   generated 2026-08-04T08:30:09.519940+00:00
====================================================================================================

CUMULATIVE by classification
  missing_job_did_not_run      26
  before_period_start          15
  forecast_logged              14
  not_yet_due                  11
  missing_data_unavailable     4
  late_record                  2

  obligations 72 | due 46 | served 14 | coverage 30.4%
  operational misses 26 | unexplained 0
  PROMOTION-GRADE: NO   (needs >= 95% served, <= 0 operational misses, all explained)

DAILY
  date         oblig  served     due     excl    opmiss arm_recs
  2026-07-30      12       0       0       12         0        0
  2026-07-31      12       6       9        3         0        0
  2026-08-01       8       2       8        0         6        0
  2026-08-02      16       0      16        0        16        0
  2026-08-03      12       6      12        0         3        3
  2026-08-04       4       0       1        3         1        0
  2026-08-05       8       0       0        8         0        0

EVERY MISSING OR IRREGULAR OBLIGATION (each must carry an explanation)
  2026-07-31 ATL v SEA T-90m   missing_data_unavailable   job served 1 other game(s) on 2026-07-31 at T-90m
  2026-07-31 WAS v DAL T-90m   missing_data_unavailable   job served 1 other game(s) on 2026-07-31 at T-90m
  2026-07-31 PDX v IND T-30m   missing_data_unavailable   job served 2 other game(s) on 2026-07-31 at T-30m
  2026-08-01 CHI v LVA T-24h   missing_job_did_not_run    no base record for ANY game on 2026-08-01 at T-24h
  2026-08-01 CHI v LVA T-8h    missing_job_did_not_run    no base record for ANY game on 2026-08-01 at T-8h
  2026-08-01 CHI v LVA T-30m   missing_job_did_not_run    no base record for ANY game on 2026-08-01 at T-30m
  2026-08-01 PHX v NYL T-24h   missing_job_did_not_run    no base record for ANY game on 2026-08-01 at T-24h
  2026-08-01 PHX v NYL T-8h    missing_job_did_not_run    no base record for ANY game on 2026-08-01 at T-8h
  2026-08-01 PHX v NYL T-30m   missing_job_did_not_run    no base record for ANY game on 2026-08-01 at T-30m
  2026-08-02 DAL v CON T-24h   missing_job_did_not_run    no base record for ANY game on 2026-08-02 at T-24h
  2026-08-02 DAL v CON T-8h    missing_job_did_not_run    no base record for ANY game on 2026-08-02 at T-8h
  2026-08-02 DAL v CON T-90m   missing_job_did_not_run    no base record for ANY game on 2026-08-02 at T-90m
  2026-08-02 DAL v CON T-30m   missing_job_did_not_run    no base record for ANY game on 2026-08-02 at T-30m
  2026-08-02 GSV v TOR T-24h   missing_job_did_not_run    no base record for ANY game on 2026-08-02 at T-24h
  2026-08-02 GSV v TOR T-8h    missing_job_did_not_run    no base record for ANY game on 2026-08-02 at T-8h
  2026-08-02 GSV v TOR T-90m   missing_job_did_not_run    no base record for ANY game on 2026-08-02 at T-90m
  2026-08-02 GSV v TOR T-30m   missing_job_did_not_run    no base record for ANY game on 2026-08-02 at T-30m
  2026-08-02 MIN v IND T-24h   missing_job_did_not_run    no base record for ANY game on 2026-08-02 at T-24h
  2026-08-02 MIN v IND T-8h    missing_job_did_not_run    no base record for ANY game on 2026-08-02 at T-8h
  2026-08-02 MIN v IND T-90m   missing_job_did_not_run    no base record for ANY game on 2026-08-02 at T-90m
  2026-08-02 MIN v IND T-30m   missing_job_did_not_run    no base record for ANY game on 2026-08-02 at T-30m
  2026-08-02 PDX v LAS T-24h   missing_job_did_not_run    no base record for ANY game on 2026-08-02 at T-24h
  2026-08-02 PDX v LAS T-8h    missing_job_did_not_run    no base record for ANY game on 2026-08-02 at T-8h
  2026-08-02 PDX v LAS T-90m   missing_job_did_not_run    no base record for ANY game on 2026-08-02 at T-90m
  2026-08-02 PDX v LAS T-30m   missing_job_did_not_run    no base record for ANY game on 2026-08-02 at T-30m
  2026-08-03 NYL v SEA T-24h   missing_job_did_not_run    no base record for ANY game on 2026-08-03 at T-24h
  2026-08-03 NYL v SEA T-30m   late_record                created 2026-08-03T22:45:08.958486+00:00 after cutoff
  2026-08-03 ATL v LVA T-24h   missing_job_did_not_run    no base record for ANY game on 2026-08-03 at T-24h
  2026-08-03 ATL v LVA T-30m   late_record                created 2026-08-03T22:45:08.976775+00:00 after cutoff
  2026-08-03 CHI v PHX T-24h   missing_job_did_not_run    no base record for ANY game on 2026-08-03 at T-24h
  2026-08-03 CHI v PHX T-30m   missing_data_unavailable   job served 2 other game(s) on 2026-08-03 at T-30m
  2026-08-04 GSV v TOR T-24h   missing_job_did_not_run    no base record for ANY game on 2026-08-04 at T-24h

wrote forecasts/coverage_audit.csv and forecasts/coverage_receipt.json
[audit] exit=0 
==== Tue 08/04/2026  4:45:03.25 ==== 
[gate] 2026-08-04T08:45:04.181134+00:00  fire=False  -- no unserved obligation inside its 20-minute lead window
[gate] skipping the base job
[base] skipped - no unserved obligation in its lead window 
[base] exit=0 
================================================================================================
PROSPECTIVE PAIR RUNNER  2026-08-04T08:45:05.485190+00:00  model=ridge_score_level_w2c1_v1 hash=5d295bb8b99cd34e
================================================================================================
base records in official chain: 22
  late_prevented #0 ATL v SEA @ T-8h                cutoff 2026-07-31T15:35:00+00:00 already passed at 2026-08-0
  late_prevented #1 WAS v DAL @ T-8h                cutoff 2026-07-31T15:35:00+00:00 already passed at 2026-08-0
  late_prevented #2 PDX v IND @ T-8h                cutoff 2026-07-31T18:06:00+00:00 already passed at 2026-08-0
  late_prevented #3 ATL v SEA @ T-30m               cutoff 2026-07-31T23:05:00+00:00 already passed at 2026-08-0
  late_prevented #4 WAS v DAL @ T-30m               cutoff 2026-07-31T23:05:00+00:00 already passed at 2026-08-0
  late_prevented #5 PDX v IND @ T-90m               cutoff 2026-08-01T00:36:00+00:00 already passed at 2026-08-0
  late_prevented #6 CHI v LVA @ T-90m               cutoff 2026-08-01T15:35:00+00:00 already passed at 2026-08-0
  late_prevented #7 PHX v NYL @ T-90m               cutoff 2026-08-01T17:34:00+00:00 already passed at 2026-08-0
  skip           #8 CHI v LVA @ unknown-tip         base record is an explicit no-forecast; nothing to pair
  skip           #9 PHX v NYL @ unknown-tip         base record is an explicit no-forecast; nothing to pair
  late_prevented #10 NYL v SEA @ T-8h               cutoff 2026-08-03T15:04:00+00:00 already passed at 2026-08-0
  late_prevented #11 ATL v LVA @ T-8h               cutoff 2026-08-03T15:14:00+00:00 already passed at 2026-08-0
  late_prevented #12 CHI v PHX @ T-8h               cutoff 2026-08-03T17:08:00+00:00 already passed at 2026-08-0
  already_logged #13 NYL v SEA @ T-90m              idempotent: pair exists
  already_logged #14 ATL v LVA @ T-90m              idempotent: pair exists
  already_logged #15 CHI v PHX @ T-90m              idempotent: pair exists
  already_logged #16 NYL v SEA @ T-90m              idempotent: pair exists
  already_logged #17 ATL v LVA @ T-90m              idempotent: pair exists
  already_logged #18 CHI v PHX @ T-90m              idempotent: pair exists
  late_prevented #19 NYL v SEA @ T-30m              cutoff 2026-08-03T22:34:00+00:00 already passed at 2026-08-0
  late_prevented #20 ATL v LVA @ T-30m              cutoff 2026-08-03T22:44:00+00:00 already passed at 2026-08-0
  already_logged #21 CHI v PHX @ T-90m              idempotent: pair exists

  already_logged=7, late_prevented=13, skip=2
  arm chain: ok=True n=3 tip=ec597f6077f3ad76
  receipt appended to prospective_pair_runs.jsonl
[arm] exit=0 
====================================================================================================
FORECAST COVERAGE AUDIT   generated 2026-08-04T08:45:06.593518+00:00
====================================================================================================

CUMULATIVE by classification
  missing_job_did_not_run      26
  before_period_start          15
  forecast_logged              14
  not_yet_due                  11
  missing_data_unavailable     4
  late_record                  2

  obligations 72 | due 46 | served 14 | coverage 30.4%
  operational misses 26 | unexplained 0
  PROMOTION-GRADE: NO   (needs >= 95% served, <= 0 operational misses, all explained)

DAILY
  date         oblig  served     due     excl    opmiss arm_recs
  2026-07-30      12       0       0       12         0        0
  2026-07-31      12       6       9        3         0        0
  2026-08-01       8       2       8        0         6        0
  2026-08-02      16       0      16        0        16        0
  2026-08-03      12       6      12        0         3        3
  2026-08-04       4       0       1        3         1        0
  2026-08-05       8       0       0        8         0        0

EVERY MISSING OR IRREGULAR OBLIGATION (each must carry an explanation)
  2026-07-31 ATL v SEA T-90m   missing_data_unavailable   job served 1 other game(s) on 2026-07-31 at T-90m
  2026-07-31 WAS v DAL T-90m   missing_data_unavailable   job served 1 other game(s) on 2026-07-31 at T-90m
  2026-07-31 PDX v IND T-30m   missing_data_unavailable   job served 2 other game(s) on 2026-07-31 at T-30m
  2026-08-01 CHI v LVA T-24h   missing_job_did_not_run    no base record for ANY game on 2026-08-01 at T-24h
  2026-08-01 CHI v LVA T-8h    missing_job_did_not_run    no base record for ANY game on 2026-08-01 at T-8h
  2026-08-01 CHI v LVA T-30m   missing_job_did_not_run    no base record for ANY game on 2026-08-01 at T-30m
  2026-08-01 PHX v NYL T-24h   missing_job_did_not_run    no base record for ANY game on 2026-08-01 at T-24h
  2026-08-01 PHX v NYL T-8h    missing_job_did_not_run    no base record for ANY game on 2026-08-01 at T-8h
  2026-08-01 PHX v NYL T-30m   missing_job_did_not_run    no base record for ANY game on 2026-08-01 at T-30m
  2026-08-02 DAL v CON T-24h   missing_job_did_not_run    no base record for ANY game on 2026-08-02 at T-24h
  2026-08-02 DAL v CON T-8h    missing_job_did_not_run    no base record for ANY game on 2026-08-02 at T-8h
  2026-08-02 DAL v CON T-90m   missing_job_did_not_run    no base record for ANY game on 2026-08-02 at T-90m
  2026-08-02 DAL v CON T-30m   missing_job_did_not_run    no base record for ANY game on 2026-08-02 at T-30m
  2026-08-02 GSV v TOR T-24h   missing_job_did_not_run    no base record for ANY game on 2026-08-02 at T-24h
  2026-08-02 GSV v TOR T-8h    missing_job_did_not_run    no base record for ANY game on 2026-08-02 at T-8h
  2026-08-02 GSV v TOR T-90m   missing_job_did_not_run    no base record for ANY game on 2026-08-02 at T-90m
  2026-08-02 GSV v TOR T-30m   missing_job_did_not_run    no base record for ANY game on 2026-08-02 at T-30m
  2026-08-02 MIN v IND T-24h   missing_job_did_not_run    no base record for ANY game on 2026-08-02 at T-24h
  2026-08-02 MIN v IND T-8h    missing_job_did_not_run    no base record for ANY game on 2026-08-02 at T-8h
  2026-08-02 MIN v IND T-90m   missing_job_did_not_run    no base record for ANY game on 2026-08-02 at T-90m
  2026-08-02 MIN v IND T-30m   missing_job_did_not_run    no base record for ANY game on 2026-08-02 at T-30m
  2026-08-02 PDX v LAS T-24h   missing_job_did_not_run    no base record for ANY game on 2026-08-02 at T-24h
  2026-08-02 PDX v LAS T-8h    missing_job_did_not_run    no base record for ANY game on 2026-08-02 at T-8h
  2026-08-02 PDX v LAS T-90m   missing_job_did_not_run    no base record for ANY game on 2026-08-02 at T-90m
  2026-08-02 PDX v LAS T-30m   missing_job_did_not_run    no base record for ANY game on 2026-08-02 at T-30m
  2026-08-03 NYL v SEA T-24h   missing_job_did_not_run    no base record for ANY game on 2026-08-03 at T-24h
  2026-08-03 NYL v SEA T-30m   late_record                created 2026-08-03T22:45:08.958486+00:00 after cutoff
  2026-08-03 ATL v LVA T-24h   missing_job_did_not_run    no base record for ANY game on 2026-08-03 at T-24h
  2026-08-03 ATL v LVA T-30m   late_record                created 2026-08-03T22:45:08.976775+00:00 after cutoff
  2026-08-03 CHI v PHX T-24h   missing_job_did_not_run    no base record for ANY game on 2026-08-03 at T-24h
  2026-08-03 CHI v PHX T-30m   missing_data_unavailable   job served 2 other game(s) on 2026-08-03 at T-30m
  2026-08-04 GSV v TOR T-24h   missing_job_did_not_run    no base record for ANY game on 2026-08-04 at T-24h

wrote forecasts/coverage_audit.csv and forecasts/coverage_receipt.json
[audit] exit=0 
==== Tue 08/04/2026  5:00:03.03 ==== 
[gate] 2026-08-04T09:00:06.548387+00:00  fire=False  -- no unserved obligation inside its 20-minute lead window
[gate] skipping the base job
[base] skipped - no unserved obligation in its lead window 
[base] exit=0 
================================================================================================
PROSPECTIVE PAIR RUNNER  2026-08-04T09:00:08.719536+00:00  model=ridge_score_level_w2c1_v1 hash=5d295bb8b99cd34e
================================================================================================
base records in official chain: 22
  late_prevented #0 ATL v SEA @ T-8h                cutoff 2026-07-31T15:35:00+00:00 already passed at 2026-08-0
  late_prevented #1 WAS v DAL @ T-8h                cutoff 2026-07-31T15:35:00+00:00 already passed at 2026-08-0
  late_prevented #2 PDX v IND @ T-8h                cutoff 2026-07-31T18:06:00+00:00 already passed at 2026-08-0
  late_prevented #3 ATL v SEA @ T-30m               cutoff 2026-07-31T23:05:00+00:00 already passed at 2026-08-0
  late_prevented #4 WAS v DAL @ T-30m               cutoff 2026-07-31T23:05:00+00:00 already passed at 2026-08-0
  late_prevented #5 PDX v IND @ T-90m               cutoff 2026-08-01T00:36:00+00:00 already passed at 2026-08-0
  late_prevented #6 CHI v LVA @ T-90m               cutoff 2026-08-01T15:35:00+00:00 already passed at 2026-08-0
  late_prevented #7 PHX v NYL @ T-90m               cutoff 2026-08-01T17:34:00+00:00 already passed at 2026-08-0
  skip           #8 CHI v LVA @ unknown-tip         base record is an explicit no-forecast; nothing to pair
  skip           #9 PHX v NYL @ unknown-tip         base record is an explicit no-forecast; nothing to pair
  late_prevented #10 NYL v SEA @ T-8h               cutoff 2026-08-03T15:04:00+00:00 already passed at 2026-08-0
  late_prevented #11 ATL v LVA @ T-8h               cutoff 2026-08-03T15:14:00+00:00 already passed at 2026-08-0
  late_prevented #12 CHI v PHX @ T-8h               cutoff 2026-08-03T17:08:00+00:00 already passed at 2026-08-0
  already_logged #13 NYL v SEA @ T-90m              idempotent: pair exists
  already_logged #14 ATL v LVA @ T-90m              idempotent: pair exists
  already_logged #15 CHI v PHX @ T-90m              idempotent: pair exists
  already_logged #16 NYL v SEA @ T-90m              idempotent: pair exists
  already_logged #17 ATL v LVA @ T-90m              idempotent: pair exists
  already_logged #18 CHI v PHX @ T-90m              idempotent: pair exists
  late_prevented #19 NYL v SEA @ T-30m              cutoff 2026-08-03T22:34:00+00:00 already passed at 2026-08-0
  late_prevented #20 ATL v LVA @ T-30m              cutoff 2026-08-03T22:44:00+00:00 already passed at 2026-08-0
  already_logged #21 CHI v PHX @ T-90m              idempotent: pair exists

  already_logged=7, late_prevented=13, skip=2
  arm chain: ok=True n=3 tip=ec597f6077f3ad76
  receipt appended to prospective_pair_runs.jsonl
[arm] exit=0 
====================================================================================================
FORECAST COVERAGE AUDIT   generated 2026-08-04T09:00:09.664770+00:00
====================================================================================================

CUMULATIVE by classification
  missing_job_did_not_run      26
  before_period_start          15
  forecast_logged              14
  not_yet_due                  11
  missing_data_unavailable     4
  late_record                  2

  obligations 72 | due 46 | served 14 | coverage 30.4%
  operational misses 26 | unexplained 0
  PROMOTION-GRADE: NO   (needs >= 95% served, <= 0 operational misses, all explained)

DAILY
  date         oblig  served     due     excl    opmiss arm_recs
  2026-07-30      12       0       0       12         0        0
  2026-07-31      12       6       9        3         0        0
  2026-08-01       8       2       8        0         6        0
  2026-08-02      16       0      16        0        16        0
  2026-08-03      12       6      12        0         3        3
  2026-08-04       4       0       1        3         1        0
  2026-08-05       8       0       0        8         0        0

EVERY MISSING OR IRREGULAR OBLIGATION (each must carry an explanation)
  2026-07-31 ATL v SEA T-90m   missing_data_unavailable   job served 1 other game(s) on 2026-07-31 at T-90m
  2026-07-31 WAS v DAL T-90m   missing_data_unavailable   job served 1 other game(s) on 2026-07-31 at T-90m
  2026-07-31 PDX v IND T-30m   missing_data_unavailable   job served 2 other game(s) on 2026-07-31 at T-30m
  2026-08-01 CHI v LVA T-24h   missing_job_did_not_run    no base record for ANY game on 2026-08-01 at T-24h
  2026-08-01 CHI v LVA T-8h    missing_job_did_not_run    no base record for ANY game on 2026-08-01 at T-8h
  2026-08-01 CHI v LVA T-30m   missing_job_did_not_run    no base record for ANY game on 2026-08-01 at T-30m
  2026-08-01 PHX v NYL T-24h   missing_job_did_not_run    no base record for ANY game on 2026-08-01 at T-24h
  2026-08-01 PHX v NYL T-8h    missing_job_did_not_run    no base record for ANY game on 2026-08-01 at T-8h
  2026-08-01 PHX v NYL T-30m   missing_job_did_not_run    no base record for ANY game on 2026-08-01 at T-30m
  2026-08-02 DAL v CON T-24h   missing_job_did_not_run    no base record for ANY game on 2026-08-02 at T-24h
  2026-08-02 DAL v CON T-8h    missing_job_did_not_run    no base record for ANY game on 2026-08-02 at T-8h
  2026-08-02 DAL v CON T-90m   missing_job_did_not_run    no base record for ANY game on 2026-08-02 at T-90m
  2026-08-02 DAL v CON T-30m   missing_job_did_not_run    no base record for ANY game on 2026-08-02 at T-30m
  2026-08-02 GSV v TOR T-24h   missing_job_did_not_run    no base record for ANY game on 2026-08-02 at T-24h
  2026-08-02 GSV v TOR T-8h    missing_job_did_not_run    no base record for ANY game on 2026-08-02 at T-8h
  2026-08-02 GSV v TOR T-90m   missing_job_did_not_run    no base record for ANY game on 2026-08-02 at T-90m
  2026-08-02 GSV v TOR T-30m   missing_job_did_not_run    no base record for ANY game on 2026-08-02 at T-30m
  2026-08-02 MIN v IND T-24h   missing_job_did_not_run    no base record for ANY game on 2026-08-02 at T-24h
  2026-08-02 MIN v IND T-8h    missing_job_did_not_run    no base record for ANY game on 2026-08-02 at T-8h
  2026-08-02 MIN v IND T-90m   missing_job_did_not_run    no base record for ANY game on 2026-08-02 at T-90m
  2026-08-02 MIN v IND T-30m   missing_job_did_not_run    no base record for ANY game on 2026-08-02 at T-30m
  2026-08-02 PDX v LAS T-24h   missing_job_did_not_run    no base record for ANY game on 2026-08-02 at T-24h
  2026-08-02 PDX v LAS T-8h    missing_job_did_not_run    no base record for ANY game on 2026-08-02 at T-8h
  2026-08-02 PDX v LAS T-90m   missing_job_did_not_run    no base record for ANY game on 2026-08-02 at T-90m
  2026-08-02 PDX v LAS T-30m   missing_job_did_not_run    no base record for ANY game on 2026-08-02 at T-30m
  2026-08-03 NYL v SEA T-24h   missing_job_did_not_run    no base record for ANY game on 2026-08-03 at T-24h
  2026-08-03 NYL v SEA T-30m   late_record                created 2026-08-03T22:45:08.958486+00:00 after cutoff
  2026-08-03 ATL v LVA T-24h   missing_job_did_not_run    no base record for ANY game on 2026-08-03 at T-24h
  2026-08-03 ATL v LVA T-30m   late_record                created 2026-08-03T22:45:08.976775+00:00 after cutoff
  2026-08-03 CHI v PHX T-24h   missing_job_did_not_run    no base record for ANY game on 2026-08-03 at T-24h
  2026-08-03 CHI v PHX T-30m   missing_data_unavailable   job served 2 other game(s) on 2026-08-03 at T-30m
  2026-08-04 GSV v TOR T-24h   missing_job_did_not_run    no base record for ANY game on 2026-08-04 at T-24h

wrote forecasts/coverage_audit.csv and forecasts/coverage_receipt.json
[audit] exit=0 
==== Tue 08/04/2026  5:15:03.02 ==== 
[gate] 2026-08-04T09:15:06.119942+00:00  fire=False  -- no unserved obligation inside its 20-minute lead window
[gate] skipping the base job
[base] skipped - no unserved obligation in its lead window 
[base] exit=0 
================================================================================================
PROSPECTIVE PAIR RUNNER  2026-08-04T09:15:08.224804+00:00  model=ridge_score_level_w2c1_v1 hash=5d295bb8b99cd34e
================================================================================================
base records in official chain: 22
  late_prevented #0 ATL v SEA @ T-8h                cutoff 2026-07-31T15:35:00+00:00 already passed at 2026-08-0
  late_prevented #1 WAS v DAL @ T-8h                cutoff 2026-07-31T15:35:00+00:00 already passed at 2026-08-0
  late_prevented #2 PDX v IND @ T-8h                cutoff 2026-07-31T18:06:00+00:00 already passed at 2026-08-0
  late_prevented #3 ATL v SEA @ T-30m               cutoff 2026-07-31T23:05:00+00:00 already passed at 2026-08-0
  late_prevented #4 WAS v DAL @ T-30m               cutoff 2026-07-31T23:05:00+00:00 already passed at 2026-08-0
  late_prevented #5 PDX v IND @ T-90m               cutoff 2026-08-01T00:36:00+00:00 already passed at 2026-08-0
  late_prevented #6 CHI v LVA @ T-90m               cutoff 2026-08-01T15:35:00+00:00 already passed at 2026-08-0
  late_prevented #7 PHX v NYL @ T-90m               cutoff 2026-08-01T17:34:00+00:00 already passed at 2026-08-0
  skip           #8 CHI v LVA @ unknown-tip         base record is an explicit no-forecast; nothing to pair
  skip           #9 PHX v NYL @ unknown-tip         base record is an explicit no-forecast; nothing to pair
  late_prevented #10 NYL v SEA @ T-8h               cutoff 2026-08-03T15:04:00+00:00 already passed at 2026-08-0
  late_prevented #11 ATL v LVA @ T-8h               cutoff 2026-08-03T15:14:00+00:00 already passed at 2026-08-0
  late_prevented #12 CHI v PHX @ T-8h               cutoff 2026-08-03T17:08:00+00:00 already passed at 2026-08-0
  already_logged #13 NYL v SEA @ T-90m              idempotent: pair exists
  already_logged #14 ATL v LVA @ T-90m              idempotent: pair exists
  already_logged #15 CHI v PHX @ T-90m              idempotent: pair exists
  already_logged #16 NYL v SEA @ T-90m              idempotent: pair exists
  already_logged #17 ATL v LVA @ T-90m              idempotent: pair exists
  already_logged #18 CHI v PHX @ T-90m              idempotent: pair exists
  late_prevented #19 NYL v SEA @ T-30m              cutoff 2026-08-03T22:34:00+00:00 already passed at 2026-08-0
  late_prevented #20 ATL v LVA @ T-30m              cutoff 2026-08-03T22:44:00+00:00 already passed at 2026-08-0
  already_logged #21 CHI v PHX @ T-90m              idempotent: pair exists

  already_logged=7, late_prevented=13, skip=2
  arm chain: ok=True n=3 tip=ec597f6077f3ad76
  receipt appended to prospective_pair_runs.jsonl
[arm] exit=0 
====================================================================================================
FORECAST COVERAGE AUDIT   generated 2026-08-04T09:15:09.120387+00:00
====================================================================================================

CUMULATIVE by classification
  missing_job_did_not_run      26
  before_period_start          15
  forecast_logged              14
  not_yet_due                  11
  missing_data_unavailable     4
  late_record                  2

  obligations 72 | due 46 | served 14 | coverage 30.4%
  operational misses 26 | unexplained 0
  PROMOTION-GRADE: NO   (needs >= 95% served, <= 0 operational misses, all explained)

DAILY
  date         oblig  served     due     excl    opmiss arm_recs
  2026-07-30      12       0       0       12         0        0
  2026-07-31      12       6       9        3         0        0
  2026-08-01       8       2       8        0         6        0
  2026-08-02      16       0      16        0        16        0
  2026-08-03      12       6      12        0         3        3
  2026-08-04       4       0       1        3         1        0
  2026-08-05       8       0       0        8         0        0

EVERY MISSING OR IRREGULAR OBLIGATION (each must carry an explanation)
  2026-07-31 ATL v SEA T-90m   missing_data_unavailable   job served 1 other game(s) on 2026-07-31 at T-90m
  2026-07-31 WAS v DAL T-90m   missing_data_unavailable   job served 1 other game(s) on 2026-07-31 at T-90m
  2026-07-31 PDX v IND T-30m   missing_data_unavailable   job served 2 other game(s) on 2026-07-31 at T-30m
  2026-08-01 CHI v LVA T-24h   missing_job_did_not_run    no base record for ANY game on 2026-08-01 at T-24h
  2026-08-01 CHI v LVA T-8h    missing_job_did_not_run    no base record for ANY game on 2026-08-01 at T-8h
  2026-08-01 CHI v LVA T-30m   missing_job_did_not_run    no base record for ANY game on 2026-08-01 at T-30m
  2026-08-01 PHX v NYL T-24h   missing_job_did_not_run    no base record for ANY game on 2026-08-01 at T-24h
  2026-08-01 PHX v NYL T-8h    missing_job_did_not_run    no base record for ANY game on 2026-08-01 at T-8h
  2026-08-01 PHX v NYL T-30m   missing_job_did_not_run    no base record for ANY game on 2026-08-01 at T-30m
  2026-08-02 DAL v CON T-24h   missing_job_did_not_run    no base record for ANY game on 2026-08-02 at T-24h
  2026-08-02 DAL v CON T-8h    missing_job_did_not_run    no base record for ANY game on 2026-08-02 at T-8h
  2026-08-02 DAL v CON T-90m   missing_job_did_not_run    no base record for ANY game on 2026-08-02 at T-90m
  2026-08-02 DAL v CON T-30m   missing_job_did_not_run    no base record for ANY game on 2026-08-02 at T-30m
  2026-08-02 GSV v TOR T-24h   missing_job_did_not_run    no base record for ANY game on 2026-08-02 at T-24h
  2026-08-02 GSV v TOR T-8h    missing_job_did_not_run    no base record for ANY game on 2026-08-02 at T-8h
  2026-08-02 GSV v TOR T-90m   missing_job_did_not_run    no base record for ANY game on 2026-08-02 at T-90m
  2026-08-02 GSV v TOR T-30m   missing_job_did_not_run    no base record for ANY game on 2026-08-02 at T-30m
  2026-08-02 MIN v IND T-24h   missing_job_did_not_run    no base record for ANY game on 2026-08-02 at T-24h
  2026-08-02 MIN v IND T-8h    missing_job_did_not_run    no base record for ANY game on 2026-08-02 at T-8h
  2026-08-02 MIN v IND T-90m   missing_job_did_not_run    no base record for ANY game on 2026-08-02 at T-90m
  2026-08-02 MIN v IND T-30m   missing_job_did_not_run    no base record for ANY game on 2026-08-02 at T-30m
  2026-08-02 PDX v LAS T-24h   missing_job_did_not_run    no base record for ANY game on 2026-08-02 at T-24h
  2026-08-02 PDX v LAS T-8h    missing_job_did_not_run    no base record for ANY game on 2026-08-02 at T-8h
  2026-08-02 PDX v LAS T-90m   missing_job_did_not_run    no base record for ANY game on 2026-08-02 at T-90m
  2026-08-02 PDX v LAS T-30m   missing_job_did_not_run    no base record for ANY game on 2026-08-02 at T-30m
  2026-08-03 NYL v SEA T-24h   missing_job_did_not_run    no base record for ANY game on 2026-08-03 at T-24h
  2026-08-03 NYL v SEA T-30m   late_record                created 2026-08-03T22:45:08.958486+00:00 after cutoff
  2026-08-03 ATL v LVA T-24h   missing_job_did_not_run    no base record for ANY game on 2026-08-03 at T-24h
  2026-08-03 ATL v LVA T-30m   late_record                created 2026-08-03T22:45:08.976775+00:00 after cutoff
  2026-08-03 CHI v PHX T-24h   missing_job_did_not_run    no base record for ANY game on 2026-08-03 at T-24h
  2026-08-03 CHI v PHX T-30m   missing_data_unavailable   job served 2 other game(s) on 2026-08-03 at T-30m
  2026-08-04 GSV v TOR T-24h   missing_job_did_not_run    no base record for ANY game on 2026-08-04 at T-24h

wrote forecasts/coverage_audit.csv and forecasts/coverage_receipt.json
[audit] exit=0 
==== Tue 08/04/2026  5:30:03.02 ==== 
[gate] 2026-08-04T09:30:06.129694+00:00  fire=False  -- no unserved obligation inside its 20-minute lead window
[gate] skipping the base job
[base] skipped - no unserved obligation in its lead window 
[base] exit=0 
================================================================================================
PROSPECTIVE PAIR RUNNER  2026-08-04T09:30:08.245012+00:00  model=ridge_score_level_w2c1_v1 hash=5d295bb8b99cd34e
================================================================================================
base records in official chain: 22
  late_prevented #0 ATL v SEA @ T-8h                cutoff 2026-07-31T15:35:00+00:00 already passed at 2026-08-0
  late_prevented #1 WAS v DAL @ T-8h                cutoff 2026-07-31T15:35:00+00:00 already passed at 2026-08-0
  late_prevented #2 PDX v IND @ T-8h                cutoff 2026-07-31T18:06:00+00:00 already passed at 2026-08-0
  late_prevented #3 ATL v SEA @ T-30m               cutoff 2026-07-31T23:05:00+00:00 already passed at 2026-08-0
  late_prevented #4 WAS v DAL @ T-30m               cutoff 2026-07-31T23:05:00+00:00 already passed at 2026-08-0
  late_prevented #5 PDX v IND @ T-90m               cutoff 2026-08-01T00:36:00+00:00 already passed at 2026-08-0
  late_prevented #6 CHI v LVA @ T-90m               cutoff 2026-08-01T15:35:00+00:00 already passed at 2026-08-0
  late_prevented #7 PHX v NYL @ T-90m               cutoff 2026-08-01T17:34:00+00:00 already passed at 2026-08-0
  skip           #8 CHI v LVA @ unknown-tip         base record is an explicit no-forecast; nothing to pair
  skip           #9 PHX v NYL @ unknown-tip         base record is an explicit no-forecast; nothing to pair
  late_prevented #10 NYL v SEA @ T-8h               cutoff 2026-08-03T15:04:00+00:00 already passed at 2026-08-0
  late_prevented #11 ATL v LVA @ T-8h               cutoff 2026-08-03T15:14:00+00:00 already passed at 2026-08-0
  late_prevented #12 CHI v PHX @ T-8h               cutoff 2026-08-03T17:08:00+00:00 already passed at 2026-08-0
  already_logged #13 NYL v SEA @ T-90m              idempotent: pair exists
  already_logged #14 ATL v LVA @ T-90m              idempotent: pair exists
  already_logged #15 CHI v PHX @ T-90m              idempotent: pair exists
  already_logged #16 NYL v SEA @ T-90m              idempotent: pair exists
  already_logged #17 ATL v LVA @ T-90m              idempotent: pair exists
  already_logged #18 CHI v PHX @ T-90m              idempotent: pair exists
  late_prevented #19 NYL v SEA @ T-30m              cutoff 2026-08-03T22:34:00+00:00 already passed at 2026-08-0
  late_prevented #20 ATL v LVA @ T-30m              cutoff 2026-08-03T22:44:00+00:00 already passed at 2026-08-0
  already_logged #21 CHI v PHX @ T-90m              idempotent: pair exists

  already_logged=7, late_prevented=13, skip=2
  arm chain: ok=True n=3 tip=ec597f6077f3ad76
  receipt appended to prospective_pair_runs.jsonl
[arm] exit=0 
====================================================================================================
FORECAST COVERAGE AUDIT   generated 2026-08-04T09:30:09.180147+00:00
====================================================================================================

CUMULATIVE by classification
  missing_job_did_not_run      26
  before_period_start          15
  forecast_logged              14
  not_yet_due                  11
  missing_data_unavailable     4
  late_record                  2

  obligations 72 | due 46 | served 14 | coverage 30.4%
  operational misses 26 | unexplained 0
  PROMOTION-GRADE: NO   (needs >= 95% served, <= 0 operational misses, all explained)

DAILY
  date         oblig  served     due     excl    opmiss arm_recs
  2026-07-30      12       0       0       12         0        0
  2026-07-31      12       6       9        3         0        0
  2026-08-01       8       2       8        0         6        0
  2026-08-02      16       0      16        0        16        0
  2026-08-03      12       6      12        0         3        3
  2026-08-04       4       0       1        3         1        0
  2026-08-05       8       0       0        8         0        0

EVERY MISSING OR IRREGULAR OBLIGATION (each must carry an explanation)
  2026-07-31 ATL v SEA T-90m   missing_data_unavailable   job served 1 other game(s) on 2026-07-31 at T-90m
  2026-07-31 WAS v DAL T-90m   missing_data_unavailable   job served 1 other game(s) on 2026-07-31 at T-90m
  2026-07-31 PDX v IND T-30m   missing_data_unavailable   job served 2 other game(s) on 2026-07-31 at T-30m
  2026-08-01 CHI v LVA T-24h   missing_job_did_not_run    no base record for ANY game on 2026-08-01 at T-24h
  2026-08-01 CHI v LVA T-8h    missing_job_did_not_run    no base record for ANY game on 2026-08-01 at T-8h
  2026-08-01 CHI v LVA T-30m   missing_job_did_not_run    no base record for ANY game on 2026-08-01 at T-30m
  2026-08-01 PHX v NYL T-24h   missing_job_did_not_run    no base record for ANY game on 2026-08-01 at T-24h
  2026-08-01 PHX v NYL T-8h    missing_job_did_not_run    no base record for ANY game on 2026-08-01 at T-8h
  2026-08-01 PHX v NYL T-30m   missing_job_did_not_run    no base record for ANY game on 2026-08-01 at T-30m
  2026-08-02 DAL v CON T-24h   missing_job_did_not_run    no base record for ANY game on 2026-08-02 at T-24h
  2026-08-02 DAL v CON T-8h    missing_job_did_not_run    no base record for ANY game on 2026-08-02 at T-8h
  2026-08-02 DAL v CON T-90m   missing_job_did_not_run    no base record for ANY game on 2026-08-02 at T-90m
  2026-08-02 DAL v CON T-30m   missing_job_did_not_run    no base record for ANY game on 2026-08-02 at T-30m
  2026-08-02 GSV v TOR T-24h   missing_job_did_not_run    no base record for ANY game on 2026-08-02 at T-24h
  2026-08-02 GSV v TOR T-8h    missing_job_did_not_run    no base record for ANY game on 2026-08-02 at T-8h
  2026-08-02 GSV v TOR T-90m   missing_job_did_not_run    no base record for ANY game on 2026-08-02 at T-90m
  2026-08-02 GSV v TOR T-30m   missing_job_did_not_run    no base record for ANY game on 2026-08-02 at T-30m
  2026-08-02 MIN v IND T-24h   missing_job_did_not_run    no base record for ANY game on 2026-08-02 at T-24h
  2026-08-02 MIN v IND T-8h    missing_job_did_not_run    no base record for ANY game on 2026-08-02 at T-8h
  2026-08-02 MIN v IND T-90m   missing_job_did_not_run    no base record for ANY game on 2026-08-02 at T-90m
  2026-08-02 MIN v IND T-30m   missing_job_did_not_run    no base record for ANY game on 2026-08-02 at T-30m
  2026-08-02 PDX v LAS T-24h   missing_job_did_not_run    no base record for ANY game on 2026-08-02 at T-24h
  2026-08-02 PDX v LAS T-8h    missing_job_did_not_run    no base record for ANY game on 2026-08-02 at T-8h
  2026-08-02 PDX v LAS T-90m   missing_job_did_not_run    no base record for ANY game on 2026-08-02 at T-90m
  2026-08-02 PDX v LAS T-30m   missing_job_did_not_run    no base record for ANY game on 2026-08-02 at T-30m
  2026-08-03 NYL v SEA T-24h   missing_job_did_not_run    no base record for ANY game on 2026-08-03 at T-24h
  2026-08-03 NYL v SEA T-30m   late_record                created 2026-08-03T22:45:08.958486+00:00 after cutoff
  2026-08-03 ATL v LVA T-24h   missing_job_did_not_run    no base record for ANY game on 2026-08-03 at T-24h
  2026-08-03 ATL v LVA T-30m   late_record                created 2026-08-03T22:45:08.976775+00:00 after cutoff
  2026-08-03 CHI v PHX T-24h   missing_job_did_not_run    no base record for ANY game on 2026-08-03 at T-24h
  2026-08-03 CHI v PHX T-30m   missing_data_unavailable   job served 2 other game(s) on 2026-08-03 at T-30m
  2026-08-04 GSV v TOR T-24h   missing_job_did_not_run    no base record for ANY game on 2026-08-04 at T-24h

wrote forecasts/coverage_audit.csv and forecasts/coverage_receipt.json
[audit] exit=0 
==== Tue 08/04/2026  5:45:03.00 ==== 
[gate] 2026-08-04T09:45:03.647878+00:00  fire=False  -- no unserved obligation inside its 20-minute lead window
[gate] skipping the base job
[base] skipped - no unserved obligation in its lead window 
[base] exit=0 
================================================================================================
PROSPECTIVE PAIR RUNNER  2026-08-04T09:45:04.526797+00:00  model=ridge_score_level_w2c1_v1 hash=5d295bb8b99cd34e
================================================================================================
base records in official chain: 22
  late_prevented #0 ATL v SEA @ T-8h                cutoff 2026-07-31T15:35:00+00:00 already passed at 2026-08-0
  late_prevented #1 WAS v DAL @ T-8h                cutoff 2026-07-31T15:35:00+00:00 already passed at 2026-08-0
  late_prevented #2 PDX v IND @ T-8h                cutoff 2026-07-31T18:06:00+00:00 already passed at 2026-08-0
  late_prevented #3 ATL v SEA @ T-30m               cutoff 2026-07-31T23:05:00+00:00 already passed at 2026-08-0
  late_prevented #4 WAS v DAL @ T-30m               cutoff 2026-07-31T23:05:00+00:00 already passed at 2026-08-0
  late_prevented #5 PDX v IND @ T-90m               cutoff 2026-08-01T00:36:00+00:00 already passed at 2026-08-0
  late_prevented #6 CHI v LVA @ T-90m               cutoff 2026-08-01T15:35:00+00:00 already passed at 2026-08-0
  late_prevented #7 PHX v NYL @ T-90m               cutoff 2026-08-01T17:34:00+00:00 already passed at 2026-08-0
  skip           #8 CHI v LVA @ unknown-tip         base record is an explicit no-forecast; nothing to pair
  skip           #9 PHX v NYL @ unknown-tip         base record is an explicit no-forecast; nothing to pair
  late_prevented #10 NYL v SEA @ T-8h               cutoff 2026-08-03T15:04:00+00:00 already passed at 2026-08-0
  late_prevented #11 ATL v LVA @ T-8h               cutoff 2026-08-03T15:14:00+00:00 already passed at 2026-08-0
  late_prevented #12 CHI v PHX @ T-8h               cutoff 2026-08-03T17:08:00+00:00 already passed at 2026-08-0
  already_logged #13 NYL v SEA @ T-90m              idempotent: pair exists
  already_logged #14 ATL v LVA @ T-90m              idempotent: pair exists
  already_logged #15 CHI v PHX @ T-90m              idempotent: pair exists
  already_logged #16 NYL v SEA @ T-90m              idempotent: pair exists
  already_logged #17 ATL v LVA @ T-90m              idempotent: pair exists
  already_logged #18 CHI v PHX @ T-90m              idempotent: pair exists
  late_prevented #19 NYL v SEA @ T-30m              cutoff 2026-08-03T22:34:00+00:00 already passed at 2026-08-0
  late_prevented #20 ATL v LVA @ T-30m              cutoff 2026-08-03T22:44:00+00:00 already passed at 2026-08-0
  already_logged #21 CHI v PHX @ T-90m              idempotent: pair exists

  already_logged=7, late_prevented=13, skip=2
  arm chain: ok=True n=3 tip=ec597f6077f3ad76
  receipt appended to prospective_pair_runs.jsonl
[arm] exit=0 
====================================================================================================
FORECAST COVERAGE AUDIT   generated 2026-08-04T09:45:05.439197+00:00
====================================================================================================

CUMULATIVE by classification
  missing_job_did_not_run      26
  before_period_start          15
  forecast_logged              14
  not_yet_due                  11
  missing_data_unavailable     4
  late_record                  2

  obligations 72 | due 46 | served 14 | coverage 30.4%
  operational misses 26 | unexplained 0
  PROMOTION-GRADE: NO   (needs >= 95% served, <= 0 operational misses, all explained)

DAILY
  date         oblig  served     due     excl    opmiss arm_recs
  2026-07-30      12       0       0       12         0        0
  2026-07-31      12       6       9        3         0        0
  2026-08-01       8       2       8        0         6        0
  2026-08-02      16       0      16        0        16        0
  2026-08-03      12       6      12        0         3        3
  2026-08-04       4       0       1        3         1        0
  2026-08-05       8       0       0        8         0        0

EVERY MISSING OR IRREGULAR OBLIGATION (each must carry an explanation)
  2026-07-31 ATL v SEA T-90m   missing_data_unavailable   job served 1 other game(s) on 2026-07-31 at T-90m
  2026-07-31 WAS v DAL T-90m   missing_data_unavailable   job served 1 other game(s) on 2026-07-31 at T-90m
  2026-07-31 PDX v IND T-30m   missing_data_unavailable   job served 2 other game(s) on 2026-07-31 at T-30m
  2026-08-01 CHI v LVA T-24h   missing_job_did_not_run    no base record for ANY game on 2026-08-01 at T-24h
  2026-08-01 CHI v LVA T-8h    missing_job_did_not_run    no base record for ANY game on 2026-08-01 at T-8h
  2026-08-01 CHI v LVA T-30m   missing_job_did_not_run    no base record for ANY game on 2026-08-01 at T-30m
  2026-08-01 PHX v NYL T-24h   missing_job_did_not_run    no base record for ANY game on 2026-08-01 at T-24h
  2026-08-01 PHX v NYL T-8h    missing_job_did_not_run    no base record for ANY game on 2026-08-01 at T-8h
  2026-08-01 PHX v NYL T-30m   missing_job_did_not_run    no base record for ANY game on 2026-08-01 at T-30m
  2026-08-02 DAL v CON T-24h   missing_job_did_not_run    no base record for ANY game on 2026-08-02 at T-24h
  2026-08-02 DAL v CON T-8h    missing_job_did_not_run    no base record for ANY game on 2026-08-02 at T-8h
  2026-08-02 DAL v CON T-90m   missing_job_did_not_run    no base record for ANY game on 2026-08-02 at T-90m
  2026-08-02 DAL v CON T-30m   missing_job_did_not_run    no base record for ANY game on 2026-08-02 at T-30m
  2026-08-02 GSV v TOR T-24h   missing_job_did_not_run    no base record for ANY game on 2026-08-02 at T-24h
  2026-08-02 GSV v TOR T-8h    missing_job_did_not_run    no base record for ANY game on 2026-08-02 at T-8h
  2026-08-02 GSV v TOR T-90m   missing_job_did_not_run    no base record for ANY game on 2026-08-02 at T-90m
  2026-08-02 GSV v TOR T-30m   missing_job_did_not_run    no base record for ANY game on 2026-08-02 at T-30m
  2026-08-02 MIN v IND T-24h   missing_job_did_not_run    no base record for ANY game on 2026-08-02 at T-24h
  2026-08-02 MIN v IND T-8h    missing_job_did_not_run    no base record for ANY game on 2026-08-02 at T-8h
  2026-08-02 MIN v IND T-90m   missing_job_did_not_run    no base record for ANY game on 2026-08-02 at T-90m
  2026-08-02 MIN v IND T-30m   missing_job_did_not_run    no base record for ANY game on 2026-08-02 at T-30m
  2026-08-02 PDX v LAS T-24h   missing_job_did_not_run    no base record for ANY game on 2026-08-02 at T-24h
  2026-08-02 PDX v LAS T-8h    missing_job_did_not_run    no base record for ANY game on 2026-08-02 at T-8h
  2026-08-02 PDX v LAS T-90m   missing_job_did_not_run    no base record for ANY game on 2026-08-02 at T-90m
  2026-08-02 PDX v LAS T-30m   missing_job_did_not_run    no base record for ANY game on 2026-08-02 at T-30m
  2026-08-03 NYL v SEA T-24h   missing_job_did_not_run    no base record for ANY game on 2026-08-03 at T-24h
  2026-08-03 NYL v SEA T-30m   late_record                created 2026-08-03T22:45:08.958486+00:00 after cutoff
  2026-08-03 ATL v LVA T-24h   missing_job_did_not_run    no base record for ANY game on 2026-08-03 at T-24h
  2026-08-03 ATL v LVA T-30m   late_record                created 2026-08-03T22:45:08.976775+00:00 after cutoff
  2026-08-03 CHI v PHX T-24h   missing_job_did_not_run    no base record for ANY game on 2026-08-03 at T-24h
  2026-08-03 CHI v PHX T-30m   missing_data_unavailable   job served 2 other game(s) on 2026-08-03 at T-30m
  2026-08-04 GSV v TOR T-24h   missing_job_did_not_run    no base record for ANY game on 2026-08-04 at T-24h

wrote forecasts/coverage_audit.csv and forecasts/coverage_receipt.json
[audit] exit=0 
==== Tue 08/04/2026  6:00:03.02 ==== 
[gate] 2026-08-04T10:00:06.308112+00:00  fire=False  -- no unserved obligation inside its 20-minute lead window
[gate] skipping the base job
[base] skipped - no unserved obligation in its lead window 
[base] exit=0 
================================================================================================
PROSPECTIVE PAIR RUNNER  2026-08-04T10:00:08.480216+00:00  model=ridge_score_level_w2c1_v1 hash=5d295bb8b99cd34e
================================================================================================
base records in official chain: 22
  late_prevented #0 ATL v SEA @ T-8h                cutoff 2026-07-31T15:35:00+00:00 already passed at 2026-08-0
  late_prevented #1 WAS v DAL @ T-8h                cutoff 2026-07-31T15:35:00+00:00 already passed at 2026-08-0
  late_prevented #2 PDX v IND @ T-8h                cutoff 2026-07-31T18:06:00+00:00 already passed at 2026-08-0
  late_prevented #3 ATL v SEA @ T-30m               cutoff 2026-07-31T23:05:00+00:00 already passed at 2026-08-0
  late_prevented #4 WAS v DAL @ T-30m               cutoff 2026-07-31T23:05:00+00:00 already passed at 2026-08-0
  late_prevented #5 PDX v IND @ T-90m               cutoff 2026-08-01T00:36:00+00:00 already passed at 2026-08-0
  late_prevented #6 CHI v LVA @ T-90m               cutoff 2026-08-01T15:35:00+00:00 already passed at 2026-08-0
  late_prevented #7 PHX v NYL @ T-90m               cutoff 2026-08-01T17:34:00+00:00 already passed at 2026-08-0
  skip           #8 CHI v LVA @ unknown-tip         base record is an explicit no-forecast; nothing to pair
  skip           #9 PHX v NYL @ unknown-tip         base record is an explicit no-forecast; nothing to pair
  late_prevented #10 NYL v SEA @ T-8h               cutoff 2026-08-03T15:04:00+00:00 already passed at 2026-08-0
  late_prevented #11 ATL v LVA @ T-8h               cutoff 2026-08-03T15:14:00+00:00 already passed at 2026-08-0
  late_prevented #12 CHI v PHX @ T-8h               cutoff 2026-08-03T17:08:00+00:00 already passed at 2026-08-0
  already_logged #13 NYL v SEA @ T-90m              idempotent: pair exists
  already_logged #14 ATL v LVA @ T-90m              idempotent: pair exists
  already_logged #15 CHI v PHX @ T-90m              idempotent: pair exists
  already_logged #16 NYL v SEA @ T-90m              idempotent: pair exists
  already_logged #17 ATL v LVA @ T-90m              idempotent: pair exists
  already_logged #18 CHI v PHX @ T-90m              idempotent: pair exists
  late_prevented #19 NYL v SEA @ T-30m              cutoff 2026-08-03T22:34:00+00:00 already passed at 2026-08-0
  late_prevented #20 ATL v LVA @ T-30m              cutoff 2026-08-03T22:44:00+00:00 already passed at 2026-08-0
  already_logged #21 CHI v PHX @ T-90m              idempotent: pair exists

  already_logged=7, late_prevented=13, skip=2
  arm chain: ok=True n=3 tip=ec597f6077f3ad76
  receipt appended to prospective_pair_runs.jsonl
[arm] exit=0 
====================================================================================================
FORECAST COVERAGE AUDIT   generated 2026-08-04T10:00:09.405812+00:00
====================================================================================================

CUMULATIVE by classification
  missing_job_did_not_run      26
  before_period_start          15
  forecast_logged              14
  not_yet_due                  11
  missing_data_unavailable     4
  late_record                  2

  obligations 72 | due 46 | served 14 | coverage 30.4%
  operational misses 26 | unexplained 0
  PROMOTION-GRADE: NO   (needs >= 95% served, <= 0 operational misses, all explained)

DAILY
  date         oblig  served     due     excl    opmiss arm_recs
  2026-07-30      12       0       0       12         0        0
  2026-07-31      12       6       9        3         0        0
  2026-08-01       8       2       8        0         6        0
  2026-08-02      16       0      16        0        16        0
  2026-08-03      12       6      12        0         3        3
  2026-08-04       4       0       1        3         1        0
  2026-08-05       8       0       0        8         0        0

EVERY MISSING OR IRREGULAR OBLIGATION (each must carry an explanation)
  2026-07-31 ATL v SEA T-90m   missing_data_unavailable   job served 1 other game(s) on 2026-07-31 at T-90m
  2026-07-31 WAS v DAL T-90m   missing_data_unavailable   job served 1 other game(s) on 2026-07-31 at T-90m
  2026-07-31 PDX v IND T-30m   missing_data_unavailable   job served 2 other game(s) on 2026-07-31 at T-30m
  2026-08-01 CHI v LVA T-24h   missing_job_did_not_run    no base record for ANY game on 2026-08-01 at T-24h
  2026-08-01 CHI v LVA T-8h    missing_job_did_not_run    no base record for ANY game on 2026-08-01 at T-8h
  2026-08-01 CHI v LVA T-30m   missing_job_did_not_run    no base record for ANY game on 2026-08-01 at T-30m
  2026-08-01 PHX v NYL T-24h   missing_job_did_not_run    no base record for ANY game on 2026-08-01 at T-24h
  2026-08-01 PHX v NYL T-8h    missing_job_did_not_run    no base record for ANY game on 2026-08-01 at T-8h
  2026-08-01 PHX v NYL T-30m   missing_job_did_not_run    no base record for ANY game on 2026-08-01 at T-30m
  2026-08-02 DAL v CON T-24h   missing_job_did_not_run    no base record for ANY game on 2026-08-02 at T-24h
  2026-08-02 DAL v CON T-8h    missing_job_did_not_run    no base record for ANY game on 2026-08-02 at T-8h
  2026-08-02 DAL v CON T-90m   missing_job_did_not_run    no base record for ANY game on 2026-08-02 at T-90m
  2026-08-02 DAL v CON T-30m   missing_job_did_not_run    no base record for ANY game on 2026-08-02 at T-30m
  2026-08-02 GSV v TOR T-24h   missing_job_did_not_run    no base record for ANY game on 2026-08-02 at T-24h
  2026-08-02 GSV v TOR T-8h    missing_job_did_not_run    no base record for ANY game on 2026-08-02 at T-8h
  2026-08-02 GSV v TOR T-90m   missing_job_did_not_run    no base record for ANY game on 2026-08-02 at T-90m
  2026-08-02 GSV v TOR T-30m   missing_job_did_not_run    no base record for ANY game on 2026-08-02 at T-30m
  2026-08-02 MIN v IND T-24h   missing_job_did_not_run    no base record for ANY game on 2026-08-02 at T-24h
  2026-08-02 MIN v IND T-8h    missing_job_did_not_run    no base record for ANY game on 2026-08-02 at T-8h
  2026-08-02 MIN v IND T-90m   missing_job_did_not_run    no base record for ANY game on 2026-08-02 at T-90m
  2026-08-02 MIN v IND T-30m   missing_job_did_not_run    no base record for ANY game on 2026-08-02 at T-30m
  2026-08-02 PDX v LAS T-24h   missing_job_did_not_run    no base record for ANY game on 2026-08-02 at T-24h
  2026-08-02 PDX v LAS T-8h    missing_job_did_not_run    no base record for ANY game on 2026-08-02 at T-8h
  2026-08-02 PDX v LAS T-90m   missing_job_did_not_run    no base record for ANY game on 2026-08-02 at T-90m
  2026-08-02 PDX v LAS T-30m   missing_job_did_not_run    no base record for ANY game on 2026-08-02 at T-30m
  2026-08-03 NYL v SEA T-24h   missing_job_did_not_run    no base record for ANY game on 2026-08-03 at T-24h
  2026-08-03 NYL v SEA T-30m   late_record                created 2026-08-03T22:45:08.958486+00:00 after cutoff
  2026-08-03 ATL v LVA T-24h   missing_job_did_not_run    no base record for ANY game on 2026-08-03 at T-24h
  2026-08-03 ATL v LVA T-30m   late_record                created 2026-08-03T22:45:08.976775+00:00 after cutoff
  2026-08-03 CHI v PHX T-24h   missing_job_did_not_run    no base record for ANY game on 2026-08-03 at T-24h
  2026-08-03 CHI v PHX T-30m   missing_data_unavailable   job served 2 other game(s) on 2026-08-03 at T-30m
  2026-08-04 GSV v TOR T-24h   missing_job_did_not_run    no base record for ANY game on 2026-08-04 at T-24h

wrote forecasts/coverage_audit.csv and forecasts/coverage_receipt.json
[audit] exit=0 
==== Tue 08/04/2026  6:15:02.96 ==== 
[gate] 2026-08-04T10:15:06.069552+00:00  fire=False  -- no unserved obligation inside its 20-minute lead window
[gate] skipping the base job
[base] skipped - no unserved obligation in its lead window 
[base] exit=0 
================================================================================================
PROSPECTIVE PAIR RUNNER  2026-08-04T10:15:08.173569+00:00  model=ridge_score_level_w2c1_v1 hash=5d295bb8b99cd34e
================================================================================================
base records in official chain: 22
  late_prevented #0 ATL v SEA @ T-8h                cutoff 2026-07-31T15:35:00+00:00 already passed at 2026-08-0
  late_prevented #1 WAS v DAL @ T-8h                cutoff 2026-07-31T15:35:00+00:00 already passed at 2026-08-0
  late_prevented #2 PDX v IND @ T-8h                cutoff 2026-07-31T18:06:00+00:00 already passed at 2026-08-0
  late_prevented #3 ATL v SEA @ T-30m               cutoff 2026-07-31T23:05:00+00:00 already passed at 2026-08-0
  late_prevented #4 WAS v DAL @ T-30m               cutoff 2026-07-31T23:05:00+00:00 already passed at 2026-08-0
  late_prevented #5 PDX v IND @ T-90m               cutoff 2026-08-01T00:36:00+00:00 already passed at 2026-08-0
  late_prevented #6 CHI v LVA @ T-90m               cutoff 2026-08-01T15:35:00+00:00 already passed at 2026-08-0
  late_prevented #7 PHX v NYL @ T-90m               cutoff 2026-08-01T17:34:00+00:00 already passed at 2026-08-0
  skip           #8 CHI v LVA @ unknown-tip         base record is an explicit no-forecast; nothing to pair
  skip           #9 PHX v NYL @ unknown-tip         base record is an explicit no-forecast; nothing to pair
  late_prevented #10 NYL v SEA @ T-8h               cutoff 2026-08-03T15:04:00+00:00 already passed at 2026-08-0
  late_prevented #11 ATL v LVA @ T-8h               cutoff 2026-08-03T15:14:00+00:00 already passed at 2026-08-0
  late_prevented #12 CHI v PHX @ T-8h               cutoff 2026-08-03T17:08:00+00:00 already passed at 2026-08-0
  already_logged #13 NYL v SEA @ T-90m              idempotent: pair exists
  already_logged #14 ATL v LVA @ T-90m              idempotent: pair exists
  already_logged #15 CHI v PHX @ T-90m              idempotent: pair exists
  already_logged #16 NYL v SEA @ T-90m              idempotent: pair exists
  already_logged #17 ATL v LVA @ T-90m              idempotent: pair exists
  already_logged #18 CHI v PHX @ T-90m              idempotent: pair exists
  late_prevented #19 NYL v SEA @ T-30m              cutoff 2026-08-03T22:34:00+00:00 already passed at 2026-08-0
  late_prevented #20 ATL v LVA @ T-30m              cutoff 2026-08-03T22:44:00+00:00 already passed at 2026-08-0
  already_logged #21 CHI v PHX @ T-90m              idempotent: pair exists

  already_logged=7, late_prevented=13, skip=2
  arm chain: ok=True n=3 tip=ec597f6077f3ad76
  receipt appended to prospective_pair_runs.jsonl
[arm] exit=0 
====================================================================================================
FORECAST COVERAGE AUDIT   generated 2026-08-04T10:15:09.083389+00:00
====================================================================================================

CUMULATIVE by classification
  missing_job_did_not_run      26
  before_period_start          15
  forecast_logged              14
  not_yet_due                  11
  missing_data_unavailable     4
  late_record                  2

  obligations 72 | due 46 | served 14 | coverage 30.4%
  operational misses 26 | unexplained 0
  PROMOTION-GRADE: NO   (needs >= 95% served, <= 0 operational misses, all explained)

DAILY
  date         oblig  served     due     excl    opmiss arm_recs
  2026-07-30      12       0       0       12         0        0
  2026-07-31      12       6       9        3         0        0
  2026-08-01       8       2       8        0         6        0
  2026-08-02      16       0      16        0        16        0
  2026-08-03      12       6      12        0         3        3
  2026-08-04       4       0       1        3         1        0
  2026-08-05       8       0       0        8         0        0

EVERY MISSING OR IRREGULAR OBLIGATION (each must carry an explanation)
  2026-07-31 ATL v SEA T-90m   missing_data_unavailable   job served 1 other game(s) on 2026-07-31 at T-90m
  2026-07-31 WAS v DAL T-90m   missing_data_unavailable   job served 1 other game(s) on 2026-07-31 at T-90m
  2026-07-31 PDX v IND T-30m   missing_data_unavailable   job served 2 other game(s) on 2026-07-31 at T-30m
  2026-08-01 CHI v LVA T-24h   missing_job_did_not_run    no base record for ANY game on 2026-08-01 at T-24h
  2026-08-01 CHI v LVA T-8h    missing_job_did_not_run    no base record for ANY game on 2026-08-01 at T-8h
  2026-08-01 CHI v LVA T-30m   missing_job_did_not_run    no base record for ANY game on 2026-08-01 at T-30m
  2026-08-01 PHX v NYL T-24h   missing_job_did_not_run    no base record for ANY game on 2026-08-01 at T-24h
  2026-08-01 PHX v NYL T-8h    missing_job_did_not_run    no base record for ANY game on 2026-08-01 at T-8h
  2026-08-01 PHX v NYL T-30m   missing_job_did_not_run    no base record for ANY game on 2026-08-01 at T-30m
  2026-08-02 DAL v CON T-24h   missing_job_did_not_run    no base record for ANY game on 2026-08-02 at T-24h
  2026-08-02 DAL v CON T-8h    missing_job_did_not_run    no base record for ANY game on 2026-08-02 at T-8h
  2026-08-02 DAL v CON T-90m   missing_job_did_not_run    no base record for ANY game on 2026-08-02 at T-90m
  2026-08-02 DAL v CON T-30m   missing_job_did_not_run    no base record for ANY game on 2026-08-02 at T-30m
  2026-08-02 GSV v TOR T-24h   missing_job_did_not_run    no base record for ANY game on 2026-08-02 at T-24h
  2026-08-02 GSV v TOR T-8h    missing_job_did_not_run    no base record for ANY game on 2026-08-02 at T-8h
  2026-08-02 GSV v TOR T-90m   missing_job_did_not_run    no base record for ANY game on 2026-08-02 at T-90m
  2026-08-02 GSV v TOR T-30m   missing_job_did_not_run    no base record for ANY game on 2026-08-02 at T-30m
  2026-08-02 MIN v IND T-24h   missing_job_did_not_run    no base record for ANY game on 2026-08-02 at T-24h
  2026-08-02 MIN v IND T-8h    missing_job_did_not_run    no base record for ANY game on 2026-08-02 at T-8h
  2026-08-02 MIN v IND T-90m   missing_job_did_not_run    no base record for ANY game on 2026-08-02 at T-90m
  2026-08-02 MIN v IND T-30m   missing_job_did_not_run    no base record for ANY game on 2026-08-02 at T-30m
  2026-08-02 PDX v LAS T-24h   missing_job_did_not_run    no base record for ANY game on 2026-08-02 at T-24h
  2026-08-02 PDX v LAS T-8h    missing_job_did_not_run    no base record for ANY game on 2026-08-02 at T-8h
  2026-08-02 PDX v LAS T-90m   missing_job_did_not_run    no base record for ANY game on 2026-08-02 at T-90m
  2026-08-02 PDX v LAS T-30m   missing_job_did_not_run    no base record for ANY game on 2026-08-02 at T-30m
  2026-08-03 NYL v SEA T-24h   missing_job_did_not_run    no base record for ANY game on 2026-08-03 at T-24h
  2026-08-03 NYL v SEA T-30m   late_record                created 2026-08-03T22:45:08.958486+00:00 after cutoff
  2026-08-03 ATL v LVA T-24h   missing_job_did_not_run    no base record for ANY game on 2026-08-03 at T-24h
  2026-08-03 ATL v LVA T-30m   late_record                created 2026-08-03T22:45:08.976775+00:00 after cutoff
  2026-08-03 CHI v PHX T-24h   missing_job_did_not_run    no base record for ANY game on 2026-08-03 at T-24h
  2026-08-03 CHI v PHX T-30m   missing_data_unavailable   job served 2 other game(s) on 2026-08-03 at T-30m
  2026-08-04 GSV v TOR T-24h   missing_job_did_not_run    no base record for ANY game on 2026-08-04 at T-24h

wrote forecasts/coverage_audit.csv and forecasts/coverage_receipt.json
[audit] exit=0 
==== Tue 08/04/2026  6:30:02.96 ==== 
[gate] 2026-08-04T10:30:03.626341+00:00  fire=False  -- no unserved obligation inside its 20-minute lead window
[gate] skipping the base job
[base] skipped - no unserved obligation in its lead window 
[base] exit=0 
================================================================================================
PROSPECTIVE PAIR RUNNER  2026-08-04T10:30:04.497574+00:00  model=ridge_score_level_w2c1_v1 hash=5d295bb8b99cd34e
================================================================================================
base records in official chain: 22
  late_prevented #0 ATL v SEA @ T-8h                cutoff 2026-07-31T15:35:00+00:00 already passed at 2026-08-0
  late_prevented #1 WAS v DAL @ T-8h                cutoff 2026-07-31T15:35:00+00:00 already passed at 2026-08-0
  late_prevented #2 PDX v IND @ T-8h                cutoff 2026-07-31T18:06:00+00:00 already passed at 2026-08-0
  late_prevented #3 ATL v SEA @ T-30m               cutoff 2026-07-31T23:05:00+00:00 already passed at 2026-08-0
  late_prevented #4 WAS v DAL @ T-30m               cutoff 2026-07-31T23:05:00+00:00 already passed at 2026-08-0
  late_prevented #5 PDX v IND @ T-90m               cutoff 2026-08-01T00:36:00+00:00 already passed at 2026-08-0
  late_prevented #6 CHI v LVA @ T-90m               cutoff 2026-08-01T15:35:00+00:00 already passed at 2026-08-0
  late_prevented #7 PHX v NYL @ T-90m               cutoff 2026-08-01T17:34:00+00:00 already passed at 2026-08-0
  skip           #8 CHI v LVA @ unknown-tip         base record is an explicit no-forecast; nothing to pair
  skip           #9 PHX v NYL @ unknown-tip         base record is an explicit no-forecast; nothing to pair
  late_prevented #10 NYL v SEA @ T-8h               cutoff 2026-08-03T15:04:00+00:00 already passed at 2026-08-0
  late_prevented #11 ATL v LVA @ T-8h               cutoff 2026-08-03T15:14:00+00:00 already passed at 2026-08-0
  late_prevented #12 CHI v PHX @ T-8h               cutoff 2026-08-03T17:08:00+00:00 already passed at 2026-08-0
  already_logged #13 NYL v SEA @ T-90m              idempotent: pair exists
  already_logged #14 ATL v LVA @ T-90m              idempotent: pair exists
  already_logged #15 CHI v PHX @ T-90m              idempotent: pair exists
  already_logged #16 NYL v SEA @ T-90m              idempotent: pair exists
  already_logged #17 ATL v LVA @ T-90m              idempotent: pair exists
  already_logged #18 CHI v PHX @ T-90m              idempotent: pair exists
  late_prevented #19 NYL v SEA @ T-30m              cutoff 2026-08-03T22:34:00+00:00 already passed at 2026-08-0
  late_prevented #20 ATL v LVA @ T-30m              cutoff 2026-08-03T22:44:00+00:00 already passed at 2026-08-0
  already_logged #21 CHI v PHX @ T-90m              idempotent: pair exists

  already_logged=7, late_prevented=13, skip=2
  arm chain: ok=True n=3 tip=ec597f6077f3ad76
  receipt appended to prospective_pair_runs.jsonl
[arm] exit=0 
====================================================================================================
FORECAST COVERAGE AUDIT   generated 2026-08-04T10:30:05.403722+00:00
====================================================================================================

CUMULATIVE by classification
  missing_job_did_not_run      26
  before_period_start          15
  forecast_logged              14
  not_yet_due                  11
  missing_data_unavailable     4
  late_record                  2

  obligations 72 | due 46 | served 14 | coverage 30.4%
  operational misses 26 | unexplained 0
  PROMOTION-GRADE: NO   (needs >= 95% served, <= 0 operational misses, all explained)

DAILY
  date         oblig  served     due     excl    opmiss arm_recs
  2026-07-30      12       0       0       12         0        0
  2026-07-31      12       6       9        3         0        0
  2026-08-01       8       2       8        0         6        0
  2026-08-02      16       0      16        0        16        0
  2026-08-03      12       6      12        0         3        3
  2026-08-04       4       0       1        3         1        0
  2026-08-05       8       0       0        8         0        0

EVERY MISSING OR IRREGULAR OBLIGATION (each must carry an explanation)
  2026-07-31 ATL v SEA T-90m   missing_data_unavailable   job served 1 other game(s) on 2026-07-31 at T-90m
  2026-07-31 WAS v DAL T-90m   missing_data_unavailable   job served 1 other game(s) on 2026-07-31 at T-90m
  2026-07-31 PDX v IND T-30m   missing_data_unavailable   job served 2 other game(s) on 2026-07-31 at T-30m
  2026-08-01 CHI v LVA T-24h   missing_job_did_not_run    no base record for ANY game on 2026-08-01 at T-24h
  2026-08-01 CHI v LVA T-8h    missing_job_did_not_run    no base record for ANY game on 2026-08-01 at T-8h
  2026-08-01 CHI v LVA T-30m   missing_job_did_not_run    no base record for ANY game on 2026-08-01 at T-30m
  2026-08-01 PHX v NYL T-24h   missing_job_did_not_run    no base record for ANY game on 2026-08-01 at T-24h
  2026-08-01 PHX v NYL T-8h    missing_job_did_not_run    no base record for ANY game on 2026-08-01 at T-8h
  2026-08-01 PHX v NYL T-30m   missing_job_did_not_run    no base record for ANY game on 2026-08-01 at T-30m
  2026-08-02 DAL v CON T-24h   missing_job_did_not_run    no base record for ANY game on 2026-08-02 at T-24h
  2026-08-02 DAL v CON T-8h    missing_job_did_not_run    no base record for ANY game on 2026-08-02 at T-8h
  2026-08-02 DAL v CON T-90m   missing_job_did_not_run    no base record for ANY game on 2026-08-02 at T-90m
  2026-08-02 DAL v CON T-30m   missing_job_did_not_run    no base record for ANY game on 2026-08-02 at T-30m
  2026-08-02 GSV v TOR T-24h   missing_job_did_not_run    no base record for ANY game on 2026-08-02 at T-24h
  2026-08-02 GSV v TOR T-8h    missing_job_did_not_run    no base record for ANY game on 2026-08-02 at T-8h
  2026-08-02 GSV v TOR T-90m   missing_job_did_not_run    no base record for ANY game on 2026-08-02 at T-90m
  2026-08-02 GSV v TOR T-30m   missing_job_did_not_run    no base record for ANY game on 2026-08-02 at T-30m
  2026-08-02 MIN v IND T-24h   missing_job_did_not_run    no base record for ANY game on 2026-08-02 at T-24h
  2026-08-02 MIN v IND T-8h    missing_job_did_not_run    no base record for ANY game on 2026-08-02 at T-8h
  2026-08-02 MIN v IND T-90m   missing_job_did_not_run    no base record for ANY game on 2026-08-02 at T-90m
  2026-08-02 MIN v IND T-30m   missing_job_did_not_run    no base record for ANY game on 2026-08-02 at T-30m
  2026-08-02 PDX v LAS T-24h   missing_job_did_not_run    no base record for ANY game on 2026-08-02 at T-24h
  2026-08-02 PDX v LAS T-8h    missing_job_did_not_run    no base record for ANY game on 2026-08-02 at T-8h
  2026-08-02 PDX v LAS T-90m   missing_job_did_not_run    no base record for ANY game on 2026-08-02 at T-90m
  2026-08-02 PDX v LAS T-30m   missing_job_did_not_run    no base record for ANY game on 2026-08-02 at T-30m
  2026-08-03 NYL v SEA T-24h   missing_job_did_not_run    no base record for ANY game on 2026-08-03 at T-24h
  2026-08-03 NYL v SEA T-30m   late_record                created 2026-08-03T22:45:08.958486+00:00 after cutoff
  2026-08-03 ATL v LVA T-24h   missing_job_did_not_run    no base record for ANY game on 2026-08-03 at T-24h
  2026-08-03 ATL v LVA T-30m   late_record                created 2026-08-03T22:45:08.976775+00:00 after cutoff
  2026-08-03 CHI v PHX T-24h   missing_job_did_not_run    no base record for ANY game on 2026-08-03 at T-24h
  2026-08-03 CHI v PHX T-30m   missing_data_unavailable   job served 2 other game(s) on 2026-08-03 at T-30m
  2026-08-04 GSV v TOR T-24h   missing_job_did_not_run    no base record for ANY game on 2026-08-04 at T-24h

wrote forecasts/coverage_audit.csv and forecasts/coverage_receipt.json
[audit] exit=0 
==== Tue 08/04/2026  6:45:02.99 ==== 
[gate] 2026-08-04T10:45:06.287497+00:00  fire=False  -- no unserved obligation inside its 20-minute lead window
[gate] skipping the base job
[base] skipped - no unserved obligation in its lead window 
[base] exit=0 
================================================================================================
PROSPECTIVE PAIR RUNNER  2026-08-04T10:45:08.393040+00:00  model=ridge_score_level_w2c1_v1 hash=5d295bb8b99cd34e
================================================================================================
base records in official chain: 22
  late_prevented #0 ATL v SEA @ T-8h                cutoff 2026-07-31T15:35:00+00:00 already passed at 2026-08-0
  late_prevented #1 WAS v DAL @ T-8h                cutoff 2026-07-31T15:35:00+00:00 already passed at 2026-08-0
  late_prevented #2 PDX v IND @ T-8h                cutoff 2026-07-31T18:06:00+00:00 already passed at 2026-08-0
  late_prevented #3 ATL v SEA @ T-30m               cutoff 2026-07-31T23:05:00+00:00 already passed at 2026-08-0
  late_prevented #4 WAS v DAL @ T-30m               cutoff 2026-07-31T23:05:00+00:00 already passed at 2026-08-0
  late_prevented #5 PDX v IND @ T-90m               cutoff 2026-08-01T00:36:00+00:00 already passed at 2026-08-0
  late_prevented #6 CHI v LVA @ T-90m               cutoff 2026-08-01T15:35:00+00:00 already passed at 2026-08-0
  late_prevented #7 PHX v NYL @ T-90m               cutoff 2026-08-01T17:34:00+00:00 already passed at 2026-08-0
  skip           #8 CHI v LVA @ unknown-tip         base record is an explicit no-forecast; nothing to pair
  skip           #9 PHX v NYL @ unknown-tip         base record is an explicit no-forecast; nothing to pair
  late_prevented #10 NYL v SEA @ T-8h               cutoff 2026-08-03T15:04:00+00:00 already passed at 2026-08-0
  late_prevented #11 ATL v LVA @ T-8h               cutoff 2026-08-03T15:14:00+00:00 already passed at 2026-08-0
  late_prevented #12 CHI v PHX @ T-8h               cutoff 2026-08-03T17:08:00+00:00 already passed at 2026-08-0
  already_logged #13 NYL v SEA @ T-90m              idempotent: pair exists
  already_logged #14 ATL v LVA @ T-90m              idempotent: pair exists
  already_logged #15 CHI v PHX @ T-90m              idempotent: pair exists
  already_logged #16 NYL v SEA @ T-90m              idempotent: pair exists
  already_logged #17 ATL v LVA @ T-90m              idempotent: pair exists
  already_logged #18 CHI v PHX @ T-90m              idempotent: pair exists
  late_prevented #19 NYL v SEA @ T-30m              cutoff 2026-08-03T22:34:00+00:00 already passed at 2026-08-0
  late_prevented #20 ATL v LVA @ T-30m              cutoff 2026-08-03T22:44:00+00:00 already passed at 2026-08-0
  already_logged #21 CHI v PHX @ T-90m              idempotent: pair exists

  already_logged=7, late_prevented=13, skip=2
  arm chain: ok=True n=3 tip=ec597f6077f3ad76
  receipt appended to prospective_pair_runs.jsonl
[arm] exit=0 
====================================================================================================
FORECAST COVERAGE AUDIT   generated 2026-08-04T10:45:09.292124+00:00
====================================================================================================

CUMULATIVE by classification
  missing_job_did_not_run      26
  before_period_start          15
  forecast_logged              14
  not_yet_due                  11
  missing_data_unavailable     4
  late_record                  2

  obligations 72 | due 46 | served 14 | coverage 30.4%
  operational misses 26 | unexplained 0
  PROMOTION-GRADE: NO   (needs >= 95% served, <= 0 operational misses, all explained)

DAILY
  date         oblig  served     due     excl    opmiss arm_recs
  2026-07-30      12       0       0       12         0        0
  2026-07-31      12       6       9        3         0        0
  2026-08-01       8       2       8        0         6        0
  2026-08-02      16       0      16        0        16        0
  2026-08-03      12       6      12        0         3        3
  2026-08-04       4       0       1        3         1        0
  2026-08-05       8       0       0        8         0        0

EVERY MISSING OR IRREGULAR OBLIGATION (each must carry an explanation)
  2026-07-31 ATL v SEA T-90m   missing_data_unavailable   job served 1 other game(s) on 2026-07-31 at T-90m
  2026-07-31 WAS v DAL T-90m   missing_data_unavailable   job served 1 other game(s) on 2026-07-31 at T-90m
  2026-07-31 PDX v IND T-30m   missing_data_unavailable   job served 2 other game(s) on 2026-07-31 at T-30m
  2026-08-01 CHI v LVA T-24h   missing_job_did_not_run    no base record for ANY game on 2026-08-01 at T-24h
  2026-08-01 CHI v LVA T-8h    missing_job_did_not_run    no base record for ANY game on 2026-08-01 at T-8h
  2026-08-01 CHI v LVA T-30m   missing_job_did_not_run    no base record for ANY game on 2026-08-01 at T-30m
  2026-08-01 PHX v NYL T-24h   missing_job_did_not_run    no base record for ANY game on 2026-08-01 at T-24h
  2026-08-01 PHX v NYL T-8h    missing_job_did_not_run    no base record for ANY game on 2026-08-01 at T-8h
  2026-08-01 PHX v NYL T-30m   missing_job_did_not_run    no base record for ANY game on 2026-08-01 at T-30m
  2026-08-02 DAL v CON T-24h   missing_job_did_not_run    no base record for ANY game on 2026-08-02 at T-24h
  2026-08-02 DAL v CON T-8h    missing_job_did_not_run    no base record for ANY game on 2026-08-02 at T-8h
  2026-08-02 DAL v CON T-90m   missing_job_did_not_run    no base record for ANY game on 2026-08-02 at T-90m
  2026-08-02 DAL v CON T-30m   missing_job_did_not_run    no base record for ANY game on 2026-08-02 at T-30m
  2026-08-02 GSV v TOR T-24h   missing_job_did_not_run    no base record for ANY game on 2026-08-02 at T-24h
  2026-08-02 GSV v TOR T-8h    missing_job_did_not_run    no base record for ANY game on 2026-08-02 at T-8h
  2026-08-02 GSV v TOR T-90m   missing_job_did_not_run    no base record for ANY game on 2026-08-02 at T-90m
  2026-08-02 GSV v TOR T-30m   missing_job_did_not_run    no base record for ANY game on 2026-08-02 at T-30m
  2026-08-02 MIN v IND T-24h   missing_job_did_not_run    no base record for ANY game on 2026-08-02 at T-24h
  2026-08-02 MIN v IND T-8h    missing_job_did_not_run    no base record for ANY game on 2026-08-02 at T-8h
  2026-08-02 MIN v IND T-90m   missing_job_did_not_run    no base record for ANY game on 2026-08-02 at T-90m
  2026-08-02 MIN v IND T-30m   missing_job_did_not_run    no base record for ANY game on 2026-08-02 at T-30m
  2026-08-02 PDX v LAS T-24h   missing_job_did_not_run    no base record for ANY game on 2026-08-02 at T-24h
  2026-08-02 PDX v LAS T-8h    missing_job_did_not_run    no base record for ANY game on 2026-08-02 at T-8h
  2026-08-02 PDX v LAS T-90m   missing_job_did_not_run    no base record for ANY game on 2026-08-02 at T-90m
  2026-08-02 PDX v LAS T-30m   missing_job_did_not_run    no base record for ANY game on 2026-08-02 at T-30m
  2026-08-03 NYL v SEA T-24h   missing_job_did_not_run    no base record for ANY game on 2026-08-03 at T-24h
  2026-08-03 NYL v SEA T-30m   late_record                created 2026-08-03T22:45:08.958486+00:00 after cutoff
  2026-08-03 ATL v LVA T-24h   missing_job_did_not_run    no base record for ANY game on 2026-08-03 at T-24h
  2026-08-03 ATL v LVA T-30m   late_record                created 2026-08-03T22:45:08.976775+00:00 after cutoff
  2026-08-03 CHI v PHX T-24h   missing_job_did_not_run    no base record for ANY game on 2026-08-03 at T-24h
  2026-08-03 CHI v PHX T-30m   missing_data_unavailable   job served 2 other game(s) on 2026-08-03 at T-30m
  2026-08-04 GSV v TOR T-24h   missing_job_did_not_run    no base record for ANY game on 2026-08-04 at T-24h

wrote forecasts/coverage_audit.csv and forecasts/coverage_receipt.json
[audit] exit=0 
==== Tue 08/04/2026  7:00:02.98 ==== 
[gate] 2026-08-04T11:00:03.627251+00:00  fire=False  -- no unserved obligation inside its 20-minute lead window
[gate] skipping the base job
[base] skipped - no unserved obligation in its lead window 
[base] exit=0 
================================================================================================
PROSPECTIVE PAIR RUNNER  2026-08-04T11:00:04.503227+00:00  model=ridge_score_level_w2c1_v1 hash=5d295bb8b99cd34e
================================================================================================
base records in official chain: 22
  late_prevented #0 ATL v SEA @ T-8h                cutoff 2026-07-31T15:35:00+00:00 already passed at 2026-08-0
  late_prevented #1 WAS v DAL @ T-8h                cutoff 2026-07-31T15:35:00+00:00 already passed at 2026-08-0
  late_prevented #2 PDX v IND @ T-8h                cutoff 2026-07-31T18:06:00+00:00 already passed at 2026-08-0
  late_prevented #3 ATL v SEA @ T-30m               cutoff 2026-07-31T23:05:00+00:00 already passed at 2026-08-0
  late_prevented #4 WAS v DAL @ T-30m               cutoff 2026-07-31T23:05:00+00:00 already passed at 2026-08-0
  late_prevented #5 PDX v IND @ T-90m               cutoff 2026-08-01T00:36:00+00:00 already passed at 2026-08-0
  late_prevented #6 CHI v LVA @ T-90m               cutoff 2026-08-01T15:35:00+00:00 already passed at 2026-08-0
  late_prevented #7 PHX v NYL @ T-90m               cutoff 2026-08-01T17:34:00+00:00 already passed at 2026-08-0
  skip           #8 CHI v LVA @ unknown-tip         base record is an explicit no-forecast; nothing to pair
  skip           #9 PHX v NYL @ unknown-tip         base record is an explicit no-forecast; nothing to pair
  late_prevented #10 NYL v SEA @ T-8h               cutoff 2026-08-03T15:04:00+00:00 already passed at 2026-08-0
  late_prevented #11 ATL v LVA @ T-8h               cutoff 2026-08-03T15:14:00+00:00 already passed at 2026-08-0
  late_prevented #12 CHI v PHX @ T-8h               cutoff 2026-08-03T17:08:00+00:00 already passed at 2026-08-0
  already_logged #13 NYL v SEA @ T-90m              idempotent: pair exists
  already_logged #14 ATL v LVA @ T-90m              idempotent: pair exists
  already_logged #15 CHI v PHX @ T-90m              idempotent: pair exists
  already_logged #16 NYL v SEA @ T-90m              idempotent: pair exists
  already_logged #17 ATL v LVA @ T-90m              idempotent: pair exists
  already_logged #18 CHI v PHX @ T-90m              idempotent: pair exists
  late_prevented #19 NYL v SEA @ T-30m              cutoff 2026-08-03T22:34:00+00:00 already passed at 2026-08-0
  late_prevented #20 ATL v LVA @ T-30m              cutoff 2026-08-03T22:44:00+00:00 already passed at 2026-08-0
  already_logged #21 CHI v PHX @ T-90m              idempotent: pair exists

  already_logged=7, late_prevented=13, skip=2
  arm chain: ok=True n=3 tip=ec597f6077f3ad76
  receipt appended to prospective_pair_runs.jsonl
[arm] exit=0 
====================================================================================================
FORECAST COVERAGE AUDIT   generated 2026-08-04T11:00:05.407020+00:00
====================================================================================================

CUMULATIVE by classification
  missing_job_did_not_run      26
  before_period_start          15
  forecast_logged              14
  not_yet_due                  11
  missing_data_unavailable     4
  late_record                  2

  obligations 72 | due 46 | served 14 | coverage 30.4%
  operational misses 26 | unexplained 0
  PROMOTION-GRADE: NO   (needs >= 95% served, <= 0 operational misses, all explained)

DAILY
  date         oblig  served     due     excl    opmiss arm_recs
  2026-07-30      12       0       0       12         0        0
  2026-07-31      12       6       9        3         0        0
  2026-08-01       8       2       8        0         6        0
  2026-08-02      16       0      16        0        16        0
  2026-08-03      12       6      12        0         3        3
  2026-08-04       4       0       1        3         1        0
  2026-08-05       8       0       0        8         0        0

EVERY MISSING OR IRREGULAR OBLIGATION (each must carry an explanation)
  2026-07-31 ATL v SEA T-90m   missing_data_unavailable   job served 1 other game(s) on 2026-07-31 at T-90m
  2026-07-31 WAS v DAL T-90m   missing_data_unavailable   job served 1 other game(s) on 2026-07-31 at T-90m
  2026-07-31 PDX v IND T-30m   missing_data_unavailable   job served 2 other game(s) on 2026-07-31 at T-30m
  2026-08-01 CHI v LVA T-24h   missing_job_did_not_run    no base record for ANY game on 2026-08-01 at T-24h
  2026-08-01 CHI v LVA T-8h    missing_job_did_not_run    no base record for ANY game on 2026-08-01 at T-8h
  2026-08-01 CHI v LVA T-30m   missing_job_did_not_run    no base record for ANY game on 2026-08-01 at T-30m
  2026-08-01 PHX v NYL T-24h   missing_job_did_not_run    no base record for ANY game on 2026-08-01 at T-24h
  2026-08-01 PHX v NYL T-8h    missing_job_did_not_run    no base record for ANY game on 2026-08-01 at T-8h
  2026-08-01 PHX v NYL T-30m   missing_job_did_not_run    no base record for ANY game on 2026-08-01 at T-30m
  2026-08-02 DAL v CON T-24h   missing_job_did_not_run    no base record for ANY game on 2026-08-02 at T-24h
  2026-08-02 DAL v CON T-8h    missing_job_did_not_run    no base record for ANY game on 2026-08-02 at T-8h
  2026-08-02 DAL v CON T-90m   missing_job_did_not_run    no base record for ANY game on 2026-08-02 at T-90m
  2026-08-02 DAL v CON T-30m   missing_job_did_not_run    no base record for ANY game on 2026-08-02 at T-30m
  2026-08-02 GSV v TOR T-24h   missing_job_did_not_run    no base record for ANY game on 2026-08-02 at T-24h
  2026-08-02 GSV v TOR T-8h    missing_job_did_not_run    no base record for ANY game on 2026-08-02 at T-8h
  2026-08-02 GSV v TOR T-90m   missing_job_did_not_run    no base record for ANY game on 2026-08-02 at T-90m
  2026-08-02 GSV v TOR T-30m   missing_job_did_not_run    no base record for ANY game on 2026-08-02 at T-30m
  2026-08-02 MIN v IND T-24h   missing_job_did_not_run    no base record for ANY game on 2026-08-02 at T-24h
  2026-08-02 MIN v IND T-8h    missing_job_did_not_run    no base record for ANY game on 2026-08-02 at T-8h
  2026-08-02 MIN v IND T-90m   missing_job_did_not_run    no base record for ANY game on 2026-08-02 at T-90m
  2026-08-02 MIN v IND T-30m   missing_job_did_not_run    no base record for ANY game on 2026-08-02 at T-30m
  2026-08-02 PDX v LAS T-24h   missing_job_did_not_run    no base record for ANY game on 2026-08-02 at T-24h
  2026-08-02 PDX v LAS T-8h    missing_job_did_not_run    no base record for ANY game on 2026-08-02 at T-8h
  2026-08-02 PDX v LAS T-90m   missing_job_did_not_run    no base record for ANY game on 2026-08-02 at T-90m
  2026-08-02 PDX v LAS T-30m   missing_job_did_not_run    no base record for ANY game on 2026-08-02 at T-30m
  2026-08-03 NYL v SEA T-24h   missing_job_did_not_run    no base record for ANY game on 2026-08-03 at T-24h
  2026-08-03 NYL v SEA T-30m   late_record                created 2026-08-03T22:45:08.958486+00:00 after cutoff
  2026-08-03 ATL v LVA T-24h   missing_job_did_not_run    no base record for ANY game on 2026-08-03 at T-24h
  2026-08-03 ATL v LVA T-30m   late_record                created 2026-08-03T22:45:08.976775+00:00 after cutoff
  2026-08-03 CHI v PHX T-24h   missing_job_did_not_run    no base record for ANY game on 2026-08-03 at T-24h
  2026-08-03 CHI v PHX T-30m   missing_data_unavailable   job served 2 other game(s) on 2026-08-03 at T-30m
  2026-08-04 GSV v TOR T-24h   missing_job_did_not_run    no base record for ANY game on 2026-08-04 at T-24h

wrote forecasts/coverage_audit.csv and forecasts/coverage_receipt.json
[audit] exit=0 
==== Tue 08/04/2026  7:15:03.11 ==== 
[gate] 2026-08-04T11:15:06.561327+00:00  fire=False  -- no unserved obligation inside its 20-minute lead window
[gate] skipping the base job
[base] skipped - no unserved obligation in its lead window 
[base] exit=0 
================================================================================================
PROSPECTIVE PAIR RUNNER  2026-08-04T11:15:08.811076+00:00  model=ridge_score_level_w2c1_v1 hash=5d295bb8b99cd34e
================================================================================================
base records in official chain: 22
  late_prevented #0 ATL v SEA @ T-8h                cutoff 2026-07-31T15:35:00+00:00 already passed at 2026-08-0
  late_prevented #1 WAS v DAL @ T-8h                cutoff 2026-07-31T15:35:00+00:00 already passed at 2026-08-0
  late_prevented #2 PDX v IND @ T-8h                cutoff 2026-07-31T18:06:00+00:00 already passed at 2026-08-0
  late_prevented #3 ATL v SEA @ T-30m               cutoff 2026-07-31T23:05:00+00:00 already passed at 2026-08-0
  late_prevented #4 WAS v DAL @ T-30m               cutoff 2026-07-31T23:05:00+00:00 already passed at 2026-08-0
  late_prevented #5 PDX v IND @ T-90m               cutoff 2026-08-01T00:36:00+00:00 already passed at 2026-08-0
  late_prevented #6 CHI v LVA @ T-90m               cutoff 2026-08-01T15:35:00+00:00 already passed at 2026-08-0
  late_prevented #7 PHX v NYL @ T-90m               cutoff 2026-08-01T17:34:00+00:00 already passed at 2026-08-0
  skip           #8 CHI v LVA @ unknown-tip         base record is an explicit no-forecast; nothing to pair
  skip           #9 PHX v NYL @ unknown-tip         base record is an explicit no-forecast; nothing to pair
  late_prevented #10 NYL v SEA @ T-8h               cutoff 2026-08-03T15:04:00+00:00 already passed at 2026-08-0
  late_prevented #11 ATL v LVA @ T-8h               cutoff 2026-08-03T15:14:00+00:00 already passed at 2026-08-0
  late_prevented #12 CHI v PHX @ T-8h               cutoff 2026-08-03T17:08:00+00:00 already passed at 2026-08-0
  already_logged #13 NYL v SEA @ T-90m              idempotent: pair exists
  already_logged #14 ATL v LVA @ T-90m              idempotent: pair exists
  already_logged #15 CHI v PHX @ T-90m              idempotent: pair exists
  already_logged #16 NYL v SEA @ T-90m              idempotent: pair exists
  already_logged #17 ATL v LVA @ T-90m              idempotent: pair exists
  already_logged #18 CHI v PHX @ T-90m              idempotent: pair exists
  late_prevented #19 NYL v SEA @ T-30m              cutoff 2026-08-03T22:34:00+00:00 already passed at 2026-08-0
  late_prevented #20 ATL v LVA @ T-30m              cutoff 2026-08-03T22:44:00+00:00 already passed at 2026-08-0
  already_logged #21 CHI v PHX @ T-90m              idempotent: pair exists

  already_logged=7, late_prevented=13, skip=2
  arm chain: ok=True n=3 tip=ec597f6077f3ad76
  receipt appended to prospective_pair_runs.jsonl
[arm] exit=0 
====================================================================================================
FORECAST COVERAGE AUDIT   generated 2026-08-04T11:15:09.758325+00:00
====================================================================================================

CUMULATIVE by classification
  missing_job_did_not_run      26
  before_period_start          15
  forecast_logged              14
  not_yet_due                  11
  missing_data_unavailable     4
  late_record                  2

  obligations 72 | due 46 | served 14 | coverage 30.4%
  operational misses 26 | unexplained 0
  PROMOTION-GRADE: NO   (needs >= 95% served, <= 0 operational misses, all explained)

DAILY
  date         oblig  served     due     excl    opmiss arm_recs
  2026-07-30      12       0       0       12         0        0
  2026-07-31      12       6       9        3         0        0
  2026-08-01       8       2       8        0         6        0
  2026-08-02      16       0      16        0        16        0
  2026-08-03      12       6      12        0         3        3
  2026-08-04       4       0       1        3         1        0
  2026-08-05       8       0       0        8         0        0

EVERY MISSING OR IRREGULAR OBLIGATION (each must carry an explanation)
  2026-07-31 ATL v SEA T-90m   missing_data_unavailable   job served 1 other game(s) on 2026-07-31 at T-90m
  2026-07-31 WAS v DAL T-90m   missing_data_unavailable   job served 1 other game(s) on 2026-07-31 at T-90m
  2026-07-31 PDX v IND T-30m   missing_data_unavailable   job served 2 other game(s) on 2026-07-31 at T-30m
  2026-08-01 CHI v LVA T-24h   missing_job_did_not_run    no base record for ANY game on 2026-08-01 at T-24h
  2026-08-01 CHI v LVA T-8h    missing_job_did_not_run    no base record for ANY game on 2026-08-01 at T-8h
  2026-08-01 CHI v LVA T-30m   missing_job_did_not_run    no base record for ANY game on 2026-08-01 at T-30m
  2026-08-01 PHX v NYL T-24h   missing_job_did_not_run    no base record for ANY game on 2026-08-01 at T-24h
  2026-08-01 PHX v NYL T-8h    missing_job_did_not_run    no base record for ANY game on 2026-08-01 at T-8h
  2026-08-01 PHX v NYL T-30m   missing_job_did_not_run    no base record for ANY game on 2026-08-01 at T-30m
  2026-08-02 DAL v CON T-24h   missing_job_did_not_run    no base record for ANY game on 2026-08-02 at T-24h
  2026-08-02 DAL v CON T-8h    missing_job_did_not_run    no base record for ANY game on 2026-08-02 at T-8h
  2026-08-02 DAL v CON T-90m   missing_job_did_not_run    no base record for ANY game on 2026-08-02 at T-90m
  2026-08-02 DAL v CON T-30m   missing_job_did_not_run    no base record for ANY game on 2026-08-02 at T-30m
  2026-08-02 GSV v TOR T-24h   missing_job_did_not_run    no base record for ANY game on 2026-08-02 at T-24h
  2026-08-02 GSV v TOR T-8h    missing_job_did_not_run    no base record for ANY game on 2026-08-02 at T-8h
  2026-08-02 GSV v TOR T-90m   missing_job_did_not_run    no base record for ANY game on 2026-08-02 at T-90m
  2026-08-02 GSV v TOR T-30m   missing_job_did_not_run    no base record for ANY game on 2026-08-02 at T-30m
  2026-08-02 MIN v IND T-24h   missing_job_did_not_run    no base record for ANY game on 2026-08-02 at T-24h
  2026-08-02 MIN v IND T-8h    missing_job_did_not_run    no base record for ANY game on 2026-08-02 at T-8h
  2026-08-02 MIN v IND T-90m   missing_job_did_not_run    no base record for ANY game on 2026-08-02 at T-90m
  2026-08-02 MIN v IND T-30m   missing_job_did_not_run    no base record for ANY game on 2026-08-02 at T-30m
  2026-08-02 PDX v LAS T-24h   missing_job_did_not_run    no base record for ANY game on 2026-08-02 at T-24h
  2026-08-02 PDX v LAS T-8h    missing_job_did_not_run    no base record for ANY game on 2026-08-02 at T-8h
  2026-08-02 PDX v LAS T-90m   missing_job_did_not_run    no base record for ANY game on 2026-08-02 at T-90m
  2026-08-02 PDX v LAS T-30m   missing_job_did_not_run    no base record for ANY game on 2026-08-02 at T-30m
  2026-08-03 NYL v SEA T-24h   missing_job_did_not_run    no base record for ANY game on 2026-08-03 at T-24h
  2026-08-03 NYL v SEA T-30m   late_record                created 2026-08-03T22:45:08.958486+00:00 after cutoff
  2026-08-03 ATL v LVA T-24h   missing_job_did_not_run    no base record for ANY game on 2026-08-03 at T-24h
  2026-08-03 ATL v LVA T-30m   late_record                created 2026-08-03T22:45:08.976775+00:00 after cutoff
  2026-08-03 CHI v PHX T-24h   missing_job_did_not_run    no base record for ANY game on 2026-08-03 at T-24h
  2026-08-03 CHI v PHX T-30m   missing_data_unavailable   job served 2 other game(s) on 2026-08-03 at T-30m
  2026-08-04 GSV v TOR T-24h   missing_job_did_not_run    no base record for ANY game on 2026-08-04 at T-24h

wrote forecasts/coverage_audit.csv and forecasts/coverage_receipt.json
[audit] exit=0 
==== Tue 08/04/2026  7:30:03.41 ==== 
[gate] 2026-08-04T11:30:04.280405+00:00  fire=False  -- no unserved obligation inside its 20-minute lead window
[gate] skipping the base job
[base] skipped - no unserved obligation in its lead window 
[base] exit=0 
================================================================================================
PROSPECTIVE PAIR RUNNER  2026-08-04T11:30:05.766117+00:00  model=ridge_score_level_w2c1_v1 hash=5d295bb8b99cd34e
================================================================================================
base records in official chain: 22
  late_prevented #0 ATL v SEA @ T-8h                cutoff 2026-07-31T15:35:00+00:00 already passed at 2026-08-0
  late_prevented #1 WAS v DAL @ T-8h                cutoff 2026-07-31T15:35:00+00:00 already passed at 2026-08-0
  late_prevented #2 PDX v IND @ T-8h                cutoff 2026-07-31T18:06:00+00:00 already passed at 2026-08-0
  late_prevented #3 ATL v SEA @ T-30m               cutoff 2026-07-31T23:05:00+00:00 already passed at 2026-08-0
  late_prevented #4 WAS v DAL @ T-30m               cutoff 2026-07-31T23:05:00+00:00 already passed at 2026-08-0
  late_prevented #5 PDX v IND @ T-90m               cutoff 2026-08-01T00:36:00+00:00 already passed at 2026-08-0
  late_prevented #6 CHI v LVA @ T-90m               cutoff 2026-08-01T15:35:00+00:00 already passed at 2026-08-0
  late_prevented #7 PHX v NYL @ T-90m               cutoff 2026-08-01T17:34:00+00:00 already passed at 2026-08-0
  skip           #8 CHI v LVA @ unknown-tip         base record is an explicit no-forecast; nothing to pair
  skip           #9 PHX v NYL @ unknown-tip         base record is an explicit no-forecast; nothing to pair
  late_prevented #10 NYL v SEA @ T-8h               cutoff 2026-08-03T15:04:00+00:00 already passed at 2026-08-0
  late_prevented #11 ATL v LVA @ T-8h               cutoff 2026-08-03T15:14:00+00:00 already passed at 2026-08-0
  late_prevented #12 CHI v PHX @ T-8h               cutoff 2026-08-03T17:08:00+00:00 already passed at 2026-08-0
  already_logged #13 NYL v SEA @ T-90m              idempotent: pair exists
  already_logged #14 ATL v LVA @ T-90m              idempotent: pair exists
  already_logged #15 CHI v PHX @ T-90m              idempotent: pair exists
  already_logged #16 NYL v SEA @ T-90m              idempotent: pair exists
  already_logged #17 ATL v LVA @ T-90m              idempotent: pair exists
  already_logged #18 CHI v PHX @ T-90m              idempotent: pair exists
  late_prevented #19 NYL v SEA @ T-30m              cutoff 2026-08-03T22:34:00+00:00 already passed at 2026-08-0
  late_prevented #20 ATL v LVA @ T-30m              cutoff 2026-08-03T22:44:00+00:00 already passed at 2026-08-0
  already_logged #21 CHI v PHX @ T-90m              idempotent: pair exists

  already_logged=7, late_prevented=13, skip=2
  arm chain: ok=True n=3 tip=ec597f6077f3ad76
  receipt appended to prospective_pair_runs.jsonl
[arm] exit=0 
====================================================================================================
FORECAST COVERAGE AUDIT   generated 2026-08-04T11:30:07.029820+00:00
====================================================================================================

CUMULATIVE by classification
  missing_job_did_not_run      26
  before_period_start          15
  forecast_logged              14
  not_yet_due                  11
  missing_data_unavailable     4
  late_record                  2

  obligations 72 | due 46 | served 14 | coverage 30.4%
  operational misses 26 | unexplained 0
  PROMOTION-GRADE: NO   (needs >= 95% served, <= 0 operational misses, all explained)

DAILY
  date         oblig  served     due     excl    opmiss arm_recs
  2026-07-30      12       0       0       12         0        0
  2026-07-31      12       6       9        3         0        0
  2026-08-01       8       2       8        0         6        0
  2026-08-02      16       0      16        0        16        0
  2026-08-03      12       6      12        0         3        3
  2026-08-04       4       0       1        3         1        0
  2026-08-05       8       0       0        8         0        0

EVERY MISSING OR IRREGULAR OBLIGATION (each must carry an explanation)
  2026-07-31 ATL v SEA T-90m   missing_data_unavailable   job served 1 other game(s) on 2026-07-31 at T-90m
  2026-07-31 WAS v DAL T-90m   missing_data_unavailable   job served 1 other game(s) on 2026-07-31 at T-90m
  2026-07-31 PDX v IND T-30m   missing_data_unavailable   job served 2 other game(s) on 2026-07-31 at T-30m
  2026-08-01 CHI v LVA T-24h   missing_job_did_not_run    no base record for ANY game on 2026-08-01 at T-24h
  2026-08-01 CHI v LVA T-8h    missing_job_did_not_run    no base record for ANY game on 2026-08-01 at T-8h
  2026-08-01 CHI v LVA T-30m   missing_job_did_not_run    no base record for ANY game on 2026-08-01 at T-30m
  2026-08-01 PHX v NYL T-24h   missing_job_did_not_run    no base record for ANY game on 2026-08-01 at T-24h
  2026-08-01 PHX v NYL T-8h    missing_job_did_not_run    no base record for ANY game on 2026-08-01 at T-8h
  2026-08-01 PHX v NYL T-30m   missing_job_did_not_run    no base record for ANY game on 2026-08-01 at T-30m
  2026-08-02 DAL v CON T-24h   missing_job_did_not_run    no base record for ANY game on 2026-08-02 at T-24h
  2026-08-02 DAL v CON T-8h    missing_job_did_not_run    no base record for ANY game on 2026-08-02 at T-8h
  2026-08-02 DAL v CON T-90m   missing_job_did_not_run    no base record for ANY game on 2026-08-02 at T-90m
  2026-08-02 DAL v CON T-30m   missing_job_did_not_run    no base record for ANY game on 2026-08-02 at T-30m
  2026-08-02 GSV v TOR T-24h   missing_job_did_not_run    no base record for ANY game on 2026-08-02 at T-24h
  2026-08-02 GSV v TOR T-8h    missing_job_did_not_run    no base record for ANY game on 2026-08-02 at T-8h
  2026-08-02 GSV v TOR T-90m   missing_job_did_not_run    no base record for ANY game on 2026-08-02 at T-90m
  2026-08-02 GSV v TOR T-30m   missing_job_did_not_run    no base record for ANY game on 2026-08-02 at T-30m
  2026-08-02 MIN v IND T-24h   missing_job_did_not_run    no base record for ANY game on 2026-08-02 at T-24h
  2026-08-02 MIN v IND T-8h    missing_job_did_not_run    no base record for ANY game on 2026-08-02 at T-8h
  2026-08-02 MIN v IND T-90m   missing_job_did_not_run    no base record for ANY game on 2026-08-02 at T-90m
  2026-08-02 MIN v IND T-30m   missing_job_did_not_run    no base record for ANY game on 2026-08-02 at T-30m
  2026-08-02 PDX v LAS T-24h   missing_job_did_not_run    no base record for ANY game on 2026-08-02 at T-24h
  2026-08-02 PDX v LAS T-8h    missing_job_did_not_run    no base record for ANY game on 2026-08-02 at T-8h
  2026-08-02 PDX v LAS T-90m   missing_job_did_not_run    no base record for ANY game on 2026-08-02 at T-90m
  2026-08-02 PDX v LAS T-30m   missing_job_did_not_run    no base record for ANY game on 2026-08-02 at T-30m
  2026-08-03 NYL v SEA T-24h   missing_job_did_not_run    no base record for ANY game on 2026-08-03 at T-24h
  2026-08-03 NYL v SEA T-30m   late_record                created 2026-08-03T22:45:08.958486+00:00 after cutoff
  2026-08-03 ATL v LVA T-24h   missing_job_did_not_run    no base record for ANY game on 2026-08-03 at T-24h
  2026-08-03 ATL v LVA T-30m   late_record                created 2026-08-03T22:45:08.976775+00:00 after cutoff
  2026-08-03 CHI v PHX T-24h   missing_job_did_not_run    no base record for ANY game on 2026-08-03 at T-24h
  2026-08-03 CHI v PHX T-30m   missing_data_unavailable   job served 2 other game(s) on 2026-08-03 at T-30m
  2026-08-04 GSV v TOR T-24h   missing_job_did_not_run    no base record for ANY game on 2026-08-04 at T-24h

wrote forecasts/coverage_audit.csv and forecasts/coverage_receipt.json
[audit] exit=0 
==== Tue 08/04/2026  7:45:03.06 ==== 
[gate] 2026-08-04T11:45:03.689987+00:00  fire=False  -- no unserved obligation inside its 20-minute lead window
[gate] skipping the base job
[base] skipped - no unserved obligation in its lead window 
[base] exit=0 
================================================================================================
PROSPECTIVE PAIR RUNNER  2026-08-04T11:45:04.561479+00:00  model=ridge_score_level_w2c1_v1 hash=5d295bb8b99cd34e
================================================================================================
base records in official chain: 22
  late_prevented #0 ATL v SEA @ T-8h                cutoff 2026-07-31T15:35:00+00:00 already passed at 2026-08-0
  late_prevented #1 WAS v DAL @ T-8h                cutoff 2026-07-31T15:35:00+00:00 already passed at 2026-08-0
  late_prevented #2 PDX v IND @ T-8h                cutoff 2026-07-31T18:06:00+00:00 already passed at 2026-08-0
  late_prevented #3 ATL v SEA @ T-30m               cutoff 2026-07-31T23:05:00+00:00 already passed at 2026-08-0
  late_prevented #4 WAS v DAL @ T-30m               cutoff 2026-07-31T23:05:00+00:00 already passed at 2026-08-0
  late_prevented #5 PDX v IND @ T-90m               cutoff 2026-08-01T00:36:00+00:00 already passed at 2026-08-0
  late_prevented #6 CHI v LVA @ T-90m               cutoff 2026-08-01T15:35:00+00:00 already passed at 2026-08-0
  late_prevented #7 PHX v NYL @ T-90m               cutoff 2026-08-01T17:34:00+00:00 already passed at 2026-08-0
  skip           #8 CHI v LVA @ unknown-tip         base record is an explicit no-forecast; nothing to pair
  skip           #9 PHX v NYL @ unknown-tip         base record is an explicit no-forecast; nothing to pair
  late_prevented #10 NYL v SEA @ T-8h               cutoff 2026-08-03T15:04:00+00:00 already passed at 2026-08-0
  late_prevented #11 ATL v LVA @ T-8h               cutoff 2026-08-03T15:14:00+00:00 already passed at 2026-08-0
  late_prevented #12 CHI v PHX @ T-8h               cutoff 2026-08-03T17:08:00+00:00 already passed at 2026-08-0
  already_logged #13 NYL v SEA @ T-90m              idempotent: pair exists
  already_logged #14 ATL v LVA @ T-90m              idempotent: pair exists
  already_logged #15 CHI v PHX @ T-90m              idempotent: pair exists
  already_logged #16 NYL v SEA @ T-90m              idempotent: pair exists
  already_logged #17 ATL v LVA @ T-90m              idempotent: pair exists
  already_logged #18 CHI v PHX @ T-90m              idempotent: pair exists
  late_prevented #19 NYL v SEA @ T-30m              cutoff 2026-08-03T22:34:00+00:00 already passed at 2026-08-0
  late_prevented #20 ATL v LVA @ T-30m              cutoff 2026-08-03T22:44:00+00:00 already passed at 2026-08-0
  already_logged #21 CHI v PHX @ T-90m              idempotent: pair exists

  already_logged=7, late_prevented=13, skip=2
  arm chain: ok=True n=3 tip=ec597f6077f3ad76
  receipt appended to prospective_pair_runs.jsonl
[arm] exit=0 
====================================================================================================
FORECAST COVERAGE AUDIT   generated 2026-08-04T11:45:05.476341+00:00
====================================================================================================

CUMULATIVE by classification
  missing_job_did_not_run      26
  before_period_start          15
  forecast_logged              14
  not_yet_due                  11
  missing_data_unavailable     4
  late_record                  2

  obligations 72 | due 46 | served 14 | coverage 30.4%
  operational misses 26 | unexplained 0
  PROMOTION-GRADE: NO   (needs >= 95% served, <= 0 operational misses, all explained)

DAILY
  date         oblig  served     due     excl    opmiss arm_recs
  2026-07-30      12       0       0       12         0        0
  2026-07-31      12       6       9        3         0        0
  2026-08-01       8       2       8        0         6        0
  2026-08-02      16       0      16        0        16        0
  2026-08-03      12       6      12        0         3        3
  2026-08-04       4       0       1        3         1        0
  2026-08-05       8       0       0        8         0        0

EVERY MISSING OR IRREGULAR OBLIGATION (each must carry an explanation)
  2026-07-31 ATL v SEA T-90m   missing_data_unavailable   job served 1 other game(s) on 2026-07-31 at T-90m
  2026-07-31 WAS v DAL T-90m   missing_data_unavailable   job served 1 other game(s) on 2026-07-31 at T-90m
  2026-07-31 PDX v IND T-30m   missing_data_unavailable   job served 2 other game(s) on 2026-07-31 at T-30m
  2026-08-01 CHI v LVA T-24h   missing_job_did_not_run    no base record for ANY game on 2026-08-01 at T-24h
  2026-08-01 CHI v LVA T-8h    missing_job_did_not_run    no base record for ANY game on 2026-08-01 at T-8h
  2026-08-01 CHI v LVA T-30m   missing_job_did_not_run    no base record for ANY game on 2026-08-01 at T-30m
  2026-08-01 PHX v NYL T-24h   missing_job_did_not_run    no base record for ANY game on 2026-08-01 at T-24h
  2026-08-01 PHX v NYL T-8h    missing_job_did_not_run    no base record for ANY game on 2026-08-01 at T-8h
  2026-08-01 PHX v NYL T-30m   missing_job_did_not_run    no base record for ANY game on 2026-08-01 at T-30m
  2026-08-02 DAL v CON T-24h   missing_job_did_not_run    no base record for ANY game on 2026-08-02 at T-24h
  2026-08-02 DAL v CON T-8h    missing_job_did_not_run    no base record for ANY game on 2026-08-02 at T-8h
  2026-08-02 DAL v CON T-90m   missing_job_did_not_run    no base record for ANY game on 2026-08-02 at T-90m
  2026-08-02 DAL v CON T-30m   missing_job_did_not_run    no base record for ANY game on 2026-08-02 at T-30m
  2026-08-02 GSV v TOR T-24h   missing_job_did_not_run    no base record for ANY game on 2026-08-02 at T-24h
  2026-08-02 GSV v TOR T-8h    missing_job_did_not_run    no base record for ANY game on 2026-08-02 at T-8h
  2026-08-02 GSV v TOR T-90m   missing_job_did_not_run    no base record for ANY game on 2026-08-02 at T-90m
  2026-08-02 GSV v TOR T-30m   missing_job_did_not_run    no base record for ANY game on 2026-08-02 at T-30m
  2026-08-02 MIN v IND T-24h   missing_job_did_not_run    no base record for ANY game on 2026-08-02 at T-24h
  2026-08-02 MIN v IND T-8h    missing_job_did_not_run    no base record for ANY game on 2026-08-02 at T-8h
  2026-08-02 MIN v IND T-90m   missing_job_did_not_run    no base record for ANY game on 2026-08-02 at T-90m
  2026-08-02 MIN v IND T-30m   missing_job_did_not_run    no base record for ANY game on 2026-08-02 at T-30m
  2026-08-02 PDX v LAS T-24h   missing_job_did_not_run    no base record for ANY game on 2026-08-02 at T-24h
  2026-08-02 PDX v LAS T-8h    missing_job_did_not_run    no base record for ANY game on 2026-08-02 at T-8h
  2026-08-02 PDX v LAS T-90m   missing_job_did_not_run    no base record for ANY game on 2026-08-02 at T-90m
  2026-08-02 PDX v LAS T-30m   missing_job_did_not_run    no base record for ANY game on 2026-08-02 at T-30m
  2026-08-03 NYL v SEA T-24h   missing_job_did_not_run    no base record for ANY game on 2026-08-03 at T-24h
  2026-08-03 NYL v SEA T-30m   late_record                created 2026-08-03T22:45:08.958486+00:00 after cutoff
  2026-08-03 ATL v LVA T-24h   missing_job_did_not_run    no base record for ANY game on 2026-08-03 at T-24h
  2026-08-03 ATL v LVA T-30m   late_record                created 2026-08-03T22:45:08.976775+00:00 after cutoff
  2026-08-03 CHI v PHX T-24h   missing_job_did_not_run    no base record for ANY game on 2026-08-03 at T-24h
  2026-08-03 CHI v PHX T-30m   missing_data_unavailable   job served 2 other game(s) on 2026-08-03 at T-30m
  2026-08-04 GSV v TOR T-24h   missing_job_did_not_run    no base record for ANY game on 2026-08-04 at T-24h

wrote forecasts/coverage_audit.csv and forecasts/coverage_receipt.json
[audit] exit=0 
==== Tue 08/04/2026  8:00:03.13 ==== 
[gate] 2026-08-04T12:00:06.430164+00:00  fire=False  -- no unserved obligation inside its 20-minute lead window
[gate] skipping the base job
[base] skipped - no unserved obligation in its lead window 
[base] exit=0 
================================================================================================
PROSPECTIVE PAIR RUNNER  2026-08-04T12:00:08.537728+00:00  model=ridge_score_level_w2c1_v1 hash=5d295bb8b99cd34e
================================================================================================
base records in official chain: 22
  late_prevented #0 ATL v SEA @ T-8h                cutoff 2026-07-31T15:35:00+00:00 already passed at 2026-08-0
  late_prevented #1 WAS v DAL @ T-8h                cutoff 2026-07-31T15:35:00+00:00 already passed at 2026-08-0
  late_prevented #2 PDX v IND @ T-8h                cutoff 2026-07-31T18:06:00+00:00 already passed at 2026-08-0
  late_prevented #3 ATL v SEA @ T-30m               cutoff 2026-07-31T23:05:00+00:00 already passed at 2026-08-0
  late_prevented #4 WAS v DAL @ T-30m               cutoff 2026-07-31T23:05:00+00:00 already passed at 2026-08-0
  late_prevented #5 PDX v IND @ T-90m               cutoff 2026-08-01T00:36:00+00:00 already passed at 2026-08-0
  late_prevented #6 CHI v LVA @ T-90m               cutoff 2026-08-01T15:35:00+00:00 already passed at 2026-08-0
  late_prevented #7 PHX v NYL @ T-90m               cutoff 2026-08-01T17:34:00+00:00 already passed at 2026-08-0
  skip           #8 CHI v LVA @ unknown-tip         base record is an explicit no-forecast; nothing to pair
  skip           #9 PHX v NYL @ unknown-tip         base record is an explicit no-forecast; nothing to pair
  late_prevented #10 NYL v SEA @ T-8h               cutoff 2026-08-03T15:04:00+00:00 already passed at 2026-08-0
  late_prevented #11 ATL v LVA @ T-8h               cutoff 2026-08-03T15:14:00+00:00 already passed at 2026-08-0
  late_prevented #12 CHI v PHX @ T-8h               cutoff 2026-08-03T17:08:00+00:00 already passed at 2026-08-0
  already_logged #13 NYL v SEA @ T-90m              idempotent: pair exists
  already_logged #14 ATL v LVA @ T-90m              idempotent: pair exists
  already_logged #15 CHI v PHX @ T-90m              idempotent: pair exists
  already_logged #16 NYL v SEA @ T-90m              idempotent: pair exists
  already_logged #17 ATL v LVA @ T-90m              idempotent: pair exists
  already_logged #18 CHI v PHX @ T-90m              idempotent: pair exists
  late_prevented #19 NYL v SEA @ T-30m              cutoff 2026-08-03T22:34:00+00:00 already passed at 2026-08-0
  late_prevented #20 ATL v LVA @ T-30m              cutoff 2026-08-03T22:44:00+00:00 already passed at 2026-08-0
  already_logged #21 CHI v PHX @ T-90m              idempotent: pair exists

  already_logged=7, late_prevented=13, skip=2
  arm chain: ok=True n=3 tip=ec597f6077f3ad76
  receipt appended to prospective_pair_runs.jsonl
[arm] exit=0 
====================================================================================================
FORECAST COVERAGE AUDIT   generated 2026-08-04T12:00:09.431193+00:00
====================================================================================================

CUMULATIVE by classification
  missing_job_did_not_run      26
  before_period_start          15
  forecast_logged              14
  not_yet_due                  11
  missing_data_unavailable     4
  late_record                  2

  obligations 72 | due 46 | served 14 | coverage 30.4%
  operational misses 26 | unexplained 0
  PROMOTION-GRADE: NO   (needs >= 95% served, <= 0 operational misses, all explained)

DAILY
  date         oblig  served     due     excl    opmiss arm_recs
  2026-07-30      12       0       0       12         0        0
  2026-07-31      12       6       9        3         0        0
  2026-08-01       8       2       8        0         6        0
  2026-08-02      16       0      16        0        16        0
  2026-08-03      12       6      12        0         3        3
  2026-08-04       4       0       1        3         1        0
  2026-08-05       8       0       0        8         0        0

EVERY MISSING OR IRREGULAR OBLIGATION (each must carry an explanation)
  2026-07-31 ATL v SEA T-90m   missing_data_unavailable   job served 1 other game(s) on 2026-07-31 at T-90m
  2026-07-31 WAS v DAL T-90m   missing_data_unavailable   job served 1 other game(s) on 2026-07-31 at T-90m
  2026-07-31 PDX v IND T-30m   missing_data_unavailable   job served 2 other game(s) on 2026-07-31 at T-30m
  2026-08-01 CHI v LVA T-24h   missing_job_did_not_run    no base record for ANY game on 2026-08-01 at T-24h
  2026-08-01 CHI v LVA T-8h    missing_job_did_not_run    no base record for ANY game on 2026-08-01 at T-8h
  2026-08-01 CHI v LVA T-30m   missing_job_did_not_run    no base record for ANY game on 2026-08-01 at T-30m
  2026-08-01 PHX v NYL T-24h   missing_job_did_not_run    no base record for ANY game on 2026-08-01 at T-24h
  2026-08-01 PHX v NYL T-8h    missing_job_did_not_run    no base record for ANY game on 2026-08-01 at T-8h
  2026-08-01 PHX v NYL T-30m   missing_job_did_not_run    no base record for ANY game on 2026-08-01 at T-30m
  2026-08-02 DAL v CON T-24h   missing_job_did_not_run    no base record for ANY game on 2026-08-02 at T-24h
  2026-08-02 DAL v CON T-8h    missing_job_did_not_run    no base record for ANY game on 2026-08-02 at T-8h
  2026-08-02 DAL v CON T-90m   missing_job_did_not_run    no base record for ANY game on 2026-08-02 at T-90m
  2026-08-02 DAL v CON T-30m   missing_job_did_not_run    no base record for ANY game on 2026-08-02 at T-30m
  2026-08-02 GSV v TOR T-24h   missing_job_did_not_run    no base record for ANY game on 2026-08-02 at T-24h
  2026-08-02 GSV v TOR T-8h    missing_job_did_not_run    no base record for ANY game on 2026-08-02 at T-8h
  2026-08-02 GSV v TOR T-90m   missing_job_did_not_run    no base record for ANY game on 2026-08-02 at T-90m
  2026-08-02 GSV v TOR T-30m   missing_job_did_not_run    no base record for ANY game on 2026-08-02 at T-30m
  2026-08-02 MIN v IND T-24h   missing_job_did_not_run    no base record for ANY game on 2026-08-02 at T-24h
  2026-08-02 MIN v IND T-8h    missing_job_did_not_run    no base record for ANY game on 2026-08-02 at T-8h
  2026-08-02 MIN v IND T-90m   missing_job_did_not_run    no base record for ANY game on 2026-08-02 at T-90m
  2026-08-02 MIN v IND T-30m   missing_job_did_not_run    no base record for ANY game on 2026-08-02 at T-30m
  2026-08-02 PDX v LAS T-24h   missing_job_did_not_run    no base record for ANY game on 2026-08-02 at T-24h
  2026-08-02 PDX v LAS T-8h    missing_job_did_not_run    no base record for ANY game on 2026-08-02 at T-8h
  2026-08-02 PDX v LAS T-90m   missing_job_did_not_run    no base record for ANY game on 2026-08-02 at T-90m
  2026-08-02 PDX v LAS T-30m   missing_job_did_not_run    no base record for ANY game on 2026-08-02 at T-30m
  2026-08-03 NYL v SEA T-24h   missing_job_did_not_run    no base record for ANY game on 2026-08-03 at T-24h
  2026-08-03 NYL v SEA T-30m   late_record                created 2026-08-03T22:45:08.958486+00:00 after cutoff
  2026-08-03 ATL v LVA T-24h   missing_job_did_not_run    no base record for ANY game on 2026-08-03 at T-24h
  2026-08-03 ATL v LVA T-30m   late_record                created 2026-08-03T22:45:08.976775+00:00 after cutoff
  2026-08-03 CHI v PHX T-24h   missing_job_did_not_run    no base record for ANY game on 2026-08-03 at T-24h
  2026-08-03 CHI v PHX T-30m   missing_data_unavailable   job served 2 other game(s) on 2026-08-03 at T-30m
  2026-08-04 GSV v TOR T-24h   missing_job_did_not_run    no base record for ANY game on 2026-08-04 at T-24h

wrote forecasts/coverage_audit.csv and forecasts/coverage_receipt.json
[audit] exit=0 
==== Tue 08/04/2026  8:15:03.02 ==== 
[gate] 2026-08-04T12:15:06.078382+00:00  fire=False  -- no unserved obligation inside its 20-minute lead window
[gate] skipping the base job
[base] skipped - no unserved obligation in its lead window 
[base] exit=0 
================================================================================================
PROSPECTIVE PAIR RUNNER  2026-08-04T12:15:08.178620+00:00  model=ridge_score_level_w2c1_v1 hash=5d295bb8b99cd34e
================================================================================================
base records in official chain: 22
  late_prevented #0 ATL v SEA @ T-8h                cutoff 2026-07-31T15:35:00+00:00 already passed at 2026-08-0
  late_prevented #1 WAS v DAL @ T-8h                cutoff 2026-07-31T15:35:00+00:00 already passed at 2026-08-0
  late_prevented #2 PDX v IND @ T-8h                cutoff 2026-07-31T18:06:00+00:00 already passed at 2026-08-0
  late_prevented #3 ATL v SEA @ T-30m               cutoff 2026-07-31T23:05:00+00:00 already passed at 2026-08-0
  late_prevented #4 WAS v DAL @ T-30m               cutoff 2026-07-31T23:05:00+00:00 already passed at 2026-08-0
  late_prevented #5 PDX v IND @ T-90m               cutoff 2026-08-01T00:36:00+00:00 already passed at 2026-08-0
  late_prevented #6 CHI v LVA @ T-90m               cutoff 2026-08-01T15:35:00+00:00 already passed at 2026-08-0
  late_prevented #7 PHX v NYL @ T-90m               cutoff 2026-08-01T17:34:00+00:00 already passed at 2026-08-0
  skip           #8 CHI v LVA @ unknown-tip         base record is an explicit no-forecast; nothing to pair
  skip           #9 PHX v NYL @ unknown-tip         base record is an explicit no-forecast; nothing to pair
  late_prevented #10 NYL v SEA @ T-8h               cutoff 2026-08-03T15:04:00+00:00 already passed at 2026-08-0
  late_prevented #11 ATL v LVA @ T-8h               cutoff 2026-08-03T15:14:00+00:00 already passed at 2026-08-0
  late_prevented #12 CHI v PHX @ T-8h               cutoff 2026-08-03T17:08:00+00:00 already passed at 2026-08-0
  already_logged #13 NYL v SEA @ T-90m              idempotent: pair exists
  already_logged #14 ATL v LVA @ T-90m              idempotent: pair exists
  already_logged #15 CHI v PHX @ T-90m              idempotent: pair exists
  already_logged #16 NYL v SEA @ T-90m              idempotent: pair exists
  already_logged #17 ATL v LVA @ T-90m              idempotent: pair exists
  already_logged #18 CHI v PHX @ T-90m              idempotent: pair exists
  late_prevented #19 NYL v SEA @ T-30m              cutoff 2026-08-03T22:34:00+00:00 already passed at 2026-08-0
  late_prevented #20 ATL v LVA @ T-30m              cutoff 2026-08-03T22:44:00+00:00 already passed at 2026-08-0
  already_logged #21 CHI v PHX @ T-90m              idempotent: pair exists

  already_logged=7, late_prevented=13, skip=2
  arm chain: ok=True n=3 tip=ec597f6077f3ad76
  receipt appended to prospective_pair_runs.jsonl
[arm] exit=0 
====================================================================================================
FORECAST COVERAGE AUDIT   generated 2026-08-04T12:15:09.094554+00:00
====================================================================================================

CUMULATIVE by classification
  missing_job_did_not_run      26
  before_period_start          15
  forecast_logged              14
  not_yet_due                  11
  missing_data_unavailable     4
  late_record                  2

  obligations 72 | due 46 | served 14 | coverage 30.4%
  operational misses 26 | unexplained 0
  PROMOTION-GRADE: NO   (needs >= 95% served, <= 0 operational misses, all explained)

DAILY
  date         oblig  served     due     excl    opmiss arm_recs
  2026-07-30      12       0       0       12         0        0
  2026-07-31      12       6       9        3         0        0
  2026-08-01       8       2       8        0         6        0
  2026-08-02      16       0      16        0        16        0
  2026-08-03      12       6      12        0         3        3
  2026-08-04       4       0       1        3         1        0
  2026-08-05       8       0       0        8         0        0

EVERY MISSING OR IRREGULAR OBLIGATION (each must carry an explanation)
  2026-07-31 ATL v SEA T-90m   missing_data_unavailable   job served 1 other game(s) on 2026-07-31 at T-90m
  2026-07-31 WAS v DAL T-90m   missing_data_unavailable   job served 1 other game(s) on 2026-07-31 at T-90m
  2026-07-31 PDX v IND T-30m   missing_data_unavailable   job served 2 other game(s) on 2026-07-31 at T-30m
  2026-08-01 CHI v LVA T-24h   missing_job_did_not_run    no base record for ANY game on 2026-08-01 at T-24h
  2026-08-01 CHI v LVA T-8h    missing_job_did_not_run    no base record for ANY game on 2026-08-01 at T-8h
  2026-08-01 CHI v LVA T-30m   missing_job_did_not_run    no base record for ANY game on 2026-08-01 at T-30m
  2026-08-01 PHX v NYL T-24h   missing_job_did_not_run    no base record for ANY game on 2026-08-01 at T-24h
  2026-08-01 PHX v NYL T-8h    missing_job_did_not_run    no base record for ANY game on 2026-08-01 at T-8h
  2026-08-01 PHX v NYL T-30m   missing_job_did_not_run    no base record for ANY game on 2026-08-01 at T-30m
  2026-08-02 DAL v CON T-24h   missing_job_did_not_run    no base record for ANY game on 2026-08-02 at T-24h
  2026-08-02 DAL v CON T-8h    missing_job_did_not_run    no base record for ANY game on 2026-08-02 at T-8h
  2026-08-02 DAL v CON T-90m   missing_job_did_not_run    no base record for ANY game on 2026-08-02 at T-90m
  2026-08-02 DAL v CON T-30m   missing_job_did_not_run    no base record for ANY game on 2026-08-02 at T-30m
  2026-08-02 GSV v TOR T-24h   missing_job_did_not_run    no base record for ANY game on 2026-08-02 at T-24h
  2026-08-02 GSV v TOR T-8h    missing_job_did_not_run    no base record for ANY game on 2026-08-02 at T-8h
  2026-08-02 GSV v TOR T-90m   missing_job_did_not_run    no base record for ANY game on 2026-08-02 at T-90m
  2026-08-02 GSV v TOR T-30m   missing_job_did_not_run    no base record for ANY game on 2026-08-02 at T-30m
  2026-08-02 MIN v IND T-24h   missing_job_did_not_run    no base record for ANY game on 2026-08-02 at T-24h
  2026-08-02 MIN v IND T-8h    missing_job_did_not_run    no base record for ANY game on 2026-08-02 at T-8h
  2026-08-02 MIN v IND T-90m   missing_job_did_not_run    no base record for ANY game on 2026-08-02 at T-90m
  2026-08-02 MIN v IND T-30m   missing_job_did_not_run    no base record for ANY game on 2026-08-02 at T-30m
  2026-08-02 PDX v LAS T-24h   missing_job_did_not_run    no base record for ANY game on 2026-08-02 at T-24h
  2026-08-02 PDX v LAS T-8h    missing_job_did_not_run    no base record for ANY game on 2026-08-02 at T-8h
  2026-08-02 PDX v LAS T-90m   missing_job_did_not_run    no base record for ANY game on 2026-08-02 at T-90m
  2026-08-02 PDX v LAS T-30m   missing_job_did_not_run    no base record for ANY game on 2026-08-02 at T-30m
  2026-08-03 NYL v SEA T-24h   missing_job_did_not_run    no base record for ANY game on 2026-08-03 at T-24h
  2026-08-03 NYL v SEA T-30m   late_record                created 2026-08-03T22:45:08.958486+00:00 after cutoff
  2026-08-03 ATL v LVA T-24h   missing_job_did_not_run    no base record for ANY game on 2026-08-03 at T-24h
  2026-08-03 ATL v LVA T-30m   late_record                created 2026-08-03T22:45:08.976775+00:00 after cutoff
  2026-08-03 CHI v PHX T-24h   missing_job_did_not_run    no base record for ANY game on 2026-08-03 at T-24h
  2026-08-03 CHI v PHX T-30m   missing_data_unavailable   job served 2 other game(s) on 2026-08-03 at T-30m
  2026-08-04 GSV v TOR T-24h   missing_job_did_not_run    no base record for ANY game on 2026-08-04 at T-24h

wrote forecasts/coverage_audit.csv and forecasts/coverage_receipt.json
[audit] exit=0 
==== Tue 08/04/2026  8:30:02.83 ==== 
[gate] 2026-08-04T12:30:05.696556+00:00  fire=False  -- no unserved obligation inside its 20-minute lead window
[gate] skipping the base job
[base] skipped - no unserved obligation in its lead window 
[base] exit=0 
================================================================================================
PROSPECTIVE PAIR RUNNER  2026-08-04T12:30:07.948971+00:00  model=ridge_score_level_w2c1_v1 hash=5d295bb8b99cd34e
================================================================================================
base records in official chain: 22
  late_prevented #0 ATL v SEA @ T-8h                cutoff 2026-07-31T15:35:00+00:00 already passed at 2026-08-0
  late_prevented #1 WAS v DAL @ T-8h                cutoff 2026-07-31T15:35:00+00:00 already passed at 2026-08-0
  late_prevented #2 PDX v IND @ T-8h                cutoff 2026-07-31T18:06:00+00:00 already passed at 2026-08-0
  late_prevented #3 ATL v SEA @ T-30m               cutoff 2026-07-31T23:05:00+00:00 already passed at 2026-08-0
  late_prevented #4 WAS v DAL @ T-30m               cutoff 2026-07-31T23:05:00+00:00 already passed at 2026-08-0
  late_prevented #5 PDX v IND @ T-90m               cutoff 2026-08-01T00:36:00+00:00 already passed at 2026-08-0
  late_prevented #6 CHI v LVA @ T-90m               cutoff 2026-08-01T15:35:00+00:00 already passed at 2026-08-0
  late_prevented #7 PHX v NYL @ T-90m               cutoff 2026-08-01T17:34:00+00:00 already passed at 2026-08-0
  skip           #8 CHI v LVA @ unknown-tip         base record is an explicit no-forecast; nothing to pair
  skip           #9 PHX v NYL @ unknown-tip         base record is an explicit no-forecast; nothing to pair
  late_prevented #10 NYL v SEA @ T-8h               cutoff 2026-08-03T15:04:00+00:00 already passed at 2026-08-0
  late_prevented #11 ATL v LVA @ T-8h               cutoff 2026-08-03T15:14:00+00:00 already passed at 2026-08-0
  late_prevented #12 CHI v PHX @ T-8h               cutoff 2026-08-03T17:08:00+00:00 already passed at 2026-08-0
  already_logged #13 NYL v SEA @ T-90m              idempotent: pair exists
  already_logged #14 ATL v LVA @ T-90m              idempotent: pair exists
  already_logged #15 CHI v PHX @ T-90m              idempotent: pair exists
  already_logged #16 NYL v SEA @ T-90m              idempotent: pair exists
  already_logged #17 ATL v LVA @ T-90m              idempotent: pair exists
  already_logged #18 CHI v PHX @ T-90m              idempotent: pair exists
  late_prevented #19 NYL v SEA @ T-30m              cutoff 2026-08-03T22:34:00+00:00 already passed at 2026-08-0
  late_prevented #20 ATL v LVA @ T-30m              cutoff 2026-08-03T22:44:00+00:00 already passed at 2026-08-0
  already_logged #21 CHI v PHX @ T-90m              idempotent: pair exists

  already_logged=7, late_prevented=13, skip=2
  arm chain: ok=True n=3 tip=ec597f6077f3ad76
  receipt appended to prospective_pair_runs.jsonl
[arm] exit=0 
====================================================================================================
FORECAST COVERAGE AUDIT   generated 2026-08-04T12:30:08.868850+00:00
====================================================================================================

CUMULATIVE by classification
  missing_job_did_not_run      26
  before_period_start          15
  forecast_logged              14
  not_yet_due                  11
  missing_data_unavailable     4
  late_record                  2

  obligations 72 | due 46 | served 14 | coverage 30.4%
  operational misses 26 | unexplained 0
  PROMOTION-GRADE: NO   (needs >= 95% served, <= 0 operational misses, all explained)

DAILY
  date         oblig  served     due     excl    opmiss arm_recs
  2026-07-30      12       0       0       12         0        0
  2026-07-31      12       6       9        3         0        0
  2026-08-01       8       2       8        0         6        0
  2026-08-02      16       0      16        0        16        0
  2026-08-03      12       6      12        0         3        3
  2026-08-04       4       0       1        3         1        0
  2026-08-05       8       0       0        8         0        0

EVERY MISSING OR IRREGULAR OBLIGATION (each must carry an explanation)
  2026-07-31 ATL v SEA T-90m   missing_data_unavailable   job served 1 other game(s) on 2026-07-31 at T-90m
  2026-07-31 WAS v DAL T-90m   missing_data_unavailable   job served 1 other game(s) on 2026-07-31 at T-90m
  2026-07-31 PDX v IND T-30m   missing_data_unavailable   job served 2 other game(s) on 2026-07-31 at T-30m
  2026-08-01 CHI v LVA T-24h   missing_job_did_not_run    no base record for ANY game on 2026-08-01 at T-24h
  2026-08-01 CHI v LVA T-8h    missing_job_did_not_run    no base record for ANY game on 2026-08-01 at T-8h
  2026-08-01 CHI v LVA T-30m   missing_job_did_not_run    no base record for ANY game on 2026-08-01 at T-30m
  2026-08-01 PHX v NYL T-24h   missing_job_did_not_run    no base record for ANY game on 2026-08-01 at T-24h
  2026-08-01 PHX v NYL T-8h    missing_job_did_not_run    no base record for ANY game on 2026-08-01 at T-8h
  2026-08-01 PHX v NYL T-30m   missing_job_did_not_run    no base record for ANY game on 2026-08-01 at T-30m
  2026-08-02 DAL v CON T-24h   missing_job_did_not_run    no base record for ANY game on 2026-08-02 at T-24h
  2026-08-02 DAL v CON T-8h    missing_job_did_not_run    no base record for ANY game on 2026-08-02 at T-8h
  2026-08-02 DAL v CON T-90m   missing_job_did_not_run    no base record for ANY game on 2026-08-02 at T-90m
  2026-08-02 DAL v CON T-30m   missing_job_did_not_run    no base record for ANY game on 2026-08-02 at T-30m
  2026-08-02 GSV v TOR T-24h   missing_job_did_not_run    no base record for ANY game on 2026-08-02 at T-24h
  2026-08-02 GSV v TOR T-8h    missing_job_did_not_run    no base record for ANY game on 2026-08-02 at T-8h
  2026-08-02 GSV v TOR T-90m   missing_job_did_not_run    no base record for ANY game on 2026-08-02 at T-90m
  2026-08-02 GSV v TOR T-30m   missing_job_did_not_run    no base record for ANY game on 2026-08-02 at T-30m
  2026-08-02 MIN v IND T-24h   missing_job_did_not_run    no base record for ANY game on 2026-08-02 at T-24h
  2026-08-02 MIN v IND T-8h    missing_job_did_not_run    no base record for ANY game on 2026-08-02 at T-8h
  2026-08-02 MIN v IND T-90m   missing_job_did_not_run    no base record for ANY game on 2026-08-02 at T-90m
  2026-08-02 MIN v IND T-30m   missing_job_did_not_run    no base record for ANY game on 2026-08-02 at T-30m
  2026-08-02 PDX v LAS T-24h   missing_job_did_not_run    no base record for ANY game on 2026-08-02 at T-24h
  2026-08-02 PDX v LAS T-8h    missing_job_did_not_run    no base record for ANY game on 2026-08-02 at T-8h
  2026-08-02 PDX v LAS T-90m   missing_job_did_not_run    no base record for ANY game on 2026-08-02 at T-90m
  2026-08-02 PDX v LAS T-30m   missing_job_did_not_run    no base record for ANY game on 2026-08-02 at T-30m
  2026-08-03 NYL v SEA T-24h   missing_job_did_not_run    no base record for ANY game on 2026-08-03 at T-24h
  2026-08-03 NYL v SEA T-30m   late_record                created 2026-08-03T22:45:08.958486+00:00 after cutoff
  2026-08-03 ATL v LVA T-24h   missing_job_did_not_run    no base record for ANY game on 2026-08-03 at T-24h
  2026-08-03 ATL v LVA T-30m   late_record                created 2026-08-03T22:45:08.976775+00:00 after cutoff
  2026-08-03 CHI v PHX T-24h   missing_job_did_not_run    no base record for ANY game on 2026-08-03 at T-24h
  2026-08-03 CHI v PHX T-30m   missing_data_unavailable   job served 2 other game(s) on 2026-08-03 at T-30m
  2026-08-04 GSV v TOR T-24h   missing_job_did_not_run    no base record for ANY game on 2026-08-04 at T-24h

wrote forecasts/coverage_audit.csv and forecasts/coverage_receipt.json
[audit] exit=0 
==== Tue 08/04/2026  8:45:03.08 ==== 
[gate] 2026-08-04T12:45:06.330289+00:00  fire=False  -- no unserved obligation inside its 20-minute lead window
[gate] skipping the base job
[base] skipped - no unserved obligation in its lead window 
[base] exit=0 
================================================================================================
PROSPECTIVE PAIR RUNNER  2026-08-04T12:45:08.492965+00:00  model=ridge_score_level_w2c1_v1 hash=5d295bb8b99cd34e
================================================================================================
base records in official chain: 22
  late_prevented #0 ATL v SEA @ T-8h                cutoff 2026-07-31T15:35:00+00:00 already passed at 2026-08-0
  late_prevented #1 WAS v DAL @ T-8h                cutoff 2026-07-31T15:35:00+00:00 already passed at 2026-08-0
  late_prevented #2 PDX v IND @ T-8h                cutoff 2026-07-31T18:06:00+00:00 already passed at 2026-08-0
  late_prevented #3 ATL v SEA @ T-30m               cutoff 2026-07-31T23:05:00+00:00 already passed at 2026-08-0
  late_prevented #4 WAS v DAL @ T-30m               cutoff 2026-07-31T23:05:00+00:00 already passed at 2026-08-0
  late_prevented #5 PDX v IND @ T-90m               cutoff 2026-08-01T00:36:00+00:00 already passed at 2026-08-0
  late_prevented #6 CHI v LVA @ T-90m               cutoff 2026-08-01T15:35:00+00:00 already passed at 2026-08-0
  late_prevented #7 PHX v NYL @ T-90m               cutoff 2026-08-01T17:34:00+00:00 already passed at 2026-08-0
  skip           #8 CHI v LVA @ unknown-tip         base record is an explicit no-forecast; nothing to pair
  skip           #9 PHX v NYL @ unknown-tip         base record is an explicit no-forecast; nothing to pair
  late_prevented #10 NYL v SEA @ T-8h               cutoff 2026-08-03T15:04:00+00:00 already passed at 2026-08-0
  late_prevented #11 ATL v LVA @ T-8h               cutoff 2026-08-03T15:14:00+00:00 already passed at 2026-08-0
  late_prevented #12 CHI v PHX @ T-8h               cutoff 2026-08-03T17:08:00+00:00 already passed at 2026-08-0
  already_logged #13 NYL v SEA @ T-90m              idempotent: pair exists
  already_logged #14 ATL v LVA @ T-90m              idempotent: pair exists
  already_logged #15 CHI v PHX @ T-90m              idempotent: pair exists
  already_logged #16 NYL v SEA @ T-90m              idempotent: pair exists
  already_logged #17 ATL v LVA @ T-90m              idempotent: pair exists
  already_logged #18 CHI v PHX @ T-90m              idempotent: pair exists
  late_prevented #19 NYL v SEA @ T-30m              cutoff 2026-08-03T22:34:00+00:00 already passed at 2026-08-0
  late_prevented #20 ATL v LVA @ T-30m              cutoff 2026-08-03T22:44:00+00:00 already passed at 2026-08-0
  already_logged #21 CHI v PHX @ T-90m              idempotent: pair exists

  already_logged=7, late_prevented=13, skip=2
  arm chain: ok=True n=3 tip=ec597f6077f3ad76
  receipt appended to prospective_pair_runs.jsonl
[arm] exit=0 
====================================================================================================
FORECAST COVERAGE AUDIT   generated 2026-08-04T12:45:09.418644+00:00
====================================================================================================

CUMULATIVE by classification
  missing_job_did_not_run      26
  before_period_start          15
  forecast_logged              14
  not_yet_due                  11
  missing_data_unavailable     4
  late_record                  2

  obligations 72 | due 46 | served 14 | coverage 30.4%
  operational misses 26 | unexplained 0
  PROMOTION-GRADE: NO   (needs >= 95% served, <= 0 operational misses, all explained)

DAILY
  date         oblig  served     due     excl    opmiss arm_recs
  2026-07-30      12       0       0       12         0        0
  2026-07-31      12       6       9        3         0        0
  2026-08-01       8       2       8        0         6        0
  2026-08-02      16       0      16        0        16        0
  2026-08-03      12       6      12        0         3        3
  2026-08-04       4       0       1        3         1        0
  2026-08-05       8       0       0        8         0        0

EVERY MISSING OR IRREGULAR OBLIGATION (each must carry an explanation)
  2026-07-31 ATL v SEA T-90m   missing_data_unavailable   job served 1 other game(s) on 2026-07-31 at T-90m
  2026-07-31 WAS v DAL T-90m   missing_data_unavailable   job served 1 other game(s) on 2026-07-31 at T-90m
  2026-07-31 PDX v IND T-30m   missing_data_unavailable   job served 2 other game(s) on 2026-07-31 at T-30m
  2026-08-01 CHI v LVA T-24h   missing_job_did_not_run    no base record for ANY game on 2026-08-01 at T-24h
  2026-08-01 CHI v LVA T-8h    missing_job_did_not_run    no base record for ANY game on 2026-08-01 at T-8h
  2026-08-01 CHI v LVA T-30m   missing_job_did_not_run    no base record for ANY game on 2026-08-01 at T-30m
  2026-08-01 PHX v NYL T-24h   missing_job_did_not_run    no base record for ANY game on 2026-08-01 at T-24h
  2026-08-01 PHX v NYL T-8h    missing_job_did_not_run    no base record for ANY game on 2026-08-01 at T-8h
  2026-08-01 PHX v NYL T-30m   missing_job_did_not_run    no base record for ANY game on 2026-08-01 at T-30m
  2026-08-02 DAL v CON T-24h   missing_job_did_not_run    no base record for ANY game on 2026-08-02 at T-24h
  2026-08-02 DAL v CON T-8h    missing_job_did_not_run    no base record for ANY game on 2026-08-02 at T-8h
  2026-08-02 DAL v CON T-90m   missing_job_did_not_run    no base record for ANY game on 2026-08-02 at T-90m
  2026-08-02 DAL v CON T-30m   missing_job_did_not_run    no base record for ANY game on 2026-08-02 at T-30m
  2026-08-02 GSV v TOR T-24h   missing_job_did_not_run    no base record for ANY game on 2026-08-02 at T-24h
  2026-08-02 GSV v TOR T-8h    missing_job_did_not_run    no base record for ANY game on 2026-08-02 at T-8h
  2026-08-02 GSV v TOR T-90m   missing_job_did_not_run    no base record for ANY game on 2026-08-02 at T-90m
  2026-08-02 GSV v TOR T-30m   missing_job_did_not_run    no base record for ANY game on 2026-08-02 at T-30m
  2026-08-02 MIN v IND T-24h   missing_job_did_not_run    no base record for ANY game on 2026-08-02 at T-24h
  2026-08-02 MIN v IND T-8h    missing_job_did_not_run    no base record for ANY game on 2026-08-02 at T-8h
  2026-08-02 MIN v IND T-90m   missing_job_did_not_run    no base record for ANY game on 2026-08-02 at T-90m
  2026-08-02 MIN v IND T-30m   missing_job_did_not_run    no base record for ANY game on 2026-08-02 at T-30m
  2026-08-02 PDX v LAS T-24h   missing_job_did_not_run    no base record for ANY game on 2026-08-02 at T-24h
  2026-08-02 PDX v LAS T-8h    missing_job_did_not_run    no base record for ANY game on 2026-08-02 at T-8h
  2026-08-02 PDX v LAS T-90m   missing_job_did_not_run    no base record for ANY game on 2026-08-02 at T-90m
  2026-08-02 PDX v LAS T-30m   missing_job_did_not_run    no base record for ANY game on 2026-08-02 at T-30m
  2026-08-03 NYL v SEA T-24h   missing_job_did_not_run    no base record for ANY game on 2026-08-03 at T-24h
  2026-08-03 NYL v SEA T-30m   late_record                created 2026-08-03T22:45:08.958486+00:00 after cutoff
  2026-08-03 ATL v LVA T-24h   missing_job_did_not_run    no base record for ANY game on 2026-08-03 at T-24h
  2026-08-03 ATL v LVA T-30m   late_record                created 2026-08-03T22:45:08.976775+00:00 after cutoff
  2026-08-03 CHI v PHX T-24h   missing_job_did_not_run    no base record for ANY game on 2026-08-03 at T-24h
  2026-08-03 CHI v PHX T-30m   missing_data_unavailable   job served 2 other game(s) on 2026-08-03 at T-30m
  2026-08-04 GSV v TOR T-24h   missing_job_did_not_run    no base record for ANY game on 2026-08-04 at T-24h

wrote forecasts/coverage_audit.csv and forecasts/coverage_receipt.json
[audit] exit=0 
==== Tue 08/04/2026  9:00:03.39 ==== 
[gate] 2026-08-04T13:00:04.205073+00:00  fire=False  -- no unserved obligation inside its 20-minute lead window
[gate] skipping the base job
[base] skipped - no unserved obligation in its lead window 
[base] exit=0 
================================================================================================
PROSPECTIVE PAIR RUNNER  2026-08-04T13:00:06.326492+00:00  model=ridge_score_level_w2c1_v1 hash=5d295bb8b99cd34e
================================================================================================
base records in official chain: 22
  late_prevented #0 ATL v SEA @ T-8h                cutoff 2026-07-31T15:35:00+00:00 already passed at 2026-08-0
  late_prevented #1 WAS v DAL @ T-8h                cutoff 2026-07-31T15:35:00+00:00 already passed at 2026-08-0
  late_prevented #2 PDX v IND @ T-8h                cutoff 2026-07-31T18:06:00+00:00 already passed at 2026-08-0
  late_prevented #3 ATL v SEA @ T-30m               cutoff 2026-07-31T23:05:00+00:00 already passed at 2026-08-0
  late_prevented #4 WAS v DAL @ T-30m               cutoff 2026-07-31T23:05:00+00:00 already passed at 2026-08-0
  late_prevented #5 PDX v IND @ T-90m               cutoff 2026-08-01T00:36:00+00:00 already passed at 2026-08-0
  late_prevented #6 CHI v LVA @ T-90m               cutoff 2026-08-01T15:35:00+00:00 already passed at 2026-08-0
  late_prevented #7 PHX v NYL @ T-90m               cutoff 2026-08-01T17:34:00+00:00 already passed at 2026-08-0
  skip           #8 CHI v LVA @ unknown-tip         base record is an explicit no-forecast; nothing to pair
  skip           #9 PHX v NYL @ unknown-tip         base record is an explicit no-forecast; nothing to pair
  late_prevented #10 NYL v SEA @ T-8h               cutoff 2026-08-03T15:04:00+00:00 already passed at 2026-08-0
  late_prevented #11 ATL v LVA @ T-8h               cutoff 2026-08-03T15:14:00+00:00 already passed at 2026-08-0
  late_prevented #12 CHI v PHX @ T-8h               cutoff 2026-08-03T17:08:00+00:00 already passed at 2026-08-0
  already_logged #13 NYL v SEA @ T-90m              idempotent: pair exists
  already_logged #14 ATL v LVA @ T-90m              idempotent: pair exists
  already_logged #15 CHI v PHX @ T-90m              idempotent: pair exists
  already_logged #16 NYL v SEA @ T-90m              idempotent: pair exists
  already_logged #17 ATL v LVA @ T-90m              idempotent: pair exists
  already_logged #18 CHI v PHX @ T-90m              idempotent: pair exists
  late_prevented #19 NYL v SEA @ T-30m              cutoff 2026-08-03T22:34:00+00:00 already passed at 2026-08-0
  late_prevented #20 ATL v LVA @ T-30m              cutoff 2026-08-03T22:44:00+00:00 already passed at 2026-08-0
  already_logged #21 CHI v PHX @ T-90m              idempotent: pair exists

  already_logged=7, late_prevented=13, skip=2
  arm chain: ok=True n=3 tip=ec597f6077f3ad76
  receipt appended to prospective_pair_runs.jsonl
[arm] exit=0 
====================================================================================================
FORECAST COVERAGE AUDIT   generated 2026-08-04T13:00:07.408457+00:00
====================================================================================================

CUMULATIVE by classification
  missing_job_did_not_run      26
  before_period_start          15
  forecast_logged              14
  not_yet_due                  11
  missing_data_unavailable     4
  late_record                  2

  obligations 72 | due 46 | served 14 | coverage 30.4%
  operational misses 26 | unexplained 0
  PROMOTION-GRADE: NO   (needs >= 95% served, <= 0 operational misses, all explained)

DAILY
  date         oblig  served     due     excl    opmiss arm_recs
  2026-07-30      12       0       0       12         0        0
  2026-07-31      12       6       9        3         0        0
  2026-08-01       8       2       8        0         6        0
  2026-08-02      16       0      16        0        16        0
  2026-08-03      12       6      12        0         3        3
  2026-08-04       4       0       1        3         1        0
  2026-08-05       8       0       0        8         0        0

EVERY MISSING OR IRREGULAR OBLIGATION (each must carry an explanation)
  2026-07-31 ATL v SEA T-90m   missing_data_unavailable   job served 1 other game(s) on 2026-07-31 at T-90m
  2026-07-31 WAS v DAL T-90m   missing_data_unavailable   job served 1 other game(s) on 2026-07-31 at T-90m
  2026-07-31 PDX v IND T-30m   missing_data_unavailable   job served 2 other game(s) on 2026-07-31 at T-30m
  2026-08-01 CHI v LVA T-24h   missing_job_did_not_run    no base record for ANY game on 2026-08-01 at T-24h
  2026-08-01 CHI v LVA T-8h    missing_job_did_not_run    no base record for ANY game on 2026-08-01 at T-8h
  2026-08-01 CHI v LVA T-30m   missing_job_did_not_run    no base record for ANY game on 2026-08-01 at T-30m
  2026-08-01 PHX v NYL T-24h   missing_job_did_not_run    no base record for ANY game on 2026-08-01 at T-24h
  2026-08-01 PHX v NYL T-8h    missing_job_did_not_run    no base record for ANY game on 2026-08-01 at T-8h
  2026-08-01 PHX v NYL T-30m   missing_job_did_not_run    no base record for ANY game on 2026-08-01 at T-30m
  2026-08-02 DAL v CON T-24h   missing_job_did_not_run    no base record for ANY game on 2026-08-02 at T-24h
  2026-08-02 DAL v CON T-8h    missing_job_did_not_run    no base record for ANY game on 2026-08-02 at T-8h
  2026-08-02 DAL v CON T-90m   missing_job_did_not_run    no base record for ANY game on 2026-08-02 at T-90m
  2026-08-02 DAL v CON T-30m   missing_job_did_not_run    no base record for ANY game on 2026-08-02 at T-30m
  2026-08-02 GSV v TOR T-24h   missing_job_did_not_run    no base record for ANY game on 2026-08-02 at T-24h
  2026-08-02 GSV v TOR T-8h    missing_job_did_not_run    no base record for ANY game on 2026-08-02 at T-8h
  2026-08-02 GSV v TOR T-90m   missing_job_did_not_run    no base record for ANY game on 2026-08-02 at T-90m
  2026-08-02 GSV v TOR T-30m   missing_job_did_not_run    no base record for ANY game on 2026-08-02 at T-30m
  2026-08-02 MIN v IND T-24h   missing_job_did_not_run    no base record for ANY game on 2026-08-02 at T-24h
  2026-08-02 MIN v IND T-8h    missing_job_did_not_run    no base record for ANY game on 2026-08-02 at T-8h
  2026-08-02 MIN v IND T-90m   missing_job_did_not_run    no base record for ANY game on 2026-08-02 at T-90m
  2026-08-02 MIN v IND T-30m   missing_job_did_not_run    no base record for ANY game on 2026-08-02 at T-30m
  2026-08-02 PDX v LAS T-24h   missing_job_did_not_run    no base record for ANY game on 2026-08-02 at T-24h
  2026-08-02 PDX v LAS T-8h    missing_job_did_not_run    no base record for ANY game on 2026-08-02 at T-8h
  2026-08-02 PDX v LAS T-90m   missing_job_did_not_run    no base record for ANY game on 2026-08-02 at T-90m
  2026-08-02 PDX v LAS T-30m   missing_job_did_not_run    no base record for ANY game on 2026-08-02 at T-30m
  2026-08-03 NYL v SEA T-24h   missing_job_did_not_run    no base record for ANY game on 2026-08-03 at T-24h
  2026-08-03 NYL v SEA T-30m   late_record                created 2026-08-03T22:45:08.958486+00:00 after cutoff
  2026-08-03 ATL v LVA T-24h   missing_job_did_not_run    no base record for ANY game on 2026-08-03 at T-24h
  2026-08-03 ATL v LVA T-30m   late_record                created 2026-08-03T22:45:08.976775+00:00 after cutoff
  2026-08-03 CHI v PHX T-24h   missing_job_did_not_run    no base record for ANY game on 2026-08-03 at T-24h
  2026-08-03 CHI v PHX T-30m   missing_data_unavailable   job served 2 other game(s) on 2026-08-03 at T-30m
  2026-08-04 GSV v TOR T-24h   missing_job_did_not_run    no base record for ANY game on 2026-08-04 at T-24h

wrote forecasts/coverage_audit.csv and forecasts/coverage_receipt.json
[audit] exit=0 
==== Tue 08/04/2026  9:15:03.58 ==== 
[gate] 2026-08-04T13:15:04.941453+00:00  fire=False  -- no unserved obligation inside its 20-minute lead window
[gate] skipping the base job
[base] skipped - no unserved obligation in its lead window 
[base] exit=0 
================================================================================================
PROSPECTIVE PAIR RUNNER  2026-08-04T13:15:06.676843+00:00  model=ridge_score_level_w2c1_v1 hash=5d295bb8b99cd34e
================================================================================================
base records in official chain: 22
  late_prevented #0 ATL v SEA @ T-8h                cutoff 2026-07-31T15:35:00+00:00 already passed at 2026-08-0
  late_prevented #1 WAS v DAL @ T-8h                cutoff 2026-07-31T15:35:00+00:00 already passed at 2026-08-0
  late_prevented #2 PDX v IND @ T-8h                cutoff 2026-07-31T18:06:00+00:00 already passed at 2026-08-0
  late_prevented #3 ATL v SEA @ T-30m               cutoff 2026-07-31T23:05:00+00:00 already passed at 2026-08-0
  late_prevented #4 WAS v DAL @ T-30m               cutoff 2026-07-31T23:05:00+00:00 already passed at 2026-08-0
  late_prevented #5 PDX v IND @ T-90m               cutoff 2026-08-01T00:36:00+00:00 already passed at 2026-08-0
  late_prevented #6 CHI v LVA @ T-90m               cutoff 2026-08-01T15:35:00+00:00 already passed at 2026-08-0
  late_prevented #7 PHX v NYL @ T-90m               cutoff 2026-08-01T17:34:00+00:00 already passed at 2026-08-0
  skip           #8 CHI v LVA @ unknown-tip         base record is an explicit no-forecast; nothing to pair
  skip           #9 PHX v NYL @ unknown-tip         base record is an explicit no-forecast; nothing to pair
  late_prevented #10 NYL v SEA @ T-8h               cutoff 2026-08-03T15:04:00+00:00 already passed at 2026-08-0
  late_prevented #11 ATL v LVA @ T-8h               cutoff 2026-08-03T15:14:00+00:00 already passed at 2026-08-0
  late_prevented #12 CHI v PHX @ T-8h               cutoff 2026-08-03T17:08:00+00:00 already passed at 2026-08-0
  already_logged #13 NYL v SEA @ T-90m              idempotent: pair exists
  already_logged #14 ATL v LVA @ T-90m              idempotent: pair exists
  already_logged #15 CHI v PHX @ T-90m              idempotent: pair exists
  already_logged #16 NYL v SEA @ T-90m              idempotent: pair exists
  already_logged #17 ATL v LVA @ T-90m              idempotent: pair exists
  already_logged #18 CHI v PHX @ T-90m              idempotent: pair exists
  late_prevented #19 NYL v SEA @ T-30m              cutoff 2026-08-03T22:34:00+00:00 already passed at 2026-08-0
  late_prevented #20 ATL v LVA @ T-30m              cutoff 2026-08-03T22:44:00+00:00 already passed at 2026-08-0
  already_logged #21 CHI v PHX @ T-90m              idempotent: pair exists

  already_logged=7, late_prevented=13, skip=2
  arm chain: ok=True n=3 tip=ec597f6077f3ad76
  receipt appended to prospective_pair_runs.jsonl
[arm] exit=0 
====================================================================================================
FORECAST COVERAGE AUDIT   generated 2026-08-04T13:15:08.148319+00:00
====================================================================================================

CUMULATIVE by classification
  missing_job_did_not_run      26
  before_period_start          15
  forecast_logged              14
  not_yet_due                  11
  missing_data_unavailable     4
  late_record                  2

  obligations 72 | due 46 | served 14 | coverage 30.4%
  operational misses 26 | unexplained 0
  PROMOTION-GRADE: NO   (needs >= 95% served, <= 0 operational misses, all explained)

DAILY
  date         oblig  served     due     excl    opmiss arm_recs
  2026-07-30      12       0       0       12         0        0
  2026-07-31      12       6       9        3         0        0
  2026-08-01       8       2       8        0         6        0
  2026-08-02      16       0      16        0        16        0
  2026-08-03      12       6      12        0         3        3
  2026-08-04       4       0       1        3         1        0
  2026-08-05       8       0       0        8         0        0

EVERY MISSING OR IRREGULAR OBLIGATION (each must carry an explanation)
  2026-07-31 ATL v SEA T-90m   missing_data_unavailable   job served 1 other game(s) on 2026-07-31 at T-90m
  2026-07-31 WAS v DAL T-90m   missing_data_unavailable   job served 1 other game(s) on 2026-07-31 at T-90m
  2026-07-31 PDX v IND T-30m   missing_data_unavailable   job served 2 other game(s) on 2026-07-31 at T-30m
  2026-08-01 CHI v LVA T-24h   missing_job_did_not_run    no base record for ANY game on 2026-08-01 at T-24h
  2026-08-01 CHI v LVA T-8h    missing_job_did_not_run    no base record for ANY game on 2026-08-01 at T-8h
  2026-08-01 CHI v LVA T-30m   missing_job_did_not_run    no base record for ANY game on 2026-08-01 at T-30m
  2026-08-01 PHX v NYL T-24h   missing_job_did_not_run    no base record for ANY game on 2026-08-01 at T-24h
  2026-08-01 PHX v NYL T-8h    missing_job_did_not_run    no base record for ANY game on 2026-08-01 at T-8h
  2026-08-01 PHX v NYL T-30m   missing_job_did_not_run    no base record for ANY game on 2026-08-01 at T-30m
  2026-08-02 DAL v CON T-24h   missing_job_did_not_run    no base record for ANY game on 2026-08-02 at T-24h
  2026-08-02 DAL v CON T-8h    missing_job_did_not_run    no base record for ANY game on 2026-08-02 at T-8h
  2026-08-02 DAL v CON T-90m   missing_job_did_not_run    no base record for ANY game on 2026-08-02 at T-90m
  2026-08-02 DAL v CON T-30m   missing_job_did_not_run    no base record for ANY game on 2026-08-02 at T-30m
  2026-08-02 GSV v TOR T-24h   missing_job_did_not_run    no base record for ANY game on 2026-08-02 at T-24h
  2026-08-02 GSV v TOR T-8h    missing_job_did_not_run    no base record for ANY game on 2026-08-02 at T-8h
  2026-08-02 GSV v TOR T-90m   missing_job_did_not_run    no base record for ANY game on 2026-08-02 at T-90m
  2026-08-02 GSV v TOR T-30m   missing_job_did_not_run    no base record for ANY game on 2026-08-02 at T-30m
  2026-08-02 MIN v IND T-24h   missing_job_did_not_run    no base record for ANY game on 2026-08-02 at T-24h
  2026-08-02 MIN v IND T-8h    missing_job_did_not_run    no base record for ANY game on 2026-08-02 at T-8h
  2026-08-02 MIN v IND T-90m   missing_job_did_not_run    no base record for ANY game on 2026-08-02 at T-90m
  2026-08-02 MIN v IND T-30m   missing_job_did_not_run    no base record for ANY game on 2026-08-02 at T-30m
  2026-08-02 PDX v LAS T-24h   missing_job_did_not_run    no base record for ANY game on 2026-08-02 at T-24h
  2026-08-02 PDX v LAS T-8h    missing_job_did_not_run    no base record for ANY game on 2026-08-02 at T-8h
  2026-08-02 PDX v LAS T-90m   missing_job_did_not_run    no base record for ANY game on 2026-08-02 at T-90m
  2026-08-02 PDX v LAS T-30m   missing_job_did_not_run    no base record for ANY game on 2026-08-02 at T-30m
  2026-08-03 NYL v SEA T-24h   missing_job_did_not_run    no base record for ANY game on 2026-08-03 at T-24h
  2026-08-03 NYL v SEA T-30m   late_record                created 2026-08-03T22:45:08.958486+00:00 after cutoff
  2026-08-03 ATL v LVA T-24h   missing_job_did_not_run    no base record for ANY game on 2026-08-03 at T-24h
  2026-08-03 ATL v LVA T-30m   late_record                created 2026-08-03T22:45:08.976775+00:00 after cutoff
  2026-08-03 CHI v PHX T-24h   missing_job_did_not_run    no base record for ANY game on 2026-08-03 at T-24h
  2026-08-03 CHI v PHX T-30m   missing_data_unavailable   job served 2 other game(s) on 2026-08-03 at T-30m
  2026-08-04 GSV v TOR T-24h   missing_job_did_not_run    no base record for ANY game on 2026-08-04 at T-24h

wrote forecasts/coverage_audit.csv and forecasts/coverage_receipt.json
[audit] exit=0 
==== Tue 08/04/2026  9:30:04.11 ==== 
[gate] 2026-08-04T13:30:05.559502+00:00  fire=False  -- no unserved obligation inside its 20-minute lead window
[gate] skipping the base job
[base] skipped - no unserved obligation in its lead window 
[base] exit=0 
================================================================================================
PROSPECTIVE PAIR RUNNER  2026-08-04T13:30:09.172541+00:00  model=ridge_score_level_w2c1_v1 hash=5d295bb8b99cd34e
================================================================================================
base records in official chain: 22
  late_prevented #0 ATL v SEA @ T-8h                cutoff 2026-07-31T15:35:00+00:00 already passed at 2026-08-0
  late_prevented #1 WAS v DAL @ T-8h                cutoff 2026-07-31T15:35:00+00:00 already passed at 2026-08-0
  late_prevented #2 PDX v IND @ T-8h                cutoff 2026-07-31T18:06:00+00:00 already passed at 2026-08-0
  late_prevented #3 ATL v SEA @ T-30m               cutoff 2026-07-31T23:05:00+00:00 already passed at 2026-08-0
  late_prevented #4 WAS v DAL @ T-30m               cutoff 2026-07-31T23:05:00+00:00 already passed at 2026-08-0
  late_prevented #5 PDX v IND @ T-90m               cutoff 2026-08-01T00:36:00+00:00 already passed at 2026-08-0
  late_prevented #6 CHI v LVA @ T-90m               cutoff 2026-08-01T15:35:00+00:00 already passed at 2026-08-0
  late_prevented #7 PHX v NYL @ T-90m               cutoff 2026-08-01T17:34:00+00:00 already passed at 2026-08-0
  skip           #8 CHI v LVA @ unknown-tip         base record is an explicit no-forecast; nothing to pair
  skip           #9 PHX v NYL @ unknown-tip         base record is an explicit no-forecast; nothing to pair
  late_prevented #10 NYL v SEA @ T-8h               cutoff 2026-08-03T15:04:00+00:00 already passed at 2026-08-0
  late_prevented #11 ATL v LVA @ T-8h               cutoff 2026-08-03T15:14:00+00:00 already passed at 2026-08-0
  late_prevented #12 CHI v PHX @ T-8h               cutoff 2026-08-03T17:08:00+00:00 already passed at 2026-08-0
  already_logged #13 NYL v SEA @ T-90m              idempotent: pair exists
  already_logged #14 ATL v LVA @ T-90m              idempotent: pair exists
  already_logged #15 CHI v PHX @ T-90m              idempotent: pair exists
  already_logged #16 NYL v SEA @ T-90m              idempotent: pair exists
  already_logged #17 ATL v LVA @ T-90m              idempotent: pair exists
  already_logged #18 CHI v PHX @ T-90m              idempotent: pair exists
  late_prevented #19 NYL v SEA @ T-30m              cutoff 2026-08-03T22:34:00+00:00 already passed at 2026-08-0
  late_prevented #20 ATL v LVA @ T-30m              cutoff 2026-08-03T22:44:00+00:00 already passed at 2026-08-0
  already_logged #21 CHI v PHX @ T-90m              idempotent: pair exists

  already_logged=7, late_prevented=13, skip=2
  arm chain: ok=True n=3 tip=ec597f6077f3ad76
  receipt appended to prospective_pair_runs.jsonl
[arm] exit=0 
====================================================================================================
FORECAST COVERAGE AUDIT   generated 2026-08-04T13:30:10.795492+00:00
====================================================================================================

CUMULATIVE by classification
  missing_job_did_not_run      26
  before_period_start          15
  forecast_logged              14
  not_yet_due                  11
  missing_data_unavailable     4
  late_record                  2

  obligations 72 | due 46 | served 14 | coverage 30.4%
  operational misses 26 | unexplained 0
  PROMOTION-GRADE: NO   (needs >= 95% served, <= 0 operational misses, all explained)

DAILY
  date         oblig  served     due     excl    opmiss arm_recs
  2026-07-30      12       0       0       12         0        0
  2026-07-31      12       6       9        3         0        0
  2026-08-01       8       2       8        0         6        0
  2026-08-02      16       0      16        0        16        0
  2026-08-03      12       6      12        0         3        3
  2026-08-04       4       0       1        3         1        0
  2026-08-05       8       0       0        8         0        0

EVERY MISSING OR IRREGULAR OBLIGATION (each must carry an explanation)
  2026-07-31 ATL v SEA T-90m   missing_data_unavailable   job served 1 other game(s) on 2026-07-31 at T-90m
  2026-07-31 WAS v DAL T-90m   missing_data_unavailable   job served 1 other game(s) on 2026-07-31 at T-90m
  2026-07-31 PDX v IND T-30m   missing_data_unavailable   job served 2 other game(s) on 2026-07-31 at T-30m
  2026-08-01 CHI v LVA T-24h   missing_job_did_not_run    no base record for ANY game on 2026-08-01 at T-24h
  2026-08-01 CHI v LVA T-8h    missing_job_did_not_run    no base record for ANY game on 2026-08-01 at T-8h
  2026-08-01 CHI v LVA T-30m   missing_job_did_not_run    no base record for ANY game on 2026-08-01 at T-30m
  2026-08-01 PHX v NYL T-24h   missing_job_did_not_run    no base record for ANY game on 2026-08-01 at T-24h
  2026-08-01 PHX v NYL T-8h    missing_job_did_not_run    no base record for ANY game on 2026-08-01 at T-8h
  2026-08-01 PHX v NYL T-30m   missing_job_did_not_run    no base record for ANY game on 2026-08-01 at T-30m
  2026-08-02 DAL v CON T-24h   missing_job_did_not_run    no base record for ANY game on 2026-08-02 at T-24h
  2026-08-02 DAL v CON T-8h    missing_job_did_not_run    no base record for ANY game on 2026-08-02 at T-8h
  2026-08-02 DAL v CON T-90m   missing_job_did_not_run    no base record for ANY game on 2026-08-02 at T-90m
  2026-08-02 DAL v CON T-30m   missing_job_did_not_run    no base record for ANY game on 2026-08-02 at T-30m
  2026-08-02 GSV v TOR T-24h   missing_job_did_not_run    no base record for ANY game on 2026-08-02 at T-24h
  2026-08-02 GSV v TOR T-8h    missing_job_did_not_run    no base record for ANY game on 2026-08-02 at T-8h
  2026-08-02 GSV v TOR T-90m   missing_job_did_not_run    no base record for ANY game on 2026-08-02 at T-90m
  2026-08-02 GSV v TOR T-30m   missing_job_did_not_run    no base record for ANY game on 2026-08-02 at T-30m
  2026-08-02 MIN v IND T-24h   missing_job_did_not_run    no base record for ANY game on 2026-08-02 at T-24h
  2026-08-02 MIN v IND T-8h    missing_job_did_not_run    no base record for ANY game on 2026-08-02 at T-8h
  2026-08-02 MIN v IND T-90m   missing_job_did_not_run    no base record for ANY game on 2026-08-02 at T-90m
  2026-08-02 MIN v IND T-30m   missing_job_did_not_run    no base record for ANY game on 2026-08-02 at T-30m
  2026-08-02 PDX v LAS T-24h   missing_job_did_not_run    no base record for ANY game on 2026-08-02 at T-24h
  2026-08-02 PDX v LAS T-8h    missing_job_did_not_run    no base record for ANY game on 2026-08-02 at T-8h
  2026-08-02 PDX v LAS T-90m   missing_job_did_not_run    no base record for ANY game on 2026-08-02 at T-90m
  2026-08-02 PDX v LAS T-30m   missing_job_did_not_run    no base record for ANY game on 2026-08-02 at T-30m
  2026-08-03 NYL v SEA T-24h   missing_job_did_not_run    no base record for ANY game on 2026-08-03 at T-24h
  2026-08-03 NYL v SEA T-30m   late_record                created 2026-08-03T22:45:08.958486+00:00 after cutoff
  2026-08-03 ATL v LVA T-24h   missing_job_did_not_run    no base record for ANY game on 2026-08-03 at T-24h
  2026-08-03 ATL v LVA T-30m   late_record                created 2026-08-03T22:45:08.976775+00:00 after cutoff
  2026-08-03 CHI v PHX T-24h   missing_job_did_not_run    no base record for ANY game on 2026-08-03 at T-24h
  2026-08-03 CHI v PHX T-30m   missing_data_unavailable   job served 2 other game(s) on 2026-08-03 at T-30m
  2026-08-04 GSV v TOR T-24h   missing_job_did_not_run    no base record for ANY game on 2026-08-04 at T-24h

wrote forecasts/coverage_audit.csv and forecasts/coverage_receipt.json
[audit] exit=0 
==== Tue 08/04/2026  9:45:03.14 ==== 
[gate] 2026-08-04T13:45:06.874299+00:00  fire=False  -- no unserved obligation inside its 20-minute lead window
[gate] skipping the base job
[base] skipped - no unserved obligation in its lead window 
[base] exit=0 
================================================================================================
PROSPECTIVE PAIR RUNNER  2026-08-04T13:45:09.675998+00:00  model=ridge_score_level_w2c1_v1 hash=5d295bb8b99cd34e
================================================================================================
base records in official chain: 22
  late_prevented #0 ATL v SEA @ T-8h                cutoff 2026-07-31T15:35:00+00:00 already passed at 2026-08-0
  late_prevented #1 WAS v DAL @ T-8h                cutoff 2026-07-31T15:35:00+00:00 already passed at 2026-08-0
  late_prevented #2 PDX v IND @ T-8h                cutoff 2026-07-31T18:06:00+00:00 already passed at 2026-08-0
  late_prevented #3 ATL v SEA @ T-30m               cutoff 2026-07-31T23:05:00+00:00 already passed at 2026-08-0
  late_prevented #4 WAS v DAL @ T-30m               cutoff 2026-07-31T23:05:00+00:00 already passed at 2026-08-0
  late_prevented #5 PDX v IND @ T-90m               cutoff 2026-08-01T00:36:00+00:00 already passed at 2026-08-0
  late_prevented #6 CHI v LVA @ T-90m               cutoff 2026-08-01T15:35:00+00:00 already passed at 2026-08-0
  late_prevented #7 PHX v NYL @ T-90m               cutoff 2026-08-01T17:34:00+00:00 already passed at 2026-08-0
  skip           #8 CHI v LVA @ unknown-tip         base record is an explicit no-forecast; nothing to pair
  skip           #9 PHX v NYL @ unknown-tip         base record is an explicit no-forecast; nothing to pair
  late_prevented #10 NYL v SEA @ T-8h               cutoff 2026-08-03T15:04:00+00:00 already passed at 2026-08-0
  late_prevented #11 ATL v LVA @ T-8h               cutoff 2026-08-03T15:14:00+00:00 already passed at 2026-08-0
  late_prevented #12 CHI v PHX @ T-8h               cutoff 2026-08-03T17:08:00+00:00 already passed at 2026-08-0
  already_logged #13 NYL v SEA @ T-90m              idempotent: pair exists
  already_logged #14 ATL v LVA @ T-90m              idempotent: pair exists
  already_logged #15 CHI v PHX @ T-90m              idempotent: pair exists
  already_logged #16 NYL v SEA @ T-90m              idempotent: pair exists
  already_logged #17 ATL v LVA @ T-90m              idempotent: pair exists
  already_logged #18 CHI v PHX @ T-90m              idempotent: pair exists
  late_prevented #19 NYL v SEA @ T-30m              cutoff 2026-08-03T22:34:00+00:00 already passed at 2026-08-0
  late_prevented #20 ATL v LVA @ T-30m              cutoff 2026-08-03T22:44:00+00:00 already passed at 2026-08-0
  already_logged #21 CHI v PHX @ T-90m              idempotent: pair exists

  already_logged=7, late_prevented=13, skip=2
  arm chain: ok=True n=3 tip=ec597f6077f3ad76
  receipt appended to prospective_pair_runs.jsonl
[arm] exit=0 
====================================================================================================
FORECAST COVERAGE AUDIT   generated 2026-08-04T13:45:10.749272+00:00
====================================================================================================

CUMULATIVE by classification
  missing_job_did_not_run      26
  before_period_start          15
  forecast_logged              14
  not_yet_due                  11
  missing_data_unavailable     4
  late_record                  2

  obligations 72 | due 46 | served 14 | coverage 30.4%
  operational misses 26 | unexplained 0
  PROMOTION-GRADE: NO   (needs >= 95% served, <= 0 operational misses, all explained)

DAILY
  date         oblig  served     due     excl    opmiss arm_recs
  2026-07-30      12       0       0       12         0        0
  2026-07-31      12       6       9        3         0        0
  2026-08-01       8       2       8        0         6        0
  2026-08-02      16       0      16        0        16        0
  2026-08-03      12       6      12        0         3        3
  2026-08-04       4       0       1        3         1        0
  2026-08-05       8       0       0        8         0        0

EVERY MISSING OR IRREGULAR OBLIGATION (each must carry an explanation)
  2026-07-31 ATL v SEA T-90m   missing_data_unavailable   job served 1 other game(s) on 2026-07-31 at T-90m
  2026-07-31 WAS v DAL T-90m   missing_data_unavailable   job served 1 other game(s) on 2026-07-31 at T-90m
  2026-07-31 PDX v IND T-30m   missing_data_unavailable   job served 2 other game(s) on 2026-07-31 at T-30m
  2026-08-01 CHI v LVA T-24h   missing_job_did_not_run    no base record for ANY game on 2026-08-01 at T-24h
  2026-08-01 CHI v LVA T-8h    missing_job_did_not_run    no base record for ANY game on 2026-08-01 at T-8h
  2026-08-01 CHI v LVA T-30m   missing_job_did_not_run    no base record for ANY game on 2026-08-01 at T-30m
  2026-08-01 PHX v NYL T-24h   missing_job_did_not_run    no base record for ANY game on 2026-08-01 at T-24h
  2026-08-01 PHX v NYL T-8h    missing_job_did_not_run    no base record for ANY game on 2026-08-01 at T-8h
  2026-08-01 PHX v NYL T-30m   missing_job_did_not_run    no base record for ANY game on 2026-08-01 at T-30m
  2026-08-02 DAL v CON T-24h   missing_job_did_not_run    no base record for ANY game on 2026-08-02 at T-24h
  2026-08-02 DAL v CON T-8h    missing_job_did_not_run    no base record for ANY game on 2026-08-02 at T-8h
  2026-08-02 DAL v CON T-90m   missing_job_did_not_run    no base record for ANY game on 2026-08-02 at T-90m
  2026-08-02 DAL v CON T-30m   missing_job_did_not_run    no base record for ANY game on 2026-08-02 at T-30m
  2026-08-02 GSV v TOR T-24h   missing_job_did_not_run    no base record for ANY game on 2026-08-02 at T-24h
  2026-08-02 GSV v TOR T-8h    missing_job_did_not_run    no base record for ANY game on 2026-08-02 at T-8h
  2026-08-02 GSV v TOR T-90m   missing_job_did_not_run    no base record for ANY game on 2026-08-02 at T-90m
  2026-08-02 GSV v TOR T-30m   missing_job_did_not_run    no base record for ANY game on 2026-08-02 at T-30m
  2026-08-02 MIN v IND T-24h   missing_job_did_not_run    no base record for ANY game on 2026-08-02 at T-24h
  2026-08-02 MIN v IND T-8h    missing_job_did_not_run    no base record for ANY game on 2026-08-02 at T-8h
  2026-08-02 MIN v IND T-90m   missing_job_did_not_run    no base record for ANY game on 2026-08-02 at T-90m
  2026-08-02 MIN v IND T-30m   missing_job_did_not_run    no base record for ANY game on 2026-08-02 at T-30m
  2026-08-02 PDX v LAS T-24h   missing_job_did_not_run    no base record for ANY game on 2026-08-02 at T-24h
  2026-08-02 PDX v LAS T-8h    missing_job_did_not_run    no base record for ANY game on 2026-08-02 at T-8h
  2026-08-02 PDX v LAS T-90m   missing_job_did_not_run    no base record for ANY game on 2026-08-02 at T-90m
  2026-08-02 PDX v LAS T-30m   missing_job_did_not_run    no base record for ANY game on 2026-08-02 at T-30m
  2026-08-03 NYL v SEA T-24h   missing_job_did_not_run    no base record for ANY game on 2026-08-03 at T-24h
  2026-08-03 NYL v SEA T-30m   late_record                created 2026-08-03T22:45:08.958486+00:00 after cutoff
  2026-08-03 ATL v LVA T-24h   missing_job_did_not_run    no base record for ANY game on 2026-08-03 at T-24h
  2026-08-03 ATL v LVA T-30m   late_record                created 2026-08-03T22:45:08.976775+00:00 after cutoff
  2026-08-03 CHI v PHX T-24h   missing_job_did_not_run    no base record for ANY game on 2026-08-03 at T-24h
  2026-08-03 CHI v PHX T-30m   missing_data_unavailable   job served 2 other game(s) on 2026-08-03 at T-30m
  2026-08-04 GSV v TOR T-24h   missing_job_did_not_run    no base record for ANY game on 2026-08-04 at T-24h

wrote forecasts/coverage_audit.csv and forecasts/coverage_receipt.json
[audit] exit=0 
==== Tue 08/04/2026 10:00:03.28 ==== 
[gate] 2026-08-04T14:00:04.934899+00:00  fire=False  -- no unserved obligation inside its 20-minute lead window
       GSV v TOR      T-8h    unserved cutoff 2026-08-04T18:00:00 (+240 min) 
[gate] skipping the base job
[base] skipped - no unserved obligation in its lead window 
[base] exit=0 
================================================================================================
PROSPECTIVE PAIR RUNNER  2026-08-04T14:00:06.535155+00:00  model=ridge_score_level_w2c1_v1 hash=5d295bb8b99cd34e
================================================================================================
base records in official chain: 22
  late_prevented #0 ATL v SEA @ T-8h                cutoff 2026-07-31T15:35:00+00:00 already passed at 2026-08-0
  late_prevented #1 WAS v DAL @ T-8h                cutoff 2026-07-31T15:35:00+00:00 already passed at 2026-08-0
  late_prevented #2 PDX v IND @ T-8h                cutoff 2026-07-31T18:06:00+00:00 already passed at 2026-08-0
  late_prevented #3 ATL v SEA @ T-30m               cutoff 2026-07-31T23:05:00+00:00 already passed at 2026-08-0
  late_prevented #4 WAS v DAL @ T-30m               cutoff 2026-07-31T23:05:00+00:00 already passed at 2026-08-0
  late_prevented #5 PDX v IND @ T-90m               cutoff 2026-08-01T00:36:00+00:00 already passed at 2026-08-0
  late_prevented #6 CHI v LVA @ T-90m               cutoff 2026-08-01T15:35:00+00:00 already passed at 2026-08-0
  late_prevented #7 PHX v NYL @ T-90m               cutoff 2026-08-01T17:34:00+00:00 already passed at 2026-08-0
  skip           #8 CHI v LVA @ unknown-tip         base record is an explicit no-forecast; nothing to pair
  skip           #9 PHX v NYL @ unknown-tip         base record is an explicit no-forecast; nothing to pair
  late_prevented #10 NYL v SEA @ T-8h               cutoff 2026-08-03T15:04:00+00:00 already passed at 2026-08-0
  late_prevented #11 ATL v LVA @ T-8h               cutoff 2026-08-03T15:14:00+00:00 already passed at 2026-08-0
  late_prevented #12 CHI v PHX @ T-8h               cutoff 2026-08-03T17:08:00+00:00 already passed at 2026-08-0
  already_logged #13 NYL v SEA @ T-90m              idempotent: pair exists
  already_logged #14 ATL v LVA @ T-90m              idempotent: pair exists
  already_logged #15 CHI v PHX @ T-90m              idempotent: pair exists
  already_logged #16 NYL v SEA @ T-90m              idempotent: pair exists
  already_logged #17 ATL v LVA @ T-90m              idempotent: pair exists
  already_logged #18 CHI v PHX @ T-90m              idempotent: pair exists
  late_prevented #19 NYL v SEA @ T-30m              cutoff 2026-08-03T22:34:00+00:00 already passed at 2026-08-0
  late_prevented #20 ATL v LVA @ T-30m              cutoff 2026-08-03T22:44:00+00:00 already passed at 2026-08-0
  already_logged #21 CHI v PHX @ T-90m              idempotent: pair exists

  already_logged=7, late_prevented=13, skip=2
  arm chain: ok=True n=3 tip=ec597f6077f3ad76
  receipt appended to prospective_pair_runs.jsonl
[arm] exit=0 
====================================================================================================
FORECAST COVERAGE AUDIT   generated 2026-08-04T14:00:07.762697+00:00
====================================================================================================

CUMULATIVE by classification
  missing_job_did_not_run      26
  not_yet_due                  23
  before_period_start          15
  forecast_logged              14
  missing_data_unavailable     4
  late_record                  2

  obligations 84 | due 46 | served 14 | coverage 30.4%
  operational misses 26 | unexplained 0
  PROMOTION-GRADE: NO   (needs >= 95% served, <= 0 operational misses, all explained)

DAILY
  date         oblig  served     due     excl    opmiss arm_recs
  2026-07-30      12       0       0       12         0        0
  2026-07-31      12       6       9        3         0        0
  2026-08-01       8       2       8        0         6        0
  2026-08-02      16       0      16        0        16        0
  2026-08-03      12       6      12        0         3        3
  2026-08-04       4       0       1        3         1        0
  2026-08-05      16       0       0       16         0        0
  2026-08-06       4       0       0        4         0        0

EVERY MISSING OR IRREGULAR OBLIGATION (each must carry an explanation)
  2026-07-31 ATL v SEA T-90m   missing_data_unavailable   job served 1 other game(s) on 2026-07-31 at T-90m
  2026-07-31 WAS v DAL T-90m   missing_data_unavailable   job served 1 other game(s) on 2026-07-31 at T-90m
  2026-07-31 PDX v IND T-30m   missing_data_unavailable   job served 2 other game(s) on 2026-07-31 at T-30m
  2026-08-01 CHI v LVA T-24h   missing_job_did_not_run    no base record for ANY game on 2026-08-01 at T-24h
  2026-08-01 CHI v LVA T-8h    missing_job_did_not_run    no base record for ANY game on 2026-08-01 at T-8h
  2026-08-01 CHI v LVA T-30m   missing_job_did_not_run    no base record for ANY game on 2026-08-01 at T-30m
  2026-08-01 PHX v NYL T-24h   missing_job_did_not_run    no base record for ANY game on 2026-08-01 at T-24h
  2026-08-01 PHX v NYL T-8h    missing_job_did_not_run    no base record for ANY game on 2026-08-01 at T-8h
  2026-08-01 PHX v NYL T-30m   missing_job_did_not_run    no base record for ANY game on 2026-08-01 at T-30m
  2026-08-02 DAL v CON T-24h   missing_job_did_not_run    no base record for ANY game on 2026-08-02 at T-24h
  2026-08-02 DAL v CON T-8h    missing_job_did_not_run    no base record for ANY game on 2026-08-02 at T-8h
  2026-08-02 DAL v CON T-90m   missing_job_did_not_run    no base record for ANY game on 2026-08-02 at T-90m
  2026-08-02 DAL v CON T-30m   missing_job_did_not_run    no base record for ANY game on 2026-08-02 at T-30m
  2026-08-02 GSV v TOR T-24h   missing_job_did_not_run    no base record for ANY game on 2026-08-02 at T-24h
  2026-08-02 GSV v TOR T-8h    missing_job_did_not_run    no base record for ANY game on 2026-08-02 at T-8h
  2026-08-02 GSV v TOR T-90m   missing_job_did_not_run    no base record for ANY game on 2026-08-02 at T-90m
  2026-08-02 GSV v TOR T-30m   missing_job_did_not_run    no base record for ANY game on 2026-08-02 at T-30m
  2026-08-02 MIN v IND T-24h   missing_job_did_not_run    no base record for ANY game on 2026-08-02 at T-24h
  2026-08-02 MIN v IND T-8h    missing_job_did_not_run    no base record for ANY game on 2026-08-02 at T-8h
  2026-08-02 MIN v IND T-90m   missing_job_did_not_run    no base record for ANY game on 2026-08-02 at T-90m
  2026-08-02 MIN v IND T-30m   missing_job_did_not_run    no base record for ANY game on 2026-08-02 at T-30m
  2026-08-02 PDX v LAS T-24h   missing_job_did_not_run    no base record for ANY game on 2026-08-02 at T-24h
  2026-08-02 PDX v LAS T-8h    missing_job_did_not_run    no base record for ANY game on 2026-08-02 at T-8h
  2026-08-02 PDX v LAS T-90m   missing_job_did_not_run    no base record for ANY game on 2026-08-02 at T-90m
  2026-08-02 PDX v LAS T-30m   missing_job_did_not_run    no base record for ANY game on 2026-08-02 at T-30m
  2026-08-03 NYL v SEA T-24h   missing_job_did_not_run    no base record for ANY game on 2026-08-03 at T-24h
  2026-08-03 NYL v SEA T-30m   late_record                created 2026-08-03T22:45:08.958486+00:00 after cutoff
  2026-08-03 ATL v LVA T-24h   missing_job_did_not_run    no base record for ANY game on 2026-08-03 at T-24h
  2026-08-03 ATL v LVA T-30m   late_record                created 2026-08-03T22:45:08.976775+00:00 after cutoff
  2026-08-03 CHI v PHX T-24h   missing_job_did_not_run    no base record for ANY game on 2026-08-03 at T-24h
  2026-08-03 CHI v PHX T-30m   missing_data_unavailable   job served 2 other game(s) on 2026-08-03 at T-30m
  2026-08-04 GSV v TOR T-24h   missing_job_did_not_run    no base record for ANY game on 2026-08-04 at T-24h

wrote forecasts/coverage_audit.csv and forecasts/coverage_receipt.json
[audit] exit=0 
==== Tue 08/04/2026 10:15:03.32 ==== 
[gate] 2026-08-04T14:15:05.270964+00:00  fire=False  -- no unserved obligation inside its 20-minute lead window
       GSV v TOR      T-8h    unserved cutoff 2026-08-04T18:00:00 (+225 min) 
[gate] skipping the base job
[base] skipped - no unserved obligation in its lead window 
[base] exit=0 
================================================================================================
PROSPECTIVE PAIR RUNNER  2026-08-04T14:15:06.785757+00:00  model=ridge_score_level_w2c1_v1 hash=5d295bb8b99cd34e
================================================================================================
base records in official chain: 22
  late_prevented #0 ATL v SEA @ T-8h                cutoff 2026-07-31T15:35:00+00:00 already passed at 2026-08-0
  late_prevented #1 WAS v DAL @ T-8h                cutoff 2026-07-31T15:35:00+00:00 already passed at 2026-08-0
  late_prevented #2 PDX v IND @ T-8h                cutoff 2026-07-31T18:06:00+00:00 already passed at 2026-08-0
  late_prevented #3 ATL v SEA @ T-30m               cutoff 2026-07-31T23:05:00+00:00 already passed at 2026-08-0
  late_prevented #4 WAS v DAL @ T-30m               cutoff 2026-07-31T23:05:00+00:00 already passed at 2026-08-0
  late_prevented #5 PDX v IND @ T-90m               cutoff 2026-08-01T00:36:00+00:00 already passed at 2026-08-0
  late_prevented #6 CHI v LVA @ T-90m               cutoff 2026-08-01T15:35:00+00:00 already passed at 2026-08-0
  late_prevented #7 PHX v NYL @ T-90m               cutoff 2026-08-01T17:34:00+00:00 already passed at 2026-08-0
  skip           #8 CHI v LVA @ unknown-tip         base record is an explicit no-forecast; nothing to pair
  skip           #9 PHX v NYL @ unknown-tip         base record is an explicit no-forecast; nothing to pair
  late_prevented #10 NYL v SEA @ T-8h               cutoff 2026-08-03T15:04:00+00:00 already passed at 2026-08-0
  late_prevented #11 ATL v LVA @ T-8h               cutoff 2026-08-03T15:14:00+00:00 already passed at 2026-08-0
  late_prevented #12 CHI v PHX @ T-8h               cutoff 2026-08-03T17:08:00+00:00 already passed at 2026-08-0
  already_logged #13 NYL v SEA @ T-90m              idempotent: pair exists
  already_logged #14 ATL v LVA @ T-90m              idempotent: pair exists
  already_logged #15 CHI v PHX @ T-90m              idempotent: pair exists
  already_logged #16 NYL v SEA @ T-90m              idempotent: pair exists
  already_logged #17 ATL v LVA @ T-90m              idempotent: pair exists
  already_logged #18 CHI v PHX @ T-90m              idempotent: pair exists
  late_prevented #19 NYL v SEA @ T-30m              cutoff 2026-08-03T22:34:00+00:00 already passed at 2026-08-0
  late_prevented #20 ATL v LVA @ T-30m              cutoff 2026-08-03T22:44:00+00:00 already passed at 2026-08-0
  already_logged #21 CHI v PHX @ T-90m              idempotent: pair exists

  already_logged=7, late_prevented=13, skip=2
  arm chain: ok=True n=3 tip=ec597f6077f3ad76
  receipt appended to prospective_pair_runs.jsonl
[arm] exit=0 
====================================================================================================
FORECAST COVERAGE AUDIT   generated 2026-08-04T14:15:08.512501+00:00
====================================================================================================

CUMULATIVE by classification
  missing_job_did_not_run      26
  not_yet_due                  23
  before_period_start          15
  forecast_logged              14
  missing_data_unavailable     4
  late_record                  2

  obligations 84 | due 46 | served 14 | coverage 30.4%
  operational misses 26 | unexplained 0
  PROMOTION-GRADE: NO   (needs >= 95% served, <= 0 operational misses, all explained)

DAILY
  date         oblig  served     due     excl    opmiss arm_recs
  2026-07-30      12       0       0       12         0        0
  2026-07-31      12       6       9        3         0        0
  2026-08-01       8       2       8        0         6        0
  2026-08-02      16       0      16        0        16        0
  2026-08-03      12       6      12        0         3        3
  2026-08-04       4       0       1        3         1        0
  2026-08-05      16       0       0       16         0        0
  2026-08-06       4       0       0        4         0        0

EVERY MISSING OR IRREGULAR OBLIGATION (each must carry an explanation)
  2026-07-31 ATL v SEA T-90m   missing_data_unavailable   job served 1 other game(s) on 2026-07-31 at T-90m
  2026-07-31 WAS v DAL T-90m   missing_data_unavailable   job served 1 other game(s) on 2026-07-31 at T-90m
  2026-07-31 PDX v IND T-30m   missing_data_unavailable   job served 2 other game(s) on 2026-07-31 at T-30m
  2026-08-01 CHI v LVA T-24h   missing_job_did_not_run    no base record for ANY game on 2026-08-01 at T-24h
  2026-08-01 CHI v LVA T-8h    missing_job_did_not_run    no base record for ANY game on 2026-08-01 at T-8h
  2026-08-01 CHI v LVA T-30m   missing_job_did_not_run    no base record for ANY game on 2026-08-01 at T-30m
  2026-08-01 PHX v NYL T-24h   missing_job_did_not_run    no base record for ANY game on 2026-08-01 at T-24h
  2026-08-01 PHX v NYL T-8h    missing_job_did_not_run    no base record for ANY game on 2026-08-01 at T-8h
  2026-08-01 PHX v NYL T-30m   missing_job_did_not_run    no base record for ANY game on 2026-08-01 at T-30m
  2026-08-02 DAL v CON T-24h   missing_job_did_not_run    no base record for ANY game on 2026-08-02 at T-24h
  2026-08-02 DAL v CON T-8h    missing_job_did_not_run    no base record for ANY game on 2026-08-02 at T-8h
  2026-08-02 DAL v CON T-90m   missing_job_did_not_run    no base record for ANY game on 2026-08-02 at T-90m
  2026-08-02 DAL v CON T-30m   missing_job_did_not_run    no base record for ANY game on 2026-08-02 at T-30m
  2026-08-02 GSV v TOR T-24h   missing_job_did_not_run    no base record for ANY game on 2026-08-02 at T-24h
  2026-08-02 GSV v TOR T-8h    missing_job_did_not_run    no base record for ANY game on 2026-08-02 at T-8h
  2026-08-02 GSV v TOR T-90m   missing_job_did_not_run    no base record for ANY game on 2026-08-02 at T-90m
  2026-08-02 GSV v TOR T-30m   missing_job_did_not_run    no base record for ANY game on 2026-08-02 at T-30m
  2026-08-02 MIN v IND T-24h   missing_job_did_not_run    no base record for ANY game on 2026-08-02 at T-24h
  2026-08-02 MIN v IND T-8h    missing_job_did_not_run    no base record for ANY game on 2026-08-02 at T-8h
  2026-08-02 MIN v IND T-90m   missing_job_did_not_run    no base record for ANY game on 2026-08-02 at T-90m
  2026-08-02 MIN v IND T-30m   missing_job_did_not_run    no base record for ANY game on 2026-08-02 at T-30m
  2026-08-02 PDX v LAS T-24h   missing_job_did_not_run    no base record for ANY game on 2026-08-02 at T-24h
  2026-08-02 PDX v LAS T-8h    missing_job_did_not_run    no base record for ANY game on 2026-08-02 at T-8h
  2026-08-02 PDX v LAS T-90m   missing_job_did_not_run    no base record for ANY game on 2026-08-02 at T-90m
  2026-08-02 PDX v LAS T-30m   missing_job_did_not_run    no base record for ANY game on 2026-08-02 at T-30m
  2026-08-03 NYL v SEA T-24h   missing_job_did_not_run    no base record for ANY game on 2026-08-03 at T-24h
  2026-08-03 NYL v SEA T-30m   late_record                created 2026-08-03T22:45:08.958486+00:00 after cutoff
  2026-08-03 ATL v LVA T-24h   missing_job_did_not_run    no base record for ANY game on 2026-08-03 at T-24h
  2026-08-03 ATL v LVA T-30m   late_record                created 2026-08-03T22:45:08.976775+00:00 after cutoff
  2026-08-03 CHI v PHX T-24h   missing_job_did_not_run    no base record for ANY game on 2026-08-03 at T-24h
  2026-08-03 CHI v PHX T-30m   missing_data_unavailable   job served 2 other game(s) on 2026-08-03 at T-30m
  2026-08-04 GSV v TOR T-24h   missing_job_did_not_run    no base record for ANY game on 2026-08-04 at T-24h

wrote forecasts/coverage_audit.csv and forecasts/coverage_receipt.json
[audit] exit=0 
==== Tue 08/04/2026 10:30:03.39 ==== 
[gate] 2026-08-04T14:30:04.340271+00:00  fire=False  -- would duplicate 1 already-served obligation(s); the base job cannot be scoped to one game
       GSV v TOR      T-8h    SERVED   cutoff 2026-08-04T18:00:00 (+210 min) 
[gate] HOLDING: firing now would append 1 permanent duplicate record(s) to an append-only chain. A missed obligation is recoverable; a duplicate is not.
[gate] skipping the base job
[base] skipped - no unserved obligation in its lead window 
[base] exit=0 
================================================================================================
PROSPECTIVE PAIR RUNNER  2026-08-04T14:30:06.442135+00:00  model=ridge_score_level_w2c1_v1 hash=5d295bb8b99cd34e
================================================================================================
base records in official chain: 23
  late_prevented #0 ATL v SEA @ T-8h                cutoff 2026-07-31T15:35:00+00:00 already passed at 2026-08-0
  late_prevented #1 WAS v DAL @ T-8h                cutoff 2026-07-31T15:35:00+00:00 already passed at 2026-08-0
  late_prevented #2 PDX v IND @ T-8h                cutoff 2026-07-31T18:06:00+00:00 already passed at 2026-08-0
  late_prevented #3 ATL v SEA @ T-30m               cutoff 2026-07-31T23:05:00+00:00 already passed at 2026-08-0
  late_prevented #4 WAS v DAL @ T-30m               cutoff 2026-07-31T23:05:00+00:00 already passed at 2026-08-0
  late_prevented #5 PDX v IND @ T-90m               cutoff 2026-08-01T00:36:00+00:00 already passed at 2026-08-0
  late_prevented #6 CHI v LVA @ T-90m               cutoff 2026-08-01T15:35:00+00:00 already passed at 2026-08-0
  late_prevented #7 PHX v NYL @ T-90m               cutoff 2026-08-01T17:34:00+00:00 already passed at 2026-08-0
  skip           #8 CHI v LVA @ unknown-tip         base record is an explicit no-forecast; nothing to pair
  skip           #9 PHX v NYL @ unknown-tip         base record is an explicit no-forecast; nothing to pair
  late_prevented #10 NYL v SEA @ T-8h               cutoff 2026-08-03T15:04:00+00:00 already passed at 2026-08-0
  late_prevented #11 ATL v LVA @ T-8h               cutoff 2026-08-03T15:14:00+00:00 already passed at 2026-08-0
  late_prevented #12 CHI v PHX @ T-8h               cutoff 2026-08-03T17:08:00+00:00 already passed at 2026-08-0
  already_logged #13 NYL v SEA @ T-90m              idempotent: pair exists
  already_logged #14 ATL v LVA @ T-90m              idempotent: pair exists
  already_logged #15 CHI v PHX @ T-90m              idempotent: pair exists
  already_logged #16 NYL v SEA @ T-90m              idempotent: pair exists
  already_logged #17 ATL v LVA @ T-90m              idempotent: pair exists
  already_logged #18 CHI v PHX @ T-90m              idempotent: pair exists
  late_prevented #19 NYL v SEA @ T-30m              cutoff 2026-08-03T22:34:00+00:00 already passed at 2026-08-0
  late_prevented #20 ATL v LVA @ T-30m              cutoff 2026-08-03T22:44:00+00:00 already passed at 2026-08-0
  already_logged #21 CHI v PHX @ T-90m              idempotent: pair exists
  forecast       #22 GSV v TOR @ T-8h                 home 89.7 away 77.1 margin +12.61 total 166.9

  already_logged=7, forecast=1, late_prevented=13, skip=2
  arm chain: ok=True n=4 tip=71ebddc3ba3a9c91
  receipt appended to prospective_pair_runs.jsonl
[arm] exit=0 
====================================================================================================
FORECAST COVERAGE AUDIT   generated 2026-08-04T14:30:07.859947+00:00
====================================================================================================

CUMULATIVE by classification
  missing_job_did_not_run      26
  not_yet_due                  22
  before_period_start          15
  forecast_logged              15
  missing_data_unavailable     4
  late_record                  2

  obligations 84 | due 47 | served 15 | coverage 31.9%
  operational misses 26 | unexplained 0
  PROMOTION-GRADE: NO   (needs >= 95% served, <= 0 operational misses, all explained)

DAILY
  date         oblig  served     due     excl    opmiss arm_recs
  2026-07-30      12       0       0       12         0        0
  2026-07-31      12       6       9        3         0        0
  2026-08-01       8       2       8        0         6        0
  2026-08-02      16       0      16        0        16        0
  2026-08-03      12       6      12        0         3        3
  2026-08-04       4       1       2        2         1        1
  2026-08-05      16       0       0       16         0        0
  2026-08-06       4       0       0        4         0        0

EVERY MISSING OR IRREGULAR OBLIGATION (each must carry an explanation)
  2026-07-31 ATL v SEA T-90m   missing_data_unavailable   job served 1 other game(s) on 2026-07-31 at T-90m
  2026-07-31 WAS v DAL T-90m   missing_data_unavailable   job served 1 other game(s) on 2026-07-31 at T-90m
  2026-07-31 PDX v IND T-30m   missing_data_unavailable   job served 2 other game(s) on 2026-07-31 at T-30m
  2026-08-01 CHI v LVA T-24h   missing_job_did_not_run    no base record for ANY game on 2026-08-01 at T-24h
  2026-08-01 CHI v LVA T-8h    missing_job_did_not_run    no base record for ANY game on 2026-08-01 at T-8h
  2026-08-01 CHI v LVA T-30m   missing_job_did_not_run    no base record for ANY game on 2026-08-01 at T-30m
  2026-08-01 PHX v NYL T-24h   missing_job_did_not_run    no base record for ANY game on 2026-08-01 at T-24h
  2026-08-01 PHX v NYL T-8h    missing_job_did_not_run    no base record for ANY game on 2026-08-01 at T-8h
  2026-08-01 PHX v NYL T-30m   missing_job_did_not_run    no base record for ANY game on 2026-08-01 at T-30m
  2026-08-02 DAL v CON T-24h   missing_job_did_not_run    no base record for ANY game on 2026-08-02 at T-24h
  2026-08-02 DAL v CON T-8h    missing_job_did_not_run    no base record for ANY game on 2026-08-02 at T-8h
  2026-08-02 DAL v CON T-90m   missing_job_did_not_run    no base record for ANY game on 2026-08-02 at T-90m
  2026-08-02 DAL v CON T-30m   missing_job_did_not_run    no base record for ANY game on 2026-08-02 at T-30m
  2026-08-02 GSV v TOR T-24h   missing_job_did_not_run    no base record for ANY game on 2026-08-02 at T-24h
  2026-08-02 GSV v TOR T-8h    missing_job_did_not_run    no base record for ANY game on 2026-08-02 at T-8h
  2026-08-02 GSV v TOR T-90m   missing_job_did_not_run    no base record for ANY game on 2026-08-02 at T-90m
  2026-08-02 GSV v TOR T-30m   missing_job_did_not_run    no base record for ANY game on 2026-08-02 at T-30m
  2026-08-02 MIN v IND T-24h   missing_job_did_not_run    no base record for ANY game on 2026-08-02 at T-24h
  2026-08-02 MIN v IND T-8h    missing_job_did_not_run    no base record for ANY game on 2026-08-02 at T-8h
  2026-08-02 MIN v IND T-90m   missing_job_did_not_run    no base record for ANY game on 2026-08-02 at T-90m
  2026-08-02 MIN v IND T-30m   missing_job_did_not_run    no base record for ANY game on 2026-08-02 at T-30m
  2026-08-02 PDX v LAS T-24h   missing_job_did_not_run    no base record for ANY game on 2026-08-02 at T-24h
  2026-08-02 PDX v LAS T-8h    missing_job_did_not_run    no base record for ANY game on 2026-08-02 at T-8h
  2026-08-02 PDX v LAS T-90m   missing_job_did_not_run    no base record for ANY game on 2026-08-02 at T-90m
  2026-08-02 PDX v LAS T-30m   missing_job_did_not_run    no base record for ANY game on 2026-08-02 at T-30m
  2026-08-03 NYL v SEA T-24h   missing_job_did_not_run    no base record for ANY game on 2026-08-03 at T-24h
  2026-08-03 NYL v SEA T-30m   late_record                created 2026-08-03T22:45:08.958486+00:00 after cutoff
  2026-08-03 ATL v LVA T-24h   missing_job_did_not_run    no base record for ANY game on 2026-08-03 at T-24h
  2026-08-03 ATL v LVA T-30m   late_record                created 2026-08-03T22:45:08.976775+00:00 after cutoff
  2026-08-03 CHI v PHX T-24h   missing_job_did_not_run    no base record for ANY game on 2026-08-03 at T-24h
  2026-08-03 CHI v PHX T-30m   missing_data_unavailable   job served 2 other game(s) on 2026-08-03 at T-30m
  2026-08-04 GSV v TOR T-24h   missing_job_did_not_run    no base record for ANY game on 2026-08-04 at T-24h

wrote forecasts/coverage_audit.csv and forecasts/coverage_receipt.json
[audit] exit=0 
==== Tue 08/04/2026 10:45:03.86 ==== 
[gate] 2026-08-04T14:45:05.181340+00:00  fire=False  -- would duplicate 1 already-served obligation(s); the base job cannot be scoped to one game
       GSV v TOR      T-8h    SERVED   cutoff 2026-08-04T18:00:00 (+195 min) 
[gate] HOLDING: firing now would append 1 permanent duplicate record(s) to an append-only chain. A missed obligation is recoverable; a duplicate is not.
[gate] skipping the base job
[base] skipped - no unserved obligation in its lead window 
[base] exit=0 
================================================================================================
PROSPECTIVE PAIR RUNNER  2026-08-04T14:45:09.878821+00:00  model=ridge_score_level_w2c1_v1 hash=5d295bb8b99cd34e
================================================================================================
base records in official chain: 23
  late_prevented #0 ATL v SEA @ T-8h                cutoff 2026-07-31T15:35:00+00:00 already passed at 2026-08-0
  late_prevented #1 WAS v DAL @ T-8h                cutoff 2026-07-31T15:35:00+00:00 already passed at 2026-08-0
  late_prevented #2 PDX v IND @ T-8h                cutoff 2026-07-31T18:06:00+00:00 already passed at 2026-08-0
  late_prevented #3 ATL v SEA @ T-30m               cutoff 2026-07-31T23:05:00+00:00 already passed at 2026-08-0
  late_prevented #4 WAS v DAL @ T-30m               cutoff 2026-07-31T23:05:00+00:00 already passed at 2026-08-0
  late_prevented #5 PDX v IND @ T-90m               cutoff 2026-08-01T00:36:00+00:00 already passed at 2026-08-0
  late_prevented #6 CHI v LVA @ T-90m               cutoff 2026-08-01T15:35:00+00:00 already passed at 2026-08-0
  late_prevented #7 PHX v NYL @ T-90m               cutoff 2026-08-01T17:34:00+00:00 already passed at 2026-08-0
  skip           #8 CHI v LVA @ unknown-tip         base record is an explicit no-forecast; nothing to pair
  skip           #9 PHX v NYL @ unknown-tip         base record is an explicit no-forecast; nothing to pair
  late_prevented #10 NYL v SEA @ T-8h               cutoff 2026-08-03T15:04:00+00:00 already passed at 2026-08-0
  late_prevented #11 ATL v LVA @ T-8h               cutoff 2026-08-03T15:14:00+00:00 already passed at 2026-08-0
  late_prevented #12 CHI v PHX @ T-8h               cutoff 2026-08-03T17:08:00+00:00 already passed at 2026-08-0
  already_logged #13 NYL v SEA @ T-90m              idempotent: pair exists
  already_logged #14 ATL v LVA @ T-90m              idempotent: pair exists
  already_logged #15 CHI v PHX @ T-90m              idempotent: pair exists
  already_logged #16 NYL v SEA @ T-90m              idempotent: pair exists
  already_logged #17 ATL v LVA @ T-90m              idempotent: pair exists
  already_logged #18 CHI v PHX @ T-90m              idempotent: pair exists
  late_prevented #19 NYL v SEA @ T-30m              cutoff 2026-08-03T22:34:00+00:00 already passed at 2026-08-0
  late_prevented #20 ATL v LVA @ T-30m              cutoff 2026-08-03T22:44:00+00:00 already passed at 2026-08-0
  already_logged #21 CHI v PHX @ T-90m              idempotent: pair exists
  already_logged #22 GSV v TOR @ T-8h               idempotent: pair exists

  already_logged=8, late_prevented=13, skip=2
  arm chain: ok=True n=4 tip=71ebddc3ba3a9c91
  receipt appended to prospective_pair_runs.jsonl
[arm] exit=0 
====================================================================================================
FORECAST COVERAGE AUDIT   generated 2026-08-04T14:45:11.656916+00:00
====================================================================================================

CUMULATIVE by classification
  missing_job_did_not_run      26
  not_yet_due                  22
  before_period_start          15
  forecast_logged              15
  missing_data_unavailable     4
  late_record                  2

  obligations 84 | due 47 | served 15 | coverage 31.9%
  operational misses 26 | unexplained 0
  PROMOTION-GRADE: NO   (needs >= 95% served, <= 0 operational misses, all explained)

DAILY
  date         oblig  served     due     excl    opmiss arm_recs
  2026-07-30      12       0       0       12         0        0
  2026-07-31      12       6       9        3         0        0
  2026-08-01       8       2       8        0         6        0
  2026-08-02      16       0      16        0        16        0
  2026-08-03      12       6      12        0         3        3
  2026-08-04       4       1       2        2         1        1
  2026-08-05      16       0       0       16         0        0
  2026-08-06       4       0       0        4         0        0

EVERY MISSING OR IRREGULAR OBLIGATION (each must carry an explanation)
  2026-07-31 ATL v SEA T-90m   missing_data_unavailable   job served 1 other game(s) on 2026-07-31 at T-90m
  2026-07-31 WAS v DAL T-90m   missing_data_unavailable   job served 1 other game(s) on 2026-07-31 at T-90m
  2026-07-31 PDX v IND T-30m   missing_data_unavailable   job served 2 other game(s) on 2026-07-31 at T-30m
  2026-08-01 CHI v LVA T-24h   missing_job_did_not_run    no base record for ANY game on 2026-08-01 at T-24h
  2026-08-01 CHI v LVA T-8h    missing_job_did_not_run    no base record for ANY game on 2026-08-01 at T-8h
  2026-08-01 CHI v LVA T-30m   missing_job_did_not_run    no base record for ANY game on 2026-08-01 at T-30m
  2026-08-01 PHX v NYL T-24h   missing_job_did_not_run    no base record for ANY game on 2026-08-01 at T-24h
  2026-08-01 PHX v NYL T-8h    missing_job_did_not_run    no base record for ANY game on 2026-08-01 at T-8h
  2026-08-01 PHX v NYL T-30m   missing_job_did_not_run    no base record for ANY game on 2026-08-01 at T-30m
  2026-08-02 DAL v CON T-24h   missing_job_did_not_run    no base record for ANY game on 2026-08-02 at T-24h
  2026-08-02 DAL v CON T-8h    missing_job_did_not_run    no base record for ANY game on 2026-08-02 at T-8h
  2026-08-02 DAL v CON T-90m   missing_job_did_not_run    no base record for ANY game on 2026-08-02 at T-90m
  2026-08-02 DAL v CON T-30m   missing_job_did_not_run    no base record for ANY game on 2026-08-02 at T-30m
  2026-08-02 GSV v TOR T-24h   missing_job_did_not_run    no base record for ANY game on 2026-08-02 at T-24h
  2026-08-02 GSV v TOR T-8h    missing_job_did_not_run    no base record for ANY game on 2026-08-02 at T-8h
  2026-08-02 GSV v TOR T-90m   missing_job_did_not_run    no base record for ANY game on 2026-08-02 at T-90m
  2026-08-02 GSV v TOR T-30m   missing_job_did_not_run    no base record for ANY game on 2026-08-02 at T-30m
  2026-08-02 MIN v IND T-24h   missing_job_did_not_run    no base record for ANY game on 2026-08-02 at T-24h
  2026-08-02 MIN v IND T-8h    missing_job_did_not_run    no base record for ANY game on 2026-08-02 at T-8h
  2026-08-02 MIN v IND T-90m   missing_job_did_not_run    no base record for ANY game on 2026-08-02 at T-90m
  2026-08-02 MIN v IND T-30m   missing_job_did_not_run    no base record for ANY game on 2026-08-02 at T-30m
  2026-08-02 PDX v LAS T-24h   missing_job_did_not_run    no base record for ANY game on 2026-08-02 at T-24h
  2026-08-02 PDX v LAS T-8h    missing_job_did_not_run    no base record for ANY game on 2026-08-02 at T-8h
  2026-08-02 PDX v LAS T-90m   missing_job_did_not_run    no base record for ANY game on 2026-08-02 at T-90m
  2026-08-02 PDX v LAS T-30m   missing_job_did_not_run    no base record for ANY game on 2026-08-02 at T-30m
  2026-08-03 NYL v SEA T-24h   missing_job_did_not_run    no base record for ANY game on 2026-08-03 at T-24h
  2026-08-03 NYL v SEA T-30m   late_record                created 2026-08-03T22:45:08.958486+00:00 after cutoff
  2026-08-03 ATL v LVA T-24h   missing_job_did_not_run    no base record for ANY game on 2026-08-03 at T-24h
  2026-08-03 ATL v LVA T-30m   late_record                created 2026-08-03T22:45:08.976775+00:00 after cutoff
  2026-08-03 CHI v PHX T-24h   missing_job_did_not_run    no base record for ANY game on 2026-08-03 at T-24h
  2026-08-03 CHI v PHX T-30m   missing_data_unavailable   job served 2 other game(s) on 2026-08-03 at T-30m
  2026-08-04 GSV v TOR T-24h   missing_job_did_not_run    no base record for ANY game on 2026-08-04 at T-24h

wrote forecasts/coverage_audit.csv and forecasts/coverage_receipt.json
[audit] exit=0 
==== Tue 08/04/2026 11:00:03.64 ==== 
[gate] 2026-08-04T15:00:08.227312+00:00  fire=False  -- would duplicate 1 already-served obligation(s); the base job cannot be scoped to one game
       GSV v TOR      T-8h    SERVED   cutoff 2026-08-04T18:00:00 (+180 min) 
[gate] HOLDING: firing now would append 1 permanent duplicate record(s) to an append-only chain. A missed obligation is recoverable; a duplicate is not.
[gate] skipping the base job
[base] skipped - no unserved obligation in its lead window 
[base] exit=0 
================================================================================================
PROSPECTIVE PAIR RUNNER  2026-08-04T15:00:11.263284+00:00  model=ridge_score_level_w2c1_v1 hash=5d295bb8b99cd34e
================================================================================================
base records in official chain: 23
  late_prevented #0 ATL v SEA @ T-8h                cutoff 2026-07-31T15:35:00+00:00 already passed at 2026-08-0
  late_prevented #1 WAS v DAL @ T-8h                cutoff 2026-07-31T15:35:00+00:00 already passed at 2026-08-0
  late_prevented #2 PDX v IND @ T-8h                cutoff 2026-07-31T18:06:00+00:00 already passed at 2026-08-0
  late_prevented #3 ATL v SEA @ T-30m               cutoff 2026-07-31T23:05:00+00:00 already passed at 2026-08-0
  late_prevented #4 WAS v DAL @ T-30m               cutoff 2026-07-31T23:05:00+00:00 already passed at 2026-08-0
  late_prevented #5 PDX v IND @ T-90m               cutoff 2026-08-01T00:36:00+00:00 already passed at 2026-08-0
  late_prevented #6 CHI v LVA @ T-90m               cutoff 2026-08-01T15:35:00+00:00 already passed at 2026-08-0
  late_prevented #7 PHX v NYL @ T-90m               cutoff 2026-08-01T17:34:00+00:00 already passed at 2026-08-0
  skip           #8 CHI v LVA @ unknown-tip         base record is an explicit no-forecast; nothing to pair
  skip           #9 PHX v NYL @ unknown-tip         base record is an explicit no-forecast; nothing to pair
  late_prevented #10 NYL v SEA @ T-8h               cutoff 2026-08-03T15:04:00+00:00 already passed at 2026-08-0
  late_prevented #11 ATL v LVA @ T-8h               cutoff 2026-08-03T15:14:00+00:00 already passed at 2026-08-0
  late_prevented #12 CHI v PHX @ T-8h               cutoff 2026-08-03T17:08:00+00:00 already passed at 2026-08-0
  already_logged #13 NYL v SEA @ T-90m              idempotent: pair exists
  already_logged #14 ATL v LVA @ T-90m              idempotent: pair exists
  already_logged #15 CHI v PHX @ T-90m              idempotent: pair exists
  already_logged #16 NYL v SEA @ T-90m              idempotent: pair exists
  already_logged #17 ATL v LVA @ T-90m              idempotent: pair exists
  already_logged #18 CHI v PHX @ T-90m              idempotent: pair exists
  late_prevented #19 NYL v SEA @ T-30m              cutoff 2026-08-03T22:34:00+00:00 already passed at 2026-08-0
  late_prevented #20 ATL v LVA @ T-30m              cutoff 2026-08-03T22:44:00+00:00 already passed at 2026-08-0
  already_logged #21 CHI v PHX @ T-90m              idempotent: pair exists
  already_logged #22 GSV v TOR @ T-8h               idempotent: pair exists

  already_logged=8, late_prevented=13, skip=2
  arm chain: ok=True n=4 tip=71ebddc3ba3a9c91
  receipt appended to prospective_pair_runs.jsonl
[arm] exit=0 
====================================================================================================
FORECAST COVERAGE AUDIT   generated 2026-08-04T15:00:12.559422+00:00
====================================================================================================

CUMULATIVE by classification
  missing_job_did_not_run      26
  not_yet_due                  22
  before_period_start          15
  forecast_logged              15
  missing_data_unavailable     4
  late_record                  2

  obligations 84 | due 47 | served 15 | coverage 31.9%
  operational misses 26 | unexplained 0
  PROMOTION-GRADE: NO   (needs >= 95% served, <= 0 operational misses, all explained)

DAILY
  date         oblig  served     due     excl    opmiss arm_recs
  2026-07-30      12       0       0       12         0        0
  2026-07-31      12       6       9        3         0        0
  2026-08-01       8       2       8        0         6        0
  2026-08-02      16       0      16        0        16        0
  2026-08-03      12       6      12        0         3        3
  2026-08-04       4       1       2        2         1        1
  2026-08-05      16       0       0       16         0        0
  2026-08-06       4       0       0        4         0        0

EVERY MISSING OR IRREGULAR OBLIGATION (each must carry an explanation)
  2026-07-31 ATL v SEA T-90m   missing_data_unavailable   job served 1 other game(s) on 2026-07-31 at T-90m
  2026-07-31 WAS v DAL T-90m   missing_data_unavailable   job served 1 other game(s) on 2026-07-31 at T-90m
  2026-07-31 PDX v IND T-30m   missing_data_unavailable   job served 2 other game(s) on 2026-07-31 at T-30m
  2026-08-01 CHI v LVA T-24h   missing_job_did_not_run    no base record for ANY game on 2026-08-01 at T-24h
  2026-08-01 CHI v LVA T-8h    missing_job_did_not_run    no base record for ANY game on 2026-08-01 at T-8h
  2026-08-01 CHI v LVA T-30m   missing_job_did_not_run    no base record for ANY game on 2026-08-01 at T-30m
  2026-08-01 PHX v NYL T-24h   missing_job_did_not_run    no base record for ANY game on 2026-08-01 at T-24h
  2026-08-01 PHX v NYL T-8h    missing_job_did_not_run    no base record for ANY game on 2026-08-01 at T-8h
  2026-08-01 PHX v NYL T-30m   missing_job_did_not_run    no base record for ANY game on 2026-08-01 at T-30m
  2026-08-02 DAL v CON T-24h   missing_job_did_not_run    no base record for ANY game on 2026-08-02 at T-24h
  2026-08-02 DAL v CON T-8h    missing_job_did_not_run    no base record for ANY game on 2026-08-02 at T-8h
  2026-08-02 DAL v CON T-90m   missing_job_did_not_run    no base record for ANY game on 2026-08-02 at T-90m
  2026-08-02 DAL v CON T-30m   missing_job_did_not_run    no base record for ANY game on 2026-08-02 at T-30m
  2026-08-02 GSV v TOR T-24h   missing_job_did_not_run    no base record for ANY game on 2026-08-02 at T-24h
  2026-08-02 GSV v TOR T-8h    missing_job_did_not_run    no base record for ANY game on 2026-08-02 at T-8h
  2026-08-02 GSV v TOR T-90m   missing_job_did_not_run    no base record for ANY game on 2026-08-02 at T-90m
  2026-08-02 GSV v TOR T-30m   missing_job_did_not_run    no base record for ANY game on 2026-08-02 at T-30m
  2026-08-02 MIN v IND T-24h   missing_job_did_not_run    no base record for ANY game on 2026-08-02 at T-24h
  2026-08-02 MIN v IND T-8h    missing_job_did_not_run    no base record for ANY game on 2026-08-02 at T-8h
  2026-08-02 MIN v IND T-90m   missing_job_did_not_run    no base record for ANY game on 2026-08-02 at T-90m
  2026-08-02 MIN v IND T-30m   missing_job_did_not_run    no base record for ANY game on 2026-08-02 at T-30m
  2026-08-02 PDX v LAS T-24h   missing_job_did_not_run    no base record for ANY game on 2026-08-02 at T-24h
  2026-08-02 PDX v LAS T-8h    missing_job_did_not_run    no base record for ANY game on 2026-08-02 at T-8h
  2026-08-02 PDX v LAS T-90m   missing_job_did_not_run    no base record for ANY game on 2026-08-02 at T-90m
  2026-08-02 PDX v LAS T-30m   missing_job_did_not_run    no base record for ANY game on 2026-08-02 at T-30m
  2026-08-03 NYL v SEA T-24h   missing_job_did_not_run    no base record for ANY game on 2026-08-03 at T-24h
  2026-08-03 NYL v SEA T-30m   late_record                created 2026-08-03T22:45:08.958486+00:00 after cutoff
  2026-08-03 ATL v LVA T-24h   missing_job_did_not_run    no base record for ANY game on 2026-08-03 at T-24h
  2026-08-03 ATL v LVA T-30m   late_record                created 2026-08-03T22:45:08.976775+00:00 after cutoff
  2026-08-03 CHI v PHX T-24h   missing_job_did_not_run    no base record for ANY game on 2026-08-03 at T-24h
  2026-08-03 CHI v PHX T-30m   missing_data_unavailable   job served 2 other game(s) on 2026-08-03 at T-30m
  2026-08-04 GSV v TOR T-24h   missing_job_did_not_run    no base record for ANY game on 2026-08-04 at T-24h

wrote forecasts/coverage_audit.csv and forecasts/coverage_receipt.json
[audit] exit=0 
==== Tue 08/04/2026 11:15:07.32 ==== 
[gate] 2026-08-04T15:15:08.863988+00:00  fire=False  -- would duplicate 1 already-served obligation(s); the base job cannot be scoped to one game
       GSV v TOR      T-8h    SERVED   cutoff 2026-08-04T18:00:00 (+165 min) 
[gate] HOLDING: firing now would append 1 permanent duplicate record(s) to an append-only chain. A missed obligation is recoverable; a duplicate is not.
[gate] skipping the base job
[base] skipped - no unserved obligation in its lead window 
[base] exit=0 
================================================================================================
PROSPECTIVE PAIR RUNNER  2026-08-04T15:15:10.468348+00:00  model=ridge_score_level_w2c1_v1 hash=5d295bb8b99cd34e
================================================================================================
base records in official chain: 23
  late_prevented #0 ATL v SEA @ T-8h                cutoff 2026-07-31T15:35:00+00:00 already passed at 2026-08-0
  late_prevented #1 WAS v DAL @ T-8h                cutoff 2026-07-31T15:35:00+00:00 already passed at 2026-08-0
  late_prevented #2 PDX v IND @ T-8h                cutoff 2026-07-31T18:06:00+00:00 already passed at 2026-08-0
  late_prevented #3 ATL v SEA @ T-30m               cutoff 2026-07-31T23:05:00+00:00 already passed at 2026-08-0
  late_prevented #4 WAS v DAL @ T-30m               cutoff 2026-07-31T23:05:00+00:00 already passed at 2026-08-0
  late_prevented #5 PDX v IND @ T-90m               cutoff 2026-08-01T00:36:00+00:00 already passed at 2026-08-0
  late_prevented #6 CHI v LVA @ T-90m               cutoff 2026-08-01T15:35:00+00:00 already passed at 2026-08-0
  late_prevented #7 PHX v NYL @ T-90m               cutoff 2026-08-01T17:34:00+00:00 already passed at 2026-08-0
  skip           #8 CHI v LVA @ unknown-tip         base record is an explicit no-forecast; nothing to pair
  skip           #9 PHX v NYL @ unknown-tip         base record is an explicit no-forecast; nothing to pair
  late_prevented #10 NYL v SEA @ T-8h               cutoff 2026-08-03T15:04:00+00:00 already passed at 2026-08-0
  late_prevented #11 ATL v LVA @ T-8h               cutoff 2026-08-03T15:14:00+00:00 already passed at 2026-08-0
  late_prevented #12 CHI v PHX @ T-8h               cutoff 2026-08-03T17:08:00+00:00 already passed at 2026-08-0
  already_logged #13 NYL v SEA @ T-90m              idempotent: pair exists
  already_logged #14 ATL v LVA @ T-90m              idempotent: pair exists
  already_logged #15 CHI v PHX @ T-90m              idempotent: pair exists
  already_logged #16 NYL v SEA @ T-90m              idempotent: pair exists
  already_logged #17 ATL v LVA @ T-90m              idempotent: pair exists
  already_logged #18 CHI v PHX @ T-90m              idempotent: pair exists
  late_prevented #19 NYL v SEA @ T-30m              cutoff 2026-08-03T22:34:00+00:00 already passed at 2026-08-0
  late_prevented #20 ATL v LVA @ T-30m              cutoff 2026-08-03T22:44:00+00:00 already passed at 2026-08-0
  already_logged #21 CHI v PHX @ T-90m              idempotent: pair exists
  already_logged #22 GSV v TOR @ T-8h               idempotent: pair exists

  already_logged=8, late_prevented=13, skip=2
  arm chain: ok=True n=4 tip=71ebddc3ba3a9c91
  receipt appended to prospective_pair_runs.jsonl
[arm] exit=0 
====================================================================================================
FORECAST COVERAGE AUDIT   generated 2026-08-04T15:15:12.458395+00:00
====================================================================================================

CUMULATIVE by classification
  missing_job_did_not_run      26
  not_yet_due                  22
  before_period_start          15
  forecast_logged              15
  missing_data_unavailable     4
  late_record                  2

  obligations 84 | due 47 | served 15 | coverage 31.9%
  operational misses 26 | unexplained 0
  PROMOTION-GRADE: NO   (needs >= 95% served, <= 0 operational misses, all explained)

DAILY
  date         oblig  served     due     excl    opmiss arm_recs
  2026-07-30      12       0       0       12         0        0
  2026-07-31      12       6       9        3         0        0
  2026-08-01       8       2       8        0         6        0
  2026-08-02      16       0      16        0        16        0
  2026-08-03      12       6      12        0         3        3
  2026-08-04       4       1       2        2         1        1
  2026-08-05      16       0       0       16         0        0
  2026-08-06       4       0       0        4         0        0

EVERY MISSING OR IRREGULAR OBLIGATION (each must carry an explanation)
  2026-07-31 ATL v SEA T-90m   missing_data_unavailable   job served 1 other game(s) on 2026-07-31 at T-90m
  2026-07-31 WAS v DAL T-90m   missing_data_unavailable   job served 1 other game(s) on 2026-07-31 at T-90m
  2026-07-31 PDX v IND T-30m   missing_data_unavailable   job served 2 other game(s) on 2026-07-31 at T-30m
  2026-08-01 CHI v LVA T-24h   missing_job_did_not_run    no base record for ANY game on 2026-08-01 at T-24h
  2026-08-01 CHI v LVA T-8h    missing_job_did_not_run    no base record for ANY game on 2026-08-01 at T-8h
  2026-08-01 CHI v LVA T-30m   missing_job_did_not_run    no base record for ANY game on 2026-08-01 at T-30m
  2026-08-01 PHX v NYL T-24h   missing_job_did_not_run    no base record for ANY game on 2026-08-01 at T-24h
  2026-08-01 PHX v NYL T-8h    missing_job_did_not_run    no base record for ANY game on 2026-08-01 at T-8h
  2026-08-01 PHX v NYL T-30m   missing_job_did_not_run    no base record for ANY game on 2026-08-01 at T-30m
  2026-08-02 DAL v CON T-24h   missing_job_did_not_run    no base record for ANY game on 2026-08-02 at T-24h
  2026-08-02 DAL v CON T-8h    missing_job_did_not_run    no base record for ANY game on 2026-08-02 at T-8h
  2026-08-02 DAL v CON T-90m   missing_job_did_not_run    no base record for ANY game on 2026-08-02 at T-90m
  2026-08-02 DAL v CON T-30m   missing_job_did_not_run    no base record for ANY game on 2026-08-02 at T-30m
  2026-08-02 GSV v TOR T-24h   missing_job_did_not_run    no base record for ANY game on 2026-08-02 at T-24h
  2026-08-02 GSV v TOR T-8h    missing_job_did_not_run    no base record for ANY game on 2026-08-02 at T-8h
  2026-08-02 GSV v TOR T-90m   missing_job_did_not_run    no base record for ANY game on 2026-08-02 at T-90m
  2026-08-02 GSV v TOR T-30m   missing_job_did_not_run    no base record for ANY game on 2026-08-02 at T-30m
  2026-08-02 MIN v IND T-24h   missing_job_did_not_run    no base record for ANY game on 2026-08-02 at T-24h
  2026-08-02 MIN v IND T-8h    missing_job_did_not_run    no base record for ANY game on 2026-08-02 at T-8h
  2026-08-02 MIN v IND T-90m   missing_job_did_not_run    no base record for ANY game on 2026-08-02 at T-90m
  2026-08-02 MIN v IND T-30m   missing_job_did_not_run    no base record for ANY game on 2026-08-02 at T-30m
  2026-08-02 PDX v LAS T-24h   missing_job_did_not_run    no base record for ANY game on 2026-08-02 at T-24h
  2026-08-02 PDX v LAS T-8h    missing_job_did_not_run    no base record for ANY game on 2026-08-02 at T-8h
  2026-08-02 PDX v LAS T-90m   missing_job_did_not_run    no base record for ANY game on 2026-08-02 at T-90m
  2026-08-02 PDX v LAS T-30m   missing_job_did_not_run    no base record for ANY game on 2026-08-02 at T-30m
  2026-08-03 NYL v SEA T-24h   missing_job_did_not_run    no base record for ANY game on 2026-08-03 at T-24h
  2026-08-03 NYL v SEA T-30m   late_record                created 2026-08-03T22:45:08.958486+00:00 after cutoff
  2026-08-03 ATL v LVA T-24h   missing_job_did_not_run    no base record for ANY game on 2026-08-03 at T-24h
  2026-08-03 ATL v LVA T-30m   late_record                created 2026-08-03T22:45:08.976775+00:00 after cutoff
  2026-08-03 CHI v PHX T-24h   missing_job_did_not_run    no base record for ANY game on 2026-08-03 at T-24h
  2026-08-03 CHI v PHX T-30m   missing_data_unavailable   job served 2 other game(s) on 2026-08-03 at T-30m
  2026-08-04 GSV v TOR T-24h   missing_job_did_not_run    no base record for ANY game on 2026-08-04 at T-24h

wrote forecasts/coverage_audit.csv and forecasts/coverage_receipt.json
[audit] exit=0 
==== Tue 08/04/2026 11:30:03.14 ==== 
[gate] 2026-08-04T15:30:04.187860+00:00  fire=False  -- would duplicate 1 already-served obligation(s); the base job cannot be scoped to one game
       GSV v TOR      T-8h    SERVED   cutoff 2026-08-04T18:00:00 (+150 min) 
[gate] HOLDING: firing now would append 1 permanent duplicate record(s) to an append-only chain. A missed obligation is recoverable; a duplicate is not.
[gate] skipping the base job
[base] skipped - no unserved obligation in its lead window 
[base] exit=0 
================================================================================================
PROSPECTIVE PAIR RUNNER  2026-08-04T15:30:05.134802+00:00  model=ridge_score_level_w2c1_v1 hash=5d295bb8b99cd34e
================================================================================================
base records in official chain: 23
  late_prevented #0 ATL v SEA @ T-8h                cutoff 2026-07-31T15:35:00+00:00 already passed at 2026-08-0
  late_prevented #1 WAS v DAL @ T-8h                cutoff 2026-07-31T15:35:00+00:00 already passed at 2026-08-0
  late_prevented #2 PDX v IND @ T-8h                cutoff 2026-07-31T18:06:00+00:00 already passed at 2026-08-0
  late_prevented #3 ATL v SEA @ T-30m               cutoff 2026-07-31T23:05:00+00:00 already passed at 2026-08-0
  late_prevented #4 WAS v DAL @ T-30m               cutoff 2026-07-31T23:05:00+00:00 already passed at 2026-08-0
  late_prevented #5 PDX v IND @ T-90m               cutoff 2026-08-01T00:36:00+00:00 already passed at 2026-08-0
  late_prevented #6 CHI v LVA @ T-90m               cutoff 2026-08-01T15:35:00+00:00 already passed at 2026-08-0
  late_prevented #7 PHX v NYL @ T-90m               cutoff 2026-08-01T17:34:00+00:00 already passed at 2026-08-0
  skip           #8 CHI v LVA @ unknown-tip         base record is an explicit no-forecast; nothing to pair
  skip           #9 PHX v NYL @ unknown-tip         base record is an explicit no-forecast; nothing to pair
  late_prevented #10 NYL v SEA @ T-8h               cutoff 2026-08-03T15:04:00+00:00 already passed at 2026-08-0
  late_prevented #11 ATL v LVA @ T-8h               cutoff 2026-08-03T15:14:00+00:00 already passed at 2026-08-0
  late_prevented #12 CHI v PHX @ T-8h               cutoff 2026-08-03T17:08:00+00:00 already passed at 2026-08-0
  already_logged #13 NYL v SEA @ T-90m              idempotent: pair exists
  already_logged #14 ATL v LVA @ T-90m              idempotent: pair exists
  already_logged #15 CHI v PHX @ T-90m              idempotent: pair exists
  already_logged #16 NYL v SEA @ T-90m              idempotent: pair exists
  already_logged #17 ATL v LVA @ T-90m              idempotent: pair exists
  already_logged #18 CHI v PHX @ T-90m              idempotent: pair exists
  late_prevented #19 NYL v SEA @ T-30m              cutoff 2026-08-03T22:34:00+00:00 already passed at 2026-08-0
  late_prevented #20 ATL v LVA @ T-30m              cutoff 2026-08-03T22:44:00+00:00 already passed at 2026-08-0
  already_logged #21 CHI v PHX @ T-90m              idempotent: pair exists
  already_logged #22 GSV v TOR @ T-8h               idempotent: pair exists

  already_logged=8, late_prevented=13, skip=2
  arm chain: ok=True n=4 tip=71ebddc3ba3a9c91
  receipt appended to prospective_pair_runs.jsonl
[arm] exit=0 
====================================================================================================
FORECAST COVERAGE AUDIT   generated 2026-08-04T15:30:06.117969+00:00
====================================================================================================

CUMULATIVE by classification
  missing_job_did_not_run      26
  not_yet_due                  22
  before_period_start          15
  forecast_logged              15
  missing_data_unavailable     4
  late_record                  2

  obligations 84 | due 47 | served 15 | coverage 31.9%
  operational misses 26 | unexplained 0
  PROMOTION-GRADE: NO   (needs >= 95% served, <= 0 operational misses, all explained)

DAILY
  date         oblig  served     due     excl    opmiss arm_recs
  2026-07-30      12       0       0       12         0        0
  2026-07-31      12       6       9        3         0        0
  2026-08-01       8       2       8        0         6        0
  2026-08-02      16       0      16        0        16        0
  2026-08-03      12       6      12        0         3        3
  2026-08-04       4       1       2        2         1        1
  2026-08-05      16       0       0       16         0        0
  2026-08-06       4       0       0        4         0        0

EVERY MISSING OR IRREGULAR OBLIGATION (each must carry an explanation)
  2026-07-31 ATL v SEA T-90m   missing_data_unavailable   job served 1 other game(s) on 2026-07-31 at T-90m
  2026-07-31 WAS v DAL T-90m   missing_data_unavailable   job served 1 other game(s) on 2026-07-31 at T-90m
  2026-07-31 PDX v IND T-30m   missing_data_unavailable   job served 2 other game(s) on 2026-07-31 at T-30m
  2026-08-01 CHI v LVA T-24h   missing_job_did_not_run    no base record for ANY game on 2026-08-01 at T-24h
  2026-08-01 CHI v LVA T-8h    missing_job_did_not_run    no base record for ANY game on 2026-08-01 at T-8h
  2026-08-01 CHI v LVA T-30m   missing_job_did_not_run    no base record for ANY game on 2026-08-01 at T-30m
  2026-08-01 PHX v NYL T-24h   missing_job_did_not_run    no base record for ANY game on 2026-08-01 at T-24h
  2026-08-01 PHX v NYL T-8h    missing_job_did_not_run    no base record for ANY game on 2026-08-01 at T-8h
  2026-08-01 PHX v NYL T-30m   missing_job_did_not_run    no base record for ANY game on 2026-08-01 at T-30m
  2026-08-02 DAL v CON T-24h   missing_job_did_not_run    no base record for ANY game on 2026-08-02 at T-24h
  2026-08-02 DAL v CON T-8h    missing_job_did_not_run    no base record for ANY game on 2026-08-02 at T-8h
  2026-08-02 DAL v CON T-90m   missing_job_did_not_run    no base record for ANY game on 2026-08-02 at T-90m
  2026-08-02 DAL v CON T-30m   missing_job_did_not_run    no base record for ANY game on 2026-08-02 at T-30m
  2026-08-02 GSV v TOR T-24h   missing_job_did_not_run    no base record for ANY game on 2026-08-02 at T-24h
  2026-08-02 GSV v TOR T-8h    missing_job_did_not_run    no base record for ANY game on 2026-08-02 at T-8h
  2026-08-02 GSV v TOR T-90m   missing_job_did_not_run    no base record for ANY game on 2026-08-02 at T-90m
  2026-08-02 GSV v TOR T-30m   missing_job_did_not_run    no base record for ANY game on 2026-08-02 at T-30m
  2026-08-02 MIN v IND T-24h   missing_job_did_not_run    no base record for ANY game on 2026-08-02 at T-24h
  2026-08-02 MIN v IND T-8h    missing_job_did_not_run    no base record for ANY game on 2026-08-02 at T-8h
  2026-08-02 MIN v IND T-90m   missing_job_did_not_run    no base record for ANY game on 2026-08-02 at T-90m
  2026-08-02 MIN v IND T-30m   missing_job_did_not_run    no base record for ANY game on 2026-08-02 at T-30m
  2026-08-02 PDX v LAS T-24h   missing_job_did_not_run    no base record for ANY game on 2026-08-02 at T-24h
  2026-08-02 PDX v LAS T-8h    missing_job_did_not_run    no base record for ANY game on 2026-08-02 at T-8h
  2026-08-02 PDX v LAS T-90m   missing_job_did_not_run    no base record for ANY game on 2026-08-02 at T-90m
  2026-08-02 PDX v LAS T-30m   missing_job_did_not_run    no base record for ANY game on 2026-08-02 at T-30m
  2026-08-03 NYL v SEA T-24h   missing_job_did_not_run    no base record for ANY game on 2026-08-03 at T-24h
  2026-08-03 NYL v SEA T-30m   late_record                created 2026-08-03T22:45:08.958486+00:00 after cutoff
  2026-08-03 ATL v LVA T-24h   missing_job_did_not_run    no base record for ANY game on 2026-08-03 at T-24h
  2026-08-03 ATL v LVA T-30m   late_record                created 2026-08-03T22:45:08.976775+00:00 after cutoff
  2026-08-03 CHI v PHX T-24h   missing_job_did_not_run    no base record for ANY game on 2026-08-03 at T-24h
  2026-08-03 CHI v PHX T-30m   missing_data_unavailable   job served 2 other game(s) on 2026-08-03 at T-30m
  2026-08-04 GSV v TOR T-24h   missing_job_did_not_run    no base record for ANY game on 2026-08-04 at T-24h

wrote forecasts/coverage_audit.csv and forecasts/coverage_receipt.json
[audit] exit=0 
==== Tue 08/04/2026 11:45:04.68 ==== 
[gate] 2026-08-04T15:45:05.448140+00:00  fire=False  -- would duplicate 1 already-served obligation(s); the base job cannot be scoped to one game
       GSV v TOR      T-8h    SERVED   cutoff 2026-08-04T18:00:00 (+135 min) 
[gate] HOLDING: firing now would append 1 permanent duplicate record(s) to an append-only chain. A missed obligation is recoverable; a duplicate is not.
[gate] skipping the base job
[base] skipped - no unserved obligation in its lead window 
[base] exit=0 
================================================================================================
PROSPECTIVE PAIR RUNNER  2026-08-04T15:45:08.277624+00:00  model=ridge_score_level_w2c1_v1 hash=5d295bb8b99cd34e
================================================================================================
base records in official chain: 23
  late_prevented #0 ATL v SEA @ T-8h                cutoff 2026-07-31T15:35:00+00:00 already passed at 2026-08-0
  late_prevented #1 WAS v DAL @ T-8h                cutoff 2026-07-31T15:35:00+00:00 already passed at 2026-08-0
  late_prevented #2 PDX v IND @ T-8h                cutoff 2026-07-31T18:06:00+00:00 already passed at 2026-08-0
  late_prevented #3 ATL v SEA @ T-30m               cutoff 2026-07-31T23:05:00+00:00 already passed at 2026-08-0
  late_prevented #4 WAS v DAL @ T-30m               cutoff 2026-07-31T23:05:00+00:00 already passed at 2026-08-0
  late_prevented #5 PDX v IND @ T-90m               cutoff 2026-08-01T00:36:00+00:00 already passed at 2026-08-0
  late_prevented #6 CHI v LVA @ T-90m               cutoff 2026-08-01T15:35:00+00:00 already passed at 2026-08-0
  late_prevented #7 PHX v NYL @ T-90m               cutoff 2026-08-01T17:34:00+00:00 already passed at 2026-08-0
  skip           #8 CHI v LVA @ unknown-tip         base record is an explicit no-forecast; nothing to pair
  skip           #9 PHX v NYL @ unknown-tip         base record is an explicit no-forecast; nothing to pair
  late_prevented #10 NYL v SEA @ T-8h               cutoff 2026-08-03T15:04:00+00:00 already passed at 2026-08-0
  late_prevented #11 ATL v LVA @ T-8h               cutoff 2026-08-03T15:14:00+00:00 already passed at 2026-08-0
  late_prevented #12 CHI v PHX @ T-8h               cutoff 2026-08-03T17:08:00+00:00 already passed at 2026-08-0
  already_logged #13 NYL v SEA @ T-90m              idempotent: pair exists
  already_logged #14 ATL v LVA @ T-90m              idempotent: pair exists
  already_logged #15 CHI v PHX @ T-90m              idempotent: pair exists
  already_logged #16 NYL v SEA @ T-90m              idempotent: pair exists
  already_logged #17 ATL v LVA @ T-90m              idempotent: pair exists
  already_logged #18 CHI v PHX @ T-90m              idempotent: pair exists
  late_prevented #19 NYL v SEA @ T-30m              cutoff 2026-08-03T22:34:00+00:00 already passed at 2026-08-0
  late_prevented #20 ATL v LVA @ T-30m              cutoff 2026-08-03T22:44:00+00:00 already passed at 2026-08-0
  already_logged #21 CHI v PHX @ T-90m              idempotent: pair exists
  already_logged #22 GSV v TOR @ T-8h               idempotent: pair exists

  already_logged=8, late_prevented=13, skip=2
  arm chain: ok=True n=4 tip=71ebddc3ba3a9c91
  receipt appended to prospective_pair_runs.jsonl
[arm] exit=0 
====================================================================================================
FORECAST COVERAGE AUDIT   generated 2026-08-04T15:45:09.485143+00:00
====================================================================================================

CUMULATIVE by classification
  missing_job_did_not_run      26
  not_yet_due                  22
  before_period_start          15
  forecast_logged              15
  missing_data_unavailable     4
  late_record                  2

  obligations 84 | due 47 | served 15 | coverage 31.9%
  operational misses 26 | unexplained 0
  PROMOTION-GRADE: NO   (needs >= 95% served, <= 0 operational misses, all explained)

DAILY
  date         oblig  served     due     excl    opmiss arm_recs
  2026-07-30      12       0       0       12         0        0
  2026-07-31      12       6       9        3         0        0
  2026-08-01       8       2       8        0         6        0
  2026-08-02      16       0      16        0        16        0
  2026-08-03      12       6      12        0         3        3
  2026-08-04       4       1       2        2         1        1
  2026-08-05      16       0       0       16         0        0
  2026-08-06       4       0       0        4         0        0

EVERY MISSING OR IRREGULAR OBLIGATION (each must carry an explanation)
  2026-07-31 ATL v SEA T-90m   missing_data_unavailable   job served 1 other game(s) on 2026-07-31 at T-90m
  2026-07-31 WAS v DAL T-90m   missing_data_unavailable   job served 1 other game(s) on 2026-07-31 at T-90m
  2026-07-31 PDX v IND T-30m   missing_data_unavailable   job served 2 other game(s) on 2026-07-31 at T-30m
  2026-08-01 CHI v LVA T-24h   missing_job_did_not_run    no base record for ANY game on 2026-08-01 at T-24h
  2026-08-01 CHI v LVA T-8h    missing_job_did_not_run    no base record for ANY game on 2026-08-01 at T-8h
  2026-08-01 CHI v LVA T-30m   missing_job_did_not_run    no base record for ANY game on 2026-08-01 at T-30m
  2026-08-01 PHX v NYL T-24h   missing_job_did_not_run    no base record for ANY game on 2026-08-01 at T-24h
  2026-08-01 PHX v NYL T-8h    missing_job_did_not_run    no base record for ANY game on 2026-08-01 at T-8h
  2026-08-01 PHX v NYL T-30m   missing_job_did_not_run    no base record for ANY game on 2026-08-01 at T-30m
  2026-08-02 DAL v CON T-24h   missing_job_did_not_run    no base record for ANY game on 2026-08-02 at T-24h
  2026-08-02 DAL v CON T-8h    missing_job_did_not_run    no base record for ANY game on 2026-08-02 at T-8h
  2026-08-02 DAL v CON T-90m   missing_job_did_not_run    no base record for ANY game on 2026-08-02 at T-90m
  2026-08-02 DAL v CON T-30m   missing_job_did_not_run    no base record for ANY game on 2026-08-02 at T-30m
  2026-08-02 GSV v TOR T-24h   missing_job_did_not_run    no base record for ANY game on 2026-08-02 at T-24h
  2026-08-02 GSV v TOR T-8h    missing_job_did_not_run    no base record for ANY game on 2026-08-02 at T-8h
  2026-08-02 GSV v TOR T-90m   missing_job_did_not_run    no base record for ANY game on 2026-08-02 at T-90m
  2026-08-02 GSV v TOR T-30m   missing_job_did_not_run    no base record for ANY game on 2026-08-02 at T-30m
  2026-08-02 MIN v IND T-24h   missing_job_did_not_run    no base record for ANY game on 2026-08-02 at T-24h
  2026-08-02 MIN v IND T-8h    missing_job_did_not_run    no base record for ANY game on 2026-08-02 at T-8h
  2026-08-02 MIN v IND T-90m   missing_job_did_not_run    no base record for ANY game on 2026-08-02 at T-90m
  2026-08-02 MIN v IND T-30m   missing_job_did_not_run    no base record for ANY game on 2026-08-02 at T-30m
  2026-08-02 PDX v LAS T-24h   missing_job_did_not_run    no base record for ANY game on 2026-08-02 at T-24h
  2026-08-02 PDX v LAS T-8h    missing_job_did_not_run    no base record for ANY game on 2026-08-02 at T-8h
  2026-08-02 PDX v LAS T-90m   missing_job_did_not_run    no base record for ANY game on 2026-08-02 at T-90m
  2026-08-02 PDX v LAS T-30m   missing_job_did_not_run    no base record for ANY game on 2026-08-02 at T-30m
  2026-08-03 NYL v SEA T-24h   missing_job_did_not_run    no base record for ANY game on 2026-08-03 at T-24h
  2026-08-03 NYL v SEA T-30m   late_record                created 2026-08-03T22:45:08.958486+00:00 after cutoff
  2026-08-03 ATL v LVA T-24h   missing_job_did_not_run    no base record for ANY game on 2026-08-03 at T-24h
  2026-08-03 ATL v LVA T-30m   late_record                created 2026-08-03T22:45:08.976775+00:00 after cutoff
  2026-08-03 CHI v PHX T-24h   missing_job_did_not_run    no base record for ANY game on 2026-08-03 at T-24h
  2026-08-03 CHI v PHX T-30m   missing_data_unavailable   job served 2 other game(s) on 2026-08-03 at T-30m
  2026-08-04 GSV v TOR T-24h   missing_job_did_not_run    no base record for ANY game on 2026-08-04 at T-24h

wrote forecasts/coverage_audit.csv and forecasts/coverage_receipt.json
[audit] exit=0 
==== Tue 08/04/2026 12:00:03.87 ==== 
[gate] 2026-08-04T16:00:05.212910+00:00  fire=False  -- would duplicate 1 already-served obligation(s); the base job cannot be scoped to one game
       GSV v TOR      T-8h    SERVED   cutoff 2026-08-04T18:00:00 (+120 min) 
[gate] HOLDING: firing now would append 1 permanent duplicate record(s) to an append-only chain. A missed obligation is recoverable; a duplicate is not.
[gate] skipping the base job
[base] skipped - no unserved obligation in its lead window 
[base] exit=0 
================================================================================================
PROSPECTIVE PAIR RUNNER  2026-08-04T16:00:06.657118+00:00  model=ridge_score_level_w2c1_v1 hash=5d295bb8b99cd34e
================================================================================================
base records in official chain: 23
  late_prevented #0 ATL v SEA @ T-8h                cutoff 2026-07-31T15:35:00+00:00 already passed at 2026-08-0
  late_prevented #1 WAS v DAL @ T-8h                cutoff 2026-07-31T15:35:00+00:00 already passed at 2026-08-0
  late_prevented #2 PDX v IND @ T-8h                cutoff 2026-07-31T18:06:00+00:00 already passed at 2026-08-0
  late_prevented #3 ATL v SEA @ T-30m               cutoff 2026-07-31T23:05:00+00:00 already passed at 2026-08-0
  late_prevented #4 WAS v DAL @ T-30m               cutoff 2026-07-31T23:05:00+00:00 already passed at 2026-08-0
  late_prevented #5 PDX v IND @ T-90m               cutoff 2026-08-01T00:36:00+00:00 already passed at 2026-08-0
  late_prevented #6 CHI v LVA @ T-90m               cutoff 2026-08-01T15:35:00+00:00 already passed at 2026-08-0
  late_prevented #7 PHX v NYL @ T-90m               cutoff 2026-08-01T17:34:00+00:00 already passed at 2026-08-0
  skip           #8 CHI v LVA @ unknown-tip         base record is an explicit no-forecast; nothing to pair
  skip           #9 PHX v NYL @ unknown-tip         base record is an explicit no-forecast; nothing to pair
  late_prevented #10 NYL v SEA @ T-8h               cutoff 2026-08-03T15:04:00+00:00 already passed at 2026-08-0
  late_prevented #11 ATL v LVA @ T-8h               cutoff 2026-08-03T15:14:00+00:00 already passed at 2026-08-0
  late_prevented #12 CHI v PHX @ T-8h               cutoff 2026-08-03T17:08:00+00:00 already passed at 2026-08-0
  already_logged #13 NYL v SEA @ T-90m              idempotent: pair exists
  already_logged #14 ATL v LVA @ T-90m              idempotent: pair exists
  already_logged #15 CHI v PHX @ T-90m              idempotent: pair exists
  already_logged #16 NYL v SEA @ T-90m              idempotent: pair exists
  already_logged #17 ATL v LVA @ T-90m              idempotent: pair exists
  already_logged #18 CHI v PHX @ T-90m              idempotent: pair exists
  late_prevented #19 NYL v SEA @ T-30m              cutoff 2026-08-03T22:34:00+00:00 already passed at 2026-08-0
  late_prevented #20 ATL v LVA @ T-30m              cutoff 2026-08-03T22:44:00+00:00 already passed at 2026-08-0
  already_logged #21 CHI v PHX @ T-90m              idempotent: pair exists
  already_logged #22 GSV v TOR @ T-8h               idempotent: pair exists

  already_logged=8, late_prevented=13, skip=2
  arm chain: ok=True n=4 tip=71ebddc3ba3a9c91
  receipt appended to prospective_pair_runs.jsonl
[arm] exit=0 
====================================================================================================
FORECAST COVERAGE AUDIT   generated 2026-08-04T16:00:07.964643+00:00
====================================================================================================

CUMULATIVE by classification
  missing_job_did_not_run      26
  not_yet_due                  22
  before_period_start          15
  forecast_logged              15
  missing_data_unavailable     4
  late_record                  2

  obligations 84 | due 47 | served 15 | coverage 31.9%
  operational misses 26 | unexplained 0
  PROMOTION-GRADE: NO   (needs >= 95% served, <= 0 operational misses, all explained)

DAILY
  date         oblig  served     due     excl    opmiss arm_recs
  2026-07-30      12       0       0       12         0        0
  2026-07-31      12       6       9        3         0        0
  2026-08-01       8       2       8        0         6        0
  2026-08-02      16       0      16        0        16        0
  2026-08-03      12       6      12        0         3        3
  2026-08-04       4       1       2        2         1        1
  2026-08-05      16       0       0       16         0        0
  2026-08-06       4       0       0        4         0        0

EVERY MISSING OR IRREGULAR OBLIGATION (each must carry an explanation)
  2026-07-31 ATL v SEA T-90m   missing_data_unavailable   job served 1 other game(s) on 2026-07-31 at T-90m
  2026-07-31 WAS v DAL T-90m   missing_data_unavailable   job served 1 other game(s) on 2026-07-31 at T-90m
  2026-07-31 PDX v IND T-30m   missing_data_unavailable   job served 2 other game(s) on 2026-07-31 at T-30m
  2026-08-01 CHI v LVA T-24h   missing_job_did_not_run    no base record for ANY game on 2026-08-01 at T-24h
  2026-08-01 CHI v LVA T-8h    missing_job_did_not_run    no base record for ANY game on 2026-08-01 at T-8h
  2026-08-01 CHI v LVA T-30m   missing_job_did_not_run    no base record for ANY game on 2026-08-01 at T-30m
  2026-08-01 PHX v NYL T-24h   missing_job_did_not_run    no base record for ANY game on 2026-08-01 at T-24h
  2026-08-01 PHX v NYL T-8h    missing_job_did_not_run    no base record for ANY game on 2026-08-01 at T-8h
  2026-08-01 PHX v NYL T-30m   missing_job_did_not_run    no base record for ANY game on 2026-08-01 at T-30m
  2026-08-02 DAL v CON T-24h   missing_job_did_not_run    no base record for ANY game on 2026-08-02 at T-24h
  2026-08-02 DAL v CON T-8h    missing_job_did_not_run    no base record for ANY game on 2026-08-02 at T-8h
  2026-08-02 DAL v CON T-90m   missing_job_did_not_run    no base record for ANY game on 2026-08-02 at T-90m
  2026-08-02 DAL v CON T-30m   missing_job_did_not_run    no base record for ANY game on 2026-08-02 at T-30m
  2026-08-02 GSV v TOR T-24h   missing_job_did_not_run    no base record for ANY game on 2026-08-02 at T-24h
  2026-08-02 GSV v TOR T-8h    missing_job_did_not_run    no base record for ANY game on 2026-08-02 at T-8h
  2026-08-02 GSV v TOR T-90m   missing_job_did_not_run    no base record for ANY game on 2026-08-02 at T-90m
  2026-08-02 GSV v TOR T-30m   missing_job_did_not_run    no base record for ANY game on 2026-08-02 at T-30m
  2026-08-02 MIN v IND T-24h   missing_job_did_not_run    no base record for ANY game on 2026-08-02 at T-24h
  2026-08-02 MIN v IND T-8h    missing_job_did_not_run    no base record for ANY game on 2026-08-02 at T-8h
  2026-08-02 MIN v IND T-90m   missing_job_did_not_run    no base record for ANY game on 2026-08-02 at T-90m
  2026-08-02 MIN v IND T-30m   missing_job_did_not_run    no base record for ANY game on 2026-08-02 at T-30m
  2026-08-02 PDX v LAS T-24h   missing_job_did_not_run    no base record for ANY game on 2026-08-02 at T-24h
  2026-08-02 PDX v LAS T-8h    missing_job_did_not_run    no base record for ANY game on 2026-08-02 at T-8h
  2026-08-02 PDX v LAS T-90m   missing_job_did_not_run    no base record for ANY game on 2026-08-02 at T-90m
  2026-08-02 PDX v LAS T-30m   missing_job_did_not_run    no base record for ANY game on 2026-08-02 at T-30m
  2026-08-03 NYL v SEA T-24h   missing_job_did_not_run    no base record for ANY game on 2026-08-03 at T-24h
  2026-08-03 NYL v SEA T-30m   late_record                created 2026-08-03T22:45:08.958486+00:00 after cutoff
  2026-08-03 ATL v LVA T-24h   missing_job_did_not_run    no base record for ANY game on 2026-08-03 at T-24h
  2026-08-03 ATL v LVA T-30m   late_record                created 2026-08-03T22:45:08.976775+00:00 after cutoff
  2026-08-03 CHI v PHX T-24h   missing_job_did_not_run    no base record for ANY game on 2026-08-03 at T-24h
  2026-08-03 CHI v PHX T-30m   missing_data_unavailable   job served 2 other game(s) on 2026-08-03 at T-30m
  2026-08-04 GSV v TOR T-24h   missing_job_did_not_run    no base record for ANY game on 2026-08-04 at T-24h

wrote forecasts/coverage_audit.csv and forecasts/coverage_receipt.json
[audit] exit=0 
==== Tue 08/04/2026 12:15:06.47 ==== 
[gate] 2026-08-04T16:15:12.314510+00:00  fire=False  -- would duplicate 1 already-served obligation(s); the base job cannot be scoped to one game
       GSV v TOR      T-8h    SERVED   cutoff 2026-08-04T18:00:00 (+105 min) 
[gate] HOLDING: firing now would append 1 permanent duplicate record(s) to an append-only chain. A missed obligation is recoverable; a duplicate is not.
[gate] skipping the base job
[base] skipped - no unserved obligation in its lead window 
[base] exit=0 
================================================================================================
PROSPECTIVE PAIR RUNNER  2026-08-04T16:15:16.228877+00:00  model=ridge_score_level_w2c1_v1 hash=5d295bb8b99cd34e
================================================================================================
base records in official chain: 23
  late_prevented #0 ATL v SEA @ T-8h                cutoff 2026-07-31T15:35:00+00:00 already passed at 2026-08-0
  late_prevented #1 WAS v DAL @ T-8h                cutoff 2026-07-31T15:35:00+00:00 already passed at 2026-08-0
  late_prevented #2 PDX v IND @ T-8h                cutoff 2026-07-31T18:06:00+00:00 already passed at 2026-08-0
  late_prevented #3 ATL v SEA @ T-30m               cutoff 2026-07-31T23:05:00+00:00 already passed at 2026-08-0
  late_prevented #4 WAS v DAL @ T-30m               cutoff 2026-07-31T23:05:00+00:00 already passed at 2026-08-0
  late_prevented #5 PDX v IND @ T-90m               cutoff 2026-08-01T00:36:00+00:00 already passed at 2026-08-0
  late_prevented #6 CHI v LVA @ T-90m               cutoff 2026-08-01T15:35:00+00:00 already passed at 2026-08-0
  late_prevented #7 PHX v NYL @ T-90m               cutoff 2026-08-01T17:34:00+00:00 already passed at 2026-08-0
  skip           #8 CHI v LVA @ unknown-tip         base record is an explicit no-forecast; nothing to pair
  skip           #9 PHX v NYL @ unknown-tip         base record is an explicit no-forecast; nothing to pair
  late_prevented #10 NYL v SEA @ T-8h               cutoff 2026-08-03T15:04:00+00:00 already passed at 2026-08-0
  late_prevented #11 ATL v LVA @ T-8h               cutoff 2026-08-03T15:14:00+00:00 already passed at 2026-08-0
  late_prevented #12 CHI v PHX @ T-8h               cutoff 2026-08-03T17:08:00+00:00 already passed at 2026-08-0
  already_logged #13 NYL v SEA @ T-90m              idempotent: pair exists
  already_logged #14 ATL v LVA @ T-90m              idempotent: pair exists
  already_logged #15 CHI v PHX @ T-90m              idempotent: pair exists
  already_logged #16 NYL v SEA @ T-90m              idempotent: pair exists
  already_logged #17 ATL v LVA @ T-90m              idempotent: pair exists
  already_logged #18 CHI v PHX @ T-90m              idempotent: pair exists
  late_prevented #19 NYL v SEA @ T-30m              cutoff 2026-08-03T22:34:00+00:00 already passed at 2026-08-0
  late_prevented #20 ATL v LVA @ T-30m              cutoff 2026-08-03T22:44:00+00:00 already passed at 2026-08-0
  already_logged #21 CHI v PHX @ T-90m              idempotent: pair exists
  already_logged #22 GSV v TOR @ T-8h               idempotent: pair exists

  already_logged=8, late_prevented=13, skip=2
  arm chain: ok=True n=4 tip=71ebddc3ba3a9c91
  receipt appended to prospective_pair_runs.jsonl
[arm] exit=0 
====================================================================================================
FORECAST COVERAGE AUDIT   generated 2026-08-04T16:15:17.818962+00:00
====================================================================================================

CUMULATIVE by classification
  missing_job_did_not_run      26
  not_yet_due                  22
  before_period_start          15
  forecast_logged              15
  missing_data_unavailable     4
  late_record                  2

  obligations 84 | due 47 | served 15 | coverage 31.9%
  operational misses 26 | unexplained 0
  PROMOTION-GRADE: NO   (needs >= 95% served, <= 0 operational misses, all explained)

DAILY
  date         oblig  served     due     excl    opmiss arm_recs
  2026-07-30      12       0       0       12         0        0
  2026-07-31      12       6       9        3         0        0
  2026-08-01       8       2       8        0         6        0
  2026-08-02      16       0      16        0        16        0
  2026-08-03      12       6      12        0         3        3
  2026-08-04       4       1       2        2         1        1
  2026-08-05      16       0       0       16         0        0
  2026-08-06       4       0       0        4         0        0

EVERY MISSING OR IRREGULAR OBLIGATION (each must carry an explanation)
  2026-07-31 ATL v SEA T-90m   missing_data_unavailable   job served 1 other game(s) on 2026-07-31 at T-90m
  2026-07-31 WAS v DAL T-90m   missing_data_unavailable   job served 1 other game(s) on 2026-07-31 at T-90m
  2026-07-31 PDX v IND T-30m   missing_data_unavailable   job served 2 other game(s) on 2026-07-31 at T-30m
  2026-08-01 CHI v LVA T-24h   missing_job_did_not_run    no base record for ANY game on 2026-08-01 at T-24h
  2026-08-01 CHI v LVA T-8h    missing_job_did_not_run    no base record for ANY game on 2026-08-01 at T-8h
  2026-08-01 CHI v LVA T-30m   missing_job_did_not_run    no base record for ANY game on 2026-08-01 at T-30m
  2026-08-01 PHX v NYL T-24h   missing_job_did_not_run    no base record for ANY game on 2026-08-01 at T-24h
  2026-08-01 PHX v NYL T-8h    missing_job_did_not_run    no base record for ANY game on 2026-08-01 at T-8h
  2026-08-01 PHX v NYL T-30m   missing_job_did_not_run    no base record for ANY game on 2026-08-01 at T-30m
  2026-08-02 DAL v CON T-24h   missing_job_did_not_run    no base record for ANY game on 2026-08-02 at T-24h
  2026-08-02 DAL v CON T-8h    missing_job_did_not_run    no base record for ANY game on 2026-08-02 at T-8h
  2026-08-02 DAL v CON T-90m   missing_job_did_not_run    no base record for ANY game on 2026-08-02 at T-90m
  2026-08-02 DAL v CON T-30m   missing_job_did_not_run    no base record for ANY game on 2026-08-02 at T-30m
  2026-08-02 GSV v TOR T-24h   missing_job_did_not_run    no base record for ANY game on 2026-08-02 at T-24h
  2026-08-02 GSV v TOR T-8h    missing_job_did_not_run    no base record for ANY game on 2026-08-02 at T-8h
  2026-08-02 GSV v TOR T-90m   missing_job_did_not_run    no base record for ANY game on 2026-08-02 at T-90m
  2026-08-02 GSV v TOR T-30m   missing_job_did_not_run    no base record for ANY game on 2026-08-02 at T-30m
  2026-08-02 MIN v IND T-24h   missing_job_did_not_run    no base record for ANY game on 2026-08-02 at T-24h
  2026-08-02 MIN v IND T-8h    missing_job_did_not_run    no base record for ANY game on 2026-08-02 at T-8h
  2026-08-02 MIN v IND T-90m   missing_job_did_not_run    no base record for ANY game on 2026-08-02 at T-90m
  2026-08-02 MIN v IND T-30m   missing_job_did_not_run    no base record for ANY game on 2026-08-02 at T-30m
  2026-08-02 PDX v LAS T-24h   missing_job_did_not_run    no base record for ANY game on 2026-08-02 at T-24h
  2026-08-02 PDX v LAS T-8h    missing_job_did_not_run    no base record for ANY game on 2026-08-02 at T-8h
  2026-08-02 PDX v LAS T-90m   missing_job_did_not_run    no base record for ANY game on 2026-08-02 at T-90m
  2026-08-02 PDX v LAS T-30m   missing_job_did_not_run    no base record for ANY game on 2026-08-02 at T-30m
  2026-08-03 NYL v SEA T-24h   missing_job_did_not_run    no base record for ANY game on 2026-08-03 at T-24h
  2026-08-03 NYL v SEA T-30m   late_record                created 2026-08-03T22:45:08.958486+00:00 after cutoff
  2026-08-03 ATL v LVA T-24h   missing_job_did_not_run    no base record for ANY game on 2026-08-03 at T-24h
  2026-08-03 ATL v LVA T-30m   late_record                created 2026-08-03T22:45:08.976775+00:00 after cutoff
  2026-08-03 CHI v PHX T-24h   missing_job_did_not_run    no base record for ANY game on 2026-08-03 at T-24h
  2026-08-03 CHI v PHX T-30m   missing_data_unavailable   job served 2 other game(s) on 2026-08-03 at T-30m
  2026-08-04 GSV v TOR T-24h   missing_job_did_not_run    no base record for ANY game on 2026-08-04 at T-24h

wrote forecasts/coverage_audit.csv and forecasts/coverage_receipt.json
[audit] exit=0 
==== Tue 08/04/2026 12:30:05.22 ==== 
[gate] 2026-08-04T16:30:07.586767+00:00  fire=False  -- would duplicate 1 already-served obligation(s); the base job cannot be scoped to one game
       GSV v TOR      T-8h    SERVED   cutoff 2026-08-04T18:00:00 (+90 min) 
[gate] HOLDING: firing now would append 1 permanent duplicate record(s) to an append-only chain. A missed obligation is recoverable; a duplicate is not.
[gate] skipping the base job
[base] skipped - no unserved obligation in its lead window 
[base] exit=0 
================================================================================================
PROSPECTIVE PAIR RUNNER  2026-08-04T16:30:10.791748+00:00  model=ridge_score_level_w2c1_v1 hash=5d295bb8b99cd34e
================================================================================================
base records in official chain: 23
  late_prevented #0 ATL v SEA @ T-8h                cutoff 2026-07-31T15:35:00+00:00 already passed at 2026-08-0
  late_prevented #1 WAS v DAL @ T-8h                cutoff 2026-07-31T15:35:00+00:00 already passed at 2026-08-0
  late_prevented #2 PDX v IND @ T-8h                cutoff 2026-07-31T18:06:00+00:00 already passed at 2026-08-0
  late_prevented #3 ATL v SEA @ T-30m               cutoff 2026-07-31T23:05:00+00:00 already passed at 2026-08-0
  late_prevented #4 WAS v DAL @ T-30m               cutoff 2026-07-31T23:05:00+00:00 already passed at 2026-08-0
  late_prevented #5 PDX v IND @ T-90m               cutoff 2026-08-01T00:36:00+00:00 already passed at 2026-08-0
  late_prevented #6 CHI v LVA @ T-90m               cutoff 2026-08-01T15:35:00+00:00 already passed at 2026-08-0
  late_prevented #7 PHX v NYL @ T-90m               cutoff 2026-08-01T17:34:00+00:00 already passed at 2026-08-0
  skip           #8 CHI v LVA @ unknown-tip         base record is an explicit no-forecast; nothing to pair
  skip           #9 PHX v NYL @ unknown-tip         base record is an explicit no-forecast; nothing to pair
  late_prevented #10 NYL v SEA @ T-8h               cutoff 2026-08-03T15:04:00+00:00 already passed at 2026-08-0
  late_prevented #11 ATL v LVA @ T-8h               cutoff 2026-08-03T15:14:00+00:00 already passed at 2026-08-0
  late_prevented #12 CHI v PHX @ T-8h               cutoff 2026-08-03T17:08:00+00:00 already passed at 2026-08-0
  already_logged #13 NYL v SEA @ T-90m              idempotent: pair exists
  already_logged #14 ATL v LVA @ T-90m              idempotent: pair exists
  already_logged #15 CHI v PHX @ T-90m              idempotent: pair exists
  already_logged #16 NYL v SEA @ T-90m              idempotent: pair exists
  already_logged #17 ATL v LVA @ T-90m              idempotent: pair exists
  already_logged #18 CHI v PHX @ T-90m              idempotent: pair exists
  late_prevented #19 NYL v SEA @ T-30m              cutoff 2026-08-03T22:34:00+00:00 already passed at 2026-08-0
  late_prevented #20 ATL v LVA @ T-30m              cutoff 2026-08-03T22:44:00+00:00 already passed at 2026-08-0
  already_logged #21 CHI v PHX @ T-90m              idempotent: pair exists
  already_logged #22 GSV v TOR @ T-8h               idempotent: pair exists

  already_logged=8, late_prevented=13, skip=2
  arm chain: ok=True n=4 tip=71ebddc3ba3a9c91
  receipt appended to prospective_pair_runs.jsonl
[arm] exit=0 
====================================================================================================
FORECAST COVERAGE AUDIT   generated 2026-08-04T16:30:12.666705+00:00
====================================================================================================

CUMULATIVE by classification
  missing_job_did_not_run      26
  not_yet_due                  22
  before_period_start          15
  forecast_logged              15
  missing_data_unavailable     4
  late_record                  2

  obligations 84 | due 47 | served 15 | coverage 31.9%
  operational misses 26 | unexplained 0
  PROMOTION-GRADE: NO   (needs >= 95% served, <= 0 operational misses, all explained)

DAILY
  date         oblig  served     due     excl    opmiss arm_recs
  2026-07-30      12       0       0       12         0        0
  2026-07-31      12       6       9        3         0        0
  2026-08-01       8       2       8        0         6        0
  2026-08-02      16       0      16        0        16        0
  2026-08-03      12       6      12        0         3        3
  2026-08-04       4       1       2        2         1        1
  2026-08-05      16       0       0       16         0        0
  2026-08-06       4       0       0        4         0        0

EVERY MISSING OR IRREGULAR OBLIGATION (each must carry an explanation)
  2026-07-31 ATL v SEA T-90m   missing_data_unavailable   job served 1 other game(s) on 2026-07-31 at T-90m
  2026-07-31 WAS v DAL T-90m   missing_data_unavailable   job served 1 other game(s) on 2026-07-31 at T-90m
  2026-07-31 PDX v IND T-30m   missing_data_unavailable   job served 2 other game(s) on 2026-07-31 at T-30m
  2026-08-01 CHI v LVA T-24h   missing_job_did_not_run    no base record for ANY game on 2026-08-01 at T-24h
  2026-08-01 CHI v LVA T-8h    missing_job_did_not_run    no base record for ANY game on 2026-08-01 at T-8h
  2026-08-01 CHI v LVA T-30m   missing_job_did_not_run    no base record for ANY game on 2026-08-01 at T-30m
  2026-08-01 PHX v NYL T-24h   missing_job_did_not_run    no base record for ANY game on 2026-08-01 at T-24h
  2026-08-01 PHX v NYL T-8h    missing_job_did_not_run    no base record for ANY game on 2026-08-01 at T-8h
  2026-08-01 PHX v NYL T-30m   missing_job_did_not_run    no base record for ANY game on 2026-08-01 at T-30m
  2026-08-02 DAL v CON T-24h   missing_job_did_not_run    no base record for ANY game on 2026-08-02 at T-24h
  2026-08-02 DAL v CON T-8h    missing_job_did_not_run    no base record for ANY game on 2026-08-02 at T-8h
  2026-08-02 DAL v CON T-90m   missing_job_did_not_run    no base record for ANY game on 2026-08-02 at T-90m
  2026-08-02 DAL v CON T-30m   missing_job_did_not_run    no base record for ANY game on 2026-08-02 at T-30m
  2026-08-02 GSV v TOR T-24h   missing_job_did_not_run    no base record for ANY game on 2026-08-02 at T-24h
  2026-08-02 GSV v TOR T-8h    missing_job_did_not_run    no base record for ANY game on 2026-08-02 at T-8h
  2026-08-02 GSV v TOR T-90m   missing_job_did_not_run    no base record for ANY game on 2026-08-02 at T-90m
  2026-08-02 GSV v TOR T-30m   missing_job_did_not_run    no base record for ANY game on 2026-08-02 at T-30m
  2026-08-02 MIN v IND T-24h   missing_job_did_not_run    no base record for ANY game on 2026-08-02 at T-24h
  2026-08-02 MIN v IND T-8h    missing_job_did_not_run    no base record for ANY game on 2026-08-02 at T-8h
  2026-08-02 MIN v IND T-90m   missing_job_did_not_run    no base record for ANY game on 2026-08-02 at T-90m
  2026-08-02 MIN v IND T-30m   missing_job_did_not_run    no base record for ANY game on 2026-08-02 at T-30m
  2026-08-02 PDX v LAS T-24h   missing_job_did_not_run    no base record for ANY game on 2026-08-02 at T-24h
  2026-08-02 PDX v LAS T-8h    missing_job_did_not_run    no base record for ANY game on 2026-08-02 at T-8h
  2026-08-02 PDX v LAS T-90m   missing_job_did_not_run    no base record for ANY game on 2026-08-02 at T-90m
  2026-08-02 PDX v LAS T-30m   missing_job_did_not_run    no base record for ANY game on 2026-08-02 at T-30m
  2026-08-03 NYL v SEA T-24h   missing_job_did_not_run    no base record for ANY game on 2026-08-03 at T-24h
  2026-08-03 NYL v SEA T-30m   late_record                created 2026-08-03T22:45:08.958486+00:00 after cutoff
  2026-08-03 ATL v LVA T-24h   missing_job_did_not_run    no base record for ANY game on 2026-08-03 at T-24h
  2026-08-03 ATL v LVA T-30m   late_record                created 2026-08-03T22:45:08.976775+00:00 after cutoff
  2026-08-03 CHI v PHX T-24h   missing_job_did_not_run    no base record for ANY game on 2026-08-03 at T-24h
  2026-08-03 CHI v PHX T-30m   missing_data_unavailable   job served 2 other game(s) on 2026-08-03 at T-30m
  2026-08-04 GSV v TOR T-24h   missing_job_did_not_run    no base record for ANY game on 2026-08-04 at T-24h

wrote forecasts/coverage_audit.csv and forecasts/coverage_receipt.json
[audit] exit=0 
==== Tue 08/04/2026 12:45:03.53 ==== 
[gate] 2026-08-04T16:45:04.789581+00:00  fire=False  -- would duplicate 1 already-served obligation(s); the base job cannot be scoped to one game
       GSV v TOR      T-8h    SERVED   cutoff 2026-08-04T18:00:00 (+75 min) 
[gate] HOLDING: firing now would append 1 permanent duplicate record(s) to an append-only chain. A missed obligation is recoverable; a duplicate is not.
[gate] skipping the base job
[base] skipped - no unserved obligation in its lead window 
[base] exit=0 
================================================================================================
PROSPECTIVE PAIR RUNNER  2026-08-04T16:45:05.650099+00:00  model=ridge_score_level_w2c1_v1 hash=5d295bb8b99cd34e
================================================================================================
base records in official chain: 23
  late_prevented #0 ATL v SEA @ T-8h                cutoff 2026-07-31T15:35:00+00:00 already passed at 2026-08-0
  late_prevented #1 WAS v DAL @ T-8h                cutoff 2026-07-31T15:35:00+00:00 already passed at 2026-08-0
  late_prevented #2 PDX v IND @ T-8h                cutoff 2026-07-31T18:06:00+00:00 already passed at 2026-08-0
  late_prevented #3 ATL v SEA @ T-30m               cutoff 2026-07-31T23:05:00+00:00 already passed at 2026-08-0
  late_prevented #4 WAS v DAL @ T-30m               cutoff 2026-07-31T23:05:00+00:00 already passed at 2026-08-0
  late_prevented #5 PDX v IND @ T-90m               cutoff 2026-08-01T00:36:00+00:00 already passed at 2026-08-0
  late_prevented #6 CHI v LVA @ T-90m               cutoff 2026-08-01T15:35:00+00:00 already passed at 2026-08-0
  late_prevented #7 PHX v NYL @ T-90m               cutoff 2026-08-01T17:34:00+00:00 already passed at 2026-08-0
  skip           #8 CHI v LVA @ unknown-tip         base record is an explicit no-forecast; nothing to pair
  skip           #9 PHX v NYL @ unknown-tip         base record is an explicit no-forecast; nothing to pair
  late_prevented #10 NYL v SEA @ T-8h               cutoff 2026-08-03T15:04:00+00:00 already passed at 2026-08-0
  late_prevented #11 ATL v LVA @ T-8h               cutoff 2026-08-03T15:14:00+00:00 already passed at 2026-08-0
  late_prevented #12 CHI v PHX @ T-8h               cutoff 2026-08-03T17:08:00+00:00 already passed at 2026-08-0
  already_logged #13 NYL v SEA @ T-90m              idempotent: pair exists
  already_logged #14 ATL v LVA @ T-90m              idempotent: pair exists
  already_logged #15 CHI v PHX @ T-90m              idempotent: pair exists
  already_logged #16 NYL v SEA @ T-90m              idempotent: pair exists
  already_logged #17 ATL v LVA @ T-90m              idempotent: pair exists
  already_logged #18 CHI v PHX @ T-90m              idempotent: pair exists
  late_prevented #19 NYL v SEA @ T-30m              cutoff 2026-08-03T22:34:00+00:00 already passed at 2026-08-0
  late_prevented #20 ATL v LVA @ T-30m              cutoff 2026-08-03T22:44:00+00:00 already passed at 2026-08-0
  already_logged #21 CHI v PHX @ T-90m              idempotent: pair exists
  already_logged #22 GSV v TOR @ T-8h               idempotent: pair exists

  already_logged=8, late_prevented=13, skip=2
  arm chain: ok=True n=4 tip=71ebddc3ba3a9c91
  receipt appended to prospective_pair_runs.jsonl
[arm] exit=0 
====================================================================================================
FORECAST COVERAGE AUDIT   generated 2026-08-04T16:45:06.560905+00:00
====================================================================================================

CUMULATIVE by classification
  missing_job_did_not_run      26
  not_yet_due                  22
  before_period_start          15
  forecast_logged              15
  missing_data_unavailable     4
  late_record                  2

  obligations 84 | due 47 | served 15 | coverage 31.9%
  operational misses 26 | unexplained 0
  PROMOTION-GRADE: NO   (needs >= 95% served, <= 0 operational misses, all explained)

DAILY
  date         oblig  served     due     excl    opmiss arm_recs
  2026-07-30      12       0       0       12         0        0
  2026-07-31      12       6       9        3         0        0
  2026-08-01       8       2       8        0         6        0
  2026-08-02      16       0      16        0        16        0
  2026-08-03      12       6      12        0         3        3
  2026-08-04       4       1       2        2         1        1
  2026-08-05      16       0       0       16         0        0
  2026-08-06       4       0       0        4         0        0

EVERY MISSING OR IRREGULAR OBLIGATION (each must carry an explanation)
  2026-07-31 ATL v SEA T-90m   missing_data_unavailable   job served 1 other game(s) on 2026-07-31 at T-90m
  2026-07-31 WAS v DAL T-90m   missing_data_unavailable   job served 1 other game(s) on 2026-07-31 at T-90m
  2026-07-31 PDX v IND T-30m   missing_data_unavailable   job served 2 other game(s) on 2026-07-31 at T-30m
  2026-08-01 CHI v LVA T-24h   missing_job_did_not_run    no base record for ANY game on 2026-08-01 at T-24h
  2026-08-01 CHI v LVA T-8h    missing_job_did_not_run    no base record for ANY game on 2026-08-01 at T-8h
  2026-08-01 CHI v LVA T-30m   missing_job_did_not_run    no base record for ANY game on 2026-08-01 at T-30m
  2026-08-01 PHX v NYL T-24h   missing_job_did_not_run    no base record for ANY game on 2026-08-01 at T-24h
  2026-08-01 PHX v NYL T-8h    missing_job_did_not_run    no base record for ANY game on 2026-08-01 at T-8h
  2026-08-01 PHX v NYL T-30m   missing_job_did_not_run    no base record for ANY game on 2026-08-01 at T-30m
  2026-08-02 DAL v CON T-24h   missing_job_did_not_run    no base record for ANY game on 2026-08-02 at T-24h
  2026-08-02 DAL v CON T-8h    missing_job_did_not_run    no base record for ANY game on 2026-08-02 at T-8h
  2026-08-02 DAL v CON T-90m   missing_job_did_not_run    no base record for ANY game on 2026-08-02 at T-90m
  2026-08-02 DAL v CON T-30m   missing_job_did_not_run    no base record for ANY game on 2026-08-02 at T-30m
  2026-08-02 GSV v TOR T-24h   missing_job_did_not_run    no base record for ANY game on 2026-08-02 at T-24h
  2026-08-02 GSV v TOR T-8h    missing_job_did_not_run    no base record for ANY game on 2026-08-02 at T-8h
  2026-08-02 GSV v TOR T-90m   missing_job_did_not_run    no base record for ANY game on 2026-08-02 at T-90m
  2026-08-02 GSV v TOR T-30m   missing_job_did_not_run    no base record for ANY game on 2026-08-02 at T-30m
  2026-08-02 MIN v IND T-24h   missing_job_did_not_run    no base record for ANY game on 2026-08-02 at T-24h
  2026-08-02 MIN v IND T-8h    missing_job_did_not_run    no base record for ANY game on 2026-08-02 at T-8h
  2026-08-02 MIN v IND T-90m   missing_job_did_not_run    no base record for ANY game on 2026-08-02 at T-90m
  2026-08-02 MIN v IND T-30m   missing_job_did_not_run    no base record for ANY game on 2026-08-02 at T-30m
  2026-08-02 PDX v LAS T-24h   missing_job_did_not_run    no base record for ANY game on 2026-08-02 at T-24h
  2026-08-02 PDX v LAS T-8h    missing_job_did_not_run    no base record for ANY game on 2026-08-02 at T-8h
  2026-08-02 PDX v LAS T-90m   missing_job_did_not_run    no base record for ANY game on 2026-08-02 at T-90m
  2026-08-02 PDX v LAS T-30m   missing_job_did_not_run    no base record for ANY game on 2026-08-02 at T-30m
  2026-08-03 NYL v SEA T-24h   missing_job_did_not_run    no base record for ANY game on 2026-08-03 at T-24h
  2026-08-03 NYL v SEA T-30m   late_record                created 2026-08-03T22:45:08.958486+00:00 after cutoff
  2026-08-03 ATL v LVA T-24h   missing_job_did_not_run    no base record for ANY game on 2026-08-03 at T-24h
  2026-08-03 ATL v LVA T-30m   late_record                created 2026-08-03T22:45:08.976775+00:00 after cutoff
  2026-08-03 CHI v PHX T-24h   missing_job_did_not_run    no base record for ANY game on 2026-08-03 at T-24h
  2026-08-03 CHI v PHX T-30m   missing_data_unavailable   job served 2 other game(s) on 2026-08-03 at T-30m
  2026-08-04 GSV v TOR T-24h   missing_job_did_not_run    no base record for ANY game on 2026-08-04 at T-24h

wrote forecasts/coverage_audit.csv and forecasts/coverage_receipt.json
[audit] exit=0 
==== Tue 08/04/2026 13:00:03.87 ==== 
[gate] 2026-08-04T17:00:12.851420+00:00  fire=False  -- would duplicate 1 already-served obligation(s); the base job cannot be scoped to one game
       GSV v TOR      T-8h    SERVED   cutoff 2026-08-04T18:00:00 (+60 min) 
[gate] HOLDING: firing now would append 1 permanent duplicate record(s) to an append-only chain. A missed obligation is recoverable; a duplicate is not.
[gate] skipping the base job
[base] skipped - no unserved obligation in its lead window 
[base] exit=0 
================================================================================================
PROSPECTIVE PAIR RUNNER  2026-08-04T17:00:17.922602+00:00  model=ridge_score_level_w2c1_v1 hash=5d295bb8b99cd34e
================================================================================================
base records in official chain: 23
  late_prevented #0 ATL v SEA @ T-8h                cutoff 2026-07-31T15:35:00+00:00 already passed at 2026-08-0
  late_prevented #1 WAS v DAL @ T-8h                cutoff 2026-07-31T15:35:00+00:00 already passed at 2026-08-0
  late_prevented #2 PDX v IND @ T-8h                cutoff 2026-07-31T18:06:00+00:00 already passed at 2026-08-0
  late_prevented #3 ATL v SEA @ T-30m               cutoff 2026-07-31T23:05:00+00:00 already passed at 2026-08-0
  late_prevented #4 WAS v DAL @ T-30m               cutoff 2026-07-31T23:05:00+00:00 already passed at 2026-08-0
  late_prevented #5 PDX v IND @ T-90m               cutoff 2026-08-01T00:36:00+00:00 already passed at 2026-08-0
  late_prevented #6 CHI v LVA @ T-90m               cutoff 2026-08-01T15:35:00+00:00 already passed at 2026-08-0
  late_prevented #7 PHX v NYL @ T-90m               cutoff 2026-08-01T17:34:00+00:00 already passed at 2026-08-0
  skip           #8 CHI v LVA @ unknown-tip         base record is an explicit no-forecast; nothing to pair
  skip           #9 PHX v NYL @ unknown-tip         base record is an explicit no-forecast; nothing to pair
  late_prevented #10 NYL v SEA @ T-8h               cutoff 2026-08-03T15:04:00+00:00 already passed at 2026-08-0
  late_prevented #11 ATL v LVA @ T-8h               cutoff 2026-08-03T15:14:00+00:00 already passed at 2026-08-0
  late_prevented #12 CHI v PHX @ T-8h               cutoff 2026-08-03T17:08:00+00:00 already passed at 2026-08-0
  already_logged #13 NYL v SEA @ T-90m              idempotent: pair exists
  already_logged #14 ATL v LVA @ T-90m              idempotent: pair exists
  already_logged #15 CHI v PHX @ T-90m              idempotent: pair exists
  already_logged #16 NYL v SEA @ T-90m              idempotent: pair exists
  already_logged #17 ATL v LVA @ T-90m              idempotent: pair exists
  already_logged #18 CHI v PHX @ T-90m              idempotent: pair exists
  late_prevented #19 NYL v SEA @ T-30m              cutoff 2026-08-03T22:34:00+00:00 already passed at 2026-08-0
  late_prevented #20 ATL v LVA @ T-30m              cutoff 2026-08-03T22:44:00+00:00 already passed at 2026-08-0
  already_logged #21 CHI v PHX @ T-90m              idempotent: pair exists
  already_logged #22 GSV v TOR @ T-8h               idempotent: pair exists

  already_logged=8, late_prevented=13, skip=2
  arm chain: ok=True n=4 tip=71ebddc3ba3a9c91
  receipt appended to prospective_pair_runs.jsonl
[arm] exit=0 
====================================================================================================
FORECAST COVERAGE AUDIT   generated 2026-08-04T17:00:20.282158+00:00
====================================================================================================

CUMULATIVE by classification
  missing_job_did_not_run      26
  not_yet_due                  22
  before_period_start          15
  forecast_logged              15
  missing_data_unavailable     4
  late_record                  2

  obligations 84 | due 47 | served 15 | coverage 31.9%
  operational misses 26 | unexplained 0
  PROMOTION-GRADE: NO   (needs >= 95% served, <= 0 operational misses, all explained)

DAILY
  date         oblig  served     due     excl    opmiss arm_recs
  2026-07-30      12       0       0       12         0        0
  2026-07-31      12       6       9        3         0        0
  2026-08-01       8       2       8        0         6        0
  2026-08-02      16       0      16        0        16        0
  2026-08-03      12       6      12        0         3        3
  2026-08-04       4       1       2        2         1        1
  2026-08-05      16       0       0       16         0        0
  2026-08-06       4       0       0        4         0        0

EVERY MISSING OR IRREGULAR OBLIGATION (each must carry an explanation)
  2026-07-31 ATL v SEA T-90m   missing_data_unavailable   job served 1 other game(s) on 2026-07-31 at T-90m
  2026-07-31 WAS v DAL T-90m   missing_data_unavailable   job served 1 other game(s) on 2026-07-31 at T-90m
  2026-07-31 PDX v IND T-30m   missing_data_unavailable   job served 2 other game(s) on 2026-07-31 at T-30m
  2026-08-01 CHI v LVA T-24h   missing_job_did_not_run    no base record for ANY game on 2026-08-01 at T-24h
  2026-08-01 CHI v LVA T-8h    missing_job_did_not_run    no base record for ANY game on 2026-08-01 at T-8h
  2026-08-01 CHI v LVA T-30m   missing_job_did_not_run    no base record for ANY game on 2026-08-01 at T-30m
  2026-08-01 PHX v NYL T-24h   missing_job_did_not_run    no base record for ANY game on 2026-08-01 at T-24h
  2026-08-01 PHX v NYL T-8h    missing_job_did_not_run    no base record for ANY game on 2026-08-01 at T-8h
  2026-08-01 PHX v NYL T-30m   missing_job_did_not_run    no base record for ANY game on 2026-08-01 at T-30m
  2026-08-02 DAL v CON T-24h   missing_job_did_not_run    no base record for ANY game on 2026-08-02 at T-24h
  2026-08-02 DAL v CON T-8h    missing_job_did_not_run    no base record for ANY game on 2026-08-02 at T-8h
  2026-08-02 DAL v CON T-90m   missing_job_did_not_run    no base record for ANY game on 2026-08-02 at T-90m
  2026-08-02 DAL v CON T-30m   missing_job_did_not_run    no base record for ANY game on 2026-08-02 at T-30m
  2026-08-02 GSV v TOR T-24h   missing_job_did_not_run    no base record for ANY game on 2026-08-02 at T-24h
  2026-08-02 GSV v TOR T-8h    missing_job_did_not_run    no base record for ANY game on 2026-08-02 at T-8h
  2026-08-02 GSV v TOR T-90m   missing_job_did_not_run    no base record for ANY game on 2026-08-02 at T-90m
  2026-08-02 GSV v TOR T-30m   missing_job_did_not_run    no base record for ANY game on 2026-08-02 at T-30m
  2026-08-02 MIN v IND T-24h   missing_job_did_not_run    no base record for ANY game on 2026-08-02 at T-24h
  2026-08-02 MIN v IND T-8h    missing_job_did_not_run    no base record for ANY game on 2026-08-02 at T-8h
  2026-08-02 MIN v IND T-90m   missing_job_did_not_run    no base record for ANY game on 2026-08-02 at T-90m
  2026-08-02 MIN v IND T-30m   missing_job_did_not_run    no base record for ANY game on 2026-08-02 at T-30m
  2026-08-02 PDX v LAS T-24h   missing_job_did_not_run    no base record for ANY game on 2026-08-02 at T-24h
  2026-08-02 PDX v LAS T-8h    missing_job_did_not_run    no base record for ANY game on 2026-08-02 at T-8h
  2026-08-02 PDX v LAS T-90m   missing_job_did_not_run    no base record for ANY game on 2026-08-02 at T-90m
  2026-08-02 PDX v LAS T-30m   missing_job_did_not_run    no base record for ANY game on 2026-08-02 at T-30m
  2026-08-03 NYL v SEA T-24h   missing_job_did_not_run    no base record for ANY game on 2026-08-03 at T-24h
  2026-08-03 NYL v SEA T-30m   late_record                created 2026-08-03T22:45:08.958486+00:00 after cutoff
  2026-08-03 ATL v LVA T-24h   missing_job_did_not_run    no base record for ANY game on 2026-08-03 at T-24h
  2026-08-03 ATL v LVA T-30m   late_record                created 2026-08-03T22:45:08.976775+00:00 after cutoff
  2026-08-03 CHI v PHX T-24h   missing_job_did_not_run    no base record for ANY game on 2026-08-03 at T-24h
  2026-08-03 CHI v PHX T-30m   missing_data_unavailable   job served 2 other game(s) on 2026-08-03 at T-30m
  2026-08-04 GSV v TOR T-24h   missing_job_did_not_run    no base record for ANY game on 2026-08-04 at T-24h

wrote forecasts/coverage_audit.csv and forecasts/coverage_receipt.json
[audit] exit=0 
==== Tue 08/04/2026 13:15:04.11 ==== 
[gate] 2026-08-04T17:15:05.336808+00:00  fire=False  -- would duplicate 1 already-served obligation(s); the base job cannot be scoped to one game
       GSV v TOR      T-8h    SERVED   cutoff 2026-08-04T18:00:00 (+45 min) 
[gate] HOLDING: firing now would append 1 permanent duplicate record(s) to an append-only chain. A missed obligation is recoverable; a duplicate is not.
[gate] skipping the base job
[base] skipped - no unserved obligation in its lead window 
[base] exit=0 
================================================================================================
PROSPECTIVE PAIR RUNNER  2026-08-04T17:15:07.270525+00:00  model=ridge_score_level_w2c1_v1 hash=5d295bb8b99cd34e
================================================================================================
base records in official chain: 23
  late_prevented #0 ATL v SEA @ T-8h                cutoff 2026-07-31T15:35:00+00:00 already passed at 2026-08-0
  late_prevented #1 WAS v DAL @ T-8h                cutoff 2026-07-31T15:35:00+00:00 already passed at 2026-08-0
  late_prevented #2 PDX v IND @ T-8h                cutoff 2026-07-31T18:06:00+00:00 already passed at 2026-08-0
  late_prevented #3 ATL v SEA @ T-30m               cutoff 2026-07-31T23:05:00+00:00 already passed at 2026-08-0
  late_prevented #4 WAS v DAL @ T-30m               cutoff 2026-07-31T23:05:00+00:00 already passed at 2026-08-0
  late_prevented #5 PDX v IND @ T-90m               cutoff 2026-08-01T00:36:00+00:00 already passed at 2026-08-0
  late_prevented #6 CHI v LVA @ T-90m               cutoff 2026-08-01T15:35:00+00:00 already passed at 2026-08-0
  late_prevented #7 PHX v NYL @ T-90m               cutoff 2026-08-01T17:34:00+00:00 already passed at 2026-08-0
  skip           #8 CHI v LVA @ unknown-tip         base record is an explicit no-forecast; nothing to pair
  skip           #9 PHX v NYL @ unknown-tip         base record is an explicit no-forecast; nothing to pair
  late_prevented #10 NYL v SEA @ T-8h               cutoff 2026-08-03T15:04:00+00:00 already passed at 2026-08-0
  late_prevented #11 ATL v LVA @ T-8h               cutoff 2026-08-03T15:14:00+00:00 already passed at 2026-08-0
  late_prevented #12 CHI v PHX @ T-8h               cutoff 2026-08-03T17:08:00+00:00 already passed at 2026-08-0
  already_logged #13 NYL v SEA @ T-90m              idempotent: pair exists
  already_logged #14 ATL v LVA @ T-90m              idempotent: pair exists
  already_logged #15 CHI v PHX @ T-90m              idempotent: pair exists
  already_logged #16 NYL v SEA @ T-90m              idempotent: pair exists
  already_logged #17 ATL v LVA @ T-90m              idempotent: pair exists
  already_logged #18 CHI v PHX @ T-90m              idempotent: pair exists
  late_prevented #19 NYL v SEA @ T-30m              cutoff 2026-08-03T22:34:00+00:00 already passed at 2026-08-0
  late_prevented #20 ATL v LVA @ T-30m              cutoff 2026-08-03T22:44:00+00:00 already passed at 2026-08-0
  already_logged #21 CHI v PHX @ T-90m              idempotent: pair exists
  already_logged #22 GSV v TOR @ T-8h               idempotent: pair exists

  already_logged=8, late_prevented=13, skip=2
  arm chain: ok=True n=4 tip=71ebddc3ba3a9c91
  receipt appended to prospective_pair_runs.jsonl
[arm] exit=0 
====================================================================================================
FORECAST COVERAGE AUDIT   generated 2026-08-04T17:15:08.365918+00:00
====================================================================================================

CUMULATIVE by classification
  missing_job_did_not_run      26
  not_yet_due                  22
  before_period_start          15
  forecast_logged              15
  missing_data_unavailable     4
  late_record                  2

  obligations 84 | due 47 | served 15 | coverage 31.9%
  operational misses 26 | unexplained 0
  PROMOTION-GRADE: NO   (needs >= 95% served, <= 0 operational misses, all explained)

DAILY
  date         oblig  served     due     excl    opmiss arm_recs
  2026-07-30      12       0       0       12         0        0
  2026-07-31      12       6       9        3         0        0
  2026-08-01       8       2       8        0         6        0
  2026-08-02      16       0      16        0        16        0
  2026-08-03      12       6      12        0         3        3
  2026-08-04       4       1       2        2         1        1
  2026-08-05      16       0       0       16         0        0
  2026-08-06       4       0       0        4         0        0

EVERY MISSING OR IRREGULAR OBLIGATION (each must carry an explanation)
  2026-07-31 ATL v SEA T-90m   missing_data_unavailable   job served 1 other game(s) on 2026-07-31 at T-90m
  2026-07-31 WAS v DAL T-90m   missing_data_unavailable   job served 1 other game(s) on 2026-07-31 at T-90m
  2026-07-31 PDX v IND T-30m   missing_data_unavailable   job served 2 other game(s) on 2026-07-31 at T-30m
  2026-08-01 CHI v LVA T-24h   missing_job_did_not_run    no base record for ANY game on 2026-08-01 at T-24h
  2026-08-01 CHI v LVA T-8h    missing_job_did_not_run    no base record for ANY game on 2026-08-01 at T-8h
  2026-08-01 CHI v LVA T-30m   missing_job_did_not_run    no base record for ANY game on 2026-08-01 at T-30m
  2026-08-01 PHX v NYL T-24h   missing_job_did_not_run    no base record for ANY game on 2026-08-01 at T-24h
  2026-08-01 PHX v NYL T-8h    missing_job_did_not_run    no base record for ANY game on 2026-08-01 at T-8h
  2026-08-01 PHX v NYL T-30m   missing_job_did_not_run    no base record for ANY game on 2026-08-01 at T-30m
  2026-08-02 DAL v CON T-24h   missing_job_did_not_run    no base record for ANY game on 2026-08-02 at T-24h
  2026-08-02 DAL v CON T-8h    missing_job_did_not_run    no base record for ANY game on 2026-08-02 at T-8h
  2026-08-02 DAL v CON T-90m   missing_job_did_not_run    no base record for ANY game on 2026-08-02 at T-90m
  2026-08-02 DAL v CON T-30m   missing_job_did_not_run    no base record for ANY game on 2026-08-02 at T-30m
  2026-08-02 GSV v TOR T-24h   missing_job_did_not_run    no base record for ANY game on 2026-08-02 at T-24h
  2026-08-02 GSV v TOR T-8h    missing_job_did_not_run    no base record for ANY game on 2026-08-02 at T-8h
  2026-08-02 GSV v TOR T-90m   missing_job_did_not_run    no base record for ANY game on 2026-08-02 at T-90m
  2026-08-02 GSV v TOR T-30m   missing_job_did_not_run    no base record for ANY game on 2026-08-02 at T-30m
  2026-08-02 MIN v IND T-24h   missing_job_did_not_run    no base record for ANY game on 2026-08-02 at T-24h
  2026-08-02 MIN v IND T-8h    missing_job_did_not_run    no base record for ANY game on 2026-08-02 at T-8h
  2026-08-02 MIN v IND T-90m   missing_job_did_not_run    no base record for ANY game on 2026-08-02 at T-90m
  2026-08-02 MIN v IND T-30m   missing_job_did_not_run    no base record for ANY game on 2026-08-02 at T-30m
  2026-08-02 PDX v LAS T-24h   missing_job_did_not_run    no base record for ANY game on 2026-08-02 at T-24h
  2026-08-02 PDX v LAS T-8h    missing_job_did_not_run    no base record for ANY game on 2026-08-02 at T-8h
  2026-08-02 PDX v LAS T-90m   missing_job_did_not_run    no base record for ANY game on 2026-08-02 at T-90m
  2026-08-02 PDX v LAS T-30m   missing_job_did_not_run    no base record for ANY game on 2026-08-02 at T-30m
  2026-08-03 NYL v SEA T-24h   missing_job_did_not_run    no base record for ANY game on 2026-08-03 at T-24h
  2026-08-03 NYL v SEA T-30m   late_record                created 2026-08-03T22:45:08.958486+00:00 after cutoff
  2026-08-03 ATL v LVA T-24h   missing_job_did_not_run    no base record for ANY game on 2026-08-03 at T-24h
  2026-08-03 ATL v LVA T-30m   late_record                created 2026-08-03T22:45:08.976775+00:00 after cutoff
  2026-08-03 CHI v PHX T-24h   missing_job_did_not_run    no base record for ANY game on 2026-08-03 at T-24h
  2026-08-03 CHI v PHX T-30m   missing_data_unavailable   job served 2 other game(s) on 2026-08-03 at T-30m
  2026-08-04 GSV v TOR T-24h   missing_job_did_not_run    no base record for ANY game on 2026-08-04 at T-24h

wrote forecasts/coverage_audit.csv and forecasts/coverage_receipt.json
[audit] exit=0 
==== Tue 08/04/2026 13:30:03.52 ==== 
[gate] 2026-08-04T17:30:08.442227+00:00  fire=False  -- would duplicate 1 already-served obligation(s); the base job cannot be scoped to one game
       GSV v TOR      T-8h    SERVED   cutoff 2026-08-04T18:00:00 (+30 min) 
[gate] HOLDING: firing now would append 1 permanent duplicate record(s) to an append-only chain. A missed obligation is recoverable; a duplicate is not.
[gate] skipping the base job
[base] skipped - no unserved obligation in its lead window 
[base] exit=0 
================================================================================================
PROSPECTIVE PAIR RUNNER  2026-08-04T17:30:12.060775+00:00  model=ridge_score_level_w2c1_v1 hash=5d295bb8b99cd34e
================================================================================================
base records in official chain: 23
  late_prevented #0 ATL v SEA @ T-8h                cutoff 2026-07-31T15:35:00+00:00 already passed at 2026-08-0
  late_prevented #1 WAS v DAL @ T-8h                cutoff 2026-07-31T15:35:00+00:00 already passed at 2026-08-0
  late_prevented #2 PDX v IND @ T-8h                cutoff 2026-07-31T18:06:00+00:00 already passed at 2026-08-0
  late_prevented #3 ATL v SEA @ T-30m               cutoff 2026-07-31T23:05:00+00:00 already passed at 2026-08-0
  late_prevented #4 WAS v DAL @ T-30m               cutoff 2026-07-31T23:05:00+00:00 already passed at 2026-08-0
  late_prevented #5 PDX v IND @ T-90m               cutoff 2026-08-01T00:36:00+00:00 already passed at 2026-08-0
  late_prevented #6 CHI v LVA @ T-90m               cutoff 2026-08-01T15:35:00+00:00 already passed at 2026-08-0
  late_prevented #7 PHX v NYL @ T-90m               cutoff 2026-08-01T17:34:00+00:00 already passed at 2026-08-0
  skip           #8 CHI v LVA @ unknown-tip         base record is an explicit no-forecast; nothing to pair
  skip           #9 PHX v NYL @ unknown-tip         base record is an explicit no-forecast; nothing to pair
  late_prevented #10 NYL v SEA @ T-8h               cutoff 2026-08-03T15:04:00+00:00 already passed at 2026-08-0
  late_prevented #11 ATL v LVA @ T-8h               cutoff 2026-08-03T15:14:00+00:00 already passed at 2026-08-0
  late_prevented #12 CHI v PHX @ T-8h               cutoff 2026-08-03T17:08:00+00:00 already passed at 2026-08-0
  already_logged #13 NYL v SEA @ T-90m              idempotent: pair exists
  already_logged #14 ATL v LVA @ T-90m              idempotent: pair exists
  already_logged #15 CHI v PHX @ T-90m              idempotent: pair exists
  already_logged #16 NYL v SEA @ T-90m              idempotent: pair exists
  already_logged #17 ATL v LVA @ T-90m              idempotent: pair exists
  already_logged #18 CHI v PHX @ T-90m              idempotent: pair exists
  late_prevented #19 NYL v SEA @ T-30m              cutoff 2026-08-03T22:34:00+00:00 already passed at 2026-08-0
  late_prevented #20 ATL v LVA @ T-30m              cutoff 2026-08-03T22:44:00+00:00 already passed at 2026-08-0
  already_logged #21 CHI v PHX @ T-90m              idempotent: pair exists
  already_logged #22 GSV v TOR @ T-8h               idempotent: pair exists

  already_logged=8, late_prevented=13, skip=2
  arm chain: ok=True n=4 tip=71ebddc3ba3a9c91
  receipt appended to prospective_pair_runs.jsonl
[arm] exit=0 
====================================================================================================
FORECAST COVERAGE AUDIT   generated 2026-08-04T17:30:13.590542+00:00
====================================================================================================

CUMULATIVE by classification
  missing_job_did_not_run      26
  not_yet_due                  22
  before_period_start          15
  forecast_logged              15
  missing_data_unavailable     4
  late_record                  2

  obligations 84 | due 47 | served 15 | coverage 31.9%
  operational misses 26 | unexplained 0
  PROMOTION-GRADE: NO   (needs >= 95% served, <= 0 operational misses, all explained)

DAILY
  date         oblig  served     due     excl    opmiss arm_recs
  2026-07-30      12       0       0       12         0        0
  2026-07-31      12       6       9        3         0        0
  2026-08-01       8       2       8        0         6        0
  2026-08-02      16       0      16        0        16        0
  2026-08-03      12       6      12        0         3        3
  2026-08-04       4       1       2        2         1        1
  2026-08-05      16       0       0       16         0        0
  2026-08-06       4       0       0        4         0        0

EVERY MISSING OR IRREGULAR OBLIGATION (each must carry an explanation)
  2026-07-31 ATL v SEA T-90m   missing_data_unavailable   job served 1 other game(s) on 2026-07-31 at T-90m
  2026-07-31 WAS v DAL T-90m   missing_data_unavailable   job served 1 other game(s) on 2026-07-31 at T-90m
  2026-07-31 PDX v IND T-30m   missing_data_unavailable   job served 2 other game(s) on 2026-07-31 at T-30m
  2026-08-01 CHI v LVA T-24h   missing_job_did_not_run    no base record for ANY game on 2026-08-01 at T-24h
  2026-08-01 CHI v LVA T-8h    missing_job_did_not_run    no base record for ANY game on 2026-08-01 at T-8h
  2026-08-01 CHI v LVA T-30m   missing_job_did_not_run    no base record for ANY game on 2026-08-01 at T-30m
  2026-08-01 PHX v NYL T-24h   missing_job_did_not_run    no base record for ANY game on 2026-08-01 at T-24h
  2026-08-01 PHX v NYL T-8h    missing_job_did_not_run    no base record for ANY game on 2026-08-01 at T-8h
  2026-08-01 PHX v NYL T-30m   missing_job_did_not_run    no base record for ANY game on 2026-08-01 at T-30m
  2026-08-02 DAL v CON T-24h   missing_job_did_not_run    no base record for ANY game on 2026-08-02 at T-24h
  2026-08-02 DAL v CON T-8h    missing_job_did_not_run    no base record for ANY game on 2026-08-02 at T-8h
  2026-08-02 DAL v CON T-90m   missing_job_did_not_run    no base record for ANY game on 2026-08-02 at T-90m
  2026-08-02 DAL v CON T-30m   missing_job_did_not_run    no base record for ANY game on 2026-08-02 at T-30m
  2026-08-02 GSV v TOR T-24h   missing_job_did_not_run    no base record for ANY game on 2026-08-02 at T-24h
  2026-08-02 GSV v TOR T-8h    missing_job_did_not_run    no base record for ANY game on 2026-08-02 at T-8h
  2026-08-02 GSV v TOR T-90m   missing_job_did_not_run    no base record for ANY game on 2026-08-02 at T-90m
  2026-08-02 GSV v TOR T-30m   missing_job_did_not_run    no base record for ANY game on 2026-08-02 at T-30m
  2026-08-02 MIN v IND T-24h   missing_job_did_not_run    no base record for ANY game on 2026-08-02 at T-24h
  2026-08-02 MIN v IND T-8h    missing_job_did_not_run    no base record for ANY game on 2026-08-02 at T-8h
  2026-08-02 MIN v IND T-90m   missing_job_did_not_run    no base record for ANY game on 2026-08-02 at T-90m
  2026-08-02 MIN v IND T-30m   missing_job_did_not_run    no base record for ANY game on 2026-08-02 at T-30m
  2026-08-02 PDX v LAS T-24h   missing_job_did_not_run    no base record for ANY game on 2026-08-02 at T-24h
  2026-08-02 PDX v LAS T-8h    missing_job_did_not_run    no base record for ANY game on 2026-08-02 at T-8h
  2026-08-02 PDX v LAS T-90m   missing_job_did_not_run    no base record for ANY game on 2026-08-02 at T-90m
  2026-08-02 PDX v LAS T-30m   missing_job_did_not_run    no base record for ANY game on 2026-08-02 at T-30m
  2026-08-03 NYL v SEA T-24h   missing_job_did_not_run    no base record for ANY game on 2026-08-03 at T-24h
  2026-08-03 NYL v SEA T-30m   late_record                created 2026-08-03T22:45:08.958486+00:00 after cutoff
  2026-08-03 ATL v LVA T-24h   missing_job_did_not_run    no base record for ANY game on 2026-08-03 at T-24h
  2026-08-03 ATL v LVA T-30m   late_record                created 2026-08-03T22:45:08.976775+00:00 after cutoff
  2026-08-03 CHI v PHX T-24h   missing_job_did_not_run    no base record for ANY game on 2026-08-03 at T-24h
  2026-08-03 CHI v PHX T-30m   missing_data_unavailable   job served 2 other game(s) on 2026-08-03 at T-30m
  2026-08-04 GSV v TOR T-24h   missing_job_did_not_run    no base record for ANY game on 2026-08-04 at T-24h

wrote forecasts/coverage_audit.csv and forecasts/coverage_receipt.json
[audit] exit=0 
==== Tue 08/04/2026 13:45:04.20 ==== 
[gate] 2026-08-04T17:45:08.395555+00:00  fire=False  -- would duplicate 1 already-served obligation(s); the base job cannot be scoped to one game
       GSV v TOR      T-8h    SERVED   cutoff 2026-08-04T18:00:00 (+15 min) 
[gate] HOLDING: firing now would append 1 permanent duplicate record(s) to an append-only chain. A missed obligation is recoverable; a duplicate is not.
[gate] skipping the base job
[base] skipped - no unserved obligation in its lead window 
[base] exit=0 
================================================================================================
PROSPECTIVE PAIR RUNNER  2026-08-04T17:45:11.470697+00:00  model=ridge_score_level_w2c1_v1 hash=5d295bb8b99cd34e
================================================================================================
base records in official chain: 23
  late_prevented #0 ATL v SEA @ T-8h                cutoff 2026-07-31T15:35:00+00:00 already passed at 2026-08-0
  late_prevented #1 WAS v DAL @ T-8h                cutoff 2026-07-31T15:35:00+00:00 already passed at 2026-08-0
  late_prevented #2 PDX v IND @ T-8h                cutoff 2026-07-31T18:06:00+00:00 already passed at 2026-08-0
  late_prevented #3 ATL v SEA @ T-30m               cutoff 2026-07-31T23:05:00+00:00 already passed at 2026-08-0
  late_prevented #4 WAS v DAL @ T-30m               cutoff 2026-07-31T23:05:00+00:00 already passed at 2026-08-0
  late_prevented #5 PDX v IND @ T-90m               cutoff 2026-08-01T00:36:00+00:00 already passed at 2026-08-0
  late_prevented #6 CHI v LVA @ T-90m               cutoff 2026-08-01T15:35:00+00:00 already passed at 2026-08-0
  late_prevented #7 PHX v NYL @ T-90m               cutoff 2026-08-01T17:34:00+00:00 already passed at 2026-08-0
  skip           #8 CHI v LVA @ unknown-tip         base record is an explicit no-forecast; nothing to pair
  skip           #9 PHX v NYL @ unknown-tip         base record is an explicit no-forecast; nothing to pair
  late_prevented #10 NYL v SEA @ T-8h               cutoff 2026-08-03T15:04:00+00:00 already passed at 2026-08-0
  late_prevented #11 ATL v LVA @ T-8h               cutoff 2026-08-03T15:14:00+00:00 already passed at 2026-08-0
  late_prevented #12 CHI v PHX @ T-8h               cutoff 2026-08-03T17:08:00+00:00 already passed at 2026-08-0
  already_logged #13 NYL v SEA @ T-90m              idempotent: pair exists
  already_logged #14 ATL v LVA @ T-90m              idempotent: pair exists
  already_logged #15 CHI v PHX @ T-90m              idempotent: pair exists
  already_logged #16 NYL v SEA @ T-90m              idempotent: pair exists
  already_logged #17 ATL v LVA @ T-90m              idempotent: pair exists
  already_logged #18 CHI v PHX @ T-90m              idempotent: pair exists
  late_prevented #19 NYL v SEA @ T-30m              cutoff 2026-08-03T22:34:00+00:00 already passed at 2026-08-0
  late_prevented #20 ATL v LVA @ T-30m              cutoff 2026-08-03T22:44:00+00:00 already passed at 2026-08-0
  already_logged #21 CHI v PHX @ T-90m              idempotent: pair exists
  already_logged #22 GSV v TOR @ T-8h               idempotent: pair exists

  already_logged=8, late_prevented=13, skip=2
  arm chain: ok=True n=4 tip=71ebddc3ba3a9c91
  receipt appended to prospective_pair_runs.jsonl
[arm] exit=0 
====================================================================================================
FORECAST COVERAGE AUDIT   generated 2026-08-04T17:45:12.727140+00:00
====================================================================================================

CUMULATIVE by classification
  missing_job_did_not_run      26
  not_yet_due                  22
  before_period_start          15
  forecast_logged              15
  missing_data_unavailable     4
  late_record                  2

  obligations 84 | due 47 | served 15 | coverage 31.9%
  operational misses 26 | unexplained 0
  PROMOTION-GRADE: NO   (needs >= 95% served, <= 0 operational misses, all explained)

DAILY
  date         oblig  served     due     excl    opmiss arm_recs
  2026-07-30      12       0       0       12         0        0
  2026-07-31      12       6       9        3         0        0
  2026-08-01       8       2       8        0         6        0
  2026-08-02      16       0      16        0        16        0
  2026-08-03      12       6      12        0         3        3
  2026-08-04       4       1       2        2         1        1
  2026-08-05      16       0       0       16         0        0
  2026-08-06       4       0       0        4         0        0

EVERY MISSING OR IRREGULAR OBLIGATION (each must carry an explanation)
  2026-07-31 ATL v SEA T-90m   missing_data_unavailable   job served 1 other game(s) on 2026-07-31 at T-90m
  2026-07-31 WAS v DAL T-90m   missing_data_unavailable   job served 1 other game(s) on 2026-07-31 at T-90m
  2026-07-31 PDX v IND T-30m   missing_data_unavailable   job served 2 other game(s) on 2026-07-31 at T-30m
  2026-08-01 CHI v LVA T-24h   missing_job_did_not_run    no base record for ANY game on 2026-08-01 at T-24h
  2026-08-01 CHI v LVA T-8h    missing_job_did_not_run    no base record for ANY game on 2026-08-01 at T-8h
  2026-08-01 CHI v LVA T-30m   missing_job_did_not_run    no base record for ANY game on 2026-08-01 at T-30m
  2026-08-01 PHX v NYL T-24h   missing_job_did_not_run    no base record for ANY game on 2026-08-01 at T-24h
  2026-08-01 PHX v NYL T-8h    missing_job_did_not_run    no base record for ANY game on 2026-08-01 at T-8h
  2026-08-01 PHX v NYL T-30m   missing_job_did_not_run    no base record for ANY game on 2026-08-01 at T-30m
  2026-08-02 DAL v CON T-24h   missing_job_did_not_run    no base record for ANY game on 2026-08-02 at T-24h
  2026-08-02 DAL v CON T-8h    missing_job_did_not_run    no base record for ANY game on 2026-08-02 at T-8h
  2026-08-02 DAL v CON T-90m   missing_job_did_not_run    no base record for ANY game on 2026-08-02 at T-90m
  2026-08-02 DAL v CON T-30m   missing_job_did_not_run    no base record for ANY game on 2026-08-02 at T-30m
  2026-08-02 GSV v TOR T-24h   missing_job_did_not_run    no base record for ANY game on 2026-08-02 at T-24h
  2026-08-02 GSV v TOR T-8h    missing_job_did_not_run    no base record for ANY game on 2026-08-02 at T-8h
  2026-08-02 GSV v TOR T-90m   missing_job_did_not_run    no base record for ANY game on 2026-08-02 at T-90m
  2026-08-02 GSV v TOR T-30m   missing_job_did_not_run    no base record for ANY game on 2026-08-02 at T-30m
  2026-08-02 MIN v IND T-24h   missing_job_did_not_run    no base record for ANY game on 2026-08-02 at T-24h
  2026-08-02 MIN v IND T-8h    missing_job_did_not_run    no base record for ANY game on 2026-08-02 at T-8h
  2026-08-02 MIN v IND T-90m   missing_job_did_not_run    no base record for ANY game on 2026-08-02 at T-90m
  2026-08-02 MIN v IND T-30m   missing_job_did_not_run    no base record for ANY game on 2026-08-02 at T-30m
  2026-08-02 PDX v LAS T-24h   missing_job_did_not_run    no base record for ANY game on 2026-08-02 at T-24h
  2026-08-02 PDX v LAS T-8h    missing_job_did_not_run    no base record for ANY game on 2026-08-02 at T-8h
  2026-08-02 PDX v LAS T-90m   missing_job_did_not_run    no base record for ANY game on 2026-08-02 at T-90m
  2026-08-02 PDX v LAS T-30m   missing_job_did_not_run    no base record for ANY game on 2026-08-02 at T-30m
  2026-08-03 NYL v SEA T-24h   missing_job_did_not_run    no base record for ANY game on 2026-08-03 at T-24h
  2026-08-03 NYL v SEA T-30m   late_record                created 2026-08-03T22:45:08.958486+00:00 after cutoff
  2026-08-03 ATL v LVA T-24h   missing_job_did_not_run    no base record for ANY game on 2026-08-03 at T-24h
  2026-08-03 ATL v LVA T-30m   late_record                created 2026-08-03T22:45:08.976775+00:00 after cutoff
  2026-08-03 CHI v PHX T-24h   missing_job_did_not_run    no base record for ANY game on 2026-08-03 at T-24h
  2026-08-03 CHI v PHX T-30m   missing_data_unavailable   job served 2 other game(s) on 2026-08-03 at T-30m
  2026-08-04 GSV v TOR T-24h   missing_job_did_not_run    no base record for ANY game on 2026-08-04 at T-24h

wrote forecasts/coverage_audit.csv and forecasts/coverage_receipt.json
[audit] exit=0 
==== Tue 08/04/2026 14:00:03.04 ==== 
[gate] 2026-08-04T18:00:03.740205+00:00  fire=False  -- would duplicate 1 already-served obligation(s); the base job cannot be scoped to one game
       GSV v TOR      T-8h    SERVED   cutoff 2026-08-04T18:00:00 (-0 min) 
[gate] HOLDING: firing now would append 1 permanent duplicate record(s) to an append-only chain. A missed obligation is recoverable; a duplicate is not.
[gate] skipping the base job
[base] skipped - no unserved obligation in its lead window 
[base] exit=0 
================================================================================================
PROSPECTIVE PAIR RUNNER  2026-08-04T18:00:04.938953+00:00  model=ridge_score_level_w2c1_v1 hash=5d295bb8b99cd34e
================================================================================================
base records in official chain: 23
  late_prevented #0 ATL v SEA @ T-8h                cutoff 2026-07-31T15:35:00+00:00 already passed at 2026-08-0
  late_prevented #1 WAS v DAL @ T-8h                cutoff 2026-07-31T15:35:00+00:00 already passed at 2026-08-0
  late_prevented #2 PDX v IND @ T-8h                cutoff 2026-07-31T18:06:00+00:00 already passed at 2026-08-0
  late_prevented #3 ATL v SEA @ T-30m               cutoff 2026-07-31T23:05:00+00:00 already passed at 2026-08-0
  late_prevented #4 WAS v DAL @ T-30m               cutoff 2026-07-31T23:05:00+00:00 already passed at 2026-08-0
  late_prevented #5 PDX v IND @ T-90m               cutoff 2026-08-01T00:36:00+00:00 already passed at 2026-08-0
  late_prevented #6 CHI v LVA @ T-90m               cutoff 2026-08-01T15:35:00+00:00 already passed at 2026-08-0
  late_prevented #7 PHX v NYL @ T-90m               cutoff 2026-08-01T17:34:00+00:00 already passed at 2026-08-0
  skip           #8 CHI v LVA @ unknown-tip         base record is an explicit no-forecast; nothing to pair
  skip           #9 PHX v NYL @ unknown-tip         base record is an explicit no-forecast; nothing to pair
  late_prevented #10 NYL v SEA @ T-8h               cutoff 2026-08-03T15:04:00+00:00 already passed at 2026-08-0
  late_prevented #11 ATL v LVA @ T-8h               cutoff 2026-08-03T15:14:00+00:00 already passed at 2026-08-0
  late_prevented #12 CHI v PHX @ T-8h               cutoff 2026-08-03T17:08:00+00:00 already passed at 2026-08-0
  already_logged #13 NYL v SEA @ T-90m              idempotent: pair exists
  already_logged #14 ATL v LVA @ T-90m              idempotent: pair exists
  already_logged #15 CHI v PHX @ T-90m              idempotent: pair exists
  already_logged #16 NYL v SEA @ T-90m              idempotent: pair exists
  already_logged #17 ATL v LVA @ T-90m              idempotent: pair exists
  already_logged #18 CHI v PHX @ T-90m              idempotent: pair exists
  late_prevented #19 NYL v SEA @ T-30m              cutoff 2026-08-03T22:34:00+00:00 already passed at 2026-08-0
  late_prevented #20 ATL v LVA @ T-30m              cutoff 2026-08-03T22:44:00+00:00 already passed at 2026-08-0
  already_logged #21 CHI v PHX @ T-90m              idempotent: pair exists
  already_logged #22 GSV v TOR @ T-8h               idempotent: pair exists

  already_logged=8, late_prevented=13, skip=2
  arm chain: ok=True n=4 tip=71ebddc3ba3a9c91
  receipt appended to prospective_pair_runs.jsonl
[arm] exit=0 
====================================================================================================
FORECAST COVERAGE AUDIT   generated 2026-08-04T18:00:06.020998+00:00
====================================================================================================

CUMULATIVE by classification
  missing_job_did_not_run      26
  not_yet_due                  22
  before_period_start          15
  forecast_logged              15
  missing_data_unavailable     4
  late_record                  2

  obligations 84 | due 47 | served 15 | coverage 31.9%
  operational misses 26 | unexplained 0
  PROMOTION-GRADE: NO   (needs >= 95% served, <= 0 operational misses, all explained)

DAILY
  date         oblig  served     due     excl    opmiss arm_recs
  2026-07-30      12       0       0       12         0        0
  2026-07-31      12       6       9        3         0        0
  2026-08-01       8       2       8        0         6        0
  2026-08-02      16       0      16        0        16        0
  2026-08-03      12       6      12        0         3        3
  2026-08-04       4       1       2        2         1        1
  2026-08-05      16       0       0       16         0        0
  2026-08-06       4       0       0        4         0        0

EVERY MISSING OR IRREGULAR OBLIGATION (each must carry an explanation)
  2026-07-31 ATL v SEA T-90m   missing_data_unavailable   job served 1 other game(s) on 2026-07-31 at T-90m
  2026-07-31 WAS v DAL T-90m   missing_data_unavailable   job served 1 other game(s) on 2026-07-31 at T-90m
  2026-07-31 PDX v IND T-30m   missing_data_unavailable   job served 2 other game(s) on 2026-07-31 at T-30m
  2026-08-01 CHI v LVA T-24h   missing_job_did_not_run    no base record for ANY game on 2026-08-01 at T-24h
  2026-08-01 CHI v LVA T-8h    missing_job_did_not_run    no base record for ANY game on 2026-08-01 at T-8h
  2026-08-01 CHI v LVA T-30m   missing_job_did_not_run    no base record for ANY game on 2026-08-01 at T-30m
  2026-08-01 PHX v NYL T-24h   missing_job_did_not_run    no base record for ANY game on 2026-08-01 at T-24h
  2026-08-01 PHX v NYL T-8h    missing_job_did_not_run    no base record for ANY game on 2026-08-01 at T-8h
  2026-08-01 PHX v NYL T-30m   missing_job_did_not_run    no base record for ANY game on 2026-08-01 at T-30m
  2026-08-02 DAL v CON T-24h   missing_job_did_not_run    no base record for ANY game on 2026-08-02 at T-24h
  2026-08-02 DAL v CON T-8h    missing_job_did_not_run    no base record for ANY game on 2026-08-02 at T-8h
  2026-08-02 DAL v CON T-90m   missing_job_did_not_run    no base record for ANY game on 2026-08-02 at T-90m
  2026-08-02 DAL v CON T-30m   missing_job_did_not_run    no base record for ANY game on 2026-08-02 at T-30m
  2026-08-02 GSV v TOR T-24h   missing_job_did_not_run    no base record for ANY game on 2026-08-02 at T-24h
  2026-08-02 GSV v TOR T-8h    missing_job_did_not_run    no base record for ANY game on 2026-08-02 at T-8h
  2026-08-02 GSV v TOR T-90m   missing_job_did_not_run    no base record for ANY game on 2026-08-02 at T-90m
  2026-08-02 GSV v TOR T-30m   missing_job_did_not_run    no base record for ANY game on 2026-08-02 at T-30m
  2026-08-02 MIN v IND T-24h   missing_job_did_not_run    no base record for ANY game on 2026-08-02 at T-24h
  2026-08-02 MIN v IND T-8h    missing_job_did_not_run    no base record for ANY game on 2026-08-02 at T-8h
  2026-08-02 MIN v IND T-90m   missing_job_did_not_run    no base record for ANY game on 2026-08-02 at T-90m
  2026-08-02 MIN v IND T-30m   missing_job_did_not_run    no base record for ANY game on 2026-08-02 at T-30m
  2026-08-02 PDX v LAS T-24h   missing_job_did_not_run    no base record for ANY game on 2026-08-02 at T-24h
  2026-08-02 PDX v LAS T-8h    missing_job_did_not_run    no base record for ANY game on 2026-08-02 at T-8h
  2026-08-02 PDX v LAS T-90m   missing_job_did_not_run    no base record for ANY game on 2026-08-02 at T-90m
  2026-08-02 PDX v LAS T-30m   missing_job_did_not_run    no base record for ANY game on 2026-08-02 at T-30m
  2026-08-03 NYL v SEA T-24h   missing_job_did_not_run    no base record for ANY game on 2026-08-03 at T-24h
  2026-08-03 NYL v SEA T-30m   late_record                created 2026-08-03T22:45:08.958486+00:00 after cutoff
  2026-08-03 ATL v LVA T-24h   missing_job_did_not_run    no base record for ANY game on 2026-08-03 at T-24h
  2026-08-03 ATL v LVA T-30m   late_record                created 2026-08-03T22:45:08.976775+00:00 after cutoff
  2026-08-03 CHI v PHX T-24h   missing_job_did_not_run    no base record for ANY game on 2026-08-03 at T-24h
  2026-08-03 CHI v PHX T-30m   missing_data_unavailable   job served 2 other game(s) on 2026-08-03 at T-30m
  2026-08-04 GSV v TOR T-24h   missing_job_did_not_run    no base record for ANY game on 2026-08-04 at T-24h

wrote forecasts/coverage_audit.csv and forecasts/coverage_receipt.json
[audit] exit=0 
==== Tue 08/04/2026 14:15:04.19 ==== 
[gate] 2026-08-04T18:15:05.202050+00:00  fire=False  -- would duplicate 1 already-served obligation(s); the base job cannot be scoped to one game
       GSV v TOR      T-8h    SERVED   cutoff 2026-08-04T18:00:00 (-15 min) 
[gate] HOLDING: firing now would append 1 permanent duplicate record(s) to an append-only chain. A missed obligation is recoverable; a duplicate is not.
[gate] skipping the base job
[base] skipped - no unserved obligation in its lead window 
[base] exit=0 
================================================================================================
PROSPECTIVE PAIR RUNNER  2026-08-04T18:15:06.122809+00:00  model=ridge_score_level_w2c1_v1 hash=5d295bb8b99cd34e
================================================================================================
base records in official chain: 23
  late_prevented #0 ATL v SEA @ T-8h                cutoff 2026-07-31T15:35:00+00:00 already passed at 2026-08-0
  late_prevented #1 WAS v DAL @ T-8h                cutoff 2026-07-31T15:35:00+00:00 already passed at 2026-08-0
  late_prevented #2 PDX v IND @ T-8h                cutoff 2026-07-31T18:06:00+00:00 already passed at 2026-08-0
  late_prevented #3 ATL v SEA @ T-30m               cutoff 2026-07-31T23:05:00+00:00 already passed at 2026-08-0
  late_prevented #4 WAS v DAL @ T-30m               cutoff 2026-07-31T23:05:00+00:00 already passed at 2026-08-0
  late_prevented #5 PDX v IND @ T-90m               cutoff 2026-08-01T00:36:00+00:00 already passed at 2026-08-0
  late_prevented #6 CHI v LVA @ T-90m               cutoff 2026-08-01T15:35:00+00:00 already passed at 2026-08-0
  late_prevented #7 PHX v NYL @ T-90m               cutoff 2026-08-01T17:34:00+00:00 already passed at 2026-08-0
  skip           #8 CHI v LVA @ unknown-tip         base record is an explicit no-forecast; nothing to pair
  skip           #9 PHX v NYL @ unknown-tip         base record is an explicit no-forecast; nothing to pair
  late_prevented #10 NYL v SEA @ T-8h               cutoff 2026-08-03T15:04:00+00:00 already passed at 2026-08-0
  late_prevented #11 ATL v LVA @ T-8h               cutoff 2026-08-03T15:14:00+00:00 already passed at 2026-08-0
  late_prevented #12 CHI v PHX @ T-8h               cutoff 2026-08-03T17:08:00+00:00 already passed at 2026-08-0
  already_logged #13 NYL v SEA @ T-90m              idempotent: pair exists
  already_logged #14 ATL v LVA @ T-90m              idempotent: pair exists
  already_logged #15 CHI v PHX @ T-90m              idempotent: pair exists
  already_logged #16 NYL v SEA @ T-90m              idempotent: pair exists
  already_logged #17 ATL v LVA @ T-90m              idempotent: pair exists
  already_logged #18 CHI v PHX @ T-90m              idempotent: pair exists
  late_prevented #19 NYL v SEA @ T-30m              cutoff 2026-08-03T22:34:00+00:00 already passed at 2026-08-0
  late_prevented #20 ATL v LVA @ T-30m              cutoff 2026-08-03T22:44:00+00:00 already passed at 2026-08-0
  already_logged #21 CHI v PHX @ T-90m              idempotent: pair exists
  already_logged #22 GSV v TOR @ T-8h               idempotent: pair exists

  already_logged=8, late_prevented=13, skip=2
  arm chain: ok=True n=4 tip=71ebddc3ba3a9c91
  receipt appended to prospective_pair_runs.jsonl
[arm] exit=0 
====================================================================================================
FORECAST COVERAGE AUDIT   generated 2026-08-04T18:15:07.099566+00:00
====================================================================================================

CUMULATIVE by classification
  missing_job_did_not_run      26
  not_yet_due                  22
  before_period_start          15
  forecast_logged              15
  missing_data_unavailable     4
  late_record                  2

  obligations 84 | due 47 | served 15 | coverage 31.9%
  operational misses 26 | unexplained 0
  PROMOTION-GRADE: NO   (needs >= 95% served, <= 0 operational misses, all explained)

DAILY
  date         oblig  served     due     excl    opmiss arm_recs
  2026-07-30      12       0       0       12         0        0
  2026-07-31      12       6       9        3         0        0
  2026-08-01       8       2       8        0         6        0
  2026-08-02      16       0      16        0        16        0
  2026-08-03      12       6      12        0         3        3
  2026-08-04       4       1       2        2         1        1
  2026-08-05      16       0       0       16         0        0
  2026-08-06       4       0       0        4         0        0

EVERY MISSING OR IRREGULAR OBLIGATION (each must carry an explanation)
  2026-07-31 ATL v SEA T-90m   missing_data_unavailable   job served 1 other game(s) on 2026-07-31 at T-90m
  2026-07-31 WAS v DAL T-90m   missing_data_unavailable   job served 1 other game(s) on 2026-07-31 at T-90m
  2026-07-31 PDX v IND T-30m   missing_data_unavailable   job served 2 other game(s) on 2026-07-31 at T-30m
  2026-08-01 CHI v LVA T-24h   missing_job_did_not_run    no base record for ANY game on 2026-08-01 at T-24h
  2026-08-01 CHI v LVA T-8h    missing_job_did_not_run    no base record for ANY game on 2026-08-01 at T-8h
  2026-08-01 CHI v LVA T-30m   missing_job_did_not_run    no base record for ANY game on 2026-08-01 at T-30m
  2026-08-01 PHX v NYL T-24h   missing_job_did_not_run    no base record for ANY game on 2026-08-01 at T-24h
  2026-08-01 PHX v NYL T-8h    missing_job_did_not_run    no base record for ANY game on 2026-08-01 at T-8h
  2026-08-01 PHX v NYL T-30m   missing_job_did_not_run    no base record for ANY game on 2026-08-01 at T-30m
  2026-08-02 DAL v CON T-24h   missing_job_did_not_run    no base record for ANY game on 2026-08-02 at T-24h
  2026-08-02 DAL v CON T-8h    missing_job_did_not_run    no base record for ANY game on 2026-08-02 at T-8h
  2026-08-02 DAL v CON T-90m   missing_job_did_not_run    no base record for ANY game on 2026-08-02 at T-90m
  2026-08-02 DAL v CON T-30m   missing_job_did_not_run    no base record for ANY game on 2026-08-02 at T-30m
  2026-08-02 GSV v TOR T-24h   missing_job_did_not_run    no base record for ANY game on 2026-08-02 at T-24h
  2026-08-02 GSV v TOR T-8h    missing_job_did_not_run    no base record for ANY game on 2026-08-02 at T-8h
  2026-08-02 GSV v TOR T-90m   missing_job_did_not_run    no base record for ANY game on 2026-08-02 at T-90m
  2026-08-02 GSV v TOR T-30m   missing_job_did_not_run    no base record for ANY game on 2026-08-02 at T-30m
  2026-08-02 MIN v IND T-24h   missing_job_did_not_run    no base record for ANY game on 2026-08-02 at T-24h
  2026-08-02 MIN v IND T-8h    missing_job_did_not_run    no base record for ANY game on 2026-08-02 at T-8h
  2026-08-02 MIN v IND T-90m   missing_job_did_not_run    no base record for ANY game on 2026-08-02 at T-90m
  2026-08-02 MIN v IND T-30m   missing_job_did_not_run    no base record for ANY game on 2026-08-02 at T-30m
  2026-08-02 PDX v LAS T-24h   missing_job_did_not_run    no base record for ANY game on 2026-08-02 at T-24h
  2026-08-02 PDX v LAS T-8h    missing_job_did_not_run    no base record for ANY game on 2026-08-02 at T-8h
  2026-08-02 PDX v LAS T-90m   missing_job_did_not_run    no base record for ANY game on 2026-08-02 at T-90m
  2026-08-02 PDX v LAS T-30m   missing_job_did_not_run    no base record for ANY game on 2026-08-02 at T-30m
  2026-08-03 NYL v SEA T-24h   missing_job_did_not_run    no base record for ANY game on 2026-08-03 at T-24h
  2026-08-03 NYL v SEA T-30m   late_record                created 2026-08-03T22:45:08.958486+00:00 after cutoff
  2026-08-03 ATL v LVA T-24h   missing_job_did_not_run    no base record for ANY game on 2026-08-03 at T-24h
  2026-08-03 ATL v LVA T-30m   late_record                created 2026-08-03T22:45:08.976775+00:00 after cutoff
  2026-08-03 CHI v PHX T-24h   missing_job_did_not_run    no base record for ANY game on 2026-08-03 at T-24h
  2026-08-03 CHI v PHX T-30m   missing_data_unavailable   job served 2 other game(s) on 2026-08-03 at T-30m
  2026-08-04 GSV v TOR T-24h   missing_job_did_not_run    no base record for ANY game on 2026-08-04 at T-24h

wrote forecasts/coverage_audit.csv and forecasts/coverage_receipt.json
[audit] exit=0 
==== Tue 08/04/2026 14:30:03.09 ==== 
[gate] 2026-08-04T18:30:06.263826+00:00  fire=False  -- would duplicate 1 already-served obligation(s); the base job cannot be scoped to one game
       GSV v TOR      T-8h    SERVED   cutoff 2026-08-04T18:00:00 (-30 min) 
[gate] HOLDING: firing now would append 1 permanent duplicate record(s) to an append-only chain. A missed obligation is recoverable; a duplicate is not.
[gate] skipping the base job
[base] skipped - no unserved obligation in its lead window 
[base] exit=0 
================================================================================================
PROSPECTIVE PAIR RUNNER  2026-08-04T18:30:08.455658+00:00  model=ridge_score_level_w2c1_v1 hash=5d295bb8b99cd34e
================================================================================================
base records in official chain: 23
  late_prevented #0 ATL v SEA @ T-8h                cutoff 2026-07-31T15:35:00+00:00 already passed at 2026-08-0
  late_prevented #1 WAS v DAL @ T-8h                cutoff 2026-07-31T15:35:00+00:00 already passed at 2026-08-0
  late_prevented #2 PDX v IND @ T-8h                cutoff 2026-07-31T18:06:00+00:00 already passed at 2026-08-0
  late_prevented #3 ATL v SEA @ T-30m               cutoff 2026-07-31T23:05:00+00:00 already passed at 2026-08-0
  late_prevented #4 WAS v DAL @ T-30m               cutoff 2026-07-31T23:05:00+00:00 already passed at 2026-08-0
  late_prevented #5 PDX v IND @ T-90m               cutoff 2026-08-01T00:36:00+00:00 already passed at 2026-08-0
  late_prevented #6 CHI v LVA @ T-90m               cutoff 2026-08-01T15:35:00+00:00 already passed at 2026-08-0
  late_prevented #7 PHX v NYL @ T-90m               cutoff 2026-08-01T17:34:00+00:00 already passed at 2026-08-0
  skip           #8 CHI v LVA @ unknown-tip         base record is an explicit no-forecast; nothing to pair
  skip           #9 PHX v NYL @ unknown-tip         base record is an explicit no-forecast; nothing to pair
  late_prevented #10 NYL v SEA @ T-8h               cutoff 2026-08-03T15:04:00+00:00 already passed at 2026-08-0
  late_prevented #11 ATL v LVA @ T-8h               cutoff 2026-08-03T15:14:00+00:00 already passed at 2026-08-0
  late_prevented #12 CHI v PHX @ T-8h               cutoff 2026-08-03T17:08:00+00:00 already passed at 2026-08-0
  already_logged #13 NYL v SEA @ T-90m              idempotent: pair exists
  already_logged #14 ATL v LVA @ T-90m              idempotent: pair exists
  already_logged #15 CHI v PHX @ T-90m              idempotent: pair exists
  already_logged #16 NYL v SEA @ T-90m              idempotent: pair exists
  already_logged #17 ATL v LVA @ T-90m              idempotent: pair exists
  already_logged #18 CHI v PHX @ T-90m              idempotent: pair exists
  late_prevented #19 NYL v SEA @ T-30m              cutoff 2026-08-03T22:34:00+00:00 already passed at 2026-08-0
  late_prevented #20 ATL v LVA @ T-30m              cutoff 2026-08-03T22:44:00+00:00 already passed at 2026-08-0
  already_logged #21 CHI v PHX @ T-90m              idempotent: pair exists
  already_logged #22 GSV v TOR @ T-8h               idempotent: pair exists

  already_logged=8, late_prevented=13, skip=2
  arm chain: ok=True n=4 tip=71ebddc3ba3a9c91
  receipt appended to prospective_pair_runs.jsonl
[arm] exit=0 
====================================================================================================
FORECAST COVERAGE AUDIT   generated 2026-08-04T18:30:09.395764+00:00
====================================================================================================

CUMULATIVE by classification
  missing_job_did_not_run      26
  not_yet_due                  22
  before_period_start          15
  forecast_logged              15
  missing_data_unavailable     4
  late_record                  2

  obligations 84 | due 47 | served 15 | coverage 31.9%
  operational misses 26 | unexplained 0
  PROMOTION-GRADE: NO   (needs >= 95% served, <= 0 operational misses, all explained)

DAILY
  date         oblig  served     due     excl    opmiss arm_recs
  2026-07-30      12       0       0       12         0        0
  2026-07-31      12       6       9        3         0        0
  2026-08-01       8       2       8        0         6        0
  2026-08-02      16       0      16        0        16        0
  2026-08-03      12       6      12        0         3        3
  2026-08-04       4       1       2        2         1        1
  2026-08-05      16       0       0       16         0        0
  2026-08-06       4       0       0        4         0        0

EVERY MISSING OR IRREGULAR OBLIGATION (each must carry an explanation)
  2026-07-31 ATL v SEA T-90m   missing_data_unavailable   job served 1 other game(s) on 2026-07-31 at T-90m
  2026-07-31 WAS v DAL T-90m   missing_data_unavailable   job served 1 other game(s) on 2026-07-31 at T-90m
  2026-07-31 PDX v IND T-30m   missing_data_unavailable   job served 2 other game(s) on 2026-07-31 at T-30m
  2026-08-01 CHI v LVA T-24h   missing_job_did_not_run    no base record for ANY game on 2026-08-01 at T-24h
  2026-08-01 CHI v LVA T-8h    missing_job_did_not_run    no base record for ANY game on 2026-08-01 at T-8h
  2026-08-01 CHI v LVA T-30m   missing_job_did_not_run    no base record for ANY game on 2026-08-01 at T-30m
  2026-08-01 PHX v NYL T-24h   missing_job_did_not_run    no base record for ANY game on 2026-08-01 at T-24h
  2026-08-01 PHX v NYL T-8h    missing_job_did_not_run    no base record for ANY game on 2026-08-01 at T-8h
  2026-08-01 PHX v NYL T-30m   missing_job_did_not_run    no base record for ANY game on 2026-08-01 at T-30m
  2026-08-02 DAL v CON T-24h   missing_job_did_not_run    no base record for ANY game on 2026-08-02 at T-24h
  2026-08-02 DAL v CON T-8h    missing_job_did_not_run    no base record for ANY game on 2026-08-02 at T-8h
  2026-08-02 DAL v CON T-90m   missing_job_did_not_run    no base record for ANY game on 2026-08-02 at T-90m
  2026-08-02 DAL v CON T-30m   missing_job_did_not_run    no base record for ANY game on 2026-08-02 at T-30m
  2026-08-02 GSV v TOR T-24h   missing_job_did_not_run    no base record for ANY game on 2026-08-02 at T-24h
  2026-08-02 GSV v TOR T-8h    missing_job_did_not_run    no base record for ANY game on 2026-08-02 at T-8h
  2026-08-02 GSV v TOR T-90m   missing_job_did_not_run    no base record for ANY game on 2026-08-02 at T-90m
  2026-08-02 GSV v TOR T-30m   missing_job_did_not_run    no base record for ANY game on 2026-08-02 at T-30m
  2026-08-02 MIN v IND T-24h   missing_job_did_not_run    no base record for ANY game on 2026-08-02 at T-24h
  2026-08-02 MIN v IND T-8h    missing_job_did_not_run    no base record for ANY game on 2026-08-02 at T-8h
  2026-08-02 MIN v IND T-90m   missing_job_did_not_run    no base record for ANY game on 2026-08-02 at T-90m
  2026-08-02 MIN v IND T-30m   missing_job_did_not_run    no base record for ANY game on 2026-08-02 at T-30m
  2026-08-02 PDX v LAS T-24h   missing_job_did_not_run    no base record for ANY game on 2026-08-02 at T-24h
  2026-08-02 PDX v LAS T-8h    missing_job_did_not_run    no base record for ANY game on 2026-08-02 at T-8h
  2026-08-02 PDX v LAS T-90m   missing_job_did_not_run    no base record for ANY game on 2026-08-02 at T-90m
  2026-08-02 PDX v LAS T-30m   missing_job_did_not_run    no base record for ANY game on 2026-08-02 at T-30m
  2026-08-03 NYL v SEA T-24h   missing_job_did_not_run    no base record for ANY game on 2026-08-03 at T-24h
  2026-08-03 NYL v SEA T-30m   late_record                created 2026-08-03T22:45:08.958486+00:00 after cutoff
  2026-08-03 ATL v LVA T-24h   missing_job_did_not_run    no base record for ANY game on 2026-08-03 at T-24h
  2026-08-03 ATL v LVA T-30m   late_record                created 2026-08-03T22:45:08.976775+00:00 after cutoff
  2026-08-03 CHI v PHX T-24h   missing_job_did_not_run    no base record for ANY game on 2026-08-03 at T-24h
  2026-08-03 CHI v PHX T-30m   missing_data_unavailable   job served 2 other game(s) on 2026-08-03 at T-30m
  2026-08-04 GSV v TOR T-24h   missing_job_did_not_run    no base record for ANY game on 2026-08-04 at T-24h

wrote forecasts/coverage_audit.csv and forecasts/coverage_receipt.json
[audit] exit=0 
==== Tue 08/04/2026 14:45:04.58 ==== 
[gate] 2026-08-04T18:45:05.743947+00:00  fire=False  -- would duplicate 1 already-served obligation(s); the base job cannot be scoped to one game
       GSV v TOR      T-8h    SERVED   cutoff 2026-08-04T18:00:00 (-45 min) 
[gate] HOLDING: firing now would append 1 permanent duplicate record(s) to an append-only chain. A missed obligation is recoverable; a duplicate is not.
[gate] skipping the base job
[base] skipped - no unserved obligation in its lead window 
[base] exit=0 
================================================================================================
PROSPECTIVE PAIR RUNNER  2026-08-04T18:45:07.484498+00:00  model=ridge_score_level_w2c1_v1 hash=5d295bb8b99cd34e
================================================================================================
base records in official chain: 23
  late_prevented #0 ATL v SEA @ T-8h                cutoff 2026-07-31T15:35:00+00:00 already passed at 2026-08-0
  late_prevented #1 WAS v DAL @ T-8h                cutoff 2026-07-31T15:35:00+00:00 already passed at 2026-08-0
  late_prevented #2 PDX v IND @ T-8h                cutoff 2026-07-31T18:06:00+00:00 already passed at 2026-08-0
  late_prevented #3 ATL v SEA @ T-30m               cutoff 2026-07-31T23:05:00+00:00 already passed at 2026-08-0
  late_prevented #4 WAS v DAL @ T-30m               cutoff 2026-07-31T23:05:00+00:00 already passed at 2026-08-0
  late_prevented #5 PDX v IND @ T-90m               cutoff 2026-08-01T00:36:00+00:00 already passed at 2026-08-0
  late_prevented #6 CHI v LVA @ T-90m               cutoff 2026-08-01T15:35:00+00:00 already passed at 2026-08-0
  late_prevented #7 PHX v NYL @ T-90m               cutoff 2026-08-01T17:34:00+00:00 already passed at 2026-08-0
  skip           #8 CHI v LVA @ unknown-tip         base record is an explicit no-forecast; nothing to pair
  skip           #9 PHX v NYL @ unknown-tip         base record is an explicit no-forecast; nothing to pair
  late_prevented #10 NYL v SEA @ T-8h               cutoff 2026-08-03T15:04:00+00:00 already passed at 2026-08-0
  late_prevented #11 ATL v LVA @ T-8h               cutoff 2026-08-03T15:14:00+00:00 already passed at 2026-08-0
  late_prevented #12 CHI v PHX @ T-8h               cutoff 2026-08-03T17:08:00+00:00 already passed at 2026-08-0
  already_logged #13 NYL v SEA @ T-90m              idempotent: pair exists
  already_logged #14 ATL v LVA @ T-90m              idempotent: pair exists
  already_logged #15 CHI v PHX @ T-90m              idempotent: pair exists
  already_logged #16 NYL v SEA @ T-90m              idempotent: pair exists
  already_logged #17 ATL v LVA @ T-90m              idempotent: pair exists
  already_logged #18 CHI v PHX @ T-90m              idempotent: pair exists
  late_prevented #19 NYL v SEA @ T-30m              cutoff 2026-08-03T22:34:00+00:00 already passed at 2026-08-0
  late_prevented #20 ATL v LVA @ T-30m              cutoff 2026-08-03T22:44:00+00:00 already passed at 2026-08-0
  already_logged #21 CHI v PHX @ T-90m              idempotent: pair exists
  already_logged #22 GSV v TOR @ T-8h               idempotent: pair exists

  already_logged=8, late_prevented=13, skip=2
  arm chain: ok=True n=4 tip=71ebddc3ba3a9c91
  receipt appended to prospective_pair_runs.jsonl
[arm] exit=0 
====================================================================================================
FORECAST COVERAGE AUDIT   generated 2026-08-04T18:45:08.397221+00:00
====================================================================================================

CUMULATIVE by classification
  missing_job_did_not_run      26
  not_yet_due                  22
  before_period_start          15
  forecast_logged              15
  missing_data_unavailable     4
  late_record                  2

  obligations 84 | due 47 | served 15 | coverage 31.9%
  operational misses 26 | unexplained 0
  PROMOTION-GRADE: NO   (needs >= 95% served, <= 0 operational misses, all explained)

DAILY
  date         oblig  served     due     excl    opmiss arm_recs
  2026-07-30      12       0       0       12         0        0
  2026-07-31      12       6       9        3         0        0
  2026-08-01       8       2       8        0         6        0
  2026-08-02      16       0      16        0        16        0
  2026-08-03      12       6      12        0         3        3
  2026-08-04       4       1       2        2         1        1
  2026-08-05      16       0       0       16         0        0
  2026-08-06       4       0       0        4         0        0

EVERY MISSING OR IRREGULAR OBLIGATION (each must carry an explanation)
  2026-07-31 ATL v SEA T-90m   missing_data_unavailable   job served 1 other game(s) on 2026-07-31 at T-90m
  2026-07-31 WAS v DAL T-90m   missing_data_unavailable   job served 1 other game(s) on 2026-07-31 at T-90m
  2026-07-31 PDX v IND T-30m   missing_data_unavailable   job served 2 other game(s) on 2026-07-31 at T-30m
  2026-08-01 CHI v LVA T-24h   missing_job_did_not_run    no base record for ANY game on 2026-08-01 at T-24h
  2026-08-01 CHI v LVA T-8h    missing_job_did_not_run    no base record for ANY game on 2026-08-01 at T-8h
  2026-08-01 CHI v LVA T-30m   missing_job_did_not_run    no base record for ANY game on 2026-08-01 at T-30m
  2026-08-01 PHX v NYL T-24h   missing_job_did_not_run    no base record for ANY game on 2026-08-01 at T-24h
  2026-08-01 PHX v NYL T-8h    missing_job_did_not_run    no base record for ANY game on 2026-08-01 at T-8h
  2026-08-01 PHX v NYL T-30m   missing_job_did_not_run    no base record for ANY game on 2026-08-01 at T-30m
  2026-08-02 DAL v CON T-24h   missing_job_did_not_run    no base record for ANY game on 2026-08-02 at T-24h
  2026-08-02 DAL v CON T-8h    missing_job_did_not_run    no base record for ANY game on 2026-08-02 at T-8h
  2026-08-02 DAL v CON T-90m   missing_job_did_not_run    no base record for ANY game on 2026-08-02 at T-90m
  2026-08-02 DAL v CON T-30m   missing_job_did_not_run    no base record for ANY game on 2026-08-02 at T-30m
  2026-08-02 GSV v TOR T-24h   missing_job_did_not_run    no base record for ANY game on 2026-08-02 at T-24h
  2026-08-02 GSV v TOR T-8h    missing_job_did_not_run    no base record for ANY game on 2026-08-02 at T-8h
  2026-08-02 GSV v TOR T-90m   missing_job_did_not_run    no base record for ANY game on 2026-08-02 at T-90m
  2026-08-02 GSV v TOR T-30m   missing_job_did_not_run    no base record for ANY game on 2026-08-02 at T-30m
  2026-08-02 MIN v IND T-24h   missing_job_did_not_run    no base record for ANY game on 2026-08-02 at T-24h
  2026-08-02 MIN v IND T-8h    missing_job_did_not_run    no base record for ANY game on 2026-08-02 at T-8h
  2026-08-02 MIN v IND T-90m   missing_job_did_not_run    no base record for ANY game on 2026-08-02 at T-90m
  2026-08-02 MIN v IND T-30m   missing_job_did_not_run    no base record for ANY game on 2026-08-02 at T-30m
  2026-08-02 PDX v LAS T-24h   missing_job_did_not_run    no base record for ANY game on 2026-08-02 at T-24h
  2026-08-02 PDX v LAS T-8h    missing_job_did_not_run    no base record for ANY game on 2026-08-02 at T-8h
  2026-08-02 PDX v LAS T-90m   missing_job_did_not_run    no base record for ANY game on 2026-08-02 at T-90m
  2026-08-02 PDX v LAS T-30m   missing_job_did_not_run    no base record for ANY game on 2026-08-02 at T-30m
  2026-08-03 NYL v SEA T-24h   missing_job_did_not_run    no base record for ANY game on 2026-08-03 at T-24h
  2026-08-03 NYL v SEA T-30m   late_record                created 2026-08-03T22:45:08.958486+00:00 after cutoff
  2026-08-03 ATL v LVA T-24h   missing_job_did_not_run    no base record for ANY game on 2026-08-03 at T-24h
  2026-08-03 ATL v LVA T-30m   late_record                created 2026-08-03T22:45:08.976775+00:00 after cutoff
  2026-08-03 CHI v PHX T-24h   missing_job_did_not_run    no base record for ANY game on 2026-08-03 at T-24h
  2026-08-03 CHI v PHX T-30m   missing_data_unavailable   job served 2 other game(s) on 2026-08-03 at T-30m
  2026-08-04 GSV v TOR T-24h   missing_job_did_not_run    no base record for ANY game on 2026-08-04 at T-24h

wrote forecasts/coverage_audit.csv and forecasts/coverage_receipt.json
[audit] exit=0 
==== Tue 08/04/2026 15:00:04.83 ==== 
[gate] 2026-08-04T19:00:06.893636+00:00  fire=False  -- would duplicate 1 already-served obligation(s); the base job cannot be scoped to one game
       GSV v TOR      T-8h    SERVED   cutoff 2026-08-04T18:00:00 (-60 min) 
[gate] HOLDING: firing now would append 1 permanent duplicate record(s) to an append-only chain. A missed obligation is recoverable; a duplicate is not.
[gate] skipping the base job
[base] skipped - no unserved obligation in its lead window 
[base] exit=0 
================================================================================================
PROSPECTIVE PAIR RUNNER  2026-08-04T19:00:10.195195+00:00  model=ridge_score_level_w2c1_v1 hash=5d295bb8b99cd34e
================================================================================================
base records in official chain: 23
  late_prevented #0 ATL v SEA @ T-8h                cutoff 2026-07-31T15:35:00+00:00 already passed at 2026-08-0
  late_prevented #1 WAS v DAL @ T-8h                cutoff 2026-07-31T15:35:00+00:00 already passed at 2026-08-0
  late_prevented #2 PDX v IND @ T-8h                cutoff 2026-07-31T18:06:00+00:00 already passed at 2026-08-0
  late_prevented #3 ATL v SEA @ T-30m               cutoff 2026-07-31T23:05:00+00:00 already passed at 2026-08-0
  late_prevented #4 WAS v DAL @ T-30m               cutoff 2026-07-31T23:05:00+00:00 already passed at 2026-08-0
  late_prevented #5 PDX v IND @ T-90m               cutoff 2026-08-01T00:36:00+00:00 already passed at 2026-08-0
  late_prevented #6 CHI v LVA @ T-90m               cutoff 2026-08-01T15:35:00+00:00 already passed at 2026-08-0
  late_prevented #7 PHX v NYL @ T-90m               cutoff 2026-08-01T17:34:00+00:00 already passed at 2026-08-0
  skip           #8 CHI v LVA @ unknown-tip         base record is an explicit no-forecast; nothing to pair
  skip           #9 PHX v NYL @ unknown-tip         base record is an explicit no-forecast; nothing to pair
  late_prevented #10 NYL v SEA @ T-8h               cutoff 2026-08-03T15:04:00+00:00 already passed at 2026-08-0
  late_prevented #11 ATL v LVA @ T-8h               cutoff 2026-08-03T15:14:00+00:00 already passed at 2026-08-0
  late_prevented #12 CHI v PHX @ T-8h               cutoff 2026-08-03T17:08:00+00:00 already passed at 2026-08-0
  already_logged #13 NYL v SEA @ T-90m              idempotent: pair exists
  already_logged #14 ATL v LVA @ T-90m              idempotent: pair exists
  already_logged #15 CHI v PHX @ T-90m              idempotent: pair exists
  already_logged #16 NYL v SEA @ T-90m              idempotent: pair exists
  already_logged #17 ATL v LVA @ T-90m              idempotent: pair exists
  already_logged #18 CHI v PHX @ T-90m              idempotent: pair exists
  late_prevented #19 NYL v SEA @ T-30m              cutoff 2026-08-03T22:34:00+00:00 already passed at 2026-08-0
  late_prevented #20 ATL v LVA @ T-30m              cutoff 2026-08-03T22:44:00+00:00 already passed at 2026-08-0
  already_logged #21 CHI v PHX @ T-90m              idempotent: pair exists
  already_logged #22 GSV v TOR @ T-8h               idempotent: pair exists

  already_logged=8, late_prevented=13, skip=2
  arm chain: ok=True n=4 tip=71ebddc3ba3a9c91
  receipt appended to prospective_pair_runs.jsonl
[arm] exit=0 
====================================================================================================
FORECAST COVERAGE AUDIT   generated 2026-08-04T19:00:12.554901+00:00
====================================================================================================

CUMULATIVE by classification
  missing_job_did_not_run      26
  not_yet_due                  22
  before_period_start          15
  forecast_logged              15
  missing_data_unavailable     4
  late_record                  2

  obligations 84 | due 47 | served 15 | coverage 31.9%
  operational misses 26 | unexplained 0
  PROMOTION-GRADE: NO   (needs >= 95% served, <= 0 operational misses, all explained)

DAILY
  date         oblig  served     due     excl    opmiss arm_recs
  2026-07-30      12       0       0       12         0        0
  2026-07-31      12       6       9        3         0        0
  2026-08-01       8       2       8        0         6        0
  2026-08-02      16       0      16        0        16        0
  2026-08-03      12       6      12        0         3        3
  2026-08-04       4       1       2        2         1        1
  2026-08-05      16       0       0       16         0        0
  2026-08-06       4       0       0        4         0        0

EVERY MISSING OR IRREGULAR OBLIGATION (each must carry an explanation)
  2026-07-31 ATL v SEA T-90m   missing_data_unavailable   job served 1 other game(s) on 2026-07-31 at T-90m
  2026-07-31 WAS v DAL T-90m   missing_data_unavailable   job served 1 other game(s) on 2026-07-31 at T-90m
  2026-07-31 PDX v IND T-30m   missing_data_unavailable   job served 2 other game(s) on 2026-07-31 at T-30m
  2026-08-01 CHI v LVA T-24h   missing_job_did_not_run    no base record for ANY game on 2026-08-01 at T-24h
  2026-08-01 CHI v LVA T-8h    missing_job_did_not_run    no base record for ANY game on 2026-08-01 at T-8h
  2026-08-01 CHI v LVA T-30m   missing_job_did_not_run    no base record for ANY game on 2026-08-01 at T-30m
  2026-08-01 PHX v NYL T-24h   missing_job_did_not_run    no base record for ANY game on 2026-08-01 at T-24h
  2026-08-01 PHX v NYL T-8h    missing_job_did_not_run    no base record for ANY game on 2026-08-01 at T-8h
  2026-08-01 PHX v NYL T-30m   missing_job_did_not_run    no base record for ANY game on 2026-08-01 at T-30m
  2026-08-02 DAL v CON T-24h   missing_job_did_not_run    no base record for ANY game on 2026-08-02 at T-24h
  2026-08-02 DAL v CON T-8h    missing_job_did_not_run    no base record for ANY game on 2026-08-02 at T-8h
  2026-08-02 DAL v CON T-90m   missing_job_did_not_run    no base record for ANY game on 2026-08-02 at T-90m
  2026-08-02 DAL v CON T-30m   missing_job_did_not_run    no base record for ANY game on 2026-08-02 at T-30m
  2026-08-02 GSV v TOR T-24h   missing_job_did_not_run    no base record for ANY game on 2026-08-02 at T-24h
  2026-08-02 GSV v TOR T-8h    missing_job_did_not_run    no base record for ANY game on 2026-08-02 at T-8h
  2026-08-02 GSV v TOR T-90m   missing_job_did_not_run    no base record for ANY game on 2026-08-02 at T-90m
  2026-08-02 GSV v TOR T-30m   missing_job_did_not_run    no base record for ANY game on 2026-08-02 at T-30m
  2026-08-02 MIN v IND T-24h   missing_job_did_not_run    no base record for ANY game on 2026-08-02 at T-24h
  2026-08-02 MIN v IND T-8h    missing_job_did_not_run    no base record for ANY game on 2026-08-02 at T-8h
  2026-08-02 MIN v IND T-90m   missing_job_did_not_run    no base record for ANY game on 2026-08-02 at T-90m
  2026-08-02 MIN v IND T-30m   missing_job_did_not_run    no base record for ANY game on 2026-08-02 at T-30m
  2026-08-02 PDX v LAS T-24h   missing_job_did_not_run    no base record for ANY game on 2026-08-02 at T-24h
  2026-08-02 PDX v LAS T-8h    missing_job_did_not_run    no base record for ANY game on 2026-08-02 at T-8h
  2026-08-02 PDX v LAS T-90m   missing_job_did_not_run    no base record for ANY game on 2026-08-02 at T-90m
  2026-08-02 PDX v LAS T-30m   missing_job_did_not_run    no base record for ANY game on 2026-08-02 at T-30m
  2026-08-03 NYL v SEA T-24h   missing_job_did_not_run    no base record for ANY game on 2026-08-03 at T-24h
  2026-08-03 NYL v SEA T-30m   late_record                created 2026-08-03T22:45:08.958486+00:00 after cutoff
  2026-08-03 ATL v LVA T-24h   missing_job_did_not_run    no base record for ANY game on 2026-08-03 at T-24h
  2026-08-03 ATL v LVA T-30m   late_record                created 2026-08-03T22:45:08.976775+00:00 after cutoff
  2026-08-03 CHI v PHX T-24h   missing_job_did_not_run    no base record for ANY game on 2026-08-03 at T-24h
  2026-08-03 CHI v PHX T-30m   missing_data_unavailable   job served 2 other game(s) on 2026-08-03 at T-30m
  2026-08-04 GSV v TOR T-24h   missing_job_did_not_run    no base record for ANY game on 2026-08-04 at T-24h

wrote forecasts/coverage_audit.csv and forecasts/coverage_receipt.json
[audit] exit=0 
==== Tue 08/04/2026 15:15:04.55 ==== 
[gate] 2026-08-04T19:15:06.276280+00:00  fire=False  -- would duplicate 1 already-served obligation(s); the base job cannot be scoped to one game
       GSV v TOR      T-8h    SERVED   cutoff 2026-08-04T18:00:00 (-75 min) 
[gate] HOLDING: firing now would append 1 permanent duplicate record(s) to an append-only chain. A missed obligation is recoverable; a duplicate is not.
[gate] skipping the base job
[base] skipped - no unserved obligation in its lead window 
[base] exit=0 
================================================================================================
PROSPECTIVE PAIR RUNNER  2026-08-04T19:15:07.471561+00:00  model=ridge_score_level_w2c1_v1 hash=5d295bb8b99cd34e
================================================================================================
base records in official chain: 23
  late_prevented #0 ATL v SEA @ T-8h                cutoff 2026-07-31T15:35:00+00:00 already passed at 2026-08-0
  late_prevented #1 WAS v DAL @ T-8h                cutoff 2026-07-31T15:35:00+00:00 already passed at 2026-08-0
  late_prevented #2 PDX v IND @ T-8h                cutoff 2026-07-31T18:06:00+00:00 already passed at 2026-08-0
  late_prevented #3 ATL v SEA @ T-30m               cutoff 2026-07-31T23:05:00+00:00 already passed at 2026-08-0
  late_prevented #4 WAS v DAL @ T-30m               cutoff 2026-07-31T23:05:00+00:00 already passed at 2026-08-0
  late_prevented #5 PDX v IND @ T-90m               cutoff 2026-08-01T00:36:00+00:00 already passed at 2026-08-0
  late_prevented #6 CHI v LVA @ T-90m               cutoff 2026-08-01T15:35:00+00:00 already passed at 2026-08-0
  late_prevented #7 PHX v NYL @ T-90m               cutoff 2026-08-01T17:34:00+00:00 already passed at 2026-08-0
  skip           #8 CHI v LVA @ unknown-tip         base record is an explicit no-forecast; nothing to pair
  skip           #9 PHX v NYL @ unknown-tip         base record is an explicit no-forecast; nothing to pair
  late_prevented #10 NYL v SEA @ T-8h               cutoff 2026-08-03T15:04:00+00:00 already passed at 2026-08-0
  late_prevented #11 ATL v LVA @ T-8h               cutoff 2026-08-03T15:14:00+00:00 already passed at 2026-08-0
  late_prevented #12 CHI v PHX @ T-8h               cutoff 2026-08-03T17:08:00+00:00 already passed at 2026-08-0
  already_logged #13 NYL v SEA @ T-90m              idempotent: pair exists
  already_logged #14 ATL v LVA @ T-90m              idempotent: pair exists
  already_logged #15 CHI v PHX @ T-90m              idempotent: pair exists
  already_logged #16 NYL v SEA @ T-90m              idempotent: pair exists
  already_logged #17 ATL v LVA @ T-90m              idempotent: pair exists
  already_logged #18 CHI v PHX @ T-90m              idempotent: pair exists
  late_prevented #19 NYL v SEA @ T-30m              cutoff 2026-08-03T22:34:00+00:00 already passed at 2026-08-0
  late_prevented #20 ATL v LVA @ T-30m              cutoff 2026-08-03T22:44:00+00:00 already passed at 2026-08-0
  already_logged #21 CHI v PHX @ T-90m              idempotent: pair exists
  already_logged #22 GSV v TOR @ T-8h               idempotent: pair exists

  already_logged=8, late_prevented=13, skip=2
  arm chain: ok=True n=4 tip=71ebddc3ba3a9c91
  receipt appended to prospective_pair_runs.jsonl
[arm] exit=0 
====================================================================================================
FORECAST COVERAGE AUDIT   generated 2026-08-04T19:15:08.906489+00:00
====================================================================================================

CUMULATIVE by classification
  missing_job_did_not_run      26
  not_yet_due                  22
  before_period_start          15
  forecast_logged              15
  missing_data_unavailable     4
  late_record                  2

  obligations 84 | due 47 | served 15 | coverage 31.9%
  operational misses 26 | unexplained 0
  PROMOTION-GRADE: NO   (needs >= 95% served, <= 0 operational misses, all explained)

DAILY
  date         oblig  served     due     excl    opmiss arm_recs
  2026-07-30      12       0       0       12         0        0
  2026-07-31      12       6       9        3         0        0
  2026-08-01       8       2       8        0         6        0
  2026-08-02      16       0      16        0        16        0
  2026-08-03      12       6      12        0         3        3
  2026-08-04       4       1       2        2         1        1
  2026-08-05      16       0       0       16         0        0
  2026-08-06       4       0       0        4         0        0

EVERY MISSING OR IRREGULAR OBLIGATION (each must carry an explanation)
  2026-07-31 ATL v SEA T-90m   missing_data_unavailable   job served 1 other game(s) on 2026-07-31 at T-90m
  2026-07-31 WAS v DAL T-90m   missing_data_unavailable   job served 1 other game(s) on 2026-07-31 at T-90m
  2026-07-31 PDX v IND T-30m   missing_data_unavailable   job served 2 other game(s) on 2026-07-31 at T-30m
  2026-08-01 CHI v LVA T-24h   missing_job_did_not_run    no base record for ANY game on 2026-08-01 at T-24h
  2026-08-01 CHI v LVA T-8h    missing_job_did_not_run    no base record for ANY game on 2026-08-01 at T-8h
  2026-08-01 CHI v LVA T-30m   missing_job_did_not_run    no base record for ANY game on 2026-08-01 at T-30m
  2026-08-01 PHX v NYL T-24h   missing_job_did_not_run    no base record for ANY game on 2026-08-01 at T-24h
  2026-08-01 PHX v NYL T-8h    missing_job_did_not_run    no base record for ANY game on 2026-08-01 at T-8h
  2026-08-01 PHX v NYL T-30m   missing_job_did_not_run    no base record for ANY game on 2026-08-01 at T-30m
  2026-08-02 DAL v CON T-24h   missing_job_did_not_run    no base record for ANY game on 2026-08-02 at T-24h
  2026-08-02 DAL v CON T-8h    missing_job_did_not_run    no base record for ANY game on 2026-08-02 at T-8h
  2026-08-02 DAL v CON T-90m   missing_job_did_not_run    no base record for ANY game on 2026-08-02 at T-90m
  2026-08-02 DAL v CON T-30m   missing_job_did_not_run    no base record for ANY game on 2026-08-02 at T-30m
  2026-08-02 GSV v TOR T-24h   missing_job_did_not_run    no base record for ANY game on 2026-08-02 at T-24h
  2026-08-02 GSV v TOR T-8h    missing_job_did_not_run    no base record for ANY game on 2026-08-02 at T-8h
  2026-08-02 GSV v TOR T-90m   missing_job_did_not_run    no base record for ANY game on 2026-08-02 at T-90m
  2026-08-02 GSV v TOR T-30m   missing_job_did_not_run    no base record for ANY game on 2026-08-02 at T-30m
  2026-08-02 MIN v IND T-24h   missing_job_did_not_run    no base record for ANY game on 2026-08-02 at T-24h
  2026-08-02 MIN v IND T-8h    missing_job_did_not_run    no base record for ANY game on 2026-08-02 at T-8h
  2026-08-02 MIN v IND T-90m   missing_job_did_not_run    no base record for ANY game on 2026-08-02 at T-90m
  2026-08-02 MIN v IND T-30m   missing_job_did_not_run    no base record for ANY game on 2026-08-02 at T-30m
  2026-08-02 PDX v LAS T-24h   missing_job_did_not_run    no base record for ANY game on 2026-08-02 at T-24h
  2026-08-02 PDX v LAS T-8h    missing_job_did_not_run    no base record for ANY game on 2026-08-02 at T-8h
  2026-08-02 PDX v LAS T-90m   missing_job_did_not_run    no base record for ANY game on 2026-08-02 at T-90m
  2026-08-02 PDX v LAS T-30m   missing_job_did_not_run    no base record for ANY game on 2026-08-02 at T-30m
  2026-08-03 NYL v SEA T-24h   missing_job_did_not_run    no base record for ANY game on 2026-08-03 at T-24h
  2026-08-03 NYL v SEA T-30m   late_record                created 2026-08-03T22:45:08.958486+00:00 after cutoff
  2026-08-03 ATL v LVA T-24h   missing_job_did_not_run    no base record for ANY game on 2026-08-03 at T-24h
  2026-08-03 ATL v LVA T-30m   late_record                created 2026-08-03T22:45:08.976775+00:00 after cutoff
  2026-08-03 CHI v PHX T-24h   missing_job_did_not_run    no base record for ANY game on 2026-08-03 at T-24h
  2026-08-03 CHI v PHX T-30m   missing_data_unavailable   job served 2 other game(s) on 2026-08-03 at T-30m
  2026-08-04 GSV v TOR T-24h   missing_job_did_not_run    no base record for ANY game on 2026-08-04 at T-24h

wrote forecasts/coverage_audit.csv and forecasts/coverage_receipt.json
[audit] exit=0 
==== Tue 08/04/2026 15:30:04.63 ==== 
[gate] 2026-08-04T19:30:11.063334+00:00  fire=False  -- would duplicate 1 already-served obligation(s); the base job cannot be scoped to one game
       GSV v TOR      T-8h    SERVED   cutoff 2026-08-04T18:00:00 (-90 min) 
[gate] HOLDING: firing now would append 1 permanent duplicate record(s) to an append-only chain. A missed obligation is recoverable; a duplicate is not.
[gate] skipping the base job
[base] skipped - no unserved obligation in its lead window 
[base] exit=0 
================================================================================================
PROSPECTIVE PAIR RUNNER  2026-08-04T19:30:14.822819+00:00  model=ridge_score_level_w2c1_v1 hash=5d295bb8b99cd34e
================================================================================================
base records in official chain: 23
  late_prevented #0 ATL v SEA @ T-8h                cutoff 2026-07-31T15:35:00+00:00 already passed at 2026-08-0
  late_prevented #1 WAS v DAL @ T-8h                cutoff 2026-07-31T15:35:00+00:00 already passed at 2026-08-0
  late_prevented #2 PDX v IND @ T-8h                cutoff 2026-07-31T18:06:00+00:00 already passed at 2026-08-0
  late_prevented #3 ATL v SEA @ T-30m               cutoff 2026-07-31T23:05:00+00:00 already passed at 2026-08-0
  late_prevented #4 WAS v DAL @ T-30m               cutoff 2026-07-31T23:05:00+00:00 already passed at 2026-08-0
  late_prevented #5 PDX v IND @ T-90m               cutoff 2026-08-01T00:36:00+00:00 already passed at 2026-08-0
  late_prevented #6 CHI v LVA @ T-90m               cutoff 2026-08-01T15:35:00+00:00 already passed at 2026-08-0
  late_prevented #7 PHX v NYL @ T-90m               cutoff 2026-08-01T17:34:00+00:00 already passed at 2026-08-0
  skip           #8 CHI v LVA @ unknown-tip         base record is an explicit no-forecast; nothing to pair
  skip           #9 PHX v NYL @ unknown-tip         base record is an explicit no-forecast; nothing to pair
  late_prevented #10 NYL v SEA @ T-8h               cutoff 2026-08-03T15:04:00+00:00 already passed at 2026-08-0
  late_prevented #11 ATL v LVA @ T-8h               cutoff 2026-08-03T15:14:00+00:00 already passed at 2026-08-0
  late_prevented #12 CHI v PHX @ T-8h               cutoff 2026-08-03T17:08:00+00:00 already passed at 2026-08-0
  already_logged #13 NYL v SEA @ T-90m              idempotent: pair exists
  already_logged #14 ATL v LVA @ T-90m              idempotent: pair exists
  already_logged #15 CHI v PHX @ T-90m              idempotent: pair exists
  already_logged #16 NYL v SEA @ T-90m              idempotent: pair exists
  already_logged #17 ATL v LVA @ T-90m              idempotent: pair exists
  already_logged #18 CHI v PHX @ T-90m              idempotent: pair exists
  late_prevented #19 NYL v SEA @ T-30m              cutoff 2026-08-03T22:34:00+00:00 already passed at 2026-08-0
  late_prevented #20 ATL v LVA @ T-30m              cutoff 2026-08-03T22:44:00+00:00 already passed at 2026-08-0
  already_logged #21 CHI v PHX @ T-90m              idempotent: pair exists
  already_logged #22 GSV v TOR @ T-8h               idempotent: pair exists

  already_logged=8, late_prevented=13, skip=2
  arm chain: ok=True n=4 tip=71ebddc3ba3a9c91
  receipt appended to prospective_pair_runs.jsonl
[arm] exit=0 
====================================================================================================
FORECAST COVERAGE AUDIT   generated 2026-08-04T19:30:16.208778+00:00
====================================================================================================

CUMULATIVE by classification
  missing_job_did_not_run      26
  not_yet_due                  22
  before_period_start          15
  forecast_logged              15
  missing_data_unavailable     4
  late_record                  2

  obligations 84 | due 47 | served 15 | coverage 31.9%
  operational misses 26 | unexplained 0
  PROMOTION-GRADE: NO   (needs >= 95% served, <= 0 operational misses, all explained)

DAILY
  date         oblig  served     due     excl    opmiss arm_recs
  2026-07-30      12       0       0       12         0        0
  2026-07-31      12       6       9        3         0        0
  2026-08-01       8       2       8        0         6        0
  2026-08-02      16       0      16        0        16        0
  2026-08-03      12       6      12        0         3        3
  2026-08-04       4       1       2        2         1        1
  2026-08-05      16       0       0       16         0        0
  2026-08-06       4       0       0        4         0        0

EVERY MISSING OR IRREGULAR OBLIGATION (each must carry an explanation)
  2026-07-31 ATL v SEA T-90m   missing_data_unavailable   job served 1 other game(s) on 2026-07-31 at T-90m
  2026-07-31 WAS v DAL T-90m   missing_data_unavailable   job served 1 other game(s) on 2026-07-31 at T-90m
  2026-07-31 PDX v IND T-30m   missing_data_unavailable   job served 2 other game(s) on 2026-07-31 at T-30m
  2026-08-01 CHI v LVA T-24h   missing_job_did_not_run    no base record for ANY game on 2026-08-01 at T-24h
  2026-08-01 CHI v LVA T-8h    missing_job_did_not_run    no base record for ANY game on 2026-08-01 at T-8h
  2026-08-01 CHI v LVA T-30m   missing_job_did_not_run    no base record for ANY game on 2026-08-01 at T-30m
  2026-08-01 PHX v NYL T-24h   missing_job_did_not_run    no base record for ANY game on 2026-08-01 at T-24h
  2026-08-01 PHX v NYL T-8h    missing_job_did_not_run    no base record for ANY game on 2026-08-01 at T-8h
  2026-08-01 PHX v NYL T-30m   missing_job_did_not_run    no base record for ANY game on 2026-08-01 at T-30m
  2026-08-02 DAL v CON T-24h   missing_job_did_not_run    no base record for ANY game on 2026-08-02 at T-24h
  2026-08-02 DAL v CON T-8h    missing_job_did_not_run    no base record for ANY game on 2026-08-02 at T-8h
  2026-08-02 DAL v CON T-90m   missing_job_did_not_run    no base record for ANY game on 2026-08-02 at T-90m
  2026-08-02 DAL v CON T-30m   missing_job_did_not_run    no base record for ANY game on 2026-08-02 at T-30m
  2026-08-02 GSV v TOR T-24h   missing_job_did_not_run    no base record for ANY game on 2026-08-02 at T-24h
  2026-08-02 GSV v TOR T-8h    missing_job_did_not_run    no base record for ANY game on 2026-08-02 at T-8h
  2026-08-02 GSV v TOR T-90m   missing_job_did_not_run    no base record for ANY game on 2026-08-02 at T-90m
  2026-08-02 GSV v TOR T-30m   missing_job_did_not_run    no base record for ANY game on 2026-08-02 at T-30m
  2026-08-02 MIN v IND T-24h   missing_job_did_not_run    no base record for ANY game on 2026-08-02 at T-24h
  2026-08-02 MIN v IND T-8h    missing_job_did_not_run    no base record for ANY game on 2026-08-02 at T-8h
  2026-08-02 MIN v IND T-90m   missing_job_did_not_run    no base record for ANY game on 2026-08-02 at T-90m
  2026-08-02 MIN v IND T-30m   missing_job_did_not_run    no base record for ANY game on 2026-08-02 at T-30m
  2026-08-02 PDX v LAS T-24h   missing_job_did_not_run    no base record for ANY game on 2026-08-02 at T-24h
  2026-08-02 PDX v LAS T-8h    missing_job_did_not_run    no base record for ANY game on 2026-08-02 at T-8h
  2026-08-02 PDX v LAS T-90m   missing_job_did_not_run    no base record for ANY game on 2026-08-02 at T-90m
  2026-08-02 PDX v LAS T-30m   missing_job_did_not_run    no base record for ANY game on 2026-08-02 at T-30m
  2026-08-03 NYL v SEA T-24h   missing_job_did_not_run    no base record for ANY game on 2026-08-03 at T-24h
  2026-08-03 NYL v SEA T-30m   late_record                created 2026-08-03T22:45:08.958486+00:00 after cutoff
  2026-08-03 ATL v LVA T-24h   missing_job_did_not_run    no base record for ANY game on 2026-08-03 at T-24h
  2026-08-03 ATL v LVA T-30m   late_record                created 2026-08-03T22:45:08.976775+00:00 after cutoff
  2026-08-03 CHI v PHX T-24h   missing_job_did_not_run    no base record for ANY game on 2026-08-03 at T-24h
  2026-08-03 CHI v PHX T-30m   missing_data_unavailable   job served 2 other game(s) on 2026-08-03 at T-30m
  2026-08-04 GSV v TOR T-24h   missing_job_did_not_run    no base record for ANY game on 2026-08-04 at T-24h

wrote forecasts/coverage_audit.csv and forecasts/coverage_receipt.json
[audit] exit=0 
==== Tue 08/04/2026 15:45:06.41 ==== 
[gate] 2026-08-04T19:45:15.674128+00:00  fire=False  -- would duplicate 1 already-served obligation(s); the base job cannot be scoped to one game
       GSV v TOR      T-8h    SERVED   cutoff 2026-08-04T18:00:00 (-105 min) 
[gate] HOLDING: firing now would append 1 permanent duplicate record(s) to an append-only chain. A missed obligation is recoverable; a duplicate is not.
[gate] skipping the base job
[base] skipped - no unserved obligation in its lead window 
[base] exit=0 
================================================================================================
PROSPECTIVE PAIR RUNNER  2026-08-04T19:45:19.559915+00:00  model=ridge_score_level_w2c1_v1 hash=5d295bb8b99cd34e
================================================================================================
base records in official chain: 23
  late_prevented #0 ATL v SEA @ T-8h                cutoff 2026-07-31T15:35:00+00:00 already passed at 2026-08-0
  late_prevented #1 WAS v DAL @ T-8h                cutoff 2026-07-31T15:35:00+00:00 already passed at 2026-08-0
  late_prevented #2 PDX v IND @ T-8h                cutoff 2026-07-31T18:06:00+00:00 already passed at 2026-08-0
  late_prevented #3 ATL v SEA @ T-30m               cutoff 2026-07-31T23:05:00+00:00 already passed at 2026-08-0
  late_prevented #4 WAS v DAL @ T-30m               cutoff 2026-07-31T23:05:00+00:00 already passed at 2026-08-0
  late_prevented #5 PDX v IND @ T-90m               cutoff 2026-08-01T00:36:00+00:00 already passed at 2026-08-0
  late_prevented #6 CHI v LVA @ T-90m               cutoff 2026-08-01T15:35:00+00:00 already passed at 2026-08-0
  late_prevented #7 PHX v NYL @ T-90m               cutoff 2026-08-01T17:34:00+00:00 already passed at 2026-08-0
  skip           #8 CHI v LVA @ unknown-tip         base record is an explicit no-forecast; nothing to pair
  skip           #9 PHX v NYL @ unknown-tip         base record is an explicit no-forecast; nothing to pair
  late_prevented #10 NYL v SEA @ T-8h               cutoff 2026-08-03T15:04:00+00:00 already passed at 2026-08-0
  late_prevented #11 ATL v LVA @ T-8h               cutoff 2026-08-03T15:14:00+00:00 already passed at 2026-08-0
  late_prevented #12 CHI v PHX @ T-8h               cutoff 2026-08-03T17:08:00+00:00 already passed at 2026-08-0
  already_logged #13 NYL v SEA @ T-90m              idempotent: pair exists
  already_logged #14 ATL v LVA @ T-90m              idempotent: pair exists
  already_logged #15 CHI v PHX @ T-90m              idempotent: pair exists
  already_logged #16 NYL v SEA @ T-90m              idempotent: pair exists
  already_logged #17 ATL v LVA @ T-90m              idempotent: pair exists
  already_logged #18 CHI v PHX @ T-90m              idempotent: pair exists
  late_prevented #19 NYL v SEA @ T-30m              cutoff 2026-08-03T22:34:00+00:00 already passed at 2026-08-0
  late_prevented #20 ATL v LVA @ T-30m              cutoff 2026-08-03T22:44:00+00:00 already passed at 2026-08-0
  already_logged #21 CHI v PHX @ T-90m              idempotent: pair exists
  already_logged #22 GSV v TOR @ T-8h               idempotent: pair exists

  already_logged=8, late_prevented=13, skip=2
  arm chain: ok=True n=4 tip=71ebddc3ba3a9c91
  receipt appended to prospective_pair_runs.jsonl
[arm] exit=0 
====================================================================================================
FORECAST COVERAGE AUDIT   generated 2026-08-04T19:45:20.958745+00:00
====================================================================================================

CUMULATIVE by classification
  missing_job_did_not_run      26
  not_yet_due                  22
  before_period_start          15
  forecast_logged              15
  missing_data_unavailable     4
  late_record                  2

  obligations 84 | due 47 | served 15 | coverage 31.9%
  operational misses 26 | unexplained 0
  PROMOTION-GRADE: NO   (needs >= 95% served, <= 0 operational misses, all explained)

DAILY
  date         oblig  served     due     excl    opmiss arm_recs
  2026-07-30      12       0       0       12         0        0
  2026-07-31      12       6       9        3         0        0
  2026-08-01       8       2       8        0         6        0
  2026-08-02      16       0      16        0        16        0
  2026-08-03      12       6      12        0         3        3
  2026-08-04       4       1       2        2         1        1
  2026-08-05      16       0       0       16         0        0
  2026-08-06       4       0       0        4         0        0

EVERY MISSING OR IRREGULAR OBLIGATION (each must carry an explanation)
  2026-07-31 ATL v SEA T-90m   missing_data_unavailable   job served 1 other game(s) on 2026-07-31 at T-90m
  2026-07-31 WAS v DAL T-90m   missing_data_unavailable   job served 1 other game(s) on 2026-07-31 at T-90m
  2026-07-31 PDX v IND T-30m   missing_data_unavailable   job served 2 other game(s) on 2026-07-31 at T-30m
  2026-08-01 CHI v LVA T-24h   missing_job_did_not_run    no base record for ANY game on 2026-08-01 at T-24h
  2026-08-01 CHI v LVA T-8h    missing_job_did_not_run    no base record for ANY game on 2026-08-01 at T-8h
  2026-08-01 CHI v LVA T-30m   missing_job_did_not_run    no base record for ANY game on 2026-08-01 at T-30m
  2026-08-01 PHX v NYL T-24h   missing_job_did_not_run    no base record for ANY game on 2026-08-01 at T-24h
  2026-08-01 PHX v NYL T-8h    missing_job_did_not_run    no base record for ANY game on 2026-08-01 at T-8h
  2026-08-01 PHX v NYL T-30m   missing_job_did_not_run    no base record for ANY game on 2026-08-01 at T-30m
  2026-08-02 DAL v CON T-24h   missing_job_did_not_run    no base record for ANY game on 2026-08-02 at T-24h
  2026-08-02 DAL v CON T-8h    missing_job_did_not_run    no base record for ANY game on 2026-08-02 at T-8h
  2026-08-02 DAL v CON T-90m   missing_job_did_not_run    no base record for ANY game on 2026-08-02 at T-90m
  2026-08-02 DAL v CON T-30m   missing_job_did_not_run    no base record for ANY game on 2026-08-02 at T-30m
  2026-08-02 GSV v TOR T-24h   missing_job_did_not_run    no base record for ANY game on 2026-08-02 at T-24h
  2026-08-02 GSV v TOR T-8h    missing_job_did_not_run    no base record for ANY game on 2026-08-02 at T-8h
  2026-08-02 GSV v TOR T-90m   missing_job_did_not_run    no base record for ANY game on 2026-08-02 at T-90m
  2026-08-02 GSV v TOR T-30m   missing_job_did_not_run    no base record for ANY game on 2026-08-02 at T-30m
  2026-08-02 MIN v IND T-24h   missing_job_did_not_run    no base record for ANY game on 2026-08-02 at T-24h
  2026-08-02 MIN v IND T-8h    missing_job_did_not_run    no base record for ANY game on 2026-08-02 at T-8h
  2026-08-02 MIN v IND T-90m   missing_job_did_not_run    no base record for ANY game on 2026-08-02 at T-90m
  2026-08-02 MIN v IND T-30m   missing_job_did_not_run    no base record for ANY game on 2026-08-02 at T-30m
  2026-08-02 PDX v LAS T-24h   missing_job_did_not_run    no base record for ANY game on 2026-08-02 at T-24h
  2026-08-02 PDX v LAS T-8h    missing_job_did_not_run    no base record for ANY game on 2026-08-02 at T-8h
  2026-08-02 PDX v LAS T-90m   missing_job_did_not_run    no base record for ANY game on 2026-08-02 at T-90m
  2026-08-02 PDX v LAS T-30m   missing_job_did_not_run    no base record for ANY game on 2026-08-02 at T-30m
  2026-08-03 NYL v SEA T-24h   missing_job_did_not_run    no base record for ANY game on 2026-08-03 at T-24h
  2026-08-03 NYL v SEA T-30m   late_record                created 2026-08-03T22:45:08.958486+00:00 after cutoff
  2026-08-03 ATL v LVA T-24h   missing_job_did_not_run    no base record for ANY game on 2026-08-03 at T-24h
  2026-08-03 ATL v LVA T-30m   late_record                created 2026-08-03T22:45:08.976775+00:00 after cutoff
  2026-08-03 CHI v PHX T-24h   missing_job_did_not_run    no base record for ANY game on 2026-08-03 at T-24h
  2026-08-03 CHI v PHX T-30m   missing_data_unavailable   job served 2 other game(s) on 2026-08-03 at T-30m
  2026-08-04 GSV v TOR T-24h   missing_job_did_not_run    no base record for ANY game on 2026-08-04 at T-24h

wrote forecasts/coverage_audit.csv and forecasts/coverage_receipt.json
[audit] exit=0 
==== Tue 08/04/2026 16:00:07.81 ==== 
[gate] 2026-08-04T20:00:10.793240+00:00  fire=False  -- would duplicate 1 already-served obligation(s); the base job cannot be scoped to one game
       GSV v TOR      T-8h    SERVED   cutoff 2026-08-04T18:00:00 (-120 min) 
[gate] HOLDING: firing now would append 1 permanent duplicate record(s) to an append-only chain. A missed obligation is recoverable; a duplicate is not.
[gate] skipping the base job
[base] skipped - no unserved obligation in its lead window 
[base] exit=0 
================================================================================================
PROSPECTIVE PAIR RUNNER  2026-08-04T20:00:15.066511+00:00  model=ridge_score_level_w2c1_v1 hash=5d295bb8b99cd34e
================================================================================================
base records in official chain: 23
  late_prevented #0 ATL v SEA @ T-8h                cutoff 2026-07-31T15:35:00+00:00 already passed at 2026-08-0
  late_prevented #1 WAS v DAL @ T-8h                cutoff 2026-07-31T15:35:00+00:00 already passed at 2026-08-0
  late_prevented #2 PDX v IND @ T-8h                cutoff 2026-07-31T18:06:00+00:00 already passed at 2026-08-0
  late_prevented #3 ATL v SEA @ T-30m               cutoff 2026-07-31T23:05:00+00:00 already passed at 2026-08-0
  late_prevented #4 WAS v DAL @ T-30m               cutoff 2026-07-31T23:05:00+00:00 already passed at 2026-08-0
  late_prevented #5 PDX v IND @ T-90m               cutoff 2026-08-01T00:36:00+00:00 already passed at 2026-08-0
  late_prevented #6 CHI v LVA @ T-90m               cutoff 2026-08-01T15:35:00+00:00 already passed at 2026-08-0
  late_prevented #7 PHX v NYL @ T-90m               cutoff 2026-08-01T17:34:00+00:00 already passed at 2026-08-0
  skip           #8 CHI v LVA @ unknown-tip         base record is an explicit no-forecast; nothing to pair
  skip           #9 PHX v NYL @ unknown-tip         base record is an explicit no-forecast; nothing to pair
  late_prevented #10 NYL v SEA @ T-8h               cutoff 2026-08-03T15:04:00+00:00 already passed at 2026-08-0
  late_prevented #11 ATL v LVA @ T-8h               cutoff 2026-08-03T15:14:00+00:00 already passed at 2026-08-0
  late_prevented #12 CHI v PHX @ T-8h               cutoff 2026-08-03T17:08:00+00:00 already passed at 2026-08-0
  already_logged #13 NYL v SEA @ T-90m              idempotent: pair exists
  already_logged #14 ATL v LVA @ T-90m              idempotent: pair exists
  already_logged #15 CHI v PHX @ T-90m              idempotent: pair exists
  already_logged #16 NYL v SEA @ T-90m              idempotent: pair exists
  already_logged #17 ATL v LVA @ T-90m              idempotent: pair exists
  already_logged #18 CHI v PHX @ T-90m              idempotent: pair exists
  late_prevented #19 NYL v SEA @ T-30m              cutoff 2026-08-03T22:34:00+00:00 already passed at 2026-08-0
  late_prevented #20 ATL v LVA @ T-30m              cutoff 2026-08-03T22:44:00+00:00 already passed at 2026-08-0
  already_logged #21 CHI v PHX @ T-90m              idempotent: pair exists
  already_logged #22 GSV v TOR @ T-8h               idempotent: pair exists

  already_logged=8, late_prevented=13, skip=2
  arm chain: ok=True n=4 tip=71ebddc3ba3a9c91
  receipt appended to prospective_pair_runs.jsonl
[arm] exit=0 
====================================================================================================
FORECAST COVERAGE AUDIT   generated 2026-08-04T20:00:17.451565+00:00
====================================================================================================

CUMULATIVE by classification
  missing_job_did_not_run      26
  not_yet_due                  22
  before_period_start          15
  forecast_logged              15
  missing_data_unavailable     4
  late_record                  2

  obligations 84 | due 47 | served 15 | coverage 31.9%
  operational misses 26 | unexplained 0
  PROMOTION-GRADE: NO   (needs >= 95% served, <= 0 operational misses, all explained)

DAILY
  date         oblig  served     due     excl    opmiss arm_recs
  2026-07-30      12       0       0       12         0        0
  2026-07-31      12       6       9        3         0        0
  2026-08-01       8       2       8        0         6        0
  2026-08-02      16       0      16        0        16        0
  2026-08-03      12       6      12        0         3        3
  2026-08-04       4       1       2        2         1        1
  2026-08-05      16       0       0       16         0        0
  2026-08-06       4       0       0        4         0        0

EVERY MISSING OR IRREGULAR OBLIGATION (each must carry an explanation)
  2026-07-31 ATL v SEA T-90m   missing_data_unavailable   job served 1 other game(s) on 2026-07-31 at T-90m
  2026-07-31 WAS v DAL T-90m   missing_data_unavailable   job served 1 other game(s) on 2026-07-31 at T-90m
  2026-07-31 PDX v IND T-30m   missing_data_unavailable   job served 2 other game(s) on 2026-07-31 at T-30m
  2026-08-01 CHI v LVA T-24h   missing_job_did_not_run    no base record for ANY game on 2026-08-01 at T-24h
  2026-08-01 CHI v LVA T-8h    missing_job_did_not_run    no base record for ANY game on 2026-08-01 at T-8h
  2026-08-01 CHI v LVA T-30m   missing_job_did_not_run    no base record for ANY game on 2026-08-01 at T-30m
  2026-08-01 PHX v NYL T-24h   missing_job_did_not_run    no base record for ANY game on 2026-08-01 at T-24h
  2026-08-01 PHX v NYL T-8h    missing_job_did_not_run    no base record for ANY game on 2026-08-01 at T-8h
  2026-08-01 PHX v NYL T-30m   missing_job_did_not_run    no base record for ANY game on 2026-08-01 at T-30m
  2026-08-02 DAL v CON T-24h   missing_job_did_not_run    no base record for ANY game on 2026-08-02 at T-24h
  2026-08-02 DAL v CON T-8h    missing_job_did_not_run    no base record for ANY game on 2026-08-02 at T-8h
  2026-08-02 DAL v CON T-90m   missing_job_did_not_run    no base record for ANY game on 2026-08-02 at T-90m
  2026-08-02 DAL v CON T-30m   missing_job_did_not_run    no base record for ANY game on 2026-08-02 at T-30m
  2026-08-02 GSV v TOR T-24h   missing_job_did_not_run    no base record for ANY game on 2026-08-02 at T-24h
  2026-08-02 GSV v TOR T-8h    missing_job_did_not_run    no base record for ANY game on 2026-08-02 at T-8h
  2026-08-02 GSV v TOR T-90m   missing_job_did_not_run    no base record for ANY game on 2026-08-02 at T-90m
  2026-08-02 GSV v TOR T-30m   missing_job_did_not_run    no base record for ANY game on 2026-08-02 at T-30m
  2026-08-02 MIN v IND T-24h   missing_job_did_not_run    no base record for ANY game on 2026-08-02 at T-24h
  2026-08-02 MIN v IND T-8h    missing_job_did_not_run    no base record for ANY game on 2026-08-02 at T-8h
  2026-08-02 MIN v IND T-90m   missing_job_did_not_run    no base record for ANY game on 2026-08-02 at T-90m
  2026-08-02 MIN v IND T-30m   missing_job_did_not_run    no base record for ANY game on 2026-08-02 at T-30m
  2026-08-02 PDX v LAS T-24h   missing_job_did_not_run    no base record for ANY game on 2026-08-02 at T-24h
  2026-08-02 PDX v LAS T-8h    missing_job_did_not_run    no base record for ANY game on 2026-08-02 at T-8h
  2026-08-02 PDX v LAS T-90m   missing_job_did_not_run    no base record for ANY game on 2026-08-02 at T-90m
  2026-08-02 PDX v LAS T-30m   missing_job_did_not_run    no base record for ANY game on 2026-08-02 at T-30m
  2026-08-03 NYL v SEA T-24h   missing_job_did_not_run    no base record for ANY game on 2026-08-03 at T-24h
  2026-08-03 NYL v SEA T-30m   late_record                created 2026-08-03T22:45:08.958486+00:00 after cutoff
  2026-08-03 ATL v LVA T-24h   missing_job_did_not_run    no base record for ANY game on 2026-08-03 at T-24h
  2026-08-03 ATL v LVA T-30m   late_record                created 2026-08-03T22:45:08.976775+00:00 after cutoff
  2026-08-03 CHI v PHX T-24h   missing_job_did_not_run    no base record for ANY game on 2026-08-03 at T-24h
  2026-08-03 CHI v PHX T-30m   missing_data_unavailable   job served 2 other game(s) on 2026-08-03 at T-30m
  2026-08-04 GSV v TOR T-24h   missing_job_did_not_run    no base record for ANY game on 2026-08-04 at T-24h

wrote forecasts/coverage_audit.csv and forecasts/coverage_receipt.json
[audit] exit=0 
==== Tue 08/04/2026 16:15:08.30 ==== 
[gate] 2026-08-04T20:15:10.102350+00:00  fire=False  -- would duplicate 1 already-served obligation(s); the base job cannot be scoped to one game
       GSV v TOR      T-8h    SERVED   cutoff 2026-08-04T18:00:00 (-135 min) 
[gate] HOLDING: firing now would append 1 permanent duplicate record(s) to an append-only chain. A missed obligation is recoverable; a duplicate is not.
[gate] skipping the base job
[base] skipped - no unserved obligation in its lead window 
[base] exit=0 
================================================================================================
PROSPECTIVE PAIR RUNNER  2026-08-04T20:15:12.526729+00:00  model=ridge_score_level_w2c1_v1 hash=5d295bb8b99cd34e
================================================================================================
base records in official chain: 23
  late_prevented #0 ATL v SEA @ T-8h                cutoff 2026-07-31T15:35:00+00:00 already passed at 2026-08-0
  late_prevented #1 WAS v DAL @ T-8h                cutoff 2026-07-31T15:35:00+00:00 already passed at 2026-08-0
  late_prevented #2 PDX v IND @ T-8h                cutoff 2026-07-31T18:06:00+00:00 already passed at 2026-08-0
  late_prevented #3 ATL v SEA @ T-30m               cutoff 2026-07-31T23:05:00+00:00 already passed at 2026-08-0
  late_prevented #4 WAS v DAL @ T-30m               cutoff 2026-07-31T23:05:00+00:00 already passed at 2026-08-0
  late_prevented #5 PDX v IND @ T-90m               cutoff 2026-08-01T00:36:00+00:00 already passed at 2026-08-0
  late_prevented #6 CHI v LVA @ T-90m               cutoff 2026-08-01T15:35:00+00:00 already passed at 2026-08-0
  late_prevented #7 PHX v NYL @ T-90m               cutoff 2026-08-01T17:34:00+00:00 already passed at 2026-08-0
  skip           #8 CHI v LVA @ unknown-tip         base record is an explicit no-forecast; nothing to pair
  skip           #9 PHX v NYL @ unknown-tip         base record is an explicit no-forecast; nothing to pair
  late_prevented #10 NYL v SEA @ T-8h               cutoff 2026-08-03T15:04:00+00:00 already passed at 2026-08-0
  late_prevented #11 ATL v LVA @ T-8h               cutoff 2026-08-03T15:14:00+00:00 already passed at 2026-08-0
  late_prevented #12 CHI v PHX @ T-8h               cutoff 2026-08-03T17:08:00+00:00 already passed at 2026-08-0
  already_logged #13 NYL v SEA @ T-90m              idempotent: pair exists
  already_logged #14 ATL v LVA @ T-90m              idempotent: pair exists
  already_logged #15 CHI v PHX @ T-90m              idempotent: pair exists
  already_logged #16 NYL v SEA @ T-90m              idempotent: pair exists
  already_logged #17 ATL v LVA @ T-90m              idempotent: pair exists
  already_logged #18 CHI v PHX @ T-90m              idempotent: pair exists
  late_prevented #19 NYL v SEA @ T-30m              cutoff 2026-08-03T22:34:00+00:00 already passed at 2026-08-0
  late_prevented #20 ATL v LVA @ T-30m              cutoff 2026-08-03T22:44:00+00:00 already passed at 2026-08-0
  already_logged #21 CHI v PHX @ T-90m              idempotent: pair exists
  already_logged #22 GSV v TOR @ T-8h               idempotent: pair exists

  already_logged=8, late_prevented=13, skip=2
  arm chain: ok=True n=4 tip=71ebddc3ba3a9c91
  receipt appended to prospective_pair_runs.jsonl
[arm] exit=0 
====================================================================================================
FORECAST COVERAGE AUDIT   generated 2026-08-04T20:15:15.888209+00:00
====================================================================================================

CUMULATIVE by classification
  missing_job_did_not_run      26
  not_yet_due                  22
  before_period_start          15
  forecast_logged              15
  missing_data_unavailable     4
  late_record                  2

  obligations 84 | due 47 | served 15 | coverage 31.9%
  operational misses 26 | unexplained 0
  PROMOTION-GRADE: NO   (needs >= 95% served, <= 0 operational misses, all explained)

DAILY
  date         oblig  served     due     excl    opmiss arm_recs
  2026-07-30      12       0       0       12         0        0
  2026-07-31      12       6       9        3         0        0
  2026-08-01       8       2       8        0         6        0
  2026-08-02      16       0      16        0        16        0
  2026-08-03      12       6      12        0         3        3
  2026-08-04       4       1       2        2         1        1
  2026-08-05      16       0       0       16         0        0
  2026-08-06       4       0       0        4         0        0

EVERY MISSING OR IRREGULAR OBLIGATION (each must carry an explanation)
  2026-07-31 ATL v SEA T-90m   missing_data_unavailable   job served 1 other game(s) on 2026-07-31 at T-90m
  2026-07-31 WAS v DAL T-90m   missing_data_unavailable   job served 1 other game(s) on 2026-07-31 at T-90m
  2026-07-31 PDX v IND T-30m   missing_data_unavailable   job served 2 other game(s) on 2026-07-31 at T-30m
  2026-08-01 CHI v LVA T-24h   missing_job_did_not_run    no base record for ANY game on 2026-08-01 at T-24h
  2026-08-01 CHI v LVA T-8h    missing_job_did_not_run    no base record for ANY game on 2026-08-01 at T-8h
  2026-08-01 CHI v LVA T-30m   missing_job_did_not_run    no base record for ANY game on 2026-08-01 at T-30m
  2026-08-01 PHX v NYL T-24h   missing_job_did_not_run    no base record for ANY game on 2026-08-01 at T-24h
  2026-08-01 PHX v NYL T-8h    missing_job_did_not_run    no base record for ANY game on 2026-08-01 at T-8h
  2026-08-01 PHX v NYL T-30m   missing_job_did_not_run    no base record for ANY game on 2026-08-01 at T-30m
  2026-08-02 DAL v CON T-24h   missing_job_did_not_run    no base record for ANY game on 2026-08-02 at T-24h
  2026-08-02 DAL v CON T-8h    missing_job_did_not_run    no base record for ANY game on 2026-08-02 at T-8h
  2026-08-02 DAL v CON T-90m   missing_job_did_not_run    no base record for ANY game on 2026-08-02 at T-90m
  2026-08-02 DAL v CON T-30m   missing_job_did_not_run    no base record for ANY game on 2026-08-02 at T-30m
  2026-08-02 GSV v TOR T-24h   missing_job_did_not_run    no base record for ANY game on 2026-08-02 at T-24h
  2026-08-02 GSV v TOR T-8h    missing_job_did_not_run    no base record for ANY game on 2026-08-02 at T-8h
  2026-08-02 GSV v TOR T-90m   missing_job_did_not_run    no base record for ANY game on 2026-08-02 at T-90m
  2026-08-02 GSV v TOR T-30m   missing_job_did_not_run    no base record for ANY game on 2026-08-02 at T-30m
  2026-08-02 MIN v IND T-24h   missing_job_did_not_run    no base record for ANY game on 2026-08-02 at T-24h
  2026-08-02 MIN v IND T-8h    missing_job_did_not_run    no base record for ANY game on 2026-08-02 at T-8h
  2026-08-02 MIN v IND T-90m   missing_job_did_not_run    no base record for ANY game on 2026-08-02 at T-90m
  2026-08-02 MIN v IND T-30m   missing_job_did_not_run    no base record for ANY game on 2026-08-02 at T-30m
  2026-08-02 PDX v LAS T-24h   missing_job_did_not_run    no base record for ANY game on 2026-08-02 at T-24h
  2026-08-02 PDX v LAS T-8h    missing_job_did_not_run    no base record for ANY game on 2026-08-02 at T-8h
  2026-08-02 PDX v LAS T-90m   missing_job_did_not_run    no base record for ANY game on 2026-08-02 at T-90m
  2026-08-02 PDX v LAS T-30m   missing_job_did_not_run    no base record for ANY game on 2026-08-02 at T-30m
  2026-08-03 NYL v SEA T-24h   missing_job_did_not_run    no base record for ANY game on 2026-08-03 at T-24h
  2026-08-03 NYL v SEA T-30m   late_record                created 2026-08-03T22:45:08.958486+00:00 after cutoff
  2026-08-03 ATL v LVA T-24h   missing_job_did_not_run    no base record for ANY game on 2026-08-03 at T-24h
  2026-08-03 ATL v LVA T-30m   late_record                created 2026-08-03T22:45:08.976775+00:00 after cutoff
  2026-08-03 CHI v PHX T-24h   missing_job_did_not_run    no base record for ANY game on 2026-08-03 at T-24h
  2026-08-03 CHI v PHX T-30m   missing_data_unavailable   job served 2 other game(s) on 2026-08-03 at T-30m
  2026-08-04 GSV v TOR T-24h   missing_job_did_not_run    no base record for ANY game on 2026-08-04 at T-24h

wrote forecasts/coverage_audit.csv and forecasts/coverage_receipt.json
[audit] exit=0 
==== Tue 08/04/2026 16:30:10.72 ==== 
[gate] 2026-08-04T20:30:12.674233+00:00  fire=False  -- would duplicate 1 already-served obligation(s); the base job cannot be scoped to one game
       GSV v TOR      T-8h    SERVED   cutoff 2026-08-04T18:00:00 (-150 min) 
[gate] HOLDING: firing now would append 1 permanent duplicate record(s) to an append-only chain. A missed obligation is recoverable; a duplicate is not.
[gate] skipping the base job
[base] skipped - no unserved obligation in its lead window 
[base] exit=0 
================================================================================================
PROSPECTIVE PAIR RUNNER  2026-08-04T20:30:17.840041+00:00  model=ridge_score_level_w2c1_v1 hash=5d295bb8b99cd34e
================================================================================================
base records in official chain: 23
  late_prevented #0 ATL v SEA @ T-8h                cutoff 2026-07-31T15:35:00+00:00 already passed at 2026-08-0
  late_prevented #1 WAS v DAL @ T-8h                cutoff 2026-07-31T15:35:00+00:00 already passed at 2026-08-0
  late_prevented #2 PDX v IND @ T-8h                cutoff 2026-07-31T18:06:00+00:00 already passed at 2026-08-0
  late_prevented #3 ATL v SEA @ T-30m               cutoff 2026-07-31T23:05:00+00:00 already passed at 2026-08-0
  late_prevented #4 WAS v DAL @ T-30m               cutoff 2026-07-31T23:05:00+00:00 already passed at 2026-08-0
  late_prevented #5 PDX v IND @ T-90m               cutoff 2026-08-01T00:36:00+00:00 already passed at 2026-08-0
  late_prevented #6 CHI v LVA @ T-90m               cutoff 2026-08-01T15:35:00+00:00 already passed at 2026-08-0
  late_prevented #7 PHX v NYL @ T-90m               cutoff 2026-08-01T17:34:00+00:00 already passed at 2026-08-0
  skip           #8 CHI v LVA @ unknown-tip         base record is an explicit no-forecast; nothing to pair
  skip           #9 PHX v NYL @ unknown-tip         base record is an explicit no-forecast; nothing to pair
  late_prevented #10 NYL v SEA @ T-8h               cutoff 2026-08-03T15:04:00+00:00 already passed at 2026-08-0
  late_prevented #11 ATL v LVA @ T-8h               cutoff 2026-08-03T15:14:00+00:00 already passed at 2026-08-0
  late_prevented #12 CHI v PHX @ T-8h               cutoff 2026-08-03T17:08:00+00:00 already passed at 2026-08-0
  already_logged #13 NYL v SEA @ T-90m              idempotent: pair exists
  already_logged #14 ATL v LVA @ T-90m              idempotent: pair exists
  already_logged #15 CHI v PHX @ T-90m              idempotent: pair exists
  already_logged #16 NYL v SEA @ T-90m              idempotent: pair exists
  already_logged #17 ATL v LVA @ T-90m              idempotent: pair exists
  already_logged #18 CHI v PHX @ T-90m              idempotent: pair exists
  late_prevented #19 NYL v SEA @ T-30m              cutoff 2026-08-03T22:34:00+00:00 already passed at 2026-08-0
  late_prevented #20 ATL v LVA @ T-30m              cutoff 2026-08-03T22:44:00+00:00 already passed at 2026-08-0
  already_logged #21 CHI v PHX @ T-90m              idempotent: pair exists
  already_logged #22 GSV v TOR @ T-8h               idempotent: pair exists

  already_logged=8, late_prevented=13, skip=2
  arm chain: ok=True n=4 tip=71ebddc3ba3a9c91
  receipt appended to prospective_pair_runs.jsonl
[arm] exit=0 
====================================================================================================
FORECAST COVERAGE AUDIT   generated 2026-08-04T20:30:20.711002+00:00
====================================================================================================

CUMULATIVE by classification
  missing_job_did_not_run      26
  not_yet_due                  22
  before_period_start          15
  forecast_logged              15
  missing_data_unavailable     4
  late_record                  2

  obligations 84 | due 47 | served 15 | coverage 31.9%
  operational misses 26 | unexplained 0
  PROMOTION-GRADE: NO   (needs >= 95% served, <= 0 operational misses, all explained)

DAILY
  date         oblig  served     due     excl    opmiss arm_recs
  2026-07-30      12       0       0       12         0        0
  2026-07-31      12       6       9        3         0        0
  2026-08-01       8       2       8        0         6        0
  2026-08-02      16       0      16        0        16        0
  2026-08-03      12       6      12        0         3        3
  2026-08-04       4       1       2        2         1        1
  2026-08-05      16       0       0       16         0        0
  2026-08-06       4       0       0        4         0        0

EVERY MISSING OR IRREGULAR OBLIGATION (each must carry an explanation)
  2026-07-31 ATL v SEA T-90m   missing_data_unavailable   job served 1 other game(s) on 2026-07-31 at T-90m
  2026-07-31 WAS v DAL T-90m   missing_data_unavailable   job served 1 other game(s) on 2026-07-31 at T-90m
  2026-07-31 PDX v IND T-30m   missing_data_unavailable   job served 2 other game(s) on 2026-07-31 at T-30m
  2026-08-01 CHI v LVA T-24h   missing_job_did_not_run    no base record for ANY game on 2026-08-01 at T-24h
  2026-08-01 CHI v LVA T-8h    missing_job_did_not_run    no base record for ANY game on 2026-08-01 at T-8h
  2026-08-01 CHI v LVA T-30m   missing_job_did_not_run    no base record for ANY game on 2026-08-01 at T-30m
  2026-08-01 PHX v NYL T-24h   missing_job_did_not_run    no base record for ANY game on 2026-08-01 at T-24h
  2026-08-01 PHX v NYL T-8h    missing_job_did_not_run    no base record for ANY game on 2026-08-01 at T-8h
  2026-08-01 PHX v NYL T-30m   missing_job_did_not_run    no base record for ANY game on 2026-08-01 at T-30m
  2026-08-02 DAL v CON T-24h   missing_job_did_not_run    no base record for ANY game on 2026-08-02 at T-24h
  2026-08-02 DAL v CON T-8h    missing_job_did_not_run    no base record for ANY game on 2026-08-02 at T-8h
  2026-08-02 DAL v CON T-90m   missing_job_did_not_run    no base record for ANY game on 2026-08-02 at T-90m
  2026-08-02 DAL v CON T-30m   missing_job_did_not_run    no base record for ANY game on 2026-08-02 at T-30m
  2026-08-02 GSV v TOR T-24h   missing_job_did_not_run    no base record for ANY game on 2026-08-02 at T-24h
  2026-08-02 GSV v TOR T-8h    missing_job_did_not_run    no base record for ANY game on 2026-08-02 at T-8h
  2026-08-02 GSV v TOR T-90m   missing_job_did_not_run    no base record for ANY game on 2026-08-02 at T-90m
  2026-08-02 GSV v TOR T-30m   missing_job_did_not_run    no base record for ANY game on 2026-08-02 at T-30m
  2026-08-02 MIN v IND T-24h   missing_job_did_not_run    no base record for ANY game on 2026-08-02 at T-24h
  2026-08-02 MIN v IND T-8h    missing_job_did_not_run    no base record for ANY game on 2026-08-02 at T-8h
  2026-08-02 MIN v IND T-90m   missing_job_did_not_run    no base record for ANY game on 2026-08-02 at T-90m
  2026-08-02 MIN v IND T-30m   missing_job_did_not_run    no base record for ANY game on 2026-08-02 at T-30m
  2026-08-02 PDX v LAS T-24h   missing_job_did_not_run    no base record for ANY game on 2026-08-02 at T-24h
  2026-08-02 PDX v LAS T-8h    missing_job_did_not_run    no base record for ANY game on 2026-08-02 at T-8h
  2026-08-02 PDX v LAS T-90m   missing_job_did_not_run    no base record for ANY game on 2026-08-02 at T-90m
  2026-08-02 PDX v LAS T-30m   missing_job_did_not_run    no base record for ANY game on 2026-08-02 at T-30m
  2026-08-03 NYL v SEA T-24h   missing_job_did_not_run    no base record for ANY game on 2026-08-03 at T-24h
  2026-08-03 NYL v SEA T-30m   late_record                created 2026-08-03T22:45:08.958486+00:00 after cutoff
  2026-08-03 ATL v LVA T-24h   missing_job_did_not_run    no base record for ANY game on 2026-08-03 at T-24h
  2026-08-03 ATL v LVA T-30m   late_record                created 2026-08-03T22:45:08.976775+00:00 after cutoff
  2026-08-03 CHI v PHX T-24h   missing_job_did_not_run    no base record for ANY game on 2026-08-03 at T-24h
  2026-08-03 CHI v PHX T-30m   missing_data_unavailable   job served 2 other game(s) on 2026-08-03 at T-30m
  2026-08-04 GSV v TOR T-24h   missing_job_did_not_run    no base record for ANY game on 2026-08-04 at T-24h

wrote forecasts/coverage_audit.csv and forecasts/coverage_receipt.json
[audit] exit=0 
==== Tue 08/04/2026 16:45:07.61 ==== 
[gate] 2026-08-04T20:45:09.264043+00:00  fire=False  -- would duplicate 1 already-served obligation(s); the base job cannot be scoped to one game
       GSV v TOR      T-8h    SERVED   cutoff 2026-08-04T18:00:00 (-165 min) 
[gate] HOLDING: firing now would append 1 permanent duplicate record(s) to an append-only chain. A missed obligation is recoverable; a duplicate is not.
[gate] skipping the base job
[base] skipped - no unserved obligation in its lead window 
[base] exit=0 
================================================================================================
PROSPECTIVE PAIR RUNNER  2026-08-04T20:45:15.719140+00:00  model=ridge_score_level_w2c1_v1 hash=5d295bb8b99cd34e
================================================================================================
base records in official chain: 23
  late_prevented #0 ATL v SEA @ T-8h                cutoff 2026-07-31T15:35:00+00:00 already passed at 2026-08-0
  late_prevented #1 WAS v DAL @ T-8h                cutoff 2026-07-31T15:35:00+00:00 already passed at 2026-08-0
  late_prevented #2 PDX v IND @ T-8h                cutoff 2026-07-31T18:06:00+00:00 already passed at 2026-08-0
  late_prevented #3 ATL v SEA @ T-30m               cutoff 2026-07-31T23:05:00+00:00 already passed at 2026-08-0
  late_prevented #4 WAS v DAL @ T-30m               cutoff 2026-07-31T23:05:00+00:00 already passed at 2026-08-0
  late_prevented #5 PDX v IND @ T-90m               cutoff 2026-08-01T00:36:00+00:00 already passed at 2026-08-0
  late_prevented #6 CHI v LVA @ T-90m               cutoff 2026-08-01T15:35:00+00:00 already passed at 2026-08-0
  late_prevented #7 PHX v NYL @ T-90m               cutoff 2026-08-01T17:34:00+00:00 already passed at 2026-08-0
  skip           #8 CHI v LVA @ unknown-tip         base record is an explicit no-forecast; nothing to pair
  skip           #9 PHX v NYL @ unknown-tip         base record is an explicit no-forecast; nothing to pair
  late_prevented #10 NYL v SEA @ T-8h               cutoff 2026-08-03T15:04:00+00:00 already passed at 2026-08-0
  late_prevented #11 ATL v LVA @ T-8h               cutoff 2026-08-03T15:14:00+00:00 already passed at 2026-08-0
  late_prevented #12 CHI v PHX @ T-8h               cutoff 2026-08-03T17:08:00+00:00 already passed at 2026-08-0
  already_logged #13 NYL v SEA @ T-90m              idempotent: pair exists
  already_logged #14 ATL v LVA @ T-90m              idempotent: pair exists
  already_logged #15 CHI v PHX @ T-90m              idempotent: pair exists
  already_logged #16 NYL v SEA @ T-90m              idempotent: pair exists
  already_logged #17 ATL v LVA @ T-90m              idempotent: pair exists
  already_logged #18 CHI v PHX @ T-90m              idempotent: pair exists
  late_prevented #19 NYL v SEA @ T-30m              cutoff 2026-08-03T22:34:00+00:00 already passed at 2026-08-0
  late_prevented #20 ATL v LVA @ T-30m              cutoff 2026-08-03T22:44:00+00:00 already passed at 2026-08-0
  already_logged #21 CHI v PHX @ T-90m              idempotent: pair exists
  already_logged #22 GSV v TOR @ T-8h               idempotent: pair exists

  already_logged=8, late_prevented=13, skip=2
  arm chain: ok=True n=4 tip=71ebddc3ba3a9c91
  receipt appended to prospective_pair_runs.jsonl
[arm] exit=0 
====================================================================================================
FORECAST COVERAGE AUDIT   generated 2026-08-04T20:45:17.703522+00:00
====================================================================================================

CUMULATIVE by classification
  missing_job_did_not_run      26
  not_yet_due                  22
  before_period_start          15
  forecast_logged              15
  missing_data_unavailable     4
  late_record                  2

  obligations 84 | due 47 | served 15 | coverage 31.9%
  operational misses 26 | unexplained 0
  PROMOTION-GRADE: NO   (needs >= 95% served, <= 0 operational misses, all explained)

DAILY
  date         oblig  served     due     excl    opmiss arm_recs
  2026-07-30      12       0       0       12         0        0
  2026-07-31      12       6       9        3         0        0
  2026-08-01       8       2       8        0         6        0
  2026-08-02      16       0      16        0        16        0
  2026-08-03      12       6      12        0         3        3
  2026-08-04       4       1       2        2         1        1
  2026-08-05      16       0       0       16         0        0
  2026-08-06       4       0       0        4         0        0

EVERY MISSING OR IRREGULAR OBLIGATION (each must carry an explanation)
  2026-07-31 ATL v SEA T-90m   missing_data_unavailable   job served 1 other game(s) on 2026-07-31 at T-90m
  2026-07-31 WAS v DAL T-90m   missing_data_unavailable   job served 1 other game(s) on 2026-07-31 at T-90m
  2026-07-31 PDX v IND T-30m   missing_data_unavailable   job served 2 other game(s) on 2026-07-31 at T-30m
  2026-08-01 CHI v LVA T-24h   missing_job_did_not_run    no base record for ANY game on 2026-08-01 at T-24h
  2026-08-01 CHI v LVA T-8h    missing_job_did_not_run    no base record for ANY game on 2026-08-01 at T-8h
  2026-08-01 CHI v LVA T-30m   missing_job_did_not_run    no base record for ANY game on 2026-08-01 at T-30m
  2026-08-01 PHX v NYL T-24h   missing_job_did_not_run    no base record for ANY game on 2026-08-01 at T-24h
  2026-08-01 PHX v NYL T-8h    missing_job_did_not_run    no base record for ANY game on 2026-08-01 at T-8h
  2026-08-01 PHX v NYL T-30m   missing_job_did_not_run    no base record for ANY game on 2026-08-01 at T-30m
  2026-08-02 DAL v CON T-24h   missing_job_did_not_run    no base record for ANY game on 2026-08-02 at T-24h
  2026-08-02 DAL v CON T-8h    missing_job_did_not_run    no base record for ANY game on 2026-08-02 at T-8h
  2026-08-02 DAL v CON T-90m   missing_job_did_not_run    no base record for ANY game on 2026-08-02 at T-90m
  2026-08-02 DAL v CON T-30m   missing_job_did_not_run    no base record for ANY game on 2026-08-02 at T-30m
  2026-08-02 GSV v TOR T-24h   missing_job_did_not_run    no base record for ANY game on 2026-08-02 at T-24h
  2026-08-02 GSV v TOR T-8h    missing_job_did_not_run    no base record for ANY game on 2026-08-02 at T-8h
  2026-08-02 GSV v TOR T-90m   missing_job_did_not_run    no base record for ANY game on 2026-08-02 at T-90m
  2026-08-02 GSV v TOR T-30m   missing_job_did_not_run    no base record for ANY game on 2026-08-02 at T-30m
  2026-08-02 MIN v IND T-24h   missing_job_did_not_run    no base record for ANY game on 2026-08-02 at T-24h
  2026-08-02 MIN v IND T-8h    missing_job_did_not_run    no base record for ANY game on 2026-08-02 at T-8h
  2026-08-02 MIN v IND T-90m   missing_job_did_not_run    no base record for ANY game on 2026-08-02 at T-90m
  2026-08-02 MIN v IND T-30m   missing_job_did_not_run    no base record for ANY game on 2026-08-02 at T-30m
  2026-08-02 PDX v LAS T-24h   missing_job_did_not_run    no base record for ANY game on 2026-08-02 at T-24h
  2026-08-02 PDX v LAS T-8h    missing_job_did_not_run    no base record for ANY game on 2026-08-02 at T-8h
  2026-08-02 PDX v LAS T-90m   missing_job_did_not_run    no base record for ANY game on 2026-08-02 at T-90m
  2026-08-02 PDX v LAS T-30m   missing_job_did_not_run    no base record for ANY game on 2026-08-02 at T-30m
  2026-08-03 NYL v SEA T-24h   missing_job_did_not_run    no base record for ANY game on 2026-08-03 at T-24h
  2026-08-03 NYL v SEA T-30m   late_record                created 2026-08-03T22:45:08.958486+00:00 after cutoff
  2026-08-03 ATL v LVA T-24h   missing_job_did_not_run    no base record for ANY game on 2026-08-03 at T-24h
  2026-08-03 ATL v LVA T-30m   late_record                created 2026-08-03T22:45:08.976775+00:00 after cutoff
  2026-08-03 CHI v PHX T-24h   missing_job_did_not_run    no base record for ANY game on 2026-08-03 at T-24h
  2026-08-03 CHI v PHX T-30m   missing_data_unavailable   job served 2 other game(s) on 2026-08-03 at T-30m
  2026-08-04 GSV v TOR T-24h   missing_job_did_not_run    no base record for ANY game on 2026-08-04 at T-24h

wrote forecasts/coverage_audit.csv and forecasts/coverage_receipt.json
[audit] exit=0 
==== Tue 08/04/2026 17:00:09.22 ==== 
[gate] 2026-08-04T21:00:14.629498+00:00  fire=False  -- would duplicate 1 already-served obligation(s); the base job cannot be scoped to one game
       GSV v TOR      T-8h    SERVED   cutoff 2026-08-04T18:00:00 (-180 min) 
[gate] HOLDING: firing now would append 1 permanent duplicate record(s) to an append-only chain. A missed obligation is recoverable; a duplicate is not.
[gate] skipping the base job
[base] skipped - no unserved obligation in its lead window 
[base] exit=0 
================================================================================================
PROSPECTIVE PAIR RUNNER  2026-08-04T21:00:21.846250+00:00  model=ridge_score_level_w2c1_v1 hash=5d295bb8b99cd34e
================================================================================================
base records in official chain: 23
  late_prevented #0 ATL v SEA @ T-8h                cutoff 2026-07-31T15:35:00+00:00 already passed at 2026-08-0
  late_prevented #1 WAS v DAL @ T-8h                cutoff 2026-07-31T15:35:00+00:00 already passed at 2026-08-0
  late_prevented #2 PDX v IND @ T-8h                cutoff 2026-07-31T18:06:00+00:00 already passed at 2026-08-0
  late_prevented #3 ATL v SEA @ T-30m               cutoff 2026-07-31T23:05:00+00:00 already passed at 2026-08-0
  late_prevented #4 WAS v DAL @ T-30m               cutoff 2026-07-31T23:05:00+00:00 already passed at 2026-08-0
  late_prevented #5 PDX v IND @ T-90m               cutoff 2026-08-01T00:36:00+00:00 already passed at 2026-08-0
  late_prevented #6 CHI v LVA @ T-90m               cutoff 2026-08-01T15:35:00+00:00 already passed at 2026-08-0
  late_prevented #7 PHX v NYL @ T-90m               cutoff 2026-08-01T17:34:00+00:00 already passed at 2026-08-0
  skip           #8 CHI v LVA @ unknown-tip         base record is an explicit no-forecast; nothing to pair
  skip           #9 PHX v NYL @ unknown-tip         base record is an explicit no-forecast; nothing to pair
  late_prevented #10 NYL v SEA @ T-8h               cutoff 2026-08-03T15:04:00+00:00 already passed at 2026-08-0
  late_prevented #11 ATL v LVA @ T-8h               cutoff 2026-08-03T15:14:00+00:00 already passed at 2026-08-0
  late_prevented #12 CHI v PHX @ T-8h               cutoff 2026-08-03T17:08:00+00:00 already passed at 2026-08-0
  already_logged #13 NYL v SEA @ T-90m              idempotent: pair exists
  already_logged #14 ATL v LVA @ T-90m              idempotent: pair exists
  already_logged #15 CHI v PHX @ T-90m              idempotent: pair exists
  already_logged #16 NYL v SEA @ T-90m              idempotent: pair exists
  already_logged #17 ATL v LVA @ T-90m              idempotent: pair exists
  already_logged #18 CHI v PHX @ T-90m              idempotent: pair exists
  late_prevented #19 NYL v SEA @ T-30m              cutoff 2026-08-03T22:34:00+00:00 already passed at 2026-08-0
  late_prevented #20 ATL v LVA @ T-30m              cutoff 2026-08-03T22:44:00+00:00 already passed at 2026-08-0
  already_logged #21 CHI v PHX @ T-90m              idempotent: pair exists
  already_logged #22 GSV v TOR @ T-8h               idempotent: pair exists

  already_logged=8, late_prevented=13, skip=2
  arm chain: ok=True n=4 tip=71ebddc3ba3a9c91
  receipt appended to prospective_pair_runs.jsonl
[arm] exit=0 
====================================================================================================
FORECAST COVERAGE AUDIT   generated 2026-08-04T21:00:24.824460+00:00
====================================================================================================

CUMULATIVE by classification
  missing_job_did_not_run      26
  not_yet_due                  22
  before_period_start          15
  forecast_logged              15
  missing_data_unavailable     4
  late_record                  2

  obligations 84 | due 47 | served 15 | coverage 31.9%
  operational misses 26 | unexplained 0
  PROMOTION-GRADE: NO   (needs >= 95% served, <= 0 operational misses, all explained)

DAILY
  date         oblig  served     due     excl    opmiss arm_recs
  2026-07-30      12       0       0       12         0        0
  2026-07-31      12       6       9        3         0        0
  2026-08-01       8       2       8        0         6        0
  2026-08-02      16       0      16        0        16        0
  2026-08-03      12       6      12        0         3        3
  2026-08-04       4       1       2        2         1        1
  2026-08-05      16       0       0       16         0        0
  2026-08-06       4       0       0        4         0        0

EVERY MISSING OR IRREGULAR OBLIGATION (each must carry an explanation)
  2026-07-31 ATL v SEA T-90m   missing_data_unavailable   job served 1 other game(s) on 2026-07-31 at T-90m
  2026-07-31 WAS v DAL T-90m   missing_data_unavailable   job served 1 other game(s) on 2026-07-31 at T-90m
  2026-07-31 PDX v IND T-30m   missing_data_unavailable   job served 2 other game(s) on 2026-07-31 at T-30m
  2026-08-01 CHI v LVA T-24h   missing_job_did_not_run    no base record for ANY game on 2026-08-01 at T-24h
  2026-08-01 CHI v LVA T-8h    missing_job_did_not_run    no base record for ANY game on 2026-08-01 at T-8h
  2026-08-01 CHI v LVA T-30m   missing_job_did_not_run    no base record for ANY game on 2026-08-01 at T-30m
  2026-08-01 PHX v NYL T-24h   missing_job_did_not_run    no base record for ANY game on 2026-08-01 at T-24h
  2026-08-01 PHX v NYL T-8h    missing_job_did_not_run    no base record for ANY game on 2026-08-01 at T-8h
  2026-08-01 PHX v NYL T-30m   missing_job_did_not_run    no base record for ANY game on 2026-08-01 at T-30m
  2026-08-02 DAL v CON T-24h   missing_job_did_not_run    no base record for ANY game on 2026-08-02 at T-24h
  2026-08-02 DAL v CON T-8h    missing_job_did_not_run    no base record for ANY game on 2026-08-02 at T-8h
  2026-08-02 DAL v CON T-90m   missing_job_did_not_run    no base record for ANY game on 2026-08-02 at T-90m
  2026-08-02 DAL v CON T-30m   missing_job_did_not_run    no base record for ANY game on 2026-08-02 at T-30m
  2026-08-02 GSV v TOR T-24h   missing_job_did_not_run    no base record for ANY game on 2026-08-02 at T-24h
  2026-08-02 GSV v TOR T-8h    missing_job_did_not_run    no base record for ANY game on 2026-08-02 at T-8h
  2026-08-02 GSV v TOR T-90m   missing_job_did_not_run    no base record for ANY game on 2026-08-02 at T-90m
  2026-08-02 GSV v TOR T-30m   missing_job_did_not_run    no base record for ANY game on 2026-08-02 at T-30m
  2026-08-02 MIN v IND T-24h   missing_job_did_not_run    no base record for ANY game on 2026-08-02 at T-24h
  2026-08-02 MIN v IND T-8h    missing_job_did_not_run    no base record for ANY game on 2026-08-02 at T-8h
  2026-08-02 MIN v IND T-90m   missing_job_did_not_run    no base record for ANY game on 2026-08-02 at T-90m
  2026-08-02 MIN v IND T-30m   missing_job_did_not_run    no base record for ANY game on 2026-08-02 at T-30m
  2026-08-02 PDX v LAS T-24h   missing_job_did_not_run    no base record for ANY game on 2026-08-02 at T-24h
  2026-08-02 PDX v LAS T-8h    missing_job_did_not_run    no base record for ANY game on 2026-08-02 at T-8h
  2026-08-02 PDX v LAS T-90m   missing_job_did_not_run    no base record for ANY game on 2026-08-02 at T-90m
  2026-08-02 PDX v LAS T-30m   missing_job_did_not_run    no base record for ANY game on 2026-08-02 at T-30m
  2026-08-03 NYL v SEA T-24h   missing_job_did_not_run    no base record for ANY game on 2026-08-03 at T-24h
  2026-08-03 NYL v SEA T-30m   late_record                created 2026-08-03T22:45:08.958486+00:00 after cutoff
  2026-08-03 ATL v LVA T-24h   missing_job_did_not_run    no base record for ANY game on 2026-08-03 at T-24h
  2026-08-03 ATL v LVA T-30m   late_record                created 2026-08-03T22:45:08.976775+00:00 after cutoff
  2026-08-03 CHI v PHX T-24h   missing_job_did_not_run    no base record for ANY game on 2026-08-03 at T-24h
  2026-08-03 CHI v PHX T-30m   missing_data_unavailable   job served 2 other game(s) on 2026-08-03 at T-30m
  2026-08-04 GSV v TOR T-24h   missing_job_did_not_run    no base record for ANY game on 2026-08-04 at T-24h

wrote forecasts/coverage_audit.csv and forecasts/coverage_receipt.json
[audit] exit=0 
==== Tue 08/04/2026 17:15:04.13 ==== 
[gate] 2026-08-04T21:15:05.971425+00:00  fire=False  -- no unserved obligation inside its 20-minute lead window
       GSV v TOR      T-90m   unserved cutoff 2026-08-05T00:30:00 (+195 min) 
[gate] skipping the base job
[base] skipped - no unserved obligation in its lead window 
[base] exit=0 
================================================================================================
PROSPECTIVE PAIR RUNNER  2026-08-04T21:15:07.759413+00:00  model=ridge_score_level_w2c1_v1 hash=5d295bb8b99cd34e
================================================================================================
base records in official chain: 23
  late_prevented #0 ATL v SEA @ T-8h                cutoff 2026-07-31T15:35:00+00:00 already passed at 2026-08-0
  late_prevented #1 WAS v DAL @ T-8h                cutoff 2026-07-31T15:35:00+00:00 already passed at 2026-08-0
  late_prevented #2 PDX v IND @ T-8h                cutoff 2026-07-31T18:06:00+00:00 already passed at 2026-08-0
  late_prevented #3 ATL v SEA @ T-30m               cutoff 2026-07-31T23:05:00+00:00 already passed at 2026-08-0
  late_prevented #4 WAS v DAL @ T-30m               cutoff 2026-07-31T23:05:00+00:00 already passed at 2026-08-0
  late_prevented #5 PDX v IND @ T-90m               cutoff 2026-08-01T00:36:00+00:00 already passed at 2026-08-0
  late_prevented #6 CHI v LVA @ T-90m               cutoff 2026-08-01T15:35:00+00:00 already passed at 2026-08-0
  late_prevented #7 PHX v NYL @ T-90m               cutoff 2026-08-01T17:34:00+00:00 already passed at 2026-08-0
  skip           #8 CHI v LVA @ unknown-tip         base record is an explicit no-forecast; nothing to pair
  skip           #9 PHX v NYL @ unknown-tip         base record is an explicit no-forecast; nothing to pair
  late_prevented #10 NYL v SEA @ T-8h               cutoff 2026-08-03T15:04:00+00:00 already passed at 2026-08-0
  late_prevented #11 ATL v LVA @ T-8h               cutoff 2026-08-03T15:14:00+00:00 already passed at 2026-08-0
  late_prevented #12 CHI v PHX @ T-8h               cutoff 2026-08-03T17:08:00+00:00 already passed at 2026-08-0
  already_logged #13 NYL v SEA @ T-90m              idempotent: pair exists
  already_logged #14 ATL v LVA @ T-90m              idempotent: pair exists
  already_logged #15 CHI v PHX @ T-90m              idempotent: pair exists
  already_logged #16 NYL v SEA @ T-90m              idempotent: pair exists
  already_logged #17 ATL v LVA @ T-90m              idempotent: pair exists
  already_logged #18 CHI v PHX @ T-90m              idempotent: pair exists
  late_prevented #19 NYL v SEA @ T-30m              cutoff 2026-08-03T22:34:00+00:00 already passed at 2026-08-0
  late_prevented #20 ATL v LVA @ T-30m              cutoff 2026-08-03T22:44:00+00:00 already passed at 2026-08-0
  already_logged #21 CHI v PHX @ T-90m              idempotent: pair exists
  already_logged #22 GSV v TOR @ T-8h               idempotent: pair exists

  already_logged=8, late_prevented=13, skip=2
  arm chain: ok=True n=4 tip=71ebddc3ba3a9c91
  receipt appended to prospective_pair_runs.jsonl
[arm] exit=0 
====================================================================================================
FORECAST COVERAGE AUDIT   generated 2026-08-04T21:15:09.089106+00:00
====================================================================================================

CUMULATIVE by classification
  missing_job_did_not_run      26
  not_yet_due                  22
  before_period_start          15
  forecast_logged              15
  missing_data_unavailable     4
  late_record                  2

  obligations 84 | due 47 | served 15 | coverage 31.9%
  operational misses 26 | unexplained 0
  PROMOTION-GRADE: NO   (needs >= 95% served, <= 0 operational misses, all explained)

DAILY
  date         oblig  served     due     excl    opmiss arm_recs
  2026-07-30      12       0       0       12         0        0
  2026-07-31      12       6       9        3         0        0
  2026-08-01       8       2       8        0         6        0
  2026-08-02      16       0      16        0        16        0
  2026-08-03      12       6      12        0         3        3
  2026-08-04       4       1       2        2         1        1
  2026-08-05      16       0       0       16         0        0
  2026-08-06       4       0       0        4         0        0

EVERY MISSING OR IRREGULAR OBLIGATION (each must carry an explanation)
  2026-07-31 ATL v SEA T-90m   missing_data_unavailable   job served 1 other game(s) on 2026-07-31 at T-90m
  2026-07-31 WAS v DAL T-90m   missing_data_unavailable   job served 1 other game(s) on 2026-07-31 at T-90m
  2026-07-31 PDX v IND T-30m   missing_data_unavailable   job served 2 other game(s) on 2026-07-31 at T-30m
  2026-08-01 CHI v LVA T-24h   missing_job_did_not_run    no base record for ANY game on 2026-08-01 at T-24h
  2026-08-01 CHI v LVA T-8h    missing_job_did_not_run    no base record for ANY game on 2026-08-01 at T-8h
  2026-08-01 CHI v LVA T-30m   missing_job_did_not_run    no base record for ANY game on 2026-08-01 at T-30m
  2026-08-01 PHX v NYL T-24h   missing_job_did_not_run    no base record for ANY game on 2026-08-01 at T-24h
  2026-08-01 PHX v NYL T-8h    missing_job_did_not_run    no base record for ANY game on 2026-08-01 at T-8h
  2026-08-01 PHX v NYL T-30m   missing_job_did_not_run    no base record for ANY game on 2026-08-01 at T-30m
  2026-08-02 DAL v CON T-24h   missing_job_did_not_run    no base record for ANY game on 2026-08-02 at T-24h
  2026-08-02 DAL v CON T-8h    missing_job_did_not_run    no base record for ANY game on 2026-08-02 at T-8h
  2026-08-02 DAL v CON T-90m   missing_job_did_not_run    no base record for ANY game on 2026-08-02 at T-90m
  2026-08-02 DAL v CON T-30m   missing_job_did_not_run    no base record for ANY game on 2026-08-02 at T-30m
  2026-08-02 GSV v TOR T-24h   missing_job_did_not_run    no base record for ANY game on 2026-08-02 at T-24h
  2026-08-02 GSV v TOR T-8h    missing_job_did_not_run    no base record for ANY game on 2026-08-02 at T-8h
  2026-08-02 GSV v TOR T-90m   missing_job_did_not_run    no base record for ANY game on 2026-08-02 at T-90m
  2026-08-02 GSV v TOR T-30m   missing_job_did_not_run    no base record for ANY game on 2026-08-02 at T-30m
  2026-08-02 MIN v IND T-24h   missing_job_did_not_run    no base record for ANY game on 2026-08-02 at T-24h
  2026-08-02 MIN v IND T-8h    missing_job_did_not_run    no base record for ANY game on 2026-08-02 at T-8h
  2026-08-02 MIN v IND T-90m   missing_job_did_not_run    no base record for ANY game on 2026-08-02 at T-90m
  2026-08-02 MIN v IND T-30m   missing_job_did_not_run    no base record for ANY game on 2026-08-02 at T-30m
  2026-08-02 PDX v LAS T-24h   missing_job_did_not_run    no base record for ANY game on 2026-08-02 at T-24h
  2026-08-02 PDX v LAS T-8h    missing_job_did_not_run    no base record for ANY game on 2026-08-02 at T-8h
  2026-08-02 PDX v LAS T-90m   missing_job_did_not_run    no base record for ANY game on 2026-08-02 at T-90m
  2026-08-02 PDX v LAS T-30m   missing_job_did_not_run    no base record for ANY game on 2026-08-02 at T-30m
  2026-08-03 NYL v SEA T-24h   missing_job_did_not_run    no base record for ANY game on 2026-08-03 at T-24h
  2026-08-03 NYL v SEA T-30m   late_record                created 2026-08-03T22:45:08.958486+00:00 after cutoff
  2026-08-03 ATL v LVA T-24h   missing_job_did_not_run    no base record for ANY game on 2026-08-03 at T-24h
  2026-08-03 ATL v LVA T-30m   late_record                created 2026-08-03T22:45:08.976775+00:00 after cutoff
  2026-08-03 CHI v PHX T-24h   missing_job_did_not_run    no base record for ANY game on 2026-08-03 at T-24h
  2026-08-03 CHI v PHX T-30m   missing_data_unavailable   job served 2 other game(s) on 2026-08-03 at T-30m
  2026-08-04 GSV v TOR T-24h   missing_job_did_not_run    no base record for ANY game on 2026-08-04 at T-24h

wrote forecasts/coverage_audit.csv and forecasts/coverage_receipt.json
[audit] exit=0 
==== Tue 08/04/2026 17:30:03.13 ==== 
[gate] 2026-08-04T21:30:06.596398+00:00  fire=False  -- no unserved obligation inside its 20-minute lead window
       GSV v TOR      T-90m   unserved cutoff 2026-08-05T00:30:00 (+180 min) 
[gate] skipping the base job
[base] skipped - no unserved obligation in its lead window 
[base] exit=0 
================================================================================================
PROSPECTIVE PAIR RUNNER  2026-08-04T21:30:09.464425+00:00  model=ridge_score_level_w2c1_v1 hash=5d295bb8b99cd34e
================================================================================================
base records in official chain: 23
  late_prevented #0 ATL v SEA @ T-8h                cutoff 2026-07-31T15:35:00+00:00 already passed at 2026-08-0
  late_prevented #1 WAS v DAL @ T-8h                cutoff 2026-07-31T15:35:00+00:00 already passed at 2026-08-0
  late_prevented #2 PDX v IND @ T-8h                cutoff 2026-07-31T18:06:00+00:00 already passed at 2026-08-0
  late_prevented #3 ATL v SEA @ T-30m               cutoff 2026-07-31T23:05:00+00:00 already passed at 2026-08-0
  late_prevented #4 WAS v DAL @ T-30m               cutoff 2026-07-31T23:05:00+00:00 already passed at 2026-08-0
  late_prevented #5 PDX v IND @ T-90m               cutoff 2026-08-01T00:36:00+00:00 already passed at 2026-08-0
  late_prevented #6 CHI v LVA @ T-90m               cutoff 2026-08-01T15:35:00+00:00 already passed at 2026-08-0
  late_prevented #7 PHX v NYL @ T-90m               cutoff 2026-08-01T17:34:00+00:00 already passed at 2026-08-0
  skip           #8 CHI v LVA @ unknown-tip         base record is an explicit no-forecast; nothing to pair
  skip           #9 PHX v NYL @ unknown-tip         base record is an explicit no-forecast; nothing to pair
  late_prevented #10 NYL v SEA @ T-8h               cutoff 2026-08-03T15:04:00+00:00 already passed at 2026-08-0
  late_prevented #11 ATL v LVA @ T-8h               cutoff 2026-08-03T15:14:00+00:00 already passed at 2026-08-0
  late_prevented #12 CHI v PHX @ T-8h               cutoff 2026-08-03T17:08:00+00:00 already passed at 2026-08-0
  already_logged #13 NYL v SEA @ T-90m              idempotent: pair exists
  already_logged #14 ATL v LVA @ T-90m              idempotent: pair exists
  already_logged #15 CHI v PHX @ T-90m              idempotent: pair exists
  already_logged #16 NYL v SEA @ T-90m              idempotent: pair exists
  already_logged #17 ATL v LVA @ T-90m              idempotent: pair exists
  already_logged #18 CHI v PHX @ T-90m              idempotent: pair exists
  late_prevented #19 NYL v SEA @ T-30m              cutoff 2026-08-03T22:34:00+00:00 already passed at 2026-08-0
  late_prevented #20 ATL v LVA @ T-30m              cutoff 2026-08-03T22:44:00+00:00 already passed at 2026-08-0
  already_logged #21 CHI v PHX @ T-90m              idempotent: pair exists
  already_logged #22 GSV v TOR @ T-8h               idempotent: pair exists

  already_logged=8, late_prevented=13, skip=2
  arm chain: ok=True n=4 tip=71ebddc3ba3a9c91
  receipt appended to prospective_pair_runs.jsonl
[arm] exit=0 
====================================================================================================
FORECAST COVERAGE AUDIT   generated 2026-08-04T21:30:10.814934+00:00
====================================================================================================

CUMULATIVE by classification
  missing_job_did_not_run      26
  not_yet_due                  22
  before_period_start          15
  forecast_logged              15
  missing_data_unavailable     4
  late_record                  2

  obligations 84 | due 47 | served 15 | coverage 31.9%
  operational misses 26 | unexplained 0
  PROMOTION-GRADE: NO   (needs >= 95% served, <= 0 operational misses, all explained)

DAILY
  date         oblig  served     due     excl    opmiss arm_recs
  2026-07-30      12       0       0       12         0        0
  2026-07-31      12       6       9        3         0        0
  2026-08-01       8       2       8        0         6        0
  2026-08-02      16       0      16        0        16        0
  2026-08-03      12       6      12        0         3        3
  2026-08-04       4       1       2        2         1        1
  2026-08-05      16       0       0       16         0        0
  2026-08-06       4       0       0        4         0        0

EVERY MISSING OR IRREGULAR OBLIGATION (each must carry an explanation)
  2026-07-31 ATL v SEA T-90m   missing_data_unavailable   job served 1 other game(s) on 2026-07-31 at T-90m
  2026-07-31 WAS v DAL T-90m   missing_data_unavailable   job served 1 other game(s) on 2026-07-31 at T-90m
  2026-07-31 PDX v IND T-30m   missing_data_unavailable   job served 2 other game(s) on 2026-07-31 at T-30m
  2026-08-01 CHI v LVA T-24h   missing_job_did_not_run    no base record for ANY game on 2026-08-01 at T-24h
  2026-08-01 CHI v LVA T-8h    missing_job_did_not_run    no base record for ANY game on 2026-08-01 at T-8h
  2026-08-01 CHI v LVA T-30m   missing_job_did_not_run    no base record for ANY game on 2026-08-01 at T-30m
  2026-08-01 PHX v NYL T-24h   missing_job_did_not_run    no base record for ANY game on 2026-08-01 at T-24h
  2026-08-01 PHX v NYL T-8h    missing_job_did_not_run    no base record for ANY game on 2026-08-01 at T-8h
  2026-08-01 PHX v NYL T-30m   missing_job_did_not_run    no base record for ANY game on 2026-08-01 at T-30m
  2026-08-02 DAL v CON T-24h   missing_job_did_not_run    no base record for ANY game on 2026-08-02 at T-24h
  2026-08-02 DAL v CON T-8h    missing_job_did_not_run    no base record for ANY game on 2026-08-02 at T-8h
  2026-08-02 DAL v CON T-90m   missing_job_did_not_run    no base record for ANY game on 2026-08-02 at T-90m
  2026-08-02 DAL v CON T-30m   missing_job_did_not_run    no base record for ANY game on 2026-08-02 at T-30m
  2026-08-02 GSV v TOR T-24h   missing_job_did_not_run    no base record for ANY game on 2026-08-02 at T-24h
  2026-08-02 GSV v TOR T-8h    missing_job_did_not_run    no base record for ANY game on 2026-08-02 at T-8h
  2026-08-02 GSV v TOR T-90m   missing_job_did_not_run    no base record for ANY game on 2026-08-02 at T-90m
  2026-08-02 GSV v TOR T-30m   missing_job_did_not_run    no base record for ANY game on 2026-08-02 at T-30m
  2026-08-02 MIN v IND T-24h   missing_job_did_not_run    no base record for ANY game on 2026-08-02 at T-24h
  2026-08-02 MIN v IND T-8h    missing_job_did_not_run    no base record for ANY game on 2026-08-02 at T-8h
  2026-08-02 MIN v IND T-90m   missing_job_did_not_run    no base record for ANY game on 2026-08-02 at T-90m
  2026-08-02 MIN v IND T-30m   missing_job_did_not_run    no base record for ANY game on 2026-08-02 at T-30m
  2026-08-02 PDX v LAS T-24h   missing_job_did_not_run    no base record for ANY game on 2026-08-02 at T-24h
  2026-08-02 PDX v LAS T-8h    missing_job_did_not_run    no base record for ANY game on 2026-08-02 at T-8h
  2026-08-02 PDX v LAS T-90m   missing_job_did_not_run    no base record for ANY game on 2026-08-02 at T-90m
  2026-08-02 PDX v LAS T-30m   missing_job_did_not_run    no base record for ANY game on 2026-08-02 at T-30m
  2026-08-03 NYL v SEA T-24h   missing_job_did_not_run    no base record for ANY game on 2026-08-03 at T-24h
  2026-08-03 NYL v SEA T-30m   late_record                created 2026-08-03T22:45:08.958486+00:00 after cutoff
  2026-08-03 ATL v LVA T-24h   missing_job_did_not_run    no base record for ANY game on 2026-08-03 at T-24h
  2026-08-03 ATL v LVA T-30m   late_record                created 2026-08-03T22:45:08.976775+00:00 after cutoff
  2026-08-03 CHI v PHX T-24h   missing_job_did_not_run    no base record for ANY game on 2026-08-03 at T-24h
  2026-08-03 CHI v PHX T-30m   missing_data_unavailable   job served 2 other game(s) on 2026-08-03 at T-30m
  2026-08-04 GSV v TOR T-24h   missing_job_did_not_run    no base record for ANY game on 2026-08-04 at T-24h

wrote forecasts/coverage_audit.csv and forecasts/coverage_receipt.json
[audit] exit=0 
==== Tue 08/04/2026 17:45:03.01 ==== 
[gate] 2026-08-04T21:45:03.697773+00:00  fire=False  -- no unserved obligation inside its 20-minute lead window
       GSV v TOR      T-90m   unserved cutoff 2026-08-05T00:30:00 (+165 min) 
[gate] skipping the base job
[base] skipped - no unserved obligation in its lead window 
[base] exit=0 
================================================================================================
PROSPECTIVE PAIR RUNNER  2026-08-04T21:45:04.601133+00:00  model=ridge_score_level_w2c1_v1 hash=5d295bb8b99cd34e
================================================================================================
base records in official chain: 23
  late_prevented #0 ATL v SEA @ T-8h                cutoff 2026-07-31T15:35:00+00:00 already passed at 2026-08-0
  late_prevented #1 WAS v DAL @ T-8h                cutoff 2026-07-31T15:35:00+00:00 already passed at 2026-08-0
  late_prevented #2 PDX v IND @ T-8h                cutoff 2026-07-31T18:06:00+00:00 already passed at 2026-08-0
  late_prevented #3 ATL v SEA @ T-30m               cutoff 2026-07-31T23:05:00+00:00 already passed at 2026-08-0
  late_prevented #4 WAS v DAL @ T-30m               cutoff 2026-07-31T23:05:00+00:00 already passed at 2026-08-0
  late_prevented #5 PDX v IND @ T-90m               cutoff 2026-08-01T00:36:00+00:00 already passed at 2026-08-0
  late_prevented #6 CHI v LVA @ T-90m               cutoff 2026-08-01T15:35:00+00:00 already passed at 2026-08-0
  late_prevented #7 PHX v NYL @ T-90m               cutoff 2026-08-01T17:34:00+00:00 already passed at 2026-08-0
  skip           #8 CHI v LVA @ unknown-tip         base record is an explicit no-forecast; nothing to pair
  skip           #9 PHX v NYL @ unknown-tip         base record is an explicit no-forecast; nothing to pair
  late_prevented #10 NYL v SEA @ T-8h               cutoff 2026-08-03T15:04:00+00:00 already passed at 2026-08-0
  late_prevented #11 ATL v LVA @ T-8h               cutoff 2026-08-03T15:14:00+00:00 already passed at 2026-08-0
  late_prevented #12 CHI v PHX @ T-8h               cutoff 2026-08-03T17:08:00+00:00 already passed at 2026-08-0
  already_logged #13 NYL v SEA @ T-90m              idempotent: pair exists
  already_logged #14 ATL v LVA @ T-90m              idempotent: pair exists
  already_logged #15 CHI v PHX @ T-90m              idempotent: pair exists
  already_logged #16 NYL v SEA @ T-90m              idempotent: pair exists
  already_logged #17 ATL v LVA @ T-90m              idempotent: pair exists
  already_logged #18 CHI v PHX @ T-90m              idempotent: pair exists
  late_prevented #19 NYL v SEA @ T-30m              cutoff 2026-08-03T22:34:00+00:00 already passed at 2026-08-0
  late_prevented #20 ATL v LVA @ T-30m              cutoff 2026-08-03T22:44:00+00:00 already passed at 2026-08-0
  already_logged #21 CHI v PHX @ T-90m              idempotent: pair exists
  already_logged #22 GSV v TOR @ T-8h               idempotent: pair exists

  already_logged=8, late_prevented=13, skip=2
  arm chain: ok=True n=4 tip=71ebddc3ba3a9c91
  receipt appended to prospective_pair_runs.jsonl
[arm] exit=0 
====================================================================================================
FORECAST COVERAGE AUDIT   generated 2026-08-04T21:45:05.580834+00:00
====================================================================================================

CUMULATIVE by classification
  missing_job_did_not_run      26
  not_yet_due                  22
  before_period_start          15
  forecast_logged              15
  missing_data_unavailable     4
  late_record                  2

  obligations 84 | due 47 | served 15 | coverage 31.9%
  operational misses 26 | unexplained 0
  PROMOTION-GRADE: NO   (needs >= 95% served, <= 0 operational misses, all explained)

DAILY
  date         oblig  served     due     excl    opmiss arm_recs
  2026-07-30      12       0       0       12         0        0
  2026-07-31      12       6       9        3         0        0
  2026-08-01       8       2       8        0         6        0
  2026-08-02      16       0      16        0        16        0
  2026-08-03      12       6      12        0         3        3
  2026-08-04       4       1       2        2         1        1
  2026-08-05      16       0       0       16         0        0
  2026-08-06       4       0       0        4         0        0

EVERY MISSING OR IRREGULAR OBLIGATION (each must carry an explanation)
  2026-07-31 ATL v SEA T-90m   missing_data_unavailable   job served 1 other game(s) on 2026-07-31 at T-90m
  2026-07-31 WAS v DAL T-90m   missing_data_unavailable   job served 1 other game(s) on 2026-07-31 at T-90m
  2026-07-31 PDX v IND T-30m   missing_data_unavailable   job served 2 other game(s) on 2026-07-31 at T-30m
  2026-08-01 CHI v LVA T-24h   missing_job_did_not_run    no base record for ANY game on 2026-08-01 at T-24h
  2026-08-01 CHI v LVA T-8h    missing_job_did_not_run    no base record for ANY game on 2026-08-01 at T-8h
  2026-08-01 CHI v LVA T-30m   missing_job_did_not_run    no base record for ANY game on 2026-08-01 at T-30m
  2026-08-01 PHX v NYL T-24h   missing_job_did_not_run    no base record for ANY game on 2026-08-01 at T-24h
  2026-08-01 PHX v NYL T-8h    missing_job_did_not_run    no base record for ANY game on 2026-08-01 at T-8h
  2026-08-01 PHX v NYL T-30m   missing_job_did_not_run    no base record for ANY game on 2026-08-01 at T-30m
  2026-08-02 DAL v CON T-24h   missing_job_did_not_run    no base record for ANY game on 2026-08-02 at T-24h
  2026-08-02 DAL v CON T-8h    missing_job_did_not_run    no base record for ANY game on 2026-08-02 at T-8h
  2026-08-02 DAL v CON T-90m   missing_job_did_not_run    no base record for ANY game on 2026-08-02 at T-90m
  2026-08-02 DAL v CON T-30m   missing_job_did_not_run    no base record for ANY game on 2026-08-02 at T-30m
  2026-08-02 GSV v TOR T-24h   missing_job_did_not_run    no base record for ANY game on 2026-08-02 at T-24h
  2026-08-02 GSV v TOR T-8h    missing_job_did_not_run    no base record for ANY game on 2026-08-02 at T-8h
  2026-08-02 GSV v TOR T-90m   missing_job_did_not_run    no base record for ANY game on 2026-08-02 at T-90m
  2026-08-02 GSV v TOR T-30m   missing_job_did_not_run    no base record for ANY game on 2026-08-02 at T-30m
  2026-08-02 MIN v IND T-24h   missing_job_did_not_run    no base record for ANY game on 2026-08-02 at T-24h
  2026-08-02 MIN v IND T-8h    missing_job_did_not_run    no base record for ANY game on 2026-08-02 at T-8h
  2026-08-02 MIN v IND T-90m   missing_job_did_not_run    no base record for ANY game on 2026-08-02 at T-90m
  2026-08-02 MIN v IND T-30m   missing_job_did_not_run    no base record for ANY game on 2026-08-02 at T-30m
  2026-08-02 PDX v LAS T-24h   missing_job_did_not_run    no base record for ANY game on 2026-08-02 at T-24h
  2026-08-02 PDX v LAS T-8h    missing_job_did_not_run    no base record for ANY game on 2026-08-02 at T-8h
  2026-08-02 PDX v LAS T-90m   missing_job_did_not_run    no base record for ANY game on 2026-08-02 at T-90m
  2026-08-02 PDX v LAS T-30m   missing_job_did_not_run    no base record for ANY game on 2026-08-02 at T-30m
  2026-08-03 NYL v SEA T-24h   missing_job_did_not_run    no base record for ANY game on 2026-08-03 at T-24h
  2026-08-03 NYL v SEA T-30m   late_record                created 2026-08-03T22:45:08.958486+00:00 after cutoff
  2026-08-03 ATL v LVA T-24h   missing_job_did_not_run    no base record for ANY game on 2026-08-03 at T-24h
  2026-08-03 ATL v LVA T-30m   late_record                created 2026-08-03T22:45:08.976775+00:00 after cutoff
  2026-08-03 CHI v PHX T-24h   missing_job_did_not_run    no base record for ANY game on 2026-08-03 at T-24h
  2026-08-03 CHI v PHX T-30m   missing_data_unavailable   job served 2 other game(s) on 2026-08-03 at T-30m
  2026-08-04 GSV v TOR T-24h   missing_job_did_not_run    no base record for ANY game on 2026-08-04 at T-24h

wrote forecasts/coverage_audit.csv and forecasts/coverage_receipt.json
[audit] exit=0 
==== Tue 08/04/2026 18:00:02.87 ==== 
[gate] 2026-08-04T22:00:06.654533+00:00  fire=False  -- no unserved obligation inside its 20-minute lead window
       GSV v TOR      T-90m   unserved cutoff 2026-08-05T00:30:00 (+150 min) 
[gate] skipping the base job
[base] skipped - no unserved obligation in its lead window 
[base] exit=0 
================================================================================================
PROSPECTIVE PAIR RUNNER  2026-08-04T22:00:09.196991+00:00  model=ridge_score_level_w2c1_v1 hash=5d295bb8b99cd34e
================================================================================================
base records in official chain: 23
  late_prevented #0 ATL v SEA @ T-8h                cutoff 2026-07-31T15:35:00+00:00 already passed at 2026-08-0
  late_prevented #1 WAS v DAL @ T-8h                cutoff 2026-07-31T15:35:00+00:00 already passed at 2026-08-0
  late_prevented #2 PDX v IND @ T-8h                cutoff 2026-07-31T18:06:00+00:00 already passed at 2026-08-0
  late_prevented #3 ATL v SEA @ T-30m               cutoff 2026-07-31T23:05:00+00:00 already passed at 2026-08-0
  late_prevented #4 WAS v DAL @ T-30m               cutoff 2026-07-31T23:05:00+00:00 already passed at 2026-08-0
  late_prevented #5 PDX v IND @ T-90m               cutoff 2026-08-01T00:36:00+00:00 already passed at 2026-08-0
  late_prevented #6 CHI v LVA @ T-90m               cutoff 2026-08-01T15:35:00+00:00 already passed at 2026-08-0
  late_prevented #7 PHX v NYL @ T-90m               cutoff 2026-08-01T17:34:00+00:00 already passed at 2026-08-0
  skip           #8 CHI v LVA @ unknown-tip         base record is an explicit no-forecast; nothing to pair
  skip           #9 PHX v NYL @ unknown-tip         base record is an explicit no-forecast; nothing to pair
  late_prevented #10 NYL v SEA @ T-8h               cutoff 2026-08-03T15:04:00+00:00 already passed at 2026-08-0
  late_prevented #11 ATL v LVA @ T-8h               cutoff 2026-08-03T15:14:00+00:00 already passed at 2026-08-0
  late_prevented #12 CHI v PHX @ T-8h               cutoff 2026-08-03T17:08:00+00:00 already passed at 2026-08-0
  already_logged #13 NYL v SEA @ T-90m              idempotent: pair exists
  already_logged #14 ATL v LVA @ T-90m              idempotent: pair exists
  already_logged #15 CHI v PHX @ T-90m              idempotent: pair exists
  already_logged #16 NYL v SEA @ T-90m              idempotent: pair exists
  already_logged #17 ATL v LVA @ T-90m              idempotent: pair exists
  already_logged #18 CHI v PHX @ T-90m              idempotent: pair exists
  late_prevented #19 NYL v SEA @ T-30m              cutoff 2026-08-03T22:34:00+00:00 already passed at 2026-08-0
  late_prevented #20 ATL v LVA @ T-30m              cutoff 2026-08-03T22:44:00+00:00 already passed at 2026-08-0
  already_logged #21 CHI v PHX @ T-90m              idempotent: pair exists
  already_logged #22 GSV v TOR @ T-8h               idempotent: pair exists

  already_logged=8, late_prevented=13, skip=2
  arm chain: ok=True n=4 tip=71ebddc3ba3a9c91
  receipt appended to prospective_pair_runs.jsonl
[arm] exit=0 
====================================================================================================
FORECAST COVERAGE AUDIT   generated 2026-08-04T22:00:10.330020+00:00
====================================================================================================

CUMULATIVE by classification
  missing_job_did_not_run      26
  not_yet_due                  22
  before_period_start          15
  forecast_logged              15
  missing_data_unavailable     4
  late_record                  2

  obligations 84 | due 47 | served 15 | coverage 31.9%
  operational misses 26 | unexplained 0
  PROMOTION-GRADE: NO   (needs >= 95% served, <= 0 operational misses, all explained)

DAILY
  date         oblig  served     due     excl    opmiss arm_recs
  2026-07-30      12       0       0       12         0        0
  2026-07-31      12       6       9        3         0        0
  2026-08-01       8       2       8        0         6        0
  2026-08-02      16       0      16        0        16        0
  2026-08-03      12       6      12        0         3        3
  2026-08-04       4       1       2        2         1        1
  2026-08-05      16       0       0       16         0        0
  2026-08-06       4       0       0        4         0        0

EVERY MISSING OR IRREGULAR OBLIGATION (each must carry an explanation)
  2026-07-31 ATL v SEA T-90m   missing_data_unavailable   job served 1 other game(s) on 2026-07-31 at T-90m
  2026-07-31 WAS v DAL T-90m   missing_data_unavailable   job served 1 other game(s) on 2026-07-31 at T-90m
  2026-07-31 PDX v IND T-30m   missing_data_unavailable   job served 2 other game(s) on 2026-07-31 at T-30m
  2026-08-01 CHI v LVA T-24h   missing_job_did_not_run    no base record for ANY game on 2026-08-01 at T-24h
  2026-08-01 CHI v LVA T-8h    missing_job_did_not_run    no base record for ANY game on 2026-08-01 at T-8h
  2026-08-01 CHI v LVA T-30m   missing_job_did_not_run    no base record for ANY game on 2026-08-01 at T-30m
  2026-08-01 PHX v NYL T-24h   missing_job_did_not_run    no base record for ANY game on 2026-08-01 at T-24h
  2026-08-01 PHX v NYL T-8h    missing_job_did_not_run    no base record for ANY game on 2026-08-01 at T-8h
  2026-08-01 PHX v NYL T-30m   missing_job_did_not_run    no base record for ANY game on 2026-08-01 at T-30m
  2026-08-02 DAL v CON T-24h   missing_job_did_not_run    no base record for ANY game on 2026-08-02 at T-24h
  2026-08-02 DAL v CON T-8h    missing_job_did_not_run    no base record for ANY game on 2026-08-02 at T-8h
  2026-08-02 DAL v CON T-90m   missing_job_did_not_run    no base record for ANY game on 2026-08-02 at T-90m
  2026-08-02 DAL v CON T-30m   missing_job_did_not_run    no base record for ANY game on 2026-08-02 at T-30m
  2026-08-02 GSV v TOR T-24h   missing_job_did_not_run    no base record for ANY game on 2026-08-02 at T-24h
  2026-08-02 GSV v TOR T-8h    missing_job_did_not_run    no base record for ANY game on 2026-08-02 at T-8h
  2026-08-02 GSV v TOR T-90m   missing_job_did_not_run    no base record for ANY game on 2026-08-02 at T-90m
  2026-08-02 GSV v TOR T-30m   missing_job_did_not_run    no base record for ANY game on 2026-08-02 at T-30m
  2026-08-02 MIN v IND T-24h   missing_job_did_not_run    no base record for ANY game on 2026-08-02 at T-24h
  2026-08-02 MIN v IND T-8h    missing_job_did_not_run    no base record for ANY game on 2026-08-02 at T-8h
  2026-08-02 MIN v IND T-90m   missing_job_did_not_run    no base record for ANY game on 2026-08-02 at T-90m
  2026-08-02 MIN v IND T-30m   missing_job_did_not_run    no base record for ANY game on 2026-08-02 at T-30m
  2026-08-02 PDX v LAS T-24h   missing_job_did_not_run    no base record for ANY game on 2026-08-02 at T-24h
  2026-08-02 PDX v LAS T-8h    missing_job_did_not_run    no base record for ANY game on 2026-08-02 at T-8h
  2026-08-02 PDX v LAS T-90m   missing_job_did_not_run    no base record for ANY game on 2026-08-02 at T-90m
  2026-08-02 PDX v LAS T-30m   missing_job_did_not_run    no base record for ANY game on 2026-08-02 at T-30m
  2026-08-03 NYL v SEA T-24h   missing_job_did_not_run    no base record for ANY game on 2026-08-03 at T-24h
  2026-08-03 NYL v SEA T-30m   late_record                created 2026-08-03T22:45:08.958486+00:00 after cutoff
  2026-08-03 ATL v LVA T-24h   missing_job_did_not_run    no base record for ANY game on 2026-08-03 at T-24h
  2026-08-03 ATL v LVA T-30m   late_record                created 2026-08-03T22:45:08.976775+00:00 after cutoff
  2026-08-03 CHI v PHX T-24h   missing_job_did_not_run    no base record for ANY game on 2026-08-03 at T-24h
  2026-08-03 CHI v PHX T-30m   missing_data_unavailable   job served 2 other game(s) on 2026-08-03 at T-30m
  2026-08-04 GSV v TOR T-24h   missing_job_did_not_run    no base record for ANY game on 2026-08-04 at T-24h

wrote forecasts/coverage_audit.csv and forecasts/coverage_receipt.json
[audit] exit=0 
==== Tue 08/04/2026 18:15:03.18 ==== 
[gate] 2026-08-04T22:15:06.971271+00:00  fire=False  -- no unserved obligation inside its 20-minute lead window
       GSV v TOR      T-90m   unserved cutoff 2026-08-05T00:30:00 (+135 min) 
[gate] skipping the base job
[base] skipped - no unserved obligation in its lead window 
[base] exit=0 
================================================================================================
PROSPECTIVE PAIR RUNNER  2026-08-04T22:15:10.240013+00:00  model=ridge_score_level_w2c1_v1 hash=5d295bb8b99cd34e
================================================================================================
base records in official chain: 23
  late_prevented #0 ATL v SEA @ T-8h                cutoff 2026-07-31T15:35:00+00:00 already passed at 2026-08-0
  late_prevented #1 WAS v DAL @ T-8h                cutoff 2026-07-31T15:35:00+00:00 already passed at 2026-08-0
  late_prevented #2 PDX v IND @ T-8h                cutoff 2026-07-31T18:06:00+00:00 already passed at 2026-08-0
  late_prevented #3 ATL v SEA @ T-30m               cutoff 2026-07-31T23:05:00+00:00 already passed at 2026-08-0
  late_prevented #4 WAS v DAL @ T-30m               cutoff 2026-07-31T23:05:00+00:00 already passed at 2026-08-0
  late_prevented #5 PDX v IND @ T-90m               cutoff 2026-08-01T00:36:00+00:00 already passed at 2026-08-0
  late_prevented #6 CHI v LVA @ T-90m               cutoff 2026-08-01T15:35:00+00:00 already passed at 2026-08-0
  late_prevented #7 PHX v NYL @ T-90m               cutoff 2026-08-01T17:34:00+00:00 already passed at 2026-08-0
  skip           #8 CHI v LVA @ unknown-tip         base record is an explicit no-forecast; nothing to pair
  skip           #9 PHX v NYL @ unknown-tip         base record is an explicit no-forecast; nothing to pair
  late_prevented #10 NYL v SEA @ T-8h               cutoff 2026-08-03T15:04:00+00:00 already passed at 2026-08-0
  late_prevented #11 ATL v LVA @ T-8h               cutoff 2026-08-03T15:14:00+00:00 already passed at 2026-08-0
  late_prevented #12 CHI v PHX @ T-8h               cutoff 2026-08-03T17:08:00+00:00 already passed at 2026-08-0
  already_logged #13 NYL v SEA @ T-90m              idempotent: pair exists
  already_logged #14 ATL v LVA @ T-90m              idempotent: pair exists
  already_logged #15 CHI v PHX @ T-90m              idempotent: pair exists
  already_logged #16 NYL v SEA @ T-90m              idempotent: pair exists
  already_logged #17 ATL v LVA @ T-90m              idempotent: pair exists
  already_logged #18 CHI v PHX @ T-90m              idempotent: pair exists
  late_prevented #19 NYL v SEA @ T-30m              cutoff 2026-08-03T22:34:00+00:00 already passed at 2026-08-0
  late_prevented #20 ATL v LVA @ T-30m              cutoff 2026-08-03T22:44:00+00:00 already passed at 2026-08-0
  already_logged #21 CHI v PHX @ T-90m              idempotent: pair exists
  already_logged #22 GSV v TOR @ T-8h               idempotent: pair exists

  already_logged=8, late_prevented=13, skip=2
  arm chain: ok=True n=4 tip=71ebddc3ba3a9c91
  receipt appended to prospective_pair_runs.jsonl
[arm] exit=0 
====================================================================================================
FORECAST COVERAGE AUDIT   generated 2026-08-04T22:15:11.368255+00:00
====================================================================================================

CUMULATIVE by classification
  missing_job_did_not_run      26
  not_yet_due                  22
  before_period_start          15
  forecast_logged              15
  missing_data_unavailable     4
  late_record                  2

  obligations 84 | due 47 | served 15 | coverage 31.9%
  operational misses 26 | unexplained 0
  PROMOTION-GRADE: NO   (needs >= 95% served, <= 0 operational misses, all explained)

DAILY
  date         oblig  served     due     excl    opmiss arm_recs
  2026-07-30      12       0       0       12         0        0
  2026-07-31      12       6       9        3         0        0
  2026-08-01       8       2       8        0         6        0
  2026-08-02      16       0      16        0        16        0
  2026-08-03      12       6      12        0         3        3
  2026-08-04       4       1       2        2         1        1
  2026-08-05      16       0       0       16         0        0
  2026-08-06       4       0       0        4         0        0

EVERY MISSING OR IRREGULAR OBLIGATION (each must carry an explanation)
  2026-07-31 ATL v SEA T-90m   missing_data_unavailable   job served 1 other game(s) on 2026-07-31 at T-90m
  2026-07-31 WAS v DAL T-90m   missing_data_unavailable   job served 1 other game(s) on 2026-07-31 at T-90m
  2026-07-31 PDX v IND T-30m   missing_data_unavailable   job served 2 other game(s) on 2026-07-31 at T-30m
  2026-08-01 CHI v LVA T-24h   missing_job_did_not_run    no base record for ANY game on 2026-08-01 at T-24h
  2026-08-01 CHI v LVA T-8h    missing_job_did_not_run    no base record for ANY game on 2026-08-01 at T-8h
  2026-08-01 CHI v LVA T-30m   missing_job_did_not_run    no base record for ANY game on 2026-08-01 at T-30m
  2026-08-01 PHX v NYL T-24h   missing_job_did_not_run    no base record for ANY game on 2026-08-01 at T-24h
  2026-08-01 PHX v NYL T-8h    missing_job_did_not_run    no base record for ANY game on 2026-08-01 at T-8h
  2026-08-01 PHX v NYL T-30m   missing_job_did_not_run    no base record for ANY game on 2026-08-01 at T-30m
  2026-08-02 DAL v CON T-24h   missing_job_did_not_run    no base record for ANY game on 2026-08-02 at T-24h
  2026-08-02 DAL v CON T-8h    missing_job_did_not_run    no base record for ANY game on 2026-08-02 at T-8h
  2026-08-02 DAL v CON T-90m   missing_job_did_not_run    no base record for ANY game on 2026-08-02 at T-90m
  2026-08-02 DAL v CON T-30m   missing_job_did_not_run    no base record for ANY game on 2026-08-02 at T-30m
  2026-08-02 GSV v TOR T-24h   missing_job_did_not_run    no base record for ANY game on 2026-08-02 at T-24h
  2026-08-02 GSV v TOR T-8h    missing_job_did_not_run    no base record for ANY game on 2026-08-02 at T-8h
  2026-08-02 GSV v TOR T-90m   missing_job_did_not_run    no base record for ANY game on 2026-08-02 at T-90m
  2026-08-02 GSV v TOR T-30m   missing_job_did_not_run    no base record for ANY game on 2026-08-02 at T-30m
  2026-08-02 MIN v IND T-24h   missing_job_did_not_run    no base record for ANY game on 2026-08-02 at T-24h
  2026-08-02 MIN v IND T-8h    missing_job_did_not_run    no base record for ANY game on 2026-08-02 at T-8h
  2026-08-02 MIN v IND T-90m   missing_job_did_not_run    no base record for ANY game on 2026-08-02 at T-90m
  2026-08-02 MIN v IND T-30m   missing_job_did_not_run    no base record for ANY game on 2026-08-02 at T-30m
  2026-08-02 PDX v LAS T-24h   missing_job_did_not_run    no base record for ANY game on 2026-08-02 at T-24h
  2026-08-02 PDX v LAS T-8h    missing_job_did_not_run    no base record for ANY game on 2026-08-02 at T-8h
  2026-08-02 PDX v LAS T-90m   missing_job_did_not_run    no base record for ANY game on 2026-08-02 at T-90m
  2026-08-02 PDX v LAS T-30m   missing_job_did_not_run    no base record for ANY game on 2026-08-02 at T-30m
  2026-08-03 NYL v SEA T-24h   missing_job_did_not_run    no base record for ANY game on 2026-08-03 at T-24h
  2026-08-03 NYL v SEA T-30m   late_record                created 2026-08-03T22:45:08.958486+00:00 after cutoff
  2026-08-03 ATL v LVA T-24h   missing_job_did_not_run    no base record for ANY game on 2026-08-03 at T-24h
  2026-08-03 ATL v LVA T-30m   late_record                created 2026-08-03T22:45:08.976775+00:00 after cutoff
  2026-08-03 CHI v PHX T-24h   missing_job_did_not_run    no base record for ANY game on 2026-08-03 at T-24h
  2026-08-03 CHI v PHX T-30m   missing_data_unavailable   job served 2 other game(s) on 2026-08-03 at T-30m
  2026-08-04 GSV v TOR T-24h   missing_job_did_not_run    no base record for ANY game on 2026-08-04 at T-24h

wrote forecasts/coverage_audit.csv and forecasts/coverage_receipt.json
[audit] exit=0 
==== Tue 08/04/2026 18:30:02.82 ==== 
[gate] 2026-08-04T22:30:03.495440+00:00  fire=False  -- no unserved obligation inside its 20-minute lead window
       GSV v TOR      T-90m   unserved cutoff 2026-08-05T00:30:00 (+120 min) 
[gate] skipping the base job
[base] skipped - no unserved obligation in its lead window 
[base] exit=0 
================================================================================================
PROSPECTIVE PAIR RUNNER  2026-08-04T22:30:04.379888+00:00  model=ridge_score_level_w2c1_v1 hash=5d295bb8b99cd34e
================================================================================================
base records in official chain: 23
  late_prevented #0 ATL v SEA @ T-8h                cutoff 2026-07-31T15:35:00+00:00 already passed at 2026-08-0
  late_prevented #1 WAS v DAL @ T-8h                cutoff 2026-07-31T15:35:00+00:00 already passed at 2026-08-0
  late_prevented #2 PDX v IND @ T-8h                cutoff 2026-07-31T18:06:00+00:00 already passed at 2026-08-0
  late_prevented #3 ATL v SEA @ T-30m               cutoff 2026-07-31T23:05:00+00:00 already passed at 2026-08-0
  late_prevented #4 WAS v DAL @ T-30m               cutoff 2026-07-31T23:05:00+00:00 already passed at 2026-08-0
  late_prevented #5 PDX v IND @ T-90m               cutoff 2026-08-01T00:36:00+00:00 already passed at 2026-08-0
  late_prevented #6 CHI v LVA @ T-90m               cutoff 2026-08-01T15:35:00+00:00 already passed at 2026-08-0
  late_prevented #7 PHX v NYL @ T-90m               cutoff 2026-08-01T17:34:00+00:00 already passed at 2026-08-0
  skip           #8 CHI v LVA @ unknown-tip         base record is an explicit no-forecast; nothing to pair
  skip           #9 PHX v NYL @ unknown-tip         base record is an explicit no-forecast; nothing to pair
  late_prevented #10 NYL v SEA @ T-8h               cutoff 2026-08-03T15:04:00+00:00 already passed at 2026-08-0
  late_prevented #11 ATL v LVA @ T-8h               cutoff 2026-08-03T15:14:00+00:00 already passed at 2026-08-0
  late_prevented #12 CHI v PHX @ T-8h               cutoff 2026-08-03T17:08:00+00:00 already passed at 2026-08-0
  already_logged #13 NYL v SEA @ T-90m              idempotent: pair exists
  already_logged #14 ATL v LVA @ T-90m              idempotent: pair exists
  already_logged #15 CHI v PHX @ T-90m              idempotent: pair exists
  already_logged #16 NYL v SEA @ T-90m              idempotent: pair exists
  already_logged #17 ATL v LVA @ T-90m              idempotent: pair exists
  already_logged #18 CHI v PHX @ T-90m              idempotent: pair exists
  late_prevented #19 NYL v SEA @ T-30m              cutoff 2026-08-03T22:34:00+00:00 already passed at 2026-08-0
  late_prevented #20 ATL v LVA @ T-30m              cutoff 2026-08-03T22:44:00+00:00 already passed at 2026-08-0
  already_logged #21 CHI v PHX @ T-90m              idempotent: pair exists
  already_logged #22 GSV v TOR @ T-8h               idempotent: pair exists

  already_logged=8, late_prevented=13, skip=2
  arm chain: ok=True n=4 tip=71ebddc3ba3a9c91
  receipt appended to prospective_pair_runs.jsonl
[arm] exit=0 
====================================================================================================
FORECAST COVERAGE AUDIT   generated 2026-08-04T22:30:05.328903+00:00
====================================================================================================

CUMULATIVE by classification
  missing_job_did_not_run      26
  not_yet_due                  22
  before_period_start          15
  forecast_logged              15
  missing_data_unavailable     4
  late_record                  2

  obligations 84 | due 47 | served 15 | coverage 31.9%
  operational misses 26 | unexplained 0
  PROMOTION-GRADE: NO   (needs >= 95% served, <= 0 operational misses, all explained)

DAILY
  date         oblig  served     due     excl    opmiss arm_recs
  2026-07-30      12       0       0       12         0        0
  2026-07-31      12       6       9        3         0        0
  2026-08-01       8       2       8        0         6        0
  2026-08-02      16       0      16        0        16        0
  2026-08-03      12       6      12        0         3        3
  2026-08-04       4       1       2        2         1        1
  2026-08-05      16       0       0       16         0        0
  2026-08-06       4       0       0        4         0        0

EVERY MISSING OR IRREGULAR OBLIGATION (each must carry an explanation)
  2026-07-31 ATL v SEA T-90m   missing_data_unavailable   job served 1 other game(s) on 2026-07-31 at T-90m
  2026-07-31 WAS v DAL T-90m   missing_data_unavailable   job served 1 other game(s) on 2026-07-31 at T-90m
  2026-07-31 PDX v IND T-30m   missing_data_unavailable   job served 2 other game(s) on 2026-07-31 at T-30m
  2026-08-01 CHI v LVA T-24h   missing_job_did_not_run    no base record for ANY game on 2026-08-01 at T-24h
  2026-08-01 CHI v LVA T-8h    missing_job_did_not_run    no base record for ANY game on 2026-08-01 at T-8h
  2026-08-01 CHI v LVA T-30m   missing_job_did_not_run    no base record for ANY game on 2026-08-01 at T-30m
  2026-08-01 PHX v NYL T-24h   missing_job_did_not_run    no base record for ANY game on 2026-08-01 at T-24h
  2026-08-01 PHX v NYL T-8h    missing_job_did_not_run    no base record for ANY game on 2026-08-01 at T-8h
  2026-08-01 PHX v NYL T-30m   missing_job_did_not_run    no base record for ANY game on 2026-08-01 at T-30m
  2026-08-02 DAL v CON T-24h   missing_job_did_not_run    no base record for ANY game on 2026-08-02 at T-24h
  2026-08-02 DAL v CON T-8h    missing_job_did_not_run    no base record for ANY game on 2026-08-02 at T-8h
  2026-08-02 DAL v CON T-90m   missing_job_did_not_run    no base record for ANY game on 2026-08-02 at T-90m
  2026-08-02 DAL v CON T-30m   missing_job_did_not_run    no base record for ANY game on 2026-08-02 at T-30m
  2026-08-02 GSV v TOR T-24h   missing_job_did_not_run    no base record for ANY game on 2026-08-02 at T-24h
  2026-08-02 GSV v TOR T-8h    missing_job_did_not_run    no base record for ANY game on 2026-08-02 at T-8h
  2026-08-02 GSV v TOR T-90m   missing_job_did_not_run    no base record for ANY game on 2026-08-02 at T-90m
  2026-08-02 GSV v TOR T-30m   missing_job_did_not_run    no base record for ANY game on 2026-08-02 at T-30m
  2026-08-02 MIN v IND T-24h   missing_job_did_not_run    no base record for ANY game on 2026-08-02 at T-24h
  2026-08-02 MIN v IND T-8h    missing_job_did_not_run    no base record for ANY game on 2026-08-02 at T-8h
  2026-08-02 MIN v IND T-90m   missing_job_did_not_run    no base record for ANY game on 2026-08-02 at T-90m
  2026-08-02 MIN v IND T-30m   missing_job_did_not_run    no base record for ANY game on 2026-08-02 at T-30m
  2026-08-02 PDX v LAS T-24h   missing_job_did_not_run    no base record for ANY game on 2026-08-02 at T-24h
  2026-08-02 PDX v LAS T-8h    missing_job_did_not_run    no base record for ANY game on 2026-08-02 at T-8h
  2026-08-02 PDX v LAS T-90m   missing_job_did_not_run    no base record for ANY game on 2026-08-02 at T-90m
  2026-08-02 PDX v LAS T-30m   missing_job_did_not_run    no base record for ANY game on 2026-08-02 at T-30m
  2026-08-03 NYL v SEA T-24h   missing_job_did_not_run    no base record for ANY game on 2026-08-03 at T-24h
  2026-08-03 NYL v SEA T-30m   late_record                created 2026-08-03T22:45:08.958486+00:00 after cutoff
  2026-08-03 ATL v LVA T-24h   missing_job_did_not_run    no base record for ANY game on 2026-08-03 at T-24h
  2026-08-03 ATL v LVA T-30m   late_record                created 2026-08-03T22:45:08.976775+00:00 after cutoff
  2026-08-03 CHI v PHX T-24h   missing_job_did_not_run    no base record for ANY game on 2026-08-03 at T-24h
  2026-08-03 CHI v PHX T-30m   missing_data_unavailable   job served 2 other game(s) on 2026-08-03 at T-30m
  2026-08-04 GSV v TOR T-24h   missing_job_did_not_run    no base record for ANY game on 2026-08-04 at T-24h

wrote forecasts/coverage_audit.csv and forecasts/coverage_receipt.json
[audit] exit=0 
==== Tue 08/04/2026 18:45:02.72 ==== 
[gate] 2026-08-04T22:45:05.609516+00:00  fire=False  -- no unserved obligation inside its 20-minute lead window
       GSV v TOR      T-90m   unserved cutoff 2026-08-05T00:30:00 (+105 min) 
[gate] skipping the base job
[base] skipped - no unserved obligation in its lead window 
[base] exit=0 
================================================================================================
PROSPECTIVE PAIR RUNNER  2026-08-04T22:45:07.576624+00:00  model=ridge_score_level_w2c1_v1 hash=5d295bb8b99cd34e
================================================================================================
base records in official chain: 24
  late_prevented #0 ATL v SEA @ T-8h                cutoff 2026-07-31T15:35:00+00:00 already passed at 2026-08-0
  late_prevented #1 WAS v DAL @ T-8h                cutoff 2026-07-31T15:35:00+00:00 already passed at 2026-08-0
  late_prevented #2 PDX v IND @ T-8h                cutoff 2026-07-31T18:06:00+00:00 already passed at 2026-08-0
  late_prevented #3 ATL v SEA @ T-30m               cutoff 2026-07-31T23:05:00+00:00 already passed at 2026-08-0
  late_prevented #4 WAS v DAL @ T-30m               cutoff 2026-07-31T23:05:00+00:00 already passed at 2026-08-0
  late_prevented #5 PDX v IND @ T-90m               cutoff 2026-08-01T00:36:00+00:00 already passed at 2026-08-0
  late_prevented #6 CHI v LVA @ T-90m               cutoff 2026-08-01T15:35:00+00:00 already passed at 2026-08-0
  late_prevented #7 PHX v NYL @ T-90m               cutoff 2026-08-01T17:34:00+00:00 already passed at 2026-08-0
  skip           #8 CHI v LVA @ unknown-tip         base record is an explicit no-forecast; nothing to pair
  skip           #9 PHX v NYL @ unknown-tip         base record is an explicit no-forecast; nothing to pair
  late_prevented #10 NYL v SEA @ T-8h               cutoff 2026-08-03T15:04:00+00:00 already passed at 2026-08-0
  late_prevented #11 ATL v LVA @ T-8h               cutoff 2026-08-03T15:14:00+00:00 already passed at 2026-08-0
  late_prevented #12 CHI v PHX @ T-8h               cutoff 2026-08-03T17:08:00+00:00 already passed at 2026-08-0
  already_logged #13 NYL v SEA @ T-90m              idempotent: pair exists
  already_logged #14 ATL v LVA @ T-90m              idempotent: pair exists
  already_logged #15 CHI v PHX @ T-90m              idempotent: pair exists
  already_logged #16 NYL v SEA @ T-90m              idempotent: pair exists
  already_logged #17 ATL v LVA @ T-90m              idempotent: pair exists
  already_logged #18 CHI v PHX @ T-90m              idempotent: pair exists
  late_prevented #19 NYL v SEA @ T-30m              cutoff 2026-08-03T22:34:00+00:00 already passed at 2026-08-0
  late_prevented #20 ATL v LVA @ T-30m              cutoff 2026-08-03T22:44:00+00:00 already passed at 2026-08-0
  already_logged #21 CHI v PHX @ T-90m              idempotent: pair exists
  already_logged #22 GSV v TOR @ T-8h               idempotent: pair exists
  forecast       #23 GSV v TOR @ T-90m                home 89.7 away 77.1 margin +12.61 total 166.9

  already_logged=8, forecast=1, late_prevented=13, skip=2
  arm chain: ok=True n=5 tip=d2ffd82319ef936b
  receipt appended to prospective_pair_runs.jsonl
[arm] exit=0 
====================================================================================================
FORECAST COVERAGE AUDIT   generated 2026-08-04T22:45:08.666916+00:00
====================================================================================================

CUMULATIVE by classification
  missing_job_did_not_run      26
  not_yet_due                  21
  forecast_logged              16
  before_period_start          15
  missing_data_unavailable     4
  late_record                  2

  obligations 84 | due 48 | served 16 | coverage 33.3%
  operational misses 26 | unexplained 0
  PROMOTION-GRADE: NO   (needs >= 95% served, <= 0 operational misses, all explained)

DAILY
  date         oblig  served     due     excl    opmiss arm_recs
  2026-07-30      12       0       0       12         0        0
  2026-07-31      12       6       9        3         0        0
  2026-08-01       8       2       8        0         6        0
  2026-08-02      16       0      16        0        16        0
  2026-08-03      12       6      12        0         3        3
  2026-08-04       4       2       3        1         1        2
  2026-08-05      16       0       0       16         0        0
  2026-08-06       4       0       0        4         0        0

EVERY MISSING OR IRREGULAR OBLIGATION (each must carry an explanation)
  2026-07-31 ATL v SEA T-90m   missing_data_unavailable   job served 1 other game(s) on 2026-07-31 at T-90m
  2026-07-31 WAS v DAL T-90m   missing_data_unavailable   job served 1 other game(s) on 2026-07-31 at T-90m
  2026-07-31 PDX v IND T-30m   missing_data_unavailable   job served 2 other game(s) on 2026-07-31 at T-30m
  2026-08-01 CHI v LVA T-24h   missing_job_did_not_run    no base record for ANY game on 2026-08-01 at T-24h
  2026-08-01 CHI v LVA T-8h    missing_job_did_not_run    no base record for ANY game on 2026-08-01 at T-8h
  2026-08-01 CHI v LVA T-30m   missing_job_did_not_run    no base record for ANY game on 2026-08-01 at T-30m
  2026-08-01 PHX v NYL T-24h   missing_job_did_not_run    no base record for ANY game on 2026-08-01 at T-24h
  2026-08-01 PHX v NYL T-8h    missing_job_did_not_run    no base record for ANY game on 2026-08-01 at T-8h
  2026-08-01 PHX v NYL T-30m   missing_job_did_not_run    no base record for ANY game on 2026-08-01 at T-30m
  2026-08-02 DAL v CON T-24h   missing_job_did_not_run    no base record for ANY game on 2026-08-02 at T-24h
  2026-08-02 DAL v CON T-8h    missing_job_did_not_run    no base record for ANY game on 2026-08-02 at T-8h
  2026-08-02 DAL v CON T-90m   missing_job_did_not_run    no base record for ANY game on 2026-08-02 at T-90m
  2026-08-02 DAL v CON T-30m   missing_job_did_not_run    no base record for ANY game on 2026-08-02 at T-30m
  2026-08-02 GSV v TOR T-24h   missing_job_did_not_run    no base record for ANY game on 2026-08-02 at T-24h
  2026-08-02 GSV v TOR T-8h    missing_job_did_not_run    no base record for ANY game on 2026-08-02 at T-8h
  2026-08-02 GSV v TOR T-90m   missing_job_did_not_run    no base record for ANY game on 2026-08-02 at T-90m
  2026-08-02 GSV v TOR T-30m   missing_job_did_not_run    no base record for ANY game on 2026-08-02 at T-30m
  2026-08-02 MIN v IND T-24h   missing_job_did_not_run    no base record for ANY game on 2026-08-02 at T-24h
  2026-08-02 MIN v IND T-8h    missing_job_did_not_run    no base record for ANY game on 2026-08-02 at T-8h
  2026-08-02 MIN v IND T-90m   missing_job_did_not_run    no base record for ANY game on 2026-08-02 at T-90m
  2026-08-02 MIN v IND T-30m   missing_job_did_not_run    no base record for ANY game on 2026-08-02 at T-30m
  2026-08-02 PDX v LAS T-24h   missing_job_did_not_run    no base record for ANY game on 2026-08-02 at T-24h
  2026-08-02 PDX v LAS T-8h    missing_job_did_not_run    no base record for ANY game on 2026-08-02 at T-8h
  2026-08-02 PDX v LAS T-90m   missing_job_did_not_run    no base record for ANY game on 2026-08-02 at T-90m
  2026-08-02 PDX v LAS T-30m   missing_job_did_not_run    no base record for ANY game on 2026-08-02 at T-30m
  2026-08-03 NYL v SEA T-24h   missing_job_did_not_run    no base record for ANY game on 2026-08-03 at T-24h
  2026-08-03 NYL v SEA T-30m   late_record                created 2026-08-03T22:45:08.958486+00:00 after cutoff
  2026-08-03 ATL v LVA T-24h   missing_job_did_not_run    no base record for ANY game on 2026-08-03 at T-24h
  2026-08-03 ATL v LVA T-30m   late_record                created 2026-08-03T22:45:08.976775+00:00 after cutoff
  2026-08-03 CHI v PHX T-24h   missing_job_did_not_run    no base record for ANY game on 2026-08-03 at T-24h
  2026-08-03 CHI v PHX T-30m   missing_data_unavailable   job served 2 other game(s) on 2026-08-03 at T-30m
  2026-08-04 GSV v TOR T-24h   missing_job_did_not_run    no base record for ANY game on 2026-08-04 at T-24h

wrote forecasts/coverage_audit.csv and forecasts/coverage_receipt.json
[audit] exit=0 
==== Tue 08/04/2026 19:00:02.82 ==== 
[gate] 2026-08-04T23:00:05.859584+00:00  fire=False  -- would duplicate 1 already-served obligation(s); the base job cannot be scoped to one game
       GSV v TOR      T-90m   SERVED   cutoff 2026-08-05T00:30:00 (+90 min) 
[gate] HOLDING: firing now would append 1 permanent duplicate record(s) to an append-only chain. A missed obligation is recoverable; a duplicate is not.
[gate] skipping the base job
[base] skipped - no unserved obligation in its lead window 
[base] exit=0 
================================================================================================
PROSPECTIVE PAIR RUNNER  2026-08-04T23:00:08.100048+00:00  model=ridge_score_level_w2c1_v1 hash=5d295bb8b99cd34e
================================================================================================
base records in official chain: 24
  late_prevented #0 ATL v SEA @ T-8h                cutoff 2026-07-31T15:35:00+00:00 already passed at 2026-08-0
  late_prevented #1 WAS v DAL @ T-8h                cutoff 2026-07-31T15:35:00+00:00 already passed at 2026-08-0
  late_prevented #2 PDX v IND @ T-8h                cutoff 2026-07-31T18:06:00+00:00 already passed at 2026-08-0
  late_prevented #3 ATL v SEA @ T-30m               cutoff 2026-07-31T23:05:00+00:00 already passed at 2026-08-0
  late_prevented #4 WAS v DAL @ T-30m               cutoff 2026-07-31T23:05:00+00:00 already passed at 2026-08-0
  late_prevented #5 PDX v IND @ T-90m               cutoff 2026-08-01T00:36:00+00:00 already passed at 2026-08-0
  late_prevented #6 CHI v LVA @ T-90m               cutoff 2026-08-01T15:35:00+00:00 already passed at 2026-08-0
  late_prevented #7 PHX v NYL @ T-90m               cutoff 2026-08-01T17:34:00+00:00 already passed at 2026-08-0
  skip           #8 CHI v LVA @ unknown-tip         base record is an explicit no-forecast; nothing to pair
  skip           #9 PHX v NYL @ unknown-tip         base record is an explicit no-forecast; nothing to pair
  late_prevented #10 NYL v SEA @ T-8h               cutoff 2026-08-03T15:04:00+00:00 already passed at 2026-08-0
  late_prevented #11 ATL v LVA @ T-8h               cutoff 2026-08-03T15:14:00+00:00 already passed at 2026-08-0
  late_prevented #12 CHI v PHX @ T-8h               cutoff 2026-08-03T17:08:00+00:00 already passed at 2026-08-0
  already_logged #13 NYL v SEA @ T-90m              idempotent: pair exists
  already_logged #14 ATL v LVA @ T-90m              idempotent: pair exists
  already_logged #15 CHI v PHX @ T-90m              idempotent: pair exists
  already_logged #16 NYL v SEA @ T-90m              idempotent: pair exists
  already_logged #17 ATL v LVA @ T-90m              idempotent: pair exists
  already_logged #18 CHI v PHX @ T-90m              idempotent: pair exists
  late_prevented #19 NYL v SEA @ T-30m              cutoff 2026-08-03T22:34:00+00:00 already passed at 2026-08-0
  late_prevented #20 ATL v LVA @ T-30m              cutoff 2026-08-03T22:44:00+00:00 already passed at 2026-08-0
  already_logged #21 CHI v PHX @ T-90m              idempotent: pair exists
  already_logged #22 GSV v TOR @ T-8h               idempotent: pair exists
  already_logged #23 GSV v TOR @ T-90m              idempotent: pair exists

  already_logged=9, late_prevented=13, skip=2
  arm chain: ok=True n=5 tip=d2ffd82319ef936b
  receipt appended to prospective_pair_runs.jsonl
[arm] exit=0 
====================================================================================================
FORECAST COVERAGE AUDIT   generated 2026-08-04T23:00:09.059964+00:00
====================================================================================================

CUMULATIVE by classification
  missing_job_did_not_run      28
  not_yet_due                  19
  forecast_logged              16
  before_period_start          15
  missing_data_unavailable     4
  late_record                  2

  obligations 84 | due 50 | served 16 | coverage 32.0%
  operational misses 28 | unexplained 0
  PROMOTION-GRADE: NO   (needs >= 95% served, <= 0 operational misses, all explained)

DAILY
  date         oblig  served     due     excl    opmiss arm_recs
  2026-07-30      12       0       0       12         0        0
  2026-07-31      12       6       9        3         0        0
  2026-08-01       8       2       8        0         6        0
  2026-08-02      16       0      16        0        16        0
  2026-08-03      12       6      12        0         3        3
  2026-08-04       4       2       3        1         1        2
  2026-08-05      16       0       2       14         2        0
  2026-08-06       4       0       0        4         0        0

EVERY MISSING OR IRREGULAR OBLIGATION (each must carry an explanation)
  2026-07-31 ATL v SEA T-90m   missing_data_unavailable   job served 1 other game(s) on 2026-07-31 at T-90m
  2026-07-31 WAS v DAL T-90m   missing_data_unavailable   job served 1 other game(s) on 2026-07-31 at T-90m
  2026-07-31 PDX v IND T-30m   missing_data_unavailable   job served 2 other game(s) on 2026-07-31 at T-30m
  2026-08-01 CHI v LVA T-24h   missing_job_did_not_run    no base record for ANY game on 2026-08-01 at T-24h
  2026-08-01 CHI v LVA T-8h    missing_job_did_not_run    no base record for ANY game on 2026-08-01 at T-8h
  2026-08-01 CHI v LVA T-30m   missing_job_did_not_run    no base record for ANY game on 2026-08-01 at T-30m
  2026-08-01 PHX v NYL T-24h   missing_job_did_not_run    no base record for ANY game on 2026-08-01 at T-24h
  2026-08-01 PHX v NYL T-8h    missing_job_did_not_run    no base record for ANY game on 2026-08-01 at T-8h
  2026-08-01 PHX v NYL T-30m   missing_job_did_not_run    no base record for ANY game on 2026-08-01 at T-30m
  2026-08-02 DAL v CON T-24h   missing_job_did_not_run    no base record for ANY game on 2026-08-02 at T-24h
  2026-08-02 DAL v CON T-8h    missing_job_did_not_run    no base record for ANY game on 2026-08-02 at T-8h
  2026-08-02 DAL v CON T-90m   missing_job_did_not_run    no base record for ANY game on 2026-08-02 at T-90m
  2026-08-02 DAL v CON T-30m   missing_job_did_not_run    no base record for ANY game on 2026-08-02 at T-30m
  2026-08-02 GSV v TOR T-24h   missing_job_did_not_run    no base record for ANY game on 2026-08-02 at T-24h
  2026-08-02 GSV v TOR T-8h    missing_job_did_not_run    no base record for ANY game on 2026-08-02 at T-8h
  2026-08-02 GSV v TOR T-90m   missing_job_did_not_run    no base record for ANY game on 2026-08-02 at T-90m
  2026-08-02 GSV v TOR T-30m   missing_job_did_not_run    no base record for ANY game on 2026-08-02 at T-30m
  2026-08-02 MIN v IND T-24h   missing_job_did_not_run    no base record for ANY game on 2026-08-02 at T-24h
  2026-08-02 MIN v IND T-8h    missing_job_did_not_run    no base record for ANY game on 2026-08-02 at T-8h
  2026-08-02 MIN v IND T-90m   missing_job_did_not_run    no base record for ANY game on 2026-08-02 at T-90m
  2026-08-02 MIN v IND T-30m   missing_job_did_not_run    no base record for ANY game on 2026-08-02 at T-30m
  2026-08-02 PDX v LAS T-24h   missing_job_did_not_run    no base record for ANY game on 2026-08-02 at T-24h
  2026-08-02 PDX v LAS T-8h    missing_job_did_not_run    no base record for ANY game on 2026-08-02 at T-8h
  2026-08-02 PDX v LAS T-90m   missing_job_did_not_run    no base record for ANY game on 2026-08-02 at T-90m
  2026-08-02 PDX v LAS T-30m   missing_job_did_not_run    no base record for ANY game on 2026-08-02 at T-30m
  2026-08-03 NYL v SEA T-24h   missing_job_did_not_run    no base record for ANY game on 2026-08-03 at T-24h
  2026-08-03 NYL v SEA T-30m   late_record                created 2026-08-03T22:45:08.958486+00:00 after cutoff
  2026-08-03 ATL v LVA T-24h   missing_job_did_not_run    no base record for ANY game on 2026-08-03 at T-24h
  2026-08-03 ATL v LVA T-30m   late_record                created 2026-08-03T22:45:08.976775+00:00 after cutoff
  2026-08-03 CHI v PHX T-24h   missing_job_did_not_run    no base record for ANY game on 2026-08-03 at T-24h
  2026-08-03 CHI v PHX T-30m   missing_data_unavailable   job served 2 other game(s) on 2026-08-03 at T-30m
  2026-08-04 GSV v TOR T-24h   missing_job_did_not_run    no base record for ANY game on 2026-08-04 at T-24h
  2026-08-05 NYL v SEA T-24h   missing_job_did_not_run    no base record for ANY game on 2026-08-05 at T-24h
  2026-08-05 ATL v PHX T-24h   missing_job_did_not_run    no base record for ANY game on 2026-08-05 at T-24h

wrote forecasts/coverage_audit.csv and forecasts/coverage_receipt.json
[audit] exit=0 
==== Tue 08/04/2026 19:15:03.36 ==== 
[gate] 2026-08-04T23:15:06.998820+00:00  fire=False  -- would duplicate 1 already-served obligation(s); the base job cannot be scoped to one game
       GSV v TOR      T-90m   SERVED   cutoff 2026-08-05T00:30:00 (+75 min) 
[gate] HOLDING: firing now would append 1 permanent duplicate record(s) to an append-only chain. A missed obligation is recoverable; a duplicate is not.
[gate] skipping the base job
[base] skipped - no unserved obligation in its lead window 
[base] exit=0 
================================================================================================
PROSPECTIVE PAIR RUNNER  2026-08-04T23:15:09.266143+00:00  model=ridge_score_level_w2c1_v1 hash=5d295bb8b99cd34e
================================================================================================
base records in official chain: 24
  late_prevented #0 ATL v SEA @ T-8h                cutoff 2026-07-31T15:35:00+00:00 already passed at 2026-08-0
  late_prevented #1 WAS v DAL @ T-8h                cutoff 2026-07-31T15:35:00+00:00 already passed at 2026-08-0
  late_prevented #2 PDX v IND @ T-8h                cutoff 2026-07-31T18:06:00+00:00 already passed at 2026-08-0
  late_prevented #3 ATL v SEA @ T-30m               cutoff 2026-07-31T23:05:00+00:00 already passed at 2026-08-0
  late_prevented #4 WAS v DAL @ T-30m               cutoff 2026-07-31T23:05:00+00:00 already passed at 2026-08-0
  late_prevented #5 PDX v IND @ T-90m               cutoff 2026-08-01T00:36:00+00:00 already passed at 2026-08-0
  late_prevented #6 CHI v LVA @ T-90m               cutoff 2026-08-01T15:35:00+00:00 already passed at 2026-08-0
  late_prevented #7 PHX v NYL @ T-90m               cutoff 2026-08-01T17:34:00+00:00 already passed at 2026-08-0
  skip           #8 CHI v LVA @ unknown-tip         base record is an explicit no-forecast; nothing to pair
  skip           #9 PHX v NYL @ unknown-tip         base record is an explicit no-forecast; nothing to pair
  late_prevented #10 NYL v SEA @ T-8h               cutoff 2026-08-03T15:04:00+00:00 already passed at 2026-08-0
  late_prevented #11 ATL v LVA @ T-8h               cutoff 2026-08-03T15:14:00+00:00 already passed at 2026-08-0
  late_prevented #12 CHI v PHX @ T-8h               cutoff 2026-08-03T17:08:00+00:00 already passed at 2026-08-0
  already_logged #13 NYL v SEA @ T-90m              idempotent: pair exists
  already_logged #14 ATL v LVA @ T-90m              idempotent: pair exists
  already_logged #15 CHI v PHX @ T-90m              idempotent: pair exists
  already_logged #16 NYL v SEA @ T-90m              idempotent: pair exists
  already_logged #17 ATL v LVA @ T-90m              idempotent: pair exists
  already_logged #18 CHI v PHX @ T-90m              idempotent: pair exists
  late_prevented #19 NYL v SEA @ T-30m              cutoff 2026-08-03T22:34:00+00:00 already passed at 2026-08-0
  late_prevented #20 ATL v LVA @ T-30m              cutoff 2026-08-03T22:44:00+00:00 already passed at 2026-08-0
  already_logged #21 CHI v PHX @ T-90m              idempotent: pair exists
  already_logged #22 GSV v TOR @ T-8h               idempotent: pair exists
  already_logged #23 GSV v TOR @ T-90m              idempotent: pair exists

  already_logged=9, late_prevented=13, skip=2
  arm chain: ok=True n=5 tip=d2ffd82319ef936b
  receipt appended to prospective_pair_runs.jsonl
[arm] exit=0 
====================================================================================================
FORECAST COVERAGE AUDIT   generated 2026-08-04T23:15:10.226924+00:00
====================================================================================================

CUMULATIVE by classification
  missing_job_did_not_run      28
  not_yet_due                  19
  forecast_logged              16
  before_period_start          15
  missing_data_unavailable     4
  late_record                  2

  obligations 84 | due 50 | served 16 | coverage 32.0%
  operational misses 28 | unexplained 0
  PROMOTION-GRADE: NO   (needs >= 95% served, <= 0 operational misses, all explained)

DAILY
  date         oblig  served     due     excl    opmiss arm_recs
  2026-07-30      12       0       0       12         0        0
  2026-07-31      12       6       9        3         0        0
  2026-08-01       8       2       8        0         6        0
  2026-08-02      16       0      16        0        16        0
  2026-08-03      12       6      12        0         3        3
  2026-08-04       4       2       3        1         1        2
  2026-08-05      16       0       2       14         2        0
  2026-08-06       4       0       0        4         0        0

EVERY MISSING OR IRREGULAR OBLIGATION (each must carry an explanation)
  2026-07-31 ATL v SEA T-90m   missing_data_unavailable   job served 1 other game(s) on 2026-07-31 at T-90m
  2026-07-31 WAS v DAL T-90m   missing_data_unavailable   job served 1 other game(s) on 2026-07-31 at T-90m
  2026-07-31 PDX v IND T-30m   missing_data_unavailable   job served 2 other game(s) on 2026-07-31 at T-30m
  2026-08-01 CHI v LVA T-24h   missing_job_did_not_run    no base record for ANY game on 2026-08-01 at T-24h
  2026-08-01 CHI v LVA T-8h    missing_job_did_not_run    no base record for ANY game on 2026-08-01 at T-8h
  2026-08-01 CHI v LVA T-30m   missing_job_did_not_run    no base record for ANY game on 2026-08-01 at T-30m
  2026-08-01 PHX v NYL T-24h   missing_job_did_not_run    no base record for ANY game on 2026-08-01 at T-24h
  2026-08-01 PHX v NYL T-8h    missing_job_did_not_run    no base record for ANY game on 2026-08-01 at T-8h
  2026-08-01 PHX v NYL T-30m   missing_job_did_not_run    no base record for ANY game on 2026-08-01 at T-30m
  2026-08-02 DAL v CON T-24h   missing_job_did_not_run    no base record for ANY game on 2026-08-02 at T-24h
  2026-08-02 DAL v CON T-8h    missing_job_did_not_run    no base record for ANY game on 2026-08-02 at T-8h
  2026-08-02 DAL v CON T-90m   missing_job_did_not_run    no base record for ANY game on 2026-08-02 at T-90m
  2026-08-02 DAL v CON T-30m   missing_job_did_not_run    no base record for ANY game on 2026-08-02 at T-30m
  2026-08-02 GSV v TOR T-24h   missing_job_did_not_run    no base record for ANY game on 2026-08-02 at T-24h
  2026-08-02 GSV v TOR T-8h    missing_job_did_not_run    no base record for ANY game on 2026-08-02 at T-8h
  2026-08-02 GSV v TOR T-90m   missing_job_did_not_run    no base record for ANY game on 2026-08-02 at T-90m
  2026-08-02 GSV v TOR T-30m   missing_job_did_not_run    no base record for ANY game on 2026-08-02 at T-30m
  2026-08-02 MIN v IND T-24h   missing_job_did_not_run    no base record for ANY game on 2026-08-02 at T-24h
  2026-08-02 MIN v IND T-8h    missing_job_did_not_run    no base record for ANY game on 2026-08-02 at T-8h
  2026-08-02 MIN v IND T-90m   missing_job_did_not_run    no base record for ANY game on 2026-08-02 at T-90m
  2026-08-02 MIN v IND T-30m   missing_job_did_not_run    no base record for ANY game on 2026-08-02 at T-30m
  2026-08-02 PDX v LAS T-24h   missing_job_did_not_run    no base record for ANY game on 2026-08-02 at T-24h
  2026-08-02 PDX v LAS T-8h    missing_job_did_not_run    no base record for ANY game on 2026-08-02 at T-8h
  2026-08-02 PDX v LAS T-90m   missing_job_did_not_run    no base record for ANY game on 2026-08-02 at T-90m
  2026-08-02 PDX v LAS T-30m   missing_job_did_not_run    no base record for ANY game on 2026-08-02 at T-30m
  2026-08-03 NYL v SEA T-24h   missing_job_did_not_run    no base record for ANY game on 2026-08-03 at T-24h
  2026-08-03 NYL v SEA T-30m   late_record                created 2026-08-03T22:45:08.958486+00:00 after cutoff
  2026-08-03 ATL v LVA T-24h   missing_job_did_not_run    no base record for ANY game on 2026-08-03 at T-24h
  2026-08-03 ATL v LVA T-30m   late_record                created 2026-08-03T22:45:08.976775+00:00 after cutoff
  2026-08-03 CHI v PHX T-24h   missing_job_did_not_run    no base record for ANY game on 2026-08-03 at T-24h
  2026-08-03 CHI v PHX T-30m   missing_data_unavailable   job served 2 other game(s) on 2026-08-03 at T-30m
  2026-08-04 GSV v TOR T-24h   missing_job_did_not_run    no base record for ANY game on 2026-08-04 at T-24h
  2026-08-05 NYL v SEA T-24h   missing_job_did_not_run    no base record for ANY game on 2026-08-05 at T-24h
  2026-08-05 ATL v PHX T-24h   missing_job_did_not_run    no base record for ANY game on 2026-08-05 at T-24h

wrote forecasts/coverage_audit.csv and forecasts/coverage_receipt.json
[audit] exit=0 
==== Tue 08/04/2026 19:30:03.40 ==== 
[gate] 2026-08-04T23:30:06.695940+00:00  fire=False  -- would duplicate 1 already-served obligation(s); the base job cannot be scoped to one game
       GSV v TOR      T-90m   SERVED   cutoff 2026-08-05T00:30:00 (+60 min) 
[gate] HOLDING: firing now would append 1 permanent duplicate record(s) to an append-only chain. A missed obligation is recoverable; a duplicate is not.
[gate] skipping the base job
[base] skipped - no unserved obligation in its lead window 
[base] exit=0 
================================================================================================
PROSPECTIVE PAIR RUNNER  2026-08-04T23:30:08.992553+00:00  model=ridge_score_level_w2c1_v1 hash=5d295bb8b99cd34e
================================================================================================
base records in official chain: 24
  late_prevented #0 ATL v SEA @ T-8h                cutoff 2026-07-31T15:35:00+00:00 already passed at 2026-08-0
  late_prevented #1 WAS v DAL @ T-8h                cutoff 2026-07-31T15:35:00+00:00 already passed at 2026-08-0
  late_prevented #2 PDX v IND @ T-8h                cutoff 2026-07-31T18:06:00+00:00 already passed at 2026-08-0
  late_prevented #3 ATL v SEA @ T-30m               cutoff 2026-07-31T23:05:00+00:00 already passed at 2026-08-0
  late_prevented #4 WAS v DAL @ T-30m               cutoff 2026-07-31T23:05:00+00:00 already passed at 2026-08-0
  late_prevented #5 PDX v IND @ T-90m               cutoff 2026-08-01T00:36:00+00:00 already passed at 2026-08-0
  late_prevented #6 CHI v LVA @ T-90m               cutoff 2026-08-01T15:35:00+00:00 already passed at 2026-08-0
  late_prevented #7 PHX v NYL @ T-90m               cutoff 2026-08-01T17:34:00+00:00 already passed at 2026-08-0
  skip           #8 CHI v LVA @ unknown-tip         base record is an explicit no-forecast; nothing to pair
  skip           #9 PHX v NYL @ unknown-tip         base record is an explicit no-forecast; nothing to pair
  late_prevented #10 NYL v SEA @ T-8h               cutoff 2026-08-03T15:04:00+00:00 already passed at 2026-08-0
  late_prevented #11 ATL v LVA @ T-8h               cutoff 2026-08-03T15:14:00+00:00 already passed at 2026-08-0
  late_prevented #12 CHI v PHX @ T-8h               cutoff 2026-08-03T17:08:00+00:00 already passed at 2026-08-0
  already_logged #13 NYL v SEA @ T-90m              idempotent: pair exists
  already_logged #14 ATL v LVA @ T-90m              idempotent: pair exists
  already_logged #15 CHI v PHX @ T-90m              idempotent: pair exists
  already_logged #16 NYL v SEA @ T-90m              idempotent: pair exists
  already_logged #17 ATL v LVA @ T-90m              idempotent: pair exists
  already_logged #18 CHI v PHX @ T-90m              idempotent: pair exists
  late_prevented #19 NYL v SEA @ T-30m              cutoff 2026-08-03T22:34:00+00:00 already passed at 2026-08-0
  late_prevented #20 ATL v LVA @ T-30m              cutoff 2026-08-03T22:44:00+00:00 already passed at 2026-08-0
  already_logged #21 CHI v PHX @ T-90m              idempotent: pair exists
  already_logged #22 GSV v TOR @ T-8h               idempotent: pair exists
  already_logged #23 GSV v TOR @ T-90m              idempotent: pair exists

  already_logged=9, late_prevented=13, skip=2
  arm chain: ok=True n=5 tip=d2ffd82319ef936b
  receipt appended to prospective_pair_runs.jsonl
[arm] exit=0 
====================================================================================================
FORECAST COVERAGE AUDIT   generated 2026-08-04T23:30:09.942882+00:00
====================================================================================================

CUMULATIVE by classification
  missing_job_did_not_run      29
  not_yet_due                  18
  forecast_logged              16
  before_period_start          15
  missing_data_unavailable     4
  late_record                  2

  obligations 84 | due 51 | served 16 | coverage 31.4%
  operational misses 29 | unexplained 0
  PROMOTION-GRADE: NO   (needs >= 95% served, <= 0 operational misses, all explained)

DAILY
  date         oblig  served     due     excl    opmiss arm_recs
  2026-07-30      12       0       0       12         0        0
  2026-07-31      12       6       9        3         0        0
  2026-08-01       8       2       8        0         6        0
  2026-08-02      16       0      16        0        16        0
  2026-08-03      12       6      12        0         3        3
  2026-08-04       4       2       3        1         1        2
  2026-08-05      16       0       3       13         3        0
  2026-08-06       4       0       0        4         0        0

EVERY MISSING OR IRREGULAR OBLIGATION (each must carry an explanation)
  2026-07-31 ATL v SEA T-90m   missing_data_unavailable   job served 1 other game(s) on 2026-07-31 at T-90m
  2026-07-31 WAS v DAL T-90m   missing_data_unavailable   job served 1 other game(s) on 2026-07-31 at T-90m
  2026-07-31 PDX v IND T-30m   missing_data_unavailable   job served 2 other game(s) on 2026-07-31 at T-30m
  2026-08-01 CHI v LVA T-24h   missing_job_did_not_run    no base record for ANY game on 2026-08-01 at T-24h
  2026-08-01 CHI v LVA T-8h    missing_job_did_not_run    no base record for ANY game on 2026-08-01 at T-8h
  2026-08-01 CHI v LVA T-30m   missing_job_did_not_run    no base record for ANY game on 2026-08-01 at T-30m
  2026-08-01 PHX v NYL T-24h   missing_job_did_not_run    no base record for ANY game on 2026-08-01 at T-24h
  2026-08-01 PHX v NYL T-8h    missing_job_did_not_run    no base record for ANY game on 2026-08-01 at T-8h
  2026-08-01 PHX v NYL T-30m   missing_job_did_not_run    no base record for ANY game on 2026-08-01 at T-30m
  2026-08-02 DAL v CON T-24h   missing_job_did_not_run    no base record for ANY game on 2026-08-02 at T-24h
  2026-08-02 DAL v CON T-8h    missing_job_did_not_run    no base record for ANY game on 2026-08-02 at T-8h
  2026-08-02 DAL v CON T-90m   missing_job_did_not_run    no base record for ANY game on 2026-08-02 at T-90m
  2026-08-02 DAL v CON T-30m   missing_job_did_not_run    no base record for ANY game on 2026-08-02 at T-30m
  2026-08-02 GSV v TOR T-24h   missing_job_did_not_run    no base record for ANY game on 2026-08-02 at T-24h
  2026-08-02 GSV v TOR T-8h    missing_job_did_not_run    no base record for ANY game on 2026-08-02 at T-8h
  2026-08-02 GSV v TOR T-90m   missing_job_did_not_run    no base record for ANY game on 2026-08-02 at T-90m
  2026-08-02 GSV v TOR T-30m   missing_job_did_not_run    no base record for ANY game on 2026-08-02 at T-30m
  2026-08-02 MIN v IND T-24h   missing_job_did_not_run    no base record for ANY game on 2026-08-02 at T-24h
  2026-08-02 MIN v IND T-8h    missing_job_did_not_run    no base record for ANY game on 2026-08-02 at T-8h
  2026-08-02 MIN v IND T-90m   missing_job_did_not_run    no base record for ANY game on 2026-08-02 at T-90m
  2026-08-02 MIN v IND T-30m   missing_job_did_not_run    no base record for ANY game on 2026-08-02 at T-30m
  2026-08-02 PDX v LAS T-24h   missing_job_did_not_run    no base record for ANY game on 2026-08-02 at T-24h
  2026-08-02 PDX v LAS T-8h    missing_job_did_not_run    no base record for ANY game on 2026-08-02 at T-8h
  2026-08-02 PDX v LAS T-90m   missing_job_did_not_run    no base record for ANY game on 2026-08-02 at T-90m
  2026-08-02 PDX v LAS T-30m   missing_job_did_not_run    no base record for ANY game on 2026-08-02 at T-30m
  2026-08-03 NYL v SEA T-24h   missing_job_did_not_run    no base record for ANY game on 2026-08-03 at T-24h
  2026-08-03 NYL v SEA T-30m   late_record                created 2026-08-03T22:45:08.958486+00:00 after cutoff
  2026-08-03 ATL v LVA T-24h   missing_job_did_not_run    no base record for ANY game on 2026-08-03 at T-24h
  2026-08-03 ATL v LVA T-30m   late_record                created 2026-08-03T22:45:08.976775+00:00 after cutoff
  2026-08-03 CHI v PHX T-24h   missing_job_did_not_run    no base record for ANY game on 2026-08-03 at T-24h
  2026-08-03 CHI v PHX T-30m   missing_data_unavailable   job served 2 other game(s) on 2026-08-03 at T-30m
  2026-08-04 GSV v TOR T-24h   missing_job_did_not_run    no base record for ANY game on 2026-08-04 at T-24h
  2026-08-05 WAS v DAL T-24h   missing_job_did_not_run    no base record for ANY game on 2026-08-05 at T-24h
  2026-08-05 NYL v SEA T-24h   missing_job_did_not_run    no base record for ANY game on 2026-08-05 at T-24h
  2026-08-05 ATL v PHX T-24h   missing_job_did_not_run    no base record for ANY game on 2026-08-05 at T-24h

wrote forecasts/coverage_audit.csv and forecasts/coverage_receipt.json
[audit] exit=0 
==== Tue 08/04/2026 19:45:03.16 ==== 
[gate] 2026-08-04T23:45:06.824519+00:00  fire=False  -- would duplicate 1 already-served obligation(s); the base job cannot be scoped to one game
       GSV v TOR      T-90m   SERVED   cutoff 2026-08-05T00:30:00 (+45 min) 
[gate] HOLDING: firing now would append 1 permanent duplicate record(s) to an append-only chain. A missed obligation is recoverable; a duplicate is not.
[gate] skipping the base job
[base] skipped - no unserved obligation in its lead window 
[base] exit=0 
================================================================================================
PROSPECTIVE PAIR RUNNER  2026-08-04T23:45:09.119444+00:00  model=ridge_score_level_w2c1_v1 hash=5d295bb8b99cd34e
================================================================================================
base records in official chain: 24
  late_prevented #0 ATL v SEA @ T-8h                cutoff 2026-07-31T15:35:00+00:00 already passed at 2026-08-0
  late_prevented #1 WAS v DAL @ T-8h                cutoff 2026-07-31T15:35:00+00:00 already passed at 2026-08-0
  late_prevented #2 PDX v IND @ T-8h                cutoff 2026-07-31T18:06:00+00:00 already passed at 2026-08-0
  late_prevented #3 ATL v SEA @ T-30m               cutoff 2026-07-31T23:05:00+00:00 already passed at 2026-08-0
  late_prevented #4 WAS v DAL @ T-30m               cutoff 2026-07-31T23:05:00+00:00 already passed at 2026-08-0
  late_prevented #5 PDX v IND @ T-90m               cutoff 2026-08-01T00:36:00+00:00 already passed at 2026-08-0
  late_prevented #6 CHI v LVA @ T-90m               cutoff 2026-08-01T15:35:00+00:00 already passed at 2026-08-0
  late_prevented #7 PHX v NYL @ T-90m               cutoff 2026-08-01T17:34:00+00:00 already passed at 2026-08-0
  skip           #8 CHI v LVA @ unknown-tip         base record is an explicit no-forecast; nothing to pair
  skip           #9 PHX v NYL @ unknown-tip         base record is an explicit no-forecast; nothing to pair
  late_prevented #10 NYL v SEA @ T-8h               cutoff 2026-08-03T15:04:00+00:00 already passed at 2026-08-0
  late_prevented #11 ATL v LVA @ T-8h               cutoff 2026-08-03T15:14:00+00:00 already passed at 2026-08-0
  late_prevented #12 CHI v PHX @ T-8h               cutoff 2026-08-03T17:08:00+00:00 already passed at 2026-08-0
  already_logged #13 NYL v SEA @ T-90m              idempotent: pair exists
  already_logged #14 ATL v LVA @ T-90m              idempotent: pair exists
  already_logged #15 CHI v PHX @ T-90m              idempotent: pair exists
  already_logged #16 NYL v SEA @ T-90m              idempotent: pair exists
  already_logged #17 ATL v LVA @ T-90m              idempotent: pair exists
  already_logged #18 CHI v PHX @ T-90m              idempotent: pair exists
  late_prevented #19 NYL v SEA @ T-30m              cutoff 2026-08-03T22:34:00+00:00 already passed at 2026-08-0
  late_prevented #20 ATL v LVA @ T-30m              cutoff 2026-08-03T22:44:00+00:00 already passed at 2026-08-0
  already_logged #21 CHI v PHX @ T-90m              idempotent: pair exists
  already_logged #22 GSV v TOR @ T-8h               idempotent: pair exists
  already_logged #23 GSV v TOR @ T-90m              idempotent: pair exists

  already_logged=9, late_prevented=13, skip=2
  arm chain: ok=True n=5 tip=d2ffd82319ef936b
  receipt appended to prospective_pair_runs.jsonl
[arm] exit=0 
====================================================================================================
FORECAST COVERAGE AUDIT   generated 2026-08-04T23:45:10.079628+00:00
====================================================================================================

CUMULATIVE by classification
  missing_job_did_not_run      29
  not_yet_due                  18
  forecast_logged              16
  before_period_start          15
  missing_data_unavailable     4
  late_record                  2

  obligations 84 | due 51 | served 16 | coverage 31.4%
  operational misses 29 | unexplained 0
  PROMOTION-GRADE: NO   (needs >= 95% served, <= 0 operational misses, all explained)

DAILY
  date         oblig  served     due     excl    opmiss arm_recs
  2026-07-30      12       0       0       12         0        0
  2026-07-31      12       6       9        3         0        0
  2026-08-01       8       2       8        0         6        0
  2026-08-02      16       0      16        0        16        0
  2026-08-03      12       6      12        0         3        3
  2026-08-04       4       2       3        1         1        2
  2026-08-05      16       0       3       13         3        0
  2026-08-06       4       0       0        4         0        0

EVERY MISSING OR IRREGULAR OBLIGATION (each must carry an explanation)
  2026-07-31 ATL v SEA T-90m   missing_data_unavailable   job served 1 other game(s) on 2026-07-31 at T-90m
  2026-07-31 WAS v DAL T-90m   missing_data_unavailable   job served 1 other game(s) on 2026-07-31 at T-90m
  2026-07-31 PDX v IND T-30m   missing_data_unavailable   job served 2 other game(s) on 2026-07-31 at T-30m
  2026-08-01 CHI v LVA T-24h   missing_job_did_not_run    no base record for ANY game on 2026-08-01 at T-24h
  2026-08-01 CHI v LVA T-8h    missing_job_did_not_run    no base record for ANY game on 2026-08-01 at T-8h
  2026-08-01 CHI v LVA T-30m   missing_job_did_not_run    no base record for ANY game on 2026-08-01 at T-30m
  2026-08-01 PHX v NYL T-24h   missing_job_did_not_run    no base record for ANY game on 2026-08-01 at T-24h
  2026-08-01 PHX v NYL T-8h    missing_job_did_not_run    no base record for ANY game on 2026-08-01 at T-8h
  2026-08-01 PHX v NYL T-30m   missing_job_did_not_run    no base record for ANY game on 2026-08-01 at T-30m
  2026-08-02 DAL v CON T-24h   missing_job_did_not_run    no base record for ANY game on 2026-08-02 at T-24h
  2026-08-02 DAL v CON T-8h    missing_job_did_not_run    no base record for ANY game on 2026-08-02 at T-8h
  2026-08-02 DAL v CON T-90m   missing_job_did_not_run    no base record for ANY game on 2026-08-02 at T-90m
  2026-08-02 DAL v CON T-30m   missing_job_did_not_run    no base record for ANY game on 2026-08-02 at T-30m
  2026-08-02 GSV v TOR T-24h   missing_job_did_not_run    no base record for ANY game on 2026-08-02 at T-24h
  2026-08-02 GSV v TOR T-8h    missing_job_did_not_run    no base record for ANY game on 2026-08-02 at T-8h
  2026-08-02 GSV v TOR T-90m   missing_job_did_not_run    no base record for ANY game on 2026-08-02 at T-90m
  2026-08-02 GSV v TOR T-30m   missing_job_did_not_run    no base record for ANY game on 2026-08-02 at T-30m
  2026-08-02 MIN v IND T-24h   missing_job_did_not_run    no base record for ANY game on 2026-08-02 at T-24h
  2026-08-02 MIN v IND T-8h    missing_job_did_not_run    no base record for ANY game on 2026-08-02 at T-8h
  2026-08-02 MIN v IND T-90m   missing_job_did_not_run    no base record for ANY game on 2026-08-02 at T-90m
  2026-08-02 MIN v IND T-30m   missing_job_did_not_run    no base record for ANY game on 2026-08-02 at T-30m
  2026-08-02 PDX v LAS T-24h   missing_job_did_not_run    no base record for ANY game on 2026-08-02 at T-24h
  2026-08-02 PDX v LAS T-8h    missing_job_did_not_run    no base record for ANY game on 2026-08-02 at T-8h
  2026-08-02 PDX v LAS T-90m   missing_job_did_not_run    no base record for ANY game on 2026-08-02 at T-90m
  2026-08-02 PDX v LAS T-30m   missing_job_did_not_run    no base record for ANY game on 2026-08-02 at T-30m
  2026-08-03 NYL v SEA T-24h   missing_job_did_not_run    no base record for ANY game on 2026-08-03 at T-24h
  2026-08-03 NYL v SEA T-30m   late_record                created 2026-08-03T22:45:08.958486+00:00 after cutoff
  2026-08-03 ATL v LVA T-24h   missing_job_did_not_run    no base record for ANY game on 2026-08-03 at T-24h
  2026-08-03 ATL v LVA T-30m   late_record                created 2026-08-03T22:45:08.976775+00:00 after cutoff
  2026-08-03 CHI v PHX T-24h   missing_job_did_not_run    no base record for ANY game on 2026-08-03 at T-24h
  2026-08-03 CHI v PHX T-30m   missing_data_unavailable   job served 2 other game(s) on 2026-08-03 at T-30m
  2026-08-04 GSV v TOR T-24h   missing_job_did_not_run    no base record for ANY game on 2026-08-04 at T-24h
  2026-08-05 WAS v DAL T-24h   missing_job_did_not_run    no base record for ANY game on 2026-08-05 at T-24h
  2026-08-05 NYL v SEA T-24h   missing_job_did_not_run    no base record for ANY game on 2026-08-05 at T-24h
  2026-08-05 ATL v PHX T-24h   missing_job_did_not_run    no base record for ANY game on 2026-08-05 at T-24h

wrote forecasts/coverage_audit.csv and forecasts/coverage_receipt.json
[audit] exit=0 
==== Tue 08/04/2026 20:00:02.86 ==== 
[gate] 2026-08-05T00:00:06.006577+00:00  fire=False  -- would duplicate 1 already-served obligation(s); the base job cannot be scoped to one game
       GSV v TOR      T-90m   SERVED   cutoff 2026-08-05T00:30:00 (+30 min) 
[gate] HOLDING: firing now would append 1 permanent duplicate record(s) to an append-only chain. A missed obligation is recoverable; a duplicate is not.
[gate] skipping the base job
[base] skipped - no unserved obligation in its lead window 
[base] exit=0 
================================================================================================
PROSPECTIVE PAIR RUNNER  2026-08-05T00:00:08.365410+00:00  model=ridge_score_level_w2c1_v1 hash=5d295bb8b99cd34e
================================================================================================
base records in official chain: 24
  late_prevented #0 ATL v SEA @ T-8h                cutoff 2026-07-31T15:35:00+00:00 already passed at 2026-08-0
  late_prevented #1 WAS v DAL @ T-8h                cutoff 2026-07-31T15:35:00+00:00 already passed at 2026-08-0
  late_prevented #2 PDX v IND @ T-8h                cutoff 2026-07-31T18:06:00+00:00 already passed at 2026-08-0
  late_prevented #3 ATL v SEA @ T-30m               cutoff 2026-07-31T23:05:00+00:00 already passed at 2026-08-0
  late_prevented #4 WAS v DAL @ T-30m               cutoff 2026-07-31T23:05:00+00:00 already passed at 2026-08-0
  late_prevented #5 PDX v IND @ T-90m               cutoff 2026-08-01T00:36:00+00:00 already passed at 2026-08-0
  late_prevented #6 CHI v LVA @ T-90m               cutoff 2026-08-01T15:35:00+00:00 already passed at 2026-08-0
  late_prevented #7 PHX v NYL @ T-90m               cutoff 2026-08-01T17:34:00+00:00 already passed at 2026-08-0
  skip           #8 CHI v LVA @ unknown-tip         base record is an explicit no-forecast; nothing to pair
  skip           #9 PHX v NYL @ unknown-tip         base record is an explicit no-forecast; nothing to pair
  late_prevented #10 NYL v SEA @ T-8h               cutoff 2026-08-03T15:04:00+00:00 already passed at 2026-08-0
  late_prevented #11 ATL v LVA @ T-8h               cutoff 2026-08-03T15:14:00+00:00 already passed at 2026-08-0
  late_prevented #12 CHI v PHX @ T-8h               cutoff 2026-08-03T17:08:00+00:00 already passed at 2026-08-0
  already_logged #13 NYL v SEA @ T-90m              idempotent: pair exists
  already_logged #14 ATL v LVA @ T-90m              idempotent: pair exists
  already_logged #15 CHI v PHX @ T-90m              idempotent: pair exists
  already_logged #16 NYL v SEA @ T-90m              idempotent: pair exists
  already_logged #17 ATL v LVA @ T-90m              idempotent: pair exists
  already_logged #18 CHI v PHX @ T-90m              idempotent: pair exists
  late_prevented #19 NYL v SEA @ T-30m              cutoff 2026-08-03T22:34:00+00:00 already passed at 2026-08-0
  late_prevented #20 ATL v LVA @ T-30m              cutoff 2026-08-03T22:44:00+00:00 already passed at 2026-08-0
  already_logged #21 CHI v PHX @ T-90m              idempotent: pair exists
  already_logged #22 GSV v TOR @ T-8h               idempotent: pair exists
  already_logged #23 GSV v TOR @ T-90m              idempotent: pair exists

  already_logged=9, late_prevented=13, skip=2
  arm chain: ok=True n=5 tip=d2ffd82319ef936b
  receipt appended to prospective_pair_runs.jsonl
[arm] exit=0 
====================================================================================================
FORECAST COVERAGE AUDIT   generated 2026-08-05T00:00:09.300678+00:00
====================================================================================================

CUMULATIVE by classification
  missing_job_did_not_run      29
  not_yet_due                  18
  forecast_logged              16
  before_period_start          15
  missing_data_unavailable     4
  late_record                  2

  obligations 84 | due 51 | served 16 | coverage 31.4%
  operational misses 29 | unexplained 0
  PROMOTION-GRADE: NO   (needs >= 95% served, <= 0 operational misses, all explained)

DAILY
  date         oblig  served     due     excl    opmiss arm_recs
  2026-07-30      12       0       0       12         0        0
  2026-07-31      12       6       9        3         0        0
  2026-08-01       8       2       8        0         6        0
  2026-08-02      16       0      16        0        16        0
  2026-08-03      12       6      12        0         3        3
  2026-08-04       4       2       3        1         1        2
  2026-08-05      16       0       3       13         3        0
  2026-08-06       4       0       0        4         0        0

EVERY MISSING OR IRREGULAR OBLIGATION (each must carry an explanation)
  2026-07-31 ATL v SEA T-90m   missing_data_unavailable   job served 1 other game(s) on 2026-07-31 at T-90m
  2026-07-31 WAS v DAL T-90m   missing_data_unavailable   job served 1 other game(s) on 2026-07-31 at T-90m
  2026-07-31 PDX v IND T-30m   missing_data_unavailable   job served 2 other game(s) on 2026-07-31 at T-30m
  2026-08-01 CHI v LVA T-24h   missing_job_did_not_run    no base record for ANY game on 2026-08-01 at T-24h
  2026-08-01 CHI v LVA T-8h    missing_job_did_not_run    no base record for ANY game on 2026-08-01 at T-8h
  2026-08-01 CHI v LVA T-30m   missing_job_did_not_run    no base record for ANY game on 2026-08-01 at T-30m
  2026-08-01 PHX v NYL T-24h   missing_job_did_not_run    no base record for ANY game on 2026-08-01 at T-24h
  2026-08-01 PHX v NYL T-8h    missing_job_did_not_run    no base record for ANY game on 2026-08-01 at T-8h
  2026-08-01 PHX v NYL T-30m   missing_job_did_not_run    no base record for ANY game on 2026-08-01 at T-30m
  2026-08-02 DAL v CON T-24h   missing_job_did_not_run    no base record for ANY game on 2026-08-02 at T-24h
  2026-08-02 DAL v CON T-8h    missing_job_did_not_run    no base record for ANY game on 2026-08-02 at T-8h
  2026-08-02 DAL v CON T-90m   missing_job_did_not_run    no base record for ANY game on 2026-08-02 at T-90m
  2026-08-02 DAL v CON T-30m   missing_job_did_not_run    no base record for ANY game on 2026-08-02 at T-30m
  2026-08-02 GSV v TOR T-24h   missing_job_did_not_run    no base record for ANY game on 2026-08-02 at T-24h
  2026-08-02 GSV v TOR T-8h    missing_job_did_not_run    no base record for ANY game on 2026-08-02 at T-8h
  2026-08-02 GSV v TOR T-90m   missing_job_did_not_run    no base record for ANY game on 2026-08-02 at T-90m
  2026-08-02 GSV v TOR T-30m   missing_job_did_not_run    no base record for ANY game on 2026-08-02 at T-30m
  2026-08-02 MIN v IND T-24h   missing_job_did_not_run    no base record for ANY game on 2026-08-02 at T-24h
  2026-08-02 MIN v IND T-8h    missing_job_did_not_run    no base record for ANY game on 2026-08-02 at T-8h
  2026-08-02 MIN v IND T-90m   missing_job_did_not_run    no base record for ANY game on 2026-08-02 at T-90m
  2026-08-02 MIN v IND T-30m   missing_job_did_not_run    no base record for ANY game on 2026-08-02 at T-30m
  2026-08-02 PDX v LAS T-24h   missing_job_did_not_run    no base record for ANY game on 2026-08-02 at T-24h
  2026-08-02 PDX v LAS T-8h    missing_job_did_not_run    no base record for ANY game on 2026-08-02 at T-8h
  2026-08-02 PDX v LAS T-90m   missing_job_did_not_run    no base record for ANY game on 2026-08-02 at T-90m
  2026-08-02 PDX v LAS T-30m   missing_job_did_not_run    no base record for ANY game on 2026-08-02 at T-30m
  2026-08-03 NYL v SEA T-24h   missing_job_did_not_run    no base record for ANY game on 2026-08-03 at T-24h
  2026-08-03 NYL v SEA T-30m   late_record                created 2026-08-03T22:45:08.958486+00:00 after cutoff
  2026-08-03 ATL v LVA T-24h   missing_job_did_not_run    no base record for ANY game on 2026-08-03 at T-24h
  2026-08-03 ATL v LVA T-30m   late_record                created 2026-08-03T22:45:08.976775+00:00 after cutoff
  2026-08-03 CHI v PHX T-24h   missing_job_did_not_run    no base record for ANY game on 2026-08-03 at T-24h
  2026-08-03 CHI v PHX T-30m   missing_data_unavailable   job served 2 other game(s) on 2026-08-03 at T-30m
  2026-08-04 GSV v TOR T-24h   missing_job_did_not_run    no base record for ANY game on 2026-08-04 at T-24h
  2026-08-05 WAS v DAL T-24h   missing_job_did_not_run    no base record for ANY game on 2026-08-05 at T-24h
  2026-08-05 NYL v SEA T-24h   missing_job_did_not_run    no base record for ANY game on 2026-08-05 at T-24h
  2026-08-05 ATL v PHX T-24h   missing_job_did_not_run    no base record for ANY game on 2026-08-05 at T-24h

wrote forecasts/coverage_audit.csv and forecasts/coverage_receipt.json
[audit] exit=0 
==== Tue 08/04/2026 20:15:03.00 ==== 
[gate] 2026-08-05T00:15:03.678218+00:00  fire=False  -- would duplicate 1 already-served obligation(s); the base job cannot be scoped to one game
       GSV v TOR      T-90m   SERVED   cutoff 2026-08-05T00:30:00 (+15 min) 
[gate] HOLDING: firing now would append 1 permanent duplicate record(s) to an append-only chain. A missed obligation is recoverable; a duplicate is not.
[gate] skipping the base job
[base] skipped - no unserved obligation in its lead window 
[base] exit=0 
================================================================================================
PROSPECTIVE PAIR RUNNER  2026-08-05T00:15:04.552172+00:00  model=ridge_score_level_w2c1_v1 hash=5d295bb8b99cd34e
================================================================================================
base records in official chain: 24
  late_prevented #0 ATL v SEA @ T-8h                cutoff 2026-07-31T15:35:00+00:00 already passed at 2026-08-0
  late_prevented #1 WAS v DAL @ T-8h                cutoff 2026-07-31T15:35:00+00:00 already passed at 2026-08-0
  late_prevented #2 PDX v IND @ T-8h                cutoff 2026-07-31T18:06:00+00:00 already passed at 2026-08-0
  late_prevented #3 ATL v SEA @ T-30m               cutoff 2026-07-31T23:05:00+00:00 already passed at 2026-08-0
  late_prevented #4 WAS v DAL @ T-30m               cutoff 2026-07-31T23:05:00+00:00 already passed at 2026-08-0
  late_prevented #5 PDX v IND @ T-90m               cutoff 2026-08-01T00:36:00+00:00 already passed at 2026-08-0
  late_prevented #6 CHI v LVA @ T-90m               cutoff 2026-08-01T15:35:00+00:00 already passed at 2026-08-0
  late_prevented #7 PHX v NYL @ T-90m               cutoff 2026-08-01T17:34:00+00:00 already passed at 2026-08-0
  skip           #8 CHI v LVA @ unknown-tip         base record is an explicit no-forecast; nothing to pair
  skip           #9 PHX v NYL @ unknown-tip         base record is an explicit no-forecast; nothing to pair
  late_prevented #10 NYL v SEA @ T-8h               cutoff 2026-08-03T15:04:00+00:00 already passed at 2026-08-0
  late_prevented #11 ATL v LVA @ T-8h               cutoff 2026-08-03T15:14:00+00:00 already passed at 2026-08-0
  late_prevented #12 CHI v PHX @ T-8h               cutoff 2026-08-03T17:08:00+00:00 already passed at 2026-08-0
  already_logged #13 NYL v SEA @ T-90m              idempotent: pair exists
  already_logged #14 ATL v LVA @ T-90m              idempotent: pair exists
  already_logged #15 CHI v PHX @ T-90m              idempotent: pair exists
  already_logged #16 NYL v SEA @ T-90m              idempotent: pair exists
  already_logged #17 ATL v LVA @ T-90m              idempotent: pair exists
  already_logged #18 CHI v PHX @ T-90m              idempotent: pair exists
  late_prevented #19 NYL v SEA @ T-30m              cutoff 2026-08-03T22:34:00+00:00 already passed at 2026-08-0
  late_prevented #20 ATL v LVA @ T-30m              cutoff 2026-08-03T22:44:00+00:00 already passed at 2026-08-0
  already_logged #21 CHI v PHX @ T-90m              idempotent: pair exists
  already_logged #22 GSV v TOR @ T-8h               idempotent: pair exists
  already_logged #23 GSV v TOR @ T-90m              idempotent: pair exists

  already_logged=9, late_prevented=13, skip=2
  arm chain: ok=True n=5 tip=d2ffd82319ef936b
  receipt appended to prospective_pair_runs.jsonl
[arm] exit=0 
====================================================================================================
FORECAST COVERAGE AUDIT   generated 2026-08-05T00:15:05.507840+00:00
====================================================================================================

CUMULATIVE by classification
  missing_job_did_not_run      29
  not_yet_due                  18
  forecast_logged              16
  before_period_start          15
  missing_data_unavailable     4
  late_record                  2

  obligations 84 | due 51 | served 16 | coverage 31.4%
  operational misses 29 | unexplained 0
  PROMOTION-GRADE: NO   (needs >= 95% served, <= 0 operational misses, all explained)

DAILY
  date         oblig  served     due     excl    opmiss arm_recs
  2026-07-30      12       0       0       12         0        0
  2026-07-31      12       6       9        3         0        0
  2026-08-01       8       2       8        0         6        0
  2026-08-02      16       0      16        0        16        0
  2026-08-03      12       6      12        0         3        3
  2026-08-04       4       2       3        1         1        2
  2026-08-05      16       0       3       13         3        0
  2026-08-06       4       0       0        4         0        0

EVERY MISSING OR IRREGULAR OBLIGATION (each must carry an explanation)
  2026-07-31 ATL v SEA T-90m   missing_data_unavailable   job served 1 other game(s) on 2026-07-31 at T-90m
  2026-07-31 WAS v DAL T-90m   missing_data_unavailable   job served 1 other game(s) on 2026-07-31 at T-90m
  2026-07-31 PDX v IND T-30m   missing_data_unavailable   job served 2 other game(s) on 2026-07-31 at T-30m
  2026-08-01 CHI v LVA T-24h   missing_job_did_not_run    no base record for ANY game on 2026-08-01 at T-24h
  2026-08-01 CHI v LVA T-8h    missing_job_did_not_run    no base record for ANY game on 2026-08-01 at T-8h
  2026-08-01 CHI v LVA T-30m   missing_job_did_not_run    no base record for ANY game on 2026-08-01 at T-30m
  2026-08-01 PHX v NYL T-24h   missing_job_did_not_run    no base record for ANY game on 2026-08-01 at T-24h
  2026-08-01 PHX v NYL T-8h    missing_job_did_not_run    no base record for ANY game on 2026-08-01 at T-8h
  2026-08-01 PHX v NYL T-30m   missing_job_did_not_run    no base record for ANY game on 2026-08-01 at T-30m
  2026-08-02 DAL v CON T-24h   missing_job_did_not_run    no base record for ANY game on 2026-08-02 at T-24h
  2026-08-02 DAL v CON T-8h    missing_job_did_not_run    no base record for ANY game on 2026-08-02 at T-8h
  2026-08-02 DAL v CON T-90m   missing_job_did_not_run    no base record for ANY game on 2026-08-02 at T-90m
  2026-08-02 DAL v CON T-30m   missing_job_did_not_run    no base record for ANY game on 2026-08-02 at T-30m
  2026-08-02 GSV v TOR T-24h   missing_job_did_not_run    no base record for ANY game on 2026-08-02 at T-24h
  2026-08-02 GSV v TOR T-8h    missing_job_did_not_run    no base record for ANY game on 2026-08-02 at T-8h
  2026-08-02 GSV v TOR T-90m   missing_job_did_not_run    no base record for ANY game on 2026-08-02 at T-90m
  2026-08-02 GSV v TOR T-30m   missing_job_did_not_run    no base record for ANY game on 2026-08-02 at T-30m
  2026-08-02 MIN v IND T-24h   missing_job_did_not_run    no base record for ANY game on 2026-08-02 at T-24h
  2026-08-02 MIN v IND T-8h    missing_job_did_not_run    no base record for ANY game on 2026-08-02 at T-8h
  2026-08-02 MIN v IND T-90m   missing_job_did_not_run    no base record for ANY game on 2026-08-02 at T-90m
  2026-08-02 MIN v IND T-30m   missing_job_did_not_run    no base record for ANY game on 2026-08-02 at T-30m
  2026-08-02 PDX v LAS T-24h   missing_job_did_not_run    no base record for ANY game on 2026-08-02 at T-24h
  2026-08-02 PDX v LAS T-8h    missing_job_did_not_run    no base record for ANY game on 2026-08-02 at T-8h
  2026-08-02 PDX v LAS T-90m   missing_job_did_not_run    no base record for ANY game on 2026-08-02 at T-90m
  2026-08-02 PDX v LAS T-30m   missing_job_did_not_run    no base record for ANY game on 2026-08-02 at T-30m
  2026-08-03 NYL v SEA T-24h   missing_job_did_not_run    no base record for ANY game on 2026-08-03 at T-24h
  2026-08-03 NYL v SEA T-30m   late_record                created 2026-08-03T22:45:08.958486+00:00 after cutoff
  2026-08-03 ATL v LVA T-24h   missing_job_did_not_run    no base record for ANY game on 2026-08-03 at T-24h
  2026-08-03 ATL v LVA T-30m   late_record                created 2026-08-03T22:45:08.976775+00:00 after cutoff
  2026-08-03 CHI v PHX T-24h   missing_job_did_not_run    no base record for ANY game on 2026-08-03 at T-24h
  2026-08-03 CHI v PHX T-30m   missing_data_unavailable   job served 2 other game(s) on 2026-08-03 at T-30m
  2026-08-04 GSV v TOR T-24h   missing_job_did_not_run    no base record for ANY game on 2026-08-04 at T-24h
  2026-08-05 WAS v DAL T-24h   missing_job_did_not_run    no base record for ANY game on 2026-08-05 at T-24h
  2026-08-05 NYL v SEA T-24h   missing_job_did_not_run    no base record for ANY game on 2026-08-05 at T-24h
  2026-08-05 ATL v PHX T-24h   missing_job_did_not_run    no base record for ANY game on 2026-08-05 at T-24h

wrote forecasts/coverage_audit.csv and forecasts/coverage_receipt.json
[audit] exit=0 
==== Tue 08/04/2026 20:30:02.95 ==== 
[gate] 2026-08-05T00:30:03.615938+00:00  fire=False  -- would duplicate 1 already-served obligation(s); the base job cannot be scoped to one game
       GSV v TOR      T-90m   SERVED   cutoff 2026-08-05T00:30:00 (-0 min) 
[gate] HOLDING: firing now would append 1 permanent duplicate record(s) to an append-only chain. A missed obligation is recoverable; a duplicate is not.
[gate] skipping the base job
[base] skipped - no unserved obligation in its lead window 
[base] exit=0 
================================================================================================
PROSPECTIVE PAIR RUNNER  2026-08-05T00:30:04.621968+00:00  model=ridge_score_level_w2c1_v1 hash=5d295bb8b99cd34e
================================================================================================
base records in official chain: 24
  late_prevented #0 ATL v SEA @ T-8h                cutoff 2026-07-31T15:35:00+00:00 already passed at 2026-08-0
  late_prevented #1 WAS v DAL @ T-8h                cutoff 2026-07-31T15:35:00+00:00 already passed at 2026-08-0
  late_prevented #2 PDX v IND @ T-8h                cutoff 2026-07-31T18:06:00+00:00 already passed at 2026-08-0
  late_prevented #3 ATL v SEA @ T-30m               cutoff 2026-07-31T23:05:00+00:00 already passed at 2026-08-0
  late_prevented #4 WAS v DAL @ T-30m               cutoff 2026-07-31T23:05:00+00:00 already passed at 2026-08-0
  late_prevented #5 PDX v IND @ T-90m               cutoff 2026-08-01T00:36:00+00:00 already passed at 2026-08-0
  late_prevented #6 CHI v LVA @ T-90m               cutoff 2026-08-01T15:35:00+00:00 already passed at 2026-08-0
  late_prevented #7 PHX v NYL @ T-90m               cutoff 2026-08-01T17:34:00+00:00 already passed at 2026-08-0
  skip           #8 CHI v LVA @ unknown-tip         base record is an explicit no-forecast; nothing to pair
  skip           #9 PHX v NYL @ unknown-tip         base record is an explicit no-forecast; nothing to pair
  late_prevented #10 NYL v SEA @ T-8h               cutoff 2026-08-03T15:04:00+00:00 already passed at 2026-08-0
  late_prevented #11 ATL v LVA @ T-8h               cutoff 2026-08-03T15:14:00+00:00 already passed at 2026-08-0
  late_prevented #12 CHI v PHX @ T-8h               cutoff 2026-08-03T17:08:00+00:00 already passed at 2026-08-0
  already_logged #13 NYL v SEA @ T-90m              idempotent: pair exists
  already_logged #14 ATL v LVA @ T-90m              idempotent: pair exists
  already_logged #15 CHI v PHX @ T-90m              idempotent: pair exists
  already_logged #16 NYL v SEA @ T-90m              idempotent: pair exists
  already_logged #17 ATL v LVA @ T-90m              idempotent: pair exists
  already_logged #18 CHI v PHX @ T-90m              idempotent: pair exists
  late_prevented #19 NYL v SEA @ T-30m              cutoff 2026-08-03T22:34:00+00:00 already passed at 2026-08-0
  late_prevented #20 ATL v LVA @ T-30m              cutoff 2026-08-03T22:44:00+00:00 already passed at 2026-08-0
  already_logged #21 CHI v PHX @ T-90m              idempotent: pair exists
  already_logged #22 GSV v TOR @ T-8h               idempotent: pair exists
  already_logged #23 GSV v TOR @ T-90m              idempotent: pair exists

  already_logged=9, late_prevented=13, skip=2
  arm chain: ok=True n=5 tip=d2ffd82319ef936b
  receipt appended to prospective_pair_runs.jsonl
[arm] exit=0 
====================================================================================================
FORECAST COVERAGE AUDIT   generated 2026-08-05T00:30:05.678050+00:00
====================================================================================================

CUMULATIVE by classification
  missing_job_did_not_run      29
  not_yet_due                  18
  forecast_logged              16
  before_period_start          15
  missing_data_unavailable     4
  late_record                  2

  obligations 84 | due 51 | served 16 | coverage 31.4%
  operational misses 29 | unexplained 0
  PROMOTION-GRADE: NO   (needs >= 95% served, <= 0 operational misses, all explained)

DAILY
  date         oblig  served     due     excl    opmiss arm_recs
  2026-07-30      12       0       0       12         0        0
  2026-07-31      12       6       9        3         0        0
  2026-08-01       8       2       8        0         6        0
  2026-08-02      16       0      16        0        16        0
  2026-08-03      12       6      12        0         3        3
  2026-08-04       4       2       3        1         1        2
  2026-08-05      16       0       3       13         3        0
  2026-08-06       4       0       0        4         0        0

EVERY MISSING OR IRREGULAR OBLIGATION (each must carry an explanation)
  2026-07-31 ATL v SEA T-90m   missing_data_unavailable   job served 1 other game(s) on 2026-07-31 at T-90m
  2026-07-31 WAS v DAL T-90m   missing_data_unavailable   job served 1 other game(s) on 2026-07-31 at T-90m
  2026-07-31 PDX v IND T-30m   missing_data_unavailable   job served 2 other game(s) on 2026-07-31 at T-30m
  2026-08-01 CHI v LVA T-24h   missing_job_did_not_run    no base record for ANY game on 2026-08-01 at T-24h
  2026-08-01 CHI v LVA T-8h    missing_job_did_not_run    no base record for ANY game on 2026-08-01 at T-8h
  2026-08-01 CHI v LVA T-30m   missing_job_did_not_run    no base record for ANY game on 2026-08-01 at T-30m
  2026-08-01 PHX v NYL T-24h   missing_job_did_not_run    no base record for ANY game on 2026-08-01 at T-24h
  2026-08-01 PHX v NYL T-8h    missing_job_did_not_run    no base record for ANY game on 2026-08-01 at T-8h
  2026-08-01 PHX v NYL T-30m   missing_job_did_not_run    no base record for ANY game on 2026-08-01 at T-30m
  2026-08-02 DAL v CON T-24h   missing_job_did_not_run    no base record for ANY game on 2026-08-02 at T-24h
  2026-08-02 DAL v CON T-8h    missing_job_did_not_run    no base record for ANY game on 2026-08-02 at T-8h
  2026-08-02 DAL v CON T-90m   missing_job_did_not_run    no base record for ANY game on 2026-08-02 at T-90m
  2026-08-02 DAL v CON T-30m   missing_job_did_not_run    no base record for ANY game on 2026-08-02 at T-30m
  2026-08-02 GSV v TOR T-24h   missing_job_did_not_run    no base record for ANY game on 2026-08-02 at T-24h
  2026-08-02 GSV v TOR T-8h    missing_job_did_not_run    no base record for ANY game on 2026-08-02 at T-8h
  2026-08-02 GSV v TOR T-90m   missing_job_did_not_run    no base record for ANY game on 2026-08-02 at T-90m
  2026-08-02 GSV v TOR T-30m   missing_job_did_not_run    no base record for ANY game on 2026-08-02 at T-30m
  2026-08-02 MIN v IND T-24h   missing_job_did_not_run    no base record for ANY game on 2026-08-02 at T-24h
  2026-08-02 MIN v IND T-8h    missing_job_did_not_run    no base record for ANY game on 2026-08-02 at T-8h
  2026-08-02 MIN v IND T-90m   missing_job_did_not_run    no base record for ANY game on 2026-08-02 at T-90m
  2026-08-02 MIN v IND T-30m   missing_job_did_not_run    no base record for ANY game on 2026-08-02 at T-30m
  2026-08-02 PDX v LAS T-24h   missing_job_did_not_run    no base record for ANY game on 2026-08-02 at T-24h
  2026-08-02 PDX v LAS T-8h    missing_job_did_not_run    no base record for ANY game on 2026-08-02 at T-8h
  2026-08-02 PDX v LAS T-90m   missing_job_did_not_run    no base record for ANY game on 2026-08-02 at T-90m
  2026-08-02 PDX v LAS T-30m   missing_job_did_not_run    no base record for ANY game on 2026-08-02 at T-30m
  2026-08-03 NYL v SEA T-24h   missing_job_did_not_run    no base record for ANY game on 2026-08-03 at T-24h
  2026-08-03 NYL v SEA T-30m   late_record                created 2026-08-03T22:45:08.958486+00:00 after cutoff
  2026-08-03 ATL v LVA T-24h   missing_job_did_not_run    no base record for ANY game on 2026-08-03 at T-24h
  2026-08-03 ATL v LVA T-30m   late_record                created 2026-08-03T22:45:08.976775+00:00 after cutoff
  2026-08-03 CHI v PHX T-24h   missing_job_did_not_run    no base record for ANY game on 2026-08-03 at T-24h
  2026-08-03 CHI v PHX T-30m   missing_data_unavailable   job served 2 other game(s) on 2026-08-03 at T-30m
  2026-08-04 GSV v TOR T-24h   missing_job_did_not_run    no base record for ANY game on 2026-08-04 at T-24h
  2026-08-05 WAS v DAL T-24h   missing_job_did_not_run    no base record for ANY game on 2026-08-05 at T-24h
  2026-08-05 NYL v SEA T-24h   missing_job_did_not_run    no base record for ANY game on 2026-08-05 at T-24h
  2026-08-05 ATL v PHX T-24h   missing_job_did_not_run    no base record for ANY game on 2026-08-05 at T-24h

wrote forecasts/coverage_audit.csv and forecasts/coverage_receipt.json
[audit] exit=0 
==== Tue 08/04/2026 20:45:03.31 ==== 
[gate] 2026-08-05T00:45:06.706917+00:00  fire=False  -- would duplicate 1 already-served obligation(s); the base job cannot be scoped to one game
       GSV v TOR      T-90m   SERVED   cutoff 2026-08-05T00:30:00 (-15 min) 
[gate] HOLDING: firing now would append 1 permanent duplicate record(s) to an append-only chain. A missed obligation is recoverable; a duplicate is not.
[gate] skipping the base job
[base] skipped - no unserved obligation in its lead window 
[base] exit=0 
================================================================================================
PROSPECTIVE PAIR RUNNER  2026-08-05T00:45:09.014343+00:00  model=ridge_score_level_w2c1_v1 hash=5d295bb8b99cd34e
================================================================================================
base records in official chain: 24
  late_prevented #0 ATL v SEA @ T-8h                cutoff 2026-07-31T15:35:00+00:00 already passed at 2026-08-0
  late_prevented #1 WAS v DAL @ T-8h                cutoff 2026-07-31T15:35:00+00:00 already passed at 2026-08-0
  late_prevented #2 PDX v IND @ T-8h                cutoff 2026-07-31T18:06:00+00:00 already passed at 2026-08-0
  late_prevented #3 ATL v SEA @ T-30m               cutoff 2026-07-31T23:05:00+00:00 already passed at 2026-08-0
  late_prevented #4 WAS v DAL @ T-30m               cutoff 2026-07-31T23:05:00+00:00 already passed at 2026-08-0
  late_prevented #5 PDX v IND @ T-90m               cutoff 2026-08-01T00:36:00+00:00 already passed at 2026-08-0
  late_prevented #6 CHI v LVA @ T-90m               cutoff 2026-08-01T15:35:00+00:00 already passed at 2026-08-0
  late_prevented #7 PHX v NYL @ T-90m               cutoff 2026-08-01T17:34:00+00:00 already passed at 2026-08-0
  skip           #8 CHI v LVA @ unknown-tip         base record is an explicit no-forecast; nothing to pair
  skip           #9 PHX v NYL @ unknown-tip         base record is an explicit no-forecast; nothing to pair
  late_prevented #10 NYL v SEA @ T-8h               cutoff 2026-08-03T15:04:00+00:00 already passed at 2026-08-0
  late_prevented #11 ATL v LVA @ T-8h               cutoff 2026-08-03T15:14:00+00:00 already passed at 2026-08-0
  late_prevented #12 CHI v PHX @ T-8h               cutoff 2026-08-03T17:08:00+00:00 already passed at 2026-08-0
  already_logged #13 NYL v SEA @ T-90m              idempotent: pair exists
  already_logged #14 ATL v LVA @ T-90m              idempotent: pair exists
  already_logged #15 CHI v PHX @ T-90m              idempotent: pair exists
  already_logged #16 NYL v SEA @ T-90m              idempotent: pair exists
  already_logged #17 ATL v LVA @ T-90m              idempotent: pair exists
  already_logged #18 CHI v PHX @ T-90m              idempotent: pair exists
  late_prevented #19 NYL v SEA @ T-30m              cutoff 2026-08-03T22:34:00+00:00 already passed at 2026-08-0
  late_prevented #20 ATL v LVA @ T-30m              cutoff 2026-08-03T22:44:00+00:00 already passed at 2026-08-0
  already_logged #21 CHI v PHX @ T-90m              idempotent: pair exists
  already_logged #22 GSV v TOR @ T-8h               idempotent: pair exists
  already_logged #23 GSV v TOR @ T-90m              idempotent: pair exists

  already_logged=9, late_prevented=13, skip=2
  arm chain: ok=True n=5 tip=d2ffd82319ef936b
  receipt appended to prospective_pair_runs.jsonl
[arm] exit=0 
====================================================================================================
FORECAST COVERAGE AUDIT   generated 2026-08-05T00:45:09.961425+00:00
====================================================================================================

CUMULATIVE by classification
  missing_job_did_not_run      29
  not_yet_due                  18
  forecast_logged              16
  before_period_start          15
  missing_data_unavailable     4
  late_record                  2

  obligations 84 | due 51 | served 16 | coverage 31.4%
  operational misses 29 | unexplained 0
  PROMOTION-GRADE: NO   (needs >= 95% served, <= 0 operational misses, all explained)

DAILY
  date         oblig  served     due     excl    opmiss arm_recs
  2026-07-30      12       0       0       12         0        0
  2026-07-31      12       6       9        3         0        0
  2026-08-01       8       2       8        0         6        0
  2026-08-02      16       0      16        0        16        0
  2026-08-03      12       6      12        0         3        3
  2026-08-04       4       2       3        1         1        2
  2026-08-05      16       0       3       13         3        0
  2026-08-06       4       0       0        4         0        0

EVERY MISSING OR IRREGULAR OBLIGATION (each must carry an explanation)
  2026-07-31 ATL v SEA T-90m   missing_data_unavailable   job served 1 other game(s) on 2026-07-31 at T-90m
  2026-07-31 WAS v DAL T-90m   missing_data_unavailable   job served 1 other game(s) on 2026-07-31 at T-90m
  2026-07-31 PDX v IND T-30m   missing_data_unavailable   job served 2 other game(s) on 2026-07-31 at T-30m
  2026-08-01 CHI v LVA T-24h   missing_job_did_not_run    no base record for ANY game on 2026-08-01 at T-24h
  2026-08-01 CHI v LVA T-8h    missing_job_did_not_run    no base record for ANY game on 2026-08-01 at T-8h
  2026-08-01 CHI v LVA T-30m   missing_job_did_not_run    no base record for ANY game on 2026-08-01 at T-30m
  2026-08-01 PHX v NYL T-24h   missing_job_did_not_run    no base record for ANY game on 2026-08-01 at T-24h
  2026-08-01 PHX v NYL T-8h    missing_job_did_not_run    no base record for ANY game on 2026-08-01 at T-8h
  2026-08-01 PHX v NYL T-30m   missing_job_did_not_run    no base record for ANY game on 2026-08-01 at T-30m
  2026-08-02 DAL v CON T-24h   missing_job_did_not_run    no base record for ANY game on 2026-08-02 at T-24h
  2026-08-02 DAL v CON T-8h    missing_job_did_not_run    no base record for ANY game on 2026-08-02 at T-8h
  2026-08-02 DAL v CON T-90m   missing_job_did_not_run    no base record for ANY game on 2026-08-02 at T-90m
  2026-08-02 DAL v CON T-30m   missing_job_did_not_run    no base record for ANY game on 2026-08-02 at T-30m
  2026-08-02 GSV v TOR T-24h   missing_job_did_not_run    no base record for ANY game on 2026-08-02 at T-24h
  2026-08-02 GSV v TOR T-8h    missing_job_did_not_run    no base record for ANY game on 2026-08-02 at T-8h
  2026-08-02 GSV v TOR T-90m   missing_job_did_not_run    no base record for ANY game on 2026-08-02 at T-90m
  2026-08-02 GSV v TOR T-30m   missing_job_did_not_run    no base record for ANY game on 2026-08-02 at T-30m
  2026-08-02 MIN v IND T-24h   missing_job_did_not_run    no base record for ANY game on 2026-08-02 at T-24h
  2026-08-02 MIN v IND T-8h    missing_job_did_not_run    no base record for ANY game on 2026-08-02 at T-8h
  2026-08-02 MIN v IND T-90m   missing_job_did_not_run    no base record for ANY game on 2026-08-02 at T-90m
  2026-08-02 MIN v IND T-30m   missing_job_did_not_run    no base record for ANY game on 2026-08-02 at T-30m
  2026-08-02 PDX v LAS T-24h   missing_job_did_not_run    no base record for ANY game on 2026-08-02 at T-24h
  2026-08-02 PDX v LAS T-8h    missing_job_did_not_run    no base record for ANY game on 2026-08-02 at T-8h
  2026-08-02 PDX v LAS T-90m   missing_job_did_not_run    no base record for ANY game on 2026-08-02 at T-90m
  2026-08-02 PDX v LAS T-30m   missing_job_did_not_run    no base record for ANY game on 2026-08-02 at T-30m
  2026-08-03 NYL v SEA T-24h   missing_job_did_not_run    no base record for ANY game on 2026-08-03 at T-24h
  2026-08-03 NYL v SEA T-30m   late_record                created 2026-08-03T22:45:08.958486+00:00 after cutoff
  2026-08-03 ATL v LVA T-24h   missing_job_did_not_run    no base record for ANY game on 2026-08-03 at T-24h
  2026-08-03 ATL v LVA T-30m   late_record                created 2026-08-03T22:45:08.976775+00:00 after cutoff
  2026-08-03 CHI v PHX T-24h   missing_job_did_not_run    no base record for ANY game on 2026-08-03 at T-24h
  2026-08-03 CHI v PHX T-30m   missing_data_unavailable   job served 2 other game(s) on 2026-08-03 at T-30m
  2026-08-04 GSV v TOR T-24h   missing_job_did_not_run    no base record for ANY game on 2026-08-04 at T-24h
  2026-08-05 WAS v DAL T-24h   missing_job_did_not_run    no base record for ANY game on 2026-08-05 at T-24h
  2026-08-05 NYL v SEA T-24h   missing_job_did_not_run    no base record for ANY game on 2026-08-05 at T-24h
  2026-08-05 ATL v PHX T-24h   missing_job_did_not_run    no base record for ANY game on 2026-08-05 at T-24h

wrote forecasts/coverage_audit.csv and forecasts/coverage_receipt.json
[audit] exit=0 
==== Tue 08/04/2026 21:00:02.98 ==== 
[gate] 2026-08-05T01:00:04.003468+00:00  fire=False  -- no unserved obligation inside its 20-minute lead window
       GSV v TOR      T-30m   unserved cutoff 2026-08-05T01:30:00 (+30 min) 
[gate] skipping the base job
[base] skipped - no unserved obligation in its lead window 
[base] exit=0 
================================================================================================
PROSPECTIVE PAIR RUNNER  2026-08-05T01:00:05.346564+00:00  model=ridge_score_level_w2c1_v1 hash=5d295bb8b99cd34e
================================================================================================
base records in official chain: 24
  late_prevented #0 ATL v SEA @ T-8h                cutoff 2026-07-31T15:35:00+00:00 already passed at 2026-08-0
  late_prevented #1 WAS v DAL @ T-8h                cutoff 2026-07-31T15:35:00+00:00 already passed at 2026-08-0
  late_prevented #2 PDX v IND @ T-8h                cutoff 2026-07-31T18:06:00+00:00 already passed at 2026-08-0
  late_prevented #3 ATL v SEA @ T-30m               cutoff 2026-07-31T23:05:00+00:00 already passed at 2026-08-0
  late_prevented #4 WAS v DAL @ T-30m               cutoff 2026-07-31T23:05:00+00:00 already passed at 2026-08-0
  late_prevented #5 PDX v IND @ T-90m               cutoff 2026-08-01T00:36:00+00:00 already passed at 2026-08-0
  late_prevented #6 CHI v LVA @ T-90m               cutoff 2026-08-01T15:35:00+00:00 already passed at 2026-08-0
  late_prevented #7 PHX v NYL @ T-90m               cutoff 2026-08-01T17:34:00+00:00 already passed at 2026-08-0
  skip           #8 CHI v LVA @ unknown-tip         base record is an explicit no-forecast; nothing to pair
  skip           #9 PHX v NYL @ unknown-tip         base record is an explicit no-forecast; nothing to pair
  late_prevented #10 NYL v SEA @ T-8h               cutoff 2026-08-03T15:04:00+00:00 already passed at 2026-08-0
  late_prevented #11 ATL v LVA @ T-8h               cutoff 2026-08-03T15:14:00+00:00 already passed at 2026-08-0
  late_prevented #12 CHI v PHX @ T-8h               cutoff 2026-08-03T17:08:00+00:00 already passed at 2026-08-0
  already_logged #13 NYL v SEA @ T-90m              idempotent: pair exists
  already_logged #14 ATL v LVA @ T-90m              idempotent: pair exists
  already_logged #15 CHI v PHX @ T-90m              idempotent: pair exists
  already_logged #16 NYL v SEA @ T-90m              idempotent: pair exists
  already_logged #17 ATL v LVA @ T-90m              idempotent: pair exists
  already_logged #18 CHI v PHX @ T-90m              idempotent: pair exists
  late_prevented #19 NYL v SEA @ T-30m              cutoff 2026-08-03T22:34:00+00:00 already passed at 2026-08-0
  late_prevented #20 ATL v LVA @ T-30m              cutoff 2026-08-03T22:44:00+00:00 already passed at 2026-08-0
  already_logged #21 CHI v PHX @ T-90m              idempotent: pair exists
  already_logged #22 GSV v TOR @ T-8h               idempotent: pair exists
  already_logged #23 GSV v TOR @ T-90m              idempotent: pair exists

  already_logged=9, late_prevented=13, skip=2
  arm chain: ok=True n=5 tip=d2ffd82319ef936b
  receipt appended to prospective_pair_runs.jsonl
[arm] exit=0 
====================================================================================================
FORECAST COVERAGE AUDIT   generated 2026-08-05T01:00:06.346290+00:00
====================================================================================================

CUMULATIVE by classification
  missing_job_did_not_run      30
  not_yet_due                  17
  forecast_logged              16
  before_period_start          15
  missing_data_unavailable     4
  late_record                  2

  obligations 84 | due 52 | served 16 | coverage 30.8%
  operational misses 30 | unexplained 0
  PROMOTION-GRADE: NO   (needs >= 95% served, <= 0 operational misses, all explained)

DAILY
  date         oblig  served     due     excl    opmiss arm_recs
  2026-07-30      12       0       0       12         0        0
  2026-07-31      12       6       9        3         0        0
  2026-08-01       8       2       8        0         6        0
  2026-08-02      16       0      16        0        16        0
  2026-08-03      12       6      12        0         3        3
  2026-08-04       4       2       3        1         1        2
  2026-08-05      16       0       4       12         4        0
  2026-08-06       4       0       0        4         0        0

EVERY MISSING OR IRREGULAR OBLIGATION (each must carry an explanation)
  2026-07-31 ATL v SEA T-90m   missing_data_unavailable   job served 1 other game(s) on 2026-07-31 at T-90m
  2026-07-31 WAS v DAL T-90m   missing_data_unavailable   job served 1 other game(s) on 2026-07-31 at T-90m
  2026-07-31 PDX v IND T-30m   missing_data_unavailable   job served 2 other game(s) on 2026-07-31 at T-30m
  2026-08-01 CHI v LVA T-24h   missing_job_did_not_run    no base record for ANY game on 2026-08-01 at T-24h
  2026-08-01 CHI v LVA T-8h    missing_job_did_not_run    no base record for ANY game on 2026-08-01 at T-8h
  2026-08-01 CHI v LVA T-30m   missing_job_did_not_run    no base record for ANY game on 2026-08-01 at T-30m
  2026-08-01 PHX v NYL T-24h   missing_job_did_not_run    no base record for ANY game on 2026-08-01 at T-24h
  2026-08-01 PHX v NYL T-8h    missing_job_did_not_run    no base record for ANY game on 2026-08-01 at T-8h
  2026-08-01 PHX v NYL T-30m   missing_job_did_not_run    no base record for ANY game on 2026-08-01 at T-30m
  2026-08-02 DAL v CON T-24h   missing_job_did_not_run    no base record for ANY game on 2026-08-02 at T-24h
  2026-08-02 DAL v CON T-8h    missing_job_did_not_run    no base record for ANY game on 2026-08-02 at T-8h
  2026-08-02 DAL v CON T-90m   missing_job_did_not_run    no base record for ANY game on 2026-08-02 at T-90m
  2026-08-02 DAL v CON T-30m   missing_job_did_not_run    no base record for ANY game on 2026-08-02 at T-30m
  2026-08-02 GSV v TOR T-24h   missing_job_did_not_run    no base record for ANY game on 2026-08-02 at T-24h
  2026-08-02 GSV v TOR T-8h    missing_job_did_not_run    no base record for ANY game on 2026-08-02 at T-8h
  2026-08-02 GSV v TOR T-90m   missing_job_did_not_run    no base record for ANY game on 2026-08-02 at T-90m
  2026-08-02 GSV v TOR T-30m   missing_job_did_not_run    no base record for ANY game on 2026-08-02 at T-30m
  2026-08-02 MIN v IND T-24h   missing_job_did_not_run    no base record for ANY game on 2026-08-02 at T-24h
  2026-08-02 MIN v IND T-8h    missing_job_did_not_run    no base record for ANY game on 2026-08-02 at T-8h
  2026-08-02 MIN v IND T-90m   missing_job_did_not_run    no base record for ANY game on 2026-08-02 at T-90m
  2026-08-02 MIN v IND T-30m   missing_job_did_not_run    no base record for ANY game on 2026-08-02 at T-30m
  2026-08-02 PDX v LAS T-24h   missing_job_did_not_run    no base record for ANY game on 2026-08-02 at T-24h
  2026-08-02 PDX v LAS T-8h    missing_job_did_not_run    no base record for ANY game on 2026-08-02 at T-8h
  2026-08-02 PDX v LAS T-90m   missing_job_did_not_run    no base record for ANY game on 2026-08-02 at T-90m
  2026-08-02 PDX v LAS T-30m   missing_job_did_not_run    no base record for ANY game on 2026-08-02 at T-30m
  2026-08-03 NYL v SEA T-24h   missing_job_did_not_run    no base record for ANY game on 2026-08-03 at T-24h
  2026-08-03 NYL v SEA T-30m   late_record                created 2026-08-03T22:45:08.958486+00:00 after cutoff
  2026-08-03 ATL v LVA T-24h   missing_job_did_not_run    no base record for ANY game on 2026-08-03 at T-24h
  2026-08-03 ATL v LVA T-30m   late_record                created 2026-08-03T22:45:08.976775+00:00 after cutoff
  2026-08-03 CHI v PHX T-24h   missing_job_did_not_run    no base record for ANY game on 2026-08-03 at T-24h
  2026-08-03 CHI v PHX T-30m   missing_data_unavailable   job served 2 other game(s) on 2026-08-03 at T-30m
  2026-08-04 GSV v TOR T-24h   missing_job_did_not_run    no base record for ANY game on 2026-08-04 at T-24h
  2026-08-05 WAS v DAL T-24h   missing_job_did_not_run    no base record for ANY game on 2026-08-05 at T-24h
  2026-08-05 NYL v SEA T-24h   missing_job_did_not_run    no base record for ANY game on 2026-08-05 at T-24h
  2026-08-05 ATL v PHX T-24h   missing_job_did_not_run    no base record for ANY game on 2026-08-05 at T-24h
  2026-08-05 CHI v LAS T-24h   missing_job_did_not_run    no base record for ANY game on 2026-08-05 at T-24h

wrote forecasts/coverage_audit.csv and forecasts/coverage_receipt.json
[audit] exit=0 
==== Tue 08/04/2026 21:15:03.32 ==== 
[gate] 2026-08-05T01:15:06.704755+00:00  fire=True  -- 1 unserved obligation(s) in window, none would duplicate
       GSV v TOR      T-30m   unserved cutoff 2026-08-05T01:30:00 (+15 min) IN-WINDOW
[gate] BASE RUN DUE
slate date 2026-08-04 (ET) | season 2026 | cutoff 2026-08-05T01:15:09.055835+00:00 | OFFICIAL chain C:\Users\jgallagher\wnba-betting-model\forecasts\forecast_log.jsonl
[WARN] player-layer: GSV: injury-report player 'Iliana Rupert' (Out) matches NO ONE in the team's season history ? new signing or name mismatch; if the status is Out and the player is rostered under another spelling, the gate did NOT fire
[INFO] player-layer: GSV: Miela Sowah (Out) is on the injury report but outside the 3-game recency roster (last rostered 2026-07-10) ? long-term absentee, already excluded from the availability estimate
OFFICIAL chain verified (forecast_log.jsonl): ok=True, n_records=25, tip_sha256=21719fecb28b7d21946cec084a0dd7aa61fe26890a1da855ec0eaf9c7e2d946d — record these two values out of band; tail truncation is only detectable against an external anchor

wrote C:\Users\jgallagher\wnba-betting-model\experiments\forecast_dryrun\forecast_today.csv
wrote C:\Users\jgallagher\wnba-betting-model\experiments\forecast_dryrun\REPORT.md, feature_snapshot.csv, snapshot_manifest.json
chain: 1 logged, 0 duplicates refused

== slate ==
TOR @ GSV tip 2026-08-04 22:00 ET [T-30m] H 87.0 A 78.0 margin +10.5 total 165.1 | market spread -11.5 total 169.5
[base] exit=0 
================================================================================================
PROSPECTIVE PAIR RUNNER  2026-08-05T01:15:10.329420+00:00  model=ridge_score_level_w2c1_v1 hash=5d295bb8b99cd34e
================================================================================================
base records in official chain: 25
  late_prevented #0 ATL v SEA @ T-8h                cutoff 2026-07-31T15:35:00+00:00 already passed at 2026-08-0
  late_prevented #1 WAS v DAL @ T-8h                cutoff 2026-07-31T15:35:00+00:00 already passed at 2026-08-0
  late_prevented #2 PDX v IND @ T-8h                cutoff 2026-07-31T18:06:00+00:00 already passed at 2026-08-0
  late_prevented #3 ATL v SEA @ T-30m               cutoff 2026-07-31T23:05:00+00:00 already passed at 2026-08-0
  late_prevented #4 WAS v DAL @ T-30m               cutoff 2026-07-31T23:05:00+00:00 already passed at 2026-08-0
  late_prevented #5 PDX v IND @ T-90m               cutoff 2026-08-01T00:36:00+00:00 already passed at 2026-08-0
  late_prevented #6 CHI v LVA @ T-90m               cutoff 2026-08-01T15:35:00+00:00 already passed at 2026-08-0
  late_prevented #7 PHX v NYL @ T-90m               cutoff 2026-08-01T17:34:00+00:00 already passed at 2026-08-0
  skip           #8 CHI v LVA @ unknown-tip         base record is an explicit no-forecast; nothing to pair
  skip           #9 PHX v NYL @ unknown-tip         base record is an explicit no-forecast; nothing to pair
  late_prevented #10 NYL v SEA @ T-8h               cutoff 2026-08-03T15:04:00+00:00 already passed at 2026-08-0
  late_prevented #11 ATL v LVA @ T-8h               cutoff 2026-08-03T15:14:00+00:00 already passed at 2026-08-0
  late_prevented #12 CHI v PHX @ T-8h               cutoff 2026-08-03T17:08:00+00:00 already passed at 2026-08-0
  already_logged #13 NYL v SEA @ T-90m              idempotent: pair exists
  already_logged #14 ATL v LVA @ T-90m              idempotent: pair exists
  already_logged #15 CHI v PHX @ T-90m              idempotent: pair exists
  already_logged #16 NYL v SEA @ T-90m              idempotent: pair exists
  already_logged #17 ATL v LVA @ T-90m              idempotent: pair exists
  already_logged #18 CHI v PHX @ T-90m              idempotent: pair exists
  late_prevented #19 NYL v SEA @ T-30m              cutoff 2026-08-03T22:34:00+00:00 already passed at 2026-08-0
  late_prevented #20 ATL v LVA @ T-30m              cutoff 2026-08-03T22:44:00+00:00 already passed at 2026-08-0
  already_logged #21 CHI v PHX @ T-90m              idempotent: pair exists
  already_logged #22 GSV v TOR @ T-8h               idempotent: pair exists
  already_logged #23 GSV v TOR @ T-90m              idempotent: pair exists
  forecast       #24 GSV v TOR @ T-30m                home 89.7 away 77.1 margin +12.61 total 166.9

  already_logged=9, forecast=1, late_prevented=13, skip=2
  arm chain: ok=True n=6 tip=423df6d49ab2e6c1
  receipt appended to prospective_pair_runs.jsonl
[arm] exit=0 
====================================================================================================
FORECAST COVERAGE AUDIT   generated 2026-08-05T01:15:11.481554+00:00
====================================================================================================

CUMULATIVE by classification
  missing_job_did_not_run      30
  forecast_logged              17
  not_yet_due                  16
  before_period_start          15
  missing_data_unavailable     4
  late_record                  2

  obligations 84 | due 53 | served 17 | coverage 32.1%
  operational misses 30 | unexplained 0
  PROMOTION-GRADE: NO   (needs >= 95% served, <= 0 operational misses, all explained)

DAILY
  date         oblig  served     due     excl    opmiss arm_recs
  2026-07-30      12       0       0       12         0        0
  2026-07-31      12       6       9        3         0        0
  2026-08-01       8       2       8        0         6        0
  2026-08-02      16       0      16        0        16        0
  2026-08-03      12       6      12        0         3        3
  2026-08-04       4       3       4        0         1        3
  2026-08-05      16       0       4       12         4        0
  2026-08-06       4       0       0        4         0        0

EVERY MISSING OR IRREGULAR OBLIGATION (each must carry an explanation)
  2026-07-31 ATL v SEA T-90m   missing_data_unavailable   job served 1 other game(s) on 2026-07-31 at T-90m
  2026-07-31 WAS v DAL T-90m   missing_data_unavailable   job served 1 other game(s) on 2026-07-31 at T-90m
  2026-07-31 PDX v IND T-30m   missing_data_unavailable   job served 2 other game(s) on 2026-07-31 at T-30m
  2026-08-01 CHI v LVA T-24h   missing_job_did_not_run    no base record for ANY game on 2026-08-01 at T-24h
  2026-08-01 CHI v LVA T-8h    missing_job_did_not_run    no base record for ANY game on 2026-08-01 at T-8h
  2026-08-01 CHI v LVA T-30m   missing_job_did_not_run    no base record for ANY game on 2026-08-01 at T-30m
  2026-08-01 PHX v NYL T-24h   missing_job_did_not_run    no base record for ANY game on 2026-08-01 at T-24h
  2026-08-01 PHX v NYL T-8h    missing_job_did_not_run    no base record for ANY game on 2026-08-01 at T-8h
  2026-08-01 PHX v NYL T-30m   missing_job_did_not_run    no base record for ANY game on 2026-08-01 at T-30m
  2026-08-02 DAL v CON T-24h   missing_job_did_not_run    no base record for ANY game on 2026-08-02 at T-24h
  2026-08-02 DAL v CON T-8h    missing_job_did_not_run    no base record for ANY game on 2026-08-02 at T-8h
  2026-08-02 DAL v CON T-90m   missing_job_did_not_run    no base record for ANY game on 2026-08-02 at T-90m
  2026-08-02 DAL v CON T-30m   missing_job_did_not_run    no base record for ANY game on 2026-08-02 at T-30m
  2026-08-02 GSV v TOR T-24h   missing_job_did_not_run    no base record for ANY game on 2026-08-02 at T-24h
  2026-08-02 GSV v TOR T-8h    missing_job_did_not_run    no base record for ANY game on 2026-08-02 at T-8h
  2026-08-02 GSV v TOR T-90m   missing_job_did_not_run    no base record for ANY game on 2026-08-02 at T-90m
  2026-08-02 GSV v TOR T-30m   missing_job_did_not_run    no base record for ANY game on 2026-08-02 at T-30m
  2026-08-02 MIN v IND T-24h   missing_job_did_not_run    no base record for ANY game on 2026-08-02 at T-24h
  2026-08-02 MIN v IND T-8h    missing_job_did_not_run    no base record for ANY game on 2026-08-02 at T-8h
  2026-08-02 MIN v IND T-90m   missing_job_did_not_run    no base record for ANY game on 2026-08-02 at T-90m
  2026-08-02 MIN v IND T-30m   missing_job_did_not_run    no base record for ANY game on 2026-08-02 at T-30m
  2026-08-02 PDX v LAS T-24h   missing_job_did_not_run    no base record for ANY game on 2026-08-02 at T-24h
  2026-08-02 PDX v LAS T-8h    missing_job_did_not_run    no base record for ANY game on 2026-08-02 at T-8h
  2026-08-02 PDX v LAS T-90m   missing_job_did_not_run    no base record for ANY game on 2026-08-02 at T-90m
  2026-08-02 PDX v LAS T-30m   missing_job_did_not_run    no base record for ANY game on 2026-08-02 at T-30m
  2026-08-03 NYL v SEA T-24h   missing_job_did_not_run    no base record for ANY game on 2026-08-03 at T-24h
  2026-08-03 NYL v SEA T-30m   late_record                created 2026-08-03T22:45:08.958486+00:00 after cutoff
  2026-08-03 ATL v LVA T-24h   missing_job_did_not_run    no base record for ANY game on 2026-08-03 at T-24h
  2026-08-03 ATL v LVA T-30m   late_record                created 2026-08-03T22:45:08.976775+00:00 after cutoff
  2026-08-03 CHI v PHX T-24h   missing_job_did_not_run    no base record for ANY game on 2026-08-03 at T-24h
  2026-08-03 CHI v PHX T-30m   missing_data_unavailable   job served 2 other game(s) on 2026-08-03 at T-30m
  2026-08-04 GSV v TOR T-24h   missing_job_did_not_run    no base record for ANY game on 2026-08-04 at T-24h
  2026-08-05 WAS v DAL T-24h   missing_job_did_not_run    no base record for ANY game on 2026-08-05 at T-24h
  2026-08-05 NYL v SEA T-24h   missing_job_did_not_run    no base record for ANY game on 2026-08-05 at T-24h
  2026-08-05 ATL v PHX T-24h   missing_job_did_not_run    no base record for ANY game on 2026-08-05 at T-24h
  2026-08-05 CHI v LAS T-24h   missing_job_did_not_run    no base record for ANY game on 2026-08-05 at T-24h

wrote forecasts/coverage_audit.csv and forecasts/coverage_receipt.json
[audit] exit=0 
==== Tue 08/04/2026 21:30:02.98 ==== 
[gate] 2026-08-05T01:30:03.795420+00:00  fire=False  -- would duplicate 1 already-served obligation(s); the base job cannot be scoped to one game
       GSV v TOR      T-30m   SERVED   cutoff 2026-08-05T01:30:00 (-0 min) 
[gate] HOLDING: firing now would append 1 permanent duplicate record(s) to an append-only chain. A missed obligation is recoverable; a duplicate is not.
[gate] skipping the base job
[base] skipped - no unserved obligation in its lead window 
[base] exit=0 
================================================================================================
PROSPECTIVE PAIR RUNNER  2026-08-05T01:30:04.800050+00:00  model=ridge_score_level_w2c1_v1 hash=5d295bb8b99cd34e
================================================================================================
base records in official chain: 25
  late_prevented #0 ATL v SEA @ T-8h                cutoff 2026-07-31T15:35:00+00:00 already passed at 2026-08-0
  late_prevented #1 WAS v DAL @ T-8h                cutoff 2026-07-31T15:35:00+00:00 already passed at 2026-08-0
  late_prevented #2 PDX v IND @ T-8h                cutoff 2026-07-31T18:06:00+00:00 already passed at 2026-08-0
  late_prevented #3 ATL v SEA @ T-30m               cutoff 2026-07-31T23:05:00+00:00 already passed at 2026-08-0
  late_prevented #4 WAS v DAL @ T-30m               cutoff 2026-07-31T23:05:00+00:00 already passed at 2026-08-0
  late_prevented #5 PDX v IND @ T-90m               cutoff 2026-08-01T00:36:00+00:00 already passed at 2026-08-0
  late_prevented #6 CHI v LVA @ T-90m               cutoff 2026-08-01T15:35:00+00:00 already passed at 2026-08-0
  late_prevented #7 PHX v NYL @ T-90m               cutoff 2026-08-01T17:34:00+00:00 already passed at 2026-08-0
  skip           #8 CHI v LVA @ unknown-tip         base record is an explicit no-forecast; nothing to pair
  skip           #9 PHX v NYL @ unknown-tip         base record is an explicit no-forecast; nothing to pair
  late_prevented #10 NYL v SEA @ T-8h               cutoff 2026-08-03T15:04:00+00:00 already passed at 2026-08-0
  late_prevented #11 ATL v LVA @ T-8h               cutoff 2026-08-03T15:14:00+00:00 already passed at 2026-08-0
  late_prevented #12 CHI v PHX @ T-8h               cutoff 2026-08-03T17:08:00+00:00 already passed at 2026-08-0
  already_logged #13 NYL v SEA @ T-90m              idempotent: pair exists
  already_logged #14 ATL v LVA @ T-90m              idempotent: pair exists
  already_logged #15 CHI v PHX @ T-90m              idempotent: pair exists
  already_logged #16 NYL v SEA @ T-90m              idempotent: pair exists
  already_logged #17 ATL v LVA @ T-90m              idempotent: pair exists
  already_logged #18 CHI v PHX @ T-90m              idempotent: pair exists
  late_prevented #19 NYL v SEA @ T-30m              cutoff 2026-08-03T22:34:00+00:00 already passed at 2026-08-0
  late_prevented #20 ATL v LVA @ T-30m              cutoff 2026-08-03T22:44:00+00:00 already passed at 2026-08-0
  already_logged #21 CHI v PHX @ T-90m              idempotent: pair exists
  already_logged #22 GSV v TOR @ T-8h               idempotent: pair exists
  already_logged #23 GSV v TOR @ T-90m              idempotent: pair exists
  already_logged #24 GSV v TOR @ T-30m              idempotent: pair exists

  already_logged=10, late_prevented=13, skip=2
  arm chain: ok=True n=6 tip=423df6d49ab2e6c1
  receipt appended to prospective_pair_runs.jsonl
[arm] exit=0 
====================================================================================================
FORECAST COVERAGE AUDIT   generated 2026-08-05T01:30:05.857181+00:00
====================================================================================================

CUMULATIVE by classification
  missing_job_did_not_run      30
  forecast_logged              17
  not_yet_due                  16
  before_period_start          15
  missing_data_unavailable     4
  late_record                  2

  obligations 84 | due 53 | served 17 | coverage 32.1%
  operational misses 30 | unexplained 0
  PROMOTION-GRADE: NO   (needs >= 95% served, <= 0 operational misses, all explained)

DAILY
  date         oblig  served     due     excl    opmiss arm_recs
  2026-07-30      12       0       0       12         0        0
  2026-07-31      12       6       9        3         0        0
  2026-08-01       8       2       8        0         6        0
  2026-08-02      16       0      16        0        16        0
  2026-08-03      12       6      12        0         3        3
  2026-08-04       4       3       4        0         1        3
  2026-08-05      16       0       4       12         4        0
  2026-08-06       4       0       0        4         0        0

EVERY MISSING OR IRREGULAR OBLIGATION (each must carry an explanation)
  2026-07-31 ATL v SEA T-90m   missing_data_unavailable   job served 1 other game(s) on 2026-07-31 at T-90m
  2026-07-31 WAS v DAL T-90m   missing_data_unavailable   job served 1 other game(s) on 2026-07-31 at T-90m
  2026-07-31 PDX v IND T-30m   missing_data_unavailable   job served 2 other game(s) on 2026-07-31 at T-30m
  2026-08-01 CHI v LVA T-24h   missing_job_did_not_run    no base record for ANY game on 2026-08-01 at T-24h
  2026-08-01 CHI v LVA T-8h    missing_job_did_not_run    no base record for ANY game on 2026-08-01 at T-8h
  2026-08-01 CHI v LVA T-30m   missing_job_did_not_run    no base record for ANY game on 2026-08-01 at T-30m
  2026-08-01 PHX v NYL T-24h   missing_job_did_not_run    no base record for ANY game on 2026-08-01 at T-24h
  2026-08-01 PHX v NYL T-8h    missing_job_did_not_run    no base record for ANY game on 2026-08-01 at T-8h
  2026-08-01 PHX v NYL T-30m   missing_job_did_not_run    no base record for ANY game on 2026-08-01 at T-30m
  2026-08-02 DAL v CON T-24h   missing_job_did_not_run    no base record for ANY game on 2026-08-02 at T-24h
  2026-08-02 DAL v CON T-8h    missing_job_did_not_run    no base record for ANY game on 2026-08-02 at T-8h
  2026-08-02 DAL v CON T-90m   missing_job_did_not_run    no base record for ANY game on 2026-08-02 at T-90m
  2026-08-02 DAL v CON T-30m   missing_job_did_not_run    no base record for ANY game on 2026-08-02 at T-30m
  2026-08-02 GSV v TOR T-24h   missing_job_did_not_run    no base record for ANY game on 2026-08-02 at T-24h
  2026-08-02 GSV v TOR T-8h    missing_job_did_not_run    no base record for ANY game on 2026-08-02 at T-8h
  2026-08-02 GSV v TOR T-90m   missing_job_did_not_run    no base record for ANY game on 2026-08-02 at T-90m
  2026-08-02 GSV v TOR T-30m   missing_job_did_not_run    no base record for ANY game on 2026-08-02 at T-30m
  2026-08-02 MIN v IND T-24h   missing_job_did_not_run    no base record for ANY game on 2026-08-02 at T-24h
  2026-08-02 MIN v IND T-8h    missing_job_did_not_run    no base record for ANY game on 2026-08-02 at T-8h
  2026-08-02 MIN v IND T-90m   missing_job_did_not_run    no base record for ANY game on 2026-08-02 at T-90m
  2026-08-02 MIN v IND T-30m   missing_job_did_not_run    no base record for ANY game on 2026-08-02 at T-30m
  2026-08-02 PDX v LAS T-24h   missing_job_did_not_run    no base record for ANY game on 2026-08-02 at T-24h
  2026-08-02 PDX v LAS T-8h    missing_job_did_not_run    no base record for ANY game on 2026-08-02 at T-8h
  2026-08-02 PDX v LAS T-90m   missing_job_did_not_run    no base record for ANY game on 2026-08-02 at T-90m
  2026-08-02 PDX v LAS T-30m   missing_job_did_not_run    no base record for ANY game on 2026-08-02 at T-30m
  2026-08-03 NYL v SEA T-24h   missing_job_did_not_run    no base record for ANY game on 2026-08-03 at T-24h
  2026-08-03 NYL v SEA T-30m   late_record                created 2026-08-03T22:45:08.958486+00:00 after cutoff
  2026-08-03 ATL v LVA T-24h   missing_job_did_not_run    no base record for ANY game on 2026-08-03 at T-24h
  2026-08-03 ATL v LVA T-30m   late_record                created 2026-08-03T22:45:08.976775+00:00 after cutoff
  2026-08-03 CHI v PHX T-24h   missing_job_did_not_run    no base record for ANY game on 2026-08-03 at T-24h
  2026-08-03 CHI v PHX T-30m   missing_data_unavailable   job served 2 other game(s) on 2026-08-03 at T-30m
  2026-08-04 GSV v TOR T-24h   missing_job_did_not_run    no base record for ANY game on 2026-08-04 at T-24h
  2026-08-05 WAS v DAL T-24h   missing_job_did_not_run    no base record for ANY game on 2026-08-05 at T-24h
  2026-08-05 NYL v SEA T-24h   missing_job_did_not_run    no base record for ANY game on 2026-08-05 at T-24h
  2026-08-05 ATL v PHX T-24h   missing_job_did_not_run    no base record for ANY game on 2026-08-05 at T-24h
  2026-08-05 CHI v LAS T-24h   missing_job_did_not_run    no base record for ANY game on 2026-08-05 at T-24h

wrote forecasts/coverage_audit.csv and forecasts/coverage_receipt.json
[audit] exit=0 
==== Tue 08/04/2026 21:45:02.99 ==== 
[gate] 2026-08-05T01:45:03.658277+00:00  fire=False  -- would duplicate 1 already-served obligation(s); the base job cannot be scoped to one game
       GSV v TOR      T-30m   SERVED   cutoff 2026-08-05T01:30:00 (-15 min) 
[gate] HOLDING: firing now would append 1 permanent duplicate record(s) to an append-only chain. A missed obligation is recoverable; a duplicate is not.
[gate] skipping the base job
[base] skipped - no unserved obligation in its lead window 
[base] exit=0 
================================================================================================
PROSPECTIVE PAIR RUNNER  2026-08-05T01:45:04.534081+00:00  model=ridge_score_level_w2c1_v1 hash=5d295bb8b99cd34e
================================================================================================
base records in official chain: 25
  late_prevented #0 ATL v SEA @ T-8h                cutoff 2026-07-31T15:35:00+00:00 already passed at 2026-08-0
  late_prevented #1 WAS v DAL @ T-8h                cutoff 2026-07-31T15:35:00+00:00 already passed at 2026-08-0
  late_prevented #2 PDX v IND @ T-8h                cutoff 2026-07-31T18:06:00+00:00 already passed at 2026-08-0
  late_prevented #3 ATL v SEA @ T-30m               cutoff 2026-07-31T23:05:00+00:00 already passed at 2026-08-0
  late_prevented #4 WAS v DAL @ T-30m               cutoff 2026-07-31T23:05:00+00:00 already passed at 2026-08-0
  late_prevented #5 PDX v IND @ T-90m               cutoff 2026-08-01T00:36:00+00:00 already passed at 2026-08-0
  late_prevented #6 CHI v LVA @ T-90m               cutoff 2026-08-01T15:35:00+00:00 already passed at 2026-08-0
  late_prevented #7 PHX v NYL @ T-90m               cutoff 2026-08-01T17:34:00+00:00 already passed at 2026-08-0
  skip           #8 CHI v LVA @ unknown-tip         base record is an explicit no-forecast; nothing to pair
  skip           #9 PHX v NYL @ unknown-tip         base record is an explicit no-forecast; nothing to pair
  late_prevented #10 NYL v SEA @ T-8h               cutoff 2026-08-03T15:04:00+00:00 already passed at 2026-08-0
  late_prevented #11 ATL v LVA @ T-8h               cutoff 2026-08-03T15:14:00+00:00 already passed at 2026-08-0
  late_prevented #12 CHI v PHX @ T-8h               cutoff 2026-08-03T17:08:00+00:00 already passed at 2026-08-0
  already_logged #13 NYL v SEA @ T-90m              idempotent: pair exists
  already_logged #14 ATL v LVA @ T-90m              idempotent: pair exists
  already_logged #15 CHI v PHX @ T-90m              idempotent: pair exists
  already_logged #16 NYL v SEA @ T-90m              idempotent: pair exists
  already_logged #17 ATL v LVA @ T-90m              idempotent: pair exists
  already_logged #18 CHI v PHX @ T-90m              idempotent: pair exists
  late_prevented #19 NYL v SEA @ T-30m              cutoff 2026-08-03T22:34:00+00:00 already passed at 2026-08-0
  late_prevented #20 ATL v LVA @ T-30m              cutoff 2026-08-03T22:44:00+00:00 already passed at 2026-08-0
  already_logged #21 CHI v PHX @ T-90m              idempotent: pair exists
  already_logged #22 GSV v TOR @ T-8h               idempotent: pair exists
  already_logged #23 GSV v TOR @ T-90m              idempotent: pair exists
  already_logged #24 GSV v TOR @ T-30m              idempotent: pair exists

  already_logged=10, late_prevented=13, skip=2
  arm chain: ok=True n=6 tip=423df6d49ab2e6c1
  receipt appended to prospective_pair_runs.jsonl
[arm] exit=0 
====================================================================================================
FORECAST COVERAGE AUDIT   generated 2026-08-05T01:45:05.496041+00:00
====================================================================================================

CUMULATIVE by classification
  missing_job_did_not_run      30
  forecast_logged              17
  not_yet_due                  16
  before_period_start          15
  missing_data_unavailable     4
  late_record                  2

  obligations 84 | due 53 | served 17 | coverage 32.1%
  operational misses 30 | unexplained 0
  PROMOTION-GRADE: NO   (needs >= 95% served, <= 0 operational misses, all explained)

DAILY
  date         oblig  served     due     excl    opmiss arm_recs
  2026-07-30      12       0       0       12         0        0
  2026-07-31      12       6       9        3         0        0
  2026-08-01       8       2       8        0         6        0
  2026-08-02      16       0      16        0        16        0
  2026-08-03      12       6      12        0         3        3
  2026-08-04       4       3       4        0         1        3
  2026-08-05      16       0       4       12         4        0
  2026-08-06       4       0       0        4         0        0

EVERY MISSING OR IRREGULAR OBLIGATION (each must carry an explanation)
  2026-07-31 ATL v SEA T-90m   missing_data_unavailable   job served 1 other game(s) on 2026-07-31 at T-90m
  2026-07-31 WAS v DAL T-90m   missing_data_unavailable   job served 1 other game(s) on 2026-07-31 at T-90m
  2026-07-31 PDX v IND T-30m   missing_data_unavailable   job served 2 other game(s) on 2026-07-31 at T-30m
  2026-08-01 CHI v LVA T-24h   missing_job_did_not_run    no base record for ANY game on 2026-08-01 at T-24h
  2026-08-01 CHI v LVA T-8h    missing_job_did_not_run    no base record for ANY game on 2026-08-01 at T-8h
  2026-08-01 CHI v LVA T-30m   missing_job_did_not_run    no base record for ANY game on 2026-08-01 at T-30m
  2026-08-01 PHX v NYL T-24h   missing_job_did_not_run    no base record for ANY game on 2026-08-01 at T-24h
  2026-08-01 PHX v NYL T-8h    missing_job_did_not_run    no base record for ANY game on 2026-08-01 at T-8h
  2026-08-01 PHX v NYL T-30m   missing_job_did_not_run    no base record for ANY game on 2026-08-01 at T-30m
  2026-08-02 DAL v CON T-24h   missing_job_did_not_run    no base record for ANY game on 2026-08-02 at T-24h
  2026-08-02 DAL v CON T-8h    missing_job_did_not_run    no base record for ANY game on 2026-08-02 at T-8h
  2026-08-02 DAL v CON T-90m   missing_job_did_not_run    no base record for ANY game on 2026-08-02 at T-90m
  2026-08-02 DAL v CON T-30m   missing_job_did_not_run    no base record for ANY game on 2026-08-02 at T-30m
  2026-08-02 GSV v TOR T-24h   missing_job_did_not_run    no base record for ANY game on 2026-08-02 at T-24h
  2026-08-02 GSV v TOR T-8h    missing_job_did_not_run    no base record for ANY game on 2026-08-02 at T-8h
  2026-08-02 GSV v TOR T-90m   missing_job_did_not_run    no base record for ANY game on 2026-08-02 at T-90m
  2026-08-02 GSV v TOR T-30m   missing_job_did_not_run    no base record for ANY game on 2026-08-02 at T-30m
  2026-08-02 MIN v IND T-24h   missing_job_did_not_run    no base record for ANY game on 2026-08-02 at T-24h
  2026-08-02 MIN v IND T-8h    missing_job_did_not_run    no base record for ANY game on 2026-08-02 at T-8h
  2026-08-02 MIN v IND T-90m   missing_job_did_not_run    no base record for ANY game on 2026-08-02 at T-90m
  2026-08-02 MIN v IND T-30m   missing_job_did_not_run    no base record for ANY game on 2026-08-02 at T-30m
  2026-08-02 PDX v LAS T-24h   missing_job_did_not_run    no base record for ANY game on 2026-08-02 at T-24h
  2026-08-02 PDX v LAS T-8h    missing_job_did_not_run    no base record for ANY game on 2026-08-02 at T-8h
  2026-08-02 PDX v LAS T-90m   missing_job_did_not_run    no base record for ANY game on 2026-08-02 at T-90m
  2026-08-02 PDX v LAS T-30m   missing_job_did_not_run    no base record for ANY game on 2026-08-02 at T-30m
  2026-08-03 NYL v SEA T-24h   missing_job_did_not_run    no base record for ANY game on 2026-08-03 at T-24h
  2026-08-03 NYL v SEA T-30m   late_record                created 2026-08-03T22:45:08.958486+00:00 after cutoff
  2026-08-03 ATL v LVA T-24h   missing_job_did_not_run    no base record for ANY game on 2026-08-03 at T-24h
  2026-08-03 ATL v LVA T-30m   late_record                created 2026-08-03T22:45:08.976775+00:00 after cutoff
  2026-08-03 CHI v PHX T-24h   missing_job_did_not_run    no base record for ANY game on 2026-08-03 at T-24h
  2026-08-03 CHI v PHX T-30m   missing_data_unavailable   job served 2 other game(s) on 2026-08-03 at T-30m
  2026-08-04 GSV v TOR T-24h   missing_job_did_not_run    no base record for ANY game on 2026-08-04 at T-24h
  2026-08-05 WAS v DAL T-24h   missing_job_did_not_run    no base record for ANY game on 2026-08-05 at T-24h
  2026-08-05 NYL v SEA T-24h   missing_job_did_not_run    no base record for ANY game on 2026-08-05 at T-24h
  2026-08-05 ATL v PHX T-24h   missing_job_did_not_run    no base record for ANY game on 2026-08-05 at T-24h
  2026-08-05 CHI v LAS T-24h   missing_job_did_not_run    no base record for ANY game on 2026-08-05 at T-24h

wrote forecasts/coverage_audit.csv and forecasts/coverage_receipt.json
[audit] exit=0 
==== Tue 08/04/2026 22:00:02.99 ==== 
[gate] 2026-08-05T02:00:06.430362+00:00  fire=False  -- would duplicate 1 already-served obligation(s); the base job cannot be scoped to one game
       GSV v TOR      T-30m   SERVED   cutoff 2026-08-05T01:33:00 (-27 min) 
[gate] HOLDING: firing now would append 1 permanent duplicate record(s) to an append-only chain. A missed obligation is recoverable; a duplicate is not.
[gate] skipping the base job
[base] skipped - no unserved obligation in its lead window 
[base] exit=0 
================================================================================================
PROSPECTIVE PAIR RUNNER  2026-08-05T02:00:08.764070+00:00  model=ridge_score_level_w2c1_v1 hash=5d295bb8b99cd34e
================================================================================================
base records in official chain: 25
  late_prevented #0 ATL v SEA @ T-8h                cutoff 2026-07-31T15:35:00+00:00 already passed at 2026-08-0
  late_prevented #1 WAS v DAL @ T-8h                cutoff 2026-07-31T15:35:00+00:00 already passed at 2026-08-0
  late_prevented #2 PDX v IND @ T-8h                cutoff 2026-07-31T18:06:00+00:00 already passed at 2026-08-0
  late_prevented #3 ATL v SEA @ T-30m               cutoff 2026-07-31T23:05:00+00:00 already passed at 2026-08-0
  late_prevented #4 WAS v DAL @ T-30m               cutoff 2026-07-31T23:05:00+00:00 already passed at 2026-08-0
  late_prevented #5 PDX v IND @ T-90m               cutoff 2026-08-01T00:36:00+00:00 already passed at 2026-08-0
  late_prevented #6 CHI v LVA @ T-90m               cutoff 2026-08-01T15:35:00+00:00 already passed at 2026-08-0
  late_prevented #7 PHX v NYL @ T-90m               cutoff 2026-08-01T17:34:00+00:00 already passed at 2026-08-0
  skip           #8 CHI v LVA @ unknown-tip         base record is an explicit no-forecast; nothing to pair
  skip           #9 PHX v NYL @ unknown-tip         base record is an explicit no-forecast; nothing to pair
  late_prevented #10 NYL v SEA @ T-8h               cutoff 2026-08-03T15:04:00+00:00 already passed at 2026-08-0
  late_prevented #11 ATL v LVA @ T-8h               cutoff 2026-08-03T15:14:00+00:00 already passed at 2026-08-0
  late_prevented #12 CHI v PHX @ T-8h               cutoff 2026-08-03T17:08:00+00:00 already passed at 2026-08-0
  already_logged #13 NYL v SEA @ T-90m              idempotent: pair exists
  already_logged #14 ATL v LVA @ T-90m              idempotent: pair exists
  already_logged #15 CHI v PHX @ T-90m              idempotent: pair exists
  already_logged #16 NYL v SEA @ T-90m              idempotent: pair exists
  already_logged #17 ATL v LVA @ T-90m              idempotent: pair exists
  already_logged #18 CHI v PHX @ T-90m              idempotent: pair exists
  late_prevented #19 NYL v SEA @ T-30m              cutoff 2026-08-03T22:34:00+00:00 already passed at 2026-08-0
  late_prevented #20 ATL v LVA @ T-30m              cutoff 2026-08-03T22:44:00+00:00 already passed at 2026-08-0
  already_logged #21 CHI v PHX @ T-90m              idempotent: pair exists
  already_logged #22 GSV v TOR @ T-8h               idempotent: pair exists
  already_logged #23 GSV v TOR @ T-90m              idempotent: pair exists
  already_logged #24 GSV v TOR @ T-30m              idempotent: pair exists

  already_logged=10, late_prevented=13, skip=2
  arm chain: ok=True n=6 tip=423df6d49ab2e6c1
  receipt appended to prospective_pair_runs.jsonl
[arm] exit=0 
====================================================================================================
FORECAST COVERAGE AUDIT   generated 2026-08-05T02:00:09.701692+00:00
====================================================================================================

CUMULATIVE by classification
  missing_job_did_not_run      30
  forecast_logged              17
  not_yet_due                  16
  before_period_start          15
  missing_data_unavailable     4
  late_record                  2

  obligations 84 | due 53 | served 17 | coverage 32.1%
  operational misses 30 | unexplained 0
  PROMOTION-GRADE: NO   (needs >= 95% served, <= 0 operational misses, all explained)

DAILY
  date         oblig  served     due     excl    opmiss arm_recs
  2026-07-30      12       0       0       12         0        0
  2026-07-31      12       6       9        3         0        0
  2026-08-01       8       2       8        0         6        0
  2026-08-02      16       0      16        0        16        0
  2026-08-03      12       6      12        0         3        3
  2026-08-04       4       3       4        0         1        3
  2026-08-05      16       0       4       12         4        0
  2026-08-06       4       0       0        4         0        0

EVERY MISSING OR IRREGULAR OBLIGATION (each must carry an explanation)
  2026-07-31 ATL v SEA T-90m   missing_data_unavailable   job served 1 other game(s) on 2026-07-31 at T-90m
  2026-07-31 WAS v DAL T-90m   missing_data_unavailable   job served 1 other game(s) on 2026-07-31 at T-90m
  2026-07-31 PDX v IND T-30m   missing_data_unavailable   job served 2 other game(s) on 2026-07-31 at T-30m
  2026-08-01 CHI v LVA T-24h   missing_job_did_not_run    no base record for ANY game on 2026-08-01 at T-24h
  2026-08-01 CHI v LVA T-8h    missing_job_did_not_run    no base record for ANY game on 2026-08-01 at T-8h
  2026-08-01 CHI v LVA T-30m   missing_job_did_not_run    no base record for ANY game on 2026-08-01 at T-30m
  2026-08-01 PHX v NYL T-24h   missing_job_did_not_run    no base record for ANY game on 2026-08-01 at T-24h
  2026-08-01 PHX v NYL T-8h    missing_job_did_not_run    no base record for ANY game on 2026-08-01 at T-8h
  2026-08-01 PHX v NYL T-30m   missing_job_did_not_run    no base record for ANY game on 2026-08-01 at T-30m
  2026-08-02 DAL v CON T-24h   missing_job_did_not_run    no base record for ANY game on 2026-08-02 at T-24h
  2026-08-02 DAL v CON T-8h    missing_job_did_not_run    no base record for ANY game on 2026-08-02 at T-8h
  2026-08-02 DAL v CON T-90m   missing_job_did_not_run    no base record for ANY game on 2026-08-02 at T-90m
  2026-08-02 DAL v CON T-30m   missing_job_did_not_run    no base record for ANY game on 2026-08-02 at T-30m
  2026-08-02 GSV v TOR T-24h   missing_job_did_not_run    no base record for ANY game on 2026-08-02 at T-24h
  2026-08-02 GSV v TOR T-8h    missing_job_did_not_run    no base record for ANY game on 2026-08-02 at T-8h
  2026-08-02 GSV v TOR T-90m   missing_job_did_not_run    no base record for ANY game on 2026-08-02 at T-90m
  2026-08-02 GSV v TOR T-30m   missing_job_did_not_run    no base record for ANY game on 2026-08-02 at T-30m
  2026-08-02 MIN v IND T-24h   missing_job_did_not_run    no base record for ANY game on 2026-08-02 at T-24h
  2026-08-02 MIN v IND T-8h    missing_job_did_not_run    no base record for ANY game on 2026-08-02 at T-8h
  2026-08-02 MIN v IND T-90m   missing_job_did_not_run    no base record for ANY game on 2026-08-02 at T-90m
  2026-08-02 MIN v IND T-30m   missing_job_did_not_run    no base record for ANY game on 2026-08-02 at T-30m
  2026-08-02 PDX v LAS T-24h   missing_job_did_not_run    no base record for ANY game on 2026-08-02 at T-24h
  2026-08-02 PDX v LAS T-8h    missing_job_did_not_run    no base record for ANY game on 2026-08-02 at T-8h
  2026-08-02 PDX v LAS T-90m   missing_job_did_not_run    no base record for ANY game on 2026-08-02 at T-90m
  2026-08-02 PDX v LAS T-30m   missing_job_did_not_run    no base record for ANY game on 2026-08-02 at T-30m
  2026-08-03 NYL v SEA T-24h   missing_job_did_not_run    no base record for ANY game on 2026-08-03 at T-24h
  2026-08-03 NYL v SEA T-30m   late_record                created 2026-08-03T22:45:08.958486+00:00 after cutoff
  2026-08-03 ATL v LVA T-24h   missing_job_did_not_run    no base record for ANY game on 2026-08-03 at T-24h
  2026-08-03 ATL v LVA T-30m   late_record                created 2026-08-03T22:45:08.976775+00:00 after cutoff
  2026-08-03 CHI v PHX T-24h   missing_job_did_not_run    no base record for ANY game on 2026-08-03 at T-24h
  2026-08-03 CHI v PHX T-30m   missing_data_unavailable   job served 2 other game(s) on 2026-08-03 at T-30m
  2026-08-04 GSV v TOR T-24h   missing_job_did_not_run    no base record for ANY game on 2026-08-04 at T-24h
  2026-08-05 WAS v DAL T-24h   missing_job_did_not_run    no base record for ANY game on 2026-08-05 at T-24h
  2026-08-05 NYL v SEA T-24h   missing_job_did_not_run    no base record for ANY game on 2026-08-05 at T-24h
  2026-08-05 ATL v PHX T-24h   missing_job_did_not_run    no base record for ANY game on 2026-08-05 at T-24h
  2026-08-05 CHI v LAS T-24h   missing_job_did_not_run    no base record for ANY game on 2026-08-05 at T-24h

wrote forecasts/coverage_audit.csv and forecasts/coverage_receipt.json
[audit] exit=0 
==== Tue 08/04/2026 22:15:03.23 ==== 
[gate] 2026-08-05T02:15:06.661210+00:00  fire=False  -- no unserved obligation inside its 20-minute lead window
[gate] skipping the base job
[base] skipped - no unserved obligation in its lead window 
[base] exit=0 
================================================================================================
PROSPECTIVE PAIR RUNNER  2026-08-05T02:15:09.005558+00:00  model=ridge_score_level_w2c1_v1 hash=5d295bb8b99cd34e
================================================================================================
base records in official chain: 25
  late_prevented #0 ATL v SEA @ T-8h                cutoff 2026-07-31T15:35:00+00:00 already passed at 2026-08-0
  late_prevented #1 WAS v DAL @ T-8h                cutoff 2026-07-31T15:35:00+00:00 already passed at 2026-08-0
  late_prevented #2 PDX v IND @ T-8h                cutoff 2026-07-31T18:06:00+00:00 already passed at 2026-08-0
  late_prevented #3 ATL v SEA @ T-30m               cutoff 2026-07-31T23:05:00+00:00 already passed at 2026-08-0
  late_prevented #4 WAS v DAL @ T-30m               cutoff 2026-07-31T23:05:00+00:00 already passed at 2026-08-0
  late_prevented #5 PDX v IND @ T-90m               cutoff 2026-08-01T00:36:00+00:00 already passed at 2026-08-0
  late_prevented #6 CHI v LVA @ T-90m               cutoff 2026-08-01T15:35:00+00:00 already passed at 2026-08-0
  late_prevented #7 PHX v NYL @ T-90m               cutoff 2026-08-01T17:34:00+00:00 already passed at 2026-08-0
  skip           #8 CHI v LVA @ unknown-tip         base record is an explicit no-forecast; nothing to pair
  skip           #9 PHX v NYL @ unknown-tip         base record is an explicit no-forecast; nothing to pair
  late_prevented #10 NYL v SEA @ T-8h               cutoff 2026-08-03T15:04:00+00:00 already passed at 2026-08-0
  late_prevented #11 ATL v LVA @ T-8h               cutoff 2026-08-03T15:14:00+00:00 already passed at 2026-08-0
  late_prevented #12 CHI v PHX @ T-8h               cutoff 2026-08-03T17:08:00+00:00 already passed at 2026-08-0
  already_logged #13 NYL v SEA @ T-90m              idempotent: pair exists
  already_logged #14 ATL v LVA @ T-90m              idempotent: pair exists
  already_logged #15 CHI v PHX @ T-90m              idempotent: pair exists
  already_logged #16 NYL v SEA @ T-90m              idempotent: pair exists
  already_logged #17 ATL v LVA @ T-90m              idempotent: pair exists
  already_logged #18 CHI v PHX @ T-90m              idempotent: pair exists
  late_prevented #19 NYL v SEA @ T-30m              cutoff 2026-08-03T22:34:00+00:00 already passed at 2026-08-0
  late_prevented #20 ATL v LVA @ T-30m              cutoff 2026-08-03T22:44:00+00:00 already passed at 2026-08-0
  already_logged #21 CHI v PHX @ T-90m              idempotent: pair exists
  already_logged #22 GSV v TOR @ T-8h               idempotent: pair exists
  already_logged #23 GSV v TOR @ T-90m              idempotent: pair exists
  already_logged #24 GSV v TOR @ T-30m              idempotent: pair exists

  already_logged=10, late_prevented=13, skip=2
  arm chain: ok=True n=6 tip=423df6d49ab2e6c1
  receipt appended to prospective_pair_runs.jsonl
[arm] exit=0 
====================================================================================================
FORECAST COVERAGE AUDIT   generated 2026-08-05T02:15:09.989551+00:00
====================================================================================================

CUMULATIVE by classification
  missing_job_did_not_run      30
  forecast_logged              17
  not_yet_due                  16
  before_period_start          15
  missing_data_unavailable     4
  late_record                  2

  obligations 84 | due 53 | served 17 | coverage 32.1%
  operational misses 30 | unexplained 0
  PROMOTION-GRADE: NO   (needs >= 95% served, <= 0 operational misses, all explained)

DAILY
  date         oblig  served     due     excl    opmiss arm_recs
  2026-07-30      12       0       0       12         0        0
  2026-07-31      12       6       9        3         0        0
  2026-08-01       8       2       8        0         6        0
  2026-08-02      16       0      16        0        16        0
  2026-08-03      12       6      12        0         3        3
  2026-08-04       4       3       4        0         1        3
  2026-08-05      16       0       4       12         4        0
  2026-08-06       4       0       0        4         0        0

EVERY MISSING OR IRREGULAR OBLIGATION (each must carry an explanation)
  2026-07-31 ATL v SEA T-90m   missing_data_unavailable   job served 1 other game(s) on 2026-07-31 at T-90m
  2026-07-31 WAS v DAL T-90m   missing_data_unavailable   job served 1 other game(s) on 2026-07-31 at T-90m
  2026-07-31 PDX v IND T-30m   missing_data_unavailable   job served 2 other game(s) on 2026-07-31 at T-30m
  2026-08-01 CHI v LVA T-24h   missing_job_did_not_run    no base record for ANY game on 2026-08-01 at T-24h
  2026-08-01 CHI v LVA T-8h    missing_job_did_not_run    no base record for ANY game on 2026-08-01 at T-8h
  2026-08-01 CHI v LVA T-30m   missing_job_did_not_run    no base record for ANY game on 2026-08-01 at T-30m
  2026-08-01 PHX v NYL T-24h   missing_job_did_not_run    no base record for ANY game on 2026-08-01 at T-24h
  2026-08-01 PHX v NYL T-8h    missing_job_did_not_run    no base record for ANY game on 2026-08-01 at T-8h
  2026-08-01 PHX v NYL T-30m   missing_job_did_not_run    no base record for ANY game on 2026-08-01 at T-30m
  2026-08-02 DAL v CON T-24h   missing_job_did_not_run    no base record for ANY game on 2026-08-02 at T-24h
  2026-08-02 DAL v CON T-8h    missing_job_did_not_run    no base record for ANY game on 2026-08-02 at T-8h
  2026-08-02 DAL v CON T-90m   missing_job_did_not_run    no base record for ANY game on 2026-08-02 at T-90m
  2026-08-02 DAL v CON T-30m   missing_job_did_not_run    no base record for ANY game on 2026-08-02 at T-30m
  2026-08-02 GSV v TOR T-24h   missing_job_did_not_run    no base record for ANY game on 2026-08-02 at T-24h
  2026-08-02 GSV v TOR T-8h    missing_job_did_not_run    no base record for ANY game on 2026-08-02 at T-8h
  2026-08-02 GSV v TOR T-90m   missing_job_did_not_run    no base record for ANY game on 2026-08-02 at T-90m
  2026-08-02 GSV v TOR T-30m   missing_job_did_not_run    no base record for ANY game on 2026-08-02 at T-30m
  2026-08-02 MIN v IND T-24h   missing_job_did_not_run    no base record for ANY game on 2026-08-02 at T-24h
  2026-08-02 MIN v IND T-8h    missing_job_did_not_run    no base record for ANY game on 2026-08-02 at T-8h
  2026-08-02 MIN v IND T-90m   missing_job_did_not_run    no base record for ANY game on 2026-08-02 at T-90m
  2026-08-02 MIN v IND T-30m   missing_job_did_not_run    no base record for ANY game on 2026-08-02 at T-30m
  2026-08-02 PDX v LAS T-24h   missing_job_did_not_run    no base record for ANY game on 2026-08-02 at T-24h
  2026-08-02 PDX v LAS T-8h    missing_job_did_not_run    no base record for ANY game on 2026-08-02 at T-8h
  2026-08-02 PDX v LAS T-90m   missing_job_did_not_run    no base record for ANY game on 2026-08-02 at T-90m
  2026-08-02 PDX v LAS T-30m   missing_job_did_not_run    no base record for ANY game on 2026-08-02 at T-30m
  2026-08-03 NYL v SEA T-24h   missing_job_did_not_run    no base record for ANY game on 2026-08-03 at T-24h
  2026-08-03 NYL v SEA T-30m   late_record                created 2026-08-03T22:45:08.958486+00:00 after cutoff
  2026-08-03 ATL v LVA T-24h   missing_job_did_not_run    no base record for ANY game on 2026-08-03 at T-24h
  2026-08-03 ATL v LVA T-30m   late_record                created 2026-08-03T22:45:08.976775+00:00 after cutoff
  2026-08-03 CHI v PHX T-24h   missing_job_did_not_run    no base record for ANY game on 2026-08-03 at T-24h
  2026-08-03 CHI v PHX T-30m   missing_data_unavailable   job served 2 other game(s) on 2026-08-03 at T-30m
  2026-08-04 GSV v TOR T-24h   missing_job_did_not_run    no base record for ANY game on 2026-08-04 at T-24h
  2026-08-05 WAS v DAL T-24h   missing_job_did_not_run    no base record for ANY game on 2026-08-05 at T-24h
  2026-08-05 NYL v SEA T-24h   missing_job_did_not_run    no base record for ANY game on 2026-08-05 at T-24h
  2026-08-05 ATL v PHX T-24h   missing_job_did_not_run    no base record for ANY game on 2026-08-05 at T-24h
  2026-08-05 CHI v LAS T-24h   missing_job_did_not_run    no base record for ANY game on 2026-08-05 at T-24h

wrote forecasts/coverage_audit.csv and forecasts/coverage_receipt.json
[audit] exit=0 
==== Tue 08/04/2026 22:30:03.20 ==== 
[gate] 2026-08-05T02:30:06.899114+00:00  fire=False  -- no unserved obligation inside its 20-minute lead window
[gate] skipping the base job
[base] skipped - no unserved obligation in its lead window 
[base] exit=0 
================================================================================================
PROSPECTIVE PAIR RUNNER  2026-08-05T02:30:09.316776+00:00  model=ridge_score_level_w2c1_v1 hash=5d295bb8b99cd34e
================================================================================================
base records in official chain: 25
  late_prevented #0 ATL v SEA @ T-8h                cutoff 2026-07-31T15:35:00+00:00 already passed at 2026-08-0
  late_prevented #1 WAS v DAL @ T-8h                cutoff 2026-07-31T15:35:00+00:00 already passed at 2026-08-0
  late_prevented #2 PDX v IND @ T-8h                cutoff 2026-07-31T18:06:00+00:00 already passed at 2026-08-0
  late_prevented #3 ATL v SEA @ T-30m               cutoff 2026-07-31T23:05:00+00:00 already passed at 2026-08-0
  late_prevented #4 WAS v DAL @ T-30m               cutoff 2026-07-31T23:05:00+00:00 already passed at 2026-08-0
  late_prevented #5 PDX v IND @ T-90m               cutoff 2026-08-01T00:36:00+00:00 already passed at 2026-08-0
  late_prevented #6 CHI v LVA @ T-90m               cutoff 2026-08-01T15:35:00+00:00 already passed at 2026-08-0
  late_prevented #7 PHX v NYL @ T-90m               cutoff 2026-08-01T17:34:00+00:00 already passed at 2026-08-0
  skip           #8 CHI v LVA @ unknown-tip         base record is an explicit no-forecast; nothing to pair
  skip           #9 PHX v NYL @ unknown-tip         base record is an explicit no-forecast; nothing to pair
  late_prevented #10 NYL v SEA @ T-8h               cutoff 2026-08-03T15:04:00+00:00 already passed at 2026-08-0
  late_prevented #11 ATL v LVA @ T-8h               cutoff 2026-08-03T15:14:00+00:00 already passed at 2026-08-0
  late_prevented #12 CHI v PHX @ T-8h               cutoff 2026-08-03T17:08:00+00:00 already passed at 2026-08-0
  already_logged #13 NYL v SEA @ T-90m              idempotent: pair exists
  already_logged #14 ATL v LVA @ T-90m              idempotent: pair exists
  already_logged #15 CHI v PHX @ T-90m              idempotent: pair exists
  already_logged #16 NYL v SEA @ T-90m              idempotent: pair exists
  already_logged #17 ATL v LVA @ T-90m              idempotent: pair exists
  already_logged #18 CHI v PHX @ T-90m              idempotent: pair exists
  late_prevented #19 NYL v SEA @ T-30m              cutoff 2026-08-03T22:34:00+00:00 already passed at 2026-08-0
  late_prevented #20 ATL v LVA @ T-30m              cutoff 2026-08-03T22:44:00+00:00 already passed at 2026-08-0
  already_logged #21 CHI v PHX @ T-90m              idempotent: pair exists
  already_logged #22 GSV v TOR @ T-8h               idempotent: pair exists
  already_logged #23 GSV v TOR @ T-90m              idempotent: pair exists
  already_logged #24 GSV v TOR @ T-30m              idempotent: pair exists

  already_logged=10, late_prevented=13, skip=2
  arm chain: ok=True n=6 tip=423df6d49ab2e6c1
  receipt appended to prospective_pair_runs.jsonl
[arm] exit=0 
====================================================================================================
FORECAST COVERAGE AUDIT   generated 2026-08-05T02:30:10.311712+00:00
====================================================================================================

CUMULATIVE by classification
  missing_job_did_not_run      30
  forecast_logged              17
  not_yet_due                  16
  before_period_start          15
  missing_data_unavailable     4
  late_record                  2

  obligations 84 | due 53 | served 17 | coverage 32.1%
  operational misses 30 | unexplained 0
  PROMOTION-GRADE: NO   (needs >= 95% served, <= 0 operational misses, all explained)

DAILY
  date         oblig  served     due     excl    opmiss arm_recs
  2026-07-30      12       0       0       12         0        0
  2026-07-31      12       6       9        3         0        0
  2026-08-01       8       2       8        0         6        0
  2026-08-02      16       0      16        0        16        0
  2026-08-03      12       6      12        0         3        3
  2026-08-04       4       3       4        0         1        3
  2026-08-05      16       0       4       12         4        0
  2026-08-06       4       0       0        4         0        0

EVERY MISSING OR IRREGULAR OBLIGATION (each must carry an explanation)
  2026-07-31 ATL v SEA T-90m   missing_data_unavailable   job served 1 other game(s) on 2026-07-31 at T-90m
  2026-07-31 WAS v DAL T-90m   missing_data_unavailable   job served 1 other game(s) on 2026-07-31 at T-90m
  2026-07-31 PDX v IND T-30m   missing_data_unavailable   job served 2 other game(s) on 2026-07-31 at T-30m
  2026-08-01 CHI v LVA T-24h   missing_job_did_not_run    no base record for ANY game on 2026-08-01 at T-24h
  2026-08-01 CHI v LVA T-8h    missing_job_did_not_run    no base record for ANY game on 2026-08-01 at T-8h
  2026-08-01 CHI v LVA T-30m   missing_job_did_not_run    no base record for ANY game on 2026-08-01 at T-30m
  2026-08-01 PHX v NYL T-24h   missing_job_did_not_run    no base record for ANY game on 2026-08-01 at T-24h
  2026-08-01 PHX v NYL T-8h    missing_job_did_not_run    no base record for ANY game on 2026-08-01 at T-8h
  2026-08-01 PHX v NYL T-30m   missing_job_did_not_run    no base record for ANY game on 2026-08-01 at T-30m
  2026-08-02 DAL v CON T-24h   missing_job_did_not_run    no base record for ANY game on 2026-08-02 at T-24h
  2026-08-02 DAL v CON T-8h    missing_job_did_not_run    no base record for ANY game on 2026-08-02 at T-8h
  2026-08-02 DAL v CON T-90m   missing_job_did_not_run    no base record for ANY game on 2026-08-02 at T-90m
  2026-08-02 DAL v CON T-30m   missing_job_did_not_run    no base record for ANY game on 2026-08-02 at T-30m
  2026-08-02 GSV v TOR T-24h   missing_job_did_not_run    no base record for ANY game on 2026-08-02 at T-24h
  2026-08-02 GSV v TOR T-8h    missing_job_did_not_run    no base record for ANY game on 2026-08-02 at T-8h
  2026-08-02 GSV v TOR T-90m   missing_job_did_not_run    no base record for ANY game on 2026-08-02 at T-90m
  2026-08-02 GSV v TOR T-30m   missing_job_did_not_run    no base record for ANY game on 2026-08-02 at T-30m
  2026-08-02 MIN v IND T-24h   missing_job_did_not_run    no base record for ANY game on 2026-08-02 at T-24h
  2026-08-02 MIN v IND T-8h    missing_job_did_not_run    no base record for ANY game on 2026-08-02 at T-8h
  2026-08-02 MIN v IND T-90m   missing_job_did_not_run    no base record for ANY game on 2026-08-02 at T-90m
  2026-08-02 MIN v IND T-30m   missing_job_did_not_run    no base record for ANY game on 2026-08-02 at T-30m
  2026-08-02 PDX v LAS T-24h   missing_job_did_not_run    no base record for ANY game on 2026-08-02 at T-24h
  2026-08-02 PDX v LAS T-8h    missing_job_did_not_run    no base record for ANY game on 2026-08-02 at T-8h
  2026-08-02 PDX v LAS T-90m   missing_job_did_not_run    no base record for ANY game on 2026-08-02 at T-90m
  2026-08-02 PDX v LAS T-30m   missing_job_did_not_run    no base record for ANY game on 2026-08-02 at T-30m
  2026-08-03 NYL v SEA T-24h   missing_job_did_not_run    no base record for ANY game on 2026-08-03 at T-24h
  2026-08-03 NYL v SEA T-30m   late_record                created 2026-08-03T22:45:08.958486+00:00 after cutoff
  2026-08-03 ATL v LVA T-24h   missing_job_did_not_run    no base record for ANY game on 2026-08-03 at T-24h
  2026-08-03 ATL v LVA T-30m   late_record                created 2026-08-03T22:45:08.976775+00:00 after cutoff
  2026-08-03 CHI v PHX T-24h   missing_job_did_not_run    no base record for ANY game on 2026-08-03 at T-24h
  2026-08-03 CHI v PHX T-30m   missing_data_unavailable   job served 2 other game(s) on 2026-08-03 at T-30m
  2026-08-04 GSV v TOR T-24h   missing_job_did_not_run    no base record for ANY game on 2026-08-04 at T-24h
  2026-08-05 WAS v DAL T-24h   missing_job_did_not_run    no base record for ANY game on 2026-08-05 at T-24h
  2026-08-05 NYL v SEA T-24h   missing_job_did_not_run    no base record for ANY game on 2026-08-05 at T-24h
  2026-08-05 ATL v PHX T-24h   missing_job_did_not_run    no base record for ANY game on 2026-08-05 at T-24h
  2026-08-05 CHI v LAS T-24h   missing_job_did_not_run    no base record for ANY game on 2026-08-05 at T-24h

wrote forecasts/coverage_audit.csv and forecasts/coverage_receipt.json
[audit] exit=0 
==== Tue 08/04/2026 22:45:02.99 ==== 
[gate] 2026-08-05T02:45:03.682565+00:00  fire=False  -- no unserved obligation inside its 20-minute lead window
[gate] skipping the base job
[base] skipped - no unserved obligation in its lead window 
[base] exit=0 
================================================================================================
PROSPECTIVE PAIR RUNNER  2026-08-05T02:45:04.552118+00:00  model=ridge_score_level_w2c1_v1 hash=5d295bb8b99cd34e
================================================================================================
base records in official chain: 25
  late_prevented #0 ATL v SEA @ T-8h                cutoff 2026-07-31T15:35:00+00:00 already passed at 2026-08-0
  late_prevented #1 WAS v DAL @ T-8h                cutoff 2026-07-31T15:35:00+00:00 already passed at 2026-08-0
  late_prevented #2 PDX v IND @ T-8h                cutoff 2026-07-31T18:06:00+00:00 already passed at 2026-08-0
  late_prevented #3 ATL v SEA @ T-30m               cutoff 2026-07-31T23:05:00+00:00 already passed at 2026-08-0
  late_prevented #4 WAS v DAL @ T-30m               cutoff 2026-07-31T23:05:00+00:00 already passed at 2026-08-0
  late_prevented #5 PDX v IND @ T-90m               cutoff 2026-08-01T00:36:00+00:00 already passed at 2026-08-0
  late_prevented #6 CHI v LVA @ T-90m               cutoff 2026-08-01T15:35:00+00:00 already passed at 2026-08-0
  late_prevented #7 PHX v NYL @ T-90m               cutoff 2026-08-01T17:34:00+00:00 already passed at 2026-08-0
  skip           #8 CHI v LVA @ unknown-tip         base record is an explicit no-forecast; nothing to pair
  skip           #9 PHX v NYL @ unknown-tip         base record is an explicit no-forecast; nothing to pair
  late_prevented #10 NYL v SEA @ T-8h               cutoff 2026-08-03T15:04:00+00:00 already passed at 2026-08-0
  late_prevented #11 ATL v LVA @ T-8h               cutoff 2026-08-03T15:14:00+00:00 already passed at 2026-08-0
  late_prevented #12 CHI v PHX @ T-8h               cutoff 2026-08-03T17:08:00+00:00 already passed at 2026-08-0
  already_logged #13 NYL v SEA @ T-90m              idempotent: pair exists
  already_logged #14 ATL v LVA @ T-90m              idempotent: pair exists
  already_logged #15 CHI v PHX @ T-90m              idempotent: pair exists
  already_logged #16 NYL v SEA @ T-90m              idempotent: pair exists
  already_logged #17 ATL v LVA @ T-90m              idempotent: pair exists
  already_logged #18 CHI v PHX @ T-90m              idempotent: pair exists
  late_prevented #19 NYL v SEA @ T-30m              cutoff 2026-08-03T22:34:00+00:00 already passed at 2026-08-0
  late_prevented #20 ATL v LVA @ T-30m              cutoff 2026-08-03T22:44:00+00:00 already passed at 2026-08-0
  already_logged #21 CHI v PHX @ T-90m              idempotent: pair exists
  already_logged #22 GSV v TOR @ T-8h               idempotent: pair exists
  already_logged #23 GSV v TOR @ T-90m              idempotent: pair exists
  already_logged #24 GSV v TOR @ T-30m              idempotent: pair exists

  already_logged=10, late_prevented=13, skip=2
  arm chain: ok=True n=6 tip=423df6d49ab2e6c1
  receipt appended to prospective_pair_runs.jsonl
[arm] exit=0 
====================================================================================================
FORECAST COVERAGE AUDIT   generated 2026-08-05T02:45:05.503508+00:00
====================================================================================================

CUMULATIVE by classification
  missing_job_did_not_run      30
  forecast_logged              17
  not_yet_due                  16
  before_period_start          15
  missing_data_unavailable     4
  late_record                  2

  obligations 84 | due 53 | served 17 | coverage 32.1%
  operational misses 30 | unexplained 0
  PROMOTION-GRADE: NO   (needs >= 95% served, <= 0 operational misses, all explained)

DAILY
  date         oblig  served     due     excl    opmiss arm_recs
  2026-07-30      12       0       0       12         0        0
  2026-07-31      12       6       9        3         0        0
  2026-08-01       8       2       8        0         6        0
  2026-08-02      16       0      16        0        16        0
  2026-08-03      12       6      12        0         3        3
  2026-08-04       4       3       4        0         1        3
  2026-08-05      16       0       4       12         4        0
  2026-08-06       4       0       0        4         0        0

EVERY MISSING OR IRREGULAR OBLIGATION (each must carry an explanation)
  2026-07-31 ATL v SEA T-90m   missing_data_unavailable   job served 1 other game(s) on 2026-07-31 at T-90m
  2026-07-31 WAS v DAL T-90m   missing_data_unavailable   job served 1 other game(s) on 2026-07-31 at T-90m
  2026-07-31 PDX v IND T-30m   missing_data_unavailable   job served 2 other game(s) on 2026-07-31 at T-30m
  2026-08-01 CHI v LVA T-24h   missing_job_did_not_run    no base record for ANY game on 2026-08-01 at T-24h
  2026-08-01 CHI v LVA T-8h    missing_job_did_not_run    no base record for ANY game on 2026-08-01 at T-8h
  2026-08-01 CHI v LVA T-30m   missing_job_did_not_run    no base record for ANY game on 2026-08-01 at T-30m
  2026-08-01 PHX v NYL T-24h   missing_job_did_not_run    no base record for ANY game on 2026-08-01 at T-24h
  2026-08-01 PHX v NYL T-8h    missing_job_did_not_run    no base record for ANY game on 2026-08-01 at T-8h
  2026-08-01 PHX v NYL T-30m   missing_job_did_not_run    no base record for ANY game on 2026-08-01 at T-30m
  2026-08-02 DAL v CON T-24h   missing_job_did_not_run    no base record for ANY game on 2026-08-02 at T-24h
  2026-08-02 DAL v CON T-8h    missing_job_did_not_run    no base record for ANY game on 2026-08-02 at T-8h
  2026-08-02 DAL v CON T-90m   missing_job_did_not_run    no base record for ANY game on 2026-08-02 at T-90m
  2026-08-02 DAL v CON T-30m   missing_job_did_not_run    no base record for ANY game on 2026-08-02 at T-30m
  2026-08-02 GSV v TOR T-24h   missing_job_did_not_run    no base record for ANY game on 2026-08-02 at T-24h
  2026-08-02 GSV v TOR T-8h    missing_job_did_not_run    no base record for ANY game on 2026-08-02 at T-8h
  2026-08-02 GSV v TOR T-90m   missing_job_did_not_run    no base record for ANY game on 2026-08-02 at T-90m
  2026-08-02 GSV v TOR T-30m   missing_job_did_not_run    no base record for ANY game on 2026-08-02 at T-30m
  2026-08-02 MIN v IND T-24h   missing_job_did_not_run    no base record for ANY game on 2026-08-02 at T-24h
  2026-08-02 MIN v IND T-8h    missing_job_did_not_run    no base record for ANY game on 2026-08-02 at T-8h
  2026-08-02 MIN v IND T-90m   missing_job_did_not_run    no base record for ANY game on 2026-08-02 at T-90m
  2026-08-02 MIN v IND T-30m   missing_job_did_not_run    no base record for ANY game on 2026-08-02 at T-30m
  2026-08-02 PDX v LAS T-24h   missing_job_did_not_run    no base record for ANY game on 2026-08-02 at T-24h
  2026-08-02 PDX v LAS T-8h    missing_job_did_not_run    no base record for ANY game on 2026-08-02 at T-8h
  2026-08-02 PDX v LAS T-90m   missing_job_did_not_run    no base record for ANY game on 2026-08-02 at T-90m
  2026-08-02 PDX v LAS T-30m   missing_job_did_not_run    no base record for ANY game on 2026-08-02 at T-30m
  2026-08-03 NYL v SEA T-24h   missing_job_did_not_run    no base record for ANY game on 2026-08-03 at T-24h
  2026-08-03 NYL v SEA T-30m   late_record                created 2026-08-03T22:45:08.958486+00:00 after cutoff
  2026-08-03 ATL v LVA T-24h   missing_job_did_not_run    no base record for ANY game on 2026-08-03 at T-24h
  2026-08-03 ATL v LVA T-30m   late_record                created 2026-08-03T22:45:08.976775+00:00 after cutoff
  2026-08-03 CHI v PHX T-24h   missing_job_did_not_run    no base record for ANY game on 2026-08-03 at T-24h
  2026-08-03 CHI v PHX T-30m   missing_data_unavailable   job served 2 other game(s) on 2026-08-03 at T-30m
  2026-08-04 GSV v TOR T-24h   missing_job_did_not_run    no base record for ANY game on 2026-08-04 at T-24h
  2026-08-05 WAS v DAL T-24h   missing_job_did_not_run    no base record for ANY game on 2026-08-05 at T-24h
  2026-08-05 NYL v SEA T-24h   missing_job_did_not_run    no base record for ANY game on 2026-08-05 at T-24h
  2026-08-05 ATL v PHX T-24h   missing_job_did_not_run    no base record for ANY game on 2026-08-05 at T-24h
  2026-08-05 CHI v LAS T-24h   missing_job_did_not_run    no base record for ANY game on 2026-08-05 at T-24h

wrote forecasts/coverage_audit.csv and forecasts/coverage_receipt.json
[audit] exit=0 
==== Tue 08/04/2026 23:00:02.80 ==== 
[gate] 2026-08-05T03:00:03.500585+00:00  fire=False  -- no unserved obligation inside its 20-minute lead window
[gate] skipping the base job
[base] skipped - no unserved obligation in its lead window 
[base] exit=0 
================================================================================================
PROSPECTIVE PAIR RUNNER  2026-08-05T03:00:04.668121+00:00  model=ridge_score_level_w2c1_v1 hash=5d295bb8b99cd34e
================================================================================================
base records in official chain: 25
  late_prevented #0 ATL v SEA @ T-8h                cutoff 2026-07-31T15:35:00+00:00 already passed at 2026-08-0
  late_prevented #1 WAS v DAL @ T-8h                cutoff 2026-07-31T15:35:00+00:00 already passed at 2026-08-0
  late_prevented #2 PDX v IND @ T-8h                cutoff 2026-07-31T18:06:00+00:00 already passed at 2026-08-0
  late_prevented #3 ATL v SEA @ T-30m               cutoff 2026-07-31T23:05:00+00:00 already passed at 2026-08-0
  late_prevented #4 WAS v DAL @ T-30m               cutoff 2026-07-31T23:05:00+00:00 already passed at 2026-08-0
  late_prevented #5 PDX v IND @ T-90m               cutoff 2026-08-01T00:36:00+00:00 already passed at 2026-08-0
  late_prevented #6 CHI v LVA @ T-90m               cutoff 2026-08-01T15:35:00+00:00 already passed at 2026-08-0
  late_prevented #7 PHX v NYL @ T-90m               cutoff 2026-08-01T17:34:00+00:00 already passed at 2026-08-0
  skip           #8 CHI v LVA @ unknown-tip         base record is an explicit no-forecast; nothing to pair
  skip           #9 PHX v NYL @ unknown-tip         base record is an explicit no-forecast; nothing to pair
  late_prevented #10 NYL v SEA @ T-8h               cutoff 2026-08-03T15:04:00+00:00 already passed at 2026-08-0
  late_prevented #11 ATL v LVA @ T-8h               cutoff 2026-08-03T15:14:00+00:00 already passed at 2026-08-0
  late_prevented #12 CHI v PHX @ T-8h               cutoff 2026-08-03T17:08:00+00:00 already passed at 2026-08-0
  already_logged #13 NYL v SEA @ T-90m              idempotent: pair exists
  already_logged #14 ATL v LVA @ T-90m              idempotent: pair exists
  already_logged #15 CHI v PHX @ T-90m              idempotent: pair exists
  already_logged #16 NYL v SEA @ T-90m              idempotent: pair exists
  already_logged #17 ATL v LVA @ T-90m              idempotent: pair exists
  already_logged #18 CHI v PHX @ T-90m              idempotent: pair exists
  late_prevented #19 NYL v SEA @ T-30m              cutoff 2026-08-03T22:34:00+00:00 already passed at 2026-08-0
  late_prevented #20 ATL v LVA @ T-30m              cutoff 2026-08-03T22:44:00+00:00 already passed at 2026-08-0
  already_logged #21 CHI v PHX @ T-90m              idempotent: pair exists
  already_logged #22 GSV v TOR @ T-8h               idempotent: pair exists
  already_logged #23 GSV v TOR @ T-90m              idempotent: pair exists
  already_logged #24 GSV v TOR @ T-30m              idempotent: pair exists

  already_logged=10, late_prevented=13, skip=2
  arm chain: ok=True n=6 tip=423df6d49ab2e6c1
  receipt appended to prospective_pair_runs.jsonl
[arm] exit=0 
====================================================================================================
FORECAST COVERAGE AUDIT   generated 2026-08-05T03:00:08.996102+00:00
====================================================================================================

CUMULATIVE by classification
  missing_job_did_not_run      30
  forecast_logged              17
  not_yet_due                  16
  before_period_start          15
  missing_data_unavailable     4
  late_record                  2

  obligations 84 | due 53 | served 17 | coverage 32.1%
  operational misses 30 | unexplained 0
  PROMOTION-GRADE: NO   (needs >= 95% served, <= 0 operational misses, all explained)

DAILY
  date         oblig  served     due     excl    opmiss arm_recs
  2026-07-30      12       0       0       12         0        0
  2026-07-31      12       6       9        3         0        0
  2026-08-01       8       2       8        0         6        0
  2026-08-02      16       0      16        0        16        0
  2026-08-03      12       6      12        0         3        3
  2026-08-04       4       3       4        0         1        3
  2026-08-05      16       0       4       12         4        0
  2026-08-06       4       0       0        4         0        0

EVERY MISSING OR IRREGULAR OBLIGATION (each must carry an explanation)
  2026-07-31 ATL v SEA T-90m   missing_data_unavailable   job served 1 other game(s) on 2026-07-31 at T-90m
  2026-07-31 WAS v DAL T-90m   missing_data_unavailable   job served 1 other game(s) on 2026-07-31 at T-90m
  2026-07-31 PDX v IND T-30m   missing_data_unavailable   job served 2 other game(s) on 2026-07-31 at T-30m
  2026-08-01 CHI v LVA T-24h   missing_job_did_not_run    no base record for ANY game on 2026-08-01 at T-24h
  2026-08-01 CHI v LVA T-8h    missing_job_did_not_run    no base record for ANY game on 2026-08-01 at T-8h
  2026-08-01 CHI v LVA T-30m   missing_job_did_not_run    no base record for ANY game on 2026-08-01 at T-30m
  2026-08-01 PHX v NYL T-24h   missing_job_did_not_run    no base record for ANY game on 2026-08-01 at T-24h
  2026-08-01 PHX v NYL T-8h    missing_job_did_not_run    no base record for ANY game on 2026-08-01 at T-8h
  2026-08-01 PHX v NYL T-30m   missing_job_did_not_run    no base record for ANY game on 2026-08-01 at T-30m
  2026-08-02 DAL v CON T-24h   missing_job_did_not_run    no base record for ANY game on 2026-08-02 at T-24h
  2026-08-02 DAL v CON T-8h    missing_job_did_not_run    no base record for ANY game on 2026-08-02 at T-8h
  2026-08-02 DAL v CON T-90m   missing_job_did_not_run    no base record for ANY game on 2026-08-02 at T-90m
  2026-08-02 DAL v CON T-30m   missing_job_did_not_run    no base record for ANY game on 2026-08-02 at T-30m
  2026-08-02 GSV v TOR T-24h   missing_job_did_not_run    no base record for ANY game on 2026-08-02 at T-24h
  2026-08-02 GSV v TOR T-8h    missing_job_did_not_run    no base record for ANY game on 2026-08-02 at T-8h
  2026-08-02 GSV v TOR T-90m   missing_job_did_not_run    no base record for ANY game on 2026-08-02 at T-90m
  2026-08-02 GSV v TOR T-30m   missing_job_did_not_run    no base record for ANY game on 2026-08-02 at T-30m
  2026-08-02 MIN v IND T-24h   missing_job_did_not_run    no base record for ANY game on 2026-08-02 at T-24h
  2026-08-02 MIN v IND T-8h    missing_job_did_not_run    no base record for ANY game on 2026-08-02 at T-8h
  2026-08-02 MIN v IND T-90m   missing_job_did_not_run    no base record for ANY game on 2026-08-02 at T-90m
  2026-08-02 MIN v IND T-30m   missing_job_did_not_run    no base record for ANY game on 2026-08-02 at T-30m
  2026-08-02 PDX v LAS T-24h   missing_job_did_not_run    no base record for ANY game on 2026-08-02 at T-24h
  2026-08-02 PDX v LAS T-8h    missing_job_did_not_run    no base record for ANY game on 2026-08-02 at T-8h
  2026-08-02 PDX v LAS T-90m   missing_job_did_not_run    no base record for ANY game on 2026-08-02 at T-90m
  2026-08-02 PDX v LAS T-30m   missing_job_did_not_run    no base record for ANY game on 2026-08-02 at T-30m
  2026-08-03 NYL v SEA T-24h   missing_job_did_not_run    no base record for ANY game on 2026-08-03 at T-24h
  2026-08-03 NYL v SEA T-30m   late_record                created 2026-08-03T22:45:08.958486+00:00 after cutoff
  2026-08-03 ATL v LVA T-24h   missing_job_did_not_run    no base record for ANY game on 2026-08-03 at T-24h
  2026-08-03 ATL v LVA T-30m   late_record                created 2026-08-03T22:45:08.976775+00:00 after cutoff
  2026-08-03 CHI v PHX T-24h   missing_job_did_not_run    no base record for ANY game on 2026-08-03 at T-24h
  2026-08-03 CHI v PHX T-30m   missing_data_unavailable   job served 2 other game(s) on 2026-08-03 at T-30m
  2026-08-04 GSV v TOR T-24h   missing_job_did_not_run    no base record for ANY game on 2026-08-04 at T-24h
  2026-08-05 WAS v DAL T-24h   missing_job_did_not_run    no base record for ANY game on 2026-08-05 at T-24h
  2026-08-05 NYL v SEA T-24h   missing_job_did_not_run    no base record for ANY game on 2026-08-05 at T-24h
  2026-08-05 ATL v PHX T-24h   missing_job_did_not_run    no base record for ANY game on 2026-08-05 at T-24h
  2026-08-05 CHI v LAS T-24h   missing_job_did_not_run    no base record for ANY game on 2026-08-05 at T-24h

wrote forecasts/coverage_audit.csv and forecasts/coverage_receipt.json
[audit] exit=0 
==== Tue 08/04/2026 23:15:03.39 ==== 
[gate] 2026-08-05T03:15:05.101229+00:00  fire=False  -- no unserved obligation inside its 20-minute lead window
[gate] skipping the base job
[base] skipped - no unserved obligation in its lead window 
[base] exit=0 
================================================================================================
PROSPECTIVE PAIR RUNNER  2026-08-05T03:15:06.032143+00:00  model=ridge_score_level_w2c1_v1 hash=5d295bb8b99cd34e
================================================================================================
base records in official chain: 25
  late_prevented #0 ATL v SEA @ T-8h                cutoff 2026-07-31T15:35:00+00:00 already passed at 2026-08-0
  late_prevented #1 WAS v DAL @ T-8h                cutoff 2026-07-31T15:35:00+00:00 already passed at 2026-08-0
  late_prevented #2 PDX v IND @ T-8h                cutoff 2026-07-31T18:06:00+00:00 already passed at 2026-08-0
  late_prevented #3 ATL v SEA @ T-30m               cutoff 2026-07-31T23:05:00+00:00 already passed at 2026-08-0
  late_prevented #4 WAS v DAL @ T-30m               cutoff 2026-07-31T23:05:00+00:00 already passed at 2026-08-0
  late_prevented #5 PDX v IND @ T-90m               cutoff 2026-08-01T00:36:00+00:00 already passed at 2026-08-0
  late_prevented #6 CHI v LVA @ T-90m               cutoff 2026-08-01T15:35:00+00:00 already passed at 2026-08-0
  late_prevented #7 PHX v NYL @ T-90m               cutoff 2026-08-01T17:34:00+00:00 already passed at 2026-08-0
  skip           #8 CHI v LVA @ unknown-tip         base record is an explicit no-forecast; nothing to pair
  skip           #9 PHX v NYL @ unknown-tip         base record is an explicit no-forecast; nothing to pair
  late_prevented #10 NYL v SEA @ T-8h               cutoff 2026-08-03T15:04:00+00:00 already passed at 2026-08-0
  late_prevented #11 ATL v LVA @ T-8h               cutoff 2026-08-03T15:14:00+00:00 already passed at 2026-08-0
  late_prevented #12 CHI v PHX @ T-8h               cutoff 2026-08-03T17:08:00+00:00 already passed at 2026-08-0
  already_logged #13 NYL v SEA @ T-90m              idempotent: pair exists
  already_logged #14 ATL v LVA @ T-90m              idempotent: pair exists
  already_logged #15 CHI v PHX @ T-90m              idempotent: pair exists
  already_logged #16 NYL v SEA @ T-90m              idempotent: pair exists
  already_logged #17 ATL v LVA @ T-90m              idempotent: pair exists
  already_logged #18 CHI v PHX @ T-90m              idempotent: pair exists
  late_prevented #19 NYL v SEA @ T-30m              cutoff 2026-08-03T22:34:00+00:00 already passed at 2026-08-0
  late_prevented #20 ATL v LVA @ T-30m              cutoff 2026-08-03T22:44:00+00:00 already passed at 2026-08-0
  already_logged #21 CHI v PHX @ T-90m              idempotent: pair exists
  already_logged #22 GSV v TOR @ T-8h               idempotent: pair exists
  already_logged #23 GSV v TOR @ T-90m              idempotent: pair exists
  already_logged #24 GSV v TOR @ T-30m              idempotent: pair exists

  already_logged=10, late_prevented=13, skip=2
  arm chain: ok=True n=6 tip=423df6d49ab2e6c1
  receipt appended to prospective_pair_runs.jsonl
[arm] exit=0 
====================================================================================================
FORECAST COVERAGE AUDIT   generated 2026-08-05T03:15:06.964835+00:00
====================================================================================================

CUMULATIVE by classification
  missing_job_did_not_run      30
  forecast_logged              17
  not_yet_due                  16
  before_period_start          15
  missing_data_unavailable     4
  late_record                  2

  obligations 84 | due 53 | served 17 | coverage 32.1%
  operational misses 30 | unexplained 0
  PROMOTION-GRADE: NO   (needs >= 95% served, <= 0 operational misses, all explained)

DAILY
  date         oblig  served     due     excl    opmiss arm_recs
  2026-07-30      12       0       0       12         0        0
  2026-07-31      12       6       9        3         0        0
  2026-08-01       8       2       8        0         6        0
  2026-08-02      16       0      16        0        16        0
  2026-08-03      12       6      12        0         3        3
  2026-08-04       4       3       4        0         1        3
  2026-08-05      16       0       4       12         4        0
  2026-08-06       4       0       0        4         0        0

EVERY MISSING OR IRREGULAR OBLIGATION (each must carry an explanation)
  2026-07-31 ATL v SEA T-90m   missing_data_unavailable   job served 1 other game(s) on 2026-07-31 at T-90m
  2026-07-31 WAS v DAL T-90m   missing_data_unavailable   job served 1 other game(s) on 2026-07-31 at T-90m
  2026-07-31 PDX v IND T-30m   missing_data_unavailable   job served 2 other game(s) on 2026-07-31 at T-30m
  2026-08-01 CHI v LVA T-24h   missing_job_did_not_run    no base record for ANY game on 2026-08-01 at T-24h
  2026-08-01 CHI v LVA T-8h    missing_job_did_not_run    no base record for ANY game on 2026-08-01 at T-8h
  2026-08-01 CHI v LVA T-30m   missing_job_did_not_run    no base record for ANY game on 2026-08-01 at T-30m
  2026-08-01 PHX v NYL T-24h   missing_job_did_not_run    no base record for ANY game on 2026-08-01 at T-24h
  2026-08-01 PHX v NYL T-8h    missing_job_did_not_run    no base record for ANY game on 2026-08-01 at T-8h
  2026-08-01 PHX v NYL T-30m   missing_job_did_not_run    no base record for ANY game on 2026-08-01 at T-30m
  2026-08-02 DAL v CON T-24h   missing_job_did_not_run    no base record for ANY game on 2026-08-02 at T-24h
  2026-08-02 DAL v CON T-8h    missing_job_did_not_run    no base record for ANY game on 2026-08-02 at T-8h
  2026-08-02 DAL v CON T-90m   missing_job_did_not_run    no base record for ANY game on 2026-08-02 at T-90m
  2026-08-02 DAL v CON T-30m   missing_job_did_not_run    no base record for ANY game on 2026-08-02 at T-30m
  2026-08-02 GSV v TOR T-24h   missing_job_did_not_run    no base record for ANY game on 2026-08-02 at T-24h
  2026-08-02 GSV v TOR T-8h    missing_job_did_not_run    no base record for ANY game on 2026-08-02 at T-8h
  2026-08-02 GSV v TOR T-90m   missing_job_did_not_run    no base record for ANY game on 2026-08-02 at T-90m
  2026-08-02 GSV v TOR T-30m   missing_job_did_not_run    no base record for ANY game on 2026-08-02 at T-30m
  2026-08-02 MIN v IND T-24h   missing_job_did_not_run    no base record for ANY game on 2026-08-02 at T-24h
  2026-08-02 MIN v IND T-8h    missing_job_did_not_run    no base record for ANY game on 2026-08-02 at T-8h
  2026-08-02 MIN v IND T-90m   missing_job_did_not_run    no base record for ANY game on 2026-08-02 at T-90m
  2026-08-02 MIN v IND T-30m   missing_job_did_not_run    no base record for ANY game on 2026-08-02 at T-30m
  2026-08-02 PDX v LAS T-24h   missing_job_did_not_run    no base record for ANY game on 2026-08-02 at T-24h
  2026-08-02 PDX v LAS T-8h    missing_job_did_not_run    no base record for ANY game on 2026-08-02 at T-8h
  2026-08-02 PDX v LAS T-90m   missing_job_did_not_run    no base record for ANY game on 2026-08-02 at T-90m
  2026-08-02 PDX v LAS T-30m   missing_job_did_not_run    no base record for ANY game on 2026-08-02 at T-30m
  2026-08-03 NYL v SEA T-24h   missing_job_did_not_run    no base record for ANY game on 2026-08-03 at T-24h
  2026-08-03 NYL v SEA T-30m   late_record                created 2026-08-03T22:45:08.958486+00:00 after cutoff
  2026-08-03 ATL v LVA T-24h   missing_job_did_not_run    no base record for ANY game on 2026-08-03 at T-24h
  2026-08-03 ATL v LVA T-30m   late_record                created 2026-08-03T22:45:08.976775+00:00 after cutoff
  2026-08-03 CHI v PHX T-24h   missing_job_did_not_run    no base record for ANY game on 2026-08-03 at T-24h
  2026-08-03 CHI v PHX T-30m   missing_data_unavailable   job served 2 other game(s) on 2026-08-03 at T-30m
  2026-08-04 GSV v TOR T-24h   missing_job_did_not_run    no base record for ANY game on 2026-08-04 at T-24h
  2026-08-05 WAS v DAL T-24h   missing_job_did_not_run    no base record for ANY game on 2026-08-05 at T-24h
  2026-08-05 NYL v SEA T-24h   missing_job_did_not_run    no base record for ANY game on 2026-08-05 at T-24h
  2026-08-05 ATL v PHX T-24h   missing_job_did_not_run    no base record for ANY game on 2026-08-05 at T-24h
  2026-08-05 CHI v LAS T-24h   missing_job_did_not_run    no base record for ANY game on 2026-08-05 at T-24h

wrote forecasts/coverage_audit.csv and forecasts/coverage_receipt.json
[audit] exit=0 
==== Tue 08/04/2026 23:30:02.99 ==== 
[gate] 2026-08-05T03:30:06.604814+00:00  fire=False  -- no unserved obligation inside its 20-minute lead window
[gate] skipping the base job
[base] skipped - no unserved obligation in its lead window 
[base] exit=0 
================================================================================================
PROSPECTIVE PAIR RUNNER  2026-08-05T03:30:08.948197+00:00  model=ridge_score_level_w2c1_v1 hash=5d295bb8b99cd34e
================================================================================================
base records in official chain: 25
  late_prevented #0 ATL v SEA @ T-8h                cutoff 2026-07-31T15:35:00+00:00 already passed at 2026-08-0
  late_prevented #1 WAS v DAL @ T-8h                cutoff 2026-07-31T15:35:00+00:00 already passed at 2026-08-0
  late_prevented #2 PDX v IND @ T-8h                cutoff 2026-07-31T18:06:00+00:00 already passed at 2026-08-0
  late_prevented #3 ATL v SEA @ T-30m               cutoff 2026-07-31T23:05:00+00:00 already passed at 2026-08-0
  late_prevented #4 WAS v DAL @ T-30m               cutoff 2026-07-31T23:05:00+00:00 already passed at 2026-08-0
  late_prevented #5 PDX v IND @ T-90m               cutoff 2026-08-01T00:36:00+00:00 already passed at 2026-08-0
  late_prevented #6 CHI v LVA @ T-90m               cutoff 2026-08-01T15:35:00+00:00 already passed at 2026-08-0
  late_prevented #7 PHX v NYL @ T-90m               cutoff 2026-08-01T17:34:00+00:00 already passed at 2026-08-0
  skip           #8 CHI v LVA @ unknown-tip         base record is an explicit no-forecast; nothing to pair
  skip           #9 PHX v NYL @ unknown-tip         base record is an explicit no-forecast; nothing to pair
  late_prevented #10 NYL v SEA @ T-8h               cutoff 2026-08-03T15:04:00+00:00 already passed at 2026-08-0
  late_prevented #11 ATL v LVA @ T-8h               cutoff 2026-08-03T15:14:00+00:00 already passed at 2026-08-0
  late_prevented #12 CHI v PHX @ T-8h               cutoff 2026-08-03T17:08:00+00:00 already passed at 2026-08-0
  already_logged #13 NYL v SEA @ T-90m              idempotent: pair exists
  already_logged #14 ATL v LVA @ T-90m              idempotent: pair exists
  already_logged #15 CHI v PHX @ T-90m              idempotent: pair exists
  already_logged #16 NYL v SEA @ T-90m              idempotent: pair exists
  already_logged #17 ATL v LVA @ T-90m              idempotent: pair exists
  already_logged #18 CHI v PHX @ T-90m              idempotent: pair exists
  late_prevented #19 NYL v SEA @ T-30m              cutoff 2026-08-03T22:34:00+00:00 already passed at 2026-08-0
  late_prevented #20 ATL v LVA @ T-30m              cutoff 2026-08-03T22:44:00+00:00 already passed at 2026-08-0
  already_logged #21 CHI v PHX @ T-90m              idempotent: pair exists
  already_logged #22 GSV v TOR @ T-8h               idempotent: pair exists
  already_logged #23 GSV v TOR @ T-90m              idempotent: pair exists
  already_logged #24 GSV v TOR @ T-30m              idempotent: pair exists

  already_logged=10, late_prevented=13, skip=2
  arm chain: ok=True n=6 tip=423df6d49ab2e6c1
  receipt appended to prospective_pair_runs.jsonl
[arm] exit=0 
====================================================================================================
FORECAST COVERAGE AUDIT   generated 2026-08-05T03:30:09.910441+00:00
====================================================================================================

CUMULATIVE by classification
  missing_job_did_not_run      30
  forecast_logged              17
  not_yet_due                  16
  before_period_start          15
  missing_data_unavailable     4
  late_record                  2

  obligations 84 | due 53 | served 17 | coverage 32.1%
  operational misses 30 | unexplained 0
  PROMOTION-GRADE: NO   (needs >= 95% served, <= 0 operational misses, all explained)

DAILY
  date         oblig  served     due     excl    opmiss arm_recs
  2026-07-30      12       0       0       12         0        0
  2026-07-31      12       6       9        3         0        0
  2026-08-01       8       2       8        0         6        0
  2026-08-02      16       0      16        0        16        0
  2026-08-03      12       6      12        0         3        3
  2026-08-04       4       3       4        0         1        3
  2026-08-05      16       0       4       12         4        0
  2026-08-06       4       0       0        4         0        0

EVERY MISSING OR IRREGULAR OBLIGATION (each must carry an explanation)
  2026-07-31 ATL v SEA T-90m   missing_data_unavailable   job served 1 other game(s) on 2026-07-31 at T-90m
  2026-07-31 WAS v DAL T-90m   missing_data_unavailable   job served 1 other game(s) on 2026-07-31 at T-90m
  2026-07-31 PDX v IND T-30m   missing_data_unavailable   job served 2 other game(s) on 2026-07-31 at T-30m
  2026-08-01 CHI v LVA T-24h   missing_job_did_not_run    no base record for ANY game on 2026-08-01 at T-24h
  2026-08-01 CHI v LVA T-8h    missing_job_did_not_run    no base record for ANY game on 2026-08-01 at T-8h
  2026-08-01 CHI v LVA T-30m   missing_job_did_not_run    no base record for ANY game on 2026-08-01 at T-30m
  2026-08-01 PHX v NYL T-24h   missing_job_did_not_run    no base record for ANY game on 2026-08-01 at T-24h
  2026-08-01 PHX v NYL T-8h    missing_job_did_not_run    no base record for ANY game on 2026-08-01 at T-8h
  2026-08-01 PHX v NYL T-30m   missing_job_did_not_run    no base record for ANY game on 2026-08-01 at T-30m
  2026-08-02 DAL v CON T-24h   missing_job_did_not_run    no base record for ANY game on 2026-08-02 at T-24h
  2026-08-02 DAL v CON T-8h    missing_job_did_not_run    no base record for ANY game on 2026-08-02 at T-8h
  2026-08-02 DAL v CON T-90m   missing_job_did_not_run    no base record for ANY game on 2026-08-02 at T-90m
  2026-08-02 DAL v CON T-30m   missing_job_did_not_run    no base record for ANY game on 2026-08-02 at T-30m
  2026-08-02 GSV v TOR T-24h   missing_job_did_not_run    no base record for ANY game on 2026-08-02 at T-24h
  2026-08-02 GSV v TOR T-8h    missing_job_did_not_run    no base record for ANY game on 2026-08-02 at T-8h
  2026-08-02 GSV v TOR T-90m   missing_job_did_not_run    no base record for ANY game on 2026-08-02 at T-90m
  2026-08-02 GSV v TOR T-30m   missing_job_did_not_run    no base record for ANY game on 2026-08-02 at T-30m
  2026-08-02 MIN v IND T-24h   missing_job_did_not_run    no base record for ANY game on 2026-08-02 at T-24h
  2026-08-02 MIN v IND T-8h    missing_job_did_not_run    no base record for ANY game on 2026-08-02 at T-8h
  2026-08-02 MIN v IND T-90m   missing_job_did_not_run    no base record for ANY game on 2026-08-02 at T-90m
  2026-08-02 MIN v IND T-30m   missing_job_did_not_run    no base record for ANY game on 2026-08-02 at T-30m
  2026-08-02 PDX v LAS T-24h   missing_job_did_not_run    no base record for ANY game on 2026-08-02 at T-24h
  2026-08-02 PDX v LAS T-8h    missing_job_did_not_run    no base record for ANY game on 2026-08-02 at T-8h
  2026-08-02 PDX v LAS T-90m   missing_job_did_not_run    no base record for ANY game on 2026-08-02 at T-90m
  2026-08-02 PDX v LAS T-30m   missing_job_did_not_run    no base record for ANY game on 2026-08-02 at T-30m
  2026-08-03 NYL v SEA T-24h   missing_job_did_not_run    no base record for ANY game on 2026-08-03 at T-24h
  2026-08-03 NYL v SEA T-30m   late_record                created 2026-08-03T22:45:08.958486+00:00 after cutoff
  2026-08-03 ATL v LVA T-24h   missing_job_did_not_run    no base record for ANY game on 2026-08-03 at T-24h
  2026-08-03 ATL v LVA T-30m   late_record                created 2026-08-03T22:45:08.976775+00:00 after cutoff
  2026-08-03 CHI v PHX T-24h   missing_job_did_not_run    no base record for ANY game on 2026-08-03 at T-24h
  2026-08-03 CHI v PHX T-30m   missing_data_unavailable   job served 2 other game(s) on 2026-08-03 at T-30m
  2026-08-04 GSV v TOR T-24h   missing_job_did_not_run    no base record for ANY game on 2026-08-04 at T-24h
  2026-08-05 WAS v DAL T-24h   missing_job_did_not_run    no base record for ANY game on 2026-08-05 at T-24h
  2026-08-05 NYL v SEA T-24h   missing_job_did_not_run    no base record for ANY game on 2026-08-05 at T-24h
  2026-08-05 ATL v PHX T-24h   missing_job_did_not_run    no base record for ANY game on 2026-08-05 at T-24h
  2026-08-05 CHI v LAS T-24h   missing_job_did_not_run    no base record for ANY game on 2026-08-05 at T-24h

wrote forecasts/coverage_audit.csv and forecasts/coverage_receipt.json
[audit] exit=0 
==== Tue 08/04/2026 23:45:03.14 ==== 
[gate] 2026-08-05T03:45:06.562725+00:00  fire=False  -- no unserved obligation inside its 20-minute lead window
[gate] skipping the base job
[base] skipped - no unserved obligation in its lead window 
[base] exit=0 
================================================================================================
PROSPECTIVE PAIR RUNNER  2026-08-05T03:45:08.917122+00:00  model=ridge_score_level_w2c1_v1 hash=5d295bb8b99cd34e
================================================================================================
base records in official chain: 25
  late_prevented #0 ATL v SEA @ T-8h                cutoff 2026-07-31T15:35:00+00:00 already passed at 2026-08-0
  late_prevented #1 WAS v DAL @ T-8h                cutoff 2026-07-31T15:35:00+00:00 already passed at 2026-08-0
  late_prevented #2 PDX v IND @ T-8h                cutoff 2026-07-31T18:06:00+00:00 already passed at 2026-08-0
  late_prevented #3 ATL v SEA @ T-30m               cutoff 2026-07-31T23:05:00+00:00 already passed at 2026-08-0
  late_prevented #4 WAS v DAL @ T-30m               cutoff 2026-07-31T23:05:00+00:00 already passed at 2026-08-0
  late_prevented #5 PDX v IND @ T-90m               cutoff 2026-08-01T00:36:00+00:00 already passed at 2026-08-0
  late_prevented #6 CHI v LVA @ T-90m               cutoff 2026-08-01T15:35:00+00:00 already passed at 2026-08-0
  late_prevented #7 PHX v NYL @ T-90m               cutoff 2026-08-01T17:34:00+00:00 already passed at 2026-08-0
  skip           #8 CHI v LVA @ unknown-tip         base record is an explicit no-forecast; nothing to pair
  skip           #9 PHX v NYL @ unknown-tip         base record is an explicit no-forecast; nothing to pair
  late_prevented #10 NYL v SEA @ T-8h               cutoff 2026-08-03T15:04:00+00:00 already passed at 2026-08-0
  late_prevented #11 ATL v LVA @ T-8h               cutoff 2026-08-03T15:14:00+00:00 already passed at 2026-08-0
  late_prevented #12 CHI v PHX @ T-8h               cutoff 2026-08-03T17:08:00+00:00 already passed at 2026-08-0
  already_logged #13 NYL v SEA @ T-90m              idempotent: pair exists
  already_logged #14 ATL v LVA @ T-90m              idempotent: pair exists
  already_logged #15 CHI v PHX @ T-90m              idempotent: pair exists
  already_logged #16 NYL v SEA @ T-90m              idempotent: pair exists
  already_logged #17 ATL v LVA @ T-90m              idempotent: pair exists
  already_logged #18 CHI v PHX @ T-90m              idempotent: pair exists
  late_prevented #19 NYL v SEA @ T-30m              cutoff 2026-08-03T22:34:00+00:00 already passed at 2026-08-0
  late_prevented #20 ATL v LVA @ T-30m              cutoff 2026-08-03T22:44:00+00:00 already passed at 2026-08-0
  already_logged #21 CHI v PHX @ T-90m              idempotent: pair exists
  already_logged #22 GSV v TOR @ T-8h               idempotent: pair exists
  already_logged #23 GSV v TOR @ T-90m              idempotent: pair exists
  already_logged #24 GSV v TOR @ T-30m              idempotent: pair exists

  already_logged=10, late_prevented=13, skip=2
  arm chain: ok=True n=6 tip=423df6d49ab2e6c1
  receipt appended to prospective_pair_runs.jsonl
[arm] exit=0 
====================================================================================================
FORECAST COVERAGE AUDIT   generated 2026-08-05T03:45:09.857727+00:00
====================================================================================================

CUMULATIVE by classification
  missing_job_did_not_run      30
  forecast_logged              17
  not_yet_due                  16
  before_period_start          15
  missing_data_unavailable     4
  late_record                  2

  obligations 84 | due 53 | served 17 | coverage 32.1%
  operational misses 30 | unexplained 0
  PROMOTION-GRADE: NO   (needs >= 95% served, <= 0 operational misses, all explained)

DAILY
  date         oblig  served     due     excl    opmiss arm_recs
  2026-07-30      12       0       0       12         0        0
  2026-07-31      12       6       9        3         0        0
  2026-08-01       8       2       8        0         6        0
  2026-08-02      16       0      16        0        16        0
  2026-08-03      12       6      12        0         3        3
  2026-08-04       4       3       4        0         1        3
  2026-08-05      16       0       4       12         4        0
  2026-08-06       4       0       0        4         0        0

EVERY MISSING OR IRREGULAR OBLIGATION (each must carry an explanation)
  2026-07-31 ATL v SEA T-90m   missing_data_unavailable   job served 1 other game(s) on 2026-07-31 at T-90m
  2026-07-31 WAS v DAL T-90m   missing_data_unavailable   job served 1 other game(s) on 2026-07-31 at T-90m
  2026-07-31 PDX v IND T-30m   missing_data_unavailable   job served 2 other game(s) on 2026-07-31 at T-30m
  2026-08-01 CHI v LVA T-24h   missing_job_did_not_run    no base record for ANY game on 2026-08-01 at T-24h
  2026-08-01 CHI v LVA T-8h    missing_job_did_not_run    no base record for ANY game on 2026-08-01 at T-8h
  2026-08-01 CHI v LVA T-30m   missing_job_did_not_run    no base record for ANY game on 2026-08-01 at T-30m
  2026-08-01 PHX v NYL T-24h   missing_job_did_not_run    no base record for ANY game on 2026-08-01 at T-24h
  2026-08-01 PHX v NYL T-8h    missing_job_did_not_run    no base record for ANY game on 2026-08-01 at T-8h
  2026-08-01 PHX v NYL T-30m   missing_job_did_not_run    no base record for ANY game on 2026-08-01 at T-30m
  2026-08-02 DAL v CON T-24h   missing_job_did_not_run    no base record for ANY game on 2026-08-02 at T-24h
  2026-08-02 DAL v CON T-8h    missing_job_did_not_run    no base record for ANY game on 2026-08-02 at T-8h
  2026-08-02 DAL v CON T-90m   missing_job_did_not_run    no base record for ANY game on 2026-08-02 at T-90m
  2026-08-02 DAL v CON T-30m   missing_job_did_not_run    no base record for ANY game on 2026-08-02 at T-30m
  2026-08-02 GSV v TOR T-24h   missing_job_did_not_run    no base record for ANY game on 2026-08-02 at T-24h
  2026-08-02 GSV v TOR T-8h    missing_job_did_not_run    no base record for ANY game on 2026-08-02 at T-8h
  2026-08-02 GSV v TOR T-90m   missing_job_did_not_run    no base record for ANY game on 2026-08-02 at T-90m
  2026-08-02 GSV v TOR T-30m   missing_job_did_not_run    no base record for ANY game on 2026-08-02 at T-30m
  2026-08-02 MIN v IND T-24h   missing_job_did_not_run    no base record for ANY game on 2026-08-02 at T-24h
  2026-08-02 MIN v IND T-8h    missing_job_did_not_run    no base record for ANY game on 2026-08-02 at T-8h
  2026-08-02 MIN v IND T-90m   missing_job_did_not_run    no base record for ANY game on 2026-08-02 at T-90m
  2026-08-02 MIN v IND T-30m   missing_job_did_not_run    no base record for ANY game on 2026-08-02 at T-30m
  2026-08-02 PDX v LAS T-24h   missing_job_did_not_run    no base record for ANY game on 2026-08-02 at T-24h
  2026-08-02 PDX v LAS T-8h    missing_job_did_not_run    no base record for ANY game on 2026-08-02 at T-8h
  2026-08-02 PDX v LAS T-90m   missing_job_did_not_run    no base record for ANY game on 2026-08-02 at T-90m
  2026-08-02 PDX v LAS T-30m   missing_job_did_not_run    no base record for ANY game on 2026-08-02 at T-30m
  2026-08-03 NYL v SEA T-24h   missing_job_did_not_run    no base record for ANY game on 2026-08-03 at T-24h
  2026-08-03 NYL v SEA T-30m   late_record                created 2026-08-03T22:45:08.958486+00:00 after cutoff
  2026-08-03 ATL v LVA T-24h   missing_job_did_not_run    no base record for ANY game on 2026-08-03 at T-24h
  2026-08-03 ATL v LVA T-30m   late_record                created 2026-08-03T22:45:08.976775+00:00 after cutoff
  2026-08-03 CHI v PHX T-24h   missing_job_did_not_run    no base record for ANY game on 2026-08-03 at T-24h
  2026-08-03 CHI v PHX T-30m   missing_data_unavailable   job served 2 other game(s) on 2026-08-03 at T-30m
  2026-08-04 GSV v TOR T-24h   missing_job_did_not_run    no base record for ANY game on 2026-08-04 at T-24h
  2026-08-05 WAS v DAL T-24h   missing_job_did_not_run    no base record for ANY game on 2026-08-05 at T-24h
  2026-08-05 NYL v SEA T-24h   missing_job_did_not_run    no base record for ANY game on 2026-08-05 at T-24h
  2026-08-05 ATL v PHX T-24h   missing_job_did_not_run    no base record for ANY game on 2026-08-05 at T-24h
  2026-08-05 CHI v LAS T-24h   missing_job_did_not_run    no base record for ANY game on 2026-08-05 at T-24h

wrote forecasts/coverage_audit.csv and forecasts/coverage_receipt.json
[audit] exit=0 
