==== Fri 08/07/2026  0:00:02.39 ==== 
[gate] 2026-08-07T04:00:03.031062+00:00  fire=False  -- no unserved obligation inside its 20-minute lead window (4 upcoming game(s) examined); 4 slate game(s) have no official game_id and were served under a provisional id: WAS v ATL (2026-08-07) -> PROV-2026-08-07-ATL@WAS, CON v PHX (2026-08-07) -> PROV-2026-08-07-PHX@CON, DAL v GSV (2026-08-07) -> PROV-2026-08-07-GSV@DAL, CHI v IND (2026-08-08) -> PROV-2026-08-08-IND@CHI
       WAS v ATL      T-24h   unserved cutoff 2026-08-06T23:30:00 (-270 min) 
       CON v PHX      T-24h   unserved cutoff 2026-08-06T23:30:00 (-270 min) 
       DAL v GSV      T-24h   unserved cutoff 2026-08-07T01:30:00 (-150 min) 
       CHI v IND      T-24h   unserved cutoff 2026-08-07T19:30:00 (+930 min) 
[gate] skipping the base job
[base] skipped - no unserved obligation in its lead window 
[base] exit=0 
================================================================================================
PROSPECTIVE PAIR RUNNER  2026-08-07T04:00:03.964870+00:00  model=ridge_score_level_w2c1_v1 hash=5d295bb8b99cd34e
================================================================================================
base records in official chain: 45
  late_prevented #0 ATL v SEA @ T-8h                cutoff 2026-07-31T15:35:00+00:00 already passed at 2026-08-0
  late_prevented #1 WAS v DAL @ T-8h                cutoff 2026-07-31T15:35:00+00:00 already passed at 2026-08-0
  late_prevented #2 PDX v IND @ T-8h                cutoff 2026-07-31T18:06:00+00:00 already passed at 2026-08-0
  late_prevented #3 ATL v SEA @ T-30m               cutoff 2026-07-31T23:05:00+00:00 already passed at 2026-08-0
  late_prevented #4 WAS v DAL @ T-30m               cutoff 2026-07-31T23:05:00+00:00 already passed at 2026-08-0
  late_prevented #5 PDX v IND @ T-90m               cutoff 2026-08-01T00:36:00+00:00 already passed at 2026-08-0
  late_prevented #6 CHI v LVA @ T-90m               cutoff 2026-08-01T15:35:00+00:00 already passed at 2026-08-0
  late_prevented #7 PHX v NYL @ T-90m               cutoff 2026-08-01T17:34:00+00:00 already passed at 2026-08-0
  skip           #8 CHI v LVA @ unknown-tip         base record is an explicit no-forecast; nothing to pair
  skip           #9 PHX v NYL @ unknown-tip         base record is an explicit no-forecast; nothing to pair
  late_prevented #10 NYL v SEA @ T-8h               cutoff 2026-08-03T15:04:00+00:00 already passed at 2026-08-0
  late_prevented #11 ATL v LVA @ T-8h               cutoff 2026-08-03T15:14:00+00:00 already passed at 2026-08-0
  late_prevented #12 CHI v PHX @ T-8h               cutoff 2026-08-03T17:08:00+00:00 already passed at 2026-08-0
  already_logged #13 NYL v SEA @ T-90m              idempotent: pair exists
  already_logged #14 ATL v LVA @ T-90m              idempotent: pair exists
  already_logged #15 CHI v PHX @ T-90m              idempotent: pair exists
  already_logged #16 NYL v SEA @ T-90m              idempotent: pair exists
  already_logged #17 ATL v LVA @ T-90m              idempotent: pair exists
  already_logged #18 CHI v PHX @ T-90m              idempotent: pair exists
  late_prevented #19 NYL v SEA @ T-30m              cutoff 2026-08-03T22:34:00+00:00 already passed at 2026-08-0
  late_prevented #20 ATL v LVA @ T-30m              cutoff 2026-08-03T22:44:00+00:00 already passed at 2026-08-0
  already_logged #21 CHI v PHX @ T-90m              idempotent: pair exists
  already_logged #22 GSV v TOR @ T-8h               idempotent: pair exists
  already_logged #23 GSV v TOR @ T-90m              idempotent: pair exists
  already_logged #24 GSV v TOR @ T-30m              idempotent: pair exists
  already_logged #25 ATL v PHX @ T-8h               idempotent: pair exists
  already_logged #26 NYL v SEA @ T-8h               idempotent: pair exists
  already_logged #27 WAS v DAL @ T-8h               idempotent: pair exists
  already_logged #28 CHI v LAS @ T-8h               idempotent: pair exists
  already_logged #29 ATL v PHX @ T-90m              idempotent: pair exists
  already_logged #30 NYL v SEA @ T-90m              idempotent: pair exists
  already_logged #31 WAS v DAL @ T-90m              idempotent: pair exists
  already_logged #32 CHI v LAS @ T-90m              idempotent: pair exists
  late_prevented #33 ATL v PHX @ T-30m              cutoff 2026-08-05T22:33:00+00:00 already passed at 2026-08-0
  late_prevented #34 NYL v SEA @ T-30m              cutoff 2026-08-05T22:38:00+00:00 already passed at 2026-08-0
  already_logged #35 WAS v DAL @ T-30m              idempotent: pair exists
  already_logged #36 CHI v LAS @ T-90m              idempotent: pair exists
  already_logged #37 IND v LVA @ T-8h               idempotent: pair exists
  already_logged #38 MIN v LAS @ T-8h               idempotent: pair exists
  already_logged #39 PDX v TOR @ T-8h               idempotent: pair exists
  already_logged #40 IND v LVA @ T-90m              idempotent: pair exists
  already_logged #41 MIN v LAS @ T-90m              idempotent: pair exists
  already_logged #42 PDX v TOR @ T-90m              idempotent: pair exists
  late_prevented #43 IND v LVA @ T-30m              cutoff 2026-08-06T22:36:00+00:00 already passed at 2026-08-0
  already_logged #44 PDX v TOR @ T-30m              idempotent: pair exists

  already_logged=27, late_prevented=16, skip=2
  arm chain: ok=True n=22 tip=65a67c3b31aa406e
  receipt appended to prospective_pair_runs.jsonl
[arm] exit=0 
====================================================================================================
FORECAST COVERAGE AUDIT   generated 2026-08-07T04:00:04.942051+00:00
====================================================================================================

CUMULATIVE by classification
  missing_job_did_not_run      36
  forecast_logged              33
  before_period_start          15
  not_yet_due                  13
  missing_data_unavailable     6
  late_record                  5

  obligations 108 | due 80 | served 33 | coverage 41.2%
  operational misses 36 | unexplained 0
  PROMOTION-GRADE: NO   (needs >= 95% served, <= 0 operational misses, all explained)

DAILY
  date         oblig  served     due     excl    opmiss arm_recs
  2026-07-30      12       0       0       12         0        0
  2026-07-31      12       6       9        3         0        0
  2026-08-01       8       2       8        0         6        0
  2026-08-02      16       0      16        0        16        0
  2026-08-03      12       6      12        0         3        3
  2026-08-04       4       3       4        0         1        3
  2026-08-05      16       9      16        0         4        9
  2026-08-06      12       7      12        0         3        7
  2026-08-07      12       0       3        9         3        0
  2026-08-08       4       0       0        4         0        0

EVERY MISSING OR IRREGULAR OBLIGATION (each must carry an explanation)
  2026-07-31 ATL v SEA T-90m   missing_data_unavailable   job served 1 other game(s) on 2026-07-31 at T-90m
  2026-07-31 WAS v DAL T-90m   missing_data_unavailable   job served 1 other game(s) on 2026-07-31 at T-90m
  2026-07-31 PDX v IND T-30m   missing_data_unavailable   job served 2 other game(s) on 2026-07-31 at T-30m
  2026-08-01 CHI v LVA T-24h   missing_job_did_not_run    no base record for ANY game on 2026-08-01 at T-24h
  2026-08-01 CHI v LVA T-8h    missing_job_did_not_run    no base record for ANY game on 2026-08-01 at T-8h
  2026-08-01 CHI v LVA T-30m   missing_job_did_not_run    no base record for ANY game on 2026-08-01 at T-30m
  2026-08-01 PHX v NYL T-24h   missing_job_did_not_run    no base record for ANY game on 2026-08-01 at T-24h
  2026-08-01 PHX v NYL T-8h    missing_job_did_not_run    no base record for ANY game on 2026-08-01 at T-8h
  2026-08-01 PHX v NYL T-30m   missing_job_did_not_run    no base record for ANY game on 2026-08-01 at T-30m
  2026-08-02 DAL v CON T-24h   missing_job_did_not_run    no base record for ANY game on 2026-08-02 at T-24h
  2026-08-02 DAL v CON T-8h    missing_job_did_not_run    no base record for ANY game on 2026-08-02 at T-8h
  2026-08-02 DAL v CON T-90m   missing_job_did_not_run    no base record for ANY game on 2026-08-02 at T-90m
  2026-08-02 DAL v CON T-30m   missing_job_did_not_run    no base record for ANY game on 2026-08-02 at T-30m
  2026-08-02 GSV v TOR T-24h   missing_job_did_not_run    no base record for ANY game on 2026-08-02 at T-24h
  2026-08-02 GSV v TOR T-8h    missing_job_did_not_run    no base record for ANY game on 2026-08-02 at T-8h
  2026-08-02 GSV v TOR T-90m   missing_job_did_not_run    no base record for ANY game on 2026-08-02 at T-90m
  2026-08-02 GSV v TOR T-30m   missing_job_did_not_run    no base record for ANY game on 2026-08-02 at T-30m
  2026-08-02 MIN v IND T-24h   missing_job_did_not_run    no base record for ANY game on 2026-08-02 at T-24h
  2026-08-02 MIN v IND T-8h    missing_job_did_not_run    no base record for ANY game on 2026-08-02 at T-8h
  2026-08-02 MIN v IND T-90m   missing_job_did_not_run    no base record for ANY game on 2026-08-02 at T-90m
  2026-08-02 MIN v IND T-30m   missing_job_did_not_run    no base record for ANY game on 2026-08-02 at T-30m
  2026-08-02 PDX v LAS T-24h   missing_job_did_not_run    no base record for ANY game on 2026-08-02 at T-24h
  2026-08-02 PDX v LAS T-8h    missing_job_did_not_run    no base record for ANY game on 2026-08-02 at T-8h
  2026-08-02 PDX v LAS T-90m   missing_job_did_not_run    no base record for ANY game on 2026-08-02 at T-90m
  2026-08-02 PDX v LAS T-30m   missing_job_did_not_run    no base record for ANY game on 2026-08-02 at T-30m
  2026-08-03 NYL v SEA T-24h   missing_job_did_not_run    no base record for ANY game on 2026-08-03 at T-24h
  2026-08-03 NYL v SEA T-30m   late_record                created 2026-08-03T22:45:08.958486+00:00 after cutoff
  2026-08-03 ATL v LVA T-24h   missing_job_did_not_run    no base record for ANY game on 2026-08-03 at T-24h
  2026-08-03 ATL v LVA T-30m   late_record                created 2026-08-03T22:45:08.976775+00:00 after cutoff
  2026-08-03 CHI v PHX T-24h   missing_job_did_not_run    no base record for ANY game on 2026-08-03 at T-24h
  2026-08-03 CHI v PHX T-30m   missing_data_unavailable   job served 2 other game(s) on 2026-08-03 at T-30m
  2026-08-04 GSV v TOR T-24h   missing_job_did_not_run    no base record for ANY game on 2026-08-04 at T-24h
  2026-08-05 WAS v DAL T-24h   missing_job_did_not_run    no base record for ANY game on 2026-08-05 at T-24h
  2026-08-05 NYL v SEA T-24h   missing_job_did_not_run    no base record for ANY game on 2026-08-05 at T-24h
  2026-08-05 NYL v SEA T-30m   late_record                created 2026-08-05T22:45:07.299457+00:00 after cutoff
  2026-08-05 ATL v PHX T-24h   missing_job_did_not_run    no base record for ANY game on 2026-08-05 at T-24h
  2026-08-05 ATL v PHX T-30m   late_record                created 2026-08-05T22:45:07.274521+00:00 after cutoff
  2026-08-05 CHI v LAS T-24h   missing_job_did_not_run    no base record for ANY game on 2026-08-05 at T-24h
  2026-08-05 CHI v LAS T-30m   missing_data_unavailable   job served 3 other game(s) on 2026-08-05 at T-30m
  2026-08-06 IND v LVA T-24h   missing_job_did_not_run    no base record for ANY game on 2026-08-06 at T-24h
  2026-08-06 IND v LVA T-30m   late_record                created 2026-08-06T22:45:09.382682+00:00 after cutoff
  2026-08-06 PDX v TOR T-24h   missing_job_did_not_run    no base record for ANY game on 2026-08-06 at T-24h
  2026-08-06 MIN v LAS T-24h   missing_job_did_not_run    no base record for ANY game on 2026-08-06 at T-24h
  2026-08-06 MIN v LAS T-30m   missing_data_unavailable   job served 2 other game(s) on 2026-08-06 at T-30m
  2026-08-07 WAS v ATL T-24h   missing_job_did_not_run    no base record for ANY game on 2026-08-07 at T-24h
  2026-08-07 CON v PHX T-24h   missing_job_did_not_run    no base record for ANY game on 2026-08-07 at T-24h
  2026-08-07 DAL v GSV T-24h   missing_job_did_not_run    no base record for ANY game on 2026-08-07 at T-24h

wrote forecasts/coverage_audit.csv and forecasts/coverage_receipt.json
[audit] exit=0 
==== Fri 08/07/2026  0:15:02.91 ==== 
[gate] 2026-08-07T04:15:05.882847+00:00  fire=False  -- no unserved obligation inside its 20-minute lead window (4 upcoming game(s) examined); 4 slate game(s) have no official game_id and were served under a provisional id: WAS v ATL (2026-08-07) -> PROV-2026-08-07-ATL@WAS, CON v PHX (2026-08-07) -> PROV-2026-08-07-PHX@CON, DAL v GSV (2026-08-07) -> PROV-2026-08-07-GSV@DAL, CHI v IND (2026-08-08) -> PROV-2026-08-08-IND@CHI
       WAS v ATL      T-24h   unserved cutoff 2026-08-06T23:30:00 (-285 min) 
       CON v PHX      T-24h   unserved cutoff 2026-08-06T23:30:00 (-285 min) 
       DAL v GSV      T-24h   unserved cutoff 2026-08-07T01:30:00 (-165 min) 
       CHI v IND      T-24h   unserved cutoff 2026-08-07T19:30:00 (+915 min) 
[gate] skipping the base job
[base] skipped - no unserved obligation in its lead window 
[base] exit=0 
================================================================================================
PROSPECTIVE PAIR RUNNER  2026-08-07T04:15:08.957682+00:00  model=ridge_score_level_w2c1_v1 hash=5d295bb8b99cd34e
================================================================================================
base records in official chain: 45
  late_prevented #0 ATL v SEA @ T-8h                cutoff 2026-07-31T15:35:00+00:00 already passed at 2026-08-0
  late_prevented #1 WAS v DAL @ T-8h                cutoff 2026-07-31T15:35:00+00:00 already passed at 2026-08-0
  late_prevented #2 PDX v IND @ T-8h                cutoff 2026-07-31T18:06:00+00:00 already passed at 2026-08-0
  late_prevented #3 ATL v SEA @ T-30m               cutoff 2026-07-31T23:05:00+00:00 already passed at 2026-08-0
  late_prevented #4 WAS v DAL @ T-30m               cutoff 2026-07-31T23:05:00+00:00 already passed at 2026-08-0
  late_prevented #5 PDX v IND @ T-90m               cutoff 2026-08-01T00:36:00+00:00 already passed at 2026-08-0
  late_prevented #6 CHI v LVA @ T-90m               cutoff 2026-08-01T15:35:00+00:00 already passed at 2026-08-0
  late_prevented #7 PHX v NYL @ T-90m               cutoff 2026-08-01T17:34:00+00:00 already passed at 2026-08-0
  skip           #8 CHI v LVA @ unknown-tip         base record is an explicit no-forecast; nothing to pair
  skip           #9 PHX v NYL @ unknown-tip         base record is an explicit no-forecast; nothing to pair
  late_prevented #10 NYL v SEA @ T-8h               cutoff 2026-08-03T15:04:00+00:00 already passed at 2026-08-0
  late_prevented #11 ATL v LVA @ T-8h               cutoff 2026-08-03T15:14:00+00:00 already passed at 2026-08-0
  late_prevented #12 CHI v PHX @ T-8h               cutoff 2026-08-03T17:08:00+00:00 already passed at 2026-08-0
  already_logged #13 NYL v SEA @ T-90m              idempotent: pair exists
  already_logged #14 ATL v LVA @ T-90m              idempotent: pair exists
  already_logged #15 CHI v PHX @ T-90m              idempotent: pair exists
  already_logged #16 NYL v SEA @ T-90m              idempotent: pair exists
  already_logged #17 ATL v LVA @ T-90m              idempotent: pair exists
  already_logged #18 CHI v PHX @ T-90m              idempotent: pair exists
  late_prevented #19 NYL v SEA @ T-30m              cutoff 2026-08-03T22:34:00+00:00 already passed at 2026-08-0
  late_prevented #20 ATL v LVA @ T-30m              cutoff 2026-08-03T22:44:00+00:00 already passed at 2026-08-0
  already_logged #21 CHI v PHX @ T-90m              idempotent: pair exists
  already_logged #22 GSV v TOR @ T-8h               idempotent: pair exists
  already_logged #23 GSV v TOR @ T-90m              idempotent: pair exists
  already_logged #24 GSV v TOR @ T-30m              idempotent: pair exists
  already_logged #25 ATL v PHX @ T-8h               idempotent: pair exists
  already_logged #26 NYL v SEA @ T-8h               idempotent: pair exists
  already_logged #27 WAS v DAL @ T-8h               idempotent: pair exists
  already_logged #28 CHI v LAS @ T-8h               idempotent: pair exists
  already_logged #29 ATL v PHX @ T-90m              idempotent: pair exists
  already_logged #30 NYL v SEA @ T-90m              idempotent: pair exists
  already_logged #31 WAS v DAL @ T-90m              idempotent: pair exists
  already_logged #32 CHI v LAS @ T-90m              idempotent: pair exists
  late_prevented #33 ATL v PHX @ T-30m              cutoff 2026-08-05T22:33:00+00:00 already passed at 2026-08-0
  late_prevented #34 NYL v SEA @ T-30m              cutoff 2026-08-05T22:38:00+00:00 already passed at 2026-08-0
  already_logged #35 WAS v DAL @ T-30m              idempotent: pair exists
  already_logged #36 CHI v LAS @ T-90m              idempotent: pair exists
  already_logged #37 IND v LVA @ T-8h               idempotent: pair exists
  already_logged #38 MIN v LAS @ T-8h               idempotent: pair exists
  already_logged #39 PDX v TOR @ T-8h               idempotent: pair exists
  already_logged #40 IND v LVA @ T-90m              idempotent: pair exists
  already_logged #41 MIN v LAS @ T-90m              idempotent: pair exists
  already_logged #42 PDX v TOR @ T-90m              idempotent: pair exists
  late_prevented #43 IND v LVA @ T-30m              cutoff 2026-08-06T22:36:00+00:00 already passed at 2026-08-0
  already_logged #44 PDX v TOR @ T-30m              idempotent: pair exists

  already_logged=27, late_prevented=16, skip=2
  arm chain: ok=True n=22 tip=65a67c3b31aa406e
  receipt appended to prospective_pair_runs.jsonl
[arm] exit=0 
====================================================================================================
FORECAST COVERAGE AUDIT   generated 2026-08-07T04:15:10.031024+00:00
====================================================================================================

CUMULATIVE by classification
  missing_job_did_not_run      36
  forecast_logged              33
  before_period_start          15
  not_yet_due                  13
  missing_data_unavailable     6
  late_record                  5

  obligations 108 | due 80 | served 33 | coverage 41.2%
  operational misses 36 | unexplained 0
  PROMOTION-GRADE: NO   (needs >= 95% served, <= 0 operational misses, all explained)

DAILY
  date         oblig  served     due     excl    opmiss arm_recs
  2026-07-30      12       0       0       12         0        0
  2026-07-31      12       6       9        3         0        0
  2026-08-01       8       2       8        0         6        0
  2026-08-02      16       0      16        0        16        0
  2026-08-03      12       6      12        0         3        3
  2026-08-04       4       3       4        0         1        3
  2026-08-05      16       9      16        0         4        9
  2026-08-06      12       7      12        0         3        7
  2026-08-07      12       0       3        9         3        0
  2026-08-08       4       0       0        4         0        0

EVERY MISSING OR IRREGULAR OBLIGATION (each must carry an explanation)
  2026-07-31 ATL v SEA T-90m   missing_data_unavailable   job served 1 other game(s) on 2026-07-31 at T-90m
  2026-07-31 WAS v DAL T-90m   missing_data_unavailable   job served 1 other game(s) on 2026-07-31 at T-90m
  2026-07-31 PDX v IND T-30m   missing_data_unavailable   job served 2 other game(s) on 2026-07-31 at T-30m
  2026-08-01 CHI v LVA T-24h   missing_job_did_not_run    no base record for ANY game on 2026-08-01 at T-24h
  2026-08-01 CHI v LVA T-8h    missing_job_did_not_run    no base record for ANY game on 2026-08-01 at T-8h
  2026-08-01 CHI v LVA T-30m   missing_job_did_not_run    no base record for ANY game on 2026-08-01 at T-30m
  2026-08-01 PHX v NYL T-24h   missing_job_did_not_run    no base record for ANY game on 2026-08-01 at T-24h
  2026-08-01 PHX v NYL T-8h    missing_job_did_not_run    no base record for ANY game on 2026-08-01 at T-8h
  2026-08-01 PHX v NYL T-30m   missing_job_did_not_run    no base record for ANY game on 2026-08-01 at T-30m
  2026-08-02 DAL v CON T-24h   missing_job_did_not_run    no base record for ANY game on 2026-08-02 at T-24h
  2026-08-02 DAL v CON T-8h    missing_job_did_not_run    no base record for ANY game on 2026-08-02 at T-8h
  2026-08-02 DAL v CON T-90m   missing_job_did_not_run    no base record for ANY game on 2026-08-02 at T-90m
  2026-08-02 DAL v CON T-30m   missing_job_did_not_run    no base record for ANY game on 2026-08-02 at T-30m
  2026-08-02 GSV v TOR T-24h   missing_job_did_not_run    no base record for ANY game on 2026-08-02 at T-24h
  2026-08-02 GSV v TOR T-8h    missing_job_did_not_run    no base record for ANY game on 2026-08-02 at T-8h
  2026-08-02 GSV v TOR T-90m   missing_job_did_not_run    no base record for ANY game on 2026-08-02 at T-90m
  2026-08-02 GSV v TOR T-30m   missing_job_did_not_run    no base record for ANY game on 2026-08-02 at T-30m
  2026-08-02 MIN v IND T-24h   missing_job_did_not_run    no base record for ANY game on 2026-08-02 at T-24h
  2026-08-02 MIN v IND T-8h    missing_job_did_not_run    no base record for ANY game on 2026-08-02 at T-8h
  2026-08-02 MIN v IND T-90m   missing_job_did_not_run    no base record for ANY game on 2026-08-02 at T-90m
  2026-08-02 MIN v IND T-30m   missing_job_did_not_run    no base record for ANY game on 2026-08-02 at T-30m
  2026-08-02 PDX v LAS T-24h   missing_job_did_not_run    no base record for ANY game on 2026-08-02 at T-24h
  2026-08-02 PDX v LAS T-8h    missing_job_did_not_run    no base record for ANY game on 2026-08-02 at T-8h
  2026-08-02 PDX v LAS T-90m   missing_job_did_not_run    no base record for ANY game on 2026-08-02 at T-90m
  2026-08-02 PDX v LAS T-30m   missing_job_did_not_run    no base record for ANY game on 2026-08-02 at T-30m
  2026-08-03 NYL v SEA T-24h   missing_job_did_not_run    no base record for ANY game on 2026-08-03 at T-24h
  2026-08-03 NYL v SEA T-30m   late_record                created 2026-08-03T22:45:08.958486+00:00 after cutoff
  2026-08-03 ATL v LVA T-24h   missing_job_did_not_run    no base record for ANY game on 2026-08-03 at T-24h
  2026-08-03 ATL v LVA T-30m   late_record                created 2026-08-03T22:45:08.976775+00:00 after cutoff
  2026-08-03 CHI v PHX T-24h   missing_job_did_not_run    no base record for ANY game on 2026-08-03 at T-24h
  2026-08-03 CHI v PHX T-30m   missing_data_unavailable   job served 2 other game(s) on 2026-08-03 at T-30m
  2026-08-04 GSV v TOR T-24h   missing_job_did_not_run    no base record for ANY game on 2026-08-04 at T-24h
  2026-08-05 WAS v DAL T-24h   missing_job_did_not_run    no base record for ANY game on 2026-08-05 at T-24h
  2026-08-05 NYL v SEA T-24h   missing_job_did_not_run    no base record for ANY game on 2026-08-05 at T-24h
  2026-08-05 NYL v SEA T-30m   late_record                created 2026-08-05T22:45:07.299457+00:00 after cutoff
  2026-08-05 ATL v PHX T-24h   missing_job_did_not_run    no base record for ANY game on 2026-08-05 at T-24h
  2026-08-05 ATL v PHX T-30m   late_record                created 2026-08-05T22:45:07.274521+00:00 after cutoff
  2026-08-05 CHI v LAS T-24h   missing_job_did_not_run    no base record for ANY game on 2026-08-05 at T-24h
  2026-08-05 CHI v LAS T-30m   missing_data_unavailable   job served 3 other game(s) on 2026-08-05 at T-30m
  2026-08-06 IND v LVA T-24h   missing_job_did_not_run    no base record for ANY game on 2026-08-06 at T-24h
  2026-08-06 IND v LVA T-30m   late_record                created 2026-08-06T22:45:09.382682+00:00 after cutoff
  2026-08-06 PDX v TOR T-24h   missing_job_did_not_run    no base record for ANY game on 2026-08-06 at T-24h
  2026-08-06 MIN v LAS T-24h   missing_job_did_not_run    no base record for ANY game on 2026-08-06 at T-24h
  2026-08-06 MIN v LAS T-30m   missing_data_unavailable   job served 2 other game(s) on 2026-08-06 at T-30m
  2026-08-07 WAS v ATL T-24h   missing_job_did_not_run    no base record for ANY game on 2026-08-07 at T-24h
  2026-08-07 CON v PHX T-24h   missing_job_did_not_run    no base record for ANY game on 2026-08-07 at T-24h
  2026-08-07 DAL v GSV T-24h   missing_job_did_not_run    no base record for ANY game on 2026-08-07 at T-24h

wrote forecasts/coverage_audit.csv and forecasts/coverage_receipt.json
[audit] exit=0 
==== Fri 08/07/2026  0:30:02.64 ==== 
[gate] 2026-08-07T04:30:03.292947+00:00  fire=False  -- no unserved obligation inside its 20-minute lead window (4 upcoming game(s) examined); 4 slate game(s) have no official game_id and were served under a provisional id: WAS v ATL (2026-08-07) -> PROV-2026-08-07-ATL@WAS, CON v PHX (2026-08-07) -> PROV-2026-08-07-PHX@CON, DAL v GSV (2026-08-07) -> PROV-2026-08-07-GSV@DAL, CHI v IND (2026-08-08) -> PROV-2026-08-08-IND@CHI
       WAS v ATL      T-24h   unserved cutoff 2026-08-06T23:30:00 (-300 min) 
       CON v PHX      T-24h   unserved cutoff 2026-08-06T23:30:00 (-300 min) 
       DAL v GSV      T-24h   unserved cutoff 2026-08-07T01:30:00 (-180 min) 
       CHI v IND      T-24h   unserved cutoff 2026-08-07T19:30:00 (+900 min) 
[gate] skipping the base job
[base] skipped - no unserved obligation in its lead window 
[base] exit=0 
================================================================================================
PROSPECTIVE PAIR RUNNER  2026-08-07T04:30:04.206823+00:00  model=ridge_score_level_w2c1_v1 hash=5d295bb8b99cd34e
================================================================================================
base records in official chain: 45
  late_prevented #0 ATL v SEA @ T-8h                cutoff 2026-07-31T15:35:00+00:00 already passed at 2026-08-0
  late_prevented #1 WAS v DAL @ T-8h                cutoff 2026-07-31T15:35:00+00:00 already passed at 2026-08-0
  late_prevented #2 PDX v IND @ T-8h                cutoff 2026-07-31T18:06:00+00:00 already passed at 2026-08-0
  late_prevented #3 ATL v SEA @ T-30m               cutoff 2026-07-31T23:05:00+00:00 already passed at 2026-08-0
  late_prevented #4 WAS v DAL @ T-30m               cutoff 2026-07-31T23:05:00+00:00 already passed at 2026-08-0
  late_prevented #5 PDX v IND @ T-90m               cutoff 2026-08-01T00:36:00+00:00 already passed at 2026-08-0
  late_prevented #6 CHI v LVA @ T-90m               cutoff 2026-08-01T15:35:00+00:00 already passed at 2026-08-0
  late_prevented #7 PHX v NYL @ T-90m               cutoff 2026-08-01T17:34:00+00:00 already passed at 2026-08-0
  skip           #8 CHI v LVA @ unknown-tip         base record is an explicit no-forecast; nothing to pair
  skip           #9 PHX v NYL @ unknown-tip         base record is an explicit no-forecast; nothing to pair
  late_prevented #10 NYL v SEA @ T-8h               cutoff 2026-08-03T15:04:00+00:00 already passed at 2026-08-0
  late_prevented #11 ATL v LVA @ T-8h               cutoff 2026-08-03T15:14:00+00:00 already passed at 2026-08-0
  late_prevented #12 CHI v PHX @ T-8h               cutoff 2026-08-03T17:08:00+00:00 already passed at 2026-08-0
  already_logged #13 NYL v SEA @ T-90m              idempotent: pair exists
  already_logged #14 ATL v LVA @ T-90m              idempotent: pair exists
  already_logged #15 CHI v PHX @ T-90m              idempotent: pair exists
  already_logged #16 NYL v SEA @ T-90m              idempotent: pair exists
  already_logged #17 ATL v LVA @ T-90m              idempotent: pair exists
  already_logged #18 CHI v PHX @ T-90m              idempotent: pair exists
  late_prevented #19 NYL v SEA @ T-30m              cutoff 2026-08-03T22:34:00+00:00 already passed at 2026-08-0
  late_prevented #20 ATL v LVA @ T-30m              cutoff 2026-08-03T22:44:00+00:00 already passed at 2026-08-0
  already_logged #21 CHI v PHX @ T-90m              idempotent: pair exists
  already_logged #22 GSV v TOR @ T-8h               idempotent: pair exists
  already_logged #23 GSV v TOR @ T-90m              idempotent: pair exists
  already_logged #24 GSV v TOR @ T-30m              idempotent: pair exists
  already_logged #25 ATL v PHX @ T-8h               idempotent: pair exists
  already_logged #26 NYL v SEA @ T-8h               idempotent: pair exists
  already_logged #27 WAS v DAL @ T-8h               idempotent: pair exists
  already_logged #28 CHI v LAS @ T-8h               idempotent: pair exists
  already_logged #29 ATL v PHX @ T-90m              idempotent: pair exists
  already_logged #30 NYL v SEA @ T-90m              idempotent: pair exists
  already_logged #31 WAS v DAL @ T-90m              idempotent: pair exists
  already_logged #32 CHI v LAS @ T-90m              idempotent: pair exists
  late_prevented #33 ATL v PHX @ T-30m              cutoff 2026-08-05T22:33:00+00:00 already passed at 2026-08-0
  late_prevented #34 NYL v SEA @ T-30m              cutoff 2026-08-05T22:38:00+00:00 already passed at 2026-08-0
  already_logged #35 WAS v DAL @ T-30m              idempotent: pair exists
  already_logged #36 CHI v LAS @ T-90m              idempotent: pair exists
  already_logged #37 IND v LVA @ T-8h               idempotent: pair exists
  already_logged #38 MIN v LAS @ T-8h               idempotent: pair exists
  already_logged #39 PDX v TOR @ T-8h               idempotent: pair exists
  already_logged #40 IND v LVA @ T-90m              idempotent: pair exists
  already_logged #41 MIN v LAS @ T-90m              idempotent: pair exists
  already_logged #42 PDX v TOR @ T-90m              idempotent: pair exists
  late_prevented #43 IND v LVA @ T-30m              cutoff 2026-08-06T22:36:00+00:00 already passed at 2026-08-0
  already_logged #44 PDX v TOR @ T-30m              idempotent: pair exists

  already_logged=27, late_prevented=16, skip=2
  arm chain: ok=True n=22 tip=65a67c3b31aa406e
  receipt appended to prospective_pair_runs.jsonl
[arm] exit=0 
====================================================================================================
FORECAST COVERAGE AUDIT   generated 2026-08-07T04:30:05.221960+00:00
====================================================================================================

CUMULATIVE by classification
  missing_job_did_not_run      36
  forecast_logged              33
  before_period_start          15
  not_yet_due                  13
  missing_data_unavailable     6
  late_record                  5

  obligations 108 | due 80 | served 33 | coverage 41.2%
  operational misses 36 | unexplained 0
  PROMOTION-GRADE: NO   (needs >= 95% served, <= 0 operational misses, all explained)

DAILY
  date         oblig  served     due     excl    opmiss arm_recs
  2026-07-30      12       0       0       12         0        0
  2026-07-31      12       6       9        3         0        0
  2026-08-01       8       2       8        0         6        0
  2026-08-02      16       0      16        0        16        0
  2026-08-03      12       6      12        0         3        3
  2026-08-04       4       3       4        0         1        3
  2026-08-05      16       9      16        0         4        9
  2026-08-06      12       7      12        0         3        7
  2026-08-07      12       0       3        9         3        0
  2026-08-08       4       0       0        4         0        0

EVERY MISSING OR IRREGULAR OBLIGATION (each must carry an explanation)
  2026-07-31 ATL v SEA T-90m   missing_data_unavailable   job served 1 other game(s) on 2026-07-31 at T-90m
  2026-07-31 WAS v DAL T-90m   missing_data_unavailable   job served 1 other game(s) on 2026-07-31 at T-90m
  2026-07-31 PDX v IND T-30m   missing_data_unavailable   job served 2 other game(s) on 2026-07-31 at T-30m
  2026-08-01 CHI v LVA T-24h   missing_job_did_not_run    no base record for ANY game on 2026-08-01 at T-24h
  2026-08-01 CHI v LVA T-8h    missing_job_did_not_run    no base record for ANY game on 2026-08-01 at T-8h
  2026-08-01 CHI v LVA T-30m   missing_job_did_not_run    no base record for ANY game on 2026-08-01 at T-30m
  2026-08-01 PHX v NYL T-24h   missing_job_did_not_run    no base record for ANY game on 2026-08-01 at T-24h
  2026-08-01 PHX v NYL T-8h    missing_job_did_not_run    no base record for ANY game on 2026-08-01 at T-8h
  2026-08-01 PHX v NYL T-30m   missing_job_did_not_run    no base record for ANY game on 2026-08-01 at T-30m
  2026-08-02 DAL v CON T-24h   missing_job_did_not_run    no base record for ANY game on 2026-08-02 at T-24h
  2026-08-02 DAL v CON T-8h    missing_job_did_not_run    no base record for ANY game on 2026-08-02 at T-8h
  2026-08-02 DAL v CON T-90m   missing_job_did_not_run    no base record for ANY game on 2026-08-02 at T-90m
  2026-08-02 DAL v CON T-30m   missing_job_did_not_run    no base record for ANY game on 2026-08-02 at T-30m
  2026-08-02 GSV v TOR T-24h   missing_job_did_not_run    no base record for ANY game on 2026-08-02 at T-24h
  2026-08-02 GSV v TOR T-8h    missing_job_did_not_run    no base record for ANY game on 2026-08-02 at T-8h
  2026-08-02 GSV v TOR T-90m   missing_job_did_not_run    no base record for ANY game on 2026-08-02 at T-90m
  2026-08-02 GSV v TOR T-30m   missing_job_did_not_run    no base record for ANY game on 2026-08-02 at T-30m
  2026-08-02 MIN v IND T-24h   missing_job_did_not_run    no base record for ANY game on 2026-08-02 at T-24h
  2026-08-02 MIN v IND T-8h    missing_job_did_not_run    no base record for ANY game on 2026-08-02 at T-8h
  2026-08-02 MIN v IND T-90m   missing_job_did_not_run    no base record for ANY game on 2026-08-02 at T-90m
  2026-08-02 MIN v IND T-30m   missing_job_did_not_run    no base record for ANY game on 2026-08-02 at T-30m
  2026-08-02 PDX v LAS T-24h   missing_job_did_not_run    no base record for ANY game on 2026-08-02 at T-24h
  2026-08-02 PDX v LAS T-8h    missing_job_did_not_run    no base record for ANY game on 2026-08-02 at T-8h
  2026-08-02 PDX v LAS T-90m   missing_job_did_not_run    no base record for ANY game on 2026-08-02 at T-90m
  2026-08-02 PDX v LAS T-30m   missing_job_did_not_run    no base record for ANY game on 2026-08-02 at T-30m
  2026-08-03 NYL v SEA T-24h   missing_job_did_not_run    no base record for ANY game on 2026-08-03 at T-24h
  2026-08-03 NYL v SEA T-30m   late_record                created 2026-08-03T22:45:08.958486+00:00 after cutoff
  2026-08-03 ATL v LVA T-24h   missing_job_did_not_run    no base record for ANY game on 2026-08-03 at T-24h
  2026-08-03 ATL v LVA T-30m   late_record                created 2026-08-03T22:45:08.976775+00:00 after cutoff
  2026-08-03 CHI v PHX T-24h   missing_job_did_not_run    no base record for ANY game on 2026-08-03 at T-24h
  2026-08-03 CHI v PHX T-30m   missing_data_unavailable   job served 2 other game(s) on 2026-08-03 at T-30m
  2026-08-04 GSV v TOR T-24h   missing_job_did_not_run    no base record for ANY game on 2026-08-04 at T-24h
  2026-08-05 WAS v DAL T-24h   missing_job_did_not_run    no base record for ANY game on 2026-08-05 at T-24h
  2026-08-05 NYL v SEA T-24h   missing_job_did_not_run    no base record for ANY game on 2026-08-05 at T-24h
  2026-08-05 NYL v SEA T-30m   late_record                created 2026-08-05T22:45:07.299457+00:00 after cutoff
  2026-08-05 ATL v PHX T-24h   missing_job_did_not_run    no base record for ANY game on 2026-08-05 at T-24h
  2026-08-05 ATL v PHX T-30m   late_record                created 2026-08-05T22:45:07.274521+00:00 after cutoff
  2026-08-05 CHI v LAS T-24h   missing_job_did_not_run    no base record for ANY game on 2026-08-05 at T-24h
  2026-08-05 CHI v LAS T-30m   missing_data_unavailable   job served 3 other game(s) on 2026-08-05 at T-30m
  2026-08-06 IND v LVA T-24h   missing_job_did_not_run    no base record for ANY game on 2026-08-06 at T-24h
  2026-08-06 IND v LVA T-30m   late_record                created 2026-08-06T22:45:09.382682+00:00 after cutoff
  2026-08-06 PDX v TOR T-24h   missing_job_did_not_run    no base record for ANY game on 2026-08-06 at T-24h
  2026-08-06 MIN v LAS T-24h   missing_job_did_not_run    no base record for ANY game on 2026-08-06 at T-24h
  2026-08-06 MIN v LAS T-30m   missing_data_unavailable   job served 2 other game(s) on 2026-08-06 at T-30m
  2026-08-07 WAS v ATL T-24h   missing_job_did_not_run    no base record for ANY game on 2026-08-07 at T-24h
  2026-08-07 CON v PHX T-24h   missing_job_did_not_run    no base record for ANY game on 2026-08-07 at T-24h
  2026-08-07 DAL v GSV T-24h   missing_job_did_not_run    no base record for ANY game on 2026-08-07 at T-24h

wrote forecasts/coverage_audit.csv and forecasts/coverage_receipt.json
[audit] exit=0 
==== Fri 08/07/2026  0:45:02.88 ==== 
[gate] 2026-08-07T04:45:05.811328+00:00  fire=False  -- no unserved obligation inside its 20-minute lead window (4 upcoming game(s) examined); 4 slate game(s) have no official game_id and were served under a provisional id: WAS v ATL (2026-08-07) -> PROV-2026-08-07-ATL@WAS, CON v PHX (2026-08-07) -> PROV-2026-08-07-PHX@CON, DAL v GSV (2026-08-07) -> PROV-2026-08-07-GSV@DAL, CHI v IND (2026-08-08) -> PROV-2026-08-08-IND@CHI
       WAS v ATL      T-24h   unserved cutoff 2026-08-06T23:30:00 (-315 min) 
       CON v PHX      T-24h   unserved cutoff 2026-08-06T23:30:00 (-315 min) 
       DAL v GSV      T-24h   unserved cutoff 2026-08-07T01:30:00 (-195 min) 
       CHI v IND      T-24h   unserved cutoff 2026-08-07T19:30:00 (+885 min) 
[gate] skipping the base job
[base] skipped - no unserved obligation in its lead window 
[base] exit=0 
================================================================================================
PROSPECTIVE PAIR RUNNER  2026-08-07T04:45:08.775770+00:00  model=ridge_score_level_w2c1_v1 hash=5d295bb8b99cd34e
================================================================================================
base records in official chain: 45
  late_prevented #0 ATL v SEA @ T-8h                cutoff 2026-07-31T15:35:00+00:00 already passed at 2026-08-0
  late_prevented #1 WAS v DAL @ T-8h                cutoff 2026-07-31T15:35:00+00:00 already passed at 2026-08-0
  late_prevented #2 PDX v IND @ T-8h                cutoff 2026-07-31T18:06:00+00:00 already passed at 2026-08-0
  late_prevented #3 ATL v SEA @ T-30m               cutoff 2026-07-31T23:05:00+00:00 already passed at 2026-08-0
  late_prevented #4 WAS v DAL @ T-30m               cutoff 2026-07-31T23:05:00+00:00 already passed at 2026-08-0
  late_prevented #5 PDX v IND @ T-90m               cutoff 2026-08-01T00:36:00+00:00 already passed at 2026-08-0
  late_prevented #6 CHI v LVA @ T-90m               cutoff 2026-08-01T15:35:00+00:00 already passed at 2026-08-0
  late_prevented #7 PHX v NYL @ T-90m               cutoff 2026-08-01T17:34:00+00:00 already passed at 2026-08-0
  skip           #8 CHI v LVA @ unknown-tip         base record is an explicit no-forecast; nothing to pair
  skip           #9 PHX v NYL @ unknown-tip         base record is an explicit no-forecast; nothing to pair
  late_prevented #10 NYL v SEA @ T-8h               cutoff 2026-08-03T15:04:00+00:00 already passed at 2026-08-0
  late_prevented #11 ATL v LVA @ T-8h               cutoff 2026-08-03T15:14:00+00:00 already passed at 2026-08-0
  late_prevented #12 CHI v PHX @ T-8h               cutoff 2026-08-03T17:08:00+00:00 already passed at 2026-08-0
  already_logged #13 NYL v SEA @ T-90m              idempotent: pair exists
  already_logged #14 ATL v LVA @ T-90m              idempotent: pair exists
  already_logged #15 CHI v PHX @ T-90m              idempotent: pair exists
  already_logged #16 NYL v SEA @ T-90m              idempotent: pair exists
  already_logged #17 ATL v LVA @ T-90m              idempotent: pair exists
  already_logged #18 CHI v PHX @ T-90m              idempotent: pair exists
  late_prevented #19 NYL v SEA @ T-30m              cutoff 2026-08-03T22:34:00+00:00 already passed at 2026-08-0
  late_prevented #20 ATL v LVA @ T-30m              cutoff 2026-08-03T22:44:00+00:00 already passed at 2026-08-0
  already_logged #21 CHI v PHX @ T-90m              idempotent: pair exists
  already_logged #22 GSV v TOR @ T-8h               idempotent: pair exists
  already_logged #23 GSV v TOR @ T-90m              idempotent: pair exists
  already_logged #24 GSV v TOR @ T-30m              idempotent: pair exists
  already_logged #25 ATL v PHX @ T-8h               idempotent: pair exists
  already_logged #26 NYL v SEA @ T-8h               idempotent: pair exists
  already_logged #27 WAS v DAL @ T-8h               idempotent: pair exists
  already_logged #28 CHI v LAS @ T-8h               idempotent: pair exists
  already_logged #29 ATL v PHX @ T-90m              idempotent: pair exists
  already_logged #30 NYL v SEA @ T-90m              idempotent: pair exists
  already_logged #31 WAS v DAL @ T-90m              idempotent: pair exists
  already_logged #32 CHI v LAS @ T-90m              idempotent: pair exists
  late_prevented #33 ATL v PHX @ T-30m              cutoff 2026-08-05T22:33:00+00:00 already passed at 2026-08-0
  late_prevented #34 NYL v SEA @ T-30m              cutoff 2026-08-05T22:38:00+00:00 already passed at 2026-08-0
  already_logged #35 WAS v DAL @ T-30m              idempotent: pair exists
  already_logged #36 CHI v LAS @ T-90m              idempotent: pair exists
  already_logged #37 IND v LVA @ T-8h               idempotent: pair exists
  already_logged #38 MIN v LAS @ T-8h               idempotent: pair exists
  already_logged #39 PDX v TOR @ T-8h               idempotent: pair exists
  already_logged #40 IND v LVA @ T-90m              idempotent: pair exists
  already_logged #41 MIN v LAS @ T-90m              idempotent: pair exists
  already_logged #42 PDX v TOR @ T-90m              idempotent: pair exists
  late_prevented #43 IND v LVA @ T-30m              cutoff 2026-08-06T22:36:00+00:00 already passed at 2026-08-0
  already_logged #44 PDX v TOR @ T-30m              idempotent: pair exists

  already_logged=27, late_prevented=16, skip=2
  arm chain: ok=True n=22 tip=65a67c3b31aa406e
  receipt appended to prospective_pair_runs.jsonl
[arm] exit=0 
====================================================================================================
FORECAST COVERAGE AUDIT   generated 2026-08-07T04:45:09.790996+00:00
====================================================================================================

CUMULATIVE by classification
  missing_job_did_not_run      36
  forecast_logged              33
  before_period_start          15
  not_yet_due                  13
  missing_data_unavailable     6
  late_record                  5

  obligations 108 | due 80 | served 33 | coverage 41.2%
  operational misses 36 | unexplained 0
  PROMOTION-GRADE: NO   (needs >= 95% served, <= 0 operational misses, all explained)

DAILY
  date         oblig  served     due     excl    opmiss arm_recs
  2026-07-30      12       0       0       12         0        0
  2026-07-31      12       6       9        3         0        0
  2026-08-01       8       2       8        0         6        0
  2026-08-02      16       0      16        0        16        0
  2026-08-03      12       6      12        0         3        3
  2026-08-04       4       3       4        0         1        3
  2026-08-05      16       9      16        0         4        9
  2026-08-06      12       7      12        0         3        7
  2026-08-07      12       0       3        9         3        0
  2026-08-08       4       0       0        4         0        0

EVERY MISSING OR IRREGULAR OBLIGATION (each must carry an explanation)
  2026-07-31 ATL v SEA T-90m   missing_data_unavailable   job served 1 other game(s) on 2026-07-31 at T-90m
  2026-07-31 WAS v DAL T-90m   missing_data_unavailable   job served 1 other game(s) on 2026-07-31 at T-90m
  2026-07-31 PDX v IND T-30m   missing_data_unavailable   job served 2 other game(s) on 2026-07-31 at T-30m
  2026-08-01 CHI v LVA T-24h   missing_job_did_not_run    no base record for ANY game on 2026-08-01 at T-24h
  2026-08-01 CHI v LVA T-8h    missing_job_did_not_run    no base record for ANY game on 2026-08-01 at T-8h
  2026-08-01 CHI v LVA T-30m   missing_job_did_not_run    no base record for ANY game on 2026-08-01 at T-30m
  2026-08-01 PHX v NYL T-24h   missing_job_did_not_run    no base record for ANY game on 2026-08-01 at T-24h
  2026-08-01 PHX v NYL T-8h    missing_job_did_not_run    no base record for ANY game on 2026-08-01 at T-8h
  2026-08-01 PHX v NYL T-30m   missing_job_did_not_run    no base record for ANY game on 2026-08-01 at T-30m
  2026-08-02 DAL v CON T-24h   missing_job_did_not_run    no base record for ANY game on 2026-08-02 at T-24h
  2026-08-02 DAL v CON T-8h    missing_job_did_not_run    no base record for ANY game on 2026-08-02 at T-8h
  2026-08-02 DAL v CON T-90m   missing_job_did_not_run    no base record for ANY game on 2026-08-02 at T-90m
  2026-08-02 DAL v CON T-30m   missing_job_did_not_run    no base record for ANY game on 2026-08-02 at T-30m
  2026-08-02 GSV v TOR T-24h   missing_job_did_not_run    no base record for ANY game on 2026-08-02 at T-24h
  2026-08-02 GSV v TOR T-8h    missing_job_did_not_run    no base record for ANY game on 2026-08-02 at T-8h
  2026-08-02 GSV v TOR T-90m   missing_job_did_not_run    no base record for ANY game on 2026-08-02 at T-90m
  2026-08-02 GSV v TOR T-30m   missing_job_did_not_run    no base record for ANY game on 2026-08-02 at T-30m
  2026-08-02 MIN v IND T-24h   missing_job_did_not_run    no base record for ANY game on 2026-08-02 at T-24h
  2026-08-02 MIN v IND T-8h    missing_job_did_not_run    no base record for ANY game on 2026-08-02 at T-8h
  2026-08-02 MIN v IND T-90m   missing_job_did_not_run    no base record for ANY game on 2026-08-02 at T-90m
  2026-08-02 MIN v IND T-30m   missing_job_did_not_run    no base record for ANY game on 2026-08-02 at T-30m
  2026-08-02 PDX v LAS T-24h   missing_job_did_not_run    no base record for ANY game on 2026-08-02 at T-24h
  2026-08-02 PDX v LAS T-8h    missing_job_did_not_run    no base record for ANY game on 2026-08-02 at T-8h
  2026-08-02 PDX v LAS T-90m   missing_job_did_not_run    no base record for ANY game on 2026-08-02 at T-90m
  2026-08-02 PDX v LAS T-30m   missing_job_did_not_run    no base record for ANY game on 2026-08-02 at T-30m
  2026-08-03 NYL v SEA T-24h   missing_job_did_not_run    no base record for ANY game on 2026-08-03 at T-24h
  2026-08-03 NYL v SEA T-30m   late_record                created 2026-08-03T22:45:08.958486+00:00 after cutoff
  2026-08-03 ATL v LVA T-24h   missing_job_did_not_run    no base record for ANY game on 2026-08-03 at T-24h
  2026-08-03 ATL v LVA T-30m   late_record                created 2026-08-03T22:45:08.976775+00:00 after cutoff
  2026-08-03 CHI v PHX T-24h   missing_job_did_not_run    no base record for ANY game on 2026-08-03 at T-24h
  2026-08-03 CHI v PHX T-30m   missing_data_unavailable   job served 2 other game(s) on 2026-08-03 at T-30m
  2026-08-04 GSV v TOR T-24h   missing_job_did_not_run    no base record for ANY game on 2026-08-04 at T-24h
  2026-08-05 WAS v DAL T-24h   missing_job_did_not_run    no base record for ANY game on 2026-08-05 at T-24h
  2026-08-05 NYL v SEA T-24h   missing_job_did_not_run    no base record for ANY game on 2026-08-05 at T-24h
  2026-08-05 NYL v SEA T-30m   late_record                created 2026-08-05T22:45:07.299457+00:00 after cutoff
  2026-08-05 ATL v PHX T-24h   missing_job_did_not_run    no base record for ANY game on 2026-08-05 at T-24h
  2026-08-05 ATL v PHX T-30m   late_record                created 2026-08-05T22:45:07.274521+00:00 after cutoff
  2026-08-05 CHI v LAS T-24h   missing_job_did_not_run    no base record for ANY game on 2026-08-05 at T-24h
  2026-08-05 CHI v LAS T-30m   missing_data_unavailable   job served 3 other game(s) on 2026-08-05 at T-30m
  2026-08-06 IND v LVA T-24h   missing_job_did_not_run    no base record for ANY game on 2026-08-06 at T-24h
  2026-08-06 IND v LVA T-30m   late_record                created 2026-08-06T22:45:09.382682+00:00 after cutoff
  2026-08-06 PDX v TOR T-24h   missing_job_did_not_run    no base record for ANY game on 2026-08-06 at T-24h
  2026-08-06 MIN v LAS T-24h   missing_job_did_not_run    no base record for ANY game on 2026-08-06 at T-24h
  2026-08-06 MIN v LAS T-30m   missing_data_unavailable   job served 2 other game(s) on 2026-08-06 at T-30m
  2026-08-07 WAS v ATL T-24h   missing_job_did_not_run    no base record for ANY game on 2026-08-07 at T-24h
  2026-08-07 CON v PHX T-24h   missing_job_did_not_run    no base record for ANY game on 2026-08-07 at T-24h
  2026-08-07 DAL v GSV T-24h   missing_job_did_not_run    no base record for ANY game on 2026-08-07 at T-24h

wrote forecasts/coverage_audit.csv and forecasts/coverage_receipt.json
[audit] exit=0 
==== Fri 08/07/2026  1:00:02.47 ==== 
[gate] 2026-08-07T05:00:03.107023+00:00  fire=False  -- no unserved obligation inside its 20-minute lead window (4 upcoming game(s) examined); 4 slate game(s) have no official game_id and were served under a provisional id: WAS v ATL (2026-08-07) -> PROV-2026-08-07-ATL@WAS, CON v PHX (2026-08-07) -> PROV-2026-08-07-PHX@CON, DAL v GSV (2026-08-07) -> PROV-2026-08-07-GSV@DAL, CHI v IND (2026-08-08) -> PROV-2026-08-08-IND@CHI
       WAS v ATL      T-24h   unserved cutoff 2026-08-06T23:30:00 (-330 min) 
       CON v PHX      T-24h   unserved cutoff 2026-08-06T23:30:00 (-330 min) 
       DAL v GSV      T-24h   unserved cutoff 2026-08-07T01:30:00 (-210 min) 
       CHI v IND      T-24h   unserved cutoff 2026-08-07T19:30:00 (+870 min) 
[gate] skipping the base job
[base] skipped - no unserved obligation in its lead window 
[base] exit=0 
================================================================================================
PROSPECTIVE PAIR RUNNER  2026-08-07T05:00:04.084628+00:00  model=ridge_score_level_w2c1_v1 hash=5d295bb8b99cd34e
================================================================================================
base records in official chain: 45
  late_prevented #0 ATL v SEA @ T-8h                cutoff 2026-07-31T15:35:00+00:00 already passed at 2026-08-0
  late_prevented #1 WAS v DAL @ T-8h                cutoff 2026-07-31T15:35:00+00:00 already passed at 2026-08-0
  late_prevented #2 PDX v IND @ T-8h                cutoff 2026-07-31T18:06:00+00:00 already passed at 2026-08-0
  late_prevented #3 ATL v SEA @ T-30m               cutoff 2026-07-31T23:05:00+00:00 already passed at 2026-08-0
  late_prevented #4 WAS v DAL @ T-30m               cutoff 2026-07-31T23:05:00+00:00 already passed at 2026-08-0
  late_prevented #5 PDX v IND @ T-90m               cutoff 2026-08-01T00:36:00+00:00 already passed at 2026-08-0
  late_prevented #6 CHI v LVA @ T-90m               cutoff 2026-08-01T15:35:00+00:00 already passed at 2026-08-0
  late_prevented #7 PHX v NYL @ T-90m               cutoff 2026-08-01T17:34:00+00:00 already passed at 2026-08-0
  skip           #8 CHI v LVA @ unknown-tip         base record is an explicit no-forecast; nothing to pair
  skip           #9 PHX v NYL @ unknown-tip         base record is an explicit no-forecast; nothing to pair
  late_prevented #10 NYL v SEA @ T-8h               cutoff 2026-08-03T15:04:00+00:00 already passed at 2026-08-0
  late_prevented #11 ATL v LVA @ T-8h               cutoff 2026-08-03T15:14:00+00:00 already passed at 2026-08-0
  late_prevented #12 CHI v PHX @ T-8h               cutoff 2026-08-03T17:08:00+00:00 already passed at 2026-08-0
  already_logged #13 NYL v SEA @ T-90m              idempotent: pair exists
  already_logged #14 ATL v LVA @ T-90m              idempotent: pair exists
  already_logged #15 CHI v PHX @ T-90m              idempotent: pair exists
  already_logged #16 NYL v SEA @ T-90m              idempotent: pair exists
  already_logged #17 ATL v LVA @ T-90m              idempotent: pair exists
  already_logged #18 CHI v PHX @ T-90m              idempotent: pair exists
  late_prevented #19 NYL v SEA @ T-30m              cutoff 2026-08-03T22:34:00+00:00 already passed at 2026-08-0
  late_prevented #20 ATL v LVA @ T-30m              cutoff 2026-08-03T22:44:00+00:00 already passed at 2026-08-0
  already_logged #21 CHI v PHX @ T-90m              idempotent: pair exists
  already_logged #22 GSV v TOR @ T-8h               idempotent: pair exists
  already_logged #23 GSV v TOR @ T-90m              idempotent: pair exists
  already_logged #24 GSV v TOR @ T-30m              idempotent: pair exists
  already_logged #25 ATL v PHX @ T-8h               idempotent: pair exists
  already_logged #26 NYL v SEA @ T-8h               idempotent: pair exists
  already_logged #27 WAS v DAL @ T-8h               idempotent: pair exists
  already_logged #28 CHI v LAS @ T-8h               idempotent: pair exists
  already_logged #29 ATL v PHX @ T-90m              idempotent: pair exists
  already_logged #30 NYL v SEA @ T-90m              idempotent: pair exists
  already_logged #31 WAS v DAL @ T-90m              idempotent: pair exists
  already_logged #32 CHI v LAS @ T-90m              idempotent: pair exists
  late_prevented #33 ATL v PHX @ T-30m              cutoff 2026-08-05T22:33:00+00:00 already passed at 2026-08-0
  late_prevented #34 NYL v SEA @ T-30m              cutoff 2026-08-05T22:38:00+00:00 already passed at 2026-08-0
  already_logged #35 WAS v DAL @ T-30m              idempotent: pair exists
  already_logged #36 CHI v LAS @ T-90m              idempotent: pair exists
  already_logged #37 IND v LVA @ T-8h               idempotent: pair exists
  already_logged #38 MIN v LAS @ T-8h               idempotent: pair exists
  already_logged #39 PDX v TOR @ T-8h               idempotent: pair exists
  already_logged #40 IND v LVA @ T-90m              idempotent: pair exists
  already_logged #41 MIN v LAS @ T-90m              idempotent: pair exists
  already_logged #42 PDX v TOR @ T-90m              idempotent: pair exists
  late_prevented #43 IND v LVA @ T-30m              cutoff 2026-08-06T22:36:00+00:00 already passed at 2026-08-0
  already_logged #44 PDX v TOR @ T-30m              idempotent: pair exists

  already_logged=27, late_prevented=16, skip=2
  arm chain: ok=True n=22 tip=65a67c3b31aa406e
  receipt appended to prospective_pair_runs.jsonl
[arm] exit=0 
====================================================================================================
FORECAST COVERAGE AUDIT   generated 2026-08-07T05:00:05.021045+00:00
====================================================================================================

CUMULATIVE by classification
  missing_job_did_not_run      36
  forecast_logged              33
  before_period_start          15
  not_yet_due                  13
  missing_data_unavailable     6
  late_record                  5

  obligations 108 | due 80 | served 33 | coverage 41.2%
  operational misses 36 | unexplained 0
  PROMOTION-GRADE: NO   (needs >= 95% served, <= 0 operational misses, all explained)

DAILY
  date         oblig  served     due     excl    opmiss arm_recs
  2026-07-30      12       0       0       12         0        0
  2026-07-31      12       6       9        3         0        0
  2026-08-01       8       2       8        0         6        0
  2026-08-02      16       0      16        0        16        0
  2026-08-03      12       6      12        0         3        3
  2026-08-04       4       3       4        0         1        3
  2026-08-05      16       9      16        0         4        9
  2026-08-06      12       7      12        0         3        7
  2026-08-07      12       0       3        9         3        0
  2026-08-08       4       0       0        4         0        0

EVERY MISSING OR IRREGULAR OBLIGATION (each must carry an explanation)
  2026-07-31 ATL v SEA T-90m   missing_data_unavailable   job served 1 other game(s) on 2026-07-31 at T-90m
  2026-07-31 WAS v DAL T-90m   missing_data_unavailable   job served 1 other game(s) on 2026-07-31 at T-90m
  2026-07-31 PDX v IND T-30m   missing_data_unavailable   job served 2 other game(s) on 2026-07-31 at T-30m
  2026-08-01 CHI v LVA T-24h   missing_job_did_not_run    no base record for ANY game on 2026-08-01 at T-24h
  2026-08-01 CHI v LVA T-8h    missing_job_did_not_run    no base record for ANY game on 2026-08-01 at T-8h
  2026-08-01 CHI v LVA T-30m   missing_job_did_not_run    no base record for ANY game on 2026-08-01 at T-30m
  2026-08-01 PHX v NYL T-24h   missing_job_did_not_run    no base record for ANY game on 2026-08-01 at T-24h
  2026-08-01 PHX v NYL T-8h    missing_job_did_not_run    no base record for ANY game on 2026-08-01 at T-8h
  2026-08-01 PHX v NYL T-30m   missing_job_did_not_run    no base record for ANY game on 2026-08-01 at T-30m
  2026-08-02 DAL v CON T-24h   missing_job_did_not_run    no base record for ANY game on 2026-08-02 at T-24h
  2026-08-02 DAL v CON T-8h    missing_job_did_not_run    no base record for ANY game on 2026-08-02 at T-8h
  2026-08-02 DAL v CON T-90m   missing_job_did_not_run    no base record for ANY game on 2026-08-02 at T-90m
  2026-08-02 DAL v CON T-30m   missing_job_did_not_run    no base record for ANY game on 2026-08-02 at T-30m
  2026-08-02 GSV v TOR T-24h   missing_job_did_not_run    no base record for ANY game on 2026-08-02 at T-24h
  2026-08-02 GSV v TOR T-8h    missing_job_did_not_run    no base record for ANY game on 2026-08-02 at T-8h
  2026-08-02 GSV v TOR T-90m   missing_job_did_not_run    no base record for ANY game on 2026-08-02 at T-90m
  2026-08-02 GSV v TOR T-30m   missing_job_did_not_run    no base record for ANY game on 2026-08-02 at T-30m
  2026-08-02 MIN v IND T-24h   missing_job_did_not_run    no base record for ANY game on 2026-08-02 at T-24h
  2026-08-02 MIN v IND T-8h    missing_job_did_not_run    no base record for ANY game on 2026-08-02 at T-8h
  2026-08-02 MIN v IND T-90m   missing_job_did_not_run    no base record for ANY game on 2026-08-02 at T-90m
  2026-08-02 MIN v IND T-30m   missing_job_did_not_run    no base record for ANY game on 2026-08-02 at T-30m
  2026-08-02 PDX v LAS T-24h   missing_job_did_not_run    no base record for ANY game on 2026-08-02 at T-24h
  2026-08-02 PDX v LAS T-8h    missing_job_did_not_run    no base record for ANY game on 2026-08-02 at T-8h
  2026-08-02 PDX v LAS T-90m   missing_job_did_not_run    no base record for ANY game on 2026-08-02 at T-90m
  2026-08-02 PDX v LAS T-30m   missing_job_did_not_run    no base record for ANY game on 2026-08-02 at T-30m
  2026-08-03 NYL v SEA T-24h   missing_job_did_not_run    no base record for ANY game on 2026-08-03 at T-24h
  2026-08-03 NYL v SEA T-30m   late_record                created 2026-08-03T22:45:08.958486+00:00 after cutoff
  2026-08-03 ATL v LVA T-24h   missing_job_did_not_run    no base record for ANY game on 2026-08-03 at T-24h
  2026-08-03 ATL v LVA T-30m   late_record                created 2026-08-03T22:45:08.976775+00:00 after cutoff
  2026-08-03 CHI v PHX T-24h   missing_job_did_not_run    no base record for ANY game on 2026-08-03 at T-24h
  2026-08-03 CHI v PHX T-30m   missing_data_unavailable   job served 2 other game(s) on 2026-08-03 at T-30m
  2026-08-04 GSV v TOR T-24h   missing_job_did_not_run    no base record for ANY game on 2026-08-04 at T-24h
  2026-08-05 WAS v DAL T-24h   missing_job_did_not_run    no base record for ANY game on 2026-08-05 at T-24h
  2026-08-05 NYL v SEA T-24h   missing_job_did_not_run    no base record for ANY game on 2026-08-05 at T-24h
  2026-08-05 NYL v SEA T-30m   late_record                created 2026-08-05T22:45:07.299457+00:00 after cutoff
  2026-08-05 ATL v PHX T-24h   missing_job_did_not_run    no base record for ANY game on 2026-08-05 at T-24h
  2026-08-05 ATL v PHX T-30m   late_record                created 2026-08-05T22:45:07.274521+00:00 after cutoff
  2026-08-05 CHI v LAS T-24h   missing_job_did_not_run    no base record for ANY game on 2026-08-05 at T-24h
  2026-08-05 CHI v LAS T-30m   missing_data_unavailable   job served 3 other game(s) on 2026-08-05 at T-30m
  2026-08-06 IND v LVA T-24h   missing_job_did_not_run    no base record for ANY game on 2026-08-06 at T-24h
  2026-08-06 IND v LVA T-30m   late_record                created 2026-08-06T22:45:09.382682+00:00 after cutoff
  2026-08-06 PDX v TOR T-24h   missing_job_did_not_run    no base record for ANY game on 2026-08-06 at T-24h
  2026-08-06 MIN v LAS T-24h   missing_job_did_not_run    no base record for ANY game on 2026-08-06 at T-24h
  2026-08-06 MIN v LAS T-30m   missing_data_unavailable   job served 2 other game(s) on 2026-08-06 at T-30m
  2026-08-07 WAS v ATL T-24h   missing_job_did_not_run    no base record for ANY game on 2026-08-07 at T-24h
  2026-08-07 CON v PHX T-24h   missing_job_did_not_run    no base record for ANY game on 2026-08-07 at T-24h
  2026-08-07 DAL v GSV T-24h   missing_job_did_not_run    no base record for ANY game on 2026-08-07 at T-24h

wrote forecasts/coverage_audit.csv and forecasts/coverage_receipt.json
[audit] exit=0 
==== Fri 08/07/2026  1:15:03.11 ==== 
[gate] 2026-08-07T05:15:03.797215+00:00  fire=False  -- no unserved obligation inside its 20-minute lead window (4 upcoming game(s) examined); 4 slate game(s) have no official game_id and were served under a provisional id: WAS v ATL (2026-08-07) -> PROV-2026-08-07-ATL@WAS, CON v PHX (2026-08-07) -> PROV-2026-08-07-PHX@CON, DAL v GSV (2026-08-07) -> PROV-2026-08-07-GSV@DAL, CHI v IND (2026-08-08) -> PROV-2026-08-08-IND@CHI
       WAS v ATL      T-24h   unserved cutoff 2026-08-06T23:30:00 (-345 min) 
       CON v PHX      T-24h   unserved cutoff 2026-08-06T23:30:00 (-345 min) 
       DAL v GSV      T-24h   unserved cutoff 2026-08-07T01:30:00 (-225 min) 
       CHI v IND      T-24h   unserved cutoff 2026-08-07T19:30:00 (+855 min) 
[gate] skipping the base job
[base] skipped - no unserved obligation in its lead window 
[base] exit=0 
================================================================================================
PROSPECTIVE PAIR RUNNER  2026-08-07T05:15:04.801313+00:00  model=ridge_score_level_w2c1_v1 hash=5d295bb8b99cd34e
================================================================================================
base records in official chain: 45
  late_prevented #0 ATL v SEA @ T-8h                cutoff 2026-07-31T15:35:00+00:00 already passed at 2026-08-0
  late_prevented #1 WAS v DAL @ T-8h                cutoff 2026-07-31T15:35:00+00:00 already passed at 2026-08-0
  late_prevented #2 PDX v IND @ T-8h                cutoff 2026-07-31T18:06:00+00:00 already passed at 2026-08-0
  late_prevented #3 ATL v SEA @ T-30m               cutoff 2026-07-31T23:05:00+00:00 already passed at 2026-08-0
  late_prevented #4 WAS v DAL @ T-30m               cutoff 2026-07-31T23:05:00+00:00 already passed at 2026-08-0
  late_prevented #5 PDX v IND @ T-90m               cutoff 2026-08-01T00:36:00+00:00 already passed at 2026-08-0
  late_prevented #6 CHI v LVA @ T-90m               cutoff 2026-08-01T15:35:00+00:00 already passed at 2026-08-0
  late_prevented #7 PHX v NYL @ T-90m               cutoff 2026-08-01T17:34:00+00:00 already passed at 2026-08-0
  skip           #8 CHI v LVA @ unknown-tip         base record is an explicit no-forecast; nothing to pair
  skip           #9 PHX v NYL @ unknown-tip         base record is an explicit no-forecast; nothing to pair
  late_prevented #10 NYL v SEA @ T-8h               cutoff 2026-08-03T15:04:00+00:00 already passed at 2026-08-0
  late_prevented #11 ATL v LVA @ T-8h               cutoff 2026-08-03T15:14:00+00:00 already passed at 2026-08-0
  late_prevented #12 CHI v PHX @ T-8h               cutoff 2026-08-03T17:08:00+00:00 already passed at 2026-08-0
  already_logged #13 NYL v SEA @ T-90m              idempotent: pair exists
  already_logged #14 ATL v LVA @ T-90m              idempotent: pair exists
  already_logged #15 CHI v PHX @ T-90m              idempotent: pair exists
  already_logged #16 NYL v SEA @ T-90m              idempotent: pair exists
  already_logged #17 ATL v LVA @ T-90m              idempotent: pair exists
  already_logged #18 CHI v PHX @ T-90m              idempotent: pair exists
  late_prevented #19 NYL v SEA @ T-30m              cutoff 2026-08-03T22:34:00+00:00 already passed at 2026-08-0
  late_prevented #20 ATL v LVA @ T-30m              cutoff 2026-08-03T22:44:00+00:00 already passed at 2026-08-0
  already_logged #21 CHI v PHX @ T-90m              idempotent: pair exists
  already_logged #22 GSV v TOR @ T-8h               idempotent: pair exists
  already_logged #23 GSV v TOR @ T-90m              idempotent: pair exists
  already_logged #24 GSV v TOR @ T-30m              idempotent: pair exists
  already_logged #25 ATL v PHX @ T-8h               idempotent: pair exists
  already_logged #26 NYL v SEA @ T-8h               idempotent: pair exists
  already_logged #27 WAS v DAL @ T-8h               idempotent: pair exists
  already_logged #28 CHI v LAS @ T-8h               idempotent: pair exists
  already_logged #29 ATL v PHX @ T-90m              idempotent: pair exists
  already_logged #30 NYL v SEA @ T-90m              idempotent: pair exists
  already_logged #31 WAS v DAL @ T-90m              idempotent: pair exists
  already_logged #32 CHI v LAS @ T-90m              idempotent: pair exists
  late_prevented #33 ATL v PHX @ T-30m              cutoff 2026-08-05T22:33:00+00:00 already passed at 2026-08-0
  late_prevented #34 NYL v SEA @ T-30m              cutoff 2026-08-05T22:38:00+00:00 already passed at 2026-08-0
  already_logged #35 WAS v DAL @ T-30m              idempotent: pair exists
  already_logged #36 CHI v LAS @ T-90m              idempotent: pair exists
  already_logged #37 IND v LVA @ T-8h               idempotent: pair exists
  already_logged #38 MIN v LAS @ T-8h               idempotent: pair exists
  already_logged #39 PDX v TOR @ T-8h               idempotent: pair exists
  already_logged #40 IND v LVA @ T-90m              idempotent: pair exists
  already_logged #41 MIN v LAS @ T-90m              idempotent: pair exists
  already_logged #42 PDX v TOR @ T-90m              idempotent: pair exists
  late_prevented #43 IND v LVA @ T-30m              cutoff 2026-08-06T22:36:00+00:00 already passed at 2026-08-0
  already_logged #44 PDX v TOR @ T-30m              idempotent: pair exists

  already_logged=27, late_prevented=16, skip=2
  arm chain: ok=True n=22 tip=65a67c3b31aa406e
  receipt appended to prospective_pair_runs.jsonl
[arm] exit=0 
====================================================================================================
FORECAST COVERAGE AUDIT   generated 2026-08-07T05:15:05.858233+00:00
====================================================================================================

CUMULATIVE by classification
  missing_job_did_not_run      36
  forecast_logged              33
  before_period_start          15
  not_yet_due                  13
  missing_data_unavailable     6
  late_record                  5

  obligations 108 | due 80 | served 33 | coverage 41.2%
  operational misses 36 | unexplained 0
  PROMOTION-GRADE: NO   (needs >= 95% served, <= 0 operational misses, all explained)

DAILY
  date         oblig  served     due     excl    opmiss arm_recs
  2026-07-30      12       0       0       12         0        0
  2026-07-31      12       6       9        3         0        0
  2026-08-01       8       2       8        0         6        0
  2026-08-02      16       0      16        0        16        0
  2026-08-03      12       6      12        0         3        3
  2026-08-04       4       3       4        0         1        3
  2026-08-05      16       9      16        0         4        9
  2026-08-06      12       7      12        0         3        7
  2026-08-07      12       0       3        9         3        0
  2026-08-08       4       0       0        4         0        0

EVERY MISSING OR IRREGULAR OBLIGATION (each must carry an explanation)
  2026-07-31 ATL v SEA T-90m   missing_data_unavailable   job served 1 other game(s) on 2026-07-31 at T-90m
  2026-07-31 WAS v DAL T-90m   missing_data_unavailable   job served 1 other game(s) on 2026-07-31 at T-90m
  2026-07-31 PDX v IND T-30m   missing_data_unavailable   job served 2 other game(s) on 2026-07-31 at T-30m
  2026-08-01 CHI v LVA T-24h   missing_job_did_not_run    no base record for ANY game on 2026-08-01 at T-24h
  2026-08-01 CHI v LVA T-8h    missing_job_did_not_run    no base record for ANY game on 2026-08-01 at T-8h
  2026-08-01 CHI v LVA T-30m   missing_job_did_not_run    no base record for ANY game on 2026-08-01 at T-30m
  2026-08-01 PHX v NYL T-24h   missing_job_did_not_run    no base record for ANY game on 2026-08-01 at T-24h
  2026-08-01 PHX v NYL T-8h    missing_job_did_not_run    no base record for ANY game on 2026-08-01 at T-8h
  2026-08-01 PHX v NYL T-30m   missing_job_did_not_run    no base record for ANY game on 2026-08-01 at T-30m
  2026-08-02 DAL v CON T-24h   missing_job_did_not_run    no base record for ANY game on 2026-08-02 at T-24h
  2026-08-02 DAL v CON T-8h    missing_job_did_not_run    no base record for ANY game on 2026-08-02 at T-8h
  2026-08-02 DAL v CON T-90m   missing_job_did_not_run    no base record for ANY game on 2026-08-02 at T-90m
  2026-08-02 DAL v CON T-30m   missing_job_did_not_run    no base record for ANY game on 2026-08-02 at T-30m
  2026-08-02 GSV v TOR T-24h   missing_job_did_not_run    no base record for ANY game on 2026-08-02 at T-24h
  2026-08-02 GSV v TOR T-8h    missing_job_did_not_run    no base record for ANY game on 2026-08-02 at T-8h
  2026-08-02 GSV v TOR T-90m   missing_job_did_not_run    no base record for ANY game on 2026-08-02 at T-90m
  2026-08-02 GSV v TOR T-30m   missing_job_did_not_run    no base record for ANY game on 2026-08-02 at T-30m
  2026-08-02 MIN v IND T-24h   missing_job_did_not_run    no base record for ANY game on 2026-08-02 at T-24h
  2026-08-02 MIN v IND T-8h    missing_job_did_not_run    no base record for ANY game on 2026-08-02 at T-8h
  2026-08-02 MIN v IND T-90m   missing_job_did_not_run    no base record for ANY game on 2026-08-02 at T-90m
  2026-08-02 MIN v IND T-30m   missing_job_did_not_run    no base record for ANY game on 2026-08-02 at T-30m
  2026-08-02 PDX v LAS T-24h   missing_job_did_not_run    no base record for ANY game on 2026-08-02 at T-24h
  2026-08-02 PDX v LAS T-8h    missing_job_did_not_run    no base record for ANY game on 2026-08-02 at T-8h
  2026-08-02 PDX v LAS T-90m   missing_job_did_not_run    no base record for ANY game on 2026-08-02 at T-90m
  2026-08-02 PDX v LAS T-30m   missing_job_did_not_run    no base record for ANY game on 2026-08-02 at T-30m
  2026-08-03 NYL v SEA T-24h   missing_job_did_not_run    no base record for ANY game on 2026-08-03 at T-24h
  2026-08-03 NYL v SEA T-30m   late_record                created 2026-08-03T22:45:08.958486+00:00 after cutoff
  2026-08-03 ATL v LVA T-24h   missing_job_did_not_run    no base record for ANY game on 2026-08-03 at T-24h
  2026-08-03 ATL v LVA T-30m   late_record                created 2026-08-03T22:45:08.976775+00:00 after cutoff
  2026-08-03 CHI v PHX T-24h   missing_job_did_not_run    no base record for ANY game on 2026-08-03 at T-24h
  2026-08-03 CHI v PHX T-30m   missing_data_unavailable   job served 2 other game(s) on 2026-08-03 at T-30m
  2026-08-04 GSV v TOR T-24h   missing_job_did_not_run    no base record for ANY game on 2026-08-04 at T-24h
  2026-08-05 WAS v DAL T-24h   missing_job_did_not_run    no base record for ANY game on 2026-08-05 at T-24h
  2026-08-05 NYL v SEA T-24h   missing_job_did_not_run    no base record for ANY game on 2026-08-05 at T-24h
  2026-08-05 NYL v SEA T-30m   late_record                created 2026-08-05T22:45:07.299457+00:00 after cutoff
  2026-08-05 ATL v PHX T-24h   missing_job_did_not_run    no base record for ANY game on 2026-08-05 at T-24h
  2026-08-05 ATL v PHX T-30m   late_record                created 2026-08-05T22:45:07.274521+00:00 after cutoff
  2026-08-05 CHI v LAS T-24h   missing_job_did_not_run    no base record for ANY game on 2026-08-05 at T-24h
  2026-08-05 CHI v LAS T-30m   missing_data_unavailable   job served 3 other game(s) on 2026-08-05 at T-30m
  2026-08-06 IND v LVA T-24h   missing_job_did_not_run    no base record for ANY game on 2026-08-06 at T-24h
  2026-08-06 IND v LVA T-30m   late_record                created 2026-08-06T22:45:09.382682+00:00 after cutoff
  2026-08-06 PDX v TOR T-24h   missing_job_did_not_run    no base record for ANY game on 2026-08-06 at T-24h
  2026-08-06 MIN v LAS T-24h   missing_job_did_not_run    no base record for ANY game on 2026-08-06 at T-24h
  2026-08-06 MIN v LAS T-30m   missing_data_unavailable   job served 2 other game(s) on 2026-08-06 at T-30m
  2026-08-07 WAS v ATL T-24h   missing_job_did_not_run    no base record for ANY game on 2026-08-07 at T-24h
  2026-08-07 CON v PHX T-24h   missing_job_did_not_run    no base record for ANY game on 2026-08-07 at T-24h
  2026-08-07 DAL v GSV T-24h   missing_job_did_not_run    no base record for ANY game on 2026-08-07 at T-24h

wrote forecasts/coverage_audit.csv and forecasts/coverage_receipt.json
[audit] exit=0 
==== Fri 08/07/2026  1:30:03.11 ==== 
[gate] 2026-08-07T05:30:06.332334+00:00  fire=False  -- no unserved obligation inside its 20-minute lead window (4 upcoming game(s) examined); 4 slate game(s) have no official game_id and were served under a provisional id: WAS v ATL (2026-08-07) -> PROV-2026-08-07-ATL@WAS, CON v PHX (2026-08-07) -> PROV-2026-08-07-PHX@CON, DAL v GSV (2026-08-07) -> PROV-2026-08-07-GSV@DAL, CHI v IND (2026-08-08) -> PROV-2026-08-08-IND@CHI
       WAS v ATL      T-24h   unserved cutoff 2026-08-06T23:30:00 (-360 min) 
       CON v PHX      T-24h   unserved cutoff 2026-08-06T23:30:00 (-360 min) 
       DAL v GSV      T-24h   unserved cutoff 2026-08-07T01:30:00 (-240 min) 
       CHI v IND      T-24h   unserved cutoff 2026-08-07T19:30:00 (+840 min) 
[gate] skipping the base job
[base] skipped - no unserved obligation in its lead window 
[base] exit=0 
================================================================================================
PROSPECTIVE PAIR RUNNER  2026-08-07T05:30:09.342049+00:00  model=ridge_score_level_w2c1_v1 hash=5d295bb8b99cd34e
================================================================================================
base records in official chain: 45
  late_prevented #0 ATL v SEA @ T-8h                cutoff 2026-07-31T15:35:00+00:00 already passed at 2026-08-0
  late_prevented #1 WAS v DAL @ T-8h                cutoff 2026-07-31T15:35:00+00:00 already passed at 2026-08-0
  late_prevented #2 PDX v IND @ T-8h                cutoff 2026-07-31T18:06:00+00:00 already passed at 2026-08-0
  late_prevented #3 ATL v SEA @ T-30m               cutoff 2026-07-31T23:05:00+00:00 already passed at 2026-08-0
  late_prevented #4 WAS v DAL @ T-30m               cutoff 2026-07-31T23:05:00+00:00 already passed at 2026-08-0
  late_prevented #5 PDX v IND @ T-90m               cutoff 2026-08-01T00:36:00+00:00 already passed at 2026-08-0
  late_prevented #6 CHI v LVA @ T-90m               cutoff 2026-08-01T15:35:00+00:00 already passed at 2026-08-0
  late_prevented #7 PHX v NYL @ T-90m               cutoff 2026-08-01T17:34:00+00:00 already passed at 2026-08-0
  skip           #8 CHI v LVA @ unknown-tip         base record is an explicit no-forecast; nothing to pair
  skip           #9 PHX v NYL @ unknown-tip         base record is an explicit no-forecast; nothing to pair
  late_prevented #10 NYL v SEA @ T-8h               cutoff 2026-08-03T15:04:00+00:00 already passed at 2026-08-0
  late_prevented #11 ATL v LVA @ T-8h               cutoff 2026-08-03T15:14:00+00:00 already passed at 2026-08-0
  late_prevented #12 CHI v PHX @ T-8h               cutoff 2026-08-03T17:08:00+00:00 already passed at 2026-08-0
  already_logged #13 NYL v SEA @ T-90m              idempotent: pair exists
  already_logged #14 ATL v LVA @ T-90m              idempotent: pair exists
  already_logged #15 CHI v PHX @ T-90m              idempotent: pair exists
  already_logged #16 NYL v SEA @ T-90m              idempotent: pair exists
  already_logged #17 ATL v LVA @ T-90m              idempotent: pair exists
  already_logged #18 CHI v PHX @ T-90m              idempotent: pair exists
  late_prevented #19 NYL v SEA @ T-30m              cutoff 2026-08-03T22:34:00+00:00 already passed at 2026-08-0
  late_prevented #20 ATL v LVA @ T-30m              cutoff 2026-08-03T22:44:00+00:00 already passed at 2026-08-0
  already_logged #21 CHI v PHX @ T-90m              idempotent: pair exists
  already_logged #22 GSV v TOR @ T-8h               idempotent: pair exists
  already_logged #23 GSV v TOR @ T-90m              idempotent: pair exists
  already_logged #24 GSV v TOR @ T-30m              idempotent: pair exists
  already_logged #25 ATL v PHX @ T-8h               idempotent: pair exists
  already_logged #26 NYL v SEA @ T-8h               idempotent: pair exists
  already_logged #27 WAS v DAL @ T-8h               idempotent: pair exists
  already_logged #28 CHI v LAS @ T-8h               idempotent: pair exists
  already_logged #29 ATL v PHX @ T-90m              idempotent: pair exists
  already_logged #30 NYL v SEA @ T-90m              idempotent: pair exists
  already_logged #31 WAS v DAL @ T-90m              idempotent: pair exists
  already_logged #32 CHI v LAS @ T-90m              idempotent: pair exists
  late_prevented #33 ATL v PHX @ T-30m              cutoff 2026-08-05T22:33:00+00:00 already passed at 2026-08-0
  late_prevented #34 NYL v SEA @ T-30m              cutoff 2026-08-05T22:38:00+00:00 already passed at 2026-08-0
  already_logged #35 WAS v DAL @ T-30m              idempotent: pair exists
  already_logged #36 CHI v LAS @ T-90m              idempotent: pair exists
  already_logged #37 IND v LVA @ T-8h               idempotent: pair exists
  already_logged #38 MIN v LAS @ T-8h               idempotent: pair exists
  already_logged #39 PDX v TOR @ T-8h               idempotent: pair exists
  already_logged #40 IND v LVA @ T-90m              idempotent: pair exists
  already_logged #41 MIN v LAS @ T-90m              idempotent: pair exists
  already_logged #42 PDX v TOR @ T-90m              idempotent: pair exists
  late_prevented #43 IND v LVA @ T-30m              cutoff 2026-08-06T22:36:00+00:00 already passed at 2026-08-0
  already_logged #44 PDX v TOR @ T-30m              idempotent: pair exists

  already_logged=27, late_prevented=16, skip=2
  arm chain: ok=True n=22 tip=65a67c3b31aa406e
  receipt appended to prospective_pair_runs.jsonl
[arm] exit=0 
====================================================================================================
FORECAST COVERAGE AUDIT   generated 2026-08-07T05:30:10.336541+00:00
====================================================================================================

CUMULATIVE by classification
  missing_job_did_not_run      36
  forecast_logged              33
  before_period_start          15
  not_yet_due                  13
  missing_data_unavailable     6
  late_record                  5

  obligations 108 | due 80 | served 33 | coverage 41.2%
  operational misses 36 | unexplained 0
  PROMOTION-GRADE: NO   (needs >= 95% served, <= 0 operational misses, all explained)

DAILY
  date         oblig  served     due     excl    opmiss arm_recs
  2026-07-30      12       0       0       12         0        0
  2026-07-31      12       6       9        3         0        0
  2026-08-01       8       2       8        0         6        0
  2026-08-02      16       0      16        0        16        0
  2026-08-03      12       6      12        0         3        3
  2026-08-04       4       3       4        0         1        3
  2026-08-05      16       9      16        0         4        9
  2026-08-06      12       7      12        0         3        7
  2026-08-07      12       0       3        9         3        0
  2026-08-08       4       0       0        4         0        0

EVERY MISSING OR IRREGULAR OBLIGATION (each must carry an explanation)
  2026-07-31 ATL v SEA T-90m   missing_data_unavailable   job served 1 other game(s) on 2026-07-31 at T-90m
  2026-07-31 WAS v DAL T-90m   missing_data_unavailable   job served 1 other game(s) on 2026-07-31 at T-90m
  2026-07-31 PDX v IND T-30m   missing_data_unavailable   job served 2 other game(s) on 2026-07-31 at T-30m
  2026-08-01 CHI v LVA T-24h   missing_job_did_not_run    no base record for ANY game on 2026-08-01 at T-24h
  2026-08-01 CHI v LVA T-8h    missing_job_did_not_run    no base record for ANY game on 2026-08-01 at T-8h
  2026-08-01 CHI v LVA T-30m   missing_job_did_not_run    no base record for ANY game on 2026-08-01 at T-30m
  2026-08-01 PHX v NYL T-24h   missing_job_did_not_run    no base record for ANY game on 2026-08-01 at T-24h
  2026-08-01 PHX v NYL T-8h    missing_job_did_not_run    no base record for ANY game on 2026-08-01 at T-8h
  2026-08-01 PHX v NYL T-30m   missing_job_did_not_run    no base record for ANY game on 2026-08-01 at T-30m
  2026-08-02 DAL v CON T-24h   missing_job_did_not_run    no base record for ANY game on 2026-08-02 at T-24h
  2026-08-02 DAL v CON T-8h    missing_job_did_not_run    no base record for ANY game on 2026-08-02 at T-8h
  2026-08-02 DAL v CON T-90m   missing_job_did_not_run    no base record for ANY game on 2026-08-02 at T-90m
  2026-08-02 DAL v CON T-30m   missing_job_did_not_run    no base record for ANY game on 2026-08-02 at T-30m
  2026-08-02 GSV v TOR T-24h   missing_job_did_not_run    no base record for ANY game on 2026-08-02 at T-24h
  2026-08-02 GSV v TOR T-8h    missing_job_did_not_run    no base record for ANY game on 2026-08-02 at T-8h
  2026-08-02 GSV v TOR T-90m   missing_job_did_not_run    no base record for ANY game on 2026-08-02 at T-90m
  2026-08-02 GSV v TOR T-30m   missing_job_did_not_run    no base record for ANY game on 2026-08-02 at T-30m
  2026-08-02 MIN v IND T-24h   missing_job_did_not_run    no base record for ANY game on 2026-08-02 at T-24h
  2026-08-02 MIN v IND T-8h    missing_job_did_not_run    no base record for ANY game on 2026-08-02 at T-8h
  2026-08-02 MIN v IND T-90m   missing_job_did_not_run    no base record for ANY game on 2026-08-02 at T-90m
  2026-08-02 MIN v IND T-30m   missing_job_did_not_run    no base record for ANY game on 2026-08-02 at T-30m
  2026-08-02 PDX v LAS T-24h   missing_job_did_not_run    no base record for ANY game on 2026-08-02 at T-24h
  2026-08-02 PDX v LAS T-8h    missing_job_did_not_run    no base record for ANY game on 2026-08-02 at T-8h
  2026-08-02 PDX v LAS T-90m   missing_job_did_not_run    no base record for ANY game on 2026-08-02 at T-90m
  2026-08-02 PDX v LAS T-30m   missing_job_did_not_run    no base record for ANY game on 2026-08-02 at T-30m
  2026-08-03 NYL v SEA T-24h   missing_job_did_not_run    no base record for ANY game on 2026-08-03 at T-24h
  2026-08-03 NYL v SEA T-30m   late_record                created 2026-08-03T22:45:08.958486+00:00 after cutoff
  2026-08-03 ATL v LVA T-24h   missing_job_did_not_run    no base record for ANY game on 2026-08-03 at T-24h
  2026-08-03 ATL v LVA T-30m   late_record                created 2026-08-03T22:45:08.976775+00:00 after cutoff
  2026-08-03 CHI v PHX T-24h   missing_job_did_not_run    no base record for ANY game on 2026-08-03 at T-24h
  2026-08-03 CHI v PHX T-30m   missing_data_unavailable   job served 2 other game(s) on 2026-08-03 at T-30m
  2026-08-04 GSV v TOR T-24h   missing_job_did_not_run    no base record for ANY game on 2026-08-04 at T-24h
  2026-08-05 WAS v DAL T-24h   missing_job_did_not_run    no base record for ANY game on 2026-08-05 at T-24h
  2026-08-05 NYL v SEA T-24h   missing_job_did_not_run    no base record for ANY game on 2026-08-05 at T-24h
  2026-08-05 NYL v SEA T-30m   late_record                created 2026-08-05T22:45:07.299457+00:00 after cutoff
  2026-08-05 ATL v PHX T-24h   missing_job_did_not_run    no base record for ANY game on 2026-08-05 at T-24h
  2026-08-05 ATL v PHX T-30m   late_record                created 2026-08-05T22:45:07.274521+00:00 after cutoff
  2026-08-05 CHI v LAS T-24h   missing_job_did_not_run    no base record for ANY game on 2026-08-05 at T-24h
  2026-08-05 CHI v LAS T-30m   missing_data_unavailable   job served 3 other game(s) on 2026-08-05 at T-30m
  2026-08-06 IND v LVA T-24h   missing_job_did_not_run    no base record for ANY game on 2026-08-06 at T-24h
  2026-08-06 IND v LVA T-30m   late_record                created 2026-08-06T22:45:09.382682+00:00 after cutoff
  2026-08-06 PDX v TOR T-24h   missing_job_did_not_run    no base record for ANY game on 2026-08-06 at T-24h
  2026-08-06 MIN v LAS T-24h   missing_job_did_not_run    no base record for ANY game on 2026-08-06 at T-24h
  2026-08-06 MIN v LAS T-30m   missing_data_unavailable   job served 2 other game(s) on 2026-08-06 at T-30m
  2026-08-07 WAS v ATL T-24h   missing_job_did_not_run    no base record for ANY game on 2026-08-07 at T-24h
  2026-08-07 CON v PHX T-24h   missing_job_did_not_run    no base record for ANY game on 2026-08-07 at T-24h
  2026-08-07 DAL v GSV T-24h   missing_job_did_not_run    no base record for ANY game on 2026-08-07 at T-24h

wrote forecasts/coverage_audit.csv and forecasts/coverage_receipt.json
[audit] exit=0 
==== Fri 08/07/2026  1:45:02.63 ==== 
[gate] 2026-08-07T05:45:03.268896+00:00  fire=False  -- no unserved obligation inside its 20-minute lead window (4 upcoming game(s) examined); 4 slate game(s) have no official game_id and were served under a provisional id: WAS v ATL (2026-08-07) -> PROV-2026-08-07-ATL@WAS, CON v PHX (2026-08-07) -> PROV-2026-08-07-PHX@CON, DAL v GSV (2026-08-07) -> PROV-2026-08-07-GSV@DAL, CHI v IND (2026-08-08) -> PROV-2026-08-08-IND@CHI
       WAS v ATL      T-24h   unserved cutoff 2026-08-06T23:30:00 (-375 min) 
       CON v PHX      T-24h   unserved cutoff 2026-08-06T23:30:00 (-375 min) 
       DAL v GSV      T-24h   unserved cutoff 2026-08-07T01:30:00 (-255 min) 
       CHI v IND      T-24h   unserved cutoff 2026-08-07T19:30:00 (+825 min) 
[gate] skipping the base job
[base] skipped - no unserved obligation in its lead window 
[base] exit=0 
================================================================================================
PROSPECTIVE PAIR RUNNER  2026-08-07T05:45:04.119200+00:00  model=ridge_score_level_w2c1_v1 hash=5d295bb8b99cd34e
================================================================================================
base records in official chain: 45
  late_prevented #0 ATL v SEA @ T-8h                cutoff 2026-07-31T15:35:00+00:00 already passed at 2026-08-0
  late_prevented #1 WAS v DAL @ T-8h                cutoff 2026-07-31T15:35:00+00:00 already passed at 2026-08-0
  late_prevented #2 PDX v IND @ T-8h                cutoff 2026-07-31T18:06:00+00:00 already passed at 2026-08-0
  late_prevented #3 ATL v SEA @ T-30m               cutoff 2026-07-31T23:05:00+00:00 already passed at 2026-08-0
  late_prevented #4 WAS v DAL @ T-30m               cutoff 2026-07-31T23:05:00+00:00 already passed at 2026-08-0
  late_prevented #5 PDX v IND @ T-90m               cutoff 2026-08-01T00:36:00+00:00 already passed at 2026-08-0
  late_prevented #6 CHI v LVA @ T-90m               cutoff 2026-08-01T15:35:00+00:00 already passed at 2026-08-0
  late_prevented #7 PHX v NYL @ T-90m               cutoff 2026-08-01T17:34:00+00:00 already passed at 2026-08-0
  skip           #8 CHI v LVA @ unknown-tip         base record is an explicit no-forecast; nothing to pair
  skip           #9 PHX v NYL @ unknown-tip         base record is an explicit no-forecast; nothing to pair
  late_prevented #10 NYL v SEA @ T-8h               cutoff 2026-08-03T15:04:00+00:00 already passed at 2026-08-0
  late_prevented #11 ATL v LVA @ T-8h               cutoff 2026-08-03T15:14:00+00:00 already passed at 2026-08-0
  late_prevented #12 CHI v PHX @ T-8h               cutoff 2026-08-03T17:08:00+00:00 already passed at 2026-08-0
  already_logged #13 NYL v SEA @ T-90m              idempotent: pair exists
  already_logged #14 ATL v LVA @ T-90m              idempotent: pair exists
  already_logged #15 CHI v PHX @ T-90m              idempotent: pair exists
  already_logged #16 NYL v SEA @ T-90m              idempotent: pair exists
  already_logged #17 ATL v LVA @ T-90m              idempotent: pair exists
  already_logged #18 CHI v PHX @ T-90m              idempotent: pair exists
  late_prevented #19 NYL v SEA @ T-30m              cutoff 2026-08-03T22:34:00+00:00 already passed at 2026-08-0
  late_prevented #20 ATL v LVA @ T-30m              cutoff 2026-08-03T22:44:00+00:00 already passed at 2026-08-0
  already_logged #21 CHI v PHX @ T-90m              idempotent: pair exists
  already_logged #22 GSV v TOR @ T-8h               idempotent: pair exists
  already_logged #23 GSV v TOR @ T-90m              idempotent: pair exists
  already_logged #24 GSV v TOR @ T-30m              idempotent: pair exists
  already_logged #25 ATL v PHX @ T-8h               idempotent: pair exists
  already_logged #26 NYL v SEA @ T-8h               idempotent: pair exists
  already_logged #27 WAS v DAL @ T-8h               idempotent: pair exists
  already_logged #28 CHI v LAS @ T-8h               idempotent: pair exists
  already_logged #29 ATL v PHX @ T-90m              idempotent: pair exists
  already_logged #30 NYL v SEA @ T-90m              idempotent: pair exists
  already_logged #31 WAS v DAL @ T-90m              idempotent: pair exists
  already_logged #32 CHI v LAS @ T-90m              idempotent: pair exists
  late_prevented #33 ATL v PHX @ T-30m              cutoff 2026-08-05T22:33:00+00:00 already passed at 2026-08-0
  late_prevented #34 NYL v SEA @ T-30m              cutoff 2026-08-05T22:38:00+00:00 already passed at 2026-08-0
  already_logged #35 WAS v DAL @ T-30m              idempotent: pair exists
  already_logged #36 CHI v LAS @ T-90m              idempotent: pair exists
  already_logged #37 IND v LVA @ T-8h               idempotent: pair exists
  already_logged #38 MIN v LAS @ T-8h               idempotent: pair exists
  already_logged #39 PDX v TOR @ T-8h               idempotent: pair exists
  already_logged #40 IND v LVA @ T-90m              idempotent: pair exists
  already_logged #41 MIN v LAS @ T-90m              idempotent: pair exists
  already_logged #42 PDX v TOR @ T-90m              idempotent: pair exists
  late_prevented #43 IND v LVA @ T-30m              cutoff 2026-08-06T22:36:00+00:00 already passed at 2026-08-0
  already_logged #44 PDX v TOR @ T-30m              idempotent: pair exists

  already_logged=27, late_prevented=16, skip=2
  arm chain: ok=True n=22 tip=65a67c3b31aa406e
  receipt appended to prospective_pair_runs.jsonl
[arm] exit=0 
====================================================================================================
FORECAST COVERAGE AUDIT   generated 2026-08-07T05:45:05.072665+00:00
====================================================================================================

CUMULATIVE by classification
  missing_job_did_not_run      36
  forecast_logged              33
  before_period_start          15
  not_yet_due                  13
  missing_data_unavailable     6
  late_record                  5

  obligations 108 | due 80 | served 33 | coverage 41.2%
  operational misses 36 | unexplained 0
  PROMOTION-GRADE: NO   (needs >= 95% served, <= 0 operational misses, all explained)

DAILY
  date         oblig  served     due     excl    opmiss arm_recs
  2026-07-30      12       0       0       12         0        0
  2026-07-31      12       6       9        3         0        0
  2026-08-01       8       2       8        0         6        0
  2026-08-02      16       0      16        0        16        0
  2026-08-03      12       6      12        0         3        3
  2026-08-04       4       3       4        0         1        3
  2026-08-05      16       9      16        0         4        9
  2026-08-06      12       7      12        0         3        7
  2026-08-07      12       0       3        9         3        0
  2026-08-08       4       0       0        4         0        0

EVERY MISSING OR IRREGULAR OBLIGATION (each must carry an explanation)
  2026-07-31 ATL v SEA T-90m   missing_data_unavailable   job served 1 other game(s) on 2026-07-31 at T-90m
  2026-07-31 WAS v DAL T-90m   missing_data_unavailable   job served 1 other game(s) on 2026-07-31 at T-90m
  2026-07-31 PDX v IND T-30m   missing_data_unavailable   job served 2 other game(s) on 2026-07-31 at T-30m
  2026-08-01 CHI v LVA T-24h   missing_job_did_not_run    no base record for ANY game on 2026-08-01 at T-24h
  2026-08-01 CHI v LVA T-8h    missing_job_did_not_run    no base record for ANY game on 2026-08-01 at T-8h
  2026-08-01 CHI v LVA T-30m   missing_job_did_not_run    no base record for ANY game on 2026-08-01 at T-30m
  2026-08-01 PHX v NYL T-24h   missing_job_did_not_run    no base record for ANY game on 2026-08-01 at T-24h
  2026-08-01 PHX v NYL T-8h    missing_job_did_not_run    no base record for ANY game on 2026-08-01 at T-8h
  2026-08-01 PHX v NYL T-30m   missing_job_did_not_run    no base record for ANY game on 2026-08-01 at T-30m
  2026-08-02 DAL v CON T-24h   missing_job_did_not_run    no base record for ANY game on 2026-08-02 at T-24h
  2026-08-02 DAL v CON T-8h    missing_job_did_not_run    no base record for ANY game on 2026-08-02 at T-8h
  2026-08-02 DAL v CON T-90m   missing_job_did_not_run    no base record for ANY game on 2026-08-02 at T-90m
  2026-08-02 DAL v CON T-30m   missing_job_did_not_run    no base record for ANY game on 2026-08-02 at T-30m
  2026-08-02 GSV v TOR T-24h   missing_job_did_not_run    no base record for ANY game on 2026-08-02 at T-24h
  2026-08-02 GSV v TOR T-8h    missing_job_did_not_run    no base record for ANY game on 2026-08-02 at T-8h
  2026-08-02 GSV v TOR T-90m   missing_job_did_not_run    no base record for ANY game on 2026-08-02 at T-90m
  2026-08-02 GSV v TOR T-30m   missing_job_did_not_run    no base record for ANY game on 2026-08-02 at T-30m
  2026-08-02 MIN v IND T-24h   missing_job_did_not_run    no base record for ANY game on 2026-08-02 at T-24h
  2026-08-02 MIN v IND T-8h    missing_job_did_not_run    no base record for ANY game on 2026-08-02 at T-8h
  2026-08-02 MIN v IND T-90m   missing_job_did_not_run    no base record for ANY game on 2026-08-02 at T-90m
  2026-08-02 MIN v IND T-30m   missing_job_did_not_run    no base record for ANY game on 2026-08-02 at T-30m
  2026-08-02 PDX v LAS T-24h   missing_job_did_not_run    no base record for ANY game on 2026-08-02 at T-24h
  2026-08-02 PDX v LAS T-8h    missing_job_did_not_run    no base record for ANY game on 2026-08-02 at T-8h
  2026-08-02 PDX v LAS T-90m   missing_job_did_not_run    no base record for ANY game on 2026-08-02 at T-90m
  2026-08-02 PDX v LAS T-30m   missing_job_did_not_run    no base record for ANY game on 2026-08-02 at T-30m
  2026-08-03 NYL v SEA T-24h   missing_job_did_not_run    no base record for ANY game on 2026-08-03 at T-24h
  2026-08-03 NYL v SEA T-30m   late_record                created 2026-08-03T22:45:08.958486+00:00 after cutoff
  2026-08-03 ATL v LVA T-24h   missing_job_did_not_run    no base record for ANY game on 2026-08-03 at T-24h
  2026-08-03 ATL v LVA T-30m   late_record                created 2026-08-03T22:45:08.976775+00:00 after cutoff
  2026-08-03 CHI v PHX T-24h   missing_job_did_not_run    no base record for ANY game on 2026-08-03 at T-24h
  2026-08-03 CHI v PHX T-30m   missing_data_unavailable   job served 2 other game(s) on 2026-08-03 at T-30m
  2026-08-04 GSV v TOR T-24h   missing_job_did_not_run    no base record for ANY game on 2026-08-04 at T-24h
  2026-08-05 WAS v DAL T-24h   missing_job_did_not_run    no base record for ANY game on 2026-08-05 at T-24h
  2026-08-05 NYL v SEA T-24h   missing_job_did_not_run    no base record for ANY game on 2026-08-05 at T-24h
  2026-08-05 NYL v SEA T-30m   late_record                created 2026-08-05T22:45:07.299457+00:00 after cutoff
  2026-08-05 ATL v PHX T-24h   missing_job_did_not_run    no base record for ANY game on 2026-08-05 at T-24h
  2026-08-05 ATL v PHX T-30m   late_record                created 2026-08-05T22:45:07.274521+00:00 after cutoff
  2026-08-05 CHI v LAS T-24h   missing_job_did_not_run    no base record for ANY game on 2026-08-05 at T-24h
  2026-08-05 CHI v LAS T-30m   missing_data_unavailable   job served 3 other game(s) on 2026-08-05 at T-30m
  2026-08-06 IND v LVA T-24h   missing_job_did_not_run    no base record for ANY game on 2026-08-06 at T-24h
  2026-08-06 IND v LVA T-30m   late_record                created 2026-08-06T22:45:09.382682+00:00 after cutoff
  2026-08-06 PDX v TOR T-24h   missing_job_did_not_run    no base record for ANY game on 2026-08-06 at T-24h
  2026-08-06 MIN v LAS T-24h   missing_job_did_not_run    no base record for ANY game on 2026-08-06 at T-24h
  2026-08-06 MIN v LAS T-30m   missing_data_unavailable   job served 2 other game(s) on 2026-08-06 at T-30m
  2026-08-07 WAS v ATL T-24h   missing_job_did_not_run    no base record for ANY game on 2026-08-07 at T-24h
  2026-08-07 CON v PHX T-24h   missing_job_did_not_run    no base record for ANY game on 2026-08-07 at T-24h
  2026-08-07 DAL v GSV T-24h   missing_job_did_not_run    no base record for ANY game on 2026-08-07 at T-24h

wrote forecasts/coverage_audit.csv and forecasts/coverage_receipt.json
[audit] exit=0 
==== Fri 08/07/2026  2:00:02.64 ==== 
[gate] 2026-08-07T06:00:03.271734+00:00  fire=False  -- no unserved obligation inside its 20-minute lead window (4 upcoming game(s) examined); 4 slate game(s) have no official game_id and were served under a provisional id: WAS v ATL (2026-08-07) -> PROV-2026-08-07-ATL@WAS, CON v PHX (2026-08-07) -> PROV-2026-08-07-PHX@CON, DAL v GSV (2026-08-07) -> PROV-2026-08-07-GSV@DAL, CHI v IND (2026-08-08) -> PROV-2026-08-08-IND@CHI
       WAS v ATL      T-24h   unserved cutoff 2026-08-06T23:30:00 (-390 min) 
       CON v PHX      T-24h   unserved cutoff 2026-08-06T23:30:00 (-390 min) 
       DAL v GSV      T-24h   unserved cutoff 2026-08-07T01:30:00 (-270 min) 
       CHI v IND      T-24h   unserved cutoff 2026-08-07T19:30:00 (+810 min) 
[gate] skipping the base job
[base] skipped - no unserved obligation in its lead window 
[base] exit=0 
================================================================================================
PROSPECTIVE PAIR RUNNER  2026-08-07T06:00:04.198603+00:00  model=ridge_score_level_w2c1_v1 hash=5d295bb8b99cd34e
================================================================================================
base records in official chain: 45
  late_prevented #0 ATL v SEA @ T-8h                cutoff 2026-07-31T15:35:00+00:00 already passed at 2026-08-0
  late_prevented #1 WAS v DAL @ T-8h                cutoff 2026-07-31T15:35:00+00:00 already passed at 2026-08-0
  late_prevented #2 PDX v IND @ T-8h                cutoff 2026-07-31T18:06:00+00:00 already passed at 2026-08-0
  late_prevented #3 ATL v SEA @ T-30m               cutoff 2026-07-31T23:05:00+00:00 already passed at 2026-08-0
  late_prevented #4 WAS v DAL @ T-30m               cutoff 2026-07-31T23:05:00+00:00 already passed at 2026-08-0
  late_prevented #5 PDX v IND @ T-90m               cutoff 2026-08-01T00:36:00+00:00 already passed at 2026-08-0
  late_prevented #6 CHI v LVA @ T-90m               cutoff 2026-08-01T15:35:00+00:00 already passed at 2026-08-0
  late_prevented #7 PHX v NYL @ T-90m               cutoff 2026-08-01T17:34:00+00:00 already passed at 2026-08-0
  skip           #8 CHI v LVA @ unknown-tip         base record is an explicit no-forecast; nothing to pair
  skip           #9 PHX v NYL @ unknown-tip         base record is an explicit no-forecast; nothing to pair
  late_prevented #10 NYL v SEA @ T-8h               cutoff 2026-08-03T15:04:00+00:00 already passed at 2026-08-0
  late_prevented #11 ATL v LVA @ T-8h               cutoff 2026-08-03T15:14:00+00:00 already passed at 2026-08-0
  late_prevented #12 CHI v PHX @ T-8h               cutoff 2026-08-03T17:08:00+00:00 already passed at 2026-08-0
  already_logged #13 NYL v SEA @ T-90m              idempotent: pair exists
  already_logged #14 ATL v LVA @ T-90m              idempotent: pair exists
  already_logged #15 CHI v PHX @ T-90m              idempotent: pair exists
  already_logged #16 NYL v SEA @ T-90m              idempotent: pair exists
  already_logged #17 ATL v LVA @ T-90m              idempotent: pair exists
  already_logged #18 CHI v PHX @ T-90m              idempotent: pair exists
  late_prevented #19 NYL v SEA @ T-30m              cutoff 2026-08-03T22:34:00+00:00 already passed at 2026-08-0
  late_prevented #20 ATL v LVA @ T-30m              cutoff 2026-08-03T22:44:00+00:00 already passed at 2026-08-0
  already_logged #21 CHI v PHX @ T-90m              idempotent: pair exists
  already_logged #22 GSV v TOR @ T-8h               idempotent: pair exists
  already_logged #23 GSV v TOR @ T-90m              idempotent: pair exists
  already_logged #24 GSV v TOR @ T-30m              idempotent: pair exists
  already_logged #25 ATL v PHX @ T-8h               idempotent: pair exists
  already_logged #26 NYL v SEA @ T-8h               idempotent: pair exists
  already_logged #27 WAS v DAL @ T-8h               idempotent: pair exists
  already_logged #28 CHI v LAS @ T-8h               idempotent: pair exists
  already_logged #29 ATL v PHX @ T-90m              idempotent: pair exists
  already_logged #30 NYL v SEA @ T-90m              idempotent: pair exists
  already_logged #31 WAS v DAL @ T-90m              idempotent: pair exists
  already_logged #32 CHI v LAS @ T-90m              idempotent: pair exists
  late_prevented #33 ATL v PHX @ T-30m              cutoff 2026-08-05T22:33:00+00:00 already passed at 2026-08-0
  late_prevented #34 NYL v SEA @ T-30m              cutoff 2026-08-05T22:38:00+00:00 already passed at 2026-08-0
  already_logged #35 WAS v DAL @ T-30m              idempotent: pair exists
  already_logged #36 CHI v LAS @ T-90m              idempotent: pair exists
  already_logged #37 IND v LVA @ T-8h               idempotent: pair exists
  already_logged #38 MIN v LAS @ T-8h               idempotent: pair exists
  already_logged #39 PDX v TOR @ T-8h               idempotent: pair exists
  already_logged #40 IND v LVA @ T-90m              idempotent: pair exists
  already_logged #41 MIN v LAS @ T-90m              idempotent: pair exists
  already_logged #42 PDX v TOR @ T-90m              idempotent: pair exists
  late_prevented #43 IND v LVA @ T-30m              cutoff 2026-08-06T22:36:00+00:00 already passed at 2026-08-0
  already_logged #44 PDX v TOR @ T-30m              idempotent: pair exists

  already_logged=27, late_prevented=16, skip=2
  arm chain: ok=True n=22 tip=65a67c3b31aa406e
  receipt appended to prospective_pair_runs.jsonl
[arm] exit=0 
====================================================================================================
FORECAST COVERAGE AUDIT   generated 2026-08-07T06:00:05.202563+00:00
====================================================================================================

CUMULATIVE by classification
  missing_job_did_not_run      36
  forecast_logged              33
  before_period_start          15
  not_yet_due                  13
  missing_data_unavailable     6
  late_record                  5

  obligations 108 | due 80 | served 33 | coverage 41.2%
  operational misses 36 | unexplained 0
  PROMOTION-GRADE: NO   (needs >= 95% served, <= 0 operational misses, all explained)

DAILY
  date         oblig  served     due     excl    opmiss arm_recs
  2026-07-30      12       0       0       12         0        0
  2026-07-31      12       6       9        3         0        0
  2026-08-01       8       2       8        0         6        0
  2026-08-02      16       0      16        0        16        0
  2026-08-03      12       6      12        0         3        3
  2026-08-04       4       3       4        0         1        3
  2026-08-05      16       9      16        0         4        9
  2026-08-06      12       7      12        0         3        7
  2026-08-07      12       0       3        9         3        0
  2026-08-08       4       0       0        4         0        0

EVERY MISSING OR IRREGULAR OBLIGATION (each must carry an explanation)
  2026-07-31 ATL v SEA T-90m   missing_data_unavailable   job served 1 other game(s) on 2026-07-31 at T-90m
  2026-07-31 WAS v DAL T-90m   missing_data_unavailable   job served 1 other game(s) on 2026-07-31 at T-90m
  2026-07-31 PDX v IND T-30m   missing_data_unavailable   job served 2 other game(s) on 2026-07-31 at T-30m
  2026-08-01 CHI v LVA T-24h   missing_job_did_not_run    no base record for ANY game on 2026-08-01 at T-24h
  2026-08-01 CHI v LVA T-8h    missing_job_did_not_run    no base record for ANY game on 2026-08-01 at T-8h
  2026-08-01 CHI v LVA T-30m   missing_job_did_not_run    no base record for ANY game on 2026-08-01 at T-30m
  2026-08-01 PHX v NYL T-24h   missing_job_did_not_run    no base record for ANY game on 2026-08-01 at T-24h
  2026-08-01 PHX v NYL T-8h    missing_job_did_not_run    no base record for ANY game on 2026-08-01 at T-8h
  2026-08-01 PHX v NYL T-30m   missing_job_did_not_run    no base record for ANY game on 2026-08-01 at T-30m
  2026-08-02 DAL v CON T-24h   missing_job_did_not_run    no base record for ANY game on 2026-08-02 at T-24h
  2026-08-02 DAL v CON T-8h    missing_job_did_not_run    no base record for ANY game on 2026-08-02 at T-8h
  2026-08-02 DAL v CON T-90m   missing_job_did_not_run    no base record for ANY game on 2026-08-02 at T-90m
  2026-08-02 DAL v CON T-30m   missing_job_did_not_run    no base record for ANY game on 2026-08-02 at T-30m
  2026-08-02 GSV v TOR T-24h   missing_job_did_not_run    no base record for ANY game on 2026-08-02 at T-24h
  2026-08-02 GSV v TOR T-8h    missing_job_did_not_run    no base record for ANY game on 2026-08-02 at T-8h
  2026-08-02 GSV v TOR T-90m   missing_job_did_not_run    no base record for ANY game on 2026-08-02 at T-90m
  2026-08-02 GSV v TOR T-30m   missing_job_did_not_run    no base record for ANY game on 2026-08-02 at T-30m
  2026-08-02 MIN v IND T-24h   missing_job_did_not_run    no base record for ANY game on 2026-08-02 at T-24h
  2026-08-02 MIN v IND T-8h    missing_job_did_not_run    no base record for ANY game on 2026-08-02 at T-8h
  2026-08-02 MIN v IND T-90m   missing_job_did_not_run    no base record for ANY game on 2026-08-02 at T-90m
  2026-08-02 MIN v IND T-30m   missing_job_did_not_run    no base record for ANY game on 2026-08-02 at T-30m
  2026-08-02 PDX v LAS T-24h   missing_job_did_not_run    no base record for ANY game on 2026-08-02 at T-24h
  2026-08-02 PDX v LAS T-8h    missing_job_did_not_run    no base record for ANY game on 2026-08-02 at T-8h
  2026-08-02 PDX v LAS T-90m   missing_job_did_not_run    no base record for ANY game on 2026-08-02 at T-90m
  2026-08-02 PDX v LAS T-30m   missing_job_did_not_run    no base record for ANY game on 2026-08-02 at T-30m
  2026-08-03 NYL v SEA T-24h   missing_job_did_not_run    no base record for ANY game on 2026-08-03 at T-24h
  2026-08-03 NYL v SEA T-30m   late_record                created 2026-08-03T22:45:08.958486+00:00 after cutoff
  2026-08-03 ATL v LVA T-24h   missing_job_did_not_run    no base record for ANY game on 2026-08-03 at T-24h
  2026-08-03 ATL v LVA T-30m   late_record                created 2026-08-03T22:45:08.976775+00:00 after cutoff
  2026-08-03 CHI v PHX T-24h   missing_job_did_not_run    no base record for ANY game on 2026-08-03 at T-24h
  2026-08-03 CHI v PHX T-30m   missing_data_unavailable   job served 2 other game(s) on 2026-08-03 at T-30m
  2026-08-04 GSV v TOR T-24h   missing_job_did_not_run    no base record for ANY game on 2026-08-04 at T-24h
  2026-08-05 WAS v DAL T-24h   missing_job_did_not_run    no base record for ANY game on 2026-08-05 at T-24h
  2026-08-05 NYL v SEA T-24h   missing_job_did_not_run    no base record for ANY game on 2026-08-05 at T-24h
  2026-08-05 NYL v SEA T-30m   late_record                created 2026-08-05T22:45:07.299457+00:00 after cutoff
  2026-08-05 ATL v PHX T-24h   missing_job_did_not_run    no base record for ANY game on 2026-08-05 at T-24h
  2026-08-05 ATL v PHX T-30m   late_record                created 2026-08-05T22:45:07.274521+00:00 after cutoff
  2026-08-05 CHI v LAS T-24h   missing_job_did_not_run    no base record for ANY game on 2026-08-05 at T-24h
  2026-08-05 CHI v LAS T-30m   missing_data_unavailable   job served 3 other game(s) on 2026-08-05 at T-30m
  2026-08-06 IND v LVA T-24h   missing_job_did_not_run    no base record for ANY game on 2026-08-06 at T-24h
  2026-08-06 IND v LVA T-30m   late_record                created 2026-08-06T22:45:09.382682+00:00 after cutoff
  2026-08-06 PDX v TOR T-24h   missing_job_did_not_run    no base record for ANY game on 2026-08-06 at T-24h
  2026-08-06 MIN v LAS T-24h   missing_job_did_not_run    no base record for ANY game on 2026-08-06 at T-24h
  2026-08-06 MIN v LAS T-30m   missing_data_unavailable   job served 2 other game(s) on 2026-08-06 at T-30m
  2026-08-07 WAS v ATL T-24h   missing_job_did_not_run    no base record for ANY game on 2026-08-07 at T-24h
  2026-08-07 CON v PHX T-24h   missing_job_did_not_run    no base record for ANY game on 2026-08-07 at T-24h
  2026-08-07 DAL v GSV T-24h   missing_job_did_not_run    no base record for ANY game on 2026-08-07 at T-24h

wrote forecasts/coverage_audit.csv and forecasts/coverage_receipt.json
[audit] exit=0 
==== Fri 08/07/2026  2:15:02.72 ==== 
[gate] 2026-08-07T06:15:03.389663+00:00  fire=False  -- no unserved obligation inside its 20-minute lead window (4 upcoming game(s) examined); 4 slate game(s) have no official game_id and were served under a provisional id: WAS v ATL (2026-08-07) -> PROV-2026-08-07-ATL@WAS, CON v PHX (2026-08-07) -> PROV-2026-08-07-PHX@CON, DAL v GSV (2026-08-07) -> PROV-2026-08-07-GSV@DAL, CHI v IND (2026-08-08) -> PROV-2026-08-08-IND@CHI
       WAS v ATL      T-24h   unserved cutoff 2026-08-06T23:30:00 (-405 min) 
       CON v PHX      T-24h   unserved cutoff 2026-08-06T23:30:00 (-405 min) 
       DAL v GSV      T-24h   unserved cutoff 2026-08-07T01:30:00 (-285 min) 
       CHI v IND      T-24h   unserved cutoff 2026-08-07T19:30:00 (+795 min) 
[gate] skipping the base job
[base] skipped - no unserved obligation in its lead window 
[base] exit=0 
================================================================================================
PROSPECTIVE PAIR RUNNER  2026-08-07T06:15:04.351574+00:00  model=ridge_score_level_w2c1_v1 hash=5d295bb8b99cd34e
================================================================================================
base records in official chain: 45
  late_prevented #0 ATL v SEA @ T-8h                cutoff 2026-07-31T15:35:00+00:00 already passed at 2026-08-0
  late_prevented #1 WAS v DAL @ T-8h                cutoff 2026-07-31T15:35:00+00:00 already passed at 2026-08-0
  late_prevented #2 PDX v IND @ T-8h                cutoff 2026-07-31T18:06:00+00:00 already passed at 2026-08-0
  late_prevented #3 ATL v SEA @ T-30m               cutoff 2026-07-31T23:05:00+00:00 already passed at 2026-08-0
  late_prevented #4 WAS v DAL @ T-30m               cutoff 2026-07-31T23:05:00+00:00 already passed at 2026-08-0
  late_prevented #5 PDX v IND @ T-90m               cutoff 2026-08-01T00:36:00+00:00 already passed at 2026-08-0
  late_prevented #6 CHI v LVA @ T-90m               cutoff 2026-08-01T15:35:00+00:00 already passed at 2026-08-0
  late_prevented #7 PHX v NYL @ T-90m               cutoff 2026-08-01T17:34:00+00:00 already passed at 2026-08-0
  skip           #8 CHI v LVA @ unknown-tip         base record is an explicit no-forecast; nothing to pair
  skip           #9 PHX v NYL @ unknown-tip         base record is an explicit no-forecast; nothing to pair
  late_prevented #10 NYL v SEA @ T-8h               cutoff 2026-08-03T15:04:00+00:00 already passed at 2026-08-0
  late_prevented #11 ATL v LVA @ T-8h               cutoff 2026-08-03T15:14:00+00:00 already passed at 2026-08-0
  late_prevented #12 CHI v PHX @ T-8h               cutoff 2026-08-03T17:08:00+00:00 already passed at 2026-08-0
  already_logged #13 NYL v SEA @ T-90m              idempotent: pair exists
  already_logged #14 ATL v LVA @ T-90m              idempotent: pair exists
  already_logged #15 CHI v PHX @ T-90m              idempotent: pair exists
  already_logged #16 NYL v SEA @ T-90m              idempotent: pair exists
  already_logged #17 ATL v LVA @ T-90m              idempotent: pair exists
  already_logged #18 CHI v PHX @ T-90m              idempotent: pair exists
  late_prevented #19 NYL v SEA @ T-30m              cutoff 2026-08-03T22:34:00+00:00 already passed at 2026-08-0
  late_prevented #20 ATL v LVA @ T-30m              cutoff 2026-08-03T22:44:00+00:00 already passed at 2026-08-0
  already_logged #21 CHI v PHX @ T-90m              idempotent: pair exists
  already_logged #22 GSV v TOR @ T-8h               idempotent: pair exists
  already_logged #23 GSV v TOR @ T-90m              idempotent: pair exists
  already_logged #24 GSV v TOR @ T-30m              idempotent: pair exists
  already_logged #25 ATL v PHX @ T-8h               idempotent: pair exists
  already_logged #26 NYL v SEA @ T-8h               idempotent: pair exists
  already_logged #27 WAS v DAL @ T-8h               idempotent: pair exists
  already_logged #28 CHI v LAS @ T-8h               idempotent: pair exists
  already_logged #29 ATL v PHX @ T-90m              idempotent: pair exists
  already_logged #30 NYL v SEA @ T-90m              idempotent: pair exists
  already_logged #31 WAS v DAL @ T-90m              idempotent: pair exists
  already_logged #32 CHI v LAS @ T-90m              idempotent: pair exists
  late_prevented #33 ATL v PHX @ T-30m              cutoff 2026-08-05T22:33:00+00:00 already passed at 2026-08-0
  late_prevented #34 NYL v SEA @ T-30m              cutoff 2026-08-05T22:38:00+00:00 already passed at 2026-08-0
  already_logged #35 WAS v DAL @ T-30m              idempotent: pair exists
  already_logged #36 CHI v LAS @ T-90m              idempotent: pair exists
  already_logged #37 IND v LVA @ T-8h               idempotent: pair exists
  already_logged #38 MIN v LAS @ T-8h               idempotent: pair exists
  already_logged #39 PDX v TOR @ T-8h               idempotent: pair exists
  already_logged #40 IND v LVA @ T-90m              idempotent: pair exists
  already_logged #41 MIN v LAS @ T-90m              idempotent: pair exists
  already_logged #42 PDX v TOR @ T-90m              idempotent: pair exists
  late_prevented #43 IND v LVA @ T-30m              cutoff 2026-08-06T22:36:00+00:00 already passed at 2026-08-0
  already_logged #44 PDX v TOR @ T-30m              idempotent: pair exists

  already_logged=27, late_prevented=16, skip=2
  arm chain: ok=True n=22 tip=65a67c3b31aa406e
  receipt appended to prospective_pair_runs.jsonl
[arm] exit=0 
====================================================================================================
FORECAST COVERAGE AUDIT   generated 2026-08-07T06:15:05.309957+00:00
====================================================================================================

CUMULATIVE by classification
  missing_job_did_not_run      36
  forecast_logged              33
  before_period_start          15
  not_yet_due                  13
  missing_data_unavailable     6
  late_record                  5

  obligations 108 | due 80 | served 33 | coverage 41.2%
  operational misses 36 | unexplained 0
  PROMOTION-GRADE: NO   (needs >= 95% served, <= 0 operational misses, all explained)

DAILY
  date         oblig  served     due     excl    opmiss arm_recs
  2026-07-30      12       0       0       12         0        0
  2026-07-31      12       6       9        3         0        0
  2026-08-01       8       2       8        0         6        0
  2026-08-02      16       0      16        0        16        0
  2026-08-03      12       6      12        0         3        3
  2026-08-04       4       3       4        0         1        3
  2026-08-05      16       9      16        0         4        9
  2026-08-06      12       7      12        0         3        7
  2026-08-07      12       0       3        9         3        0
  2026-08-08       4       0       0        4         0        0

EVERY MISSING OR IRREGULAR OBLIGATION (each must carry an explanation)
  2026-07-31 ATL v SEA T-90m   missing_data_unavailable   job served 1 other game(s) on 2026-07-31 at T-90m
  2026-07-31 WAS v DAL T-90m   missing_data_unavailable   job served 1 other game(s) on 2026-07-31 at T-90m
  2026-07-31 PDX v IND T-30m   missing_data_unavailable   job served 2 other game(s) on 2026-07-31 at T-30m
  2026-08-01 CHI v LVA T-24h   missing_job_did_not_run    no base record for ANY game on 2026-08-01 at T-24h
  2026-08-01 CHI v LVA T-8h    missing_job_did_not_run    no base record for ANY game on 2026-08-01 at T-8h
  2026-08-01 CHI v LVA T-30m   missing_job_did_not_run    no base record for ANY game on 2026-08-01 at T-30m
  2026-08-01 PHX v NYL T-24h   missing_job_did_not_run    no base record for ANY game on 2026-08-01 at T-24h
  2026-08-01 PHX v NYL T-8h    missing_job_did_not_run    no base record for ANY game on 2026-08-01 at T-8h
  2026-08-01 PHX v NYL T-30m   missing_job_did_not_run    no base record for ANY game on 2026-08-01 at T-30m
  2026-08-02 DAL v CON T-24h   missing_job_did_not_run    no base record for ANY game on 2026-08-02 at T-24h
  2026-08-02 DAL v CON T-8h    missing_job_did_not_run    no base record for ANY game on 2026-08-02 at T-8h
  2026-08-02 DAL v CON T-90m   missing_job_did_not_run    no base record for ANY game on 2026-08-02 at T-90m
  2026-08-02 DAL v CON T-30m   missing_job_did_not_run    no base record for ANY game on 2026-08-02 at T-30m
  2026-08-02 GSV v TOR T-24h   missing_job_did_not_run    no base record for ANY game on 2026-08-02 at T-24h
  2026-08-02 GSV v TOR T-8h    missing_job_did_not_run    no base record for ANY game on 2026-08-02 at T-8h
  2026-08-02 GSV v TOR T-90m   missing_job_did_not_run    no base record for ANY game on 2026-08-02 at T-90m
  2026-08-02 GSV v TOR T-30m   missing_job_did_not_run    no base record for ANY game on 2026-08-02 at T-30m
  2026-08-02 MIN v IND T-24h   missing_job_did_not_run    no base record for ANY game on 2026-08-02 at T-24h
  2026-08-02 MIN v IND T-8h    missing_job_did_not_run    no base record for ANY game on 2026-08-02 at T-8h
  2026-08-02 MIN v IND T-90m   missing_job_did_not_run    no base record for ANY game on 2026-08-02 at T-90m
  2026-08-02 MIN v IND T-30m   missing_job_did_not_run    no base record for ANY game on 2026-08-02 at T-30m
  2026-08-02 PDX v LAS T-24h   missing_job_did_not_run    no base record for ANY game on 2026-08-02 at T-24h
  2026-08-02 PDX v LAS T-8h    missing_job_did_not_run    no base record for ANY game on 2026-08-02 at T-8h
  2026-08-02 PDX v LAS T-90m   missing_job_did_not_run    no base record for ANY game on 2026-08-02 at T-90m
  2026-08-02 PDX v LAS T-30m   missing_job_did_not_run    no base record for ANY game on 2026-08-02 at T-30m
  2026-08-03 NYL v SEA T-24h   missing_job_did_not_run    no base record for ANY game on 2026-08-03 at T-24h
  2026-08-03 NYL v SEA T-30m   late_record                created 2026-08-03T22:45:08.958486+00:00 after cutoff
  2026-08-03 ATL v LVA T-24h   missing_job_did_not_run    no base record for ANY game on 2026-08-03 at T-24h
  2026-08-03 ATL v LVA T-30m   late_record                created 2026-08-03T22:45:08.976775+00:00 after cutoff
  2026-08-03 CHI v PHX T-24h   missing_job_did_not_run    no base record for ANY game on 2026-08-03 at T-24h
  2026-08-03 CHI v PHX T-30m   missing_data_unavailable   job served 2 other game(s) on 2026-08-03 at T-30m
  2026-08-04 GSV v TOR T-24h   missing_job_did_not_run    no base record for ANY game on 2026-08-04 at T-24h
  2026-08-05 WAS v DAL T-24h   missing_job_did_not_run    no base record for ANY game on 2026-08-05 at T-24h
  2026-08-05 NYL v SEA T-24h   missing_job_did_not_run    no base record for ANY game on 2026-08-05 at T-24h
  2026-08-05 NYL v SEA T-30m   late_record                created 2026-08-05T22:45:07.299457+00:00 after cutoff
  2026-08-05 ATL v PHX T-24h   missing_job_did_not_run    no base record for ANY game on 2026-08-05 at T-24h
  2026-08-05 ATL v PHX T-30m   late_record                created 2026-08-05T22:45:07.274521+00:00 after cutoff
  2026-08-05 CHI v LAS T-24h   missing_job_did_not_run    no base record for ANY game on 2026-08-05 at T-24h
  2026-08-05 CHI v LAS T-30m   missing_data_unavailable   job served 3 other game(s) on 2026-08-05 at T-30m
  2026-08-06 IND v LVA T-24h   missing_job_did_not_run    no base record for ANY game on 2026-08-06 at T-24h
  2026-08-06 IND v LVA T-30m   late_record                created 2026-08-06T22:45:09.382682+00:00 after cutoff
  2026-08-06 PDX v TOR T-24h   missing_job_did_not_run    no base record for ANY game on 2026-08-06 at T-24h
  2026-08-06 MIN v LAS T-24h   missing_job_did_not_run    no base record for ANY game on 2026-08-06 at T-24h
  2026-08-06 MIN v LAS T-30m   missing_data_unavailable   job served 2 other game(s) on 2026-08-06 at T-30m
  2026-08-07 WAS v ATL T-24h   missing_job_did_not_run    no base record for ANY game on 2026-08-07 at T-24h
  2026-08-07 CON v PHX T-24h   missing_job_did_not_run    no base record for ANY game on 2026-08-07 at T-24h
  2026-08-07 DAL v GSV T-24h   missing_job_did_not_run    no base record for ANY game on 2026-08-07 at T-24h

wrote forecasts/coverage_audit.csv and forecasts/coverage_receipt.json
[audit] exit=0 
==== Fri 08/07/2026  2:30:02.71 ==== 
[gate] 2026-08-07T06:30:03.360460+00:00  fire=False  -- no unserved obligation inside its 20-minute lead window (4 upcoming game(s) examined); 4 slate game(s) have no official game_id and were served under a provisional id: WAS v ATL (2026-08-07) -> PROV-2026-08-07-ATL@WAS, CON v PHX (2026-08-07) -> PROV-2026-08-07-PHX@CON, DAL v GSV (2026-08-07) -> PROV-2026-08-07-GSV@DAL, CHI v IND (2026-08-08) -> PROV-2026-08-08-IND@CHI
       WAS v ATL      T-24h   unserved cutoff 2026-08-06T23:30:00 (-420 min) 
       CON v PHX      T-24h   unserved cutoff 2026-08-06T23:30:00 (-420 min) 
       DAL v GSV      T-24h   unserved cutoff 2026-08-07T01:30:00 (-300 min) 
       CHI v IND      T-24h   unserved cutoff 2026-08-07T19:30:00 (+780 min) 
[gate] skipping the base job
[base] skipped - no unserved obligation in its lead window 
[base] exit=0 
================================================================================================
PROSPECTIVE PAIR RUNNER  2026-08-07T06:30:04.305286+00:00  model=ridge_score_level_w2c1_v1 hash=5d295bb8b99cd34e
================================================================================================
base records in official chain: 45
  late_prevented #0 ATL v SEA @ T-8h                cutoff 2026-07-31T15:35:00+00:00 already passed at 2026-08-0
  late_prevented #1 WAS v DAL @ T-8h                cutoff 2026-07-31T15:35:00+00:00 already passed at 2026-08-0
  late_prevented #2 PDX v IND @ T-8h                cutoff 2026-07-31T18:06:00+00:00 already passed at 2026-08-0
  late_prevented #3 ATL v SEA @ T-30m               cutoff 2026-07-31T23:05:00+00:00 already passed at 2026-08-0
  late_prevented #4 WAS v DAL @ T-30m               cutoff 2026-07-31T23:05:00+00:00 already passed at 2026-08-0
  late_prevented #5 PDX v IND @ T-90m               cutoff 2026-08-01T00:36:00+00:00 already passed at 2026-08-0
  late_prevented #6 CHI v LVA @ T-90m               cutoff 2026-08-01T15:35:00+00:00 already passed at 2026-08-0
  late_prevented #7 PHX v NYL @ T-90m               cutoff 2026-08-01T17:34:00+00:00 already passed at 2026-08-0
  skip           #8 CHI v LVA @ unknown-tip         base record is an explicit no-forecast; nothing to pair
  skip           #9 PHX v NYL @ unknown-tip         base record is an explicit no-forecast; nothing to pair
  late_prevented #10 NYL v SEA @ T-8h               cutoff 2026-08-03T15:04:00+00:00 already passed at 2026-08-0
  late_prevented #11 ATL v LVA @ T-8h               cutoff 2026-08-03T15:14:00+00:00 already passed at 2026-08-0
  late_prevented #12 CHI v PHX @ T-8h               cutoff 2026-08-03T17:08:00+00:00 already passed at 2026-08-0
  already_logged #13 NYL v SEA @ T-90m              idempotent: pair exists
  already_logged #14 ATL v LVA @ T-90m              idempotent: pair exists
  already_logged #15 CHI v PHX @ T-90m              idempotent: pair exists
  already_logged #16 NYL v SEA @ T-90m              idempotent: pair exists
  already_logged #17 ATL v LVA @ T-90m              idempotent: pair exists
  already_logged #18 CHI v PHX @ T-90m              idempotent: pair exists
  late_prevented #19 NYL v SEA @ T-30m              cutoff 2026-08-03T22:34:00+00:00 already passed at 2026-08-0
  late_prevented #20 ATL v LVA @ T-30m              cutoff 2026-08-03T22:44:00+00:00 already passed at 2026-08-0
  already_logged #21 CHI v PHX @ T-90m              idempotent: pair exists
  already_logged #22 GSV v TOR @ T-8h               idempotent: pair exists
  already_logged #23 GSV v TOR @ T-90m              idempotent: pair exists
  already_logged #24 GSV v TOR @ T-30m              idempotent: pair exists
  already_logged #25 ATL v PHX @ T-8h               idempotent: pair exists
  already_logged #26 NYL v SEA @ T-8h               idempotent: pair exists
  already_logged #27 WAS v DAL @ T-8h               idempotent: pair exists
  already_logged #28 CHI v LAS @ T-8h               idempotent: pair exists
  already_logged #29 ATL v PHX @ T-90m              idempotent: pair exists
  already_logged #30 NYL v SEA @ T-90m              idempotent: pair exists
  already_logged #31 WAS v DAL @ T-90m              idempotent: pair exists
  already_logged #32 CHI v LAS @ T-90m              idempotent: pair exists
  late_prevented #33 ATL v PHX @ T-30m              cutoff 2026-08-05T22:33:00+00:00 already passed at 2026-08-0
  late_prevented #34 NYL v SEA @ T-30m              cutoff 2026-08-05T22:38:00+00:00 already passed at 2026-08-0
  already_logged #35 WAS v DAL @ T-30m              idempotent: pair exists
  already_logged #36 CHI v LAS @ T-90m              idempotent: pair exists
  already_logged #37 IND v LVA @ T-8h               idempotent: pair exists
  already_logged #38 MIN v LAS @ T-8h               idempotent: pair exists
  already_logged #39 PDX v TOR @ T-8h               idempotent: pair exists
  already_logged #40 IND v LVA @ T-90m              idempotent: pair exists
  already_logged #41 MIN v LAS @ T-90m              idempotent: pair exists
  already_logged #42 PDX v TOR @ T-90m              idempotent: pair exists
  late_prevented #43 IND v LVA @ T-30m              cutoff 2026-08-06T22:36:00+00:00 already passed at 2026-08-0
  already_logged #44 PDX v TOR @ T-30m              idempotent: pair exists

  already_logged=27, late_prevented=16, skip=2
  arm chain: ok=True n=22 tip=65a67c3b31aa406e
  receipt appended to prospective_pair_runs.jsonl
[arm] exit=0 
====================================================================================================
FORECAST COVERAGE AUDIT   generated 2026-08-07T06:30:05.295211+00:00
====================================================================================================

CUMULATIVE by classification
  missing_job_did_not_run      36
  forecast_logged              33
  before_period_start          15
  not_yet_due                  13
  missing_data_unavailable     6
  late_record                  5

  obligations 108 | due 80 | served 33 | coverage 41.2%
  operational misses 36 | unexplained 0
  PROMOTION-GRADE: NO   (needs >= 95% served, <= 0 operational misses, all explained)

DAILY
  date         oblig  served     due     excl    opmiss arm_recs
  2026-07-30      12       0       0       12         0        0
  2026-07-31      12       6       9        3         0        0
  2026-08-01       8       2       8        0         6        0
  2026-08-02      16       0      16        0        16        0
  2026-08-03      12       6      12        0         3        3
  2026-08-04       4       3       4        0         1        3
  2026-08-05      16       9      16        0         4        9
  2026-08-06      12       7      12        0         3        7
  2026-08-07      12       0       3        9         3        0
  2026-08-08       4       0       0        4         0        0

EVERY MISSING OR IRREGULAR OBLIGATION (each must carry an explanation)
  2026-07-31 ATL v SEA T-90m   missing_data_unavailable   job served 1 other game(s) on 2026-07-31 at T-90m
  2026-07-31 WAS v DAL T-90m   missing_data_unavailable   job served 1 other game(s) on 2026-07-31 at T-90m
  2026-07-31 PDX v IND T-30m   missing_data_unavailable   job served 2 other game(s) on 2026-07-31 at T-30m
  2026-08-01 CHI v LVA T-24h   missing_job_did_not_run    no base record for ANY game on 2026-08-01 at T-24h
  2026-08-01 CHI v LVA T-8h    missing_job_did_not_run    no base record for ANY game on 2026-08-01 at T-8h
  2026-08-01 CHI v LVA T-30m   missing_job_did_not_run    no base record for ANY game on 2026-08-01 at T-30m
  2026-08-01 PHX v NYL T-24h   missing_job_did_not_run    no base record for ANY game on 2026-08-01 at T-24h
  2026-08-01 PHX v NYL T-8h    missing_job_did_not_run    no base record for ANY game on 2026-08-01 at T-8h
  2026-08-01 PHX v NYL T-30m   missing_job_did_not_run    no base record for ANY game on 2026-08-01 at T-30m
  2026-08-02 DAL v CON T-24h   missing_job_did_not_run    no base record for ANY game on 2026-08-02 at T-24h
  2026-08-02 DAL v CON T-8h    missing_job_did_not_run    no base record for ANY game on 2026-08-02 at T-8h
  2026-08-02 DAL v CON T-90m   missing_job_did_not_run    no base record for ANY game on 2026-08-02 at T-90m
  2026-08-02 DAL v CON T-30m   missing_job_did_not_run    no base record for ANY game on 2026-08-02 at T-30m
  2026-08-02 GSV v TOR T-24h   missing_job_did_not_run    no base record for ANY game on 2026-08-02 at T-24h
  2026-08-02 GSV v TOR T-8h    missing_job_did_not_run    no base record for ANY game on 2026-08-02 at T-8h
  2026-08-02 GSV v TOR T-90m   missing_job_did_not_run    no base record for ANY game on 2026-08-02 at T-90m
  2026-08-02 GSV v TOR T-30m   missing_job_did_not_run    no base record for ANY game on 2026-08-02 at T-30m
  2026-08-02 MIN v IND T-24h   missing_job_did_not_run    no base record for ANY game on 2026-08-02 at T-24h
  2026-08-02 MIN v IND T-8h    missing_job_did_not_run    no base record for ANY game on 2026-08-02 at T-8h
  2026-08-02 MIN v IND T-90m   missing_job_did_not_run    no base record for ANY game on 2026-08-02 at T-90m
  2026-08-02 MIN v IND T-30m   missing_job_did_not_run    no base record for ANY game on 2026-08-02 at T-30m
  2026-08-02 PDX v LAS T-24h   missing_job_did_not_run    no base record for ANY game on 2026-08-02 at T-24h
  2026-08-02 PDX v LAS T-8h    missing_job_did_not_run    no base record for ANY game on 2026-08-02 at T-8h
  2026-08-02 PDX v LAS T-90m   missing_job_did_not_run    no base record for ANY game on 2026-08-02 at T-90m
  2026-08-02 PDX v LAS T-30m   missing_job_did_not_run    no base record for ANY game on 2026-08-02 at T-30m
  2026-08-03 NYL v SEA T-24h   missing_job_did_not_run    no base record for ANY game on 2026-08-03 at T-24h
  2026-08-03 NYL v SEA T-30m   late_record                created 2026-08-03T22:45:08.958486+00:00 after cutoff
  2026-08-03 ATL v LVA T-24h   missing_job_did_not_run    no base record for ANY game on 2026-08-03 at T-24h
  2026-08-03 ATL v LVA T-30m   late_record                created 2026-08-03T22:45:08.976775+00:00 after cutoff
  2026-08-03 CHI v PHX T-24h   missing_job_did_not_run    no base record for ANY game on 2026-08-03 at T-24h
  2026-08-03 CHI v PHX T-30m   missing_data_unavailable   job served 2 other game(s) on 2026-08-03 at T-30m
  2026-08-04 GSV v TOR T-24h   missing_job_did_not_run    no base record for ANY game on 2026-08-04 at T-24h
  2026-08-05 WAS v DAL T-24h   missing_job_did_not_run    no base record for ANY game on 2026-08-05 at T-24h
  2026-08-05 NYL v SEA T-24h   missing_job_did_not_run    no base record for ANY game on 2026-08-05 at T-24h
  2026-08-05 NYL v SEA T-30m   late_record                created 2026-08-05T22:45:07.299457+00:00 after cutoff
  2026-08-05 ATL v PHX T-24h   missing_job_did_not_run    no base record for ANY game on 2026-08-05 at T-24h
  2026-08-05 ATL v PHX T-30m   late_record                created 2026-08-05T22:45:07.274521+00:00 after cutoff
  2026-08-05 CHI v LAS T-24h   missing_job_did_not_run    no base record for ANY game on 2026-08-05 at T-24h
  2026-08-05 CHI v LAS T-30m   missing_data_unavailable   job served 3 other game(s) on 2026-08-05 at T-30m
  2026-08-06 IND v LVA T-24h   missing_job_did_not_run    no base record for ANY game on 2026-08-06 at T-24h
  2026-08-06 IND v LVA T-30m   late_record                created 2026-08-06T22:45:09.382682+00:00 after cutoff
  2026-08-06 PDX v TOR T-24h   missing_job_did_not_run    no base record for ANY game on 2026-08-06 at T-24h
  2026-08-06 MIN v LAS T-24h   missing_job_did_not_run    no base record for ANY game on 2026-08-06 at T-24h
  2026-08-06 MIN v LAS T-30m   missing_data_unavailable   job served 2 other game(s) on 2026-08-06 at T-30m
  2026-08-07 WAS v ATL T-24h   missing_job_did_not_run    no base record for ANY game on 2026-08-07 at T-24h
  2026-08-07 CON v PHX T-24h   missing_job_did_not_run    no base record for ANY game on 2026-08-07 at T-24h
  2026-08-07 DAL v GSV T-24h   missing_job_did_not_run    no base record for ANY game on 2026-08-07 at T-24h

wrote forecasts/coverage_audit.csv and forecasts/coverage_receipt.json
[audit] exit=0 
==== Fri 08/07/2026  2:45:02.65 ==== 
[gate] 2026-08-07T06:45:03.295622+00:00  fire=False  -- no unserved obligation inside its 20-minute lead window (4 upcoming game(s) examined); 4 slate game(s) have no official game_id and were served under a provisional id: WAS v ATL (2026-08-07) -> PROV-2026-08-07-ATL@WAS, CON v PHX (2026-08-07) -> PROV-2026-08-07-PHX@CON, DAL v GSV (2026-08-07) -> PROV-2026-08-07-GSV@DAL, CHI v IND (2026-08-08) -> PROV-2026-08-08-IND@CHI
       WAS v ATL      T-24h   unserved cutoff 2026-08-06T23:30:00 (-435 min) 
       CON v PHX      T-24h   unserved cutoff 2026-08-06T23:30:00 (-435 min) 
       DAL v GSV      T-24h   unserved cutoff 2026-08-07T01:30:00 (-315 min) 
       CHI v IND      T-24h   unserved cutoff 2026-08-07T19:30:00 (+765 min) 
[gate] skipping the base job
[base] skipped - no unserved obligation in its lead window 
[base] exit=0 
================================================================================================
PROSPECTIVE PAIR RUNNER  2026-08-07T06:45:04.231681+00:00  model=ridge_score_level_w2c1_v1 hash=5d295bb8b99cd34e
================================================================================================
base records in official chain: 45
  late_prevented #0 ATL v SEA @ T-8h                cutoff 2026-07-31T15:35:00+00:00 already passed at 2026-08-0
  late_prevented #1 WAS v DAL @ T-8h                cutoff 2026-07-31T15:35:00+00:00 already passed at 2026-08-0
  late_prevented #2 PDX v IND @ T-8h                cutoff 2026-07-31T18:06:00+00:00 already passed at 2026-08-0
  late_prevented #3 ATL v SEA @ T-30m               cutoff 2026-07-31T23:05:00+00:00 already passed at 2026-08-0
  late_prevented #4 WAS v DAL @ T-30m               cutoff 2026-07-31T23:05:00+00:00 already passed at 2026-08-0
  late_prevented #5 PDX v IND @ T-90m               cutoff 2026-08-01T00:36:00+00:00 already passed at 2026-08-0
  late_prevented #6 CHI v LVA @ T-90m               cutoff 2026-08-01T15:35:00+00:00 already passed at 2026-08-0
  late_prevented #7 PHX v NYL @ T-90m               cutoff 2026-08-01T17:34:00+00:00 already passed at 2026-08-0
  skip           #8 CHI v LVA @ unknown-tip         base record is an explicit no-forecast; nothing to pair
  skip           #9 PHX v NYL @ unknown-tip         base record is an explicit no-forecast; nothing to pair
  late_prevented #10 NYL v SEA @ T-8h               cutoff 2026-08-03T15:04:00+00:00 already passed at 2026-08-0
  late_prevented #11 ATL v LVA @ T-8h               cutoff 2026-08-03T15:14:00+00:00 already passed at 2026-08-0
  late_prevented #12 CHI v PHX @ T-8h               cutoff 2026-08-03T17:08:00+00:00 already passed at 2026-08-0
  already_logged #13 NYL v SEA @ T-90m              idempotent: pair exists
  already_logged #14 ATL v LVA @ T-90m              idempotent: pair exists
  already_logged #15 CHI v PHX @ T-90m              idempotent: pair exists
  already_logged #16 NYL v SEA @ T-90m              idempotent: pair exists
  already_logged #17 ATL v LVA @ T-90m              idempotent: pair exists
  already_logged #18 CHI v PHX @ T-90m              idempotent: pair exists
  late_prevented #19 NYL v SEA @ T-30m              cutoff 2026-08-03T22:34:00+00:00 already passed at 2026-08-0
  late_prevented #20 ATL v LVA @ T-30m              cutoff 2026-08-03T22:44:00+00:00 already passed at 2026-08-0
  already_logged #21 CHI v PHX @ T-90m              idempotent: pair exists
  already_logged #22 GSV v TOR @ T-8h               idempotent: pair exists
  already_logged #23 GSV v TOR @ T-90m              idempotent: pair exists
  already_logged #24 GSV v TOR @ T-30m              idempotent: pair exists
  already_logged #25 ATL v PHX @ T-8h               idempotent: pair exists
  already_logged #26 NYL v SEA @ T-8h               idempotent: pair exists
  already_logged #27 WAS v DAL @ T-8h               idempotent: pair exists
  already_logged #28 CHI v LAS @ T-8h               idempotent: pair exists
  already_logged #29 ATL v PHX @ T-90m              idempotent: pair exists
  already_logged #30 NYL v SEA @ T-90m              idempotent: pair exists
  already_logged #31 WAS v DAL @ T-90m              idempotent: pair exists
  already_logged #32 CHI v LAS @ T-90m              idempotent: pair exists
  late_prevented #33 ATL v PHX @ T-30m              cutoff 2026-08-05T22:33:00+00:00 already passed at 2026-08-0
  late_prevented #34 NYL v SEA @ T-30m              cutoff 2026-08-05T22:38:00+00:00 already passed at 2026-08-0
  already_logged #35 WAS v DAL @ T-30m              idempotent: pair exists
  already_logged #36 CHI v LAS @ T-90m              idempotent: pair exists
  already_logged #37 IND v LVA @ T-8h               idempotent: pair exists
  already_logged #38 MIN v LAS @ T-8h               idempotent: pair exists
  already_logged #39 PDX v TOR @ T-8h               idempotent: pair exists
  already_logged #40 IND v LVA @ T-90m              idempotent: pair exists
  already_logged #41 MIN v LAS @ T-90m              idempotent: pair exists
  already_logged #42 PDX v TOR @ T-90m              idempotent: pair exists
  late_prevented #43 IND v LVA @ T-30m              cutoff 2026-08-06T22:36:00+00:00 already passed at 2026-08-0
  already_logged #44 PDX v TOR @ T-30m              idempotent: pair exists

  already_logged=27, late_prevented=16, skip=2
  arm chain: ok=True n=22 tip=65a67c3b31aa406e
  receipt appended to prospective_pair_runs.jsonl
[arm] exit=0 
====================================================================================================
FORECAST COVERAGE AUDIT   generated 2026-08-07T06:45:05.315978+00:00
====================================================================================================

CUMULATIVE by classification
  missing_job_did_not_run      36
  forecast_logged              33
  before_period_start          15
  not_yet_due                  13
  missing_data_unavailable     6
  late_record                  5

  obligations 108 | due 80 | served 33 | coverage 41.2%
  operational misses 36 | unexplained 0
  PROMOTION-GRADE: NO   (needs >= 95% served, <= 0 operational misses, all explained)

DAILY
  date         oblig  served     due     excl    opmiss arm_recs
  2026-07-30      12       0       0       12         0        0
  2026-07-31      12       6       9        3         0        0
  2026-08-01       8       2       8        0         6        0
  2026-08-02      16       0      16        0        16        0
  2026-08-03      12       6      12        0         3        3
  2026-08-04       4       3       4        0         1        3
  2026-08-05      16       9      16        0         4        9
  2026-08-06      12       7      12        0         3        7
  2026-08-07      12       0       3        9         3        0
  2026-08-08       4       0       0        4         0        0

EVERY MISSING OR IRREGULAR OBLIGATION (each must carry an explanation)
  2026-07-31 ATL v SEA T-90m   missing_data_unavailable   job served 1 other game(s) on 2026-07-31 at T-90m
  2026-07-31 WAS v DAL T-90m   missing_data_unavailable   job served 1 other game(s) on 2026-07-31 at T-90m
  2026-07-31 PDX v IND T-30m   missing_data_unavailable   job served 2 other game(s) on 2026-07-31 at T-30m
  2026-08-01 CHI v LVA T-24h   missing_job_did_not_run    no base record for ANY game on 2026-08-01 at T-24h
  2026-08-01 CHI v LVA T-8h    missing_job_did_not_run    no base record for ANY game on 2026-08-01 at T-8h
  2026-08-01 CHI v LVA T-30m   missing_job_did_not_run    no base record for ANY game on 2026-08-01 at T-30m
  2026-08-01 PHX v NYL T-24h   missing_job_did_not_run    no base record for ANY game on 2026-08-01 at T-24h
  2026-08-01 PHX v NYL T-8h    missing_job_did_not_run    no base record for ANY game on 2026-08-01 at T-8h
  2026-08-01 PHX v NYL T-30m   missing_job_did_not_run    no base record for ANY game on 2026-08-01 at T-30m
  2026-08-02 DAL v CON T-24h   missing_job_did_not_run    no base record for ANY game on 2026-08-02 at T-24h
  2026-08-02 DAL v CON T-8h    missing_job_did_not_run    no base record for ANY game on 2026-08-02 at T-8h
  2026-08-02 DAL v CON T-90m   missing_job_did_not_run    no base record for ANY game on 2026-08-02 at T-90m
  2026-08-02 DAL v CON T-30m   missing_job_did_not_run    no base record for ANY game on 2026-08-02 at T-30m
  2026-08-02 GSV v TOR T-24h   missing_job_did_not_run    no base record for ANY game on 2026-08-02 at T-24h
  2026-08-02 GSV v TOR T-8h    missing_job_did_not_run    no base record for ANY game on 2026-08-02 at T-8h
  2026-08-02 GSV v TOR T-90m   missing_job_did_not_run    no base record for ANY game on 2026-08-02 at T-90m
  2026-08-02 GSV v TOR T-30m   missing_job_did_not_run    no base record for ANY game on 2026-08-02 at T-30m
  2026-08-02 MIN v IND T-24h   missing_job_did_not_run    no base record for ANY game on 2026-08-02 at T-24h
  2026-08-02 MIN v IND T-8h    missing_job_did_not_run    no base record for ANY game on 2026-08-02 at T-8h
  2026-08-02 MIN v IND T-90m   missing_job_did_not_run    no base record for ANY game on 2026-08-02 at T-90m
  2026-08-02 MIN v IND T-30m   missing_job_did_not_run    no base record for ANY game on 2026-08-02 at T-30m
  2026-08-02 PDX v LAS T-24h   missing_job_did_not_run    no base record for ANY game on 2026-08-02 at T-24h
  2026-08-02 PDX v LAS T-8h    missing_job_did_not_run    no base record for ANY game on 2026-08-02 at T-8h
  2026-08-02 PDX v LAS T-90m   missing_job_did_not_run    no base record for ANY game on 2026-08-02 at T-90m
  2026-08-02 PDX v LAS T-30m   missing_job_did_not_run    no base record for ANY game on 2026-08-02 at T-30m
  2026-08-03 NYL v SEA T-24h   missing_job_did_not_run    no base record for ANY game on 2026-08-03 at T-24h
  2026-08-03 NYL v SEA T-30m   late_record                created 2026-08-03T22:45:08.958486+00:00 after cutoff
  2026-08-03 ATL v LVA T-24h   missing_job_did_not_run    no base record for ANY game on 2026-08-03 at T-24h
  2026-08-03 ATL v LVA T-30m   late_record                created 2026-08-03T22:45:08.976775+00:00 after cutoff
  2026-08-03 CHI v PHX T-24h   missing_job_did_not_run    no base record for ANY game on 2026-08-03 at T-24h
  2026-08-03 CHI v PHX T-30m   missing_data_unavailable   job served 2 other game(s) on 2026-08-03 at T-30m
  2026-08-04 GSV v TOR T-24h   missing_job_did_not_run    no base record for ANY game on 2026-08-04 at T-24h
  2026-08-05 WAS v DAL T-24h   missing_job_did_not_run    no base record for ANY game on 2026-08-05 at T-24h
  2026-08-05 NYL v SEA T-24h   missing_job_did_not_run    no base record for ANY game on 2026-08-05 at T-24h
  2026-08-05 NYL v SEA T-30m   late_record                created 2026-08-05T22:45:07.299457+00:00 after cutoff
  2026-08-05 ATL v PHX T-24h   missing_job_did_not_run    no base record for ANY game on 2026-08-05 at T-24h
  2026-08-05 ATL v PHX T-30m   late_record                created 2026-08-05T22:45:07.274521+00:00 after cutoff
  2026-08-05 CHI v LAS T-24h   missing_job_did_not_run    no base record for ANY game on 2026-08-05 at T-24h
  2026-08-05 CHI v LAS T-30m   missing_data_unavailable   job served 3 other game(s) on 2026-08-05 at T-30m
  2026-08-06 IND v LVA T-24h   missing_job_did_not_run    no base record for ANY game on 2026-08-06 at T-24h
  2026-08-06 IND v LVA T-30m   late_record                created 2026-08-06T22:45:09.382682+00:00 after cutoff
  2026-08-06 PDX v TOR T-24h   missing_job_did_not_run    no base record for ANY game on 2026-08-06 at T-24h
  2026-08-06 MIN v LAS T-24h   missing_job_did_not_run    no base record for ANY game on 2026-08-06 at T-24h
  2026-08-06 MIN v LAS T-30m   missing_data_unavailable   job served 2 other game(s) on 2026-08-06 at T-30m
  2026-08-07 WAS v ATL T-24h   missing_job_did_not_run    no base record for ANY game on 2026-08-07 at T-24h
  2026-08-07 CON v PHX T-24h   missing_job_did_not_run    no base record for ANY game on 2026-08-07 at T-24h
  2026-08-07 DAL v GSV T-24h   missing_job_did_not_run    no base record for ANY game on 2026-08-07 at T-24h

wrote forecasts/coverage_audit.csv and forecasts/coverage_receipt.json
[audit] exit=0 
==== Fri 08/07/2026  3:00:03.07 ==== 
[gate] 2026-08-07T07:00:04.159541+00:00  fire=False  -- no unserved obligation inside its 20-minute lead window (4 upcoming game(s) examined); 4 slate game(s) have no official game_id and were served under a provisional id: WAS v ATL (2026-08-07) -> PROV-2026-08-07-ATL@WAS, CON v PHX (2026-08-07) -> PROV-2026-08-07-PHX@CON, DAL v GSV (2026-08-07) -> PROV-2026-08-07-GSV@DAL, CHI v IND (2026-08-08) -> PROV-2026-08-08-IND@CHI
       WAS v ATL      T-24h   unserved cutoff 2026-08-06T23:30:00 (-450 min) 
       CON v PHX      T-24h   unserved cutoff 2026-08-06T23:30:00 (-450 min) 
       DAL v GSV      T-24h   unserved cutoff 2026-08-07T01:30:00 (-330 min) 
       CHI v IND      T-24h   unserved cutoff 2026-08-07T19:30:00 (+750 min) 
[gate] skipping the base job
[base] skipped - no unserved obligation in its lead window 
[base] exit=0 
================================================================================================
PROSPECTIVE PAIR RUNNER  2026-08-07T07:00:05.507038+00:00  model=ridge_score_level_w2c1_v1 hash=5d295bb8b99cd34e
================================================================================================
base records in official chain: 45
  late_prevented #0 ATL v SEA @ T-8h                cutoff 2026-07-31T15:35:00+00:00 already passed at 2026-08-0
  late_prevented #1 WAS v DAL @ T-8h                cutoff 2026-07-31T15:35:00+00:00 already passed at 2026-08-0
  late_prevented #2 PDX v IND @ T-8h                cutoff 2026-07-31T18:06:00+00:00 already passed at 2026-08-0
  late_prevented #3 ATL v SEA @ T-30m               cutoff 2026-07-31T23:05:00+00:00 already passed at 2026-08-0
  late_prevented #4 WAS v DAL @ T-30m               cutoff 2026-07-31T23:05:00+00:00 already passed at 2026-08-0
  late_prevented #5 PDX v IND @ T-90m               cutoff 2026-08-01T00:36:00+00:00 already passed at 2026-08-0
  late_prevented #6 CHI v LVA @ T-90m               cutoff 2026-08-01T15:35:00+00:00 already passed at 2026-08-0
  late_prevented #7 PHX v NYL @ T-90m               cutoff 2026-08-01T17:34:00+00:00 already passed at 2026-08-0
  skip           #8 CHI v LVA @ unknown-tip         base record is an explicit no-forecast; nothing to pair
  skip           #9 PHX v NYL @ unknown-tip         base record is an explicit no-forecast; nothing to pair
  late_prevented #10 NYL v SEA @ T-8h               cutoff 2026-08-03T15:04:00+00:00 already passed at 2026-08-0
  late_prevented #11 ATL v LVA @ T-8h               cutoff 2026-08-03T15:14:00+00:00 already passed at 2026-08-0
  late_prevented #12 CHI v PHX @ T-8h               cutoff 2026-08-03T17:08:00+00:00 already passed at 2026-08-0
  already_logged #13 NYL v SEA @ T-90m              idempotent: pair exists
  already_logged #14 ATL v LVA @ T-90m              idempotent: pair exists
  already_logged #15 CHI v PHX @ T-90m              idempotent: pair exists
  already_logged #16 NYL v SEA @ T-90m              idempotent: pair exists
  already_logged #17 ATL v LVA @ T-90m              idempotent: pair exists
  already_logged #18 CHI v PHX @ T-90m              idempotent: pair exists
  late_prevented #19 NYL v SEA @ T-30m              cutoff 2026-08-03T22:34:00+00:00 already passed at 2026-08-0
  late_prevented #20 ATL v LVA @ T-30m              cutoff 2026-08-03T22:44:00+00:00 already passed at 2026-08-0
  already_logged #21 CHI v PHX @ T-90m              idempotent: pair exists
  already_logged #22 GSV v TOR @ T-8h               idempotent: pair exists
  already_logged #23 GSV v TOR @ T-90m              idempotent: pair exists
  already_logged #24 GSV v TOR @ T-30m              idempotent: pair exists
  already_logged #25 ATL v PHX @ T-8h               idempotent: pair exists
  already_logged #26 NYL v SEA @ T-8h               idempotent: pair exists
  already_logged #27 WAS v DAL @ T-8h               idempotent: pair exists
  already_logged #28 CHI v LAS @ T-8h               idempotent: pair exists
  already_logged #29 ATL v PHX @ T-90m              idempotent: pair exists
  already_logged #30 NYL v SEA @ T-90m              idempotent: pair exists
  already_logged #31 WAS v DAL @ T-90m              idempotent: pair exists
  already_logged #32 CHI v LAS @ T-90m              idempotent: pair exists
  late_prevented #33 ATL v PHX @ T-30m              cutoff 2026-08-05T22:33:00+00:00 already passed at 2026-08-0
  late_prevented #34 NYL v SEA @ T-30m              cutoff 2026-08-05T22:38:00+00:00 already passed at 2026-08-0
  already_logged #35 WAS v DAL @ T-30m              idempotent: pair exists
  already_logged #36 CHI v LAS @ T-90m              idempotent: pair exists
  already_logged #37 IND v LVA @ T-8h               idempotent: pair exists
  already_logged #38 MIN v LAS @ T-8h               idempotent: pair exists
  already_logged #39 PDX v TOR @ T-8h               idempotent: pair exists
  already_logged #40 IND v LVA @ T-90m              idempotent: pair exists
  already_logged #41 MIN v LAS @ T-90m              idempotent: pair exists
  already_logged #42 PDX v TOR @ T-90m              idempotent: pair exists
  late_prevented #43 IND v LVA @ T-30m              cutoff 2026-08-06T22:36:00+00:00 already passed at 2026-08-0
  already_logged #44 PDX v TOR @ T-30m              idempotent: pair exists

  already_logged=27, late_prevented=16, skip=2
  arm chain: ok=True n=22 tip=65a67c3b31aa406e
  receipt appended to prospective_pair_runs.jsonl
[arm] exit=0 
====================================================================================================
FORECAST COVERAGE AUDIT   generated 2026-08-07T07:00:06.943694+00:00
====================================================================================================

CUMULATIVE by classification
  missing_job_did_not_run      36
  forecast_logged              33
  before_period_start          15
  not_yet_due                  13
  missing_data_unavailable     6
  late_record                  5

  obligations 108 | due 80 | served 33 | coverage 41.2%
  operational misses 36 | unexplained 0
  PROMOTION-GRADE: NO   (needs >= 95% served, <= 0 operational misses, all explained)

DAILY
  date         oblig  served     due     excl    opmiss arm_recs
  2026-07-30      12       0       0       12         0        0
  2026-07-31      12       6       9        3         0        0
  2026-08-01       8       2       8        0         6        0
  2026-08-02      16       0      16        0        16        0
  2026-08-03      12       6      12        0         3        3
  2026-08-04       4       3       4        0         1        3
  2026-08-05      16       9      16        0         4        9
  2026-08-06      12       7      12        0         3        7
  2026-08-07      12       0       3        9         3        0
  2026-08-08       4       0       0        4         0        0

EVERY MISSING OR IRREGULAR OBLIGATION (each must carry an explanation)
  2026-07-31 ATL v SEA T-90m   missing_data_unavailable   job served 1 other game(s) on 2026-07-31 at T-90m
  2026-07-31 WAS v DAL T-90m   missing_data_unavailable   job served 1 other game(s) on 2026-07-31 at T-90m
  2026-07-31 PDX v IND T-30m   missing_data_unavailable   job served 2 other game(s) on 2026-07-31 at T-30m
  2026-08-01 CHI v LVA T-24h   missing_job_did_not_run    no base record for ANY game on 2026-08-01 at T-24h
  2026-08-01 CHI v LVA T-8h    missing_job_did_not_run    no base record for ANY game on 2026-08-01 at T-8h
  2026-08-01 CHI v LVA T-30m   missing_job_did_not_run    no base record for ANY game on 2026-08-01 at T-30m
  2026-08-01 PHX v NYL T-24h   missing_job_did_not_run    no base record for ANY game on 2026-08-01 at T-24h
  2026-08-01 PHX v NYL T-8h    missing_job_did_not_run    no base record for ANY game on 2026-08-01 at T-8h
  2026-08-01 PHX v NYL T-30m   missing_job_did_not_run    no base record for ANY game on 2026-08-01 at T-30m
  2026-08-02 DAL v CON T-24h   missing_job_did_not_run    no base record for ANY game on 2026-08-02 at T-24h
  2026-08-02 DAL v CON T-8h    missing_job_did_not_run    no base record for ANY game on 2026-08-02 at T-8h
  2026-08-02 DAL v CON T-90m   missing_job_did_not_run    no base record for ANY game on 2026-08-02 at T-90m
  2026-08-02 DAL v CON T-30m   missing_job_did_not_run    no base record for ANY game on 2026-08-02 at T-30m
  2026-08-02 GSV v TOR T-24h   missing_job_did_not_run    no base record for ANY game on 2026-08-02 at T-24h
  2026-08-02 GSV v TOR T-8h    missing_job_did_not_run    no base record for ANY game on 2026-08-02 at T-8h
  2026-08-02 GSV v TOR T-90m   missing_job_did_not_run    no base record for ANY game on 2026-08-02 at T-90m
  2026-08-02 GSV v TOR T-30m   missing_job_did_not_run    no base record for ANY game on 2026-08-02 at T-30m
  2026-08-02 MIN v IND T-24h   missing_job_did_not_run    no base record for ANY game on 2026-08-02 at T-24h
  2026-08-02 MIN v IND T-8h    missing_job_did_not_run    no base record for ANY game on 2026-08-02 at T-8h
  2026-08-02 MIN v IND T-90m   missing_job_did_not_run    no base record for ANY game on 2026-08-02 at T-90m
  2026-08-02 MIN v IND T-30m   missing_job_did_not_run    no base record for ANY game on 2026-08-02 at T-30m
  2026-08-02 PDX v LAS T-24h   missing_job_did_not_run    no base record for ANY game on 2026-08-02 at T-24h
  2026-08-02 PDX v LAS T-8h    missing_job_did_not_run    no base record for ANY game on 2026-08-02 at T-8h
  2026-08-02 PDX v LAS T-90m   missing_job_did_not_run    no base record for ANY game on 2026-08-02 at T-90m
  2026-08-02 PDX v LAS T-30m   missing_job_did_not_run    no base record for ANY game on 2026-08-02 at T-30m
  2026-08-03 NYL v SEA T-24h   missing_job_did_not_run    no base record for ANY game on 2026-08-03 at T-24h
  2026-08-03 NYL v SEA T-30m   late_record                created 2026-08-03T22:45:08.958486+00:00 after cutoff
  2026-08-03 ATL v LVA T-24h   missing_job_did_not_run    no base record for ANY game on 2026-08-03 at T-24h
  2026-08-03 ATL v LVA T-30m   late_record                created 2026-08-03T22:45:08.976775+00:00 after cutoff
  2026-08-03 CHI v PHX T-24h   missing_job_did_not_run    no base record for ANY game on 2026-08-03 at T-24h
  2026-08-03 CHI v PHX T-30m   missing_data_unavailable   job served 2 other game(s) on 2026-08-03 at T-30m
  2026-08-04 GSV v TOR T-24h   missing_job_did_not_run    no base record for ANY game on 2026-08-04 at T-24h
  2026-08-05 WAS v DAL T-24h   missing_job_did_not_run    no base record for ANY game on 2026-08-05 at T-24h
  2026-08-05 NYL v SEA T-24h   missing_job_did_not_run    no base record for ANY game on 2026-08-05 at T-24h
  2026-08-05 NYL v SEA T-30m   late_record                created 2026-08-05T22:45:07.299457+00:00 after cutoff
  2026-08-05 ATL v PHX T-24h   missing_job_did_not_run    no base record for ANY game on 2026-08-05 at T-24h
  2026-08-05 ATL v PHX T-30m   late_record                created 2026-08-05T22:45:07.274521+00:00 after cutoff
  2026-08-05 CHI v LAS T-24h   missing_job_did_not_run    no base record for ANY game on 2026-08-05 at T-24h
  2026-08-05 CHI v LAS T-30m   missing_data_unavailable   job served 3 other game(s) on 2026-08-05 at T-30m
  2026-08-06 IND v LVA T-24h   missing_job_did_not_run    no base record for ANY game on 2026-08-06 at T-24h
  2026-08-06 IND v LVA T-30m   late_record                created 2026-08-06T22:45:09.382682+00:00 after cutoff
  2026-08-06 PDX v TOR T-24h   missing_job_did_not_run    no base record for ANY game on 2026-08-06 at T-24h
  2026-08-06 MIN v LAS T-24h   missing_job_did_not_run    no base record for ANY game on 2026-08-06 at T-24h
  2026-08-06 MIN v LAS T-30m   missing_data_unavailable   job served 2 other game(s) on 2026-08-06 at T-30m
  2026-08-07 WAS v ATL T-24h   missing_job_did_not_run    no base record for ANY game on 2026-08-07 at T-24h
  2026-08-07 CON v PHX T-24h   missing_job_did_not_run    no base record for ANY game on 2026-08-07 at T-24h
  2026-08-07 DAL v GSV T-24h   missing_job_did_not_run    no base record for ANY game on 2026-08-07 at T-24h

wrote forecasts/coverage_audit.csv and forecasts/coverage_receipt.json
[audit] exit=0 
==== Fri 08/07/2026  3:15:03.19 ==== 
[gate] 2026-08-07T07:15:03.896253+00:00  fire=False  -- no unserved obligation inside its 20-minute lead window (4 upcoming game(s) examined); 4 slate game(s) have no official game_id and were served under a provisional id: WAS v ATL (2026-08-07) -> PROV-2026-08-07-ATL@WAS, CON v PHX (2026-08-07) -> PROV-2026-08-07-PHX@CON, DAL v GSV (2026-08-07) -> PROV-2026-08-07-GSV@DAL, CHI v IND (2026-08-08) -> PROV-2026-08-08-IND@CHI
       WAS v ATL      T-24h   unserved cutoff 2026-08-06T23:30:00 (-465 min) 
       CON v PHX      T-24h   unserved cutoff 2026-08-06T23:30:00 (-465 min) 
       DAL v GSV      T-24h   unserved cutoff 2026-08-07T01:30:00 (-345 min) 
       CHI v IND      T-24h   unserved cutoff 2026-08-07T19:30:00 (+735 min) 
[gate] skipping the base job
[base] skipped - no unserved obligation in its lead window 
[base] exit=0 
================================================================================================
PROSPECTIVE PAIR RUNNER  2026-08-07T07:15:04.925531+00:00  model=ridge_score_level_w2c1_v1 hash=5d295bb8b99cd34e
================================================================================================
base records in official chain: 45
  late_prevented #0 ATL v SEA @ T-8h                cutoff 2026-07-31T15:35:00+00:00 already passed at 2026-08-0
  late_prevented #1 WAS v DAL @ T-8h                cutoff 2026-07-31T15:35:00+00:00 already passed at 2026-08-0
  late_prevented #2 PDX v IND @ T-8h                cutoff 2026-07-31T18:06:00+00:00 already passed at 2026-08-0
  late_prevented #3 ATL v SEA @ T-30m               cutoff 2026-07-31T23:05:00+00:00 already passed at 2026-08-0
  late_prevented #4 WAS v DAL @ T-30m               cutoff 2026-07-31T23:05:00+00:00 already passed at 2026-08-0
  late_prevented #5 PDX v IND @ T-90m               cutoff 2026-08-01T00:36:00+00:00 already passed at 2026-08-0
  late_prevented #6 CHI v LVA @ T-90m               cutoff 2026-08-01T15:35:00+00:00 already passed at 2026-08-0
  late_prevented #7 PHX v NYL @ T-90m               cutoff 2026-08-01T17:34:00+00:00 already passed at 2026-08-0
  skip           #8 CHI v LVA @ unknown-tip         base record is an explicit no-forecast; nothing to pair
  skip           #9 PHX v NYL @ unknown-tip         base record is an explicit no-forecast; nothing to pair
  late_prevented #10 NYL v SEA @ T-8h               cutoff 2026-08-03T15:04:00+00:00 already passed at 2026-08-0
  late_prevented #11 ATL v LVA @ T-8h               cutoff 2026-08-03T15:14:00+00:00 already passed at 2026-08-0
  late_prevented #12 CHI v PHX @ T-8h               cutoff 2026-08-03T17:08:00+00:00 already passed at 2026-08-0
  already_logged #13 NYL v SEA @ T-90m              idempotent: pair exists
  already_logged #14 ATL v LVA @ T-90m              idempotent: pair exists
  already_logged #15 CHI v PHX @ T-90m              idempotent: pair exists
  already_logged #16 NYL v SEA @ T-90m              idempotent: pair exists
  already_logged #17 ATL v LVA @ T-90m              idempotent: pair exists
  already_logged #18 CHI v PHX @ T-90m              idempotent: pair exists
  late_prevented #19 NYL v SEA @ T-30m              cutoff 2026-08-03T22:34:00+00:00 already passed at 2026-08-0
  late_prevented #20 ATL v LVA @ T-30m              cutoff 2026-08-03T22:44:00+00:00 already passed at 2026-08-0
  already_logged #21 CHI v PHX @ T-90m              idempotent: pair exists
  already_logged #22 GSV v TOR @ T-8h               idempotent: pair exists
  already_logged #23 GSV v TOR @ T-90m              idempotent: pair exists
  already_logged #24 GSV v TOR @ T-30m              idempotent: pair exists
  already_logged #25 ATL v PHX @ T-8h               idempotent: pair exists
  already_logged #26 NYL v SEA @ T-8h               idempotent: pair exists
  already_logged #27 WAS v DAL @ T-8h               idempotent: pair exists
  already_logged #28 CHI v LAS @ T-8h               idempotent: pair exists
  already_logged #29 ATL v PHX @ T-90m              idempotent: pair exists
  already_logged #30 NYL v SEA @ T-90m              idempotent: pair exists
  already_logged #31 WAS v DAL @ T-90m              idempotent: pair exists
  already_logged #32 CHI v LAS @ T-90m              idempotent: pair exists
  late_prevented #33 ATL v PHX @ T-30m              cutoff 2026-08-05T22:33:00+00:00 already passed at 2026-08-0
  late_prevented #34 NYL v SEA @ T-30m              cutoff 2026-08-05T22:38:00+00:00 already passed at 2026-08-0
  already_logged #35 WAS v DAL @ T-30m              idempotent: pair exists
  already_logged #36 CHI v LAS @ T-90m              idempotent: pair exists
  already_logged #37 IND v LVA @ T-8h               idempotent: pair exists
  already_logged #38 MIN v LAS @ T-8h               idempotent: pair exists
  already_logged #39 PDX v TOR @ T-8h               idempotent: pair exists
  already_logged #40 IND v LVA @ T-90m              idempotent: pair exists
  already_logged #41 MIN v LAS @ T-90m              idempotent: pair exists
  already_logged #42 PDX v TOR @ T-90m              idempotent: pair exists
  late_prevented #43 IND v LVA @ T-30m              cutoff 2026-08-06T22:36:00+00:00 already passed at 2026-08-0
  already_logged #44 PDX v TOR @ T-30m              idempotent: pair exists

  already_logged=27, late_prevented=16, skip=2
  arm chain: ok=True n=22 tip=65a67c3b31aa406e
  receipt appended to prospective_pair_runs.jsonl
[arm] exit=0 
====================================================================================================
FORECAST COVERAGE AUDIT   generated 2026-08-07T07:15:05.883335+00:00
====================================================================================================

CUMULATIVE by classification
  missing_job_did_not_run      36
  forecast_logged              33
  before_period_start          15
  not_yet_due                  13
  missing_data_unavailable     6
  late_record                  5

  obligations 108 | due 80 | served 33 | coverage 41.2%
  operational misses 36 | unexplained 0
  PROMOTION-GRADE: NO   (needs >= 95% served, <= 0 operational misses, all explained)

DAILY
  date         oblig  served     due     excl    opmiss arm_recs
  2026-07-30      12       0       0       12         0        0
  2026-07-31      12       6       9        3         0        0
  2026-08-01       8       2       8        0         6        0
  2026-08-02      16       0      16        0        16        0
  2026-08-03      12       6      12        0         3        3
  2026-08-04       4       3       4        0         1        3
  2026-08-05      16       9      16        0         4        9
  2026-08-06      12       7      12        0         3        7
  2026-08-07      12       0       3        9         3        0
  2026-08-08       4       0       0        4         0        0

EVERY MISSING OR IRREGULAR OBLIGATION (each must carry an explanation)
  2026-07-31 ATL v SEA T-90m   missing_data_unavailable   job served 1 other game(s) on 2026-07-31 at T-90m
  2026-07-31 WAS v DAL T-90m   missing_data_unavailable   job served 1 other game(s) on 2026-07-31 at T-90m
  2026-07-31 PDX v IND T-30m   missing_data_unavailable   job served 2 other game(s) on 2026-07-31 at T-30m
  2026-08-01 CHI v LVA T-24h   missing_job_did_not_run    no base record for ANY game on 2026-08-01 at T-24h
  2026-08-01 CHI v LVA T-8h    missing_job_did_not_run    no base record for ANY game on 2026-08-01 at T-8h
  2026-08-01 CHI v LVA T-30m   missing_job_did_not_run    no base record for ANY game on 2026-08-01 at T-30m
  2026-08-01 PHX v NYL T-24h   missing_job_did_not_run    no base record for ANY game on 2026-08-01 at T-24h
  2026-08-01 PHX v NYL T-8h    missing_job_did_not_run    no base record for ANY game on 2026-08-01 at T-8h
  2026-08-01 PHX v NYL T-30m   missing_job_did_not_run    no base record for ANY game on 2026-08-01 at T-30m
  2026-08-02 DAL v CON T-24h   missing_job_did_not_run    no base record for ANY game on 2026-08-02 at T-24h
  2026-08-02 DAL v CON T-8h    missing_job_did_not_run    no base record for ANY game on 2026-08-02 at T-8h
  2026-08-02 DAL v CON T-90m   missing_job_did_not_run    no base record for ANY game on 2026-08-02 at T-90m
  2026-08-02 DAL v CON T-30m   missing_job_did_not_run    no base record for ANY game on 2026-08-02 at T-30m
  2026-08-02 GSV v TOR T-24h   missing_job_did_not_run    no base record for ANY game on 2026-08-02 at T-24h
  2026-08-02 GSV v TOR T-8h    missing_job_did_not_run    no base record for ANY game on 2026-08-02 at T-8h
  2026-08-02 GSV v TOR T-90m   missing_job_did_not_run    no base record for ANY game on 2026-08-02 at T-90m
  2026-08-02 GSV v TOR T-30m   missing_job_did_not_run    no base record for ANY game on 2026-08-02 at T-30m
  2026-08-02 MIN v IND T-24h   missing_job_did_not_run    no base record for ANY game on 2026-08-02 at T-24h
  2026-08-02 MIN v IND T-8h    missing_job_did_not_run    no base record for ANY game on 2026-08-02 at T-8h
  2026-08-02 MIN v IND T-90m   missing_job_did_not_run    no base record for ANY game on 2026-08-02 at T-90m
  2026-08-02 MIN v IND T-30m   missing_job_did_not_run    no base record for ANY game on 2026-08-02 at T-30m
  2026-08-02 PDX v LAS T-24h   missing_job_did_not_run    no base record for ANY game on 2026-08-02 at T-24h
  2026-08-02 PDX v LAS T-8h    missing_job_did_not_run    no base record for ANY game on 2026-08-02 at T-8h
  2026-08-02 PDX v LAS T-90m   missing_job_did_not_run    no base record for ANY game on 2026-08-02 at T-90m
  2026-08-02 PDX v LAS T-30m   missing_job_did_not_run    no base record for ANY game on 2026-08-02 at T-30m
  2026-08-03 NYL v SEA T-24h   missing_job_did_not_run    no base record for ANY game on 2026-08-03 at T-24h
  2026-08-03 NYL v SEA T-30m   late_record                created 2026-08-03T22:45:08.958486+00:00 after cutoff
  2026-08-03 ATL v LVA T-24h   missing_job_did_not_run    no base record for ANY game on 2026-08-03 at T-24h
  2026-08-03 ATL v LVA T-30m   late_record                created 2026-08-03T22:45:08.976775+00:00 after cutoff
  2026-08-03 CHI v PHX T-24h   missing_job_did_not_run    no base record for ANY game on 2026-08-03 at T-24h
  2026-08-03 CHI v PHX T-30m   missing_data_unavailable   job served 2 other game(s) on 2026-08-03 at T-30m
  2026-08-04 GSV v TOR T-24h   missing_job_did_not_run    no base record for ANY game on 2026-08-04 at T-24h
  2026-08-05 WAS v DAL T-24h   missing_job_did_not_run    no base record for ANY game on 2026-08-05 at T-24h
  2026-08-05 NYL v SEA T-24h   missing_job_did_not_run    no base record for ANY game on 2026-08-05 at T-24h
  2026-08-05 NYL v SEA T-30m   late_record                created 2026-08-05T22:45:07.299457+00:00 after cutoff
  2026-08-05 ATL v PHX T-24h   missing_job_did_not_run    no base record for ANY game on 2026-08-05 at T-24h
  2026-08-05 ATL v PHX T-30m   late_record                created 2026-08-05T22:45:07.274521+00:00 after cutoff
  2026-08-05 CHI v LAS T-24h   missing_job_did_not_run    no base record for ANY game on 2026-08-05 at T-24h
  2026-08-05 CHI v LAS T-30m   missing_data_unavailable   job served 3 other game(s) on 2026-08-05 at T-30m
  2026-08-06 IND v LVA T-24h   missing_job_did_not_run    no base record for ANY game on 2026-08-06 at T-24h
  2026-08-06 IND v LVA T-30m   late_record                created 2026-08-06T22:45:09.382682+00:00 after cutoff
  2026-08-06 PDX v TOR T-24h   missing_job_did_not_run    no base record for ANY game on 2026-08-06 at T-24h
  2026-08-06 MIN v LAS T-24h   missing_job_did_not_run    no base record for ANY game on 2026-08-06 at T-24h
  2026-08-06 MIN v LAS T-30m   missing_data_unavailable   job served 2 other game(s) on 2026-08-06 at T-30m
  2026-08-07 WAS v ATL T-24h   missing_job_did_not_run    no base record for ANY game on 2026-08-07 at T-24h
  2026-08-07 CON v PHX T-24h   missing_job_did_not_run    no base record for ANY game on 2026-08-07 at T-24h
  2026-08-07 DAL v GSV T-24h   missing_job_did_not_run    no base record for ANY game on 2026-08-07 at T-24h

wrote forecasts/coverage_audit.csv and forecasts/coverage_receipt.json
[audit] exit=0 
==== Fri 08/07/2026  3:30:02.66 ==== 
[gate] 2026-08-07T07:30:03.299319+00:00  fire=False  -- no unserved obligation inside its 20-minute lead window (4 upcoming game(s) examined); 4 slate game(s) have no official game_id and were served under a provisional id: WAS v ATL (2026-08-07) -> PROV-2026-08-07-ATL@WAS, CON v PHX (2026-08-07) -> PROV-2026-08-07-PHX@CON, DAL v GSV (2026-08-07) -> PROV-2026-08-07-GSV@DAL, CHI v IND (2026-08-08) -> PROV-2026-08-08-IND@CHI
       WAS v ATL      T-8h    unserved cutoff 2026-08-07T15:30:00 (+480 min) 
       CON v PHX      T-8h    unserved cutoff 2026-08-07T15:30:00 (+480 min) 
       DAL v GSV      T-24h   unserved cutoff 2026-08-07T01:30:00 (-360 min) 
       CHI v IND      T-24h   unserved cutoff 2026-08-07T19:30:00 (+720 min) 
[gate] skipping the base job
[base] skipped - no unserved obligation in its lead window 
[base] exit=0 
================================================================================================
PROSPECTIVE PAIR RUNNER  2026-08-07T07:30:04.168377+00:00  model=ridge_score_level_w2c1_v1 hash=5d295bb8b99cd34e
================================================================================================
base records in official chain: 45
  late_prevented #0 ATL v SEA @ T-8h                cutoff 2026-07-31T15:35:00+00:00 already passed at 2026-08-0
  late_prevented #1 WAS v DAL @ T-8h                cutoff 2026-07-31T15:35:00+00:00 already passed at 2026-08-0
  late_prevented #2 PDX v IND @ T-8h                cutoff 2026-07-31T18:06:00+00:00 already passed at 2026-08-0
  late_prevented #3 ATL v SEA @ T-30m               cutoff 2026-07-31T23:05:00+00:00 already passed at 2026-08-0
  late_prevented #4 WAS v DAL @ T-30m               cutoff 2026-07-31T23:05:00+00:00 already passed at 2026-08-0
  late_prevented #5 PDX v IND @ T-90m               cutoff 2026-08-01T00:36:00+00:00 already passed at 2026-08-0
  late_prevented #6 CHI v LVA @ T-90m               cutoff 2026-08-01T15:35:00+00:00 already passed at 2026-08-0
  late_prevented #7 PHX v NYL @ T-90m               cutoff 2026-08-01T17:34:00+00:00 already passed at 2026-08-0
  skip           #8 CHI v LVA @ unknown-tip         base record is an explicit no-forecast; nothing to pair
  skip           #9 PHX v NYL @ unknown-tip         base record is an explicit no-forecast; nothing to pair
  late_prevented #10 NYL v SEA @ T-8h               cutoff 2026-08-03T15:04:00+00:00 already passed at 2026-08-0
  late_prevented #11 ATL v LVA @ T-8h               cutoff 2026-08-03T15:14:00+00:00 already passed at 2026-08-0
  late_prevented #12 CHI v PHX @ T-8h               cutoff 2026-08-03T17:08:00+00:00 already passed at 2026-08-0
  already_logged #13 NYL v SEA @ T-90m              idempotent: pair exists
  already_logged #14 ATL v LVA @ T-90m              idempotent: pair exists
  already_logged #15 CHI v PHX @ T-90m              idempotent: pair exists
  already_logged #16 NYL v SEA @ T-90m              idempotent: pair exists
  already_logged #17 ATL v LVA @ T-90m              idempotent: pair exists
  already_logged #18 CHI v PHX @ T-90m              idempotent: pair exists
  late_prevented #19 NYL v SEA @ T-30m              cutoff 2026-08-03T22:34:00+00:00 already passed at 2026-08-0
  late_prevented #20 ATL v LVA @ T-30m              cutoff 2026-08-03T22:44:00+00:00 already passed at 2026-08-0
  already_logged #21 CHI v PHX @ T-90m              idempotent: pair exists
  already_logged #22 GSV v TOR @ T-8h               idempotent: pair exists
  already_logged #23 GSV v TOR @ T-90m              idempotent: pair exists
  already_logged #24 GSV v TOR @ T-30m              idempotent: pair exists
  already_logged #25 ATL v PHX @ T-8h               idempotent: pair exists
  already_logged #26 NYL v SEA @ T-8h               idempotent: pair exists
  already_logged #27 WAS v DAL @ T-8h               idempotent: pair exists
  already_logged #28 CHI v LAS @ T-8h               idempotent: pair exists
  already_logged #29 ATL v PHX @ T-90m              idempotent: pair exists
  already_logged #30 NYL v SEA @ T-90m              idempotent: pair exists
  already_logged #31 WAS v DAL @ T-90m              idempotent: pair exists
  already_logged #32 CHI v LAS @ T-90m              idempotent: pair exists
  late_prevented #33 ATL v PHX @ T-30m              cutoff 2026-08-05T22:33:00+00:00 already passed at 2026-08-0
  late_prevented #34 NYL v SEA @ T-30m              cutoff 2026-08-05T22:38:00+00:00 already passed at 2026-08-0
  already_logged #35 WAS v DAL @ T-30m              idempotent: pair exists
  already_logged #36 CHI v LAS @ T-90m              idempotent: pair exists
  already_logged #37 IND v LVA @ T-8h               idempotent: pair exists
  already_logged #38 MIN v LAS @ T-8h               idempotent: pair exists
  already_logged #39 PDX v TOR @ T-8h               idempotent: pair exists
  already_logged #40 IND v LVA @ T-90m              idempotent: pair exists
  already_logged #41 MIN v LAS @ T-90m              idempotent: pair exists
  already_logged #42 PDX v TOR @ T-90m              idempotent: pair exists
  late_prevented #43 IND v LVA @ T-30m              cutoff 2026-08-06T22:36:00+00:00 already passed at 2026-08-0
  already_logged #44 PDX v TOR @ T-30m              idempotent: pair exists

  already_logged=27, late_prevented=16, skip=2
  arm chain: ok=True n=22 tip=65a67c3b31aa406e
  receipt appended to prospective_pair_runs.jsonl
[arm] exit=0 
====================================================================================================
FORECAST COVERAGE AUDIT   generated 2026-08-07T07:30:05.127315+00:00
====================================================================================================

CUMULATIVE by classification
  missing_job_did_not_run      36
  forecast_logged              33
  before_period_start          15
  not_yet_due                  13
  missing_data_unavailable     6
  late_record                  5

  obligations 108 | due 80 | served 33 | coverage 41.2%
  operational misses 36 | unexplained 0
  PROMOTION-GRADE: NO   (needs >= 95% served, <= 0 operational misses, all explained)

DAILY
  date         oblig  served     due     excl    opmiss arm_recs
  2026-07-30      12       0       0       12         0        0
  2026-07-31      12       6       9        3         0        0
  2026-08-01       8       2       8        0         6        0
  2026-08-02      16       0      16        0        16        0
  2026-08-03      12       6      12        0         3        3
  2026-08-04       4       3       4        0         1        3
  2026-08-05      16       9      16        0         4        9
  2026-08-06      12       7      12        0         3        7
  2026-08-07      12       0       3        9         3        0
  2026-08-08       4       0       0        4         0        0

EVERY MISSING OR IRREGULAR OBLIGATION (each must carry an explanation)
  2026-07-31 ATL v SEA T-90m   missing_data_unavailable   job served 1 other game(s) on 2026-07-31 at T-90m
  2026-07-31 WAS v DAL T-90m   missing_data_unavailable   job served 1 other game(s) on 2026-07-31 at T-90m
  2026-07-31 PDX v IND T-30m   missing_data_unavailable   job served 2 other game(s) on 2026-07-31 at T-30m
  2026-08-01 CHI v LVA T-24h   missing_job_did_not_run    no base record for ANY game on 2026-08-01 at T-24h
  2026-08-01 CHI v LVA T-8h    missing_job_did_not_run    no base record for ANY game on 2026-08-01 at T-8h
  2026-08-01 CHI v LVA T-30m   missing_job_did_not_run    no base record for ANY game on 2026-08-01 at T-30m
  2026-08-01 PHX v NYL T-24h   missing_job_did_not_run    no base record for ANY game on 2026-08-01 at T-24h
  2026-08-01 PHX v NYL T-8h    missing_job_did_not_run    no base record for ANY game on 2026-08-01 at T-8h
  2026-08-01 PHX v NYL T-30m   missing_job_did_not_run    no base record for ANY game on 2026-08-01 at T-30m
  2026-08-02 DAL v CON T-24h   missing_job_did_not_run    no base record for ANY game on 2026-08-02 at T-24h
  2026-08-02 DAL v CON T-8h    missing_job_did_not_run    no base record for ANY game on 2026-08-02 at T-8h
  2026-08-02 DAL v CON T-90m   missing_job_did_not_run    no base record for ANY game on 2026-08-02 at T-90m
  2026-08-02 DAL v CON T-30m   missing_job_did_not_run    no base record for ANY game on 2026-08-02 at T-30m
  2026-08-02 GSV v TOR T-24h   missing_job_did_not_run    no base record for ANY game on 2026-08-02 at T-24h
  2026-08-02 GSV v TOR T-8h    missing_job_did_not_run    no base record for ANY game on 2026-08-02 at T-8h
  2026-08-02 GSV v TOR T-90m   missing_job_did_not_run    no base record for ANY game on 2026-08-02 at T-90m
  2026-08-02 GSV v TOR T-30m   missing_job_did_not_run    no base record for ANY game on 2026-08-02 at T-30m
  2026-08-02 MIN v IND T-24h   missing_job_did_not_run    no base record for ANY game on 2026-08-02 at T-24h
  2026-08-02 MIN v IND T-8h    missing_job_did_not_run    no base record for ANY game on 2026-08-02 at T-8h
  2026-08-02 MIN v IND T-90m   missing_job_did_not_run    no base record for ANY game on 2026-08-02 at T-90m
  2026-08-02 MIN v IND T-30m   missing_job_did_not_run    no base record for ANY game on 2026-08-02 at T-30m
  2026-08-02 PDX v LAS T-24h   missing_job_did_not_run    no base record for ANY game on 2026-08-02 at T-24h
  2026-08-02 PDX v LAS T-8h    missing_job_did_not_run    no base record for ANY game on 2026-08-02 at T-8h
  2026-08-02 PDX v LAS T-90m   missing_job_did_not_run    no base record for ANY game on 2026-08-02 at T-90m
  2026-08-02 PDX v LAS T-30m   missing_job_did_not_run    no base record for ANY game on 2026-08-02 at T-30m
  2026-08-03 NYL v SEA T-24h   missing_job_did_not_run    no base record for ANY game on 2026-08-03 at T-24h
  2026-08-03 NYL v SEA T-30m   late_record                created 2026-08-03T22:45:08.958486+00:00 after cutoff
  2026-08-03 ATL v LVA T-24h   missing_job_did_not_run    no base record for ANY game on 2026-08-03 at T-24h
  2026-08-03 ATL v LVA T-30m   late_record                created 2026-08-03T22:45:08.976775+00:00 after cutoff
  2026-08-03 CHI v PHX T-24h   missing_job_did_not_run    no base record for ANY game on 2026-08-03 at T-24h
  2026-08-03 CHI v PHX T-30m   missing_data_unavailable   job served 2 other game(s) on 2026-08-03 at T-30m
  2026-08-04 GSV v TOR T-24h   missing_job_did_not_run    no base record for ANY game on 2026-08-04 at T-24h
  2026-08-05 WAS v DAL T-24h   missing_job_did_not_run    no base record for ANY game on 2026-08-05 at T-24h
  2026-08-05 NYL v SEA T-24h   missing_job_did_not_run    no base record for ANY game on 2026-08-05 at T-24h
  2026-08-05 NYL v SEA T-30m   late_record                created 2026-08-05T22:45:07.299457+00:00 after cutoff
  2026-08-05 ATL v PHX T-24h   missing_job_did_not_run    no base record for ANY game on 2026-08-05 at T-24h
  2026-08-05 ATL v PHX T-30m   late_record                created 2026-08-05T22:45:07.274521+00:00 after cutoff
  2026-08-05 CHI v LAS T-24h   missing_job_did_not_run    no base record for ANY game on 2026-08-05 at T-24h
  2026-08-05 CHI v LAS T-30m   missing_data_unavailable   job served 3 other game(s) on 2026-08-05 at T-30m
  2026-08-06 IND v LVA T-24h   missing_job_did_not_run    no base record for ANY game on 2026-08-06 at T-24h
  2026-08-06 IND v LVA T-30m   late_record                created 2026-08-06T22:45:09.382682+00:00 after cutoff
  2026-08-06 PDX v TOR T-24h   missing_job_did_not_run    no base record for ANY game on 2026-08-06 at T-24h
  2026-08-06 MIN v LAS T-24h   missing_job_did_not_run    no base record for ANY game on 2026-08-06 at T-24h
  2026-08-06 MIN v LAS T-30m   missing_data_unavailable   job served 2 other game(s) on 2026-08-06 at T-30m
  2026-08-07 WAS v ATL T-24h   missing_job_did_not_run    no base record for ANY game on 2026-08-07 at T-24h
  2026-08-07 CON v PHX T-24h   missing_job_did_not_run    no base record for ANY game on 2026-08-07 at T-24h
  2026-08-07 DAL v GSV T-24h   missing_job_did_not_run    no base record for ANY game on 2026-08-07 at T-24h

wrote forecasts/coverage_audit.csv and forecasts/coverage_receipt.json
[audit] exit=0 
==== Fri 08/07/2026  3:45:02.64 ==== 
[gate] 2026-08-07T07:45:03.290853+00:00  fire=False  -- no unserved obligation inside its 20-minute lead window (4 upcoming game(s) examined); 4 slate game(s) have no official game_id and were served under a provisional id: WAS v ATL (2026-08-07) -> PROV-2026-08-07-ATL@WAS, CON v PHX (2026-08-07) -> PROV-2026-08-07-PHX@CON, DAL v GSV (2026-08-07) -> PROV-2026-08-07-GSV@DAL, CHI v IND (2026-08-08) -> PROV-2026-08-08-IND@CHI
       WAS v ATL      T-8h    unserved cutoff 2026-08-07T15:30:00 (+465 min) 
       CON v PHX      T-8h    unserved cutoff 2026-08-07T15:30:00 (+465 min) 
       DAL v GSV      T-24h   unserved cutoff 2026-08-07T01:30:00 (-375 min) 
       CHI v IND      T-24h   unserved cutoff 2026-08-07T19:30:00 (+705 min) 
[gate] skipping the base job
[base] skipped - no unserved obligation in its lead window 
[base] exit=0 
================================================================================================
PROSPECTIVE PAIR RUNNER  2026-08-07T07:45:04.264274+00:00  model=ridge_score_level_w2c1_v1 hash=5d295bb8b99cd34e
================================================================================================
base records in official chain: 45
  late_prevented #0 ATL v SEA @ T-8h                cutoff 2026-07-31T15:35:00+00:00 already passed at 2026-08-0
  late_prevented #1 WAS v DAL @ T-8h                cutoff 2026-07-31T15:35:00+00:00 already passed at 2026-08-0
  late_prevented #2 PDX v IND @ T-8h                cutoff 2026-07-31T18:06:00+00:00 already passed at 2026-08-0
  late_prevented #3 ATL v SEA @ T-30m               cutoff 2026-07-31T23:05:00+00:00 already passed at 2026-08-0
  late_prevented #4 WAS v DAL @ T-30m               cutoff 2026-07-31T23:05:00+00:00 already passed at 2026-08-0
  late_prevented #5 PDX v IND @ T-90m               cutoff 2026-08-01T00:36:00+00:00 already passed at 2026-08-0
  late_prevented #6 CHI v LVA @ T-90m               cutoff 2026-08-01T15:35:00+00:00 already passed at 2026-08-0
  late_prevented #7 PHX v NYL @ T-90m               cutoff 2026-08-01T17:34:00+00:00 already passed at 2026-08-0
  skip           #8 CHI v LVA @ unknown-tip         base record is an explicit no-forecast; nothing to pair
  skip           #9 PHX v NYL @ unknown-tip         base record is an explicit no-forecast; nothing to pair
  late_prevented #10 NYL v SEA @ T-8h               cutoff 2026-08-03T15:04:00+00:00 already passed at 2026-08-0
  late_prevented #11 ATL v LVA @ T-8h               cutoff 2026-08-03T15:14:00+00:00 already passed at 2026-08-0
  late_prevented #12 CHI v PHX @ T-8h               cutoff 2026-08-03T17:08:00+00:00 already passed at 2026-08-0
  already_logged #13 NYL v SEA @ T-90m              idempotent: pair exists
  already_logged #14 ATL v LVA @ T-90m              idempotent: pair exists
  already_logged #15 CHI v PHX @ T-90m              idempotent: pair exists
  already_logged #16 NYL v SEA @ T-90m              idempotent: pair exists
  already_logged #17 ATL v LVA @ T-90m              idempotent: pair exists
  already_logged #18 CHI v PHX @ T-90m              idempotent: pair exists
  late_prevented #19 NYL v SEA @ T-30m              cutoff 2026-08-03T22:34:00+00:00 already passed at 2026-08-0
  late_prevented #20 ATL v LVA @ T-30m              cutoff 2026-08-03T22:44:00+00:00 already passed at 2026-08-0
  already_logged #21 CHI v PHX @ T-90m              idempotent: pair exists
  already_logged #22 GSV v TOR @ T-8h               idempotent: pair exists
  already_logged #23 GSV v TOR @ T-90m              idempotent: pair exists
  already_logged #24 GSV v TOR @ T-30m              idempotent: pair exists
  already_logged #25 ATL v PHX @ T-8h               idempotent: pair exists
  already_logged #26 NYL v SEA @ T-8h               idempotent: pair exists
  already_logged #27 WAS v DAL @ T-8h               idempotent: pair exists
  already_logged #28 CHI v LAS @ T-8h               idempotent: pair exists
  already_logged #29 ATL v PHX @ T-90m              idempotent: pair exists
  already_logged #30 NYL v SEA @ T-90m              idempotent: pair exists
  already_logged #31 WAS v DAL @ T-90m              idempotent: pair exists
  already_logged #32 CHI v LAS @ T-90m              idempotent: pair exists
  late_prevented #33 ATL v PHX @ T-30m              cutoff 2026-08-05T22:33:00+00:00 already passed at 2026-08-0
  late_prevented #34 NYL v SEA @ T-30m              cutoff 2026-08-05T22:38:00+00:00 already passed at 2026-08-0
  already_logged #35 WAS v DAL @ T-30m              idempotent: pair exists
  already_logged #36 CHI v LAS @ T-90m              idempotent: pair exists
  already_logged #37 IND v LVA @ T-8h               idempotent: pair exists
  already_logged #38 MIN v LAS @ T-8h               idempotent: pair exists
  already_logged #39 PDX v TOR @ T-8h               idempotent: pair exists
  already_logged #40 IND v LVA @ T-90m              idempotent: pair exists
  already_logged #41 MIN v LAS @ T-90m              idempotent: pair exists
  already_logged #42 PDX v TOR @ T-90m              idempotent: pair exists
  late_prevented #43 IND v LVA @ T-30m              cutoff 2026-08-06T22:36:00+00:00 already passed at 2026-08-0
  already_logged #44 PDX v TOR @ T-30m              idempotent: pair exists

  already_logged=27, late_prevented=16, skip=2
  arm chain: ok=True n=22 tip=65a67c3b31aa406e
  receipt appended to prospective_pair_runs.jsonl
[arm] exit=0 
====================================================================================================
FORECAST COVERAGE AUDIT   generated 2026-08-07T07:45:05.228492+00:00
====================================================================================================

CUMULATIVE by classification
  missing_job_did_not_run      36
  forecast_logged              33
  before_period_start          15
  not_yet_due                  13
  missing_data_unavailable     6
  late_record                  5

  obligations 108 | due 80 | served 33 | coverage 41.2%
  operational misses 36 | unexplained 0
  PROMOTION-GRADE: NO   (needs >= 95% served, <= 0 operational misses, all explained)

DAILY
  date         oblig  served     due     excl    opmiss arm_recs
  2026-07-30      12       0       0       12         0        0
  2026-07-31      12       6       9        3         0        0
  2026-08-01       8       2       8        0         6        0
  2026-08-02      16       0      16        0        16        0
  2026-08-03      12       6      12        0         3        3
  2026-08-04       4       3       4        0         1        3
  2026-08-05      16       9      16        0         4        9
  2026-08-06      12       7      12        0         3        7
  2026-08-07      12       0       3        9         3        0
  2026-08-08       4       0       0        4         0        0

EVERY MISSING OR IRREGULAR OBLIGATION (each must carry an explanation)
  2026-07-31 ATL v SEA T-90m   missing_data_unavailable   job served 1 other game(s) on 2026-07-31 at T-90m
  2026-07-31 WAS v DAL T-90m   missing_data_unavailable   job served 1 other game(s) on 2026-07-31 at T-90m
  2026-07-31 PDX v IND T-30m   missing_data_unavailable   job served 2 other game(s) on 2026-07-31 at T-30m
  2026-08-01 CHI v LVA T-24h   missing_job_did_not_run    no base record for ANY game on 2026-08-01 at T-24h
  2026-08-01 CHI v LVA T-8h    missing_job_did_not_run    no base record for ANY game on 2026-08-01 at T-8h
  2026-08-01 CHI v LVA T-30m   missing_job_did_not_run    no base record for ANY game on 2026-08-01 at T-30m
  2026-08-01 PHX v NYL T-24h   missing_job_did_not_run    no base record for ANY game on 2026-08-01 at T-24h
  2026-08-01 PHX v NYL T-8h    missing_job_did_not_run    no base record for ANY game on 2026-08-01 at T-8h
  2026-08-01 PHX v NYL T-30m   missing_job_did_not_run    no base record for ANY game on 2026-08-01 at T-30m
  2026-08-02 DAL v CON T-24h   missing_job_did_not_run    no base record for ANY game on 2026-08-02 at T-24h
  2026-08-02 DAL v CON T-8h    missing_job_did_not_run    no base record for ANY game on 2026-08-02 at T-8h
  2026-08-02 DAL v CON T-90m   missing_job_did_not_run    no base record for ANY game on 2026-08-02 at T-90m
  2026-08-02 DAL v CON T-30m   missing_job_did_not_run    no base record for ANY game on 2026-08-02 at T-30m
  2026-08-02 GSV v TOR T-24h   missing_job_did_not_run    no base record for ANY game on 2026-08-02 at T-24h
  2026-08-02 GSV v TOR T-8h    missing_job_did_not_run    no base record for ANY game on 2026-08-02 at T-8h
  2026-08-02 GSV v TOR T-90m   missing_job_did_not_run    no base record for ANY game on 2026-08-02 at T-90m
  2026-08-02 GSV v TOR T-30m   missing_job_did_not_run    no base record for ANY game on 2026-08-02 at T-30m
  2026-08-02 MIN v IND T-24h   missing_job_did_not_run    no base record for ANY game on 2026-08-02 at T-24h
  2026-08-02 MIN v IND T-8h    missing_job_did_not_run    no base record for ANY game on 2026-08-02 at T-8h
  2026-08-02 MIN v IND T-90m   missing_job_did_not_run    no base record for ANY game on 2026-08-02 at T-90m
  2026-08-02 MIN v IND T-30m   missing_job_did_not_run    no base record for ANY game on 2026-08-02 at T-30m
  2026-08-02 PDX v LAS T-24h   missing_job_did_not_run    no base record for ANY game on 2026-08-02 at T-24h
  2026-08-02 PDX v LAS T-8h    missing_job_did_not_run    no base record for ANY game on 2026-08-02 at T-8h
  2026-08-02 PDX v LAS T-90m   missing_job_did_not_run    no base record for ANY game on 2026-08-02 at T-90m
  2026-08-02 PDX v LAS T-30m   missing_job_did_not_run    no base record for ANY game on 2026-08-02 at T-30m
  2026-08-03 NYL v SEA T-24h   missing_job_did_not_run    no base record for ANY game on 2026-08-03 at T-24h
  2026-08-03 NYL v SEA T-30m   late_record                created 2026-08-03T22:45:08.958486+00:00 after cutoff
  2026-08-03 ATL v LVA T-24h   missing_job_did_not_run    no base record for ANY game on 2026-08-03 at T-24h
  2026-08-03 ATL v LVA T-30m   late_record                created 2026-08-03T22:45:08.976775+00:00 after cutoff
  2026-08-03 CHI v PHX T-24h   missing_job_did_not_run    no base record for ANY game on 2026-08-03 at T-24h
  2026-08-03 CHI v PHX T-30m   missing_data_unavailable   job served 2 other game(s) on 2026-08-03 at T-30m
  2026-08-04 GSV v TOR T-24h   missing_job_did_not_run    no base record for ANY game on 2026-08-04 at T-24h
  2026-08-05 WAS v DAL T-24h   missing_job_did_not_run    no base record for ANY game on 2026-08-05 at T-24h
  2026-08-05 NYL v SEA T-24h   missing_job_did_not_run    no base record for ANY game on 2026-08-05 at T-24h
  2026-08-05 NYL v SEA T-30m   late_record                created 2026-08-05T22:45:07.299457+00:00 after cutoff
  2026-08-05 ATL v PHX T-24h   missing_job_did_not_run    no base record for ANY game on 2026-08-05 at T-24h
  2026-08-05 ATL v PHX T-30m   late_record                created 2026-08-05T22:45:07.274521+00:00 after cutoff
  2026-08-05 CHI v LAS T-24h   missing_job_did_not_run    no base record for ANY game on 2026-08-05 at T-24h
  2026-08-05 CHI v LAS T-30m   missing_data_unavailable   job served 3 other game(s) on 2026-08-05 at T-30m
  2026-08-06 IND v LVA T-24h   missing_job_did_not_run    no base record for ANY game on 2026-08-06 at T-24h
  2026-08-06 IND v LVA T-30m   late_record                created 2026-08-06T22:45:09.382682+00:00 after cutoff
  2026-08-06 PDX v TOR T-24h   missing_job_did_not_run    no base record for ANY game on 2026-08-06 at T-24h
  2026-08-06 MIN v LAS T-24h   missing_job_did_not_run    no base record for ANY game on 2026-08-06 at T-24h
  2026-08-06 MIN v LAS T-30m   missing_data_unavailable   job served 2 other game(s) on 2026-08-06 at T-30m
  2026-08-07 WAS v ATL T-24h   missing_job_did_not_run    no base record for ANY game on 2026-08-07 at T-24h
  2026-08-07 CON v PHX T-24h   missing_job_did_not_run    no base record for ANY game on 2026-08-07 at T-24h
  2026-08-07 DAL v GSV T-24h   missing_job_did_not_run    no base record for ANY game on 2026-08-07 at T-24h

wrote forecasts/coverage_audit.csv and forecasts/coverage_receipt.json
[audit] exit=0 
==== Fri 08/07/2026  4:00:02.68 ==== 
[gate] 2026-08-07T08:00:03.349850+00:00  fire=False  -- no unserved obligation inside its 20-minute lead window (4 upcoming game(s) examined); 4 slate game(s) have no official game_id and were served under a provisional id: WAS v ATL (2026-08-07) -> PROV-2026-08-07-ATL@WAS, CON v PHX (2026-08-07) -> PROV-2026-08-07-PHX@CON, DAL v GSV (2026-08-07) -> PROV-2026-08-07-GSV@DAL, CHI v IND (2026-08-08) -> PROV-2026-08-08-IND@CHI
       WAS v ATL      T-8h    unserved cutoff 2026-08-07T15:30:00 (+450 min) 
       CON v PHX      T-8h    unserved cutoff 2026-08-07T15:30:00 (+450 min) 
       DAL v GSV      T-24h   unserved cutoff 2026-08-07T01:30:00 (-390 min) 
       CHI v IND      T-24h   unserved cutoff 2026-08-07T19:30:00 (+690 min) 
[gate] skipping the base job
[base] skipped - no unserved obligation in its lead window 
[base] exit=0 
================================================================================================
PROSPECTIVE PAIR RUNNER  2026-08-07T08:00:04.349858+00:00  model=ridge_score_level_w2c1_v1 hash=5d295bb8b99cd34e
================================================================================================
base records in official chain: 45
  late_prevented #0 ATL v SEA @ T-8h                cutoff 2026-07-31T15:35:00+00:00 already passed at 2026-08-0
  late_prevented #1 WAS v DAL @ T-8h                cutoff 2026-07-31T15:35:00+00:00 already passed at 2026-08-0
  late_prevented #2 PDX v IND @ T-8h                cutoff 2026-07-31T18:06:00+00:00 already passed at 2026-08-0
  late_prevented #3 ATL v SEA @ T-30m               cutoff 2026-07-31T23:05:00+00:00 already passed at 2026-08-0
  late_prevented #4 WAS v DAL @ T-30m               cutoff 2026-07-31T23:05:00+00:00 already passed at 2026-08-0
  late_prevented #5 PDX v IND @ T-90m               cutoff 2026-08-01T00:36:00+00:00 already passed at 2026-08-0
  late_prevented #6 CHI v LVA @ T-90m               cutoff 2026-08-01T15:35:00+00:00 already passed at 2026-08-0
  late_prevented #7 PHX v NYL @ T-90m               cutoff 2026-08-01T17:34:00+00:00 already passed at 2026-08-0
  skip           #8 CHI v LVA @ unknown-tip         base record is an explicit no-forecast; nothing to pair
  skip           #9 PHX v NYL @ unknown-tip         base record is an explicit no-forecast; nothing to pair
  late_prevented #10 NYL v SEA @ T-8h               cutoff 2026-08-03T15:04:00+00:00 already passed at 2026-08-0
  late_prevented #11 ATL v LVA @ T-8h               cutoff 2026-08-03T15:14:00+00:00 already passed at 2026-08-0
  late_prevented #12 CHI v PHX @ T-8h               cutoff 2026-08-03T17:08:00+00:00 already passed at 2026-08-0
  already_logged #13 NYL v SEA @ T-90m              idempotent: pair exists
  already_logged #14 ATL v LVA @ T-90m              idempotent: pair exists
  already_logged #15 CHI v PHX @ T-90m              idempotent: pair exists
  already_logged #16 NYL v SEA @ T-90m              idempotent: pair exists
  already_logged #17 ATL v LVA @ T-90m              idempotent: pair exists
  already_logged #18 CHI v PHX @ T-90m              idempotent: pair exists
  late_prevented #19 NYL v SEA @ T-30m              cutoff 2026-08-03T22:34:00+00:00 already passed at 2026-08-0
  late_prevented #20 ATL v LVA @ T-30m              cutoff 2026-08-03T22:44:00+00:00 already passed at 2026-08-0
  already_logged #21 CHI v PHX @ T-90m              idempotent: pair exists
  already_logged #22 GSV v TOR @ T-8h               idempotent: pair exists
  already_logged #23 GSV v TOR @ T-90m              idempotent: pair exists
  already_logged #24 GSV v TOR @ T-30m              idempotent: pair exists
  already_logged #25 ATL v PHX @ T-8h               idempotent: pair exists
  already_logged #26 NYL v SEA @ T-8h               idempotent: pair exists
  already_logged #27 WAS v DAL @ T-8h               idempotent: pair exists
  already_logged #28 CHI v LAS @ T-8h               idempotent: pair exists
  already_logged #29 ATL v PHX @ T-90m              idempotent: pair exists
  already_logged #30 NYL v SEA @ T-90m              idempotent: pair exists
  already_logged #31 WAS v DAL @ T-90m              idempotent: pair exists
  already_logged #32 CHI v LAS @ T-90m              idempotent: pair exists
  late_prevented #33 ATL v PHX @ T-30m              cutoff 2026-08-05T22:33:00+00:00 already passed at 2026-08-0
  late_prevented #34 NYL v SEA @ T-30m              cutoff 2026-08-05T22:38:00+00:00 already passed at 2026-08-0
  already_logged #35 WAS v DAL @ T-30m              idempotent: pair exists
  already_logged #36 CHI v LAS @ T-90m              idempotent: pair exists
  already_logged #37 IND v LVA @ T-8h               idempotent: pair exists
  already_logged #38 MIN v LAS @ T-8h               idempotent: pair exists
  already_logged #39 PDX v TOR @ T-8h               idempotent: pair exists
  already_logged #40 IND v LVA @ T-90m              idempotent: pair exists
  already_logged #41 MIN v LAS @ T-90m              idempotent: pair exists
  already_logged #42 PDX v TOR @ T-90m              idempotent: pair exists
  late_prevented #43 IND v LVA @ T-30m              cutoff 2026-08-06T22:36:00+00:00 already passed at 2026-08-0
  already_logged #44 PDX v TOR @ T-30m              idempotent: pair exists

  already_logged=27, late_prevented=16, skip=2
  arm chain: ok=True n=22 tip=65a67c3b31aa406e
  receipt appended to prospective_pair_runs.jsonl
[arm] exit=0 
====================================================================================================
FORECAST COVERAGE AUDIT   generated 2026-08-07T08:00:05.361268+00:00
====================================================================================================

CUMULATIVE by classification
  missing_job_did_not_run      36
  forecast_logged              33
  before_period_start          15
  not_yet_due                  13
  missing_data_unavailable     6
  late_record                  5

  obligations 108 | due 80 | served 33 | coverage 41.2%
  operational misses 36 | unexplained 0
  PROMOTION-GRADE: NO   (needs >= 95% served, <= 0 operational misses, all explained)

DAILY
  date         oblig  served     due     excl    opmiss arm_recs
  2026-07-30      12       0       0       12         0        0
  2026-07-31      12       6       9        3         0        0
  2026-08-01       8       2       8        0         6        0
  2026-08-02      16       0      16        0        16        0
  2026-08-03      12       6      12        0         3        3
  2026-08-04       4       3       4        0         1        3
  2026-08-05      16       9      16        0         4        9
  2026-08-06      12       7      12        0         3        7
  2026-08-07      12       0       3        9         3        0
  2026-08-08       4       0       0        4         0        0

EVERY MISSING OR IRREGULAR OBLIGATION (each must carry an explanation)
  2026-07-31 ATL v SEA T-90m   missing_data_unavailable   job served 1 other game(s) on 2026-07-31 at T-90m
  2026-07-31 WAS v DAL T-90m   missing_data_unavailable   job served 1 other game(s) on 2026-07-31 at T-90m
  2026-07-31 PDX v IND T-30m   missing_data_unavailable   job served 2 other game(s) on 2026-07-31 at T-30m
  2026-08-01 CHI v LVA T-24h   missing_job_did_not_run    no base record for ANY game on 2026-08-01 at T-24h
  2026-08-01 CHI v LVA T-8h    missing_job_did_not_run    no base record for ANY game on 2026-08-01 at T-8h
  2026-08-01 CHI v LVA T-30m   missing_job_did_not_run    no base record for ANY game on 2026-08-01 at T-30m
  2026-08-01 PHX v NYL T-24h   missing_job_did_not_run    no base record for ANY game on 2026-08-01 at T-24h
  2026-08-01 PHX v NYL T-8h    missing_job_did_not_run    no base record for ANY game on 2026-08-01 at T-8h
  2026-08-01 PHX v NYL T-30m   missing_job_did_not_run    no base record for ANY game on 2026-08-01 at T-30m
  2026-08-02 DAL v CON T-24h   missing_job_did_not_run    no base record for ANY game on 2026-08-02 at T-24h
  2026-08-02 DAL v CON T-8h    missing_job_did_not_run    no base record for ANY game on 2026-08-02 at T-8h
  2026-08-02 DAL v CON T-90m   missing_job_did_not_run    no base record for ANY game on 2026-08-02 at T-90m
  2026-08-02 DAL v CON T-30m   missing_job_did_not_run    no base record for ANY game on 2026-08-02 at T-30m
  2026-08-02 GSV v TOR T-24h   missing_job_did_not_run    no base record for ANY game on 2026-08-02 at T-24h
  2026-08-02 GSV v TOR T-8h    missing_job_did_not_run    no base record for ANY game on 2026-08-02 at T-8h
  2026-08-02 GSV v TOR T-90m   missing_job_did_not_run    no base record for ANY game on 2026-08-02 at T-90m
  2026-08-02 GSV v TOR T-30m   missing_job_did_not_run    no base record for ANY game on 2026-08-02 at T-30m
  2026-08-02 MIN v IND T-24h   missing_job_did_not_run    no base record for ANY game on 2026-08-02 at T-24h
  2026-08-02 MIN v IND T-8h    missing_job_did_not_run    no base record for ANY game on 2026-08-02 at T-8h
  2026-08-02 MIN v IND T-90m   missing_job_did_not_run    no base record for ANY game on 2026-08-02 at T-90m
  2026-08-02 MIN v IND T-30m   missing_job_did_not_run    no base record for ANY game on 2026-08-02 at T-30m
  2026-08-02 PDX v LAS T-24h   missing_job_did_not_run    no base record for ANY game on 2026-08-02 at T-24h
  2026-08-02 PDX v LAS T-8h    missing_job_did_not_run    no base record for ANY game on 2026-08-02 at T-8h
  2026-08-02 PDX v LAS T-90m   missing_job_did_not_run    no base record for ANY game on 2026-08-02 at T-90m
  2026-08-02 PDX v LAS T-30m   missing_job_did_not_run    no base record for ANY game on 2026-08-02 at T-30m
  2026-08-03 NYL v SEA T-24h   missing_job_did_not_run    no base record for ANY game on 2026-08-03 at T-24h
  2026-08-03 NYL v SEA T-30m   late_record                created 2026-08-03T22:45:08.958486+00:00 after cutoff
  2026-08-03 ATL v LVA T-24h   missing_job_did_not_run    no base record for ANY game on 2026-08-03 at T-24h
  2026-08-03 ATL v LVA T-30m   late_record                created 2026-08-03T22:45:08.976775+00:00 after cutoff
  2026-08-03 CHI v PHX T-24h   missing_job_did_not_run    no base record for ANY game on 2026-08-03 at T-24h
  2026-08-03 CHI v PHX T-30m   missing_data_unavailable   job served 2 other game(s) on 2026-08-03 at T-30m
  2026-08-04 GSV v TOR T-24h   missing_job_did_not_run    no base record for ANY game on 2026-08-04 at T-24h
  2026-08-05 WAS v DAL T-24h   missing_job_did_not_run    no base record for ANY game on 2026-08-05 at T-24h
  2026-08-05 NYL v SEA T-24h   missing_job_did_not_run    no base record for ANY game on 2026-08-05 at T-24h
  2026-08-05 NYL v SEA T-30m   late_record                created 2026-08-05T22:45:07.299457+00:00 after cutoff
  2026-08-05 ATL v PHX T-24h   missing_job_did_not_run    no base record for ANY game on 2026-08-05 at T-24h
  2026-08-05 ATL v PHX T-30m   late_record                created 2026-08-05T22:45:07.274521+00:00 after cutoff
  2026-08-05 CHI v LAS T-24h   missing_job_did_not_run    no base record for ANY game on 2026-08-05 at T-24h
  2026-08-05 CHI v LAS T-30m   missing_data_unavailable   job served 3 other game(s) on 2026-08-05 at T-30m
  2026-08-06 IND v LVA T-24h   missing_job_did_not_run    no base record for ANY game on 2026-08-06 at T-24h
  2026-08-06 IND v LVA T-30m   late_record                created 2026-08-06T22:45:09.382682+00:00 after cutoff
  2026-08-06 PDX v TOR T-24h   missing_job_did_not_run    no base record for ANY game on 2026-08-06 at T-24h
  2026-08-06 MIN v LAS T-24h   missing_job_did_not_run    no base record for ANY game on 2026-08-06 at T-24h
  2026-08-06 MIN v LAS T-30m   missing_data_unavailable   job served 2 other game(s) on 2026-08-06 at T-30m
  2026-08-07 WAS v ATL T-24h   missing_job_did_not_run    no base record for ANY game on 2026-08-07 at T-24h
  2026-08-07 CON v PHX T-24h   missing_job_did_not_run    no base record for ANY game on 2026-08-07 at T-24h
  2026-08-07 DAL v GSV T-24h   missing_job_did_not_run    no base record for ANY game on 2026-08-07 at T-24h

wrote forecasts/coverage_audit.csv and forecasts/coverage_receipt.json
[audit] exit=0 
==== Fri 08/07/2026  4:15:02.79 ==== 
[gate] 2026-08-07T08:15:03.482154+00:00  fire=False  -- no unserved obligation inside its 20-minute lead window (4 upcoming game(s) examined); 4 slate game(s) have no official game_id and were served under a provisional id: WAS v ATL (2026-08-07) -> PROV-2026-08-07-ATL@WAS, CON v PHX (2026-08-07) -> PROV-2026-08-07-PHX@CON, DAL v GSV (2026-08-07) -> PROV-2026-08-07-GSV@DAL, CHI v IND (2026-08-08) -> PROV-2026-08-08-IND@CHI
       WAS v ATL      T-8h    unserved cutoff 2026-08-07T15:30:00 (+435 min) 
       CON v PHX      T-8h    unserved cutoff 2026-08-07T15:30:00 (+435 min) 
       DAL v GSV      T-24h   unserved cutoff 2026-08-07T01:30:00 (-405 min) 
       CHI v IND      T-24h   unserved cutoff 2026-08-07T19:30:00 (+675 min) 
[gate] skipping the base job
[base] skipped - no unserved obligation in its lead window 
[base] exit=0 
================================================================================================
PROSPECTIVE PAIR RUNNER  2026-08-07T08:15:04.428732+00:00  model=ridge_score_level_w2c1_v1 hash=5d295bb8b99cd34e
================================================================================================
base records in official chain: 45
  late_prevented #0 ATL v SEA @ T-8h                cutoff 2026-07-31T15:35:00+00:00 already passed at 2026-08-0
  late_prevented #1 WAS v DAL @ T-8h                cutoff 2026-07-31T15:35:00+00:00 already passed at 2026-08-0
  late_prevented #2 PDX v IND @ T-8h                cutoff 2026-07-31T18:06:00+00:00 already passed at 2026-08-0
  late_prevented #3 ATL v SEA @ T-30m               cutoff 2026-07-31T23:05:00+00:00 already passed at 2026-08-0
  late_prevented #4 WAS v DAL @ T-30m               cutoff 2026-07-31T23:05:00+00:00 already passed at 2026-08-0
  late_prevented #5 PDX v IND @ T-90m               cutoff 2026-08-01T00:36:00+00:00 already passed at 2026-08-0
  late_prevented #6 CHI v LVA @ T-90m               cutoff 2026-08-01T15:35:00+00:00 already passed at 2026-08-0
  late_prevented #7 PHX v NYL @ T-90m               cutoff 2026-08-01T17:34:00+00:00 already passed at 2026-08-0
  skip           #8 CHI v LVA @ unknown-tip         base record is an explicit no-forecast; nothing to pair
  skip           #9 PHX v NYL @ unknown-tip         base record is an explicit no-forecast; nothing to pair
  late_prevented #10 NYL v SEA @ T-8h               cutoff 2026-08-03T15:04:00+00:00 already passed at 2026-08-0
  late_prevented #11 ATL v LVA @ T-8h               cutoff 2026-08-03T15:14:00+00:00 already passed at 2026-08-0
  late_prevented #12 CHI v PHX @ T-8h               cutoff 2026-08-03T17:08:00+00:00 already passed at 2026-08-0
  already_logged #13 NYL v SEA @ T-90m              idempotent: pair exists
  already_logged #14 ATL v LVA @ T-90m              idempotent: pair exists
  already_logged #15 CHI v PHX @ T-90m              idempotent: pair exists
  already_logged #16 NYL v SEA @ T-90m              idempotent: pair exists
  already_logged #17 ATL v LVA @ T-90m              idempotent: pair exists
  already_logged #18 CHI v PHX @ T-90m              idempotent: pair exists
  late_prevented #19 NYL v SEA @ T-30m              cutoff 2026-08-03T22:34:00+00:00 already passed at 2026-08-0
  late_prevented #20 ATL v LVA @ T-30m              cutoff 2026-08-03T22:44:00+00:00 already passed at 2026-08-0
  already_logged #21 CHI v PHX @ T-90m              idempotent: pair exists
  already_logged #22 GSV v TOR @ T-8h               idempotent: pair exists
  already_logged #23 GSV v TOR @ T-90m              idempotent: pair exists
  already_logged #24 GSV v TOR @ T-30m              idempotent: pair exists
  already_logged #25 ATL v PHX @ T-8h               idempotent: pair exists
  already_logged #26 NYL v SEA @ T-8h               idempotent: pair exists
  already_logged #27 WAS v DAL @ T-8h               idempotent: pair exists
  already_logged #28 CHI v LAS @ T-8h               idempotent: pair exists
  already_logged #29 ATL v PHX @ T-90m              idempotent: pair exists
  already_logged #30 NYL v SEA @ T-90m              idempotent: pair exists
  already_logged #31 WAS v DAL @ T-90m              idempotent: pair exists
  already_logged #32 CHI v LAS @ T-90m              idempotent: pair exists
  late_prevented #33 ATL v PHX @ T-30m              cutoff 2026-08-05T22:33:00+00:00 already passed at 2026-08-0
  late_prevented #34 NYL v SEA @ T-30m              cutoff 2026-08-05T22:38:00+00:00 already passed at 2026-08-0
  already_logged #35 WAS v DAL @ T-30m              idempotent: pair exists
  already_logged #36 CHI v LAS @ T-90m              idempotent: pair exists
  already_logged #37 IND v LVA @ T-8h               idempotent: pair exists
  already_logged #38 MIN v LAS @ T-8h               idempotent: pair exists
  already_logged #39 PDX v TOR @ T-8h               idempotent: pair exists
  already_logged #40 IND v LVA @ T-90m              idempotent: pair exists
  already_logged #41 MIN v LAS @ T-90m              idempotent: pair exists
  already_logged #42 PDX v TOR @ T-90m              idempotent: pair exists
  late_prevented #43 IND v LVA @ T-30m              cutoff 2026-08-06T22:36:00+00:00 already passed at 2026-08-0
  already_logged #44 PDX v TOR @ T-30m              idempotent: pair exists

  already_logged=27, late_prevented=16, skip=2
  arm chain: ok=True n=22 tip=65a67c3b31aa406e
  receipt appended to prospective_pair_runs.jsonl
[arm] exit=0 
====================================================================================================
FORECAST COVERAGE AUDIT   generated 2026-08-07T08:15:05.442482+00:00
====================================================================================================

CUMULATIVE by classification
  missing_job_did_not_run      36
  forecast_logged              33
  before_period_start          15
  not_yet_due                  13
  missing_data_unavailable     6
  late_record                  5

  obligations 108 | due 80 | served 33 | coverage 41.2%
  operational misses 36 | unexplained 0
  PROMOTION-GRADE: NO   (needs >= 95% served, <= 0 operational misses, all explained)

DAILY
  date         oblig  served     due     excl    opmiss arm_recs
  2026-07-30      12       0       0       12         0        0
  2026-07-31      12       6       9        3         0        0
  2026-08-01       8       2       8        0         6        0
  2026-08-02      16       0      16        0        16        0
  2026-08-03      12       6      12        0         3        3
  2026-08-04       4       3       4        0         1        3
  2026-08-05      16       9      16        0         4        9
  2026-08-06      12       7      12        0         3        7
  2026-08-07      12       0       3        9         3        0
  2026-08-08       4       0       0        4         0        0

EVERY MISSING OR IRREGULAR OBLIGATION (each must carry an explanation)
  2026-07-31 ATL v SEA T-90m   missing_data_unavailable   job served 1 other game(s) on 2026-07-31 at T-90m
  2026-07-31 WAS v DAL T-90m   missing_data_unavailable   job served 1 other game(s) on 2026-07-31 at T-90m
  2026-07-31 PDX v IND T-30m   missing_data_unavailable   job served 2 other game(s) on 2026-07-31 at T-30m
  2026-08-01 CHI v LVA T-24h   missing_job_did_not_run    no base record for ANY game on 2026-08-01 at T-24h
  2026-08-01 CHI v LVA T-8h    missing_job_did_not_run    no base record for ANY game on 2026-08-01 at T-8h
  2026-08-01 CHI v LVA T-30m   missing_job_did_not_run    no base record for ANY game on 2026-08-01 at T-30m
  2026-08-01 PHX v NYL T-24h   missing_job_did_not_run    no base record for ANY game on 2026-08-01 at T-24h
  2026-08-01 PHX v NYL T-8h    missing_job_did_not_run    no base record for ANY game on 2026-08-01 at T-8h
  2026-08-01 PHX v NYL T-30m   missing_job_did_not_run    no base record for ANY game on 2026-08-01 at T-30m
  2026-08-02 DAL v CON T-24h   missing_job_did_not_run    no base record for ANY game on 2026-08-02 at T-24h
  2026-08-02 DAL v CON T-8h    missing_job_did_not_run    no base record for ANY game on 2026-08-02 at T-8h
  2026-08-02 DAL v CON T-90m   missing_job_did_not_run    no base record for ANY game on 2026-08-02 at T-90m
  2026-08-02 DAL v CON T-30m   missing_job_did_not_run    no base record for ANY game on 2026-08-02 at T-30m
  2026-08-02 GSV v TOR T-24h   missing_job_did_not_run    no base record for ANY game on 2026-08-02 at T-24h
  2026-08-02 GSV v TOR T-8h    missing_job_did_not_run    no base record for ANY game on 2026-08-02 at T-8h
  2026-08-02 GSV v TOR T-90m   missing_job_did_not_run    no base record for ANY game on 2026-08-02 at T-90m
  2026-08-02 GSV v TOR T-30m   missing_job_did_not_run    no base record for ANY game on 2026-08-02 at T-30m
  2026-08-02 MIN v IND T-24h   missing_job_did_not_run    no base record for ANY game on 2026-08-02 at T-24h
  2026-08-02 MIN v IND T-8h    missing_job_did_not_run    no base record for ANY game on 2026-08-02 at T-8h
  2026-08-02 MIN v IND T-90m   missing_job_did_not_run    no base record for ANY game on 2026-08-02 at T-90m
  2026-08-02 MIN v IND T-30m   missing_job_did_not_run    no base record for ANY game on 2026-08-02 at T-30m
  2026-08-02 PDX v LAS T-24h   missing_job_did_not_run    no base record for ANY game on 2026-08-02 at T-24h
  2026-08-02 PDX v LAS T-8h    missing_job_did_not_run    no base record for ANY game on 2026-08-02 at T-8h
  2026-08-02 PDX v LAS T-90m   missing_job_did_not_run    no base record for ANY game on 2026-08-02 at T-90m
  2026-08-02 PDX v LAS T-30m   missing_job_did_not_run    no base record for ANY game on 2026-08-02 at T-30m
  2026-08-03 NYL v SEA T-24h   missing_job_did_not_run    no base record for ANY game on 2026-08-03 at T-24h
  2026-08-03 NYL v SEA T-30m   late_record                created 2026-08-03T22:45:08.958486+00:00 after cutoff
  2026-08-03 ATL v LVA T-24h   missing_job_did_not_run    no base record for ANY game on 2026-08-03 at T-24h
  2026-08-03 ATL v LVA T-30m   late_record                created 2026-08-03T22:45:08.976775+00:00 after cutoff
  2026-08-03 CHI v PHX T-24h   missing_job_did_not_run    no base record for ANY game on 2026-08-03 at T-24h
  2026-08-03 CHI v PHX T-30m   missing_data_unavailable   job served 2 other game(s) on 2026-08-03 at T-30m
  2026-08-04 GSV v TOR T-24h   missing_job_did_not_run    no base record for ANY game on 2026-08-04 at T-24h
  2026-08-05 WAS v DAL T-24h   missing_job_did_not_run    no base record for ANY game on 2026-08-05 at T-24h
  2026-08-05 NYL v SEA T-24h   missing_job_did_not_run    no base record for ANY game on 2026-08-05 at T-24h
  2026-08-05 NYL v SEA T-30m   late_record                created 2026-08-05T22:45:07.299457+00:00 after cutoff
  2026-08-05 ATL v PHX T-24h   missing_job_did_not_run    no base record for ANY game on 2026-08-05 at T-24h
  2026-08-05 ATL v PHX T-30m   late_record                created 2026-08-05T22:45:07.274521+00:00 after cutoff
  2026-08-05 CHI v LAS T-24h   missing_job_did_not_run    no base record for ANY game on 2026-08-05 at T-24h
  2026-08-05 CHI v LAS T-30m   missing_data_unavailable   job served 3 other game(s) on 2026-08-05 at T-30m
  2026-08-06 IND v LVA T-24h   missing_job_did_not_run    no base record for ANY game on 2026-08-06 at T-24h
  2026-08-06 IND v LVA T-30m   late_record                created 2026-08-06T22:45:09.382682+00:00 after cutoff
  2026-08-06 PDX v TOR T-24h   missing_job_did_not_run    no base record for ANY game on 2026-08-06 at T-24h
  2026-08-06 MIN v LAS T-24h   missing_job_did_not_run    no base record for ANY game on 2026-08-06 at T-24h
  2026-08-06 MIN v LAS T-30m   missing_data_unavailable   job served 2 other game(s) on 2026-08-06 at T-30m
  2026-08-07 WAS v ATL T-24h   missing_job_did_not_run    no base record for ANY game on 2026-08-07 at T-24h
  2026-08-07 CON v PHX T-24h   missing_job_did_not_run    no base record for ANY game on 2026-08-07 at T-24h
  2026-08-07 DAL v GSV T-24h   missing_job_did_not_run    no base record for ANY game on 2026-08-07 at T-24h

wrote forecasts/coverage_audit.csv and forecasts/coverage_receipt.json
[audit] exit=0 
==== Fri 08/07/2026  4:30:02.71 ==== 
[gate] 2026-08-07T08:30:03.376852+00:00  fire=False  -- no unserved obligation inside its 20-minute lead window (4 upcoming game(s) examined); 4 slate game(s) have no official game_id and were served under a provisional id: WAS v ATL (2026-08-07) -> PROV-2026-08-07-ATL@WAS, CON v PHX (2026-08-07) -> PROV-2026-08-07-PHX@CON, DAL v GSV (2026-08-07) -> PROV-2026-08-07-GSV@DAL, CHI v IND (2026-08-08) -> PROV-2026-08-08-IND@CHI
       WAS v ATL      T-8h    unserved cutoff 2026-08-07T15:30:00 (+420 min) 
       CON v PHX      T-8h    unserved cutoff 2026-08-07T15:30:00 (+420 min) 
       DAL v GSV      T-24h   unserved cutoff 2026-08-07T01:30:00 (-420 min) 
       CHI v IND      T-24h   unserved cutoff 2026-08-07T19:30:00 (+660 min) 
[gate] skipping the base job
[base] skipped - no unserved obligation in its lead window 
[base] exit=0 
================================================================================================
PROSPECTIVE PAIR RUNNER  2026-08-07T08:30:04.276255+00:00  model=ridge_score_level_w2c1_v1 hash=5d295bb8b99cd34e
================================================================================================
base records in official chain: 45
  late_prevented #0 ATL v SEA @ T-8h                cutoff 2026-07-31T15:35:00+00:00 already passed at 2026-08-0
  late_prevented #1 WAS v DAL @ T-8h                cutoff 2026-07-31T15:35:00+00:00 already passed at 2026-08-0
  late_prevented #2 PDX v IND @ T-8h                cutoff 2026-07-31T18:06:00+00:00 already passed at 2026-08-0
  late_prevented #3 ATL v SEA @ T-30m               cutoff 2026-07-31T23:05:00+00:00 already passed at 2026-08-0
  late_prevented #4 WAS v DAL @ T-30m               cutoff 2026-07-31T23:05:00+00:00 already passed at 2026-08-0
  late_prevented #5 PDX v IND @ T-90m               cutoff 2026-08-01T00:36:00+00:00 already passed at 2026-08-0
  late_prevented #6 CHI v LVA @ T-90m               cutoff 2026-08-01T15:35:00+00:00 already passed at 2026-08-0
  late_prevented #7 PHX v NYL @ T-90m               cutoff 2026-08-01T17:34:00+00:00 already passed at 2026-08-0
  skip           #8 CHI v LVA @ unknown-tip         base record is an explicit no-forecast; nothing to pair
  skip           #9 PHX v NYL @ unknown-tip         base record is an explicit no-forecast; nothing to pair
  late_prevented #10 NYL v SEA @ T-8h               cutoff 2026-08-03T15:04:00+00:00 already passed at 2026-08-0
  late_prevented #11 ATL v LVA @ T-8h               cutoff 2026-08-03T15:14:00+00:00 already passed at 2026-08-0
  late_prevented #12 CHI v PHX @ T-8h               cutoff 2026-08-03T17:08:00+00:00 already passed at 2026-08-0
  already_logged #13 NYL v SEA @ T-90m              idempotent: pair exists
  already_logged #14 ATL v LVA @ T-90m              idempotent: pair exists
  already_logged #15 CHI v PHX @ T-90m              idempotent: pair exists
  already_logged #16 NYL v SEA @ T-90m              idempotent: pair exists
  already_logged #17 ATL v LVA @ T-90m              idempotent: pair exists
  already_logged #18 CHI v PHX @ T-90m              idempotent: pair exists
  late_prevented #19 NYL v SEA @ T-30m              cutoff 2026-08-03T22:34:00+00:00 already passed at 2026-08-0
  late_prevented #20 ATL v LVA @ T-30m              cutoff 2026-08-03T22:44:00+00:00 already passed at 2026-08-0
  already_logged #21 CHI v PHX @ T-90m              idempotent: pair exists
  already_logged #22 GSV v TOR @ T-8h               idempotent: pair exists
  already_logged #23 GSV v TOR @ T-90m              idempotent: pair exists
  already_logged #24 GSV v TOR @ T-30m              idempotent: pair exists
  already_logged #25 ATL v PHX @ T-8h               idempotent: pair exists
  already_logged #26 NYL v SEA @ T-8h               idempotent: pair exists
  already_logged #27 WAS v DAL @ T-8h               idempotent: pair exists
  already_logged #28 CHI v LAS @ T-8h               idempotent: pair exists
  already_logged #29 ATL v PHX @ T-90m              idempotent: pair exists
  already_logged #30 NYL v SEA @ T-90m              idempotent: pair exists
  already_logged #31 WAS v DAL @ T-90m              idempotent: pair exists
  already_logged #32 CHI v LAS @ T-90m              idempotent: pair exists
  late_prevented #33 ATL v PHX @ T-30m              cutoff 2026-08-05T22:33:00+00:00 already passed at 2026-08-0
  late_prevented #34 NYL v SEA @ T-30m              cutoff 2026-08-05T22:38:00+00:00 already passed at 2026-08-0
  already_logged #35 WAS v DAL @ T-30m              idempotent: pair exists
  already_logged #36 CHI v LAS @ T-90m              idempotent: pair exists
  already_logged #37 IND v LVA @ T-8h               idempotent: pair exists
  already_logged #38 MIN v LAS @ T-8h               idempotent: pair exists
  already_logged #39 PDX v TOR @ T-8h               idempotent: pair exists
  already_logged #40 IND v LVA @ T-90m              idempotent: pair exists
  already_logged #41 MIN v LAS @ T-90m              idempotent: pair exists
  already_logged #42 PDX v TOR @ T-90m              idempotent: pair exists
  late_prevented #43 IND v LVA @ T-30m              cutoff 2026-08-06T22:36:00+00:00 already passed at 2026-08-0
  already_logged #44 PDX v TOR @ T-30m              idempotent: pair exists

  already_logged=27, late_prevented=16, skip=2
  arm chain: ok=True n=22 tip=65a67c3b31aa406e
  receipt appended to prospective_pair_runs.jsonl
[arm] exit=0 
====================================================================================================
FORECAST COVERAGE AUDIT   generated 2026-08-07T08:30:05.298695+00:00
====================================================================================================

CUMULATIVE by classification
  missing_job_did_not_run      36
  forecast_logged              33
  before_period_start          15
  not_yet_due                  13
  missing_data_unavailable     6
  late_record                  5

  obligations 108 | due 80 | served 33 | coverage 41.2%
  operational misses 36 | unexplained 0
  PROMOTION-GRADE: NO   (needs >= 95% served, <= 0 operational misses, all explained)

DAILY
  date         oblig  served     due     excl    opmiss arm_recs
  2026-07-30      12       0       0       12         0        0
  2026-07-31      12       6       9        3         0        0
  2026-08-01       8       2       8        0         6        0
  2026-08-02      16       0      16        0        16        0
  2026-08-03      12       6      12        0         3        3
  2026-08-04       4       3       4        0         1        3
  2026-08-05      16       9      16        0         4        9
  2026-08-06      12       7      12        0         3        7
  2026-08-07      12       0       3        9         3        0
  2026-08-08       4       0       0        4         0        0

EVERY MISSING OR IRREGULAR OBLIGATION (each must carry an explanation)
  2026-07-31 ATL v SEA T-90m   missing_data_unavailable   job served 1 other game(s) on 2026-07-31 at T-90m
  2026-07-31 WAS v DAL T-90m   missing_data_unavailable   job served 1 other game(s) on 2026-07-31 at T-90m
  2026-07-31 PDX v IND T-30m   missing_data_unavailable   job served 2 other game(s) on 2026-07-31 at T-30m
  2026-08-01 CHI v LVA T-24h   missing_job_did_not_run    no base record for ANY game on 2026-08-01 at T-24h
  2026-08-01 CHI v LVA T-8h    missing_job_did_not_run    no base record for ANY game on 2026-08-01 at T-8h
  2026-08-01 CHI v LVA T-30m   missing_job_did_not_run    no base record for ANY game on 2026-08-01 at T-30m
  2026-08-01 PHX v NYL T-24h   missing_job_did_not_run    no base record for ANY game on 2026-08-01 at T-24h
  2026-08-01 PHX v NYL T-8h    missing_job_did_not_run    no base record for ANY game on 2026-08-01 at T-8h
  2026-08-01 PHX v NYL T-30m   missing_job_did_not_run    no base record for ANY game on 2026-08-01 at T-30m
  2026-08-02 DAL v CON T-24h   missing_job_did_not_run    no base record for ANY game on 2026-08-02 at T-24h
  2026-08-02 DAL v CON T-8h    missing_job_did_not_run    no base record for ANY game on 2026-08-02 at T-8h
  2026-08-02 DAL v CON T-90m   missing_job_did_not_run    no base record for ANY game on 2026-08-02 at T-90m
  2026-08-02 DAL v CON T-30m   missing_job_did_not_run    no base record for ANY game on 2026-08-02 at T-30m
  2026-08-02 GSV v TOR T-24h   missing_job_did_not_run    no base record for ANY game on 2026-08-02 at T-24h
  2026-08-02 GSV v TOR T-8h    missing_job_did_not_run    no base record for ANY game on 2026-08-02 at T-8h
  2026-08-02 GSV v TOR T-90m   missing_job_did_not_run    no base record for ANY game on 2026-08-02 at T-90m
  2026-08-02 GSV v TOR T-30m   missing_job_did_not_run    no base record for ANY game on 2026-08-02 at T-30m
  2026-08-02 MIN v IND T-24h   missing_job_did_not_run    no base record for ANY game on 2026-08-02 at T-24h
  2026-08-02 MIN v IND T-8h    missing_job_did_not_run    no base record for ANY game on 2026-08-02 at T-8h
  2026-08-02 MIN v IND T-90m   missing_job_did_not_run    no base record for ANY game on 2026-08-02 at T-90m
  2026-08-02 MIN v IND T-30m   missing_job_did_not_run    no base record for ANY game on 2026-08-02 at T-30m
  2026-08-02 PDX v LAS T-24h   missing_job_did_not_run    no base record for ANY game on 2026-08-02 at T-24h
  2026-08-02 PDX v LAS T-8h    missing_job_did_not_run    no base record for ANY game on 2026-08-02 at T-8h
  2026-08-02 PDX v LAS T-90m   missing_job_did_not_run    no base record for ANY game on 2026-08-02 at T-90m
  2026-08-02 PDX v LAS T-30m   missing_job_did_not_run    no base record for ANY game on 2026-08-02 at T-30m
  2026-08-03 NYL v SEA T-24h   missing_job_did_not_run    no base record for ANY game on 2026-08-03 at T-24h
  2026-08-03 NYL v SEA T-30m   late_record                created 2026-08-03T22:45:08.958486+00:00 after cutoff
  2026-08-03 ATL v LVA T-24h   missing_job_did_not_run    no base record for ANY game on 2026-08-03 at T-24h
  2026-08-03 ATL v LVA T-30m   late_record                created 2026-08-03T22:45:08.976775+00:00 after cutoff
  2026-08-03 CHI v PHX T-24h   missing_job_did_not_run    no base record for ANY game on 2026-08-03 at T-24h
  2026-08-03 CHI v PHX T-30m   missing_data_unavailable   job served 2 other game(s) on 2026-08-03 at T-30m
  2026-08-04 GSV v TOR T-24h   missing_job_did_not_run    no base record for ANY game on 2026-08-04 at T-24h
  2026-08-05 WAS v DAL T-24h   missing_job_did_not_run    no base record for ANY game on 2026-08-05 at T-24h
  2026-08-05 NYL v SEA T-24h   missing_job_did_not_run    no base record for ANY game on 2026-08-05 at T-24h
  2026-08-05 NYL v SEA T-30m   late_record                created 2026-08-05T22:45:07.299457+00:00 after cutoff
  2026-08-05 ATL v PHX T-24h   missing_job_did_not_run    no base record for ANY game on 2026-08-05 at T-24h
  2026-08-05 ATL v PHX T-30m   late_record                created 2026-08-05T22:45:07.274521+00:00 after cutoff
  2026-08-05 CHI v LAS T-24h   missing_job_did_not_run    no base record for ANY game on 2026-08-05 at T-24h
  2026-08-05 CHI v LAS T-30m   missing_data_unavailable   job served 3 other game(s) on 2026-08-05 at T-30m
  2026-08-06 IND v LVA T-24h   missing_job_did_not_run    no base record for ANY game on 2026-08-06 at T-24h
  2026-08-06 IND v LVA T-30m   late_record                created 2026-08-06T22:45:09.382682+00:00 after cutoff
  2026-08-06 PDX v TOR T-24h   missing_job_did_not_run    no base record for ANY game on 2026-08-06 at T-24h
  2026-08-06 MIN v LAS T-24h   missing_job_did_not_run    no base record for ANY game on 2026-08-06 at T-24h
  2026-08-06 MIN v LAS T-30m   missing_data_unavailable   job served 2 other game(s) on 2026-08-06 at T-30m
  2026-08-07 WAS v ATL T-24h   missing_job_did_not_run    no base record for ANY game on 2026-08-07 at T-24h
  2026-08-07 CON v PHX T-24h   missing_job_did_not_run    no base record for ANY game on 2026-08-07 at T-24h
  2026-08-07 DAL v GSV T-24h   missing_job_did_not_run    no base record for ANY game on 2026-08-07 at T-24h

wrote forecasts/coverage_audit.csv and forecasts/coverage_receipt.json
[audit] exit=0 
==== Fri 08/07/2026  4:45:02.68 ==== 
[gate] 2026-08-07T08:45:03.348153+00:00  fire=False  -- no unserved obligation inside its 20-minute lead window (4 upcoming game(s) examined); 4 slate game(s) have no official game_id and were served under a provisional id: WAS v ATL (2026-08-07) -> PROV-2026-08-07-ATL@WAS, CON v PHX (2026-08-07) -> PROV-2026-08-07-PHX@CON, DAL v GSV (2026-08-07) -> PROV-2026-08-07-GSV@DAL, CHI v IND (2026-08-08) -> PROV-2026-08-08-IND@CHI
       WAS v ATL      T-8h    unserved cutoff 2026-08-07T15:30:00 (+405 min) 
       CON v PHX      T-8h    unserved cutoff 2026-08-07T15:30:00 (+405 min) 
       DAL v GSV      T-24h   unserved cutoff 2026-08-07T01:30:00 (-435 min) 
       CHI v IND      T-24h   unserved cutoff 2026-08-07T19:30:00 (+645 min) 
[gate] skipping the base job
[base] skipped - no unserved obligation in its lead window 
[base] exit=0 
================================================================================================
PROSPECTIVE PAIR RUNNER  2026-08-07T08:45:04.257971+00:00  model=ridge_score_level_w2c1_v1 hash=5d295bb8b99cd34e
================================================================================================
base records in official chain: 45
  late_prevented #0 ATL v SEA @ T-8h                cutoff 2026-07-31T15:35:00+00:00 already passed at 2026-08-0
  late_prevented #1 WAS v DAL @ T-8h                cutoff 2026-07-31T15:35:00+00:00 already passed at 2026-08-0
  late_prevented #2 PDX v IND @ T-8h                cutoff 2026-07-31T18:06:00+00:00 already passed at 2026-08-0
  late_prevented #3 ATL v SEA @ T-30m               cutoff 2026-07-31T23:05:00+00:00 already passed at 2026-08-0
  late_prevented #4 WAS v DAL @ T-30m               cutoff 2026-07-31T23:05:00+00:00 already passed at 2026-08-0
  late_prevented #5 PDX v IND @ T-90m               cutoff 2026-08-01T00:36:00+00:00 already passed at 2026-08-0
  late_prevented #6 CHI v LVA @ T-90m               cutoff 2026-08-01T15:35:00+00:00 already passed at 2026-08-0
  late_prevented #7 PHX v NYL @ T-90m               cutoff 2026-08-01T17:34:00+00:00 already passed at 2026-08-0
  skip           #8 CHI v LVA @ unknown-tip         base record is an explicit no-forecast; nothing to pair
  skip           #9 PHX v NYL @ unknown-tip         base record is an explicit no-forecast; nothing to pair
  late_prevented #10 NYL v SEA @ T-8h               cutoff 2026-08-03T15:04:00+00:00 already passed at 2026-08-0
  late_prevented #11 ATL v LVA @ T-8h               cutoff 2026-08-03T15:14:00+00:00 already passed at 2026-08-0
  late_prevented #12 CHI v PHX @ T-8h               cutoff 2026-08-03T17:08:00+00:00 already passed at 2026-08-0
  already_logged #13 NYL v SEA @ T-90m              idempotent: pair exists
  already_logged #14 ATL v LVA @ T-90m              idempotent: pair exists
  already_logged #15 CHI v PHX @ T-90m              idempotent: pair exists
  already_logged #16 NYL v SEA @ T-90m              idempotent: pair exists
  already_logged #17 ATL v LVA @ T-90m              idempotent: pair exists
  already_logged #18 CHI v PHX @ T-90m              idempotent: pair exists
  late_prevented #19 NYL v SEA @ T-30m              cutoff 2026-08-03T22:34:00+00:00 already passed at 2026-08-0
  late_prevented #20 ATL v LVA @ T-30m              cutoff 2026-08-03T22:44:00+00:00 already passed at 2026-08-0
  already_logged #21 CHI v PHX @ T-90m              idempotent: pair exists
  already_logged #22 GSV v TOR @ T-8h               idempotent: pair exists
  already_logged #23 GSV v TOR @ T-90m              idempotent: pair exists
  already_logged #24 GSV v TOR @ T-30m              idempotent: pair exists
  already_logged #25 ATL v PHX @ T-8h               idempotent: pair exists
  already_logged #26 NYL v SEA @ T-8h               idempotent: pair exists
  already_logged #27 WAS v DAL @ T-8h               idempotent: pair exists
  already_logged #28 CHI v LAS @ T-8h               idempotent: pair exists
  already_logged #29 ATL v PHX @ T-90m              idempotent: pair exists
  already_logged #30 NYL v SEA @ T-90m              idempotent: pair exists
  already_logged #31 WAS v DAL @ T-90m              idempotent: pair exists
  already_logged #32 CHI v LAS @ T-90m              idempotent: pair exists
  late_prevented #33 ATL v PHX @ T-30m              cutoff 2026-08-05T22:33:00+00:00 already passed at 2026-08-0
  late_prevented #34 NYL v SEA @ T-30m              cutoff 2026-08-05T22:38:00+00:00 already passed at 2026-08-0
  already_logged #35 WAS v DAL @ T-30m              idempotent: pair exists
  already_logged #36 CHI v LAS @ T-90m              idempotent: pair exists
  already_logged #37 IND v LVA @ T-8h               idempotent: pair exists
  already_logged #38 MIN v LAS @ T-8h               idempotent: pair exists
  already_logged #39 PDX v TOR @ T-8h               idempotent: pair exists
  already_logged #40 IND v LVA @ T-90m              idempotent: pair exists
  already_logged #41 MIN v LAS @ T-90m              idempotent: pair exists
  already_logged #42 PDX v TOR @ T-90m              idempotent: pair exists
  late_prevented #43 IND v LVA @ T-30m              cutoff 2026-08-06T22:36:00+00:00 already passed at 2026-08-0
  already_logged #44 PDX v TOR @ T-30m              idempotent: pair exists

  already_logged=27, late_prevented=16, skip=2
  arm chain: ok=True n=22 tip=65a67c3b31aa406e
  receipt appended to prospective_pair_runs.jsonl
[arm] exit=0 
====================================================================================================
FORECAST COVERAGE AUDIT   generated 2026-08-07T08:45:05.272041+00:00
====================================================================================================

CUMULATIVE by classification
  missing_job_did_not_run      36
  forecast_logged              33
  before_period_start          15
  not_yet_due                  13
  missing_data_unavailable     6
  late_record                  5

  obligations 108 | due 80 | served 33 | coverage 41.2%
  operational misses 36 | unexplained 0
  PROMOTION-GRADE: NO   (needs >= 95% served, <= 0 operational misses, all explained)

DAILY
  date         oblig  served     due     excl    opmiss arm_recs
  2026-07-30      12       0       0       12         0        0
  2026-07-31      12       6       9        3         0        0
  2026-08-01       8       2       8        0         6        0
  2026-08-02      16       0      16        0        16        0
  2026-08-03      12       6      12        0         3        3
  2026-08-04       4       3       4        0         1        3
  2026-08-05      16       9      16        0         4        9
  2026-08-06      12       7      12        0         3        7
  2026-08-07      12       0       3        9         3        0
  2026-08-08       4       0       0        4         0        0

EVERY MISSING OR IRREGULAR OBLIGATION (each must carry an explanation)
  2026-07-31 ATL v SEA T-90m   missing_data_unavailable   job served 1 other game(s) on 2026-07-31 at T-90m
  2026-07-31 WAS v DAL T-90m   missing_data_unavailable   job served 1 other game(s) on 2026-07-31 at T-90m
  2026-07-31 PDX v IND T-30m   missing_data_unavailable   job served 2 other game(s) on 2026-07-31 at T-30m
  2026-08-01 CHI v LVA T-24h   missing_job_did_not_run    no base record for ANY game on 2026-08-01 at T-24h
  2026-08-01 CHI v LVA T-8h    missing_job_did_not_run    no base record for ANY game on 2026-08-01 at T-8h
  2026-08-01 CHI v LVA T-30m   missing_job_did_not_run    no base record for ANY game on 2026-08-01 at T-30m
  2026-08-01 PHX v NYL T-24h   missing_job_did_not_run    no base record for ANY game on 2026-08-01 at T-24h
  2026-08-01 PHX v NYL T-8h    missing_job_did_not_run    no base record for ANY game on 2026-08-01 at T-8h
  2026-08-01 PHX v NYL T-30m   missing_job_did_not_run    no base record for ANY game on 2026-08-01 at T-30m
  2026-08-02 DAL v CON T-24h   missing_job_did_not_run    no base record for ANY game on 2026-08-02 at T-24h
  2026-08-02 DAL v CON T-8h    missing_job_did_not_run    no base record for ANY game on 2026-08-02 at T-8h
  2026-08-02 DAL v CON T-90m   missing_job_did_not_run    no base record for ANY game on 2026-08-02 at T-90m
  2026-08-02 DAL v CON T-30m   missing_job_did_not_run    no base record for ANY game on 2026-08-02 at T-30m
  2026-08-02 GSV v TOR T-24h   missing_job_did_not_run    no base record for ANY game on 2026-08-02 at T-24h
  2026-08-02 GSV v TOR T-8h    missing_job_did_not_run    no base record for ANY game on 2026-08-02 at T-8h
  2026-08-02 GSV v TOR T-90m   missing_job_did_not_run    no base record for ANY game on 2026-08-02 at T-90m
  2026-08-02 GSV v TOR T-30m   missing_job_did_not_run    no base record for ANY game on 2026-08-02 at T-30m
  2026-08-02 MIN v IND T-24h   missing_job_did_not_run    no base record for ANY game on 2026-08-02 at T-24h
  2026-08-02 MIN v IND T-8h    missing_job_did_not_run    no base record for ANY game on 2026-08-02 at T-8h
  2026-08-02 MIN v IND T-90m   missing_job_did_not_run    no base record for ANY game on 2026-08-02 at T-90m
  2026-08-02 MIN v IND T-30m   missing_job_did_not_run    no base record for ANY game on 2026-08-02 at T-30m
  2026-08-02 PDX v LAS T-24h   missing_job_did_not_run    no base record for ANY game on 2026-08-02 at T-24h
  2026-08-02 PDX v LAS T-8h    missing_job_did_not_run    no base record for ANY game on 2026-08-02 at T-8h
  2026-08-02 PDX v LAS T-90m   missing_job_did_not_run    no base record for ANY game on 2026-08-02 at T-90m
  2026-08-02 PDX v LAS T-30m   missing_job_did_not_run    no base record for ANY game on 2026-08-02 at T-30m
  2026-08-03 NYL v SEA T-24h   missing_job_did_not_run    no base record for ANY game on 2026-08-03 at T-24h
  2026-08-03 NYL v SEA T-30m   late_record                created 2026-08-03T22:45:08.958486+00:00 after cutoff
  2026-08-03 ATL v LVA T-24h   missing_job_did_not_run    no base record for ANY game on 2026-08-03 at T-24h
  2026-08-03 ATL v LVA T-30m   late_record                created 2026-08-03T22:45:08.976775+00:00 after cutoff
  2026-08-03 CHI v PHX T-24h   missing_job_did_not_run    no base record for ANY game on 2026-08-03 at T-24h
  2026-08-03 CHI v PHX T-30m   missing_data_unavailable   job served 2 other game(s) on 2026-08-03 at T-30m
  2026-08-04 GSV v TOR T-24h   missing_job_did_not_run    no base record for ANY game on 2026-08-04 at T-24h
  2026-08-05 WAS v DAL T-24h   missing_job_did_not_run    no base record for ANY game on 2026-08-05 at T-24h
  2026-08-05 NYL v SEA T-24h   missing_job_did_not_run    no base record for ANY game on 2026-08-05 at T-24h
  2026-08-05 NYL v SEA T-30m   late_record                created 2026-08-05T22:45:07.299457+00:00 after cutoff
  2026-08-05 ATL v PHX T-24h   missing_job_did_not_run    no base record for ANY game on 2026-08-05 at T-24h
  2026-08-05 ATL v PHX T-30m   late_record                created 2026-08-05T22:45:07.274521+00:00 after cutoff
  2026-08-05 CHI v LAS T-24h   missing_job_did_not_run    no base record for ANY game on 2026-08-05 at T-24h
  2026-08-05 CHI v LAS T-30m   missing_data_unavailable   job served 3 other game(s) on 2026-08-05 at T-30m
  2026-08-06 IND v LVA T-24h   missing_job_did_not_run    no base record for ANY game on 2026-08-06 at T-24h
  2026-08-06 IND v LVA T-30m   late_record                created 2026-08-06T22:45:09.382682+00:00 after cutoff
  2026-08-06 PDX v TOR T-24h   missing_job_did_not_run    no base record for ANY game on 2026-08-06 at T-24h
  2026-08-06 MIN v LAS T-24h   missing_job_did_not_run    no base record for ANY game on 2026-08-06 at T-24h
  2026-08-06 MIN v LAS T-30m   missing_data_unavailable   job served 2 other game(s) on 2026-08-06 at T-30m
  2026-08-07 WAS v ATL T-24h   missing_job_did_not_run    no base record for ANY game on 2026-08-07 at T-24h
  2026-08-07 CON v PHX T-24h   missing_job_did_not_run    no base record for ANY game on 2026-08-07 at T-24h
  2026-08-07 DAL v GSV T-24h   missing_job_did_not_run    no base record for ANY game on 2026-08-07 at T-24h

wrote forecasts/coverage_audit.csv and forecasts/coverage_receipt.json
[audit] exit=0 
==== Fri 08/07/2026  5:00:02.68 ==== 
[gate] 2026-08-07T09:00:03.366943+00:00  fire=False  -- no unserved obligation inside its 20-minute lead window (4 upcoming game(s) examined); 4 slate game(s) have no official game_id and were served under a provisional id: WAS v ATL (2026-08-07) -> PROV-2026-08-07-ATL@WAS, CON v PHX (2026-08-07) -> PROV-2026-08-07-PHX@CON, DAL v GSV (2026-08-07) -> PROV-2026-08-07-GSV@DAL, CHI v IND (2026-08-08) -> PROV-2026-08-08-IND@CHI
       WAS v ATL      T-8h    unserved cutoff 2026-08-07T15:30:00 (+390 min) 
       CON v PHX      T-8h    unserved cutoff 2026-08-07T15:30:00 (+390 min) 
       DAL v GSV      T-24h   unserved cutoff 2026-08-07T01:30:00 (-450 min) 
       CHI v IND      T-24h   unserved cutoff 2026-08-07T19:30:00 (+630 min) 
[gate] skipping the base job
[base] skipped - no unserved obligation in its lead window 
[base] exit=0 
================================================================================================
PROSPECTIVE PAIR RUNNER  2026-08-07T09:00:04.275830+00:00  model=ridge_score_level_w2c1_v1 hash=5d295bb8b99cd34e
================================================================================================
base records in official chain: 45
  late_prevented #0 ATL v SEA @ T-8h                cutoff 2026-07-31T15:35:00+00:00 already passed at 2026-08-0
  late_prevented #1 WAS v DAL @ T-8h                cutoff 2026-07-31T15:35:00+00:00 already passed at 2026-08-0
  late_prevented #2 PDX v IND @ T-8h                cutoff 2026-07-31T18:06:00+00:00 already passed at 2026-08-0
  late_prevented #3 ATL v SEA @ T-30m               cutoff 2026-07-31T23:05:00+00:00 already passed at 2026-08-0
  late_prevented #4 WAS v DAL @ T-30m               cutoff 2026-07-31T23:05:00+00:00 already passed at 2026-08-0
  late_prevented #5 PDX v IND @ T-90m               cutoff 2026-08-01T00:36:00+00:00 already passed at 2026-08-0
  late_prevented #6 CHI v LVA @ T-90m               cutoff 2026-08-01T15:35:00+00:00 already passed at 2026-08-0
  late_prevented #7 PHX v NYL @ T-90m               cutoff 2026-08-01T17:34:00+00:00 already passed at 2026-08-0
  skip           #8 CHI v LVA @ unknown-tip         base record is an explicit no-forecast; nothing to pair
  skip           #9 PHX v NYL @ unknown-tip         base record is an explicit no-forecast; nothing to pair
  late_prevented #10 NYL v SEA @ T-8h               cutoff 2026-08-03T15:04:00+00:00 already passed at 2026-08-0
  late_prevented #11 ATL v LVA @ T-8h               cutoff 2026-08-03T15:14:00+00:00 already passed at 2026-08-0
  late_prevented #12 CHI v PHX @ T-8h               cutoff 2026-08-03T17:08:00+00:00 already passed at 2026-08-0
  already_logged #13 NYL v SEA @ T-90m              idempotent: pair exists
  already_logged #14 ATL v LVA @ T-90m              idempotent: pair exists
  already_logged #15 CHI v PHX @ T-90m              idempotent: pair exists
  already_logged #16 NYL v SEA @ T-90m              idempotent: pair exists
  already_logged #17 ATL v LVA @ T-90m              idempotent: pair exists
  already_logged #18 CHI v PHX @ T-90m              idempotent: pair exists
  late_prevented #19 NYL v SEA @ T-30m              cutoff 2026-08-03T22:34:00+00:00 already passed at 2026-08-0
  late_prevented #20 ATL v LVA @ T-30m              cutoff 2026-08-03T22:44:00+00:00 already passed at 2026-08-0
  already_logged #21 CHI v PHX @ T-90m              idempotent: pair exists
  already_logged #22 GSV v TOR @ T-8h               idempotent: pair exists
  already_logged #23 GSV v TOR @ T-90m              idempotent: pair exists
  already_logged #24 GSV v TOR @ T-30m              idempotent: pair exists
  already_logged #25 ATL v PHX @ T-8h               idempotent: pair exists
  already_logged #26 NYL v SEA @ T-8h               idempotent: pair exists
  already_logged #27 WAS v DAL @ T-8h               idempotent: pair exists
  already_logged #28 CHI v LAS @ T-8h               idempotent: pair exists
  already_logged #29 ATL v PHX @ T-90m              idempotent: pair exists
  already_logged #30 NYL v SEA @ T-90m              idempotent: pair exists
  already_logged #31 WAS v DAL @ T-90m              idempotent: pair exists
  already_logged #32 CHI v LAS @ T-90m              idempotent: pair exists
  late_prevented #33 ATL v PHX @ T-30m              cutoff 2026-08-05T22:33:00+00:00 already passed at 2026-08-0
  late_prevented #34 NYL v SEA @ T-30m              cutoff 2026-08-05T22:38:00+00:00 already passed at 2026-08-0
  already_logged #35 WAS v DAL @ T-30m              idempotent: pair exists
  already_logged #36 CHI v LAS @ T-90m              idempotent: pair exists
  already_logged #37 IND v LVA @ T-8h               idempotent: pair exists
  already_logged #38 MIN v LAS @ T-8h               idempotent: pair exists
  already_logged #39 PDX v TOR @ T-8h               idempotent: pair exists
  already_logged #40 IND v LVA @ T-90m              idempotent: pair exists
  already_logged #41 MIN v LAS @ T-90m              idempotent: pair exists
  already_logged #42 PDX v TOR @ T-90m              idempotent: pair exists
  late_prevented #43 IND v LVA @ T-30m              cutoff 2026-08-06T22:36:00+00:00 already passed at 2026-08-0
  already_logged #44 PDX v TOR @ T-30m              idempotent: pair exists

  already_logged=27, late_prevented=16, skip=2
  arm chain: ok=True n=22 tip=65a67c3b31aa406e
  receipt appended to prospective_pair_runs.jsonl
[arm] exit=0 
====================================================================================================
FORECAST COVERAGE AUDIT   generated 2026-08-07T09:00:05.270590+00:00
====================================================================================================

CUMULATIVE by classification
  missing_job_did_not_run      36
  forecast_logged              33
  before_period_start          15
  not_yet_due                  13
  missing_data_unavailable     6
  late_record                  5

  obligations 108 | due 80 | served 33 | coverage 41.2%
  operational misses 36 | unexplained 0
  PROMOTION-GRADE: NO   (needs >= 95% served, <= 0 operational misses, all explained)

DAILY
  date         oblig  served     due     excl    opmiss arm_recs
  2026-07-30      12       0       0       12         0        0
  2026-07-31      12       6       9        3         0        0
  2026-08-01       8       2       8        0         6        0
  2026-08-02      16       0      16        0        16        0
  2026-08-03      12       6      12        0         3        3
  2026-08-04       4       3       4        0         1        3
  2026-08-05      16       9      16        0         4        9
  2026-08-06      12       7      12        0         3        7
  2026-08-07      12       0       3        9         3        0
  2026-08-08       4       0       0        4         0        0

EVERY MISSING OR IRREGULAR OBLIGATION (each must carry an explanation)
  2026-07-31 ATL v SEA T-90m   missing_data_unavailable   job served 1 other game(s) on 2026-07-31 at T-90m
  2026-07-31 WAS v DAL T-90m   missing_data_unavailable   job served 1 other game(s) on 2026-07-31 at T-90m
  2026-07-31 PDX v IND T-30m   missing_data_unavailable   job served 2 other game(s) on 2026-07-31 at T-30m
  2026-08-01 CHI v LVA T-24h   missing_job_did_not_run    no base record for ANY game on 2026-08-01 at T-24h
  2026-08-01 CHI v LVA T-8h    missing_job_did_not_run    no base record for ANY game on 2026-08-01 at T-8h
  2026-08-01 CHI v LVA T-30m   missing_job_did_not_run    no base record for ANY game on 2026-08-01 at T-30m
  2026-08-01 PHX v NYL T-24h   missing_job_did_not_run    no base record for ANY game on 2026-08-01 at T-24h
  2026-08-01 PHX v NYL T-8h    missing_job_did_not_run    no base record for ANY game on 2026-08-01 at T-8h
  2026-08-01 PHX v NYL T-30m   missing_job_did_not_run    no base record for ANY game on 2026-08-01 at T-30m
  2026-08-02 DAL v CON T-24h   missing_job_did_not_run    no base record for ANY game on 2026-08-02 at T-24h
  2026-08-02 DAL v CON T-8h    missing_job_did_not_run    no base record for ANY game on 2026-08-02 at T-8h
  2026-08-02 DAL v CON T-90m   missing_job_did_not_run    no base record for ANY game on 2026-08-02 at T-90m
  2026-08-02 DAL v CON T-30m   missing_job_did_not_run    no base record for ANY game on 2026-08-02 at T-30m
  2026-08-02 GSV v TOR T-24h   missing_job_did_not_run    no base record for ANY game on 2026-08-02 at T-24h
  2026-08-02 GSV v TOR T-8h    missing_job_did_not_run    no base record for ANY game on 2026-08-02 at T-8h
  2026-08-02 GSV v TOR T-90m   missing_job_did_not_run    no base record for ANY game on 2026-08-02 at T-90m
  2026-08-02 GSV v TOR T-30m   missing_job_did_not_run    no base record for ANY game on 2026-08-02 at T-30m
  2026-08-02 MIN v IND T-24h   missing_job_did_not_run    no base record for ANY game on 2026-08-02 at T-24h
  2026-08-02 MIN v IND T-8h    missing_job_did_not_run    no base record for ANY game on 2026-08-02 at T-8h
  2026-08-02 MIN v IND T-90m   missing_job_did_not_run    no base record for ANY game on 2026-08-02 at T-90m
  2026-08-02 MIN v IND T-30m   missing_job_did_not_run    no base record for ANY game on 2026-08-02 at T-30m
  2026-08-02 PDX v LAS T-24h   missing_job_did_not_run    no base record for ANY game on 2026-08-02 at T-24h
  2026-08-02 PDX v LAS T-8h    missing_job_did_not_run    no base record for ANY game on 2026-08-02 at T-8h
  2026-08-02 PDX v LAS T-90m   missing_job_did_not_run    no base record for ANY game on 2026-08-02 at T-90m
  2026-08-02 PDX v LAS T-30m   missing_job_did_not_run    no base record for ANY game on 2026-08-02 at T-30m
  2026-08-03 NYL v SEA T-24h   missing_job_did_not_run    no base record for ANY game on 2026-08-03 at T-24h
  2026-08-03 NYL v SEA T-30m   late_record                created 2026-08-03T22:45:08.958486+00:00 after cutoff
  2026-08-03 ATL v LVA T-24h   missing_job_did_not_run    no base record for ANY game on 2026-08-03 at T-24h
  2026-08-03 ATL v LVA T-30m   late_record                created 2026-08-03T22:45:08.976775+00:00 after cutoff
  2026-08-03 CHI v PHX T-24h   missing_job_did_not_run    no base record for ANY game on 2026-08-03 at T-24h
  2026-08-03 CHI v PHX T-30m   missing_data_unavailable   job served 2 other game(s) on 2026-08-03 at T-30m
  2026-08-04 GSV v TOR T-24h   missing_job_did_not_run    no base record for ANY game on 2026-08-04 at T-24h
  2026-08-05 WAS v DAL T-24h   missing_job_did_not_run    no base record for ANY game on 2026-08-05 at T-24h
  2026-08-05 NYL v SEA T-24h   missing_job_did_not_run    no base record for ANY game on 2026-08-05 at T-24h
  2026-08-05 NYL v SEA T-30m   late_record                created 2026-08-05T22:45:07.299457+00:00 after cutoff
  2026-08-05 ATL v PHX T-24h   missing_job_did_not_run    no base record for ANY game on 2026-08-05 at T-24h
  2026-08-05 ATL v PHX T-30m   late_record                created 2026-08-05T22:45:07.274521+00:00 after cutoff
  2026-08-05 CHI v LAS T-24h   missing_job_did_not_run    no base record for ANY game on 2026-08-05 at T-24h
  2026-08-05 CHI v LAS T-30m   missing_data_unavailable   job served 3 other game(s) on 2026-08-05 at T-30m
  2026-08-06 IND v LVA T-24h   missing_job_did_not_run    no base record for ANY game on 2026-08-06 at T-24h
  2026-08-06 IND v LVA T-30m   late_record                created 2026-08-06T22:45:09.382682+00:00 after cutoff
  2026-08-06 PDX v TOR T-24h   missing_job_did_not_run    no base record for ANY game on 2026-08-06 at T-24h
  2026-08-06 MIN v LAS T-24h   missing_job_did_not_run    no base record for ANY game on 2026-08-06 at T-24h
  2026-08-06 MIN v LAS T-30m   missing_data_unavailable   job served 2 other game(s) on 2026-08-06 at T-30m
  2026-08-07 WAS v ATL T-24h   missing_job_did_not_run    no base record for ANY game on 2026-08-07 at T-24h
  2026-08-07 CON v PHX T-24h   missing_job_did_not_run    no base record for ANY game on 2026-08-07 at T-24h
  2026-08-07 DAL v GSV T-24h   missing_job_did_not_run    no base record for ANY game on 2026-08-07 at T-24h

wrote forecasts/coverage_audit.csv and forecasts/coverage_receipt.json
[audit] exit=0 
==== Fri 08/07/2026  5:15:02.72 ==== 
[gate] 2026-08-07T09:15:03.384153+00:00  fire=False  -- no unserved obligation inside its 20-minute lead window (4 upcoming game(s) examined); 4 slate game(s) have no official game_id and were served under a provisional id: WAS v ATL (2026-08-07) -> PROV-2026-08-07-ATL@WAS, CON v PHX (2026-08-07) -> PROV-2026-08-07-PHX@CON, DAL v GSV (2026-08-07) -> PROV-2026-08-07-GSV@DAL, CHI v IND (2026-08-08) -> PROV-2026-08-08-IND@CHI
       WAS v ATL      T-8h    unserved cutoff 2026-08-07T15:30:00 (+375 min) 
       CON v PHX      T-8h    unserved cutoff 2026-08-07T15:30:00 (+375 min) 
       DAL v GSV      T-24h   unserved cutoff 2026-08-07T01:30:00 (-465 min) 
       CHI v IND      T-24h   unserved cutoff 2026-08-07T19:30:00 (+615 min) 
[gate] skipping the base job
[base] skipped - no unserved obligation in its lead window 
[base] exit=0 
================================================================================================
PROSPECTIVE PAIR RUNNER  2026-08-07T09:15:04.273955+00:00  model=ridge_score_level_w2c1_v1 hash=5d295bb8b99cd34e
================================================================================================
base records in official chain: 45
  late_prevented #0 ATL v SEA @ T-8h                cutoff 2026-07-31T15:35:00+00:00 already passed at 2026-08-0
  late_prevented #1 WAS v DAL @ T-8h                cutoff 2026-07-31T15:35:00+00:00 already passed at 2026-08-0
  late_prevented #2 PDX v IND @ T-8h                cutoff 2026-07-31T18:06:00+00:00 already passed at 2026-08-0
  late_prevented #3 ATL v SEA @ T-30m               cutoff 2026-07-31T23:05:00+00:00 already passed at 2026-08-0
  late_prevented #4 WAS v DAL @ T-30m               cutoff 2026-07-31T23:05:00+00:00 already passed at 2026-08-0
  late_prevented #5 PDX v IND @ T-90m               cutoff 2026-08-01T00:36:00+00:00 already passed at 2026-08-0
  late_prevented #6 CHI v LVA @ T-90m               cutoff 2026-08-01T15:35:00+00:00 already passed at 2026-08-0
  late_prevented #7 PHX v NYL @ T-90m               cutoff 2026-08-01T17:34:00+00:00 already passed at 2026-08-0
  skip           #8 CHI v LVA @ unknown-tip         base record is an explicit no-forecast; nothing to pair
  skip           #9 PHX v NYL @ unknown-tip         base record is an explicit no-forecast; nothing to pair
  late_prevented #10 NYL v SEA @ T-8h               cutoff 2026-08-03T15:04:00+00:00 already passed at 2026-08-0
  late_prevented #11 ATL v LVA @ T-8h               cutoff 2026-08-03T15:14:00+00:00 already passed at 2026-08-0
  late_prevented #12 CHI v PHX @ T-8h               cutoff 2026-08-03T17:08:00+00:00 already passed at 2026-08-0
  already_logged #13 NYL v SEA @ T-90m              idempotent: pair exists
  already_logged #14 ATL v LVA @ T-90m              idempotent: pair exists
  already_logged #15 CHI v PHX @ T-90m              idempotent: pair exists
  already_logged #16 NYL v SEA @ T-90m              idempotent: pair exists
  already_logged #17 ATL v LVA @ T-90m              idempotent: pair exists
  already_logged #18 CHI v PHX @ T-90m              idempotent: pair exists
  late_prevented #19 NYL v SEA @ T-30m              cutoff 2026-08-03T22:34:00+00:00 already passed at 2026-08-0
  late_prevented #20 ATL v LVA @ T-30m              cutoff 2026-08-03T22:44:00+00:00 already passed at 2026-08-0
  already_logged #21 CHI v PHX @ T-90m              idempotent: pair exists
  already_logged #22 GSV v TOR @ T-8h               idempotent: pair exists
  already_logged #23 GSV v TOR @ T-90m              idempotent: pair exists
  already_logged #24 GSV v TOR @ T-30m              idempotent: pair exists
  already_logged #25 ATL v PHX @ T-8h               idempotent: pair exists
  already_logged #26 NYL v SEA @ T-8h               idempotent: pair exists
  already_logged #27 WAS v DAL @ T-8h               idempotent: pair exists
  already_logged #28 CHI v LAS @ T-8h               idempotent: pair exists
  already_logged #29 ATL v PHX @ T-90m              idempotent: pair exists
  already_logged #30 NYL v SEA @ T-90m              idempotent: pair exists
  already_logged #31 WAS v DAL @ T-90m              idempotent: pair exists
  already_logged #32 CHI v LAS @ T-90m              idempotent: pair exists
  late_prevented #33 ATL v PHX @ T-30m              cutoff 2026-08-05T22:33:00+00:00 already passed at 2026-08-0
  late_prevented #34 NYL v SEA @ T-30m              cutoff 2026-08-05T22:38:00+00:00 already passed at 2026-08-0
  already_logged #35 WAS v DAL @ T-30m              idempotent: pair exists
  already_logged #36 CHI v LAS @ T-90m              idempotent: pair exists
  already_logged #37 IND v LVA @ T-8h               idempotent: pair exists
  already_logged #38 MIN v LAS @ T-8h               idempotent: pair exists
  already_logged #39 PDX v TOR @ T-8h               idempotent: pair exists
  already_logged #40 IND v LVA @ T-90m              idempotent: pair exists
  already_logged #41 MIN v LAS @ T-90m              idempotent: pair exists
  already_logged #42 PDX v TOR @ T-90m              idempotent: pair exists
  late_prevented #43 IND v LVA @ T-30m              cutoff 2026-08-06T22:36:00+00:00 already passed at 2026-08-0
  already_logged #44 PDX v TOR @ T-30m              idempotent: pair exists

  already_logged=27, late_prevented=16, skip=2
  arm chain: ok=True n=22 tip=65a67c3b31aa406e
  receipt appended to prospective_pair_runs.jsonl
[arm] exit=0 
====================================================================================================
FORECAST COVERAGE AUDIT   generated 2026-08-07T09:15:05.306405+00:00
====================================================================================================

CUMULATIVE by classification
  missing_job_did_not_run      36
  forecast_logged              33
  before_period_start          15
  not_yet_due                  13
  missing_data_unavailable     6
  late_record                  5

  obligations 108 | due 80 | served 33 | coverage 41.2%
  operational misses 36 | unexplained 0
  PROMOTION-GRADE: NO   (needs >= 95% served, <= 0 operational misses, all explained)

DAILY
  date         oblig  served     due     excl    opmiss arm_recs
  2026-07-30      12       0       0       12         0        0
  2026-07-31      12       6       9        3         0        0
  2026-08-01       8       2       8        0         6        0
  2026-08-02      16       0      16        0        16        0
  2026-08-03      12       6      12        0         3        3
  2026-08-04       4       3       4        0         1        3
  2026-08-05      16       9      16        0         4        9
  2026-08-06      12       7      12        0         3        7
  2026-08-07      12       0       3        9         3        0
  2026-08-08       4       0       0        4         0        0

EVERY MISSING OR IRREGULAR OBLIGATION (each must carry an explanation)
  2026-07-31 ATL v SEA T-90m   missing_data_unavailable   job served 1 other game(s) on 2026-07-31 at T-90m
  2026-07-31 WAS v DAL T-90m   missing_data_unavailable   job served 1 other game(s) on 2026-07-31 at T-90m
  2026-07-31 PDX v IND T-30m   missing_data_unavailable   job served 2 other game(s) on 2026-07-31 at T-30m
  2026-08-01 CHI v LVA T-24h   missing_job_did_not_run    no base record for ANY game on 2026-08-01 at T-24h
  2026-08-01 CHI v LVA T-8h    missing_job_did_not_run    no base record for ANY game on 2026-08-01 at T-8h
  2026-08-01 CHI v LVA T-30m   missing_job_did_not_run    no base record for ANY game on 2026-08-01 at T-30m
  2026-08-01 PHX v NYL T-24h   missing_job_did_not_run    no base record for ANY game on 2026-08-01 at T-24h
  2026-08-01 PHX v NYL T-8h    missing_job_did_not_run    no base record for ANY game on 2026-08-01 at T-8h
  2026-08-01 PHX v NYL T-30m   missing_job_did_not_run    no base record for ANY game on 2026-08-01 at T-30m
  2026-08-02 DAL v CON T-24h   missing_job_did_not_run    no base record for ANY game on 2026-08-02 at T-24h
  2026-08-02 DAL v CON T-8h    missing_job_did_not_run    no base record for ANY game on 2026-08-02 at T-8h
  2026-08-02 DAL v CON T-90m   missing_job_did_not_run    no base record for ANY game on 2026-08-02 at T-90m
  2026-08-02 DAL v CON T-30m   missing_job_did_not_run    no base record for ANY game on 2026-08-02 at T-30m
  2026-08-02 GSV v TOR T-24h   missing_job_did_not_run    no base record for ANY game on 2026-08-02 at T-24h
  2026-08-02 GSV v TOR T-8h    missing_job_did_not_run    no base record for ANY game on 2026-08-02 at T-8h
  2026-08-02 GSV v TOR T-90m   missing_job_did_not_run    no base record for ANY game on 2026-08-02 at T-90m
  2026-08-02 GSV v TOR T-30m   missing_job_did_not_run    no base record for ANY game on 2026-08-02 at T-30m
  2026-08-02 MIN v IND T-24h   missing_job_did_not_run    no base record for ANY game on 2026-08-02 at T-24h
  2026-08-02 MIN v IND T-8h    missing_job_did_not_run    no base record for ANY game on 2026-08-02 at T-8h
  2026-08-02 MIN v IND T-90m   missing_job_did_not_run    no base record for ANY game on 2026-08-02 at T-90m
  2026-08-02 MIN v IND T-30m   missing_job_did_not_run    no base record for ANY game on 2026-08-02 at T-30m
  2026-08-02 PDX v LAS T-24h   missing_job_did_not_run    no base record for ANY game on 2026-08-02 at T-24h
  2026-08-02 PDX v LAS T-8h    missing_job_did_not_run    no base record for ANY game on 2026-08-02 at T-8h
  2026-08-02 PDX v LAS T-90m   missing_job_did_not_run    no base record for ANY game on 2026-08-02 at T-90m
  2026-08-02 PDX v LAS T-30m   missing_job_did_not_run    no base record for ANY game on 2026-08-02 at T-30m
  2026-08-03 NYL v SEA T-24h   missing_job_did_not_run    no base record for ANY game on 2026-08-03 at T-24h
  2026-08-03 NYL v SEA T-30m   late_record                created 2026-08-03T22:45:08.958486+00:00 after cutoff
  2026-08-03 ATL v LVA T-24h   missing_job_did_not_run    no base record for ANY game on 2026-08-03 at T-24h
  2026-08-03 ATL v LVA T-30m   late_record                created 2026-08-03T22:45:08.976775+00:00 after cutoff
  2026-08-03 CHI v PHX T-24h   missing_job_did_not_run    no base record for ANY game on 2026-08-03 at T-24h
  2026-08-03 CHI v PHX T-30m   missing_data_unavailable   job served 2 other game(s) on 2026-08-03 at T-30m
  2026-08-04 GSV v TOR T-24h   missing_job_did_not_run    no base record for ANY game on 2026-08-04 at T-24h
  2026-08-05 WAS v DAL T-24h   missing_job_did_not_run    no base record for ANY game on 2026-08-05 at T-24h
  2026-08-05 NYL v SEA T-24h   missing_job_did_not_run    no base record for ANY game on 2026-08-05 at T-24h
  2026-08-05 NYL v SEA T-30m   late_record                created 2026-08-05T22:45:07.299457+00:00 after cutoff
  2026-08-05 ATL v PHX T-24h   missing_job_did_not_run    no base record for ANY game on 2026-08-05 at T-24h
  2026-08-05 ATL v PHX T-30m   late_record                created 2026-08-05T22:45:07.274521+00:00 after cutoff
  2026-08-05 CHI v LAS T-24h   missing_job_did_not_run    no base record for ANY game on 2026-08-05 at T-24h
  2026-08-05 CHI v LAS T-30m   missing_data_unavailable   job served 3 other game(s) on 2026-08-05 at T-30m
  2026-08-06 IND v LVA T-24h   missing_job_did_not_run    no base record for ANY game on 2026-08-06 at T-24h
  2026-08-06 IND v LVA T-30m   late_record                created 2026-08-06T22:45:09.382682+00:00 after cutoff
  2026-08-06 PDX v TOR T-24h   missing_job_did_not_run    no base record for ANY game on 2026-08-06 at T-24h
  2026-08-06 MIN v LAS T-24h   missing_job_did_not_run    no base record for ANY game on 2026-08-06 at T-24h
  2026-08-06 MIN v LAS T-30m   missing_data_unavailable   job served 2 other game(s) on 2026-08-06 at T-30m
  2026-08-07 WAS v ATL T-24h   missing_job_did_not_run    no base record for ANY game on 2026-08-07 at T-24h
  2026-08-07 CON v PHX T-24h   missing_job_did_not_run    no base record for ANY game on 2026-08-07 at T-24h
  2026-08-07 DAL v GSV T-24h   missing_job_did_not_run    no base record for ANY game on 2026-08-07 at T-24h

wrote forecasts/coverage_audit.csv and forecasts/coverage_receipt.json
[audit] exit=0 
==== Fri 08/07/2026  5:30:02.64 ==== 
[gate] 2026-08-07T09:30:03.273387+00:00  fire=False  -- no unserved obligation inside its 20-minute lead window (4 upcoming game(s) examined); 4 slate game(s) have no official game_id and were served under a provisional id: WAS v ATL (2026-08-07) -> PROV-2026-08-07-ATL@WAS, CON v PHX (2026-08-07) -> PROV-2026-08-07-PHX@CON, DAL v GSV (2026-08-07) -> PROV-2026-08-07-GSV@DAL, CHI v IND (2026-08-08) -> PROV-2026-08-08-IND@CHI
       WAS v ATL      T-8h    unserved cutoff 2026-08-07T15:30:00 (+360 min) 
       CON v PHX      T-8h    unserved cutoff 2026-08-07T15:30:00 (+360 min) 
       DAL v GSV      T-8h    unserved cutoff 2026-08-07T17:30:00 (+480 min) 
       CHI v IND      T-24h   unserved cutoff 2026-08-07T19:30:00 (+600 min) 
[gate] skipping the base job
[base] skipped - no unserved obligation in its lead window 
[base] exit=0 
================================================================================================
PROSPECTIVE PAIR RUNNER  2026-08-07T09:30:04.167670+00:00  model=ridge_score_level_w2c1_v1 hash=5d295bb8b99cd34e
================================================================================================
base records in official chain: 45
  late_prevented #0 ATL v SEA @ T-8h                cutoff 2026-07-31T15:35:00+00:00 already passed at 2026-08-0
  late_prevented #1 WAS v DAL @ T-8h                cutoff 2026-07-31T15:35:00+00:00 already passed at 2026-08-0
  late_prevented #2 PDX v IND @ T-8h                cutoff 2026-07-31T18:06:00+00:00 already passed at 2026-08-0
  late_prevented #3 ATL v SEA @ T-30m               cutoff 2026-07-31T23:05:00+00:00 already passed at 2026-08-0
  late_prevented #4 WAS v DAL @ T-30m               cutoff 2026-07-31T23:05:00+00:00 already passed at 2026-08-0
  late_prevented #5 PDX v IND @ T-90m               cutoff 2026-08-01T00:36:00+00:00 already passed at 2026-08-0
  late_prevented #6 CHI v LVA @ T-90m               cutoff 2026-08-01T15:35:00+00:00 already passed at 2026-08-0
  late_prevented #7 PHX v NYL @ T-90m               cutoff 2026-08-01T17:34:00+00:00 already passed at 2026-08-0
  skip           #8 CHI v LVA @ unknown-tip         base record is an explicit no-forecast; nothing to pair
  skip           #9 PHX v NYL @ unknown-tip         base record is an explicit no-forecast; nothing to pair
  late_prevented #10 NYL v SEA @ T-8h               cutoff 2026-08-03T15:04:00+00:00 already passed at 2026-08-0
  late_prevented #11 ATL v LVA @ T-8h               cutoff 2026-08-03T15:14:00+00:00 already passed at 2026-08-0
  late_prevented #12 CHI v PHX @ T-8h               cutoff 2026-08-03T17:08:00+00:00 already passed at 2026-08-0
  already_logged #13 NYL v SEA @ T-90m              idempotent: pair exists
  already_logged #14 ATL v LVA @ T-90m              idempotent: pair exists
  already_logged #15 CHI v PHX @ T-90m              idempotent: pair exists
  already_logged #16 NYL v SEA @ T-90m              idempotent: pair exists
  already_logged #17 ATL v LVA @ T-90m              idempotent: pair exists
  already_logged #18 CHI v PHX @ T-90m              idempotent: pair exists
  late_prevented #19 NYL v SEA @ T-30m              cutoff 2026-08-03T22:34:00+00:00 already passed at 2026-08-0
  late_prevented #20 ATL v LVA @ T-30m              cutoff 2026-08-03T22:44:00+00:00 already passed at 2026-08-0
  already_logged #21 CHI v PHX @ T-90m              idempotent: pair exists
  already_logged #22 GSV v TOR @ T-8h               idempotent: pair exists
  already_logged #23 GSV v TOR @ T-90m              idempotent: pair exists
  already_logged #24 GSV v TOR @ T-30m              idempotent: pair exists
  already_logged #25 ATL v PHX @ T-8h               idempotent: pair exists
  already_logged #26 NYL v SEA @ T-8h               idempotent: pair exists
  already_logged #27 WAS v DAL @ T-8h               idempotent: pair exists
  already_logged #28 CHI v LAS @ T-8h               idempotent: pair exists
  already_logged #29 ATL v PHX @ T-90m              idempotent: pair exists
  already_logged #30 NYL v SEA @ T-90m              idempotent: pair exists
  already_logged #31 WAS v DAL @ T-90m              idempotent: pair exists
  already_logged #32 CHI v LAS @ T-90m              idempotent: pair exists
  late_prevented #33 ATL v PHX @ T-30m              cutoff 2026-08-05T22:33:00+00:00 already passed at 2026-08-0
  late_prevented #34 NYL v SEA @ T-30m              cutoff 2026-08-05T22:38:00+00:00 already passed at 2026-08-0
  already_logged #35 WAS v DAL @ T-30m              idempotent: pair exists
  already_logged #36 CHI v LAS @ T-90m              idempotent: pair exists
  already_logged #37 IND v LVA @ T-8h               idempotent: pair exists
  already_logged #38 MIN v LAS @ T-8h               idempotent: pair exists
  already_logged #39 PDX v TOR @ T-8h               idempotent: pair exists
  already_logged #40 IND v LVA @ T-90m              idempotent: pair exists
  already_logged #41 MIN v LAS @ T-90m              idempotent: pair exists
  already_logged #42 PDX v TOR @ T-90m              idempotent: pair exists
  late_prevented #43 IND v LVA @ T-30m              cutoff 2026-08-06T22:36:00+00:00 already passed at 2026-08-0
  already_logged #44 PDX v TOR @ T-30m              idempotent: pair exists

  already_logged=27, late_prevented=16, skip=2
  arm chain: ok=True n=22 tip=65a67c3b31aa406e
  receipt appended to prospective_pair_runs.jsonl
[arm] exit=0 
====================================================================================================
FORECAST COVERAGE AUDIT   generated 2026-08-07T09:30:05.119769+00:00
====================================================================================================

CUMULATIVE by classification
  missing_job_did_not_run      36
  forecast_logged              33
  before_period_start          15
  not_yet_due                  13
  missing_data_unavailable     6
  late_record                  5

  obligations 108 | due 80 | served 33 | coverage 41.2%
  operational misses 36 | unexplained 0
  PROMOTION-GRADE: NO   (needs >= 95% served, <= 0 operational misses, all explained)

DAILY
  date         oblig  served     due     excl    opmiss arm_recs
  2026-07-30      12       0       0       12         0        0
  2026-07-31      12       6       9        3         0        0
  2026-08-01       8       2       8        0         6        0
  2026-08-02      16       0      16        0        16        0
  2026-08-03      12       6      12        0         3        3
  2026-08-04       4       3       4        0         1        3
  2026-08-05      16       9      16        0         4        9
  2026-08-06      12       7      12        0         3        7
  2026-08-07      12       0       3        9         3        0
  2026-08-08       4       0       0        4         0        0

EVERY MISSING OR IRREGULAR OBLIGATION (each must carry an explanation)
  2026-07-31 ATL v SEA T-90m   missing_data_unavailable   job served 1 other game(s) on 2026-07-31 at T-90m
  2026-07-31 WAS v DAL T-90m   missing_data_unavailable   job served 1 other game(s) on 2026-07-31 at T-90m
  2026-07-31 PDX v IND T-30m   missing_data_unavailable   job served 2 other game(s) on 2026-07-31 at T-30m
  2026-08-01 CHI v LVA T-24h   missing_job_did_not_run    no base record for ANY game on 2026-08-01 at T-24h
  2026-08-01 CHI v LVA T-8h    missing_job_did_not_run    no base record for ANY game on 2026-08-01 at T-8h
  2026-08-01 CHI v LVA T-30m   missing_job_did_not_run    no base record for ANY game on 2026-08-01 at T-30m
  2026-08-01 PHX v NYL T-24h   missing_job_did_not_run    no base record for ANY game on 2026-08-01 at T-24h
  2026-08-01 PHX v NYL T-8h    missing_job_did_not_run    no base record for ANY game on 2026-08-01 at T-8h
  2026-08-01 PHX v NYL T-30m   missing_job_did_not_run    no base record for ANY game on 2026-08-01 at T-30m
  2026-08-02 DAL v CON T-24h   missing_job_did_not_run    no base record for ANY game on 2026-08-02 at T-24h
  2026-08-02 DAL v CON T-8h    missing_job_did_not_run    no base record for ANY game on 2026-08-02 at T-8h
  2026-08-02 DAL v CON T-90m   missing_job_did_not_run    no base record for ANY game on 2026-08-02 at T-90m
  2026-08-02 DAL v CON T-30m   missing_job_did_not_run    no base record for ANY game on 2026-08-02 at T-30m
  2026-08-02 GSV v TOR T-24h   missing_job_did_not_run    no base record for ANY game on 2026-08-02 at T-24h
  2026-08-02 GSV v TOR T-8h    missing_job_did_not_run    no base record for ANY game on 2026-08-02 at T-8h
  2026-08-02 GSV v TOR T-90m   missing_job_did_not_run    no base record for ANY game on 2026-08-02 at T-90m
  2026-08-02 GSV v TOR T-30m   missing_job_did_not_run    no base record for ANY game on 2026-08-02 at T-30m
  2026-08-02 MIN v IND T-24h   missing_job_did_not_run    no base record for ANY game on 2026-08-02 at T-24h
  2026-08-02 MIN v IND T-8h    missing_job_did_not_run    no base record for ANY game on 2026-08-02 at T-8h
  2026-08-02 MIN v IND T-90m   missing_job_did_not_run    no base record for ANY game on 2026-08-02 at T-90m
  2026-08-02 MIN v IND T-30m   missing_job_did_not_run    no base record for ANY game on 2026-08-02 at T-30m
  2026-08-02 PDX v LAS T-24h   missing_job_did_not_run    no base record for ANY game on 2026-08-02 at T-24h
  2026-08-02 PDX v LAS T-8h    missing_job_did_not_run    no base record for ANY game on 2026-08-02 at T-8h
  2026-08-02 PDX v LAS T-90m   missing_job_did_not_run    no base record for ANY game on 2026-08-02 at T-90m
  2026-08-02 PDX v LAS T-30m   missing_job_did_not_run    no base record for ANY game on 2026-08-02 at T-30m
  2026-08-03 NYL v SEA T-24h   missing_job_did_not_run    no base record for ANY game on 2026-08-03 at T-24h
  2026-08-03 NYL v SEA T-30m   late_record                created 2026-08-03T22:45:08.958486+00:00 after cutoff
  2026-08-03 ATL v LVA T-24h   missing_job_did_not_run    no base record for ANY game on 2026-08-03 at T-24h
  2026-08-03 ATL v LVA T-30m   late_record                created 2026-08-03T22:45:08.976775+00:00 after cutoff
  2026-08-03 CHI v PHX T-24h   missing_job_did_not_run    no base record for ANY game on 2026-08-03 at T-24h
  2026-08-03 CHI v PHX T-30m   missing_data_unavailable   job served 2 other game(s) on 2026-08-03 at T-30m
  2026-08-04 GSV v TOR T-24h   missing_job_did_not_run    no base record for ANY game on 2026-08-04 at T-24h
  2026-08-05 WAS v DAL T-24h   missing_job_did_not_run    no base record for ANY game on 2026-08-05 at T-24h
  2026-08-05 NYL v SEA T-24h   missing_job_did_not_run    no base record for ANY game on 2026-08-05 at T-24h
  2026-08-05 NYL v SEA T-30m   late_record                created 2026-08-05T22:45:07.299457+00:00 after cutoff
  2026-08-05 ATL v PHX T-24h   missing_job_did_not_run    no base record for ANY game on 2026-08-05 at T-24h
  2026-08-05 ATL v PHX T-30m   late_record                created 2026-08-05T22:45:07.274521+00:00 after cutoff
  2026-08-05 CHI v LAS T-24h   missing_job_did_not_run    no base record for ANY game on 2026-08-05 at T-24h
  2026-08-05 CHI v LAS T-30m   missing_data_unavailable   job served 3 other game(s) on 2026-08-05 at T-30m
  2026-08-06 IND v LVA T-24h   missing_job_did_not_run    no base record for ANY game on 2026-08-06 at T-24h
  2026-08-06 IND v LVA T-30m   late_record                created 2026-08-06T22:45:09.382682+00:00 after cutoff
  2026-08-06 PDX v TOR T-24h   missing_job_did_not_run    no base record for ANY game on 2026-08-06 at T-24h
  2026-08-06 MIN v LAS T-24h   missing_job_did_not_run    no base record for ANY game on 2026-08-06 at T-24h
  2026-08-06 MIN v LAS T-30m   missing_data_unavailable   job served 2 other game(s) on 2026-08-06 at T-30m
  2026-08-07 WAS v ATL T-24h   missing_job_did_not_run    no base record for ANY game on 2026-08-07 at T-24h
  2026-08-07 CON v PHX T-24h   missing_job_did_not_run    no base record for ANY game on 2026-08-07 at T-24h
  2026-08-07 DAL v GSV T-24h   missing_job_did_not_run    no base record for ANY game on 2026-08-07 at T-24h

wrote forecasts/coverage_audit.csv and forecasts/coverage_receipt.json
[audit] exit=0 
==== Fri 08/07/2026  5:45:02.66 ==== 
[gate] 2026-08-07T09:45:03.308428+00:00  fire=False  -- no unserved obligation inside its 20-minute lead window (4 upcoming game(s) examined); 4 slate game(s) have no official game_id and were served under a provisional id: WAS v ATL (2026-08-07) -> PROV-2026-08-07-ATL@WAS, CON v PHX (2026-08-07) -> PROV-2026-08-07-PHX@CON, DAL v GSV (2026-08-07) -> PROV-2026-08-07-GSV@DAL, CHI v IND (2026-08-08) -> PROV-2026-08-08-IND@CHI
       WAS v ATL      T-8h    unserved cutoff 2026-08-07T15:30:00 (+345 min) 
       CON v PHX      T-8h    unserved cutoff 2026-08-07T15:30:00 (+345 min) 
       DAL v GSV      T-8h    unserved cutoff 2026-08-07T17:30:00 (+465 min) 
       CHI v IND      T-24h   unserved cutoff 2026-08-07T19:30:00 (+585 min) 
[gate] skipping the base job
[base] skipped - no unserved obligation in its lead window 
[base] exit=0 
================================================================================================
PROSPECTIVE PAIR RUNNER  2026-08-07T09:45:04.190443+00:00  model=ridge_score_level_w2c1_v1 hash=5d295bb8b99cd34e
================================================================================================
base records in official chain: 45
  late_prevented #0 ATL v SEA @ T-8h                cutoff 2026-07-31T15:35:00+00:00 already passed at 2026-08-0
  late_prevented #1 WAS v DAL @ T-8h                cutoff 2026-07-31T15:35:00+00:00 already passed at 2026-08-0
  late_prevented #2 PDX v IND @ T-8h                cutoff 2026-07-31T18:06:00+00:00 already passed at 2026-08-0
  late_prevented #3 ATL v SEA @ T-30m               cutoff 2026-07-31T23:05:00+00:00 already passed at 2026-08-0
  late_prevented #4 WAS v DAL @ T-30m               cutoff 2026-07-31T23:05:00+00:00 already passed at 2026-08-0
  late_prevented #5 PDX v IND @ T-90m               cutoff 2026-08-01T00:36:00+00:00 already passed at 2026-08-0
  late_prevented #6 CHI v LVA @ T-90m               cutoff 2026-08-01T15:35:00+00:00 already passed at 2026-08-0
  late_prevented #7 PHX v NYL @ T-90m               cutoff 2026-08-01T17:34:00+00:00 already passed at 2026-08-0
  skip           #8 CHI v LVA @ unknown-tip         base record is an explicit no-forecast; nothing to pair
  skip           #9 PHX v NYL @ unknown-tip         base record is an explicit no-forecast; nothing to pair
  late_prevented #10 NYL v SEA @ T-8h               cutoff 2026-08-03T15:04:00+00:00 already passed at 2026-08-0
  late_prevented #11 ATL v LVA @ T-8h               cutoff 2026-08-03T15:14:00+00:00 already passed at 2026-08-0
  late_prevented #12 CHI v PHX @ T-8h               cutoff 2026-08-03T17:08:00+00:00 already passed at 2026-08-0
  already_logged #13 NYL v SEA @ T-90m              idempotent: pair exists
  already_logged #14 ATL v LVA @ T-90m              idempotent: pair exists
  already_logged #15 CHI v PHX @ T-90m              idempotent: pair exists
  already_logged #16 NYL v SEA @ T-90m              idempotent: pair exists
  already_logged #17 ATL v LVA @ T-90m              idempotent: pair exists
  already_logged #18 CHI v PHX @ T-90m              idempotent: pair exists
  late_prevented #19 NYL v SEA @ T-30m              cutoff 2026-08-03T22:34:00+00:00 already passed at 2026-08-0
  late_prevented #20 ATL v LVA @ T-30m              cutoff 2026-08-03T22:44:00+00:00 already passed at 2026-08-0
  already_logged #21 CHI v PHX @ T-90m              idempotent: pair exists
  already_logged #22 GSV v TOR @ T-8h               idempotent: pair exists
  already_logged #23 GSV v TOR @ T-90m              idempotent: pair exists
  already_logged #24 GSV v TOR @ T-30m              idempotent: pair exists
  already_logged #25 ATL v PHX @ T-8h               idempotent: pair exists
  already_logged #26 NYL v SEA @ T-8h               idempotent: pair exists
  already_logged #27 WAS v DAL @ T-8h               idempotent: pair exists
  already_logged #28 CHI v LAS @ T-8h               idempotent: pair exists
  already_logged #29 ATL v PHX @ T-90m              idempotent: pair exists
  already_logged #30 NYL v SEA @ T-90m              idempotent: pair exists
  already_logged #31 WAS v DAL @ T-90m              idempotent: pair exists
  already_logged #32 CHI v LAS @ T-90m              idempotent: pair exists
  late_prevented #33 ATL v PHX @ T-30m              cutoff 2026-08-05T22:33:00+00:00 already passed at 2026-08-0
  late_prevented #34 NYL v SEA @ T-30m              cutoff 2026-08-05T22:38:00+00:00 already passed at 2026-08-0
  already_logged #35 WAS v DAL @ T-30m              idempotent: pair exists
  already_logged #36 CHI v LAS @ T-90m              idempotent: pair exists
  already_logged #37 IND v LVA @ T-8h               idempotent: pair exists
  already_logged #38 MIN v LAS @ T-8h               idempotent: pair exists
  already_logged #39 PDX v TOR @ T-8h               idempotent: pair exists
  already_logged #40 IND v LVA @ T-90m              idempotent: pair exists
  already_logged #41 MIN v LAS @ T-90m              idempotent: pair exists
  already_logged #42 PDX v TOR @ T-90m              idempotent: pair exists
  late_prevented #43 IND v LVA @ T-30m              cutoff 2026-08-06T22:36:00+00:00 already passed at 2026-08-0
  already_logged #44 PDX v TOR @ T-30m              idempotent: pair exists

  already_logged=27, late_prevented=16, skip=2
  arm chain: ok=True n=22 tip=65a67c3b31aa406e
  receipt appended to prospective_pair_runs.jsonl
[arm] exit=0 
====================================================================================================
FORECAST COVERAGE AUDIT   generated 2026-08-07T09:45:05.254306+00:00
====================================================================================================

CUMULATIVE by classification
  missing_job_did_not_run      36
  forecast_logged              33
  before_period_start          15
  not_yet_due                  13
  missing_data_unavailable     6
  late_record                  5

  obligations 108 | due 80 | served 33 | coverage 41.2%
  operational misses 36 | unexplained 0
  PROMOTION-GRADE: NO   (needs >= 95% served, <= 0 operational misses, all explained)

DAILY
  date         oblig  served     due     excl    opmiss arm_recs
  2026-07-30      12       0       0       12         0        0
  2026-07-31      12       6       9        3         0        0
  2026-08-01       8       2       8        0         6        0
  2026-08-02      16       0      16        0        16        0
  2026-08-03      12       6      12        0         3        3
  2026-08-04       4       3       4        0         1        3
  2026-08-05      16       9      16        0         4        9
  2026-08-06      12       7      12        0         3        7
  2026-08-07      12       0       3        9         3        0
  2026-08-08       4       0       0        4         0        0

EVERY MISSING OR IRREGULAR OBLIGATION (each must carry an explanation)
  2026-07-31 ATL v SEA T-90m   missing_data_unavailable   job served 1 other game(s) on 2026-07-31 at T-90m
  2026-07-31 WAS v DAL T-90m   missing_data_unavailable   job served 1 other game(s) on 2026-07-31 at T-90m
  2026-07-31 PDX v IND T-30m   missing_data_unavailable   job served 2 other game(s) on 2026-07-31 at T-30m
  2026-08-01 CHI v LVA T-24h   missing_job_did_not_run    no base record for ANY game on 2026-08-01 at T-24h
  2026-08-01 CHI v LVA T-8h    missing_job_did_not_run    no base record for ANY game on 2026-08-01 at T-8h
  2026-08-01 CHI v LVA T-30m   missing_job_did_not_run    no base record for ANY game on 2026-08-01 at T-30m
  2026-08-01 PHX v NYL T-24h   missing_job_did_not_run    no base record for ANY game on 2026-08-01 at T-24h
  2026-08-01 PHX v NYL T-8h    missing_job_did_not_run    no base record for ANY game on 2026-08-01 at T-8h
  2026-08-01 PHX v NYL T-30m   missing_job_did_not_run    no base record for ANY game on 2026-08-01 at T-30m
  2026-08-02 DAL v CON T-24h   missing_job_did_not_run    no base record for ANY game on 2026-08-02 at T-24h
  2026-08-02 DAL v CON T-8h    missing_job_did_not_run    no base record for ANY game on 2026-08-02 at T-8h
  2026-08-02 DAL v CON T-90m   missing_job_did_not_run    no base record for ANY game on 2026-08-02 at T-90m
  2026-08-02 DAL v CON T-30m   missing_job_did_not_run    no base record for ANY game on 2026-08-02 at T-30m
  2026-08-02 GSV v TOR T-24h   missing_job_did_not_run    no base record for ANY game on 2026-08-02 at T-24h
  2026-08-02 GSV v TOR T-8h    missing_job_did_not_run    no base record for ANY game on 2026-08-02 at T-8h
  2026-08-02 GSV v TOR T-90m   missing_job_did_not_run    no base record for ANY game on 2026-08-02 at T-90m
  2026-08-02 GSV v TOR T-30m   missing_job_did_not_run    no base record for ANY game on 2026-08-02 at T-30m
  2026-08-02 MIN v IND T-24h   missing_job_did_not_run    no base record for ANY game on 2026-08-02 at T-24h
  2026-08-02 MIN v IND T-8h    missing_job_did_not_run    no base record for ANY game on 2026-08-02 at T-8h
  2026-08-02 MIN v IND T-90m   missing_job_did_not_run    no base record for ANY game on 2026-08-02 at T-90m
  2026-08-02 MIN v IND T-30m   missing_job_did_not_run    no base record for ANY game on 2026-08-02 at T-30m
  2026-08-02 PDX v LAS T-24h   missing_job_did_not_run    no base record for ANY game on 2026-08-02 at T-24h
  2026-08-02 PDX v LAS T-8h    missing_job_did_not_run    no base record for ANY game on 2026-08-02 at T-8h
  2026-08-02 PDX v LAS T-90m   missing_job_did_not_run    no base record for ANY game on 2026-08-02 at T-90m
  2026-08-02 PDX v LAS T-30m   missing_job_did_not_run    no base record for ANY game on 2026-08-02 at T-30m
  2026-08-03 NYL v SEA T-24h   missing_job_did_not_run    no base record for ANY game on 2026-08-03 at T-24h
  2026-08-03 NYL v SEA T-30m   late_record                created 2026-08-03T22:45:08.958486+00:00 after cutoff
  2026-08-03 ATL v LVA T-24h   missing_job_did_not_run    no base record for ANY game on 2026-08-03 at T-24h
  2026-08-03 ATL v LVA T-30m   late_record                created 2026-08-03T22:45:08.976775+00:00 after cutoff
  2026-08-03 CHI v PHX T-24h   missing_job_did_not_run    no base record for ANY game on 2026-08-03 at T-24h
  2026-08-03 CHI v PHX T-30m   missing_data_unavailable   job served 2 other game(s) on 2026-08-03 at T-30m
  2026-08-04 GSV v TOR T-24h   missing_job_did_not_run    no base record for ANY game on 2026-08-04 at T-24h
  2026-08-05 WAS v DAL T-24h   missing_job_did_not_run    no base record for ANY game on 2026-08-05 at T-24h
  2026-08-05 NYL v SEA T-24h   missing_job_did_not_run    no base record for ANY game on 2026-08-05 at T-24h
  2026-08-05 NYL v SEA T-30m   late_record                created 2026-08-05T22:45:07.299457+00:00 after cutoff
  2026-08-05 ATL v PHX T-24h   missing_job_did_not_run    no base record for ANY game on 2026-08-05 at T-24h
  2026-08-05 ATL v PHX T-30m   late_record                created 2026-08-05T22:45:07.274521+00:00 after cutoff
  2026-08-05 CHI v LAS T-24h   missing_job_did_not_run    no base record for ANY game on 2026-08-05 at T-24h
  2026-08-05 CHI v LAS T-30m   missing_data_unavailable   job served 3 other game(s) on 2026-08-05 at T-30m
  2026-08-06 IND v LVA T-24h   missing_job_did_not_run    no base record for ANY game on 2026-08-06 at T-24h
  2026-08-06 IND v LVA T-30m   late_record                created 2026-08-06T22:45:09.382682+00:00 after cutoff
  2026-08-06 PDX v TOR T-24h   missing_job_did_not_run    no base record for ANY game on 2026-08-06 at T-24h
  2026-08-06 MIN v LAS T-24h   missing_job_did_not_run    no base record for ANY game on 2026-08-06 at T-24h
  2026-08-06 MIN v LAS T-30m   missing_data_unavailable   job served 2 other game(s) on 2026-08-06 at T-30m
  2026-08-07 WAS v ATL T-24h   missing_job_did_not_run    no base record for ANY game on 2026-08-07 at T-24h
  2026-08-07 CON v PHX T-24h   missing_job_did_not_run    no base record for ANY game on 2026-08-07 at T-24h
  2026-08-07 DAL v GSV T-24h   missing_job_did_not_run    no base record for ANY game on 2026-08-07 at T-24h

wrote forecasts/coverage_audit.csv and forecasts/coverage_receipt.json
[audit] exit=0 
==== Fri 08/07/2026  6:00:02.69 ==== 
[gate] 2026-08-07T10:00:03.349190+00:00  fire=False  -- no unserved obligation inside its 20-minute lead window (4 upcoming game(s) examined); 4 slate game(s) have no official game_id and were served under a provisional id: WAS v ATL (2026-08-07) -> PROV-2026-08-07-ATL@WAS, CON v PHX (2026-08-07) -> PROV-2026-08-07-PHX@CON, DAL v GSV (2026-08-07) -> PROV-2026-08-07-GSV@DAL, CHI v IND (2026-08-08) -> PROV-2026-08-08-IND@CHI
       WAS v ATL      T-8h    unserved cutoff 2026-08-07T15:30:00 (+330 min) 
       CON v PHX      T-8h    unserved cutoff 2026-08-07T15:30:00 (+330 min) 
       DAL v GSV      T-8h    unserved cutoff 2026-08-07T17:30:00 (+450 min) 
       CHI v IND      T-24h   unserved cutoff 2026-08-07T19:30:00 (+570 min) 
[gate] skipping the base job
[base] skipped - no unserved obligation in its lead window 
[base] exit=0 
================================================================================================
PROSPECTIVE PAIR RUNNER  2026-08-07T10:00:04.252381+00:00  model=ridge_score_level_w2c1_v1 hash=5d295bb8b99cd34e
================================================================================================
base records in official chain: 45
  late_prevented #0 ATL v SEA @ T-8h                cutoff 2026-07-31T15:35:00+00:00 already passed at 2026-08-0
  late_prevented #1 WAS v DAL @ T-8h                cutoff 2026-07-31T15:35:00+00:00 already passed at 2026-08-0
  late_prevented #2 PDX v IND @ T-8h                cutoff 2026-07-31T18:06:00+00:00 already passed at 2026-08-0
  late_prevented #3 ATL v SEA @ T-30m               cutoff 2026-07-31T23:05:00+00:00 already passed at 2026-08-0
  late_prevented #4 WAS v DAL @ T-30m               cutoff 2026-07-31T23:05:00+00:00 already passed at 2026-08-0
  late_prevented #5 PDX v IND @ T-90m               cutoff 2026-08-01T00:36:00+00:00 already passed at 2026-08-0
  late_prevented #6 CHI v LVA @ T-90m               cutoff 2026-08-01T15:35:00+00:00 already passed at 2026-08-0
  late_prevented #7 PHX v NYL @ T-90m               cutoff 2026-08-01T17:34:00+00:00 already passed at 2026-08-0
  skip           #8 CHI v LVA @ unknown-tip         base record is an explicit no-forecast; nothing to pair
  skip           #9 PHX v NYL @ unknown-tip         base record is an explicit no-forecast; nothing to pair
  late_prevented #10 NYL v SEA @ T-8h               cutoff 2026-08-03T15:04:00+00:00 already passed at 2026-08-0
  late_prevented #11 ATL v LVA @ T-8h               cutoff 2026-08-03T15:14:00+00:00 already passed at 2026-08-0
  late_prevented #12 CHI v PHX @ T-8h               cutoff 2026-08-03T17:08:00+00:00 already passed at 2026-08-0
  already_logged #13 NYL v SEA @ T-90m              idempotent: pair exists
  already_logged #14 ATL v LVA @ T-90m              idempotent: pair exists
  already_logged #15 CHI v PHX @ T-90m              idempotent: pair exists
  already_logged #16 NYL v SEA @ T-90m              idempotent: pair exists
  already_logged #17 ATL v LVA @ T-90m              idempotent: pair exists
  already_logged #18 CHI v PHX @ T-90m              idempotent: pair exists
  late_prevented #19 NYL v SEA @ T-30m              cutoff 2026-08-03T22:34:00+00:00 already passed at 2026-08-0
  late_prevented #20 ATL v LVA @ T-30m              cutoff 2026-08-03T22:44:00+00:00 already passed at 2026-08-0
  already_logged #21 CHI v PHX @ T-90m              idempotent: pair exists
  already_logged #22 GSV v TOR @ T-8h               idempotent: pair exists
  already_logged #23 GSV v TOR @ T-90m              idempotent: pair exists
  already_logged #24 GSV v TOR @ T-30m              idempotent: pair exists
  already_logged #25 ATL v PHX @ T-8h               idempotent: pair exists
  already_logged #26 NYL v SEA @ T-8h               idempotent: pair exists
  already_logged #27 WAS v DAL @ T-8h               idempotent: pair exists
  already_logged #28 CHI v LAS @ T-8h               idempotent: pair exists
  already_logged #29 ATL v PHX @ T-90m              idempotent: pair exists
  already_logged #30 NYL v SEA @ T-90m              idempotent: pair exists
  already_logged #31 WAS v DAL @ T-90m              idempotent: pair exists
  already_logged #32 CHI v LAS @ T-90m              idempotent: pair exists
  late_prevented #33 ATL v PHX @ T-30m              cutoff 2026-08-05T22:33:00+00:00 already passed at 2026-08-0
  late_prevented #34 NYL v SEA @ T-30m              cutoff 2026-08-05T22:38:00+00:00 already passed at 2026-08-0
  already_logged #35 WAS v DAL @ T-30m              idempotent: pair exists
  already_logged #36 CHI v LAS @ T-90m              idempotent: pair exists
  already_logged #37 IND v LVA @ T-8h               idempotent: pair exists
  already_logged #38 MIN v LAS @ T-8h               idempotent: pair exists
  already_logged #39 PDX v TOR @ T-8h               idempotent: pair exists
  already_logged #40 IND v LVA @ T-90m              idempotent: pair exists
  already_logged #41 MIN v LAS @ T-90m              idempotent: pair exists
  already_logged #42 PDX v TOR @ T-90m              idempotent: pair exists
  late_prevented #43 IND v LVA @ T-30m              cutoff 2026-08-06T22:36:00+00:00 already passed at 2026-08-0
  already_logged #44 PDX v TOR @ T-30m              idempotent: pair exists

  already_logged=27, late_prevented=16, skip=2
  arm chain: ok=True n=22 tip=65a67c3b31aa406e
  receipt appended to prospective_pair_runs.jsonl
[arm] exit=0 
====================================================================================================
FORECAST COVERAGE AUDIT   generated 2026-08-07T10:00:05.244440+00:00
====================================================================================================

CUMULATIVE by classification
  missing_job_did_not_run      36
  forecast_logged              33
  before_period_start          15
  not_yet_due                  13
  missing_data_unavailable     6
  late_record                  5

  obligations 108 | due 80 | served 33 | coverage 41.2%
  operational misses 36 | unexplained 0
  PROMOTION-GRADE: NO   (needs >= 95% served, <= 0 operational misses, all explained)

DAILY
  date         oblig  served     due     excl    opmiss arm_recs
  2026-07-30      12       0       0       12         0        0
  2026-07-31      12       6       9        3         0        0
  2026-08-01       8       2       8        0         6        0
  2026-08-02      16       0      16        0        16        0
  2026-08-03      12       6      12        0         3        3
  2026-08-04       4       3       4        0         1        3
  2026-08-05      16       9      16        0         4        9
  2026-08-06      12       7      12        0         3        7
  2026-08-07      12       0       3        9         3        0
  2026-08-08       4       0       0        4         0        0

EVERY MISSING OR IRREGULAR OBLIGATION (each must carry an explanation)
  2026-07-31 ATL v SEA T-90m   missing_data_unavailable   job served 1 other game(s) on 2026-07-31 at T-90m
  2026-07-31 WAS v DAL T-90m   missing_data_unavailable   job served 1 other game(s) on 2026-07-31 at T-90m
  2026-07-31 PDX v IND T-30m   missing_data_unavailable   job served 2 other game(s) on 2026-07-31 at T-30m
  2026-08-01 CHI v LVA T-24h   missing_job_did_not_run    no base record for ANY game on 2026-08-01 at T-24h
  2026-08-01 CHI v LVA T-8h    missing_job_did_not_run    no base record for ANY game on 2026-08-01 at T-8h
  2026-08-01 CHI v LVA T-30m   missing_job_did_not_run    no base record for ANY game on 2026-08-01 at T-30m
  2026-08-01 PHX v NYL T-24h   missing_job_did_not_run    no base record for ANY game on 2026-08-01 at T-24h
  2026-08-01 PHX v NYL T-8h    missing_job_did_not_run    no base record for ANY game on 2026-08-01 at T-8h
  2026-08-01 PHX v NYL T-30m   missing_job_did_not_run    no base record for ANY game on 2026-08-01 at T-30m
  2026-08-02 DAL v CON T-24h   missing_job_did_not_run    no base record for ANY game on 2026-08-02 at T-24h
  2026-08-02 DAL v CON T-8h    missing_job_did_not_run    no base record for ANY game on 2026-08-02 at T-8h
  2026-08-02 DAL v CON T-90m   missing_job_did_not_run    no base record for ANY game on 2026-08-02 at T-90m
  2026-08-02 DAL v CON T-30m   missing_job_did_not_run    no base record for ANY game on 2026-08-02 at T-30m
  2026-08-02 GSV v TOR T-24h   missing_job_did_not_run    no base record for ANY game on 2026-08-02 at T-24h
  2026-08-02 GSV v TOR T-8h    missing_job_did_not_run    no base record for ANY game on 2026-08-02 at T-8h
  2026-08-02 GSV v TOR T-90m   missing_job_did_not_run    no base record for ANY game on 2026-08-02 at T-90m
  2026-08-02 GSV v TOR T-30m   missing_job_did_not_run    no base record for ANY game on 2026-08-02 at T-30m
  2026-08-02 MIN v IND T-24h   missing_job_did_not_run    no base record for ANY game on 2026-08-02 at T-24h
  2026-08-02 MIN v IND T-8h    missing_job_did_not_run    no base record for ANY game on 2026-08-02 at T-8h
  2026-08-02 MIN v IND T-90m   missing_job_did_not_run    no base record for ANY game on 2026-08-02 at T-90m
  2026-08-02 MIN v IND T-30m   missing_job_did_not_run    no base record for ANY game on 2026-08-02 at T-30m
  2026-08-02 PDX v LAS T-24h   missing_job_did_not_run    no base record for ANY game on 2026-08-02 at T-24h
  2026-08-02 PDX v LAS T-8h    missing_job_did_not_run    no base record for ANY game on 2026-08-02 at T-8h
  2026-08-02 PDX v LAS T-90m   missing_job_did_not_run    no base record for ANY game on 2026-08-02 at T-90m
  2026-08-02 PDX v LAS T-30m   missing_job_did_not_run    no base record for ANY game on 2026-08-02 at T-30m
  2026-08-03 NYL v SEA T-24h   missing_job_did_not_run    no base record for ANY game on 2026-08-03 at T-24h
  2026-08-03 NYL v SEA T-30m   late_record                created 2026-08-03T22:45:08.958486+00:00 after cutoff
  2026-08-03 ATL v LVA T-24h   missing_job_did_not_run    no base record for ANY game on 2026-08-03 at T-24h
  2026-08-03 ATL v LVA T-30m   late_record                created 2026-08-03T22:45:08.976775+00:00 after cutoff
  2026-08-03 CHI v PHX T-24h   missing_job_did_not_run    no base record for ANY game on 2026-08-03 at T-24h
  2026-08-03 CHI v PHX T-30m   missing_data_unavailable   job served 2 other game(s) on 2026-08-03 at T-30m
  2026-08-04 GSV v TOR T-24h   missing_job_did_not_run    no base record for ANY game on 2026-08-04 at T-24h
  2026-08-05 WAS v DAL T-24h   missing_job_did_not_run    no base record for ANY game on 2026-08-05 at T-24h
  2026-08-05 NYL v SEA T-24h   missing_job_did_not_run    no base record for ANY game on 2026-08-05 at T-24h
  2026-08-05 NYL v SEA T-30m   late_record                created 2026-08-05T22:45:07.299457+00:00 after cutoff
  2026-08-05 ATL v PHX T-24h   missing_job_did_not_run    no base record for ANY game on 2026-08-05 at T-24h
  2026-08-05 ATL v PHX T-30m   late_record                created 2026-08-05T22:45:07.274521+00:00 after cutoff
  2026-08-05 CHI v LAS T-24h   missing_job_did_not_run    no base record for ANY game on 2026-08-05 at T-24h
  2026-08-05 CHI v LAS T-30m   missing_data_unavailable   job served 3 other game(s) on 2026-08-05 at T-30m
  2026-08-06 IND v LVA T-24h   missing_job_did_not_run    no base record for ANY game on 2026-08-06 at T-24h
  2026-08-06 IND v LVA T-30m   late_record                created 2026-08-06T22:45:09.382682+00:00 after cutoff
  2026-08-06 PDX v TOR T-24h   missing_job_did_not_run    no base record for ANY game on 2026-08-06 at T-24h
  2026-08-06 MIN v LAS T-24h   missing_job_did_not_run    no base record for ANY game on 2026-08-06 at T-24h
  2026-08-06 MIN v LAS T-30m   missing_data_unavailable   job served 2 other game(s) on 2026-08-06 at T-30m
  2026-08-07 WAS v ATL T-24h   missing_job_did_not_run    no base record for ANY game on 2026-08-07 at T-24h
  2026-08-07 CON v PHX T-24h   missing_job_did_not_run    no base record for ANY game on 2026-08-07 at T-24h
  2026-08-07 DAL v GSV T-24h   missing_job_did_not_run    no base record for ANY game on 2026-08-07 at T-24h

wrote forecasts/coverage_audit.csv and forecasts/coverage_receipt.json
[audit] exit=0 
==== Fri 08/07/2026  6:15:02.72 ==== 
[gate] 2026-08-07T10:15:03.446372+00:00  fire=False  -- no unserved obligation inside its 20-minute lead window (4 upcoming game(s) examined); 4 slate game(s) have no official game_id and were served under a provisional id: WAS v ATL (2026-08-07) -> PROV-2026-08-07-ATL@WAS, CON v PHX (2026-08-07) -> PROV-2026-08-07-PHX@CON, DAL v GSV (2026-08-07) -> PROV-2026-08-07-GSV@DAL, CHI v IND (2026-08-08) -> PROV-2026-08-08-IND@CHI
       WAS v ATL      T-8h    unserved cutoff 2026-08-07T15:30:00 (+315 min) 
       CON v PHX      T-8h    unserved cutoff 2026-08-07T15:30:00 (+315 min) 
       DAL v GSV      T-8h    unserved cutoff 2026-08-07T17:30:00 (+435 min) 
       CHI v IND      T-24h   unserved cutoff 2026-08-07T19:30:00 (+555 min) 
[gate] skipping the base job
[base] skipped - no unserved obligation in its lead window 
[base] exit=0 
================================================================================================
PROSPECTIVE PAIR RUNNER  2026-08-07T10:15:04.375728+00:00  model=ridge_score_level_w2c1_v1 hash=5d295bb8b99cd34e
================================================================================================
base records in official chain: 45
  late_prevented #0 ATL v SEA @ T-8h                cutoff 2026-07-31T15:35:00+00:00 already passed at 2026-08-0
  late_prevented #1 WAS v DAL @ T-8h                cutoff 2026-07-31T15:35:00+00:00 already passed at 2026-08-0
  late_prevented #2 PDX v IND @ T-8h                cutoff 2026-07-31T18:06:00+00:00 already passed at 2026-08-0
  late_prevented #3 ATL v SEA @ T-30m               cutoff 2026-07-31T23:05:00+00:00 already passed at 2026-08-0
  late_prevented #4 WAS v DAL @ T-30m               cutoff 2026-07-31T23:05:00+00:00 already passed at 2026-08-0
  late_prevented #5 PDX v IND @ T-90m               cutoff 2026-08-01T00:36:00+00:00 already passed at 2026-08-0
  late_prevented #6 CHI v LVA @ T-90m               cutoff 2026-08-01T15:35:00+00:00 already passed at 2026-08-0
  late_prevented #7 PHX v NYL @ T-90m               cutoff 2026-08-01T17:34:00+00:00 already passed at 2026-08-0
  skip           #8 CHI v LVA @ unknown-tip         base record is an explicit no-forecast; nothing to pair
  skip           #9 PHX v NYL @ unknown-tip         base record is an explicit no-forecast; nothing to pair
  late_prevented #10 NYL v SEA @ T-8h               cutoff 2026-08-03T15:04:00+00:00 already passed at 2026-08-0
  late_prevented #11 ATL v LVA @ T-8h               cutoff 2026-08-03T15:14:00+00:00 already passed at 2026-08-0
  late_prevented #12 CHI v PHX @ T-8h               cutoff 2026-08-03T17:08:00+00:00 already passed at 2026-08-0
  already_logged #13 NYL v SEA @ T-90m              idempotent: pair exists
  already_logged #14 ATL v LVA @ T-90m              idempotent: pair exists
  already_logged #15 CHI v PHX @ T-90m              idempotent: pair exists
  already_logged #16 NYL v SEA @ T-90m              idempotent: pair exists
  already_logged #17 ATL v LVA @ T-90m              idempotent: pair exists
  already_logged #18 CHI v PHX @ T-90m              idempotent: pair exists
  late_prevented #19 NYL v SEA @ T-30m              cutoff 2026-08-03T22:34:00+00:00 already passed at 2026-08-0
  late_prevented #20 ATL v LVA @ T-30m              cutoff 2026-08-03T22:44:00+00:00 already passed at 2026-08-0
  already_logged #21 CHI v PHX @ T-90m              idempotent: pair exists
  already_logged #22 GSV v TOR @ T-8h               idempotent: pair exists
  already_logged #23 GSV v TOR @ T-90m              idempotent: pair exists
  already_logged #24 GSV v TOR @ T-30m              idempotent: pair exists
  already_logged #25 ATL v PHX @ T-8h               idempotent: pair exists
  already_logged #26 NYL v SEA @ T-8h               idempotent: pair exists
  already_logged #27 WAS v DAL @ T-8h               idempotent: pair exists
  already_logged #28 CHI v LAS @ T-8h               idempotent: pair exists
  already_logged #29 ATL v PHX @ T-90m              idempotent: pair exists
  already_logged #30 NYL v SEA @ T-90m              idempotent: pair exists
  already_logged #31 WAS v DAL @ T-90m              idempotent: pair exists
  already_logged #32 CHI v LAS @ T-90m              idempotent: pair exists
  late_prevented #33 ATL v PHX @ T-30m              cutoff 2026-08-05T22:33:00+00:00 already passed at 2026-08-0
  late_prevented #34 NYL v SEA @ T-30m              cutoff 2026-08-05T22:38:00+00:00 already passed at 2026-08-0
  already_logged #35 WAS v DAL @ T-30m              idempotent: pair exists
  already_logged #36 CHI v LAS @ T-90m              idempotent: pair exists
  already_logged #37 IND v LVA @ T-8h               idempotent: pair exists
  already_logged #38 MIN v LAS @ T-8h               idempotent: pair exists
  already_logged #39 PDX v TOR @ T-8h               idempotent: pair exists
  already_logged #40 IND v LVA @ T-90m              idempotent: pair exists
  already_logged #41 MIN v LAS @ T-90m              idempotent: pair exists
  already_logged #42 PDX v TOR @ T-90m              idempotent: pair exists
  late_prevented #43 IND v LVA @ T-30m              cutoff 2026-08-06T22:36:00+00:00 already passed at 2026-08-0
  already_logged #44 PDX v TOR @ T-30m              idempotent: pair exists

  already_logged=27, late_prevented=16, skip=2
  arm chain: ok=True n=22 tip=65a67c3b31aa406e
  receipt appended to prospective_pair_runs.jsonl
[arm] exit=0 
====================================================================================================
FORECAST COVERAGE AUDIT   generated 2026-08-07T10:15:05.408585+00:00
====================================================================================================

CUMULATIVE by classification
  missing_job_did_not_run      36
  forecast_logged              33
  before_period_start          15
  not_yet_due                  13
  missing_data_unavailable     6
  late_record                  5

  obligations 108 | due 80 | served 33 | coverage 41.2%
  operational misses 36 | unexplained 0
  PROMOTION-GRADE: NO   (needs >= 95% served, <= 0 operational misses, all explained)

DAILY
  date         oblig  served     due     excl    opmiss arm_recs
  2026-07-30      12       0       0       12         0        0
  2026-07-31      12       6       9        3         0        0
  2026-08-01       8       2       8        0         6        0
  2026-08-02      16       0      16        0        16        0
  2026-08-03      12       6      12        0         3        3
  2026-08-04       4       3       4        0         1        3
  2026-08-05      16       9      16        0         4        9
  2026-08-06      12       7      12        0         3        7
  2026-08-07      12       0       3        9         3        0
  2026-08-08       4       0       0        4         0        0

EVERY MISSING OR IRREGULAR OBLIGATION (each must carry an explanation)
  2026-07-31 ATL v SEA T-90m   missing_data_unavailable   job served 1 other game(s) on 2026-07-31 at T-90m
  2026-07-31 WAS v DAL T-90m   missing_data_unavailable   job served 1 other game(s) on 2026-07-31 at T-90m
  2026-07-31 PDX v IND T-30m   missing_data_unavailable   job served 2 other game(s) on 2026-07-31 at T-30m
  2026-08-01 CHI v LVA T-24h   missing_job_did_not_run    no base record for ANY game on 2026-08-01 at T-24h
  2026-08-01 CHI v LVA T-8h    missing_job_did_not_run    no base record for ANY game on 2026-08-01 at T-8h
  2026-08-01 CHI v LVA T-30m   missing_job_did_not_run    no base record for ANY game on 2026-08-01 at T-30m
  2026-08-01 PHX v NYL T-24h   missing_job_did_not_run    no base record for ANY game on 2026-08-01 at T-24h
  2026-08-01 PHX v NYL T-8h    missing_job_did_not_run    no base record for ANY game on 2026-08-01 at T-8h
  2026-08-01 PHX v NYL T-30m   missing_job_did_not_run    no base record for ANY game on 2026-08-01 at T-30m
  2026-08-02 DAL v CON T-24h   missing_job_did_not_run    no base record for ANY game on 2026-08-02 at T-24h
  2026-08-02 DAL v CON T-8h    missing_job_did_not_run    no base record for ANY game on 2026-08-02 at T-8h
  2026-08-02 DAL v CON T-90m   missing_job_did_not_run    no base record for ANY game on 2026-08-02 at T-90m
  2026-08-02 DAL v CON T-30m   missing_job_did_not_run    no base record for ANY game on 2026-08-02 at T-30m
  2026-08-02 GSV v TOR T-24h   missing_job_did_not_run    no base record for ANY game on 2026-08-02 at T-24h
  2026-08-02 GSV v TOR T-8h    missing_job_did_not_run    no base record for ANY game on 2026-08-02 at T-8h
  2026-08-02 GSV v TOR T-90m   missing_job_did_not_run    no base record for ANY game on 2026-08-02 at T-90m
  2026-08-02 GSV v TOR T-30m   missing_job_did_not_run    no base record for ANY game on 2026-08-02 at T-30m
  2026-08-02 MIN v IND T-24h   missing_job_did_not_run    no base record for ANY game on 2026-08-02 at T-24h
  2026-08-02 MIN v IND T-8h    missing_job_did_not_run    no base record for ANY game on 2026-08-02 at T-8h
  2026-08-02 MIN v IND T-90m   missing_job_did_not_run    no base record for ANY game on 2026-08-02 at T-90m
  2026-08-02 MIN v IND T-30m   missing_job_did_not_run    no base record for ANY game on 2026-08-02 at T-30m
  2026-08-02 PDX v LAS T-24h   missing_job_did_not_run    no base record for ANY game on 2026-08-02 at T-24h
  2026-08-02 PDX v LAS T-8h    missing_job_did_not_run    no base record for ANY game on 2026-08-02 at T-8h
  2026-08-02 PDX v LAS T-90m   missing_job_did_not_run    no base record for ANY game on 2026-08-02 at T-90m
  2026-08-02 PDX v LAS T-30m   missing_job_did_not_run    no base record for ANY game on 2026-08-02 at T-30m
  2026-08-03 NYL v SEA T-24h   missing_job_did_not_run    no base record for ANY game on 2026-08-03 at T-24h
  2026-08-03 NYL v SEA T-30m   late_record                created 2026-08-03T22:45:08.958486+00:00 after cutoff
  2026-08-03 ATL v LVA T-24h   missing_job_did_not_run    no base record for ANY game on 2026-08-03 at T-24h
  2026-08-03 ATL v LVA T-30m   late_record                created 2026-08-03T22:45:08.976775+00:00 after cutoff
  2026-08-03 CHI v PHX T-24h   missing_job_did_not_run    no base record for ANY game on 2026-08-03 at T-24h
  2026-08-03 CHI v PHX T-30m   missing_data_unavailable   job served 2 other game(s) on 2026-08-03 at T-30m
  2026-08-04 GSV v TOR T-24h   missing_job_did_not_run    no base record for ANY game on 2026-08-04 at T-24h
  2026-08-05 WAS v DAL T-24h   missing_job_did_not_run    no base record for ANY game on 2026-08-05 at T-24h
  2026-08-05 NYL v SEA T-24h   missing_job_did_not_run    no base record for ANY game on 2026-08-05 at T-24h
  2026-08-05 NYL v SEA T-30m   late_record                created 2026-08-05T22:45:07.299457+00:00 after cutoff
  2026-08-05 ATL v PHX T-24h   missing_job_did_not_run    no base record for ANY game on 2026-08-05 at T-24h
  2026-08-05 ATL v PHX T-30m   late_record                created 2026-08-05T22:45:07.274521+00:00 after cutoff
  2026-08-05 CHI v LAS T-24h   missing_job_did_not_run    no base record for ANY game on 2026-08-05 at T-24h
  2026-08-05 CHI v LAS T-30m   missing_data_unavailable   job served 3 other game(s) on 2026-08-05 at T-30m
  2026-08-06 IND v LVA T-24h   missing_job_did_not_run    no base record for ANY game on 2026-08-06 at T-24h
  2026-08-06 IND v LVA T-30m   late_record                created 2026-08-06T22:45:09.382682+00:00 after cutoff
  2026-08-06 PDX v TOR T-24h   missing_job_did_not_run    no base record for ANY game on 2026-08-06 at T-24h
  2026-08-06 MIN v LAS T-24h   missing_job_did_not_run    no base record for ANY game on 2026-08-06 at T-24h
  2026-08-06 MIN v LAS T-30m   missing_data_unavailable   job served 2 other game(s) on 2026-08-06 at T-30m
  2026-08-07 WAS v ATL T-24h   missing_job_did_not_run    no base record for ANY game on 2026-08-07 at T-24h
  2026-08-07 CON v PHX T-24h   missing_job_did_not_run    no base record for ANY game on 2026-08-07 at T-24h
  2026-08-07 DAL v GSV T-24h   missing_job_did_not_run    no base record for ANY game on 2026-08-07 at T-24h

wrote forecasts/coverage_audit.csv and forecasts/coverage_receipt.json
[audit] exit=0 
==== Fri 08/07/2026  6:30:02.64 ==== 
[gate] 2026-08-07T10:30:03.271080+00:00  fire=False  -- no unserved obligation inside its 20-minute lead window (4 upcoming game(s) examined); 4 slate game(s) have no official game_id and were served under a provisional id: WAS v ATL (2026-08-07) -> PROV-2026-08-07-ATL@WAS, CON v PHX (2026-08-07) -> PROV-2026-08-07-PHX@CON, DAL v GSV (2026-08-07) -> PROV-2026-08-07-GSV@DAL, CHI v IND (2026-08-08) -> PROV-2026-08-08-IND@CHI
       WAS v ATL      T-8h    unserved cutoff 2026-08-07T15:30:00 (+300 min) 
       CON v PHX      T-8h    unserved cutoff 2026-08-07T15:30:00 (+300 min) 
       DAL v GSV      T-8h    unserved cutoff 2026-08-07T17:30:00 (+420 min) 
       CHI v IND      T-24h   unserved cutoff 2026-08-07T19:30:00 (+540 min) 
[gate] skipping the base job
[base] skipped - no unserved obligation in its lead window 
[base] exit=0 
================================================================================================
PROSPECTIVE PAIR RUNNER  2026-08-07T10:30:04.145678+00:00  model=ridge_score_level_w2c1_v1 hash=5d295bb8b99cd34e
================================================================================================
base records in official chain: 45
  late_prevented #0 ATL v SEA @ T-8h                cutoff 2026-07-31T15:35:00+00:00 already passed at 2026-08-0
  late_prevented #1 WAS v DAL @ T-8h                cutoff 2026-07-31T15:35:00+00:00 already passed at 2026-08-0
  late_prevented #2 PDX v IND @ T-8h                cutoff 2026-07-31T18:06:00+00:00 already passed at 2026-08-0
  late_prevented #3 ATL v SEA @ T-30m               cutoff 2026-07-31T23:05:00+00:00 already passed at 2026-08-0
  late_prevented #4 WAS v DAL @ T-30m               cutoff 2026-07-31T23:05:00+00:00 already passed at 2026-08-0
  late_prevented #5 PDX v IND @ T-90m               cutoff 2026-08-01T00:36:00+00:00 already passed at 2026-08-0
  late_prevented #6 CHI v LVA @ T-90m               cutoff 2026-08-01T15:35:00+00:00 already passed at 2026-08-0
  late_prevented #7 PHX v NYL @ T-90m               cutoff 2026-08-01T17:34:00+00:00 already passed at 2026-08-0
  skip           #8 CHI v LVA @ unknown-tip         base record is an explicit no-forecast; nothing to pair
  skip           #9 PHX v NYL @ unknown-tip         base record is an explicit no-forecast; nothing to pair
  late_prevented #10 NYL v SEA @ T-8h               cutoff 2026-08-03T15:04:00+00:00 already passed at 2026-08-0
  late_prevented #11 ATL v LVA @ T-8h               cutoff 2026-08-03T15:14:00+00:00 already passed at 2026-08-0
  late_prevented #12 CHI v PHX @ T-8h               cutoff 2026-08-03T17:08:00+00:00 already passed at 2026-08-0
  already_logged #13 NYL v SEA @ T-90m              idempotent: pair exists
  already_logged #14 ATL v LVA @ T-90m              idempotent: pair exists
  already_logged #15 CHI v PHX @ T-90m              idempotent: pair exists
  already_logged #16 NYL v SEA @ T-90m              idempotent: pair exists
  already_logged #17 ATL v LVA @ T-90m              idempotent: pair exists
  already_logged #18 CHI v PHX @ T-90m              idempotent: pair exists
  late_prevented #19 NYL v SEA @ T-30m              cutoff 2026-08-03T22:34:00+00:00 already passed at 2026-08-0
  late_prevented #20 ATL v LVA @ T-30m              cutoff 2026-08-03T22:44:00+00:00 already passed at 2026-08-0
  already_logged #21 CHI v PHX @ T-90m              idempotent: pair exists
  already_logged #22 GSV v TOR @ T-8h               idempotent: pair exists
  already_logged #23 GSV v TOR @ T-90m              idempotent: pair exists
  already_logged #24 GSV v TOR @ T-30m              idempotent: pair exists
  already_logged #25 ATL v PHX @ T-8h               idempotent: pair exists
  already_logged #26 NYL v SEA @ T-8h               idempotent: pair exists
  already_logged #27 WAS v DAL @ T-8h               idempotent: pair exists
  already_logged #28 CHI v LAS @ T-8h               idempotent: pair exists
  already_logged #29 ATL v PHX @ T-90m              idempotent: pair exists
  already_logged #30 NYL v SEA @ T-90m              idempotent: pair exists
  already_logged #31 WAS v DAL @ T-90m              idempotent: pair exists
  already_logged #32 CHI v LAS @ T-90m              idempotent: pair exists
  late_prevented #33 ATL v PHX @ T-30m              cutoff 2026-08-05T22:33:00+00:00 already passed at 2026-08-0
  late_prevented #34 NYL v SEA @ T-30m              cutoff 2026-08-05T22:38:00+00:00 already passed at 2026-08-0
  already_logged #35 WAS v DAL @ T-30m              idempotent: pair exists
  already_logged #36 CHI v LAS @ T-90m              idempotent: pair exists
  already_logged #37 IND v LVA @ T-8h               idempotent: pair exists
  already_logged #38 MIN v LAS @ T-8h               idempotent: pair exists
  already_logged #39 PDX v TOR @ T-8h               idempotent: pair exists
  already_logged #40 IND v LVA @ T-90m              idempotent: pair exists
  already_logged #41 MIN v LAS @ T-90m              idempotent: pair exists
  already_logged #42 PDX v TOR @ T-90m              idempotent: pair exists
  late_prevented #43 IND v LVA @ T-30m              cutoff 2026-08-06T22:36:00+00:00 already passed at 2026-08-0
  already_logged #44 PDX v TOR @ T-30m              idempotent: pair exists

  already_logged=27, late_prevented=16, skip=2
  arm chain: ok=True n=22 tip=65a67c3b31aa406e
  receipt appended to prospective_pair_runs.jsonl
[arm] exit=0 
====================================================================================================
FORECAST COVERAGE AUDIT   generated 2026-08-07T10:30:05.105940+00:00
====================================================================================================

CUMULATIVE by classification
  missing_job_did_not_run      36
  forecast_logged              33
  before_period_start          15
  not_yet_due                  13
  missing_data_unavailable     6
  late_record                  5

  obligations 108 | due 80 | served 33 | coverage 41.2%
  operational misses 36 | unexplained 0
  PROMOTION-GRADE: NO   (needs >= 95% served, <= 0 operational misses, all explained)

DAILY
  date         oblig  served     due     excl    opmiss arm_recs
  2026-07-30      12       0       0       12         0        0
  2026-07-31      12       6       9        3         0        0
  2026-08-01       8       2       8        0         6        0
  2026-08-02      16       0      16        0        16        0
  2026-08-03      12       6      12        0         3        3
  2026-08-04       4       3       4        0         1        3
  2026-08-05      16       9      16        0         4        9
  2026-08-06      12       7      12        0         3        7
  2026-08-07      12       0       3        9         3        0
  2026-08-08       4       0       0        4         0        0

EVERY MISSING OR IRREGULAR OBLIGATION (each must carry an explanation)
  2026-07-31 ATL v SEA T-90m   missing_data_unavailable   job served 1 other game(s) on 2026-07-31 at T-90m
  2026-07-31 WAS v DAL T-90m   missing_data_unavailable   job served 1 other game(s) on 2026-07-31 at T-90m
  2026-07-31 PDX v IND T-30m   missing_data_unavailable   job served 2 other game(s) on 2026-07-31 at T-30m
  2026-08-01 CHI v LVA T-24h   missing_job_did_not_run    no base record for ANY game on 2026-08-01 at T-24h
  2026-08-01 CHI v LVA T-8h    missing_job_did_not_run    no base record for ANY game on 2026-08-01 at T-8h
  2026-08-01 CHI v LVA T-30m   missing_job_did_not_run    no base record for ANY game on 2026-08-01 at T-30m
  2026-08-01 PHX v NYL T-24h   missing_job_did_not_run    no base record for ANY game on 2026-08-01 at T-24h
  2026-08-01 PHX v NYL T-8h    missing_job_did_not_run    no base record for ANY game on 2026-08-01 at T-8h
  2026-08-01 PHX v NYL T-30m   missing_job_did_not_run    no base record for ANY game on 2026-08-01 at T-30m
  2026-08-02 DAL v CON T-24h   missing_job_did_not_run    no base record for ANY game on 2026-08-02 at T-24h
  2026-08-02 DAL v CON T-8h    missing_job_did_not_run    no base record for ANY game on 2026-08-02 at T-8h
  2026-08-02 DAL v CON T-90m   missing_job_did_not_run    no base record for ANY game on 2026-08-02 at T-90m
  2026-08-02 DAL v CON T-30m   missing_job_did_not_run    no base record for ANY game on 2026-08-02 at T-30m
  2026-08-02 GSV v TOR T-24h   missing_job_did_not_run    no base record for ANY game on 2026-08-02 at T-24h
  2026-08-02 GSV v TOR T-8h    missing_job_did_not_run    no base record for ANY game on 2026-08-02 at T-8h
  2026-08-02 GSV v TOR T-90m   missing_job_did_not_run    no base record for ANY game on 2026-08-02 at T-90m
  2026-08-02 GSV v TOR T-30m   missing_job_did_not_run    no base record for ANY game on 2026-08-02 at T-30m
  2026-08-02 MIN v IND T-24h   missing_job_did_not_run    no base record for ANY game on 2026-08-02 at T-24h
  2026-08-02 MIN v IND T-8h    missing_job_did_not_run    no base record for ANY game on 2026-08-02 at T-8h
  2026-08-02 MIN v IND T-90m   missing_job_did_not_run    no base record for ANY game on 2026-08-02 at T-90m
  2026-08-02 MIN v IND T-30m   missing_job_did_not_run    no base record for ANY game on 2026-08-02 at T-30m
  2026-08-02 PDX v LAS T-24h   missing_job_did_not_run    no base record for ANY game on 2026-08-02 at T-24h
  2026-08-02 PDX v LAS T-8h    missing_job_did_not_run    no base record for ANY game on 2026-08-02 at T-8h
  2026-08-02 PDX v LAS T-90m   missing_job_did_not_run    no base record for ANY game on 2026-08-02 at T-90m
  2026-08-02 PDX v LAS T-30m   missing_job_did_not_run    no base record for ANY game on 2026-08-02 at T-30m
  2026-08-03 NYL v SEA T-24h   missing_job_did_not_run    no base record for ANY game on 2026-08-03 at T-24h
  2026-08-03 NYL v SEA T-30m   late_record                created 2026-08-03T22:45:08.958486+00:00 after cutoff
  2026-08-03 ATL v LVA T-24h   missing_job_did_not_run    no base record for ANY game on 2026-08-03 at T-24h
  2026-08-03 ATL v LVA T-30m   late_record                created 2026-08-03T22:45:08.976775+00:00 after cutoff
  2026-08-03 CHI v PHX T-24h   missing_job_did_not_run    no base record for ANY game on 2026-08-03 at T-24h
  2026-08-03 CHI v PHX T-30m   missing_data_unavailable   job served 2 other game(s) on 2026-08-03 at T-30m
  2026-08-04 GSV v TOR T-24h   missing_job_did_not_run    no base record for ANY game on 2026-08-04 at T-24h
  2026-08-05 WAS v DAL T-24h   missing_job_did_not_run    no base record for ANY game on 2026-08-05 at T-24h
  2026-08-05 NYL v SEA T-24h   missing_job_did_not_run    no base record for ANY game on 2026-08-05 at T-24h
  2026-08-05 NYL v SEA T-30m   late_record                created 2026-08-05T22:45:07.299457+00:00 after cutoff
  2026-08-05 ATL v PHX T-24h   missing_job_did_not_run    no base record for ANY game on 2026-08-05 at T-24h
  2026-08-05 ATL v PHX T-30m   late_record                created 2026-08-05T22:45:07.274521+00:00 after cutoff
  2026-08-05 CHI v LAS T-24h   missing_job_did_not_run    no base record for ANY game on 2026-08-05 at T-24h
  2026-08-05 CHI v LAS T-30m   missing_data_unavailable   job served 3 other game(s) on 2026-08-05 at T-30m
  2026-08-06 IND v LVA T-24h   missing_job_did_not_run    no base record for ANY game on 2026-08-06 at T-24h
  2026-08-06 IND v LVA T-30m   late_record                created 2026-08-06T22:45:09.382682+00:00 after cutoff
  2026-08-06 PDX v TOR T-24h   missing_job_did_not_run    no base record for ANY game on 2026-08-06 at T-24h
  2026-08-06 MIN v LAS T-24h   missing_job_did_not_run    no base record for ANY game on 2026-08-06 at T-24h
  2026-08-06 MIN v LAS T-30m   missing_data_unavailable   job served 2 other game(s) on 2026-08-06 at T-30m
  2026-08-07 WAS v ATL T-24h   missing_job_did_not_run    no base record for ANY game on 2026-08-07 at T-24h
  2026-08-07 CON v PHX T-24h   missing_job_did_not_run    no base record for ANY game on 2026-08-07 at T-24h
  2026-08-07 DAL v GSV T-24h   missing_job_did_not_run    no base record for ANY game on 2026-08-07 at T-24h

wrote forecasts/coverage_audit.csv and forecasts/coverage_receipt.json
[audit] exit=0 
==== Fri 08/07/2026  6:45:02.63 ==== 
[gate] 2026-08-07T10:45:03.264074+00:00  fire=False  -- no unserved obligation inside its 20-minute lead window (4 upcoming game(s) examined); 4 slate game(s) have no official game_id and were served under a provisional id: WAS v ATL (2026-08-07) -> PROV-2026-08-07-ATL@WAS, CON v PHX (2026-08-07) -> PROV-2026-08-07-PHX@CON, DAL v GSV (2026-08-07) -> PROV-2026-08-07-GSV@DAL, CHI v IND (2026-08-08) -> PROV-2026-08-08-IND@CHI
       WAS v ATL      T-8h    unserved cutoff 2026-08-07T15:30:00 (+285 min) 
       CON v PHX      T-8h    unserved cutoff 2026-08-07T15:30:00 (+285 min) 
       DAL v GSV      T-8h    unserved cutoff 2026-08-07T17:30:00 (+405 min) 
       CHI v IND      T-24h   unserved cutoff 2026-08-07T19:30:00 (+525 min) 
[gate] skipping the base job
[base] skipped - no unserved obligation in its lead window 
[base] exit=0 
================================================================================================
PROSPECTIVE PAIR RUNNER  2026-08-07T10:45:04.112647+00:00  model=ridge_score_level_w2c1_v1 hash=5d295bb8b99cd34e
================================================================================================
base records in official chain: 45
  late_prevented #0 ATL v SEA @ T-8h                cutoff 2026-07-31T15:35:00+00:00 already passed at 2026-08-0
  late_prevented #1 WAS v DAL @ T-8h                cutoff 2026-07-31T15:35:00+00:00 already passed at 2026-08-0
  late_prevented #2 PDX v IND @ T-8h                cutoff 2026-07-31T18:06:00+00:00 already passed at 2026-08-0
  late_prevented #3 ATL v SEA @ T-30m               cutoff 2026-07-31T23:05:00+00:00 already passed at 2026-08-0
  late_prevented #4 WAS v DAL @ T-30m               cutoff 2026-07-31T23:05:00+00:00 already passed at 2026-08-0
  late_prevented #5 PDX v IND @ T-90m               cutoff 2026-08-01T00:36:00+00:00 already passed at 2026-08-0
  late_prevented #6 CHI v LVA @ T-90m               cutoff 2026-08-01T15:35:00+00:00 already passed at 2026-08-0
  late_prevented #7 PHX v NYL @ T-90m               cutoff 2026-08-01T17:34:00+00:00 already passed at 2026-08-0
  skip           #8 CHI v LVA @ unknown-tip         base record is an explicit no-forecast; nothing to pair
  skip           #9 PHX v NYL @ unknown-tip         base record is an explicit no-forecast; nothing to pair
  late_prevented #10 NYL v SEA @ T-8h               cutoff 2026-08-03T15:04:00+00:00 already passed at 2026-08-0
  late_prevented #11 ATL v LVA @ T-8h               cutoff 2026-08-03T15:14:00+00:00 already passed at 2026-08-0
  late_prevented #12 CHI v PHX @ T-8h               cutoff 2026-08-03T17:08:00+00:00 already passed at 2026-08-0
  already_logged #13 NYL v SEA @ T-90m              idempotent: pair exists
  already_logged #14 ATL v LVA @ T-90m              idempotent: pair exists
  already_logged #15 CHI v PHX @ T-90m              idempotent: pair exists
  already_logged #16 NYL v SEA @ T-90m              idempotent: pair exists
  already_logged #17 ATL v LVA @ T-90m              idempotent: pair exists
  already_logged #18 CHI v PHX @ T-90m              idempotent: pair exists
  late_prevented #19 NYL v SEA @ T-30m              cutoff 2026-08-03T22:34:00+00:00 already passed at 2026-08-0
  late_prevented #20 ATL v LVA @ T-30m              cutoff 2026-08-03T22:44:00+00:00 already passed at 2026-08-0
  already_logged #21 CHI v PHX @ T-90m              idempotent: pair exists
  already_logged #22 GSV v TOR @ T-8h               idempotent: pair exists
  already_logged #23 GSV v TOR @ T-90m              idempotent: pair exists
  already_logged #24 GSV v TOR @ T-30m              idempotent: pair exists
  already_logged #25 ATL v PHX @ T-8h               idempotent: pair exists
  already_logged #26 NYL v SEA @ T-8h               idempotent: pair exists
  already_logged #27 WAS v DAL @ T-8h               idempotent: pair exists
  already_logged #28 CHI v LAS @ T-8h               idempotent: pair exists
  already_logged #29 ATL v PHX @ T-90m              idempotent: pair exists
  already_logged #30 NYL v SEA @ T-90m              idempotent: pair exists
  already_logged #31 WAS v DAL @ T-90m              idempotent: pair exists
  already_logged #32 CHI v LAS @ T-90m              idempotent: pair exists
  late_prevented #33 ATL v PHX @ T-30m              cutoff 2026-08-05T22:33:00+00:00 already passed at 2026-08-0
  late_prevented #34 NYL v SEA @ T-30m              cutoff 2026-08-05T22:38:00+00:00 already passed at 2026-08-0
  already_logged #35 WAS v DAL @ T-30m              idempotent: pair exists
  already_logged #36 CHI v LAS @ T-90m              idempotent: pair exists
  already_logged #37 IND v LVA @ T-8h               idempotent: pair exists
  already_logged #38 MIN v LAS @ T-8h               idempotent: pair exists
  already_logged #39 PDX v TOR @ T-8h               idempotent: pair exists
  already_logged #40 IND v LVA @ T-90m              idempotent: pair exists
  already_logged #41 MIN v LAS @ T-90m              idempotent: pair exists
  already_logged #42 PDX v TOR @ T-90m              idempotent: pair exists
  late_prevented #43 IND v LVA @ T-30m              cutoff 2026-08-06T22:36:00+00:00 already passed at 2026-08-0
  already_logged #44 PDX v TOR @ T-30m              idempotent: pair exists

  already_logged=27, late_prevented=16, skip=2
  arm chain: ok=True n=22 tip=65a67c3b31aa406e
  receipt appended to prospective_pair_runs.jsonl
[arm] exit=0 
====================================================================================================
FORECAST COVERAGE AUDIT   generated 2026-08-07T10:45:05.061209+00:00
====================================================================================================

CUMULATIVE by classification
  missing_job_did_not_run      36
  forecast_logged              33
  before_period_start          15
  not_yet_due                  13
  missing_data_unavailable     6
  late_record                  5

  obligations 108 | due 80 | served 33 | coverage 41.2%
  operational misses 36 | unexplained 0
  PROMOTION-GRADE: NO   (needs >= 95% served, <= 0 operational misses, all explained)

DAILY
  date         oblig  served     due     excl    opmiss arm_recs
  2026-07-30      12       0       0       12         0        0
  2026-07-31      12       6       9        3         0        0
  2026-08-01       8       2       8        0         6        0
  2026-08-02      16       0      16        0        16        0
  2026-08-03      12       6      12        0         3        3
  2026-08-04       4       3       4        0         1        3
  2026-08-05      16       9      16        0         4        9
  2026-08-06      12       7      12        0         3        7
  2026-08-07      12       0       3        9         3        0
  2026-08-08       4       0       0        4         0        0

EVERY MISSING OR IRREGULAR OBLIGATION (each must carry an explanation)
  2026-07-31 ATL v SEA T-90m   missing_data_unavailable   job served 1 other game(s) on 2026-07-31 at T-90m
  2026-07-31 WAS v DAL T-90m   missing_data_unavailable   job served 1 other game(s) on 2026-07-31 at T-90m
  2026-07-31 PDX v IND T-30m   missing_data_unavailable   job served 2 other game(s) on 2026-07-31 at T-30m
  2026-08-01 CHI v LVA T-24h   missing_job_did_not_run    no base record for ANY game on 2026-08-01 at T-24h
  2026-08-01 CHI v LVA T-8h    missing_job_did_not_run    no base record for ANY game on 2026-08-01 at T-8h
  2026-08-01 CHI v LVA T-30m   missing_job_did_not_run    no base record for ANY game on 2026-08-01 at T-30m
  2026-08-01 PHX v NYL T-24h   missing_job_did_not_run    no base record for ANY game on 2026-08-01 at T-24h
  2026-08-01 PHX v NYL T-8h    missing_job_did_not_run    no base record for ANY game on 2026-08-01 at T-8h
  2026-08-01 PHX v NYL T-30m   missing_job_did_not_run    no base record for ANY game on 2026-08-01 at T-30m
  2026-08-02 DAL v CON T-24h   missing_job_did_not_run    no base record for ANY game on 2026-08-02 at T-24h
  2026-08-02 DAL v CON T-8h    missing_job_did_not_run    no base record for ANY game on 2026-08-02 at T-8h
  2026-08-02 DAL v CON T-90m   missing_job_did_not_run    no base record for ANY game on 2026-08-02 at T-90m
  2026-08-02 DAL v CON T-30m   missing_job_did_not_run    no base record for ANY game on 2026-08-02 at T-30m
  2026-08-02 GSV v TOR T-24h   missing_job_did_not_run    no base record for ANY game on 2026-08-02 at T-24h
  2026-08-02 GSV v TOR T-8h    missing_job_did_not_run    no base record for ANY game on 2026-08-02 at T-8h
  2026-08-02 GSV v TOR T-90m   missing_job_did_not_run    no base record for ANY game on 2026-08-02 at T-90m
  2026-08-02 GSV v TOR T-30m   missing_job_did_not_run    no base record for ANY game on 2026-08-02 at T-30m
  2026-08-02 MIN v IND T-24h   missing_job_did_not_run    no base record for ANY game on 2026-08-02 at T-24h
  2026-08-02 MIN v IND T-8h    missing_job_did_not_run    no base record for ANY game on 2026-08-02 at T-8h
  2026-08-02 MIN v IND T-90m   missing_job_did_not_run    no base record for ANY game on 2026-08-02 at T-90m
  2026-08-02 MIN v IND T-30m   missing_job_did_not_run    no base record for ANY game on 2026-08-02 at T-30m
  2026-08-02 PDX v LAS T-24h   missing_job_did_not_run    no base record for ANY game on 2026-08-02 at T-24h
  2026-08-02 PDX v LAS T-8h    missing_job_did_not_run    no base record for ANY game on 2026-08-02 at T-8h
  2026-08-02 PDX v LAS T-90m   missing_job_did_not_run    no base record for ANY game on 2026-08-02 at T-90m
  2026-08-02 PDX v LAS T-30m   missing_job_did_not_run    no base record for ANY game on 2026-08-02 at T-30m
  2026-08-03 NYL v SEA T-24h   missing_job_did_not_run    no base record for ANY game on 2026-08-03 at T-24h
  2026-08-03 NYL v SEA T-30m   late_record                created 2026-08-03T22:45:08.958486+00:00 after cutoff
  2026-08-03 ATL v LVA T-24h   missing_job_did_not_run    no base record for ANY game on 2026-08-03 at T-24h
  2026-08-03 ATL v LVA T-30m   late_record                created 2026-08-03T22:45:08.976775+00:00 after cutoff
  2026-08-03 CHI v PHX T-24h   missing_job_did_not_run    no base record for ANY game on 2026-08-03 at T-24h
  2026-08-03 CHI v PHX T-30m   missing_data_unavailable   job served 2 other game(s) on 2026-08-03 at T-30m
  2026-08-04 GSV v TOR T-24h   missing_job_did_not_run    no base record for ANY game on 2026-08-04 at T-24h
  2026-08-05 WAS v DAL T-24h   missing_job_did_not_run    no base record for ANY game on 2026-08-05 at T-24h
  2026-08-05 NYL v SEA T-24h   missing_job_did_not_run    no base record for ANY game on 2026-08-05 at T-24h
  2026-08-05 NYL v SEA T-30m   late_record                created 2026-08-05T22:45:07.299457+00:00 after cutoff
  2026-08-05 ATL v PHX T-24h   missing_job_did_not_run    no base record for ANY game on 2026-08-05 at T-24h
  2026-08-05 ATL v PHX T-30m   late_record                created 2026-08-05T22:45:07.274521+00:00 after cutoff
  2026-08-05 CHI v LAS T-24h   missing_job_did_not_run    no base record for ANY game on 2026-08-05 at T-24h
  2026-08-05 CHI v LAS T-30m   missing_data_unavailable   job served 3 other game(s) on 2026-08-05 at T-30m
  2026-08-06 IND v LVA T-24h   missing_job_did_not_run    no base record for ANY game on 2026-08-06 at T-24h
  2026-08-06 IND v LVA T-30m   late_record                created 2026-08-06T22:45:09.382682+00:00 after cutoff
  2026-08-06 PDX v TOR T-24h   missing_job_did_not_run    no base record for ANY game on 2026-08-06 at T-24h
  2026-08-06 MIN v LAS T-24h   missing_job_did_not_run    no base record for ANY game on 2026-08-06 at T-24h
  2026-08-06 MIN v LAS T-30m   missing_data_unavailable   job served 2 other game(s) on 2026-08-06 at T-30m
  2026-08-07 WAS v ATL T-24h   missing_job_did_not_run    no base record for ANY game on 2026-08-07 at T-24h
  2026-08-07 CON v PHX T-24h   missing_job_did_not_run    no base record for ANY game on 2026-08-07 at T-24h
  2026-08-07 DAL v GSV T-24h   missing_job_did_not_run    no base record for ANY game on 2026-08-07 at T-24h

wrote forecasts/coverage_audit.csv and forecasts/coverage_receipt.json
[audit] exit=0 
==== Fri 08/07/2026  7:00:02.88 ==== 
[gate] 2026-08-07T11:00:03.556518+00:00  fire=False  -- no unserved obligation inside its 20-minute lead window (4 upcoming game(s) examined); 4 slate game(s) have no official game_id and were served under a provisional id: WAS v ATL (2026-08-07) -> PROV-2026-08-07-ATL@WAS, CON v PHX (2026-08-07) -> PROV-2026-08-07-PHX@CON, DAL v GSV (2026-08-07) -> PROV-2026-08-07-GSV@DAL, CHI v IND (2026-08-08) -> PROV-2026-08-08-IND@CHI
       WAS v ATL      T-8h    unserved cutoff 2026-08-07T15:30:00 (+270 min) 
       CON v PHX      T-8h    unserved cutoff 2026-08-07T15:30:00 (+270 min) 
       DAL v GSV      T-8h    unserved cutoff 2026-08-07T17:30:00 (+390 min) 
       CHI v IND      T-24h   unserved cutoff 2026-08-07T19:30:00 (+510 min) 
[gate] skipping the base job
[base] skipped - no unserved obligation in its lead window 
[base] exit=0 
================================================================================================
PROSPECTIVE PAIR RUNNER  2026-08-07T11:00:04.443941+00:00  model=ridge_score_level_w2c1_v1 hash=5d295bb8b99cd34e
================================================================================================
base records in official chain: 45
  late_prevented #0 ATL v SEA @ T-8h                cutoff 2026-07-31T15:35:00+00:00 already passed at 2026-08-0
  late_prevented #1 WAS v DAL @ T-8h                cutoff 2026-07-31T15:35:00+00:00 already passed at 2026-08-0
  late_prevented #2 PDX v IND @ T-8h                cutoff 2026-07-31T18:06:00+00:00 already passed at 2026-08-0
  late_prevented #3 ATL v SEA @ T-30m               cutoff 2026-07-31T23:05:00+00:00 already passed at 2026-08-0
  late_prevented #4 WAS v DAL @ T-30m               cutoff 2026-07-31T23:05:00+00:00 already passed at 2026-08-0
  late_prevented #5 PDX v IND @ T-90m               cutoff 2026-08-01T00:36:00+00:00 already passed at 2026-08-0
  late_prevented #6 CHI v LVA @ T-90m               cutoff 2026-08-01T15:35:00+00:00 already passed at 2026-08-0
  late_prevented #7 PHX v NYL @ T-90m               cutoff 2026-08-01T17:34:00+00:00 already passed at 2026-08-0
  skip           #8 CHI v LVA @ unknown-tip         base record is an explicit no-forecast; nothing to pair
  skip           #9 PHX v NYL @ unknown-tip         base record is an explicit no-forecast; nothing to pair
  late_prevented #10 NYL v SEA @ T-8h               cutoff 2026-08-03T15:04:00+00:00 already passed at 2026-08-0
  late_prevented #11 ATL v LVA @ T-8h               cutoff 2026-08-03T15:14:00+00:00 already passed at 2026-08-0
  late_prevented #12 CHI v PHX @ T-8h               cutoff 2026-08-03T17:08:00+00:00 already passed at 2026-08-0
  already_logged #13 NYL v SEA @ T-90m              idempotent: pair exists
  already_logged #14 ATL v LVA @ T-90m              idempotent: pair exists
  already_logged #15 CHI v PHX @ T-90m              idempotent: pair exists
  already_logged #16 NYL v SEA @ T-90m              idempotent: pair exists
  already_logged #17 ATL v LVA @ T-90m              idempotent: pair exists
  already_logged #18 CHI v PHX @ T-90m              idempotent: pair exists
  late_prevented #19 NYL v SEA @ T-30m              cutoff 2026-08-03T22:34:00+00:00 already passed at 2026-08-0
  late_prevented #20 ATL v LVA @ T-30m              cutoff 2026-08-03T22:44:00+00:00 already passed at 2026-08-0
  already_logged #21 CHI v PHX @ T-90m              idempotent: pair exists
  already_logged #22 GSV v TOR @ T-8h               idempotent: pair exists
  already_logged #23 GSV v TOR @ T-90m              idempotent: pair exists
  already_logged #24 GSV v TOR @ T-30m              idempotent: pair exists
  already_logged #25 ATL v PHX @ T-8h               idempotent: pair exists
  already_logged #26 NYL v SEA @ T-8h               idempotent: pair exists
  already_logged #27 WAS v DAL @ T-8h               idempotent: pair exists
  already_logged #28 CHI v LAS @ T-8h               idempotent: pair exists
  already_logged #29 ATL v PHX @ T-90m              idempotent: pair exists
  already_logged #30 NYL v SEA @ T-90m              idempotent: pair exists
  already_logged #31 WAS v DAL @ T-90m              idempotent: pair exists
  already_logged #32 CHI v LAS @ T-90m              idempotent: pair exists
  late_prevented #33 ATL v PHX @ T-30m              cutoff 2026-08-05T22:33:00+00:00 already passed at 2026-08-0
  late_prevented #34 NYL v SEA @ T-30m              cutoff 2026-08-05T22:38:00+00:00 already passed at 2026-08-0
  already_logged #35 WAS v DAL @ T-30m              idempotent: pair exists
  already_logged #36 CHI v LAS @ T-90m              idempotent: pair exists
  already_logged #37 IND v LVA @ T-8h               idempotent: pair exists
  already_logged #38 MIN v LAS @ T-8h               idempotent: pair exists
  already_logged #39 PDX v TOR @ T-8h               idempotent: pair exists
  already_logged #40 IND v LVA @ T-90m              idempotent: pair exists
  already_logged #41 MIN v LAS @ T-90m              idempotent: pair exists
  already_logged #42 PDX v TOR @ T-90m              idempotent: pair exists
  late_prevented #43 IND v LVA @ T-30m              cutoff 2026-08-06T22:36:00+00:00 already passed at 2026-08-0
  already_logged #44 PDX v TOR @ T-30m              idempotent: pair exists

  already_logged=27, late_prevented=16, skip=2
  arm chain: ok=True n=22 tip=65a67c3b31aa406e
  receipt appended to prospective_pair_runs.jsonl
[arm] exit=0 
====================================================================================================
FORECAST COVERAGE AUDIT   generated 2026-08-07T11:00:05.441344+00:00
====================================================================================================

CUMULATIVE by classification
  missing_job_did_not_run      36
  forecast_logged              33
  before_period_start          15
  not_yet_due                  13
  missing_data_unavailable     6
  late_record                  5

  obligations 108 | due 80 | served 33 | coverage 41.2%
  operational misses 36 | unexplained 0
  PROMOTION-GRADE: NO   (needs >= 95% served, <= 0 operational misses, all explained)

DAILY
  date         oblig  served     due     excl    opmiss arm_recs
  2026-07-30      12       0       0       12         0        0
  2026-07-31      12       6       9        3         0        0
  2026-08-01       8       2       8        0         6        0
  2026-08-02      16       0      16        0        16        0
  2026-08-03      12       6      12        0         3        3
  2026-08-04       4       3       4        0         1        3
  2026-08-05      16       9      16        0         4        9
  2026-08-06      12       7      12        0         3        7
  2026-08-07      12       0       3        9         3        0
  2026-08-08       4       0       0        4         0        0

EVERY MISSING OR IRREGULAR OBLIGATION (each must carry an explanation)
  2026-07-31 ATL v SEA T-90m   missing_data_unavailable   job served 1 other game(s) on 2026-07-31 at T-90m
  2026-07-31 WAS v DAL T-90m   missing_data_unavailable   job served 1 other game(s) on 2026-07-31 at T-90m
  2026-07-31 PDX v IND T-30m   missing_data_unavailable   job served 2 other game(s) on 2026-07-31 at T-30m
  2026-08-01 CHI v LVA T-24h   missing_job_did_not_run    no base record for ANY game on 2026-08-01 at T-24h
  2026-08-01 CHI v LVA T-8h    missing_job_did_not_run    no base record for ANY game on 2026-08-01 at T-8h
  2026-08-01 CHI v LVA T-30m   missing_job_did_not_run    no base record for ANY game on 2026-08-01 at T-30m
  2026-08-01 PHX v NYL T-24h   missing_job_did_not_run    no base record for ANY game on 2026-08-01 at T-24h
  2026-08-01 PHX v NYL T-8h    missing_job_did_not_run    no base record for ANY game on 2026-08-01 at T-8h
  2026-08-01 PHX v NYL T-30m   missing_job_did_not_run    no base record for ANY game on 2026-08-01 at T-30m
  2026-08-02 DAL v CON T-24h   missing_job_did_not_run    no base record for ANY game on 2026-08-02 at T-24h
  2026-08-02 DAL v CON T-8h    missing_job_did_not_run    no base record for ANY game on 2026-08-02 at T-8h
  2026-08-02 DAL v CON T-90m   missing_job_did_not_run    no base record for ANY game on 2026-08-02 at T-90m
  2026-08-02 DAL v CON T-30m   missing_job_did_not_run    no base record for ANY game on 2026-08-02 at T-30m
  2026-08-02 GSV v TOR T-24h   missing_job_did_not_run    no base record for ANY game on 2026-08-02 at T-24h
  2026-08-02 GSV v TOR T-8h    missing_job_did_not_run    no base record for ANY game on 2026-08-02 at T-8h
  2026-08-02 GSV v TOR T-90m   missing_job_did_not_run    no base record for ANY game on 2026-08-02 at T-90m
  2026-08-02 GSV v TOR T-30m   missing_job_did_not_run    no base record for ANY game on 2026-08-02 at T-30m
  2026-08-02 MIN v IND T-24h   missing_job_did_not_run    no base record for ANY game on 2026-08-02 at T-24h
  2026-08-02 MIN v IND T-8h    missing_job_did_not_run    no base record for ANY game on 2026-08-02 at T-8h
  2026-08-02 MIN v IND T-90m   missing_job_did_not_run    no base record for ANY game on 2026-08-02 at T-90m
  2026-08-02 MIN v IND T-30m   missing_job_did_not_run    no base record for ANY game on 2026-08-02 at T-30m
  2026-08-02 PDX v LAS T-24h   missing_job_did_not_run    no base record for ANY game on 2026-08-02 at T-24h
  2026-08-02 PDX v LAS T-8h    missing_job_did_not_run    no base record for ANY game on 2026-08-02 at T-8h
  2026-08-02 PDX v LAS T-90m   missing_job_did_not_run    no base record for ANY game on 2026-08-02 at T-90m
  2026-08-02 PDX v LAS T-30m   missing_job_did_not_run    no base record for ANY game on 2026-08-02 at T-30m
  2026-08-03 NYL v SEA T-24h   missing_job_did_not_run    no base record for ANY game on 2026-08-03 at T-24h
  2026-08-03 NYL v SEA T-30m   late_record                created 2026-08-03T22:45:08.958486+00:00 after cutoff
  2026-08-03 ATL v LVA T-24h   missing_job_did_not_run    no base record for ANY game on 2026-08-03 at T-24h
  2026-08-03 ATL v LVA T-30m   late_record                created 2026-08-03T22:45:08.976775+00:00 after cutoff
  2026-08-03 CHI v PHX T-24h   missing_job_did_not_run    no base record for ANY game on 2026-08-03 at T-24h
  2026-08-03 CHI v PHX T-30m   missing_data_unavailable   job served 2 other game(s) on 2026-08-03 at T-30m
  2026-08-04 GSV v TOR T-24h   missing_job_did_not_run    no base record for ANY game on 2026-08-04 at T-24h
  2026-08-05 WAS v DAL T-24h   missing_job_did_not_run    no base record for ANY game on 2026-08-05 at T-24h
  2026-08-05 NYL v SEA T-24h   missing_job_did_not_run    no base record for ANY game on 2026-08-05 at T-24h
  2026-08-05 NYL v SEA T-30m   late_record                created 2026-08-05T22:45:07.299457+00:00 after cutoff
  2026-08-05 ATL v PHX T-24h   missing_job_did_not_run    no base record for ANY game on 2026-08-05 at T-24h
  2026-08-05 ATL v PHX T-30m   late_record                created 2026-08-05T22:45:07.274521+00:00 after cutoff
  2026-08-05 CHI v LAS T-24h   missing_job_did_not_run    no base record for ANY game on 2026-08-05 at T-24h
  2026-08-05 CHI v LAS T-30m   missing_data_unavailable   job served 3 other game(s) on 2026-08-05 at T-30m
  2026-08-06 IND v LVA T-24h   missing_job_did_not_run    no base record for ANY game on 2026-08-06 at T-24h
  2026-08-06 IND v LVA T-30m   late_record                created 2026-08-06T22:45:09.382682+00:00 after cutoff
  2026-08-06 PDX v TOR T-24h   missing_job_did_not_run    no base record for ANY game on 2026-08-06 at T-24h
  2026-08-06 MIN v LAS T-24h   missing_job_did_not_run    no base record for ANY game on 2026-08-06 at T-24h
  2026-08-06 MIN v LAS T-30m   missing_data_unavailable   job served 2 other game(s) on 2026-08-06 at T-30m
  2026-08-07 WAS v ATL T-24h   missing_job_did_not_run    no base record for ANY game on 2026-08-07 at T-24h
  2026-08-07 CON v PHX T-24h   missing_job_did_not_run    no base record for ANY game on 2026-08-07 at T-24h
  2026-08-07 DAL v GSV T-24h   missing_job_did_not_run    no base record for ANY game on 2026-08-07 at T-24h

wrote forecasts/coverage_audit.csv and forecasts/coverage_receipt.json
[audit] exit=0 
==== Fri 08/07/2026  7:15:02.71 ==== 
[gate] 2026-08-07T11:15:03.370488+00:00  fire=False  -- no unserved obligation inside its 20-minute lead window (4 upcoming game(s) examined); 4 slate game(s) have no official game_id and were served under a provisional id: WAS v ATL (2026-08-07) -> PROV-2026-08-07-ATL@WAS, CON v PHX (2026-08-07) -> PROV-2026-08-07-PHX@CON, DAL v GSV (2026-08-07) -> PROV-2026-08-07-GSV@DAL, CHI v IND (2026-08-08) -> PROV-2026-08-08-IND@CHI
       WAS v ATL      T-8h    unserved cutoff 2026-08-07T15:30:00 (+255 min) 
       CON v PHX      T-8h    unserved cutoff 2026-08-07T15:30:00 (+255 min) 
       DAL v GSV      T-8h    unserved cutoff 2026-08-07T17:30:00 (+375 min) 
       CHI v IND      T-24h   unserved cutoff 2026-08-07T19:30:00 (+495 min) 
[gate] skipping the base job
[base] skipped - no unserved obligation in its lead window 
[base] exit=0 
================================================================================================
PROSPECTIVE PAIR RUNNER  2026-08-07T11:15:04.267978+00:00  model=ridge_score_level_w2c1_v1 hash=5d295bb8b99cd34e
================================================================================================
base records in official chain: 45
  late_prevented #0 ATL v SEA @ T-8h                cutoff 2026-07-31T15:35:00+00:00 already passed at 2026-08-0
  late_prevented #1 WAS v DAL @ T-8h                cutoff 2026-07-31T15:35:00+00:00 already passed at 2026-08-0
  late_prevented #2 PDX v IND @ T-8h                cutoff 2026-07-31T18:06:00+00:00 already passed at 2026-08-0
  late_prevented #3 ATL v SEA @ T-30m               cutoff 2026-07-31T23:05:00+00:00 already passed at 2026-08-0
  late_prevented #4 WAS v DAL @ T-30m               cutoff 2026-07-31T23:05:00+00:00 already passed at 2026-08-0
  late_prevented #5 PDX v IND @ T-90m               cutoff 2026-08-01T00:36:00+00:00 already passed at 2026-08-0
  late_prevented #6 CHI v LVA @ T-90m               cutoff 2026-08-01T15:35:00+00:00 already passed at 2026-08-0
  late_prevented #7 PHX v NYL @ T-90m               cutoff 2026-08-01T17:34:00+00:00 already passed at 2026-08-0
  skip           #8 CHI v LVA @ unknown-tip         base record is an explicit no-forecast; nothing to pair
  skip           #9 PHX v NYL @ unknown-tip         base record is an explicit no-forecast; nothing to pair
  late_prevented #10 NYL v SEA @ T-8h               cutoff 2026-08-03T15:04:00+00:00 already passed at 2026-08-0
  late_prevented #11 ATL v LVA @ T-8h               cutoff 2026-08-03T15:14:00+00:00 already passed at 2026-08-0
  late_prevented #12 CHI v PHX @ T-8h               cutoff 2026-08-03T17:08:00+00:00 already passed at 2026-08-0
  already_logged #13 NYL v SEA @ T-90m              idempotent: pair exists
  already_logged #14 ATL v LVA @ T-90m              idempotent: pair exists
  already_logged #15 CHI v PHX @ T-90m              idempotent: pair exists
  already_logged #16 NYL v SEA @ T-90m              idempotent: pair exists
  already_logged #17 ATL v LVA @ T-90m              idempotent: pair exists
  already_logged #18 CHI v PHX @ T-90m              idempotent: pair exists
  late_prevented #19 NYL v SEA @ T-30m              cutoff 2026-08-03T22:34:00+00:00 already passed at 2026-08-0
  late_prevented #20 ATL v LVA @ T-30m              cutoff 2026-08-03T22:44:00+00:00 already passed at 2026-08-0
  already_logged #21 CHI v PHX @ T-90m              idempotent: pair exists
  already_logged #22 GSV v TOR @ T-8h               idempotent: pair exists
  already_logged #23 GSV v TOR @ T-90m              idempotent: pair exists
  already_logged #24 GSV v TOR @ T-30m              idempotent: pair exists
  already_logged #25 ATL v PHX @ T-8h               idempotent: pair exists
  already_logged #26 NYL v SEA @ T-8h               idempotent: pair exists
  already_logged #27 WAS v DAL @ T-8h               idempotent: pair exists
  already_logged #28 CHI v LAS @ T-8h               idempotent: pair exists
  already_logged #29 ATL v PHX @ T-90m              idempotent: pair exists
  already_logged #30 NYL v SEA @ T-90m              idempotent: pair exists
  already_logged #31 WAS v DAL @ T-90m              idempotent: pair exists
  already_logged #32 CHI v LAS @ T-90m              idempotent: pair exists
  late_prevented #33 ATL v PHX @ T-30m              cutoff 2026-08-05T22:33:00+00:00 already passed at 2026-08-0
  late_prevented #34 NYL v SEA @ T-30m              cutoff 2026-08-05T22:38:00+00:00 already passed at 2026-08-0
  already_logged #35 WAS v DAL @ T-30m              idempotent: pair exists
  already_logged #36 CHI v LAS @ T-90m              idempotent: pair exists
  already_logged #37 IND v LVA @ T-8h               idempotent: pair exists
  already_logged #38 MIN v LAS @ T-8h               idempotent: pair exists
  already_logged #39 PDX v TOR @ T-8h               idempotent: pair exists
  already_logged #40 IND v LVA @ T-90m              idempotent: pair exists
  already_logged #41 MIN v LAS @ T-90m              idempotent: pair exists
  already_logged #42 PDX v TOR @ T-90m              idempotent: pair exists
  late_prevented #43 IND v LVA @ T-30m              cutoff 2026-08-06T22:36:00+00:00 already passed at 2026-08-0
  already_logged #44 PDX v TOR @ T-30m              idempotent: pair exists

  already_logged=27, late_prevented=16, skip=2
  arm chain: ok=True n=22 tip=65a67c3b31aa406e
  receipt appended to prospective_pair_runs.jsonl
[arm] exit=0 
====================================================================================================
FORECAST COVERAGE AUDIT   generated 2026-08-07T11:15:05.248134+00:00
====================================================================================================

CUMULATIVE by classification
  missing_job_did_not_run      36
  forecast_logged              33
  before_period_start          15
  not_yet_due                  13
  missing_data_unavailable     6
  late_record                  5

  obligations 108 | due 80 | served 33 | coverage 41.2%
  operational misses 36 | unexplained 0
  PROMOTION-GRADE: NO   (needs >= 95% served, <= 0 operational misses, all explained)

DAILY
  date         oblig  served     due     excl    opmiss arm_recs
  2026-07-30      12       0       0       12         0        0
  2026-07-31      12       6       9        3         0        0
  2026-08-01       8       2       8        0         6        0
  2026-08-02      16       0      16        0        16        0
  2026-08-03      12       6      12        0         3        3
  2026-08-04       4       3       4        0         1        3
  2026-08-05      16       9      16        0         4        9
  2026-08-06      12       7      12        0         3        7
  2026-08-07      12       0       3        9         3        0
  2026-08-08       4       0       0        4         0        0

EVERY MISSING OR IRREGULAR OBLIGATION (each must carry an explanation)
  2026-07-31 ATL v SEA T-90m   missing_data_unavailable   job served 1 other game(s) on 2026-07-31 at T-90m
  2026-07-31 WAS v DAL T-90m   missing_data_unavailable   job served 1 other game(s) on 2026-07-31 at T-90m
  2026-07-31 PDX v IND T-30m   missing_data_unavailable   job served 2 other game(s) on 2026-07-31 at T-30m
  2026-08-01 CHI v LVA T-24h   missing_job_did_not_run    no base record for ANY game on 2026-08-01 at T-24h
  2026-08-01 CHI v LVA T-8h    missing_job_did_not_run    no base record for ANY game on 2026-08-01 at T-8h
  2026-08-01 CHI v LVA T-30m   missing_job_did_not_run    no base record for ANY game on 2026-08-01 at T-30m
  2026-08-01 PHX v NYL T-24h   missing_job_did_not_run    no base record for ANY game on 2026-08-01 at T-24h
  2026-08-01 PHX v NYL T-8h    missing_job_did_not_run    no base record for ANY game on 2026-08-01 at T-8h
  2026-08-01 PHX v NYL T-30m   missing_job_did_not_run    no base record for ANY game on 2026-08-01 at T-30m
  2026-08-02 DAL v CON T-24h   missing_job_did_not_run    no base record for ANY game on 2026-08-02 at T-24h
  2026-08-02 DAL v CON T-8h    missing_job_did_not_run    no base record for ANY game on 2026-08-02 at T-8h
  2026-08-02 DAL v CON T-90m   missing_job_did_not_run    no base record for ANY game on 2026-08-02 at T-90m
  2026-08-02 DAL v CON T-30m   missing_job_did_not_run    no base record for ANY game on 2026-08-02 at T-30m
  2026-08-02 GSV v TOR T-24h   missing_job_did_not_run    no base record for ANY game on 2026-08-02 at T-24h
  2026-08-02 GSV v TOR T-8h    missing_job_did_not_run    no base record for ANY game on 2026-08-02 at T-8h
  2026-08-02 GSV v TOR T-90m   missing_job_did_not_run    no base record for ANY game on 2026-08-02 at T-90m
  2026-08-02 GSV v TOR T-30m   missing_job_did_not_run    no base record for ANY game on 2026-08-02 at T-30m
  2026-08-02 MIN v IND T-24h   missing_job_did_not_run    no base record for ANY game on 2026-08-02 at T-24h
  2026-08-02 MIN v IND T-8h    missing_job_did_not_run    no base record for ANY game on 2026-08-02 at T-8h
  2026-08-02 MIN v IND T-90m   missing_job_did_not_run    no base record for ANY game on 2026-08-02 at T-90m
  2026-08-02 MIN v IND T-30m   missing_job_did_not_run    no base record for ANY game on 2026-08-02 at T-30m
  2026-08-02 PDX v LAS T-24h   missing_job_did_not_run    no base record for ANY game on 2026-08-02 at T-24h
  2026-08-02 PDX v LAS T-8h    missing_job_did_not_run    no base record for ANY game on 2026-08-02 at T-8h
  2026-08-02 PDX v LAS T-90m   missing_job_did_not_run    no base record for ANY game on 2026-08-02 at T-90m
  2026-08-02 PDX v LAS T-30m   missing_job_did_not_run    no base record for ANY game on 2026-08-02 at T-30m
  2026-08-03 NYL v SEA T-24h   missing_job_did_not_run    no base record for ANY game on 2026-08-03 at T-24h
  2026-08-03 NYL v SEA T-30m   late_record                created 2026-08-03T22:45:08.958486+00:00 after cutoff
  2026-08-03 ATL v LVA T-24h   missing_job_did_not_run    no base record for ANY game on 2026-08-03 at T-24h
  2026-08-03 ATL v LVA T-30m   late_record                created 2026-08-03T22:45:08.976775+00:00 after cutoff
  2026-08-03 CHI v PHX T-24h   missing_job_did_not_run    no base record for ANY game on 2026-08-03 at T-24h
  2026-08-03 CHI v PHX T-30m   missing_data_unavailable   job served 2 other game(s) on 2026-08-03 at T-30m
  2026-08-04 GSV v TOR T-24h   missing_job_did_not_run    no base record for ANY game on 2026-08-04 at T-24h
  2026-08-05 WAS v DAL T-24h   missing_job_did_not_run    no base record for ANY game on 2026-08-05 at T-24h
  2026-08-05 NYL v SEA T-24h   missing_job_did_not_run    no base record for ANY game on 2026-08-05 at T-24h
  2026-08-05 NYL v SEA T-30m   late_record                created 2026-08-05T22:45:07.299457+00:00 after cutoff
  2026-08-05 ATL v PHX T-24h   missing_job_did_not_run    no base record for ANY game on 2026-08-05 at T-24h
  2026-08-05 ATL v PHX T-30m   late_record                created 2026-08-05T22:45:07.274521+00:00 after cutoff
  2026-08-05 CHI v LAS T-24h   missing_job_did_not_run    no base record for ANY game on 2026-08-05 at T-24h
  2026-08-05 CHI v LAS T-30m   missing_data_unavailable   job served 3 other game(s) on 2026-08-05 at T-30m
  2026-08-06 IND v LVA T-24h   missing_job_did_not_run    no base record for ANY game on 2026-08-06 at T-24h
  2026-08-06 IND v LVA T-30m   late_record                created 2026-08-06T22:45:09.382682+00:00 after cutoff
  2026-08-06 PDX v TOR T-24h   missing_job_did_not_run    no base record for ANY game on 2026-08-06 at T-24h
  2026-08-06 MIN v LAS T-24h   missing_job_did_not_run    no base record for ANY game on 2026-08-06 at T-24h
  2026-08-06 MIN v LAS T-30m   missing_data_unavailable   job served 2 other game(s) on 2026-08-06 at T-30m
  2026-08-07 WAS v ATL T-24h   missing_job_did_not_run    no base record for ANY game on 2026-08-07 at T-24h
  2026-08-07 CON v PHX T-24h   missing_job_did_not_run    no base record for ANY game on 2026-08-07 at T-24h
  2026-08-07 DAL v GSV T-24h   missing_job_did_not_run    no base record for ANY game on 2026-08-07 at T-24h

wrote forecasts/coverage_audit.csv and forecasts/coverage_receipt.json
[audit] exit=0 
==== Fri 08/07/2026  7:30:02.65 ==== 
[gate] 2026-08-07T11:30:03.290599+00:00  fire=False  -- no unserved obligation inside its 20-minute lead window (4 upcoming game(s) examined); 4 slate game(s) have no official game_id and were served under a provisional id: WAS v ATL (2026-08-07) -> PROV-2026-08-07-ATL@WAS, CON v PHX (2026-08-07) -> PROV-2026-08-07-PHX@CON, DAL v GSV (2026-08-07) -> PROV-2026-08-07-GSV@DAL, CHI v IND (2026-08-08) -> PROV-2026-08-08-IND@CHI
       WAS v ATL      T-8h    unserved cutoff 2026-08-07T15:30:00 (+240 min) 
       CON v PHX      T-8h    unserved cutoff 2026-08-07T15:30:00 (+240 min) 
       DAL v GSV      T-8h    unserved cutoff 2026-08-07T17:30:00 (+360 min) 
       CHI v IND      T-24h   unserved cutoff 2026-08-07T19:30:00 (+480 min) 
[gate] skipping the base job
[base] skipped - no unserved obligation in its lead window 
[base] exit=0 
================================================================================================
PROSPECTIVE PAIR RUNNER  2026-08-07T11:30:04.333857+00:00  model=ridge_score_level_w2c1_v1 hash=5d295bb8b99cd34e
================================================================================================
base records in official chain: 45
  late_prevented #0 ATL v SEA @ T-8h                cutoff 2026-07-31T15:35:00+00:00 already passed at 2026-08-0
  late_prevented #1 WAS v DAL @ T-8h                cutoff 2026-07-31T15:35:00+00:00 already passed at 2026-08-0
  late_prevented #2 PDX v IND @ T-8h                cutoff 2026-07-31T18:06:00+00:00 already passed at 2026-08-0
  late_prevented #3 ATL v SEA @ T-30m               cutoff 2026-07-31T23:05:00+00:00 already passed at 2026-08-0
  late_prevented #4 WAS v DAL @ T-30m               cutoff 2026-07-31T23:05:00+00:00 already passed at 2026-08-0
  late_prevented #5 PDX v IND @ T-90m               cutoff 2026-08-01T00:36:00+00:00 already passed at 2026-08-0
  late_prevented #6 CHI v LVA @ T-90m               cutoff 2026-08-01T15:35:00+00:00 already passed at 2026-08-0
  late_prevented #7 PHX v NYL @ T-90m               cutoff 2026-08-01T17:34:00+00:00 already passed at 2026-08-0
  skip           #8 CHI v LVA @ unknown-tip         base record is an explicit no-forecast; nothing to pair
  skip           #9 PHX v NYL @ unknown-tip         base record is an explicit no-forecast; nothing to pair
  late_prevented #10 NYL v SEA @ T-8h               cutoff 2026-08-03T15:04:00+00:00 already passed at 2026-08-0
  late_prevented #11 ATL v LVA @ T-8h               cutoff 2026-08-03T15:14:00+00:00 already passed at 2026-08-0
  late_prevented #12 CHI v PHX @ T-8h               cutoff 2026-08-03T17:08:00+00:00 already passed at 2026-08-0
  already_logged #13 NYL v SEA @ T-90m              idempotent: pair exists
  already_logged #14 ATL v LVA @ T-90m              idempotent: pair exists
  already_logged #15 CHI v PHX @ T-90m              idempotent: pair exists
  already_logged #16 NYL v SEA @ T-90m              idempotent: pair exists
  already_logged #17 ATL v LVA @ T-90m              idempotent: pair exists
  already_logged #18 CHI v PHX @ T-90m              idempotent: pair exists
  late_prevented #19 NYL v SEA @ T-30m              cutoff 2026-08-03T22:34:00+00:00 already passed at 2026-08-0
  late_prevented #20 ATL v LVA @ T-30m              cutoff 2026-08-03T22:44:00+00:00 already passed at 2026-08-0
  already_logged #21 CHI v PHX @ T-90m              idempotent: pair exists
  already_logged #22 GSV v TOR @ T-8h               idempotent: pair exists
  already_logged #23 GSV v TOR @ T-90m              idempotent: pair exists
  already_logged #24 GSV v TOR @ T-30m              idempotent: pair exists
  already_logged #25 ATL v PHX @ T-8h               idempotent: pair exists
  already_logged #26 NYL v SEA @ T-8h               idempotent: pair exists
  already_logged #27 WAS v DAL @ T-8h               idempotent: pair exists
  already_logged #28 CHI v LAS @ T-8h               idempotent: pair exists
  already_logged #29 ATL v PHX @ T-90m              idempotent: pair exists
  already_logged #30 NYL v SEA @ T-90m              idempotent: pair exists
  already_logged #31 WAS v DAL @ T-90m              idempotent: pair exists
  already_logged #32 CHI v LAS @ T-90m              idempotent: pair exists
  late_prevented #33 ATL v PHX @ T-30m              cutoff 2026-08-05T22:33:00+00:00 already passed at 2026-08-0
  late_prevented #34 NYL v SEA @ T-30m              cutoff 2026-08-05T22:38:00+00:00 already passed at 2026-08-0
  already_logged #35 WAS v DAL @ T-30m              idempotent: pair exists
  already_logged #36 CHI v LAS @ T-90m              idempotent: pair exists
  already_logged #37 IND v LVA @ T-8h               idempotent: pair exists
  already_logged #38 MIN v LAS @ T-8h               idempotent: pair exists
  already_logged #39 PDX v TOR @ T-8h               idempotent: pair exists
  already_logged #40 IND v LVA @ T-90m              idempotent: pair exists
  already_logged #41 MIN v LAS @ T-90m              idempotent: pair exists
  already_logged #42 PDX v TOR @ T-90m              idempotent: pair exists
  late_prevented #43 IND v LVA @ T-30m              cutoff 2026-08-06T22:36:00+00:00 already passed at 2026-08-0
  already_logged #44 PDX v TOR @ T-30m              idempotent: pair exists

  already_logged=27, late_prevented=16, skip=2
  arm chain: ok=True n=22 tip=65a67c3b31aa406e
  receipt appended to prospective_pair_runs.jsonl
[arm] exit=0 
====================================================================================================
FORECAST COVERAGE AUDIT   generated 2026-08-07T11:30:05.329159+00:00
====================================================================================================

CUMULATIVE by classification
  missing_job_did_not_run      36
  forecast_logged              33
  before_period_start          15
  not_yet_due                  13
  missing_data_unavailable     6
  late_record                  5

  obligations 108 | due 80 | served 33 | coverage 41.2%
  operational misses 36 | unexplained 0
  PROMOTION-GRADE: NO   (needs >= 95% served, <= 0 operational misses, all explained)

DAILY
  date         oblig  served     due     excl    opmiss arm_recs
  2026-07-30      12       0       0       12         0        0
  2026-07-31      12       6       9        3         0        0
  2026-08-01       8       2       8        0         6        0
  2026-08-02      16       0      16        0        16        0
  2026-08-03      12       6      12        0         3        3
  2026-08-04       4       3       4        0         1        3
  2026-08-05      16       9      16        0         4        9
  2026-08-06      12       7      12        0         3        7
  2026-08-07      12       0       3        9         3        0
  2026-08-08       4       0       0        4         0        0

EVERY MISSING OR IRREGULAR OBLIGATION (each must carry an explanation)
  2026-07-31 ATL v SEA T-90m   missing_data_unavailable   job served 1 other game(s) on 2026-07-31 at T-90m
  2026-07-31 WAS v DAL T-90m   missing_data_unavailable   job served 1 other game(s) on 2026-07-31 at T-90m
  2026-07-31 PDX v IND T-30m   missing_data_unavailable   job served 2 other game(s) on 2026-07-31 at T-30m
  2026-08-01 CHI v LVA T-24h   missing_job_did_not_run    no base record for ANY game on 2026-08-01 at T-24h
  2026-08-01 CHI v LVA T-8h    missing_job_did_not_run    no base record for ANY game on 2026-08-01 at T-8h
  2026-08-01 CHI v LVA T-30m   missing_job_did_not_run    no base record for ANY game on 2026-08-01 at T-30m
  2026-08-01 PHX v NYL T-24h   missing_job_did_not_run    no base record for ANY game on 2026-08-01 at T-24h
  2026-08-01 PHX v NYL T-8h    missing_job_did_not_run    no base record for ANY game on 2026-08-01 at T-8h
  2026-08-01 PHX v NYL T-30m   missing_job_did_not_run    no base record for ANY game on 2026-08-01 at T-30m
  2026-08-02 DAL v CON T-24h   missing_job_did_not_run    no base record for ANY game on 2026-08-02 at T-24h
  2026-08-02 DAL v CON T-8h    missing_job_did_not_run    no base record for ANY game on 2026-08-02 at T-8h
  2026-08-02 DAL v CON T-90m   missing_job_did_not_run    no base record for ANY game on 2026-08-02 at T-90m
  2026-08-02 DAL v CON T-30m   missing_job_did_not_run    no base record for ANY game on 2026-08-02 at T-30m
  2026-08-02 GSV v TOR T-24h   missing_job_did_not_run    no base record for ANY game on 2026-08-02 at T-24h
  2026-08-02 GSV v TOR T-8h    missing_job_did_not_run    no base record for ANY game on 2026-08-02 at T-8h
  2026-08-02 GSV v TOR T-90m   missing_job_did_not_run    no base record for ANY game on 2026-08-02 at T-90m
  2026-08-02 GSV v TOR T-30m   missing_job_did_not_run    no base record for ANY game on 2026-08-02 at T-30m
  2026-08-02 MIN v IND T-24h   missing_job_did_not_run    no base record for ANY game on 2026-08-02 at T-24h
  2026-08-02 MIN v IND T-8h    missing_job_did_not_run    no base record for ANY game on 2026-08-02 at T-8h
  2026-08-02 MIN v IND T-90m   missing_job_did_not_run    no base record for ANY game on 2026-08-02 at T-90m
  2026-08-02 MIN v IND T-30m   missing_job_did_not_run    no base record for ANY game on 2026-08-02 at T-30m
  2026-08-02 PDX v LAS T-24h   missing_job_did_not_run    no base record for ANY game on 2026-08-02 at T-24h
  2026-08-02 PDX v LAS T-8h    missing_job_did_not_run    no base record for ANY game on 2026-08-02 at T-8h
  2026-08-02 PDX v LAS T-90m   missing_job_did_not_run    no base record for ANY game on 2026-08-02 at T-90m
  2026-08-02 PDX v LAS T-30m   missing_job_did_not_run    no base record for ANY game on 2026-08-02 at T-30m
  2026-08-03 NYL v SEA T-24h   missing_job_did_not_run    no base record for ANY game on 2026-08-03 at T-24h
  2026-08-03 NYL v SEA T-30m   late_record                created 2026-08-03T22:45:08.958486+00:00 after cutoff
  2026-08-03 ATL v LVA T-24h   missing_job_did_not_run    no base record for ANY game on 2026-08-03 at T-24h
  2026-08-03 ATL v LVA T-30m   late_record                created 2026-08-03T22:45:08.976775+00:00 after cutoff
  2026-08-03 CHI v PHX T-24h   missing_job_did_not_run    no base record for ANY game on 2026-08-03 at T-24h
  2026-08-03 CHI v PHX T-30m   missing_data_unavailable   job served 2 other game(s) on 2026-08-03 at T-30m
  2026-08-04 GSV v TOR T-24h   missing_job_did_not_run    no base record for ANY game on 2026-08-04 at T-24h
  2026-08-05 WAS v DAL T-24h   missing_job_did_not_run    no base record for ANY game on 2026-08-05 at T-24h
  2026-08-05 NYL v SEA T-24h   missing_job_did_not_run    no base record for ANY game on 2026-08-05 at T-24h
  2026-08-05 NYL v SEA T-30m   late_record                created 2026-08-05T22:45:07.299457+00:00 after cutoff
  2026-08-05 ATL v PHX T-24h   missing_job_did_not_run    no base record for ANY game on 2026-08-05 at T-24h
  2026-08-05 ATL v PHX T-30m   late_record                created 2026-08-05T22:45:07.274521+00:00 after cutoff
  2026-08-05 CHI v LAS T-24h   missing_job_did_not_run    no base record for ANY game on 2026-08-05 at T-24h
  2026-08-05 CHI v LAS T-30m   missing_data_unavailable   job served 3 other game(s) on 2026-08-05 at T-30m
  2026-08-06 IND v LVA T-24h   missing_job_did_not_run    no base record for ANY game on 2026-08-06 at T-24h
  2026-08-06 IND v LVA T-30m   late_record                created 2026-08-06T22:45:09.382682+00:00 after cutoff
  2026-08-06 PDX v TOR T-24h   missing_job_did_not_run    no base record for ANY game on 2026-08-06 at T-24h
  2026-08-06 MIN v LAS T-24h   missing_job_did_not_run    no base record for ANY game on 2026-08-06 at T-24h
  2026-08-06 MIN v LAS T-30m   missing_data_unavailable   job served 2 other game(s) on 2026-08-06 at T-30m
  2026-08-07 WAS v ATL T-24h   missing_job_did_not_run    no base record for ANY game on 2026-08-07 at T-24h
  2026-08-07 CON v PHX T-24h   missing_job_did_not_run    no base record for ANY game on 2026-08-07 at T-24h
  2026-08-07 DAL v GSV T-24h   missing_job_did_not_run    no base record for ANY game on 2026-08-07 at T-24h

wrote forecasts/coverage_audit.csv and forecasts/coverage_receipt.json
[audit] exit=0 
==== Fri 08/07/2026  7:45:03.00 ==== 
[gate] 2026-08-07T11:45:04.009098+00:00  fire=False  -- no unserved obligation inside its 20-minute lead window (4 upcoming game(s) examined); 4 slate game(s) have no official game_id and were served under a provisional id: WAS v ATL (2026-08-07) -> PROV-2026-08-07-ATL@WAS, CON v PHX (2026-08-07) -> PROV-2026-08-07-PHX@CON, DAL v GSV (2026-08-07) -> PROV-2026-08-07-GSV@DAL, CHI v IND (2026-08-08) -> PROV-2026-08-08-IND@CHI
       WAS v ATL      T-8h    unserved cutoff 2026-08-07T15:30:00 (+225 min) 
       CON v PHX      T-8h    unserved cutoff 2026-08-07T15:30:00 (+225 min) 
       DAL v GSV      T-8h    unserved cutoff 2026-08-07T17:30:00 (+345 min) 
       CHI v IND      T-24h   unserved cutoff 2026-08-07T19:30:00 (+465 min) 
[gate] skipping the base job
[base] skipped - no unserved obligation in its lead window 
[base] exit=0 
================================================================================================
PROSPECTIVE PAIR RUNNER  2026-08-07T11:45:05.306612+00:00  model=ridge_score_level_w2c1_v1 hash=5d295bb8b99cd34e
================================================================================================
base records in official chain: 45
  late_prevented #0 ATL v SEA @ T-8h                cutoff 2026-07-31T15:35:00+00:00 already passed at 2026-08-0
  late_prevented #1 WAS v DAL @ T-8h                cutoff 2026-07-31T15:35:00+00:00 already passed at 2026-08-0
  late_prevented #2 PDX v IND @ T-8h                cutoff 2026-07-31T18:06:00+00:00 already passed at 2026-08-0
  late_prevented #3 ATL v SEA @ T-30m               cutoff 2026-07-31T23:05:00+00:00 already passed at 2026-08-0
  late_prevented #4 WAS v DAL @ T-30m               cutoff 2026-07-31T23:05:00+00:00 already passed at 2026-08-0
  late_prevented #5 PDX v IND @ T-90m               cutoff 2026-08-01T00:36:00+00:00 already passed at 2026-08-0
  late_prevented #6 CHI v LVA @ T-90m               cutoff 2026-08-01T15:35:00+00:00 already passed at 2026-08-0
  late_prevented #7 PHX v NYL @ T-90m               cutoff 2026-08-01T17:34:00+00:00 already passed at 2026-08-0
  skip           #8 CHI v LVA @ unknown-tip         base record is an explicit no-forecast; nothing to pair
  skip           #9 PHX v NYL @ unknown-tip         base record is an explicit no-forecast; nothing to pair
  late_prevented #10 NYL v SEA @ T-8h               cutoff 2026-08-03T15:04:00+00:00 already passed at 2026-08-0
  late_prevented #11 ATL v LVA @ T-8h               cutoff 2026-08-03T15:14:00+00:00 already passed at 2026-08-0
  late_prevented #12 CHI v PHX @ T-8h               cutoff 2026-08-03T17:08:00+00:00 already passed at 2026-08-0
  already_logged #13 NYL v SEA @ T-90m              idempotent: pair exists
  already_logged #14 ATL v LVA @ T-90m              idempotent: pair exists
  already_logged #15 CHI v PHX @ T-90m              idempotent: pair exists
  already_logged #16 NYL v SEA @ T-90m              idempotent: pair exists
  already_logged #17 ATL v LVA @ T-90m              idempotent: pair exists
  already_logged #18 CHI v PHX @ T-90m              idempotent: pair exists
  late_prevented #19 NYL v SEA @ T-30m              cutoff 2026-08-03T22:34:00+00:00 already passed at 2026-08-0
  late_prevented #20 ATL v LVA @ T-30m              cutoff 2026-08-03T22:44:00+00:00 already passed at 2026-08-0
  already_logged #21 CHI v PHX @ T-90m              idempotent: pair exists
  already_logged #22 GSV v TOR @ T-8h               idempotent: pair exists
  already_logged #23 GSV v TOR @ T-90m              idempotent: pair exists
  already_logged #24 GSV v TOR @ T-30m              idempotent: pair exists
  already_logged #25 ATL v PHX @ T-8h               idempotent: pair exists
  already_logged #26 NYL v SEA @ T-8h               idempotent: pair exists
  already_logged #27 WAS v DAL @ T-8h               idempotent: pair exists
  already_logged #28 CHI v LAS @ T-8h               idempotent: pair exists
  already_logged #29 ATL v PHX @ T-90m              idempotent: pair exists
  already_logged #30 NYL v SEA @ T-90m              idempotent: pair exists
  already_logged #31 WAS v DAL @ T-90m              idempotent: pair exists
  already_logged #32 CHI v LAS @ T-90m              idempotent: pair exists
  late_prevented #33 ATL v PHX @ T-30m              cutoff 2026-08-05T22:33:00+00:00 already passed at 2026-08-0
  late_prevented #34 NYL v SEA @ T-30m              cutoff 2026-08-05T22:38:00+00:00 already passed at 2026-08-0
  already_logged #35 WAS v DAL @ T-30m              idempotent: pair exists
  already_logged #36 CHI v LAS @ T-90m              idempotent: pair exists
  already_logged #37 IND v LVA @ T-8h               idempotent: pair exists
  already_logged #38 MIN v LAS @ T-8h               idempotent: pair exists
  already_logged #39 PDX v TOR @ T-8h               idempotent: pair exists
  already_logged #40 IND v LVA @ T-90m              idempotent: pair exists
  already_logged #41 MIN v LAS @ T-90m              idempotent: pair exists
  already_logged #42 PDX v TOR @ T-90m              idempotent: pair exists
  late_prevented #43 IND v LVA @ T-30m              cutoff 2026-08-06T22:36:00+00:00 already passed at 2026-08-0
  already_logged #44 PDX v TOR @ T-30m              idempotent: pair exists

  already_logged=27, late_prevented=16, skip=2
  arm chain: ok=True n=22 tip=65a67c3b31aa406e
  receipt appended to prospective_pair_runs.jsonl
[arm] exit=0 
====================================================================================================
FORECAST COVERAGE AUDIT   generated 2026-08-07T11:45:06.650488+00:00
====================================================================================================

CUMULATIVE by classification
  missing_job_did_not_run      36
  forecast_logged              33
  before_period_start          15
  not_yet_due                  13
  missing_data_unavailable     6
  late_record                  5

  obligations 108 | due 80 | served 33 | coverage 41.2%
  operational misses 36 | unexplained 0
  PROMOTION-GRADE: NO   (needs >= 95% served, <= 0 operational misses, all explained)

DAILY
  date         oblig  served     due     excl    opmiss arm_recs
  2026-07-30      12       0       0       12         0        0
  2026-07-31      12       6       9        3         0        0
  2026-08-01       8       2       8        0         6        0
  2026-08-02      16       0      16        0        16        0
  2026-08-03      12       6      12        0         3        3
  2026-08-04       4       3       4        0         1        3
  2026-08-05      16       9      16        0         4        9
  2026-08-06      12       7      12        0         3        7
  2026-08-07      12       0       3        9         3        0
  2026-08-08       4       0       0        4         0        0

EVERY MISSING OR IRREGULAR OBLIGATION (each must carry an explanation)
  2026-07-31 ATL v SEA T-90m   missing_data_unavailable   job served 1 other game(s) on 2026-07-31 at T-90m
  2026-07-31 WAS v DAL T-90m   missing_data_unavailable   job served 1 other game(s) on 2026-07-31 at T-90m
  2026-07-31 PDX v IND T-30m   missing_data_unavailable   job served 2 other game(s) on 2026-07-31 at T-30m
  2026-08-01 CHI v LVA T-24h   missing_job_did_not_run    no base record for ANY game on 2026-08-01 at T-24h
  2026-08-01 CHI v LVA T-8h    missing_job_did_not_run    no base record for ANY game on 2026-08-01 at T-8h
  2026-08-01 CHI v LVA T-30m   missing_job_did_not_run    no base record for ANY game on 2026-08-01 at T-30m
  2026-08-01 PHX v NYL T-24h   missing_job_did_not_run    no base record for ANY game on 2026-08-01 at T-24h
  2026-08-01 PHX v NYL T-8h    missing_job_did_not_run    no base record for ANY game on 2026-08-01 at T-8h
  2026-08-01 PHX v NYL T-30m   missing_job_did_not_run    no base record for ANY game on 2026-08-01 at T-30m
  2026-08-02 DAL v CON T-24h   missing_job_did_not_run    no base record for ANY game on 2026-08-02 at T-24h
  2026-08-02 DAL v CON T-8h    missing_job_did_not_run    no base record for ANY game on 2026-08-02 at T-8h
  2026-08-02 DAL v CON T-90m   missing_job_did_not_run    no base record for ANY game on 2026-08-02 at T-90m
  2026-08-02 DAL v CON T-30m   missing_job_did_not_run    no base record for ANY game on 2026-08-02 at T-30m
  2026-08-02 GSV v TOR T-24h   missing_job_did_not_run    no base record for ANY game on 2026-08-02 at T-24h
  2026-08-02 GSV v TOR T-8h    missing_job_did_not_run    no base record for ANY game on 2026-08-02 at T-8h
  2026-08-02 GSV v TOR T-90m   missing_job_did_not_run    no base record for ANY game on 2026-08-02 at T-90m
  2026-08-02 GSV v TOR T-30m   missing_job_did_not_run    no base record for ANY game on 2026-08-02 at T-30m
  2026-08-02 MIN v IND T-24h   missing_job_did_not_run    no base record for ANY game on 2026-08-02 at T-24h
  2026-08-02 MIN v IND T-8h    missing_job_did_not_run    no base record for ANY game on 2026-08-02 at T-8h
  2026-08-02 MIN v IND T-90m   missing_job_did_not_run    no base record for ANY game on 2026-08-02 at T-90m
  2026-08-02 MIN v IND T-30m   missing_job_did_not_run    no base record for ANY game on 2026-08-02 at T-30m
  2026-08-02 PDX v LAS T-24h   missing_job_did_not_run    no base record for ANY game on 2026-08-02 at T-24h
  2026-08-02 PDX v LAS T-8h    missing_job_did_not_run    no base record for ANY game on 2026-08-02 at T-8h
  2026-08-02 PDX v LAS T-90m   missing_job_did_not_run    no base record for ANY game on 2026-08-02 at T-90m
  2026-08-02 PDX v LAS T-30m   missing_job_did_not_run    no base record for ANY game on 2026-08-02 at T-30m
  2026-08-03 NYL v SEA T-24h   missing_job_did_not_run    no base record for ANY game on 2026-08-03 at T-24h
  2026-08-03 NYL v SEA T-30m   late_record                created 2026-08-03T22:45:08.958486+00:00 after cutoff
  2026-08-03 ATL v LVA T-24h   missing_job_did_not_run    no base record for ANY game on 2026-08-03 at T-24h
  2026-08-03 ATL v LVA T-30m   late_record                created 2026-08-03T22:45:08.976775+00:00 after cutoff
  2026-08-03 CHI v PHX T-24h   missing_job_did_not_run    no base record for ANY game on 2026-08-03 at T-24h
  2026-08-03 CHI v PHX T-30m   missing_data_unavailable   job served 2 other game(s) on 2026-08-03 at T-30m
  2026-08-04 GSV v TOR T-24h   missing_job_did_not_run    no base record for ANY game on 2026-08-04 at T-24h
  2026-08-05 WAS v DAL T-24h   missing_job_did_not_run    no base record for ANY game on 2026-08-05 at T-24h
  2026-08-05 NYL v SEA T-24h   missing_job_did_not_run    no base record for ANY game on 2026-08-05 at T-24h
  2026-08-05 NYL v SEA T-30m   late_record                created 2026-08-05T22:45:07.299457+00:00 after cutoff
  2026-08-05 ATL v PHX T-24h   missing_job_did_not_run    no base record for ANY game on 2026-08-05 at T-24h
  2026-08-05 ATL v PHX T-30m   late_record                created 2026-08-05T22:45:07.274521+00:00 after cutoff
  2026-08-05 CHI v LAS T-24h   missing_job_did_not_run    no base record for ANY game on 2026-08-05 at T-24h
  2026-08-05 CHI v LAS T-30m   missing_data_unavailable   job served 3 other game(s) on 2026-08-05 at T-30m
  2026-08-06 IND v LVA T-24h   missing_job_did_not_run    no base record for ANY game on 2026-08-06 at T-24h
  2026-08-06 IND v LVA T-30m   late_record                created 2026-08-06T22:45:09.382682+00:00 after cutoff
  2026-08-06 PDX v TOR T-24h   missing_job_did_not_run    no base record for ANY game on 2026-08-06 at T-24h
  2026-08-06 MIN v LAS T-24h   missing_job_did_not_run    no base record for ANY game on 2026-08-06 at T-24h
  2026-08-06 MIN v LAS T-30m   missing_data_unavailable   job served 2 other game(s) on 2026-08-06 at T-30m
  2026-08-07 WAS v ATL T-24h   missing_job_did_not_run    no base record for ANY game on 2026-08-07 at T-24h
  2026-08-07 CON v PHX T-24h   missing_job_did_not_run    no base record for ANY game on 2026-08-07 at T-24h
  2026-08-07 DAL v GSV T-24h   missing_job_did_not_run    no base record for ANY game on 2026-08-07 at T-24h

wrote forecasts/coverage_audit.csv and forecasts/coverage_receipt.json
[audit] exit=0 
==== Fri 08/07/2026  8:00:02.78 ==== 
[gate] 2026-08-07T12:00:03.468751+00:00  fire=False  -- no unserved obligation inside its 20-minute lead window (4 upcoming game(s) examined); 4 slate game(s) have no official game_id and were served under a provisional id: WAS v ATL (2026-08-07) -> PROV-2026-08-07-ATL@WAS, CON v PHX (2026-08-07) -> PROV-2026-08-07-PHX@CON, DAL v GSV (2026-08-07) -> PROV-2026-08-07-GSV@DAL, CHI v IND (2026-08-08) -> PROV-2026-08-08-IND@CHI
       WAS v ATL      T-8h    unserved cutoff 2026-08-07T15:30:00 (+210 min) 
       CON v PHX      T-8h    unserved cutoff 2026-08-07T15:30:00 (+210 min) 
       DAL v GSV      T-8h    unserved cutoff 2026-08-07T17:30:00 (+330 min) 
       CHI v IND      T-24h   unserved cutoff 2026-08-07T19:30:00 (+450 min) 
[gate] skipping the base job
[base] skipped - no unserved obligation in its lead window 
[base] exit=0 
================================================================================================
PROSPECTIVE PAIR RUNNER  2026-08-07T12:00:04.401890+00:00  model=ridge_score_level_w2c1_v1 hash=5d295bb8b99cd34e
================================================================================================
base records in official chain: 45
  late_prevented #0 ATL v SEA @ T-8h                cutoff 2026-07-31T15:35:00+00:00 already passed at 2026-08-0
  late_prevented #1 WAS v DAL @ T-8h                cutoff 2026-07-31T15:35:00+00:00 already passed at 2026-08-0
  late_prevented #2 PDX v IND @ T-8h                cutoff 2026-07-31T18:06:00+00:00 already passed at 2026-08-0
  late_prevented #3 ATL v SEA @ T-30m               cutoff 2026-07-31T23:05:00+00:00 already passed at 2026-08-0
  late_prevented #4 WAS v DAL @ T-30m               cutoff 2026-07-31T23:05:00+00:00 already passed at 2026-08-0
  late_prevented #5 PDX v IND @ T-90m               cutoff 2026-08-01T00:36:00+00:00 already passed at 2026-08-0
  late_prevented #6 CHI v LVA @ T-90m               cutoff 2026-08-01T15:35:00+00:00 already passed at 2026-08-0
  late_prevented #7 PHX v NYL @ T-90m               cutoff 2026-08-01T17:34:00+00:00 already passed at 2026-08-0
  skip           #8 CHI v LVA @ unknown-tip         base record is an explicit no-forecast; nothing to pair
  skip           #9 PHX v NYL @ unknown-tip         base record is an explicit no-forecast; nothing to pair
  late_prevented #10 NYL v SEA @ T-8h               cutoff 2026-08-03T15:04:00+00:00 already passed at 2026-08-0
  late_prevented #11 ATL v LVA @ T-8h               cutoff 2026-08-03T15:14:00+00:00 already passed at 2026-08-0
  late_prevented #12 CHI v PHX @ T-8h               cutoff 2026-08-03T17:08:00+00:00 already passed at 2026-08-0
  already_logged #13 NYL v SEA @ T-90m              idempotent: pair exists
  already_logged #14 ATL v LVA @ T-90m              idempotent: pair exists
  already_logged #15 CHI v PHX @ T-90m              idempotent: pair exists
  already_logged #16 NYL v SEA @ T-90m              idempotent: pair exists
  already_logged #17 ATL v LVA @ T-90m              idempotent: pair exists
  already_logged #18 CHI v PHX @ T-90m              idempotent: pair exists
  late_prevented #19 NYL v SEA @ T-30m              cutoff 2026-08-03T22:34:00+00:00 already passed at 2026-08-0
  late_prevented #20 ATL v LVA @ T-30m              cutoff 2026-08-03T22:44:00+00:00 already passed at 2026-08-0
  already_logged #21 CHI v PHX @ T-90m              idempotent: pair exists
  already_logged #22 GSV v TOR @ T-8h               idempotent: pair exists
  already_logged #23 GSV v TOR @ T-90m              idempotent: pair exists
  already_logged #24 GSV v TOR @ T-30m              idempotent: pair exists
  already_logged #25 ATL v PHX @ T-8h               idempotent: pair exists
  already_logged #26 NYL v SEA @ T-8h               idempotent: pair exists
  already_logged #27 WAS v DAL @ T-8h               idempotent: pair exists
  already_logged #28 CHI v LAS @ T-8h               idempotent: pair exists
  already_logged #29 ATL v PHX @ T-90m              idempotent: pair exists
  already_logged #30 NYL v SEA @ T-90m              idempotent: pair exists
  already_logged #31 WAS v DAL @ T-90m              idempotent: pair exists
  already_logged #32 CHI v LAS @ T-90m              idempotent: pair exists
  late_prevented #33 ATL v PHX @ T-30m              cutoff 2026-08-05T22:33:00+00:00 already passed at 2026-08-0
  late_prevented #34 NYL v SEA @ T-30m              cutoff 2026-08-05T22:38:00+00:00 already passed at 2026-08-0
  already_logged #35 WAS v DAL @ T-30m              idempotent: pair exists
  already_logged #36 CHI v LAS @ T-90m              idempotent: pair exists
  already_logged #37 IND v LVA @ T-8h               idempotent: pair exists
  already_logged #38 MIN v LAS @ T-8h               idempotent: pair exists
  already_logged #39 PDX v TOR @ T-8h               idempotent: pair exists
  already_logged #40 IND v LVA @ T-90m              idempotent: pair exists
  already_logged #41 MIN v LAS @ T-90m              idempotent: pair exists
  already_logged #42 PDX v TOR @ T-90m              idempotent: pair exists
  late_prevented #43 IND v LVA @ T-30m              cutoff 2026-08-06T22:36:00+00:00 already passed at 2026-08-0
  already_logged #44 PDX v TOR @ T-30m              idempotent: pair exists

  already_logged=27, late_prevented=16, skip=2
  arm chain: ok=True n=22 tip=65a67c3b31aa406e
  receipt appended to prospective_pair_runs.jsonl
[arm] exit=0 
====================================================================================================
FORECAST COVERAGE AUDIT   generated 2026-08-07T12:00:05.428192+00:00
====================================================================================================

CUMULATIVE by classification
  missing_job_did_not_run      36
  forecast_logged              33
  before_period_start          15
  not_yet_due                  13
  missing_data_unavailable     6
  late_record                  5

  obligations 108 | due 80 | served 33 | coverage 41.2%
  operational misses 36 | unexplained 0
  PROMOTION-GRADE: NO   (needs >= 95% served, <= 0 operational misses, all explained)

DAILY
  date         oblig  served     due     excl    opmiss arm_recs
  2026-07-30      12       0       0       12         0        0
  2026-07-31      12       6       9        3         0        0
  2026-08-01       8       2       8        0         6        0
  2026-08-02      16       0      16        0        16        0
  2026-08-03      12       6      12        0         3        3
  2026-08-04       4       3       4        0         1        3
  2026-08-05      16       9      16        0         4        9
  2026-08-06      12       7      12        0         3        7
  2026-08-07      12       0       3        9         3        0
  2026-08-08       4       0       0        4         0        0

EVERY MISSING OR IRREGULAR OBLIGATION (each must carry an explanation)
  2026-07-31 ATL v SEA T-90m   missing_data_unavailable   job served 1 other game(s) on 2026-07-31 at T-90m
  2026-07-31 WAS v DAL T-90m   missing_data_unavailable   job served 1 other game(s) on 2026-07-31 at T-90m
  2026-07-31 PDX v IND T-30m   missing_data_unavailable   job served 2 other game(s) on 2026-07-31 at T-30m
  2026-08-01 CHI v LVA T-24h   missing_job_did_not_run    no base record for ANY game on 2026-08-01 at T-24h
  2026-08-01 CHI v LVA T-8h    missing_job_did_not_run    no base record for ANY game on 2026-08-01 at T-8h
  2026-08-01 CHI v LVA T-30m   missing_job_did_not_run    no base record for ANY game on 2026-08-01 at T-30m
  2026-08-01 PHX v NYL T-24h   missing_job_did_not_run    no base record for ANY game on 2026-08-01 at T-24h
  2026-08-01 PHX v NYL T-8h    missing_job_did_not_run    no base record for ANY game on 2026-08-01 at T-8h
  2026-08-01 PHX v NYL T-30m   missing_job_did_not_run    no base record for ANY game on 2026-08-01 at T-30m
  2026-08-02 DAL v CON T-24h   missing_job_did_not_run    no base record for ANY game on 2026-08-02 at T-24h
  2026-08-02 DAL v CON T-8h    missing_job_did_not_run    no base record for ANY game on 2026-08-02 at T-8h
  2026-08-02 DAL v CON T-90m   missing_job_did_not_run    no base record for ANY game on 2026-08-02 at T-90m
  2026-08-02 DAL v CON T-30m   missing_job_did_not_run    no base record for ANY game on 2026-08-02 at T-30m
  2026-08-02 GSV v TOR T-24h   missing_job_did_not_run    no base record for ANY game on 2026-08-02 at T-24h
  2026-08-02 GSV v TOR T-8h    missing_job_did_not_run    no base record for ANY game on 2026-08-02 at T-8h
  2026-08-02 GSV v TOR T-90m   missing_job_did_not_run    no base record for ANY game on 2026-08-02 at T-90m
  2026-08-02 GSV v TOR T-30m   missing_job_did_not_run    no base record for ANY game on 2026-08-02 at T-30m
  2026-08-02 MIN v IND T-24h   missing_job_did_not_run    no base record for ANY game on 2026-08-02 at T-24h
  2026-08-02 MIN v IND T-8h    missing_job_did_not_run    no base record for ANY game on 2026-08-02 at T-8h
  2026-08-02 MIN v IND T-90m   missing_job_did_not_run    no base record for ANY game on 2026-08-02 at T-90m
  2026-08-02 MIN v IND T-30m   missing_job_did_not_run    no base record for ANY game on 2026-08-02 at T-30m
  2026-08-02 PDX v LAS T-24h   missing_job_did_not_run    no base record for ANY game on 2026-08-02 at T-24h
  2026-08-02 PDX v LAS T-8h    missing_job_did_not_run    no base record for ANY game on 2026-08-02 at T-8h
  2026-08-02 PDX v LAS T-90m   missing_job_did_not_run    no base record for ANY game on 2026-08-02 at T-90m
  2026-08-02 PDX v LAS T-30m   missing_job_did_not_run    no base record for ANY game on 2026-08-02 at T-30m
  2026-08-03 NYL v SEA T-24h   missing_job_did_not_run    no base record for ANY game on 2026-08-03 at T-24h
  2026-08-03 NYL v SEA T-30m   late_record                created 2026-08-03T22:45:08.958486+00:00 after cutoff
  2026-08-03 ATL v LVA T-24h   missing_job_did_not_run    no base record for ANY game on 2026-08-03 at T-24h
  2026-08-03 ATL v LVA T-30m   late_record                created 2026-08-03T22:45:08.976775+00:00 after cutoff
  2026-08-03 CHI v PHX T-24h   missing_job_did_not_run    no base record for ANY game on 2026-08-03 at T-24h
  2026-08-03 CHI v PHX T-30m   missing_data_unavailable   job served 2 other game(s) on 2026-08-03 at T-30m
  2026-08-04 GSV v TOR T-24h   missing_job_did_not_run    no base record for ANY game on 2026-08-04 at T-24h
  2026-08-05 WAS v DAL T-24h   missing_job_did_not_run    no base record for ANY game on 2026-08-05 at T-24h
  2026-08-05 NYL v SEA T-24h   missing_job_did_not_run    no base record for ANY game on 2026-08-05 at T-24h
  2026-08-05 NYL v SEA T-30m   late_record                created 2026-08-05T22:45:07.299457+00:00 after cutoff
  2026-08-05 ATL v PHX T-24h   missing_job_did_not_run    no base record for ANY game on 2026-08-05 at T-24h
  2026-08-05 ATL v PHX T-30m   late_record                created 2026-08-05T22:45:07.274521+00:00 after cutoff
  2026-08-05 CHI v LAS T-24h   missing_job_did_not_run    no base record for ANY game on 2026-08-05 at T-24h
  2026-08-05 CHI v LAS T-30m   missing_data_unavailable   job served 3 other game(s) on 2026-08-05 at T-30m
  2026-08-06 IND v LVA T-24h   missing_job_did_not_run    no base record for ANY game on 2026-08-06 at T-24h
  2026-08-06 IND v LVA T-30m   late_record                created 2026-08-06T22:45:09.382682+00:00 after cutoff
  2026-08-06 PDX v TOR T-24h   missing_job_did_not_run    no base record for ANY game on 2026-08-06 at T-24h
  2026-08-06 MIN v LAS T-24h   missing_job_did_not_run    no base record for ANY game on 2026-08-06 at T-24h
  2026-08-06 MIN v LAS T-30m   missing_data_unavailable   job served 2 other game(s) on 2026-08-06 at T-30m
  2026-08-07 WAS v ATL T-24h   missing_job_did_not_run    no base record for ANY game on 2026-08-07 at T-24h
  2026-08-07 CON v PHX T-24h   missing_job_did_not_run    no base record for ANY game on 2026-08-07 at T-24h
  2026-08-07 DAL v GSV T-24h   missing_job_did_not_run    no base record for ANY game on 2026-08-07 at T-24h

wrote forecasts/coverage_audit.csv and forecasts/coverage_receipt.json
[audit] exit=0 
==== Fri 08/07/2026  8:15:02.73 ==== 
[gate] 2026-08-07T12:15:03.391440+00:00  fire=False  -- no unserved obligation inside its 20-minute lead window (4 upcoming game(s) examined); 4 slate game(s) have no official game_id and were served under a provisional id: WAS v ATL (2026-08-07) -> PROV-2026-08-07-ATL@WAS, CON v PHX (2026-08-07) -> PROV-2026-08-07-PHX@CON, DAL v GSV (2026-08-07) -> PROV-2026-08-07-GSV@DAL, CHI v IND (2026-08-08) -> PROV-2026-08-08-IND@CHI
       WAS v ATL      T-8h    unserved cutoff 2026-08-07T15:30:00 (+195 min) 
       CON v PHX      T-8h    unserved cutoff 2026-08-07T15:30:00 (+195 min) 
       DAL v GSV      T-8h    unserved cutoff 2026-08-07T17:30:00 (+315 min) 
       CHI v IND      T-24h   unserved cutoff 2026-08-07T19:30:00 (+435 min) 
[gate] skipping the base job
[base] skipped - no unserved obligation in its lead window 
[base] exit=0 
================================================================================================
PROSPECTIVE PAIR RUNNER  2026-08-07T12:15:04.389988+00:00  model=ridge_score_level_w2c1_v1 hash=5d295bb8b99cd34e
================================================================================================
base records in official chain: 45
  late_prevented #0 ATL v SEA @ T-8h                cutoff 2026-07-31T15:35:00+00:00 already passed at 2026-08-0
  late_prevented #1 WAS v DAL @ T-8h                cutoff 2026-07-31T15:35:00+00:00 already passed at 2026-08-0
  late_prevented #2 PDX v IND @ T-8h                cutoff 2026-07-31T18:06:00+00:00 already passed at 2026-08-0
  late_prevented #3 ATL v SEA @ T-30m               cutoff 2026-07-31T23:05:00+00:00 already passed at 2026-08-0
  late_prevented #4 WAS v DAL @ T-30m               cutoff 2026-07-31T23:05:00+00:00 already passed at 2026-08-0
  late_prevented #5 PDX v IND @ T-90m               cutoff 2026-08-01T00:36:00+00:00 already passed at 2026-08-0
  late_prevented #6 CHI v LVA @ T-90m               cutoff 2026-08-01T15:35:00+00:00 already passed at 2026-08-0
  late_prevented #7 PHX v NYL @ T-90m               cutoff 2026-08-01T17:34:00+00:00 already passed at 2026-08-0
  skip           #8 CHI v LVA @ unknown-tip         base record is an explicit no-forecast; nothing to pair
  skip           #9 PHX v NYL @ unknown-tip         base record is an explicit no-forecast; nothing to pair
  late_prevented #10 NYL v SEA @ T-8h               cutoff 2026-08-03T15:04:00+00:00 already passed at 2026-08-0
  late_prevented #11 ATL v LVA @ T-8h               cutoff 2026-08-03T15:14:00+00:00 already passed at 2026-08-0
  late_prevented #12 CHI v PHX @ T-8h               cutoff 2026-08-03T17:08:00+00:00 already passed at 2026-08-0
  already_logged #13 NYL v SEA @ T-90m              idempotent: pair exists
  already_logged #14 ATL v LVA @ T-90m              idempotent: pair exists
  already_logged #15 CHI v PHX @ T-90m              idempotent: pair exists
  already_logged #16 NYL v SEA @ T-90m              idempotent: pair exists
  already_logged #17 ATL v LVA @ T-90m              idempotent: pair exists
  already_logged #18 CHI v PHX @ T-90m              idempotent: pair exists
  late_prevented #19 NYL v SEA @ T-30m              cutoff 2026-08-03T22:34:00+00:00 already passed at 2026-08-0
  late_prevented #20 ATL v LVA @ T-30m              cutoff 2026-08-03T22:44:00+00:00 already passed at 2026-08-0
  already_logged #21 CHI v PHX @ T-90m              idempotent: pair exists
  already_logged #22 GSV v TOR @ T-8h               idempotent: pair exists
  already_logged #23 GSV v TOR @ T-90m              idempotent: pair exists
  already_logged #24 GSV v TOR @ T-30m              idempotent: pair exists
  already_logged #25 ATL v PHX @ T-8h               idempotent: pair exists
  already_logged #26 NYL v SEA @ T-8h               idempotent: pair exists
  already_logged #27 WAS v DAL @ T-8h               idempotent: pair exists
  already_logged #28 CHI v LAS @ T-8h               idempotent: pair exists
  already_logged #29 ATL v PHX @ T-90m              idempotent: pair exists
  already_logged #30 NYL v SEA @ T-90m              idempotent: pair exists
  already_logged #31 WAS v DAL @ T-90m              idempotent: pair exists
  already_logged #32 CHI v LAS @ T-90m              idempotent: pair exists
  late_prevented #33 ATL v PHX @ T-30m              cutoff 2026-08-05T22:33:00+00:00 already passed at 2026-08-0
  late_prevented #34 NYL v SEA @ T-30m              cutoff 2026-08-05T22:38:00+00:00 already passed at 2026-08-0
  already_logged #35 WAS v DAL @ T-30m              idempotent: pair exists
  already_logged #36 CHI v LAS @ T-90m              idempotent: pair exists
  already_logged #37 IND v LVA @ T-8h               idempotent: pair exists
  already_logged #38 MIN v LAS @ T-8h               idempotent: pair exists
  already_logged #39 PDX v TOR @ T-8h               idempotent: pair exists
  already_logged #40 IND v LVA @ T-90m              idempotent: pair exists
  already_logged #41 MIN v LAS @ T-90m              idempotent: pair exists
  already_logged #42 PDX v TOR @ T-90m              idempotent: pair exists
  late_prevented #43 IND v LVA @ T-30m              cutoff 2026-08-06T22:36:00+00:00 already passed at 2026-08-0
  already_logged #44 PDX v TOR @ T-30m              idempotent: pair exists

  already_logged=27, late_prevented=16, skip=2
  arm chain: ok=True n=22 tip=65a67c3b31aa406e
  receipt appended to prospective_pair_runs.jsonl
[arm] exit=0 
====================================================================================================
FORECAST COVERAGE AUDIT   generated 2026-08-07T12:15:05.363970+00:00
====================================================================================================

CUMULATIVE by classification
  missing_job_did_not_run      36
  forecast_logged              33
  before_period_start          15
  not_yet_due                  13
  missing_data_unavailable     6
  late_record                  5

  obligations 108 | due 80 | served 33 | coverage 41.2%
  operational misses 36 | unexplained 0
  PROMOTION-GRADE: NO   (needs >= 95% served, <= 0 operational misses, all explained)

DAILY
  date         oblig  served     due     excl    opmiss arm_recs
  2026-07-30      12       0       0       12         0        0
  2026-07-31      12       6       9        3         0        0
  2026-08-01       8       2       8        0         6        0
  2026-08-02      16       0      16        0        16        0
  2026-08-03      12       6      12        0         3        3
  2026-08-04       4       3       4        0         1        3
  2026-08-05      16       9      16        0         4        9
  2026-08-06      12       7      12        0         3        7
  2026-08-07      12       0       3        9         3        0
  2026-08-08       4       0       0        4         0        0

EVERY MISSING OR IRREGULAR OBLIGATION (each must carry an explanation)
  2026-07-31 ATL v SEA T-90m   missing_data_unavailable   job served 1 other game(s) on 2026-07-31 at T-90m
  2026-07-31 WAS v DAL T-90m   missing_data_unavailable   job served 1 other game(s) on 2026-07-31 at T-90m
  2026-07-31 PDX v IND T-30m   missing_data_unavailable   job served 2 other game(s) on 2026-07-31 at T-30m
  2026-08-01 CHI v LVA T-24h   missing_job_did_not_run    no base record for ANY game on 2026-08-01 at T-24h
  2026-08-01 CHI v LVA T-8h    missing_job_did_not_run    no base record for ANY game on 2026-08-01 at T-8h
  2026-08-01 CHI v LVA T-30m   missing_job_did_not_run    no base record for ANY game on 2026-08-01 at T-30m
  2026-08-01 PHX v NYL T-24h   missing_job_did_not_run    no base record for ANY game on 2026-08-01 at T-24h
  2026-08-01 PHX v NYL T-8h    missing_job_did_not_run    no base record for ANY game on 2026-08-01 at T-8h
  2026-08-01 PHX v NYL T-30m   missing_job_did_not_run    no base record for ANY game on 2026-08-01 at T-30m
  2026-08-02 DAL v CON T-24h   missing_job_did_not_run    no base record for ANY game on 2026-08-02 at T-24h
  2026-08-02 DAL v CON T-8h    missing_job_did_not_run    no base record for ANY game on 2026-08-02 at T-8h
  2026-08-02 DAL v CON T-90m   missing_job_did_not_run    no base record for ANY game on 2026-08-02 at T-90m
  2026-08-02 DAL v CON T-30m   missing_job_did_not_run    no base record for ANY game on 2026-08-02 at T-30m
  2026-08-02 GSV v TOR T-24h   missing_job_did_not_run    no base record for ANY game on 2026-08-02 at T-24h
  2026-08-02 GSV v TOR T-8h    missing_job_did_not_run    no base record for ANY game on 2026-08-02 at T-8h
  2026-08-02 GSV v TOR T-90m   missing_job_did_not_run    no base record for ANY game on 2026-08-02 at T-90m
  2026-08-02 GSV v TOR T-30m   missing_job_did_not_run    no base record for ANY game on 2026-08-02 at T-30m
  2026-08-02 MIN v IND T-24h   missing_job_did_not_run    no base record for ANY game on 2026-08-02 at T-24h
  2026-08-02 MIN v IND T-8h    missing_job_did_not_run    no base record for ANY game on 2026-08-02 at T-8h
  2026-08-02 MIN v IND T-90m   missing_job_did_not_run    no base record for ANY game on 2026-08-02 at T-90m
  2026-08-02 MIN v IND T-30m   missing_job_did_not_run    no base record for ANY game on 2026-08-02 at T-30m
  2026-08-02 PDX v LAS T-24h   missing_job_did_not_run    no base record for ANY game on 2026-08-02 at T-24h
  2026-08-02 PDX v LAS T-8h    missing_job_did_not_run    no base record for ANY game on 2026-08-02 at T-8h
  2026-08-02 PDX v LAS T-90m   missing_job_did_not_run    no base record for ANY game on 2026-08-02 at T-90m
  2026-08-02 PDX v LAS T-30m   missing_job_did_not_run    no base record for ANY game on 2026-08-02 at T-30m
  2026-08-03 NYL v SEA T-24h   missing_job_did_not_run    no base record for ANY game on 2026-08-03 at T-24h
  2026-08-03 NYL v SEA T-30m   late_record                created 2026-08-03T22:45:08.958486+00:00 after cutoff
  2026-08-03 ATL v LVA T-24h   missing_job_did_not_run    no base record for ANY game on 2026-08-03 at T-24h
  2026-08-03 ATL v LVA T-30m   late_record                created 2026-08-03T22:45:08.976775+00:00 after cutoff
  2026-08-03 CHI v PHX T-24h   missing_job_did_not_run    no base record for ANY game on 2026-08-03 at T-24h
  2026-08-03 CHI v PHX T-30m   missing_data_unavailable   job served 2 other game(s) on 2026-08-03 at T-30m
  2026-08-04 GSV v TOR T-24h   missing_job_did_not_run    no base record for ANY game on 2026-08-04 at T-24h
  2026-08-05 WAS v DAL T-24h   missing_job_did_not_run    no base record for ANY game on 2026-08-05 at T-24h
  2026-08-05 NYL v SEA T-24h   missing_job_did_not_run    no base record for ANY game on 2026-08-05 at T-24h
  2026-08-05 NYL v SEA T-30m   late_record                created 2026-08-05T22:45:07.299457+00:00 after cutoff
  2026-08-05 ATL v PHX T-24h   missing_job_did_not_run    no base record for ANY game on 2026-08-05 at T-24h
  2026-08-05 ATL v PHX T-30m   late_record                created 2026-08-05T22:45:07.274521+00:00 after cutoff
  2026-08-05 CHI v LAS T-24h   missing_job_did_not_run    no base record for ANY game on 2026-08-05 at T-24h
  2026-08-05 CHI v LAS T-30m   missing_data_unavailable   job served 3 other game(s) on 2026-08-05 at T-30m
  2026-08-06 IND v LVA T-24h   missing_job_did_not_run    no base record for ANY game on 2026-08-06 at T-24h
  2026-08-06 IND v LVA T-30m   late_record                created 2026-08-06T22:45:09.382682+00:00 after cutoff
  2026-08-06 PDX v TOR T-24h   missing_job_did_not_run    no base record for ANY game on 2026-08-06 at T-24h
  2026-08-06 MIN v LAS T-24h   missing_job_did_not_run    no base record for ANY game on 2026-08-06 at T-24h
  2026-08-06 MIN v LAS T-30m   missing_data_unavailable   job served 2 other game(s) on 2026-08-06 at T-30m
  2026-08-07 WAS v ATL T-24h   missing_job_did_not_run    no base record for ANY game on 2026-08-07 at T-24h
  2026-08-07 CON v PHX T-24h   missing_job_did_not_run    no base record for ANY game on 2026-08-07 at T-24h
  2026-08-07 DAL v GSV T-24h   missing_job_did_not_run    no base record for ANY game on 2026-08-07 at T-24h

wrote forecasts/coverage_audit.csv and forecasts/coverage_receipt.json
[audit] exit=0 
==== Fri 08/07/2026  8:30:02.89 ==== 
[gate] 2026-08-07T12:30:03.675560+00:00  fire=False  -- no unserved obligation inside its 20-minute lead window (4 upcoming game(s) examined); 4 slate game(s) have no official game_id and were served under a provisional id: WAS v ATL (2026-08-07) -> PROV-2026-08-07-ATL@WAS, CON v PHX (2026-08-07) -> PROV-2026-08-07-PHX@CON, DAL v GSV (2026-08-07) -> PROV-2026-08-07-GSV@DAL, CHI v IND (2026-08-08) -> PROV-2026-08-08-IND@CHI
       WAS v ATL      T-8h    unserved cutoff 2026-08-07T15:30:00 (+180 min) 
       CON v PHX      T-8h    unserved cutoff 2026-08-07T15:30:00 (+180 min) 
       DAL v GSV      T-8h    unserved cutoff 2026-08-07T17:30:00 (+300 min) 
       CHI v IND      T-24h   unserved cutoff 2026-08-07T19:30:00 (+420 min) 
[gate] skipping the base job
[base] skipped - no unserved obligation in its lead window 
[base] exit=0 
================================================================================================
PROSPECTIVE PAIR RUNNER  2026-08-07T12:30:04.715608+00:00  model=ridge_score_level_w2c1_v1 hash=5d295bb8b99cd34e
================================================================================================
base records in official chain: 45
  late_prevented #0 ATL v SEA @ T-8h                cutoff 2026-07-31T15:35:00+00:00 already passed at 2026-08-0
  late_prevented #1 WAS v DAL @ T-8h                cutoff 2026-07-31T15:35:00+00:00 already passed at 2026-08-0
  late_prevented #2 PDX v IND @ T-8h                cutoff 2026-07-31T18:06:00+00:00 already passed at 2026-08-0
  late_prevented #3 ATL v SEA @ T-30m               cutoff 2026-07-31T23:05:00+00:00 already passed at 2026-08-0
  late_prevented #4 WAS v DAL @ T-30m               cutoff 2026-07-31T23:05:00+00:00 already passed at 2026-08-0
  late_prevented #5 PDX v IND @ T-90m               cutoff 2026-08-01T00:36:00+00:00 already passed at 2026-08-0
  late_prevented #6 CHI v LVA @ T-90m               cutoff 2026-08-01T15:35:00+00:00 already passed at 2026-08-0
  late_prevented #7 PHX v NYL @ T-90m               cutoff 2026-08-01T17:34:00+00:00 already passed at 2026-08-0
  skip           #8 CHI v LVA @ unknown-tip         base record is an explicit no-forecast; nothing to pair
  skip           #9 PHX v NYL @ unknown-tip         base record is an explicit no-forecast; nothing to pair
  late_prevented #10 NYL v SEA @ T-8h               cutoff 2026-08-03T15:04:00+00:00 already passed at 2026-08-0
  late_prevented #11 ATL v LVA @ T-8h               cutoff 2026-08-03T15:14:00+00:00 already passed at 2026-08-0
  late_prevented #12 CHI v PHX @ T-8h               cutoff 2026-08-03T17:08:00+00:00 already passed at 2026-08-0
  already_logged #13 NYL v SEA @ T-90m              idempotent: pair exists
  already_logged #14 ATL v LVA @ T-90m              idempotent: pair exists
  already_logged #15 CHI v PHX @ T-90m              idempotent: pair exists
  already_logged #16 NYL v SEA @ T-90m              idempotent: pair exists
  already_logged #17 ATL v LVA @ T-90m              idempotent: pair exists
  already_logged #18 CHI v PHX @ T-90m              idempotent: pair exists
  late_prevented #19 NYL v SEA @ T-30m              cutoff 2026-08-03T22:34:00+00:00 already passed at 2026-08-0
  late_prevented #20 ATL v LVA @ T-30m              cutoff 2026-08-03T22:44:00+00:00 already passed at 2026-08-0
  already_logged #21 CHI v PHX @ T-90m              idempotent: pair exists
  already_logged #22 GSV v TOR @ T-8h               idempotent: pair exists
  already_logged #23 GSV v TOR @ T-90m              idempotent: pair exists
  already_logged #24 GSV v TOR @ T-30m              idempotent: pair exists
  already_logged #25 ATL v PHX @ T-8h               idempotent: pair exists
  already_logged #26 NYL v SEA @ T-8h               idempotent: pair exists
  already_logged #27 WAS v DAL @ T-8h               idempotent: pair exists
  already_logged #28 CHI v LAS @ T-8h               idempotent: pair exists
  already_logged #29 ATL v PHX @ T-90m              idempotent: pair exists
  already_logged #30 NYL v SEA @ T-90m              idempotent: pair exists
  already_logged #31 WAS v DAL @ T-90m              idempotent: pair exists
  already_logged #32 CHI v LAS @ T-90m              idempotent: pair exists
  late_prevented #33 ATL v PHX @ T-30m              cutoff 2026-08-05T22:33:00+00:00 already passed at 2026-08-0
  late_prevented #34 NYL v SEA @ T-30m              cutoff 2026-08-05T22:38:00+00:00 already passed at 2026-08-0
  already_logged #35 WAS v DAL @ T-30m              idempotent: pair exists
  already_logged #36 CHI v LAS @ T-90m              idempotent: pair exists
  already_logged #37 IND v LVA @ T-8h               idempotent: pair exists
  already_logged #38 MIN v LAS @ T-8h               idempotent: pair exists
  already_logged #39 PDX v TOR @ T-8h               idempotent: pair exists
  already_logged #40 IND v LVA @ T-90m              idempotent: pair exists
  already_logged #41 MIN v LAS @ T-90m              idempotent: pair exists
  already_logged #42 PDX v TOR @ T-90m              idempotent: pair exists
  late_prevented #43 IND v LVA @ T-30m              cutoff 2026-08-06T22:36:00+00:00 already passed at 2026-08-0
  already_logged #44 PDX v TOR @ T-30m              idempotent: pair exists

  already_logged=27, late_prevented=16, skip=2
  arm chain: ok=True n=22 tip=65a67c3b31aa406e
  receipt appended to prospective_pair_runs.jsonl
[arm] exit=0 
====================================================================================================
FORECAST COVERAGE AUDIT   generated 2026-08-07T12:30:05.786036+00:00
====================================================================================================

CUMULATIVE by classification
  missing_job_did_not_run      36
  forecast_logged              33
  before_period_start          15
  not_yet_due                  13
  missing_data_unavailable     6
  late_record                  5

  obligations 108 | due 80 | served 33 | coverage 41.2%
  operational misses 36 | unexplained 0
  PROMOTION-GRADE: NO   (needs >= 95% served, <= 0 operational misses, all explained)

DAILY
  date         oblig  served     due     excl    opmiss arm_recs
  2026-07-30      12       0       0       12         0        0
  2026-07-31      12       6       9        3         0        0
  2026-08-01       8       2       8        0         6        0
  2026-08-02      16       0      16        0        16        0
  2026-08-03      12       6      12        0         3        3
  2026-08-04       4       3       4        0         1        3
  2026-08-05      16       9      16        0         4        9
  2026-08-06      12       7      12        0         3        7
  2026-08-07      12       0       3        9         3        0
  2026-08-08       4       0       0        4         0        0

EVERY MISSING OR IRREGULAR OBLIGATION (each must carry an explanation)
  2026-07-31 ATL v SEA T-90m   missing_data_unavailable   job served 1 other game(s) on 2026-07-31 at T-90m
  2026-07-31 WAS v DAL T-90m   missing_data_unavailable   job served 1 other game(s) on 2026-07-31 at T-90m
  2026-07-31 PDX v IND T-30m   missing_data_unavailable   job served 2 other game(s) on 2026-07-31 at T-30m
  2026-08-01 CHI v LVA T-24h   missing_job_did_not_run    no base record for ANY game on 2026-08-01 at T-24h
  2026-08-01 CHI v LVA T-8h    missing_job_did_not_run    no base record for ANY game on 2026-08-01 at T-8h
  2026-08-01 CHI v LVA T-30m   missing_job_did_not_run    no base record for ANY game on 2026-08-01 at T-30m
  2026-08-01 PHX v NYL T-24h   missing_job_did_not_run    no base record for ANY game on 2026-08-01 at T-24h
  2026-08-01 PHX v NYL T-8h    missing_job_did_not_run    no base record for ANY game on 2026-08-01 at T-8h
  2026-08-01 PHX v NYL T-30m   missing_job_did_not_run    no base record for ANY game on 2026-08-01 at T-30m
  2026-08-02 DAL v CON T-24h   missing_job_did_not_run    no base record for ANY game on 2026-08-02 at T-24h
  2026-08-02 DAL v CON T-8h    missing_job_did_not_run    no base record for ANY game on 2026-08-02 at T-8h
  2026-08-02 DAL v CON T-90m   missing_job_did_not_run    no base record for ANY game on 2026-08-02 at T-90m
  2026-08-02 DAL v CON T-30m   missing_job_did_not_run    no base record for ANY game on 2026-08-02 at T-30m
  2026-08-02 GSV v TOR T-24h   missing_job_did_not_run    no base record for ANY game on 2026-08-02 at T-24h
  2026-08-02 GSV v TOR T-8h    missing_job_did_not_run    no base record for ANY game on 2026-08-02 at T-8h
  2026-08-02 GSV v TOR T-90m   missing_job_did_not_run    no base record for ANY game on 2026-08-02 at T-90m
  2026-08-02 GSV v TOR T-30m   missing_job_did_not_run    no base record for ANY game on 2026-08-02 at T-30m
  2026-08-02 MIN v IND T-24h   missing_job_did_not_run    no base record for ANY game on 2026-08-02 at T-24h
  2026-08-02 MIN v IND T-8h    missing_job_did_not_run    no base record for ANY game on 2026-08-02 at T-8h
  2026-08-02 MIN v IND T-90m   missing_job_did_not_run    no base record for ANY game on 2026-08-02 at T-90m
  2026-08-02 MIN v IND T-30m   missing_job_did_not_run    no base record for ANY game on 2026-08-02 at T-30m
  2026-08-02 PDX v LAS T-24h   missing_job_did_not_run    no base record for ANY game on 2026-08-02 at T-24h
  2026-08-02 PDX v LAS T-8h    missing_job_did_not_run    no base record for ANY game on 2026-08-02 at T-8h
  2026-08-02 PDX v LAS T-90m   missing_job_did_not_run    no base record for ANY game on 2026-08-02 at T-90m
  2026-08-02 PDX v LAS T-30m   missing_job_did_not_run    no base record for ANY game on 2026-08-02 at T-30m
  2026-08-03 NYL v SEA T-24h   missing_job_did_not_run    no base record for ANY game on 2026-08-03 at T-24h
  2026-08-03 NYL v SEA T-30m   late_record                created 2026-08-03T22:45:08.958486+00:00 after cutoff
  2026-08-03 ATL v LVA T-24h   missing_job_did_not_run    no base record for ANY game on 2026-08-03 at T-24h
  2026-08-03 ATL v LVA T-30m   late_record                created 2026-08-03T22:45:08.976775+00:00 after cutoff
  2026-08-03 CHI v PHX T-24h   missing_job_did_not_run    no base record for ANY game on 2026-08-03 at T-24h
  2026-08-03 CHI v PHX T-30m   missing_data_unavailable   job served 2 other game(s) on 2026-08-03 at T-30m
  2026-08-04 GSV v TOR T-24h   missing_job_did_not_run    no base record for ANY game on 2026-08-04 at T-24h
  2026-08-05 WAS v DAL T-24h   missing_job_did_not_run    no base record for ANY game on 2026-08-05 at T-24h
  2026-08-05 NYL v SEA T-24h   missing_job_did_not_run    no base record for ANY game on 2026-08-05 at T-24h
  2026-08-05 NYL v SEA T-30m   late_record                created 2026-08-05T22:45:07.299457+00:00 after cutoff
  2026-08-05 ATL v PHX T-24h   missing_job_did_not_run    no base record for ANY game on 2026-08-05 at T-24h
  2026-08-05 ATL v PHX T-30m   late_record                created 2026-08-05T22:45:07.274521+00:00 after cutoff
  2026-08-05 CHI v LAS T-24h   missing_job_did_not_run    no base record for ANY game on 2026-08-05 at T-24h
  2026-08-05 CHI v LAS T-30m   missing_data_unavailable   job served 3 other game(s) on 2026-08-05 at T-30m
  2026-08-06 IND v LVA T-24h   missing_job_did_not_run    no base record for ANY game on 2026-08-06 at T-24h
  2026-08-06 IND v LVA T-30m   late_record                created 2026-08-06T22:45:09.382682+00:00 after cutoff
  2026-08-06 PDX v TOR T-24h   missing_job_did_not_run    no base record for ANY game on 2026-08-06 at T-24h
  2026-08-06 MIN v LAS T-24h   missing_job_did_not_run    no base record for ANY game on 2026-08-06 at T-24h
  2026-08-06 MIN v LAS T-30m   missing_data_unavailable   job served 2 other game(s) on 2026-08-06 at T-30m
  2026-08-07 WAS v ATL T-24h   missing_job_did_not_run    no base record for ANY game on 2026-08-07 at T-24h
  2026-08-07 CON v PHX T-24h   missing_job_did_not_run    no base record for ANY game on 2026-08-07 at T-24h
  2026-08-07 DAL v GSV T-24h   missing_job_did_not_run    no base record for ANY game on 2026-08-07 at T-24h

wrote forecasts/coverage_audit.csv and forecasts/coverage_receipt.json
[audit] exit=0 
==== Fri 08/07/2026  8:45:02.64 ==== 
[gate] 2026-08-07T12:45:03.334967+00:00  fire=False  -- no unserved obligation inside its 20-minute lead window (4 upcoming game(s) examined); 4 slate game(s) have no official game_id and were served under a provisional id: WAS v ATL (2026-08-07) -> PROV-2026-08-07-ATL@WAS, CON v PHX (2026-08-07) -> PROV-2026-08-07-PHX@CON, DAL v GSV (2026-08-07) -> PROV-2026-08-07-GSV@DAL, CHI v IND (2026-08-08) -> PROV-2026-08-08-IND@CHI
       WAS v ATL      T-8h    unserved cutoff 2026-08-07T15:30:00 (+165 min) 
       CON v PHX      T-8h    unserved cutoff 2026-08-07T15:30:00 (+165 min) 
       DAL v GSV      T-8h    unserved cutoff 2026-08-07T17:30:00 (+285 min) 
       CHI v IND      T-24h   unserved cutoff 2026-08-07T19:30:00 (+405 min) 
[gate] skipping the base job
[base] skipped - no unserved obligation in its lead window 
[base] exit=0 
================================================================================================
PROSPECTIVE PAIR RUNNER  2026-08-07T12:45:04.342082+00:00  model=ridge_score_level_w2c1_v1 hash=5d295bb8b99cd34e
================================================================================================
base records in official chain: 45
  late_prevented #0 ATL v SEA @ T-8h                cutoff 2026-07-31T15:35:00+00:00 already passed at 2026-08-0
  late_prevented #1 WAS v DAL @ T-8h                cutoff 2026-07-31T15:35:00+00:00 already passed at 2026-08-0
  late_prevented #2 PDX v IND @ T-8h                cutoff 2026-07-31T18:06:00+00:00 already passed at 2026-08-0
  late_prevented #3 ATL v SEA @ T-30m               cutoff 2026-07-31T23:05:00+00:00 already passed at 2026-08-0
  late_prevented #4 WAS v DAL @ T-30m               cutoff 2026-07-31T23:05:00+00:00 already passed at 2026-08-0
  late_prevented #5 PDX v IND @ T-90m               cutoff 2026-08-01T00:36:00+00:00 already passed at 2026-08-0
  late_prevented #6 CHI v LVA @ T-90m               cutoff 2026-08-01T15:35:00+00:00 already passed at 2026-08-0
  late_prevented #7 PHX v NYL @ T-90m               cutoff 2026-08-01T17:34:00+00:00 already passed at 2026-08-0
  skip           #8 CHI v LVA @ unknown-tip         base record is an explicit no-forecast; nothing to pair
  skip           #9 PHX v NYL @ unknown-tip         base record is an explicit no-forecast; nothing to pair
  late_prevented #10 NYL v SEA @ T-8h               cutoff 2026-08-03T15:04:00+00:00 already passed at 2026-08-0
  late_prevented #11 ATL v LVA @ T-8h               cutoff 2026-08-03T15:14:00+00:00 already passed at 2026-08-0
  late_prevented #12 CHI v PHX @ T-8h               cutoff 2026-08-03T17:08:00+00:00 already passed at 2026-08-0
  already_logged #13 NYL v SEA @ T-90m              idempotent: pair exists
  already_logged #14 ATL v LVA @ T-90m              idempotent: pair exists
  already_logged #15 CHI v PHX @ T-90m              idempotent: pair exists
  already_logged #16 NYL v SEA @ T-90m              idempotent: pair exists
  already_logged #17 ATL v LVA @ T-90m              idempotent: pair exists
  already_logged #18 CHI v PHX @ T-90m              idempotent: pair exists
  late_prevented #19 NYL v SEA @ T-30m              cutoff 2026-08-03T22:34:00+00:00 already passed at 2026-08-0
  late_prevented #20 ATL v LVA @ T-30m              cutoff 2026-08-03T22:44:00+00:00 already passed at 2026-08-0
  already_logged #21 CHI v PHX @ T-90m              idempotent: pair exists
  already_logged #22 GSV v TOR @ T-8h               idempotent: pair exists
  already_logged #23 GSV v TOR @ T-90m              idempotent: pair exists
  already_logged #24 GSV v TOR @ T-30m              idempotent: pair exists
  already_logged #25 ATL v PHX @ T-8h               idempotent: pair exists
  already_logged #26 NYL v SEA @ T-8h               idempotent: pair exists
  already_logged #27 WAS v DAL @ T-8h               idempotent: pair exists
  already_logged #28 CHI v LAS @ T-8h               idempotent: pair exists
  already_logged #29 ATL v PHX @ T-90m              idempotent: pair exists
  already_logged #30 NYL v SEA @ T-90m              idempotent: pair exists
  already_logged #31 WAS v DAL @ T-90m              idempotent: pair exists
  already_logged #32 CHI v LAS @ T-90m              idempotent: pair exists
  late_prevented #33 ATL v PHX @ T-30m              cutoff 2026-08-05T22:33:00+00:00 already passed at 2026-08-0
  late_prevented #34 NYL v SEA @ T-30m              cutoff 2026-08-05T22:38:00+00:00 already passed at 2026-08-0
  already_logged #35 WAS v DAL @ T-30m              idempotent: pair exists
  already_logged #36 CHI v LAS @ T-90m              idempotent: pair exists
  already_logged #37 IND v LVA @ T-8h               idempotent: pair exists
  already_logged #38 MIN v LAS @ T-8h               idempotent: pair exists
  already_logged #39 PDX v TOR @ T-8h               idempotent: pair exists
  already_logged #40 IND v LVA @ T-90m              idempotent: pair exists
  already_logged #41 MIN v LAS @ T-90m              idempotent: pair exists
  already_logged #42 PDX v TOR @ T-90m              idempotent: pair exists
  late_prevented #43 IND v LVA @ T-30m              cutoff 2026-08-06T22:36:00+00:00 already passed at 2026-08-0
  already_logged #44 PDX v TOR @ T-30m              idempotent: pair exists

  already_logged=27, late_prevented=16, skip=2
  arm chain: ok=True n=22 tip=65a67c3b31aa406e
  receipt appended to prospective_pair_runs.jsonl
[arm] exit=0 
====================================================================================================
FORECAST COVERAGE AUDIT   generated 2026-08-07T12:45:05.361234+00:00
====================================================================================================

CUMULATIVE by classification
  missing_job_did_not_run      36
  forecast_logged              33
  before_period_start          15
  not_yet_due                  13
  missing_data_unavailable     6
  late_record                  5

  obligations 108 | due 80 | served 33 | coverage 41.2%
  operational misses 36 | unexplained 0
  PROMOTION-GRADE: NO   (needs >= 95% served, <= 0 operational misses, all explained)

DAILY
  date         oblig  served     due     excl    opmiss arm_recs
  2026-07-30      12       0       0       12         0        0
  2026-07-31      12       6       9        3         0        0
  2026-08-01       8       2       8        0         6        0
  2026-08-02      16       0      16        0        16        0
  2026-08-03      12       6      12        0         3        3
  2026-08-04       4       3       4        0         1        3
  2026-08-05      16       9      16        0         4        9
  2026-08-06      12       7      12        0         3        7
  2026-08-07      12       0       3        9         3        0
  2026-08-08       4       0       0        4         0        0

EVERY MISSING OR IRREGULAR OBLIGATION (each must carry an explanation)
  2026-07-31 ATL v SEA T-90m   missing_data_unavailable   job served 1 other game(s) on 2026-07-31 at T-90m
  2026-07-31 WAS v DAL T-90m   missing_data_unavailable   job served 1 other game(s) on 2026-07-31 at T-90m
  2026-07-31 PDX v IND T-30m   missing_data_unavailable   job served 2 other game(s) on 2026-07-31 at T-30m
  2026-08-01 CHI v LVA T-24h   missing_job_did_not_run    no base record for ANY game on 2026-08-01 at T-24h
  2026-08-01 CHI v LVA T-8h    missing_job_did_not_run    no base record for ANY game on 2026-08-01 at T-8h
  2026-08-01 CHI v LVA T-30m   missing_job_did_not_run    no base record for ANY game on 2026-08-01 at T-30m
  2026-08-01 PHX v NYL T-24h   missing_job_did_not_run    no base record for ANY game on 2026-08-01 at T-24h
  2026-08-01 PHX v NYL T-8h    missing_job_did_not_run    no base record for ANY game on 2026-08-01 at T-8h
  2026-08-01 PHX v NYL T-30m   missing_job_did_not_run    no base record for ANY game on 2026-08-01 at T-30m
  2026-08-02 DAL v CON T-24h   missing_job_did_not_run    no base record for ANY game on 2026-08-02 at T-24h
  2026-08-02 DAL v CON T-8h    missing_job_did_not_run    no base record for ANY game on 2026-08-02 at T-8h
  2026-08-02 DAL v CON T-90m   missing_job_did_not_run    no base record for ANY game on 2026-08-02 at T-90m
  2026-08-02 DAL v CON T-30m   missing_job_did_not_run    no base record for ANY game on 2026-08-02 at T-30m
  2026-08-02 GSV v TOR T-24h   missing_job_did_not_run    no base record for ANY game on 2026-08-02 at T-24h
  2026-08-02 GSV v TOR T-8h    missing_job_did_not_run    no base record for ANY game on 2026-08-02 at T-8h
  2026-08-02 GSV v TOR T-90m   missing_job_did_not_run    no base record for ANY game on 2026-08-02 at T-90m
  2026-08-02 GSV v TOR T-30m   missing_job_did_not_run    no base record for ANY game on 2026-08-02 at T-30m
  2026-08-02 MIN v IND T-24h   missing_job_did_not_run    no base record for ANY game on 2026-08-02 at T-24h
  2026-08-02 MIN v IND T-8h    missing_job_did_not_run    no base record for ANY game on 2026-08-02 at T-8h
  2026-08-02 MIN v IND T-90m   missing_job_did_not_run    no base record for ANY game on 2026-08-02 at T-90m
  2026-08-02 MIN v IND T-30m   missing_job_did_not_run    no base record for ANY game on 2026-08-02 at T-30m
  2026-08-02 PDX v LAS T-24h   missing_job_did_not_run    no base record for ANY game on 2026-08-02 at T-24h
  2026-08-02 PDX v LAS T-8h    missing_job_did_not_run    no base record for ANY game on 2026-08-02 at T-8h
  2026-08-02 PDX v LAS T-90m   missing_job_did_not_run    no base record for ANY game on 2026-08-02 at T-90m
  2026-08-02 PDX v LAS T-30m   missing_job_did_not_run    no base record for ANY game on 2026-08-02 at T-30m
  2026-08-03 NYL v SEA T-24h   missing_job_did_not_run    no base record for ANY game on 2026-08-03 at T-24h
  2026-08-03 NYL v SEA T-30m   late_record                created 2026-08-03T22:45:08.958486+00:00 after cutoff
  2026-08-03 ATL v LVA T-24h   missing_job_did_not_run    no base record for ANY game on 2026-08-03 at T-24h
  2026-08-03 ATL v LVA T-30m   late_record                created 2026-08-03T22:45:08.976775+00:00 after cutoff
  2026-08-03 CHI v PHX T-24h   missing_job_did_not_run    no base record for ANY game on 2026-08-03 at T-24h
  2026-08-03 CHI v PHX T-30m   missing_data_unavailable   job served 2 other game(s) on 2026-08-03 at T-30m
  2026-08-04 GSV v TOR T-24h   missing_job_did_not_run    no base record for ANY game on 2026-08-04 at T-24h
  2026-08-05 WAS v DAL T-24h   missing_job_did_not_run    no base record for ANY game on 2026-08-05 at T-24h
  2026-08-05 NYL v SEA T-24h   missing_job_did_not_run    no base record for ANY game on 2026-08-05 at T-24h
  2026-08-05 NYL v SEA T-30m   late_record                created 2026-08-05T22:45:07.299457+00:00 after cutoff
  2026-08-05 ATL v PHX T-24h   missing_job_did_not_run    no base record for ANY game on 2026-08-05 at T-24h
  2026-08-05 ATL v PHX T-30m   late_record                created 2026-08-05T22:45:07.274521+00:00 after cutoff
  2026-08-05 CHI v LAS T-24h   missing_job_did_not_run    no base record for ANY game on 2026-08-05 at T-24h
  2026-08-05 CHI v LAS T-30m   missing_data_unavailable   job served 3 other game(s) on 2026-08-05 at T-30m
  2026-08-06 IND v LVA T-24h   missing_job_did_not_run    no base record for ANY game on 2026-08-06 at T-24h
  2026-08-06 IND v LVA T-30m   late_record                created 2026-08-06T22:45:09.382682+00:00 after cutoff
  2026-08-06 PDX v TOR T-24h   missing_job_did_not_run    no base record for ANY game on 2026-08-06 at T-24h
  2026-08-06 MIN v LAS T-24h   missing_job_did_not_run    no base record for ANY game on 2026-08-06 at T-24h
  2026-08-06 MIN v LAS T-30m   missing_data_unavailable   job served 2 other game(s) on 2026-08-06 at T-30m
  2026-08-07 WAS v ATL T-24h   missing_job_did_not_run    no base record for ANY game on 2026-08-07 at T-24h
  2026-08-07 CON v PHX T-24h   missing_job_did_not_run    no base record for ANY game on 2026-08-07 at T-24h
  2026-08-07 DAL v GSV T-24h   missing_job_did_not_run    no base record for ANY game on 2026-08-07 at T-24h

wrote forecasts/coverage_audit.csv and forecasts/coverage_receipt.json
[audit] exit=0 
==== Fri 08/07/2026  9:00:04.01 ==== 
[gate] 2026-08-07T13:00:06.035274+00:00  fire=False  -- no unserved obligation inside its 20-minute lead window (4 upcoming game(s) examined); 4 slate game(s) have no official game_id and were served under a provisional id: WAS v ATL (2026-08-07) -> PROV-2026-08-07-ATL@WAS, CON v PHX (2026-08-07) -> PROV-2026-08-07-PHX@CON, DAL v GSV (2026-08-07) -> PROV-2026-08-07-GSV@DAL, CHI v IND (2026-08-08) -> PROV-2026-08-08-IND@CHI
       WAS v ATL      T-8h    unserved cutoff 2026-08-07T15:30:00 (+150 min) 
       CON v PHX      T-8h    unserved cutoff 2026-08-07T15:30:00 (+150 min) 
       DAL v GSV      T-8h    unserved cutoff 2026-08-07T17:30:00 (+270 min) 
       CHI v IND      T-24h   unserved cutoff 2026-08-07T19:30:00 (+390 min) 
[gate] skipping the base job
[base] skipped - no unserved obligation in its lead window 
[base] exit=0 
================================================================================================
PROSPECTIVE PAIR RUNNER  2026-08-07T13:00:08.515102+00:00  model=ridge_score_level_w2c1_v1 hash=5d295bb8b99cd34e
================================================================================================
base records in official chain: 45
  late_prevented #0 ATL v SEA @ T-8h                cutoff 2026-07-31T15:35:00+00:00 already passed at 2026-08-0
  late_prevented #1 WAS v DAL @ T-8h                cutoff 2026-07-31T15:35:00+00:00 already passed at 2026-08-0
  late_prevented #2 PDX v IND @ T-8h                cutoff 2026-07-31T18:06:00+00:00 already passed at 2026-08-0
  late_prevented #3 ATL v SEA @ T-30m               cutoff 2026-07-31T23:05:00+00:00 already passed at 2026-08-0
  late_prevented #4 WAS v DAL @ T-30m               cutoff 2026-07-31T23:05:00+00:00 already passed at 2026-08-0
  late_prevented #5 PDX v IND @ T-90m               cutoff 2026-08-01T00:36:00+00:00 already passed at 2026-08-0
  late_prevented #6 CHI v LVA @ T-90m               cutoff 2026-08-01T15:35:00+00:00 already passed at 2026-08-0
  late_prevented #7 PHX v NYL @ T-90m               cutoff 2026-08-01T17:34:00+00:00 already passed at 2026-08-0
  skip           #8 CHI v LVA @ unknown-tip         base record is an explicit no-forecast; nothing to pair
  skip           #9 PHX v NYL @ unknown-tip         base record is an explicit no-forecast; nothing to pair
  late_prevented #10 NYL v SEA @ T-8h               cutoff 2026-08-03T15:04:00+00:00 already passed at 2026-08-0
  late_prevented #11 ATL v LVA @ T-8h               cutoff 2026-08-03T15:14:00+00:00 already passed at 2026-08-0
  late_prevented #12 CHI v PHX @ T-8h               cutoff 2026-08-03T17:08:00+00:00 already passed at 2026-08-0
  already_logged #13 NYL v SEA @ T-90m              idempotent: pair exists
  already_logged #14 ATL v LVA @ T-90m              idempotent: pair exists
  already_logged #15 CHI v PHX @ T-90m              idempotent: pair exists
  already_logged #16 NYL v SEA @ T-90m              idempotent: pair exists
  already_logged #17 ATL v LVA @ T-90m              idempotent: pair exists
  already_logged #18 CHI v PHX @ T-90m              idempotent: pair exists
  late_prevented #19 NYL v SEA @ T-30m              cutoff 2026-08-03T22:34:00+00:00 already passed at 2026-08-0
  late_prevented #20 ATL v LVA @ T-30m              cutoff 2026-08-03T22:44:00+00:00 already passed at 2026-08-0
  already_logged #21 CHI v PHX @ T-90m              idempotent: pair exists
  already_logged #22 GSV v TOR @ T-8h               idempotent: pair exists
  already_logged #23 GSV v TOR @ T-90m              idempotent: pair exists
  already_logged #24 GSV v TOR @ T-30m              idempotent: pair exists
  already_logged #25 ATL v PHX @ T-8h               idempotent: pair exists
  already_logged #26 NYL v SEA @ T-8h               idempotent: pair exists
  already_logged #27 WAS v DAL @ T-8h               idempotent: pair exists
  already_logged #28 CHI v LAS @ T-8h               idempotent: pair exists
  already_logged #29 ATL v PHX @ T-90m              idempotent: pair exists
  already_logged #30 NYL v SEA @ T-90m              idempotent: pair exists
  already_logged #31 WAS v DAL @ T-90m              idempotent: pair exists
  already_logged #32 CHI v LAS @ T-90m              idempotent: pair exists
  late_prevented #33 ATL v PHX @ T-30m              cutoff 2026-08-05T22:33:00+00:00 already passed at 2026-08-0
  late_prevented #34 NYL v SEA @ T-30m              cutoff 2026-08-05T22:38:00+00:00 already passed at 2026-08-0
  already_logged #35 WAS v DAL @ T-30m              idempotent: pair exists
  already_logged #36 CHI v LAS @ T-90m              idempotent: pair exists
  already_logged #37 IND v LVA @ T-8h               idempotent: pair exists
  already_logged #38 MIN v LAS @ T-8h               idempotent: pair exists
  already_logged #39 PDX v TOR @ T-8h               idempotent: pair exists
  already_logged #40 IND v LVA @ T-90m              idempotent: pair exists
  already_logged #41 MIN v LAS @ T-90m              idempotent: pair exists
  already_logged #42 PDX v TOR @ T-90m              idempotent: pair exists
  late_prevented #43 IND v LVA @ T-30m              cutoff 2026-08-06T22:36:00+00:00 already passed at 2026-08-0
  already_logged #44 PDX v TOR @ T-30m              idempotent: pair exists

  already_logged=27, late_prevented=16, skip=2
  arm chain: ok=True n=22 tip=65a67c3b31aa406e
  receipt appended to prospective_pair_runs.jsonl
[arm] exit=0 
====================================================================================================
FORECAST COVERAGE AUDIT   generated 2026-08-07T13:00:11.503663+00:00
====================================================================================================

CUMULATIVE by classification
  missing_job_did_not_run      36
  forecast_logged              33
  before_period_start          15
  not_yet_due                  13
  missing_data_unavailable     6
  late_record                  5

  obligations 108 | due 80 | served 33 | coverage 41.2%
  operational misses 36 | unexplained 0
  PROMOTION-GRADE: NO   (needs >= 95% served, <= 0 operational misses, all explained)

DAILY
  date         oblig  served     due     excl    opmiss arm_recs
  2026-07-30      12       0       0       12         0        0
  2026-07-31      12       6       9        3         0        0
  2026-08-01       8       2       8        0         6        0
  2026-08-02      16       0      16        0        16        0
  2026-08-03      12       6      12        0         3        3
  2026-08-04       4       3       4        0         1        3
  2026-08-05      16       9      16        0         4        9
  2026-08-06      12       7      12        0         3        7
  2026-08-07      12       0       3        9         3        0
  2026-08-08       4       0       0        4         0        0

EVERY MISSING OR IRREGULAR OBLIGATION (each must carry an explanation)
  2026-07-31 ATL v SEA T-90m   missing_data_unavailable   job served 1 other game(s) on 2026-07-31 at T-90m
  2026-07-31 WAS v DAL T-90m   missing_data_unavailable   job served 1 other game(s) on 2026-07-31 at T-90m
  2026-07-31 PDX v IND T-30m   missing_data_unavailable   job served 2 other game(s) on 2026-07-31 at T-30m
  2026-08-01 CHI v LVA T-24h   missing_job_did_not_run    no base record for ANY game on 2026-08-01 at T-24h
  2026-08-01 CHI v LVA T-8h    missing_job_did_not_run    no base record for ANY game on 2026-08-01 at T-8h
  2026-08-01 CHI v LVA T-30m   missing_job_did_not_run    no base record for ANY game on 2026-08-01 at T-30m
  2026-08-01 PHX v NYL T-24h   missing_job_did_not_run    no base record for ANY game on 2026-08-01 at T-24h
  2026-08-01 PHX v NYL T-8h    missing_job_did_not_run    no base record for ANY game on 2026-08-01 at T-8h
  2026-08-01 PHX v NYL T-30m   missing_job_did_not_run    no base record for ANY game on 2026-08-01 at T-30m
  2026-08-02 DAL v CON T-24h   missing_job_did_not_run    no base record for ANY game on 2026-08-02 at T-24h
  2026-08-02 DAL v CON T-8h    missing_job_did_not_run    no base record for ANY game on 2026-08-02 at T-8h
  2026-08-02 DAL v CON T-90m   missing_job_did_not_run    no base record for ANY game on 2026-08-02 at T-90m
  2026-08-02 DAL v CON T-30m   missing_job_did_not_run    no base record for ANY game on 2026-08-02 at T-30m
  2026-08-02 GSV v TOR T-24h   missing_job_did_not_run    no base record for ANY game on 2026-08-02 at T-24h
  2026-08-02 GSV v TOR T-8h    missing_job_did_not_run    no base record for ANY game on 2026-08-02 at T-8h
  2026-08-02 GSV v TOR T-90m   missing_job_did_not_run    no base record for ANY game on 2026-08-02 at T-90m
  2026-08-02 GSV v TOR T-30m   missing_job_did_not_run    no base record for ANY game on 2026-08-02 at T-30m
  2026-08-02 MIN v IND T-24h   missing_job_did_not_run    no base record for ANY game on 2026-08-02 at T-24h
  2026-08-02 MIN v IND T-8h    missing_job_did_not_run    no base record for ANY game on 2026-08-02 at T-8h
  2026-08-02 MIN v IND T-90m   missing_job_did_not_run    no base record for ANY game on 2026-08-02 at T-90m
  2026-08-02 MIN v IND T-30m   missing_job_did_not_run    no base record for ANY game on 2026-08-02 at T-30m
  2026-08-02 PDX v LAS T-24h   missing_job_did_not_run    no base record for ANY game on 2026-08-02 at T-24h
  2026-08-02 PDX v LAS T-8h    missing_job_did_not_run    no base record for ANY game on 2026-08-02 at T-8h
  2026-08-02 PDX v LAS T-90m   missing_job_did_not_run    no base record for ANY game on 2026-08-02 at T-90m
  2026-08-02 PDX v LAS T-30m   missing_job_did_not_run    no base record for ANY game on 2026-08-02 at T-30m
  2026-08-03 NYL v SEA T-24h   missing_job_did_not_run    no base record for ANY game on 2026-08-03 at T-24h
  2026-08-03 NYL v SEA T-30m   late_record                created 2026-08-03T22:45:08.958486+00:00 after cutoff
  2026-08-03 ATL v LVA T-24h   missing_job_did_not_run    no base record for ANY game on 2026-08-03 at T-24h
  2026-08-03 ATL v LVA T-30m   late_record                created 2026-08-03T22:45:08.976775+00:00 after cutoff
  2026-08-03 CHI v PHX T-24h   missing_job_did_not_run    no base record for ANY game on 2026-08-03 at T-24h
  2026-08-03 CHI v PHX T-30m   missing_data_unavailable   job served 2 other game(s) on 2026-08-03 at T-30m
  2026-08-04 GSV v TOR T-24h   missing_job_did_not_run    no base record for ANY game on 2026-08-04 at T-24h
  2026-08-05 WAS v DAL T-24h   missing_job_did_not_run    no base record for ANY game on 2026-08-05 at T-24h
  2026-08-05 NYL v SEA T-24h   missing_job_did_not_run    no base record for ANY game on 2026-08-05 at T-24h
  2026-08-05 NYL v SEA T-30m   late_record                created 2026-08-05T22:45:07.299457+00:00 after cutoff
  2026-08-05 ATL v PHX T-24h   missing_job_did_not_run    no base record for ANY game on 2026-08-05 at T-24h
  2026-08-05 ATL v PHX T-30m   late_record                created 2026-08-05T22:45:07.274521+00:00 after cutoff
  2026-08-05 CHI v LAS T-24h   missing_job_did_not_run    no base record for ANY game on 2026-08-05 at T-24h
  2026-08-05 CHI v LAS T-30m   missing_data_unavailable   job served 3 other game(s) on 2026-08-05 at T-30m
  2026-08-06 IND v LVA T-24h   missing_job_did_not_run    no base record for ANY game on 2026-08-06 at T-24h
  2026-08-06 IND v LVA T-30m   late_record                created 2026-08-06T22:45:09.382682+00:00 after cutoff
  2026-08-06 PDX v TOR T-24h   missing_job_did_not_run    no base record for ANY game on 2026-08-06 at T-24h
  2026-08-06 MIN v LAS T-24h   missing_job_did_not_run    no base record for ANY game on 2026-08-06 at T-24h
  2026-08-06 MIN v LAS T-30m   missing_data_unavailable   job served 2 other game(s) on 2026-08-06 at T-30m
  2026-08-07 WAS v ATL T-24h   missing_job_did_not_run    no base record for ANY game on 2026-08-07 at T-24h
  2026-08-07 CON v PHX T-24h   missing_job_did_not_run    no base record for ANY game on 2026-08-07 at T-24h
  2026-08-07 DAL v GSV T-24h   missing_job_did_not_run    no base record for ANY game on 2026-08-07 at T-24h

wrote forecasts/coverage_audit.csv and forecasts/coverage_receipt.json
[audit] exit=0 
==== Fri 08/07/2026  9:15:03.86 ==== 
[gate] 2026-08-07T13:15:05.278365+00:00  fire=False  -- no unserved obligation inside its 20-minute lead window (4 upcoming game(s) examined); 4 slate game(s) have no official game_id and were served under a provisional id: WAS v ATL (2026-08-07) -> PROV-2026-08-07-ATL@WAS, CON v PHX (2026-08-07) -> PROV-2026-08-07-PHX@CON, DAL v GSV (2026-08-07) -> PROV-2026-08-07-GSV@DAL, CHI v IND (2026-08-08) -> PROV-2026-08-08-IND@CHI
       WAS v ATL      T-8h    unserved cutoff 2026-08-07T15:30:00 (+135 min) 
       CON v PHX      T-8h    unserved cutoff 2026-08-07T15:30:00 (+135 min) 
       DAL v GSV      T-8h    unserved cutoff 2026-08-07T17:30:00 (+255 min) 
       CHI v IND      T-24h   unserved cutoff 2026-08-07T19:30:00 (+375 min) 
[gate] skipping the base job
[base] skipped - no unserved obligation in its lead window 
[base] exit=0 
================================================================================================
PROSPECTIVE PAIR RUNNER  2026-08-07T13:15:07.074910+00:00  model=ridge_score_level_w2c1_v1 hash=5d295bb8b99cd34e
================================================================================================
base records in official chain: 45
  late_prevented #0 ATL v SEA @ T-8h                cutoff 2026-07-31T15:35:00+00:00 already passed at 2026-08-0
  late_prevented #1 WAS v DAL @ T-8h                cutoff 2026-07-31T15:35:00+00:00 already passed at 2026-08-0
  late_prevented #2 PDX v IND @ T-8h                cutoff 2026-07-31T18:06:00+00:00 already passed at 2026-08-0
  late_prevented #3 ATL v SEA @ T-30m               cutoff 2026-07-31T23:05:00+00:00 already passed at 2026-08-0
  late_prevented #4 WAS v DAL @ T-30m               cutoff 2026-07-31T23:05:00+00:00 already passed at 2026-08-0
  late_prevented #5 PDX v IND @ T-90m               cutoff 2026-08-01T00:36:00+00:00 already passed at 2026-08-0
  late_prevented #6 CHI v LVA @ T-90m               cutoff 2026-08-01T15:35:00+00:00 already passed at 2026-08-0
  late_prevented #7 PHX v NYL @ T-90m               cutoff 2026-08-01T17:34:00+00:00 already passed at 2026-08-0
  skip           #8 CHI v LVA @ unknown-tip         base record is an explicit no-forecast; nothing to pair
  skip           #9 PHX v NYL @ unknown-tip         base record is an explicit no-forecast; nothing to pair
  late_prevented #10 NYL v SEA @ T-8h               cutoff 2026-08-03T15:04:00+00:00 already passed at 2026-08-0
  late_prevented #11 ATL v LVA @ T-8h               cutoff 2026-08-03T15:14:00+00:00 already passed at 2026-08-0
  late_prevented #12 CHI v PHX @ T-8h               cutoff 2026-08-03T17:08:00+00:00 already passed at 2026-08-0
  already_logged #13 NYL v SEA @ T-90m              idempotent: pair exists
  already_logged #14 ATL v LVA @ T-90m              idempotent: pair exists
  already_logged #15 CHI v PHX @ T-90m              idempotent: pair exists
  already_logged #16 NYL v SEA @ T-90m              idempotent: pair exists
  already_logged #17 ATL v LVA @ T-90m              idempotent: pair exists
  already_logged #18 CHI v PHX @ T-90m              idempotent: pair exists
  late_prevented #19 NYL v SEA @ T-30m              cutoff 2026-08-03T22:34:00+00:00 already passed at 2026-08-0
  late_prevented #20 ATL v LVA @ T-30m              cutoff 2026-08-03T22:44:00+00:00 already passed at 2026-08-0
  already_logged #21 CHI v PHX @ T-90m              idempotent: pair exists
  already_logged #22 GSV v TOR @ T-8h               idempotent: pair exists
  already_logged #23 GSV v TOR @ T-90m              idempotent: pair exists
  already_logged #24 GSV v TOR @ T-30m              idempotent: pair exists
  already_logged #25 ATL v PHX @ T-8h               idempotent: pair exists
  already_logged #26 NYL v SEA @ T-8h               idempotent: pair exists
  already_logged #27 WAS v DAL @ T-8h               idempotent: pair exists
  already_logged #28 CHI v LAS @ T-8h               idempotent: pair exists
  already_logged #29 ATL v PHX @ T-90m              idempotent: pair exists
  already_logged #30 NYL v SEA @ T-90m              idempotent: pair exists
  already_logged #31 WAS v DAL @ T-90m              idempotent: pair exists
  already_logged #32 CHI v LAS @ T-90m              idempotent: pair exists
  late_prevented #33 ATL v PHX @ T-30m              cutoff 2026-08-05T22:33:00+00:00 already passed at 2026-08-0
  late_prevented #34 NYL v SEA @ T-30m              cutoff 2026-08-05T22:38:00+00:00 already passed at 2026-08-0
  already_logged #35 WAS v DAL @ T-30m              idempotent: pair exists
  already_logged #36 CHI v LAS @ T-90m              idempotent: pair exists
  already_logged #37 IND v LVA @ T-8h               idempotent: pair exists
  already_logged #38 MIN v LAS @ T-8h               idempotent: pair exists
  already_logged #39 PDX v TOR @ T-8h               idempotent: pair exists
  already_logged #40 IND v LVA @ T-90m              idempotent: pair exists
  already_logged #41 MIN v LAS @ T-90m              idempotent: pair exists
  already_logged #42 PDX v TOR @ T-90m              idempotent: pair exists
  late_prevented #43 IND v LVA @ T-30m              cutoff 2026-08-06T22:36:00+00:00 already passed at 2026-08-0
  already_logged #44 PDX v TOR @ T-30m              idempotent: pair exists

  already_logged=27, late_prevented=16, skip=2
  arm chain: ok=True n=22 tip=65a67c3b31aa406e
  receipt appended to prospective_pair_runs.jsonl
[arm] exit=0 
====================================================================================================
FORECAST COVERAGE AUDIT   generated 2026-08-07T13:15:08.644729+00:00
====================================================================================================

CUMULATIVE by classification
  missing_job_did_not_run      36
  forecast_logged              33
  before_period_start          15
  not_yet_due                  13
  missing_data_unavailable     6
  late_record                  5

  obligations 108 | due 80 | served 33 | coverage 41.2%
  operational misses 36 | unexplained 0
  PROMOTION-GRADE: NO   (needs >= 95% served, <= 0 operational misses, all explained)

DAILY
  date         oblig  served     due     excl    opmiss arm_recs
  2026-07-30      12       0       0       12         0        0
  2026-07-31      12       6       9        3         0        0
  2026-08-01       8       2       8        0         6        0
  2026-08-02      16       0      16        0        16        0
  2026-08-03      12       6      12        0         3        3
  2026-08-04       4       3       4        0         1        3
  2026-08-05      16       9      16        0         4        9
  2026-08-06      12       7      12        0         3        7
  2026-08-07      12       0       3        9         3        0
  2026-08-08       4       0       0        4         0        0

EVERY MISSING OR IRREGULAR OBLIGATION (each must carry an explanation)
  2026-07-31 ATL v SEA T-90m   missing_data_unavailable   job served 1 other game(s) on 2026-07-31 at T-90m
  2026-07-31 WAS v DAL T-90m   missing_data_unavailable   job served 1 other game(s) on 2026-07-31 at T-90m
  2026-07-31 PDX v IND T-30m   missing_data_unavailable   job served 2 other game(s) on 2026-07-31 at T-30m
  2026-08-01 CHI v LVA T-24h   missing_job_did_not_run    no base record for ANY game on 2026-08-01 at T-24h
  2026-08-01 CHI v LVA T-8h    missing_job_did_not_run    no base record for ANY game on 2026-08-01 at T-8h
  2026-08-01 CHI v LVA T-30m   missing_job_did_not_run    no base record for ANY game on 2026-08-01 at T-30m
  2026-08-01 PHX v NYL T-24h   missing_job_did_not_run    no base record for ANY game on 2026-08-01 at T-24h
  2026-08-01 PHX v NYL T-8h    missing_job_did_not_run    no base record for ANY game on 2026-08-01 at T-8h
  2026-08-01 PHX v NYL T-30m   missing_job_did_not_run    no base record for ANY game on 2026-08-01 at T-30m
  2026-08-02 DAL v CON T-24h   missing_job_did_not_run    no base record for ANY game on 2026-08-02 at T-24h
  2026-08-02 DAL v CON T-8h    missing_job_did_not_run    no base record for ANY game on 2026-08-02 at T-8h
  2026-08-02 DAL v CON T-90m   missing_job_did_not_run    no base record for ANY game on 2026-08-02 at T-90m
  2026-08-02 DAL v CON T-30m   missing_job_did_not_run    no base record for ANY game on 2026-08-02 at T-30m
  2026-08-02 GSV v TOR T-24h   missing_job_did_not_run    no base record for ANY game on 2026-08-02 at T-24h
  2026-08-02 GSV v TOR T-8h    missing_job_did_not_run    no base record for ANY game on 2026-08-02 at T-8h
  2026-08-02 GSV v TOR T-90m   missing_job_did_not_run    no base record for ANY game on 2026-08-02 at T-90m
  2026-08-02 GSV v TOR T-30m   missing_job_did_not_run    no base record for ANY game on 2026-08-02 at T-30m
  2026-08-02 MIN v IND T-24h   missing_job_did_not_run    no base record for ANY game on 2026-08-02 at T-24h
  2026-08-02 MIN v IND T-8h    missing_job_did_not_run    no base record for ANY game on 2026-08-02 at T-8h
  2026-08-02 MIN v IND T-90m   missing_job_did_not_run    no base record for ANY game on 2026-08-02 at T-90m
  2026-08-02 MIN v IND T-30m   missing_job_did_not_run    no base record for ANY game on 2026-08-02 at T-30m
  2026-08-02 PDX v LAS T-24h   missing_job_did_not_run    no base record for ANY game on 2026-08-02 at T-24h
  2026-08-02 PDX v LAS T-8h    missing_job_did_not_run    no base record for ANY game on 2026-08-02 at T-8h
  2026-08-02 PDX v LAS T-90m   missing_job_did_not_run    no base record for ANY game on 2026-08-02 at T-90m
  2026-08-02 PDX v LAS T-30m   missing_job_did_not_run    no base record for ANY game on 2026-08-02 at T-30m
  2026-08-03 NYL v SEA T-24h   missing_job_did_not_run    no base record for ANY game on 2026-08-03 at T-24h
  2026-08-03 NYL v SEA T-30m   late_record                created 2026-08-03T22:45:08.958486+00:00 after cutoff
  2026-08-03 ATL v LVA T-24h   missing_job_did_not_run    no base record for ANY game on 2026-08-03 at T-24h
  2026-08-03 ATL v LVA T-30m   late_record                created 2026-08-03T22:45:08.976775+00:00 after cutoff
  2026-08-03 CHI v PHX T-24h   missing_job_did_not_run    no base record for ANY game on 2026-08-03 at T-24h
  2026-08-03 CHI v PHX T-30m   missing_data_unavailable   job served 2 other game(s) on 2026-08-03 at T-30m
  2026-08-04 GSV v TOR T-24h   missing_job_did_not_run    no base record for ANY game on 2026-08-04 at T-24h
  2026-08-05 WAS v DAL T-24h   missing_job_did_not_run    no base record for ANY game on 2026-08-05 at T-24h
  2026-08-05 NYL v SEA T-24h   missing_job_did_not_run    no base record for ANY game on 2026-08-05 at T-24h
  2026-08-05 NYL v SEA T-30m   late_record                created 2026-08-05T22:45:07.299457+00:00 after cutoff
  2026-08-05 ATL v PHX T-24h   missing_job_did_not_run    no base record for ANY game on 2026-08-05 at T-24h
  2026-08-05 ATL v PHX T-30m   late_record                created 2026-08-05T22:45:07.274521+00:00 after cutoff
  2026-08-05 CHI v LAS T-24h   missing_job_did_not_run    no base record for ANY game on 2026-08-05 at T-24h
  2026-08-05 CHI v LAS T-30m   missing_data_unavailable   job served 3 other game(s) on 2026-08-05 at T-30m
  2026-08-06 IND v LVA T-24h   missing_job_did_not_run    no base record for ANY game on 2026-08-06 at T-24h
  2026-08-06 IND v LVA T-30m   late_record                created 2026-08-06T22:45:09.382682+00:00 after cutoff
  2026-08-06 PDX v TOR T-24h   missing_job_did_not_run    no base record for ANY game on 2026-08-06 at T-24h
  2026-08-06 MIN v LAS T-24h   missing_job_did_not_run    no base record for ANY game on 2026-08-06 at T-24h
  2026-08-06 MIN v LAS T-30m   missing_data_unavailable   job served 2 other game(s) on 2026-08-06 at T-30m
  2026-08-07 WAS v ATL T-24h   missing_job_did_not_run    no base record for ANY game on 2026-08-07 at T-24h
  2026-08-07 CON v PHX T-24h   missing_job_did_not_run    no base record for ANY game on 2026-08-07 at T-24h
  2026-08-07 DAL v GSV T-24h   missing_job_did_not_run    no base record for ANY game on 2026-08-07 at T-24h

wrote forecasts/coverage_audit.csv and forecasts/coverage_receipt.json
[audit] exit=0 
