==== Sat 08/15/2026 15:16:51.65 ==== 
[gate] 2026-08-15T19:19:27.067627+00:00  fire=False  -- no unserved obligation inside its 20-minute lead window (0 upcoming game(s) examined)
[gate] skipping the base job
[base] skipped - no unserved obligation in its lead window 
[base] exit=0 
================================================================================================
PROSPECTIVE PAIR RUNNER  2026-08-15T19:20:09.905750+00:00  model=ridge_score_level_w2c1_v1 hash=5d295bb8b99cd34e
================================================================================================
base records in official chain: 64
  late_prevented #0 ATL v SEA @ T-8h                cutoff 2026-07-31T15:35:00+00:00 already passed at 2026-08-1
  late_prevented #1 WAS v DAL @ T-8h                cutoff 2026-07-31T15:35:00+00:00 already passed at 2026-08-1
  late_prevented #2 PDX v IND @ T-8h                cutoff 2026-07-31T18:06:00+00:00 already passed at 2026-08-1
  late_prevented #3 ATL v SEA @ T-30m               cutoff 2026-07-31T23:05:00+00:00 already passed at 2026-08-1
  late_prevented #4 WAS v DAL @ T-30m               cutoff 2026-07-31T23:05:00+00:00 already passed at 2026-08-1
  late_prevented #5 PDX v IND @ T-90m               cutoff 2026-08-01T00:36:00+00:00 already passed at 2026-08-1
  late_prevented #6 CHI v LVA @ T-90m               cutoff 2026-08-01T15:35:00+00:00 already passed at 2026-08-1
  late_prevented #7 PHX v NYL @ T-90m               cutoff 2026-08-01T17:34:00+00:00 already passed at 2026-08-1
  skip           #8 CHI v LVA @ unknown-tip         base record is an explicit no-forecast; nothing to pair
  skip           #9 PHX v NYL @ unknown-tip         base record is an explicit no-forecast; nothing to pair
  late_prevented #10 NYL v SEA @ T-8h               cutoff 2026-08-03T15:04:00+00:00 already passed at 2026-08-1
  late_prevented #11 ATL v LVA @ T-8h               cutoff 2026-08-03T15:14:00+00:00 already passed at 2026-08-1
  late_prevented #12 CHI v PHX @ T-8h               cutoff 2026-08-03T17:08:00+00:00 already passed at 2026-08-1
  already_logged #13 NYL v SEA @ T-90m              idempotent: pair exists
  already_logged #14 ATL v LVA @ T-90m              idempotent: pair exists
  already_logged #15 CHI v PHX @ T-90m              idempotent: pair exists
  already_logged #16 NYL v SEA @ T-90m              idempotent: pair exists
  already_logged #17 ATL v LVA @ T-90m              idempotent: pair exists
  already_logged #18 CHI v PHX @ T-90m              idempotent: pair exists
  late_prevented #19 NYL v SEA @ T-30m              cutoff 2026-08-03T22:34:00+00:00 already passed at 2026-08-1
  late_prevented #20 ATL v LVA @ T-30m              cutoff 2026-08-03T22:44:00+00:00 already passed at 2026-08-1
  already_logged #21 CHI v PHX @ T-90m              idempotent: pair exists
  already_logged #22 GSV v TOR @ T-8h               idempotent: pair exists
  already_logged #23 GSV v TOR @ T-90m              idempotent: pair exists
  already_logged #24 GSV v TOR @ T-30m              idempotent: pair exists
  already_logged #25 ATL v PHX @ T-8h               idempotent: pair exists
  already_logged #26 NYL v SEA @ T-8h               idempotent: pair exists
  already_logged #27 WAS v DAL @ T-8h               idempotent: pair exists
  already_logged #28 CHI v LAS @ T-8h               idempotent: pair exists
  already_logged #29 ATL v PHX @ T-90m              idempotent: pair exists
  already_logged #30 NYL v SEA @ T-90m              idempotent: pair exists
  already_logged #31 WAS v DAL @ T-90m              idempotent: pair exists
  already_logged #32 CHI v LAS @ T-90m              idempotent: pair exists
  late_prevented #33 ATL v PHX @ T-30m              cutoff 2026-08-05T22:33:00+00:00 already passed at 2026-08-1
  late_prevented #34 NYL v SEA @ T-30m              cutoff 2026-08-05T22:38:00+00:00 already passed at 2026-08-1
  already_logged #35 WAS v DAL @ T-30m              idempotent: pair exists
  already_logged #36 CHI v LAS @ T-90m              idempotent: pair exists
  already_logged #37 IND v LVA @ T-8h               idempotent: pair exists
  already_logged #38 MIN v LAS @ T-8h               idempotent: pair exists
  already_logged #39 PDX v TOR @ T-8h               idempotent: pair exists
  already_logged #40 IND v LVA @ T-90m              idempotent: pair exists
  already_logged #41 MIN v LAS @ T-90m              idempotent: pair exists
  already_logged #42 PDX v TOR @ T-90m              idempotent: pair exists
  late_prevented #43 IND v LVA @ T-30m              cutoff 2026-08-06T22:36:00+00:00 already passed at 2026-08-1
  already_logged #44 PDX v TOR @ T-30m              idempotent: pair exists
  already_logged #45 CON v PHX @ T-8h               idempotent: pair exists
  already_logged #46 WAS v ATL @ T-8h               idempotent: pair exists
  already_logged #47 DAL v GSV @ T-8h               idempotent: pair exists
  already_logged #48 CON v PHX @ T-90m              idempotent: pair exists
  already_logged #49 WAS v ATL @ T-90m              idempotent: pair exists
  already_logged #50 DAL v GSV @ T-90m              idempotent: pair exists
  already_logged #51 CON v PHX @ T-30m              idempotent: pair exists
  already_logged #52 WAS v ATL @ T-30m              idempotent: pair exists
  already_logged #53 DAL v GSV @ T-30m              idempotent: pair exists
  already_logged #54 MIN v LVA @ T-8h               idempotent: pair exists
  already_logged #55 CHI v IND @ T-8h               idempotent: pair exists
  already_logged #56 PDX v SEA @ T-8h               idempotent: pair exists
  already_logged #57 MIN v LVA @ T-90m              idempotent: pair exists
  late_prevented #58 CHI v IND @ T-8h               cutoff 2026-08-08T11:35:00+00:00 already passed at 2026-08-1
  already_logged #59 PDX v SEA @ T-8h               idempotent: pair exists
  already_logged #60 PDX v SEA @ T-90m              idempotent: pair exists
  skip           #61 CHI v IND @ unknown-tip        base record is an explicit no-forecast; nothing to pair
  skip           #62 MIN v LVA @ unknown-tip        base record is an explicit no-forecast; nothing to pair
  already_logged #63 PDX v SEA @ T-30m              idempotent: pair exists

  already_logged=43, late_prevented=17, skip=4
  arm chain: ok=True n=38 tip=bd1b29312ba51888
  receipt appended to prospective_pair_runs.jsonl
[arm] exit=0 
====================================================================================================
FORECAST COVERAGE AUDIT   generated 2026-08-15T19:20:16.027223+00:00
====================================================================================================

CUMULATIVE by classification
  missing_job_did_not_run      55
  forecast_logged              48
  before_period_start          15
  missing_data_unavailable     9
  late_record                  5

  obligations 132 | due 117 | served 48 | coverage 41.0%
  operational misses 55 | unexplained 0
  PROMOTION-GRADE: NO   (needs >= 95% served, <= 0 operational misses, all explained)

DAILY
  date         oblig  served     due     excl    opmiss arm_recs
  2026-07-30      12       0       0       12         0        0
  2026-07-31      12       6       9        3         0        0
  2026-08-01       8       2       8        0         6        0
  2026-08-02      16       0      16        0        16        0
  2026-08-03      12       6      12        0         3        3
  2026-08-04       4       3       4        0         1        3
  2026-08-05      16       9      16        0         4        9
  2026-08-06      12       7      12        0         3        7
  2026-08-07      12       9      12        0         3        9
  2026-08-08      12       6      12        0         3        4
  2026-08-09      16       0      16        0        16        0

EVERY MISSING OR IRREGULAR OBLIGATION (each must carry an explanation)
  2026-07-31 ATL v SEA T-90m   missing_data_unavailable   job served 1 other game(s) on 2026-07-31 at T-90m
  2026-07-31 WAS v DAL T-90m   missing_data_unavailable   job served 1 other game(s) on 2026-07-31 at T-90m
  2026-07-31 PDX v IND T-30m   missing_data_unavailable   job served 2 other game(s) on 2026-07-31 at T-30m
  2026-08-01 CHI v LVA T-24h   missing_job_did_not_run    no base record for ANY game on 2026-08-01 at T-24h
  2026-08-01 CHI v LVA T-8h    missing_job_did_not_run    no base record for ANY game on 2026-08-01 at T-8h
  2026-08-01 CHI v LVA T-30m   missing_job_did_not_run    no base record for ANY game on 2026-08-01 at T-30m
  2026-08-01 PHX v NYL T-24h   missing_job_did_not_run    no base record for ANY game on 2026-08-01 at T-24h
  2026-08-01 PHX v NYL T-8h    missing_job_did_not_run    no base record for ANY game on 2026-08-01 at T-8h
  2026-08-01 PHX v NYL T-30m   missing_job_did_not_run    no base record for ANY game on 2026-08-01 at T-30m
  2026-08-02 DAL v CON T-24h   missing_job_did_not_run    no base record for ANY game on 2026-08-02 at T-24h
  2026-08-02 DAL v CON T-8h    missing_job_did_not_run    no base record for ANY game on 2026-08-02 at T-8h
  2026-08-02 DAL v CON T-90m   missing_job_did_not_run    no base record for ANY game on 2026-08-02 at T-90m
  2026-08-02 DAL v CON T-30m   missing_job_did_not_run    no base record for ANY game on 2026-08-02 at T-30m
  2026-08-02 GSV v TOR T-24h   missing_job_did_not_run    no base record for ANY game on 2026-08-02 at T-24h
  2026-08-02 GSV v TOR T-8h    missing_job_did_not_run    no base record for ANY game on 2026-08-02 at T-8h
  2026-08-02 GSV v TOR T-90m   missing_job_did_not_run    no base record for ANY game on 2026-08-02 at T-90m
  2026-08-02 GSV v TOR T-30m   missing_job_did_not_run    no base record for ANY game on 2026-08-02 at T-30m
  2026-08-02 MIN v IND T-24h   missing_job_did_not_run    no base record for ANY game on 2026-08-02 at T-24h
  2026-08-02 MIN v IND T-8h    missing_job_did_not_run    no base record for ANY game on 2026-08-02 at T-8h
  2026-08-02 MIN v IND T-90m   missing_job_did_not_run    no base record for ANY game on 2026-08-02 at T-90m
  2026-08-02 MIN v IND T-30m   missing_job_did_not_run    no base record for ANY game on 2026-08-02 at T-30m
  2026-08-02 PDX v LAS T-24h   missing_job_did_not_run    no base record for ANY game on 2026-08-02 at T-24h
  2026-08-02 PDX v LAS T-8h    missing_job_did_not_run    no base record for ANY game on 2026-08-02 at T-8h
  2026-08-02 PDX v LAS T-90m   missing_job_did_not_run    no base record for ANY game on 2026-08-02 at T-90m
  2026-08-02 PDX v LAS T-30m   missing_job_did_not_run    no base record for ANY game on 2026-08-02 at T-30m
  2026-08-03 NYL v SEA T-24h   missing_job_did_not_run    no base record for ANY game on 2026-08-03 at T-24h
  2026-08-03 NYL v SEA T-30m   late_record                created 2026-08-03T22:45:08.958486+00:00 after cutoff
  2026-08-03 ATL v LVA T-24h   missing_job_did_not_run    no base record for ANY game on 2026-08-03 at T-24h
  2026-08-03 ATL v LVA T-30m   late_record                created 2026-08-03T22:45:08.976775+00:00 after cutoff
  2026-08-03 CHI v PHX T-24h   missing_job_did_not_run    no base record for ANY game on 2026-08-03 at T-24h
  2026-08-03 CHI v PHX T-30m   missing_data_unavailable   job served 2 other game(s) on 2026-08-03 at T-30m
  2026-08-04 GSV v TOR T-24h   missing_job_did_not_run    no base record for ANY game on 2026-08-04 at T-24h
  2026-08-05 WAS v DAL T-24h   missing_job_did_not_run    no base record for ANY game on 2026-08-05 at T-24h
  2026-08-05 NYL v SEA T-24h   missing_job_did_not_run    no base record for ANY game on 2026-08-05 at T-24h
  2026-08-05 NYL v SEA T-30m   late_record                created 2026-08-05T22:45:07.299457+00:00 after cutoff
  2026-08-05 ATL v PHX T-24h   missing_job_did_not_run    no base record for ANY game on 2026-08-05 at T-24h
  2026-08-05 ATL v PHX T-30m   late_record                created 2026-08-05T22:45:07.274521+00:00 after cutoff
  2026-08-05 CHI v LAS T-24h   missing_job_did_not_run    no base record for ANY game on 2026-08-05 at T-24h
  2026-08-05 CHI v LAS T-30m   missing_data_unavailable   job served 3 other game(s) on 2026-08-05 at T-30m
  2026-08-06 IND v LVA T-24h   missing_job_did_not_run    no base record for ANY game on 2026-08-06 at T-24h
  2026-08-06 IND v LVA T-30m   late_record                created 2026-08-06T22:45:09.382682+00:00 after cutoff
  2026-08-06 PDX v TOR T-24h   missing_job_did_not_run    no base record for ANY game on 2026-08-06 at T-24h
  2026-08-06 MIN v LAS T-24h   missing_job_did_not_run    no base record for ANY game on 2026-08-06 at T-24h
  2026-08-06 MIN v LAS T-30m   missing_data_unavailable   job served 2 other game(s) on 2026-08-06 at T-30m
  2026-08-07 WAS v ATL T-24h   missing_job_did_not_run    no base record for ANY game on 2026-08-07 at T-24h
  2026-08-07 CON v PHX T-24h   missing_job_did_not_run    no base record for ANY game on 2026-08-07 at T-24h
  2026-08-07 DAL v GSV T-24h   missing_job_did_not_run    no base record for ANY game on 2026-08-07 at T-24h
  2026-08-08 CHI v IND T-24h   missing_job_did_not_run    no base record for ANY game on 2026-08-08 at T-24h
  2026-08-08 CHI v IND T-90m   missing_data_unavailable   job served 2 other game(s) on 2026-08-08 at T-90m
  2026-08-08 CHI v IND T-30m   missing_data_unavailable   job served 1 other game(s) on 2026-08-08 at T-30m
  2026-08-08 MIN v LVA T-24h   missing_job_did_not_run    no base record for ANY game on 2026-08-08 at T-24h
  2026-08-08 MIN v LVA T-30m   missing_data_unavailable   job served 1 other game(s) on 2026-08-08 at T-30m
  2026-08-08 PDX v SEA T-24h   missing_job_did_not_run    no base record for ANY game on 2026-08-08 at T-24h
  2026-08-09 WAS v PHX T-24h   missing_job_did_not_run    no base record for ANY game on 2026-08-09 at T-24h
  2026-08-09 WAS v PHX T-8h    missing_job_did_not_run    no base record for ANY game on 2026-08-09 at T-8h
  2026-08-09 WAS v PHX T-90m   missing_job_did_not_run    no base record for ANY game on 2026-08-09 at T-90m
  2026-08-09 WAS v PHX T-30m   missing_job_did_not_run    no base record for ANY game on 2026-08-09 at T-30m
  2026-08-09 LAS v GSV T-24h   missing_job_did_not_run    no base record for ANY game on 2026-08-09 at T-24h
  2026-08-09 LAS v GSV T-8h    missing_job_did_not_run    no base record for ANY game on 2026-08-09 at T-8h
  2026-08-09 LAS v GSV T-90m   missing_job_did_not_run    no base record for ANY game on 2026-08-09 at T-90m
  2026-08-09 LAS v GSV T-30m   missing_job_did_not_run    no base record for ANY game on 2026-08-09 at T-30m
  2026-08-09 NYL v LVA T-24h   missing_job_did_not_run    no base record for ANY game on 2026-08-09 at T-24h
  2026-08-09 NYL v LVA T-8h    missing_job_did_not_run    no base record for ANY game on 2026-08-09 at T-8h
  2026-08-09 NYL v LVA T-90m   missing_job_did_not_run    no base record for ANY game on 2026-08-09 at T-90m
  2026-08-09 NYL v LVA T-30m   missing_job_did_not_run    no base record for ANY game on 2026-08-09 at T-30m
  2026-08-09 MIN v DAL T-24h   missing_job_did_not_run    no base record for ANY game on 2026-08-09 at T-24h
  2026-08-09 MIN v DAL T-8h    missing_job_did_not_run    no base record for ANY game on 2026-08-09 at T-8h
  2026-08-09 MIN v DAL T-90m   missing_job_did_not_run    no base record for ANY game on 2026-08-09 at T-90m
  2026-08-09 MIN v DAL T-30m   missing_job_did_not_run    no base record for ANY game on 2026-08-09 at T-30m

wrote forecasts/coverage_audit.csv and forecasts/coverage_receipt.json
[audit] exit=0 
==== Sat 08/15/2026 15:30:03.49 ==== 
[gate] 2026-08-15T19:30:04.776943+00:00  fire=False  -- no unserved obligation inside its 20-minute lead window (0 upcoming game(s) examined)
[gate] skipping the base job
[base] skipped - no unserved obligation in its lead window 
[base] exit=0 
================================================================================================
PROSPECTIVE PAIR RUNNER  2026-08-15T19:30:06.074781+00:00  model=ridge_score_level_w2c1_v1 hash=5d295bb8b99cd34e
================================================================================================
base records in official chain: 64
  late_prevented #0 ATL v SEA @ T-8h                cutoff 2026-07-31T15:35:00+00:00 already passed at 2026-08-1
  late_prevented #1 WAS v DAL @ T-8h                cutoff 2026-07-31T15:35:00+00:00 already passed at 2026-08-1
  late_prevented #2 PDX v IND @ T-8h                cutoff 2026-07-31T18:06:00+00:00 already passed at 2026-08-1
  late_prevented #3 ATL v SEA @ T-30m               cutoff 2026-07-31T23:05:00+00:00 already passed at 2026-08-1
  late_prevented #4 WAS v DAL @ T-30m               cutoff 2026-07-31T23:05:00+00:00 already passed at 2026-08-1
  late_prevented #5 PDX v IND @ T-90m               cutoff 2026-08-01T00:36:00+00:00 already passed at 2026-08-1
  late_prevented #6 CHI v LVA @ T-90m               cutoff 2026-08-01T15:35:00+00:00 already passed at 2026-08-1
  late_prevented #7 PHX v NYL @ T-90m               cutoff 2026-08-01T17:34:00+00:00 already passed at 2026-08-1
  skip           #8 CHI v LVA @ unknown-tip         base record is an explicit no-forecast; nothing to pair
  skip           #9 PHX v NYL @ unknown-tip         base record is an explicit no-forecast; nothing to pair
  late_prevented #10 NYL v SEA @ T-8h               cutoff 2026-08-03T15:04:00+00:00 already passed at 2026-08-1
  late_prevented #11 ATL v LVA @ T-8h               cutoff 2026-08-03T15:14:00+00:00 already passed at 2026-08-1
  late_prevented #12 CHI v PHX @ T-8h               cutoff 2026-08-03T17:08:00+00:00 already passed at 2026-08-1
  already_logged #13 NYL v SEA @ T-90m              idempotent: pair exists
  already_logged #14 ATL v LVA @ T-90m              idempotent: pair exists
  already_logged #15 CHI v PHX @ T-90m              idempotent: pair exists
  already_logged #16 NYL v SEA @ T-90m              idempotent: pair exists
  already_logged #17 ATL v LVA @ T-90m              idempotent: pair exists
  already_logged #18 CHI v PHX @ T-90m              idempotent: pair exists
  late_prevented #19 NYL v SEA @ T-30m              cutoff 2026-08-03T22:34:00+00:00 already passed at 2026-08-1
  late_prevented #20 ATL v LVA @ T-30m              cutoff 2026-08-03T22:44:00+00:00 already passed at 2026-08-1
  already_logged #21 CHI v PHX @ T-90m              idempotent: pair exists
  already_logged #22 GSV v TOR @ T-8h               idempotent: pair exists
  already_logged #23 GSV v TOR @ T-90m              idempotent: pair exists
  already_logged #24 GSV v TOR @ T-30m              idempotent: pair exists
  already_logged #25 ATL v PHX @ T-8h               idempotent: pair exists
  already_logged #26 NYL v SEA @ T-8h               idempotent: pair exists
  already_logged #27 WAS v DAL @ T-8h               idempotent: pair exists
  already_logged #28 CHI v LAS @ T-8h               idempotent: pair exists
  already_logged #29 ATL v PHX @ T-90m              idempotent: pair exists
  already_logged #30 NYL v SEA @ T-90m              idempotent: pair exists
  already_logged #31 WAS v DAL @ T-90m              idempotent: pair exists
  already_logged #32 CHI v LAS @ T-90m              idempotent: pair exists
  late_prevented #33 ATL v PHX @ T-30m              cutoff 2026-08-05T22:33:00+00:00 already passed at 2026-08-1
  late_prevented #34 NYL v SEA @ T-30m              cutoff 2026-08-05T22:38:00+00:00 already passed at 2026-08-1
  already_logged #35 WAS v DAL @ T-30m              idempotent: pair exists
  already_logged #36 CHI v LAS @ T-90m              idempotent: pair exists
  already_logged #37 IND v LVA @ T-8h               idempotent: pair exists
  already_logged #38 MIN v LAS @ T-8h               idempotent: pair exists
  already_logged #39 PDX v TOR @ T-8h               idempotent: pair exists
  already_logged #40 IND v LVA @ T-90m              idempotent: pair exists
  already_logged #41 MIN v LAS @ T-90m              idempotent: pair exists
  already_logged #42 PDX v TOR @ T-90m              idempotent: pair exists
  late_prevented #43 IND v LVA @ T-30m              cutoff 2026-08-06T22:36:00+00:00 already passed at 2026-08-1
  already_logged #44 PDX v TOR @ T-30m              idempotent: pair exists
  already_logged #45 CON v PHX @ T-8h               idempotent: pair exists
  already_logged #46 WAS v ATL @ T-8h               idempotent: pair exists
  already_logged #47 DAL v GSV @ T-8h               idempotent: pair exists
  already_logged #48 CON v PHX @ T-90m              idempotent: pair exists
  already_logged #49 WAS v ATL @ T-90m              idempotent: pair exists
  already_logged #50 DAL v GSV @ T-90m              idempotent: pair exists
  already_logged #51 CON v PHX @ T-30m              idempotent: pair exists
  already_logged #52 WAS v ATL @ T-30m              idempotent: pair exists
  already_logged #53 DAL v GSV @ T-30m              idempotent: pair exists
  already_logged #54 MIN v LVA @ T-8h               idempotent: pair exists
  already_logged #55 CHI v IND @ T-8h               idempotent: pair exists
  already_logged #56 PDX v SEA @ T-8h               idempotent: pair exists
  already_logged #57 MIN v LVA @ T-90m              idempotent: pair exists
  late_prevented #58 CHI v IND @ T-8h               cutoff 2026-08-08T11:35:00+00:00 already passed at 2026-08-1
  already_logged #59 PDX v SEA @ T-8h               idempotent: pair exists
  already_logged #60 PDX v SEA @ T-90m              idempotent: pair exists
  skip           #61 CHI v IND @ unknown-tip        base record is an explicit no-forecast; nothing to pair
  skip           #62 MIN v LVA @ unknown-tip        base record is an explicit no-forecast; nothing to pair
  already_logged #63 PDX v SEA @ T-30m              idempotent: pair exists

  already_logged=43, late_prevented=17, skip=4
  arm chain: ok=True n=38 tip=bd1b29312ba51888
  receipt appended to prospective_pair_runs.jsonl
[arm] exit=0 
====================================================================================================
FORECAST COVERAGE AUDIT   generated 2026-08-15T19:30:08.016221+00:00
====================================================================================================

CUMULATIVE by classification
  missing_job_did_not_run      55
  forecast_logged              48
  before_period_start          15
  missing_data_unavailable     9
  late_record                  5

  obligations 132 | due 117 | served 48 | coverage 41.0%
  operational misses 55 | unexplained 0
  PROMOTION-GRADE: NO   (needs >= 95% served, <= 0 operational misses, all explained)

DAILY
  date         oblig  served     due     excl    opmiss arm_recs
  2026-07-30      12       0       0       12         0        0
  2026-07-31      12       6       9        3         0        0
  2026-08-01       8       2       8        0         6        0
  2026-08-02      16       0      16        0        16        0
  2026-08-03      12       6      12        0         3        3
  2026-08-04       4       3       4        0         1        3
  2026-08-05      16       9      16        0         4        9
  2026-08-06      12       7      12        0         3        7
  2026-08-07      12       9      12        0         3        9
  2026-08-08      12       6      12        0         3        4
  2026-08-09      16       0      16        0        16        0

EVERY MISSING OR IRREGULAR OBLIGATION (each must carry an explanation)
  2026-07-31 ATL v SEA T-90m   missing_data_unavailable   job served 1 other game(s) on 2026-07-31 at T-90m
  2026-07-31 WAS v DAL T-90m   missing_data_unavailable   job served 1 other game(s) on 2026-07-31 at T-90m
  2026-07-31 PDX v IND T-30m   missing_data_unavailable   job served 2 other game(s) on 2026-07-31 at T-30m
  2026-08-01 CHI v LVA T-24h   missing_job_did_not_run    no base record for ANY game on 2026-08-01 at T-24h
  2026-08-01 CHI v LVA T-8h    missing_job_did_not_run    no base record for ANY game on 2026-08-01 at T-8h
  2026-08-01 CHI v LVA T-30m   missing_job_did_not_run    no base record for ANY game on 2026-08-01 at T-30m
  2026-08-01 PHX v NYL T-24h   missing_job_did_not_run    no base record for ANY game on 2026-08-01 at T-24h
  2026-08-01 PHX v NYL T-8h    missing_job_did_not_run    no base record for ANY game on 2026-08-01 at T-8h
  2026-08-01 PHX v NYL T-30m   missing_job_did_not_run    no base record for ANY game on 2026-08-01 at T-30m
  2026-08-02 DAL v CON T-24h   missing_job_did_not_run    no base record for ANY game on 2026-08-02 at T-24h
  2026-08-02 DAL v CON T-8h    missing_job_did_not_run    no base record for ANY game on 2026-08-02 at T-8h
  2026-08-02 DAL v CON T-90m   missing_job_did_not_run    no base record for ANY game on 2026-08-02 at T-90m
  2026-08-02 DAL v CON T-30m   missing_job_did_not_run    no base record for ANY game on 2026-08-02 at T-30m
  2026-08-02 GSV v TOR T-24h   missing_job_did_not_run    no base record for ANY game on 2026-08-02 at T-24h
  2026-08-02 GSV v TOR T-8h    missing_job_did_not_run    no base record for ANY game on 2026-08-02 at T-8h
  2026-08-02 GSV v TOR T-90m   missing_job_did_not_run    no base record for ANY game on 2026-08-02 at T-90m
  2026-08-02 GSV v TOR T-30m   missing_job_did_not_run    no base record for ANY game on 2026-08-02 at T-30m
  2026-08-02 MIN v IND T-24h   missing_job_did_not_run    no base record for ANY game on 2026-08-02 at T-24h
  2026-08-02 MIN v IND T-8h    missing_job_did_not_run    no base record for ANY game on 2026-08-02 at T-8h
  2026-08-02 MIN v IND T-90m   missing_job_did_not_run    no base record for ANY game on 2026-08-02 at T-90m
  2026-08-02 MIN v IND T-30m   missing_job_did_not_run    no base record for ANY game on 2026-08-02 at T-30m
  2026-08-02 PDX v LAS T-24h   missing_job_did_not_run    no base record for ANY game on 2026-08-02 at T-24h
  2026-08-02 PDX v LAS T-8h    missing_job_did_not_run    no base record for ANY game on 2026-08-02 at T-8h
  2026-08-02 PDX v LAS T-90m   missing_job_did_not_run    no base record for ANY game on 2026-08-02 at T-90m
  2026-08-02 PDX v LAS T-30m   missing_job_did_not_run    no base record for ANY game on 2026-08-02 at T-30m
  2026-08-03 NYL v SEA T-24h   missing_job_did_not_run    no base record for ANY game on 2026-08-03 at T-24h
  2026-08-03 NYL v SEA T-30m   late_record                created 2026-08-03T22:45:08.958486+00:00 after cutoff
  2026-08-03 ATL v LVA T-24h   missing_job_did_not_run    no base record for ANY game on 2026-08-03 at T-24h
  2026-08-03 ATL v LVA T-30m   late_record                created 2026-08-03T22:45:08.976775+00:00 after cutoff
  2026-08-03 CHI v PHX T-24h   missing_job_did_not_run    no base record for ANY game on 2026-08-03 at T-24h
  2026-08-03 CHI v PHX T-30m   missing_data_unavailable   job served 2 other game(s) on 2026-08-03 at T-30m
  2026-08-04 GSV v TOR T-24h   missing_job_did_not_run    no base record for ANY game on 2026-08-04 at T-24h
  2026-08-05 WAS v DAL T-24h   missing_job_did_not_run    no base record for ANY game on 2026-08-05 at T-24h
  2026-08-05 NYL v SEA T-24h   missing_job_did_not_run    no base record for ANY game on 2026-08-05 at T-24h
  2026-08-05 NYL v SEA T-30m   late_record                created 2026-08-05T22:45:07.299457+00:00 after cutoff
  2026-08-05 ATL v PHX T-24h   missing_job_did_not_run    no base record for ANY game on 2026-08-05 at T-24h
  2026-08-05 ATL v PHX T-30m   late_record                created 2026-08-05T22:45:07.274521+00:00 after cutoff
  2026-08-05 CHI v LAS T-24h   missing_job_did_not_run    no base record for ANY game on 2026-08-05 at T-24h
  2026-08-05 CHI v LAS T-30m   missing_data_unavailable   job served 3 other game(s) on 2026-08-05 at T-30m
  2026-08-06 IND v LVA T-24h   missing_job_did_not_run    no base record for ANY game on 2026-08-06 at T-24h
  2026-08-06 IND v LVA T-30m   late_record                created 2026-08-06T22:45:09.382682+00:00 after cutoff
  2026-08-06 PDX v TOR T-24h   missing_job_did_not_run    no base record for ANY game on 2026-08-06 at T-24h
  2026-08-06 MIN v LAS T-24h   missing_job_did_not_run    no base record for ANY game on 2026-08-06 at T-24h
  2026-08-06 MIN v LAS T-30m   missing_data_unavailable   job served 2 other game(s) on 2026-08-06 at T-30m
  2026-08-07 WAS v ATL T-24h   missing_job_did_not_run    no base record for ANY game on 2026-08-07 at T-24h
  2026-08-07 CON v PHX T-24h   missing_job_did_not_run    no base record for ANY game on 2026-08-07 at T-24h
  2026-08-07 DAL v GSV T-24h   missing_job_did_not_run    no base record for ANY game on 2026-08-07 at T-24h
  2026-08-08 CHI v IND T-24h   missing_job_did_not_run    no base record for ANY game on 2026-08-08 at T-24h
  2026-08-08 CHI v IND T-90m   missing_data_unavailable   job served 2 other game(s) on 2026-08-08 at T-90m
  2026-08-08 CHI v IND T-30m   missing_data_unavailable   job served 1 other game(s) on 2026-08-08 at T-30m
  2026-08-08 MIN v LVA T-24h   missing_job_did_not_run    no base record for ANY game on 2026-08-08 at T-24h
  2026-08-08 MIN v LVA T-30m   missing_data_unavailable   job served 1 other game(s) on 2026-08-08 at T-30m
  2026-08-08 PDX v SEA T-24h   missing_job_did_not_run    no base record for ANY game on 2026-08-08 at T-24h
  2026-08-09 WAS v PHX T-24h   missing_job_did_not_run    no base record for ANY game on 2026-08-09 at T-24h
  2026-08-09 WAS v PHX T-8h    missing_job_did_not_run    no base record for ANY game on 2026-08-09 at T-8h
  2026-08-09 WAS v PHX T-90m   missing_job_did_not_run    no base record for ANY game on 2026-08-09 at T-90m
  2026-08-09 WAS v PHX T-30m   missing_job_did_not_run    no base record for ANY game on 2026-08-09 at T-30m
  2026-08-09 LAS v GSV T-24h   missing_job_did_not_run    no base record for ANY game on 2026-08-09 at T-24h
  2026-08-09 LAS v GSV T-8h    missing_job_did_not_run    no base record for ANY game on 2026-08-09 at T-8h
  2026-08-09 LAS v GSV T-90m   missing_job_did_not_run    no base record for ANY game on 2026-08-09 at T-90m
  2026-08-09 LAS v GSV T-30m   missing_job_did_not_run    no base record for ANY game on 2026-08-09 at T-30m
  2026-08-09 NYL v LVA T-24h   missing_job_did_not_run    no base record for ANY game on 2026-08-09 at T-24h
  2026-08-09 NYL v LVA T-8h    missing_job_did_not_run    no base record for ANY game on 2026-08-09 at T-8h
  2026-08-09 NYL v LVA T-90m   missing_job_did_not_run    no base record for ANY game on 2026-08-09 at T-90m
  2026-08-09 NYL v LVA T-30m   missing_job_did_not_run    no base record for ANY game on 2026-08-09 at T-30m
  2026-08-09 MIN v DAL T-24h   missing_job_did_not_run    no base record for ANY game on 2026-08-09 at T-24h
  2026-08-09 MIN v DAL T-8h    missing_job_did_not_run    no base record for ANY game on 2026-08-09 at T-8h
  2026-08-09 MIN v DAL T-90m   missing_job_did_not_run    no base record for ANY game on 2026-08-09 at T-90m
  2026-08-09 MIN v DAL T-30m   missing_job_did_not_run    no base record for ANY game on 2026-08-09 at T-30m

wrote forecasts/coverage_audit.csv and forecasts/coverage_receipt.json
[audit] exit=0 
==== Sat 08/15/2026 15:45:03.04 ==== 
[gate] 2026-08-15T19:45:03.810081+00:00  fire=False  -- no unserved obligation inside its 20-minute lead window (0 upcoming game(s) examined)
[gate] skipping the base job
[base] skipped - no unserved obligation in its lead window 
[base] exit=0 
================================================================================================
PROSPECTIVE PAIR RUNNER  2026-08-15T19:45:04.955442+00:00  model=ridge_score_level_w2c1_v1 hash=5d295bb8b99cd34e
================================================================================================
base records in official chain: 64
  late_prevented #0 ATL v SEA @ T-8h                cutoff 2026-07-31T15:35:00+00:00 already passed at 2026-08-1
  late_prevented #1 WAS v DAL @ T-8h                cutoff 2026-07-31T15:35:00+00:00 already passed at 2026-08-1
  late_prevented #2 PDX v IND @ T-8h                cutoff 2026-07-31T18:06:00+00:00 already passed at 2026-08-1
  late_prevented #3 ATL v SEA @ T-30m               cutoff 2026-07-31T23:05:00+00:00 already passed at 2026-08-1
  late_prevented #4 WAS v DAL @ T-30m               cutoff 2026-07-31T23:05:00+00:00 already passed at 2026-08-1
  late_prevented #5 PDX v IND @ T-90m               cutoff 2026-08-01T00:36:00+00:00 already passed at 2026-08-1
  late_prevented #6 CHI v LVA @ T-90m               cutoff 2026-08-01T15:35:00+00:00 already passed at 2026-08-1
  late_prevented #7 PHX v NYL @ T-90m               cutoff 2026-08-01T17:34:00+00:00 already passed at 2026-08-1
  skip           #8 CHI v LVA @ unknown-tip         base record is an explicit no-forecast; nothing to pair
  skip           #9 PHX v NYL @ unknown-tip         base record is an explicit no-forecast; nothing to pair
  late_prevented #10 NYL v SEA @ T-8h               cutoff 2026-08-03T15:04:00+00:00 already passed at 2026-08-1
  late_prevented #11 ATL v LVA @ T-8h               cutoff 2026-08-03T15:14:00+00:00 already passed at 2026-08-1
  late_prevented #12 CHI v PHX @ T-8h               cutoff 2026-08-03T17:08:00+00:00 already passed at 2026-08-1
  already_logged #13 NYL v SEA @ T-90m              idempotent: pair exists
  already_logged #14 ATL v LVA @ T-90m              idempotent: pair exists
  already_logged #15 CHI v PHX @ T-90m              idempotent: pair exists
  already_logged #16 NYL v SEA @ T-90m              idempotent: pair exists
  already_logged #17 ATL v LVA @ T-90m              idempotent: pair exists
  already_logged #18 CHI v PHX @ T-90m              idempotent: pair exists
  late_prevented #19 NYL v SEA @ T-30m              cutoff 2026-08-03T22:34:00+00:00 already passed at 2026-08-1
  late_prevented #20 ATL v LVA @ T-30m              cutoff 2026-08-03T22:44:00+00:00 already passed at 2026-08-1
  already_logged #21 CHI v PHX @ T-90m              idempotent: pair exists
  already_logged #22 GSV v TOR @ T-8h               idempotent: pair exists
  already_logged #23 GSV v TOR @ T-90m              idempotent: pair exists
  already_logged #24 GSV v TOR @ T-30m              idempotent: pair exists
  already_logged #25 ATL v PHX @ T-8h               idempotent: pair exists
  already_logged #26 NYL v SEA @ T-8h               idempotent: pair exists
  already_logged #27 WAS v DAL @ T-8h               idempotent: pair exists
  already_logged #28 CHI v LAS @ T-8h               idempotent: pair exists
  already_logged #29 ATL v PHX @ T-90m              idempotent: pair exists
  already_logged #30 NYL v SEA @ T-90m              idempotent: pair exists
  already_logged #31 WAS v DAL @ T-90m              idempotent: pair exists
  already_logged #32 CHI v LAS @ T-90m              idempotent: pair exists
  late_prevented #33 ATL v PHX @ T-30m              cutoff 2026-08-05T22:33:00+00:00 already passed at 2026-08-1
  late_prevented #34 NYL v SEA @ T-30m              cutoff 2026-08-05T22:38:00+00:00 already passed at 2026-08-1
  already_logged #35 WAS v DAL @ T-30m              idempotent: pair exists
  already_logged #36 CHI v LAS @ T-90m              idempotent: pair exists
  already_logged #37 IND v LVA @ T-8h               idempotent: pair exists
  already_logged #38 MIN v LAS @ T-8h               idempotent: pair exists
  already_logged #39 PDX v TOR @ T-8h               idempotent: pair exists
  already_logged #40 IND v LVA @ T-90m              idempotent: pair exists
  already_logged #41 MIN v LAS @ T-90m              idempotent: pair exists
  already_logged #42 PDX v TOR @ T-90m              idempotent: pair exists
  late_prevented #43 IND v LVA @ T-30m              cutoff 2026-08-06T22:36:00+00:00 already passed at 2026-08-1
  already_logged #44 PDX v TOR @ T-30m              idempotent: pair exists
  already_logged #45 CON v PHX @ T-8h               idempotent: pair exists
  already_logged #46 WAS v ATL @ T-8h               idempotent: pair exists
  already_logged #47 DAL v GSV @ T-8h               idempotent: pair exists
  already_logged #48 CON v PHX @ T-90m              idempotent: pair exists
  already_logged #49 WAS v ATL @ T-90m              idempotent: pair exists
  already_logged #50 DAL v GSV @ T-90m              idempotent: pair exists
  already_logged #51 CON v PHX @ T-30m              idempotent: pair exists
  already_logged #52 WAS v ATL @ T-30m              idempotent: pair exists
  already_logged #53 DAL v GSV @ T-30m              idempotent: pair exists
  already_logged #54 MIN v LVA @ T-8h               idempotent: pair exists
  already_logged #55 CHI v IND @ T-8h               idempotent: pair exists
  already_logged #56 PDX v SEA @ T-8h               idempotent: pair exists
  already_logged #57 MIN v LVA @ T-90m              idempotent: pair exists
  late_prevented #58 CHI v IND @ T-8h               cutoff 2026-08-08T11:35:00+00:00 already passed at 2026-08-1
  already_logged #59 PDX v SEA @ T-8h               idempotent: pair exists
  already_logged #60 PDX v SEA @ T-90m              idempotent: pair exists
  skip           #61 CHI v IND @ unknown-tip        base record is an explicit no-forecast; nothing to pair
  skip           #62 MIN v LVA @ unknown-tip        base record is an explicit no-forecast; nothing to pair
  already_logged #63 PDX v SEA @ T-30m              idempotent: pair exists

  already_logged=43, late_prevented=17, skip=4
  arm chain: ok=True n=38 tip=bd1b29312ba51888
  receipt appended to prospective_pair_runs.jsonl
[arm] exit=0 
====================================================================================================
FORECAST COVERAGE AUDIT   generated 2026-08-15T19:45:06.367820+00:00
====================================================================================================

CUMULATIVE by classification
  missing_job_did_not_run      55
  forecast_logged              48
  before_period_start          15
  missing_data_unavailable     9
  late_record                  5

  obligations 132 | due 117 | served 48 | coverage 41.0%
  operational misses 55 | unexplained 0
  PROMOTION-GRADE: NO   (needs >= 95% served, <= 0 operational misses, all explained)

DAILY
  date         oblig  served     due     excl    opmiss arm_recs
  2026-07-30      12       0       0       12         0        0
  2026-07-31      12       6       9        3         0        0
  2026-08-01       8       2       8        0         6        0
  2026-08-02      16       0      16        0        16        0
  2026-08-03      12       6      12        0         3        3
  2026-08-04       4       3       4        0         1        3
  2026-08-05      16       9      16        0         4        9
  2026-08-06      12       7      12        0         3        7
  2026-08-07      12       9      12        0         3        9
  2026-08-08      12       6      12        0         3        4
  2026-08-09      16       0      16        0        16        0

EVERY MISSING OR IRREGULAR OBLIGATION (each must carry an explanation)
  2026-07-31 ATL v SEA T-90m   missing_data_unavailable   job served 1 other game(s) on 2026-07-31 at T-90m
  2026-07-31 WAS v DAL T-90m   missing_data_unavailable   job served 1 other game(s) on 2026-07-31 at T-90m
  2026-07-31 PDX v IND T-30m   missing_data_unavailable   job served 2 other game(s) on 2026-07-31 at T-30m
  2026-08-01 CHI v LVA T-24h   missing_job_did_not_run    no base record for ANY game on 2026-08-01 at T-24h
  2026-08-01 CHI v LVA T-8h    missing_job_did_not_run    no base record for ANY game on 2026-08-01 at T-8h
  2026-08-01 CHI v LVA T-30m   missing_job_did_not_run    no base record for ANY game on 2026-08-01 at T-30m
  2026-08-01 PHX v NYL T-24h   missing_job_did_not_run    no base record for ANY game on 2026-08-01 at T-24h
  2026-08-01 PHX v NYL T-8h    missing_job_did_not_run    no base record for ANY game on 2026-08-01 at T-8h
  2026-08-01 PHX v NYL T-30m   missing_job_did_not_run    no base record for ANY game on 2026-08-01 at T-30m
  2026-08-02 DAL v CON T-24h   missing_job_did_not_run    no base record for ANY game on 2026-08-02 at T-24h
  2026-08-02 DAL v CON T-8h    missing_job_did_not_run    no base record for ANY game on 2026-08-02 at T-8h
  2026-08-02 DAL v CON T-90m   missing_job_did_not_run    no base record for ANY game on 2026-08-02 at T-90m
  2026-08-02 DAL v CON T-30m   missing_job_did_not_run    no base record for ANY game on 2026-08-02 at T-30m
  2026-08-02 GSV v TOR T-24h   missing_job_did_not_run    no base record for ANY game on 2026-08-02 at T-24h
  2026-08-02 GSV v TOR T-8h    missing_job_did_not_run    no base record for ANY game on 2026-08-02 at T-8h
  2026-08-02 GSV v TOR T-90m   missing_job_did_not_run    no base record for ANY game on 2026-08-02 at T-90m
  2026-08-02 GSV v TOR T-30m   missing_job_did_not_run    no base record for ANY game on 2026-08-02 at T-30m
  2026-08-02 MIN v IND T-24h   missing_job_did_not_run    no base record for ANY game on 2026-08-02 at T-24h
  2026-08-02 MIN v IND T-8h    missing_job_did_not_run    no base record for ANY game on 2026-08-02 at T-8h
  2026-08-02 MIN v IND T-90m   missing_job_did_not_run    no base record for ANY game on 2026-08-02 at T-90m
  2026-08-02 MIN v IND T-30m   missing_job_did_not_run    no base record for ANY game on 2026-08-02 at T-30m
  2026-08-02 PDX v LAS T-24h   missing_job_did_not_run    no base record for ANY game on 2026-08-02 at T-24h
  2026-08-02 PDX v LAS T-8h    missing_job_did_not_run    no base record for ANY game on 2026-08-02 at T-8h
  2026-08-02 PDX v LAS T-90m   missing_job_did_not_run    no base record for ANY game on 2026-08-02 at T-90m
  2026-08-02 PDX v LAS T-30m   missing_job_did_not_run    no base record for ANY game on 2026-08-02 at T-30m
  2026-08-03 NYL v SEA T-24h   missing_job_did_not_run    no base record for ANY game on 2026-08-03 at T-24h
  2026-08-03 NYL v SEA T-30m   late_record                created 2026-08-03T22:45:08.958486+00:00 after cutoff
  2026-08-03 ATL v LVA T-24h   missing_job_did_not_run    no base record for ANY game on 2026-08-03 at T-24h
  2026-08-03 ATL v LVA T-30m   late_record                created 2026-08-03T22:45:08.976775+00:00 after cutoff
  2026-08-03 CHI v PHX T-24h   missing_job_did_not_run    no base record for ANY game on 2026-08-03 at T-24h
  2026-08-03 CHI v PHX T-30m   missing_data_unavailable   job served 2 other game(s) on 2026-08-03 at T-30m
  2026-08-04 GSV v TOR T-24h   missing_job_did_not_run    no base record for ANY game on 2026-08-04 at T-24h
  2026-08-05 WAS v DAL T-24h   missing_job_did_not_run    no base record for ANY game on 2026-08-05 at T-24h
  2026-08-05 NYL v SEA T-24h   missing_job_did_not_run    no base record for ANY game on 2026-08-05 at T-24h
  2026-08-05 NYL v SEA T-30m   late_record                created 2026-08-05T22:45:07.299457+00:00 after cutoff
  2026-08-05 ATL v PHX T-24h   missing_job_did_not_run    no base record for ANY game on 2026-08-05 at T-24h
  2026-08-05 ATL v PHX T-30m   late_record                created 2026-08-05T22:45:07.274521+00:00 after cutoff
  2026-08-05 CHI v LAS T-24h   missing_job_did_not_run    no base record for ANY game on 2026-08-05 at T-24h
  2026-08-05 CHI v LAS T-30m   missing_data_unavailable   job served 3 other game(s) on 2026-08-05 at T-30m
  2026-08-06 IND v LVA T-24h   missing_job_did_not_run    no base record for ANY game on 2026-08-06 at T-24h
  2026-08-06 IND v LVA T-30m   late_record                created 2026-08-06T22:45:09.382682+00:00 after cutoff
  2026-08-06 PDX v TOR T-24h   missing_job_did_not_run    no base record for ANY game on 2026-08-06 at T-24h
  2026-08-06 MIN v LAS T-24h   missing_job_did_not_run    no base record for ANY game on 2026-08-06 at T-24h
  2026-08-06 MIN v LAS T-30m   missing_data_unavailable   job served 2 other game(s) on 2026-08-06 at T-30m
  2026-08-07 WAS v ATL T-24h   missing_job_did_not_run    no base record for ANY game on 2026-08-07 at T-24h
  2026-08-07 CON v PHX T-24h   missing_job_did_not_run    no base record for ANY game on 2026-08-07 at T-24h
  2026-08-07 DAL v GSV T-24h   missing_job_did_not_run    no base record for ANY game on 2026-08-07 at T-24h
  2026-08-08 CHI v IND T-24h   missing_job_did_not_run    no base record for ANY game on 2026-08-08 at T-24h
  2026-08-08 CHI v IND T-90m   missing_data_unavailable   job served 2 other game(s) on 2026-08-08 at T-90m
  2026-08-08 CHI v IND T-30m   missing_data_unavailable   job served 1 other game(s) on 2026-08-08 at T-30m
  2026-08-08 MIN v LVA T-24h   missing_job_did_not_run    no base record for ANY game on 2026-08-08 at T-24h
  2026-08-08 MIN v LVA T-30m   missing_data_unavailable   job served 1 other game(s) on 2026-08-08 at T-30m
  2026-08-08 PDX v SEA T-24h   missing_job_did_not_run    no base record for ANY game on 2026-08-08 at T-24h
  2026-08-09 WAS v PHX T-24h   missing_job_did_not_run    no base record for ANY game on 2026-08-09 at T-24h
  2026-08-09 WAS v PHX T-8h    missing_job_did_not_run    no base record for ANY game on 2026-08-09 at T-8h
  2026-08-09 WAS v PHX T-90m   missing_job_did_not_run    no base record for ANY game on 2026-08-09 at T-90m
  2026-08-09 WAS v PHX T-30m   missing_job_did_not_run    no base record for ANY game on 2026-08-09 at T-30m
  2026-08-09 LAS v GSV T-24h   missing_job_did_not_run    no base record for ANY game on 2026-08-09 at T-24h
  2026-08-09 LAS v GSV T-8h    missing_job_did_not_run    no base record for ANY game on 2026-08-09 at T-8h
  2026-08-09 LAS v GSV T-90m   missing_job_did_not_run    no base record for ANY game on 2026-08-09 at T-90m
  2026-08-09 LAS v GSV T-30m   missing_job_did_not_run    no base record for ANY game on 2026-08-09 at T-30m
  2026-08-09 NYL v LVA T-24h   missing_job_did_not_run    no base record for ANY game on 2026-08-09 at T-24h
  2026-08-09 NYL v LVA T-8h    missing_job_did_not_run    no base record for ANY game on 2026-08-09 at T-8h
  2026-08-09 NYL v LVA T-90m   missing_job_did_not_run    no base record for ANY game on 2026-08-09 at T-90m
  2026-08-09 NYL v LVA T-30m   missing_job_did_not_run    no base record for ANY game on 2026-08-09 at T-30m
  2026-08-09 MIN v DAL T-24h   missing_job_did_not_run    no base record for ANY game on 2026-08-09 at T-24h
  2026-08-09 MIN v DAL T-8h    missing_job_did_not_run    no base record for ANY game on 2026-08-09 at T-8h
  2026-08-09 MIN v DAL T-90m   missing_job_did_not_run    no base record for ANY game on 2026-08-09 at T-90m
  2026-08-09 MIN v DAL T-30m   missing_job_did_not_run    no base record for ANY game on 2026-08-09 at T-30m

wrote forecasts/coverage_audit.csv and forecasts/coverage_receipt.json
[audit] exit=0 
==== Sat 08/15/2026 16:00:03.59 ==== 
[gate] 2026-08-15T20:00:05.482167+00:00  fire=False  -- no unserved obligation inside its 20-minute lead window (5 upcoming game(s) examined); 5 slate game(s) have no official game_id and were served under a provisional id: WAS v LAS (2026-08-15) -> PROV-2026-08-15-LAS@WAS, LVA v MIN (2026-08-15) -> PROV-2026-08-15-MIN@LVA, ATL v IND (2026-08-16) -> PROV-2026-08-16-IND@ATL, SEA v CHI (2026-08-16) -> PROV-2026-08-16-CHI@SEA, PHX v PDX (2026-08-16) -> PROV-2026-08-16-PDX@PHX
       WAS v LAS      T-90m   unserved cutoff 2026-08-15T22:00:00 (+120 min) 
       LVA v MIN      T-90m   unserved cutoff 2026-08-15T22:30:00 (+150 min) 
       ATL v IND      T-24h   unserved cutoff 2026-08-15T21:00:00 (+60 min) 
       SEA v CHI      T-24h   unserved cutoff 2026-08-15T21:00:00 (+60 min) 
       PHX v PDX      T-24h   unserved cutoff 2026-08-15T23:00:00 (+180 min) 
[gate] skipping the base job
[base] skipped - no unserved obligation in its lead window 
[base] exit=0 
================================================================================================
PROSPECTIVE PAIR RUNNER  2026-08-15T20:00:07.275521+00:00  model=ridge_score_level_w2c1_v1 hash=5d295bb8b99cd34e
================================================================================================
base records in official chain: 64
  late_prevented #0 ATL v SEA @ T-8h                cutoff 2026-07-31T15:35:00+00:00 already passed at 2026-08-1
  late_prevented #1 WAS v DAL @ T-8h                cutoff 2026-07-31T15:35:00+00:00 already passed at 2026-08-1
  late_prevented #2 PDX v IND @ T-8h                cutoff 2026-07-31T18:06:00+00:00 already passed at 2026-08-1
  late_prevented #3 ATL v SEA @ T-30m               cutoff 2026-07-31T23:05:00+00:00 already passed at 2026-08-1
  late_prevented #4 WAS v DAL @ T-30m               cutoff 2026-07-31T23:05:00+00:00 already passed at 2026-08-1
  late_prevented #5 PDX v IND @ T-90m               cutoff 2026-08-01T00:36:00+00:00 already passed at 2026-08-1
  late_prevented #6 CHI v LVA @ T-90m               cutoff 2026-08-01T15:35:00+00:00 already passed at 2026-08-1
  late_prevented #7 PHX v NYL @ T-90m               cutoff 2026-08-01T17:34:00+00:00 already passed at 2026-08-1
  skip           #8 CHI v LVA @ unknown-tip         base record is an explicit no-forecast; nothing to pair
  skip           #9 PHX v NYL @ unknown-tip         base record is an explicit no-forecast; nothing to pair
  late_prevented #10 NYL v SEA @ T-8h               cutoff 2026-08-03T15:04:00+00:00 already passed at 2026-08-1
  late_prevented #11 ATL v LVA @ T-8h               cutoff 2026-08-03T15:14:00+00:00 already passed at 2026-08-1
  late_prevented #12 CHI v PHX @ T-8h               cutoff 2026-08-03T17:08:00+00:00 already passed at 2026-08-1
  already_logged #13 NYL v SEA @ T-90m              idempotent: pair exists
  already_logged #14 ATL v LVA @ T-90m              idempotent: pair exists
  already_logged #15 CHI v PHX @ T-90m              idempotent: pair exists
  already_logged #16 NYL v SEA @ T-90m              idempotent: pair exists
  already_logged #17 ATL v LVA @ T-90m              idempotent: pair exists
  already_logged #18 CHI v PHX @ T-90m              idempotent: pair exists
  late_prevented #19 NYL v SEA @ T-30m              cutoff 2026-08-03T22:34:00+00:00 already passed at 2026-08-1
  late_prevented #20 ATL v LVA @ T-30m              cutoff 2026-08-03T22:44:00+00:00 already passed at 2026-08-1
  already_logged #21 CHI v PHX @ T-90m              idempotent: pair exists
  already_logged #22 GSV v TOR @ T-8h               idempotent: pair exists
  already_logged #23 GSV v TOR @ T-90m              idempotent: pair exists
  already_logged #24 GSV v TOR @ T-30m              idempotent: pair exists
  already_logged #25 ATL v PHX @ T-8h               idempotent: pair exists
  already_logged #26 NYL v SEA @ T-8h               idempotent: pair exists
  already_logged #27 WAS v DAL @ T-8h               idempotent: pair exists
  already_logged #28 CHI v LAS @ T-8h               idempotent: pair exists
  already_logged #29 ATL v PHX @ T-90m              idempotent: pair exists
  already_logged #30 NYL v SEA @ T-90m              idempotent: pair exists
  already_logged #31 WAS v DAL @ T-90m              idempotent: pair exists
  already_logged #32 CHI v LAS @ T-90m              idempotent: pair exists
  late_prevented #33 ATL v PHX @ T-30m              cutoff 2026-08-05T22:33:00+00:00 already passed at 2026-08-1
  late_prevented #34 NYL v SEA @ T-30m              cutoff 2026-08-05T22:38:00+00:00 already passed at 2026-08-1
  already_logged #35 WAS v DAL @ T-30m              idempotent: pair exists
  already_logged #36 CHI v LAS @ T-90m              idempotent: pair exists
  already_logged #37 IND v LVA @ T-8h               idempotent: pair exists
  already_logged #38 MIN v LAS @ T-8h               idempotent: pair exists
  already_logged #39 PDX v TOR @ T-8h               idempotent: pair exists
  already_logged #40 IND v LVA @ T-90m              idempotent: pair exists
  already_logged #41 MIN v LAS @ T-90m              idempotent: pair exists
  already_logged #42 PDX v TOR @ T-90m              idempotent: pair exists
  late_prevented #43 IND v LVA @ T-30m              cutoff 2026-08-06T22:36:00+00:00 already passed at 2026-08-1
  already_logged #44 PDX v TOR @ T-30m              idempotent: pair exists
  already_logged #45 CON v PHX @ T-8h               idempotent: pair exists
  already_logged #46 WAS v ATL @ T-8h               idempotent: pair exists
  already_logged #47 DAL v GSV @ T-8h               idempotent: pair exists
  already_logged #48 CON v PHX @ T-90m              idempotent: pair exists
  already_logged #49 WAS v ATL @ T-90m              idempotent: pair exists
  already_logged #50 DAL v GSV @ T-90m              idempotent: pair exists
  already_logged #51 CON v PHX @ T-30m              idempotent: pair exists
  already_logged #52 WAS v ATL @ T-30m              idempotent: pair exists
  already_logged #53 DAL v GSV @ T-30m              idempotent: pair exists
  already_logged #54 MIN v LVA @ T-8h               idempotent: pair exists
  already_logged #55 CHI v IND @ T-8h               idempotent: pair exists
  already_logged #56 PDX v SEA @ T-8h               idempotent: pair exists
  already_logged #57 MIN v LVA @ T-90m              idempotent: pair exists
  late_prevented #58 CHI v IND @ T-8h               cutoff 2026-08-08T11:35:00+00:00 already passed at 2026-08-1
  already_logged #59 PDX v SEA @ T-8h               idempotent: pair exists
  already_logged #60 PDX v SEA @ T-90m              idempotent: pair exists
  skip           #61 CHI v IND @ unknown-tip        base record is an explicit no-forecast; nothing to pair
  skip           #62 MIN v LVA @ unknown-tip        base record is an explicit no-forecast; nothing to pair
  already_logged #63 PDX v SEA @ T-30m              idempotent: pair exists

  already_logged=43, late_prevented=17, skip=4
  arm chain: ok=True n=38 tip=bd1b29312ba51888
  receipt appended to prospective_pair_runs.jsonl
[arm] exit=0 
====================================================================================================
FORECAST COVERAGE AUDIT   generated 2026-08-15T20:00:08.737555+00:00
====================================================================================================

CUMULATIVE by classification
  missing_job_did_not_run      59
  forecast_logged              48
  not_yet_due                  16
  before_period_start          15
  missing_data_unavailable     9
  late_record                  5

  obligations 152 | due 121 | served 48 | coverage 39.7%
  operational misses 59 | unexplained 0
  PROMOTION-GRADE: NO   (needs >= 95% served, <= 0 operational misses, all explained)

DAILY
  date         oblig  served     due     excl    opmiss arm_recs
  2026-07-30      12       0       0       12         0        0
  2026-07-31      12       6       9        3         0        0
  2026-08-01       8       2       8        0         6        0
  2026-08-02      16       0      16        0        16        0
  2026-08-03      12       6      12        0         3        3
  2026-08-04       4       3       4        0         1        3
  2026-08-05      16       9      16        0         4        9
  2026-08-06      12       7      12        0         3        7
  2026-08-07      12       9      12        0         3        9
  2026-08-08      12       6      12        0         3        4
  2026-08-09      16       0      16        0        16        0
  2026-08-15       8       0       4        4         4        0
  2026-08-16      12       0       0       12         0        0

EVERY MISSING OR IRREGULAR OBLIGATION (each must carry an explanation)
  2026-07-31 ATL v SEA T-90m   missing_data_unavailable   job served 1 other game(s) on 2026-07-31 at T-90m
  2026-07-31 WAS v DAL T-90m   missing_data_unavailable   job served 1 other game(s) on 2026-07-31 at T-90m
  2026-07-31 PDX v IND T-30m   missing_data_unavailable   job served 2 other game(s) on 2026-07-31 at T-30m
  2026-08-01 CHI v LVA T-24h   missing_job_did_not_run    no base record for ANY game on 2026-08-01 at T-24h
  2026-08-01 CHI v LVA T-8h    missing_job_did_not_run    no base record for ANY game on 2026-08-01 at T-8h
  2026-08-01 CHI v LVA T-30m   missing_job_did_not_run    no base record for ANY game on 2026-08-01 at T-30m
  2026-08-01 PHX v NYL T-24h   missing_job_did_not_run    no base record for ANY game on 2026-08-01 at T-24h
  2026-08-01 PHX v NYL T-8h    missing_job_did_not_run    no base record for ANY game on 2026-08-01 at T-8h
  2026-08-01 PHX v NYL T-30m   missing_job_did_not_run    no base record for ANY game on 2026-08-01 at T-30m
  2026-08-02 DAL v CON T-24h   missing_job_did_not_run    no base record for ANY game on 2026-08-02 at T-24h
  2026-08-02 DAL v CON T-8h    missing_job_did_not_run    no base record for ANY game on 2026-08-02 at T-8h
  2026-08-02 DAL v CON T-90m   missing_job_did_not_run    no base record for ANY game on 2026-08-02 at T-90m
  2026-08-02 DAL v CON T-30m   missing_job_did_not_run    no base record for ANY game on 2026-08-02 at T-30m
  2026-08-02 GSV v TOR T-24h   missing_job_did_not_run    no base record for ANY game on 2026-08-02 at T-24h
  2026-08-02 GSV v TOR T-8h    missing_job_did_not_run    no base record for ANY game on 2026-08-02 at T-8h
  2026-08-02 GSV v TOR T-90m   missing_job_did_not_run    no base record for ANY game on 2026-08-02 at T-90m
  2026-08-02 GSV v TOR T-30m   missing_job_did_not_run    no base record for ANY game on 2026-08-02 at T-30m
  2026-08-02 MIN v IND T-24h   missing_job_did_not_run    no base record for ANY game on 2026-08-02 at T-24h
  2026-08-02 MIN v IND T-8h    missing_job_did_not_run    no base record for ANY game on 2026-08-02 at T-8h
  2026-08-02 MIN v IND T-90m   missing_job_did_not_run    no base record for ANY game on 2026-08-02 at T-90m
  2026-08-02 MIN v IND T-30m   missing_job_did_not_run    no base record for ANY game on 2026-08-02 at T-30m
  2026-08-02 PDX v LAS T-24h   missing_job_did_not_run    no base record for ANY game on 2026-08-02 at T-24h
  2026-08-02 PDX v LAS T-8h    missing_job_did_not_run    no base record for ANY game on 2026-08-02 at T-8h
  2026-08-02 PDX v LAS T-90m   missing_job_did_not_run    no base record for ANY game on 2026-08-02 at T-90m
  2026-08-02 PDX v LAS T-30m   missing_job_did_not_run    no base record for ANY game on 2026-08-02 at T-30m
  2026-08-03 NYL v SEA T-24h   missing_job_did_not_run    no base record for ANY game on 2026-08-03 at T-24h
  2026-08-03 NYL v SEA T-30m   late_record                created 2026-08-03T22:45:08.958486+00:00 after cutoff
  2026-08-03 ATL v LVA T-24h   missing_job_did_not_run    no base record for ANY game on 2026-08-03 at T-24h
  2026-08-03 ATL v LVA T-30m   late_record                created 2026-08-03T22:45:08.976775+00:00 after cutoff
  2026-08-03 CHI v PHX T-24h   missing_job_did_not_run    no base record for ANY game on 2026-08-03 at T-24h
  2026-08-03 CHI v PHX T-30m   missing_data_unavailable   job served 2 other game(s) on 2026-08-03 at T-30m
  2026-08-04 GSV v TOR T-24h   missing_job_did_not_run    no base record for ANY game on 2026-08-04 at T-24h
  2026-08-05 WAS v DAL T-24h   missing_job_did_not_run    no base record for ANY game on 2026-08-05 at T-24h
  2026-08-05 NYL v SEA T-24h   missing_job_did_not_run    no base record for ANY game on 2026-08-05 at T-24h
  2026-08-05 NYL v SEA T-30m   late_record                created 2026-08-05T22:45:07.299457+00:00 after cutoff
  2026-08-05 ATL v PHX T-24h   missing_job_did_not_run    no base record for ANY game on 2026-08-05 at T-24h
  2026-08-05 ATL v PHX T-30m   late_record                created 2026-08-05T22:45:07.274521+00:00 after cutoff
  2026-08-05 CHI v LAS T-24h   missing_job_did_not_run    no base record for ANY game on 2026-08-05 at T-24h
  2026-08-05 CHI v LAS T-30m   missing_data_unavailable   job served 3 other game(s) on 2026-08-05 at T-30m
  2026-08-06 IND v LVA T-24h   missing_job_did_not_run    no base record for ANY game on 2026-08-06 at T-24h
  2026-08-06 IND v LVA T-30m   late_record                created 2026-08-06T22:45:09.382682+00:00 after cutoff
  2026-08-06 PDX v TOR T-24h   missing_job_did_not_run    no base record for ANY game on 2026-08-06 at T-24h
  2026-08-06 MIN v LAS T-24h   missing_job_did_not_run    no base record for ANY game on 2026-08-06 at T-24h
  2026-08-06 MIN v LAS T-30m   missing_data_unavailable   job served 2 other game(s) on 2026-08-06 at T-30m
  2026-08-07 WAS v ATL T-24h   missing_job_did_not_run    no base record for ANY game on 2026-08-07 at T-24h
  2026-08-07 CON v PHX T-24h   missing_job_did_not_run    no base record for ANY game on 2026-08-07 at T-24h
  2026-08-07 DAL v GSV T-24h   missing_job_did_not_run    no base record for ANY game on 2026-08-07 at T-24h
  2026-08-08 CHI v IND T-24h   missing_job_did_not_run    no base record for ANY game on 2026-08-08 at T-24h
  2026-08-08 CHI v IND T-90m   missing_data_unavailable   job served 2 other game(s) on 2026-08-08 at T-90m
  2026-08-08 CHI v IND T-30m   missing_data_unavailable   job served 1 other game(s) on 2026-08-08 at T-30m
  2026-08-08 MIN v LVA T-24h   missing_job_did_not_run    no base record for ANY game on 2026-08-08 at T-24h
  2026-08-08 MIN v LVA T-30m   missing_data_unavailable   job served 1 other game(s) on 2026-08-08 at T-30m
  2026-08-08 PDX v SEA T-24h   missing_job_did_not_run    no base record for ANY game on 2026-08-08 at T-24h
  2026-08-09 WAS v PHX T-24h   missing_job_did_not_run    no base record for ANY game on 2026-08-09 at T-24h
  2026-08-09 WAS v PHX T-8h    missing_job_did_not_run    no base record for ANY game on 2026-08-09 at T-8h
  2026-08-09 WAS v PHX T-90m   missing_job_did_not_run    no base record for ANY game on 2026-08-09 at T-90m
  2026-08-09 WAS v PHX T-30m   missing_job_did_not_run    no base record for ANY game on 2026-08-09 at T-30m
  2026-08-09 LAS v GSV T-24h   missing_job_did_not_run    no base record for ANY game on 2026-08-09 at T-24h
  2026-08-09 LAS v GSV T-8h    missing_job_did_not_run    no base record for ANY game on 2026-08-09 at T-8h
  2026-08-09 LAS v GSV T-90m   missing_job_did_not_run    no base record for ANY game on 2026-08-09 at T-90m
  2026-08-09 LAS v GSV T-30m   missing_job_did_not_run    no base record for ANY game on 2026-08-09 at T-30m
  2026-08-09 NYL v LVA T-24h   missing_job_did_not_run    no base record for ANY game on 2026-08-09 at T-24h
  2026-08-09 NYL v LVA T-8h    missing_job_did_not_run    no base record for ANY game on 2026-08-09 at T-8h
  2026-08-09 NYL v LVA T-90m   missing_job_did_not_run    no base record for ANY game on 2026-08-09 at T-90m
  2026-08-09 NYL v LVA T-30m   missing_job_did_not_run    no base record for ANY game on 2026-08-09 at T-30m
  2026-08-09 MIN v DAL T-24h   missing_job_did_not_run    no base record for ANY game on 2026-08-09 at T-24h
  2026-08-09 MIN v DAL T-8h    missing_job_did_not_run    no base record for ANY game on 2026-08-09 at T-8h
  2026-08-09 MIN v DAL T-90m   missing_job_did_not_run    no base record for ANY game on 2026-08-09 at T-90m
  2026-08-09 MIN v DAL T-30m   missing_job_did_not_run    no base record for ANY game on 2026-08-09 at T-30m
  2026-08-15 WAS v LAS T-24h   missing_job_did_not_run    no base record for ANY game on 2026-08-15 at T-24h
  2026-08-15 WAS v LAS T-8h    missing_job_did_not_run    no base record for ANY game on 2026-08-15 at T-8h
  2026-08-15 LVA v MIN T-24h   missing_job_did_not_run    no base record for ANY game on 2026-08-15 at T-24h
  2026-08-15 LVA v MIN T-8h    missing_job_did_not_run    no base record for ANY game on 2026-08-15 at T-8h

wrote forecasts/coverage_audit.csv and forecasts/coverage_receipt.json
[audit] exit=0 
==== Sat 08/15/2026 16:15:02.93 ==== 
[gate] 2026-08-15T20:15:03.830804+00:00  fire=False  -- no unserved obligation inside its 20-minute lead window (5 upcoming game(s) examined); 5 slate game(s) have no official game_id and were served under a provisional id: WAS v LAS (2026-08-15) -> PROV-2026-08-15-LAS@WAS, LVA v MIN (2026-08-15) -> PROV-2026-08-15-MIN@LVA, ATL v IND (2026-08-16) -> PROV-2026-08-16-IND@ATL, SEA v CHI (2026-08-16) -> PROV-2026-08-16-CHI@SEA, PHX v PDX (2026-08-16) -> PROV-2026-08-16-PDX@PHX
       WAS v LAS      T-90m   unserved cutoff 2026-08-15T22:00:00 (+105 min) 
       LVA v MIN      T-90m   unserved cutoff 2026-08-15T22:30:00 (+135 min) 
       ATL v IND      T-24h   unserved cutoff 2026-08-15T21:00:00 (+45 min) 
       SEA v CHI      T-24h   unserved cutoff 2026-08-15T21:00:00 (+45 min) 
       PHX v PDX      T-24h   unserved cutoff 2026-08-15T23:00:00 (+165 min) 
[gate] skipping the base job
[base] skipped - no unserved obligation in its lead window 
[base] exit=0 
================================================================================================
PROSPECTIVE PAIR RUNNER  2026-08-15T20:15:04.949782+00:00  model=ridge_score_level_w2c1_v1 hash=5d295bb8b99cd34e
================================================================================================
base records in official chain: 64
  late_prevented #0 ATL v SEA @ T-8h                cutoff 2026-07-31T15:35:00+00:00 already passed at 2026-08-1
  late_prevented #1 WAS v DAL @ T-8h                cutoff 2026-07-31T15:35:00+00:00 already passed at 2026-08-1
  late_prevented #2 PDX v IND @ T-8h                cutoff 2026-07-31T18:06:00+00:00 already passed at 2026-08-1
  late_prevented #3 ATL v SEA @ T-30m               cutoff 2026-07-31T23:05:00+00:00 already passed at 2026-08-1
  late_prevented #4 WAS v DAL @ T-30m               cutoff 2026-07-31T23:05:00+00:00 already passed at 2026-08-1
  late_prevented #5 PDX v IND @ T-90m               cutoff 2026-08-01T00:36:00+00:00 already passed at 2026-08-1
  late_prevented #6 CHI v LVA @ T-90m               cutoff 2026-08-01T15:35:00+00:00 already passed at 2026-08-1
  late_prevented #7 PHX v NYL @ T-90m               cutoff 2026-08-01T17:34:00+00:00 already passed at 2026-08-1
  skip           #8 CHI v LVA @ unknown-tip         base record is an explicit no-forecast; nothing to pair
  skip           #9 PHX v NYL @ unknown-tip         base record is an explicit no-forecast; nothing to pair
  late_prevented #10 NYL v SEA @ T-8h               cutoff 2026-08-03T15:04:00+00:00 already passed at 2026-08-1
  late_prevented #11 ATL v LVA @ T-8h               cutoff 2026-08-03T15:14:00+00:00 already passed at 2026-08-1
  late_prevented #12 CHI v PHX @ T-8h               cutoff 2026-08-03T17:08:00+00:00 already passed at 2026-08-1
  already_logged #13 NYL v SEA @ T-90m              idempotent: pair exists
  already_logged #14 ATL v LVA @ T-90m              idempotent: pair exists
  already_logged #15 CHI v PHX @ T-90m              idempotent: pair exists
  already_logged #16 NYL v SEA @ T-90m              idempotent: pair exists
  already_logged #17 ATL v LVA @ T-90m              idempotent: pair exists
  already_logged #18 CHI v PHX @ T-90m              idempotent: pair exists
  late_prevented #19 NYL v SEA @ T-30m              cutoff 2026-08-03T22:34:00+00:00 already passed at 2026-08-1
  late_prevented #20 ATL v LVA @ T-30m              cutoff 2026-08-03T22:44:00+00:00 already passed at 2026-08-1
  already_logged #21 CHI v PHX @ T-90m              idempotent: pair exists
  already_logged #22 GSV v TOR @ T-8h               idempotent: pair exists
  already_logged #23 GSV v TOR @ T-90m              idempotent: pair exists
  already_logged #24 GSV v TOR @ T-30m              idempotent: pair exists
  already_logged #25 ATL v PHX @ T-8h               idempotent: pair exists
  already_logged #26 NYL v SEA @ T-8h               idempotent: pair exists
  already_logged #27 WAS v DAL @ T-8h               idempotent: pair exists
  already_logged #28 CHI v LAS @ T-8h               idempotent: pair exists
  already_logged #29 ATL v PHX @ T-90m              idempotent: pair exists
  already_logged #30 NYL v SEA @ T-90m              idempotent: pair exists
  already_logged #31 WAS v DAL @ T-90m              idempotent: pair exists
  already_logged #32 CHI v LAS @ T-90m              idempotent: pair exists
  late_prevented #33 ATL v PHX @ T-30m              cutoff 2026-08-05T22:33:00+00:00 already passed at 2026-08-1
  late_prevented #34 NYL v SEA @ T-30m              cutoff 2026-08-05T22:38:00+00:00 already passed at 2026-08-1
  already_logged #35 WAS v DAL @ T-30m              idempotent: pair exists
  already_logged #36 CHI v LAS @ T-90m              idempotent: pair exists
  already_logged #37 IND v LVA @ T-8h               idempotent: pair exists
  already_logged #38 MIN v LAS @ T-8h               idempotent: pair exists
  already_logged #39 PDX v TOR @ T-8h               idempotent: pair exists
  already_logged #40 IND v LVA @ T-90m              idempotent: pair exists
  already_logged #41 MIN v LAS @ T-90m              idempotent: pair exists
  already_logged #42 PDX v TOR @ T-90m              idempotent: pair exists
  late_prevented #43 IND v LVA @ T-30m              cutoff 2026-08-06T22:36:00+00:00 already passed at 2026-08-1
  already_logged #44 PDX v TOR @ T-30m              idempotent: pair exists
  already_logged #45 CON v PHX @ T-8h               idempotent: pair exists
  already_logged #46 WAS v ATL @ T-8h               idempotent: pair exists
  already_logged #47 DAL v GSV @ T-8h               idempotent: pair exists
  already_logged #48 CON v PHX @ T-90m              idempotent: pair exists
  already_logged #49 WAS v ATL @ T-90m              idempotent: pair exists
  already_logged #50 DAL v GSV @ T-90m              idempotent: pair exists
  already_logged #51 CON v PHX @ T-30m              idempotent: pair exists
  already_logged #52 WAS v ATL @ T-30m              idempotent: pair exists
  already_logged #53 DAL v GSV @ T-30m              idempotent: pair exists
  already_logged #54 MIN v LVA @ T-8h               idempotent: pair exists
  already_logged #55 CHI v IND @ T-8h               idempotent: pair exists
  already_logged #56 PDX v SEA @ T-8h               idempotent: pair exists
  already_logged #57 MIN v LVA @ T-90m              idempotent: pair exists
  late_prevented #58 CHI v IND @ T-8h               cutoff 2026-08-08T11:35:00+00:00 already passed at 2026-08-1
  already_logged #59 PDX v SEA @ T-8h               idempotent: pair exists
  already_logged #60 PDX v SEA @ T-90m              idempotent: pair exists
  skip           #61 CHI v IND @ unknown-tip        base record is an explicit no-forecast; nothing to pair
  skip           #62 MIN v LVA @ unknown-tip        base record is an explicit no-forecast; nothing to pair
  already_logged #63 PDX v SEA @ T-30m              idempotent: pair exists

  already_logged=43, late_prevented=17, skip=4
  arm chain: ok=True n=38 tip=bd1b29312ba51888
  receipt appended to prospective_pair_runs.jsonl
[arm] exit=0 
====================================================================================================
FORECAST COVERAGE AUDIT   generated 2026-08-15T20:15:06.096512+00:00
====================================================================================================

CUMULATIVE by classification
  missing_job_did_not_run      59
  forecast_logged              48
  not_yet_due                  16
  before_period_start          15
  missing_data_unavailable     9
  late_record                  5

  obligations 152 | due 121 | served 48 | coverage 39.7%
  operational misses 59 | unexplained 0
  PROMOTION-GRADE: NO   (needs >= 95% served, <= 0 operational misses, all explained)

DAILY
  date         oblig  served     due     excl    opmiss arm_recs
  2026-07-30      12       0       0       12         0        0
  2026-07-31      12       6       9        3         0        0
  2026-08-01       8       2       8        0         6        0
  2026-08-02      16       0      16        0        16        0
  2026-08-03      12       6      12        0         3        3
  2026-08-04       4       3       4        0         1        3
  2026-08-05      16       9      16        0         4        9
  2026-08-06      12       7      12        0         3        7
  2026-08-07      12       9      12        0         3        9
  2026-08-08      12       6      12        0         3        4
  2026-08-09      16       0      16        0        16        0
  2026-08-15       8       0       4        4         4        0
  2026-08-16      12       0       0       12         0        0

EVERY MISSING OR IRREGULAR OBLIGATION (each must carry an explanation)
  2026-07-31 ATL v SEA T-90m   missing_data_unavailable   job served 1 other game(s) on 2026-07-31 at T-90m
  2026-07-31 WAS v DAL T-90m   missing_data_unavailable   job served 1 other game(s) on 2026-07-31 at T-90m
  2026-07-31 PDX v IND T-30m   missing_data_unavailable   job served 2 other game(s) on 2026-07-31 at T-30m
  2026-08-01 CHI v LVA T-24h   missing_job_did_not_run    no base record for ANY game on 2026-08-01 at T-24h
  2026-08-01 CHI v LVA T-8h    missing_job_did_not_run    no base record for ANY game on 2026-08-01 at T-8h
  2026-08-01 CHI v LVA T-30m   missing_job_did_not_run    no base record for ANY game on 2026-08-01 at T-30m
  2026-08-01 PHX v NYL T-24h   missing_job_did_not_run    no base record for ANY game on 2026-08-01 at T-24h
  2026-08-01 PHX v NYL T-8h    missing_job_did_not_run    no base record for ANY game on 2026-08-01 at T-8h
  2026-08-01 PHX v NYL T-30m   missing_job_did_not_run    no base record for ANY game on 2026-08-01 at T-30m
  2026-08-02 DAL v CON T-24h   missing_job_did_not_run    no base record for ANY game on 2026-08-02 at T-24h
  2026-08-02 DAL v CON T-8h    missing_job_did_not_run    no base record for ANY game on 2026-08-02 at T-8h
  2026-08-02 DAL v CON T-90m   missing_job_did_not_run    no base record for ANY game on 2026-08-02 at T-90m
  2026-08-02 DAL v CON T-30m   missing_job_did_not_run    no base record for ANY game on 2026-08-02 at T-30m
  2026-08-02 GSV v TOR T-24h   missing_job_did_not_run    no base record for ANY game on 2026-08-02 at T-24h
  2026-08-02 GSV v TOR T-8h    missing_job_did_not_run    no base record for ANY game on 2026-08-02 at T-8h
  2026-08-02 GSV v TOR T-90m   missing_job_did_not_run    no base record for ANY game on 2026-08-02 at T-90m
  2026-08-02 GSV v TOR T-30m   missing_job_did_not_run    no base record for ANY game on 2026-08-02 at T-30m
  2026-08-02 MIN v IND T-24h   missing_job_did_not_run    no base record for ANY game on 2026-08-02 at T-24h
  2026-08-02 MIN v IND T-8h    missing_job_did_not_run    no base record for ANY game on 2026-08-02 at T-8h
  2026-08-02 MIN v IND T-90m   missing_job_did_not_run    no base record for ANY game on 2026-08-02 at T-90m
  2026-08-02 MIN v IND T-30m   missing_job_did_not_run    no base record for ANY game on 2026-08-02 at T-30m
  2026-08-02 PDX v LAS T-24h   missing_job_did_not_run    no base record for ANY game on 2026-08-02 at T-24h
  2026-08-02 PDX v LAS T-8h    missing_job_did_not_run    no base record for ANY game on 2026-08-02 at T-8h
  2026-08-02 PDX v LAS T-90m   missing_job_did_not_run    no base record for ANY game on 2026-08-02 at T-90m
  2026-08-02 PDX v LAS T-30m   missing_job_did_not_run    no base record for ANY game on 2026-08-02 at T-30m
  2026-08-03 NYL v SEA T-24h   missing_job_did_not_run    no base record for ANY game on 2026-08-03 at T-24h
  2026-08-03 NYL v SEA T-30m   late_record                created 2026-08-03T22:45:08.958486+00:00 after cutoff
  2026-08-03 ATL v LVA T-24h   missing_job_did_not_run    no base record for ANY game on 2026-08-03 at T-24h
  2026-08-03 ATL v LVA T-30m   late_record                created 2026-08-03T22:45:08.976775+00:00 after cutoff
  2026-08-03 CHI v PHX T-24h   missing_job_did_not_run    no base record for ANY game on 2026-08-03 at T-24h
  2026-08-03 CHI v PHX T-30m   missing_data_unavailable   job served 2 other game(s) on 2026-08-03 at T-30m
  2026-08-04 GSV v TOR T-24h   missing_job_did_not_run    no base record for ANY game on 2026-08-04 at T-24h
  2026-08-05 WAS v DAL T-24h   missing_job_did_not_run    no base record for ANY game on 2026-08-05 at T-24h
  2026-08-05 NYL v SEA T-24h   missing_job_did_not_run    no base record for ANY game on 2026-08-05 at T-24h
  2026-08-05 NYL v SEA T-30m   late_record                created 2026-08-05T22:45:07.299457+00:00 after cutoff
  2026-08-05 ATL v PHX T-24h   missing_job_did_not_run    no base record for ANY game on 2026-08-05 at T-24h
  2026-08-05 ATL v PHX T-30m   late_record                created 2026-08-05T22:45:07.274521+00:00 after cutoff
  2026-08-05 CHI v LAS T-24h   missing_job_did_not_run    no base record for ANY game on 2026-08-05 at T-24h
  2026-08-05 CHI v LAS T-30m   missing_data_unavailable   job served 3 other game(s) on 2026-08-05 at T-30m
  2026-08-06 IND v LVA T-24h   missing_job_did_not_run    no base record for ANY game on 2026-08-06 at T-24h
  2026-08-06 IND v LVA T-30m   late_record                created 2026-08-06T22:45:09.382682+00:00 after cutoff
  2026-08-06 PDX v TOR T-24h   missing_job_did_not_run    no base record for ANY game on 2026-08-06 at T-24h
  2026-08-06 MIN v LAS T-24h   missing_job_did_not_run    no base record for ANY game on 2026-08-06 at T-24h
  2026-08-06 MIN v LAS T-30m   missing_data_unavailable   job served 2 other game(s) on 2026-08-06 at T-30m
  2026-08-07 WAS v ATL T-24h   missing_job_did_not_run    no base record for ANY game on 2026-08-07 at T-24h
  2026-08-07 CON v PHX T-24h   missing_job_did_not_run    no base record for ANY game on 2026-08-07 at T-24h
  2026-08-07 DAL v GSV T-24h   missing_job_did_not_run    no base record for ANY game on 2026-08-07 at T-24h
  2026-08-08 CHI v IND T-24h   missing_job_did_not_run    no base record for ANY game on 2026-08-08 at T-24h
  2026-08-08 CHI v IND T-90m   missing_data_unavailable   job served 2 other game(s) on 2026-08-08 at T-90m
  2026-08-08 CHI v IND T-30m   missing_data_unavailable   job served 1 other game(s) on 2026-08-08 at T-30m
  2026-08-08 MIN v LVA T-24h   missing_job_did_not_run    no base record for ANY game on 2026-08-08 at T-24h
  2026-08-08 MIN v LVA T-30m   missing_data_unavailable   job served 1 other game(s) on 2026-08-08 at T-30m
  2026-08-08 PDX v SEA T-24h   missing_job_did_not_run    no base record for ANY game on 2026-08-08 at T-24h
  2026-08-09 WAS v PHX T-24h   missing_job_did_not_run    no base record for ANY game on 2026-08-09 at T-24h
  2026-08-09 WAS v PHX T-8h    missing_job_did_not_run    no base record for ANY game on 2026-08-09 at T-8h
  2026-08-09 WAS v PHX T-90m   missing_job_did_not_run    no base record for ANY game on 2026-08-09 at T-90m
  2026-08-09 WAS v PHX T-30m   missing_job_did_not_run    no base record for ANY game on 2026-08-09 at T-30m
  2026-08-09 LAS v GSV T-24h   missing_job_did_not_run    no base record for ANY game on 2026-08-09 at T-24h
  2026-08-09 LAS v GSV T-8h    missing_job_did_not_run    no base record for ANY game on 2026-08-09 at T-8h
  2026-08-09 LAS v GSV T-90m   missing_job_did_not_run    no base record for ANY game on 2026-08-09 at T-90m
  2026-08-09 LAS v GSV T-30m   missing_job_did_not_run    no base record for ANY game on 2026-08-09 at T-30m
  2026-08-09 NYL v LVA T-24h   missing_job_did_not_run    no base record for ANY game on 2026-08-09 at T-24h
  2026-08-09 NYL v LVA T-8h    missing_job_did_not_run    no base record for ANY game on 2026-08-09 at T-8h
  2026-08-09 NYL v LVA T-90m   missing_job_did_not_run    no base record for ANY game on 2026-08-09 at T-90m
  2026-08-09 NYL v LVA T-30m   missing_job_did_not_run    no base record for ANY game on 2026-08-09 at T-30m
  2026-08-09 MIN v DAL T-24h   missing_job_did_not_run    no base record for ANY game on 2026-08-09 at T-24h
  2026-08-09 MIN v DAL T-8h    missing_job_did_not_run    no base record for ANY game on 2026-08-09 at T-8h
  2026-08-09 MIN v DAL T-90m   missing_job_did_not_run    no base record for ANY game on 2026-08-09 at T-90m
  2026-08-09 MIN v DAL T-30m   missing_job_did_not_run    no base record for ANY game on 2026-08-09 at T-30m
  2026-08-15 WAS v LAS T-24h   missing_job_did_not_run    no base record for ANY game on 2026-08-15 at T-24h
  2026-08-15 WAS v LAS T-8h    missing_job_did_not_run    no base record for ANY game on 2026-08-15 at T-8h
  2026-08-15 LVA v MIN T-24h   missing_job_did_not_run    no base record for ANY game on 2026-08-15 at T-24h
  2026-08-15 LVA v MIN T-8h    missing_job_did_not_run    no base record for ANY game on 2026-08-15 at T-8h

wrote forecasts/coverage_audit.csv and forecasts/coverage_receipt.json
[audit] exit=0 
==== Sat 08/15/2026 16:30:02.89 ==== 
[gate] 2026-08-15T20:30:03.622197+00:00  fire=False  -- no unserved obligation inside its 20-minute lead window (5 upcoming game(s) examined); 5 slate game(s) have no official game_id and were served under a provisional id: WAS v LAS (2026-08-15) -> PROV-2026-08-15-LAS@WAS, LVA v MIN (2026-08-15) -> PROV-2026-08-15-MIN@LVA, ATL v IND (2026-08-16) -> PROV-2026-08-16-IND@ATL, SEA v CHI (2026-08-16) -> PROV-2026-08-16-CHI@SEA, PHX v PDX (2026-08-16) -> PROV-2026-08-16-PDX@PHX
       WAS v LAS      T-90m   unserved cutoff 2026-08-15T22:00:00 (+90 min) 
       LVA v MIN      T-90m   unserved cutoff 2026-08-15T22:30:00 (+120 min) 
       ATL v IND      T-24h   unserved cutoff 2026-08-15T21:00:00 (+30 min) 
       SEA v CHI      T-24h   unserved cutoff 2026-08-15T21:00:00 (+30 min) 
       PHX v PDX      T-24h   unserved cutoff 2026-08-15T23:00:00 (+150 min) 
[gate] skipping the base job
[base] skipped - no unserved obligation in its lead window 
[base] exit=0 
================================================================================================
PROSPECTIVE PAIR RUNNER  2026-08-15T20:30:04.742369+00:00  model=ridge_score_level_w2c1_v1 hash=5d295bb8b99cd34e
================================================================================================
base records in official chain: 64
  late_prevented #0 ATL v SEA @ T-8h                cutoff 2026-07-31T15:35:00+00:00 already passed at 2026-08-1
  late_prevented #1 WAS v DAL @ T-8h                cutoff 2026-07-31T15:35:00+00:00 already passed at 2026-08-1
  late_prevented #2 PDX v IND @ T-8h                cutoff 2026-07-31T18:06:00+00:00 already passed at 2026-08-1
  late_prevented #3 ATL v SEA @ T-30m               cutoff 2026-07-31T23:05:00+00:00 already passed at 2026-08-1
  late_prevented #4 WAS v DAL @ T-30m               cutoff 2026-07-31T23:05:00+00:00 already passed at 2026-08-1
  late_prevented #5 PDX v IND @ T-90m               cutoff 2026-08-01T00:36:00+00:00 already passed at 2026-08-1
  late_prevented #6 CHI v LVA @ T-90m               cutoff 2026-08-01T15:35:00+00:00 already passed at 2026-08-1
  late_prevented #7 PHX v NYL @ T-90m               cutoff 2026-08-01T17:34:00+00:00 already passed at 2026-08-1
  skip           #8 CHI v LVA @ unknown-tip         base record is an explicit no-forecast; nothing to pair
  skip           #9 PHX v NYL @ unknown-tip         base record is an explicit no-forecast; nothing to pair
  late_prevented #10 NYL v SEA @ T-8h               cutoff 2026-08-03T15:04:00+00:00 already passed at 2026-08-1
  late_prevented #11 ATL v LVA @ T-8h               cutoff 2026-08-03T15:14:00+00:00 already passed at 2026-08-1
  late_prevented #12 CHI v PHX @ T-8h               cutoff 2026-08-03T17:08:00+00:00 already passed at 2026-08-1
  already_logged #13 NYL v SEA @ T-90m              idempotent: pair exists
  already_logged #14 ATL v LVA @ T-90m              idempotent: pair exists
  already_logged #15 CHI v PHX @ T-90m              idempotent: pair exists
  already_logged #16 NYL v SEA @ T-90m              idempotent: pair exists
  already_logged #17 ATL v LVA @ T-90m              idempotent: pair exists
  already_logged #18 CHI v PHX @ T-90m              idempotent: pair exists
  late_prevented #19 NYL v SEA @ T-30m              cutoff 2026-08-03T22:34:00+00:00 already passed at 2026-08-1
  late_prevented #20 ATL v LVA @ T-30m              cutoff 2026-08-03T22:44:00+00:00 already passed at 2026-08-1
  already_logged #21 CHI v PHX @ T-90m              idempotent: pair exists
  already_logged #22 GSV v TOR @ T-8h               idempotent: pair exists
  already_logged #23 GSV v TOR @ T-90m              idempotent: pair exists
  already_logged #24 GSV v TOR @ T-30m              idempotent: pair exists
  already_logged #25 ATL v PHX @ T-8h               idempotent: pair exists
  already_logged #26 NYL v SEA @ T-8h               idempotent: pair exists
  already_logged #27 WAS v DAL @ T-8h               idempotent: pair exists
  already_logged #28 CHI v LAS @ T-8h               idempotent: pair exists
  already_logged #29 ATL v PHX @ T-90m              idempotent: pair exists
  already_logged #30 NYL v SEA @ T-90m              idempotent: pair exists
  already_logged #31 WAS v DAL @ T-90m              idempotent: pair exists
  already_logged #32 CHI v LAS @ T-90m              idempotent: pair exists
  late_prevented #33 ATL v PHX @ T-30m              cutoff 2026-08-05T22:33:00+00:00 already passed at 2026-08-1
  late_prevented #34 NYL v SEA @ T-30m              cutoff 2026-08-05T22:38:00+00:00 already passed at 2026-08-1
  already_logged #35 WAS v DAL @ T-30m              idempotent: pair exists
  already_logged #36 CHI v LAS @ T-90m              idempotent: pair exists
  already_logged #37 IND v LVA @ T-8h               idempotent: pair exists
  already_logged #38 MIN v LAS @ T-8h               idempotent: pair exists
  already_logged #39 PDX v TOR @ T-8h               idempotent: pair exists
  already_logged #40 IND v LVA @ T-90m              idempotent: pair exists
  already_logged #41 MIN v LAS @ T-90m              idempotent: pair exists
  already_logged #42 PDX v TOR @ T-90m              idempotent: pair exists
  late_prevented #43 IND v LVA @ T-30m              cutoff 2026-08-06T22:36:00+00:00 already passed at 2026-08-1
  already_logged #44 PDX v TOR @ T-30m              idempotent: pair exists
  already_logged #45 CON v PHX @ T-8h               idempotent: pair exists
  already_logged #46 WAS v ATL @ T-8h               idempotent: pair exists
  already_logged #47 DAL v GSV @ T-8h               idempotent: pair exists
  already_logged #48 CON v PHX @ T-90m              idempotent: pair exists
  already_logged #49 WAS v ATL @ T-90m              idempotent: pair exists
  already_logged #50 DAL v GSV @ T-90m              idempotent: pair exists
  already_logged #51 CON v PHX @ T-30m              idempotent: pair exists
  already_logged #52 WAS v ATL @ T-30m              idempotent: pair exists
  already_logged #53 DAL v GSV @ T-30m              idempotent: pair exists
  already_logged #54 MIN v LVA @ T-8h               idempotent: pair exists
  already_logged #55 CHI v IND @ T-8h               idempotent: pair exists
  already_logged #56 PDX v SEA @ T-8h               idempotent: pair exists
  already_logged #57 MIN v LVA @ T-90m              idempotent: pair exists
  late_prevented #58 CHI v IND @ T-8h               cutoff 2026-08-08T11:35:00+00:00 already passed at 2026-08-1
  already_logged #59 PDX v SEA @ T-8h               idempotent: pair exists
  already_logged #60 PDX v SEA @ T-90m              idempotent: pair exists
  skip           #61 CHI v IND @ unknown-tip        base record is an explicit no-forecast; nothing to pair
  skip           #62 MIN v LVA @ unknown-tip        base record is an explicit no-forecast; nothing to pair
  already_logged #63 PDX v SEA @ T-30m              idempotent: pair exists

  already_logged=43, late_prevented=17, skip=4
  arm chain: ok=True n=38 tip=bd1b29312ba51888
  receipt appended to prospective_pair_runs.jsonl
[arm] exit=0 
====================================================================================================
FORECAST COVERAGE AUDIT   generated 2026-08-15T20:30:05.867169+00:00
====================================================================================================

CUMULATIVE by classification
  missing_job_did_not_run      59
  forecast_logged              48
  not_yet_due                  16
  before_period_start          15
  missing_data_unavailable     9
  late_record                  5

  obligations 152 | due 121 | served 48 | coverage 39.7%
  operational misses 59 | unexplained 0
  PROMOTION-GRADE: NO   (needs >= 95% served, <= 0 operational misses, all explained)

DAILY
  date         oblig  served     due     excl    opmiss arm_recs
  2026-07-30      12       0       0       12         0        0
  2026-07-31      12       6       9        3         0        0
  2026-08-01       8       2       8        0         6        0
  2026-08-02      16       0      16        0        16        0
  2026-08-03      12       6      12        0         3        3
  2026-08-04       4       3       4        0         1        3
  2026-08-05      16       9      16        0         4        9
  2026-08-06      12       7      12        0         3        7
  2026-08-07      12       9      12        0         3        9
  2026-08-08      12       6      12        0         3        4
  2026-08-09      16       0      16        0        16        0
  2026-08-15       8       0       4        4         4        0
  2026-08-16      12       0       0       12         0        0

EVERY MISSING OR IRREGULAR OBLIGATION (each must carry an explanation)
  2026-07-31 ATL v SEA T-90m   missing_data_unavailable   job served 1 other game(s) on 2026-07-31 at T-90m
  2026-07-31 WAS v DAL T-90m   missing_data_unavailable   job served 1 other game(s) on 2026-07-31 at T-90m
  2026-07-31 PDX v IND T-30m   missing_data_unavailable   job served 2 other game(s) on 2026-07-31 at T-30m
  2026-08-01 CHI v LVA T-24h   missing_job_did_not_run    no base record for ANY game on 2026-08-01 at T-24h
  2026-08-01 CHI v LVA T-8h    missing_job_did_not_run    no base record for ANY game on 2026-08-01 at T-8h
  2026-08-01 CHI v LVA T-30m   missing_job_did_not_run    no base record for ANY game on 2026-08-01 at T-30m
  2026-08-01 PHX v NYL T-24h   missing_job_did_not_run    no base record for ANY game on 2026-08-01 at T-24h
  2026-08-01 PHX v NYL T-8h    missing_job_did_not_run    no base record for ANY game on 2026-08-01 at T-8h
  2026-08-01 PHX v NYL T-30m   missing_job_did_not_run    no base record for ANY game on 2026-08-01 at T-30m
  2026-08-02 DAL v CON T-24h   missing_job_did_not_run    no base record for ANY game on 2026-08-02 at T-24h
  2026-08-02 DAL v CON T-8h    missing_job_did_not_run    no base record for ANY game on 2026-08-02 at T-8h
  2026-08-02 DAL v CON T-90m   missing_job_did_not_run    no base record for ANY game on 2026-08-02 at T-90m
  2026-08-02 DAL v CON T-30m   missing_job_did_not_run    no base record for ANY game on 2026-08-02 at T-30m
  2026-08-02 GSV v TOR T-24h   missing_job_did_not_run    no base record for ANY game on 2026-08-02 at T-24h
  2026-08-02 GSV v TOR T-8h    missing_job_did_not_run    no base record for ANY game on 2026-08-02 at T-8h
  2026-08-02 GSV v TOR T-90m   missing_job_did_not_run    no base record for ANY game on 2026-08-02 at T-90m
  2026-08-02 GSV v TOR T-30m   missing_job_did_not_run    no base record for ANY game on 2026-08-02 at T-30m
  2026-08-02 MIN v IND T-24h   missing_job_did_not_run    no base record for ANY game on 2026-08-02 at T-24h
  2026-08-02 MIN v IND T-8h    missing_job_did_not_run    no base record for ANY game on 2026-08-02 at T-8h
  2026-08-02 MIN v IND T-90m   missing_job_did_not_run    no base record for ANY game on 2026-08-02 at T-90m
  2026-08-02 MIN v IND T-30m   missing_job_did_not_run    no base record for ANY game on 2026-08-02 at T-30m
  2026-08-02 PDX v LAS T-24h   missing_job_did_not_run    no base record for ANY game on 2026-08-02 at T-24h
  2026-08-02 PDX v LAS T-8h    missing_job_did_not_run    no base record for ANY game on 2026-08-02 at T-8h
  2026-08-02 PDX v LAS T-90m   missing_job_did_not_run    no base record for ANY game on 2026-08-02 at T-90m
  2026-08-02 PDX v LAS T-30m   missing_job_did_not_run    no base record for ANY game on 2026-08-02 at T-30m
  2026-08-03 NYL v SEA T-24h   missing_job_did_not_run    no base record for ANY game on 2026-08-03 at T-24h
  2026-08-03 NYL v SEA T-30m   late_record                created 2026-08-03T22:45:08.958486+00:00 after cutoff
  2026-08-03 ATL v LVA T-24h   missing_job_did_not_run    no base record for ANY game on 2026-08-03 at T-24h
  2026-08-03 ATL v LVA T-30m   late_record                created 2026-08-03T22:45:08.976775+00:00 after cutoff
  2026-08-03 CHI v PHX T-24h   missing_job_did_not_run    no base record for ANY game on 2026-08-03 at T-24h
  2026-08-03 CHI v PHX T-30m   missing_data_unavailable   job served 2 other game(s) on 2026-08-03 at T-30m
  2026-08-04 GSV v TOR T-24h   missing_job_did_not_run    no base record for ANY game on 2026-08-04 at T-24h
  2026-08-05 WAS v DAL T-24h   missing_job_did_not_run    no base record for ANY game on 2026-08-05 at T-24h
  2026-08-05 NYL v SEA T-24h   missing_job_did_not_run    no base record for ANY game on 2026-08-05 at T-24h
  2026-08-05 NYL v SEA T-30m   late_record                created 2026-08-05T22:45:07.299457+00:00 after cutoff
  2026-08-05 ATL v PHX T-24h   missing_job_did_not_run    no base record for ANY game on 2026-08-05 at T-24h
  2026-08-05 ATL v PHX T-30m   late_record                created 2026-08-05T22:45:07.274521+00:00 after cutoff
  2026-08-05 CHI v LAS T-24h   missing_job_did_not_run    no base record for ANY game on 2026-08-05 at T-24h
  2026-08-05 CHI v LAS T-30m   missing_data_unavailable   job served 3 other game(s) on 2026-08-05 at T-30m
  2026-08-06 IND v LVA T-24h   missing_job_did_not_run    no base record for ANY game on 2026-08-06 at T-24h
  2026-08-06 IND v LVA T-30m   late_record                created 2026-08-06T22:45:09.382682+00:00 after cutoff
  2026-08-06 PDX v TOR T-24h   missing_job_did_not_run    no base record for ANY game on 2026-08-06 at T-24h
  2026-08-06 MIN v LAS T-24h   missing_job_did_not_run    no base record for ANY game on 2026-08-06 at T-24h
  2026-08-06 MIN v LAS T-30m   missing_data_unavailable   job served 2 other game(s) on 2026-08-06 at T-30m
  2026-08-07 WAS v ATL T-24h   missing_job_did_not_run    no base record for ANY game on 2026-08-07 at T-24h
  2026-08-07 CON v PHX T-24h   missing_job_did_not_run    no base record for ANY game on 2026-08-07 at T-24h
  2026-08-07 DAL v GSV T-24h   missing_job_did_not_run    no base record for ANY game on 2026-08-07 at T-24h
  2026-08-08 CHI v IND T-24h   missing_job_did_not_run    no base record for ANY game on 2026-08-08 at T-24h
  2026-08-08 CHI v IND T-90m   missing_data_unavailable   job served 2 other game(s) on 2026-08-08 at T-90m
  2026-08-08 CHI v IND T-30m   missing_data_unavailable   job served 1 other game(s) on 2026-08-08 at T-30m
  2026-08-08 MIN v LVA T-24h   missing_job_did_not_run    no base record for ANY game on 2026-08-08 at T-24h
  2026-08-08 MIN v LVA T-30m   missing_data_unavailable   job served 1 other game(s) on 2026-08-08 at T-30m
  2026-08-08 PDX v SEA T-24h   missing_job_did_not_run    no base record for ANY game on 2026-08-08 at T-24h
  2026-08-09 WAS v PHX T-24h   missing_job_did_not_run    no base record for ANY game on 2026-08-09 at T-24h
  2026-08-09 WAS v PHX T-8h    missing_job_did_not_run    no base record for ANY game on 2026-08-09 at T-8h
  2026-08-09 WAS v PHX T-90m   missing_job_did_not_run    no base record for ANY game on 2026-08-09 at T-90m
  2026-08-09 WAS v PHX T-30m   missing_job_did_not_run    no base record for ANY game on 2026-08-09 at T-30m
  2026-08-09 LAS v GSV T-24h   missing_job_did_not_run    no base record for ANY game on 2026-08-09 at T-24h
  2026-08-09 LAS v GSV T-8h    missing_job_did_not_run    no base record for ANY game on 2026-08-09 at T-8h
  2026-08-09 LAS v GSV T-90m   missing_job_did_not_run    no base record for ANY game on 2026-08-09 at T-90m
  2026-08-09 LAS v GSV T-30m   missing_job_did_not_run    no base record for ANY game on 2026-08-09 at T-30m
  2026-08-09 NYL v LVA T-24h   missing_job_did_not_run    no base record for ANY game on 2026-08-09 at T-24h
  2026-08-09 NYL v LVA T-8h    missing_job_did_not_run    no base record for ANY game on 2026-08-09 at T-8h
  2026-08-09 NYL v LVA T-90m   missing_job_did_not_run    no base record for ANY game on 2026-08-09 at T-90m
  2026-08-09 NYL v LVA T-30m   missing_job_did_not_run    no base record for ANY game on 2026-08-09 at T-30m
  2026-08-09 MIN v DAL T-24h   missing_job_did_not_run    no base record for ANY game on 2026-08-09 at T-24h
  2026-08-09 MIN v DAL T-8h    missing_job_did_not_run    no base record for ANY game on 2026-08-09 at T-8h
  2026-08-09 MIN v DAL T-90m   missing_job_did_not_run    no base record for ANY game on 2026-08-09 at T-90m
  2026-08-09 MIN v DAL T-30m   missing_job_did_not_run    no base record for ANY game on 2026-08-09 at T-30m
  2026-08-15 WAS v LAS T-24h   missing_job_did_not_run    no base record for ANY game on 2026-08-15 at T-24h
  2026-08-15 WAS v LAS T-8h    missing_job_did_not_run    no base record for ANY game on 2026-08-15 at T-8h
  2026-08-15 LVA v MIN T-24h   missing_job_did_not_run    no base record for ANY game on 2026-08-15 at T-24h
  2026-08-15 LVA v MIN T-8h    missing_job_did_not_run    no base record for ANY game on 2026-08-15 at T-8h

wrote forecasts/coverage_audit.csv and forecasts/coverage_receipt.json
[audit] exit=0 
==== Sat 08/15/2026 16:45:02.86 ==== 
[gate] 2026-08-15T20:45:03.697812+00:00  fire=True  -- 2 unserved obligation(s) in window, none would duplicate; 5 slate game(s) have no official game_id and were served under a provisional id: WAS v LAS (2026-08-15) -> PROV-2026-08-15-LAS@WAS, LVA v MIN (2026-08-15) -> PROV-2026-08-15-MIN@LVA, ATL v IND (2026-08-16) -> PROV-2026-08-16-IND@ATL, SEA v CHI (2026-08-16) -> PROV-2026-08-16-CHI@SEA, PHX v PDX (2026-08-16) -> PROV-2026-08-16-PDX@PHX
       WAS v LAS      T-90m   unserved cutoff 2026-08-15T22:00:00 (+75 min) 
       LVA v MIN      T-90m   unserved cutoff 2026-08-15T22:30:00 (+105 min) 
       ATL v IND      T-24h   unserved cutoff 2026-08-15T21:00:00 (+15 min) IN-WINDOW
       SEA v CHI      T-24h   unserved cutoff 2026-08-15T21:00:00 (+15 min) IN-WINDOW
       PHX v PDX      T-24h   unserved cutoff 2026-08-15T23:00:00 (+135 min) 
[gate] BASE RUN DUE
slate date 2026-08-15 (ET) | season 2026 | cutoff 2026-08-15T20:45:04.803942+00:00 | OFFICIAL chain C:\Users\jgallagher\wnba-betting-model\forecasts\forecast_log.jsonl
[WARN] masters: latest 2026 game in masters is 2026-08-07 (8 days before the slate) ? check the daily gamelog/misc refresh before trusting trends
[WARN] refs: no ref assignments captured for 2026-08-15 at or before the cutoff ? game ids degrade to provisional
[WARN] refs: LAS @ WAS: no ref-assignment row ? official game_id unavailable; provisional id in use (a real run must resolve official ids before logging)
[WARN] refs: MIN @ LVA: no ref-assignment row ? official game_id unavailable; provisional id in use (a real run must resolve official ids before logging)
[BLOCK] entity-resolution: Indiana Fever: designation 'Out' for 'Ugonne Onyiah' resolves to NO player identity in any season ? cold start or unlisted alias. FAIL-CLOSED: the availability estimate for this team is not trustworthy until an alias or a cold-start object is supplied.
[BLOCK] entity-resolution: Los Angeles Sparks: designation 'Out' for 'Tonie Morgan' resolves to NO player identity in any season ? cold start or unlisted alias. FAIL-CLOSED: the availability estimate for this team is not trustworthy until an alias or a cold-start object is supplied.
[BLOCK] entity-resolution: Indiana Fever: designation 'Out' for 'Michelle Onyiah' resolves to NO player identity in any season ? cold start or unlisted alias. FAIL-CLOSED: the availability estimate for this team is not trustworthy until an alias or a cold-start object is supplied.
[INFO] player-layer: LAS: Alissa Pili (Out) is on the injury report but outside the 3-game recency roster (last rostered 2026-07-13) ? long-term absentee, already excluded from the availability estimate
[INFO] player-layer: LVA: Janiah Barker (Out) is on the injury report but outside the 3-game recency roster (last rostered 2026-07-09) ? long-term absentee, already excluded from the availability estimate
[INFO] player-layer: MIN: Liatu King (Out) is on the injury report but outside the 3-game recency roster (last rostered 2026-07-15) ? long-term absentee, already excluded from the availability estimate
[INFO] trend-staleness: LAS last played 2026-08-06 (9 days before the slate) ? trend features are that old (schedule gap, not a data failure: masters are current through yesterday)
[INFO] trend-staleness: LVA last played 2026-08-06 (9 days before the slate) ? trend features are that old (schedule gap, not a data failure: masters are current through yesterday)
[INFO] trend-staleness: MIN last played 2026-08-06 (9 days before the slate) ? trend features are that old (schedule gap, not a data failure: masters are current through yesterday)
[INFO] trend-staleness: WAS last played 2026-08-07 (8 days before the slate) ? trend features are that old (schedule gap, not a data failure: masters are current through yesterday)
OFFICIAL chain verified (forecast_log.jsonl): ok=True, n_records=66, tip_sha256=ac7e64ec12b388768359e7a90df8d5cf7f4ac857f251af17787375f84f5e6b7a — record these two values out of band; tail truncation is only detectable against an external anchor

wrote C:\Users\jgallagher\wnba-betting-model\experiments\forecast_dryrun\forecast_today.csv
wrote C:\Users\jgallagher\wnba-betting-model\experiments\forecast_dryrun\REPORT.md, feature_snapshot.csv, snapshot_manifest.json
chain: 2 logged, 0 already-served refused (obligation-keyed dedup, D-c), 0 failed writes

== slate ==
LAS @ WAS tip 2026-08-15 19:30 ET [T-90m] H 85.7 A 84.3 margin +1.1 total 170.0 | market spread -6.5 total 172.0
MIN @ LVA tip 2026-08-15 20:00 ET [T-90m] H 88.4 A 88.2 margin -0.8 total 176.6 | market spread +2.0 total 182.0
[base] exit=0 
================================================================================================
PROSPECTIVE PAIR RUNNER  2026-08-15T20:45:06.583886+00:00  model=ridge_score_level_w2c1_v1 hash=5d295bb8b99cd34e
================================================================================================
base records in official chain: 66
  late_prevented #0 ATL v SEA @ T-8h                cutoff 2026-07-31T15:35:00+00:00 already passed at 2026-08-1
  late_prevented #1 WAS v DAL @ T-8h                cutoff 2026-07-31T15:35:00+00:00 already passed at 2026-08-1
  late_prevented #2 PDX v IND @ T-8h                cutoff 2026-07-31T18:06:00+00:00 already passed at 2026-08-1
  late_prevented #3 ATL v SEA @ T-30m               cutoff 2026-07-31T23:05:00+00:00 already passed at 2026-08-1
  late_prevented #4 WAS v DAL @ T-30m               cutoff 2026-07-31T23:05:00+00:00 already passed at 2026-08-1
  late_prevented #5 PDX v IND @ T-90m               cutoff 2026-08-01T00:36:00+00:00 already passed at 2026-08-1
  late_prevented #6 CHI v LVA @ T-90m               cutoff 2026-08-01T15:35:00+00:00 already passed at 2026-08-1
  late_prevented #7 PHX v NYL @ T-90m               cutoff 2026-08-01T17:34:00+00:00 already passed at 2026-08-1
  skip           #8 CHI v LVA @ unknown-tip         base record is an explicit no-forecast; nothing to pair
  skip           #9 PHX v NYL @ unknown-tip         base record is an explicit no-forecast; nothing to pair
  late_prevented #10 NYL v SEA @ T-8h               cutoff 2026-08-03T15:04:00+00:00 already passed at 2026-08-1
  late_prevented #11 ATL v LVA @ T-8h               cutoff 2026-08-03T15:14:00+00:00 already passed at 2026-08-1
  late_prevented #12 CHI v PHX @ T-8h               cutoff 2026-08-03T17:08:00+00:00 already passed at 2026-08-1
  already_logged #13 NYL v SEA @ T-90m              idempotent: pair exists
  already_logged #14 ATL v LVA @ T-90m              idempotent: pair exists
  already_logged #15 CHI v PHX @ T-90m              idempotent: pair exists
  already_logged #16 NYL v SEA @ T-90m              idempotent: pair exists
  already_logged #17 ATL v LVA @ T-90m              idempotent: pair exists
  already_logged #18 CHI v PHX @ T-90m              idempotent: pair exists
  late_prevented #19 NYL v SEA @ T-30m              cutoff 2026-08-03T22:34:00+00:00 already passed at 2026-08-1
  late_prevented #20 ATL v LVA @ T-30m              cutoff 2026-08-03T22:44:00+00:00 already passed at 2026-08-1
  already_logged #21 CHI v PHX @ T-90m              idempotent: pair exists
  already_logged #22 GSV v TOR @ T-8h               idempotent: pair exists
  already_logged #23 GSV v TOR @ T-90m              idempotent: pair exists
  already_logged #24 GSV v TOR @ T-30m              idempotent: pair exists
  already_logged #25 ATL v PHX @ T-8h               idempotent: pair exists
  already_logged #26 NYL v SEA @ T-8h               idempotent: pair exists
  already_logged #27 WAS v DAL @ T-8h               idempotent: pair exists
  already_logged #28 CHI v LAS @ T-8h               idempotent: pair exists
  already_logged #29 ATL v PHX @ T-90m              idempotent: pair exists
  already_logged #30 NYL v SEA @ T-90m              idempotent: pair exists
  already_logged #31 WAS v DAL @ T-90m              idempotent: pair exists
  already_logged #32 CHI v LAS @ T-90m              idempotent: pair exists
  late_prevented #33 ATL v PHX @ T-30m              cutoff 2026-08-05T22:33:00+00:00 already passed at 2026-08-1
  late_prevented #34 NYL v SEA @ T-30m              cutoff 2026-08-05T22:38:00+00:00 already passed at 2026-08-1
  already_logged #35 WAS v DAL @ T-30m              idempotent: pair exists
  already_logged #36 CHI v LAS @ T-90m              idempotent: pair exists
  already_logged #37 IND v LVA @ T-8h               idempotent: pair exists
  already_logged #38 MIN v LAS @ T-8h               idempotent: pair exists
  already_logged #39 PDX v TOR @ T-8h               idempotent: pair exists
  already_logged #40 IND v LVA @ T-90m              idempotent: pair exists
  already_logged #41 MIN v LAS @ T-90m              idempotent: pair exists
  already_logged #42 PDX v TOR @ T-90m              idempotent: pair exists
  late_prevented #43 IND v LVA @ T-30m              cutoff 2026-08-06T22:36:00+00:00 already passed at 2026-08-1
  already_logged #44 PDX v TOR @ T-30m              idempotent: pair exists
  already_logged #45 CON v PHX @ T-8h               idempotent: pair exists
  already_logged #46 WAS v ATL @ T-8h               idempotent: pair exists
  already_logged #47 DAL v GSV @ T-8h               idempotent: pair exists
  already_logged #48 CON v PHX @ T-90m              idempotent: pair exists
  already_logged #49 WAS v ATL @ T-90m              idempotent: pair exists
  already_logged #50 DAL v GSV @ T-90m              idempotent: pair exists
  already_logged #51 CON v PHX @ T-30m              idempotent: pair exists
  already_logged #52 WAS v ATL @ T-30m              idempotent: pair exists
  already_logged #53 DAL v GSV @ T-30m              idempotent: pair exists
  already_logged #54 MIN v LVA @ T-8h               idempotent: pair exists
  already_logged #55 CHI v IND @ T-8h               idempotent: pair exists
  already_logged #56 PDX v SEA @ T-8h               idempotent: pair exists
  already_logged #57 MIN v LVA @ T-90m              idempotent: pair exists
  late_prevented #58 CHI v IND @ T-8h               cutoff 2026-08-08T11:35:00+00:00 already passed at 2026-08-1
  already_logged #59 PDX v SEA @ T-8h               idempotent: pair exists
  already_logged #60 PDX v SEA @ T-90m              idempotent: pair exists
  skip           #61 CHI v IND @ unknown-tip        base record is an explicit no-forecast; nothing to pair
  skip           #62 MIN v LVA @ unknown-tip        base record is an explicit no-forecast; nothing to pair
  already_logged #63 PDX v SEA @ T-30m              idempotent: pair exists
  forecast       #64 WAS v LAS @ T-90m                home 88.0 away 83.9 margin +4.07 total 171.8
  forecast       #65 LVA v MIN @ T-90m                home 89.4 away 90.0 margin -0.60 total 179.4

  already_logged=43, forecast=2, late_prevented=17, skip=4
  arm chain: ok=True n=40 tip=1f9e219dcf0d4956
  receipt appended to prospective_pair_runs.jsonl
[arm] exit=0 
====================================================================================================
FORECAST COVERAGE AUDIT   generated 2026-08-15T20:45:08.322045+00:00
====================================================================================================

CUMULATIVE by classification
  missing_job_did_not_run      59
  forecast_logged              48
  not_yet_due                  16
  before_period_start          15
  missing_data_unavailable     9
  late_record                  5

  obligations 152 | due 121 | served 48 | coverage 39.7%
  operational misses 59 | unexplained 0
  PROMOTION-GRADE: NO   (needs >= 95% served, <= 0 operational misses, all explained)

DAILY
  date         oblig  served     due     excl    opmiss arm_recs
  2026-07-30      12       0       0       12         0        0
  2026-07-31      12       6       9        3         0        0
  2026-08-01       8       2       8        0         6        0
  2026-08-02      16       0      16        0        16        0
  2026-08-03      12       6      12        0         3        3
  2026-08-04       4       3       4        0         1        3
  2026-08-05      16       9      16        0         4        9
  2026-08-06      12       7      12        0         3        7
  2026-08-07      12       9      12        0         3        9
  2026-08-08      12       6      12        0         3        4
  2026-08-09      16       0      16        0        16        0
  2026-08-15       8       0       4        4         4        0
  2026-08-16      12       0       0       12         0        0

EVERY MISSING OR IRREGULAR OBLIGATION (each must carry an explanation)
  2026-07-31 ATL v SEA T-90m   missing_data_unavailable   job served 1 other game(s) on 2026-07-31 at T-90m
  2026-07-31 WAS v DAL T-90m   missing_data_unavailable   job served 1 other game(s) on 2026-07-31 at T-90m
  2026-07-31 PDX v IND T-30m   missing_data_unavailable   job served 2 other game(s) on 2026-07-31 at T-30m
  2026-08-01 CHI v LVA T-24h   missing_job_did_not_run    no base record for ANY game on 2026-08-01 at T-24h
  2026-08-01 CHI v LVA T-8h    missing_job_did_not_run    no base record for ANY game on 2026-08-01 at T-8h
  2026-08-01 CHI v LVA T-30m   missing_job_did_not_run    no base record for ANY game on 2026-08-01 at T-30m
  2026-08-01 PHX v NYL T-24h   missing_job_did_not_run    no base record for ANY game on 2026-08-01 at T-24h
  2026-08-01 PHX v NYL T-8h    missing_job_did_not_run    no base record for ANY game on 2026-08-01 at T-8h
  2026-08-01 PHX v NYL T-30m   missing_job_did_not_run    no base record for ANY game on 2026-08-01 at T-30m
  2026-08-02 DAL v CON T-24h   missing_job_did_not_run    no base record for ANY game on 2026-08-02 at T-24h
  2026-08-02 DAL v CON T-8h    missing_job_did_not_run    no base record for ANY game on 2026-08-02 at T-8h
  2026-08-02 DAL v CON T-90m   missing_job_did_not_run    no base record for ANY game on 2026-08-02 at T-90m
  2026-08-02 DAL v CON T-30m   missing_job_did_not_run    no base record for ANY game on 2026-08-02 at T-30m
  2026-08-02 GSV v TOR T-24h   missing_job_did_not_run    no base record for ANY game on 2026-08-02 at T-24h
  2026-08-02 GSV v TOR T-8h    missing_job_did_not_run    no base record for ANY game on 2026-08-02 at T-8h
  2026-08-02 GSV v TOR T-90m   missing_job_did_not_run    no base record for ANY game on 2026-08-02 at T-90m
  2026-08-02 GSV v TOR T-30m   missing_job_did_not_run    no base record for ANY game on 2026-08-02 at T-30m
  2026-08-02 MIN v IND T-24h   missing_job_did_not_run    no base record for ANY game on 2026-08-02 at T-24h
  2026-08-02 MIN v IND T-8h    missing_job_did_not_run    no base record for ANY game on 2026-08-02 at T-8h
  2026-08-02 MIN v IND T-90m   missing_job_did_not_run    no base record for ANY game on 2026-08-02 at T-90m
  2026-08-02 MIN v IND T-30m   missing_job_did_not_run    no base record for ANY game on 2026-08-02 at T-30m
  2026-08-02 PDX v LAS T-24h   missing_job_did_not_run    no base record for ANY game on 2026-08-02 at T-24h
  2026-08-02 PDX v LAS T-8h    missing_job_did_not_run    no base record for ANY game on 2026-08-02 at T-8h
  2026-08-02 PDX v LAS T-90m   missing_job_did_not_run    no base record for ANY game on 2026-08-02 at T-90m
  2026-08-02 PDX v LAS T-30m   missing_job_did_not_run    no base record for ANY game on 2026-08-02 at T-30m
  2026-08-03 NYL v SEA T-24h   missing_job_did_not_run    no base record for ANY game on 2026-08-03 at T-24h
  2026-08-03 NYL v SEA T-30m   late_record                created 2026-08-03T22:45:08.958486+00:00 after cutoff
  2026-08-03 ATL v LVA T-24h   missing_job_did_not_run    no base record for ANY game on 2026-08-03 at T-24h
  2026-08-03 ATL v LVA T-30m   late_record                created 2026-08-03T22:45:08.976775+00:00 after cutoff
  2026-08-03 CHI v PHX T-24h   missing_job_did_not_run    no base record for ANY game on 2026-08-03 at T-24h
  2026-08-03 CHI v PHX T-30m   missing_data_unavailable   job served 2 other game(s) on 2026-08-03 at T-30m
  2026-08-04 GSV v TOR T-24h   missing_job_did_not_run    no base record for ANY game on 2026-08-04 at T-24h
  2026-08-05 WAS v DAL T-24h   missing_job_did_not_run    no base record for ANY game on 2026-08-05 at T-24h
  2026-08-05 NYL v SEA T-24h   missing_job_did_not_run    no base record for ANY game on 2026-08-05 at T-24h
  2026-08-05 NYL v SEA T-30m   late_record                created 2026-08-05T22:45:07.299457+00:00 after cutoff
  2026-08-05 ATL v PHX T-24h   missing_job_did_not_run    no base record for ANY game on 2026-08-05 at T-24h
  2026-08-05 ATL v PHX T-30m   late_record                created 2026-08-05T22:45:07.274521+00:00 after cutoff
  2026-08-05 CHI v LAS T-24h   missing_job_did_not_run    no base record for ANY game on 2026-08-05 at T-24h
  2026-08-05 CHI v LAS T-30m   missing_data_unavailable   job served 3 other game(s) on 2026-08-05 at T-30m
  2026-08-06 IND v LVA T-24h   missing_job_did_not_run    no base record for ANY game on 2026-08-06 at T-24h
  2026-08-06 IND v LVA T-30m   late_record                created 2026-08-06T22:45:09.382682+00:00 after cutoff
  2026-08-06 PDX v TOR T-24h   missing_job_did_not_run    no base record for ANY game on 2026-08-06 at T-24h
  2026-08-06 MIN v LAS T-24h   missing_job_did_not_run    no base record for ANY game on 2026-08-06 at T-24h
  2026-08-06 MIN v LAS T-30m   missing_data_unavailable   job served 2 other game(s) on 2026-08-06 at T-30m
  2026-08-07 WAS v ATL T-24h   missing_job_did_not_run    no base record for ANY game on 2026-08-07 at T-24h
  2026-08-07 CON v PHX T-24h   missing_job_did_not_run    no base record for ANY game on 2026-08-07 at T-24h
  2026-08-07 DAL v GSV T-24h   missing_job_did_not_run    no base record for ANY game on 2026-08-07 at T-24h
  2026-08-08 CHI v IND T-24h   missing_job_did_not_run    no base record for ANY game on 2026-08-08 at T-24h
  2026-08-08 CHI v IND T-90m   missing_data_unavailable   job served 2 other game(s) on 2026-08-08 at T-90m
  2026-08-08 CHI v IND T-30m   missing_data_unavailable   job served 1 other game(s) on 2026-08-08 at T-30m
  2026-08-08 MIN v LVA T-24h   missing_job_did_not_run    no base record for ANY game on 2026-08-08 at T-24h
  2026-08-08 MIN v LVA T-30m   missing_data_unavailable   job served 1 other game(s) on 2026-08-08 at T-30m
  2026-08-08 PDX v SEA T-24h   missing_job_did_not_run    no base record for ANY game on 2026-08-08 at T-24h
  2026-08-09 WAS v PHX T-24h   missing_job_did_not_run    no base record for ANY game on 2026-08-09 at T-24h
  2026-08-09 WAS v PHX T-8h    missing_job_did_not_run    no base record for ANY game on 2026-08-09 at T-8h
  2026-08-09 WAS v PHX T-90m   missing_job_did_not_run    no base record for ANY game on 2026-08-09 at T-90m
  2026-08-09 WAS v PHX T-30m   missing_job_did_not_run    no base record for ANY game on 2026-08-09 at T-30m
  2026-08-09 LAS v GSV T-24h   missing_job_did_not_run    no base record for ANY game on 2026-08-09 at T-24h
  2026-08-09 LAS v GSV T-8h    missing_job_did_not_run    no base record for ANY game on 2026-08-09 at T-8h
  2026-08-09 LAS v GSV T-90m   missing_job_did_not_run    no base record for ANY game on 2026-08-09 at T-90m
  2026-08-09 LAS v GSV T-30m   missing_job_did_not_run    no base record for ANY game on 2026-08-09 at T-30m
  2026-08-09 NYL v LVA T-24h   missing_job_did_not_run    no base record for ANY game on 2026-08-09 at T-24h
  2026-08-09 NYL v LVA T-8h    missing_job_did_not_run    no base record for ANY game on 2026-08-09 at T-8h
  2026-08-09 NYL v LVA T-90m   missing_job_did_not_run    no base record for ANY game on 2026-08-09 at T-90m
  2026-08-09 NYL v LVA T-30m   missing_job_did_not_run    no base record for ANY game on 2026-08-09 at T-30m
  2026-08-09 MIN v DAL T-24h   missing_job_did_not_run    no base record for ANY game on 2026-08-09 at T-24h
  2026-08-09 MIN v DAL T-8h    missing_job_did_not_run    no base record for ANY game on 2026-08-09 at T-8h
  2026-08-09 MIN v DAL T-90m   missing_job_did_not_run    no base record for ANY game on 2026-08-09 at T-90m
  2026-08-09 MIN v DAL T-30m   missing_job_did_not_run    no base record for ANY game on 2026-08-09 at T-30m
  2026-08-15 WAS v LAS T-24h   missing_job_did_not_run    no base record for ANY game on 2026-08-15 at T-24h
  2026-08-15 WAS v LAS T-8h    missing_job_did_not_run    no base record for ANY game on 2026-08-15 at T-8h
  2026-08-15 LVA v MIN T-24h   missing_job_did_not_run    no base record for ANY game on 2026-08-15 at T-24h
  2026-08-15 LVA v MIN T-8h    missing_job_did_not_run    no base record for ANY game on 2026-08-15 at T-8h

wrote forecasts/coverage_audit.csv and forecasts/coverage_receipt.json
[audit] exit=0 
==== Sat 08/15/2026 17:00:03.25 ==== 
[gate] 2026-08-15T21:00:04.301681+00:00  fire=False  -- would duplicate 2 already-served obligation(s); the base job cannot be scoped to one game; 5 slate game(s) have no official game_id and were served under a provisional id: WAS v LAS (2026-08-15) -> PROV-2026-08-15-LAS@WAS, LVA v MIN (2026-08-15) -> PROV-2026-08-15-MIN@LVA, ATL v IND (2026-08-16) -> PROV-2026-08-16-IND@ATL, SEA v CHI (2026-08-16) -> PROV-2026-08-16-CHI@SEA, PHX v PDX (2026-08-16) -> PROV-2026-08-16-PDX@PHX
       WAS v LAS      T-90m   SERVED   cutoff 2026-08-15T22:00:00 (+60 min) 
       LVA v MIN      T-90m   SERVED   cutoff 2026-08-15T22:30:00 (+90 min) 
       ATL v IND      T-24h   unserved cutoff 2026-08-15T21:00:00 (-0 min) IN-WINDOW
       SEA v CHI      T-24h   unserved cutoff 2026-08-15T21:00:00 (-0 min) IN-WINDOW
       PHX v PDX      T-24h   unserved cutoff 2026-08-15T23:00:00 (+120 min) 
[gate] HOLDING: firing now would append 2 permanent duplicate record(s) to an append-only chain. A missed obligation is recoverable; a duplicate is not.
[gate] skipping the base job
[base] skipped - no unserved obligation in its lead window 
[base] exit=0 
================================================================================================
PROSPECTIVE PAIR RUNNER  2026-08-15T21:00:05.557211+00:00  model=ridge_score_level_w2c1_v1 hash=5d295bb8b99cd34e
================================================================================================
base records in official chain: 66
  late_prevented #0 ATL v SEA @ T-8h                cutoff 2026-07-31T15:35:00+00:00 already passed at 2026-08-1
  late_prevented #1 WAS v DAL @ T-8h                cutoff 2026-07-31T15:35:00+00:00 already passed at 2026-08-1
  late_prevented #2 PDX v IND @ T-8h                cutoff 2026-07-31T18:06:00+00:00 already passed at 2026-08-1
  late_prevented #3 ATL v SEA @ T-30m               cutoff 2026-07-31T23:05:00+00:00 already passed at 2026-08-1
  late_prevented #4 WAS v DAL @ T-30m               cutoff 2026-07-31T23:05:00+00:00 already passed at 2026-08-1
  late_prevented #5 PDX v IND @ T-90m               cutoff 2026-08-01T00:36:00+00:00 already passed at 2026-08-1
  late_prevented #6 CHI v LVA @ T-90m               cutoff 2026-08-01T15:35:00+00:00 already passed at 2026-08-1
  late_prevented #7 PHX v NYL @ T-90m               cutoff 2026-08-01T17:34:00+00:00 already passed at 2026-08-1
  skip           #8 CHI v LVA @ unknown-tip         base record is an explicit no-forecast; nothing to pair
  skip           #9 PHX v NYL @ unknown-tip         base record is an explicit no-forecast; nothing to pair
  late_prevented #10 NYL v SEA @ T-8h               cutoff 2026-08-03T15:04:00+00:00 already passed at 2026-08-1
  late_prevented #11 ATL v LVA @ T-8h               cutoff 2026-08-03T15:14:00+00:00 already passed at 2026-08-1
  late_prevented #12 CHI v PHX @ T-8h               cutoff 2026-08-03T17:08:00+00:00 already passed at 2026-08-1
  already_logged #13 NYL v SEA @ T-90m              idempotent: pair exists
  already_logged #14 ATL v LVA @ T-90m              idempotent: pair exists
  already_logged #15 CHI v PHX @ T-90m              idempotent: pair exists
  already_logged #16 NYL v SEA @ T-90m              idempotent: pair exists
  already_logged #17 ATL v LVA @ T-90m              idempotent: pair exists
  already_logged #18 CHI v PHX @ T-90m              idempotent: pair exists
  late_prevented #19 NYL v SEA @ T-30m              cutoff 2026-08-03T22:34:00+00:00 already passed at 2026-08-1
  late_prevented #20 ATL v LVA @ T-30m              cutoff 2026-08-03T22:44:00+00:00 already passed at 2026-08-1
  already_logged #21 CHI v PHX @ T-90m              idempotent: pair exists
  already_logged #22 GSV v TOR @ T-8h               idempotent: pair exists
  already_logged #23 GSV v TOR @ T-90m              idempotent: pair exists
  already_logged #24 GSV v TOR @ T-30m              idempotent: pair exists
  already_logged #25 ATL v PHX @ T-8h               idempotent: pair exists
  already_logged #26 NYL v SEA @ T-8h               idempotent: pair exists
  already_logged #27 WAS v DAL @ T-8h               idempotent: pair exists
  already_logged #28 CHI v LAS @ T-8h               idempotent: pair exists
  already_logged #29 ATL v PHX @ T-90m              idempotent: pair exists
  already_logged #30 NYL v SEA @ T-90m              idempotent: pair exists
  already_logged #31 WAS v DAL @ T-90m              idempotent: pair exists
  already_logged #32 CHI v LAS @ T-90m              idempotent: pair exists
  late_prevented #33 ATL v PHX @ T-30m              cutoff 2026-08-05T22:33:00+00:00 already passed at 2026-08-1
  late_prevented #34 NYL v SEA @ T-30m              cutoff 2026-08-05T22:38:00+00:00 already passed at 2026-08-1
  already_logged #35 WAS v DAL @ T-30m              idempotent: pair exists
  already_logged #36 CHI v LAS @ T-90m              idempotent: pair exists
  already_logged #37 IND v LVA @ T-8h               idempotent: pair exists
  already_logged #38 MIN v LAS @ T-8h               idempotent: pair exists
  already_logged #39 PDX v TOR @ T-8h               idempotent: pair exists
  already_logged #40 IND v LVA @ T-90m              idempotent: pair exists
  already_logged #41 MIN v LAS @ T-90m              idempotent: pair exists
  already_logged #42 PDX v TOR @ T-90m              idempotent: pair exists
  late_prevented #43 IND v LVA @ T-30m              cutoff 2026-08-06T22:36:00+00:00 already passed at 2026-08-1
  already_logged #44 PDX v TOR @ T-30m              idempotent: pair exists
  already_logged #45 CON v PHX @ T-8h               idempotent: pair exists
  already_logged #46 WAS v ATL @ T-8h               idempotent: pair exists
  already_logged #47 DAL v GSV @ T-8h               idempotent: pair exists
  already_logged #48 CON v PHX @ T-90m              idempotent: pair exists
  already_logged #49 WAS v ATL @ T-90m              idempotent: pair exists
  already_logged #50 DAL v GSV @ T-90m              idempotent: pair exists
  already_logged #51 CON v PHX @ T-30m              idempotent: pair exists
  already_logged #52 WAS v ATL @ T-30m              idempotent: pair exists
  already_logged #53 DAL v GSV @ T-30m              idempotent: pair exists
  already_logged #54 MIN v LVA @ T-8h               idempotent: pair exists
  already_logged #55 CHI v IND @ T-8h               idempotent: pair exists
  already_logged #56 PDX v SEA @ T-8h               idempotent: pair exists
  already_logged #57 MIN v LVA @ T-90m              idempotent: pair exists
  late_prevented #58 CHI v IND @ T-8h               cutoff 2026-08-08T11:35:00+00:00 already passed at 2026-08-1
  already_logged #59 PDX v SEA @ T-8h               idempotent: pair exists
  already_logged #60 PDX v SEA @ T-90m              idempotent: pair exists
  skip           #61 CHI v IND @ unknown-tip        base record is an explicit no-forecast; nothing to pair
  skip           #62 MIN v LVA @ unknown-tip        base record is an explicit no-forecast; nothing to pair
  already_logged #63 PDX v SEA @ T-30m              idempotent: pair exists
  already_logged #64 WAS v LAS @ T-90m              idempotent: pair exists
  already_logged #65 LVA v MIN @ T-90m              idempotent: pair exists

  already_logged=45, late_prevented=17, skip=4
  arm chain: ok=True n=40 tip=1f9e219dcf0d4956
  receipt appended to prospective_pair_runs.jsonl
[arm] exit=0 
====================================================================================================
FORECAST COVERAGE AUDIT   generated 2026-08-15T21:00:06.670942+00:00
====================================================================================================

CUMULATIVE by classification
  missing_job_did_not_run      61
  forecast_logged              48
  before_period_start          15
  not_yet_due                  14
  missing_data_unavailable     9
  late_record                  5

  obligations 152 | due 123 | served 48 | coverage 39.0%
  operational misses 61 | unexplained 0
  PROMOTION-GRADE: NO   (needs >= 95% served, <= 0 operational misses, all explained)

DAILY
  date         oblig  served     due     excl    opmiss arm_recs
  2026-07-30      12       0       0       12         0        0
  2026-07-31      12       6       9        3         0        0
  2026-08-01       8       2       8        0         6        0
  2026-08-02      16       0      16        0        16        0
  2026-08-03      12       6      12        0         3        3
  2026-08-04       4       3       4        0         1        3
  2026-08-05      16       9      16        0         4        9
  2026-08-06      12       7      12        0         3        7
  2026-08-07      12       9      12        0         3        9
  2026-08-08      12       6      12        0         3        4
  2026-08-09      16       0      16        0        16        0
  2026-08-15       8       0       4        4         4        0
  2026-08-16      12       0       2       10         2        0

EVERY MISSING OR IRREGULAR OBLIGATION (each must carry an explanation)
  2026-07-31 ATL v SEA T-90m   missing_data_unavailable   job served 1 other game(s) on 2026-07-31 at T-90m
  2026-07-31 WAS v DAL T-90m   missing_data_unavailable   job served 1 other game(s) on 2026-07-31 at T-90m
  2026-07-31 PDX v IND T-30m   missing_data_unavailable   job served 2 other game(s) on 2026-07-31 at T-30m
  2026-08-01 CHI v LVA T-24h   missing_job_did_not_run    no base record for ANY game on 2026-08-01 at T-24h
  2026-08-01 CHI v LVA T-8h    missing_job_did_not_run    no base record for ANY game on 2026-08-01 at T-8h
  2026-08-01 CHI v LVA T-30m   missing_job_did_not_run    no base record for ANY game on 2026-08-01 at T-30m
  2026-08-01 PHX v NYL T-24h   missing_job_did_not_run    no base record for ANY game on 2026-08-01 at T-24h
  2026-08-01 PHX v NYL T-8h    missing_job_did_not_run    no base record for ANY game on 2026-08-01 at T-8h
  2026-08-01 PHX v NYL T-30m   missing_job_did_not_run    no base record for ANY game on 2026-08-01 at T-30m
  2026-08-02 DAL v CON T-24h   missing_job_did_not_run    no base record for ANY game on 2026-08-02 at T-24h
  2026-08-02 DAL v CON T-8h    missing_job_did_not_run    no base record for ANY game on 2026-08-02 at T-8h
  2026-08-02 DAL v CON T-90m   missing_job_did_not_run    no base record for ANY game on 2026-08-02 at T-90m
  2026-08-02 DAL v CON T-30m   missing_job_did_not_run    no base record for ANY game on 2026-08-02 at T-30m
  2026-08-02 GSV v TOR T-24h   missing_job_did_not_run    no base record for ANY game on 2026-08-02 at T-24h
  2026-08-02 GSV v TOR T-8h    missing_job_did_not_run    no base record for ANY game on 2026-08-02 at T-8h
  2026-08-02 GSV v TOR T-90m   missing_job_did_not_run    no base record for ANY game on 2026-08-02 at T-90m
  2026-08-02 GSV v TOR T-30m   missing_job_did_not_run    no base record for ANY game on 2026-08-02 at T-30m
  2026-08-02 MIN v IND T-24h   missing_job_did_not_run    no base record for ANY game on 2026-08-02 at T-24h
  2026-08-02 MIN v IND T-8h    missing_job_did_not_run    no base record for ANY game on 2026-08-02 at T-8h
  2026-08-02 MIN v IND T-90m   missing_job_did_not_run    no base record for ANY game on 2026-08-02 at T-90m
  2026-08-02 MIN v IND T-30m   missing_job_did_not_run    no base record for ANY game on 2026-08-02 at T-30m
  2026-08-02 PDX v LAS T-24h   missing_job_did_not_run    no base record for ANY game on 2026-08-02 at T-24h
  2026-08-02 PDX v LAS T-8h    missing_job_did_not_run    no base record for ANY game on 2026-08-02 at T-8h
  2026-08-02 PDX v LAS T-90m   missing_job_did_not_run    no base record for ANY game on 2026-08-02 at T-90m
  2026-08-02 PDX v LAS T-30m   missing_job_did_not_run    no base record for ANY game on 2026-08-02 at T-30m
  2026-08-03 NYL v SEA T-24h   missing_job_did_not_run    no base record for ANY game on 2026-08-03 at T-24h
  2026-08-03 NYL v SEA T-30m   late_record                created 2026-08-03T22:45:08.958486+00:00 after cutoff
  2026-08-03 ATL v LVA T-24h   missing_job_did_not_run    no base record for ANY game on 2026-08-03 at T-24h
  2026-08-03 ATL v LVA T-30m   late_record                created 2026-08-03T22:45:08.976775+00:00 after cutoff
  2026-08-03 CHI v PHX T-24h   missing_job_did_not_run    no base record for ANY game on 2026-08-03 at T-24h
  2026-08-03 CHI v PHX T-30m   missing_data_unavailable   job served 2 other game(s) on 2026-08-03 at T-30m
  2026-08-04 GSV v TOR T-24h   missing_job_did_not_run    no base record for ANY game on 2026-08-04 at T-24h
  2026-08-05 WAS v DAL T-24h   missing_job_did_not_run    no base record for ANY game on 2026-08-05 at T-24h
  2026-08-05 NYL v SEA T-24h   missing_job_did_not_run    no base record for ANY game on 2026-08-05 at T-24h
  2026-08-05 NYL v SEA T-30m   late_record                created 2026-08-05T22:45:07.299457+00:00 after cutoff
  2026-08-05 ATL v PHX T-24h   missing_job_did_not_run    no base record for ANY game on 2026-08-05 at T-24h
  2026-08-05 ATL v PHX T-30m   late_record                created 2026-08-05T22:45:07.274521+00:00 after cutoff
  2026-08-05 CHI v LAS T-24h   missing_job_did_not_run    no base record for ANY game on 2026-08-05 at T-24h
  2026-08-05 CHI v LAS T-30m   missing_data_unavailable   job served 3 other game(s) on 2026-08-05 at T-30m
  2026-08-06 IND v LVA T-24h   missing_job_did_not_run    no base record for ANY game on 2026-08-06 at T-24h
  2026-08-06 IND v LVA T-30m   late_record                created 2026-08-06T22:45:09.382682+00:00 after cutoff
  2026-08-06 PDX v TOR T-24h   missing_job_did_not_run    no base record for ANY game on 2026-08-06 at T-24h
  2026-08-06 MIN v LAS T-24h   missing_job_did_not_run    no base record for ANY game on 2026-08-06 at T-24h
  2026-08-06 MIN v LAS T-30m   missing_data_unavailable   job served 2 other game(s) on 2026-08-06 at T-30m
  2026-08-07 WAS v ATL T-24h   missing_job_did_not_run    no base record for ANY game on 2026-08-07 at T-24h
  2026-08-07 CON v PHX T-24h   missing_job_did_not_run    no base record for ANY game on 2026-08-07 at T-24h
  2026-08-07 DAL v GSV T-24h   missing_job_did_not_run    no base record for ANY game on 2026-08-07 at T-24h
  2026-08-08 CHI v IND T-24h   missing_job_did_not_run    no base record for ANY game on 2026-08-08 at T-24h
  2026-08-08 CHI v IND T-90m   missing_data_unavailable   job served 2 other game(s) on 2026-08-08 at T-90m
  2026-08-08 CHI v IND T-30m   missing_data_unavailable   job served 1 other game(s) on 2026-08-08 at T-30m
  2026-08-08 MIN v LVA T-24h   missing_job_did_not_run    no base record for ANY game on 2026-08-08 at T-24h
  2026-08-08 MIN v LVA T-30m   missing_data_unavailable   job served 1 other game(s) on 2026-08-08 at T-30m
  2026-08-08 PDX v SEA T-24h   missing_job_did_not_run    no base record for ANY game on 2026-08-08 at T-24h
  2026-08-09 WAS v PHX T-24h   missing_job_did_not_run    no base record for ANY game on 2026-08-09 at T-24h
  2026-08-09 WAS v PHX T-8h    missing_job_did_not_run    no base record for ANY game on 2026-08-09 at T-8h
  2026-08-09 WAS v PHX T-90m   missing_job_did_not_run    no base record for ANY game on 2026-08-09 at T-90m
  2026-08-09 WAS v PHX T-30m   missing_job_did_not_run    no base record for ANY game on 2026-08-09 at T-30m
  2026-08-09 LAS v GSV T-24h   missing_job_did_not_run    no base record for ANY game on 2026-08-09 at T-24h
  2026-08-09 LAS v GSV T-8h    missing_job_did_not_run    no base record for ANY game on 2026-08-09 at T-8h
  2026-08-09 LAS v GSV T-90m   missing_job_did_not_run    no base record for ANY game on 2026-08-09 at T-90m
  2026-08-09 LAS v GSV T-30m   missing_job_did_not_run    no base record for ANY game on 2026-08-09 at T-30m
  2026-08-09 NYL v LVA T-24h   missing_job_did_not_run    no base record for ANY game on 2026-08-09 at T-24h
  2026-08-09 NYL v LVA T-8h    missing_job_did_not_run    no base record for ANY game on 2026-08-09 at T-8h
  2026-08-09 NYL v LVA T-90m   missing_job_did_not_run    no base record for ANY game on 2026-08-09 at T-90m
  2026-08-09 NYL v LVA T-30m   missing_job_did_not_run    no base record for ANY game on 2026-08-09 at T-30m
  2026-08-09 MIN v DAL T-24h   missing_job_did_not_run    no base record for ANY game on 2026-08-09 at T-24h
  2026-08-09 MIN v DAL T-8h    missing_job_did_not_run    no base record for ANY game on 2026-08-09 at T-8h
  2026-08-09 MIN v DAL T-90m   missing_job_did_not_run    no base record for ANY game on 2026-08-09 at T-90m
  2026-08-09 MIN v DAL T-30m   missing_job_did_not_run    no base record for ANY game on 2026-08-09 at T-30m
  2026-08-15 WAS v LAS T-24h   missing_job_did_not_run    no base record for ANY game on 2026-08-15 at T-24h
  2026-08-15 WAS v LAS T-8h    missing_job_did_not_run    no base record for ANY game on 2026-08-15 at T-8h
  2026-08-15 LVA v MIN T-24h   missing_job_did_not_run    no base record for ANY game on 2026-08-15 at T-24h
  2026-08-15 LVA v MIN T-8h    missing_job_did_not_run    no base record for ANY game on 2026-08-15 at T-8h
  2026-08-16 ATL v IND T-24h   missing_job_did_not_run    no base record for ANY game on 2026-08-16 at T-24h
  2026-08-16 SEA v CHI T-24h   missing_job_did_not_run    no base record for ANY game on 2026-08-16 at T-24h

wrote forecasts/coverage_audit.csv and forecasts/coverage_receipt.json
[audit] exit=0 
==== Sat 08/15/2026 17:15:02.77 ==== 
[gate] 2026-08-15T21:15:03.453717+00:00  fire=False  -- would duplicate 2 already-served obligation(s); the base job cannot be scoped to one game; 5 slate game(s) have no official game_id and were served under a provisional id: WAS v LAS (2026-08-15) -> PROV-2026-08-15-LAS@WAS, LVA v MIN (2026-08-15) -> PROV-2026-08-15-MIN@LVA, ATL v IND (2026-08-16) -> PROV-2026-08-16-IND@ATL, SEA v CHI (2026-08-16) -> PROV-2026-08-16-CHI@SEA, PHX v PDX (2026-08-16) -> PROV-2026-08-16-PDX@PHX
       WAS v LAS      T-90m   SERVED   cutoff 2026-08-15T22:00:00 (+45 min) 
       LVA v MIN      T-90m   SERVED   cutoff 2026-08-15T22:30:00 (+75 min) 
       ATL v IND      T-24h   unserved cutoff 2026-08-15T21:00:00 (-15 min) 
       SEA v CHI      T-24h   unserved cutoff 2026-08-15T21:00:00 (-15 min) 
       PHX v PDX      T-24h   unserved cutoff 2026-08-15T23:00:00 (+105 min) 
[gate] HOLDING: firing now would append 2 permanent duplicate record(s) to an append-only chain. A missed obligation is recoverable; a duplicate is not.
[gate] skipping the base job
[base] skipped - no unserved obligation in its lead window 
[base] exit=0 
================================================================================================
PROSPECTIVE PAIR RUNNER  2026-08-15T21:15:04.520185+00:00  model=ridge_score_level_w2c1_v1 hash=5d295bb8b99cd34e
================================================================================================
base records in official chain: 66
  late_prevented #0 ATL v SEA @ T-8h                cutoff 2026-07-31T15:35:00+00:00 already passed at 2026-08-1
  late_prevented #1 WAS v DAL @ T-8h                cutoff 2026-07-31T15:35:00+00:00 already passed at 2026-08-1
  late_prevented #2 PDX v IND @ T-8h                cutoff 2026-07-31T18:06:00+00:00 already passed at 2026-08-1
  late_prevented #3 ATL v SEA @ T-30m               cutoff 2026-07-31T23:05:00+00:00 already passed at 2026-08-1
  late_prevented #4 WAS v DAL @ T-30m               cutoff 2026-07-31T23:05:00+00:00 already passed at 2026-08-1
  late_prevented #5 PDX v IND @ T-90m               cutoff 2026-08-01T00:36:00+00:00 already passed at 2026-08-1
  late_prevented #6 CHI v LVA @ T-90m               cutoff 2026-08-01T15:35:00+00:00 already passed at 2026-08-1
  late_prevented #7 PHX v NYL @ T-90m               cutoff 2026-08-01T17:34:00+00:00 already passed at 2026-08-1
  skip           #8 CHI v LVA @ unknown-tip         base record is an explicit no-forecast; nothing to pair
  skip           #9 PHX v NYL @ unknown-tip         base record is an explicit no-forecast; nothing to pair
  late_prevented #10 NYL v SEA @ T-8h               cutoff 2026-08-03T15:04:00+00:00 already passed at 2026-08-1
  late_prevented #11 ATL v LVA @ T-8h               cutoff 2026-08-03T15:14:00+00:00 already passed at 2026-08-1
  late_prevented #12 CHI v PHX @ T-8h               cutoff 2026-08-03T17:08:00+00:00 already passed at 2026-08-1
  already_logged #13 NYL v SEA @ T-90m              idempotent: pair exists
  already_logged #14 ATL v LVA @ T-90m              idempotent: pair exists
  already_logged #15 CHI v PHX @ T-90m              idempotent: pair exists
  already_logged #16 NYL v SEA @ T-90m              idempotent: pair exists
  already_logged #17 ATL v LVA @ T-90m              idempotent: pair exists
  already_logged #18 CHI v PHX @ T-90m              idempotent: pair exists
  late_prevented #19 NYL v SEA @ T-30m              cutoff 2026-08-03T22:34:00+00:00 already passed at 2026-08-1
  late_prevented #20 ATL v LVA @ T-30m              cutoff 2026-08-03T22:44:00+00:00 already passed at 2026-08-1
  already_logged #21 CHI v PHX @ T-90m              idempotent: pair exists
  already_logged #22 GSV v TOR @ T-8h               idempotent: pair exists
  already_logged #23 GSV v TOR @ T-90m              idempotent: pair exists
  already_logged #24 GSV v TOR @ T-30m              idempotent: pair exists
  already_logged #25 ATL v PHX @ T-8h               idempotent: pair exists
  already_logged #26 NYL v SEA @ T-8h               idempotent: pair exists
  already_logged #27 WAS v DAL @ T-8h               idempotent: pair exists
  already_logged #28 CHI v LAS @ T-8h               idempotent: pair exists
  already_logged #29 ATL v PHX @ T-90m              idempotent: pair exists
  already_logged #30 NYL v SEA @ T-90m              idempotent: pair exists
  already_logged #31 WAS v DAL @ T-90m              idempotent: pair exists
  already_logged #32 CHI v LAS @ T-90m              idempotent: pair exists
  late_prevented #33 ATL v PHX @ T-30m              cutoff 2026-08-05T22:33:00+00:00 already passed at 2026-08-1
  late_prevented #34 NYL v SEA @ T-30m              cutoff 2026-08-05T22:38:00+00:00 already passed at 2026-08-1
  already_logged #35 WAS v DAL @ T-30m              idempotent: pair exists
  already_logged #36 CHI v LAS @ T-90m              idempotent: pair exists
  already_logged #37 IND v LVA @ T-8h               idempotent: pair exists
  already_logged #38 MIN v LAS @ T-8h               idempotent: pair exists
  already_logged #39 PDX v TOR @ T-8h               idempotent: pair exists
  already_logged #40 IND v LVA @ T-90m              idempotent: pair exists
  already_logged #41 MIN v LAS @ T-90m              idempotent: pair exists
  already_logged #42 PDX v TOR @ T-90m              idempotent: pair exists
  late_prevented #43 IND v LVA @ T-30m              cutoff 2026-08-06T22:36:00+00:00 already passed at 2026-08-1
  already_logged #44 PDX v TOR @ T-30m              idempotent: pair exists
  already_logged #45 CON v PHX @ T-8h               idempotent: pair exists
  already_logged #46 WAS v ATL @ T-8h               idempotent: pair exists
  already_logged #47 DAL v GSV @ T-8h               idempotent: pair exists
  already_logged #48 CON v PHX @ T-90m              idempotent: pair exists
  already_logged #49 WAS v ATL @ T-90m              idempotent: pair exists
  already_logged #50 DAL v GSV @ T-90m              idempotent: pair exists
  already_logged #51 CON v PHX @ T-30m              idempotent: pair exists
  already_logged #52 WAS v ATL @ T-30m              idempotent: pair exists
  already_logged #53 DAL v GSV @ T-30m              idempotent: pair exists
  already_logged #54 MIN v LVA @ T-8h               idempotent: pair exists
  already_logged #55 CHI v IND @ T-8h               idempotent: pair exists
  already_logged #56 PDX v SEA @ T-8h               idempotent: pair exists
  already_logged #57 MIN v LVA @ T-90m              idempotent: pair exists
  late_prevented #58 CHI v IND @ T-8h               cutoff 2026-08-08T11:35:00+00:00 already passed at 2026-08-1
  already_logged #59 PDX v SEA @ T-8h               idempotent: pair exists
  already_logged #60 PDX v SEA @ T-90m              idempotent: pair exists
  skip           #61 CHI v IND @ unknown-tip        base record is an explicit no-forecast; nothing to pair
  skip           #62 MIN v LVA @ unknown-tip        base record is an explicit no-forecast; nothing to pair
  already_logged #63 PDX v SEA @ T-30m              idempotent: pair exists
  already_logged #64 WAS v LAS @ T-90m              idempotent: pair exists
  already_logged #65 LVA v MIN @ T-90m              idempotent: pair exists

  already_logged=45, late_prevented=17, skip=4
  arm chain: ok=True n=40 tip=1f9e219dcf0d4956
  receipt appended to prospective_pair_runs.jsonl
[arm] exit=0 
====================================================================================================
FORECAST COVERAGE AUDIT   generated 2026-08-15T21:15:05.566831+00:00
====================================================================================================

CUMULATIVE by classification
  missing_job_did_not_run      61
  forecast_logged              48
  before_period_start          15
  not_yet_due                  14
  missing_data_unavailable     9
  late_record                  5

  obligations 152 | due 123 | served 48 | coverage 39.0%
  operational misses 61 | unexplained 0
  PROMOTION-GRADE: NO   (needs >= 95% served, <= 0 operational misses, all explained)

DAILY
  date         oblig  served     due     excl    opmiss arm_recs
  2026-07-30      12       0       0       12         0        0
  2026-07-31      12       6       9        3         0        0
  2026-08-01       8       2       8        0         6        0
  2026-08-02      16       0      16        0        16        0
  2026-08-03      12       6      12        0         3        3
  2026-08-04       4       3       4        0         1        3
  2026-08-05      16       9      16        0         4        9
  2026-08-06      12       7      12        0         3        7
  2026-08-07      12       9      12        0         3        9
  2026-08-08      12       6      12        0         3        4
  2026-08-09      16       0      16        0        16        0
  2026-08-15       8       0       4        4         4        0
  2026-08-16      12       0       2       10         2        0

EVERY MISSING OR IRREGULAR OBLIGATION (each must carry an explanation)
  2026-07-31 ATL v SEA T-90m   missing_data_unavailable   job served 1 other game(s) on 2026-07-31 at T-90m
  2026-07-31 WAS v DAL T-90m   missing_data_unavailable   job served 1 other game(s) on 2026-07-31 at T-90m
  2026-07-31 PDX v IND T-30m   missing_data_unavailable   job served 2 other game(s) on 2026-07-31 at T-30m
  2026-08-01 CHI v LVA T-24h   missing_job_did_not_run    no base record for ANY game on 2026-08-01 at T-24h
  2026-08-01 CHI v LVA T-8h    missing_job_did_not_run    no base record for ANY game on 2026-08-01 at T-8h
  2026-08-01 CHI v LVA T-30m   missing_job_did_not_run    no base record for ANY game on 2026-08-01 at T-30m
  2026-08-01 PHX v NYL T-24h   missing_job_did_not_run    no base record for ANY game on 2026-08-01 at T-24h
  2026-08-01 PHX v NYL T-8h    missing_job_did_not_run    no base record for ANY game on 2026-08-01 at T-8h
  2026-08-01 PHX v NYL T-30m   missing_job_did_not_run    no base record for ANY game on 2026-08-01 at T-30m
  2026-08-02 DAL v CON T-24h   missing_job_did_not_run    no base record for ANY game on 2026-08-02 at T-24h
  2026-08-02 DAL v CON T-8h    missing_job_did_not_run    no base record for ANY game on 2026-08-02 at T-8h
  2026-08-02 DAL v CON T-90m   missing_job_did_not_run    no base record for ANY game on 2026-08-02 at T-90m
  2026-08-02 DAL v CON T-30m   missing_job_did_not_run    no base record for ANY game on 2026-08-02 at T-30m
  2026-08-02 GSV v TOR T-24h   missing_job_did_not_run    no base record for ANY game on 2026-08-02 at T-24h
  2026-08-02 GSV v TOR T-8h    missing_job_did_not_run    no base record for ANY game on 2026-08-02 at T-8h
  2026-08-02 GSV v TOR T-90m   missing_job_did_not_run    no base record for ANY game on 2026-08-02 at T-90m
  2026-08-02 GSV v TOR T-30m   missing_job_did_not_run    no base record for ANY game on 2026-08-02 at T-30m
  2026-08-02 MIN v IND T-24h   missing_job_did_not_run    no base record for ANY game on 2026-08-02 at T-24h
  2026-08-02 MIN v IND T-8h    missing_job_did_not_run    no base record for ANY game on 2026-08-02 at T-8h
  2026-08-02 MIN v IND T-90m   missing_job_did_not_run    no base record for ANY game on 2026-08-02 at T-90m
  2026-08-02 MIN v IND T-30m   missing_job_did_not_run    no base record for ANY game on 2026-08-02 at T-30m
  2026-08-02 PDX v LAS T-24h   missing_job_did_not_run    no base record for ANY game on 2026-08-02 at T-24h
  2026-08-02 PDX v LAS T-8h    missing_job_did_not_run    no base record for ANY game on 2026-08-02 at T-8h
  2026-08-02 PDX v LAS T-90m   missing_job_did_not_run    no base record for ANY game on 2026-08-02 at T-90m
  2026-08-02 PDX v LAS T-30m   missing_job_did_not_run    no base record for ANY game on 2026-08-02 at T-30m
  2026-08-03 NYL v SEA T-24h   missing_job_did_not_run    no base record for ANY game on 2026-08-03 at T-24h
  2026-08-03 NYL v SEA T-30m   late_record                created 2026-08-03T22:45:08.958486+00:00 after cutoff
  2026-08-03 ATL v LVA T-24h   missing_job_did_not_run    no base record for ANY game on 2026-08-03 at T-24h
  2026-08-03 ATL v LVA T-30m   late_record                created 2026-08-03T22:45:08.976775+00:00 after cutoff
  2026-08-03 CHI v PHX T-24h   missing_job_did_not_run    no base record for ANY game on 2026-08-03 at T-24h
  2026-08-03 CHI v PHX T-30m   missing_data_unavailable   job served 2 other game(s) on 2026-08-03 at T-30m
  2026-08-04 GSV v TOR T-24h   missing_job_did_not_run    no base record for ANY game on 2026-08-04 at T-24h
  2026-08-05 WAS v DAL T-24h   missing_job_did_not_run    no base record for ANY game on 2026-08-05 at T-24h
  2026-08-05 NYL v SEA T-24h   missing_job_did_not_run    no base record for ANY game on 2026-08-05 at T-24h
  2026-08-05 NYL v SEA T-30m   late_record                created 2026-08-05T22:45:07.299457+00:00 after cutoff
  2026-08-05 ATL v PHX T-24h   missing_job_did_not_run    no base record for ANY game on 2026-08-05 at T-24h
  2026-08-05 ATL v PHX T-30m   late_record                created 2026-08-05T22:45:07.274521+00:00 after cutoff
  2026-08-05 CHI v LAS T-24h   missing_job_did_not_run    no base record for ANY game on 2026-08-05 at T-24h
  2026-08-05 CHI v LAS T-30m   missing_data_unavailable   job served 3 other game(s) on 2026-08-05 at T-30m
  2026-08-06 IND v LVA T-24h   missing_job_did_not_run    no base record for ANY game on 2026-08-06 at T-24h
  2026-08-06 IND v LVA T-30m   late_record                created 2026-08-06T22:45:09.382682+00:00 after cutoff
  2026-08-06 PDX v TOR T-24h   missing_job_did_not_run    no base record for ANY game on 2026-08-06 at T-24h
  2026-08-06 MIN v LAS T-24h   missing_job_did_not_run    no base record for ANY game on 2026-08-06 at T-24h
  2026-08-06 MIN v LAS T-30m   missing_data_unavailable   job served 2 other game(s) on 2026-08-06 at T-30m
  2026-08-07 WAS v ATL T-24h   missing_job_did_not_run    no base record for ANY game on 2026-08-07 at T-24h
  2026-08-07 CON v PHX T-24h   missing_job_did_not_run    no base record for ANY game on 2026-08-07 at T-24h
  2026-08-07 DAL v GSV T-24h   missing_job_did_not_run    no base record for ANY game on 2026-08-07 at T-24h
  2026-08-08 CHI v IND T-24h   missing_job_did_not_run    no base record for ANY game on 2026-08-08 at T-24h
  2026-08-08 CHI v IND T-90m   missing_data_unavailable   job served 2 other game(s) on 2026-08-08 at T-90m
  2026-08-08 CHI v IND T-30m   missing_data_unavailable   job served 1 other game(s) on 2026-08-08 at T-30m
  2026-08-08 MIN v LVA T-24h   missing_job_did_not_run    no base record for ANY game on 2026-08-08 at T-24h
  2026-08-08 MIN v LVA T-30m   missing_data_unavailable   job served 1 other game(s) on 2026-08-08 at T-30m
  2026-08-08 PDX v SEA T-24h   missing_job_did_not_run    no base record for ANY game on 2026-08-08 at T-24h
  2026-08-09 WAS v PHX T-24h   missing_job_did_not_run    no base record for ANY game on 2026-08-09 at T-24h
  2026-08-09 WAS v PHX T-8h    missing_job_did_not_run    no base record for ANY game on 2026-08-09 at T-8h
  2026-08-09 WAS v PHX T-90m   missing_job_did_not_run    no base record for ANY game on 2026-08-09 at T-90m
  2026-08-09 WAS v PHX T-30m   missing_job_did_not_run    no base record for ANY game on 2026-08-09 at T-30m
  2026-08-09 LAS v GSV T-24h   missing_job_did_not_run    no base record for ANY game on 2026-08-09 at T-24h
  2026-08-09 LAS v GSV T-8h    missing_job_did_not_run    no base record for ANY game on 2026-08-09 at T-8h
  2026-08-09 LAS v GSV T-90m   missing_job_did_not_run    no base record for ANY game on 2026-08-09 at T-90m
  2026-08-09 LAS v GSV T-30m   missing_job_did_not_run    no base record for ANY game on 2026-08-09 at T-30m
  2026-08-09 NYL v LVA T-24h   missing_job_did_not_run    no base record for ANY game on 2026-08-09 at T-24h
  2026-08-09 NYL v LVA T-8h    missing_job_did_not_run    no base record for ANY game on 2026-08-09 at T-8h
  2026-08-09 NYL v LVA T-90m   missing_job_did_not_run    no base record for ANY game on 2026-08-09 at T-90m
  2026-08-09 NYL v LVA T-30m   missing_job_did_not_run    no base record for ANY game on 2026-08-09 at T-30m
  2026-08-09 MIN v DAL T-24h   missing_job_did_not_run    no base record for ANY game on 2026-08-09 at T-24h
  2026-08-09 MIN v DAL T-8h    missing_job_did_not_run    no base record for ANY game on 2026-08-09 at T-8h
  2026-08-09 MIN v DAL T-90m   missing_job_did_not_run    no base record for ANY game on 2026-08-09 at T-90m
  2026-08-09 MIN v DAL T-30m   missing_job_did_not_run    no base record for ANY game on 2026-08-09 at T-30m
  2026-08-15 WAS v LAS T-24h   missing_job_did_not_run    no base record for ANY game on 2026-08-15 at T-24h
  2026-08-15 WAS v LAS T-8h    missing_job_did_not_run    no base record for ANY game on 2026-08-15 at T-8h
  2026-08-15 LVA v MIN T-24h   missing_job_did_not_run    no base record for ANY game on 2026-08-15 at T-24h
  2026-08-15 LVA v MIN T-8h    missing_job_did_not_run    no base record for ANY game on 2026-08-15 at T-8h
  2026-08-16 ATL v IND T-24h   missing_job_did_not_run    no base record for ANY game on 2026-08-16 at T-24h
  2026-08-16 SEA v CHI T-24h   missing_job_did_not_run    no base record for ANY game on 2026-08-16 at T-24h

wrote forecasts/coverage_audit.csv and forecasts/coverage_receipt.json
[audit] exit=0 
==== Sat 08/15/2026 17:30:02.85 ==== 
[gate] 2026-08-15T21:30:03.557679+00:00  fire=False  -- would duplicate 2 already-served obligation(s); the base job cannot be scoped to one game; 5 slate game(s) have no official game_id and were served under a provisional id: WAS v LAS (2026-08-15) -> PROV-2026-08-15-LAS@WAS, LVA v MIN (2026-08-15) -> PROV-2026-08-15-MIN@LVA, ATL v IND (2026-08-16) -> PROV-2026-08-16-IND@ATL, SEA v CHI (2026-08-16) -> PROV-2026-08-16-CHI@SEA, PHX v PDX (2026-08-16) -> PROV-2026-08-16-PDX@PHX
       WAS v LAS      T-90m   SERVED   cutoff 2026-08-15T22:00:00 (+30 min) 
       LVA v MIN      T-90m   SERVED   cutoff 2026-08-15T22:30:00 (+60 min) 
       ATL v IND      T-24h   unserved cutoff 2026-08-15T21:00:00 (-30 min) 
       SEA v CHI      T-24h   unserved cutoff 2026-08-15T21:00:00 (-30 min) 
       PHX v PDX      T-24h   unserved cutoff 2026-08-15T23:00:00 (+90 min) 
[gate] HOLDING: firing now would append 2 permanent duplicate record(s) to an append-only chain. A missed obligation is recoverable; a duplicate is not.
[gate] skipping the base job
[base] skipped - no unserved obligation in its lead window 
[base] exit=0 
================================================================================================
PROSPECTIVE PAIR RUNNER  2026-08-15T21:30:04.575058+00:00  model=ridge_score_level_w2c1_v1 hash=5d295bb8b99cd34e
================================================================================================
base records in official chain: 66
  late_prevented #0 ATL v SEA @ T-8h                cutoff 2026-07-31T15:35:00+00:00 already passed at 2026-08-1
  late_prevented #1 WAS v DAL @ T-8h                cutoff 2026-07-31T15:35:00+00:00 already passed at 2026-08-1
  late_prevented #2 PDX v IND @ T-8h                cutoff 2026-07-31T18:06:00+00:00 already passed at 2026-08-1
  late_prevented #3 ATL v SEA @ T-30m               cutoff 2026-07-31T23:05:00+00:00 already passed at 2026-08-1
  late_prevented #4 WAS v DAL @ T-30m               cutoff 2026-07-31T23:05:00+00:00 already passed at 2026-08-1
  late_prevented #5 PDX v IND @ T-90m               cutoff 2026-08-01T00:36:00+00:00 already passed at 2026-08-1
  late_prevented #6 CHI v LVA @ T-90m               cutoff 2026-08-01T15:35:00+00:00 already passed at 2026-08-1
  late_prevented #7 PHX v NYL @ T-90m               cutoff 2026-08-01T17:34:00+00:00 already passed at 2026-08-1
  skip           #8 CHI v LVA @ unknown-tip         base record is an explicit no-forecast; nothing to pair
  skip           #9 PHX v NYL @ unknown-tip         base record is an explicit no-forecast; nothing to pair
  late_prevented #10 NYL v SEA @ T-8h               cutoff 2026-08-03T15:04:00+00:00 already passed at 2026-08-1
  late_prevented #11 ATL v LVA @ T-8h               cutoff 2026-08-03T15:14:00+00:00 already passed at 2026-08-1
  late_prevented #12 CHI v PHX @ T-8h               cutoff 2026-08-03T17:08:00+00:00 already passed at 2026-08-1
  already_logged #13 NYL v SEA @ T-90m              idempotent: pair exists
  already_logged #14 ATL v LVA @ T-90m              idempotent: pair exists
  already_logged #15 CHI v PHX @ T-90m              idempotent: pair exists
  already_logged #16 NYL v SEA @ T-90m              idempotent: pair exists
  already_logged #17 ATL v LVA @ T-90m              idempotent: pair exists
  already_logged #18 CHI v PHX @ T-90m              idempotent: pair exists
  late_prevented #19 NYL v SEA @ T-30m              cutoff 2026-08-03T22:34:00+00:00 already passed at 2026-08-1
  late_prevented #20 ATL v LVA @ T-30m              cutoff 2026-08-03T22:44:00+00:00 already passed at 2026-08-1
  already_logged #21 CHI v PHX @ T-90m              idempotent: pair exists
  already_logged #22 GSV v TOR @ T-8h               idempotent: pair exists
  already_logged #23 GSV v TOR @ T-90m              idempotent: pair exists
  already_logged #24 GSV v TOR @ T-30m              idempotent: pair exists
  already_logged #25 ATL v PHX @ T-8h               idempotent: pair exists
  already_logged #26 NYL v SEA @ T-8h               idempotent: pair exists
  already_logged #27 WAS v DAL @ T-8h               idempotent: pair exists
  already_logged #28 CHI v LAS @ T-8h               idempotent: pair exists
  already_logged #29 ATL v PHX @ T-90m              idempotent: pair exists
  already_logged #30 NYL v SEA @ T-90m              idempotent: pair exists
  already_logged #31 WAS v DAL @ T-90m              idempotent: pair exists
  already_logged #32 CHI v LAS @ T-90m              idempotent: pair exists
  late_prevented #33 ATL v PHX @ T-30m              cutoff 2026-08-05T22:33:00+00:00 already passed at 2026-08-1
  late_prevented #34 NYL v SEA @ T-30m              cutoff 2026-08-05T22:38:00+00:00 already passed at 2026-08-1
  already_logged #35 WAS v DAL @ T-30m              idempotent: pair exists
  already_logged #36 CHI v LAS @ T-90m              idempotent: pair exists
  already_logged #37 IND v LVA @ T-8h               idempotent: pair exists
  already_logged #38 MIN v LAS @ T-8h               idempotent: pair exists
  already_logged #39 PDX v TOR @ T-8h               idempotent: pair exists
  already_logged #40 IND v LVA @ T-90m              idempotent: pair exists
  already_logged #41 MIN v LAS @ T-90m              idempotent: pair exists
  already_logged #42 PDX v TOR @ T-90m              idempotent: pair exists
  late_prevented #43 IND v LVA @ T-30m              cutoff 2026-08-06T22:36:00+00:00 already passed at 2026-08-1
  already_logged #44 PDX v TOR @ T-30m              idempotent: pair exists
  already_logged #45 CON v PHX @ T-8h               idempotent: pair exists
  already_logged #46 WAS v ATL @ T-8h               idempotent: pair exists
  already_logged #47 DAL v GSV @ T-8h               idempotent: pair exists
  already_logged #48 CON v PHX @ T-90m              idempotent: pair exists
  already_logged #49 WAS v ATL @ T-90m              idempotent: pair exists
  already_logged #50 DAL v GSV @ T-90m              idempotent: pair exists
  already_logged #51 CON v PHX @ T-30m              idempotent: pair exists
  already_logged #52 WAS v ATL @ T-30m              idempotent: pair exists
  already_logged #53 DAL v GSV @ T-30m              idempotent: pair exists
  already_logged #54 MIN v LVA @ T-8h               idempotent: pair exists
  already_logged #55 CHI v IND @ T-8h               idempotent: pair exists
  already_logged #56 PDX v SEA @ T-8h               idempotent: pair exists
  already_logged #57 MIN v LVA @ T-90m              idempotent: pair exists
  late_prevented #58 CHI v IND @ T-8h               cutoff 2026-08-08T11:35:00+00:00 already passed at 2026-08-1
  already_logged #59 PDX v SEA @ T-8h               idempotent: pair exists
  already_logged #60 PDX v SEA @ T-90m              idempotent: pair exists
  skip           #61 CHI v IND @ unknown-tip        base record is an explicit no-forecast; nothing to pair
  skip           #62 MIN v LVA @ unknown-tip        base record is an explicit no-forecast; nothing to pair
  already_logged #63 PDX v SEA @ T-30m              idempotent: pair exists
  already_logged #64 WAS v LAS @ T-90m              idempotent: pair exists
  already_logged #65 LVA v MIN @ T-90m              idempotent: pair exists

  already_logged=45, late_prevented=17, skip=4
  arm chain: ok=True n=40 tip=1f9e219dcf0d4956
  receipt appended to prospective_pair_runs.jsonl
[arm] exit=0 
====================================================================================================
FORECAST COVERAGE AUDIT   generated 2026-08-15T21:30:05.660161+00:00
====================================================================================================

CUMULATIVE by classification
  missing_job_did_not_run      61
  forecast_logged              48
  before_period_start          15
  not_yet_due                  14
  missing_data_unavailable     9
  late_record                  5

  obligations 152 | due 123 | served 48 | coverage 39.0%
  operational misses 61 | unexplained 0
  PROMOTION-GRADE: NO   (needs >= 95% served, <= 0 operational misses, all explained)

DAILY
  date         oblig  served     due     excl    opmiss arm_recs
  2026-07-30      12       0       0       12         0        0
  2026-07-31      12       6       9        3         0        0
  2026-08-01       8       2       8        0         6        0
  2026-08-02      16       0      16        0        16        0
  2026-08-03      12       6      12        0         3        3
  2026-08-04       4       3       4        0         1        3
  2026-08-05      16       9      16        0         4        9
  2026-08-06      12       7      12        0         3        7
  2026-08-07      12       9      12        0         3        9
  2026-08-08      12       6      12        0         3        4
  2026-08-09      16       0      16        0        16        0
  2026-08-15       8       0       4        4         4        0
  2026-08-16      12       0       2       10         2        0

EVERY MISSING OR IRREGULAR OBLIGATION (each must carry an explanation)
  2026-07-31 ATL v SEA T-90m   missing_data_unavailable   job served 1 other game(s) on 2026-07-31 at T-90m
  2026-07-31 WAS v DAL T-90m   missing_data_unavailable   job served 1 other game(s) on 2026-07-31 at T-90m
  2026-07-31 PDX v IND T-30m   missing_data_unavailable   job served 2 other game(s) on 2026-07-31 at T-30m
  2026-08-01 CHI v LVA T-24h   missing_job_did_not_run    no base record for ANY game on 2026-08-01 at T-24h
  2026-08-01 CHI v LVA T-8h    missing_job_did_not_run    no base record for ANY game on 2026-08-01 at T-8h
  2026-08-01 CHI v LVA T-30m   missing_job_did_not_run    no base record for ANY game on 2026-08-01 at T-30m
  2026-08-01 PHX v NYL T-24h   missing_job_did_not_run    no base record for ANY game on 2026-08-01 at T-24h
  2026-08-01 PHX v NYL T-8h    missing_job_did_not_run    no base record for ANY game on 2026-08-01 at T-8h
  2026-08-01 PHX v NYL T-30m   missing_job_did_not_run    no base record for ANY game on 2026-08-01 at T-30m
  2026-08-02 DAL v CON T-24h   missing_job_did_not_run    no base record for ANY game on 2026-08-02 at T-24h
  2026-08-02 DAL v CON T-8h    missing_job_did_not_run    no base record for ANY game on 2026-08-02 at T-8h
  2026-08-02 DAL v CON T-90m   missing_job_did_not_run    no base record for ANY game on 2026-08-02 at T-90m
  2026-08-02 DAL v CON T-30m   missing_job_did_not_run    no base record for ANY game on 2026-08-02 at T-30m
  2026-08-02 GSV v TOR T-24h   missing_job_did_not_run    no base record for ANY game on 2026-08-02 at T-24h
  2026-08-02 GSV v TOR T-8h    missing_job_did_not_run    no base record for ANY game on 2026-08-02 at T-8h
  2026-08-02 GSV v TOR T-90m   missing_job_did_not_run    no base record for ANY game on 2026-08-02 at T-90m
  2026-08-02 GSV v TOR T-30m   missing_job_did_not_run    no base record for ANY game on 2026-08-02 at T-30m
  2026-08-02 MIN v IND T-24h   missing_job_did_not_run    no base record for ANY game on 2026-08-02 at T-24h
  2026-08-02 MIN v IND T-8h    missing_job_did_not_run    no base record for ANY game on 2026-08-02 at T-8h
  2026-08-02 MIN v IND T-90m   missing_job_did_not_run    no base record for ANY game on 2026-08-02 at T-90m
  2026-08-02 MIN v IND T-30m   missing_job_did_not_run    no base record for ANY game on 2026-08-02 at T-30m
  2026-08-02 PDX v LAS T-24h   missing_job_did_not_run    no base record for ANY game on 2026-08-02 at T-24h
  2026-08-02 PDX v LAS T-8h    missing_job_did_not_run    no base record for ANY game on 2026-08-02 at T-8h
  2026-08-02 PDX v LAS T-90m   missing_job_did_not_run    no base record for ANY game on 2026-08-02 at T-90m
  2026-08-02 PDX v LAS T-30m   missing_job_did_not_run    no base record for ANY game on 2026-08-02 at T-30m
  2026-08-03 NYL v SEA T-24h   missing_job_did_not_run    no base record for ANY game on 2026-08-03 at T-24h
  2026-08-03 NYL v SEA T-30m   late_record                created 2026-08-03T22:45:08.958486+00:00 after cutoff
  2026-08-03 ATL v LVA T-24h   missing_job_did_not_run    no base record for ANY game on 2026-08-03 at T-24h
  2026-08-03 ATL v LVA T-30m   late_record                created 2026-08-03T22:45:08.976775+00:00 after cutoff
  2026-08-03 CHI v PHX T-24h   missing_job_did_not_run    no base record for ANY game on 2026-08-03 at T-24h
  2026-08-03 CHI v PHX T-30m   missing_data_unavailable   job served 2 other game(s) on 2026-08-03 at T-30m
  2026-08-04 GSV v TOR T-24h   missing_job_did_not_run    no base record for ANY game on 2026-08-04 at T-24h
  2026-08-05 WAS v DAL T-24h   missing_job_did_not_run    no base record for ANY game on 2026-08-05 at T-24h
  2026-08-05 NYL v SEA T-24h   missing_job_did_not_run    no base record for ANY game on 2026-08-05 at T-24h
  2026-08-05 NYL v SEA T-30m   late_record                created 2026-08-05T22:45:07.299457+00:00 after cutoff
  2026-08-05 ATL v PHX T-24h   missing_job_did_not_run    no base record for ANY game on 2026-08-05 at T-24h
  2026-08-05 ATL v PHX T-30m   late_record                created 2026-08-05T22:45:07.274521+00:00 after cutoff
  2026-08-05 CHI v LAS T-24h   missing_job_did_not_run    no base record for ANY game on 2026-08-05 at T-24h
  2026-08-05 CHI v LAS T-30m   missing_data_unavailable   job served 3 other game(s) on 2026-08-05 at T-30m
  2026-08-06 IND v LVA T-24h   missing_job_did_not_run    no base record for ANY game on 2026-08-06 at T-24h
  2026-08-06 IND v LVA T-30m   late_record                created 2026-08-06T22:45:09.382682+00:00 after cutoff
  2026-08-06 PDX v TOR T-24h   missing_job_did_not_run    no base record for ANY game on 2026-08-06 at T-24h
  2026-08-06 MIN v LAS T-24h   missing_job_did_not_run    no base record for ANY game on 2026-08-06 at T-24h
  2026-08-06 MIN v LAS T-30m   missing_data_unavailable   job served 2 other game(s) on 2026-08-06 at T-30m
  2026-08-07 WAS v ATL T-24h   missing_job_did_not_run    no base record for ANY game on 2026-08-07 at T-24h
  2026-08-07 CON v PHX T-24h   missing_job_did_not_run    no base record for ANY game on 2026-08-07 at T-24h
  2026-08-07 DAL v GSV T-24h   missing_job_did_not_run    no base record for ANY game on 2026-08-07 at T-24h
  2026-08-08 CHI v IND T-24h   missing_job_did_not_run    no base record for ANY game on 2026-08-08 at T-24h
  2026-08-08 CHI v IND T-90m   missing_data_unavailable   job served 2 other game(s) on 2026-08-08 at T-90m
  2026-08-08 CHI v IND T-30m   missing_data_unavailable   job served 1 other game(s) on 2026-08-08 at T-30m
  2026-08-08 MIN v LVA T-24h   missing_job_did_not_run    no base record for ANY game on 2026-08-08 at T-24h
  2026-08-08 MIN v LVA T-30m   missing_data_unavailable   job served 1 other game(s) on 2026-08-08 at T-30m
  2026-08-08 PDX v SEA T-24h   missing_job_did_not_run    no base record for ANY game on 2026-08-08 at T-24h
  2026-08-09 WAS v PHX T-24h   missing_job_did_not_run    no base record for ANY game on 2026-08-09 at T-24h
  2026-08-09 WAS v PHX T-8h    missing_job_did_not_run    no base record for ANY game on 2026-08-09 at T-8h
  2026-08-09 WAS v PHX T-90m   missing_job_did_not_run    no base record for ANY game on 2026-08-09 at T-90m
  2026-08-09 WAS v PHX T-30m   missing_job_did_not_run    no base record for ANY game on 2026-08-09 at T-30m
  2026-08-09 LAS v GSV T-24h   missing_job_did_not_run    no base record for ANY game on 2026-08-09 at T-24h
  2026-08-09 LAS v GSV T-8h    missing_job_did_not_run    no base record for ANY game on 2026-08-09 at T-8h
  2026-08-09 LAS v GSV T-90m   missing_job_did_not_run    no base record for ANY game on 2026-08-09 at T-90m
  2026-08-09 LAS v GSV T-30m   missing_job_did_not_run    no base record for ANY game on 2026-08-09 at T-30m
  2026-08-09 NYL v LVA T-24h   missing_job_did_not_run    no base record for ANY game on 2026-08-09 at T-24h
  2026-08-09 NYL v LVA T-8h    missing_job_did_not_run    no base record for ANY game on 2026-08-09 at T-8h
  2026-08-09 NYL v LVA T-90m   missing_job_did_not_run    no base record for ANY game on 2026-08-09 at T-90m
  2026-08-09 NYL v LVA T-30m   missing_job_did_not_run    no base record for ANY game on 2026-08-09 at T-30m
  2026-08-09 MIN v DAL T-24h   missing_job_did_not_run    no base record for ANY game on 2026-08-09 at T-24h
  2026-08-09 MIN v DAL T-8h    missing_job_did_not_run    no base record for ANY game on 2026-08-09 at T-8h
  2026-08-09 MIN v DAL T-90m   missing_job_did_not_run    no base record for ANY game on 2026-08-09 at T-90m
  2026-08-09 MIN v DAL T-30m   missing_job_did_not_run    no base record for ANY game on 2026-08-09 at T-30m
  2026-08-15 WAS v LAS T-24h   missing_job_did_not_run    no base record for ANY game on 2026-08-15 at T-24h
  2026-08-15 WAS v LAS T-8h    missing_job_did_not_run    no base record for ANY game on 2026-08-15 at T-8h
  2026-08-15 LVA v MIN T-24h   missing_job_did_not_run    no base record for ANY game on 2026-08-15 at T-24h
  2026-08-15 LVA v MIN T-8h    missing_job_did_not_run    no base record for ANY game on 2026-08-15 at T-8h
  2026-08-16 ATL v IND T-24h   missing_job_did_not_run    no base record for ANY game on 2026-08-16 at T-24h
  2026-08-16 SEA v CHI T-24h   missing_job_did_not_run    no base record for ANY game on 2026-08-16 at T-24h

wrote forecasts/coverage_audit.csv and forecasts/coverage_receipt.json
[audit] exit=0 
==== Sat 08/15/2026 17:45:02.91 ==== 
[gate] 2026-08-15T21:45:03.802509+00:00  fire=False  -- would duplicate 2 already-served obligation(s); the base job cannot be scoped to one game; 5 slate game(s) have no official game_id and were served under a provisional id: WAS v LAS (2026-08-15) -> PROV-2026-08-15-LAS@WAS, LVA v MIN (2026-08-15) -> PROV-2026-08-15-MIN@LVA, ATL v IND (2026-08-16) -> PROV-2026-08-16-IND@ATL, SEA v CHI (2026-08-16) -> PROV-2026-08-16-CHI@SEA, PHX v PDX (2026-08-16) -> PROV-2026-08-16-PDX@PHX
       WAS v LAS      T-90m   SERVED   cutoff 2026-08-15T22:00:00 (+15 min) 
       LVA v MIN      T-90m   SERVED   cutoff 2026-08-15T22:30:00 (+45 min) 
       ATL v IND      T-24h   unserved cutoff 2026-08-15T21:00:00 (-45 min) 
       SEA v CHI      T-24h   unserved cutoff 2026-08-15T21:00:00 (-45 min) 
       PHX v PDX      T-24h   unserved cutoff 2026-08-15T23:00:00 (+75 min) 
[gate] HOLDING: firing now would append 2 permanent duplicate record(s) to an append-only chain. A missed obligation is recoverable; a duplicate is not.
[gate] skipping the base job
[base] skipped - no unserved obligation in its lead window 
[base] exit=0 
================================================================================================
PROSPECTIVE PAIR RUNNER  2026-08-15T21:45:05.028009+00:00  model=ridge_score_level_w2c1_v1 hash=5d295bb8b99cd34e
================================================================================================
base records in official chain: 66
  late_prevented #0 ATL v SEA @ T-8h                cutoff 2026-07-31T15:35:00+00:00 already passed at 2026-08-1
  late_prevented #1 WAS v DAL @ T-8h                cutoff 2026-07-31T15:35:00+00:00 already passed at 2026-08-1
  late_prevented #2 PDX v IND @ T-8h                cutoff 2026-07-31T18:06:00+00:00 already passed at 2026-08-1
  late_prevented #3 ATL v SEA @ T-30m               cutoff 2026-07-31T23:05:00+00:00 already passed at 2026-08-1
  late_prevented #4 WAS v DAL @ T-30m               cutoff 2026-07-31T23:05:00+00:00 already passed at 2026-08-1
  late_prevented #5 PDX v IND @ T-90m               cutoff 2026-08-01T00:36:00+00:00 already passed at 2026-08-1
  late_prevented #6 CHI v LVA @ T-90m               cutoff 2026-08-01T15:35:00+00:00 already passed at 2026-08-1
  late_prevented #7 PHX v NYL @ T-90m               cutoff 2026-08-01T17:34:00+00:00 already passed at 2026-08-1
  skip           #8 CHI v LVA @ unknown-tip         base record is an explicit no-forecast; nothing to pair
  skip           #9 PHX v NYL @ unknown-tip         base record is an explicit no-forecast; nothing to pair
  late_prevented #10 NYL v SEA @ T-8h               cutoff 2026-08-03T15:04:00+00:00 already passed at 2026-08-1
  late_prevented #11 ATL v LVA @ T-8h               cutoff 2026-08-03T15:14:00+00:00 already passed at 2026-08-1
  late_prevented #12 CHI v PHX @ T-8h               cutoff 2026-08-03T17:08:00+00:00 already passed at 2026-08-1
  already_logged #13 NYL v SEA @ T-90m              idempotent: pair exists
  already_logged #14 ATL v LVA @ T-90m              idempotent: pair exists
  already_logged #15 CHI v PHX @ T-90m              idempotent: pair exists
  already_logged #16 NYL v SEA @ T-90m              idempotent: pair exists
  already_logged #17 ATL v LVA @ T-90m              idempotent: pair exists
  already_logged #18 CHI v PHX @ T-90m              idempotent: pair exists
  late_prevented #19 NYL v SEA @ T-30m              cutoff 2026-08-03T22:34:00+00:00 already passed at 2026-08-1
  late_prevented #20 ATL v LVA @ T-30m              cutoff 2026-08-03T22:44:00+00:00 already passed at 2026-08-1
  already_logged #21 CHI v PHX @ T-90m              idempotent: pair exists
  already_logged #22 GSV v TOR @ T-8h               idempotent: pair exists
  already_logged #23 GSV v TOR @ T-90m              idempotent: pair exists
  already_logged #24 GSV v TOR @ T-30m              idempotent: pair exists
  already_logged #25 ATL v PHX @ T-8h               idempotent: pair exists
  already_logged #26 NYL v SEA @ T-8h               idempotent: pair exists
  already_logged #27 WAS v DAL @ T-8h               idempotent: pair exists
  already_logged #28 CHI v LAS @ T-8h               idempotent: pair exists
  already_logged #29 ATL v PHX @ T-90m              idempotent: pair exists
  already_logged #30 NYL v SEA @ T-90m              idempotent: pair exists
  already_logged #31 WAS v DAL @ T-90m              idempotent: pair exists
  already_logged #32 CHI v LAS @ T-90m              idempotent: pair exists
  late_prevented #33 ATL v PHX @ T-30m              cutoff 2026-08-05T22:33:00+00:00 already passed at 2026-08-1
  late_prevented #34 NYL v SEA @ T-30m              cutoff 2026-08-05T22:38:00+00:00 already passed at 2026-08-1
  already_logged #35 WAS v DAL @ T-30m              idempotent: pair exists
  already_logged #36 CHI v LAS @ T-90m              idempotent: pair exists
  already_logged #37 IND v LVA @ T-8h               idempotent: pair exists
  already_logged #38 MIN v LAS @ T-8h               idempotent: pair exists
  already_logged #39 PDX v TOR @ T-8h               idempotent: pair exists
  already_logged #40 IND v LVA @ T-90m              idempotent: pair exists
  already_logged #41 MIN v LAS @ T-90m              idempotent: pair exists
  already_logged #42 PDX v TOR @ T-90m              idempotent: pair exists
  late_prevented #43 IND v LVA @ T-30m              cutoff 2026-08-06T22:36:00+00:00 already passed at 2026-08-1
  already_logged #44 PDX v TOR @ T-30m              idempotent: pair exists
  already_logged #45 CON v PHX @ T-8h               idempotent: pair exists
  already_logged #46 WAS v ATL @ T-8h               idempotent: pair exists
  already_logged #47 DAL v GSV @ T-8h               idempotent: pair exists
  already_logged #48 CON v PHX @ T-90m              idempotent: pair exists
  already_logged #49 WAS v ATL @ T-90m              idempotent: pair exists
  already_logged #50 DAL v GSV @ T-90m              idempotent: pair exists
  already_logged #51 CON v PHX @ T-30m              idempotent: pair exists
  already_logged #52 WAS v ATL @ T-30m              idempotent: pair exists
  already_logged #53 DAL v GSV @ T-30m              idempotent: pair exists
  already_logged #54 MIN v LVA @ T-8h               idempotent: pair exists
  already_logged #55 CHI v IND @ T-8h               idempotent: pair exists
  already_logged #56 PDX v SEA @ T-8h               idempotent: pair exists
  already_logged #57 MIN v LVA @ T-90m              idempotent: pair exists
  late_prevented #58 CHI v IND @ T-8h               cutoff 2026-08-08T11:35:00+00:00 already passed at 2026-08-1
  already_logged #59 PDX v SEA @ T-8h               idempotent: pair exists
  already_logged #60 PDX v SEA @ T-90m              idempotent: pair exists
  skip           #61 CHI v IND @ unknown-tip        base record is an explicit no-forecast; nothing to pair
  skip           #62 MIN v LVA @ unknown-tip        base record is an explicit no-forecast; nothing to pair
  already_logged #63 PDX v SEA @ T-30m              idempotent: pair exists
  already_logged #64 WAS v LAS @ T-90m              idempotent: pair exists
  already_logged #65 LVA v MIN @ T-90m              idempotent: pair exists

  already_logged=45, late_prevented=17, skip=4
  arm chain: ok=True n=40 tip=1f9e219dcf0d4956
  receipt appended to prospective_pair_runs.jsonl
[arm] exit=0 
====================================================================================================
FORECAST COVERAGE AUDIT   generated 2026-08-15T21:45:06.216934+00:00
====================================================================================================

CUMULATIVE by classification
  missing_job_did_not_run      61
  forecast_logged              48
  before_period_start          15
  not_yet_due                  14
  missing_data_unavailable     9
  late_record                  5

  obligations 152 | due 123 | served 48 | coverage 39.0%
  operational misses 61 | unexplained 0
  PROMOTION-GRADE: NO   (needs >= 95% served, <= 0 operational misses, all explained)

DAILY
  date         oblig  served     due     excl    opmiss arm_recs
  2026-07-30      12       0       0       12         0        0
  2026-07-31      12       6       9        3         0        0
  2026-08-01       8       2       8        0         6        0
  2026-08-02      16       0      16        0        16        0
  2026-08-03      12       6      12        0         3        3
  2026-08-04       4       3       4        0         1        3
  2026-08-05      16       9      16        0         4        9
  2026-08-06      12       7      12        0         3        7
  2026-08-07      12       9      12        0         3        9
  2026-08-08      12       6      12        0         3        4
  2026-08-09      16       0      16        0        16        0
  2026-08-15       8       0       4        4         4        0
  2026-08-16      12       0       2       10         2        0

EVERY MISSING OR IRREGULAR OBLIGATION (each must carry an explanation)
  2026-07-31 ATL v SEA T-90m   missing_data_unavailable   job served 1 other game(s) on 2026-07-31 at T-90m
  2026-07-31 WAS v DAL T-90m   missing_data_unavailable   job served 1 other game(s) on 2026-07-31 at T-90m
  2026-07-31 PDX v IND T-30m   missing_data_unavailable   job served 2 other game(s) on 2026-07-31 at T-30m
  2026-08-01 CHI v LVA T-24h   missing_job_did_not_run    no base record for ANY game on 2026-08-01 at T-24h
  2026-08-01 CHI v LVA T-8h    missing_job_did_not_run    no base record for ANY game on 2026-08-01 at T-8h
  2026-08-01 CHI v LVA T-30m   missing_job_did_not_run    no base record for ANY game on 2026-08-01 at T-30m
  2026-08-01 PHX v NYL T-24h   missing_job_did_not_run    no base record for ANY game on 2026-08-01 at T-24h
  2026-08-01 PHX v NYL T-8h    missing_job_did_not_run    no base record for ANY game on 2026-08-01 at T-8h
  2026-08-01 PHX v NYL T-30m   missing_job_did_not_run    no base record for ANY game on 2026-08-01 at T-30m
  2026-08-02 DAL v CON T-24h   missing_job_did_not_run    no base record for ANY game on 2026-08-02 at T-24h
  2026-08-02 DAL v CON T-8h    missing_job_did_not_run    no base record for ANY game on 2026-08-02 at T-8h
  2026-08-02 DAL v CON T-90m   missing_job_did_not_run    no base record for ANY game on 2026-08-02 at T-90m
  2026-08-02 DAL v CON T-30m   missing_job_did_not_run    no base record for ANY game on 2026-08-02 at T-30m
  2026-08-02 GSV v TOR T-24h   missing_job_did_not_run    no base record for ANY game on 2026-08-02 at T-24h
  2026-08-02 GSV v TOR T-8h    missing_job_did_not_run    no base record for ANY game on 2026-08-02 at T-8h
  2026-08-02 GSV v TOR T-90m   missing_job_did_not_run    no base record for ANY game on 2026-08-02 at T-90m
  2026-08-02 GSV v TOR T-30m   missing_job_did_not_run    no base record for ANY game on 2026-08-02 at T-30m
  2026-08-02 MIN v IND T-24h   missing_job_did_not_run    no base record for ANY game on 2026-08-02 at T-24h
  2026-08-02 MIN v IND T-8h    missing_job_did_not_run    no base record for ANY game on 2026-08-02 at T-8h
  2026-08-02 MIN v IND T-90m   missing_job_did_not_run    no base record for ANY game on 2026-08-02 at T-90m
  2026-08-02 MIN v IND T-30m   missing_job_did_not_run    no base record for ANY game on 2026-08-02 at T-30m
  2026-08-02 PDX v LAS T-24h   missing_job_did_not_run    no base record for ANY game on 2026-08-02 at T-24h
  2026-08-02 PDX v LAS T-8h    missing_job_did_not_run    no base record for ANY game on 2026-08-02 at T-8h
  2026-08-02 PDX v LAS T-90m   missing_job_did_not_run    no base record for ANY game on 2026-08-02 at T-90m
  2026-08-02 PDX v LAS T-30m   missing_job_did_not_run    no base record for ANY game on 2026-08-02 at T-30m
  2026-08-03 NYL v SEA T-24h   missing_job_did_not_run    no base record for ANY game on 2026-08-03 at T-24h
  2026-08-03 NYL v SEA T-30m   late_record                created 2026-08-03T22:45:08.958486+00:00 after cutoff
  2026-08-03 ATL v LVA T-24h   missing_job_did_not_run    no base record for ANY game on 2026-08-03 at T-24h
  2026-08-03 ATL v LVA T-30m   late_record                created 2026-08-03T22:45:08.976775+00:00 after cutoff
  2026-08-03 CHI v PHX T-24h   missing_job_did_not_run    no base record for ANY game on 2026-08-03 at T-24h
  2026-08-03 CHI v PHX T-30m   missing_data_unavailable   job served 2 other game(s) on 2026-08-03 at T-30m
  2026-08-04 GSV v TOR T-24h   missing_job_did_not_run    no base record for ANY game on 2026-08-04 at T-24h
  2026-08-05 WAS v DAL T-24h   missing_job_did_not_run    no base record for ANY game on 2026-08-05 at T-24h
  2026-08-05 NYL v SEA T-24h   missing_job_did_not_run    no base record for ANY game on 2026-08-05 at T-24h
  2026-08-05 NYL v SEA T-30m   late_record                created 2026-08-05T22:45:07.299457+00:00 after cutoff
  2026-08-05 ATL v PHX T-24h   missing_job_did_not_run    no base record for ANY game on 2026-08-05 at T-24h
  2026-08-05 ATL v PHX T-30m   late_record                created 2026-08-05T22:45:07.274521+00:00 after cutoff
  2026-08-05 CHI v LAS T-24h   missing_job_did_not_run    no base record for ANY game on 2026-08-05 at T-24h
  2026-08-05 CHI v LAS T-30m   missing_data_unavailable   job served 3 other game(s) on 2026-08-05 at T-30m
  2026-08-06 IND v LVA T-24h   missing_job_did_not_run    no base record for ANY game on 2026-08-06 at T-24h
  2026-08-06 IND v LVA T-30m   late_record                created 2026-08-06T22:45:09.382682+00:00 after cutoff
  2026-08-06 PDX v TOR T-24h   missing_job_did_not_run    no base record for ANY game on 2026-08-06 at T-24h
  2026-08-06 MIN v LAS T-24h   missing_job_did_not_run    no base record for ANY game on 2026-08-06 at T-24h
  2026-08-06 MIN v LAS T-30m   missing_data_unavailable   job served 2 other game(s) on 2026-08-06 at T-30m
  2026-08-07 WAS v ATL T-24h   missing_job_did_not_run    no base record for ANY game on 2026-08-07 at T-24h
  2026-08-07 CON v PHX T-24h   missing_job_did_not_run    no base record for ANY game on 2026-08-07 at T-24h
  2026-08-07 DAL v GSV T-24h   missing_job_did_not_run    no base record for ANY game on 2026-08-07 at T-24h
  2026-08-08 CHI v IND T-24h   missing_job_did_not_run    no base record for ANY game on 2026-08-08 at T-24h
  2026-08-08 CHI v IND T-90m   missing_data_unavailable   job served 2 other game(s) on 2026-08-08 at T-90m
  2026-08-08 CHI v IND T-30m   missing_data_unavailable   job served 1 other game(s) on 2026-08-08 at T-30m
  2026-08-08 MIN v LVA T-24h   missing_job_did_not_run    no base record for ANY game on 2026-08-08 at T-24h
  2026-08-08 MIN v LVA T-30m   missing_data_unavailable   job served 1 other game(s) on 2026-08-08 at T-30m
  2026-08-08 PDX v SEA T-24h   missing_job_did_not_run    no base record for ANY game on 2026-08-08 at T-24h
  2026-08-09 WAS v PHX T-24h   missing_job_did_not_run    no base record for ANY game on 2026-08-09 at T-24h
  2026-08-09 WAS v PHX T-8h    missing_job_did_not_run    no base record for ANY game on 2026-08-09 at T-8h
  2026-08-09 WAS v PHX T-90m   missing_job_did_not_run    no base record for ANY game on 2026-08-09 at T-90m
  2026-08-09 WAS v PHX T-30m   missing_job_did_not_run    no base record for ANY game on 2026-08-09 at T-30m
  2026-08-09 LAS v GSV T-24h   missing_job_did_not_run    no base record for ANY game on 2026-08-09 at T-24h
  2026-08-09 LAS v GSV T-8h    missing_job_did_not_run    no base record for ANY game on 2026-08-09 at T-8h
  2026-08-09 LAS v GSV T-90m   missing_job_did_not_run    no base record for ANY game on 2026-08-09 at T-90m
  2026-08-09 LAS v GSV T-30m   missing_job_did_not_run    no base record for ANY game on 2026-08-09 at T-30m
  2026-08-09 NYL v LVA T-24h   missing_job_did_not_run    no base record for ANY game on 2026-08-09 at T-24h
  2026-08-09 NYL v LVA T-8h    missing_job_did_not_run    no base record for ANY game on 2026-08-09 at T-8h
  2026-08-09 NYL v LVA T-90m   missing_job_did_not_run    no base record for ANY game on 2026-08-09 at T-90m
  2026-08-09 NYL v LVA T-30m   missing_job_did_not_run    no base record for ANY game on 2026-08-09 at T-30m
  2026-08-09 MIN v DAL T-24h   missing_job_did_not_run    no base record for ANY game on 2026-08-09 at T-24h
  2026-08-09 MIN v DAL T-8h    missing_job_did_not_run    no base record for ANY game on 2026-08-09 at T-8h
  2026-08-09 MIN v DAL T-90m   missing_job_did_not_run    no base record for ANY game on 2026-08-09 at T-90m
  2026-08-09 MIN v DAL T-30m   missing_job_did_not_run    no base record for ANY game on 2026-08-09 at T-30m
  2026-08-15 WAS v LAS T-24h   missing_job_did_not_run    no base record for ANY game on 2026-08-15 at T-24h
  2026-08-15 WAS v LAS T-8h    missing_job_did_not_run    no base record for ANY game on 2026-08-15 at T-8h
  2026-08-15 LVA v MIN T-24h   missing_job_did_not_run    no base record for ANY game on 2026-08-15 at T-24h
  2026-08-15 LVA v MIN T-8h    missing_job_did_not_run    no base record for ANY game on 2026-08-15 at T-8h
  2026-08-16 ATL v IND T-24h   missing_job_did_not_run    no base record for ANY game on 2026-08-16 at T-24h
  2026-08-16 SEA v CHI T-24h   missing_job_did_not_run    no base record for ANY game on 2026-08-16 at T-24h

wrote forecasts/coverage_audit.csv and forecasts/coverage_receipt.json
[audit] exit=0 
==== Sat 08/15/2026 18:00:03.14 ==== 
[gate] 2026-08-15T22:00:04.072077+00:00  fire=False  -- would duplicate 2 already-served obligation(s); the base job cannot be scoped to one game; 5 slate game(s) have no official game_id and were served under a provisional id: WAS v LAS (2026-08-15) -> PROV-2026-08-15-LAS@WAS, LVA v MIN (2026-08-15) -> PROV-2026-08-15-MIN@LVA, ATL v IND (2026-08-16) -> PROV-2026-08-16-IND@ATL, SEA v CHI (2026-08-16) -> PROV-2026-08-16-CHI@SEA, PHX v PDX (2026-08-16) -> PROV-2026-08-16-PDX@PHX
       WAS v LAS      T-90m   SERVED   cutoff 2026-08-15T22:00:00 (-0 min) 
       LVA v MIN      T-90m   SERVED   cutoff 2026-08-15T22:30:00 (+30 min) 
       ATL v IND      T-24h   unserved cutoff 2026-08-15T21:00:00 (-60 min) 
       SEA v CHI      T-24h   unserved cutoff 2026-08-15T21:00:00 (-60 min) 
       PHX v PDX      T-24h   unserved cutoff 2026-08-15T23:00:00 (+60 min) 
[gate] HOLDING: firing now would append 2 permanent duplicate record(s) to an append-only chain. A missed obligation is recoverable; a duplicate is not.
[gate] skipping the base job
[base] skipped - no unserved obligation in its lead window 
[base] exit=0 
================================================================================================
PROSPECTIVE PAIR RUNNER  2026-08-15T22:00:05.125083+00:00  model=ridge_score_level_w2c1_v1 hash=5d295bb8b99cd34e
================================================================================================
base records in official chain: 66
  late_prevented #0 ATL v SEA @ T-8h                cutoff 2026-07-31T15:35:00+00:00 already passed at 2026-08-1
  late_prevented #1 WAS v DAL @ T-8h                cutoff 2026-07-31T15:35:00+00:00 already passed at 2026-08-1
  late_prevented #2 PDX v IND @ T-8h                cutoff 2026-07-31T18:06:00+00:00 already passed at 2026-08-1
  late_prevented #3 ATL v SEA @ T-30m               cutoff 2026-07-31T23:05:00+00:00 already passed at 2026-08-1
  late_prevented #4 WAS v DAL @ T-30m               cutoff 2026-07-31T23:05:00+00:00 already passed at 2026-08-1
  late_prevented #5 PDX v IND @ T-90m               cutoff 2026-08-01T00:36:00+00:00 already passed at 2026-08-1
  late_prevented #6 CHI v LVA @ T-90m               cutoff 2026-08-01T15:35:00+00:00 already passed at 2026-08-1
  late_prevented #7 PHX v NYL @ T-90m               cutoff 2026-08-01T17:34:00+00:00 already passed at 2026-08-1
  skip           #8 CHI v LVA @ unknown-tip         base record is an explicit no-forecast; nothing to pair
  skip           #9 PHX v NYL @ unknown-tip         base record is an explicit no-forecast; nothing to pair
  late_prevented #10 NYL v SEA @ T-8h               cutoff 2026-08-03T15:04:00+00:00 already passed at 2026-08-1
  late_prevented #11 ATL v LVA @ T-8h               cutoff 2026-08-03T15:14:00+00:00 already passed at 2026-08-1
  late_prevented #12 CHI v PHX @ T-8h               cutoff 2026-08-03T17:08:00+00:00 already passed at 2026-08-1
  already_logged #13 NYL v SEA @ T-90m              idempotent: pair exists
  already_logged #14 ATL v LVA @ T-90m              idempotent: pair exists
  already_logged #15 CHI v PHX @ T-90m              idempotent: pair exists
  already_logged #16 NYL v SEA @ T-90m              idempotent: pair exists
  already_logged #17 ATL v LVA @ T-90m              idempotent: pair exists
  already_logged #18 CHI v PHX @ T-90m              idempotent: pair exists
  late_prevented #19 NYL v SEA @ T-30m              cutoff 2026-08-03T22:34:00+00:00 already passed at 2026-08-1
  late_prevented #20 ATL v LVA @ T-30m              cutoff 2026-08-03T22:44:00+00:00 already passed at 2026-08-1
  already_logged #21 CHI v PHX @ T-90m              idempotent: pair exists
  already_logged #22 GSV v TOR @ T-8h               idempotent: pair exists
  already_logged #23 GSV v TOR @ T-90m              idempotent: pair exists
  already_logged #24 GSV v TOR @ T-30m              idempotent: pair exists
  already_logged #25 ATL v PHX @ T-8h               idempotent: pair exists
  already_logged #26 NYL v SEA @ T-8h               idempotent: pair exists
  already_logged #27 WAS v DAL @ T-8h               idempotent: pair exists
  already_logged #28 CHI v LAS @ T-8h               idempotent: pair exists
  already_logged #29 ATL v PHX @ T-90m              idempotent: pair exists
  already_logged #30 NYL v SEA @ T-90m              idempotent: pair exists
  already_logged #31 WAS v DAL @ T-90m              idempotent: pair exists
  already_logged #32 CHI v LAS @ T-90m              idempotent: pair exists
  late_prevented #33 ATL v PHX @ T-30m              cutoff 2026-08-05T22:33:00+00:00 already passed at 2026-08-1
  late_prevented #34 NYL v SEA @ T-30m              cutoff 2026-08-05T22:38:00+00:00 already passed at 2026-08-1
  already_logged #35 WAS v DAL @ T-30m              idempotent: pair exists
  already_logged #36 CHI v LAS @ T-90m              idempotent: pair exists
  already_logged #37 IND v LVA @ T-8h               idempotent: pair exists
  already_logged #38 MIN v LAS @ T-8h               idempotent: pair exists
  already_logged #39 PDX v TOR @ T-8h               idempotent: pair exists
  already_logged #40 IND v LVA @ T-90m              idempotent: pair exists
  already_logged #41 MIN v LAS @ T-90m              idempotent: pair exists
  already_logged #42 PDX v TOR @ T-90m              idempotent: pair exists
  late_prevented #43 IND v LVA @ T-30m              cutoff 2026-08-06T22:36:00+00:00 already passed at 2026-08-1
  already_logged #44 PDX v TOR @ T-30m              idempotent: pair exists
  already_logged #45 CON v PHX @ T-8h               idempotent: pair exists
  already_logged #46 WAS v ATL @ T-8h               idempotent: pair exists
  already_logged #47 DAL v GSV @ T-8h               idempotent: pair exists
  already_logged #48 CON v PHX @ T-90m              idempotent: pair exists
  already_logged #49 WAS v ATL @ T-90m              idempotent: pair exists
  already_logged #50 DAL v GSV @ T-90m              idempotent: pair exists
  already_logged #51 CON v PHX @ T-30m              idempotent: pair exists
  already_logged #52 WAS v ATL @ T-30m              idempotent: pair exists
  already_logged #53 DAL v GSV @ T-30m              idempotent: pair exists
  already_logged #54 MIN v LVA @ T-8h               idempotent: pair exists
  already_logged #55 CHI v IND @ T-8h               idempotent: pair exists
  already_logged #56 PDX v SEA @ T-8h               idempotent: pair exists
  already_logged #57 MIN v LVA @ T-90m              idempotent: pair exists
  late_prevented #58 CHI v IND @ T-8h               cutoff 2026-08-08T11:35:00+00:00 already passed at 2026-08-1
  already_logged #59 PDX v SEA @ T-8h               idempotent: pair exists
  already_logged #60 PDX v SEA @ T-90m              idempotent: pair exists
  skip           #61 CHI v IND @ unknown-tip        base record is an explicit no-forecast; nothing to pair
  skip           #62 MIN v LVA @ unknown-tip        base record is an explicit no-forecast; nothing to pair
  already_logged #63 PDX v SEA @ T-30m              idempotent: pair exists
  already_logged #64 WAS v LAS @ T-90m              idempotent: pair exists
  already_logged #65 LVA v MIN @ T-90m              idempotent: pair exists

  already_logged=45, late_prevented=17, skip=4
  arm chain: ok=True n=40 tip=1f9e219dcf0d4956
  receipt appended to prospective_pair_runs.jsonl
[arm] exit=0 
====================================================================================================
FORECAST COVERAGE AUDIT   generated 2026-08-15T22:00:06.162486+00:00
====================================================================================================

CUMULATIVE by classification
  missing_job_did_not_run      62
  forecast_logged              48
  before_period_start          15
  not_yet_due                  13
  missing_data_unavailable     9
  late_record                  5

  obligations 152 | due 124 | served 48 | coverage 38.7%
  operational misses 62 | unexplained 0
  PROMOTION-GRADE: NO   (needs >= 95% served, <= 0 operational misses, all explained)

DAILY
  date         oblig  served     due     excl    opmiss arm_recs
  2026-07-30      12       0       0       12         0        0
  2026-07-31      12       6       9        3         0        0
  2026-08-01       8       2       8        0         6        0
  2026-08-02      16       0      16        0        16        0
  2026-08-03      12       6      12        0         3        3
  2026-08-04       4       3       4        0         1        3
  2026-08-05      16       9      16        0         4        9
  2026-08-06      12       7      12        0         3        7
  2026-08-07      12       9      12        0         3        9
  2026-08-08      12       6      12        0         3        4
  2026-08-09      16       0      16        0        16        0
  2026-08-15       8       0       5        3         5        0
  2026-08-16      12       0       2       10         2        0

EVERY MISSING OR IRREGULAR OBLIGATION (each must carry an explanation)
  2026-07-31 ATL v SEA T-90m   missing_data_unavailable   job served 1 other game(s) on 2026-07-31 at T-90m
  2026-07-31 WAS v DAL T-90m   missing_data_unavailable   job served 1 other game(s) on 2026-07-31 at T-90m
  2026-07-31 PDX v IND T-30m   missing_data_unavailable   job served 2 other game(s) on 2026-07-31 at T-30m
  2026-08-01 CHI v LVA T-24h   missing_job_did_not_run    no base record for ANY game on 2026-08-01 at T-24h
  2026-08-01 CHI v LVA T-8h    missing_job_did_not_run    no base record for ANY game on 2026-08-01 at T-8h
  2026-08-01 CHI v LVA T-30m   missing_job_did_not_run    no base record for ANY game on 2026-08-01 at T-30m
  2026-08-01 PHX v NYL T-24h   missing_job_did_not_run    no base record for ANY game on 2026-08-01 at T-24h
  2026-08-01 PHX v NYL T-8h    missing_job_did_not_run    no base record for ANY game on 2026-08-01 at T-8h
  2026-08-01 PHX v NYL T-30m   missing_job_did_not_run    no base record for ANY game on 2026-08-01 at T-30m
  2026-08-02 DAL v CON T-24h   missing_job_did_not_run    no base record for ANY game on 2026-08-02 at T-24h
  2026-08-02 DAL v CON T-8h    missing_job_did_not_run    no base record for ANY game on 2026-08-02 at T-8h
  2026-08-02 DAL v CON T-90m   missing_job_did_not_run    no base record for ANY game on 2026-08-02 at T-90m
  2026-08-02 DAL v CON T-30m   missing_job_did_not_run    no base record for ANY game on 2026-08-02 at T-30m
  2026-08-02 GSV v TOR T-24h   missing_job_did_not_run    no base record for ANY game on 2026-08-02 at T-24h
  2026-08-02 GSV v TOR T-8h    missing_job_did_not_run    no base record for ANY game on 2026-08-02 at T-8h
  2026-08-02 GSV v TOR T-90m   missing_job_did_not_run    no base record for ANY game on 2026-08-02 at T-90m
  2026-08-02 GSV v TOR T-30m   missing_job_did_not_run    no base record for ANY game on 2026-08-02 at T-30m
  2026-08-02 MIN v IND T-24h   missing_job_did_not_run    no base record for ANY game on 2026-08-02 at T-24h
  2026-08-02 MIN v IND T-8h    missing_job_did_not_run    no base record for ANY game on 2026-08-02 at T-8h
  2026-08-02 MIN v IND T-90m   missing_job_did_not_run    no base record for ANY game on 2026-08-02 at T-90m
  2026-08-02 MIN v IND T-30m   missing_job_did_not_run    no base record for ANY game on 2026-08-02 at T-30m
  2026-08-02 PDX v LAS T-24h   missing_job_did_not_run    no base record for ANY game on 2026-08-02 at T-24h
  2026-08-02 PDX v LAS T-8h    missing_job_did_not_run    no base record for ANY game on 2026-08-02 at T-8h
  2026-08-02 PDX v LAS T-90m   missing_job_did_not_run    no base record for ANY game on 2026-08-02 at T-90m
  2026-08-02 PDX v LAS T-30m   missing_job_did_not_run    no base record for ANY game on 2026-08-02 at T-30m
  2026-08-03 NYL v SEA T-24h   missing_job_did_not_run    no base record for ANY game on 2026-08-03 at T-24h
  2026-08-03 NYL v SEA T-30m   late_record                created 2026-08-03T22:45:08.958486+00:00 after cutoff
  2026-08-03 ATL v LVA T-24h   missing_job_did_not_run    no base record for ANY game on 2026-08-03 at T-24h
  2026-08-03 ATL v LVA T-30m   late_record                created 2026-08-03T22:45:08.976775+00:00 after cutoff
  2026-08-03 CHI v PHX T-24h   missing_job_did_not_run    no base record for ANY game on 2026-08-03 at T-24h
  2026-08-03 CHI v PHX T-30m   missing_data_unavailable   job served 2 other game(s) on 2026-08-03 at T-30m
  2026-08-04 GSV v TOR T-24h   missing_job_did_not_run    no base record for ANY game on 2026-08-04 at T-24h
  2026-08-05 WAS v DAL T-24h   missing_job_did_not_run    no base record for ANY game on 2026-08-05 at T-24h
  2026-08-05 NYL v SEA T-24h   missing_job_did_not_run    no base record for ANY game on 2026-08-05 at T-24h
  2026-08-05 NYL v SEA T-30m   late_record                created 2026-08-05T22:45:07.299457+00:00 after cutoff
  2026-08-05 ATL v PHX T-24h   missing_job_did_not_run    no base record for ANY game on 2026-08-05 at T-24h
  2026-08-05 ATL v PHX T-30m   late_record                created 2026-08-05T22:45:07.274521+00:00 after cutoff
  2026-08-05 CHI v LAS T-24h   missing_job_did_not_run    no base record for ANY game on 2026-08-05 at T-24h
  2026-08-05 CHI v LAS T-30m   missing_data_unavailable   job served 3 other game(s) on 2026-08-05 at T-30m
  2026-08-06 IND v LVA T-24h   missing_job_did_not_run    no base record for ANY game on 2026-08-06 at T-24h
  2026-08-06 IND v LVA T-30m   late_record                created 2026-08-06T22:45:09.382682+00:00 after cutoff
  2026-08-06 PDX v TOR T-24h   missing_job_did_not_run    no base record for ANY game on 2026-08-06 at T-24h
  2026-08-06 MIN v LAS T-24h   missing_job_did_not_run    no base record for ANY game on 2026-08-06 at T-24h
  2026-08-06 MIN v LAS T-30m   missing_data_unavailable   job served 2 other game(s) on 2026-08-06 at T-30m
  2026-08-07 WAS v ATL T-24h   missing_job_did_not_run    no base record for ANY game on 2026-08-07 at T-24h
  2026-08-07 CON v PHX T-24h   missing_job_did_not_run    no base record for ANY game on 2026-08-07 at T-24h
  2026-08-07 DAL v GSV T-24h   missing_job_did_not_run    no base record for ANY game on 2026-08-07 at T-24h
  2026-08-08 CHI v IND T-24h   missing_job_did_not_run    no base record for ANY game on 2026-08-08 at T-24h
  2026-08-08 CHI v IND T-90m   missing_data_unavailable   job served 2 other game(s) on 2026-08-08 at T-90m
  2026-08-08 CHI v IND T-30m   missing_data_unavailable   job served 1 other game(s) on 2026-08-08 at T-30m
  2026-08-08 MIN v LVA T-24h   missing_job_did_not_run    no base record for ANY game on 2026-08-08 at T-24h
  2026-08-08 MIN v LVA T-30m   missing_data_unavailable   job served 1 other game(s) on 2026-08-08 at T-30m
  2026-08-08 PDX v SEA T-24h   missing_job_did_not_run    no base record for ANY game on 2026-08-08 at T-24h
  2026-08-09 WAS v PHX T-24h   missing_job_did_not_run    no base record for ANY game on 2026-08-09 at T-24h
  2026-08-09 WAS v PHX T-8h    missing_job_did_not_run    no base record for ANY game on 2026-08-09 at T-8h
  2026-08-09 WAS v PHX T-90m   missing_job_did_not_run    no base record for ANY game on 2026-08-09 at T-90m
  2026-08-09 WAS v PHX T-30m   missing_job_did_not_run    no base record for ANY game on 2026-08-09 at T-30m
  2026-08-09 LAS v GSV T-24h   missing_job_did_not_run    no base record for ANY game on 2026-08-09 at T-24h
  2026-08-09 LAS v GSV T-8h    missing_job_did_not_run    no base record for ANY game on 2026-08-09 at T-8h
  2026-08-09 LAS v GSV T-90m   missing_job_did_not_run    no base record for ANY game on 2026-08-09 at T-90m
  2026-08-09 LAS v GSV T-30m   missing_job_did_not_run    no base record for ANY game on 2026-08-09 at T-30m
  2026-08-09 NYL v LVA T-24h   missing_job_did_not_run    no base record for ANY game on 2026-08-09 at T-24h
  2026-08-09 NYL v LVA T-8h    missing_job_did_not_run    no base record for ANY game on 2026-08-09 at T-8h
  2026-08-09 NYL v LVA T-90m   missing_job_did_not_run    no base record for ANY game on 2026-08-09 at T-90m
  2026-08-09 NYL v LVA T-30m   missing_job_did_not_run    no base record for ANY game on 2026-08-09 at T-30m
  2026-08-09 MIN v DAL T-24h   missing_job_did_not_run    no base record for ANY game on 2026-08-09 at T-24h
  2026-08-09 MIN v DAL T-8h    missing_job_did_not_run    no base record for ANY game on 2026-08-09 at T-8h
  2026-08-09 MIN v DAL T-90m   missing_job_did_not_run    no base record for ANY game on 2026-08-09 at T-90m
  2026-08-09 MIN v DAL T-30m   missing_job_did_not_run    no base record for ANY game on 2026-08-09 at T-30m
  2026-08-15 WAS v LAS T-24h   missing_job_did_not_run    no base record for ANY game on 2026-08-15 at T-24h
  2026-08-15 WAS v LAS T-8h    missing_job_did_not_run    no base record for ANY game on 2026-08-15 at T-8h
  2026-08-15 WAS v LAS T-90m   missing_job_did_not_run    no base record for ANY game on 2026-08-15 at T-90m
  2026-08-15 LVA v MIN T-24h   missing_job_did_not_run    no base record for ANY game on 2026-08-15 at T-24h
  2026-08-15 LVA v MIN T-8h    missing_job_did_not_run    no base record for ANY game on 2026-08-15 at T-8h
  2026-08-16 ATL v IND T-24h   missing_job_did_not_run    no base record for ANY game on 2026-08-16 at T-24h
  2026-08-16 SEA v CHI T-24h   missing_job_did_not_run    no base record for ANY game on 2026-08-16 at T-24h

wrote forecasts/coverage_audit.csv and forecasts/coverage_receipt.json
[audit] exit=0 
==== Sat 08/15/2026 18:15:02.86 ==== 
[gate] 2026-08-15T22:15:03.603177+00:00  fire=False  -- would duplicate 2 already-served obligation(s); the base job cannot be scoped to one game; 5 slate game(s) have no official game_id and were served under a provisional id: WAS v LAS (2026-08-15) -> PROV-2026-08-15-LAS@WAS, LVA v MIN (2026-08-15) -> PROV-2026-08-15-MIN@LVA, ATL v IND (2026-08-16) -> PROV-2026-08-16-IND@ATL, SEA v CHI (2026-08-16) -> PROV-2026-08-16-CHI@SEA, PHX v PDX (2026-08-16) -> PROV-2026-08-16-PDX@PHX
       WAS v LAS      T-90m   SERVED   cutoff 2026-08-15T22:00:00 (-15 min) 
       LVA v MIN      T-90m   SERVED   cutoff 2026-08-15T22:30:00 (+15 min) 
       ATL v IND      T-24h   unserved cutoff 2026-08-15T21:00:00 (-75 min) 
       SEA v CHI      T-24h   unserved cutoff 2026-08-15T21:00:00 (-75 min) 
       PHX v PDX      T-24h   unserved cutoff 2026-08-15T23:00:00 (+45 min) 
[gate] HOLDING: firing now would append 2 permanent duplicate record(s) to an append-only chain. A missed obligation is recoverable; a duplicate is not.
[gate] skipping the base job
[base] skipped - no unserved obligation in its lead window 
[base] exit=0 
================================================================================================
PROSPECTIVE PAIR RUNNER  2026-08-15T22:15:04.631354+00:00  model=ridge_score_level_w2c1_v1 hash=5d295bb8b99cd34e
================================================================================================
base records in official chain: 66
  late_prevented #0 ATL v SEA @ T-8h                cutoff 2026-07-31T15:35:00+00:00 already passed at 2026-08-1
  late_prevented #1 WAS v DAL @ T-8h                cutoff 2026-07-31T15:35:00+00:00 already passed at 2026-08-1
  late_prevented #2 PDX v IND @ T-8h                cutoff 2026-07-31T18:06:00+00:00 already passed at 2026-08-1
  late_prevented #3 ATL v SEA @ T-30m               cutoff 2026-07-31T23:05:00+00:00 already passed at 2026-08-1
  late_prevented #4 WAS v DAL @ T-30m               cutoff 2026-07-31T23:05:00+00:00 already passed at 2026-08-1
  late_prevented #5 PDX v IND @ T-90m               cutoff 2026-08-01T00:36:00+00:00 already passed at 2026-08-1
  late_prevented #6 CHI v LVA @ T-90m               cutoff 2026-08-01T15:35:00+00:00 already passed at 2026-08-1
  late_prevented #7 PHX v NYL @ T-90m               cutoff 2026-08-01T17:34:00+00:00 already passed at 2026-08-1
  skip           #8 CHI v LVA @ unknown-tip         base record is an explicit no-forecast; nothing to pair
  skip           #9 PHX v NYL @ unknown-tip         base record is an explicit no-forecast; nothing to pair
  late_prevented #10 NYL v SEA @ T-8h               cutoff 2026-08-03T15:04:00+00:00 already passed at 2026-08-1
  late_prevented #11 ATL v LVA @ T-8h               cutoff 2026-08-03T15:14:00+00:00 already passed at 2026-08-1
  late_prevented #12 CHI v PHX @ T-8h               cutoff 2026-08-03T17:08:00+00:00 already passed at 2026-08-1
  already_logged #13 NYL v SEA @ T-90m              idempotent: pair exists
  already_logged #14 ATL v LVA @ T-90m              idempotent: pair exists
  already_logged #15 CHI v PHX @ T-90m              idempotent: pair exists
  already_logged #16 NYL v SEA @ T-90m              idempotent: pair exists
  already_logged #17 ATL v LVA @ T-90m              idempotent: pair exists
  already_logged #18 CHI v PHX @ T-90m              idempotent: pair exists
  late_prevented #19 NYL v SEA @ T-30m              cutoff 2026-08-03T22:34:00+00:00 already passed at 2026-08-1
  late_prevented #20 ATL v LVA @ T-30m              cutoff 2026-08-03T22:44:00+00:00 already passed at 2026-08-1
  already_logged #21 CHI v PHX @ T-90m              idempotent: pair exists
  already_logged #22 GSV v TOR @ T-8h               idempotent: pair exists
  already_logged #23 GSV v TOR @ T-90m              idempotent: pair exists
  already_logged #24 GSV v TOR @ T-30m              idempotent: pair exists
  already_logged #25 ATL v PHX @ T-8h               idempotent: pair exists
  already_logged #26 NYL v SEA @ T-8h               idempotent: pair exists
  already_logged #27 WAS v DAL @ T-8h               idempotent: pair exists
  already_logged #28 CHI v LAS @ T-8h               idempotent: pair exists
  already_logged #29 ATL v PHX @ T-90m              idempotent: pair exists
  already_logged #30 NYL v SEA @ T-90m              idempotent: pair exists
  already_logged #31 WAS v DAL @ T-90m              idempotent: pair exists
  already_logged #32 CHI v LAS @ T-90m              idempotent: pair exists
  late_prevented #33 ATL v PHX @ T-30m              cutoff 2026-08-05T22:33:00+00:00 already passed at 2026-08-1
  late_prevented #34 NYL v SEA @ T-30m              cutoff 2026-08-05T22:38:00+00:00 already passed at 2026-08-1
  already_logged #35 WAS v DAL @ T-30m              idempotent: pair exists
  already_logged #36 CHI v LAS @ T-90m              idempotent: pair exists
  already_logged #37 IND v LVA @ T-8h               idempotent: pair exists
  already_logged #38 MIN v LAS @ T-8h               idempotent: pair exists
  already_logged #39 PDX v TOR @ T-8h               idempotent: pair exists
  already_logged #40 IND v LVA @ T-90m              idempotent: pair exists
  already_logged #41 MIN v LAS @ T-90m              idempotent: pair exists
  already_logged #42 PDX v TOR @ T-90m              idempotent: pair exists
  late_prevented #43 IND v LVA @ T-30m              cutoff 2026-08-06T22:36:00+00:00 already passed at 2026-08-1
  already_logged #44 PDX v TOR @ T-30m              idempotent: pair exists
  already_logged #45 CON v PHX @ T-8h               idempotent: pair exists
  already_logged #46 WAS v ATL @ T-8h               idempotent: pair exists
  already_logged #47 DAL v GSV @ T-8h               idempotent: pair exists
  already_logged #48 CON v PHX @ T-90m              idempotent: pair exists
  already_logged #49 WAS v ATL @ T-90m              idempotent: pair exists
  already_logged #50 DAL v GSV @ T-90m              idempotent: pair exists
  already_logged #51 CON v PHX @ T-30m              idempotent: pair exists
  already_logged #52 WAS v ATL @ T-30m              idempotent: pair exists
  already_logged #53 DAL v GSV @ T-30m              idempotent: pair exists
  already_logged #54 MIN v LVA @ T-8h               idempotent: pair exists
  already_logged #55 CHI v IND @ T-8h               idempotent: pair exists
  already_logged #56 PDX v SEA @ T-8h               idempotent: pair exists
  already_logged #57 MIN v LVA @ T-90m              idempotent: pair exists
  late_prevented #58 CHI v IND @ T-8h               cutoff 2026-08-08T11:35:00+00:00 already passed at 2026-08-1
  already_logged #59 PDX v SEA @ T-8h               idempotent: pair exists
  already_logged #60 PDX v SEA @ T-90m              idempotent: pair exists
  skip           #61 CHI v IND @ unknown-tip        base record is an explicit no-forecast; nothing to pair
  skip           #62 MIN v LVA @ unknown-tip        base record is an explicit no-forecast; nothing to pair
  already_logged #63 PDX v SEA @ T-30m              idempotent: pair exists
  already_logged #64 WAS v LAS @ T-90m              idempotent: pair exists
  already_logged #65 LVA v MIN @ T-90m              idempotent: pair exists

  already_logged=45, late_prevented=17, skip=4
  arm chain: ok=True n=40 tip=1f9e219dcf0d4956
  receipt appended to prospective_pair_runs.jsonl
[arm] exit=0 
====================================================================================================
FORECAST COVERAGE AUDIT   generated 2026-08-15T22:15:05.802616+00:00
====================================================================================================

CUMULATIVE by classification
  missing_job_did_not_run      62
  forecast_logged              48
  before_period_start          15
  not_yet_due                  13
  missing_data_unavailable     9
  late_record                  5

  obligations 152 | due 124 | served 48 | coverage 38.7%
  operational misses 62 | unexplained 0
  PROMOTION-GRADE: NO   (needs >= 95% served, <= 0 operational misses, all explained)

DAILY
  date         oblig  served     due     excl    opmiss arm_recs
  2026-07-30      12       0       0       12         0        0
  2026-07-31      12       6       9        3         0        0
  2026-08-01       8       2       8        0         6        0
  2026-08-02      16       0      16        0        16        0
  2026-08-03      12       6      12        0         3        3
  2026-08-04       4       3       4        0         1        3
  2026-08-05      16       9      16        0         4        9
  2026-08-06      12       7      12        0         3        7
  2026-08-07      12       9      12        0         3        9
  2026-08-08      12       6      12        0         3        4
  2026-08-09      16       0      16        0        16        0
  2026-08-15       8       0       5        3         5        0
  2026-08-16      12       0       2       10         2        0

EVERY MISSING OR IRREGULAR OBLIGATION (each must carry an explanation)
  2026-07-31 ATL v SEA T-90m   missing_data_unavailable   job served 1 other game(s) on 2026-07-31 at T-90m
  2026-07-31 WAS v DAL T-90m   missing_data_unavailable   job served 1 other game(s) on 2026-07-31 at T-90m
  2026-07-31 PDX v IND T-30m   missing_data_unavailable   job served 2 other game(s) on 2026-07-31 at T-30m
  2026-08-01 CHI v LVA T-24h   missing_job_did_not_run    no base record for ANY game on 2026-08-01 at T-24h
  2026-08-01 CHI v LVA T-8h    missing_job_did_not_run    no base record for ANY game on 2026-08-01 at T-8h
  2026-08-01 CHI v LVA T-30m   missing_job_did_not_run    no base record for ANY game on 2026-08-01 at T-30m
  2026-08-01 PHX v NYL T-24h   missing_job_did_not_run    no base record for ANY game on 2026-08-01 at T-24h
  2026-08-01 PHX v NYL T-8h    missing_job_did_not_run    no base record for ANY game on 2026-08-01 at T-8h
  2026-08-01 PHX v NYL T-30m   missing_job_did_not_run    no base record for ANY game on 2026-08-01 at T-30m
  2026-08-02 DAL v CON T-24h   missing_job_did_not_run    no base record for ANY game on 2026-08-02 at T-24h
  2026-08-02 DAL v CON T-8h    missing_job_did_not_run    no base record for ANY game on 2026-08-02 at T-8h
  2026-08-02 DAL v CON T-90m   missing_job_did_not_run    no base record for ANY game on 2026-08-02 at T-90m
  2026-08-02 DAL v CON T-30m   missing_job_did_not_run    no base record for ANY game on 2026-08-02 at T-30m
  2026-08-02 GSV v TOR T-24h   missing_job_did_not_run    no base record for ANY game on 2026-08-02 at T-24h
  2026-08-02 GSV v TOR T-8h    missing_job_did_not_run    no base record for ANY game on 2026-08-02 at T-8h
  2026-08-02 GSV v TOR T-90m   missing_job_did_not_run    no base record for ANY game on 2026-08-02 at T-90m
  2026-08-02 GSV v TOR T-30m   missing_job_did_not_run    no base record for ANY game on 2026-08-02 at T-30m
  2026-08-02 MIN v IND T-24h   missing_job_did_not_run    no base record for ANY game on 2026-08-02 at T-24h
  2026-08-02 MIN v IND T-8h    missing_job_did_not_run    no base record for ANY game on 2026-08-02 at T-8h
  2026-08-02 MIN v IND T-90m   missing_job_did_not_run    no base record for ANY game on 2026-08-02 at T-90m
  2026-08-02 MIN v IND T-30m   missing_job_did_not_run    no base record for ANY game on 2026-08-02 at T-30m
  2026-08-02 PDX v LAS T-24h   missing_job_did_not_run    no base record for ANY game on 2026-08-02 at T-24h
  2026-08-02 PDX v LAS T-8h    missing_job_did_not_run    no base record for ANY game on 2026-08-02 at T-8h
  2026-08-02 PDX v LAS T-90m   missing_job_did_not_run    no base record for ANY game on 2026-08-02 at T-90m
  2026-08-02 PDX v LAS T-30m   missing_job_did_not_run    no base record for ANY game on 2026-08-02 at T-30m
  2026-08-03 NYL v SEA T-24h   missing_job_did_not_run    no base record for ANY game on 2026-08-03 at T-24h
  2026-08-03 NYL v SEA T-30m   late_record                created 2026-08-03T22:45:08.958486+00:00 after cutoff
  2026-08-03 ATL v LVA T-24h   missing_job_did_not_run    no base record for ANY game on 2026-08-03 at T-24h
  2026-08-03 ATL v LVA T-30m   late_record                created 2026-08-03T22:45:08.976775+00:00 after cutoff
  2026-08-03 CHI v PHX T-24h   missing_job_did_not_run    no base record for ANY game on 2026-08-03 at T-24h
  2026-08-03 CHI v PHX T-30m   missing_data_unavailable   job served 2 other game(s) on 2026-08-03 at T-30m
  2026-08-04 GSV v TOR T-24h   missing_job_did_not_run    no base record for ANY game on 2026-08-04 at T-24h
  2026-08-05 WAS v DAL T-24h   missing_job_did_not_run    no base record for ANY game on 2026-08-05 at T-24h
  2026-08-05 NYL v SEA T-24h   missing_job_did_not_run    no base record for ANY game on 2026-08-05 at T-24h
  2026-08-05 NYL v SEA T-30m   late_record                created 2026-08-05T22:45:07.299457+00:00 after cutoff
  2026-08-05 ATL v PHX T-24h   missing_job_did_not_run    no base record for ANY game on 2026-08-05 at T-24h
  2026-08-05 ATL v PHX T-30m   late_record                created 2026-08-05T22:45:07.274521+00:00 after cutoff
  2026-08-05 CHI v LAS T-24h   missing_job_did_not_run    no base record for ANY game on 2026-08-05 at T-24h
  2026-08-05 CHI v LAS T-30m   missing_data_unavailable   job served 3 other game(s) on 2026-08-05 at T-30m
  2026-08-06 IND v LVA T-24h   missing_job_did_not_run    no base record for ANY game on 2026-08-06 at T-24h
  2026-08-06 IND v LVA T-30m   late_record                created 2026-08-06T22:45:09.382682+00:00 after cutoff
  2026-08-06 PDX v TOR T-24h   missing_job_did_not_run    no base record for ANY game on 2026-08-06 at T-24h
  2026-08-06 MIN v LAS T-24h   missing_job_did_not_run    no base record for ANY game on 2026-08-06 at T-24h
  2026-08-06 MIN v LAS T-30m   missing_data_unavailable   job served 2 other game(s) on 2026-08-06 at T-30m
  2026-08-07 WAS v ATL T-24h   missing_job_did_not_run    no base record for ANY game on 2026-08-07 at T-24h
  2026-08-07 CON v PHX T-24h   missing_job_did_not_run    no base record for ANY game on 2026-08-07 at T-24h
  2026-08-07 DAL v GSV T-24h   missing_job_did_not_run    no base record for ANY game on 2026-08-07 at T-24h
  2026-08-08 CHI v IND T-24h   missing_job_did_not_run    no base record for ANY game on 2026-08-08 at T-24h
  2026-08-08 CHI v IND T-90m   missing_data_unavailable   job served 2 other game(s) on 2026-08-08 at T-90m
  2026-08-08 CHI v IND T-30m   missing_data_unavailable   job served 1 other game(s) on 2026-08-08 at T-30m
  2026-08-08 MIN v LVA T-24h   missing_job_did_not_run    no base record for ANY game on 2026-08-08 at T-24h
  2026-08-08 MIN v LVA T-30m   missing_data_unavailable   job served 1 other game(s) on 2026-08-08 at T-30m
  2026-08-08 PDX v SEA T-24h   missing_job_did_not_run    no base record for ANY game on 2026-08-08 at T-24h
  2026-08-09 WAS v PHX T-24h   missing_job_did_not_run    no base record for ANY game on 2026-08-09 at T-24h
  2026-08-09 WAS v PHX T-8h    missing_job_did_not_run    no base record for ANY game on 2026-08-09 at T-8h
  2026-08-09 WAS v PHX T-90m   missing_job_did_not_run    no base record for ANY game on 2026-08-09 at T-90m
  2026-08-09 WAS v PHX T-30m   missing_job_did_not_run    no base record for ANY game on 2026-08-09 at T-30m
  2026-08-09 LAS v GSV T-24h   missing_job_did_not_run    no base record for ANY game on 2026-08-09 at T-24h
  2026-08-09 LAS v GSV T-8h    missing_job_did_not_run    no base record for ANY game on 2026-08-09 at T-8h
  2026-08-09 LAS v GSV T-90m   missing_job_did_not_run    no base record for ANY game on 2026-08-09 at T-90m
  2026-08-09 LAS v GSV T-30m   missing_job_did_not_run    no base record for ANY game on 2026-08-09 at T-30m
  2026-08-09 NYL v LVA T-24h   missing_job_did_not_run    no base record for ANY game on 2026-08-09 at T-24h
  2026-08-09 NYL v LVA T-8h    missing_job_did_not_run    no base record for ANY game on 2026-08-09 at T-8h
  2026-08-09 NYL v LVA T-90m   missing_job_did_not_run    no base record for ANY game on 2026-08-09 at T-90m
  2026-08-09 NYL v LVA T-30m   missing_job_did_not_run    no base record for ANY game on 2026-08-09 at T-30m
  2026-08-09 MIN v DAL T-24h   missing_job_did_not_run    no base record for ANY game on 2026-08-09 at T-24h
  2026-08-09 MIN v DAL T-8h    missing_job_did_not_run    no base record for ANY game on 2026-08-09 at T-8h
  2026-08-09 MIN v DAL T-90m   missing_job_did_not_run    no base record for ANY game on 2026-08-09 at T-90m
  2026-08-09 MIN v DAL T-30m   missing_job_did_not_run    no base record for ANY game on 2026-08-09 at T-30m
  2026-08-15 WAS v LAS T-24h   missing_job_did_not_run    no base record for ANY game on 2026-08-15 at T-24h
  2026-08-15 WAS v LAS T-8h    missing_job_did_not_run    no base record for ANY game on 2026-08-15 at T-8h
  2026-08-15 WAS v LAS T-90m   missing_job_did_not_run    no base record for ANY game on 2026-08-15 at T-90m
  2026-08-15 LVA v MIN T-24h   missing_job_did_not_run    no base record for ANY game on 2026-08-15 at T-24h
  2026-08-15 LVA v MIN T-8h    missing_job_did_not_run    no base record for ANY game on 2026-08-15 at T-8h
  2026-08-16 ATL v IND T-24h   missing_job_did_not_run    no base record for ANY game on 2026-08-16 at T-24h
  2026-08-16 SEA v CHI T-24h   missing_job_did_not_run    no base record for ANY game on 2026-08-16 at T-24h

wrote forecasts/coverage_audit.csv and forecasts/coverage_receipt.json
[audit] exit=0 
==== Sat 08/15/2026 18:30:03.01 ==== 
[gate] 2026-08-15T22:30:03.889690+00:00  fire=False  -- would duplicate 1 already-served obligation(s); the base job cannot be scoped to one game; 3 slate game(s) have no official game_id and were served under a provisional id: ATL v IND (2026-08-16) -> PROV-2026-08-16-IND@ATL, SEA v CHI (2026-08-16) -> PROV-2026-08-16-CHI@SEA, PHX v PDX (2026-08-16) -> PROV-2026-08-16-PDX@PHX
       WAS v LAS      T-30m   unserved cutoff 2026-08-15T23:00:00 (+30 min) 
       LVA v MIN      T-90m   SERVED   cutoff 2026-08-15T22:30:00 (-0 min) 
       ATL v IND      T-24h   unserved cutoff 2026-08-15T21:00:00 (-90 min) 
       SEA v CHI      T-24h   unserved cutoff 2026-08-15T21:00:00 (-90 min) 
       PHX v PDX      T-24h   unserved cutoff 2026-08-15T23:00:00 (+30 min) 
[gate] HOLDING: firing now would append 1 permanent duplicate record(s) to an append-only chain. A missed obligation is recoverable; a duplicate is not.
[gate] skipping the base job
[base] skipped - no unserved obligation in its lead window 
[base] exit=0 
================================================================================================
PROSPECTIVE PAIR RUNNER  2026-08-15T22:30:04.935662+00:00  model=ridge_score_level_w2c1_v1 hash=5d295bb8b99cd34e
================================================================================================
base records in official chain: 66
  late_prevented #0 ATL v SEA @ T-8h                cutoff 2026-07-31T15:35:00+00:00 already passed at 2026-08-1
  late_prevented #1 WAS v DAL @ T-8h                cutoff 2026-07-31T15:35:00+00:00 already passed at 2026-08-1
  late_prevented #2 PDX v IND @ T-8h                cutoff 2026-07-31T18:06:00+00:00 already passed at 2026-08-1
  late_prevented #3 ATL v SEA @ T-30m               cutoff 2026-07-31T23:05:00+00:00 already passed at 2026-08-1
  late_prevented #4 WAS v DAL @ T-30m               cutoff 2026-07-31T23:05:00+00:00 already passed at 2026-08-1
  late_prevented #5 PDX v IND @ T-90m               cutoff 2026-08-01T00:36:00+00:00 already passed at 2026-08-1
  late_prevented #6 CHI v LVA @ T-90m               cutoff 2026-08-01T15:35:00+00:00 already passed at 2026-08-1
  late_prevented #7 PHX v NYL @ T-90m               cutoff 2026-08-01T17:34:00+00:00 already passed at 2026-08-1
  skip           #8 CHI v LVA @ unknown-tip         base record is an explicit no-forecast; nothing to pair
  skip           #9 PHX v NYL @ unknown-tip         base record is an explicit no-forecast; nothing to pair
  late_prevented #10 NYL v SEA @ T-8h               cutoff 2026-08-03T15:04:00+00:00 already passed at 2026-08-1
  late_prevented #11 ATL v LVA @ T-8h               cutoff 2026-08-03T15:14:00+00:00 already passed at 2026-08-1
  late_prevented #12 CHI v PHX @ T-8h               cutoff 2026-08-03T17:08:00+00:00 already passed at 2026-08-1
  already_logged #13 NYL v SEA @ T-90m              idempotent: pair exists
  already_logged #14 ATL v LVA @ T-90m              idempotent: pair exists
  already_logged #15 CHI v PHX @ T-90m              idempotent: pair exists
  already_logged #16 NYL v SEA @ T-90m              idempotent: pair exists
  already_logged #17 ATL v LVA @ T-90m              idempotent: pair exists
  already_logged #18 CHI v PHX @ T-90m              idempotent: pair exists
  late_prevented #19 NYL v SEA @ T-30m              cutoff 2026-08-03T22:34:00+00:00 already passed at 2026-08-1
  late_prevented #20 ATL v LVA @ T-30m              cutoff 2026-08-03T22:44:00+00:00 already passed at 2026-08-1
  already_logged #21 CHI v PHX @ T-90m              idempotent: pair exists
  already_logged #22 GSV v TOR @ T-8h               idempotent: pair exists
  already_logged #23 GSV v TOR @ T-90m              idempotent: pair exists
  already_logged #24 GSV v TOR @ T-30m              idempotent: pair exists
  already_logged #25 ATL v PHX @ T-8h               idempotent: pair exists
  already_logged #26 NYL v SEA @ T-8h               idempotent: pair exists
  already_logged #27 WAS v DAL @ T-8h               idempotent: pair exists
  already_logged #28 CHI v LAS @ T-8h               idempotent: pair exists
  already_logged #29 ATL v PHX @ T-90m              idempotent: pair exists
  already_logged #30 NYL v SEA @ T-90m              idempotent: pair exists
  already_logged #31 WAS v DAL @ T-90m              idempotent: pair exists
  already_logged #32 CHI v LAS @ T-90m              idempotent: pair exists
  late_prevented #33 ATL v PHX @ T-30m              cutoff 2026-08-05T22:33:00+00:00 already passed at 2026-08-1
  late_prevented #34 NYL v SEA @ T-30m              cutoff 2026-08-05T22:38:00+00:00 already passed at 2026-08-1
  already_logged #35 WAS v DAL @ T-30m              idempotent: pair exists
  already_logged #36 CHI v LAS @ T-90m              idempotent: pair exists
  already_logged #37 IND v LVA @ T-8h               idempotent: pair exists
  already_logged #38 MIN v LAS @ T-8h               idempotent: pair exists
  already_logged #39 PDX v TOR @ T-8h               idempotent: pair exists
  already_logged #40 IND v LVA @ T-90m              idempotent: pair exists
  already_logged #41 MIN v LAS @ T-90m              idempotent: pair exists
  already_logged #42 PDX v TOR @ T-90m              idempotent: pair exists
  late_prevented #43 IND v LVA @ T-30m              cutoff 2026-08-06T22:36:00+00:00 already passed at 2026-08-1
  already_logged #44 PDX v TOR @ T-30m              idempotent: pair exists
  already_logged #45 CON v PHX @ T-8h               idempotent: pair exists
  already_logged #46 WAS v ATL @ T-8h               idempotent: pair exists
  already_logged #47 DAL v GSV @ T-8h               idempotent: pair exists
  already_logged #48 CON v PHX @ T-90m              idempotent: pair exists
  already_logged #49 WAS v ATL @ T-90m              idempotent: pair exists
  already_logged #50 DAL v GSV @ T-90m              idempotent: pair exists
  already_logged #51 CON v PHX @ T-30m              idempotent: pair exists
  already_logged #52 WAS v ATL @ T-30m              idempotent: pair exists
  already_logged #53 DAL v GSV @ T-30m              idempotent: pair exists
  already_logged #54 MIN v LVA @ T-8h               idempotent: pair exists
  already_logged #55 CHI v IND @ T-8h               idempotent: pair exists
  already_logged #56 PDX v SEA @ T-8h               idempotent: pair exists
  already_logged #57 MIN v LVA @ T-90m              idempotent: pair exists
  late_prevented #58 CHI v IND @ T-8h               cutoff 2026-08-08T11:35:00+00:00 already passed at 2026-08-1
  already_logged #59 PDX v SEA @ T-8h               idempotent: pair exists
  already_logged #60 PDX v SEA @ T-90m              idempotent: pair exists
  skip           #61 CHI v IND @ unknown-tip        base record is an explicit no-forecast; nothing to pair
  skip           #62 MIN v LVA @ unknown-tip        base record is an explicit no-forecast; nothing to pair
  already_logged #63 PDX v SEA @ T-30m              idempotent: pair exists
  already_logged #64 WAS v LAS @ T-90m              idempotent: pair exists
  already_logged #65 LVA v MIN @ T-90m              idempotent: pair exists

  already_logged=45, late_prevented=17, skip=4
  arm chain: ok=True n=40 tip=1f9e219dcf0d4956
  receipt appended to prospective_pair_runs.jsonl
[arm] exit=0 
====================================================================================================
FORECAST COVERAGE AUDIT   generated 2026-08-15T22:30:06.077668+00:00
====================================================================================================

CUMULATIVE by classification
  missing_job_did_not_run      61
  forecast_logged              50
  before_period_start          15
  not_yet_due                  12
  missing_data_unavailable     9
  late_record                  5

  obligations 152 | due 125 | served 50 | coverage 40.0%
  operational misses 61 | unexplained 0
  PROMOTION-GRADE: NO   (needs >= 95% served, <= 0 operational misses, all explained)

DAILY
  date         oblig  served     due     excl    opmiss arm_recs
  2026-07-30      12       0       0       12         0        0
  2026-07-31      12       6       9        3         0        0
  2026-08-01       8       2       8        0         6        0
  2026-08-02      16       0      16        0        16        0
  2026-08-03      12       6      12        0         3        3
  2026-08-04       4       3       4        0         1        3
  2026-08-05      16       9      16        0         4        9
  2026-08-06      12       7      12        0         3        7
  2026-08-07      12       9      12        0         3        9
  2026-08-08      12       6      12        0         3        4
  2026-08-09      16       0      16        0        16        0
  2026-08-15       8       2       6        2         4        0
  2026-08-16      12       0       2       10         2        0

EVERY MISSING OR IRREGULAR OBLIGATION (each must carry an explanation)
  2026-07-31 ATL v SEA T-90m   missing_data_unavailable   job served 1 other game(s) on 2026-07-31 at T-90m
  2026-07-31 WAS v DAL T-90m   missing_data_unavailable   job served 1 other game(s) on 2026-07-31 at T-90m
  2026-07-31 PDX v IND T-30m   missing_data_unavailable   job served 2 other game(s) on 2026-07-31 at T-30m
  2026-08-01 CHI v LVA T-24h   missing_job_did_not_run    no base record for ANY game on 2026-08-01 at T-24h
  2026-08-01 CHI v LVA T-8h    missing_job_did_not_run    no base record for ANY game on 2026-08-01 at T-8h
  2026-08-01 CHI v LVA T-30m   missing_job_did_not_run    no base record for ANY game on 2026-08-01 at T-30m
  2026-08-01 PHX v NYL T-24h   missing_job_did_not_run    no base record for ANY game on 2026-08-01 at T-24h
  2026-08-01 PHX v NYL T-8h    missing_job_did_not_run    no base record for ANY game on 2026-08-01 at T-8h
  2026-08-01 PHX v NYL T-30m   missing_job_did_not_run    no base record for ANY game on 2026-08-01 at T-30m
  2026-08-02 DAL v CON T-24h   missing_job_did_not_run    no base record for ANY game on 2026-08-02 at T-24h
  2026-08-02 DAL v CON T-8h    missing_job_did_not_run    no base record for ANY game on 2026-08-02 at T-8h
  2026-08-02 DAL v CON T-90m   missing_job_did_not_run    no base record for ANY game on 2026-08-02 at T-90m
  2026-08-02 DAL v CON T-30m   missing_job_did_not_run    no base record for ANY game on 2026-08-02 at T-30m
  2026-08-02 GSV v TOR T-24h   missing_job_did_not_run    no base record for ANY game on 2026-08-02 at T-24h
  2026-08-02 GSV v TOR T-8h    missing_job_did_not_run    no base record for ANY game on 2026-08-02 at T-8h
  2026-08-02 GSV v TOR T-90m   missing_job_did_not_run    no base record for ANY game on 2026-08-02 at T-90m
  2026-08-02 GSV v TOR T-30m   missing_job_did_not_run    no base record for ANY game on 2026-08-02 at T-30m
  2026-08-02 MIN v IND T-24h   missing_job_did_not_run    no base record for ANY game on 2026-08-02 at T-24h
  2026-08-02 MIN v IND T-8h    missing_job_did_not_run    no base record for ANY game on 2026-08-02 at T-8h
  2026-08-02 MIN v IND T-90m   missing_job_did_not_run    no base record for ANY game on 2026-08-02 at T-90m
  2026-08-02 MIN v IND T-30m   missing_job_did_not_run    no base record for ANY game on 2026-08-02 at T-30m
  2026-08-02 PDX v LAS T-24h   missing_job_did_not_run    no base record for ANY game on 2026-08-02 at T-24h
  2026-08-02 PDX v LAS T-8h    missing_job_did_not_run    no base record for ANY game on 2026-08-02 at T-8h
  2026-08-02 PDX v LAS T-90m   missing_job_did_not_run    no base record for ANY game on 2026-08-02 at T-90m
  2026-08-02 PDX v LAS T-30m   missing_job_did_not_run    no base record for ANY game on 2026-08-02 at T-30m
  2026-08-03 NYL v SEA T-24h   missing_job_did_not_run    no base record for ANY game on 2026-08-03 at T-24h
  2026-08-03 NYL v SEA T-30m   late_record                created 2026-08-03T22:45:08.958486+00:00 after cutoff
  2026-08-03 ATL v LVA T-24h   missing_job_did_not_run    no base record for ANY game on 2026-08-03 at T-24h
  2026-08-03 ATL v LVA T-30m   late_record                created 2026-08-03T22:45:08.976775+00:00 after cutoff
  2026-08-03 CHI v PHX T-24h   missing_job_did_not_run    no base record for ANY game on 2026-08-03 at T-24h
  2026-08-03 CHI v PHX T-30m   missing_data_unavailable   job served 2 other game(s) on 2026-08-03 at T-30m
  2026-08-04 GSV v TOR T-24h   missing_job_did_not_run    no base record for ANY game on 2026-08-04 at T-24h
  2026-08-05 WAS v DAL T-24h   missing_job_did_not_run    no base record for ANY game on 2026-08-05 at T-24h
  2026-08-05 NYL v SEA T-24h   missing_job_did_not_run    no base record for ANY game on 2026-08-05 at T-24h
  2026-08-05 NYL v SEA T-30m   late_record                created 2026-08-05T22:45:07.299457+00:00 after cutoff
  2026-08-05 ATL v PHX T-24h   missing_job_did_not_run    no base record for ANY game on 2026-08-05 at T-24h
  2026-08-05 ATL v PHX T-30m   late_record                created 2026-08-05T22:45:07.274521+00:00 after cutoff
  2026-08-05 CHI v LAS T-24h   missing_job_did_not_run    no base record for ANY game on 2026-08-05 at T-24h
  2026-08-05 CHI v LAS T-30m   missing_data_unavailable   job served 3 other game(s) on 2026-08-05 at T-30m
  2026-08-06 IND v LVA T-24h   missing_job_did_not_run    no base record for ANY game on 2026-08-06 at T-24h
  2026-08-06 IND v LVA T-30m   late_record                created 2026-08-06T22:45:09.382682+00:00 after cutoff
  2026-08-06 PDX v TOR T-24h   missing_job_did_not_run    no base record for ANY game on 2026-08-06 at T-24h
  2026-08-06 MIN v LAS T-24h   missing_job_did_not_run    no base record for ANY game on 2026-08-06 at T-24h
  2026-08-06 MIN v LAS T-30m   missing_data_unavailable   job served 2 other game(s) on 2026-08-06 at T-30m
  2026-08-07 WAS v ATL T-24h   missing_job_did_not_run    no base record for ANY game on 2026-08-07 at T-24h
  2026-08-07 CON v PHX T-24h   missing_job_did_not_run    no base record for ANY game on 2026-08-07 at T-24h
  2026-08-07 DAL v GSV T-24h   missing_job_did_not_run    no base record for ANY game on 2026-08-07 at T-24h
  2026-08-08 CHI v IND T-24h   missing_job_did_not_run    no base record for ANY game on 2026-08-08 at T-24h
  2026-08-08 CHI v IND T-90m   missing_data_unavailable   job served 2 other game(s) on 2026-08-08 at T-90m
  2026-08-08 CHI v IND T-30m   missing_data_unavailable   job served 1 other game(s) on 2026-08-08 at T-30m
  2026-08-08 MIN v LVA T-24h   missing_job_did_not_run    no base record for ANY game on 2026-08-08 at T-24h
  2026-08-08 MIN v LVA T-30m   missing_data_unavailable   job served 1 other game(s) on 2026-08-08 at T-30m
  2026-08-08 PDX v SEA T-24h   missing_job_did_not_run    no base record for ANY game on 2026-08-08 at T-24h
  2026-08-09 WAS v PHX T-24h   missing_job_did_not_run    no base record for ANY game on 2026-08-09 at T-24h
  2026-08-09 WAS v PHX T-8h    missing_job_did_not_run    no base record for ANY game on 2026-08-09 at T-8h
  2026-08-09 WAS v PHX T-90m   missing_job_did_not_run    no base record for ANY game on 2026-08-09 at T-90m
  2026-08-09 WAS v PHX T-30m   missing_job_did_not_run    no base record for ANY game on 2026-08-09 at T-30m
  2026-08-09 LAS v GSV T-24h   missing_job_did_not_run    no base record for ANY game on 2026-08-09 at T-24h
  2026-08-09 LAS v GSV T-8h    missing_job_did_not_run    no base record for ANY game on 2026-08-09 at T-8h
  2026-08-09 LAS v GSV T-90m   missing_job_did_not_run    no base record for ANY game on 2026-08-09 at T-90m
  2026-08-09 LAS v GSV T-30m   missing_job_did_not_run    no base record for ANY game on 2026-08-09 at T-30m
  2026-08-09 NYL v LVA T-24h   missing_job_did_not_run    no base record for ANY game on 2026-08-09 at T-24h
  2026-08-09 NYL v LVA T-8h    missing_job_did_not_run    no base record for ANY game on 2026-08-09 at T-8h
  2026-08-09 NYL v LVA T-90m   missing_job_did_not_run    no base record for ANY game on 2026-08-09 at T-90m
  2026-08-09 NYL v LVA T-30m   missing_job_did_not_run    no base record for ANY game on 2026-08-09 at T-30m
  2026-08-09 MIN v DAL T-24h   missing_job_did_not_run    no base record for ANY game on 2026-08-09 at T-24h
  2026-08-09 MIN v DAL T-8h    missing_job_did_not_run    no base record for ANY game on 2026-08-09 at T-8h
  2026-08-09 MIN v DAL T-90m   missing_job_did_not_run    no base record for ANY game on 2026-08-09 at T-90m
  2026-08-09 MIN v DAL T-30m   missing_job_did_not_run    no base record for ANY game on 2026-08-09 at T-30m
  2026-08-15 WAS v LAS T-24h   missing_job_did_not_run    no base record for ANY game on 2026-08-15 at T-24h
  2026-08-15 WAS v LAS T-8h    missing_job_did_not_run    no base record for ANY game on 2026-08-15 at T-8h
  2026-08-15 LVA v MIN T-24h   missing_job_did_not_run    no base record for ANY game on 2026-08-15 at T-24h
  2026-08-15 LVA v MIN T-8h    missing_job_did_not_run    no base record for ANY game on 2026-08-15 at T-8h
  2026-08-16 ATL v IND T-24h   missing_job_did_not_run    no base record for ANY game on 2026-08-16 at T-24h
  2026-08-16 SEA v CHI T-24h   missing_job_did_not_run    no base record for ANY game on 2026-08-16 at T-24h

wrote forecasts/coverage_audit.csv and forecasts/coverage_receipt.json
[audit] exit=0 
==== Sat 08/15/2026 18:45:02.96 ==== 
[gate] 2026-08-15T22:45:03.824787+00:00  fire=False  -- would duplicate 1 already-served obligation(s); the base job cannot be scoped to one game; 3 slate game(s) have no official game_id and were served under a provisional id: ATL v IND (2026-08-16) -> PROV-2026-08-16-IND@ATL, SEA v CHI (2026-08-16) -> PROV-2026-08-16-CHI@SEA, PHX v PDX (2026-08-16) -> PROV-2026-08-16-PDX@PHX
       WAS v LAS      T-30m   unserved cutoff 2026-08-15T23:00:00 (+15 min) IN-WINDOW
       LVA v MIN      T-90m   SERVED   cutoff 2026-08-15T22:30:00 (-15 min) 
       ATL v IND      T-24h   unserved cutoff 2026-08-15T21:00:00 (-105 min) 
       SEA v CHI      T-24h   unserved cutoff 2026-08-15T21:00:00 (-105 min) 
       PHX v PDX      T-24h   unserved cutoff 2026-08-15T23:00:00 (+15 min) IN-WINDOW
[gate] HOLDING: firing now would append 1 permanent duplicate record(s) to an append-only chain. A missed obligation is recoverable; a duplicate is not.
[gate] skipping the base job
[base] skipped - no unserved obligation in its lead window 
[base] exit=0 
================================================================================================
PROSPECTIVE PAIR RUNNER  2026-08-15T22:45:05.064732+00:00  model=ridge_score_level_w2c1_v1 hash=5d295bb8b99cd34e
================================================================================================
base records in official chain: 69
  late_prevented #0 ATL v SEA @ T-8h                cutoff 2026-07-31T15:35:00+00:00 already passed at 2026-08-1
  late_prevented #1 WAS v DAL @ T-8h                cutoff 2026-07-31T15:35:00+00:00 already passed at 2026-08-1
  late_prevented #2 PDX v IND @ T-8h                cutoff 2026-07-31T18:06:00+00:00 already passed at 2026-08-1
  late_prevented #3 ATL v SEA @ T-30m               cutoff 2026-07-31T23:05:00+00:00 already passed at 2026-08-1
  late_prevented #4 WAS v DAL @ T-30m               cutoff 2026-07-31T23:05:00+00:00 already passed at 2026-08-1
  late_prevented #5 PDX v IND @ T-90m               cutoff 2026-08-01T00:36:00+00:00 already passed at 2026-08-1
  late_prevented #6 CHI v LVA @ T-90m               cutoff 2026-08-01T15:35:00+00:00 already passed at 2026-08-1
  late_prevented #7 PHX v NYL @ T-90m               cutoff 2026-08-01T17:34:00+00:00 already passed at 2026-08-1
  skip           #8 CHI v LVA @ unknown-tip         base record is an explicit no-forecast; nothing to pair
  skip           #9 PHX v NYL @ unknown-tip         base record is an explicit no-forecast; nothing to pair
  late_prevented #10 NYL v SEA @ T-8h               cutoff 2026-08-03T15:04:00+00:00 already passed at 2026-08-1
  late_prevented #11 ATL v LVA @ T-8h               cutoff 2026-08-03T15:14:00+00:00 already passed at 2026-08-1
  late_prevented #12 CHI v PHX @ T-8h               cutoff 2026-08-03T17:08:00+00:00 already passed at 2026-08-1
  already_logged #13 NYL v SEA @ T-90m              idempotent: pair exists
  already_logged #14 ATL v LVA @ T-90m              idempotent: pair exists
  already_logged #15 CHI v PHX @ T-90m              idempotent: pair exists
  already_logged #16 NYL v SEA @ T-90m              idempotent: pair exists
  already_logged #17 ATL v LVA @ T-90m              idempotent: pair exists
  already_logged #18 CHI v PHX @ T-90m              idempotent: pair exists
  late_prevented #19 NYL v SEA @ T-30m              cutoff 2026-08-03T22:34:00+00:00 already passed at 2026-08-1
  late_prevented #20 ATL v LVA @ T-30m              cutoff 2026-08-03T22:44:00+00:00 already passed at 2026-08-1
  already_logged #21 CHI v PHX @ T-90m              idempotent: pair exists
  already_logged #22 GSV v TOR @ T-8h               idempotent: pair exists
  already_logged #23 GSV v TOR @ T-90m              idempotent: pair exists
  already_logged #24 GSV v TOR @ T-30m              idempotent: pair exists
  already_logged #25 ATL v PHX @ T-8h               idempotent: pair exists
  already_logged #26 NYL v SEA @ T-8h               idempotent: pair exists
  already_logged #27 WAS v DAL @ T-8h               idempotent: pair exists
  already_logged #28 CHI v LAS @ T-8h               idempotent: pair exists
  already_logged #29 ATL v PHX @ T-90m              idempotent: pair exists
  already_logged #30 NYL v SEA @ T-90m              idempotent: pair exists
  already_logged #31 WAS v DAL @ T-90m              idempotent: pair exists
  already_logged #32 CHI v LAS @ T-90m              idempotent: pair exists
  late_prevented #33 ATL v PHX @ T-30m              cutoff 2026-08-05T22:33:00+00:00 already passed at 2026-08-1
  late_prevented #34 NYL v SEA @ T-30m              cutoff 2026-08-05T22:38:00+00:00 already passed at 2026-08-1
  already_logged #35 WAS v DAL @ T-30m              idempotent: pair exists
  already_logged #36 CHI v LAS @ T-90m              idempotent: pair exists
  already_logged #37 IND v LVA @ T-8h               idempotent: pair exists
  already_logged #38 MIN v LAS @ T-8h               idempotent: pair exists
  already_logged #39 PDX v TOR @ T-8h               idempotent: pair exists
  already_logged #40 IND v LVA @ T-90m              idempotent: pair exists
  already_logged #41 MIN v LAS @ T-90m              idempotent: pair exists
  already_logged #42 PDX v TOR @ T-90m              idempotent: pair exists
  late_prevented #43 IND v LVA @ T-30m              cutoff 2026-08-06T22:36:00+00:00 already passed at 2026-08-1
  already_logged #44 PDX v TOR @ T-30m              idempotent: pair exists
  already_logged #45 CON v PHX @ T-8h               idempotent: pair exists
  already_logged #46 WAS v ATL @ T-8h               idempotent: pair exists
  already_logged #47 DAL v GSV @ T-8h               idempotent: pair exists
  already_logged #48 CON v PHX @ T-90m              idempotent: pair exists
  already_logged #49 WAS v ATL @ T-90m              idempotent: pair exists
  already_logged #50 DAL v GSV @ T-90m              idempotent: pair exists
  already_logged #51 CON v PHX @ T-30m              idempotent: pair exists
  already_logged #52 WAS v ATL @ T-30m              idempotent: pair exists
  already_logged #53 DAL v GSV @ T-30m              idempotent: pair exists
  already_logged #54 MIN v LVA @ T-8h               idempotent: pair exists
  already_logged #55 CHI v IND @ T-8h               idempotent: pair exists
  already_logged #56 PDX v SEA @ T-8h               idempotent: pair exists
  already_logged #57 MIN v LVA @ T-90m              idempotent: pair exists
  late_prevented #58 CHI v IND @ T-8h               cutoff 2026-08-08T11:35:00+00:00 already passed at 2026-08-1
  already_logged #59 PDX v SEA @ T-8h               idempotent: pair exists
  already_logged #60 PDX v SEA @ T-90m              idempotent: pair exists
  skip           #61 CHI v IND @ unknown-tip        base record is an explicit no-forecast; nothing to pair
  skip           #62 MIN v LVA @ unknown-tip        base record is an explicit no-forecast; nothing to pair
  already_logged #63 PDX v SEA @ T-30m              idempotent: pair exists
  already_logged #64 WAS v LAS @ T-90m              idempotent: pair exists
  already_logged #65 LVA v MIN @ T-90m              idempotent: pair exists
  forecast       #66 WAS v LAS @ T-30m                home 88.0 away 83.9 margin +4.07 total 171.8
  late_prevented #67 LVA v MIN @ T-90m              cutoff 2026-08-15T22:30:00+00:00 already passed at 2026-08-1
  skip           #68 CON v NYL @ unknown-tip        base record is an explicit no-forecast; nothing to pair

  already_logged=45, forecast=1, late_prevented=18, skip=5
  arm chain: ok=True n=41 tip=2d92d878aeb91d29
  receipt appended to prospective_pair_runs.jsonl
[arm] exit=0 
====================================================================================================
FORECAST COVERAGE AUDIT   generated 2026-08-15T22:45:06.314787+00:00
====================================================================================================

CUMULATIVE by classification
  missing_job_did_not_run      61
  forecast_logged              51
  before_period_start          15
  not_yet_due                  11
  missing_data_unavailable     9
  late_record                  5

  obligations 152 | due 126 | served 51 | coverage 40.5%
  operational misses 61 | unexplained 0
  PROMOTION-GRADE: NO   (needs >= 95% served, <= 0 operational misses, all explained)

DAILY
  date         oblig  served     due     excl    opmiss arm_recs
  2026-07-30      12       0       0       12         0        0
  2026-07-31      12       6       9        3         0        0
  2026-08-01       8       2       8        0         6        0
  2026-08-02      16       0      16        0        16        0
  2026-08-03      12       6      12        0         3        3
  2026-08-04       4       3       4        0         1        3
  2026-08-05      16       9      16        0         4        9
  2026-08-06      12       7      12        0         3        7
  2026-08-07      12       9      12        0         3        9
  2026-08-08      12       6      12        0         3        4
  2026-08-09      16       0      16        0        16        0
  2026-08-15       8       3       7        1         4        1
  2026-08-16      12       0       2       10         2        0

EVERY MISSING OR IRREGULAR OBLIGATION (each must carry an explanation)
  2026-07-31 ATL v SEA T-90m   missing_data_unavailable   job served 1 other game(s) on 2026-07-31 at T-90m
  2026-07-31 WAS v DAL T-90m   missing_data_unavailable   job served 1 other game(s) on 2026-07-31 at T-90m
  2026-07-31 PDX v IND T-30m   missing_data_unavailable   job served 2 other game(s) on 2026-07-31 at T-30m
  2026-08-01 CHI v LVA T-24h   missing_job_did_not_run    no base record for ANY game on 2026-08-01 at T-24h
  2026-08-01 CHI v LVA T-8h    missing_job_did_not_run    no base record for ANY game on 2026-08-01 at T-8h
  2026-08-01 CHI v LVA T-30m   missing_job_did_not_run    no base record for ANY game on 2026-08-01 at T-30m
  2026-08-01 PHX v NYL T-24h   missing_job_did_not_run    no base record for ANY game on 2026-08-01 at T-24h
  2026-08-01 PHX v NYL T-8h    missing_job_did_not_run    no base record for ANY game on 2026-08-01 at T-8h
  2026-08-01 PHX v NYL T-30m   missing_job_did_not_run    no base record for ANY game on 2026-08-01 at T-30m
  2026-08-02 DAL v CON T-24h   missing_job_did_not_run    no base record for ANY game on 2026-08-02 at T-24h
  2026-08-02 DAL v CON T-8h    missing_job_did_not_run    no base record for ANY game on 2026-08-02 at T-8h
  2026-08-02 DAL v CON T-90m   missing_job_did_not_run    no base record for ANY game on 2026-08-02 at T-90m
  2026-08-02 DAL v CON T-30m   missing_job_did_not_run    no base record for ANY game on 2026-08-02 at T-30m
  2026-08-02 GSV v TOR T-24h   missing_job_did_not_run    no base record for ANY game on 2026-08-02 at T-24h
  2026-08-02 GSV v TOR T-8h    missing_job_did_not_run    no base record for ANY game on 2026-08-02 at T-8h
  2026-08-02 GSV v TOR T-90m   missing_job_did_not_run    no base record for ANY game on 2026-08-02 at T-90m
  2026-08-02 GSV v TOR T-30m   missing_job_did_not_run    no base record for ANY game on 2026-08-02 at T-30m
  2026-08-02 MIN v IND T-24h   missing_job_did_not_run    no base record for ANY game on 2026-08-02 at T-24h
  2026-08-02 MIN v IND T-8h    missing_job_did_not_run    no base record for ANY game on 2026-08-02 at T-8h
  2026-08-02 MIN v IND T-90m   missing_job_did_not_run    no base record for ANY game on 2026-08-02 at T-90m
  2026-08-02 MIN v IND T-30m   missing_job_did_not_run    no base record for ANY game on 2026-08-02 at T-30m
  2026-08-02 PDX v LAS T-24h   missing_job_did_not_run    no base record for ANY game on 2026-08-02 at T-24h
  2026-08-02 PDX v LAS T-8h    missing_job_did_not_run    no base record for ANY game on 2026-08-02 at T-8h
  2026-08-02 PDX v LAS T-90m   missing_job_did_not_run    no base record for ANY game on 2026-08-02 at T-90m
  2026-08-02 PDX v LAS T-30m   missing_job_did_not_run    no base record for ANY game on 2026-08-02 at T-30m
  2026-08-03 NYL v SEA T-24h   missing_job_did_not_run    no base record for ANY game on 2026-08-03 at T-24h
  2026-08-03 NYL v SEA T-30m   late_record                created 2026-08-03T22:45:08.958486+00:00 after cutoff
  2026-08-03 ATL v LVA T-24h   missing_job_did_not_run    no base record for ANY game on 2026-08-03 at T-24h
  2026-08-03 ATL v LVA T-30m   late_record                created 2026-08-03T22:45:08.976775+00:00 after cutoff
  2026-08-03 CHI v PHX T-24h   missing_job_did_not_run    no base record for ANY game on 2026-08-03 at T-24h
  2026-08-03 CHI v PHX T-30m   missing_data_unavailable   job served 2 other game(s) on 2026-08-03 at T-30m
  2026-08-04 GSV v TOR T-24h   missing_job_did_not_run    no base record for ANY game on 2026-08-04 at T-24h
  2026-08-05 WAS v DAL T-24h   missing_job_did_not_run    no base record for ANY game on 2026-08-05 at T-24h
  2026-08-05 NYL v SEA T-24h   missing_job_did_not_run    no base record for ANY game on 2026-08-05 at T-24h
  2026-08-05 NYL v SEA T-30m   late_record                created 2026-08-05T22:45:07.299457+00:00 after cutoff
  2026-08-05 ATL v PHX T-24h   missing_job_did_not_run    no base record for ANY game on 2026-08-05 at T-24h
  2026-08-05 ATL v PHX T-30m   late_record                created 2026-08-05T22:45:07.274521+00:00 after cutoff
  2026-08-05 CHI v LAS T-24h   missing_job_did_not_run    no base record for ANY game on 2026-08-05 at T-24h
  2026-08-05 CHI v LAS T-30m   missing_data_unavailable   job served 3 other game(s) on 2026-08-05 at T-30m
  2026-08-06 IND v LVA T-24h   missing_job_did_not_run    no base record for ANY game on 2026-08-06 at T-24h
  2026-08-06 IND v LVA T-30m   late_record                created 2026-08-06T22:45:09.382682+00:00 after cutoff
  2026-08-06 PDX v TOR T-24h   missing_job_did_not_run    no base record for ANY game on 2026-08-06 at T-24h
  2026-08-06 MIN v LAS T-24h   missing_job_did_not_run    no base record for ANY game on 2026-08-06 at T-24h
  2026-08-06 MIN v LAS T-30m   missing_data_unavailable   job served 2 other game(s) on 2026-08-06 at T-30m
  2026-08-07 WAS v ATL T-24h   missing_job_did_not_run    no base record for ANY game on 2026-08-07 at T-24h
  2026-08-07 CON v PHX T-24h   missing_job_did_not_run    no base record for ANY game on 2026-08-07 at T-24h
  2026-08-07 DAL v GSV T-24h   missing_job_did_not_run    no base record for ANY game on 2026-08-07 at T-24h
  2026-08-08 CHI v IND T-24h   missing_job_did_not_run    no base record for ANY game on 2026-08-08 at T-24h
  2026-08-08 CHI v IND T-90m   missing_data_unavailable   job served 2 other game(s) on 2026-08-08 at T-90m
  2026-08-08 CHI v IND T-30m   missing_data_unavailable   job served 1 other game(s) on 2026-08-08 at T-30m
  2026-08-08 MIN v LVA T-24h   missing_job_did_not_run    no base record for ANY game on 2026-08-08 at T-24h
  2026-08-08 MIN v LVA T-30m   missing_data_unavailable   job served 1 other game(s) on 2026-08-08 at T-30m
  2026-08-08 PDX v SEA T-24h   missing_job_did_not_run    no base record for ANY game on 2026-08-08 at T-24h
  2026-08-09 WAS v PHX T-24h   missing_job_did_not_run    no base record for ANY game on 2026-08-09 at T-24h
  2026-08-09 WAS v PHX T-8h    missing_job_did_not_run    no base record for ANY game on 2026-08-09 at T-8h
  2026-08-09 WAS v PHX T-90m   missing_job_did_not_run    no base record for ANY game on 2026-08-09 at T-90m
  2026-08-09 WAS v PHX T-30m   missing_job_did_not_run    no base record for ANY game on 2026-08-09 at T-30m
  2026-08-09 LAS v GSV T-24h   missing_job_did_not_run    no base record for ANY game on 2026-08-09 at T-24h
  2026-08-09 LAS v GSV T-8h    missing_job_did_not_run    no base record for ANY game on 2026-08-09 at T-8h
  2026-08-09 LAS v GSV T-90m   missing_job_did_not_run    no base record for ANY game on 2026-08-09 at T-90m
  2026-08-09 LAS v GSV T-30m   missing_job_did_not_run    no base record for ANY game on 2026-08-09 at T-30m
  2026-08-09 NYL v LVA T-24h   missing_job_did_not_run    no base record for ANY game on 2026-08-09 at T-24h
  2026-08-09 NYL v LVA T-8h    missing_job_did_not_run    no base record for ANY game on 2026-08-09 at T-8h
  2026-08-09 NYL v LVA T-90m   missing_job_did_not_run    no base record for ANY game on 2026-08-09 at T-90m
  2026-08-09 NYL v LVA T-30m   missing_job_did_not_run    no base record for ANY game on 2026-08-09 at T-30m
  2026-08-09 MIN v DAL T-24h   missing_job_did_not_run    no base record for ANY game on 2026-08-09 at T-24h
  2026-08-09 MIN v DAL T-8h    missing_job_did_not_run    no base record for ANY game on 2026-08-09 at T-8h
  2026-08-09 MIN v DAL T-90m   missing_job_did_not_run    no base record for ANY game on 2026-08-09 at T-90m
  2026-08-09 MIN v DAL T-30m   missing_job_did_not_run    no base record for ANY game on 2026-08-09 at T-30m
  2026-08-15 WAS v LAS T-24h   missing_job_did_not_run    no base record for ANY game on 2026-08-15 at T-24h
  2026-08-15 WAS v LAS T-8h    missing_job_did_not_run    no base record for ANY game on 2026-08-15 at T-8h
  2026-08-15 LVA v MIN T-24h   missing_job_did_not_run    no base record for ANY game on 2026-08-15 at T-24h
  2026-08-15 LVA v MIN T-8h    missing_job_did_not_run    no base record for ANY game on 2026-08-15 at T-8h
  2026-08-16 ATL v IND T-24h   missing_job_did_not_run    no base record for ANY game on 2026-08-16 at T-24h
  2026-08-16 SEA v CHI T-24h   missing_job_did_not_run    no base record for ANY game on 2026-08-16 at T-24h

wrote forecasts/coverage_audit.csv and forecasts/coverage_receipt.json
[audit] exit=0 
==== Sat 08/15/2026 19:00:03.12 ==== 
[gate] 2026-08-15T23:00:04.023030+00:00  fire=False  -- would duplicate 1 already-served obligation(s); the base job cannot be scoped to one game; 3 slate game(s) have no official game_id and were served under a provisional id: ATL v IND (2026-08-16) -> PROV-2026-08-16-IND@ATL, SEA v CHI (2026-08-16) -> PROV-2026-08-16-CHI@SEA, PHX v PDX (2026-08-16) -> PROV-2026-08-16-PDX@PHX
       WAS v LAS      T-30m   SERVED   cutoff 2026-08-15T23:00:00 (-0 min) 
       LVA v MIN      T-30m   unserved cutoff 2026-08-15T23:30:00 (+30 min) 
       ATL v IND      T-24h   unserved cutoff 2026-08-15T21:00:00 (-120 min) 
       SEA v CHI      T-24h   unserved cutoff 2026-08-15T21:00:00 (-120 min) 
       PHX v PDX      T-24h   unserved cutoff 2026-08-15T23:00:00 (-0 min) IN-WINDOW
[gate] HOLDING: firing now would append 1 permanent duplicate record(s) to an append-only chain. A missed obligation is recoverable; a duplicate is not.
[gate] skipping the base job
[base] skipped - no unserved obligation in its lead window 
[base] exit=0 
================================================================================================
PROSPECTIVE PAIR RUNNER  2026-08-15T23:00:05.107413+00:00  model=ridge_score_level_w2c1_v1 hash=5d295bb8b99cd34e
================================================================================================
base records in official chain: 69
  late_prevented #0 ATL v SEA @ T-8h                cutoff 2026-07-31T15:35:00+00:00 already passed at 2026-08-1
  late_prevented #1 WAS v DAL @ T-8h                cutoff 2026-07-31T15:35:00+00:00 already passed at 2026-08-1
  late_prevented #2 PDX v IND @ T-8h                cutoff 2026-07-31T18:06:00+00:00 already passed at 2026-08-1
  late_prevented #3 ATL v SEA @ T-30m               cutoff 2026-07-31T23:05:00+00:00 already passed at 2026-08-1
  late_prevented #4 WAS v DAL @ T-30m               cutoff 2026-07-31T23:05:00+00:00 already passed at 2026-08-1
  late_prevented #5 PDX v IND @ T-90m               cutoff 2026-08-01T00:36:00+00:00 already passed at 2026-08-1
  late_prevented #6 CHI v LVA @ T-90m               cutoff 2026-08-01T15:35:00+00:00 already passed at 2026-08-1
  late_prevented #7 PHX v NYL @ T-90m               cutoff 2026-08-01T17:34:00+00:00 already passed at 2026-08-1
  skip           #8 CHI v LVA @ unknown-tip         base record is an explicit no-forecast; nothing to pair
  skip           #9 PHX v NYL @ unknown-tip         base record is an explicit no-forecast; nothing to pair
  late_prevented #10 NYL v SEA @ T-8h               cutoff 2026-08-03T15:04:00+00:00 already passed at 2026-08-1
  late_prevented #11 ATL v LVA @ T-8h               cutoff 2026-08-03T15:14:00+00:00 already passed at 2026-08-1
  late_prevented #12 CHI v PHX @ T-8h               cutoff 2026-08-03T17:08:00+00:00 already passed at 2026-08-1
  already_logged #13 NYL v SEA @ T-90m              idempotent: pair exists
  already_logged #14 ATL v LVA @ T-90m              idempotent: pair exists
  already_logged #15 CHI v PHX @ T-90m              idempotent: pair exists
  already_logged #16 NYL v SEA @ T-90m              idempotent: pair exists
  already_logged #17 ATL v LVA @ T-90m              idempotent: pair exists
  already_logged #18 CHI v PHX @ T-90m              idempotent: pair exists
  late_prevented #19 NYL v SEA @ T-30m              cutoff 2026-08-03T22:34:00+00:00 already passed at 2026-08-1
  late_prevented #20 ATL v LVA @ T-30m              cutoff 2026-08-03T22:44:00+00:00 already passed at 2026-08-1
  already_logged #21 CHI v PHX @ T-90m              idempotent: pair exists
  already_logged #22 GSV v TOR @ T-8h               idempotent: pair exists
  already_logged #23 GSV v TOR @ T-90m              idempotent: pair exists
  already_logged #24 GSV v TOR @ T-30m              idempotent: pair exists
  already_logged #25 ATL v PHX @ T-8h               idempotent: pair exists
  already_logged #26 NYL v SEA @ T-8h               idempotent: pair exists
  already_logged #27 WAS v DAL @ T-8h               idempotent: pair exists
  already_logged #28 CHI v LAS @ T-8h               idempotent: pair exists
  already_logged #29 ATL v PHX @ T-90m              idempotent: pair exists
  already_logged #30 NYL v SEA @ T-90m              idempotent: pair exists
  already_logged #31 WAS v DAL @ T-90m              idempotent: pair exists
  already_logged #32 CHI v LAS @ T-90m              idempotent: pair exists
  late_prevented #33 ATL v PHX @ T-30m              cutoff 2026-08-05T22:33:00+00:00 already passed at 2026-08-1
  late_prevented #34 NYL v SEA @ T-30m              cutoff 2026-08-05T22:38:00+00:00 already passed at 2026-08-1
  already_logged #35 WAS v DAL @ T-30m              idempotent: pair exists
  already_logged #36 CHI v LAS @ T-90m              idempotent: pair exists
  already_logged #37 IND v LVA @ T-8h               idempotent: pair exists
  already_logged #38 MIN v LAS @ T-8h               idempotent: pair exists
  already_logged #39 PDX v TOR @ T-8h               idempotent: pair exists
  already_logged #40 IND v LVA @ T-90m              idempotent: pair exists
  already_logged #41 MIN v LAS @ T-90m              idempotent: pair exists
  already_logged #42 PDX v TOR @ T-90m              idempotent: pair exists
  late_prevented #43 IND v LVA @ T-30m              cutoff 2026-08-06T22:36:00+00:00 already passed at 2026-08-1
  already_logged #44 PDX v TOR @ T-30m              idempotent: pair exists
  already_logged #45 CON v PHX @ T-8h               idempotent: pair exists
  already_logged #46 WAS v ATL @ T-8h               idempotent: pair exists
  already_logged #47 DAL v GSV @ T-8h               idempotent: pair exists
  already_logged #48 CON v PHX @ T-90m              idempotent: pair exists
  already_logged #49 WAS v ATL @ T-90m              idempotent: pair exists
  already_logged #50 DAL v GSV @ T-90m              idempotent: pair exists
  already_logged #51 CON v PHX @ T-30m              idempotent: pair exists
  already_logged #52 WAS v ATL @ T-30m              idempotent: pair exists
  already_logged #53 DAL v GSV @ T-30m              idempotent: pair exists
  already_logged #54 MIN v LVA @ T-8h               idempotent: pair exists
  already_logged #55 CHI v IND @ T-8h               idempotent: pair exists
  already_logged #56 PDX v SEA @ T-8h               idempotent: pair exists
  already_logged #57 MIN v LVA @ T-90m              idempotent: pair exists
  late_prevented #58 CHI v IND @ T-8h               cutoff 2026-08-08T11:35:00+00:00 already passed at 2026-08-1
  already_logged #59 PDX v SEA @ T-8h               idempotent: pair exists
  already_logged #60 PDX v SEA @ T-90m              idempotent: pair exists
  skip           #61 CHI v IND @ unknown-tip        base record is an explicit no-forecast; nothing to pair
  skip           #62 MIN v LVA @ unknown-tip        base record is an explicit no-forecast; nothing to pair
  already_logged #63 PDX v SEA @ T-30m              idempotent: pair exists
  already_logged #64 WAS v LAS @ T-90m              idempotent: pair exists
  already_logged #65 LVA v MIN @ T-90m              idempotent: pair exists
  already_logged #66 WAS v LAS @ T-30m              idempotent: pair exists
  late_prevented #67 LVA v MIN @ T-90m              cutoff 2026-08-15T22:30:00+00:00 already passed at 2026-08-1
  skip           #68 CON v NYL @ unknown-tip        base record is an explicit no-forecast; nothing to pair

  already_logged=46, late_prevented=18, skip=5
  arm chain: ok=True n=41 tip=2d92d878aeb91d29
  receipt appended to prospective_pair_runs.jsonl
[arm] exit=0 
====================================================================================================
FORECAST COVERAGE AUDIT   generated 2026-08-15T23:00:06.234301+00:00
====================================================================================================

CUMULATIVE by classification
  missing_job_did_not_run      62
  forecast_logged              51
  before_period_start          15
  not_yet_due                  10
  missing_data_unavailable     9
  late_record                  5

  obligations 152 | due 127 | served 51 | coverage 40.2%
  operational misses 62 | unexplained 0
  PROMOTION-GRADE: NO   (needs >= 95% served, <= 0 operational misses, all explained)

DAILY
  date         oblig  served     due     excl    opmiss arm_recs
  2026-07-30      12       0       0       12         0        0
  2026-07-31      12       6       9        3         0        0
  2026-08-01       8       2       8        0         6        0
  2026-08-02      16       0      16        0        16        0
  2026-08-03      12       6      12        0         3        3
  2026-08-04       4       3       4        0         1        3
  2026-08-05      16       9      16        0         4        9
  2026-08-06      12       7      12        0         3        7
  2026-08-07      12       9      12        0         3        9
  2026-08-08      12       6      12        0         3        4
  2026-08-09      16       0      16        0        16        0
  2026-08-15       8       3       7        1         4        1
  2026-08-16      12       0       3        9         3        0

EVERY MISSING OR IRREGULAR OBLIGATION (each must carry an explanation)
  2026-07-31 ATL v SEA T-90m   missing_data_unavailable   job served 1 other game(s) on 2026-07-31 at T-90m
  2026-07-31 WAS v DAL T-90m   missing_data_unavailable   job served 1 other game(s) on 2026-07-31 at T-90m
  2026-07-31 PDX v IND T-30m   missing_data_unavailable   job served 2 other game(s) on 2026-07-31 at T-30m
  2026-08-01 CHI v LVA T-24h   missing_job_did_not_run    no base record for ANY game on 2026-08-01 at T-24h
  2026-08-01 CHI v LVA T-8h    missing_job_did_not_run    no base record for ANY game on 2026-08-01 at T-8h
  2026-08-01 CHI v LVA T-30m   missing_job_did_not_run    no base record for ANY game on 2026-08-01 at T-30m
  2026-08-01 PHX v NYL T-24h   missing_job_did_not_run    no base record for ANY game on 2026-08-01 at T-24h
  2026-08-01 PHX v NYL T-8h    missing_job_did_not_run    no base record for ANY game on 2026-08-01 at T-8h
  2026-08-01 PHX v NYL T-30m   missing_job_did_not_run    no base record for ANY game on 2026-08-01 at T-30m
  2026-08-02 DAL v CON T-24h   missing_job_did_not_run    no base record for ANY game on 2026-08-02 at T-24h
  2026-08-02 DAL v CON T-8h    missing_job_did_not_run    no base record for ANY game on 2026-08-02 at T-8h
  2026-08-02 DAL v CON T-90m   missing_job_did_not_run    no base record for ANY game on 2026-08-02 at T-90m
  2026-08-02 DAL v CON T-30m   missing_job_did_not_run    no base record for ANY game on 2026-08-02 at T-30m
  2026-08-02 GSV v TOR T-24h   missing_job_did_not_run    no base record for ANY game on 2026-08-02 at T-24h
  2026-08-02 GSV v TOR T-8h    missing_job_did_not_run    no base record for ANY game on 2026-08-02 at T-8h
  2026-08-02 GSV v TOR T-90m   missing_job_did_not_run    no base record for ANY game on 2026-08-02 at T-90m
  2026-08-02 GSV v TOR T-30m   missing_job_did_not_run    no base record for ANY game on 2026-08-02 at T-30m
  2026-08-02 MIN v IND T-24h   missing_job_did_not_run    no base record for ANY game on 2026-08-02 at T-24h
  2026-08-02 MIN v IND T-8h    missing_job_did_not_run    no base record for ANY game on 2026-08-02 at T-8h
  2026-08-02 MIN v IND T-90m   missing_job_did_not_run    no base record for ANY game on 2026-08-02 at T-90m
  2026-08-02 MIN v IND T-30m   missing_job_did_not_run    no base record for ANY game on 2026-08-02 at T-30m
  2026-08-02 PDX v LAS T-24h   missing_job_did_not_run    no base record for ANY game on 2026-08-02 at T-24h
  2026-08-02 PDX v LAS T-8h    missing_job_did_not_run    no base record for ANY game on 2026-08-02 at T-8h
  2026-08-02 PDX v LAS T-90m   missing_job_did_not_run    no base record for ANY game on 2026-08-02 at T-90m
  2026-08-02 PDX v LAS T-30m   missing_job_did_not_run    no base record for ANY game on 2026-08-02 at T-30m
  2026-08-03 NYL v SEA T-24h   missing_job_did_not_run    no base record for ANY game on 2026-08-03 at T-24h
  2026-08-03 NYL v SEA T-30m   late_record                created 2026-08-03T22:45:08.958486+00:00 after cutoff
  2026-08-03 ATL v LVA T-24h   missing_job_did_not_run    no base record for ANY game on 2026-08-03 at T-24h
  2026-08-03 ATL v LVA T-30m   late_record                created 2026-08-03T22:45:08.976775+00:00 after cutoff
  2026-08-03 CHI v PHX T-24h   missing_job_did_not_run    no base record for ANY game on 2026-08-03 at T-24h
  2026-08-03 CHI v PHX T-30m   missing_data_unavailable   job served 2 other game(s) on 2026-08-03 at T-30m
  2026-08-04 GSV v TOR T-24h   missing_job_did_not_run    no base record for ANY game on 2026-08-04 at T-24h
  2026-08-05 WAS v DAL T-24h   missing_job_did_not_run    no base record for ANY game on 2026-08-05 at T-24h
  2026-08-05 NYL v SEA T-24h   missing_job_did_not_run    no base record for ANY game on 2026-08-05 at T-24h
  2026-08-05 NYL v SEA T-30m   late_record                created 2026-08-05T22:45:07.299457+00:00 after cutoff
  2026-08-05 ATL v PHX T-24h   missing_job_did_not_run    no base record for ANY game on 2026-08-05 at T-24h
  2026-08-05 ATL v PHX T-30m   late_record                created 2026-08-05T22:45:07.274521+00:00 after cutoff
  2026-08-05 CHI v LAS T-24h   missing_job_did_not_run    no base record for ANY game on 2026-08-05 at T-24h
  2026-08-05 CHI v LAS T-30m   missing_data_unavailable   job served 3 other game(s) on 2026-08-05 at T-30m
  2026-08-06 IND v LVA T-24h   missing_job_did_not_run    no base record for ANY game on 2026-08-06 at T-24h
  2026-08-06 IND v LVA T-30m   late_record                created 2026-08-06T22:45:09.382682+00:00 after cutoff
  2026-08-06 PDX v TOR T-24h   missing_job_did_not_run    no base record for ANY game on 2026-08-06 at T-24h
  2026-08-06 MIN v LAS T-24h   missing_job_did_not_run    no base record for ANY game on 2026-08-06 at T-24h
  2026-08-06 MIN v LAS T-30m   missing_data_unavailable   job served 2 other game(s) on 2026-08-06 at T-30m
  2026-08-07 WAS v ATL T-24h   missing_job_did_not_run    no base record for ANY game on 2026-08-07 at T-24h
  2026-08-07 CON v PHX T-24h   missing_job_did_not_run    no base record for ANY game on 2026-08-07 at T-24h
  2026-08-07 DAL v GSV T-24h   missing_job_did_not_run    no base record for ANY game on 2026-08-07 at T-24h
  2026-08-08 CHI v IND T-24h   missing_job_did_not_run    no base record for ANY game on 2026-08-08 at T-24h
  2026-08-08 CHI v IND T-90m   missing_data_unavailable   job served 2 other game(s) on 2026-08-08 at T-90m
  2026-08-08 CHI v IND T-30m   missing_data_unavailable   job served 1 other game(s) on 2026-08-08 at T-30m
  2026-08-08 MIN v LVA T-24h   missing_job_did_not_run    no base record for ANY game on 2026-08-08 at T-24h
  2026-08-08 MIN v LVA T-30m   missing_data_unavailable   job served 1 other game(s) on 2026-08-08 at T-30m
  2026-08-08 PDX v SEA T-24h   missing_job_did_not_run    no base record for ANY game on 2026-08-08 at T-24h
  2026-08-09 WAS v PHX T-24h   missing_job_did_not_run    no base record for ANY game on 2026-08-09 at T-24h
  2026-08-09 WAS v PHX T-8h    missing_job_did_not_run    no base record for ANY game on 2026-08-09 at T-8h
  2026-08-09 WAS v PHX T-90m   missing_job_did_not_run    no base record for ANY game on 2026-08-09 at T-90m
  2026-08-09 WAS v PHX T-30m   missing_job_did_not_run    no base record for ANY game on 2026-08-09 at T-30m
  2026-08-09 LAS v GSV T-24h   missing_job_did_not_run    no base record for ANY game on 2026-08-09 at T-24h
  2026-08-09 LAS v GSV T-8h    missing_job_did_not_run    no base record for ANY game on 2026-08-09 at T-8h
  2026-08-09 LAS v GSV T-90m   missing_job_did_not_run    no base record for ANY game on 2026-08-09 at T-90m
  2026-08-09 LAS v GSV T-30m   missing_job_did_not_run    no base record for ANY game on 2026-08-09 at T-30m
  2026-08-09 NYL v LVA T-24h   missing_job_did_not_run    no base record for ANY game on 2026-08-09 at T-24h
  2026-08-09 NYL v LVA T-8h    missing_job_did_not_run    no base record for ANY game on 2026-08-09 at T-8h
  2026-08-09 NYL v LVA T-90m   missing_job_did_not_run    no base record for ANY game on 2026-08-09 at T-90m
  2026-08-09 NYL v LVA T-30m   missing_job_did_not_run    no base record for ANY game on 2026-08-09 at T-30m
  2026-08-09 MIN v DAL T-24h   missing_job_did_not_run    no base record for ANY game on 2026-08-09 at T-24h
  2026-08-09 MIN v DAL T-8h    missing_job_did_not_run    no base record for ANY game on 2026-08-09 at T-8h
  2026-08-09 MIN v DAL T-90m   missing_job_did_not_run    no base record for ANY game on 2026-08-09 at T-90m
  2026-08-09 MIN v DAL T-30m   missing_job_did_not_run    no base record for ANY game on 2026-08-09 at T-30m
  2026-08-15 WAS v LAS T-24h   missing_job_did_not_run    no base record for ANY game on 2026-08-15 at T-24h
  2026-08-15 WAS v LAS T-8h    missing_job_did_not_run    no base record for ANY game on 2026-08-15 at T-8h
  2026-08-15 LVA v MIN T-24h   missing_job_did_not_run    no base record for ANY game on 2026-08-15 at T-24h
  2026-08-15 LVA v MIN T-8h    missing_job_did_not_run    no base record for ANY game on 2026-08-15 at T-8h
  2026-08-16 ATL v IND T-24h   missing_job_did_not_run    no base record for ANY game on 2026-08-16 at T-24h
  2026-08-16 SEA v CHI T-24h   missing_job_did_not_run    no base record for ANY game on 2026-08-16 at T-24h
  2026-08-16 PHX v PDX T-24h   missing_job_did_not_run    no base record for ANY game on 2026-08-16 at T-24h

wrote forecasts/coverage_audit.csv and forecasts/coverage_receipt.json
[audit] exit=0 
==== Sat 08/15/2026 19:15:02.86 ==== 
[gate] 2026-08-15T23:15:03.583765+00:00  fire=False  -- would duplicate 1 already-served obligation(s); the base job cannot be scoped to one game; 3 slate game(s) have no official game_id and were served under a provisional id: ATL v IND (2026-08-16) -> PROV-2026-08-16-IND@ATL, SEA v CHI (2026-08-16) -> PROV-2026-08-16-CHI@SEA, PHX v PDX (2026-08-16) -> PROV-2026-08-16-PDX@PHX
       WAS v LAS      T-30m   SERVED   cutoff 2026-08-15T23:00:00 (-15 min) 
       LVA v MIN      T-30m   unserved cutoff 2026-08-15T23:30:00 (+15 min) IN-WINDOW
       ATL v IND      T-24h   unserved cutoff 2026-08-15T21:00:00 (-135 min) 
       SEA v CHI      T-24h   unserved cutoff 2026-08-15T21:00:00 (-135 min) 
       PHX v PDX      T-24h   unserved cutoff 2026-08-15T23:00:00 (-15 min) 
[gate] HOLDING: firing now would append 1 permanent duplicate record(s) to an append-only chain. A missed obligation is recoverable; a duplicate is not.
[gate] skipping the base job
[base] skipped - no unserved obligation in its lead window 
[base] exit=0 
================================================================================================
PROSPECTIVE PAIR RUNNER  2026-08-15T23:15:04.574460+00:00  model=ridge_score_level_w2c1_v1 hash=5d295bb8b99cd34e
================================================================================================
base records in official chain: 69
  late_prevented #0 ATL v SEA @ T-8h                cutoff 2026-07-31T15:35:00+00:00 already passed at 2026-08-1
  late_prevented #1 WAS v DAL @ T-8h                cutoff 2026-07-31T15:35:00+00:00 already passed at 2026-08-1
  late_prevented #2 PDX v IND @ T-8h                cutoff 2026-07-31T18:06:00+00:00 already passed at 2026-08-1
  late_prevented #3 ATL v SEA @ T-30m               cutoff 2026-07-31T23:05:00+00:00 already passed at 2026-08-1
  late_prevented #4 WAS v DAL @ T-30m               cutoff 2026-07-31T23:05:00+00:00 already passed at 2026-08-1
  late_prevented #5 PDX v IND @ T-90m               cutoff 2026-08-01T00:36:00+00:00 already passed at 2026-08-1
  late_prevented #6 CHI v LVA @ T-90m               cutoff 2026-08-01T15:35:00+00:00 already passed at 2026-08-1
  late_prevented #7 PHX v NYL @ T-90m               cutoff 2026-08-01T17:34:00+00:00 already passed at 2026-08-1
  skip           #8 CHI v LVA @ unknown-tip         base record is an explicit no-forecast; nothing to pair
  skip           #9 PHX v NYL @ unknown-tip         base record is an explicit no-forecast; nothing to pair
  late_prevented #10 NYL v SEA @ T-8h               cutoff 2026-08-03T15:04:00+00:00 already passed at 2026-08-1
  late_prevented #11 ATL v LVA @ T-8h               cutoff 2026-08-03T15:14:00+00:00 already passed at 2026-08-1
  late_prevented #12 CHI v PHX @ T-8h               cutoff 2026-08-03T17:08:00+00:00 already passed at 2026-08-1
  already_logged #13 NYL v SEA @ T-90m              idempotent: pair exists
  already_logged #14 ATL v LVA @ T-90m              idempotent: pair exists
  already_logged #15 CHI v PHX @ T-90m              idempotent: pair exists
  already_logged #16 NYL v SEA @ T-90m              idempotent: pair exists
  already_logged #17 ATL v LVA @ T-90m              idempotent: pair exists
  already_logged #18 CHI v PHX @ T-90m              idempotent: pair exists
  late_prevented #19 NYL v SEA @ T-30m              cutoff 2026-08-03T22:34:00+00:00 already passed at 2026-08-1
  late_prevented #20 ATL v LVA @ T-30m              cutoff 2026-08-03T22:44:00+00:00 already passed at 2026-08-1
  already_logged #21 CHI v PHX @ T-90m              idempotent: pair exists
  already_logged #22 GSV v TOR @ T-8h               idempotent: pair exists
  already_logged #23 GSV v TOR @ T-90m              idempotent: pair exists
  already_logged #24 GSV v TOR @ T-30m              idempotent: pair exists
  already_logged #25 ATL v PHX @ T-8h               idempotent: pair exists
  already_logged #26 NYL v SEA @ T-8h               idempotent: pair exists
  already_logged #27 WAS v DAL @ T-8h               idempotent: pair exists
  already_logged #28 CHI v LAS @ T-8h               idempotent: pair exists
  already_logged #29 ATL v PHX @ T-90m              idempotent: pair exists
  already_logged #30 NYL v SEA @ T-90m              idempotent: pair exists
  already_logged #31 WAS v DAL @ T-90m              idempotent: pair exists
  already_logged #32 CHI v LAS @ T-90m              idempotent: pair exists
  late_prevented #33 ATL v PHX @ T-30m              cutoff 2026-08-05T22:33:00+00:00 already passed at 2026-08-1
  late_prevented #34 NYL v SEA @ T-30m              cutoff 2026-08-05T22:38:00+00:00 already passed at 2026-08-1
  already_logged #35 WAS v DAL @ T-30m              idempotent: pair exists
  already_logged #36 CHI v LAS @ T-90m              idempotent: pair exists
  already_logged #37 IND v LVA @ T-8h               idempotent: pair exists
  already_logged #38 MIN v LAS @ T-8h               idempotent: pair exists
  already_logged #39 PDX v TOR @ T-8h               idempotent: pair exists
  already_logged #40 IND v LVA @ T-90m              idempotent: pair exists
  already_logged #41 MIN v LAS @ T-90m              idempotent: pair exists
  already_logged #42 PDX v TOR @ T-90m              idempotent: pair exists
  late_prevented #43 IND v LVA @ T-30m              cutoff 2026-08-06T22:36:00+00:00 already passed at 2026-08-1
  already_logged #44 PDX v TOR @ T-30m              idempotent: pair exists
  already_logged #45 CON v PHX @ T-8h               idempotent: pair exists
  already_logged #46 WAS v ATL @ T-8h               idempotent: pair exists
  already_logged #47 DAL v GSV @ T-8h               idempotent: pair exists
  already_logged #48 CON v PHX @ T-90m              idempotent: pair exists
  already_logged #49 WAS v ATL @ T-90m              idempotent: pair exists
  already_logged #50 DAL v GSV @ T-90m              idempotent: pair exists
  already_logged #51 CON v PHX @ T-30m              idempotent: pair exists
  already_logged #52 WAS v ATL @ T-30m              idempotent: pair exists
  already_logged #53 DAL v GSV @ T-30m              idempotent: pair exists
  already_logged #54 MIN v LVA @ T-8h               idempotent: pair exists
  already_logged #55 CHI v IND @ T-8h               idempotent: pair exists
  already_logged #56 PDX v SEA @ T-8h               idempotent: pair exists
  already_logged #57 MIN v LVA @ T-90m              idempotent: pair exists
  late_prevented #58 CHI v IND @ T-8h               cutoff 2026-08-08T11:35:00+00:00 already passed at 2026-08-1
  already_logged #59 PDX v SEA @ T-8h               idempotent: pair exists
  already_logged #60 PDX v SEA @ T-90m              idempotent: pair exists
  skip           #61 CHI v IND @ unknown-tip        base record is an explicit no-forecast; nothing to pair
  skip           #62 MIN v LVA @ unknown-tip        base record is an explicit no-forecast; nothing to pair
  already_logged #63 PDX v SEA @ T-30m              idempotent: pair exists
  already_logged #64 WAS v LAS @ T-90m              idempotent: pair exists
  already_logged #65 LVA v MIN @ T-90m              idempotent: pair exists
  already_logged #66 WAS v LAS @ T-30m              idempotent: pair exists
  late_prevented #67 LVA v MIN @ T-90m              cutoff 2026-08-15T22:30:00+00:00 already passed at 2026-08-1
  skip           #68 CON v NYL @ unknown-tip        base record is an explicit no-forecast; nothing to pair

  already_logged=46, late_prevented=18, skip=5
  arm chain: ok=True n=41 tip=2d92d878aeb91d29
  receipt appended to prospective_pair_runs.jsonl
[arm] exit=0 
====================================================================================================
FORECAST COVERAGE AUDIT   generated 2026-08-15T23:15:05.736502+00:00
====================================================================================================

CUMULATIVE by classification
  missing_job_did_not_run      62
  forecast_logged              51
  before_period_start          15
  not_yet_due                  10
  missing_data_unavailable     9
  late_record                  5

  obligations 152 | due 127 | served 51 | coverage 40.2%
  operational misses 62 | unexplained 0
  PROMOTION-GRADE: NO   (needs >= 95% served, <= 0 operational misses, all explained)

DAILY
  date         oblig  served     due     excl    opmiss arm_recs
  2026-07-30      12       0       0       12         0        0
  2026-07-31      12       6       9        3         0        0
  2026-08-01       8       2       8        0         6        0
  2026-08-02      16       0      16        0        16        0
  2026-08-03      12       6      12        0         3        3
  2026-08-04       4       3       4        0         1        3
  2026-08-05      16       9      16        0         4        9
  2026-08-06      12       7      12        0         3        7
  2026-08-07      12       9      12        0         3        9
  2026-08-08      12       6      12        0         3        4
  2026-08-09      16       0      16        0        16        0
  2026-08-15       8       3       7        1         4        1
  2026-08-16      12       0       3        9         3        0

EVERY MISSING OR IRREGULAR OBLIGATION (each must carry an explanation)
  2026-07-31 ATL v SEA T-90m   missing_data_unavailable   job served 1 other game(s) on 2026-07-31 at T-90m
  2026-07-31 WAS v DAL T-90m   missing_data_unavailable   job served 1 other game(s) on 2026-07-31 at T-90m
  2026-07-31 PDX v IND T-30m   missing_data_unavailable   job served 2 other game(s) on 2026-07-31 at T-30m
  2026-08-01 CHI v LVA T-24h   missing_job_did_not_run    no base record for ANY game on 2026-08-01 at T-24h
  2026-08-01 CHI v LVA T-8h    missing_job_did_not_run    no base record for ANY game on 2026-08-01 at T-8h
  2026-08-01 CHI v LVA T-30m   missing_job_did_not_run    no base record for ANY game on 2026-08-01 at T-30m
  2026-08-01 PHX v NYL T-24h   missing_job_did_not_run    no base record for ANY game on 2026-08-01 at T-24h
  2026-08-01 PHX v NYL T-8h    missing_job_did_not_run    no base record for ANY game on 2026-08-01 at T-8h
  2026-08-01 PHX v NYL T-30m   missing_job_did_not_run    no base record for ANY game on 2026-08-01 at T-30m
  2026-08-02 DAL v CON T-24h   missing_job_did_not_run    no base record for ANY game on 2026-08-02 at T-24h
  2026-08-02 DAL v CON T-8h    missing_job_did_not_run    no base record for ANY game on 2026-08-02 at T-8h
  2026-08-02 DAL v CON T-90m   missing_job_did_not_run    no base record for ANY game on 2026-08-02 at T-90m
  2026-08-02 DAL v CON T-30m   missing_job_did_not_run    no base record for ANY game on 2026-08-02 at T-30m
  2026-08-02 GSV v TOR T-24h   missing_job_did_not_run    no base record for ANY game on 2026-08-02 at T-24h
  2026-08-02 GSV v TOR T-8h    missing_job_did_not_run    no base record for ANY game on 2026-08-02 at T-8h
  2026-08-02 GSV v TOR T-90m   missing_job_did_not_run    no base record for ANY game on 2026-08-02 at T-90m
  2026-08-02 GSV v TOR T-30m   missing_job_did_not_run    no base record for ANY game on 2026-08-02 at T-30m
  2026-08-02 MIN v IND T-24h   missing_job_did_not_run    no base record for ANY game on 2026-08-02 at T-24h
  2026-08-02 MIN v IND T-8h    missing_job_did_not_run    no base record for ANY game on 2026-08-02 at T-8h
  2026-08-02 MIN v IND T-90m   missing_job_did_not_run    no base record for ANY game on 2026-08-02 at T-90m
  2026-08-02 MIN v IND T-30m   missing_job_did_not_run    no base record for ANY game on 2026-08-02 at T-30m
  2026-08-02 PDX v LAS T-24h   missing_job_did_not_run    no base record for ANY game on 2026-08-02 at T-24h
  2026-08-02 PDX v LAS T-8h    missing_job_did_not_run    no base record for ANY game on 2026-08-02 at T-8h
  2026-08-02 PDX v LAS T-90m   missing_job_did_not_run    no base record for ANY game on 2026-08-02 at T-90m
  2026-08-02 PDX v LAS T-30m   missing_job_did_not_run    no base record for ANY game on 2026-08-02 at T-30m
  2026-08-03 NYL v SEA T-24h   missing_job_did_not_run    no base record for ANY game on 2026-08-03 at T-24h
  2026-08-03 NYL v SEA T-30m   late_record                created 2026-08-03T22:45:08.958486+00:00 after cutoff
  2026-08-03 ATL v LVA T-24h   missing_job_did_not_run    no base record for ANY game on 2026-08-03 at T-24h
  2026-08-03 ATL v LVA T-30m   late_record                created 2026-08-03T22:45:08.976775+00:00 after cutoff
  2026-08-03 CHI v PHX T-24h   missing_job_did_not_run    no base record for ANY game on 2026-08-03 at T-24h
  2026-08-03 CHI v PHX T-30m   missing_data_unavailable   job served 2 other game(s) on 2026-08-03 at T-30m
  2026-08-04 GSV v TOR T-24h   missing_job_did_not_run    no base record for ANY game on 2026-08-04 at T-24h
  2026-08-05 WAS v DAL T-24h   missing_job_did_not_run    no base record for ANY game on 2026-08-05 at T-24h
  2026-08-05 NYL v SEA T-24h   missing_job_did_not_run    no base record for ANY game on 2026-08-05 at T-24h
  2026-08-05 NYL v SEA T-30m   late_record                created 2026-08-05T22:45:07.299457+00:00 after cutoff
  2026-08-05 ATL v PHX T-24h   missing_job_did_not_run    no base record for ANY game on 2026-08-05 at T-24h
  2026-08-05 ATL v PHX T-30m   late_record                created 2026-08-05T22:45:07.274521+00:00 after cutoff
  2026-08-05 CHI v LAS T-24h   missing_job_did_not_run    no base record for ANY game on 2026-08-05 at T-24h
  2026-08-05 CHI v LAS T-30m   missing_data_unavailable   job served 3 other game(s) on 2026-08-05 at T-30m
  2026-08-06 IND v LVA T-24h   missing_job_did_not_run    no base record for ANY game on 2026-08-06 at T-24h
  2026-08-06 IND v LVA T-30m   late_record                created 2026-08-06T22:45:09.382682+00:00 after cutoff
  2026-08-06 PDX v TOR T-24h   missing_job_did_not_run    no base record for ANY game on 2026-08-06 at T-24h
  2026-08-06 MIN v LAS T-24h   missing_job_did_not_run    no base record for ANY game on 2026-08-06 at T-24h
  2026-08-06 MIN v LAS T-30m   missing_data_unavailable   job served 2 other game(s) on 2026-08-06 at T-30m
  2026-08-07 WAS v ATL T-24h   missing_job_did_not_run    no base record for ANY game on 2026-08-07 at T-24h
  2026-08-07 CON v PHX T-24h   missing_job_did_not_run    no base record for ANY game on 2026-08-07 at T-24h
  2026-08-07 DAL v GSV T-24h   missing_job_did_not_run    no base record for ANY game on 2026-08-07 at T-24h
  2026-08-08 CHI v IND T-24h   missing_job_did_not_run    no base record for ANY game on 2026-08-08 at T-24h
  2026-08-08 CHI v IND T-90m   missing_data_unavailable   job served 2 other game(s) on 2026-08-08 at T-90m
  2026-08-08 CHI v IND T-30m   missing_data_unavailable   job served 1 other game(s) on 2026-08-08 at T-30m
  2026-08-08 MIN v LVA T-24h   missing_job_did_not_run    no base record for ANY game on 2026-08-08 at T-24h
  2026-08-08 MIN v LVA T-30m   missing_data_unavailable   job served 1 other game(s) on 2026-08-08 at T-30m
  2026-08-08 PDX v SEA T-24h   missing_job_did_not_run    no base record for ANY game on 2026-08-08 at T-24h
  2026-08-09 WAS v PHX T-24h   missing_job_did_not_run    no base record for ANY game on 2026-08-09 at T-24h
  2026-08-09 WAS v PHX T-8h    missing_job_did_not_run    no base record for ANY game on 2026-08-09 at T-8h
  2026-08-09 WAS v PHX T-90m   missing_job_did_not_run    no base record for ANY game on 2026-08-09 at T-90m
  2026-08-09 WAS v PHX T-30m   missing_job_did_not_run    no base record for ANY game on 2026-08-09 at T-30m
  2026-08-09 LAS v GSV T-24h   missing_job_did_not_run    no base record for ANY game on 2026-08-09 at T-24h
  2026-08-09 LAS v GSV T-8h    missing_job_did_not_run    no base record for ANY game on 2026-08-09 at T-8h
  2026-08-09 LAS v GSV T-90m   missing_job_did_not_run    no base record for ANY game on 2026-08-09 at T-90m
  2026-08-09 LAS v GSV T-30m   missing_job_did_not_run    no base record for ANY game on 2026-08-09 at T-30m
  2026-08-09 NYL v LVA T-24h   missing_job_did_not_run    no base record for ANY game on 2026-08-09 at T-24h
  2026-08-09 NYL v LVA T-8h    missing_job_did_not_run    no base record for ANY game on 2026-08-09 at T-8h
  2026-08-09 NYL v LVA T-90m   missing_job_did_not_run    no base record for ANY game on 2026-08-09 at T-90m
  2026-08-09 NYL v LVA T-30m   missing_job_did_not_run    no base record for ANY game on 2026-08-09 at T-30m
  2026-08-09 MIN v DAL T-24h   missing_job_did_not_run    no base record for ANY game on 2026-08-09 at T-24h
  2026-08-09 MIN v DAL T-8h    missing_job_did_not_run    no base record for ANY game on 2026-08-09 at T-8h
  2026-08-09 MIN v DAL T-90m   missing_job_did_not_run    no base record for ANY game on 2026-08-09 at T-90m
  2026-08-09 MIN v DAL T-30m   missing_job_did_not_run    no base record for ANY game on 2026-08-09 at T-30m
  2026-08-15 WAS v LAS T-24h   missing_job_did_not_run    no base record for ANY game on 2026-08-15 at T-24h
  2026-08-15 WAS v LAS T-8h    missing_job_did_not_run    no base record for ANY game on 2026-08-15 at T-8h
  2026-08-15 LVA v MIN T-24h   missing_job_did_not_run    no base record for ANY game on 2026-08-15 at T-24h
  2026-08-15 LVA v MIN T-8h    missing_job_did_not_run    no base record for ANY game on 2026-08-15 at T-8h
  2026-08-16 ATL v IND T-24h   missing_job_did_not_run    no base record for ANY game on 2026-08-16 at T-24h
  2026-08-16 SEA v CHI T-24h   missing_job_did_not_run    no base record for ANY game on 2026-08-16 at T-24h
  2026-08-16 PHX v PDX T-24h   missing_job_did_not_run    no base record for ANY game on 2026-08-16 at T-24h

wrote forecasts/coverage_audit.csv and forecasts/coverage_receipt.json
[audit] exit=0 
==== Sat 08/15/2026 19:30:02.84 ==== 
[gate] 2026-08-15T23:30:03.595078+00:00  fire=True  -- 1 unserved obligation(s) in window, none would duplicate; 3 slate game(s) have no official game_id and were served under a provisional id: ATL v IND (2026-08-16) -> PROV-2026-08-16-IND@ATL, SEA v CHI (2026-08-16) -> PROV-2026-08-16-CHI@SEA, PHX v PDX (2026-08-16) -> PROV-2026-08-16-PDX@PHX
       LVA v MIN      T-30m   unserved cutoff 2026-08-15T23:30:00 (-0 min) IN-WINDOW
       ATL v IND      T-24h   unserved cutoff 2026-08-15T21:00:00 (-150 min) 
       SEA v CHI      T-24h   unserved cutoff 2026-08-15T21:00:00 (-150 min) 
       PHX v PDX      T-24h   unserved cutoff 2026-08-15T23:00:00 (-30 min) 
[gate] BASE RUN DUE
slate date 2026-08-15 (ET) | season 2026 | cutoff 2026-08-15T23:30:04.597255+00:00 | OFFICIAL chain C:\Users\jgallagher\wnba-betting-model\forecasts\forecast_log.jsonl
[WARN] masters: latest 2026 game in masters is 2026-08-07 (8 days before the slate) ? check the daily gamelog/misc refresh before trusting trends
[WARN] slate: NYL @ CON appears in ref assignments but NOT in the odds snapshot (market pulled/suspended?) ? included with null market and NULL tip time; not loggable to the chain without an event_time
[BLOCK] entity-resolution: Indiana Fever: designation 'Out' for 'Ugonne Onyiah' resolves to NO player identity in any season ? cold start or unlisted alias. FAIL-CLOSED: the availability estimate for this team is not trustworthy until an alias or a cold-start object is supplied.
[BLOCK] entity-resolution: Los Angeles Sparks: designation 'Out' for 'Tonie Morgan' resolves to NO player identity in any season ? cold start or unlisted alias. FAIL-CLOSED: the availability estimate for this team is not trustworthy until an alias or a cold-start object is supplied.
[BLOCK] entity-resolution: Indiana Fever: designation 'Out' for 'Michelle Onyiah' resolves to NO player identity in any season ? cold start or unlisted alias. FAIL-CLOSED: the availability estimate for this team is not trustworthy until an alias or a cold-start object is supplied.
[BLOCK] entity-resolution: Minnesota Lynx: designation 'Out' for 'Elena Buenavida' resolves to NO player identity in any season ? cold start or unlisted alias. FAIL-CLOSED: the availability estimate for this team is not trustworthy until an alias or a cold-start object is supplied.
[INFO] player-layer: LAS: Alissa Pili (Out) is on the injury report but outside the 3-game recency roster (last rostered 2026-07-13) ? long-term absentee, already excluded from the availability estimate
[INFO] player-layer: LVA: Janiah Barker (Out) is on the injury report but outside the 3-game recency roster (last rostered 2026-07-09) ? long-term absentee, already excluded from the availability estimate
[INFO] player-layer: MIN: Liatu King (Out) is on the injury report but outside the 3-game recency roster (last rostered 2026-07-15) ? long-term absentee, already excluded from the availability estimate
[INFO] player-layer: NYL: Anneli Maley (Out) is on the injury report but outside the 3-game recency roster (last rostered 2026-07-30) ? long-term absentee, already excluded from the availability estimate
[INFO] trend-staleness: CON last played 2026-08-07 (8 days before the slate) ? trend features are that old (schedule gap, not a data failure: masters are current through yesterday)
[INFO] trend-staleness: LAS last played 2026-08-06 (9 days before the slate) ? trend features are that old (schedule gap, not a data failure: masters are current through yesterday)
[INFO] trend-staleness: LVA last played 2026-08-06 (9 days before the slate) ? trend features are that old (schedule gap, not a data failure: masters are current through yesterday)
[INFO] trend-staleness: MIN last played 2026-08-06 (9 days before the slate) ? trend features are that old (schedule gap, not a data failure: masters are current through yesterday)
[INFO] trend-staleness: NYL last played 2026-08-05 (10 days before the slate) ? trend features are that old (schedule gap, not a data failure: masters are current through yesterday)
[INFO] trend-staleness: WAS last played 2026-08-07 (8 days before the slate) ? trend features are that old (schedule gap, not a data failure: masters are current through yesterday)
[WARN] forecast: LAS @ WAS: tip already passed at the cutoff ? a post-tip 'forecast' violates the prediction contract
[INFO] chain: LAS @ WAS: obligation (game 1022600257, T-30m, this model version) already served ? refused by the obligation guard (D-c: dedup no longer keys on the wall-clock cutoff); a second serving is the same decision re-timestamped, not a new prediction
[INFO] chain: NYL @ CON: obligation (game 1022600256, unknown-tip, this model version) already served ? refused by the obligation guard (D-c: dedup no longer keys on the wall-clock cutoff); a second serving is the same decision re-timestamped, not a new prediction
OFFICIAL chain verified (forecast_log.jsonl): ok=True, n_records=70, tip_sha256=f84df7755d1f49e26b125c8519de9195920d9b9129d4c0d9371b719de5659fa6 — record these two values out of band; tail truncation is only detectable against an external anchor

wrote C:\Users\jgallagher\wnba-betting-model\experiments\forecast_dryrun\forecast_today.csv
wrote C:\Users\jgallagher\wnba-betting-model\experiments\forecast_dryrun\REPORT.md, feature_snapshot.csv, snapshot_manifest.json
chain: 1 logged, 2 already-served refused (obligation-keyed dedup, D-c), 0 failed writes

== slate ==
LAS @ WAS 2026-08-15 19:30 — no forecast: tip already passed at the cutoff — a post-tip 'forecast' violates the prediction contract
MIN @ LVA tip 2026-08-15 20:00 ET [T-30m] H 88.4 A 88.2 margin -0.8 total 176.6 | market spread +2.0 total 182.0
NYL @ CON tip unknown ET [unknown-tip] H 82.4 A 86.7 margin -5.8 total 169.1 | market spread n/a total None
[base] exit=0 
================================================================================================
PROSPECTIVE PAIR RUNNER  2026-08-15T23:30:06.355313+00:00  model=ridge_score_level_w2c1_v1 hash=5d295bb8b99cd34e
================================================================================================
base records in official chain: 70
  late_prevented #0 ATL v SEA @ T-8h                cutoff 2026-07-31T15:35:00+00:00 already passed at 2026-08-1
  late_prevented #1 WAS v DAL @ T-8h                cutoff 2026-07-31T15:35:00+00:00 already passed at 2026-08-1
  late_prevented #2 PDX v IND @ T-8h                cutoff 2026-07-31T18:06:00+00:00 already passed at 2026-08-1
  late_prevented #3 ATL v SEA @ T-30m               cutoff 2026-07-31T23:05:00+00:00 already passed at 2026-08-1
  late_prevented #4 WAS v DAL @ T-30m               cutoff 2026-07-31T23:05:00+00:00 already passed at 2026-08-1
  late_prevented #5 PDX v IND @ T-90m               cutoff 2026-08-01T00:36:00+00:00 already passed at 2026-08-1
  late_prevented #6 CHI v LVA @ T-90m               cutoff 2026-08-01T15:35:00+00:00 already passed at 2026-08-1
  late_prevented #7 PHX v NYL @ T-90m               cutoff 2026-08-01T17:34:00+00:00 already passed at 2026-08-1
  skip           #8 CHI v LVA @ unknown-tip         base record is an explicit no-forecast; nothing to pair
  skip           #9 PHX v NYL @ unknown-tip         base record is an explicit no-forecast; nothing to pair
  late_prevented #10 NYL v SEA @ T-8h               cutoff 2026-08-03T15:04:00+00:00 already passed at 2026-08-1
  late_prevented #11 ATL v LVA @ T-8h               cutoff 2026-08-03T15:14:00+00:00 already passed at 2026-08-1
  late_prevented #12 CHI v PHX @ T-8h               cutoff 2026-08-03T17:08:00+00:00 already passed at 2026-08-1
  already_logged #13 NYL v SEA @ T-90m              idempotent: pair exists
  already_logged #14 ATL v LVA @ T-90m              idempotent: pair exists
  already_logged #15 CHI v PHX @ T-90m              idempotent: pair exists
  already_logged #16 NYL v SEA @ T-90m              idempotent: pair exists
  already_logged #17 ATL v LVA @ T-90m              idempotent: pair exists
  already_logged #18 CHI v PHX @ T-90m              idempotent: pair exists
  late_prevented #19 NYL v SEA @ T-30m              cutoff 2026-08-03T22:34:00+00:00 already passed at 2026-08-1
  late_prevented #20 ATL v LVA @ T-30m              cutoff 2026-08-03T22:44:00+00:00 already passed at 2026-08-1
  already_logged #21 CHI v PHX @ T-90m              idempotent: pair exists
  already_logged #22 GSV v TOR @ T-8h               idempotent: pair exists
  already_logged #23 GSV v TOR @ T-90m              idempotent: pair exists
  already_logged #24 GSV v TOR @ T-30m              idempotent: pair exists
  already_logged #25 ATL v PHX @ T-8h               idempotent: pair exists
  already_logged #26 NYL v SEA @ T-8h               idempotent: pair exists
  already_logged #27 WAS v DAL @ T-8h               idempotent: pair exists
  already_logged #28 CHI v LAS @ T-8h               idempotent: pair exists
  already_logged #29 ATL v PHX @ T-90m              idempotent: pair exists
  already_logged #30 NYL v SEA @ T-90m              idempotent: pair exists
  already_logged #31 WAS v DAL @ T-90m              idempotent: pair exists
  already_logged #32 CHI v LAS @ T-90m              idempotent: pair exists
  late_prevented #33 ATL v PHX @ T-30m              cutoff 2026-08-05T22:33:00+00:00 already passed at 2026-08-1
  late_prevented #34 NYL v SEA @ T-30m              cutoff 2026-08-05T22:38:00+00:00 already passed at 2026-08-1
  already_logged #35 WAS v DAL @ T-30m              idempotent: pair exists
  already_logged #36 CHI v LAS @ T-90m              idempotent: pair exists
  already_logged #37 IND v LVA @ T-8h               idempotent: pair exists
  already_logged #38 MIN v LAS @ T-8h               idempotent: pair exists
  already_logged #39 PDX v TOR @ T-8h               idempotent: pair exists
  already_logged #40 IND v LVA @ T-90m              idempotent: pair exists
  already_logged #41 MIN v LAS @ T-90m              idempotent: pair exists
  already_logged #42 PDX v TOR @ T-90m              idempotent: pair exists
  late_prevented #43 IND v LVA @ T-30m              cutoff 2026-08-06T22:36:00+00:00 already passed at 2026-08-1
  already_logged #44 PDX v TOR @ T-30m              idempotent: pair exists
  already_logged #45 CON v PHX @ T-8h               idempotent: pair exists
  already_logged #46 WAS v ATL @ T-8h               idempotent: pair exists
  already_logged #47 DAL v GSV @ T-8h               idempotent: pair exists
  already_logged #48 CON v PHX @ T-90m              idempotent: pair exists
  already_logged #49 WAS v ATL @ T-90m              idempotent: pair exists
  already_logged #50 DAL v GSV @ T-90m              idempotent: pair exists
  already_logged #51 CON v PHX @ T-30m              idempotent: pair exists
  already_logged #52 WAS v ATL @ T-30m              idempotent: pair exists
  already_logged #53 DAL v GSV @ T-30m              idempotent: pair exists
  already_logged #54 MIN v LVA @ T-8h               idempotent: pair exists
  already_logged #55 CHI v IND @ T-8h               idempotent: pair exists
  already_logged #56 PDX v SEA @ T-8h               idempotent: pair exists
  already_logged #57 MIN v LVA @ T-90m              idempotent: pair exists
  late_prevented #58 CHI v IND @ T-8h               cutoff 2026-08-08T11:35:00+00:00 already passed at 2026-08-1
  already_logged #59 PDX v SEA @ T-8h               idempotent: pair exists
  already_logged #60 PDX v SEA @ T-90m              idempotent: pair exists
  skip           #61 CHI v IND @ unknown-tip        base record is an explicit no-forecast; nothing to pair
  skip           #62 MIN v LVA @ unknown-tip        base record is an explicit no-forecast; nothing to pair
  already_logged #63 PDX v SEA @ T-30m              idempotent: pair exists
  already_logged #64 WAS v LAS @ T-90m              idempotent: pair exists
  already_logged #65 LVA v MIN @ T-90m              idempotent: pair exists
  already_logged #66 WAS v LAS @ T-30m              idempotent: pair exists
  late_prevented #67 LVA v MIN @ T-90m              cutoff 2026-08-15T22:30:00+00:00 already passed at 2026-08-1
  skip           #68 CON v NYL @ unknown-tip        base record is an explicit no-forecast; nothing to pair
  late_prevented #69 LVA v MIN @ T-30m              cutoff 2026-08-15T23:30:00+00:00 already passed at 2026-08-1

  already_logged=46, late_prevented=19, skip=5
  arm chain: ok=True n=41 tip=2d92d878aeb91d29
  receipt appended to prospective_pair_runs.jsonl
[arm] exit=0 
====================================================================================================
FORECAST COVERAGE AUDIT   generated 2026-08-15T23:30:07.526110+00:00
====================================================================================================

CUMULATIVE by classification
  missing_job_did_not_run      62
  forecast_logged              51
  before_period_start          15
  missing_data_unavailable     9
  not_yet_due                  9
  late_record                  6

  obligations 152 | due 128 | served 51 | coverage 39.8%
  operational misses 62 | unexplained 0
  PROMOTION-GRADE: NO   (needs >= 95% served, <= 0 operational misses, all explained)

DAILY
  date         oblig  served     due     excl    opmiss arm_recs
  2026-07-30      12       0       0       12         0        0
  2026-07-31      12       6       9        3         0        0
  2026-08-01       8       2       8        0         6        0
  2026-08-02      16       0      16        0        16        0
  2026-08-03      12       6      12        0         3        3
  2026-08-04       4       3       4        0         1        3
  2026-08-05      16       9      16        0         4        9
  2026-08-06      12       7      12        0         3        7
  2026-08-07      12       9      12        0         3        9
  2026-08-08      12       6      12        0         3        4
  2026-08-09      16       0      16        0        16        0
  2026-08-15       8       3       8        0         4        1
  2026-08-16      12       0       3        9         3        0

EVERY MISSING OR IRREGULAR OBLIGATION (each must carry an explanation)
  2026-07-31 ATL v SEA T-90m   missing_data_unavailable   job served 1 other game(s) on 2026-07-31 at T-90m
  2026-07-31 WAS v DAL T-90m   missing_data_unavailable   job served 1 other game(s) on 2026-07-31 at T-90m
  2026-07-31 PDX v IND T-30m   missing_data_unavailable   job served 2 other game(s) on 2026-07-31 at T-30m
  2026-08-01 CHI v LVA T-24h   missing_job_did_not_run    no base record for ANY game on 2026-08-01 at T-24h
  2026-08-01 CHI v LVA T-8h    missing_job_did_not_run    no base record for ANY game on 2026-08-01 at T-8h
  2026-08-01 CHI v LVA T-30m   missing_job_did_not_run    no base record for ANY game on 2026-08-01 at T-30m
  2026-08-01 PHX v NYL T-24h   missing_job_did_not_run    no base record for ANY game on 2026-08-01 at T-24h
  2026-08-01 PHX v NYL T-8h    missing_job_did_not_run    no base record for ANY game on 2026-08-01 at T-8h
  2026-08-01 PHX v NYL T-30m   missing_job_did_not_run    no base record for ANY game on 2026-08-01 at T-30m
  2026-08-02 DAL v CON T-24h   missing_job_did_not_run    no base record for ANY game on 2026-08-02 at T-24h
  2026-08-02 DAL v CON T-8h    missing_job_did_not_run    no base record for ANY game on 2026-08-02 at T-8h
  2026-08-02 DAL v CON T-90m   missing_job_did_not_run    no base record for ANY game on 2026-08-02 at T-90m
  2026-08-02 DAL v CON T-30m   missing_job_did_not_run    no base record for ANY game on 2026-08-02 at T-30m
  2026-08-02 GSV v TOR T-24h   missing_job_did_not_run    no base record for ANY game on 2026-08-02 at T-24h
  2026-08-02 GSV v TOR T-8h    missing_job_did_not_run    no base record for ANY game on 2026-08-02 at T-8h
  2026-08-02 GSV v TOR T-90m   missing_job_did_not_run    no base record for ANY game on 2026-08-02 at T-90m
  2026-08-02 GSV v TOR T-30m   missing_job_did_not_run    no base record for ANY game on 2026-08-02 at T-30m
  2026-08-02 MIN v IND T-24h   missing_job_did_not_run    no base record for ANY game on 2026-08-02 at T-24h
  2026-08-02 MIN v IND T-8h    missing_job_did_not_run    no base record for ANY game on 2026-08-02 at T-8h
  2026-08-02 MIN v IND T-90m   missing_job_did_not_run    no base record for ANY game on 2026-08-02 at T-90m
  2026-08-02 MIN v IND T-30m   missing_job_did_not_run    no base record for ANY game on 2026-08-02 at T-30m
  2026-08-02 PDX v LAS T-24h   missing_job_did_not_run    no base record for ANY game on 2026-08-02 at T-24h
  2026-08-02 PDX v LAS T-8h    missing_job_did_not_run    no base record for ANY game on 2026-08-02 at T-8h
  2026-08-02 PDX v LAS T-90m   missing_job_did_not_run    no base record for ANY game on 2026-08-02 at T-90m
  2026-08-02 PDX v LAS T-30m   missing_job_did_not_run    no base record for ANY game on 2026-08-02 at T-30m
  2026-08-03 NYL v SEA T-24h   missing_job_did_not_run    no base record for ANY game on 2026-08-03 at T-24h
  2026-08-03 NYL v SEA T-30m   late_record                created 2026-08-03T22:45:08.958486+00:00 after cutoff
  2026-08-03 ATL v LVA T-24h   missing_job_did_not_run    no base record for ANY game on 2026-08-03 at T-24h
  2026-08-03 ATL v LVA T-30m   late_record                created 2026-08-03T22:45:08.976775+00:00 after cutoff
  2026-08-03 CHI v PHX T-24h   missing_job_did_not_run    no base record for ANY game on 2026-08-03 at T-24h
  2026-08-03 CHI v PHX T-30m   missing_data_unavailable   job served 2 other game(s) on 2026-08-03 at T-30m
  2026-08-04 GSV v TOR T-24h   missing_job_did_not_run    no base record for ANY game on 2026-08-04 at T-24h
  2026-08-05 WAS v DAL T-24h   missing_job_did_not_run    no base record for ANY game on 2026-08-05 at T-24h
  2026-08-05 NYL v SEA T-24h   missing_job_did_not_run    no base record for ANY game on 2026-08-05 at T-24h
  2026-08-05 NYL v SEA T-30m   late_record                created 2026-08-05T22:45:07.299457+00:00 after cutoff
  2026-08-05 ATL v PHX T-24h   missing_job_did_not_run    no base record for ANY game on 2026-08-05 at T-24h
  2026-08-05 ATL v PHX T-30m   late_record                created 2026-08-05T22:45:07.274521+00:00 after cutoff
  2026-08-05 CHI v LAS T-24h   missing_job_did_not_run    no base record for ANY game on 2026-08-05 at T-24h
  2026-08-05 CHI v LAS T-30m   missing_data_unavailable   job served 3 other game(s) on 2026-08-05 at T-30m
  2026-08-06 IND v LVA T-24h   missing_job_did_not_run    no base record for ANY game on 2026-08-06 at T-24h
  2026-08-06 IND v LVA T-30m   late_record                created 2026-08-06T22:45:09.382682+00:00 after cutoff
  2026-08-06 PDX v TOR T-24h   missing_job_did_not_run    no base record for ANY game on 2026-08-06 at T-24h
  2026-08-06 MIN v LAS T-24h   missing_job_did_not_run    no base record for ANY game on 2026-08-06 at T-24h
  2026-08-06 MIN v LAS T-30m   missing_data_unavailable   job served 2 other game(s) on 2026-08-06 at T-30m
  2026-08-07 WAS v ATL T-24h   missing_job_did_not_run    no base record for ANY game on 2026-08-07 at T-24h
  2026-08-07 CON v PHX T-24h   missing_job_did_not_run    no base record for ANY game on 2026-08-07 at T-24h
  2026-08-07 DAL v GSV T-24h   missing_job_did_not_run    no base record for ANY game on 2026-08-07 at T-24h
  2026-08-08 CHI v IND T-24h   missing_job_did_not_run    no base record for ANY game on 2026-08-08 at T-24h
  2026-08-08 CHI v IND T-90m   missing_data_unavailable   job served 2 other game(s) on 2026-08-08 at T-90m
  2026-08-08 CHI v IND T-30m   missing_data_unavailable   job served 1 other game(s) on 2026-08-08 at T-30m
  2026-08-08 MIN v LVA T-24h   missing_job_did_not_run    no base record for ANY game on 2026-08-08 at T-24h
  2026-08-08 MIN v LVA T-30m   missing_data_unavailable   job served 1 other game(s) on 2026-08-08 at T-30m
  2026-08-08 PDX v SEA T-24h   missing_job_did_not_run    no base record for ANY game on 2026-08-08 at T-24h
  2026-08-09 WAS v PHX T-24h   missing_job_did_not_run    no base record for ANY game on 2026-08-09 at T-24h
  2026-08-09 WAS v PHX T-8h    missing_job_did_not_run    no base record for ANY game on 2026-08-09 at T-8h
  2026-08-09 WAS v PHX T-90m   missing_job_did_not_run    no base record for ANY game on 2026-08-09 at T-90m
  2026-08-09 WAS v PHX T-30m   missing_job_did_not_run    no base record for ANY game on 2026-08-09 at T-30m
  2026-08-09 LAS v GSV T-24h   missing_job_did_not_run    no base record for ANY game on 2026-08-09 at T-24h
  2026-08-09 LAS v GSV T-8h    missing_job_did_not_run    no base record for ANY game on 2026-08-09 at T-8h
  2026-08-09 LAS v GSV T-90m   missing_job_did_not_run    no base record for ANY game on 2026-08-09 at T-90m
  2026-08-09 LAS v GSV T-30m   missing_job_did_not_run    no base record for ANY game on 2026-08-09 at T-30m
  2026-08-09 NYL v LVA T-24h   missing_job_did_not_run    no base record for ANY game on 2026-08-09 at T-24h
  2026-08-09 NYL v LVA T-8h    missing_job_did_not_run    no base record for ANY game on 2026-08-09 at T-8h
  2026-08-09 NYL v LVA T-90m   missing_job_did_not_run    no base record for ANY game on 2026-08-09 at T-90m
  2026-08-09 NYL v LVA T-30m   missing_job_did_not_run    no base record for ANY game on 2026-08-09 at T-30m
  2026-08-09 MIN v DAL T-24h   missing_job_did_not_run    no base record for ANY game on 2026-08-09 at T-24h
  2026-08-09 MIN v DAL T-8h    missing_job_did_not_run    no base record for ANY game on 2026-08-09 at T-8h
  2026-08-09 MIN v DAL T-90m   missing_job_did_not_run    no base record for ANY game on 2026-08-09 at T-90m
  2026-08-09 MIN v DAL T-30m   missing_job_did_not_run    no base record for ANY game on 2026-08-09 at T-30m
  2026-08-15 WAS v LAS T-24h   missing_job_did_not_run    no base record for ANY game on 2026-08-15 at T-24h
  2026-08-15 WAS v LAS T-8h    missing_job_did_not_run    no base record for ANY game on 2026-08-15 at T-8h
  2026-08-15 LVA v MIN T-24h   missing_job_did_not_run    no base record for ANY game on 2026-08-15 at T-24h
  2026-08-15 LVA v MIN T-8h    missing_job_did_not_run    no base record for ANY game on 2026-08-15 at T-8h
  2026-08-15 LVA v MIN T-30m   late_record                created 2026-08-15T23:30:05.579463+00:00 after cutoff
  2026-08-16 ATL v IND T-24h   missing_job_did_not_run    no base record for ANY game on 2026-08-16 at T-24h
  2026-08-16 SEA v CHI T-24h   missing_job_did_not_run    no base record for ANY game on 2026-08-16 at T-24h
  2026-08-16 PHX v PDX T-24h   missing_job_did_not_run    no base record for ANY game on 2026-08-16 at T-24h

wrote forecasts/coverage_audit.csv and forecasts/coverage_receipt.json
[audit] exit=0 
==== Sat 08/15/2026 19:45:02.81 ==== 
[gate] 2026-08-15T23:45:03.563778+00:00  fire=False  -- would duplicate 1 already-served obligation(s); the base job cannot be scoped to one game; 3 slate game(s) have no official game_id and were served under a provisional id: ATL v IND (2026-08-16) -> PROV-2026-08-16-IND@ATL, SEA v CHI (2026-08-16) -> PROV-2026-08-16-CHI@SEA, PHX v PDX (2026-08-16) -> PROV-2026-08-16-PDX@PHX
       LVA v MIN      T-30m   SERVED   cutoff 2026-08-15T23:30:00 (-15 min) 
       ATL v IND      T-24h   unserved cutoff 2026-08-15T21:00:00 (-165 min) 
       SEA v CHI      T-24h   unserved cutoff 2026-08-15T21:00:00 (-165 min) 
       PHX v PDX      T-24h   unserved cutoff 2026-08-15T23:00:00 (-45 min) 
[gate] HOLDING: firing now would append 1 permanent duplicate record(s) to an append-only chain. A missed obligation is recoverable; a duplicate is not.
[gate] skipping the base job
[base] skipped - no unserved obligation in its lead window 
[base] exit=0 
================================================================================================
PROSPECTIVE PAIR RUNNER  2026-08-15T23:45:04.583281+00:00  model=ridge_score_level_w2c1_v1 hash=5d295bb8b99cd34e
================================================================================================
base records in official chain: 70
  late_prevented #0 ATL v SEA @ T-8h                cutoff 2026-07-31T15:35:00+00:00 already passed at 2026-08-1
  late_prevented #1 WAS v DAL @ T-8h                cutoff 2026-07-31T15:35:00+00:00 already passed at 2026-08-1
  late_prevented #2 PDX v IND @ T-8h                cutoff 2026-07-31T18:06:00+00:00 already passed at 2026-08-1
  late_prevented #3 ATL v SEA @ T-30m               cutoff 2026-07-31T23:05:00+00:00 already passed at 2026-08-1
  late_prevented #4 WAS v DAL @ T-30m               cutoff 2026-07-31T23:05:00+00:00 already passed at 2026-08-1
  late_prevented #5 PDX v IND @ T-90m               cutoff 2026-08-01T00:36:00+00:00 already passed at 2026-08-1
  late_prevented #6 CHI v LVA @ T-90m               cutoff 2026-08-01T15:35:00+00:00 already passed at 2026-08-1
  late_prevented #7 PHX v NYL @ T-90m               cutoff 2026-08-01T17:34:00+00:00 already passed at 2026-08-1
  skip           #8 CHI v LVA @ unknown-tip         base record is an explicit no-forecast; nothing to pair
  skip           #9 PHX v NYL @ unknown-tip         base record is an explicit no-forecast; nothing to pair
  late_prevented #10 NYL v SEA @ T-8h               cutoff 2026-08-03T15:04:00+00:00 already passed at 2026-08-1
  late_prevented #11 ATL v LVA @ T-8h               cutoff 2026-08-03T15:14:00+00:00 already passed at 2026-08-1
  late_prevented #12 CHI v PHX @ T-8h               cutoff 2026-08-03T17:08:00+00:00 already passed at 2026-08-1
  already_logged #13 NYL v SEA @ T-90m              idempotent: pair exists
  already_logged #14 ATL v LVA @ T-90m              idempotent: pair exists
  already_logged #15 CHI v PHX @ T-90m              idempotent: pair exists
  already_logged #16 NYL v SEA @ T-90m              idempotent: pair exists
  already_logged #17 ATL v LVA @ T-90m              idempotent: pair exists
  already_logged #18 CHI v PHX @ T-90m              idempotent: pair exists
  late_prevented #19 NYL v SEA @ T-30m              cutoff 2026-08-03T22:34:00+00:00 already passed at 2026-08-1
  late_prevented #20 ATL v LVA @ T-30m              cutoff 2026-08-03T22:44:00+00:00 already passed at 2026-08-1
  already_logged #21 CHI v PHX @ T-90m              idempotent: pair exists
  already_logged #22 GSV v TOR @ T-8h               idempotent: pair exists
  already_logged #23 GSV v TOR @ T-90m              idempotent: pair exists
  already_logged #24 GSV v TOR @ T-30m              idempotent: pair exists
  already_logged #25 ATL v PHX @ T-8h               idempotent: pair exists
  already_logged #26 NYL v SEA @ T-8h               idempotent: pair exists
  already_logged #27 WAS v DAL @ T-8h               idempotent: pair exists
  already_logged #28 CHI v LAS @ T-8h               idempotent: pair exists
  already_logged #29 ATL v PHX @ T-90m              idempotent: pair exists
  already_logged #30 NYL v SEA @ T-90m              idempotent: pair exists
  already_logged #31 WAS v DAL @ T-90m              idempotent: pair exists
  already_logged #32 CHI v LAS @ T-90m              idempotent: pair exists
  late_prevented #33 ATL v PHX @ T-30m              cutoff 2026-08-05T22:33:00+00:00 already passed at 2026-08-1
  late_prevented #34 NYL v SEA @ T-30m              cutoff 2026-08-05T22:38:00+00:00 already passed at 2026-08-1
  already_logged #35 WAS v DAL @ T-30m              idempotent: pair exists
  already_logged #36 CHI v LAS @ T-90m              idempotent: pair exists
  already_logged #37 IND v LVA @ T-8h               idempotent: pair exists
  already_logged #38 MIN v LAS @ T-8h               idempotent: pair exists
  already_logged #39 PDX v TOR @ T-8h               idempotent: pair exists
  already_logged #40 IND v LVA @ T-90m              idempotent: pair exists
  already_logged #41 MIN v LAS @ T-90m              idempotent: pair exists
  already_logged #42 PDX v TOR @ T-90m              idempotent: pair exists
  late_prevented #43 IND v LVA @ T-30m              cutoff 2026-08-06T22:36:00+00:00 already passed at 2026-08-1
  already_logged #44 PDX v TOR @ T-30m              idempotent: pair exists
  already_logged #45 CON v PHX @ T-8h               idempotent: pair exists
  already_logged #46 WAS v ATL @ T-8h               idempotent: pair exists
  already_logged #47 DAL v GSV @ T-8h               idempotent: pair exists
  already_logged #48 CON v PHX @ T-90m              idempotent: pair exists
  already_logged #49 WAS v ATL @ T-90m              idempotent: pair exists
  already_logged #50 DAL v GSV @ T-90m              idempotent: pair exists
  already_logged #51 CON v PHX @ T-30m              idempotent: pair exists
  already_logged #52 WAS v ATL @ T-30m              idempotent: pair exists
  already_logged #53 DAL v GSV @ T-30m              idempotent: pair exists
  already_logged #54 MIN v LVA @ T-8h               idempotent: pair exists
  already_logged #55 CHI v IND @ T-8h               idempotent: pair exists
  already_logged #56 PDX v SEA @ T-8h               idempotent: pair exists
  already_logged #57 MIN v LVA @ T-90m              idempotent: pair exists
  late_prevented #58 CHI v IND @ T-8h               cutoff 2026-08-08T11:35:00+00:00 already passed at 2026-08-1
  already_logged #59 PDX v SEA @ T-8h               idempotent: pair exists
  already_logged #60 PDX v SEA @ T-90m              idempotent: pair exists
  skip           #61 CHI v IND @ unknown-tip        base record is an explicit no-forecast; nothing to pair
  skip           #62 MIN v LVA @ unknown-tip        base record is an explicit no-forecast; nothing to pair
  already_logged #63 PDX v SEA @ T-30m              idempotent: pair exists
  already_logged #64 WAS v LAS @ T-90m              idempotent: pair exists
  already_logged #65 LVA v MIN @ T-90m              idempotent: pair exists
  already_logged #66 WAS v LAS @ T-30m              idempotent: pair exists
  late_prevented #67 LVA v MIN @ T-90m              cutoff 2026-08-15T22:30:00+00:00 already passed at 2026-08-1
  skip           #68 CON v NYL @ unknown-tip        base record is an explicit no-forecast; nothing to pair
  late_prevented #69 LVA v MIN @ T-30m              cutoff 2026-08-15T23:30:00+00:00 already passed at 2026-08-1

  already_logged=46, late_prevented=19, skip=5
  arm chain: ok=True n=41 tip=2d92d878aeb91d29
  receipt appended to prospective_pair_runs.jsonl
[arm] exit=0 
====================================================================================================
FORECAST COVERAGE AUDIT   generated 2026-08-15T23:45:05.658546+00:00
====================================================================================================

CUMULATIVE by classification
  missing_job_did_not_run      62
  forecast_logged              51
  before_period_start          15
  missing_data_unavailable     9
  not_yet_due                  9
  late_record                  6

  obligations 152 | due 128 | served 51 | coverage 39.8%
  operational misses 62 | unexplained 0
  PROMOTION-GRADE: NO   (needs >= 95% served, <= 0 operational misses, all explained)

DAILY
  date         oblig  served     due     excl    opmiss arm_recs
  2026-07-30      12       0       0       12         0        0
  2026-07-31      12       6       9        3         0        0
  2026-08-01       8       2       8        0         6        0
  2026-08-02      16       0      16        0        16        0
  2026-08-03      12       6      12        0         3        3
  2026-08-04       4       3       4        0         1        3
  2026-08-05      16       9      16        0         4        9
  2026-08-06      12       7      12        0         3        7
  2026-08-07      12       9      12        0         3        9
  2026-08-08      12       6      12        0         3        4
  2026-08-09      16       0      16        0        16        0
  2026-08-15       8       3       8        0         4        1
  2026-08-16      12       0       3        9         3        0

EVERY MISSING OR IRREGULAR OBLIGATION (each must carry an explanation)
  2026-07-31 ATL v SEA T-90m   missing_data_unavailable   job served 1 other game(s) on 2026-07-31 at T-90m
  2026-07-31 WAS v DAL T-90m   missing_data_unavailable   job served 1 other game(s) on 2026-07-31 at T-90m
  2026-07-31 PDX v IND T-30m   missing_data_unavailable   job served 2 other game(s) on 2026-07-31 at T-30m
  2026-08-01 CHI v LVA T-24h   missing_job_did_not_run    no base record for ANY game on 2026-08-01 at T-24h
  2026-08-01 CHI v LVA T-8h    missing_job_did_not_run    no base record for ANY game on 2026-08-01 at T-8h
  2026-08-01 CHI v LVA T-30m   missing_job_did_not_run    no base record for ANY game on 2026-08-01 at T-30m
  2026-08-01 PHX v NYL T-24h   missing_job_did_not_run    no base record for ANY game on 2026-08-01 at T-24h
  2026-08-01 PHX v NYL T-8h    missing_job_did_not_run    no base record for ANY game on 2026-08-01 at T-8h
  2026-08-01 PHX v NYL T-30m   missing_job_did_not_run    no base record for ANY game on 2026-08-01 at T-30m
  2026-08-02 DAL v CON T-24h   missing_job_did_not_run    no base record for ANY game on 2026-08-02 at T-24h
  2026-08-02 DAL v CON T-8h    missing_job_did_not_run    no base record for ANY game on 2026-08-02 at T-8h
  2026-08-02 DAL v CON T-90m   missing_job_did_not_run    no base record for ANY game on 2026-08-02 at T-90m
  2026-08-02 DAL v CON T-30m   missing_job_did_not_run    no base record for ANY game on 2026-08-02 at T-30m
  2026-08-02 GSV v TOR T-24h   missing_job_did_not_run    no base record for ANY game on 2026-08-02 at T-24h
  2026-08-02 GSV v TOR T-8h    missing_job_did_not_run    no base record for ANY game on 2026-08-02 at T-8h
  2026-08-02 GSV v TOR T-90m   missing_job_did_not_run    no base record for ANY game on 2026-08-02 at T-90m
  2026-08-02 GSV v TOR T-30m   missing_job_did_not_run    no base record for ANY game on 2026-08-02 at T-30m
  2026-08-02 MIN v IND T-24h   missing_job_did_not_run    no base record for ANY game on 2026-08-02 at T-24h
  2026-08-02 MIN v IND T-8h    missing_job_did_not_run    no base record for ANY game on 2026-08-02 at T-8h
  2026-08-02 MIN v IND T-90m   missing_job_did_not_run    no base record for ANY game on 2026-08-02 at T-90m
  2026-08-02 MIN v IND T-30m   missing_job_did_not_run    no base record for ANY game on 2026-08-02 at T-30m
  2026-08-02 PDX v LAS T-24h   missing_job_did_not_run    no base record for ANY game on 2026-08-02 at T-24h
  2026-08-02 PDX v LAS T-8h    missing_job_did_not_run    no base record for ANY game on 2026-08-02 at T-8h
  2026-08-02 PDX v LAS T-90m   missing_job_did_not_run    no base record for ANY game on 2026-08-02 at T-90m
  2026-08-02 PDX v LAS T-30m   missing_job_did_not_run    no base record for ANY game on 2026-08-02 at T-30m
  2026-08-03 NYL v SEA T-24h   missing_job_did_not_run    no base record for ANY game on 2026-08-03 at T-24h
  2026-08-03 NYL v SEA T-30m   late_record                created 2026-08-03T22:45:08.958486+00:00 after cutoff
  2026-08-03 ATL v LVA T-24h   missing_job_did_not_run    no base record for ANY game on 2026-08-03 at T-24h
  2026-08-03 ATL v LVA T-30m   late_record                created 2026-08-03T22:45:08.976775+00:00 after cutoff
  2026-08-03 CHI v PHX T-24h   missing_job_did_not_run    no base record for ANY game on 2026-08-03 at T-24h
  2026-08-03 CHI v PHX T-30m   missing_data_unavailable   job served 2 other game(s) on 2026-08-03 at T-30m
  2026-08-04 GSV v TOR T-24h   missing_job_did_not_run    no base record for ANY game on 2026-08-04 at T-24h
  2026-08-05 WAS v DAL T-24h   missing_job_did_not_run    no base record for ANY game on 2026-08-05 at T-24h
  2026-08-05 NYL v SEA T-24h   missing_job_did_not_run    no base record for ANY game on 2026-08-05 at T-24h
  2026-08-05 NYL v SEA T-30m   late_record                created 2026-08-05T22:45:07.299457+00:00 after cutoff
  2026-08-05 ATL v PHX T-24h   missing_job_did_not_run    no base record for ANY game on 2026-08-05 at T-24h
  2026-08-05 ATL v PHX T-30m   late_record                created 2026-08-05T22:45:07.274521+00:00 after cutoff
  2026-08-05 CHI v LAS T-24h   missing_job_did_not_run    no base record for ANY game on 2026-08-05 at T-24h
  2026-08-05 CHI v LAS T-30m   missing_data_unavailable   job served 3 other game(s) on 2026-08-05 at T-30m
  2026-08-06 IND v LVA T-24h   missing_job_did_not_run    no base record for ANY game on 2026-08-06 at T-24h
  2026-08-06 IND v LVA T-30m   late_record                created 2026-08-06T22:45:09.382682+00:00 after cutoff
  2026-08-06 PDX v TOR T-24h   missing_job_did_not_run    no base record for ANY game on 2026-08-06 at T-24h
  2026-08-06 MIN v LAS T-24h   missing_job_did_not_run    no base record for ANY game on 2026-08-06 at T-24h
  2026-08-06 MIN v LAS T-30m   missing_data_unavailable   job served 2 other game(s) on 2026-08-06 at T-30m
  2026-08-07 WAS v ATL T-24h   missing_job_did_not_run    no base record for ANY game on 2026-08-07 at T-24h
  2026-08-07 CON v PHX T-24h   missing_job_did_not_run    no base record for ANY game on 2026-08-07 at T-24h
  2026-08-07 DAL v GSV T-24h   missing_job_did_not_run    no base record for ANY game on 2026-08-07 at T-24h
  2026-08-08 CHI v IND T-24h   missing_job_did_not_run    no base record for ANY game on 2026-08-08 at T-24h
  2026-08-08 CHI v IND T-90m   missing_data_unavailable   job served 2 other game(s) on 2026-08-08 at T-90m
  2026-08-08 CHI v IND T-30m   missing_data_unavailable   job served 1 other game(s) on 2026-08-08 at T-30m
  2026-08-08 MIN v LVA T-24h   missing_job_did_not_run    no base record for ANY game on 2026-08-08 at T-24h
  2026-08-08 MIN v LVA T-30m   missing_data_unavailable   job served 1 other game(s) on 2026-08-08 at T-30m
  2026-08-08 PDX v SEA T-24h   missing_job_did_not_run    no base record for ANY game on 2026-08-08 at T-24h
  2026-08-09 WAS v PHX T-24h   missing_job_did_not_run    no base record for ANY game on 2026-08-09 at T-24h
  2026-08-09 WAS v PHX T-8h    missing_job_did_not_run    no base record for ANY game on 2026-08-09 at T-8h
  2026-08-09 WAS v PHX T-90m   missing_job_did_not_run    no base record for ANY game on 2026-08-09 at T-90m
  2026-08-09 WAS v PHX T-30m   missing_job_did_not_run    no base record for ANY game on 2026-08-09 at T-30m
  2026-08-09 LAS v GSV T-24h   missing_job_did_not_run    no base record for ANY game on 2026-08-09 at T-24h
  2026-08-09 LAS v GSV T-8h    missing_job_did_not_run    no base record for ANY game on 2026-08-09 at T-8h
  2026-08-09 LAS v GSV T-90m   missing_job_did_not_run    no base record for ANY game on 2026-08-09 at T-90m
  2026-08-09 LAS v GSV T-30m   missing_job_did_not_run    no base record for ANY game on 2026-08-09 at T-30m
  2026-08-09 NYL v LVA T-24h   missing_job_did_not_run    no base record for ANY game on 2026-08-09 at T-24h
  2026-08-09 NYL v LVA T-8h    missing_job_did_not_run    no base record for ANY game on 2026-08-09 at T-8h
  2026-08-09 NYL v LVA T-90m   missing_job_did_not_run    no base record for ANY game on 2026-08-09 at T-90m
  2026-08-09 NYL v LVA T-30m   missing_job_did_not_run    no base record for ANY game on 2026-08-09 at T-30m
  2026-08-09 MIN v DAL T-24h   missing_job_did_not_run    no base record for ANY game on 2026-08-09 at T-24h
  2026-08-09 MIN v DAL T-8h    missing_job_did_not_run    no base record for ANY game on 2026-08-09 at T-8h
  2026-08-09 MIN v DAL T-90m   missing_job_did_not_run    no base record for ANY game on 2026-08-09 at T-90m
  2026-08-09 MIN v DAL T-30m   missing_job_did_not_run    no base record for ANY game on 2026-08-09 at T-30m
  2026-08-15 WAS v LAS T-24h   missing_job_did_not_run    no base record for ANY game on 2026-08-15 at T-24h
  2026-08-15 WAS v LAS T-8h    missing_job_did_not_run    no base record for ANY game on 2026-08-15 at T-8h
  2026-08-15 LVA v MIN T-24h   missing_job_did_not_run    no base record for ANY game on 2026-08-15 at T-24h
  2026-08-15 LVA v MIN T-8h    missing_job_did_not_run    no base record for ANY game on 2026-08-15 at T-8h
  2026-08-15 LVA v MIN T-30m   late_record                created 2026-08-15T23:30:05.579463+00:00 after cutoff
  2026-08-16 ATL v IND T-24h   missing_job_did_not_run    no base record for ANY game on 2026-08-16 at T-24h
  2026-08-16 SEA v CHI T-24h   missing_job_did_not_run    no base record for ANY game on 2026-08-16 at T-24h
  2026-08-16 PHX v PDX T-24h   missing_job_did_not_run    no base record for ANY game on 2026-08-16 at T-24h

wrote forecasts/coverage_audit.csv and forecasts/coverage_receipt.json
[audit] exit=0 
==== Sat 08/15/2026 20:00:03.19 ==== 
[gate] 2026-08-16T00:00:04.109408+00:00  fire=False  -- would duplicate 1 already-served obligation(s); the base job cannot be scoped to one game; 4 slate game(s) have no official game_id and were served under a provisional id: ATL v IND (2026-08-16) -> PROV-2026-08-16-IND@ATL, SEA v CHI (2026-08-16) -> PROV-2026-08-16-CHI@SEA, PHX v PDX (2026-08-16) -> PROV-2026-08-16-PDX@PHX, GSV v DAL (2026-08-17) -> PROV-2026-08-17-DAL@GSV
       LVA v MIN      T-30m   SERVED   cutoff 2026-08-15T23:35:00 (-25 min) 
       ATL v IND      T-24h   unserved cutoff 2026-08-15T21:00:00 (-180 min) 
       SEA v CHI      T-24h   unserved cutoff 2026-08-15T21:00:00 (-180 min) 
       PHX v PDX      T-24h   unserved cutoff 2026-08-15T23:00:00 (-60 min) 
       GSV v DAL      T-24h   unserved cutoff 2026-08-17T02:00:00 (+1560 min) 
[gate] HOLDING: firing now would append 1 permanent duplicate record(s) to an append-only chain. A missed obligation is recoverable; a duplicate is not.
[gate] skipping the base job
[base] skipped - no unserved obligation in its lead window 
[base] exit=0 
================================================================================================
PROSPECTIVE PAIR RUNNER  2026-08-16T00:00:05.197128+00:00  model=ridge_score_level_w2c1_v1 hash=5d295bb8b99cd34e
================================================================================================
base records in official chain: 70
  late_prevented #0 ATL v SEA @ T-8h                cutoff 2026-07-31T15:35:00+00:00 already passed at 2026-08-1
  late_prevented #1 WAS v DAL @ T-8h                cutoff 2026-07-31T15:35:00+00:00 already passed at 2026-08-1
  late_prevented #2 PDX v IND @ T-8h                cutoff 2026-07-31T18:06:00+00:00 already passed at 2026-08-1
  late_prevented #3 ATL v SEA @ T-30m               cutoff 2026-07-31T23:05:00+00:00 already passed at 2026-08-1
  late_prevented #4 WAS v DAL @ T-30m               cutoff 2026-07-31T23:05:00+00:00 already passed at 2026-08-1
  late_prevented #5 PDX v IND @ T-90m               cutoff 2026-08-01T00:36:00+00:00 already passed at 2026-08-1
  late_prevented #6 CHI v LVA @ T-90m               cutoff 2026-08-01T15:35:00+00:00 already passed at 2026-08-1
  late_prevented #7 PHX v NYL @ T-90m               cutoff 2026-08-01T17:34:00+00:00 already passed at 2026-08-1
  skip           #8 CHI v LVA @ unknown-tip         base record is an explicit no-forecast; nothing to pair
  skip           #9 PHX v NYL @ unknown-tip         base record is an explicit no-forecast; nothing to pair
  late_prevented #10 NYL v SEA @ T-8h               cutoff 2026-08-03T15:04:00+00:00 already passed at 2026-08-1
  late_prevented #11 ATL v LVA @ T-8h               cutoff 2026-08-03T15:14:00+00:00 already passed at 2026-08-1
  late_prevented #12 CHI v PHX @ T-8h               cutoff 2026-08-03T17:08:00+00:00 already passed at 2026-08-1
  already_logged #13 NYL v SEA @ T-90m              idempotent: pair exists
  already_logged #14 ATL v LVA @ T-90m              idempotent: pair exists
  already_logged #15 CHI v PHX @ T-90m              idempotent: pair exists
  already_logged #16 NYL v SEA @ T-90m              idempotent: pair exists
  already_logged #17 ATL v LVA @ T-90m              idempotent: pair exists
  already_logged #18 CHI v PHX @ T-90m              idempotent: pair exists
  late_prevented #19 NYL v SEA @ T-30m              cutoff 2026-08-03T22:34:00+00:00 already passed at 2026-08-1
  late_prevented #20 ATL v LVA @ T-30m              cutoff 2026-08-03T22:44:00+00:00 already passed at 2026-08-1
  already_logged #21 CHI v PHX @ T-90m              idempotent: pair exists
  already_logged #22 GSV v TOR @ T-8h               idempotent: pair exists
  already_logged #23 GSV v TOR @ T-90m              idempotent: pair exists
  already_logged #24 GSV v TOR @ T-30m              idempotent: pair exists
  already_logged #25 ATL v PHX @ T-8h               idempotent: pair exists
  already_logged #26 NYL v SEA @ T-8h               idempotent: pair exists
  already_logged #27 WAS v DAL @ T-8h               idempotent: pair exists
  already_logged #28 CHI v LAS @ T-8h               idempotent: pair exists
  already_logged #29 ATL v PHX @ T-90m              idempotent: pair exists
  already_logged #30 NYL v SEA @ T-90m              idempotent: pair exists
  already_logged #31 WAS v DAL @ T-90m              idempotent: pair exists
  already_logged #32 CHI v LAS @ T-90m              idempotent: pair exists
  late_prevented #33 ATL v PHX @ T-30m              cutoff 2026-08-05T22:33:00+00:00 already passed at 2026-08-1
  late_prevented #34 NYL v SEA @ T-30m              cutoff 2026-08-05T22:38:00+00:00 already passed at 2026-08-1
  already_logged #35 WAS v DAL @ T-30m              idempotent: pair exists
  already_logged #36 CHI v LAS @ T-90m              idempotent: pair exists
  already_logged #37 IND v LVA @ T-8h               idempotent: pair exists
  already_logged #38 MIN v LAS @ T-8h               idempotent: pair exists
  already_logged #39 PDX v TOR @ T-8h               idempotent: pair exists
  already_logged #40 IND v LVA @ T-90m              idempotent: pair exists
  already_logged #41 MIN v LAS @ T-90m              idempotent: pair exists
  already_logged #42 PDX v TOR @ T-90m              idempotent: pair exists
  late_prevented #43 IND v LVA @ T-30m              cutoff 2026-08-06T22:36:00+00:00 already passed at 2026-08-1
  already_logged #44 PDX v TOR @ T-30m              idempotent: pair exists
  already_logged #45 CON v PHX @ T-8h               idempotent: pair exists
  already_logged #46 WAS v ATL @ T-8h               idempotent: pair exists
  already_logged #47 DAL v GSV @ T-8h               idempotent: pair exists
  already_logged #48 CON v PHX @ T-90m              idempotent: pair exists
  already_logged #49 WAS v ATL @ T-90m              idempotent: pair exists
  already_logged #50 DAL v GSV @ T-90m              idempotent: pair exists
  already_logged #51 CON v PHX @ T-30m              idempotent: pair exists
  already_logged #52 WAS v ATL @ T-30m              idempotent: pair exists
  already_logged #53 DAL v GSV @ T-30m              idempotent: pair exists
  already_logged #54 MIN v LVA @ T-8h               idempotent: pair exists
  already_logged #55 CHI v IND @ T-8h               idempotent: pair exists
  already_logged #56 PDX v SEA @ T-8h               idempotent: pair exists
  already_logged #57 MIN v LVA @ T-90m              idempotent: pair exists
  late_prevented #58 CHI v IND @ T-8h               cutoff 2026-08-08T11:35:00+00:00 already passed at 2026-08-1
  already_logged #59 PDX v SEA @ T-8h               idempotent: pair exists
  already_logged #60 PDX v SEA @ T-90m              idempotent: pair exists
  skip           #61 CHI v IND @ unknown-tip        base record is an explicit no-forecast; nothing to pair
  skip           #62 MIN v LVA @ unknown-tip        base record is an explicit no-forecast; nothing to pair
  already_logged #63 PDX v SEA @ T-30m              idempotent: pair exists
  already_logged #64 WAS v LAS @ T-90m              idempotent: pair exists
  already_logged #65 LVA v MIN @ T-90m              idempotent: pair exists
  already_logged #66 WAS v LAS @ T-30m              idempotent: pair exists
  late_prevented #67 LVA v MIN @ T-90m              cutoff 2026-08-15T22:35:00+00:00 already passed at 2026-08-1
  skip           #68 CON v NYL @ unknown-tip        base record is an explicit no-forecast; nothing to pair
  late_prevented #69 LVA v MIN @ T-30m              cutoff 2026-08-15T23:35:00+00:00 already passed at 2026-08-1

  already_logged=46, late_prevented=19, skip=5
  arm chain: ok=True n=41 tip=2d92d878aeb91d29
  receipt appended to prospective_pair_runs.jsonl
[arm] exit=0 
====================================================================================================
FORECAST COVERAGE AUDIT   generated 2026-08-16T00:00:06.272864+00:00
====================================================================================================

CUMULATIVE by classification
  missing_job_did_not_run      62
  forecast_logged              52
  before_period_start          15
  not_yet_due                  13
  missing_data_unavailable     9
  late_record                  5

  obligations 156 | due 128 | served 52 | coverage 40.6%
  operational misses 62 | unexplained 0
  PROMOTION-GRADE: NO   (needs >= 95% served, <= 0 operational misses, all explained)

DAILY
  date         oblig  served     due     excl    opmiss arm_recs
  2026-07-30      12       0       0       12         0        0
  2026-07-31      12       6       9        3         0        0
  2026-08-01       8       2       8        0         6        0
  2026-08-02      16       0      16        0        16        0
  2026-08-03      12       6      12        0         3        3
  2026-08-04       4       3       4        0         1        3
  2026-08-05      16       9      16        0         4        9
  2026-08-06      12       7      12        0         3        7
  2026-08-07      12       9      12        0         3        9
  2026-08-08      12       6      12        0         3        4
  2026-08-09      16       0      16        0        16        0
  2026-08-15       8       4       8        0         4        1
  2026-08-16      12       0       3        9         3        0
  2026-08-17       4       0       0        4         0        0

EVERY MISSING OR IRREGULAR OBLIGATION (each must carry an explanation)
  2026-07-31 ATL v SEA T-90m   missing_data_unavailable   job served 1 other game(s) on 2026-07-31 at T-90m
  2026-07-31 WAS v DAL T-90m   missing_data_unavailable   job served 1 other game(s) on 2026-07-31 at T-90m
  2026-07-31 PDX v IND T-30m   missing_data_unavailable   job served 2 other game(s) on 2026-07-31 at T-30m
  2026-08-01 CHI v LVA T-24h   missing_job_did_not_run    no base record for ANY game on 2026-08-01 at T-24h
  2026-08-01 CHI v LVA T-8h    missing_job_did_not_run    no base record for ANY game on 2026-08-01 at T-8h
  2026-08-01 CHI v LVA T-30m   missing_job_did_not_run    no base record for ANY game on 2026-08-01 at T-30m
  2026-08-01 PHX v NYL T-24h   missing_job_did_not_run    no base record for ANY game on 2026-08-01 at T-24h
  2026-08-01 PHX v NYL T-8h    missing_job_did_not_run    no base record for ANY game on 2026-08-01 at T-8h
  2026-08-01 PHX v NYL T-30m   missing_job_did_not_run    no base record for ANY game on 2026-08-01 at T-30m
  2026-08-02 DAL v CON T-24h   missing_job_did_not_run    no base record for ANY game on 2026-08-02 at T-24h
  2026-08-02 DAL v CON T-8h    missing_job_did_not_run    no base record for ANY game on 2026-08-02 at T-8h
  2026-08-02 DAL v CON T-90m   missing_job_did_not_run    no base record for ANY game on 2026-08-02 at T-90m
  2026-08-02 DAL v CON T-30m   missing_job_did_not_run    no base record for ANY game on 2026-08-02 at T-30m
  2026-08-02 GSV v TOR T-24h   missing_job_did_not_run    no base record for ANY game on 2026-08-02 at T-24h
  2026-08-02 GSV v TOR T-8h    missing_job_did_not_run    no base record for ANY game on 2026-08-02 at T-8h
  2026-08-02 GSV v TOR T-90m   missing_job_did_not_run    no base record for ANY game on 2026-08-02 at T-90m
  2026-08-02 GSV v TOR T-30m   missing_job_did_not_run    no base record for ANY game on 2026-08-02 at T-30m
  2026-08-02 MIN v IND T-24h   missing_job_did_not_run    no base record for ANY game on 2026-08-02 at T-24h
  2026-08-02 MIN v IND T-8h    missing_job_did_not_run    no base record for ANY game on 2026-08-02 at T-8h
  2026-08-02 MIN v IND T-90m   missing_job_did_not_run    no base record for ANY game on 2026-08-02 at T-90m
  2026-08-02 MIN v IND T-30m   missing_job_did_not_run    no base record for ANY game on 2026-08-02 at T-30m
  2026-08-02 PDX v LAS T-24h   missing_job_did_not_run    no base record for ANY game on 2026-08-02 at T-24h
  2026-08-02 PDX v LAS T-8h    missing_job_did_not_run    no base record for ANY game on 2026-08-02 at T-8h
  2026-08-02 PDX v LAS T-90m   missing_job_did_not_run    no base record for ANY game on 2026-08-02 at T-90m
  2026-08-02 PDX v LAS T-30m   missing_job_did_not_run    no base record for ANY game on 2026-08-02 at T-30m
  2026-08-03 NYL v SEA T-24h   missing_job_did_not_run    no base record for ANY game on 2026-08-03 at T-24h
  2026-08-03 NYL v SEA T-30m   late_record                created 2026-08-03T22:45:08.958486+00:00 after cutoff
  2026-08-03 ATL v LVA T-24h   missing_job_did_not_run    no base record for ANY game on 2026-08-03 at T-24h
  2026-08-03 ATL v LVA T-30m   late_record                created 2026-08-03T22:45:08.976775+00:00 after cutoff
  2026-08-03 CHI v PHX T-24h   missing_job_did_not_run    no base record for ANY game on 2026-08-03 at T-24h
  2026-08-03 CHI v PHX T-30m   missing_data_unavailable   job served 2 other game(s) on 2026-08-03 at T-30m
  2026-08-04 GSV v TOR T-24h   missing_job_did_not_run    no base record for ANY game on 2026-08-04 at T-24h
  2026-08-05 WAS v DAL T-24h   missing_job_did_not_run    no base record for ANY game on 2026-08-05 at T-24h
  2026-08-05 NYL v SEA T-24h   missing_job_did_not_run    no base record for ANY game on 2026-08-05 at T-24h
  2026-08-05 NYL v SEA T-30m   late_record                created 2026-08-05T22:45:07.299457+00:00 after cutoff
  2026-08-05 ATL v PHX T-24h   missing_job_did_not_run    no base record for ANY game on 2026-08-05 at T-24h
  2026-08-05 ATL v PHX T-30m   late_record                created 2026-08-05T22:45:07.274521+00:00 after cutoff
  2026-08-05 CHI v LAS T-24h   missing_job_did_not_run    no base record for ANY game on 2026-08-05 at T-24h
  2026-08-05 CHI v LAS T-30m   missing_data_unavailable   job served 3 other game(s) on 2026-08-05 at T-30m
  2026-08-06 IND v LVA T-24h   missing_job_did_not_run    no base record for ANY game on 2026-08-06 at T-24h
  2026-08-06 IND v LVA T-30m   late_record                created 2026-08-06T22:45:09.382682+00:00 after cutoff
  2026-08-06 PDX v TOR T-24h   missing_job_did_not_run    no base record for ANY game on 2026-08-06 at T-24h
  2026-08-06 MIN v LAS T-24h   missing_job_did_not_run    no base record for ANY game on 2026-08-06 at T-24h
  2026-08-06 MIN v LAS T-30m   missing_data_unavailable   job served 2 other game(s) on 2026-08-06 at T-30m
  2026-08-07 WAS v ATL T-24h   missing_job_did_not_run    no base record for ANY game on 2026-08-07 at T-24h
  2026-08-07 CON v PHX T-24h   missing_job_did_not_run    no base record for ANY game on 2026-08-07 at T-24h
  2026-08-07 DAL v GSV T-24h   missing_job_did_not_run    no base record for ANY game on 2026-08-07 at T-24h
  2026-08-08 CHI v IND T-24h   missing_job_did_not_run    no base record for ANY game on 2026-08-08 at T-24h
  2026-08-08 CHI v IND T-90m   missing_data_unavailable   job served 2 other game(s) on 2026-08-08 at T-90m
  2026-08-08 CHI v IND T-30m   missing_data_unavailable   job served 1 other game(s) on 2026-08-08 at T-30m
  2026-08-08 MIN v LVA T-24h   missing_job_did_not_run    no base record for ANY game on 2026-08-08 at T-24h
  2026-08-08 MIN v LVA T-30m   missing_data_unavailable   job served 1 other game(s) on 2026-08-08 at T-30m
  2026-08-08 PDX v SEA T-24h   missing_job_did_not_run    no base record for ANY game on 2026-08-08 at T-24h
  2026-08-09 WAS v PHX T-24h   missing_job_did_not_run    no base record for ANY game on 2026-08-09 at T-24h
  2026-08-09 WAS v PHX T-8h    missing_job_did_not_run    no base record for ANY game on 2026-08-09 at T-8h
  2026-08-09 WAS v PHX T-90m   missing_job_did_not_run    no base record for ANY game on 2026-08-09 at T-90m
  2026-08-09 WAS v PHX T-30m   missing_job_did_not_run    no base record for ANY game on 2026-08-09 at T-30m
  2026-08-09 LAS v GSV T-24h   missing_job_did_not_run    no base record for ANY game on 2026-08-09 at T-24h
  2026-08-09 LAS v GSV T-8h    missing_job_did_not_run    no base record for ANY game on 2026-08-09 at T-8h
  2026-08-09 LAS v GSV T-90m   missing_job_did_not_run    no base record for ANY game on 2026-08-09 at T-90m
  2026-08-09 LAS v GSV T-30m   missing_job_did_not_run    no base record for ANY game on 2026-08-09 at T-30m
  2026-08-09 NYL v LVA T-24h   missing_job_did_not_run    no base record for ANY game on 2026-08-09 at T-24h
  2026-08-09 NYL v LVA T-8h    missing_job_did_not_run    no base record for ANY game on 2026-08-09 at T-8h
  2026-08-09 NYL v LVA T-90m   missing_job_did_not_run    no base record for ANY game on 2026-08-09 at T-90m
  2026-08-09 NYL v LVA T-30m   missing_job_did_not_run    no base record for ANY game on 2026-08-09 at T-30m
  2026-08-09 MIN v DAL T-24h   missing_job_did_not_run    no base record for ANY game on 2026-08-09 at T-24h
  2026-08-09 MIN v DAL T-8h    missing_job_did_not_run    no base record for ANY game on 2026-08-09 at T-8h
  2026-08-09 MIN v DAL T-90m   missing_job_did_not_run    no base record for ANY game on 2026-08-09 at T-90m
  2026-08-09 MIN v DAL T-30m   missing_job_did_not_run    no base record for ANY game on 2026-08-09 at T-30m
  2026-08-15 WAS v LAS T-24h   missing_job_did_not_run    no base record for ANY game on 2026-08-15 at T-24h
  2026-08-15 WAS v LAS T-8h    missing_job_did_not_run    no base record for ANY game on 2026-08-15 at T-8h
  2026-08-15 LVA v MIN T-24h   missing_job_did_not_run    no base record for ANY game on 2026-08-15 at T-24h
  2026-08-15 LVA v MIN T-8h    missing_job_did_not_run    no base record for ANY game on 2026-08-15 at T-8h
  2026-08-16 ATL v IND T-24h   missing_job_did_not_run    no base record for ANY game on 2026-08-16 at T-24h
  2026-08-16 SEA v CHI T-24h   missing_job_did_not_run    no base record for ANY game on 2026-08-16 at T-24h
  2026-08-16 PHX v PDX T-24h   missing_job_did_not_run    no base record for ANY game on 2026-08-16 at T-24h

wrote forecasts/coverage_audit.csv and forecasts/coverage_receipt.json
[audit] exit=0 
==== Sat 08/15/2026 20:15:02.93 ==== 
[gate] 2026-08-16T00:15:03.766347+00:00  fire=False  -- no unserved obligation inside its 20-minute lead window (4 upcoming game(s) examined); 4 slate game(s) have no official game_id and were served under a provisional id: ATL v IND (2026-08-16) -> PROV-2026-08-16-IND@ATL, SEA v CHI (2026-08-16) -> PROV-2026-08-16-CHI@SEA, PHX v PDX (2026-08-16) -> PROV-2026-08-16-PDX@PHX, GSV v DAL (2026-08-17) -> PROV-2026-08-17-DAL@GSV
       ATL v IND      T-24h   unserved cutoff 2026-08-15T21:00:00 (-195 min) 
       SEA v CHI      T-24h   unserved cutoff 2026-08-15T21:00:00 (-195 min) 
       PHX v PDX      T-24h   unserved cutoff 2026-08-15T23:00:00 (-75 min) 
       GSV v DAL      T-24h   unserved cutoff 2026-08-17T02:00:00 (+1545 min) 
[gate] skipping the base job
[base] skipped - no unserved obligation in its lead window 
[base] exit=0 
================================================================================================
PROSPECTIVE PAIR RUNNER  2026-08-16T00:15:04.805728+00:00  model=ridge_score_level_w2c1_v1 hash=5d295bb8b99cd34e
================================================================================================
base records in official chain: 70
  late_prevented #0 ATL v SEA @ T-8h                cutoff 2026-07-31T15:35:00+00:00 already passed at 2026-08-1
  late_prevented #1 WAS v DAL @ T-8h                cutoff 2026-07-31T15:35:00+00:00 already passed at 2026-08-1
  late_prevented #2 PDX v IND @ T-8h                cutoff 2026-07-31T18:06:00+00:00 already passed at 2026-08-1
  late_prevented #3 ATL v SEA @ T-30m               cutoff 2026-07-31T23:05:00+00:00 already passed at 2026-08-1
  late_prevented #4 WAS v DAL @ T-30m               cutoff 2026-07-31T23:05:00+00:00 already passed at 2026-08-1
  late_prevented #5 PDX v IND @ T-90m               cutoff 2026-08-01T00:36:00+00:00 already passed at 2026-08-1
  late_prevented #6 CHI v LVA @ T-90m               cutoff 2026-08-01T15:35:00+00:00 already passed at 2026-08-1
  late_prevented #7 PHX v NYL @ T-90m               cutoff 2026-08-01T17:34:00+00:00 already passed at 2026-08-1
  skip           #8 CHI v LVA @ unknown-tip         base record is an explicit no-forecast; nothing to pair
  skip           #9 PHX v NYL @ unknown-tip         base record is an explicit no-forecast; nothing to pair
  late_prevented #10 NYL v SEA @ T-8h               cutoff 2026-08-03T15:04:00+00:00 already passed at 2026-08-1
  late_prevented #11 ATL v LVA @ T-8h               cutoff 2026-08-03T15:14:00+00:00 already passed at 2026-08-1
  late_prevented #12 CHI v PHX @ T-8h               cutoff 2026-08-03T17:08:00+00:00 already passed at 2026-08-1
  already_logged #13 NYL v SEA @ T-90m              idempotent: pair exists
  already_logged #14 ATL v LVA @ T-90m              idempotent: pair exists
  already_logged #15 CHI v PHX @ T-90m              idempotent: pair exists
  already_logged #16 NYL v SEA @ T-90m              idempotent: pair exists
  already_logged #17 ATL v LVA @ T-90m              idempotent: pair exists
  already_logged #18 CHI v PHX @ T-90m              idempotent: pair exists
  late_prevented #19 NYL v SEA @ T-30m              cutoff 2026-08-03T22:34:00+00:00 already passed at 2026-08-1
  late_prevented #20 ATL v LVA @ T-30m              cutoff 2026-08-03T22:44:00+00:00 already passed at 2026-08-1
  already_logged #21 CHI v PHX @ T-90m              idempotent: pair exists
  already_logged #22 GSV v TOR @ T-8h               idempotent: pair exists
  already_logged #23 GSV v TOR @ T-90m              idempotent: pair exists
  already_logged #24 GSV v TOR @ T-30m              idempotent: pair exists
  already_logged #25 ATL v PHX @ T-8h               idempotent: pair exists
  already_logged #26 NYL v SEA @ T-8h               idempotent: pair exists
  already_logged #27 WAS v DAL @ T-8h               idempotent: pair exists
  already_logged #28 CHI v LAS @ T-8h               idempotent: pair exists
  already_logged #29 ATL v PHX @ T-90m              idempotent: pair exists
  already_logged #30 NYL v SEA @ T-90m              idempotent: pair exists
  already_logged #31 WAS v DAL @ T-90m              idempotent: pair exists
  already_logged #32 CHI v LAS @ T-90m              idempotent: pair exists
  late_prevented #33 ATL v PHX @ T-30m              cutoff 2026-08-05T22:33:00+00:00 already passed at 2026-08-1
  late_prevented #34 NYL v SEA @ T-30m              cutoff 2026-08-05T22:38:00+00:00 already passed at 2026-08-1
  already_logged #35 WAS v DAL @ T-30m              idempotent: pair exists
  already_logged #36 CHI v LAS @ T-90m              idempotent: pair exists
  already_logged #37 IND v LVA @ T-8h               idempotent: pair exists
  already_logged #38 MIN v LAS @ T-8h               idempotent: pair exists
  already_logged #39 PDX v TOR @ T-8h               idempotent: pair exists
  already_logged #40 IND v LVA @ T-90m              idempotent: pair exists
  already_logged #41 MIN v LAS @ T-90m              idempotent: pair exists
  already_logged #42 PDX v TOR @ T-90m              idempotent: pair exists
  late_prevented #43 IND v LVA @ T-30m              cutoff 2026-08-06T22:36:00+00:00 already passed at 2026-08-1
  already_logged #44 PDX v TOR @ T-30m              idempotent: pair exists
  already_logged #45 CON v PHX @ T-8h               idempotent: pair exists
  already_logged #46 WAS v ATL @ T-8h               idempotent: pair exists
  already_logged #47 DAL v GSV @ T-8h               idempotent: pair exists
  already_logged #48 CON v PHX @ T-90m              idempotent: pair exists
  already_logged #49 WAS v ATL @ T-90m              idempotent: pair exists
  already_logged #50 DAL v GSV @ T-90m              idempotent: pair exists
  already_logged #51 CON v PHX @ T-30m              idempotent: pair exists
  already_logged #52 WAS v ATL @ T-30m              idempotent: pair exists
  already_logged #53 DAL v GSV @ T-30m              idempotent: pair exists
  already_logged #54 MIN v LVA @ T-8h               idempotent: pair exists
  already_logged #55 CHI v IND @ T-8h               idempotent: pair exists
  already_logged #56 PDX v SEA @ T-8h               idempotent: pair exists
  already_logged #57 MIN v LVA @ T-90m              idempotent: pair exists
  late_prevented #58 CHI v IND @ T-8h               cutoff 2026-08-08T11:35:00+00:00 already passed at 2026-08-1
  already_logged #59 PDX v SEA @ T-8h               idempotent: pair exists
  already_logged #60 PDX v SEA @ T-90m              idempotent: pair exists
  skip           #61 CHI v IND @ unknown-tip        base record is an explicit no-forecast; nothing to pair
  skip           #62 MIN v LVA @ unknown-tip        base record is an explicit no-forecast; nothing to pair
  already_logged #63 PDX v SEA @ T-30m              idempotent: pair exists
  already_logged #64 WAS v LAS @ T-90m              idempotent: pair exists
  already_logged #65 LVA v MIN @ T-90m              idempotent: pair exists
  already_logged #66 WAS v LAS @ T-30m              idempotent: pair exists
  late_prevented #67 LVA v MIN @ T-90m              cutoff 2026-08-15T22:35:00+00:00 already passed at 2026-08-1
  skip           #68 CON v NYL @ unknown-tip        base record is an explicit no-forecast; nothing to pair
  late_prevented #69 LVA v MIN @ T-30m              cutoff 2026-08-15T23:35:00+00:00 already passed at 2026-08-1

  already_logged=46, late_prevented=19, skip=5
  arm chain: ok=True n=41 tip=2d92d878aeb91d29
  receipt appended to prospective_pair_runs.jsonl
[arm] exit=0 
====================================================================================================
FORECAST COVERAGE AUDIT   generated 2026-08-16T00:15:05.856870+00:00
====================================================================================================

CUMULATIVE by classification
  missing_job_did_not_run      62
  forecast_logged              52
  before_period_start          15
  not_yet_due                  13
  missing_data_unavailable     9
  late_record                  5

  obligations 156 | due 128 | served 52 | coverage 40.6%
  operational misses 62 | unexplained 0
  PROMOTION-GRADE: NO   (needs >= 95% served, <= 0 operational misses, all explained)

DAILY
  date         oblig  served     due     excl    opmiss arm_recs
  2026-07-30      12       0       0       12         0        0
  2026-07-31      12       6       9        3         0        0
  2026-08-01       8       2       8        0         6        0
  2026-08-02      16       0      16        0        16        0
  2026-08-03      12       6      12        0         3        3
  2026-08-04       4       3       4        0         1        3
  2026-08-05      16       9      16        0         4        9
  2026-08-06      12       7      12        0         3        7
  2026-08-07      12       9      12        0         3        9
  2026-08-08      12       6      12        0         3        4
  2026-08-09      16       0      16        0        16        0
  2026-08-15       8       4       8        0         4        1
  2026-08-16      12       0       3        9         3        0
  2026-08-17       4       0       0        4         0        0

EVERY MISSING OR IRREGULAR OBLIGATION (each must carry an explanation)
  2026-07-31 ATL v SEA T-90m   missing_data_unavailable   job served 1 other game(s) on 2026-07-31 at T-90m
  2026-07-31 WAS v DAL T-90m   missing_data_unavailable   job served 1 other game(s) on 2026-07-31 at T-90m
  2026-07-31 PDX v IND T-30m   missing_data_unavailable   job served 2 other game(s) on 2026-07-31 at T-30m
  2026-08-01 CHI v LVA T-24h   missing_job_did_not_run    no base record for ANY game on 2026-08-01 at T-24h
  2026-08-01 CHI v LVA T-8h    missing_job_did_not_run    no base record for ANY game on 2026-08-01 at T-8h
  2026-08-01 CHI v LVA T-30m   missing_job_did_not_run    no base record for ANY game on 2026-08-01 at T-30m
  2026-08-01 PHX v NYL T-24h   missing_job_did_not_run    no base record for ANY game on 2026-08-01 at T-24h
  2026-08-01 PHX v NYL T-8h    missing_job_did_not_run    no base record for ANY game on 2026-08-01 at T-8h
  2026-08-01 PHX v NYL T-30m   missing_job_did_not_run    no base record for ANY game on 2026-08-01 at T-30m
  2026-08-02 DAL v CON T-24h   missing_job_did_not_run    no base record for ANY game on 2026-08-02 at T-24h
  2026-08-02 DAL v CON T-8h    missing_job_did_not_run    no base record for ANY game on 2026-08-02 at T-8h
  2026-08-02 DAL v CON T-90m   missing_job_did_not_run    no base record for ANY game on 2026-08-02 at T-90m
  2026-08-02 DAL v CON T-30m   missing_job_did_not_run    no base record for ANY game on 2026-08-02 at T-30m
  2026-08-02 GSV v TOR T-24h   missing_job_did_not_run    no base record for ANY game on 2026-08-02 at T-24h
  2026-08-02 GSV v TOR T-8h    missing_job_did_not_run    no base record for ANY game on 2026-08-02 at T-8h
  2026-08-02 GSV v TOR T-90m   missing_job_did_not_run    no base record for ANY game on 2026-08-02 at T-90m
  2026-08-02 GSV v TOR T-30m   missing_job_did_not_run    no base record for ANY game on 2026-08-02 at T-30m
  2026-08-02 MIN v IND T-24h   missing_job_did_not_run    no base record for ANY game on 2026-08-02 at T-24h
  2026-08-02 MIN v IND T-8h    missing_job_did_not_run    no base record for ANY game on 2026-08-02 at T-8h
  2026-08-02 MIN v IND T-90m   missing_job_did_not_run    no base record for ANY game on 2026-08-02 at T-90m
  2026-08-02 MIN v IND T-30m   missing_job_did_not_run    no base record for ANY game on 2026-08-02 at T-30m
  2026-08-02 PDX v LAS T-24h   missing_job_did_not_run    no base record for ANY game on 2026-08-02 at T-24h
  2026-08-02 PDX v LAS T-8h    missing_job_did_not_run    no base record for ANY game on 2026-08-02 at T-8h
  2026-08-02 PDX v LAS T-90m   missing_job_did_not_run    no base record for ANY game on 2026-08-02 at T-90m
  2026-08-02 PDX v LAS T-30m   missing_job_did_not_run    no base record for ANY game on 2026-08-02 at T-30m
  2026-08-03 NYL v SEA T-24h   missing_job_did_not_run    no base record for ANY game on 2026-08-03 at T-24h
  2026-08-03 NYL v SEA T-30m   late_record                created 2026-08-03T22:45:08.958486+00:00 after cutoff
  2026-08-03 ATL v LVA T-24h   missing_job_did_not_run    no base record for ANY game on 2026-08-03 at T-24h
  2026-08-03 ATL v LVA T-30m   late_record                created 2026-08-03T22:45:08.976775+00:00 after cutoff
  2026-08-03 CHI v PHX T-24h   missing_job_did_not_run    no base record for ANY game on 2026-08-03 at T-24h
  2026-08-03 CHI v PHX T-30m   missing_data_unavailable   job served 2 other game(s) on 2026-08-03 at T-30m
  2026-08-04 GSV v TOR T-24h   missing_job_did_not_run    no base record for ANY game on 2026-08-04 at T-24h
  2026-08-05 WAS v DAL T-24h   missing_job_did_not_run    no base record for ANY game on 2026-08-05 at T-24h
  2026-08-05 NYL v SEA T-24h   missing_job_did_not_run    no base record for ANY game on 2026-08-05 at T-24h
  2026-08-05 NYL v SEA T-30m   late_record                created 2026-08-05T22:45:07.299457+00:00 after cutoff
  2026-08-05 ATL v PHX T-24h   missing_job_did_not_run    no base record for ANY game on 2026-08-05 at T-24h
  2026-08-05 ATL v PHX T-30m   late_record                created 2026-08-05T22:45:07.274521+00:00 after cutoff
  2026-08-05 CHI v LAS T-24h   missing_job_did_not_run    no base record for ANY game on 2026-08-05 at T-24h
  2026-08-05 CHI v LAS T-30m   missing_data_unavailable   job served 3 other game(s) on 2026-08-05 at T-30m
  2026-08-06 IND v LVA T-24h   missing_job_did_not_run    no base record for ANY game on 2026-08-06 at T-24h
  2026-08-06 IND v LVA T-30m   late_record                created 2026-08-06T22:45:09.382682+00:00 after cutoff
  2026-08-06 PDX v TOR T-24h   missing_job_did_not_run    no base record for ANY game on 2026-08-06 at T-24h
  2026-08-06 MIN v LAS T-24h   missing_job_did_not_run    no base record for ANY game on 2026-08-06 at T-24h
  2026-08-06 MIN v LAS T-30m   missing_data_unavailable   job served 2 other game(s) on 2026-08-06 at T-30m
  2026-08-07 WAS v ATL T-24h   missing_job_did_not_run    no base record for ANY game on 2026-08-07 at T-24h
  2026-08-07 CON v PHX T-24h   missing_job_did_not_run    no base record for ANY game on 2026-08-07 at T-24h
  2026-08-07 DAL v GSV T-24h   missing_job_did_not_run    no base record for ANY game on 2026-08-07 at T-24h
  2026-08-08 CHI v IND T-24h   missing_job_did_not_run    no base record for ANY game on 2026-08-08 at T-24h
  2026-08-08 CHI v IND T-90m   missing_data_unavailable   job served 2 other game(s) on 2026-08-08 at T-90m
  2026-08-08 CHI v IND T-30m   missing_data_unavailable   job served 1 other game(s) on 2026-08-08 at T-30m
  2026-08-08 MIN v LVA T-24h   missing_job_did_not_run    no base record for ANY game on 2026-08-08 at T-24h
  2026-08-08 MIN v LVA T-30m   missing_data_unavailable   job served 1 other game(s) on 2026-08-08 at T-30m
  2026-08-08 PDX v SEA T-24h   missing_job_did_not_run    no base record for ANY game on 2026-08-08 at T-24h
  2026-08-09 WAS v PHX T-24h   missing_job_did_not_run    no base record for ANY game on 2026-08-09 at T-24h
  2026-08-09 WAS v PHX T-8h    missing_job_did_not_run    no base record for ANY game on 2026-08-09 at T-8h
  2026-08-09 WAS v PHX T-90m   missing_job_did_not_run    no base record for ANY game on 2026-08-09 at T-90m
  2026-08-09 WAS v PHX T-30m   missing_job_did_not_run    no base record for ANY game on 2026-08-09 at T-30m
  2026-08-09 LAS v GSV T-24h   missing_job_did_not_run    no base record for ANY game on 2026-08-09 at T-24h
  2026-08-09 LAS v GSV T-8h    missing_job_did_not_run    no base record for ANY game on 2026-08-09 at T-8h
  2026-08-09 LAS v GSV T-90m   missing_job_did_not_run    no base record for ANY game on 2026-08-09 at T-90m
  2026-08-09 LAS v GSV T-30m   missing_job_did_not_run    no base record for ANY game on 2026-08-09 at T-30m
  2026-08-09 NYL v LVA T-24h   missing_job_did_not_run    no base record for ANY game on 2026-08-09 at T-24h
  2026-08-09 NYL v LVA T-8h    missing_job_did_not_run    no base record for ANY game on 2026-08-09 at T-8h
  2026-08-09 NYL v LVA T-90m   missing_job_did_not_run    no base record for ANY game on 2026-08-09 at T-90m
  2026-08-09 NYL v LVA T-30m   missing_job_did_not_run    no base record for ANY game on 2026-08-09 at T-30m
  2026-08-09 MIN v DAL T-24h   missing_job_did_not_run    no base record for ANY game on 2026-08-09 at T-24h
  2026-08-09 MIN v DAL T-8h    missing_job_did_not_run    no base record for ANY game on 2026-08-09 at T-8h
  2026-08-09 MIN v DAL T-90m   missing_job_did_not_run    no base record for ANY game on 2026-08-09 at T-90m
  2026-08-09 MIN v DAL T-30m   missing_job_did_not_run    no base record for ANY game on 2026-08-09 at T-30m
  2026-08-15 WAS v LAS T-24h   missing_job_did_not_run    no base record for ANY game on 2026-08-15 at T-24h
  2026-08-15 WAS v LAS T-8h    missing_job_did_not_run    no base record for ANY game on 2026-08-15 at T-8h
  2026-08-15 LVA v MIN T-24h   missing_job_did_not_run    no base record for ANY game on 2026-08-15 at T-24h
  2026-08-15 LVA v MIN T-8h    missing_job_did_not_run    no base record for ANY game on 2026-08-15 at T-8h
  2026-08-16 ATL v IND T-24h   missing_job_did_not_run    no base record for ANY game on 2026-08-16 at T-24h
  2026-08-16 SEA v CHI T-24h   missing_job_did_not_run    no base record for ANY game on 2026-08-16 at T-24h
  2026-08-16 PHX v PDX T-24h   missing_job_did_not_run    no base record for ANY game on 2026-08-16 at T-24h

wrote forecasts/coverage_audit.csv and forecasts/coverage_receipt.json
[audit] exit=0 
==== Sat 08/15/2026 20:30:02.74 ==== 
[gate] 2026-08-16T00:30:03.417271+00:00  fire=False  -- no unserved obligation inside its 20-minute lead window (4 upcoming game(s) examined); 4 slate game(s) have no official game_id and were served under a provisional id: ATL v IND (2026-08-16) -> PROV-2026-08-16-IND@ATL, SEA v CHI (2026-08-16) -> PROV-2026-08-16-CHI@SEA, PHX v PDX (2026-08-16) -> PROV-2026-08-16-PDX@PHX, GSV v DAL (2026-08-17) -> PROV-2026-08-17-DAL@GSV
       ATL v IND      T-24h   unserved cutoff 2026-08-15T21:00:00 (-210 min) 
       SEA v CHI      T-24h   unserved cutoff 2026-08-15T21:00:00 (-210 min) 
       PHX v PDX      T-24h   unserved cutoff 2026-08-15T23:00:00 (-90 min) 
       GSV v DAL      T-24h   unserved cutoff 2026-08-17T02:00:00 (+1530 min) 
[gate] skipping the base job
[base] skipped - no unserved obligation in its lead window 
[base] exit=0 
================================================================================================
PROSPECTIVE PAIR RUNNER  2026-08-16T00:30:04.352505+00:00  model=ridge_score_level_w2c1_v1 hash=5d295bb8b99cd34e
================================================================================================
base records in official chain: 70
  late_prevented #0 ATL v SEA @ T-8h                cutoff 2026-07-31T15:35:00+00:00 already passed at 2026-08-1
  late_prevented #1 WAS v DAL @ T-8h                cutoff 2026-07-31T15:35:00+00:00 already passed at 2026-08-1
  late_prevented #2 PDX v IND @ T-8h                cutoff 2026-07-31T18:06:00+00:00 already passed at 2026-08-1
  late_prevented #3 ATL v SEA @ T-30m               cutoff 2026-07-31T23:05:00+00:00 already passed at 2026-08-1
  late_prevented #4 WAS v DAL @ T-30m               cutoff 2026-07-31T23:05:00+00:00 already passed at 2026-08-1
  late_prevented #5 PDX v IND @ T-90m               cutoff 2026-08-01T00:36:00+00:00 already passed at 2026-08-1
  late_prevented #6 CHI v LVA @ T-90m               cutoff 2026-08-01T15:35:00+00:00 already passed at 2026-08-1
  late_prevented #7 PHX v NYL @ T-90m               cutoff 2026-08-01T17:34:00+00:00 already passed at 2026-08-1
  skip           #8 CHI v LVA @ unknown-tip         base record is an explicit no-forecast; nothing to pair
  skip           #9 PHX v NYL @ unknown-tip         base record is an explicit no-forecast; nothing to pair
  late_prevented #10 NYL v SEA @ T-8h               cutoff 2026-08-03T15:04:00+00:00 already passed at 2026-08-1
  late_prevented #11 ATL v LVA @ T-8h               cutoff 2026-08-03T15:14:00+00:00 already passed at 2026-08-1
  late_prevented #12 CHI v PHX @ T-8h               cutoff 2026-08-03T17:08:00+00:00 already passed at 2026-08-1
  already_logged #13 NYL v SEA @ T-90m              idempotent: pair exists
  already_logged #14 ATL v LVA @ T-90m              idempotent: pair exists
  already_logged #15 CHI v PHX @ T-90m              idempotent: pair exists
  already_logged #16 NYL v SEA @ T-90m              idempotent: pair exists
  already_logged #17 ATL v LVA @ T-90m              idempotent: pair exists
  already_logged #18 CHI v PHX @ T-90m              idempotent: pair exists
  late_prevented #19 NYL v SEA @ T-30m              cutoff 2026-08-03T22:34:00+00:00 already passed at 2026-08-1
  late_prevented #20 ATL v LVA @ T-30m              cutoff 2026-08-03T22:44:00+00:00 already passed at 2026-08-1
  already_logged #21 CHI v PHX @ T-90m              idempotent: pair exists
  already_logged #22 GSV v TOR @ T-8h               idempotent: pair exists
  already_logged #23 GSV v TOR @ T-90m              idempotent: pair exists
  already_logged #24 GSV v TOR @ T-30m              idempotent: pair exists
  already_logged #25 ATL v PHX @ T-8h               idempotent: pair exists
  already_logged #26 NYL v SEA @ T-8h               idempotent: pair exists
  already_logged #27 WAS v DAL @ T-8h               idempotent: pair exists
  already_logged #28 CHI v LAS @ T-8h               idempotent: pair exists
  already_logged #29 ATL v PHX @ T-90m              idempotent: pair exists
  already_logged #30 NYL v SEA @ T-90m              idempotent: pair exists
  already_logged #31 WAS v DAL @ T-90m              idempotent: pair exists
  already_logged #32 CHI v LAS @ T-90m              idempotent: pair exists
  late_prevented #33 ATL v PHX @ T-30m              cutoff 2026-08-05T22:33:00+00:00 already passed at 2026-08-1
  late_prevented #34 NYL v SEA @ T-30m              cutoff 2026-08-05T22:38:00+00:00 already passed at 2026-08-1
  already_logged #35 WAS v DAL @ T-30m              idempotent: pair exists
  already_logged #36 CHI v LAS @ T-90m              idempotent: pair exists
  already_logged #37 IND v LVA @ T-8h               idempotent: pair exists
  already_logged #38 MIN v LAS @ T-8h               idempotent: pair exists
  already_logged #39 PDX v TOR @ T-8h               idempotent: pair exists
  already_logged #40 IND v LVA @ T-90m              idempotent: pair exists
  already_logged #41 MIN v LAS @ T-90m              idempotent: pair exists
  already_logged #42 PDX v TOR @ T-90m              idempotent: pair exists
  late_prevented #43 IND v LVA @ T-30m              cutoff 2026-08-06T22:36:00+00:00 already passed at 2026-08-1
  already_logged #44 PDX v TOR @ T-30m              idempotent: pair exists
  already_logged #45 CON v PHX @ T-8h               idempotent: pair exists
  already_logged #46 WAS v ATL @ T-8h               idempotent: pair exists
  already_logged #47 DAL v GSV @ T-8h               idempotent: pair exists
  already_logged #48 CON v PHX @ T-90m              idempotent: pair exists
  already_logged #49 WAS v ATL @ T-90m              idempotent: pair exists
  already_logged #50 DAL v GSV @ T-90m              idempotent: pair exists
  already_logged #51 CON v PHX @ T-30m              idempotent: pair exists
  already_logged #52 WAS v ATL @ T-30m              idempotent: pair exists
  already_logged #53 DAL v GSV @ T-30m              idempotent: pair exists
  already_logged #54 MIN v LVA @ T-8h               idempotent: pair exists
  already_logged #55 CHI v IND @ T-8h               idempotent: pair exists
  already_logged #56 PDX v SEA @ T-8h               idempotent: pair exists
  already_logged #57 MIN v LVA @ T-90m              idempotent: pair exists
  late_prevented #58 CHI v IND @ T-8h               cutoff 2026-08-08T11:35:00+00:00 already passed at 2026-08-1
  already_logged #59 PDX v SEA @ T-8h               idempotent: pair exists
  already_logged #60 PDX v SEA @ T-90m              idempotent: pair exists
  skip           #61 CHI v IND @ unknown-tip        base record is an explicit no-forecast; nothing to pair
  skip           #62 MIN v LVA @ unknown-tip        base record is an explicit no-forecast; nothing to pair
  already_logged #63 PDX v SEA @ T-30m              idempotent: pair exists
  already_logged #64 WAS v LAS @ T-90m              idempotent: pair exists
  already_logged #65 LVA v MIN @ T-90m              idempotent: pair exists
  already_logged #66 WAS v LAS @ T-30m              idempotent: pair exists
  late_prevented #67 LVA v MIN @ T-90m              cutoff 2026-08-15T22:35:00+00:00 already passed at 2026-08-1
  skip           #68 CON v NYL @ unknown-tip        base record is an explicit no-forecast; nothing to pair
  late_prevented #69 LVA v MIN @ T-30m              cutoff 2026-08-15T23:35:00+00:00 already passed at 2026-08-1

  already_logged=46, late_prevented=19, skip=5
  arm chain: ok=True n=41 tip=2d92d878aeb91d29
  receipt appended to prospective_pair_runs.jsonl
[arm] exit=0 
====================================================================================================
FORECAST COVERAGE AUDIT   generated 2026-08-16T00:30:05.398164+00:00
====================================================================================================

CUMULATIVE by classification
  missing_job_did_not_run      62
  forecast_logged              52
  before_period_start          15
  not_yet_due                  13
  missing_data_unavailable     9
  late_record                  5

  obligations 156 | due 128 | served 52 | coverage 40.6%
  operational misses 62 | unexplained 0
  PROMOTION-GRADE: NO   (needs >= 95% served, <= 0 operational misses, all explained)

DAILY
  date         oblig  served     due     excl    opmiss arm_recs
  2026-07-30      12       0       0       12         0        0
  2026-07-31      12       6       9        3         0        0
  2026-08-01       8       2       8        0         6        0
  2026-08-02      16       0      16        0        16        0
  2026-08-03      12       6      12        0         3        3
  2026-08-04       4       3       4        0         1        3
  2026-08-05      16       9      16        0         4        9
  2026-08-06      12       7      12        0         3        7
  2026-08-07      12       9      12        0         3        9
  2026-08-08      12       6      12        0         3        4
  2026-08-09      16       0      16        0        16        0
  2026-08-15       8       4       8        0         4        1
  2026-08-16      12       0       3        9         3        0
  2026-08-17       4       0       0        4         0        0

EVERY MISSING OR IRREGULAR OBLIGATION (each must carry an explanation)
  2026-07-31 ATL v SEA T-90m   missing_data_unavailable   job served 1 other game(s) on 2026-07-31 at T-90m
  2026-07-31 WAS v DAL T-90m   missing_data_unavailable   job served 1 other game(s) on 2026-07-31 at T-90m
  2026-07-31 PDX v IND T-30m   missing_data_unavailable   job served 2 other game(s) on 2026-07-31 at T-30m
  2026-08-01 CHI v LVA T-24h   missing_job_did_not_run    no base record for ANY game on 2026-08-01 at T-24h
  2026-08-01 CHI v LVA T-8h    missing_job_did_not_run    no base record for ANY game on 2026-08-01 at T-8h
  2026-08-01 CHI v LVA T-30m   missing_job_did_not_run    no base record for ANY game on 2026-08-01 at T-30m
  2026-08-01 PHX v NYL T-24h   missing_job_did_not_run    no base record for ANY game on 2026-08-01 at T-24h
  2026-08-01 PHX v NYL T-8h    missing_job_did_not_run    no base record for ANY game on 2026-08-01 at T-8h
  2026-08-01 PHX v NYL T-30m   missing_job_did_not_run    no base record for ANY game on 2026-08-01 at T-30m
  2026-08-02 DAL v CON T-24h   missing_job_did_not_run    no base record for ANY game on 2026-08-02 at T-24h
  2026-08-02 DAL v CON T-8h    missing_job_did_not_run    no base record for ANY game on 2026-08-02 at T-8h
  2026-08-02 DAL v CON T-90m   missing_job_did_not_run    no base record for ANY game on 2026-08-02 at T-90m
  2026-08-02 DAL v CON T-30m   missing_job_did_not_run    no base record for ANY game on 2026-08-02 at T-30m
  2026-08-02 GSV v TOR T-24h   missing_job_did_not_run    no base record for ANY game on 2026-08-02 at T-24h
  2026-08-02 GSV v TOR T-8h    missing_job_did_not_run    no base record for ANY game on 2026-08-02 at T-8h
  2026-08-02 GSV v TOR T-90m   missing_job_did_not_run    no base record for ANY game on 2026-08-02 at T-90m
  2026-08-02 GSV v TOR T-30m   missing_job_did_not_run    no base record for ANY game on 2026-08-02 at T-30m
  2026-08-02 MIN v IND T-24h   missing_job_did_not_run    no base record for ANY game on 2026-08-02 at T-24h
  2026-08-02 MIN v IND T-8h    missing_job_did_not_run    no base record for ANY game on 2026-08-02 at T-8h
  2026-08-02 MIN v IND T-90m   missing_job_did_not_run    no base record for ANY game on 2026-08-02 at T-90m
  2026-08-02 MIN v IND T-30m   missing_job_did_not_run    no base record for ANY game on 2026-08-02 at T-30m
  2026-08-02 PDX v LAS T-24h   missing_job_did_not_run    no base record for ANY game on 2026-08-02 at T-24h
  2026-08-02 PDX v LAS T-8h    missing_job_did_not_run    no base record for ANY game on 2026-08-02 at T-8h
  2026-08-02 PDX v LAS T-90m   missing_job_did_not_run    no base record for ANY game on 2026-08-02 at T-90m
  2026-08-02 PDX v LAS T-30m   missing_job_did_not_run    no base record for ANY game on 2026-08-02 at T-30m
  2026-08-03 NYL v SEA T-24h   missing_job_did_not_run    no base record for ANY game on 2026-08-03 at T-24h
  2026-08-03 NYL v SEA T-30m   late_record                created 2026-08-03T22:45:08.958486+00:00 after cutoff
  2026-08-03 ATL v LVA T-24h   missing_job_did_not_run    no base record for ANY game on 2026-08-03 at T-24h
  2026-08-03 ATL v LVA T-30m   late_record                created 2026-08-03T22:45:08.976775+00:00 after cutoff
  2026-08-03 CHI v PHX T-24h   missing_job_did_not_run    no base record for ANY game on 2026-08-03 at T-24h
  2026-08-03 CHI v PHX T-30m   missing_data_unavailable   job served 2 other game(s) on 2026-08-03 at T-30m
  2026-08-04 GSV v TOR T-24h   missing_job_did_not_run    no base record for ANY game on 2026-08-04 at T-24h
  2026-08-05 WAS v DAL T-24h   missing_job_did_not_run    no base record for ANY game on 2026-08-05 at T-24h
  2026-08-05 NYL v SEA T-24h   missing_job_did_not_run    no base record for ANY game on 2026-08-05 at T-24h
  2026-08-05 NYL v SEA T-30m   late_record                created 2026-08-05T22:45:07.299457+00:00 after cutoff
  2026-08-05 ATL v PHX T-24h   missing_job_did_not_run    no base record for ANY game on 2026-08-05 at T-24h
  2026-08-05 ATL v PHX T-30m   late_record                created 2026-08-05T22:45:07.274521+00:00 after cutoff
  2026-08-05 CHI v LAS T-24h   missing_job_did_not_run    no base record for ANY game on 2026-08-05 at T-24h
  2026-08-05 CHI v LAS T-30m   missing_data_unavailable   job served 3 other game(s) on 2026-08-05 at T-30m
  2026-08-06 IND v LVA T-24h   missing_job_did_not_run    no base record for ANY game on 2026-08-06 at T-24h
  2026-08-06 IND v LVA T-30m   late_record                created 2026-08-06T22:45:09.382682+00:00 after cutoff
  2026-08-06 PDX v TOR T-24h   missing_job_did_not_run    no base record for ANY game on 2026-08-06 at T-24h
  2026-08-06 MIN v LAS T-24h   missing_job_did_not_run    no base record for ANY game on 2026-08-06 at T-24h
  2026-08-06 MIN v LAS T-30m   missing_data_unavailable   job served 2 other game(s) on 2026-08-06 at T-30m
  2026-08-07 WAS v ATL T-24h   missing_job_did_not_run    no base record for ANY game on 2026-08-07 at T-24h
  2026-08-07 CON v PHX T-24h   missing_job_did_not_run    no base record for ANY game on 2026-08-07 at T-24h
  2026-08-07 DAL v GSV T-24h   missing_job_did_not_run    no base record for ANY game on 2026-08-07 at T-24h
  2026-08-08 CHI v IND T-24h   missing_job_did_not_run    no base record for ANY game on 2026-08-08 at T-24h
  2026-08-08 CHI v IND T-90m   missing_data_unavailable   job served 2 other game(s) on 2026-08-08 at T-90m
  2026-08-08 CHI v IND T-30m   missing_data_unavailable   job served 1 other game(s) on 2026-08-08 at T-30m
  2026-08-08 MIN v LVA T-24h   missing_job_did_not_run    no base record for ANY game on 2026-08-08 at T-24h
  2026-08-08 MIN v LVA T-30m   missing_data_unavailable   job served 1 other game(s) on 2026-08-08 at T-30m
  2026-08-08 PDX v SEA T-24h   missing_job_did_not_run    no base record for ANY game on 2026-08-08 at T-24h
  2026-08-09 WAS v PHX T-24h   missing_job_did_not_run    no base record for ANY game on 2026-08-09 at T-24h
  2026-08-09 WAS v PHX T-8h    missing_job_did_not_run    no base record for ANY game on 2026-08-09 at T-8h
  2026-08-09 WAS v PHX T-90m   missing_job_did_not_run    no base record for ANY game on 2026-08-09 at T-90m
  2026-08-09 WAS v PHX T-30m   missing_job_did_not_run    no base record for ANY game on 2026-08-09 at T-30m
  2026-08-09 LAS v GSV T-24h   missing_job_did_not_run    no base record for ANY game on 2026-08-09 at T-24h
  2026-08-09 LAS v GSV T-8h    missing_job_did_not_run    no base record for ANY game on 2026-08-09 at T-8h
  2026-08-09 LAS v GSV T-90m   missing_job_did_not_run    no base record for ANY game on 2026-08-09 at T-90m
  2026-08-09 LAS v GSV T-30m   missing_job_did_not_run    no base record for ANY game on 2026-08-09 at T-30m
  2026-08-09 NYL v LVA T-24h   missing_job_did_not_run    no base record for ANY game on 2026-08-09 at T-24h
  2026-08-09 NYL v LVA T-8h    missing_job_did_not_run    no base record for ANY game on 2026-08-09 at T-8h
  2026-08-09 NYL v LVA T-90m   missing_job_did_not_run    no base record for ANY game on 2026-08-09 at T-90m
  2026-08-09 NYL v LVA T-30m   missing_job_did_not_run    no base record for ANY game on 2026-08-09 at T-30m
  2026-08-09 MIN v DAL T-24h   missing_job_did_not_run    no base record for ANY game on 2026-08-09 at T-24h
  2026-08-09 MIN v DAL T-8h    missing_job_did_not_run    no base record for ANY game on 2026-08-09 at T-8h
  2026-08-09 MIN v DAL T-90m   missing_job_did_not_run    no base record for ANY game on 2026-08-09 at T-90m
  2026-08-09 MIN v DAL T-30m   missing_job_did_not_run    no base record for ANY game on 2026-08-09 at T-30m
  2026-08-15 WAS v LAS T-24h   missing_job_did_not_run    no base record for ANY game on 2026-08-15 at T-24h
  2026-08-15 WAS v LAS T-8h    missing_job_did_not_run    no base record for ANY game on 2026-08-15 at T-8h
  2026-08-15 LVA v MIN T-24h   missing_job_did_not_run    no base record for ANY game on 2026-08-15 at T-24h
  2026-08-15 LVA v MIN T-8h    missing_job_did_not_run    no base record for ANY game on 2026-08-15 at T-8h
  2026-08-16 ATL v IND T-24h   missing_job_did_not_run    no base record for ANY game on 2026-08-16 at T-24h
  2026-08-16 SEA v CHI T-24h   missing_job_did_not_run    no base record for ANY game on 2026-08-16 at T-24h
  2026-08-16 PHX v PDX T-24h   missing_job_did_not_run    no base record for ANY game on 2026-08-16 at T-24h

wrote forecasts/coverage_audit.csv and forecasts/coverage_receipt.json
[audit] exit=0 
==== Sat 08/15/2026 20:45:02.89 ==== 
[gate] 2026-08-16T00:45:03.570351+00:00  fire=False  -- no unserved obligation inside its 20-minute lead window (4 upcoming game(s) examined); 4 slate game(s) have no official game_id and were served under a provisional id: ATL v IND (2026-08-16) -> PROV-2026-08-16-IND@ATL, SEA v CHI (2026-08-16) -> PROV-2026-08-16-CHI@SEA, PHX v PDX (2026-08-16) -> PROV-2026-08-16-PDX@PHX, GSV v DAL (2026-08-17) -> PROV-2026-08-17-DAL@GSV
       ATL v IND      T-24h   unserved cutoff 2026-08-15T21:00:00 (-225 min) 
       SEA v CHI      T-24h   unserved cutoff 2026-08-15T21:00:00 (-225 min) 
       PHX v PDX      T-24h   unserved cutoff 2026-08-15T23:00:00 (-105 min) 
       GSV v DAL      T-24h   unserved cutoff 2026-08-17T02:00:00 (+1515 min) 
[gate] skipping the base job
[base] skipped - no unserved obligation in its lead window 
[base] exit=0 
================================================================================================
PROSPECTIVE PAIR RUNNER  2026-08-16T00:45:04.505591+00:00  model=ridge_score_level_w2c1_v1 hash=5d295bb8b99cd34e
================================================================================================
base records in official chain: 70
  late_prevented #0 ATL v SEA @ T-8h                cutoff 2026-07-31T15:35:00+00:00 already passed at 2026-08-1
  late_prevented #1 WAS v DAL @ T-8h                cutoff 2026-07-31T15:35:00+00:00 already passed at 2026-08-1
  late_prevented #2 PDX v IND @ T-8h                cutoff 2026-07-31T18:06:00+00:00 already passed at 2026-08-1
  late_prevented #3 ATL v SEA @ T-30m               cutoff 2026-07-31T23:05:00+00:00 already passed at 2026-08-1
  late_prevented #4 WAS v DAL @ T-30m               cutoff 2026-07-31T23:05:00+00:00 already passed at 2026-08-1
  late_prevented #5 PDX v IND @ T-90m               cutoff 2026-08-01T00:36:00+00:00 already passed at 2026-08-1
  late_prevented #6 CHI v LVA @ T-90m               cutoff 2026-08-01T15:35:00+00:00 already passed at 2026-08-1
  late_prevented #7 PHX v NYL @ T-90m               cutoff 2026-08-01T17:34:00+00:00 already passed at 2026-08-1
  skip           #8 CHI v LVA @ unknown-tip         base record is an explicit no-forecast; nothing to pair
  skip           #9 PHX v NYL @ unknown-tip         base record is an explicit no-forecast; nothing to pair
  late_prevented #10 NYL v SEA @ T-8h               cutoff 2026-08-03T15:04:00+00:00 already passed at 2026-08-1
  late_prevented #11 ATL v LVA @ T-8h               cutoff 2026-08-03T15:14:00+00:00 already passed at 2026-08-1
  late_prevented #12 CHI v PHX @ T-8h               cutoff 2026-08-03T17:08:00+00:00 already passed at 2026-08-1
  already_logged #13 NYL v SEA @ T-90m              idempotent: pair exists
  already_logged #14 ATL v LVA @ T-90m              idempotent: pair exists
  already_logged #15 CHI v PHX @ T-90m              idempotent: pair exists
  already_logged #16 NYL v SEA @ T-90m              idempotent: pair exists
  already_logged #17 ATL v LVA @ T-90m              idempotent: pair exists
  already_logged #18 CHI v PHX @ T-90m              idempotent: pair exists
  late_prevented #19 NYL v SEA @ T-30m              cutoff 2026-08-03T22:34:00+00:00 already passed at 2026-08-1
  late_prevented #20 ATL v LVA @ T-30m              cutoff 2026-08-03T22:44:00+00:00 already passed at 2026-08-1
  already_logged #21 CHI v PHX @ T-90m              idempotent: pair exists
  already_logged #22 GSV v TOR @ T-8h               idempotent: pair exists
  already_logged #23 GSV v TOR @ T-90m              idempotent: pair exists
  already_logged #24 GSV v TOR @ T-30m              idempotent: pair exists
  already_logged #25 ATL v PHX @ T-8h               idempotent: pair exists
  already_logged #26 NYL v SEA @ T-8h               idempotent: pair exists
  already_logged #27 WAS v DAL @ T-8h               idempotent: pair exists
  already_logged #28 CHI v LAS @ T-8h               idempotent: pair exists
  already_logged #29 ATL v PHX @ T-90m              idempotent: pair exists
  already_logged #30 NYL v SEA @ T-90m              idempotent: pair exists
  already_logged #31 WAS v DAL @ T-90m              idempotent: pair exists
  already_logged #32 CHI v LAS @ T-90m              idempotent: pair exists
  late_prevented #33 ATL v PHX @ T-30m              cutoff 2026-08-05T22:33:00+00:00 already passed at 2026-08-1
  late_prevented #34 NYL v SEA @ T-30m              cutoff 2026-08-05T22:38:00+00:00 already passed at 2026-08-1
  already_logged #35 WAS v DAL @ T-30m              idempotent: pair exists
  already_logged #36 CHI v LAS @ T-90m              idempotent: pair exists
  already_logged #37 IND v LVA @ T-8h               idempotent: pair exists
  already_logged #38 MIN v LAS @ T-8h               idempotent: pair exists
  already_logged #39 PDX v TOR @ T-8h               idempotent: pair exists
  already_logged #40 IND v LVA @ T-90m              idempotent: pair exists
  already_logged #41 MIN v LAS @ T-90m              idempotent: pair exists
  already_logged #42 PDX v TOR @ T-90m              idempotent: pair exists
  late_prevented #43 IND v LVA @ T-30m              cutoff 2026-08-06T22:36:00+00:00 already passed at 2026-08-1
  already_logged #44 PDX v TOR @ T-30m              idempotent: pair exists
  already_logged #45 CON v PHX @ T-8h               idempotent: pair exists
  already_logged #46 WAS v ATL @ T-8h               idempotent: pair exists
  already_logged #47 DAL v GSV @ T-8h               idempotent: pair exists
  already_logged #48 CON v PHX @ T-90m              idempotent: pair exists
  already_logged #49 WAS v ATL @ T-90m              idempotent: pair exists
  already_logged #50 DAL v GSV @ T-90m              idempotent: pair exists
  already_logged #51 CON v PHX @ T-30m              idempotent: pair exists
  already_logged #52 WAS v ATL @ T-30m              idempotent: pair exists
  already_logged #53 DAL v GSV @ T-30m              idempotent: pair exists
  already_logged #54 MIN v LVA @ T-8h               idempotent: pair exists
  already_logged #55 CHI v IND @ T-8h               idempotent: pair exists
  already_logged #56 PDX v SEA @ T-8h               idempotent: pair exists
  already_logged #57 MIN v LVA @ T-90m              idempotent: pair exists
  late_prevented #58 CHI v IND @ T-8h               cutoff 2026-08-08T11:35:00+00:00 already passed at 2026-08-1
  already_logged #59 PDX v SEA @ T-8h               idempotent: pair exists
  already_logged #60 PDX v SEA @ T-90m              idempotent: pair exists
  skip           #61 CHI v IND @ unknown-tip        base record is an explicit no-forecast; nothing to pair
  skip           #62 MIN v LVA @ unknown-tip        base record is an explicit no-forecast; nothing to pair
  already_logged #63 PDX v SEA @ T-30m              idempotent: pair exists
  already_logged #64 WAS v LAS @ T-90m              idempotent: pair exists
  already_logged #65 LVA v MIN @ T-90m              idempotent: pair exists
  already_logged #66 WAS v LAS @ T-30m              idempotent: pair exists
  late_prevented #67 LVA v MIN @ T-90m              cutoff 2026-08-15T22:35:00+00:00 already passed at 2026-08-1
  skip           #68 CON v NYL @ unknown-tip        base record is an explicit no-forecast; nothing to pair
  late_prevented #69 LVA v MIN @ T-30m              cutoff 2026-08-15T23:35:00+00:00 already passed at 2026-08-1

  already_logged=46, late_prevented=19, skip=5
  arm chain: ok=True n=41 tip=2d92d878aeb91d29
  receipt appended to prospective_pair_runs.jsonl
[arm] exit=0 
====================================================================================================
FORECAST COVERAGE AUDIT   generated 2026-08-16T00:45:05.565587+00:00
====================================================================================================

CUMULATIVE by classification
  missing_job_did_not_run      62
  forecast_logged              52
  before_period_start          15
  not_yet_due                  13
  missing_data_unavailable     9
  late_record                  5

  obligations 156 | due 128 | served 52 | coverage 40.6%
  operational misses 62 | unexplained 0
  PROMOTION-GRADE: NO   (needs >= 95% served, <= 0 operational misses, all explained)

DAILY
  date         oblig  served     due     excl    opmiss arm_recs
  2026-07-30      12       0       0       12         0        0
  2026-07-31      12       6       9        3         0        0
  2026-08-01       8       2       8        0         6        0
  2026-08-02      16       0      16        0        16        0
  2026-08-03      12       6      12        0         3        3
  2026-08-04       4       3       4        0         1        3
  2026-08-05      16       9      16        0         4        9
  2026-08-06      12       7      12        0         3        7
  2026-08-07      12       9      12        0         3        9
  2026-08-08      12       6      12        0         3        4
  2026-08-09      16       0      16        0        16        0
  2026-08-15       8       4       8        0         4        1
  2026-08-16      12       0       3        9         3        0
  2026-08-17       4       0       0        4         0        0

EVERY MISSING OR IRREGULAR OBLIGATION (each must carry an explanation)
  2026-07-31 ATL v SEA T-90m   missing_data_unavailable   job served 1 other game(s) on 2026-07-31 at T-90m
  2026-07-31 WAS v DAL T-90m   missing_data_unavailable   job served 1 other game(s) on 2026-07-31 at T-90m
  2026-07-31 PDX v IND T-30m   missing_data_unavailable   job served 2 other game(s) on 2026-07-31 at T-30m
  2026-08-01 CHI v LVA T-24h   missing_job_did_not_run    no base record for ANY game on 2026-08-01 at T-24h
  2026-08-01 CHI v LVA T-8h    missing_job_did_not_run    no base record for ANY game on 2026-08-01 at T-8h
  2026-08-01 CHI v LVA T-30m   missing_job_did_not_run    no base record for ANY game on 2026-08-01 at T-30m
  2026-08-01 PHX v NYL T-24h   missing_job_did_not_run    no base record for ANY game on 2026-08-01 at T-24h
  2026-08-01 PHX v NYL T-8h    missing_job_did_not_run    no base record for ANY game on 2026-08-01 at T-8h
  2026-08-01 PHX v NYL T-30m   missing_job_did_not_run    no base record for ANY game on 2026-08-01 at T-30m
  2026-08-02 DAL v CON T-24h   missing_job_did_not_run    no base record for ANY game on 2026-08-02 at T-24h
  2026-08-02 DAL v CON T-8h    missing_job_did_not_run    no base record for ANY game on 2026-08-02 at T-8h
  2026-08-02 DAL v CON T-90m   missing_job_did_not_run    no base record for ANY game on 2026-08-02 at T-90m
  2026-08-02 DAL v CON T-30m   missing_job_did_not_run    no base record for ANY game on 2026-08-02 at T-30m
  2026-08-02 GSV v TOR T-24h   missing_job_did_not_run    no base record for ANY game on 2026-08-02 at T-24h
  2026-08-02 GSV v TOR T-8h    missing_job_did_not_run    no base record for ANY game on 2026-08-02 at T-8h
  2026-08-02 GSV v TOR T-90m   missing_job_did_not_run    no base record for ANY game on 2026-08-02 at T-90m
  2026-08-02 GSV v TOR T-30m   missing_job_did_not_run    no base record for ANY game on 2026-08-02 at T-30m
  2026-08-02 MIN v IND T-24h   missing_job_did_not_run    no base record for ANY game on 2026-08-02 at T-24h
  2026-08-02 MIN v IND T-8h    missing_job_did_not_run    no base record for ANY game on 2026-08-02 at T-8h
  2026-08-02 MIN v IND T-90m   missing_job_did_not_run    no base record for ANY game on 2026-08-02 at T-90m
  2026-08-02 MIN v IND T-30m   missing_job_did_not_run    no base record for ANY game on 2026-08-02 at T-30m
  2026-08-02 PDX v LAS T-24h   missing_job_did_not_run    no base record for ANY game on 2026-08-02 at T-24h
  2026-08-02 PDX v LAS T-8h    missing_job_did_not_run    no base record for ANY game on 2026-08-02 at T-8h
  2026-08-02 PDX v LAS T-90m   missing_job_did_not_run    no base record for ANY game on 2026-08-02 at T-90m
  2026-08-02 PDX v LAS T-30m   missing_job_did_not_run    no base record for ANY game on 2026-08-02 at T-30m
  2026-08-03 NYL v SEA T-24h   missing_job_did_not_run    no base record for ANY game on 2026-08-03 at T-24h
  2026-08-03 NYL v SEA T-30m   late_record                created 2026-08-03T22:45:08.958486+00:00 after cutoff
  2026-08-03 ATL v LVA T-24h   missing_job_did_not_run    no base record for ANY game on 2026-08-03 at T-24h
  2026-08-03 ATL v LVA T-30m   late_record                created 2026-08-03T22:45:08.976775+00:00 after cutoff
  2026-08-03 CHI v PHX T-24h   missing_job_did_not_run    no base record for ANY game on 2026-08-03 at T-24h
  2026-08-03 CHI v PHX T-30m   missing_data_unavailable   job served 2 other game(s) on 2026-08-03 at T-30m
  2026-08-04 GSV v TOR T-24h   missing_job_did_not_run    no base record for ANY game on 2026-08-04 at T-24h
  2026-08-05 WAS v DAL T-24h   missing_job_did_not_run    no base record for ANY game on 2026-08-05 at T-24h
  2026-08-05 NYL v SEA T-24h   missing_job_did_not_run    no base record for ANY game on 2026-08-05 at T-24h
  2026-08-05 NYL v SEA T-30m   late_record                created 2026-08-05T22:45:07.299457+00:00 after cutoff
  2026-08-05 ATL v PHX T-24h   missing_job_did_not_run    no base record for ANY game on 2026-08-05 at T-24h
  2026-08-05 ATL v PHX T-30m   late_record                created 2026-08-05T22:45:07.274521+00:00 after cutoff
  2026-08-05 CHI v LAS T-24h   missing_job_did_not_run    no base record for ANY game on 2026-08-05 at T-24h
  2026-08-05 CHI v LAS T-30m   missing_data_unavailable   job served 3 other game(s) on 2026-08-05 at T-30m
  2026-08-06 IND v LVA T-24h   missing_job_did_not_run    no base record for ANY game on 2026-08-06 at T-24h
  2026-08-06 IND v LVA T-30m   late_record                created 2026-08-06T22:45:09.382682+00:00 after cutoff
  2026-08-06 PDX v TOR T-24h   missing_job_did_not_run    no base record for ANY game on 2026-08-06 at T-24h
  2026-08-06 MIN v LAS T-24h   missing_job_did_not_run    no base record for ANY game on 2026-08-06 at T-24h
  2026-08-06 MIN v LAS T-30m   missing_data_unavailable   job served 2 other game(s) on 2026-08-06 at T-30m
  2026-08-07 WAS v ATL T-24h   missing_job_did_not_run    no base record for ANY game on 2026-08-07 at T-24h
  2026-08-07 CON v PHX T-24h   missing_job_did_not_run    no base record for ANY game on 2026-08-07 at T-24h
  2026-08-07 DAL v GSV T-24h   missing_job_did_not_run    no base record for ANY game on 2026-08-07 at T-24h
  2026-08-08 CHI v IND T-24h   missing_job_did_not_run    no base record for ANY game on 2026-08-08 at T-24h
  2026-08-08 CHI v IND T-90m   missing_data_unavailable   job served 2 other game(s) on 2026-08-08 at T-90m
  2026-08-08 CHI v IND T-30m   missing_data_unavailable   job served 1 other game(s) on 2026-08-08 at T-30m
  2026-08-08 MIN v LVA T-24h   missing_job_did_not_run    no base record for ANY game on 2026-08-08 at T-24h
  2026-08-08 MIN v LVA T-30m   missing_data_unavailable   job served 1 other game(s) on 2026-08-08 at T-30m
  2026-08-08 PDX v SEA T-24h   missing_job_did_not_run    no base record for ANY game on 2026-08-08 at T-24h
  2026-08-09 WAS v PHX T-24h   missing_job_did_not_run    no base record for ANY game on 2026-08-09 at T-24h
  2026-08-09 WAS v PHX T-8h    missing_job_did_not_run    no base record for ANY game on 2026-08-09 at T-8h
  2026-08-09 WAS v PHX T-90m   missing_job_did_not_run    no base record for ANY game on 2026-08-09 at T-90m
  2026-08-09 WAS v PHX T-30m   missing_job_did_not_run    no base record for ANY game on 2026-08-09 at T-30m
  2026-08-09 LAS v GSV T-24h   missing_job_did_not_run    no base record for ANY game on 2026-08-09 at T-24h
  2026-08-09 LAS v GSV T-8h    missing_job_did_not_run    no base record for ANY game on 2026-08-09 at T-8h
  2026-08-09 LAS v GSV T-90m   missing_job_did_not_run    no base record for ANY game on 2026-08-09 at T-90m
  2026-08-09 LAS v GSV T-30m   missing_job_did_not_run    no base record for ANY game on 2026-08-09 at T-30m
  2026-08-09 NYL v LVA T-24h   missing_job_did_not_run    no base record for ANY game on 2026-08-09 at T-24h
  2026-08-09 NYL v LVA T-8h    missing_job_did_not_run    no base record for ANY game on 2026-08-09 at T-8h
  2026-08-09 NYL v LVA T-90m   missing_job_did_not_run    no base record for ANY game on 2026-08-09 at T-90m
  2026-08-09 NYL v LVA T-30m   missing_job_did_not_run    no base record for ANY game on 2026-08-09 at T-30m
  2026-08-09 MIN v DAL T-24h   missing_job_did_not_run    no base record for ANY game on 2026-08-09 at T-24h
  2026-08-09 MIN v DAL T-8h    missing_job_did_not_run    no base record for ANY game on 2026-08-09 at T-8h
  2026-08-09 MIN v DAL T-90m   missing_job_did_not_run    no base record for ANY game on 2026-08-09 at T-90m
  2026-08-09 MIN v DAL T-30m   missing_job_did_not_run    no base record for ANY game on 2026-08-09 at T-30m
  2026-08-15 WAS v LAS T-24h   missing_job_did_not_run    no base record for ANY game on 2026-08-15 at T-24h
  2026-08-15 WAS v LAS T-8h    missing_job_did_not_run    no base record for ANY game on 2026-08-15 at T-8h
  2026-08-15 LVA v MIN T-24h   missing_job_did_not_run    no base record for ANY game on 2026-08-15 at T-24h
  2026-08-15 LVA v MIN T-8h    missing_job_did_not_run    no base record for ANY game on 2026-08-15 at T-8h
  2026-08-16 ATL v IND T-24h   missing_job_did_not_run    no base record for ANY game on 2026-08-16 at T-24h
  2026-08-16 SEA v CHI T-24h   missing_job_did_not_run    no base record for ANY game on 2026-08-16 at T-24h
  2026-08-16 PHX v PDX T-24h   missing_job_did_not_run    no base record for ANY game on 2026-08-16 at T-24h

wrote forecasts/coverage_audit.csv and forecasts/coverage_receipt.json
[audit] exit=0 
==== Sat 08/15/2026 21:00:02.86 ==== 
[gate] 2026-08-16T01:00:03.649548+00:00  fire=False  -- no unserved obligation inside its 20-minute lead window (4 upcoming game(s) examined); 4 slate game(s) have no official game_id and were served under a provisional id: ATL v IND (2026-08-16) -> PROV-2026-08-16-IND@ATL, SEA v CHI (2026-08-16) -> PROV-2026-08-16-CHI@SEA, PHX v PDX (2026-08-16) -> PROV-2026-08-16-PDX@PHX, GSV v DAL (2026-08-17) -> PROV-2026-08-17-DAL@GSV
       ATL v IND      T-24h   unserved cutoff 2026-08-15T21:00:00 (-240 min) 
       SEA v CHI      T-24h   unserved cutoff 2026-08-15T21:00:00 (-240 min) 
       PHX v PDX      T-24h   unserved cutoff 2026-08-15T23:00:00 (-120 min) 
       GSV v DAL      T-24h   unserved cutoff 2026-08-17T02:00:00 (+1500 min) 
[gate] skipping the base job
[base] skipped - no unserved obligation in its lead window 
[base] exit=0 
================================================================================================
PROSPECTIVE PAIR RUNNER  2026-08-16T01:00:04.606901+00:00  model=ridge_score_level_w2c1_v1 hash=5d295bb8b99cd34e
================================================================================================
base records in official chain: 70
  late_prevented #0 ATL v SEA @ T-8h                cutoff 2026-07-31T15:35:00+00:00 already passed at 2026-08-1
  late_prevented #1 WAS v DAL @ T-8h                cutoff 2026-07-31T15:35:00+00:00 already passed at 2026-08-1
  late_prevented #2 PDX v IND @ T-8h                cutoff 2026-07-31T18:06:00+00:00 already passed at 2026-08-1
  late_prevented #3 ATL v SEA @ T-30m               cutoff 2026-07-31T23:05:00+00:00 already passed at 2026-08-1
  late_prevented #4 WAS v DAL @ T-30m               cutoff 2026-07-31T23:05:00+00:00 already passed at 2026-08-1
  late_prevented #5 PDX v IND @ T-90m               cutoff 2026-08-01T00:36:00+00:00 already passed at 2026-08-1
  late_prevented #6 CHI v LVA @ T-90m               cutoff 2026-08-01T15:35:00+00:00 already passed at 2026-08-1
  late_prevented #7 PHX v NYL @ T-90m               cutoff 2026-08-01T17:34:00+00:00 already passed at 2026-08-1
  skip           #8 CHI v LVA @ unknown-tip         base record is an explicit no-forecast; nothing to pair
  skip           #9 PHX v NYL @ unknown-tip         base record is an explicit no-forecast; nothing to pair
  late_prevented #10 NYL v SEA @ T-8h               cutoff 2026-08-03T15:04:00+00:00 already passed at 2026-08-1
  late_prevented #11 ATL v LVA @ T-8h               cutoff 2026-08-03T15:14:00+00:00 already passed at 2026-08-1
  late_prevented #12 CHI v PHX @ T-8h               cutoff 2026-08-03T17:08:00+00:00 already passed at 2026-08-1
  already_logged #13 NYL v SEA @ T-90m              idempotent: pair exists
  already_logged #14 ATL v LVA @ T-90m              idempotent: pair exists
  already_logged #15 CHI v PHX @ T-90m              idempotent: pair exists
  already_logged #16 NYL v SEA @ T-90m              idempotent: pair exists
  already_logged #17 ATL v LVA @ T-90m              idempotent: pair exists
  already_logged #18 CHI v PHX @ T-90m              idempotent: pair exists
  late_prevented #19 NYL v SEA @ T-30m              cutoff 2026-08-03T22:34:00+00:00 already passed at 2026-08-1
  late_prevented #20 ATL v LVA @ T-30m              cutoff 2026-08-03T22:44:00+00:00 already passed at 2026-08-1
  already_logged #21 CHI v PHX @ T-90m              idempotent: pair exists
  already_logged #22 GSV v TOR @ T-8h               idempotent: pair exists
  already_logged #23 GSV v TOR @ T-90m              idempotent: pair exists
  already_logged #24 GSV v TOR @ T-30m              idempotent: pair exists
  already_logged #25 ATL v PHX @ T-8h               idempotent: pair exists
  already_logged #26 NYL v SEA @ T-8h               idempotent: pair exists
  already_logged #27 WAS v DAL @ T-8h               idempotent: pair exists
  already_logged #28 CHI v LAS @ T-8h               idempotent: pair exists
  already_logged #29 ATL v PHX @ T-90m              idempotent: pair exists
  already_logged #30 NYL v SEA @ T-90m              idempotent: pair exists
  already_logged #31 WAS v DAL @ T-90m              idempotent: pair exists
  already_logged #32 CHI v LAS @ T-90m              idempotent: pair exists
  late_prevented #33 ATL v PHX @ T-30m              cutoff 2026-08-05T22:33:00+00:00 already passed at 2026-08-1
  late_prevented #34 NYL v SEA @ T-30m              cutoff 2026-08-05T22:38:00+00:00 already passed at 2026-08-1
  already_logged #35 WAS v DAL @ T-30m              idempotent: pair exists
  already_logged #36 CHI v LAS @ T-90m              idempotent: pair exists
  already_logged #37 IND v LVA @ T-8h               idempotent: pair exists
  already_logged #38 MIN v LAS @ T-8h               idempotent: pair exists
  already_logged #39 PDX v TOR @ T-8h               idempotent: pair exists
  already_logged #40 IND v LVA @ T-90m              idempotent: pair exists
  already_logged #41 MIN v LAS @ T-90m              idempotent: pair exists
  already_logged #42 PDX v TOR @ T-90m              idempotent: pair exists
  late_prevented #43 IND v LVA @ T-30m              cutoff 2026-08-06T22:36:00+00:00 already passed at 2026-08-1
  already_logged #44 PDX v TOR @ T-30m              idempotent: pair exists
  already_logged #45 CON v PHX @ T-8h               idempotent: pair exists
  already_logged #46 WAS v ATL @ T-8h               idempotent: pair exists
  already_logged #47 DAL v GSV @ T-8h               idempotent: pair exists
  already_logged #48 CON v PHX @ T-90m              idempotent: pair exists
  already_logged #49 WAS v ATL @ T-90m              idempotent: pair exists
  already_logged #50 DAL v GSV @ T-90m              idempotent: pair exists
  already_logged #51 CON v PHX @ T-30m              idempotent: pair exists
  already_logged #52 WAS v ATL @ T-30m              idempotent: pair exists
  already_logged #53 DAL v GSV @ T-30m              idempotent: pair exists
  already_logged #54 MIN v LVA @ T-8h               idempotent: pair exists
  already_logged #55 CHI v IND @ T-8h               idempotent: pair exists
  already_logged #56 PDX v SEA @ T-8h               idempotent: pair exists
  already_logged #57 MIN v LVA @ T-90m              idempotent: pair exists
  late_prevented #58 CHI v IND @ T-8h               cutoff 2026-08-08T11:35:00+00:00 already passed at 2026-08-1
  already_logged #59 PDX v SEA @ T-8h               idempotent: pair exists
  already_logged #60 PDX v SEA @ T-90m              idempotent: pair exists
  skip           #61 CHI v IND @ unknown-tip        base record is an explicit no-forecast; nothing to pair
  skip           #62 MIN v LVA @ unknown-tip        base record is an explicit no-forecast; nothing to pair
  already_logged #63 PDX v SEA @ T-30m              idempotent: pair exists
  already_logged #64 WAS v LAS @ T-90m              idempotent: pair exists
  already_logged #65 LVA v MIN @ T-90m              idempotent: pair exists
  already_logged #66 WAS v LAS @ T-30m              idempotent: pair exists
  late_prevented #67 LVA v MIN @ T-90m              cutoff 2026-08-15T22:35:00+00:00 already passed at 2026-08-1
  skip           #68 CON v NYL @ unknown-tip        base record is an explicit no-forecast; nothing to pair
  late_prevented #69 LVA v MIN @ T-30m              cutoff 2026-08-15T23:35:00+00:00 already passed at 2026-08-1

  already_logged=46, late_prevented=19, skip=5
  arm chain: ok=True n=41 tip=2d92d878aeb91d29
  receipt appended to prospective_pair_runs.jsonl
[arm] exit=0 
====================================================================================================
FORECAST COVERAGE AUDIT   generated 2026-08-16T01:00:05.674880+00:00
====================================================================================================

CUMULATIVE by classification
  missing_job_did_not_run      62
  forecast_logged              52
  before_period_start          15
  not_yet_due                  13
  missing_data_unavailable     9
  late_record                  5

  obligations 156 | due 128 | served 52 | coverage 40.6%
  operational misses 62 | unexplained 0
  PROMOTION-GRADE: NO   (needs >= 95% served, <= 0 operational misses, all explained)

DAILY
  date         oblig  served     due     excl    opmiss arm_recs
  2026-07-30      12       0       0       12         0        0
  2026-07-31      12       6       9        3         0        0
  2026-08-01       8       2       8        0         6        0
  2026-08-02      16       0      16        0        16        0
  2026-08-03      12       6      12        0         3        3
  2026-08-04       4       3       4        0         1        3
  2026-08-05      16       9      16        0         4        9
  2026-08-06      12       7      12        0         3        7
  2026-08-07      12       9      12        0         3        9
  2026-08-08      12       6      12        0         3        4
  2026-08-09      16       0      16        0        16        0
  2026-08-15       8       4       8        0         4        1
  2026-08-16      12       0       3        9         3        0
  2026-08-17       4       0       0        4         0        0

EVERY MISSING OR IRREGULAR OBLIGATION (each must carry an explanation)
  2026-07-31 ATL v SEA T-90m   missing_data_unavailable   job served 1 other game(s) on 2026-07-31 at T-90m
  2026-07-31 WAS v DAL T-90m   missing_data_unavailable   job served 1 other game(s) on 2026-07-31 at T-90m
  2026-07-31 PDX v IND T-30m   missing_data_unavailable   job served 2 other game(s) on 2026-07-31 at T-30m
  2026-08-01 CHI v LVA T-24h   missing_job_did_not_run    no base record for ANY game on 2026-08-01 at T-24h
  2026-08-01 CHI v LVA T-8h    missing_job_did_not_run    no base record for ANY game on 2026-08-01 at T-8h
  2026-08-01 CHI v LVA T-30m   missing_job_did_not_run    no base record for ANY game on 2026-08-01 at T-30m
  2026-08-01 PHX v NYL T-24h   missing_job_did_not_run    no base record for ANY game on 2026-08-01 at T-24h
  2026-08-01 PHX v NYL T-8h    missing_job_did_not_run    no base record for ANY game on 2026-08-01 at T-8h
  2026-08-01 PHX v NYL T-30m   missing_job_did_not_run    no base record for ANY game on 2026-08-01 at T-30m
  2026-08-02 DAL v CON T-24h   missing_job_did_not_run    no base record for ANY game on 2026-08-02 at T-24h
  2026-08-02 DAL v CON T-8h    missing_job_did_not_run    no base record for ANY game on 2026-08-02 at T-8h
  2026-08-02 DAL v CON T-90m   missing_job_did_not_run    no base record for ANY game on 2026-08-02 at T-90m
  2026-08-02 DAL v CON T-30m   missing_job_did_not_run    no base record for ANY game on 2026-08-02 at T-30m
  2026-08-02 GSV v TOR T-24h   missing_job_did_not_run    no base record for ANY game on 2026-08-02 at T-24h
  2026-08-02 GSV v TOR T-8h    missing_job_did_not_run    no base record for ANY game on 2026-08-02 at T-8h
  2026-08-02 GSV v TOR T-90m   missing_job_did_not_run    no base record for ANY game on 2026-08-02 at T-90m
  2026-08-02 GSV v TOR T-30m   missing_job_did_not_run    no base record for ANY game on 2026-08-02 at T-30m
  2026-08-02 MIN v IND T-24h   missing_job_did_not_run    no base record for ANY game on 2026-08-02 at T-24h
  2026-08-02 MIN v IND T-8h    missing_job_did_not_run    no base record for ANY game on 2026-08-02 at T-8h
  2026-08-02 MIN v IND T-90m   missing_job_did_not_run    no base record for ANY game on 2026-08-02 at T-90m
  2026-08-02 MIN v IND T-30m   missing_job_did_not_run    no base record for ANY game on 2026-08-02 at T-30m
  2026-08-02 PDX v LAS T-24h   missing_job_did_not_run    no base record for ANY game on 2026-08-02 at T-24h
  2026-08-02 PDX v LAS T-8h    missing_job_did_not_run    no base record for ANY game on 2026-08-02 at T-8h
  2026-08-02 PDX v LAS T-90m   missing_job_did_not_run    no base record for ANY game on 2026-08-02 at T-90m
  2026-08-02 PDX v LAS T-30m   missing_job_did_not_run    no base record for ANY game on 2026-08-02 at T-30m
  2026-08-03 NYL v SEA T-24h   missing_job_did_not_run    no base record for ANY game on 2026-08-03 at T-24h
  2026-08-03 NYL v SEA T-30m   late_record                created 2026-08-03T22:45:08.958486+00:00 after cutoff
  2026-08-03 ATL v LVA T-24h   missing_job_did_not_run    no base record for ANY game on 2026-08-03 at T-24h
  2026-08-03 ATL v LVA T-30m   late_record                created 2026-08-03T22:45:08.976775+00:00 after cutoff
  2026-08-03 CHI v PHX T-24h   missing_job_did_not_run    no base record for ANY game on 2026-08-03 at T-24h
  2026-08-03 CHI v PHX T-30m   missing_data_unavailable   job served 2 other game(s) on 2026-08-03 at T-30m
  2026-08-04 GSV v TOR T-24h   missing_job_did_not_run    no base record for ANY game on 2026-08-04 at T-24h
  2026-08-05 WAS v DAL T-24h   missing_job_did_not_run    no base record for ANY game on 2026-08-05 at T-24h
  2026-08-05 NYL v SEA T-24h   missing_job_did_not_run    no base record for ANY game on 2026-08-05 at T-24h
  2026-08-05 NYL v SEA T-30m   late_record                created 2026-08-05T22:45:07.299457+00:00 after cutoff
  2026-08-05 ATL v PHX T-24h   missing_job_did_not_run    no base record for ANY game on 2026-08-05 at T-24h
  2026-08-05 ATL v PHX T-30m   late_record                created 2026-08-05T22:45:07.274521+00:00 after cutoff
  2026-08-05 CHI v LAS T-24h   missing_job_did_not_run    no base record for ANY game on 2026-08-05 at T-24h
  2026-08-05 CHI v LAS T-30m   missing_data_unavailable   job served 3 other game(s) on 2026-08-05 at T-30m
  2026-08-06 IND v LVA T-24h   missing_job_did_not_run    no base record for ANY game on 2026-08-06 at T-24h
  2026-08-06 IND v LVA T-30m   late_record                created 2026-08-06T22:45:09.382682+00:00 after cutoff
  2026-08-06 PDX v TOR T-24h   missing_job_did_not_run    no base record for ANY game on 2026-08-06 at T-24h
  2026-08-06 MIN v LAS T-24h   missing_job_did_not_run    no base record for ANY game on 2026-08-06 at T-24h
  2026-08-06 MIN v LAS T-30m   missing_data_unavailable   job served 2 other game(s) on 2026-08-06 at T-30m
  2026-08-07 WAS v ATL T-24h   missing_job_did_not_run    no base record for ANY game on 2026-08-07 at T-24h
  2026-08-07 CON v PHX T-24h   missing_job_did_not_run    no base record for ANY game on 2026-08-07 at T-24h
  2026-08-07 DAL v GSV T-24h   missing_job_did_not_run    no base record for ANY game on 2026-08-07 at T-24h
  2026-08-08 CHI v IND T-24h   missing_job_did_not_run    no base record for ANY game on 2026-08-08 at T-24h
  2026-08-08 CHI v IND T-90m   missing_data_unavailable   job served 2 other game(s) on 2026-08-08 at T-90m
  2026-08-08 CHI v IND T-30m   missing_data_unavailable   job served 1 other game(s) on 2026-08-08 at T-30m
  2026-08-08 MIN v LVA T-24h   missing_job_did_not_run    no base record for ANY game on 2026-08-08 at T-24h
  2026-08-08 MIN v LVA T-30m   missing_data_unavailable   job served 1 other game(s) on 2026-08-08 at T-30m
  2026-08-08 PDX v SEA T-24h   missing_job_did_not_run    no base record for ANY game on 2026-08-08 at T-24h
  2026-08-09 WAS v PHX T-24h   missing_job_did_not_run    no base record for ANY game on 2026-08-09 at T-24h
  2026-08-09 WAS v PHX T-8h    missing_job_did_not_run    no base record for ANY game on 2026-08-09 at T-8h
  2026-08-09 WAS v PHX T-90m   missing_job_did_not_run    no base record for ANY game on 2026-08-09 at T-90m
  2026-08-09 WAS v PHX T-30m   missing_job_did_not_run    no base record for ANY game on 2026-08-09 at T-30m
  2026-08-09 LAS v GSV T-24h   missing_job_did_not_run    no base record for ANY game on 2026-08-09 at T-24h
  2026-08-09 LAS v GSV T-8h    missing_job_did_not_run    no base record for ANY game on 2026-08-09 at T-8h
  2026-08-09 LAS v GSV T-90m   missing_job_did_not_run    no base record for ANY game on 2026-08-09 at T-90m
  2026-08-09 LAS v GSV T-30m   missing_job_did_not_run    no base record for ANY game on 2026-08-09 at T-30m
  2026-08-09 NYL v LVA T-24h   missing_job_did_not_run    no base record for ANY game on 2026-08-09 at T-24h
  2026-08-09 NYL v LVA T-8h    missing_job_did_not_run    no base record for ANY game on 2026-08-09 at T-8h
  2026-08-09 NYL v LVA T-90m   missing_job_did_not_run    no base record for ANY game on 2026-08-09 at T-90m
  2026-08-09 NYL v LVA T-30m   missing_job_did_not_run    no base record for ANY game on 2026-08-09 at T-30m
  2026-08-09 MIN v DAL T-24h   missing_job_did_not_run    no base record for ANY game on 2026-08-09 at T-24h
  2026-08-09 MIN v DAL T-8h    missing_job_did_not_run    no base record for ANY game on 2026-08-09 at T-8h
  2026-08-09 MIN v DAL T-90m   missing_job_did_not_run    no base record for ANY game on 2026-08-09 at T-90m
  2026-08-09 MIN v DAL T-30m   missing_job_did_not_run    no base record for ANY game on 2026-08-09 at T-30m
  2026-08-15 WAS v LAS T-24h   missing_job_did_not_run    no base record for ANY game on 2026-08-15 at T-24h
  2026-08-15 WAS v LAS T-8h    missing_job_did_not_run    no base record for ANY game on 2026-08-15 at T-8h
  2026-08-15 LVA v MIN T-24h   missing_job_did_not_run    no base record for ANY game on 2026-08-15 at T-24h
  2026-08-15 LVA v MIN T-8h    missing_job_did_not_run    no base record for ANY game on 2026-08-15 at T-8h
  2026-08-16 ATL v IND T-24h   missing_job_did_not_run    no base record for ANY game on 2026-08-16 at T-24h
  2026-08-16 SEA v CHI T-24h   missing_job_did_not_run    no base record for ANY game on 2026-08-16 at T-24h
  2026-08-16 PHX v PDX T-24h   missing_job_did_not_run    no base record for ANY game on 2026-08-16 at T-24h

wrote forecasts/coverage_audit.csv and forecasts/coverage_receipt.json
[audit] exit=0 
==== Sat 08/15/2026 21:15:02.91 ==== 
[gate] 2026-08-16T01:15:03.687714+00:00  fire=False  -- no unserved obligation inside its 20-minute lead window (4 upcoming game(s) examined); 4 slate game(s) have no official game_id and were served under a provisional id: ATL v IND (2026-08-16) -> PROV-2026-08-16-IND@ATL, SEA v CHI (2026-08-16) -> PROV-2026-08-16-CHI@SEA, PHX v PDX (2026-08-16) -> PROV-2026-08-16-PDX@PHX, GSV v DAL (2026-08-17) -> PROV-2026-08-17-DAL@GSV
       ATL v IND      T-24h   unserved cutoff 2026-08-15T21:00:00 (-255 min) 
       SEA v CHI      T-24h   unserved cutoff 2026-08-15T21:00:00 (-255 min) 
       PHX v PDX      T-24h   unserved cutoff 2026-08-15T23:00:00 (-135 min) 
       GSV v DAL      T-24h   unserved cutoff 2026-08-17T02:00:00 (+1485 min) 
[gate] skipping the base job
[base] skipped - no unserved obligation in its lead window 
[base] exit=0 
================================================================================================
PROSPECTIVE PAIR RUNNER  2026-08-16T01:15:04.725359+00:00  model=ridge_score_level_w2c1_v1 hash=5d295bb8b99cd34e
================================================================================================
base records in official chain: 70
  late_prevented #0 ATL v SEA @ T-8h                cutoff 2026-07-31T15:35:00+00:00 already passed at 2026-08-1
  late_prevented #1 WAS v DAL @ T-8h                cutoff 2026-07-31T15:35:00+00:00 already passed at 2026-08-1
  late_prevented #2 PDX v IND @ T-8h                cutoff 2026-07-31T18:06:00+00:00 already passed at 2026-08-1
  late_prevented #3 ATL v SEA @ T-30m               cutoff 2026-07-31T23:05:00+00:00 already passed at 2026-08-1
  late_prevented #4 WAS v DAL @ T-30m               cutoff 2026-07-31T23:05:00+00:00 already passed at 2026-08-1
  late_prevented #5 PDX v IND @ T-90m               cutoff 2026-08-01T00:36:00+00:00 already passed at 2026-08-1
  late_prevented #6 CHI v LVA @ T-90m               cutoff 2026-08-01T15:35:00+00:00 already passed at 2026-08-1
  late_prevented #7 PHX v NYL @ T-90m               cutoff 2026-08-01T17:34:00+00:00 already passed at 2026-08-1
  skip           #8 CHI v LVA @ unknown-tip         base record is an explicit no-forecast; nothing to pair
  skip           #9 PHX v NYL @ unknown-tip         base record is an explicit no-forecast; nothing to pair
  late_prevented #10 NYL v SEA @ T-8h               cutoff 2026-08-03T15:04:00+00:00 already passed at 2026-08-1
  late_prevented #11 ATL v LVA @ T-8h               cutoff 2026-08-03T15:14:00+00:00 already passed at 2026-08-1
  late_prevented #12 CHI v PHX @ T-8h               cutoff 2026-08-03T17:08:00+00:00 already passed at 2026-08-1
  already_logged #13 NYL v SEA @ T-90m              idempotent: pair exists
  already_logged #14 ATL v LVA @ T-90m              idempotent: pair exists
  already_logged #15 CHI v PHX @ T-90m              idempotent: pair exists
  already_logged #16 NYL v SEA @ T-90m              idempotent: pair exists
  already_logged #17 ATL v LVA @ T-90m              idempotent: pair exists
  already_logged #18 CHI v PHX @ T-90m              idempotent: pair exists
  late_prevented #19 NYL v SEA @ T-30m              cutoff 2026-08-03T22:34:00+00:00 already passed at 2026-08-1
  late_prevented #20 ATL v LVA @ T-30m              cutoff 2026-08-03T22:44:00+00:00 already passed at 2026-08-1
  already_logged #21 CHI v PHX @ T-90m              idempotent: pair exists
  already_logged #22 GSV v TOR @ T-8h               idempotent: pair exists
  already_logged #23 GSV v TOR @ T-90m              idempotent: pair exists
  already_logged #24 GSV v TOR @ T-30m              idempotent: pair exists
  already_logged #25 ATL v PHX @ T-8h               idempotent: pair exists
  already_logged #26 NYL v SEA @ T-8h               idempotent: pair exists
  already_logged #27 WAS v DAL @ T-8h               idempotent: pair exists
  already_logged #28 CHI v LAS @ T-8h               idempotent: pair exists
  already_logged #29 ATL v PHX @ T-90m              idempotent: pair exists
  already_logged #30 NYL v SEA @ T-90m              idempotent: pair exists
  already_logged #31 WAS v DAL @ T-90m              idempotent: pair exists
  already_logged #32 CHI v LAS @ T-90m              idempotent: pair exists
  late_prevented #33 ATL v PHX @ T-30m              cutoff 2026-08-05T22:33:00+00:00 already passed at 2026-08-1
  late_prevented #34 NYL v SEA @ T-30m              cutoff 2026-08-05T22:38:00+00:00 already passed at 2026-08-1
  already_logged #35 WAS v DAL @ T-30m              idempotent: pair exists
  already_logged #36 CHI v LAS @ T-90m              idempotent: pair exists
  already_logged #37 IND v LVA @ T-8h               idempotent: pair exists
  already_logged #38 MIN v LAS @ T-8h               idempotent: pair exists
  already_logged #39 PDX v TOR @ T-8h               idempotent: pair exists
  already_logged #40 IND v LVA @ T-90m              idempotent: pair exists
  already_logged #41 MIN v LAS @ T-90m              idempotent: pair exists
  already_logged #42 PDX v TOR @ T-90m              idempotent: pair exists
  late_prevented #43 IND v LVA @ T-30m              cutoff 2026-08-06T22:36:00+00:00 already passed at 2026-08-1
  already_logged #44 PDX v TOR @ T-30m              idempotent: pair exists
  already_logged #45 CON v PHX @ T-8h               idempotent: pair exists
  already_logged #46 WAS v ATL @ T-8h               idempotent: pair exists
  already_logged #47 DAL v GSV @ T-8h               idempotent: pair exists
  already_logged #48 CON v PHX @ T-90m              idempotent: pair exists
  already_logged #49 WAS v ATL @ T-90m              idempotent: pair exists
  already_logged #50 DAL v GSV @ T-90m              idempotent: pair exists
  already_logged #51 CON v PHX @ T-30m              idempotent: pair exists
  already_logged #52 WAS v ATL @ T-30m              idempotent: pair exists
  already_logged #53 DAL v GSV @ T-30m              idempotent: pair exists
  already_logged #54 MIN v LVA @ T-8h               idempotent: pair exists
  already_logged #55 CHI v IND @ T-8h               idempotent: pair exists
  already_logged #56 PDX v SEA @ T-8h               idempotent: pair exists
  already_logged #57 MIN v LVA @ T-90m              idempotent: pair exists
  late_prevented #58 CHI v IND @ T-8h               cutoff 2026-08-08T11:35:00+00:00 already passed at 2026-08-1
  already_logged #59 PDX v SEA @ T-8h               idempotent: pair exists
  already_logged #60 PDX v SEA @ T-90m              idempotent: pair exists
  skip           #61 CHI v IND @ unknown-tip        base record is an explicit no-forecast; nothing to pair
  skip           #62 MIN v LVA @ unknown-tip        base record is an explicit no-forecast; nothing to pair
  already_logged #63 PDX v SEA @ T-30m              idempotent: pair exists
  already_logged #64 WAS v LAS @ T-90m              idempotent: pair exists
  already_logged #65 LVA v MIN @ T-90m              idempotent: pair exists
  already_logged #66 WAS v LAS @ T-30m              idempotent: pair exists
  late_prevented #67 LVA v MIN @ T-90m              cutoff 2026-08-15T22:35:00+00:00 already passed at 2026-08-1
  skip           #68 CON v NYL @ unknown-tip        base record is an explicit no-forecast; nothing to pair
  late_prevented #69 LVA v MIN @ T-30m              cutoff 2026-08-15T23:35:00+00:00 already passed at 2026-08-1

  already_logged=46, late_prevented=19, skip=5
  arm chain: ok=True n=41 tip=2d92d878aeb91d29
  receipt appended to prospective_pair_runs.jsonl
[arm] exit=0 
====================================================================================================
FORECAST COVERAGE AUDIT   generated 2026-08-16T01:15:05.807682+00:00
====================================================================================================

CUMULATIVE by classification
  missing_job_did_not_run      62
  forecast_logged              52
  before_period_start          15
  not_yet_due                  13
  missing_data_unavailable     9
  late_record                  5

  obligations 156 | due 128 | served 52 | coverage 40.6%
  operational misses 62 | unexplained 0
  PROMOTION-GRADE: NO   (needs >= 95% served, <= 0 operational misses, all explained)

DAILY
  date         oblig  served     due     excl    opmiss arm_recs
  2026-07-30      12       0       0       12         0        0
  2026-07-31      12       6       9        3         0        0
  2026-08-01       8       2       8        0         6        0
  2026-08-02      16       0      16        0        16        0
  2026-08-03      12       6      12        0         3        3
  2026-08-04       4       3       4        0         1        3
  2026-08-05      16       9      16        0         4        9
  2026-08-06      12       7      12        0         3        7
  2026-08-07      12       9      12        0         3        9
  2026-08-08      12       6      12        0         3        4
  2026-08-09      16       0      16        0        16        0
  2026-08-15       8       4       8        0         4        1
  2026-08-16      12       0       3        9         3        0
  2026-08-17       4       0       0        4         0        0

EVERY MISSING OR IRREGULAR OBLIGATION (each must carry an explanation)
  2026-07-31 ATL v SEA T-90m   missing_data_unavailable   job served 1 other game(s) on 2026-07-31 at T-90m
  2026-07-31 WAS v DAL T-90m   missing_data_unavailable   job served 1 other game(s) on 2026-07-31 at T-90m
  2026-07-31 PDX v IND T-30m   missing_data_unavailable   job served 2 other game(s) on 2026-07-31 at T-30m
  2026-08-01 CHI v LVA T-24h   missing_job_did_not_run    no base record for ANY game on 2026-08-01 at T-24h
  2026-08-01 CHI v LVA T-8h    missing_job_did_not_run    no base record for ANY game on 2026-08-01 at T-8h
  2026-08-01 CHI v LVA T-30m   missing_job_did_not_run    no base record for ANY game on 2026-08-01 at T-30m
  2026-08-01 PHX v NYL T-24h   missing_job_did_not_run    no base record for ANY game on 2026-08-01 at T-24h
  2026-08-01 PHX v NYL T-8h    missing_job_did_not_run    no base record for ANY game on 2026-08-01 at T-8h
  2026-08-01 PHX v NYL T-30m   missing_job_did_not_run    no base record for ANY game on 2026-08-01 at T-30m
  2026-08-02 DAL v CON T-24h   missing_job_did_not_run    no base record for ANY game on 2026-08-02 at T-24h
  2026-08-02 DAL v CON T-8h    missing_job_did_not_run    no base record for ANY game on 2026-08-02 at T-8h
  2026-08-02 DAL v CON T-90m   missing_job_did_not_run    no base record for ANY game on 2026-08-02 at T-90m
  2026-08-02 DAL v CON T-30m   missing_job_did_not_run    no base record for ANY game on 2026-08-02 at T-30m
  2026-08-02 GSV v TOR T-24h   missing_job_did_not_run    no base record for ANY game on 2026-08-02 at T-24h
  2026-08-02 GSV v TOR T-8h    missing_job_did_not_run    no base record for ANY game on 2026-08-02 at T-8h
  2026-08-02 GSV v TOR T-90m   missing_job_did_not_run    no base record for ANY game on 2026-08-02 at T-90m
  2026-08-02 GSV v TOR T-30m   missing_job_did_not_run    no base record for ANY game on 2026-08-02 at T-30m
  2026-08-02 MIN v IND T-24h   missing_job_did_not_run    no base record for ANY game on 2026-08-02 at T-24h
  2026-08-02 MIN v IND T-8h    missing_job_did_not_run    no base record for ANY game on 2026-08-02 at T-8h
  2026-08-02 MIN v IND T-90m   missing_job_did_not_run    no base record for ANY game on 2026-08-02 at T-90m
  2026-08-02 MIN v IND T-30m   missing_job_did_not_run    no base record for ANY game on 2026-08-02 at T-30m
  2026-08-02 PDX v LAS T-24h   missing_job_did_not_run    no base record for ANY game on 2026-08-02 at T-24h
  2026-08-02 PDX v LAS T-8h    missing_job_did_not_run    no base record for ANY game on 2026-08-02 at T-8h
  2026-08-02 PDX v LAS T-90m   missing_job_did_not_run    no base record for ANY game on 2026-08-02 at T-90m
  2026-08-02 PDX v LAS T-30m   missing_job_did_not_run    no base record for ANY game on 2026-08-02 at T-30m
  2026-08-03 NYL v SEA T-24h   missing_job_did_not_run    no base record for ANY game on 2026-08-03 at T-24h
  2026-08-03 NYL v SEA T-30m   late_record                created 2026-08-03T22:45:08.958486+00:00 after cutoff
  2026-08-03 ATL v LVA T-24h   missing_job_did_not_run    no base record for ANY game on 2026-08-03 at T-24h
  2026-08-03 ATL v LVA T-30m   late_record                created 2026-08-03T22:45:08.976775+00:00 after cutoff
  2026-08-03 CHI v PHX T-24h   missing_job_did_not_run    no base record for ANY game on 2026-08-03 at T-24h
  2026-08-03 CHI v PHX T-30m   missing_data_unavailable   job served 2 other game(s) on 2026-08-03 at T-30m
  2026-08-04 GSV v TOR T-24h   missing_job_did_not_run    no base record for ANY game on 2026-08-04 at T-24h
  2026-08-05 WAS v DAL T-24h   missing_job_did_not_run    no base record for ANY game on 2026-08-05 at T-24h
  2026-08-05 NYL v SEA T-24h   missing_job_did_not_run    no base record for ANY game on 2026-08-05 at T-24h
  2026-08-05 NYL v SEA T-30m   late_record                created 2026-08-05T22:45:07.299457+00:00 after cutoff
  2026-08-05 ATL v PHX T-24h   missing_job_did_not_run    no base record for ANY game on 2026-08-05 at T-24h
  2026-08-05 ATL v PHX T-30m   late_record                created 2026-08-05T22:45:07.274521+00:00 after cutoff
  2026-08-05 CHI v LAS T-24h   missing_job_did_not_run    no base record for ANY game on 2026-08-05 at T-24h
  2026-08-05 CHI v LAS T-30m   missing_data_unavailable   job served 3 other game(s) on 2026-08-05 at T-30m
  2026-08-06 IND v LVA T-24h   missing_job_did_not_run    no base record for ANY game on 2026-08-06 at T-24h
  2026-08-06 IND v LVA T-30m   late_record                created 2026-08-06T22:45:09.382682+00:00 after cutoff
  2026-08-06 PDX v TOR T-24h   missing_job_did_not_run    no base record for ANY game on 2026-08-06 at T-24h
  2026-08-06 MIN v LAS T-24h   missing_job_did_not_run    no base record for ANY game on 2026-08-06 at T-24h
  2026-08-06 MIN v LAS T-30m   missing_data_unavailable   job served 2 other game(s) on 2026-08-06 at T-30m
  2026-08-07 WAS v ATL T-24h   missing_job_did_not_run    no base record for ANY game on 2026-08-07 at T-24h
  2026-08-07 CON v PHX T-24h   missing_job_did_not_run    no base record for ANY game on 2026-08-07 at T-24h
  2026-08-07 DAL v GSV T-24h   missing_job_did_not_run    no base record for ANY game on 2026-08-07 at T-24h
  2026-08-08 CHI v IND T-24h   missing_job_did_not_run    no base record for ANY game on 2026-08-08 at T-24h
  2026-08-08 CHI v IND T-90m   missing_data_unavailable   job served 2 other game(s) on 2026-08-08 at T-90m
  2026-08-08 CHI v IND T-30m   missing_data_unavailable   job served 1 other game(s) on 2026-08-08 at T-30m
  2026-08-08 MIN v LVA T-24h   missing_job_did_not_run    no base record for ANY game on 2026-08-08 at T-24h
  2026-08-08 MIN v LVA T-30m   missing_data_unavailable   job served 1 other game(s) on 2026-08-08 at T-30m
  2026-08-08 PDX v SEA T-24h   missing_job_did_not_run    no base record for ANY game on 2026-08-08 at T-24h
  2026-08-09 WAS v PHX T-24h   missing_job_did_not_run    no base record for ANY game on 2026-08-09 at T-24h
  2026-08-09 WAS v PHX T-8h    missing_job_did_not_run    no base record for ANY game on 2026-08-09 at T-8h
  2026-08-09 WAS v PHX T-90m   missing_job_did_not_run    no base record for ANY game on 2026-08-09 at T-90m
  2026-08-09 WAS v PHX T-30m   missing_job_did_not_run    no base record for ANY game on 2026-08-09 at T-30m
  2026-08-09 LAS v GSV T-24h   missing_job_did_not_run    no base record for ANY game on 2026-08-09 at T-24h
  2026-08-09 LAS v GSV T-8h    missing_job_did_not_run    no base record for ANY game on 2026-08-09 at T-8h
  2026-08-09 LAS v GSV T-90m   missing_job_did_not_run    no base record for ANY game on 2026-08-09 at T-90m
  2026-08-09 LAS v GSV T-30m   missing_job_did_not_run    no base record for ANY game on 2026-08-09 at T-30m
  2026-08-09 NYL v LVA T-24h   missing_job_did_not_run    no base record for ANY game on 2026-08-09 at T-24h
  2026-08-09 NYL v LVA T-8h    missing_job_did_not_run    no base record for ANY game on 2026-08-09 at T-8h
  2026-08-09 NYL v LVA T-90m   missing_job_did_not_run    no base record for ANY game on 2026-08-09 at T-90m
  2026-08-09 NYL v LVA T-30m   missing_job_did_not_run    no base record for ANY game on 2026-08-09 at T-30m
  2026-08-09 MIN v DAL T-24h   missing_job_did_not_run    no base record for ANY game on 2026-08-09 at T-24h
  2026-08-09 MIN v DAL T-8h    missing_job_did_not_run    no base record for ANY game on 2026-08-09 at T-8h
  2026-08-09 MIN v DAL T-90m   missing_job_did_not_run    no base record for ANY game on 2026-08-09 at T-90m
  2026-08-09 MIN v DAL T-30m   missing_job_did_not_run    no base record for ANY game on 2026-08-09 at T-30m
  2026-08-15 WAS v LAS T-24h   missing_job_did_not_run    no base record for ANY game on 2026-08-15 at T-24h
  2026-08-15 WAS v LAS T-8h    missing_job_did_not_run    no base record for ANY game on 2026-08-15 at T-8h
  2026-08-15 LVA v MIN T-24h   missing_job_did_not_run    no base record for ANY game on 2026-08-15 at T-24h
  2026-08-15 LVA v MIN T-8h    missing_job_did_not_run    no base record for ANY game on 2026-08-15 at T-8h
  2026-08-16 ATL v IND T-24h   missing_job_did_not_run    no base record for ANY game on 2026-08-16 at T-24h
  2026-08-16 SEA v CHI T-24h   missing_job_did_not_run    no base record for ANY game on 2026-08-16 at T-24h
  2026-08-16 PHX v PDX T-24h   missing_job_did_not_run    no base record for ANY game on 2026-08-16 at T-24h

wrote forecasts/coverage_audit.csv and forecasts/coverage_receipt.json
[audit] exit=0 
==== Sat 08/15/2026 21:30:03.04 ==== 
[gate] 2026-08-16T01:30:03.718519+00:00  fire=False  -- no unserved obligation inside its 20-minute lead window (4 upcoming game(s) examined); 4 slate game(s) have no official game_id and were served under a provisional id: ATL v IND (2026-08-16) -> PROV-2026-08-16-IND@ATL, SEA v CHI (2026-08-16) -> PROV-2026-08-16-CHI@SEA, PHX v PDX (2026-08-16) -> PROV-2026-08-16-PDX@PHX, GSV v DAL (2026-08-17) -> PROV-2026-08-17-DAL@GSV
       ATL v IND      T-24h   unserved cutoff 2026-08-15T21:00:00 (-270 min) 
       SEA v CHI      T-24h   unserved cutoff 2026-08-15T21:00:00 (-270 min) 
       PHX v PDX      T-24h   unserved cutoff 2026-08-15T23:00:00 (-150 min) 
       GSV v DAL      T-24h   unserved cutoff 2026-08-17T02:00:00 (+1470 min) 
[gate] skipping the base job
[base] skipped - no unserved obligation in its lead window 
[base] exit=0 
================================================================================================
PROSPECTIVE PAIR RUNNER  2026-08-16T01:30:04.743414+00:00  model=ridge_score_level_w2c1_v1 hash=5d295bb8b99cd34e
================================================================================================
base records in official chain: 70
  late_prevented #0 ATL v SEA @ T-8h                cutoff 2026-07-31T15:35:00+00:00 already passed at 2026-08-1
  late_prevented #1 WAS v DAL @ T-8h                cutoff 2026-07-31T15:35:00+00:00 already passed at 2026-08-1
  late_prevented #2 PDX v IND @ T-8h                cutoff 2026-07-31T18:06:00+00:00 already passed at 2026-08-1
  late_prevented #3 ATL v SEA @ T-30m               cutoff 2026-07-31T23:05:00+00:00 already passed at 2026-08-1
  late_prevented #4 WAS v DAL @ T-30m               cutoff 2026-07-31T23:05:00+00:00 already passed at 2026-08-1
  late_prevented #5 PDX v IND @ T-90m               cutoff 2026-08-01T00:36:00+00:00 already passed at 2026-08-1
  late_prevented #6 CHI v LVA @ T-90m               cutoff 2026-08-01T15:35:00+00:00 already passed at 2026-08-1
  late_prevented #7 PHX v NYL @ T-90m               cutoff 2026-08-01T17:34:00+00:00 already passed at 2026-08-1
  skip           #8 CHI v LVA @ unknown-tip         base record is an explicit no-forecast; nothing to pair
  skip           #9 PHX v NYL @ unknown-tip         base record is an explicit no-forecast; nothing to pair
  late_prevented #10 NYL v SEA @ T-8h               cutoff 2026-08-03T15:04:00+00:00 already passed at 2026-08-1
  late_prevented #11 ATL v LVA @ T-8h               cutoff 2026-08-03T15:14:00+00:00 already passed at 2026-08-1
  late_prevented #12 CHI v PHX @ T-8h               cutoff 2026-08-03T17:08:00+00:00 already passed at 2026-08-1
  already_logged #13 NYL v SEA @ T-90m              idempotent: pair exists
  already_logged #14 ATL v LVA @ T-90m              idempotent: pair exists
  already_logged #15 CHI v PHX @ T-90m              idempotent: pair exists
  already_logged #16 NYL v SEA @ T-90m              idempotent: pair exists
  already_logged #17 ATL v LVA @ T-90m              idempotent: pair exists
  already_logged #18 CHI v PHX @ T-90m              idempotent: pair exists
  late_prevented #19 NYL v SEA @ T-30m              cutoff 2026-08-03T22:34:00+00:00 already passed at 2026-08-1
  late_prevented #20 ATL v LVA @ T-30m              cutoff 2026-08-03T22:44:00+00:00 already passed at 2026-08-1
  already_logged #21 CHI v PHX @ T-90m              idempotent: pair exists
  already_logged #22 GSV v TOR @ T-8h               idempotent: pair exists
  already_logged #23 GSV v TOR @ T-90m              idempotent: pair exists
  already_logged #24 GSV v TOR @ T-30m              idempotent: pair exists
  already_logged #25 ATL v PHX @ T-8h               idempotent: pair exists
  already_logged #26 NYL v SEA @ T-8h               idempotent: pair exists
  already_logged #27 WAS v DAL @ T-8h               idempotent: pair exists
  already_logged #28 CHI v LAS @ T-8h               idempotent: pair exists
  already_logged #29 ATL v PHX @ T-90m              idempotent: pair exists
  already_logged #30 NYL v SEA @ T-90m              idempotent: pair exists
  already_logged #31 WAS v DAL @ T-90m              idempotent: pair exists
  already_logged #32 CHI v LAS @ T-90m              idempotent: pair exists
  late_prevented #33 ATL v PHX @ T-30m              cutoff 2026-08-05T22:33:00+00:00 already passed at 2026-08-1
  late_prevented #34 NYL v SEA @ T-30m              cutoff 2026-08-05T22:38:00+00:00 already passed at 2026-08-1
  already_logged #35 WAS v DAL @ T-30m              idempotent: pair exists
  already_logged #36 CHI v LAS @ T-90m              idempotent: pair exists
  already_logged #37 IND v LVA @ T-8h               idempotent: pair exists
  already_logged #38 MIN v LAS @ T-8h               idempotent: pair exists
  already_logged #39 PDX v TOR @ T-8h               idempotent: pair exists
  already_logged #40 IND v LVA @ T-90m              idempotent: pair exists
  already_logged #41 MIN v LAS @ T-90m              idempotent: pair exists
  already_logged #42 PDX v TOR @ T-90m              idempotent: pair exists
  late_prevented #43 IND v LVA @ T-30m              cutoff 2026-08-06T22:36:00+00:00 already passed at 2026-08-1
  already_logged #44 PDX v TOR @ T-30m              idempotent: pair exists
  already_logged #45 CON v PHX @ T-8h               idempotent: pair exists
  already_logged #46 WAS v ATL @ T-8h               idempotent: pair exists
  already_logged #47 DAL v GSV @ T-8h               idempotent: pair exists
  already_logged #48 CON v PHX @ T-90m              idempotent: pair exists
  already_logged #49 WAS v ATL @ T-90m              idempotent: pair exists
  already_logged #50 DAL v GSV @ T-90m              idempotent: pair exists
  already_logged #51 CON v PHX @ T-30m              idempotent: pair exists
  already_logged #52 WAS v ATL @ T-30m              idempotent: pair exists
  already_logged #53 DAL v GSV @ T-30m              idempotent: pair exists
  already_logged #54 MIN v LVA @ T-8h               idempotent: pair exists
  already_logged #55 CHI v IND @ T-8h               idempotent: pair exists
  already_logged #56 PDX v SEA @ T-8h               idempotent: pair exists
  already_logged #57 MIN v LVA @ T-90m              idempotent: pair exists
  late_prevented #58 CHI v IND @ T-8h               cutoff 2026-08-08T11:35:00+00:00 already passed at 2026-08-1
  already_logged #59 PDX v SEA @ T-8h               idempotent: pair exists
  already_logged #60 PDX v SEA @ T-90m              idempotent: pair exists
  skip           #61 CHI v IND @ unknown-tip        base record is an explicit no-forecast; nothing to pair
  skip           #62 MIN v LVA @ unknown-tip        base record is an explicit no-forecast; nothing to pair
  already_logged #63 PDX v SEA @ T-30m              idempotent: pair exists
  already_logged #64 WAS v LAS @ T-90m              idempotent: pair exists
  already_logged #65 LVA v MIN @ T-90m              idempotent: pair exists
  already_logged #66 WAS v LAS @ T-30m              idempotent: pair exists
  late_prevented #67 LVA v MIN @ T-90m              cutoff 2026-08-15T22:35:00+00:00 already passed at 2026-08-1
  skip           #68 CON v NYL @ unknown-tip        base record is an explicit no-forecast; nothing to pair
  late_prevented #69 LVA v MIN @ T-30m              cutoff 2026-08-15T23:35:00+00:00 already passed at 2026-08-1

  already_logged=46, late_prevented=19, skip=5
  arm chain: ok=True n=41 tip=2d92d878aeb91d29
  receipt appended to prospective_pair_runs.jsonl
[arm] exit=0 
====================================================================================================
FORECAST COVERAGE AUDIT   generated 2026-08-16T01:30:05.851145+00:00
====================================================================================================

CUMULATIVE by classification
  missing_job_did_not_run      62
  forecast_logged              52
  before_period_start          15
  not_yet_due                  13
  missing_data_unavailable     9
  late_record                  5

  obligations 156 | due 128 | served 52 | coverage 40.6%
  operational misses 62 | unexplained 0
  PROMOTION-GRADE: NO   (needs >= 95% served, <= 0 operational misses, all explained)

DAILY
  date         oblig  served     due     excl    opmiss arm_recs
  2026-07-30      12       0       0       12         0        0
  2026-07-31      12       6       9        3         0        0
  2026-08-01       8       2       8        0         6        0
  2026-08-02      16       0      16        0        16        0
  2026-08-03      12       6      12        0         3        3
  2026-08-04       4       3       4        0         1        3
  2026-08-05      16       9      16        0         4        9
  2026-08-06      12       7      12        0         3        7
  2026-08-07      12       9      12        0         3        9
  2026-08-08      12       6      12        0         3        4
  2026-08-09      16       0      16        0        16        0
  2026-08-15       8       4       8        0         4        1
  2026-08-16      12       0       3        9         3        0
  2026-08-17       4       0       0        4         0        0

EVERY MISSING OR IRREGULAR OBLIGATION (each must carry an explanation)
  2026-07-31 ATL v SEA T-90m   missing_data_unavailable   job served 1 other game(s) on 2026-07-31 at T-90m
  2026-07-31 WAS v DAL T-90m   missing_data_unavailable   job served 1 other game(s) on 2026-07-31 at T-90m
  2026-07-31 PDX v IND T-30m   missing_data_unavailable   job served 2 other game(s) on 2026-07-31 at T-30m
  2026-08-01 CHI v LVA T-24h   missing_job_did_not_run    no base record for ANY game on 2026-08-01 at T-24h
  2026-08-01 CHI v LVA T-8h    missing_job_did_not_run    no base record for ANY game on 2026-08-01 at T-8h
  2026-08-01 CHI v LVA T-30m   missing_job_did_not_run    no base record for ANY game on 2026-08-01 at T-30m
  2026-08-01 PHX v NYL T-24h   missing_job_did_not_run    no base record for ANY game on 2026-08-01 at T-24h
  2026-08-01 PHX v NYL T-8h    missing_job_did_not_run    no base record for ANY game on 2026-08-01 at T-8h
  2026-08-01 PHX v NYL T-30m   missing_job_did_not_run    no base record for ANY game on 2026-08-01 at T-30m
  2026-08-02 DAL v CON T-24h   missing_job_did_not_run    no base record for ANY game on 2026-08-02 at T-24h
  2026-08-02 DAL v CON T-8h    missing_job_did_not_run    no base record for ANY game on 2026-08-02 at T-8h
  2026-08-02 DAL v CON T-90m   missing_job_did_not_run    no base record for ANY game on 2026-08-02 at T-90m
  2026-08-02 DAL v CON T-30m   missing_job_did_not_run    no base record for ANY game on 2026-08-02 at T-30m
  2026-08-02 GSV v TOR T-24h   missing_job_did_not_run    no base record for ANY game on 2026-08-02 at T-24h
  2026-08-02 GSV v TOR T-8h    missing_job_did_not_run    no base record for ANY game on 2026-08-02 at T-8h
  2026-08-02 GSV v TOR T-90m   missing_job_did_not_run    no base record for ANY game on 2026-08-02 at T-90m
  2026-08-02 GSV v TOR T-30m   missing_job_did_not_run    no base record for ANY game on 2026-08-02 at T-30m
  2026-08-02 MIN v IND T-24h   missing_job_did_not_run    no base record for ANY game on 2026-08-02 at T-24h
  2026-08-02 MIN v IND T-8h    missing_job_did_not_run    no base record for ANY game on 2026-08-02 at T-8h
  2026-08-02 MIN v IND T-90m   missing_job_did_not_run    no base record for ANY game on 2026-08-02 at T-90m
  2026-08-02 MIN v IND T-30m   missing_job_did_not_run    no base record for ANY game on 2026-08-02 at T-30m
  2026-08-02 PDX v LAS T-24h   missing_job_did_not_run    no base record for ANY game on 2026-08-02 at T-24h
  2026-08-02 PDX v LAS T-8h    missing_job_did_not_run    no base record for ANY game on 2026-08-02 at T-8h
  2026-08-02 PDX v LAS T-90m   missing_job_did_not_run    no base record for ANY game on 2026-08-02 at T-90m
  2026-08-02 PDX v LAS T-30m   missing_job_did_not_run    no base record for ANY game on 2026-08-02 at T-30m
  2026-08-03 NYL v SEA T-24h   missing_job_did_not_run    no base record for ANY game on 2026-08-03 at T-24h
  2026-08-03 NYL v SEA T-30m   late_record                created 2026-08-03T22:45:08.958486+00:00 after cutoff
  2026-08-03 ATL v LVA T-24h   missing_job_did_not_run    no base record for ANY game on 2026-08-03 at T-24h
  2026-08-03 ATL v LVA T-30m   late_record                created 2026-08-03T22:45:08.976775+00:00 after cutoff
  2026-08-03 CHI v PHX T-24h   missing_job_did_not_run    no base record for ANY game on 2026-08-03 at T-24h
  2026-08-03 CHI v PHX T-30m   missing_data_unavailable   job served 2 other game(s) on 2026-08-03 at T-30m
  2026-08-04 GSV v TOR T-24h   missing_job_did_not_run    no base record for ANY game on 2026-08-04 at T-24h
  2026-08-05 WAS v DAL T-24h   missing_job_did_not_run    no base record for ANY game on 2026-08-05 at T-24h
  2026-08-05 NYL v SEA T-24h   missing_job_did_not_run    no base record for ANY game on 2026-08-05 at T-24h
  2026-08-05 NYL v SEA T-30m   late_record                created 2026-08-05T22:45:07.299457+00:00 after cutoff
  2026-08-05 ATL v PHX T-24h   missing_job_did_not_run    no base record for ANY game on 2026-08-05 at T-24h
  2026-08-05 ATL v PHX T-30m   late_record                created 2026-08-05T22:45:07.274521+00:00 after cutoff
  2026-08-05 CHI v LAS T-24h   missing_job_did_not_run    no base record for ANY game on 2026-08-05 at T-24h
  2026-08-05 CHI v LAS T-30m   missing_data_unavailable   job served 3 other game(s) on 2026-08-05 at T-30m
  2026-08-06 IND v LVA T-24h   missing_job_did_not_run    no base record for ANY game on 2026-08-06 at T-24h
  2026-08-06 IND v LVA T-30m   late_record                created 2026-08-06T22:45:09.382682+00:00 after cutoff
  2026-08-06 PDX v TOR T-24h   missing_job_did_not_run    no base record for ANY game on 2026-08-06 at T-24h
  2026-08-06 MIN v LAS T-24h   missing_job_did_not_run    no base record for ANY game on 2026-08-06 at T-24h
  2026-08-06 MIN v LAS T-30m   missing_data_unavailable   job served 2 other game(s) on 2026-08-06 at T-30m
  2026-08-07 WAS v ATL T-24h   missing_job_did_not_run    no base record for ANY game on 2026-08-07 at T-24h
  2026-08-07 CON v PHX T-24h   missing_job_did_not_run    no base record for ANY game on 2026-08-07 at T-24h
  2026-08-07 DAL v GSV T-24h   missing_job_did_not_run    no base record for ANY game on 2026-08-07 at T-24h
  2026-08-08 CHI v IND T-24h   missing_job_did_not_run    no base record for ANY game on 2026-08-08 at T-24h
  2026-08-08 CHI v IND T-90m   missing_data_unavailable   job served 2 other game(s) on 2026-08-08 at T-90m
  2026-08-08 CHI v IND T-30m   missing_data_unavailable   job served 1 other game(s) on 2026-08-08 at T-30m
  2026-08-08 MIN v LVA T-24h   missing_job_did_not_run    no base record for ANY game on 2026-08-08 at T-24h
  2026-08-08 MIN v LVA T-30m   missing_data_unavailable   job served 1 other game(s) on 2026-08-08 at T-30m
  2026-08-08 PDX v SEA T-24h   missing_job_did_not_run    no base record for ANY game on 2026-08-08 at T-24h
  2026-08-09 WAS v PHX T-24h   missing_job_did_not_run    no base record for ANY game on 2026-08-09 at T-24h
  2026-08-09 WAS v PHX T-8h    missing_job_did_not_run    no base record for ANY game on 2026-08-09 at T-8h
  2026-08-09 WAS v PHX T-90m   missing_job_did_not_run    no base record for ANY game on 2026-08-09 at T-90m
  2026-08-09 WAS v PHX T-30m   missing_job_did_not_run    no base record for ANY game on 2026-08-09 at T-30m
  2026-08-09 LAS v GSV T-24h   missing_job_did_not_run    no base record for ANY game on 2026-08-09 at T-24h
  2026-08-09 LAS v GSV T-8h    missing_job_did_not_run    no base record for ANY game on 2026-08-09 at T-8h
  2026-08-09 LAS v GSV T-90m   missing_job_did_not_run    no base record for ANY game on 2026-08-09 at T-90m
  2026-08-09 LAS v GSV T-30m   missing_job_did_not_run    no base record for ANY game on 2026-08-09 at T-30m
  2026-08-09 NYL v LVA T-24h   missing_job_did_not_run    no base record for ANY game on 2026-08-09 at T-24h
  2026-08-09 NYL v LVA T-8h    missing_job_did_not_run    no base record for ANY game on 2026-08-09 at T-8h
  2026-08-09 NYL v LVA T-90m   missing_job_did_not_run    no base record for ANY game on 2026-08-09 at T-90m
  2026-08-09 NYL v LVA T-30m   missing_job_did_not_run    no base record for ANY game on 2026-08-09 at T-30m
  2026-08-09 MIN v DAL T-24h   missing_job_did_not_run    no base record for ANY game on 2026-08-09 at T-24h
  2026-08-09 MIN v DAL T-8h    missing_job_did_not_run    no base record for ANY game on 2026-08-09 at T-8h
  2026-08-09 MIN v DAL T-90m   missing_job_did_not_run    no base record for ANY game on 2026-08-09 at T-90m
  2026-08-09 MIN v DAL T-30m   missing_job_did_not_run    no base record for ANY game on 2026-08-09 at T-30m
  2026-08-15 WAS v LAS T-24h   missing_job_did_not_run    no base record for ANY game on 2026-08-15 at T-24h
  2026-08-15 WAS v LAS T-8h    missing_job_did_not_run    no base record for ANY game on 2026-08-15 at T-8h
  2026-08-15 LVA v MIN T-24h   missing_job_did_not_run    no base record for ANY game on 2026-08-15 at T-24h
  2026-08-15 LVA v MIN T-8h    missing_job_did_not_run    no base record for ANY game on 2026-08-15 at T-8h
  2026-08-16 ATL v IND T-24h   missing_job_did_not_run    no base record for ANY game on 2026-08-16 at T-24h
  2026-08-16 SEA v CHI T-24h   missing_job_did_not_run    no base record for ANY game on 2026-08-16 at T-24h
  2026-08-16 PHX v PDX T-24h   missing_job_did_not_run    no base record for ANY game on 2026-08-16 at T-24h

wrote forecasts/coverage_audit.csv and forecasts/coverage_receipt.json
[audit] exit=0 
==== Sat 08/15/2026 21:45:02.71 ==== 
[gate] 2026-08-16T01:45:03.387526+00:00  fire=False  -- no unserved obligation inside its 20-minute lead window (4 upcoming game(s) examined); 4 slate game(s) have no official game_id and were served under a provisional id: ATL v IND (2026-08-16) -> PROV-2026-08-16-IND@ATL, SEA v CHI (2026-08-16) -> PROV-2026-08-16-CHI@SEA, PHX v PDX (2026-08-16) -> PROV-2026-08-16-PDX@PHX, GSV v DAL (2026-08-17) -> PROV-2026-08-17-DAL@GSV
       ATL v IND      T-24h   unserved cutoff 2026-08-15T21:00:00 (-285 min) 
       SEA v CHI      T-24h   unserved cutoff 2026-08-15T21:00:00 (-285 min) 
       PHX v PDX      T-24h   unserved cutoff 2026-08-15T23:00:00 (-165 min) 
       GSV v DAL      T-24h   unserved cutoff 2026-08-17T02:00:00 (+1455 min) 
[gate] skipping the base job
[base] skipped - no unserved obligation in its lead window 
[base] exit=0 
================================================================================================
PROSPECTIVE PAIR RUNNER  2026-08-16T01:45:04.330662+00:00  model=ridge_score_level_w2c1_v1 hash=5d295bb8b99cd34e
================================================================================================
base records in official chain: 70
  late_prevented #0 ATL v SEA @ T-8h                cutoff 2026-07-31T15:35:00+00:00 already passed at 2026-08-1
  late_prevented #1 WAS v DAL @ T-8h                cutoff 2026-07-31T15:35:00+00:00 already passed at 2026-08-1
  late_prevented #2 PDX v IND @ T-8h                cutoff 2026-07-31T18:06:00+00:00 already passed at 2026-08-1
  late_prevented #3 ATL v SEA @ T-30m               cutoff 2026-07-31T23:05:00+00:00 already passed at 2026-08-1
  late_prevented #4 WAS v DAL @ T-30m               cutoff 2026-07-31T23:05:00+00:00 already passed at 2026-08-1
  late_prevented #5 PDX v IND @ T-90m               cutoff 2026-08-01T00:36:00+00:00 already passed at 2026-08-1
  late_prevented #6 CHI v LVA @ T-90m               cutoff 2026-08-01T15:35:00+00:00 already passed at 2026-08-1
  late_prevented #7 PHX v NYL @ T-90m               cutoff 2026-08-01T17:34:00+00:00 already passed at 2026-08-1
  skip           #8 CHI v LVA @ unknown-tip         base record is an explicit no-forecast; nothing to pair
  skip           #9 PHX v NYL @ unknown-tip         base record is an explicit no-forecast; nothing to pair
  late_prevented #10 NYL v SEA @ T-8h               cutoff 2026-08-03T15:04:00+00:00 already passed at 2026-08-1
  late_prevented #11 ATL v LVA @ T-8h               cutoff 2026-08-03T15:14:00+00:00 already passed at 2026-08-1
  late_prevented #12 CHI v PHX @ T-8h               cutoff 2026-08-03T17:08:00+00:00 already passed at 2026-08-1
  already_logged #13 NYL v SEA @ T-90m              idempotent: pair exists
  already_logged #14 ATL v LVA @ T-90m              idempotent: pair exists
  already_logged #15 CHI v PHX @ T-90m              idempotent: pair exists
  already_logged #16 NYL v SEA @ T-90m              idempotent: pair exists
  already_logged #17 ATL v LVA @ T-90m              idempotent: pair exists
  already_logged #18 CHI v PHX @ T-90m              idempotent: pair exists
  late_prevented #19 NYL v SEA @ T-30m              cutoff 2026-08-03T22:34:00+00:00 already passed at 2026-08-1
  late_prevented #20 ATL v LVA @ T-30m              cutoff 2026-08-03T22:44:00+00:00 already passed at 2026-08-1
  already_logged #21 CHI v PHX @ T-90m              idempotent: pair exists
  already_logged #22 GSV v TOR @ T-8h               idempotent: pair exists
  already_logged #23 GSV v TOR @ T-90m              idempotent: pair exists
  already_logged #24 GSV v TOR @ T-30m              idempotent: pair exists
  already_logged #25 ATL v PHX @ T-8h               idempotent: pair exists
  already_logged #26 NYL v SEA @ T-8h               idempotent: pair exists
  already_logged #27 WAS v DAL @ T-8h               idempotent: pair exists
  already_logged #28 CHI v LAS @ T-8h               idempotent: pair exists
  already_logged #29 ATL v PHX @ T-90m              idempotent: pair exists
  already_logged #30 NYL v SEA @ T-90m              idempotent: pair exists
  already_logged #31 WAS v DAL @ T-90m              idempotent: pair exists
  already_logged #32 CHI v LAS @ T-90m              idempotent: pair exists
  late_prevented #33 ATL v PHX @ T-30m              cutoff 2026-08-05T22:33:00+00:00 already passed at 2026-08-1
  late_prevented #34 NYL v SEA @ T-30m              cutoff 2026-08-05T22:38:00+00:00 already passed at 2026-08-1
  already_logged #35 WAS v DAL @ T-30m              idempotent: pair exists
  already_logged #36 CHI v LAS @ T-90m              idempotent: pair exists
  already_logged #37 IND v LVA @ T-8h               idempotent: pair exists
  already_logged #38 MIN v LAS @ T-8h               idempotent: pair exists
  already_logged #39 PDX v TOR @ T-8h               idempotent: pair exists
  already_logged #40 IND v LVA @ T-90m              idempotent: pair exists
  already_logged #41 MIN v LAS @ T-90m              idempotent: pair exists
  already_logged #42 PDX v TOR @ T-90m              idempotent: pair exists
  late_prevented #43 IND v LVA @ T-30m              cutoff 2026-08-06T22:36:00+00:00 already passed at 2026-08-1
  already_logged #44 PDX v TOR @ T-30m              idempotent: pair exists
  already_logged #45 CON v PHX @ T-8h               idempotent: pair exists
  already_logged #46 WAS v ATL @ T-8h               idempotent: pair exists
  already_logged #47 DAL v GSV @ T-8h               idempotent: pair exists
  already_logged #48 CON v PHX @ T-90m              idempotent: pair exists
  already_logged #49 WAS v ATL @ T-90m              idempotent: pair exists
  already_logged #50 DAL v GSV @ T-90m              idempotent: pair exists
  already_logged #51 CON v PHX @ T-30m              idempotent: pair exists
  already_logged #52 WAS v ATL @ T-30m              idempotent: pair exists
  already_logged #53 DAL v GSV @ T-30m              idempotent: pair exists
  already_logged #54 MIN v LVA @ T-8h               idempotent: pair exists
  already_logged #55 CHI v IND @ T-8h               idempotent: pair exists
  already_logged #56 PDX v SEA @ T-8h               idempotent: pair exists
  already_logged #57 MIN v LVA @ T-90m              idempotent: pair exists
  late_prevented #58 CHI v IND @ T-8h               cutoff 2026-08-08T11:35:00+00:00 already passed at 2026-08-1
  already_logged #59 PDX v SEA @ T-8h               idempotent: pair exists
  already_logged #60 PDX v SEA @ T-90m              idempotent: pair exists
  skip           #61 CHI v IND @ unknown-tip        base record is an explicit no-forecast; nothing to pair
  skip           #62 MIN v LVA @ unknown-tip        base record is an explicit no-forecast; nothing to pair
  already_logged #63 PDX v SEA @ T-30m              idempotent: pair exists
  already_logged #64 WAS v LAS @ T-90m              idempotent: pair exists
  already_logged #65 LVA v MIN @ T-90m              idempotent: pair exists
  already_logged #66 WAS v LAS @ T-30m              idempotent: pair exists
  late_prevented #67 LVA v MIN @ T-90m              cutoff 2026-08-15T22:35:00+00:00 already passed at 2026-08-1
  skip           #68 CON v NYL @ unknown-tip        base record is an explicit no-forecast; nothing to pair
  late_prevented #69 LVA v MIN @ T-30m              cutoff 2026-08-15T23:35:00+00:00 already passed at 2026-08-1

  already_logged=46, late_prevented=19, skip=5
  arm chain: ok=True n=41 tip=2d92d878aeb91d29
  receipt appended to prospective_pair_runs.jsonl
[arm] exit=0 
====================================================================================================
FORECAST COVERAGE AUDIT   generated 2026-08-16T01:45:05.394506+00:00
====================================================================================================

CUMULATIVE by classification
  missing_job_did_not_run      62
  forecast_logged              52
  before_period_start          15
  not_yet_due                  13
  missing_data_unavailable     9
  late_record                  5

  obligations 156 | due 128 | served 52 | coverage 40.6%
  operational misses 62 | unexplained 0
  PROMOTION-GRADE: NO   (needs >= 95% served, <= 0 operational misses, all explained)

DAILY
  date         oblig  served     due     excl    opmiss arm_recs
  2026-07-30      12       0       0       12         0        0
  2026-07-31      12       6       9        3         0        0
  2026-08-01       8       2       8        0         6        0
  2026-08-02      16       0      16        0        16        0
  2026-08-03      12       6      12        0         3        3
  2026-08-04       4       3       4        0         1        3
  2026-08-05      16       9      16        0         4        9
  2026-08-06      12       7      12        0         3        7
  2026-08-07      12       9      12        0         3        9
  2026-08-08      12       6      12        0         3        4
  2026-08-09      16       0      16        0        16        0
  2026-08-15       8       4       8        0         4        1
  2026-08-16      12       0       3        9         3        0
  2026-08-17       4       0       0        4         0        0

EVERY MISSING OR IRREGULAR OBLIGATION (each must carry an explanation)
  2026-07-31 ATL v SEA T-90m   missing_data_unavailable   job served 1 other game(s) on 2026-07-31 at T-90m
  2026-07-31 WAS v DAL T-90m   missing_data_unavailable   job served 1 other game(s) on 2026-07-31 at T-90m
  2026-07-31 PDX v IND T-30m   missing_data_unavailable   job served 2 other game(s) on 2026-07-31 at T-30m
  2026-08-01 CHI v LVA T-24h   missing_job_did_not_run    no base record for ANY game on 2026-08-01 at T-24h
  2026-08-01 CHI v LVA T-8h    missing_job_did_not_run    no base record for ANY game on 2026-08-01 at T-8h
  2026-08-01 CHI v LVA T-30m   missing_job_did_not_run    no base record for ANY game on 2026-08-01 at T-30m
  2026-08-01 PHX v NYL T-24h   missing_job_did_not_run    no base record for ANY game on 2026-08-01 at T-24h
  2026-08-01 PHX v NYL T-8h    missing_job_did_not_run    no base record for ANY game on 2026-08-01 at T-8h
  2026-08-01 PHX v NYL T-30m   missing_job_did_not_run    no base record for ANY game on 2026-08-01 at T-30m
  2026-08-02 DAL v CON T-24h   missing_job_did_not_run    no base record for ANY game on 2026-08-02 at T-24h
  2026-08-02 DAL v CON T-8h    missing_job_did_not_run    no base record for ANY game on 2026-08-02 at T-8h
  2026-08-02 DAL v CON T-90m   missing_job_did_not_run    no base record for ANY game on 2026-08-02 at T-90m
  2026-08-02 DAL v CON T-30m   missing_job_did_not_run    no base record for ANY game on 2026-08-02 at T-30m
  2026-08-02 GSV v TOR T-24h   missing_job_did_not_run    no base record for ANY game on 2026-08-02 at T-24h
  2026-08-02 GSV v TOR T-8h    missing_job_did_not_run    no base record for ANY game on 2026-08-02 at T-8h
  2026-08-02 GSV v TOR T-90m   missing_job_did_not_run    no base record for ANY game on 2026-08-02 at T-90m
  2026-08-02 GSV v TOR T-30m   missing_job_did_not_run    no base record for ANY game on 2026-08-02 at T-30m
  2026-08-02 MIN v IND T-24h   missing_job_did_not_run    no base record for ANY game on 2026-08-02 at T-24h
  2026-08-02 MIN v IND T-8h    missing_job_did_not_run    no base record for ANY game on 2026-08-02 at T-8h
  2026-08-02 MIN v IND T-90m   missing_job_did_not_run    no base record for ANY game on 2026-08-02 at T-90m
  2026-08-02 MIN v IND T-30m   missing_job_did_not_run    no base record for ANY game on 2026-08-02 at T-30m
  2026-08-02 PDX v LAS T-24h   missing_job_did_not_run    no base record for ANY game on 2026-08-02 at T-24h
  2026-08-02 PDX v LAS T-8h    missing_job_did_not_run    no base record for ANY game on 2026-08-02 at T-8h
  2026-08-02 PDX v LAS T-90m   missing_job_did_not_run    no base record for ANY game on 2026-08-02 at T-90m
  2026-08-02 PDX v LAS T-30m   missing_job_did_not_run    no base record for ANY game on 2026-08-02 at T-30m
  2026-08-03 NYL v SEA T-24h   missing_job_did_not_run    no base record for ANY game on 2026-08-03 at T-24h
  2026-08-03 NYL v SEA T-30m   late_record                created 2026-08-03T22:45:08.958486+00:00 after cutoff
  2026-08-03 ATL v LVA T-24h   missing_job_did_not_run    no base record for ANY game on 2026-08-03 at T-24h
  2026-08-03 ATL v LVA T-30m   late_record                created 2026-08-03T22:45:08.976775+00:00 after cutoff
  2026-08-03 CHI v PHX T-24h   missing_job_did_not_run    no base record for ANY game on 2026-08-03 at T-24h
  2026-08-03 CHI v PHX T-30m   missing_data_unavailable   job served 2 other game(s) on 2026-08-03 at T-30m
  2026-08-04 GSV v TOR T-24h   missing_job_did_not_run    no base record for ANY game on 2026-08-04 at T-24h
  2026-08-05 WAS v DAL T-24h   missing_job_did_not_run    no base record for ANY game on 2026-08-05 at T-24h
  2026-08-05 NYL v SEA T-24h   missing_job_did_not_run    no base record for ANY game on 2026-08-05 at T-24h
  2026-08-05 NYL v SEA T-30m   late_record                created 2026-08-05T22:45:07.299457+00:00 after cutoff
  2026-08-05 ATL v PHX T-24h   missing_job_did_not_run    no base record for ANY game on 2026-08-05 at T-24h
  2026-08-05 ATL v PHX T-30m   late_record                created 2026-08-05T22:45:07.274521+00:00 after cutoff
  2026-08-05 CHI v LAS T-24h   missing_job_did_not_run    no base record for ANY game on 2026-08-05 at T-24h
  2026-08-05 CHI v LAS T-30m   missing_data_unavailable   job served 3 other game(s) on 2026-08-05 at T-30m
  2026-08-06 IND v LVA T-24h   missing_job_did_not_run    no base record for ANY game on 2026-08-06 at T-24h
  2026-08-06 IND v LVA T-30m   late_record                created 2026-08-06T22:45:09.382682+00:00 after cutoff
  2026-08-06 PDX v TOR T-24h   missing_job_did_not_run    no base record for ANY game on 2026-08-06 at T-24h
  2026-08-06 MIN v LAS T-24h   missing_job_did_not_run    no base record for ANY game on 2026-08-06 at T-24h
  2026-08-06 MIN v LAS T-30m   missing_data_unavailable   job served 2 other game(s) on 2026-08-06 at T-30m
  2026-08-07 WAS v ATL T-24h   missing_job_did_not_run    no base record for ANY game on 2026-08-07 at T-24h
  2026-08-07 CON v PHX T-24h   missing_job_did_not_run    no base record for ANY game on 2026-08-07 at T-24h
  2026-08-07 DAL v GSV T-24h   missing_job_did_not_run    no base record for ANY game on 2026-08-07 at T-24h
  2026-08-08 CHI v IND T-24h   missing_job_did_not_run    no base record for ANY game on 2026-08-08 at T-24h
  2026-08-08 CHI v IND T-90m   missing_data_unavailable   job served 2 other game(s) on 2026-08-08 at T-90m
  2026-08-08 CHI v IND T-30m   missing_data_unavailable   job served 1 other game(s) on 2026-08-08 at T-30m
  2026-08-08 MIN v LVA T-24h   missing_job_did_not_run    no base record for ANY game on 2026-08-08 at T-24h
  2026-08-08 MIN v LVA T-30m   missing_data_unavailable   job served 1 other game(s) on 2026-08-08 at T-30m
  2026-08-08 PDX v SEA T-24h   missing_job_did_not_run    no base record for ANY game on 2026-08-08 at T-24h
  2026-08-09 WAS v PHX T-24h   missing_job_did_not_run    no base record for ANY game on 2026-08-09 at T-24h
  2026-08-09 WAS v PHX T-8h    missing_job_did_not_run    no base record for ANY game on 2026-08-09 at T-8h
  2026-08-09 WAS v PHX T-90m   missing_job_did_not_run    no base record for ANY game on 2026-08-09 at T-90m
  2026-08-09 WAS v PHX T-30m   missing_job_did_not_run    no base record for ANY game on 2026-08-09 at T-30m
  2026-08-09 LAS v GSV T-24h   missing_job_did_not_run    no base record for ANY game on 2026-08-09 at T-24h
  2026-08-09 LAS v GSV T-8h    missing_job_did_not_run    no base record for ANY game on 2026-08-09 at T-8h
  2026-08-09 LAS v GSV T-90m   missing_job_did_not_run    no base record for ANY game on 2026-08-09 at T-90m
  2026-08-09 LAS v GSV T-30m   missing_job_did_not_run    no base record for ANY game on 2026-08-09 at T-30m
  2026-08-09 NYL v LVA T-24h   missing_job_did_not_run    no base record for ANY game on 2026-08-09 at T-24h
  2026-08-09 NYL v LVA T-8h    missing_job_did_not_run    no base record for ANY game on 2026-08-09 at T-8h
  2026-08-09 NYL v LVA T-90m   missing_job_did_not_run    no base record for ANY game on 2026-08-09 at T-90m
  2026-08-09 NYL v LVA T-30m   missing_job_did_not_run    no base record for ANY game on 2026-08-09 at T-30m
  2026-08-09 MIN v DAL T-24h   missing_job_did_not_run    no base record for ANY game on 2026-08-09 at T-24h
  2026-08-09 MIN v DAL T-8h    missing_job_did_not_run    no base record for ANY game on 2026-08-09 at T-8h
  2026-08-09 MIN v DAL T-90m   missing_job_did_not_run    no base record for ANY game on 2026-08-09 at T-90m
  2026-08-09 MIN v DAL T-30m   missing_job_did_not_run    no base record for ANY game on 2026-08-09 at T-30m
  2026-08-15 WAS v LAS T-24h   missing_job_did_not_run    no base record for ANY game on 2026-08-15 at T-24h
  2026-08-15 WAS v LAS T-8h    missing_job_did_not_run    no base record for ANY game on 2026-08-15 at T-8h
  2026-08-15 LVA v MIN T-24h   missing_job_did_not_run    no base record for ANY game on 2026-08-15 at T-24h
  2026-08-15 LVA v MIN T-8h    missing_job_did_not_run    no base record for ANY game on 2026-08-15 at T-8h
  2026-08-16 ATL v IND T-24h   missing_job_did_not_run    no base record for ANY game on 2026-08-16 at T-24h
  2026-08-16 SEA v CHI T-24h   missing_job_did_not_run    no base record for ANY game on 2026-08-16 at T-24h
  2026-08-16 PHX v PDX T-24h   missing_job_did_not_run    no base record for ANY game on 2026-08-16 at T-24h

wrote forecasts/coverage_audit.csv and forecasts/coverage_receipt.json
[audit] exit=0 
==== Sat 08/15/2026 22:00:02.91 ==== 
[gate] 2026-08-16T02:00:03.705223+00:00  fire=False  -- no unserved obligation inside its 20-minute lead window (4 upcoming game(s) examined); 4 slate game(s) have no official game_id and were served under a provisional id: ATL v IND (2026-08-16) -> PROV-2026-08-16-IND@ATL, SEA v CHI (2026-08-16) -> PROV-2026-08-16-CHI@SEA, PHX v PDX (2026-08-16) -> PROV-2026-08-16-PDX@PHX, GSV v DAL (2026-08-17) -> PROV-2026-08-17-DAL@GSV
       ATL v IND      T-24h   unserved cutoff 2026-08-15T21:00:00 (-300 min) 
       SEA v CHI      T-24h   unserved cutoff 2026-08-15T21:00:00 (-300 min) 
       PHX v PDX      T-24h   unserved cutoff 2026-08-15T23:00:00 (-180 min) 
       GSV v DAL      T-24h   unserved cutoff 2026-08-17T02:00:00 (+1440 min) 
[gate] skipping the base job
[base] skipped - no unserved obligation in its lead window 
[base] exit=0 
================================================================================================
PROSPECTIVE PAIR RUNNER  2026-08-16T02:00:04.665830+00:00  model=ridge_score_level_w2c1_v1 hash=5d295bb8b99cd34e
================================================================================================
base records in official chain: 70
  late_prevented #0 ATL v SEA @ T-8h                cutoff 2026-07-31T15:35:00+00:00 already passed at 2026-08-1
  late_prevented #1 WAS v DAL @ T-8h                cutoff 2026-07-31T15:35:00+00:00 already passed at 2026-08-1
  late_prevented #2 PDX v IND @ T-8h                cutoff 2026-07-31T18:06:00+00:00 already passed at 2026-08-1
  late_prevented #3 ATL v SEA @ T-30m               cutoff 2026-07-31T23:05:00+00:00 already passed at 2026-08-1
  late_prevented #4 WAS v DAL @ T-30m               cutoff 2026-07-31T23:05:00+00:00 already passed at 2026-08-1
  late_prevented #5 PDX v IND @ T-90m               cutoff 2026-08-01T00:36:00+00:00 already passed at 2026-08-1
  late_prevented #6 CHI v LVA @ T-90m               cutoff 2026-08-01T15:35:00+00:00 already passed at 2026-08-1
  late_prevented #7 PHX v NYL @ T-90m               cutoff 2026-08-01T17:34:00+00:00 already passed at 2026-08-1
  skip           #8 CHI v LVA @ unknown-tip         base record is an explicit no-forecast; nothing to pair
  skip           #9 PHX v NYL @ unknown-tip         base record is an explicit no-forecast; nothing to pair
  late_prevented #10 NYL v SEA @ T-8h               cutoff 2026-08-03T15:04:00+00:00 already passed at 2026-08-1
  late_prevented #11 ATL v LVA @ T-8h               cutoff 2026-08-03T15:14:00+00:00 already passed at 2026-08-1
  late_prevented #12 CHI v PHX @ T-8h               cutoff 2026-08-03T17:08:00+00:00 already passed at 2026-08-1
  already_logged #13 NYL v SEA @ T-90m              idempotent: pair exists
  already_logged #14 ATL v LVA @ T-90m              idempotent: pair exists
  already_logged #15 CHI v PHX @ T-90m              idempotent: pair exists
  already_logged #16 NYL v SEA @ T-90m              idempotent: pair exists
  already_logged #17 ATL v LVA @ T-90m              idempotent: pair exists
  already_logged #18 CHI v PHX @ T-90m              idempotent: pair exists
  late_prevented #19 NYL v SEA @ T-30m              cutoff 2026-08-03T22:34:00+00:00 already passed at 2026-08-1
  late_prevented #20 ATL v LVA @ T-30m              cutoff 2026-08-03T22:44:00+00:00 already passed at 2026-08-1
  already_logged #21 CHI v PHX @ T-90m              idempotent: pair exists
  already_logged #22 GSV v TOR @ T-8h               idempotent: pair exists
  already_logged #23 GSV v TOR @ T-90m              idempotent: pair exists
  already_logged #24 GSV v TOR @ T-30m              idempotent: pair exists
  already_logged #25 ATL v PHX @ T-8h               idempotent: pair exists
  already_logged #26 NYL v SEA @ T-8h               idempotent: pair exists
  already_logged #27 WAS v DAL @ T-8h               idempotent: pair exists
  already_logged #28 CHI v LAS @ T-8h               idempotent: pair exists
  already_logged #29 ATL v PHX @ T-90m              idempotent: pair exists
  already_logged #30 NYL v SEA @ T-90m              idempotent: pair exists
  already_logged #31 WAS v DAL @ T-90m              idempotent: pair exists
  already_logged #32 CHI v LAS @ T-90m              idempotent: pair exists
  late_prevented #33 ATL v PHX @ T-30m              cutoff 2026-08-05T22:33:00+00:00 already passed at 2026-08-1
  late_prevented #34 NYL v SEA @ T-30m              cutoff 2026-08-05T22:38:00+00:00 already passed at 2026-08-1
  already_logged #35 WAS v DAL @ T-30m              idempotent: pair exists
  already_logged #36 CHI v LAS @ T-90m              idempotent: pair exists
  already_logged #37 IND v LVA @ T-8h               idempotent: pair exists
  already_logged #38 MIN v LAS @ T-8h               idempotent: pair exists
  already_logged #39 PDX v TOR @ T-8h               idempotent: pair exists
  already_logged #40 IND v LVA @ T-90m              idempotent: pair exists
  already_logged #41 MIN v LAS @ T-90m              idempotent: pair exists
  already_logged #42 PDX v TOR @ T-90m              idempotent: pair exists
  late_prevented #43 IND v LVA @ T-30m              cutoff 2026-08-06T22:36:00+00:00 already passed at 2026-08-1
  already_logged #44 PDX v TOR @ T-30m              idempotent: pair exists
  already_logged #45 CON v PHX @ T-8h               idempotent: pair exists
  already_logged #46 WAS v ATL @ T-8h               idempotent: pair exists
  already_logged #47 DAL v GSV @ T-8h               idempotent: pair exists
  already_logged #48 CON v PHX @ T-90m              idempotent: pair exists
  already_logged #49 WAS v ATL @ T-90m              idempotent: pair exists
  already_logged #50 DAL v GSV @ T-90m              idempotent: pair exists
  already_logged #51 CON v PHX @ T-30m              idempotent: pair exists
  already_logged #52 WAS v ATL @ T-30m              idempotent: pair exists
  already_logged #53 DAL v GSV @ T-30m              idempotent: pair exists
  already_logged #54 MIN v LVA @ T-8h               idempotent: pair exists
  already_logged #55 CHI v IND @ T-8h               idempotent: pair exists
  already_logged #56 PDX v SEA @ T-8h               idempotent: pair exists
  already_logged #57 MIN v LVA @ T-90m              idempotent: pair exists
  late_prevented #58 CHI v IND @ T-8h               cutoff 2026-08-08T11:35:00+00:00 already passed at 2026-08-1
  already_logged #59 PDX v SEA @ T-8h               idempotent: pair exists
  already_logged #60 PDX v SEA @ T-90m              idempotent: pair exists
  skip           #61 CHI v IND @ unknown-tip        base record is an explicit no-forecast; nothing to pair
  skip           #62 MIN v LVA @ unknown-tip        base record is an explicit no-forecast; nothing to pair
  already_logged #63 PDX v SEA @ T-30m              idempotent: pair exists
  already_logged #64 WAS v LAS @ T-90m              idempotent: pair exists
  already_logged #65 LVA v MIN @ T-90m              idempotent: pair exists
  already_logged #66 WAS v LAS @ T-30m              idempotent: pair exists
  late_prevented #67 LVA v MIN @ T-90m              cutoff 2026-08-15T22:35:00+00:00 already passed at 2026-08-1
  skip           #68 CON v NYL @ unknown-tip        base record is an explicit no-forecast; nothing to pair
  late_prevented #69 LVA v MIN @ T-30m              cutoff 2026-08-15T23:35:00+00:00 already passed at 2026-08-1

  already_logged=46, late_prevented=19, skip=5
  arm chain: ok=True n=41 tip=2d92d878aeb91d29
  receipt appended to prospective_pair_runs.jsonl
[arm] exit=0 
====================================================================================================
FORECAST COVERAGE AUDIT   generated 2026-08-16T02:00:05.732610+00:00
====================================================================================================

CUMULATIVE by classification
  missing_job_did_not_run      62
  forecast_logged              52
  before_period_start          15
  not_yet_due                  13
  missing_data_unavailable     9
  late_record                  5

  obligations 156 | due 128 | served 52 | coverage 40.6%
  operational misses 62 | unexplained 0
  PROMOTION-GRADE: NO   (needs >= 95% served, <= 0 operational misses, all explained)

DAILY
  date         oblig  served     due     excl    opmiss arm_recs
  2026-07-30      12       0       0       12         0        0
  2026-07-31      12       6       9        3         0        0
  2026-08-01       8       2       8        0         6        0
  2026-08-02      16       0      16        0        16        0
  2026-08-03      12       6      12        0         3        3
  2026-08-04       4       3       4        0         1        3
  2026-08-05      16       9      16        0         4        9
  2026-08-06      12       7      12        0         3        7
  2026-08-07      12       9      12        0         3        9
  2026-08-08      12       6      12        0         3        4
  2026-08-09      16       0      16        0        16        0
  2026-08-15       8       4       8        0         4        1
  2026-08-16      12       0       3        9         3        0
  2026-08-17       4       0       0        4         0        0

EVERY MISSING OR IRREGULAR OBLIGATION (each must carry an explanation)
  2026-07-31 ATL v SEA T-90m   missing_data_unavailable   job served 1 other game(s) on 2026-07-31 at T-90m
  2026-07-31 WAS v DAL T-90m   missing_data_unavailable   job served 1 other game(s) on 2026-07-31 at T-90m
  2026-07-31 PDX v IND T-30m   missing_data_unavailable   job served 2 other game(s) on 2026-07-31 at T-30m
  2026-08-01 CHI v LVA T-24h   missing_job_did_not_run    no base record for ANY game on 2026-08-01 at T-24h
  2026-08-01 CHI v LVA T-8h    missing_job_did_not_run    no base record for ANY game on 2026-08-01 at T-8h
  2026-08-01 CHI v LVA T-30m   missing_job_did_not_run    no base record for ANY game on 2026-08-01 at T-30m
  2026-08-01 PHX v NYL T-24h   missing_job_did_not_run    no base record for ANY game on 2026-08-01 at T-24h
  2026-08-01 PHX v NYL T-8h    missing_job_did_not_run    no base record for ANY game on 2026-08-01 at T-8h
  2026-08-01 PHX v NYL T-30m   missing_job_did_not_run    no base record for ANY game on 2026-08-01 at T-30m
  2026-08-02 DAL v CON T-24h   missing_job_did_not_run    no base record for ANY game on 2026-08-02 at T-24h
  2026-08-02 DAL v CON T-8h    missing_job_did_not_run    no base record for ANY game on 2026-08-02 at T-8h
  2026-08-02 DAL v CON T-90m   missing_job_did_not_run    no base record for ANY game on 2026-08-02 at T-90m
  2026-08-02 DAL v CON T-30m   missing_job_did_not_run    no base record for ANY game on 2026-08-02 at T-30m
  2026-08-02 GSV v TOR T-24h   missing_job_did_not_run    no base record for ANY game on 2026-08-02 at T-24h
  2026-08-02 GSV v TOR T-8h    missing_job_did_not_run    no base record for ANY game on 2026-08-02 at T-8h
  2026-08-02 GSV v TOR T-90m   missing_job_did_not_run    no base record for ANY game on 2026-08-02 at T-90m
  2026-08-02 GSV v TOR T-30m   missing_job_did_not_run    no base record for ANY game on 2026-08-02 at T-30m
  2026-08-02 MIN v IND T-24h   missing_job_did_not_run    no base record for ANY game on 2026-08-02 at T-24h
  2026-08-02 MIN v IND T-8h    missing_job_did_not_run    no base record for ANY game on 2026-08-02 at T-8h
  2026-08-02 MIN v IND T-90m   missing_job_did_not_run    no base record for ANY game on 2026-08-02 at T-90m
  2026-08-02 MIN v IND T-30m   missing_job_did_not_run    no base record for ANY game on 2026-08-02 at T-30m
  2026-08-02 PDX v LAS T-24h   missing_job_did_not_run    no base record for ANY game on 2026-08-02 at T-24h
  2026-08-02 PDX v LAS T-8h    missing_job_did_not_run    no base record for ANY game on 2026-08-02 at T-8h
  2026-08-02 PDX v LAS T-90m   missing_job_did_not_run    no base record for ANY game on 2026-08-02 at T-90m
  2026-08-02 PDX v LAS T-30m   missing_job_did_not_run    no base record for ANY game on 2026-08-02 at T-30m
  2026-08-03 NYL v SEA T-24h   missing_job_did_not_run    no base record for ANY game on 2026-08-03 at T-24h
  2026-08-03 NYL v SEA T-30m   late_record                created 2026-08-03T22:45:08.958486+00:00 after cutoff
  2026-08-03 ATL v LVA T-24h   missing_job_did_not_run    no base record for ANY game on 2026-08-03 at T-24h
  2026-08-03 ATL v LVA T-30m   late_record                created 2026-08-03T22:45:08.976775+00:00 after cutoff
  2026-08-03 CHI v PHX T-24h   missing_job_did_not_run    no base record for ANY game on 2026-08-03 at T-24h
  2026-08-03 CHI v PHX T-30m   missing_data_unavailable   job served 2 other game(s) on 2026-08-03 at T-30m
  2026-08-04 GSV v TOR T-24h   missing_job_did_not_run    no base record for ANY game on 2026-08-04 at T-24h
  2026-08-05 WAS v DAL T-24h   missing_job_did_not_run    no base record for ANY game on 2026-08-05 at T-24h
  2026-08-05 NYL v SEA T-24h   missing_job_did_not_run    no base record for ANY game on 2026-08-05 at T-24h
  2026-08-05 NYL v SEA T-30m   late_record                created 2026-08-05T22:45:07.299457+00:00 after cutoff
  2026-08-05 ATL v PHX T-24h   missing_job_did_not_run    no base record for ANY game on 2026-08-05 at T-24h
  2026-08-05 ATL v PHX T-30m   late_record                created 2026-08-05T22:45:07.274521+00:00 after cutoff
  2026-08-05 CHI v LAS T-24h   missing_job_did_not_run    no base record for ANY game on 2026-08-05 at T-24h
  2026-08-05 CHI v LAS T-30m   missing_data_unavailable   job served 3 other game(s) on 2026-08-05 at T-30m
  2026-08-06 IND v LVA T-24h   missing_job_did_not_run    no base record for ANY game on 2026-08-06 at T-24h
  2026-08-06 IND v LVA T-30m   late_record                created 2026-08-06T22:45:09.382682+00:00 after cutoff
  2026-08-06 PDX v TOR T-24h   missing_job_did_not_run    no base record for ANY game on 2026-08-06 at T-24h
  2026-08-06 MIN v LAS T-24h   missing_job_did_not_run    no base record for ANY game on 2026-08-06 at T-24h
  2026-08-06 MIN v LAS T-30m   missing_data_unavailable   job served 2 other game(s) on 2026-08-06 at T-30m
  2026-08-07 WAS v ATL T-24h   missing_job_did_not_run    no base record for ANY game on 2026-08-07 at T-24h
  2026-08-07 CON v PHX T-24h   missing_job_did_not_run    no base record for ANY game on 2026-08-07 at T-24h
  2026-08-07 DAL v GSV T-24h   missing_job_did_not_run    no base record for ANY game on 2026-08-07 at T-24h
  2026-08-08 CHI v IND T-24h   missing_job_did_not_run    no base record for ANY game on 2026-08-08 at T-24h
  2026-08-08 CHI v IND T-90m   missing_data_unavailable   job served 2 other game(s) on 2026-08-08 at T-90m
  2026-08-08 CHI v IND T-30m   missing_data_unavailable   job served 1 other game(s) on 2026-08-08 at T-30m
  2026-08-08 MIN v LVA T-24h   missing_job_did_not_run    no base record for ANY game on 2026-08-08 at T-24h
  2026-08-08 MIN v LVA T-30m   missing_data_unavailable   job served 1 other game(s) on 2026-08-08 at T-30m
  2026-08-08 PDX v SEA T-24h   missing_job_did_not_run    no base record for ANY game on 2026-08-08 at T-24h
  2026-08-09 WAS v PHX T-24h   missing_job_did_not_run    no base record for ANY game on 2026-08-09 at T-24h
  2026-08-09 WAS v PHX T-8h    missing_job_did_not_run    no base record for ANY game on 2026-08-09 at T-8h
  2026-08-09 WAS v PHX T-90m   missing_job_did_not_run    no base record for ANY game on 2026-08-09 at T-90m
  2026-08-09 WAS v PHX T-30m   missing_job_did_not_run    no base record for ANY game on 2026-08-09 at T-30m
  2026-08-09 LAS v GSV T-24h   missing_job_did_not_run    no base record for ANY game on 2026-08-09 at T-24h
  2026-08-09 LAS v GSV T-8h    missing_job_did_not_run    no base record for ANY game on 2026-08-09 at T-8h
  2026-08-09 LAS v GSV T-90m   missing_job_did_not_run    no base record for ANY game on 2026-08-09 at T-90m
  2026-08-09 LAS v GSV T-30m   missing_job_did_not_run    no base record for ANY game on 2026-08-09 at T-30m
  2026-08-09 NYL v LVA T-24h   missing_job_did_not_run    no base record for ANY game on 2026-08-09 at T-24h
  2026-08-09 NYL v LVA T-8h    missing_job_did_not_run    no base record for ANY game on 2026-08-09 at T-8h
  2026-08-09 NYL v LVA T-90m   missing_job_did_not_run    no base record for ANY game on 2026-08-09 at T-90m
  2026-08-09 NYL v LVA T-30m   missing_job_did_not_run    no base record for ANY game on 2026-08-09 at T-30m
  2026-08-09 MIN v DAL T-24h   missing_job_did_not_run    no base record for ANY game on 2026-08-09 at T-24h
  2026-08-09 MIN v DAL T-8h    missing_job_did_not_run    no base record for ANY game on 2026-08-09 at T-8h
  2026-08-09 MIN v DAL T-90m   missing_job_did_not_run    no base record for ANY game on 2026-08-09 at T-90m
  2026-08-09 MIN v DAL T-30m   missing_job_did_not_run    no base record for ANY game on 2026-08-09 at T-30m
  2026-08-15 WAS v LAS T-24h   missing_job_did_not_run    no base record for ANY game on 2026-08-15 at T-24h
  2026-08-15 WAS v LAS T-8h    missing_job_did_not_run    no base record for ANY game on 2026-08-15 at T-8h
  2026-08-15 LVA v MIN T-24h   missing_job_did_not_run    no base record for ANY game on 2026-08-15 at T-24h
  2026-08-15 LVA v MIN T-8h    missing_job_did_not_run    no base record for ANY game on 2026-08-15 at T-8h
  2026-08-16 ATL v IND T-24h   missing_job_did_not_run    no base record for ANY game on 2026-08-16 at T-24h
  2026-08-16 SEA v CHI T-24h   missing_job_did_not_run    no base record for ANY game on 2026-08-16 at T-24h
  2026-08-16 PHX v PDX T-24h   missing_job_did_not_run    no base record for ANY game on 2026-08-16 at T-24h

wrote forecasts/coverage_audit.csv and forecasts/coverage_receipt.json
[audit] exit=0 
==== Sat 08/15/2026 22:15:02.86 ==== 
[gate] 2026-08-16T02:15:03.620383+00:00  fire=False  -- no unserved obligation inside its 20-minute lead window (4 upcoming game(s) examined); 4 slate game(s) have no official game_id and were served under a provisional id: ATL v IND (2026-08-16) -> PROV-2026-08-16-IND@ATL, SEA v CHI (2026-08-16) -> PROV-2026-08-16-CHI@SEA, PHX v PDX (2026-08-16) -> PROV-2026-08-16-PDX@PHX, GSV v DAL (2026-08-17) -> PROV-2026-08-17-DAL@GSV
       ATL v IND      T-24h   unserved cutoff 2026-08-15T21:00:00 (-315 min) 
       SEA v CHI      T-24h   unserved cutoff 2026-08-15T21:00:00 (-315 min) 
       PHX v PDX      T-24h   unserved cutoff 2026-08-15T23:00:00 (-195 min) 
       GSV v DAL      T-24h   unserved cutoff 2026-08-17T02:00:00 (+1425 min) 
[gate] skipping the base job
[base] skipped - no unserved obligation in its lead window 
[base] exit=0 
================================================================================================
PROSPECTIVE PAIR RUNNER  2026-08-16T02:15:04.675910+00:00  model=ridge_score_level_w2c1_v1 hash=5d295bb8b99cd34e
================================================================================================
base records in official chain: 70
  late_prevented #0 ATL v SEA @ T-8h                cutoff 2026-07-31T15:35:00+00:00 already passed at 2026-08-1
  late_prevented #1 WAS v DAL @ T-8h                cutoff 2026-07-31T15:35:00+00:00 already passed at 2026-08-1
  late_prevented #2 PDX v IND @ T-8h                cutoff 2026-07-31T18:06:00+00:00 already passed at 2026-08-1
  late_prevented #3 ATL v SEA @ T-30m               cutoff 2026-07-31T23:05:00+00:00 already passed at 2026-08-1
  late_prevented #4 WAS v DAL @ T-30m               cutoff 2026-07-31T23:05:00+00:00 already passed at 2026-08-1
  late_prevented #5 PDX v IND @ T-90m               cutoff 2026-08-01T00:36:00+00:00 already passed at 2026-08-1
  late_prevented #6 CHI v LVA @ T-90m               cutoff 2026-08-01T15:35:00+00:00 already passed at 2026-08-1
  late_prevented #7 PHX v NYL @ T-90m               cutoff 2026-08-01T17:34:00+00:00 already passed at 2026-08-1
  skip           #8 CHI v LVA @ unknown-tip         base record is an explicit no-forecast; nothing to pair
  skip           #9 PHX v NYL @ unknown-tip         base record is an explicit no-forecast; nothing to pair
  late_prevented #10 NYL v SEA @ T-8h               cutoff 2026-08-03T15:04:00+00:00 already passed at 2026-08-1
  late_prevented #11 ATL v LVA @ T-8h               cutoff 2026-08-03T15:14:00+00:00 already passed at 2026-08-1
  late_prevented #12 CHI v PHX @ T-8h               cutoff 2026-08-03T17:08:00+00:00 already passed at 2026-08-1
  already_logged #13 NYL v SEA @ T-90m              idempotent: pair exists
  already_logged #14 ATL v LVA @ T-90m              idempotent: pair exists
  already_logged #15 CHI v PHX @ T-90m              idempotent: pair exists
  already_logged #16 NYL v SEA @ T-90m              idempotent: pair exists
  already_logged #17 ATL v LVA @ T-90m              idempotent: pair exists
  already_logged #18 CHI v PHX @ T-90m              idempotent: pair exists
  late_prevented #19 NYL v SEA @ T-30m              cutoff 2026-08-03T22:34:00+00:00 already passed at 2026-08-1
  late_prevented #20 ATL v LVA @ T-30m              cutoff 2026-08-03T22:44:00+00:00 already passed at 2026-08-1
  already_logged #21 CHI v PHX @ T-90m              idempotent: pair exists
  already_logged #22 GSV v TOR @ T-8h               idempotent: pair exists
  already_logged #23 GSV v TOR @ T-90m              idempotent: pair exists
  already_logged #24 GSV v TOR @ T-30m              idempotent: pair exists
  already_logged #25 ATL v PHX @ T-8h               idempotent: pair exists
  already_logged #26 NYL v SEA @ T-8h               idempotent: pair exists
  already_logged #27 WAS v DAL @ T-8h               idempotent: pair exists
  already_logged #28 CHI v LAS @ T-8h               idempotent: pair exists
  already_logged #29 ATL v PHX @ T-90m              idempotent: pair exists
  already_logged #30 NYL v SEA @ T-90m              idempotent: pair exists
  already_logged #31 WAS v DAL @ T-90m              idempotent: pair exists
  already_logged #32 CHI v LAS @ T-90m              idempotent: pair exists
  late_prevented #33 ATL v PHX @ T-30m              cutoff 2026-08-05T22:33:00+00:00 already passed at 2026-08-1
  late_prevented #34 NYL v SEA @ T-30m              cutoff 2026-08-05T22:38:00+00:00 already passed at 2026-08-1
  already_logged #35 WAS v DAL @ T-30m              idempotent: pair exists
  already_logged #36 CHI v LAS @ T-90m              idempotent: pair exists
  already_logged #37 IND v LVA @ T-8h               idempotent: pair exists
  already_logged #38 MIN v LAS @ T-8h               idempotent: pair exists
  already_logged #39 PDX v TOR @ T-8h               idempotent: pair exists
  already_logged #40 IND v LVA @ T-90m              idempotent: pair exists
  already_logged #41 MIN v LAS @ T-90m              idempotent: pair exists
  already_logged #42 PDX v TOR @ T-90m              idempotent: pair exists
  late_prevented #43 IND v LVA @ T-30m              cutoff 2026-08-06T22:36:00+00:00 already passed at 2026-08-1
  already_logged #44 PDX v TOR @ T-30m              idempotent: pair exists
  already_logged #45 CON v PHX @ T-8h               idempotent: pair exists
  already_logged #46 WAS v ATL @ T-8h               idempotent: pair exists
  already_logged #47 DAL v GSV @ T-8h               idempotent: pair exists
  already_logged #48 CON v PHX @ T-90m              idempotent: pair exists
  already_logged #49 WAS v ATL @ T-90m              idempotent: pair exists
  already_logged #50 DAL v GSV @ T-90m              idempotent: pair exists
  already_logged #51 CON v PHX @ T-30m              idempotent: pair exists
  already_logged #52 WAS v ATL @ T-30m              idempotent: pair exists
  already_logged #53 DAL v GSV @ T-30m              idempotent: pair exists
  already_logged #54 MIN v LVA @ T-8h               idempotent: pair exists
  already_logged #55 CHI v IND @ T-8h               idempotent: pair exists
  already_logged #56 PDX v SEA @ T-8h               idempotent: pair exists
  already_logged #57 MIN v LVA @ T-90m              idempotent: pair exists
  late_prevented #58 CHI v IND @ T-8h               cutoff 2026-08-08T11:35:00+00:00 already passed at 2026-08-1
  already_logged #59 PDX v SEA @ T-8h               idempotent: pair exists
  already_logged #60 PDX v SEA @ T-90m              idempotent: pair exists
  skip           #61 CHI v IND @ unknown-tip        base record is an explicit no-forecast; nothing to pair
  skip           #62 MIN v LVA @ unknown-tip        base record is an explicit no-forecast; nothing to pair
  already_logged #63 PDX v SEA @ T-30m              idempotent: pair exists
  already_logged #64 WAS v LAS @ T-90m              idempotent: pair exists
  already_logged #65 LVA v MIN @ T-90m              idempotent: pair exists
  already_logged #66 WAS v LAS @ T-30m              idempotent: pair exists
  late_prevented #67 LVA v MIN @ T-90m              cutoff 2026-08-15T22:35:00+00:00 already passed at 2026-08-1
  skip           #68 CON v NYL @ unknown-tip        base record is an explicit no-forecast; nothing to pair
  late_prevented #69 LVA v MIN @ T-30m              cutoff 2026-08-15T23:35:00+00:00 already passed at 2026-08-1

  already_logged=46, late_prevented=19, skip=5
  arm chain: ok=True n=41 tip=2d92d878aeb91d29
  receipt appended to prospective_pair_runs.jsonl
[arm] exit=0 
====================================================================================================
FORECAST COVERAGE AUDIT   generated 2026-08-16T02:15:05.932966+00:00
====================================================================================================

CUMULATIVE by classification
  missing_job_did_not_run      62
  forecast_logged              52
  before_period_start          15
  not_yet_due                  13
  missing_data_unavailable     9
  late_record                  5

  obligations 156 | due 128 | served 52 | coverage 40.6%
  operational misses 62 | unexplained 0
  PROMOTION-GRADE: NO   (needs >= 95% served, <= 0 operational misses, all explained)

DAILY
  date         oblig  served     due     excl    opmiss arm_recs
  2026-07-30      12       0       0       12         0        0
  2026-07-31      12       6       9        3         0        0
  2026-08-01       8       2       8        0         6        0
  2026-08-02      16       0      16        0        16        0
  2026-08-03      12       6      12        0         3        3
  2026-08-04       4       3       4        0         1        3
  2026-08-05      16       9      16        0         4        9
  2026-08-06      12       7      12        0         3        7
  2026-08-07      12       9      12        0         3        9
  2026-08-08      12       6      12        0         3        4
  2026-08-09      16       0      16        0        16        0
  2026-08-15       8       4       8        0         4        1
  2026-08-16      12       0       3        9         3        0
  2026-08-17       4       0       0        4         0        0

EVERY MISSING OR IRREGULAR OBLIGATION (each must carry an explanation)
  2026-07-31 ATL v SEA T-90m   missing_data_unavailable   job served 1 other game(s) on 2026-07-31 at T-90m
  2026-07-31 WAS v DAL T-90m   missing_data_unavailable   job served 1 other game(s) on 2026-07-31 at T-90m
  2026-07-31 PDX v IND T-30m   missing_data_unavailable   job served 2 other game(s) on 2026-07-31 at T-30m
  2026-08-01 CHI v LVA T-24h   missing_job_did_not_run    no base record for ANY game on 2026-08-01 at T-24h
  2026-08-01 CHI v LVA T-8h    missing_job_did_not_run    no base record for ANY game on 2026-08-01 at T-8h
  2026-08-01 CHI v LVA T-30m   missing_job_did_not_run    no base record for ANY game on 2026-08-01 at T-30m
  2026-08-01 PHX v NYL T-24h   missing_job_did_not_run    no base record for ANY game on 2026-08-01 at T-24h
  2026-08-01 PHX v NYL T-8h    missing_job_did_not_run    no base record for ANY game on 2026-08-01 at T-8h
  2026-08-01 PHX v NYL T-30m   missing_job_did_not_run    no base record for ANY game on 2026-08-01 at T-30m
  2026-08-02 DAL v CON T-24h   missing_job_did_not_run    no base record for ANY game on 2026-08-02 at T-24h
  2026-08-02 DAL v CON T-8h    missing_job_did_not_run    no base record for ANY game on 2026-08-02 at T-8h
  2026-08-02 DAL v CON T-90m   missing_job_did_not_run    no base record for ANY game on 2026-08-02 at T-90m
  2026-08-02 DAL v CON T-30m   missing_job_did_not_run    no base record for ANY game on 2026-08-02 at T-30m
  2026-08-02 GSV v TOR T-24h   missing_job_did_not_run    no base record for ANY game on 2026-08-02 at T-24h
  2026-08-02 GSV v TOR T-8h    missing_job_did_not_run    no base record for ANY game on 2026-08-02 at T-8h
  2026-08-02 GSV v TOR T-90m   missing_job_did_not_run    no base record for ANY game on 2026-08-02 at T-90m
  2026-08-02 GSV v TOR T-30m   missing_job_did_not_run    no base record for ANY game on 2026-08-02 at T-30m
  2026-08-02 MIN v IND T-24h   missing_job_did_not_run    no base record for ANY game on 2026-08-02 at T-24h
  2026-08-02 MIN v IND T-8h    missing_job_did_not_run    no base record for ANY game on 2026-08-02 at T-8h
  2026-08-02 MIN v IND T-90m   missing_job_did_not_run    no base record for ANY game on 2026-08-02 at T-90m
  2026-08-02 MIN v IND T-30m   missing_job_did_not_run    no base record for ANY game on 2026-08-02 at T-30m
  2026-08-02 PDX v LAS T-24h   missing_job_did_not_run    no base record for ANY game on 2026-08-02 at T-24h
  2026-08-02 PDX v LAS T-8h    missing_job_did_not_run    no base record for ANY game on 2026-08-02 at T-8h
  2026-08-02 PDX v LAS T-90m   missing_job_did_not_run    no base record for ANY game on 2026-08-02 at T-90m
  2026-08-02 PDX v LAS T-30m   missing_job_did_not_run    no base record for ANY game on 2026-08-02 at T-30m
  2026-08-03 NYL v SEA T-24h   missing_job_did_not_run    no base record for ANY game on 2026-08-03 at T-24h
  2026-08-03 NYL v SEA T-30m   late_record                created 2026-08-03T22:45:08.958486+00:00 after cutoff
  2026-08-03 ATL v LVA T-24h   missing_job_did_not_run    no base record for ANY game on 2026-08-03 at T-24h
  2026-08-03 ATL v LVA T-30m   late_record                created 2026-08-03T22:45:08.976775+00:00 after cutoff
  2026-08-03 CHI v PHX T-24h   missing_job_did_not_run    no base record for ANY game on 2026-08-03 at T-24h
  2026-08-03 CHI v PHX T-30m   missing_data_unavailable   job served 2 other game(s) on 2026-08-03 at T-30m
  2026-08-04 GSV v TOR T-24h   missing_job_did_not_run    no base record for ANY game on 2026-08-04 at T-24h
  2026-08-05 WAS v DAL T-24h   missing_job_did_not_run    no base record for ANY game on 2026-08-05 at T-24h
  2026-08-05 NYL v SEA T-24h   missing_job_did_not_run    no base record for ANY game on 2026-08-05 at T-24h
  2026-08-05 NYL v SEA T-30m   late_record                created 2026-08-05T22:45:07.299457+00:00 after cutoff
  2026-08-05 ATL v PHX T-24h   missing_job_did_not_run    no base record for ANY game on 2026-08-05 at T-24h
  2026-08-05 ATL v PHX T-30m   late_record                created 2026-08-05T22:45:07.274521+00:00 after cutoff
  2026-08-05 CHI v LAS T-24h   missing_job_did_not_run    no base record for ANY game on 2026-08-05 at T-24h
  2026-08-05 CHI v LAS T-30m   missing_data_unavailable   job served 3 other game(s) on 2026-08-05 at T-30m
  2026-08-06 IND v LVA T-24h   missing_job_did_not_run    no base record for ANY game on 2026-08-06 at T-24h
  2026-08-06 IND v LVA T-30m   late_record                created 2026-08-06T22:45:09.382682+00:00 after cutoff
  2026-08-06 PDX v TOR T-24h   missing_job_did_not_run    no base record for ANY game on 2026-08-06 at T-24h
  2026-08-06 MIN v LAS T-24h   missing_job_did_not_run    no base record for ANY game on 2026-08-06 at T-24h
  2026-08-06 MIN v LAS T-30m   missing_data_unavailable   job served 2 other game(s) on 2026-08-06 at T-30m
  2026-08-07 WAS v ATL T-24h   missing_job_did_not_run    no base record for ANY game on 2026-08-07 at T-24h
  2026-08-07 CON v PHX T-24h   missing_job_did_not_run    no base record for ANY game on 2026-08-07 at T-24h
  2026-08-07 DAL v GSV T-24h   missing_job_did_not_run    no base record for ANY game on 2026-08-07 at T-24h
  2026-08-08 CHI v IND T-24h   missing_job_did_not_run    no base record for ANY game on 2026-08-08 at T-24h
  2026-08-08 CHI v IND T-90m   missing_data_unavailable   job served 2 other game(s) on 2026-08-08 at T-90m
  2026-08-08 CHI v IND T-30m   missing_data_unavailable   job served 1 other game(s) on 2026-08-08 at T-30m
  2026-08-08 MIN v LVA T-24h   missing_job_did_not_run    no base record for ANY game on 2026-08-08 at T-24h
  2026-08-08 MIN v LVA T-30m   missing_data_unavailable   job served 1 other game(s) on 2026-08-08 at T-30m
  2026-08-08 PDX v SEA T-24h   missing_job_did_not_run    no base record for ANY game on 2026-08-08 at T-24h
  2026-08-09 WAS v PHX T-24h   missing_job_did_not_run    no base record for ANY game on 2026-08-09 at T-24h
  2026-08-09 WAS v PHX T-8h    missing_job_did_not_run    no base record for ANY game on 2026-08-09 at T-8h
  2026-08-09 WAS v PHX T-90m   missing_job_did_not_run    no base record for ANY game on 2026-08-09 at T-90m
  2026-08-09 WAS v PHX T-30m   missing_job_did_not_run    no base record for ANY game on 2026-08-09 at T-30m
  2026-08-09 LAS v GSV T-24h   missing_job_did_not_run    no base record for ANY game on 2026-08-09 at T-24h
  2026-08-09 LAS v GSV T-8h    missing_job_did_not_run    no base record for ANY game on 2026-08-09 at T-8h
  2026-08-09 LAS v GSV T-90m   missing_job_did_not_run    no base record for ANY game on 2026-08-09 at T-90m
  2026-08-09 LAS v GSV T-30m   missing_job_did_not_run    no base record for ANY game on 2026-08-09 at T-30m
  2026-08-09 NYL v LVA T-24h   missing_job_did_not_run    no base record for ANY game on 2026-08-09 at T-24h
  2026-08-09 NYL v LVA T-8h    missing_job_did_not_run    no base record for ANY game on 2026-08-09 at T-8h
  2026-08-09 NYL v LVA T-90m   missing_job_did_not_run    no base record for ANY game on 2026-08-09 at T-90m
  2026-08-09 NYL v LVA T-30m   missing_job_did_not_run    no base record for ANY game on 2026-08-09 at T-30m
  2026-08-09 MIN v DAL T-24h   missing_job_did_not_run    no base record for ANY game on 2026-08-09 at T-24h
  2026-08-09 MIN v DAL T-8h    missing_job_did_not_run    no base record for ANY game on 2026-08-09 at T-8h
  2026-08-09 MIN v DAL T-90m   missing_job_did_not_run    no base record for ANY game on 2026-08-09 at T-90m
  2026-08-09 MIN v DAL T-30m   missing_job_did_not_run    no base record for ANY game on 2026-08-09 at T-30m
  2026-08-15 WAS v LAS T-24h   missing_job_did_not_run    no base record for ANY game on 2026-08-15 at T-24h
  2026-08-15 WAS v LAS T-8h    missing_job_did_not_run    no base record for ANY game on 2026-08-15 at T-8h
  2026-08-15 LVA v MIN T-24h   missing_job_did_not_run    no base record for ANY game on 2026-08-15 at T-24h
  2026-08-15 LVA v MIN T-8h    missing_job_did_not_run    no base record for ANY game on 2026-08-15 at T-8h
  2026-08-16 ATL v IND T-24h   missing_job_did_not_run    no base record for ANY game on 2026-08-16 at T-24h
  2026-08-16 SEA v CHI T-24h   missing_job_did_not_run    no base record for ANY game on 2026-08-16 at T-24h
  2026-08-16 PHX v PDX T-24h   missing_job_did_not_run    no base record for ANY game on 2026-08-16 at T-24h

wrote forecasts/coverage_audit.csv and forecasts/coverage_receipt.json
[audit] exit=0 
==== Sat 08/15/2026 22:30:02.95 ==== 
[gate] 2026-08-16T02:30:03.627686+00:00  fire=False  -- no unserved obligation inside its 20-minute lead window (4 upcoming game(s) examined); 4 slate game(s) have no official game_id and were served under a provisional id: ATL v IND (2026-08-16) -> PROV-2026-08-16-IND@ATL, SEA v CHI (2026-08-16) -> PROV-2026-08-16-CHI@SEA, PHX v PDX (2026-08-16) -> PROV-2026-08-16-PDX@PHX, GSV v DAL (2026-08-17) -> PROV-2026-08-17-DAL@GSV
       ATL v IND      T-24h   unserved cutoff 2026-08-15T21:00:00 (-330 min) 
       SEA v CHI      T-24h   unserved cutoff 2026-08-15T21:00:00 (-330 min) 
       PHX v PDX      T-24h   unserved cutoff 2026-08-15T23:00:00 (-210 min) 
       GSV v DAL      T-24h   unserved cutoff 2026-08-17T02:00:00 (+1410 min) 
[gate] skipping the base job
[base] skipped - no unserved obligation in its lead window 
[base] exit=0 
================================================================================================
PROSPECTIVE PAIR RUNNER  2026-08-16T02:30:04.553220+00:00  model=ridge_score_level_w2c1_v1 hash=5d295bb8b99cd34e
================================================================================================
base records in official chain: 70
  late_prevented #0 ATL v SEA @ T-8h                cutoff 2026-07-31T15:35:00+00:00 already passed at 2026-08-1
  late_prevented #1 WAS v DAL @ T-8h                cutoff 2026-07-31T15:35:00+00:00 already passed at 2026-08-1
  late_prevented #2 PDX v IND @ T-8h                cutoff 2026-07-31T18:06:00+00:00 already passed at 2026-08-1
  late_prevented #3 ATL v SEA @ T-30m               cutoff 2026-07-31T23:05:00+00:00 already passed at 2026-08-1
  late_prevented #4 WAS v DAL @ T-30m               cutoff 2026-07-31T23:05:00+00:00 already passed at 2026-08-1
  late_prevented #5 PDX v IND @ T-90m               cutoff 2026-08-01T00:36:00+00:00 already passed at 2026-08-1
  late_prevented #6 CHI v LVA @ T-90m               cutoff 2026-08-01T15:35:00+00:00 already passed at 2026-08-1
  late_prevented #7 PHX v NYL @ T-90m               cutoff 2026-08-01T17:34:00+00:00 already passed at 2026-08-1
  skip           #8 CHI v LVA @ unknown-tip         base record is an explicit no-forecast; nothing to pair
  skip           #9 PHX v NYL @ unknown-tip         base record is an explicit no-forecast; nothing to pair
  late_prevented #10 NYL v SEA @ T-8h               cutoff 2026-08-03T15:04:00+00:00 already passed at 2026-08-1
  late_prevented #11 ATL v LVA @ T-8h               cutoff 2026-08-03T15:14:00+00:00 already passed at 2026-08-1
  late_prevented #12 CHI v PHX @ T-8h               cutoff 2026-08-03T17:08:00+00:00 already passed at 2026-08-1
  already_logged #13 NYL v SEA @ T-90m              idempotent: pair exists
  already_logged #14 ATL v LVA @ T-90m              idempotent: pair exists
  already_logged #15 CHI v PHX @ T-90m              idempotent: pair exists
  already_logged #16 NYL v SEA @ T-90m              idempotent: pair exists
  already_logged #17 ATL v LVA @ T-90m              idempotent: pair exists
  already_logged #18 CHI v PHX @ T-90m              idempotent: pair exists
  late_prevented #19 NYL v SEA @ T-30m              cutoff 2026-08-03T22:34:00+00:00 already passed at 2026-08-1
  late_prevented #20 ATL v LVA @ T-30m              cutoff 2026-08-03T22:44:00+00:00 already passed at 2026-08-1
  already_logged #21 CHI v PHX @ T-90m              idempotent: pair exists
  already_logged #22 GSV v TOR @ T-8h               idempotent: pair exists
  already_logged #23 GSV v TOR @ T-90m              idempotent: pair exists
  already_logged #24 GSV v TOR @ T-30m              idempotent: pair exists
  already_logged #25 ATL v PHX @ T-8h               idempotent: pair exists
  already_logged #26 NYL v SEA @ T-8h               idempotent: pair exists
  already_logged #27 WAS v DAL @ T-8h               idempotent: pair exists
  already_logged #28 CHI v LAS @ T-8h               idempotent: pair exists
  already_logged #29 ATL v PHX @ T-90m              idempotent: pair exists
  already_logged #30 NYL v SEA @ T-90m              idempotent: pair exists
  already_logged #31 WAS v DAL @ T-90m              idempotent: pair exists
  already_logged #32 CHI v LAS @ T-90m              idempotent: pair exists
  late_prevented #33 ATL v PHX @ T-30m              cutoff 2026-08-05T22:33:00+00:00 already passed at 2026-08-1
  late_prevented #34 NYL v SEA @ T-30m              cutoff 2026-08-05T22:38:00+00:00 already passed at 2026-08-1
  already_logged #35 WAS v DAL @ T-30m              idempotent: pair exists
  already_logged #36 CHI v LAS @ T-90m              idempotent: pair exists
  already_logged #37 IND v LVA @ T-8h               idempotent: pair exists
  already_logged #38 MIN v LAS @ T-8h               idempotent: pair exists
  already_logged #39 PDX v TOR @ T-8h               idempotent: pair exists
  already_logged #40 IND v LVA @ T-90m              idempotent: pair exists
  already_logged #41 MIN v LAS @ T-90m              idempotent: pair exists
  already_logged #42 PDX v TOR @ T-90m              idempotent: pair exists
  late_prevented #43 IND v LVA @ T-30m              cutoff 2026-08-06T22:36:00+00:00 already passed at 2026-08-1
  already_logged #44 PDX v TOR @ T-30m              idempotent: pair exists
  already_logged #45 CON v PHX @ T-8h               idempotent: pair exists
  already_logged #46 WAS v ATL @ T-8h               idempotent: pair exists
  already_logged #47 DAL v GSV @ T-8h               idempotent: pair exists
  already_logged #48 CON v PHX @ T-90m              idempotent: pair exists
  already_logged #49 WAS v ATL @ T-90m              idempotent: pair exists
  already_logged #50 DAL v GSV @ T-90m              idempotent: pair exists
  already_logged #51 CON v PHX @ T-30m              idempotent: pair exists
  already_logged #52 WAS v ATL @ T-30m              idempotent: pair exists
  already_logged #53 DAL v GSV @ T-30m              idempotent: pair exists
  already_logged #54 MIN v LVA @ T-8h               idempotent: pair exists
  already_logged #55 CHI v IND @ T-8h               idempotent: pair exists
  already_logged #56 PDX v SEA @ T-8h               idempotent: pair exists
  already_logged #57 MIN v LVA @ T-90m              idempotent: pair exists
  late_prevented #58 CHI v IND @ T-8h               cutoff 2026-08-08T11:35:00+00:00 already passed at 2026-08-1
  already_logged #59 PDX v SEA @ T-8h               idempotent: pair exists
  already_logged #60 PDX v SEA @ T-90m              idempotent: pair exists
  skip           #61 CHI v IND @ unknown-tip        base record is an explicit no-forecast; nothing to pair
  skip           #62 MIN v LVA @ unknown-tip        base record is an explicit no-forecast; nothing to pair
  already_logged #63 PDX v SEA @ T-30m              idempotent: pair exists
  already_logged #64 WAS v LAS @ T-90m              idempotent: pair exists
  already_logged #65 LVA v MIN @ T-90m              idempotent: pair exists
  already_logged #66 WAS v LAS @ T-30m              idempotent: pair exists
  late_prevented #67 LVA v MIN @ T-90m              cutoff 2026-08-15T22:35:00+00:00 already passed at 2026-08-1
  skip           #68 CON v NYL @ unknown-tip        base record is an explicit no-forecast; nothing to pair
  late_prevented #69 LVA v MIN @ T-30m              cutoff 2026-08-15T23:35:00+00:00 already passed at 2026-08-1

  already_logged=46, late_prevented=19, skip=5
  arm chain: ok=True n=41 tip=2d92d878aeb91d29
  receipt appended to prospective_pair_runs.jsonl
[arm] exit=0 
====================================================================================================
FORECAST COVERAGE AUDIT   generated 2026-08-16T02:30:05.698344+00:00
====================================================================================================

CUMULATIVE by classification
  missing_job_did_not_run      62
  forecast_logged              52
  before_period_start          15
  not_yet_due                  13
  missing_data_unavailable     9
  late_record                  5

  obligations 156 | due 128 | served 52 | coverage 40.6%
  operational misses 62 | unexplained 0
  PROMOTION-GRADE: NO   (needs >= 95% served, <= 0 operational misses, all explained)

DAILY
  date         oblig  served     due     excl    opmiss arm_recs
  2026-07-30      12       0       0       12         0        0
  2026-07-31      12       6       9        3         0        0
  2026-08-01       8       2       8        0         6        0
  2026-08-02      16       0      16        0        16        0
  2026-08-03      12       6      12        0         3        3
  2026-08-04       4       3       4        0         1        3
  2026-08-05      16       9      16        0         4        9
  2026-08-06      12       7      12        0         3        7
  2026-08-07      12       9      12        0         3        9
  2026-08-08      12       6      12        0         3        4
  2026-08-09      16       0      16        0        16        0
  2026-08-15       8       4       8        0         4        1
  2026-08-16      12       0       3        9         3        0
  2026-08-17       4       0       0        4         0        0

EVERY MISSING OR IRREGULAR OBLIGATION (each must carry an explanation)
  2026-07-31 ATL v SEA T-90m   missing_data_unavailable   job served 1 other game(s) on 2026-07-31 at T-90m
  2026-07-31 WAS v DAL T-90m   missing_data_unavailable   job served 1 other game(s) on 2026-07-31 at T-90m
  2026-07-31 PDX v IND T-30m   missing_data_unavailable   job served 2 other game(s) on 2026-07-31 at T-30m
  2026-08-01 CHI v LVA T-24h   missing_job_did_not_run    no base record for ANY game on 2026-08-01 at T-24h
  2026-08-01 CHI v LVA T-8h    missing_job_did_not_run    no base record for ANY game on 2026-08-01 at T-8h
  2026-08-01 CHI v LVA T-30m   missing_job_did_not_run    no base record for ANY game on 2026-08-01 at T-30m
  2026-08-01 PHX v NYL T-24h   missing_job_did_not_run    no base record for ANY game on 2026-08-01 at T-24h
  2026-08-01 PHX v NYL T-8h    missing_job_did_not_run    no base record for ANY game on 2026-08-01 at T-8h
  2026-08-01 PHX v NYL T-30m   missing_job_did_not_run    no base record for ANY game on 2026-08-01 at T-30m
  2026-08-02 DAL v CON T-24h   missing_job_did_not_run    no base record for ANY game on 2026-08-02 at T-24h
  2026-08-02 DAL v CON T-8h    missing_job_did_not_run    no base record for ANY game on 2026-08-02 at T-8h
  2026-08-02 DAL v CON T-90m   missing_job_did_not_run    no base record for ANY game on 2026-08-02 at T-90m
  2026-08-02 DAL v CON T-30m   missing_job_did_not_run    no base record for ANY game on 2026-08-02 at T-30m
  2026-08-02 GSV v TOR T-24h   missing_job_did_not_run    no base record for ANY game on 2026-08-02 at T-24h
  2026-08-02 GSV v TOR T-8h    missing_job_did_not_run    no base record for ANY game on 2026-08-02 at T-8h
  2026-08-02 GSV v TOR T-90m   missing_job_did_not_run    no base record for ANY game on 2026-08-02 at T-90m
  2026-08-02 GSV v TOR T-30m   missing_job_did_not_run    no base record for ANY game on 2026-08-02 at T-30m
  2026-08-02 MIN v IND T-24h   missing_job_did_not_run    no base record for ANY game on 2026-08-02 at T-24h
  2026-08-02 MIN v IND T-8h    missing_job_did_not_run    no base record for ANY game on 2026-08-02 at T-8h
  2026-08-02 MIN v IND T-90m   missing_job_did_not_run    no base record for ANY game on 2026-08-02 at T-90m
  2026-08-02 MIN v IND T-30m   missing_job_did_not_run    no base record for ANY game on 2026-08-02 at T-30m
  2026-08-02 PDX v LAS T-24h   missing_job_did_not_run    no base record for ANY game on 2026-08-02 at T-24h
  2026-08-02 PDX v LAS T-8h    missing_job_did_not_run    no base record for ANY game on 2026-08-02 at T-8h
  2026-08-02 PDX v LAS T-90m   missing_job_did_not_run    no base record for ANY game on 2026-08-02 at T-90m
  2026-08-02 PDX v LAS T-30m   missing_job_did_not_run    no base record for ANY game on 2026-08-02 at T-30m
  2026-08-03 NYL v SEA T-24h   missing_job_did_not_run    no base record for ANY game on 2026-08-03 at T-24h
  2026-08-03 NYL v SEA T-30m   late_record                created 2026-08-03T22:45:08.958486+00:00 after cutoff
  2026-08-03 ATL v LVA T-24h   missing_job_did_not_run    no base record for ANY game on 2026-08-03 at T-24h
  2026-08-03 ATL v LVA T-30m   late_record                created 2026-08-03T22:45:08.976775+00:00 after cutoff
  2026-08-03 CHI v PHX T-24h   missing_job_did_not_run    no base record for ANY game on 2026-08-03 at T-24h
  2026-08-03 CHI v PHX T-30m   missing_data_unavailable   job served 2 other game(s) on 2026-08-03 at T-30m
  2026-08-04 GSV v TOR T-24h   missing_job_did_not_run    no base record for ANY game on 2026-08-04 at T-24h
  2026-08-05 WAS v DAL T-24h   missing_job_did_not_run    no base record for ANY game on 2026-08-05 at T-24h
  2026-08-05 NYL v SEA T-24h   missing_job_did_not_run    no base record for ANY game on 2026-08-05 at T-24h
  2026-08-05 NYL v SEA T-30m   late_record                created 2026-08-05T22:45:07.299457+00:00 after cutoff
  2026-08-05 ATL v PHX T-24h   missing_job_did_not_run    no base record for ANY game on 2026-08-05 at T-24h
  2026-08-05 ATL v PHX T-30m   late_record                created 2026-08-05T22:45:07.274521+00:00 after cutoff
  2026-08-05 CHI v LAS T-24h   missing_job_did_not_run    no base record for ANY game on 2026-08-05 at T-24h
  2026-08-05 CHI v LAS T-30m   missing_data_unavailable   job served 3 other game(s) on 2026-08-05 at T-30m
  2026-08-06 IND v LVA T-24h   missing_job_did_not_run    no base record for ANY game on 2026-08-06 at T-24h
  2026-08-06 IND v LVA T-30m   late_record                created 2026-08-06T22:45:09.382682+00:00 after cutoff
  2026-08-06 PDX v TOR T-24h   missing_job_did_not_run    no base record for ANY game on 2026-08-06 at T-24h
  2026-08-06 MIN v LAS T-24h   missing_job_did_not_run    no base record for ANY game on 2026-08-06 at T-24h
  2026-08-06 MIN v LAS T-30m   missing_data_unavailable   job served 2 other game(s) on 2026-08-06 at T-30m
  2026-08-07 WAS v ATL T-24h   missing_job_did_not_run    no base record for ANY game on 2026-08-07 at T-24h
  2026-08-07 CON v PHX T-24h   missing_job_did_not_run    no base record for ANY game on 2026-08-07 at T-24h
  2026-08-07 DAL v GSV T-24h   missing_job_did_not_run    no base record for ANY game on 2026-08-07 at T-24h
  2026-08-08 CHI v IND T-24h   missing_job_did_not_run    no base record for ANY game on 2026-08-08 at T-24h
  2026-08-08 CHI v IND T-90m   missing_data_unavailable   job served 2 other game(s) on 2026-08-08 at T-90m
  2026-08-08 CHI v IND T-30m   missing_data_unavailable   job served 1 other game(s) on 2026-08-08 at T-30m
  2026-08-08 MIN v LVA T-24h   missing_job_did_not_run    no base record for ANY game on 2026-08-08 at T-24h
  2026-08-08 MIN v LVA T-30m   missing_data_unavailable   job served 1 other game(s) on 2026-08-08 at T-30m
  2026-08-08 PDX v SEA T-24h   missing_job_did_not_run    no base record for ANY game on 2026-08-08 at T-24h
  2026-08-09 WAS v PHX T-24h   missing_job_did_not_run    no base record for ANY game on 2026-08-09 at T-24h
  2026-08-09 WAS v PHX T-8h    missing_job_did_not_run    no base record for ANY game on 2026-08-09 at T-8h
  2026-08-09 WAS v PHX T-90m   missing_job_did_not_run    no base record for ANY game on 2026-08-09 at T-90m
  2026-08-09 WAS v PHX T-30m   missing_job_did_not_run    no base record for ANY game on 2026-08-09 at T-30m
  2026-08-09 LAS v GSV T-24h   missing_job_did_not_run    no base record for ANY game on 2026-08-09 at T-24h
  2026-08-09 LAS v GSV T-8h    missing_job_did_not_run    no base record for ANY game on 2026-08-09 at T-8h
  2026-08-09 LAS v GSV T-90m   missing_job_did_not_run    no base record for ANY game on 2026-08-09 at T-90m
  2026-08-09 LAS v GSV T-30m   missing_job_did_not_run    no base record for ANY game on 2026-08-09 at T-30m
  2026-08-09 NYL v LVA T-24h   missing_job_did_not_run    no base record for ANY game on 2026-08-09 at T-24h
  2026-08-09 NYL v LVA T-8h    missing_job_did_not_run    no base record for ANY game on 2026-08-09 at T-8h
  2026-08-09 NYL v LVA T-90m   missing_job_did_not_run    no base record for ANY game on 2026-08-09 at T-90m
  2026-08-09 NYL v LVA T-30m   missing_job_did_not_run    no base record for ANY game on 2026-08-09 at T-30m
  2026-08-09 MIN v DAL T-24h   missing_job_did_not_run    no base record for ANY game on 2026-08-09 at T-24h
  2026-08-09 MIN v DAL T-8h    missing_job_did_not_run    no base record for ANY game on 2026-08-09 at T-8h
  2026-08-09 MIN v DAL T-90m   missing_job_did_not_run    no base record for ANY game on 2026-08-09 at T-90m
  2026-08-09 MIN v DAL T-30m   missing_job_did_not_run    no base record for ANY game on 2026-08-09 at T-30m
  2026-08-15 WAS v LAS T-24h   missing_job_did_not_run    no base record for ANY game on 2026-08-15 at T-24h
  2026-08-15 WAS v LAS T-8h    missing_job_did_not_run    no base record for ANY game on 2026-08-15 at T-8h
  2026-08-15 LVA v MIN T-24h   missing_job_did_not_run    no base record for ANY game on 2026-08-15 at T-24h
  2026-08-15 LVA v MIN T-8h    missing_job_did_not_run    no base record for ANY game on 2026-08-15 at T-8h
  2026-08-16 ATL v IND T-24h   missing_job_did_not_run    no base record for ANY game on 2026-08-16 at T-24h
  2026-08-16 SEA v CHI T-24h   missing_job_did_not_run    no base record for ANY game on 2026-08-16 at T-24h
  2026-08-16 PHX v PDX T-24h   missing_job_did_not_run    no base record for ANY game on 2026-08-16 at T-24h

wrote forecasts/coverage_audit.csv and forecasts/coverage_receipt.json
[audit] exit=0 
==== Sat 08/15/2026 22:45:02.69 ==== 
[gate] 2026-08-16T02:45:03.343625+00:00  fire=False  -- no unserved obligation inside its 20-minute lead window (4 upcoming game(s) examined); 4 slate game(s) have no official game_id and were served under a provisional id: ATL v IND (2026-08-16) -> PROV-2026-08-16-IND@ATL, SEA v CHI (2026-08-16) -> PROV-2026-08-16-CHI@SEA, PHX v PDX (2026-08-16) -> PROV-2026-08-16-PDX@PHX, GSV v DAL (2026-08-17) -> PROV-2026-08-17-DAL@GSV
       ATL v IND      T-24h   unserved cutoff 2026-08-15T21:00:00 (-345 min) 
       SEA v CHI      T-24h   unserved cutoff 2026-08-15T21:00:00 (-345 min) 
       PHX v PDX      T-24h   unserved cutoff 2026-08-15T23:00:00 (-225 min) 
       GSV v DAL      T-24h   unserved cutoff 2026-08-17T02:00:00 (+1395 min) 
[gate] skipping the base job
[base] skipped - no unserved obligation in its lead window 
[base] exit=0 
================================================================================================
PROSPECTIVE PAIR RUNNER  2026-08-16T02:45:04.263993+00:00  model=ridge_score_level_w2c1_v1 hash=5d295bb8b99cd34e
================================================================================================
base records in official chain: 70
  late_prevented #0 ATL v SEA @ T-8h                cutoff 2026-07-31T15:35:00+00:00 already passed at 2026-08-1
  late_prevented #1 WAS v DAL @ T-8h                cutoff 2026-07-31T15:35:00+00:00 already passed at 2026-08-1
  late_prevented #2 PDX v IND @ T-8h                cutoff 2026-07-31T18:06:00+00:00 already passed at 2026-08-1
  late_prevented #3 ATL v SEA @ T-30m               cutoff 2026-07-31T23:05:00+00:00 already passed at 2026-08-1
  late_prevented #4 WAS v DAL @ T-30m               cutoff 2026-07-31T23:05:00+00:00 already passed at 2026-08-1
  late_prevented #5 PDX v IND @ T-90m               cutoff 2026-08-01T00:36:00+00:00 already passed at 2026-08-1
  late_prevented #6 CHI v LVA @ T-90m               cutoff 2026-08-01T15:35:00+00:00 already passed at 2026-08-1
  late_prevented #7 PHX v NYL @ T-90m               cutoff 2026-08-01T17:34:00+00:00 already passed at 2026-08-1
  skip           #8 CHI v LVA @ unknown-tip         base record is an explicit no-forecast; nothing to pair
  skip           #9 PHX v NYL @ unknown-tip         base record is an explicit no-forecast; nothing to pair
  late_prevented #10 NYL v SEA @ T-8h               cutoff 2026-08-03T15:04:00+00:00 already passed at 2026-08-1
  late_prevented #11 ATL v LVA @ T-8h               cutoff 2026-08-03T15:14:00+00:00 already passed at 2026-08-1
  late_prevented #12 CHI v PHX @ T-8h               cutoff 2026-08-03T17:08:00+00:00 already passed at 2026-08-1
  already_logged #13 NYL v SEA @ T-90m              idempotent: pair exists
  already_logged #14 ATL v LVA @ T-90m              idempotent: pair exists
  already_logged #15 CHI v PHX @ T-90m              idempotent: pair exists
  already_logged #16 NYL v SEA @ T-90m              idempotent: pair exists
  already_logged #17 ATL v LVA @ T-90m              idempotent: pair exists
  already_logged #18 CHI v PHX @ T-90m              idempotent: pair exists
  late_prevented #19 NYL v SEA @ T-30m              cutoff 2026-08-03T22:34:00+00:00 already passed at 2026-08-1
  late_prevented #20 ATL v LVA @ T-30m              cutoff 2026-08-03T22:44:00+00:00 already passed at 2026-08-1
  already_logged #21 CHI v PHX @ T-90m              idempotent: pair exists
  already_logged #22 GSV v TOR @ T-8h               idempotent: pair exists
  already_logged #23 GSV v TOR @ T-90m              idempotent: pair exists
  already_logged #24 GSV v TOR @ T-30m              idempotent: pair exists
  already_logged #25 ATL v PHX @ T-8h               idempotent: pair exists
  already_logged #26 NYL v SEA @ T-8h               idempotent: pair exists
  already_logged #27 WAS v DAL @ T-8h               idempotent: pair exists
  already_logged #28 CHI v LAS @ T-8h               idempotent: pair exists
  already_logged #29 ATL v PHX @ T-90m              idempotent: pair exists
  already_logged #30 NYL v SEA @ T-90m              idempotent: pair exists
  already_logged #31 WAS v DAL @ T-90m              idempotent: pair exists
  already_logged #32 CHI v LAS @ T-90m              idempotent: pair exists
  late_prevented #33 ATL v PHX @ T-30m              cutoff 2026-08-05T22:33:00+00:00 already passed at 2026-08-1
  late_prevented #34 NYL v SEA @ T-30m              cutoff 2026-08-05T22:38:00+00:00 already passed at 2026-08-1
  already_logged #35 WAS v DAL @ T-30m              idempotent: pair exists
  already_logged #36 CHI v LAS @ T-90m              idempotent: pair exists
  already_logged #37 IND v LVA @ T-8h               idempotent: pair exists
  already_logged #38 MIN v LAS @ T-8h               idempotent: pair exists
  already_logged #39 PDX v TOR @ T-8h               idempotent: pair exists
  already_logged #40 IND v LVA @ T-90m              idempotent: pair exists
  already_logged #41 MIN v LAS @ T-90m              idempotent: pair exists
  already_logged #42 PDX v TOR @ T-90m              idempotent: pair exists
  late_prevented #43 IND v LVA @ T-30m              cutoff 2026-08-06T22:36:00+00:00 already passed at 2026-08-1
  already_logged #44 PDX v TOR @ T-30m              idempotent: pair exists
  already_logged #45 CON v PHX @ T-8h               idempotent: pair exists
  already_logged #46 WAS v ATL @ T-8h               idempotent: pair exists
  already_logged #47 DAL v GSV @ T-8h               idempotent: pair exists
  already_logged #48 CON v PHX @ T-90m              idempotent: pair exists
  already_logged #49 WAS v ATL @ T-90m              idempotent: pair exists
  already_logged #50 DAL v GSV @ T-90m              idempotent: pair exists
  already_logged #51 CON v PHX @ T-30m              idempotent: pair exists
  already_logged #52 WAS v ATL @ T-30m              idempotent: pair exists
  already_logged #53 DAL v GSV @ T-30m              idempotent: pair exists
  already_logged #54 MIN v LVA @ T-8h               idempotent: pair exists
  already_logged #55 CHI v IND @ T-8h               idempotent: pair exists
  already_logged #56 PDX v SEA @ T-8h               idempotent: pair exists
  already_logged #57 MIN v LVA @ T-90m              idempotent: pair exists
  late_prevented #58 CHI v IND @ T-8h               cutoff 2026-08-08T11:35:00+00:00 already passed at 2026-08-1
  already_logged #59 PDX v SEA @ T-8h               idempotent: pair exists
  already_logged #60 PDX v SEA @ T-90m              idempotent: pair exists
  skip           #61 CHI v IND @ unknown-tip        base record is an explicit no-forecast; nothing to pair
  skip           #62 MIN v LVA @ unknown-tip        base record is an explicit no-forecast; nothing to pair
  already_logged #63 PDX v SEA @ T-30m              idempotent: pair exists
  already_logged #64 WAS v LAS @ T-90m              idempotent: pair exists
  already_logged #65 LVA v MIN @ T-90m              idempotent: pair exists
  already_logged #66 WAS v LAS @ T-30m              idempotent: pair exists
  late_prevented #67 LVA v MIN @ T-90m              cutoff 2026-08-15T22:35:00+00:00 already passed at 2026-08-1
  skip           #68 CON v NYL @ unknown-tip        base record is an explicit no-forecast; nothing to pair
  late_prevented #69 LVA v MIN @ T-30m              cutoff 2026-08-15T23:35:00+00:00 already passed at 2026-08-1

  already_logged=46, late_prevented=19, skip=5
  arm chain: ok=True n=41 tip=2d92d878aeb91d29
  receipt appended to prospective_pair_runs.jsonl
[arm] exit=0 
====================================================================================================
FORECAST COVERAGE AUDIT   generated 2026-08-16T02:45:05.382966+00:00
====================================================================================================

CUMULATIVE by classification
  missing_job_did_not_run      62
  forecast_logged              52
  before_period_start          15
  not_yet_due                  13
  missing_data_unavailable     9
  late_record                  5

  obligations 156 | due 128 | served 52 | coverage 40.6%
  operational misses 62 | unexplained 0
  PROMOTION-GRADE: NO   (needs >= 95% served, <= 0 operational misses, all explained)

DAILY
  date         oblig  served     due     excl    opmiss arm_recs
  2026-07-30      12       0       0       12         0        0
  2026-07-31      12       6       9        3         0        0
  2026-08-01       8       2       8        0         6        0
  2026-08-02      16       0      16        0        16        0
  2026-08-03      12       6      12        0         3        3
  2026-08-04       4       3       4        0         1        3
  2026-08-05      16       9      16        0         4        9
  2026-08-06      12       7      12        0         3        7
  2026-08-07      12       9      12        0         3        9
  2026-08-08      12       6      12        0         3        4
  2026-08-09      16       0      16        0        16        0
  2026-08-15       8       4       8        0         4        1
  2026-08-16      12       0       3        9         3        0
  2026-08-17       4       0       0        4         0        0

EVERY MISSING OR IRREGULAR OBLIGATION (each must carry an explanation)
  2026-07-31 ATL v SEA T-90m   missing_data_unavailable   job served 1 other game(s) on 2026-07-31 at T-90m
  2026-07-31 WAS v DAL T-90m   missing_data_unavailable   job served 1 other game(s) on 2026-07-31 at T-90m
  2026-07-31 PDX v IND T-30m   missing_data_unavailable   job served 2 other game(s) on 2026-07-31 at T-30m
  2026-08-01 CHI v LVA T-24h   missing_job_did_not_run    no base record for ANY game on 2026-08-01 at T-24h
  2026-08-01 CHI v LVA T-8h    missing_job_did_not_run    no base record for ANY game on 2026-08-01 at T-8h
  2026-08-01 CHI v LVA T-30m   missing_job_did_not_run    no base record for ANY game on 2026-08-01 at T-30m
  2026-08-01 PHX v NYL T-24h   missing_job_did_not_run    no base record for ANY game on 2026-08-01 at T-24h
  2026-08-01 PHX v NYL T-8h    missing_job_did_not_run    no base record for ANY game on 2026-08-01 at T-8h
  2026-08-01 PHX v NYL T-30m   missing_job_did_not_run    no base record for ANY game on 2026-08-01 at T-30m
  2026-08-02 DAL v CON T-24h   missing_job_did_not_run    no base record for ANY game on 2026-08-02 at T-24h
  2026-08-02 DAL v CON T-8h    missing_job_did_not_run    no base record for ANY game on 2026-08-02 at T-8h
  2026-08-02 DAL v CON T-90m   missing_job_did_not_run    no base record for ANY game on 2026-08-02 at T-90m
  2026-08-02 DAL v CON T-30m   missing_job_did_not_run    no base record for ANY game on 2026-08-02 at T-30m
  2026-08-02 GSV v TOR T-24h   missing_job_did_not_run    no base record for ANY game on 2026-08-02 at T-24h
  2026-08-02 GSV v TOR T-8h    missing_job_did_not_run    no base record for ANY game on 2026-08-02 at T-8h
  2026-08-02 GSV v TOR T-90m   missing_job_did_not_run    no base record for ANY game on 2026-08-02 at T-90m
  2026-08-02 GSV v TOR T-30m   missing_job_did_not_run    no base record for ANY game on 2026-08-02 at T-30m
  2026-08-02 MIN v IND T-24h   missing_job_did_not_run    no base record for ANY game on 2026-08-02 at T-24h
  2026-08-02 MIN v IND T-8h    missing_job_did_not_run    no base record for ANY game on 2026-08-02 at T-8h
  2026-08-02 MIN v IND T-90m   missing_job_did_not_run    no base record for ANY game on 2026-08-02 at T-90m
  2026-08-02 MIN v IND T-30m   missing_job_did_not_run    no base record for ANY game on 2026-08-02 at T-30m
  2026-08-02 PDX v LAS T-24h   missing_job_did_not_run    no base record for ANY game on 2026-08-02 at T-24h
  2026-08-02 PDX v LAS T-8h    missing_job_did_not_run    no base record for ANY game on 2026-08-02 at T-8h
  2026-08-02 PDX v LAS T-90m   missing_job_did_not_run    no base record for ANY game on 2026-08-02 at T-90m
  2026-08-02 PDX v LAS T-30m   missing_job_did_not_run    no base record for ANY game on 2026-08-02 at T-30m
  2026-08-03 NYL v SEA T-24h   missing_job_did_not_run    no base record for ANY game on 2026-08-03 at T-24h
  2026-08-03 NYL v SEA T-30m   late_record                created 2026-08-03T22:45:08.958486+00:00 after cutoff
  2026-08-03 ATL v LVA T-24h   missing_job_did_not_run    no base record for ANY game on 2026-08-03 at T-24h
  2026-08-03 ATL v LVA T-30m   late_record                created 2026-08-03T22:45:08.976775+00:00 after cutoff
  2026-08-03 CHI v PHX T-24h   missing_job_did_not_run    no base record for ANY game on 2026-08-03 at T-24h
  2026-08-03 CHI v PHX T-30m   missing_data_unavailable   job served 2 other game(s) on 2026-08-03 at T-30m
  2026-08-04 GSV v TOR T-24h   missing_job_did_not_run    no base record for ANY game on 2026-08-04 at T-24h
  2026-08-05 WAS v DAL T-24h   missing_job_did_not_run    no base record for ANY game on 2026-08-05 at T-24h
  2026-08-05 NYL v SEA T-24h   missing_job_did_not_run    no base record for ANY game on 2026-08-05 at T-24h
  2026-08-05 NYL v SEA T-30m   late_record                created 2026-08-05T22:45:07.299457+00:00 after cutoff
  2026-08-05 ATL v PHX T-24h   missing_job_did_not_run    no base record for ANY game on 2026-08-05 at T-24h
  2026-08-05 ATL v PHX T-30m   late_record                created 2026-08-05T22:45:07.274521+00:00 after cutoff
  2026-08-05 CHI v LAS T-24h   missing_job_did_not_run    no base record for ANY game on 2026-08-05 at T-24h
  2026-08-05 CHI v LAS T-30m   missing_data_unavailable   job served 3 other game(s) on 2026-08-05 at T-30m
  2026-08-06 IND v LVA T-24h   missing_job_did_not_run    no base record for ANY game on 2026-08-06 at T-24h
  2026-08-06 IND v LVA T-30m   late_record                created 2026-08-06T22:45:09.382682+00:00 after cutoff
  2026-08-06 PDX v TOR T-24h   missing_job_did_not_run    no base record for ANY game on 2026-08-06 at T-24h
  2026-08-06 MIN v LAS T-24h   missing_job_did_not_run    no base record for ANY game on 2026-08-06 at T-24h
  2026-08-06 MIN v LAS T-30m   missing_data_unavailable   job served 2 other game(s) on 2026-08-06 at T-30m
  2026-08-07 WAS v ATL T-24h   missing_job_did_not_run    no base record for ANY game on 2026-08-07 at T-24h
  2026-08-07 CON v PHX T-24h   missing_job_did_not_run    no base record for ANY game on 2026-08-07 at T-24h
  2026-08-07 DAL v GSV T-24h   missing_job_did_not_run    no base record for ANY game on 2026-08-07 at T-24h
  2026-08-08 CHI v IND T-24h   missing_job_did_not_run    no base record for ANY game on 2026-08-08 at T-24h
  2026-08-08 CHI v IND T-90m   missing_data_unavailable   job served 2 other game(s) on 2026-08-08 at T-90m
  2026-08-08 CHI v IND T-30m   missing_data_unavailable   job served 1 other game(s) on 2026-08-08 at T-30m
  2026-08-08 MIN v LVA T-24h   missing_job_did_not_run    no base record for ANY game on 2026-08-08 at T-24h
  2026-08-08 MIN v LVA T-30m   missing_data_unavailable   job served 1 other game(s) on 2026-08-08 at T-30m
  2026-08-08 PDX v SEA T-24h   missing_job_did_not_run    no base record for ANY game on 2026-08-08 at T-24h
  2026-08-09 WAS v PHX T-24h   missing_job_did_not_run    no base record for ANY game on 2026-08-09 at T-24h
  2026-08-09 WAS v PHX T-8h    missing_job_did_not_run    no base record for ANY game on 2026-08-09 at T-8h
  2026-08-09 WAS v PHX T-90m   missing_job_did_not_run    no base record for ANY game on 2026-08-09 at T-90m
  2026-08-09 WAS v PHX T-30m   missing_job_did_not_run    no base record for ANY game on 2026-08-09 at T-30m
  2026-08-09 LAS v GSV T-24h   missing_job_did_not_run    no base record for ANY game on 2026-08-09 at T-24h
  2026-08-09 LAS v GSV T-8h    missing_job_did_not_run    no base record for ANY game on 2026-08-09 at T-8h
  2026-08-09 LAS v GSV T-90m   missing_job_did_not_run    no base record for ANY game on 2026-08-09 at T-90m
  2026-08-09 LAS v GSV T-30m   missing_job_did_not_run    no base record for ANY game on 2026-08-09 at T-30m
  2026-08-09 NYL v LVA T-24h   missing_job_did_not_run    no base record for ANY game on 2026-08-09 at T-24h
  2026-08-09 NYL v LVA T-8h    missing_job_did_not_run    no base record for ANY game on 2026-08-09 at T-8h
  2026-08-09 NYL v LVA T-90m   missing_job_did_not_run    no base record for ANY game on 2026-08-09 at T-90m
  2026-08-09 NYL v LVA T-30m   missing_job_did_not_run    no base record for ANY game on 2026-08-09 at T-30m
  2026-08-09 MIN v DAL T-24h   missing_job_did_not_run    no base record for ANY game on 2026-08-09 at T-24h
  2026-08-09 MIN v DAL T-8h    missing_job_did_not_run    no base record for ANY game on 2026-08-09 at T-8h
  2026-08-09 MIN v DAL T-90m   missing_job_did_not_run    no base record for ANY game on 2026-08-09 at T-90m
  2026-08-09 MIN v DAL T-30m   missing_job_did_not_run    no base record for ANY game on 2026-08-09 at T-30m
  2026-08-15 WAS v LAS T-24h   missing_job_did_not_run    no base record for ANY game on 2026-08-15 at T-24h
  2026-08-15 WAS v LAS T-8h    missing_job_did_not_run    no base record for ANY game on 2026-08-15 at T-8h
  2026-08-15 LVA v MIN T-24h   missing_job_did_not_run    no base record for ANY game on 2026-08-15 at T-24h
  2026-08-15 LVA v MIN T-8h    missing_job_did_not_run    no base record for ANY game on 2026-08-15 at T-8h
  2026-08-16 ATL v IND T-24h   missing_job_did_not_run    no base record for ANY game on 2026-08-16 at T-24h
  2026-08-16 SEA v CHI T-24h   missing_job_did_not_run    no base record for ANY game on 2026-08-16 at T-24h
  2026-08-16 PHX v PDX T-24h   missing_job_did_not_run    no base record for ANY game on 2026-08-16 at T-24h

wrote forecasts/coverage_audit.csv and forecasts/coverage_receipt.json
[audit] exit=0 
==== Sat 08/15/2026 23:00:02.88 ==== 
[gate] 2026-08-16T03:00:03.642532+00:00  fire=False  -- no unserved obligation inside its 20-minute lead window (4 upcoming game(s) examined); 4 slate game(s) have no official game_id and were served under a provisional id: ATL v IND (2026-08-16) -> PROV-2026-08-16-IND@ATL, SEA v CHI (2026-08-16) -> PROV-2026-08-16-CHI@SEA, PHX v PDX (2026-08-16) -> PROV-2026-08-16-PDX@PHX, GSV v DAL (2026-08-17) -> PROV-2026-08-17-DAL@GSV
       ATL v IND      T-24h   unserved cutoff 2026-08-15T21:00:00 (-360 min) 
       SEA v CHI      T-24h   unserved cutoff 2026-08-15T21:00:00 (-360 min) 
       PHX v PDX      T-24h   unserved cutoff 2026-08-15T23:00:00 (-240 min) 
       GSV v DAL      T-24h   unserved cutoff 2026-08-17T02:00:00 (+1380 min) 
[gate] skipping the base job
[base] skipped - no unserved obligation in its lead window 
[base] exit=0 
================================================================================================
PROSPECTIVE PAIR RUNNER  2026-08-16T03:00:04.614165+00:00  model=ridge_score_level_w2c1_v1 hash=5d295bb8b99cd34e
================================================================================================
base records in official chain: 70
  late_prevented #0 ATL v SEA @ T-8h                cutoff 2026-07-31T15:35:00+00:00 already passed at 2026-08-1
  late_prevented #1 WAS v DAL @ T-8h                cutoff 2026-07-31T15:35:00+00:00 already passed at 2026-08-1
  late_prevented #2 PDX v IND @ T-8h                cutoff 2026-07-31T18:06:00+00:00 already passed at 2026-08-1
  late_prevented #3 ATL v SEA @ T-30m               cutoff 2026-07-31T23:05:00+00:00 already passed at 2026-08-1
  late_prevented #4 WAS v DAL @ T-30m               cutoff 2026-07-31T23:05:00+00:00 already passed at 2026-08-1
  late_prevented #5 PDX v IND @ T-90m               cutoff 2026-08-01T00:36:00+00:00 already passed at 2026-08-1
  late_prevented #6 CHI v LVA @ T-90m               cutoff 2026-08-01T15:35:00+00:00 already passed at 2026-08-1
  late_prevented #7 PHX v NYL @ T-90m               cutoff 2026-08-01T17:34:00+00:00 already passed at 2026-08-1
  skip           #8 CHI v LVA @ unknown-tip         base record is an explicit no-forecast; nothing to pair
  skip           #9 PHX v NYL @ unknown-tip         base record is an explicit no-forecast; nothing to pair
  late_prevented #10 NYL v SEA @ T-8h               cutoff 2026-08-03T15:04:00+00:00 already passed at 2026-08-1
  late_prevented #11 ATL v LVA @ T-8h               cutoff 2026-08-03T15:14:00+00:00 already passed at 2026-08-1
  late_prevented #12 CHI v PHX @ T-8h               cutoff 2026-08-03T17:08:00+00:00 already passed at 2026-08-1
  already_logged #13 NYL v SEA @ T-90m              idempotent: pair exists
  already_logged #14 ATL v LVA @ T-90m              idempotent: pair exists
  already_logged #15 CHI v PHX @ T-90m              idempotent: pair exists
  already_logged #16 NYL v SEA @ T-90m              idempotent: pair exists
  already_logged #17 ATL v LVA @ T-90m              idempotent: pair exists
  already_logged #18 CHI v PHX @ T-90m              idempotent: pair exists
  late_prevented #19 NYL v SEA @ T-30m              cutoff 2026-08-03T22:34:00+00:00 already passed at 2026-08-1
  late_prevented #20 ATL v LVA @ T-30m              cutoff 2026-08-03T22:44:00+00:00 already passed at 2026-08-1
  already_logged #21 CHI v PHX @ T-90m              idempotent: pair exists
  already_logged #22 GSV v TOR @ T-8h               idempotent: pair exists
  already_logged #23 GSV v TOR @ T-90m              idempotent: pair exists
  already_logged #24 GSV v TOR @ T-30m              idempotent: pair exists
  already_logged #25 ATL v PHX @ T-8h               idempotent: pair exists
  already_logged #26 NYL v SEA @ T-8h               idempotent: pair exists
  already_logged #27 WAS v DAL @ T-8h               idempotent: pair exists
  already_logged #28 CHI v LAS @ T-8h               idempotent: pair exists
  already_logged #29 ATL v PHX @ T-90m              idempotent: pair exists
  already_logged #30 NYL v SEA @ T-90m              idempotent: pair exists
  already_logged #31 WAS v DAL @ T-90m              idempotent: pair exists
  already_logged #32 CHI v LAS @ T-90m              idempotent: pair exists
  late_prevented #33 ATL v PHX @ T-30m              cutoff 2026-08-05T22:33:00+00:00 already passed at 2026-08-1
  late_prevented #34 NYL v SEA @ T-30m              cutoff 2026-08-05T22:38:00+00:00 already passed at 2026-08-1
  already_logged #35 WAS v DAL @ T-30m              idempotent: pair exists
  already_logged #36 CHI v LAS @ T-90m              idempotent: pair exists
  already_logged #37 IND v LVA @ T-8h               idempotent: pair exists
  already_logged #38 MIN v LAS @ T-8h               idempotent: pair exists
  already_logged #39 PDX v TOR @ T-8h               idempotent: pair exists
  already_logged #40 IND v LVA @ T-90m              idempotent: pair exists
  already_logged #41 MIN v LAS @ T-90m              idempotent: pair exists
  already_logged #42 PDX v TOR @ T-90m              idempotent: pair exists
  late_prevented #43 IND v LVA @ T-30m              cutoff 2026-08-06T22:36:00+00:00 already passed at 2026-08-1
  already_logged #44 PDX v TOR @ T-30m              idempotent: pair exists
  already_logged #45 CON v PHX @ T-8h               idempotent: pair exists
  already_logged #46 WAS v ATL @ T-8h               idempotent: pair exists
  already_logged #47 DAL v GSV @ T-8h               idempotent: pair exists
  already_logged #48 CON v PHX @ T-90m              idempotent: pair exists
  already_logged #49 WAS v ATL @ T-90m              idempotent: pair exists
  already_logged #50 DAL v GSV @ T-90m              idempotent: pair exists
  already_logged #51 CON v PHX @ T-30m              idempotent: pair exists
  already_logged #52 WAS v ATL @ T-30m              idempotent: pair exists
  already_logged #53 DAL v GSV @ T-30m              idempotent: pair exists
  already_logged #54 MIN v LVA @ T-8h               idempotent: pair exists
  already_logged #55 CHI v IND @ T-8h               idempotent: pair exists
  already_logged #56 PDX v SEA @ T-8h               idempotent: pair exists
  already_logged #57 MIN v LVA @ T-90m              idempotent: pair exists
  late_prevented #58 CHI v IND @ T-8h               cutoff 2026-08-08T11:35:00+00:00 already passed at 2026-08-1
  already_logged #59 PDX v SEA @ T-8h               idempotent: pair exists
  already_logged #60 PDX v SEA @ T-90m              idempotent: pair exists
  skip           #61 CHI v IND @ unknown-tip        base record is an explicit no-forecast; nothing to pair
  skip           #62 MIN v LVA @ unknown-tip        base record is an explicit no-forecast; nothing to pair
  already_logged #63 PDX v SEA @ T-30m              idempotent: pair exists
  already_logged #64 WAS v LAS @ T-90m              idempotent: pair exists
  already_logged #65 LVA v MIN @ T-90m              idempotent: pair exists
  already_logged #66 WAS v LAS @ T-30m              idempotent: pair exists
  late_prevented #67 LVA v MIN @ T-90m              cutoff 2026-08-15T22:35:00+00:00 already passed at 2026-08-1
  skip           #68 CON v NYL @ unknown-tip        base record is an explicit no-forecast; nothing to pair
  late_prevented #69 LVA v MIN @ T-30m              cutoff 2026-08-15T23:35:00+00:00 already passed at 2026-08-1

  already_logged=46, late_prevented=19, skip=5
  arm chain: ok=True n=41 tip=2d92d878aeb91d29
  receipt appended to prospective_pair_runs.jsonl
[arm] exit=0 
====================================================================================================
FORECAST COVERAGE AUDIT   generated 2026-08-16T03:00:05.742167+00:00
====================================================================================================

CUMULATIVE by classification
  missing_job_did_not_run      62
  forecast_logged              52
  before_period_start          15
  not_yet_due                  13
  missing_data_unavailable     9
  late_record                  5

  obligations 156 | due 128 | served 52 | coverage 40.6%
  operational misses 62 | unexplained 0
  PROMOTION-GRADE: NO   (needs >= 95% served, <= 0 operational misses, all explained)

DAILY
  date         oblig  served     due     excl    opmiss arm_recs
  2026-07-30      12       0       0       12         0        0
  2026-07-31      12       6       9        3         0        0
  2026-08-01       8       2       8        0         6        0
  2026-08-02      16       0      16        0        16        0
  2026-08-03      12       6      12        0         3        3
  2026-08-04       4       3       4        0         1        3
  2026-08-05      16       9      16        0         4        9
  2026-08-06      12       7      12        0         3        7
  2026-08-07      12       9      12        0         3        9
  2026-08-08      12       6      12        0         3        4
  2026-08-09      16       0      16        0        16        0
  2026-08-15       8       4       8        0         4        1
  2026-08-16      12       0       3        9         3        0
  2026-08-17       4       0       0        4         0        0

EVERY MISSING OR IRREGULAR OBLIGATION (each must carry an explanation)
  2026-07-31 ATL v SEA T-90m   missing_data_unavailable   job served 1 other game(s) on 2026-07-31 at T-90m
  2026-07-31 WAS v DAL T-90m   missing_data_unavailable   job served 1 other game(s) on 2026-07-31 at T-90m
  2026-07-31 PDX v IND T-30m   missing_data_unavailable   job served 2 other game(s) on 2026-07-31 at T-30m
  2026-08-01 CHI v LVA T-24h   missing_job_did_not_run    no base record for ANY game on 2026-08-01 at T-24h
  2026-08-01 CHI v LVA T-8h    missing_job_did_not_run    no base record for ANY game on 2026-08-01 at T-8h
  2026-08-01 CHI v LVA T-30m   missing_job_did_not_run    no base record for ANY game on 2026-08-01 at T-30m
  2026-08-01 PHX v NYL T-24h   missing_job_did_not_run    no base record for ANY game on 2026-08-01 at T-24h
  2026-08-01 PHX v NYL T-8h    missing_job_did_not_run    no base record for ANY game on 2026-08-01 at T-8h
  2026-08-01 PHX v NYL T-30m   missing_job_did_not_run    no base record for ANY game on 2026-08-01 at T-30m
  2026-08-02 DAL v CON T-24h   missing_job_did_not_run    no base record for ANY game on 2026-08-02 at T-24h
  2026-08-02 DAL v CON T-8h    missing_job_did_not_run    no base record for ANY game on 2026-08-02 at T-8h
  2026-08-02 DAL v CON T-90m   missing_job_did_not_run    no base record for ANY game on 2026-08-02 at T-90m
  2026-08-02 DAL v CON T-30m   missing_job_did_not_run    no base record for ANY game on 2026-08-02 at T-30m
  2026-08-02 GSV v TOR T-24h   missing_job_did_not_run    no base record for ANY game on 2026-08-02 at T-24h
  2026-08-02 GSV v TOR T-8h    missing_job_did_not_run    no base record for ANY game on 2026-08-02 at T-8h
  2026-08-02 GSV v TOR T-90m   missing_job_did_not_run    no base record for ANY game on 2026-08-02 at T-90m
  2026-08-02 GSV v TOR T-30m   missing_job_did_not_run    no base record for ANY game on 2026-08-02 at T-30m
  2026-08-02 MIN v IND T-24h   missing_job_did_not_run    no base record for ANY game on 2026-08-02 at T-24h
  2026-08-02 MIN v IND T-8h    missing_job_did_not_run    no base record for ANY game on 2026-08-02 at T-8h
  2026-08-02 MIN v IND T-90m   missing_job_did_not_run    no base record for ANY game on 2026-08-02 at T-90m
  2026-08-02 MIN v IND T-30m   missing_job_did_not_run    no base record for ANY game on 2026-08-02 at T-30m
  2026-08-02 PDX v LAS T-24h   missing_job_did_not_run    no base record for ANY game on 2026-08-02 at T-24h
  2026-08-02 PDX v LAS T-8h    missing_job_did_not_run    no base record for ANY game on 2026-08-02 at T-8h
  2026-08-02 PDX v LAS T-90m   missing_job_did_not_run    no base record for ANY game on 2026-08-02 at T-90m
  2026-08-02 PDX v LAS T-30m   missing_job_did_not_run    no base record for ANY game on 2026-08-02 at T-30m
  2026-08-03 NYL v SEA T-24h   missing_job_did_not_run    no base record for ANY game on 2026-08-03 at T-24h
  2026-08-03 NYL v SEA T-30m   late_record                created 2026-08-03T22:45:08.958486+00:00 after cutoff
  2026-08-03 ATL v LVA T-24h   missing_job_did_not_run    no base record for ANY game on 2026-08-03 at T-24h
  2026-08-03 ATL v LVA T-30m   late_record                created 2026-08-03T22:45:08.976775+00:00 after cutoff
  2026-08-03 CHI v PHX T-24h   missing_job_did_not_run    no base record for ANY game on 2026-08-03 at T-24h
  2026-08-03 CHI v PHX T-30m   missing_data_unavailable   job served 2 other game(s) on 2026-08-03 at T-30m
  2026-08-04 GSV v TOR T-24h   missing_job_did_not_run    no base record for ANY game on 2026-08-04 at T-24h
  2026-08-05 WAS v DAL T-24h   missing_job_did_not_run    no base record for ANY game on 2026-08-05 at T-24h
  2026-08-05 NYL v SEA T-24h   missing_job_did_not_run    no base record for ANY game on 2026-08-05 at T-24h
  2026-08-05 NYL v SEA T-30m   late_record                created 2026-08-05T22:45:07.299457+00:00 after cutoff
  2026-08-05 ATL v PHX T-24h   missing_job_did_not_run    no base record for ANY game on 2026-08-05 at T-24h
  2026-08-05 ATL v PHX T-30m   late_record                created 2026-08-05T22:45:07.274521+00:00 after cutoff
  2026-08-05 CHI v LAS T-24h   missing_job_did_not_run    no base record for ANY game on 2026-08-05 at T-24h
  2026-08-05 CHI v LAS T-30m   missing_data_unavailable   job served 3 other game(s) on 2026-08-05 at T-30m
  2026-08-06 IND v LVA T-24h   missing_job_did_not_run    no base record for ANY game on 2026-08-06 at T-24h
  2026-08-06 IND v LVA T-30m   late_record                created 2026-08-06T22:45:09.382682+00:00 after cutoff
  2026-08-06 PDX v TOR T-24h   missing_job_did_not_run    no base record for ANY game on 2026-08-06 at T-24h
  2026-08-06 MIN v LAS T-24h   missing_job_did_not_run    no base record for ANY game on 2026-08-06 at T-24h
  2026-08-06 MIN v LAS T-30m   missing_data_unavailable   job served 2 other game(s) on 2026-08-06 at T-30m
  2026-08-07 WAS v ATL T-24h   missing_job_did_not_run    no base record for ANY game on 2026-08-07 at T-24h
  2026-08-07 CON v PHX T-24h   missing_job_did_not_run    no base record for ANY game on 2026-08-07 at T-24h
  2026-08-07 DAL v GSV T-24h   missing_job_did_not_run    no base record for ANY game on 2026-08-07 at T-24h
  2026-08-08 CHI v IND T-24h   missing_job_did_not_run    no base record for ANY game on 2026-08-08 at T-24h
  2026-08-08 CHI v IND T-90m   missing_data_unavailable   job served 2 other game(s) on 2026-08-08 at T-90m
  2026-08-08 CHI v IND T-30m   missing_data_unavailable   job served 1 other game(s) on 2026-08-08 at T-30m
  2026-08-08 MIN v LVA T-24h   missing_job_did_not_run    no base record for ANY game on 2026-08-08 at T-24h
  2026-08-08 MIN v LVA T-30m   missing_data_unavailable   job served 1 other game(s) on 2026-08-08 at T-30m
  2026-08-08 PDX v SEA T-24h   missing_job_did_not_run    no base record for ANY game on 2026-08-08 at T-24h
  2026-08-09 WAS v PHX T-24h   missing_job_did_not_run    no base record for ANY game on 2026-08-09 at T-24h
  2026-08-09 WAS v PHX T-8h    missing_job_did_not_run    no base record for ANY game on 2026-08-09 at T-8h
  2026-08-09 WAS v PHX T-90m   missing_job_did_not_run    no base record for ANY game on 2026-08-09 at T-90m
  2026-08-09 WAS v PHX T-30m   missing_job_did_not_run    no base record for ANY game on 2026-08-09 at T-30m
  2026-08-09 LAS v GSV T-24h   missing_job_did_not_run    no base record for ANY game on 2026-08-09 at T-24h
  2026-08-09 LAS v GSV T-8h    missing_job_did_not_run    no base record for ANY game on 2026-08-09 at T-8h
  2026-08-09 LAS v GSV T-90m   missing_job_did_not_run    no base record for ANY game on 2026-08-09 at T-90m
  2026-08-09 LAS v GSV T-30m   missing_job_did_not_run    no base record for ANY game on 2026-08-09 at T-30m
  2026-08-09 NYL v LVA T-24h   missing_job_did_not_run    no base record for ANY game on 2026-08-09 at T-24h
  2026-08-09 NYL v LVA T-8h    missing_job_did_not_run    no base record for ANY game on 2026-08-09 at T-8h
  2026-08-09 NYL v LVA T-90m   missing_job_did_not_run    no base record for ANY game on 2026-08-09 at T-90m
  2026-08-09 NYL v LVA T-30m   missing_job_did_not_run    no base record for ANY game on 2026-08-09 at T-30m
  2026-08-09 MIN v DAL T-24h   missing_job_did_not_run    no base record for ANY game on 2026-08-09 at T-24h
  2026-08-09 MIN v DAL T-8h    missing_job_did_not_run    no base record for ANY game on 2026-08-09 at T-8h
  2026-08-09 MIN v DAL T-90m   missing_job_did_not_run    no base record for ANY game on 2026-08-09 at T-90m
  2026-08-09 MIN v DAL T-30m   missing_job_did_not_run    no base record for ANY game on 2026-08-09 at T-30m
  2026-08-15 WAS v LAS T-24h   missing_job_did_not_run    no base record for ANY game on 2026-08-15 at T-24h
  2026-08-15 WAS v LAS T-8h    missing_job_did_not_run    no base record for ANY game on 2026-08-15 at T-8h
  2026-08-15 LVA v MIN T-24h   missing_job_did_not_run    no base record for ANY game on 2026-08-15 at T-24h
  2026-08-15 LVA v MIN T-8h    missing_job_did_not_run    no base record for ANY game on 2026-08-15 at T-8h
  2026-08-16 ATL v IND T-24h   missing_job_did_not_run    no base record for ANY game on 2026-08-16 at T-24h
  2026-08-16 SEA v CHI T-24h   missing_job_did_not_run    no base record for ANY game on 2026-08-16 at T-24h
  2026-08-16 PHX v PDX T-24h   missing_job_did_not_run    no base record for ANY game on 2026-08-16 at T-24h

wrote forecasts/coverage_audit.csv and forecasts/coverage_receipt.json
[audit] exit=0 
==== Sat 08/15/2026 23:15:02.70 ==== 
[gate] 2026-08-16T03:15:03.375744+00:00  fire=False  -- no unserved obligation inside its 20-minute lead window (4 upcoming game(s) examined); 4 slate game(s) have no official game_id and were served under a provisional id: ATL v IND (2026-08-16) -> PROV-2026-08-16-IND@ATL, SEA v CHI (2026-08-16) -> PROV-2026-08-16-CHI@SEA, PHX v PDX (2026-08-16) -> PROV-2026-08-16-PDX@PHX, GSV v DAL (2026-08-17) -> PROV-2026-08-17-DAL@GSV
       ATL v IND      T-24h   unserved cutoff 2026-08-15T21:00:00 (-375 min) 
       SEA v CHI      T-24h   unserved cutoff 2026-08-15T21:00:00 (-375 min) 
       PHX v PDX      T-24h   unserved cutoff 2026-08-15T23:00:00 (-255 min) 
       GSV v DAL      T-24h   unserved cutoff 2026-08-17T02:00:00 (+1365 min) 
[gate] skipping the base job
[base] skipped - no unserved obligation in its lead window 
[base] exit=0 
================================================================================================
PROSPECTIVE PAIR RUNNER  2026-08-16T03:15:04.318907+00:00  model=ridge_score_level_w2c1_v1 hash=5d295bb8b99cd34e
================================================================================================
base records in official chain: 70
  late_prevented #0 ATL v SEA @ T-8h                cutoff 2026-07-31T15:35:00+00:00 already passed at 2026-08-1
  late_prevented #1 WAS v DAL @ T-8h                cutoff 2026-07-31T15:35:00+00:00 already passed at 2026-08-1
  late_prevented #2 PDX v IND @ T-8h                cutoff 2026-07-31T18:06:00+00:00 already passed at 2026-08-1
  late_prevented #3 ATL v SEA @ T-30m               cutoff 2026-07-31T23:05:00+00:00 already passed at 2026-08-1
  late_prevented #4 WAS v DAL @ T-30m               cutoff 2026-07-31T23:05:00+00:00 already passed at 2026-08-1
  late_prevented #5 PDX v IND @ T-90m               cutoff 2026-08-01T00:36:00+00:00 already passed at 2026-08-1
  late_prevented #6 CHI v LVA @ T-90m               cutoff 2026-08-01T15:35:00+00:00 already passed at 2026-08-1
  late_prevented #7 PHX v NYL @ T-90m               cutoff 2026-08-01T17:34:00+00:00 already passed at 2026-08-1
  skip           #8 CHI v LVA @ unknown-tip         base record is an explicit no-forecast; nothing to pair
  skip           #9 PHX v NYL @ unknown-tip         base record is an explicit no-forecast; nothing to pair
  late_prevented #10 NYL v SEA @ T-8h               cutoff 2026-08-03T15:04:00+00:00 already passed at 2026-08-1
  late_prevented #11 ATL v LVA @ T-8h               cutoff 2026-08-03T15:14:00+00:00 already passed at 2026-08-1
  late_prevented #12 CHI v PHX @ T-8h               cutoff 2026-08-03T17:08:00+00:00 already passed at 2026-08-1
  already_logged #13 NYL v SEA @ T-90m              idempotent: pair exists
  already_logged #14 ATL v LVA @ T-90m              idempotent: pair exists
  already_logged #15 CHI v PHX @ T-90m              idempotent: pair exists
  already_logged #16 NYL v SEA @ T-90m              idempotent: pair exists
  already_logged #17 ATL v LVA @ T-90m              idempotent: pair exists
  already_logged #18 CHI v PHX @ T-90m              idempotent: pair exists
  late_prevented #19 NYL v SEA @ T-30m              cutoff 2026-08-03T22:34:00+00:00 already passed at 2026-08-1
  late_prevented #20 ATL v LVA @ T-30m              cutoff 2026-08-03T22:44:00+00:00 already passed at 2026-08-1
  already_logged #21 CHI v PHX @ T-90m              idempotent: pair exists
  already_logged #22 GSV v TOR @ T-8h               idempotent: pair exists
  already_logged #23 GSV v TOR @ T-90m              idempotent: pair exists
  already_logged #24 GSV v TOR @ T-30m              idempotent: pair exists
  already_logged #25 ATL v PHX @ T-8h               idempotent: pair exists
  already_logged #26 NYL v SEA @ T-8h               idempotent: pair exists
  already_logged #27 WAS v DAL @ T-8h               idempotent: pair exists
  already_logged #28 CHI v LAS @ T-8h               idempotent: pair exists
  already_logged #29 ATL v PHX @ T-90m              idempotent: pair exists
  already_logged #30 NYL v SEA @ T-90m              idempotent: pair exists
  already_logged #31 WAS v DAL @ T-90m              idempotent: pair exists
  already_logged #32 CHI v LAS @ T-90m              idempotent: pair exists
  late_prevented #33 ATL v PHX @ T-30m              cutoff 2026-08-05T22:33:00+00:00 already passed at 2026-08-1
  late_prevented #34 NYL v SEA @ T-30m              cutoff 2026-08-05T22:38:00+00:00 already passed at 2026-08-1
  already_logged #35 WAS v DAL @ T-30m              idempotent: pair exists
  already_logged #36 CHI v LAS @ T-90m              idempotent: pair exists
  already_logged #37 IND v LVA @ T-8h               idempotent: pair exists
  already_logged #38 MIN v LAS @ T-8h               idempotent: pair exists
  already_logged #39 PDX v TOR @ T-8h               idempotent: pair exists
  already_logged #40 IND v LVA @ T-90m              idempotent: pair exists
  already_logged #41 MIN v LAS @ T-90m              idempotent: pair exists
  already_logged #42 PDX v TOR @ T-90m              idempotent: pair exists
  late_prevented #43 IND v LVA @ T-30m              cutoff 2026-08-06T22:36:00+00:00 already passed at 2026-08-1
  already_logged #44 PDX v TOR @ T-30m              idempotent: pair exists
  already_logged #45 CON v PHX @ T-8h               idempotent: pair exists
  already_logged #46 WAS v ATL @ T-8h               idempotent: pair exists
  already_logged #47 DAL v GSV @ T-8h               idempotent: pair exists
  already_logged #48 CON v PHX @ T-90m              idempotent: pair exists
  already_logged #49 WAS v ATL @ T-90m              idempotent: pair exists
  already_logged #50 DAL v GSV @ T-90m              idempotent: pair exists
  already_logged #51 CON v PHX @ T-30m              idempotent: pair exists
  already_logged #52 WAS v ATL @ T-30m              idempotent: pair exists
  already_logged #53 DAL v GSV @ T-30m              idempotent: pair exists
  already_logged #54 MIN v LVA @ T-8h               idempotent: pair exists
  already_logged #55 CHI v IND @ T-8h               idempotent: pair exists
  already_logged #56 PDX v SEA @ T-8h               idempotent: pair exists
  already_logged #57 MIN v LVA @ T-90m              idempotent: pair exists
  late_prevented #58 CHI v IND @ T-8h               cutoff 2026-08-08T11:35:00+00:00 already passed at 2026-08-1
  already_logged #59 PDX v SEA @ T-8h               idempotent: pair exists
  already_logged #60 PDX v SEA @ T-90m              idempotent: pair exists
  skip           #61 CHI v IND @ unknown-tip        base record is an explicit no-forecast; nothing to pair
  skip           #62 MIN v LVA @ unknown-tip        base record is an explicit no-forecast; nothing to pair
  already_logged #63 PDX v SEA @ T-30m              idempotent: pair exists
  already_logged #64 WAS v LAS @ T-90m              idempotent: pair exists
  already_logged #65 LVA v MIN @ T-90m              idempotent: pair exists
  already_logged #66 WAS v LAS @ T-30m              idempotent: pair exists
  late_prevented #67 LVA v MIN @ T-90m              cutoff 2026-08-15T22:35:00+00:00 already passed at 2026-08-1
  skip           #68 CON v NYL @ unknown-tip        base record is an explicit no-forecast; nothing to pair
  late_prevented #69 LVA v MIN @ T-30m              cutoff 2026-08-15T23:35:00+00:00 already passed at 2026-08-1

  already_logged=46, late_prevented=19, skip=5
  arm chain: ok=True n=41 tip=2d92d878aeb91d29
  receipt appended to prospective_pair_runs.jsonl
[arm] exit=0 
====================================================================================================
FORECAST COVERAGE AUDIT   generated 2026-08-16T03:15:05.440966+00:00
====================================================================================================

CUMULATIVE by classification
  missing_job_did_not_run      62
  forecast_logged              52
  before_period_start          15
  not_yet_due                  13
  missing_data_unavailable     9
  late_record                  5

  obligations 156 | due 128 | served 52 | coverage 40.6%
  operational misses 62 | unexplained 0
  PROMOTION-GRADE: NO   (needs >= 95% served, <= 0 operational misses, all explained)

DAILY
  date         oblig  served     due     excl    opmiss arm_recs
  2026-07-30      12       0       0       12         0        0
  2026-07-31      12       6       9        3         0        0
  2026-08-01       8       2       8        0         6        0
  2026-08-02      16       0      16        0        16        0
  2026-08-03      12       6      12        0         3        3
  2026-08-04       4       3       4        0         1        3
  2026-08-05      16       9      16        0         4        9
  2026-08-06      12       7      12        0         3        7
  2026-08-07      12       9      12        0         3        9
  2026-08-08      12       6      12        0         3        4
  2026-08-09      16       0      16        0        16        0
  2026-08-15       8       4       8        0         4        1
  2026-08-16      12       0       3        9         3        0
  2026-08-17       4       0       0        4         0        0

EVERY MISSING OR IRREGULAR OBLIGATION (each must carry an explanation)
  2026-07-31 ATL v SEA T-90m   missing_data_unavailable   job served 1 other game(s) on 2026-07-31 at T-90m
  2026-07-31 WAS v DAL T-90m   missing_data_unavailable   job served 1 other game(s) on 2026-07-31 at T-90m
  2026-07-31 PDX v IND T-30m   missing_data_unavailable   job served 2 other game(s) on 2026-07-31 at T-30m
  2026-08-01 CHI v LVA T-24h   missing_job_did_not_run    no base record for ANY game on 2026-08-01 at T-24h
  2026-08-01 CHI v LVA T-8h    missing_job_did_not_run    no base record for ANY game on 2026-08-01 at T-8h
  2026-08-01 CHI v LVA T-30m   missing_job_did_not_run    no base record for ANY game on 2026-08-01 at T-30m
  2026-08-01 PHX v NYL T-24h   missing_job_did_not_run    no base record for ANY game on 2026-08-01 at T-24h
  2026-08-01 PHX v NYL T-8h    missing_job_did_not_run    no base record for ANY game on 2026-08-01 at T-8h
  2026-08-01 PHX v NYL T-30m   missing_job_did_not_run    no base record for ANY game on 2026-08-01 at T-30m
  2026-08-02 DAL v CON T-24h   missing_job_did_not_run    no base record for ANY game on 2026-08-02 at T-24h
  2026-08-02 DAL v CON T-8h    missing_job_did_not_run    no base record for ANY game on 2026-08-02 at T-8h
  2026-08-02 DAL v CON T-90m   missing_job_did_not_run    no base record for ANY game on 2026-08-02 at T-90m
  2026-08-02 DAL v CON T-30m   missing_job_did_not_run    no base record for ANY game on 2026-08-02 at T-30m
  2026-08-02 GSV v TOR T-24h   missing_job_did_not_run    no base record for ANY game on 2026-08-02 at T-24h
  2026-08-02 GSV v TOR T-8h    missing_job_did_not_run    no base record for ANY game on 2026-08-02 at T-8h
  2026-08-02 GSV v TOR T-90m   missing_job_did_not_run    no base record for ANY game on 2026-08-02 at T-90m
  2026-08-02 GSV v TOR T-30m   missing_job_did_not_run    no base record for ANY game on 2026-08-02 at T-30m
  2026-08-02 MIN v IND T-24h   missing_job_did_not_run    no base record for ANY game on 2026-08-02 at T-24h
  2026-08-02 MIN v IND T-8h    missing_job_did_not_run    no base record for ANY game on 2026-08-02 at T-8h
  2026-08-02 MIN v IND T-90m   missing_job_did_not_run    no base record for ANY game on 2026-08-02 at T-90m
  2026-08-02 MIN v IND T-30m   missing_job_did_not_run    no base record for ANY game on 2026-08-02 at T-30m
  2026-08-02 PDX v LAS T-24h   missing_job_did_not_run    no base record for ANY game on 2026-08-02 at T-24h
  2026-08-02 PDX v LAS T-8h    missing_job_did_not_run    no base record for ANY game on 2026-08-02 at T-8h
  2026-08-02 PDX v LAS T-90m   missing_job_did_not_run    no base record for ANY game on 2026-08-02 at T-90m
  2026-08-02 PDX v LAS T-30m   missing_job_did_not_run    no base record for ANY game on 2026-08-02 at T-30m
  2026-08-03 NYL v SEA T-24h   missing_job_did_not_run    no base record for ANY game on 2026-08-03 at T-24h
  2026-08-03 NYL v SEA T-30m   late_record                created 2026-08-03T22:45:08.958486+00:00 after cutoff
  2026-08-03 ATL v LVA T-24h   missing_job_did_not_run    no base record for ANY game on 2026-08-03 at T-24h
  2026-08-03 ATL v LVA T-30m   late_record                created 2026-08-03T22:45:08.976775+00:00 after cutoff
  2026-08-03 CHI v PHX T-24h   missing_job_did_not_run    no base record for ANY game on 2026-08-03 at T-24h
  2026-08-03 CHI v PHX T-30m   missing_data_unavailable   job served 2 other game(s) on 2026-08-03 at T-30m
  2026-08-04 GSV v TOR T-24h   missing_job_did_not_run    no base record for ANY game on 2026-08-04 at T-24h
  2026-08-05 WAS v DAL T-24h   missing_job_did_not_run    no base record for ANY game on 2026-08-05 at T-24h
  2026-08-05 NYL v SEA T-24h   missing_job_did_not_run    no base record for ANY game on 2026-08-05 at T-24h
  2026-08-05 NYL v SEA T-30m   late_record                created 2026-08-05T22:45:07.299457+00:00 after cutoff
  2026-08-05 ATL v PHX T-24h   missing_job_did_not_run    no base record for ANY game on 2026-08-05 at T-24h
  2026-08-05 ATL v PHX T-30m   late_record                created 2026-08-05T22:45:07.274521+00:00 after cutoff
  2026-08-05 CHI v LAS T-24h   missing_job_did_not_run    no base record for ANY game on 2026-08-05 at T-24h
  2026-08-05 CHI v LAS T-30m   missing_data_unavailable   job served 3 other game(s) on 2026-08-05 at T-30m
  2026-08-06 IND v LVA T-24h   missing_job_did_not_run    no base record for ANY game on 2026-08-06 at T-24h
  2026-08-06 IND v LVA T-30m   late_record                created 2026-08-06T22:45:09.382682+00:00 after cutoff
  2026-08-06 PDX v TOR T-24h   missing_job_did_not_run    no base record for ANY game on 2026-08-06 at T-24h
  2026-08-06 MIN v LAS T-24h   missing_job_did_not_run    no base record for ANY game on 2026-08-06 at T-24h
  2026-08-06 MIN v LAS T-30m   missing_data_unavailable   job served 2 other game(s) on 2026-08-06 at T-30m
  2026-08-07 WAS v ATL T-24h   missing_job_did_not_run    no base record for ANY game on 2026-08-07 at T-24h
  2026-08-07 CON v PHX T-24h   missing_job_did_not_run    no base record for ANY game on 2026-08-07 at T-24h
  2026-08-07 DAL v GSV T-24h   missing_job_did_not_run    no base record for ANY game on 2026-08-07 at T-24h
  2026-08-08 CHI v IND T-24h   missing_job_did_not_run    no base record for ANY game on 2026-08-08 at T-24h
  2026-08-08 CHI v IND T-90m   missing_data_unavailable   job served 2 other game(s) on 2026-08-08 at T-90m
  2026-08-08 CHI v IND T-30m   missing_data_unavailable   job served 1 other game(s) on 2026-08-08 at T-30m
  2026-08-08 MIN v LVA T-24h   missing_job_did_not_run    no base record for ANY game on 2026-08-08 at T-24h
  2026-08-08 MIN v LVA T-30m   missing_data_unavailable   job served 1 other game(s) on 2026-08-08 at T-30m
  2026-08-08 PDX v SEA T-24h   missing_job_did_not_run    no base record for ANY game on 2026-08-08 at T-24h
  2026-08-09 WAS v PHX T-24h   missing_job_did_not_run    no base record for ANY game on 2026-08-09 at T-24h
  2026-08-09 WAS v PHX T-8h    missing_job_did_not_run    no base record for ANY game on 2026-08-09 at T-8h
  2026-08-09 WAS v PHX T-90m   missing_job_did_not_run    no base record for ANY game on 2026-08-09 at T-90m
  2026-08-09 WAS v PHX T-30m   missing_job_did_not_run    no base record for ANY game on 2026-08-09 at T-30m
  2026-08-09 LAS v GSV T-24h   missing_job_did_not_run    no base record for ANY game on 2026-08-09 at T-24h
  2026-08-09 LAS v GSV T-8h    missing_job_did_not_run    no base record for ANY game on 2026-08-09 at T-8h
  2026-08-09 LAS v GSV T-90m   missing_job_did_not_run    no base record for ANY game on 2026-08-09 at T-90m
  2026-08-09 LAS v GSV T-30m   missing_job_did_not_run    no base record for ANY game on 2026-08-09 at T-30m
  2026-08-09 NYL v LVA T-24h   missing_job_did_not_run    no base record for ANY game on 2026-08-09 at T-24h
  2026-08-09 NYL v LVA T-8h    missing_job_did_not_run    no base record for ANY game on 2026-08-09 at T-8h
  2026-08-09 NYL v LVA T-90m   missing_job_did_not_run    no base record for ANY game on 2026-08-09 at T-90m
  2026-08-09 NYL v LVA T-30m   missing_job_did_not_run    no base record for ANY game on 2026-08-09 at T-30m
  2026-08-09 MIN v DAL T-24h   missing_job_did_not_run    no base record for ANY game on 2026-08-09 at T-24h
  2026-08-09 MIN v DAL T-8h    missing_job_did_not_run    no base record for ANY game on 2026-08-09 at T-8h
  2026-08-09 MIN v DAL T-90m   missing_job_did_not_run    no base record for ANY game on 2026-08-09 at T-90m
  2026-08-09 MIN v DAL T-30m   missing_job_did_not_run    no base record for ANY game on 2026-08-09 at T-30m
  2026-08-15 WAS v LAS T-24h   missing_job_did_not_run    no base record for ANY game on 2026-08-15 at T-24h
  2026-08-15 WAS v LAS T-8h    missing_job_did_not_run    no base record for ANY game on 2026-08-15 at T-8h
  2026-08-15 LVA v MIN T-24h   missing_job_did_not_run    no base record for ANY game on 2026-08-15 at T-24h
  2026-08-15 LVA v MIN T-8h    missing_job_did_not_run    no base record for ANY game on 2026-08-15 at T-8h
  2026-08-16 ATL v IND T-24h   missing_job_did_not_run    no base record for ANY game on 2026-08-16 at T-24h
  2026-08-16 SEA v CHI T-24h   missing_job_did_not_run    no base record for ANY game on 2026-08-16 at T-24h
  2026-08-16 PHX v PDX T-24h   missing_job_did_not_run    no base record for ANY game on 2026-08-16 at T-24h

wrote forecasts/coverage_audit.csv and forecasts/coverage_receipt.json
[audit] exit=0 
==== Sat 08/15/2026 23:30:02.87 ==== 
[gate] 2026-08-16T03:30:03.551968+00:00  fire=False  -- no unserved obligation inside its 20-minute lead window (4 upcoming game(s) examined); 4 slate game(s) have no official game_id and were served under a provisional id: ATL v IND (2026-08-16) -> PROV-2026-08-16-IND@ATL, SEA v CHI (2026-08-16) -> PROV-2026-08-16-CHI@SEA, PHX v PDX (2026-08-16) -> PROV-2026-08-16-PDX@PHX, GSV v DAL (2026-08-17) -> PROV-2026-08-17-DAL@GSV
       ATL v IND      T-24h   unserved cutoff 2026-08-15T21:00:00 (-390 min) 
       SEA v CHI      T-24h   unserved cutoff 2026-08-15T21:00:00 (-390 min) 
       PHX v PDX      T-24h   unserved cutoff 2026-08-15T23:00:00 (-270 min) 
       GSV v DAL      T-24h   unserved cutoff 2026-08-17T02:00:00 (+1350 min) 
[gate] skipping the base job
[base] skipped - no unserved obligation in its lead window 
[base] exit=0 
================================================================================================
PROSPECTIVE PAIR RUNNER  2026-08-16T03:30:04.503198+00:00  model=ridge_score_level_w2c1_v1 hash=5d295bb8b99cd34e
================================================================================================
base records in official chain: 70
  late_prevented #0 ATL v SEA @ T-8h                cutoff 2026-07-31T15:35:00+00:00 already passed at 2026-08-1
  late_prevented #1 WAS v DAL @ T-8h                cutoff 2026-07-31T15:35:00+00:00 already passed at 2026-08-1
  late_prevented #2 PDX v IND @ T-8h                cutoff 2026-07-31T18:06:00+00:00 already passed at 2026-08-1
  late_prevented #3 ATL v SEA @ T-30m               cutoff 2026-07-31T23:05:00+00:00 already passed at 2026-08-1
  late_prevented #4 WAS v DAL @ T-30m               cutoff 2026-07-31T23:05:00+00:00 already passed at 2026-08-1
  late_prevented #5 PDX v IND @ T-90m               cutoff 2026-08-01T00:36:00+00:00 already passed at 2026-08-1
  late_prevented #6 CHI v LVA @ T-90m               cutoff 2026-08-01T15:35:00+00:00 already passed at 2026-08-1
  late_prevented #7 PHX v NYL @ T-90m               cutoff 2026-08-01T17:34:00+00:00 already passed at 2026-08-1
  skip           #8 CHI v LVA @ unknown-tip         base record is an explicit no-forecast; nothing to pair
  skip           #9 PHX v NYL @ unknown-tip         base record is an explicit no-forecast; nothing to pair
  late_prevented #10 NYL v SEA @ T-8h               cutoff 2026-08-03T15:04:00+00:00 already passed at 2026-08-1
  late_prevented #11 ATL v LVA @ T-8h               cutoff 2026-08-03T15:14:00+00:00 already passed at 2026-08-1
  late_prevented #12 CHI v PHX @ T-8h               cutoff 2026-08-03T17:08:00+00:00 already passed at 2026-08-1
  already_logged #13 NYL v SEA @ T-90m              idempotent: pair exists
  already_logged #14 ATL v LVA @ T-90m              idempotent: pair exists
  already_logged #15 CHI v PHX @ T-90m              idempotent: pair exists
  already_logged #16 NYL v SEA @ T-90m              idempotent: pair exists
  already_logged #17 ATL v LVA @ T-90m              idempotent: pair exists
  already_logged #18 CHI v PHX @ T-90m              idempotent: pair exists
  late_prevented #19 NYL v SEA @ T-30m              cutoff 2026-08-03T22:34:00+00:00 already passed at 2026-08-1
  late_prevented #20 ATL v LVA @ T-30m              cutoff 2026-08-03T22:44:00+00:00 already passed at 2026-08-1
  already_logged #21 CHI v PHX @ T-90m              idempotent: pair exists
  already_logged #22 GSV v TOR @ T-8h               idempotent: pair exists
  already_logged #23 GSV v TOR @ T-90m              idempotent: pair exists
  already_logged #24 GSV v TOR @ T-30m              idempotent: pair exists
  already_logged #25 ATL v PHX @ T-8h               idempotent: pair exists
  already_logged #26 NYL v SEA @ T-8h               idempotent: pair exists
  already_logged #27 WAS v DAL @ T-8h               idempotent: pair exists
  already_logged #28 CHI v LAS @ T-8h               idempotent: pair exists
  already_logged #29 ATL v PHX @ T-90m              idempotent: pair exists
  already_logged #30 NYL v SEA @ T-90m              idempotent: pair exists
  already_logged #31 WAS v DAL @ T-90m              idempotent: pair exists
  already_logged #32 CHI v LAS @ T-90m              idempotent: pair exists
  late_prevented #33 ATL v PHX @ T-30m              cutoff 2026-08-05T22:33:00+00:00 already passed at 2026-08-1
  late_prevented #34 NYL v SEA @ T-30m              cutoff 2026-08-05T22:38:00+00:00 already passed at 2026-08-1
  already_logged #35 WAS v DAL @ T-30m              idempotent: pair exists
  already_logged #36 CHI v LAS @ T-90m              idempotent: pair exists
  already_logged #37 IND v LVA @ T-8h               idempotent: pair exists
  already_logged #38 MIN v LAS @ T-8h               idempotent: pair exists
  already_logged #39 PDX v TOR @ T-8h               idempotent: pair exists
  already_logged #40 IND v LVA @ T-90m              idempotent: pair exists
  already_logged #41 MIN v LAS @ T-90m              idempotent: pair exists
  already_logged #42 PDX v TOR @ T-90m              idempotent: pair exists
  late_prevented #43 IND v LVA @ T-30m              cutoff 2026-08-06T22:36:00+00:00 already passed at 2026-08-1
  already_logged #44 PDX v TOR @ T-30m              idempotent: pair exists
  already_logged #45 CON v PHX @ T-8h               idempotent: pair exists
  already_logged #46 WAS v ATL @ T-8h               idempotent: pair exists
  already_logged #47 DAL v GSV @ T-8h               idempotent: pair exists
  already_logged #48 CON v PHX @ T-90m              idempotent: pair exists
  already_logged #49 WAS v ATL @ T-90m              idempotent: pair exists
  already_logged #50 DAL v GSV @ T-90m              idempotent: pair exists
  already_logged #51 CON v PHX @ T-30m              idempotent: pair exists
  already_logged #52 WAS v ATL @ T-30m              idempotent: pair exists
  already_logged #53 DAL v GSV @ T-30m              idempotent: pair exists
  already_logged #54 MIN v LVA @ T-8h               idempotent: pair exists
  already_logged #55 CHI v IND @ T-8h               idempotent: pair exists
  already_logged #56 PDX v SEA @ T-8h               idempotent: pair exists
  already_logged #57 MIN v LVA @ T-90m              idempotent: pair exists
  late_prevented #58 CHI v IND @ T-8h               cutoff 2026-08-08T11:35:00+00:00 already passed at 2026-08-1
  already_logged #59 PDX v SEA @ T-8h               idempotent: pair exists
  already_logged #60 PDX v SEA @ T-90m              idempotent: pair exists
  skip           #61 CHI v IND @ unknown-tip        base record is an explicit no-forecast; nothing to pair
  skip           #62 MIN v LVA @ unknown-tip        base record is an explicit no-forecast; nothing to pair
  already_logged #63 PDX v SEA @ T-30m              idempotent: pair exists
  already_logged #64 WAS v LAS @ T-90m              idempotent: pair exists
  already_logged #65 LVA v MIN @ T-90m              idempotent: pair exists
  already_logged #66 WAS v LAS @ T-30m              idempotent: pair exists
  late_prevented #67 LVA v MIN @ T-90m              cutoff 2026-08-15T22:35:00+00:00 already passed at 2026-08-1
  skip           #68 CON v NYL @ unknown-tip        base record is an explicit no-forecast; nothing to pair
  late_prevented #69 LVA v MIN @ T-30m              cutoff 2026-08-15T23:35:00+00:00 already passed at 2026-08-1

  already_logged=46, late_prevented=19, skip=5
  arm chain: ok=True n=41 tip=2d92d878aeb91d29
  receipt appended to prospective_pair_runs.jsonl
[arm] exit=0 
====================================================================================================
FORECAST COVERAGE AUDIT   generated 2026-08-16T03:30:05.628928+00:00
====================================================================================================

CUMULATIVE by classification
  missing_job_did_not_run      62
  forecast_logged              52
  before_period_start          15
  not_yet_due                  13
  missing_data_unavailable     9
  late_record                  5

  obligations 156 | due 128 | served 52 | coverage 40.6%
  operational misses 62 | unexplained 0
  PROMOTION-GRADE: NO   (needs >= 95% served, <= 0 operational misses, all explained)

DAILY
  date         oblig  served     due     excl    opmiss arm_recs
  2026-07-30      12       0       0       12         0        0
  2026-07-31      12       6       9        3         0        0
  2026-08-01       8       2       8        0         6        0
  2026-08-02      16       0      16        0        16        0
  2026-08-03      12       6      12        0         3        3
  2026-08-04       4       3       4        0         1        3
  2026-08-05      16       9      16        0         4        9
  2026-08-06      12       7      12        0         3        7
  2026-08-07      12       9      12        0         3        9
  2026-08-08      12       6      12        0         3        4
  2026-08-09      16       0      16        0        16        0
  2026-08-15       8       4       8        0         4        1
  2026-08-16      12       0       3        9         3        0
  2026-08-17       4       0       0        4         0        0

EVERY MISSING OR IRREGULAR OBLIGATION (each must carry an explanation)
  2026-07-31 ATL v SEA T-90m   missing_data_unavailable   job served 1 other game(s) on 2026-07-31 at T-90m
  2026-07-31 WAS v DAL T-90m   missing_data_unavailable   job served 1 other game(s) on 2026-07-31 at T-90m
  2026-07-31 PDX v IND T-30m   missing_data_unavailable   job served 2 other game(s) on 2026-07-31 at T-30m
  2026-08-01 CHI v LVA T-24h   missing_job_did_not_run    no base record for ANY game on 2026-08-01 at T-24h
  2026-08-01 CHI v LVA T-8h    missing_job_did_not_run    no base record for ANY game on 2026-08-01 at T-8h
  2026-08-01 CHI v LVA T-30m   missing_job_did_not_run    no base record for ANY game on 2026-08-01 at T-30m
  2026-08-01 PHX v NYL T-24h   missing_job_did_not_run    no base record for ANY game on 2026-08-01 at T-24h
  2026-08-01 PHX v NYL T-8h    missing_job_did_not_run    no base record for ANY game on 2026-08-01 at T-8h
  2026-08-01 PHX v NYL T-30m   missing_job_did_not_run    no base record for ANY game on 2026-08-01 at T-30m
  2026-08-02 DAL v CON T-24h   missing_job_did_not_run    no base record for ANY game on 2026-08-02 at T-24h
  2026-08-02 DAL v CON T-8h    missing_job_did_not_run    no base record for ANY game on 2026-08-02 at T-8h
  2026-08-02 DAL v CON T-90m   missing_job_did_not_run    no base record for ANY game on 2026-08-02 at T-90m
  2026-08-02 DAL v CON T-30m   missing_job_did_not_run    no base record for ANY game on 2026-08-02 at T-30m
  2026-08-02 GSV v TOR T-24h   missing_job_did_not_run    no base record for ANY game on 2026-08-02 at T-24h
  2026-08-02 GSV v TOR T-8h    missing_job_did_not_run    no base record for ANY game on 2026-08-02 at T-8h
  2026-08-02 GSV v TOR T-90m   missing_job_did_not_run    no base record for ANY game on 2026-08-02 at T-90m
  2026-08-02 GSV v TOR T-30m   missing_job_did_not_run    no base record for ANY game on 2026-08-02 at T-30m
  2026-08-02 MIN v IND T-24h   missing_job_did_not_run    no base record for ANY game on 2026-08-02 at T-24h
  2026-08-02 MIN v IND T-8h    missing_job_did_not_run    no base record for ANY game on 2026-08-02 at T-8h
  2026-08-02 MIN v IND T-90m   missing_job_did_not_run    no base record for ANY game on 2026-08-02 at T-90m
  2026-08-02 MIN v IND T-30m   missing_job_did_not_run    no base record for ANY game on 2026-08-02 at T-30m
  2026-08-02 PDX v LAS T-24h   missing_job_did_not_run    no base record for ANY game on 2026-08-02 at T-24h
  2026-08-02 PDX v LAS T-8h    missing_job_did_not_run    no base record for ANY game on 2026-08-02 at T-8h
  2026-08-02 PDX v LAS T-90m   missing_job_did_not_run    no base record for ANY game on 2026-08-02 at T-90m
  2026-08-02 PDX v LAS T-30m   missing_job_did_not_run    no base record for ANY game on 2026-08-02 at T-30m
  2026-08-03 NYL v SEA T-24h   missing_job_did_not_run    no base record for ANY game on 2026-08-03 at T-24h
  2026-08-03 NYL v SEA T-30m   late_record                created 2026-08-03T22:45:08.958486+00:00 after cutoff
  2026-08-03 ATL v LVA T-24h   missing_job_did_not_run    no base record for ANY game on 2026-08-03 at T-24h
  2026-08-03 ATL v LVA T-30m   late_record                created 2026-08-03T22:45:08.976775+00:00 after cutoff
  2026-08-03 CHI v PHX T-24h   missing_job_did_not_run    no base record for ANY game on 2026-08-03 at T-24h
  2026-08-03 CHI v PHX T-30m   missing_data_unavailable   job served 2 other game(s) on 2026-08-03 at T-30m
  2026-08-04 GSV v TOR T-24h   missing_job_did_not_run    no base record for ANY game on 2026-08-04 at T-24h
  2026-08-05 WAS v DAL T-24h   missing_job_did_not_run    no base record for ANY game on 2026-08-05 at T-24h
  2026-08-05 NYL v SEA T-24h   missing_job_did_not_run    no base record for ANY game on 2026-08-05 at T-24h
  2026-08-05 NYL v SEA T-30m   late_record                created 2026-08-05T22:45:07.299457+00:00 after cutoff
  2026-08-05 ATL v PHX T-24h   missing_job_did_not_run    no base record for ANY game on 2026-08-05 at T-24h
  2026-08-05 ATL v PHX T-30m   late_record                created 2026-08-05T22:45:07.274521+00:00 after cutoff
  2026-08-05 CHI v LAS T-24h   missing_job_did_not_run    no base record for ANY game on 2026-08-05 at T-24h
  2026-08-05 CHI v LAS T-30m   missing_data_unavailable   job served 3 other game(s) on 2026-08-05 at T-30m
  2026-08-06 IND v LVA T-24h   missing_job_did_not_run    no base record for ANY game on 2026-08-06 at T-24h
  2026-08-06 IND v LVA T-30m   late_record                created 2026-08-06T22:45:09.382682+00:00 after cutoff
  2026-08-06 PDX v TOR T-24h   missing_job_did_not_run    no base record for ANY game on 2026-08-06 at T-24h
  2026-08-06 MIN v LAS T-24h   missing_job_did_not_run    no base record for ANY game on 2026-08-06 at T-24h
  2026-08-06 MIN v LAS T-30m   missing_data_unavailable   job served 2 other game(s) on 2026-08-06 at T-30m
  2026-08-07 WAS v ATL T-24h   missing_job_did_not_run    no base record for ANY game on 2026-08-07 at T-24h
  2026-08-07 CON v PHX T-24h   missing_job_did_not_run    no base record for ANY game on 2026-08-07 at T-24h
  2026-08-07 DAL v GSV T-24h   missing_job_did_not_run    no base record for ANY game on 2026-08-07 at T-24h
  2026-08-08 CHI v IND T-24h   missing_job_did_not_run    no base record for ANY game on 2026-08-08 at T-24h
  2026-08-08 CHI v IND T-90m   missing_data_unavailable   job served 2 other game(s) on 2026-08-08 at T-90m
  2026-08-08 CHI v IND T-30m   missing_data_unavailable   job served 1 other game(s) on 2026-08-08 at T-30m
  2026-08-08 MIN v LVA T-24h   missing_job_did_not_run    no base record for ANY game on 2026-08-08 at T-24h
  2026-08-08 MIN v LVA T-30m   missing_data_unavailable   job served 1 other game(s) on 2026-08-08 at T-30m
  2026-08-08 PDX v SEA T-24h   missing_job_did_not_run    no base record for ANY game on 2026-08-08 at T-24h
  2026-08-09 WAS v PHX T-24h   missing_job_did_not_run    no base record for ANY game on 2026-08-09 at T-24h
  2026-08-09 WAS v PHX T-8h    missing_job_did_not_run    no base record for ANY game on 2026-08-09 at T-8h
  2026-08-09 WAS v PHX T-90m   missing_job_did_not_run    no base record for ANY game on 2026-08-09 at T-90m
  2026-08-09 WAS v PHX T-30m   missing_job_did_not_run    no base record for ANY game on 2026-08-09 at T-30m
  2026-08-09 LAS v GSV T-24h   missing_job_did_not_run    no base record for ANY game on 2026-08-09 at T-24h
  2026-08-09 LAS v GSV T-8h    missing_job_did_not_run    no base record for ANY game on 2026-08-09 at T-8h
  2026-08-09 LAS v GSV T-90m   missing_job_did_not_run    no base record for ANY game on 2026-08-09 at T-90m
  2026-08-09 LAS v GSV T-30m   missing_job_did_not_run    no base record for ANY game on 2026-08-09 at T-30m
  2026-08-09 NYL v LVA T-24h   missing_job_did_not_run    no base record for ANY game on 2026-08-09 at T-24h
  2026-08-09 NYL v LVA T-8h    missing_job_did_not_run    no base record for ANY game on 2026-08-09 at T-8h
  2026-08-09 NYL v LVA T-90m   missing_job_did_not_run    no base record for ANY game on 2026-08-09 at T-90m
  2026-08-09 NYL v LVA T-30m   missing_job_did_not_run    no base record for ANY game on 2026-08-09 at T-30m
  2026-08-09 MIN v DAL T-24h   missing_job_did_not_run    no base record for ANY game on 2026-08-09 at T-24h
  2026-08-09 MIN v DAL T-8h    missing_job_did_not_run    no base record for ANY game on 2026-08-09 at T-8h
  2026-08-09 MIN v DAL T-90m   missing_job_did_not_run    no base record for ANY game on 2026-08-09 at T-90m
  2026-08-09 MIN v DAL T-30m   missing_job_did_not_run    no base record for ANY game on 2026-08-09 at T-30m
  2026-08-15 WAS v LAS T-24h   missing_job_did_not_run    no base record for ANY game on 2026-08-15 at T-24h
  2026-08-15 WAS v LAS T-8h    missing_job_did_not_run    no base record for ANY game on 2026-08-15 at T-8h
  2026-08-15 LVA v MIN T-24h   missing_job_did_not_run    no base record for ANY game on 2026-08-15 at T-24h
  2026-08-15 LVA v MIN T-8h    missing_job_did_not_run    no base record for ANY game on 2026-08-15 at T-8h
  2026-08-16 ATL v IND T-24h   missing_job_did_not_run    no base record for ANY game on 2026-08-16 at T-24h
  2026-08-16 SEA v CHI T-24h   missing_job_did_not_run    no base record for ANY game on 2026-08-16 at T-24h
  2026-08-16 PHX v PDX T-24h   missing_job_did_not_run    no base record for ANY game on 2026-08-16 at T-24h

wrote forecasts/coverage_audit.csv and forecasts/coverage_receipt.json
[audit] exit=0 
==== Sat 08/15/2026 23:45:02.71 ==== 
[gate] 2026-08-16T03:45:03.376468+00:00  fire=False  -- no unserved obligation inside its 20-minute lead window (4 upcoming game(s) examined); 4 slate game(s) have no official game_id and were served under a provisional id: ATL v IND (2026-08-16) -> PROV-2026-08-16-IND@ATL, SEA v CHI (2026-08-16) -> PROV-2026-08-16-CHI@SEA, PHX v PDX (2026-08-16) -> PROV-2026-08-16-PDX@PHX, GSV v DAL (2026-08-17) -> PROV-2026-08-17-DAL@GSV
       ATL v IND      T-24h   unserved cutoff 2026-08-15T21:00:00 (-405 min) 
       SEA v CHI      T-24h   unserved cutoff 2026-08-15T21:00:00 (-405 min) 
       PHX v PDX      T-24h   unserved cutoff 2026-08-15T23:00:00 (-285 min) 
       GSV v DAL      T-24h   unserved cutoff 2026-08-17T02:00:00 (+1335 min) 
[gate] skipping the base job
[base] skipped - no unserved obligation in its lead window 
[base] exit=0 
================================================================================================
PROSPECTIVE PAIR RUNNER  2026-08-16T03:45:04.319486+00:00  model=ridge_score_level_w2c1_v1 hash=5d295bb8b99cd34e
================================================================================================
base records in official chain: 70
  late_prevented #0 ATL v SEA @ T-8h                cutoff 2026-07-31T15:35:00+00:00 already passed at 2026-08-1
  late_prevented #1 WAS v DAL @ T-8h                cutoff 2026-07-31T15:35:00+00:00 already passed at 2026-08-1
  late_prevented #2 PDX v IND @ T-8h                cutoff 2026-07-31T18:06:00+00:00 already passed at 2026-08-1
  late_prevented #3 ATL v SEA @ T-30m               cutoff 2026-07-31T23:05:00+00:00 already passed at 2026-08-1
  late_prevented #4 WAS v DAL @ T-30m               cutoff 2026-07-31T23:05:00+00:00 already passed at 2026-08-1
  late_prevented #5 PDX v IND @ T-90m               cutoff 2026-08-01T00:36:00+00:00 already passed at 2026-08-1
  late_prevented #6 CHI v LVA @ T-90m               cutoff 2026-08-01T15:35:00+00:00 already passed at 2026-08-1
  late_prevented #7 PHX v NYL @ T-90m               cutoff 2026-08-01T17:34:00+00:00 already passed at 2026-08-1
  skip           #8 CHI v LVA @ unknown-tip         base record is an explicit no-forecast; nothing to pair
  skip           #9 PHX v NYL @ unknown-tip         base record is an explicit no-forecast; nothing to pair
  late_prevented #10 NYL v SEA @ T-8h               cutoff 2026-08-03T15:04:00+00:00 already passed at 2026-08-1
  late_prevented #11 ATL v LVA @ T-8h               cutoff 2026-08-03T15:14:00+00:00 already passed at 2026-08-1
  late_prevented #12 CHI v PHX @ T-8h               cutoff 2026-08-03T17:08:00+00:00 already passed at 2026-08-1
  already_logged #13 NYL v SEA @ T-90m              idempotent: pair exists
  already_logged #14 ATL v LVA @ T-90m              idempotent: pair exists
  already_logged #15 CHI v PHX @ T-90m              idempotent: pair exists
  already_logged #16 NYL v SEA @ T-90m              idempotent: pair exists
  already_logged #17 ATL v LVA @ T-90m              idempotent: pair exists
  already_logged #18 CHI v PHX @ T-90m              idempotent: pair exists
  late_prevented #19 NYL v SEA @ T-30m              cutoff 2026-08-03T22:34:00+00:00 already passed at 2026-08-1
  late_prevented #20 ATL v LVA @ T-30m              cutoff 2026-08-03T22:44:00+00:00 already passed at 2026-08-1
  already_logged #21 CHI v PHX @ T-90m              idempotent: pair exists
  already_logged #22 GSV v TOR @ T-8h               idempotent: pair exists
  already_logged #23 GSV v TOR @ T-90m              idempotent: pair exists
  already_logged #24 GSV v TOR @ T-30m              idempotent: pair exists
  already_logged #25 ATL v PHX @ T-8h               idempotent: pair exists
  already_logged #26 NYL v SEA @ T-8h               idempotent: pair exists
  already_logged #27 WAS v DAL @ T-8h               idempotent: pair exists
  already_logged #28 CHI v LAS @ T-8h               idempotent: pair exists
  already_logged #29 ATL v PHX @ T-90m              idempotent: pair exists
  already_logged #30 NYL v SEA @ T-90m              idempotent: pair exists
  already_logged #31 WAS v DAL @ T-90m              idempotent: pair exists
  already_logged #32 CHI v LAS @ T-90m              idempotent: pair exists
  late_prevented #33 ATL v PHX @ T-30m              cutoff 2026-08-05T22:33:00+00:00 already passed at 2026-08-1
  late_prevented #34 NYL v SEA @ T-30m              cutoff 2026-08-05T22:38:00+00:00 already passed at 2026-08-1
  already_logged #35 WAS v DAL @ T-30m              idempotent: pair exists
  already_logged #36 CHI v LAS @ T-90m              idempotent: pair exists
  already_logged #37 IND v LVA @ T-8h               idempotent: pair exists
  already_logged #38 MIN v LAS @ T-8h               idempotent: pair exists
  already_logged #39 PDX v TOR @ T-8h               idempotent: pair exists
  already_logged #40 IND v LVA @ T-90m              idempotent: pair exists
  already_logged #41 MIN v LAS @ T-90m              idempotent: pair exists
  already_logged #42 PDX v TOR @ T-90m              idempotent: pair exists
  late_prevented #43 IND v LVA @ T-30m              cutoff 2026-08-06T22:36:00+00:00 already passed at 2026-08-1
  already_logged #44 PDX v TOR @ T-30m              idempotent: pair exists
  already_logged #45 CON v PHX @ T-8h               idempotent: pair exists
  already_logged #46 WAS v ATL @ T-8h               idempotent: pair exists
  already_logged #47 DAL v GSV @ T-8h               idempotent: pair exists
  already_logged #48 CON v PHX @ T-90m              idempotent: pair exists
  already_logged #49 WAS v ATL @ T-90m              idempotent: pair exists
  already_logged #50 DAL v GSV @ T-90m              idempotent: pair exists
  already_logged #51 CON v PHX @ T-30m              idempotent: pair exists
  already_logged #52 WAS v ATL @ T-30m              idempotent: pair exists
  already_logged #53 DAL v GSV @ T-30m              idempotent: pair exists
  already_logged #54 MIN v LVA @ T-8h               idempotent: pair exists
  already_logged #55 CHI v IND @ T-8h               idempotent: pair exists
  already_logged #56 PDX v SEA @ T-8h               idempotent: pair exists
  already_logged #57 MIN v LVA @ T-90m              idempotent: pair exists
  late_prevented #58 CHI v IND @ T-8h               cutoff 2026-08-08T11:35:00+00:00 already passed at 2026-08-1
  already_logged #59 PDX v SEA @ T-8h               idempotent: pair exists
  already_logged #60 PDX v SEA @ T-90m              idempotent: pair exists
  skip           #61 CHI v IND @ unknown-tip        base record is an explicit no-forecast; nothing to pair
  skip           #62 MIN v LVA @ unknown-tip        base record is an explicit no-forecast; nothing to pair
  already_logged #63 PDX v SEA @ T-30m              idempotent: pair exists
  already_logged #64 WAS v LAS @ T-90m              idempotent: pair exists
  already_logged #65 LVA v MIN @ T-90m              idempotent: pair exists
  already_logged #66 WAS v LAS @ T-30m              idempotent: pair exists
  late_prevented #67 LVA v MIN @ T-90m              cutoff 2026-08-15T22:35:00+00:00 already passed at 2026-08-1
  skip           #68 CON v NYL @ unknown-tip        base record is an explicit no-forecast; nothing to pair
  late_prevented #69 LVA v MIN @ T-30m              cutoff 2026-08-15T23:35:00+00:00 already passed at 2026-08-1

  already_logged=46, late_prevented=19, skip=5
  arm chain: ok=True n=41 tip=2d92d878aeb91d29
  receipt appended to prospective_pair_runs.jsonl
[arm] exit=0 
====================================================================================================
FORECAST COVERAGE AUDIT   generated 2026-08-16T03:45:05.406597+00:00
====================================================================================================

CUMULATIVE by classification
  missing_job_did_not_run      62
  forecast_logged              52
  before_period_start          15
  not_yet_due                  13
  missing_data_unavailable     9
  late_record                  5

  obligations 156 | due 128 | served 52 | coverage 40.6%
  operational misses 62 | unexplained 0
  PROMOTION-GRADE: NO   (needs >= 95% served, <= 0 operational misses, all explained)

DAILY
  date         oblig  served     due     excl    opmiss arm_recs
  2026-07-30      12       0       0       12         0        0
  2026-07-31      12       6       9        3         0        0
  2026-08-01       8       2       8        0         6        0
  2026-08-02      16       0      16        0        16        0
  2026-08-03      12       6      12        0         3        3
  2026-08-04       4       3       4        0         1        3
  2026-08-05      16       9      16        0         4        9
  2026-08-06      12       7      12        0         3        7
  2026-08-07      12       9      12        0         3        9
  2026-08-08      12       6      12        0         3        4
  2026-08-09      16       0      16        0        16        0
  2026-08-15       8       4       8        0         4        1
  2026-08-16      12       0       3        9         3        0
  2026-08-17       4       0       0        4         0        0

EVERY MISSING OR IRREGULAR OBLIGATION (each must carry an explanation)
  2026-07-31 ATL v SEA T-90m   missing_data_unavailable   job served 1 other game(s) on 2026-07-31 at T-90m
  2026-07-31 WAS v DAL T-90m   missing_data_unavailable   job served 1 other game(s) on 2026-07-31 at T-90m
  2026-07-31 PDX v IND T-30m   missing_data_unavailable   job served 2 other game(s) on 2026-07-31 at T-30m
  2026-08-01 CHI v LVA T-24h   missing_job_did_not_run    no base record for ANY game on 2026-08-01 at T-24h
  2026-08-01 CHI v LVA T-8h    missing_job_did_not_run    no base record for ANY game on 2026-08-01 at T-8h
  2026-08-01 CHI v LVA T-30m   missing_job_did_not_run    no base record for ANY game on 2026-08-01 at T-30m
  2026-08-01 PHX v NYL T-24h   missing_job_did_not_run    no base record for ANY game on 2026-08-01 at T-24h
  2026-08-01 PHX v NYL T-8h    missing_job_did_not_run    no base record for ANY game on 2026-08-01 at T-8h
  2026-08-01 PHX v NYL T-30m   missing_job_did_not_run    no base record for ANY game on 2026-08-01 at T-30m
  2026-08-02 DAL v CON T-24h   missing_job_did_not_run    no base record for ANY game on 2026-08-02 at T-24h
  2026-08-02 DAL v CON T-8h    missing_job_did_not_run    no base record for ANY game on 2026-08-02 at T-8h
  2026-08-02 DAL v CON T-90m   missing_job_did_not_run    no base record for ANY game on 2026-08-02 at T-90m
  2026-08-02 DAL v CON T-30m   missing_job_did_not_run    no base record for ANY game on 2026-08-02 at T-30m
  2026-08-02 GSV v TOR T-24h   missing_job_did_not_run    no base record for ANY game on 2026-08-02 at T-24h
  2026-08-02 GSV v TOR T-8h    missing_job_did_not_run    no base record for ANY game on 2026-08-02 at T-8h
  2026-08-02 GSV v TOR T-90m   missing_job_did_not_run    no base record for ANY game on 2026-08-02 at T-90m
  2026-08-02 GSV v TOR T-30m   missing_job_did_not_run    no base record for ANY game on 2026-08-02 at T-30m
  2026-08-02 MIN v IND T-24h   missing_job_did_not_run    no base record for ANY game on 2026-08-02 at T-24h
  2026-08-02 MIN v IND T-8h    missing_job_did_not_run    no base record for ANY game on 2026-08-02 at T-8h
  2026-08-02 MIN v IND T-90m   missing_job_did_not_run    no base record for ANY game on 2026-08-02 at T-90m
  2026-08-02 MIN v IND T-30m   missing_job_did_not_run    no base record for ANY game on 2026-08-02 at T-30m
  2026-08-02 PDX v LAS T-24h   missing_job_did_not_run    no base record for ANY game on 2026-08-02 at T-24h
  2026-08-02 PDX v LAS T-8h    missing_job_did_not_run    no base record for ANY game on 2026-08-02 at T-8h
  2026-08-02 PDX v LAS T-90m   missing_job_did_not_run    no base record for ANY game on 2026-08-02 at T-90m
  2026-08-02 PDX v LAS T-30m   missing_job_did_not_run    no base record for ANY game on 2026-08-02 at T-30m
  2026-08-03 NYL v SEA T-24h   missing_job_did_not_run    no base record for ANY game on 2026-08-03 at T-24h
  2026-08-03 NYL v SEA T-30m   late_record                created 2026-08-03T22:45:08.958486+00:00 after cutoff
  2026-08-03 ATL v LVA T-24h   missing_job_did_not_run    no base record for ANY game on 2026-08-03 at T-24h
  2026-08-03 ATL v LVA T-30m   late_record                created 2026-08-03T22:45:08.976775+00:00 after cutoff
  2026-08-03 CHI v PHX T-24h   missing_job_did_not_run    no base record for ANY game on 2026-08-03 at T-24h
  2026-08-03 CHI v PHX T-30m   missing_data_unavailable   job served 2 other game(s) on 2026-08-03 at T-30m
  2026-08-04 GSV v TOR T-24h   missing_job_did_not_run    no base record for ANY game on 2026-08-04 at T-24h
  2026-08-05 WAS v DAL T-24h   missing_job_did_not_run    no base record for ANY game on 2026-08-05 at T-24h
  2026-08-05 NYL v SEA T-24h   missing_job_did_not_run    no base record for ANY game on 2026-08-05 at T-24h
  2026-08-05 NYL v SEA T-30m   late_record                created 2026-08-05T22:45:07.299457+00:00 after cutoff
  2026-08-05 ATL v PHX T-24h   missing_job_did_not_run    no base record for ANY game on 2026-08-05 at T-24h
  2026-08-05 ATL v PHX T-30m   late_record                created 2026-08-05T22:45:07.274521+00:00 after cutoff
  2026-08-05 CHI v LAS T-24h   missing_job_did_not_run    no base record for ANY game on 2026-08-05 at T-24h
  2026-08-05 CHI v LAS T-30m   missing_data_unavailable   job served 3 other game(s) on 2026-08-05 at T-30m
  2026-08-06 IND v LVA T-24h   missing_job_did_not_run    no base record for ANY game on 2026-08-06 at T-24h
  2026-08-06 IND v LVA T-30m   late_record                created 2026-08-06T22:45:09.382682+00:00 after cutoff
  2026-08-06 PDX v TOR T-24h   missing_job_did_not_run    no base record for ANY game on 2026-08-06 at T-24h
  2026-08-06 MIN v LAS T-24h   missing_job_did_not_run    no base record for ANY game on 2026-08-06 at T-24h
  2026-08-06 MIN v LAS T-30m   missing_data_unavailable   job served 2 other game(s) on 2026-08-06 at T-30m
  2026-08-07 WAS v ATL T-24h   missing_job_did_not_run    no base record for ANY game on 2026-08-07 at T-24h
  2026-08-07 CON v PHX T-24h   missing_job_did_not_run    no base record for ANY game on 2026-08-07 at T-24h
  2026-08-07 DAL v GSV T-24h   missing_job_did_not_run    no base record for ANY game on 2026-08-07 at T-24h
  2026-08-08 CHI v IND T-24h   missing_job_did_not_run    no base record for ANY game on 2026-08-08 at T-24h
  2026-08-08 CHI v IND T-90m   missing_data_unavailable   job served 2 other game(s) on 2026-08-08 at T-90m
  2026-08-08 CHI v IND T-30m   missing_data_unavailable   job served 1 other game(s) on 2026-08-08 at T-30m
  2026-08-08 MIN v LVA T-24h   missing_job_did_not_run    no base record for ANY game on 2026-08-08 at T-24h
  2026-08-08 MIN v LVA T-30m   missing_data_unavailable   job served 1 other game(s) on 2026-08-08 at T-30m
  2026-08-08 PDX v SEA T-24h   missing_job_did_not_run    no base record for ANY game on 2026-08-08 at T-24h
  2026-08-09 WAS v PHX T-24h   missing_job_did_not_run    no base record for ANY game on 2026-08-09 at T-24h
  2026-08-09 WAS v PHX T-8h    missing_job_did_not_run    no base record for ANY game on 2026-08-09 at T-8h
  2026-08-09 WAS v PHX T-90m   missing_job_did_not_run    no base record for ANY game on 2026-08-09 at T-90m
  2026-08-09 WAS v PHX T-30m   missing_job_did_not_run    no base record for ANY game on 2026-08-09 at T-30m
  2026-08-09 LAS v GSV T-24h   missing_job_did_not_run    no base record for ANY game on 2026-08-09 at T-24h
  2026-08-09 LAS v GSV T-8h    missing_job_did_not_run    no base record for ANY game on 2026-08-09 at T-8h
  2026-08-09 LAS v GSV T-90m   missing_job_did_not_run    no base record for ANY game on 2026-08-09 at T-90m
  2026-08-09 LAS v GSV T-30m   missing_job_did_not_run    no base record for ANY game on 2026-08-09 at T-30m
  2026-08-09 NYL v LVA T-24h   missing_job_did_not_run    no base record for ANY game on 2026-08-09 at T-24h
  2026-08-09 NYL v LVA T-8h    missing_job_did_not_run    no base record for ANY game on 2026-08-09 at T-8h
  2026-08-09 NYL v LVA T-90m   missing_job_did_not_run    no base record for ANY game on 2026-08-09 at T-90m
  2026-08-09 NYL v LVA T-30m   missing_job_did_not_run    no base record for ANY game on 2026-08-09 at T-30m
  2026-08-09 MIN v DAL T-24h   missing_job_did_not_run    no base record for ANY game on 2026-08-09 at T-24h
  2026-08-09 MIN v DAL T-8h    missing_job_did_not_run    no base record for ANY game on 2026-08-09 at T-8h
  2026-08-09 MIN v DAL T-90m   missing_job_did_not_run    no base record for ANY game on 2026-08-09 at T-90m
  2026-08-09 MIN v DAL T-30m   missing_job_did_not_run    no base record for ANY game on 2026-08-09 at T-30m
  2026-08-15 WAS v LAS T-24h   missing_job_did_not_run    no base record for ANY game on 2026-08-15 at T-24h
  2026-08-15 WAS v LAS T-8h    missing_job_did_not_run    no base record for ANY game on 2026-08-15 at T-8h
  2026-08-15 LVA v MIN T-24h   missing_job_did_not_run    no base record for ANY game on 2026-08-15 at T-24h
  2026-08-15 LVA v MIN T-8h    missing_job_did_not_run    no base record for ANY game on 2026-08-15 at T-8h
  2026-08-16 ATL v IND T-24h   missing_job_did_not_run    no base record for ANY game on 2026-08-16 at T-24h
  2026-08-16 SEA v CHI T-24h   missing_job_did_not_run    no base record for ANY game on 2026-08-16 at T-24h
  2026-08-16 PHX v PDX T-24h   missing_job_did_not_run    no base record for ANY game on 2026-08-16 at T-24h

wrote forecasts/coverage_audit.csv and forecasts/coverage_receipt.json
[audit] exit=0 
