capture_id,cycle_id,game_date,game_time_et,matchup,team_raw,coverage_status,retrieval_ts_utc
cap_20260807T030544682749,cycle_20260807,08/07/2026,07:30 (ET),ATL@WAS,Atlanta Dream,NOT_YET_SUBMITTED,2026-08-07T03:05:56.670346+00:00
cap_20260807T030544682749,cycle_20260807,08/07/2026,07:30 (ET),ATL@WAS,Washington Mystics,NOT_YET_SUBMITTED,2026-08-07T03:05:56.670346+00:00
cap_20260807T030544682749,cycle_20260807,08/07/2026,07:30 (ET),PHX@CON,Phoenix Mercury,NOT_YET_SUBMITTED,2026-08-07T03:05:56.670346+00:00
cap_20260807T030544682749,cycle_20260807,08/07/2026,07:30 (ET),PHX@CON,Connecticut Sun,NOT_YET_SUBMITTED,2026-08-07T03:05:56.670346+00:00
cap_20260807T030544682749,cycle_20260807,08/07/2026,09:30 (ET),GSV@DAL,Golden State Valkyries,NOT_YET_SUBMITTED,2026-08-07T03:05:56.670346+00:00
cap_20260807T030544682749,cycle_20260807,08/07/2026,09:30 (ET),GSV@DAL,Dallas Wings,NOT_YET_SUBMITTED,2026-08-07T03:05:56.670346+00:00
cap_20260807T030557729122,cycle_20260807,08/07/2026,07:30 (ET),ATL@WAS,Washington Mystics,NOT_YET_SUBMITTED,2026-08-07T03:06:07.757204+00:00
cap_20260807T030557729122,cycle_20260807,08/07/2026,07:30 (ET),PHX@CON,Phoenix Mercury,NOT_YET_SUBMITTED,2026-08-07T03:06:07.757204+00:00
cap_20260807T030557729122,cycle_20260807,08/07/2026,07:30 (ET),PHX@CON,Connecticut Sun,NOT_YET_SUBMITTED,2026-08-07T03:06:07.757204+00:00
cap_20260807T030557729122,cycle_20260807,08/07/2026,09:30 (ET),GSV@DAL,Golden State Valkyries,NOT_YET_SUBMITTED,2026-08-07T03:06:07.757204+00:00
cap_20260807T030557729122,cycle_20260807,08/07/2026,09:30 (ET),GSV@DAL,Dallas Wings,NOT_YET_SUBMITTED,2026-08-07T03:06:07.757204+00:00
cap_20260807T030607870492,cycle_20260807,08/07/2026,07:30 (ET),PHX@CON,Phoenix Mercury,NOT_YET_SUBMITTED,2026-08-07T03:06:17.914670+00:00
cap_20260807T030607870492,cycle_20260807,08/07/2026,09:30 (ET),GSV@DAL,Golden State Valkyries,NOT_YET_SUBMITTED,2026-08-07T03:06:17.914670+00:00
cap_20260807T030607870492,cycle_20260807,08/07/2026,09:30 (ET),GSV@DAL,Dallas Wings,NOT_YET_SUBMITTED,2026-08-07T03:06:17.914670+00:00
cap_20260807T030618029620,cycle_20260807,08/07/2026,09:30 (ET),GSV@DAL,Golden State Valkyries,NOT_YET_SUBMITTED,2026-08-07T03:06:28.057225+00:00
cap_20260807T030618029620,cycle_20260807,08/07/2026,09:30 (ET),GSV@DAL,Dallas Wings,NOT_YET_SUBMITTED,2026-08-07T03:06:28.057225+00:00
cap_20260807T030628174925,cycle_20260807,08/07/2026,09:30 (ET),GSV@DAL,Golden State Valkyries,NOT_YET_SUBMITTED,2026-08-07T03:06:38.217497+00:00
cap_20260807T030628174925,cycle_20260807,08/07/2026,09:30 (ET),GSV@DAL,Dallas Wings,NOT_YET_SUBMITTED,2026-08-07T03:06:38.217497+00:00
cap_20260807T030638324988,cycle_20260807,08/07/2026,09:30 (ET),GSV@DAL,Golden State Valkyries,NOT_YET_SUBMITTED,2026-08-07T03:06:48.362373+00:00
cap_20260807T030638324988,cycle_20260807,08/07/2026,09:30 (ET),GSV@DAL,Dallas Wings,NOT_YET_SUBMITTED,2026-08-07T03:06:48.362373+00:00
cap_20260807T030648477660,cycle_20260807,08/07/2026,09:30 (ET),GSV@DAL,Golden State Valkyries,NOT_YET_SUBMITTED,2026-08-07T03:06:58.522220+00:00
cap_20260807T041202595062,cycle_20260807,08/08/2026,01:00 (ET),LVA@MIN,Las Vegas Aces,NOT_YET_SUBMITTED,2026-08-07T04:12:14.626748+00:00
cap_20260807T041202595062,cycle_20260807,08/08/2026,01:00 (ET),LVA@MIN,Minnesota Lynx,NOT_YET_SUBMITTED,2026-08-07T04:12:14.626748+00:00
cap_20260807T041202595062,cycle_20260807,08/08/2026,03:30 (ET),IND@CHI,Indiana Fever,NOT_YET_SUBMITTED,2026-08-07T04:12:14.626748+00:00
cap_20260807T041202595062,cycle_20260807,08/08/2026,03:30 (ET),IND@CHI,Chicago Sky,NOT_YET_SUBMITTED,2026-08-07T04:12:14.626748+00:00
cap_20260807T041202595062,cycle_20260807,08/08/2026,08:30 (ET),SEA@PDX,Seattle Storm,NOT_YET_SUBMITTED,2026-08-07T04:12:14.626748+00:00
cap_20260807T041202595062,cycle_20260807,08/08/2026,08:30 (ET),SEA@PDX,Portland Fire,NOT_YET_SUBMITTED,2026-08-07T04:12:14.626748+00:00
cap_20260807T042702479149,cycle_20260807,08/08/2026,01:00 (ET),LVA@MIN,Las Vegas Aces,NOT_YET_SUBMITTED,2026-08-07T04:27:15.964651+00:00
cap_20260807T042702479149,cycle_20260807,08/08/2026,01:00 (ET),LVA@MIN,Minnesota Lynx,NOT_YET_SUBMITTED,2026-08-07T04:27:15.964651+00:00
cap_20260807T042702479149,cycle_20260807,08/08/2026,03:30 (ET),IND@CHI,Indiana Fever,NOT_YET_SUBMITTED,2026-08-07T04:27:15.964651+00:00
cap_20260807T042702479149,cycle_20260807,08/08/2026,03:30 (ET),IND@CHI,Chicago Sky,NOT_YET_SUBMITTED,2026-08-07T04:27:15.964651+00:00
cap_20260807T042702479149,cycle_20260807,08/08/2026,08:30 (ET),SEA@PDX,Seattle Storm,NOT_YET_SUBMITTED,2026-08-07T04:27:15.964651+00:00
cap_20260807T042702479149,cycle_20260807,08/08/2026,08:30 (ET),SEA@PDX,Portland Fire,NOT_YET_SUBMITTED,2026-08-07T04:27:15.964651+00:00
cap_20260807T044202627798,cycle_20260807,08/08/2026,01:00 (ET),LVA@MIN,Las Vegas Aces,NOT_YET_SUBMITTED,2026-08-07T04:42:14.656995+00:00
cap_20260807T044202627798,cycle_20260807,08/08/2026,01:00 (ET),LVA@MIN,Minnesota Lynx,NOT_YET_SUBMITTED,2026-08-07T04:42:14.656995+00:00
cap_20260807T044202627798,cycle_20260807,08/08/2026,03:30 (ET),IND@CHI,Indiana Fever,NOT_YET_SUBMITTED,2026-08-07T04:42:14.656995+00:00
cap_20260807T044202627798,cycle_20260807,08/08/2026,03:30 (ET),IND@CHI,Chicago Sky,NOT_YET_SUBMITTED,2026-08-07T04:42:14.656995+00:00
cap_20260807T044202627798,cycle_20260807,08/08/2026,08:30 (ET),SEA@PDX,Seattle Storm,NOT_YET_SUBMITTED,2026-08-07T04:42:14.656995+00:00
cap_20260807T044202627798,cycle_20260807,08/08/2026,08:30 (ET),SEA@PDX,Portland Fire,NOT_YET_SUBMITTED,2026-08-07T04:42:14.656995+00:00
cap_20260807T045702497117,cycle_20260807,08/08/2026,01:00 (ET),LVA@MIN,Las Vegas Aces,NOT_YET_SUBMITTED,2026-08-07T04:57:15.969995+00:00
cap_20260807T045702497117,cycle_20260807,08/08/2026,01:00 (ET),LVA@MIN,Minnesota Lynx,NOT_YET_SUBMITTED,2026-08-07T04:57:15.969995+00:00
cap_20260807T045702497117,cycle_20260807,08/08/2026,03:30 (ET),IND@CHI,Indiana Fever,NOT_YET_SUBMITTED,2026-08-07T04:57:15.969995+00:00
cap_20260807T045702497117,cycle_20260807,08/08/2026,03:30 (ET),IND@CHI,Chicago Sky,NOT_YET_SUBMITTED,2026-08-07T04:57:15.969995+00:00
cap_20260807T045702497117,cycle_20260807,08/08/2026,08:30 (ET),SEA@PDX,Seattle Storm,NOT_YET_SUBMITTED,2026-08-07T04:57:15.969995+00:00
cap_20260807T045702497117,cycle_20260807,08/08/2026,08:30 (ET),SEA@PDX,Portland Fire,NOT_YET_SUBMITTED,2026-08-07T04:57:15.969995+00:00
cap_20260807T051202724303,cycle_20260807,08/08/2026,01:00 (ET),LVA@MIN,Las Vegas Aces,NOT_YET_SUBMITTED,2026-08-07T05:12:14.675822+00:00
cap_20260807T051202724303,cycle_20260807,08/08/2026,01:00 (ET),LVA@MIN,Minnesota Lynx,NOT_YET_SUBMITTED,2026-08-07T05:12:14.675822+00:00
cap_20260807T051202724303,cycle_20260807,08/08/2026,03:30 (ET),IND@CHI,Indiana Fever,NOT_YET_SUBMITTED,2026-08-07T05:12:14.675822+00:00
cap_20260807T051202724303,cycle_20260807,08/08/2026,03:30 (ET),IND@CHI,Chicago Sky,NOT_YET_SUBMITTED,2026-08-07T05:12:14.675822+00:00
cap_20260807T051202724303,cycle_20260807,08/08/2026,08:30 (ET),SEA@PDX,Seattle Storm,NOT_YET_SUBMITTED,2026-08-07T05:12:14.675822+00:00
cap_20260807T051202724303,cycle_20260807,08/08/2026,08:30 (ET),SEA@PDX,Portland Fire,NOT_YET_SUBMITTED,2026-08-07T05:12:14.675822+00:00
cap_20260807T052702503870,cycle_20260807,08/08/2026,01:00 (ET),LVA@MIN,Las Vegas Aces,NOT_YET_SUBMITTED,2026-08-07T05:27:14.538569+00:00
cap_20260807T052702503870,cycle_20260807,08/08/2026,01:00 (ET),LVA@MIN,Minnesota Lynx,NOT_YET_SUBMITTED,2026-08-07T05:27:14.538569+00:00
cap_20260807T052702503870,cycle_20260807,08/08/2026,03:30 (ET),IND@CHI,Indiana Fever,NOT_YET_SUBMITTED,2026-08-07T05:27:14.538569+00:00
cap_20260807T052702503870,cycle_20260807,08/08/2026,03:30 (ET),IND@CHI,Chicago Sky,NOT_YET_SUBMITTED,2026-08-07T05:27:14.538569+00:00
cap_20260807T052702503870,cycle_20260807,08/08/2026,08:30 (ET),SEA@PDX,Seattle Storm,NOT_YET_SUBMITTED,2026-08-07T05:27:14.538569+00:00
cap_20260807T052702503870,cycle_20260807,08/08/2026,08:30 (ET),SEA@PDX,Portland Fire,NOT_YET_SUBMITTED,2026-08-07T05:27:14.538569+00:00
cap_20260807T054202599235,cycle_20260807,08/08/2026,01:00 (ET),LVA@MIN,Las Vegas Aces,NOT_YET_SUBMITTED,2026-08-07T05:42:16.162365+00:00
cap_20260807T054202599235,cycle_20260807,08/08/2026,01:00 (ET),LVA@MIN,Minnesota Lynx,NOT_YET_SUBMITTED,2026-08-07T05:42:16.162365+00:00
cap_20260807T054202599235,cycle_20260807,08/08/2026,03:30 (ET),IND@CHI,Indiana Fever,NOT_YET_SUBMITTED,2026-08-07T05:42:16.162365+00:00
cap_20260807T054202599235,cycle_20260807,08/08/2026,03:30 (ET),IND@CHI,Chicago Sky,NOT_YET_SUBMITTED,2026-08-07T05:42:16.162365+00:00
cap_20260807T054202599235,cycle_20260807,08/08/2026,08:30 (ET),SEA@PDX,Seattle Storm,NOT_YET_SUBMITTED,2026-08-07T05:42:16.162365+00:00
cap_20260807T054202599235,cycle_20260807,08/08/2026,08:30 (ET),SEA@PDX,Portland Fire,NOT_YET_SUBMITTED,2026-08-07T05:42:16.162365+00:00
cap_20260807T055702416217,cycle_20260807,08/08/2026,01:00 (ET),LVA@MIN,Las Vegas Aces,NOT_YET_SUBMITTED,2026-08-07T05:57:14.665509+00:00
cap_20260807T055702416217,cycle_20260807,08/08/2026,01:00 (ET),LVA@MIN,Minnesota Lynx,NOT_YET_SUBMITTED,2026-08-07T05:57:14.665509+00:00
cap_20260807T055702416217,cycle_20260807,08/08/2026,03:30 (ET),IND@CHI,Indiana Fever,NOT_YET_SUBMITTED,2026-08-07T05:57:14.665509+00:00
cap_20260807T055702416217,cycle_20260807,08/08/2026,03:30 (ET),IND@CHI,Chicago Sky,NOT_YET_SUBMITTED,2026-08-07T05:57:14.665509+00:00
cap_20260807T055702416217,cycle_20260807,08/08/2026,08:30 (ET),SEA@PDX,Seattle Storm,NOT_YET_SUBMITTED,2026-08-07T05:57:14.665509+00:00
cap_20260807T055702416217,cycle_20260807,08/08/2026,08:30 (ET),SEA@PDX,Portland Fire,NOT_YET_SUBMITTED,2026-08-07T05:57:14.665509+00:00
cap_20260807T061202539315,cycle_20260807,08/08/2026,01:00 (ET),LVA@MIN,Las Vegas Aces,NOT_YET_SUBMITTED,2026-08-07T06:12:14.916498+00:00
cap_20260807T061202539315,cycle_20260807,08/08/2026,01:00 (ET),LVA@MIN,Minnesota Lynx,NOT_YET_SUBMITTED,2026-08-07T06:12:14.916498+00:00
cap_20260807T061202539315,cycle_20260807,08/08/2026,03:30 (ET),IND@CHI,Indiana Fever,NOT_YET_SUBMITTED,2026-08-07T06:12:14.916498+00:00
cap_20260807T061202539315,cycle_20260807,08/08/2026,03:30 (ET),IND@CHI,Chicago Sky,NOT_YET_SUBMITTED,2026-08-07T06:12:14.916498+00:00
cap_20260807T061202539315,cycle_20260807,08/08/2026,08:30 (ET),SEA@PDX,Seattle Storm,NOT_YET_SUBMITTED,2026-08-07T06:12:14.916498+00:00
cap_20260807T061202539315,cycle_20260807,08/08/2026,08:30 (ET),SEA@PDX,Portland Fire,NOT_YET_SUBMITTED,2026-08-07T06:12:14.916498+00:00
cap_20260807T062702490413,cycle_20260807,08/08/2026,01:00 (ET),LVA@MIN,Las Vegas Aces,NOT_YET_SUBMITTED,2026-08-07T06:27:16.135027+00:00
cap_20260807T062702490413,cycle_20260807,08/08/2026,01:00 (ET),LVA@MIN,Minnesota Lynx,NOT_YET_SUBMITTED,2026-08-07T06:27:16.135027+00:00
cap_20260807T062702490413,cycle_20260807,08/08/2026,03:30 (ET),IND@CHI,Indiana Fever,NOT_YET_SUBMITTED,2026-08-07T06:27:16.135027+00:00
cap_20260807T062702490413,cycle_20260807,08/08/2026,03:30 (ET),IND@CHI,Chicago Sky,NOT_YET_SUBMITTED,2026-08-07T06:27:16.135027+00:00
cap_20260807T062702490413,cycle_20260807,08/08/2026,08:30 (ET),SEA@PDX,Seattle Storm,NOT_YET_SUBMITTED,2026-08-07T06:27:16.135027+00:00
cap_20260807T062702490413,cycle_20260807,08/08/2026,08:30 (ET),SEA@PDX,Portland Fire,NOT_YET_SUBMITTED,2026-08-07T06:27:16.135027+00:00
cap_20260807T064202575837,cycle_20260807,08/08/2026,01:00 (ET),LVA@MIN,Las Vegas Aces,NOT_YET_SUBMITTED,2026-08-07T06:42:14.846363+00:00
cap_20260807T064202575837,cycle_20260807,08/08/2026,01:00 (ET),LVA@MIN,Minnesota Lynx,NOT_YET_SUBMITTED,2026-08-07T06:42:14.846363+00:00
cap_20260807T064202575837,cycle_20260807,08/08/2026,03:30 (ET),IND@CHI,Indiana Fever,NOT_YET_SUBMITTED,2026-08-07T06:42:14.846363+00:00
cap_20260807T064202575837,cycle_20260807,08/08/2026,03:30 (ET),IND@CHI,Chicago Sky,NOT_YET_SUBMITTED,2026-08-07T06:42:14.846363+00:00
cap_20260807T064202575837,cycle_20260807,08/08/2026,08:30 (ET),SEA@PDX,Seattle Storm,NOT_YET_SUBMITTED,2026-08-07T06:42:14.846363+00:00
cap_20260807T064202575837,cycle_20260807,08/08/2026,08:30 (ET),SEA@PDX,Portland Fire,NOT_YET_SUBMITTED,2026-08-07T06:42:14.846363+00:00
cap_20260807T065702545142,cycle_20260807,08/08/2026,01:00 (ET),LVA@MIN,Las Vegas Aces,NOT_YET_SUBMITTED,2026-08-07T06:57:16.141753+00:00
cap_20260807T065702545142,cycle_20260807,08/08/2026,01:00 (ET),LVA@MIN,Minnesota Lynx,NOT_YET_SUBMITTED,2026-08-07T06:57:16.141753+00:00
cap_20260807T065702545142,cycle_20260807,08/08/2026,03:30 (ET),IND@CHI,Indiana Fever,NOT_YET_SUBMITTED,2026-08-07T06:57:16.141753+00:00
cap_20260807T065702545142,cycle_20260807,08/08/2026,03:30 (ET),IND@CHI,Chicago Sky,NOT_YET_SUBMITTED,2026-08-07T06:57:16.141753+00:00
cap_20260807T065702545142,cycle_20260807,08/08/2026,08:30 (ET),SEA@PDX,Seattle Storm,NOT_YET_SUBMITTED,2026-08-07T06:57:16.141753+00:00
cap_20260807T065702545142,cycle_20260807,08/08/2026,08:30 (ET),SEA@PDX,Portland Fire,NOT_YET_SUBMITTED,2026-08-07T06:57:16.141753+00:00
cap_20260807T071202949968,cycle_20260807,08/08/2026,01:00 (ET),LVA@MIN,Las Vegas Aces,NOT_YET_SUBMITTED,2026-08-07T07:12:15.251109+00:00
cap_20260807T071202949968,cycle_20260807,08/08/2026,01:00 (ET),LVA@MIN,Minnesota Lynx,NOT_YET_SUBMITTED,2026-08-07T07:12:15.251109+00:00
cap_20260807T071202949968,cycle_20260807,08/08/2026,03:30 (ET),IND@CHI,Indiana Fever,NOT_YET_SUBMITTED,2026-08-07T07:12:15.251109+00:00
cap_20260807T071202949968,cycle_20260807,08/08/2026,03:30 (ET),IND@CHI,Chicago Sky,NOT_YET_SUBMITTED,2026-08-07T07:12:15.251109+00:00
cap_20260807T071202949968,cycle_20260807,08/08/2026,08:30 (ET),SEA@PDX,Seattle Storm,NOT_YET_SUBMITTED,2026-08-07T07:12:15.251109+00:00
cap_20260807T071202949968,cycle_20260807,08/08/2026,08:30 (ET),SEA@PDX,Portland Fire,NOT_YET_SUBMITTED,2026-08-07T07:12:15.251109+00:00
cap_20260807T072702416766,cycle_20260807,08/08/2026,01:00 (ET),LVA@MIN,Las Vegas Aces,NOT_YET_SUBMITTED,2026-08-07T07:27:14.594262+00:00
cap_20260807T072702416766,cycle_20260807,08/08/2026,01:00 (ET),LVA@MIN,Minnesota Lynx,NOT_YET_SUBMITTED,2026-08-07T07:27:14.594262+00:00
cap_20260807T072702416766,cycle_20260807,08/08/2026,03:30 (ET),IND@CHI,Indiana Fever,NOT_YET_SUBMITTED,2026-08-07T07:27:14.594262+00:00
cap_20260807T072702416766,cycle_20260807,08/08/2026,03:30 (ET),IND@CHI,Chicago Sky,NOT_YET_SUBMITTED,2026-08-07T07:27:14.594262+00:00
cap_20260807T072702416766,cycle_20260807,08/08/2026,08:30 (ET),SEA@PDX,Seattle Storm,NOT_YET_SUBMITTED,2026-08-07T07:27:14.594262+00:00
cap_20260807T072702416766,cycle_20260807,08/08/2026,08:30 (ET),SEA@PDX,Portland Fire,NOT_YET_SUBMITTED,2026-08-07T07:27:14.594262+00:00
cap_20260807T074202929842,cycle_20260807,08/08/2026,01:00 (ET),LVA@MIN,Las Vegas Aces,NOT_YET_SUBMITTED,2026-08-07T07:42:15.249802+00:00
cap_20260807T074202929842,cycle_20260807,08/08/2026,01:00 (ET),LVA@MIN,Minnesota Lynx,NOT_YET_SUBMITTED,2026-08-07T07:42:15.249802+00:00
cap_20260807T074202929842,cycle_20260807,08/08/2026,03:30 (ET),IND@CHI,Indiana Fever,NOT_YET_SUBMITTED,2026-08-07T07:42:15.249802+00:00
cap_20260807T074202929842,cycle_20260807,08/08/2026,03:30 (ET),IND@CHI,Chicago Sky,NOT_YET_SUBMITTED,2026-08-07T07:42:15.249802+00:00
cap_20260807T074202929842,cycle_20260807,08/08/2026,08:30 (ET),SEA@PDX,Seattle Storm,NOT_YET_SUBMITTED,2026-08-07T07:42:15.249802+00:00
cap_20260807T074202929842,cycle_20260807,08/08/2026,08:30 (ET),SEA@PDX,Portland Fire,NOT_YET_SUBMITTED,2026-08-07T07:42:15.249802+00:00
cap_20260807T075702536154,cycle_20260807,08/08/2026,01:00 (ET),LVA@MIN,Las Vegas Aces,NOT_YET_SUBMITTED,2026-08-07T07:57:16.125519+00:00
cap_20260807T075702536154,cycle_20260807,08/08/2026,01:00 (ET),LVA@MIN,Minnesota Lynx,NOT_YET_SUBMITTED,2026-08-07T07:57:16.125519+00:00
cap_20260807T075702536154,cycle_20260807,08/08/2026,03:30 (ET),IND@CHI,Indiana Fever,NOT_YET_SUBMITTED,2026-08-07T07:57:16.125519+00:00
cap_20260807T075702536154,cycle_20260807,08/08/2026,03:30 (ET),IND@CHI,Chicago Sky,NOT_YET_SUBMITTED,2026-08-07T07:57:16.125519+00:00
cap_20260807T075702536154,cycle_20260807,08/08/2026,08:30 (ET),SEA@PDX,Seattle Storm,NOT_YET_SUBMITTED,2026-08-07T07:57:16.125519+00:00
cap_20260807T075702536154,cycle_20260807,08/08/2026,08:30 (ET),SEA@PDX,Portland Fire,NOT_YET_SUBMITTED,2026-08-07T07:57:16.125519+00:00
cap_20260807T081202604139,cycle_20260807,08/08/2026,01:00 (ET),LVA@MIN,Las Vegas Aces,NOT_YET_SUBMITTED,2026-08-07T08:12:16.213037+00:00
cap_20260807T081202604139,cycle_20260807,08/08/2026,01:00 (ET),LVA@MIN,Minnesota Lynx,NOT_YET_SUBMITTED,2026-08-07T08:12:16.213037+00:00
cap_20260807T081202604139,cycle_20260807,08/08/2026,03:30 (ET),IND@CHI,Indiana Fever,NOT_YET_SUBMITTED,2026-08-07T08:12:16.213037+00:00
cap_20260807T081202604139,cycle_20260807,08/08/2026,03:30 (ET),IND@CHI,Chicago Sky,NOT_YET_SUBMITTED,2026-08-07T08:12:16.213037+00:00
cap_20260807T081202604139,cycle_20260807,08/08/2026,08:30 (ET),SEA@PDX,Seattle Storm,NOT_YET_SUBMITTED,2026-08-07T08:12:16.213037+00:00
cap_20260807T081202604139,cycle_20260807,08/08/2026,08:30 (ET),SEA@PDX,Portland Fire,NOT_YET_SUBMITTED,2026-08-07T08:12:16.213037+00:00
cap_20260807T082702622993,cycle_20260807,08/08/2026,01:00 (ET),LVA@MIN,Las Vegas Aces,NOT_YET_SUBMITTED,2026-08-07T08:27:16.120487+00:00
cap_20260807T082702622993,cycle_20260807,08/08/2026,01:00 (ET),LVA@MIN,Minnesota Lynx,NOT_YET_SUBMITTED,2026-08-07T08:27:16.120487+00:00
cap_20260807T082702622993,cycle_20260807,08/08/2026,03:30 (ET),IND@CHI,Indiana Fever,NOT_YET_SUBMITTED,2026-08-07T08:27:16.120487+00:00
cap_20260807T082702622993,cycle_20260807,08/08/2026,03:30 (ET),IND@CHI,Chicago Sky,NOT_YET_SUBMITTED,2026-08-07T08:27:16.120487+00:00
cap_20260807T082702622993,cycle_20260807,08/08/2026,08:30 (ET),SEA@PDX,Seattle Storm,NOT_YET_SUBMITTED,2026-08-07T08:27:16.120487+00:00
cap_20260807T082702622993,cycle_20260807,08/08/2026,08:30 (ET),SEA@PDX,Portland Fire,NOT_YET_SUBMITTED,2026-08-07T08:27:16.120487+00:00
cap_20260807T084202611254,cycle_20260807,08/08/2026,01:00 (ET),LVA@MIN,Las Vegas Aces,NOT_YET_SUBMITTED,2026-08-07T08:42:15.877005+00:00
cap_20260807T084202611254,cycle_20260807,08/08/2026,01:00 (ET),LVA@MIN,Minnesota Lynx,NOT_YET_SUBMITTED,2026-08-07T08:42:15.877005+00:00
cap_20260807T084202611254,cycle_20260807,08/08/2026,03:30 (ET),IND@CHI,Indiana Fever,NOT_YET_SUBMITTED,2026-08-07T08:42:15.877005+00:00
cap_20260807T084202611254,cycle_20260807,08/08/2026,03:30 (ET),IND@CHI,Chicago Sky,NOT_YET_SUBMITTED,2026-08-07T08:42:15.877005+00:00
cap_20260807T084202611254,cycle_20260807,08/08/2026,08:30 (ET),SEA@PDX,Seattle Storm,NOT_YET_SUBMITTED,2026-08-07T08:42:15.877005+00:00
cap_20260807T084202611254,cycle_20260807,08/08/2026,08:30 (ET),SEA@PDX,Portland Fire,NOT_YET_SUBMITTED,2026-08-07T08:42:15.877005+00:00
cap_20260807T085702504219,cycle_20260807,08/08/2026,01:00 (ET),LVA@MIN,Las Vegas Aces,NOT_YET_SUBMITTED,2026-08-07T08:57:16.600949+00:00
cap_20260807T085702504219,cycle_20260807,08/08/2026,01:00 (ET),LVA@MIN,Minnesota Lynx,NOT_YET_SUBMITTED,2026-08-07T08:57:16.600949+00:00
cap_20260807T085702504219,cycle_20260807,08/08/2026,03:30 (ET),IND@CHI,Indiana Fever,NOT_YET_SUBMITTED,2026-08-07T08:57:16.600949+00:00
cap_20260807T085702504219,cycle_20260807,08/08/2026,03:30 (ET),IND@CHI,Chicago Sky,NOT_YET_SUBMITTED,2026-08-07T08:57:16.600949+00:00
cap_20260807T085702504219,cycle_20260807,08/08/2026,08:30 (ET),SEA@PDX,Seattle Storm,NOT_YET_SUBMITTED,2026-08-07T08:57:16.600949+00:00
cap_20260807T085702504219,cycle_20260807,08/08/2026,08:30 (ET),SEA@PDX,Portland Fire,NOT_YET_SUBMITTED,2026-08-07T08:57:16.600949+00:00
cap_20260807T091202591429,cycle_20260807,08/08/2026,01:00 (ET),LVA@MIN,Las Vegas Aces,NOT_YET_SUBMITTED,2026-08-07T09:12:16.098898+00:00
cap_20260807T091202591429,cycle_20260807,08/08/2026,01:00 (ET),LVA@MIN,Minnesota Lynx,NOT_YET_SUBMITTED,2026-08-07T09:12:16.098898+00:00
cap_20260807T091202591429,cycle_20260807,08/08/2026,03:30 (ET),IND@CHI,Indiana Fever,NOT_YET_SUBMITTED,2026-08-07T09:12:16.098898+00:00
cap_20260807T091202591429,cycle_20260807,08/08/2026,03:30 (ET),IND@CHI,Chicago Sky,NOT_YET_SUBMITTED,2026-08-07T09:12:16.098898+00:00
cap_20260807T091202591429,cycle_20260807,08/08/2026,08:30 (ET),SEA@PDX,Seattle Storm,NOT_YET_SUBMITTED,2026-08-07T09:12:16.098898+00:00
cap_20260807T091202591429,cycle_20260807,08/08/2026,08:30 (ET),SEA@PDX,Portland Fire,NOT_YET_SUBMITTED,2026-08-07T09:12:16.098898+00:00
cap_20260807T092702485429,cycle_20260807,08/08/2026,01:00 (ET),LVA@MIN,Las Vegas Aces,NOT_YET_SUBMITTED,2026-08-07T09:27:14.465286+00:00
cap_20260807T092702485429,cycle_20260807,08/08/2026,01:00 (ET),LVA@MIN,Minnesota Lynx,NOT_YET_SUBMITTED,2026-08-07T09:27:14.465286+00:00
cap_20260807T092702485429,cycle_20260807,08/08/2026,03:30 (ET),IND@CHI,Indiana Fever,NOT_YET_SUBMITTED,2026-08-07T09:27:14.465286+00:00
cap_20260807T092702485429,cycle_20260807,08/08/2026,03:30 (ET),IND@CHI,Chicago Sky,NOT_YET_SUBMITTED,2026-08-07T09:27:14.465286+00:00
cap_20260807T092702485429,cycle_20260807,08/08/2026,08:30 (ET),SEA@PDX,Seattle Storm,NOT_YET_SUBMITTED,2026-08-07T09:27:14.465286+00:00
cap_20260807T092702485429,cycle_20260807,08/08/2026,08:30 (ET),SEA@PDX,Portland Fire,NOT_YET_SUBMITTED,2026-08-07T09:27:14.465286+00:00
cap_20260807T094202545478,cycle_20260807,08/08/2026,01:00 (ET),LVA@MIN,Las Vegas Aces,NOT_YET_SUBMITTED,2026-08-07T09:42:14.594208+00:00
cap_20260807T094202545478,cycle_20260807,08/08/2026,01:00 (ET),LVA@MIN,Minnesota Lynx,NOT_YET_SUBMITTED,2026-08-07T09:42:14.594208+00:00
cap_20260807T094202545478,cycle_20260807,08/08/2026,03:30 (ET),IND@CHI,Indiana Fever,NOT_YET_SUBMITTED,2026-08-07T09:42:14.594208+00:00
cap_20260807T094202545478,cycle_20260807,08/08/2026,03:30 (ET),IND@CHI,Chicago Sky,NOT_YET_SUBMITTED,2026-08-07T09:42:14.594208+00:00
cap_20260807T094202545478,cycle_20260807,08/08/2026,08:30 (ET),SEA@PDX,Seattle Storm,NOT_YET_SUBMITTED,2026-08-07T09:42:14.594208+00:00
cap_20260807T094202545478,cycle_20260807,08/08/2026,08:30 (ET),SEA@PDX,Portland Fire,NOT_YET_SUBMITTED,2026-08-07T09:42:14.594208+00:00
cap_20260807T095702553136,cycle_20260807,08/08/2026,01:00 (ET),LVA@MIN,Las Vegas Aces,NOT_YET_SUBMITTED,2026-08-07T09:57:15.929030+00:00
cap_20260807T095702553136,cycle_20260807,08/08/2026,01:00 (ET),LVA@MIN,Minnesota Lynx,NOT_YET_SUBMITTED,2026-08-07T09:57:15.929030+00:00
cap_20260807T095702553136,cycle_20260807,08/08/2026,03:30 (ET),IND@CHI,Indiana Fever,NOT_YET_SUBMITTED,2026-08-07T09:57:15.929030+00:00
cap_20260807T095702553136,cycle_20260807,08/08/2026,03:30 (ET),IND@CHI,Chicago Sky,NOT_YET_SUBMITTED,2026-08-07T09:57:15.929030+00:00
cap_20260807T095702553136,cycle_20260807,08/08/2026,08:30 (ET),SEA@PDX,Seattle Storm,NOT_YET_SUBMITTED,2026-08-07T09:57:15.929030+00:00
cap_20260807T095702553136,cycle_20260807,08/08/2026,08:30 (ET),SEA@PDX,Portland Fire,NOT_YET_SUBMITTED,2026-08-07T09:57:15.929030+00:00
cap_20260807T101202614489,cycle_20260807,08/08/2026,01:00 (ET),LVA@MIN,Las Vegas Aces,NOT_YET_SUBMITTED,2026-08-07T10:12:16.047574+00:00
cap_20260807T101202614489,cycle_20260807,08/08/2026,01:00 (ET),LVA@MIN,Minnesota Lynx,NOT_YET_SUBMITTED,2026-08-07T10:12:16.047574+00:00
cap_20260807T101202614489,cycle_20260807,08/08/2026,03:30 (ET),IND@CHI,Indiana Fever,NOT_YET_SUBMITTED,2026-08-07T10:12:16.047574+00:00
cap_20260807T101202614489,cycle_20260807,08/08/2026,03:30 (ET),IND@CHI,Chicago Sky,NOT_YET_SUBMITTED,2026-08-07T10:12:16.047574+00:00
cap_20260807T101202614489,cycle_20260807,08/08/2026,08:30 (ET),SEA@PDX,Seattle Storm,NOT_YET_SUBMITTED,2026-08-07T10:12:16.047574+00:00
cap_20260807T101202614489,cycle_20260807,08/08/2026,08:30 (ET),SEA@PDX,Portland Fire,NOT_YET_SUBMITTED,2026-08-07T10:12:16.047574+00:00
cap_20260807T102702475293,cycle_20260807,08/08/2026,01:00 (ET),LVA@MIN,Las Vegas Aces,NOT_YET_SUBMITTED,2026-08-07T10:27:14.493841+00:00
cap_20260807T102702475293,cycle_20260807,08/08/2026,01:00 (ET),LVA@MIN,Minnesota Lynx,NOT_YET_SUBMITTED,2026-08-07T10:27:14.493841+00:00
cap_20260807T102702475293,cycle_20260807,08/08/2026,03:30 (ET),IND@CHI,Indiana Fever,NOT_YET_SUBMITTED,2026-08-07T10:27:14.493841+00:00
cap_20260807T102702475293,cycle_20260807,08/08/2026,03:30 (ET),IND@CHI,Chicago Sky,NOT_YET_SUBMITTED,2026-08-07T10:27:14.493841+00:00
cap_20260807T102702475293,cycle_20260807,08/08/2026,08:30 (ET),SEA@PDX,Seattle Storm,NOT_YET_SUBMITTED,2026-08-07T10:27:14.493841+00:00
cap_20260807T102702475293,cycle_20260807,08/08/2026,08:30 (ET),SEA@PDX,Portland Fire,NOT_YET_SUBMITTED,2026-08-07T10:27:14.493841+00:00
cap_20260807T104202910940,cycle_20260807,08/08/2026,01:00 (ET),LVA@MIN,Las Vegas Aces,NOT_YET_SUBMITTED,2026-08-07T10:42:15.021723+00:00
cap_20260807T104202910940,cycle_20260807,08/08/2026,01:00 (ET),LVA@MIN,Minnesota Lynx,NOT_YET_SUBMITTED,2026-08-07T10:42:15.021723+00:00
cap_20260807T104202910940,cycle_20260807,08/08/2026,03:30 (ET),IND@CHI,Indiana Fever,NOT_YET_SUBMITTED,2026-08-07T10:42:15.021723+00:00
cap_20260807T104202910940,cycle_20260807,08/08/2026,03:30 (ET),IND@CHI,Chicago Sky,NOT_YET_SUBMITTED,2026-08-07T10:42:15.021723+00:00
cap_20260807T104202910940,cycle_20260807,08/08/2026,08:30 (ET),SEA@PDX,Seattle Storm,NOT_YET_SUBMITTED,2026-08-07T10:42:15.021723+00:00
cap_20260807T104202910940,cycle_20260807,08/08/2026,08:30 (ET),SEA@PDX,Portland Fire,NOT_YET_SUBMITTED,2026-08-07T10:42:15.021723+00:00
cap_20260807T105702527946,cycle_20260807,08/08/2026,01:00 (ET),LVA@MIN,Las Vegas Aces,NOT_YET_SUBMITTED,2026-08-07T10:57:16.022592+00:00
cap_20260807T105702527946,cycle_20260807,08/08/2026,01:00 (ET),LVA@MIN,Minnesota Lynx,NOT_YET_SUBMITTED,2026-08-07T10:57:16.022592+00:00
cap_20260807T105702527946,cycle_20260807,08/08/2026,03:30 (ET),IND@CHI,Indiana Fever,NOT_YET_SUBMITTED,2026-08-07T10:57:16.022592+00:00
cap_20260807T105702527946,cycle_20260807,08/08/2026,03:30 (ET),IND@CHI,Chicago Sky,NOT_YET_SUBMITTED,2026-08-07T10:57:16.022592+00:00
cap_20260807T105702527946,cycle_20260807,08/08/2026,08:30 (ET),SEA@PDX,Seattle Storm,NOT_YET_SUBMITTED,2026-08-07T10:57:16.022592+00:00
cap_20260807T105702527946,cycle_20260807,08/08/2026,08:30 (ET),SEA@PDX,Portland Fire,NOT_YET_SUBMITTED,2026-08-07T10:57:16.022592+00:00
cap_20260807T111202559971,cycle_20260807,08/08/2026,01:00 (ET),LVA@MIN,Las Vegas Aces,NOT_YET_SUBMITTED,2026-08-07T11:12:14.778245+00:00
cap_20260807T111202559971,cycle_20260807,08/08/2026,01:00 (ET),LVA@MIN,Minnesota Lynx,NOT_YET_SUBMITTED,2026-08-07T11:12:14.778245+00:00
cap_20260807T111202559971,cycle_20260807,08/08/2026,03:30 (ET),IND@CHI,Indiana Fever,NOT_YET_SUBMITTED,2026-08-07T11:12:14.778245+00:00
cap_20260807T111202559971,cycle_20260807,08/08/2026,03:30 (ET),IND@CHI,Chicago Sky,NOT_YET_SUBMITTED,2026-08-07T11:12:14.778245+00:00
cap_20260807T111202559971,cycle_20260807,08/08/2026,08:30 (ET),SEA@PDX,Seattle Storm,NOT_YET_SUBMITTED,2026-08-07T11:12:14.778245+00:00
cap_20260807T111202559971,cycle_20260807,08/08/2026,08:30 (ET),SEA@PDX,Portland Fire,NOT_YET_SUBMITTED,2026-08-07T11:12:14.778245+00:00
cap_20260807T112702488801,cycle_20260807,08/08/2026,01:00 (ET),LVA@MIN,Las Vegas Aces,NOT_YET_SUBMITTED,2026-08-07T11:27:14.873885+00:00
cap_20260807T112702488801,cycle_20260807,08/08/2026,01:00 (ET),LVA@MIN,Minnesota Lynx,NOT_YET_SUBMITTED,2026-08-07T11:27:14.873885+00:00
cap_20260807T112702488801,cycle_20260807,08/08/2026,03:30 (ET),IND@CHI,Indiana Fever,NOT_YET_SUBMITTED,2026-08-07T11:27:14.873885+00:00
cap_20260807T112702488801,cycle_20260807,08/08/2026,03:30 (ET),IND@CHI,Chicago Sky,NOT_YET_SUBMITTED,2026-08-07T11:27:14.873885+00:00
cap_20260807T112702488801,cycle_20260807,08/08/2026,08:30 (ET),SEA@PDX,Seattle Storm,NOT_YET_SUBMITTED,2026-08-07T11:27:14.873885+00:00
cap_20260807T112702488801,cycle_20260807,08/08/2026,08:30 (ET),SEA@PDX,Portland Fire,NOT_YET_SUBMITTED,2026-08-07T11:27:14.873885+00:00
cap_20260807T114202595368,cycle_20260807,08/08/2026,01:00 (ET),LVA@MIN,Las Vegas Aces,NOT_YET_SUBMITTED,2026-08-07T11:42:14.886681+00:00
cap_20260807T114202595368,cycle_20260807,08/08/2026,01:00 (ET),LVA@MIN,Minnesota Lynx,NOT_YET_SUBMITTED,2026-08-07T11:42:14.886681+00:00
cap_20260807T114202595368,cycle_20260807,08/08/2026,03:30 (ET),IND@CHI,Indiana Fever,NOT_YET_SUBMITTED,2026-08-07T11:42:14.886681+00:00
cap_20260807T114202595368,cycle_20260807,08/08/2026,03:30 (ET),IND@CHI,Chicago Sky,NOT_YET_SUBMITTED,2026-08-07T11:42:14.886681+00:00
cap_20260807T114202595368,cycle_20260807,08/08/2026,08:30 (ET),SEA@PDX,Seattle Storm,NOT_YET_SUBMITTED,2026-08-07T11:42:14.886681+00:00
cap_20260807T114202595368,cycle_20260807,08/08/2026,08:30 (ET),SEA@PDX,Portland Fire,NOT_YET_SUBMITTED,2026-08-07T11:42:14.886681+00:00
cap_20260807T115702555385,cycle_20260807,08/08/2026,01:00 (ET),LVA@MIN,Las Vegas Aces,NOT_YET_SUBMITTED,2026-08-07T11:57:16.485362+00:00
cap_20260807T115702555385,cycle_20260807,08/08/2026,01:00 (ET),LVA@MIN,Minnesota Lynx,NOT_YET_SUBMITTED,2026-08-07T11:57:16.485362+00:00
cap_20260807T115702555385,cycle_20260807,08/08/2026,03:30 (ET),IND@CHI,Indiana Fever,NOT_YET_SUBMITTED,2026-08-07T11:57:16.485362+00:00
cap_20260807T115702555385,cycle_20260807,08/08/2026,03:30 (ET),IND@CHI,Chicago Sky,NOT_YET_SUBMITTED,2026-08-07T11:57:16.485362+00:00
cap_20260807T115702555385,cycle_20260807,08/08/2026,08:30 (ET),SEA@PDX,Seattle Storm,NOT_YET_SUBMITTED,2026-08-07T11:57:16.485362+00:00
cap_20260807T115702555385,cycle_20260807,08/08/2026,08:30 (ET),SEA@PDX,Portland Fire,NOT_YET_SUBMITTED,2026-08-07T11:57:16.485362+00:00
cap_20260807T121202743816,cycle_20260807,08/08/2026,01:00 (ET),LVA@MIN,Las Vegas Aces,NOT_YET_SUBMITTED,2026-08-07T12:12:14.662439+00:00
cap_20260807T121202743816,cycle_20260807,08/08/2026,01:00 (ET),LVA@MIN,Minnesota Lynx,NOT_YET_SUBMITTED,2026-08-07T12:12:14.662439+00:00
cap_20260807T121202743816,cycle_20260807,08/08/2026,03:30 (ET),IND@CHI,Indiana Fever,NOT_YET_SUBMITTED,2026-08-07T12:12:14.662439+00:00
cap_20260807T121202743816,cycle_20260807,08/08/2026,03:30 (ET),IND@CHI,Chicago Sky,NOT_YET_SUBMITTED,2026-08-07T12:12:14.662439+00:00
cap_20260807T121202743816,cycle_20260807,08/08/2026,08:30 (ET),SEA@PDX,Seattle Storm,NOT_YET_SUBMITTED,2026-08-07T12:12:14.662439+00:00
cap_20260807T121202743816,cycle_20260807,08/08/2026,08:30 (ET),SEA@PDX,Portland Fire,NOT_YET_SUBMITTED,2026-08-07T12:12:14.662439+00:00
cap_20260807T122702639003,cycle_20260807,08/08/2026,01:00 (ET),LVA@MIN,Las Vegas Aces,NOT_YET_SUBMITTED,2026-08-07T12:27:16.177605+00:00
cap_20260807T122702639003,cycle_20260807,08/08/2026,01:00 (ET),LVA@MIN,Minnesota Lynx,NOT_YET_SUBMITTED,2026-08-07T12:27:16.177605+00:00
cap_20260807T122702639003,cycle_20260807,08/08/2026,03:30 (ET),IND@CHI,Indiana Fever,NOT_YET_SUBMITTED,2026-08-07T12:27:16.177605+00:00
cap_20260807T122702639003,cycle_20260807,08/08/2026,03:30 (ET),IND@CHI,Chicago Sky,NOT_YET_SUBMITTED,2026-08-07T12:27:16.177605+00:00
cap_20260807T122702639003,cycle_20260807,08/08/2026,08:30 (ET),SEA@PDX,Seattle Storm,NOT_YET_SUBMITTED,2026-08-07T12:27:16.177605+00:00
cap_20260807T122702639003,cycle_20260807,08/08/2026,08:30 (ET),SEA@PDX,Portland Fire,NOT_YET_SUBMITTED,2026-08-07T12:27:16.177605+00:00
cap_20260807T124202617529,cycle_20260807,08/08/2026,01:00 (ET),LVA@MIN,Las Vegas Aces,NOT_YET_SUBMITTED,2026-08-07T12:42:14.648652+00:00
cap_20260807T124202617529,cycle_20260807,08/08/2026,01:00 (ET),LVA@MIN,Minnesota Lynx,NOT_YET_SUBMITTED,2026-08-07T12:42:14.648652+00:00
cap_20260807T124202617529,cycle_20260807,08/08/2026,03:30 (ET),IND@CHI,Indiana Fever,NOT_YET_SUBMITTED,2026-08-07T12:42:14.648652+00:00
cap_20260807T124202617529,cycle_20260807,08/08/2026,03:30 (ET),IND@CHI,Chicago Sky,NOT_YET_SUBMITTED,2026-08-07T12:42:14.648652+00:00
cap_20260807T124202617529,cycle_20260807,08/08/2026,08:30 (ET),SEA@PDX,Seattle Storm,NOT_YET_SUBMITTED,2026-08-07T12:42:14.648652+00:00
cap_20260807T124202617529,cycle_20260807,08/08/2026,08:30 (ET),SEA@PDX,Portland Fire,NOT_YET_SUBMITTED,2026-08-07T12:42:14.648652+00:00
cap_20260807T125703328020,cycle_20260807,08/08/2026,01:00 (ET),LVA@MIN,Las Vegas Aces,NOT_YET_SUBMITTED,2026-08-07T12:57:23.190629+00:00
cap_20260807T125703328020,cycle_20260807,08/08/2026,01:00 (ET),LVA@MIN,Minnesota Lynx,NOT_YET_SUBMITTED,2026-08-07T12:57:23.190629+00:00
cap_20260807T125703328020,cycle_20260807,08/08/2026,03:30 (ET),IND@CHI,Indiana Fever,NOT_YET_SUBMITTED,2026-08-07T12:57:23.190629+00:00
cap_20260807T125703328020,cycle_20260807,08/08/2026,03:30 (ET),IND@CHI,Chicago Sky,NOT_YET_SUBMITTED,2026-08-07T12:57:23.190629+00:00
cap_20260807T125703328020,cycle_20260807,08/08/2026,08:30 (ET),SEA@PDX,Seattle Storm,NOT_YET_SUBMITTED,2026-08-07T12:57:23.190629+00:00
cap_20260807T125703328020,cycle_20260807,08/08/2026,08:30 (ET),SEA@PDX,Portland Fire,NOT_YET_SUBMITTED,2026-08-07T12:57:23.190629+00:00
cap_20260807T131203193845,cycle_20260807,08/08/2026,01:00 (ET),LVA@MIN,Las Vegas Aces,NOT_YET_SUBMITTED,2026-08-07T13:12:19.794158+00:00
cap_20260807T131203193845,cycle_20260807,08/08/2026,01:00 (ET),LVA@MIN,Minnesota Lynx,NOT_YET_SUBMITTED,2026-08-07T13:12:19.794158+00:00
cap_20260807T131203193845,cycle_20260807,08/08/2026,03:30 (ET),IND@CHI,Indiana Fever,NOT_YET_SUBMITTED,2026-08-07T13:12:19.794158+00:00
cap_20260807T131203193845,cycle_20260807,08/08/2026,03:30 (ET),IND@CHI,Chicago Sky,NOT_YET_SUBMITTED,2026-08-07T13:12:19.794158+00:00
cap_20260807T131203193845,cycle_20260807,08/08/2026,08:30 (ET),SEA@PDX,Seattle Storm,NOT_YET_SUBMITTED,2026-08-07T13:12:19.794158+00:00
cap_20260807T131203193845,cycle_20260807,08/08/2026,08:30 (ET),SEA@PDX,Portland Fire,NOT_YET_SUBMITTED,2026-08-07T13:12:19.794158+00:00
cap_20260807T132702610604,cycle_20260807,08/08/2026,01:00 (ET),LVA@MIN,Las Vegas Aces,NOT_YET_SUBMITTED,2026-08-07T13:27:18.995621+00:00
cap_20260807T132702610604,cycle_20260807,08/08/2026,01:00 (ET),LVA@MIN,Minnesota Lynx,NOT_YET_SUBMITTED,2026-08-07T13:27:18.995621+00:00
cap_20260807T132702610604,cycle_20260807,08/08/2026,03:30 (ET),IND@CHI,Indiana Fever,NOT_YET_SUBMITTED,2026-08-07T13:27:18.995621+00:00
cap_20260807T132702610604,cycle_20260807,08/08/2026,03:30 (ET),IND@CHI,Chicago Sky,NOT_YET_SUBMITTED,2026-08-07T13:27:18.995621+00:00
cap_20260807T132702610604,cycle_20260807,08/08/2026,08:30 (ET),SEA@PDX,Seattle Storm,NOT_YET_SUBMITTED,2026-08-07T13:27:18.995621+00:00
cap_20260807T132702610604,cycle_20260807,08/08/2026,08:30 (ET),SEA@PDX,Portland Fire,NOT_YET_SUBMITTED,2026-08-07T13:27:18.995621+00:00
cap_20260807T134203598375,cycle_20260807,08/08/2026,01:00 (ET),LVA@MIN,Las Vegas Aces,NOT_YET_SUBMITTED,2026-08-07T13:42:17.613566+00:00
cap_20260807T134203598375,cycle_20260807,08/08/2026,01:00 (ET),LVA@MIN,Minnesota Lynx,NOT_YET_SUBMITTED,2026-08-07T13:42:17.613566+00:00
cap_20260807T134203598375,cycle_20260807,08/08/2026,03:30 (ET),IND@CHI,Indiana Fever,NOT_YET_SUBMITTED,2026-08-07T13:42:17.613566+00:00
cap_20260807T134203598375,cycle_20260807,08/08/2026,03:30 (ET),IND@CHI,Chicago Sky,NOT_YET_SUBMITTED,2026-08-07T13:42:17.613566+00:00
cap_20260807T134203598375,cycle_20260807,08/08/2026,08:30 (ET),SEA@PDX,Seattle Storm,NOT_YET_SUBMITTED,2026-08-07T13:42:17.613566+00:00
cap_20260807T134203598375,cycle_20260807,08/08/2026,08:30 (ET),SEA@PDX,Portland Fire,NOT_YET_SUBMITTED,2026-08-07T13:42:17.613566+00:00
cap_20260807T135703547131,cycle_20260807,08/08/2026,01:00 (ET),LVA@MIN,Las Vegas Aces,NOT_YET_SUBMITTED,2026-08-07T13:57:28.097538+00:00
cap_20260807T135703547131,cycle_20260807,08/08/2026,01:00 (ET),LVA@MIN,Minnesota Lynx,NOT_YET_SUBMITTED,2026-08-07T13:57:28.097538+00:00
cap_20260807T135703547131,cycle_20260807,08/08/2026,03:30 (ET),IND@CHI,Indiana Fever,NOT_YET_SUBMITTED,2026-08-07T13:57:28.097538+00:00
cap_20260807T135703547131,cycle_20260807,08/08/2026,03:30 (ET),IND@CHI,Chicago Sky,NOT_YET_SUBMITTED,2026-08-07T13:57:28.097538+00:00
cap_20260807T135703547131,cycle_20260807,08/08/2026,08:30 (ET),SEA@PDX,Seattle Storm,NOT_YET_SUBMITTED,2026-08-07T13:57:28.097538+00:00
cap_20260807T135703547131,cycle_20260807,08/08/2026,08:30 (ET),SEA@PDX,Portland Fire,NOT_YET_SUBMITTED,2026-08-07T13:57:28.097538+00:00
cap_20260807T141203947530,cycle_20260807,08/08/2026,01:00 (ET),LVA@MIN,Las Vegas Aces,NOT_YET_SUBMITTED,2026-08-07T14:12:18.621410+00:00
cap_20260807T141203947530,cycle_20260807,08/08/2026,01:00 (ET),LVA@MIN,Minnesota Lynx,NOT_YET_SUBMITTED,2026-08-07T14:12:18.621410+00:00
cap_20260807T141203947530,cycle_20260807,08/08/2026,03:30 (ET),IND@CHI,Indiana Fever,NOT_YET_SUBMITTED,2026-08-07T14:12:18.621410+00:00
cap_20260807T141203947530,cycle_20260807,08/08/2026,03:30 (ET),IND@CHI,Chicago Sky,NOT_YET_SUBMITTED,2026-08-07T14:12:18.621410+00:00
cap_20260807T141203947530,cycle_20260807,08/08/2026,08:30 (ET),SEA@PDX,Seattle Storm,NOT_YET_SUBMITTED,2026-08-07T14:12:18.621410+00:00
cap_20260807T141203947530,cycle_20260807,08/08/2026,08:30 (ET),SEA@PDX,Portland Fire,NOT_YET_SUBMITTED,2026-08-07T14:12:18.621410+00:00
cap_20260807T142703119896,cycle_20260807,08/08/2026,01:00 (ET),LVA@MIN,Las Vegas Aces,NOT_YET_SUBMITTED,2026-08-07T14:27:20.161004+00:00
cap_20260807T142703119896,cycle_20260807,08/08/2026,01:00 (ET),LVA@MIN,Minnesota Lynx,NOT_YET_SUBMITTED,2026-08-07T14:27:20.161004+00:00
cap_20260807T142703119896,cycle_20260807,08/08/2026,03:30 (ET),IND@CHI,Indiana Fever,NOT_YET_SUBMITTED,2026-08-07T14:27:20.161004+00:00
cap_20260807T142703119896,cycle_20260807,08/08/2026,03:30 (ET),IND@CHI,Chicago Sky,NOT_YET_SUBMITTED,2026-08-07T14:27:20.161004+00:00
cap_20260807T142703119896,cycle_20260807,08/08/2026,08:30 (ET),SEA@PDX,Seattle Storm,NOT_YET_SUBMITTED,2026-08-07T14:27:20.161004+00:00
cap_20260807T142703119896,cycle_20260807,08/08/2026,08:30 (ET),SEA@PDX,Portland Fire,NOT_YET_SUBMITTED,2026-08-07T14:27:20.161004+00:00
cap_20260807T144204093691,cycle_20260807,08/08/2026,01:00 (ET),LVA@MIN,Las Vegas Aces,NOT_YET_SUBMITTED,2026-08-07T14:42:23.758057+00:00
cap_20260807T144204093691,cycle_20260807,08/08/2026,01:00 (ET),LVA@MIN,Minnesota Lynx,NOT_YET_SUBMITTED,2026-08-07T14:42:23.758057+00:00
cap_20260807T144204093691,cycle_20260807,08/08/2026,03:30 (ET),IND@CHI,Indiana Fever,NOT_YET_SUBMITTED,2026-08-07T14:42:23.758057+00:00
cap_20260807T144204093691,cycle_20260807,08/08/2026,03:30 (ET),IND@CHI,Chicago Sky,NOT_YET_SUBMITTED,2026-08-07T14:42:23.758057+00:00
cap_20260807T144204093691,cycle_20260807,08/08/2026,08:30 (ET),SEA@PDX,Seattle Storm,NOT_YET_SUBMITTED,2026-08-07T14:42:23.758057+00:00
cap_20260807T144204093691,cycle_20260807,08/08/2026,08:30 (ET),SEA@PDX,Portland Fire,NOT_YET_SUBMITTED,2026-08-07T14:42:23.758057+00:00
cap_20260807T145702965223,cycle_20260807,08/08/2026,01:00 (ET),LVA@MIN,Las Vegas Aces,NOT_YET_SUBMITTED,2026-08-07T14:57:16.891481+00:00
cap_20260807T145702965223,cycle_20260807,08/08/2026,01:00 (ET),LVA@MIN,Minnesota Lynx,NOT_YET_SUBMITTED,2026-08-07T14:57:16.891481+00:00
cap_20260807T145702965223,cycle_20260807,08/08/2026,03:30 (ET),IND@CHI,Indiana Fever,NOT_YET_SUBMITTED,2026-08-07T14:57:16.891481+00:00
cap_20260807T145702965223,cycle_20260807,08/08/2026,03:30 (ET),IND@CHI,Chicago Sky,NOT_YET_SUBMITTED,2026-08-07T14:57:16.891481+00:00
cap_20260807T145702965223,cycle_20260807,08/08/2026,08:30 (ET),SEA@PDX,Seattle Storm,NOT_YET_SUBMITTED,2026-08-07T14:57:16.891481+00:00
cap_20260807T145702965223,cycle_20260807,08/08/2026,08:30 (ET),SEA@PDX,Portland Fire,NOT_YET_SUBMITTED,2026-08-07T14:57:16.891481+00:00
cap_20260807T151203350919,cycle_20260807,08/08/2026,01:00 (ET),LVA@MIN,Las Vegas Aces,NOT_YET_SUBMITTED,2026-08-07T15:12:17.319187+00:00
cap_20260807T151203350919,cycle_20260807,08/08/2026,01:00 (ET),LVA@MIN,Minnesota Lynx,NOT_YET_SUBMITTED,2026-08-07T15:12:17.319187+00:00
cap_20260807T151203350919,cycle_20260807,08/08/2026,03:30 (ET),IND@CHI,Indiana Fever,NOT_YET_SUBMITTED,2026-08-07T15:12:17.319187+00:00
cap_20260807T151203350919,cycle_20260807,08/08/2026,03:30 (ET),IND@CHI,Chicago Sky,NOT_YET_SUBMITTED,2026-08-07T15:12:17.319187+00:00
cap_20260807T151203350919,cycle_20260807,08/08/2026,08:30 (ET),SEA@PDX,Seattle Storm,NOT_YET_SUBMITTED,2026-08-07T15:12:17.319187+00:00
cap_20260807T151203350919,cycle_20260807,08/08/2026,08:30 (ET),SEA@PDX,Portland Fire,NOT_YET_SUBMITTED,2026-08-07T15:12:17.319187+00:00
cap_20260807T152703821510,cycle_20260807,08/08/2026,01:00 (ET),LVA@MIN,Las Vegas Aces,NOT_YET_SUBMITTED,2026-08-07T15:27:19.134259+00:00
cap_20260807T152703821510,cycle_20260807,08/08/2026,01:00 (ET),LVA@MIN,Minnesota Lynx,NOT_YET_SUBMITTED,2026-08-07T15:27:19.134259+00:00
cap_20260807T152703821510,cycle_20260807,08/08/2026,03:30 (ET),IND@CHI,Indiana Fever,NOT_YET_SUBMITTED,2026-08-07T15:27:19.134259+00:00
cap_20260807T152703821510,cycle_20260807,08/08/2026,03:30 (ET),IND@CHI,Chicago Sky,NOT_YET_SUBMITTED,2026-08-07T15:27:19.134259+00:00
cap_20260807T152703821510,cycle_20260807,08/08/2026,08:30 (ET),SEA@PDX,Seattle Storm,NOT_YET_SUBMITTED,2026-08-07T15:27:19.134259+00:00
cap_20260807T152703821510,cycle_20260807,08/08/2026,08:30 (ET),SEA@PDX,Portland Fire,NOT_YET_SUBMITTED,2026-08-07T15:27:19.134259+00:00
cap_20260807T154203498418,cycle_20260807,08/08/2026,01:00 (ET),LVA@MIN,Las Vegas Aces,NOT_YET_SUBMITTED,2026-08-07T15:42:22.558751+00:00
cap_20260807T154203498418,cycle_20260807,08/08/2026,01:00 (ET),LVA@MIN,Minnesota Lynx,NOT_YET_SUBMITTED,2026-08-07T15:42:22.558751+00:00
cap_20260807T154203498418,cycle_20260807,08/08/2026,03:30 (ET),IND@CHI,Indiana Fever,NOT_YET_SUBMITTED,2026-08-07T15:42:22.558751+00:00
cap_20260807T154203498418,cycle_20260807,08/08/2026,03:30 (ET),IND@CHI,Chicago Sky,NOT_YET_SUBMITTED,2026-08-07T15:42:22.558751+00:00
cap_20260807T154203498418,cycle_20260807,08/08/2026,08:30 (ET),SEA@PDX,Seattle Storm,NOT_YET_SUBMITTED,2026-08-07T15:42:22.558751+00:00
cap_20260807T154203498418,cycle_20260807,08/08/2026,08:30 (ET),SEA@PDX,Portland Fire,NOT_YET_SUBMITTED,2026-08-07T15:42:22.558751+00:00
cap_20260807T155703450449,cycle_20260807,08/08/2026,01:00 (ET),LVA@MIN,Las Vegas Aces,NOT_YET_SUBMITTED,2026-08-07T15:57:19.759470+00:00
cap_20260807T155703450449,cycle_20260807,08/08/2026,01:00 (ET),LVA@MIN,Minnesota Lynx,NOT_YET_SUBMITTED,2026-08-07T15:57:19.759470+00:00
cap_20260807T155703450449,cycle_20260807,08/08/2026,03:30 (ET),IND@CHI,Indiana Fever,NOT_YET_SUBMITTED,2026-08-07T15:57:19.759470+00:00
cap_20260807T155703450449,cycle_20260807,08/08/2026,03:30 (ET),IND@CHI,Chicago Sky,NOT_YET_SUBMITTED,2026-08-07T15:57:19.759470+00:00
cap_20260807T155703450449,cycle_20260807,08/08/2026,08:30 (ET),SEA@PDX,Seattle Storm,NOT_YET_SUBMITTED,2026-08-07T15:57:19.759470+00:00
cap_20260807T155703450449,cycle_20260807,08/08/2026,08:30 (ET),SEA@PDX,Portland Fire,NOT_YET_SUBMITTED,2026-08-07T15:57:19.759470+00:00
cap_20260807T161205029351,cycle_20260807,08/08/2026,01:00 (ET),LVA@MIN,Las Vegas Aces,NOT_YET_SUBMITTED,2026-08-07T16:12:21.523728+00:00
cap_20260807T161205029351,cycle_20260807,08/08/2026,01:00 (ET),LVA@MIN,Minnesota Lynx,NOT_YET_SUBMITTED,2026-08-07T16:12:21.523728+00:00
cap_20260807T161205029351,cycle_20260807,08/08/2026,03:30 (ET),IND@CHI,Indiana Fever,NOT_YET_SUBMITTED,2026-08-07T16:12:21.523728+00:00
cap_20260807T161205029351,cycle_20260807,08/08/2026,03:30 (ET),IND@CHI,Chicago Sky,NOT_YET_SUBMITTED,2026-08-07T16:12:21.523728+00:00
cap_20260807T161205029351,cycle_20260807,08/08/2026,08:30 (ET),SEA@PDX,Seattle Storm,NOT_YET_SUBMITTED,2026-08-07T16:12:21.523728+00:00
cap_20260807T161205029351,cycle_20260807,08/08/2026,08:30 (ET),SEA@PDX,Portland Fire,NOT_YET_SUBMITTED,2026-08-07T16:12:21.523728+00:00
cap_20260807T162702918025,cycle_20260807,08/08/2026,01:00 (ET),LVA@MIN,Las Vegas Aces,NOT_YET_SUBMITTED,2026-08-07T16:27:18.204709+00:00
cap_20260807T162702918025,cycle_20260807,08/08/2026,01:00 (ET),LVA@MIN,Minnesota Lynx,NOT_YET_SUBMITTED,2026-08-07T16:27:18.204709+00:00
cap_20260807T162702918025,cycle_20260807,08/08/2026,03:30 (ET),IND@CHI,Indiana Fever,NOT_YET_SUBMITTED,2026-08-07T16:27:18.204709+00:00
cap_20260807T162702918025,cycle_20260807,08/08/2026,03:30 (ET),IND@CHI,Chicago Sky,NOT_YET_SUBMITTED,2026-08-07T16:27:18.204709+00:00
cap_20260807T162702918025,cycle_20260807,08/08/2026,08:30 (ET),SEA@PDX,Seattle Storm,NOT_YET_SUBMITTED,2026-08-07T16:27:18.204709+00:00
cap_20260807T162702918025,cycle_20260807,08/08/2026,08:30 (ET),SEA@PDX,Portland Fire,NOT_YET_SUBMITTED,2026-08-07T16:27:18.204709+00:00
cap_20260807T164206079097,cycle_20260807,08/08/2026,01:00 (ET),LVA@MIN,Las Vegas Aces,NOT_YET_SUBMITTED,2026-08-07T16:42:23.827482+00:00
cap_20260807T164206079097,cycle_20260807,08/08/2026,01:00 (ET),LVA@MIN,Minnesota Lynx,NOT_YET_SUBMITTED,2026-08-07T16:42:23.827482+00:00
cap_20260807T164206079097,cycle_20260807,08/08/2026,03:30 (ET),IND@CHI,Indiana Fever,NOT_YET_SUBMITTED,2026-08-07T16:42:23.827482+00:00
cap_20260807T164206079097,cycle_20260807,08/08/2026,03:30 (ET),IND@CHI,Chicago Sky,NOT_YET_SUBMITTED,2026-08-07T16:42:23.827482+00:00
cap_20260807T164206079097,cycle_20260807,08/08/2026,08:30 (ET),SEA@PDX,Seattle Storm,NOT_YET_SUBMITTED,2026-08-07T16:42:23.827482+00:00
cap_20260807T164206079097,cycle_20260807,08/08/2026,08:30 (ET),SEA@PDX,Portland Fire,NOT_YET_SUBMITTED,2026-08-07T16:42:23.827482+00:00
cap_20260807T165703979424,cycle_20260807,08/08/2026,01:00 (ET),LVA@MIN,Las Vegas Aces,NOT_YET_SUBMITTED,2026-08-07T16:57:21.684092+00:00
cap_20260807T165703979424,cycle_20260807,08/08/2026,01:00 (ET),LVA@MIN,Minnesota Lynx,NOT_YET_SUBMITTED,2026-08-07T16:57:21.684092+00:00
cap_20260807T165703979424,cycle_20260807,08/08/2026,03:30 (ET),IND@CHI,Indiana Fever,NOT_YET_SUBMITTED,2026-08-07T16:57:21.684092+00:00
cap_20260807T165703979424,cycle_20260807,08/08/2026,03:30 (ET),IND@CHI,Chicago Sky,NOT_YET_SUBMITTED,2026-08-07T16:57:21.684092+00:00
cap_20260807T165703979424,cycle_20260807,08/08/2026,08:30 (ET),SEA@PDX,Seattle Storm,NOT_YET_SUBMITTED,2026-08-07T16:57:21.684092+00:00
cap_20260807T165703979424,cycle_20260807,08/08/2026,08:30 (ET),SEA@PDX,Portland Fire,NOT_YET_SUBMITTED,2026-08-07T16:57:21.684092+00:00
cap_20260807T171203505714,cycle_20260807,08/08/2026,01:00 (ET),LVA@MIN,Las Vegas Aces,NOT_YET_SUBMITTED,2026-08-07T17:12:19.872256+00:00
cap_20260807T171203505714,cycle_20260807,08/08/2026,01:00 (ET),LVA@MIN,Minnesota Lynx,NOT_YET_SUBMITTED,2026-08-07T17:12:19.872256+00:00
cap_20260807T171203505714,cycle_20260807,08/08/2026,03:30 (ET),IND@CHI,Indiana Fever,NOT_YET_SUBMITTED,2026-08-07T17:12:19.872256+00:00
cap_20260807T171203505714,cycle_20260807,08/08/2026,03:30 (ET),IND@CHI,Chicago Sky,NOT_YET_SUBMITTED,2026-08-07T17:12:19.872256+00:00
cap_20260807T171203505714,cycle_20260807,08/08/2026,08:30 (ET),SEA@PDX,Seattle Storm,NOT_YET_SUBMITTED,2026-08-07T17:12:19.872256+00:00
cap_20260807T171203505714,cycle_20260807,08/08/2026,08:30 (ET),SEA@PDX,Portland Fire,NOT_YET_SUBMITTED,2026-08-07T17:12:19.872256+00:00
cap_20260807T172703189386,cycle_20260807,08/08/2026,01:00 (ET),LVA@MIN,Las Vegas Aces,NOT_YET_SUBMITTED,2026-08-07T17:27:17.656302+00:00
cap_20260807T172703189386,cycle_20260807,08/08/2026,01:00 (ET),LVA@MIN,Minnesota Lynx,NOT_YET_SUBMITTED,2026-08-07T17:27:17.656302+00:00
cap_20260807T172703189386,cycle_20260807,08/08/2026,03:30 (ET),IND@CHI,Indiana Fever,NOT_YET_SUBMITTED,2026-08-07T17:27:17.656302+00:00
cap_20260807T172703189386,cycle_20260807,08/08/2026,03:30 (ET),IND@CHI,Chicago Sky,NOT_YET_SUBMITTED,2026-08-07T17:27:17.656302+00:00
cap_20260807T172703189386,cycle_20260807,08/08/2026,08:30 (ET),SEA@PDX,Seattle Storm,NOT_YET_SUBMITTED,2026-08-07T17:27:17.656302+00:00
cap_20260807T172703189386,cycle_20260807,08/08/2026,08:30 (ET),SEA@PDX,Portland Fire,NOT_YET_SUBMITTED,2026-08-07T17:27:17.656302+00:00
cap_20260807T174203021044,cycle_20260807,08/08/2026,01:00 (ET),LVA@MIN,Las Vegas Aces,NOT_YET_SUBMITTED,2026-08-07T17:42:16.742893+00:00
cap_20260807T174203021044,cycle_20260807,08/08/2026,01:00 (ET),LVA@MIN,Minnesota Lynx,NOT_YET_SUBMITTED,2026-08-07T17:42:16.742893+00:00
cap_20260807T174203021044,cycle_20260807,08/08/2026,03:30 (ET),IND@CHI,Indiana Fever,NOT_YET_SUBMITTED,2026-08-07T17:42:16.742893+00:00
cap_20260807T174203021044,cycle_20260807,08/08/2026,03:30 (ET),IND@CHI,Chicago Sky,NOT_YET_SUBMITTED,2026-08-07T17:42:16.742893+00:00
cap_20260807T174203021044,cycle_20260807,08/08/2026,08:30 (ET),SEA@PDX,Seattle Storm,NOT_YET_SUBMITTED,2026-08-07T17:42:16.742893+00:00
cap_20260807T174203021044,cycle_20260807,08/08/2026,08:30 (ET),SEA@PDX,Portland Fire,NOT_YET_SUBMITTED,2026-08-07T17:42:16.742893+00:00
cap_20260807T175703411902,cycle_20260807,08/08/2026,01:00 (ET),LVA@MIN,Las Vegas Aces,NOT_YET_SUBMITTED,2026-08-07T17:57:21.393470+00:00
cap_20260807T175703411902,cycle_20260807,08/08/2026,01:00 (ET),LVA@MIN,Minnesota Lynx,NOT_YET_SUBMITTED,2026-08-07T17:57:21.393470+00:00
cap_20260807T175703411902,cycle_20260807,08/08/2026,03:30 (ET),IND@CHI,Indiana Fever,NOT_YET_SUBMITTED,2026-08-07T17:57:21.393470+00:00
cap_20260807T175703411902,cycle_20260807,08/08/2026,03:30 (ET),IND@CHI,Chicago Sky,NOT_YET_SUBMITTED,2026-08-07T17:57:21.393470+00:00
cap_20260807T175703411902,cycle_20260807,08/08/2026,08:30 (ET),SEA@PDX,Seattle Storm,NOT_YET_SUBMITTED,2026-08-07T17:57:21.393470+00:00
cap_20260807T175703411902,cycle_20260807,08/08/2026,08:30 (ET),SEA@PDX,Portland Fire,NOT_YET_SUBMITTED,2026-08-07T17:57:21.393470+00:00
cap_20260807T181203373478,cycle_20260807,08/08/2026,01:00 (ET),LVA@MIN,Las Vegas Aces,NOT_YET_SUBMITTED,2026-08-07T18:12:19.258803+00:00
cap_20260807T181203373478,cycle_20260807,08/08/2026,01:00 (ET),LVA@MIN,Minnesota Lynx,NOT_YET_SUBMITTED,2026-08-07T18:12:19.258803+00:00
cap_20260807T181203373478,cycle_20260807,08/08/2026,03:30 (ET),IND@CHI,Indiana Fever,NOT_YET_SUBMITTED,2026-08-07T18:12:19.258803+00:00
cap_20260807T181203373478,cycle_20260807,08/08/2026,03:30 (ET),IND@CHI,Chicago Sky,NOT_YET_SUBMITTED,2026-08-07T18:12:19.258803+00:00
cap_20260807T181203373478,cycle_20260807,08/08/2026,08:30 (ET),SEA@PDX,Seattle Storm,NOT_YET_SUBMITTED,2026-08-07T18:12:19.258803+00:00
cap_20260807T181203373478,cycle_20260807,08/08/2026,08:30 (ET),SEA@PDX,Portland Fire,NOT_YET_SUBMITTED,2026-08-07T18:12:19.258803+00:00
cap_20260807T182702641040,cycle_20260807,08/08/2026,01:00 (ET),LVA@MIN,Las Vegas Aces,NOT_YET_SUBMITTED,2026-08-07T18:27:15.805892+00:00
cap_20260807T182702641040,cycle_20260807,08/08/2026,01:00 (ET),LVA@MIN,Minnesota Lynx,NOT_YET_SUBMITTED,2026-08-07T18:27:15.805892+00:00
cap_20260807T182702641040,cycle_20260807,08/08/2026,03:30 (ET),IND@CHI,Indiana Fever,NOT_YET_SUBMITTED,2026-08-07T18:27:15.805892+00:00
cap_20260807T182702641040,cycle_20260807,08/08/2026,03:30 (ET),IND@CHI,Chicago Sky,NOT_YET_SUBMITTED,2026-08-07T18:27:15.805892+00:00
cap_20260807T182702641040,cycle_20260807,08/08/2026,08:30 (ET),SEA@PDX,Seattle Storm,NOT_YET_SUBMITTED,2026-08-07T18:27:15.805892+00:00
cap_20260807T182702641040,cycle_20260807,08/08/2026,08:30 (ET),SEA@PDX,Portland Fire,NOT_YET_SUBMITTED,2026-08-07T18:27:15.805892+00:00
cap_20260807T184203846043,cycle_20260807,08/08/2026,01:00 (ET),LVA@MIN,Las Vegas Aces,NOT_YET_SUBMITTED,2026-08-07T18:42:21.655381+00:00
cap_20260807T184203846043,cycle_20260807,08/08/2026,01:00 (ET),LVA@MIN,Minnesota Lynx,NOT_YET_SUBMITTED,2026-08-07T18:42:21.655381+00:00
cap_20260807T184203846043,cycle_20260807,08/08/2026,03:30 (ET),IND@CHI,Indiana Fever,NOT_YET_SUBMITTED,2026-08-07T18:42:21.655381+00:00
cap_20260807T184203846043,cycle_20260807,08/08/2026,03:30 (ET),IND@CHI,Chicago Sky,NOT_YET_SUBMITTED,2026-08-07T18:42:21.655381+00:00
cap_20260807T184203846043,cycle_20260807,08/08/2026,08:30 (ET),SEA@PDX,Seattle Storm,NOT_YET_SUBMITTED,2026-08-07T18:42:21.655381+00:00
cap_20260807T184203846043,cycle_20260807,08/08/2026,08:30 (ET),SEA@PDX,Portland Fire,NOT_YET_SUBMITTED,2026-08-07T18:42:21.655381+00:00
cap_20260807T185702821639,cycle_20260807,08/08/2026,01:00 (ET),LVA@MIN,Las Vegas Aces,NOT_YET_SUBMITTED,2026-08-07T18:57:16.178090+00:00
cap_20260807T185702821639,cycle_20260807,08/08/2026,01:00 (ET),LVA@MIN,Minnesota Lynx,NOT_YET_SUBMITTED,2026-08-07T18:57:16.178090+00:00
cap_20260807T185702821639,cycle_20260807,08/08/2026,03:30 (ET),IND@CHI,Indiana Fever,NOT_YET_SUBMITTED,2026-08-07T18:57:16.178090+00:00
cap_20260807T185702821639,cycle_20260807,08/08/2026,03:30 (ET),IND@CHI,Chicago Sky,NOT_YET_SUBMITTED,2026-08-07T18:57:16.178090+00:00
cap_20260807T185702821639,cycle_20260807,08/08/2026,08:30 (ET),SEA@PDX,Seattle Storm,NOT_YET_SUBMITTED,2026-08-07T18:57:16.178090+00:00
cap_20260807T185702821639,cycle_20260807,08/08/2026,08:30 (ET),SEA@PDX,Portland Fire,NOT_YET_SUBMITTED,2026-08-07T18:57:16.178090+00:00
cap_20260807T191203380378,cycle_20260807,08/08/2026,01:00 (ET),LVA@MIN,Las Vegas Aces,NOT_YET_SUBMITTED,2026-08-07T19:12:22.058379+00:00
cap_20260807T191203380378,cycle_20260807,08/08/2026,01:00 (ET),LVA@MIN,Minnesota Lynx,NOT_YET_SUBMITTED,2026-08-07T19:12:22.058379+00:00
cap_20260807T191203380378,cycle_20260807,08/08/2026,03:30 (ET),IND@CHI,Indiana Fever,NOT_YET_SUBMITTED,2026-08-07T19:12:22.058379+00:00
cap_20260807T191203380378,cycle_20260807,08/08/2026,03:30 (ET),IND@CHI,Chicago Sky,NOT_YET_SUBMITTED,2026-08-07T19:12:22.058379+00:00
cap_20260807T191203380378,cycle_20260807,08/08/2026,08:30 (ET),SEA@PDX,Seattle Storm,NOT_YET_SUBMITTED,2026-08-07T19:12:22.058379+00:00
cap_20260807T191203380378,cycle_20260807,08/08/2026,08:30 (ET),SEA@PDX,Portland Fire,NOT_YET_SUBMITTED,2026-08-07T19:12:22.058379+00:00
cap_20260807T192702701544,cycle_20260807,08/08/2026,01:00 (ET),LVA@MIN,Las Vegas Aces,NOT_YET_SUBMITTED,2026-08-07T19:27:16.559785+00:00
cap_20260807T192702701544,cycle_20260807,08/08/2026,01:00 (ET),LVA@MIN,Minnesota Lynx,NOT_YET_SUBMITTED,2026-08-07T19:27:16.559785+00:00
cap_20260807T192702701544,cycle_20260807,08/08/2026,03:30 (ET),IND@CHI,Indiana Fever,NOT_YET_SUBMITTED,2026-08-07T19:27:16.559785+00:00
cap_20260807T192702701544,cycle_20260807,08/08/2026,03:30 (ET),IND@CHI,Chicago Sky,NOT_YET_SUBMITTED,2026-08-07T19:27:16.559785+00:00
cap_20260807T192702701544,cycle_20260807,08/08/2026,08:30 (ET),SEA@PDX,Seattle Storm,NOT_YET_SUBMITTED,2026-08-07T19:27:16.559785+00:00
cap_20260807T192702701544,cycle_20260807,08/08/2026,08:30 (ET),SEA@PDX,Portland Fire,NOT_YET_SUBMITTED,2026-08-07T19:27:16.559785+00:00
cap_20260807T194205334149,cycle_20260807,08/08/2026,01:00 (ET),LVA@MIN,Las Vegas Aces,NOT_YET_SUBMITTED,2026-08-07T19:42:41.934753+00:00
cap_20260807T194205334149,cycle_20260807,08/08/2026,01:00 (ET),LVA@MIN,Minnesota Lynx,NOT_YET_SUBMITTED,2026-08-07T19:42:41.934753+00:00
cap_20260807T194205334149,cycle_20260807,08/08/2026,03:30 (ET),IND@CHI,Indiana Fever,NOT_YET_SUBMITTED,2026-08-07T19:42:41.934753+00:00
cap_20260807T194205334149,cycle_20260807,08/08/2026,03:30 (ET),IND@CHI,Chicago Sky,NOT_YET_SUBMITTED,2026-08-07T19:42:41.934753+00:00
cap_20260807T194205334149,cycle_20260807,08/08/2026,08:30 (ET),SEA@PDX,Seattle Storm,NOT_YET_SUBMITTED,2026-08-07T19:42:41.934753+00:00
cap_20260807T194205334149,cycle_20260807,08/08/2026,08:30 (ET),SEA@PDX,Portland Fire,NOT_YET_SUBMITTED,2026-08-07T19:42:41.934753+00:00
cap_20260807T195702518150,cycle_20260807,08/08/2026,01:00 (ET),LVA@MIN,Las Vegas Aces,NOT_YET_SUBMITTED,2026-08-07T19:57:15.732010+00:00
cap_20260807T195702518150,cycle_20260807,08/08/2026,01:00 (ET),LVA@MIN,Minnesota Lynx,NOT_YET_SUBMITTED,2026-08-07T19:57:15.732010+00:00
cap_20260807T195702518150,cycle_20260807,08/08/2026,03:30 (ET),IND@CHI,Indiana Fever,NOT_YET_SUBMITTED,2026-08-07T19:57:15.732010+00:00
cap_20260807T195702518150,cycle_20260807,08/08/2026,03:30 (ET),IND@CHI,Chicago Sky,NOT_YET_SUBMITTED,2026-08-07T19:57:15.732010+00:00
cap_20260807T195702518150,cycle_20260807,08/08/2026,08:30 (ET),SEA@PDX,Seattle Storm,NOT_YET_SUBMITTED,2026-08-07T19:57:15.732010+00:00
cap_20260807T195702518150,cycle_20260807,08/08/2026,08:30 (ET),SEA@PDX,Portland Fire,NOT_YET_SUBMITTED,2026-08-07T19:57:15.732010+00:00
cap_20260807T201202601209,cycle_20260807,08/08/2026,01:00 (ET),LVA@MIN,Las Vegas Aces,NOT_YET_SUBMITTED,2026-08-07T20:12:16.493371+00:00
cap_20260807T201202601209,cycle_20260807,08/08/2026,01:00 (ET),LVA@MIN,Minnesota Lynx,NOT_YET_SUBMITTED,2026-08-07T20:12:16.493371+00:00
cap_20260807T201202601209,cycle_20260807,08/08/2026,03:30 (ET),IND@CHI,Indiana Fever,NOT_YET_SUBMITTED,2026-08-07T20:12:16.493371+00:00
cap_20260807T201202601209,cycle_20260807,08/08/2026,03:30 (ET),IND@CHI,Chicago Sky,NOT_YET_SUBMITTED,2026-08-07T20:12:16.493371+00:00
cap_20260807T201202601209,cycle_20260807,08/08/2026,08:30 (ET),SEA@PDX,Seattle Storm,NOT_YET_SUBMITTED,2026-08-07T20:12:16.493371+00:00
cap_20260807T201202601209,cycle_20260807,08/08/2026,08:30 (ET),SEA@PDX,Portland Fire,NOT_YET_SUBMITTED,2026-08-07T20:12:16.493371+00:00
cap_20260807T202702932742,cycle_20260807,08/08/2026,01:00 (ET),LVA@MIN,Las Vegas Aces,NOT_YET_SUBMITTED,2026-08-07T20:27:16.605052+00:00
cap_20260807T202702932742,cycle_20260807,08/08/2026,01:00 (ET),LVA@MIN,Minnesota Lynx,NOT_YET_SUBMITTED,2026-08-07T20:27:16.605052+00:00
cap_20260807T202702932742,cycle_20260807,08/08/2026,03:30 (ET),IND@CHI,Indiana Fever,NOT_YET_SUBMITTED,2026-08-07T20:27:16.605052+00:00
cap_20260807T202702932742,cycle_20260807,08/08/2026,03:30 (ET),IND@CHI,Chicago Sky,NOT_YET_SUBMITTED,2026-08-07T20:27:16.605052+00:00
cap_20260807T202702932742,cycle_20260807,08/08/2026,08:30 (ET),SEA@PDX,Seattle Storm,NOT_YET_SUBMITTED,2026-08-07T20:27:16.605052+00:00
cap_20260807T202702932742,cycle_20260807,08/08/2026,08:30 (ET),SEA@PDX,Portland Fire,NOT_YET_SUBMITTED,2026-08-07T20:27:16.605052+00:00
cap_20260807T204202909446,cycle_20260807,08/08/2026,01:00 (ET),LVA@MIN,Las Vegas Aces,NOT_YET_SUBMITTED,2026-08-07T20:42:16.891779+00:00
cap_20260807T204202909446,cycle_20260807,08/08/2026,01:00 (ET),LVA@MIN,Minnesota Lynx,NOT_YET_SUBMITTED,2026-08-07T20:42:16.891779+00:00
cap_20260807T204202909446,cycle_20260807,08/08/2026,03:30 (ET),IND@CHI,Indiana Fever,NOT_YET_SUBMITTED,2026-08-07T20:42:16.891779+00:00
cap_20260807T204202909446,cycle_20260807,08/08/2026,03:30 (ET),IND@CHI,Chicago Sky,NOT_YET_SUBMITTED,2026-08-07T20:42:16.891779+00:00
cap_20260807T204202909446,cycle_20260807,08/08/2026,08:30 (ET),SEA@PDX,Seattle Storm,NOT_YET_SUBMITTED,2026-08-07T20:42:16.891779+00:00
cap_20260807T204202909446,cycle_20260807,08/08/2026,08:30 (ET),SEA@PDX,Portland Fire,NOT_YET_SUBMITTED,2026-08-07T20:42:16.891779+00:00
cap_20260807T205702687719,cycle_20260807,08/08/2026,01:00 (ET),LVA@MIN,Las Vegas Aces,NOT_YET_SUBMITTED,2026-08-07T20:57:16.626788+00:00
cap_20260807T205702687719,cycle_20260807,08/08/2026,01:00 (ET),LVA@MIN,Minnesota Lynx,NOT_YET_SUBMITTED,2026-08-07T20:57:16.626788+00:00
cap_20260807T205702687719,cycle_20260807,08/08/2026,03:30 (ET),IND@CHI,Indiana Fever,NOT_YET_SUBMITTED,2026-08-07T20:57:16.626788+00:00
cap_20260807T205702687719,cycle_20260807,08/08/2026,03:30 (ET),IND@CHI,Chicago Sky,NOT_YET_SUBMITTED,2026-08-07T20:57:16.626788+00:00
cap_20260807T205702687719,cycle_20260807,08/08/2026,08:30 (ET),SEA@PDX,Seattle Storm,NOT_YET_SUBMITTED,2026-08-07T20:57:16.626788+00:00
cap_20260807T205702687719,cycle_20260807,08/08/2026,08:30 (ET),SEA@PDX,Portland Fire,NOT_YET_SUBMITTED,2026-08-07T20:57:16.626788+00:00
cap_20260807T211202992082,cycle_20260807,08/08/2026,01:00 (ET),LVA@MIN,Las Vegas Aces,NOT_YET_SUBMITTED,2026-08-07T21:12:17.309228+00:00
cap_20260807T211202992082,cycle_20260807,08/08/2026,01:00 (ET),LVA@MIN,Minnesota Lynx,NOT_YET_SUBMITTED,2026-08-07T21:12:17.309228+00:00
cap_20260807T211202992082,cycle_20260807,08/08/2026,03:30 (ET),IND@CHI,Indiana Fever,NOT_YET_SUBMITTED,2026-08-07T21:12:17.309228+00:00
cap_20260807T211202992082,cycle_20260807,08/08/2026,03:30 (ET),IND@CHI,Chicago Sky,NOT_YET_SUBMITTED,2026-08-07T21:12:17.309228+00:00
cap_20260807T211202992082,cycle_20260807,08/08/2026,08:30 (ET),SEA@PDX,Seattle Storm,NOT_YET_SUBMITTED,2026-08-07T21:12:17.309228+00:00
cap_20260807T211202992082,cycle_20260807,08/08/2026,08:30 (ET),SEA@PDX,Portland Fire,NOT_YET_SUBMITTED,2026-08-07T21:12:17.309228+00:00
cap_20260807T212702855208,cycle_20260807,08/08/2026,01:00 (ET),LVA@MIN,Las Vegas Aces,NOT_YET_SUBMITTED,2026-08-07T21:27:15.767162+00:00
cap_20260807T212702855208,cycle_20260807,08/08/2026,01:00 (ET),LVA@MIN,Minnesota Lynx,NOT_YET_SUBMITTED,2026-08-07T21:27:15.767162+00:00
cap_20260807T212702855208,cycle_20260807,08/08/2026,03:30 (ET),IND@CHI,Indiana Fever,NOT_YET_SUBMITTED,2026-08-07T21:27:15.767162+00:00
cap_20260807T212702855208,cycle_20260807,08/08/2026,03:30 (ET),IND@CHI,Chicago Sky,NOT_YET_SUBMITTED,2026-08-07T21:27:15.767162+00:00
cap_20260807T212702855208,cycle_20260807,08/08/2026,08:30 (ET),SEA@PDX,Seattle Storm,NOT_YET_SUBMITTED,2026-08-07T21:27:15.767162+00:00
cap_20260807T212702855208,cycle_20260807,08/08/2026,08:30 (ET),SEA@PDX,Portland Fire,NOT_YET_SUBMITTED,2026-08-07T21:27:15.767162+00:00
cap_20260807T214202571837,cycle_20260807,08/08/2026,01:00 (ET),LVA@MIN,Las Vegas Aces,NOT_YET_SUBMITTED,2026-08-07T21:42:16.142201+00:00
cap_20260807T214202571837,cycle_20260807,08/08/2026,01:00 (ET),LVA@MIN,Minnesota Lynx,NOT_YET_SUBMITTED,2026-08-07T21:42:16.142201+00:00
cap_20260807T214202571837,cycle_20260807,08/08/2026,03:30 (ET),IND@CHI,Indiana Fever,NOT_YET_SUBMITTED,2026-08-07T21:42:16.142201+00:00
cap_20260807T214202571837,cycle_20260807,08/08/2026,03:30 (ET),IND@CHI,Chicago Sky,NOT_YET_SUBMITTED,2026-08-07T21:42:16.142201+00:00
cap_20260807T214202571837,cycle_20260807,08/08/2026,08:30 (ET),SEA@PDX,Seattle Storm,NOT_YET_SUBMITTED,2026-08-07T21:42:16.142201+00:00
cap_20260807T214202571837,cycle_20260807,08/08/2026,08:30 (ET),SEA@PDX,Portland Fire,NOT_YET_SUBMITTED,2026-08-07T21:42:16.142201+00:00
cap_20260807T215702835062,cycle_20260807,08/08/2026,01:00 (ET),LVA@MIN,Las Vegas Aces,NOT_YET_SUBMITTED,2026-08-07T21:57:16.388679+00:00
cap_20260807T215702835062,cycle_20260807,08/08/2026,01:00 (ET),LVA@MIN,Minnesota Lynx,NOT_YET_SUBMITTED,2026-08-07T21:57:16.388679+00:00
cap_20260807T215702835062,cycle_20260807,08/08/2026,03:30 (ET),IND@CHI,Indiana Fever,NOT_YET_SUBMITTED,2026-08-07T21:57:16.388679+00:00
cap_20260807T215702835062,cycle_20260807,08/08/2026,03:30 (ET),IND@CHI,Chicago Sky,NOT_YET_SUBMITTED,2026-08-07T21:57:16.388679+00:00
cap_20260807T215702835062,cycle_20260807,08/08/2026,08:30 (ET),SEA@PDX,Seattle Storm,NOT_YET_SUBMITTED,2026-08-07T21:57:16.388679+00:00
cap_20260807T215702835062,cycle_20260807,08/08/2026,08:30 (ET),SEA@PDX,Portland Fire,NOT_YET_SUBMITTED,2026-08-07T21:57:16.388679+00:00
cap_20260807T221202594329,cycle_20260807,08/08/2026,01:00 (ET),LVA@MIN,Minnesota Lynx,NOT_YET_SUBMITTED,2026-08-07T22:12:18.793112+00:00
cap_20260807T221202594329,cycle_20260807,08/08/2026,08:30 (ET),SEA@PDX,Seattle Storm,NOT_YET_SUBMITTED,2026-08-07T22:12:18.793112+00:00
cap_20260807T221202594329,cycle_20260807,08/08/2026,08:30 (ET),SEA@PDX,Portland Fire,NOT_YET_SUBMITTED,2026-08-07T22:12:18.793112+00:00
cap_20260807T222702751625,cycle_20260807,08/08/2026,08:30 (ET),SEA@PDX,Seattle Storm,NOT_YET_SUBMITTED,2026-08-07T22:27:17.030289+00:00
cap_20260807T222702751625,cycle_20260807,08/08/2026,08:30 (ET),SEA@PDX,Portland Fire,NOT_YET_SUBMITTED,2026-08-07T22:27:17.030289+00:00
cap_20260807T224202569043,cycle_20260807,08/08/2026,08:30 (ET),SEA@PDX,Seattle Storm,NOT_YET_SUBMITTED,2026-08-07T22:42:15.520941+00:00
cap_20260807T224202569043,cycle_20260807,08/08/2026,08:30 (ET),SEA@PDX,Portland Fire,NOT_YET_SUBMITTED,2026-08-07T22:42:15.520941+00:00
cap_20260807T225702459009,cycle_20260807,08/08/2026,08:30 (ET),SEA@PDX,Seattle Storm,NOT_YET_SUBMITTED,2026-08-07T22:57:15.138782+00:00
cap_20260807T225702459009,cycle_20260807,08/08/2026,08:30 (ET),SEA@PDX,Portland Fire,NOT_YET_SUBMITTED,2026-08-07T22:57:15.138782+00:00
cap_20260807T231202931775,cycle_20260807,08/08/2026,08:30 (ET),SEA@PDX,Seattle Storm,NOT_YET_SUBMITTED,2026-08-07T23:12:17.002718+00:00
cap_20260807T231202931775,cycle_20260807,08/08/2026,08:30 (ET),SEA@PDX,Portland Fire,NOT_YET_SUBMITTED,2026-08-07T23:12:17.002718+00:00
cap_20260807T232702817576,cycle_20260807,08/08/2026,08:30 (ET),SEA@PDX,Seattle Storm,NOT_YET_SUBMITTED,2026-08-07T23:27:15.333816+00:00
cap_20260807T232702817576,cycle_20260807,08/08/2026,08:30 (ET),SEA@PDX,Portland Fire,NOT_YET_SUBMITTED,2026-08-07T23:27:15.333816+00:00
cap_20260807T234202904700,cycle_20260807,08/08/2026,08:30 (ET),SEA@PDX,Seattle Storm,NOT_YET_SUBMITTED,2026-08-07T23:42:17.293561+00:00
cap_20260807T234202904700,cycle_20260807,08/08/2026,08:30 (ET),SEA@PDX,Portland Fire,NOT_YET_SUBMITTED,2026-08-07T23:42:17.293561+00:00
cap_20260807T235704733853,cycle_20260807,08/08/2026,08:30 (ET),SEA@PDX,Seattle Storm,NOT_YET_SUBMITTED,2026-08-07T23:57:24.797115+00:00
cap_20260808T041203919775,cycle_20260808,08/09/2026,03:00 (ET),PHX@WAS,Phoenix Mercury,NOT_YET_SUBMITTED,2026-08-08T04:12:18.753217+00:00
cap_20260808T041203919775,cycle_20260808,08/09/2026,03:00 (ET),PHX@WAS,Washington Mystics,NOT_YET_SUBMITTED,2026-08-08T04:12:18.753217+00:00
cap_20260808T041203919775,cycle_20260808,08/09/2026,03:30 (ET),DAL@MIN,Dallas Wings,NOT_YET_SUBMITTED,2026-08-08T04:12:18.753217+00:00
cap_20260808T041203919775,cycle_20260808,08/09/2026,03:30 (ET),DAL@MIN,Minnesota Lynx,NOT_YET_SUBMITTED,2026-08-08T04:12:18.753217+00:00
cap_20260808T041203919775,cycle_20260808,08/09/2026,07:00 (ET),GSV@LAS,Golden State Valkyries,NOT_YET_SUBMITTED,2026-08-08T04:12:18.753217+00:00
cap_20260808T041203919775,cycle_20260808,08/09/2026,07:00 (ET),GSV@LAS,Los Angeles Sparks,NOT_YET_SUBMITTED,2026-08-08T04:12:18.753217+00:00
cap_20260808T041203919775,cycle_20260808,08/09/2026,12:30 (ET),LVA@NYL,Las Vegas Aces,NOT_YET_SUBMITTED,2026-08-08T04:12:18.753217+00:00
cap_20260808T041203919775,cycle_20260808,08/09/2026,12:30 (ET),LVA@NYL,New York Liberty,NOT_YET_SUBMITTED,2026-08-08T04:12:18.753217+00:00
cap_20260808T042702867236,cycle_20260808,08/09/2026,03:00 (ET),PHX@WAS,Phoenix Mercury,NOT_YET_SUBMITTED,2026-08-08T04:27:17.721740+00:00
cap_20260808T042702867236,cycle_20260808,08/09/2026,03:00 (ET),PHX@WAS,Washington Mystics,NOT_YET_SUBMITTED,2026-08-08T04:27:17.721740+00:00
cap_20260808T042702867236,cycle_20260808,08/09/2026,03:30 (ET),DAL@MIN,Dallas Wings,NOT_YET_SUBMITTED,2026-08-08T04:27:17.721740+00:00
cap_20260808T042702867236,cycle_20260808,08/09/2026,03:30 (ET),DAL@MIN,Minnesota Lynx,NOT_YET_SUBMITTED,2026-08-08T04:27:17.721740+00:00
cap_20260808T042702867236,cycle_20260808,08/09/2026,07:00 (ET),GSV@LAS,Golden State Valkyries,NOT_YET_SUBMITTED,2026-08-08T04:27:17.721740+00:00
cap_20260808T042702867236,cycle_20260808,08/09/2026,07:00 (ET),GSV@LAS,Los Angeles Sparks,NOT_YET_SUBMITTED,2026-08-08T04:27:17.721740+00:00
cap_20260808T042702867236,cycle_20260808,08/09/2026,12:30 (ET),LVA@NYL,Las Vegas Aces,NOT_YET_SUBMITTED,2026-08-08T04:27:17.721740+00:00
cap_20260808T042702867236,cycle_20260808,08/09/2026,12:30 (ET),LVA@NYL,New York Liberty,NOT_YET_SUBMITTED,2026-08-08T04:27:17.721740+00:00
cap_20260808T044202789881,cycle_20260808,08/09/2026,03:00 (ET),PHX@WAS,Phoenix Mercury,NOT_YET_SUBMITTED,2026-08-08T04:42:15.549094+00:00
cap_20260808T044202789881,cycle_20260808,08/09/2026,03:00 (ET),PHX@WAS,Washington Mystics,NOT_YET_SUBMITTED,2026-08-08T04:42:15.549094+00:00
cap_20260808T044202789881,cycle_20260808,08/09/2026,03:30 (ET),DAL@MIN,Dallas Wings,NOT_YET_SUBMITTED,2026-08-08T04:42:15.549094+00:00
cap_20260808T044202789881,cycle_20260808,08/09/2026,03:30 (ET),DAL@MIN,Minnesota Lynx,NOT_YET_SUBMITTED,2026-08-08T04:42:15.549094+00:00
cap_20260808T044202789881,cycle_20260808,08/09/2026,07:00 (ET),GSV@LAS,Golden State Valkyries,NOT_YET_SUBMITTED,2026-08-08T04:42:15.549094+00:00
cap_20260808T044202789881,cycle_20260808,08/09/2026,07:00 (ET),GSV@LAS,Los Angeles Sparks,NOT_YET_SUBMITTED,2026-08-08T04:42:15.549094+00:00
cap_20260808T044202789881,cycle_20260808,08/09/2026,12:30 (ET),LVA@NYL,Las Vegas Aces,NOT_YET_SUBMITTED,2026-08-08T04:42:15.549094+00:00
cap_20260808T044202789881,cycle_20260808,08/09/2026,12:30 (ET),LVA@NYL,New York Liberty,NOT_YET_SUBMITTED,2026-08-08T04:42:15.549094+00:00
cap_20260808T045702559415,cycle_20260808,08/09/2026,03:00 (ET),PHX@WAS,Phoenix Mercury,NOT_YET_SUBMITTED,2026-08-08T04:57:14.860588+00:00
cap_20260808T045702559415,cycle_20260808,08/09/2026,03:00 (ET),PHX@WAS,Washington Mystics,NOT_YET_SUBMITTED,2026-08-08T04:57:14.860588+00:00
cap_20260808T045702559415,cycle_20260808,08/09/2026,03:30 (ET),DAL@MIN,Dallas Wings,NOT_YET_SUBMITTED,2026-08-08T04:57:14.860588+00:00
cap_20260808T045702559415,cycle_20260808,08/09/2026,03:30 (ET),DAL@MIN,Minnesota Lynx,NOT_YET_SUBMITTED,2026-08-08T04:57:14.860588+00:00
cap_20260808T045702559415,cycle_20260808,08/09/2026,07:00 (ET),GSV@LAS,Golden State Valkyries,NOT_YET_SUBMITTED,2026-08-08T04:57:14.860588+00:00
cap_20260808T045702559415,cycle_20260808,08/09/2026,07:00 (ET),GSV@LAS,Los Angeles Sparks,NOT_YET_SUBMITTED,2026-08-08T04:57:14.860588+00:00
cap_20260808T045702559415,cycle_20260808,08/09/2026,12:30 (ET),LVA@NYL,Las Vegas Aces,NOT_YET_SUBMITTED,2026-08-08T04:57:14.860588+00:00
cap_20260808T045702559415,cycle_20260808,08/09/2026,12:30 (ET),LVA@NYL,New York Liberty,NOT_YET_SUBMITTED,2026-08-08T04:57:14.860588+00:00
cap_20260808T051203289420,cycle_20260808,08/09/2026,03:00 (ET),PHX@WAS,Phoenix Mercury,NOT_YET_SUBMITTED,2026-08-08T05:12:19.280750+00:00
cap_20260808T051203289420,cycle_20260808,08/09/2026,03:00 (ET),PHX@WAS,Washington Mystics,NOT_YET_SUBMITTED,2026-08-08T05:12:19.280750+00:00
cap_20260808T051203289420,cycle_20260808,08/09/2026,03:30 (ET),DAL@MIN,Dallas Wings,NOT_YET_SUBMITTED,2026-08-08T05:12:19.280750+00:00
cap_20260808T051203289420,cycle_20260808,08/09/2026,03:30 (ET),DAL@MIN,Minnesota Lynx,NOT_YET_SUBMITTED,2026-08-08T05:12:19.280750+00:00
cap_20260808T051203289420,cycle_20260808,08/09/2026,07:00 (ET),GSV@LAS,Golden State Valkyries,NOT_YET_SUBMITTED,2026-08-08T05:12:19.280750+00:00
cap_20260808T051203289420,cycle_20260808,08/09/2026,07:00 (ET),GSV@LAS,Los Angeles Sparks,NOT_YET_SUBMITTED,2026-08-08T05:12:19.280750+00:00
cap_20260808T051203289420,cycle_20260808,08/09/2026,12:30 (ET),LVA@NYL,Las Vegas Aces,NOT_YET_SUBMITTED,2026-08-08T05:12:19.280750+00:00
cap_20260808T051203289420,cycle_20260808,08/09/2026,12:30 (ET),LVA@NYL,New York Liberty,NOT_YET_SUBMITTED,2026-08-08T05:12:19.280750+00:00
cap_20260808T052703043467,cycle_20260808,08/09/2026,03:00 (ET),PHX@WAS,Phoenix Mercury,NOT_YET_SUBMITTED,2026-08-08T05:27:16.801816+00:00
cap_20260808T052703043467,cycle_20260808,08/09/2026,03:00 (ET),PHX@WAS,Washington Mystics,NOT_YET_SUBMITTED,2026-08-08T05:27:16.801816+00:00
cap_20260808T052703043467,cycle_20260808,08/09/2026,03:30 (ET),DAL@MIN,Dallas Wings,NOT_YET_SUBMITTED,2026-08-08T05:27:16.801816+00:00
cap_20260808T052703043467,cycle_20260808,08/09/2026,03:30 (ET),DAL@MIN,Minnesota Lynx,NOT_YET_SUBMITTED,2026-08-08T05:27:16.801816+00:00
cap_20260808T052703043467,cycle_20260808,08/09/2026,07:00 (ET),GSV@LAS,Golden State Valkyries,NOT_YET_SUBMITTED,2026-08-08T05:27:16.801816+00:00
cap_20260808T052703043467,cycle_20260808,08/09/2026,07:00 (ET),GSV@LAS,Los Angeles Sparks,NOT_YET_SUBMITTED,2026-08-08T05:27:16.801816+00:00
cap_20260808T052703043467,cycle_20260808,08/09/2026,12:30 (ET),LVA@NYL,Las Vegas Aces,NOT_YET_SUBMITTED,2026-08-08T05:27:16.801816+00:00
cap_20260808T052703043467,cycle_20260808,08/09/2026,12:30 (ET),LVA@NYL,New York Liberty,NOT_YET_SUBMITTED,2026-08-08T05:27:16.801816+00:00
cap_20260808T054202759360,cycle_20260808,08/09/2026,03:00 (ET),PHX@WAS,Phoenix Mercury,NOT_YET_SUBMITTED,2026-08-08T05:42:18.687044+00:00
cap_20260808T054202759360,cycle_20260808,08/09/2026,03:00 (ET),PHX@WAS,Washington Mystics,NOT_YET_SUBMITTED,2026-08-08T05:42:18.687044+00:00
cap_20260808T054202759360,cycle_20260808,08/09/2026,03:30 (ET),DAL@MIN,Dallas Wings,NOT_YET_SUBMITTED,2026-08-08T05:42:18.687044+00:00
cap_20260808T054202759360,cycle_20260808,08/09/2026,03:30 (ET),DAL@MIN,Minnesota Lynx,NOT_YET_SUBMITTED,2026-08-08T05:42:18.687044+00:00
cap_20260808T054202759360,cycle_20260808,08/09/2026,07:00 (ET),GSV@LAS,Golden State Valkyries,NOT_YET_SUBMITTED,2026-08-08T05:42:18.687044+00:00
cap_20260808T054202759360,cycle_20260808,08/09/2026,07:00 (ET),GSV@LAS,Los Angeles Sparks,NOT_YET_SUBMITTED,2026-08-08T05:42:18.687044+00:00
cap_20260808T054202759360,cycle_20260808,08/09/2026,12:30 (ET),LVA@NYL,Las Vegas Aces,NOT_YET_SUBMITTED,2026-08-08T05:42:18.687044+00:00
cap_20260808T054202759360,cycle_20260808,08/09/2026,12:30 (ET),LVA@NYL,New York Liberty,NOT_YET_SUBMITTED,2026-08-08T05:42:18.687044+00:00
cap_20260808T055703207594,cycle_20260808,08/09/2026,03:00 (ET),PHX@WAS,Phoenix Mercury,NOT_YET_SUBMITTED,2026-08-08T05:57:18.398969+00:00
cap_20260808T055703207594,cycle_20260808,08/09/2026,03:00 (ET),PHX@WAS,Washington Mystics,NOT_YET_SUBMITTED,2026-08-08T05:57:18.398969+00:00
cap_20260808T055703207594,cycle_20260808,08/09/2026,03:30 (ET),DAL@MIN,Dallas Wings,NOT_YET_SUBMITTED,2026-08-08T05:57:18.398969+00:00
cap_20260808T055703207594,cycle_20260808,08/09/2026,03:30 (ET),DAL@MIN,Minnesota Lynx,NOT_YET_SUBMITTED,2026-08-08T05:57:18.398969+00:00
cap_20260808T055703207594,cycle_20260808,08/09/2026,07:00 (ET),GSV@LAS,Golden State Valkyries,NOT_YET_SUBMITTED,2026-08-08T05:57:18.398969+00:00
cap_20260808T055703207594,cycle_20260808,08/09/2026,07:00 (ET),GSV@LAS,Los Angeles Sparks,NOT_YET_SUBMITTED,2026-08-08T05:57:18.398969+00:00
cap_20260808T055703207594,cycle_20260808,08/09/2026,12:30 (ET),LVA@NYL,Las Vegas Aces,NOT_YET_SUBMITTED,2026-08-08T05:57:18.398969+00:00
cap_20260808T055703207594,cycle_20260808,08/09/2026,12:30 (ET),LVA@NYL,New York Liberty,NOT_YET_SUBMITTED,2026-08-08T05:57:18.398969+00:00
cap_20260808T061202731482,cycle_20260808,08/09/2026,03:00 (ET),PHX@WAS,Phoenix Mercury,NOT_YET_SUBMITTED,2026-08-08T06:12:16.118718+00:00
cap_20260808T061202731482,cycle_20260808,08/09/2026,03:00 (ET),PHX@WAS,Washington Mystics,NOT_YET_SUBMITTED,2026-08-08T06:12:16.118718+00:00
cap_20260808T061202731482,cycle_20260808,08/09/2026,03:30 (ET),DAL@MIN,Dallas Wings,NOT_YET_SUBMITTED,2026-08-08T06:12:16.118718+00:00
cap_20260808T061202731482,cycle_20260808,08/09/2026,03:30 (ET),DAL@MIN,Minnesota Lynx,NOT_YET_SUBMITTED,2026-08-08T06:12:16.118718+00:00
cap_20260808T061202731482,cycle_20260808,08/09/2026,07:00 (ET),GSV@LAS,Golden State Valkyries,NOT_YET_SUBMITTED,2026-08-08T06:12:16.118718+00:00
cap_20260808T061202731482,cycle_20260808,08/09/2026,07:00 (ET),GSV@LAS,Los Angeles Sparks,NOT_YET_SUBMITTED,2026-08-08T06:12:16.118718+00:00
cap_20260808T061202731482,cycle_20260808,08/09/2026,12:30 (ET),LVA@NYL,Las Vegas Aces,NOT_YET_SUBMITTED,2026-08-08T06:12:16.118718+00:00
cap_20260808T061202731482,cycle_20260808,08/09/2026,12:30 (ET),LVA@NYL,New York Liberty,NOT_YET_SUBMITTED,2026-08-08T06:12:16.118718+00:00
cap_20260808T062702660212,cycle_20260808,08/09/2026,03:00 (ET),PHX@WAS,Phoenix Mercury,NOT_YET_SUBMITTED,2026-08-08T06:27:15.859734+00:00
cap_20260808T062702660212,cycle_20260808,08/09/2026,03:00 (ET),PHX@WAS,Washington Mystics,NOT_YET_SUBMITTED,2026-08-08T06:27:15.859734+00:00
cap_20260808T062702660212,cycle_20260808,08/09/2026,03:30 (ET),DAL@MIN,Dallas Wings,NOT_YET_SUBMITTED,2026-08-08T06:27:15.859734+00:00
cap_20260808T062702660212,cycle_20260808,08/09/2026,03:30 (ET),DAL@MIN,Minnesota Lynx,NOT_YET_SUBMITTED,2026-08-08T06:27:15.859734+00:00
cap_20260808T062702660212,cycle_20260808,08/09/2026,07:00 (ET),GSV@LAS,Golden State Valkyries,NOT_YET_SUBMITTED,2026-08-08T06:27:15.859734+00:00
cap_20260808T062702660212,cycle_20260808,08/09/2026,07:00 (ET),GSV@LAS,Los Angeles Sparks,NOT_YET_SUBMITTED,2026-08-08T06:27:15.859734+00:00
cap_20260808T062702660212,cycle_20260808,08/09/2026,12:30 (ET),LVA@NYL,Las Vegas Aces,NOT_YET_SUBMITTED,2026-08-08T06:27:15.859734+00:00
cap_20260808T062702660212,cycle_20260808,08/09/2026,12:30 (ET),LVA@NYL,New York Liberty,NOT_YET_SUBMITTED,2026-08-08T06:27:15.859734+00:00
cap_20260808T064202683487,cycle_20260808,08/09/2026,03:00 (ET),PHX@WAS,Phoenix Mercury,NOT_YET_SUBMITTED,2026-08-08T06:42:16.313241+00:00
cap_20260808T064202683487,cycle_20260808,08/09/2026,03:00 (ET),PHX@WAS,Washington Mystics,NOT_YET_SUBMITTED,2026-08-08T06:42:16.313241+00:00
cap_20260808T064202683487,cycle_20260808,08/09/2026,03:30 (ET),DAL@MIN,Dallas Wings,NOT_YET_SUBMITTED,2026-08-08T06:42:16.313241+00:00
cap_20260808T064202683487,cycle_20260808,08/09/2026,03:30 (ET),DAL@MIN,Minnesota Lynx,NOT_YET_SUBMITTED,2026-08-08T06:42:16.313241+00:00
cap_20260808T064202683487,cycle_20260808,08/09/2026,07:00 (ET),GSV@LAS,Golden State Valkyries,NOT_YET_SUBMITTED,2026-08-08T06:42:16.313241+00:00
cap_20260808T064202683487,cycle_20260808,08/09/2026,07:00 (ET),GSV@LAS,Los Angeles Sparks,NOT_YET_SUBMITTED,2026-08-08T06:42:16.313241+00:00
cap_20260808T064202683487,cycle_20260808,08/09/2026,12:30 (ET),LVA@NYL,Las Vegas Aces,NOT_YET_SUBMITTED,2026-08-08T06:42:16.313241+00:00
cap_20260808T064202683487,cycle_20260808,08/09/2026,12:30 (ET),LVA@NYL,New York Liberty,NOT_YET_SUBMITTED,2026-08-08T06:42:16.313241+00:00
cap_20260808T065702598544,cycle_20260808,08/09/2026,03:00 (ET),PHX@WAS,Phoenix Mercury,NOT_YET_SUBMITTED,2026-08-08T06:57:16.408366+00:00
cap_20260808T065702598544,cycle_20260808,08/09/2026,03:00 (ET),PHX@WAS,Washington Mystics,NOT_YET_SUBMITTED,2026-08-08T06:57:16.408366+00:00
cap_20260808T065702598544,cycle_20260808,08/09/2026,03:30 (ET),DAL@MIN,Dallas Wings,NOT_YET_SUBMITTED,2026-08-08T06:57:16.408366+00:00
cap_20260808T065702598544,cycle_20260808,08/09/2026,03:30 (ET),DAL@MIN,Minnesota Lynx,NOT_YET_SUBMITTED,2026-08-08T06:57:16.408366+00:00
cap_20260808T065702598544,cycle_20260808,08/09/2026,07:00 (ET),GSV@LAS,Golden State Valkyries,NOT_YET_SUBMITTED,2026-08-08T06:57:16.408366+00:00
cap_20260808T065702598544,cycle_20260808,08/09/2026,07:00 (ET),GSV@LAS,Los Angeles Sparks,NOT_YET_SUBMITTED,2026-08-08T06:57:16.408366+00:00
cap_20260808T065702598544,cycle_20260808,08/09/2026,12:30 (ET),LVA@NYL,Las Vegas Aces,NOT_YET_SUBMITTED,2026-08-08T06:57:16.408366+00:00
cap_20260808T065702598544,cycle_20260808,08/09/2026,12:30 (ET),LVA@NYL,New York Liberty,NOT_YET_SUBMITTED,2026-08-08T06:57:16.408366+00:00
cap_20260808T071202881309,cycle_20260808,08/09/2026,03:00 (ET),PHX@WAS,Phoenix Mercury,NOT_YET_SUBMITTED,2026-08-08T07:12:16.724249+00:00
cap_20260808T071202881309,cycle_20260808,08/09/2026,03:00 (ET),PHX@WAS,Washington Mystics,NOT_YET_SUBMITTED,2026-08-08T07:12:16.724249+00:00
cap_20260808T071202881309,cycle_20260808,08/09/2026,03:30 (ET),DAL@MIN,Dallas Wings,NOT_YET_SUBMITTED,2026-08-08T07:12:16.724249+00:00
cap_20260808T071202881309,cycle_20260808,08/09/2026,03:30 (ET),DAL@MIN,Minnesota Lynx,NOT_YET_SUBMITTED,2026-08-08T07:12:16.724249+00:00
cap_20260808T071202881309,cycle_20260808,08/09/2026,07:00 (ET),GSV@LAS,Golden State Valkyries,NOT_YET_SUBMITTED,2026-08-08T07:12:16.724249+00:00
cap_20260808T071202881309,cycle_20260808,08/09/2026,07:00 (ET),GSV@LAS,Los Angeles Sparks,NOT_YET_SUBMITTED,2026-08-08T07:12:16.724249+00:00
cap_20260808T071202881309,cycle_20260808,08/09/2026,12:30 (ET),LVA@NYL,Las Vegas Aces,NOT_YET_SUBMITTED,2026-08-08T07:12:16.724249+00:00
cap_20260808T071202881309,cycle_20260808,08/09/2026,12:30 (ET),LVA@NYL,New York Liberty,NOT_YET_SUBMITTED,2026-08-08T07:12:16.724249+00:00
cap_20260808T072702609712,cycle_20260808,08/09/2026,03:00 (ET),PHX@WAS,Phoenix Mercury,NOT_YET_SUBMITTED,2026-08-08T07:27:15.899923+00:00
cap_20260808T072702609712,cycle_20260808,08/09/2026,03:00 (ET),PHX@WAS,Washington Mystics,NOT_YET_SUBMITTED,2026-08-08T07:27:15.899923+00:00
cap_20260808T072702609712,cycle_20260808,08/09/2026,03:30 (ET),DAL@MIN,Dallas Wings,NOT_YET_SUBMITTED,2026-08-08T07:27:15.899923+00:00
cap_20260808T072702609712,cycle_20260808,08/09/2026,03:30 (ET),DAL@MIN,Minnesota Lynx,NOT_YET_SUBMITTED,2026-08-08T07:27:15.899923+00:00
cap_20260808T072702609712,cycle_20260808,08/09/2026,07:00 (ET),GSV@LAS,Golden State Valkyries,NOT_YET_SUBMITTED,2026-08-08T07:27:15.899923+00:00
cap_20260808T072702609712,cycle_20260808,08/09/2026,07:00 (ET),GSV@LAS,Los Angeles Sparks,NOT_YET_SUBMITTED,2026-08-08T07:27:15.899923+00:00
cap_20260808T072702609712,cycle_20260808,08/09/2026,12:30 (ET),LVA@NYL,Las Vegas Aces,NOT_YET_SUBMITTED,2026-08-08T07:27:15.899923+00:00
cap_20260808T072702609712,cycle_20260808,08/09/2026,12:30 (ET),LVA@NYL,New York Liberty,NOT_YET_SUBMITTED,2026-08-08T07:27:15.899923+00:00
cap_20260808T074202819645,cycle_20260808,08/09/2026,03:00 (ET),PHX@WAS,Phoenix Mercury,NOT_YET_SUBMITTED,2026-08-08T07:42:16.805723+00:00
cap_20260808T074202819645,cycle_20260808,08/09/2026,03:00 (ET),PHX@WAS,Washington Mystics,NOT_YET_SUBMITTED,2026-08-08T07:42:16.805723+00:00
cap_20260808T074202819645,cycle_20260808,08/09/2026,03:30 (ET),DAL@MIN,Dallas Wings,NOT_YET_SUBMITTED,2026-08-08T07:42:16.805723+00:00
cap_20260808T074202819645,cycle_20260808,08/09/2026,03:30 (ET),DAL@MIN,Minnesota Lynx,NOT_YET_SUBMITTED,2026-08-08T07:42:16.805723+00:00
cap_20260808T074202819645,cycle_20260808,08/09/2026,07:00 (ET),GSV@LAS,Golden State Valkyries,NOT_YET_SUBMITTED,2026-08-08T07:42:16.805723+00:00
cap_20260808T074202819645,cycle_20260808,08/09/2026,07:00 (ET),GSV@LAS,Los Angeles Sparks,NOT_YET_SUBMITTED,2026-08-08T07:42:16.805723+00:00
cap_20260808T074202819645,cycle_20260808,08/09/2026,12:30 (ET),LVA@NYL,Las Vegas Aces,NOT_YET_SUBMITTED,2026-08-08T07:42:16.805723+00:00
cap_20260808T074202819645,cycle_20260808,08/09/2026,12:30 (ET),LVA@NYL,New York Liberty,NOT_YET_SUBMITTED,2026-08-08T07:42:16.805723+00:00
cap_20260808T075702716464,cycle_20260808,08/09/2026,03:00 (ET),PHX@WAS,Phoenix Mercury,NOT_YET_SUBMITTED,2026-08-08T07:57:16.783260+00:00
cap_20260808T075702716464,cycle_20260808,08/09/2026,03:00 (ET),PHX@WAS,Washington Mystics,NOT_YET_SUBMITTED,2026-08-08T07:57:16.783260+00:00
cap_20260808T075702716464,cycle_20260808,08/09/2026,03:30 (ET),DAL@MIN,Dallas Wings,NOT_YET_SUBMITTED,2026-08-08T07:57:16.783260+00:00
cap_20260808T075702716464,cycle_20260808,08/09/2026,03:30 (ET),DAL@MIN,Minnesota Lynx,NOT_YET_SUBMITTED,2026-08-08T07:57:16.783260+00:00
cap_20260808T075702716464,cycle_20260808,08/09/2026,07:00 (ET),GSV@LAS,Golden State Valkyries,NOT_YET_SUBMITTED,2026-08-08T07:57:16.783260+00:00
cap_20260808T075702716464,cycle_20260808,08/09/2026,07:00 (ET),GSV@LAS,Los Angeles Sparks,NOT_YET_SUBMITTED,2026-08-08T07:57:16.783260+00:00
cap_20260808T075702716464,cycle_20260808,08/09/2026,12:30 (ET),LVA@NYL,Las Vegas Aces,NOT_YET_SUBMITTED,2026-08-08T07:57:16.783260+00:00
cap_20260808T075702716464,cycle_20260808,08/09/2026,12:30 (ET),LVA@NYL,New York Liberty,NOT_YET_SUBMITTED,2026-08-08T07:57:16.783260+00:00
cap_20260808T081202700294,cycle_20260808,08/09/2026,03:00 (ET),PHX@WAS,Phoenix Mercury,NOT_YET_SUBMITTED,2026-08-08T08:12:16.702684+00:00
cap_20260808T081202700294,cycle_20260808,08/09/2026,03:00 (ET),PHX@WAS,Washington Mystics,NOT_YET_SUBMITTED,2026-08-08T08:12:16.702684+00:00
cap_20260808T081202700294,cycle_20260808,08/09/2026,03:30 (ET),DAL@MIN,Dallas Wings,NOT_YET_SUBMITTED,2026-08-08T08:12:16.702684+00:00
cap_20260808T081202700294,cycle_20260808,08/09/2026,03:30 (ET),DAL@MIN,Minnesota Lynx,NOT_YET_SUBMITTED,2026-08-08T08:12:16.702684+00:00
cap_20260808T081202700294,cycle_20260808,08/09/2026,07:00 (ET),GSV@LAS,Golden State Valkyries,NOT_YET_SUBMITTED,2026-08-08T08:12:16.702684+00:00
cap_20260808T081202700294,cycle_20260808,08/09/2026,07:00 (ET),GSV@LAS,Los Angeles Sparks,NOT_YET_SUBMITTED,2026-08-08T08:12:16.702684+00:00
cap_20260808T081202700294,cycle_20260808,08/09/2026,12:30 (ET),LVA@NYL,Las Vegas Aces,NOT_YET_SUBMITTED,2026-08-08T08:12:16.702684+00:00
cap_20260808T081202700294,cycle_20260808,08/09/2026,12:30 (ET),LVA@NYL,New York Liberty,NOT_YET_SUBMITTED,2026-08-08T08:12:16.702684+00:00
cap_20260808T082702759587,cycle_20260808,08/09/2026,03:00 (ET),PHX@WAS,Phoenix Mercury,NOT_YET_SUBMITTED,2026-08-08T08:27:16.902749+00:00
cap_20260808T082702759587,cycle_20260808,08/09/2026,03:00 (ET),PHX@WAS,Washington Mystics,NOT_YET_SUBMITTED,2026-08-08T08:27:16.902749+00:00
cap_20260808T082702759587,cycle_20260808,08/09/2026,03:30 (ET),DAL@MIN,Dallas Wings,NOT_YET_SUBMITTED,2026-08-08T08:27:16.902749+00:00
cap_20260808T082702759587,cycle_20260808,08/09/2026,03:30 (ET),DAL@MIN,Minnesota Lynx,NOT_YET_SUBMITTED,2026-08-08T08:27:16.902749+00:00
cap_20260808T082702759587,cycle_20260808,08/09/2026,07:00 (ET),GSV@LAS,Golden State Valkyries,NOT_YET_SUBMITTED,2026-08-08T08:27:16.902749+00:00
cap_20260808T082702759587,cycle_20260808,08/09/2026,07:00 (ET),GSV@LAS,Los Angeles Sparks,NOT_YET_SUBMITTED,2026-08-08T08:27:16.902749+00:00
cap_20260808T082702759587,cycle_20260808,08/09/2026,12:30 (ET),LVA@NYL,Las Vegas Aces,NOT_YET_SUBMITTED,2026-08-08T08:27:16.902749+00:00
cap_20260808T082702759587,cycle_20260808,08/09/2026,12:30 (ET),LVA@NYL,New York Liberty,NOT_YET_SUBMITTED,2026-08-08T08:27:16.902749+00:00
cap_20260808T084202926564,cycle_20260808,08/09/2026,03:00 (ET),PHX@WAS,Phoenix Mercury,NOT_YET_SUBMITTED,2026-08-08T08:42:15.590756+00:00
cap_20260808T084202926564,cycle_20260808,08/09/2026,03:00 (ET),PHX@WAS,Washington Mystics,NOT_YET_SUBMITTED,2026-08-08T08:42:15.590756+00:00
cap_20260808T084202926564,cycle_20260808,08/09/2026,03:30 (ET),DAL@MIN,Dallas Wings,NOT_YET_SUBMITTED,2026-08-08T08:42:15.590756+00:00
cap_20260808T084202926564,cycle_20260808,08/09/2026,03:30 (ET),DAL@MIN,Minnesota Lynx,NOT_YET_SUBMITTED,2026-08-08T08:42:15.590756+00:00
cap_20260808T084202926564,cycle_20260808,08/09/2026,07:00 (ET),GSV@LAS,Golden State Valkyries,NOT_YET_SUBMITTED,2026-08-08T08:42:15.590756+00:00
cap_20260808T084202926564,cycle_20260808,08/09/2026,07:00 (ET),GSV@LAS,Los Angeles Sparks,NOT_YET_SUBMITTED,2026-08-08T08:42:15.590756+00:00
cap_20260808T084202926564,cycle_20260808,08/09/2026,12:30 (ET),LVA@NYL,Las Vegas Aces,NOT_YET_SUBMITTED,2026-08-08T08:42:15.590756+00:00
cap_20260808T084202926564,cycle_20260808,08/09/2026,12:30 (ET),LVA@NYL,New York Liberty,NOT_YET_SUBMITTED,2026-08-08T08:42:15.590756+00:00
cap_20260808T085702956152,cycle_20260808,08/09/2026,03:00 (ET),PHX@WAS,Phoenix Mercury,NOT_YET_SUBMITTED,2026-08-08T08:57:15.379868+00:00
cap_20260808T085702956152,cycle_20260808,08/09/2026,03:00 (ET),PHX@WAS,Washington Mystics,NOT_YET_SUBMITTED,2026-08-08T08:57:15.379868+00:00
cap_20260808T085702956152,cycle_20260808,08/09/2026,03:30 (ET),DAL@MIN,Dallas Wings,NOT_YET_SUBMITTED,2026-08-08T08:57:15.379868+00:00
cap_20260808T085702956152,cycle_20260808,08/09/2026,03:30 (ET),DAL@MIN,Minnesota Lynx,NOT_YET_SUBMITTED,2026-08-08T08:57:15.379868+00:00
cap_20260808T085702956152,cycle_20260808,08/09/2026,07:00 (ET),GSV@LAS,Golden State Valkyries,NOT_YET_SUBMITTED,2026-08-08T08:57:15.379868+00:00
cap_20260808T085702956152,cycle_20260808,08/09/2026,07:00 (ET),GSV@LAS,Los Angeles Sparks,NOT_YET_SUBMITTED,2026-08-08T08:57:15.379868+00:00
cap_20260808T085702956152,cycle_20260808,08/09/2026,12:30 (ET),LVA@NYL,Las Vegas Aces,NOT_YET_SUBMITTED,2026-08-08T08:57:15.379868+00:00
cap_20260808T085702956152,cycle_20260808,08/09/2026,12:30 (ET),LVA@NYL,New York Liberty,NOT_YET_SUBMITTED,2026-08-08T08:57:15.379868+00:00
cap_20260808T091202649221,cycle_20260808,08/09/2026,03:00 (ET),PHX@WAS,Phoenix Mercury,NOT_YET_SUBMITTED,2026-08-08T09:12:15.167432+00:00
cap_20260808T091202649221,cycle_20260808,08/09/2026,03:00 (ET),PHX@WAS,Washington Mystics,NOT_YET_SUBMITTED,2026-08-08T09:12:15.167432+00:00
cap_20260808T091202649221,cycle_20260808,08/09/2026,03:30 (ET),DAL@MIN,Dallas Wings,NOT_YET_SUBMITTED,2026-08-08T09:12:15.167432+00:00
cap_20260808T091202649221,cycle_20260808,08/09/2026,03:30 (ET),DAL@MIN,Minnesota Lynx,NOT_YET_SUBMITTED,2026-08-08T09:12:15.167432+00:00
cap_20260808T091202649221,cycle_20260808,08/09/2026,07:00 (ET),GSV@LAS,Golden State Valkyries,NOT_YET_SUBMITTED,2026-08-08T09:12:15.167432+00:00
cap_20260808T091202649221,cycle_20260808,08/09/2026,07:00 (ET),GSV@LAS,Los Angeles Sparks,NOT_YET_SUBMITTED,2026-08-08T09:12:15.167432+00:00
cap_20260808T091202649221,cycle_20260808,08/09/2026,12:30 (ET),LVA@NYL,Las Vegas Aces,NOT_YET_SUBMITTED,2026-08-08T09:12:15.167432+00:00
cap_20260808T091202649221,cycle_20260808,08/09/2026,12:30 (ET),LVA@NYL,New York Liberty,NOT_YET_SUBMITTED,2026-08-08T09:12:15.167432+00:00
cap_20260808T092702757341,cycle_20260808,08/09/2026,03:00 (ET),PHX@WAS,Phoenix Mercury,NOT_YET_SUBMITTED,2026-08-08T09:27:15.112360+00:00
cap_20260808T092702757341,cycle_20260808,08/09/2026,03:00 (ET),PHX@WAS,Washington Mystics,NOT_YET_SUBMITTED,2026-08-08T09:27:15.112360+00:00
cap_20260808T092702757341,cycle_20260808,08/09/2026,03:30 (ET),DAL@MIN,Dallas Wings,NOT_YET_SUBMITTED,2026-08-08T09:27:15.112360+00:00
cap_20260808T092702757341,cycle_20260808,08/09/2026,03:30 (ET),DAL@MIN,Minnesota Lynx,NOT_YET_SUBMITTED,2026-08-08T09:27:15.112360+00:00
cap_20260808T092702757341,cycle_20260808,08/09/2026,07:00 (ET),GSV@LAS,Golden State Valkyries,NOT_YET_SUBMITTED,2026-08-08T09:27:15.112360+00:00
cap_20260808T092702757341,cycle_20260808,08/09/2026,07:00 (ET),GSV@LAS,Los Angeles Sparks,NOT_YET_SUBMITTED,2026-08-08T09:27:15.112360+00:00
cap_20260808T092702757341,cycle_20260808,08/09/2026,12:30 (ET),LVA@NYL,Las Vegas Aces,NOT_YET_SUBMITTED,2026-08-08T09:27:15.112360+00:00
cap_20260808T092702757341,cycle_20260808,08/09/2026,12:30 (ET),LVA@NYL,New York Liberty,NOT_YET_SUBMITTED,2026-08-08T09:27:15.112360+00:00
cap_20260808T094203068256,cycle_20260808,08/09/2026,03:00 (ET),PHX@WAS,Phoenix Mercury,NOT_YET_SUBMITTED,2026-08-08T09:42:15.666984+00:00
cap_20260808T094203068256,cycle_20260808,08/09/2026,03:00 (ET),PHX@WAS,Washington Mystics,NOT_YET_SUBMITTED,2026-08-08T09:42:15.666984+00:00
cap_20260808T094203068256,cycle_20260808,08/09/2026,03:30 (ET),DAL@MIN,Dallas Wings,NOT_YET_SUBMITTED,2026-08-08T09:42:15.666984+00:00
cap_20260808T094203068256,cycle_20260808,08/09/2026,03:30 (ET),DAL@MIN,Minnesota Lynx,NOT_YET_SUBMITTED,2026-08-08T09:42:15.666984+00:00
cap_20260808T094203068256,cycle_20260808,08/09/2026,07:00 (ET),GSV@LAS,Golden State Valkyries,NOT_YET_SUBMITTED,2026-08-08T09:42:15.666984+00:00
cap_20260808T094203068256,cycle_20260808,08/09/2026,07:00 (ET),GSV@LAS,Los Angeles Sparks,NOT_YET_SUBMITTED,2026-08-08T09:42:15.666984+00:00
cap_20260808T094203068256,cycle_20260808,08/09/2026,12:30 (ET),LVA@NYL,Las Vegas Aces,NOT_YET_SUBMITTED,2026-08-08T09:42:15.666984+00:00
cap_20260808T094203068256,cycle_20260808,08/09/2026,12:30 (ET),LVA@NYL,New York Liberty,NOT_YET_SUBMITTED,2026-08-08T09:42:15.666984+00:00
cap_20260808T095702736650,cycle_20260808,08/09/2026,03:00 (ET),PHX@WAS,Phoenix Mercury,NOT_YET_SUBMITTED,2026-08-08T09:57:15.170839+00:00
cap_20260808T095702736650,cycle_20260808,08/09/2026,03:00 (ET),PHX@WAS,Washington Mystics,NOT_YET_SUBMITTED,2026-08-08T09:57:15.170839+00:00
cap_20260808T095702736650,cycle_20260808,08/09/2026,03:30 (ET),DAL@MIN,Dallas Wings,NOT_YET_SUBMITTED,2026-08-08T09:57:15.170839+00:00
cap_20260808T095702736650,cycle_20260808,08/09/2026,03:30 (ET),DAL@MIN,Minnesota Lynx,NOT_YET_SUBMITTED,2026-08-08T09:57:15.170839+00:00
cap_20260808T095702736650,cycle_20260808,08/09/2026,07:00 (ET),GSV@LAS,Golden State Valkyries,NOT_YET_SUBMITTED,2026-08-08T09:57:15.170839+00:00
cap_20260808T095702736650,cycle_20260808,08/09/2026,07:00 (ET),GSV@LAS,Los Angeles Sparks,NOT_YET_SUBMITTED,2026-08-08T09:57:15.170839+00:00
cap_20260808T095702736650,cycle_20260808,08/09/2026,12:30 (ET),LVA@NYL,Las Vegas Aces,NOT_YET_SUBMITTED,2026-08-08T09:57:15.170839+00:00
cap_20260808T095702736650,cycle_20260808,08/09/2026,12:30 (ET),LVA@NYL,New York Liberty,NOT_YET_SUBMITTED,2026-08-08T09:57:15.170839+00:00
cap_20260808T101202990278,cycle_20260808,08/09/2026,03:00 (ET),PHX@WAS,Phoenix Mercury,NOT_YET_SUBMITTED,2026-08-08T10:12:15.239923+00:00
cap_20260808T101202990278,cycle_20260808,08/09/2026,03:00 (ET),PHX@WAS,Washington Mystics,NOT_YET_SUBMITTED,2026-08-08T10:12:15.239923+00:00
cap_20260808T101202990278,cycle_20260808,08/09/2026,03:30 (ET),DAL@MIN,Dallas Wings,NOT_YET_SUBMITTED,2026-08-08T10:12:15.239923+00:00
cap_20260808T101202990278,cycle_20260808,08/09/2026,03:30 (ET),DAL@MIN,Minnesota Lynx,NOT_YET_SUBMITTED,2026-08-08T10:12:15.239923+00:00
cap_20260808T101202990278,cycle_20260808,08/09/2026,07:00 (ET),GSV@LAS,Golden State Valkyries,NOT_YET_SUBMITTED,2026-08-08T10:12:15.239923+00:00
cap_20260808T101202990278,cycle_20260808,08/09/2026,07:00 (ET),GSV@LAS,Los Angeles Sparks,NOT_YET_SUBMITTED,2026-08-08T10:12:15.239923+00:00
cap_20260808T101202990278,cycle_20260808,08/09/2026,12:30 (ET),LVA@NYL,Las Vegas Aces,NOT_YET_SUBMITTED,2026-08-08T10:12:15.239923+00:00
cap_20260808T101202990278,cycle_20260808,08/09/2026,12:30 (ET),LVA@NYL,New York Liberty,NOT_YET_SUBMITTED,2026-08-08T10:12:15.239923+00:00
cap_20260808T102702654281,cycle_20260808,08/09/2026,03:00 (ET),PHX@WAS,Phoenix Mercury,NOT_YET_SUBMITTED,2026-08-08T10:27:15.340817+00:00
cap_20260808T102702654281,cycle_20260808,08/09/2026,03:00 (ET),PHX@WAS,Washington Mystics,NOT_YET_SUBMITTED,2026-08-08T10:27:15.340817+00:00
cap_20260808T102702654281,cycle_20260808,08/09/2026,03:30 (ET),DAL@MIN,Dallas Wings,NOT_YET_SUBMITTED,2026-08-08T10:27:15.340817+00:00
cap_20260808T102702654281,cycle_20260808,08/09/2026,03:30 (ET),DAL@MIN,Minnesota Lynx,NOT_YET_SUBMITTED,2026-08-08T10:27:15.340817+00:00
cap_20260808T102702654281,cycle_20260808,08/09/2026,07:00 (ET),GSV@LAS,Golden State Valkyries,NOT_YET_SUBMITTED,2026-08-08T10:27:15.340817+00:00
cap_20260808T102702654281,cycle_20260808,08/09/2026,07:00 (ET),GSV@LAS,Los Angeles Sparks,NOT_YET_SUBMITTED,2026-08-08T10:27:15.340817+00:00
cap_20260808T102702654281,cycle_20260808,08/09/2026,12:30 (ET),LVA@NYL,Las Vegas Aces,NOT_YET_SUBMITTED,2026-08-08T10:27:15.340817+00:00
cap_20260808T102702654281,cycle_20260808,08/09/2026,12:30 (ET),LVA@NYL,New York Liberty,NOT_YET_SUBMITTED,2026-08-08T10:27:15.340817+00:00
cap_20260808T104202752264,cycle_20260808,08/09/2026,03:00 (ET),PHX@WAS,Phoenix Mercury,NOT_YET_SUBMITTED,2026-08-08T10:42:15.471363+00:00
cap_20260808T104202752264,cycle_20260808,08/09/2026,03:00 (ET),PHX@WAS,Washington Mystics,NOT_YET_SUBMITTED,2026-08-08T10:42:15.471363+00:00
cap_20260808T104202752264,cycle_20260808,08/09/2026,03:30 (ET),DAL@MIN,Dallas Wings,NOT_YET_SUBMITTED,2026-08-08T10:42:15.471363+00:00
cap_20260808T104202752264,cycle_20260808,08/09/2026,03:30 (ET),DAL@MIN,Minnesota Lynx,NOT_YET_SUBMITTED,2026-08-08T10:42:15.471363+00:00
cap_20260808T104202752264,cycle_20260808,08/09/2026,07:00 (ET),GSV@LAS,Golden State Valkyries,NOT_YET_SUBMITTED,2026-08-08T10:42:15.471363+00:00
cap_20260808T104202752264,cycle_20260808,08/09/2026,07:00 (ET),GSV@LAS,Los Angeles Sparks,NOT_YET_SUBMITTED,2026-08-08T10:42:15.471363+00:00
cap_20260808T104202752264,cycle_20260808,08/09/2026,12:30 (ET),LVA@NYL,Las Vegas Aces,NOT_YET_SUBMITTED,2026-08-08T10:42:15.471363+00:00
cap_20260808T104202752264,cycle_20260808,08/09/2026,12:30 (ET),LVA@NYL,New York Liberty,NOT_YET_SUBMITTED,2026-08-08T10:42:15.471363+00:00
cap_20260808T105702626232,cycle_20260808,08/09/2026,03:00 (ET),PHX@WAS,Phoenix Mercury,NOT_YET_SUBMITTED,2026-08-08T10:57:17.111899+00:00
cap_20260808T105702626232,cycle_20260808,08/09/2026,03:00 (ET),PHX@WAS,Washington Mystics,NOT_YET_SUBMITTED,2026-08-08T10:57:17.111899+00:00
cap_20260808T105702626232,cycle_20260808,08/09/2026,03:30 (ET),DAL@MIN,Dallas Wings,NOT_YET_SUBMITTED,2026-08-08T10:57:17.111899+00:00
cap_20260808T105702626232,cycle_20260808,08/09/2026,03:30 (ET),DAL@MIN,Minnesota Lynx,NOT_YET_SUBMITTED,2026-08-08T10:57:17.111899+00:00
cap_20260808T105702626232,cycle_20260808,08/09/2026,07:00 (ET),GSV@LAS,Golden State Valkyries,NOT_YET_SUBMITTED,2026-08-08T10:57:17.111899+00:00
cap_20260808T105702626232,cycle_20260808,08/09/2026,07:00 (ET),GSV@LAS,Los Angeles Sparks,NOT_YET_SUBMITTED,2026-08-08T10:57:17.111899+00:00
cap_20260808T105702626232,cycle_20260808,08/09/2026,12:30 (ET),LVA@NYL,Las Vegas Aces,NOT_YET_SUBMITTED,2026-08-08T10:57:17.111899+00:00
cap_20260808T105702626232,cycle_20260808,08/09/2026,12:30 (ET),LVA@NYL,New York Liberty,NOT_YET_SUBMITTED,2026-08-08T10:57:17.111899+00:00
cap_20260808T111203441675,cycle_20260808,08/09/2026,03:00 (ET),PHX@WAS,Phoenix Mercury,NOT_YET_SUBMITTED,2026-08-08T11:12:17.005877+00:00
cap_20260808T111203441675,cycle_20260808,08/09/2026,03:00 (ET),PHX@WAS,Washington Mystics,NOT_YET_SUBMITTED,2026-08-08T11:12:17.005877+00:00
cap_20260808T111203441675,cycle_20260808,08/09/2026,03:30 (ET),DAL@MIN,Dallas Wings,NOT_YET_SUBMITTED,2026-08-08T11:12:17.005877+00:00
cap_20260808T111203441675,cycle_20260808,08/09/2026,03:30 (ET),DAL@MIN,Minnesota Lynx,NOT_YET_SUBMITTED,2026-08-08T11:12:17.005877+00:00
cap_20260808T111203441675,cycle_20260808,08/09/2026,07:00 (ET),GSV@LAS,Golden State Valkyries,NOT_YET_SUBMITTED,2026-08-08T11:12:17.005877+00:00
cap_20260808T111203441675,cycle_20260808,08/09/2026,07:00 (ET),GSV@LAS,Los Angeles Sparks,NOT_YET_SUBMITTED,2026-08-08T11:12:17.005877+00:00
cap_20260808T111203441675,cycle_20260808,08/09/2026,12:30 (ET),LVA@NYL,Las Vegas Aces,NOT_YET_SUBMITTED,2026-08-08T11:12:17.005877+00:00
cap_20260808T111203441675,cycle_20260808,08/09/2026,12:30 (ET),LVA@NYL,New York Liberty,NOT_YET_SUBMITTED,2026-08-08T11:12:17.005877+00:00
cap_20260808T112703052265,cycle_20260808,08/09/2026,03:00 (ET),PHX@WAS,Phoenix Mercury,NOT_YET_SUBMITTED,2026-08-08T11:27:16.468089+00:00
cap_20260808T112703052265,cycle_20260808,08/09/2026,03:00 (ET),PHX@WAS,Washington Mystics,NOT_YET_SUBMITTED,2026-08-08T11:27:16.468089+00:00
cap_20260808T112703052265,cycle_20260808,08/09/2026,03:30 (ET),DAL@MIN,Dallas Wings,NOT_YET_SUBMITTED,2026-08-08T11:27:16.468089+00:00
cap_20260808T112703052265,cycle_20260808,08/09/2026,03:30 (ET),DAL@MIN,Minnesota Lynx,NOT_YET_SUBMITTED,2026-08-08T11:27:16.468089+00:00
cap_20260808T112703052265,cycle_20260808,08/09/2026,07:00 (ET),GSV@LAS,Golden State Valkyries,NOT_YET_SUBMITTED,2026-08-08T11:27:16.468089+00:00
cap_20260808T112703052265,cycle_20260808,08/09/2026,07:00 (ET),GSV@LAS,Los Angeles Sparks,NOT_YET_SUBMITTED,2026-08-08T11:27:16.468089+00:00
cap_20260808T112703052265,cycle_20260808,08/09/2026,12:30 (ET),LVA@NYL,Las Vegas Aces,NOT_YET_SUBMITTED,2026-08-08T11:27:16.468089+00:00
cap_20260808T112703052265,cycle_20260808,08/09/2026,12:30 (ET),LVA@NYL,New York Liberty,NOT_YET_SUBMITTED,2026-08-08T11:27:16.468089+00:00
cap_20260808T114203435552,cycle_20260808,08/09/2026,03:00 (ET),PHX@WAS,Phoenix Mercury,NOT_YET_SUBMITTED,2026-08-08T11:42:18.458230+00:00
cap_20260808T114203435552,cycle_20260808,08/09/2026,03:00 (ET),PHX@WAS,Washington Mystics,NOT_YET_SUBMITTED,2026-08-08T11:42:18.458230+00:00
cap_20260808T114203435552,cycle_20260808,08/09/2026,03:30 (ET),DAL@MIN,Dallas Wings,NOT_YET_SUBMITTED,2026-08-08T11:42:18.458230+00:00
cap_20260808T114203435552,cycle_20260808,08/09/2026,03:30 (ET),DAL@MIN,Minnesota Lynx,NOT_YET_SUBMITTED,2026-08-08T11:42:18.458230+00:00
cap_20260808T114203435552,cycle_20260808,08/09/2026,07:00 (ET),GSV@LAS,Golden State Valkyries,NOT_YET_SUBMITTED,2026-08-08T11:42:18.458230+00:00
cap_20260808T114203435552,cycle_20260808,08/09/2026,07:00 (ET),GSV@LAS,Los Angeles Sparks,NOT_YET_SUBMITTED,2026-08-08T11:42:18.458230+00:00
cap_20260808T114203435552,cycle_20260808,08/09/2026,12:30 (ET),LVA@NYL,Las Vegas Aces,NOT_YET_SUBMITTED,2026-08-08T11:42:18.458230+00:00
cap_20260808T114203435552,cycle_20260808,08/09/2026,12:30 (ET),LVA@NYL,New York Liberty,NOT_YET_SUBMITTED,2026-08-08T11:42:18.458230+00:00
cap_20260808T115702579793,cycle_20260808,08/09/2026,03:00 (ET),PHX@WAS,Phoenix Mercury,NOT_YET_SUBMITTED,2026-08-08T11:57:15.954270+00:00
cap_20260808T115702579793,cycle_20260808,08/09/2026,03:00 (ET),PHX@WAS,Washington Mystics,NOT_YET_SUBMITTED,2026-08-08T11:57:15.954270+00:00
cap_20260808T115702579793,cycle_20260808,08/09/2026,03:30 (ET),DAL@MIN,Dallas Wings,NOT_YET_SUBMITTED,2026-08-08T11:57:15.954270+00:00
cap_20260808T115702579793,cycle_20260808,08/09/2026,03:30 (ET),DAL@MIN,Minnesota Lynx,NOT_YET_SUBMITTED,2026-08-08T11:57:15.954270+00:00
cap_20260808T115702579793,cycle_20260808,08/09/2026,07:00 (ET),GSV@LAS,Golden State Valkyries,NOT_YET_SUBMITTED,2026-08-08T11:57:15.954270+00:00
cap_20260808T115702579793,cycle_20260808,08/09/2026,07:00 (ET),GSV@LAS,Los Angeles Sparks,NOT_YET_SUBMITTED,2026-08-08T11:57:15.954270+00:00
cap_20260808T115702579793,cycle_20260808,08/09/2026,12:30 (ET),LVA@NYL,Las Vegas Aces,NOT_YET_SUBMITTED,2026-08-08T11:57:15.954270+00:00
cap_20260808T115702579793,cycle_20260808,08/09/2026,12:30 (ET),LVA@NYL,New York Liberty,NOT_YET_SUBMITTED,2026-08-08T11:57:15.954270+00:00
cap_20260808T121203069861,cycle_20260808,08/09/2026,03:00 (ET),PHX@WAS,Phoenix Mercury,NOT_YET_SUBMITTED,2026-08-08T12:12:16.720394+00:00
cap_20260808T121203069861,cycle_20260808,08/09/2026,03:00 (ET),PHX@WAS,Washington Mystics,NOT_YET_SUBMITTED,2026-08-08T12:12:16.720394+00:00
cap_20260808T121203069861,cycle_20260808,08/09/2026,03:30 (ET),DAL@MIN,Dallas Wings,NOT_YET_SUBMITTED,2026-08-08T12:12:16.720394+00:00
cap_20260808T121203069861,cycle_20260808,08/09/2026,03:30 (ET),DAL@MIN,Minnesota Lynx,NOT_YET_SUBMITTED,2026-08-08T12:12:16.720394+00:00
cap_20260808T121203069861,cycle_20260808,08/09/2026,07:00 (ET),GSV@LAS,Golden State Valkyries,NOT_YET_SUBMITTED,2026-08-08T12:12:16.720394+00:00
cap_20260808T121203069861,cycle_20260808,08/09/2026,07:00 (ET),GSV@LAS,Los Angeles Sparks,NOT_YET_SUBMITTED,2026-08-08T12:12:16.720394+00:00
cap_20260808T121203069861,cycle_20260808,08/09/2026,12:30 (ET),LVA@NYL,Las Vegas Aces,NOT_YET_SUBMITTED,2026-08-08T12:12:16.720394+00:00
cap_20260808T121203069861,cycle_20260808,08/09/2026,12:30 (ET),LVA@NYL,New York Liberty,NOT_YET_SUBMITTED,2026-08-08T12:12:16.720394+00:00
cap_20260808T122702866599,cycle_20260808,08/09/2026,03:00 (ET),PHX@WAS,Phoenix Mercury,NOT_YET_SUBMITTED,2026-08-08T12:27:17.285682+00:00
cap_20260808T122702866599,cycle_20260808,08/09/2026,03:00 (ET),PHX@WAS,Washington Mystics,NOT_YET_SUBMITTED,2026-08-08T12:27:17.285682+00:00
cap_20260808T122702866599,cycle_20260808,08/09/2026,03:30 (ET),DAL@MIN,Dallas Wings,NOT_YET_SUBMITTED,2026-08-08T12:27:17.285682+00:00
cap_20260808T122702866599,cycle_20260808,08/09/2026,03:30 (ET),DAL@MIN,Minnesota Lynx,NOT_YET_SUBMITTED,2026-08-08T12:27:17.285682+00:00
cap_20260808T122702866599,cycle_20260808,08/09/2026,07:00 (ET),GSV@LAS,Golden State Valkyries,NOT_YET_SUBMITTED,2026-08-08T12:27:17.285682+00:00
cap_20260808T122702866599,cycle_20260808,08/09/2026,07:00 (ET),GSV@LAS,Los Angeles Sparks,NOT_YET_SUBMITTED,2026-08-08T12:27:17.285682+00:00
cap_20260808T122702866599,cycle_20260808,08/09/2026,12:30 (ET),LVA@NYL,Las Vegas Aces,NOT_YET_SUBMITTED,2026-08-08T12:27:17.285682+00:00
cap_20260808T122702866599,cycle_20260808,08/09/2026,12:30 (ET),LVA@NYL,New York Liberty,NOT_YET_SUBMITTED,2026-08-08T12:27:17.285682+00:00
cap_20260808T124203426907,cycle_20260808,08/09/2026,03:00 (ET),PHX@WAS,Phoenix Mercury,NOT_YET_SUBMITTED,2026-08-08T12:42:17.613966+00:00
cap_20260808T124203426907,cycle_20260808,08/09/2026,03:00 (ET),PHX@WAS,Washington Mystics,NOT_YET_SUBMITTED,2026-08-08T12:42:17.613966+00:00
cap_20260808T124203426907,cycle_20260808,08/09/2026,03:30 (ET),DAL@MIN,Dallas Wings,NOT_YET_SUBMITTED,2026-08-08T12:42:17.613966+00:00
cap_20260808T124203426907,cycle_20260808,08/09/2026,03:30 (ET),DAL@MIN,Minnesota Lynx,NOT_YET_SUBMITTED,2026-08-08T12:42:17.613966+00:00
cap_20260808T124203426907,cycle_20260808,08/09/2026,07:00 (ET),GSV@LAS,Golden State Valkyries,NOT_YET_SUBMITTED,2026-08-08T12:42:17.613966+00:00
cap_20260808T124203426907,cycle_20260808,08/09/2026,07:00 (ET),GSV@LAS,Los Angeles Sparks,NOT_YET_SUBMITTED,2026-08-08T12:42:17.613966+00:00
cap_20260808T124203426907,cycle_20260808,08/09/2026,12:30 (ET),LVA@NYL,Las Vegas Aces,NOT_YET_SUBMITTED,2026-08-08T12:42:17.613966+00:00
cap_20260808T124203426907,cycle_20260808,08/09/2026,12:30 (ET),LVA@NYL,New York Liberty,NOT_YET_SUBMITTED,2026-08-08T12:42:17.613966+00:00
cap_20260808T125702701044,cycle_20260808,08/09/2026,03:00 (ET),PHX@WAS,Phoenix Mercury,NOT_YET_SUBMITTED,2026-08-08T12:57:15.744623+00:00
cap_20260808T125702701044,cycle_20260808,08/09/2026,03:00 (ET),PHX@WAS,Washington Mystics,NOT_YET_SUBMITTED,2026-08-08T12:57:15.744623+00:00
cap_20260808T125702701044,cycle_20260808,08/09/2026,03:30 (ET),DAL@MIN,Dallas Wings,NOT_YET_SUBMITTED,2026-08-08T12:57:15.744623+00:00
cap_20260808T125702701044,cycle_20260808,08/09/2026,03:30 (ET),DAL@MIN,Minnesota Lynx,NOT_YET_SUBMITTED,2026-08-08T12:57:15.744623+00:00
cap_20260808T125702701044,cycle_20260808,08/09/2026,07:00 (ET),GSV@LAS,Golden State Valkyries,NOT_YET_SUBMITTED,2026-08-08T12:57:15.744623+00:00
cap_20260808T125702701044,cycle_20260808,08/09/2026,07:00 (ET),GSV@LAS,Los Angeles Sparks,NOT_YET_SUBMITTED,2026-08-08T12:57:15.744623+00:00
cap_20260808T125702701044,cycle_20260808,08/09/2026,12:30 (ET),LVA@NYL,Las Vegas Aces,NOT_YET_SUBMITTED,2026-08-08T12:57:15.744623+00:00
cap_20260808T125702701044,cycle_20260808,08/09/2026,12:30 (ET),LVA@NYL,New York Liberty,NOT_YET_SUBMITTED,2026-08-08T12:57:15.744623+00:00
cap_20260808T131202707043,cycle_20260808,08/09/2026,03:00 (ET),PHX@WAS,Phoenix Mercury,NOT_YET_SUBMITTED,2026-08-08T13:12:15.950585+00:00
cap_20260808T131202707043,cycle_20260808,08/09/2026,03:00 (ET),PHX@WAS,Washington Mystics,NOT_YET_SUBMITTED,2026-08-08T13:12:15.950585+00:00
cap_20260808T131202707043,cycle_20260808,08/09/2026,03:30 (ET),DAL@MIN,Dallas Wings,NOT_YET_SUBMITTED,2026-08-08T13:12:15.950585+00:00
cap_20260808T131202707043,cycle_20260808,08/09/2026,03:30 (ET),DAL@MIN,Minnesota Lynx,NOT_YET_SUBMITTED,2026-08-08T13:12:15.950585+00:00
cap_20260808T131202707043,cycle_20260808,08/09/2026,07:00 (ET),GSV@LAS,Golden State Valkyries,NOT_YET_SUBMITTED,2026-08-08T13:12:15.950585+00:00
cap_20260808T131202707043,cycle_20260808,08/09/2026,07:00 (ET),GSV@LAS,Los Angeles Sparks,NOT_YET_SUBMITTED,2026-08-08T13:12:15.950585+00:00
cap_20260808T131202707043,cycle_20260808,08/09/2026,12:30 (ET),LVA@NYL,Las Vegas Aces,NOT_YET_SUBMITTED,2026-08-08T13:12:15.950585+00:00
cap_20260808T131202707043,cycle_20260808,08/09/2026,12:30 (ET),LVA@NYL,New York Liberty,NOT_YET_SUBMITTED,2026-08-08T13:12:15.950585+00:00
cap_20260808T132703633888,cycle_20260808,08/09/2026,03:00 (ET),PHX@WAS,Phoenix Mercury,NOT_YET_SUBMITTED,2026-08-08T13:27:21.374211+00:00
cap_20260808T132703633888,cycle_20260808,08/09/2026,03:00 (ET),PHX@WAS,Washington Mystics,NOT_YET_SUBMITTED,2026-08-08T13:27:21.374211+00:00
cap_20260808T132703633888,cycle_20260808,08/09/2026,03:30 (ET),DAL@MIN,Dallas Wings,NOT_YET_SUBMITTED,2026-08-08T13:27:21.374211+00:00
cap_20260808T132703633888,cycle_20260808,08/09/2026,03:30 (ET),DAL@MIN,Minnesota Lynx,NOT_YET_SUBMITTED,2026-08-08T13:27:21.374211+00:00
cap_20260808T132703633888,cycle_20260808,08/09/2026,07:00 (ET),GSV@LAS,Golden State Valkyries,NOT_YET_SUBMITTED,2026-08-08T13:27:21.374211+00:00
cap_20260808T132703633888,cycle_20260808,08/09/2026,07:00 (ET),GSV@LAS,Los Angeles Sparks,NOT_YET_SUBMITTED,2026-08-08T13:27:21.374211+00:00
cap_20260808T132703633888,cycle_20260808,08/09/2026,12:30 (ET),LVA@NYL,Las Vegas Aces,NOT_YET_SUBMITTED,2026-08-08T13:27:21.374211+00:00
cap_20260808T132703633888,cycle_20260808,08/09/2026,12:30 (ET),LVA@NYL,New York Liberty,NOT_YET_SUBMITTED,2026-08-08T13:27:21.374211+00:00
cap_20260808T134202831837,cycle_20260808,08/09/2026,03:00 (ET),PHX@WAS,Phoenix Mercury,NOT_YET_SUBMITTED,2026-08-08T13:42:15.858079+00:00
cap_20260808T134202831837,cycle_20260808,08/09/2026,03:00 (ET),PHX@WAS,Washington Mystics,NOT_YET_SUBMITTED,2026-08-08T13:42:15.858079+00:00
cap_20260808T134202831837,cycle_20260808,08/09/2026,03:30 (ET),DAL@MIN,Dallas Wings,NOT_YET_SUBMITTED,2026-08-08T13:42:15.858079+00:00
cap_20260808T134202831837,cycle_20260808,08/09/2026,03:30 (ET),DAL@MIN,Minnesota Lynx,NOT_YET_SUBMITTED,2026-08-08T13:42:15.858079+00:00
cap_20260808T134202831837,cycle_20260808,08/09/2026,07:00 (ET),GSV@LAS,Golden State Valkyries,NOT_YET_SUBMITTED,2026-08-08T13:42:15.858079+00:00
cap_20260808T134202831837,cycle_20260808,08/09/2026,07:00 (ET),GSV@LAS,Los Angeles Sparks,NOT_YET_SUBMITTED,2026-08-08T13:42:15.858079+00:00
cap_20260808T134202831837,cycle_20260808,08/09/2026,12:30 (ET),LVA@NYL,Las Vegas Aces,NOT_YET_SUBMITTED,2026-08-08T13:42:15.858079+00:00
cap_20260808T134202831837,cycle_20260808,08/09/2026,12:30 (ET),LVA@NYL,New York Liberty,NOT_YET_SUBMITTED,2026-08-08T13:42:15.858079+00:00
cap_20260808T135702558688,cycle_20260808,08/09/2026,03:00 (ET),PHX@WAS,Phoenix Mercury,NOT_YET_SUBMITTED,2026-08-08T13:57:15.810238+00:00
cap_20260808T135702558688,cycle_20260808,08/09/2026,03:00 (ET),PHX@WAS,Washington Mystics,NOT_YET_SUBMITTED,2026-08-08T13:57:15.810238+00:00
cap_20260808T135702558688,cycle_20260808,08/09/2026,03:30 (ET),DAL@MIN,Dallas Wings,NOT_YET_SUBMITTED,2026-08-08T13:57:15.810238+00:00
cap_20260808T135702558688,cycle_20260808,08/09/2026,03:30 (ET),DAL@MIN,Minnesota Lynx,NOT_YET_SUBMITTED,2026-08-08T13:57:15.810238+00:00
cap_20260808T135702558688,cycle_20260808,08/09/2026,07:00 (ET),GSV@LAS,Golden State Valkyries,NOT_YET_SUBMITTED,2026-08-08T13:57:15.810238+00:00
cap_20260808T135702558688,cycle_20260808,08/09/2026,07:00 (ET),GSV@LAS,Los Angeles Sparks,NOT_YET_SUBMITTED,2026-08-08T13:57:15.810238+00:00
cap_20260808T135702558688,cycle_20260808,08/09/2026,12:30 (ET),LVA@NYL,Las Vegas Aces,NOT_YET_SUBMITTED,2026-08-08T13:57:15.810238+00:00
cap_20260808T135702558688,cycle_20260808,08/09/2026,12:30 (ET),LVA@NYL,New York Liberty,NOT_YET_SUBMITTED,2026-08-08T13:57:15.810238+00:00
cap_20260808T141203135341,cycle_20260808,08/09/2026,03:00 (ET),PHX@WAS,Phoenix Mercury,NOT_YET_SUBMITTED,2026-08-08T14:12:21.616996+00:00
cap_20260808T141203135341,cycle_20260808,08/09/2026,03:00 (ET),PHX@WAS,Washington Mystics,NOT_YET_SUBMITTED,2026-08-08T14:12:21.616996+00:00
cap_20260808T141203135341,cycle_20260808,08/09/2026,03:30 (ET),DAL@MIN,Dallas Wings,NOT_YET_SUBMITTED,2026-08-08T14:12:21.616996+00:00
cap_20260808T141203135341,cycle_20260808,08/09/2026,03:30 (ET),DAL@MIN,Minnesota Lynx,NOT_YET_SUBMITTED,2026-08-08T14:12:21.616996+00:00
cap_20260808T141203135341,cycle_20260808,08/09/2026,07:00 (ET),GSV@LAS,Golden State Valkyries,NOT_YET_SUBMITTED,2026-08-08T14:12:21.616996+00:00
cap_20260808T141203135341,cycle_20260808,08/09/2026,07:00 (ET),GSV@LAS,Los Angeles Sparks,NOT_YET_SUBMITTED,2026-08-08T14:12:21.616996+00:00
cap_20260808T141203135341,cycle_20260808,08/09/2026,12:30 (ET),LVA@NYL,Las Vegas Aces,NOT_YET_SUBMITTED,2026-08-08T14:12:21.616996+00:00
cap_20260808T141203135341,cycle_20260808,08/09/2026,12:30 (ET),LVA@NYL,New York Liberty,NOT_YET_SUBMITTED,2026-08-08T14:12:21.616996+00:00
cap_20260808T142702553722,cycle_20260808,08/09/2026,03:00 (ET),PHX@WAS,Phoenix Mercury,NOT_YET_SUBMITTED,2026-08-08T14:27:14.891771+00:00
cap_20260808T142702553722,cycle_20260808,08/09/2026,03:00 (ET),PHX@WAS,Washington Mystics,NOT_YET_SUBMITTED,2026-08-08T14:27:14.891771+00:00
cap_20260808T142702553722,cycle_20260808,08/09/2026,03:30 (ET),DAL@MIN,Dallas Wings,NOT_YET_SUBMITTED,2026-08-08T14:27:14.891771+00:00
cap_20260808T142702553722,cycle_20260808,08/09/2026,03:30 (ET),DAL@MIN,Minnesota Lynx,NOT_YET_SUBMITTED,2026-08-08T14:27:14.891771+00:00
cap_20260808T142702553722,cycle_20260808,08/09/2026,07:00 (ET),GSV@LAS,Golden State Valkyries,NOT_YET_SUBMITTED,2026-08-08T14:27:14.891771+00:00
cap_20260808T142702553722,cycle_20260808,08/09/2026,07:00 (ET),GSV@LAS,Los Angeles Sparks,NOT_YET_SUBMITTED,2026-08-08T14:27:14.891771+00:00
cap_20260808T142702553722,cycle_20260808,08/09/2026,12:30 (ET),LVA@NYL,Las Vegas Aces,NOT_YET_SUBMITTED,2026-08-08T14:27:14.891771+00:00
cap_20260808T142702553722,cycle_20260808,08/09/2026,12:30 (ET),LVA@NYL,New York Liberty,NOT_YET_SUBMITTED,2026-08-08T14:27:14.891771+00:00
cap_20260808T144202675186,cycle_20260808,08/09/2026,03:00 (ET),PHX@WAS,Phoenix Mercury,NOT_YET_SUBMITTED,2026-08-08T14:42:15.042985+00:00
cap_20260808T144202675186,cycle_20260808,08/09/2026,03:00 (ET),PHX@WAS,Washington Mystics,NOT_YET_SUBMITTED,2026-08-08T14:42:15.042985+00:00
cap_20260808T144202675186,cycle_20260808,08/09/2026,03:30 (ET),DAL@MIN,Dallas Wings,NOT_YET_SUBMITTED,2026-08-08T14:42:15.042985+00:00
cap_20260808T144202675186,cycle_20260808,08/09/2026,03:30 (ET),DAL@MIN,Minnesota Lynx,NOT_YET_SUBMITTED,2026-08-08T14:42:15.042985+00:00
cap_20260808T144202675186,cycle_20260808,08/09/2026,07:00 (ET),GSV@LAS,Golden State Valkyries,NOT_YET_SUBMITTED,2026-08-08T14:42:15.042985+00:00
cap_20260808T144202675186,cycle_20260808,08/09/2026,07:00 (ET),GSV@LAS,Los Angeles Sparks,NOT_YET_SUBMITTED,2026-08-08T14:42:15.042985+00:00
cap_20260808T144202675186,cycle_20260808,08/09/2026,12:30 (ET),LVA@NYL,Las Vegas Aces,NOT_YET_SUBMITTED,2026-08-08T14:42:15.042985+00:00
cap_20260808T144202675186,cycle_20260808,08/09/2026,12:30 (ET),LVA@NYL,New York Liberty,NOT_YET_SUBMITTED,2026-08-08T14:42:15.042985+00:00
cap_20260808T145702571342,cycle_20260808,08/09/2026,03:00 (ET),PHX@WAS,Phoenix Mercury,NOT_YET_SUBMITTED,2026-08-08T14:57:14.636738+00:00
cap_20260808T145702571342,cycle_20260808,08/09/2026,03:00 (ET),PHX@WAS,Washington Mystics,NOT_YET_SUBMITTED,2026-08-08T14:57:14.636738+00:00
cap_20260808T145702571342,cycle_20260808,08/09/2026,03:30 (ET),DAL@MIN,Dallas Wings,NOT_YET_SUBMITTED,2026-08-08T14:57:14.636738+00:00
cap_20260808T145702571342,cycle_20260808,08/09/2026,03:30 (ET),DAL@MIN,Minnesota Lynx,NOT_YET_SUBMITTED,2026-08-08T14:57:14.636738+00:00
cap_20260808T145702571342,cycle_20260808,08/09/2026,07:00 (ET),GSV@LAS,Golden State Valkyries,NOT_YET_SUBMITTED,2026-08-08T14:57:14.636738+00:00
cap_20260808T145702571342,cycle_20260808,08/09/2026,07:00 (ET),GSV@LAS,Los Angeles Sparks,NOT_YET_SUBMITTED,2026-08-08T14:57:14.636738+00:00
cap_20260808T145702571342,cycle_20260808,08/09/2026,12:30 (ET),LVA@NYL,Las Vegas Aces,NOT_YET_SUBMITTED,2026-08-08T14:57:14.636738+00:00
cap_20260808T145702571342,cycle_20260808,08/09/2026,12:30 (ET),LVA@NYL,New York Liberty,NOT_YET_SUBMITTED,2026-08-08T14:57:14.636738+00:00
cap_20260808T151202652330,cycle_20260808,08/09/2026,03:00 (ET),PHX@WAS,Phoenix Mercury,NOT_YET_SUBMITTED,2026-08-08T15:12:14.986667+00:00
cap_20260808T151202652330,cycle_20260808,08/09/2026,03:00 (ET),PHX@WAS,Washington Mystics,NOT_YET_SUBMITTED,2026-08-08T15:12:14.986667+00:00
cap_20260808T151202652330,cycle_20260808,08/09/2026,03:30 (ET),DAL@MIN,Dallas Wings,NOT_YET_SUBMITTED,2026-08-08T15:12:14.986667+00:00
cap_20260808T151202652330,cycle_20260808,08/09/2026,03:30 (ET),DAL@MIN,Minnesota Lynx,NOT_YET_SUBMITTED,2026-08-08T15:12:14.986667+00:00
cap_20260808T151202652330,cycle_20260808,08/09/2026,07:00 (ET),GSV@LAS,Golden State Valkyries,NOT_YET_SUBMITTED,2026-08-08T15:12:14.986667+00:00
cap_20260808T151202652330,cycle_20260808,08/09/2026,07:00 (ET),GSV@LAS,Los Angeles Sparks,NOT_YET_SUBMITTED,2026-08-08T15:12:14.986667+00:00
cap_20260808T151202652330,cycle_20260808,08/09/2026,12:30 (ET),LVA@NYL,Las Vegas Aces,NOT_YET_SUBMITTED,2026-08-08T15:12:14.986667+00:00
cap_20260808T151202652330,cycle_20260808,08/09/2026,12:30 (ET),LVA@NYL,New York Liberty,NOT_YET_SUBMITTED,2026-08-08T15:12:14.986667+00:00
cap_20260808T152702641117,cycle_20260808,08/09/2026,03:00 (ET),PHX@WAS,Phoenix Mercury,NOT_YET_SUBMITTED,2026-08-08T15:27:14.850461+00:00
cap_20260808T152702641117,cycle_20260808,08/09/2026,03:00 (ET),PHX@WAS,Washington Mystics,NOT_YET_SUBMITTED,2026-08-08T15:27:14.850461+00:00
cap_20260808T152702641117,cycle_20260808,08/09/2026,03:30 (ET),DAL@MIN,Dallas Wings,NOT_YET_SUBMITTED,2026-08-08T15:27:14.850461+00:00
cap_20260808T152702641117,cycle_20260808,08/09/2026,03:30 (ET),DAL@MIN,Minnesota Lynx,NOT_YET_SUBMITTED,2026-08-08T15:27:14.850461+00:00
cap_20260808T152702641117,cycle_20260808,08/09/2026,07:00 (ET),GSV@LAS,Golden State Valkyries,NOT_YET_SUBMITTED,2026-08-08T15:27:14.850461+00:00
cap_20260808T152702641117,cycle_20260808,08/09/2026,07:00 (ET),GSV@LAS,Los Angeles Sparks,NOT_YET_SUBMITTED,2026-08-08T15:27:14.850461+00:00
cap_20260808T152702641117,cycle_20260808,08/09/2026,12:30 (ET),LVA@NYL,Las Vegas Aces,NOT_YET_SUBMITTED,2026-08-08T15:27:14.850461+00:00
cap_20260808T152702641117,cycle_20260808,08/09/2026,12:30 (ET),LVA@NYL,New York Liberty,NOT_YET_SUBMITTED,2026-08-08T15:27:14.850461+00:00
cap_20260808T154202669908,cycle_20260808,08/09/2026,03:00 (ET),PHX@WAS,Phoenix Mercury,NOT_YET_SUBMITTED,2026-08-08T15:42:15.650596+00:00
cap_20260808T154202669908,cycle_20260808,08/09/2026,03:00 (ET),PHX@WAS,Washington Mystics,NOT_YET_SUBMITTED,2026-08-08T15:42:15.650596+00:00
cap_20260808T154202669908,cycle_20260808,08/09/2026,03:30 (ET),DAL@MIN,Dallas Wings,NOT_YET_SUBMITTED,2026-08-08T15:42:15.650596+00:00
cap_20260808T154202669908,cycle_20260808,08/09/2026,03:30 (ET),DAL@MIN,Minnesota Lynx,NOT_YET_SUBMITTED,2026-08-08T15:42:15.650596+00:00
cap_20260808T154202669908,cycle_20260808,08/09/2026,07:00 (ET),GSV@LAS,Golden State Valkyries,NOT_YET_SUBMITTED,2026-08-08T15:42:15.650596+00:00
cap_20260808T154202669908,cycle_20260808,08/09/2026,07:00 (ET),GSV@LAS,Los Angeles Sparks,NOT_YET_SUBMITTED,2026-08-08T15:42:15.650596+00:00
cap_20260808T154202669908,cycle_20260808,08/09/2026,12:30 (ET),LVA@NYL,Las Vegas Aces,NOT_YET_SUBMITTED,2026-08-08T15:42:15.650596+00:00
cap_20260808T154202669908,cycle_20260808,08/09/2026,12:30 (ET),LVA@NYL,New York Liberty,NOT_YET_SUBMITTED,2026-08-08T15:42:15.650596+00:00
cap_20260808T155702694231,cycle_20260808,08/09/2026,03:00 (ET),PHX@WAS,Phoenix Mercury,NOT_YET_SUBMITTED,2026-08-08T15:57:15.122372+00:00
cap_20260808T155702694231,cycle_20260808,08/09/2026,03:00 (ET),PHX@WAS,Washington Mystics,NOT_YET_SUBMITTED,2026-08-08T15:57:15.122372+00:00
cap_20260808T155702694231,cycle_20260808,08/09/2026,03:30 (ET),DAL@MIN,Dallas Wings,NOT_YET_SUBMITTED,2026-08-08T15:57:15.122372+00:00
cap_20260808T155702694231,cycle_20260808,08/09/2026,03:30 (ET),DAL@MIN,Minnesota Lynx,NOT_YET_SUBMITTED,2026-08-08T15:57:15.122372+00:00
cap_20260808T155702694231,cycle_20260808,08/09/2026,07:00 (ET),GSV@LAS,Golden State Valkyries,NOT_YET_SUBMITTED,2026-08-08T15:57:15.122372+00:00
cap_20260808T155702694231,cycle_20260808,08/09/2026,07:00 (ET),GSV@LAS,Los Angeles Sparks,NOT_YET_SUBMITTED,2026-08-08T15:57:15.122372+00:00
cap_20260808T155702694231,cycle_20260808,08/09/2026,12:30 (ET),LVA@NYL,Las Vegas Aces,NOT_YET_SUBMITTED,2026-08-08T15:57:15.122372+00:00
cap_20260808T155702694231,cycle_20260808,08/09/2026,12:30 (ET),LVA@NYL,New York Liberty,NOT_YET_SUBMITTED,2026-08-08T15:57:15.122372+00:00
cap_20260808T161202716195,cycle_20260808,08/09/2026,03:00 (ET),PHX@WAS,Phoenix Mercury,NOT_YET_SUBMITTED,2026-08-08T16:12:17.540882+00:00
cap_20260808T161202716195,cycle_20260808,08/09/2026,03:00 (ET),PHX@WAS,Washington Mystics,NOT_YET_SUBMITTED,2026-08-08T16:12:17.540882+00:00
cap_20260808T161202716195,cycle_20260808,08/09/2026,03:30 (ET),DAL@MIN,Dallas Wings,NOT_YET_SUBMITTED,2026-08-08T16:12:17.540882+00:00
cap_20260808T161202716195,cycle_20260808,08/09/2026,03:30 (ET),DAL@MIN,Minnesota Lynx,NOT_YET_SUBMITTED,2026-08-08T16:12:17.540882+00:00
cap_20260808T161202716195,cycle_20260808,08/09/2026,07:00 (ET),GSV@LAS,Golden State Valkyries,NOT_YET_SUBMITTED,2026-08-08T16:12:17.540882+00:00
cap_20260808T161202716195,cycle_20260808,08/09/2026,07:00 (ET),GSV@LAS,Los Angeles Sparks,NOT_YET_SUBMITTED,2026-08-08T16:12:17.540882+00:00
cap_20260808T161202716195,cycle_20260808,08/09/2026,12:30 (ET),LVA@NYL,Las Vegas Aces,NOT_YET_SUBMITTED,2026-08-08T16:12:17.540882+00:00
cap_20260808T161202716195,cycle_20260808,08/09/2026,12:30 (ET),LVA@NYL,New York Liberty,NOT_YET_SUBMITTED,2026-08-08T16:12:17.540882+00:00
cap_20260808T162702570185,cycle_20260808,08/09/2026,03:00 (ET),PHX@WAS,Phoenix Mercury,NOT_YET_SUBMITTED,2026-08-08T16:27:15.193840+00:00
cap_20260808T162702570185,cycle_20260808,08/09/2026,03:00 (ET),PHX@WAS,Washington Mystics,NOT_YET_SUBMITTED,2026-08-08T16:27:15.193840+00:00
cap_20260808T162702570185,cycle_20260808,08/09/2026,03:30 (ET),DAL@MIN,Dallas Wings,NOT_YET_SUBMITTED,2026-08-08T16:27:15.193840+00:00
cap_20260808T162702570185,cycle_20260808,08/09/2026,03:30 (ET),DAL@MIN,Minnesota Lynx,NOT_YET_SUBMITTED,2026-08-08T16:27:15.193840+00:00
cap_20260808T162702570185,cycle_20260808,08/09/2026,07:00 (ET),GSV@LAS,Golden State Valkyries,NOT_YET_SUBMITTED,2026-08-08T16:27:15.193840+00:00
cap_20260808T162702570185,cycle_20260808,08/09/2026,07:00 (ET),GSV@LAS,Los Angeles Sparks,NOT_YET_SUBMITTED,2026-08-08T16:27:15.193840+00:00
cap_20260808T162702570185,cycle_20260808,08/09/2026,12:30 (ET),LVA@NYL,Las Vegas Aces,NOT_YET_SUBMITTED,2026-08-08T16:27:15.193840+00:00
cap_20260808T162702570185,cycle_20260808,08/09/2026,12:30 (ET),LVA@NYL,New York Liberty,NOT_YET_SUBMITTED,2026-08-08T16:27:15.193840+00:00
cap_20260808T164202697703,cycle_20260808,08/09/2026,03:00 (ET),PHX@WAS,Phoenix Mercury,NOT_YET_SUBMITTED,2026-08-08T16:42:14.780158+00:00
cap_20260808T164202697703,cycle_20260808,08/09/2026,03:00 (ET),PHX@WAS,Washington Mystics,NOT_YET_SUBMITTED,2026-08-08T16:42:14.780158+00:00
cap_20260808T164202697703,cycle_20260808,08/09/2026,03:30 (ET),DAL@MIN,Dallas Wings,NOT_YET_SUBMITTED,2026-08-08T16:42:14.780158+00:00
cap_20260808T164202697703,cycle_20260808,08/09/2026,03:30 (ET),DAL@MIN,Minnesota Lynx,NOT_YET_SUBMITTED,2026-08-08T16:42:14.780158+00:00
cap_20260808T164202697703,cycle_20260808,08/09/2026,07:00 (ET),GSV@LAS,Golden State Valkyries,NOT_YET_SUBMITTED,2026-08-08T16:42:14.780158+00:00
cap_20260808T164202697703,cycle_20260808,08/09/2026,07:00 (ET),GSV@LAS,Los Angeles Sparks,NOT_YET_SUBMITTED,2026-08-08T16:42:14.780158+00:00
cap_20260808T164202697703,cycle_20260808,08/09/2026,12:30 (ET),LVA@NYL,Las Vegas Aces,NOT_YET_SUBMITTED,2026-08-08T16:42:14.780158+00:00
cap_20260808T164202697703,cycle_20260808,08/09/2026,12:30 (ET),LVA@NYL,New York Liberty,NOT_YET_SUBMITTED,2026-08-08T16:42:14.780158+00:00
cap_20260808T165702555752,cycle_20260808,08/09/2026,03:00 (ET),PHX@WAS,Phoenix Mercury,NOT_YET_SUBMITTED,2026-08-08T16:57:15.025515+00:00
cap_20260808T165702555752,cycle_20260808,08/09/2026,03:00 (ET),PHX@WAS,Washington Mystics,NOT_YET_SUBMITTED,2026-08-08T16:57:15.025515+00:00
cap_20260808T165702555752,cycle_20260808,08/09/2026,03:30 (ET),DAL@MIN,Dallas Wings,NOT_YET_SUBMITTED,2026-08-08T16:57:15.025515+00:00
cap_20260808T165702555752,cycle_20260808,08/09/2026,03:30 (ET),DAL@MIN,Minnesota Lynx,NOT_YET_SUBMITTED,2026-08-08T16:57:15.025515+00:00
cap_20260808T165702555752,cycle_20260808,08/09/2026,07:00 (ET),GSV@LAS,Golden State Valkyries,NOT_YET_SUBMITTED,2026-08-08T16:57:15.025515+00:00
cap_20260808T165702555752,cycle_20260808,08/09/2026,07:00 (ET),GSV@LAS,Los Angeles Sparks,NOT_YET_SUBMITTED,2026-08-08T16:57:15.025515+00:00
cap_20260808T165702555752,cycle_20260808,08/09/2026,12:30 (ET),LVA@NYL,Las Vegas Aces,NOT_YET_SUBMITTED,2026-08-08T16:57:15.025515+00:00
cap_20260808T165702555752,cycle_20260808,08/09/2026,12:30 (ET),LVA@NYL,New York Liberty,NOT_YET_SUBMITTED,2026-08-08T16:57:15.025515+00:00
cap_20260808T171202918206,cycle_20260808,08/09/2026,03:00 (ET),PHX@WAS,Phoenix Mercury,NOT_YET_SUBMITTED,2026-08-08T17:12:16.602374+00:00
cap_20260808T171202918206,cycle_20260808,08/09/2026,03:00 (ET),PHX@WAS,Washington Mystics,NOT_YET_SUBMITTED,2026-08-08T17:12:16.602374+00:00
cap_20260808T171202918206,cycle_20260808,08/09/2026,03:30 (ET),DAL@MIN,Dallas Wings,NOT_YET_SUBMITTED,2026-08-08T17:12:16.602374+00:00
cap_20260808T171202918206,cycle_20260808,08/09/2026,03:30 (ET),DAL@MIN,Minnesota Lynx,NOT_YET_SUBMITTED,2026-08-08T17:12:16.602374+00:00
cap_20260808T171202918206,cycle_20260808,08/09/2026,07:00 (ET),GSV@LAS,Golden State Valkyries,NOT_YET_SUBMITTED,2026-08-08T17:12:16.602374+00:00
cap_20260808T171202918206,cycle_20260808,08/09/2026,07:00 (ET),GSV@LAS,Los Angeles Sparks,NOT_YET_SUBMITTED,2026-08-08T17:12:16.602374+00:00
cap_20260808T171202918206,cycle_20260808,08/09/2026,12:30 (ET),LVA@NYL,Las Vegas Aces,NOT_YET_SUBMITTED,2026-08-08T17:12:16.602374+00:00
cap_20260808T171202918206,cycle_20260808,08/09/2026,12:30 (ET),LVA@NYL,New York Liberty,NOT_YET_SUBMITTED,2026-08-08T17:12:16.602374+00:00
cap_20260808T172702912165,cycle_20260808,08/09/2026,03:00 (ET),PHX@WAS,Phoenix Mercury,NOT_YET_SUBMITTED,2026-08-08T17:27:17.206495+00:00
cap_20260808T172702912165,cycle_20260808,08/09/2026,03:00 (ET),PHX@WAS,Washington Mystics,NOT_YET_SUBMITTED,2026-08-08T17:27:17.206495+00:00
cap_20260808T172702912165,cycle_20260808,08/09/2026,03:30 (ET),DAL@MIN,Dallas Wings,NOT_YET_SUBMITTED,2026-08-08T17:27:17.206495+00:00
cap_20260808T172702912165,cycle_20260808,08/09/2026,03:30 (ET),DAL@MIN,Minnesota Lynx,NOT_YET_SUBMITTED,2026-08-08T17:27:17.206495+00:00
cap_20260808T172702912165,cycle_20260808,08/09/2026,07:00 (ET),GSV@LAS,Golden State Valkyries,NOT_YET_SUBMITTED,2026-08-08T17:27:17.206495+00:00
cap_20260808T172702912165,cycle_20260808,08/09/2026,07:00 (ET),GSV@LAS,Los Angeles Sparks,NOT_YET_SUBMITTED,2026-08-08T17:27:17.206495+00:00
cap_20260808T172702912165,cycle_20260808,08/09/2026,12:30 (ET),LVA@NYL,Las Vegas Aces,NOT_YET_SUBMITTED,2026-08-08T17:27:17.206495+00:00
cap_20260808T172702912165,cycle_20260808,08/09/2026,12:30 (ET),LVA@NYL,New York Liberty,NOT_YET_SUBMITTED,2026-08-08T17:27:17.206495+00:00
cap_20260808T174202699485,cycle_20260808,08/09/2026,03:00 (ET),PHX@WAS,Phoenix Mercury,NOT_YET_SUBMITTED,2026-08-08T17:42:16.783912+00:00
cap_20260808T174202699485,cycle_20260808,08/09/2026,03:00 (ET),PHX@WAS,Washington Mystics,NOT_YET_SUBMITTED,2026-08-08T17:42:16.783912+00:00
cap_20260808T174202699485,cycle_20260808,08/09/2026,03:30 (ET),DAL@MIN,Dallas Wings,NOT_YET_SUBMITTED,2026-08-08T17:42:16.783912+00:00
cap_20260808T174202699485,cycle_20260808,08/09/2026,03:30 (ET),DAL@MIN,Minnesota Lynx,NOT_YET_SUBMITTED,2026-08-08T17:42:16.783912+00:00
cap_20260808T174202699485,cycle_20260808,08/09/2026,07:00 (ET),GSV@LAS,Golden State Valkyries,NOT_YET_SUBMITTED,2026-08-08T17:42:16.783912+00:00
cap_20260808T174202699485,cycle_20260808,08/09/2026,07:00 (ET),GSV@LAS,Los Angeles Sparks,NOT_YET_SUBMITTED,2026-08-08T17:42:16.783912+00:00
cap_20260808T174202699485,cycle_20260808,08/09/2026,12:30 (ET),LVA@NYL,Las Vegas Aces,NOT_YET_SUBMITTED,2026-08-08T17:42:16.783912+00:00
cap_20260808T174202699485,cycle_20260808,08/09/2026,12:30 (ET),LVA@NYL,New York Liberty,NOT_YET_SUBMITTED,2026-08-08T17:42:16.783912+00:00
cap_20260808T175702577591,cycle_20260808,08/09/2026,03:00 (ET),PHX@WAS,Phoenix Mercury,NOT_YET_SUBMITTED,2026-08-08T17:57:15.878414+00:00
cap_20260808T175702577591,cycle_20260808,08/09/2026,03:00 (ET),PHX@WAS,Washington Mystics,NOT_YET_SUBMITTED,2026-08-08T17:57:15.878414+00:00
cap_20260808T175702577591,cycle_20260808,08/09/2026,03:30 (ET),DAL@MIN,Dallas Wings,NOT_YET_SUBMITTED,2026-08-08T17:57:15.878414+00:00
cap_20260808T175702577591,cycle_20260808,08/09/2026,03:30 (ET),DAL@MIN,Minnesota Lynx,NOT_YET_SUBMITTED,2026-08-08T17:57:15.878414+00:00
cap_20260808T175702577591,cycle_20260808,08/09/2026,07:00 (ET),GSV@LAS,Golden State Valkyries,NOT_YET_SUBMITTED,2026-08-08T17:57:15.878414+00:00
cap_20260808T175702577591,cycle_20260808,08/09/2026,07:00 (ET),GSV@LAS,Los Angeles Sparks,NOT_YET_SUBMITTED,2026-08-08T17:57:15.878414+00:00
cap_20260808T175702577591,cycle_20260808,08/09/2026,12:30 (ET),LVA@NYL,Las Vegas Aces,NOT_YET_SUBMITTED,2026-08-08T17:57:15.878414+00:00
cap_20260808T175702577591,cycle_20260808,08/09/2026,12:30 (ET),LVA@NYL,New York Liberty,NOT_YET_SUBMITTED,2026-08-08T17:57:15.878414+00:00
cap_20260808T181203265964,cycle_20260808,08/09/2026,03:00 (ET),PHX@WAS,Phoenix Mercury,NOT_YET_SUBMITTED,2026-08-08T18:12:18.800318+00:00
cap_20260808T181203265964,cycle_20260808,08/09/2026,03:00 (ET),PHX@WAS,Washington Mystics,NOT_YET_SUBMITTED,2026-08-08T18:12:18.800318+00:00
cap_20260808T181203265964,cycle_20260808,08/09/2026,03:30 (ET),DAL@MIN,Dallas Wings,NOT_YET_SUBMITTED,2026-08-08T18:12:18.800318+00:00
cap_20260808T181203265964,cycle_20260808,08/09/2026,03:30 (ET),DAL@MIN,Minnesota Lynx,NOT_YET_SUBMITTED,2026-08-08T18:12:18.800318+00:00
cap_20260808T181203265964,cycle_20260808,08/09/2026,07:00 (ET),GSV@LAS,Golden State Valkyries,NOT_YET_SUBMITTED,2026-08-08T18:12:18.800318+00:00
cap_20260808T181203265964,cycle_20260808,08/09/2026,07:00 (ET),GSV@LAS,Los Angeles Sparks,NOT_YET_SUBMITTED,2026-08-08T18:12:18.800318+00:00
cap_20260808T181203265964,cycle_20260808,08/09/2026,12:30 (ET),LVA@NYL,Las Vegas Aces,NOT_YET_SUBMITTED,2026-08-08T18:12:18.800318+00:00
cap_20260808T181203265964,cycle_20260808,08/09/2026,12:30 (ET),LVA@NYL,New York Liberty,NOT_YET_SUBMITTED,2026-08-08T18:12:18.800318+00:00
cap_20260808T182702603723,cycle_20260808,08/09/2026,03:00 (ET),PHX@WAS,Phoenix Mercury,NOT_YET_SUBMITTED,2026-08-08T18:27:18.770761+00:00
cap_20260808T182702603723,cycle_20260808,08/09/2026,03:00 (ET),PHX@WAS,Washington Mystics,NOT_YET_SUBMITTED,2026-08-08T18:27:18.770761+00:00
cap_20260808T182702603723,cycle_20260808,08/09/2026,03:30 (ET),DAL@MIN,Dallas Wings,NOT_YET_SUBMITTED,2026-08-08T18:27:18.770761+00:00
cap_20260808T182702603723,cycle_20260808,08/09/2026,03:30 (ET),DAL@MIN,Minnesota Lynx,NOT_YET_SUBMITTED,2026-08-08T18:27:18.770761+00:00
cap_20260808T182702603723,cycle_20260808,08/09/2026,07:00 (ET),GSV@LAS,Golden State Valkyries,NOT_YET_SUBMITTED,2026-08-08T18:27:18.770761+00:00
cap_20260808T182702603723,cycle_20260808,08/09/2026,07:00 (ET),GSV@LAS,Los Angeles Sparks,NOT_YET_SUBMITTED,2026-08-08T18:27:18.770761+00:00
cap_20260808T182702603723,cycle_20260808,08/09/2026,12:30 (ET),LVA@NYL,Las Vegas Aces,NOT_YET_SUBMITTED,2026-08-08T18:27:18.770761+00:00
cap_20260808T182702603723,cycle_20260808,08/09/2026,12:30 (ET),LVA@NYL,New York Liberty,NOT_YET_SUBMITTED,2026-08-08T18:27:18.770761+00:00
cap_20260808T184203649533,cycle_20260808,08/09/2026,03:00 (ET),PHX@WAS,Phoenix Mercury,NOT_YET_SUBMITTED,2026-08-08T18:42:22.444532+00:00
cap_20260808T184203649533,cycle_20260808,08/09/2026,03:00 (ET),PHX@WAS,Washington Mystics,NOT_YET_SUBMITTED,2026-08-08T18:42:22.444532+00:00
cap_20260808T184203649533,cycle_20260808,08/09/2026,03:30 (ET),DAL@MIN,Dallas Wings,NOT_YET_SUBMITTED,2026-08-08T18:42:22.444532+00:00
cap_20260808T184203649533,cycle_20260808,08/09/2026,03:30 (ET),DAL@MIN,Minnesota Lynx,NOT_YET_SUBMITTED,2026-08-08T18:42:22.444532+00:00
cap_20260808T184203649533,cycle_20260808,08/09/2026,07:00 (ET),GSV@LAS,Golden State Valkyries,NOT_YET_SUBMITTED,2026-08-08T18:42:22.444532+00:00
cap_20260808T184203649533,cycle_20260808,08/09/2026,07:00 (ET),GSV@LAS,Los Angeles Sparks,NOT_YET_SUBMITTED,2026-08-08T18:42:22.444532+00:00
cap_20260808T184203649533,cycle_20260808,08/09/2026,12:30 (ET),LVA@NYL,Las Vegas Aces,NOT_YET_SUBMITTED,2026-08-08T18:42:22.444532+00:00
cap_20260808T184203649533,cycle_20260808,08/09/2026,12:30 (ET),LVA@NYL,New York Liberty,NOT_YET_SUBMITTED,2026-08-08T18:42:22.444532+00:00
cap_20260808T185704600107,cycle_20260808,08/09/2026,03:00 (ET),PHX@WAS,Phoenix Mercury,NOT_YET_SUBMITTED,2026-08-08T18:57:19.531756+00:00
cap_20260808T185704600107,cycle_20260808,08/09/2026,03:00 (ET),PHX@WAS,Washington Mystics,NOT_YET_SUBMITTED,2026-08-08T18:57:19.531756+00:00
cap_20260808T185704600107,cycle_20260808,08/09/2026,03:30 (ET),DAL@MIN,Dallas Wings,NOT_YET_SUBMITTED,2026-08-08T18:57:19.531756+00:00
cap_20260808T185704600107,cycle_20260808,08/09/2026,03:30 (ET),DAL@MIN,Minnesota Lynx,NOT_YET_SUBMITTED,2026-08-08T18:57:19.531756+00:00
cap_20260808T185704600107,cycle_20260808,08/09/2026,07:00 (ET),GSV@LAS,Golden State Valkyries,NOT_YET_SUBMITTED,2026-08-08T18:57:19.531756+00:00
cap_20260808T185704600107,cycle_20260808,08/09/2026,07:00 (ET),GSV@LAS,Los Angeles Sparks,NOT_YET_SUBMITTED,2026-08-08T18:57:19.531756+00:00
cap_20260808T185704600107,cycle_20260808,08/09/2026,12:30 (ET),LVA@NYL,Las Vegas Aces,NOT_YET_SUBMITTED,2026-08-08T18:57:19.531756+00:00
cap_20260808T185704600107,cycle_20260808,08/09/2026,12:30 (ET),LVA@NYL,New York Liberty,NOT_YET_SUBMITTED,2026-08-08T18:57:19.531756+00:00
cap_20260808T191207152861,cycle_20260808,08/09/2026,03:00 (ET),PHX@WAS,Phoenix Mercury,NOT_YET_SUBMITTED,2026-08-08T19:12:35.044772+00:00
cap_20260808T191207152861,cycle_20260808,08/09/2026,03:00 (ET),PHX@WAS,Washington Mystics,NOT_YET_SUBMITTED,2026-08-08T19:12:35.044772+00:00
cap_20260808T191207152861,cycle_20260808,08/09/2026,03:30 (ET),DAL@MIN,Dallas Wings,NOT_YET_SUBMITTED,2026-08-08T19:12:35.044772+00:00
cap_20260808T191207152861,cycle_20260808,08/09/2026,03:30 (ET),DAL@MIN,Minnesota Lynx,NOT_YET_SUBMITTED,2026-08-08T19:12:35.044772+00:00
cap_20260808T191207152861,cycle_20260808,08/09/2026,07:00 (ET),GSV@LAS,Golden State Valkyries,NOT_YET_SUBMITTED,2026-08-08T19:12:35.044772+00:00
cap_20260808T191207152861,cycle_20260808,08/09/2026,07:00 (ET),GSV@LAS,Los Angeles Sparks,NOT_YET_SUBMITTED,2026-08-08T19:12:35.044772+00:00
cap_20260808T191207152861,cycle_20260808,08/09/2026,12:30 (ET),LVA@NYL,Las Vegas Aces,NOT_YET_SUBMITTED,2026-08-08T19:12:35.044772+00:00
cap_20260808T191207152861,cycle_20260808,08/09/2026,12:30 (ET),LVA@NYL,New York Liberty,NOT_YET_SUBMITTED,2026-08-08T19:12:35.044772+00:00
cap_20260808T192708351507,cycle_20260808,08/09/2026,03:00 (ET),PHX@WAS,Phoenix Mercury,NOT_YET_SUBMITTED,2026-08-08T19:27:39.582336+00:00
cap_20260808T192708351507,cycle_20260808,08/09/2026,03:00 (ET),PHX@WAS,Washington Mystics,NOT_YET_SUBMITTED,2026-08-08T19:27:39.582336+00:00
cap_20260808T192708351507,cycle_20260808,08/09/2026,03:30 (ET),DAL@MIN,Dallas Wings,NOT_YET_SUBMITTED,2026-08-08T19:27:39.582336+00:00
cap_20260808T192708351507,cycle_20260808,08/09/2026,03:30 (ET),DAL@MIN,Minnesota Lynx,NOT_YET_SUBMITTED,2026-08-08T19:27:39.582336+00:00
cap_20260808T192708351507,cycle_20260808,08/09/2026,07:00 (ET),GSV@LAS,Golden State Valkyries,NOT_YET_SUBMITTED,2026-08-08T19:27:39.582336+00:00
cap_20260808T192708351507,cycle_20260808,08/09/2026,07:00 (ET),GSV@LAS,Los Angeles Sparks,NOT_YET_SUBMITTED,2026-08-08T19:27:39.582336+00:00
cap_20260808T192708351507,cycle_20260808,08/09/2026,12:30 (ET),LVA@NYL,Las Vegas Aces,NOT_YET_SUBMITTED,2026-08-08T19:27:39.582336+00:00
cap_20260808T192708351507,cycle_20260808,08/09/2026,12:30 (ET),LVA@NYL,New York Liberty,NOT_YET_SUBMITTED,2026-08-08T19:27:39.582336+00:00
cap_20260808T194202750886,cycle_20260808,08/09/2026,03:00 (ET),PHX@WAS,Phoenix Mercury,NOT_YET_SUBMITTED,2026-08-08T19:42:15.075266+00:00
cap_20260808T194202750886,cycle_20260808,08/09/2026,03:00 (ET),PHX@WAS,Washington Mystics,NOT_YET_SUBMITTED,2026-08-08T19:42:15.075266+00:00
cap_20260808T194202750886,cycle_20260808,08/09/2026,03:30 (ET),DAL@MIN,Dallas Wings,NOT_YET_SUBMITTED,2026-08-08T19:42:15.075266+00:00
cap_20260808T194202750886,cycle_20260808,08/09/2026,03:30 (ET),DAL@MIN,Minnesota Lynx,NOT_YET_SUBMITTED,2026-08-08T19:42:15.075266+00:00
cap_20260808T194202750886,cycle_20260808,08/09/2026,07:00 (ET),GSV@LAS,Golden State Valkyries,NOT_YET_SUBMITTED,2026-08-08T19:42:15.075266+00:00
cap_20260808T194202750886,cycle_20260808,08/09/2026,07:00 (ET),GSV@LAS,Los Angeles Sparks,NOT_YET_SUBMITTED,2026-08-08T19:42:15.075266+00:00
cap_20260808T194202750886,cycle_20260808,08/09/2026,12:30 (ET),LVA@NYL,Las Vegas Aces,NOT_YET_SUBMITTED,2026-08-08T19:42:15.075266+00:00
cap_20260808T194202750886,cycle_20260808,08/09/2026,12:30 (ET),LVA@NYL,New York Liberty,NOT_YET_SUBMITTED,2026-08-08T19:42:15.075266+00:00
cap_20260808T195702604160,cycle_20260808,08/09/2026,03:00 (ET),PHX@WAS,Phoenix Mercury,NOT_YET_SUBMITTED,2026-08-08T19:57:14.823317+00:00
cap_20260808T195702604160,cycle_20260808,08/09/2026,03:00 (ET),PHX@WAS,Washington Mystics,NOT_YET_SUBMITTED,2026-08-08T19:57:14.823317+00:00
cap_20260808T195702604160,cycle_20260808,08/09/2026,03:30 (ET),DAL@MIN,Dallas Wings,NOT_YET_SUBMITTED,2026-08-08T19:57:14.823317+00:00
cap_20260808T195702604160,cycle_20260808,08/09/2026,03:30 (ET),DAL@MIN,Minnesota Lynx,NOT_YET_SUBMITTED,2026-08-08T19:57:14.823317+00:00
cap_20260808T195702604160,cycle_20260808,08/09/2026,07:00 (ET),GSV@LAS,Golden State Valkyries,NOT_YET_SUBMITTED,2026-08-08T19:57:14.823317+00:00
cap_20260808T195702604160,cycle_20260808,08/09/2026,07:00 (ET),GSV@LAS,Los Angeles Sparks,NOT_YET_SUBMITTED,2026-08-08T19:57:14.823317+00:00
cap_20260808T195702604160,cycle_20260808,08/09/2026,12:30 (ET),LVA@NYL,Las Vegas Aces,NOT_YET_SUBMITTED,2026-08-08T19:57:14.823317+00:00
cap_20260808T195702604160,cycle_20260808,08/09/2026,12:30 (ET),LVA@NYL,New York Liberty,NOT_YET_SUBMITTED,2026-08-08T19:57:14.823317+00:00
cap_20260808T201203538704,cycle_20260808,08/09/2026,03:00 (ET),PHX@WAS,Phoenix Mercury,NOT_YET_SUBMITTED,2026-08-08T20:12:23.911387+00:00
cap_20260808T201203538704,cycle_20260808,08/09/2026,03:00 (ET),PHX@WAS,Washington Mystics,NOT_YET_SUBMITTED,2026-08-08T20:12:23.911387+00:00
cap_20260808T201203538704,cycle_20260808,08/09/2026,03:30 (ET),DAL@MIN,Dallas Wings,NOT_YET_SUBMITTED,2026-08-08T20:12:23.911387+00:00
cap_20260808T201203538704,cycle_20260808,08/09/2026,03:30 (ET),DAL@MIN,Minnesota Lynx,NOT_YET_SUBMITTED,2026-08-08T20:12:23.911387+00:00
cap_20260808T201203538704,cycle_20260808,08/09/2026,07:00 (ET),GSV@LAS,Golden State Valkyries,NOT_YET_SUBMITTED,2026-08-08T20:12:23.911387+00:00
cap_20260808T201203538704,cycle_20260808,08/09/2026,07:00 (ET),GSV@LAS,Los Angeles Sparks,NOT_YET_SUBMITTED,2026-08-08T20:12:23.911387+00:00
cap_20260808T201203538704,cycle_20260808,08/09/2026,12:30 (ET),LVA@NYL,Las Vegas Aces,NOT_YET_SUBMITTED,2026-08-08T20:12:23.911387+00:00
cap_20260808T201203538704,cycle_20260808,08/09/2026,12:30 (ET),LVA@NYL,New York Liberty,NOT_YET_SUBMITTED,2026-08-08T20:12:23.911387+00:00
cap_20260808T202702911717,cycle_20260808,08/09/2026,03:00 (ET),PHX@WAS,Phoenix Mercury,NOT_YET_SUBMITTED,2026-08-08T20:27:16.228700+00:00
cap_20260808T202702911717,cycle_20260808,08/09/2026,03:00 (ET),PHX@WAS,Washington Mystics,NOT_YET_SUBMITTED,2026-08-08T20:27:16.228700+00:00
cap_20260808T202702911717,cycle_20260808,08/09/2026,03:30 (ET),DAL@MIN,Dallas Wings,NOT_YET_SUBMITTED,2026-08-08T20:27:16.228700+00:00
cap_20260808T202702911717,cycle_20260808,08/09/2026,03:30 (ET),DAL@MIN,Minnesota Lynx,NOT_YET_SUBMITTED,2026-08-08T20:27:16.228700+00:00
cap_20260808T202702911717,cycle_20260808,08/09/2026,07:00 (ET),GSV@LAS,Golden State Valkyries,NOT_YET_SUBMITTED,2026-08-08T20:27:16.228700+00:00
cap_20260808T202702911717,cycle_20260808,08/09/2026,07:00 (ET),GSV@LAS,Los Angeles Sparks,NOT_YET_SUBMITTED,2026-08-08T20:27:16.228700+00:00
cap_20260808T202702911717,cycle_20260808,08/09/2026,12:30 (ET),LVA@NYL,Las Vegas Aces,NOT_YET_SUBMITTED,2026-08-08T20:27:16.228700+00:00
cap_20260808T202702911717,cycle_20260808,08/09/2026,12:30 (ET),LVA@NYL,New York Liberty,NOT_YET_SUBMITTED,2026-08-08T20:27:16.228700+00:00
cap_20260808T204202771894,cycle_20260808,08/09/2026,03:00 (ET),PHX@WAS,Phoenix Mercury,NOT_YET_SUBMITTED,2026-08-08T20:42:15.528227+00:00
cap_20260808T204202771894,cycle_20260808,08/09/2026,03:00 (ET),PHX@WAS,Washington Mystics,NOT_YET_SUBMITTED,2026-08-08T20:42:15.528227+00:00
cap_20260808T204202771894,cycle_20260808,08/09/2026,03:30 (ET),DAL@MIN,Dallas Wings,NOT_YET_SUBMITTED,2026-08-08T20:42:15.528227+00:00
cap_20260808T204202771894,cycle_20260808,08/09/2026,03:30 (ET),DAL@MIN,Minnesota Lynx,NOT_YET_SUBMITTED,2026-08-08T20:42:15.528227+00:00
cap_20260808T204202771894,cycle_20260808,08/09/2026,07:00 (ET),GSV@LAS,Golden State Valkyries,NOT_YET_SUBMITTED,2026-08-08T20:42:15.528227+00:00
cap_20260808T204202771894,cycle_20260808,08/09/2026,07:00 (ET),GSV@LAS,Los Angeles Sparks,NOT_YET_SUBMITTED,2026-08-08T20:42:15.528227+00:00
cap_20260808T204202771894,cycle_20260808,08/09/2026,12:30 (ET),LVA@NYL,Las Vegas Aces,NOT_YET_SUBMITTED,2026-08-08T20:42:15.528227+00:00
cap_20260808T204202771894,cycle_20260808,08/09/2026,12:30 (ET),LVA@NYL,New York Liberty,NOT_YET_SUBMITTED,2026-08-08T20:42:15.528227+00:00
cap_20260808T205702957164,cycle_20260808,08/09/2026,03:00 (ET),PHX@WAS,Phoenix Mercury,NOT_YET_SUBMITTED,2026-08-08T20:57:16.228630+00:00
cap_20260808T205702957164,cycle_20260808,08/09/2026,03:30 (ET),DAL@MIN,Dallas Wings,NOT_YET_SUBMITTED,2026-08-08T20:57:16.228630+00:00
cap_20260808T205702957164,cycle_20260808,08/09/2026,03:30 (ET),DAL@MIN,Minnesota Lynx,NOT_YET_SUBMITTED,2026-08-08T20:57:16.228630+00:00
cap_20260808T205702957164,cycle_20260808,08/09/2026,07:00 (ET),GSV@LAS,Golden State Valkyries,NOT_YET_SUBMITTED,2026-08-08T20:57:16.228630+00:00
cap_20260808T205702957164,cycle_20260808,08/09/2026,07:00 (ET),GSV@LAS,Los Angeles Sparks,NOT_YET_SUBMITTED,2026-08-08T20:57:16.228630+00:00
cap_20260808T205702957164,cycle_20260808,08/09/2026,12:30 (ET),LVA@NYL,Las Vegas Aces,NOT_YET_SUBMITTED,2026-08-08T20:57:16.228630+00:00
cap_20260808T205702957164,cycle_20260808,08/09/2026,12:30 (ET),LVA@NYL,New York Liberty,NOT_YET_SUBMITTED,2026-08-08T20:57:16.228630+00:00
cap_20260808T211203513043,cycle_20260808,08/09/2026,03:30 (ET),DAL@MIN,Dallas Wings,NOT_YET_SUBMITTED,2026-08-08T21:12:19.380761+00:00
cap_20260808T211203513043,cycle_20260808,08/09/2026,03:30 (ET),DAL@MIN,Minnesota Lynx,NOT_YET_SUBMITTED,2026-08-08T21:12:19.380761+00:00
cap_20260808T211203513043,cycle_20260808,08/09/2026,07:00 (ET),GSV@LAS,Golden State Valkyries,NOT_YET_SUBMITTED,2026-08-08T21:12:19.380761+00:00
cap_20260808T211203513043,cycle_20260808,08/09/2026,07:00 (ET),GSV@LAS,Los Angeles Sparks,NOT_YET_SUBMITTED,2026-08-08T21:12:19.380761+00:00
cap_20260808T211203513043,cycle_20260808,08/09/2026,12:30 (ET),LVA@NYL,Las Vegas Aces,NOT_YET_SUBMITTED,2026-08-08T21:12:19.380761+00:00
cap_20260808T212702763051,cycle_20260808,08/09/2026,03:30 (ET),DAL@MIN,Dallas Wings,NOT_YET_SUBMITTED,2026-08-08T21:27:17.826149+00:00
cap_20260808T212702763051,cycle_20260808,08/09/2026,03:30 (ET),DAL@MIN,Minnesota Lynx,NOT_YET_SUBMITTED,2026-08-08T21:27:17.826149+00:00
cap_20260808T212702763051,cycle_20260808,08/09/2026,07:00 (ET),GSV@LAS,Golden State Valkyries,NOT_YET_SUBMITTED,2026-08-08T21:27:17.826149+00:00
cap_20260808T212702763051,cycle_20260808,08/09/2026,07:00 (ET),GSV@LAS,Los Angeles Sparks,NOT_YET_SUBMITTED,2026-08-08T21:27:17.826149+00:00
cap_20260808T212702763051,cycle_20260808,08/09/2026,12:30 (ET),LVA@NYL,Las Vegas Aces,NOT_YET_SUBMITTED,2026-08-08T21:27:17.826149+00:00
cap_20260808T214203110332,cycle_20260808,08/09/2026,03:30 (ET),DAL@MIN,Dallas Wings,NOT_YET_SUBMITTED,2026-08-08T21:42:16.371113+00:00
cap_20260808T214203110332,cycle_20260808,08/09/2026,03:30 (ET),DAL@MIN,Minnesota Lynx,NOT_YET_SUBMITTED,2026-08-08T21:42:16.371113+00:00
cap_20260808T214203110332,cycle_20260808,08/09/2026,07:00 (ET),GSV@LAS,Golden State Valkyries,NOT_YET_SUBMITTED,2026-08-08T21:42:16.371113+00:00
cap_20260808T214203110332,cycle_20260808,08/09/2026,07:00 (ET),GSV@LAS,Los Angeles Sparks,NOT_YET_SUBMITTED,2026-08-08T21:42:16.371113+00:00
cap_20260808T214203110332,cycle_20260808,08/09/2026,12:30 (ET),LVA@NYL,Las Vegas Aces,NOT_YET_SUBMITTED,2026-08-08T21:42:16.371113+00:00
cap_20260808T215703722368,cycle_20260808,08/09/2026,03:30 (ET),DAL@MIN,Dallas Wings,NOT_YET_SUBMITTED,2026-08-08T21:57:20.716681+00:00
cap_20260808T215703722368,cycle_20260808,08/09/2026,03:30 (ET),DAL@MIN,Minnesota Lynx,NOT_YET_SUBMITTED,2026-08-08T21:57:20.716681+00:00
cap_20260808T215703722368,cycle_20260808,08/09/2026,07:00 (ET),GSV@LAS,Golden State Valkyries,NOT_YET_SUBMITTED,2026-08-08T21:57:20.716681+00:00
cap_20260808T215703722368,cycle_20260808,08/09/2026,07:00 (ET),GSV@LAS,Los Angeles Sparks,NOT_YET_SUBMITTED,2026-08-08T21:57:20.716681+00:00
cap_20260808T221204325508,cycle_20260808,08/09/2026,03:30 (ET),DAL@MIN,Dallas Wings,NOT_YET_SUBMITTED,2026-08-08T22:12:17.936132+00:00
cap_20260808T221204325508,cycle_20260808,08/09/2026,03:30 (ET),DAL@MIN,Minnesota Lynx,NOT_YET_SUBMITTED,2026-08-08T22:12:17.936132+00:00
cap_20260808T221204325508,cycle_20260808,08/09/2026,07:00 (ET),GSV@LAS,Golden State Valkyries,NOT_YET_SUBMITTED,2026-08-08T22:12:17.936132+00:00
cap_20260808T221204325508,cycle_20260808,08/09/2026,07:00 (ET),GSV@LAS,Los Angeles Sparks,NOT_YET_SUBMITTED,2026-08-08T22:12:17.936132+00:00
cap_20260808T222703860104,cycle_20260808,08/09/2026,03:30 (ET),DAL@MIN,Minnesota Lynx,NOT_YET_SUBMITTED,2026-08-08T22:27:21.437352+00:00
cap_20260808T222703860104,cycle_20260808,08/09/2026,07:00 (ET),GSV@LAS,Golden State Valkyries,NOT_YET_SUBMITTED,2026-08-08T22:27:21.437352+00:00
cap_20260808T222703860104,cycle_20260808,08/09/2026,07:00 (ET),GSV@LAS,Los Angeles Sparks,NOT_YET_SUBMITTED,2026-08-08T22:27:21.437352+00:00
cap_20260808T224202747563,cycle_20260808,08/09/2026,03:30 (ET),DAL@MIN,Minnesota Lynx,NOT_YET_SUBMITTED,2026-08-08T22:42:15.474239+00:00
cap_20260808T224202747563,cycle_20260808,08/09/2026,07:00 (ET),GSV@LAS,Golden State Valkyries,NOT_YET_SUBMITTED,2026-08-08T22:42:15.474239+00:00
cap_20260808T224202747563,cycle_20260808,08/09/2026,07:00 (ET),GSV@LAS,Los Angeles Sparks,NOT_YET_SUBMITTED,2026-08-08T22:42:15.474239+00:00
cap_20260808T225703471659,cycle_20260808,08/09/2026,03:30 (ET),DAL@MIN,Minnesota Lynx,NOT_YET_SUBMITTED,2026-08-08T22:57:16.745057+00:00
cap_20260808T225703471659,cycle_20260808,08/09/2026,07:00 (ET),GSV@LAS,Golden State Valkyries,NOT_YET_SUBMITTED,2026-08-08T22:57:16.745057+00:00
cap_20260808T225703471659,cycle_20260808,08/09/2026,07:00 (ET),GSV@LAS,Los Angeles Sparks,NOT_YET_SUBMITTED,2026-08-08T22:57:16.745057+00:00
cap_20260808T231203606349,cycle_20260808,08/09/2026,03:30 (ET),DAL@MIN,Minnesota Lynx,NOT_YET_SUBMITTED,2026-08-08T23:12:17.715750+00:00
cap_20260808T231203606349,cycle_20260808,08/09/2026,07:00 (ET),GSV@LAS,Golden State Valkyries,NOT_YET_SUBMITTED,2026-08-08T23:12:17.715750+00:00
cap_20260808T231203606349,cycle_20260808,08/09/2026,07:00 (ET),GSV@LAS,Los Angeles Sparks,NOT_YET_SUBMITTED,2026-08-08T23:12:17.715750+00:00
cap_20260808T232702575548,cycle_20260808,08/09/2026,03:30 (ET),DAL@MIN,Minnesota Lynx,NOT_YET_SUBMITTED,2026-08-08T23:27:15.780508+00:00
cap_20260808T232702575548,cycle_20260808,08/09/2026,07:00 (ET),GSV@LAS,Golden State Valkyries,NOT_YET_SUBMITTED,2026-08-08T23:27:15.780508+00:00
cap_20260808T232702575548,cycle_20260808,08/09/2026,07:00 (ET),GSV@LAS,Los Angeles Sparks,NOT_YET_SUBMITTED,2026-08-08T23:27:15.780508+00:00
cap_20260808T234202706131,cycle_20260808,08/09/2026,03:30 (ET),DAL@MIN,Minnesota Lynx,NOT_YET_SUBMITTED,2026-08-08T23:42:16.144823+00:00
cap_20260808T234202706131,cycle_20260808,08/09/2026,07:00 (ET),GSV@LAS,Golden State Valkyries,NOT_YET_SUBMITTED,2026-08-08T23:42:16.144823+00:00
cap_20260808T234202706131,cycle_20260808,08/09/2026,07:00 (ET),GSV@LAS,Los Angeles Sparks,NOT_YET_SUBMITTED,2026-08-08T23:42:16.144823+00:00
cap_20260808T235702679414,cycle_20260808,08/09/2026,03:30 (ET),DAL@MIN,Minnesota Lynx,NOT_YET_SUBMITTED,2026-08-08T23:57:16.864042+00:00
cap_20260808T235702679414,cycle_20260808,08/09/2026,07:00 (ET),GSV@LAS,Golden State Valkyries,NOT_YET_SUBMITTED,2026-08-08T23:57:16.864042+00:00
cap_20260808T235702679414,cycle_20260808,08/09/2026,07:00 (ET),GSV@LAS,Los Angeles Sparks,NOT_YET_SUBMITTED,2026-08-08T23:57:16.864042+00:00
cap_20260809T001202730602,cycle_20260809,08/09/2026,03:30 (ET),DAL@MIN,Minnesota Lynx,NOT_YET_SUBMITTED,2026-08-09T00:12:16.507775+00:00
cap_20260809T002702595759,cycle_20260809,08/09/2026,03:30 (ET),DAL@MIN,Minnesota Lynx,NOT_YET_SUBMITTED,2026-08-09T00:27:15.396256+00:00
cap_20260809T004202906750,cycle_20260809,08/09/2026,03:30 (ET),DAL@MIN,Minnesota Lynx,NOT_YET_SUBMITTED,2026-08-09T00:42:16.565978+00:00
cap_20260809T005702624487,cycle_20260809,08/09/2026,03:30 (ET),DAL@MIN,Minnesota Lynx,NOT_YET_SUBMITTED,2026-08-09T00:57:16.717431+00:00
cap_20260809T011202709370,cycle_20260809,08/09/2026,03:30 (ET),DAL@MIN,Minnesota Lynx,NOT_YET_SUBMITTED,2026-08-09T01:12:15.827099+00:00
cap_20260809T012702761655,cycle_20260809,08/09/2026,03:30 (ET),DAL@MIN,Minnesota Lynx,NOT_YET_SUBMITTED,2026-08-09T01:27:16.500782+00:00
cap_20260809T014203686441,cycle_20260809,08/09/2026,03:30 (ET),DAL@MIN,Minnesota Lynx,NOT_YET_SUBMITTED,2026-08-09T01:42:19.308349+00:00
cap_20260809T015703129215,cycle_20260809,08/09/2026,03:30 (ET),DAL@MIN,Minnesota Lynx,NOT_YET_SUBMITTED,2026-08-09T01:57:17.299032+00:00
cap_20260809T021202703828,cycle_20260809,08/09/2026,03:30 (ET),DAL@MIN,Minnesota Lynx,NOT_YET_SUBMITTED,2026-08-09T02:12:16.823851+00:00
cap_20260809T022702725658,cycle_20260809,08/09/2026,03:30 (ET),DAL@MIN,Minnesota Lynx,NOT_YET_SUBMITTED,2026-08-09T02:27:16.473606+00:00
cap_20260809T024203365477,cycle_20260809,08/09/2026,03:30 (ET),DAL@MIN,Minnesota Lynx,NOT_YET_SUBMITTED,2026-08-09T02:42:18.658006+00:00
cap_20260809T025703601039,cycle_20260809,08/09/2026,03:30 (ET),DAL@MIN,Minnesota Lynx,NOT_YET_SUBMITTED,2026-08-09T02:57:19.832971+00:00
cap_20260809T031204699450,cycle_20260809,08/09/2026,03:30 (ET),DAL@MIN,Minnesota Lynx,NOT_YET_SUBMITTED,2026-08-09T03:12:25.454972+00:00
cap_20260809T032702938589,cycle_20260809,08/09/2026,03:30 (ET),DAL@MIN,Minnesota Lynx,NOT_YET_SUBMITTED,2026-08-09T03:27:18.935830+00:00
cap_20260809T034203621186,cycle_20260809,08/09/2026,03:30 (ET),DAL@MIN,Minnesota Lynx,NOT_YET_SUBMITTED,2026-08-09T03:42:19.011252+00:00
cap_20260809T035703321003,cycle_20260809,08/09/2026,03:30 (ET),DAL@MIN,Minnesota Lynx,NOT_YET_SUBMITTED,2026-08-09T03:57:17.357969+00:00
cap_20260809T041204094314,cycle_20260809,08/09/2026,03:30 (ET),DAL@MIN,Minnesota Lynx,NOT_YET_SUBMITTED,2026-08-09T04:12:18.833403+00:00
cap_20260809T041204094314,cycle_20260809,08/10/2026,08:00 (ET),TOR@ATL,Toronto Tempo,NOT_YET_SUBMITTED,2026-08-09T04:12:18.833403+00:00
cap_20260809T041204094314,cycle_20260809,08/10/2026,08:00 (ET),TOR@ATL,Atlanta Dream,NOT_YET_SUBMITTED,2026-08-09T04:12:18.833403+00:00
cap_20260809T041204094314,cycle_20260809,08/10/2026,10:00 (ET),CHI@SEA,Chicago Sky,NOT_YET_SUBMITTED,2026-08-09T04:12:18.833403+00:00
cap_20260809T041204094314,cycle_20260809,08/10/2026,10:00 (ET),CHI@SEA,Seattle Storm,NOT_YET_SUBMITTED,2026-08-09T04:12:18.833403+00:00
cap_20260809T042702651158,cycle_20260809,08/09/2026,03:30 (ET),DAL@MIN,Minnesota Lynx,NOT_YET_SUBMITTED,2026-08-09T04:27:16.689335+00:00
cap_20260809T042702651158,cycle_20260809,08/10/2026,08:00 (ET),TOR@ATL,Toronto Tempo,NOT_YET_SUBMITTED,2026-08-09T04:27:16.689335+00:00
cap_20260809T042702651158,cycle_20260809,08/10/2026,08:00 (ET),TOR@ATL,Atlanta Dream,NOT_YET_SUBMITTED,2026-08-09T04:27:16.689335+00:00
cap_20260809T042702651158,cycle_20260809,08/10/2026,10:00 (ET),CHI@SEA,Chicago Sky,NOT_YET_SUBMITTED,2026-08-09T04:27:16.689335+00:00
cap_20260809T042702651158,cycle_20260809,08/10/2026,10:00 (ET),CHI@SEA,Seattle Storm,NOT_YET_SUBMITTED,2026-08-09T04:27:16.689335+00:00
cap_20260809T044202753667,cycle_20260809,08/09/2026,03:30 (ET),DAL@MIN,Minnesota Lynx,NOT_YET_SUBMITTED,2026-08-09T04:42:16.096833+00:00
cap_20260809T044202753667,cycle_20260809,08/10/2026,08:00 (ET),TOR@ATL,Toronto Tempo,NOT_YET_SUBMITTED,2026-08-09T04:42:16.096833+00:00
cap_20260809T044202753667,cycle_20260809,08/10/2026,08:00 (ET),TOR@ATL,Atlanta Dream,NOT_YET_SUBMITTED,2026-08-09T04:42:16.096833+00:00
cap_20260809T044202753667,cycle_20260809,08/10/2026,10:00 (ET),CHI@SEA,Chicago Sky,NOT_YET_SUBMITTED,2026-08-09T04:42:16.096833+00:00
cap_20260809T044202753667,cycle_20260809,08/10/2026,10:00 (ET),CHI@SEA,Seattle Storm,NOT_YET_SUBMITTED,2026-08-09T04:42:16.096833+00:00
cap_20260809T045702661164,cycle_20260809,08/09/2026,03:30 (ET),DAL@MIN,Minnesota Lynx,NOT_YET_SUBMITTED,2026-08-09T04:57:16.902260+00:00
cap_20260809T045702661164,cycle_20260809,08/10/2026,08:00 (ET),TOR@ATL,Toronto Tempo,NOT_YET_SUBMITTED,2026-08-09T04:57:16.902260+00:00
cap_20260809T045702661164,cycle_20260809,08/10/2026,08:00 (ET),TOR@ATL,Atlanta Dream,NOT_YET_SUBMITTED,2026-08-09T04:57:16.902260+00:00
cap_20260809T045702661164,cycle_20260809,08/10/2026,10:00 (ET),CHI@SEA,Chicago Sky,NOT_YET_SUBMITTED,2026-08-09T04:57:16.902260+00:00
cap_20260809T045702661164,cycle_20260809,08/10/2026,10:00 (ET),CHI@SEA,Seattle Storm,NOT_YET_SUBMITTED,2026-08-09T04:57:16.902260+00:00
cap_20260815T191756978010,cycle_20260815,08/16/2026,05:00 (ET),CHI@SEA,Chicago Sky,NOT_YET_SUBMITTED,2026-08-15T19:19:50.282695+00:00
cap_20260815T191756978010,cycle_20260815,08/16/2026,05:00 (ET),CHI@SEA,Seattle Storm,NOT_YET_SUBMITTED,2026-08-15T19:19:50.282695+00:00
cap_20260815T191756978010,cycle_20260815,08/16/2026,05:00 (ET),IND@ATL,Indiana Fever,NOT_YET_SUBMITTED,2026-08-15T19:19:50.282695+00:00
cap_20260815T191756978010,cycle_20260815,08/16/2026,05:00 (ET),IND@ATL,Atlanta Dream,NOT_YET_SUBMITTED,2026-08-15T19:19:50.282695+00:00
cap_20260815T191756978010,cycle_20260815,08/16/2026,07:00 (ET),PDX@PHX,Portland Fire,NOT_YET_SUBMITTED,2026-08-15T19:19:50.282695+00:00
cap_20260815T191756978010,cycle_20260815,08/16/2026,07:00 (ET),PDX@PHX,Phoenix Mercury,NOT_YET_SUBMITTED,2026-08-15T19:19:50.282695+00:00
cap_20260815T192008669329,cycle_20260815,08/16/2026,05:00 (ET),CHI@SEA,Chicago Sky,NOT_YET_SUBMITTED,2026-08-15T19:20:18.747924+00:00
cap_20260815T192008669329,cycle_20260815,08/16/2026,05:00 (ET),CHI@SEA,Seattle Storm,NOT_YET_SUBMITTED,2026-08-15T19:20:18.747924+00:00
cap_20260815T192008669329,cycle_20260815,08/16/2026,05:00 (ET),IND@ATL,Indiana Fever,NOT_YET_SUBMITTED,2026-08-15T19:20:18.747924+00:00
cap_20260815T192008669329,cycle_20260815,08/16/2026,05:00 (ET),IND@ATL,Atlanta Dream,NOT_YET_SUBMITTED,2026-08-15T19:20:18.747924+00:00
cap_20260815T192008669329,cycle_20260815,08/16/2026,07:00 (ET),PDX@PHX,Portland Fire,NOT_YET_SUBMITTED,2026-08-15T19:20:18.747924+00:00
cap_20260815T192008669329,cycle_20260815,08/16/2026,07:00 (ET),PDX@PHX,Phoenix Mercury,NOT_YET_SUBMITTED,2026-08-15T19:20:18.747924+00:00
cap_20260815T192020894608,cycle_20260815,08/16/2026,05:00 (ET),CHI@SEA,Chicago Sky,NOT_YET_SUBMITTED,2026-08-15T19:20:30.928904+00:00
cap_20260815T192020894608,cycle_20260815,08/16/2026,05:00 (ET),CHI@SEA,Seattle Storm,NOT_YET_SUBMITTED,2026-08-15T19:20:30.928904+00:00
cap_20260815T192020894608,cycle_20260815,08/16/2026,05:00 (ET),IND@ATL,Indiana Fever,NOT_YET_SUBMITTED,2026-08-15T19:20:30.928904+00:00
cap_20260815T192020894608,cycle_20260815,08/16/2026,05:00 (ET),IND@ATL,Atlanta Dream,NOT_YET_SUBMITTED,2026-08-15T19:20:30.928904+00:00
cap_20260815T192020894608,cycle_20260815,08/16/2026,07:00 (ET),PDX@PHX,Portland Fire,NOT_YET_SUBMITTED,2026-08-15T19:20:30.928904+00:00
cap_20260815T192020894608,cycle_20260815,08/16/2026,07:00 (ET),PDX@PHX,Phoenix Mercury,NOT_YET_SUBMITTED,2026-08-15T19:20:30.928904+00:00
cap_20260815T192031929504,cycle_20260815,08/16/2026,05:00 (ET),CHI@SEA,Chicago Sky,NOT_YET_SUBMITTED,2026-08-15T19:20:41.975913+00:00
cap_20260815T192031929504,cycle_20260815,08/16/2026,05:00 (ET),CHI@SEA,Seattle Storm,NOT_YET_SUBMITTED,2026-08-15T19:20:41.975913+00:00
cap_20260815T192031929504,cycle_20260815,08/16/2026,05:00 (ET),IND@ATL,Indiana Fever,NOT_YET_SUBMITTED,2026-08-15T19:20:41.975913+00:00
cap_20260815T192031929504,cycle_20260815,08/16/2026,05:00 (ET),IND@ATL,Atlanta Dream,NOT_YET_SUBMITTED,2026-08-15T19:20:41.975913+00:00
cap_20260815T192031929504,cycle_20260815,08/16/2026,07:00 (ET),PDX@PHX,Portland Fire,NOT_YET_SUBMITTED,2026-08-15T19:20:41.975913+00:00
cap_20260815T192031929504,cycle_20260815,08/16/2026,07:00 (ET),PDX@PHX,Phoenix Mercury,NOT_YET_SUBMITTED,2026-08-15T19:20:41.975913+00:00
cap_20260815T192042907553,cycle_20260815,08/16/2026,05:00 (ET),CHI@SEA,Chicago Sky,NOT_YET_SUBMITTED,2026-08-15T19:20:52.955798+00:00
cap_20260815T192042907553,cycle_20260815,08/16/2026,05:00 (ET),CHI@SEA,Seattle Storm,NOT_YET_SUBMITTED,2026-08-15T19:20:52.955798+00:00
cap_20260815T192042907553,cycle_20260815,08/16/2026,05:00 (ET),IND@ATL,Indiana Fever,NOT_YET_SUBMITTED,2026-08-15T19:20:52.955798+00:00
cap_20260815T192042907553,cycle_20260815,08/16/2026,05:00 (ET),IND@ATL,Atlanta Dream,NOT_YET_SUBMITTED,2026-08-15T19:20:52.955798+00:00
cap_20260815T192042907553,cycle_20260815,08/16/2026,07:00 (ET),PDX@PHX,Portland Fire,NOT_YET_SUBMITTED,2026-08-15T19:20:52.955798+00:00
cap_20260815T192042907553,cycle_20260815,08/16/2026,07:00 (ET),PDX@PHX,Phoenix Mercury,NOT_YET_SUBMITTED,2026-08-15T19:20:52.955798+00:00
cap_20260815T192053612645,cycle_20260815,08/16/2026,05:00 (ET),CHI@SEA,Chicago Sky,NOT_YET_SUBMITTED,2026-08-15T19:21:03.654166+00:00
cap_20260815T192053612645,cycle_20260815,08/16/2026,05:00 (ET),CHI@SEA,Seattle Storm,NOT_YET_SUBMITTED,2026-08-15T19:21:03.654166+00:00
cap_20260815T192053612645,cycle_20260815,08/16/2026,05:00 (ET),IND@ATL,Indiana Fever,NOT_YET_SUBMITTED,2026-08-15T19:21:03.654166+00:00
cap_20260815T192053612645,cycle_20260815,08/16/2026,05:00 (ET),IND@ATL,Atlanta Dream,NOT_YET_SUBMITTED,2026-08-15T19:21:03.654166+00:00
cap_20260815T192053612645,cycle_20260815,08/16/2026,07:00 (ET),PDX@PHX,Portland Fire,NOT_YET_SUBMITTED,2026-08-15T19:21:03.654166+00:00
cap_20260815T192053612645,cycle_20260815,08/16/2026,07:00 (ET),PDX@PHX,Phoenix Mercury,NOT_YET_SUBMITTED,2026-08-15T19:21:03.654166+00:00
cap_20260815T192104191043,cycle_20260815,08/16/2026,05:00 (ET),CHI@SEA,Chicago Sky,NOT_YET_SUBMITTED,2026-08-15T19:21:14.223102+00:00
cap_20260815T192104191043,cycle_20260815,08/16/2026,05:00 (ET),CHI@SEA,Seattle Storm,NOT_YET_SUBMITTED,2026-08-15T19:21:14.223102+00:00
cap_20260815T192104191043,cycle_20260815,08/16/2026,05:00 (ET),IND@ATL,Indiana Fever,NOT_YET_SUBMITTED,2026-08-15T19:21:14.223102+00:00
cap_20260815T192104191043,cycle_20260815,08/16/2026,05:00 (ET),IND@ATL,Atlanta Dream,NOT_YET_SUBMITTED,2026-08-15T19:21:14.223102+00:00
cap_20260815T192104191043,cycle_20260815,08/16/2026,07:00 (ET),PDX@PHX,Portland Fire,NOT_YET_SUBMITTED,2026-08-15T19:21:14.223102+00:00
cap_20260815T192104191043,cycle_20260815,08/16/2026,07:00 (ET),PDX@PHX,Phoenix Mercury,NOT_YET_SUBMITTED,2026-08-15T19:21:14.223102+00:00
cap_20260815T192114730128,cycle_20260815,08/16/2026,05:00 (ET),CHI@SEA,Chicago Sky,NOT_YET_SUBMITTED,2026-08-15T19:21:24.793930+00:00
cap_20260815T192114730128,cycle_20260815,08/16/2026,05:00 (ET),CHI@SEA,Seattle Storm,NOT_YET_SUBMITTED,2026-08-15T19:21:24.793930+00:00
cap_20260815T192114730128,cycle_20260815,08/16/2026,05:00 (ET),IND@ATL,Indiana Fever,NOT_YET_SUBMITTED,2026-08-15T19:21:24.793930+00:00
cap_20260815T192114730128,cycle_20260815,08/16/2026,05:00 (ET),IND@ATL,Atlanta Dream,NOT_YET_SUBMITTED,2026-08-15T19:21:24.793930+00:00
cap_20260815T192114730128,cycle_20260815,08/16/2026,07:00 (ET),PDX@PHX,Portland Fire,NOT_YET_SUBMITTED,2026-08-15T19:21:24.793930+00:00
cap_20260815T192114730128,cycle_20260815,08/16/2026,07:00 (ET),PDX@PHX,Phoenix Mercury,NOT_YET_SUBMITTED,2026-08-15T19:21:24.793930+00:00
cap_20260815T192125481281,cycle_20260815,08/16/2026,05:00 (ET),CHI@SEA,Chicago Sky,NOT_YET_SUBMITTED,2026-08-15T19:21:35.517475+00:00
cap_20260815T192125481281,cycle_20260815,08/16/2026,05:00 (ET),CHI@SEA,Seattle Storm,NOT_YET_SUBMITTED,2026-08-15T19:21:35.517475+00:00
cap_20260815T192125481281,cycle_20260815,08/16/2026,05:00 (ET),IND@ATL,Indiana Fever,NOT_YET_SUBMITTED,2026-08-15T19:21:35.517475+00:00
cap_20260815T192125481281,cycle_20260815,08/16/2026,05:00 (ET),IND@ATL,Atlanta Dream,NOT_YET_SUBMITTED,2026-08-15T19:21:35.517475+00:00
cap_20260815T192125481281,cycle_20260815,08/16/2026,07:00 (ET),PDX@PHX,Portland Fire,NOT_YET_SUBMITTED,2026-08-15T19:21:35.517475+00:00
cap_20260815T192125481281,cycle_20260815,08/16/2026,07:00 (ET),PDX@PHX,Phoenix Mercury,NOT_YET_SUBMITTED,2026-08-15T19:21:35.517475+00:00
cap_20260815T192136396535,cycle_20260815,08/16/2026,05:00 (ET),CHI@SEA,Chicago Sky,NOT_YET_SUBMITTED,2026-08-15T19:21:46.447721+00:00
cap_20260815T192136396535,cycle_20260815,08/16/2026,05:00 (ET),CHI@SEA,Seattle Storm,NOT_YET_SUBMITTED,2026-08-15T19:21:46.447721+00:00
cap_20260815T192136396535,cycle_20260815,08/16/2026,05:00 (ET),IND@ATL,Indiana Fever,NOT_YET_SUBMITTED,2026-08-15T19:21:46.447721+00:00
cap_20260815T192136396535,cycle_20260815,08/16/2026,05:00 (ET),IND@ATL,Atlanta Dream,NOT_YET_SUBMITTED,2026-08-15T19:21:46.447721+00:00
cap_20260815T192136396535,cycle_20260815,08/16/2026,07:00 (ET),PDX@PHX,Portland Fire,NOT_YET_SUBMITTED,2026-08-15T19:21:46.447721+00:00
cap_20260815T192136396535,cycle_20260815,08/16/2026,07:00 (ET),PDX@PHX,Phoenix Mercury,NOT_YET_SUBMITTED,2026-08-15T19:21:46.447721+00:00
cap_20260815T192146971881,cycle_20260815,08/16/2026,05:00 (ET),CHI@SEA,Chicago Sky,NOT_YET_SUBMITTED,2026-08-15T19:21:57.001667+00:00
cap_20260815T192146971881,cycle_20260815,08/16/2026,05:00 (ET),CHI@SEA,Seattle Storm,NOT_YET_SUBMITTED,2026-08-15T19:21:57.001667+00:00
cap_20260815T192146971881,cycle_20260815,08/16/2026,05:00 (ET),IND@ATL,Indiana Fever,NOT_YET_SUBMITTED,2026-08-15T19:21:57.001667+00:00
cap_20260815T192146971881,cycle_20260815,08/16/2026,05:00 (ET),IND@ATL,Atlanta Dream,NOT_YET_SUBMITTED,2026-08-15T19:21:57.001667+00:00
cap_20260815T192146971881,cycle_20260815,08/16/2026,07:00 (ET),PDX@PHX,Portland Fire,NOT_YET_SUBMITTED,2026-08-15T19:21:57.001667+00:00
cap_20260815T192146971881,cycle_20260815,08/16/2026,07:00 (ET),PDX@PHX,Phoenix Mercury,NOT_YET_SUBMITTED,2026-08-15T19:21:57.001667+00:00
cap_20260815T192157427337,cycle_20260815,08/16/2026,05:00 (ET),CHI@SEA,Chicago Sky,NOT_YET_SUBMITTED,2026-08-15T19:22:07.457928+00:00
cap_20260815T192157427337,cycle_20260815,08/16/2026,05:00 (ET),CHI@SEA,Seattle Storm,NOT_YET_SUBMITTED,2026-08-15T19:22:07.457928+00:00
cap_20260815T192157427337,cycle_20260815,08/16/2026,05:00 (ET),IND@ATL,Indiana Fever,NOT_YET_SUBMITTED,2026-08-15T19:22:07.457928+00:00
cap_20260815T192157427337,cycle_20260815,08/16/2026,05:00 (ET),IND@ATL,Atlanta Dream,NOT_YET_SUBMITTED,2026-08-15T19:22:07.457928+00:00
cap_20260815T192157427337,cycle_20260815,08/16/2026,07:00 (ET),PDX@PHX,Portland Fire,NOT_YET_SUBMITTED,2026-08-15T19:22:07.457928+00:00
cap_20260815T192157427337,cycle_20260815,08/16/2026,07:00 (ET),PDX@PHX,Phoenix Mercury,NOT_YET_SUBMITTED,2026-08-15T19:22:07.457928+00:00
cap_20260815T192207704117,cycle_20260815,08/16/2026,05:00 (ET),CHI@SEA,Chicago Sky,NOT_YET_SUBMITTED,2026-08-15T19:22:17.731324+00:00
cap_20260815T192207704117,cycle_20260815,08/16/2026,05:00 (ET),CHI@SEA,Seattle Storm,NOT_YET_SUBMITTED,2026-08-15T19:22:17.731324+00:00
cap_20260815T192207704117,cycle_20260815,08/16/2026,05:00 (ET),IND@ATL,Indiana Fever,NOT_YET_SUBMITTED,2026-08-15T19:22:17.731324+00:00
cap_20260815T192207704117,cycle_20260815,08/16/2026,05:00 (ET),IND@ATL,Atlanta Dream,NOT_YET_SUBMITTED,2026-08-15T19:22:17.731324+00:00
cap_20260815T192207704117,cycle_20260815,08/16/2026,07:00 (ET),PDX@PHX,Portland Fire,NOT_YET_SUBMITTED,2026-08-15T19:22:17.731324+00:00
cap_20260815T192207704117,cycle_20260815,08/16/2026,07:00 (ET),PDX@PHX,Phoenix Mercury,NOT_YET_SUBMITTED,2026-08-15T19:22:17.731324+00:00
cap_20260815T192217979479,cycle_20260815,08/16/2026,05:00 (ET),CHI@SEA,Chicago Sky,NOT_YET_SUBMITTED,2026-08-15T19:22:28.025286+00:00
cap_20260815T192217979479,cycle_20260815,08/16/2026,05:00 (ET),CHI@SEA,Seattle Storm,NOT_YET_SUBMITTED,2026-08-15T19:22:28.025286+00:00
cap_20260815T192217979479,cycle_20260815,08/16/2026,05:00 (ET),IND@ATL,Indiana Fever,NOT_YET_SUBMITTED,2026-08-15T19:22:28.025286+00:00
cap_20260815T192217979479,cycle_20260815,08/16/2026,05:00 (ET),IND@ATL,Atlanta Dream,NOT_YET_SUBMITTED,2026-08-15T19:22:28.025286+00:00
cap_20260815T192217979479,cycle_20260815,08/16/2026,07:00 (ET),PDX@PHX,Portland Fire,NOT_YET_SUBMITTED,2026-08-15T19:22:28.025286+00:00
cap_20260815T192217979479,cycle_20260815,08/16/2026,07:00 (ET),PDX@PHX,Phoenix Mercury,NOT_YET_SUBMITTED,2026-08-15T19:22:28.025286+00:00
cap_20260815T192228271657,cycle_20260815,08/16/2026,05:00 (ET),CHI@SEA,Chicago Sky,NOT_YET_SUBMITTED,2026-08-15T19:22:38.301554+00:00
cap_20260815T192228271657,cycle_20260815,08/16/2026,05:00 (ET),CHI@SEA,Seattle Storm,NOT_YET_SUBMITTED,2026-08-15T19:22:38.301554+00:00
cap_20260815T192228271657,cycle_20260815,08/16/2026,05:00 (ET),IND@ATL,Indiana Fever,NOT_YET_SUBMITTED,2026-08-15T19:22:38.301554+00:00
cap_20260815T192228271657,cycle_20260815,08/16/2026,05:00 (ET),IND@ATL,Atlanta Dream,NOT_YET_SUBMITTED,2026-08-15T19:22:38.301554+00:00
cap_20260815T192228271657,cycle_20260815,08/16/2026,07:00 (ET),PDX@PHX,Portland Fire,NOT_YET_SUBMITTED,2026-08-15T19:22:38.301554+00:00
cap_20260815T192228271657,cycle_20260815,08/16/2026,07:00 (ET),PDX@PHX,Phoenix Mercury,NOT_YET_SUBMITTED,2026-08-15T19:22:38.301554+00:00
cap_20260815T192238572960,cycle_20260815,08/16/2026,05:00 (ET),CHI@SEA,Chicago Sky,NOT_YET_SUBMITTED,2026-08-15T19:22:48.610693+00:00
cap_20260815T192238572960,cycle_20260815,08/16/2026,05:00 (ET),CHI@SEA,Seattle Storm,NOT_YET_SUBMITTED,2026-08-15T19:22:48.610693+00:00
cap_20260815T192238572960,cycle_20260815,08/16/2026,05:00 (ET),IND@ATL,Indiana Fever,NOT_YET_SUBMITTED,2026-08-15T19:22:48.610693+00:00
cap_20260815T192238572960,cycle_20260815,08/16/2026,05:00 (ET),IND@ATL,Atlanta Dream,NOT_YET_SUBMITTED,2026-08-15T19:22:48.610693+00:00
cap_20260815T192238572960,cycle_20260815,08/16/2026,07:00 (ET),PDX@PHX,Portland Fire,NOT_YET_SUBMITTED,2026-08-15T19:22:48.610693+00:00
cap_20260815T192238572960,cycle_20260815,08/16/2026,07:00 (ET),PDX@PHX,Phoenix Mercury,NOT_YET_SUBMITTED,2026-08-15T19:22:48.610693+00:00
cap_20260815T192248860548,cycle_20260815,08/16/2026,05:00 (ET),CHI@SEA,Chicago Sky,NOT_YET_SUBMITTED,2026-08-15T19:22:58.892691+00:00
cap_20260815T192248860548,cycle_20260815,08/16/2026,05:00 (ET),CHI@SEA,Seattle Storm,NOT_YET_SUBMITTED,2026-08-15T19:22:58.892691+00:00
cap_20260815T192248860548,cycle_20260815,08/16/2026,05:00 (ET),IND@ATL,Indiana Fever,NOT_YET_SUBMITTED,2026-08-15T19:22:58.892691+00:00
cap_20260815T192248860548,cycle_20260815,08/16/2026,05:00 (ET),IND@ATL,Atlanta Dream,NOT_YET_SUBMITTED,2026-08-15T19:22:58.892691+00:00
cap_20260815T192248860548,cycle_20260815,08/16/2026,07:00 (ET),PDX@PHX,Portland Fire,NOT_YET_SUBMITTED,2026-08-15T19:22:58.892691+00:00
cap_20260815T192248860548,cycle_20260815,08/16/2026,07:00 (ET),PDX@PHX,Phoenix Mercury,NOT_YET_SUBMITTED,2026-08-15T19:22:58.892691+00:00
cap_20260815T192259145360,cycle_20260815,08/16/2026,05:00 (ET),CHI@SEA,Chicago Sky,NOT_YET_SUBMITTED,2026-08-15T19:23:09.178353+00:00
cap_20260815T192259145360,cycle_20260815,08/16/2026,05:00 (ET),CHI@SEA,Seattle Storm,NOT_YET_SUBMITTED,2026-08-15T19:23:09.178353+00:00
cap_20260815T192259145360,cycle_20260815,08/16/2026,05:00 (ET),IND@ATL,Indiana Fever,NOT_YET_SUBMITTED,2026-08-15T19:23:09.178353+00:00
cap_20260815T192259145360,cycle_20260815,08/16/2026,05:00 (ET),IND@ATL,Atlanta Dream,NOT_YET_SUBMITTED,2026-08-15T19:23:09.178353+00:00
cap_20260815T192259145360,cycle_20260815,08/16/2026,07:00 (ET),PDX@PHX,Portland Fire,NOT_YET_SUBMITTED,2026-08-15T19:23:09.178353+00:00
cap_20260815T192259145360,cycle_20260815,08/16/2026,07:00 (ET),PDX@PHX,Phoenix Mercury,NOT_YET_SUBMITTED,2026-08-15T19:23:09.178353+00:00
cap_20260815T192309616710,cycle_20260815,08/16/2026,05:00 (ET),CHI@SEA,Chicago Sky,NOT_YET_SUBMITTED,2026-08-15T19:23:19.664210+00:00
cap_20260815T192309616710,cycle_20260815,08/16/2026,05:00 (ET),CHI@SEA,Seattle Storm,NOT_YET_SUBMITTED,2026-08-15T19:23:19.664210+00:00
cap_20260815T192309616710,cycle_20260815,08/16/2026,05:00 (ET),IND@ATL,Indiana Fever,NOT_YET_SUBMITTED,2026-08-15T19:23:19.664210+00:00
cap_20260815T192309616710,cycle_20260815,08/16/2026,05:00 (ET),IND@ATL,Atlanta Dream,NOT_YET_SUBMITTED,2026-08-15T19:23:19.664210+00:00
cap_20260815T192309616710,cycle_20260815,08/16/2026,07:00 (ET),PDX@PHX,Portland Fire,NOT_YET_SUBMITTED,2026-08-15T19:23:19.664210+00:00
cap_20260815T192309616710,cycle_20260815,08/16/2026,07:00 (ET),PDX@PHX,Phoenix Mercury,NOT_YET_SUBMITTED,2026-08-15T19:23:19.664210+00:00
cap_20260815T192320102115,cycle_20260815,08/16/2026,05:00 (ET),CHI@SEA,Chicago Sky,NOT_YET_SUBMITTED,2026-08-15T19:23:30.152251+00:00
cap_20260815T192320102115,cycle_20260815,08/16/2026,05:00 (ET),CHI@SEA,Seattle Storm,NOT_YET_SUBMITTED,2026-08-15T19:23:30.152251+00:00
cap_20260815T192320102115,cycle_20260815,08/16/2026,05:00 (ET),IND@ATL,Indiana Fever,NOT_YET_SUBMITTED,2026-08-15T19:23:30.152251+00:00
cap_20260815T192320102115,cycle_20260815,08/16/2026,05:00 (ET),IND@ATL,Atlanta Dream,NOT_YET_SUBMITTED,2026-08-15T19:23:30.152251+00:00
cap_20260815T192320102115,cycle_20260815,08/16/2026,07:00 (ET),PDX@PHX,Portland Fire,NOT_YET_SUBMITTED,2026-08-15T19:23:30.152251+00:00
cap_20260815T192320102115,cycle_20260815,08/16/2026,07:00 (ET),PDX@PHX,Phoenix Mercury,NOT_YET_SUBMITTED,2026-08-15T19:23:30.152251+00:00
cap_20260815T192331771063,cycle_20260815,08/16/2026,05:00 (ET),CHI@SEA,Chicago Sky,NOT_YET_SUBMITTED,2026-08-15T19:23:41.802910+00:00
cap_20260815T192331771063,cycle_20260815,08/16/2026,05:00 (ET),CHI@SEA,Seattle Storm,NOT_YET_SUBMITTED,2026-08-15T19:23:41.802910+00:00
cap_20260815T192331771063,cycle_20260815,08/16/2026,05:00 (ET),IND@ATL,Indiana Fever,NOT_YET_SUBMITTED,2026-08-15T19:23:41.802910+00:00
cap_20260815T192331771063,cycle_20260815,08/16/2026,05:00 (ET),IND@ATL,Atlanta Dream,NOT_YET_SUBMITTED,2026-08-15T19:23:41.802910+00:00
cap_20260815T192331771063,cycle_20260815,08/16/2026,07:00 (ET),PDX@PHX,Portland Fire,NOT_YET_SUBMITTED,2026-08-15T19:23:41.802910+00:00
cap_20260815T192331771063,cycle_20260815,08/16/2026,07:00 (ET),PDX@PHX,Phoenix Mercury,NOT_YET_SUBMITTED,2026-08-15T19:23:41.802910+00:00
cap_20260815T192342975882,cycle_20260815,08/16/2026,05:00 (ET),CHI@SEA,Chicago Sky,NOT_YET_SUBMITTED,2026-08-15T19:23:53.035698+00:00
cap_20260815T192342975882,cycle_20260815,08/16/2026,05:00 (ET),CHI@SEA,Seattle Storm,NOT_YET_SUBMITTED,2026-08-15T19:23:53.035698+00:00
cap_20260815T192342975882,cycle_20260815,08/16/2026,05:00 (ET),IND@ATL,Indiana Fever,NOT_YET_SUBMITTED,2026-08-15T19:23:53.035698+00:00
cap_20260815T192342975882,cycle_20260815,08/16/2026,05:00 (ET),IND@ATL,Atlanta Dream,NOT_YET_SUBMITTED,2026-08-15T19:23:53.035698+00:00
cap_20260815T192342975882,cycle_20260815,08/16/2026,07:00 (ET),PDX@PHX,Portland Fire,NOT_YET_SUBMITTED,2026-08-15T19:23:53.035698+00:00
cap_20260815T192342975882,cycle_20260815,08/16/2026,07:00 (ET),PDX@PHX,Phoenix Mercury,NOT_YET_SUBMITTED,2026-08-15T19:23:53.035698+00:00
cap_20260815T192353970011,cycle_20260815,08/16/2026,05:00 (ET),CHI@SEA,Chicago Sky,NOT_YET_SUBMITTED,2026-08-15T19:24:04.003635+00:00
cap_20260815T192353970011,cycle_20260815,08/16/2026,05:00 (ET),CHI@SEA,Seattle Storm,NOT_YET_SUBMITTED,2026-08-15T19:24:04.003635+00:00
cap_20260815T192353970011,cycle_20260815,08/16/2026,05:00 (ET),IND@ATL,Indiana Fever,NOT_YET_SUBMITTED,2026-08-15T19:24:04.003635+00:00
cap_20260815T192353970011,cycle_20260815,08/16/2026,05:00 (ET),IND@ATL,Atlanta Dream,NOT_YET_SUBMITTED,2026-08-15T19:24:04.003635+00:00
cap_20260815T192353970011,cycle_20260815,08/16/2026,07:00 (ET),PDX@PHX,Portland Fire,NOT_YET_SUBMITTED,2026-08-15T19:24:04.003635+00:00
cap_20260815T192353970011,cycle_20260815,08/16/2026,07:00 (ET),PDX@PHX,Phoenix Mercury,NOT_YET_SUBMITTED,2026-08-15T19:24:04.003635+00:00
cap_20260815T192405224781,cycle_20260815,08/16/2026,05:00 (ET),CHI@SEA,Chicago Sky,NOT_YET_SUBMITTED,2026-08-15T19:24:15.271220+00:00
cap_20260815T192405224781,cycle_20260815,08/16/2026,05:00 (ET),CHI@SEA,Seattle Storm,NOT_YET_SUBMITTED,2026-08-15T19:24:15.271220+00:00
cap_20260815T192405224781,cycle_20260815,08/16/2026,05:00 (ET),IND@ATL,Indiana Fever,NOT_YET_SUBMITTED,2026-08-15T19:24:15.271220+00:00
cap_20260815T192405224781,cycle_20260815,08/16/2026,05:00 (ET),IND@ATL,Atlanta Dream,NOT_YET_SUBMITTED,2026-08-15T19:24:15.271220+00:00
cap_20260815T192405224781,cycle_20260815,08/16/2026,07:00 (ET),PDX@PHX,Portland Fire,NOT_YET_SUBMITTED,2026-08-15T19:24:15.271220+00:00
cap_20260815T192405224781,cycle_20260815,08/16/2026,07:00 (ET),PDX@PHX,Phoenix Mercury,NOT_YET_SUBMITTED,2026-08-15T19:24:15.271220+00:00
cap_20260815T192415524846,cycle_20260815,08/16/2026,05:00 (ET),CHI@SEA,Chicago Sky,NOT_YET_SUBMITTED,2026-08-15T19:24:25.558390+00:00
cap_20260815T192415524846,cycle_20260815,08/16/2026,05:00 (ET),CHI@SEA,Seattle Storm,NOT_YET_SUBMITTED,2026-08-15T19:24:25.558390+00:00
cap_20260815T192415524846,cycle_20260815,08/16/2026,05:00 (ET),IND@ATL,Indiana Fever,NOT_YET_SUBMITTED,2026-08-15T19:24:25.558390+00:00
cap_20260815T192415524846,cycle_20260815,08/16/2026,05:00 (ET),IND@ATL,Atlanta Dream,NOT_YET_SUBMITTED,2026-08-15T19:24:25.558390+00:00
cap_20260815T192415524846,cycle_20260815,08/16/2026,07:00 (ET),PDX@PHX,Portland Fire,NOT_YET_SUBMITTED,2026-08-15T19:24:25.558390+00:00
cap_20260815T192415524846,cycle_20260815,08/16/2026,07:00 (ET),PDX@PHX,Phoenix Mercury,NOT_YET_SUBMITTED,2026-08-15T19:24:25.558390+00:00
cap_20260815T192425813007,cycle_20260815,08/16/2026,05:00 (ET),CHI@SEA,Chicago Sky,NOT_YET_SUBMITTED,2026-08-15T19:24:35.850960+00:00
cap_20260815T192425813007,cycle_20260815,08/16/2026,05:00 (ET),CHI@SEA,Seattle Storm,NOT_YET_SUBMITTED,2026-08-15T19:24:35.850960+00:00
cap_20260815T192425813007,cycle_20260815,08/16/2026,05:00 (ET),IND@ATL,Indiana Fever,NOT_YET_SUBMITTED,2026-08-15T19:24:35.850960+00:00
cap_20260815T192425813007,cycle_20260815,08/16/2026,05:00 (ET),IND@ATL,Atlanta Dream,NOT_YET_SUBMITTED,2026-08-15T19:24:35.850960+00:00
cap_20260815T192425813007,cycle_20260815,08/16/2026,07:00 (ET),PDX@PHX,Portland Fire,NOT_YET_SUBMITTED,2026-08-15T19:24:35.850960+00:00
cap_20260815T192425813007,cycle_20260815,08/16/2026,07:00 (ET),PDX@PHX,Phoenix Mercury,NOT_YET_SUBMITTED,2026-08-15T19:24:35.850960+00:00
cap_20260815T192436102148,cycle_20260815,08/16/2026,05:00 (ET),CHI@SEA,Chicago Sky,NOT_YET_SUBMITTED,2026-08-15T19:24:46.144151+00:00
cap_20260815T192436102148,cycle_20260815,08/16/2026,05:00 (ET),CHI@SEA,Seattle Storm,NOT_YET_SUBMITTED,2026-08-15T19:24:46.144151+00:00
cap_20260815T192436102148,cycle_20260815,08/16/2026,05:00 (ET),IND@ATL,Indiana Fever,NOT_YET_SUBMITTED,2026-08-15T19:24:46.144151+00:00
cap_20260815T192436102148,cycle_20260815,08/16/2026,05:00 (ET),IND@ATL,Atlanta Dream,NOT_YET_SUBMITTED,2026-08-15T19:24:46.144151+00:00
cap_20260815T192436102148,cycle_20260815,08/16/2026,07:00 (ET),PDX@PHX,Portland Fire,NOT_YET_SUBMITTED,2026-08-15T19:24:46.144151+00:00
cap_20260815T192436102148,cycle_20260815,08/16/2026,07:00 (ET),PDX@PHX,Phoenix Mercury,NOT_YET_SUBMITTED,2026-08-15T19:24:46.144151+00:00
cap_20260815T192446449974,cycle_20260815,08/16/2026,05:00 (ET),CHI@SEA,Chicago Sky,NOT_YET_SUBMITTED,2026-08-15T19:24:56.496101+00:00
cap_20260815T192446449974,cycle_20260815,08/16/2026,05:00 (ET),CHI@SEA,Seattle Storm,NOT_YET_SUBMITTED,2026-08-15T19:24:56.496101+00:00
cap_20260815T192446449974,cycle_20260815,08/16/2026,05:00 (ET),IND@ATL,Indiana Fever,NOT_YET_SUBMITTED,2026-08-15T19:24:56.496101+00:00
cap_20260815T192446449974,cycle_20260815,08/16/2026,05:00 (ET),IND@ATL,Atlanta Dream,NOT_YET_SUBMITTED,2026-08-15T19:24:56.496101+00:00
cap_20260815T192446449974,cycle_20260815,08/16/2026,07:00 (ET),PDX@PHX,Portland Fire,NOT_YET_SUBMITTED,2026-08-15T19:24:56.496101+00:00
cap_20260815T192446449974,cycle_20260815,08/16/2026,07:00 (ET),PDX@PHX,Phoenix Mercury,NOT_YET_SUBMITTED,2026-08-15T19:24:56.496101+00:00
cap_20260815T192456807301,cycle_20260815,08/16/2026,05:00 (ET),CHI@SEA,Chicago Sky,NOT_YET_SUBMITTED,2026-08-15T19:25:06.848241+00:00
cap_20260815T192456807301,cycle_20260815,08/16/2026,05:00 (ET),CHI@SEA,Seattle Storm,NOT_YET_SUBMITTED,2026-08-15T19:25:06.848241+00:00
cap_20260815T192456807301,cycle_20260815,08/16/2026,05:00 (ET),IND@ATL,Indiana Fever,NOT_YET_SUBMITTED,2026-08-15T19:25:06.848241+00:00
cap_20260815T192456807301,cycle_20260815,08/16/2026,05:00 (ET),IND@ATL,Atlanta Dream,NOT_YET_SUBMITTED,2026-08-15T19:25:06.848241+00:00
cap_20260815T192456807301,cycle_20260815,08/16/2026,07:00 (ET),PDX@PHX,Portland Fire,NOT_YET_SUBMITTED,2026-08-15T19:25:06.848241+00:00
cap_20260815T192456807301,cycle_20260815,08/16/2026,07:00 (ET),PDX@PHX,Phoenix Mercury,NOT_YET_SUBMITTED,2026-08-15T19:25:06.848241+00:00
cap_20260815T192507300436,cycle_20260815,08/16/2026,05:00 (ET),CHI@SEA,Chicago Sky,NOT_YET_SUBMITTED,2026-08-15T19:25:17.350136+00:00
cap_20260815T192507300436,cycle_20260815,08/16/2026,05:00 (ET),CHI@SEA,Seattle Storm,NOT_YET_SUBMITTED,2026-08-15T19:25:17.350136+00:00
cap_20260815T192507300436,cycle_20260815,08/16/2026,05:00 (ET),IND@ATL,Indiana Fever,NOT_YET_SUBMITTED,2026-08-15T19:25:17.350136+00:00
cap_20260815T192507300436,cycle_20260815,08/16/2026,05:00 (ET),IND@ATL,Atlanta Dream,NOT_YET_SUBMITTED,2026-08-15T19:25:17.350136+00:00
cap_20260815T192507300436,cycle_20260815,08/16/2026,07:00 (ET),PDX@PHX,Portland Fire,NOT_YET_SUBMITTED,2026-08-15T19:25:17.350136+00:00
cap_20260815T192507300436,cycle_20260815,08/16/2026,07:00 (ET),PDX@PHX,Phoenix Mercury,NOT_YET_SUBMITTED,2026-08-15T19:25:17.350136+00:00
cap_20260815T192517616398,cycle_20260815,08/16/2026,05:00 (ET),CHI@SEA,Chicago Sky,NOT_YET_SUBMITTED,2026-08-15T19:25:27.655404+00:00
cap_20260815T192517616398,cycle_20260815,08/16/2026,05:00 (ET),CHI@SEA,Seattle Storm,NOT_YET_SUBMITTED,2026-08-15T19:25:27.655404+00:00
cap_20260815T192517616398,cycle_20260815,08/16/2026,05:00 (ET),IND@ATL,Indiana Fever,NOT_YET_SUBMITTED,2026-08-15T19:25:27.655404+00:00
cap_20260815T192517616398,cycle_20260815,08/16/2026,05:00 (ET),IND@ATL,Atlanta Dream,NOT_YET_SUBMITTED,2026-08-15T19:25:27.655404+00:00
cap_20260815T192517616398,cycle_20260815,08/16/2026,07:00 (ET),PDX@PHX,Portland Fire,NOT_YET_SUBMITTED,2026-08-15T19:25:27.655404+00:00
cap_20260815T192517616398,cycle_20260815,08/16/2026,07:00 (ET),PDX@PHX,Phoenix Mercury,NOT_YET_SUBMITTED,2026-08-15T19:25:27.655404+00:00
cap_20260815T192527940575,cycle_20260815,08/16/2026,05:00 (ET),CHI@SEA,Chicago Sky,NOT_YET_SUBMITTED,2026-08-15T19:25:37.982740+00:00
cap_20260815T192527940575,cycle_20260815,08/16/2026,05:00 (ET),CHI@SEA,Seattle Storm,NOT_YET_SUBMITTED,2026-08-15T19:25:37.982740+00:00
cap_20260815T192527940575,cycle_20260815,08/16/2026,05:00 (ET),IND@ATL,Indiana Fever,NOT_YET_SUBMITTED,2026-08-15T19:25:37.982740+00:00
cap_20260815T192527940575,cycle_20260815,08/16/2026,05:00 (ET),IND@ATL,Atlanta Dream,NOT_YET_SUBMITTED,2026-08-15T19:25:37.982740+00:00
cap_20260815T192527940575,cycle_20260815,08/16/2026,07:00 (ET),PDX@PHX,Portland Fire,NOT_YET_SUBMITTED,2026-08-15T19:25:37.982740+00:00
cap_20260815T192527940575,cycle_20260815,08/16/2026,07:00 (ET),PDX@PHX,Phoenix Mercury,NOT_YET_SUBMITTED,2026-08-15T19:25:37.982740+00:00
cap_20260815T192538276591,cycle_20260815,08/16/2026,05:00 (ET),CHI@SEA,Chicago Sky,NOT_YET_SUBMITTED,2026-08-15T19:25:48.306873+00:00
cap_20260815T192538276591,cycle_20260815,08/16/2026,05:00 (ET),CHI@SEA,Seattle Storm,NOT_YET_SUBMITTED,2026-08-15T19:25:48.306873+00:00
cap_20260815T192538276591,cycle_20260815,08/16/2026,05:00 (ET),IND@ATL,Indiana Fever,NOT_YET_SUBMITTED,2026-08-15T19:25:48.306873+00:00
cap_20260815T192538276591,cycle_20260815,08/16/2026,05:00 (ET),IND@ATL,Atlanta Dream,NOT_YET_SUBMITTED,2026-08-15T19:25:48.306873+00:00
cap_20260815T192538276591,cycle_20260815,08/16/2026,07:00 (ET),PDX@PHX,Portland Fire,NOT_YET_SUBMITTED,2026-08-15T19:25:48.306873+00:00
cap_20260815T192538276591,cycle_20260815,08/16/2026,07:00 (ET),PDX@PHX,Phoenix Mercury,NOT_YET_SUBMITTED,2026-08-15T19:25:48.306873+00:00
cap_20260815T192548641198,cycle_20260815,08/16/2026,05:00 (ET),CHI@SEA,Chicago Sky,NOT_YET_SUBMITTED,2026-08-15T19:25:58.680897+00:00
cap_20260815T192548641198,cycle_20260815,08/16/2026,05:00 (ET),CHI@SEA,Seattle Storm,NOT_YET_SUBMITTED,2026-08-15T19:25:58.680897+00:00
cap_20260815T192548641198,cycle_20260815,08/16/2026,05:00 (ET),IND@ATL,Indiana Fever,NOT_YET_SUBMITTED,2026-08-15T19:25:58.680897+00:00
cap_20260815T192548641198,cycle_20260815,08/16/2026,05:00 (ET),IND@ATL,Atlanta Dream,NOT_YET_SUBMITTED,2026-08-15T19:25:58.680897+00:00
cap_20260815T192548641198,cycle_20260815,08/16/2026,07:00 (ET),PDX@PHX,Portland Fire,NOT_YET_SUBMITTED,2026-08-15T19:25:58.680897+00:00
cap_20260815T192548641198,cycle_20260815,08/16/2026,07:00 (ET),PDX@PHX,Phoenix Mercury,NOT_YET_SUBMITTED,2026-08-15T19:25:58.680897+00:00
cap_20260815T192558941625,cycle_20260815,08/16/2026,05:00 (ET),CHI@SEA,Chicago Sky,NOT_YET_SUBMITTED,2026-08-15T19:26:08.971090+00:00
cap_20260815T192558941625,cycle_20260815,08/16/2026,05:00 (ET),CHI@SEA,Seattle Storm,NOT_YET_SUBMITTED,2026-08-15T19:26:08.971090+00:00
cap_20260815T192558941625,cycle_20260815,08/16/2026,05:00 (ET),IND@ATL,Indiana Fever,NOT_YET_SUBMITTED,2026-08-15T19:26:08.971090+00:00
cap_20260815T192558941625,cycle_20260815,08/16/2026,05:00 (ET),IND@ATL,Atlanta Dream,NOT_YET_SUBMITTED,2026-08-15T19:26:08.971090+00:00
cap_20260815T192558941625,cycle_20260815,08/16/2026,07:00 (ET),PDX@PHX,Portland Fire,NOT_YET_SUBMITTED,2026-08-15T19:26:08.971090+00:00
cap_20260815T192558941625,cycle_20260815,08/16/2026,07:00 (ET),PDX@PHX,Phoenix Mercury,NOT_YET_SUBMITTED,2026-08-15T19:26:08.971090+00:00
cap_20260815T192609229721,cycle_20260815,08/16/2026,05:00 (ET),CHI@SEA,Chicago Sky,NOT_YET_SUBMITTED,2026-08-15T19:26:19.262954+00:00
cap_20260815T192609229721,cycle_20260815,08/16/2026,05:00 (ET),CHI@SEA,Seattle Storm,NOT_YET_SUBMITTED,2026-08-15T19:26:19.262954+00:00
cap_20260815T192609229721,cycle_20260815,08/16/2026,05:00 (ET),IND@ATL,Indiana Fever,NOT_YET_SUBMITTED,2026-08-15T19:26:19.262954+00:00
cap_20260815T192609229721,cycle_20260815,08/16/2026,05:00 (ET),IND@ATL,Atlanta Dream,NOT_YET_SUBMITTED,2026-08-15T19:26:19.262954+00:00
cap_20260815T192609229721,cycle_20260815,08/16/2026,07:00 (ET),PDX@PHX,Portland Fire,NOT_YET_SUBMITTED,2026-08-15T19:26:19.262954+00:00
cap_20260815T192609229721,cycle_20260815,08/16/2026,07:00 (ET),PDX@PHX,Phoenix Mercury,NOT_YET_SUBMITTED,2026-08-15T19:26:19.262954+00:00
cap_20260815T192619563222,cycle_20260815,08/16/2026,05:00 (ET),CHI@SEA,Chicago Sky,NOT_YET_SUBMITTED,2026-08-15T19:26:29.592721+00:00
cap_20260815T192619563222,cycle_20260815,08/16/2026,05:00 (ET),CHI@SEA,Seattle Storm,NOT_YET_SUBMITTED,2026-08-15T19:26:29.592721+00:00
cap_20260815T192619563222,cycle_20260815,08/16/2026,05:00 (ET),IND@ATL,Indiana Fever,NOT_YET_SUBMITTED,2026-08-15T19:26:29.592721+00:00
cap_20260815T192619563222,cycle_20260815,08/16/2026,05:00 (ET),IND@ATL,Atlanta Dream,NOT_YET_SUBMITTED,2026-08-15T19:26:29.592721+00:00
cap_20260815T192619563222,cycle_20260815,08/16/2026,07:00 (ET),PDX@PHX,Portland Fire,NOT_YET_SUBMITTED,2026-08-15T19:26:29.592721+00:00
cap_20260815T192619563222,cycle_20260815,08/16/2026,07:00 (ET),PDX@PHX,Phoenix Mercury,NOT_YET_SUBMITTED,2026-08-15T19:26:29.592721+00:00
cap_20260815T192629858806,cycle_20260815,08/16/2026,05:00 (ET),CHI@SEA,Chicago Sky,NOT_YET_SUBMITTED,2026-08-15T19:26:39.898975+00:00
cap_20260815T192629858806,cycle_20260815,08/16/2026,05:00 (ET),CHI@SEA,Seattle Storm,NOT_YET_SUBMITTED,2026-08-15T19:26:39.898975+00:00
cap_20260815T192629858806,cycle_20260815,08/16/2026,05:00 (ET),IND@ATL,Indiana Fever,NOT_YET_SUBMITTED,2026-08-15T19:26:39.898975+00:00
cap_20260815T192629858806,cycle_20260815,08/16/2026,05:00 (ET),IND@ATL,Atlanta Dream,NOT_YET_SUBMITTED,2026-08-15T19:26:39.898975+00:00
cap_20260815T192629858806,cycle_20260815,08/16/2026,07:00 (ET),PDX@PHX,Portland Fire,NOT_YET_SUBMITTED,2026-08-15T19:26:39.898975+00:00
cap_20260815T192629858806,cycle_20260815,08/16/2026,07:00 (ET),PDX@PHX,Phoenix Mercury,NOT_YET_SUBMITTED,2026-08-15T19:26:39.898975+00:00
cap_20260815T192640163482,cycle_20260815,08/16/2026,05:00 (ET),CHI@SEA,Chicago Sky,NOT_YET_SUBMITTED,2026-08-15T19:26:50.202574+00:00
cap_20260815T192640163482,cycle_20260815,08/16/2026,05:00 (ET),CHI@SEA,Seattle Storm,NOT_YET_SUBMITTED,2026-08-15T19:26:50.202574+00:00
cap_20260815T192640163482,cycle_20260815,08/16/2026,05:00 (ET),IND@ATL,Indiana Fever,NOT_YET_SUBMITTED,2026-08-15T19:26:50.202574+00:00
cap_20260815T192640163482,cycle_20260815,08/16/2026,05:00 (ET),IND@ATL,Atlanta Dream,NOT_YET_SUBMITTED,2026-08-15T19:26:50.202574+00:00
cap_20260815T192640163482,cycle_20260815,08/16/2026,07:00 (ET),PDX@PHX,Portland Fire,NOT_YET_SUBMITTED,2026-08-15T19:26:50.202574+00:00
cap_20260815T192640163482,cycle_20260815,08/16/2026,07:00 (ET),PDX@PHX,Phoenix Mercury,NOT_YET_SUBMITTED,2026-08-15T19:26:50.202574+00:00
cap_20260815T192650471875,cycle_20260815,08/16/2026,05:00 (ET),CHI@SEA,Chicago Sky,NOT_YET_SUBMITTED,2026-08-15T19:27:00.522861+00:00
cap_20260815T192650471875,cycle_20260815,08/16/2026,05:00 (ET),CHI@SEA,Seattle Storm,NOT_YET_SUBMITTED,2026-08-15T19:27:00.522861+00:00
cap_20260815T192650471875,cycle_20260815,08/16/2026,05:00 (ET),IND@ATL,Indiana Fever,NOT_YET_SUBMITTED,2026-08-15T19:27:00.522861+00:00
cap_20260815T192650471875,cycle_20260815,08/16/2026,05:00 (ET),IND@ATL,Atlanta Dream,NOT_YET_SUBMITTED,2026-08-15T19:27:00.522861+00:00
cap_20260815T192650471875,cycle_20260815,08/16/2026,07:00 (ET),PDX@PHX,Portland Fire,NOT_YET_SUBMITTED,2026-08-15T19:27:00.522861+00:00
cap_20260815T192650471875,cycle_20260815,08/16/2026,07:00 (ET),PDX@PHX,Phoenix Mercury,NOT_YET_SUBMITTED,2026-08-15T19:27:00.522861+00:00
cap_20260815T192700790572,cycle_20260815,08/16/2026,05:00 (ET),CHI@SEA,Chicago Sky,NOT_YET_SUBMITTED,2026-08-15T19:27:10.836819+00:00
cap_20260815T192700790572,cycle_20260815,08/16/2026,05:00 (ET),CHI@SEA,Seattle Storm,NOT_YET_SUBMITTED,2026-08-15T19:27:10.836819+00:00
cap_20260815T192700790572,cycle_20260815,08/16/2026,05:00 (ET),IND@ATL,Indiana Fever,NOT_YET_SUBMITTED,2026-08-15T19:27:10.836819+00:00
cap_20260815T192700790572,cycle_20260815,08/16/2026,05:00 (ET),IND@ATL,Atlanta Dream,NOT_YET_SUBMITTED,2026-08-15T19:27:10.836819+00:00
cap_20260815T192700790572,cycle_20260815,08/16/2026,07:00 (ET),PDX@PHX,Portland Fire,NOT_YET_SUBMITTED,2026-08-15T19:27:10.836819+00:00
cap_20260815T192700790572,cycle_20260815,08/16/2026,07:00 (ET),PDX@PHX,Phoenix Mercury,NOT_YET_SUBMITTED,2026-08-15T19:27:10.836819+00:00
cap_20260815T192711097481,cycle_20260815,08/16/2026,05:00 (ET),CHI@SEA,Chicago Sky,NOT_YET_SUBMITTED,2026-08-15T19:27:21.131610+00:00
cap_20260815T192711097481,cycle_20260815,08/16/2026,05:00 (ET),CHI@SEA,Seattle Storm,NOT_YET_SUBMITTED,2026-08-15T19:27:21.131610+00:00
cap_20260815T192711097481,cycle_20260815,08/16/2026,05:00 (ET),IND@ATL,Indiana Fever,NOT_YET_SUBMITTED,2026-08-15T19:27:21.131610+00:00
cap_20260815T192711097481,cycle_20260815,08/16/2026,05:00 (ET),IND@ATL,Atlanta Dream,NOT_YET_SUBMITTED,2026-08-15T19:27:21.131610+00:00
cap_20260815T192711097481,cycle_20260815,08/16/2026,07:00 (ET),PDX@PHX,Portland Fire,NOT_YET_SUBMITTED,2026-08-15T19:27:21.131610+00:00
cap_20260815T192711097481,cycle_20260815,08/16/2026,07:00 (ET),PDX@PHX,Phoenix Mercury,NOT_YET_SUBMITTED,2026-08-15T19:27:21.131610+00:00
cap_20260815T192721409351,cycle_20260815,08/16/2026,05:00 (ET),CHI@SEA,Chicago Sky,NOT_YET_SUBMITTED,2026-08-15T19:27:31.445665+00:00
cap_20260815T192721409351,cycle_20260815,08/16/2026,05:00 (ET),CHI@SEA,Seattle Storm,NOT_YET_SUBMITTED,2026-08-15T19:27:31.445665+00:00
cap_20260815T192721409351,cycle_20260815,08/16/2026,05:00 (ET),IND@ATL,Indiana Fever,NOT_YET_SUBMITTED,2026-08-15T19:27:31.445665+00:00
cap_20260815T192721409351,cycle_20260815,08/16/2026,05:00 (ET),IND@ATL,Atlanta Dream,NOT_YET_SUBMITTED,2026-08-15T19:27:31.445665+00:00
cap_20260815T192721409351,cycle_20260815,08/16/2026,07:00 (ET),PDX@PHX,Portland Fire,NOT_YET_SUBMITTED,2026-08-15T19:27:31.445665+00:00
cap_20260815T192721409351,cycle_20260815,08/16/2026,07:00 (ET),PDX@PHX,Phoenix Mercury,NOT_YET_SUBMITTED,2026-08-15T19:27:31.445665+00:00
cap_20260815T192731711395,cycle_20260815,08/16/2026,05:00 (ET),CHI@SEA,Chicago Sky,NOT_YET_SUBMITTED,2026-08-15T19:27:41.748221+00:00
cap_20260815T192731711395,cycle_20260815,08/16/2026,05:00 (ET),CHI@SEA,Seattle Storm,NOT_YET_SUBMITTED,2026-08-15T19:27:41.748221+00:00
cap_20260815T192731711395,cycle_20260815,08/16/2026,05:00 (ET),IND@ATL,Indiana Fever,NOT_YET_SUBMITTED,2026-08-15T19:27:41.748221+00:00
cap_20260815T192731711395,cycle_20260815,08/16/2026,05:00 (ET),IND@ATL,Atlanta Dream,NOT_YET_SUBMITTED,2026-08-15T19:27:41.748221+00:00
cap_20260815T192731711395,cycle_20260815,08/16/2026,07:00 (ET),PDX@PHX,Portland Fire,NOT_YET_SUBMITTED,2026-08-15T19:27:41.748221+00:00
cap_20260815T192731711395,cycle_20260815,08/16/2026,07:00 (ET),PDX@PHX,Phoenix Mercury,NOT_YET_SUBMITTED,2026-08-15T19:27:41.748221+00:00
cap_20260815T192742001879,cycle_20260815,08/16/2026,05:00 (ET),CHI@SEA,Chicago Sky,NOT_YET_SUBMITTED,2026-08-15T19:27:52.033336+00:00
cap_20260815T192742001879,cycle_20260815,08/16/2026,05:00 (ET),CHI@SEA,Seattle Storm,NOT_YET_SUBMITTED,2026-08-15T19:27:52.033336+00:00
cap_20260815T192742001879,cycle_20260815,08/16/2026,05:00 (ET),IND@ATL,Indiana Fever,NOT_YET_SUBMITTED,2026-08-15T19:27:52.033336+00:00
cap_20260815T192742001879,cycle_20260815,08/16/2026,05:00 (ET),IND@ATL,Atlanta Dream,NOT_YET_SUBMITTED,2026-08-15T19:27:52.033336+00:00
cap_20260815T192742001879,cycle_20260815,08/16/2026,07:00 (ET),PDX@PHX,Portland Fire,NOT_YET_SUBMITTED,2026-08-15T19:27:52.033336+00:00
cap_20260815T192742001879,cycle_20260815,08/16/2026,07:00 (ET),PDX@PHX,Phoenix Mercury,NOT_YET_SUBMITTED,2026-08-15T19:27:52.033336+00:00
cap_20260815T192752313167,cycle_20260815,08/16/2026,05:00 (ET),CHI@SEA,Chicago Sky,NOT_YET_SUBMITTED,2026-08-15T19:28:02.356414+00:00
cap_20260815T192752313167,cycle_20260815,08/16/2026,05:00 (ET),CHI@SEA,Seattle Storm,NOT_YET_SUBMITTED,2026-08-15T19:28:02.356414+00:00
cap_20260815T192752313167,cycle_20260815,08/16/2026,05:00 (ET),IND@ATL,Indiana Fever,NOT_YET_SUBMITTED,2026-08-15T19:28:02.356414+00:00
cap_20260815T192752313167,cycle_20260815,08/16/2026,05:00 (ET),IND@ATL,Atlanta Dream,NOT_YET_SUBMITTED,2026-08-15T19:28:02.356414+00:00
cap_20260815T192752313167,cycle_20260815,08/16/2026,07:00 (ET),PDX@PHX,Portland Fire,NOT_YET_SUBMITTED,2026-08-15T19:28:02.356414+00:00
cap_20260815T192752313167,cycle_20260815,08/16/2026,07:00 (ET),PDX@PHX,Phoenix Mercury,NOT_YET_SUBMITTED,2026-08-15T19:28:02.356414+00:00
cap_20260815T192802622094,cycle_20260815,08/16/2026,05:00 (ET),CHI@SEA,Chicago Sky,NOT_YET_SUBMITTED,2026-08-15T19:28:12.666326+00:00
cap_20260815T192802622094,cycle_20260815,08/16/2026,05:00 (ET),CHI@SEA,Seattle Storm,NOT_YET_SUBMITTED,2026-08-15T19:28:12.666326+00:00
cap_20260815T192802622094,cycle_20260815,08/16/2026,05:00 (ET),IND@ATL,Indiana Fever,NOT_YET_SUBMITTED,2026-08-15T19:28:12.666326+00:00
cap_20260815T192802622094,cycle_20260815,08/16/2026,05:00 (ET),IND@ATL,Atlanta Dream,NOT_YET_SUBMITTED,2026-08-15T19:28:12.666326+00:00
cap_20260815T192802622094,cycle_20260815,08/16/2026,07:00 (ET),PDX@PHX,Portland Fire,NOT_YET_SUBMITTED,2026-08-15T19:28:12.666326+00:00
cap_20260815T192802622094,cycle_20260815,08/16/2026,07:00 (ET),PDX@PHX,Phoenix Mercury,NOT_YET_SUBMITTED,2026-08-15T19:28:12.666326+00:00
cap_20260815T192813043267,cycle_20260815,08/16/2026,05:00 (ET),CHI@SEA,Chicago Sky,NOT_YET_SUBMITTED,2026-08-15T19:28:23.102029+00:00
cap_20260815T192813043267,cycle_20260815,08/16/2026,05:00 (ET),CHI@SEA,Seattle Storm,NOT_YET_SUBMITTED,2026-08-15T19:28:23.102029+00:00
cap_20260815T192813043267,cycle_20260815,08/16/2026,05:00 (ET),IND@ATL,Indiana Fever,NOT_YET_SUBMITTED,2026-08-15T19:28:23.102029+00:00
cap_20260815T192813043267,cycle_20260815,08/16/2026,05:00 (ET),IND@ATL,Atlanta Dream,NOT_YET_SUBMITTED,2026-08-15T19:28:23.102029+00:00
cap_20260815T192813043267,cycle_20260815,08/16/2026,07:00 (ET),PDX@PHX,Portland Fire,NOT_YET_SUBMITTED,2026-08-15T19:28:23.102029+00:00
cap_20260815T192813043267,cycle_20260815,08/16/2026,07:00 (ET),PDX@PHX,Phoenix Mercury,NOT_YET_SUBMITTED,2026-08-15T19:28:23.102029+00:00
cap_20260815T192823380335,cycle_20260815,08/16/2026,05:00 (ET),CHI@SEA,Chicago Sky,NOT_YET_SUBMITTED,2026-08-15T19:28:33.410668+00:00
cap_20260815T192823380335,cycle_20260815,08/16/2026,05:00 (ET),CHI@SEA,Seattle Storm,NOT_YET_SUBMITTED,2026-08-15T19:28:33.410668+00:00
cap_20260815T192823380335,cycle_20260815,08/16/2026,05:00 (ET),IND@ATL,Indiana Fever,NOT_YET_SUBMITTED,2026-08-15T19:28:33.410668+00:00
cap_20260815T192823380335,cycle_20260815,08/16/2026,05:00 (ET),IND@ATL,Atlanta Dream,NOT_YET_SUBMITTED,2026-08-15T19:28:33.410668+00:00
cap_20260815T192823380335,cycle_20260815,08/16/2026,07:00 (ET),PDX@PHX,Portland Fire,NOT_YET_SUBMITTED,2026-08-15T19:28:33.410668+00:00
cap_20260815T192823380335,cycle_20260815,08/16/2026,07:00 (ET),PDX@PHX,Phoenix Mercury,NOT_YET_SUBMITTED,2026-08-15T19:28:33.410668+00:00
cap_20260815T192833705464,cycle_20260815,08/16/2026,05:00 (ET),CHI@SEA,Chicago Sky,NOT_YET_SUBMITTED,2026-08-15T19:28:43.744220+00:00
cap_20260815T192833705464,cycle_20260815,08/16/2026,05:00 (ET),CHI@SEA,Seattle Storm,NOT_YET_SUBMITTED,2026-08-15T19:28:43.744220+00:00
cap_20260815T192833705464,cycle_20260815,08/16/2026,05:00 (ET),IND@ATL,Indiana Fever,NOT_YET_SUBMITTED,2026-08-15T19:28:43.744220+00:00
cap_20260815T192833705464,cycle_20260815,08/16/2026,05:00 (ET),IND@ATL,Atlanta Dream,NOT_YET_SUBMITTED,2026-08-15T19:28:43.744220+00:00
cap_20260815T192833705464,cycle_20260815,08/16/2026,07:00 (ET),PDX@PHX,Portland Fire,NOT_YET_SUBMITTED,2026-08-15T19:28:43.744220+00:00
cap_20260815T192833705464,cycle_20260815,08/16/2026,07:00 (ET),PDX@PHX,Phoenix Mercury,NOT_YET_SUBMITTED,2026-08-15T19:28:43.744220+00:00
cap_20260815T192844012623,cycle_20260815,08/16/2026,05:00 (ET),CHI@SEA,Chicago Sky,NOT_YET_SUBMITTED,2026-08-15T19:28:54.061538+00:00
cap_20260815T192844012623,cycle_20260815,08/16/2026,05:00 (ET),CHI@SEA,Seattle Storm,NOT_YET_SUBMITTED,2026-08-15T19:28:54.061538+00:00
cap_20260815T192844012623,cycle_20260815,08/16/2026,05:00 (ET),IND@ATL,Indiana Fever,NOT_YET_SUBMITTED,2026-08-15T19:28:54.061538+00:00
cap_20260815T192844012623,cycle_20260815,08/16/2026,05:00 (ET),IND@ATL,Atlanta Dream,NOT_YET_SUBMITTED,2026-08-15T19:28:54.061538+00:00
cap_20260815T192844012623,cycle_20260815,08/16/2026,07:00 (ET),PDX@PHX,Portland Fire,NOT_YET_SUBMITTED,2026-08-15T19:28:54.061538+00:00
cap_20260815T192844012623,cycle_20260815,08/16/2026,07:00 (ET),PDX@PHX,Phoenix Mercury,NOT_YET_SUBMITTED,2026-08-15T19:28:54.061538+00:00
cap_20260815T192854350536,cycle_20260815,08/16/2026,05:00 (ET),CHI@SEA,Chicago Sky,NOT_YET_SUBMITTED,2026-08-15T19:29:04.389179+00:00
cap_20260815T192854350536,cycle_20260815,08/16/2026,05:00 (ET),CHI@SEA,Seattle Storm,NOT_YET_SUBMITTED,2026-08-15T19:29:04.389179+00:00
cap_20260815T192854350536,cycle_20260815,08/16/2026,05:00 (ET),IND@ATL,Indiana Fever,NOT_YET_SUBMITTED,2026-08-15T19:29:04.389179+00:00
cap_20260815T192854350536,cycle_20260815,08/16/2026,05:00 (ET),IND@ATL,Atlanta Dream,NOT_YET_SUBMITTED,2026-08-15T19:29:04.389179+00:00
cap_20260815T192854350536,cycle_20260815,08/16/2026,07:00 (ET),PDX@PHX,Portland Fire,NOT_YET_SUBMITTED,2026-08-15T19:29:04.389179+00:00
cap_20260815T192854350536,cycle_20260815,08/16/2026,07:00 (ET),PDX@PHX,Phoenix Mercury,NOT_YET_SUBMITTED,2026-08-15T19:29:04.389179+00:00
cap_20260815T192904651310,cycle_20260815,08/16/2026,05:00 (ET),CHI@SEA,Chicago Sky,NOT_YET_SUBMITTED,2026-08-15T19:29:14.689743+00:00
cap_20260815T192904651310,cycle_20260815,08/16/2026,05:00 (ET),CHI@SEA,Seattle Storm,NOT_YET_SUBMITTED,2026-08-15T19:29:14.689743+00:00
cap_20260815T192904651310,cycle_20260815,08/16/2026,05:00 (ET),IND@ATL,Indiana Fever,NOT_YET_SUBMITTED,2026-08-15T19:29:14.689743+00:00
cap_20260815T192904651310,cycle_20260815,08/16/2026,05:00 (ET),IND@ATL,Atlanta Dream,NOT_YET_SUBMITTED,2026-08-15T19:29:14.689743+00:00
cap_20260815T192904651310,cycle_20260815,08/16/2026,07:00 (ET),PDX@PHX,Portland Fire,NOT_YET_SUBMITTED,2026-08-15T19:29:14.689743+00:00
cap_20260815T192904651310,cycle_20260815,08/16/2026,07:00 (ET),PDX@PHX,Phoenix Mercury,NOT_YET_SUBMITTED,2026-08-15T19:29:14.689743+00:00
cap_20260815T192914982246,cycle_20260815,08/16/2026,05:00 (ET),CHI@SEA,Chicago Sky,NOT_YET_SUBMITTED,2026-08-15T19:29:25.009684+00:00
cap_20260815T192914982246,cycle_20260815,08/16/2026,05:00 (ET),CHI@SEA,Seattle Storm,NOT_YET_SUBMITTED,2026-08-15T19:29:25.009684+00:00
cap_20260815T192914982246,cycle_20260815,08/16/2026,05:00 (ET),IND@ATL,Indiana Fever,NOT_YET_SUBMITTED,2026-08-15T19:29:25.009684+00:00
cap_20260815T192914982246,cycle_20260815,08/16/2026,05:00 (ET),IND@ATL,Atlanta Dream,NOT_YET_SUBMITTED,2026-08-15T19:29:25.009684+00:00
cap_20260815T192914982246,cycle_20260815,08/16/2026,07:00 (ET),PDX@PHX,Portland Fire,NOT_YET_SUBMITTED,2026-08-15T19:29:25.009684+00:00
cap_20260815T192914982246,cycle_20260815,08/16/2026,07:00 (ET),PDX@PHX,Phoenix Mercury,NOT_YET_SUBMITTED,2026-08-15T19:29:25.009684+00:00
cap_20260815T192925388489,cycle_20260815,08/16/2026,05:00 (ET),CHI@SEA,Chicago Sky,NOT_YET_SUBMITTED,2026-08-15T19:29:35.416101+00:00
cap_20260815T192925388489,cycle_20260815,08/16/2026,05:00 (ET),CHI@SEA,Seattle Storm,NOT_YET_SUBMITTED,2026-08-15T19:29:35.416101+00:00
cap_20260815T192925388489,cycle_20260815,08/16/2026,05:00 (ET),IND@ATL,Indiana Fever,NOT_YET_SUBMITTED,2026-08-15T19:29:35.416101+00:00
cap_20260815T192925388489,cycle_20260815,08/16/2026,05:00 (ET),IND@ATL,Atlanta Dream,NOT_YET_SUBMITTED,2026-08-15T19:29:35.416101+00:00
cap_20260815T192925388489,cycle_20260815,08/16/2026,07:00 (ET),PDX@PHX,Portland Fire,NOT_YET_SUBMITTED,2026-08-15T19:29:35.416101+00:00
cap_20260815T192925388489,cycle_20260815,08/16/2026,07:00 (ET),PDX@PHX,Phoenix Mercury,NOT_YET_SUBMITTED,2026-08-15T19:29:35.416101+00:00
cap_20260815T192935824687,cycle_20260815,08/16/2026,05:00 (ET),CHI@SEA,Chicago Sky,NOT_YET_SUBMITTED,2026-08-15T19:29:45.861873+00:00
cap_20260815T192935824687,cycle_20260815,08/16/2026,05:00 (ET),CHI@SEA,Seattle Storm,NOT_YET_SUBMITTED,2026-08-15T19:29:45.861873+00:00
cap_20260815T192935824687,cycle_20260815,08/16/2026,05:00 (ET),IND@ATL,Indiana Fever,NOT_YET_SUBMITTED,2026-08-15T19:29:45.861873+00:00
cap_20260815T192935824687,cycle_20260815,08/16/2026,05:00 (ET),IND@ATL,Atlanta Dream,NOT_YET_SUBMITTED,2026-08-15T19:29:45.861873+00:00
cap_20260815T192935824687,cycle_20260815,08/16/2026,07:00 (ET),PDX@PHX,Portland Fire,NOT_YET_SUBMITTED,2026-08-15T19:29:45.861873+00:00
cap_20260815T192935824687,cycle_20260815,08/16/2026,07:00 (ET),PDX@PHX,Phoenix Mercury,NOT_YET_SUBMITTED,2026-08-15T19:29:45.861873+00:00
cap_20260815T192946430398,cycle_20260815,08/16/2026,05:00 (ET),CHI@SEA,Chicago Sky,NOT_YET_SUBMITTED,2026-08-15T19:29:56.475016+00:00
cap_20260815T192946430398,cycle_20260815,08/16/2026,05:00 (ET),CHI@SEA,Seattle Storm,NOT_YET_SUBMITTED,2026-08-15T19:29:56.475016+00:00
cap_20260815T192946430398,cycle_20260815,08/16/2026,05:00 (ET),IND@ATL,Indiana Fever,NOT_YET_SUBMITTED,2026-08-15T19:29:56.475016+00:00
cap_20260815T192946430398,cycle_20260815,08/16/2026,05:00 (ET),IND@ATL,Atlanta Dream,NOT_YET_SUBMITTED,2026-08-15T19:29:56.475016+00:00
cap_20260815T192946430398,cycle_20260815,08/16/2026,07:00 (ET),PDX@PHX,Portland Fire,NOT_YET_SUBMITTED,2026-08-15T19:29:56.475016+00:00
cap_20260815T192946430398,cycle_20260815,08/16/2026,07:00 (ET),PDX@PHX,Phoenix Mercury,NOT_YET_SUBMITTED,2026-08-15T19:29:56.475016+00:00
cap_20260815T192956918508,cycle_20260815,08/16/2026,05:00 (ET),CHI@SEA,Chicago Sky,NOT_YET_SUBMITTED,2026-08-15T19:30:06.959250+00:00
cap_20260815T192956918508,cycle_20260815,08/16/2026,05:00 (ET),CHI@SEA,Seattle Storm,NOT_YET_SUBMITTED,2026-08-15T19:30:06.959250+00:00
cap_20260815T192956918508,cycle_20260815,08/16/2026,05:00 (ET),IND@ATL,Indiana Fever,NOT_YET_SUBMITTED,2026-08-15T19:30:06.959250+00:00
cap_20260815T192956918508,cycle_20260815,08/16/2026,05:00 (ET),IND@ATL,Atlanta Dream,NOT_YET_SUBMITTED,2026-08-15T19:30:06.959250+00:00
cap_20260815T192956918508,cycle_20260815,08/16/2026,07:00 (ET),PDX@PHX,Portland Fire,NOT_YET_SUBMITTED,2026-08-15T19:30:06.959250+00:00
cap_20260815T192956918508,cycle_20260815,08/16/2026,07:00 (ET),PDX@PHX,Phoenix Mercury,NOT_YET_SUBMITTED,2026-08-15T19:30:06.959250+00:00
cap_20260815T193007709288,cycle_20260815,08/16/2026,05:00 (ET),CHI@SEA,Chicago Sky,NOT_YET_SUBMITTED,2026-08-15T19:30:17.751836+00:00
cap_20260815T193007709288,cycle_20260815,08/16/2026,05:00 (ET),CHI@SEA,Seattle Storm,NOT_YET_SUBMITTED,2026-08-15T19:30:17.751836+00:00
cap_20260815T193007709288,cycle_20260815,08/16/2026,05:00 (ET),IND@ATL,Indiana Fever,NOT_YET_SUBMITTED,2026-08-15T19:30:17.751836+00:00
cap_20260815T193007709288,cycle_20260815,08/16/2026,05:00 (ET),IND@ATL,Atlanta Dream,NOT_YET_SUBMITTED,2026-08-15T19:30:17.751836+00:00
cap_20260815T193007709288,cycle_20260815,08/16/2026,07:00 (ET),PDX@PHX,Portland Fire,NOT_YET_SUBMITTED,2026-08-15T19:30:17.751836+00:00
cap_20260815T193007709288,cycle_20260815,08/16/2026,07:00 (ET),PDX@PHX,Phoenix Mercury,NOT_YET_SUBMITTED,2026-08-15T19:30:17.751836+00:00
cap_20260815T193018034281,cycle_20260815,08/16/2026,05:00 (ET),CHI@SEA,Chicago Sky,NOT_YET_SUBMITTED,2026-08-15T19:30:28.075259+00:00
cap_20260815T193018034281,cycle_20260815,08/16/2026,05:00 (ET),CHI@SEA,Seattle Storm,NOT_YET_SUBMITTED,2026-08-15T19:30:28.075259+00:00
cap_20260815T193018034281,cycle_20260815,08/16/2026,05:00 (ET),IND@ATL,Indiana Fever,NOT_YET_SUBMITTED,2026-08-15T19:30:28.075259+00:00
cap_20260815T193018034281,cycle_20260815,08/16/2026,05:00 (ET),IND@ATL,Atlanta Dream,NOT_YET_SUBMITTED,2026-08-15T19:30:28.075259+00:00
cap_20260815T193018034281,cycle_20260815,08/16/2026,07:00 (ET),PDX@PHX,Portland Fire,NOT_YET_SUBMITTED,2026-08-15T19:30:28.075259+00:00
cap_20260815T193018034281,cycle_20260815,08/16/2026,07:00 (ET),PDX@PHX,Phoenix Mercury,NOT_YET_SUBMITTED,2026-08-15T19:30:28.075259+00:00
cap_20260815T193028371272,cycle_20260815,08/16/2026,05:00 (ET),CHI@SEA,Chicago Sky,NOT_YET_SUBMITTED,2026-08-15T19:30:38.401943+00:00
cap_20260815T193028371272,cycle_20260815,08/16/2026,05:00 (ET),CHI@SEA,Seattle Storm,NOT_YET_SUBMITTED,2026-08-15T19:30:38.401943+00:00
cap_20260815T193028371272,cycle_20260815,08/16/2026,05:00 (ET),IND@ATL,Indiana Fever,NOT_YET_SUBMITTED,2026-08-15T19:30:38.401943+00:00
cap_20260815T193028371272,cycle_20260815,08/16/2026,05:00 (ET),IND@ATL,Atlanta Dream,NOT_YET_SUBMITTED,2026-08-15T19:30:38.401943+00:00
cap_20260815T193028371272,cycle_20260815,08/16/2026,07:00 (ET),PDX@PHX,Portland Fire,NOT_YET_SUBMITTED,2026-08-15T19:30:38.401943+00:00
cap_20260815T193028371272,cycle_20260815,08/16/2026,07:00 (ET),PDX@PHX,Phoenix Mercury,NOT_YET_SUBMITTED,2026-08-15T19:30:38.401943+00:00
cap_20260815T193038673355,cycle_20260815,08/16/2026,05:00 (ET),CHI@SEA,Chicago Sky,NOT_YET_SUBMITTED,2026-08-15T19:30:48.714877+00:00
cap_20260815T193038673355,cycle_20260815,08/16/2026,05:00 (ET),CHI@SEA,Seattle Storm,NOT_YET_SUBMITTED,2026-08-15T19:30:48.714877+00:00
cap_20260815T193038673355,cycle_20260815,08/16/2026,05:00 (ET),IND@ATL,Indiana Fever,NOT_YET_SUBMITTED,2026-08-15T19:30:48.714877+00:00
cap_20260815T193038673355,cycle_20260815,08/16/2026,05:00 (ET),IND@ATL,Atlanta Dream,NOT_YET_SUBMITTED,2026-08-15T19:30:48.714877+00:00
cap_20260815T193038673355,cycle_20260815,08/16/2026,07:00 (ET),PDX@PHX,Portland Fire,NOT_YET_SUBMITTED,2026-08-15T19:30:48.714877+00:00
cap_20260815T193038673355,cycle_20260815,08/16/2026,07:00 (ET),PDX@PHX,Phoenix Mercury,NOT_YET_SUBMITTED,2026-08-15T19:30:48.714877+00:00
cap_20260815T194202370002,cycle_20260815,08/16/2026,05:00 (ET),CHI@SEA,Chicago Sky,NOT_YET_SUBMITTED,2026-08-15T19:42:15.775582+00:00
cap_20260815T194202370002,cycle_20260815,08/16/2026,05:00 (ET),CHI@SEA,Seattle Storm,NOT_YET_SUBMITTED,2026-08-15T19:42:15.775582+00:00
cap_20260815T194202370002,cycle_20260815,08/16/2026,05:00 (ET),IND@ATL,Indiana Fever,NOT_YET_SUBMITTED,2026-08-15T19:42:15.775582+00:00
cap_20260815T194202370002,cycle_20260815,08/16/2026,05:00 (ET),IND@ATL,Atlanta Dream,NOT_YET_SUBMITTED,2026-08-15T19:42:15.775582+00:00
cap_20260815T194202370002,cycle_20260815,08/16/2026,07:00 (ET),PDX@PHX,Portland Fire,NOT_YET_SUBMITTED,2026-08-15T19:42:15.775582+00:00
cap_20260815T194202370002,cycle_20260815,08/16/2026,07:00 (ET),PDX@PHX,Phoenix Mercury,NOT_YET_SUBMITTED,2026-08-15T19:42:15.775582+00:00
cap_20260815T195703226787,cycle_20260815,08/16/2026,05:00 (ET),CHI@SEA,Chicago Sky,NOT_YET_SUBMITTED,2026-08-15T19:57:16.012759+00:00
cap_20260815T195703226787,cycle_20260815,08/16/2026,05:00 (ET),CHI@SEA,Seattle Storm,NOT_YET_SUBMITTED,2026-08-15T19:57:16.012759+00:00
cap_20260815T195703226787,cycle_20260815,08/16/2026,05:00 (ET),IND@ATL,Indiana Fever,NOT_YET_SUBMITTED,2026-08-15T19:57:16.012759+00:00
cap_20260815T195703226787,cycle_20260815,08/16/2026,05:00 (ET),IND@ATL,Atlanta Dream,NOT_YET_SUBMITTED,2026-08-15T19:57:16.012759+00:00
cap_20260815T195703226787,cycle_20260815,08/16/2026,07:00 (ET),PDX@PHX,Portland Fire,NOT_YET_SUBMITTED,2026-08-15T19:57:16.012759+00:00
cap_20260815T195703226787,cycle_20260815,08/16/2026,07:00 (ET),PDX@PHX,Phoenix Mercury,NOT_YET_SUBMITTED,2026-08-15T19:57:16.012759+00:00
cap_20260815T201202442802,cycle_20260815,08/16/2026,05:00 (ET),CHI@SEA,Chicago Sky,NOT_YET_SUBMITTED,2026-08-15T20:12:16.431283+00:00
cap_20260815T201202442802,cycle_20260815,08/16/2026,05:00 (ET),CHI@SEA,Seattle Storm,NOT_YET_SUBMITTED,2026-08-15T20:12:16.431283+00:00
cap_20260815T201202442802,cycle_20260815,08/16/2026,05:00 (ET),IND@ATL,Indiana Fever,NOT_YET_SUBMITTED,2026-08-15T20:12:16.431283+00:00
cap_20260815T201202442802,cycle_20260815,08/16/2026,05:00 (ET),IND@ATL,Atlanta Dream,NOT_YET_SUBMITTED,2026-08-15T20:12:16.431283+00:00
cap_20260815T201202442802,cycle_20260815,08/16/2026,07:00 (ET),PDX@PHX,Portland Fire,NOT_YET_SUBMITTED,2026-08-15T20:12:16.431283+00:00
cap_20260815T201202442802,cycle_20260815,08/16/2026,07:00 (ET),PDX@PHX,Phoenix Mercury,NOT_YET_SUBMITTED,2026-08-15T20:12:16.431283+00:00
cap_20260815T202702174095,cycle_20260815,08/16/2026,05:00 (ET),CHI@SEA,Chicago Sky,NOT_YET_SUBMITTED,2026-08-15T20:27:15.109673+00:00
cap_20260815T202702174095,cycle_20260815,08/16/2026,05:00 (ET),CHI@SEA,Seattle Storm,NOT_YET_SUBMITTED,2026-08-15T20:27:15.109673+00:00
cap_20260815T202702174095,cycle_20260815,08/16/2026,05:00 (ET),IND@ATL,Indiana Fever,NOT_YET_SUBMITTED,2026-08-15T20:27:15.109673+00:00
cap_20260815T202702174095,cycle_20260815,08/16/2026,05:00 (ET),IND@ATL,Atlanta Dream,NOT_YET_SUBMITTED,2026-08-15T20:27:15.109673+00:00
cap_20260815T202702174095,cycle_20260815,08/16/2026,07:00 (ET),PDX@PHX,Portland Fire,NOT_YET_SUBMITTED,2026-08-15T20:27:15.109673+00:00
cap_20260815T202702174095,cycle_20260815,08/16/2026,07:00 (ET),PDX@PHX,Phoenix Mercury,NOT_YET_SUBMITTED,2026-08-15T20:27:15.109673+00:00
cap_20260815T204202347247,cycle_20260815,08/16/2026,05:00 (ET),CHI@SEA,Chicago Sky,NOT_YET_SUBMITTED,2026-08-15T20:42:16.477570+00:00
cap_20260815T204202347247,cycle_20260815,08/16/2026,05:00 (ET),CHI@SEA,Seattle Storm,NOT_YET_SUBMITTED,2026-08-15T20:42:16.477570+00:00
cap_20260815T204202347247,cycle_20260815,08/16/2026,05:00 (ET),IND@ATL,Indiana Fever,NOT_YET_SUBMITTED,2026-08-15T20:42:16.477570+00:00
cap_20260815T204202347247,cycle_20260815,08/16/2026,05:00 (ET),IND@ATL,Atlanta Dream,NOT_YET_SUBMITTED,2026-08-15T20:42:16.477570+00:00
cap_20260815T204202347247,cycle_20260815,08/16/2026,07:00 (ET),PDX@PHX,Portland Fire,NOT_YET_SUBMITTED,2026-08-15T20:42:16.477570+00:00
cap_20260815T204202347247,cycle_20260815,08/16/2026,07:00 (ET),PDX@PHX,Phoenix Mercury,NOT_YET_SUBMITTED,2026-08-15T20:42:16.477570+00:00
cap_20260815T205702133381,cycle_20260815,08/16/2026,05:00 (ET),CHI@SEA,Chicago Sky,NOT_YET_SUBMITTED,2026-08-15T20:57:16.083262+00:00
cap_20260815T205702133381,cycle_20260815,08/16/2026,05:00 (ET),CHI@SEA,Seattle Storm,NOT_YET_SUBMITTED,2026-08-15T20:57:16.083262+00:00
cap_20260815T205702133381,cycle_20260815,08/16/2026,05:00 (ET),IND@ATL,Indiana Fever,NOT_YET_SUBMITTED,2026-08-15T20:57:16.083262+00:00
cap_20260815T205702133381,cycle_20260815,08/16/2026,05:00 (ET),IND@ATL,Atlanta Dream,NOT_YET_SUBMITTED,2026-08-15T20:57:16.083262+00:00
cap_20260815T205702133381,cycle_20260815,08/16/2026,07:00 (ET),PDX@PHX,Portland Fire,NOT_YET_SUBMITTED,2026-08-15T20:57:16.083262+00:00
cap_20260815T205702133381,cycle_20260815,08/16/2026,07:00 (ET),PDX@PHX,Phoenix Mercury,NOT_YET_SUBMITTED,2026-08-15T20:57:16.083262+00:00
cap_20260815T211201927826,cycle_20260815,08/16/2026,05:00 (ET),CHI@SEA,Chicago Sky,NOT_YET_SUBMITTED,2026-08-15T21:12:15.300457+00:00
cap_20260815T211201927826,cycle_20260815,08/16/2026,05:00 (ET),CHI@SEA,Seattle Storm,NOT_YET_SUBMITTED,2026-08-15T21:12:15.300457+00:00
cap_20260815T211201927826,cycle_20260815,08/16/2026,07:00 (ET),PDX@PHX,Portland Fire,NOT_YET_SUBMITTED,2026-08-15T21:12:15.300457+00:00
cap_20260815T211201927826,cycle_20260815,08/16/2026,07:00 (ET),PDX@PHX,Phoenix Mercury,NOT_YET_SUBMITTED,2026-08-15T21:12:15.300457+00:00
cap_20260815T212702182908,cycle_20260815,08/16/2026,05:00 (ET),CHI@SEA,Chicago Sky,NOT_YET_SUBMITTED,2026-08-15T21:27:15.181502+00:00
cap_20260815T212702182908,cycle_20260815,08/16/2026,05:00 (ET),CHI@SEA,Seattle Storm,NOT_YET_SUBMITTED,2026-08-15T21:27:15.181502+00:00
cap_20260815T212702182908,cycle_20260815,08/16/2026,07:00 (ET),PDX@PHX,Portland Fire,NOT_YET_SUBMITTED,2026-08-15T21:27:15.181502+00:00
cap_20260815T212702182908,cycle_20260815,08/16/2026,07:00 (ET),PDX@PHX,Phoenix Mercury,NOT_YET_SUBMITTED,2026-08-15T21:27:15.181502+00:00
cap_20260815T215702091729,cycle_20260815,08/16/2026,05:00 (ET),CHI@SEA,Chicago Sky,NOT_YET_SUBMITTED,2026-08-15T21:57:15.234093+00:00
cap_20260815T215702091729,cycle_20260815,08/16/2026,05:00 (ET),CHI@SEA,Seattle Storm,NOT_YET_SUBMITTED,2026-08-15T21:57:15.234093+00:00
cap_20260815T215702091729,cycle_20260815,08/16/2026,07:00 (ET),PDX@PHX,Portland Fire,NOT_YET_SUBMITTED,2026-08-15T21:57:15.234093+00:00
cap_20260815T215702091729,cycle_20260815,08/16/2026,07:00 (ET),PDX@PHX,Phoenix Mercury,NOT_YET_SUBMITTED,2026-08-15T21:57:15.234093+00:00
cap_20260815T215716904699,cycle_20260815,08/16/2026,05:00 (ET),CHI@SEA,Chicago Sky,NOT_YET_SUBMITTED,2026-08-15T21:57:26.939139+00:00
cap_20260815T215716904699,cycle_20260815,08/16/2026,05:00 (ET),CHI@SEA,Seattle Storm,NOT_YET_SUBMITTED,2026-08-15T21:57:26.939139+00:00
cap_20260815T215716904699,cycle_20260815,08/16/2026,07:00 (ET),PDX@PHX,Portland Fire,NOT_YET_SUBMITTED,2026-08-15T21:57:26.939139+00:00
cap_20260815T215716904699,cycle_20260815,08/16/2026,07:00 (ET),PDX@PHX,Phoenix Mercury,NOT_YET_SUBMITTED,2026-08-15T21:57:26.939139+00:00
cap_20260815T221202302384,cycle_20260815,08/16/2026,05:00 (ET),CHI@SEA,Chicago Sky,NOT_YET_SUBMITTED,2026-08-15T22:12:14.868556+00:00
cap_20260815T221202302384,cycle_20260815,08/16/2026,05:00 (ET),CHI@SEA,Seattle Storm,NOT_YET_SUBMITTED,2026-08-15T22:12:14.868556+00:00
cap_20260815T221202302384,cycle_20260815,08/16/2026,07:00 (ET),PDX@PHX,Portland Fire,NOT_YET_SUBMITTED,2026-08-15T22:12:14.868556+00:00
cap_20260815T221202302384,cycle_20260815,08/16/2026,07:00 (ET),PDX@PHX,Phoenix Mercury,NOT_YET_SUBMITTED,2026-08-15T22:12:14.868556+00:00
cap_20260815T222702127529,cycle_20260815,08/16/2026,05:00 (ET),CHI@SEA,Chicago Sky,NOT_YET_SUBMITTED,2026-08-15T22:27:15.145129+00:00
cap_20260815T222702127529,cycle_20260815,08/16/2026,05:00 (ET),CHI@SEA,Seattle Storm,NOT_YET_SUBMITTED,2026-08-15T22:27:15.145129+00:00
cap_20260815T222702127529,cycle_20260815,08/16/2026,07:00 (ET),PDX@PHX,Portland Fire,NOT_YET_SUBMITTED,2026-08-15T22:27:15.145129+00:00
cap_20260815T222702127529,cycle_20260815,08/16/2026,07:00 (ET),PDX@PHX,Phoenix Mercury,NOT_YET_SUBMITTED,2026-08-15T22:27:15.145129+00:00
cap_20260815T224202271683,cycle_20260815,08/16/2026,05:00 (ET),CHI@SEA,Chicago Sky,NOT_YET_SUBMITTED,2026-08-15T22:42:15.046221+00:00
cap_20260815T224202271683,cycle_20260815,08/16/2026,05:00 (ET),CHI@SEA,Seattle Storm,NOT_YET_SUBMITTED,2026-08-15T22:42:15.046221+00:00
cap_20260815T224202271683,cycle_20260815,08/16/2026,07:00 (ET),PDX@PHX,Portland Fire,NOT_YET_SUBMITTED,2026-08-15T22:42:15.046221+00:00
cap_20260815T224202271683,cycle_20260815,08/16/2026,07:00 (ET),PDX@PHX,Phoenix Mercury,NOT_YET_SUBMITTED,2026-08-15T22:42:15.046221+00:00
cap_20260815T225702137323,cycle_20260815,08/16/2026,05:00 (ET),CHI@SEA,Chicago Sky,NOT_YET_SUBMITTED,2026-08-15T22:57:14.900324+00:00
cap_20260815T225702137323,cycle_20260815,08/16/2026,05:00 (ET),CHI@SEA,Seattle Storm,NOT_YET_SUBMITTED,2026-08-15T22:57:14.900324+00:00
cap_20260815T225702137323,cycle_20260815,08/16/2026,07:00 (ET),PDX@PHX,Portland Fire,NOT_YET_SUBMITTED,2026-08-15T22:57:14.900324+00:00
cap_20260815T231202270522,cycle_20260815,08/16/2026,05:00 (ET),CHI@SEA,Chicago Sky,NOT_YET_SUBMITTED,2026-08-15T23:12:14.823188+00:00
cap_20260815T231202270522,cycle_20260815,08/16/2026,05:00 (ET),CHI@SEA,Seattle Storm,NOT_YET_SUBMITTED,2026-08-15T23:12:14.823188+00:00
cap_20260815T231202270522,cycle_20260815,08/16/2026,07:00 (ET),PDX@PHX,Portland Fire,NOT_YET_SUBMITTED,2026-08-15T23:12:14.823188+00:00
cap_20260815T232702153035,cycle_20260815,08/16/2026,05:00 (ET),CHI@SEA,Chicago Sky,NOT_YET_SUBMITTED,2026-08-15T23:27:14.674967+00:00
cap_20260815T232702153035,cycle_20260815,08/16/2026,05:00 (ET),CHI@SEA,Seattle Storm,NOT_YET_SUBMITTED,2026-08-15T23:27:14.674967+00:00
cap_20260815T232702153035,cycle_20260815,08/16/2026,07:00 (ET),PDX@PHX,Portland Fire,NOT_YET_SUBMITTED,2026-08-15T23:27:14.674967+00:00
cap_20260815T234202301439,cycle_20260815,08/16/2026,05:00 (ET),CHI@SEA,Seattle Storm,NOT_YET_SUBMITTED,2026-08-15T23:42:16.128180+00:00
cap_20260815T234202301439,cycle_20260815,08/16/2026,07:00 (ET),PDX@PHX,Portland Fire,NOT_YET_SUBMITTED,2026-08-15T23:42:16.128180+00:00
cap_20260815T235702135107,cycle_20260815,08/16/2026,05:00 (ET),CHI@SEA,Seattle Storm,NOT_YET_SUBMITTED,2026-08-15T23:57:14.767389+00:00
cap_20260816T041202166450,cycle_20260816,08/17/2026,10:00 (ET),DAL@GSV,Dallas Wings,NOT_YET_SUBMITTED,2026-08-16T04:12:14.259076+00:00
cap_20260816T041202166450,cycle_20260816,08/17/2026,10:00 (ET),DAL@GSV,Golden State Valkyries,NOT_YET_SUBMITTED,2026-08-16T04:12:14.259076+00:00
cap_20260816T042702470650,cycle_20260816,08/17/2026,10:00 (ET),DAL@GSV,Dallas Wings,NOT_YET_SUBMITTED,2026-08-16T04:27:17.244330+00:00
cap_20260816T042702470650,cycle_20260816,08/17/2026,10:00 (ET),DAL@GSV,Golden State Valkyries,NOT_YET_SUBMITTED,2026-08-16T04:27:17.244330+00:00
cap_20260816T044202178286,cycle_20260816,08/17/2026,10:00 (ET),DAL@GSV,Dallas Wings,NOT_YET_SUBMITTED,2026-08-16T04:42:14.885014+00:00
cap_20260816T044202178286,cycle_20260816,08/17/2026,10:00 (ET),DAL@GSV,Golden State Valkyries,NOT_YET_SUBMITTED,2026-08-16T04:42:14.885014+00:00
cap_20260816T045702066409,cycle_20260816,08/17/2026,10:00 (ET),DAL@GSV,Dallas Wings,NOT_YET_SUBMITTED,2026-08-16T04:57:14.502500+00:00
cap_20260816T045702066409,cycle_20260816,08/17/2026,10:00 (ET),DAL@GSV,Golden State Valkyries,NOT_YET_SUBMITTED,2026-08-16T04:57:14.502500+00:00
cap_20260816T181202762111,cycle_20260816,08/17/2026,10:00 (ET),DAL@GSV,Dallas Wings,NOT_YET_SUBMITTED,2026-08-16T18:12:18.990139+00:00
cap_20260816T181202762111,cycle_20260816,08/17/2026,10:00 (ET),DAL@GSV,Golden State Valkyries,NOT_YET_SUBMITTED,2026-08-16T18:12:18.990139+00:00
cap_20260816T181221612871,cycle_20260816,08/17/2026,10:00 (ET),DAL@GSV,Dallas Wings,NOT_YET_SUBMITTED,2026-08-16T18:12:31.641392+00:00
cap_20260816T181221612871,cycle_20260816,08/17/2026,10:00 (ET),DAL@GSV,Golden State Valkyries,NOT_YET_SUBMITTED,2026-08-16T18:12:31.641392+00:00
cap_20260816T181232111346,cycle_20260816,08/17/2026,10:00 (ET),DAL@GSV,Dallas Wings,NOT_YET_SUBMITTED,2026-08-16T18:12:42.146805+00:00
cap_20260816T181232111346,cycle_20260816,08/17/2026,10:00 (ET),DAL@GSV,Golden State Valkyries,NOT_YET_SUBMITTED,2026-08-16T18:12:42.146805+00:00
cap_20260816T181242581485,cycle_20260816,08/17/2026,10:00 (ET),DAL@GSV,Dallas Wings,NOT_YET_SUBMITTED,2026-08-16T18:12:52.609945+00:00
cap_20260816T181242581485,cycle_20260816,08/17/2026,10:00 (ET),DAL@GSV,Golden State Valkyries,NOT_YET_SUBMITTED,2026-08-16T18:12:52.609945+00:00
cap_20260816T181253061709,cycle_20260816,08/17/2026,10:00 (ET),DAL@GSV,Dallas Wings,NOT_YET_SUBMITTED,2026-08-16T18:13:03.101589+00:00
cap_20260816T181253061709,cycle_20260816,08/17/2026,10:00 (ET),DAL@GSV,Golden State Valkyries,NOT_YET_SUBMITTED,2026-08-16T18:13:03.101589+00:00
cap_20260816T181303578945,cycle_20260816,08/17/2026,10:00 (ET),DAL@GSV,Dallas Wings,NOT_YET_SUBMITTED,2026-08-16T18:13:13.608952+00:00
cap_20260816T181303578945,cycle_20260816,08/17/2026,10:00 (ET),DAL@GSV,Golden State Valkyries,NOT_YET_SUBMITTED,2026-08-16T18:13:13.608952+00:00
cap_20260816T181314064208,cycle_20260816,08/17/2026,10:00 (ET),DAL@GSV,Dallas Wings,NOT_YET_SUBMITTED,2026-08-16T18:13:24.108312+00:00
cap_20260816T181314064208,cycle_20260816,08/17/2026,10:00 (ET),DAL@GSV,Golden State Valkyries,NOT_YET_SUBMITTED,2026-08-16T18:13:24.108312+00:00
cap_20260816T181324671487,cycle_20260816,08/17/2026,10:00 (ET),DAL@GSV,Dallas Wings,NOT_YET_SUBMITTED,2026-08-16T18:13:34.705075+00:00
cap_20260816T181324671487,cycle_20260816,08/17/2026,10:00 (ET),DAL@GSV,Golden State Valkyries,NOT_YET_SUBMITTED,2026-08-16T18:13:34.705075+00:00
cap_20260816T181335208927,cycle_20260816,08/17/2026,10:00 (ET),DAL@GSV,Dallas Wings,NOT_YET_SUBMITTED,2026-08-16T18:13:45.252206+00:00
cap_20260816T181335208927,cycle_20260816,08/17/2026,10:00 (ET),DAL@GSV,Golden State Valkyries,NOT_YET_SUBMITTED,2026-08-16T18:13:45.252206+00:00
cap_20260816T181345756723,cycle_20260816,08/17/2026,10:00 (ET),DAL@GSV,Dallas Wings,NOT_YET_SUBMITTED,2026-08-16T18:13:55.789008+00:00
cap_20260816T181345756723,cycle_20260816,08/17/2026,10:00 (ET),DAL@GSV,Golden State Valkyries,NOT_YET_SUBMITTED,2026-08-16T18:13:55.789008+00:00
cap_20260816T181356238540,cycle_20260816,08/17/2026,10:00 (ET),DAL@GSV,Dallas Wings,NOT_YET_SUBMITTED,2026-08-16T18:14:06.274977+00:00
cap_20260816T181356238540,cycle_20260816,08/17/2026,10:00 (ET),DAL@GSV,Golden State Valkyries,NOT_YET_SUBMITTED,2026-08-16T18:14:06.274977+00:00
cap_20260816T181406715642,cycle_20260816,08/17/2026,10:00 (ET),DAL@GSV,Dallas Wings,NOT_YET_SUBMITTED,2026-08-16T18:14:16.760464+00:00
cap_20260816T181406715642,cycle_20260816,08/17/2026,10:00 (ET),DAL@GSV,Golden State Valkyries,NOT_YET_SUBMITTED,2026-08-16T18:14:16.760464+00:00
cap_20260816T181417195738,cycle_20260816,08/17/2026,10:00 (ET),DAL@GSV,Dallas Wings,NOT_YET_SUBMITTED,2026-08-16T18:14:27.237364+00:00
cap_20260816T181417195738,cycle_20260816,08/17/2026,10:00 (ET),DAL@GSV,Golden State Valkyries,NOT_YET_SUBMITTED,2026-08-16T18:14:27.237364+00:00
cap_20260816T181427675973,cycle_20260816,08/17/2026,10:00 (ET),DAL@GSV,Dallas Wings,NOT_YET_SUBMITTED,2026-08-16T18:14:37.716795+00:00
cap_20260816T181427675973,cycle_20260816,08/17/2026,10:00 (ET),DAL@GSV,Golden State Valkyries,NOT_YET_SUBMITTED,2026-08-16T18:14:37.716795+00:00
cap_20260816T181438212760,cycle_20260816,08/17/2026,10:00 (ET),DAL@GSV,Dallas Wings,NOT_YET_SUBMITTED,2026-08-16T18:14:48.252892+00:00
cap_20260816T181438212760,cycle_20260816,08/17/2026,10:00 (ET),DAL@GSV,Golden State Valkyries,NOT_YET_SUBMITTED,2026-08-16T18:14:48.252892+00:00
cap_20260816T181448730436,cycle_20260816,08/17/2026,10:00 (ET),DAL@GSV,Dallas Wings,NOT_YET_SUBMITTED,2026-08-16T18:14:58.772948+00:00
cap_20260816T181448730436,cycle_20260816,08/17/2026,10:00 (ET),DAL@GSV,Golden State Valkyries,NOT_YET_SUBMITTED,2026-08-16T18:14:58.772948+00:00
cap_20260816T181459207814,cycle_20260816,08/17/2026,10:00 (ET),DAL@GSV,Dallas Wings,NOT_YET_SUBMITTED,2026-08-16T18:15:09.251106+00:00
cap_20260816T181459207814,cycle_20260816,08/17/2026,10:00 (ET),DAL@GSV,Golden State Valkyries,NOT_YET_SUBMITTED,2026-08-16T18:15:09.251106+00:00
cap_20260816T181509904142,cycle_20260816,08/17/2026,10:00 (ET),DAL@GSV,Dallas Wings,NOT_YET_SUBMITTED,2026-08-16T18:15:19.938734+00:00
cap_20260816T181509904142,cycle_20260816,08/17/2026,10:00 (ET),DAL@GSV,Golden State Valkyries,NOT_YET_SUBMITTED,2026-08-16T18:15:19.938734+00:00
cap_20260816T181520388580,cycle_20260816,08/17/2026,10:00 (ET),DAL@GSV,Dallas Wings,NOT_YET_SUBMITTED,2026-08-16T18:15:30.428363+00:00
cap_20260816T181520388580,cycle_20260816,08/17/2026,10:00 (ET),DAL@GSV,Golden State Valkyries,NOT_YET_SUBMITTED,2026-08-16T18:15:30.428363+00:00
cap_20260816T181531055617,cycle_20260816,08/17/2026,10:00 (ET),DAL@GSV,Dallas Wings,NOT_YET_SUBMITTED,2026-08-16T18:15:41.083550+00:00
cap_20260816T181531055617,cycle_20260816,08/17/2026,10:00 (ET),DAL@GSV,Golden State Valkyries,NOT_YET_SUBMITTED,2026-08-16T18:15:41.083550+00:00
cap_20260816T181541613324,cycle_20260816,08/17/2026,10:00 (ET),DAL@GSV,Dallas Wings,NOT_YET_SUBMITTED,2026-08-16T18:15:51.653175+00:00
cap_20260816T181541613324,cycle_20260816,08/17/2026,10:00 (ET),DAL@GSV,Golden State Valkyries,NOT_YET_SUBMITTED,2026-08-16T18:15:51.653175+00:00
cap_20260816T181552113856,cycle_20260816,08/17/2026,10:00 (ET),DAL@GSV,Dallas Wings,NOT_YET_SUBMITTED,2026-08-16T18:16:02.144623+00:00
cap_20260816T181552113856,cycle_20260816,08/17/2026,10:00 (ET),DAL@GSV,Golden State Valkyries,NOT_YET_SUBMITTED,2026-08-16T18:16:02.144623+00:00
cap_20260816T181602603907,cycle_20260816,08/17/2026,10:00 (ET),DAL@GSV,Dallas Wings,NOT_YET_SUBMITTED,2026-08-16T18:16:12.643425+00:00
cap_20260816T181602603907,cycle_20260816,08/17/2026,10:00 (ET),DAL@GSV,Golden State Valkyries,NOT_YET_SUBMITTED,2026-08-16T18:16:12.643425+00:00
cap_20260816T181613222555,cycle_20260816,08/17/2026,10:00 (ET),DAL@GSV,Dallas Wings,NOT_YET_SUBMITTED,2026-08-16T18:16:23.253375+00:00
cap_20260816T181613222555,cycle_20260816,08/17/2026,10:00 (ET),DAL@GSV,Golden State Valkyries,NOT_YET_SUBMITTED,2026-08-16T18:16:23.253375+00:00
cap_20260816T181623704068,cycle_20260816,08/17/2026,10:00 (ET),DAL@GSV,Dallas Wings,NOT_YET_SUBMITTED,2026-08-16T18:16:33.753347+00:00
cap_20260816T181623704068,cycle_20260816,08/17/2026,10:00 (ET),DAL@GSV,Golden State Valkyries,NOT_YET_SUBMITTED,2026-08-16T18:16:33.753347+00:00
cap_20260816T181634188535,cycle_20260816,08/17/2026,10:00 (ET),DAL@GSV,Dallas Wings,NOT_YET_SUBMITTED,2026-08-16T18:16:44.218290+00:00
cap_20260816T181634188535,cycle_20260816,08/17/2026,10:00 (ET),DAL@GSV,Golden State Valkyries,NOT_YET_SUBMITTED,2026-08-16T18:16:44.218290+00:00
cap_20260816T181644656641,cycle_20260816,08/17/2026,10:00 (ET),DAL@GSV,Dallas Wings,NOT_YET_SUBMITTED,2026-08-16T18:16:54.697246+00:00
cap_20260816T181644656641,cycle_20260816,08/17/2026,10:00 (ET),DAL@GSV,Golden State Valkyries,NOT_YET_SUBMITTED,2026-08-16T18:16:54.697246+00:00
cap_20260816T181655143536,cycle_20260816,08/17/2026,10:00 (ET),DAL@GSV,Dallas Wings,NOT_YET_SUBMITTED,2026-08-16T18:17:05.176189+00:00
cap_20260816T181655143536,cycle_20260816,08/17/2026,10:00 (ET),DAL@GSV,Golden State Valkyries,NOT_YET_SUBMITTED,2026-08-16T18:17:05.176189+00:00
cap_20260816T181705643375,cycle_20260816,08/17/2026,10:00 (ET),DAL@GSV,Dallas Wings,NOT_YET_SUBMITTED,2026-08-16T18:17:15.696315+00:00
cap_20260816T181705643375,cycle_20260816,08/17/2026,10:00 (ET),DAL@GSV,Golden State Valkyries,NOT_YET_SUBMITTED,2026-08-16T18:17:15.696315+00:00
cap_20260816T181716130856,cycle_20260816,08/17/2026,10:00 (ET),DAL@GSV,Dallas Wings,NOT_YET_SUBMITTED,2026-08-16T18:17:26.162088+00:00
cap_20260816T181716130856,cycle_20260816,08/17/2026,10:00 (ET),DAL@GSV,Golden State Valkyries,NOT_YET_SUBMITTED,2026-08-16T18:17:26.162088+00:00
cap_20260816T181726609151,cycle_20260816,08/17/2026,10:00 (ET),DAL@GSV,Dallas Wings,NOT_YET_SUBMITTED,2026-08-16T18:17:36.650038+00:00
cap_20260816T181726609151,cycle_20260816,08/17/2026,10:00 (ET),DAL@GSV,Golden State Valkyries,NOT_YET_SUBMITTED,2026-08-16T18:17:36.650038+00:00
cap_20260816T181737098594,cycle_20260816,08/17/2026,10:00 (ET),DAL@GSV,Dallas Wings,NOT_YET_SUBMITTED,2026-08-16T18:17:47.130125+00:00
cap_20260816T181737098594,cycle_20260816,08/17/2026,10:00 (ET),DAL@GSV,Golden State Valkyries,NOT_YET_SUBMITTED,2026-08-16T18:17:47.130125+00:00
cap_20260816T181747579785,cycle_20260816,08/17/2026,10:00 (ET),DAL@GSV,Dallas Wings,NOT_YET_SUBMITTED,2026-08-16T18:17:57.620550+00:00
cap_20260816T181747579785,cycle_20260816,08/17/2026,10:00 (ET),DAL@GSV,Golden State Valkyries,NOT_YET_SUBMITTED,2026-08-16T18:17:57.620550+00:00
cap_20260816T181758067542,cycle_20260816,08/17/2026,10:00 (ET),DAL@GSV,Dallas Wings,NOT_YET_SUBMITTED,2026-08-16T18:18:08.103865+00:00
cap_20260816T181758067542,cycle_20260816,08/17/2026,10:00 (ET),DAL@GSV,Golden State Valkyries,NOT_YET_SUBMITTED,2026-08-16T18:18:08.103865+00:00
cap_20260816T181808585997,cycle_20260816,08/17/2026,10:00 (ET),DAL@GSV,Dallas Wings,NOT_YET_SUBMITTED,2026-08-16T18:18:18.624391+00:00
cap_20260816T181808585997,cycle_20260816,08/17/2026,10:00 (ET),DAL@GSV,Golden State Valkyries,NOT_YET_SUBMITTED,2026-08-16T18:18:18.624391+00:00
cap_20260816T181819062109,cycle_20260816,08/17/2026,10:00 (ET),DAL@GSV,Dallas Wings,NOT_YET_SUBMITTED,2026-08-16T18:18:29.094512+00:00
cap_20260816T181819062109,cycle_20260816,08/17/2026,10:00 (ET),DAL@GSV,Golden State Valkyries,NOT_YET_SUBMITTED,2026-08-16T18:18:29.094512+00:00
cap_20260816T181829575147,cycle_20260816,08/17/2026,10:00 (ET),DAL@GSV,Dallas Wings,NOT_YET_SUBMITTED,2026-08-16T18:18:39.624523+00:00
cap_20260816T181829575147,cycle_20260816,08/17/2026,10:00 (ET),DAL@GSV,Golden State Valkyries,NOT_YET_SUBMITTED,2026-08-16T18:18:39.624523+00:00
cap_20260816T181840077752,cycle_20260816,08/17/2026,10:00 (ET),DAL@GSV,Dallas Wings,NOT_YET_SUBMITTED,2026-08-16T18:18:50.110503+00:00
cap_20260816T181840077752,cycle_20260816,08/17/2026,10:00 (ET),DAL@GSV,Golden State Valkyries,NOT_YET_SUBMITTED,2026-08-16T18:18:50.110503+00:00
cap_20260816T181850573803,cycle_20260816,08/17/2026,10:00 (ET),DAL@GSV,Dallas Wings,NOT_YET_SUBMITTED,2026-08-16T18:19:00.613343+00:00
cap_20260816T181850573803,cycle_20260816,08/17/2026,10:00 (ET),DAL@GSV,Golden State Valkyries,NOT_YET_SUBMITTED,2026-08-16T18:19:00.613343+00:00
cap_20260816T181901070607,cycle_20260816,08/17/2026,10:00 (ET),DAL@GSV,Dallas Wings,NOT_YET_SUBMITTED,2026-08-16T18:19:11.100846+00:00
cap_20260816T181901070607,cycle_20260816,08/17/2026,10:00 (ET),DAL@GSV,Golden State Valkyries,NOT_YET_SUBMITTED,2026-08-16T18:19:11.100846+00:00
cap_20260816T181911611700,cycle_20260816,08/17/2026,10:00 (ET),DAL@GSV,Dallas Wings,NOT_YET_SUBMITTED,2026-08-16T18:19:21.652925+00:00
cap_20260816T181911611700,cycle_20260816,08/17/2026,10:00 (ET),DAL@GSV,Golden State Valkyries,NOT_YET_SUBMITTED,2026-08-16T18:19:21.652925+00:00
cap_20260816T181922093837,cycle_20260816,08/17/2026,10:00 (ET),DAL@GSV,Dallas Wings,NOT_YET_SUBMITTED,2026-08-16T18:19:32.126547+00:00
cap_20260816T181922093837,cycle_20260816,08/17/2026,10:00 (ET),DAL@GSV,Golden State Valkyries,NOT_YET_SUBMITTED,2026-08-16T18:19:32.126547+00:00
cap_20260816T181932569651,cycle_20260816,08/17/2026,10:00 (ET),DAL@GSV,Dallas Wings,NOT_YET_SUBMITTED,2026-08-16T18:19:42.609995+00:00
cap_20260816T181932569651,cycle_20260816,08/17/2026,10:00 (ET),DAL@GSV,Golden State Valkyries,NOT_YET_SUBMITTED,2026-08-16T18:19:42.609995+00:00
cap_20260816T181943064854,cycle_20260816,08/17/2026,10:00 (ET),DAL@GSV,Dallas Wings,NOT_YET_SUBMITTED,2026-08-16T18:19:53.097526+00:00
cap_20260816T181943064854,cycle_20260816,08/17/2026,10:00 (ET),DAL@GSV,Golden State Valkyries,NOT_YET_SUBMITTED,2026-08-16T18:19:53.097526+00:00
cap_20260816T181953537619,cycle_20260816,08/17/2026,10:00 (ET),DAL@GSV,Dallas Wings,NOT_YET_SUBMITTED,2026-08-16T18:20:03.576952+00:00
cap_20260816T181953537619,cycle_20260816,08/17/2026,10:00 (ET),DAL@GSV,Golden State Valkyries,NOT_YET_SUBMITTED,2026-08-16T18:20:03.576952+00:00
cap_20260816T182004081747,cycle_20260816,08/17/2026,10:00 (ET),DAL@GSV,Dallas Wings,NOT_YET_SUBMITTED,2026-08-16T18:20:14.114637+00:00
cap_20260816T182004081747,cycle_20260816,08/17/2026,10:00 (ET),DAL@GSV,Golden State Valkyries,NOT_YET_SUBMITTED,2026-08-16T18:20:14.114637+00:00
cap_20260816T182014569003,cycle_20260816,08/17/2026,10:00 (ET),DAL@GSV,Dallas Wings,NOT_YET_SUBMITTED,2026-08-16T18:20:24.609332+00:00
cap_20260816T182014569003,cycle_20260816,08/17/2026,10:00 (ET),DAL@GSV,Golden State Valkyries,NOT_YET_SUBMITTED,2026-08-16T18:20:24.609332+00:00
cap_20260816T182025044442,cycle_20260816,08/17/2026,10:00 (ET),DAL@GSV,Dallas Wings,NOT_YET_SUBMITTED,2026-08-16T18:20:35.076635+00:00
cap_20260816T182025044442,cycle_20260816,08/17/2026,10:00 (ET),DAL@GSV,Golden State Valkyries,NOT_YET_SUBMITTED,2026-08-16T18:20:35.076635+00:00
cap_20260816T182035529116,cycle_20260816,08/17/2026,10:00 (ET),DAL@GSV,Dallas Wings,NOT_YET_SUBMITTED,2026-08-16T18:20:45.569908+00:00
cap_20260816T182035529116,cycle_20260816,08/17/2026,10:00 (ET),DAL@GSV,Golden State Valkyries,NOT_YET_SUBMITTED,2026-08-16T18:20:45.569908+00:00
cap_20260816T182046013569,cycle_20260816,08/17/2026,10:00 (ET),DAL@GSV,Dallas Wings,NOT_YET_SUBMITTED,2026-08-16T18:20:56.043143+00:00
cap_20260816T182046013569,cycle_20260816,08/17/2026,10:00 (ET),DAL@GSV,Golden State Valkyries,NOT_YET_SUBMITTED,2026-08-16T18:20:56.043143+00:00
cap_20260816T182056490490,cycle_20260816,08/17/2026,10:00 (ET),DAL@GSV,Dallas Wings,NOT_YET_SUBMITTED,2026-08-16T18:21:06.528598+00:00
cap_20260816T182056490490,cycle_20260816,08/17/2026,10:00 (ET),DAL@GSV,Golden State Valkyries,NOT_YET_SUBMITTED,2026-08-16T18:21:06.528598+00:00
cap_20260816T182107132173,cycle_20260816,08/17/2026,10:00 (ET),DAL@GSV,Dallas Wings,NOT_YET_SUBMITTED,2026-08-16T18:21:17.165065+00:00
cap_20260816T182107132173,cycle_20260816,08/17/2026,10:00 (ET),DAL@GSV,Golden State Valkyries,NOT_YET_SUBMITTED,2026-08-16T18:21:17.165065+00:00
cap_20260816T182117615288,cycle_20260816,08/17/2026,10:00 (ET),DAL@GSV,Dallas Wings,NOT_YET_SUBMITTED,2026-08-16T18:21:27.654854+00:00
cap_20260816T182117615288,cycle_20260816,08/17/2026,10:00 (ET),DAL@GSV,Golden State Valkyries,NOT_YET_SUBMITTED,2026-08-16T18:21:27.654854+00:00
cap_20260816T182702499258,cycle_20260816,08/17/2026,10:00 (ET),DAL@GSV,Dallas Wings,NOT_YET_SUBMITTED,2026-08-16T18:27:15.445450+00:00
cap_20260816T182702499258,cycle_20260816,08/17/2026,10:00 (ET),DAL@GSV,Golden State Valkyries,NOT_YET_SUBMITTED,2026-08-16T18:27:15.445450+00:00
cap_20260816T184202676931,cycle_20260816,08/17/2026,10:00 (ET),DAL@GSV,Dallas Wings,NOT_YET_SUBMITTED,2026-08-16T18:42:15.496672+00:00
cap_20260816T184202676931,cycle_20260816,08/17/2026,10:00 (ET),DAL@GSV,Golden State Valkyries,NOT_YET_SUBMITTED,2026-08-16T18:42:15.496672+00:00
cap_20260816T185702455800,cycle_20260816,08/17/2026,10:00 (ET),DAL@GSV,Dallas Wings,NOT_YET_SUBMITTED,2026-08-16T18:57:15.454459+00:00
cap_20260816T185702455800,cycle_20260816,08/17/2026,10:00 (ET),DAL@GSV,Golden State Valkyries,NOT_YET_SUBMITTED,2026-08-16T18:57:15.454459+00:00
cap_20260816T191202629262,cycle_20260816,08/17/2026,10:00 (ET),DAL@GSV,Dallas Wings,NOT_YET_SUBMITTED,2026-08-16T19:12:15.707689+00:00
cap_20260816T191202629262,cycle_20260816,08/17/2026,10:00 (ET),DAL@GSV,Golden State Valkyries,NOT_YET_SUBMITTED,2026-08-16T19:12:15.707689+00:00
cap_20260816T192702405045,cycle_20260816,08/17/2026,10:00 (ET),DAL@GSV,Dallas Wings,NOT_YET_SUBMITTED,2026-08-16T19:27:15.847537+00:00
cap_20260816T192702405045,cycle_20260816,08/17/2026,10:00 (ET),DAL@GSV,Golden State Valkyries,NOT_YET_SUBMITTED,2026-08-16T19:27:15.847537+00:00
cap_20260816T194202580502,cycle_20260816,08/17/2026,10:00 (ET),DAL@GSV,Dallas Wings,NOT_YET_SUBMITTED,2026-08-16T19:42:16.204025+00:00
cap_20260816T194202580502,cycle_20260816,08/17/2026,10:00 (ET),DAL@GSV,Golden State Valkyries,NOT_YET_SUBMITTED,2026-08-16T19:42:16.204025+00:00
cap_20260816T195702480596,cycle_20260816,08/17/2026,10:00 (ET),DAL@GSV,Dallas Wings,NOT_YET_SUBMITTED,2026-08-16T19:57:16.724460+00:00
cap_20260816T195702480596,cycle_20260816,08/17/2026,10:00 (ET),DAL@GSV,Golden State Valkyries,NOT_YET_SUBMITTED,2026-08-16T19:57:16.724460+00:00
cap_20260816T201203018043,cycle_20260816,08/17/2026,10:00 (ET),DAL@GSV,Dallas Wings,NOT_YET_SUBMITTED,2026-08-16T20:12:20.394323+00:00
cap_20260816T201203018043,cycle_20260816,08/17/2026,10:00 (ET),DAL@GSV,Golden State Valkyries,NOT_YET_SUBMITTED,2026-08-16T20:12:20.394323+00:00
cap_20260816T202702553256,cycle_20260816,08/17/2026,10:00 (ET),DAL@GSV,Dallas Wings,NOT_YET_SUBMITTED,2026-08-16T20:27:16.216553+00:00
cap_20260816T202702553256,cycle_20260816,08/17/2026,10:00 (ET),DAL@GSV,Golden State Valkyries,NOT_YET_SUBMITTED,2026-08-16T20:27:16.216553+00:00
cap_20260816T204202845278,cycle_20260816,08/17/2026,10:00 (ET),DAL@GSV,Dallas Wings,NOT_YET_SUBMITTED,2026-08-16T20:42:17.663489+00:00
cap_20260816T204202845278,cycle_20260816,08/17/2026,10:00 (ET),DAL@GSV,Golden State Valkyries,NOT_YET_SUBMITTED,2026-08-16T20:42:17.663489+00:00
cap_20260816T205702521342,cycle_20260816,08/17/2026,10:00 (ET),DAL@GSV,Dallas Wings,NOT_YET_SUBMITTED,2026-08-16T20:57:15.953834+00:00
cap_20260816T205702521342,cycle_20260816,08/17/2026,10:00 (ET),DAL@GSV,Golden State Valkyries,NOT_YET_SUBMITTED,2026-08-16T20:57:15.953834+00:00
cap_20260816T211203208943,cycle_20260816,08/17/2026,10:00 (ET),DAL@GSV,Dallas Wings,NOT_YET_SUBMITTED,2026-08-16T21:12:16.539718+00:00
cap_20260816T211203208943,cycle_20260816,08/17/2026,10:00 (ET),DAL@GSV,Golden State Valkyries,NOT_YET_SUBMITTED,2026-08-16T21:12:16.539718+00:00
cap_20260816T212702843268,cycle_20260816,08/17/2026,10:00 (ET),DAL@GSV,Dallas Wings,NOT_YET_SUBMITTED,2026-08-16T21:27:17.956494+00:00
cap_20260816T212702843268,cycle_20260816,08/17/2026,10:00 (ET),DAL@GSV,Golden State Valkyries,NOT_YET_SUBMITTED,2026-08-16T21:27:17.956494+00:00
cap_20260816T214203019374,cycle_20260816,08/17/2026,10:00 (ET),DAL@GSV,Dallas Wings,NOT_YET_SUBMITTED,2026-08-16T21:42:18.175125+00:00
cap_20260816T214203019374,cycle_20260816,08/17/2026,10:00 (ET),DAL@GSV,Golden State Valkyries,NOT_YET_SUBMITTED,2026-08-16T21:42:18.175125+00:00
cap_20260816T215701982876,cycle_20260816,08/17/2026,10:00 (ET),DAL@GSV,Dallas Wings,NOT_YET_SUBMITTED,2026-08-16T21:57:15.092644+00:00
cap_20260816T215701982876,cycle_20260816,08/17/2026,10:00 (ET),DAL@GSV,Golden State Valkyries,NOT_YET_SUBMITTED,2026-08-16T21:57:15.092644+00:00
cap_20260816T221201974277,cycle_20260816,08/17/2026,10:00 (ET),DAL@GSV,Dallas Wings,NOT_YET_SUBMITTED,2026-08-16T22:12:14.472098+00:00
cap_20260816T221201974277,cycle_20260816,08/17/2026,10:00 (ET),DAL@GSV,Golden State Valkyries,NOT_YET_SUBMITTED,2026-08-16T22:12:14.472098+00:00
cap_20260816T222701974131,cycle_20260816,08/17/2026,10:00 (ET),DAL@GSV,Dallas Wings,NOT_YET_SUBMITTED,2026-08-16T22:27:14.163227+00:00
cap_20260816T222701974131,cycle_20260816,08/17/2026,10:00 (ET),DAL@GSV,Golden State Valkyries,NOT_YET_SUBMITTED,2026-08-16T22:27:14.163227+00:00
cap_20260816T224202087390,cycle_20260816,08/17/2026,10:00 (ET),DAL@GSV,Dallas Wings,NOT_YET_SUBMITTED,2026-08-16T22:42:14.378286+00:00
cap_20260816T224202087390,cycle_20260816,08/17/2026,10:00 (ET),DAL@GSV,Golden State Valkyries,NOT_YET_SUBMITTED,2026-08-16T22:42:14.378286+00:00
cap_20260816T225702081867,cycle_20260816,08/17/2026,10:00 (ET),DAL@GSV,Dallas Wings,NOT_YET_SUBMITTED,2026-08-16T22:57:14.123717+00:00
cap_20260816T225702081867,cycle_20260816,08/17/2026,10:00 (ET),DAL@GSV,Golden State Valkyries,NOT_YET_SUBMITTED,2026-08-16T22:57:14.123717+00:00
cap_20260816T231202070068,cycle_20260816,08/17/2026,10:00 (ET),DAL@GSV,Dallas Wings,NOT_YET_SUBMITTED,2026-08-16T23:12:14.132620+00:00
cap_20260816T231202070068,cycle_20260816,08/17/2026,10:00 (ET),DAL@GSV,Golden State Valkyries,NOT_YET_SUBMITTED,2026-08-16T23:12:14.132620+00:00
cap_20260816T232702111568,cycle_20260816,08/17/2026,10:00 (ET),DAL@GSV,Dallas Wings,NOT_YET_SUBMITTED,2026-08-16T23:27:14.154401+00:00
cap_20260816T232702111568,cycle_20260816,08/17/2026,10:00 (ET),DAL@GSV,Golden State Valkyries,NOT_YET_SUBMITTED,2026-08-16T23:27:14.154401+00:00
cap_20260816T234202178205,cycle_20260816,08/17/2026,10:00 (ET),DAL@GSV,Dallas Wings,NOT_YET_SUBMITTED,2026-08-16T23:42:14.224978+00:00
cap_20260816T234202178205,cycle_20260816,08/17/2026,10:00 (ET),DAL@GSV,Golden State Valkyries,NOT_YET_SUBMITTED,2026-08-16T23:42:14.224978+00:00
cap_20260816T235702124965,cycle_20260816,08/17/2026,10:00 (ET),DAL@GSV,Golden State Valkyries,NOT_YET_SUBMITTED,2026-08-16T23:57:14.191054+00:00
cap_20260817T041202937279,cycle_20260817,08/18/2026,07:00 (ET),IND@TOR,Indiana Fever,NOT_YET_SUBMITTED,2026-08-17T04:12:17.723494+00:00
cap_20260817T041202937279,cycle_20260817,08/18/2026,07:00 (ET),IND@TOR,Toronto Tempo,NOT_YET_SUBMITTED,2026-08-17T04:12:17.723494+00:00
cap_20260817T041202937279,cycle_20260817,08/18/2026,07:00 (ET),LAS@CON,Los Angeles Sparks,NOT_YET_SUBMITTED,2026-08-17T04:12:17.723494+00:00
cap_20260817T041202937279,cycle_20260817,08/18/2026,07:00 (ET),LAS@CON,Connecticut Sun,NOT_YET_SUBMITTED,2026-08-17T04:12:17.723494+00:00
cap_20260817T041202937279,cycle_20260817,08/18/2026,09:00 (ET),ATL@LVA,Atlanta Dream,NOT_YET_SUBMITTED,2026-08-17T04:12:17.723494+00:00
cap_20260817T041202937279,cycle_20260817,08/18/2026,09:00 (ET),ATL@LVA,Las Vegas Aces,NOT_YET_SUBMITTED,2026-08-17T04:12:17.723494+00:00
cap_20260817T041202937279,cycle_20260817,08/18/2026,09:00 (ET),NYL@CHI,New York Liberty,NOT_YET_SUBMITTED,2026-08-17T04:12:17.723494+00:00
cap_20260817T041202937279,cycle_20260817,08/18/2026,09:00 (ET),NYL@CHI,Chicago Sky,NOT_YET_SUBMITTED,2026-08-17T04:12:17.723494+00:00
cap_20260817T042703099021,cycle_20260817,08/18/2026,07:00 (ET),IND@TOR,Indiana Fever,NOT_YET_SUBMITTED,2026-08-17T04:27:16.230121+00:00
cap_20260817T042703099021,cycle_20260817,08/18/2026,07:00 (ET),IND@TOR,Toronto Tempo,NOT_YET_SUBMITTED,2026-08-17T04:27:16.230121+00:00
cap_20260817T042703099021,cycle_20260817,08/18/2026,07:00 (ET),LAS@CON,Los Angeles Sparks,NOT_YET_SUBMITTED,2026-08-17T04:27:16.230121+00:00
cap_20260817T042703099021,cycle_20260817,08/18/2026,07:00 (ET),LAS@CON,Connecticut Sun,NOT_YET_SUBMITTED,2026-08-17T04:27:16.230121+00:00
cap_20260817T042703099021,cycle_20260817,08/18/2026,09:00 (ET),ATL@LVA,Atlanta Dream,NOT_YET_SUBMITTED,2026-08-17T04:27:16.230121+00:00
cap_20260817T042703099021,cycle_20260817,08/18/2026,09:00 (ET),ATL@LVA,Las Vegas Aces,NOT_YET_SUBMITTED,2026-08-17T04:27:16.230121+00:00
cap_20260817T042703099021,cycle_20260817,08/18/2026,09:00 (ET),NYL@CHI,New York Liberty,NOT_YET_SUBMITTED,2026-08-17T04:27:16.230121+00:00
cap_20260817T042703099021,cycle_20260817,08/18/2026,09:00 (ET),NYL@CHI,Chicago Sky,NOT_YET_SUBMITTED,2026-08-17T04:27:16.230121+00:00
cap_20260817T044202822017,cycle_20260817,08/18/2026,07:00 (ET),IND@TOR,Indiana Fever,NOT_YET_SUBMITTED,2026-08-17T04:42:16.860669+00:00
cap_20260817T044202822017,cycle_20260817,08/18/2026,07:00 (ET),IND@TOR,Toronto Tempo,NOT_YET_SUBMITTED,2026-08-17T04:42:16.860669+00:00
cap_20260817T044202822017,cycle_20260817,08/18/2026,07:00 (ET),LAS@CON,Los Angeles Sparks,NOT_YET_SUBMITTED,2026-08-17T04:42:16.860669+00:00
cap_20260817T044202822017,cycle_20260817,08/18/2026,07:00 (ET),LAS@CON,Connecticut Sun,NOT_YET_SUBMITTED,2026-08-17T04:42:16.860669+00:00
cap_20260817T044202822017,cycle_20260817,08/18/2026,09:00 (ET),ATL@LVA,Atlanta Dream,NOT_YET_SUBMITTED,2026-08-17T04:42:16.860669+00:00
cap_20260817T044202822017,cycle_20260817,08/18/2026,09:00 (ET),ATL@LVA,Las Vegas Aces,NOT_YET_SUBMITTED,2026-08-17T04:42:16.860669+00:00
cap_20260817T044202822017,cycle_20260817,08/18/2026,09:00 (ET),NYL@CHI,New York Liberty,NOT_YET_SUBMITTED,2026-08-17T04:42:16.860669+00:00
cap_20260817T044202822017,cycle_20260817,08/18/2026,09:00 (ET),NYL@CHI,Chicago Sky,NOT_YET_SUBMITTED,2026-08-17T04:42:16.860669+00:00
cap_20260817T045702721605,cycle_20260817,08/18/2026,07:00 (ET),IND@TOR,Indiana Fever,NOT_YET_SUBMITTED,2026-08-17T04:57:16.219263+00:00
cap_20260817T045702721605,cycle_20260817,08/18/2026,07:00 (ET),IND@TOR,Toronto Tempo,NOT_YET_SUBMITTED,2026-08-17T04:57:16.219263+00:00
cap_20260817T045702721605,cycle_20260817,08/18/2026,07:00 (ET),LAS@CON,Los Angeles Sparks,NOT_YET_SUBMITTED,2026-08-17T04:57:16.219263+00:00
cap_20260817T045702721605,cycle_20260817,08/18/2026,07:00 (ET),LAS@CON,Connecticut Sun,NOT_YET_SUBMITTED,2026-08-17T04:57:16.219263+00:00
cap_20260817T045702721605,cycle_20260817,08/18/2026,09:00 (ET),ATL@LVA,Atlanta Dream,NOT_YET_SUBMITTED,2026-08-17T04:57:16.219263+00:00
cap_20260817T045702721605,cycle_20260817,08/18/2026,09:00 (ET),ATL@LVA,Las Vegas Aces,NOT_YET_SUBMITTED,2026-08-17T04:57:16.219263+00:00
cap_20260817T045702721605,cycle_20260817,08/18/2026,09:00 (ET),NYL@CHI,New York Liberty,NOT_YET_SUBMITTED,2026-08-17T04:57:16.219263+00:00
cap_20260817T045702721605,cycle_20260817,08/18/2026,09:00 (ET),NYL@CHI,Chicago Sky,NOT_YET_SUBMITTED,2026-08-17T04:57:16.219263+00:00
cap_20260817T051203180695,cycle_20260817,08/18/2026,07:00 (ET),IND@TOR,Indiana Fever,NOT_YET_SUBMITTED,2026-08-17T05:12:17.966037+00:00
cap_20260817T051203180695,cycle_20260817,08/18/2026,07:00 (ET),IND@TOR,Toronto Tempo,NOT_YET_SUBMITTED,2026-08-17T05:12:17.966037+00:00
cap_20260817T051203180695,cycle_20260817,08/18/2026,07:00 (ET),LAS@CON,Los Angeles Sparks,NOT_YET_SUBMITTED,2026-08-17T05:12:17.966037+00:00
cap_20260817T051203180695,cycle_20260817,08/18/2026,07:00 (ET),LAS@CON,Connecticut Sun,NOT_YET_SUBMITTED,2026-08-17T05:12:17.966037+00:00
cap_20260817T051203180695,cycle_20260817,08/18/2026,09:00 (ET),ATL@LVA,Atlanta Dream,NOT_YET_SUBMITTED,2026-08-17T05:12:17.966037+00:00
cap_20260817T051203180695,cycle_20260817,08/18/2026,09:00 (ET),ATL@LVA,Las Vegas Aces,NOT_YET_SUBMITTED,2026-08-17T05:12:17.966037+00:00
cap_20260817T051203180695,cycle_20260817,08/18/2026,09:00 (ET),NYL@CHI,New York Liberty,NOT_YET_SUBMITTED,2026-08-17T05:12:17.966037+00:00
cap_20260817T051203180695,cycle_20260817,08/18/2026,09:00 (ET),NYL@CHI,Chicago Sky,NOT_YET_SUBMITTED,2026-08-17T05:12:17.966037+00:00
cap_20260817T052703042694,cycle_20260817,08/18/2026,07:00 (ET),IND@TOR,Indiana Fever,NOT_YET_SUBMITTED,2026-08-17T05:27:19.761343+00:00
cap_20260817T052703042694,cycle_20260817,08/18/2026,07:00 (ET),IND@TOR,Toronto Tempo,NOT_YET_SUBMITTED,2026-08-17T05:27:19.761343+00:00
cap_20260817T052703042694,cycle_20260817,08/18/2026,07:00 (ET),LAS@CON,Los Angeles Sparks,NOT_YET_SUBMITTED,2026-08-17T05:27:19.761343+00:00
cap_20260817T052703042694,cycle_20260817,08/18/2026,07:00 (ET),LAS@CON,Connecticut Sun,NOT_YET_SUBMITTED,2026-08-17T05:27:19.761343+00:00
cap_20260817T052703042694,cycle_20260817,08/18/2026,09:00 (ET),ATL@LVA,Atlanta Dream,NOT_YET_SUBMITTED,2026-08-17T05:27:19.761343+00:00
cap_20260817T052703042694,cycle_20260817,08/18/2026,09:00 (ET),ATL@LVA,Las Vegas Aces,NOT_YET_SUBMITTED,2026-08-17T05:27:19.761343+00:00
cap_20260817T052703042694,cycle_20260817,08/18/2026,09:00 (ET),NYL@CHI,New York Liberty,NOT_YET_SUBMITTED,2026-08-17T05:27:19.761343+00:00
cap_20260817T052703042694,cycle_20260817,08/18/2026,09:00 (ET),NYL@CHI,Chicago Sky,NOT_YET_SUBMITTED,2026-08-17T05:27:19.761343+00:00
cap_20260817T054202914442,cycle_20260817,08/18/2026,07:00 (ET),IND@TOR,Indiana Fever,NOT_YET_SUBMITTED,2026-08-17T05:42:17.760896+00:00
cap_20260817T054202914442,cycle_20260817,08/18/2026,07:00 (ET),IND@TOR,Toronto Tempo,NOT_YET_SUBMITTED,2026-08-17T05:42:17.760896+00:00
cap_20260817T054202914442,cycle_20260817,08/18/2026,07:00 (ET),LAS@CON,Los Angeles Sparks,NOT_YET_SUBMITTED,2026-08-17T05:42:17.760896+00:00
cap_20260817T054202914442,cycle_20260817,08/18/2026,07:00 (ET),LAS@CON,Connecticut Sun,NOT_YET_SUBMITTED,2026-08-17T05:42:17.760896+00:00
cap_20260817T054202914442,cycle_20260817,08/18/2026,09:00 (ET),ATL@LVA,Atlanta Dream,NOT_YET_SUBMITTED,2026-08-17T05:42:17.760896+00:00
cap_20260817T054202914442,cycle_20260817,08/18/2026,09:00 (ET),ATL@LVA,Las Vegas Aces,NOT_YET_SUBMITTED,2026-08-17T05:42:17.760896+00:00
cap_20260817T054202914442,cycle_20260817,08/18/2026,09:00 (ET),NYL@CHI,New York Liberty,NOT_YET_SUBMITTED,2026-08-17T05:42:17.760896+00:00
cap_20260817T054202914442,cycle_20260817,08/18/2026,09:00 (ET),NYL@CHI,Chicago Sky,NOT_YET_SUBMITTED,2026-08-17T05:42:17.760896+00:00
cap_20260817T055703204791,cycle_20260817,08/18/2026,07:00 (ET),IND@TOR,Indiana Fever,NOT_YET_SUBMITTED,2026-08-17T05:57:17.452446+00:00
cap_20260817T055703204791,cycle_20260817,08/18/2026,07:00 (ET),IND@TOR,Toronto Tempo,NOT_YET_SUBMITTED,2026-08-17T05:57:17.452446+00:00
cap_20260817T055703204791,cycle_20260817,08/18/2026,07:00 (ET),LAS@CON,Los Angeles Sparks,NOT_YET_SUBMITTED,2026-08-17T05:57:17.452446+00:00
cap_20260817T055703204791,cycle_20260817,08/18/2026,07:00 (ET),LAS@CON,Connecticut Sun,NOT_YET_SUBMITTED,2026-08-17T05:57:17.452446+00:00
cap_20260817T055703204791,cycle_20260817,08/18/2026,09:00 (ET),ATL@LVA,Atlanta Dream,NOT_YET_SUBMITTED,2026-08-17T05:57:17.452446+00:00
cap_20260817T055703204791,cycle_20260817,08/18/2026,09:00 (ET),ATL@LVA,Las Vegas Aces,NOT_YET_SUBMITTED,2026-08-17T05:57:17.452446+00:00
cap_20260817T055703204791,cycle_20260817,08/18/2026,09:00 (ET),NYL@CHI,New York Liberty,NOT_YET_SUBMITTED,2026-08-17T05:57:17.452446+00:00
cap_20260817T055703204791,cycle_20260817,08/18/2026,09:00 (ET),NYL@CHI,Chicago Sky,NOT_YET_SUBMITTED,2026-08-17T05:57:17.452446+00:00
cap_20260817T061203043766,cycle_20260817,08/18/2026,07:00 (ET),IND@TOR,Indiana Fever,NOT_YET_SUBMITTED,2026-08-17T06:12:20.049937+00:00
cap_20260817T061203043766,cycle_20260817,08/18/2026,07:00 (ET),IND@TOR,Toronto Tempo,NOT_YET_SUBMITTED,2026-08-17T06:12:20.049937+00:00
cap_20260817T061203043766,cycle_20260817,08/18/2026,07:00 (ET),LAS@CON,Los Angeles Sparks,NOT_YET_SUBMITTED,2026-08-17T06:12:20.049937+00:00
cap_20260817T061203043766,cycle_20260817,08/18/2026,07:00 (ET),LAS@CON,Connecticut Sun,NOT_YET_SUBMITTED,2026-08-17T06:12:20.049937+00:00
cap_20260817T061203043766,cycle_20260817,08/18/2026,09:00 (ET),ATL@LVA,Atlanta Dream,NOT_YET_SUBMITTED,2026-08-17T06:12:20.049937+00:00
cap_20260817T061203043766,cycle_20260817,08/18/2026,09:00 (ET),ATL@LVA,Las Vegas Aces,NOT_YET_SUBMITTED,2026-08-17T06:12:20.049937+00:00
cap_20260817T061203043766,cycle_20260817,08/18/2026,09:00 (ET),NYL@CHI,New York Liberty,NOT_YET_SUBMITTED,2026-08-17T06:12:20.049937+00:00
cap_20260817T061203043766,cycle_20260817,08/18/2026,09:00 (ET),NYL@CHI,Chicago Sky,NOT_YET_SUBMITTED,2026-08-17T06:12:20.049937+00:00
cap_20260817T062702465164,cycle_20260817,08/18/2026,07:00 (ET),IND@TOR,Indiana Fever,NOT_YET_SUBMITTED,2026-08-17T06:27:16.212557+00:00
cap_20260817T062702465164,cycle_20260817,08/18/2026,07:00 (ET),IND@TOR,Toronto Tempo,NOT_YET_SUBMITTED,2026-08-17T06:27:16.212557+00:00
cap_20260817T062702465164,cycle_20260817,08/18/2026,07:00 (ET),LAS@CON,Los Angeles Sparks,NOT_YET_SUBMITTED,2026-08-17T06:27:16.212557+00:00
cap_20260817T062702465164,cycle_20260817,08/18/2026,07:00 (ET),LAS@CON,Connecticut Sun,NOT_YET_SUBMITTED,2026-08-17T06:27:16.212557+00:00
cap_20260817T062702465164,cycle_20260817,08/18/2026,09:00 (ET),ATL@LVA,Atlanta Dream,NOT_YET_SUBMITTED,2026-08-17T06:27:16.212557+00:00
cap_20260817T062702465164,cycle_20260817,08/18/2026,09:00 (ET),ATL@LVA,Las Vegas Aces,NOT_YET_SUBMITTED,2026-08-17T06:27:16.212557+00:00
cap_20260817T062702465164,cycle_20260817,08/18/2026,09:00 (ET),NYL@CHI,New York Liberty,NOT_YET_SUBMITTED,2026-08-17T06:27:16.212557+00:00
cap_20260817T062702465164,cycle_20260817,08/18/2026,09:00 (ET),NYL@CHI,Chicago Sky,NOT_YET_SUBMITTED,2026-08-17T06:27:16.212557+00:00
cap_20260817T064203073105,cycle_20260817,08/18/2026,07:00 (ET),IND@TOR,Indiana Fever,NOT_YET_SUBMITTED,2026-08-17T06:42:19.574927+00:00
cap_20260817T064203073105,cycle_20260817,08/18/2026,07:00 (ET),IND@TOR,Toronto Tempo,NOT_YET_SUBMITTED,2026-08-17T06:42:19.574927+00:00
cap_20260817T064203073105,cycle_20260817,08/18/2026,07:00 (ET),LAS@CON,Los Angeles Sparks,NOT_YET_SUBMITTED,2026-08-17T06:42:19.574927+00:00
cap_20260817T064203073105,cycle_20260817,08/18/2026,07:00 (ET),LAS@CON,Connecticut Sun,NOT_YET_SUBMITTED,2026-08-17T06:42:19.574927+00:00
cap_20260817T064203073105,cycle_20260817,08/18/2026,09:00 (ET),ATL@LVA,Atlanta Dream,NOT_YET_SUBMITTED,2026-08-17T06:42:19.574927+00:00
cap_20260817T064203073105,cycle_20260817,08/18/2026,09:00 (ET),ATL@LVA,Las Vegas Aces,NOT_YET_SUBMITTED,2026-08-17T06:42:19.574927+00:00
cap_20260817T064203073105,cycle_20260817,08/18/2026,09:00 (ET),NYL@CHI,New York Liberty,NOT_YET_SUBMITTED,2026-08-17T06:42:19.574927+00:00
cap_20260817T064203073105,cycle_20260817,08/18/2026,09:00 (ET),NYL@CHI,Chicago Sky,NOT_YET_SUBMITTED,2026-08-17T06:42:19.574927+00:00
cap_20260817T065702478627,cycle_20260817,08/18/2026,07:00 (ET),IND@TOR,Indiana Fever,NOT_YET_SUBMITTED,2026-08-17T06:57:15.579503+00:00
cap_20260817T065702478627,cycle_20260817,08/18/2026,07:00 (ET),IND@TOR,Toronto Tempo,NOT_YET_SUBMITTED,2026-08-17T06:57:15.579503+00:00
cap_20260817T065702478627,cycle_20260817,08/18/2026,07:00 (ET),LAS@CON,Los Angeles Sparks,NOT_YET_SUBMITTED,2026-08-17T06:57:15.579503+00:00
cap_20260817T065702478627,cycle_20260817,08/18/2026,07:00 (ET),LAS@CON,Connecticut Sun,NOT_YET_SUBMITTED,2026-08-17T06:57:15.579503+00:00
cap_20260817T065702478627,cycle_20260817,08/18/2026,09:00 (ET),ATL@LVA,Atlanta Dream,NOT_YET_SUBMITTED,2026-08-17T06:57:15.579503+00:00
cap_20260817T065702478627,cycle_20260817,08/18/2026,09:00 (ET),ATL@LVA,Las Vegas Aces,NOT_YET_SUBMITTED,2026-08-17T06:57:15.579503+00:00
cap_20260817T065702478627,cycle_20260817,08/18/2026,09:00 (ET),NYL@CHI,New York Liberty,NOT_YET_SUBMITTED,2026-08-17T06:57:15.579503+00:00
cap_20260817T065702478627,cycle_20260817,08/18/2026,09:00 (ET),NYL@CHI,Chicago Sky,NOT_YET_SUBMITTED,2026-08-17T06:57:15.579503+00:00
cap_20260817T071203035432,cycle_20260817,08/18/2026,07:00 (ET),IND@TOR,Indiana Fever,NOT_YET_SUBMITTED,2026-08-17T07:12:20.100777+00:00
cap_20260817T071203035432,cycle_20260817,08/18/2026,07:00 (ET),IND@TOR,Toronto Tempo,NOT_YET_SUBMITTED,2026-08-17T07:12:20.100777+00:00
cap_20260817T071203035432,cycle_20260817,08/18/2026,07:00 (ET),LAS@CON,Los Angeles Sparks,NOT_YET_SUBMITTED,2026-08-17T07:12:20.100777+00:00
cap_20260817T071203035432,cycle_20260817,08/18/2026,07:00 (ET),LAS@CON,Connecticut Sun,NOT_YET_SUBMITTED,2026-08-17T07:12:20.100777+00:00
cap_20260817T071203035432,cycle_20260817,08/18/2026,09:00 (ET),ATL@LVA,Atlanta Dream,NOT_YET_SUBMITTED,2026-08-17T07:12:20.100777+00:00
cap_20260817T071203035432,cycle_20260817,08/18/2026,09:00 (ET),ATL@LVA,Las Vegas Aces,NOT_YET_SUBMITTED,2026-08-17T07:12:20.100777+00:00
cap_20260817T071203035432,cycle_20260817,08/18/2026,09:00 (ET),NYL@CHI,New York Liberty,NOT_YET_SUBMITTED,2026-08-17T07:12:20.100777+00:00
cap_20260817T071203035432,cycle_20260817,08/18/2026,09:00 (ET),NYL@CHI,Chicago Sky,NOT_YET_SUBMITTED,2026-08-17T07:12:20.100777+00:00
cap_20260817T072702464927,cycle_20260817,08/18/2026,07:00 (ET),IND@TOR,Indiana Fever,NOT_YET_SUBMITTED,2026-08-17T07:27:16.735256+00:00
cap_20260817T072702464927,cycle_20260817,08/18/2026,07:00 (ET),IND@TOR,Toronto Tempo,NOT_YET_SUBMITTED,2026-08-17T07:27:16.735256+00:00
cap_20260817T072702464927,cycle_20260817,08/18/2026,07:00 (ET),LAS@CON,Los Angeles Sparks,NOT_YET_SUBMITTED,2026-08-17T07:27:16.735256+00:00
cap_20260817T072702464927,cycle_20260817,08/18/2026,07:00 (ET),LAS@CON,Connecticut Sun,NOT_YET_SUBMITTED,2026-08-17T07:27:16.735256+00:00
cap_20260817T072702464927,cycle_20260817,08/18/2026,09:00 (ET),ATL@LVA,Atlanta Dream,NOT_YET_SUBMITTED,2026-08-17T07:27:16.735256+00:00
cap_20260817T072702464927,cycle_20260817,08/18/2026,09:00 (ET),ATL@LVA,Las Vegas Aces,NOT_YET_SUBMITTED,2026-08-17T07:27:16.735256+00:00
cap_20260817T072702464927,cycle_20260817,08/18/2026,09:00 (ET),NYL@CHI,New York Liberty,NOT_YET_SUBMITTED,2026-08-17T07:27:16.735256+00:00
cap_20260817T072702464927,cycle_20260817,08/18/2026,09:00 (ET),NYL@CHI,Chicago Sky,NOT_YET_SUBMITTED,2026-08-17T07:27:16.735256+00:00
cap_20260817T074202621669,cycle_20260817,08/18/2026,07:00 (ET),IND@TOR,Indiana Fever,NOT_YET_SUBMITTED,2026-08-17T07:42:17.210252+00:00
cap_20260817T074202621669,cycle_20260817,08/18/2026,07:00 (ET),IND@TOR,Toronto Tempo,NOT_YET_SUBMITTED,2026-08-17T07:42:17.210252+00:00
cap_20260817T074202621669,cycle_20260817,08/18/2026,07:00 (ET),LAS@CON,Los Angeles Sparks,NOT_YET_SUBMITTED,2026-08-17T07:42:17.210252+00:00
cap_20260817T074202621669,cycle_20260817,08/18/2026,07:00 (ET),LAS@CON,Connecticut Sun,NOT_YET_SUBMITTED,2026-08-17T07:42:17.210252+00:00
cap_20260817T074202621669,cycle_20260817,08/18/2026,09:00 (ET),ATL@LVA,Atlanta Dream,NOT_YET_SUBMITTED,2026-08-17T07:42:17.210252+00:00
cap_20260817T074202621669,cycle_20260817,08/18/2026,09:00 (ET),ATL@LVA,Las Vegas Aces,NOT_YET_SUBMITTED,2026-08-17T07:42:17.210252+00:00
cap_20260817T074202621669,cycle_20260817,08/18/2026,09:00 (ET),NYL@CHI,New York Liberty,NOT_YET_SUBMITTED,2026-08-17T07:42:17.210252+00:00
cap_20260817T074202621669,cycle_20260817,08/18/2026,09:00 (ET),NYL@CHI,Chicago Sky,NOT_YET_SUBMITTED,2026-08-17T07:42:17.210252+00:00
cap_20260817T075702744663,cycle_20260817,08/18/2026,07:00 (ET),IND@TOR,Indiana Fever,NOT_YET_SUBMITTED,2026-08-17T07:57:16.492013+00:00
cap_20260817T075702744663,cycle_20260817,08/18/2026,07:00 (ET),IND@TOR,Toronto Tempo,NOT_YET_SUBMITTED,2026-08-17T07:57:16.492013+00:00
cap_20260817T075702744663,cycle_20260817,08/18/2026,07:00 (ET),LAS@CON,Los Angeles Sparks,NOT_YET_SUBMITTED,2026-08-17T07:57:16.492013+00:00
cap_20260817T075702744663,cycle_20260817,08/18/2026,07:00 (ET),LAS@CON,Connecticut Sun,NOT_YET_SUBMITTED,2026-08-17T07:57:16.492013+00:00
cap_20260817T075702744663,cycle_20260817,08/18/2026,09:00 (ET),ATL@LVA,Atlanta Dream,NOT_YET_SUBMITTED,2026-08-17T07:57:16.492013+00:00
cap_20260817T075702744663,cycle_20260817,08/18/2026,09:00 (ET),ATL@LVA,Las Vegas Aces,NOT_YET_SUBMITTED,2026-08-17T07:57:16.492013+00:00
cap_20260817T075702744663,cycle_20260817,08/18/2026,09:00 (ET),NYL@CHI,New York Liberty,NOT_YET_SUBMITTED,2026-08-17T07:57:16.492013+00:00
cap_20260817T075702744663,cycle_20260817,08/18/2026,09:00 (ET),NYL@CHI,Chicago Sky,NOT_YET_SUBMITTED,2026-08-17T07:57:16.492013+00:00
cap_20260817T081202633520,cycle_20260817,08/18/2026,07:00 (ET),IND@TOR,Indiana Fever,NOT_YET_SUBMITTED,2026-08-17T08:12:17.022070+00:00
cap_20260817T081202633520,cycle_20260817,08/18/2026,07:00 (ET),IND@TOR,Toronto Tempo,NOT_YET_SUBMITTED,2026-08-17T08:12:17.022070+00:00
cap_20260817T081202633520,cycle_20260817,08/18/2026,07:00 (ET),LAS@CON,Los Angeles Sparks,NOT_YET_SUBMITTED,2026-08-17T08:12:17.022070+00:00
cap_20260817T081202633520,cycle_20260817,08/18/2026,07:00 (ET),LAS@CON,Connecticut Sun,NOT_YET_SUBMITTED,2026-08-17T08:12:17.022070+00:00
cap_20260817T081202633520,cycle_20260817,08/18/2026,09:00 (ET),ATL@LVA,Atlanta Dream,NOT_YET_SUBMITTED,2026-08-17T08:12:17.022070+00:00
cap_20260817T081202633520,cycle_20260817,08/18/2026,09:00 (ET),ATL@LVA,Las Vegas Aces,NOT_YET_SUBMITTED,2026-08-17T08:12:17.022070+00:00
cap_20260817T081202633520,cycle_20260817,08/18/2026,09:00 (ET),NYL@CHI,New York Liberty,NOT_YET_SUBMITTED,2026-08-17T08:12:17.022070+00:00
cap_20260817T081202633520,cycle_20260817,08/18/2026,09:00 (ET),NYL@CHI,Chicago Sky,NOT_YET_SUBMITTED,2026-08-17T08:12:17.022070+00:00
cap_20260817T082702495495,cycle_20260817,08/18/2026,07:00 (ET),IND@TOR,Indiana Fever,NOT_YET_SUBMITTED,2026-08-17T08:27:16.183425+00:00
cap_20260817T082702495495,cycle_20260817,08/18/2026,07:00 (ET),IND@TOR,Toronto Tempo,NOT_YET_SUBMITTED,2026-08-17T08:27:16.183425+00:00
cap_20260817T082702495495,cycle_20260817,08/18/2026,07:00 (ET),LAS@CON,Los Angeles Sparks,NOT_YET_SUBMITTED,2026-08-17T08:27:16.183425+00:00
cap_20260817T082702495495,cycle_20260817,08/18/2026,07:00 (ET),LAS@CON,Connecticut Sun,NOT_YET_SUBMITTED,2026-08-17T08:27:16.183425+00:00
cap_20260817T082702495495,cycle_20260817,08/18/2026,09:00 (ET),ATL@LVA,Atlanta Dream,NOT_YET_SUBMITTED,2026-08-17T08:27:16.183425+00:00
cap_20260817T082702495495,cycle_20260817,08/18/2026,09:00 (ET),ATL@LVA,Las Vegas Aces,NOT_YET_SUBMITTED,2026-08-17T08:27:16.183425+00:00
cap_20260817T082702495495,cycle_20260817,08/18/2026,09:00 (ET),NYL@CHI,New York Liberty,NOT_YET_SUBMITTED,2026-08-17T08:27:16.183425+00:00
cap_20260817T082702495495,cycle_20260817,08/18/2026,09:00 (ET),NYL@CHI,Chicago Sky,NOT_YET_SUBMITTED,2026-08-17T08:27:16.183425+00:00
cap_20260817T084202448790,cycle_20260817,08/18/2026,07:00 (ET),IND@TOR,Indiana Fever,NOT_YET_SUBMITTED,2026-08-17T08:42:17.119441+00:00
cap_20260817T084202448790,cycle_20260817,08/18/2026,07:00 (ET),IND@TOR,Toronto Tempo,NOT_YET_SUBMITTED,2026-08-17T08:42:17.119441+00:00
cap_20260817T084202448790,cycle_20260817,08/18/2026,07:00 (ET),LAS@CON,Los Angeles Sparks,NOT_YET_SUBMITTED,2026-08-17T08:42:17.119441+00:00
cap_20260817T084202448790,cycle_20260817,08/18/2026,07:00 (ET),LAS@CON,Connecticut Sun,NOT_YET_SUBMITTED,2026-08-17T08:42:17.119441+00:00
cap_20260817T084202448790,cycle_20260817,08/18/2026,09:00 (ET),ATL@LVA,Atlanta Dream,NOT_YET_SUBMITTED,2026-08-17T08:42:17.119441+00:00
cap_20260817T084202448790,cycle_20260817,08/18/2026,09:00 (ET),ATL@LVA,Las Vegas Aces,NOT_YET_SUBMITTED,2026-08-17T08:42:17.119441+00:00
cap_20260817T084202448790,cycle_20260817,08/18/2026,09:00 (ET),NYL@CHI,New York Liberty,NOT_YET_SUBMITTED,2026-08-17T08:42:17.119441+00:00
cap_20260817T084202448790,cycle_20260817,08/18/2026,09:00 (ET),NYL@CHI,Chicago Sky,NOT_YET_SUBMITTED,2026-08-17T08:42:17.119441+00:00
cap_20260817T085702602313,cycle_20260817,08/18/2026,07:00 (ET),IND@TOR,Indiana Fever,NOT_YET_SUBMITTED,2026-08-17T08:57:19.679178+00:00
cap_20260817T085702602313,cycle_20260817,08/18/2026,07:00 (ET),IND@TOR,Toronto Tempo,NOT_YET_SUBMITTED,2026-08-17T08:57:19.679178+00:00
cap_20260817T085702602313,cycle_20260817,08/18/2026,07:00 (ET),LAS@CON,Los Angeles Sparks,NOT_YET_SUBMITTED,2026-08-17T08:57:19.679178+00:00
cap_20260817T085702602313,cycle_20260817,08/18/2026,07:00 (ET),LAS@CON,Connecticut Sun,NOT_YET_SUBMITTED,2026-08-17T08:57:19.679178+00:00
cap_20260817T085702602313,cycle_20260817,08/18/2026,09:00 (ET),ATL@LVA,Atlanta Dream,NOT_YET_SUBMITTED,2026-08-17T08:57:19.679178+00:00
cap_20260817T085702602313,cycle_20260817,08/18/2026,09:00 (ET),ATL@LVA,Las Vegas Aces,NOT_YET_SUBMITTED,2026-08-17T08:57:19.679178+00:00
cap_20260817T085702602313,cycle_20260817,08/18/2026,09:00 (ET),NYL@CHI,New York Liberty,NOT_YET_SUBMITTED,2026-08-17T08:57:19.679178+00:00
cap_20260817T085702602313,cycle_20260817,08/18/2026,09:00 (ET),NYL@CHI,Chicago Sky,NOT_YET_SUBMITTED,2026-08-17T08:57:19.679178+00:00
cap_20260817T091202664702,cycle_20260817,08/18/2026,07:00 (ET),IND@TOR,Indiana Fever,NOT_YET_SUBMITTED,2026-08-17T09:12:16.814130+00:00
cap_20260817T091202664702,cycle_20260817,08/18/2026,07:00 (ET),IND@TOR,Toronto Tempo,NOT_YET_SUBMITTED,2026-08-17T09:12:16.814130+00:00
cap_20260817T091202664702,cycle_20260817,08/18/2026,07:00 (ET),LAS@CON,Los Angeles Sparks,NOT_YET_SUBMITTED,2026-08-17T09:12:16.814130+00:00
cap_20260817T091202664702,cycle_20260817,08/18/2026,07:00 (ET),LAS@CON,Connecticut Sun,NOT_YET_SUBMITTED,2026-08-17T09:12:16.814130+00:00
cap_20260817T091202664702,cycle_20260817,08/18/2026,09:00 (ET),ATL@LVA,Atlanta Dream,NOT_YET_SUBMITTED,2026-08-17T09:12:16.814130+00:00
cap_20260817T091202664702,cycle_20260817,08/18/2026,09:00 (ET),ATL@LVA,Las Vegas Aces,NOT_YET_SUBMITTED,2026-08-17T09:12:16.814130+00:00
cap_20260817T091202664702,cycle_20260817,08/18/2026,09:00 (ET),NYL@CHI,New York Liberty,NOT_YET_SUBMITTED,2026-08-17T09:12:16.814130+00:00
cap_20260817T091202664702,cycle_20260817,08/18/2026,09:00 (ET),NYL@CHI,Chicago Sky,NOT_YET_SUBMITTED,2026-08-17T09:12:16.814130+00:00
cap_20260817T092702603996,cycle_20260817,08/18/2026,07:00 (ET),IND@TOR,Indiana Fever,NOT_YET_SUBMITTED,2026-08-17T09:27:16.396173+00:00
cap_20260817T092702603996,cycle_20260817,08/18/2026,07:00 (ET),IND@TOR,Toronto Tempo,NOT_YET_SUBMITTED,2026-08-17T09:27:16.396173+00:00
cap_20260817T092702603996,cycle_20260817,08/18/2026,07:00 (ET),LAS@CON,Los Angeles Sparks,NOT_YET_SUBMITTED,2026-08-17T09:27:16.396173+00:00
cap_20260817T092702603996,cycle_20260817,08/18/2026,07:00 (ET),LAS@CON,Connecticut Sun,NOT_YET_SUBMITTED,2026-08-17T09:27:16.396173+00:00
cap_20260817T092702603996,cycle_20260817,08/18/2026,09:00 (ET),ATL@LVA,Atlanta Dream,NOT_YET_SUBMITTED,2026-08-17T09:27:16.396173+00:00
cap_20260817T092702603996,cycle_20260817,08/18/2026,09:00 (ET),ATL@LVA,Las Vegas Aces,NOT_YET_SUBMITTED,2026-08-17T09:27:16.396173+00:00
cap_20260817T092702603996,cycle_20260817,08/18/2026,09:00 (ET),NYL@CHI,New York Liberty,NOT_YET_SUBMITTED,2026-08-17T09:27:16.396173+00:00
cap_20260817T092702603996,cycle_20260817,08/18/2026,09:00 (ET),NYL@CHI,Chicago Sky,NOT_YET_SUBMITTED,2026-08-17T09:27:16.396173+00:00
cap_20260817T094202518906,cycle_20260817,08/18/2026,07:00 (ET),IND@TOR,Indiana Fever,NOT_YET_SUBMITTED,2026-08-17T09:42:16.751555+00:00
cap_20260817T094202518906,cycle_20260817,08/18/2026,07:00 (ET),IND@TOR,Toronto Tempo,NOT_YET_SUBMITTED,2026-08-17T09:42:16.751555+00:00
cap_20260817T094202518906,cycle_20260817,08/18/2026,07:00 (ET),LAS@CON,Los Angeles Sparks,NOT_YET_SUBMITTED,2026-08-17T09:42:16.751555+00:00
cap_20260817T094202518906,cycle_20260817,08/18/2026,07:00 (ET),LAS@CON,Connecticut Sun,NOT_YET_SUBMITTED,2026-08-17T09:42:16.751555+00:00
cap_20260817T094202518906,cycle_20260817,08/18/2026,09:00 (ET),ATL@LVA,Atlanta Dream,NOT_YET_SUBMITTED,2026-08-17T09:42:16.751555+00:00
cap_20260817T094202518906,cycle_20260817,08/18/2026,09:00 (ET),ATL@LVA,Las Vegas Aces,NOT_YET_SUBMITTED,2026-08-17T09:42:16.751555+00:00
cap_20260817T094202518906,cycle_20260817,08/18/2026,09:00 (ET),NYL@CHI,New York Liberty,NOT_YET_SUBMITTED,2026-08-17T09:42:16.751555+00:00
cap_20260817T094202518906,cycle_20260817,08/18/2026,09:00 (ET),NYL@CHI,Chicago Sky,NOT_YET_SUBMITTED,2026-08-17T09:42:16.751555+00:00
cap_20260817T095702578228,cycle_20260817,08/18/2026,07:00 (ET),IND@TOR,Indiana Fever,NOT_YET_SUBMITTED,2026-08-17T09:57:16.438256+00:00
cap_20260817T095702578228,cycle_20260817,08/18/2026,07:00 (ET),IND@TOR,Toronto Tempo,NOT_YET_SUBMITTED,2026-08-17T09:57:16.438256+00:00
cap_20260817T095702578228,cycle_20260817,08/18/2026,07:00 (ET),LAS@CON,Los Angeles Sparks,NOT_YET_SUBMITTED,2026-08-17T09:57:16.438256+00:00
cap_20260817T095702578228,cycle_20260817,08/18/2026,07:00 (ET),LAS@CON,Connecticut Sun,NOT_YET_SUBMITTED,2026-08-17T09:57:16.438256+00:00
cap_20260817T095702578228,cycle_20260817,08/18/2026,09:00 (ET),ATL@LVA,Atlanta Dream,NOT_YET_SUBMITTED,2026-08-17T09:57:16.438256+00:00
cap_20260817T095702578228,cycle_20260817,08/18/2026,09:00 (ET),ATL@LVA,Las Vegas Aces,NOT_YET_SUBMITTED,2026-08-17T09:57:16.438256+00:00
cap_20260817T095702578228,cycle_20260817,08/18/2026,09:00 (ET),NYL@CHI,New York Liberty,NOT_YET_SUBMITTED,2026-08-17T09:57:16.438256+00:00
cap_20260817T095702578228,cycle_20260817,08/18/2026,09:00 (ET),NYL@CHI,Chicago Sky,NOT_YET_SUBMITTED,2026-08-17T09:57:16.438256+00:00
cap_20260817T101202563230,cycle_20260817,08/18/2026,07:00 (ET),IND@TOR,Indiana Fever,NOT_YET_SUBMITTED,2026-08-17T10:12:17.000676+00:00
cap_20260817T101202563230,cycle_20260817,08/18/2026,07:00 (ET),IND@TOR,Toronto Tempo,NOT_YET_SUBMITTED,2026-08-17T10:12:17.000676+00:00
cap_20260817T101202563230,cycle_20260817,08/18/2026,07:00 (ET),LAS@CON,Los Angeles Sparks,NOT_YET_SUBMITTED,2026-08-17T10:12:17.000676+00:00
cap_20260817T101202563230,cycle_20260817,08/18/2026,07:00 (ET),LAS@CON,Connecticut Sun,NOT_YET_SUBMITTED,2026-08-17T10:12:17.000676+00:00
cap_20260817T101202563230,cycle_20260817,08/18/2026,09:00 (ET),ATL@LVA,Atlanta Dream,NOT_YET_SUBMITTED,2026-08-17T10:12:17.000676+00:00
cap_20260817T101202563230,cycle_20260817,08/18/2026,09:00 (ET),ATL@LVA,Las Vegas Aces,NOT_YET_SUBMITTED,2026-08-17T10:12:17.000676+00:00
cap_20260817T101202563230,cycle_20260817,08/18/2026,09:00 (ET),NYL@CHI,New York Liberty,NOT_YET_SUBMITTED,2026-08-17T10:12:17.000676+00:00
cap_20260817T101202563230,cycle_20260817,08/18/2026,09:00 (ET),NYL@CHI,Chicago Sky,NOT_YET_SUBMITTED,2026-08-17T10:12:17.000676+00:00
cap_20260817T102702563983,cycle_20260817,08/18/2026,07:00 (ET),IND@TOR,Indiana Fever,NOT_YET_SUBMITTED,2026-08-17T10:27:17.026397+00:00
cap_20260817T102702563983,cycle_20260817,08/18/2026,07:00 (ET),IND@TOR,Toronto Tempo,NOT_YET_SUBMITTED,2026-08-17T10:27:17.026397+00:00
cap_20260817T102702563983,cycle_20260817,08/18/2026,07:00 (ET),LAS@CON,Los Angeles Sparks,NOT_YET_SUBMITTED,2026-08-17T10:27:17.026397+00:00
cap_20260817T102702563983,cycle_20260817,08/18/2026,07:00 (ET),LAS@CON,Connecticut Sun,NOT_YET_SUBMITTED,2026-08-17T10:27:17.026397+00:00
cap_20260817T102702563983,cycle_20260817,08/18/2026,09:00 (ET),ATL@LVA,Atlanta Dream,NOT_YET_SUBMITTED,2026-08-17T10:27:17.026397+00:00
cap_20260817T102702563983,cycle_20260817,08/18/2026,09:00 (ET),ATL@LVA,Las Vegas Aces,NOT_YET_SUBMITTED,2026-08-17T10:27:17.026397+00:00
cap_20260817T102702563983,cycle_20260817,08/18/2026,09:00 (ET),NYL@CHI,New York Liberty,NOT_YET_SUBMITTED,2026-08-17T10:27:17.026397+00:00
cap_20260817T102702563983,cycle_20260817,08/18/2026,09:00 (ET),NYL@CHI,Chicago Sky,NOT_YET_SUBMITTED,2026-08-17T10:27:17.026397+00:00
cap_20260817T104202534975,cycle_20260817,08/18/2026,07:00 (ET),IND@TOR,Indiana Fever,NOT_YET_SUBMITTED,2026-08-17T10:42:16.475231+00:00
cap_20260817T104202534975,cycle_20260817,08/18/2026,07:00 (ET),IND@TOR,Toronto Tempo,NOT_YET_SUBMITTED,2026-08-17T10:42:16.475231+00:00
cap_20260817T104202534975,cycle_20260817,08/18/2026,07:00 (ET),LAS@CON,Los Angeles Sparks,NOT_YET_SUBMITTED,2026-08-17T10:42:16.475231+00:00
cap_20260817T104202534975,cycle_20260817,08/18/2026,07:00 (ET),LAS@CON,Connecticut Sun,NOT_YET_SUBMITTED,2026-08-17T10:42:16.475231+00:00
cap_20260817T104202534975,cycle_20260817,08/18/2026,09:00 (ET),ATL@LVA,Atlanta Dream,NOT_YET_SUBMITTED,2026-08-17T10:42:16.475231+00:00
cap_20260817T104202534975,cycle_20260817,08/18/2026,09:00 (ET),ATL@LVA,Las Vegas Aces,NOT_YET_SUBMITTED,2026-08-17T10:42:16.475231+00:00
cap_20260817T104202534975,cycle_20260817,08/18/2026,09:00 (ET),NYL@CHI,New York Liberty,NOT_YET_SUBMITTED,2026-08-17T10:42:16.475231+00:00
cap_20260817T104202534975,cycle_20260817,08/18/2026,09:00 (ET),NYL@CHI,Chicago Sky,NOT_YET_SUBMITTED,2026-08-17T10:42:16.475231+00:00
cap_20260817T105702581081,cycle_20260817,08/18/2026,07:00 (ET),IND@TOR,Indiana Fever,NOT_YET_SUBMITTED,2026-08-17T10:57:16.707194+00:00
cap_20260817T105702581081,cycle_20260817,08/18/2026,07:00 (ET),IND@TOR,Toronto Tempo,NOT_YET_SUBMITTED,2026-08-17T10:57:16.707194+00:00
cap_20260817T105702581081,cycle_20260817,08/18/2026,07:00 (ET),LAS@CON,Los Angeles Sparks,NOT_YET_SUBMITTED,2026-08-17T10:57:16.707194+00:00
cap_20260817T105702581081,cycle_20260817,08/18/2026,07:00 (ET),LAS@CON,Connecticut Sun,NOT_YET_SUBMITTED,2026-08-17T10:57:16.707194+00:00
cap_20260817T105702581081,cycle_20260817,08/18/2026,09:00 (ET),ATL@LVA,Atlanta Dream,NOT_YET_SUBMITTED,2026-08-17T10:57:16.707194+00:00
cap_20260817T105702581081,cycle_20260817,08/18/2026,09:00 (ET),ATL@LVA,Las Vegas Aces,NOT_YET_SUBMITTED,2026-08-17T10:57:16.707194+00:00
cap_20260817T105702581081,cycle_20260817,08/18/2026,09:00 (ET),NYL@CHI,New York Liberty,NOT_YET_SUBMITTED,2026-08-17T10:57:16.707194+00:00
cap_20260817T105702581081,cycle_20260817,08/18/2026,09:00 (ET),NYL@CHI,Chicago Sky,NOT_YET_SUBMITTED,2026-08-17T10:57:16.707194+00:00
cap_20260817T111202854749,cycle_20260817,08/18/2026,07:00 (ET),IND@TOR,Indiana Fever,NOT_YET_SUBMITTED,2026-08-17T11:12:17.726526+00:00
cap_20260817T111202854749,cycle_20260817,08/18/2026,07:00 (ET),IND@TOR,Toronto Tempo,NOT_YET_SUBMITTED,2026-08-17T11:12:17.726526+00:00
cap_20260817T111202854749,cycle_20260817,08/18/2026,07:00 (ET),LAS@CON,Los Angeles Sparks,NOT_YET_SUBMITTED,2026-08-17T11:12:17.726526+00:00
cap_20260817T111202854749,cycle_20260817,08/18/2026,07:00 (ET),LAS@CON,Connecticut Sun,NOT_YET_SUBMITTED,2026-08-17T11:12:17.726526+00:00
cap_20260817T111202854749,cycle_20260817,08/18/2026,09:00 (ET),ATL@LVA,Atlanta Dream,NOT_YET_SUBMITTED,2026-08-17T11:12:17.726526+00:00
cap_20260817T111202854749,cycle_20260817,08/18/2026,09:00 (ET),ATL@LVA,Las Vegas Aces,NOT_YET_SUBMITTED,2026-08-17T11:12:17.726526+00:00
cap_20260817T111202854749,cycle_20260817,08/18/2026,09:00 (ET),NYL@CHI,New York Liberty,NOT_YET_SUBMITTED,2026-08-17T11:12:17.726526+00:00
cap_20260817T111202854749,cycle_20260817,08/18/2026,09:00 (ET),NYL@CHI,Chicago Sky,NOT_YET_SUBMITTED,2026-08-17T11:12:17.726526+00:00
cap_20260817T112702703119,cycle_20260817,08/18/2026,07:00 (ET),IND@TOR,Indiana Fever,NOT_YET_SUBMITTED,2026-08-17T11:27:18.879340+00:00
cap_20260817T112702703119,cycle_20260817,08/18/2026,07:00 (ET),IND@TOR,Toronto Tempo,NOT_YET_SUBMITTED,2026-08-17T11:27:18.879340+00:00
cap_20260817T112702703119,cycle_20260817,08/18/2026,07:00 (ET),LAS@CON,Los Angeles Sparks,NOT_YET_SUBMITTED,2026-08-17T11:27:18.879340+00:00
cap_20260817T112702703119,cycle_20260817,08/18/2026,07:00 (ET),LAS@CON,Connecticut Sun,NOT_YET_SUBMITTED,2026-08-17T11:27:18.879340+00:00
cap_20260817T112702703119,cycle_20260817,08/18/2026,09:00 (ET),ATL@LVA,Atlanta Dream,NOT_YET_SUBMITTED,2026-08-17T11:27:18.879340+00:00
cap_20260817T112702703119,cycle_20260817,08/18/2026,09:00 (ET),ATL@LVA,Las Vegas Aces,NOT_YET_SUBMITTED,2026-08-17T11:27:18.879340+00:00
cap_20260817T112702703119,cycle_20260817,08/18/2026,09:00 (ET),NYL@CHI,New York Liberty,NOT_YET_SUBMITTED,2026-08-17T11:27:18.879340+00:00
cap_20260817T112702703119,cycle_20260817,08/18/2026,09:00 (ET),NYL@CHI,Chicago Sky,NOT_YET_SUBMITTED,2026-08-17T11:27:18.879340+00:00
cap_20260817T134203209706,cycle_20260817,08/18/2026,07:00 (ET),IND@TOR,Indiana Fever,NOT_YET_SUBMITTED,2026-08-17T13:42:18.746150+00:00
cap_20260817T134203209706,cycle_20260817,08/18/2026,07:00 (ET),IND@TOR,Toronto Tempo,NOT_YET_SUBMITTED,2026-08-17T13:42:18.746150+00:00
cap_20260817T134203209706,cycle_20260817,08/18/2026,07:00 (ET),LAS@CON,Los Angeles Sparks,NOT_YET_SUBMITTED,2026-08-17T13:42:18.746150+00:00
cap_20260817T134203209706,cycle_20260817,08/18/2026,07:00 (ET),LAS@CON,Connecticut Sun,NOT_YET_SUBMITTED,2026-08-17T13:42:18.746150+00:00
cap_20260817T134203209706,cycle_20260817,08/18/2026,09:00 (ET),ATL@LVA,Atlanta Dream,NOT_YET_SUBMITTED,2026-08-17T13:42:18.746150+00:00
cap_20260817T134203209706,cycle_20260817,08/18/2026,09:00 (ET),ATL@LVA,Las Vegas Aces,NOT_YET_SUBMITTED,2026-08-17T13:42:18.746150+00:00
cap_20260817T134203209706,cycle_20260817,08/18/2026,09:00 (ET),NYL@CHI,New York Liberty,NOT_YET_SUBMITTED,2026-08-17T13:42:18.746150+00:00
cap_20260817T134203209706,cycle_20260817,08/18/2026,09:00 (ET),NYL@CHI,Chicago Sky,NOT_YET_SUBMITTED,2026-08-17T13:42:18.746150+00:00
cap_20260817T134221777851,cycle_20260817,08/18/2026,07:00 (ET),IND@TOR,Indiana Fever,NOT_YET_SUBMITTED,2026-08-17T13:42:31.808895+00:00
cap_20260817T134221777851,cycle_20260817,08/18/2026,07:00 (ET),IND@TOR,Toronto Tempo,NOT_YET_SUBMITTED,2026-08-17T13:42:31.808895+00:00
cap_20260817T134221777851,cycle_20260817,08/18/2026,07:00 (ET),LAS@CON,Los Angeles Sparks,NOT_YET_SUBMITTED,2026-08-17T13:42:31.808895+00:00
cap_20260817T134221777851,cycle_20260817,08/18/2026,07:00 (ET),LAS@CON,Connecticut Sun,NOT_YET_SUBMITTED,2026-08-17T13:42:31.808895+00:00
cap_20260817T134221777851,cycle_20260817,08/18/2026,09:00 (ET),ATL@LVA,Atlanta Dream,NOT_YET_SUBMITTED,2026-08-17T13:42:31.808895+00:00
cap_20260817T134221777851,cycle_20260817,08/18/2026,09:00 (ET),ATL@LVA,Las Vegas Aces,NOT_YET_SUBMITTED,2026-08-17T13:42:31.808895+00:00
cap_20260817T134221777851,cycle_20260817,08/18/2026,09:00 (ET),NYL@CHI,New York Liberty,NOT_YET_SUBMITTED,2026-08-17T13:42:31.808895+00:00
cap_20260817T134221777851,cycle_20260817,08/18/2026,09:00 (ET),NYL@CHI,Chicago Sky,NOT_YET_SUBMITTED,2026-08-17T13:42:31.808895+00:00
cap_20260817T134232488817,cycle_20260817,08/18/2026,07:00 (ET),IND@TOR,Indiana Fever,NOT_YET_SUBMITTED,2026-08-17T13:42:42.527041+00:00
cap_20260817T134232488817,cycle_20260817,08/18/2026,07:00 (ET),IND@TOR,Toronto Tempo,NOT_YET_SUBMITTED,2026-08-17T13:42:42.527041+00:00
cap_20260817T134232488817,cycle_20260817,08/18/2026,07:00 (ET),LAS@CON,Los Angeles Sparks,NOT_YET_SUBMITTED,2026-08-17T13:42:42.527041+00:00
cap_20260817T134232488817,cycle_20260817,08/18/2026,07:00 (ET),LAS@CON,Connecticut Sun,NOT_YET_SUBMITTED,2026-08-17T13:42:42.527041+00:00
cap_20260817T134232488817,cycle_20260817,08/18/2026,09:00 (ET),ATL@LVA,Atlanta Dream,NOT_YET_SUBMITTED,2026-08-17T13:42:42.527041+00:00
cap_20260817T134232488817,cycle_20260817,08/18/2026,09:00 (ET),ATL@LVA,Las Vegas Aces,NOT_YET_SUBMITTED,2026-08-17T13:42:42.527041+00:00
cap_20260817T134232488817,cycle_20260817,08/18/2026,09:00 (ET),NYL@CHI,New York Liberty,NOT_YET_SUBMITTED,2026-08-17T13:42:42.527041+00:00
cap_20260817T134232488817,cycle_20260817,08/18/2026,09:00 (ET),NYL@CHI,Chicago Sky,NOT_YET_SUBMITTED,2026-08-17T13:42:42.527041+00:00
cap_20260817T134243232221,cycle_20260817,08/18/2026,07:00 (ET),IND@TOR,Indiana Fever,NOT_YET_SUBMITTED,2026-08-17T13:42:53.263198+00:00
cap_20260817T134243232221,cycle_20260817,08/18/2026,07:00 (ET),IND@TOR,Toronto Tempo,NOT_YET_SUBMITTED,2026-08-17T13:42:53.263198+00:00
cap_20260817T134243232221,cycle_20260817,08/18/2026,07:00 (ET),LAS@CON,Los Angeles Sparks,NOT_YET_SUBMITTED,2026-08-17T13:42:53.263198+00:00
cap_20260817T134243232221,cycle_20260817,08/18/2026,07:00 (ET),LAS@CON,Connecticut Sun,NOT_YET_SUBMITTED,2026-08-17T13:42:53.263198+00:00
cap_20260817T134243232221,cycle_20260817,08/18/2026,09:00 (ET),ATL@LVA,Atlanta Dream,NOT_YET_SUBMITTED,2026-08-17T13:42:53.263198+00:00
cap_20260817T134243232221,cycle_20260817,08/18/2026,09:00 (ET),ATL@LVA,Las Vegas Aces,NOT_YET_SUBMITTED,2026-08-17T13:42:53.263198+00:00
cap_20260817T134243232221,cycle_20260817,08/18/2026,09:00 (ET),NYL@CHI,New York Liberty,NOT_YET_SUBMITTED,2026-08-17T13:42:53.263198+00:00
cap_20260817T134243232221,cycle_20260817,08/18/2026,09:00 (ET),NYL@CHI,Chicago Sky,NOT_YET_SUBMITTED,2026-08-17T13:42:53.263198+00:00
cap_20260817T134253916026,cycle_20260817,08/18/2026,07:00 (ET),IND@TOR,Indiana Fever,NOT_YET_SUBMITTED,2026-08-17T13:43:03.965202+00:00
cap_20260817T134253916026,cycle_20260817,08/18/2026,07:00 (ET),IND@TOR,Toronto Tempo,NOT_YET_SUBMITTED,2026-08-17T13:43:03.965202+00:00
cap_20260817T134253916026,cycle_20260817,08/18/2026,07:00 (ET),LAS@CON,Los Angeles Sparks,NOT_YET_SUBMITTED,2026-08-17T13:43:03.965202+00:00
cap_20260817T134253916026,cycle_20260817,08/18/2026,07:00 (ET),LAS@CON,Connecticut Sun,NOT_YET_SUBMITTED,2026-08-17T13:43:03.965202+00:00
cap_20260817T134253916026,cycle_20260817,08/18/2026,09:00 (ET),ATL@LVA,Atlanta Dream,NOT_YET_SUBMITTED,2026-08-17T13:43:03.965202+00:00
cap_20260817T134253916026,cycle_20260817,08/18/2026,09:00 (ET),ATL@LVA,Las Vegas Aces,NOT_YET_SUBMITTED,2026-08-17T13:43:03.965202+00:00
cap_20260817T134253916026,cycle_20260817,08/18/2026,09:00 (ET),NYL@CHI,New York Liberty,NOT_YET_SUBMITTED,2026-08-17T13:43:03.965202+00:00
cap_20260817T134253916026,cycle_20260817,08/18/2026,09:00 (ET),NYL@CHI,Chicago Sky,NOT_YET_SUBMITTED,2026-08-17T13:43:03.965202+00:00
cap_20260817T134305274781,cycle_20260817,08/18/2026,07:00 (ET),IND@TOR,Indiana Fever,NOT_YET_SUBMITTED,2026-08-17T13:43:15.305877+00:00
cap_20260817T134305274781,cycle_20260817,08/18/2026,07:00 (ET),IND@TOR,Toronto Tempo,NOT_YET_SUBMITTED,2026-08-17T13:43:15.305877+00:00
cap_20260817T134305274781,cycle_20260817,08/18/2026,07:00 (ET),LAS@CON,Los Angeles Sparks,NOT_YET_SUBMITTED,2026-08-17T13:43:15.305877+00:00
cap_20260817T134305274781,cycle_20260817,08/18/2026,07:00 (ET),LAS@CON,Connecticut Sun,NOT_YET_SUBMITTED,2026-08-17T13:43:15.305877+00:00
cap_20260817T134305274781,cycle_20260817,08/18/2026,09:00 (ET),ATL@LVA,Atlanta Dream,NOT_YET_SUBMITTED,2026-08-17T13:43:15.305877+00:00
cap_20260817T134305274781,cycle_20260817,08/18/2026,09:00 (ET),ATL@LVA,Las Vegas Aces,NOT_YET_SUBMITTED,2026-08-17T13:43:15.305877+00:00
cap_20260817T134305274781,cycle_20260817,08/18/2026,09:00 (ET),NYL@CHI,New York Liberty,NOT_YET_SUBMITTED,2026-08-17T13:43:15.305877+00:00
cap_20260817T134305274781,cycle_20260817,08/18/2026,09:00 (ET),NYL@CHI,Chicago Sky,NOT_YET_SUBMITTED,2026-08-17T13:43:15.305877+00:00
cap_20260817T134316287169,cycle_20260817,08/18/2026,07:00 (ET),IND@TOR,Indiana Fever,NOT_YET_SUBMITTED,2026-08-17T13:43:26.332784+00:00
cap_20260817T134316287169,cycle_20260817,08/18/2026,07:00 (ET),IND@TOR,Toronto Tempo,NOT_YET_SUBMITTED,2026-08-17T13:43:26.332784+00:00
cap_20260817T134316287169,cycle_20260817,08/18/2026,07:00 (ET),LAS@CON,Los Angeles Sparks,NOT_YET_SUBMITTED,2026-08-17T13:43:26.332784+00:00
cap_20260817T134316287169,cycle_20260817,08/18/2026,07:00 (ET),LAS@CON,Connecticut Sun,NOT_YET_SUBMITTED,2026-08-17T13:43:26.332784+00:00
cap_20260817T134316287169,cycle_20260817,08/18/2026,09:00 (ET),ATL@LVA,Atlanta Dream,NOT_YET_SUBMITTED,2026-08-17T13:43:26.332784+00:00
cap_20260817T134316287169,cycle_20260817,08/18/2026,09:00 (ET),ATL@LVA,Las Vegas Aces,NOT_YET_SUBMITTED,2026-08-17T13:43:26.332784+00:00
cap_20260817T134316287169,cycle_20260817,08/18/2026,09:00 (ET),NYL@CHI,New York Liberty,NOT_YET_SUBMITTED,2026-08-17T13:43:26.332784+00:00
cap_20260817T134316287169,cycle_20260817,08/18/2026,09:00 (ET),NYL@CHI,Chicago Sky,NOT_YET_SUBMITTED,2026-08-17T13:43:26.332784+00:00
cap_20260817T134327432238,cycle_20260817,08/18/2026,07:00 (ET),IND@TOR,Indiana Fever,NOT_YET_SUBMITTED,2026-08-17T13:43:37.468871+00:00
cap_20260817T134327432238,cycle_20260817,08/18/2026,07:00 (ET),IND@TOR,Toronto Tempo,NOT_YET_SUBMITTED,2026-08-17T13:43:37.468871+00:00
cap_20260817T134327432238,cycle_20260817,08/18/2026,07:00 (ET),LAS@CON,Los Angeles Sparks,NOT_YET_SUBMITTED,2026-08-17T13:43:37.468871+00:00
cap_20260817T134327432238,cycle_20260817,08/18/2026,07:00 (ET),LAS@CON,Connecticut Sun,NOT_YET_SUBMITTED,2026-08-17T13:43:37.468871+00:00
cap_20260817T134327432238,cycle_20260817,08/18/2026,09:00 (ET),ATL@LVA,Atlanta Dream,NOT_YET_SUBMITTED,2026-08-17T13:43:37.468871+00:00
cap_20260817T134327432238,cycle_20260817,08/18/2026,09:00 (ET),ATL@LVA,Las Vegas Aces,NOT_YET_SUBMITTED,2026-08-17T13:43:37.468871+00:00
cap_20260817T134327432238,cycle_20260817,08/18/2026,09:00 (ET),NYL@CHI,New York Liberty,NOT_YET_SUBMITTED,2026-08-17T13:43:37.468871+00:00
cap_20260817T134327432238,cycle_20260817,08/18/2026,09:00 (ET),NYL@CHI,Chicago Sky,NOT_YET_SUBMITTED,2026-08-17T13:43:37.468871+00:00
cap_20260817T134338282814,cycle_20260817,08/18/2026,07:00 (ET),IND@TOR,Indiana Fever,NOT_YET_SUBMITTED,2026-08-17T13:43:48.324906+00:00
cap_20260817T134338282814,cycle_20260817,08/18/2026,07:00 (ET),IND@TOR,Toronto Tempo,NOT_YET_SUBMITTED,2026-08-17T13:43:48.324906+00:00
cap_20260817T134338282814,cycle_20260817,08/18/2026,07:00 (ET),LAS@CON,Los Angeles Sparks,NOT_YET_SUBMITTED,2026-08-17T13:43:48.324906+00:00
cap_20260817T134338282814,cycle_20260817,08/18/2026,07:00 (ET),LAS@CON,Connecticut Sun,NOT_YET_SUBMITTED,2026-08-17T13:43:48.324906+00:00
cap_20260817T134338282814,cycle_20260817,08/18/2026,09:00 (ET),ATL@LVA,Atlanta Dream,NOT_YET_SUBMITTED,2026-08-17T13:43:48.324906+00:00
cap_20260817T134338282814,cycle_20260817,08/18/2026,09:00 (ET),ATL@LVA,Las Vegas Aces,NOT_YET_SUBMITTED,2026-08-17T13:43:48.324906+00:00
cap_20260817T134338282814,cycle_20260817,08/18/2026,09:00 (ET),NYL@CHI,New York Liberty,NOT_YET_SUBMITTED,2026-08-17T13:43:48.324906+00:00
cap_20260817T134338282814,cycle_20260817,08/18/2026,09:00 (ET),NYL@CHI,Chicago Sky,NOT_YET_SUBMITTED,2026-08-17T13:43:48.324906+00:00
cap_20260817T135706621551,cycle_20260817,08/18/2026,07:00 (ET),IND@TOR,Indiana Fever,NOT_YET_SUBMITTED,2026-08-17T13:57:25.017100+00:00
cap_20260817T135706621551,cycle_20260817,08/18/2026,07:00 (ET),IND@TOR,Toronto Tempo,NOT_YET_SUBMITTED,2026-08-17T13:57:25.017100+00:00
cap_20260817T135706621551,cycle_20260817,08/18/2026,07:00 (ET),LAS@CON,Los Angeles Sparks,NOT_YET_SUBMITTED,2026-08-17T13:57:25.017100+00:00
cap_20260817T135706621551,cycle_20260817,08/18/2026,07:00 (ET),LAS@CON,Connecticut Sun,NOT_YET_SUBMITTED,2026-08-17T13:57:25.017100+00:00
cap_20260817T135706621551,cycle_20260817,08/18/2026,09:00 (ET),ATL@LVA,Atlanta Dream,NOT_YET_SUBMITTED,2026-08-17T13:57:25.017100+00:00
cap_20260817T135706621551,cycle_20260817,08/18/2026,09:00 (ET),ATL@LVA,Las Vegas Aces,NOT_YET_SUBMITTED,2026-08-17T13:57:25.017100+00:00
cap_20260817T135706621551,cycle_20260817,08/18/2026,09:00 (ET),NYL@CHI,New York Liberty,NOT_YET_SUBMITTED,2026-08-17T13:57:25.017100+00:00
cap_20260817T135706621551,cycle_20260817,08/18/2026,09:00 (ET),NYL@CHI,Chicago Sky,NOT_YET_SUBMITTED,2026-08-17T13:57:25.017100+00:00
cap_20260817T141202127237,cycle_20260817,08/18/2026,07:00 (ET),IND@TOR,Indiana Fever,NOT_YET_SUBMITTED,2026-08-17T14:12:15.725369+00:00
cap_20260817T141202127237,cycle_20260817,08/18/2026,07:00 (ET),IND@TOR,Toronto Tempo,NOT_YET_SUBMITTED,2026-08-17T14:12:15.725369+00:00
cap_20260817T141202127237,cycle_20260817,08/18/2026,07:00 (ET),LAS@CON,Los Angeles Sparks,NOT_YET_SUBMITTED,2026-08-17T14:12:15.725369+00:00
cap_20260817T141202127237,cycle_20260817,08/18/2026,07:00 (ET),LAS@CON,Connecticut Sun,NOT_YET_SUBMITTED,2026-08-17T14:12:15.725369+00:00
cap_20260817T141202127237,cycle_20260817,08/18/2026,09:00 (ET),ATL@LVA,Atlanta Dream,NOT_YET_SUBMITTED,2026-08-17T14:12:15.725369+00:00
cap_20260817T141202127237,cycle_20260817,08/18/2026,09:00 (ET),ATL@LVA,Las Vegas Aces,NOT_YET_SUBMITTED,2026-08-17T14:12:15.725369+00:00
cap_20260817T141202127237,cycle_20260817,08/18/2026,09:00 (ET),NYL@CHI,New York Liberty,NOT_YET_SUBMITTED,2026-08-17T14:12:15.725369+00:00
cap_20260817T141202127237,cycle_20260817,08/18/2026,09:00 (ET),NYL@CHI,Chicago Sky,NOT_YET_SUBMITTED,2026-08-17T14:12:15.725369+00:00
cap_20260817T142702576552,cycle_20260817,08/18/2026,07:00 (ET),IND@TOR,Indiana Fever,NOT_YET_SUBMITTED,2026-08-17T14:27:16.979691+00:00
cap_20260817T142702576552,cycle_20260817,08/18/2026,07:00 (ET),IND@TOR,Toronto Tempo,NOT_YET_SUBMITTED,2026-08-17T14:27:16.979691+00:00
cap_20260817T142702576552,cycle_20260817,08/18/2026,07:00 (ET),LAS@CON,Los Angeles Sparks,NOT_YET_SUBMITTED,2026-08-17T14:27:16.979691+00:00
cap_20260817T142702576552,cycle_20260817,08/18/2026,07:00 (ET),LAS@CON,Connecticut Sun,NOT_YET_SUBMITTED,2026-08-17T14:27:16.979691+00:00
cap_20260817T142702576552,cycle_20260817,08/18/2026,09:00 (ET),ATL@LVA,Atlanta Dream,NOT_YET_SUBMITTED,2026-08-17T14:27:16.979691+00:00
cap_20260817T142702576552,cycle_20260817,08/18/2026,09:00 (ET),ATL@LVA,Las Vegas Aces,NOT_YET_SUBMITTED,2026-08-17T14:27:16.979691+00:00
cap_20260817T142702576552,cycle_20260817,08/18/2026,09:00 (ET),NYL@CHI,New York Liberty,NOT_YET_SUBMITTED,2026-08-17T14:27:16.979691+00:00
cap_20260817T142702576552,cycle_20260817,08/18/2026,09:00 (ET),NYL@CHI,Chicago Sky,NOT_YET_SUBMITTED,2026-08-17T14:27:16.979691+00:00
cap_20260817T144202304598,cycle_20260817,08/18/2026,07:00 (ET),IND@TOR,Indiana Fever,NOT_YET_SUBMITTED,2026-08-17T14:42:17.225751+00:00
cap_20260817T144202304598,cycle_20260817,08/18/2026,07:00 (ET),IND@TOR,Toronto Tempo,NOT_YET_SUBMITTED,2026-08-17T14:42:17.225751+00:00
cap_20260817T144202304598,cycle_20260817,08/18/2026,07:00 (ET),LAS@CON,Los Angeles Sparks,NOT_YET_SUBMITTED,2026-08-17T14:42:17.225751+00:00
cap_20260817T144202304598,cycle_20260817,08/18/2026,07:00 (ET),LAS@CON,Connecticut Sun,NOT_YET_SUBMITTED,2026-08-17T14:42:17.225751+00:00
cap_20260817T144202304598,cycle_20260817,08/18/2026,09:00 (ET),ATL@LVA,Atlanta Dream,NOT_YET_SUBMITTED,2026-08-17T14:42:17.225751+00:00
cap_20260817T144202304598,cycle_20260817,08/18/2026,09:00 (ET),ATL@LVA,Las Vegas Aces,NOT_YET_SUBMITTED,2026-08-17T14:42:17.225751+00:00
cap_20260817T144202304598,cycle_20260817,08/18/2026,09:00 (ET),NYL@CHI,New York Liberty,NOT_YET_SUBMITTED,2026-08-17T14:42:17.225751+00:00
cap_20260817T144202304598,cycle_20260817,08/18/2026,09:00 (ET),NYL@CHI,Chicago Sky,NOT_YET_SUBMITTED,2026-08-17T14:42:17.225751+00:00
cap_20260817T145702677983,cycle_20260817,08/18/2026,07:00 (ET),IND@TOR,Indiana Fever,NOT_YET_SUBMITTED,2026-08-17T14:57:17.042114+00:00
cap_20260817T145702677983,cycle_20260817,08/18/2026,07:00 (ET),IND@TOR,Toronto Tempo,NOT_YET_SUBMITTED,2026-08-17T14:57:17.042114+00:00
cap_20260817T145702677983,cycle_20260817,08/18/2026,07:00 (ET),LAS@CON,Los Angeles Sparks,NOT_YET_SUBMITTED,2026-08-17T14:57:17.042114+00:00
cap_20260817T145702677983,cycle_20260817,08/18/2026,07:00 (ET),LAS@CON,Connecticut Sun,NOT_YET_SUBMITTED,2026-08-17T14:57:17.042114+00:00
cap_20260817T145702677983,cycle_20260817,08/18/2026,09:00 (ET),ATL@LVA,Atlanta Dream,NOT_YET_SUBMITTED,2026-08-17T14:57:17.042114+00:00
cap_20260817T145702677983,cycle_20260817,08/18/2026,09:00 (ET),ATL@LVA,Las Vegas Aces,NOT_YET_SUBMITTED,2026-08-17T14:57:17.042114+00:00
cap_20260817T145702677983,cycle_20260817,08/18/2026,09:00 (ET),NYL@CHI,New York Liberty,NOT_YET_SUBMITTED,2026-08-17T14:57:17.042114+00:00
cap_20260817T145702677983,cycle_20260817,08/18/2026,09:00 (ET),NYL@CHI,Chicago Sky,NOT_YET_SUBMITTED,2026-08-17T14:57:17.042114+00:00
cap_20260817T151204746272,cycle_20260817,08/18/2026,07:00 (ET),IND@TOR,Indiana Fever,NOT_YET_SUBMITTED,2026-08-17T15:12:22.218797+00:00
cap_20260817T151204746272,cycle_20260817,08/18/2026,07:00 (ET),IND@TOR,Toronto Tempo,NOT_YET_SUBMITTED,2026-08-17T15:12:22.218797+00:00
cap_20260817T151204746272,cycle_20260817,08/18/2026,07:00 (ET),LAS@CON,Los Angeles Sparks,NOT_YET_SUBMITTED,2026-08-17T15:12:22.218797+00:00
cap_20260817T151204746272,cycle_20260817,08/18/2026,07:00 (ET),LAS@CON,Connecticut Sun,NOT_YET_SUBMITTED,2026-08-17T15:12:22.218797+00:00
cap_20260817T151204746272,cycle_20260817,08/18/2026,09:00 (ET),ATL@LVA,Atlanta Dream,NOT_YET_SUBMITTED,2026-08-17T15:12:22.218797+00:00
cap_20260817T151204746272,cycle_20260817,08/18/2026,09:00 (ET),ATL@LVA,Las Vegas Aces,NOT_YET_SUBMITTED,2026-08-17T15:12:22.218797+00:00
cap_20260817T151204746272,cycle_20260817,08/18/2026,09:00 (ET),NYL@CHI,New York Liberty,NOT_YET_SUBMITTED,2026-08-17T15:12:22.218797+00:00
cap_20260817T151204746272,cycle_20260817,08/18/2026,09:00 (ET),NYL@CHI,Chicago Sky,NOT_YET_SUBMITTED,2026-08-17T15:12:22.218797+00:00
cap_20260817T152702627611,cycle_20260817,08/18/2026,07:00 (ET),IND@TOR,Indiana Fever,NOT_YET_SUBMITTED,2026-08-17T15:27:16.637074+00:00
cap_20260817T152702627611,cycle_20260817,08/18/2026,07:00 (ET),IND@TOR,Toronto Tempo,NOT_YET_SUBMITTED,2026-08-17T15:27:16.637074+00:00
cap_20260817T152702627611,cycle_20260817,08/18/2026,07:00 (ET),LAS@CON,Los Angeles Sparks,NOT_YET_SUBMITTED,2026-08-17T15:27:16.637074+00:00
cap_20260817T152702627611,cycle_20260817,08/18/2026,07:00 (ET),LAS@CON,Connecticut Sun,NOT_YET_SUBMITTED,2026-08-17T15:27:16.637074+00:00
cap_20260817T152702627611,cycle_20260817,08/18/2026,09:00 (ET),ATL@LVA,Atlanta Dream,NOT_YET_SUBMITTED,2026-08-17T15:27:16.637074+00:00
cap_20260817T152702627611,cycle_20260817,08/18/2026,09:00 (ET),ATL@LVA,Las Vegas Aces,NOT_YET_SUBMITTED,2026-08-17T15:27:16.637074+00:00
cap_20260817T152702627611,cycle_20260817,08/18/2026,09:00 (ET),NYL@CHI,New York Liberty,NOT_YET_SUBMITTED,2026-08-17T15:27:16.637074+00:00
cap_20260817T152702627611,cycle_20260817,08/18/2026,09:00 (ET),NYL@CHI,Chicago Sky,NOT_YET_SUBMITTED,2026-08-17T15:27:16.637074+00:00
cap_20260817T154203162771,cycle_20260817,08/18/2026,07:00 (ET),IND@TOR,Indiana Fever,NOT_YET_SUBMITTED,2026-08-17T15:42:21.071027+00:00
cap_20260817T154203162771,cycle_20260817,08/18/2026,07:00 (ET),IND@TOR,Toronto Tempo,NOT_YET_SUBMITTED,2026-08-17T15:42:21.071027+00:00
cap_20260817T154203162771,cycle_20260817,08/18/2026,07:00 (ET),LAS@CON,Los Angeles Sparks,NOT_YET_SUBMITTED,2026-08-17T15:42:21.071027+00:00
cap_20260817T154203162771,cycle_20260817,08/18/2026,07:00 (ET),LAS@CON,Connecticut Sun,NOT_YET_SUBMITTED,2026-08-17T15:42:21.071027+00:00
cap_20260817T154203162771,cycle_20260817,08/18/2026,09:00 (ET),ATL@LVA,Atlanta Dream,NOT_YET_SUBMITTED,2026-08-17T15:42:21.071027+00:00
cap_20260817T154203162771,cycle_20260817,08/18/2026,09:00 (ET),ATL@LVA,Las Vegas Aces,NOT_YET_SUBMITTED,2026-08-17T15:42:21.071027+00:00
cap_20260817T154203162771,cycle_20260817,08/18/2026,09:00 (ET),NYL@CHI,New York Liberty,NOT_YET_SUBMITTED,2026-08-17T15:42:21.071027+00:00
cap_20260817T154203162771,cycle_20260817,08/18/2026,09:00 (ET),NYL@CHI,Chicago Sky,NOT_YET_SUBMITTED,2026-08-17T15:42:21.071027+00:00
cap_20260817T155703174092,cycle_20260817,08/18/2026,07:00 (ET),IND@TOR,Indiana Fever,NOT_YET_SUBMITTED,2026-08-17T15:57:17.536968+00:00
cap_20260817T155703174092,cycle_20260817,08/18/2026,07:00 (ET),IND@TOR,Toronto Tempo,NOT_YET_SUBMITTED,2026-08-17T15:57:17.536968+00:00
cap_20260817T155703174092,cycle_20260817,08/18/2026,07:00 (ET),LAS@CON,Los Angeles Sparks,NOT_YET_SUBMITTED,2026-08-17T15:57:17.536968+00:00
cap_20260817T155703174092,cycle_20260817,08/18/2026,07:00 (ET),LAS@CON,Connecticut Sun,NOT_YET_SUBMITTED,2026-08-17T15:57:17.536968+00:00
cap_20260817T155703174092,cycle_20260817,08/18/2026,09:00 (ET),ATL@LVA,Atlanta Dream,NOT_YET_SUBMITTED,2026-08-17T15:57:17.536968+00:00
cap_20260817T155703174092,cycle_20260817,08/18/2026,09:00 (ET),ATL@LVA,Las Vegas Aces,NOT_YET_SUBMITTED,2026-08-17T15:57:17.536968+00:00
cap_20260817T155703174092,cycle_20260817,08/18/2026,09:00 (ET),NYL@CHI,New York Liberty,NOT_YET_SUBMITTED,2026-08-17T15:57:17.536968+00:00
cap_20260817T155703174092,cycle_20260817,08/18/2026,09:00 (ET),NYL@CHI,Chicago Sky,NOT_YET_SUBMITTED,2026-08-17T15:57:17.536968+00:00
cap_20260817T161203443105,cycle_20260817,08/18/2026,07:00 (ET),IND@TOR,Indiana Fever,NOT_YET_SUBMITTED,2026-08-17T16:12:18.569565+00:00
cap_20260817T161203443105,cycle_20260817,08/18/2026,07:00 (ET),IND@TOR,Toronto Tempo,NOT_YET_SUBMITTED,2026-08-17T16:12:18.569565+00:00
cap_20260817T161203443105,cycle_20260817,08/18/2026,07:00 (ET),LAS@CON,Los Angeles Sparks,NOT_YET_SUBMITTED,2026-08-17T16:12:18.569565+00:00
cap_20260817T161203443105,cycle_20260817,08/18/2026,07:00 (ET),LAS@CON,Connecticut Sun,NOT_YET_SUBMITTED,2026-08-17T16:12:18.569565+00:00
cap_20260817T161203443105,cycle_20260817,08/18/2026,09:00 (ET),ATL@LVA,Atlanta Dream,NOT_YET_SUBMITTED,2026-08-17T16:12:18.569565+00:00
cap_20260817T161203443105,cycle_20260817,08/18/2026,09:00 (ET),ATL@LVA,Las Vegas Aces,NOT_YET_SUBMITTED,2026-08-17T16:12:18.569565+00:00
cap_20260817T161203443105,cycle_20260817,08/18/2026,09:00 (ET),NYL@CHI,New York Liberty,NOT_YET_SUBMITTED,2026-08-17T16:12:18.569565+00:00
cap_20260817T161203443105,cycle_20260817,08/18/2026,09:00 (ET),NYL@CHI,Chicago Sky,NOT_YET_SUBMITTED,2026-08-17T16:12:18.569565+00:00
cap_20260817T162702995266,cycle_20260817,08/18/2026,07:00 (ET),IND@TOR,Indiana Fever,NOT_YET_SUBMITTED,2026-08-17T16:27:23.543168+00:00
cap_20260817T162702995266,cycle_20260817,08/18/2026,07:00 (ET),IND@TOR,Toronto Tempo,NOT_YET_SUBMITTED,2026-08-17T16:27:23.543168+00:00
cap_20260817T162702995266,cycle_20260817,08/18/2026,07:00 (ET),LAS@CON,Los Angeles Sparks,NOT_YET_SUBMITTED,2026-08-17T16:27:23.543168+00:00
cap_20260817T162702995266,cycle_20260817,08/18/2026,07:00 (ET),LAS@CON,Connecticut Sun,NOT_YET_SUBMITTED,2026-08-17T16:27:23.543168+00:00
cap_20260817T162702995266,cycle_20260817,08/18/2026,09:00 (ET),ATL@LVA,Atlanta Dream,NOT_YET_SUBMITTED,2026-08-17T16:27:23.543168+00:00
cap_20260817T162702995266,cycle_20260817,08/18/2026,09:00 (ET),ATL@LVA,Las Vegas Aces,NOT_YET_SUBMITTED,2026-08-17T16:27:23.543168+00:00
cap_20260817T162702995266,cycle_20260817,08/18/2026,09:00 (ET),NYL@CHI,New York Liberty,NOT_YET_SUBMITTED,2026-08-17T16:27:23.543168+00:00
cap_20260817T162702995266,cycle_20260817,08/18/2026,09:00 (ET),NYL@CHI,Chicago Sky,NOT_YET_SUBMITTED,2026-08-17T16:27:23.543168+00:00
cap_20260817T164202206637,cycle_20260817,08/18/2026,07:00 (ET),IND@TOR,Indiana Fever,NOT_YET_SUBMITTED,2026-08-17T16:42:15.473715+00:00
cap_20260817T164202206637,cycle_20260817,08/18/2026,07:00 (ET),IND@TOR,Toronto Tempo,NOT_YET_SUBMITTED,2026-08-17T16:42:15.473715+00:00
cap_20260817T164202206637,cycle_20260817,08/18/2026,07:00 (ET),LAS@CON,Los Angeles Sparks,NOT_YET_SUBMITTED,2026-08-17T16:42:15.473715+00:00
cap_20260817T164202206637,cycle_20260817,08/18/2026,07:00 (ET),LAS@CON,Connecticut Sun,NOT_YET_SUBMITTED,2026-08-17T16:42:15.473715+00:00
cap_20260817T164202206637,cycle_20260817,08/18/2026,09:00 (ET),ATL@LVA,Atlanta Dream,NOT_YET_SUBMITTED,2026-08-17T16:42:15.473715+00:00
cap_20260817T164202206637,cycle_20260817,08/18/2026,09:00 (ET),ATL@LVA,Las Vegas Aces,NOT_YET_SUBMITTED,2026-08-17T16:42:15.473715+00:00
cap_20260817T164202206637,cycle_20260817,08/18/2026,09:00 (ET),NYL@CHI,New York Liberty,NOT_YET_SUBMITTED,2026-08-17T16:42:15.473715+00:00
cap_20260817T164202206637,cycle_20260817,08/18/2026,09:00 (ET),NYL@CHI,Chicago Sky,NOT_YET_SUBMITTED,2026-08-17T16:42:15.473715+00:00
cap_20260817T165702188512,cycle_20260817,08/18/2026,07:00 (ET),IND@TOR,Indiana Fever,NOT_YET_SUBMITTED,2026-08-17T16:57:14.460774+00:00
cap_20260817T165702188512,cycle_20260817,08/18/2026,07:00 (ET),IND@TOR,Toronto Tempo,NOT_YET_SUBMITTED,2026-08-17T16:57:14.460774+00:00
cap_20260817T165702188512,cycle_20260817,08/18/2026,07:00 (ET),LAS@CON,Los Angeles Sparks,NOT_YET_SUBMITTED,2026-08-17T16:57:14.460774+00:00
cap_20260817T165702188512,cycle_20260817,08/18/2026,07:00 (ET),LAS@CON,Connecticut Sun,NOT_YET_SUBMITTED,2026-08-17T16:57:14.460774+00:00
cap_20260817T165702188512,cycle_20260817,08/18/2026,09:00 (ET),ATL@LVA,Atlanta Dream,NOT_YET_SUBMITTED,2026-08-17T16:57:14.460774+00:00
cap_20260817T165702188512,cycle_20260817,08/18/2026,09:00 (ET),ATL@LVA,Las Vegas Aces,NOT_YET_SUBMITTED,2026-08-17T16:57:14.460774+00:00
cap_20260817T165702188512,cycle_20260817,08/18/2026,09:00 (ET),NYL@CHI,New York Liberty,NOT_YET_SUBMITTED,2026-08-17T16:57:14.460774+00:00
cap_20260817T165702188512,cycle_20260817,08/18/2026,09:00 (ET),NYL@CHI,Chicago Sky,NOT_YET_SUBMITTED,2026-08-17T16:57:14.460774+00:00
cap_20260817T171202237208,cycle_20260817,08/18/2026,07:00 (ET),IND@TOR,Indiana Fever,NOT_YET_SUBMITTED,2026-08-17T17:12:15.565641+00:00
cap_20260817T171202237208,cycle_20260817,08/18/2026,07:00 (ET),IND@TOR,Toronto Tempo,NOT_YET_SUBMITTED,2026-08-17T17:12:15.565641+00:00
cap_20260817T171202237208,cycle_20260817,08/18/2026,07:00 (ET),LAS@CON,Los Angeles Sparks,NOT_YET_SUBMITTED,2026-08-17T17:12:15.565641+00:00
cap_20260817T171202237208,cycle_20260817,08/18/2026,07:00 (ET),LAS@CON,Connecticut Sun,NOT_YET_SUBMITTED,2026-08-17T17:12:15.565641+00:00
cap_20260817T171202237208,cycle_20260817,08/18/2026,09:00 (ET),ATL@LVA,Atlanta Dream,NOT_YET_SUBMITTED,2026-08-17T17:12:15.565641+00:00
cap_20260817T171202237208,cycle_20260817,08/18/2026,09:00 (ET),ATL@LVA,Las Vegas Aces,NOT_YET_SUBMITTED,2026-08-17T17:12:15.565641+00:00
cap_20260817T171202237208,cycle_20260817,08/18/2026,09:00 (ET),NYL@CHI,New York Liberty,NOT_YET_SUBMITTED,2026-08-17T17:12:15.565641+00:00
cap_20260817T171202237208,cycle_20260817,08/18/2026,09:00 (ET),NYL@CHI,Chicago Sky,NOT_YET_SUBMITTED,2026-08-17T17:12:15.565641+00:00
cap_20260817T172702654943,cycle_20260817,08/18/2026,07:00 (ET),IND@TOR,Indiana Fever,NOT_YET_SUBMITTED,2026-08-17T17:27:17.261703+00:00
cap_20260817T172702654943,cycle_20260817,08/18/2026,07:00 (ET),IND@TOR,Toronto Tempo,NOT_YET_SUBMITTED,2026-08-17T17:27:17.261703+00:00
cap_20260817T172702654943,cycle_20260817,08/18/2026,07:00 (ET),LAS@CON,Los Angeles Sparks,NOT_YET_SUBMITTED,2026-08-17T17:27:17.261703+00:00
cap_20260817T172702654943,cycle_20260817,08/18/2026,07:00 (ET),LAS@CON,Connecticut Sun,NOT_YET_SUBMITTED,2026-08-17T17:27:17.261703+00:00
cap_20260817T172702654943,cycle_20260817,08/18/2026,09:00 (ET),ATL@LVA,Atlanta Dream,NOT_YET_SUBMITTED,2026-08-17T17:27:17.261703+00:00
cap_20260817T172702654943,cycle_20260817,08/18/2026,09:00 (ET),ATL@LVA,Las Vegas Aces,NOT_YET_SUBMITTED,2026-08-17T17:27:17.261703+00:00
cap_20260817T172702654943,cycle_20260817,08/18/2026,09:00 (ET),NYL@CHI,New York Liberty,NOT_YET_SUBMITTED,2026-08-17T17:27:17.261703+00:00
cap_20260817T172702654943,cycle_20260817,08/18/2026,09:00 (ET),NYL@CHI,Chicago Sky,NOT_YET_SUBMITTED,2026-08-17T17:27:17.261703+00:00
cap_20260817T174202768273,cycle_20260817,08/18/2026,07:00 (ET),IND@TOR,Indiana Fever,NOT_YET_SUBMITTED,2026-08-17T17:42:16.486242+00:00
cap_20260817T174202768273,cycle_20260817,08/18/2026,07:00 (ET),IND@TOR,Toronto Tempo,NOT_YET_SUBMITTED,2026-08-17T17:42:16.486242+00:00
cap_20260817T174202768273,cycle_20260817,08/18/2026,07:00 (ET),LAS@CON,Los Angeles Sparks,NOT_YET_SUBMITTED,2026-08-17T17:42:16.486242+00:00
cap_20260817T174202768273,cycle_20260817,08/18/2026,07:00 (ET),LAS@CON,Connecticut Sun,NOT_YET_SUBMITTED,2026-08-17T17:42:16.486242+00:00
cap_20260817T174202768273,cycle_20260817,08/18/2026,09:00 (ET),ATL@LVA,Atlanta Dream,NOT_YET_SUBMITTED,2026-08-17T17:42:16.486242+00:00
cap_20260817T174202768273,cycle_20260817,08/18/2026,09:00 (ET),ATL@LVA,Las Vegas Aces,NOT_YET_SUBMITTED,2026-08-17T17:42:16.486242+00:00
cap_20260817T174202768273,cycle_20260817,08/18/2026,09:00 (ET),NYL@CHI,New York Liberty,NOT_YET_SUBMITTED,2026-08-17T17:42:16.486242+00:00
cap_20260817T174202768273,cycle_20260817,08/18/2026,09:00 (ET),NYL@CHI,Chicago Sky,NOT_YET_SUBMITTED,2026-08-17T17:42:16.486242+00:00
cap_20260817T175706672349,cycle_20260817,08/18/2026,07:00 (ET),IND@TOR,Indiana Fever,NOT_YET_SUBMITTED,2026-08-17T17:57:22.824275+00:00
cap_20260817T175706672349,cycle_20260817,08/18/2026,07:00 (ET),IND@TOR,Toronto Tempo,NOT_YET_SUBMITTED,2026-08-17T17:57:22.824275+00:00
cap_20260817T175706672349,cycle_20260817,08/18/2026,07:00 (ET),LAS@CON,Los Angeles Sparks,NOT_YET_SUBMITTED,2026-08-17T17:57:22.824275+00:00
cap_20260817T175706672349,cycle_20260817,08/18/2026,07:00 (ET),LAS@CON,Connecticut Sun,NOT_YET_SUBMITTED,2026-08-17T17:57:22.824275+00:00
cap_20260817T175706672349,cycle_20260817,08/18/2026,09:00 (ET),ATL@LVA,Atlanta Dream,NOT_YET_SUBMITTED,2026-08-17T17:57:22.824275+00:00
cap_20260817T175706672349,cycle_20260817,08/18/2026,09:00 (ET),ATL@LVA,Las Vegas Aces,NOT_YET_SUBMITTED,2026-08-17T17:57:22.824275+00:00
cap_20260817T175706672349,cycle_20260817,08/18/2026,09:00 (ET),NYL@CHI,New York Liberty,NOT_YET_SUBMITTED,2026-08-17T17:57:22.824275+00:00
cap_20260817T175706672349,cycle_20260817,08/18/2026,09:00 (ET),NYL@CHI,Chicago Sky,NOT_YET_SUBMITTED,2026-08-17T17:57:22.824275+00:00
cap_20260817T181214490730,cycle_20260817,08/18/2026,07:00 (ET),IND@TOR,Indiana Fever,NOT_YET_SUBMITTED,2026-08-17T18:13:58.373892+00:00
cap_20260817T181214490730,cycle_20260817,08/18/2026,07:00 (ET),IND@TOR,Toronto Tempo,NOT_YET_SUBMITTED,2026-08-17T18:13:58.373892+00:00
cap_20260817T181214490730,cycle_20260817,08/18/2026,07:00 (ET),LAS@CON,Los Angeles Sparks,NOT_YET_SUBMITTED,2026-08-17T18:13:58.373892+00:00
cap_20260817T181214490730,cycle_20260817,08/18/2026,07:00 (ET),LAS@CON,Connecticut Sun,NOT_YET_SUBMITTED,2026-08-17T18:13:58.373892+00:00
cap_20260817T181214490730,cycle_20260817,08/18/2026,09:00 (ET),ATL@LVA,Atlanta Dream,NOT_YET_SUBMITTED,2026-08-17T18:13:58.373892+00:00
cap_20260817T181214490730,cycle_20260817,08/18/2026,09:00 (ET),ATL@LVA,Las Vegas Aces,NOT_YET_SUBMITTED,2026-08-17T18:13:58.373892+00:00
cap_20260817T181214490730,cycle_20260817,08/18/2026,09:00 (ET),NYL@CHI,New York Liberty,NOT_YET_SUBMITTED,2026-08-17T18:13:58.373892+00:00
cap_20260817T181214490730,cycle_20260817,08/18/2026,09:00 (ET),NYL@CHI,Chicago Sky,NOT_YET_SUBMITTED,2026-08-17T18:13:58.373892+00:00
cap_20260817T184203046956,cycle_20260817,08/18/2026,07:00 (ET),IND@TOR,Indiana Fever,NOT_YET_SUBMITTED,2026-08-17T18:42:18.026975+00:00
cap_20260817T184203046956,cycle_20260817,08/18/2026,07:00 (ET),IND@TOR,Toronto Tempo,NOT_YET_SUBMITTED,2026-08-17T18:42:18.026975+00:00
cap_20260817T184203046956,cycle_20260817,08/18/2026,07:00 (ET),LAS@CON,Los Angeles Sparks,NOT_YET_SUBMITTED,2026-08-17T18:42:18.026975+00:00
cap_20260817T184203046956,cycle_20260817,08/18/2026,07:00 (ET),LAS@CON,Connecticut Sun,NOT_YET_SUBMITTED,2026-08-17T18:42:18.026975+00:00
cap_20260817T184203046956,cycle_20260817,08/18/2026,09:00 (ET),ATL@LVA,Atlanta Dream,NOT_YET_SUBMITTED,2026-08-17T18:42:18.026975+00:00
cap_20260817T184203046956,cycle_20260817,08/18/2026,09:00 (ET),ATL@LVA,Las Vegas Aces,NOT_YET_SUBMITTED,2026-08-17T18:42:18.026975+00:00
cap_20260817T184203046956,cycle_20260817,08/18/2026,09:00 (ET),NYL@CHI,New York Liberty,NOT_YET_SUBMITTED,2026-08-17T18:42:18.026975+00:00
cap_20260817T184203046956,cycle_20260817,08/18/2026,09:00 (ET),NYL@CHI,Chicago Sky,NOT_YET_SUBMITTED,2026-08-17T18:42:18.026975+00:00
cap_20260817T184222079411,cycle_20260817,08/18/2026,07:00 (ET),IND@TOR,Indiana Fever,NOT_YET_SUBMITTED,2026-08-17T18:42:32.134300+00:00
cap_20260817T184222079411,cycle_20260817,08/18/2026,07:00 (ET),IND@TOR,Toronto Tempo,NOT_YET_SUBMITTED,2026-08-17T18:42:32.134300+00:00
cap_20260817T184222079411,cycle_20260817,08/18/2026,07:00 (ET),LAS@CON,Los Angeles Sparks,NOT_YET_SUBMITTED,2026-08-17T18:42:32.134300+00:00
cap_20260817T184222079411,cycle_20260817,08/18/2026,07:00 (ET),LAS@CON,Connecticut Sun,NOT_YET_SUBMITTED,2026-08-17T18:42:32.134300+00:00
cap_20260817T184222079411,cycle_20260817,08/18/2026,09:00 (ET),ATL@LVA,Atlanta Dream,NOT_YET_SUBMITTED,2026-08-17T18:42:32.134300+00:00
cap_20260817T184222079411,cycle_20260817,08/18/2026,09:00 (ET),ATL@LVA,Las Vegas Aces,NOT_YET_SUBMITTED,2026-08-17T18:42:32.134300+00:00
cap_20260817T184222079411,cycle_20260817,08/18/2026,09:00 (ET),NYL@CHI,New York Liberty,NOT_YET_SUBMITTED,2026-08-17T18:42:32.134300+00:00
cap_20260817T184222079411,cycle_20260817,08/18/2026,09:00 (ET),NYL@CHI,Chicago Sky,NOT_YET_SUBMITTED,2026-08-17T18:42:32.134300+00:00
cap_20260817T185702552141,cycle_20260817,08/18/2026,07:00 (ET),IND@TOR,Indiana Fever,NOT_YET_SUBMITTED,2026-08-17T18:57:16.221515+00:00
cap_20260817T185702552141,cycle_20260817,08/18/2026,07:00 (ET),IND@TOR,Toronto Tempo,NOT_YET_SUBMITTED,2026-08-17T18:57:16.221515+00:00
cap_20260817T185702552141,cycle_20260817,08/18/2026,07:00 (ET),LAS@CON,Los Angeles Sparks,NOT_YET_SUBMITTED,2026-08-17T18:57:16.221515+00:00
cap_20260817T185702552141,cycle_20260817,08/18/2026,07:00 (ET),LAS@CON,Connecticut Sun,NOT_YET_SUBMITTED,2026-08-17T18:57:16.221515+00:00
cap_20260817T185702552141,cycle_20260817,08/18/2026,09:00 (ET),ATL@LVA,Atlanta Dream,NOT_YET_SUBMITTED,2026-08-17T18:57:16.221515+00:00
cap_20260817T185702552141,cycle_20260817,08/18/2026,09:00 (ET),ATL@LVA,Las Vegas Aces,NOT_YET_SUBMITTED,2026-08-17T18:57:16.221515+00:00
cap_20260817T185702552141,cycle_20260817,08/18/2026,09:00 (ET),NYL@CHI,New York Liberty,NOT_YET_SUBMITTED,2026-08-17T18:57:16.221515+00:00
cap_20260817T185702552141,cycle_20260817,08/18/2026,09:00 (ET),NYL@CHI,Chicago Sky,NOT_YET_SUBMITTED,2026-08-17T18:57:16.221515+00:00
cap_20260817T191203948602,cycle_20260817,08/18/2026,07:00 (ET),IND@TOR,Indiana Fever,NOT_YET_SUBMITTED,2026-08-17T19:12:17.417374+00:00
cap_20260817T191203948602,cycle_20260817,08/18/2026,07:00 (ET),IND@TOR,Toronto Tempo,NOT_YET_SUBMITTED,2026-08-17T19:12:17.417374+00:00
cap_20260817T191203948602,cycle_20260817,08/18/2026,07:00 (ET),LAS@CON,Los Angeles Sparks,NOT_YET_SUBMITTED,2026-08-17T19:12:17.417374+00:00
cap_20260817T191203948602,cycle_20260817,08/18/2026,07:00 (ET),LAS@CON,Connecticut Sun,NOT_YET_SUBMITTED,2026-08-17T19:12:17.417374+00:00
cap_20260817T191203948602,cycle_20260817,08/18/2026,09:00 (ET),ATL@LVA,Atlanta Dream,NOT_YET_SUBMITTED,2026-08-17T19:12:17.417374+00:00
cap_20260817T191203948602,cycle_20260817,08/18/2026,09:00 (ET),ATL@LVA,Las Vegas Aces,NOT_YET_SUBMITTED,2026-08-17T19:12:17.417374+00:00
cap_20260817T191203948602,cycle_20260817,08/18/2026,09:00 (ET),NYL@CHI,New York Liberty,NOT_YET_SUBMITTED,2026-08-17T19:12:17.417374+00:00
cap_20260817T191203948602,cycle_20260817,08/18/2026,09:00 (ET),NYL@CHI,Chicago Sky,NOT_YET_SUBMITTED,2026-08-17T19:12:17.417374+00:00
cap_20260817T194202151856,cycle_20260817,08/18/2026,07:00 (ET),IND@TOR,Indiana Fever,NOT_YET_SUBMITTED,2026-08-17T19:42:15.518522+00:00
cap_20260817T194202151856,cycle_20260817,08/18/2026,07:00 (ET),IND@TOR,Toronto Tempo,NOT_YET_SUBMITTED,2026-08-17T19:42:15.518522+00:00
cap_20260817T194202151856,cycle_20260817,08/18/2026,07:00 (ET),LAS@CON,Los Angeles Sparks,NOT_YET_SUBMITTED,2026-08-17T19:42:15.518522+00:00
cap_20260817T194202151856,cycle_20260817,08/18/2026,07:00 (ET),LAS@CON,Connecticut Sun,NOT_YET_SUBMITTED,2026-08-17T19:42:15.518522+00:00
cap_20260817T194202151856,cycle_20260817,08/18/2026,09:00 (ET),ATL@LVA,Atlanta Dream,NOT_YET_SUBMITTED,2026-08-17T19:42:15.518522+00:00
cap_20260817T194202151856,cycle_20260817,08/18/2026,09:00 (ET),ATL@LVA,Las Vegas Aces,NOT_YET_SUBMITTED,2026-08-17T19:42:15.518522+00:00
cap_20260817T194202151856,cycle_20260817,08/18/2026,09:00 (ET),NYL@CHI,New York Liberty,NOT_YET_SUBMITTED,2026-08-17T19:42:15.518522+00:00
cap_20260817T194202151856,cycle_20260817,08/18/2026,09:00 (ET),NYL@CHI,Chicago Sky,NOT_YET_SUBMITTED,2026-08-17T19:42:15.518522+00:00
cap_20260817T194216813959,cycle_20260817,08/18/2026,07:00 (ET),IND@TOR,Indiana Fever,NOT_YET_SUBMITTED,2026-08-17T19:42:26.863884+00:00
cap_20260817T194216813959,cycle_20260817,08/18/2026,07:00 (ET),IND@TOR,Toronto Tempo,NOT_YET_SUBMITTED,2026-08-17T19:42:26.863884+00:00
cap_20260817T194216813959,cycle_20260817,08/18/2026,07:00 (ET),LAS@CON,Los Angeles Sparks,NOT_YET_SUBMITTED,2026-08-17T19:42:26.863884+00:00
cap_20260817T194216813959,cycle_20260817,08/18/2026,07:00 (ET),LAS@CON,Connecticut Sun,NOT_YET_SUBMITTED,2026-08-17T19:42:26.863884+00:00
cap_20260817T194216813959,cycle_20260817,08/18/2026,09:00 (ET),ATL@LVA,Atlanta Dream,NOT_YET_SUBMITTED,2026-08-17T19:42:26.863884+00:00
cap_20260817T194216813959,cycle_20260817,08/18/2026,09:00 (ET),ATL@LVA,Las Vegas Aces,NOT_YET_SUBMITTED,2026-08-17T19:42:26.863884+00:00
cap_20260817T194216813959,cycle_20260817,08/18/2026,09:00 (ET),NYL@CHI,New York Liberty,NOT_YET_SUBMITTED,2026-08-17T19:42:26.863884+00:00
cap_20260817T194216813959,cycle_20260817,08/18/2026,09:00 (ET),NYL@CHI,Chicago Sky,NOT_YET_SUBMITTED,2026-08-17T19:42:26.863884+00:00
cap_20260817T195703586693,cycle_20260817,08/18/2026,07:00 (ET),IND@TOR,Indiana Fever,NOT_YET_SUBMITTED,2026-08-17T19:57:19.745632+00:00
cap_20260817T195703586693,cycle_20260817,08/18/2026,07:00 (ET),IND@TOR,Toronto Tempo,NOT_YET_SUBMITTED,2026-08-17T19:57:19.745632+00:00
cap_20260817T195703586693,cycle_20260817,08/18/2026,07:00 (ET),LAS@CON,Los Angeles Sparks,NOT_YET_SUBMITTED,2026-08-17T19:57:19.745632+00:00
cap_20260817T195703586693,cycle_20260817,08/18/2026,07:00 (ET),LAS@CON,Connecticut Sun,NOT_YET_SUBMITTED,2026-08-17T19:57:19.745632+00:00
cap_20260817T195703586693,cycle_20260817,08/18/2026,09:00 (ET),ATL@LVA,Atlanta Dream,NOT_YET_SUBMITTED,2026-08-17T19:57:19.745632+00:00
cap_20260817T195703586693,cycle_20260817,08/18/2026,09:00 (ET),ATL@LVA,Las Vegas Aces,NOT_YET_SUBMITTED,2026-08-17T19:57:19.745632+00:00
cap_20260817T195703586693,cycle_20260817,08/18/2026,09:00 (ET),NYL@CHI,New York Liberty,NOT_YET_SUBMITTED,2026-08-17T19:57:19.745632+00:00
cap_20260817T195703586693,cycle_20260817,08/18/2026,09:00 (ET),NYL@CHI,Chicago Sky,NOT_YET_SUBMITTED,2026-08-17T19:57:19.745632+00:00
cap_20260817T201202292470,cycle_20260817,08/18/2026,07:00 (ET),IND@TOR,Indiana Fever,NOT_YET_SUBMITTED,2026-08-17T20:12:17.143822+00:00
cap_20260817T201202292470,cycle_20260817,08/18/2026,07:00 (ET),IND@TOR,Toronto Tempo,NOT_YET_SUBMITTED,2026-08-17T20:12:17.143822+00:00
cap_20260817T201202292470,cycle_20260817,08/18/2026,07:00 (ET),LAS@CON,Los Angeles Sparks,NOT_YET_SUBMITTED,2026-08-17T20:12:17.143822+00:00
cap_20260817T201202292470,cycle_20260817,08/18/2026,07:00 (ET),LAS@CON,Connecticut Sun,NOT_YET_SUBMITTED,2026-08-17T20:12:17.143822+00:00
cap_20260817T201202292470,cycle_20260817,08/18/2026,09:00 (ET),ATL@LVA,Atlanta Dream,NOT_YET_SUBMITTED,2026-08-17T20:12:17.143822+00:00
cap_20260817T201202292470,cycle_20260817,08/18/2026,09:00 (ET),ATL@LVA,Las Vegas Aces,NOT_YET_SUBMITTED,2026-08-17T20:12:17.143822+00:00
cap_20260817T201202292470,cycle_20260817,08/18/2026,09:00 (ET),NYL@CHI,New York Liberty,NOT_YET_SUBMITTED,2026-08-17T20:12:17.143822+00:00
cap_20260817T201202292470,cycle_20260817,08/18/2026,09:00 (ET),NYL@CHI,Chicago Sky,NOT_YET_SUBMITTED,2026-08-17T20:12:17.143822+00:00
cap_20260817T202702375085,cycle_20260817,08/18/2026,07:00 (ET),IND@TOR,Indiana Fever,NOT_YET_SUBMITTED,2026-08-17T20:27:17.640118+00:00
cap_20260817T202702375085,cycle_20260817,08/18/2026,07:00 (ET),IND@TOR,Toronto Tempo,NOT_YET_SUBMITTED,2026-08-17T20:27:17.640118+00:00
cap_20260817T202702375085,cycle_20260817,08/18/2026,07:00 (ET),LAS@CON,Los Angeles Sparks,NOT_YET_SUBMITTED,2026-08-17T20:27:17.640118+00:00
cap_20260817T202702375085,cycle_20260817,08/18/2026,07:00 (ET),LAS@CON,Connecticut Sun,NOT_YET_SUBMITTED,2026-08-17T20:27:17.640118+00:00
cap_20260817T202702375085,cycle_20260817,08/18/2026,09:00 (ET),ATL@LVA,Atlanta Dream,NOT_YET_SUBMITTED,2026-08-17T20:27:17.640118+00:00
cap_20260817T202702375085,cycle_20260817,08/18/2026,09:00 (ET),ATL@LVA,Las Vegas Aces,NOT_YET_SUBMITTED,2026-08-17T20:27:17.640118+00:00
cap_20260817T202702375085,cycle_20260817,08/18/2026,09:00 (ET),NYL@CHI,New York Liberty,NOT_YET_SUBMITTED,2026-08-17T20:27:17.640118+00:00
cap_20260817T202702375085,cycle_20260817,08/18/2026,09:00 (ET),NYL@CHI,Chicago Sky,NOT_YET_SUBMITTED,2026-08-17T20:27:17.640118+00:00
cap_20260817T204202582577,cycle_20260817,08/18/2026,07:00 (ET),IND@TOR,Indiana Fever,NOT_YET_SUBMITTED,2026-08-17T20:42:17.100664+00:00
cap_20260817T204202582577,cycle_20260817,08/18/2026,07:00 (ET),IND@TOR,Toronto Tempo,NOT_YET_SUBMITTED,2026-08-17T20:42:17.100664+00:00
cap_20260817T204202582577,cycle_20260817,08/18/2026,07:00 (ET),LAS@CON,Los Angeles Sparks,NOT_YET_SUBMITTED,2026-08-17T20:42:17.100664+00:00
cap_20260817T204202582577,cycle_20260817,08/18/2026,07:00 (ET),LAS@CON,Connecticut Sun,NOT_YET_SUBMITTED,2026-08-17T20:42:17.100664+00:00
cap_20260817T204202582577,cycle_20260817,08/18/2026,09:00 (ET),ATL@LVA,Atlanta Dream,NOT_YET_SUBMITTED,2026-08-17T20:42:17.100664+00:00
cap_20260817T204202582577,cycle_20260817,08/18/2026,09:00 (ET),ATL@LVA,Las Vegas Aces,NOT_YET_SUBMITTED,2026-08-17T20:42:17.100664+00:00
cap_20260817T204202582577,cycle_20260817,08/18/2026,09:00 (ET),NYL@CHI,New York Liberty,NOT_YET_SUBMITTED,2026-08-17T20:42:17.100664+00:00
cap_20260817T204202582577,cycle_20260817,08/18/2026,09:00 (ET),NYL@CHI,Chicago Sky,NOT_YET_SUBMITTED,2026-08-17T20:42:17.100664+00:00
cap_20260817T211202088573,cycle_20260817,08/18/2026,07:00 (ET),IND@TOR,Indiana Fever,NOT_YET_SUBMITTED,2026-08-17T21:12:15.195829+00:00
cap_20260817T211202088573,cycle_20260817,08/18/2026,07:00 (ET),IND@TOR,Toronto Tempo,NOT_YET_SUBMITTED,2026-08-17T21:12:15.195829+00:00
cap_20260817T211202088573,cycle_20260817,08/18/2026,07:00 (ET),LAS@CON,Los Angeles Sparks,NOT_YET_SUBMITTED,2026-08-17T21:12:15.195829+00:00
cap_20260817T211202088573,cycle_20260817,08/18/2026,09:00 (ET),ATL@LVA,Atlanta Dream,NOT_YET_SUBMITTED,2026-08-17T21:12:15.195829+00:00
cap_20260817T211202088573,cycle_20260817,08/18/2026,09:00 (ET),ATL@LVA,Las Vegas Aces,NOT_YET_SUBMITTED,2026-08-17T21:12:15.195829+00:00
cap_20260817T211202088573,cycle_20260817,08/18/2026,09:00 (ET),NYL@CHI,New York Liberty,NOT_YET_SUBMITTED,2026-08-17T21:12:15.195829+00:00
cap_20260817T211202088573,cycle_20260817,08/18/2026,09:00 (ET),NYL@CHI,Chicago Sky,NOT_YET_SUBMITTED,2026-08-17T21:12:15.195829+00:00
cap_20260817T211216471722,cycle_20260817,08/18/2026,09:00 (ET),ATL@LVA,Atlanta Dream,NOT_YET_SUBMITTED,2026-08-17T21:12:26.539592+00:00
cap_20260817T211216471722,cycle_20260817,08/18/2026,09:00 (ET),ATL@LVA,Las Vegas Aces,NOT_YET_SUBMITTED,2026-08-17T21:12:26.539592+00:00
cap_20260817T211216471722,cycle_20260817,08/18/2026,09:00 (ET),NYL@CHI,New York Liberty,NOT_YET_SUBMITTED,2026-08-17T21:12:26.539592+00:00
cap_20260817T211216471722,cycle_20260817,08/18/2026,09:00 (ET),NYL@CHI,Chicago Sky,NOT_YET_SUBMITTED,2026-08-17T21:12:26.539592+00:00
cap_20260817T212702329465,cycle_20260817,08/18/2026,09:00 (ET),ATL@LVA,Atlanta Dream,NOT_YET_SUBMITTED,2026-08-17T21:27:16.645745+00:00
cap_20260817T212702329465,cycle_20260817,08/18/2026,09:00 (ET),ATL@LVA,Las Vegas Aces,NOT_YET_SUBMITTED,2026-08-17T21:27:16.645745+00:00
cap_20260817T212702329465,cycle_20260817,08/18/2026,09:00 (ET),NYL@CHI,New York Liberty,NOT_YET_SUBMITTED,2026-08-17T21:27:16.645745+00:00
cap_20260817T212702329465,cycle_20260817,08/18/2026,09:00 (ET),NYL@CHI,Chicago Sky,NOT_YET_SUBMITTED,2026-08-17T21:27:16.645745+00:00
cap_20260817T214202166506,cycle_20260817,08/18/2026,09:00 (ET),ATL@LVA,Atlanta Dream,NOT_YET_SUBMITTED,2026-08-17T21:42:15.936682+00:00
cap_20260817T214202166506,cycle_20260817,08/18/2026,09:00 (ET),ATL@LVA,Las Vegas Aces,NOT_YET_SUBMITTED,2026-08-17T21:42:15.936682+00:00
cap_20260817T214202166506,cycle_20260817,08/18/2026,09:00 (ET),NYL@CHI,New York Liberty,NOT_YET_SUBMITTED,2026-08-17T21:42:15.936682+00:00
cap_20260817T214202166506,cycle_20260817,08/18/2026,09:00 (ET),NYL@CHI,Chicago Sky,NOT_YET_SUBMITTED,2026-08-17T21:42:15.936682+00:00
cap_20260817T215702233704,cycle_20260817,08/18/2026,09:00 (ET),ATL@LVA,Atlanta Dream,NOT_YET_SUBMITTED,2026-08-17T21:57:16.223149+00:00
cap_20260817T215702233704,cycle_20260817,08/18/2026,09:00 (ET),ATL@LVA,Las Vegas Aces,NOT_YET_SUBMITTED,2026-08-17T21:57:16.223149+00:00
cap_20260817T215702233704,cycle_20260817,08/18/2026,09:00 (ET),NYL@CHI,New York Liberty,NOT_YET_SUBMITTED,2026-08-17T21:57:16.223149+00:00
cap_20260817T215702233704,cycle_20260817,08/18/2026,09:00 (ET),NYL@CHI,Chicago Sky,NOT_YET_SUBMITTED,2026-08-17T21:57:16.223149+00:00
cap_20260817T221202335180,cycle_20260817,08/18/2026,09:00 (ET),ATL@LVA,Atlanta Dream,NOT_YET_SUBMITTED,2026-08-17T22:12:16.019535+00:00
cap_20260817T221202335180,cycle_20260817,08/18/2026,09:00 (ET),ATL@LVA,Las Vegas Aces,NOT_YET_SUBMITTED,2026-08-17T22:12:16.019535+00:00
cap_20260817T222702250445,cycle_20260817,08/18/2026,09:00 (ET),ATL@LVA,Atlanta Dream,NOT_YET_SUBMITTED,2026-08-17T22:27:15.977662+00:00
cap_20260817T222702250445,cycle_20260817,08/18/2026,09:00 (ET),ATL@LVA,Las Vegas Aces,NOT_YET_SUBMITTED,2026-08-17T22:27:15.977662+00:00
cap_20260817T224202205871,cycle_20260817,08/18/2026,09:00 (ET),ATL@LVA,Atlanta Dream,NOT_YET_SUBMITTED,2026-08-17T22:42:15.637138+00:00
cap_20260817T224202205871,cycle_20260817,08/18/2026,09:00 (ET),ATL@LVA,Las Vegas Aces,NOT_YET_SUBMITTED,2026-08-17T22:42:15.637138+00:00
cap_20260817T225702227170,cycle_20260817,08/18/2026,09:00 (ET),ATL@LVA,Atlanta Dream,NOT_YET_SUBMITTED,2026-08-17T22:57:15.310821+00:00
cap_20260817T225702227170,cycle_20260817,08/18/2026,09:00 (ET),ATL@LVA,Las Vegas Aces,NOT_YET_SUBMITTED,2026-08-17T22:57:15.310821+00:00
cap_20260817T231202151524,cycle_20260817,08/18/2026,09:00 (ET),ATL@LVA,Atlanta Dream,NOT_YET_SUBMITTED,2026-08-17T23:12:15.483749+00:00
cap_20260817T231202151524,cycle_20260817,08/18/2026,09:00 (ET),ATL@LVA,Las Vegas Aces,NOT_YET_SUBMITTED,2026-08-17T23:12:15.483749+00:00
cap_20260817T232702251858,cycle_20260817,08/18/2026,09:00 (ET),ATL@LVA,Atlanta Dream,NOT_YET_SUBMITTED,2026-08-17T23:27:15.123741+00:00
cap_20260817T232702251858,cycle_20260817,08/18/2026,09:00 (ET),ATL@LVA,Las Vegas Aces,NOT_YET_SUBMITTED,2026-08-17T23:27:15.123741+00:00
cap_20260817T234202201771,cycle_20260817,08/18/2026,09:00 (ET),ATL@LVA,Atlanta Dream,NOT_YET_SUBMITTED,2026-08-17T23:42:15.967575+00:00
cap_20260817T234202201771,cycle_20260817,08/18/2026,09:00 (ET),ATL@LVA,Las Vegas Aces,NOT_YET_SUBMITTED,2026-08-17T23:42:15.967575+00:00
cap_20260817T235702325902,cycle_20260817,08/18/2026,09:00 (ET),ATL@LVA,Atlanta Dream,NOT_YET_SUBMITTED,2026-08-17T23:57:15.780473+00:00
cap_20260817T235702325902,cycle_20260817,08/18/2026,09:00 (ET),ATL@LVA,Las Vegas Aces,NOT_YET_SUBMITTED,2026-08-17T23:57:15.780473+00:00
cap_20260818T041202115156,cycle_20260818,08/19/2026,07:30 (ET),TOR@WAS,Toronto Tempo,NOT_YET_SUBMITTED,2026-08-18T04:12:14.569541+00:00
cap_20260818T041202115156,cycle_20260818,08/19/2026,07:30 (ET),TOR@WAS,Washington Mystics,NOT_YET_SUBMITTED,2026-08-18T04:12:14.569541+00:00
cap_20260818T041202115156,cycle_20260818,08/19/2026,10:00 (ET),MIN@GSV,Minnesota Lynx,NOT_YET_SUBMITTED,2026-08-18T04:12:14.569541+00:00
cap_20260818T041202115156,cycle_20260818,08/19/2026,10:00 (ET),MIN@GSV,Golden State Valkyries,NOT_YET_SUBMITTED,2026-08-18T04:12:14.569541+00:00
cap_20260818T042702341580,cycle_20260818,08/19/2026,07:30 (ET),TOR@WAS,Toronto Tempo,NOT_YET_SUBMITTED,2026-08-18T04:27:14.971265+00:00
cap_20260818T042702341580,cycle_20260818,08/19/2026,07:30 (ET),TOR@WAS,Washington Mystics,NOT_YET_SUBMITTED,2026-08-18T04:27:14.971265+00:00
cap_20260818T042702341580,cycle_20260818,08/19/2026,10:00 (ET),MIN@GSV,Minnesota Lynx,NOT_YET_SUBMITTED,2026-08-18T04:27:14.971265+00:00
cap_20260818T042702341580,cycle_20260818,08/19/2026,10:00 (ET),MIN@GSV,Golden State Valkyries,NOT_YET_SUBMITTED,2026-08-18T04:27:14.971265+00:00
cap_20260818T044202112409,cycle_20260818,08/19/2026,07:30 (ET),TOR@WAS,Toronto Tempo,NOT_YET_SUBMITTED,2026-08-18T04:42:15.332484+00:00
cap_20260818T044202112409,cycle_20260818,08/19/2026,07:30 (ET),TOR@WAS,Washington Mystics,NOT_YET_SUBMITTED,2026-08-18T04:42:15.332484+00:00
cap_20260818T044202112409,cycle_20260818,08/19/2026,10:00 (ET),MIN@GSV,Minnesota Lynx,NOT_YET_SUBMITTED,2026-08-18T04:42:15.332484+00:00
cap_20260818T044202112409,cycle_20260818,08/19/2026,10:00 (ET),MIN@GSV,Golden State Valkyries,NOT_YET_SUBMITTED,2026-08-18T04:42:15.332484+00:00
cap_20260818T045702187962,cycle_20260818,08/19/2026,07:30 (ET),TOR@WAS,Toronto Tempo,NOT_YET_SUBMITTED,2026-08-18T04:57:14.786651+00:00
cap_20260818T045702187962,cycle_20260818,08/19/2026,07:30 (ET),TOR@WAS,Washington Mystics,NOT_YET_SUBMITTED,2026-08-18T04:57:14.786651+00:00
cap_20260818T045702187962,cycle_20260818,08/19/2026,10:00 (ET),MIN@GSV,Minnesota Lynx,NOT_YET_SUBMITTED,2026-08-18T04:57:14.786651+00:00
cap_20260818T045702187962,cycle_20260818,08/19/2026,10:00 (ET),MIN@GSV,Golden State Valkyries,NOT_YET_SUBMITTED,2026-08-18T04:57:14.786651+00:00
cap_20260818T051202242494,cycle_20260818,08/19/2026,07:30 (ET),TOR@WAS,Toronto Tempo,NOT_YET_SUBMITTED,2026-08-18T05:12:15.221082+00:00
cap_20260818T051202242494,cycle_20260818,08/19/2026,07:30 (ET),TOR@WAS,Washington Mystics,NOT_YET_SUBMITTED,2026-08-18T05:12:15.221082+00:00
cap_20260818T051202242494,cycle_20260818,08/19/2026,10:00 (ET),MIN@GSV,Minnesota Lynx,NOT_YET_SUBMITTED,2026-08-18T05:12:15.221082+00:00
cap_20260818T051202242494,cycle_20260818,08/19/2026,10:00 (ET),MIN@GSV,Golden State Valkyries,NOT_YET_SUBMITTED,2026-08-18T05:12:15.221082+00:00
cap_20260818T052702334969,cycle_20260818,08/19/2026,07:30 (ET),TOR@WAS,Toronto Tempo,NOT_YET_SUBMITTED,2026-08-18T05:27:16.409948+00:00
cap_20260818T052702334969,cycle_20260818,08/19/2026,07:30 (ET),TOR@WAS,Washington Mystics,NOT_YET_SUBMITTED,2026-08-18T05:27:16.409948+00:00
cap_20260818T052702334969,cycle_20260818,08/19/2026,10:00 (ET),MIN@GSV,Minnesota Lynx,NOT_YET_SUBMITTED,2026-08-18T05:27:16.409948+00:00
cap_20260818T052702334969,cycle_20260818,08/19/2026,10:00 (ET),MIN@GSV,Golden State Valkyries,NOT_YET_SUBMITTED,2026-08-18T05:27:16.409948+00:00
cap_20260818T054202308649,cycle_20260818,08/19/2026,07:30 (ET),TOR@WAS,Toronto Tempo,NOT_YET_SUBMITTED,2026-08-18T05:42:15.428625+00:00
cap_20260818T054202308649,cycle_20260818,08/19/2026,07:30 (ET),TOR@WAS,Washington Mystics,NOT_YET_SUBMITTED,2026-08-18T05:42:15.428625+00:00
cap_20260818T054202308649,cycle_20260818,08/19/2026,10:00 (ET),MIN@GSV,Minnesota Lynx,NOT_YET_SUBMITTED,2026-08-18T05:42:15.428625+00:00
cap_20260818T054202308649,cycle_20260818,08/19/2026,10:00 (ET),MIN@GSV,Golden State Valkyries,NOT_YET_SUBMITTED,2026-08-18T05:42:15.428625+00:00
cap_20260818T055702316394,cycle_20260818,08/19/2026,07:30 (ET),TOR@WAS,Toronto Tempo,NOT_YET_SUBMITTED,2026-08-18T05:57:15.311924+00:00
cap_20260818T055702316394,cycle_20260818,08/19/2026,07:30 (ET),TOR@WAS,Washington Mystics,NOT_YET_SUBMITTED,2026-08-18T05:57:15.311924+00:00
cap_20260818T055702316394,cycle_20260818,08/19/2026,10:00 (ET),MIN@GSV,Minnesota Lynx,NOT_YET_SUBMITTED,2026-08-18T05:57:15.311924+00:00
cap_20260818T055702316394,cycle_20260818,08/19/2026,10:00 (ET),MIN@GSV,Golden State Valkyries,NOT_YET_SUBMITTED,2026-08-18T05:57:15.311924+00:00
cap_20260818T061202192752,cycle_20260818,08/19/2026,07:30 (ET),TOR@WAS,Toronto Tempo,NOT_YET_SUBMITTED,2026-08-18T06:12:16.220726+00:00
cap_20260818T061202192752,cycle_20260818,08/19/2026,07:30 (ET),TOR@WAS,Washington Mystics,NOT_YET_SUBMITTED,2026-08-18T06:12:16.220726+00:00
cap_20260818T061202192752,cycle_20260818,08/19/2026,10:00 (ET),MIN@GSV,Minnesota Lynx,NOT_YET_SUBMITTED,2026-08-18T06:12:16.220726+00:00
cap_20260818T061202192752,cycle_20260818,08/19/2026,10:00 (ET),MIN@GSV,Golden State Valkyries,NOT_YET_SUBMITTED,2026-08-18T06:12:16.220726+00:00
cap_20260818T062702216832,cycle_20260818,08/19/2026,07:30 (ET),TOR@WAS,Toronto Tempo,NOT_YET_SUBMITTED,2026-08-18T06:27:14.652450+00:00
cap_20260818T062702216832,cycle_20260818,08/19/2026,07:30 (ET),TOR@WAS,Washington Mystics,NOT_YET_SUBMITTED,2026-08-18T06:27:14.652450+00:00
cap_20260818T062702216832,cycle_20260818,08/19/2026,10:00 (ET),MIN@GSV,Minnesota Lynx,NOT_YET_SUBMITTED,2026-08-18T06:27:14.652450+00:00
cap_20260818T062702216832,cycle_20260818,08/19/2026,10:00 (ET),MIN@GSV,Golden State Valkyries,NOT_YET_SUBMITTED,2026-08-18T06:27:14.652450+00:00
cap_20260818T064202175731,cycle_20260818,08/19/2026,07:30 (ET),TOR@WAS,Toronto Tempo,NOT_YET_SUBMITTED,2026-08-18T06:42:15.231514+00:00
cap_20260818T064202175731,cycle_20260818,08/19/2026,07:30 (ET),TOR@WAS,Washington Mystics,NOT_YET_SUBMITTED,2026-08-18T06:42:15.231514+00:00
cap_20260818T064202175731,cycle_20260818,08/19/2026,10:00 (ET),MIN@GSV,Minnesota Lynx,NOT_YET_SUBMITTED,2026-08-18T06:42:15.231514+00:00
cap_20260818T064202175731,cycle_20260818,08/19/2026,10:00 (ET),MIN@GSV,Golden State Valkyries,NOT_YET_SUBMITTED,2026-08-18T06:42:15.231514+00:00
cap_20260818T065702195155,cycle_20260818,08/19/2026,07:30 (ET),TOR@WAS,Toronto Tempo,NOT_YET_SUBMITTED,2026-08-18T06:57:14.737754+00:00
cap_20260818T065702195155,cycle_20260818,08/19/2026,07:30 (ET),TOR@WAS,Washington Mystics,NOT_YET_SUBMITTED,2026-08-18T06:57:14.737754+00:00
cap_20260818T065702195155,cycle_20260818,08/19/2026,10:00 (ET),MIN@GSV,Minnesota Lynx,NOT_YET_SUBMITTED,2026-08-18T06:57:14.737754+00:00
cap_20260818T065702195155,cycle_20260818,08/19/2026,10:00 (ET),MIN@GSV,Golden State Valkyries,NOT_YET_SUBMITTED,2026-08-18T06:57:14.737754+00:00
cap_20260818T071202149450,cycle_20260818,08/19/2026,07:30 (ET),TOR@WAS,Toronto Tempo,NOT_YET_SUBMITTED,2026-08-18T07:12:14.643638+00:00
cap_20260818T071202149450,cycle_20260818,08/19/2026,07:30 (ET),TOR@WAS,Washington Mystics,NOT_YET_SUBMITTED,2026-08-18T07:12:14.643638+00:00
cap_20260818T071202149450,cycle_20260818,08/19/2026,10:00 (ET),MIN@GSV,Minnesota Lynx,NOT_YET_SUBMITTED,2026-08-18T07:12:14.643638+00:00
cap_20260818T071202149450,cycle_20260818,08/19/2026,10:00 (ET),MIN@GSV,Golden State Valkyries,NOT_YET_SUBMITTED,2026-08-18T07:12:14.643638+00:00
cap_20260818T072702173657,cycle_20260818,08/19/2026,07:30 (ET),TOR@WAS,Toronto Tempo,NOT_YET_SUBMITTED,2026-08-18T07:27:14.610748+00:00
cap_20260818T072702173657,cycle_20260818,08/19/2026,07:30 (ET),TOR@WAS,Washington Mystics,NOT_YET_SUBMITTED,2026-08-18T07:27:14.610748+00:00
cap_20260818T072702173657,cycle_20260818,08/19/2026,10:00 (ET),MIN@GSV,Minnesota Lynx,NOT_YET_SUBMITTED,2026-08-18T07:27:14.610748+00:00
cap_20260818T072702173657,cycle_20260818,08/19/2026,10:00 (ET),MIN@GSV,Golden State Valkyries,NOT_YET_SUBMITTED,2026-08-18T07:27:14.610748+00:00
cap_20260818T074202190318,cycle_20260818,08/19/2026,07:30 (ET),TOR@WAS,Toronto Tempo,NOT_YET_SUBMITTED,2026-08-18T07:42:14.588994+00:00
cap_20260818T074202190318,cycle_20260818,08/19/2026,07:30 (ET),TOR@WAS,Washington Mystics,NOT_YET_SUBMITTED,2026-08-18T07:42:14.588994+00:00
cap_20260818T074202190318,cycle_20260818,08/19/2026,10:00 (ET),MIN@GSV,Minnesota Lynx,NOT_YET_SUBMITTED,2026-08-18T07:42:14.588994+00:00
cap_20260818T074202190318,cycle_20260818,08/19/2026,10:00 (ET),MIN@GSV,Golden State Valkyries,NOT_YET_SUBMITTED,2026-08-18T07:42:14.588994+00:00
cap_20260818T075702200540,cycle_20260818,08/19/2026,07:30 (ET),TOR@WAS,Toronto Tempo,NOT_YET_SUBMITTED,2026-08-18T07:57:14.868820+00:00
cap_20260818T075702200540,cycle_20260818,08/19/2026,07:30 (ET),TOR@WAS,Washington Mystics,NOT_YET_SUBMITTED,2026-08-18T07:57:14.868820+00:00
cap_20260818T075702200540,cycle_20260818,08/19/2026,10:00 (ET),MIN@GSV,Minnesota Lynx,NOT_YET_SUBMITTED,2026-08-18T07:57:14.868820+00:00
cap_20260818T075702200540,cycle_20260818,08/19/2026,10:00 (ET),MIN@GSV,Golden State Valkyries,NOT_YET_SUBMITTED,2026-08-18T07:57:14.868820+00:00
cap_20260818T081202149004,cycle_20260818,08/19/2026,07:30 (ET),TOR@WAS,Toronto Tempo,NOT_YET_SUBMITTED,2026-08-18T08:12:15.537771+00:00
cap_20260818T081202149004,cycle_20260818,08/19/2026,07:30 (ET),TOR@WAS,Washington Mystics,NOT_YET_SUBMITTED,2026-08-18T08:12:15.537771+00:00
cap_20260818T081202149004,cycle_20260818,08/19/2026,10:00 (ET),MIN@GSV,Minnesota Lynx,NOT_YET_SUBMITTED,2026-08-18T08:12:15.537771+00:00
cap_20260818T081202149004,cycle_20260818,08/19/2026,10:00 (ET),MIN@GSV,Golden State Valkyries,NOT_YET_SUBMITTED,2026-08-18T08:12:15.537771+00:00
cap_20260818T082702259397,cycle_20260818,08/19/2026,07:30 (ET),TOR@WAS,Toronto Tempo,NOT_YET_SUBMITTED,2026-08-18T08:27:14.937219+00:00
cap_20260818T082702259397,cycle_20260818,08/19/2026,07:30 (ET),TOR@WAS,Washington Mystics,NOT_YET_SUBMITTED,2026-08-18T08:27:14.937219+00:00
cap_20260818T082702259397,cycle_20260818,08/19/2026,10:00 (ET),MIN@GSV,Minnesota Lynx,NOT_YET_SUBMITTED,2026-08-18T08:27:14.937219+00:00
cap_20260818T082702259397,cycle_20260818,08/19/2026,10:00 (ET),MIN@GSV,Golden State Valkyries,NOT_YET_SUBMITTED,2026-08-18T08:27:14.937219+00:00
cap_20260818T084202171693,cycle_20260818,08/19/2026,07:30 (ET),TOR@WAS,Toronto Tempo,NOT_YET_SUBMITTED,2026-08-18T08:42:14.608338+00:00
cap_20260818T084202171693,cycle_20260818,08/19/2026,07:30 (ET),TOR@WAS,Washington Mystics,NOT_YET_SUBMITTED,2026-08-18T08:42:14.608338+00:00
cap_20260818T084202171693,cycle_20260818,08/19/2026,10:00 (ET),MIN@GSV,Minnesota Lynx,NOT_YET_SUBMITTED,2026-08-18T08:42:14.608338+00:00
cap_20260818T084202171693,cycle_20260818,08/19/2026,10:00 (ET),MIN@GSV,Golden State Valkyries,NOT_YET_SUBMITTED,2026-08-18T08:42:14.608338+00:00
cap_20260818T085702226514,cycle_20260818,08/19/2026,07:30 (ET),TOR@WAS,Toronto Tempo,NOT_YET_SUBMITTED,2026-08-18T08:57:14.675552+00:00
cap_20260818T085702226514,cycle_20260818,08/19/2026,07:30 (ET),TOR@WAS,Washington Mystics,NOT_YET_SUBMITTED,2026-08-18T08:57:14.675552+00:00
cap_20260818T085702226514,cycle_20260818,08/19/2026,10:00 (ET),MIN@GSV,Minnesota Lynx,NOT_YET_SUBMITTED,2026-08-18T08:57:14.675552+00:00
cap_20260818T085702226514,cycle_20260818,08/19/2026,10:00 (ET),MIN@GSV,Golden State Valkyries,NOT_YET_SUBMITTED,2026-08-18T08:57:14.675552+00:00
cap_20260818T091202187206,cycle_20260818,08/19/2026,07:30 (ET),TOR@WAS,Toronto Tempo,NOT_YET_SUBMITTED,2026-08-18T09:12:14.711753+00:00
cap_20260818T091202187206,cycle_20260818,08/19/2026,07:30 (ET),TOR@WAS,Washington Mystics,NOT_YET_SUBMITTED,2026-08-18T09:12:14.711753+00:00
cap_20260818T091202187206,cycle_20260818,08/19/2026,10:00 (ET),MIN@GSV,Minnesota Lynx,NOT_YET_SUBMITTED,2026-08-18T09:12:14.711753+00:00
cap_20260818T091202187206,cycle_20260818,08/19/2026,10:00 (ET),MIN@GSV,Golden State Valkyries,NOT_YET_SUBMITTED,2026-08-18T09:12:14.711753+00:00
cap_20260818T092702206801,cycle_20260818,08/19/2026,07:30 (ET),TOR@WAS,Toronto Tempo,NOT_YET_SUBMITTED,2026-08-18T09:27:14.775866+00:00
cap_20260818T092702206801,cycle_20260818,08/19/2026,07:30 (ET),TOR@WAS,Washington Mystics,NOT_YET_SUBMITTED,2026-08-18T09:27:14.775866+00:00
cap_20260818T092702206801,cycle_20260818,08/19/2026,10:00 (ET),MIN@GSV,Minnesota Lynx,NOT_YET_SUBMITTED,2026-08-18T09:27:14.775866+00:00
cap_20260818T092702206801,cycle_20260818,08/19/2026,10:00 (ET),MIN@GSV,Golden State Valkyries,NOT_YET_SUBMITTED,2026-08-18T09:27:14.775866+00:00
cap_20260818T094202143003,cycle_20260818,08/19/2026,07:30 (ET),TOR@WAS,Toronto Tempo,NOT_YET_SUBMITTED,2026-08-18T09:42:14.389874+00:00
cap_20260818T094202143003,cycle_20260818,08/19/2026,07:30 (ET),TOR@WAS,Washington Mystics,NOT_YET_SUBMITTED,2026-08-18T09:42:14.389874+00:00
cap_20260818T094202143003,cycle_20260818,08/19/2026,10:00 (ET),MIN@GSV,Minnesota Lynx,NOT_YET_SUBMITTED,2026-08-18T09:42:14.389874+00:00
cap_20260818T094202143003,cycle_20260818,08/19/2026,10:00 (ET),MIN@GSV,Golden State Valkyries,NOT_YET_SUBMITTED,2026-08-18T09:42:14.389874+00:00
cap_20260818T095702306136,cycle_20260818,08/19/2026,07:30 (ET),TOR@WAS,Toronto Tempo,NOT_YET_SUBMITTED,2026-08-18T09:57:16.693528+00:00
cap_20260818T095702306136,cycle_20260818,08/19/2026,07:30 (ET),TOR@WAS,Washington Mystics,NOT_YET_SUBMITTED,2026-08-18T09:57:16.693528+00:00
cap_20260818T095702306136,cycle_20260818,08/19/2026,10:00 (ET),MIN@GSV,Minnesota Lynx,NOT_YET_SUBMITTED,2026-08-18T09:57:16.693528+00:00
cap_20260818T095702306136,cycle_20260818,08/19/2026,10:00 (ET),MIN@GSV,Golden State Valkyries,NOT_YET_SUBMITTED,2026-08-18T09:57:16.693528+00:00
cap_20260818T101202170851,cycle_20260818,08/19/2026,07:30 (ET),TOR@WAS,Toronto Tempo,NOT_YET_SUBMITTED,2026-08-18T10:12:15.262453+00:00
cap_20260818T101202170851,cycle_20260818,08/19/2026,07:30 (ET),TOR@WAS,Washington Mystics,NOT_YET_SUBMITTED,2026-08-18T10:12:15.262453+00:00
cap_20260818T101202170851,cycle_20260818,08/19/2026,10:00 (ET),MIN@GSV,Minnesota Lynx,NOT_YET_SUBMITTED,2026-08-18T10:12:15.262453+00:00
cap_20260818T101202170851,cycle_20260818,08/19/2026,10:00 (ET),MIN@GSV,Golden State Valkyries,NOT_YET_SUBMITTED,2026-08-18T10:12:15.262453+00:00
cap_20260818T102702177329,cycle_20260818,08/19/2026,07:30 (ET),TOR@WAS,Toronto Tempo,NOT_YET_SUBMITTED,2026-08-18T10:27:14.805817+00:00
cap_20260818T102702177329,cycle_20260818,08/19/2026,07:30 (ET),TOR@WAS,Washington Mystics,NOT_YET_SUBMITTED,2026-08-18T10:27:14.805817+00:00
cap_20260818T102702177329,cycle_20260818,08/19/2026,10:00 (ET),MIN@GSV,Minnesota Lynx,NOT_YET_SUBMITTED,2026-08-18T10:27:14.805817+00:00
cap_20260818T102702177329,cycle_20260818,08/19/2026,10:00 (ET),MIN@GSV,Golden State Valkyries,NOT_YET_SUBMITTED,2026-08-18T10:27:14.805817+00:00
cap_20260818T104202186257,cycle_20260818,08/19/2026,07:30 (ET),TOR@WAS,Toronto Tempo,NOT_YET_SUBMITTED,2026-08-18T10:42:14.517565+00:00
cap_20260818T104202186257,cycle_20260818,08/19/2026,07:30 (ET),TOR@WAS,Washington Mystics,NOT_YET_SUBMITTED,2026-08-18T10:42:14.517565+00:00
cap_20260818T104202186257,cycle_20260818,08/19/2026,10:00 (ET),MIN@GSV,Minnesota Lynx,NOT_YET_SUBMITTED,2026-08-18T10:42:14.517565+00:00
cap_20260818T104202186257,cycle_20260818,08/19/2026,10:00 (ET),MIN@GSV,Golden State Valkyries,NOT_YET_SUBMITTED,2026-08-18T10:42:14.517565+00:00
cap_20260818T105702186379,cycle_20260818,08/19/2026,07:30 (ET),TOR@WAS,Toronto Tempo,NOT_YET_SUBMITTED,2026-08-18T10:57:14.731781+00:00
cap_20260818T105702186379,cycle_20260818,08/19/2026,07:30 (ET),TOR@WAS,Washington Mystics,NOT_YET_SUBMITTED,2026-08-18T10:57:14.731781+00:00
cap_20260818T105702186379,cycle_20260818,08/19/2026,10:00 (ET),MIN@GSV,Minnesota Lynx,NOT_YET_SUBMITTED,2026-08-18T10:57:14.731781+00:00
cap_20260818T105702186379,cycle_20260818,08/19/2026,10:00 (ET),MIN@GSV,Golden State Valkyries,NOT_YET_SUBMITTED,2026-08-18T10:57:14.731781+00:00
cap_20260818T111202140139,cycle_20260818,08/19/2026,07:30 (ET),TOR@WAS,Toronto Tempo,NOT_YET_SUBMITTED,2026-08-18T11:12:14.659684+00:00
cap_20260818T111202140139,cycle_20260818,08/19/2026,07:30 (ET),TOR@WAS,Washington Mystics,NOT_YET_SUBMITTED,2026-08-18T11:12:14.659684+00:00
cap_20260818T111202140139,cycle_20260818,08/19/2026,10:00 (ET),MIN@GSV,Minnesota Lynx,NOT_YET_SUBMITTED,2026-08-18T11:12:14.659684+00:00
cap_20260818T111202140139,cycle_20260818,08/19/2026,10:00 (ET),MIN@GSV,Golden State Valkyries,NOT_YET_SUBMITTED,2026-08-18T11:12:14.659684+00:00
cap_20260818T131202283747,cycle_20260818,08/19/2026,07:30 (ET),TOR@WAS,Toronto Tempo,NOT_YET_SUBMITTED,2026-08-18T13:12:15.496574+00:00
cap_20260818T131202283747,cycle_20260818,08/19/2026,07:30 (ET),TOR@WAS,Washington Mystics,NOT_YET_SUBMITTED,2026-08-18T13:12:15.496574+00:00
cap_20260818T131202283747,cycle_20260818,08/19/2026,10:00 (ET),MIN@GSV,Minnesota Lynx,NOT_YET_SUBMITTED,2026-08-18T13:12:15.496574+00:00
cap_20260818T131202283747,cycle_20260818,08/19/2026,10:00 (ET),MIN@GSV,Golden State Valkyries,NOT_YET_SUBMITTED,2026-08-18T13:12:15.496574+00:00
cap_20260818T131216794798,cycle_20260818,08/19/2026,07:30 (ET),TOR@WAS,Toronto Tempo,NOT_YET_SUBMITTED,2026-08-18T13:12:26.823939+00:00
cap_20260818T131216794798,cycle_20260818,08/19/2026,07:30 (ET),TOR@WAS,Washington Mystics,NOT_YET_SUBMITTED,2026-08-18T13:12:26.823939+00:00
cap_20260818T131216794798,cycle_20260818,08/19/2026,10:00 (ET),MIN@GSV,Minnesota Lynx,NOT_YET_SUBMITTED,2026-08-18T13:12:26.823939+00:00
cap_20260818T131216794798,cycle_20260818,08/19/2026,10:00 (ET),MIN@GSV,Golden State Valkyries,NOT_YET_SUBMITTED,2026-08-18T13:12:26.823939+00:00
cap_20260818T131227158023,cycle_20260818,08/19/2026,07:30 (ET),TOR@WAS,Toronto Tempo,NOT_YET_SUBMITTED,2026-08-18T13:12:37.207023+00:00
cap_20260818T131227158023,cycle_20260818,08/19/2026,07:30 (ET),TOR@WAS,Washington Mystics,NOT_YET_SUBMITTED,2026-08-18T13:12:37.207023+00:00
cap_20260818T131227158023,cycle_20260818,08/19/2026,10:00 (ET),MIN@GSV,Minnesota Lynx,NOT_YET_SUBMITTED,2026-08-18T13:12:37.207023+00:00
cap_20260818T131227158023,cycle_20260818,08/19/2026,10:00 (ET),MIN@GSV,Golden State Valkyries,NOT_YET_SUBMITTED,2026-08-18T13:12:37.207023+00:00
cap_20260818T131237524388,cycle_20260818,08/19/2026,07:30 (ET),TOR@WAS,Toronto Tempo,NOT_YET_SUBMITTED,2026-08-18T13:12:47.554963+00:00
cap_20260818T131237524388,cycle_20260818,08/19/2026,07:30 (ET),TOR@WAS,Washington Mystics,NOT_YET_SUBMITTED,2026-08-18T13:12:47.554963+00:00
cap_20260818T131237524388,cycle_20260818,08/19/2026,10:00 (ET),MIN@GSV,Minnesota Lynx,NOT_YET_SUBMITTED,2026-08-18T13:12:47.554963+00:00
cap_20260818T131237524388,cycle_20260818,08/19/2026,10:00 (ET),MIN@GSV,Golden State Valkyries,NOT_YET_SUBMITTED,2026-08-18T13:12:47.554963+00:00
cap_20260818T131247883600,cycle_20260818,08/19/2026,07:30 (ET),TOR@WAS,Toronto Tempo,NOT_YET_SUBMITTED,2026-08-18T13:12:57.929255+00:00
cap_20260818T131247883600,cycle_20260818,08/19/2026,07:30 (ET),TOR@WAS,Washington Mystics,NOT_YET_SUBMITTED,2026-08-18T13:12:57.929255+00:00
cap_20260818T131247883600,cycle_20260818,08/19/2026,10:00 (ET),MIN@GSV,Minnesota Lynx,NOT_YET_SUBMITTED,2026-08-18T13:12:57.929255+00:00
cap_20260818T131247883600,cycle_20260818,08/19/2026,10:00 (ET),MIN@GSV,Golden State Valkyries,NOT_YET_SUBMITTED,2026-08-18T13:12:57.929255+00:00
cap_20260818T131258259360,cycle_20260818,08/19/2026,07:30 (ET),TOR@WAS,Toronto Tempo,NOT_YET_SUBMITTED,2026-08-18T13:13:08.287030+00:00
cap_20260818T131258259360,cycle_20260818,08/19/2026,07:30 (ET),TOR@WAS,Washington Mystics,NOT_YET_SUBMITTED,2026-08-18T13:13:08.287030+00:00
cap_20260818T131258259360,cycle_20260818,08/19/2026,10:00 (ET),MIN@GSV,Minnesota Lynx,NOT_YET_SUBMITTED,2026-08-18T13:13:08.287030+00:00
cap_20260818T131258259360,cycle_20260818,08/19/2026,10:00 (ET),MIN@GSV,Golden State Valkyries,NOT_YET_SUBMITTED,2026-08-18T13:13:08.287030+00:00
cap_20260818T131308597214,cycle_20260818,08/19/2026,07:30 (ET),TOR@WAS,Toronto Tempo,NOT_YET_SUBMITTED,2026-08-18T13:13:18.636325+00:00
cap_20260818T131308597214,cycle_20260818,08/19/2026,07:30 (ET),TOR@WAS,Washington Mystics,NOT_YET_SUBMITTED,2026-08-18T13:13:18.636325+00:00
cap_20260818T131308597214,cycle_20260818,08/19/2026,10:00 (ET),MIN@GSV,Minnesota Lynx,NOT_YET_SUBMITTED,2026-08-18T13:13:18.636325+00:00
cap_20260818T131308597214,cycle_20260818,08/19/2026,10:00 (ET),MIN@GSV,Golden State Valkyries,NOT_YET_SUBMITTED,2026-08-18T13:13:18.636325+00:00
cap_20260818T131318966442,cycle_20260818,08/19/2026,07:30 (ET),TOR@WAS,Toronto Tempo,NOT_YET_SUBMITTED,2026-08-18T13:13:29.014835+00:00
cap_20260818T131318966442,cycle_20260818,08/19/2026,07:30 (ET),TOR@WAS,Washington Mystics,NOT_YET_SUBMITTED,2026-08-18T13:13:29.014835+00:00
cap_20260818T131318966442,cycle_20260818,08/19/2026,10:00 (ET),MIN@GSV,Minnesota Lynx,NOT_YET_SUBMITTED,2026-08-18T13:13:29.014835+00:00
cap_20260818T131318966442,cycle_20260818,08/19/2026,10:00 (ET),MIN@GSV,Golden State Valkyries,NOT_YET_SUBMITTED,2026-08-18T13:13:29.014835+00:00
cap_20260818T132702469148,cycle_20260818,08/19/2026,07:30 (ET),TOR@WAS,Toronto Tempo,NOT_YET_SUBMITTED,2026-08-18T13:27:21.569987+00:00
cap_20260818T132702469148,cycle_20260818,08/19/2026,07:30 (ET),TOR@WAS,Washington Mystics,NOT_YET_SUBMITTED,2026-08-18T13:27:21.569987+00:00
cap_20260818T132702469148,cycle_20260818,08/19/2026,10:00 (ET),MIN@GSV,Minnesota Lynx,NOT_YET_SUBMITTED,2026-08-18T13:27:21.569987+00:00
cap_20260818T132702469148,cycle_20260818,08/19/2026,10:00 (ET),MIN@GSV,Golden State Valkyries,NOT_YET_SUBMITTED,2026-08-18T13:27:21.569987+00:00
cap_20260818T135702362062,cycle_20260818,08/19/2026,07:30 (ET),TOR@WAS,Toronto Tempo,NOT_YET_SUBMITTED,2026-08-18T13:57:15.615718+00:00
cap_20260818T135702362062,cycle_20260818,08/19/2026,07:30 (ET),TOR@WAS,Washington Mystics,NOT_YET_SUBMITTED,2026-08-18T13:57:15.615718+00:00
cap_20260818T135702362062,cycle_20260818,08/19/2026,10:00 (ET),MIN@GSV,Minnesota Lynx,NOT_YET_SUBMITTED,2026-08-18T13:57:15.615718+00:00
cap_20260818T135702362062,cycle_20260818,08/19/2026,10:00 (ET),MIN@GSV,Golden State Valkyries,NOT_YET_SUBMITTED,2026-08-18T13:57:15.615718+00:00
cap_20260818T135716849574,cycle_20260818,08/19/2026,07:30 (ET),TOR@WAS,Toronto Tempo,NOT_YET_SUBMITTED,2026-08-18T13:57:26.920895+00:00
cap_20260818T135716849574,cycle_20260818,08/19/2026,07:30 (ET),TOR@WAS,Washington Mystics,NOT_YET_SUBMITTED,2026-08-18T13:57:26.920895+00:00
cap_20260818T135716849574,cycle_20260818,08/19/2026,10:00 (ET),MIN@GSV,Minnesota Lynx,NOT_YET_SUBMITTED,2026-08-18T13:57:26.920895+00:00
cap_20260818T135716849574,cycle_20260818,08/19/2026,10:00 (ET),MIN@GSV,Golden State Valkyries,NOT_YET_SUBMITTED,2026-08-18T13:57:26.920895+00:00
cap_20260818T141202526416,cycle_20260818,08/19/2026,07:30 (ET),TOR@WAS,Toronto Tempo,NOT_YET_SUBMITTED,2026-08-18T14:12:15.187878+00:00
cap_20260818T141202526416,cycle_20260818,08/19/2026,07:30 (ET),TOR@WAS,Washington Mystics,NOT_YET_SUBMITTED,2026-08-18T14:12:15.187878+00:00
cap_20260818T141202526416,cycle_20260818,08/19/2026,10:00 (ET),MIN@GSV,Minnesota Lynx,NOT_YET_SUBMITTED,2026-08-18T14:12:15.187878+00:00
cap_20260818T141202526416,cycle_20260818,08/19/2026,10:00 (ET),MIN@GSV,Golden State Valkyries,NOT_YET_SUBMITTED,2026-08-18T14:12:15.187878+00:00
cap_20260818T142702395667,cycle_20260818,08/19/2026,07:30 (ET),TOR@WAS,Toronto Tempo,NOT_YET_SUBMITTED,2026-08-18T14:27:15.554829+00:00
cap_20260818T142702395667,cycle_20260818,08/19/2026,07:30 (ET),TOR@WAS,Washington Mystics,NOT_YET_SUBMITTED,2026-08-18T14:27:15.554829+00:00
cap_20260818T142702395667,cycle_20260818,08/19/2026,10:00 (ET),MIN@GSV,Minnesota Lynx,NOT_YET_SUBMITTED,2026-08-18T14:27:15.554829+00:00
cap_20260818T142702395667,cycle_20260818,08/19/2026,10:00 (ET),MIN@GSV,Golden State Valkyries,NOT_YET_SUBMITTED,2026-08-18T14:27:15.554829+00:00
cap_20260818T151202392101,cycle_20260818,08/19/2026,07:30 (ET),TOR@WAS,Toronto Tempo,NOT_YET_SUBMITTED,2026-08-18T15:12:17.163179+00:00
cap_20260818T151202392101,cycle_20260818,08/19/2026,07:30 (ET),TOR@WAS,Washington Mystics,NOT_YET_SUBMITTED,2026-08-18T15:12:17.163179+00:00
cap_20260818T151202392101,cycle_20260818,08/19/2026,10:00 (ET),MIN@GSV,Minnesota Lynx,NOT_YET_SUBMITTED,2026-08-18T15:12:17.163179+00:00
cap_20260818T151202392101,cycle_20260818,08/19/2026,10:00 (ET),MIN@GSV,Golden State Valkyries,NOT_YET_SUBMITTED,2026-08-18T15:12:17.163179+00:00
cap_20260818T151218492169,cycle_20260818,08/19/2026,07:30 (ET),TOR@WAS,Toronto Tempo,NOT_YET_SUBMITTED,2026-08-18T15:12:28.565374+00:00
cap_20260818T151218492169,cycle_20260818,08/19/2026,07:30 (ET),TOR@WAS,Washington Mystics,NOT_YET_SUBMITTED,2026-08-18T15:12:28.565374+00:00
cap_20260818T151218492169,cycle_20260818,08/19/2026,10:00 (ET),MIN@GSV,Minnesota Lynx,NOT_YET_SUBMITTED,2026-08-18T15:12:28.565374+00:00
cap_20260818T151218492169,cycle_20260818,08/19/2026,10:00 (ET),MIN@GSV,Golden State Valkyries,NOT_YET_SUBMITTED,2026-08-18T15:12:28.565374+00:00
cap_20260818T151229054510,cycle_20260818,08/19/2026,07:30 (ET),TOR@WAS,Toronto Tempo,NOT_YET_SUBMITTED,2026-08-18T15:12:39.146264+00:00
cap_20260818T151229054510,cycle_20260818,08/19/2026,07:30 (ET),TOR@WAS,Washington Mystics,NOT_YET_SUBMITTED,2026-08-18T15:12:39.146264+00:00
cap_20260818T151229054510,cycle_20260818,08/19/2026,10:00 (ET),MIN@GSV,Minnesota Lynx,NOT_YET_SUBMITTED,2026-08-18T15:12:39.146264+00:00
cap_20260818T151229054510,cycle_20260818,08/19/2026,10:00 (ET),MIN@GSV,Golden State Valkyries,NOT_YET_SUBMITTED,2026-08-18T15:12:39.146264+00:00
cap_20260818T152702884572,cycle_20260818,08/19/2026,07:30 (ET),TOR@WAS,Toronto Tempo,NOT_YET_SUBMITTED,2026-08-18T15:27:16.232828+00:00
cap_20260818T152702884572,cycle_20260818,08/19/2026,07:30 (ET),TOR@WAS,Washington Mystics,NOT_YET_SUBMITTED,2026-08-18T15:27:16.232828+00:00
cap_20260818T152702884572,cycle_20260818,08/19/2026,10:00 (ET),MIN@GSV,Minnesota Lynx,NOT_YET_SUBMITTED,2026-08-18T15:27:16.232828+00:00
cap_20260818T152702884572,cycle_20260818,08/19/2026,10:00 (ET),MIN@GSV,Golden State Valkyries,NOT_YET_SUBMITTED,2026-08-18T15:27:16.232828+00:00
cap_20260818T154202376364,cycle_20260818,08/19/2026,07:30 (ET),TOR@WAS,Toronto Tempo,NOT_YET_SUBMITTED,2026-08-18T15:42:15.482908+00:00
cap_20260818T154202376364,cycle_20260818,08/19/2026,07:30 (ET),TOR@WAS,Washington Mystics,NOT_YET_SUBMITTED,2026-08-18T15:42:15.482908+00:00
cap_20260818T154202376364,cycle_20260818,08/19/2026,10:00 (ET),MIN@GSV,Minnesota Lynx,NOT_YET_SUBMITTED,2026-08-18T15:42:15.482908+00:00
cap_20260818T154202376364,cycle_20260818,08/19/2026,10:00 (ET),MIN@GSV,Golden State Valkyries,NOT_YET_SUBMITTED,2026-08-18T15:42:15.482908+00:00
cap_20260818T155703184685,cycle_20260818,08/19/2026,07:30 (ET),TOR@WAS,Toronto Tempo,NOT_YET_SUBMITTED,2026-08-18T15:57:22.967575+00:00
cap_20260818T155703184685,cycle_20260818,08/19/2026,07:30 (ET),TOR@WAS,Washington Mystics,NOT_YET_SUBMITTED,2026-08-18T15:57:22.967575+00:00
cap_20260818T155703184685,cycle_20260818,08/19/2026,10:00 (ET),MIN@GSV,Minnesota Lynx,NOT_YET_SUBMITTED,2026-08-18T15:57:22.967575+00:00
cap_20260818T155703184685,cycle_20260818,08/19/2026,10:00 (ET),MIN@GSV,Golden State Valkyries,NOT_YET_SUBMITTED,2026-08-18T15:57:22.967575+00:00
cap_20260818T161202872024,cycle_20260818,08/19/2026,07:30 (ET),TOR@WAS,Toronto Tempo,NOT_YET_SUBMITTED,2026-08-18T16:12:15.419522+00:00
cap_20260818T161202872024,cycle_20260818,08/19/2026,07:30 (ET),TOR@WAS,Washington Mystics,NOT_YET_SUBMITTED,2026-08-18T16:12:15.419522+00:00
cap_20260818T161202872024,cycle_20260818,08/19/2026,10:00 (ET),MIN@GSV,Minnesota Lynx,NOT_YET_SUBMITTED,2026-08-18T16:12:15.419522+00:00
cap_20260818T161202872024,cycle_20260818,08/19/2026,10:00 (ET),MIN@GSV,Golden State Valkyries,NOT_YET_SUBMITTED,2026-08-18T16:12:15.419522+00:00
cap_20260818T162702816627,cycle_20260818,08/19/2026,07:30 (ET),TOR@WAS,Toronto Tempo,NOT_YET_SUBMITTED,2026-08-18T16:27:15.840689+00:00
cap_20260818T162702816627,cycle_20260818,08/19/2026,07:30 (ET),TOR@WAS,Washington Mystics,NOT_YET_SUBMITTED,2026-08-18T16:27:15.840689+00:00
cap_20260818T162702816627,cycle_20260818,08/19/2026,10:00 (ET),MIN@GSV,Minnesota Lynx,NOT_YET_SUBMITTED,2026-08-18T16:27:15.840689+00:00
cap_20260818T162702816627,cycle_20260818,08/19/2026,10:00 (ET),MIN@GSV,Golden State Valkyries,NOT_YET_SUBMITTED,2026-08-18T16:27:15.840689+00:00
cap_20260818T165702498263,cycle_20260818,08/19/2026,07:30 (ET),TOR@WAS,Toronto Tempo,NOT_YET_SUBMITTED,2026-08-18T16:57:15.614790+00:00
cap_20260818T165702498263,cycle_20260818,08/19/2026,07:30 (ET),TOR@WAS,Washington Mystics,NOT_YET_SUBMITTED,2026-08-18T16:57:15.614790+00:00
cap_20260818T165702498263,cycle_20260818,08/19/2026,10:00 (ET),MIN@GSV,Minnesota Lynx,NOT_YET_SUBMITTED,2026-08-18T16:57:15.614790+00:00
cap_20260818T165702498263,cycle_20260818,08/19/2026,10:00 (ET),MIN@GSV,Golden State Valkyries,NOT_YET_SUBMITTED,2026-08-18T16:57:15.614790+00:00
cap_20260818T165718039658,cycle_20260818,08/19/2026,07:30 (ET),TOR@WAS,Toronto Tempo,NOT_YET_SUBMITTED,2026-08-18T16:57:28.105081+00:00
cap_20260818T165718039658,cycle_20260818,08/19/2026,07:30 (ET),TOR@WAS,Washington Mystics,NOT_YET_SUBMITTED,2026-08-18T16:57:28.105081+00:00
cap_20260818T165718039658,cycle_20260818,08/19/2026,10:00 (ET),MIN@GSV,Minnesota Lynx,NOT_YET_SUBMITTED,2026-08-18T16:57:28.105081+00:00
cap_20260818T165718039658,cycle_20260818,08/19/2026,10:00 (ET),MIN@GSV,Golden State Valkyries,NOT_YET_SUBMITTED,2026-08-18T16:57:28.105081+00:00
cap_20260818T171202478285,cycle_20260818,08/19/2026,07:30 (ET),TOR@WAS,Toronto Tempo,NOT_YET_SUBMITTED,2026-08-18T17:12:16.364207+00:00
cap_20260818T171202478285,cycle_20260818,08/19/2026,07:30 (ET),TOR@WAS,Washington Mystics,NOT_YET_SUBMITTED,2026-08-18T17:12:16.364207+00:00
cap_20260818T171202478285,cycle_20260818,08/19/2026,10:00 (ET),MIN@GSV,Minnesota Lynx,NOT_YET_SUBMITTED,2026-08-18T17:12:16.364207+00:00
cap_20260818T171202478285,cycle_20260818,08/19/2026,10:00 (ET),MIN@GSV,Golden State Valkyries,NOT_YET_SUBMITTED,2026-08-18T17:12:16.364207+00:00
cap_20260818T172702378756,cycle_20260818,08/19/2026,07:30 (ET),TOR@WAS,Toronto Tempo,NOT_YET_SUBMITTED,2026-08-18T17:27:15.252529+00:00
cap_20260818T172702378756,cycle_20260818,08/19/2026,07:30 (ET),TOR@WAS,Washington Mystics,NOT_YET_SUBMITTED,2026-08-18T17:27:15.252529+00:00
cap_20260818T172702378756,cycle_20260818,08/19/2026,10:00 (ET),MIN@GSV,Minnesota Lynx,NOT_YET_SUBMITTED,2026-08-18T17:27:15.252529+00:00
cap_20260818T172702378756,cycle_20260818,08/19/2026,10:00 (ET),MIN@GSV,Golden State Valkyries,NOT_YET_SUBMITTED,2026-08-18T17:27:15.252529+00:00
cap_20260818T174202351937,cycle_20260818,08/19/2026,07:30 (ET),TOR@WAS,Toronto Tempo,NOT_YET_SUBMITTED,2026-08-18T17:42:16.396871+00:00
cap_20260818T174202351937,cycle_20260818,08/19/2026,07:30 (ET),TOR@WAS,Washington Mystics,NOT_YET_SUBMITTED,2026-08-18T17:42:16.396871+00:00
cap_20260818T174202351937,cycle_20260818,08/19/2026,10:00 (ET),MIN@GSV,Minnesota Lynx,NOT_YET_SUBMITTED,2026-08-18T17:42:16.396871+00:00
cap_20260818T174202351937,cycle_20260818,08/19/2026,10:00 (ET),MIN@GSV,Golden State Valkyries,NOT_YET_SUBMITTED,2026-08-18T17:42:16.396871+00:00
cap_20260818T175702342200,cycle_20260818,08/19/2026,07:30 (ET),TOR@WAS,Toronto Tempo,NOT_YET_SUBMITTED,2026-08-18T17:57:15.243685+00:00
cap_20260818T175702342200,cycle_20260818,08/19/2026,07:30 (ET),TOR@WAS,Washington Mystics,NOT_YET_SUBMITTED,2026-08-18T17:57:15.243685+00:00
cap_20260818T175702342200,cycle_20260818,08/19/2026,10:00 (ET),MIN@GSV,Minnesota Lynx,NOT_YET_SUBMITTED,2026-08-18T17:57:15.243685+00:00
cap_20260818T175702342200,cycle_20260818,08/19/2026,10:00 (ET),MIN@GSV,Golden State Valkyries,NOT_YET_SUBMITTED,2026-08-18T17:57:15.243685+00:00
cap_20260818T181202356827,cycle_20260818,08/19/2026,07:30 (ET),TOR@WAS,Toronto Tempo,NOT_YET_SUBMITTED,2026-08-18T18:12:16.424763+00:00
cap_20260818T181202356827,cycle_20260818,08/19/2026,07:30 (ET),TOR@WAS,Washington Mystics,NOT_YET_SUBMITTED,2026-08-18T18:12:16.424763+00:00
cap_20260818T181202356827,cycle_20260818,08/19/2026,10:00 (ET),MIN@GSV,Minnesota Lynx,NOT_YET_SUBMITTED,2026-08-18T18:12:16.424763+00:00
cap_20260818T181202356827,cycle_20260818,08/19/2026,10:00 (ET),MIN@GSV,Golden State Valkyries,NOT_YET_SUBMITTED,2026-08-18T18:12:16.424763+00:00
cap_20260818T182702825324,cycle_20260818,08/19/2026,07:30 (ET),TOR@WAS,Toronto Tempo,NOT_YET_SUBMITTED,2026-08-18T18:27:18.688749+00:00
cap_20260818T182702825324,cycle_20260818,08/19/2026,07:30 (ET),TOR@WAS,Washington Mystics,NOT_YET_SUBMITTED,2026-08-18T18:27:18.688749+00:00
cap_20260818T182702825324,cycle_20260818,08/19/2026,10:00 (ET),MIN@GSV,Minnesota Lynx,NOT_YET_SUBMITTED,2026-08-18T18:27:18.688749+00:00
cap_20260818T182702825324,cycle_20260818,08/19/2026,10:00 (ET),MIN@GSV,Golden State Valkyries,NOT_YET_SUBMITTED,2026-08-18T18:27:18.688749+00:00
cap_20260818T184202755362,cycle_20260818,08/19/2026,07:30 (ET),TOR@WAS,Toronto Tempo,NOT_YET_SUBMITTED,2026-08-18T18:42:17.805533+00:00
cap_20260818T184202755362,cycle_20260818,08/19/2026,07:30 (ET),TOR@WAS,Washington Mystics,NOT_YET_SUBMITTED,2026-08-18T18:42:17.805533+00:00
cap_20260818T184202755362,cycle_20260818,08/19/2026,10:00 (ET),MIN@GSV,Minnesota Lynx,NOT_YET_SUBMITTED,2026-08-18T18:42:17.805533+00:00
cap_20260818T184202755362,cycle_20260818,08/19/2026,10:00 (ET),MIN@GSV,Golden State Valkyries,NOT_YET_SUBMITTED,2026-08-18T18:42:17.805533+00:00
cap_20260818T185702612149,cycle_20260818,08/19/2026,07:30 (ET),TOR@WAS,Toronto Tempo,NOT_YET_SUBMITTED,2026-08-18T18:57:15.861137+00:00
cap_20260818T185702612149,cycle_20260818,08/19/2026,07:30 (ET),TOR@WAS,Washington Mystics,NOT_YET_SUBMITTED,2026-08-18T18:57:15.861137+00:00
cap_20260818T185702612149,cycle_20260818,08/19/2026,10:00 (ET),MIN@GSV,Minnesota Lynx,NOT_YET_SUBMITTED,2026-08-18T18:57:15.861137+00:00
cap_20260818T185702612149,cycle_20260818,08/19/2026,10:00 (ET),MIN@GSV,Golden State Valkyries,NOT_YET_SUBMITTED,2026-08-18T18:57:15.861137+00:00
cap_20260818T191202619949,cycle_20260818,08/19/2026,07:30 (ET),TOR@WAS,Toronto Tempo,NOT_YET_SUBMITTED,2026-08-18T19:12:15.497421+00:00
cap_20260818T191202619949,cycle_20260818,08/19/2026,07:30 (ET),TOR@WAS,Washington Mystics,NOT_YET_SUBMITTED,2026-08-18T19:12:15.497421+00:00
cap_20260818T191202619949,cycle_20260818,08/19/2026,10:00 (ET),MIN@GSV,Minnesota Lynx,NOT_YET_SUBMITTED,2026-08-18T19:12:15.497421+00:00
cap_20260818T191202619949,cycle_20260818,08/19/2026,10:00 (ET),MIN@GSV,Golden State Valkyries,NOT_YET_SUBMITTED,2026-08-18T19:12:15.497421+00:00
cap_20260818T192702466284,cycle_20260818,08/19/2026,07:30 (ET),TOR@WAS,Toronto Tempo,NOT_YET_SUBMITTED,2026-08-18T19:27:15.625474+00:00
cap_20260818T192702466284,cycle_20260818,08/19/2026,07:30 (ET),TOR@WAS,Washington Mystics,NOT_YET_SUBMITTED,2026-08-18T19:27:15.625474+00:00
cap_20260818T192702466284,cycle_20260818,08/19/2026,10:00 (ET),MIN@GSV,Minnesota Lynx,NOT_YET_SUBMITTED,2026-08-18T19:27:15.625474+00:00
cap_20260818T192702466284,cycle_20260818,08/19/2026,10:00 (ET),MIN@GSV,Golden State Valkyries,NOT_YET_SUBMITTED,2026-08-18T19:27:15.625474+00:00
cap_20260818T194202485931,cycle_20260818,08/19/2026,07:30 (ET),TOR@WAS,Toronto Tempo,NOT_YET_SUBMITTED,2026-08-18T19:42:15.932990+00:00
cap_20260818T194202485931,cycle_20260818,08/19/2026,07:30 (ET),TOR@WAS,Washington Mystics,NOT_YET_SUBMITTED,2026-08-18T19:42:15.932990+00:00
cap_20260818T194202485931,cycle_20260818,08/19/2026,10:00 (ET),MIN@GSV,Minnesota Lynx,NOT_YET_SUBMITTED,2026-08-18T19:42:15.932990+00:00
cap_20260818T194202485931,cycle_20260818,08/19/2026,10:00 (ET),MIN@GSV,Golden State Valkyries,NOT_YET_SUBMITTED,2026-08-18T19:42:15.932990+00:00
cap_20260818T195702576928,cycle_20260818,08/19/2026,07:30 (ET),TOR@WAS,Toronto Tempo,NOT_YET_SUBMITTED,2026-08-18T19:57:19.230565+00:00
cap_20260818T195702576928,cycle_20260818,08/19/2026,07:30 (ET),TOR@WAS,Washington Mystics,NOT_YET_SUBMITTED,2026-08-18T19:57:19.230565+00:00
cap_20260818T195702576928,cycle_20260818,08/19/2026,10:00 (ET),MIN@GSV,Minnesota Lynx,NOT_YET_SUBMITTED,2026-08-18T19:57:19.230565+00:00
cap_20260818T195702576928,cycle_20260818,08/19/2026,10:00 (ET),MIN@GSV,Golden State Valkyries,NOT_YET_SUBMITTED,2026-08-18T19:57:19.230565+00:00
cap_20260818T201203827063,cycle_20260818,08/19/2026,07:30 (ET),TOR@WAS,Toronto Tempo,NOT_YET_SUBMITTED,2026-08-18T20:12:20.210745+00:00
cap_20260818T201203827063,cycle_20260818,08/19/2026,07:30 (ET),TOR@WAS,Washington Mystics,NOT_YET_SUBMITTED,2026-08-18T20:12:20.210745+00:00
cap_20260818T201203827063,cycle_20260818,08/19/2026,10:00 (ET),MIN@GSV,Minnesota Lynx,NOT_YET_SUBMITTED,2026-08-18T20:12:20.210745+00:00
cap_20260818T201203827063,cycle_20260818,08/19/2026,10:00 (ET),MIN@GSV,Golden State Valkyries,NOT_YET_SUBMITTED,2026-08-18T20:12:20.210745+00:00
cap_20260818T202706569770,cycle_20260818,08/19/2026,07:30 (ET),TOR@WAS,Toronto Tempo,NOT_YET_SUBMITTED,2026-08-18T20:27:35.455929+00:00
cap_20260818T202706569770,cycle_20260818,08/19/2026,07:30 (ET),TOR@WAS,Washington Mystics,NOT_YET_SUBMITTED,2026-08-18T20:27:35.455929+00:00
cap_20260818T202706569770,cycle_20260818,08/19/2026,10:00 (ET),MIN@GSV,Minnesota Lynx,NOT_YET_SUBMITTED,2026-08-18T20:27:35.455929+00:00
cap_20260818T202706569770,cycle_20260818,08/19/2026,10:00 (ET),MIN@GSV,Golden State Valkyries,NOT_YET_SUBMITTED,2026-08-18T20:27:35.455929+00:00
cap_20260818T204203890623,cycle_20260818,08/19/2026,07:30 (ET),TOR@WAS,Toronto Tempo,NOT_YET_SUBMITTED,2026-08-18T20:42:19.184915+00:00
cap_20260818T204203890623,cycle_20260818,08/19/2026,10:00 (ET),MIN@GSV,Minnesota Lynx,NOT_YET_SUBMITTED,2026-08-18T20:42:19.184915+00:00
cap_20260818T204203890623,cycle_20260818,08/19/2026,10:00 (ET),MIN@GSV,Golden State Valkyries,NOT_YET_SUBMITTED,2026-08-18T20:42:19.184915+00:00
cap_20260818T205702413528,cycle_20260818,08/19/2026,07:30 (ET),TOR@WAS,Toronto Tempo,NOT_YET_SUBMITTED,2026-08-18T20:57:14.648528+00:00
cap_20260818T205702413528,cycle_20260818,08/19/2026,10:00 (ET),MIN@GSV,Minnesota Lynx,NOT_YET_SUBMITTED,2026-08-18T20:57:14.648528+00:00
cap_20260818T205702413528,cycle_20260818,08/19/2026,10:00 (ET),MIN@GSV,Golden State Valkyries,NOT_YET_SUBMITTED,2026-08-18T20:57:14.648528+00:00
cap_20260818T211202113734,cycle_20260818,08/19/2026,07:30 (ET),TOR@WAS,Toronto Tempo,NOT_YET_SUBMITTED,2026-08-18T21:12:14.435001+00:00
cap_20260818T211202113734,cycle_20260818,08/19/2026,10:00 (ET),MIN@GSV,Minnesota Lynx,NOT_YET_SUBMITTED,2026-08-18T21:12:14.435001+00:00
cap_20260818T211202113734,cycle_20260818,08/19/2026,10:00 (ET),MIN@GSV,Golden State Valkyries,NOT_YET_SUBMITTED,2026-08-18T21:12:14.435001+00:00
cap_20260818T212702543591,cycle_20260818,08/19/2026,07:30 (ET),TOR@WAS,Toronto Tempo,NOT_YET_SUBMITTED,2026-08-18T21:27:18.576108+00:00
cap_20260818T212702543591,cycle_20260818,08/19/2026,10:00 (ET),MIN@GSV,Minnesota Lynx,NOT_YET_SUBMITTED,2026-08-18T21:27:18.576108+00:00
cap_20260818T212702543591,cycle_20260818,08/19/2026,10:00 (ET),MIN@GSV,Golden State Valkyries,NOT_YET_SUBMITTED,2026-08-18T21:27:18.576108+00:00
cap_20260818T214203160269,cycle_20260818,08/19/2026,07:30 (ET),TOR@WAS,Toronto Tempo,NOT_YET_SUBMITTED,2026-08-18T21:42:16.884517+00:00
cap_20260818T214203160269,cycle_20260818,08/19/2026,10:00 (ET),MIN@GSV,Minnesota Lynx,NOT_YET_SUBMITTED,2026-08-18T21:42:16.884517+00:00
cap_20260818T214203160269,cycle_20260818,08/19/2026,10:00 (ET),MIN@GSV,Golden State Valkyries,NOT_YET_SUBMITTED,2026-08-18T21:42:16.884517+00:00
cap_20260818T215702386134,cycle_20260818,08/19/2026,07:30 (ET),TOR@WAS,Toronto Tempo,NOT_YET_SUBMITTED,2026-08-18T21:57:16.162954+00:00
cap_20260818T215702386134,cycle_20260818,08/19/2026,10:00 (ET),MIN@GSV,Minnesota Lynx,NOT_YET_SUBMITTED,2026-08-18T21:57:16.162954+00:00
cap_20260818T215702386134,cycle_20260818,08/19/2026,10:00 (ET),MIN@GSV,Golden State Valkyries,NOT_YET_SUBMITTED,2026-08-18T21:57:16.162954+00:00
cap_20260818T221202410236,cycle_20260818,08/19/2026,07:30 (ET),TOR@WAS,Toronto Tempo,NOT_YET_SUBMITTED,2026-08-18T22:12:15.670410+00:00
cap_20260818T221202410236,cycle_20260818,08/19/2026,10:00 (ET),MIN@GSV,Minnesota Lynx,NOT_YET_SUBMITTED,2026-08-18T22:12:15.670410+00:00
cap_20260818T221202410236,cycle_20260818,08/19/2026,10:00 (ET),MIN@GSV,Golden State Valkyries,NOT_YET_SUBMITTED,2026-08-18T22:12:15.670410+00:00
cap_20260818T222702474991,cycle_20260818,08/19/2026,07:30 (ET),TOR@WAS,Toronto Tempo,NOT_YET_SUBMITTED,2026-08-18T22:27:15.727149+00:00
cap_20260818T222702474991,cycle_20260818,08/19/2026,10:00 (ET),MIN@GSV,Minnesota Lynx,NOT_YET_SUBMITTED,2026-08-18T22:27:15.727149+00:00
cap_20260818T222702474991,cycle_20260818,08/19/2026,10:00 (ET),MIN@GSV,Golden State Valkyries,NOT_YET_SUBMITTED,2026-08-18T22:27:15.727149+00:00
cap_20260818T224202386139,cycle_20260818,08/19/2026,07:30 (ET),TOR@WAS,Toronto Tempo,NOT_YET_SUBMITTED,2026-08-18T22:42:16.631719+00:00
cap_20260818T224202386139,cycle_20260818,08/19/2026,10:00 (ET),MIN@GSV,Minnesota Lynx,NOT_YET_SUBMITTED,2026-08-18T22:42:16.631719+00:00
cap_20260818T224202386139,cycle_20260818,08/19/2026,10:00 (ET),MIN@GSV,Golden State Valkyries,NOT_YET_SUBMITTED,2026-08-18T22:42:16.631719+00:00
cap_20260819T131204449844,cycle_20260819,08/19/2026,07:30 (ET),TOR@WAS,Toronto Tempo,NOT_YET_SUBMITTED,2026-08-19T13:12:28.711656+00:00
cap_20260819T131204449844,cycle_20260819,08/20/2026,08:00 (ET),IND@DAL,Indiana Fever,NOT_YET_SUBMITTED,2026-08-19T13:12:28.711656+00:00
cap_20260819T131204449844,cycle_20260819,08/20/2026,08:00 (ET),IND@DAL,Dallas Wings,NOT_YET_SUBMITTED,2026-08-19T13:12:28.711656+00:00
cap_20260819T131204449844,cycle_20260819,08/20/2026,10:00 (ET),ATL@LAS,Atlanta Dream,NOT_YET_SUBMITTED,2026-08-19T13:12:28.711656+00:00
cap_20260819T131204449844,cycle_20260819,08/20/2026,10:00 (ET),ATL@LAS,Los Angeles Sparks,NOT_YET_SUBMITTED,2026-08-19T13:12:28.711656+00:00
cap_20260819T131204449844,cycle_20260819,08/20/2026,10:00 (ET),CON@LVA,Connecticut Sun,NOT_YET_SUBMITTED,2026-08-19T13:12:28.711656+00:00
cap_20260819T131204449844,cycle_20260819,08/20/2026,10:00 (ET),CON@LVA,Las Vegas Aces,NOT_YET_SUBMITTED,2026-08-19T13:12:28.711656+00:00
cap_20260819T131232883348,cycle_20260819,08/19/2026,07:30 (ET),TOR@WAS,Toronto Tempo,NOT_YET_SUBMITTED,2026-08-19T13:12:42.936415+00:00
cap_20260819T131232883348,cycle_20260819,08/20/2026,08:00 (ET),IND@DAL,Indiana Fever,NOT_YET_SUBMITTED,2026-08-19T13:12:42.936415+00:00
cap_20260819T131232883348,cycle_20260819,08/20/2026,08:00 (ET),IND@DAL,Dallas Wings,NOT_YET_SUBMITTED,2026-08-19T13:12:42.936415+00:00
cap_20260819T131232883348,cycle_20260819,08/20/2026,10:00 (ET),ATL@LAS,Atlanta Dream,NOT_YET_SUBMITTED,2026-08-19T13:12:42.936415+00:00
cap_20260819T131232883348,cycle_20260819,08/20/2026,10:00 (ET),ATL@LAS,Los Angeles Sparks,NOT_YET_SUBMITTED,2026-08-19T13:12:42.936415+00:00
cap_20260819T131232883348,cycle_20260819,08/20/2026,10:00 (ET),CON@LVA,Connecticut Sun,NOT_YET_SUBMITTED,2026-08-19T13:12:42.936415+00:00
cap_20260819T131232883348,cycle_20260819,08/20/2026,10:00 (ET),CON@LVA,Las Vegas Aces,NOT_YET_SUBMITTED,2026-08-19T13:12:42.936415+00:00
cap_20260819T131243429470,cycle_20260819,08/19/2026,07:30 (ET),TOR@WAS,Toronto Tempo,NOT_YET_SUBMITTED,2026-08-19T13:12:53.484627+00:00
cap_20260819T131243429470,cycle_20260819,08/20/2026,08:00 (ET),IND@DAL,Indiana Fever,NOT_YET_SUBMITTED,2026-08-19T13:12:53.484627+00:00
cap_20260819T131243429470,cycle_20260819,08/20/2026,08:00 (ET),IND@DAL,Dallas Wings,NOT_YET_SUBMITTED,2026-08-19T13:12:53.484627+00:00
cap_20260819T131243429470,cycle_20260819,08/20/2026,10:00 (ET),ATL@LAS,Atlanta Dream,NOT_YET_SUBMITTED,2026-08-19T13:12:53.484627+00:00
cap_20260819T131243429470,cycle_20260819,08/20/2026,10:00 (ET),ATL@LAS,Los Angeles Sparks,NOT_YET_SUBMITTED,2026-08-19T13:12:53.484627+00:00
cap_20260819T131243429470,cycle_20260819,08/20/2026,10:00 (ET),CON@LVA,Connecticut Sun,NOT_YET_SUBMITTED,2026-08-19T13:12:53.484627+00:00
cap_20260819T131243429470,cycle_20260819,08/20/2026,10:00 (ET),CON@LVA,Las Vegas Aces,NOT_YET_SUBMITTED,2026-08-19T13:12:53.484627+00:00
cap_20260819T131253941729,cycle_20260819,08/19/2026,07:30 (ET),TOR@WAS,Toronto Tempo,NOT_YET_SUBMITTED,2026-08-19T13:13:04.030701+00:00
cap_20260819T131253941729,cycle_20260819,08/20/2026,08:00 (ET),IND@DAL,Indiana Fever,NOT_YET_SUBMITTED,2026-08-19T13:13:04.030701+00:00
cap_20260819T131253941729,cycle_20260819,08/20/2026,08:00 (ET),IND@DAL,Dallas Wings,NOT_YET_SUBMITTED,2026-08-19T13:13:04.030701+00:00
cap_20260819T131253941729,cycle_20260819,08/20/2026,10:00 (ET),ATL@LAS,Atlanta Dream,NOT_YET_SUBMITTED,2026-08-19T13:13:04.030701+00:00
cap_20260819T131253941729,cycle_20260819,08/20/2026,10:00 (ET),ATL@LAS,Los Angeles Sparks,NOT_YET_SUBMITTED,2026-08-19T13:13:04.030701+00:00
cap_20260819T131253941729,cycle_20260819,08/20/2026,10:00 (ET),CON@LVA,Connecticut Sun,NOT_YET_SUBMITTED,2026-08-19T13:13:04.030701+00:00
cap_20260819T131253941729,cycle_20260819,08/20/2026,10:00 (ET),CON@LVA,Las Vegas Aces,NOT_YET_SUBMITTED,2026-08-19T13:13:04.030701+00:00
cap_20260819T131304577444,cycle_20260819,08/19/2026,07:30 (ET),TOR@WAS,Toronto Tempo,NOT_YET_SUBMITTED,2026-08-19T13:13:14.623942+00:00
cap_20260819T131304577444,cycle_20260819,08/20/2026,08:00 (ET),IND@DAL,Indiana Fever,NOT_YET_SUBMITTED,2026-08-19T13:13:14.623942+00:00
cap_20260819T131304577444,cycle_20260819,08/20/2026,08:00 (ET),IND@DAL,Dallas Wings,NOT_YET_SUBMITTED,2026-08-19T13:13:14.623942+00:00
cap_20260819T131304577444,cycle_20260819,08/20/2026,10:00 (ET),ATL@LAS,Atlanta Dream,NOT_YET_SUBMITTED,2026-08-19T13:13:14.623942+00:00
cap_20260819T131304577444,cycle_20260819,08/20/2026,10:00 (ET),ATL@LAS,Los Angeles Sparks,NOT_YET_SUBMITTED,2026-08-19T13:13:14.623942+00:00
cap_20260819T131304577444,cycle_20260819,08/20/2026,10:00 (ET),CON@LVA,Connecticut Sun,NOT_YET_SUBMITTED,2026-08-19T13:13:14.623942+00:00
cap_20260819T131304577444,cycle_20260819,08/20/2026,10:00 (ET),CON@LVA,Las Vegas Aces,NOT_YET_SUBMITTED,2026-08-19T13:13:14.623942+00:00
cap_20260819T131315403283,cycle_20260819,08/19/2026,07:30 (ET),TOR@WAS,Toronto Tempo,NOT_YET_SUBMITTED,2026-08-19T13:13:25.501805+00:00
cap_20260819T131315403283,cycle_20260819,08/20/2026,08:00 (ET),IND@DAL,Indiana Fever,NOT_YET_SUBMITTED,2026-08-19T13:13:25.501805+00:00
cap_20260819T131315403283,cycle_20260819,08/20/2026,08:00 (ET),IND@DAL,Dallas Wings,NOT_YET_SUBMITTED,2026-08-19T13:13:25.501805+00:00
cap_20260819T131315403283,cycle_20260819,08/20/2026,10:00 (ET),ATL@LAS,Atlanta Dream,NOT_YET_SUBMITTED,2026-08-19T13:13:25.501805+00:00
cap_20260819T131315403283,cycle_20260819,08/20/2026,10:00 (ET),ATL@LAS,Los Angeles Sparks,NOT_YET_SUBMITTED,2026-08-19T13:13:25.501805+00:00
cap_20260819T131315403283,cycle_20260819,08/20/2026,10:00 (ET),CON@LVA,Connecticut Sun,NOT_YET_SUBMITTED,2026-08-19T13:13:25.501805+00:00
cap_20260819T131315403283,cycle_20260819,08/20/2026,10:00 (ET),CON@LVA,Las Vegas Aces,NOT_YET_SUBMITTED,2026-08-19T13:13:25.501805+00:00
cap_20260819T131331122445,cycle_20260819,08/19/2026,07:30 (ET),TOR@WAS,Toronto Tempo,NOT_YET_SUBMITTED,2026-08-19T13:13:41.174235+00:00
cap_20260819T131331122445,cycle_20260819,08/20/2026,08:00 (ET),IND@DAL,Indiana Fever,NOT_YET_SUBMITTED,2026-08-19T13:13:41.174235+00:00
cap_20260819T131331122445,cycle_20260819,08/20/2026,08:00 (ET),IND@DAL,Dallas Wings,NOT_YET_SUBMITTED,2026-08-19T13:13:41.174235+00:00
cap_20260819T131331122445,cycle_20260819,08/20/2026,10:00 (ET),ATL@LAS,Atlanta Dream,NOT_YET_SUBMITTED,2026-08-19T13:13:41.174235+00:00
cap_20260819T131331122445,cycle_20260819,08/20/2026,10:00 (ET),ATL@LAS,Los Angeles Sparks,NOT_YET_SUBMITTED,2026-08-19T13:13:41.174235+00:00
cap_20260819T131331122445,cycle_20260819,08/20/2026,10:00 (ET),CON@LVA,Connecticut Sun,NOT_YET_SUBMITTED,2026-08-19T13:13:41.174235+00:00
cap_20260819T131331122445,cycle_20260819,08/20/2026,10:00 (ET),CON@LVA,Las Vegas Aces,NOT_YET_SUBMITTED,2026-08-19T13:13:41.174235+00:00
cap_20260819T131342141390,cycle_20260819,08/19/2026,07:30 (ET),TOR@WAS,Toronto Tempo,NOT_YET_SUBMITTED,2026-08-19T13:13:52.223072+00:00
cap_20260819T131342141390,cycle_20260819,08/20/2026,08:00 (ET),IND@DAL,Indiana Fever,NOT_YET_SUBMITTED,2026-08-19T13:13:52.223072+00:00
cap_20260819T131342141390,cycle_20260819,08/20/2026,08:00 (ET),IND@DAL,Dallas Wings,NOT_YET_SUBMITTED,2026-08-19T13:13:52.223072+00:00
cap_20260819T131342141390,cycle_20260819,08/20/2026,10:00 (ET),ATL@LAS,Atlanta Dream,NOT_YET_SUBMITTED,2026-08-19T13:13:52.223072+00:00
cap_20260819T131342141390,cycle_20260819,08/20/2026,10:00 (ET),ATL@LAS,Los Angeles Sparks,NOT_YET_SUBMITTED,2026-08-19T13:13:52.223072+00:00
cap_20260819T131342141390,cycle_20260819,08/20/2026,10:00 (ET),CON@LVA,Connecticut Sun,NOT_YET_SUBMITTED,2026-08-19T13:13:52.223072+00:00
cap_20260819T131342141390,cycle_20260819,08/20/2026,10:00 (ET),CON@LVA,Las Vegas Aces,NOT_YET_SUBMITTED,2026-08-19T13:13:52.223072+00:00
cap_20260819T131352589340,cycle_20260819,08/19/2026,07:30 (ET),TOR@WAS,Toronto Tempo,NOT_YET_SUBMITTED,2026-08-19T13:14:02.657755+00:00
cap_20260819T131352589340,cycle_20260819,08/20/2026,08:00 (ET),IND@DAL,Indiana Fever,NOT_YET_SUBMITTED,2026-08-19T13:14:02.657755+00:00
cap_20260819T131352589340,cycle_20260819,08/20/2026,08:00 (ET),IND@DAL,Dallas Wings,NOT_YET_SUBMITTED,2026-08-19T13:14:02.657755+00:00
cap_20260819T131352589340,cycle_20260819,08/20/2026,10:00 (ET),ATL@LAS,Atlanta Dream,NOT_YET_SUBMITTED,2026-08-19T13:14:02.657755+00:00
cap_20260819T131352589340,cycle_20260819,08/20/2026,10:00 (ET),ATL@LAS,Los Angeles Sparks,NOT_YET_SUBMITTED,2026-08-19T13:14:02.657755+00:00
cap_20260819T131352589340,cycle_20260819,08/20/2026,10:00 (ET),CON@LVA,Connecticut Sun,NOT_YET_SUBMITTED,2026-08-19T13:14:02.657755+00:00
cap_20260819T131352589340,cycle_20260819,08/20/2026,10:00 (ET),CON@LVA,Las Vegas Aces,NOT_YET_SUBMITTED,2026-08-19T13:14:02.657755+00:00
cap_20260819T131402990937,cycle_20260819,08/19/2026,07:30 (ET),TOR@WAS,Toronto Tempo,NOT_YET_SUBMITTED,2026-08-19T13:14:13.063513+00:00
cap_20260819T131402990937,cycle_20260819,08/20/2026,08:00 (ET),IND@DAL,Indiana Fever,NOT_YET_SUBMITTED,2026-08-19T13:14:13.063513+00:00
cap_20260819T131402990937,cycle_20260819,08/20/2026,08:00 (ET),IND@DAL,Dallas Wings,NOT_YET_SUBMITTED,2026-08-19T13:14:13.063513+00:00
cap_20260819T131402990937,cycle_20260819,08/20/2026,10:00 (ET),ATL@LAS,Atlanta Dream,NOT_YET_SUBMITTED,2026-08-19T13:14:13.063513+00:00
cap_20260819T131402990937,cycle_20260819,08/20/2026,10:00 (ET),ATL@LAS,Los Angeles Sparks,NOT_YET_SUBMITTED,2026-08-19T13:14:13.063513+00:00
cap_20260819T131402990937,cycle_20260819,08/20/2026,10:00 (ET),CON@LVA,Connecticut Sun,NOT_YET_SUBMITTED,2026-08-19T13:14:13.063513+00:00
cap_20260819T131402990937,cycle_20260819,08/20/2026,10:00 (ET),CON@LVA,Las Vegas Aces,NOT_YET_SUBMITTED,2026-08-19T13:14:13.063513+00:00
cap_20260819T131413414192,cycle_20260819,08/19/2026,07:30 (ET),TOR@WAS,Toronto Tempo,NOT_YET_SUBMITTED,2026-08-19T13:14:23.459773+00:00
cap_20260819T131413414192,cycle_20260819,08/20/2026,08:00 (ET),IND@DAL,Indiana Fever,NOT_YET_SUBMITTED,2026-08-19T13:14:23.459773+00:00
cap_20260819T131413414192,cycle_20260819,08/20/2026,08:00 (ET),IND@DAL,Dallas Wings,NOT_YET_SUBMITTED,2026-08-19T13:14:23.459773+00:00
cap_20260819T131413414192,cycle_20260819,08/20/2026,10:00 (ET),ATL@LAS,Atlanta Dream,NOT_YET_SUBMITTED,2026-08-19T13:14:23.459773+00:00
cap_20260819T131413414192,cycle_20260819,08/20/2026,10:00 (ET),ATL@LAS,Los Angeles Sparks,NOT_YET_SUBMITTED,2026-08-19T13:14:23.459773+00:00
cap_20260819T131413414192,cycle_20260819,08/20/2026,10:00 (ET),CON@LVA,Connecticut Sun,NOT_YET_SUBMITTED,2026-08-19T13:14:23.459773+00:00
cap_20260819T131413414192,cycle_20260819,08/20/2026,10:00 (ET),CON@LVA,Las Vegas Aces,NOT_YET_SUBMITTED,2026-08-19T13:14:23.459773+00:00
cap_20260819T131423805504,cycle_20260819,08/19/2026,07:30 (ET),TOR@WAS,Toronto Tempo,NOT_YET_SUBMITTED,2026-08-19T13:14:33.891427+00:00
cap_20260819T131423805504,cycle_20260819,08/20/2026,08:00 (ET),IND@DAL,Indiana Fever,NOT_YET_SUBMITTED,2026-08-19T13:14:33.891427+00:00
cap_20260819T131423805504,cycle_20260819,08/20/2026,08:00 (ET),IND@DAL,Dallas Wings,NOT_YET_SUBMITTED,2026-08-19T13:14:33.891427+00:00
cap_20260819T131423805504,cycle_20260819,08/20/2026,10:00 (ET),ATL@LAS,Atlanta Dream,NOT_YET_SUBMITTED,2026-08-19T13:14:33.891427+00:00
cap_20260819T131423805504,cycle_20260819,08/20/2026,10:00 (ET),ATL@LAS,Los Angeles Sparks,NOT_YET_SUBMITTED,2026-08-19T13:14:33.891427+00:00
cap_20260819T131423805504,cycle_20260819,08/20/2026,10:00 (ET),CON@LVA,Connecticut Sun,NOT_YET_SUBMITTED,2026-08-19T13:14:33.891427+00:00
cap_20260819T131423805504,cycle_20260819,08/20/2026,10:00 (ET),CON@LVA,Las Vegas Aces,NOT_YET_SUBMITTED,2026-08-19T13:14:33.891427+00:00
cap_20260819T131434411410,cycle_20260819,08/19/2026,07:30 (ET),TOR@WAS,Toronto Tempo,NOT_YET_SUBMITTED,2026-08-19T13:14:44.469179+00:00
cap_20260819T131434411410,cycle_20260819,08/20/2026,08:00 (ET),IND@DAL,Indiana Fever,NOT_YET_SUBMITTED,2026-08-19T13:14:44.469179+00:00
cap_20260819T131434411410,cycle_20260819,08/20/2026,08:00 (ET),IND@DAL,Dallas Wings,NOT_YET_SUBMITTED,2026-08-19T13:14:44.469179+00:00
cap_20260819T131434411410,cycle_20260819,08/20/2026,10:00 (ET),ATL@LAS,Atlanta Dream,NOT_YET_SUBMITTED,2026-08-19T13:14:44.469179+00:00
cap_20260819T131434411410,cycle_20260819,08/20/2026,10:00 (ET),ATL@LAS,Los Angeles Sparks,NOT_YET_SUBMITTED,2026-08-19T13:14:44.469179+00:00
cap_20260819T131434411410,cycle_20260819,08/20/2026,10:00 (ET),CON@LVA,Connecticut Sun,NOT_YET_SUBMITTED,2026-08-19T13:14:44.469179+00:00
cap_20260819T131434411410,cycle_20260819,08/20/2026,10:00 (ET),CON@LVA,Las Vegas Aces,NOT_YET_SUBMITTED,2026-08-19T13:14:44.469179+00:00
cap_20260819T131445087651,cycle_20260819,08/19/2026,07:30 (ET),TOR@WAS,Toronto Tempo,NOT_YET_SUBMITTED,2026-08-19T13:14:55.154737+00:00
cap_20260819T131445087651,cycle_20260819,08/20/2026,08:00 (ET),IND@DAL,Indiana Fever,NOT_YET_SUBMITTED,2026-08-19T13:14:55.154737+00:00
cap_20260819T131445087651,cycle_20260819,08/20/2026,08:00 (ET),IND@DAL,Dallas Wings,NOT_YET_SUBMITTED,2026-08-19T13:14:55.154737+00:00
cap_20260819T131445087651,cycle_20260819,08/20/2026,10:00 (ET),ATL@LAS,Atlanta Dream,NOT_YET_SUBMITTED,2026-08-19T13:14:55.154737+00:00
cap_20260819T131445087651,cycle_20260819,08/20/2026,10:00 (ET),ATL@LAS,Los Angeles Sparks,NOT_YET_SUBMITTED,2026-08-19T13:14:55.154737+00:00
cap_20260819T131445087651,cycle_20260819,08/20/2026,10:00 (ET),CON@LVA,Connecticut Sun,NOT_YET_SUBMITTED,2026-08-19T13:14:55.154737+00:00
cap_20260819T131445087651,cycle_20260819,08/20/2026,10:00 (ET),CON@LVA,Las Vegas Aces,NOT_YET_SUBMITTED,2026-08-19T13:14:55.154737+00:00
cap_20260819T131455884357,cycle_20260819,08/19/2026,07:30 (ET),TOR@WAS,Toronto Tempo,NOT_YET_SUBMITTED,2026-08-19T13:15:05.949069+00:00
cap_20260819T131455884357,cycle_20260819,08/20/2026,08:00 (ET),IND@DAL,Indiana Fever,NOT_YET_SUBMITTED,2026-08-19T13:15:05.949069+00:00
cap_20260819T131455884357,cycle_20260819,08/20/2026,08:00 (ET),IND@DAL,Dallas Wings,NOT_YET_SUBMITTED,2026-08-19T13:15:05.949069+00:00
cap_20260819T131455884357,cycle_20260819,08/20/2026,10:00 (ET),ATL@LAS,Atlanta Dream,NOT_YET_SUBMITTED,2026-08-19T13:15:05.949069+00:00
cap_20260819T131455884357,cycle_20260819,08/20/2026,10:00 (ET),ATL@LAS,Los Angeles Sparks,NOT_YET_SUBMITTED,2026-08-19T13:15:05.949069+00:00
cap_20260819T131455884357,cycle_20260819,08/20/2026,10:00 (ET),CON@LVA,Connecticut Sun,NOT_YET_SUBMITTED,2026-08-19T13:15:05.949069+00:00
cap_20260819T131455884357,cycle_20260819,08/20/2026,10:00 (ET),CON@LVA,Las Vegas Aces,NOT_YET_SUBMITTED,2026-08-19T13:15:05.949069+00:00
cap_20260819T131507889653,cycle_20260819,08/19/2026,07:30 (ET),TOR@WAS,Toronto Tempo,NOT_YET_SUBMITTED,2026-08-19T13:15:17.997074+00:00
cap_20260819T131507889653,cycle_20260819,08/20/2026,08:00 (ET),IND@DAL,Indiana Fever,NOT_YET_SUBMITTED,2026-08-19T13:15:17.997074+00:00
cap_20260819T131507889653,cycle_20260819,08/20/2026,08:00 (ET),IND@DAL,Dallas Wings,NOT_YET_SUBMITTED,2026-08-19T13:15:17.997074+00:00
cap_20260819T131507889653,cycle_20260819,08/20/2026,10:00 (ET),ATL@LAS,Atlanta Dream,NOT_YET_SUBMITTED,2026-08-19T13:15:17.997074+00:00
cap_20260819T131507889653,cycle_20260819,08/20/2026,10:00 (ET),ATL@LAS,Los Angeles Sparks,NOT_YET_SUBMITTED,2026-08-19T13:15:17.997074+00:00
cap_20260819T131507889653,cycle_20260819,08/20/2026,10:00 (ET),CON@LVA,Connecticut Sun,NOT_YET_SUBMITTED,2026-08-19T13:15:17.997074+00:00
cap_20260819T131507889653,cycle_20260819,08/20/2026,10:00 (ET),CON@LVA,Las Vegas Aces,NOT_YET_SUBMITTED,2026-08-19T13:15:17.997074+00:00
cap_20260819T131519103585,cycle_20260819,08/19/2026,07:30 (ET),TOR@WAS,Toronto Tempo,NOT_YET_SUBMITTED,2026-08-19T13:15:29.178674+00:00
cap_20260819T131519103585,cycle_20260819,08/20/2026,08:00 (ET),IND@DAL,Indiana Fever,NOT_YET_SUBMITTED,2026-08-19T13:15:29.178674+00:00
cap_20260819T131519103585,cycle_20260819,08/20/2026,08:00 (ET),IND@DAL,Dallas Wings,NOT_YET_SUBMITTED,2026-08-19T13:15:29.178674+00:00
cap_20260819T131519103585,cycle_20260819,08/20/2026,10:00 (ET),ATL@LAS,Atlanta Dream,NOT_YET_SUBMITTED,2026-08-19T13:15:29.178674+00:00
cap_20260819T131519103585,cycle_20260819,08/20/2026,10:00 (ET),ATL@LAS,Los Angeles Sparks,NOT_YET_SUBMITTED,2026-08-19T13:15:29.178674+00:00
cap_20260819T131519103585,cycle_20260819,08/20/2026,10:00 (ET),CON@LVA,Connecticut Sun,NOT_YET_SUBMITTED,2026-08-19T13:15:29.178674+00:00
cap_20260819T131519103585,cycle_20260819,08/20/2026,10:00 (ET),CON@LVA,Las Vegas Aces,NOT_YET_SUBMITTED,2026-08-19T13:15:29.178674+00:00
cap_20260819T131530916073,cycle_20260819,08/19/2026,07:30 (ET),TOR@WAS,Toronto Tempo,NOT_YET_SUBMITTED,2026-08-19T13:15:40.996787+00:00
cap_20260819T131530916073,cycle_20260819,08/20/2026,08:00 (ET),IND@DAL,Indiana Fever,NOT_YET_SUBMITTED,2026-08-19T13:15:40.996787+00:00
cap_20260819T131530916073,cycle_20260819,08/20/2026,08:00 (ET),IND@DAL,Dallas Wings,NOT_YET_SUBMITTED,2026-08-19T13:15:40.996787+00:00
cap_20260819T131530916073,cycle_20260819,08/20/2026,10:00 (ET),ATL@LAS,Atlanta Dream,NOT_YET_SUBMITTED,2026-08-19T13:15:40.996787+00:00
cap_20260819T131530916073,cycle_20260819,08/20/2026,10:00 (ET),ATL@LAS,Los Angeles Sparks,NOT_YET_SUBMITTED,2026-08-19T13:15:40.996787+00:00
cap_20260819T131530916073,cycle_20260819,08/20/2026,10:00 (ET),CON@LVA,Connecticut Sun,NOT_YET_SUBMITTED,2026-08-19T13:15:40.996787+00:00
cap_20260819T131530916073,cycle_20260819,08/20/2026,10:00 (ET),CON@LVA,Las Vegas Aces,NOT_YET_SUBMITTED,2026-08-19T13:15:40.996787+00:00
cap_20260819T131541323003,cycle_20260819,08/19/2026,07:30 (ET),TOR@WAS,Toronto Tempo,NOT_YET_SUBMITTED,2026-08-19T13:15:51.390100+00:00
cap_20260819T131541323003,cycle_20260819,08/20/2026,08:00 (ET),IND@DAL,Indiana Fever,NOT_YET_SUBMITTED,2026-08-19T13:15:51.390100+00:00
cap_20260819T131541323003,cycle_20260819,08/20/2026,08:00 (ET),IND@DAL,Dallas Wings,NOT_YET_SUBMITTED,2026-08-19T13:15:51.390100+00:00
cap_20260819T131541323003,cycle_20260819,08/20/2026,10:00 (ET),ATL@LAS,Atlanta Dream,NOT_YET_SUBMITTED,2026-08-19T13:15:51.390100+00:00
cap_20260819T131541323003,cycle_20260819,08/20/2026,10:00 (ET),ATL@LAS,Los Angeles Sparks,NOT_YET_SUBMITTED,2026-08-19T13:15:51.390100+00:00
cap_20260819T131541323003,cycle_20260819,08/20/2026,10:00 (ET),CON@LVA,Connecticut Sun,NOT_YET_SUBMITTED,2026-08-19T13:15:51.390100+00:00
cap_20260819T131541323003,cycle_20260819,08/20/2026,10:00 (ET),CON@LVA,Las Vegas Aces,NOT_YET_SUBMITTED,2026-08-19T13:15:51.390100+00:00
cap_20260819T131552051485,cycle_20260819,08/19/2026,07:30 (ET),TOR@WAS,Toronto Tempo,NOT_YET_SUBMITTED,2026-08-19T13:16:02.127420+00:00
cap_20260819T131552051485,cycle_20260819,08/20/2026,08:00 (ET),IND@DAL,Indiana Fever,NOT_YET_SUBMITTED,2026-08-19T13:16:02.127420+00:00
cap_20260819T131552051485,cycle_20260819,08/20/2026,08:00 (ET),IND@DAL,Dallas Wings,NOT_YET_SUBMITTED,2026-08-19T13:16:02.127420+00:00
cap_20260819T131552051485,cycle_20260819,08/20/2026,10:00 (ET),ATL@LAS,Atlanta Dream,NOT_YET_SUBMITTED,2026-08-19T13:16:02.127420+00:00
cap_20260819T131552051485,cycle_20260819,08/20/2026,10:00 (ET),ATL@LAS,Los Angeles Sparks,NOT_YET_SUBMITTED,2026-08-19T13:16:02.127420+00:00
cap_20260819T131552051485,cycle_20260819,08/20/2026,10:00 (ET),CON@LVA,Connecticut Sun,NOT_YET_SUBMITTED,2026-08-19T13:16:02.127420+00:00
cap_20260819T131552051485,cycle_20260819,08/20/2026,10:00 (ET),CON@LVA,Las Vegas Aces,NOT_YET_SUBMITTED,2026-08-19T13:16:02.127420+00:00
cap_20260819T131603017784,cycle_20260819,08/19/2026,07:30 (ET),TOR@WAS,Toronto Tempo,NOT_YET_SUBMITTED,2026-08-19T13:16:13.096781+00:00
cap_20260819T131603017784,cycle_20260819,08/20/2026,08:00 (ET),IND@DAL,Indiana Fever,NOT_YET_SUBMITTED,2026-08-19T13:16:13.096781+00:00
cap_20260819T131603017784,cycle_20260819,08/20/2026,08:00 (ET),IND@DAL,Dallas Wings,NOT_YET_SUBMITTED,2026-08-19T13:16:13.096781+00:00
cap_20260819T131603017784,cycle_20260819,08/20/2026,10:00 (ET),ATL@LAS,Atlanta Dream,NOT_YET_SUBMITTED,2026-08-19T13:16:13.096781+00:00
cap_20260819T131603017784,cycle_20260819,08/20/2026,10:00 (ET),ATL@LAS,Los Angeles Sparks,NOT_YET_SUBMITTED,2026-08-19T13:16:13.096781+00:00
cap_20260819T131603017784,cycle_20260819,08/20/2026,10:00 (ET),CON@LVA,Connecticut Sun,NOT_YET_SUBMITTED,2026-08-19T13:16:13.096781+00:00
cap_20260819T131603017784,cycle_20260819,08/20/2026,10:00 (ET),CON@LVA,Las Vegas Aces,NOT_YET_SUBMITTED,2026-08-19T13:16:13.096781+00:00
cap_20260819T131614088555,cycle_20260819,08/19/2026,07:30 (ET),TOR@WAS,Toronto Tempo,NOT_YET_SUBMITTED,2026-08-19T13:16:24.199079+00:00
cap_20260819T131614088555,cycle_20260819,08/20/2026,08:00 (ET),IND@DAL,Indiana Fever,NOT_YET_SUBMITTED,2026-08-19T13:16:24.199079+00:00
cap_20260819T131614088555,cycle_20260819,08/20/2026,08:00 (ET),IND@DAL,Dallas Wings,NOT_YET_SUBMITTED,2026-08-19T13:16:24.199079+00:00
cap_20260819T131614088555,cycle_20260819,08/20/2026,10:00 (ET),ATL@LAS,Atlanta Dream,NOT_YET_SUBMITTED,2026-08-19T13:16:24.199079+00:00
cap_20260819T131614088555,cycle_20260819,08/20/2026,10:00 (ET),ATL@LAS,Los Angeles Sparks,NOT_YET_SUBMITTED,2026-08-19T13:16:24.199079+00:00
cap_20260819T131614088555,cycle_20260819,08/20/2026,10:00 (ET),CON@LVA,Connecticut Sun,NOT_YET_SUBMITTED,2026-08-19T13:16:24.199079+00:00
cap_20260819T131614088555,cycle_20260819,08/20/2026,10:00 (ET),CON@LVA,Las Vegas Aces,NOT_YET_SUBMITTED,2026-08-19T13:16:24.199079+00:00
cap_20260819T131625487917,cycle_20260819,08/19/2026,07:30 (ET),TOR@WAS,Toronto Tempo,NOT_YET_SUBMITTED,2026-08-19T13:16:35.600623+00:00
cap_20260819T131625487917,cycle_20260819,08/20/2026,08:00 (ET),IND@DAL,Indiana Fever,NOT_YET_SUBMITTED,2026-08-19T13:16:35.600623+00:00
cap_20260819T131625487917,cycle_20260819,08/20/2026,08:00 (ET),IND@DAL,Dallas Wings,NOT_YET_SUBMITTED,2026-08-19T13:16:35.600623+00:00
cap_20260819T131625487917,cycle_20260819,08/20/2026,10:00 (ET),ATL@LAS,Atlanta Dream,NOT_YET_SUBMITTED,2026-08-19T13:16:35.600623+00:00
cap_20260819T131625487917,cycle_20260819,08/20/2026,10:00 (ET),ATL@LAS,Los Angeles Sparks,NOT_YET_SUBMITTED,2026-08-19T13:16:35.600623+00:00
cap_20260819T131625487917,cycle_20260819,08/20/2026,10:00 (ET),CON@LVA,Connecticut Sun,NOT_YET_SUBMITTED,2026-08-19T13:16:35.600623+00:00
cap_20260819T131625487917,cycle_20260819,08/20/2026,10:00 (ET),CON@LVA,Las Vegas Aces,NOT_YET_SUBMITTED,2026-08-19T13:16:35.600623+00:00
cap_20260819T131636027349,cycle_20260819,08/19/2026,07:30 (ET),TOR@WAS,Toronto Tempo,NOT_YET_SUBMITTED,2026-08-19T13:16:46.123422+00:00
cap_20260819T131636027349,cycle_20260819,08/20/2026,08:00 (ET),IND@DAL,Indiana Fever,NOT_YET_SUBMITTED,2026-08-19T13:16:46.123422+00:00
cap_20260819T131636027349,cycle_20260819,08/20/2026,08:00 (ET),IND@DAL,Dallas Wings,NOT_YET_SUBMITTED,2026-08-19T13:16:46.123422+00:00
cap_20260819T131636027349,cycle_20260819,08/20/2026,10:00 (ET),ATL@LAS,Atlanta Dream,NOT_YET_SUBMITTED,2026-08-19T13:16:46.123422+00:00
cap_20260819T131636027349,cycle_20260819,08/20/2026,10:00 (ET),ATL@LAS,Los Angeles Sparks,NOT_YET_SUBMITTED,2026-08-19T13:16:46.123422+00:00
cap_20260819T131636027349,cycle_20260819,08/20/2026,10:00 (ET),CON@LVA,Connecticut Sun,NOT_YET_SUBMITTED,2026-08-19T13:16:46.123422+00:00
cap_20260819T131636027349,cycle_20260819,08/20/2026,10:00 (ET),CON@LVA,Las Vegas Aces,NOT_YET_SUBMITTED,2026-08-19T13:16:46.123422+00:00
cap_20260819T131646407190,cycle_20260819,08/19/2026,07:30 (ET),TOR@WAS,Toronto Tempo,NOT_YET_SUBMITTED,2026-08-19T13:16:56.458428+00:00
cap_20260819T131646407190,cycle_20260819,08/20/2026,08:00 (ET),IND@DAL,Indiana Fever,NOT_YET_SUBMITTED,2026-08-19T13:16:56.458428+00:00
cap_20260819T131646407190,cycle_20260819,08/20/2026,08:00 (ET),IND@DAL,Dallas Wings,NOT_YET_SUBMITTED,2026-08-19T13:16:56.458428+00:00
cap_20260819T131646407190,cycle_20260819,08/20/2026,10:00 (ET),ATL@LAS,Atlanta Dream,NOT_YET_SUBMITTED,2026-08-19T13:16:56.458428+00:00
cap_20260819T131646407190,cycle_20260819,08/20/2026,10:00 (ET),ATL@LAS,Los Angeles Sparks,NOT_YET_SUBMITTED,2026-08-19T13:16:56.458428+00:00
cap_20260819T131646407190,cycle_20260819,08/20/2026,10:00 (ET),CON@LVA,Connecticut Sun,NOT_YET_SUBMITTED,2026-08-19T13:16:56.458428+00:00
cap_20260819T131646407190,cycle_20260819,08/20/2026,10:00 (ET),CON@LVA,Las Vegas Aces,NOT_YET_SUBMITTED,2026-08-19T13:16:56.458428+00:00
cap_20260819T131656783371,cycle_20260819,08/19/2026,07:30 (ET),TOR@WAS,Toronto Tempo,NOT_YET_SUBMITTED,2026-08-19T13:17:06.921383+00:00
cap_20260819T131656783371,cycle_20260819,08/20/2026,08:00 (ET),IND@DAL,Indiana Fever,NOT_YET_SUBMITTED,2026-08-19T13:17:06.921383+00:00
cap_20260819T131656783371,cycle_20260819,08/20/2026,08:00 (ET),IND@DAL,Dallas Wings,NOT_YET_SUBMITTED,2026-08-19T13:17:06.921383+00:00
cap_20260819T131656783371,cycle_20260819,08/20/2026,10:00 (ET),ATL@LAS,Atlanta Dream,NOT_YET_SUBMITTED,2026-08-19T13:17:06.921383+00:00
cap_20260819T131656783371,cycle_20260819,08/20/2026,10:00 (ET),ATL@LAS,Los Angeles Sparks,NOT_YET_SUBMITTED,2026-08-19T13:17:06.921383+00:00
cap_20260819T131656783371,cycle_20260819,08/20/2026,10:00 (ET),CON@LVA,Connecticut Sun,NOT_YET_SUBMITTED,2026-08-19T13:17:06.921383+00:00
cap_20260819T131656783371,cycle_20260819,08/20/2026,10:00 (ET),CON@LVA,Las Vegas Aces,NOT_YET_SUBMITTED,2026-08-19T13:17:06.921383+00:00
cap_20260819T131709312319,cycle_20260819,08/19/2026,07:30 (ET),TOR@WAS,Toronto Tempo,NOT_YET_SUBMITTED,2026-08-19T13:17:19.379807+00:00
cap_20260819T131709312319,cycle_20260819,08/20/2026,08:00 (ET),IND@DAL,Indiana Fever,NOT_YET_SUBMITTED,2026-08-19T13:17:19.379807+00:00
cap_20260819T131709312319,cycle_20260819,08/20/2026,08:00 (ET),IND@DAL,Dallas Wings,NOT_YET_SUBMITTED,2026-08-19T13:17:19.379807+00:00
cap_20260819T131709312319,cycle_20260819,08/20/2026,10:00 (ET),ATL@LAS,Atlanta Dream,NOT_YET_SUBMITTED,2026-08-19T13:17:19.379807+00:00
cap_20260819T131709312319,cycle_20260819,08/20/2026,10:00 (ET),ATL@LAS,Los Angeles Sparks,NOT_YET_SUBMITTED,2026-08-19T13:17:19.379807+00:00
cap_20260819T131709312319,cycle_20260819,08/20/2026,10:00 (ET),CON@LVA,Connecticut Sun,NOT_YET_SUBMITTED,2026-08-19T13:17:19.379807+00:00
cap_20260819T131709312319,cycle_20260819,08/20/2026,10:00 (ET),CON@LVA,Las Vegas Aces,NOT_YET_SUBMITTED,2026-08-19T13:17:19.379807+00:00
cap_20260819T131723124382,cycle_20260819,08/19/2026,07:30 (ET),TOR@WAS,Toronto Tempo,NOT_YET_SUBMITTED,2026-08-19T13:17:33.240439+00:00
cap_20260819T131723124382,cycle_20260819,08/20/2026,08:00 (ET),IND@DAL,Indiana Fever,NOT_YET_SUBMITTED,2026-08-19T13:17:33.240439+00:00
cap_20260819T131723124382,cycle_20260819,08/20/2026,08:00 (ET),IND@DAL,Dallas Wings,NOT_YET_SUBMITTED,2026-08-19T13:17:33.240439+00:00
cap_20260819T131723124382,cycle_20260819,08/20/2026,10:00 (ET),ATL@LAS,Atlanta Dream,NOT_YET_SUBMITTED,2026-08-19T13:17:33.240439+00:00
cap_20260819T131723124382,cycle_20260819,08/20/2026,10:00 (ET),ATL@LAS,Los Angeles Sparks,NOT_YET_SUBMITTED,2026-08-19T13:17:33.240439+00:00
cap_20260819T131723124382,cycle_20260819,08/20/2026,10:00 (ET),CON@LVA,Connecticut Sun,NOT_YET_SUBMITTED,2026-08-19T13:17:33.240439+00:00
cap_20260819T131723124382,cycle_20260819,08/20/2026,10:00 (ET),CON@LVA,Las Vegas Aces,NOT_YET_SUBMITTED,2026-08-19T13:17:33.240439+00:00
cap_20260819T131747540105,cycle_20260819,08/19/2026,07:30 (ET),TOR@WAS,Toronto Tempo,NOT_YET_SUBMITTED,2026-08-19T13:17:57.618337+00:00
cap_20260819T131747540105,cycle_20260819,08/20/2026,08:00 (ET),IND@DAL,Indiana Fever,NOT_YET_SUBMITTED,2026-08-19T13:17:57.618337+00:00
cap_20260819T131747540105,cycle_20260819,08/20/2026,08:00 (ET),IND@DAL,Dallas Wings,NOT_YET_SUBMITTED,2026-08-19T13:17:57.618337+00:00
cap_20260819T131747540105,cycle_20260819,08/20/2026,10:00 (ET),ATL@LAS,Atlanta Dream,NOT_YET_SUBMITTED,2026-08-19T13:17:57.618337+00:00
cap_20260819T131747540105,cycle_20260819,08/20/2026,10:00 (ET),ATL@LAS,Los Angeles Sparks,NOT_YET_SUBMITTED,2026-08-19T13:17:57.618337+00:00
cap_20260819T131747540105,cycle_20260819,08/20/2026,10:00 (ET),CON@LVA,Connecticut Sun,NOT_YET_SUBMITTED,2026-08-19T13:17:57.618337+00:00
cap_20260819T131747540105,cycle_20260819,08/20/2026,10:00 (ET),CON@LVA,Las Vegas Aces,NOT_YET_SUBMITTED,2026-08-19T13:17:57.618337+00:00
cap_20260819T131758124718,cycle_20260819,08/19/2026,07:30 (ET),TOR@WAS,Toronto Tempo,NOT_YET_SUBMITTED,2026-08-19T13:18:08.197621+00:00
cap_20260819T131758124718,cycle_20260819,08/20/2026,08:00 (ET),IND@DAL,Indiana Fever,NOT_YET_SUBMITTED,2026-08-19T13:18:08.197621+00:00
cap_20260819T131758124718,cycle_20260819,08/20/2026,08:00 (ET),IND@DAL,Dallas Wings,NOT_YET_SUBMITTED,2026-08-19T13:18:08.197621+00:00
cap_20260819T131758124718,cycle_20260819,08/20/2026,10:00 (ET),ATL@LAS,Atlanta Dream,NOT_YET_SUBMITTED,2026-08-19T13:18:08.197621+00:00
cap_20260819T131758124718,cycle_20260819,08/20/2026,10:00 (ET),ATL@LAS,Los Angeles Sparks,NOT_YET_SUBMITTED,2026-08-19T13:18:08.197621+00:00
cap_20260819T131758124718,cycle_20260819,08/20/2026,10:00 (ET),CON@LVA,Connecticut Sun,NOT_YET_SUBMITTED,2026-08-19T13:18:08.197621+00:00
cap_20260819T131758124718,cycle_20260819,08/20/2026,10:00 (ET),CON@LVA,Las Vegas Aces,NOT_YET_SUBMITTED,2026-08-19T13:18:08.197621+00:00
cap_20260819T131809009894,cycle_20260819,08/19/2026,07:30 (ET),TOR@WAS,Toronto Tempo,NOT_YET_SUBMITTED,2026-08-19T13:18:19.076122+00:00
cap_20260819T131809009894,cycle_20260819,08/20/2026,08:00 (ET),IND@DAL,Indiana Fever,NOT_YET_SUBMITTED,2026-08-19T13:18:19.076122+00:00
cap_20260819T131809009894,cycle_20260819,08/20/2026,08:00 (ET),IND@DAL,Dallas Wings,NOT_YET_SUBMITTED,2026-08-19T13:18:19.076122+00:00
cap_20260819T131809009894,cycle_20260819,08/20/2026,10:00 (ET),ATL@LAS,Atlanta Dream,NOT_YET_SUBMITTED,2026-08-19T13:18:19.076122+00:00
cap_20260819T131809009894,cycle_20260819,08/20/2026,10:00 (ET),ATL@LAS,Los Angeles Sparks,NOT_YET_SUBMITTED,2026-08-19T13:18:19.076122+00:00
cap_20260819T131809009894,cycle_20260819,08/20/2026,10:00 (ET),CON@LVA,Connecticut Sun,NOT_YET_SUBMITTED,2026-08-19T13:18:19.076122+00:00
cap_20260819T131809009894,cycle_20260819,08/20/2026,10:00 (ET),CON@LVA,Las Vegas Aces,NOT_YET_SUBMITTED,2026-08-19T13:18:19.076122+00:00
cap_20260819T131819422252,cycle_20260819,08/19/2026,07:30 (ET),TOR@WAS,Toronto Tempo,NOT_YET_SUBMITTED,2026-08-19T13:18:29.525508+00:00
cap_20260819T131819422252,cycle_20260819,08/20/2026,08:00 (ET),IND@DAL,Indiana Fever,NOT_YET_SUBMITTED,2026-08-19T13:18:29.525508+00:00
cap_20260819T131819422252,cycle_20260819,08/20/2026,08:00 (ET),IND@DAL,Dallas Wings,NOT_YET_SUBMITTED,2026-08-19T13:18:29.525508+00:00
cap_20260819T131819422252,cycle_20260819,08/20/2026,10:00 (ET),ATL@LAS,Atlanta Dream,NOT_YET_SUBMITTED,2026-08-19T13:18:29.525508+00:00
cap_20260819T131819422252,cycle_20260819,08/20/2026,10:00 (ET),ATL@LAS,Los Angeles Sparks,NOT_YET_SUBMITTED,2026-08-19T13:18:29.525508+00:00
cap_20260819T131819422252,cycle_20260819,08/20/2026,10:00 (ET),CON@LVA,Connecticut Sun,NOT_YET_SUBMITTED,2026-08-19T13:18:29.525508+00:00
cap_20260819T131819422252,cycle_20260819,08/20/2026,10:00 (ET),CON@LVA,Las Vegas Aces,NOT_YET_SUBMITTED,2026-08-19T13:18:29.525508+00:00
cap_20260819T131836648246,cycle_20260819,08/19/2026,07:30 (ET),TOR@WAS,Toronto Tempo,NOT_YET_SUBMITTED,2026-08-19T13:18:46.721829+00:00
cap_20260819T131836648246,cycle_20260819,08/20/2026,08:00 (ET),IND@DAL,Indiana Fever,NOT_YET_SUBMITTED,2026-08-19T13:18:46.721829+00:00
cap_20260819T131836648246,cycle_20260819,08/20/2026,08:00 (ET),IND@DAL,Dallas Wings,NOT_YET_SUBMITTED,2026-08-19T13:18:46.721829+00:00
cap_20260819T131836648246,cycle_20260819,08/20/2026,10:00 (ET),ATL@LAS,Atlanta Dream,NOT_YET_SUBMITTED,2026-08-19T13:18:46.721829+00:00
cap_20260819T131836648246,cycle_20260819,08/20/2026,10:00 (ET),ATL@LAS,Los Angeles Sparks,NOT_YET_SUBMITTED,2026-08-19T13:18:46.721829+00:00
cap_20260819T131836648246,cycle_20260819,08/20/2026,10:00 (ET),CON@LVA,Connecticut Sun,NOT_YET_SUBMITTED,2026-08-19T13:18:46.721829+00:00
cap_20260819T131836648246,cycle_20260819,08/20/2026,10:00 (ET),CON@LVA,Las Vegas Aces,NOT_YET_SUBMITTED,2026-08-19T13:18:46.721829+00:00
cap_20260819T131848250796,cycle_20260819,08/19/2026,07:30 (ET),TOR@WAS,Toronto Tempo,NOT_YET_SUBMITTED,2026-08-19T13:18:58.368682+00:00
cap_20260819T131848250796,cycle_20260819,08/20/2026,08:00 (ET),IND@DAL,Indiana Fever,NOT_YET_SUBMITTED,2026-08-19T13:18:58.368682+00:00
cap_20260819T131848250796,cycle_20260819,08/20/2026,08:00 (ET),IND@DAL,Dallas Wings,NOT_YET_SUBMITTED,2026-08-19T13:18:58.368682+00:00
cap_20260819T131848250796,cycle_20260819,08/20/2026,10:00 (ET),ATL@LAS,Atlanta Dream,NOT_YET_SUBMITTED,2026-08-19T13:18:58.368682+00:00
cap_20260819T131848250796,cycle_20260819,08/20/2026,10:00 (ET),ATL@LAS,Los Angeles Sparks,NOT_YET_SUBMITTED,2026-08-19T13:18:58.368682+00:00
cap_20260819T131848250796,cycle_20260819,08/20/2026,10:00 (ET),CON@LVA,Connecticut Sun,NOT_YET_SUBMITTED,2026-08-19T13:18:58.368682+00:00
cap_20260819T131848250796,cycle_20260819,08/20/2026,10:00 (ET),CON@LVA,Las Vegas Aces,NOT_YET_SUBMITTED,2026-08-19T13:18:58.368682+00:00
cap_20260819T131859191288,cycle_20260819,08/19/2026,07:30 (ET),TOR@WAS,Toronto Tempo,NOT_YET_SUBMITTED,2026-08-19T13:19:09.374566+00:00
cap_20260819T131859191288,cycle_20260819,08/20/2026,08:00 (ET),IND@DAL,Indiana Fever,NOT_YET_SUBMITTED,2026-08-19T13:19:09.374566+00:00
cap_20260819T131859191288,cycle_20260819,08/20/2026,08:00 (ET),IND@DAL,Dallas Wings,NOT_YET_SUBMITTED,2026-08-19T13:19:09.374566+00:00
cap_20260819T131859191288,cycle_20260819,08/20/2026,10:00 (ET),ATL@LAS,Atlanta Dream,NOT_YET_SUBMITTED,2026-08-19T13:19:09.374566+00:00
cap_20260819T131859191288,cycle_20260819,08/20/2026,10:00 (ET),ATL@LAS,Los Angeles Sparks,NOT_YET_SUBMITTED,2026-08-19T13:19:09.374566+00:00
cap_20260819T131859191288,cycle_20260819,08/20/2026,10:00 (ET),CON@LVA,Connecticut Sun,NOT_YET_SUBMITTED,2026-08-19T13:19:09.374566+00:00
cap_20260819T131859191288,cycle_20260819,08/20/2026,10:00 (ET),CON@LVA,Las Vegas Aces,NOT_YET_SUBMITTED,2026-08-19T13:19:09.374566+00:00
cap_20260819T131910050035,cycle_20260819,08/19/2026,07:30 (ET),TOR@WAS,Toronto Tempo,NOT_YET_SUBMITTED,2026-08-19T13:19:20.142728+00:00
cap_20260819T131910050035,cycle_20260819,08/20/2026,08:00 (ET),IND@DAL,Indiana Fever,NOT_YET_SUBMITTED,2026-08-19T13:19:20.142728+00:00
cap_20260819T131910050035,cycle_20260819,08/20/2026,08:00 (ET),IND@DAL,Dallas Wings,NOT_YET_SUBMITTED,2026-08-19T13:19:20.142728+00:00
cap_20260819T131910050035,cycle_20260819,08/20/2026,10:00 (ET),ATL@LAS,Atlanta Dream,NOT_YET_SUBMITTED,2026-08-19T13:19:20.142728+00:00
cap_20260819T131910050035,cycle_20260819,08/20/2026,10:00 (ET),ATL@LAS,Los Angeles Sparks,NOT_YET_SUBMITTED,2026-08-19T13:19:20.142728+00:00
cap_20260819T131910050035,cycle_20260819,08/20/2026,10:00 (ET),CON@LVA,Connecticut Sun,NOT_YET_SUBMITTED,2026-08-19T13:19:20.142728+00:00
cap_20260819T131910050035,cycle_20260819,08/20/2026,10:00 (ET),CON@LVA,Las Vegas Aces,NOT_YET_SUBMITTED,2026-08-19T13:19:20.142728+00:00
cap_20260819T131920504674,cycle_20260819,08/19/2026,07:30 (ET),TOR@WAS,Toronto Tempo,NOT_YET_SUBMITTED,2026-08-19T13:19:30.592192+00:00
cap_20260819T131920504674,cycle_20260819,08/20/2026,08:00 (ET),IND@DAL,Indiana Fever,NOT_YET_SUBMITTED,2026-08-19T13:19:30.592192+00:00
cap_20260819T131920504674,cycle_20260819,08/20/2026,08:00 (ET),IND@DAL,Dallas Wings,NOT_YET_SUBMITTED,2026-08-19T13:19:30.592192+00:00
cap_20260819T131920504674,cycle_20260819,08/20/2026,10:00 (ET),ATL@LAS,Atlanta Dream,NOT_YET_SUBMITTED,2026-08-19T13:19:30.592192+00:00
cap_20260819T131920504674,cycle_20260819,08/20/2026,10:00 (ET),ATL@LAS,Los Angeles Sparks,NOT_YET_SUBMITTED,2026-08-19T13:19:30.592192+00:00
cap_20260819T131920504674,cycle_20260819,08/20/2026,10:00 (ET),CON@LVA,Connecticut Sun,NOT_YET_SUBMITTED,2026-08-19T13:19:30.592192+00:00
cap_20260819T131920504674,cycle_20260819,08/20/2026,10:00 (ET),CON@LVA,Las Vegas Aces,NOT_YET_SUBMITTED,2026-08-19T13:19:30.592192+00:00
cap_20260819T132703420138,cycle_20260819,08/19/2026,07:30 (ET),TOR@WAS,Toronto Tempo,NOT_YET_SUBMITTED,2026-08-19T13:27:20.364206+00:00
cap_20260819T132703420138,cycle_20260819,08/20/2026,08:00 (ET),IND@DAL,Indiana Fever,NOT_YET_SUBMITTED,2026-08-19T13:27:20.364206+00:00
cap_20260819T132703420138,cycle_20260819,08/20/2026,08:00 (ET),IND@DAL,Dallas Wings,NOT_YET_SUBMITTED,2026-08-19T13:27:20.364206+00:00
cap_20260819T132703420138,cycle_20260819,08/20/2026,10:00 (ET),ATL@LAS,Atlanta Dream,NOT_YET_SUBMITTED,2026-08-19T13:27:20.364206+00:00
cap_20260819T132703420138,cycle_20260819,08/20/2026,10:00 (ET),ATL@LAS,Los Angeles Sparks,NOT_YET_SUBMITTED,2026-08-19T13:27:20.364206+00:00
cap_20260819T132703420138,cycle_20260819,08/20/2026,10:00 (ET),CON@LVA,Connecticut Sun,NOT_YET_SUBMITTED,2026-08-19T13:27:20.364206+00:00
cap_20260819T132703420138,cycle_20260819,08/20/2026,10:00 (ET),CON@LVA,Las Vegas Aces,NOT_YET_SUBMITTED,2026-08-19T13:27:20.364206+00:00
cap_20260819T134203974293,cycle_20260819,08/19/2026,07:30 (ET),TOR@WAS,Toronto Tempo,NOT_YET_SUBMITTED,2026-08-19T13:42:18.858570+00:00
cap_20260819T134203974293,cycle_20260819,08/20/2026,08:00 (ET),IND@DAL,Indiana Fever,NOT_YET_SUBMITTED,2026-08-19T13:42:18.858570+00:00
cap_20260819T134203974293,cycle_20260819,08/20/2026,08:00 (ET),IND@DAL,Dallas Wings,NOT_YET_SUBMITTED,2026-08-19T13:42:18.858570+00:00
cap_20260819T134203974293,cycle_20260819,08/20/2026,10:00 (ET),ATL@LAS,Atlanta Dream,NOT_YET_SUBMITTED,2026-08-19T13:42:18.858570+00:00
cap_20260819T134203974293,cycle_20260819,08/20/2026,10:00 (ET),ATL@LAS,Los Angeles Sparks,NOT_YET_SUBMITTED,2026-08-19T13:42:18.858570+00:00
cap_20260819T134203974293,cycle_20260819,08/20/2026,10:00 (ET),CON@LVA,Connecticut Sun,NOT_YET_SUBMITTED,2026-08-19T13:42:18.858570+00:00
cap_20260819T134203974293,cycle_20260819,08/20/2026,10:00 (ET),CON@LVA,Las Vegas Aces,NOT_YET_SUBMITTED,2026-08-19T13:42:18.858570+00:00
cap_20260819T135702969409,cycle_20260819,08/19/2026,07:30 (ET),TOR@WAS,Toronto Tempo,NOT_YET_SUBMITTED,2026-08-19T13:57:16.329007+00:00
cap_20260819T135702969409,cycle_20260819,08/20/2026,08:00 (ET),IND@DAL,Indiana Fever,NOT_YET_SUBMITTED,2026-08-19T13:57:16.329007+00:00
cap_20260819T135702969409,cycle_20260819,08/20/2026,08:00 (ET),IND@DAL,Dallas Wings,NOT_YET_SUBMITTED,2026-08-19T13:57:16.329007+00:00
cap_20260819T135702969409,cycle_20260819,08/20/2026,10:00 (ET),ATL@LAS,Atlanta Dream,NOT_YET_SUBMITTED,2026-08-19T13:57:16.329007+00:00
cap_20260819T135702969409,cycle_20260819,08/20/2026,10:00 (ET),ATL@LAS,Los Angeles Sparks,NOT_YET_SUBMITTED,2026-08-19T13:57:16.329007+00:00
cap_20260819T135702969409,cycle_20260819,08/20/2026,10:00 (ET),CON@LVA,Connecticut Sun,NOT_YET_SUBMITTED,2026-08-19T13:57:16.329007+00:00
cap_20260819T135702969409,cycle_20260819,08/20/2026,10:00 (ET),CON@LVA,Las Vegas Aces,NOT_YET_SUBMITTED,2026-08-19T13:57:16.329007+00:00
cap_20260819T141203594426,cycle_20260819,08/19/2026,07:30 (ET),TOR@WAS,Toronto Tempo,NOT_YET_SUBMITTED,2026-08-19T14:12:17.405405+00:00
cap_20260819T141203594426,cycle_20260819,08/20/2026,08:00 (ET),IND@DAL,Indiana Fever,NOT_YET_SUBMITTED,2026-08-19T14:12:17.405405+00:00
cap_20260819T141203594426,cycle_20260819,08/20/2026,08:00 (ET),IND@DAL,Dallas Wings,NOT_YET_SUBMITTED,2026-08-19T14:12:17.405405+00:00
cap_20260819T141203594426,cycle_20260819,08/20/2026,10:00 (ET),ATL@LAS,Atlanta Dream,NOT_YET_SUBMITTED,2026-08-19T14:12:17.405405+00:00
cap_20260819T141203594426,cycle_20260819,08/20/2026,10:00 (ET),ATL@LAS,Los Angeles Sparks,NOT_YET_SUBMITTED,2026-08-19T14:12:17.405405+00:00
cap_20260819T141203594426,cycle_20260819,08/20/2026,10:00 (ET),CON@LVA,Connecticut Sun,NOT_YET_SUBMITTED,2026-08-19T14:12:17.405405+00:00
cap_20260819T141203594426,cycle_20260819,08/20/2026,10:00 (ET),CON@LVA,Las Vegas Aces,NOT_YET_SUBMITTED,2026-08-19T14:12:17.405405+00:00
cap_20260819T142705452885,cycle_20260819,08/19/2026,07:30 (ET),TOR@WAS,Toronto Tempo,NOT_YET_SUBMITTED,2026-08-19T14:27:20.430457+00:00
cap_20260819T142705452885,cycle_20260819,08/20/2026,08:00 (ET),IND@DAL,Indiana Fever,NOT_YET_SUBMITTED,2026-08-19T14:27:20.430457+00:00
cap_20260819T142705452885,cycle_20260819,08/20/2026,08:00 (ET),IND@DAL,Dallas Wings,NOT_YET_SUBMITTED,2026-08-19T14:27:20.430457+00:00
cap_20260819T142705452885,cycle_20260819,08/20/2026,10:00 (ET),ATL@LAS,Atlanta Dream,NOT_YET_SUBMITTED,2026-08-19T14:27:20.430457+00:00
cap_20260819T142705452885,cycle_20260819,08/20/2026,10:00 (ET),ATL@LAS,Los Angeles Sparks,NOT_YET_SUBMITTED,2026-08-19T14:27:20.430457+00:00
cap_20260819T142705452885,cycle_20260819,08/20/2026,10:00 (ET),CON@LVA,Connecticut Sun,NOT_YET_SUBMITTED,2026-08-19T14:27:20.430457+00:00
cap_20260819T142705452885,cycle_20260819,08/20/2026,10:00 (ET),CON@LVA,Las Vegas Aces,NOT_YET_SUBMITTED,2026-08-19T14:27:20.430457+00:00
cap_20260819T144203025508,cycle_20260819,08/19/2026,07:30 (ET),TOR@WAS,Toronto Tempo,NOT_YET_SUBMITTED,2026-08-19T14:42:15.675981+00:00
cap_20260819T144203025508,cycle_20260819,08/20/2026,08:00 (ET),IND@DAL,Indiana Fever,NOT_YET_SUBMITTED,2026-08-19T14:42:15.675981+00:00
cap_20260819T144203025508,cycle_20260819,08/20/2026,08:00 (ET),IND@DAL,Dallas Wings,NOT_YET_SUBMITTED,2026-08-19T14:42:15.675981+00:00
cap_20260819T144203025508,cycle_20260819,08/20/2026,10:00 (ET),ATL@LAS,Atlanta Dream,NOT_YET_SUBMITTED,2026-08-19T14:42:15.675981+00:00
cap_20260819T144203025508,cycle_20260819,08/20/2026,10:00 (ET),ATL@LAS,Los Angeles Sparks,NOT_YET_SUBMITTED,2026-08-19T14:42:15.675981+00:00
cap_20260819T144203025508,cycle_20260819,08/20/2026,10:00 (ET),CON@LVA,Connecticut Sun,NOT_YET_SUBMITTED,2026-08-19T14:42:15.675981+00:00
cap_20260819T144203025508,cycle_20260819,08/20/2026,10:00 (ET),CON@LVA,Las Vegas Aces,NOT_YET_SUBMITTED,2026-08-19T14:42:15.675981+00:00
cap_20260819T145703181643,cycle_20260819,08/19/2026,07:30 (ET),TOR@WAS,Toronto Tempo,NOT_YET_SUBMITTED,2026-08-19T14:57:16.917606+00:00
cap_20260819T145703181643,cycle_20260819,08/20/2026,08:00 (ET),IND@DAL,Indiana Fever,NOT_YET_SUBMITTED,2026-08-19T14:57:16.917606+00:00
cap_20260819T145703181643,cycle_20260819,08/20/2026,08:00 (ET),IND@DAL,Dallas Wings,NOT_YET_SUBMITTED,2026-08-19T14:57:16.917606+00:00
cap_20260819T145703181643,cycle_20260819,08/20/2026,10:00 (ET),ATL@LAS,Atlanta Dream,NOT_YET_SUBMITTED,2026-08-19T14:57:16.917606+00:00
cap_20260819T145703181643,cycle_20260819,08/20/2026,10:00 (ET),ATL@LAS,Los Angeles Sparks,NOT_YET_SUBMITTED,2026-08-19T14:57:16.917606+00:00
cap_20260819T145703181643,cycle_20260819,08/20/2026,10:00 (ET),CON@LVA,Connecticut Sun,NOT_YET_SUBMITTED,2026-08-19T14:57:16.917606+00:00
cap_20260819T145703181643,cycle_20260819,08/20/2026,10:00 (ET),CON@LVA,Las Vegas Aces,NOT_YET_SUBMITTED,2026-08-19T14:57:16.917606+00:00
cap_20260819T151203635634,cycle_20260819,08/19/2026,07:30 (ET),TOR@WAS,Toronto Tempo,NOT_YET_SUBMITTED,2026-08-19T15:12:18.573554+00:00
cap_20260819T151203635634,cycle_20260819,08/20/2026,08:00 (ET),IND@DAL,Indiana Fever,NOT_YET_SUBMITTED,2026-08-19T15:12:18.573554+00:00
cap_20260819T151203635634,cycle_20260819,08/20/2026,08:00 (ET),IND@DAL,Dallas Wings,NOT_YET_SUBMITTED,2026-08-19T15:12:18.573554+00:00
cap_20260819T151203635634,cycle_20260819,08/20/2026,10:00 (ET),ATL@LAS,Atlanta Dream,NOT_YET_SUBMITTED,2026-08-19T15:12:18.573554+00:00
cap_20260819T151203635634,cycle_20260819,08/20/2026,10:00 (ET),ATL@LAS,Los Angeles Sparks,NOT_YET_SUBMITTED,2026-08-19T15:12:18.573554+00:00
cap_20260819T151203635634,cycle_20260819,08/20/2026,10:00 (ET),CON@LVA,Connecticut Sun,NOT_YET_SUBMITTED,2026-08-19T15:12:18.573554+00:00
cap_20260819T151203635634,cycle_20260819,08/20/2026,10:00 (ET),CON@LVA,Las Vegas Aces,NOT_YET_SUBMITTED,2026-08-19T15:12:18.573554+00:00
cap_20260819T152703415370,cycle_20260819,08/19/2026,07:30 (ET),TOR@WAS,Toronto Tempo,NOT_YET_SUBMITTED,2026-08-19T15:27:19.022587+00:00
cap_20260819T152703415370,cycle_20260819,08/20/2026,08:00 (ET),IND@DAL,Indiana Fever,NOT_YET_SUBMITTED,2026-08-19T15:27:19.022587+00:00
cap_20260819T152703415370,cycle_20260819,08/20/2026,08:00 (ET),IND@DAL,Dallas Wings,NOT_YET_SUBMITTED,2026-08-19T15:27:19.022587+00:00
cap_20260819T152703415370,cycle_20260819,08/20/2026,10:00 (ET),ATL@LAS,Atlanta Dream,NOT_YET_SUBMITTED,2026-08-19T15:27:19.022587+00:00
cap_20260819T152703415370,cycle_20260819,08/20/2026,10:00 (ET),ATL@LAS,Los Angeles Sparks,NOT_YET_SUBMITTED,2026-08-19T15:27:19.022587+00:00
cap_20260819T152703415370,cycle_20260819,08/20/2026,10:00 (ET),CON@LVA,Connecticut Sun,NOT_YET_SUBMITTED,2026-08-19T15:27:19.022587+00:00
cap_20260819T152703415370,cycle_20260819,08/20/2026,10:00 (ET),CON@LVA,Las Vegas Aces,NOT_YET_SUBMITTED,2026-08-19T15:27:19.022587+00:00
cap_20260819T154203419622,cycle_20260819,08/19/2026,07:30 (ET),TOR@WAS,Toronto Tempo,NOT_YET_SUBMITTED,2026-08-19T15:42:17.224788+00:00
cap_20260819T154203419622,cycle_20260819,08/20/2026,08:00 (ET),IND@DAL,Indiana Fever,NOT_YET_SUBMITTED,2026-08-19T15:42:17.224788+00:00
cap_20260819T154203419622,cycle_20260819,08/20/2026,08:00 (ET),IND@DAL,Dallas Wings,NOT_YET_SUBMITTED,2026-08-19T15:42:17.224788+00:00
cap_20260819T154203419622,cycle_20260819,08/20/2026,10:00 (ET),ATL@LAS,Atlanta Dream,NOT_YET_SUBMITTED,2026-08-19T15:42:17.224788+00:00
cap_20260819T154203419622,cycle_20260819,08/20/2026,10:00 (ET),ATL@LAS,Los Angeles Sparks,NOT_YET_SUBMITTED,2026-08-19T15:42:17.224788+00:00
cap_20260819T154203419622,cycle_20260819,08/20/2026,10:00 (ET),CON@LVA,Connecticut Sun,NOT_YET_SUBMITTED,2026-08-19T15:42:17.224788+00:00
cap_20260819T154203419622,cycle_20260819,08/20/2026,10:00 (ET),CON@LVA,Las Vegas Aces,NOT_YET_SUBMITTED,2026-08-19T15:42:17.224788+00:00
cap_20260819T155703220212,cycle_20260819,08/19/2026,07:30 (ET),TOR@WAS,Toronto Tempo,NOT_YET_SUBMITTED,2026-08-19T15:57:18.972814+00:00
cap_20260819T155703220212,cycle_20260819,08/20/2026,08:00 (ET),IND@DAL,Indiana Fever,NOT_YET_SUBMITTED,2026-08-19T15:57:18.972814+00:00
cap_20260819T155703220212,cycle_20260819,08/20/2026,08:00 (ET),IND@DAL,Dallas Wings,NOT_YET_SUBMITTED,2026-08-19T15:57:18.972814+00:00
cap_20260819T155703220212,cycle_20260819,08/20/2026,10:00 (ET),ATL@LAS,Atlanta Dream,NOT_YET_SUBMITTED,2026-08-19T15:57:18.972814+00:00
cap_20260819T155703220212,cycle_20260819,08/20/2026,10:00 (ET),ATL@LAS,Los Angeles Sparks,NOT_YET_SUBMITTED,2026-08-19T15:57:18.972814+00:00
cap_20260819T155703220212,cycle_20260819,08/20/2026,10:00 (ET),CON@LVA,Connecticut Sun,NOT_YET_SUBMITTED,2026-08-19T15:57:18.972814+00:00
cap_20260819T155703220212,cycle_20260819,08/20/2026,10:00 (ET),CON@LVA,Las Vegas Aces,NOT_YET_SUBMITTED,2026-08-19T15:57:18.972814+00:00
cap_20260819T161203624993,cycle_20260819,08/19/2026,07:30 (ET),TOR@WAS,Toronto Tempo,NOT_YET_SUBMITTED,2026-08-19T16:12:21.890767+00:00
cap_20260819T161203624993,cycle_20260819,08/20/2026,08:00 (ET),IND@DAL,Indiana Fever,NOT_YET_SUBMITTED,2026-08-19T16:12:21.890767+00:00
cap_20260819T161203624993,cycle_20260819,08/20/2026,08:00 (ET),IND@DAL,Dallas Wings,NOT_YET_SUBMITTED,2026-08-19T16:12:21.890767+00:00
cap_20260819T161203624993,cycle_20260819,08/20/2026,10:00 (ET),ATL@LAS,Atlanta Dream,NOT_YET_SUBMITTED,2026-08-19T16:12:21.890767+00:00
cap_20260819T161203624993,cycle_20260819,08/20/2026,10:00 (ET),ATL@LAS,Los Angeles Sparks,NOT_YET_SUBMITTED,2026-08-19T16:12:21.890767+00:00
cap_20260819T161203624993,cycle_20260819,08/20/2026,10:00 (ET),CON@LVA,Connecticut Sun,NOT_YET_SUBMITTED,2026-08-19T16:12:21.890767+00:00
cap_20260819T161203624993,cycle_20260819,08/20/2026,10:00 (ET),CON@LVA,Las Vegas Aces,NOT_YET_SUBMITTED,2026-08-19T16:12:21.890767+00:00
cap_20260819T162703378551,cycle_20260819,08/19/2026,07:30 (ET),TOR@WAS,Toronto Tempo,NOT_YET_SUBMITTED,2026-08-19T16:27:18.651315+00:00
cap_20260819T162703378551,cycle_20260819,08/20/2026,08:00 (ET),IND@DAL,Indiana Fever,NOT_YET_SUBMITTED,2026-08-19T16:27:18.651315+00:00
cap_20260819T162703378551,cycle_20260819,08/20/2026,08:00 (ET),IND@DAL,Dallas Wings,NOT_YET_SUBMITTED,2026-08-19T16:27:18.651315+00:00
cap_20260819T162703378551,cycle_20260819,08/20/2026,10:00 (ET),ATL@LAS,Atlanta Dream,NOT_YET_SUBMITTED,2026-08-19T16:27:18.651315+00:00
cap_20260819T162703378551,cycle_20260819,08/20/2026,10:00 (ET),ATL@LAS,Los Angeles Sparks,NOT_YET_SUBMITTED,2026-08-19T16:27:18.651315+00:00
cap_20260819T162703378551,cycle_20260819,08/20/2026,10:00 (ET),CON@LVA,Connecticut Sun,NOT_YET_SUBMITTED,2026-08-19T16:27:18.651315+00:00
cap_20260819T162703378551,cycle_20260819,08/20/2026,10:00 (ET),CON@LVA,Las Vegas Aces,NOT_YET_SUBMITTED,2026-08-19T16:27:18.651315+00:00
cap_20260819T164203607833,cycle_20260819,08/19/2026,07:30 (ET),TOR@WAS,Toronto Tempo,NOT_YET_SUBMITTED,2026-08-19T16:42:17.013451+00:00
cap_20260819T164203607833,cycle_20260819,08/20/2026,08:00 (ET),IND@DAL,Indiana Fever,NOT_YET_SUBMITTED,2026-08-19T16:42:17.013451+00:00
cap_20260819T164203607833,cycle_20260819,08/20/2026,08:00 (ET),IND@DAL,Dallas Wings,NOT_YET_SUBMITTED,2026-08-19T16:42:17.013451+00:00
cap_20260819T164203607833,cycle_20260819,08/20/2026,10:00 (ET),ATL@LAS,Atlanta Dream,NOT_YET_SUBMITTED,2026-08-19T16:42:17.013451+00:00
cap_20260819T164203607833,cycle_20260819,08/20/2026,10:00 (ET),ATL@LAS,Los Angeles Sparks,NOT_YET_SUBMITTED,2026-08-19T16:42:17.013451+00:00
cap_20260819T164203607833,cycle_20260819,08/20/2026,10:00 (ET),CON@LVA,Connecticut Sun,NOT_YET_SUBMITTED,2026-08-19T16:42:17.013451+00:00
cap_20260819T164203607833,cycle_20260819,08/20/2026,10:00 (ET),CON@LVA,Las Vegas Aces,NOT_YET_SUBMITTED,2026-08-19T16:42:17.013451+00:00
cap_20260819T165108235373,cycle_20260819,08/20/2026,08:00 (ET),IND@DAL,Indiana Fever,NOT_YET_SUBMITTED,2026-08-19T16:51:27.481297+00:00
cap_20260819T165108235373,cycle_20260819,08/20/2026,08:00 (ET),IND@DAL,Dallas Wings,NOT_YET_SUBMITTED,2026-08-19T16:51:27.481297+00:00
cap_20260819T165108235373,cycle_20260819,08/20/2026,10:00 (ET),ATL@LAS,Atlanta Dream,NOT_YET_SUBMITTED,2026-08-19T16:51:27.481297+00:00
cap_20260819T165108235373,cycle_20260819,08/20/2026,10:00 (ET),ATL@LAS,Los Angeles Sparks,NOT_YET_SUBMITTED,2026-08-19T16:51:27.481297+00:00
cap_20260819T165108235373,cycle_20260819,08/20/2026,10:00 (ET),CON@LVA,Connecticut Sun,NOT_YET_SUBMITTED,2026-08-19T16:51:27.481297+00:00
cap_20260819T165108235373,cycle_20260819,08/20/2026,10:00 (ET),CON@LVA,Las Vegas Aces,NOT_YET_SUBMITTED,2026-08-19T16:51:27.481297+00:00
cap_20260819T171203350332,cycle_20260819,08/20/2026,08:00 (ET),IND@DAL,Indiana Fever,NOT_YET_SUBMITTED,2026-08-19T17:12:21.789989+00:00
cap_20260819T171203350332,cycle_20260819,08/20/2026,08:00 (ET),IND@DAL,Dallas Wings,NOT_YET_SUBMITTED,2026-08-19T17:12:21.789989+00:00
cap_20260819T171203350332,cycle_20260819,08/20/2026,10:00 (ET),ATL@LAS,Atlanta Dream,NOT_YET_SUBMITTED,2026-08-19T17:12:21.789989+00:00
cap_20260819T171203350332,cycle_20260819,08/20/2026,10:00 (ET),ATL@LAS,Los Angeles Sparks,NOT_YET_SUBMITTED,2026-08-19T17:12:21.789989+00:00
cap_20260819T171203350332,cycle_20260819,08/20/2026,10:00 (ET),CON@LVA,Connecticut Sun,NOT_YET_SUBMITTED,2026-08-19T17:12:21.789989+00:00
cap_20260819T171203350332,cycle_20260819,08/20/2026,10:00 (ET),CON@LVA,Las Vegas Aces,NOT_YET_SUBMITTED,2026-08-19T17:12:21.789989+00:00
cap_20260819T172702437274,cycle_20260819,08/20/2026,08:00 (ET),IND@DAL,Indiana Fever,NOT_YET_SUBMITTED,2026-08-19T17:27:16.961213+00:00
cap_20260819T172702437274,cycle_20260819,08/20/2026,08:00 (ET),IND@DAL,Dallas Wings,NOT_YET_SUBMITTED,2026-08-19T17:27:16.961213+00:00
cap_20260819T172702437274,cycle_20260819,08/20/2026,10:00 (ET),ATL@LAS,Atlanta Dream,NOT_YET_SUBMITTED,2026-08-19T17:27:16.961213+00:00
cap_20260819T172702437274,cycle_20260819,08/20/2026,10:00 (ET),ATL@LAS,Los Angeles Sparks,NOT_YET_SUBMITTED,2026-08-19T17:27:16.961213+00:00
cap_20260819T172702437274,cycle_20260819,08/20/2026,10:00 (ET),CON@LVA,Connecticut Sun,NOT_YET_SUBMITTED,2026-08-19T17:27:16.961213+00:00
cap_20260819T172702437274,cycle_20260819,08/20/2026,10:00 (ET),CON@LVA,Las Vegas Aces,NOT_YET_SUBMITTED,2026-08-19T17:27:16.961213+00:00
cap_20260819T174202407035,cycle_20260819,08/20/2026,08:00 (ET),IND@DAL,Indiana Fever,NOT_YET_SUBMITTED,2026-08-19T17:42:16.854209+00:00
cap_20260819T174202407035,cycle_20260819,08/20/2026,08:00 (ET),IND@DAL,Dallas Wings,NOT_YET_SUBMITTED,2026-08-19T17:42:16.854209+00:00
cap_20260819T174202407035,cycle_20260819,08/20/2026,10:00 (ET),ATL@LAS,Atlanta Dream,NOT_YET_SUBMITTED,2026-08-19T17:42:16.854209+00:00
cap_20260819T174202407035,cycle_20260819,08/20/2026,10:00 (ET),ATL@LAS,Los Angeles Sparks,NOT_YET_SUBMITTED,2026-08-19T17:42:16.854209+00:00
cap_20260819T174202407035,cycle_20260819,08/20/2026,10:00 (ET),CON@LVA,Connecticut Sun,NOT_YET_SUBMITTED,2026-08-19T17:42:16.854209+00:00
cap_20260819T174202407035,cycle_20260819,08/20/2026,10:00 (ET),CON@LVA,Las Vegas Aces,NOT_YET_SUBMITTED,2026-08-19T17:42:16.854209+00:00
cap_20260819T175702386022,cycle_20260819,08/20/2026,08:00 (ET),IND@DAL,Indiana Fever,NOT_YET_SUBMITTED,2026-08-19T17:57:14.563763+00:00
cap_20260819T175702386022,cycle_20260819,08/20/2026,08:00 (ET),IND@DAL,Dallas Wings,NOT_YET_SUBMITTED,2026-08-19T17:57:14.563763+00:00
cap_20260819T175702386022,cycle_20260819,08/20/2026,10:00 (ET),ATL@LAS,Atlanta Dream,NOT_YET_SUBMITTED,2026-08-19T17:57:14.563763+00:00
cap_20260819T175702386022,cycle_20260819,08/20/2026,10:00 (ET),ATL@LAS,Los Angeles Sparks,NOT_YET_SUBMITTED,2026-08-19T17:57:14.563763+00:00
cap_20260819T175702386022,cycle_20260819,08/20/2026,10:00 (ET),CON@LVA,Connecticut Sun,NOT_YET_SUBMITTED,2026-08-19T17:57:14.563763+00:00
cap_20260819T175702386022,cycle_20260819,08/20/2026,10:00 (ET),CON@LVA,Las Vegas Aces,NOT_YET_SUBMITTED,2026-08-19T17:57:14.563763+00:00
cap_20260819T181202426781,cycle_20260819,08/20/2026,08:00 (ET),IND@DAL,Indiana Fever,NOT_YET_SUBMITTED,2026-08-19T18:12:14.708667+00:00
cap_20260819T181202426781,cycle_20260819,08/20/2026,08:00 (ET),IND@DAL,Dallas Wings,NOT_YET_SUBMITTED,2026-08-19T18:12:14.708667+00:00
cap_20260819T181202426781,cycle_20260819,08/20/2026,10:00 (ET),ATL@LAS,Atlanta Dream,NOT_YET_SUBMITTED,2026-08-19T18:12:14.708667+00:00
cap_20260819T181202426781,cycle_20260819,08/20/2026,10:00 (ET),ATL@LAS,Los Angeles Sparks,NOT_YET_SUBMITTED,2026-08-19T18:12:14.708667+00:00
cap_20260819T181202426781,cycle_20260819,08/20/2026,10:00 (ET),CON@LVA,Connecticut Sun,NOT_YET_SUBMITTED,2026-08-19T18:12:14.708667+00:00
cap_20260819T181202426781,cycle_20260819,08/20/2026,10:00 (ET),CON@LVA,Las Vegas Aces,NOT_YET_SUBMITTED,2026-08-19T18:12:14.708667+00:00
cap_20260819T182702525367,cycle_20260819,08/20/2026,08:00 (ET),IND@DAL,Indiana Fever,NOT_YET_SUBMITTED,2026-08-19T18:27:21.107270+00:00
cap_20260819T182702525367,cycle_20260819,08/20/2026,08:00 (ET),IND@DAL,Dallas Wings,NOT_YET_SUBMITTED,2026-08-19T18:27:21.107270+00:00
cap_20260819T182702525367,cycle_20260819,08/20/2026,10:00 (ET),ATL@LAS,Atlanta Dream,NOT_YET_SUBMITTED,2026-08-19T18:27:21.107270+00:00
cap_20260819T182702525367,cycle_20260819,08/20/2026,10:00 (ET),ATL@LAS,Los Angeles Sparks,NOT_YET_SUBMITTED,2026-08-19T18:27:21.107270+00:00
cap_20260819T182702525367,cycle_20260819,08/20/2026,10:00 (ET),CON@LVA,Connecticut Sun,NOT_YET_SUBMITTED,2026-08-19T18:27:21.107270+00:00
cap_20260819T182702525367,cycle_20260819,08/20/2026,10:00 (ET),CON@LVA,Las Vegas Aces,NOT_YET_SUBMITTED,2026-08-19T18:27:21.107270+00:00
cap_20260819T184202858297,cycle_20260819,08/20/2026,08:00 (ET),IND@DAL,Indiana Fever,NOT_YET_SUBMITTED,2026-08-19T18:42:18.225861+00:00
cap_20260819T184202858297,cycle_20260819,08/20/2026,08:00 (ET),IND@DAL,Dallas Wings,NOT_YET_SUBMITTED,2026-08-19T18:42:18.225861+00:00
cap_20260819T184202858297,cycle_20260819,08/20/2026,10:00 (ET),ATL@LAS,Atlanta Dream,NOT_YET_SUBMITTED,2026-08-19T18:42:18.225861+00:00
cap_20260819T184202858297,cycle_20260819,08/20/2026,10:00 (ET),ATL@LAS,Los Angeles Sparks,NOT_YET_SUBMITTED,2026-08-19T18:42:18.225861+00:00
cap_20260819T184202858297,cycle_20260819,08/20/2026,10:00 (ET),CON@LVA,Connecticut Sun,NOT_YET_SUBMITTED,2026-08-19T18:42:18.225861+00:00
cap_20260819T184202858297,cycle_20260819,08/20/2026,10:00 (ET),CON@LVA,Las Vegas Aces,NOT_YET_SUBMITTED,2026-08-19T18:42:18.225861+00:00
cap_20260819T185703793036,cycle_20260819,08/20/2026,08:00 (ET),IND@DAL,Indiana Fever,NOT_YET_SUBMITTED,2026-08-19T18:57:20.279762+00:00
cap_20260819T185703793036,cycle_20260819,08/20/2026,08:00 (ET),IND@DAL,Dallas Wings,NOT_YET_SUBMITTED,2026-08-19T18:57:20.279762+00:00
cap_20260819T185703793036,cycle_20260819,08/20/2026,10:00 (ET),ATL@LAS,Atlanta Dream,NOT_YET_SUBMITTED,2026-08-19T18:57:20.279762+00:00
cap_20260819T185703793036,cycle_20260819,08/20/2026,10:00 (ET),ATL@LAS,Los Angeles Sparks,NOT_YET_SUBMITTED,2026-08-19T18:57:20.279762+00:00
cap_20260819T185703793036,cycle_20260819,08/20/2026,10:00 (ET),CON@LVA,Connecticut Sun,NOT_YET_SUBMITTED,2026-08-19T18:57:20.279762+00:00
cap_20260819T185703793036,cycle_20260819,08/20/2026,10:00 (ET),CON@LVA,Las Vegas Aces,NOT_YET_SUBMITTED,2026-08-19T18:57:20.279762+00:00
cap_20260819T191203889855,cycle_20260819,08/20/2026,08:00 (ET),IND@DAL,Indiana Fever,NOT_YET_SUBMITTED,2026-08-19T19:13:10.592355+00:00
cap_20260819T191203889855,cycle_20260819,08/20/2026,08:00 (ET),IND@DAL,Dallas Wings,NOT_YET_SUBMITTED,2026-08-19T19:13:10.592355+00:00
cap_20260819T191203889855,cycle_20260819,08/20/2026,10:00 (ET),ATL@LAS,Atlanta Dream,NOT_YET_SUBMITTED,2026-08-19T19:13:10.592355+00:00
cap_20260819T191203889855,cycle_20260819,08/20/2026,10:00 (ET),ATL@LAS,Los Angeles Sparks,NOT_YET_SUBMITTED,2026-08-19T19:13:10.592355+00:00
cap_20260819T191203889855,cycle_20260819,08/20/2026,10:00 (ET),CON@LVA,Connecticut Sun,NOT_YET_SUBMITTED,2026-08-19T19:13:10.592355+00:00
cap_20260819T191203889855,cycle_20260819,08/20/2026,10:00 (ET),CON@LVA,Las Vegas Aces,NOT_YET_SUBMITTED,2026-08-19T19:13:10.592355+00:00
cap_20260819T192702659677,cycle_20260819,08/20/2026,08:00 (ET),IND@DAL,Indiana Fever,NOT_YET_SUBMITTED,2026-08-19T19:27:17.572738+00:00
cap_20260819T192702659677,cycle_20260819,08/20/2026,08:00 (ET),IND@DAL,Dallas Wings,NOT_YET_SUBMITTED,2026-08-19T19:27:17.572738+00:00
cap_20260819T192702659677,cycle_20260819,08/20/2026,10:00 (ET),ATL@LAS,Atlanta Dream,NOT_YET_SUBMITTED,2026-08-19T19:27:17.572738+00:00
cap_20260819T192702659677,cycle_20260819,08/20/2026,10:00 (ET),ATL@LAS,Los Angeles Sparks,NOT_YET_SUBMITTED,2026-08-19T19:27:17.572738+00:00
cap_20260819T192702659677,cycle_20260819,08/20/2026,10:00 (ET),CON@LVA,Connecticut Sun,NOT_YET_SUBMITTED,2026-08-19T19:27:17.572738+00:00
cap_20260819T192702659677,cycle_20260819,08/20/2026,10:00 (ET),CON@LVA,Las Vegas Aces,NOT_YET_SUBMITTED,2026-08-19T19:27:17.572738+00:00
