season,fit_through_season,player_id,player_name,off_poss,def_poss,total_poss,minutes_2021_24,orapm_100,drapm_100,net_100,lambda_chosen,net_100_lam500,net_100_lam1000,net_100_lam2000,net_100_lam5000,train_seasons,n_train_seasons,lambda_source,net_100_v0grid,lambda_chosen_v0grid
2022,2021,1627673,Jonquel Jones,1876,1858,3734,996.5,0.118,0.168,0.286,100000,8.222,6.393,4.696,2.912,2021,1,fallback_max_grid,2.912,5000
2022,2021,1628280,Brionna Jones,2031,2033,4064,1082.8,0.091,0.177,0.268,100000,5.573,4.621,3.656,2.472,2021,1,fallback_max_grid,2.472,5000
2022,2021,1629498,Jackie Young,2354,2353,4707,1147.8,0.171,0.087,0.258,100000,9.047,6.728,4.718,2.773,2021,1,fallback_max_grid,2.773,5000
2022,2021,202662,Jasmine Thomas,1927,1918,3845,1023.8,0.084,0.162,0.246,100000,4.891,4.063,3.266,2.246,2021,1,fallback_max_grid,2.246,5000
2022,2021,201896,Briann January,1836,1837,3673,979.3,0.096,0.146,0.242,100000,5.09,4.088,3.224,2.201,2021,1,fallback_max_grid,2.201,5000
2022,2021,201886,DeWanna Bonner,2192,2183,4375,1161.5,0.093,0.129,0.222,100000,-0.227,0.921,1.511,1.537,2021,1,fallback_max_grid,1.537,5000
2022,2021,1627668,Breanna Stewart,1861,1855,3716,933.7,0.124,0.064,0.188,100000,10.678,7.311,4.722,2.486,2021,1,fallback_max_grid,2.486,5000
2022,2021,201516,Allie Quigley,1893,1897,3790,962.0,0.143,0.044,0.187,100000,7.965,6.394,4.609,2.582,2021,1,fallback_max_grid,2.582,5000
2022,2021,204324,Dearica Hamby,1622,1630,3252,796.8,0.1,0.082,0.182,100000,5.403,4.212,3.125,1.932,2021,1,fallback_max_grid,1.932,5000
2022,2021,203833,Chelsea Gray,2194,2190,4384,1067.9,0.132,0.031,0.163,100000,2.256,2.059,1.766,1.309,2021,1,fallback_max_grid,1.309,5000
2022,2021,202664,Courtney Vandersloot,2644,2634,5278,1321.2,0.053,0.105,0.158,100000,7.037,4.821,3.224,1.838,2021,1,fallback_max_grid,1.838,5000
2022,2021,202633,Liz Cambage,1433,1435,2868,695.0,0.076,0.074,0.15,100000,4.497,3.452,2.514,1.539,2021,1,fallback_max_grid,1.539,5000
2022,2021,203400,Skylar Diggins,2722,2709,5431,1423.9,0.155,-0.006,0.149,100000,8.886,6.05,3.885,2.038,2021,1,fallback_max_grid,2.038,5000
2022,2021,1628932,A'ja Wilson,2403,2408,4811,1181.4,0.115,0.032,0.147,100000,0.739,0.832,0.946,0.925,2021,1,fallback_max_grid,0.925,5000
2022,2021,1629488,Brianna Turner,2557,2553,5110,1340.1,0.121,0.014,0.135,100000,4.323,3.515,2.641,1.604,2021,1,fallback_max_grid,1.604,5000
2022,2021,1629483,Napheesa Collier,2054,2045,4099,1037.9,0.084,0.046,0.13,100000,4.93,3.786,2.691,1.558,2021,1,fallback_max_grid,1.558,5000
2022,2021,201496,Candace Parker,1862,1864,3726,939.6,0.064,0.06,0.124,100000,4.415,3.475,2.574,1.537,2021,1,fallback_max_grid,1.537,5000
2022,2021,203029,Riquna Williams,1997,1996,3993,969.8,0.1,0.018,0.118,100000,-0.963,-0.219,0.322,0.608,2021,1,fallback_max_grid,0.608,5000
2022,2021,1628920,Mercedes Russell,1508,1512,3020,784.8,0.067,0.047,0.114,100000,3.851,2.847,2.055,1.247,2021,1,fallback_max_grid,1.247,5000
2022,2021,204319,Jewell Loyd,1977,1961,3938,997.8,0.08,0.032,0.112,100000,2.187,1.872,1.519,1.049,2021,1,fallback_max_grid,1.049,5000
2022,2021,1627674,Kahleah Copper,2612,2626,5238,1314.2,0.066,0.037,0.103,100000,-0.197,0.445,0.76,0.77,2021,1,fallback_max_grid,0.77,5000
2022,2021,203825,Kayla McBride,2058,2060,4118,1044.1,0.043,0.058,0.101,100000,2.527,2.136,1.68,1.082,2021,1,fallback_max_grid,1.082,5000
2022,2021,203398,Brittney Griner,2600,2597,5197,1368.9,0.144,-0.045,0.099,100000,2.892,2.404,1.843,1.149,2021,1,fallback_max_grid,1.149,5000
2022,2021,201480,Sylvia Fowles,1911,1925,3836,966.6,0.04,0.058,0.098,100000,4.647,3.327,2.231,1.233,2021,1,fallback_max_grid,1.233,5000
2022,2021,203406,Layshia Clarendon,1096,1085,2181,554.0,0.054,0.04,0.094,100000,5.439,3.939,2.662,1.408,2021,1,fallback_max_grid,1.408,5000
2022,2021,1628276,Kelsey Plum,1635,1640,3275,807.2,0.077,0.017,0.094,100000,-1.942,-0.767,0.039,0.456,2021,1,fallback_max_grid,0.456,5000
2022,2021,1628922,Azura Stevens,1645,1653,3298,840.3,0.097,-0.003,0.094,100000,1.627,1.624,1.459,1.02,2021,1,fallback_max_grid,1.02,5000
2022,2021,1629567,Natisha Hiedeman,1346,1346,2692,716.0,0.025,0.069,0.094,100000,0.663,0.471,0.488,0.531,2021,1,fallback_max_grid,0.531,5000
2022,2021,100720,Sue Bird,1698,1684,3382,868.8,0.092,-0.003,0.089,100000,-1.066,0.071,0.588,0.666,2021,1,fallback_max_grid,0.666,5000
2022,2021,204330,Isabelle Harrison,1364,1360,2724,694.1,0.082,0.003,0.085,100000,8.934,6.14,3.791,1.74,2021,1,fallback_max_grid,1.74,5000
2022,2021,1630097,Kaila Charles,1013,1023,2036,542.4,-0.008,0.092,0.084,100000,1.421,1.016,0.789,0.607,2021,1,fallback_max_grid,0.607,5000
2022,2021,203855,Stephanie Talbot,1095,1093,2188,555.2,0.022,0.051,0.073,100000,1.753,1.511,1.174,0.751,2021,1,fallback_max_grid,0.751,5000
2022,2021,203828,Stefanie Dolson,1299,1286,2585,647.9,-0.015,0.076,0.061,100000,2.34,1.717,1.186,0.684,2021,1,fallback_max_grid,0.684,5000
2022,2021,1630113,Ruthy Hebard,1042,1050,2092,519.9,0.028,0.033,0.061,100000,3.5,2.241,1.327,0.672,2021,1,fallback_max_grid,0.672,5000
2022,2021,1628915,Kia Nurse,1850,1850,3700,966.1,0.069,-0.011,0.058,100000,-2.82,-1.323,-0.311,0.237,2021,1,fallback_max_grid,0.237,5000
2022,2021,1627671,Rachel Banham,706,701,1407,345.9,0.018,0.034,0.052,100000,3.222,2.14,1.33,0.68,2021,1,fallback_max_grid,0.68,5000
2022,2021,1629482,Sophie Cunningham,1243,1243,2486,663.2,0.053,-0.009,0.044,100000,0.731,0.725,0.603,0.413,2021,1,fallback_max_grid,0.413,5000
2022,2021,1630435,Destiny Slocum,291,292,583,146.2,-0.008,0.052,0.044,100000,2.248,1.665,1.139,0.614,2021,1,fallback_max_grid,0.614,5000
2022,2021,100940,Diana Taurasi,1496,1503,2999,759.5,0.076,-0.033,0.043,100000,-0.263,0.085,0.284,0.325,2021,1,fallback_max_grid,0.325,5000
2022,2021,1627672,Aerial Powers,697,698,1395,340.9,0.022,0.021,0.043,100000,2.742,1.697,0.994,0.503,2021,1,fallback_max_grid,0.503,5000
2022,2021,1630093,Bella Alarie,790,794,1584,411.4,-0.008,0.05,0.042,100000,4.991,3.391,2.07,0.93,2021,1,fallback_max_grid,0.93,5000
2022,2021,1629478,Katie Lou Samuelson,1174,1165,2339,584.1,0.029,0.01,0.039,100000,-1.697,-0.924,-0.321,0.081,2021,1,fallback_max_grid,0.081,5000
2022,2021,202259,Epiphanny Prince,828,822,1650,424.9,-0.012,0.045,0.033,100000,0.372,0.355,0.318,0.256,2021,1,fallback_max_grid,0.256,5000
2022,2021,1630149,Satou Sabally,869,870,1739,445.8,0.03,0.003,0.033,100000,7.004,4.469,2.506,0.996,2021,1,fallback_max_grid,0.996,5000
2022,2021,1628886,Jordin Canada,1087,1100,2187,552.1,0.012,0.02,0.032,100000,1.275,0.852,0.537,0.307,2021,1,fallback_max_grid,0.307,5000
2022,2021,203399,Elena Delle Donne,103,102,205,52.1,0.013,0.015,0.028,100000,5.385,2.884,1.484,0.593,2021,1,fallback_max_grid,0.593,5000
2022,2021,203826,Alyssa Thomas,253,246,499,128.1,0.014,0.008,0.022,100000,1.445,0.89,0.527,0.265,2021,1,fallback_max_grid,0.265,5000
2022,2021,203024,Damiris Dantas,1131,1133,2264,572.0,0.022,-0.004,0.018,100000,-2.025,-0.92,-0.27,0.045,2021,1,fallback_max_grid,0.045,5000
2022,2021,1630437,Chelsey Perry,77,79,156,40.1,-0.006,0.023,0.017,100000,3.697,1.978,1.014,0.398,2021,1,fallback_max_grid,0.398,5000
2022,2021,203823,Chiney Ogwumike,269,266,535,134.2,-0.014,0.03,0.016,100000,5.095,2.778,1.402,0.517,2021,1,fallback_max_grid,0.517,5000
2022,2021,1628277,Allisha Gray,1419,1424,2843,728.2,0.009,0.005,0.014,100000,3.181,2.284,1.416,0.599,2021,1,fallback_max_grid,0.599,5000
2022,2021,203831,Natalie Achonwa,529,514,1043,264.3,-0.013,0.026,0.013,100000,-0.401,-0.194,-0.052,0.041,2021,1,fallback_max_grid,0.041,5000
2022,2021,1628882,Lexie Brown,366,369,735,186.2,-0.012,0.024,0.012,100000,0.751,0.476,0.287,0.145,2021,1,fallback_max_grid,0.145,5000
2022,2021,204329,Kiah Stokes,1019,1022,2041,513.7,0.006,0.002,0.008,100000,1.621,0.743,0.283,0.077,2021,1,fallback_max_grid,0.077,5000
2022,2021,204355,Blake Dietrick,270,273,543,141.0,-0.008,0.013,0.005,100000,4.318,2.223,1.029,0.327,2021,1,fallback_max_grid,0.327,5000
2022,2021,1628897,Linnae Harper,9,10,19,5.3,0.001,0.002,0.003,100000,0.703,0.315,0.143,0.054,2021,1,fallback_max_grid,0.054,5000
2022,2021,1630440,Chelsea Dungee,121,123,244,64.5,-0.019,0.022,0.003,100000,0.662,0.345,0.173,0.067,2021,1,fallback_max_grid,0.067,5000
2022,2021,204327,Brittany Boyd-Jones,44,47,91,22.4,-0.006,0.008,0.002,100000,0.335,0.123,0.045,0.017,2021,1,fallback_max_grid,0.017,5000
2022,2021,1629497,Marina Mabrey,1558,1558,3116,790.4,0.054,-0.052,0.002,100000,0.77,0.808,0.623,0.296,2021,1,fallback_max_grid,0.296,5000
2022,2021,1629524,Bridget Carleton,1254,1246,2500,632.8,-0.059,0.06,0.001,100000,-3.385,-2.179,-1.192,-0.405,2021,1,fallback_max_grid,-0.405,5000
2022,2021,1630389,Dana Evans,553,571,1124,284.7,-0.0,0.001,0.001,100000,0.25,-0.076,-0.132,-0.072,2021,1,fallback_max_grid,-0.072,5000
2022,2021,201881,Angel McCoughtry,1,1,2,0.1,-0.001,0.001,0.0,100000,-0.05,-0.02,-0.008,-0.002,2021,1,fallback_max_grid,-0.002,5000
2022,2021,1627687,Jillian Alleyne,14,13,27,7.8,-0.004,0.004,0.0,100000,0.147,0.059,0.023,0.007,2021,1,fallback_max_grid,0.007,5000
2022,2021,1630114,Mikiah Herbert Harrigan,2,2,4,1.2,-0.0,0.0,0.0,100000,0.042,0.015,0.005,0.001,2021,1,fallback_max_grid,0.001,5000
2022,2021,1630441,Arella Guirantes,559,562,1121,290.9,-0.017,0.017,0.0,100000,2.825,1.788,0.958,0.326,2021,1,fallback_max_grid,0.326,5000
2022,2021,1630096,DiJonai Carrington,424,416,840,222.2,-0.02,0.019,-0.001,100000,-2.846,-1.834,-1.019,-0.368,2021,1,fallback_max_grid,-0.368,5000
2022,2021,1628917,JiSu Park,486,488,974,238.7,0.015,-0.017,-0.002,100000,-5.559,-3.178,-1.567,-0.499,2021,1,fallback_max_grid,-0.499,5000
2022,2021,1630115,Joyner Holmes,59,59,118,28.2,0.015,-0.017,-0.002,100000,-1.73,-0.84,-0.375,-0.115,2021,1,fallback_max_grid,-0.115,5000
2022,2021,1629480,Kalani Brown,9,10,19,4.7,-0.003,0.0,-0.003,100000,-0.746,-0.36,-0.173,-0.066,2021,1,fallback_max_grid,-0.066,5000
2022,2021,1629496,Ezi Magbegor,959,956,1915,487.0,-0.001,-0.003,-0.004,100000,-1.32,-1.215,-0.816,-0.336,2021,1,fallback_max_grid,-0.336,5000
2022,2021,1628317,Karlie Samuelson,407,400,807,206.1,-0.025,0.019,-0.006,100000,1.316,0.74,0.341,0.079,2021,1,fallback_max_grid,0.079,5000
2022,2021,1630110,Haley Gorecki,13,13,26,6.3,-0.006,0.0,-0.006,100000,-1.128,-0.585,-0.301,-0.122,2021,1,fallback_max_grid,-0.122,5000
2022,2021,1630118,Stella Johnson,62,63,125,31.2,-0.013,0.007,-0.006,100000,-0.566,-0.368,-0.22,-0.102,2021,1,fallback_max_grid,-0.102,5000
2022,2021,1630386,Awak Kuier,295,294,589,149.6,-0.01,0.004,-0.006,100000,-0.447,-0.273,-0.153,-0.071,2021,1,fallback_max_grid,-0.071,5000
2022,2021,1630442,Natasha Mack,37,38,75,18.2,-0.009,0.003,-0.006,100000,-1.375,-0.741,-0.384,-0.151,2021,1,fallback_max_grid,-0.151,5000
2022,2021,1627669,Moriah Jefferson,1018,1001,2019,525.1,0.012,-0.02,-0.008,100000,2.13,1.202,0.524,0.107,2021,1,fallback_max_grid,0.107,5000
2022,2021,1630453,Aleah Goodman,6,6,12,3.2,-0.003,-0.005,-0.008,100000,-1.594,-0.815,-0.413,-0.165,2021,1,fallback_max_grid,-0.165,5000
2022,2021,1630150,Chennedy Carter,576,575,1151,280.0,0.006,-0.015,-0.009,100000,0.517,0.458,0.278,0.071,2021,1,fallback_max_grid,0.071,5000
2022,2021,1629485,Kristine Anigwe,261,266,527,136.2,0.002,-0.012,-0.01,100000,-0.173,-0.159,-0.126,-0.086,2021,1,fallback_max_grid,-0.086,5000
2022,2021,1630385,Shyla Heal,66,63,129,31.5,-0.009,-0.001,-0.01,100000,-1.16,-0.808,-0.491,-0.218,2021,1,fallback_max_grid,-0.218,5000
2022,2021,1628279,Brittney Sykes,1823,1831,3654,939.4,-0.115,0.104,-0.011,100000,6.719,4.264,2.28,0.738,2021,1,fallback_max_grid,0.738,5000
2022,2021,1629501,Alanna Smith,268,266,534,143.1,-0.025,0.014,-0.011,100000,-0.969,-0.776,-0.516,-0.241,2021,1,fallback_max_grid,-0.241,5000
2022,2021,1630101,Crystal Dangerfield,1281,1282,2563,646.3,-0.012,0.001,-0.011,100000,-3.105,-2.411,-1.542,-0.639,2021,1,fallback_max_grid,-0.639,5000
2022,2021,204332,Cierra Burdick,128,123,251,63.9,-0.015,0.003,-0.012,100000,-2.099,-1.172,-0.612,-0.244,2021,1,fallback_max_grid,-0.244,5000
2022,2021,203035,Shey Peddy,1517,1520,3037,814.9,-0.002,-0.015,-0.017,100000,-0.874,-0.846,-0.658,-0.346,2021,1,fallback_max_grid,-0.346,5000
2022,2021,1629491,Jessica Shepard,461,457,918,230.8,-0.016,-0.002,-0.018,100000,-4.102,-2.43,-1.307,-0.51,2021,1,fallback_max_grid,-0.51,5000
2022,2021,1629492,Beatrice Mompremier,517,521,1038,282.1,-0.036,0.018,-0.018,100000,-4.058,-2.834,-1.705,-0.701,2021,1,fallback_max_grid,-0.701,5000
2022,2021,1630137,Stephanie Watts,170,175,345,84.0,-0.021,0.001,-0.02,100000,-2.609,-1.748,-1.058,-0.466,2021,1,fallback_max_grid,-0.466,5000
2022,2021,1630136,Megan Walker,897,893,1790,465.4,-0.015,-0.006,-0.021,100000,-3.942,-2.607,-1.503,-0.605,2021,1,fallback_max_grid,-0.605,5000
2022,2021,1630444,Jasmine Walker,43,44,87,20.0,-0.012,-0.01,-0.022,100000,-3.45,-1.826,-0.951,-0.397,2021,1,fallback_max_grid,-0.397,5000
2022,2021,1629506,Kiara Leslie,175,182,357,86.0,-0.018,-0.005,-0.023,100000,-2.003,-1.299,-0.779,-0.368,2021,1,fallback_max_grid,-0.368,5000
2022,2021,204334,Reshanda Gray,428,429,857,219.5,0.014,-0.038,-0.024,100000,2.012,0.748,0.146,-0.102,2021,1,fallback_max_grid,-0.102,5000
2022,2021,1628278,Shatori Walker-Kimbrough,687,682,1369,350.1,-0.014,-0.01,-0.024,100000,1.587,0.749,0.259,-0.028,2021,1,fallback_max_grid,-0.028,5000
2022,2021,1630120,Stephanie Jones,185,188,373,100.2,-0.036,0.009,-0.027,100000,-5.699,-3.22,-1.713,-0.684,2021,1,fallback_max_grid,-0.684,5000
2022,2021,1630461,Kiana Williams,70,75,145,35.0,-0.028,-0.001,-0.029,100000,-4.668,-2.559,-1.354,-0.563,2021,1,fallback_max_grid,-0.563,5000
2022,2021,1630112,Tyasha Harris,1032,1041,2073,529.8,0.013,-0.043,-0.03,100000,-3.089,-1.864,-1.012,-0.429,2021,1,fallback_max_grid,-0.429,5000
2022,2021,204325,Crystal Bradford,887,898,1785,440.2,0.007,-0.041,-0.034,100000,1.676,1.02,0.426,-0.014,2021,1,fallback_max_grid,-0.014,5000
2022,2021,201919,Shavonte Zellous,872,875,1747,442.5,-0.027,-0.01,-0.037,100000,-0.608,-0.626,-0.529,-0.356,2021,1,fallback_max_grid,-0.356,5000
2022,2021,1628286,Erica McCall,708,701,1409,355.9,-0.02,-0.018,-0.038,100000,-1.47,-1.034,-0.706,-0.411,2021,1,fallback_max_grid,-0.411,5000
2022,2021,1630131,Kylee Shook,1155,1159,2314,566.5,-0.067,0.028,-0.039,100000,3.333,1.796,0.801,0.113,2021,1,fallback_max_grid,0.113,5000
2022,2021,204320,Amanda Zahui B,1372,1383,2755,714.2,-0.104,0.064,-0.04,100000,3.153,1.704,0.695,0.04,2021,1,fallback_max_grid,0.04,5000
2022,2021,1628890,Diamond DeShields,2038,2037,4075,1017.6,-0.077,0.037,-0.04,100000,-6.828,-4.827,-3.046,-1.344,2021,1,fallback_max_grid,-1.344,5000
2022,2021,1630462,Aari McDonald,970,983,1953,493.1,-0.026,-0.014,-0.04,100000,0.43,0.242,0.03,-0.15,2021,1,fallback_max_grid,-0.15,5000
2022,2021,1628878,Ariel Atkins,1821,1819,3640,918.1,0.021,-0.064,-0.043,100000,3.635,2.109,0.969,0.144,2021,1,fallback_max_grid,0.144,5000
2022,2021,203829,Bria Hartley,286,280,566,147.2,-0.027,-0.019,-0.046,100000,-4.511,-2.868,-1.698,-0.783,2021,1,fallback_max_grid,-0.783,5000
2022,2021,1629568,Kennedy Burke,347,350,697,180.6,-0.02,-0.026,-0.046,100000,-6.464,-3.919,-2.179,-0.921,2021,1,fallback_max_grid,-0.921,5000
2022,2021,1630127,Leaonna Odom,414,416,830,207.2,-0.039,-0.008,-0.047,100000,-0.717,-0.811,-0.727,-0.492,2021,1,fallback_max_grid,-0.492,5000
2022,2021,1628899,Myisha Hines-Allen,906,911,1817,462.3,-0.005,-0.045,-0.05,100000,-1.811,-1.077,-0.673,-0.418,2021,1,fallback_max_grid,-0.418,5000
2022,2021,203014,Nneka Ogwumike,1103,1099,2202,570.0,-0.1,0.049,-0.051,100000,-2.306,-1.415,-0.866,-0.492,2021,1,fallback_max_grid,-0.492,5000
2022,2021,204323,Cheyenne Parker-Tyus,539,528,1067,270.1,0.02,-0.071,-0.051,100000,-0.284,-0.522,-0.588,-0.473,2021,1,fallback_max_grid,-0.473,5000
2022,2021,201911,Kristi Toliver,1023,1031,2054,524.7,-0.062,0.01,-0.052,100000,-3.003,-2.073,-1.321,-0.682,2021,1,fallback_max_grid,-0.682,5000
2022,2021,1628242,Emma Cannon,578,581,1159,294.8,-0.01,-0.042,-0.052,100000,-0.906,-0.984,-0.851,-0.564,2021,1,fallback_max_grid,-0.564,5000
2022,2021,1629484,Megan Gustafson,213,217,430,108.8,-0.026,-0.027,-0.053,100000,-5.977,-3.566,-2.021,-0.908,2021,1,fallback_max_grid,-0.908,5000
2022,2021,1630458,Aaliyah Wilson,235,236,471,119.4,-0.026,-0.027,-0.053,100000,-4.86,-2.977,-1.736,-0.816,2021,1,fallback_max_grid,-0.816,5000
2022,2021,201507,Leilani Mitchell,1446,1440,2886,725.0,-0.0,-0.054,-0.054,100000,0.517,-0.057,-0.353,-0.403,2021,1,fallback_max_grid,-0.403,5000
2022,2021,204333,Natasha Cloud,1695,1702,3397,852.0,-0.013,-0.041,-0.054,100000,1.409,0.847,0.32,-0.106,2021,1,fallback_max_grid,-0.106,5000
2022,2021,1630043,Bernadett Hatar,202,201,403,106.2,-0.031,-0.024,-0.055,100000,-4.608,-2.796,-1.642,-0.79,2021,1,fallback_max_grid,-0.79,5000
2022,2021,203026,Tiffany Hayes,1172,1164,2336,595.2,-0.004,-0.053,-0.057,100000,-1.417,-0.892,-0.63,-0.457,2021,1,fallback_max_grid,-0.457,5000
2022,2021,202250,Tina Charles,1796,1792,3588,900.4,0.001,-0.059,-0.058,100000,2.089,1.162,0.408,-0.12,2021,1,fallback_max_grid,-0.12,5000
2022,2021,203403,Tianna Hawkins,874,877,1751,432.4,-0.029,-0.03,-0.059,100000,-2.421,-1.549,-0.987,-0.58,2021,1,fallback_max_grid,-0.58,5000
2022,2021,203838,Astou Ndour-Fall,827,831,1658,411.8,-0.083,0.022,-0.061,100000,-5.39,-4.068,-2.701,-1.3,2021,1,fallback_max_grid,-1.3,5000
2022,2021,1627678,Bria Holmes,619,630,1249,317.7,-0.046,-0.015,-0.061,100000,-3.255,-2.231,-1.45,-0.777,2021,1,fallback_max_grid,-0.777,5000
2022,2021,1630459,DiDi Richards,708,701,1409,358.1,-0.061,-0.007,-0.068,100000,-1.482,-1.241,-1.001,-0.672,2021,1,fallback_max_grid,-0.672,5000
2022,2021,203015,Shekinna Stricklen,471,469,940,235.8,-0.064,-0.005,-0.069,100000,-5.018,-3.25,-1.972,-0.972,2021,1,fallback_max_grid,-0.972,5000
2022,2021,200676,Candice Dupree,918,922,1840,462.9,-0.048,-0.023,-0.071,100000,-6.837,-4.583,-2.786,-1.288,2021,1,fallback_max_grid,-1.288,5000
2022,2021,201913,Kia Vaughn,1128,1130,2258,582.5,0.007,-0.078,-0.071,100000,-5.891,-4.413,-2.904,-1.392,2021,1,fallback_max_grid,-1.392,5000
2022,2021,1628881,Monique Billings,1457,1475,2932,739.5,-0.051,-0.02,-0.071,100000,0.123,-0.094,-0.303,-0.419,2021,1,fallback_max_grid,-0.419,5000
2022,2021,1629481,Arike Ogunbowale,2034,2010,4044,1038.6,0.019,-0.091,-0.072,100000,-2.111,-1.714,-1.27,-0.766,2021,1,fallback_max_grid,-0.766,5000
2022,2021,1630438,Kysre Gondrezick,346,341,687,173.1,-0.046,-0.026,-0.072,100000,-3.49,-2.723,-1.873,-1.001,2021,1,fallback_max_grid,-1.001,5000
2022,2021,203849,Theresa Plaisance,1102,1106,2208,558.6,-0.047,-0.027,-0.074,100000,-2.867,-2.138,-1.519,-0.884,2021,1,fallback_max_grid,-0.884,5000
2022,2021,1630100,Lauren Cox,587,588,1175,305.2,-0.082,0.008,-0.074,100000,-3.239,-2.374,-1.62,-0.903,2021,1,fallback_max_grid,-0.903,5000
2022,2021,203827,Natasha Howard,748,749,1497,388.4,-0.004,-0.072,-0.076,100000,0.998,-0.097,-0.519,-0.561,2021,1,fallback_max_grid,-0.561,5000
2022,2021,1630099,Te'a Cooper,1339,1341,2680,682.4,-0.156,0.068,-0.088,100000,-3.235,-2.238,-1.511,-0.9,2021,1,fallback_max_grid,-0.9,5000
2022,2021,203866,Kayla Thornton,1688,1693,3381,873.0,-0.006,-0.085,-0.091,100000,-6.104,-4.358,-2.777,-1.364,2021,1,fallback_max_grid,-1.364,5000
2022,2021,1628244,Sami Whitcomb,1755,1748,3503,877.5,0.001,-0.093,-0.092,100000,2.017,1.002,0.187,-0.34,2021,1,fallback_max_grid,-0.34,5000
2022,2021,1630454,Charli Collier,679,670,1349,345.3,-0.022,-0.073,-0.095,100000,-5.883,-4.361,-2.881,-1.458,2021,1,fallback_max_grid,-1.458,5000
2022,2021,1630446,Michaela Onyenwere,1479,1486,2965,730.1,-0.043,-0.056,-0.099,100000,-1.417,-0.986,-0.808,-0.677,2021,1,fallback_max_grid,-0.677,5000
2022,2021,1627675,Courtney Williams,2178,2177,4355,1100.5,-0.031,-0.069,-0.1,100000,4.462,2.033,0.492,-0.358,2021,1,fallback_max_grid,-0.358,5000
2022,2021,1628282,Sydney Wiese,1134,1132,2266,578.5,-0.024,-0.083,-0.107,100000,-5.624,-4.168,-2.8,-1.481,2021,1,fallback_max_grid,-1.481,5000
2022,2021,1628269,Nia Coffey,1562,1568,3130,804.9,-0.126,0.018,-0.108,100000,-2.514,-2.087,-1.626,-1.062,2021,1,fallback_max_grid,-1.062,5000
2022,2021,1629479,Teaira McCowan,1648,1631,3279,848.0,0.0,-0.109,-0.109,100000,5.506,3.158,1.259,-0.075,2021,1,fallback_max_grid,-0.075,5000
2022,2021,1630119,Jazmine Jones,902,903,1805,450.9,-0.098,-0.013,-0.111,100000,-4.658,-3.457,-2.404,-1.359,2021,1,fallback_max_grid,-1.359,5000
2022,2021,202658,Danielle Robinson,1306,1308,2614,658.8,-0.061,-0.053,-0.114,100000,0.965,0.034,-0.516,-0.717,2021,1,fallback_max_grid,-0.717,5000
2022,2021,1629477,Sabrina Ionescu,1858,1849,3707,933.7,-0.036,-0.079,-0.115,100000,0.22,-0.091,-0.453,-0.655,2021,1,fallback_max_grid,-0.655,5000
2022,2021,204322,Elizabeth Williams,1479,1482,2961,761.6,-0.055,-0.061,-0.116,100000,-1.294,-1.375,-1.329,-1.038,2021,1,fallback_max_grid,-1.038,5000
2022,2021,204365,Erica Wheeler,1849,1860,3709,966.8,-0.149,0.017,-0.132,100000,-3.538,-2.896,-2.192,-1.375,2021,1,fallback_max_grid,-1.375,5000
2022,2021,1627676,Tiffany Mitchell,1505,1495,3000,765.4,-0.087,-0.055,-0.142,100000,0.986,0.165,-0.483,-0.812,2021,1,fallback_max_grid,-0.812,5000
2022,2021,1628263,Lindsay Allen,1099,1097,2196,570.9,-0.043,-0.119,-0.162,100000,-3.734,-3.281,-2.597,-1.68,2021,1,fallback_max_grid,-1.68,5000
2022,2021,204335,Betnijah Laney-Hamilton,2224,2232,4456,1100.5,-0.066,-0.101,-0.167,100000,-0.825,-1.208,-1.378,-1.237,2021,1,fallback_max_grid,-1.237,5000
2022,2021,202638,Jessica Breland,1057,1068,2125,543.9,-0.091,-0.077,-0.168,100000,-8.397,-5.833,-3.813,-2.066,2021,1,fallback_max_grid,-2.066,5000
2022,2021,203824,Odyssey Sims,1487,1493,2980,753.3,-0.079,-0.091,-0.17,100000,-6.502,-4.881,-3.461,-2.019,2021,1,fallback_max_grid,-2.019,5000
2022,2021,202650,Jantel Lavender,1077,1069,2146,538.8,-0.081,-0.106,-0.187,100000,-6.695,-5.103,-3.629,-2.129,2021,1,fallback_max_grid,-2.129,5000
2022,2021,1628909,Kelsey Mitchell,2065,2065,4130,1058.7,-0.05,-0.139,-0.189,100000,1.899,0.393,-0.634,-1.107,2021,1,fallback_max_grid,-1.107,5000
2022,2021,204296,Rebecca Allen,1256,1271,2527,633.8,-0.125,-0.066,-0.191,100000,-7.743,-5.636,-3.881,-2.216,2021,1,fallback_max_grid,-2.216,5000
2022,2021,1628927,Victoria Vivians,1283,1280,2563,661.1,-0.066,-0.126,-0.192,100000,-6.961,-5.128,-3.61,-2.136,2021,1,fallback_max_grid,-2.136,5000
2023,2022,1627673,Jonquel Jones,4243,4202,8445,2191.1,0.563,0.832,1.395,33000,12.089,9.898,7.555,4.823,2021-2022,2,inner_validation,4.823,5000
2023,2022,1628932,A'ja Wilson,5316,5323,10639,2632.7,0.921,0.236,1.157,33000,7.616,6.137,4.74,3.242,2021-2022,2,inner_validation,3.242,5000
2023,2022,203833,Chelsea Gray,4966,4943,9909,2446.9,1.02,0.134,1.154,33000,6.908,5.992,4.864,3.368,2021-2022,2,inner_validation,3.368,5000
2023,2022,1629498,Jackie Young,5324,5323,10647,2621.4,0.996,0.143,1.139,33000,5.64,4.889,4.079,3.016,2021-2022,2,inner_validation,3.016,5000
2023,2022,1627668,Breanna Stewart,4409,4412,8821,2219.0,0.683,0.413,1.096,33000,14.304,10.994,7.836,4.548,2021-2022,2,inner_validation,4.548,5000
2023,2022,1628280,Brionna Jones,4328,4341,8669,2242.5,0.42,0.673,1.093,33000,7.869,6.345,4.883,3.302,2021-2022,2,inner_validation,3.302,5000
2023,2022,201886,DeWanna Bonner,4900,4875,9775,2530.5,0.488,0.507,0.995,33000,1.611,2.036,2.37,2.308,2021-2022,2,inner_validation,2.308,5000
2023,2022,202664,Courtney Vandersloot,4789,4777,9566,2396.3,0.304,0.635,0.939,33000,8.248,6.666,5.089,3.276,2021-2022,2,inner_validation,3.276,5000
2023,2022,1628276,Kelsey Plum,4703,4701,9404,2321.5,0.811,0.079,0.89,33000,3.07,2.706,2.428,2.034,2021-2022,2,inner_validation,2.034,5000
2023,2022,1629567,Natisha Hiedeman,3747,3727,7474,1931.3,0.35,0.491,0.841,33000,4.28,3.652,3.062,2.309,2021-2022,2,inner_validation,2.309,5000
2023,2022,204324,Dearica Hamby,3563,3583,7146,1749.1,0.447,0.372,0.819,33000,2.612,2.484,2.346,1.988,2021-2022,2,inner_validation,1.988,5000
2023,2022,201516,Allie Quigley,4142,4134,8276,2089.2,0.619,0.195,0.814,33000,5.629,4.921,4.052,2.78,2021-2022,2,inner_validation,2.78,5000
2023,2022,204319,Jewell Loyd,4586,4578,9164,2309.2,0.465,0.301,0.766,33000,5.573,4.666,3.736,2.564,2021-2022,2,inner_validation,2.564,5000
2023,2022,201496,Candace Parker,4118,4111,8229,2078.5,0.338,0.409,0.747,33000,4.748,4.156,3.459,2.447,2021-2022,2,inner_validation,2.447,5000
2023,2022,202662,Jasmine Thomas,2148,2137,4285,1133.0,0.207,0.472,0.679,33000,4.522,3.755,2.991,2.075,2021-2022,2,inner_validation,2.075,5000
2023,2022,1627674,Kahleah Copper,4866,4878,9744,2450.0,0.424,0.239,0.663,33000,3.271,2.787,2.373,1.822,2021-2022,2,inner_validation,1.822,5000
2023,2022,203826,Alyssa Thomas,3332,3311,6643,1683.8,0.232,0.373,0.605,33000,2.511,2.247,1.971,1.567,2021-2022,2,inner_validation,1.567,5000
2023,2022,203416,Emma Meesseman,2523,2527,5050,1266.7,0.448,0.124,0.572,33000,4.86,3.949,3.023,1.971,2021-2022,2,inner_validation,1.971,5000
2023,2022,100720,Sue Bird,3766,3742,7508,1900.4,0.458,0.088,0.546,33000,0.187,1.015,1.51,1.498,2021-2022,2,inner_validation,1.498,5000
2023,2022,203399,Elena Delle Donne,1576,1568,3144,812.0,0.305,0.193,0.498,33000,7.433,5.838,4.23,2.413,2021-2022,2,inner_validation,2.413,5000
2023,2022,1628931,Gabby Williams,2036,2049,4085,1021.2,0.297,0.153,0.45,33000,3.533,2.917,2.32,1.567,2021-2022,2,inner_validation,1.567,5000
2023,2022,203400,Skylar Diggins,4732,4730,9462,2442.9,0.488,-0.048,0.44,33000,8.369,6.386,4.435,2.396,2021-2022,2,inner_validation,2.396,5000
2023,2022,201896,Briann January,3093,3116,6209,1631.1,0.067,0.361,0.428,33000,-0.4,-0.014,0.358,0.668,2021-2022,2,inner_validation,0.668,5000
2023,2022,1629483,Napheesa Collier,2230,2223,4453,1128.6,0.215,0.152,0.367,33000,3.441,2.988,2.423,1.578,2021-2022,2,inner_validation,1.578,5000
2023,2022,1628878,Ariel Atkins,4032,4033,8065,2065.2,0.34,-0.003,0.337,33000,7.066,5.292,3.599,1.886,2021-2022,2,inner_validation,1.886,5000
2023,2022,203398,Brittney Griner,2600,2597,5197,1368.9,0.371,-0.035,0.336,33000,4.662,3.519,2.602,1.598,2021-2022,2,inner_validation,1.598,5000
2023,2022,1628277,Allisha Gray,3733,3739,7472,1921.1,0.391,-0.071,0.32,33000,7.111,5.659,3.998,2.092,2021-2022,2,inner_validation,2.092,5000
2023,2022,203825,Kayla McBride,3883,3891,7774,1967.0,0.313,0.005,0.318,33000,5.992,4.502,3.115,1.683,2021-2022,2,inner_validation,1.683,5000
2023,2022,202252,Alysha Clark,1574,1575,3149,817.0,0.098,0.206,0.304,33000,2.914,2.532,2.062,1.341,2021-2022,2,inner_validation,1.341,5000
2023,2022,1629488,Brianna Turner,4968,4958,9926,2568.3,0.303,-0.001,0.302,33000,7.153,5.162,3.422,1.759,2021-2022,2,inner_validation,1.759,5000
2023,2022,203029,Riquna Williams,3159,3138,6297,1549.7,0.318,-0.017,0.301,33000,-1.592,-1.325,-0.765,-0.03,2021-2022,2,inner_validation,-0.03,5000
2023,2022,1631022,Shakira Austin,1587,1599,3186,830.4,0.257,0.038,0.295,33000,2.551,2.191,1.82,1.233,2021-2022,2,inner_validation,1.233,5000
2023,2022,203406,Layshia Clarendon,1096,1085,2181,554.0,0.147,0.147,0.294,33000,5.412,3.987,2.769,1.523,2021-2022,2,inner_validation,1.523,5000
2023,2022,202633,Liz Cambage,2623,2615,5238,1279.4,0.17,0.1,0.27,33000,3.199,2.574,1.887,1.086,2021-2022,2,inner_validation,1.086,5000
2023,2022,1627671,Rachel Banham,1978,1967,3945,975.5,0.057,0.192,0.249,33000,4.927,3.542,2.348,1.233,2021-2022,2,inner_validation,1.233,5000
2023,2022,204333,Natasha Cloud,3878,3888,7766,1987.7,0.047,0.189,0.236,33000,3.493,2.885,2.145,1.237,2021-2022,2,inner_validation,1.237,5000
2023,2022,204330,Isabelle Harrison,2714,2712,5426,1375.0,0.23,-0.006,0.224,33000,6.969,4.999,3.203,1.526,2021-2022,2,inner_validation,1.526,5000
2023,2022,1630096,DiJonai Carrington,2023,2024,4047,1028.4,-0.053,0.271,0.218,33000,-2.239,-1.488,-0.701,0.017,2021-2022,2,inner_validation,0.017,5000
2023,2022,1627675,Courtney Williams,4697,4686,9383,2376.0,0.084,0.129,0.213,33000,3.466,2.438,1.544,0.769,2021-2022,2,inner_validation,0.769,5000
2023,2022,1628278,Shatori Walker-Kimbrough,2151,2143,4294,1096.2,-0.093,0.297,0.204,33000,4.818,3.337,2.134,1.086,2021-2022,2,inner_validation,1.086,5000
2023,2022,203024,Damiris Dantas,1640,1646,3286,833.5,0.148,0.041,0.189,33000,2.105,1.974,1.611,0.975,2021-2022,2,inner_validation,0.975,5000
2023,2022,204329,Kiah Stokes,2458,2483,4941,1247.9,0.1,0.086,0.186,33000,2.736,1.71,0.954,0.463,2021-2022,2,inner_validation,0.463,5000
2023,2022,1630097,Kaila Charles,1018,1027,2045,544.3,-0.053,0.238,0.185,33000,0.914,0.516,0.393,0.376,2021-2022,2,inner_validation,0.376,5000
2023,2022,1628915,Kia Nurse,1850,1850,3700,966.1,0.157,0.023,0.18,33000,-2.524,-1.074,-0.073,0.429,2021-2022,2,inner_validation,0.429,5000
2023,2022,201480,Sylvia Fowles,3558,3564,7122,1798.1,0.117,0.048,0.165,33000,2.499,1.985,1.422,0.808,2021-2022,2,inner_validation,0.808,5000
2023,2022,1628922,Azura Stevens,3427,3446,6873,1758.8,0.289,-0.124,0.165,33000,0.259,0.039,-0.024,0.095,2021-2022,2,inner_validation,0.095,5000
2023,2022,1628920,Mercedes Russell,1615,1623,3238,838.5,0.03,0.132,0.162,33000,-0.499,-0.14,0.142,0.302,2021-2022,2,inner_validation,0.302,5000
2023,2022,1631002,Nia Clouden,558,565,1123,282.6,-0.039,0.194,0.155,33000,3.866,2.375,1.379,0.669,2021-2022,2,inner_validation,0.669,5000
2023,2022,1630435,Destiny Slocum,376,378,754,187.1,0.002,0.142,0.144,33000,4.772,2.907,1.679,0.776,2021-2022,2,inner_validation,0.776,5000
2023,2022,1630093,Bella Alarie,790,794,1584,411.4,-0.041,0.184,0.143,33000,5.646,3.81,2.297,1.018,2021-2022,2,inner_validation,1.018,5000
2023,2022,1629524,Bridget Carleton,2457,2444,4901,1238.4,-0.137,0.271,0.134,33000,1.094,0.855,0.694,0.498,2021-2022,2,inner_validation,0.498,5000
2023,2022,203855,Stephanie Talbot,2413,2413,4826,1231.2,-0.065,0.188,0.123,33000,1.413,0.781,0.4,0.232,2021-2022,2,inner_validation,0.232,5000
2023,2022,1629496,Ezi Magbegor,2751,2748,5499,1396.4,-0.027,0.111,0.084,33000,-1.501,-1.232,-0.82,-0.268,2021-2022,2,inner_validation,-0.268,5000
2023,2022,1631007,Veronica Burton,1215,1209,2424,632.3,0.021,0.063,0.084,33000,2.324,1.518,0.962,0.503,2021-2022,2,inner_validation,0.503,5000
2023,2022,1630149,Satou Sabally,1429,1432,2861,730.2,0.104,-0.024,0.08,33000,5.997,4.041,2.394,0.98,2021-2022,2,inner_validation,0.98,5000
2023,2022,203831,Natalie Achonwa,1193,1185,2378,595.8,0.01,0.053,0.063,33000,-0.715,-0.056,0.24,0.259,2021-2022,2,inner_validation,0.259,5000
2023,2022,1630437,Chelsey Perry,77,79,156,40.1,-0.017,0.073,0.056,33000,3.531,1.915,1.008,0.411,2021-2022,2,inner_validation,0.411,5000
2023,2022,1630113,Ruthy Hebard,1529,1535,3064,769.2,-0.065,0.118,0.053,33000,0.929,0.509,0.183,0.03,2021-2022,2,inner_validation,0.03,5000
2023,2022,203822,Rebekah Gardner,1763,1781,3544,902.5,0.022,0.015,0.037,33000,-0.526,-0.577,-0.469,-0.205,2021-2022,2,inner_validation,-0.205,5000
2023,2022,1629546,Marine Johannes,1324,1320,2644,680.6,0.137,-0.101,0.036,33000,2.496,1.999,1.386,0.652,2021-2022,2,inner_validation,0.652,5000
2023,2022,1630136,Megan Walker,1139,1132,2271,580.5,-0.067,0.097,0.03,33000,-2.51,-1.409,-0.588,-0.063,2021-2022,2,inner_validation,-0.063,5000
2023,2022,1630441,Arella Guirantes,559,562,1121,290.9,-0.033,0.063,0.03,33000,3.575,2.2,1.21,0.461,2021-2022,2,inner_validation,0.461,5000
2023,2022,1630993,Anneli Maley,83,82,165,44.5,0.003,0.022,0.025,33000,0.977,0.544,0.29,0.125,2021-2022,2,inner_validation,0.125,5000
2023,2022,204355,Blake Dietrick,270,273,543,141.0,-0.022,0.046,0.024,33000,3.839,1.97,0.931,0.313,2021-2022,2,inner_validation,0.313,5000
2023,2022,1630961,Tina Krajisnik,8,8,16,5.3,0.027,-0.006,0.021,33000,1.184,0.632,0.329,0.134,2021-2022,2,inner_validation,0.134,5000
2023,2022,1631046,Hannah Sjerven,15,14,29,9.0,0.008,0.007,0.015,33000,0.828,0.445,0.235,0.098,2021-2022,2,inner_validation,0.098,5000
2023,2022,1631263,Nikolina Milic,724,724,1448,363.8,0.049,-0.035,0.014,33000,1.676,1.1,0.614,0.223,2021-2022,2,inner_validation,0.223,5000
2023,2022,1631044,Naz Hillmon,1323,1322,2645,673.7,0.006,0.007,0.013,33000,3.758,2.586,1.557,0.607,2021-2022,2,inner_validation,0.607,5000
2023,2022,203823,Chiney Ogwumike,1222,1217,2439,612.6,-0.105,0.116,0.011,33000,4.182,2.9,1.7,0.628,2021-2022,2,inner_validation,0.628,5000
2023,2022,203035,Shey Peddy,3478,3478,6956,1814.7,0.096,-0.086,0.01,33000,1.799,1.288,0.791,0.325,2021-2022,2,inner_validation,0.325,5000
2023,2022,1630440,Chelsea Dungee,121,123,244,64.5,-0.06,0.069,0.009,33000,1.321,0.646,0.291,0.096,2021-2022,2,inner_validation,0.096,5000
2023,2022,1628897,Linnae Harper,9,10,19,5.3,0.002,0.006,0.008,33000,0.626,0.294,0.14,0.055,2021-2022,2,inner_validation,0.055,5000
2023,2022,204327,Brittany Boyd-Jones,44,47,91,22.4,-0.017,0.023,0.006,33000,0.474,0.19,0.078,0.029,2021-2022,2,inner_validation,0.029,5000
2023,2022,1630115,Joyner Holmes,517,526,1043,262.5,-0.001,0.005,0.004,33000,-2.586,-1.568,-0.845,-0.293,2021-2022,2,inner_validation,-0.293,5000
2023,2022,1627687,Jillian Alleyne,14,13,27,7.8,-0.013,0.013,0.0,33000,0.151,0.057,0.021,0.005,2021-2022,2,inner_validation,0.005,5000
2023,2022,1630101,Crystal Dangerfield,2731,2723,5454,1383.4,-0.137,0.137,0.0,33000,-0.293,-0.232,-0.076,0.059,2021-2022,2,inner_validation,0.059,5000
2023,2022,1630114,Mikiah Herbert Harrigan,2,2,4,1.2,-0.0,0.0,0.0,33000,0.024,0.009,0.004,0.001,2021-2022,2,inner_validation,0.001,5000
2023,2022,1630996,Rae Burrell,90,93,183,43.5,-0.026,0.026,0.0,33000,-0.334,-0.153,-0.057,-0.01,2021-2022,2,inner_validation,-0.01,5000
2023,2022,1629479,Teaira McCowan,2989,2962,5951,1544.4,0.364,-0.365,-0.001,33000,7.047,5.119,3.226,1.324,2021-2022,2,inner_validation,1.324,5000
2023,2022,1631062,Khayla Pointer,108,107,215,57.8,-0.027,0.025,-0.002,33000,1.077,0.566,0.273,0.082,2021-2022,2,inner_validation,0.082,5000
2023,2022,1631072,Elissa Cunane,21,19,40,9.9,-0.01,0.007,-0.003,33000,-0.286,-0.132,-0.061,-0.023,2021-2022,2,inner_validation,-0.023,5000
2023,2022,1631073,Raina Perez,5,4,9,2.3,-0.0,-0.003,-0.003,33000,-0.279,-0.133,-0.064,-0.024,2021-2022,2,inner_validation,-0.024,5000
2023,2022,1630479,Sparkle Taylor,46,47,93,24.5,0.02,-0.024,-0.004,33000,-1.05,-0.449,-0.191,-0.061,2021-2022,2,inner_validation,-0.061,5000
2023,2022,1629497,Marina Mabrey,3608,3599,7207,1839.1,0.344,-0.349,-0.005,33000,-0.722,-0.292,0.009,0.119,2021-2022,2,inner_validation,0.119,5000
2023,2022,1628304,Yvonne Anderson,197,197,394,100.7,0.019,-0.025,-0.006,33000,-1.788,-1.024,-0.521,-0.177,2021-2022,2,inner_validation,-0.177,5000
2023,2022,1631081,Katie Benzan,53,54,107,26.8,-0.004,-0.003,-0.007,33000,-0.872,-0.37,-0.149,-0.045,2021-2022,2,inner_validation,-0.045,5000
2023,2022,1628317,Karlie Samuelson,429,424,853,216.3,-0.083,0.074,-0.009,33000,2.412,1.249,0.548,0.137,2021-2022,2,inner_validation,0.137,5000
2023,2022,1629480,Kalani Brown,9,10,19,4.7,-0.01,0.0,-0.01,33000,-0.701,-0.342,-0.168,-0.066,2021-2022,2,inner_validation,-0.066,5000
2023,2022,1630452,Rennia Davis,83,83,166,43.1,0.022,-0.033,-0.011,33000,-0.435,-0.144,-0.052,-0.026,2021-2022,2,inner_validation,-0.026,5000
2023,2022,203828,Stefanie Dolson,3060,3034,6094,1543.7,-0.144,0.131,-0.013,33000,2.622,1.871,1.153,0.445,2021-2022,2,inner_validation,0.445,5000
2023,2022,1630110,Haley Gorecki,13,13,26,6.3,-0.019,0.001,-0.018,33000,-1.208,-0.615,-0.31,-0.124,2021-2022,2,inner_validation,-0.124,5000
2023,2022,1630118,Stella Johnson,62,63,125,31.2,-0.039,0.02,-0.019,33000,-0.522,-0.332,-0.202,-0.099,2021-2022,2,inner_validation,-0.099,5000
2023,2022,1630442,Natasha Mack,37,38,75,18.2,-0.029,0.009,-0.02,33000,-1.276,-0.699,-0.368,-0.148,2021-2022,2,inner_validation,-0.148,5000
2023,2022,1630453,Aleah Goodman,6,6,12,3.2,-0.009,-0.015,-0.024,33000,-1.587,-0.815,-0.414,-0.166,2021-2022,2,inner_validation,-0.166,5000
2023,2022,1631091,Evina Westbrook,403,406,809,204.5,0.013,-0.044,-0.031,33000,-1.009,-0.737,-0.469,-0.218,2021-2022,2,inner_validation,-0.218,5000
2023,2022,1630385,Shyla Heal,66,63,129,31.5,-0.028,-0.004,-0.032,33000,-1.167,-0.745,-0.449,-0.209,2021-2022,2,inner_validation,-0.209,5000
2023,2022,204332,Cierra Burdick,128,123,251,63.9,-0.044,0.011,-0.033,33000,-1.62,-0.954,-0.528,-0.224,2021-2022,2,inner_validation,-0.224,5000
2023,2022,1629566,Xu Han,1111,1115,2226,568.0,-0.094,0.061,-0.033,33000,-0.814,-0.443,-0.129,0.008,2021-2022,2,inner_validation,0.008,5000
2023,2022,1630154,Kamiah Smalls,68,69,137,33.9,-0.033,-0.0,-0.033,33000,-1.996,-1.069,-0.558,-0.23,2021-2022,2,inner_validation,-0.23,5000
2023,2022,202259,Epiphanny Prince,1670,1668,3338,864.8,-0.168,0.134,-0.034,33000,-0.75,-0.77,-0.676,-0.403,2021-2022,2,inner_validation,-0.403,5000
2023,2022,1631056,Amy Atwell,63,59,122,31.6,-0.002,-0.037,-0.039,33000,-1.79,-0.993,-0.529,-0.225,2021-2022,2,inner_validation,-0.225,5000
2023,2022,1630957,Rui Machida,924,920,1844,473.8,-0.113,0.072,-0.041,33000,-3.88,-2.369,-1.251,-0.437,2021-2022,2,inner_validation,-0.437,5000
2023,2022,1628917,JiSu Park,486,488,974,238.7,0.008,-0.055,-0.047,33000,-5.98,-3.59,-1.91,-0.701,2021-2022,2,inner_validation,-0.701,5000
2023,2022,1629574,Li Yueru,175,174,349,82.2,-0.09,0.038,-0.052,33000,-1.958,-1.254,-0.753,-0.348,2021-2022,2,inner_validation,-0.348,5000
2023,2022,1630386,Awak Kuier,1137,1143,2280,580.2,-0.069,0.014,-0.055,33000,-1.142,-1.023,-0.702,-0.32,2021-2022,2,inner_validation,-0.32,5000
2023,2022,204320,Amanda Zahui B,1372,1383,2755,714.2,-0.27,0.208,-0.062,33000,2.843,1.826,0.981,0.279,2021-2022,2,inner_validation,0.279,5000
2023,2022,1630461,Kiana Williams,128,129,257,64.3,-0.092,0.029,-0.063,33000,-2.695,-1.567,-0.881,-0.392,2021-2022,2,inner_validation,-0.392,5000
2023,2022,1628273,Kaela Davis,200,198,398,102.1,0.028,-0.094,-0.066,33000,-1.52,-0.998,-0.631,-0.323,2021-2022,2,inner_validation,-0.323,5000
2023,2022,1630137,Stephanie Watts,170,175,345,84.0,-0.065,-0.001,-0.066,33000,-2.818,-1.799,-1.06,-0.471,2021-2022,2,inner_validation,-0.471,5000
2023,2022,1629506,Kiara Leslie,175,182,357,86.0,-0.056,-0.011,-0.067,33000,-1.434,-0.997,-0.653,-0.341,2021-2022,2,inner_validation,-0.341,5000
2023,2022,1630131,Kylee Shook,1155,1159,2314,566.5,-0.189,0.122,-0.067,33000,4.504,2.495,1.134,0.242,2021-2022,2,inner_validation,0.242,5000
2023,2022,1630471,Maya Caldwell,426,415,841,213.6,0.047,-0.121,-0.074,33000,-1.995,-1.217,-0.703,-0.338,2021-2022,2,inner_validation,-0.338,5000
2023,2022,201881,Angel McCoughtry,44,42,86,19.8,-0.051,-0.026,-0.077,33000,-4.243,-2.26,-1.185,-0.495,2021-2022,2,inner_validation,-0.495,5000
2023,2022,1629476,Asia (AD) Durr,747,746,1493,368.0,0.003,-0.081,-0.078,33000,0.591,0.305,0.076,-0.086,2021-2022,2,inner_validation,-0.086,5000
2023,2022,204325,Crystal Bradford,887,898,1785,440.2,0.028,-0.108,-0.08,33000,1.951,1.098,0.426,-0.026,2021-2022,2,inner_validation,-0.026,5000
2023,2022,1629492,Beatrice Mompremier,876,879,1755,457.3,-0.143,0.054,-0.089,33000,-2.726,-2.176,-1.465,-0.689,2021-2022,2,inner_validation,-0.689,5000
2023,2022,1631068,Sam Thomas,266,264,530,131.8,-0.076,-0.014,-0.09,33000,-3.587,-2.171,-1.237,-0.55,2021-2022,2,inner_validation,-0.55,5000
2023,2022,1630462,Aari McDonald,2751,2753,5504,1369.1,-0.284,0.193,-0.091,33000,2.962,2.227,1.371,0.434,2021-2022,2,inner_validation,0.434,5000
2023,2022,1628287,Jennie Simms,690,676,1366,352.0,-0.092,-0.004,-0.096,33000,-0.379,-0.503,-0.498,-0.364,2021-2022,2,inner_validation,-0.364,5000
2023,2022,1630120,Stephanie Jones,239,246,485,126.8,-0.119,0.023,-0.096,33000,-6.765,-3.879,-2.05,-0.802,2021-2022,2,inner_validation,-0.802,5000
2023,2022,201919,Shavonte Zellous,872,875,1747,442.5,-0.088,-0.014,-0.102,33000,0.03,-0.243,-0.38,-0.351,2021-2022,2,inner_validation,-0.351,5000
2023,2022,1628286,Erica McCall,708,701,1409,355.9,-0.067,-0.042,-0.109,33000,-1.871,-1.331,-0.887,-0.495,2021-2022,2,inner_validation,-0.495,5000
2023,2022,1630112,Tyasha Harris,2195,2206,4401,1134.4,0.1,-0.211,-0.111,33000,-2.32,-1.61,-0.985,-0.457,2021-2022,2,inner_validation,-0.457,5000
2023,2022,1629482,Sophie Cunningham,2982,2988,5970,1552.8,0.081,-0.193,-0.112,33000,-1.617,-1.184,-0.815,-0.455,2021-2022,2,inner_validation,-0.455,5000
2023,2022,1629501,Alanna Smith,510,504,1014,258.6,-0.105,-0.008,-0.113,33000,-1.332,-1.203,-0.896,-0.501,2021-2022,2,inner_validation,-0.501,5000
2023,2022,1629485,Kristine Anigwe,397,401,798,201.6,-0.013,-0.101,-0.114,33000,-2.442,-1.68,-1.077,-0.554,2021-2022,2,inner_validation,-0.554,5000
2023,2022,1630446,Michaela Onyenwere,2455,2480,4935,1218.6,-0.075,-0.039,-0.114,33000,2.871,2.039,1.203,0.357,2021-2022,2,inner_validation,0.357,5000
2023,2022,1630127,Leaonna Odom,414,416,830,207.2,-0.112,-0.005,-0.117,33000,0.383,-0.209,-0.432,-0.385,2021-2022,2,inner_validation,-0.385,5000
2023,2022,1631032,Lorela Cubaj,169,170,339,88.3,-0.086,-0.036,-0.122,33000,-4.859,-2.928,-1.639,-0.715,2021-2022,2,inner_validation,-0.715,5000
2023,2022,1630389,Dana Evans,1325,1339,2664,685.7,-0.068,-0.055,-0.123,33000,-1.638,-1.545,-1.267,-0.763,2021-2022,2,inner_validation,-0.763,5000
2023,2022,1631029,Jasmine Dickey,187,190,377,95.2,-0.098,-0.032,-0.13,33000,-5.975,-3.486,-1.923,-0.822,2021-2022,2,inner_validation,-0.822,5000
2023,2022,1628268,Alaina Coates,146,150,296,75.0,-0.019,-0.113,-0.132,33000,-3.966,-2.406,-1.409,-0.671,2021-2022,2,inner_validation,-0.671,5000
2023,2022,201913,Kia Vaughn,1946,1951,3897,984.0,-0.18,0.047,-0.133,33000,-1.64,-1.625,-1.234,-0.643,2021-2022,2,inner_validation,-0.643,5000
2023,2022,100940,Diana Taurasi,3407,3418,6825,1721.3,0.182,-0.316,-0.134,33000,-3.185,-2.314,-1.506,-0.733,2021-2022,2,inner_validation,-0.733,5000
2023,2022,1631013,Aisha Sheppard,382,393,775,189.5,-0.011,-0.123,-0.134,33000,-4.4,-3.07,-1.921,-0.897,2021-2022,2,inner_validation,-0.897,5000
2023,2022,1627700,Julie Allemand,971,976,1947,493.6,-0.038,-0.097,-0.135,33000,-3.75,-2.952,-2.018,-0.993,2021-2022,2,inner_validation,-0.993,5000
2023,2022,1628899,Myisha Hines-Allen,2231,2232,4463,1146.9,-0.135,-0.009,-0.144,33000,-3.433,-2.652,-1.742,-0.816,2021-2022,2,inner_validation,-0.816,5000
2023,2022,201507,Leilani Mitchell,1446,1440,2886,725.0,-0.014,-0.131,-0.145,33000,2.25,0.972,0.102,-0.322,2021-2022,2,inner_validation,-0.322,5000
2023,2022,203389,Yvonne Turner,323,322,645,163.3,-0.097,-0.048,-0.145,33000,-2.631,-2.084,-1.442,-0.756,2021-2022,2,inner_validation,-0.756,5000
2023,2022,1630458,Aaliyah Wilson,235,236,471,119.4,-0.076,-0.07,-0.146,33000,-4.733,-2.843,-1.628,-0.755,2021-2022,2,inner_validation,-0.755,5000
2023,2022,1630043,Bernadett Hatar,202,201,403,106.2,-0.087,-0.061,-0.148,33000,-4.356,-2.656,-1.543,-0.728,2021-2022,2,inner_validation,-0.728,5000
2023,2022,204334,Reshanda Gray,918,921,1839,472.8,-0.01,-0.14,-0.15,33000,0.557,-0.303,-0.632,-0.552,2021-2022,2,inner_validation,-0.552,5000
2023,2022,203829,Bria Hartley,525,520,1045,270.4,-0.109,-0.053,-0.162,33000,-3.455,-2.459,-1.584,-0.795,2021-2022,2,inner_validation,-0.795,5000
2023,2022,1627678,Bria Holmes,619,630,1249,317.7,-0.126,-0.039,-0.165,33000,-2.651,-1.937,-1.302,-0.709,2021-2022,2,inner_validation,-0.709,5000
2023,2022,1628929,Kristy Wallace,1205,1208,2413,601.9,-0.308,0.143,-0.165,33000,-1.193,-0.951,-0.754,-0.524,2021-2022,2,inner_validation,-0.524,5000
2023,2022,1627669,Moriah Jefferson,2594,2578,5172,1334.2,0.16,-0.328,-0.168,33000,2.04,1.034,0.221,-0.275,2021-2022,2,inner_validation,-0.275,5000
2023,2022,203403,Tianna Hawkins,1499,1494,2993,752.1,-0.155,-0.018,-0.173,33000,-2.156,-1.742,-1.247,-0.71,2021-2022,2,inner_validation,-0.71,5000
2023,2022,1630459,DiDi Richards,1048,1042,2090,530.2,-0.203,0.026,-0.177,33000,-0.897,-0.784,-0.667,-0.5,2021-2022,2,inner_validation,-0.5,5000
2023,2022,1631147,Kianna Smith,224,222,446,112.7,-0.071,-0.106,-0.177,33000,-4.925,-3.317,-2.042,-0.975,2021-2022,2,inner_validation,-0.975,5000
2023,2022,1627672,Aerial Powers,2577,2571,5148,1284.3,-0.026,-0.16,-0.186,33000,-0.551,-0.927,-0.983,-0.73,2021-2022,2,inner_validation,-0.73,5000
2023,2022,1628881,Monique Billings,2276,2290,4566,1140.0,-0.211,0.021,-0.19,33000,2.609,1.512,0.605,-0.097,2021-2022,2,inner_validation,-0.097,5000
2023,2022,1630100,Lauren Cox,587,588,1175,305.2,-0.231,0.04,-0.191,33000,-3.207,-2.248,-1.467,-0.786,2021-2022,2,inner_validation,-0.786,5000
2023,2022,203015,Shekinna Stricklen,471,469,940,235.8,-0.189,-0.004,-0.193,33000,-5.284,-3.436,-2.051,-0.976,2021-2022,2,inner_validation,-0.976,5000
2023,2022,1629481,Arike Ogunbowale,3926,3883,7809,1985.9,0.119,-0.313,-0.194,33000,-0.493,-0.713,-0.735,-0.558,2021-2022,2,inner_validation,-0.558,5000
2023,2022,1630139,Jocelyn Willoughby,264,261,525,135.6,-0.167,-0.027,-0.194,33000,-7.465,-4.511,-2.527,-1.108,2021-2022,2,inner_validation,-1.108,5000
2023,2022,1630438,Kysre Gondrezick,346,341,687,173.1,-0.136,-0.063,-0.199,33000,-4.172,-2.984,-1.93,-0.973,2021-2022,2,inner_validation,-0.973,5000
2023,2022,203838,Astou Ndour-Fall,827,831,1658,411.8,-0.264,0.062,-0.202,33000,-4.486,-3.429,-2.359,-1.223,2021-2022,2,inner_validation,-1.223,5000
2023,2022,1629568,Kennedy Burke,780,781,1561,403.1,-0.159,-0.043,-0.202,33000,-4.913,-3.735,-2.479,-1.213,2021-2022,2,inner_validation,-1.213,5000
2023,2022,203866,Kayla Thornton,3861,3878,7739,2002.0,0.078,-0.282,-0.204,33000,-2.94,-2.346,-1.616,-0.838,2021-2022,2,inner_validation,-0.838,5000
2023,2022,1630099,Te'a Cooper,1339,1341,2680,682.4,-0.428,0.223,-0.205,33000,-1.914,-1.466,-1.032,-0.633,2021-2022,2,inner_validation,-0.633,5000
2023,2022,204322,Elizabeth Williams,2358,2369,4727,1219.7,-0.363,0.156,-0.207,33000,0.858,0.109,-0.359,-0.523,2021-2022,2,inner_validation,-0.523,5000
2023,2022,1631006,Kierstan Bell,277,283,560,140.5,-0.119,-0.094,-0.213,33000,-7.339,-4.866,-2.952,-1.359,2021-2022,2,inner_validation,-1.359,5000
2023,2022,200676,Candice Dupree,918,922,1840,462.9,-0.157,-0.06,-0.217,33000,-7.021,-4.733,-2.882,-1.336,2021-2022,2,inner_validation,-1.336,5000
2023,2022,202641,Sydney Colson,278,287,565,142.6,-0.129,-0.089,-0.218,33000,-6.959,-4.699,-2.89,-1.352,2021-2022,2,inner_validation,-1.352,5000
2023,2022,203026,Tiffany Hayes,1780,1774,3554,897.9,-0.048,-0.17,-0.218,33000,0.456,0.143,-0.18,-0.411,2021-2022,2,inner_validation,-0.411,5000
2023,2022,202250,Tina Charles,4060,4042,8102,2039.7,0.109,-0.336,-0.227,33000,-0.589,-0.707,-0.769,-0.696,2021-2022,2,inner_validation,-0.696,5000
2023,2022,1628886,Jordin Canada,2811,2818,5629,1417.3,-0.061,-0.167,-0.228,33000,1.804,0.704,-0.058,-0.459,2021-2022,2,inner_validation,-0.459,5000
2023,2022,1628882,Lexie Brown,2057,2065,4122,1036.2,-0.08,-0.153,-0.233,33000,2.566,1.137,0.157,-0.388,2021-2022,2,inner_validation,-0.388,5000
2023,2022,203827,Natasha Howard,2935,2930,5865,1519.2,0.029,-0.267,-0.238,33000,4.564,2.626,1.194,0.117,2021-2022,2,inner_validation,0.117,5000
2023,2022,1630387,Iliana Rupert,546,545,1091,272.3,-0.023,-0.226,-0.249,33000,-8.885,-6.134,-3.797,-1.742,2021-2022,2,inner_validation,-1.742,5000
2023,2022,1630150,Chennedy Carter,1371,1379,2750,673.2,0.014,-0.279,-0.265,33000,-2.736,-2.281,-1.721,-1.049,2021-2022,2,inner_validation,-1.049,5000
2023,2022,1629491,Jessica Shepard,2313,2318,4631,1171.4,-0.102,-0.164,-0.266,33000,-4.39,-3.471,-2.476,-1.359,2021-2022,2,inner_validation,-1.359,5000
2023,2022,201911,Kristi Toliver,1473,1481,2954,742.8,-0.272,0.004,-0.268,33000,-2.784,-2.236,-1.615,-0.964,2021-2022,2,inner_validation,-0.964,5000
2023,2022,1631086,Lexie Hull,677,679,1356,334.2,-0.162,-0.119,-0.281,33000,-2.528,-2.059,-1.591,-1.028,2021-2022,2,inner_validation,-1.028,5000
2023,2022,1629478,Katie Lou Samuelson,3076,3056,6132,1526.7,-0.006,-0.282,-0.288,33000,-0.71,-1.214,-1.311,-1.006,2021-2022,2,inner_validation,-1.006,5000
2023,2022,1631031,Queen Egbo,1455,1453,2908,719.5,-0.199,-0.09,-0.289,33000,2.619,1.548,0.569,-0.218,2021-2022,2,inner_validation,-0.218,5000
2023,2022,1628282,Sydney Wiese,1134,1132,2266,578.5,-0.083,-0.223,-0.306,33000,-4.534,-3.474,-2.489,-1.429,2021-2022,2,inner_validation,-1.429,5000
2023,2022,1628279,Brittney Sykes,3670,3683,7353,1860.7,-0.514,0.189,-0.325,33000,3.825,2.322,1.024,-0.065,2021-2022,2,inner_validation,-0.065,5000
2023,2022,1629484,Megan Gustafson,944,944,1888,474.4,-0.173,-0.154,-0.327,33000,-5.962,-4.527,-3.076,-1.624,2021-2022,2,inner_validation,-1.624,5000
2023,2022,1628242,Emma Cannon,1257,1262,2519,629.6,-0.092,-0.237,-0.329,33000,0.024,-0.59,-0.922,-0.9,2021-2022,2,inner_validation,-0.9,5000
2023,2022,1631009,Rhyne Howard,2130,2130,4260,1065.8,-0.292,-0.053,-0.345,33000,-1.032,-1.092,-1.096,-0.942,2021-2022,2,inner_validation,-0.942,5000
2023,2022,204365,Erica Wheeler,3407,3431,6838,1755.9,-0.591,0.233,-0.358,33000,2.362,1.274,0.324,-0.402,2021-2022,2,inner_validation,-0.402,5000
2023,2022,203014,Nneka Ogwumike,3247,3240,6487,1637.6,-0.257,-0.107,-0.364,33000,-0.543,-0.328,-0.4,-0.6,2021-2022,2,inner_validation,-0.6,5000
2023,2022,1629477,Sabrina Ionescu,4299,4293,8592,2189.8,0.023,-0.394,-0.371,33000,2.328,1.506,0.634,-0.201,2021-2022,2,inner_validation,-0.201,5000
2023,2022,204323,Cheyenne Parker-Tyus,2409,2390,4799,1212.0,-0.079,-0.3,-0.379,33000,1.22,0.193,-0.488,-0.814,2021-2022,2,inner_validation,-0.814,5000
2023,2022,203849,Theresa Plaisance,1964,1973,3937,979.3,-0.252,-0.138,-0.39,33000,-4.758,-4.412,-3.53,-2.09,2021-2022,2,inner_validation,-2.09,5000
2023,2022,1628244,Sami Whitcomb,3288,3285,6573,1662.3,-0.122,-0.271,-0.393,33000,-0.625,-0.743,-0.81,-0.8,2021-2022,2,inner_validation,-0.8,5000
2023,2022,1630119,Jazmine Jones,999,1000,1999,497.6,-0.314,-0.079,-0.393,33000,-6.409,-4.803,-3.32,-1.821,2021-2022,2,inner_validation,-1.821,5000
2023,2022,1628263,Lindsay Allen,1354,1357,2711,704.5,-0.074,-0.32,-0.394,33000,-1.55,-1.835,-1.718,-1.256,2021-2022,2,inner_validation,-1.256,5000
2023,2022,1630444,Jasmine Walker,598,599,1197,300.7,-0.205,-0.199,-0.404,33000,-11.423,-7.631,-4.648,-2.203,2021-2022,2,inner_validation,-2.203,5000
2023,2022,1630454,Charli Collier,828,824,1652,423.8,-0.159,-0.248,-0.407,33000,-8.463,-6.371,-4.285,-2.19,2021-2022,2,inner_validation,-2.19,5000
2023,2022,1628269,Nia Coffey,2244,2264,4508,1140.4,-0.578,0.155,-0.423,33000,-2.825,-2.54,-2.07,-1.396,2021-2022,2,inner_validation,-1.396,5000
2023,2022,202638,Jessica Breland,1057,1068,2125,543.9,-0.259,-0.175,-0.434,33000,-7.818,-5.487,-3.515,-1.827,2021-2022,2,inner_validation,-1.827,5000
2023,2022,202658,Danielle Robinson,2792,2793,5585,1390.7,-0.28,-0.168,-0.448,33000,5.06,3.091,1.403,-0.057,2021-2022,2,inner_validation,-0.057,5000
2023,2022,1631135,Olivia Nelson-Ododa,867,868,1735,435.8,-0.321,-0.143,-0.464,33000,-7.666,-5.805,-3.99,-2.163,2021-2022,2,inner_validation,-2.163,5000
2023,2022,1631083,Emily Engstler,1278,1284,2562,637.6,-0.134,-0.34,-0.474,33000,-2.052,-2.004,-1.818,-1.396,2021-2022,2,inner_validation,-1.396,5000
2023,2022,1628890,Diamond DeShields,3649,3653,7302,1831.0,-0.464,-0.025,-0.489,33000,-4.998,-4.594,-3.785,-2.388,2021-2022,2,inner_validation,-2.388,5000
2023,2022,203824,Odyssey Sims,2109,2113,4222,1064.0,-0.262,-0.233,-0.495,33000,-5.276,-4.444,-3.456,-2.144,2021-2022,2,inner_validation,-2.144,5000
2023,2022,204296,Rebecca Allen,2368,2391,4759,1206.4,-0.437,-0.106,-0.543,33000,-3.722,-3.147,-2.522,-1.724,2021-2022,2,inner_validation,-1.724,5000
2023,2022,204335,Betnijah Laney-Hamilton,2841,2841,5682,1419.4,-0.345,-0.213,-0.558,33000,-2.684,-2.527,-2.244,-1.686,2021-2022,2,inner_validation,-1.686,5000
2023,2022,1631019,NaLyssa Smith,1983,1980,3963,982.7,-0.279,-0.282,-0.561,33000,-1.18,-1.238,-1.345,-1.311,2021-2022,2,inner_validation,-1.311,5000
2023,2022,1631089,Destanni Henderson,1195,1196,2391,589.4,-0.244,-0.35,-0.594,33000,-5.058,-4.462,-3.518,-2.237,2021-2022,2,inner_validation,-2.237,5000
2023,2022,202650,Jantel Lavender,1718,1719,3437,867.4,-0.408,-0.193,-0.601,33000,-7.807,-6.267,-4.549,-2.603,2021-2022,2,inner_validation,-2.603,5000
2023,2022,1627676,Tiffany Mitchell,2623,2619,5242,1317.9,-0.427,-0.285,-0.712,33000,-0.801,-1.357,-1.686,-1.662,2021-2022,2,inner_validation,-1.662,5000
2023,2022,1628909,Kelsey Mitchell,4106,4112,8218,2068.2,-0.266,-0.74,-1.006,33000,0.57,-0.475,-1.365,-1.91,2021-2022,2,inner_validation,-1.91,5000
2023,2022,1628927,Victoria Vivians,3183,3172,6355,1601.0,-0.493,-0.563,-1.056,33000,-5.372,-4.823,-4.122,-3.07,2021-2022,2,inner_validation,-3.07,5000
2024,2023,1627668,Breanna Stewart,7808,7798,15606,3954.5,6.267,2.571,8.838,2000,13.339,11.143,8.838,5.976,2021-2023,3,inner_validation,8.838,2000
2024,2023,1627673,Jonquel Jones,6825,6778,13603,3539.1,3.988,3.731,7.719,2000,10.357,9.141,7.719,5.689,2021-2023,3,inner_validation,7.719,2000
2024,2023,203400,Skylar Diggins,4732,4730,9462,2442.9,4.583,1.779,6.362,2000,10.767,8.69,6.362,3.574,2021-2023,3,inner_validation,6.362,2000
2024,2023,1628932,A'ja Wilson,8388,8404,16792,4159.9,3.542,2.75,6.292,2000,8.962,7.674,6.292,4.623,2021-2023,3,inner_validation,6.292,2000
2024,2023,203399,Elena Delle Donne,2952,2946,5898,1518.0,3.517,2.551,6.068,2000,9.673,7.964,6.068,3.673,2021-2023,3,inner_validation,6.068,2000
2024,2023,201496,Candace Parker,4995,4989,9984,2503.9,1.768,4.081,5.849,2000,8.145,7.102,5.849,4.054,2021-2023,3,inner_validation,5.849,2000
2024,2023,1628276,Kelsey Plum,7897,7890,15787,3917.6,5.573,0.202,5.775,2000,7.984,6.889,5.775,4.368,2021-2023,3,inner_validation,5.775,2000
2024,2023,202664,Courtney Vandersloot,7731,7719,15450,3908.5,2.765,2.875,5.64,2000,7.221,6.497,5.641,4.317,2021-2023,3,inner_validation,5.641,2000
2024,2023,1629498,Jackie Young,8470,8479,16949,4193.5,4.775,0.491,5.266,2000,6.64,5.985,5.266,4.206,2021-2023,3,inner_validation,5.266,2000
2024,2023,201886,DeWanna Bonner,7719,7677,15396,3992.4,3.782,1.371,5.153,2000,7.012,6.131,5.153,3.798,2021-2023,3,inner_validation,5.153,2000
2024,2023,1629479,Teaira McCowan,4852,4811,9663,2479.6,4.205,0.936,5.141,2000,8.281,6.863,5.141,2.926,2021-2023,3,inner_validation,5.141,2000
2024,2023,203833,Chelsea Gray,8115,8096,16211,4022.0,3.884,0.877,4.761,2000,5.795,5.335,4.76,3.843,2021-2023,3,inner_validation,4.76,2000
2024,2023,203826,Alyssa Thomas,6653,6628,13281,3401.2,1.768,2.921,4.689,2000,7.007,5.96,4.688,3.119,2021-2023,3,inner_validation,4.688,2000
2024,2023,1628280,Brionna Jones,5140,5153,10293,2654.1,1.88,2.78,4.66,2000,6.653,5.709,4.661,3.312,2021-2023,3,inner_validation,4.661,2000
2024,2023,201516,Allie Quigley,4142,4134,8276,2089.2,3.917,0.453,4.37,2000,6.639,5.565,4.37,2.845,2021-2023,3,inner_validation,4.37,2000
2024,2023,1630149,Satou Sabally,4308,4306,8614,2156.5,3.109,1.009,4.118,2000,7.457,5.783,4.119,2.312,2021-2023,3,inner_validation,4.119,2000
2024,2023,203406,Layshia Clarendon,2455,2438,4893,1240.6,2.24,1.729,3.969,2000,6.768,5.378,3.97,2.275,2021-2023,3,inner_validation,3.97,2000
2024,2023,204319,Jewell Loyd,7291,7269,14560,3652.7,1.848,2.019,3.867,2000,7.403,5.579,3.867,2.129,2021-2023,3,inner_validation,3.867,2000
2024,2023,1641648,Aliyah Boston,2425,2426,4851,1249.0,4.315,-0.602,3.713,2000,8.617,5.958,3.713,1.633,2021-2023,3,inner_validation,3.713,2000
2024,2023,1628878,Ariel Atkins,5499,5497,10996,2811.8,3.046,0.548,3.594,2000,5.384,4.596,3.594,2.204,2021-2023,3,inner_validation,3.594,2000
2024,2023,1628277,Allisha Gray,6401,6404,12805,3237.7,2.418,1.104,3.522,2000,5.12,4.446,3.521,2.108,2021-2023,3,inner_validation,3.521,2000
2024,2023,202658,Danielle Robinson,4262,4248,8510,2124.2,0.629,2.648,3.277,2000,7.844,5.433,3.277,1.203,2021-2023,3,inner_validation,3.277,2000
2024,2023,203416,Emma Meesseman,2523,2527,5050,1266.7,2.568,0.663,3.231,2000,5.098,4.191,3.231,2.077,2021-2023,3,inner_validation,3.231,2000
2024,2023,204330,Isabelle Harrison,2714,2712,5426,1375.0,1.705,1.371,3.076,2000,6.155,4.647,3.076,1.477,2021-2023,3,inner_validation,3.076,2000
2024,2023,203398,Brittney Griner,4267,4260,8527,2224.9,2.53,0.351,2.881,2000,5.098,3.971,2.882,1.605,2021-2023,3,inner_validation,2.882,2000
2024,2023,203827,Natasha Howard,5858,5848,11706,2978.5,2.453,0.397,2.85,2000,6.048,4.403,2.851,1.286,2021-2023,3,inner_validation,2.851,2000
2024,2023,1629567,Natisha Hiedeman,6125,6101,12226,3151.6,1.64,1.11,2.75,2000,3.53,3.083,2.749,2.281,2021-2023,3,inner_validation,2.749,2000
2024,2023,1631022,Shakira Austin,2447,2457,4904,1270.5,1.069,1.601,2.67,2000,3.88,3.276,2.67,1.814,2021-2023,3,inner_validation,2.67,2000
2024,2023,100720,Sue Bird,3766,3742,7508,1900.4,2.015,0.594,2.609,2000,2.133,2.565,2.608,2.057,2021-2023,3,inner_validation,2.608,2000
2024,2023,201480,Sylvia Fowles,3558,3564,7122,1798.1,1.119,1.428,2.547,2000,3.776,3.263,2.547,1.532,2021-2023,3,inner_validation,2.547,2000
2024,2023,203825,Kayla McBride,6506,6506,13012,3293.1,1.809,0.655,2.464,2000,5.02,3.733,2.464,1.099,2021-2023,3,inner_validation,2.464,2000
2024,2023,1628317,Karlie Samuelson,2193,2174,4367,1104.5,0.686,1.708,2.394,2000,5.524,3.896,2.394,1.003,2021-2023,3,inner_validation,2.394,2000
2024,2023,1627671,Rachel Banham,2962,2958,5920,1469.0,1.372,1.021,2.393,2000,4.563,3.425,2.394,1.299,2021-2023,3,inner_validation,2.394,2000
2024,2023,1630093,Bella Alarie,790,794,1584,411.4,-0.689,3.036,2.347,2000,5.526,3.842,2.347,1.042,2021-2023,3,inner_validation,2.347,2000
2024,2023,1628279,Brittney Sykes,6278,6309,12587,3190.4,0.409,1.922,2.331,2000,4.967,3.66,2.332,0.92,2021-2023,3,inner_validation,2.332,2000
2024,2023,204322,Elizabeth Williams,4845,4866,9711,2473.5,-0.808,3.049,2.241,2000,5.815,3.996,2.241,0.621,2021-2023,3,inner_validation,2.241,2000
2024,2023,204333,Natasha Cloud,6417,6420,12837,3260.5,0.666,1.49,2.156,2000,3.567,2.894,2.156,1.26,2021-2023,3,inner_validation,2.156,2000
2024,2023,1627674,Kahleah Copper,7368,7385,14753,3703.4,2.317,-0.169,2.148,2000,3.484,2.784,2.148,1.427,2021-2023,3,inner_validation,2.148,2000
2024,2023,203024,Damiris Dantas,1640,1646,3286,833.5,1.422,0.701,2.123,2000,3.4,2.799,2.123,1.253,2021-2023,3,inner_validation,2.123,2000
2024,2023,1629483,Napheesa Collier,4888,4886,9774,2475.1,1.648,0.313,1.961,2000,3.278,2.658,1.96,1.081,2021-2023,3,inner_validation,1.96,2000
2024,2023,203035,Shey Peddy,4032,4029,8061,2100.2,0.45,1.489,1.939,2000,3.519,2.751,1.939,0.992,2021-2023,3,inner_validation,1.939,2000
2024,2023,1641652,Maddy Siegrist,677,684,1361,337.9,1.157,0.744,1.901,2000,5.225,3.328,1.902,0.826,2021-2023,3,inner_validation,1.902,2000
2024,2023,1628931,Gabby Williams,2604,2623,5227,1306.3,0.609,1.231,1.84,2000,1.957,1.965,1.84,1.379,2021-2023,3,inner_validation,1.84,2000
2024,2023,204329,Kiah Stokes,4418,4449,8867,2248.6,-0.179,1.94,1.761,2000,3.686,2.649,1.761,1.092,2021-2023,3,inner_validation,1.761,2000
2024,2023,1629477,Sabrina Ionescu,7184,7162,14346,3674.6,4.217,-2.485,1.732,2000,3.672,2.695,1.732,0.804,2021-2023,3,inner_validation,1.732,2000
2024,2023,1630435,Destiny Slocum,376,378,754,187.1,0.134,1.581,1.715,2000,5.079,3.034,1.716,0.766,2021-2023,3,inner_validation,1.716,2000
2024,2023,202252,Alysha Clark,3744,3742,7486,1909.9,-0.141,1.724,1.583,2000,2.098,1.774,1.583,1.38,2021-2023,3,inner_validation,1.583,2000
2024,2023,1629501,Alanna Smith,2579,2589,5168,1301.6,0.053,1.386,1.439,2000,3.716,2.523,1.439,0.472,2021-2023,3,inner_validation,1.439,2000
2024,2023,202633,Liz Cambage,2623,2615,5238,1279.4,0.275,1.159,1.434,2000,2.983,2.19,1.434,0.721,2021-2023,3,inner_validation,1.434,2000
2024,2023,1630131,Kylee Shook,1155,1159,2314,566.5,-0.917,2.267,1.35,2000,4.806,2.824,1.351,0.307,2021-2023,3,inner_validation,1.351,2000
2024,2023,1628886,Jordin Canada,5277,5276,10553,2654.7,0.741,0.56,1.301,2000,3.431,2.316,1.3,0.342,2021-2023,3,inner_validation,1.3,2000
2024,2023,1628929,Kristy Wallace,2633,2642,5275,1330.3,-0.367,1.617,1.25,2000,2.592,1.921,1.25,0.509,2021-2023,3,inner_validation,1.25,2000
2024,2023,202662,Jasmine Thomas,2941,2929,5870,1542.9,-0.482,1.663,1.181,2000,1.446,1.28,1.181,1.045,2021-2023,3,inner_validation,1.181,2000
2024,2023,1631009,Rhyne Howard,4878,4873,9751,2423.5,0.377,0.789,1.166,2000,3.119,2.073,1.166,0.316,2021-2023,3,inner_validation,1.166,2000
2024,2023,1641658,Grace Berger,1014,1034,2048,524.0,0.563,0.586,1.149,2000,2.338,1.732,1.15,0.532,2021-2023,3,inner_validation,1.15,2000
2024,2023,203014,Nneka Ogwumike,5487,5468,10955,2756.7,0.547,0.564,1.111,2000,2.231,1.767,1.111,0.27,2021-2023,3,inner_validation,1.111,2000
2024,2023,1629524,Bridget Carleton,3726,3714,7440,1883.3,-0.618,1.714,1.096,2000,1.922,1.462,1.096,0.672,2021-2023,3,inner_validation,1.096,2000
2024,2023,1629488,Brianna Turner,6982,6989,13971,3619.9,0.302,0.751,1.053,2000,2.489,1.742,1.053,0.322,2021-2023,3,inner_validation,1.053,2000
2024,2023,1629481,Arike Ogunbowale,7294,7253,14547,3663.9,2.03,-0.981,1.049,2000,1.627,1.312,1.049,0.741,2021-2023,3,inner_validation,1.049,2000
2024,2023,1630096,DiJonai Carrington,3273,3271,6544,1660.2,-0.632,1.666,1.034,2000,1.953,1.39,1.035,0.803,2021-2023,3,inner_validation,1.035,2000
2024,2023,204324,Dearica Hamby,5519,5553,11072,2738.7,-0.951,1.983,1.032,2000,1.426,1.203,1.031,0.879,2021-2023,3,inner_validation,1.031,2000
2024,2023,204355,Blake Dietrick,270,273,543,141.0,0.239,0.791,1.03,2000,4.17,2.167,1.03,0.351,2021-2023,3,inner_validation,1.03,2000
2024,2023,1641675,Dulcy Fankam Mendjiadeu,921,923,1844,469.5,0.538,0.485,1.023,2000,2.268,1.632,1.023,0.428,2021-2023,3,inner_validation,1.023,2000
2024,2023,1628881,Monique Billings,3680,3709,7389,1839.8,-0.172,1.186,1.014,2000,1.889,1.548,1.014,0.342,2021-2023,3,inner_validation,1.014,2000
2024,2023,1631091,Evina Westbrook,653,654,1307,332.2,1.14,-0.157,0.983,2000,3.115,1.86,0.983,0.37,2021-2023,3,inner_validation,0.983,2000
2024,2023,1630437,Chelsey Perry,77,79,156,40.1,-0.286,1.186,0.9,2000,3.076,1.681,0.9,0.381,2021-2023,3,inner_validation,0.9,2000
2024,2023,1630113,Ruthy Hebard,1899,1910,3809,958.3,0.36,0.52,0.88,2000,2.495,1.614,0.879,0.337,2021-2023,3,inner_validation,0.879,2000
2024,2023,1630101,Crystal Dangerfield,4795,4785,9580,2414.2,0.332,0.536,0.868,2000,0.343,0.603,0.868,0.912,2021-2023,3,inner_validation,0.868,2000
2024,2023,203855,Stephanie Talbot,2413,2413,4826,1231.2,-0.446,1.299,0.853,2000,1.493,1.16,0.853,0.537,2021-2023,3,inner_validation,0.853,2000
2024,2023,1631019,NaLyssa Smith,3716,3713,7429,1867.7,0.997,-0.19,0.807,2000,1.676,1.401,0.807,-0.052,2021-2023,3,inner_validation,0.807,2000
2024,2023,204325,Crystal Bradford,887,898,1785,440.2,1.6,-0.852,0.748,2000,2.933,1.68,0.749,0.111,2021-2023,3,inner_validation,0.749,2000
2024,2023,1631002,Nia Clouden,662,672,1334,336.3,-0.724,1.466,0.742,2000,2.416,1.391,0.742,0.336,2021-2023,3,inner_validation,0.742,2000
2024,2023,201896,Briann January,3093,3116,6209,1631.1,0.037,0.696,0.733,2000,0.895,0.786,0.733,0.732,2021-2023,3,inner_validation,0.733,2000
2024,2023,1631044,Naz Hillmon,2474,2473,4947,1243.4,1.166,-0.454,0.712,2000,1.291,1.056,0.712,0.298,2021-2023,3,inner_validation,0.712,2000
2024,2023,1641651,Jordan Horston,1618,1620,3238,806.1,-0.206,0.91,0.704,2000,2.772,1.634,0.704,0.022,2021-2023,3,inner_validation,0.704,2000
2024,2023,1641671,Abby Meyers,76,73,149,36.5,0.675,0.021,0.696,2000,2.461,1.319,0.696,0.292,2021-2023,3,inner_validation,0.696,2000
2024,2023,1628882,Lexie Brown,2778,2784,5562,1400.0,1.371,-0.751,0.62,2000,2.587,1.493,0.62,-0.035,2021-2023,3,inner_validation,0.62,2000
2024,2023,203831,Natalie Achonwa,1193,1185,2378,595.8,0.301,0.318,0.619,2000,0.201,0.539,0.619,0.455,2021-2023,3,inner_validation,0.619,2000
2024,2023,203823,Chiney Ogwumike,1649,1654,3303,824.8,-0.886,1.498,0.612,2000,1.884,1.192,0.613,0.137,2021-2023,3,inner_validation,0.613,2000
2024,2023,203822,Rebekah Gardner,1880,1900,3780,961.8,-0.18,0.771,0.591,2000,1.926,1.128,0.591,0.269,2021-2023,3,inner_validation,0.591,2000
2024,2023,1641650,Haley Jones,1211,1211,2422,586.7,0.852,-0.286,0.566,2000,2.666,1.321,0.566,0.147,2021-2023,3,inner_validation,0.566,2000
2024,2023,203026,Tiffany Hayes,4215,4191,8406,2162.3,1.879,-1.317,0.562,2000,1.964,1.196,0.562,0.07,2021-2023,3,inner_validation,0.562,2000
2024,2023,1628244,Sami Whitcomb,5252,5252,10504,2640.5,0.154,0.39,0.544,2000,2.023,1.35,0.544,-0.348,2021-2023,3,inner_validation,0.544,2000
2024,2023,1630462,Aari McDonald,3966,3964,7930,1970.2,-1.032,1.559,0.527,2000,2.234,1.277,0.527,-0.046,2021-2023,3,inner_validation,0.527,2000
2024,2023,1641667,Taylor Soule,107,109,216,54.3,-0.755,1.282,0.527,2000,1.959,1.032,0.527,0.21,2021-2023,3,inner_validation,0.527,2000
2024,2023,1629497,Marina Mabrey,6065,6070,12135,3072.6,3.246,-2.754,0.492,2000,0.887,0.706,0.493,0.171,2021-2023,3,inner_validation,0.493,2000
2024,2023,1641649,Diamond Miller,1787,1783,3570,903.3,-0.018,0.495,0.477,2000,2.353,1.297,0.477,-0.089,2021-2023,3,inner_validation,0.477,2000
2024,2023,203828,Stefanie Dolson,3687,3660,7347,1862.0,-1.449,1.923,0.474,2000,1.799,1.088,0.475,0.006,2021-2023,3,inner_validation,0.475,2000
2024,2023,1631007,Veronica Burton,2450,2446,4896,1242.0,0.044,0.411,0.455,2000,1.026,0.669,0.455,0.316,2021-2023,3,inner_validation,0.455,2000
2024,2023,201507,Leilani Mitchell,1446,1440,2886,725.0,0.911,-0.58,0.331,2000,2.652,1.304,0.332,-0.212,2021-2023,3,inner_validation,0.332,2000
2024,2023,1631062,Khayla Pointer,108,107,215,57.8,-0.189,0.517,0.328,2000,1.59,0.747,0.327,0.095,2021-2023,3,inner_validation,0.327,2000
2024,2023,1630961,Tina Krajisnik,8,8,16,5.3,0.445,-0.127,0.318,2000,1.154,0.609,0.318,0.131,2021-2023,3,inner_validation,0.318,2000
2024,2023,1641690,Kadi Sissoko,658,646,1304,336.3,-0.108,0.418,0.31,2000,2.322,1.088,0.31,-0.109,2021-2023,3,inner_validation,0.31,2000
2024,2023,1630440,Chelsea Dungee,121,123,244,64.5,-0.771,1.079,0.308,2000,1.274,0.653,0.308,0.107,2021-2023,3,inner_validation,0.308,2000
2024,2023,1630097,Kaila Charles,1102,1110,2212,585.5,-0.5,0.792,0.292,2000,0.956,0.499,0.293,0.241,2021-2023,3,inner_validation,0.293,2000
2024,2023,1630993,Anneli Maley,83,82,165,44.5,0.044,0.207,0.251,2000,0.802,0.454,0.251,0.114,2021-2023,3,inner_validation,0.251,2000
2024,2023,1631046,Hannah Sjerven,15,14,29,9.0,0.141,0.11,0.251,2000,0.907,0.481,0.251,0.104,2021-2023,3,inner_validation,0.251,2000
2024,2023,204365,Erica Wheeler,5478,5514,10992,2827.3,-0.523,0.748,0.225,2000,1.719,0.937,0.225,-0.421,2021-2023,3,inner_validation,0.225,2000
2024,2023,1630441,Arella Guirantes,658,654,1312,338.4,0.485,-0.266,0.219,2000,1.22,0.606,0.219,-0.01,2021-2023,3,inner_validation,0.219,2000
2024,2023,202250,Tina Charles,4060,4042,8102,2039.7,1.342,-1.266,0.076,2000,0.941,0.457,0.076,-0.194,2021-2023,3,inner_validation,0.076,2000
2024,2023,204327,Brittany Boyd-Jones,44,47,91,22.4,-0.23,0.305,0.075,2000,0.381,0.166,0.075,0.031,2021-2023,3,inner_validation,0.075,2000
2024,2023,1641642,Li Meng,1113,1117,2230,553.4,-0.26,0.332,0.072,2000,0.563,0.18,0.072,0.052,2021-2023,3,inner_validation,0.072,2000
2024,2023,1627687,Jillian Alleyne,14,13,27,7.8,-0.172,0.204,0.032,2000,0.232,0.089,0.032,0.008,2021-2023,3,inner_validation,0.032,2000
2024,2023,1630114,Mikiah Herbert Harrigan,2,2,4,1.2,0.002,-0.004,-0.002,2000,-0.012,-0.006,-0.002,-0.0,2021-2023,3,inner_validation,-0.002,2000
2024,2023,1628278,Shatori Walker-Kimbrough,4178,4180,8358,2111.3,-0.562,0.553,-0.009,2000,0.592,0.203,-0.01,-0.072,2021-2023,3,inner_validation,-0.01,2000
2024,2023,1630112,Tyasha Harris,3749,3749,7498,1955.3,0.875,-0.9,-0.025,2000,0.719,0.254,-0.026,-0.138,2021-2023,3,inner_validation,-0.026,2000
2024,2023,1631072,Elissa Cunane,21,19,40,9.9,-0.123,0.073,-0.05,2000,-0.204,-0.101,-0.05,-0.021,2021-2023,3,inner_validation,-0.05,2000
2024,2023,1631073,Raina Perez,5,4,9,2.3,-0.004,-0.053,-0.057,2000,-0.24,-0.116,-0.057,-0.022,2021-2023,3,inner_validation,-0.057,2000
2024,2023,1629496,Ezi Magbegor,5358,5358,10716,2700.3,-0.526,0.451,-0.075,2000,1.234,0.482,-0.075,-0.364,2021-2023,3,inner_validation,-0.075,2000
2024,2023,1641641,Robyn Parks,1039,1053,2092,531.1,-0.445,0.354,-0.091,2000,0.094,-0.039,-0.091,-0.111,2021-2023,3,inner_validation,-0.091,2000
2024,2023,1630452,Rennia Davis,83,83,166,43.1,0.437,-0.544,-0.107,2000,-0.632,-0.269,-0.107,-0.037,2021-2023,3,inner_validation,-0.107,2000
2024,2023,1631141,Jade Melbourne,620,618,1238,306.9,-0.126,0.015,-0.111,2000,0.152,-0.014,-0.112,-0.136,2021-2023,3,inner_validation,-0.112,2000
2024,2023,1630446,Michaela Onyenwere,4306,4335,8641,2171.6,-0.492,0.37,-0.122,2000,1.768,0.805,-0.122,-0.859,2021-2023,3,inner_validation,-0.122,2000
2024,2023,1631081,Katie Benzan,53,54,107,26.8,-0.066,-0.058,-0.124,2000,-0.686,-0.301,-0.124,-0.038,2021-2023,3,inner_validation,-0.124,2000
2024,2023,1627675,Courtney Williams,7219,7213,14432,3645.5,0.397,-0.526,-0.129,2000,0.263,0.008,-0.129,-0.195,2021-2023,3,inner_validation,-0.129,2000
2024,2023,1628949,Khaalia Hillsman,1,1,2,0.9,-0.046,-0.099,-0.145,2000,-0.564,-0.286,-0.145,-0.059,2021-2023,3,inner_validation,-0.145,2000
2024,2023,1630118,Stella Johnson,62,63,125,31.2,-0.484,0.302,-0.182,2000,-0.47,-0.291,-0.182,-0.094,2021-2023,3,inner_validation,-0.182,2000
2024,2023,1627672,Aerial Powers,2994,2987,5981,1493.0,0.361,-0.563,-0.202,2000,0.872,0.198,-0.202,-0.371,2021-2023,3,inner_validation,-0.202,2000
2024,2023,1641659,Taylor Mikesell,59,56,115,29.2,0.056,-0.265,-0.209,2000,-0.755,-0.409,-0.209,-0.084,2021-2023,3,inner_validation,-0.209,2000
2024,2023,1630479,Sparkle Taylor,46,47,93,24.5,0.275,-0.493,-0.218,2000,-1.175,-0.514,-0.218,-0.069,2021-2023,3,inner_validation,-0.218,2000
2024,2023,1630110,Haley Gorecki,13,13,26,6.3,-0.312,0.007,-0.305,2000,-1.207,-0.611,-0.305,-0.121,2021-2023,3,inner_validation,-0.305,2000
2024,2023,204320,Amanda Zahui B,1888,1902,3790,967.4,-2.31,2.003,-0.307,2000,0.476,-0.016,-0.307,-0.393,2021-2023,3,inner_validation,-0.307,2000
2024,2023,201919,Shavonte Zellous,872,875,1747,442.5,-0.611,0.26,-0.351,2000,-0.249,-0.301,-0.351,-0.319,2021-2023,3,inner_validation,-0.351,2000
2024,2023,100940,Diana Taurasi,4818,4826,9644,2430.4,1.048,-1.404,-0.356,2000,-0.441,-0.416,-0.356,-0.288,2021-2023,3,inner_validation,-0.356,2000
2024,2023,1630136,Megan Walker,1139,1132,2271,580.5,-0.919,0.552,-0.367,2000,-2.064,-1.119,-0.368,0.083,2021-2023,3,inner_validation,-0.368,2000
2024,2023,1630442,Natasha Mack,37,38,75,18.2,-0.455,0.083,-0.372,2000,-1.33,-0.717,-0.372,-0.148,2021-2023,3,inner_validation,-0.372,2000
2024,2023,1630385,Shyla Heal,66,63,129,31.5,-0.259,-0.136,-0.395,2000,-0.947,-0.635,-0.395,-0.191,2021-2023,3,inner_validation,-0.395,2000
2024,2023,1631031,Queen Egbo,2419,2415,4834,1203.6,-0.998,0.597,-0.401,2000,0.912,0.165,-0.401,-0.731,2021-2023,3,inner_validation,-0.401,2000
2024,2023,1630127,Leaonna Odom,414,416,830,207.2,-0.798,0.39,-0.408,2000,0.425,-0.172,-0.409,-0.378,2021-2023,3,inner_validation,-0.409,2000
2024,2023,1641687,Victaria Saxton,104,105,209,53.8,-1.144,0.729,-0.415,2000,-1.804,-0.899,-0.414,-0.14,2021-2023,3,inner_validation,-0.414,2000
2024,2023,1630453,Aleah Goodman,6,6,12,3.2,-0.161,-0.261,-0.422,2000,-1.658,-0.84,-0.422,-0.168,2021-2023,3,inner_validation,-0.422,2000
2024,2023,204323,Cheyenne Parker-Tyus,4692,4657,9349,2330.3,0.828,-1.282,-0.454,2000,0.248,-0.116,-0.453,-0.673,2021-2023,3,inner_validation,-0.453,2000
2024,2023,1628899,Myisha Hines-Allen,3566,3579,7145,1822.3,-0.214,-0.24,-0.454,2000,0.326,-0.212,-0.454,-0.411,2021-2023,3,inner_validation,-0.454,2000
2024,2023,1629546,Marine Johannes,2810,2803,5613,1442.7,0.065,-0.527,-0.462,2000,-0.682,-0.632,-0.462,-0.189,2021-2023,3,inner_validation,-0.462,2000
2024,2023,1630154,Kamiah Smalls,68,69,137,33.9,-0.416,-0.072,-0.488,2000,-1.629,-0.906,-0.488,-0.207,2021-2023,3,inner_validation,-0.488,2000
2024,2023,1628304,Yvonne Anderson,197,197,394,100.7,0.249,-0.741,-0.492,2000,-1.616,-0.943,-0.492,-0.173,2021-2023,3,inner_validation,-0.492,2000
2024,2023,1628273,Kaela Davis,200,198,398,102.1,0.712,-1.22,-0.508,2000,-1.362,-0.846,-0.509,-0.257,2021-2023,3,inner_validation,-0.509,2000
2024,2023,204332,Cierra Burdick,128,123,251,63.9,-0.533,0.002,-0.531,2000,-1.799,-1.007,-0.531,-0.215,2021-2023,3,inner_validation,-0.531,2000
2024,2023,1631056,Amy Atwell,63,59,122,31.6,0.089,-0.622,-0.533,2000,-1.817,-1.006,-0.533,-0.223,2021-2023,3,inner_validation,-0.533,2000
2024,2023,1628286,Erica McCall,708,701,1409,355.9,-0.294,-0.24,-0.534,2000,-0.302,-0.514,-0.534,-0.399,2021-2023,3,inner_validation,-0.534,2000
2024,2023,1629566,Xu Han,1181,1182,2363,603.6,-1.577,1.009,-0.568,2000,-1.087,-0.872,-0.568,-0.294,2021-2023,3,inner_validation,-0.568,2000
2024,2023,1630459,DiDi Richards,1048,1042,2090,530.2,-1.349,0.777,-0.572,2000,-0.501,-0.561,-0.572,-0.493,2021-2023,3,inner_validation,-0.572,2000
2024,2023,204334,Reshanda Gray,918,921,1839,472.8,0.846,-1.422,-0.576,2000,0.392,-0.304,-0.577,-0.508,2021-2023,3,inner_validation,-0.577,2000
2024,2023,1629506,Kiara Leslie,175,182,357,86.0,-0.615,-0.001,-0.616,2000,-1.509,-0.962,-0.616,-0.328,2021-2023,3,inner_validation,-0.616,2000
2024,2023,1628909,Kelsey Mitchell,6754,6759,13513,3416.8,2.177,-2.823,-0.646,2000,0.684,0.046,-0.646,-1.336,2021-2023,3,inner_validation,-0.646,2000
2024,2023,1628269,Nia Coffey,3640,3654,7294,1820.7,-1.84,1.178,-0.662,2000,-0.531,-0.62,-0.662,-0.601,2021-2023,3,inner_validation,-0.662,2000
2024,2023,1631032,Lorela Cubaj,206,210,416,106.9,-0.754,0.066,-0.688,2000,-1.432,-1.06,-0.688,-0.346,2021-2023,3,inner_validation,-0.688,2000
2024,2023,1629574,Li Yueru,175,174,349,82.2,-1.275,0.555,-0.72,2000,-2.032,-1.247,-0.72,-0.325,2021-2023,3,inner_validation,-0.72,2000
2024,2023,1631263,Nikolina Milic,1757,1761,3518,879.7,0.512,-1.26,-0.748,2000,-1.507,-1.056,-0.748,-0.509,2021-2023,3,inner_validation,-0.748,2000
2024,2023,1628287,Jennie Simms,819,808,1627,422.3,-1.145,0.362,-0.783,2000,-1.033,-0.954,-0.783,-0.516,2021-2023,3,inner_validation,-0.783,2000
2024,2023,1628263,Lindsay Allen,2742,2734,5476,1402.7,0.9,-1.725,-0.825,2000,1.247,-0.051,-0.825,-1.054,2021-2023,3,inner_validation,-0.825,2000
2024,2023,1630461,Kiana Williams,128,129,257,64.3,-1.241,0.369,-0.872,2000,-2.546,-1.526,-0.871,-0.387,2021-2023,3,inner_validation,-0.871,2000
2024,2023,1631021,Sika Kone,383,381,764,194.7,-0.645,-0.227,-0.872,2000,-1.997,-1.384,-0.872,-0.428,2021-2023,3,inner_validation,-0.872,2000
2024,2023,1630389,Dana Evans,3060,3076,6136,1567.9,-0.203,-0.746,-0.949,2000,-0.797,-0.946,-0.949,-0.746,2021-2023,3,inner_validation,-0.949,2000
2024,2023,1641670,Madi Williams,96,92,188,46.4,-0.584,-0.426,-1.01,2000,-3.328,-1.862,-1.009,-0.44,2021-2023,3,inner_validation,-1.009,2000
2024,2023,1631055,Nyara Sabally,529,526,1055,265.0,-1.15,0.123,-1.027,2000,-1.822,-1.498,-1.027,-0.473,2021-2023,3,inner_validation,-1.027,2000
2024,2023,201913,Kia Vaughn,1946,1951,3897,984.0,-1.273,0.237,-1.036,2000,-1.829,-1.523,-1.037,-0.465,2021-2023,3,inner_validation,-1.037,2000
2024,2023,1630137,Stephanie Watts,170,175,345,84.0,-0.807,-0.237,-1.044,2000,-2.66,-1.741,-1.044,-0.472,2021-2023,3,inner_validation,-1.044,2000
2024,2023,1630099,Te'a Cooper,1339,1341,2680,682.4,-2.586,1.541,-1.045,2000,-1.289,-1.269,-1.044,-0.67,2021-2023,3,inner_validation,-1.044,2000
2024,2023,1630957,Rui Machida,924,920,1844,473.8,-1.136,0.056,-1.08,2000,-3.181,-2.018,-1.08,-0.381,2021-2023,3,inner_validation,-1.08,2000
2024,2023,1630996,Rae Burrell,734,747,1481,365.1,-0.849,-0.287,-1.136,2000,-1.83,-1.535,-1.135,-0.644,2021-2023,3,inner_validation,-1.135,2000
2024,2023,203866,Kayla Thornton,5407,5431,10838,2795.9,-1.489,0.327,-1.162,2000,-1.332,-1.408,-1.162,-0.583,2021-2023,3,inner_validation,-1.162,2000
2024,2023,1627678,Bria Holmes,619,630,1249,317.7,-0.266,-0.911,-1.177,2000,-1.528,-1.469,-1.177,-0.713,2021-2023,3,inner_validation,-1.177,2000
2024,2023,1629478,Katie Lou Samuelson,3076,3056,6132,1526.7,0.677,-1.872,-1.195,2000,-0.929,-1.196,-1.196,-0.895,2021-2023,3,inner_validation,-1.196,2000
2024,2023,201881,Angel McCoughtry,44,42,86,19.8,-0.774,-0.423,-1.197,2000,-4.384,-2.307,-1.196,-0.494,2021-2023,3,inner_validation,-1.196,2000
2024,2023,1641653,Ashley Joens,251,250,501,127.5,-0.157,-1.086,-1.243,2000,-3.224,-2.046,-1.243,-0.618,2021-2023,3,inner_validation,-1.243,2000
2024,2023,1630386,Awak Kuier,2043,2051,4094,1031.1,-2.103,0.83,-1.273,2000,-1.651,-1.597,-1.273,-0.701,2021-2023,3,inner_validation,-1.273,2000
2024,2023,1641672,Kayana Traylor,67,70,137,34.8,-0.415,-0.864,-1.279,2000,-4.33,-2.396,-1.279,-0.54,2021-2023,3,inner_validation,-1.279,2000
2024,2023,1628897,Linnae Harper,154,160,314,77.8,-0.554,-0.738,-1.292,2000,-4.047,-2.367,-1.292,-0.544,2021-2023,3,inner_validation,-1.292,2000
2024,2023,202259,Epiphanny Prince,1813,1810,3623,936.1,-1.891,0.576,-1.315,2000,-1.696,-1.631,-1.315,-0.739,2021-2023,3,inner_validation,-1.315,2000
2024,2023,1629482,Sophie Cunningham,4722,4726,9448,2450.5,0.406,-1.739,-1.333,2000,-1.245,-1.363,-1.333,-1.084,2021-2023,3,inner_validation,-1.333,2000
2024,2023,1628915,Kia Nurse,3431,3425,6856,1755.4,0.858,-2.202,-1.344,2000,-2.136,-1.814,-1.343,-0.753,2021-2023,3,inner_validation,-1.343,2000
2024,2023,1629492,Beatrice Mompremier,876,879,1755,457.3,-1.127,-0.223,-1.35,2000,-2.461,-1.947,-1.35,-0.671,2021-2023,3,inner_validation,-1.35,2000
2024,2023,1631068,Sam Thomas,287,286,573,142.6,-1.234,-0.179,-1.413,2000,-4.537,-2.627,-1.413,-0.595,2021-2023,3,inner_validation,-1.413,2000
2024,2023,1631029,Jasmine Dickey,380,379,759,182.7,-1.092,-0.339,-1.431,2000,-3.86,-2.464,-1.431,-0.627,2021-2023,3,inner_validation,-1.431,2000
2024,2023,1627669,Moriah Jefferson,4463,4447,8910,2306.5,1.135,-2.569,-1.434,2000,0.055,-0.803,-1.434,-1.623,2021-2023,3,inner_validation,-1.434,2000
2024,2023,1628922,Azura Stevens,5228,5245,10473,2668.3,-0.079,-1.388,-1.467,2000,-1.511,-1.61,-1.467,-0.959,2021-2023,3,inner_validation,-1.467,2000
2024,2023,203403,Tianna Hawkins,3382,3389,6771,1703.9,0.035,-1.525,-1.49,2000,-1.664,-1.668,-1.491,-1.055,2021-2023,3,inner_validation,-1.491,2000
2024,2023,203829,Bria Hartley,525,520,1045,270.4,-1.076,-0.427,-1.503,2000,-3.221,-2.34,-1.503,-0.736,2021-2023,3,inner_validation,-1.503,2000
2024,2023,204296,Rebecca Allen,4406,4434,8840,2250.2,-1.814,0.303,-1.511,2000,-1.182,-1.439,-1.51,-1.299,2021-2023,3,inner_validation,-1.51,2000
2024,2023,1630150,Chennedy Carter,1371,1379,2750,673.2,0.962,-2.475,-1.513,2000,-2.127,-1.899,-1.513,-0.959,2021-2023,3,inner_validation,-1.513,2000
2024,2023,1630100,Lauren Cox,588,589,1177,305.3,-1.919,0.331,-1.588,2000,-3.487,-2.451,-1.587,-0.824,2021-2023,3,inner_validation,-1.587,2000
2024,2023,1628242,Emma Cannon,1875,1883,3758,944.0,-1.167,-0.5,-1.667,2000,-1.98,-1.885,-1.668,-1.237,2021-2023,3,inner_validation,-1.668,2000
2024,2023,203029,Riquna Williams,3159,3138,6297,1549.7,-0.313,-1.377,-1.69,2000,-2.227,-2.142,-1.69,-0.824,2021-2023,3,inner_validation,-1.69,2000
2024,2023,203015,Shekinna Stricklen,471,469,940,235.8,-1.841,0.121,-1.72,2000,-3.925,-2.711,-1.721,-0.873,2021-2023,3,inner_validation,-1.721,2000
2024,2023,1630458,Aaliyah Wilson,235,236,471,119.4,-0.937,-0.805,-1.742,2000,-4.936,-3.02,-1.742,-0.799,2021-2023,3,inner_validation,-1.742,2000
2024,2023,1627700,Julie Allemand,971,976,1947,493.6,-0.577,-1.17,-1.747,2000,-3.852,-2.744,-1.747,-0.831,2021-2023,3,inner_validation,-1.747,2000
2024,2023,1630471,Maya Caldwell,1012,1002,2014,517.9,-0.319,-1.488,-1.807,2000,-3.94,-2.839,-1.807,-0.897,2021-2023,3,inner_validation,-1.807,2000
2024,2023,1629476,Asia (AD) Durr,1586,1576,3162,769.5,-0.974,-0.852,-1.826,2000,-2.57,-2.339,-1.826,-1.096,2021-2023,3,inner_validation,-1.826,2000
2024,2023,1631013,Aisha Sheppard,382,393,775,189.5,-0.026,-1.836,-1.862,2000,-3.954,-2.825,-1.861,-0.938,2021-2023,3,inner_validation,-1.861,2000
2024,2023,1629491,Jessica Shepard,3422,3420,6842,1736.0,-0.871,-1.032,-1.903,2000,-2.586,-2.263,-1.903,-1.376,2021-2023,3,inner_validation,-1.903,2000
2024,2023,1629484,Megan Gustafson,1932,1932,3864,987.9,0.136,-2.044,-1.908,2000,-1.574,-1.912,-1.908,-1.482,2021-2023,3,inner_validation,-1.908,2000
2024,2023,1631089,Destanni Henderson,1597,1600,3197,789.0,0.047,-1.964,-1.917,2000,-0.807,-1.624,-1.916,-1.627,2021-2023,3,inner_validation,-1.916,2000
2024,2023,1641700,Liz Dixon,147,143,290,78.0,-1.547,-0.434,-1.981,2000,-5.862,-3.502,-1.982,-0.889,2021-2023,3,inner_validation,-1.982,2000
2024,2023,1628917,JiSu Park,486,488,974,238.7,-0.514,-1.528,-2.042,2000,-6.281,-3.777,-2.042,-0.792,2021-2023,3,inner_validation,-2.042,2000
2024,2023,1630438,Kysre Gondrezick,346,341,687,173.1,-1.435,-0.608,-2.043,2000,-4.582,-3.22,-2.043,-1.004,2021-2023,3,inner_validation,-2.043,2000
2024,2023,204297,Cayla George,638,636,1274,321.3,-1.553,-0.523,-2.076,2000,-2.623,-2.624,-2.076,-1.139,2021-2023,3,inner_validation,-2.076,2000
2024,2023,1630120,Stephanie Jones,239,246,485,126.8,-1.81,-0.266,-2.076,2000,-6.931,-3.943,-2.077,-0.814,2021-2023,3,inner_validation,-2.077,2000
2024,2023,1631147,Kianna Smith,224,222,446,112.7,-0.705,-1.43,-2.135,2000,-5.303,-3.515,-2.135,-1.004,2021-2023,3,inner_validation,-2.135,2000
2024,2023,203389,Yvonne Turner,703,707,1410,356.2,-1.637,-0.509,-2.146,2000,-2.821,-2.658,-2.146,-1.311,2021-2023,3,inner_validation,-2.146,2000
2024,2023,1629485,Kristine Anigwe,569,576,1145,290.6,-0.703,-1.457,-2.16,2000,-4.528,-3.3,-2.16,-1.092,2021-2023,3,inner_validation,-2.16,2000
2024,2023,1628920,Mercedes Russell,3045,3044,6089,1543.5,-1.623,-0.555,-2.178,2000,-3.247,-2.798,-2.178,-1.302,2021-2023,3,inner_validation,-2.178,2000
2024,2023,1628268,Alaina Coates,238,242,480,121.0,-0.496,-1.756,-2.252,2000,-5.562,-3.643,-2.252,-1.107,2021-2023,3,inner_validation,-2.252,2000
2024,2023,1641657,Dorka Juhasz,1943,1939,3882,991.7,-0.016,-2.244,-2.26,2000,-4.172,-3.147,-2.26,-1.369,2021-2023,3,inner_validation,-2.26,2000
2024,2023,201911,Kristi Toliver,1670,1679,3349,842.1,-1.585,-0.736,-2.321,2000,-3.775,-3.119,-2.32,-1.359,2021-2023,3,inner_validation,-2.32,2000
2024,2023,1641656,Laeticia Amihere,314,315,629,149.7,-0.397,-1.932,-2.329,2000,-6.769,-4.124,-2.329,-1.015,2021-2023,3,inner_validation,-2.329,2000
2024,2023,1627643,Cyesha Goree,236,236,472,116.4,-1.438,-0.896,-2.334,2000,-7.025,-4.201,-2.334,-1.0,2021-2023,3,inner_validation,-2.334,2000
2024,2023,1628282,Sydney Wiese,1134,1132,2266,578.5,-0.319,-2.064,-2.383,2000,-4.648,-3.421,-2.383,-1.356,2021-2023,3,inner_validation,-2.383,2000
2024,2023,1629568,Kennedy Burke,780,781,1561,403.1,-1.371,-1.012,-2.383,2000,-4.678,-3.58,-2.382,-1.17,2021-2023,3,inner_validation,-2.382,2000
2024,2023,203838,Astou Ndour-Fall,827,831,1658,411.8,-2.95,0.544,-2.406,2000,-4.5,-3.476,-2.406,-1.257,2021-2023,3,inner_validation,-2.406,2000
2024,2023,1629571,Morgan Bertsch,795,794,1589,402.4,-1.332,-1.079,-2.411,2000,-4.743,-3.584,-2.411,-1.235,2021-2023,3,inner_validation,-2.411,2000
2024,2023,1631083,Emily Engstler,1457,1469,2926,730.8,0.05,-2.531,-2.481,2000,-3.544,-3.055,-2.481,-1.706,2021-2023,3,inner_validation,-2.481,2000
2024,2023,1631086,Lexie Hull,1885,1887,3772,953.3,-1.378,-1.235,-2.613,2000,-4.518,-3.565,-2.614,-1.623,2021-2023,3,inner_validation,-2.614,2000
2024,2023,204335,Betnijah Laney-Hamilton,5856,5830,11686,2947.2,-1.213,-1.467,-2.68,2000,-4.764,-3.821,-2.68,-1.313,2021-2023,3,inner_validation,-2.68,2000
2024,2023,200676,Candice Dupree,918,922,1840,462.9,-1.669,-1.14,-2.809,2000,-6.87,-4.635,-2.809,-1.282,2021-2023,3,inner_validation,-2.809,2000
2024,2023,1641602,Ivana Dojkić,929,934,1863,460.7,-1.428,-1.446,-2.874,2000,-5.14,-4.012,-2.874,-1.646,2021-2023,3,inner_validation,-2.874,2000
2024,2023,203824,Odyssey Sims,2966,2966,5932,1492.6,-1.215,-1.725,-2.94,2000,-4.255,-3.67,-2.94,-1.91,2021-2023,3,inner_validation,-2.94,2000
2024,2023,1629480,Kalani Brown,1147,1156,2303,571.4,0.028,-2.983,-2.955,2000,-6.18,-4.519,-2.955,-1.432,2021-2023,3,inner_validation,-2.955,2000
2024,2023,1630043,Bernadett Hatar,296,293,589,153.5,-1.949,-1.026,-2.975,2000,-8.428,-5.204,-2.975,-1.334,2021-2023,3,inner_validation,-2.975,2000
2024,2023,1628890,Diamond DeShields,3649,3653,7302,1831.0,-2.725,-0.328,-3.053,2000,-3.635,-3.526,-3.053,-2.031,2021-2023,3,inner_validation,-3.053,2000
2024,2023,1627676,Tiffany Mitchell,4236,4226,8462,2146.7,-2.188,-0.881,-3.069,2000,-2.057,-2.774,-3.069,-2.713,2021-2023,3,inner_validation,-3.069,2000
2024,2023,1641660,Zia Cooke,1095,1115,2210,548.8,-2.595,-0.504,-3.099,2000,-5.904,-4.539,-3.099,-1.611,2021-2023,3,inner_validation,-3.099,2000
2024,2023,1630119,Jazmine Jones,999,1000,1999,497.6,-2.528,-0.595,-3.123,2000,-5.872,-4.447,-3.123,-1.757,2021-2023,3,inner_validation,-3.123,2000
2024,2023,1641665,Leigha Brown,261,258,519,135.8,-1.617,-1.527,-3.144,2000,-8.877,-5.456,-3.143,-1.416,2021-2023,3,inner_validation,-3.143,2000
2024,2023,203849,Theresa Plaisance,1964,1973,3937,979.3,-2.381,-0.852,-3.233,2000,-3.524,-3.676,-3.233,-2.092,2021-2023,3,inner_validation,-3.233,2000
2024,2023,202638,Jessica Breland,1057,1068,2125,543.9,-2.545,-1.292,-3.837,2000,-8.339,-5.951,-3.837,-1.951,2021-2023,3,inner_validation,-3.837,2000
2024,2023,1631135,Olivia Nelson-Ododa,2179,2177,4356,1128.0,-3.5,-0.354,-3.854,2000,-5.113,-4.772,-3.854,-2.355,2021-2023,3,inner_validation,-3.854,2000
2024,2023,1628927,Victoria Vivians,4501,4502,9003,2275.0,-1.676,-2.191,-3.867,2000,-4.608,-4.346,-3.867,-2.985,2021-2023,3,inner_validation,-3.867,2000
2024,2023,1630134,Sug Sutton,2037,2035,4072,1050.6,-1.639,-2.413,-4.052,2000,-6.377,-5.317,-4.053,-2.489,2021-2023,3,inner_validation,-4.053,2000
2024,2023,1630115,Joyner Holmes,1226,1238,2464,618.1,-1.807,-2.304,-4.111,2000,-7.852,-6.024,-4.111,-2.094,2021-2023,3,inner_validation,-4.111,2000
2024,2023,1630454,Charli Collier,828,824,1652,423.8,-2.06,-2.346,-4.406,2000,-9.149,-6.689,-4.405,-2.219,2021-2023,3,inner_validation,-4.405,2000
2024,2023,202650,Jantel Lavender,1718,1719,3437,867.4,-3.119,-1.499,-4.618,2000,-7.784,-6.324,-4.618,-2.621,2021-2023,3,inner_validation,-4.618,2000
2024,2023,1630387,Iliana Rupert,906,897,1803,444.6,-1.377,-3.303,-4.68,2000,-9.746,-7.155,-4.68,-2.272,2021-2023,3,inner_validation,-4.68,2000
2024,2023,202641,Sydney Colson,612,623,1235,311.7,-2.782,-1.955,-4.737,2000,-9.911,-7.168,-4.737,-2.382,2021-2023,3,inner_validation,-4.737,2000
2024,2023,1630139,Jocelyn Willoughby,655,657,1312,334.6,-4.334,-0.405,-4.739,2000,-11.248,-7.709,-4.739,-2.186,2021-2023,3,inner_validation,-4.739,2000
2024,2023,1630444,Jasmine Walker,598,599,1197,300.7,-2.188,-2.649,-4.837,2000,-11.786,-7.943,-4.837,-2.264,2021-2023,3,inner_validation,-4.837,2000
2024,2023,1631006,Kierstan Bell,1226,1236,2462,613.5,-2.793,-2.1,-4.893,2000,-8.224,-6.769,-4.893,-2.569,2021-2023,3,inner_validation,-4.893,2000
2025,2024,1627673,Jonquel Jones,9809,9732,19541,5061.6,1.017,0.87,1.887,47000,10.439,9.317,7.987,6.068,2021-2024,4,inner_validation,6.068,5000
2025,2024,1628276,Kelsey Plum,10876,10864,21740,5406.8,1.347,0.345,1.692,47000,9.102,7.774,6.426,4.763,2021-2024,4,inner_validation,4.763,5000
2025,2024,1627668,Breanna Stewart,11075,11051,22126,5608.8,1.171,0.496,1.667,47000,11.157,9.792,8.186,5.934,2021-2024,4,inner_validation,5.934,5000
2025,2024,1628932,A'ja Wilson,11455,11459,22914,5686.9,1.228,0.437,1.665,47000,7.075,6.297,5.396,4.217,2021-2024,4,inner_validation,4.217,5000
2025,2024,203833,Chelsea Gray,9884,9857,19741,4916.0,1.14,0.452,1.592,47000,8.309,7.357,6.249,4.673,2021-2024,4,inner_validation,4.673,5000
2025,2024,1629498,Jackie Young,11245,11258,22503,5582.0,1.271,0.306,1.577,47000,4.29,4.081,3.894,3.493,2021-2024,4,inner_validation,3.493,5000
2025,2024,201886,DeWanna Bonner,10615,10576,21191,5498.4,0.651,0.735,1.386,47000,8.444,7.435,6.253,4.585,2021-2024,4,inner_validation,4.585,5000
2025,2024,202664,Courtney Vandersloot,9410,9393,18803,4757.5,0.651,0.674,1.325,47000,5.476,5.197,4.847,4.077,2021-2024,4,inner_validation,4.077,5000
2025,2024,1628280,Brionna Jones,7484,7505,14989,3880.0,0.395,0.826,1.221,47000,8.398,7.325,6.056,4.321,2021-2024,4,inner_validation,4.321,5000
2025,2024,203826,Alyssa Thomas,9668,9645,19313,4967.8,0.389,0.598,0.987,47000,5.75,5.145,4.305,3.105,2021-2024,4,inner_validation,3.105,5000
2025,2024,201496,Candace Parker,4995,4989,9984,2503.9,0.436,0.536,0.972,47000,9.381,8.223,6.746,4.58,2021-2024,4,inner_validation,4.58,5000
2025,2024,203400,Skylar Diggins,7397,7392,14789,3777.5,0.477,0.354,0.831,47000,12.389,10.511,8.322,5.327,2021-2024,4,inner_validation,5.327,5000
2025,2024,1629567,Natisha Hiedeman,7621,7619,15240,3930.9,0.443,0.289,0.732,47000,2.863,2.338,2.005,1.724,2021-2024,4,inner_validation,1.724,5000
2025,2024,202252,Alysha Clark,5982,5997,11979,3037.0,0.265,0.421,0.686,47000,3.168,2.547,2.09,1.698,2021-2024,4,inner_validation,1.698,5000
2025,2024,1629483,Napheesa Collier,8101,8097,16198,4121.2,0.369,0.287,0.656,47000,7.623,6.51,5.178,3.396,2021-2024,4,inner_validation,3.396,5000
2025,2024,201516,Allie Quigley,4142,4134,8276,2089.2,0.444,0.198,0.642,47000,7.416,6.331,5.066,3.313,2021-2024,4,inner_validation,3.313,5000
2025,2024,204319,Jewell Loyd,9925,9898,19823,4958.1,0.238,0.387,0.625,47000,9.025,7.134,5.264,3.204,2021-2024,4,inner_validation,3.204,5000
2025,2024,1630142,Leonie Fiebich,2302,2283,4585,1178.2,0.284,0.317,0.601,47000,9.738,7.799,5.686,3.275,2021-2024,4,inner_validation,3.275,5000
2025,2024,203399,Elena Delle Donne,2952,2946,5898,1518.0,0.292,0.297,0.589,47000,8.495,7.323,5.836,3.709,2021-2024,4,inner_validation,3.709,5000
2025,2024,1629477,Sabrina Ionescu,10352,10321,20673,5286.6,0.693,-0.143,0.55,47000,4.552,3.682,2.792,1.785,2021-2024,4,inner_validation,1.785,5000
2025,2024,1629524,Bridget Carleton,6754,6760,13514,3454.1,0.06,0.446,0.506,47000,4.549,3.864,3.188,2.279,2021-2024,4,inner_validation,2.279,5000
2025,2024,204329,Kiah Stokes,5931,5975,11906,3020.3,0.278,0.214,0.492,47000,2.505,1.755,1.111,0.702,2021-2024,4,inner_validation,0.702,5000
2025,2024,203825,Kayla McBride,9778,9784,19562,4968.4,0.32,0.169,0.489,47000,7.263,6.036,4.643,2.866,2021-2024,4,inner_validation,2.866,5000
2025,2024,1629501,Alanna Smith,5254,5278,10532,2677.5,0.12,0.352,0.472,47000,6.421,5.366,4.166,2.633,2021-2024,4,inner_validation,2.633,5000
2025,2024,203416,Emma Meesseman,2523,2527,5050,1266.7,0.322,0.129,0.451,47000,6.045,4.918,3.742,2.356,2021-2024,4,inner_validation,2.356,5000
2025,2024,100720,Sue Bird,3766,3742,7508,1900.4,0.325,0.086,0.411,47000,2.862,2.733,2.432,1.777,2021-2024,4,inner_validation,1.777,5000
2025,2024,1630096,DiJonai Carrington,5946,5955,11901,3049.6,-0.1,0.487,0.387,47000,0.293,0.014,0.017,0.291,2021-2024,4,inner_validation,0.291,5000
2025,2024,1627675,Courtney Williams,9972,9964,19936,5059.0,0.059,0.315,0.374,47000,2.183,1.766,1.482,1.183,2021-2024,4,inner_validation,1.183,5000
2025,2024,202662,Jasmine Thomas,2941,2929,5870,1542.9,0.001,0.357,0.358,47000,0.729,0.772,0.857,0.887,2021-2024,4,inner_validation,0.887,5000
2025,2024,1631022,Shakira Austin,2940,2948,5888,1508.4,0.062,0.294,0.356,47000,2.894,2.855,2.648,1.982,2021-2024,4,inner_validation,1.982,5000
2025,2024,1631007,Veronica Burton,3458,3451,6909,1769.6,0.188,0.143,0.331,47000,4.624,3.774,2.912,1.854,2021-2024,4,inner_validation,1.854,5000
2025,2024,1630149,Satou Sabally,5360,5362,10722,2668.9,0.571,-0.262,0.309,47000,7.578,6.372,4.904,2.898,2021-2024,4,inner_validation,2.898,5000
2025,2024,1628931,Gabby Williams,3445,3458,6903,1731.0,0.16,0.139,0.299,47000,1.71,1.508,1.385,1.152,2021-2024,4,inner_validation,1.152,5000
2025,2024,201896,Briann January,3093,3116,6209,1631.1,0.022,0.275,0.297,47000,0.477,0.326,0.332,0.472,2021-2024,4,inner_validation,0.472,5000
2025,2024,1628878,Ariel Atkins,7890,7876,15766,4007.9,0.14,0.131,0.271,47000,6.835,5.653,4.303,2.535,2021-2024,4,inner_validation,2.535,5000
2025,2024,203014,Nneka Ogwumike,7989,7960,15949,4007.9,-0.058,0.287,0.229,47000,3.638,3.345,2.817,1.854,2021-2024,4,inner_validation,1.854,5000
2025,2024,1628277,Allisha Gray,9112,9108,18220,4631.4,0.112,0.113,0.225,47000,6.509,5.637,4.486,2.729,2021-2024,4,inner_validation,2.729,5000
2025,2024,1630112,Tyasha Harris,6057,6066,12123,3162.1,0.122,0.101,0.223,47000,2.245,1.508,0.989,0.616,2021-2024,4,inner_validation,0.616,5000
2025,2024,204335,Betnijah Laney-Hamilton,8128,8081,16209,4095.2,0.25,-0.029,0.221,47000,-2.033,-1.891,-1.469,-0.674,2021-2024,4,inner_validation,-0.674,5000
2025,2024,203406,Layshia Clarendon,3129,3112,6241,1575.2,0.072,0.116,0.188,47000,4.894,3.888,2.885,1.668,2021-2024,4,inner_validation,1.668,5000
2025,2024,1627674,Kahleah Copper,9859,9860,19719,4959.4,0.349,-0.169,0.18,47000,3.244,2.392,1.663,0.98,2021-2024,4,inner_validation,0.98,5000
2025,2024,203024,Damiris Dantas,2131,2140,4271,1075.7,0.134,0.039,0.173,47000,3.47,2.806,2.125,1.281,2021-2024,4,inner_validation,1.281,5000
2025,2024,1629496,Ezi Magbegor,7697,7707,15404,3863.1,-0.111,0.281,0.17,47000,1.41,1.153,0.897,0.617,2021-2024,4,inner_validation,0.617,5000
2025,2024,202633,Liz Cambage,2623,2615,5238,1279.4,0.093,0.065,0.158,47000,2.872,2.203,1.497,0.777,2021-2024,4,inner_validation,0.777,5000
2025,2024,203029,Riquna Williams,3159,3138,6297,1549.7,0.176,-0.022,0.154,47000,-0.103,-0.552,-0.635,-0.335,2021-2024,4,inner_validation,-0.335,5000
2025,2024,1629479,Teaira McCowan,6807,6788,13595,3462.4,0.5,-0.353,0.147,47000,6.193,5.184,3.948,2.268,2021-2024,4,inner_validation,2.268,5000
2025,2024,201480,Sylvia Fowles,3558,3564,7122,1798.1,0.075,0.061,0.136,47000,2.078,1.871,1.528,0.965,2021-2024,4,inner_validation,0.965,5000
2025,2024,1631055,Nyara Sabally,1406,1407,2813,707.5,-0.038,0.174,0.136,47000,2.772,1.779,1.013,0.48,2021-2024,4,inner_validation,0.48,5000
2025,2024,1629497,Marina Mabrey,8947,8946,17893,4538.7,0.353,-0.226,0.127,47000,3.457,2.946,2.323,1.394,2021-2024,4,inner_validation,1.394,5000
2025,2024,203398,Brittney Griner,6072,6067,12139,3144.9,0.372,-0.251,0.121,47000,5.674,4.595,3.425,1.937,2021-2024,4,inner_validation,1.937,5000
2025,2024,1630093,Bella Alarie,790,794,1584,411.4,-0.031,0.137,0.106,47000,5.551,3.976,2.485,1.122,2021-2024,4,inner_validation,1.122,5000
2025,2024,1630097,Kaila Charles,1102,1110,2212,585.5,-0.047,0.149,0.102,47000,1.121,0.608,0.319,0.2,2021-2024,4,inner_validation,0.2,5000
2025,2024,1630435,Destiny Slocum,376,378,754,187.1,-0.001,0.103,0.102,47000,5.373,3.206,1.823,0.823,2021-2024,4,inner_validation,0.823,5000
2025,2024,203822,Rebekah Gardner,1880,1900,3780,961.8,0.011,0.085,0.096,47000,2.815,1.802,1.081,0.541,2021-2024,4,inner_validation,0.541,5000
2025,2024,1642291,Angel Reese,2175,2170,4345,1103.8,-0.015,0.109,0.094,47000,9.99,7.256,4.631,2.053,2021-2024,4,inner_validation,2.053,5000
2025,2024,203866,Kayla Thornton,7272,7297,14569,3743.0,-0.013,0.101,0.088,47000,-2.52,-2.313,-1.786,-0.854,2021-2024,4,inner_validation,-0.854,5000
2025,2024,204333,Natasha Cloud,9080,9062,18142,4598.6,0.043,0.044,0.087,47000,4.779,3.755,2.718,1.509,2021-2024,4,inner_validation,1.509,5000
2025,2024,1630113,Ruthy Hebard,1899,1910,3809,958.3,-0.003,0.089,0.086,47000,4.813,3.336,1.957,0.782,2021-2024,4,inner_validation,0.782,5000
2025,2024,1627701,Temi Fagbenle,932,934,1866,463.3,0.088,-0.003,0.085,47000,4.684,3.29,2.098,1.019,2021-2024,4,inner_validation,1.019,5000
2025,2024,203026,Tiffany Hayes,5886,5859,11745,3000.6,0.172,-0.093,0.079,47000,2.063,1.317,0.688,0.181,2021-2024,4,inner_validation,0.181,5000
2025,2024,1628317,Karlie Samuelson,3606,3574,7180,1816.0,-0.123,0.184,0.061,47000,5.843,4.394,2.921,1.357,2021-2024,4,inner_validation,1.357,5000
2025,2024,1631002,Nia Clouden,662,672,1334,336.3,-0.057,0.116,0.059,47000,2.807,1.615,0.823,0.328,2021-2024,4,inner_validation,0.328,5000
2025,2024,203855,Stephanie Talbot,3606,3605,7211,1831.3,0.008,0.046,0.054,47000,3.424,2.594,1.725,0.785,2021-2024,4,inner_validation,0.785,5000
2025,2024,203831,Natalie Achonwa,1193,1185,2378,595.8,0.002,0.045,0.047,47000,-0.345,0.095,0.309,0.295,2021-2024,4,inner_validation,0.295,5000
2025,2024,1641648,Aliyah Boston,5042,5036,10078,2549.8,0.456,-0.416,0.04,47000,9.147,7.112,4.958,2.5,2021-2024,4,inner_validation,2.5,5000
2025,2024,1630437,Chelsey Perry,77,79,156,40.1,-0.013,0.052,0.039,47000,3.046,1.665,0.891,0.378,2021-2024,4,inner_validation,0.378,5000
2025,2024,203035,Shey Peddy,4032,4029,8061,2100.2,0.01,0.026,0.036,47000,3.407,2.593,1.794,0.929,2021-2024,4,inner_validation,0.929,5000
2025,2024,1630136,Megan Walker,1139,1132,2271,580.5,-0.047,0.083,0.036,47000,-1.684,-1.015,-0.407,0.03,2021-2024,4,inner_validation,0.03,5000
2025,2024,1641671,Abby Meyers,76,73,149,36.5,0.028,0.005,0.033,47000,2.633,1.373,0.713,0.298,2021-2024,4,inner_validation,0.298,5000
2025,2024,1642320,Jaylyn Sherrod,80,81,161,42.9,0.012,0.019,0.031,47000,1.515,0.94,0.544,0.244,2021-2024,4,inner_validation,0.244,5000
2025,2024,1631044,Naz Hillmon,4241,4234,8475,2158.7,-0.004,0.028,0.024,47000,2.123,1.851,1.455,0.857,2021-2024,4,inner_validation,0.857,5000
2025,2024,1631091,Evina Westbrook,653,654,1307,332.2,0.028,-0.004,0.024,47000,3.145,1.898,1.004,0.372,2021-2024,4,inner_validation,0.372,5000
2025,2024,1642298,Celeste Taylor,693,694,1387,356.4,0.045,-0.025,0.02,47000,1.832,1.077,0.596,0.25,2021-2024,4,inner_validation,0.25,5000
2025,2024,1630151,Olivia Epoupa,229,227,456,116.3,-0.026,0.045,0.019,47000,0.823,0.35,0.156,0.074,2021-2024,4,inner_validation,0.074,5000
2025,2024,1630993,Anneli Maley,83,82,165,44.5,0.002,0.016,0.018,47000,1.53,0.793,0.396,0.156,2021-2024,4,inner_validation,0.156,5000
2025,2024,204355,Blake Dietrick,270,273,543,141.0,-0.018,0.034,0.016,47000,4.006,2.072,0.985,0.337,2021-2024,4,inner_validation,0.337,5000
2025,2024,1641642,Li Meng,1113,1117,2230,553.4,-0.04,0.056,0.016,47000,1.385,0.632,0.303,0.147,2021-2024,4,inner_validation,0.147,5000
2025,2024,1630961,Tina Krajisnik,8,8,16,5.3,0.019,-0.004,0.015,47000,1.198,0.631,0.328,0.134,2021-2024,4,inner_validation,0.134,5000
2025,2024,1631046,Hannah Sjerven,15,14,29,9.0,0.006,0.005,0.011,47000,0.916,0.487,0.254,0.104,2021-2024,4,inner_validation,0.104,5000
2025,2024,1642294,Charisma Osborne,18,20,38,10.0,-0.005,0.014,0.009,47000,1.122,0.544,0.262,0.1,2021-2024,4,inner_validation,0.1,5000
2025,2024,1630440,Chelsea Dungee,121,123,244,64.5,-0.042,0.05,0.008,47000,1.387,0.688,0.316,0.109,2021-2024,4,inner_validation,0.109,5000
2025,2024,1630101,Crystal Dangerfield,5683,5667,11350,2854.6,-0.062,0.069,0.007,47000,-0.554,-0.413,-0.121,0.163,2021-2024,4,inner_validation,0.163,5000
2025,2024,1628508,Cecilia Zandalasini,1146,1154,2300,591.9,-0.002,0.008,0.006,47000,0.469,-0.021,-0.198,-0.142,2021-2024,4,inner_validation,-0.142,5000
2025,2024,204324,Dearica Hamby,8206,8244,16450,4085.1,-0.054,0.059,0.005,47000,1.909,1.458,0.92,0.285,2021-2024,4,inner_validation,0.285,5000
2025,2024,204327,Brittany Boyd-Jones,44,47,91,22.4,-0.012,0.017,0.005,47000,0.38,0.198,0.101,0.041,2021-2024,4,inner_validation,0.041,5000
2025,2024,1642301,Marquesha Davis,162,159,321,83.5,0.001,0.003,0.004,47000,-0.672,-0.288,-0.122,-0.039,2021-2024,4,inner_validation,-0.039,5000
2025,2024,1642534,Ezinne Kalu,56,54,110,27.5,-0.018,0.021,0.003,47000,1.345,0.612,0.265,0.084,2021-2024,4,inner_validation,0.084,5000
2025,2024,1641667,Taylor Soule,111,115,226,57.3,-0.049,0.051,0.002,47000,1.104,0.548,0.247,0.077,2021-2024,4,inner_validation,0.077,5000
2025,2024,1627687,Jillian Alleyne,14,13,27,7.8,-0.009,0.009,0.0,47000,0.273,0.105,0.037,0.008,2021-2024,4,inner_validation,0.008,5000
2025,2024,1629546,Marine Johannes,2810,2803,5613,1442.7,0.028,-0.028,0.0,47000,0.23,-0.125,-0.278,-0.226,2021-2024,4,inner_validation,-0.226,5000
2025,2024,1631062,Khayla Pointer,108,107,215,57.8,-0.02,0.019,-0.001,47000,1.663,0.806,0.359,0.104,2021-2024,4,inner_validation,0.104,5000
2025,2024,1631021,Sika Kone,798,797,1595,412.0,-0.016,0.014,-0.002,47000,1.238,0.768,0.402,0.126,2021-2024,4,inner_validation,0.126,5000
2025,2024,1631072,Elissa Cunane,21,19,40,9.9,-0.007,0.005,-0.002,47000,-0.26,-0.133,-0.066,-0.026,2021-2024,4,inner_validation,-0.026,5000
2025,2024,1631073,Raina Perez,5,4,9,2.3,-0.0,-0.002,-0.002,47000,-0.226,-0.11,-0.055,-0.022,2021-2024,4,inner_validation,-0.022,5000
2025,2024,1630479,Sparkle Taylor,46,47,93,24.5,0.014,-0.017,-0.003,47000,-0.678,-0.298,-0.133,-0.047,2021-2024,4,inner_validation,-0.047,5000
2025,2024,1631081,Katie Benzan,53,54,107,26.8,-0.003,-0.001,-0.004,47000,-0.386,-0.204,-0.099,-0.035,2021-2024,4,inner_validation,-0.035,5000
2025,2024,1627671,Rachel Banham,4093,4080,8173,2055.2,-0.021,0.016,-0.005,47000,1.602,1.089,0.674,0.278,2021-2024,4,inner_validation,0.278,5000
2025,2024,1628304,Yvonne Anderson,197,197,394,100.7,0.012,-0.017,-0.005,47000,-1.196,-0.741,-0.425,-0.174,2021-2024,4,inner_validation,-0.174,5000
2025,2024,1641698,Caitlin Bickle,25,28,53,17.5,-0.014,0.009,-0.005,47000,-0.757,-0.348,-0.161,-0.057,2021-2024,4,inner_validation,-0.057,5000
2025,2024,1628949,Khaalia Hillsman,1,1,2,0.9,-0.002,-0.004,-0.006,47000,-0.556,-0.282,-0.143,-0.058,2021-2024,4,inner_validation,-0.058,5000
2025,2024,1642300,Dyaisha Fair,8,8,16,3.9,0.006,-0.012,-0.006,47000,-0.414,-0.23,-0.127,-0.056,2021-2024,4,inner_validation,-0.056,5000
2025,2024,1630452,Rennia Davis,83,83,166,43.1,0.015,-0.022,-0.007,47000,-0.391,-0.155,-0.061,-0.026,2021-2024,4,inner_validation,-0.026,5000
2025,2024,1641659,Taylor Mikesell,59,56,115,29.2,0.0,-0.01,-0.01,47000,-0.565,-0.318,-0.173,-0.075,2021-2024,4,inner_validation,-0.075,5000
2025,2024,1630110,Haley Gorecki,13,13,26,6.3,-0.013,0.001,-0.012,47000,-1.18,-0.602,-0.303,-0.121,2021-2024,4,inner_validation,-0.121,5000
2025,2024,1642309,Jakia Brown-Turner,16,15,31,8.0,-0.007,-0.005,-0.012,47000,-1.157,-0.572,-0.278,-0.108,2021-2024,4,inner_validation,-0.108,5000
2025,2024,1630118,Stella Johnson,62,63,125,31.2,-0.028,0.015,-0.013,47000,-0.378,-0.257,-0.171,-0.093,2021-2024,4,inner_validation,-0.093,5000
2025,2024,1641675,Dulcy Fankam Mendjiadeu,997,997,1994,505.9,-0.012,-0.002,-0.014,47000,1.721,1.148,0.62,0.183,2021-2024,4,inner_validation,0.183,5000
2025,2024,1642305,Jessika Carter,10,9,19,4.3,-0.013,-0.004,-0.017,47000,-1.547,-0.787,-0.399,-0.162,2021-2024,4,inner_validation,-0.162,5000
2025,2024,1630453,Aleah Goodman,6,6,12,3.2,-0.007,-0.011,-0.018,47000,-1.57,-0.806,-0.41,-0.166,2021-2024,4,inner_validation,-0.166,5000
2025,2024,204332,Cierra Burdick,128,123,251,63.9,-0.031,0.009,-0.022,47000,-2.056,-1.129,-0.587,-0.233,2021-2024,4,inner_validation,-0.233,5000
2025,2024,1630154,Kamiah Smalls,68,69,137,33.9,-0.023,0.001,-0.022,47000,-1.742,-0.963,-0.518,-0.221,2021-2024,4,inner_validation,-0.221,5000
2025,2024,1630385,Shyla Heal,66,63,129,31.5,-0.02,-0.002,-0.022,47000,-0.947,-0.592,-0.356,-0.171,2021-2024,4,inner_validation,-0.171,5000
2025,2024,1630957,Rui Machida,924,920,1844,473.8,-0.08,0.058,-0.022,47000,-2.14,-1.484,-0.851,-0.319,2021-2024,4,inner_validation,-0.319,5000
2025,2024,1628279,Brittney Sykes,7115,7153,14268,3609.0,-0.35,0.318,-0.032,47000,6.046,4.589,3.079,1.4,2021-2024,4,inner_validation,1.4,5000
2025,2024,1641658,Grace Berger,1220,1236,2456,628.0,0.015,-0.048,-0.033,47000,1.411,0.924,0.558,0.225,2021-2024,4,inner_validation,0.225,5000
2025,2024,1641687,Victaria Saxton,149,149,298,78.2,-0.063,0.027,-0.036,47000,-3.512,-1.866,-0.931,-0.352,2021-2024,4,inner_validation,-0.352,5000
2025,2024,1628917,JiSu Park,486,488,974,238.7,0.0,-0.037,-0.037,47000,-6.312,-3.699,-1.942,-0.726,2021-2024,4,inner_validation,-0.726,5000
2025,2024,1630461,Kiana Williams,213,213,426,109.3,-0.069,0.031,-0.038,47000,-1.402,-1.011,-0.655,-0.323,2021-2024,4,inner_validation,-0.323,5000
2025,2024,1630441,Arella Guirantes,658,654,1312,338.4,-0.059,0.017,-0.042,47000,1.423,0.713,0.254,-0.014,2021-2024,4,inner_validation,-0.014,5000
2025,2024,1631141,Jade Melbourne,1667,1664,3331,832.0,-0.126,0.084,-0.042,47000,1.967,1.224,0.606,0.118,2021-2024,4,inner_validation,0.118,5000
2025,2024,1630137,Stephanie Watts,170,175,345,84.0,-0.046,0.003,-0.043,47000,-1.76,-1.26,-0.815,-0.4,2021-2024,4,inner_validation,-0.4,5000
2025,2024,1642299,Nika Muhl,110,112,222,56.9,-0.028,-0.017,-0.045,47000,-2.415,-1.394,-0.796,-0.367,2021-2024,4,inner_validation,-0.367,5000
2025,2024,1629506,Kiara Leslie,175,182,357,86.0,-0.041,-0.007,-0.048,47000,-1.3,-0.869,-0.576,-0.316,2021-2024,4,inner_validation,-0.316,5000
2025,2024,1641641,Robyn Parks,1039,1053,2092,531.1,-0.052,0.002,-0.05,47000,0.626,0.168,-0.085,-0.163,2021-2024,4,inner_validation,-0.163,5000
2025,2024,204325,Crystal Bradford,887,898,1785,440.2,0.016,-0.067,-0.051,47000,2.205,1.251,0.564,0.084,2021-2024,4,inner_validation,0.084,5000
2025,2024,1641670,Madi Williams,96,92,188,46.4,-0.03,-0.023,-0.053,47000,-3.178,-1.788,-0.976,-0.428,2021-2024,4,inner_validation,-0.428,5000
2025,2024,201881,Angel McCoughtry,44,42,86,19.8,-0.036,-0.018,-0.054,47000,-4.182,-2.211,-1.154,-0.483,2021-2024,4,inner_validation,-0.483,5000
2025,2024,1628897,Linnae Harper,154,160,314,77.8,-0.031,-0.027,-0.058,47000,-3.87,-2.287,-1.256,-0.531,2021-2024,4,inner_validation,-0.531,5000
2025,2024,1642286,Caitlin Clark,3014,3012,6026,1492.3,0.2,-0.258,-0.058,47000,1.296,1.138,0.938,0.555,2021-2024,4,inner_validation,0.555,5000
2025,2024,1629492,Beatrice Mompremier,876,879,1755,457.3,-0.107,0.047,-0.06,47000,-2.156,-1.672,-1.16,-0.595,2021-2024,4,inner_validation,-0.595,5000
2025,2024,1641672,Kayana Traylor,67,70,137,34.8,-0.019,-0.043,-0.062,47000,-4.036,-2.288,-1.253,-0.543,2021-2024,4,inner_validation,-0.543,5000
2025,2024,203823,Chiney Ogwumike,1649,1654,3303,824.8,-0.132,0.069,-0.063,47000,1.643,0.959,0.406,0.019,2021-2024,4,inner_validation,0.019,5000
2025,2024,1631029,Jasmine Dickey,380,379,759,182.7,-0.057,-0.006,-0.063,47000,-3.821,-2.494,-1.448,-0.618,2021-2024,4,inner_validation,-0.618,5000
2025,2024,1641651,Jordan Horston,3425,3445,6870,1712.6,-0.141,0.076,-0.065,47000,-1.201,-1.175,-0.943,-0.529,2021-2024,4,inner_validation,-0.529,5000
2025,2024,201919,Shavonte Zellous,872,875,1747,442.5,-0.064,-0.003,-0.067,47000,0.104,-0.085,-0.222,-0.253,2021-2024,4,inner_validation,-0.253,5000
2025,2024,1630120,Stephanie Jones,239,246,485,126.8,-0.085,0.018,-0.067,47000,-6.351,-3.624,-1.932,-0.78,2021-2024,4,inner_validation,-0.78,5000
2025,2024,1630131,Kylee Shook,1155,1159,2314,566.5,-0.155,0.087,-0.068,47000,4.283,2.586,1.24,0.252,2021-2024,4,inner_validation,0.252,5000
2025,2024,201913,Kia Vaughn,1946,1951,3897,984.0,-0.131,0.061,-0.07,47000,-2.597,-1.985,-1.274,-0.54,2021-2024,4,inner_validation,-0.54,5000
2025,2024,1628286,Erica McCall,708,701,1409,355.9,-0.048,-0.023,-0.071,47000,-0.497,-0.529,-0.485,-0.351,2021-2024,4,inner_validation,-0.351,5000
2025,2024,1629566,Xu Han,1181,1182,2363,603.6,-0.123,0.052,-0.071,47000,-0.828,-0.682,-0.471,-0.264,2021-2024,4,inner_validation,-0.264,5000
2025,2024,1630386,Awak Kuier,2043,2051,4094,1031.1,-0.114,0.043,-0.071,47000,-2.294,-1.827,-1.236,-0.573,2021-2024,4,inner_validation,-0.573,5000
2025,2024,1641690,Kadi Sissoko,658,646,1304,336.3,-0.045,-0.026,-0.071,47000,1.974,1.04,0.38,-0.039,2021-2024,4,inner_validation,-0.039,5000
2025,2024,1627700,Julie Allemand,971,976,1947,493.6,-0.017,-0.055,-0.072,47000,-4.583,-3.03,-1.758,-0.745,2021-2024,4,inner_validation,-0.745,5000
2025,2024,1631068,Sam Thomas,287,286,573,142.6,-0.069,-0.003,-0.072,47000,-4.022,-2.424,-1.346,-0.582,2021-2024,4,inner_validation,-0.582,5000
2025,2024,202259,Epiphanny Prince,1813,1810,3623,936.1,-0.185,0.112,-0.073,47000,-1.531,-1.612,-1.383,-0.827,2021-2024,4,inner_validation,-0.827,5000
2025,2024,1642293,Alissa Pili,267,270,537,139.7,-0.05,-0.024,-0.074,47000,-5.221,-3.127,-1.762,-0.763,2021-2024,4,inner_validation,-0.763,5000
2025,2024,1642324,Kate Martin,805,799,1604,394.6,-0.017,-0.058,-0.075,47000,-4.844,-3.49,-2.239,-1.054,2021-2024,4,inner_validation,-1.054,5000
2025,2024,1641654,Stephanie Soares,349,343,692,175.4,-0.042,-0.037,-0.079,47000,-2.265,-1.683,-1.127,-0.58,2021-2024,4,inner_validation,-0.58,5000
2025,2024,202250,Tina Charles,6424,6393,12817,3258.4,0.04,-0.124,-0.084,47000,1.699,1.26,0.782,0.267,2021-2024,4,inner_validation,0.267,5000
2025,2024,1631056,Amy Atwell,176,174,350,92.0,-0.011,-0.074,-0.085,47000,-6.329,-3.593,-1.908,-0.782,2021-2024,4,inner_validation,-0.782,5000
2025,2024,1630127,Leaonna Odom,414,416,830,207.2,-0.086,-0.003,-0.089,47000,0.344,-0.204,-0.429,-0.398,2021-2024,4,inner_validation,-0.398,5000
2025,2024,1641653,Ashley Joens,251,250,501,127.5,-0.025,-0.066,-0.091,47000,-2.722,-1.783,-1.112,-0.569,2021-2024,4,inner_validation,-0.569,5000
2025,2024,201507,Leilani Mitchell,1446,1440,2886,725.0,-0.011,-0.081,-0.092,47000,2.664,1.308,0.361,-0.164,2021-2024,4,inner_validation,-0.164,5000
2025,2024,1628886,Jordin Canada,6575,6567,13142,3332.4,-0.135,0.039,-0.096,47000,3.44,2.26,1.268,0.402,2021-2024,4,inner_validation,0.402,5000
2025,2024,204322,Elizabeth Williams,5343,5369,10712,2722.5,-0.262,0.164,-0.098,47000,4.183,3.043,1.826,0.586,2021-2024,4,inner_validation,0.586,5000
2025,2024,1630150,Chennedy Carter,3082,3099,6181,1531.3,0.048,-0.146,-0.098,47000,2.107,1.588,1.056,0.4,2021-2024,4,inner_validation,0.4,5000
2025,2024,1628287,Jennie Simms,819,808,1627,422.3,-0.099,-0.001,-0.1,47000,-0.174,-0.424,-0.488,-0.401,2021-2024,4,inner_validation,-0.401,5000
2025,2024,1628278,Shatori Walker-Kimbrough,5934,5944,11878,2994.2,-0.219,0.118,-0.101,47000,1.667,0.983,0.457,0.056,2021-2024,4,inner_validation,0.056,5000
2025,2024,1631013,Aisha Sheppard,382,393,775,189.5,-0.013,-0.088,-0.101,47000,-3.607,-2.589,-1.728,-0.89,2021-2024,4,inner_validation,-0.89,5000
2025,2024,1641652,Maddy Siegrist,1952,1965,3917,981.6,0.035,-0.136,-0.101,47000,2.656,1.435,0.524,-0.049,2021-2024,4,inner_validation,-0.049,5000
2025,2024,1631009,Rhyne Howard,6972,6964,13936,3510.4,-0.17,0.068,-0.102,47000,5.24,3.979,2.695,1.236,2021-2024,4,inner_validation,1.236,5000
2025,2024,1630458,Aaliyah Wilson,235,236,471,119.4,-0.056,-0.048,-0.104,47000,-4.664,-2.893,-1.691,-0.783,2021-2024,4,inner_validation,-0.783,5000
2025,2024,1629568,Kennedy Burke,1780,1789,3569,907.6,-0.211,0.104,-0.107,47000,-3.813,-3.304,-2.468,-1.312,2021-2024,4,inner_validation,-1.312,5000
2025,2024,1628273,Kaela Davis,294,292,586,153.6,-0.013,-0.095,-0.108,47000,-3.934,-2.524,-1.519,-0.738,2021-2024,4,inner_validation,-0.738,5000
2025,2024,1628920,Mercedes Russell,4294,4291,8585,2172.5,-0.27,0.162,-0.108,47000,-2.508,-2.168,-1.695,-0.998,2021-2024,4,inner_validation,-0.998,5000
2025,2024,1631032,Lorela Cubaj,666,684,1350,349.2,-0.116,0.008,-0.108,47000,-1.555,-1.43,-1.101,-0.629,2021-2024,4,inner_validation,-0.629,5000
2025,2024,204334,Reshanda Gray,918,921,1839,472.8,-0.015,-0.094,-0.109,47000,-0.299,-0.638,-0.714,-0.549,2021-2024,4,inner_validation,-0.549,5000
2025,2024,1627643,Cyesha Goree,236,236,472,116.4,-0.079,-0.031,-0.11,47000,-7.063,-4.172,-2.304,-0.988,2021-2024,4,inner_validation,-0.988,5000
2025,2024,203829,Bria Hartley,525,520,1045,270.4,-0.08,-0.032,-0.112,47000,-3.155,-2.369,-1.57,-0.786,2021-2024,4,inner_validation,-0.786,5000
2025,2024,204297,Cayla George,638,636,1274,321.3,-0.088,-0.025,-0.113,47000,-3.245,-2.867,-2.135,-1.141,2021-2024,4,inner_validation,-1.141,5000
2025,2024,1630442,Natasha Mack,1313,1322,2635,663.3,-0.069,-0.05,-0.119,47000,0.87,0.033,-0.392,-0.454,2021-2024,4,inner_validation,-0.454,5000
2025,2024,1627678,Bria Holmes,619,630,1249,317.7,-0.096,-0.024,-0.12,47000,-1.07,-1.167,-1.007,-0.655,2021-2024,4,inner_validation,-0.655,5000
2025,2024,1631147,Kianna Smith,224,222,446,112.7,-0.051,-0.075,-0.126,47000,-5.218,-3.475,-2.114,-0.996,2021-2024,4,inner_validation,-0.996,5000
2025,2024,203015,Shekinna Stricklen,471,469,940,235.8,-0.134,0.003,-0.131,47000,-4.071,-2.774,-1.731,-0.861,2021-2024,4,inner_validation,-0.861,5000
2025,2024,203827,Natasha Howard,7536,7542,15078,3803.3,0.422,-0.553,-0.131,47000,4.365,3.305,2.196,0.93,2021-2024,4,inner_validation,0.93,5000
2025,2024,1641656,Laeticia Amihere,497,500,997,242.4,-0.093,-0.039,-0.132,47000,-5.004,-3.405,-2.115,-1.006,2021-2024,4,inner_validation,-1.006,5000
2025,2024,1642287,Cameron Brink,653,652,1305,329.5,-0.102,-0.033,-0.135,47000,-1.786,-1.425,-1.065,-0.67,2021-2024,4,inner_validation,-0.67,5000
2025,2024,1630438,Kysre Gondrezick,380,375,755,189.3,-0.113,-0.023,-0.136,47000,-4.177,-3.057,-1.977,-0.971,2021-2024,4,inner_validation,-0.971,5000
2025,2024,204330,Isabelle Harrison,3873,3883,7756,1961.5,-0.032,-0.105,-0.137,47000,1.315,0.818,0.349,-0.065,2021-2024,4,inner_validation,-0.065,5000
2025,2024,1630100,Lauren Cox,588,589,1177,305.3,-0.168,0.03,-0.138,47000,-3.458,-2.408,-1.56,-0.816,2021-2024,4,inner_validation,-0.816,5000
2025,2024,204320,Amanda Zahui B,1888,1902,3790,967.4,-0.347,0.2,-0.147,47000,0.466,0.019,-0.301,-0.413,2021-2024,4,inner_validation,-0.413,5000
2025,2024,203828,Stefanie Dolson,5706,5674,11380,2874.9,-0.276,0.128,-0.148,47000,2.368,1.581,0.798,0.052,2021-2024,4,inner_validation,0.052,5000
2025,2024,1629485,Kristine Anigwe,569,576,1145,290.6,-0.072,-0.076,-0.148,47000,-4.255,-3.112,-2.066,-1.068,2021-2024,4,inner_validation,-1.068,5000
2025,2024,1642240,Jaelyn Brown,287,281,568,141.1,-0.051,-0.097,-0.148,47000,-7.797,-4.863,-2.789,-1.233,2021-2024,4,inner_validation,-1.233,5000
2025,2024,200676,Candice Dupree,918,922,1840,462.9,-0.115,-0.035,-0.15,47000,-6.979,-4.674,-2.821,-1.293,2021-2024,4,inner_validation,-1.293,5000
2025,2024,202658,Danielle Robinson,4262,4248,8510,2124.2,-0.176,0.026,-0.15,47000,8.4,5.915,3.615,1.369,2021-2024,4,inner_validation,1.369,5000
2025,2024,1630099,Te'a Cooper,1339,1341,2680,682.4,-0.316,0.166,-0.15,47000,-1.146,-1.155,-0.983,-0.66,2021-2024,4,inner_validation,-0.66,5000
2025,2024,1642289,Kamilla Cardoso,1701,1699,3400,875.8,-0.038,-0.112,-0.15,47000,-1.028,-0.547,-0.294,-0.253,2021-2024,4,inner_validation,-0.253,5000
2025,2024,1628268,Alaina Coates,238,242,480,121.0,-0.053,-0.098,-0.151,47000,-6.59,-4.126,-2.449,-1.156,2021-2024,4,inner_validation,-1.156,5000
2025,2024,1641650,Haley Jones,2664,2655,5319,1316.6,-0.22,0.066,-0.154,47000,1.771,0.598,-0.096,-0.347,2021-2024,4,inner_validation,-0.347,5000
2025,2024,1628929,Kristy Wallace,3540,3547,7087,1778.8,-0.134,-0.023,-0.157,47000,1.318,0.811,0.412,0.048,2021-2024,4,inner_validation,0.048,5000
2025,2024,1631263,Nikolina Milic,1757,1761,3518,879.7,-0.026,-0.132,-0.158,47000,-2.085,-1.67,-1.249,-0.783,2021-2024,4,inner_validation,-0.783,5000
2025,2024,1641665,Leigha Brown,261,258,519,135.8,-0.102,-0.063,-0.165,47000,-9.52,-5.759,-3.258,-1.44,2021-2024,4,inner_validation,-1.44,5000
2025,2024,1642210,Julie Vanloo,1852,1833,3685,926.5,-0.053,-0.113,-0.166,47000,0.06,-0.511,-0.723,-0.629,2021-2024,4,inner_validation,-0.629,5000
2025,2024,1642244,Sevgi Uzun,1638,1643,3281,820.2,0.008,-0.175,-0.167,47000,-1.093,-1.275,-1.158,-0.799,2021-2024,4,inner_validation,-0.799,5000
2025,2024,1630043,Bernadett Hatar,296,293,589,153.5,-0.113,-0.058,-0.171,47000,-8.518,-5.281,-3.025,-1.353,2021-2024,4,inner_validation,-1.353,5000
2025,2024,1629481,Arike Ogunbowale,10253,10220,20473,5129.6,0.509,-0.696,-0.187,47000,3.254,2.147,1.159,0.31,2021-2024,4,inner_validation,0.31,5000
2025,2024,1630114,Mikiah Herbert Harrigan,656,670,1326,340.1,-0.107,-0.08,-0.187,47000,-7.506,-5.256,-3.294,-1.561,2021-2024,4,inner_validation,-1.561,5000
2025,2024,1629574,Li Yueru,1264,1252,2516,628.6,-0.148,-0.041,-0.189,47000,-0.708,-0.809,-0.822,-0.692,2021-2024,4,inner_validation,-0.692,5000
2025,2024,1630996,Rae Burrell,1890,1910,3800,944.3,-0.098,-0.094,-0.192,47000,1.305,0.595,0.032,-0.351,2021-2024,4,inner_validation,-0.351,5000
2025,2024,1629476,Asia (AD) Durr,1586,1576,3162,769.5,-0.147,-0.05,-0.197,47000,-2.061,-1.939,-1.545,-0.942,2021-2024,4,inner_validation,-0.942,5000
2025,2024,1641661,Lou Lopez Senechal,252,244,496,125.4,-0.077,-0.12,-0.197,47000,-9.995,-6.254,-3.634,-1.643,2021-2024,4,inner_validation,-1.643,5000
2025,2024,1642290,Aaliyah Edwards,1461,1477,2938,741.2,-0.141,-0.059,-0.2,47000,-3.538,-2.772,-1.998,-1.148,2021-2024,4,inner_validation,-1.148,5000
2025,2024,1641700,Liz Dixon,462,450,912,238.0,-0.142,-0.059,-0.201,47000,-6.794,-4.812,-3.072,-1.511,2021-2024,4,inner_validation,-1.511,5000
2025,2024,1628282,Sydney Wiese,1134,1132,2266,578.5,-0.06,-0.148,-0.208,47000,-4.686,-3.43,-2.357,-1.315,2021-2024,4,inner_validation,-1.315,5000
2025,2024,100940,Diana Taurasi,7036,7043,14079,3533.8,0.173,-0.382,-0.209,47000,0.618,0.338,0.097,-0.133,2021-2024,4,inner_validation,-0.133,5000
2025,2024,203389,Yvonne Turner,703,707,1410,356.2,-0.149,-0.065,-0.214,47000,-2.815,-2.607,-2.096,-1.295,2021-2024,4,inner_validation,-1.295,5000
2025,2024,203403,Tianna Hawkins,3382,3389,6771,1703.9,-0.136,-0.08,-0.216,47000,-2.789,-2.335,-1.774,-1.061,2021-2024,4,inner_validation,-1.061,5000
2025,2024,203838,Astou Ndour-Fall,1004,1005,2009,507.0,-0.258,0.04,-0.218,47000,-6.048,-4.582,-3.158,-1.684,2021-2024,4,inner_validation,-1.684,5000
2025,2024,1628882,Lexie Brown,3527,3529,7056,1778.6,-0.121,-0.102,-0.223,47000,1.979,0.991,0.211,-0.344,2021-2024,4,inner_validation,-0.344,5000
2025,2024,1641657,Dorka Juhasz,3087,3084,6171,1578.4,-0.107,-0.124,-0.231,47000,-4.325,-3.749,-2.948,-1.765,2021-2024,4,inner_validation,-1.765,5000
2025,2024,202641,Sydney Colson,1151,1161,2312,587.2,-0.118,-0.121,-0.239,47000,-5.064,-4.446,-3.444,-1.986,2021-2024,4,inner_validation,-1.986,5000
2025,2024,1628922,Azura Stevens,6208,6229,12437,3161.6,-0.118,-0.121,-0.239,47000,-0.331,-0.675,-0.903,-0.882,2021-2024,4,inner_validation,-0.882,5000
2025,2024,1630387,Iliana Rupert,906,897,1803,444.6,-0.059,-0.185,-0.244,47000,-10.301,-7.403,-4.74,-2.255,2021-2024,4,inner_validation,-2.255,5000
2025,2024,201911,Kristi Toliver,1670,1679,3349,842.1,-0.256,0.008,-0.248,47000,-3.785,-3.202,-2.433,-1.441,2021-2024,4,inner_validation,-1.441,5000
2025,2024,1630139,Jocelyn Willoughby,655,657,1312,334.6,-0.25,0.001,-0.249,47000,-11.528,-7.902,-4.853,-2.24,2021-2024,4,inner_validation,-2.24,5000
2025,2024,1630462,Aari McDonald,5086,5078,10164,2538.2,-0.26,0.006,-0.254,47000,3.696,2.471,1.317,0.214,2021-2024,4,inner_validation,0.214,5000
2025,2024,1629571,Morgan Bertsch,1001,996,1997,502.9,-0.185,-0.078,-0.263,47000,-5.252,-4.423,-3.287,-1.845,2021-2024,4,inner_validation,-1.845,5000
2025,2024,1631086,Lexie Hull,3341,3347,6688,1684.2,0.085,-0.35,-0.265,47000,-0.61,-0.594,-0.508,-0.443,2021-2024,4,inner_validation,-0.443,5000
2025,2024,1627672,Aerial Powers,3595,3599,7194,1796.6,-0.109,-0.161,-0.27,47000,0.497,-0.306,-0.804,-0.912,2021-2024,4,inner_validation,-0.912,5000
2025,2024,1631006,Kierstan Bell,1315,1325,2640,660.1,-0.174,-0.1,-0.274,47000,-9.151,-7.25,-5.13,-2.687,2021-2024,4,inner_validation,-2.687,5000
2025,2024,1641649,Diamond Miller,2220,2218,4438,1119.8,-0.214,-0.061,-0.275,47000,-3.356,-3.201,-2.674,-1.708,2021-2024,4,inner_validation,-1.708,5000
2025,2024,1641602,Ivana Dojkić,1473,1465,2938,726.4,-0.13,-0.151,-0.281,47000,-5.12,-4.368,-3.345,-1.969,2021-2024,4,inner_validation,-1.969,5000
2025,2024,203849,Theresa Plaisance,1964,1973,3937,979.3,-0.192,-0.091,-0.283,47000,-4.11,-3.878,-3.225,-2.019,2021-2024,4,inner_validation,-2.019,5000
2025,2024,1630454,Charli Collier,828,824,1652,423.8,-0.117,-0.166,-0.283,47000,-9.719,-6.93,-4.442,-2.174,2021-2024,4,inner_validation,-2.174,5000
2025,2024,1628244,Sami Whitcomb,6494,6493,12987,3253.3,-0.317,0.03,-0.287,47000,2.832,1.866,0.883,-0.098,2021-2024,4,inner_validation,-0.098,5000
2025,2024,1630444,Jasmine Walker,598,599,1197,300.7,-0.147,-0.141,-0.288,47000,-12.154,-8.159,-4.935,-2.291,2021-2024,4,inner_validation,-2.291,5000
2025,2024,1630459,DiDi Richards,1436,1450,2886,727.8,-0.264,-0.024,-0.288,47000,-3.54,-2.956,-2.28,-1.44,2021-2024,4,inner_validation,-1.44,5000
2025,2024,1630119,Jazmine Jones,999,1000,1999,497.6,-0.238,-0.052,-0.29,47000,-5.491,-4.262,-3.065,-1.769,2021-2024,4,inner_validation,-1.769,5000
2025,2024,1631135,Olivia Nelson-Ododa,3139,3136,6275,1633.0,-0.31,0.019,-0.291,47000,-3.697,-3.638,-3.114,-2.02,2021-2024,4,inner_validation,-2.02,5000
2025,2024,1628263,Lindsay Allen,4613,4603,9216,2352.9,-0.05,-0.251,-0.301,47000,2.785,1.574,0.588,-0.208,2021-2024,4,inner_validation,-0.208,5000
2025,2024,204296,Rebecca Allen,5313,5340,10653,2697.5,-0.219,-0.085,-0.304,47000,0.235,-0.248,-0.629,-0.846,2021-2024,4,inner_validation,-0.846,5000
2025,2024,1628242,Emma Cannon,1891,1901,3792,953.2,-0.161,-0.147,-0.308,47000,-2.358,-2.105,-1.779,-1.263,2021-2024,4,inner_validation,-1.263,5000
2025,2024,1641660,Zia Cooke,1603,1630,3233,806.3,-0.27,-0.044,-0.314,47000,-6.861,-5.459,-3.849,-2.066,2021-2024,4,inner_validation,-2.066,5000
2025,2024,1630471,Maya Caldwell,1848,1838,3686,941.1,-0.207,-0.108,-0.315,47000,-3.741,-3.369,-2.68,-1.647,2021-2024,4,inner_validation,-1.647,5000
2025,2024,202638,Jessica Breland,1057,1068,2125,543.9,-0.198,-0.12,-0.318,47000,-8.556,-6.154,-3.982,-2.007,2021-2024,4,inner_validation,-2.007,5000
2025,2024,1631031,Queen Egbo,2480,2475,4955,1236.0,-0.252,-0.084,-0.336,47000,0.065,-0.267,-0.611,-0.821,2021-2024,4,inner_validation,-0.821,5000
2025,2024,1628899,Myisha Hines-Allen,5265,5273,10538,2691.4,-0.154,-0.184,-0.338,47000,-2.557,-2.52,-2.242,-1.568,2021-2024,4,inner_validation,-1.568,5000
2025,2024,1629484,Megan Gustafson,2807,2811,5618,1422.3,-0.043,-0.301,-0.344,47000,-1.926,-2.197,-2.167,-1.675,2021-2024,4,inner_validation,-1.675,5000
2025,2024,1629482,Sophie Cunningham,7033,7030,14063,3622.9,0.066,-0.415,-0.349,47000,1.059,0.467,-0.092,-0.531,2021-2024,4,inner_validation,-0.531,5000
2025,2024,1629488,Brianna Turner,7473,7480,14953,3872.5,-0.106,-0.247,-0.353,47000,-0.594,-0.702,-0.703,-0.644,2021-2024,4,inner_validation,-0.644,5000
2025,2024,1628881,Monique Billings,5412,5438,10850,2710.8,-0.291,-0.064,-0.355,47000,0.267,-0.056,-0.41,-0.699,2021-2024,4,inner_validation,-0.699,5000
2025,2024,1630115,Joyner Holmes,1697,1720,3417,850.8,-0.23,-0.125,-0.355,47000,-9.472,-7.463,-5.264,-2.792,2021-2024,4,inner_validation,-2.792,5000
2025,2024,1629480,Kalani Brown,2207,2195,4402,1088.0,-0.029,-0.333,-0.362,47000,-5.106,-4.506,-3.548,-2.148,2021-2024,4,inner_validation,-2.148,5000
2025,2024,1629478,Katie Lou Samuelson,4441,4415,8856,2205.3,-0.038,-0.33,-0.368,47000,-3.084,-2.995,-2.586,-1.745,2021-2024,4,inner_validation,-1.745,5000
2025,2024,1629491,Jessica Shepard,3422,3420,6842,1736.0,-0.162,-0.207,-0.369,47000,-2.882,-2.676,-2.323,-1.683,2021-2024,4,inner_validation,-1.683,5000
2025,2024,204365,Erica Wheeler,6586,6638,13224,3391.9,-0.382,-0.013,-0.395,47000,2.031,1.223,0.483,-0.218,2021-2024,4,inner_validation,-0.218,5000
2025,2024,1631083,Emily Engstler,2374,2375,4749,1194.7,-0.176,-0.22,-0.396,47000,-2.606,-2.253,-1.91,-1.45,2021-2024,4,inner_validation,-1.45,5000
2025,2024,1642288,Rickea Jackson,2303,2294,4597,1152.0,-0.244,-0.177,-0.421,47000,-0.022,-0.776,-1.247,-1.34,2021-2024,4,inner_validation,-1.34,5000
2025,2024,1642292,Jacy Sheldon,1874,1877,3751,931.0,-0.018,-0.404,-0.422,47000,-6.7,-5.763,-4.367,-2.547,2021-2024,4,inner_validation,-2.547,5000
2025,2024,1631089,Destanni Henderson,1807,1811,3618,893.8,-0.175,-0.248,-0.423,47000,-1.057,-1.824,-2.075,-1.727,2021-2024,4,inner_validation,-1.727,5000
2025,2024,1628269,Nia Coffey,4728,4752,9480,2376.9,-0.628,0.202,-0.426,47000,-1.558,-1.633,-1.616,-1.354,2021-2024,4,inner_validation,-1.354,5000
2025,2024,1628915,Kia Nurse,5059,5042,10101,2565.9,-0.104,-0.322,-0.426,47000,-1.182,-1.55,-1.708,-1.494,2021-2024,4,inner_validation,-1.494,5000
2025,2024,202650,Jantel Lavender,1718,1719,3437,867.4,-0.307,-0.126,-0.433,47000,-8.215,-6.628,-4.814,-2.704,2021-2024,4,inner_validation,-2.704,5000
2025,2024,203824,Odyssey Sims,4376,4379,8755,2192.4,-0.138,-0.354,-0.492,47000,-0.934,-1.306,-1.594,-1.609,2021-2024,4,inner_validation,-1.609,5000
2025,2024,204323,Cheyenne Parker-Tyus,5694,5654,11348,2822.2,-0.319,-0.176,-0.495,47000,-2.559,-2.319,-1.999,-1.512,2021-2024,4,inner_validation,-1.512,5000
2025,2024,1628890,Diamond DeShields,4518,4527,9045,2271.5,-0.47,-0.025,-0.495,47000,-3.426,-3.511,-3.231,-2.384,2021-2024,4,inner_validation,-2.384,5000
2025,2024,1630134,Sug Sutton,2775,2785,5560,1430.2,-0.146,-0.351,-0.497,47000,-3.637,-3.551,-3.103,-2.188,2021-2024,4,inner_validation,-2.188,5000
2025,2024,1630389,Dana Evans,4514,4538,9052,2311.3,-0.368,-0.217,-0.585,47000,-6.337,-5.537,-4.472,-2.957,2021-2024,4,inner_validation,-2.957,5000
2025,2024,1630446,Michaela Onyenwere,5544,5583,11127,2807.5,-0.338,-0.255,-0.593,47000,0.277,-0.166,-0.666,-1.156,2021-2024,4,inner_validation,-1.156,5000
2025,2024,1631019,NaLyssa Smith,5733,5733,11466,2870.3,-0.018,-0.605,-0.623,47000,-1.56,-1.409,-1.317,-1.254,2021-2024,4,inner_validation,-1.254,5000
2025,2024,1627669,Moriah Jefferson,4813,4798,9611,2491.0,-0.124,-0.508,-0.632,47000,-0.304,-1.126,-1.726,-1.905,2021-2024,4,inner_validation,-1.905,5000
2025,2024,1627676,Tiffany Mitchell,4971,4966,9937,2538.3,-0.477,-0.211,-0.688,47000,-1.418,-2.101,-2.502,-2.355,2021-2024,4,inner_validation,-2.355,5000
2025,2024,1628927,Victoria Vivians,5415,5415,10830,2727.0,-0.379,-0.369,-0.748,47000,-3.516,-3.444,-3.131,-2.444,2021-2024,4,inner_validation,-2.444,5000
2025,2024,1628909,Kelsey Mitchell,9488,9496,18984,4774.0,0.064,-0.884,-0.82,47000,2.001,1.117,0.229,-0.724,2021-2024,4,inner_validation,-0.724,5000
2026,2025,1628932,A'ja Wilson,14762,14768,29530,7365.9,1.184,0.446,1.63,68000,9.877,8.776,7.468,5.68,2021-2025,5,inner_validation,5.68,5000
2026,2025,1627673,Jonquel Jones,11617,11537,23154,5980.8,0.813,0.73,1.543,68000,10.298,9.198,7.899,6.052,2021-2025,5,inner_validation,6.052,5000
2026,2025,1627668,Breanna Stewart,13135,13127,26262,6652.2,0.917,0.528,1.445,68000,12.73,11.285,9.511,6.909,2021-2025,5,inner_validation,6.909,5000
2026,2025,1629498,Jackie Young,14693,14693,29386,7336.3,1.127,0.306,1.433,68000,4.272,4.096,3.993,3.718,2021-2025,5,inner_validation,3.718,5000
2026,2025,203833,Chelsea Gray,13399,13377,26776,6709.0,1.067,0.318,1.385,68000,7.326,6.601,5.784,4.566,2021-2025,5,inner_validation,4.566,5000
2026,2025,1628276,Kelsey Plum,13881,13865,27746,6914.9,1.155,0.066,1.221,68000,8.724,7.615,6.401,4.727,2021-2025,5,inner_validation,4.727,5000
2026,2025,1628280,Brionna Jones,9895,9893,19788,5134.1,0.465,0.714,1.179,68000,8.798,7.792,6.619,4.991,2021-2025,5,inner_validation,4.991,5000
2026,2025,201886,DeWanna Bonner,12724,12676,25400,6564.9,0.393,0.673,1.066,68000,5.371,4.947,4.504,3.759,2021-2025,5,inner_validation,3.759,5000
2026,2025,203826,Alyssa Thomas,12898,12861,25759,6592.2,0.418,0.555,0.973,68000,7.522,6.78,5.763,4.228,2021-2025,5,inner_validation,4.228,5000
2026,2025,202664,Courtney Vandersloot,9801,9785,19586,4948.2,0.437,0.479,0.916,68000,4.944,4.567,4.244,3.648,2021-2025,5,inner_validation,3.648,5000
2026,2025,1629483,Napheesa Collier,10495,10490,20985,5360.0,0.463,0.343,0.806,68000,8.438,7.35,6.065,4.276,2021-2025,5,inner_validation,4.276,5000
2026,2025,203400,Skylar Diggins,10233,10214,20447,5217.8,0.447,0.317,0.764,68000,12.932,11.155,9.036,6.034,2021-2025,5,inner_validation,6.034,5000
2026,2025,1629567,Natisha Hiedeman,9482,9482,18964,4888.0,0.44,0.318,0.758,68000,3.483,3.005,2.647,2.256,2021-2025,5,inner_validation,2.256,5000
2026,2025,201496,Candace Parker,4995,4989,9984,2503.9,0.302,0.419,0.721,68000,9.9,8.752,7.203,4.869,2021-2025,5,inner_validation,4.869,5000
2026,2025,1629524,Bridget Carleton,9466,9454,18920,4852.8,0.19,0.482,0.672,68000,4.158,3.783,3.42,2.811,2021-2025,5,inner_validation,2.811,5000
2026,2025,203825,Kayla McBride,12571,12580,25151,6408.8,0.393,0.241,0.634,68000,7.286,6.314,5.142,3.494,2021-2025,5,inner_validation,3.494,5000
2026,2025,204319,Jewell Loyd,13072,13038,26110,6553.7,0.32,0.297,0.617,68000,8.78,7.241,5.585,3.556,2021-2025,5,inner_validation,3.556,5000
2026,2025,1627675,Courtney Williams,12813,12803,25616,6513.7,0.22,0.386,0.606,68000,2.756,2.35,2.072,1.82,2021-2025,5,inner_validation,1.82,5000
2026,2025,1630142,Leonie Fiebich,4523,4503,9026,2309.7,0.271,0.321,0.592,68000,6.752,5.746,4.612,3.123,2021-2025,5,inner_validation,3.123,5000
2026,2025,1629501,Alanna Smith,7659,7698,15357,3932.6,0.313,0.27,0.583,68000,5.54,4.832,4.034,2.93,2021-2025,5,inner_validation,2.93,5000
2026,2025,1629477,Sabrina Ionescu,12952,12926,25878,6586.4,0.566,-0.024,0.542,68000,2.384,1.982,1.657,1.35,2021-2025,5,inner_validation,1.35,5000
2026,2025,201516,Allie Quigley,4142,4134,8276,2089.2,0.303,0.174,0.477,68000,8.009,6.856,5.483,3.577,2021-2025,5,inner_validation,3.577,5000
2026,2025,1628277,Allisha Gray,12095,12088,24183,6181.3,0.281,0.159,0.44,68000,6.142,5.53,4.76,3.454,2021-2025,5,inner_validation,3.454,5000
2026,2025,203399,Elena Delle Donne,2952,2946,5898,1518.0,0.195,0.229,0.424,68000,10.345,8.656,6.659,4.063,2021-2025,5,inner_validation,4.063,5000
2026,2025,1628931,Gabby Williams,6356,6368,12724,3212.7,0.202,0.216,0.418,68000,3.342,2.815,2.437,1.995,2021-2025,5,inner_validation,1.995,5000
2026,2025,1630149,Satou Sabally,8048,8068,16116,4033.3,0.494,-0.097,0.397,68000,7.724,6.663,5.416,3.623,2021-2025,5,inner_validation,3.623,5000
2026,2025,1631044,Naz Hillmon,6599,6575,13174,3382.0,0.22,0.171,0.391,68000,5.824,5.019,4.09,2.801,2021-2025,5,inner_validation,2.801,5000
2026,2025,1631007,Veronica Burton,6007,5993,12000,3131.9,0.205,0.163,0.368,68000,7.99,6.699,5.261,3.335,2021-2025,5,inner_validation,3.335,5000
2026,2025,202252,Alysha Clark,7582,7596,15178,3865.4,0.039,0.288,0.327,68000,0.671,0.399,0.308,0.429,2021-2025,5,inner_validation,0.429,5000
2026,2025,203416,Emma Meesseman,3436,3442,6878,1746.7,0.23,0.083,0.313,68000,2.864,2.535,2.208,1.699,2021-2025,5,inner_validation,1.699,5000
2026,2025,100720,Sue Bird,3766,3742,7508,1900.4,0.215,0.078,0.293,68000,2.43,2.412,2.248,1.723,2021-2025,5,inner_validation,1.723,5000
2026,2025,203014,Nneka Ogwumike,10853,10808,21661,5459.2,0.006,0.27,0.276,68000,3.141,2.913,2.559,1.899,2021-2025,5,inner_validation,1.899,5000
2026,2025,202662,Jasmine Thomas,2941,2929,5870,1542.9,-0.01,0.278,0.268,68000,1.005,1.015,1.011,0.907,2021-2025,5,inner_validation,0.907,5000
2026,2025,1641648,Aliyah Boston,8145,8141,16286,4128.3,0.488,-0.224,0.264,68000,9.002,7.618,5.962,3.712,2021-2025,5,inner_validation,3.712,5000
2026,2025,1627674,Kahleah Copper,12078,12085,24163,6087.9,0.329,-0.079,0.25,68000,3.404,2.736,2.158,1.533,2021-2025,5,inner_validation,1.533,5000
2026,2025,204329,Kiah Stokes,6945,7009,13954,3546.0,0.063,0.179,0.242,68000,-0.026,-0.429,-0.678,-0.54,2021-2025,5,inner_validation,-0.54,5000
2026,2025,201896,Briann January,3093,3116,6209,1631.1,0.007,0.219,0.226,68000,1.376,1.027,0.782,0.626,2021-2025,5,inner_validation,0.626,5000
2026,2025,1630096,DiJonai Carrington,7343,7370,14713,3755.1,-0.064,0.285,0.221,68000,-0.977,-0.914,-0.637,-0.152,2021-2025,5,inner_validation,-0.152,5000
2026,2025,1630112,Tyasha Harris,6215,6224,12439,3244.5,0.081,0.127,0.208,68000,2.883,2.096,1.488,0.962,2021-2025,5,inner_validation,0.962,5000
2026,2025,204335,Betnijah Laney-Hamilton,8128,8081,16209,4095.2,0.179,0.02,0.199,68000,-1.554,-1.406,-1.071,-0.472,2021-2025,5,inner_validation,-0.472,5000
2026,2025,204333,Natasha Cloud,11662,11642,23304,5892.2,0.053,0.13,0.183,68000,3.669,3.028,2.404,1.629,2021-2025,5,inner_validation,1.629,5000
2026,2025,1642804,Te-Hina Paopao,1455,1437,2892,749.4,0.145,0.034,0.179,68000,1.539,1.279,1.113,0.888,2021-2025,5,inner_validation,0.888,5000
2026,2025,1629496,Ezi Magbegor,10188,10215,20403,5139.6,-0.094,0.272,0.178,68000,0.52,0.371,0.323,0.393,2021-2025,5,inner_validation,0.393,5000
2026,2025,203026,Tiffany Hayes,7191,7168,14359,3700.3,0.147,0.024,0.171,68000,3.472,2.709,1.943,1.065,2021-2025,5,inner_validation,1.065,5000
2026,2025,1642777,Monique Akoa Makani,2232,2239,4471,1149.1,0.068,0.103,0.171,68000,2.938,2.372,1.825,1.184,2021-2025,5,inner_validation,1.184,5000
2026,2025,1628886,Jordin Canada,8252,8253,16505,4196.6,-0.031,0.184,0.153,68000,4.123,3.161,2.282,1.354,2021-2025,5,inner_validation,1.354,5000
2026,2025,203827,Natasha Howard,10012,10036,20048,5058.9,0.458,-0.308,0.15,68000,6.364,5.313,4.129,2.557,2021-2025,5,inner_validation,2.557,5000
2026,2025,203866,Kayla Thornton,8544,8578,17122,4405.4,-0.01,0.151,0.141,68000,-0.361,-0.46,-0.369,-0.047,2021-2025,5,inner_validation,-0.047,5000
2026,2025,203822,Rebekah Gardner,2879,2916,5795,1478.9,0.004,0.128,0.132,68000,1.62,1.311,1.043,0.718,2021-2025,5,inner_validation,0.718,5000
2026,2025,203029,Riquna Williams,3159,3138,6297,1549.7,0.119,0.011,0.13,68000,-1.916,-1.764,-1.341,-0.615,2021-2025,5,inner_validation,-0.615,5000
2026,2025,203406,Layshia Clarendon,3129,3112,6241,1575.2,0.023,0.099,0.122,68000,4.867,3.908,2.905,1.664,2021-2025,5,inner_validation,1.664,5000
2026,2025,1628926,Maria Kliundikova,822,825,1647,423.8,0.056,0.062,0.118,68000,6.279,4.224,2.531,1.157,2021-2025,5,inner_validation,1.157,5000
2026,2025,202633,Liz Cambage,2623,2615,5238,1279.4,0.054,0.061,0.115,68000,2.333,1.701,1.097,0.559,2021-2025,5,inner_validation,0.559,5000
2026,2025,1628317,Karlie Samuelson,4040,4010,8050,2043.7,-0.082,0.197,0.115,68000,5.907,4.618,3.267,1.737,2021-2025,5,inner_validation,1.737,5000
2026,2025,1631022,Shakira Austin,4636,4635,9271,2382.4,-0.106,0.219,0.113,68000,2.683,2.452,2.137,1.498,2021-2025,5,inner_validation,1.498,5000
2026,2025,1630097,Kaila Charles,2341,2364,4705,1246.9,-0.003,0.113,0.11,68000,3.924,2.954,2.006,1.02,2021-2025,5,inner_validation,1.02,5000
2026,2025,1628957,Kathryn Westbeld,1847,1854,3701,920.0,-0.009,0.111,0.102,68000,3.127,2.111,1.35,0.743,2021-2025,5,inner_validation,0.743,5000
2026,2025,203398,Brittney Griner,7709,7699,15408,3986.7,0.307,-0.208,0.099,68000,3.902,3.24,2.525,1.589,2021-2025,5,inner_validation,1.589,5000
2026,2025,1631055,Nyara Sabally,2031,2035,4066,1019.4,-0.033,0.126,0.093,68000,2.245,1.412,0.757,0.315,2021-2025,5,inner_validation,0.315,5000
2026,2025,1631009,Rhyne Howard,9392,9372,18764,4766.1,-0.038,0.13,0.092,68000,3.465,2.844,2.196,1.355,2021-2025,5,inner_validation,1.355,5000
2026,2025,1642304,Carla Leite,1242,1238,2480,652.8,-0.025,0.11,0.085,68000,8.164,5.513,3.282,1.408,2021-2025,5,inner_validation,1.408,5000
2026,2025,201480,Sylvia Fowles,3558,3564,7122,1798.1,0.028,0.051,0.079,68000,1.828,1.617,1.309,0.814,2021-2025,5,inner_validation,0.814,5000
2026,2025,1630093,Bella Alarie,790,794,1584,411.4,-0.024,0.097,0.073,68000,5.606,4.019,2.514,1.14,2021-2025,5,inner_validation,1.14,5000
2026,2025,1630435,Destiny Slocum,376,378,754,187.1,-0.003,0.075,0.072,68000,5.174,3.048,1.722,0.784,2021-2025,5,inner_validation,0.784,5000
2026,2025,1631086,Lexie Hull,6199,6205,12404,3141.0,0.218,-0.151,0.067,68000,2.705,2.252,1.854,1.297,2021-2025,5,inner_validation,1.297,5000
2026,2025,1629546,Marine Johannes,4420,4412,8832,2255.9,0.112,-0.048,0.064,68000,-0.4,-0.6,-0.582,-0.323,2021-2025,5,inner_validation,-0.323,5000
2026,2025,1630113,Ruthy Hebard,1899,1910,3809,958.3,-0.012,0.076,0.064,68000,3.529,2.582,1.623,0.721,2021-2025,5,inner_validation,0.721,5000
2026,2025,1627701,Temi Fagbenle,2699,2695,5394,1408.3,0.01,0.05,0.06,68000,4.663,3.662,2.548,1.285,2021-2025,5,inner_validation,1.285,5000
2026,2025,1630442,Natasha Mack,2809,2826,5635,1439.5,0.011,0.049,0.06,68000,3.256,2.244,1.398,0.671,2021-2025,5,inner_validation,0.671,5000
2026,2025,1628878,Ariel Atkins,9764,9746,19510,4978.3,0.091,-0.045,0.046,68000,6.708,5.72,4.514,2.729,2021-2025,5,inner_validation,2.729,5000
2026,2025,204324,Dearica Hamby,10955,10971,21926,5459.4,0.14,-0.096,0.044,68000,3.531,2.921,2.142,1.087,2021-2025,5,inner_validation,1.087,5000
2026,2025,1631002,Nia Clouden,662,672,1334,336.3,-0.044,0.087,0.043,68000,3.082,1.737,0.849,0.31,2021-2025,5,inner_validation,0.31,5000
2026,2025,1642303,Leila Lacan,1296,1286,2582,665.0,0.002,0.038,0.04,68000,9.262,6.565,4.059,1.711,2021-2025,5,inner_validation,1.711,5000
2026,2025,1629479,Teaira McCowan,7254,7231,14485,3681.3,0.324,-0.291,0.033,68000,4.394,3.726,2.933,1.788,2021-2025,5,inner_validation,1.788,5000
2026,2025,1642797,Anastasiia Olairi Kosu,165,164,329,86.9,0.007,0.026,0.033,68000,2.161,1.328,0.772,0.354,2021-2025,5,inner_validation,0.354,5000
2026,2025,203024,Damiris Dantas,3006,3005,6011,1514.2,0.059,-0.027,0.032,68000,0.983,0.622,0.381,0.238,2021-2025,5,inner_validation,0.238,5000
2026,2025,1642286,Caitlin Clark,3840,3832,7672,1895.9,0.204,-0.174,0.03,68000,1.023,0.867,0.788,0.634,2021-2025,5,inner_validation,0.634,5000
2026,2025,1628508,Cecilia Zandalasini,2104,2110,4214,1103.6,0.002,0.027,0.029,68000,1.086,0.688,0.402,0.192,2021-2025,5,inner_validation,0.192,5000
2026,2025,203831,Natalie Achonwa,1193,1185,2378,595.8,-0.008,0.036,0.028,68000,-0.038,0.228,0.339,0.276,2021-2025,5,inner_validation,0.276,5000
2026,2025,1630437,Chelsey Perry,77,79,156,40.1,-0.01,0.036,0.026,68000,3.314,1.777,0.93,0.385,2021-2025,5,inner_validation,0.385,5000
2026,2025,1630136,Megan Walker,1139,1132,2271,580.5,-0.039,0.063,0.024,68000,-1.191,-0.646,-0.19,0.096,2021-2025,5,inner_validation,0.096,5000
2026,2025,1641671,Abby Meyers,76,73,149,36.5,0.019,0.004,0.023,68000,2.552,1.342,0.704,0.298,2021-2025,5,inner_validation,0.298,5000
2026,2025,1642788,Bree Hall,44,45,89,25.4,0.003,0.016,0.019,68000,1.782,0.966,0.517,0.225,2021-2025,5,inner_validation,0.225,5000
2026,2025,1627700,Julie Allemand,2904,2900,5804,1456.9,0.17,-0.152,0.018,68000,2.856,2.019,1.303,0.609,2021-2025,5,inner_validation,0.609,5000
2026,2025,1628304,Yvonne Anderson,219,219,438,113.1,0.014,0.003,0.017,68000,-0.058,-0.011,0.012,0.029,2021-2025,5,inner_validation,0.029,5000
2026,2025,1631091,Evina Westbrook,653,654,1307,332.2,0.015,0.001,0.016,68000,2.959,1.815,0.984,0.38,2021-2025,5,inner_validation,0.38,5000
2026,2025,1642768,Kyara Linskens,55,57,112,26.8,-0.003,0.018,0.015,68000,1.351,0.804,0.455,0.199,2021-2025,5,inner_validation,0.199,5000
2026,2025,1630993,Anneli Maley,83,82,165,44.5,0.001,0.012,0.013,68000,1.722,0.901,0.452,0.175,2021-2025,5,inner_validation,0.175,5000
2026,2025,1641642,Li Meng,1113,1117,2230,553.4,-0.033,0.046,0.013,68000,1.417,0.642,0.306,0.162,2021-2025,5,inner_validation,0.162,5000
2026,2025,1642298,Celeste Taylor,693,694,1387,356.4,0.028,-0.015,0.013,68000,1.958,1.084,0.56,0.218,2021-2025,5,inner_validation,0.218,5000
2026,2025,1631064,Chloe Bibby,317,311,628,153.8,0.013,-0.001,0.012,68000,0.467,0.202,0.088,0.048,2021-2025,5,inner_validation,0.048,5000
2026,2025,1630151,Olivia Epoupa,229,227,456,116.3,-0.021,0.032,0.011,68000,0.467,0.16,0.048,0.021,2021-2025,5,inner_validation,0.021,5000
2026,2025,1630961,Tina Krajisnik,8,8,16,5.3,0.013,-0.003,0.01,68000,1.187,0.63,0.328,0.135,2021-2025,5,inner_validation,0.135,5000
2026,2025,204355,Blake Dietrick,270,273,543,141.0,-0.015,0.024,0.009,68000,3.961,2.04,0.959,0.322,2021-2025,5,inner_validation,0.322,5000
2026,2025,1631046,Hannah Sjerven,15,14,29,9.0,0.004,0.003,0.007,68000,0.936,0.5,0.261,0.106,2021-2025,5,inner_validation,0.106,5000
2026,2025,1642294,Charisma Osborne,18,20,38,10.0,-0.003,0.01,0.007,68000,1.158,0.558,0.268,0.102,2021-2025,5,inner_validation,0.102,5000
2026,2025,1642796,Rayah Marshall,177,172,349,90.1,-0.014,0.021,0.007,68000,1.553,0.918,0.502,0.201,2021-2025,5,inner_validation,0.201,5000
2026,2025,1628297,Alexis Prince,43,43,86,22.1,-0.009,0.014,0.005,68000,0.89,0.453,0.221,0.082,2021-2025,5,inner_validation,0.082,5000
2026,2025,1630440,Chelsea Dungee,121,123,244,64.5,-0.03,0.035,0.005,68000,1.375,0.7,0.328,0.114,2021-2025,5,inner_validation,0.114,5000
2026,2025,204327,Brittany Boyd-Jones,44,47,91,22.4,-0.008,0.012,0.004,68000,0.516,0.246,0.117,0.045,2021-2025,5,inner_validation,0.045,5000
2026,2025,1642815,Makayla Timpson,512,515,1027,269.8,-0.017,0.021,0.004,68000,-0.58,-0.415,-0.234,-0.064,2021-2025,5,inner_validation,-0.064,5000
2026,2025,1641667,Taylor Soule,111,115,226,57.3,-0.034,0.036,0.002,68000,0.771,0.392,0.186,0.065,2021-2025,5,inner_validation,0.065,5000
2026,2025,1642534,Ezinne Kalu,56,54,110,27.5,-0.013,0.015,0.002,68000,1.084,0.532,0.246,0.083,2021-2025,5,inner_validation,0.083,5000
2026,2025,1642344,Camryn Taylor,47,46,93,26.4,-0.005,0.006,0.001,68000,-0.026,0.008,0.014,0.008,2021-2025,5,inner_validation,0.008,5000
2026,2025,1627687,Jillian Alleyne,14,13,27,7.8,-0.006,0.006,0.0,68000,0.23,0.09,0.034,0.008,2021-2025,5,inner_validation,0.008,5000
2026,2025,1643154,Kyra Lambert,1,1,2,0.1,-0.002,0.002,0.0,68000,0.027,0.01,0.003,0.0,2021-2025,5,inner_validation,0.0,5000
2026,2025,1631073,Raina Perez,5,4,9,2.3,-0.0,-0.001,-0.001,68000,-0.249,-0.12,-0.059,-0.023,2021-2025,5,inner_validation,-0.023,5000
2026,2025,1630479,Sparkle Taylor,46,47,93,24.5,0.009,-0.011,-0.002,68000,-0.442,-0.191,-0.088,-0.036,2021-2025,5,inner_validation,-0.036,5000
2026,2025,1631062,Khayla Pointer,108,107,215,57.8,-0.015,0.013,-0.002,68000,1.187,0.624,0.3,0.092,2021-2025,5,inner_validation,0.092,5000
2026,2025,1631072,Elissa Cunane,21,19,40,9.9,-0.005,0.003,-0.002,68000,-0.246,-0.127,-0.064,-0.026,2021-2025,5,inner_validation,-0.026,5000
2026,2025,1631081,Katie Benzan,53,54,107,26.8,-0.002,-0.001,-0.003,68000,-0.301,-0.154,-0.072,-0.026,2021-2025,5,inner_validation,-0.026,5000
2026,2025,1641698,Caitlin Bickle,25,28,53,17.5,-0.01,0.007,-0.003,68000,-0.968,-0.447,-0.199,-0.065,2021-2025,5,inner_validation,-0.065,5000
2026,2025,1642820,Liatu King,276,273,549,135.9,0.041,-0.044,-0.003,68000,1.338,0.654,0.291,0.088,2021-2025,5,inner_validation,0.088,5000
2026,2025,1628949,Khaalia Hillsman,1,1,2,0.9,-0.001,-0.003,-0.004,68000,-0.553,-0.28,-0.142,-0.058,2021-2025,5,inner_validation,-0.058,5000
2026,2025,1630452,Rennia Davis,83,83,166,43.1,0.01,-0.015,-0.005,68000,-0.391,-0.17,-0.07,-0.027,2021-2025,5,inner_validation,-0.027,5000
2026,2025,1642300,Dyaisha Fair,8,8,16,3.9,0.004,-0.009,-0.005,68000,-0.382,-0.213,-0.118,-0.053,2021-2025,5,inner_validation,-0.053,5000
2026,2025,1642763,Marième Badiane,20,22,42,10.7,-0.007,0.002,-0.005,68000,-0.578,-0.314,-0.167,-0.069,2021-2025,5,inner_validation,-0.069,5000
2026,2025,1642828,Ajae Petty,14,13,27,6.3,-0.005,-0.001,-0.006,68000,-0.566,-0.33,-0.179,-0.076,2021-2025,5,inner_validation,-0.076,5000
2026,2025,1641659,Taylor Mikesell,59,56,115,29.2,-0.0,-0.007,-0.007,68000,-0.799,-0.415,-0.211,-0.086,2021-2025,5,inner_validation,-0.086,5000
2026,2025,1630110,Haley Gorecki,13,13,26,6.3,-0.009,0.001,-0.008,68000,-1.111,-0.571,-0.291,-0.118,2021-2025,5,inner_validation,-0.118,5000
2026,2025,1642309,Jakia Brown-Turner,16,15,31,8.0,-0.005,-0.003,-0.008,68000,-1.046,-0.53,-0.264,-0.104,2021-2025,5,inner_validation,-0.104,5000
2026,2025,1642814,Taylor Thierry,73,74,147,37.5,-0.025,0.017,-0.008,68000,-2.184,-1.105,-0.526,-0.185,2021-2025,5,inner_validation,-0.185,5000
2026,2025,1630118,Stella Johnson,62,63,125,31.2,-0.02,0.01,-0.01,68000,-0.428,-0.27,-0.17,-0.09,2021-2025,5,inner_validation,-0.09,5000
2026,2025,1641675,Dulcy Fankam Mendjiadeu,997,997,1994,505.9,-0.015,0.005,-0.01,68000,1.294,0.905,0.525,0.179,2021-2025,5,inner_validation,0.179,5000
2026,2025,1630101,Crystal Dangerfield,5683,5667,11350,2854.6,-0.072,0.061,-0.011,68000,-0.534,-0.508,-0.32,-0.037,2021-2025,5,inner_validation,-0.037,5000
2026,2025,1630154,Kamiah Smalls,75,77,152,37.3,-0.017,0.006,-0.011,68000,-1.367,-0.757,-0.402,-0.167,2021-2025,5,inner_validation,-0.167,5000
2026,2025,1630957,Rui Machida,924,920,1844,473.8,-0.06,0.049,-0.011,68000,-1.618,-1.048,-0.549,-0.178,2021-2025,5,inner_validation,-0.178,5000
2026,2025,1642810,Madison Scott,91,91,182,46.8,0.007,-0.018,-0.011,68000,-0.291,-0.279,-0.205,-0.111,2021-2025,5,inner_validation,-0.111,5000
2026,2025,1630453,Aleah Goodman,6,6,12,3.2,-0.005,-0.007,-0.012,68000,-1.533,-0.786,-0.401,-0.163,2021-2025,5,inner_validation,-0.163,5000
2026,2025,1642305,Jessika Carter,10,9,19,4.3,-0.009,-0.003,-0.012,68000,-1.516,-0.773,-0.395,-0.162,2021-2025,5,inner_validation,-0.162,5000
2026,2025,203035,Shey Peddy,4797,4796,9593,2494.4,0.019,-0.034,-0.015,68000,3.324,2.534,1.756,0.902,2021-2025,5,inner_validation,0.902,5000
2026,2025,203855,Stephanie Talbot,4676,4676,9352,2380.4,-0.082,0.067,-0.015,68000,1.645,1.185,0.747,0.29,2021-2025,5,inner_validation,0.29,5000
2026,2025,1631021,Sika Kone,972,968,1940,500.0,-0.042,0.027,-0.015,68000,0.682,0.449,0.25,0.072,2021-2025,5,inner_validation,0.072,5000
2026,2025,204332,Cierra Burdick,128,123,251,63.9,-0.023,0.007,-0.016,68000,-1.746,-0.965,-0.512,-0.212,2021-2025,5,inner_validation,-0.212,5000
2026,2025,1630385,Shyla Heal,66,63,129,31.5,-0.015,-0.001,-0.016,68000,-0.969,-0.607,-0.366,-0.176,2021-2025,5,inner_validation,-0.176,5000
2026,2025,1642822,Kaitlyn Chen,484,481,965,251.1,-0.026,0.007,-0.019,68000,0.397,-0.05,-0.192,-0.161,2021-2025,5,inner_validation,-0.161,5000
2026,2025,1642301,Marquesha Davis,260,255,515,135.3,-0.026,0.006,-0.02,68000,-1.735,-1.115,-0.66,-0.304,2021-2025,5,inner_validation,-0.304,5000
2026,2025,1628917,JiSu Park,486,488,974,238.7,-0.001,-0.02,-0.021,68000,-6.497,-3.882,-2.068,-0.775,2021-2025,5,inner_validation,-0.775,5000
2026,2025,1642307,Mackenzie Holmes,118,119,237,63.3,-0.014,-0.008,-0.022,68000,-1.959,-1.203,-0.7,-0.313,2021-2025,5,inner_validation,-0.313,5000
2026,2025,1642767,Janelle Salaun,1950,1947,3897,1042.3,-0.004,-0.02,-0.024,68000,1.285,0.901,0.539,0.183,2021-2025,5,inner_validation,0.183,5000
2026,2025,1642813,Serena Sundell,43,44,87,21.7,-0.012,-0.012,-0.024,68000,-1.716,-1.031,-0.592,-0.273,2021-2025,5,inner_validation,-0.273,5000
2026,2025,1641687,Victaria Saxton,149,149,298,78.2,-0.044,0.019,-0.025,68000,-3.182,-1.695,-0.863,-0.343,2021-2025,5,inner_validation,-0.343,5000
2026,2025,1642320,Jaylyn Sherrod,359,363,722,189.5,-0.03,0.004,-0.026,68000,-2.952,-1.725,-0.944,-0.408,2021-2025,5,inner_validation,-0.408,5000
2026,2025,1629539,Amy Okonkwo,307,311,618,156.8,0.026,-0.055,-0.029,68000,1.366,0.495,0.086,-0.084,2021-2025,5,inner_validation,-0.084,5000
2026,2025,1630137,Stephanie Watts,170,175,345,84.0,-0.033,0.003,-0.03,68000,-1.38,-1.073,-0.734,-0.377,2021-2025,5,inner_validation,-0.377,5000
2026,2025,1628244,Sami Whitcomb,9066,9048,18114,4532.9,-0.152,0.121,-0.031,68000,4.366,3.377,2.295,1.015,2021-2025,5,inner_validation,1.015,5000
2026,2025,1642299,Nika Muhl,110,112,222,56.9,-0.02,-0.011,-0.031,68000,-2.465,-1.4,-0.791,-0.363,2021-2025,5,inner_validation,-0.363,5000
2026,2025,1629506,Kiara Leslie,175,182,357,86.0,-0.029,-0.003,-0.032,68000,-1.287,-0.831,-0.532,-0.287,2021-2025,5,inner_validation,-0.287,5000
2026,2025,1630441,Arella Guirantes,658,654,1312,338.4,-0.048,0.016,-0.032,68000,1.67,0.903,0.377,0.038,2021-2025,5,inner_validation,0.038,5000
2026,2025,1642799,Megan McConnell,27,28,55,12.6,-0.019,-0.013,-0.032,68000,-2.991,-1.616,-0.866,-0.376,2021-2025,5,inner_validation,-0.376,5000
2026,2025,1641670,Madi Williams,96,92,188,46.4,-0.021,-0.015,-0.036,68000,-3.205,-1.801,-0.973,-0.42,2021-2025,5,inner_validation,-0.42,5000
2026,2025,1642293,Alissa Pili,464,470,934,238.6,-0.048,0.012,-0.036,68000,-3.329,-2.232,-1.371,-0.633,2021-2025,5,inner_validation,-0.633,5000
2026,2025,201881,Angel McCoughtry,44,42,86,19.8,-0.025,-0.012,-0.037,68000,-4.373,-2.287,-1.179,-0.487,2021-2025,5,inner_validation,-0.487,5000
2026,2025,1642841,Mamignan Toure,290,290,580,147.4,-0.015,-0.022,-0.037,68000,-0.018,-0.166,-0.194,-0.166,2021-2025,5,inner_validation,-0.166,5000
2026,2025,1630471,Maya Caldwell,3366,3359,6725,1741.5,-0.046,0.008,-0.038,68000,-0.693,-0.865,-0.789,-0.462,2021-2025,5,inner_validation,-0.462,5000
2026,2025,1628897,Linnae Harper,154,160,314,77.8,-0.022,-0.018,-0.04,68000,-3.802,-2.251,-1.239,-0.523,2021-2025,5,inner_validation,-0.523,5000
2026,2025,1642798,Dominique Malonga,1319,1316,2635,668.4,-0.019,-0.021,-0.04,68000,-2.838,-2.228,-1.509,-0.712,2021-2025,5,inner_validation,-0.712,5000
2026,2025,1641641,Robyn Parks,1163,1183,2346,593.9,-0.063,0.022,-0.041,68000,1.016,0.553,0.2,-0.037,2021-2025,5,inner_validation,-0.037,5000
2026,2025,1629492,Beatrice Mompremier,876,879,1755,457.3,-0.08,0.038,-0.042,68000,-2.339,-1.829,-1.249,-0.626,2021-2025,5,inner_validation,-0.626,5000
2026,2025,1642773,Kariata Diaby,197,198,395,103.4,-0.009,-0.033,-0.042,68000,-0.961,-0.802,-0.592,-0.343,2021-2025,5,inner_validation,-0.343,5000
2026,2025,201919,Shavonte Zellous,872,875,1747,442.5,-0.048,0.005,-0.043,68000,0.595,0.313,0.075,-0.085,2021-2025,5,inner_validation,-0.085,5000
2026,2025,1628278,Shatori Walker-Kimbrough,6644,6644,13288,3354.5,-0.201,0.157,-0.044,68000,1.351,0.865,0.52,0.261,2021-2025,5,inner_validation,0.261,5000
2026,2025,1631029,Jasmine Dickey,380,379,759,182.7,-0.041,-0.003,-0.044,68000,-4.344,-2.805,-1.609,-0.668,2021-2025,5,inner_validation,-0.668,5000
2026,2025,1641672,Kayana Traylor,67,70,137,34.8,-0.014,-0.03,-0.044,68000,-3.872,-2.158,-1.176,-0.516,2021-2025,5,inner_validation,-0.516,5000
2026,2025,1630120,Stephanie Jones,239,246,485,126.8,-0.06,0.015,-0.045,68000,-6.46,-3.696,-1.961,-0.784,2021-2025,5,inner_validation,-0.784,5000
2026,2025,202259,Epiphanny Prince,1813,1810,3623,936.1,-0.135,0.089,-0.046,68000,-1.011,-1.214,-1.134,-0.734,2021-2025,5,inner_validation,-0.734,5000
2026,2025,1629491,Jessica Shepard,5266,5249,10515,2676.8,-0.013,-0.033,-0.046,68000,0.322,0.093,-0.126,-0.282,2021-2025,5,inner_validation,-0.282,5000
2026,2025,1642792,Kiki Iriafen,2314,2318,4632,1185.4,-0.027,-0.021,-0.048,68000,5.199,3.563,2.09,0.749,2021-2025,5,inner_validation,0.749,5000
2026,2025,1628286,Erica McCall,708,701,1409,355.9,-0.037,-0.012,-0.049,68000,-0.377,-0.411,-0.38,-0.281,2021-2025,5,inner_validation,-0.281,5000
2026,2025,1630386,Awak Kuier,2043,2051,4094,1031.1,-0.085,0.036,-0.049,68000,-2.349,-1.969,-1.374,-0.626,2021-2025,5,inner_validation,-0.626,5000
2026,2025,1631068,Sam Thomas,287,286,573,142.6,-0.049,-0.0,-0.049,68000,-3.286,-2.067,-1.196,-0.54,2021-2025,5,inner_validation,-0.54,5000
2026,2025,1641651,Jordan Horston,3425,3445,6870,1712.6,-0.124,0.074,-0.05,68000,-0.67,-0.766,-0.69,-0.453,2021-2025,5,inner_validation,-0.453,5000
2026,2025,1628279,Brittney Sykes,9583,9627,19210,4868.6,-0.29,0.239,-0.051,68000,5.155,4.147,3.035,1.593,2021-2025,5,inner_validation,1.593,5000
2026,2025,1630131,Kylee Shook,1155,1159,2314,566.5,-0.115,0.064,-0.051,68000,4.035,2.489,1.235,0.282,2021-2025,5,inner_validation,0.282,5000
2026,2025,1641690,Kadi Sissoko,658,646,1304,336.3,-0.034,-0.017,-0.051,68000,1.6,0.866,0.345,-0.009,2021-2025,5,inner_validation,-0.009,5000
2026,2025,203823,Chiney Ogwumike,1649,1654,3303,824.8,-0.106,0.053,-0.053,68000,1.784,1.028,0.416,-0.006,2021-2025,5,inner_validation,-0.006,5000
2026,2025,1629566,Xu Han,1181,1182,2363,603.6,-0.093,0.04,-0.053,68000,0.036,-0.237,-0.316,-0.26,2021-2025,5,inner_validation,-0.26,5000
2026,2025,1641654,Stephanie Soares,349,343,692,175.4,-0.03,-0.024,-0.054,68000,-2.332,-1.646,-1.06,-0.538,2021-2025,5,inner_validation,-0.538,5000
2026,2025,201913,Kia Vaughn,1946,1951,3897,984.0,-0.105,0.05,-0.055,68000,-2.244,-1.695,-1.097,-0.496,2021-2025,5,inner_validation,-0.496,5000
2026,2025,1630461,Kiana Williams,433,434,867,223.0,-0.088,0.033,-0.055,68000,-1.496,-1.281,-0.971,-0.562,2021-2025,5,inner_validation,-0.562,5000
2026,2025,1642790,Sania Feagin,153,158,311,76.8,-0.006,-0.049,-0.055,68000,-4.711,-2.731,-1.522,-0.673,2021-2025,5,inner_validation,-0.673,5000
2026,2025,201507,Leilani Mitchell,1446,1440,2886,725.0,-0.014,-0.045,-0.059,68000,3.296,1.867,0.809,0.104,2021-2025,5,inner_validation,0.104,5000
2026,2025,1630150,Chennedy Carter,3082,3099,6181,1531.3,0.023,-0.083,-0.06,68000,3.285,2.615,1.882,0.916,2021-2025,5,inner_validation,0.916,5000
2026,2025,1631056,Amy Atwell,176,174,350,92.0,-0.009,-0.051,-0.06,68000,-6.374,-3.655,-1.955,-0.801,2021-2025,5,inner_validation,-0.801,5000
2026,2025,1630127,Leaonna Odom,414,416,830,207.2,-0.062,-0.001,-0.063,68000,0.571,-0.024,-0.306,-0.342,2021-2025,5,inner_validation,-0.342,5000
2026,2025,204325,Crystal Bradford,934,943,1877,464.4,0.0,-0.065,-0.065,68000,-0.254,-0.378,-0.393,-0.322,2021-2025,5,inner_validation,-0.322,5000
2026,2025,1641653,Ashley Joens,251,250,501,127.5,-0.019,-0.046,-0.065,68000,-2.907,-1.879,-1.141,-0.563,2021-2025,5,inner_validation,-0.563,5000
2026,2025,1642774,Murjanatu Musa,236,232,468,121.7,-0.029,-0.038,-0.067,68000,-4.41,-2.784,-1.663,-0.782,2021-2025,5,inner_validation,-0.782,5000
2026,2025,1631013,Aisha Sheppard,382,393,775,189.5,-0.01,-0.058,-0.068,68000,-3.72,-2.573,-1.682,-0.864,2021-2025,5,inner_validation,-0.864,5000
2026,2025,1642808,JJ Quinerly,1100,1086,2186,539.0,0.021,-0.089,-0.068,68000,1.763,0.961,0.393,-0.022,2021-2025,5,inner_validation,-0.022,5000
2026,2025,204297,Cayla George,638,636,1274,321.3,-0.06,-0.012,-0.072,68000,-3.081,-2.468,-1.782,-0.983,2021-2025,5,inner_validation,-0.983,5000
2026,2025,1628287,Jennie Simms,819,808,1627,422.3,-0.074,0.001,-0.073,68000,0.248,-0.199,-0.39,-0.371,2021-2025,5,inner_validation,-0.371,5000
2026,2025,1630458,Aaliyah Wilson,235,236,471,119.4,-0.04,-0.033,-0.073,68000,-4.45,-2.774,-1.63,-0.761,2021-2025,5,inner_validation,-0.761,5000
2026,2025,1642295,Elizabeth Kitley,194,194,388,98.2,-0.033,-0.04,-0.073,68000,-6.146,-3.671,-2.081,-0.931,2021-2025,5,inner_validation,-0.931,5000
2026,2025,1627643,Cyesha Goree,236,236,472,116.4,-0.055,-0.02,-0.075,68000,-7.023,-4.169,-2.307,-0.984,2021-2025,5,inner_validation,-0.984,5000
2026,2025,1628273,Kaela Davis,294,292,586,153.6,-0.011,-0.065,-0.076,68000,-3.149,-2.109,-1.328,-0.679,2021-2025,5,inner_validation,-0.679,5000
2026,2025,1631090,Christyn Williams,90,91,181,44.6,-0.031,-0.046,-0.077,68000,-7.193,-3.961,-2.121,-0.911,2021-2025,5,inner_validation,-0.911,5000
2026,2025,204334,Reshanda Gray,918,921,1839,472.8,-0.016,-0.062,-0.078,68000,-0.161,-0.536,-0.652,-0.523,2021-2025,5,inner_validation,-0.523,5000
2026,2025,1631032,Lorela Cubaj,666,684,1350,349.2,-0.087,0.008,-0.079,68000,-2.193,-1.827,-1.326,-0.722,2021-2025,5,inner_validation,-0.722,5000
2026,2025,1629568,Kennedy Burke,3421,3415,6836,1739.2,-0.136,0.054,-0.082,68000,-3.546,-3.435,-2.888,-1.757,2021-2025,5,inner_validation,-1.757,5000
2026,2025,1627678,Bria Holmes,619,630,1249,317.7,-0.074,-0.013,-0.087,68000,-1.478,-1.354,-1.06,-0.652,2021-2025,5,inner_validation,-0.652,5000
2026,2025,1631147,Kianna Smith,224,222,446,112.7,-0.037,-0.051,-0.088,68000,-5.394,-3.565,-2.144,-0.997,2021-2025,5,inner_validation,-0.997,5000
2026,2025,203015,Shekinna Stricklen,471,469,940,235.8,-0.097,0.003,-0.094,68000,-4.5,-3.012,-1.849,-0.898,2021-2025,5,inner_validation,-0.898,5000
2026,2025,1642784,Paige Bueckers,2365,2365,4730,1199.0,0.075,-0.169,-0.094,68000,6.856,4.75,2.732,0.846,2021-2025,5,inner_validation,0.846,5000
2026,2025,1630438,Kysre Gondrezick,380,375,755,189.3,-0.081,-0.015,-0.096,68000,-3.617,-2.71,-1.792,-0.906,2021-2025,5,inner_validation,-0.906,5000
2026,2025,1631118,Lexi Held,963,965,1928,482.5,-0.092,-0.004,-0.096,68000,-3.558,-2.925,-2.116,-1.138,2021-2025,5,inner_validation,-1.138,5000
2026,2025,1642324,Kate Martin,2180,2148,4328,1113.2,-0.016,-0.082,-0.098,68000,-3.327,-2.695,-1.984,-1.134,2021-2025,5,inner_validation,-1.134,5000
2026,2025,1630387,Iliana Rupert,1883,1870,3753,979.5,0.026,-0.125,-0.099,68000,-3.826,-3.136,-2.277,-1.226,2021-2025,5,inner_validation,-1.226,5000
2026,2025,1630100,Lauren Cox,588,589,1177,305.3,-0.123,0.023,-0.1,68000,-3.294,-2.28,-1.475,-0.78,2021-2025,5,inner_validation,-0.78,5000
2026,2025,200676,Candice Dupree,918,922,1840,462.9,-0.085,-0.019,-0.104,68000,-6.989,-4.778,-2.934,-1.355,2021-2025,5,inner_validation,-1.355,5000
2026,2025,1629485,Kristine Anigwe,569,576,1145,290.6,-0.054,-0.05,-0.104,68000,-4.406,-3.166,-2.066,-1.054,2021-2025,5,inner_validation,-1.054,5000
2026,2025,1628268,Alaina Coates,238,242,480,121.0,-0.039,-0.067,-0.106,68000,-6.813,-4.177,-2.436,-1.14,2021-2025,5,inner_validation,-1.14,5000
2026,2025,204330,Isabelle Harrison,4600,4620,9220,2328.6,-0.043,-0.064,-0.107,68000,0.378,0.096,-0.109,-0.224,2021-2025,5,inner_validation,-0.224,5000
2026,2025,1630099,Te'a Cooper,1339,1341,2680,682.4,-0.234,0.124,-0.11,68000,-1.002,-1.011,-0.868,-0.605,2021-2025,5,inner_validation,-0.605,5000
2026,2025,204320,Amanda Zahui B,1888,1902,3790,967.4,-0.261,0.149,-0.112,68000,0.51,0.129,-0.193,-0.367,2021-2025,5,inner_validation,-0.367,5000
2026,2025,1641665,Leigha Brown,261,258,519,135.8,-0.071,-0.042,-0.113,68000,-9.777,-5.9,-3.304,-1.436,2021-2025,5,inner_validation,-1.436,5000
2026,2025,1631263,Nikolina Milic,1757,1761,3518,879.7,-0.03,-0.085,-0.115,68000,-0.689,-0.724,-0.711,-0.591,2021-2025,5,inner_validation,-0.591,5000
2026,2025,1641656,Laeticia Amihere,1232,1233,2465,631.2,-0.062,-0.053,-0.115,68000,-3.513,-2.737,-1.94,-1.064,2021-2025,5,inner_validation,-1.064,5000
2026,2025,1642817,Hailey Van Lith,686,687,1373,360.9,-0.068,-0.049,-0.117,68000,-4.094,-2.932,-1.858,-0.921,2021-2025,5,inner_validation,-0.921,5000
2026,2025,1642801,Aaliyah Nye,1348,1345,2693,686.4,-0.049,-0.07,-0.119,68000,-4.494,-3.817,-2.822,-1.567,2021-2025,5,inner_validation,-1.567,5000
2026,2025,1630043,Bernadett Hatar,296,293,589,153.5,-0.081,-0.04,-0.121,68000,-8.419,-5.236,-3.008,-1.349,2021-2025,5,inner_validation,-1.349,5000
2026,2025,1642291,Angel Reese,4033,4033,8066,2050.8,-0.018,-0.107,-0.125,68000,6.611,5.246,3.65,1.667,2021-2025,5,inner_validation,1.667,5000
2026,2025,1629490,Kitija Laksa,1271,1270,2541,635.0,-0.092,-0.036,-0.128,68000,-3.799,-3.27,-2.476,-1.396,2021-2025,5,inner_validation,-1.396,5000
2026,2025,1642785,Sonia Citron,2761,2762,5523,1414.6,-0.113,-0.016,-0.129,68000,2.204,1.517,0.803,0.094,2021-2025,5,inner_validation,0.094,5000
2026,2025,1630114,Mikiah Herbert Harrigan,656,670,1326,340.1,-0.077,-0.053,-0.13,68000,-7.793,-5.485,-3.432,-1.612,2021-2025,5,inner_validation,-1.612,5000
2026,2025,1642782,Sarah Ashlee Barker,955,958,1913,481.0,-0.065,-0.066,-0.131,68000,-2.204,-2.134,-1.704,-1.03,2021-2025,5,inner_validation,-1.03,5000
2026,2025,1630996,Rae Burrell,2937,2953,5890,1459.2,-0.024,-0.11,-0.134,68000,2.687,1.648,0.757,0.019,2021-2025,5,inner_validation,0.019,5000
2026,2025,1641661,Lou Lopez Senechal,252,244,496,125.4,-0.054,-0.082,-0.136,68000,-10.135,-6.255,-3.593,-1.611,2021-2025,5,inner_validation,-1.611,5000
2026,2025,1628282,Sydney Wiese,1134,1132,2266,578.5,-0.046,-0.094,-0.14,68000,-4.256,-3.041,-2.036,-1.116,2021-2025,5,inner_validation,-1.116,5000
2026,2025,1628882,Lexie Brown,3978,3992,7970,2011.8,-0.103,-0.038,-0.141,68000,2.583,1.498,0.605,-0.102,2021-2025,5,inner_validation,-0.102,5000
2026,2025,1641700,Liz Dixon,462,450,912,238.0,-0.101,-0.041,-0.142,68000,-7.558,-5.287,-3.32,-1.59,2021-2025,5,inner_validation,-1.59,5000
2026,2025,1642802,Lucy Olsen,993,994,1987,507.8,-0.039,-0.104,-0.143,68000,-4.713,-3.543,-2.37,-1.236,2021-2025,5,inner_validation,-1.236,5000
2026,2025,203828,Stefanie Dolson,6975,6950,13925,3528.0,-0.276,0.132,-0.144,68000,3.211,2.328,1.397,0.387,2021-2025,5,inner_validation,0.387,5000
2026,2025,202658,Danielle Robinson,4262,4248,8510,2124.2,-0.164,0.018,-0.146,68000,7.773,5.608,3.475,1.288,2021-2025,5,inner_validation,1.288,5000
2026,2025,203863,Haley Peters,732,733,1465,379.5,-0.082,-0.064,-0.146,68000,-1.835,-1.659,-1.355,-0.907,2021-2025,5,inner_validation,-0.907,5000
2026,2025,1627672,Aerial Powers,4077,4084,8161,2046.5,-0.115,-0.034,-0.149,68000,1.172,0.494,-0.017,-0.359,2021-2025,5,inner_validation,-0.359,5000
2026,2025,1628920,Mercedes Russell,4616,4614,9230,2335.8,-0.281,0.132,-0.149,68000,-3.365,-2.996,-2.425,-1.515,2021-2025,5,inner_validation,-1.515,5000
2026,2025,1628929,Kristy Wallace,3540,3547,7087,1778.8,-0.13,-0.019,-0.149,68000,0.525,0.074,-0.23,-0.385,2021-2025,5,inner_validation,-0.385,5000
2026,2025,203389,Yvonne Turner,703,707,1410,356.2,-0.108,-0.042,-0.15,68000,-2.304,-2.246,-1.88,-1.21,2021-2025,5,inner_validation,-1.21,5000
2026,2025,203838,Astou Ndour-Fall,1004,1005,2009,507.0,-0.184,0.034,-0.15,68000,-6.584,-4.878,-3.281,-1.7,2021-2025,5,inner_validation,-1.7,5000
2026,2025,1629476,Asia (AD) Durr,1586,1576,3162,769.5,-0.12,-0.03,-0.15,68000,-3.015,-2.553,-1.899,-1.091,2021-2025,5,inner_validation,-1.091,5000
2026,2025,203403,Tianna Hawkins,3382,3389,6771,1703.9,-0.114,-0.038,-0.152,68000,-2.288,-2.042,-1.635,-1.003,2021-2025,5,inner_validation,-1.003,5000
2026,2025,1630462,Aari McDonald,6125,6111,12236,3063.6,-0.17,0.018,-0.152,68000,2.703,1.913,1.145,0.344,2021-2025,5,inner_validation,0.344,5000
2026,2025,1642800,Aneesah Morrow,1513,1516,3029,774.6,-0.052,-0.1,-0.152,68000,0.54,0.406,0.151,-0.207,2021-2025,5,inner_validation,-0.207,5000
2026,2025,1642818,Maddy Westbeld,665,668,1333,354.3,-0.073,-0.079,-0.152,68000,-3.393,-2.691,-1.927,-1.106,2021-2025,5,inner_validation,-1.106,5000
2026,2025,1642793,Aziaha James,1353,1348,2701,672.7,-0.009,-0.15,-0.159,68000,-3.777,-2.938,-2.071,-1.191,2021-2025,5,inner_validation,-1.191,5000
2026,2025,100940,Diana Taurasi,7036,7043,14079,3533.8,0.095,-0.256,-0.161,68000,1.216,0.804,0.417,0.026,2021-2025,5,inner_validation,0.026,5000
2026,2025,1630143,Luisa Geiselsoder,1243,1244,2487,627.9,-0.044,-0.118,-0.162,68000,-1.511,-1.273,-1.061,-0.806,2021-2025,5,inner_validation,-0.806,5000
2026,2025,1642240,Jaelyn Brown,542,534,1076,272.2,-0.053,-0.113,-0.166,68000,-7.798,-5.438,-3.423,-1.673,2021-2025,5,inner_validation,-1.673,5000
2026,2025,1642287,Cameron Brink,1143,1149,2292,573.9,-0.134,-0.032,-0.166,68000,-4.203,-3.181,-2.233,-1.28,2021-2025,5,inner_validation,-1.28,5000
2026,2025,1629574,Li Yueru,2279,2265,4544,1148.2,-0.085,-0.084,-0.169,68000,0.712,0.402,0.03,-0.349,2021-2025,5,inner_validation,-0.349,5000
2026,2025,1641652,Maddy Siegrist,3350,3359,6709,1683.5,0.055,-0.225,-0.17,68000,2.413,1.629,0.822,0.016,2021-2025,5,inner_validation,0.016,5000
2026,2025,1630139,Jocelyn Willoughby,655,657,1312,334.6,-0.175,0.004,-0.171,68000,-12.003,-8.186,-5.002,-2.291,2021-2025,5,inner_validation,-2.291,5000
2026,2025,1641657,Dorka Juhasz,3087,3084,6171,1578.4,-0.1,-0.077,-0.177,68000,-3.564,-3.313,-2.799,-1.827,2021-2025,5,inner_validation,-1.827,5000
2026,2025,201911,Kristi Toliver,1670,1679,3349,842.1,-0.194,0.014,-0.18,68000,-3.627,-3.022,-2.291,-1.389,2021-2025,5,inner_validation,-1.389,5000
2026,2025,1629571,Morgan Bertsch,1001,996,1997,502.9,-0.133,-0.048,-0.181,68000,-5.605,-4.518,-3.239,-1.777,2021-2025,5,inner_validation,-1.777,5000
2026,2025,1642244,Sevgi Uzun,2472,2469,4941,1259.9,-0.049,-0.138,-0.187,68000,0.485,-0.258,-0.668,-0.74,2021-2025,5,inner_validation,-0.74,5000
2026,2025,203849,Theresa Plaisance,1964,1973,3937,979.3,-0.14,-0.048,-0.188,68000,-3.96,-3.619,-2.943,-1.826,2021-2025,5,inner_validation,-1.826,5000
2026,2025,202641,Sydney Colson,1946,1960,3906,990.9,-0.176,-0.017,-0.193,68000,-5.842,-5.081,-3.94,-2.291,2021-2025,5,inner_validation,-2.291,5000
2026,2025,1630454,Charli Collier,828,824,1652,423.8,-0.083,-0.113,-0.196,68000,-10.065,-7.141,-4.541,-2.188,2021-2025,5,inner_validation,-2.188,5000
2026,2025,1641602,Ivana Dojkić,1473,1465,2938,726.4,-0.099,-0.098,-0.197,68000,-4.38,-3.857,-3.039,-1.855,2021-2025,5,inner_validation,-1.855,5000
2026,2025,1641658,Grace Berger,2051,2074,4125,1046.4,-0.063,-0.134,-0.197,68000,-0.959,-1.171,-1.169,-0.945,2021-2025,5,inner_validation,-0.945,5000
2026,2025,1630119,Jazmine Jones,999,1000,1999,497.6,-0.171,-0.032,-0.203,68000,-5.25,-4.038,-2.897,-1.689,2021-2025,5,inner_validation,-1.689,5000
2026,2025,1630444,Jasmine Walker,598,599,1197,300.7,-0.107,-0.096,-0.203,68000,-12.33,-8.312,-5.022,-2.313,2021-2025,5,inner_validation,-2.313,5000
2026,2025,1630459,DiDi Richards,1436,1450,2886,727.8,-0.193,-0.011,-0.204,68000,-3.315,-2.775,-2.148,-1.365,2021-2025,5,inner_validation,-1.365,5000
2026,2025,1629482,Sophie Cunningham,8556,8555,17111,4379.2,0.073,-0.282,-0.209,68000,0.721,0.224,-0.156,-0.376,2021-2025,5,inner_validation,-0.376,5000
2026,2025,1631141,Jade Melbourne,3624,3617,7241,1839.8,-0.239,0.021,-0.218,68000,0.152,-0.259,-0.552,-0.698,2021-2025,5,inner_validation,-0.698,5000
2026,2025,202638,Jessica Breland,1057,1068,2125,543.9,-0.146,-0.084,-0.23,68000,-7.952,-5.816,-3.841,-1.987,2021-2025,5,inner_validation,-1.987,5000
2026,2025,1629497,Marina Mabrey,11089,11085,22174,5641.8,0.072,-0.303,-0.231,68000,3.519,2.819,1.982,0.826,2021-2025,5,inner_validation,0.826,5000
2026,2025,1631006,Kierstan Bell,2373,2391,4764,1207.5,-0.191,-0.049,-0.24,68000,-5.801,-5.533,-4.668,-2.958,2021-2025,5,inner_validation,-2.958,5000
2026,2025,1629488,Brianna Turner,8191,8224,16415,4247.6,-0.12,-0.123,-0.243,68000,-0.097,-0.064,-0.029,-0.108,2021-2025,5,inner_validation,-0.108,5000
2026,2025,1630115,Joyner Holmes,1751,1774,3525,879.6,-0.18,-0.067,-0.247,68000,-8.683,-6.947,-4.999,-2.722,2021-2025,5,inner_validation,-2.722,5000
2026,2025,204365,Erica Wheeler,8958,9015,17973,4597.9,-0.249,0.0,-0.249,68000,1.299,0.55,-0.067,-0.495,2021-2025,5,inner_validation,-0.495,5000
2026,2025,1628242,Emma Cannon,2314,2322,4636,1166.2,-0.139,-0.11,-0.249,68000,-1.984,-1.964,-1.802,-1.367,2021-2025,5,inner_validation,-1.367,5000
2026,2025,1631031,Queen Egbo,2480,2475,4955,1236.0,-0.197,-0.058,-0.255,68000,-0.2,-0.422,-0.673,-0.828,2021-2025,5,inner_validation,-0.828,5000
2026,2025,1628881,Monique Billings,6379,6415,12794,3214.0,-0.297,0.041,-0.256,68000,1.573,1.003,0.387,-0.266,2021-2025,5,inner_validation,-0.266,5000
2026,2025,1642290,Aaliyah Edwards,2498,2516,5014,1275.3,-0.211,-0.051,-0.262,68000,-3.323,-2.962,-2.408,-1.586,2021-2025,5,inner_validation,-1.586,5000
2026,2025,1641650,Haley Jones,3848,3835,7683,1910.3,-0.197,-0.066,-0.263,68000,0.039,-0.601,-0.985,-1.037,2021-2025,5,inner_validation,-1.037,5000
2026,2025,1628269,Nia Coffey,5628,5684,11312,2848.1,-0.49,0.223,-0.267,68000,-0.287,-0.667,-0.94,-0.998,2021-2025,5,inner_validation,-0.998,5000
2026,2025,1642210,Julie Vanloo,2741,2723,5464,1375.5,-0.146,-0.128,-0.274,68000,-3.648,-3.452,-2.88,-1.864,2021-2025,5,inner_validation,-1.864,5000
2026,2025,203824,Odyssey Sims,6156,6159,12315,3098.0,-0.057,-0.224,-0.281,68000,0.281,-0.135,-0.495,-0.747,2021-2025,5,inner_validation,-0.747,5000
2026,2025,1629478,Katie Lou Samuelson,4441,4415,8856,2205.3,-0.057,-0.226,-0.283,68000,-3.261,-3.253,-2.877,-1.977,2021-2025,5,inner_validation,-1.977,5000
2026,2025,1629481,Arike Ogunbowale,12179,12133,24312,6095.4,0.346,-0.629,-0.283,68000,1.968,1.302,0.647,-0.017,2021-2025,5,inner_validation,-0.017,5000
2026,2025,204322,Elizabeth Williams,7089,7113,14202,3628.9,-0.315,0.018,-0.297,68000,2.346,1.514,0.67,-0.183,2021-2025,5,inner_validation,-0.183,5000
2026,2025,1628922,Azura Stevens,8688,8703,17391,4411.0,0.037,-0.336,-0.299,68000,-1.179,-1.324,-1.379,-1.225,2021-2025,5,inner_validation,-1.225,5000
2026,2025,1628899,Myisha Hines-Allen,7018,7034,14052,3573.6,-0.089,-0.215,-0.304,68000,-0.381,-0.694,-0.899,-0.936,2021-2025,5,inner_validation,-0.936,5000
2026,2025,202650,Jantel Lavender,1718,1719,3437,867.4,-0.225,-0.085,-0.31,68000,-7.641,-6.255,-4.61,-2.637,2021-2025,5,inner_validation,-2.637,5000
2026,2025,1631089,Destanni Henderson,1807,1811,3618,893.8,-0.141,-0.171,-0.312,68000,-2.296,-2.511,-2.379,-1.808,2021-2025,5,inner_validation,-1.808,5000
2026,2025,1629480,Kalani Brown,2995,2981,5976,1483.7,-0.091,-0.227,-0.318,68000,-5.674,-5.22,-4.279,-2.678,2021-2025,5,inner_validation,-2.678,5000
2026,2025,1641660,Zia Cooke,2132,2159,4291,1074.6,-0.252,-0.07,-0.322,68000,-9.286,-7.743,-5.724,-3.184,2021-2025,5,inner_validation,-3.184,5000
2026,2025,1628890,Diamond DeShields,4518,4527,9045,2271.5,-0.348,0.011,-0.337,68000,-3.247,-3.254,-2.92,-2.095,2021-2025,5,inner_validation,-2.095,5000
2026,2025,1642809,Saniya Rivers,2141,2124,4265,1096.9,-0.126,-0.215,-0.341,68000,-0.863,-1.189,-1.392,-1.366,2021-2025,5,inner_validation,-1.366,5000
2026,2025,1629484,Megan Gustafson,3471,3468,6939,1751.6,-0.065,-0.278,-0.343,68000,-3.928,-3.904,-3.532,-2.551,2021-2025,5,inner_validation,-2.551,5000
2026,2025,1631135,Olivia Nelson-Ododa,4679,4679,9358,2433.0,-0.35,-0.011,-0.361,68000,-1.41,-1.863,-2.05,-1.825,2021-2025,5,inner_validation,-1.825,5000
2026,2025,1631083,Emily Engstler,3368,3384,6752,1706.5,-0.148,-0.215,-0.363,68000,-1.068,-1.386,-1.569,-1.486,2021-2025,5,inner_validation,-1.486,5000
2026,2025,203829,Bria Hartley,2221,2213,4434,1137.9,-0.159,-0.205,-0.364,68000,-1.708,-2.007,-2.059,-1.746,2021-2025,5,inner_validation,-1.746,5000
2026,2025,1630134,Sug Sutton,4954,4964,9918,2552.4,-0.171,-0.197,-0.368,68000,-0.449,-0.862,-1.117,-1.188,2021-2025,5,inner_validation,-1.188,5000
2026,2025,1641649,Diamond Miller,3090,3084,6174,1554.0,-0.233,-0.144,-0.377,68000,-7.589,-6.739,-5.405,-3.383,2021-2025,5,inner_validation,-3.383,5000
2026,2025,1627671,Rachel Banham,6177,6161,12338,3136.1,-0.185,-0.194,-0.379,68000,-0.692,-1.067,-1.259,-1.247,2021-2025,5,inner_validation,-1.247,5000
2026,2025,1628263,Lindsay Allen,5474,5470,10944,2803.2,-0.159,-0.224,-0.383,68000,2.767,1.591,0.536,-0.41,2021-2025,5,inner_validation,-0.41,5000
2026,2025,1631019,NaLyssa Smith,8117,8134,16251,4103.5,0.073,-0.457,-0.384,68000,-0.239,-0.505,-0.794,-1.049,2021-2025,5,inner_validation,-1.049,5000
2026,2025,1628909,Kelsey Mitchell,12749,12778,25527,6415.8,0.17,-0.562,-0.392,68000,2.48,1.847,1.205,0.376,2021-2025,5,inner_validation,0.376,5000
2026,2025,204323,Cheyenne Parker-Tyus,5789,5748,11537,2872.4,-0.281,-0.124,-0.405,68000,-2.257,-2.278,-2.166,-1.783,2021-2025,5,inner_validation,-1.783,5000
2026,2025,1630389,Dana Evans,6491,6499,12990,3324.8,-0.294,-0.143,-0.437,68000,-3.988,-3.98,-3.645,-2.759,2021-2025,5,inner_validation,-2.759,5000
2026,2025,1642288,Rickea Jackson,4646,4642,9288,2324.8,-0.096,-0.343,-0.439,68000,-0.596,-1.272,-1.68,-1.72,2021-2025,5,inner_validation,-1.72,5000
2026,2025,1642289,Kamilla Cardoso,3827,3821,7648,1978.2,-0.184,-0.281,-0.465,68000,-2.033,-2.077,-1.948,-1.62,2021-2025,5,inner_validation,-1.62,5000
2026,2025,204296,Rebecca Allen,6909,6943,13852,3518.5,-0.291,-0.203,-0.494,68000,-1.336,-1.839,-2.133,-2.061,2021-2025,5,inner_validation,-2.061,5000
2026,2025,1627669,Moriah Jefferson,4881,4863,9744,2526.2,-0.14,-0.357,-0.497,68000,-1.038,-1.73,-2.148,-2.103,2021-2025,5,inner_validation,-2.103,5000
2026,2025,202250,Tina Charles,8825,8788,17613,4480.7,-0.146,-0.409,-0.555,68000,-0.152,-0.611,-1.078,-1.463,2021-2025,5,inner_validation,-1.463,5000
2026,2025,1627676,Tiffany Mitchell,6002,6001,12003,3059.7,-0.434,-0.13,-0.564,68000,-1.899,-2.543,-2.904,-2.699,2021-2025,5,inner_validation,-2.699,5000
2026,2025,1628927,Victoria Vivians,5415,5415,10830,2727.0,-0.312,-0.259,-0.571,68000,-3.899,-3.745,-3.354,-2.587,2021-2025,5,inner_validation,-2.587,5000
2026,2025,1630446,Michaela Onyenwere,6916,6952,13868,3518.2,-0.319,-0.256,-0.575,68000,0.894,0.297,-0.351,-1.054,2021-2025,5,inner_validation,-1.054,5000
2026,2025,1642292,Jacy Sheldon,3262,3278,6540,1638.4,-0.144,-0.497,-0.641,68000,-6.712,-6.493,-5.69,-4.025,2021-2025,5,inner_validation,-4.025,5000
2026,2025,1628915,Kia Nurse,6940,6935,13875,3527.9,-0.234,-0.42,-0.654,68000,-2.67,-3.047,-3.14,-2.734,2021-2025,5,inner_validation,-2.734,5000
