game_id,team_id,season,pts,R2_TEAM_EWMA,A_TEAM,n_top3_out,naive_points_lost,resid,fitted_absence_effect
1022200001,1611661322,2022,84.0,79.78125,82.0,3,26.101400933955972,4.21875,-0.0
1022200001,1611661325,2022,70.0,75.3125,82.0,3,26.101400933955972,-5.3125,-0.0
1022200002,1611661320,2022,98.0,72.75,82.0,1,8.700466977985323,25.25,-0.0
1022200002,1611661329,2022,91.0,83.5952380952381,82.0,1,8.700466977985323,7.404761904761898,-0.0
1022200003,1611661317,2022,88.0,82.3953488372093,82.0,1,8.700466977985323,5.604651162790702,-0.0
1022200003,1611661319,2022,106.0,88.64864864864865,82.0,2,17.400933955970647,17.351351351351354,-0.0
1022200004,1611661324,2022,74.0,82.51515151515152,82.0,2,17.400933955970647,-8.515151515151516,-0.0
1022200004,1611661328,2022,97.0,84.66666666666667,82.0,1,8.700466977985323,12.333333333333329,-0.0
1022200005,1611661313,2022,81.0,78.57575757575758,82.0,1,8.700466977985323,2.424242424242422,-0.0
1022200005,1611661323,2022,79.0,79.91666666666667,82.0,2,17.400933955970647,-0.9166666666666714,-0.0
1022200006,1611661321,2022,59.0,80.60606060606061,82.0,0,0.0,-21.60606060606061,-0.0
1022200006,1611661330,2022,66.0,78.6875,82.0,3,26.101400933955972,-12.6875,-0.0
1022200007,1611661320,2022,87.0,77.8,82.0,1,8.700466977985323,9.200000000000003,-0.0
1022200007,1611661325,2022,77.0,74.25,82.0,3,26.101400933955972,2.75,-0.0
1022200008,1611661319,2022,85.0,92.11891891891892,82.0,2,17.400933955970647,-7.118918918918922,-0.0
1022200008,1611661328,2022,74.0,87.13333333333334,82.0,1,8.700466977985323,-13.13333333333334,-0.0
1022200009,1611661322,2022,78.0,80.625,82.0,3,26.101400933955972,-2.625,-0.0
1022200009,1611661324,2022,66.0,80.81212121212121,82.0,0,0.0,-14.812121212121212,-0.0
1022200010,1611661319,2022,76.0,90.7210843958725,82.0,1,8.700466977985323,-14.721084395872495,-0.0
1022200010,1611661322,2022,89.0,80.13402326025607,82.0,2,17.400933955970647,8.865976739743928,-0.0
1022200011,1611661324,2022,76.0,78.40435833241234,82.0,2,17.400933955970647,-2.404358332412343,-0.0
1022200011,1611661325,2022,82.0,74.77437564580396,82.0,2,17.400933955970647,7.225624354196043,-0.0
1022200012,1611661320,2022,75.0,79.0715018644232,82.0,0,0.0,-4.0715018644231975,-0.0
1022200012,1611661330,2022,77.0,76.15,82.0,1,8.700466977985323,0.8499999999999943,-0.0
1022200013,1611661313,2022,50.0,79.06060606060606,82.0,0,0.0,-29.060606060606062,-0.0
1022200013,1611661329,2022,83.0,85.07619047619048,82.0,1,8.700466977985323,-2.076190476190476,-0.0
1022200014,1611661317,2022,97.0,83.51627906976744,82.0,1,8.700466977985323,13.483720930232565,-0.0
1022200014,1611661328,2022,77.0,84.77534495410664,82.0,0,0.0,-7.775344954106643,-0.0
1022200015,1611661321,2022,94.0,76.28484848484848,82.0,1,8.700466977985323,17.71515151515152,-0.0
1022200015,1611661322,2022,86.0,81.42863565895257,82.0,0,0.0,4.571364341047428,-0.0
1022200016,1611661319,2022,96.0,88.4409236208589,82.0,0,0.0,7.5590763791411035,-0.0
1022200016,1611661330,2022,73.0,76.4360246417131,82.0,0,0.0,-3.4360246417131037,-0.0
1022200017,1611661313,2022,86.0,74.12203111577931,82.0,0,0.0,11.877968884220692,-0.0
1022200017,1611661325,2022,92.0,75.87002258264722,82.0,0,0.0,16.129977417352777,-0.0
1022200018,1611661317,2022,69.0,85.73219613284306,82.0,0,0.0,-16.732196132843058,-0.0
1022200018,1611661328,2022,64.0,83.61944980058666,82.0,0,0.0,-19.619449800586665,-0.0
1022200019,1611661320,2022,60.0,78.15847594981601,82.0,0,0.0,-18.158475949816008,-0.0
1022200019,1611661323,2022,77.0,79.73333333333333,82.0,2,17.220813784249337,-2.7333333333333343,-0.0
1022200020,1611661324,2022,78.0,78.25051743386011,82.0,0,0.0,-0.2505174338601108,-0.0
1022200020,1611661329,2022,82.0,84.64221363643466,82.0,1,8.180600567811654,-2.6422136364346613,-0.0
1022200021,1611661313,2022,71.0,76.09846360716139,82.0,0,0.0,-5.098463607161392,-0.0
1022200021,1611661321,2022,81.0,79.52123702090266,82.0,0,0.0,1.4787629790973398,-0.0
1022200022,1611661325,2022,79.0,77.98781731006238,82.0,0,0.0,1.0121826899376174,-0.0
1022200022,1611661330,2022,85.0,76.03818344058983,82.0,0,0.0,8.961816559410167,-0.0
1022200023,1611661313,2022,65.0,75.53052115266128,82.0,0,0.0,-10.53052115266128,-0.0
1022200023,1611661323,2022,92.0,79.28167407939847,82.0,1,8.027211920465197,12.71832592060153,-0.0
1022200024,1611661325,2022,79.0,78.00287545893111,78.91592566018507,1,13.265224997117656,0.9971245410688852,-0.0
1022200024,1611661330,2022,101.0,77.34530777793593,82.0,0,0.0,23.65469222206407,-0.0
1022200025,1611661321,2022,68.0,79.7933491770403,82.0,0,0.0,-11.793349177040298,-0.0
1022200025,1611661322,2022,84.0,81.96316292775961,82.0,0,0.0,2.036837072240388,-0.0
1022200026,1611661317,2022,74.0,83.09232660850904,82.0,0,0.0,-9.09232660850904,-0.0
1022200026,1611661319,2022,86.0,89.45407699852925,82.0,0,0.0,-3.4540769985292457,-0.0
1022200027,1611661320,2022,84.0,75.50819212266669,82.0,0,0.0,8.491807877333315,-0.0
1022200027,1611661324,2022,87.0,78.40528847932286,82.0,0,0.0,8.594711520677137,-0.0
1022200028,1611661328,2022,74.0,81.05977710710246,82.0,0,0.0,-7.059777107102462,-0.0
1022200028,1611661329,2022,71.0,84.19979922060463,82.0,0,0.0,-13.199799220604632,-0.0
1022200029,1611661319,2022,93.0,89.00222958680382,83.74641388071387,0,0.0,3.9977704131961787,-0.0
1022200029,1611661324,2022,87.0,79.61448995590322,76.79600380867954,0,0.0,7.385510044096776,-0.0
1022200030,1611661317,2022,84.0,81.85395435644358,82.0,1,16.373125261985244,2.1460456435564197,-0.0
1022200030,1611661321,2022,94.0,78.26279622972787,82.0,0,0.0,15.737203770272131,-0.0
1022200031,1611661323,2022,94.0,81.19486195031067,82.0,0,0.0,12.805138049689333,-0.0
1022200031,1611661325,2022,85.0,78.01457707637482,78.90483864224913,0,0.0,6.98542292362518,-0.0
1022200032,1611661322,2022,78.0,82.12251932844363,81.85044624437398,1,18.054428829963996,-4.12251932844363,-0.0
1022200032,1611661330,2022,73.0,80.27147930448548,78.63438235916581,0,0.0,-7.2714793044854815,-0.0
1022200033,1611661320,2022,80.0,76.42805966456928,78.6023377204157,0,0.0,3.5719403354307246,-0.0
1022200033,1611661328,2022,83.0,80.34799129814729,75.54152669048776,0,0.0,2.652008701852708,-0.0
1022200034,1611661317,2022,80.0,82.13634241419221,79.84080839553866,0,0.0,-2.136342414192214,-0.0
1022200034,1611661319,2022,100.0,89.43898720920481,84.08095823976919,0,0.0,10.56101279079519,-0.0
1022200035,1611661321,2022,94.0,80.26800552483319,77.74104621639773,0,0.0,13.731994475166815,-0.0
1022200035,1611661324,2022,78.0,80.55415479881717,78.29574908047677,0,0.0,-2.554154798817166,-0.0
1022200036,1611661323,2022,92.0,82.83927531635162,82.0,0,0.0,9.160724683648382,-0.0
1022200036,1611661325,2022,70.0,78.65686947968122,78.4532574826721,0,0.0,-8.65686947968122,-0.0
1022200037,1611661322,2022,73.0,81.57102346534145,79.88077483680554,0,0.0,-8.571023465341455,-0.0
1022200037,1611661329,2022,82.0,82.4199488703618,82.0,0,0.0,-0.41994887036179307,-0.0
1022200038,1611661319,2022,104.0,90.52543993913986,84.94508020029414,0,0.0,13.474560060860142,-0.0
1022200038,1611661320,2022,76.0,76.69266379877604,78.03153107994834,0,0.0,-0.6926637987760387,-0.0
1022200039,1611661321,2022,85.0,81.82624434093465,80.0528520127634,0,0.0,3.1737556590653497,-0.0
1022200039,1611661323,2022,77.0,83.8337330447117,82.3318017510415,0,0.0,-6.833733044711707,-0.0
1022200040,1611661322,2022,70.0,80.6041421670298,78.99211846717678,0,0.0,-10.604142167029806,-0.0
1022200040,1611661330,2022,50.0,79.39384900960115,77.69884107285662,0,0.0,-29.393849009601155,-0.0
1022200041,1611661325,2022,90.0,77.68253127039502,77.7174422583978,0,0.0,12.317468729604983,-0.0
1022200041,1611661329,2022,95.0,82.41633407577372,78.40907143307462,0,0.0,12.583665924226281,-0.0
1022200042,1611661313,2022,78.0,74.37469044561834,71.19498575594847,1,13.450588610994133,3.6253095543816585,-0.0
1022200042,1611661324,2022,84.0,80.35338379960233,77.8435295925424,0,0.0,3.6466162003976734,-0.0
1022200043,1611661317,2022,94.0,81.90556420646502,79.6331190195522,0,0.0,12.094435793534984,-0.0
1022200043,1611661320,2022,99.0,76.48150906709047,77.2697485353001,0,0.0,22.51849093290953,-0.0
1022200044,1611661321,2022,68.0,82.1183252222136,80.4248272848722,0,0.0,-14.118325222213599,-0.0
1022200044,1611661323,2022,99.0,82.91819406766322,80.90277359460569,0,0.0,16.081805932336778,-0.0
1022200045,1611661320,2022,96.0,78.60430063671478,79.8404143709304,0,0.0,17.395699363285217,-0.0
1022200045,1611661325,2022,101.0,78.77814411241415,78.41096367297217,0,0.0,22.221855887585846,-0.0
1022200046,1611661313,2022,71.0,74.93971690460496,72.61757415238455,0,0.0,-3.939716904604964,-0.0
1022200046,1611661328,2022,79.0,80.80786232809605,76.31874831975864,1,11.470803233959062,-1.80786232809605,-0.0
1022200047,1611661319,2022,83.0,91.80746267500986,89.81840721717384,0,0.0,-8.807462675009859,-0.0
1022200047,1611661329,2022,76.0,83.87674216085772,80.225479750566,0,0.0,-7.876742160857717,-0.0
1022200048,1611661322,2022,71.0,79.5190557710542,78.34181996304252,1,17.197304993305593,-8.519055771054198,-0.0
1022200048,1611661323,2022,79.0,84.50962048023636,82.24455381975221,0,0.0,-5.509620480236364,-0.0
1022200049,1611661317,2022,54.0,83.19861838211209,81.10849817161602,0,0.0,-29.198618382112087,-0.0
1022200049,1611661330,2022,81.0,76.26821124079837,74.14398842148336,0,0.0,4.731788759201635,-0.0
1022200050,1611661313,2022,61.0,74.6514406091171,72.71573670283487,0,0.0,-13.651440609117103,-0.0
1022200050,1611661328,2022,92.0,80.75228746387359,76.62523318269439,0,0.0,11.247712536126414,-0.0
1022200051,1611661320,2022,85.0,80.07252506088768,81.67350623297995,0,0.0,4.927474939112315,-0.0
1022200051,1611661324,2022,83.0,80.78875075797687,78.49983710883586,0,0.0,2.211249242023129,-0.0
1022200052,1611661322,2022,87.0,78.71786808750853,77.20595054605766,0,0.0,8.282131912491465,-0.0
1022200052,1611661325,2022,75.0,80.69670238751196,80.73351628657798,0,0.0,-5.696702387511962,-0.0
1022200053,1611661317,2022,70.0,80.25925835018208,77.44065486704977,0,0.0,-10.25925835018208,-0.0
1022200053,1611661329,2022,73.0,83.03592745277545,79.35860110653796,0,0.0,-10.035927452775454,-0.0
1022200054,1611661319,2022,89.0,90.87095823322983,84.81043973513525,0,0.0,-1.8709582332298282,-0.0
1022200054,1611661323,2022,81.0,83.80789130089181,83.18397896273176,0,0.0,-2.8078913008918107,-0.0
1022200055,1611661320,2022,93.0,80.29983450480795,80.65051430223653,0,0.0,12.700165495192053,-0.0
1022200055,1611661321,2022,91.0,80.65984517197114,78.74527943330054,0,0.0,10.340154828028858,-0.0
1022200056,1611661324,2022,76.0,81.05331586924653,79.96663087531411,0,0.0,-5.053315869246532,-0.0
1022200056,1611661330,2022,84.0,76.82035990834055,74.53570125953206,0,0.0,7.179640091659451,-0.0
1022200057,1611661313,2022,87.0,73.41958200984908,72.66850272389372,0,0.0,13.58041799015092,-0.0
1022200057,1611661325,2022,74.0,80.04038849630683,82.03483898129544,0,0.0,-6.040388496306832,-0.0
1022200058,1611661319,2022,90.0,90.63343162330183,84.11661304166347,0,0.0,-0.6334316233018313,-0.0
1022200058,1611661323,2022,97.0,83.41834710835914,82.18596123620884,0,0.0,13.581652891640857,-0.0
1022200059,1611661313,2022,74.0,74.8726054250775,73.77577010339954,0,0.0,-0.8726054250774951,-0.0
1022200059,1611661322,2022,70.0,79.50410522866846,77.71007112520587,0,0.0,-9.504105228668465,-0.0
1022200060,1611661329,2022,73.0,82.05329953137033,78.98197688271944,0,0.0,-9.053299531370328,-0.0
1022200060,1611661330,2022,65.0,77.56144803921894,75.66133759769926,0,0.0,-12.561448039218945,-0.0
1022200061,1611661317,2022,88.0,79.35183179263115,76.50088240292247,0,0.0,8.648168207368855,-0.0
1022200061,1611661323,2022,92.0,84.54911956412607,82.18596123620884,0,0.0,7.450880435873927,-0.0
1022200062,1611661321,2022,68.0,81.64064304868164,79.87855902332491,0,0.0,-13.640643048681639,-0.0
1022200062,1611661328,2022,51.0,82.00395697276815,77.94357979522233,0,0.0,-31.00395697276815,-0.0
1022200063,1611661313,2022,77.0,74.90509060317058,75.00360139938934,0,0.0,2.094909396829422,-0.0
1022200063,1611661324,2022,84.0,80.63739535133988,79.43700980515447,0,0.0,3.362604648660124,-0.0
1022200064,1611661325,2022,66.0,79.39486807721877,80.42796931485384,0,0.0,-13.394868077218774,-0.0
1022200064,1611661330,2022,75.0,76.45175697257982,74.55939895217873,0,0.0,-1.4517569725798154,-0.0
1022200065,1611661322,2022,82.0,78.67872445614844,76.58153902116544,1,17.172880694692235,3.3212755438515558,-0.0
1022200065,1611661329,2022,91.0,81.24171795898951,77.85686376870663,0,0.0,9.758282041010489,-0.0
1022200066,1611661319,2022,84.0,90.52010101472797,84.02281567546515,1,19.70379320447762,-6.52010101472797,-0.0
1022200066,1611661321,2022,78.0,80.36738024626726,78.12141114560367,0,0.0,-2.3673802462672597,-0.0
1022200067,1611661317,2022,81.0,80.23125105248998,77.8394865520271,0,0.0,0.7687489475100193,-0.0
1022200067,1611661320,2022,74.0,81.19376053593032,82.02123916792063,0,0.0,-7.193760535930323,-0.0
1022200068,1611661323,2022,93.0,85.06765018329874,84.92127682977292,0,0.0,7.932349816701262,-0.0
1022200068,1611661328,2022,86.0,79.14203520465024,75.14965284362233,0,0.0,6.8579647953497584,-0.0
1022200069,1611661313,2022,88.0,75.19566436863364,74.28503732905781,0,0.0,12.804335631366357,-0.0
1022200069,1611661324,2022,69.0,80.98694112455325,79.66091875032092,0,0.0,-11.986941124553255,-0.0
1022200070,1611661328,2022,72.0,79.93345272844232,75.74881279165818,0,0.0,-7.933452728442319,-0.0
1022200070,1611661330,2022,60.0,76.38953604076555,73.41761484489922,0,0.0,-16.38953604076555,-0.0
1022200071,1611661323,2022,88.0,85.59546112419221,83.15381460825581,0,0.0,2.4045388758077877,-0.0
1022200071,1611661325,2022,69.0,78.18010887325072,78.87926635191215,0,0.0,-9.180108873250717,-0.0
1022200072,1611661322,2022,84.0,78.99150159811016,76.66886387634958,0,0.0,5.008498401889838,-0.0
1022200072,1611661329,2022,82.0,82.20135707617642,79.32907409338407,0,0.0,-0.2013570761764214,-0.0
1022200073,1611661323,2022,79.0,85.63822606219058,82.87232943679106,0,0.0,-6.638226062190583,-0.0
1022200073,1611661329,2022,83.0,82.22427920927694,79.27952780443925,0,0.0,0.7757207907230566,-0.0
1022200074,1611661313,2022,97.0,76.37698581753048,75.17278315085731,0,0.0,20.623014182469518,-0.0
1022200074,1611661325,2022,83.0,77.36737219500239,77.11873762979411,0,0.0,5.632627804997611,-0.0
1022200075,1611661321,2022,88.0,80.16672480581312,78.04535877720804,0,0.0,7.833275194186882,-0.0
1022200075,1611661328,2022,89.0,79.37553704722944,75.33827888955648,0,0.0,9.624462952770557,-0.0
1022200076,1611661322,2022,76.0,79.42557246166307,76.67551965871544,1,12.953998599170676,-3.425572461663066,-0.0
1022200076,1611661324,2022,59.0,80.01317707429669,77.96569862940461,1,15.68574714911042,-21.013177074296692,-0.0
1022200077,1611661317,2022,90.0,80.36166849173894,78.24866269485626,0,0.0,9.63833150826106,-0.0
1022200077,1611661330,2022,88.0,75.06399602183211,71.43726391613131,0,0.0,12.93600397816789,-0.0
1022200078,1611661319,2022,89.0,89.91432801624792,85.5070116251255,0,0.0,-0.9143280162479215,-0.0
1022200078,1611661320,2022,72.0,80.34576296285007,79.7931660388042,0,0.0,-8.345762962850074,-0.0
1022200079,1611661313,2022,86.0,78.13552528559849,76.97814352886952,0,0.0,7.86447471440151,-0.0
1022200079,1611661329,2022,88.0,82.32868740015742,79.42974264243063,0,0.0,5.6713125998425795,-0.0
1022200080,1611661321,2022,79.0,80.84355915466354,78.36562584566158,0,0.0,-1.843559154663538,-0.0
1022200080,1611661328,2022,84.0,80.34094004287604,75.69233990569566,0,0.0,3.659059957123958,-0.0
1022200081,1611661317,2022,99.0,81.23651574644964,80.39221513557698,0,0.0,17.76348425355036,-0.0
1022200081,1611661322,2022,90.0,79.16026528922556,76.8033075881818,0,0.0,10.839734710774437,-0.0
1022200082,1611661324,2022,80.0,78.35102747731665,76.91888051686179,1,12.010754219385088,1.6489725226833514,-0.0
1022200082,1611661325,2022,84.0,77.75521768373207,76.99357010745837,0,0.0,6.24478231626793,-0.0
1022200083,1611661317,2022,65.0,82.73112382043486,81.9020979510955,0,0.0,-17.73112382043486,-0.0
1022200083,1611661322,2022,83.0,80.02566234897779,77.99940980461558,0,0.0,2.9743376510222106,-0.0
1022200084,1611661324,2022,79.0,78.59418765924535,76.51659416938045,0,0.0,0.40581234075465034,-0.0
1022200084,1611661328,2022,81.0,80.7605532873272,76.84775075140038,0,0.0,0.2394467126728017,-0.0
1022200085,1611661319,2022,92.0,89.8044232180763,85.00808548874784,0,0.0,2.1955767819237053,-0.0
1022200085,1611661321,2022,84.0,80.68523810441295,77.57194692195112,0,0.0,3.314761895587054,-0.0
1022200086,1611661323,2022,105.0,84.95338393604578,81.36402775693348,0,0.0,20.046616063954218,-0.0
1022200086,1611661330,2022,92.0,76.2284194409208,72.98996642714556,0,0.0,15.771580559079197,-0.0
1022200087,1611661317,2022,93.0,81.2998983509409,81.9020979510955,0,0.0,11.700101649059107,-0.0
1022200087,1611661325,2022,80.0,78.17203233591965,77.32027261510805,0,0.0,1.8279676640803473,-0.0
1022200088,1611661313,2022,77.0,78.77808931167101,77.54695469889393,0,0.0,-1.7780893116710104,-0.0
1022200088,1611661322,2022,65.0,80.2475913858202,79.21850586600145,0,0.0,-15.2475913858202,-0.0
1022200089,1611661323,2022,82.0,86.39294583436525,83.05100374330365,0,0.0,-4.39294583436525,-0.0
1022200089,1611661328,2022,71.0,80.88377904837556,77.7504515070705,0,0.0,-9.883779048375558,-0.0
1022200090,1611661317,2022,88.0,82.24504198416923,80.78666596173328,0,0.0,5.754958015830766,-0.0
1022200090,1611661321,2022,93.0,80.94901984577399,78.10758624868102,0,0.0,12.05098015422601,-0.0
1022200091,1611661329,2022,106.0,82.83038095158594,78.9737747309913,1,11.352406744453434,23.169619048414063,-0.0
1022200091,1611661330,2022,100.0,77.55900524063243,74.87779613883893,0,0.0,22.44099475936757,-0.0
1022200092,1611661313,2022,72.0,78.6335212867821,76.72456425890913,0,0.0,-6.6335212867820985,-0.0
1022200092,1611661328,2022,81.0,80.20781931531978,77.0882539681262,0,0.0,0.7921806846802184,-0.0
1022200093,1611661325,2022,89.0,78.23816288713236,77.27388005770686,0,0.0,10.761837112867639,-0.0
1022200093,1611661329,2022,87.0,84.70927607164029,83.14620925935402,0,0.0,2.2907239283597107,-0.0
1022200094,1611661322,2022,71.0,79.08834621946727,77.87372999214875,0,0.0,-8.088346219467269,-0.0
1022200094,1611661323,2022,63.0,85.8910532076814,83.3834769980125,0,0.0,-22.891053207681395,-0.0
1022200095,1611661320,2022,82.0,79.45076756729273,80.32761507204918,0,0.0,2.549232432707271,-0.0
1022200095,1611661321,2022,92.0,81.88424098770014,79.13217374453086,0,0.0,10.115759012299861,-0.0
1022200096,1611661319,2022,96.0,89.94976117454779,82.5534758369729,0,0.0,6.050238825452212,-0.0
1022200096,1611661324,2022,95.0,78.72796347927961,75.6715451667267,0,0.0,16.27203652072039,-0.0
1022200097,1611661321,2022,75.0,82.62764303361388,81.28986839762997,0,0.0,-7.627643033613879,-0.0
1022200097,1611661330,2022,80.0,79.34651010721477,76.50777688870735,0,0.0,0.6534898927852311,-0.0
1022200098,1611661319,2022,95.0,90.38992954370208,83.03003011144742,0,0.0,4.610070456297919,-0.0
1022200098,1611661329,2022,104.0,84.85976868218785,83.21517157919759,0,0.0,19.14023131781215,-0.0
1022200099,1611661317,2022,71.0,82.69031638371467,79.96868045077667,0,0.0,-11.690316383714674,-0.0
1022200099,1611661324,2022,84.0,80.07258877759114,77.31015607085826,0,0.0,3.927411222408864,-0.0
1022200100,1611661320,2022,84.0,79.47681191863161,79.62366896610637,0,0.0,4.523188081368389,-0.0
1022200100,1611661322,2022,82.0,78.50693094541273,77.435675255884,1,12.912208561963928,3.4930690545872665,-0.0
1022200101,1611661313,2022,81.0,78.12321141523412,75.91830417624425,0,0.0,2.876788584765876,-0.0
1022200101,1611661323,2022,77.0,84.01890522322873,80.67617059898859,0,0.0,-7.018905223228728,-0.0
1022200102,1611661321,2022,94.0,82.00304492641604,79.43742061953006,0,0.0,11.996955073583962,-0.0
1022200102,1611661325,2022,68.0,78.96254016589658,77.04646430042897,0,0.0,-10.962540165896584,-0.0
1022200103,1611661317,2022,88.0,81.8030875710698,80.59907439266465,0,0.0,6.196912428930204,-0.0
1022200103,1611661324,2022,100.0,80.42921183961333,78.10619477858222,0,0.0,19.57078816038667,-0.0
1022200104,1611661322,2022,71.0,78.79223659039545,78.35594863208277,0,0.0,-7.792236590395447,-0.0
1022200104,1611661328,2022,85.0,80.38213229157088,77.0220949884216,0,0.0,4.617867708429117,-0.0
1022200105,1611661320,2022,59.0,79.65622298715165,79.64437967570342,0,0.0,-20.65622298715165,-0.0
1022200105,1611661329,2022,82.0,86.29576038780014,84.54495993431513,0,0.0,-4.295760387800144,-0.0
1022200106,1611661313,2022,89.0,78.3510371989983,76.69218896971728,0,0.0,10.648962801001701,-0.0
1022200106,1611661330,2022,77.0,79.37985543519507,76.978040126825,0,0.0,-2.3798554351950685,-0.0
1022200107,1611661317,2022,83.0,82.27612776551946,81.47051558424207,1,18.580320120905316,0.7238722344805382,-0.0
1022200107,1611661321,2022,72.0,82.85635352313822,80.07475230795592,1,14.035826460432105,-10.856353523138225,-0.0
1022200108,1611661320,2022,85.0,77.89587104585651,78.03366825350614,0,0.0,7.104128954143491,-0.0
1022200108,1611661328,2022,77.0,80.8367460187144,77.70352147889739,0,0.0,-3.8367460187143934,-0.0
1022200109,1611661319,2022,86.0,90.69921249077153,83.8750014448157,0,0.0,-4.699212490771529,-0.0
1022200109,1611661322,2022,87.0,78.2559920365747,77.9884833230239,0,0.0,8.744007963425304,-0.0
1022200110,1611661323,2022,72.0,83.39883390771394,80.87912377366254,0,0.0,-11.398833907713936,-0.0
1022200110,1611661330,2022,61.0,79.18343880251625,77.14059159240603,0,0.0,-18.18343880251625,-0.0
1022200111,1611661324,2022,85.0,81.92843739328117,80.29528367239223,0,0.0,3.071562606718828,-0.0
1022200111,1611661329,2022,88.0,85.90496845746252,82.09269701763337,1,13.692902188488832,2.095031542537484,-0.0
1022200112,1611661317,2022,83.0,82.33174836662333,79.83611781346175,0,0.0,0.6682516333766699,-0.0
1022200112,1611661325,2022,71.0,78.07559266874337,76.45017450729966,0,0.0,-7.075592668743369,-0.0
1022200113,1611661319,2022,79.0,90.2942953046071,86.06340070072957,1,13.31592846462047,-11.294295304607104,-0.0
1022200113,1611661320,2022,73.0,78.30197864080252,78.21596146024052,0,0.0,-5.301978640802517,-0.0
1022200114,1611661322,2022,92.0,78.91225075882672,78.41576949656445,0,0.0,13.087749241173285,-0.0
1022200114,1611661330,2022,74.0,77.82591398881924,75.88029300482987,0,0.0,-3.825913988819238,-0.0
1022200115,1611661321,2022,64.0,82.01099699206559,79.04580510822066,0,0.0,-18.010996992065586,-0.0
1022200115,1611661324,2022,92.0,82.16640387684414,79.28532546063964,0,0.0,9.833596123155857,-0.0
1022200116,1611661323,2022,83.0,82.48416085430785,79.6859075686451,0,0.0,0.5158391456921549,-0.0
1022200116,1611661329,2022,91.0,86.00324121230078,82.05936542240207,0,0.0,4.996758787699221,-0.0
1022200117,1611661317,2022,99.0,82.38127592400865,80.5647370608497,0,0.0,16.618724075991352,-0.0
1022200117,1611661325,2022,78.0,77.50134245088573,76.50774504968271,0,0.0,0.4986575491142702,-0.0
1022200118,1611661319,2022,78.0,89.4182397233852,85.40359847426632,0,0.0,-11.418239723385199,-0.0
1022200118,1611661328,2022,88.0,80.64694833665743,77.67574191490051,0,0.0,7.353051663342569,-0.0
1022200119,1611661313,2022,81.0,79.14444476161563,78.07129252886168,0,0.0,1.855555238384369,-0.0
1022200119,1611661330,2022,92.0,77.56801905068752,75.39039219847788,0,0.0,14.431980949312475,-0.0
1022200120,1611661320,2022,97.0,77.77332870239994,78.37746475636087,1,11.286642540292132,19.226671297600063,-0.0
1022200120,1611661321,2022,89.0,80.68348563830408,77.87393637046152,0,0.0,8.316514361695923,-0.0
1022200121,1611661319,2022,91.0,88.56776029934467,84.58106765421405,0,0.0,2.4322397006553302,-0.0
1022200121,1611661324,2022,85.0,82.88121756683444,80.27203459773767,0,0.0,2.1187824331655634,-0.0
1022200122,1611661325,2022,57.0,77.48516701064457,77.10547837001437,1,11.052448598629688,-20.485167010644574,-0.0
1022200122,1611661328,2022,73.0,81.27987090914105,78.71014801220385,0,0.0,-8.279870909141053,-0.0
1022200123,1611661317,2022,75.0,83.56060711892616,81.92606167078023,0,0.0,-8.560607118926157,-0.0
1022200123,1611661329,2022,91.0,86.30903477062546,82.71899296822761,0,0.0,4.690965229374541,-0.0
1022200124,1611661322,2022,72.0,79.85042635189501,80.7533515990751,0,0.0,-7.85042635189501,-0.0
1022200124,1611661323,2022,74.0,82.45998301393459,78.93500266685078,0,0.0,-8.45998301393459,-0.0
1022200125,1611661328,2022,76.0,80.76578270778893,78.4233387767207,0,0.0,-4.765782707788929,-0.0
1022200125,1611661330,2022,90.0,78.63158717200889,76.96497842938896,0,0.0,11.368412827991108,-0.0
1022200126,1611661319,2022,71.0,88.74443407297107,84.43385955609506,0,0.0,-17.744434072971075,-0.0
1022200126,1611661324,2022,102.0,83.02291090307698,80.62168147931865,0,0.0,18.977089096923024,-0.0
1022200127,1611661313,2022,74.0,79.26587511400511,79.03684692545922,0,0.0,-5.265875114005112,-0.0
1022200127,1611661320,2022,84.0,79.05257471649762,78.92549802690456,0,0.0,4.947425283502383,-0.0
1022200128,1611661317,2022,75.0,82.93305549436526,80.58423566017589,0,0.0,-7.933055494365263,-0.0
1022200128,1611661320,2022,78.0,79.25769764180129,78.92549802690456,0,0.0,-1.2576976418012862,-0.0
1022200129,1611661325,2022,73.0,75.99780013418594,75.7459551594291,1,8.26329071382168,-2.997800134185937,-0.0
1022200129,1611661328,2022,95.0,80.51955344938922,78.9358395190188,0,0.0,14.480446550610779,-0.0
1022200130,1611661321,2022,82.0,81.27166938997865,77.8138789489377,0,0.0,0.7283306100213451,-0.0
1022200130,1611661323,2022,71.0,81.79989657810329,79.04361342568222,0,0.0,-10.799896578103287,-0.0
1022200131,1611661324,2022,81.0,84.34209265012801,81.93102307051365,0,0.0,-3.3420926501280093,-0.0
1022200131,1611661329,2022,78.0,86.58132970644797,85.59948079673862,0,0.0,-8.581329706447974,-0.0
1022200132,1611661322,2022,85.0,79.30390474719428,79.19564541279486,0,0.0,5.696095252805719,-0.0
1022200132,1611661330,2022,66.0,79.43942540000084,77.38708149964114,0,0.0,-13.439425400000843,-0.0
1022200133,1611661313,2022,116.0,78.87108758452857,78.859783721339,0,0.0,37.12891241547143,-0.0
1022200133,1611661319,2022,107.0,87.48331592534825,82.155673642874,0,0.0,19.51668407465175,-0.0
1022200134,1611661325,2022,84.0,75.77391938079043,75.60918946462715,0,0.0,8.226080619209569,-0.0
1022200134,1611661329,2022,93.0,85.90220607654099,85.59948079673862,0,0.0,7.097793923459008,-0.0
1022200135,1611661313,2022,81.0,81.49820765214855,78.859783721339,0,0.0,-0.498207652148551,-0.0
1022200135,1611661317,2022,84.0,82.37000136644184,79.16651761371868,0,0.0,1.6299986335581593,-0.0
1022200136,1611661320,2022,69.0,79.01520034673486,79.26251653807768,0,0.0,-10.015200346734858,-0.0
1022200136,1611661328,2022,106.0,81.63173852649314,78.73809996331644,0,0.0,24.368261473506863,-0.0
1022200137,1611661321,2022,74.0,81.30725427547908,77.50506559369381,1,13.786676391736293,-7.307254275479082,-0.0
1022200137,1611661328,2022,83.0,83.39316841388539,78.82025160648729,0,0.0,-0.39316841388539103,-0.0
1022200138,1611661313,2022,101.0,81.39521684921479,80.05789057064804,0,0.0,19.60478315078521,-0.0
1022200138,1611661319,2022,107.0,88.87930060177878,86.49054611077077,0,0.0,18.12069939822122,-0.0
1022200139,1611661329,2022,90.0,86.34631066001799,82.70647600491026,0,0.0,3.6536893399820087,-0.0
1022200139,1611661330,2022,75.0,78.47931014313528,75.44859546478801,0,0.0,-3.4793101431352795,-0.0
1022200140,1611661317,2022,107.0,82.48266377331176,80.43935787652686,0,0.0,24.517336226688244,-0.0
1022200140,1611661324,2022,118.0,84.06800501421792,81.09694815822056,0,0.0,33.93199498578208,-0.0
1022200141,1611661320,2022,81.0,78.16687766065115,78.52532497184447,1,18.168254404290508,2.833122339348847,-0.0
1022200141,1611661322,2022,94.0,79.70648290015362,79.16474610638305,0,0.0,14.293517099846383,-0.0
1022200142,1611661323,2022,89.0,80.99856928704813,78.13424179790732,0,0.0,8.001430712951873,-0.0
1022200142,1611661325,2022,81.0,76.32903684206686,76.07047745569886,0,0.0,4.670963157933144,-0.0
1022200143,1611661313,2022,74.0,82.69108595818365,81.51491887841046,0,0.0,-8.691085958183649,-0.0
1022200143,1611661319,2022,108.0,90.1318109990422,87.86855719959675,0,0.0,17.8681890009578,-0.0
1022200144,1611661321,2022,92.0,80.78387191937448,76.99051278320643,0,0.0,11.216128080625523,-0.0
1022200144,1611661324,2022,87.0,86.36582546977556,83.03712822766497,0,0.0,0.6341745302244419,-0.0
1022200145,1611661317,2022,80.0,84.15220833210869,81.32832724603102,0,0.0,-4.152208332108685,-0.0
1022200145,1611661322,2022,75.0,80.68266566236264,80.32074419000574,0,0.0,-5.682665662362638,-0.0
1022200146,1611661320,2022,68.0,78.23870745886101,79.15007402246181,0,0.0,-10.238707458861015,-0.0
1022200146,1611661329,2022,80.0,86.53653054009195,84.05396331399794,0,0.0,-6.536530540091945,-0.0
1022200147,1611661324,2022,87.0,86.32190667362504,85.10643598779333,0,0.0,0.6780933263749631,-0.0
1022200147,1611661325,2022,77.0,76.62448156841496,76.27180342554576,0,0.0,0.37551843158503573,-0.0
1022200148,1611661323,2022,93.0,81.52904692917063,79.27992500877711,0,0.0,11.470953070829367,-0.0
1022200148,1611661330,2022,68.0,78.24259577531316,75.94495746119566,1,12.728873074345776,-10.242595775313163,-0.0
1022200149,1611661321,2022,81.0,81.55106860382345,77.57133894504864,0,0.0,-0.5510686038234525,-0.0
1022200149,1611661329,2022,89.0,86.01991387083343,83.154984315724,0,0.0,2.9800861291665655,-0.0
1022200150,1611661319,2022,91.0,91.3266251878169,89.72247459349512,0,0.0,-0.32662518781690153,-0.0
1022200150,1611661323,2022,83.0,82.28101748846649,80.03167837052011,0,0.0,0.7189825115335111,-0.0
1022200151,1611661322,2022,70.0,80.27799805664166,79.66995491029991,0,0.0,-10.277998056641664,-0.0
1022200151,1611661324,2022,57.0,86.28228580858688,83.89230266425255,0,0.0,-29.282285808586877,-0.0
1022200152,1611661317,2022,75.0,83.83186205387938,81.22024443714048,0,0.0,-8.831862053879377,-0.0
1022200152,1611661330,2022,85.0,77.54843945676419,74.23079690222247,1,12.728873074345776,7.451560543235814,-0.0
1022200153,1611661325,2022,65.0,76.62042007600742,76.29036185160106,0,0.0,-11.62042007600742,-0.0
1022200153,1611661328,2022,81.0,83.39520465517056,78.64652272147435,0,0.0,-2.3952046551705592,-0.0
1022200154,1611661313,2022,63.0,81.99951419334721,82.48705315813574,0,0.0,-18.99951419334721,-0.0
1022200154,1611661323,2022,82.0,82.27652163683896,80.09123677012894,0,0.0,-0.27652163683896447,-0.0
1022200155,1611661319,2022,76.0,91.24374432987366,86.26567098600673,0,0.0,-15.243744329873664,-0.0
1022200155,1611661330,2022,92.0,78.08224637265683,74.88118972724226,0,0.0,13.917753627343174,-0.0
1022200156,1611661320,2022,86.0,77.40936460688422,78.33923735015188,0,0.0,8.590635393115775,-0.0
1022200156,1611661325,2022,79.0,75.81070096083066,75.13622190498265,0,0.0,3.1892990391693417,-0.0
1022200157,1611661328,2022,74.0,83.26068443597683,78.58010216387675,0,0.0,-9.260684435976827,-0.0
1022200157,1611661329,2022,78.0,86.16820812410265,81.1682189829479,0,0.0,-8.168208124102648,-0.0
1022200158,1611661313,2022,69.0,80.62669020629066,80.46022170737966,0,0.0,-11.626690206290661,-0.0
1022200158,1611661322,2022,78.0,79.57653934067491,78.8031434802098,0,0.0,-1.5765393406749126,-0.0
1022200159,1611661320,2022,85.0,77.88959056090255,78.71808467628188,0,0.0,7.110409439097452,-0.0
1022200159,1611661330,2022,78.0,79.03735353742822,77.14566556799679,0,0.0,-1.037353537428217,-0.0
1022200160,1611661319,2022,90.0,90.15424772356236,85.47402436407039,0,0.0,-0.1542477235623636,-0.0
1022200160,1611661325,2022,77.0,76.0125124350581,75.36254320463803,0,0.0,0.987487564941901,-0.0
1022200161,1611661323,2022,94.0,82.20481731709239,80.93231387913062,0,0.0,11.795182682907608,-0.0
1022200161,1611661324,2022,84.0,84.23136537529021,80.23332194279496,0,0.0,-0.23136537529020984,-0.0
1022200162,1611661321,2022,83.0,81.49210932441768,78.24995740954392,0,0.0,1.507890675582317,-0.0
1022200162,1611661329,2022,89.0,85.55785737815138,80.30743839031979,0,0.0,3.4421426218486175,-0.0
1022200163,1611661317,2022,94.0,83.20658505263879,80.47393416409895,0,0.0,10.793414947361214,-0.0
1022200163,1611661328,2022,78.0,82.66578942882515,77.63237072756559,0,0.0,-4.66578942882515,-0.0
1022200164,1611661313,2022,83.0,79.79410256982605,78.47253361426459,0,0.0,3.2058974301739482,-0.0
1022200164,1611661329,2022,80.0,85.745303208142,81.46671395670293,0,0.0,-5.745303208142005,-0.0
1022200165,1611661319,2022,84.0,90.11031248996258,84.37591536705992,0,0.0,-6.110312489962581,-0.0
1022200165,1611661320,2022,66.0,78.25517275458235,79.11941573877769,0,0.0,-12.255172754582347,-0.0
1022200166,1611661321,2022,96.0,81.57421672277515,76.83623163506395,0,0.0,14.425783277224852,-0.0
1022200166,1611661325,2022,86.0,76.062610956958,76.28934551019726,0,0.0,9.937389043042003,-0.0
1022200167,1611661328,2022,82.0,82.3970033934215,77.19726244343357,0,0.0,-0.3970033934214996,-0.0
1022200167,1611661330,2022,72.0,78.95987206184954,77.09383182642677,0,0.0,-6.959872061849538,-0.0
1022200168,1611661323,2022,86.0,82.94608436137295,81.84919964930556,0,0.0,3.0539156386270463,-0.0
1022200168,1611661324,2022,79.0,84.17789961931938,79.68680709037795,1,13.581282906915812,-5.177899619319376,-0.0
1022200169,1611661324,2022,92.0,83.79773570856898,80.18023361209822,0,0.0,8.202264291431021,-0.0
1022200169,1611661330,2022,85.0,78.48934446352939,76.21824373673073,0,0.0,6.510655536470608,-0.0
1022200170,1611661323,2022,88.0,83.0827784488358,80.92496599506183,0,0.0,4.917221551164204,-0.0
1022200170,1611661328,2022,83.0,82.42079494941166,78.124542112944,0,0.0,0.5792050505883424,-0.0
1022200171,1611661321,2022,77.0,82.52161871001485,76.72715507582734,0,0.0,-5.521618710014849,-0.0
1022200171,1611661322,2022,87.0,79.47585874500861,78.62076315586256,0,0.0,7.524141254991392,-0.0
1022200172,1611661317,2022,90.0,83.90894974254896,81.72132468324166,0,0.0,6.091050257451045,-0.0
1022200172,1611661320,2022,80.0,77.30921964361767,77.89756236084315,0,0.0,2.6907803563823336,-0.0
1022200173,1611661319,2022,93.0,89.67013324741333,86.68300587967425,0,0.0,3.3298667525866676,-0.0
1022200173,1611661325,2022,72.0,76.70196984733902,76.73612138813456,0,0.0,-4.701969847339015,-0.0
1022200174,1611661313,2022,81.0,79.98227665463541,78.39274202922323,0,0.0,1.0177233453645869,-0.0
1022200174,1611661329,2022,89.0,85.3142318768291,80.14940290495164,1,13.921379054634746,3.6857681231709023,-0.0
1022200175,1611661322,2022,77.0,79.98179205745294,78.65157370734192,0,0.0,-2.9817920574529353,-0.0
1022200175,1611661328,2022,82.0,82.5086917701575,78.17060647887911,0,0.0,-0.5086917701574976,-0.0
1022200176,1611661321,2022,81.0,82.11067157095742,76.27237404791643,0,0.0,-1.1106715709574217,-0.0
1022200176,1611661330,2022,68.0,78.92567370367186,76.74547438631835,0,0.0,-10.925673703671862,-0.0
1022200177,1611661323,2022,92.0,83.33928543434898,81.15633886632801,0,0.0,8.66071456565102,-0.0
1022200177,1611661329,2022,95.0,85.52090978371467,82.25411329531346,0,0.0,9.479090216285329,-0.0
1022200178,1611661313,2022,89.0,80.01903511813019,77.85058320847267,0,0.0,8.98096488186981,-0.0
1022200178,1611661317,2022,69.0,84.27973573255981,83.14467093418656,0,0.0,-15.279735732559814,-0.0
1022200179,1611661319,2022,94.0,89.86856155351794,85.99344802246253,0,0.0,4.131438446482065,-0.0
1022200179,1611661325,2022,69.0,76.36289736718273,76.70225683254424,1,16.74188404880507,-7.362897367182725,-0.0
1022200180,1611661322,2022,78.0,79.78062273607743,78.65157370734192,0,0.0,-1.780622736077433,-0.0
1022200180,1611661328,2022,75.0,82.5223997873441,78.17060647887911,0,0.0,-7.522399787344099,-0.0
1022200181,1611661320,2022,77.0,77.3877839960105,77.77514047141159,0,0.0,-0.38778399601049784,-0.0
1022200181,1611661324,2022,84.0,84.31092381669127,81.04103422058313,0,0.0,-0.3109238166912718,-0.0
1022200182,1611661317,2022,63.0,83.23010459941621,81.40540641751912,0,0.0,-20.230104599416208,-0.0
1022200182,1611661323,2022,87.0,83.83584301014024,80.44665385965192,0,0.0,3.1641569898597623,-0.0
1022200183,1611661313,2022,102.0,80.58310818991356,78.09748689995524,0,0.0,21.41689181008644,-0.0
1022200183,1611661320,2022,73.0,77.25990261528393,77.88389161575171,0,0.0,-4.259902615283934,-0.0
1022200184,1611661319,2022,73.0,90.11447892353746,85.21027474286453,0,0.0,-17.11447892353746,-0.0
1022200184,1611661322,2022,83.0,79.66370230828633,77.78792142034183,0,0.0,3.3362976917136677,-0.0
1022200185,1611661321,2022,84.0,82.00384055291843,75.8536554079516,1,21.419898463296214,1.996159447081567,-0.0
1022200185,1611661329,2022,78.0,86.10426972701585,80.7676877303125,0,0.0,-8.104269727015847,-0.0
1022200186,1611661325,2022,81.0,75.85872974566531,76.80674096750062,0,0.0,5.141270254334685,-0.0
1022200186,1611661330,2022,91.0,78.19944372695056,76.52057527528687,0,0.0,12.800556273049438,-0.0
1022200187,1611661313,2022,64.0,81.95248344060795,78.09748689995524,0,0.0,-17.95248344060795,-0.0
1022200187,1611661320,2022,61.0,76.87997634186804,77.88389161575171,0,0.0,-15.879976341868044,-0.0
1022200188,1611661324,2022,77.0,84.25135482929481,80.95284532722496,0,0.0,-7.251354829294812,-0.0
1022200188,1611661328,2022,89.0,82.07514944044068,77.82470867561773,0,0.0,6.924850559559317,-0.0
1022200189,1611661317,2022,64.0,81.88338780223233,79.41860591112714,0,0.0,-17.883387802232335,-0.0
1022200189,1611661323,2022,77.0,83.95819039117036,80.35896273804558,0,0.0,-6.958190391170362,-0.0
1022200190,1611661319,2022,80.0,88.95860796284273,84.4578156410235,0,0.0,-8.958607962842734,-0.0
1022200190,1611661321,2022,82.0,82.104948845355,76.13314137109498,0,0.0,-0.10494884535499693,-0.0
1022200191,1611661320,2022,86.0,75.74709322996785,75.26215330508805,0,0.0,10.252906770032155,-0.0
1022200191,1611661330,2022,88.0,79.05070098279582,76.92893463463591,0,0.0,8.949299017204183,-0.0
1022200192,1611661322,2022,83.0,79.88437313661937,78.49003513475202,1,17.655047686628354,3.1156268633806263,-0.0
1022200192,1611661329,2022,93.0,85.5173589355399,80.4169217237354,0,0.0,7.482641064460097,-0.0
1022200193,1611661321,2022,95.0,82.065378819954,76.0763661095335,0,0.0,12.934621180045994,-0.0
1022200193,1611661325,2022,91.0,76.1816791023208,76.90750050150521,0,0.0,14.8183208976792,-0.0
1022200194,1611661313,2022,62.0,80.69992006357909,78.25930789472133,0,0.0,-18.699920063579086,-0.0
1022200194,1611661317,2022,76.0,80.72532448070527,77.95731067254883,0,0.0,-4.725324480705268,-0.0
1022200195,1611661323,2022,91.0,83.4155611491771,81.58335334556264,0,0.0,7.584438850822906,-0.0
1022200195,1611661329,2022,94.0,85.96483856515891,80.96341855917241,0,0.0,8.035161434841086,-0.0
1022200196,1611661320,2022,79.0,76.35235494018366,75.28236383532897,0,0.0,2.647645059816341,-0.0
1022200196,1611661322,2022,76.0,80.08500767941047,78.08423024649477,0,0.0,-4.085007679410467,-0.0
1022200197,1611661319,2022,89.0,88.36618714576277,83.96876502712144,0,0.0,0.6338128542372345,-0.0
1022200197,1611661328,2022,81.0,82.5841275585238,78.18985204764172,0,0.0,-1.5841275585238037,-0.0
1022200198,1611661324,2022,81.0,83.73959463536129,79.18948036486881,1,14.129961804741056,-2.7395946353612857,-0.0
1022200198,1611661330,2022,71.0,79.62790269869552,77.6838798407544,0,0.0,-8.627902698695522,-0.0
1022200199,1611661313,2022,77.0,79.43125839012646,77.08013527976144,1,14.836862272149677,-2.431258390126459,-0.0
1022200199,1611661321,2022,86.0,82.87934130101516,77.87919979070571,1,19.78108200449629,3.1206586989848404,-0.0
1022200200,1611661328,2022,111.0,82.52599858152234,78.58030384346546,0,0.0,28.474001418477656,-0.0
1022200200,1611661329,2022,100.0,86.43679997878722,81.43435208915432,0,0.0,13.56320002121278,-0.0
1022200201,1611661319,2022,97.0,88.41356144988447,81.72749025803469,0,0.0,8.586438550115531,-0.0
1022200201,1611661330,2022,90.0,79.04579781955537,77.4542015761507,0,0.0,10.954202180444625,-0.0
1022200202,1611661320,2022,71.0,76.4468789437776,76.59283620467667,0,0.0,-5.446878943777605,-0.0
1022200202,1611661323,2022,97.0,83.83376442271384,81.28349518501035,0,0.0,13.166235577286159,-0.0
1022200203,1611661313,2022,91.0,79.25446258408608,77.56447547798109,0,0.0,11.745537415913915,-0.0
1022200203,1611661321,2022,73.0,83.03339330592492,78.25556451046498,0,0.0,-10.033393305924918,-0.0
1022200204,1611661317,2022,77.0,80.45375001291355,77.57717945529237,0,0.0,-3.453750012913545,-0.0
1022200204,1611661324,2022,86.0,83.53474747857426,80.63905533769066,0,0.0,2.4652525214257395,-0.0
1022200205,1611661319,2022,89.0,88.97562295423018,83.22196619436646,0,0.0,0.02437704576982469,-0.0
1022200205,1611661329,2022,78.0,87.2554443065247,83.43317247047476,0,0.0,-9.255444306524694,-0.0
1022200206,1611661320,2022,69.0,76.01392743185502,76.45095385390275,0,0.0,-7.0139274318550235,-0.0
1022200206,1611661323,2022,93.0,84.60349546056337,81.93034682410311,0,0.0,8.396504539436634,-0.0
1022200207,1611661322,2022,82.0,79.81347328593031,78.0266845524938,0,0.0,2.186526714069686,-0.0
1022200207,1611661325,2022,70.0,77.12421916118144,77.53242768816429,1,7.438041692878527,-7.124219161181443,-0.0
1022200208,1611661313,2022,80.0,80.00177442290082,78.55144699170532,0,0.0,-0.0017744229008229695,-0.0
1022200208,1611661330,2022,70.0,79.74867624474756,78.01452327070949,0,0.0,-9.748676244747557,-0.0
1022200209,1611661324,2022,69.0,83.67270973205244,79.88914510983129,0,0.0,-14.67270973205244,-0.0
1022200209,1611661328,2022,96.0,84.41919606563349,79.79632535410988,0,0.0,11.580803934366514,-0.0
1022200210,1611661317,2022,86.0,80.27152026779821,77.8734664835856,0,0.0,5.728479732201791,-0.0
1022200210,1611661321,2022,74.0,82.33025699774785,78.90704729998727,0,0.0,-8.330256997747853,-0.0
1022200211,1611661323,2022,90.0,85.04573162970458,81.11029441993254,0,0.0,4.9542683702954236,-0.0
1022200211,1611661324,2022,83.0,82.69928697304752,80.18845699319886,0,0.0,0.30071302695247937,-0.0
1022200212,1611661313,2022,87.0,79.9710538456484,77.18527322536801,0,0.0,7.028946154351601,-0.0
1022200212,1611661330,2022,83.0,79.09565682048424,77.61997721727816,0,0.0,3.904343179515763,-0.0
1022200213,1611661322,2022,95.0,79.95413885822998,77.39924763004142,0,0.0,15.045861141770018,-0.0
1022200213,1611661325,2022,83.0,76.62476022666691,77.42770402751796,0,0.0,6.375239773333092,-0.0
1022200214,1611661317,2022,67.0,80.6874444324517,77.69499726780914,0,0.0,-13.687444432451699,-0.0
1022200214,1611661329,2022,82.0,86.57853028739154,82.2855771644779,0,0.0,-4.578530287391544,-0.0
1022200215,1611661319,2022,109.0,88.97018122984736,83.31912164785356,0,0.0,20.029818770152644,-0.0
1022200215,1611661328,2022,100.0,85.17319690330005,80.53798196179801,0,0.0,14.826803096699948,-0.0
1022200216,1611661320,2022,88.0,75.4904307722062,75.94562799751006,1,16.460692426664995,12.509569227793804,-0.0
1022200216,1611661321,2022,116.0,81.75470715928883,78.694057190439,0,0.0,34.24529284071117,-0.0
1022300001,1611661323,2023,70.0,82.30952380952381,82.0,2,17.381818181818183,-12.30952380952381,-0.06930394573319758
1022300001,1611661325,2023,61.0,76.72058823529412,82.0,3,26.072727272727274,-15.720588235294116,-0.10395591859979637
1022300002,1611661313,2023,64.0,79.04166666666667,82.0,2,17.381818181818183,-15.041666666666671,-0.06930394573319758
1022300002,1611661322,2023,80.0,80.11428571428571,82.0,2,17.381818181818183,-0.11428571428571388,-0.06930394573319758
1022300003,1611661324,2023,66.0,82.47826086956522,82.0,3,26.072727272727274,-16.47826086956522,-0.10395591859979637
1022300003,1611661329,2023,77.0,84.46511627906976,82.0,3,26.072727272727274,-7.465116279069761,-0.10395591859979637
1022300004,1611661317,2023,71.0,81.55555555555556,82.0,2,17.381818181818183,-10.555555555555557,-0.06930394573319758
1022300004,1611661320,2023,94.0,76.29411764705883,82.0,3,26.072727272727274,17.705882352941174,-0.10395591859979637
1022300005,1611661319,2023,105.0,89.10843373493977,82.0,1,8.690909090909091,15.891566265060234,-0.03465197286659879
1022300005,1611661328,2023,64.0,83.81333333333333,82.0,3,26.072727272727274,-19.813333333333333,-0.10395591859979637
1022300006,1611661321,2023,85.0,81.40277777777777,82.0,3,26.072727272727274,3.5972222222222285,-0.10395591859979637
1022300006,1611661330,2023,78.0,78.58823529411765,82.0,2,17.381818181818183,-0.5882352941176521,-0.06930394573319758
1022300007,1611661322,2023,74.0,80.1015873015873,82.0,2,17.381818181818183,-6.101587301587301,-0.06930394573319758
1022300007,1611661323,2023,80.0,80.94179894179894,82.0,2,17.381818181818183,-0.9417989417989361,-0.06930394573319758
1022300008,1611661313,2023,90.0,77.37037037037038,82.0,1,8.690909090909091,12.629629629629619,-0.03465197286659879
1022300008,1611661325,2023,73.0,74.97385620915033,82.0,2,17.381818181818183,-1.973856209150327,-0.06930394573319758
1022300009,1611661317,2023,69.0,80.38271604938272,82.0,0,0.0,-11.382716049382722,-0.0
1022300009,1611661329,2023,75.0,83.63565891472868,82.0,0,0.0,-8.63565891472868,-0.0
1022300010,1611661322,2023,81.0,79.4871723089395,82.0,0,0.0,1.5128276910604939,-0.0
1022300010,1611661323,2023,88.0,80.93840337299454,82.0,0,0.0,7.061596627005457,-0.0
1022300011,1611661324,2023,77.0,80.64734299516908,82.0,2,17.381818181818183,-3.6473429951690832,-0.06930394573319758
1022300011,1611661330,2023,83.0,78.52287581699346,82.0,2,17.381818181818183,4.477124183006538,-0.06930394573319758
1022300012,1611661319,2023,94.0,90.87416331994646,82.0,0,0.0,3.1258366800535384,-0.0
1022300012,1611661320,2023,85.0,78.26143790849673,82.0,1,9.876007661973032,6.738562091503269,-0.039377140636643555
1022300013,1611661317,2023,90.0,79.31344265720423,82.0,0,0.0,10.686557342795766,-0.0
1022300013,1611661324,2023,81.0,80.40214063988299,82.0,1,8.690909090909091,0.5978593601170132,-0.03465197286659879
1022300014,1611661322,2023,71.0,79.6665019760318,82.0,0,0.0,-8.666501976031796,-0.0
1022300014,1611661329,2023,69.0,82.82039998986485,82.0,0,0.0,-13.820399989864853,-0.0
1022300015,1611661321,2023,95.0,81.80246913580247,82.0,1,8.690909090909091,13.197530864197532,-0.03465197286659879
1022300015,1611661328,2023,91.0,81.61185185185185,82.0,1,8.690909090909091,9.388148148148147,-0.03465197286659879
1022300016,1611661313,2023,81.0,78.7558005115067,82.0,1,8.690909090909091,2.244199488493294,-0.03465197286659879
1022300016,1611661323,2023,65.0,81.67943795291839,82.0,0,0.0,-16.67943795291839,-0.0
1022300017,1611661319,2023,93.0,91.07114310746572,82.0,0,0.0,1.9288568925342844,-0.0
1022300017,1611661320,2023,65.0,78.80921675868876,82.0,1,8.690909090909091,-13.809216758688763,-0.03465197286659879
1022300018,1611661325,2023,90.0,74.89176663457671,82.0,0,0.0,15.108233365423288,-0.0
1022300018,1611661330,2023,87.0,78.97871114206028,82.0,1,10.167887581314941,8.021288857939723,-0.0405409101502288
1022300019,1611661321,2023,88.0,83.10650699586589,82.0,0,0.0,4.893493004134115,-0.0
1022300019,1611661329,2023,94.0,81.63723589363806,82.0,0,0.0,12.362764106361936,-0.0
1022300020,1611661319,2023,94.0,91.1293032806964,82.0,0,0.0,2.870696719303595,-0.0
1022300020,1611661324,2023,73.0,80.58585083936153,82.0,0,0.0,-7.585850839361527,-0.0
1022300021,1611661329,2023,65.0,82.87241483029858,82.0,0,0.0,-17.87241483029858,-0.0
1022300021,1611661330,2023,83.0,79.70022976505452,82.0,0,0.0,3.299770234945484,-0.0
1022300022,1611661323,2023,81.0,80.26898838715532,82.0,0,0.0,0.7310116128446822,-0.0
1022300022,1611661325,2023,78.0,76.40902474799098,82.0,0,0.0,1.5909752520090166,-0.0
1022300023,1611661321,2023,94.0,83.45622875858892,82.0,0,0.0,10.54377124141108,-0.0
1022300023,1611661324,2023,89.0,80.0368571220154,82.0,0,0.0,8.963142877984595,-0.0
1022300024,1611661313,2023,86.0,78.98205333643246,82.0,0,0.0,7.0179466635675425,-0.0
1022300024,1611661328,2023,78.0,82.70591822474647,82.0,1,26.968563809595874,-4.705918224746469,-0.1075277547614414
1022300025,1611661323,2023,89.0,80.4394560176963,78.97162272400345,0,0.0,8.560543982303699,-0.0
1022300025,1611661324,2023,84.0,80.90185046576053,81.36352635059811,0,0.0,3.098149534239468,-0.0
1022300026,1611661321,2023,74.0,84.25251131000094,82.0,0,0.0,-10.25251131000094,-0.0
1022300026,1611661322,2023,75.0,78.94057745563448,82.0,0,0.0,-3.9405774556344824,-0.0
1022300027,1611661319,2023,92.0,91.26191703112038,82.0,0,0.0,0.738082968879624,-0.0
1022300027,1611661330,2023,87.0,79.92240346355355,82.0,0,0.0,7.07759653644645,-0.0
1022300028,1611661313,2023,77.0,79.59420741679988,82.0,0,0.0,-2.5942074167998754,-0.0
1022300028,1611661329,2023,76.0,81.49821102366477,80.36610316317956,0,0.0,-5.498211023664766,-0.0
1022300029,1611661317,2023,93.0,80.44519209397814,82.0,0,0.0,12.554807906021864,-0.0
1022300029,1611661320,2023,99.0,77.37035224454866,82.0,0,0.0,21.629647755451344,-0.0
1022300030,1611661322,2023,78.0,78.68222145434146,82.0,0,0.0,-0.6822214543414589,-0.0
1022300030,1611661324,2023,80.0,81.22354122753164,79.65383175715367,0,0.0,-1.2235412275316406,-0.0
1022300031,1611661320,2023,92.0,79.18447767981513,82.0,0,0.0,12.815522320184868,-0.0
1022300031,1611661328,2023,85.0,82.33682850988761,82.0,0,0.0,2.66317149011239,-0.0
1022300032,1611661321,2023,74.0,83.25998676041546,81.51867138330113,0,0.0,-9.259986760415458,-0.0
1022300032,1611661323,2023,80.0,81.20022933725946,81.75993186414792,0,0.0,-1.200229337259458,-0.0
1022300033,1611661313,2023,82.0,79.35221253764703,82.35108276209385,0,0.0,2.647787462352966,-0.0
1022300033,1611661329,2023,86.0,81.22437245639233,78.83181673677913,0,0.0,4.775627543607669,-0.0
1022300034,1611661319,2023,84.0,91.20538271310215,83.77144406384961,0,0.0,-7.2053827131021535,-0.0
1022300034,1611661325,2023,80.0,76.56496562875294,82.0,0,0.0,3.435034371247056,-0.0
1022300035,1611661319,2023,90.0,90.53809509095693,83.14282607618563,0,0.0,-0.5380950909569293,-0.0
1022300035,1611661323,2023,84.0,81.16582849072493,81.84018354009845,0,0.0,2.834171509275066,-0.0
1022300036,1611661325,2023,103.0,76.85413939241543,79.01585782661083,0,0.0,26.145860607584567,-0.0
1022300036,1611661329,2023,108.0,81.73830573998941,81.44733689783197,0,0.0,26.261694260010586,-0.0
1022300037,1611661320,2023,63.0,80.07499062772268,81.50360490064854,0,0.0,-17.074990627722684,-0.0
1022300037,1611661328,2023,66.0,82.65285948212473,82.0,0,0.0,-16.652859482124725,-0.0
1022300039,1611661317,2023,79.0,81.59811485918752,82.0,0,0.0,-2.5981148591875183,-0.0
1022300039,1611661321,2023,84.0,82.44559062229004,85.33306304514105,0,0.0,1.554409377709959,-0.0
1022300040,1611661319,2023,77.0,90.42775092724645,82.94167243638418,0,0.0,-13.42775092724645,-0.0
1022300040,1611661323,2023,94.0,81.42206410916822,82.35373709171958,0,0.0,12.577935890831782,-0.0
1022300041,1611661313,2023,106.0,79.54171068685446,79.68134162864162,0,0.0,26.458289313145542,-0.0
1022300041,1611661330,2023,83.0,80.42842626690461,84.78837118233446,1,5.891728225072269,2.5715737330953914,-0.023491214147681627
1022300042,1611661317,2023,77.0,81.38347374441425,79.93133987589233,0,0.0,-4.383473744414246,-0.0
1022300042,1611661321,2023,90.0,82.50954244978253,85.1339098609816,0,0.0,7.490457550217471,-0.0
1022300043,1611661324,2023,69.0,81.19457438794345,82.15901452805048,0,0.0,-12.194574387943447,-0.0
1022300043,1611661325,2023,71.0,78.8765012515886,80.18992189287306,0,0.0,-7.876501251588607,-0.0
1022300044,1611661320,2023,77.0,78.55492242974681,83.82732501960616,0,0.0,-1.55492242974681,-0.0
1022300044,1611661329,2023,62.0,83.73997629755112,80.55764290407112,0,0.0,-21.739976297551124,-0.0
1022300045,1611661322,2023,73.0,78.7030699325223,79.01402956397305,0,0.0,-5.703069932522297,-0.0
1022300045,1611661328,2023,66.0,81.35487025691603,80.75429362281542,1,28.78064698128317,-15.35487025691603,-0.11475280524125953
1022300046,1611661313,2023,102.0,81.47998598008097,85.46206440718878,0,0.0,20.52001401991903,-0.0
1022300046,1611661321,2023,93.0,82.9912462299527,81.06530020946244,0,0.0,10.008753770047306,-0.0
1022300047,1611661319,2023,93.0,89.40783241255937,88.78759336340178,0,0.0,3.5921675874406276,-0.0
1022300047,1611661329,2023,80.0,82.27633431194286,79.61492664660392,0,0.0,-2.276334311942861,-0.0
1022300048,1611661323,2023,89.0,82.3286206364455,80.2231449273764,0,0.0,6.671379363554493,-0.0
1022300048,1611661330,2023,77.0,80.53318338220404,84.53247615305308,0,0.0,-3.5331833822040437,-0.0
1022300049,1611661317,2023,85.0,81.05212939713472,79.63019703139551,0,0.0,3.9478706028652795,-0.0
1022300049,1611661325,2023,82.0,78.18595567293407,82.56487183402592,0,0.0,3.814044327065929,-0.0
1022300050,1611661322,2023,71.0,78.34948137130888,78.7620900419983,1,17.46738381888552,-7.349481371308883,-0.06964510890760843
1022300050,1611661328,2023,65.0,80.28983119790247,79.37785689760175,0,0.0,-15.289831197902473,-0.0
1022300051,1611661320,2023,86.0,78.32819990975831,80.02375729239918,0,0.0,7.671800090241689,-0.0
1022300051,1611661324,2023,91.0,80.38582276279045,81.16044147504678,0,0.0,10.614177237209546,-0.0
1022300052,1611661322,2023,66.0,77.908983892572,78.66842387154435,0,0.0,-11.908983892571996,-0.0
1022300052,1611661325,2023,87.0,78.38853758746961,82.92816299215386,0,0.0,8.611462412530386,-0.0
1022300053,1611661313,2023,79.0,82.82771298013122,87.12215258402742,1,16.60304552693378,-3.827712980131224,-0.06619886102640535
1022300053,1611661330,2023,86.0,80.17525495068602,80.27855352815352,0,0.0,5.824745049313975,-0.0
1022300054,1611661317,2023,69.0,81.3698151369693,82.91828177607096,0,0.0,-12.369815136969294,-0.0
1022300054,1611661328,2023,83.0,79.32906191994431,78.05514121488379,0,0.0,3.6709380800556914,-0.0
1022300055,1611661320,2023,79.0,78.7789314800815,80.2297782187992,0,0.0,0.22106851991850363,-0.0
1022300055,1611661321,2023,61.0,83.60773079062184,86.0115931174847,0,0.0,-22.607730790621844,-0.0
1022300056,1611661323,2023,88.0,82.77304082873421,84.17199136884821,0,0.0,5.22695917126579,-0.0
1022300056,1611661330,2023,92.0,80.51544909676656,80.45825089471953,0,0.0,11.48455090323344,-0.0
1022300057,1611661325,2023,92.0,78.90518565800856,80.18793703651885,0,0.0,13.094814341991437,-0.0
1022300057,1611661329,2023,90.0,82.22140139978019,82.446068086525,1,17.602185121966645,7.778598600219809,-0.07018258215095824
1022300058,1611661319,2023,96.0,89.64146539707491,88.76846544339602,0,0.0,6.35853460292509,-0.0
1022300058,1611661328,2023,63.0,79.80311814066937,78.43294488133333,0,0.0,-16.80311814066937,-0.0
1022300059,1611661317,2023,69.0,80.49658716521147,79.43761319572569,1,13.19254524807332,-11.496587165211466,-0.05260067907692205
1022300059,1611661322,2023,88.0,77.18986695064248,79.3514279214063,1,9.853545083217417,10.810133049357518,-0.039287578927803726
1022300060,1611661320,2023,72.0,78.68056125546401,83.27459772913656,1,13.466939329465328,-6.6805612554640135,-0.053694729902180036
1022300060,1611661324,2023,77.0,81.2122594379231,79.78267447088726,1,8.939879035862795,-4.212259437923095,-0.03564465380329835
1022300061,1611661321,2023,103.0,82.00111516052928,83.82573081748069,0,0.0,20.99888483947072,-0.0
1022300061,1611661328,2023,109.0,78.82955125708071,77.9815121263467,0,0.0,30.17044874291929,-0.0
1022300062,1611661313,2023,89.0,82.39110081713159,86.65664319053352,0,0.0,6.608899182868413,-0.0
1022300062,1611661317,2023,71.0,79.75346015499676,79.06917197516435,0,0.0,-8.753460154996759,-0.0
1022300063,1611661322,2023,77.0,78.04096116012622,80.51309582609872,0,0.0,-1.0409611601262156,-0.0
1022300063,1611661329,2023,69.0,82.82311198046567,80.03071629366333,0,0.0,-13.823111980465669,-0.0
1022300064,1611661325,2023,94.0,79.68235954490342,84.33678848936572,0,0.0,14.31764045509658,-0.0
1022300064,1611661330,2023,100.0,81.21805646121763,80.74254979122924,0,0.0,18.78194353878237,-0.0
1022300065,1611661320,2023,74.0,78.12892658511475,82.64700095624264,0,0.0,-4.128926585114755,-0.0
1022300065,1611661323,2023,83.0,83.09240006100725,80.50638856266718,0,0.0,-0.09240006100725395,-0.0
1022300066,1611661319,2023,93.0,90.04223040763279,88.87194126233149,0,0.0,2.957769592367214,-0.0
1022300066,1611661324,2023,62.0,80.9872244136407,79.67528534715517,0,0.0,-18.987224413640703,-0.0
1022300067,1611661321,2023,85.0,83.33859184157821,85.14556236313962,0,0.0,1.6614081584217928,-0.0
1022300067,1611661330,2023,73.0,82.35507510148221,81.36631985538375,0,0.0,-9.355075101482214,-0.0
1022300068,1611661320,2023,61.0,77.78178237202866,82.033174471059,0,0.0,-16.78178237202866,-0.0
1022300068,1611661324,2023,67.0,79.8188268882494,79.03699618009642,0,0.0,-12.818826888249404,-0.0
1022300069,1611661323,2023,85.0,83.05362567843724,80.39212888267079,0,0.0,1.9463743215627574,-0.0
1022300069,1611661328,2023,79.0,81.06406773874596,81.58333760027142,0,0.0,-2.064067738745962,-0.0
1022300070,1611661317,2023,79.0,79.24908975961911,80.22390449425097,0,0.0,-0.2490897596191104,-0.0
1022300070,1611661319,2023,99.0,90.19400001041963,82.63831875018452,0,0.0,8.805999989580371,-0.0
1022300071,1611661322,2023,80.0,78.06275249103423,78.94838707656051,0,0.0,1.9372475089657684,-0.0
1022300071,1611661329,2023,59.0,82.0166669429348,82.3526667624946,0,0.0,-23.016666942934805,-0.0
1022300072,1611661323,2023,89.0,83.14359436923465,80.32814148138264,1,16.653942473589147,5.856405630765352,-0.06640179487326141
1022300072,1611661324,2023,68.0,79.11877471274913,79.95257912663499,0,0.0,-11.11877471274913,-0.0
1022300073,1611661325,2023,80.0,80.48420641964319,80.83490587043462,0,0.0,-0.48420641964318634,-0.0
1022300073,1611661328,2023,68.0,81.04857471519354,81.62702179189466,0,0.0,-13.048574715193539,-0.0
1022300074,1611661313,2023,110.0,82.68376683134919,81.67176851263599,0,0.0,27.31623316865081,-0.0
1022300074,1611661330,2023,80.0,81.58536315400501,85.50211552572425,0,0.0,-1.5853631540050088,-0.0
1022300075,1611661320,2023,76.0,76.6563365369525,80.83760029112318,0,0.0,-0.6563365369524945,-0.0
1022300075,1611661321,2023,74.0,83.36241176614301,81.0050198279726,0,0.0,-9.362411766143012,-0.0
1022300076,1611661319,2023,101.0,90.70608272603486,89.8198231344902,0,0.0,10.293917273965135,-0.0
1022300076,1611661325,2023,88.0,80.29526808196042,80.72153950129126,0,0.0,7.704731918039585,-0.0
1022300077,1611661317,2023,74.0,79.33233981563868,78.84369126863588,0,0.0,-5.332339815638676,-0.0
1022300077,1611661328,2023,97.0,80.33840050789402,80.91875242739023,0,0.0,16.661599492105978,-0.0
1022300078,1611661323,2023,96.0,83.46561541198021,84.63911397507056,0,0.0,12.53438458801979,-0.0
1022300078,1611661329,2023,72.0,80.69152851333803,79.17552295026996,0,0.0,-8.691528513338028,-0.0
1022300079,1611661313,2023,89.0,84.30016926949675,88.75769282414201,0,0.0,4.699830730503251,-0.0
1022300079,1611661322,2023,88.0,78.27172212906578,79.02318907536913,0,0.0,9.728277870934221,-0.0
1022300080,1611661320,2023,93.0,76.60077877614859,80.82566228558824,0,0.0,16.399221223851413,-0.0
1022300080,1611661321,2023,83.0,82.70182134322258,80.68810298913607,0,0.0,0.2981786567774236,-0.0
1022300081,1611661319,2023,88.0,91.27806109400203,90.46109256955937,0,0.0,-3.2780610940020267,-0.0
1022300081,1611661325,2023,80.0,80.62553154177367,80.78907886848178,0,0.0,-0.6255315417736682,-0.0
1022300082,1611661313,2023,89.0,84.37670124092652,82.5107150933311,0,0.0,4.623298759073478,-0.0
1022300082,1611661323,2023,81.0,84.16752466669398,85.05528340325202,0,0.0,-3.1675246666939785,-0.0
1022300083,1611661324,2023,104.0,78.56816519109368,79.24829108339108,1,8.974283865333582,25.431834808906316,-0.03578183107725565
1022300083,1611661328,2023,93.0,81.51349146239603,79.70119241155456,0,0.0,11.486508537603967,-0.0
1022300084,1611661317,2023,62.0,79.0881050534438,80.10723918395871,0,0.0,-17.088105053443797,-0.0
1022300084,1611661321,2023,77.0,82.66754940300939,80.53981689109824,0,0.0,-5.667549403009389,-0.0
1022300085,1611661320,2023,63.0,77.58431836585429,79.53740478519028,0,0.0,-14.584318365854287,-0.0
1022300085,1611661329,2023,80.0,80.31586096612516,80.6676183764796,0,0.0,-0.31586096612515746,-0.0
1022300086,1611661322,2023,109.0,78.95016208610345,81.3557286798891,0,0.0,30.049837913896553,-0.0
1022300086,1611661330,2023,86.0,81.358915412753,80.97380627827833,0,0.0,4.6410845872469935,-0.0
1022300087,1611661313,2023,81.0,84.44366806583184,82.31938909000337,0,0.0,-3.4436680658318437,-0.0
1022300087,1611661319,2023,98.0,90.99150482763838,90.5060040969885,0,0.0,7.00849517236162,-0.0
1022300088,1611661317,2023,85.0,78.13101357181036,79.34355194855348,0,0.0,6.868986428189643,-0.0
1022300088,1611661325,2023,63.0,80.43008884982466,80.64078283978569,0,0.0,-17.430088849824656,-0.0
1022300089,1611661324,2023,99.0,80.27027227030534,79.02084611863035,0,0.0,18.72972772969466,-0.0
1022300089,1611661328,2023,97.0,82.30378726356184,83.1682457359712,0,0.0,14.696212736438156,-0.0
1022300090,1611661322,2023,89.0,80.82199193551291,80.13316302470355,0,0.0,8.178008064487088,-0.0
1022300090,1611661330,2023,94.0,81.53246052337035,85.43901557361994,0,0.0,12.467539476629653,-0.0
1022300091,1611661320,2023,78.0,76.66323695706009,79.28095031480305,0,0.0,1.336763042939907,-0.0
1022300091,1611661329,2023,86.0,80.4613582510509,80.89623960941522,0,0.0,5.538641748949104,-0.0
1022300092,1611661319,2023,102.0,91.33499154649466,90.50353595342347,0,0.0,10.665008453505337,-0.0
1022300092,1611661323,2023,84.0,83.90918784658601,80.62620982946372,0,0.0,0.09081215341399229,-0.0
1022300093,1611661317,2023,76.0,78.6862429698409,79.97833909066557,0,0.0,-2.6862429698409045,-0.0
1022300093,1611661324,2023,86.0,81.47498543679083,79.57902730202655,0,0.0,4.525014563209169,-0.0
1022300094,1611661320,2023,84.0,76.72731551356534,79.21029829213245,1,11.625172468993904,7.272684486434656,-0.04635132605247059
1022300094,1611661330,2023,112.0,82.17088213815445,85.75000844612703,0,0.0,29.829117861845546,-0.0
1022300095,1611661325,2023,87.0,79.24343129239367,83.40384130022403,0,0.0,7.756568707606334,-0.0
1022300095,1611661329,2023,89.0,80.94249972871047,79.19816972851358,0,0.0,8.057500271289527,-0.0
1022300096,1611661321,2023,89.0,82.27937634079625,83.89156419952664,0,0.0,6.720623659203753,-0.0
1022300096,1611661322,2023,72.0,81.28179469182538,80.23275155720559,1,20.237238680139257,-9.281794691825382,-0.08068894039780083
1022300097,1611661313,2023,81.0,84.01671907057022,81.96800360766312,0,0.0,-3.0167190705702183,-0.0
1022300097,1611661328,2023,66.0,83.24023095082964,84.08254086906928,0,0.0,-17.24023095082964,-0.0
1022300098,1611661313,2023,99.0,83.63972021366746,86.98016469588534,0,0.0,15.36027978633254,-0.0
1022300098,1611661317,2023,95.0,78.63964823190398,78.5412008821028,0,0.0,16.360351768096024,-0.0
1022300099,1611661324,2023,90.0,81.77969187097018,82.43222253244195,0,0.0,8.220308129029817,-0.0
1022300099,1611661325,2023,83.0,79.60039735097276,80.10397174799414,0,0.0,3.399602649027244,-0.0
1022300100,1611661319,2023,89.0,91.87422204395372,90.79700417898508,0,0.0,-2.874222043953722,-0.0
1022300100,1611661321,2023,82.0,82.63969448241173,80.51771414492521,0,0.0,-0.639694482411727,-0.0
1022300101,1611661320,2023,79.0,77.13138926230897,81.67733444339237,0,0.0,1.8686107376910286,-0.0
1022300101,1611661330,2023,90.0,83.80834487164344,81.83468600006768,0,0.0,6.191655128356558,-0.0
1022300102,1611661323,2023,93.0,83.85299901360429,84.50883766885339,1,11.043060265286517,9.14700098639571,-0.044030356395880335
1022300102,1611661328,2023,73.0,82.25061303599136,79.94996917548016,0,0.0,-9.250613035991364,-0.0
1022300103,1611661322,2023,96.0,80.69147785198898,83.14838836532127,1,11.112775282501342,15.308522148011022,-0.044308320744563895
1022300103,1611661325,2023,88.0,79.68644688385541,80.08320437928106,0,0.0,8.31355311614459,-0.0
1022300104,1611661329,2023,68.0,81.54391428523532,81.98357979610986,0,0.0,-13.543914285235317,-0.0
1022300104,1611661330,2023,82.0,83.96833416831332,81.79122098232865,0,0.0,-1.9683341683133193,-0.0
1022300105,1611661319,2023,78.0,91.60172079053484,83.25078032321595,0,0.0,-13.601720790534841,-0.0
1022300105,1611661321,2023,80.0,82.55517997685725,84.05983912594738,0,0.0,-2.5551799768572465,-0.0
1022300106,1611661317,2023,64.0,79.71359703972588,79.00485926459136,1,13.191226877722292,-15.713597039725883,-0.05259542253434934
1022300106,1611661324,2023,75.0,82.28205456775646,83.31344846098808,0,0.0,-7.282054567756461,-0.0
1022300107,1611661313,2023,80.0,84.3621256204339,87.9231692560738,0,0.0,-4.3621256204339005,-0.0
1022300107,1611661328,2023,76.0,81.7755037295471,79.64639868389173,0,0.0,-5.775503729547097,-0.0
1022300108,1611661322,2023,84.0,81.5548806251767,80.48361981070857,0,0.0,2.4451193748233067,-0.0
1022300108,1611661323,2023,92.0,84.31670417003875,85.14737016427713,0,0.0,7.683295829961253,-0.0
1022300109,1611661321,2023,77.0,82.3656179256101,80.29534314942843,0,0.0,-5.3656179256100955,-0.0
1022300109,1611661325,2023,76.0,80.04865163284747,83.47983568337474,0,0.0,-4.048651632847466,-0.0
1022300110,1611661317,2023,78.0,78.8753403019877,79.99393226939269,0,0.0,-0.8753403019877055,-0.0
1022300110,1611661320,2023,72.0,77.20633227290277,79.43664412786933,0,0.0,-5.20633227290277,-0.0
1022300111,1611661319,2023,113.0,90.73066999224665,83.03559166205142,0,0.0,22.269330007753354,-0.0
1022300111,1611661324,2023,89.0,81.87375090385582,82.89757655329774,0,0.0,7.1262490961441785,-0.0
1022300112,1611661329,2023,77.0,80.88140917911927,81.30863862798006,0,0.0,-3.8814091791192737,-0.0
1022300112,1611661330,2023,88.0,83.64782286613996,81.5426986567007,0,0.0,4.352177133860039,-0.0
1022300113,1611661322,2023,93.0,81.63986720353408,83.74419055221964,0,0.0,11.36013279646592,-0.0
1022300113,1611661328,2023,86.0,81.52302072843409,79.53074249501796,0,0.0,4.476979271565909,-0.0
1022300114,1611661317,2023,72.0,78.92696421213947,78.6879869759987,0,0.0,-6.926964212139467,-0.0
1022300114,1611661319,2023,98.0,91.92621021555885,91.25277616492662,0,0.0,6.073789784441146,-0.0
1022300115,1611661313,2023,95.0,83.90542822343774,81.9045703763631,0,0.0,11.094571776562262,-0.0
1022300115,1611661325,2023,87.0,79.6955907655365,83.32972976607886,1,7.552360485781972,7.304409234463506,-0.030112406871893174
1022300116,1611661323,2023,84.0,84.67496726018787,81.2747233632747,0,0.0,-0.67496726018787,-0.0
1022300116,1611661329,2023,72.0,80.79667835958298,81.3648326043286,0,0.0,-8.796678359582984,-0.0
1022300117,1611661321,2023,107.0,82.02685608706818,80.28692935887412,0,0.0,24.973143912931818,-0.0
1022300117,1611661324,2023,67.0,82.29841516679731,83.15012207130766,0,0.0,-15.298415166797312,-0.0
1022300118,1611661328,2023,75.0,81.86137413551758,79.53074249501796,1,23.042919947018266,-6.861374135517579,-0.09187561720171689
1022300118,1611661330,2023,85.0,83.70450155698089,86.59625074057331,0,0.0,1.2954984430191132,-0.0
1022300119,1611661319,2023,97.0,92.16076101371927,83.49909325505836,0,0.0,4.8392389862807335,-0.0
1022300119,1611661320,2023,78.0,76.87845268134281,81.55336678285855,0,0.0,1.1215473186571927,-0.0
1022300120,1611661324,2023,73.0,81.45131755246244,79.7826932034147,0,0.0,-8.451317552462442,-0.0
1022300120,1611661330,2023,82.0,83.58594521230575,86.38964725457899,0,0.0,-1.5859452123057451,-0.0
1022300121,1611661317,2023,72.0,78.63464518499507,79.84962365649093,0,0.0,-6.634645184995065,-0.0
1022300121,1611661323,2023,66.0,84.54964967992947,81.15490656239528,0,0.0,-18.549649679929473,-0.0
1022300122,1611661322,2023,76.0,82.22359512134965,84.38683947531032,0,0.0,-6.223595121349646,-0.0
1022300122,1611661325,2023,82.0,79.99299310288498,80.20349221831802,0,0.0,2.0070068971150192,-0.0
1022300123,1611661313,2023,88.0,84.35446140222253,88.17978988793782,0,0.0,3.645538597777474,-0.0
1022300123,1611661321,2023,98.0,83.3974125094721,80.75170659175463,0,0.0,14.602587490527895,-0.0
1022300124,1611661323,2023,82.0,83.44236357349541,85.0438374459475,0,0.0,-1.4423635734954132,-0.0
1022300124,1611661330,2023,71.0,83.3122520507645,81.42397922974162,0,0.0,-12.3122520507645,-0.0
1022300125,1611661320,2023,70.0,76.919391040644,79.20579729026946,0,0.0,-6.919391040644001,-0.0
1022300125,1611661324,2023,73.0,81.02196152946586,82.29652030460552,0,0.0,-8.021961529465855,-0.0
1022300126,1611661317,2023,80.0,78.37261616075192,80.03041511982788,0,0.0,1.6273838392480826,-0.0
1022300126,1611661329,2023,62.0,80.44169134195802,79.14657474453107,0,0.0,-18.44169134195802,-0.0
1022300127,1611661319,2023,79.0,92.31619053199243,83.34658984149823,0,0.0,-13.316190531992433,-0.0
1022300127,1611661328,2023,63.0,81.55078832020622,82.00025248067479,0,0.0,-18.550788320206223,-0.0
1022300128,1611661313,2023,96.0,84.3611190994096,82.09153475108738,0,0.0,11.638880900590394,-0.0
1022300128,1611661322,2023,87.0,81.79811501565857,83.77823322513349,0,0.0,5.201884984341433,-0.0
1022300129,1611661323,2023,86.0,83.32216604673721,80.8138959190664,0,0.0,2.677833953262791,-0.0
1022300129,1611661330,2023,78.0,82.45851769955964,85.6769964514904,0,0.0,-4.458517699559636,-0.0
1022300130,1611661328,2023,75.0,80.60865214232034,80.95218247566548,0,0.0,-5.608652142320338,-0.0
1022300130,1611661329,2023,90.0,79.57019462209945,78.81233812241042,0,0.0,10.42980537790055,-0.0
1022300131,1611661320,2023,84.0,76.51406891245306,79.11330832382563,0,0.0,7.485931087546945,-0.0
1022300131,1611661321,2023,98.0,84.1311933760271,85.37896607235746,0,0.0,13.868806623972901,-0.0
1022300132,1611661319,2023,98.0,91.47019009626881,83.00351151735354,0,0.0,6.529809903731191,-0.0
1022300132,1611661324,2023,81.0,80.63554818273917,81.55758014354613,0,0.0,0.36445181726082865,-0.0
1022300133,1611661313,2023,101.0,84.81354449323001,88.0341086268802,0,0.0,16.18645550676999,-0.0
1022300133,1611661325,2023,83.0,79.98383264573646,80.3572975948749,0,0.0,3.016167354263544,-0.0
1022300134,1611661317,2023,69.0,78.57933768242157,78.68871509146221,0,0.0,-9.579337682421567,-0.0
1022300134,1611661322,2023,84.0,82.02379826858551,83.83944626185126,0,0.0,1.9762017314144913,-0.0
1022300135,1611661317,2023,65.0,78.16289870964859,78.60566915452613,0,0.0,-13.162898709648587,-0.0
1022300135,1611661330,2023,78.0,82.0735703543734,85.8087774446116,0,0.0,-4.073570354373402,-0.0
1022300136,1611661313,2023,86.0,85.49625777648131,88.65687152267215,0,0.0,0.5037422235186853,-0.0
1022300136,1611661328,2023,82.0,80.4180013988727,78.87912944743229,0,0.0,1.581998601127296,-0.0
1022300137,1611661319,2023,107.0,91.73975331823947,83.11503529532159,0,0.0,15.260246681760535,-0.0
1022300137,1611661329,2023,95.0,80.31945995268043,81.00281676163921,0,0.0,14.680540047319568,-0.0
1022300138,1611661321,2023,83.0,84.79158406632315,85.76477217547406,0,0.0,-1.7915840663231535,-0.0
1022300138,1611661323,2023,88.0,83.4311213918464,80.92845192388491,0,0.0,4.568878608153597,-0.0
1022300139,1611661320,2023,79.0,76.91608468501252,81.53916332366259,0,0.0,2.083915314987479,-0.0
1022300139,1611661325,2023,78.0,80.03035974308102,80.36506037046831,0,0.0,-2.0303597430810214,-0.0
1022300140,1611661322,2023,92.0,82.06259540435666,80.37717490378631,0,0.0,9.937404595643343,-0.0
1022300140,1611661324,2023,97.0,80.7218201387578,81.50603420190356,0,0.0,16.278179861242194,-0.0
1022300141,1611661320,2023,81.0,77.00686572607205,81.54513319765289,1,11.202090722618346,3.99313427392795,-0.044664434952540154
1022300141,1611661325,2023,68.0,79.8006598485069,80.29601214942151,0,0.0,-11.800659848506896,-0.0
1022300142,1611661313,2023,95.0,85.28911811539109,88.40639268350643,0,0.0,9.71088188460891,-0.0
1022300142,1611661330,2023,84.0,81.72653177352299,81.05926717282784,0,0.0,2.273468226477007,-0.0
1022300038,1611661313,2023,83.0,85.59133830166645,88.40639268350643,0,0.0,-2.591338301666454,-0.0
1022300038,1611661324,2023,88.0,81.66259016674483,79.71832719630416,1,21.668355613469824,6.337409833255165,-0.08639502069664717
1022300143,1611661328,2023,83.0,80.6264286681457,78.95026507080841,0,0.0,2.3735713318542935,-0.0
1022300143,1611661329,2023,74.0,81.26658439451364,82.2846709224184,0,0.0,-7.266584394513643,-0.0
1022300144,1611661321,2023,90.0,84.57200562161353,85.61886612311665,0,0.0,5.427994378386472,-0.0
1022300144,1611661322,2023,62.0,82.5322040537025,80.47177478911041,0,0.0,-20.5322040537025,-0.0
1022300145,1611661323,2023,83.0,83.63735768722336,85.601944317689,0,0.0,-0.6373576872233571,-0.0
1022300145,1611661324,2023,87.0,82.03108737527658,79.83741372910505,0,0.0,4.968912624723416,-0.0
1022300146,1611661322,2023,73.0,81.33833019386441,80.00406391316564,0,0.0,-8.338330193864408,-0.0
1022300146,1611661330,2023,80.0,81.7367644287483,85.55201424969636,0,0.0,-1.7367644287483017,-0.0
1022300147,1611661325,2023,62.0,79.05396486711876,83.05461907469657,0,0.0,-17.053964867118765,-0.0
1022300147,1611661328,2023,85.0,80.86854967782952,78.97974197628105,0,0.0,4.13145032217048,-0.0
1022300148,1611661317,2023,85.0,77.57015364223399,78.40321149621106,1,16.661659127381665,7.42984635776601,-0.06643256234246886
1022300148,1611661329,2023,104.0,80.98923171089719,82.06874247022334,0,0.0,23.010768289102813,-0.0
1022300149,1611661319,2023,104.0,92.46851172614421,90.97663642940222,0,0.0,11.531488273855786,-0.0
1022300149,1611661321,2023,91.0,84.7512531305285,80.94429603870267,0,0.0,6.248746869471503,-0.0
1022300150,1611661313,2023,87.0,85.21706081997239,82.46741105824582,0,0.0,1.7829391800276113,-0.0
1022300150,1611661320,2023,79.0,77.19669223323561,81.56868907396634,0,0.0,1.8033077667643909,-0.0
1022300151,1611661323,2023,79.0,83.55598730537533,85.52002069630929,0,0.0,-4.555987305375325,-0.0
1022300151,1611661324,2023,69.0,82.3114480972485,79.77551000532011,0,0.0,-13.311448097248501,-0.0
1022300152,1611661317,2023,71.0,78.11354990958374,78.59973626759586,0,0.0,-7.113549909583739,-0.0
1022300152,1611661325,2023,72.0,78.0574163276002,82.11445659037682,0,0.0,-6.057416327600194,-0.0
1022300153,1611661319,2023,93.0,92.96672596882178,91.6416207456979,0,0.0,0.03327403117822314,-0.0
1022300153,1611661330,2023,72.0,81.53174240817768,80.95437357401117,0,0.0,-9.531742408177678,-0.0
1022300154,1611661313,2023,76.0,85.0929252813199,82.48095676134719,0,0.0,-9.092925281319907,-0.0
1022300154,1611661320,2023,69.0,77.2611901939454,81.31785525456888,0,0.0,-8.261190193945396,-0.0
1022300155,1611661321,2023,76.0,84.96689144551996,81.10325043698579,0,0.0,-8.966891445519963,-0.0
1022300155,1611661328,2023,65.0,81.19460469307356,81.36576866564528,0,0.0,-16.194604693073558,-0.0
1022300156,1611661317,2023,91.0,77.85491204380531,80.02834093378632,0,0.0,13.145087956194686,-0.0
1022300156,1611661330,2023,71.0,80.92020222494932,80.80285590308503,0,0.0,-9.920202224949321,-0.0
1022300157,1611661323,2023,88.0,83.26935592754373,80.69816051205889,0,0.0,4.730644072456272,-0.0
1022300157,1611661325,2023,72.0,77.68765202423924,81.7510849775604,0,0.0,-5.687652024239242,-0.0
1022300158,1611661320,2023,77.0,76.78716457348058,79.09638003854282,0,0.0,0.212835426519419,-0.0
1022300158,1611661322,2023,79.0,80.84812171397003,82.61888610685133,0,0.0,-1.8481217139700306,-0.0
1022300159,1611661321,2023,89.0,84.36348595409672,85.22739603543528,0,0.0,4.636514045903283,-0.0
1022300159,1611661329,2023,104.0,82.3455138075294,80.19173084357273,0,0.0,21.6544861924706,-0.0
1022300160,1611661313,2023,76.0,84.39488724228806,82.14563394571749,0,0.0,-8.394887242288064,-0.0
1022300160,1611661324,2023,66.0,81.61253369013431,82.17506979197296,0,0.0,-15.612533690134313,-0.0
1022300161,1611661317,2023,91.0,78.68559780174265,80.84553119522806,0,0.0,12.314402198257355,-0.0
1022300161,1611661328,2023,97.0,80.4249520085611,78.95533977277756,0,0.0,16.575047991438893,-0.0
1022300162,1611661325,2023,73.0,77.35252148939051,79.53778805535532,0,0.0,-4.3525214893905115,-0.0
1022300162,1611661330,2023,82.0,80.31299631969962,84.40281050223393,0,0.0,1.6870036803003785,-0.0
1022300163,1611661313,2023,99.0,83.76223054925632,87.196710451343,0,0.0,15.237769450743684,-0.0
1022300163,1611661319,2023,61.0,92.83210421482954,83.65454781759713,0,0.0,-31.832104214829542,-0.0
1022300164,1611661320,2023,91.0,76.7811006544321,79.059446884651,0,0.0,14.218899345567905,-0.0
1022300164,1611661322,2023,83.0,80.72378315490843,82.39597161480899,0,0.0,2.276216845091568,-0.0
1022300165,1611661321,2023,96.0,84.5048869295061,85.24580419912647,0,0.0,11.4951130704939,-0.0
1022300165,1611661329,2023,104.0,83.57336258851102,80.68302996749725,0,0.0,20.426637411488983,-0.0
1022300166,1611661323,2023,81.0,83.48607936756952,80.77925133448078,0,0.0,-2.4860793675695163,-0.0
1022300166,1611661328,2023,69.0,81.42163783384201,81.36696578900465,0,0.0,-12.421637833842013,-0.0
1022300167,1611661320,2023,87.0,77.51306962487742,79.54752299653352,0,0.0,9.486930375122583,-0.0
1022300167,1611661325,2023,80.0,77.1011438555947,81.82971106586443,0,0.0,2.8988561444053005,-0.0
1022300168,1611661324,2023,88.0,80.82039973770048,79.25959983689334,0,0.0,7.179600262299516,-0.0
1022300168,1611661329,2023,79.0,84.68620559402437,86.0036486227543,0,0.0,-5.686205594024372,-0.0
1022300169,1611661319,2023,104.0,91.01584231508282,83.02976697504705,0,0.0,12.984157684917179,-0.0
1022300169,1611661321,2023,84.0,85.00191118009953,85.96761057441074,0,0.0,-1.0019111800995262,-0.0
1022300170,1611661317,2023,91.0,79.43847783861582,81.04651694398201,0,0.0,11.561522161384175,-0.0
1022300170,1611661322,2023,72.0,80.82287187527496,79.70204436274676,0,0.0,-8.822871875274956,-0.0
1022300171,1611661324,2023,73.0,81.2545587767593,79.45650373983425,0,0.0,-8.254558776759296,-0.0
1022300171,1611661325,2023,91.0,77.2398892563195,81.80341536212816,0,0.0,13.7601107436805,-0.0
1022300172,1611661317,2023,90.0,80.12154381265799,81.66607563109164,0,0.0,9.87845618734201,-0.0
1022300172,1611661323,2023,84.0,83.3139708946257,80.60195070771837,0,0.0,0.6860291053743026,-0.0
1022300173,1611661328,2023,68.0,80.85096047575267,80.33264657780366,0,0.0,-12.850960475752672,-0.0
1022300173,1611661330,2023,67.0,80.34153738735317,80.76415012637077,0,0.0,-13.34153738735317,-0.0
1022300174,1611661313,2023,89.0,84.39979850910265,87.60934391987689,0,0.0,4.600201490897348,-0.0
1022300174,1611661329,2023,73.0,84.37894364980421,80.98513368865699,0,0.0,-11.378943649804214,-0.0
1022300175,1611661319,2023,113.0,91.63308939732863,90.97959676754024,0,0.0,21.366910602671368,-0.0
1022300175,1611661322,2023,89.0,80.33333098982676,79.55192490229639,0,0.0,8.666669010173237,-0.0
1022300176,1611661320,2023,85.0,77.96805580170128,82.70282459951989,0,0.0,7.031944198298717,-0.0
1022300176,1611661330,2023,74.0,79.58097090522051,80.48780640922261,0,0.0,-5.580970905220511,-0.0
1022300177,1611661321,2023,91.0,84.82408062062176,86.29317170735308,0,0.0,6.175919379378243,-0.0
1022300177,1611661323,2023,81.0,83.31497281019021,80.72328815218293,1,16.653942473589147,-2.3149728101902127,-0.06640179487326141
1022300178,1611661322,2023,83.0,80.78011907270327,82.30238767075348,0,0.0,2.219880927296728,-0.0
1022300178,1611661329,2023,76.0,83.78531889792752,80.6556726288133,0,0.0,-7.7853188979275245,-0.0
1022300179,1611661317,2023,71.0,80.68941724558302,79.64540906120968,0,0.0,-9.689417245583016,-0.0
1022300179,1611661328,2023,81.0,80.28028468505802,80.009918471731,0,0.0,0.719715314941979,-0.0
1022300180,1611661313,2023,100.0,84.45446317603107,81.83930387059941,0,0.0,15.54553682396893,-0.0
1022300180,1611661325,2023,89.0,77.94030889816632,82.5398697588027,0,0.0,11.059691101833678,-0.0
1022300181,1611661319,2023,86.0,92.66551484895015,91.73529289375259,0,0.0,-6.665514848950153,-0.0
1022300181,1611661330,2023,65.0,79.25517159533058,80.48780640922261,0,0.0,-14.25517159533058,-0.0
1022300182,1611661313,2023,75.0,85.07846253763067,82.09115900999444,0,0.0,-10.07846253763067,-0.0
1022300182,1611661319,2023,88.0,92.19419524421308,91.65342244291526,0,0.0,-4.194195244213077,-0.0
1022300183,1611661321,2023,95.0,85.02792514837054,81.46570720447939,0,0.0,9.972074851629458,-0.0
1022300183,1611661323,2023,75.0,83.15925205198879,84.32209888519998,0,0.0,-8.159252051988787,-0.0
1022300184,1611661322,2023,83.0,80.87293826661245,79.60571147962455,0,0.0,2.1270617333875492,-0.0
1022300184,1611661325,2023,79.0,78.47338893755682,82.88281813176123,0,0.0,0.5266110624431803,-0.0
1022300185,1611661329,2023,67.0,83.4024096848261,80.52368467251357,0,0.0,-16.402409684826097,-0.0
1022300185,1611661330,2023,78.0,78.4907488167815,83.0163009848574,1,17.085526895746035,-0.4907488167815046,-0.0681225874313001
1022300186,1611661313,2023,85.0,84.34583243283339,82.09115900999444,0,0.0,0.6541675671666098,-0.0
1022300186,1611661317,2023,63.0,80.21355388057424,81.66928732459382,0,0.0,-17.21355388057424,-0.0
1022300187,1611661324,2023,78.0,80.86600536489162,79.55705112127508,0,0.0,-2.8660053648916204,-0.0
1022300187,1611661328,2023,70.0,80.44033822851279,79.92978589907793,0,0.0,-10.440338228512786,-0.0
1022300188,1611661319,2023,72.0,91.86950316413784,91.53010017561022,0,0.0,-19.86950316413784,-0.0
1022300188,1611661320,2023,78.0,78.27716802965043,79.93338075071543,0,0.0,-0.27716802965042575,-0.0
1022300189,1611661321,2023,97.0,85.42137541724112,81.48264960695585,0,0.0,11.578624582758877,-0.0
1022300189,1611661322,2023,84.0,80.95736602423327,82.53459996130633,0,0.0,3.0426339757667336,-0.0
1022300190,1611661323,2023,79.0,82.70555758121606,80.29487142445262,0,0.0,-3.7055575812160555,-0.0
1022300190,1611661329,2023,73.0,82.58604009589206,83.58079548189171,0,0.0,-9.58604009589206,-0.0
1022300191,1611661317,2023,73.0,79.3646424177543,80.70317957485011,0,0.0,-6.364642417754297,-0.0
1022300191,1611661325,2023,83.0,78.44036650843931,79.84351301808042,0,0.0,4.559633491560689,-0.0
1022300192,1611661324,2023,74.0,80.7726228176905,81.99097570968759,0,0.0,-6.772622817690504,-0.0
1022300192,1611661328,2023,88.0,80.01382688197698,78.62675725960894,0,0.0,7.986173118023018,-0.0
1022300193,1611661319,2023,112.0,90.74475883678768,83.09871981166447,0,0.0,21.255241163212318,-0.0
1022300193,1611661330,2023,100.0,78.46867030886504,82.58123559044483,1,17.202857438938086,21.531329691134957,-0.06859040210483835
1022300194,1611661322,2023,64.0,81.08603987043821,82.94308613776552,0,0.0,-17.086039870438213,-0.0
1022300194,1611661323,2023,68.0,82.4998897471895,80.4211224874482,0,0.0,-14.4998897471895,-0.0
1022300195,1611661328,2023,79.0,80.55845110573416,78.89858320803432,0,0.0,-1.5584511057341643,-0.0
1022300195,1611661329,2023,102.0,82.15390335534354,83.21370210983892,0,0.0,19.846096644656456,-0.0
1022300196,1611661321,2023,86.0,85.88315661359226,81.67476273528854,0,0.0,0.11684338640773717,-0.0
1022300196,1611661324,2023,91.0,80.4803232241479,82.01933144985512,0,0.0,10.519676775852105,-0.0
1022300197,1611661317,2023,62.0,79.1101847365701,78.89226071864016,0,0.0,-17.110184736570105,-0.0
1022300197,1611661320,2023,91.0,78.19427409198572,82.56191592022614,0,0.0,12.805725908014281,-0.0
1022300198,1611661313,2023,95.0,84.1972178538567,81.89307007039233,0,0.0,10.8027821461433,-0.0
1022300198,1611661323,2023,90.0,81.74433069889976,83.52320099473278,0,0.0,8.25566930110024,-0.0
1022300199,1611661325,2023,90.0,78.61691964234254,82.7553202388284,0,0.0,11.383080357657462,-0.0
1022300199,1611661328,2023,86.0,80.58958439538856,78.92657171851084,0,0.0,5.410415604611444,-0.0
1022300200,1611661319,2023,94.0,91.78662956605362,83.77182826462946,0,0.0,2.2133704339463804,-0.0
1022300200,1611661329,2023,87.0,83.25837758625882,84.08032484403833,0,0.0,3.741622413741183,-0.0
1022300201,1611661321,2023,81.0,85.73552002203046,86.9283079837574,1,17.471850506345856,-4.735520022030457,-0.06966291826806315
1022300201,1611661324,2023,90.0,81.09227184501829,79.81196894652727,0,0.0,8.907728154981712,-0.0
1022300202,1611661320,2023,83.0,78.79254546636975,79.98862907780818,0,0.0,4.207454533630255,-0.0
1022300202,1611661330,2023,78.0,79.58502835839342,83.690910737394,1,17.202857438938086,-1.5850283583934157,-0.06859040210483835
1022300203,1611661319,2023,62.0,91.80904125001845,83.69611934822026,0,0.0,-29.809041250018453,-0.0
1022300203,1611661322,2023,78.0,80.17008565846946,82.37227918654501,0,0.0,-2.1700856584694606,-0.0
1022300204,1611661313,2023,111.0,84.57843362335774,82.03030207774418,0,0.0,26.42156637664226,-0.0
1022300204,1611661324,2023,76.0,81.59846318193124,83.20736732259255,0,0.0,-5.598463181931237,-0.0
1022300205,1611661320,2023,68.0,78.92419898771146,79.86653601125481,0,0.0,-10.924198987711463,-0.0
1022300205,1611661323,2023,83.0,82.18886830062365,83.93192366495647,0,0.0,0.8111316993763467,-0.0
1022300206,1611661325,2023,83.0,79.13835637279115,83.71051023953385,0,0.0,3.8616436272088492,-0.0
1022300206,1611661330,2023,80.0,79.46930320834664,80.13754606862481,0,0.0,0.5306967916533551,-0.0
1022300207,1611661317,2023,74.0,78.31018717328145,79.76881350571773,0,0.0,-4.310187173281449,-0.0
1022300207,1611661321,2023,77.0,85.3434464940604,81.42659443531011,1,17.471850506345856,-8.343446494060402,-0.06966291826806315
1022300208,1611661328,2023,85.0,80.97849344326096,81.04883981449242,0,0.0,4.021506556739041,-0.0
1022300208,1611661329,2023,90.0,83.49235804730958,80.44845237194731,0,0.0,6.50764195269042,-0.0
1022300209,1611661313,2023,94.0,85.74993479408313,88.51044648895515,0,0.0,8.250065205916869,-0.0
1022300209,1611661319,2023,85.0,90.18576226097919,83.3210140569515,0,0.0,-5.185762260979189,-0.0
1022300210,1611661317,2023,76.0,78.19917469940214,78.4648037635788,1,11.898149473131957,-2.1991746994021355,-0.04743972677576107
1022300210,1611661330,2023,94.0,79.46651383468523,83.6916639765409,0,0.0,14.53348616531477,-0.0
1022300211,1611661322,2023,83.0,80.05640689430813,82.37508571912338,0,0.0,2.9435931056918747,-0.0
1022300211,1611661324,2023,72.0,81.34089793219835,79.90042024049664,0,0.0,-9.340897932198345,-0.0
1022300212,1611661320,2023,75.0,78.27160392760217,82.2494793149881,1,11.397199015100378,-3.271603927602172,-0.04544236131057879
1022300212,1611661329,2023,76.0,83.8598064395252,80.63144488329887,0,0.0,-7.859806439525201,-0.0
1022300213,1611661317,2023,74.0,78.20068248008832,78.44100722442525,0,0.0,-4.200682480088318,-0.0
1022300213,1611661323,2023,84.0,82.23464796406638,83.92264491891657,0,0.0,1.765352035933617,-0.0
1022300214,1611661319,2023,84.0,89.88339575619699,90.38503944245915,0,0.0,-5.88339575619699,-0.0
1022300214,1611661322,2023,75.0,80.20958171916074,79.88450987997577,0,0.0,-5.209581719160738,-0.0
1022300215,1611661320,2023,61.0,78.03611145978228,82.08780876865367,0,0.0,-17.036111459782276,-0.0
1022300215,1611661328,2023,72.0,81.28174587280722,79.31408081967095,0,0.0,-9.281745872807221,-0.0
1022300216,1611661321,2023,110.0,84.78047819223686,81.40056204700207,1,14.88693876546513,25.219521807763144,-0.05935648305275909
1022300216,1611661325,2023,100.0,79.25425488454502,83.73387441488474,0,0.0,20.74574511545498,-0.0
1022300217,1611661313,2023,89.0,85.94492003663328,88.4422354109469,1,18.33214994411011,3.0550799633667225,-0.07309306262496826
1022300217,1611661323,2023,58.0,82.32765062072237,80.36380773499035,0,0.0,-24.327650620722366,-0.0
1022300218,1611661324,2023,91.0,80.90097189911528,82.47813521194107,0,0.0,10.099028100884723,-0.0
1022300218,1611661330,2023,85.0,80.18131848640851,80.26415162162925,0,0.0,4.8186815135914856,-0.0
1022300219,1611661319,2023,103.0,89.55631059010067,90.28924924314757,0,0.0,13.443689409899335,-0.0
1022300219,1611661328,2023,77.0,80.89228393160798,79.33096304043077,0,0.0,-3.8922839316079774,-0.0
1022300220,1611661313,2023,86.0,85.86660306741189,82.2129280997244,0,0.0,0.1333969325881128,-0.0
1022300220,1611661329,2023,69.0,83.47766932140881,84.05150945976219,0,0.0,-14.477669321408811,-0.0
1022300221,1611661321,2023,84.0,85.957793832805,87.78339802855751,0,0.0,-1.9577938328049953,-0.0
1022300221,1611661325,2023,97.0,80.23105266016162,80.7844234438063,0,0.0,16.768947339838377,-0.0
1022300222,1611661317,2023,73.0,78.0995795099531,78.31683723111551,0,0.0,-5.099579509953102,-0.0
1022300222,1611661324,2023,86.0,81.470809264608,82.76037308171982,0,0.0,4.529190735392007,-0.0
1022300223,1611661320,2023,72.0,77.10392939936865,81.46531288532063,1,17.553753107407744,-5.103929399368653,-0.06998947636227552
1022300223,1611661322,2023,64.0,79.93940464422013,79.77063639994117,0,0.0,-15.939404644220133,-0.0
1022300224,1611661320,2023,76.0,76.81551030653306,79.29819661190236,1,8.895110861424778,-0.8155103065330565,-0.0354661563009443
1022300224,1611661323,2023,90.0,81.08332142929314,83.61687402086342,0,0.0,8.916678570706864,-0.0
1022300225,1611661325,2023,69.0,80.9691790554771,85.4956455038992,0,0.0,-11.969179055477099,-0.0
1022300225,1611661329,2023,96.0,82.77103886976842,80.1023603975585,0,0.0,13.228961130231582,-0.0
1022300226,1611661313,2023,94.0,85.64175488995492,82.0251863233062,0,0.0,8.358245110045075,-0.0
1022300226,1611661321,2023,93.0,85.70308765398447,87.63921083886036,0,0.0,7.296912346015532,-0.0
1022300227,1611661317,2023,77.0,77.95618210600732,79.23520602980751,0,0.0,-0.9561821060073186,-0.0
1022300227,1611661322,2023,100.0,79.13046320792711,79.31378509975973,0,0.0,20.869536792072893,-0.0
1022300228,1611661328,2023,68.0,80.79244993920146,79.39943320572195,0,0.0,-12.792449939201461,-0.0
1022300228,1611661330,2023,79.0,80.37359005959759,83.49327062672405,0,0.0,-1.3735900595975892,-0.0
1022300229,1611661313,2023,96.0,85.84460153669919,87.81050508687954,0,0.0,10.155398463300813,-0.0
1022300229,1611661320,2023,89.0,76.75624305879272,79.36689459062649,0,0.0,12.24375694120728,-0.0
1022300230,1611661323,2023,76.0,81.57976702969357,83.78153291501505,0,0.0,-5.579767029693571,-0.0
1022300230,1611661325,2023,59.0,80.21462086035444,80.93732456758993,0,0.0,-21.214620860354444,-0.0
1022300231,1611661322,2023,75.0,80.22850654573715,82.2188085516866,0,0.0,-5.228506545737147,-0.0
1022300231,1611661330,2023,80.0,80.24303518919574,80.02390295708148,0,0.0,-0.2430351891957372,-0.0
1022300232,1611661324,2023,87.0,81.73600503190562,79.9758633501529,0,0.0,5.26399496809438,-0.0
1022300232,1611661329,2023,92.0,83.50333636975088,84.18741270251965,0,0.0,8.496663630249117,-0.0
1022300233,1611661321,2023,106.0,85.9296905035785,87.25598776582606,1,9.320326234473413,20.0703094964215,-0.03716155449406943
1022300233,1611661328,2023,91.0,80.24213754520402,79.3511491714795,0,0.0,10.757862454795983,-0.0
1022300234,1611661317,2023,73.0,78.02932553736343,79.84870375220802,0,0.0,-5.029325537363434,-0.0
1022300234,1611661319,2023,94.0,90.22700617226783,83.21460883726505,0,0.0,3.772993827732165,-0.0
1022300235,1611661321,2023,94.0,86.79864009571745,81.90973125300765,0,0.0,7.201359904282555,-0.0
1022300235,1611661330,2023,77.0,80.17471068047426,83.40442517281349,0,0.0,-3.174710680474263,-0.0
1022300236,1611661323,2023,91.0,81.32031157520085,83.55773929870139,0,0.0,9.679688424799153,-0.0
1022300236,1611661329,2023,102.0,83.9685147003313,80.66058140166892,1,19.52217184325751,18.031485299668702,-0.07783786045089978
1022300237,1611661324,2023,72.0,82.02914980002895,80.10072129665018,0,0.0,-10.029149800028947,-0.0
1022300237,1611661325,2023,87.0,79.0162130072625,83.97657555396916,0,0.0,7.983786992737507,-0.0
1022300238,1611661313,2023,88.0,86.13171931561408,88.15382974726234,0,0.0,1.8682806843859225,-0.0
1022300238,1611661322,2023,90.0,79.95840278355212,79.61334697419356,0,0.0,10.041597216447883,-0.0
1022300239,1611661317,2023,85.0,77.89244812420395,78.58870325620416,0,0.0,7.107551875796048,-0.0
1022300239,1611661319,2023,100.0,90.38131264960612,90.23744068084872,0,0.0,9.618687350393884,-0.0
1022300240,1611661320,2023,91.0,77.36408566205681,79.51109033721193,0,0.0,13.635914337943191,-0.0
1022300240,1611661328,2023,89.0,80.91068335587372,82.19446314317977,0,0.0,8.089316644126285,-0.0
1022400001,1611661313,2024,85.0,82.62295081967213,82.0,2,17.44423320659062,2.377049180327873,-0.4339969221614045
1022400001,1611661322,2024,80.0,80.25892857142857,82.0,3,26.16634980988593,-0.2589285714285694,-0.6509953832421067
1022400002,1611661323,2024,92.0,82.41221374045801,82.0,2,17.44423320659062,9.587786259541986,-0.4339969221614045
1022400002,1611661325,2024,71.0,78.30555555555556,82.0,3,26.16634980988593,-7.305555555555557,-0.6509953832421067
1022400003,1611661317,2024,80.0,79.91735537190083,82.0,2,17.44423320659062,0.08264462809917461,-0.4339969221614045
1022400003,1611661319,2024,89.0,90.04545454545455,82.0,2,17.44423320659062,-1.0454545454545467,-0.4339969221614045
1022400004,1611661324,2024,83.0,81.375,82.0,3,26.16634980988593,1.625,-0.6509953832421067
1022400004,1611661328,2024,70.0,82.07826086956521,82.0,3,26.16634980988593,-12.078260869565213,-0.6509953832421067
1022400005,1611661321,2024,87.0,83.74358974358974,82.0,2,17.44423320659062,3.2564102564102626,-0.4339969221614045
1022400005,1611661329,2024,79.0,83.296875,82.0,3,26.16634980988593,-4.296875,-0.6509953832421067
1022400006,1611661320,2024,81.0,77.25925925925925,82.0,3,26.16634980988593,3.7407407407407476,-0.6509953832421067
1022400006,1611661330,2024,92.0,80.00909090909092,82.0,3,26.16634980988593,11.990909090909085,-0.6509953832421067
1022400007,1611661313,2024,102.0,82.88706739526411,82.0,2,17.44423320659062,19.11293260473589,-0.4339969221614045
1022400007,1611661325,2024,66.0,77.49382716049382,82.0,1,8.72211660329531,-11.493827160493822,-0.21699846108070225
1022400008,1611661322,2024,77.0,80.23015873015873,82.0,1,8.72211660329531,-3.2301587301587347,-0.21699846108070225
1022400008,1611661323,2024,84.0,83.47752332485157,82.0,1,8.72211660329531,0.5224766751484253,-0.21699846108070225
1022400009,1611661324,2024,102.0,81.55555555555556,82.0,1,8.72211660329531,20.444444444444443,-0.21699846108070225
1022400009,1611661328,2024,93.0,80.73623188405797,82.0,1,8.72211660329531,12.263768115942028,-0.21699846108070225
1022400010,1611661313,2024,91.0,84.7972225533813,82.0,0,0.0,6.202777446618697,-0.0
1022400010,1611661325,2024,80.0,76.3746098114178,82.0,0,0.0,3.6253901885822017,-0.0
1022400011,1611661319,2024,89.0,89.92929292929293,82.0,0,0.0,-0.9292929292929273,-0.0
1022400011,1611661320,2024,82.0,77.67489711934155,82.0,1,8.72211660329531,4.325102880658449,-0.21699846108070225
1022400012,1611661321,2024,74.0,84.1054131054131,82.0,1,8.72211660329531,-10.105413105413106,-0.21699846108070225
1022400012,1611661329,2024,83.0,82.81944444444444,82.0,0,0.0,0.18055555555555713,-0.0
1022400013,1611661317,2024,88.0,79.92653810835628,82.0,0,0.0,8.073461891643717,-0.0
1022400013,1611661330,2024,85.0,81.34141414141415,82.0,0,0.0,3.6585858585858517,-0.0
1022400014,1611661322,2024,75.0,79.90661874845027,82.0,0,0.0,-4.906618748450271,-0.0
1022400014,1611661328,2024,84.0,82.03012861938122,82.0,1,8.72211660329531,1.969871380618784,-0.21699846108070225
1022400015,1611661323,2024,88.0,83.48196292381606,82.0,1,8.72211660329531,4.518037076183944,-0.21699846108070225
1022400015,1611661325,2024,84.0,76.7892373658959,82.0,0,0.0,7.2107626341041,-0.0
1022400016,1611661313,2024,74.0,85.27960621457854,82.0,0,0.0,-11.279606214578536,-0.0
1022400016,1611661328,2024,63.0,82.21393339498135,82.0,0,0.0,-19.213933394981353,-0.0
1022400017,1611661321,2024,78.0,83.07283028492436,82.0,0,0.0,-5.072830284924365,-0.0
1022400017,1611661330,2024,83.0,81.64917802752126,82.0,0,0.0,1.350821972478741,-0.0
1022400018,1611661317,2024,98.0,80.73802652210188,82.0,1,16.56905336938792,17.261973477898124,-0.41222323046710924
1022400018,1611661319,2024,88.0,89.84108427969268,82.0,0,0.0,-1.84108427969268,-0.0
1022400019,1611661320,2024,70.0,78.09108089901781,82.0,0,0.0,-8.091080899017811,-0.0
1022400019,1611661322,2024,68.0,79.46836040309933,82.0,0,0.0,-11.468360403099325,-0.0
1022400020,1611661325,2024,83.0,77.46513846734919,82.0,0,0.0,5.534861532650808,-0.0
1022400020,1611661328,2024,85.0,80.5630772111954,82.0,0,0.0,4.436922788804594,-0.0
1022400021,1611661323,2024,83.0,83.85462544284661,82.0,0,0.0,-0.8546254428466113,-0.0
1022400021,1611661324,2024,82.0,83.60338654847519,82.0,0,0.0,-1.6033865484751857,-0.0
1022400022,1611661313,2024,81.0,84.21136262030423,82.0,0,0.0,-3.2113626203042287,-0.0
1022400022,1611661329,2024,90.0,82.8591597996225,82.0,1,15.071153096399032,7.140840200377497,-0.37495681121651725
1022400023,1611661317,2024,83.0,82.29721817022426,82.0,0,0.0,0.7027818297757449,-0.0
1022400023,1611661322,2024,80.0,78.51651854085142,82.0,0,0.0,1.483481459148578,-0.0
1022400024,1611661320,2024,73.0,77.30983948629971,82.0,0,0.0,-4.309839486299708,-0.0
1022400024,1611661325,2024,78.0,77.93927737248838,78.98952775417276,0,0.0,0.06072262751162327,-0.0
1022400025,1611661313,2024,67.0,83.89662592859182,83.68864666584821,0,0.0,-16.896625928591817,-0.0
1022400025,1611661324,2024,84.0,83.36305439253431,82.0,0,0.0,0.636945607465691,-0.0
1022400026,1611661323,2024,86.0,83.72595819722741,82.0,0,0.0,2.2740418027725866,-0.0
1022400026,1611661329,2024,82.0,83.53636611592202,82.0,0,0.0,-1.5363661159220214,-0.0
1022400027,1611661319,2024,99.0,89.67962996019287,82.0,0,0.0,9.32037003980713,-0.0
1022400027,1611661325,2024,80.0,77.95631282622324,78.98952775417276,0,0.0,2.0436871737767603,-0.0
1022400028,1611661322,2024,69.0,78.69823045963138,78.83592710189248,0,0.0,-9.698230459631375,-0.0
1022400028,1611661328,2024,101.0,80.9734627073501,80.10648751142838,0,0.0,20.026537292649905,-0.0
1022400029,1611661317,2024,92.0,82.26588894716369,82.0,0,0.0,9.734111052836312,-0.0
1022400029,1611661321,2024,107.0,82.63242829531116,82.0,0,0.0,24.367571704688842,-0.0
1022400030,1611661324,2024,92.0,83.3411539998097,82.0,0,0.0,8.658846000190294,-0.0
1022400030,1611661330,2024,79.0,81.70588561488468,82.0,0,0.0,-2.7058856148846786,-0.0
1022400031,1611661320,2024,83.0,76.93876437952586,82.0,0,0.0,6.061235620474136,-0.0
1022400031,1611661321,2024,84.0,84.76219819155436,82.0,0,0.0,-0.7621981915543614,-0.0
1022400032,1611661317,2024,47.0,82.96196313402882,85.017769457848,0,0.0,-35.96196313402882,-0.0
1022400032,1611661323,2024,70.0,83.86102222386002,85.01935055360772,0,0.0,-13.861022223860019,-0.0
1022400033,1611661320,2024,88.0,77.43639494126509,79.65669407252533,0,0.0,10.563605058734908,-0.0
1022400033,1611661325,2024,82.0,78.11433074235939,79.16248670927457,0,0.0,3.8856692576406147,-0.0
1022400034,1611661328,2024,77.0,82.52602625394964,82.2541963079577,0,0.0,-5.526026253949638,-0.0
1022400034,1611661329,2024,68.0,83.39556914051803,82.0,0,0.0,-15.395569140518035,-0.0
1022400035,1611661313,2024,81.0,82.5751082082515,82.20820347510322,0,0.0,-1.5751082082515069,-0.0
1022400035,1611661317,2024,78.0,80.13797082274728,85.017769457848,0,0.0,-2.1379708227472776,-0.0
1022400036,1611661322,2024,67.0,78.01755924709259,77.38777748917185,0,0.0,-11.017559247092592,-0.0
1022400036,1611661330,2024,73.0,81.40887859668273,82.0,0,0.0,-8.408878596682726,-0.0
1022400037,1611661319,2024,80.0,90.49197115689238,82.0,0,0.0,-10.491971156892376,-0.0
1022400037,1611661324,2024,66.0,83.96476466022882,87.17553769886018,0,0.0,-17.964764660228823,-0.0
1022400038,1611661325,2024,88.0,78.3864829100478,80.16014490876306,1,10.545332342876064,9.613517089952197,-0.2623584382171765
1022400038,1611661328,2024,103.0,82.11476477036591,81.71754297654829,0,0.0,20.88523522963409,-0.0
1022400039,1611661320,2024,73.0,78.22952967792453,81.1067435973673,0,0.0,-5.229529677924532,-0.0
1022400039,1611661329,2024,83.0,82.15734432347587,81.06460797471892,0,0.0,0.8426556765241315,-0.0
1022400040,1611661319,2024,74.0,89.63447317627435,85.00156686789279,0,0.0,-15.634473176274355,-0.0
1022400040,1611661330,2024,78.0,80.68411134818027,82.46130757353558,0,0.0,-2.6841113481802665,-0.0
1022400041,1611661321,2024,72.0,84.66439381264114,84.02601070211631,0,0.0,-12.664393812641137,-0.0
1022400041,1611661323,2024,74.0,82.76320330424143,82.67863455279041,0,0.0,-8.76320330424143,-0.0
1022400042,1611661313,2024,90.0,82.46354222666815,82.23577244709634,0,0.0,7.536457773331847,-0.0
1022400042,1611661322,2024,79.0,77.29865662749839,77.25382265591531,0,0.0,1.7013433725016114,-0.0
1022400043,1611661317,2024,71.0,79.97732973675079,80.47002012210383,0,0.0,-8.97732973675079,-0.0
1022400043,1611661324,2024,95.0,82.51773593440922,84.24014011465546,0,0.0,12.482264065590783,-0.0
1022400044,1611661325,2024,71.0,79.01560814841469,81.32885666163428,0,0.0,-8.015608148414685,-0.0
1022400044,1611661329,2024,70.0,82.25979988252301,81.06898208685664,0,0.0,-12.259799882523012,-0.0
1022400045,1611661323,2024,69.0,82.12260037557976,81.13380049454547,0,0.0,-13.122600375579765,-0.0
1022400045,1611661330,2024,50.0,80.45812550077528,82.38949287371379,0,0.0,-30.45812550077528,-0.0
1022400046,1611661313,2024,104.0,82.98488855207998,83.62758856310263,0,0.0,21.01511144792002,-0.0
1022400046,1611661325,2024,68.0,78.48870026533248,81.02262811787766,0,0.0,-10.488700265332483,-0.0
1022400047,1611661321,2024,76.0,83.67503672655337,82.34003351915423,0,0.0,-7.6750367265533725,-0.0
1022400047,1611661324,2024,87.0,83.37724240535161,85.35019732798851,0,0.0,3.622757594648391,-0.0
1022400048,1611661317,2024,87.0,79.3603059876816,79.68560574854591,0,0.0,7.639694012318401,-0.0
1022400048,1611661320,2024,68.0,77.8227124414821,80.56288138847394,0,0.0,-9.822712441482096,-0.0
1022400049,1611661322,2024,59.0,77.50632546349136,77.67472329746192,0,0.0,-18.506325463491365,-0.0
1022400049,1611661323,2024,76.0,81.23227503663276,79.96890378557615,0,0.0,-5.232275036632757,-0.0
1022400050,1611661313,2024,88.0,84.35469638884734,84.0691789942129,0,0.0,3.6453036111526558,-0.0
1022400050,1611661329,2024,75.0,81.4128617400238,80.17811743716027,0,0.0,-6.4128617400238,-0.0
1022400051,1611661317,2024,62.0,79.87858797418359,80.67371233414823,0,0.0,-17.87858797418359,-0.0
1022400051,1611661328,2024,80.0,83.5448184236189,84.09002030984794,1,17.863852900718538,-3.5448184236189064,-0.4444366848940548
1022400052,1611661319,2024,95.0,88.46566334139061,83.65460505479457,0,0.0,6.534336658609391,-0.0
1022400052,1611661321,2024,81.0,83.12610243167076,82.13041206315458,0,0.0,-2.126102431670759,-0.0
1022400053,1611661320,2024,62.0,77.13226693026785,79.49861532578467,0,0.0,-15.132266930267846,-0.0
1022400053,1611661324,2024,86.0,83.56388876813321,83.9679042862216,0,0.0,2.4361112318667892,-0.0
1022400054,1611661322,2024,71.0,76.37183296240455,75.42726354064563,0,0.0,-5.371832962404554,-0.0
1022400054,1611661329,2024,79.0,81.03138361560812,80.14697493366603,0,0.0,-2.031383615608121,-0.0
1022400055,1611661313,2024,78.0,84.53599682226914,83.9147820830764,0,0.0,-6.535996822269141,-0.0
1022400055,1611661330,2024,61.0,78.2564481720452,78.29030558415211,0,0.0,-17.256448172045197,-0.0
1022400056,1611661322,2024,83.0,76.14256288465977,75.42726354064563,0,0.0,6.8574371153402325,-0.0
1022400056,1611661325,2024,85.0,77.8432986489758,79.40587155835915,0,0.0,7.156701351024196,-0.0
1022400057,1611661319,2024,65.0,88.98583165291866,85.86307418051209,0,0.0,-23.985831652918662,-0.0
1022400057,1611661328,2024,78.0,83.2687028180999,82.7888133952549,0,0.0,-5.2687028180998965,-0.0
1022400058,1611661320,2024,81.0,76.14197355597595,77.97086120774456,0,0.0,4.858026444024048,-0.0
1022400058,1611661321,2024,72.0,82.99940875176013,81.87285205389034,0,0.0,-10.999408751760129,-0.0
1022400059,1611661317,2024,81.0,78.74939232815824,78.9647245827322,0,0.0,2.250607671841763,-0.0
1022400059,1611661324,2024,80.0,83.65935530650299,83.97763278068439,0,0.0,-3.659355306502988,-0.0
1022400060,1611661313,2024,82.0,84.08450193056565,83.21785448831442,0,0.0,-2.0845019305656507,-0.0
1022400060,1611661323,2024,75.0,80.92336925249882,80.00250108068653,0,0.0,-5.923369252498816,-0.0
1022400061,1611661329,2024,80.0,80.96476305386905,80.02045047088687,0,0.0,-0.9647630538690493,-0.0
1022400061,1611661330,2024,89.0,77.127862872932,77.64309728358921,0,0.0,11.872137127068001,-0.0
1022400062,1611661313,2024,93.0,83.92240984934428,84.3299391805242,0,0.0,9.077590150655723,-0.0
1022400062,1611661322,2024,88.0,76.67408435456711,77.16964171765432,0,0.0,11.325915645432886,-0.0
1022400063,1611661317,2024,97.0,78.91881999204138,79.43207926321517,0,0.0,18.081180007958622,-0.0
1022400063,1611661321,2024,90.0,82.29880703938753,81.57951426105254,0,0.0,7.701192960612474,-0.0
1022400064,1611661324,2024,83.0,83.36316377530628,84.9553803432813,0,0.0,-0.3631637753062762,-0.0
1022400064,1611661328,2024,64.0,82.90181956452066,82.67643557212543,0,0.0,-18.901819564520665,-0.0
1022400065,1611661319,2024,92.0,87.37478702582997,82.77379036637154,1,16.378109918149644,4.625212974170026,-0.40747272815709773
1022400065,1611661320,2024,96.0,76.48081693438813,77.82032391994495,0,0.0,19.51918306561187,-0.0
1022400066,1611661323,2024,89.0,80.59115291501232,79.4569679503487,0,0.0,8.408847084987684,-0.0
1022400066,1611661325,2024,72.0,78.27883247889697,80.08418197518586,0,0.0,-6.278832478896973,-0.0
1022400067,1611661322,2024,87.0,77.43911209804527,77.93018443770556,0,0.0,9.560887901954729,-0.0
1022400067,1611661330,2024,68.0,77.9927262419146,78.23207773270981,0,0.0,-9.992726241914596,-0.0
1022400068,1611661319,2024,86.0,87.75738922412867,84.64069200250957,0,0.0,-1.7573892241286728,-0.0
1022400068,1611661324,2024,100.0,83.28648802573534,83.6877420280313,0,0.0,16.713511974264662,-0.0
1022400069,1611661320,2024,79.0,77.69388828069366,79.90369294037404,0,0.0,1.3061117193063438,-0.0
1022400069,1611661328,2024,95.0,81.72520414602857,81.79268389100984,0,0.0,13.274795853971426,-0.0
1022400070,1611661323,2024,83.0,81.15447183191468,80.58311080590073,0,0.0,1.8455281680853233,-0.0
1022400070,1611661329,2024,75.0,80.96997041520692,80.33454280529727,0,0.0,-5.969970415206916,-0.0
1022400071,1611661325,2024,91.0,77.91884706961176,79.67358416357847,0,0.0,13.081152930388242,-0.0
1022400071,1611661330,2024,84.0,77.41821688505301,78.20360952225155,0,0.0,6.581783114946987,-0.0
1022400072,1611661321,2024,84.0,82.82669374720544,82.21375726150804,0,0.0,1.1733062527945606,-0.0
1022400072,1611661328,2024,92.0,82.51967196939364,81.97511968706726,0,0.0,9.480328030606358,-0.0
1022400073,1611661317,2024,99.0,80.01468560058275,80.46778423479451,0,0.0,18.98531439941725,-0.0
1022400073,1611661319,2024,103.0,87.7112359104925,83.5287705593685,0,0.0,15.288764089507495,-0.0
1022400074,1611661322,2024,83.0,78.06104696857832,78.17208067718688,0,0.0,4.938953031421676,-0.0
1022400074,1611661329,2024,81.0,80.66926683298234,79.86101880146143,0,0.0,0.3307331670176552,-0.0
1022400075,1611661320,2024,76.0,77.75959226673743,79.88829844530436,0,0.0,-1.7595922667374282,-0.0
1022400075,1611661324,2024,81.0,84.22419221336814,86.135637330268,0,0.0,-3.2241922133681413,-0.0
1022400076,1611661321,2024,67.0,82.92346476892764,82.46156878823514,0,0.0,-15.923464768927644,-0.0
1022400076,1611661323,2024,85.0,81.2970184944127,80.93452499897595,0,0.0,3.702981505587303,-0.0
1022400077,1611661313,2024,90.0,84.41033749348097,83.63840688912998,0,0.0,5.5896625065190335,-0.0
1022400077,1611661319,2024,82.0,88.70867136866286,86.3873794087377,0,0.0,-6.708671368662863,-0.0
1022400078,1611661317,2024,87.0,81.10274769378167,81.69958513735476,0,0.0,5.897252306218334,-0.0
1022400078,1611661328,2024,78.0,83.05286500910148,82.3922637156256,0,0.0,-5.052865009101481,-0.0
1022400079,1611661325,2024,91.0,78.66014495095301,80.64974109200197,0,0.0,12.339855049046989,-0.0
1022400079,1611661329,2024,83.0,80.75860277730338,79.91498059412004,0,0.0,2.2413972226966195,-0.0
1022400080,1611661320,2024,74.0,77.64561140817983,79.66209638757053,0,0.0,-3.645611408179832,-0.0
1022400080,1611661330,2024,87.0,77.89108903470222,78.34076089481921,0,0.0,9.108910965297781,-0.0
1022400081,1611661321,2024,78.0,82.00350419134296,81.12204430136543,1,24.04301672683218,-4.003504191342955,-0.598168754988785
1022400081,1611661324,2024,90.0,83.96549816752189,85.53759679030476,1,8.742239472067132,6.034501832478114,-0.21749910006027795
1022400082,1611661320,2024,70.0,77.43202215446773,79.5554411036347,0,0.0,-7.432022154467731,-0.0
1022400082,1611661323,2024,79.0,81.53849201254054,81.51330089371336,0,0.0,-2.5384920125405444,-0.0
1022400083,1611661313,2024,93.0,84.67806559426232,83.8215358683205,0,0.0,8.321934405737679,-0.0
1022400083,1611661317,2024,99.0,81.40279525545074,81.9666025513753,0,0.0,17.59720474454926,-0.0
1022400084,1611661322,2024,81.0,78.39245880308597,79.30839092193456,0,0.0,2.6075411969140276,-0.0
1022400084,1611661325,2024,88.0,79.32481082433281,81.07566136756537,0,0.0,8.675189175667185,-0.0
1022400085,1611661324,2024,68.0,84.23793742197589,85.96261770962282,0,0.0,-16.237937421975886,-0.0
1022400085,1611661330,2024,55.0,78.48604776651365,79.72825622806634,0,0.0,-23.48604776651365,-0.0
1022400086,1611661319,2024,94.0,88.34740806318418,85.6157472487292,0,0.0,5.652591936815824,-0.0
1022400086,1611661328,2024,83.0,82.74580070335573,82.09102603385938,0,0.0,0.25419929664427343,-0.0
1022400087,1611661321,2024,72.0,81.81841173754661,80.56681294187705,1,16.94947400762031,-9.818411737546612,-0.4216877557439874
1022400087,1611661329,2024,83.0,80.95282286963189,79.95572958296023,0,0.0,2.0471771303681123,-0.0
1022400088,1611661313,2024,93.0,85.08181935144064,85.76723338577948,1,12.569584408468724,7.918180648559357,-0.31272001936218013
1022400088,1611661320,2024,80.0,77.02224322577612,79.07543336915427,0,0.0,2.9777567742238773,-0.0
1022400089,1611661325,2024,91.0,79.76316340790122,81.32616835964811,0,0.0,11.236836592098783,-0.0
1022400089,1611661330,2024,79.0,77.17622254714584,77.7038774813683,1,14.012334551956878,1.8237774528541593,-0.3486143527104191
1022400090,1611661319,2024,85.0,88.71590597034262,85.72702566777434,0,0.0,-3.715905970342618,-0.0
1022400090,1611661323,2024,74.0,81.41846268066351,80.57215592026193,0,0.0,-7.4184626806635094,-0.0
1022400091,1611661321,2024,69.0,81.31764334729321,80.63449704934652,0,0.0,-12.317643347293213,-0.0
1022400091,1611661322,2024,97.0,78.58047600648351,79.38658296511491,0,0.0,18.419523993516492,-0.0
1022400092,1611661313,2024,98.0,85.44530945848572,86.08372599787886,0,0.0,12.554690541514276,-0.0
1022400092,1611661320,2024,88.0,77.18676422014218,78.98205751075943,0,0.0,10.81323577985782,-0.0
1022400093,1611661317,2024,60.0,82.32663394871118,82.2839092929757,0,0.0,-22.326633948711176,-0.0
1022400093,1611661324,2024,73.0,83.2817305533129,84.10470197324368,0,0.0,-10.281730553312897,-0.0
1022400094,1611661313,2024,96.0,86.03493917139465,84.50071127260748,0,0.0,9.965060828605345,-0.0
1022400094,1611661330,2024,75.0,77.34935800169839,78.55702572655511,0,0.0,-2.3493580016983913,-0.0
1022400095,1611661321,2024,84.0,80.70493994728797,80.63449704934652,0,0.0,3.2950600527120315,-0.0
1022400095,1611661322,2024,92.0,79.60324019398999,79.38658296511491,0,0.0,12.39675980601001,-0.0
1022400096,1611661325,2024,87.0,80.31596170997983,81.35202611894346,0,0.0,6.684038290020169,-0.0
1022400096,1611661329,2024,88.0,81.12617747346341,80.14110945890769,0,0.0,6.8738225265365855,-0.0
1022400097,1611661323,2024,61.0,81.03800448356765,80.45833603263739,0,0.0,-20.038004483567647,-0.0
1022400097,1611661328,2024,72.0,82.74331626320584,82.77845233555004,0,0.0,-10.743316263205841,-0.0
1022400098,1611661321,2024,94.0,80.95349047631319,81.2797456547434,0,0.0,13.046509523686808,-0.0
1022400098,1611661324,2024,88.0,82.68759748420774,82.67900919826624,0,0.0,5.312402515792257,-0.0
1022400099,1611661322,2024,91.0,80.26619761402458,81.87154515678793,1,10.211616034533192,10.733802385975423,-0.254055874901229
1022400099,1611661323,2024,94.0,80.00202077692387,79.2869074959772,0,0.0,13.997979223076129,-0.0
1022400100,1611661319,2024,95.0,88.54147410868066,83.94958688670879,0,0.0,6.45852589131934,-0.0
1022400100,1611661329,2024,83.0,81.55444841810512,80.89895698748839,0,0.0,1.4455515818948754,-0.0
1022400101,1611661325,2024,77.0,80.61217047482417,81.71677641989825,0,0.0,-3.6121704748241683,-0.0
1022400101,1611661328,2024,89.0,82.15430061423837,81.9073849530653,0,0.0,6.845699385761634,-0.0
1022400102,1611661323,2024,74.0,80.78977415080875,78.95596205440255,0,0.0,-6.7897741508087535,-0.0
1022400102,1611661330,2024,78.0,77.2863259374538,78.50914578568975,0,0.0,0.7136740625462039,-0.0
1022400103,1611661317,2024,92.0,81.07794626478479,81.23623947628673,0,0.0,10.922053735215215,-0.0
1022400103,1611661320,2024,78.0,77.75332317603797,79.79822063283873,0,0.0,0.2466768239620336,-0.0
1022400104,1611661319,2024,88.0,88.9307481253374,84.40448979812155,0,0.0,-0.9307481253374021,-0.0
1022400104,1611661322,2024,77.0,80.81597870149581,82.23653774513392,0,0.0,-3.8159787014958084,-0.0
1022400105,1611661321,2024,76.0,81.700451968133,81.4182575271744,0,0.0,-5.700451968132995,-0.0
1022400105,1611661328,2024,97.0,82.51012070240381,82.53431778635665,0,0.0,14.48987929759619,-0.0
1022400106,1611661313,2024,81.0,86.46700849313264,86.98737089423373,0,0.0,-5.467008493132639,-0.0
1022400106,1611661330,2024,75.0,77.38961026449357,78.43208304997864,0,0.0,-2.3896102644935695,-0.0
1022400107,1611661324,2024,70.0,82.93431818744502,82.82442922789161,0,0.0,-12.934318187445015,-0.0
1022400107,1611661329,2024,62.0,81.67329306667261,80.95136283874987,0,0.0,-19.673293066672613,-0.0
1022400108,1611661317,2024,82.0,81.62126757123622,81.7554094451935,0,0.0,0.378732428763783,-0.0
1022400108,1611661325,2024,88.0,80.37827376279198,81.35416237282901,0,0.0,7.621726237208023,-0.0
1022400109,1611661317,2024,72.0,81.60147370342406,81.7554094451935,1,16.31205826909889,-9.601473703424062,-0.40582942219734475
1022400109,1611661323,2024,83.0,80.47922286643843,80.42615887648111,0,0.0,2.520777133561566,-0.0
1022400110,1611661321,2024,71.0,81.45539041373263,80.88677507385589,0,0.0,-10.45539041373263,-0.0
1022400110,1611661328,2024,95.0,83.24257741191296,83.87684676925976,0,0.0,11.757422588087039,-0.0
1022400111,1611661313,2024,76.0,86.10503025232356,86.67488954466987,0,0.0,-10.105030252323559,-0.0
1022400111,1611661324,2024,67.0,82.2357541257374,82.27232392199701,0,0.0,-15.235754125737401,-0.0
1022400112,1611661329,2024,85.0,80.68368659358481,79.69001041612948,0,0.0,4.3163134064151905,-0.0
1022400112,1611661330,2024,77.0,77.32622247506156,77.30335937047349,0,0.0,-0.3262224750615559,-0.0
1022400113,1611661319,2024,88.0,88.90779766299181,86.14406483118552,0,0.0,-0.9077976629918112,-0.0
1022400113,1611661325,2024,69.0,80.7094309314716,82.07671511101094,0,0.0,-11.709430931471601,-0.0
1022400114,1611661320,2024,80.0,77.75459582764498,79.43786713712909,0,0.0,2.2454041723550233,-0.0
1022400114,1611661322,2024,82.0,80.61135804537378,81.45617062489823,0,0.0,1.3886419546262232,-0.0
1022400115,1611661317,2024,104.0,81.08023935381769,81.04978194656401,0,0.0,22.91976064618231,-0.0
1022400115,1611661321,2024,96.0,80.98094069606167,80.68648316785509,0,0.0,15.019059303938334,-0.0
1022400116,1611661323,2024,78.0,80.6497544860401,80.81875240553569,0,0.0,-2.649754486040095,-0.0
1022400116,1611661324,2024,73.0,81.44958688357195,81.66427734717841,0,0.0,-8.449586883571953,-0.0
1022400117,1611661319,2024,98.0,88.88706015909933,86.1433713883633,0,0.0,9.112939840900665,-0.0
1022400117,1611661322,2024,77.0,80.67225351544242,81.17636572262197,1,12.306613031603518,-3.6722535154424207,-0.3061775266756614
1022400118,1611661321,2024,85.0,81.78566338102348,82.19104611271356,0,0.0,3.2143366189765175,-0.0
1022400118,1611661330,2024,82.0,77.37122746872122,77.86411242126736,1,10.39583685104812,4.628772531278784,-0.2586391240712374
1022400119,1611661319,2024,93.0,89.38061200536463,84.5443405741153,0,0.0,3.6193879946353746,-0.0
1022400119,1611661320,2024,98.0,77.85640023710184,79.55706584366824,0,0.0,20.143599762898162,-0.0
1022400120,1611661328,2024,84.0,83.80794485311306,84.8753483059286,0,0.0,0.19205514688694336,-0.0
1022400120,1611661329,2024,88.0,80.96494977412029,79.95356346019597,0,0.0,7.035050225879715,-0.0
1022400121,1611661313,2024,78.0,85.52752744761656,84.32430436194215,0,0.0,-7.5275274476165634,-0.0
1022400121,1611661325,2024,83.0,80.08619833226692,81.55186915272378,0,0.0,2.9138016677330825,-0.0
1022400122,1611661322,2024,67.0,80.48425043426364,81.2125277625828,0,0.0,-13.484250434263643,-0.0
1022400122,1611661324,2024,74.0,81.02973862880943,81.07336703165294,1,18.31485382522427,-7.029738628809426,-0.455657184574917
1022400123,1611661323,2024,80.0,80.55777768772924,80.9198799504228,0,0.0,-0.5577776877292422,-0.0
1022400123,1611661330,2024,67.0,77.66376800715143,77.64943925021196,0,0.0,-10.663768007151432,-0.0
1022400124,1611661319,2024,104.0,89.57777514054791,86.77657342250721,0,0.0,14.422224859452086,-0.0
1022400124,1611661321,2024,85.0,81.98514875699622,81.87689626669427,0,0.0,3.0148512430037755,-0.0
1022400125,1611661328,2024,84.0,83.77901243431128,84.7669973257656,0,0.0,0.22098756568871636,-0.0
1022400125,1611661329,2024,71.0,81.37167002134892,80.2777266014451,0,0.0,-10.371670021348919,-0.0
1022400126,1611661317,2024,84.0,82.18875240978505,82.28816407109886,0,0.0,1.811247590214947,-0.0
1022400126,1611661320,2024,78.0,78.84008644656551,81.07052890960414,0,0.0,-0.8400864465655076,-0.0
1022400127,1611661320,2024,67.0,78.76455621586481,80.71234068092586,0,0.0,-11.764556215864815,-0.0
1022400127,1611661324,2024,82.0,80.694714904595,80.66927306769286,0,0.0,1.3052850954049973,-0.0
1022400128,1611661313,2024,71.0,85.09713451744601,83.94526742948186,1,13.18237602286329,-14.097134517446008,-0.3279657267213939
1022400128,1611661323,2024,68.0,80.57117306760028,81.14837188310794,0,0.0,-12.571173067600284,-0.0
1022400129,1611661322,2024,89.0,79.83165060834395,80.65087781683758,0,0.0,9.16834939165605,-0.0
1022400129,1611661325,2024,84.0,80.18776168276717,81.47982570715952,0,0.0,3.8122383172328256,-0.0
1022400130,1611661329,2024,78.0,80.90113330202898,79.50461394171022,0,0.0,-2.901133302028981,-0.0
1022400130,1611661330,2024,69.0,77.18811066392668,77.38445387093375,0,0.0,-8.188110663926679,-0.0
1022400131,1611661319,2024,84.0,90.30195933406955,85.6623615025525,0,0.0,-6.301959334069551,-0.0
1022400131,1611661328,2024,79.0,83.75256715830896,84.72508628594217,0,0.0,-4.752567158308963,-0.0
1022400132,1611661317,2024,100.0,82.22731842630472,83.51199965361971,0,0.0,17.77268157369528,-0.0
1022400132,1611661321,2024,84.0,82.16789990914008,81.6867355725542,0,0.0,1.8321000908599245,-0.0
1022400133,1611661313,2024,91.0,84.36658851871536,85.3243816176008,1,13.18237602286329,6.633411481284639,-0.3279657267213939
1022400133,1611661329,2024,76.0,80.81217497891893,79.68823437840265,0,0.0,-4.812174978918932,-0.0
1022400134,1611661319,2024,84.0,89.98923488598362,85.4530781226371,0,0.0,-5.98923488598362,-0.0
1022400134,1611661330,2024,70.0,76.85080816483742,75.6581799880785,0,0.0,-6.850808164837417,-0.0
1022400135,1611661317,2024,86.0,83.03123766237243,83.1200081134354,1,13.22736928781838,2.9687623376275667,-0.3290851189169261
1022400135,1611661325,2024,95.0,80.32839669471515,81.5726083311911,0,0.0,14.671603305284847,-0.0
1022400136,1611661324,2024,63.0,80.77208950853318,80.60850663902337,0,0.0,-17.772089508533185,-0.0
1022400136,1611661328,2024,91.0,83.48815641956863,83.99854060336777,0,0.0,7.511843580431375,-0.0
1022400137,1611661313,2024,81.0,84.6438900968659,83.7852493526498,1,19.336162966183664,-3.6438900968659027,-0.4810664426662513
1022400137,1611661329,2024,67.0,80.63460554929695,78.43774685404236,0,0.0,-13.63460554929695,-0.0
1022400138,1611661320,2024,87.0,78.16695745838001,80.06042990221425,0,0.0,8.833042541619989,-0.0
1022400138,1611661321,2024,81.0,82.28827120246055,82.37811355112073,0,0.0,-1.2882712024605496,-0.0
1022400139,1611661317,2024,69.0,83.10568131115326,83.31985025355243,0,0.0,-14.105681311153262,-0.0
1022400139,1611661323,2024,96.0,80.00700344526099,80.61042925970051,0,0.0,15.992996554739008,-0.0
1022400140,1611661319,2024,89.0,89.70274394441677,85.51011471380288,0,0.0,-0.7027439444167669,-0.0
1022400140,1611661322,2024,77.0,80.27530402348667,81.35236509580272,0,0.0,-3.275304023486669,-0.0
1022400141,1611661328,2024,81.0,83.81419646495844,84.76377127797083,0,0.0,-2.8141964649584423,-0.0
1022400141,1611661330,2024,70.0,76.58983772586879,76.41363014569654,0,0.0,-6.58983772586879,-0.0
1022400142,1611661324,2024,74.0,79.94256160217878,80.37954767973018,0,0.0,-5.942561602178785,-0.0
1022400142,1611661325,2024,81.0,80.97266123096293,81.27260622698604,0,0.0,0.027338769037072552,-0.0
1022400143,1611661317,2024,96.0,82.37837919299524,82.14753784771995,0,0.0,13.62162080700476,-0.0
1022400143,1611661322,2024,87.0,80.12164220686955,81.03323181487977,0,0.0,6.878357793130448,-0.0
1022400144,1611661320,2024,83.0,78.56630721877416,79.78959360345303,0,0.0,4.433692781225844,-0.0
1022400144,1611661328,2024,89.0,83.64597740630403,83.34436298014865,0,0.0,5.354022593695973,-0.0
1022400145,1611661313,2024,82.0,84.43084269527633,84.65788980408765,0,0.0,-2.4308426952763256,-0.0
1022400145,1611661323,2024,74.0,80.81622467848392,81.09179015942763,0,0.0,-6.81622467848392,-0.0
1022400146,1611661319,2024,85.0,89.67672891871615,87.12154197763961,0,0.0,-4.676728918716151,-0.0
1022400146,1611661329,2024,93.0,80.04501259255514,78.44132884264477,0,0.0,12.954987407444861,-0.0
1022400147,1611661324,2024,86.0,79.69449614800781,80.19832660988638,0,0.0,6.305503851992185,-0.0
1022400147,1611661330,2024,79.0,76.35026173018082,76.09705679492629,0,0.0,2.6497382698191814,-0.0
1022400148,1611661321,2024,101.0,82.25855490896811,82.19960592411962,0,0.0,18.741445091031892,-0.0
1022400148,1611661325,2024,93.0,80.91851726033691,81.16957749301312,0,0.0,12.081482739663088,-0.0
1022400149,1611661317,2024,85.0,82.95750682833781,82.70813610005276,0,0.0,2.042493171662187,-0.0
1022400149,1611661329,2024,65.0,80.71978591067116,79.03359347197728,1,13.989761645714946,-15.719785910671163,-0.3480527589896051
1022400150,1611661322,2024,68.0,80.44274725363341,81.05481955363175,0,0.0,-12.442747253633414,-0.0
1022400150,1611661324,2024,79.0,80.02115618225052,80.9407475685281,0,0.0,-1.0211561822505217,-0.0
1022400151,1611661313,2024,103.0,84.28081186679218,83.72348078216442,0,0.0,18.719188133207822,-0.0
1022400151,1611661320,2024,68.0,78.74637768240014,80.16575828861455,0,0.0,-10.746377682400137,-0.0
1022400152,1611661328,2024,81.0,83.86113209227888,83.57141875174574,0,0.0,-2.861132092278879,-0.0
1022400152,1611661330,2024,83.0,76.55119791675209,75.04725978558179,0,0.0,6.448802083247912,-0.0
1022400153,1611661317,2024,89.0,82.98851298888675,82.70813610005276,0,0.0,6.011487011113246,-0.0
1022400153,1611661325,2024,98.0,81.41777724936614,81.47743815077983,0,0.0,16.58222275063386,-0.0
1022400154,1611661321,2024,91.0,83.15654939604713,83.05780390078809,1,19.006194025050007,7.843450603952874,-0.47285711049527573
1022400154,1611661323,2024,109.0,80.53070039483286,80.75635587899025,0,0.0,28.469299605167137,-0.0
1022400155,1611661322,2024,83.0,79.86947716894795,80.71321533441835,0,0.0,3.1305228310520476,-0.0
1022400155,1611661324,2024,99.0,80.0022410828889,80.75015331279214,0,0.0,18.9977589171111,-0.0
1022400156,1611661313,2024,79.0,85.10350105469982,84.24032640874228,0,0.0,-6.103501054699819,-0.0
1022400156,1611661319,2024,67.0,89.4655601911302,86.93047434083846,0,0.0,-22.465560191130194,-0.0
1022400157,1611661320,2024,86.0,78.21826158727427,79.78755502633207,0,0.0,7.78173841272573,-0.0
1022400157,1611661329,2024,90.0,80.0459900704977,78.76643512847436,1,13.989761645714946,9.954009929502305,-0.3480527589896051
1022400158,1611661323,2024,70.0,81.8870272410917,82.04553047290435,0,0.0,-11.887027241091701,-0.0
1022400158,1611661330,2024,82.0,76.92141329244893,75.6667210870966,0,0.0,5.078586707551068,-0.0
1022400159,1611661319,2024,87.0,88.43815433262095,86.93047434083846,0,0.0,-1.4381543326209538,-0.0
1022400159,1611661320,2024,71.0,78.55471620688223,79.89519960722671,0,0.0,-7.554716206882233,-0.0
1022400160,1611661325,2024,92.0,82.1057584832986,82.7977895184361,0,0.0,9.894241516701399,-0.0
1022400160,1611661328,2024,75.0,83.69354186328013,83.08292413500615,0,0.0,-8.693541863280132,-0.0
1022400161,1611661317,2024,86.0,83.1983994062967,84.7860971791501,0,0.0,2.8016005937032986,-0.0
1022400161,1611661329,2024,68.0,80.5683829449651,78.76643512847436,1,13.803948816516474,-12.568382944965094,-0.34342990196773426
1022400162,1611661320,2024,61.0,78.18607964345297,80.0403310058156,0,0.0,-17.18607964345297,-0.0
1022400162,1611661323,2024,69.0,81.35376236867914,82.3666188493401,0,0.0,-12.353762368679142,-0.0
1022400163,1611661313,2024,94.0,84.77650639648883,85.15808779117862,1,20.37387836462759,9.223493603511173,-0.5068838737720225
1022400163,1611661321,2024,74.0,83.52760054641043,83.10637267170986,1,19.006194025050007,-9.527600546410426,-0.47285711049527573
1022400164,1611661322,2024,77.0,80.01923499607277,81.23349543143411,0,0.0,-3.0192349960727682,-0.0
1022400164,1611661328,2024,83.0,83.26680208943213,82.75230499808492,0,0.0,-0.266802089432133,-0.0
1022400165,1611661317,2024,63.0,83.25801733727376,83.76879510998504,0,0.0,-20.258017337273756,-0.0
1022400165,1611661330,2024,72.0,77.21730876076538,76.86099828285039,0,0.0,-5.217308760765377,-0.0
1022400166,1611661319,2024,87.0,88.40536229882412,85.84755459374094,0,0.0,-1.405362298824116,-0.0
1022400166,1611661324,2024,98.0,80.89090216950613,81.43682725714821,0,0.0,17.109097830493866,-0.0
1022400167,1611661313,2024,79.0,85.147057327276,85.59982942058095,0,0.0,-6.147057327276002,-0.0
1022400167,1611661321,2024,71.0,83.10032577191629,83.07303805289217,0,0.0,-12.100325771916289,-0.0
1022400168,1611661317,2024,82.0,82.29014403644393,82.59255170103651,0,0.0,-0.29014403644393383,-0.0
1022400168,1611661330,2024,80.0,77.03772093449226,76.80659023714615,0,0.0,2.962279065507744,-0.0
1022400169,1611661323,2024,82.0,80.8155805340344,81.05889142009957,0,0.0,1.184419465965604,-0.0
1022400169,1611661329,2024,80.0,80.05445118181751,79.10170669369946,1,12.50967931135974,-0.054451181817512406,-0.3112296341180035
1022400170,1611661320,2024,74.0,77.39609675238272,78.91380594937058,0,0.0,-3.396096752382718,-0.0
1022400170,1611661322,2024,80.0,79.88856271971822,81.13303226235416,0,0.0,0.11143728028177691,-0.0
1022400171,1611661319,2024,74.0,88.37505397873213,84.02309577067118,0,0.0,-14.375053978732126,-0.0
1022400171,1611661324,2024,87.0,81.66850873153753,82.78480306028435,0,0.0,5.331491268462472,-0.0
1022400172,1611661313,2024,64.0,84.82319933217731,85.29877004650496,0,0.0,-20.82319933217731,-0.0
1022400172,1611661323,2024,72.0,80.90091107436598,80.82515443510218,0,0.0,-8.900911074365979,-0.0
1022400173,1611661324,2024,90.0,81.89981016255473,82.78480306028435,0,0.0,8.10018983744527,-0.0
1022400173,1611661325,2024,80.0,82.47323040543743,82.50930983166896,0,0.0,-2.473230405437434,-0.0
1022400174,1611661319,2024,77.0,87.76356632798728,83.51310555026133,0,0.0,-10.763566327987277,-0.0
1022400174,1611661329,2024,75.0,80.11734628145555,79.24705126034647,0,0.0,-5.1173462814555535,-0.0
1022400175,1611661320,2024,110.0,77.24229312344478,78.73323354950075,0,0.0,32.75770687655522,-0.0
1022400175,1611661321,2024,113.0,82.57022919542756,82.85732942187143,0,0.0,30.429770804572442,-0.0
1022400176,1611661325,2024,84.0,82.27996976623498,82.06510798052493,0,0.0,1.7200302337650157,-0.0
1022400176,1611661330,2024,79.0,77.2305439498624,77.00622582028392,0,0.0,1.769456050137606,-0.0
1022400177,1611661313,2024,84.0,83.86097911901167,83.04787163602398,0,0.0,0.1390208809883262,-0.0
1022400177,1611661317,2024,70.0,82.2303430252267,82.97316811790985,0,0.0,-12.230343025226702,-0.0
1022400178,1611661322,2024,74.0,79.90091730231913,80.53478126216474,0,0.0,-5.9009173023191295,-0.0
1022400178,1611661328,2024,72.0,83.23087751175163,84.16693343511592,0,0.0,-11.230877511751629,-0.0
1022400179,1611661319,2024,90.0,87.3303414193422,82.84002918133609,0,0.0,2.6696585806577957,-0.0
1022400179,1611661321,2024,93.0,83.94729013789511,84.57449465365148,0,0.0,9.05270986210489,-0.0
1022400180,1611661323,2024,80.0,80.5351525395784,80.50799878123416,0,0.0,-0.5351525395784051,-0.0
1022400180,1611661325,2024,84.0,82.27712412330202,83.0004680836454,0,0.0,1.7228758766979837,-0.0
1022400181,1611661322,2024,74.0,79.647683851799,79.94710314627278,0,0.0,-5.647683851799002,-0.0
1022400181,1611661329,2024,70.0,79.95321432873666,79.14410758494152,0,0.0,-9.953214328736664,-0.0
1022400182,1611661313,2024,88.0,83.84273119162397,83.16950216957292,0,0.0,4.157268808376031,-0.0
1022400182,1611661320,2024,94.0,78.6877692578758,80.09335330230464,0,0.0,15.3122307421242,-0.0
1022400183,1611661317,2024,76.0,81.64950216115876,81.26906835412186,0,0.0,-5.649502161158765,-0.0
1022400183,1611661324,2024,89.0,82.24676278246804,82.64863766622177,0,0.0,6.753237217531961,-0.0
1022400184,1611661328,2024,85.0,82.7082662963497,83.12264398649884,0,0.0,2.2917337036502943,-0.0
1022400184,1611661330,2024,81.0,77.3647526253068,78.15573758681151,0,0.0,3.6352473746931935,-0.0
1022400185,1611661325,2024,100.0,82.27448099920755,82.43630530253179,0,0.0,17.725519000792445,-0.0
1022400185,1611661329,2024,81.0,79.58035037267625,78.68871004523116,0,0.0,1.41964962732375,-0.0
1022400186,1611661321,2024,94.0,84.34262481408936,84.90827302044816,0,0.0,9.657375185910638,-0.0
1022400186,1611661324,2024,76.0,82.5252488156067,82.88445730636509,0,0.0,-6.525248815606702,-0.0
1022400187,1611661319,2024,83.0,87.50189805142325,84.64455830253989,1,15.745701439735537,-4.501898051423254,-0.3917389707640354
1022400187,1611661330,2024,72.0,77.57750527184793,77.96830960219654,1,17.33740214776586,-5.577505271847926,-0.4313390609546607
1022400188,1611661313,2024,98.0,83.99959359036247,83.12121532151002,0,0.0,14.000406409637534,-0.0
1022400188,1611661328,2024,85.0,82.79688913260766,83.36025689208901,0,0.0,2.20311086739234,-0.0
1022400189,1611661322,2024,85.0,79.41247253036447,79.3765181977473,0,0.0,5.587527469635532,-0.0
1022400189,1611661323,2024,96.0,80.5487252014284,80.3799090600381,0,0.0,15.451274798571603,-0.0
1022400190,1611661323,2024,93.0,81.2617262885449,80.4501987906212,0,0.0,11.738273711455093,-0.0
1022400190,1611661328,2024,86.0,82.87920485504758,82.32126886191683,0,0.0,3.1207951449524245,-0.0
1022400191,1611661324,2024,79.0,82.21923526858393,83.63371334079872,0,0.0,-3.2192352685839296,-0.0
1022400191,1611661329,2024,74.0,79.71554354062964,79.61582430542126,0,0.0,-5.715543540629639,-0.0
1022400192,1611661321,2024,93.0,84.75359894288005,84.65575542170326,0,0.0,8.246401057119954,-0.0
1022400192,1611661325,2024,100.0,82.96733924361136,83.7501608248738,0,0.0,17.032660756388637,-0.0
1022400193,1611661320,2024,62.0,79.32997931962554,80.64097469390637,0,0.0,-17.329979319625537,-0.0
1022400193,1611661330,2024,80.0,77.38114489856056,77.87819841921814,0,0.0,2.6188551014394363,-0.0
1022400194,1611661317,2024,79.0,81.3701918365217,81.29184079525052,0,0.0,-2.3701918365216983,-0.0
1022400194,1611661319,2024,97.0,87.35482279903367,83.21514575357699,0,0.0,9.64517720096633,-0.0
1022400195,1611661323,2024,64.0,81.79428814192539,82.49582239612452,0,0.0,-17.794288141925392,-0.0
1022400195,1611661328,2024,71.0,82.99919753458154,82.61562197821388,0,0.0,-11.99919753458154,-0.0
1022400196,1611661321,2024,86.0,85.09225689216768,85.94198150069992,0,0.0,0.9077431078323173,-0.0
1022400196,1611661322,2024,90.0,79.67180753218378,80.02027489040536,0,0.0,10.328192467816223,-0.0
1022400197,1611661319,2024,90.0,87.82647658819357,84.58058866781325,1,16.950009054618928,2.1735234118064284,-0.42170106723483153
1022400197,1611661329,2024,71.0,79.53704268453876,79.65907860021395,0,0.0,-8.537042684538761,-0.0
1022400198,1611661317,2024,74.0,81.23973418909927,81.18640107683558,1,11.619029239218078,-7.239734189099266,-0.28907105681313944
1022400198,1611661330,2024,66.0,77.54623099658153,77.8262667725086,0,0.0,-11.546230996581528,-0.0
1022400199,1611661320,2024,86.0,78.5364613260279,79.7507402446719,0,0.0,7.463538673972096,-0.0
1022400199,1611661325,2024,93.0,83.61215518605547,85.9213400759529,0,0.0,9.387844813944525,-0.0
1022400200,1611661313,2024,77.0,84.5771975820676,84.94458434632857,0,0.0,-7.577197582067598,-0.0
1022400200,1611661328,2024,70.0,82.46344252477498,81.87832357316971,0,0.0,-12.463442524774976,-0.0
1022400201,1611661317,2024,77.0,80.90378191320848,81.69933398166677,0,0.0,-3.9037819132084763,-0.0
1022400201,1611661322,2024,90.0,80.12896958842495,80.82432285306233,0,0.0,9.871030411575049,-0.0
1022400202,1611661321,2024,96.0,85.10529971338732,84.31139562535768,0,0.0,10.894700286612675,-0.0
1022400202,1611661330,2024,107.0,77.09560449153592,76.68457343250664,0,0.0,29.904395508464077,-0.0
1022400203,1611661319,2024,72.0,87.96329341155727,83.69495712119195,0,0.0,-15.963293411557274,-0.0
1022400203,1611661323,2024,67.0,81.03822940098306,81.28142966863811,0,0.0,-14.038229400983056,-0.0
1022400204,1611661324,2024,99.0,82.06392598138092,82.46298179588021,0,0.0,16.93607401861908,-0.0
1022400204,1611661325,2024,88.0,83.9125828406009,86.29836312192366,0,0.0,4.087417159399095,-0.0
1022400205,1611661320,2024,78.0,78.83384928092435,80.01937938141006,0,0.0,-0.8338492809243547,-0.0
1022400205,1611661329,2024,92.0,79.24143345558807,79.56216626799632,0,0.0,12.758566544411934,-0.0
1022400206,1611661317,2024,66.0,80.71848174683392,81.244519830813,0,0.0,-14.718481746833916,-0.0
1022400206,1611661328,2024,90.0,81.92150979377226,81.59569485257278,0,0.0,8.078490206227741,-0.0
1022400207,1611661322,2024,71.0,80.55480774120646,81.32381047974583,0,0.0,-9.55480774120646,-0.0
1022400207,1611661324,2024,78.0,82.77699158728475,83.21860087913169,0,0.0,-4.776991587284755,-0.0
1022400208,1611661325,2024,104.0,83.9795049742038,86.27949395989292,0,0.0,20.020495025796194,-0.0
1022400208,1611661330,2024,100.0,78.43420752798009,78.84523492997607,0,0.0,21.565792472019908,-0.0
1022400209,1611661313,2024,75.0,84.21460515471635,84.61706585448046,0,0.0,-9.214605154716352,-0.0
1022400209,1611661319,2024,71.0,87.31877575006547,83.2442544794313,1,28.11648546687373,-16.31877575006547,-0.6995130144217995
1022400210,1611661321,2024,77.0,85.54631555764624,84.777754834306,0,0.0,-8.546315557646238,-0.0
1022400210,1611661329,2024,92.0,79.86669888308447,80.17660980951693,1,14.041281664829416,12.133301116915533,-0.34933453099188083
1022400211,1611661320,2024,67.0,78.76776740545836,79.71870796779545,0,0.0,-11.767767405458358,-0.0
1022400211,1611661323,2024,79.0,80.46263442267174,80.43318281489843,0,0.0,-1.4626344226717407,-0.0
1022400212,1611661324,2024,76.0,82.5465119600912,83.11534469809867,0,0.0,-6.546511960091195,-0.0
1022400212,1611661330,2024,64.0,79.38370559896002,79.06658711183617,0,0.0,-15.38370559896002,-0.0
1022400213,1611661313,2024,105.0,83.79131903035463,83.08326746632153,0,0.0,21.20868096964537,-0.0
1022400213,1611661321,2024,91.0,85.14747856335471,85.67571398546663,0,0.0,5.85252143664529,-0.0
1022400214,1611661320,2024,66.0,78.23723110801359,79.58394186513927,0,0.0,-12.237231108013589,-0.0
1022400214,1611661323,2024,86.0,80.43759933067815,79.8720045128835,0,0.0,5.562400669321846,-0.0
1022400215,1611661319,2024,86.0,86.6752957261181,82.94565576638928,0,0.0,-0.6752957261180939,-0.0
1022400215,1611661325,2024,75.0,84.72019397300959,87.39228318320623,0,0.0,-9.720193973009586,-0.0
1022400216,1611661322,2024,89.0,80.14182138443371,80.4484806454833,0,0.0,8.858178615566288,-0.0
1022400216,1611661329,2024,58.0,80.44960091359415,80.93426096693979,0,0.0,-22.449600913594153,-0.0
1022400217,1611661320,2024,82.0,77.69987033115436,79.58394186513927,0,0.0,4.300129668845642,-0.0
1022400217,1611661328,2024,90.0,82.26889743854738,81.30358088333483,0,0.0,7.731102561452616,-0.0
1022400218,1611661313,2024,99.0,84.66813415817712,83.89093888978267,0,0.0,14.331865841822875,-0.0
1022400218,1611661321,2024,67.0,85.36885056539874,85.81522715132151,0,0.0,-18.368850565398745,-0.0
1022400219,1611661322,2024,72.0,80.5195558815843,80.79885752339314,0,0.0,-8.519555881584296,-0.0
1022400219,1611661330,2024,69.0,78.74348100987132,78.73905899125631,0,0.0,-9.743481009871317,-0.0
1022400220,1611661319,2024,78.0,86.71081602185095,83.2380620866542,0,0.0,-8.710816021850945,-0.0
1022400220,1611661325,2024,74.0,84.1888679417337,86.31855407713599,0,0.0,-10.188867941733704,-0.0
1022400221,1611661321,2024,81.0,84.5635124275732,85.81522715132151,1,18.14069150007402,-3.563512427573201,-0.4513241816749601
1022400221,1611661328,2024,83.0,82.59299674359495,81.84306972378748,0,0.0,0.40700325640504786,-0.0
1022400222,1611661324,2024,83.0,82.24670168389355,82.90231862719098,0,0.0,0.7532983161064521,-0.0
1022400222,1611661329,2024,66.0,79.55213797833223,79.89460859807245,0,0.0,-13.552137978332226,-0.0
1022400223,1611661317,2024,69.0,80.0793047309462,80.75184469059938,1,18.737817965772475,-11.079304730946205,-0.4661801541436345
1022400223,1611661323,2024,88.0,80.71097833840808,79.83166812568876,0,0.0,7.289021661591917,-0.0
1022400224,1611661321,2024,109.0,84.39854522909995,83.07549634470504,0,0.0,24.601454770900048,-0.0
1022400224,1611661325,2024,110.0,83.65051729842712,85.55717586419397,0,0.0,26.34948270157288,-0.0
1022400225,1611661313,2024,79.0,85.23374924941483,86.20075930580893,0,0.0,-6.233749249414828,-0.0
1022400225,1611661324,2024,88.0,82.26196203900892,82.15625650507181,0,0.0,5.738037960991079,-0.0
1022400226,1611661322,2024,73.0,80.15537390783915,80.52533325006124,0,0.0,-7.155373907839149,-0.0
1022400226,1611661330,2024,76.0,78.35658615344408,79.16915996942214,0,0.0,-2.356586153444084,-0.0
1022400227,1611661317,2024,93.0,79.60905314319281,79.96041026095976,0,0.0,13.39094685680719,-0.0
1022400227,1611661329,2024,88.0,79.05158028504965,79.44847079596914,0,0.0,8.948419714950347,-0.0
1022400228,1611661319,2024,84.0,86.40663967391885,84.17299510629321,0,0.0,-2.4066396739188463,-0.0
1022400228,1611661323,2024,71.0,81.0505474919552,80.15399591024742,0,0.0,-10.0505474919552,-0.0
1022400229,1611661320,2024,87.0,77.87285330508821,78.88876518912573,0,0.0,9.127146694911787,-0.0
1022400229,1611661328,2024,90.0,82.60041331319265,82.06742672268209,1,18.601959145539738,7.399586686807353,-0.4628001081919895
1022400230,1611661323,2024,76.0,80.65449352021983,79.81480709572979,0,0.0,-4.65449352021983,-0.0
1022400230,1611661324,2024,78.0,82.48601224309523,82.30584719576652,0,0.0,-4.486012243095232,-0.0
1022400231,1611661313,2024,87.0,84.92300305625392,84.35427592552765,0,0.0,2.0769969437460816,-0.0
1022400231,1611661322,2024,71.0,79.85709508691743,80.8701529220519,0,0.0,-8.857095086917425,-0.0
1022400232,1611661329,2024,70.0,79.50702371228715,80.21431572961933,1,20.384274202571092,-9.50702371228715,-0.507142512923273
1022400232,1611661330,2024,86.0,78.28883963178397,79.32967311135417,0,0.0,7.711160368216028,-0.0
1022400233,1611661317,2024,85.0,80.17672736646217,80.21430658503866,0,0.0,4.823272633537826,-0.0
1022400233,1611661320,2024,81.0,78.24425606140065,78.5315278803971,0,0.0,2.755743938599352,-0.0
1022400234,1611661319,2024,85.0,86.37421438172218,82.61411193105903,0,0.0,-1.374214381722183,-0.0
1022400234,1611661328,2024,72.0,82.90105273028983,82.55916731984473,0,0.0,-10.901052730289834,-0.0
1022400235,1611661323,2024,87.0,80.4930664410671,79.18383736258279,0,0.0,6.5069335589329,-0.0
1022400235,1611661329,2024,54.0,79.18104461330296,80.08332897844275,0,0.0,-25.18104461330296,-0.0
1022400236,1611661313,2024,67.0,84.96661503879298,85.19231990002582,0,0.0,-17.96661503879298,-0.0
1022400236,1611661330,2024,78.0,78.64314285862376,79.79288451425109,0,0.0,-0.6431428586237615,-0.0
1022400237,1611661322,2024,92.0,79.4947270371604,81.03894294714368,0,0.0,12.505272962839598,-0.0
1022400237,1611661325,2024,91.0,84.65073485840861,85.32728506251857,0,0.0,6.349265141591388,-0.0
1022400238,1611661320,2024,68.0,78.34087486139394,79.31036901860583,0,0.0,-10.340874861393942,-0.0
1022400238,1611661324,2024,51.0,82.27782694812392,82.83478814319834,2,35.82979898924238,-31.277826948123916,-0.8914133570008698
1022400239,1611661319,2024,98.0,86.38566562461608,83.40690246987755,3,56.07999491743017,11.614334375383919,-1.3952201223609264
1022400239,1611661321,2024,84.0,85.41370621310888,83.6453307106693,1,21.23103456549324,-1.4137062131088811,-0.5282091535124187
1022400240,1611661317,2024,70.0,80.37330033552347,80.74768976642711,0,0.0,-10.373300335523467,-0.0
1022400240,1611661328,2024,89.0,82.43035764345724,81.34221053291796,0,0.0,6.569642356542758,-0.0
