era,timing,bet_type,threshold,execution,cond_dim,cond_level,n_bets,wins,losses,pushes,hit_rate,roi,n_cons,roi_cons,n_best,roi_best,roi_ci90_low,roi_ci90_high,n_dates,mean_clv_pts,pct_clv_positive,clv_measurable,n_perm_ge,n_perm_nonempty,perm_roi_mean,perm_roi_q95,p_perm,p_perm_phipson_smyth,eligible,small_n_flag,q_bh,starred
extension,T-24h,spread,0.5,consensus,none,all,262,146,116,0,0.5572519083969466,0.06384455239417071,262,0.06384455239417071,262,0.0729284122729067,-0.021991657882301625,0.14985719494409325,118,0.01949401319630327,0.5152671755725191,True,25,200,0.01847833,0.08430272,0.125,0.12935323383084577,True,False,0.3850806451612903,False
extension,T-24h,spread,0.5,consensus,line_terc,small,89,55,34,0,0.6179775280898876,0.17977528089887637,89,0.17977528089887637,89,0.19828673435544242,0.03697435346371513,0.3151515151515152,70,-0.004711034907664179,0.4606741573033708,True,5,200,-0.009699637,0.14151186,0.025,0.029850746268656716,True,False,0.1461734693877551,False
extension,T-24h,spread,0.5,consensus,line_terc,mid,83,45,38,0,0.5421686746987951,0.03504928806133627,83,0.03504928806133627,83,0.040243938027041654,-0.13003452243958574,0.20840326700159975,66,-0.02889240946469867,0.5180722891566265,True,19,200,-0.061453175,0.05654179,0.095,0.09950248756218906,True,False,0.33192073170731706,False
extension,T-24h,spread,0.5,consensus,line_terc,large,90,46,44,0,0.5111111111111111,-0.02424242424242425,90,-0.02424242424242425,90,-0.02089469109308082,-0.17001508217183278,0.11542390194075586,66,0.08805315055315062,0.5666666666666667,True,200,200,0.12317386,0.18831168,1.0,1.0,True,False,1.0,False
extension,T-24h,spread,0.5,consensus,total_terc,low,93,53,40,0,0.5698924731182796,0.08797653958944279,93,0.08797653958944279,93,0.08734379760476421,-0.07914438502673797,0.25918762088974856,64,-0.10579237071172554,0.5161290322580645,True,54,200,0.051993646,0.15443136,0.27,0.2736318407960199,True,False,0.5751301115241636,False
extension,T-24h,spread,0.5,consensus,total_terc,mid,88,47,41,0,0.5340909090909091,0.019628099173553713,88,0.019628099173553713,88,0.022550200417436536,-0.13636363636363638,0.17653276955602534,66,-0.09176566804407708,0.45454545454545453,True,107,200,0.02712996,0.1419099,0.535,0.5373134328358209,True,False,0.7721788413098237,False
extension,T-24h,spread,0.5,consensus,total_terc,high,81,46,35,0,0.5679012345679012,0.0841750841750842,81,0.0841750841750842,81,0.11110929878424772,-0.08085283211865493,0.2288551552368274,57,0.2842160582901323,0.5802469135802469,True,11,200,-0.024650099,0.08530792,0.055,0.05970149253731343,True,False,0.24057251908396948,False
extension,T-24h,spread,0.5,consensus,side,home,123,70,53,0,0.5691056910569106,0.08647450110864745,123,0.08647450110864745,123,0.08706090035381135,-0.03770022172949004,0.21487603305785125,83,0.10771257874916411,0.5365853658536586,True,19,200,0.028909037,0.09681408,0.095,0.09950248756218906,True,False,0.33192073170731706,False
extension,T-24h,spread,0.5,consensus,side,away,139,76,63,0,0.5467625899280576,0.04381948986265532,139,0.04381948986265532,139,0.060422685409947906,-0.08031777630317782,0.16829383736707582,87,-0.05856989732889016,0.49640287769784175,True,42,200,0.009055902,0.07631635,0.21,0.21393034825870647,True,False,0.5175483870967742,False
extension,T-24h,spread,0.5,consensus,side,fav,61,34,27,0,0.5573770491803278,0.06408345752608048,61,0.06408345752608048,61,0.06673496406257379,-0.1291866028708134,0.26194144838212624,46,0.31611046057767367,0.6557377049180327,True,20,200,-0.061241016,0.10387216,0.1,0.1044776119402985,True,False,0.3410714285714286,False
extension,T-24h,spread,0.5,consensus,side,dog,201,112,89,0,0.5572139303482587,0.06377204884667573,201,0.06377204884667573,201,0.07480801595862963,-0.04545454545454546,0.16884981047660466,111,-0.07052391362092857,0.472636815920398,True,36,200,0.037271198,0.080464214,0.18,0.18407960199004975,True,False,0.47529953917050694,False
extension,T-24h,spread,0.5,consensus,rest_sign,home_more,85,44,41,0,0.5176470588235295,-0.01176470588235292,85,-0.01176470588235292,85,-0.006428902160411673,-0.18197139938712983,0.16306292530009936,66,0.017161955691367404,0.5529411764705883,True,157,200,0.04836474,0.15891299,0.785,0.7860696517412935,True,False,0.9068649193548387,False
extension,T-24h,spread,0.5,consensus,rest_sign,equal,115,66,49,0,0.5739130434782609,0.09565217391304348,115,0.09565217391304348,115,0.09556049615777393,-0.0370145860295918,0.21823529411764706,78,-0.055252995796474094,0.4608695652173913,True,23,200,0.030192258,0.12671357,0.115,0.11940298507462686,True,False,0.3660833333333333,False
extension,T-24h,spread,0.5,consensus,rest_sign,away_more,62,36,26,0,0.5806451612903226,0.10850439882697947,62,0.10850439882697947,62,0.13974586517729917,-0.07357194944093343,0.29325513196480935,48,0.1613348345203185,0.5645161290322581,True,7,200,-0.041305784,0.09148528,0.035,0.03980099502487562,True,False,0.18067567567567572,False
extension,T-24h,spread,0.5,consensus,phase,early,25,13,12,0,0.52,-0.007272727272727267,25,-0.007272727272727267,25,-0.0024580559995895966,-0.24999999999999997,0.27272727272727276,15,-0.15936724386724385,0.52,True,3,200,-0.2774751,-0.045454547,0.015,0.01990049751243781,False,True,,False
extension,T-24h,spread,0.5,consensus,phase,mid,153,85,68,0,0.5555555555555556,0.06060606060606059,153,0.06060606060606059,153,0.07562071881440573,-0.03930011020415788,0.15818181818181817,66,0.18777551424610245,0.5424836601307189,True,117,200,0.06606467,0.14839514,0.585,0.5870646766169154,True,False,0.804813925570228,False
extension,T-24h,spread,0.5,consensus,phase,late,84,48,36,0,0.5714285714285714,0.09090909090909093,84,0.09090909090909093,84,0.09046101710580023,-0.08175018307354329,0.2515151515151515,41,-0.2337862038754896,0.4642857142857143,True,32,200,0.020031266,0.13237226,0.16,0.16417910447761194,True,False,0.4527407407407408,False
extension,T-24h,spread,0.5,consensus,weekend,weekend,78,44,34,0,0.5641025641025641,0.07692307692307693,78,0.07692307692307693,78,0.10571012999957449,-0.06934877622377623,0.2309407364787111,33,-0.026082251082251116,0.5512820512820513,True,47,200,0.01956213,0.14192879,0.235,0.23880597014925373,True,False,0.5371874999999999,False
extension,T-24h,spread,0.5,consensus,weekend,weekday,184,102,82,0,0.5543478260869565,0.05830039525691699,184,0.05830039525691699,184,0.059031814540949704,-0.04545454545454545,0.15996732130028168,85,0.0388143860969948,0.5,True,48,200,0.01806204,0.0950623,0.24,0.24378109452736318,True,False,0.5371874999999999,False
extension,T-24h,spread,0.5,best_book,none,all,262,147,115,0,0.5610687022900763,0.0729284122729067,262,0.06384455239417071,262,0.0729284122729067,-0.017126704786668688,0.15995878200393873,118,0.01949401319630327,0.5152671755725191,True,24,200,0.029314091,0.092397705,0.12,0.12437810945273632,True,False,0.3767671232876712,False
extension,T-24h,spread,0.5,best_book,line_terc,small,89,56,33,0,0.6292134831460674,0.19828673435544242,89,0.17977528089887637,89,0.19828673435544242,0.052271426064891796,0.3350395361873096,70,-0.004711034907664179,0.4606741573033708,True,6,200,0.008896088,0.14991036,0.03,0.03482587064676617,True,False,0.1621698113207547,False
extension,T-24h,spread,0.5,best_book,line_terc,mid,83,45,38,0,0.5421686746987951,0.040243938027041654,83,0.03504928806133627,83,0.040243938027041654,-0.125332354517633,0.21532850030631945,66,-0.02889240946469867,0.5180722891566265,True,22,200,-0.053367257,0.071051955,0.11,0.11442786069651742,True,False,0.35914529914529914,False
extension,T-24h,spread,0.5,best_book,line_terc,large,90,46,44,0,0.5111111111111111,-0.02089469109308082,90,-0.02424242424242425,90,-0.02089469109308082,-0.16707243533632704,0.12004938796202051,66,0.08805315055315062,0.5666666666666667,True,200,200,0.12921232,0.19306825,1.0,1.0,True,False,1.0,False
extension,T-24h,spread,0.5,best_book,total_terc,low,93,53,40,0,0.5698924731182796,0.08734379760476421,93,0.08797653958944279,93,0.08734379760476421,-0.0798139724206344,0.256887737891416,64,-0.10579237071172554,0.5161290322580645,True,56,200,0.05275074,0.15500826,0.28,0.2835820895522388,True,False,0.58448087431694,False
extension,T-24h,spread,0.5,best_book,total_terc,mid,88,47,41,0,0.5340909090909091,0.022550200417436536,88,0.019628099173553713,88,0.022550200417436536,-0.13462417928705434,0.17935925743647943,66,-0.09176566804407708,0.45454545454545453,True,106,200,0.030680144,0.15014917,0.53,0.5323383084577115,True,False,0.7678634639696587,False
extension,T-24h,spread,0.5,best_book,total_terc,high,81,47,34,0,0.5802469135802469,0.11110929878424772,81,0.0841750841750842,81,0.11110929878424772,-0.06341703600330086,0.2632509736907962,57,0.2842160582901323,0.5802469135802469,True,12,200,0.004081466,0.112990394,0.06,0.06467661691542288,True,False,0.25094890510948903,False
extension,T-24h,spread,0.5,best_book,side,home,123,70,53,0,0.5691056910569106,0.08706090035381135,123,0.08647450110864745,123,0.08706090035381135,-0.038698261920511956,0.21438317366466178,83,0.10771257874916411,0.5365853658536586,True,27,200,0.039777745,0.10705074,0.135,0.13930348258706468,True,False,0.4082058047493404,False
extension,T-24h,spread,0.5,best_book,side,away,139,77,62,0,0.5539568345323741,0.060422685409947906,139,0.04381948986265532,139,0.060422685409947906,-0.0645492484838238,0.1863864021737353,87,-0.05856989732889016,0.49640287769784175,True,31,200,0.01981979,0.0823866,0.155,0.15920398009950248,True,False,0.4474307304785894,False
extension,T-24h,spread,0.5,best_book,side,fav,61,34,27,0,0.5573770491803278,0.06673496406257379,61,0.06408345752608048,61,0.06673496406257379,-0.12855418547079156,0.2621597340520645,46,0.31611046057767367,0.6557377049180327,True,29,200,-0.036767665,0.11599388,0.145,0.14925373134328357,True,False,0.43049222797927456,False
extension,T-24h,spread,0.5,best_book,side,dog,201,113,88,0,0.5621890547263682,0.07480801595862963,201,0.06377204884667573,201,0.07480801595862963,-0.03578919880239147,0.18248659833316022,111,-0.07052391362092857,0.472636815920398,True,29,200,0.044809073,0.08776175,0.145,0.14925373134328357,True,False,0.43049222797927456,False
extension,T-24h,spread,0.5,best_book,rest_sign,home_more,85,44,41,0,0.5176470588235295,-0.006428902160411673,85,-0.01176470588235292,85,-0.006428902160411673,-0.1793235987396456,0.16819034902846358,66,0.017161955691367404,0.5529411764705883,True,160,200,0.05518193,0.16358827,0.8,0.8009950248756219,True,False,0.9168000000000001,False
extension,T-24h,spread,0.5,best_book,rest_sign,equal,115,66,49,0,0.5739130434782609,0.09556049615777393,115,0.09565217391304348,115,0.09556049615777393,-0.03701667051659106,0.2188461488875182,78,-0.055252995796474094,0.4608695652173913,True,28,200,0.032086466,0.12759672,0.14,0.14427860696517414,True,False,0.42110236220472447,False
extension,T-24h,spread,0.5,best_book,rest_sign,away_more,62,37,25,0,0.5967741935483871,0.13974586517729917,62,0.10850439882697947,62,0.13974586517729917,-0.04488054719036509,0.32475254413895405,48,0.1613348345203185,0.5645161290322581,True,5,200,-0.009333383,0.122995116,0.025,0.029850746268656716,True,False,0.1461734693877551,False
extension,T-24h,spread,0.5,best_book,phase,early,25,13,12,0,0.52,-0.0024580559995895966,25,-0.007272727272727267,25,-0.0024580559995895966,-0.24658880079723744,0.2830653854813888,15,-0.15936724386724385,0.52,True,4,200,-0.27189016,-0.03927561,0.02,0.024875621890547265,False,True,,False
extension,T-24h,spread,0.5,best_book,phase,mid,153,86,67,0,0.5620915032679739,0.07562071881440573,153,0.06060606060606059,153,0.07562071881440573,-0.029141601384871436,0.176935216915697,66,0.18777551424610245,0.5424836601307189,True,120,200,0.08451848,0.17077777,0.6,0.6019900497512438,True,False,0.8098939929328622,False
extension,T-24h,spread,0.5,best_book,phase,late,84,48,36,0,0.5714285714285714,0.09046101710580023,84,0.09090909090909093,84,0.09046101710580023,-0.08335677532580349,0.25061737215264124,41,-0.2337862038754896,0.4642857142857143,True,29,200,0.01774193,0.1299231,0.145,0.14925373134328357,True,False,0.43049222797927456,False
extension,T-24h,spread,0.5,best_book,weekend,weekend,78,45,33,0,0.5769230769230769,0.10571012999957449,78,0.07692307692307693,78,0.10571012999957449,-0.05235420558805877,0.26747875892480827,33,-0.026082251082251116,0.5512820512820513,True,43,200,0.03519437,0.1616585,0.215,0.21890547263681592,True,False,0.5231210191082802,False
extension,T-24h,spread,0.5,best_book,weekend,weekday,184,102,82,0,0.5543478260869565,0.059031814540949704,184,0.05830039525691699,184,0.059031814540949704,-0.045657814830952416,0.16052395160761032,85,0.0388143860969948,0.5,True,54,200,0.026786035,0.10529735,0.27,0.2736318407960199,True,False,0.5751301115241636,False
extension,T-24h,spread,1.0,consensus,none,all,238,129,109,0,0.542016806722689,0.03475935828877005,238,0.03475935828877005,238,0.044422950275064405,-0.05786216186696764,0.12351198972309446,116,0.02937932748857116,0.5210084033613446,True,76,200,0.021534892,0.083077595,0.38,0.38308457711442784,True,False,0.6730757341576508,False
extension,T-24h,spread,1.0,consensus,line_terc,small,82,48,34,0,0.5853658536585366,0.11751662971175164,82,0.11751662971175164,82,0.13801300752043488,-0.0333716915995397,0.26477272727272727,68,-0.038354142469996105,0.45121951219512196,True,22,200,-0.006714241,0.17165448,0.11,0.11442786069651742,True,False,0.35914529914529914,False
extension,T-24h,spread,1.0,consensus,line_terc,mid,76,41,35,0,0.5394736842105263,0.029904306220095697,76,0.029904306220095697,76,0.035569499595783795,-0.15420023014959724,0.22191608391608378,62,0.010691264145211458,0.5394736842105263,True,21,200,-0.061291587,0.06323814,0.105,0.10945273631840796,True,False,0.349796511627907,False
extension,T-24h,spread,1.0,consensus,line_terc,large,80,40,40,0,0.5,-0.04545454545454545,80,-0.04545454545454545,80,-0.04309608025612373,-0.20253164556962025,0.11162255466052932,62,0.11655979437229443,0.575,True,200,200,0.1251852,0.1829483,1.0,1.0,True,False,1.0,False
extension,T-24h,spread,1.0,consensus,total_terc,low,87,49,38,0,0.5632183908045977,0.07523510971786834,87,0.07523510971786834,87,0.07500613772388268,-0.0931818181818182,0.23997422680412364,62,-0.16524792257550877,0.4942528735632184,True,83,200,0.057996377,0.16666667,0.415,0.417910447761194,True,False,0.7006113537117904,False
extension,T-24h,spread,1.0,consensus,total_terc,mid,84,44,40,0,0.5238095238095238,-1.32169407693471e-18,84,-1.32169407693471e-18,84,0.0026327976930374847,-0.16898395721925139,0.1590909090909091,63,-0.059411075036075026,0.4523809523809524,True,127,200,0.031147124,0.14957179,0.635,0.6368159203980099,True,False,0.83548794489093,False
extension,T-24h,spread,1.0,consensus,total_terc,high,67,36,31,0,0.5373134328358209,0.02578018995929444,67,0.02578018995929444,67,0.05710407727272227,-0.14533660369481277,0.1967435549525101,52,0.39342357476685835,0.6417910447761194,True,46,200,-0.025800042,0.08804962,0.23,0.23383084577114427,True,False,0.5335627530364372,False
extension,T-24h,spread,1.0,consensus,side,home,110,61,49,0,0.5545454545454546,0.05867768595041323,110,0.05867768595041323,110,0.05920701893379466,-0.08147512864493996,0.1995414320193081,80,0.11398219205037383,0.5363636363636364,True,56,200,0.030707885,0.10151333,0.28,0.2835820895522388,True,False,0.58448087431694,False
extension,T-24h,spread,1.0,consensus,side,away,128,68,60,0,0.53125,0.014204545454545456,128,0.014204545454545456,128,0.03171789127146814,-0.1224971155232922,0.14545454545454545,81,-0.04332625924422796,0.5078125,True,94,200,0.013346126,0.083264686,0.47,0.472636815920398,True,False,0.7268825910931174,False
extension,T-24h,spread,1.0,consensus,side,fav,49,25,24,0,0.5102040816326531,-0.02597402597402597,49,-0.02597402597402597,49,-0.024431614594149456,-0.2222222222222222,0.18867924528301883,43,0.31745847689725243,0.6938775510204082,True,81,200,-0.061717764,0.107741,0.405,0.4079601990049751,True,False,0.6937668161434979,False
extension,T-24h,spread,1.0,consensus,side,dog,189,104,85,0,0.5502645502645502,0.05050505050505051,189,0.05050505050505051,189,0.06227413375967542,-0.061827640567524954,0.16251054792979291,107,-0.04530785939516098,0.47619047619047616,True,77,200,0.03966434,0.086119585,0.385,0.3880597014925373,True,False,0.6736030534351145,False
extension,T-24h,spread,1.0,consensus,rest_sign,home_more,80,42,38,0,0.525,0.002272727272727276,80,0.002272727272727276,80,0.0071904554757266145,-0.17508417508417506,0.17482517482517482,64,0.05312094155844149,0.575,True,148,200,0.051526166,0.16690771,0.74,0.7412935323383084,True,False,0.8824557752341311,False
extension,T-24h,spread,1.0,consensus,rest_sign,equal,104,57,47,0,0.5480769230769231,0.04632867132867133,104,0.04632867132867133,104,0.045702879194889724,-0.09953737300435417,0.18623124448367168,76,-0.07221303002553,0.4519230769230769,True,85,200,0.034531835,0.14205274,0.425,0.42786069651741293,True,False,0.7018011527377522,False
extension,T-24h,spread,1.0,consensus,rest_sign,away_more,54,30,24,0,0.5555555555555556,0.0606060606060606,54,0.0606060606060606,54,0.0971171535396051,-0.14292431706224812,0.2607204116638078,44,0.18986592111592115,0.5740740740740741,True,25,200,-0.041085143,0.09132232,0.125,0.12935323383084577,True,False,0.3850806451612903,False
extension,T-24h,spread,1.0,consensus,phase,early,22,11,11,0,0.5,-0.045454545454545456,22,-0.045454545454545456,22,-0.03888627551331994,-0.3391608391608391,0.27272727272727276,15,-0.14184294241112416,0.5454545454545454,True,8,200,-0.28673214,-0.045454547,0.04,0.04477611940298507,False,True,,False
extension,T-24h,spread,1.0,consensus,phase,mid,136,74,62,0,0.5441176470588235,0.038770053475935824,136,0.038770053475935824,136,0.05473315442626065,-0.06700208188757809,0.14545454545454545,64,0.24468105423987765,0.5661764705882353,True,142,200,0.07030322,0.15498929,0.71,0.7114427860696517,True,False,0.8674413646055437,False
extension,T-24h,spread,1.0,consensus,phase,late,80,44,36,0,0.55,0.05,80,0.05,80,0.049805640309836516,-0.12803277876807295,0.21905805038335158,41,-0.2895474837662337,0.4375,True,84,200,0.023658352,0.13707055,0.42,0.4228855721393035,True,False,0.7006113537117904,False
extension,T-24h,spread,1.0,consensus,weekend,weekend,72,38,34,0,0.5277777777777778,0.007575757575757575,72,0.007575757575757575,72,0.039132936103724834,-0.15706125425376763,0.16838263229307995,32,0.006129749879749822,0.5694444444444444,True,119,200,0.02345953,0.15050657,0.595,0.5970149253731343,True,False,0.8088612099644128,False
extension,T-24h,spread,1.0,consensus,weekend,weekday,166,91,75,0,0.5481927710843374,0.04654983570646219,166,0.04654983570646219,166,0.046717414252994846,-0.06200735680504466,0.1545998911268372,84,0.03946348163215632,0.5,True,69,200,0.020833356,0.099535085,0.345,0.3482587064676617,True,False,0.6524257425742573,False
extension,T-24h,spread,1.0,best_book,none,all,238,130,108,0,0.5462184873949579,0.044422950275064405,238,0.03475935828877005,238,0.044422950275064405,-0.0500334087974949,0.13560368735791856,116,0.02937932748857116,0.5210084033613446,True,78,200,0.032342054,0.09266645,0.39,0.39303482587064675,True,False,0.6751359516616314,False
extension,T-24h,spread,1.0,best_book,line_terc,small,82,49,33,0,0.5975609756097561,0.13801300752043488,82,0.11751662971175164,82,0.13801300752043488,-0.006784028879112921,0.2876343168449128,68,-0.038354142469996105,0.45121951219512196,True,20,200,0.012084294,0.19131878,0.1,0.1044776119402985,True,False,0.3410714285714286,False
extension,T-24h,spread,1.0,best_book,line_terc,mid,76,41,35,0,0.5394736842105263,0.035569499595783795,76,0.029904306220095697,76,0.035569499595783795,-0.1488220571389046,0.2287131554129916,62,0.010691264145211458,0.5394736842105263,True,25,200,-0.05313682,0.07088089,0.125,0.12935323383084577,True,False,0.3850806451612903,False
extension,T-24h,spread,1.0,best_book,line_terc,large,80,40,40,0,0.5,-0.04309608025612373,80,-0.04545454545454545,80,-0.04309608025612373,-0.20032809941702115,0.11467842280182167,62,0.11655979437229443,0.575,True,200,200,0.1311675,0.1882725,1.0,1.0,True,False,1.0,False
extension,T-24h,spread,1.0,best_book,total_terc,low,87,49,38,0,0.5632183908045977,0.07500613772388268,87,0.07523510971786834,87,0.07500613772388268,-0.0939175191849088,0.23910065081280846,62,-0.16524792257550877,0.4942528735632184,True,84,200,0.05877069,0.16653821,0.42,0.4228855721393035,True,False,0.7006113537117904,False
extension,T-24h,spread,1.0,best_book,total_terc,mid,84,44,40,0,0.5238095238095238,0.0026327976930374847,84,-1.32169407693471e-18,84,0.0026327976930374847,-0.16760222629602212,0.16227907393408922,63,-0.059411075036075026,0.4523809523809524,True,129,200,0.0346306,0.15329027,0.645,0.6467661691542289,True,False,0.8399659090909092,False
extension,T-24h,spread,1.0,best_book,total_terc,high,67,37,30,0,0.5522388059701493,0.05710407727272227,67,0.02578018995929444,67,0.05710407727272227,-0.12352759762821576,0.23998758130640235,52,0.39342357476685835,0.6417910447761194,True,47,200,0.0029516967,0.11428122,0.235,0.23880597014925373,True,False,0.5371874999999999,False
extension,T-24h,spread,1.0,best_book,side,home,110,61,49,0,0.5545454545454546,0.05920701893379466,110,0.05867768595041323,110,0.05920701893379466,-0.08215159200832184,0.19899787507948571,80,0.11398219205037383,0.5363636363636364,True,72,200,0.04144316,0.11553848,0.36,0.36318407960199006,True,False,0.6527848101265823,False
extension,T-24h,spread,1.0,best_book,side,away,128,69,59,0,0.5390625,0.03171789127146814,128,0.014204545454545456,128,0.03171789127146814,-0.10639635220068432,0.16486878038881858,81,-0.04332625924422796,0.5078125,True,81,200,0.024168834,0.09112382,0.405,0.4079601990049751,True,False,0.6937668161434979,False
extension,T-24h,spread,1.0,best_book,side,fav,49,25,24,0,0.5102040816326531,-0.024431614594149456,49,-0.02597402597402597,49,-0.024431614594149456,-0.22316277490993428,0.1931806838520149,43,0.31745847689725243,0.6938775510204082,True,99,200,-0.036283366,0.12512368,0.495,0.4975124378109453,True,False,0.7454270696452037,False
extension,T-24h,spread,1.0,best_book,side,dog,189,105,84,0,0.5555555555555556,0.06227413375967542,189,0.05050505050505051,189,0.06227413375967542,-0.05356157542362053,0.17639632113221224,107,-0.04530785939516098,0.47619047619047616,True,67,200,0.047211308,0.09152044,0.335,0.3383084577114428,True,False,0.6430653266331658,False
extension,T-24h,spread,1.0,best_book,rest_sign,home_more,80,42,38,0,0.525,0.0071904554757266145,80,0.002272727272727276,80,0.0071904554757266145,-0.17143446247458385,0.1818792619809083,64,0.05312094155844149,0.575,True,150,200,0.058177985,0.17460248,0.75,0.7512437810945274,True,False,0.8879132231404959,False
extension,T-24h,spread,1.0,best_book,rest_sign,equal,104,57,47,0,0.5480769230769231,0.045702879194889724,104,0.04632867132867133,104,0.045702879194889724,-0.09902135277172358,0.18595969413187924,76,-0.07221303002553,0.4519230769230769,True,89,200,0.036494453,0.14375888,0.445,0.44776119402985076,True,False,0.711255230125523,False
extension,T-24h,spread,1.0,best_book,rest_sign,away_more,54,31,23,0,0.5740740740740741,0.0971171535396051,54,0.0606060606060606,54,0.0971171535396051,-0.10008944630595494,0.29710846834479837,44,0.18986592111592115,0.5740740740740741,True,22,200,-0.009016158,0.12909457,0.11,0.11442786069651742,True,False,0.35914529914529914,False
extension,T-24h,spread,1.0,best_book,phase,early,22,11,11,0,0.5,-0.03888627551331994,22,-0.045454545454545456,22,-0.03888627551331994,-0.3399143708395768,0.2876525512857778,15,-0.14184294241112416,0.5454545454545454,True,9,200,-0.28109658,-0.040192693,0.045,0.04975124378109453,False,True,,False
extension,T-24h,spread,1.0,best_book,phase,mid,136,75,61,0,0.5514705882352942,0.05473315442626065,136,0.038770053475935824,136,0.05473315442626065,-0.054435740962813735,0.1677011856137976,64,0.24468105423987765,0.5661764705882353,True,147,200,0.08871517,0.17946787,0.735,0.736318407960199,True,False,0.8810774058577405,False
extension,T-24h,spread,1.0,best_book,phase,late,80,44,36,0,0.55,0.049805640309836516,80,0.05,80,0.049805640309836516,-0.1296402870890926,0.21982763216856227,41,-0.2895474837662337,0.4375,True,82,200,0.021384722,0.13204867,0.41,0.4129353233830846,True,False,0.6981575037147102,False
extension,T-24h,spread,1.0,best_book,weekend,weekend,72,39,33,0,0.5416666666666666,0.039132936103724834,72,0.007575757575757575,72,0.039132936103724834,-0.13801320906500603,0.21210699341454625,32,0.006129749879749822,0.5694444444444444,True,104,200,0.03910953,0.16392145,0.52,0.5223880597014925,True,False,0.7581679389312979,False
extension,T-24h,spread,1.0,best_book,weekend,weekday,166,91,75,0,0.5481927710843374,0.046717414252994846,166,0.04654983570646219,166,0.046717414252994846,-0.06132585263265716,0.1536852913552079,84,0.03946348163215632,0.5,True,78,200,0.029479306,0.11110608,0.39,0.39303482587064675,True,False,0.6751359516616314,False
extension,T-24h,spread,1.5,consensus,none,all,208,107,101,0,0.5144230769230769,-0.01791958041958042,208,-0.01791958041958042,208,-0.0071615841897775916,-0.11363636363636362,0.0716123499142367,113,0.05173281579531577,0.5192307692307693,True,166,200,0.023943346,0.09299098,0.83,0.8308457711442786,True,False,0.9307045009784736,False
extension,T-24h,spread,1.5,consensus,line_terc,small,70,38,32,0,0.5428571428571428,0.03636363636363636,70,0.03636363636363636,70,0.0600052093023622,-0.1345653409090909,0.20721925133689834,60,0.18515331890331893,0.4857142857142857,True,69,200,-0.0046916013,0.18736142,0.345,0.3482587064676617,True,False,0.6524257425742573,False
extension,T-24h,spread,1.5,consensus,line_terc,mid,65,33,32,0,0.5076923076923077,-0.03076923076923077,65,-0.03076923076923077,65,-0.024947024944893436,-0.24197860962566842,0.16834157657460486,55,-0.10136502386502394,0.5076923076923077,True,68,200,-0.06288763,0.055614974,0.34,0.34328358208955223,True,False,0.6494000000000001,False
extension,T-24h,spread,1.5,consensus,line_terc,large,73,36,37,0,0.4931506849315068,-0.058530510585305104,73,-0.058530510585305104,73,-0.05573174714001398,-0.23106060606060602,0.10933660933660933,57,0.060115341279724954,0.5616438356164384,True,200,200,0.12718178,0.19074413,1.0,1.0,True,False,1.0,False
extension,T-24h,spread,1.5,consensus,total_terc,low,75,39,36,0,0.52,-0.007272727272727269,75,-0.007272727272727269,75,-0.007904344009657525,-0.18198447893569852,0.16215656030078077,56,-0.045078162578162544,0.52,True,167,200,0.06044313,0.16834535,0.835,0.835820895522388,True,False,0.9326608187134503,False
extension,T-24h,spread,1.5,consensus,total_terc,mid,75,39,36,0,0.52,-0.00727272727272728,75,-0.00727272727272728,75,-0.005601791863295265,-0.18929016189290163,0.15620998719590268,60,0.006732323232323314,0.4533333333333333,True,140,200,0.03354833,0.15030141,0.7,0.7014925373134329,True,False,0.8607296137339056,False
extension,T-24h,spread,1.5,consensus,total_terc,high,58,29,29,0,0.5,-0.04545454545454544,58,-0.04545454545454544,58,-0.00821809174141862,-0.22966507177033493,0.13251155624036978,50,0.23510971786833854,0.603448275862069,True,120,200,-0.02344508,0.10405257,0.6,0.6019900497512438,True,False,0.8098939929328622,False
extension,T-24h,spread,1.5,consensus,side,home,95,49,46,0,0.5157894736842106,-0.01531100478468899,95,-0.01531100478468899,95,-0.015426062601817997,-0.1516244923461419,0.1290322580645161,73,0.18563662945241888,0.5473684210526316,True,166,200,0.031705752,0.1085044,0.83,0.8308457711442786,True,False,0.9307045009784736,False
extension,T-24h,spread,1.5,consensus,side,away,113,58,55,0,0.5132743362831859,-0.02011263073209974,113,-0.02011263073209974,113,-0.00021357136549581297,-0.16065830721003133,0.11633281972265022,76,-0.06084118683676199,0.49557522123893805,True,159,200,0.017033331,0.08702573,0.795,0.7960199004975125,True,False,0.9138114343029088,False
extension,T-24h,spread,1.5,consensus,side,fav,36,15,21,0,0.4166666666666667,-0.20454545454545453,36,-0.20454545454545453,36,-0.2027387652914988,-0.45454545454545453,0.0606060606060606,33,0.5615214646464646,0.7222222222222222,True,177,200,-0.059857517,0.15593126,0.885,0.8855721393034826,False,True,,False
extension,T-24h,spread,1.5,consensus,side,dog,172,92,80,0,0.5348837209302325,0.0211416490486258,172,0.0211416490486258,172,0.03377317464546639,-0.1009840194005721,0.13320369470102092,103,-0.05496713396422698,0.47674418604651164,True,148,200,0.040899485,0.08958091,0.74,0.7412935323383084,True,False,0.8824557752341311,False
extension,T-24h,spread,1.5,consensus,rest_sign,home_more,68,34,34,0,0.5,-0.04545454545454544,68,-0.04545454545454544,68,-0.04136616625501132,-0.2479338842975206,0.14545454545454545,56,0.10028064256005434,0.5735294117647058,True,180,200,0.052826732,0.16950507,0.9,0.900497512437811,True,False,0.9739376770538245,False
extension,T-24h,spread,1.5,consensus,rest_sign,equal,90,46,44,0,0.5111111111111111,-0.02424242424242424,90,-0.02424242424242424,90,-0.0243082261179492,-0.18821895870246702,0.1368971812313911,66,-0.06255110630110632,0.4444444444444444,True,168,200,0.038407408,0.14563131,0.84,0.8407960199004975,True,False,0.9336954413191076,False
extension,T-24h,spread,1.5,consensus,rest_sign,away_more,50,27,23,0,0.54,0.030909090909090914,50,0.030909090909090914,50,0.07022060288964922,-0.18181818181818185,0.23295454545454541,42,0.1914188311688312,0.58,True,44,200,-0.040016197,0.09922258,0.22,0.22388059701492538,True,False,0.5263465553235909,False
extension,T-24h,spread,1.5,consensus,phase,early,17,7,10,0,0.4117647058823529,-0.21390374331550804,17,-0.21390374331550804,17,-0.21194865246711395,-0.5508021390374331,0.16666666666666663,14,0.024383541295306007,0.5294117647058824,True,62,200,-0.29880175,-0.045454547,0.31,0.31343283582089554,False,True,,False
extension,T-24h,spread,1.5,consensus,phase,mid,117,60,57,0,0.5128205128205128,-0.02097902097902097,117,-0.02097902097902097,117,-0.002416253853201884,-0.13675889328063243,0.09364808357327843,63,0.2292377375710709,0.5641025641025641,True,193,200,0.07644821,0.15777126,0.965,0.9651741293532339,True,False,1.0,False
extension,T-24h,spread,1.5,consensus,phase,late,74,40,34,0,0.5405405405405406,0.031941031941031935,74,0.031941031941031935,74,0.032381341639078645,-0.16783216783216778,0.20419580419580413,39,-0.22263391638391625,0.44594594594594594,True,98,200,0.023072343,0.14103104,0.49,0.4925373134328358,True,False,0.7427777777777778,False
extension,T-24h,spread,1.5,consensus,weekend,weekend,65,33,32,0,0.5076923076923077,-0.030769230769230764,65,-0.030769230769230764,65,0.0028600309711677577,-0.20167879610213396,0.13356595849802366,32,-0.03678432678432684,0.5538461538461539,True,149,200,0.024936112,0.15034965,0.745,0.746268656716418,True,False,0.8847357512953368,False
extension,T-24h,spread,1.5,consensus,weekend,weekday,143,74,69,0,0.5174825174825175,-0.012078830260648436,143,-0.012078830260648436,143,-0.011716863808389112,-0.12987012987012983,0.10454545454545454,81,0.09196788060424428,0.5034965034965035,True,151,200,0.023636553,0.10828994,0.755,0.7562189054726368,True,False,0.8883264887063655,False
extension,T-24h,spread,1.5,best_book,none,all,208,108,100,0,0.5192307692307693,-0.0071615841897775916,208,-0.01791958041958042,208,-0.0071615841897775916,-0.10354093576057197,0.08092304836964155,113,0.05173281579531577,0.5192307692307693,True,167,200,0.034644805,0.10167772,0.835,0.835820895522388,True,False,0.9326608187134503,False
extension,T-24h,spread,1.5,best_book,line_terc,small,70,39,31,0,0.5571428571428572,0.0600052093023622,70,0.03636363636363636,70,0.0600052093023622,-0.10615211642458273,0.2293742964646954,60,0.18515331890331893,0.4857142857142857,True,61,200,0.014000768,0.19035503,0.305,0.30845771144278605,True,False,0.6121366024518389,False
extension,T-24h,spread,1.5,best_book,line_terc,mid,65,33,32,0,0.5076923076923077,-0.024947024944893436,65,-0.03076923076923077,65,-0.024947024944893436,-0.23434464596037574,0.1759865212013024,55,-0.10136502386502394,0.5076923076923077,True,71,200,-0.05462576,0.063663654,0.355,0.3582089552238806,True,False,0.6527848101265823,False
extension,T-24h,spread,1.5,best_book,line_terc,large,73,36,37,0,0.4931506849315068,-0.05573174714001398,73,-0.058530510585305104,73,-0.05573174714001398,-0.22844981039787363,0.10993170336350093,57,0.060115341279724954,0.5616438356164384,True,200,200,0.13316,0.1959242,1.0,1.0,True,False,1.0,False
extension,T-24h,spread,1.5,best_book,total_terc,low,75,39,36,0,0.52,-0.007904344009657525,75,-0.007272727272727269,75,-0.007904344009657525,-0.18456501519812188,0.16170813423900554,56,-0.045078162578162544,0.52,True,168,200,0.061244264,0.17001244,0.84,0.8407960199004975,True,False,0.9336954413191076,False
extension,T-24h,spread,1.5,best_book,total_terc,mid,75,39,36,0,0.52,-0.005601791863295265,75,-0.00727272727272728,75,-0.005601791863295265,-0.18653247237377363,0.15958867828745346,60,0.006732323232323314,0.4533333333333333,True,140,200,0.037173692,0.15349096,0.7,0.7014925373134329,True,False,0.8607296137339056,False
extension,T-24h,spread,1.5,best_book,total_terc,high,58,30,28,0,0.5172413793103449,-0.00821809174141862,58,-0.04545454545454544,58,-0.00821809174141862,-0.20355652003059152,0.1743114365804445,50,0.23510971786833854,0.603448275862069,True,113,200,0.0048517925,0.12936041,0.565,0.5671641791044776,True,False,0.7974014778325121,False
extension,T-24h,spread,1.5,best_book,side,home,95,49,46,0,0.5157894736842106,-0.015426062601817997,95,-0.01531100478468899,95,-0.015426062601817997,-0.15326916118828726,0.12839795931841128,73,0.18563662945241888,0.5473684210526316,True,178,200,0.042170607,0.1173799,0.89,0.8905472636815921,True,False,0.964938505203406,False
extension,T-24h,spread,1.5,best_book,side,away,113,59,54,0,0.5221238938053098,-0.00021357136549581297,113,-0.02011263073209974,113,-0.00021357136549581297,-0.14209155060784917,0.1370078656991248,76,-0.06084118683676199,0.49557522123893805,True,142,200,0.027883342,0.10067441,0.71,0.7114427860696517,True,False,0.8674413646055437,False
extension,T-24h,spread,1.5,best_book,side,fav,36,15,21,0,0.4166666666666667,-0.2027387652914988,36,-0.20454545454545453,36,-0.2027387652914988,-0.45089496402260276,0.06472865193729856,33,0.5615214646464646,0.7222222222222222,True,184,200,-0.033997107,0.1661756,0.92,0.9203980099502488,False,True,,False
extension,T-24h,spread,1.5,best_book,side,dog,172,93,79,0,0.5406976744186046,0.03377317464546639,172,0.0211416490486258,172,0.03377317464546639,-0.09012806326415485,0.1473772142547704,103,-0.05496713396422698,0.47674418604651164,True,138,200,0.048443884,0.09497636,0.69,0.6915422885572139,True,False,0.8594999999999999,False
extension,T-24h,spread,1.5,best_book,rest_sign,home_more,68,34,34,0,0.5,-0.04136616625501132,68,-0.04545454545454544,68,-0.04136616625501132,-0.2459405518775129,0.15277894674059242,56,0.10028064256005434,0.5735294117647058,True,184,200,0.059562005,0.17556874,0.92,0.9203980099502488,True,False,0.9844257703081232,False
extension,T-24h,spread,1.5,best_book,rest_sign,equal,90,46,44,0,0.5111111111111111,-0.0243082261179492,90,-0.02424242424242424,90,-0.0243082261179492,-0.18924821944978037,0.13543801360607138,66,-0.06255110630110632,0.4444444444444444,True,169,200,0.04046645,0.14671801,0.845,0.845771144278607,True,False,0.938343023255814,False
extension,T-24h,spread,1.5,best_book,rest_sign,away_more,50,28,22,0,0.56,0.07022060288964922,50,0.030909090909090914,50,0.07022060288964922,-0.14546350809571498,0.28171275447614935,42,0.1914188311688312,0.58,True,35,200,-0.008562739,0.12538433,0.175,0.1791044776119403,True,False,0.46748251748251746,False
extension,T-24h,spread,1.5,best_book,phase,early,17,7,10,0,0.4117647058823529,-0.21194865246711395,17,-0.21390374331550804,17,-0.21194865246711395,-0.5485025977167114,0.16195722842925128,14,0.024383541295306007,0.5294117647058824,True,62,200,-0.29315442,-0.039945405,0.31,0.31343283582089554,False,True,,False
extension,T-24h,spread,1.5,best_book,phase,mid,117,61,56,0,0.5213675213675214,-0.002416253853201884,117,-0.02097902097902097,117,-0.002416253853201884,-0.12108156175708111,0.11957227437037644,63,0.2292377375710709,0.5641025641025641,True,193,200,0.0947188,0.17659506,0.965,0.9651741293532339,True,False,1.0,False
extension,T-24h,spread,1.5,best_book,phase,late,74,40,34,0,0.5405405405405406,0.032381341639078645,74,0.031941031941031935,74,0.032381341639078645,-0.16816415302780674,0.20509686224960316,39,-0.22263391638391625,0.44594594594594594,True,96,200,0.020802794,0.13832638,0.48,0.48258706467661694,True,False,0.7344192256341788,False
extension,T-24h,spread,1.5,best_book,weekend,weekend,65,34,31,0,0.5230769230769231,0.0028600309711677577,65,-0.030769230769230764,65,0.0028600309711677577,-0.17321549491960866,0.17603789410838427,32,-0.03678432678432684,0.5538461538461539,True,140,200,0.040473517,0.15704578,0.7,0.7014925373134329,True,False,0.8607296137339056,False
extension,T-24h,spread,1.5,best_book,weekend,weekday,143,74,69,0,0.5174825174825175,-0.011716863808389112,143,-0.012078830260648436,143,-0.011716863808389112,-0.12890384724311513,0.10437518070124885,81,0.09196788060424428,0.5034965034965035,True,161,200,0.032186348,0.11524919,0.805,0.8059701492537313,True,False,0.9206886227544911,False
extension,T-24h,spread,2.0,consensus,none,all,178,87,91,0,0.4887640449438202,-0.06690500510725231,178,-0.06690500510725231,178,-0.054336728484945786,-0.17385938032005452,0.04312986430870786,106,0.00873573212056358,0.5,True,196,200,0.024475016,0.08557895,0.98,0.9800995024875622,True,False,1.0,False
extension,T-24h,spread,2.0,consensus,line_terc,small,58,29,29,0,0.5,-0.04545454545454546,58,-0.04545454545454546,58,-0.015319371942190426,-0.25774682306940383,0.15797317436661693,51,0.001582636711947081,0.43103448275862066,True,130,200,-0.0034715554,0.17492576,0.65,0.6517412935323383,True,False,0.840744920993228,False
extension,T-24h,spread,2.0,consensus,line_terc,mid,54,26,28,0,0.48148148148148145,-0.0808080808080808,54,-0.0808080808080808,54,-0.07612094160598924,-0.30316804407713505,0.15909090909090903,46,-0.016502992891881906,0.5185185185185185,True,117,200,-0.0667222,0.055998784,0.585,0.5870646766169154,True,False,0.804813925570228,False
extension,T-24h,spread,2.0,consensus,line_terc,large,66,32,34,0,0.48484848484848486,-0.0743801652892562,66,-0.0743801652892562,66,-0.07080126137802858,-0.2542613636363636,0.11608391608391608,53,0.0356716515807426,0.5454545454545454,True,200,200,0.12793168,0.18801564,1.0,1.0,True,False,1.0,False
extension,T-24h,spread,2.0,consensus,total_terc,low,65,31,34,0,0.47692307692307695,-0.08951048951048948,65,-0.08951048951048948,65,-0.09000754097925899,-0.28409090909090906,0.12121212121212119,51,-0.07872322122322124,0.5076923076923077,True,195,200,0.060726862,0.17305586,0.975,0.9751243781094527,True,False,1.0,False
extension,T-24h,spread,2.0,consensus,total_terc,mid,63,31,32,0,0.49206349206349204,-0.06060606060606061,63,-0.06060606060606061,63,-0.05981421784507298,-0.2591587516960651,0.12667660208643813,52,-0.07757335257335249,0.4126984126984127,True,181,200,0.035814144,0.15528852,0.905,0.9054726368159204,True,False,0.9747462406015038,False
extension,T-24h,spread,2.0,consensus,total_terc,high,50,25,25,0,0.5,-0.04545454545454545,50,-0.04545454545454545,50,-0.0010630356485783344,-0.25296442687747034,0.14581475128644908,43,0.2311818181818181,0.6,True,115,200,-0.02483449,0.094409645,0.575,0.5771144278606966,True,False,0.8006682867557715,False
extension,T-24h,spread,2.0,consensus,side,home,79,40,39,0,0.5063291139240507,-0.033371691599539705,79,-0.033371691599539705,79,-0.03394386599066047,-0.19230769230769232,0.13513513513513514,64,0.1323727784170822,0.5189873417721519,True,182,200,0.03030231,0.09975432,0.91,0.9104477611940298,True,False,0.9764606741573035,False
extension,T-24h,spread,2.0,consensus,side,away,99,47,52,0,0.47474747474747475,-0.09366391184573002,99,-0.09366391184573002,99,-0.07060982077836536,-0.2545909090909091,0.06468531468531466,68,-0.08992413310595124,0.48484848484848486,True,198,200,0.019239891,0.0889899,0.99,0.9900497512437811,True,False,1.0,False
extension,T-24h,spread,2.0,consensus,side,fav,26,9,17,0,0.34615384615384615,-0.33916083916083917,26,-0.33916083916083917,26,-0.3379542707195941,-0.6181818181818182,-0.04545454545454545,25,0.4115384615384615,0.6538461538461539,True,195,200,-0.06193122,0.14589852,0.975,0.9751243781094527,False,True,,False
extension,T-24h,spread,2.0,consensus,side,dog,152,78,74,0,0.5131578947368421,-0.020334928229665063,152,-0.020334928229665063,152,-0.005823201523755957,-0.1487193295412474,0.10587984555394143,98,-0.06016473475355057,0.47368421052631576,True,194,200,0.04064567,0.08972602,0.97,0.9701492537313433,True,False,1.0,False
extension,T-24h,spread,2.0,consensus,rest_sign,home_more,54,25,29,0,0.46296296296296297,-0.11616161616161615,54,-0.11616161616161615,54,-0.11244303066591481,-0.33922759059122704,0.10139860139860139,44,0.06085123724012612,0.5925925925925926,True,195,200,0.05354491,0.17492576,0.975,0.9751243781094527,True,False,1.0,False
extension,T-24h,spread,2.0,consensus,rest_sign,equal,80,39,41,0,0.4875,-0.06931818181818183,80,-0.06931818181818183,80,-0.06920392255565049,-0.24125874125874125,0.10139860139860139,62,-0.10365597943722941,0.4125,True,190,200,0.04059707,0.14221591,0.95,0.9502487562189055,True,False,1.0,False
extension,T-24h,spread,2.0,consensus,rest_sign,away_more,44,23,21,0,0.5227272727272727,-0.0020661157024793346,44,-0.0020661157024793346,44,0.044006813411161146,-0.23636363636363636,0.23030303030303026,36,0.14912436048799688,0.5454545454545454,True,71,200,-0.04284812,0.11623583,0.355,0.3582089552238806,True,False,0.6527848101265823,False
extension,T-24h,spread,2.0,consensus,phase,early,16,6,10,0,0.375,-0.28409090909090906,16,-0.28409090909090906,16,-0.2820136250644904,-0.6420454545454546,0.14545454545454545,14,-0.045115214646464646,0.5,True,86,200,-0.31059703,-0.0790404,0.43,0.43283582089552236,False,True,,False
extension,T-24h,spread,2.0,consensus,phase,mid,96,48,48,0,0.5,-0.04545454545454545,96,-0.04545454545454545,96,-0.022682089021475203,-0.1818181818181818,0.09374999999999999,57,0.19170029912217412,0.5416666666666666,True,198,200,0.07984472,0.16445401,0.99,0.9900497512437811,True,False,1.0,False
extension,T-24h,spread,2.0,consensus,phase,late,66,33,33,0,0.5,-0.04545454545454545,66,-0.04545454545454545,66,-0.045185441261013364,-0.26573426573426573,0.15070416086733568,38,-0.24433977218068118,0.4393939393939394,True,156,200,0.022354014,0.14103104,0.78,0.7810945273631841,True,False,0.9065720081135903,False
extension,T-24h,spread,2.0,consensus,weekend,weekend,58,28,30,0,0.4827586206896552,-0.07836990595611286,58,-0.07836990595611286,58,-0.0412624580344599,-0.2631578947368421,0.10526315789473684,31,-0.04576926904513115,0.5517241379310345,True,184,200,0.02550508,0.15513574,0.92,0.9203980099502488,True,False,0.9844257703081232,False
extension,T-24h,spread,2.0,consensus,weekend,weekday,120,59,61,0,0.49166666666666664,-0.06136363636363636,120,-0.06136363636363636,120,-0.06065595920268061,-0.20460909090909093,0.08620689655172414,75,0.035079816017316065,0.475,True,185,200,0.024102597,0.10765649,0.925,0.9253731343283582,True,False,0.9879310344827585,False
extension,T-24h,spread,2.0,best_book,none,all,178,88,90,0,0.4943820224719101,-0.054336728484945786,178,-0.06690500510725231,178,-0.054336728484945786,-0.16270647871197114,0.05759173155686528,106,0.00873573212056358,0.5,True,196,200,0.034995593,0.09732115,0.98,0.9800995024875622,True,False,1.0,False
extension,T-24h,spread,2.0,best_book,line_terc,small,58,30,28,0,0.5172413793103449,-0.015319371942190426,58,-0.04545454545454546,58,-0.015319371942190426,-0.22611996184741312,0.1826493587770395,51,0.001582636711947081,0.43103448275862066,True,130,200,0.014994527,0.18775165,0.65,0.6517412935323383,True,False,0.840744920993228,False
extension,T-24h,spread,2.0,best_book,line_terc,mid,54,26,28,0,0.48148148148148145,-0.07612094160598924,54,-0.0808080808080808,54,-0.07612094160598924,-0.29950723073289265,0.16248549587377353,46,-0.016502992891881906,0.5185185185185185,True,118,200,-0.058346096,0.06406338,0.59,0.5920398009950248,True,False,0.80877990430622,False
extension,T-24h,spread,2.0,best_book,line_terc,large,66,32,34,0,0.48484848484848486,-0.07080126137802858,66,-0.0743801652892562,66,-0.07080126137802858,-0.24875942344054572,0.12120918161343404,53,0.0356716515807426,0.5454545454545454,True,200,200,0.13379706,0.19355018,1.0,1.0,True,False,1.0,False
extension,T-24h,spread,2.0,best_book,total_terc,low,65,31,34,0,0.47692307692307695,-0.09000754097925899,65,-0.08951048951048948,65,-0.09000754097925899,-0.2844055724771379,0.11987207709547414,51,-0.07872322122322124,0.5076923076923077,True,196,200,0.06165424,0.17107889,0.98,0.9800995024875622,True,False,1.0,False
extension,T-24h,spread,2.0,best_book,total_terc,mid,63,31,32,0,0.49206349206349204,-0.05981421784507298,63,-0.06060606060606061,63,-0.05981421784507298,-0.25692964584141803,0.1288259007027604,52,-0.07757335257335249,0.4126984126984127,True,182,200,0.039598208,0.16081467,0.91,0.9104477611940298,True,False,0.9764606741573035,False
extension,T-24h,spread,2.0,best_book,total_terc,high,50,26,24,0,0.52,-0.0010630356485783344,50,-0.04545454545454545,50,-0.0010630356485783344,-0.2175227244989208,0.20338688888638065,43,0.2311818181818181,0.6,True,97,200,0.0027198761,0.11683004,0.485,0.48756218905472637,True,False,0.7371485411140583,False
extension,T-24h,spread,2.0,best_book,side,home,79,40,39,0,0.5063291139240507,-0.03394386599066047,79,-0.033371691599539705,79,-0.03394386599066047,-0.19303271917906156,0.1326578524627461,64,0.1323727784170822,0.5189873417721519,True,189,200,0.04089558,0.11470261,0.945,0.945273631840796,True,False,1.0,False
extension,T-24h,spread,2.0,best_book,side,away,99,48,51,0,0.48484848484848486,-0.07060982077836536,99,-0.09366391184573002,99,-0.07060982077836536,-0.22903972710926365,0.08603914665027645,68,-0.08992413310595124,0.48484848484848486,True,197,200,0.02964568,0.10229426,0.985,0.9850746268656716,True,False,1.0,False
extension,T-24h,spread,2.0,best_book,side,fav,26,9,17,0,0.34615384615384615,-0.3379542707195941,26,-0.33916083916083917,26,-0.3379542707195941,-0.6210223221977743,-0.045073637584791576,25,0.4115384615384615,0.6538461538461539,True,198,200,-0.0346761,0.17237353,0.99,0.9900497512437811,False,True,,False
extension,T-24h,spread,2.0,best_book,side,dog,152,79,73,0,0.5197368421052632,-0.005823201523755957,152,-0.020334928229665063,152,-0.005823201523755957,-0.13413742926339514,0.12154287848710657,98,-0.06016473475355057,0.47368421052631576,True,190,200,0.047947872,0.09960452,0.95,0.9502487562189055,True,False,1.0,False
extension,T-24h,spread,2.0,best_book,rest_sign,home_more,54,25,29,0,0.46296296296296297,-0.11244303066591481,54,-0.11616161616161615,54,-0.11244303066591481,-0.33720404757012085,0.10563784466766982,44,0.06085123724012612,0.5925925925925926,True,195,200,0.06026641,0.1801342,0.975,0.9751243781094527,True,False,1.0,False
extension,T-24h,spread,2.0,best_book,rest_sign,equal,80,39,41,0,0.4875,-0.06920392255565049,80,-0.06931818181818183,80,-0.06920392255565049,-0.24029800334535104,0.10235289970035098,62,-0.10365597943722941,0.4125,True,192,200,0.042724,0.14650187,0.96,0.9601990049751243,True,False,1.0,False
extension,T-24h,spread,2.0,best_book,rest_sign,away_more,44,24,20,0,0.5454545454545454,0.044006813411161146,44,-0.0020661157024793346,44,0.044006813411161146,-0.18212597562649452,0.2680168473682782,36,0.14912436048799688,0.5454545454545454,True,57,200,-0.012155469,0.12221371,0.285,0.2885572139303483,True,False,0.5895487364620938,False
extension,T-24h,spread,2.0,best_book,phase,early,16,6,10,0,0.375,-0.2820136250644904,16,-0.28409090909090906,16,-0.2820136250644904,-0.6396021918921877,0.148040794417606,14,-0.045115214646464646,0.5,True,86,200,-0.30494884,-0.072147086,0.43,0.43283582089552236,False,True,,False
extension,T-24h,spread,2.0,best_book,phase,mid,96,49,47,0,0.5104166666666666,-0.022682089021475203,96,-0.04545454545454545,96,-0.022682089021475203,-0.16375600248020739,0.11994491711728211,57,0.19170029912217412,0.5416666666666666,True,198,200,0.09777804,0.18388586,0.99,0.9900497512437811,True,False,1.0,False
extension,T-24h,spread,2.0,best_book,phase,late,66,33,33,0,0.5,-0.045185441261013364,66,-0.04545454545454545,66,-0.045185441261013364,-0.2660978313152226,0.14664186169910642,38,-0.24433977218068118,0.4393939393939394,True,157,200,0.020144723,0.14012058,0.785,0.7860696517412935,True,False,0.9068649193548387,False
extension,T-24h,spread,2.0,best_book,weekend,weekend,58,29,29,0,0.5,-0.0412624580344599,58,-0.07836990595611286,58,-0.0412624580344599,-0.23582513752840634,0.14854274846894924,31,-0.04576926904513115,0.5517241379310345,True,168,200,0.04012091,0.1633807,0.84,0.8407960199004975,True,False,0.9336954413191076,False
extension,T-24h,spread,2.0,best_book,weekend,weekday,120,59,61,0,0.49166666666666664,-0.06065595920268061,120,-0.06136363636363636,120,-0.06065595920268061,-0.20418226059445463,0.08620841713791713,75,0.035079816017316065,0.475,True,189,200,0.032799017,0.117193714,0.945,0.945273631840796,True,False,1.0,False
extension,T-24h,spread,3.0,consensus,none,all,135,66,69,0,0.4888888888888889,-0.06666666666666665,135,-0.06666666666666665,135,-0.06369670845123393,-0.20587692307692312,0.0731227718360071,96,0.07514416653305545,0.5481481481481482,True,198,200,0.03040889,0.10235578,0.99,0.9900497512437811,True,False,1.0,False
extension,T-24h,spread,3.0,consensus,line_terc,small,37,19,18,0,0.5135135135135135,-0.019656019656019673,37,-0.019656019656019673,37,-0.020772625631426872,-0.27005347593582885,0.2272727272727272,33,0.06696355446355451,0.5135135135135135,True,114,200,0.0038606692,0.19009848,0.57,0.572139303482587,False,True,,False
extension,T-24h,spread,3.0,consensus,line_terc,mid,41,20,21,0,0.4878048780487805,-0.06873614190687362,41,-0.06873614190687362,41,-0.0626546500697393,-0.3059697555829085,0.18673218673218672,37,0.07726612818076221,0.5365853658536586,True,100,200,-0.070513934,0.05257637,0.5,0.5024875621890548,True,False,0.7477131782945736,False
extension,T-24h,spread,3.0,consensus,line_terc,large,57,27,30,0,0.47368421052631576,-0.09569377990430619,57,-0.09569377990430619,57,-0.0923092603455171,-0.28813559322033894,0.10526315789473684,46,0.07892806511227578,0.5789473684210527,True,200,200,0.13351637,0.20360672,1.0,1.0,True,False,1.0,False
extension,T-24h,spread,3.0,consensus,total_terc,low,47,25,22,0,0.5319148936170213,0.015473887814313324,47,0.015473887814313324,47,0.013507219610162786,-0.23636363636363641,0.2450592885375493,39,-0.048288354671333425,0.5319148936170213,True,145,200,0.06445143,0.17332563,0.725,0.7263681592039801,True,False,0.878276955602537,False
extension,T-24h,spread,3.0,consensus,total_terc,mid,53,26,27,0,0.49056603773584906,-0.0634648370497427,53,-0.0634648370497427,53,-0.06072575698228618,-0.2840909090909091,0.15909090909090903,46,-0.06089670287783483,0.4528301886792453,True,185,200,0.047310196,0.16566116,0.925,0.9253731343283582,True,False,0.9879310344827585,False
extension,T-24h,spread,3.0,consensus,total_terc,high,35,15,20,0,0.42857142857142855,-0.1818181818181818,35,-0.1818181818181818,35,-0.17186942407237327,-0.4324324324324324,0.09090909090909088,33,0.44690115440115435,0.7142857142857143,True,195,200,-0.022736765,0.09933651,0.975,0.9751243781094527,False,True,,False
extension,T-24h,spread,3.0,consensus,side,home,59,32,27,0,0.5423728813559322,0.03543913713405239,59,0.03543913713405239,59,0.03492777252613246,-0.1686217008797654,0.22958397534668717,53,0.2874507789762027,0.576271186440678,True,96,200,0.033654872,0.12404418,0.48,0.48258706467661694,True,False,0.7344192256341788,False
extension,T-24h,spread,3.0,consensus,side,away,76,34,42,0,0.4473684210526316,-0.14593301435406703,76,-0.14593301435406703,76,-0.1402604502626105,-0.33336856941508103,0.04132231404958675,58,-0.08967280891622986,0.5263157894736842,True,200,200,0.02759157,0.1086306,1.0,1.0,True,False,1.0,False
extension,T-24h,spread,3.0,consensus,side,fav,18,5,13,0,0.2777777777777778,-0.4696969696969696,18,-0.4696969696969696,18,-0.4713278325444108,-0.7878787878787878,-0.1515151515151515,18,0.5003086419753087,0.7222222222222222,True,199,200,-0.051882852,0.20383565,0.995,0.9950248756218906,False,True,,False
extension,T-24h,spread,3.0,consensus,side,dog,117,61,56,0,0.5213675213675214,-0.004662004662004652,117,-0.004662004662004652,117,-0.000984227821514421,-0.1534413270265017,0.14219114219114215,86,0.00973424723424728,0.5213675213675214,True,175,200,0.04343131,0.102710895,0.875,0.8756218905472637,True,False,0.9577207977207978,False
extension,T-24h,spread,3.0,consensus,rest_sign,home_more,41,19,22,0,0.4634146341463415,-0.11529933481152992,41,-0.11529933481152992,41,-0.11049349907549494,-0.36363636363636365,0.12598537825810543,38,0.07387551472917331,0.6097560975609756,True,197,200,0.05987295,0.18457279,0.985,0.9850746268656716,True,False,1.0,False
extension,T-24h,spread,3.0,consensus,rest_sign,equal,64,29,35,0,0.453125,-0.1349431818181818,64,-0.1349431818181818,64,-0.1338984818381418,-0.3427719821162444,0.07024793388429752,55,-0.06974319083694079,0.453125,True,200,200,0.049460825,0.15356207,1.0,1.0,True,False,1.0,False
extension,T-24h,spread,3.0,consensus,rest_sign,away_more,30,18,12,0,0.6,0.14545454545454548,30,0.14545454545454548,30,0.15002268862732615,-0.144878296146045,0.4482758620689654,27,0.3859710197210198,0.6666666666666666,True,7,200,-0.04288667,0.119659655,0.035,0.03980099502487562,False,True,,False
extension,T-24h,spread,3.0,consensus,phase,early,14,5,9,0,0.35714285714285715,-0.31818181818181823,14,-0.31818181818181823,14,-0.31701028049698377,-0.7062937062937062,0.1136363636363636,12,-0.008630952380952397,0.5,True,100,200,-0.325113,-0.081727274,0.5,0.5024875621890548,False,True,,False
extension,T-24h,spread,3.0,consensus,phase,mid,69,36,33,0,0.5217391304347826,-0.003952569169960471,69,-0.003952569169960471,69,0.0006660091868883651,-0.18181818181818182,0.1728321678321677,51,0.28083082376560636,0.6086956521739131,True,191,200,0.091057785,0.17709517,0.955,0.9552238805970149,True,False,1.0,False
extension,T-24h,spread,3.0,consensus,phase,late,52,25,27,0,0.4807692307692308,-0.08216783216783216,52,-0.08216783216783216,52,-0.08090127592027127,-0.32386363636363635,0.125,34,-0.17523136585636576,0.4807692307692308,True,181,200,0.023077214,0.14545454,0.905,0.9054726368159204,True,False,0.9747462406015038,False
extension,T-24h,spread,3.0,consensus,weekend,weekend,44,21,23,0,0.4772727272727273,-0.08884297520661157,44,-0.08884297520661157,44,-0.084017510622106,-0.34552631578947374,0.160427807486631,29,-0.11472886330840887,0.5681818181818182,True,190,200,0.03213715,0.16365056,0.95,0.9502487562189055,True,False,1.0,False
extension,T-24h,spread,3.0,consensus,weekend,weekday,91,45,46,0,0.4945054945054945,-0.055944055944055944,91,-0.055944055944055944,91,-0.05387126564333974,-0.21515151515151515,0.10303030303030301,67,0.16695090623662062,0.5384615384615384,True,186,200,0.029834313,0.1118628,0.93,0.9303482587064676,True,False,0.9923463687150837,False
extension,T-24h,spread,3.0,best_book,none,all,135,66,69,0,0.4888888888888889,-0.06369670845123393,135,-0.06666666666666665,135,-0.06369670845123393,-0.20440049233860363,0.07604842977414844,96,0.07514416653305545,0.5481481481481482,True,199,200,0.04055563,0.11300412,0.995,0.9950248756218906,True,False,1.0,False
extension,T-24h,spread,3.0,best_book,line_terc,small,37,19,18,0,0.5135135135135135,-0.020772625631426872,37,-0.019656019656019673,37,-0.020772625631426872,-0.27538846837902686,0.22880352614830182,33,0.06696355446355451,0.5135135135135135,True,133,200,0.022396255,0.19265856,0.665,0.6666666666666666,False,True,,False
extension,T-24h,spread,3.0,best_book,line_terc,mid,41,20,21,0,0.4878048780487805,-0.0626546500697393,41,-0.06873614190687362,41,-0.0626546500697393,-0.3033531752435317,0.19126325731432176,37,0.07726612818076221,0.5365853658536586,True,103,200,-0.062257566,0.060336057,0.515,0.5174129353233831,True,False,0.7556850192061461,False
extension,T-24h,spread,3.0,best_book,line_terc,large,57,27,30,0,0.47368421052631576,-0.0923092603455171,57,-0.09569377990430619,57,-0.0923092603455171,-0.2837533987957345,0.10826102373076128,46,0.07892806511227578,0.5789473684210527,True,200,200,0.13912171,0.21081984,1.0,1.0,True,False,1.0,False
extension,T-24h,spread,3.0,best_book,total_terc,low,47,25,22,0,0.5319148936170213,0.013507219610162786,47,0.015473887814313324,47,0.013507219610162786,-0.23418683179370398,0.2410142050131535,39,-0.048288354671333425,0.5319148936170213,True,149,200,0.06563854,0.17561936,0.745,0.746268656716418,True,False,0.8847357512953368,False
extension,T-24h,spread,3.0,best_book,total_terc,mid,53,26,27,0,0.49056603773584906,-0.06072575698228618,53,-0.0634648370497427,53,-0.06072575698228618,-0.28291128535663834,0.1646226436937141,46,-0.06089670287783483,0.4528301886792453,True,188,200,0.050882682,0.16890611,0.94,0.9402985074626866,True,False,1.0,False
extension,T-24h,spread,3.0,best_book,total_terc,high,35,15,20,0,0.42857142857142855,-0.17186942407237327,35,-0.1818181818181818,35,-0.17186942407237327,-0.4226751517523701,0.10215800607131438,33,0.44690115440115435,0.7142857142857143,True,196,200,0.0037004089,0.11616737,0.98,0.9800995024875622,False,True,,False
extension,T-24h,spread,3.0,best_book,side,home,59,32,27,0,0.5423728813559322,0.03492777252613246,59,0.03543913713405239,59,0.03492777252613246,-0.16977151286965,0.22840587148839953,53,0.2874507789762027,0.576271186440678,True,105,200,0.043983556,0.1327918,0.525,0.527363184079602,True,False,0.7615822784810127,False
extension,T-24h,spread,3.0,best_book,side,away,76,34,42,0,0.4473684210526316,-0.1402604502626105,76,-0.14593301435406703,76,-0.1402604502626105,-0.32686516745920235,0.04787542345059213,58,-0.08967280891622986,0.5263157894736842,True,200,200,0.03755177,0.11640445,1.0,1.0,True,False,1.0,False
extension,T-24h,spread,3.0,best_book,side,fav,18,5,13,0,0.2777777777777778,-0.4713278325444108,18,-0.4696969696969696,18,-0.4713278325444108,-0.7892196299275945,-0.1484792827254006,18,0.5003086419753087,0.7222222222222222,True,200,200,-0.023054915,0.24115342,1.0,1.0,False,True,,False
extension,T-24h,spread,3.0,best_book,side,dog,117,61,56,0,0.5213675213675214,-0.000984227821514421,117,-0.004662004662004652,117,-0.000984227821514421,-0.14972856865556983,0.14621591121932398,86,0.00973424723424728,0.5213675213675214,True,181,200,0.050548133,0.108338945,0.905,0.9054726368159204,True,False,0.9747462406015038,False
extension,T-24h,spread,3.0,best_book,rest_sign,home_more,41,19,22,0,0.4634146341463415,-0.11049349907549494,41,-0.11529933481152992,41,-0.11049349907549494,-0.36086735119101043,0.13790077476268162,38,0.07387551472917331,0.6097560975609756,True,197,200,0.066155784,0.19334242,0.985,0.9850746268656716,True,False,1.0,False
extension,T-24h,spread,3.0,best_book,rest_sign,equal,64,29,35,0,0.453125,-0.1338984818381418,64,-0.1349431818181818,64,-0.1338984818381418,-0.3416395318158357,0.07000233754510851,55,-0.06974319083694079,0.453125,True,200,200,0.05173484,0.15856655,1.0,1.0,True,False,1.0,False
extension,T-24h,spread,3.0,best_book,rest_sign,away_more,30,18,12,0,0.6,0.15002268862732615,30,0.14545454545454548,30,0.15002268862732615,-0.14842865357012303,0.44640389833495775,27,0.3859710197210198,0.6666666666666666,True,11,200,-0.013327702,0.16718169,0.055,0.05970149253731343,False,True,,False
extension,T-24h,spread,3.0,best_book,phase,early,14,5,9,0,0.35714285714285715,-0.31701028049698377,14,-0.31818181818181823,14,-0.31701028049698377,-0.7045816150923792,0.12250571945239173,12,-0.008630952380952397,0.5,True,100,200,-0.3194121,-0.07678513,0.5,0.5024875621890548,False,True,,False
extension,T-24h,spread,3.0,best_book,phase,mid,69,36,33,0,0.5217391304347826,0.0006660091868883651,69,-0.003952569169960471,69,0.0006660091868883651,-0.17416642237461044,0.17737147693047375,51,0.28083082376560636,0.6086956521739131,True,195,200,0.10828697,0.19772074,0.975,0.9751243781094527,True,False,1.0,False
extension,T-24h,spread,3.0,best_book,phase,late,52,25,27,0,0.4807692307692308,-0.08090127592027127,52,-0.08216783216783216,52,-0.08090127592027127,-0.3243086126389267,0.12560344101812798,34,-0.17523136585636576,0.4807692307692308,True,181,200,0.021010092,0.14216454,0.905,0.9054726368159204,True,False,0.9747462406015038,False
extension,T-24h,spread,3.0,best_book,weekend,weekend,44,21,23,0,0.4772727272727273,-0.084017510622106,44,-0.08884297520661157,44,-0.084017510622106,-0.3383038923021184,0.16768119460166267,29,-0.11472886330840887,0.5681818181818182,True,194,200,0.045780703,0.17243227,0.97,0.9701492537313433,True,False,1.0,False
extension,T-24h,spread,3.0,best_book,weekend,weekday,91,45,46,0,0.4945054945054945,-0.05387126564333974,91,-0.055944055944055944,91,-0.05387126564333974,-0.21154288808443242,0.10419199625612026,67,0.16695090623662062,0.5384615384615384,True,187,200,0.038409084,0.12086693,0.935,0.9353233830845771,True,False,0.996753488372093,False
extension,T-24h,total,0.5,consensus,none,all,264,126,138,0,0.4772727272727273,-0.08884297520661157,264,-0.08884297520661157,264,-0.06324607543042952,-0.1778728483544257,0.0017283097131005811,117,0.30479080578512335,0.5265151515151515,True,24,200,-0.13623409,-0.07537767,0.12,0.12437810945273632,True,False,0.3767671232876712,False
extension,T-24h,total,0.5,consensus,line_terc,small,87,38,49,0,0.4367816091954023,-0.16614420062695928,87,-0.16614420062695928,87,-0.12767703885873205,-0.3233853567318757,-1.4340380734741785e-17,70,0.6075548174686095,0.6206896551724138,True,119,200,-0.14513664,-0.025932578,0.595,0.5970149253731343,True,False,0.8088612099644128,False
extension,T-24h,total,0.5,consensus,line_terc,mid,91,45,46,0,0.4945054945054945,-0.055944055944055944,91,-0.055944055944055944,91,-0.031097638698608585,-0.21998324256388774,0.10303030303030301,68,0.07939837939838006,0.43956043956043955,True,67,200,-0.0844132,0.014204546,0.335,0.3383084577114428,True,False,0.6430653266331658,False
extension,T-24h,total,0.5,consensus,line_terc,large,86,43,43,0,0.5,-0.04545454545454545,86,-0.04545454545454545,86,-0.03208344664360841,-0.2230443974630021,0.11542390194075586,66,0.2370029195610575,0.5232558139534884,True,3,200,-0.17983308,-0.065764025,0.015,0.01990049751243781,True,False,0.10677018633540371,False
extension,T-24h,total,0.5,consensus,total_terc,low,88,36,52,0,0.4090909090909091,-0.21900826446280994,88,-0.21900826446280994,88,-0.17259227415012857,-0.38561912225705347,-0.056179775280898875,63,0.253827848288074,0.48863636363636365,True,132,200,-0.19552639,-0.10511363,0.66,0.6616915422885572,True,False,0.8460402684563758,False
extension,T-24h,total,0.5,consensus,total_terc,mid,88,47,41,0,0.5340909090909091,0.019628099173553713,88,0.019628099173553713,88,0.021786091189365676,-0.1470019342359768,0.18736141906873613,66,0.20626701265905822,0.5340909090909091,True,52,200,-0.046345815,0.10859866,0.26,0.263681592039801,True,False,0.5600751879699248,False
extension,T-24h,total,0.5,consensus,total_terc,high,88,43,45,0,0.48863636363636365,-0.06714876033057848,88,-0.06714876033057848,88,-0.03893204333052572,-0.23636363636363633,0.09397344228804899,62,0.4542775564082378,0.5568181818181818,True,10,200,-0.1664622,-0.07512846,0.05,0.05472636815920398,True,False,0.22920000000000001,False
extension,T-24h,total,0.5,consensus,side,over,116,53,63,0,0.45689655172413796,-0.12774294670846392,116,-0.12774294670846392,116,-0.09281989986200599,-0.2576195842724768,0.005681818181818176,79,0.6700177576255155,0.6206896551724138,True,43,200,-0.16175868,-0.09339438,0.215,0.21890547263681592,True,False,0.5231210191082802,False
extension,T-24h,total,0.5,consensus,side,under,148,73,75,0,0.49324324324324326,-0.058353808353808344,148,-0.058353808353808344,148,-0.04006659141649122,-0.1818181818181818,0.06493506493506492,83,0.018531843531842992,0.4527027027027027,True,17,200,-0.11262195,-0.051157802,0.085,0.08955223880597014,True,False,0.31121405750798725,False
extension,T-24h,total,0.5,consensus,rest_sign,home_more,81,51,30,0,0.6296296296296297,0.20202020202020202,81,0.20202020202020202,81,0.2517417373550812,0.045454545454545456,0.36958963031853054,64,0.40300291272513417,0.5555555555555556,True,0,200,-0.023704793,0.096866325,0.0,0.004975124378109453,True,False,0.0,True
extension,T-24h,total,0.5,consensus,rest_sign,equal,119,51,68,0,0.42857142857142855,-0.18181818181818177,119,-0.18181818181818177,119,-0.15995607927688948,-0.3194116061803809,-0.045454545454545456,81,0.18198688566335458,0.5126050420168067,True,129,200,-0.15445918,-0.036946386,0.645,0.6467661691542289,True,False,0.8399659090909092,False
extension,T-24h,total,0.5,consensus,rest_sign,away_more,64,24,40,0,0.375,-0.28409090909090906,64,-0.28409090909090906,64,-0.28208236258508,-0.4909090909090909,-0.08658596837944697,49,0.4088296469155859,0.515625,True,140,200,-0.24963139,-0.13943574,0.7,0.7014925373134329,True,False,0.8607296137339056,False
extension,T-24h,total,0.5,consensus,phase,early,25,10,15,0,0.4,-0.23636363636363633,25,-0.23636363636363633,25,-0.22917851655715732,-0.4793388429752067,0.027972027972027965,14,1.0452431457431453,0.76,True,186,200,-0.03538599,0.18706897,0.93,0.9303482587064676,False,True,,False
extension,T-24h,total,0.5,consensus,phase,mid,163,78,85,0,0.4785276073619632,-0.08644729503625209,163,-0.08644729503625209,163,-0.08198079494011341,-0.19732095857240614,0.028851388132825253,69,0.33613324303508324,0.5214723926380368,True,38,200,-0.13361913,-0.051033456,0.19,0.19402985074626866,True,False,0.48930337078651687,False
extension,T-24h,total,0.5,consensus,phase,late,76,38,38,0,0.5,-0.04545454545454545,76,-0.04545454545454545,76,0.03151800757281612,-0.21515151515151512,0.13438735177865607,39,-0.006000322776639983,0.4605263157894737,True,8,200,-0.17352061,-0.045454547,0.04,0.04477611940298507,True,False,0.19341772151898737,False
extension,T-24h,total,0.5,consensus,weekend,weekend,77,40,37,0,0.5194805194805194,-0.00826446280991735,77,-0.00826446280991735,77,0.005813225004502192,-0.17612852664576806,0.1591340621403912,34,0.5836430164352228,0.5974025974025974,True,31,200,-0.08376732,0.042407025,0.155,0.15920398009950248,True,False,0.4474307304785894,False
extension,T-24h,total,0.5,consensus,weekend,weekday,187,86,101,0,0.45989304812834225,-0.12202236266407386,187,-0.12202236266407386,187,-0.09168225796246021,-0.22575757575757574,-0.01363636363636364,83,0.1899693072821412,0.49732620320855614,True,46,200,-0.15949999,-0.079468034,0.23,0.23383084577114427,True,False,0.5335627530364372,False
extension,T-24h,total,0.5,best_book,none,all,264,128,134,2,0.48854961832061067,-0.06324607543042952,264,-0.08884297520661157,264,-0.06324607543042952,-0.15478914281431516,0.029813486074993765,117,0.30479080578512335,0.5265151515151515,True,27,200,-0.104940414,-0.044340946,0.135,0.13930348258706468,True,False,0.4082058047493404,False
extension,T-24h,total,0.5,best_book,line_terc,small,87,39,47,1,0.45348837209302323,-0.12767703885873205,87,-0.16614420062695928,87,-0.12767703885873205,-0.28784157155815737,0.042234905147203954,70,0.6075548174686095,0.6206896551724138,True,110,200,-0.11369013,-0.0074402206,0.55,0.5522388059701493,True,False,0.7849315068493151,False
extension,T-24h,total,0.5,best_book,line_terc,mid,91,46,45,0,0.5054945054945055,-0.031097638698608585,91,-0.055944055944055944,91,-0.031097638698608585,-0.1955225311601309,0.1289623947219915,68,0.07939837939838006,0.43956043956043955,True,82,200,-0.04591516,0.053525403,0.41,0.4129353233830846,True,False,0.6981575037147102,False
extension,T-24h,total,0.5,best_book,line_terc,large,86,43,42,1,0.5058823529411764,-0.03208344664360841,86,-0.04545454545454545,86,-0.03208344664360841,-0.20611152610831174,0.12744605138410237,66,0.2370029195610575,0.5232558139534884,True,5,200,-0.15598112,-0.04252395,0.025,0.029850746268656716,True,False,0.1461734693877551,False
extension,T-24h,total,0.5,best_book,total_terc,low,88,37,49,2,0.43023255813953487,-0.17259227415012857,88,-0.21900826446280994,88,-0.17259227415012857,-0.3457062924538766,-0.0005637643827000145,63,0.253827848288074,0.48863636363636365,True,133,200,-0.14881991,-0.064058796,0.665,0.6666666666666666,True,False,0.8477085650723026,False
extension,T-24h,total,0.5,best_book,total_terc,mid,88,47,41,0,0.5340909090909091,0.021786091189365676,88,0.019628099173553713,88,0.021786091189365676,-0.14632876279194115,0.19010308762684355,66,0.20626701265905822,0.5340909090909091,True,65,200,-0.022732776,0.13245164,0.325,0.3283582089552239,True,False,0.6312711864406779,False
extension,T-24h,total,0.5,best_book,total_terc,high,88,44,44,0,0.5,-0.03893204333052572,88,-0.06714876033057848,88,-0.03893204333052572,-0.2128158989567355,0.13036545207811828,62,0.4542775564082378,0.5568181818181818,True,7,200,-0.14300665,-0.049892344,0.035,0.03980099502487562,True,False,0.18067567567567572,False
extension,T-24h,total,0.5,best_book,side,over,116,54,60,2,0.47368421052631576,-0.09281989986200599,116,-0.12774294670846392,116,-0.09281989986200599,-0.22888786925023955,0.04440954649588587,79,0.6700177576255155,0.6206896551724138,True,59,200,-0.114925124,-0.05009852,0.295,0.29850746268656714,True,False,0.6004795737122558,False
extension,T-24h,total,0.5,best_book,side,under,148,74,74,0,0.5,-0.04006659141649122,148,-0.058353808353808344,148,-0.04006659141649122,-0.1627685972409456,0.08102315162088865,83,0.018531843531842992,0.4527027027027027,True,17,200,-0.095821895,-0.03316113,0.085,0.08955223880597014,True,False,0.31121405750798725,False
extension,T-24h,total,0.5,best_book,rest_sign,home_more,81,53,28,0,0.654320987654321,0.2517417373550812,81,0.20202020202020202,81,0.2517417373550812,0.09200498796936642,0.4208486118339816,64,0.40300291272513417,0.5555555555555556,True,0,200,0.0412603,0.15613972,0.0,0.004975124378109453,True,False,0.0,True
extension,T-24h,total,0.5,best_book,rest_sign,equal,119,51,66,2,0.4358974358974359,-0.15995607927688948,119,-0.18181818181818177,119,-0.15995607927688948,-0.2995895335847688,-0.02347009417401834,81,0.18198688566335458,0.5126050420168067,True,126,200,-0.13369903,-0.018286262,0.63,0.6318407960199005,True,False,0.8308170310701957,False
extension,T-24h,total,0.5,best_book,rest_sign,away_more,64,24,40,0,0.375,-0.28208236258508,64,-0.28409090909090906,64,-0.28208236258508,-0.48988232480080307,-0.08362976231863525,49,0.4088296469155859,0.515625,True,139,200,-0.24327877,-0.13796765,0.695,0.6965174129353234,True,False,0.8607296137339056,False
extension,T-24h,total,0.5,best_book,phase,early,25,10,15,0,0.4,-0.22917851655715732,25,-0.23636363636363633,25,-0.22917851655715732,-0.4762779308233853,0.03864466170291408,14,1.0452431457431453,0.76,True,186,200,-0.027176782,0.19941738,0.93,0.9303482587064676,False,True,,False
extension,T-24h,total,0.5,best_book,phase,mid,163,78,85,0,0.4785276073619632,-0.08198079494011341,163,-0.08644729503625209,163,-0.08198079494011341,-0.1933006510533018,0.034327226725606445,69,0.33613324303508324,0.5214723926380368,True,47,200,-0.11969161,-0.035473116,0.235,0.23880597014925373,True,False,0.5371874999999999,False
extension,T-24h,total,0.5,best_book,phase,late,76,40,34,2,0.5405405405405406,0.03151800757281612,76,-0.04545454545454545,76,0.03151800757281612,-0.14887408155230186,0.2192654126875775,39,-0.006000322776639983,0.4605263157894737,True,5,200,-0.10097971,0.010017185,0.025,0.029850746268656716,True,False,0.1461734693877551,False
extension,T-24h,total,0.5,best_book,weekend,weekend,77,40,36,1,0.5263157894736842,0.005813225004502192,77,-0.00826446280991735,77,0.005813225004502192,-0.1600604121619304,0.16931334431523407,34,0.5836430164352228,0.5974025974025974,True,33,200,-0.06196578,0.065969065,0.165,0.1691542288557214,True,False,0.46232273838630805,False
extension,T-24h,total,0.5,best_book,weekend,weekday,187,88,98,1,0.4731182795698925,-0.09168225796246021,187,-0.12202236266407386,187,-0.09168225796246021,-0.19933033655513294,0.01793047835230653,83,0.1899693072821412,0.49732620320855614,True,50,200,-0.12399719,-0.045542352,0.25,0.2537313432835821,True,False,0.5467557251908397,False
extension,T-24h,total,1.0,consensus,none,all,237,116,121,0,0.48945147679324896,-0.06559263521288836,237,-0.06559263521288836,237,-0.03798977230286706,-0.16208233315455953,0.026744044725328146,115,0.37291944459665916,0.5443037974683544,True,6,200,-0.13977726,-0.07351917,0.03,0.03482587064676617,True,False,0.1621698113207547,False
extension,T-24h,total,1.0,consensus,line_terc,small,79,36,43,0,0.45569620253164556,-0.13003452243958574,79,-0.13003452243958574,79,-0.08821992711622213,-0.2966507177033493,0.045454545454545456,68,0.6941802747182487,0.6329113924050633,True,75,200,-0.14909193,-0.0246805,0.375,0.3781094527363184,True,False,0.6673136645962733,False
extension,T-24h,total,1.0,consensus,line_terc,mid,79,42,37,0,0.5316455696202531,0.014959723820483328,79,0.014959723820483328,79,0.04225024342464541,-0.1647727272727273,0.1903864067621183,62,0.11924078031673045,0.46835443037974683,True,13,200,-0.08495788,0.015473888,0.065,0.06965174129353234,True,False,0.2613684210526316,False
extension,T-24h,total,1.0,consensus,line_terc,large,79,38,41,0,0.4810126582278481,-0.08170310701956271,79,-0.08170310701956271,79,-0.06799963321702451,-0.2508630609896432,0.09425055432372502,62,0.30533727875499833,0.5316455696202531,True,16,200,-0.18633687,-0.075791456,0.08,0.0845771144278607,True,False,0.3005901639344262,False
extension,T-24h,total,1.0,consensus,total_terc,low,79,33,46,0,0.4177215189873418,-0.20253164556962025,79,-0.20253164556962025,79,-0.15192370808941935,-0.37957644628099174,-0.0342110688744282,59,0.24530819040312601,0.5063291139240507,True,102,200,-0.19946812,-0.11696381,0.51,0.5124378109452736,True,False,0.7512339331619537,False
extension,T-24h,total,1.0,consensus,total_terc,mid,78,43,35,0,0.5512820512820513,0.05244755244755247,78,0.05244755244755247,78,0.054450543008083496,-0.13003452243958574,0.23832923832923827,60,0.42572820697820607,0.5897435897435898,True,34,200,-0.04703638,0.113725744,0.17,0.17412935323383086,True,False,0.464964200477327,False
extension,T-24h,total,1.0,consensus,total_terc,high,80,40,40,0,0.5,-0.04545454545454545,80,-0.04545454545454545,80,-0.015609318141823503,-0.21544209215442092,0.12159090909090906,58,0.4474470147907649,0.5375,True,1,200,-0.169837,-0.08565134,0.005,0.009950248756218905,True,False,0.054571428571428576,True
extension,T-24h,total,1.0,consensus,side,over,108,51,57,0,0.4722222222222222,-0.0984848484848485,108,-0.0984848484848485,108,-0.06128666885041246,-0.23636363636363636,0.04746580852775543,76,0.6721786315536309,0.6203703703703703,True,11,200,-0.16495189,-0.0963491,0.055,0.05970149253731343,True,False,0.24057251908396948,False
extension,T-24h,total,1.0,consensus,side,under,129,65,64,0,0.5038759689922481,-0.038054968287526435,129,-0.038054968287526435,129,-0.018485393797945338,-0.1706408345752608,0.09090909090909088,79,0.1223768694698921,0.4806201550387597,True,2,200,-0.116607055,-0.051948052,0.01,0.014925373134328358,True,False,0.0855223880597015,True
extension,T-24h,total,1.0,consensus,rest_sign,home_more,72,46,26,0,0.6388888888888888,0.21969696969696967,72,0.21969696969696967,72,0.2731054608713896,0.036363636363636355,0.39820742637644047,59,0.45230504449254383,0.5694444444444444,True,0,200,-0.021603502,0.09763999,0.0,0.004975124378109453,True,False,0.0,True
extension,T-24h,total,1.0,consensus,rest_sign,equal,109,47,62,0,0.43119266055045874,-0.17681401167639696,109,-0.17681401167639696,109,-0.15325511104572037,-0.31818181818181823,-0.03652506372132539,76,0.22542479182387276,0.5229357798165137,True,119,200,-0.1590326,-0.037433155,0.595,0.5970149253731343,True,False,0.8088612099644128,False
extension,T-24h,total,1.0,consensus,rest_sign,away_more,56,23,33,0,0.4107142857142857,-0.2159090909090909,56,-0.2159090909090909,56,-0.21361360918814337,-0.4404388714733542,0.010695187165775394,45,0.5579400510204096,0.5535714285714286,True,62,200,-0.25770518,-0.15119855,0.31,0.31343283582089554,True,False,0.6167708333333333,False
extension,T-24h,total,1.0,consensus,phase,early,24,10,14,0,0.4166666666666667,-0.2045454545454545,24,-0.2045454545454545,24,-0.19706095474703889,-0.46545454545454545,0.07905138339920947,14,1.030353385040885,0.75,True,182,200,-0.03420874,0.2020202,0.91,0.9104477611940298,False,True,,False
extension,T-24h,total,1.0,consensus,phase,mid,140,71,69,0,0.5071428571428571,-0.03181818181818181,140,-0.03181818181818181,140,-0.02772917078562,-0.15480816893030638,0.08907870652837094,68,0.42605236033807453,0.55,True,4,200,-0.13678215,-0.045454547,0.02,0.024875621890547265,True,False,0.12949152542372883,False
extension,T-24h,total,1.0,consensus,phase,late,73,35,38,0,0.4794520547945205,-0.08468244084682441,73,-0.08468244084682441,73,-0.005370263176215945,-0.2636363636363636,0.0909090909090909,38,0.05487803672735001,0.4657534246575342,True,23,200,-0.17965564,-0.05587774,0.115,0.11940298507462686,True,False,0.3660833333333333,False
extension,T-24h,total,1.0,consensus,weekend,weekend,75,38,37,0,0.5066666666666667,-0.03272727272727272,75,-0.03272727272727272,75,-0.018498646795602217,-0.20464876033057858,0.13213530655391115,34,0.5931462241462229,0.6,True,45,200,-0.08720371,0.039235275,0.225,0.22885572139303484,True,False,0.5294661190965093,False
extension,T-24h,total,1.0,consensus,weekend,weekday,162,78,84,0,0.48148148148148145,-0.0808080808080808,162,-0.0808080808080808,162,-0.0470134415191934,-0.19617224880382772,0.040209790209790215,81,0.2709626022126019,0.5185185185185185,True,10,200,-0.16315591,-0.08536741,0.05,0.05472636815920398,True,False,0.22920000000000001,False
extension,T-24h,total,1.0,best_book,none,all,237,118,117,2,0.502127659574468,-0.03798977230286706,237,-0.06559263521288836,237,-0.03798977230286706,-0.13409281473563303,0.056116075766503945,115,0.37291944459665916,0.5443037974683544,True,7,200,-0.10850378,-0.044636734,0.035,0.03980099502487562,True,False,0.18067567567567572,False
extension,T-24h,total,1.0,best_book,line_terc,small,79,37,41,1,0.47435897435897434,-0.08821992711622213,79,-0.13003452243958574,79,-0.08821992711622213,-0.2596127322206042,0.09183370503475997,68,0.6941802747182487,0.6329113924050633,True,65,200,-0.11714837,-0.0039844043,0.325,0.3283582089552239,True,False,0.6312711864406779,False
extension,T-24h,total,1.0,best_book,line_terc,mid,79,43,36,0,0.5443037974683544,0.04225024342464541,79,0.014959723820483328,79,0.04225024342464541,-0.13579663489604568,0.21792351058125756,62,0.11924078031673045,0.46835443037974683,True,15,200,-0.046639856,0.04762547,0.075,0.07960199004975124,True,False,0.2893939393939394,False
extension,T-24h,total,1.0,best_book,line_terc,large,79,38,40,1,0.48717948717948717,-0.06799963321702451,79,-0.08170310701956271,79,-0.06799963321702451,-0.2420270020173443,0.10662518921243179,62,0.30533727875499833,0.5316455696202531,True,20,200,-0.16294399,-0.044933695,0.1,0.1044776119402985,True,False,0.3410714285714286,False
extension,T-24h,total,1.0,best_book,total_terc,low,79,34,43,2,0.44155844155844154,-0.15192370808941935,79,-0.20253164556962025,79,-0.15192370808941935,-0.3375962657708308,0.023229952247656716,59,0.24530819040312601,0.5063291139240507,True,101,200,-0.15302381,-0.05468318,0.505,0.5074626865671642,True,False,0.7477131782945736,False
extension,T-24h,total,1.0,best_book,total_terc,mid,78,43,35,0,0.5512820512820513,0.054450543008083496,78,0.05244755244755247,78,0.054450543008083496,-0.13009004434036825,0.23940422869541203,60,0.42572820697820607,0.5897435897435898,True,43,200,-0.02329358,0.13527416,0.215,0.21890547263681592,True,False,0.5231210191082802,False
extension,T-24h,total,1.0,best_book,total_terc,high,80,41,39,0,0.5125,-0.015609318141823503,80,-0.04545454545454545,80,-0.015609318141823503,-0.1935108834464414,0.15474132103134866,58,0.4474470147907649,0.5375,True,1,200,-0.14634767,-0.059913967,0.005,0.009950248756218905,True,False,0.054571428571428576,True
extension,T-24h,total,1.0,best_book,side,over,108,52,54,2,0.49056603773584906,-0.06128666885041246,108,-0.0984848484848485,108,-0.06128666885041246,-0.20792910194980924,0.08847857761290476,76,0.6721786315536309,0.6203703703703703,True,19,200,-0.11833749,-0.043989763,0.095,0.09950248756218906,True,False,0.33192073170731706,False
extension,T-24h,total,1.0,best_book,side,under,129,66,63,0,0.5116279069767442,-0.018485393797945338,129,-0.038054968287526435,129,-0.018485393797945338,-0.15172260317513236,0.1096071939526231,79,0.1223768694698921,0.4806201550387597,True,3,200,-0.09956798,-0.033573367,0.015,0.01990049751243781,True,False,0.10677018633540371,False
extension,T-24h,total,1.0,best_book,rest_sign,home_more,72,48,24,0,0.6666666666666666,0.2731054608713896,72,0.21969696969696967,72,0.2731054608713896,0.08320848153498088,0.45045944316711545,59,0.45230504449254383,0.5694444444444444,True,0,200,0.043805495,0.15343066,0.0,0.004975124378109453,True,False,0.0,True
extension,T-24h,total,1.0,best_book,rest_sign,equal,109,47,60,2,0.4392523364485981,-0.15325511104572037,109,-0.17681401167639696,109,-0.15325511104572037,-0.29654231120632596,-0.013895195252385214,76,0.22542479182387276,0.5229357798165137,True,117,200,-0.13856867,-0.016297191,0.585,0.5870646766169154,True,False,0.804813925570228,False
extension,T-24h,total,1.0,best_book,rest_sign,away_more,56,23,33,0,0.4107142857142857,-0.21361360918814337,56,-0.2159090909090909,56,-0.21361360918814337,-0.4389859447135956,0.01430094210358491,45,0.5579400510204096,0.5535714285714286,True,65,200,-0.2513106,-0.14345169,0.325,0.3283582089552239,True,False,0.6312711864406779,False
extension,T-24h,total,1.0,best_book,phase,early,24,10,14,0,0.4166666666666667,-0.19706095474703889,24,-0.2045454545454545,24,-0.19706095474703889,-0.4614478114478115,0.08640755379885813,14,1.030353385040885,0.75,True,182,200,-0.025845928,0.21018341,0.91,0.9104477611940298,False,True,,False
extension,T-24h,total,1.0,best_book,phase,mid,140,71,69,0,0.5071428571428571,-0.02772917078562,140,-0.03181818181818181,140,-0.02772917078562,-0.15224698112885104,0.09307244202339969,68,0.42605236033807453,0.55,True,8,200,-0.12307497,-0.03036538,0.04,0.04477611940298507,True,False,0.19341772151898737,False
extension,T-24h,total,1.0,best_book,phase,late,73,37,34,2,0.5211267605633803,-0.005370263176215945,73,-0.08468244084682441,73,-0.005370263176215945,-0.19206908870280484,0.18263250197523126,38,0.05487803672735001,0.4657534246575342,True,17,200,-0.10643548,0.015290034,0.085,0.08955223880597014,True,False,0.31121405750798725,False
extension,T-24h,total,1.0,best_book,weekend,weekend,75,38,36,1,0.5135135135135135,-0.018498646795602217,75,-0.03272727272727272,75,-0.018498646795602217,-0.1891167423796435,0.14298989280195168,34,0.5931462241462229,0.6,True,48,200,-0.06603675,0.058230814,0.24,0.24378109452736318,True,False,0.5371874999999999,False
extension,T-24h,total,1.0,best_book,weekend,weekday,162,80,81,1,0.4968944099378882,-0.0470134415191934,162,-0.0808080808080808,162,-0.0470134415191934,-0.1661777990143222,0.07587560918215798,81,0.2709626022126019,0.5185185185185185,True,10,200,-0.12741789,-0.050395906,0.05,0.05472636815920398,True,False,0.22920000000000001,False
extension,T-24h,total,1.5,consensus,none,all,208,99,109,0,0.47596153846153844,-0.09134615384615383,208,-0.09134615384615383,208,-0.06014652183980772,-0.19267299864314788,0.010695187165775394,109,0.38408310439560356,0.5576923076923077,True,16,200,-0.14203987,-0.08351127,0.08,0.0845771144278607,True,False,0.3005901639344262,False
extension,T-24h,total,1.5,consensus,line_terc,small,72,32,40,0,0.4444444444444444,-0.15151515151515152,72,-0.15151515151515152,72,-0.10594872084882234,-0.3462017434620174,0.03636363636363635,63,0.8844779641654633,0.6805555555555556,True,100,200,-0.14857084,-0.033725493,0.5,0.5024875621890548,True,False,0.7477131782945736,False
extension,T-24h,total,1.5,consensus,line_terc,mid,68,37,31,0,0.5441176470588235,0.03877005347593582,68,0.03877005347593582,68,0.06998006840327074,-0.15454545454545454,0.22312266791044763,57,0.07104421313980262,0.47058823529411764,True,4,200,-0.086309604,0.0110695185,0.02,0.024875621890547265,True,False,0.12949152542372883,False
extension,T-24h,total,1.5,consensus,line_terc,large,68,30,38,0,0.4411764705882353,-0.15775401069518716,68,-0.15775401069518716,68,-0.14177666607334125,-0.34468113975576664,0.03409090909090908,53,0.16729214413037644,0.5147058823529411,True,67,200,-0.19295616,-0.07763024,0.335,0.3383084577114428,True,False,0.6430653266331658,False
extension,T-24h,total,1.5,consensus,total_terc,low,72,29,43,0,0.4027777777777778,-0.23106060606060608,72,-0.23106060606060608,72,-0.17501085469267674,-0.41053578774167016,-0.05783554765142798,55,0.32223449775533,0.5416666666666666,True,129,200,-0.20332445,-0.11861888,0.645,0.6467661691542289,True,False,0.8399659090909092,False
extension,T-24h,total,1.5,consensus,total_terc,mid,65,36,29,0,0.5538461538461539,0.057342657342657345,65,0.057342657342657345,65,0.059806015305833085,-0.16115702479338845,0.2727272727272727,51,0.47900516150515954,0.6307692307692307,True,30,200,-0.04264826,0.11799348,0.15,0.15422885572139303,True,False,0.4385204081632653,False
extension,T-24h,total,1.5,consensus,total_terc,high,71,34,37,0,0.4788732394366197,-0.08578745198463507,71,-0.08578745198463507,71,-0.05348008450262575,-0.2658348500814255,0.10411310313022415,53,0.35990234335304794,0.5070422535211268,True,11,200,-0.17367226,-0.07829757,0.055,0.05970149253731343,True,False,0.24057251908396948,False
extension,T-24h,total,1.5,consensus,side,over,92,40,52,0,0.43478260869565216,-0.16996047430830039,92,-0.16996047430830039,92,-0.12602560012216873,-0.3095615067100042,-0.015869032862714336,66,0.6110662133759948,0.6304347826086957,True,113,200,-0.16446298,-0.09202436,0.565,0.5671641791044776,True,False,0.7974014778325121,False
extension,T-24h,total,1.5,consensus,side,under,116,59,57,0,0.5086206896551724,-0.028996865203761754,116,-0.028996865203761754,116,-0.00789759768483174,-0.17328928785621703,0.10526315789473684,72,0.20406201796287948,0.5,True,1,200,-0.121449225,-0.05896682,0.005,0.009950248756218905,True,False,0.054571428571428576,True
extension,T-24h,total,1.5,consensus,rest_sign,home_more,63,41,22,0,0.6507936507936508,0.2424242424242425,63,0.2424242424242425,63,0.3029280730732614,0.04984604105571838,0.42424242424242425,53,0.3721529352481719,0.5714285714285714,True,0,200,-0.018335003,0.09786765,0.0,0.004975124378109453,True,False,0.0,True
extension,T-24h,total,1.5,consensus,rest_sign,equal,92,38,54,0,0.41304347826086957,-0.21146245059288535,92,-0.21146245059288535,92,-0.1841615798048017,-0.35693779904306216,-0.05642633228840126,68,0.29513908494886587,0.5434782608695652,True,153,200,-0.16293103,-0.054046445,0.765,0.7661691542288557,True,False,0.8964110429447854,False
extension,T-24h,total,1.5,consensus,rest_sign,away_more,53,20,33,0,0.37735849056603776,-0.27958833619210977,53,-0.27958833619210977,53,-0.27645433592931545,-0.505050505050505,-0.06280991735537189,43,0.5526576411010385,0.5660377358490566,True,119,200,-0.2634275,-0.15465552,0.595,0.5970149253731343,True,False,0.8088612099644128,False
extension,T-24h,total,1.5,consensus,phase,early,22,10,12,0,0.45454545454545453,-0.1322314049586777,22,-0.1322314049586777,22,-0.12406649608767877,-0.3971291866028708,0.12809917355371903,14,0.9360053456644369,0.7272727272727273,True,156,200,-0.031678244,0.19318181,0.78,0.7810945273631841,False,True,,False
extension,T-24h,total,1.5,consensus,phase,mid,120,60,60,0,0.5,-0.04545454545454544,120,-0.04545454545454544,120,-0.0412929915255156,-0.1818181818181818,0.08620689655172412,62,0.43161120129870106,0.5666666666666667,True,6,200,-0.13967964,-0.057239056,0.03,0.03482587064676617,True,False,0.1621698113207547,False
extension,T-24h,total,1.5,consensus,phase,late,66,29,37,0,0.4393939393939394,-0.16115702479338845,66,-0.16115702479338845,66,-0.07311900978316964,-0.34055571387859795,0.02797202797202796,37,0.11369430233066359,0.48484848484848486,True,75,200,-0.18200569,-0.057508282,0.375,0.3781094527363184,True,False,0.6673136645962733,False
extension,T-24h,total,1.5,consensus,weekend,weekend,65,31,34,0,0.47692307692307695,-0.08951048951048948,65,-0.08951048951048948,65,-0.07245530510563832,-0.28063241106719367,0.08276797829036633,32,0.567997002997001,0.6153846153846154,True,96,200,-0.08662594,0.037141457,0.48,0.48258706467661694,True,False,0.7344192256341788,False
extension,T-24h,total,1.5,consensus,weekend,weekday,143,68,75,0,0.4755244755244755,-0.09218054672600129,143,-0.09218054672600129,143,-0.05455162035533927,-0.21470019342359767,0.02975967812092213,77,0.3004858777586047,0.5314685314685315,True,12,200,-0.16663027,-0.086747855,0.06,0.06467661691542288,True,False,0.25094890510948903,False
extension,T-24h,total,1.5,best_book,none,all,208,101,105,2,0.49029126213592233,-0.06014652183980772,208,-0.09134615384615383,208,-0.06014652183980772,-0.16314437389789357,0.04439291785628151,109,0.38408310439560356,0.5576923076923077,True,15,200,-0.11071665,-0.05101401,0.075,0.07960199004975124,True,False,0.2893939393939394,False
extension,T-24h,total,1.5,best_book,line_terc,small,72,33,38,1,0.4647887323943662,-0.10594872084882234,72,-0.15151515151515152,72,-0.10594872084882234,-0.3048708601004567,0.09104337317766273,63,0.8844779641654633,0.6805555555555556,True,88,200,-0.1164075,-0.007625299,0.44,0.4427860696517413,True,False,0.7111988716502116,False
extension,T-24h,total,1.5,best_book,line_terc,mid,68,38,30,0,0.5588235294117647,0.06998006840327074,68,0.03877005347593582,68,0.06998006840327074,-0.12657733520913805,0.255572625211834,57,0.07104421313980262,0.47058823529411764,True,4,200,-0.048332915,0.049023174,0.02,0.024875621890547265,True,False,0.12949152542372883,False
extension,T-24h,total,1.5,best_book,line_terc,large,68,30,37,1,0.44776119402985076,-0.14177666607334125,68,-0.15775401069518716,68,-0.14177666607334125,-0.3331541381689603,0.044351265835126184,53,0.16729214413037644,0.5147058823529411,True,77,200,-0.16940296,-0.05428356,0.385,0.3880597014925373,True,False,0.6736030534351145,False
extension,T-24h,total,1.5,best_book,total_terc,low,72,30,40,2,0.42857142857142855,-0.17501085469267674,72,-0.23106060606060608,72,-0.17501085469267674,-0.3696331123131563,0.01376462384266575,55,0.32223449775533,0.5416666666666666,True,118,200,-0.15769085,-0.06600493,0.59,0.5920398009950248,True,False,0.80877990430622,False
extension,T-24h,total,1.5,best_book,total_terc,mid,65,36,29,0,0.5538461538461539,0.059806015305833085,65,0.057342657342657345,65,0.059806015305833085,-0.16150677240170663,0.27547085061283916,51,0.47900516150515954,0.6307692307692307,True,41,200,-0.018032778,0.14066336,0.205,0.208955223880597,True,False,0.5096095444685466,False
extension,T-24h,total,1.5,best_book,total_terc,high,71,35,36,0,0.49295774647887325,-0.05348008450262575,71,-0.08578745198463507,71,-0.05348008450262575,-0.230451596070845,0.13427500083705346,53,0.35990234335304794,0.5070422535211268,True,9,200,-0.15008251,-0.05891008,0.045,0.04975124378109453,True,False,0.21398340248962655,False
extension,T-24h,total,1.5,best_book,side,over,92,41,49,2,0.45555555555555555,-0.12602560012216873,92,-0.16996047430830039,92,-0.12602560012216873,-0.2744567599868661,0.039714222732768256,66,0.6110662133759948,0.6304347826086957,True,113,200,-0.11809966,-0.051793452,0.565,0.5671641791044776,True,False,0.7974014778325121,False
extension,T-24h,total,1.5,best_book,side,under,116,60,56,0,0.5172413793103449,-0.00789759768483174,116,-0.028996865203761754,116,-0.00789759768483174,-0.15169113597904405,0.12982839247840658,72,0.20406201796287948,0.5,True,0,200,-0.10402608,-0.04085661,0.0,0.004975124378109453,True,False,0.0,True
extension,T-24h,total,1.5,best_book,rest_sign,home_more,63,43,20,0,0.6825396825396826,0.3029280730732614,63,0.2424242424242425,63,0.3029280730732614,0.1092450313756226,0.4852534148736625,53,0.3721529352481719,0.5714285714285714,True,0,200,0.047267623,0.15603678,0.0,0.004975124378109453,True,False,0.0,True
extension,T-24h,total,1.5,best_book,rest_sign,equal,92,38,52,2,0.4222222222222222,-0.1841615798048017,92,-0.21146245059288535,92,-0.1841615798048017,-0.33147469945264396,-0.02876605946178326,68,0.29513908494886587,0.5434782608695652,True,145,200,-0.14244205,-0.031000877,0.725,0.7263681592039801,True,False,0.878276955602537,False
extension,T-24h,total,1.5,best_book,rest_sign,away_more,53,20,33,0,0.37735849056603776,-0.27645433592931545,53,-0.27958833619210977,53,-0.27645433592931545,-0.5025464690694575,-0.05637059049561848,43,0.5526576411010385,0.5660377358490566,True,120,200,-0.25693187,-0.14782277,0.6,0.6019900497512438,True,False,0.8098939929328622,False
extension,T-24h,total,1.5,best_book,phase,early,22,10,12,0,0.45454545454545453,-0.12406649608767877,22,-0.1322314049586777,22,-0.12406649608767877,-0.3944710260499734,0.13935062600111145,14,0.9360053456644369,0.7272727272727273,True,156,200,-0.023300914,0.20284913,0.78,0.7810945273631841,False,True,,False
extension,T-24h,total,1.5,best_book,phase,mid,120,60,60,0,0.5,-0.0412929915255156,120,-0.04545454545454544,120,-0.0412929915255156,-0.17716033445900564,0.08986247906625786,62,0.43161120129870106,0.5666666666666667,True,11,200,-0.12635352,-0.04068852,0.055,0.05970149253731343,True,False,0.24057251908396948,False
extension,T-24h,total,1.5,best_book,phase,late,66,31,33,2,0.484375,-0.07311900978316964,66,-0.16115702479338845,66,-0.07311900978316964,-0.2788651669038356,0.13252594690103534,37,0.11369430233066359,0.48484848484848486,True,62,200,-0.10767354,0.00416595,0.31,0.31343283582089554,True,False,0.6167708333333333,False
extension,T-24h,total,1.5,best_book,weekend,weekend,65,31,33,1,0.484375,-0.07245530510563832,65,-0.08951048951048948,65,-0.07245530510563832,-0.258127344230566,0.10069826048664869,32,0.567997002997001,0.6153846153846154,True,104,200,-0.06551936,0.053767547,0.52,0.5223880597014925,True,False,0.7581679389312979,False
extension,T-24h,total,1.5,best_book,weekend,weekday,143,70,72,1,0.49295774647887325,-0.05455162035533927,143,-0.09218054672600129,143,-0.05455162035533927,-0.17974015505323718,0.07572743161892263,77,0.3004858777586047,0.5314685314685315,True,12,200,-0.13079223,-0.052000627,0.06,0.06467661691542288,True,False,0.25094890510948903,False
extension,T-24h,total,2.0,consensus,none,all,171,75,96,0,0.43859649122807015,-0.16267942583732056,171,-0.16267942583732056,171,-0.12492045185664978,-0.27068437180796734,-0.05153062896723514,100,0.4258053593579904,0.5730994152046783,True,129,200,-0.14809695,-0.09047478,0.645,0.6467661691542289,True,False,0.8399659090909092,False
extension,T-24h,total,2.0,consensus,line_terc,small,62,26,36,0,0.41935483870967744,-0.19941348973607043,62,-0.19941348973607043,62,-0.14625468461065988,-0.3940151515151516,0.0030816640986132487,54,0.8930587557603681,0.6935483870967742,True,146,200,-0.15357286,-0.033670034,0.73,0.7313432835820896,True,False,0.8796845425867507,False
extension,T-24h,total,2.0,consensus,line_terc,mid,54,27,27,0,0.5,-0.04545454545454545,54,-0.04545454545454545,54,-0.005601943117599936,-0.26573426573426573,0.17482517482517473,47,0.0028860028860051485,0.46296296296296297,True,49,200,-0.090221606,0.010695187,0.245,0.24875621890547264,True,False,0.5409826589595376,False
extension,T-24h,total,2.0,consensus,line_terc,large,55,22,33,0,0.4,-0.23636363636363636,55,-0.23636363636363636,55,-0.21802003442319648,-0.42385077186963993,-0.028099173553719006,43,0.3143132624950774,0.5454545454545454,True,133,200,-0.20301184,-0.087570004,0.665,0.6666666666666666,True,False,0.8477085650723026,False
extension,T-24h,total,2.0,consensus,total_terc,low,60,20,40,0,0.3333333333333333,-0.3636363636363636,60,-0.3636363636363636,60,-0.2974014021500234,-0.5487603305785124,-0.17762237762237765,48,0.3538606301106294,0.5333333333333333,True,200,200,-0.21222094,-0.12595838,1.0,1.0,True,False,1.0,False
extension,T-24h,total,2.0,consensus,total_terc,mid,48,26,22,0,0.5416666666666666,0.03409090909090908,48,0.03409090909090908,48,0.03771176035115656,-0.22077922077922077,0.28656126482213434,43,0.34820564273689075,0.6458333333333334,True,45,200,-0.044579852,0.12587413,0.225,0.22885572139303484,True,False,0.5294661190965093,False
extension,T-24h,total,2.0,consensus,total_terc,high,63,29,34,0,0.4603174603174603,-0.12121212121212123,63,-0.12121212121212123,63,-0.08456313706890832,-0.3083242469674254,0.07771260997067447,48,0.5534477427334578,0.5555555555555556,True,30,200,-0.17737265,-0.07645959,0.15,0.15422885572139303,True,False,0.4385204081632653,False
extension,T-24h,total,2.0,consensus,side,over,72,28,44,0,0.3888888888888889,-0.25757575757575757,72,-0.25757575757575757,72,-0.20192574054024579,-0.4246575342465753,-0.08468244084682441,57,0.5702631473464793,0.625,True,192,200,-0.16898893,-0.09236155,0.96,0.9601990049751243,True,False,1.0,False
extension,T-24h,total,2.0,consensus,side,under,99,47,52,0,0.47474747474747475,-0.09366391184573002,99,-0.09366391184573002,99,-0.06891660554130724,-0.24394408190819084,0.05609284332688587,65,0.3207451499118166,0.5353535353535354,True,41,200,-0.12903333,-0.06034672,0.205,0.208955223880597,True,False,0.5096095444685466,False
extension,T-24h,total,2.0,consensus,rest_sign,home_more,51,32,19,0,0.6274509803921569,0.19786096256684488,51,0.19786096256684488,51,0.27502138699774903,-0.010101010101010095,0.4025974025974027,45,0.3545829442888256,0.5686274509803921,True,0,200,-0.017475449,0.10546683,0.0,0.004975124378109453,True,False,0.0,True
extension,T-24h,total,2.0,consensus,rest_sign,equal,73,27,46,0,0.3698630136986301,-0.2938978829389788,73,-0.2938978829389788,73,-0.2614001307797253,-0.472488038277512,-0.11267605633802817,58,0.38288363082883486,0.589041095890411,True,194,200,-0.16898389,-0.054211844,0.97,0.9701492537313433,True,False,1.0,False
extension,T-24h,total,2.0,consensus,rest_sign,away_more,47,16,31,0,0.3404255319148936,-0.3500967117988395,47,-0.3500967117988395,47,-0.34692081824366744,-0.5714285714285714,-0.10909090909090907,39,0.5697549200208789,0.5531914893617021,True,172,200,-0.27591288,-0.16477273,0.86,0.8606965174129353,True,False,0.9494797687861272,False
extension,T-24h,total,2.0,consensus,phase,early,18,9,9,0,0.5,-0.04545454545454547,18,-0.04545454545454547,18,-0.03890759446315002,-0.3318181818181818,0.2727272727272727,13,0.9029852092352084,0.7777777777777778,True,97,200,-0.03293194,0.21522313,0.485,0.48756218905472637,False,True,,False
extension,T-24h,total,2.0,consensus,phase,mid,98,44,54,0,0.4489795918367347,-0.14285714285714285,98,-0.14285714285714285,98,-0.13728707439172025,-0.27923915706934577,-0.003906455862977634,54,0.567027232971111,0.6020408163265306,True,95,200,-0.14664763,-0.06392962,0.475,0.47761194029850745,True,False,0.7306711409395974,False
extension,T-24h,total,2.0,consensus,phase,late,55,22,33,0,0.4,-0.2363636363636364,55,-0.2363636363636364,55,-0.13103504139566965,-0.43062200956937796,-0.026737967914438505,36,0.01800570641479505,0.45454545454545453,True,154,200,-0.18775693,-0.0581496,0.77,0.7711442786069652,True,False,0.8995107033639145,False
extension,T-24h,total,2.0,consensus,weekend,weekend,52,23,29,0,0.4423076923076923,-0.15559440559440557,52,-0.15559440559440557,52,-0.13472102649548146,-0.35090909090909084,0.04459691252144082,29,0.5685092685092664,0.6153846153846154,True,156,200,-0.09107213,0.036183804,0.78,0.7810945273631841,True,False,0.9065720081135903,False
extension,T-24h,total,2.0,consensus,weekend,weekday,119,52,67,0,0.4369747899159664,-0.16577540106951869,119,-0.16577540106951869,119,-0.12063784781279055,-0.2860310421286031,-0.037565740045078885,71,0.3634473486364244,0.5546218487394958,True,93,200,-0.17359075,-0.094958216,0.465,0.46766169154228854,True,False,0.7250204081632653,False
extension,T-24h,total,2.0,best_book,none,all,171,77,92,2,0.4556213017751479,-0.12492045185664978,171,-0.16267942583732056,171,-0.12492045185664978,-0.23640404342601715,-0.009531935111384735,100,0.4258053593579904,0.5730994152046783,True,119,200,-0.11673995,-0.059946973,0.595,0.5970149253731343,True,False,0.8088612099644128,False
extension,T-24h,total,2.0,best_book,line_terc,small,62,27,34,1,0.4426229508196721,-0.14625468461065988,62,-0.19941348973607043,62,-0.14625468461065988,-0.3474935834945019,0.06763423321959394,54,0.8930587557603681,0.6935483870967742,True,123,200,-0.12082254,0.001938204,0.615,0.6169154228855721,True,False,0.8176218097447795,False
extension,T-24h,total,2.0,best_book,line_terc,mid,54,28,26,0,0.5185185185185185,-0.005601943117599936,54,-0.04545454545454545,54,-0.005601943117599936,-0.22470532213908898,0.21256126926403102,47,0.0028860028860051485,0.46296296296296297,True,48,200,-0.051699292,0.04450339,0.24,0.24378109452736318,True,False,0.5371874999999999,False
extension,T-24h,total,2.0,best_book,line_terc,large,55,22,32,1,0.4074074074074074,-0.21802003442319648,55,-0.23636363636363636,55,-0.21802003442319648,-0.41112727287403106,-0.010759693640311532,43,0.3143132624950774,0.5454545454545454,True,135,200,-0.18059348,-0.06538817,0.675,0.6766169154228856,True,False,0.8491218441273327,False
extension,T-24h,total,2.0,best_book,total_terc,low,60,21,37,2,0.3620689655172414,-0.2974014021500234,60,-0.3636363636363636,60,-0.2974014021500234,-0.5045968639394797,-0.10142049021348915,48,0.3538606301106294,0.5333333333333333,True,199,200,-0.16667877,-0.07572158,0.995,0.9950248756218906,True,False,1.0,False
extension,T-24h,total,2.0,best_book,total_terc,mid,48,26,22,0,0.5416666666666666,0.03771176035115656,48,0.03409090909090908,48,0.03771176035115656,-0.21871820330891045,0.2932430802074636,43,0.34820564273689075,0.6458333333333334,True,55,200,-0.020346321,0.1446827,0.275,0.27860696517412936,True,False,0.5825323475046211,False
extension,T-24h,total,2.0,best_book,total_terc,high,63,30,33,0,0.47619047619047616,-0.08456313706890832,63,-0.12121212121212123,63,-0.08456313706890832,-0.27808210907374364,0.11223085783094922,48,0.5534477427334578,0.5555555555555556,True,23,200,-0.15334588,-0.059579603,0.115,0.11940298507462686,True,False,0.3660833333333333,False
extension,T-24h,total,2.0,best_book,side,over,72,29,41,2,0.4142857142857143,-0.20192574054024579,72,-0.25757575757575757,72,-0.20192574054024579,-0.3803549723177698,-0.017522660324695315,57,0.5702631473464793,0.625,True,192,200,-0.12308043,-0.04479713,0.96,0.9601990049751243,True,False,1.0,False
extension,T-24h,total,2.0,best_book,side,under,99,48,51,0,0.48484848484848486,-0.06891660554130724,99,-0.09366391184573002,99,-0.06891660554130724,-0.21892626886373887,0.08247484116463061,65,0.3207451499118166,0.5353535353535354,True,35,200,-0.11106396,-0.039706957,0.175,0.1791044776119403,True,False,0.46748251748251746,False
extension,T-24h,total,2.0,best_book,rest_sign,home_more,51,34,17,0,0.6666666666666666,0.27502138699774903,51,0.19786096256684488,51,0.27502138699774903,0.06441959879216362,0.4861167623020187,45,0.3545829442888256,0.5686274509803921,True,0,200,0.048810903,0.17465004,0.0,0.004975124378109453,True,False,0.0,True
extension,T-24h,total,2.0,best_book,rest_sign,equal,73,27,44,2,0.38028169014084506,-0.2614001307797253,73,-0.2938978829389788,73,-0.2614001307797253,-0.44457947171299456,-0.07773681870253149,58,0.38288363082883486,0.589041095890411,True,193,200,-0.1484732,-0.038482115,0.965,0.9651741293532339,True,False,1.0,False
extension,T-24h,total,2.0,best_book,rest_sign,away_more,47,16,31,0,0.3404255319148936,-0.34692081824366744,47,-0.3500967117988395,47,-0.34692081824366744,-0.5691762023838333,-0.10428540639893302,39,0.5697549200208789,0.5531914893617021,True,175,200,-0.26951477,-0.15735531,0.875,0.8756218905472637,True,False,0.9577207977207978,False
extension,T-24h,total,2.0,best_book,phase,early,18,9,9,0,0.5,-0.03890759446315002,18,-0.04545454545454547,18,-0.03890759446315002,-0.32676767676767676,0.2817246539468761,13,0.9029852092352084,0.7777777777777778,True,115,200,-0.02451259,0.22516,0.575,0.5771144278606966,False,True,,False
extension,T-24h,total,2.0,best_book,phase,mid,98,44,54,0,0.4489795918367347,-0.13728707439172025,98,-0.14285714285714285,98,-0.13728707439172025,-0.2747798329314925,0.002163890166436996,54,0.567027232971111,0.6020408163265306,True,104,200,-0.13333851,-0.046494357,0.52,0.5223880597014925,True,False,0.7581679389312979,False
extension,T-24h,total,2.0,best_book,phase,late,55,24,29,2,0.4528301886792453,-0.13103504139566965,55,-0.2363636363636364,55,-0.13103504139566965,-0.34385089925859735,0.09401946481247031,36,0.01800570641479505,0.45454545454545453,True,122,200,-0.11310832,-3.816519e-05,0.61,0.6119402985074627,True,False,0.8119163763066202,False
extension,T-24h,total,2.0,best_book,weekend,weekend,52,23,28,1,0.45098039215686275,-0.13472102649548146,52,-0.15559440559440557,52,-0.13472102649548146,-0.32675010504955104,0.06235254757962863,29,0.5685092685092664,0.6153846153846154,True,157,200,-0.07118676,0.06217262,0.785,0.7860696517412935,True,False,0.9068649193548387,False
extension,T-24h,total,2.0,best_book,weekend,weekday,119,54,64,1,0.4576271186440678,-0.12063784781279055,119,-0.16577540106951869,119,-0.12063784781279055,-0.2454772700790106,0.012883527919266165,71,0.3634473486364244,0.5546218487394958,True,83,200,-0.1371533,-0.05805979,0.415,0.417910447761194,True,False,0.7006113537117904,False
extension,T-24h,total,3.0,consensus,none,all,124,55,69,0,0.4435483870967742,-0.15322580645161288,124,-0.15322580645161288,124,-0.10202832477971649,-0.28050769230769246,-0.021788129226145744,87,0.47888301214914075,0.6129032258064516,True,94,200,-0.15548629,-0.09169186,0.47,0.472636815920398,True,False,0.7268825910931174,False
extension,T-24h,total,3.0,consensus,line_terc,small,40,17,23,0,0.425,-0.18863636363636363,40,-0.18863636363636363,40,-0.10948484061801818,-0.41678194993412393,0.07095343680709534,35,0.9839727633477615,0.8,True,129,200,-0.16013211,-0.020300983,0.645,0.6467661691542289,True,False,0.8399659090909092,False
extension,T-24h,total,3.0,consensus,line_terc,mid,46,24,22,0,0.5217391304347826,-0.003952569169960473,46,-0.003952569169960473,46,0.042464941903083926,-0.24431818181818185,0.2431289640591966,41,-0.07941840767927466,0.43478260869565216,True,14,200,-0.09257827,0.008436425,0.07,0.07462686567164178,True,False,0.27662068965517245,False
extension,T-24h,total,3.0,consensus,line_terc,large,38,14,24,0,0.3684210526315789,-0.2966507177033493,38,-0.2966507177033493,38,-0.26909226251331514,-0.547846889952153,-0.04545454545454545,33,0.6230481506797271,0.631578947368421,True,173,200,-0.21828686,-0.08358678,0.865,0.8656716417910447,False,True,,False
extension,T-24h,total,3.0,consensus,total_terc,low,45,13,32,0,0.28888888888888886,-0.44848484848484843,45,-0.44848484848484843,45,-0.3618817904355076,-0.6450468136514649,-0.23636363636363641,38,0.42417107583774194,0.5777777777777777,True,200,200,-0.22028512,-0.1205377,1.0,1.0,True,False,1.0,False
extension,T-24h,total,3.0,consensus,total_terc,mid,30,19,11,0,0.6333333333333333,0.20909090909090908,30,0.20909090909090908,30,0.2169662160198258,-0.10511363636363635,0.5141065830721002,27,0.7904485329485321,0.8,True,2,200,-0.044139694,0.11931588,0.01,0.014925373134328358,False,True,,False
extension,T-24h,total,3.0,consensus,total_terc,high,49,23,26,0,0.46938775510204084,-0.10389610389610389,49,-0.10389610389610389,49,-0.05869016701391369,-0.30578512396694213,0.11363636363636365,40,0.33837426745590016,0.5306122448979592,True,17,200,-0.18270192,-0.09190945,0.085,0.08955223880597014,True,False,0.31121405750798725,False
extension,T-24h,total,3.0,consensus,side,over,55,22,33,0,0.4,-0.2363636363636364,55,-0.2363636363636364,55,-0.16443097861724004,-0.4306220095693779,-0.028099173553719006,47,0.47675357470811885,0.6181818181818182,True,175,200,-0.1783659,-0.09690599,0.875,0.8756218905472637,True,False,0.9577207977207978,False
extension,T-24h,total,3.0,consensus,side,under,69,33,36,0,0.4782608695652174,-0.08695652173913042,69,-0.08695652173913042,69,-0.05228707896719766,-0.24808034313212687,0.08712121212121211,51,0.48058038981952056,0.6086956521739131,True,34,200,-0.13479389,-0.053880554,0.17,0.17412935323383086,True,False,0.464964200477327,False
extension,T-24h,total,3.0,consensus,rest_sign,home_more,37,23,14,0,0.6216216216216216,0.18673218673218667,37,0.18673218673218667,37,0.29255449778524995,-0.045454545454545484,0.4447174447174447,34,0.4953970203970203,0.6486486486486487,True,3,200,-0.009019282,0.12,0.015,0.01990049751243781,False,True,,False
extension,T-24h,total,3.0,consensus,rest_sign,equal,58,23,35,0,0.39655172413793105,-0.24294670846394986,58,-0.24294670846394986,58,-0.2023995267536041,-0.4457478005865102,-0.04545454545454545,50,0.616687814101606,0.6551724137931034,True,159,200,-0.18154371,-0.065742865,0.795,0.7960199004975125,True,False,0.9138114343029088,False
extension,T-24h,total,3.0,consensus,rest_sign,away_more,29,9,20,0,0.3103448275862069,-0.4075235109717869,29,-0.4075235109717869,29,-0.40471917720793277,-0.6590909090909091,-0.11888111888111891,24,0.18220381151415715,0.4827586206896552,True,184,200,-0.29096824,-0.17628342,0.92,0.9203980099502488,False,True,,False
extension,T-24h,total,3.0,consensus,phase,early,12,8,4,0,0.6666666666666666,0.2727272727272727,12,0.2727272727272727,12,0.28114478114478114,-0.13223140495867766,0.6153846153846154,11,0.8696293290043281,0.8333333333333334,True,5,200,-0.04981248,0.21487603,0.025,0.029850746268656716,False,True,,False
extension,T-24h,total,3.0,consensus,phase,mid,67,30,37,0,0.44776119402985076,-0.1451831750339213,67,-0.1451831750339213,67,-0.13814076950402351,-0.31614654002713694,0.02797202797202797,46,0.616539596390344,0.6417910447761194,True,91,200,-0.15164238,-0.059081305,0.455,0.4577114427860697,True,False,0.7182231404958679,False
extension,T-24h,total,3.0,consensus,phase,late,45,17,28,0,0.37777777777777777,-0.27878787878787875,45,-0.27878787878787875,45,-0.15044040199228093,-0.4829545454545454,-0.06765327695560255,33,0.16972863556196607,0.5111111111111111,True,173,200,-0.19784336,-0.059269056,0.865,0.8656716417910447,True,False,0.9540808469682387,False
extension,T-24h,total,3.0,consensus,weekend,weekend,39,18,21,0,0.46153846153846156,-0.11888111888111887,39,-0.11888111888111887,39,-0.09148161384755381,-0.36363636363636354,0.12818772136953946,27,0.6430421430421409,0.6410256410256411,True,116,200,-0.095011234,0.057505827,0.58,0.582089552238806,False,True,,False
extension,T-24h,total,3.0,consensus,weekend,weekday,85,37,48,0,0.43529411764705883,-0.16898395721925133,85,-0.16898395721925133,85,-0.10686740391329701,-0.32121212121212117,-0.020300982800982803,60,0.4035629403276466,0.6,True,83,200,-0.18255192,-0.100844465,0.415,0.417910447761194,True,False,0.7006113537117904,False
extension,T-24h,total,3.0,best_book,none,all,124,57,65,2,0.4672131147540984,-0.10202832477971649,124,-0.15322580645161288,124,-0.10202832477971649,-0.2319899398100755,0.03573905332068533,87,0.47888301214914075,0.6129032258064516,True,63,200,-0.124282576,-0.059462093,0.315,0.31840796019900497,True,False,0.6213253012048193,False
extension,T-24h,total,3.0,best_book,line_terc,small,40,18,21,1,0.46153846153846156,-0.10948484061801818,40,-0.18863636363636363,40,-0.10948484061801818,-0.35000720193654977,0.14799670663966685,35,0.9839727633477615,0.8,True,86,200,-0.12770562,-3.767325e-05,0.43,0.43283582089552236,True,False,0.7039714285714286,False
extension,T-24h,total,3.0,best_book,line_terc,mid,46,25,21,0,0.5434782608695652,0.042464941903083926,46,-0.003952569169960473,46,0.042464941903083926,-0.20029986326912233,0.29486422701833787,41,-0.07941840767927466,0.43478260869565216,True,14,200,-0.05412467,0.046903875,0.07,0.07462686567164178,True,False,0.27662068965517245,False
extension,T-24h,total,3.0,best_book,line_terc,large,38,14,23,1,0.3783783783783784,-0.26909226251331514,38,-0.2966507177033493,38,-0.26909226251331514,-0.509685976532443,-0.015240610726721853,33,0.6230481506797271,0.631578947368421,True,166,200,-0.19610642,-0.067224436,0.83,0.8308457711442786,False,True,,False
extension,T-24h,total,3.0,best_book,total_terc,low,45,14,29,2,0.32558139534883723,-0.3618817904355076,45,-0.44848484848484843,45,-0.3618817904355076,-0.5871389438083161,-0.12910258870298136,38,0.42417107583774194,0.5777777777777777,True,200,200,-0.17676315,-0.08154804,1.0,1.0,True,False,1.0,False
extension,T-24h,total,3.0,best_book,total_terc,mid,30,19,11,0,0.6333333333333333,0.2169662160198258,30,0.20909090909090908,30,0.2169662160198258,-0.09832937344253172,0.5275926566436446,27,0.7904485329485321,0.8,True,3,200,-0.01884889,0.13921675,0.015,0.01990049751243781,False,True,,False
extension,T-24h,total,3.0,best_book,total_terc,high,49,24,25,0,0.4897959183673469,-0.05869016701391369,49,-0.10389610389610389,49,-0.05869016701391369,-0.257493879130981,0.16439650275189802,40,0.33837426745590016,0.5306122448979592,True,6,200,-0.15820712,-0.07042214,0.03,0.03482587064676617,True,False,0.1621698113207547,False
extension,T-24h,total,3.0,best_book,side,over,55,23,30,2,0.4339622641509434,-0.16443097861724004,55,-0.2363636363636364,55,-0.16443097861724004,-0.3668924140566899,0.05974295497883247,47,0.47675357470811885,0.6181818181818182,True,147,200,-0.13368547,-0.053014155,0.735,0.736318407960199,True,False,0.8810774058577405,False
extension,T-24h,total,3.0,best_book,side,under,69,34,35,0,0.4927536231884058,-0.05228707896719766,69,-0.08695652173913042,69,-0.05228707896719766,-0.21307097700567912,0.12440900920666183,51,0.48058038981952056,0.6086956521739131,True,19,200,-0.115898125,-0.038276955,0.095,0.09950248756218906,True,False,0.33192073170731706,False
extension,T-24h,total,3.0,best_book,rest_sign,home_more,37,25,12,0,0.6756756756756757,0.29255449778524995,37,0.18673218673218667,37,0.29255449778524995,0.05371481159872526,0.5476971265017924,34,0.4953970203970203,0.6486486486486487,True,0,200,0.05775755,0.18406865,0.0,0.004975124378109453,False,True,,False
extension,T-24h,total,3.0,best_book,rest_sign,equal,58,23,33,2,0.4107142857142857,-0.2023995267536041,58,-0.24294670846394986,58,-0.2023995267536041,-0.40516617073266503,-0.0017941801581918152,50,0.616687814101606,0.6551724137931034,True,146,200,-0.16136587,-0.04855791,0.73,0.7313432835820896,True,False,0.8796845425867507,False
extension,T-24h,total,3.0,best_book,rest_sign,away_more,29,9,20,0,0.3103448275862069,-0.40471917720793277,29,-0.4075235109717869,29,-0.40471917720793277,-0.6539158592730022,-0.11899040975127938,24,0.18220381151415715,0.4827586206896552,True,186,200,-0.28486916,-0.17228675,0.93,0.9303482587064676,False,True,,False
extension,T-24h,total,3.0,best_book,phase,early,12,8,4,0,0.6666666666666666,0.28114478114478114,12,0.2727272727272727,12,0.28114478114478114,-0.12457912457912457,0.6257446257446257,11,0.8696293290043281,0.8333333333333334,True,4,200,-0.041477676,0.22313914,0.02,0.024875621890547265,False,True,,False
extension,T-24h,total,3.0,best_book,phase,mid,67,30,37,0,0.44776119402985076,-0.13814076950402351,67,-0.1451831750339213,67,-0.13814076950402351,-0.3098982837625756,0.03681498875644493,46,0.616539596390344,0.6417910447761194,True,97,200,-0.13882013,-0.0425622,0.485,0.48756218905472637,True,False,0.7371485411140583,False
extension,T-24h,total,3.0,best_book,phase,late,45,19,24,2,0.4418604651162791,-0.15044040199228093,45,-0.27878787878787875,45,-0.15044040199228093,-0.38886185727062333,0.08289933835752736,33,0.16972863556196607,0.5111111111111111,True,135,200,-0.12189354,-0.0001578345,0.675,0.6766169154228856,True,False,0.8491218441273327,False
extension,T-24h,total,3.0,best_book,weekend,weekend,39,18,20,1,0.47368421052631576,-0.09148161384755381,39,-0.11888111888111887,39,-0.09148161384755381,-0.32491943803859696,0.15809988290297852,27,0.6430421430421409,0.6410256410256411,True,114,200,-0.0754328,0.06883034,0.57,0.572139303482587,False,True,,False
extension,T-24h,total,3.0,best_book,weekend,weekday,85,39,45,1,0.4642857142857143,-0.10686740391329701,85,-0.16898395721925133,85,-0.10686740391329701,-0.27460007896959066,0.055042412981111934,60,0.4035629403276466,0.6,True,49,200,-0.14620242,-0.06559915,0.245,0.24875621890547264,True,False,0.5409826589595376,False
extension,T-24h,moneyline,0.5,consensus,none,all,263,112,151,0,0.42585551330798477,0.08378509181201416,263,0.08378509181201416,263,0.12534176672516797,-0.08193965267645353,0.24867167281416747,120,-0.0018113214014708386,0.5095057034220533,True,1,200,-0.040269494,0.023835436,0.005,0.009950248756218905,True,False,0.054571428571428576,True
extension,T-24h,moneyline,0.5,consensus,line_terc,small,86,51,35,0,0.5930232558139535,0.17928505612580053,86,0.17928505612580053,86,0.20832647986137162,0.007738554128669023,0.3438917987935144,69,-0.11807252752798196,0.4418604651162791,True,8,200,0.011939274,0.1681169,0.04,0.04477611940298507,True,False,0.19341772151898737,False
extension,T-24h,moneyline,0.5,consensus,line_terc,mid,85,35,50,0,0.4117647058823529,-0.014938582185349289,85,-0.014938582185349289,85,0.013861689087867175,-0.24118867057019344,0.22956024467772476,66,-0.02570525779480584,0.5294117647058824,True,38,200,-0.0780504,0.043302197,0.19,0.19402985074626866,True,False,0.48930337078651687,False
extension,T-24h,moneyline,0.5,consensus,line_terc,large,92,26,66,0,0.2826086956521739,0.08572547614669086,92,0.08572547614669086,92,0.15076699791491857,-0.28740732791410684,0.5149791298344029,68,0.12894355164541435,0.5543478260869565,True,0,200,-0.053532016,0.0068413974,0.0,0.004975124378109453,True,False,0.0,True
extension,T-24h,moneyline,0.5,consensus,total_terc,low,91,38,53,0,0.4175824175824176,0.08578423852886519,91,0.08578423852886519,91,0.13138056316674207,-0.19348643548715927,0.4208266833234168,63,-0.12703535391162268,0.4945054945054945,True,25,200,-0.004790295,0.1115457,0.125,0.12935323383084577,True,False,0.3850806451612903,False
extension,T-24h,moneyline,0.5,consensus,total_terc,mid,92,36,56,0,0.391304347826087,0.09714509669063501,92,0.09714509669063501,92,0.14603740865824952,-0.19286283582646607,0.40367270772274555,67,-0.09240881647464871,0.4782608695652174,True,73,200,0.06704612,0.18144915,0.365,0.3681592039800995,True,False,0.6546009389671361,False
extension,T-24h,moneyline,0.5,consensus,total_terc,high,80,38,42,0,0.475,0.06614705681118208,80,0.06614705681118208,80,0.09467264754983354,-0.17365326550958413,0.32032229109474636,58,0.2448181349129815,0.5625,True,0,200,-0.18833782,-0.061106984,0.0,0.004975124378109453,True,False,0.0,True
extension,T-24h,moneyline,0.5,consensus,side,home,124,60,64,0,0.4838709677419355,0.11240210995540884,124,0.11240210995540884,124,0.15810462766585887,-0.10436519083968815,0.34595826172800914,84,0.10600174293086782,0.5483870967741935,True,0,200,-0.016468748,0.04684358,0.0,0.004975124378109453,True,False,0.0,True
extension,T-24h,moneyline,0.5,consensus,side,away,139,52,87,0,0.37410071942446044,0.058256241094165634,139,0.058256241094165634,139,0.09611446631764513,-0.1581953086340475,0.2980820335620966,88,-0.09798988238859309,0.4748201438848921,True,1,200,-0.062066957,0.007791153,0.005,0.009950248756218905,True,False,0.054571428571428576,True
extension,T-24h,moneyline,0.5,consensus,side,fav,61,45,16,0,0.7377049180327869,0.1260121997636378,61,0.1260121997636378,61,0.14634825330472984,-0.03016410341487562,0.271445711526172,47,0.45118410734264586,0.6885245901639344,True,2,200,-0.06003675,0.071671866,0.01,0.014925373134328358,True,False,0.0855223880597015,True
extension,T-24h,moneyline,0.5,consensus,side,dog,201,66,135,0,0.3283582089552239,0.06686390075565625,201,0.06686390075565625,201,0.11506741436835692,-0.142993874750221,0.27272337824265114,111,-0.14569576089460984,0.4527363184079602,True,1,200,-0.036398377,0.011754363,0.005,0.009950248756218905,True,False,0.054571428571428576,True
extension,T-24h,moneyline,0.5,consensus,rest_sign,home_more,87,34,53,0,0.39080459770114945,0.05147017525326254,87,0.05147017525326254,87,0.09146549067864047,-0.21856066641635222,0.3414159401125984,66,-0.04490186504985353,0.4942528735632184,True,27,200,-0.03572615,0.08129714,0.135,0.13930348258706468,True,False,0.4082058047493404,False
extension,T-24h,moneyline,0.5,consensus,rest_sign,equal,115,47,68,0,0.40869565217391307,0.056168535456052764,115,0.056168535456052764,115,0.10266881405446167,-0.17226867373121416,0.3209619770075252,81,-0.00643682521074118,0.48695652173913045,True,11,200,-0.042887755,0.058640286,0.055,0.05970149253731343,True,False,0.24057251908396948,False
extension,T-24h,moneyline,0.5,consensus,rest_sign,away_more,61,31,30,0,0.5081967213114754,0.18193757905048866,61,0.18193757905048866,61,0.21640120235105506,-0.14854375692745128,0.5636150453397616,49,0.0683658955735355,0.5737704918032787,True,2,200,-0.041497093,0.10670088,0.01,0.014925373134328358,True,False,0.0855223880597015,True
extension,T-24h,moneyline,0.5,consensus,phase,early,26,14,12,0,0.5384615384615384,0.3231986959095731,26,0.3231986959095731,26,0.3514617481216672,-0.17623215534167855,0.9556811647439507,15,-0.11104746842511888,0.5,True,5,200,0.033174254,0.28327456,0.025,0.029850746268656716,False,True,,False
extension,T-24h,moneyline,0.5,consensus,phase,mid,153,69,84,0,0.45098039215686275,0.1250419098123299,153,0.1250419098123299,153,0.1733196769971787,-0.10020981770045666,0.368910927912032,67,0.14200281197648928,0.5359477124183006,True,1,200,-0.011529812,0.07151463,0.005,0.009950248756218905,True,False,0.054571428571428576,True
extension,T-24h,moneyline,0.5,consensus,phase,late,84,29,55,0,0.34523809523809523,-0.06546546605209114,84,-0.06546546605209114,84,-0.032036087893006104,-0.27793767869278574,0.157024369312122,42,-0.2299473045468643,0.4642857142857143,True,48,200,-0.119112395,0.0033825422,0.24,0.24378109452736318,True,False,0.5371874999999999,False
extension,T-24h,moneyline,0.5,consensus,weekend,weekend,81,35,46,0,0.43209876543209874,0.10005415323955699,81,0.10005415323955699,81,0.13405665834977895,-0.14009600442076878,0.35818997079338205,34,-0.022200170714431443,0.5555555555555556,True,32,200,0.01028937,0.12883714,0.16,0.16417910447761194,True,False,0.4527407407407408,False
extension,T-24h,moneyline,0.5,consensus,weekend,weekday,182,77,105,0,0.4230769230769231,0.07654446557228356,182,0.07654446557228356,182,0.12146316111201691,-0.1363559398808951,0.2815596735352783,86,0.007262836809242409,0.489010989010989,True,2,200,-0.062549636,0.0023220151,0.01,0.014925373134328358,True,False,0.0855223880597015,True
extension,T-24h,moneyline,0.5,best_book,none,all,263,112,151,0,0.42585551330798477,0.12534176672516797,263,0.08378509181201416,263,0.12534176672516797,-0.05062142151137922,0.2997895249573351,120,-0.0018113214014708386,0.5095057034220533,True,1,200,-0.0022208008,0.063818514,0.005,0.009950248756218905,True,False,0.054571428571428576,True
extension,T-24h,moneyline,0.5,best_book,line_terc,small,86,51,35,0,0.5930232558139535,0.20832647986137162,86,0.17928505612580053,86,0.20832647986137162,0.03348162030256173,0.37821448589759366,69,-0.11807252752798196,0.4418604651162791,True,8,200,0.037093475,0.19827229,0.04,0.04477611940298507,True,False,0.19341772151898737,False
extension,T-24h,moneyline,0.5,best_book,line_terc,mid,85,35,50,0,0.4117647058823529,0.013861689087867175,85,-0.014938582185349289,85,0.013861689087867175,-0.22000717615577842,0.2678418054760329,66,-0.02570525779480584,0.5294117647058824,True,38,200,-0.05134966,0.07355054,0.19,0.19402985074626866,True,False,0.48930337078651687,False
extension,T-24h,moneyline,0.5,best_book,line_terc,large,92,26,66,0,0.2826086956521739,0.15076699791491857,92,0.08572547614669086,92,0.15076699791491857,-0.2546114367901602,0.6123075002820656,68,0.12894355164541435,0.5543478260869565,True,0,200,0.007848608,0.07011266,0.0,0.004975124378109453,True,False,0.0,True
extension,T-24h,moneyline,0.5,best_book,total_terc,low,91,38,53,0,0.4175824175824176,0.13138056316674207,91,0.08578423852886519,91,0.13138056316674207,-0.16357551756860475,0.49541625787650534,63,-0.12703535391162268,0.4945054945054945,True,23,200,0.036987077,0.15637225,0.115,0.11940298507462686,True,False,0.3660833333333333,False
extension,T-24h,moneyline,0.5,best_book,total_terc,mid,92,36,56,0,0.391304347826087,0.14603740865824952,92,0.09714509669063501,92,0.14603740865824952,-0.16361637868269388,0.4747809999788462,67,-0.09240881647464871,0.4782608695652174,True,73,200,0.115079306,0.23252487,0.365,0.3681592039800995,True,False,0.6546009389671361,False
extension,T-24h,moneyline,0.5,best_book,total_terc,high,80,38,42,0,0.475,0.09467264754983354,80,0.06614705681118208,80,0.09467264754983354,-0.15209840135009842,0.35639664856318054,58,0.2448181349129815,0.5625,True,0,200,-0.16450822,-0.034753658,0.0,0.004975124378109453,True,False,0.0,True
extension,T-24h,moneyline,0.5,best_book,side,home,124,60,64,0,0.4838709677419355,0.15810462766585887,124,0.11240210995540884,124,0.15810462766585887,-0.07545383051448018,0.41483952367126253,84,0.10600174293086782,0.5483870967741935,True,0,200,0.02539604,0.08980443,0.0,0.004975124378109453,True,False,0.0,True
extension,T-24h,moneyline,0.5,best_book,side,away,139,52,87,0,0.37410071942446044,0.09611446631764513,139,0.058256241094165634,139,0.09611446631764513,-0.12836998830345936,0.3470340514396934,88,-0.09798988238859309,0.4748201438848921,True,1,200,-0.027487906,0.04562245,0.005,0.009950248756218905,True,False,0.054571428571428576,True
extension,T-24h,moneyline,0.5,best_book,side,fav,61,45,16,0,0.7377049180327869,0.14634825330472984,61,0.1260121997636378,61,0.14634825330472984,-0.01135783858579262,0.2949898984823579,47,0.45118410734264586,0.6885245901639344,True,2,200,-0.04262153,0.09029452,0.01,0.014925373134328358,True,False,0.0855223880597015,True
extension,T-24h,moneyline,0.5,best_book,side,dog,201,66,135,0,0.3283582089552239,0.11506741436835692,201,0.06686390075565625,201,0.11506741436835692,-0.10897768274975195,0.3379870049405082,111,-0.14569576089460984,0.4527363184079602,True,1,200,0.0068722074,0.05631966,0.005,0.009950248756218905,True,False,0.054571428571428576,True
extension,T-24h,moneyline,0.5,best_book,rest_sign,home_more,87,34,53,0,0.39080459770114945,0.09146549067864047,87,0.05147017525326254,87,0.09146549067864047,-0.1936135275299871,0.39944464830900356,66,-0.04490186504985353,0.4942528735632184,True,26,200,0.00047336414,0.119342275,0.13,0.13432835820895522,True,False,0.39728,False
extension,T-24h,moneyline,0.5,best_book,rest_sign,equal,115,47,68,0,0.40869565217391307,0.10266881405446167,115,0.056168535456052764,115,0.10266881405446167,-0.14483539081137195,0.38918693085546285,81,-0.00643682521074118,0.48695652173913045,True,11,200,0.00063572684,0.1051179,0.055,0.05970149253731343,True,False,0.24057251908396948,False
extension,T-24h,moneyline,0.5,best_book,rest_sign,away_more,61,31,30,0,0.5081967213114754,0.21640120235105506,61,0.18193757905048866,61,0.21640120235105506,-0.12737184691809403,0.6137433806023838,49,0.0683658955735355,0.5737704918032787,True,2,200,-0.010736406,0.14212681,0.01,0.014925373134328358,True,False,0.0855223880597015,True
extension,T-24h,moneyline,0.5,best_book,phase,early,26,14,12,0,0.5384615384615384,0.3514617481216672,26,0.3231986959095731,26,0.3514617481216672,-0.16091186619607678,0.9993714859120562,15,-0.11104746842511888,0.5,True,6,200,0.059105173,0.31201646,0.03,0.03482587064676617,False,True,,False
extension,T-24h,moneyline,0.5,best_book,phase,mid,153,69,84,0,0.45098039215686275,0.1733196769971787,153,0.1250419098123299,153,0.1733196769971787,-0.06504393450131239,0.4408740192141572,67,0.14200281197648928,0.5359477124183006,True,1,200,0.032694474,0.11744829,0.005,0.009950248756218905,True,False,0.054571428571428576,True
extension,T-24h,moneyline,0.5,best_book,phase,late,84,29,55,0,0.34523809523809523,-0.032036087893006104,84,-0.06546546605209114,84,-0.032036087893006104,-0.25352693790648956,0.2059614693692322,42,-0.2299473045468643,0.4642857142857143,True,46,200,-0.089196056,0.037007842,0.23,0.23383084577114427,True,False,0.5335627530364372,False
extension,T-24h,moneyline,0.5,best_book,weekend,weekend,81,35,46,0,0.43209876543209874,0.13405665834977895,81,0.10005415323955699,81,0.13405665834977895,-0.11364053211381457,0.39883399018378135,34,-0.022200170714431443,0.5555555555555556,True,32,200,0.042520612,0.16381262,0.16,0.16417910447761194,True,False,0.4527407407407408,False
extension,T-24h,moneyline,0.5,best_book,weekend,weekday,182,77,105,0,0.4230769230769231,0.12146316111201691,182,0.07654446557228356,182,0.12146316111201691,-0.10548084290591211,0.34089925011576083,86,0.007262836809242409,0.489010989010989,True,2,200,-0.021927042,0.044472534,0.01,0.014925373134328358,True,False,0.0855223880597015,True
extension,T-24h,moneyline,1.0,consensus,none,all,242,101,141,0,0.41735537190082644,0.09507838511757187,242,0.09507838511757187,242,0.13777412936022246,-0.0792815735403739,0.27153078122574936,116,0.027669669839954066,0.5165289256198347,True,1,200,-0.04045289,0.026741603,0.005,0.009950248756218905,True,False,0.054571428571428576,True
extension,T-24h,moneyline,1.0,consensus,line_terc,small,79,46,33,0,0.5822784810126582,0.15418721002691171,79,0.15418721002691171,79,0.1818286778033701,-0.026710838911745007,0.3258011737656071,64,-0.08309470007604075,0.4430379746835443,True,17,200,0.012630397,0.17483377,0.085,0.08955223880597014,True,False,0.31121405750798725,False
extension,T-24h,moneyline,1.0,consensus,line_terc,mid,78,32,46,0,0.41025641025641024,-0.006290701854480674,78,-0.006290701854480674,78,0.02194777636091917,-0.24406163424844318,0.253621725017604,62,0.02687639270085281,0.5512820512820513,True,38,200,-0.07827308,0.05499416,0.19,0.19402985074626866,True,False,0.48930337078651687,False
extension,T-24h,moneyline,1.0,consensus,line_terc,large,85,23,62,0,0.27058823529411763,0.13316299236442183,85,0.13316299236442183,85,0.20311702591242234,-0.28247609872309704,0.5792407215733621,65,0.1313433267836422,0.5529411764705883,True,0,200,-0.053117417,0.014760468,0.0,0.004975124378109453,True,False,0.0,True
extension,T-24h,moneyline,1.0,consensus,total_terc,low,86,33,53,0,0.38372093023255816,0.04627118539843131,86,0.04627118539843131,86,0.09077829394739022,-0.2611776567861469,0.37426653676354776,62,-0.10423230566365384,0.5,True,44,200,-0.0049402365,0.11570188,0.22,0.22388059701492538,True,False,0.5263465553235909,False
extension,T-24h,moneyline,1.0,consensus,total_terc,mid,83,35,48,0,0.42168674698795183,0.19488882125075224,83,0.19488882125075224,83,0.24899049189552036,-0.11209889392348958,0.5032831703937412,62,-0.10124483991862433,0.4819277108433735,True,12,200,0.06889407,0.20373704,0.06,0.06467661691542288,True,False,0.25094890510948903,False
extension,T-24h,moneyline,1.0,consensus,total_terc,high,73,33,40,0,0.4520547945205479,0.03909417932020357,73,0.03909417932020357,73,0.06668760545712438,-0.21351132132028242,0.30913432612982744,55,0.32963506988478,0.5753424657534246,True,0,200,-0.19130763,-0.057386614,0.0,0.004975124378109453,True,False,0.0,True
extension,T-24h,moneyline,1.0,consensus,side,home,114,54,60,0,0.47368421052631576,0.1316701149846326,114,0.1316701149846326,114,0.1797111360759841,-0.10634989868956411,0.38729639421615447,82,0.10265768883150321,0.543859649122807,True,0,200,-0.015068158,0.06262283,0.0,0.004975124378109453,True,False,0.0,True
extension,T-24h,moneyline,1.0,consensus,side,away,128,47,81,0,0.3671875,0.062488875704720864,128,0.062488875704720864,128,0.10042398275399726,-0.16066588052522393,0.30033804428530525,81,-0.0391165345743944,0.4921875,True,1,200,-0.06340878,0.01246677,0.005,0.009950248756218905,True,False,0.054571428571428576,True
extension,T-24h,moneyline,1.0,consensus,side,fav,54,39,15,0,0.7222222222222222,0.12326634704521135,54,0.12326634704521135,54,0.14418664926711347,-0.04700704024112825,0.2795217471746288,42,0.45711129758683844,0.6666666666666666,True,5,200,-0.06261873,0.077065565,0.025,0.029850746268656716,True,False,0.1461734693877551,False
extension,T-24h,moneyline,1.0,consensus,side,dog,187,61,126,0,0.32620320855614976,0.08258553769475971,187,0.08258553769475971,187,0.13179769698213262,-0.1351782749365513,0.31097742694412833,107,-0.10307053385961892,0.47058823529411764,True,1,200,-0.03638512,0.019074723,0.005,0.009950248756218905,True,False,0.054571428571428576,True
extension,T-24h,moneyline,1.0,consensus,rest_sign,home_more,80,32,48,0,0.4,0.10615532646836609,80,0.10615532646836609,80,0.14937714602144642,-0.1645777767229479,0.41902001243673964,62,-0.05404165019545691,0.4875,True,5,200,-0.03708761,0.09061426,0.025,0.029850746268656716,True,False,0.1461734693877551,False
extension,T-24h,moneyline,1.0,consensus,rest_sign,equal,105,41,64,0,0.3904761904761905,0.039866042410904315,105,0.039866042410904315,105,0.08620434038862118,-0.2210979244772026,0.32200396147496174,75,0.013642464526868847,0.49523809523809526,True,22,200,-0.041628476,0.07209063,0.11,0.11442786069651742,True,False,0.35914529914529914,False
extension,T-24h,moneyline,1.0,consensus,rest_sign,away_more,57,28,29,0,0.49122807017543857,0.18123874785680957,57,0.18123874785680957,57,0.21648617337987544,-0.17970454871700092,0.5819808109453626,46,0.1681918130102493,0.5964912280701754,True,3,200,-0.043274466,0.10794778,0.015,0.01990049751243781,True,False,0.10677018633540371,False
extension,T-24h,moneyline,1.0,consensus,phase,early,24,13,11,0,0.5416666666666666,0.3600662234134548,24,0.3600662234134548,24,0.39036561174719075,-0.15341360125337275,1.0331777631978403,15,-0.10871017351109592,0.5,True,4,200,0.034587912,0.29227167,0.02,0.024875621890547265,False,True,,False
extension,T-24h,moneyline,1.0,consensus,phase,mid,138,61,77,0,0.4420289855072464,0.1410997642140231,138,0.1410997642140231,138,0.1917410338617423,-0.10508095603964915,0.4054206916559485,65,0.1957669366488747,0.5434782608695652,True,1,200,-0.010843995,0.0810803,0.005,0.009950248756218905,True,False,0.054571428571428576,True
extension,T-24h,moneyline,1.0,consensus,phase,late,80,27,53,0,0.3375,-0.06380484531257136,80,-0.06380484531257136,80,-0.031096225620989792,-0.2965996340381244,0.1697334203019569,40,-0.22138416240011907,0.475,True,49,200,-0.121388435,0.011641257,0.245,0.24875621890547264,True,False,0.5409826589595376,False
extension,T-24h,moneyline,1.0,consensus,weekend,weekend,74,31,43,0,0.4189189189189189,0.1141969355114532,74,0.1141969355114532,74,0.15002179688318573,-0.15198104754722824,0.40694356205266025,32,0.0366560866298091,0.5675675675675675,True,25,200,0.0108129475,0.14417343,0.125,0.12935323383084577,True,False,0.3850806451612903,False
extension,T-24h,moneyline,1.0,consensus,weekend,weekday,168,70,98,0,0.4166666666666667,0.0866571188726479,168,0.0866571188726479,168,0.1323793234274886,-0.12136953720860237,0.31681529950109094,84,0.023711367206327476,0.49404761904761907,True,1,200,-0.06311395,0.013717905,0.005,0.009950248756218905,True,False,0.054571428571428576,True
extension,T-24h,moneyline,1.0,best_book,none,all,242,101,141,0,0.41735537190082644,0.13777412936022246,242,0.09507838511757187,242,0.13777412936022246,-0.04914252167621631,0.3259977538556975,116,0.027669669839954066,0.5165289256198347,True,1,200,-0.0017688503,0.06754689,0.005,0.009950248756218905,True,False,0.054571428571428576,True
extension,T-24h,moneyline,1.0,best_book,line_terc,small,79,46,33,0,0.5822784810126582,0.1818286778033701,79,0.15418721002691171,79,0.1818286778033701,-0.002410836681489318,0.3581106363437076,64,-0.08309470007604075,0.4430379746835443,True,17,200,0.037951823,0.20552178,0.085,0.08955223880597014,True,False,0.31121405750798725,False
extension,T-24h,moneyline,1.0,best_book,line_terc,mid,78,32,46,0,0.41025641025641024,0.02194777636091917,78,-0.006290701854480674,78,0.02194777636091917,-0.22256292896666494,0.28864220472715707,62,0.02687639270085281,0.5512820512820513,True,38,200,-0.05130433,0.08554225,0.19,0.19402985074626866,True,False,0.48930337078651687,False
extension,T-24h,moneyline,1.0,best_book,line_terc,large,85,23,62,0,0.27058823529411763,0.20311702591242234,85,0.13316299236442183,85,0.20311702591242234,-0.23998808191957843,0.6809436126498692,65,0.1313433267836422,0.5529411764705883,True,0,200,0.008736724,0.07919877,0.0,0.004975124378109453,True,False,0.0,True
extension,T-24h,moneyline,1.0,best_book,total_terc,low,86,33,53,0,0.38372093023255816,0.09077829394739022,86,0.04627118539843131,86,0.09077829394739022,-0.23984842138307344,0.44132425844943124,62,-0.10423230566365384,0.5,True,42,200,0.037498474,0.16164535,0.21,0.21393034825870647,True,False,0.5175483870967742,False
extension,T-24h,moneyline,1.0,best_book,total_terc,mid,83,35,48,0,0.42168674698795183,0.24899049189552036,83,0.19488882125075224,83,0.24899049189552036,-0.07886084162932257,0.5794154392929342,62,-0.10124483991862433,0.4819277108433735,True,11,200,0.11786784,0.25598773,0.055,0.05970149253731343,True,False,0.24057251908396948,False
extension,T-24h,moneyline,1.0,best_book,total_terc,high,73,33,40,0,0.4520547945205479,0.06668760545712438,73,0.03909417932020357,73,0.06668760545712438,-0.19550022871811762,0.34477732641570713,55,0.32963506988478,0.5753424657534246,True,0,200,-0.16722439,-0.03123312,0.0,0.004975124378109453,True,False,0.0,True
extension,T-24h,moneyline,1.0,best_book,side,home,114,54,60,0,0.47368421052631576,0.1797111360759841,114,0.1316701149846326,114,0.1797111360759841,-0.07495258794104115,0.45922810102344225,82,0.10265768883150321,0.543859649122807,True,0,200,0.027825179,0.10664594,0.0,0.004975124378109453,True,False,0.0,True
extension,T-24h,moneyline,1.0,best_book,side,away,128,47,81,0,0.3671875,0.10042398275399726,128,0.062488875704720864,128,0.10042398275399726,-0.1322744147724831,0.3512882150411392,81,-0.0391165345743944,0.4921875,True,1,200,-0.028520484,0.04910711,0.005,0.009950248756218905,True,False,0.054571428571428576,True
extension,T-24h,moneyline,1.0,best_book,side,fav,54,39,15,0,0.7222222222222222,0.14418664926711347,54,0.12326634704521135,54,0.14418664926711347,-0.03007281009550506,0.30376006019906865,42,0.45711129758683844,0.6666666666666666,True,5,200,-0.045154758,0.09665462,0.025,0.029850746268656716,True,False,0.1461734693877551,False
extension,T-24h,moneyline,1.0,best_book,side,dog,187,61,126,0,0.32620320855614976,0.13179769698213262,187,0.08258553769475971,187,0.13179769698213262,-0.09894022842390979,0.3723153492269808,107,-0.10307053385961892,0.47058823529411764,True,1,200,0.0072878157,0.06403181,0.005,0.009950248756218905,True,False,0.054571428571428576,True
extension,T-24h,moneyline,1.0,best_book,rest_sign,home_more,80,32,48,0,0.4,0.14937714602144642,80,0.10615532646836609,80,0.14937714602144642,-0.13540281362459444,0.4800474384543846,62,-0.05404165019545691,0.4875,True,5,200,-0.00032116123,0.12852484,0.025,0.029850746268656716,True,False,0.1461734693877551,False
extension,T-24h,moneyline,1.0,best_book,rest_sign,equal,105,41,64,0,0.3904761904761905,0.08620434038862118,105,0.039866042410904315,105,0.08620434038862118,-0.1921125982264372,0.39209938166838604,75,0.013642464526868847,0.49523809523809526,True,22,200,0.0027635887,0.118840404,0.11,0.11442786069651742,True,False,0.35914529914529914,False
extension,T-24h,moneyline,1.0,best_book,rest_sign,away_more,57,28,29,0,0.49122807017543857,0.21648617337987544,57,0.18123874785680957,57,0.21648617337987544,-0.1598768990184108,0.6358723512577862,46,0.1681918130102493,0.5964912280701754,True,3,200,-0.012224418,0.14415374,0.015,0.01990049751243781,True,False,0.10677018633540371,False
extension,T-24h,moneyline,1.0,best_book,phase,early,24,13,11,0,0.5416666666666666,0.39036561174719075,24,0.3600662234134548,24,0.39036561174719075,-0.14011308189879618,1.079049194049194,15,-0.10871017351109592,0.5,True,4,200,0.060733724,0.3248588,0.02,0.024875621890547265,False,True,,False
extension,T-24h,moneyline,1.0,best_book,phase,mid,138,61,77,0,0.4420289855072464,0.1917410338617423,138,0.1410997642140231,138,0.1917410338617423,-0.06901871046303834,0.4753749689736329,65,0.1957669366488747,0.5434782608695652,True,1,200,0.034304664,0.12789945,0.005,0.009950248756218905,True,False,0.054571428571428576,True
extension,T-24h,moneyline,1.0,best_book,phase,late,80,27,53,0,0.3375,-0.031096225620989792,80,-0.06380484531257136,80,-0.031096225620989792,-0.27289897174802835,0.216839254328248,40,-0.22138416240011907,0.475,True,45,200,-0.09123275,0.04513667,0.225,0.22885572139303484,True,False,0.5294661190965093,False
extension,T-24h,moneyline,1.0,best_book,weekend,weekend,74,31,43,0,0.4189189189189189,0.15002179688318573,74,0.1141969355114532,74,0.15002179688318573,-0.12451760574921131,0.451700991978182,32,0.0366560866298091,0.5675675675675675,True,24,200,0.043427978,0.18061638,0.12,0.12437810945273632,True,False,0.3767671232876712,False
extension,T-24h,moneyline,1.0,best_book,weekend,weekday,168,70,98,0,0.4166666666666667,0.1323793234274886,168,0.0866571188726479,168,0.1323793234274886,-0.09013709920953257,0.3831642410682428,84,0.023711367206327476,0.49404761904761907,True,1,200,-0.02173584,0.057243343,0.005,0.009950248756218905,True,False,0.054571428571428576,True
extension,T-24h,moneyline,1.5,consensus,none,all,213,84,129,0,0.39436619718309857,0.07940125103815011,213,0.07940125103815011,213,0.1230005233014356,-0.10539480064520979,0.285590243734466,112,-0.00926813351529315,0.5117370892018779,True,1,200,-0.041306924,0.02554365,0.005,0.009950248756218905,True,False,0.054571428571428576,True
extension,T-24h,moneyline,1.5,consensus,line_terc,small,70,38,32,0,0.5428571428571428,0.07721692336373776,70,0.07721692336373776,70,0.10313762709477983,-0.11366524188945071,0.26052173484985613,58,-0.10026755070335953,0.42857142857142855,True,51,200,0.011918217,0.17655772,0.255,0.25870646766169153,True,False,0.5534659090909091,False
extension,T-24h,moneyline,1.5,consensus,line_terc,mid,67,27,40,0,0.40298507462686567,0.005523447107984739,67,0.005523447107984739,67,0.03313691018308384,-0.25067496061896044,0.2859846894431852,56,-0.1408119313881598,0.5223880597014925,True,31,200,-0.082249515,0.058358338,0.155,0.15920398009950248,True,False,0.4474307304785894,False
extension,T-24h,moneyline,1.5,consensus,line_terc,large,76,19,57,0,0.25,0.1465422484135442,76,0.1465422484135442,76,0.2205171655829551,-0.28811636633705134,0.656257972306634,61,0.19051336201953198,0.5789473684210527,True,0,200,-0.050273485,0.0147546595,0.0,0.004975124378109453,True,False,0.0,True
extension,T-24h,moneyline,1.5,consensus,total_terc,low,75,26,49,0,0.3466666666666667,0.023639887371975542,75,0.023639887371975542,75,0.07024322970901084,-0.3197589010197928,0.40348067981081664,55,-0.16582555309661862,0.49333333333333335,True,74,200,-0.0072288797,0.11793647,0.37,0.373134328358209,True,False,0.66253125,False
extension,T-24h,moneyline,1.5,consensus,total_terc,mid,75,31,44,0,0.41333333333333333,0.2264542756624833,75,0.2264542756624833,75,0.28427895493881433,-0.10528167933573492,0.58448418435423,58,-0.11303495458963478,0.48,True,5,200,0.07480314,0.20945407,0.025,0.029850746268656716,True,False,0.1461734693877551,False
extension,T-24h,moneyline,1.5,consensus,total_terc,high,63,27,36,0,0.42857142857142855,-0.0292792977215624,63,-0.0292792977215624,63,-0.006191307704461932,-0.3070206247351271,0.2754042698884132,50,0.3006416767890725,0.5714285714285714,True,4,200,-0.19778141,-0.054795895,0.02,0.024875621890547265,True,False,0.12949152542372883,False
extension,T-24h,moneyline,1.5,consensus,side,home,93,41,52,0,0.44086021505376344,0.11426393929707368,93,0.11426393929707368,93,0.16545323441005144,-0.16988443210992507,0.4401846504115708,71,0.04191291347620145,0.5483870967741935,True,0,200,-0.013628582,0.05993922,0.0,0.004975124378109453,True,False,0.0,True
extension,T-24h,moneyline,1.5,consensus,side,away,120,43,77,0,0.35833333333333334,0.05238266763748441,120,0.05238266763748441,120,0.09009967219225842,-0.18681742020849693,0.31572394876793775,76,-0.04893344493370148,0.48333333333333334,True,2,200,-0.066317074,0.010569035,0.01,0.014925373134328358,True,False,0.0855223880597015,True
extension,T-24h,moneyline,1.5,consensus,side,fav,43,29,14,0,0.6744186046511628,0.06490115913097423,43,0.06490115913097423,43,0.08567095856874622,-0.1326087419719073,0.2581131944514546,37,0.4192292316065885,0.6744186046511628,True,19,200,-0.06379505,0.088785164,0.095,0.09950248756218906,True,False,0.33192073170731706,False
extension,T-24h,moneyline,1.5,consensus,side,dog,169,54,115,0,0.31952662721893493,0.07818121727457501,169,0.07818121727457501,169,0.12784715583230055,-0.15609422239276635,0.32723387234542567,104,-0.12595981811342666,0.46745562130177515,True,1,200,-0.037560116,0.02265737,0.005,0.009950248756218905,True,False,0.054571428571428576,True
extension,T-24h,moneyline,1.5,consensus,rest_sign,home_more,69,27,42,0,0.391304347826087,0.15203890589425906,69,0.15203890589425906,69,0.19949838601890957,-0.174470042385879,0.5174931814097967,55,-0.003157181880738286,0.5217391304347826,True,3,200,-0.038523708,0.08917277,0.015,0.01990049751243781,True,False,0.10677018633540371,False
extension,T-24h,moneyline,1.5,consensus,rest_sign,equal,97,37,60,0,0.38144329896907214,0.005927218030839334,97,0.005927218030839334,97,0.05099247995484574,-0.26290748790751167,0.29003742430809354,69,-0.04275928175423266,0.4742268041237113,True,48,200,-0.043243423,0.05949788,0.24,0.24378109452736318,True,False,0.5371874999999999,False
extension,T-24h,moneyline,1.5,consensus,rest_sign,away_more,47,20,27,0,0.425531914893617,0.12440088969001468,47,0.12440088969001468,47,0.1593074951549148,-0.2702132509962918,0.6066913325066603,39,0.05088049874838445,0.574468085106383,True,6,200,-0.041775357,0.115461975,0.03,0.03482587064676617,True,False,0.1621698113207547,False
extension,T-24h,moneyline,1.5,consensus,phase,early,22,11,11,0,0.5,0.34134278704224297,22,0.34134278704224297,22,0.37054506659769826,-0.23277282405913954,1.074892522043449,15,-0.13104615432301522,0.5,True,7,200,0.040139124,0.30411035,0.035,0.03980099502487562,False,True,,False
extension,T-24h,moneyline,1.5,consensus,phase,mid,119,51,68,0,0.42857142857142855,0.14136872931575684,119,0.14136872931575684,119,0.19450049402080963,-0.1373794855890981,0.44070006516571697,61,0.1901199239911205,0.5546218487394958,True,1,200,-0.0086066285,0.07626589,0.005,0.009950248756218905,True,False,0.054571428571428576,True
extension,T-24h,moneyline,1.5,consensus,phase,late,72,22,50,0,0.3055555555555556,-0.10305491156081163,72,-0.10305491156081163,72,-0.07081164986694337,-0.3676094022449695,0.17606830249340574,39,-0.30160233331381175,0.4444444444444444,True,72,200,-0.12940152,-0.002642029,0.36,0.36318407960199006,True,False,0.6527848101265823,False
extension,T-24h,moneyline,1.5,consensus,weekend,weekend,65,26,39,0,0.4,0.062469912592081435,65,0.062469912592081435,65,0.09536181125016165,-0.2247059146201116,0.3982610866422394,31,-0.007743203122019759,0.5692307692307692,True,54,200,0.011731042,0.1453886,0.27,0.2736318407960199,True,False,0.5751301115241636,False
extension,T-24h,moneyline,1.5,consensus,weekend,weekday,148,58,90,0,0.3918918918918919,0.0868373118421668,148,0.0868373118421668,148,0.13513914683746817,-0.1544331926472485,0.33781303659538203,81,-0.009937866458284875,0.4864864864864865,True,1,200,-0.064673826,0.0069043757,0.005,0.009950248756218905,True,False,0.054571428571428576,True
extension,T-24h,moneyline,1.5,best_book,none,all,213,84,129,0,0.39436619718309857,0.1230005233014356,213,0.07940125103815011,213,0.1230005233014356,-0.0732657561372497,0.34072688763957526,112,-0.00926813351529315,0.5117370892018779,True,1,200,-0.00202599,0.06695978,0.005,0.009950248756218905,True,False,0.054571428571428576,True
extension,T-24h,moneyline,1.5,best_book,line_terc,small,70,38,32,0,0.5428571428571428,0.10313762709477983,70,0.07721692336373776,70,0.10313762709477983,-0.09261349956946052,0.29076198190894537,58,-0.10026755070335953,0.42857142857142855,True,51,200,0.03725478,0.20578164,0.255,0.25870646766169153,True,False,0.5534659090909091,False
extension,T-24h,moneyline,1.5,best_book,line_terc,mid,67,27,40,0,0.40298507462686567,0.03313691018308384,67,0.005523447107984739,67,0.03313691018308384,-0.2300394595998471,0.32171883308516325,56,-0.1408119313881598,0.5223880597014925,True,34,200,-0.055207886,0.08876738,0.17,0.17412935323383086,True,False,0.464964200477327,False
extension,T-24h,moneyline,1.5,best_book,line_terc,large,76,19,57,0,0.25,0.2205171655829551,76,0.1465422484135442,76,0.2205171655829551,-0.24809615172221733,0.7699133338263773,61,0.19051336201953198,0.5789473684210527,True,0,200,0.01214451,0.07939102,0.0,0.004975124378109453,True,False,0.0,True
extension,T-24h,moneyline,1.5,best_book,total_terc,low,75,26,49,0,0.3466666666666667,0.07024322970901084,75,0.023639887371975542,75,0.07024322970901084,-0.2975598083367674,0.4813519133723414,55,-0.16582555309661862,0.49333333333333335,True,72,200,0.03571822,0.16382551,0.36,0.36318407960199006,True,False,0.6527848101265823,False
extension,T-24h,moneyline,1.5,best_book,total_terc,mid,75,31,44,0,0.41333333333333333,0.28427895493881433,75,0.2264542756624833,75,0.28427895493881433,-0.06679352202354427,0.6725872820885397,58,-0.11303495458963478,0.48,True,4,200,0.12498741,0.26230437,0.02,0.024875621890547265,True,False,0.12949152542372883,False
extension,T-24h,moneyline,1.5,best_book,total_terc,high,63,27,36,0,0.42857142857142855,-0.006191307704461932,63,-0.0292792977215624,63,-0.006191307704461932,-0.2904619199953751,0.30798058624390867,50,0.3006416767890725,0.5714285714285714,True,6,200,-0.17364736,-0.030222565,0.03,0.03482587064676617,True,False,0.1621698113207547,False
extension,T-24h,moneyline,1.5,best_book,side,home,93,41,52,0,0.44086021505376344,0.16545323441005144,93,0.11426393929707368,93,0.16545323441005144,-0.14465157020520508,0.5224853699895577,71,0.04191291347620145,0.5483870967741935,True,0,200,0.030178668,0.10504659,0.0,0.004975124378109453,True,False,0.0,True
extension,T-24h,moneyline,1.5,best_book,side,away,120,43,77,0,0.35833333333333334,0.09009967219225842,120,0.05238266763748441,120,0.09009967219225842,-0.15788991019872978,0.3636466205061118,76,-0.04893344493370148,0.48333333333333334,True,2,200,-0.031118957,0.047730654,0.01,0.014925373134328358,True,False,0.0855223880597015,True
extension,T-24h,moneyline,1.5,best_book,side,fav,43,29,14,0,0.6744186046511628,0.08567095856874622,43,0.06490115913097423,43,0.08567095856874622,-0.11552069367500331,0.2827281262096738,37,0.4192292316065885,0.6744186046511628,True,18,200,-0.046248622,0.108916014,0.09,0.0945273631840796,True,False,0.3213084112149533,False
extension,T-24h,moneyline,1.5,best_book,side,dog,169,54,115,0,0.31952662721893493,0.12784715583230055,169,0.07818121727457501,169,0.12784715583230055,-0.12144773211559036,0.3924369441671074,104,-0.12595981811342666,0.46745562130177515,True,1,200,0.006482696,0.06899961,0.005,0.009950248756218905,True,False,0.054571428571428576,True
extension,T-24h,moneyline,1.5,best_book,rest_sign,home_more,69,27,42,0,0.391304347826087,0.19949838601890957,69,0.15203890589425906,69,0.19949838601890957,-0.1498369628650122,0.5847939620482113,55,-0.003157181880738286,0.5217391304347826,True,3,200,-0.0011934126,0.12920703,0.015,0.01990049751243781,True,False,0.10677018633540371,False
extension,T-24h,moneyline,1.5,best_book,rest_sign,equal,97,37,60,0,0.38144329896907214,0.05099247995484574,97,0.005927218030839334,97,0.05099247995484574,-0.2374976665657907,0.36126416105059544,69,-0.04275928175423266,0.4742268041237113,True,50,200,0.0018908657,0.107834265,0.25,0.2537313432835821,True,False,0.5467557251908397,False
extension,T-24h,moneyline,1.5,best_book,rest_sign,away_more,47,20,27,0,0.425531914893617,0.1593074951549148,47,0.12440088969001468,47,0.1593074951549148,-0.2499983912422112,0.6611610621070921,39,0.05088049874838445,0.574468085106383,True,7,200,-0.010351552,0.15099587,0.035,0.03980099502487562,True,False,0.18067567567567572,False
extension,T-24h,moneyline,1.5,best_book,phase,early,22,11,11,0,0.5,0.37054506659769826,22,0.34134278704224297,22,0.37054506659769826,-0.21840105411533983,1.1224555014848643,15,-0.13104615432301522,0.5,True,8,200,0.0666314,0.33832937,0.04,0.04477611940298507,False,True,,False
extension,T-24h,moneyline,1.5,best_book,phase,mid,119,51,68,0,0.42857142857142855,0.19450049402080963,119,0.14136872931575684,119,0.19450049402080963,-0.10419063394228033,0.5144130237463901,61,0.1901199239911205,0.5546218487394958,True,0,200,0.037464783,0.12339951,0.0,0.004975124378109453,True,False,0.0,True
extension,T-24h,moneyline,1.5,best_book,phase,late,72,22,50,0,0.3055555555555556,-0.07081164986694337,72,-0.10305491156081163,72,-0.07081164986694337,-0.3483887519568395,0.2206762781642639,39,-0.30160233331381175,0.4444444444444444,True,71,200,-0.099185884,0.031228432,0.355,0.3582089552238806,True,False,0.6527848101265823,False
extension,T-24h,moneyline,1.5,best_book,weekend,weekend,65,26,39,0,0.4,0.09536181125016165,65,0.062469912592081435,65,0.09536181125016165,-0.19895668426279195,0.4403548371112229,31,-0.007743203122019759,0.5692307692307692,True,56,200,0.044776067,0.18412124,0.28,0.2835820895522388,True,False,0.58448087431694,False
extension,T-24h,moneyline,1.5,best_book,weekend,weekday,148,58,90,0,0.3918918918918919,0.13513914683746817,148,0.0868373118421668,148,0.13513914683746817,-0.12439527958690298,0.4052235403362011,81,-0.009937866458284875,0.4864864864864865,True,1,200,-0.02262072,0.051186576,0.005,0.009950248756218905,True,False,0.054571428571428576,True
extension,T-24h,moneyline,2.0,consensus,none,all,183,64,119,0,0.34972677595628415,0.03419406115142489,183,0.03419406115142489,183,0.07965069475908888,-0.17430997340818669,0.25631801861003445,106,0.021630463925183325,0.5245901639344263,True,10,200,-0.039056323,0.03238904,0.05,0.05472636815920398,True,False,0.22920000000000001,False
extension,T-24h,moneyline,2.0,consensus,line_terc,small,54,28,26,0,0.5185185185185185,0.057627046331306296,54,0.057627046331306296,54,0.08291547447069343,-0.185956939954604,0.27725516720646237,46,0.0748452556924967,0.48148148148148145,True,69,200,0.016795982,0.20380451,0.345,0.3482587064676617,True,False,0.6524257425742573,False
extension,T-24h,moneyline,2.0,consensus,line_terc,mid,57,19,38,0,0.3333333333333333,-0.11685847956112785,57,-0.11685847956112785,57,-0.09092781205317516,-0.40199759462878926,0.2071529661628001,50,-0.1260632105799751,0.5087719298245614,True,133,200,-0.08540184,0.05714732,0.665,0.6666666666666666,True,False,0.8477085650723026,False
extension,T-24h,moneyline,2.0,consensus,line_terc,large,72,17,55,0,0.2361111111111111,0.13620258366395144,72,0.13620258366395144,72,0.2122434278684279,-0.32083380043590626,0.681569118461612,57,0.0986435290829486,0.5694444444444444,True,0,200,-0.04418303,0.025673978,0.0,0.004975124378109453,True,False,0.0,True
extension,T-24h,moneyline,2.0,consensus,total_terc,low,66,20,46,0,0.30303030303030304,-0.008672259163890436,66,-0.008672259163890436,66,0.039990932868714524,-0.39384115754643656,0.4512498276538789,52,-0.05566864886407253,0.5151515151515151,True,101,200,-0.008238363,0.12525162,0.505,0.5074626865671642,True,False,0.7477131782945736,False
extension,T-24h,moneyline,2.0,consensus,total_terc,mid,68,27,41,0,0.39705882352941174,0.2436371465360643,68,0.2436371465360643,68,0.30483614894628797,-0.1033022387128088,0.6245877335450691,55,-0.14229657797998474,0.47058823529411764,True,2,200,0.08353554,0.21479249,0.01,0.014925373134328358,True,False,0.0855223880597015,True
extension,T-24h,moneyline,2.0,consensus,total_terc,high,49,17,32,0,0.3469387755102041,-0.19872334018213975,49,-0.19872334018213975,49,-0.17943229707692798,-0.4827500430349661,0.14988662111676296,40,0.3532382250199243,0.6122448979591837,True,110,200,-0.1989838,-0.0711357,0.55,0.5522388059701493,True,False,0.7849315068493151,False
extension,T-24h,moneyline,2.0,consensus,side,home,84,34,50,0,0.40476190476190477,0.08703315551415315,84,0.08703315551415315,84,0.14073867299941756,-0.2157330095251109,0.4577538305165928,65,0.11424503989572876,0.5476190476190477,True,3,200,-0.012856173,0.06671234,0.015,0.01990049751243781,True,False,0.10677018633540371,False
extension,T-24h,moneyline,2.0,consensus,side,away,99,30,69,0,0.30303030303030304,-0.01063910982301125,99,-0.01063910982301125,99,0.02781847079759794,-0.28932370755951886,0.288523317758088,69,-0.05695160053467353,0.5050505050505051,True,35,200,-0.06287284,0.026430525,0.175,0.1791044776119403,True,False,0.46748251748251746,False
extension,T-24h,moneyline,2.0,consensus,side,fav,32,18,14,0,0.5625,-0.11395240956704544,32,-0.11395240956704544,32,-0.09518083991941689,-0.3440147196832434,0.1105030291206986,30,0.6880502020805168,0.75,True,139,200,-0.061497644,0.103377044,0.695,0.6965174129353234,False,True,,False
extension,T-24h,moneyline,2.0,consensus,side,dog,150,45,105,0,0.3,0.05996599591843534,150,0.05996599591843534,150,0.111418487394958,-0.18434626006032181,0.3436883543897202,97,-0.12896980954397572,0.47333333333333333,True,3,200,-0.03539048,0.024092942,0.015,0.01990049751243781,True,False,0.10677018633540371,False
extension,T-24h,moneyline,2.0,consensus,rest_sign,home_more,58,20,38,0,0.3448275862068966,0.06262050511521376,58,0.06262050511521376,58,0.10991181678314117,-0.2771095605904764,0.451874942955481,48,0.003330360074164571,0.5172413793103449,True,25,200,-0.03345124,0.100640476,0.125,0.12935323383084577,True,False,0.3850806451612903,False
extension,T-24h,moneyline,2.0,consensus,rest_sign,equal,84,28,56,0,0.3333333333333333,-0.019010254185323112,84,-0.019010254185323112,84,0.029447049262399917,-0.330009701502939,0.32443373571067796,63,-0.031040462431815855,0.4880952380952381,True,72,200,-0.04115646,0.073997274,0.36,0.36318407960199006,True,False,0.6527848101265823,False
extension,T-24h,moneyline,2.0,consensus,rest_sign,away_more,41,16,25,0,0.3902439024390244,0.10298500599013401,41,0.10298500599013401,41,0.13969852754754836,-0.33402638630165427,0.6710855669814326,35,0.15542958190925668,0.6097560975609756,True,16,200,-0.04304174,0.12747923,0.08,0.0845771144278607,True,False,0.3005901639344262,False
extension,T-24h,moneyline,2.0,consensus,phase,early,16,6,10,0,0.375,0.173921210288687,16,0.173921210288687,16,0.20014880952380953,-0.48968166571553295,1.0989536946061673,12,0.15701804428092925,0.625,True,46,200,0.04782651,0.3037723,0.23,0.23383084577114427,False,True,,False
extension,T-24h,moneyline,2.0,consensus,phase,mid,103,40,63,0,0.3883495145631068,0.11499259799428233,103,0.11499259799428233,103,0.1713711251266325,-0.18080634435677015,0.4608859364959297,59,0.16394839331832262,0.5533980582524272,True,3,200,-0.0037375079,0.083905146,0.015,0.01990049751243781,True,False,0.10677018633540371,False
extension,T-24h,moneyline,2.0,consensus,phase,late,64,18,46,0,0.28125,-0.1307728713643644,64,-0.1307728713643644,64,-0.0980864015548567,-0.41651826252999646,0.17728204413140852,37,-0.24125934878083688,0.453125,True,100,200,-0.13325264,-0.010616321,0.5,0.5024875621890548,True,False,0.7477131782945736,False
extension,T-24h,moneyline,2.0,consensus,weekend,weekend,59,22,37,0,0.3728813559322034,-0.011593084968959614,59,-0.011593084968959614,59,0.019772929451584476,-0.29255569491477706,0.33252077365812865,31,-0.028336571666780934,0.559322033898305,True,120,200,0.015218067,0.15883894,0.6,0.6019900497512438,True,False,0.8098939929328622,False
extension,T-24h,moneyline,2.0,consensus,weekend,weekday,124,42,82,0,0.3387096774193548,0.05597988067644656,124,0.05597988067644656,124,0.10814092180056273,-0.21764043159288807,0.35029764042706,75,0.04540510182781146,0.5080645161290323,True,2,200,-0.06302971,0.014543738,0.01,0.014925373134328358,True,False,0.0855223880597015,True
extension,T-24h,moneyline,2.0,best_book,none,all,183,64,119,0,0.34972677595628415,0.07965069475908888,183,0.03419406115142489,183,0.07965069475908888,-0.14222060630626598,0.3191490906975753,106,0.021630463925183325,0.5245901639344263,True,6,200,0.00092489424,0.073006295,0.03,0.03482587064676617,True,False,0.1621698113207547,False
extension,T-24h,moneyline,2.0,best_book,line_terc,small,54,28,26,0,0.5185185185185185,0.08291547447069343,54,0.057627046331306296,54,0.08291547447069343,-0.16810485083529006,0.30743226940995794,46,0.0748452556924967,0.48148148148148145,True,70,200,0.04227105,0.23301478,0.35,0.35323383084577115,True,False,0.6527848101265823,False
extension,T-24h,moneyline,2.0,best_book,line_terc,mid,57,19,38,0,0.3333333333333333,-0.09092781205317516,57,-0.11685847956112785,57,-0.09092781205317516,-0.385426708276598,0.24239477338595225,50,-0.1260632105799751,0.5087719298245614,True,133,200,-0.058276962,0.08687235,0.665,0.6666666666666666,True,False,0.8477085650723026,False
extension,T-24h,moneyline,2.0,best_book,line_terc,large,72,17,55,0,0.2361111111111111,0.2122434278684279,72,0.13620258366395144,72,0.2122434278684279,-0.28443094416105785,0.8027041245791242,57,0.0986435290829486,0.5694444444444444,True,0,200,0.018929763,0.0910845,0.0,0.004975124378109453,True,False,0.0,True
extension,T-24h,moneyline,2.0,best_book,total_terc,low,66,20,46,0,0.30303030303030304,0.039990932868714524,66,-0.008672259163890436,66,0.039990932868714524,-0.37109817758900127,0.5412682390415212,52,-0.05566864886407253,0.5151515151515151,True,100,200,0.03529617,0.17213467,0.5,0.5024875621890548,True,False,0.7477131782945736,False
extension,T-24h,moneyline,2.0,best_book,total_terc,mid,68,27,41,0,0.39705882352941174,0.30483614894628797,68,0.2436371465360643,68,0.30483614894628797,-0.06510616953191896,0.7114079483033922,55,-0.14229657797998474,0.47058823529411764,True,2,200,0.13500331,0.269358,0.01,0.014925373134328358,True,False,0.0855223880597015,True
extension,T-24h,moneyline,2.0,best_book,total_terc,high,49,17,32,0,0.3469387755102041,-0.17943229707692798,49,-0.19872334018213975,49,-0.17943229707692798,-0.46963921376360407,0.17670831807423226,40,0.3532382250199243,0.6122448979591837,True,115,200,-0.17466128,-0.043377317,0.575,0.5771144278606966,True,False,0.8006682867557715,False
extension,T-24h,moneyline,2.0,best_book,side,home,84,34,50,0,0.40476190476190477,0.14073867299941756,84,0.08703315551415315,84,0.14073867299941756,-0.18856516126447176,0.5394709440963958,65,0.11424503989572876,0.5476190476190477,True,3,200,0.03190415,0.11379562,0.015,0.01990049751243781,True,False,0.10677018633540371,False
extension,T-24h,moneyline,2.0,best_book,side,away,99,30,69,0,0.30303030303030304,0.02781847079759794,99,-0.01063910982301125,99,0.02781847079759794,-0.2665610238859989,0.3404527819156024,69,-0.05695160053467353,0.5050505050505051,True,33,200,-0.027204309,0.06438553,0.165,0.1691542288557214,True,False,0.46232273838630805,False
extension,T-24h,moneyline,2.0,best_book,side,fav,32,18,14,0,0.5625,-0.09518083991941689,32,-0.11395240956704544,32,-0.09518083991941689,-0.32839785128492555,0.13377210101973777,30,0.6880502020805168,0.75,True,138,200,-0.043907136,0.12493405,0.69,0.6915422885572139,False,True,,False
extension,T-24h,moneyline,2.0,best_book,side,dog,150,45,105,0,0.3,0.111418487394958,150,0.05996599591843534,150,0.111418487394958,-0.1498268304277571,0.4120752279635257,97,-0.12896980954397572,0.47333333333333333,True,2,200,0.009160166,0.070111685,0.01,0.014925373134328358,True,False,0.0855223880597015,True
extension,T-24h,moneyline,2.0,best_book,rest_sign,home_more,58,20,38,0,0.3448275862068966,0.10991181678314117,58,0.06262050511521376,58,0.10991181678314117,-0.2507782769126461,0.5180836852443169,48,0.003330360074164571,0.5172413793103449,True,23,200,0.0047491333,0.14310835,0.115,0.11940298507462686,True,False,0.3660833333333333,False
extension,T-24h,moneyline,2.0,best_book,rest_sign,equal,84,28,56,0,0.3333333333333333,0.029447049262399917,84,-0.019010254185323112,84,0.029447049262399917,-0.30320531737207873,0.39997321737688196,63,-0.031040462431815855,0.4880952380952381,True,67,200,0.004779824,0.12100124,0.335,0.3383084577114428,True,False,0.6430653266331658,False
extension,T-24h,moneyline,2.0,best_book,rest_sign,away_more,41,16,25,0,0.3902439024390244,0.13969852754754836,41,0.10298500599013401,41,0.13969852754754836,-0.31699920598689,0.7329386763417065,35,0.15542958190925668,0.6097560975609756,True,16,200,-0.011352558,0.1607424,0.08,0.0845771144278607,True,False,0.3005901639344262,False
extension,T-24h,moneyline,2.0,best_book,phase,early,16,6,10,0,0.375,0.20014880952380953,16,0.173921210288687,16,0.20014880952380953,-0.484375,1.1501656746031745,12,0.15701804428092925,0.625,True,48,200,0.0745816,0.33811533,0.24,0.24378109452736318,False,True,,False
extension,T-24h,moneyline,2.0,best_book,phase,mid,103,40,63,0,0.3883495145631068,0.1713711251266325,103,0.11499259799428233,103,0.1713711251266325,-0.14617317318076767,0.5443085720611692,59,0.16394839331832262,0.5533980582524272,True,3,200,0.043416504,0.13402799,0.015,0.01990049751243781,True,False,0.10677018633540371,False
extension,T-24h,moneyline,2.0,best_book,phase,late,64,18,46,0,0.28125,-0.0980864015548567,64,-0.1307728713643644,64,-0.0980864015548567,-0.3992231067517047,0.22720713661774988,37,-0.24125934878083688,0.453125,True,98,200,-0.102886364,0.022847027,0.49,0.4925373134328358,True,False,0.7427777777777778,False
extension,T-24h,moneyline,2.0,best_book,weekend,weekend,59,22,37,0,0.3728813559322034,0.019772929451584476,59,-0.011593084968959614,59,0.019772929451584476,-0.27033459198450516,0.37674719229807924,31,-0.028336571666780934,0.559322033898305,True,124,200,0.04877116,0.19514652,0.62,0.6218905472636815,True,False,0.8214104046242774,False
extension,T-24h,moneyline,2.0,best_book,weekend,weekday,124,42,82,0,0.3387096774193548,0.10814092180056273,124,0.05597988067644656,124,0.10814092180056273,-0.1834513505529883,0.42319884640374744,75,0.04540510182781146,0.5080645161290323,True,2,200,-0.020189097,0.060951512,0.01,0.014925373134328358,True,False,0.0855223880597015,True
extension,T-24h,moneyline,3.0,consensus,none,all,138,43,95,0,0.3115942028985507,0.014406780951319342,138,0.014406780951319342,138,0.05961029957949839,-0.24450999484318184,0.29395166675077594,98,-0.02119365141549709,0.5072463768115942,True,31,200,-0.038682673,0.048436966,0.155,0.15920398009950248,True,False,0.4474307304785894,False
extension,T-24h,moneyline,3.0,consensus,line_terc,small,36,17,19,0,0.4722222222222222,-0.03723941649783877,36,-0.03723941649783877,36,-0.015536798431868226,-0.32884947497284633,0.22370058782480837,31,-0.15873172610198027,0.4166666666666667,True,139,200,0.021961527,0.2103053,0.695,0.6965174129353234,False,True,,False
extension,T-24h,moneyline,3.0,consensus,line_terc,mid,42,15,27,0,0.35714285714285715,-0.04411958879649937,42,-0.04411958879649937,42,-0.016217156694015033,-0.38479046574806125,0.29862090578092776,39,-0.07015205186984608,0.5238095238095238,True,64,200,-0.09314881,0.062461197,0.32,0.32338308457711445,True,False,0.6279452054794521,False
extension,T-24h,moneyline,3.0,consensus,line_terc,large,60,11,49,0,0.18333333333333332,0.08636295824428734,60,0.08636295824428734,60,0.15777777777777777,-0.42346903593889856,0.6823159553490777,49,0.09560007371443703,0.55,True,1,200,-0.038789064,0.05667433,0.005,0.009950248756218905,True,False,0.054571428571428576,True
extension,T-24h,moneyline,3.0,consensus,total_terc,low,46,11,35,0,0.2391304347826087,-0.030890825580671747,46,-0.030890825580671747,46,0.0209256661991585,-0.5771383677424253,0.5917624324789789,38,-0.20758347545760192,0.4782608695652174,True,119,200,-0.011176792,0.12502475,0.595,0.5970149253731343,True,False,0.8088612099644128,False
extension,T-24h,moneyline,3.0,consensus,total_terc,mid,54,19,35,0,0.35185185185185186,0.1687537135609047,54,0.1687537135609047,54,0.2245483116412536,-0.23993539836942768,0.6227198342557634,46,-0.09086161158168908,0.5,True,44,200,0.100132026,0.2432337,0.22,0.22388059701492538,True,False,0.5263465553235909,False
extension,T-24h,moneyline,3.0,consensus,total_terc,high,38,13,25,0,0.34210526315789475,-0.150094389060418,38,-0.150094389060418,38,-0.1279465297846897,-0.5097816029386558,0.24841342367114205,36,0.3034379737137447,0.5526315789473685,True,48,200,-0.21248336,-0.0749948,0.24,0.24378109452736318,False,True,,False
extension,T-24h,moneyline,3.0,consensus,side,home,61,23,38,0,0.3770491803278688,0.10457705561773363,61,0.10457705561773363,61,0.16017738006539306,-0.2691183111263173,0.5565935668979441,55,0.07027966187656179,0.5081967213114754,True,2,200,-0.01184871,0.07013692,0.01,0.014925373134328358,True,False,0.0855223880597015,True
extension,T-24h,moneyline,3.0,consensus,side,away,77,20,57,0,0.2597402597402597,-0.05702681326493093,77,-0.05702681326493093,77,-0.020059725221015543,-0.3849047796915721,0.3244370939735205,59,-0.09365952298453079,0.5064935064935064,True,89,200,-0.06292919,0.05119101,0.445,0.44776119402985076,True,False,0.711255230125523,False
extension,T-24h,moneyline,3.0,consensus,side,fav,17,9,8,0,0.5294117647058824,-0.1805020161341665,17,-0.1805020161341665,17,-0.16030885408829892,-0.47646342635184064,0.12816146077903862,16,0.6488561026139121,0.7058823529411765,True,167,200,-0.057098076,0.1509438,0.835,0.835820895522388,False,True,,False
extension,T-24h,moneyline,3.0,consensus,side,dog,120,33,87,0,0.275,0.034563159470599895,120,0.034563159470599895,120,0.08368650793650793,-0.25141426366356856,0.3602103793248206,87,-0.12701264585919553,0.475,True,13,200,-0.036335886,0.043869898,0.065,0.06965174129353234,True,False,0.2613684210526316,False
extension,T-24h,moneyline,3.0,consensus,rest_sign,home_more,44,13,31,0,0.29545454545454547,-0.036845623853198395,44,-0.036845623853198395,44,0.002422726227074078,-0.4453893877164634,0.4074091984818005,39,-0.1206610682112792,0.4772727272727273,True,102,200,-0.03374043,0.13483115,0.51,0.5124378109452736,True,False,0.7512339331619537,False
extension,T-24h,moneyline,3.0,consensus,rest_sign,equal,63,19,44,0,0.30158730158730157,0.009603383948770635,63,0.009603383948770635,63,0.06495609611512579,-0.37717947433946153,0.4614852245530974,55,-0.07822336698403291,0.4603174603174603,True,50,200,-0.035012,0.08483301,0.25,0.2537313432835821,True,False,0.5467557251908397,False
extension,T-24h,moneyline,3.0,consensus,rest_sign,away_more,31,11,20,0,0.3548387096774194,0.09691387200162097,31,0.09691387200162097,31,0.1299157204105354,-0.44469457895143505,0.7699450458435682,28,0.23588500728876638,0.6451612903225806,True,21,200,-0.052104335,0.1332906,0.105,0.10945273631840796,False,True,,False
extension,T-24h,moneyline,3.0,consensus,phase,early,14,5,9,0,0.35714285714285715,0.21418136379871072,14,0.21418136379871072,14,0.2430272108843537,-0.552610229276896,1.2126817352207977,12,0.036833996477318984,0.5714285714285714,True,44,200,0.0532224,0.3472289,0.22,0.22388059701492538,False,True,,False
extension,T-24h,moneyline,3.0,consensus,phase,mid,67,24,43,0,0.3582089552238806,0.14319613233878872,67,0.14319613233878872,67,0.203129901827373,-0.26047946834648655,0.6228291526214508,51,0.16645488428284083,0.5522388059701493,True,2,200,0.0018467207,0.09708777,0.01,0.014925373134328358,True,False,0.0855223880597015,True
extension,T-24h,moneyline,3.0,consensus,phase,late,57,14,43,0,0.24561403508771928,-0.1860446348876969,57,-0.1860446348876969,57,-0.15413794794463448,-0.49861001424350576,0.15735671518313288,36,-0.2560153875959895,0.43859649122807015,True,137,200,-0.1434725,0.004120132,0.685,0.6865671641791045,True,False,0.8551307189542485,False
extension,T-24h,moneyline,3.0,consensus,weekend,weekend,45,16,29,0,0.35555555555555557,-0.01625102426811481,45,-0.01625102426811481,45,0.013545549229493423,-0.349796709952772,0.3963493338881005,29,-0.08881138924004522,0.5555555555555556,True,126,200,0.015079958,0.1728097,0.63,0.6318407960199005,True,False,0.8308170310701957,False
extension,T-24h,moneyline,3.0,consensus,weekend,weekday,93,27,66,0,0.2903225806451613,0.029241202831690658,93,0.029241202831690658,93,0.081899694910146,-0.3109084804758144,0.4038843173638811,69,0.011524608822187483,0.4838709677419355,True,13,200,-0.062318422,0.041010007,0.065,0.06965174129353234,True,False,0.2613684210526316,False
extension,T-24h,moneyline,3.0,best_book,none,all,138,43,95,0,0.3115942028985507,0.05961029957949839,138,0.014406780951319342,138,0.05961029957949839,-0.21509232565439754,0.3574425457966282,98,-0.02119365141549709,0.5072463768115942,True,30,200,0.0027237914,0.09253165,0.15,0.15422885572139303,True,False,0.4385204081632653,False
extension,T-24h,moneyline,3.0,best_book,line_terc,small,36,17,19,0,0.4722222222222222,-0.015536798431868226,36,-0.03723941649783877,36,-0.015536798431868226,-0.31467093767789117,0.25332925366163234,31,-0.15873172610198027,0.4166666666666667,True,141,200,0.04775809,0.2388649,0.705,0.7064676616915423,False,True,,False
extension,T-24h,moneyline,3.0,best_book,line_terc,mid,42,15,27,0,0.35714285714285715,-0.016217156694015033,42,-0.04411958879649937,42,-0.016217156694015033,-0.36677044077505033,0.3399297217898199,39,-0.07015205186984608,0.5238095238095238,True,65,200,-0.06584767,0.09615071,0.325,0.3283582089552239,True,False,0.6312711864406779,False
extension,T-24h,moneyline,3.0,best_book,line_terc,large,60,11,49,0,0.18333333333333332,0.15777777777777777,60,0.08636295824428734,60,0.15777777777777777,-0.38746767241379315,0.8022281959378733,49,0.09560007371443703,0.55,True,1,200,0.025445811,0.12589937,0.005,0.009950248756218905,True,False,0.054571428571428576,True
extension,T-24h,moneyline,3.0,best_book,total_terc,low,46,11,35,0,0.2391304347826087,0.0209256661991585,46,-0.030890825580671747,46,0.0209256661991585,-0.5636375366568914,0.6896396629299169,38,-0.20758347545760192,0.4782608695652174,True,114,200,0.033662573,0.1727273,0.57,0.572139303482587,True,False,0.7985574572127139,False
extension,T-24h,moneyline,3.0,best_book,total_terc,mid,54,19,35,0,0.35185185185185186,0.2245483116412536,54,0.1687537135609047,54,0.2245483116412536,-0.20722689656022997,0.7115075448349377,46,-0.09086161158168908,0.5,True,46,200,0.15446942,0.30305725,0.23,0.23383084577114427,True,False,0.5335627530364372,False
extension,T-24h,moneyline,3.0,best_book,total_terc,high,38,13,25,0,0.34210526315789475,-0.1279465297846897,38,-0.150094389060418,38,-0.1279465297846897,-0.4977539809267263,0.280342364707432,36,0.3034379737137447,0.5526315789473685,True,49,200,-0.18814178,-0.047673196,0.245,0.24875621890547264,False,True,,False
extension,T-24h,moneyline,3.0,best_book,side,home,61,23,38,0,0.3770491803278688,0.16017738006539306,61,0.10457705561773363,61,0.16017738006539306,-0.24530073060874572,0.6537159225455913,55,0.07027966187656179,0.5081967213114754,True,2,200,0.035112113,0.11871933,0.01,0.014925373134328358,True,False,0.0855223880597015,True
extension,T-24h,moneyline,3.0,best_book,side,away,77,20,57,0,0.2597402597402597,-0.020059725221015543,77,-0.05702681326493093,77,-0.020059725221015543,-0.36344926691216584,0.3813463598756393,59,-0.09365952298453079,0.5064935064935064,True,87,200,-0.026488237,0.09230754,0.435,0.43781094527363185,True,False,0.7081107954545455,False
extension,T-24h,moneyline,3.0,best_book,side,fav,17,9,8,0,0.5294117647058824,-0.16030885408829892,17,-0.1805020161341665,17,-0.16030885408829892,-0.46342917617047463,0.1560685163151738,16,0.6488561026139121,0.7058823529411765,True,166,200,-0.039273966,0.17361072,0.83,0.8308457711442786,False,True,,False
extension,T-24h,moneyline,3.0,best_book,side,dog,120,33,87,0,0.275,0.08368650793650793,120,0.034563159470599895,120,0.08368650793650793,-0.2223853134749835,0.43058073134003405,87,-0.12701264585919553,0.475,True,13,200,0.009174146,0.0908449,0.065,0.06965174129353234,True,False,0.2613684210526316,False
extension,T-24h,moneyline,3.0,best_book,rest_sign,home_more,44,13,31,0,0.29545454545454547,0.002422726227074078,44,-0.036845623853198395,44,0.002422726227074078,-0.42330977374800055,0.47275948101721854,39,-0.1206610682112792,0.4772727272727273,True,103,200,0.0060154386,0.18000336,0.515,0.5174129353233831,True,False,0.7556850192061461,False
extension,T-24h,moneyline,3.0,best_book,rest_sign,equal,63,19,44,0,0.30158730158730157,0.06495609611512579,63,0.009603383948770635,63,0.06495609611512579,-0.3540735123057579,0.5535575636972709,55,-0.07822336698403291,0.4603174603174603,True,49,200,0.01281525,0.13643317,0.245,0.24875621890547264,True,False,0.5409826589595376,False
extension,T-24h,moneyline,3.0,best_book,rest_sign,away_more,31,11,20,0,0.3548387096774194,0.1299157204105354,31,0.09691387200162097,31,0.1299157204105354,-0.4331067005216234,0.8301258865884434,28,0.23588500728876638,0.6451612903225806,True,22,200,-0.020039136,0.17233352,0.11,0.11442786069651742,False,True,,False
extension,T-24h,moneyline,3.0,best_book,phase,early,14,5,9,0,0.35714285714285715,0.2430272108843537,14,0.21418136379871072,14,0.2430272108843537,-0.5466666666666667,1.2656992412349553,12,0.036833996477318984,0.5714285714285714,True,46,200,0.08034515,0.38439646,0.23,0.23383084577114427,False,True,,False
extension,T-24h,moneyline,3.0,best_book,phase,mid,67,24,43,0,0.3582089552238806,0.203129901827373,67,0.14319613233878872,67,0.203129901827373,-0.22983126362938902,0.7151233341776777,51,0.16645488428284083,0.5522388059701493,True,2,200,0.051209155,0.14982873,0.01,0.014925373134328358,True,False,0.0855223880597015,True
extension,T-24h,moneyline,3.0,best_book,phase,late,57,14,43,0,0.24561403508771928,-0.15413794794463448,57,-0.1860446348876969,57,-0.15413794794463448,-0.47926629629629625,0.20655957482342907,36,-0.2560153875959895,0.43859649122807015,True,136,200,-0.11279744,0.038740467,0.68,0.681592039800995,True,False,0.8507423580786028,False
extension,T-24h,moneyline,3.0,best_book,weekend,weekend,45,16,29,0,0.35555555555555557,0.013545549229493423,45,-0.01625102426811481,45,0.013545549229493423,-0.32990591323670126,0.4409377067749193,29,-0.08881138924004522,0.5555555555555556,True,130,200,0.04944944,0.21037464,0.65,0.6517412935323383,True,False,0.840744920993228,False
extension,T-24h,moneyline,3.0,best_book,weekend,weekday,93,27,66,0,0.2903225806451613,0.081899694910146,93,0.029241202831690658,93,0.081899694910146,-0.28446429151719305,0.4828108359052099,69,0.011524608822187483,0.4838709677419355,True,13,200,-0.017769359,0.08959512,0.065,0.06965174129353234,True,False,0.2613684210526316,False
extension,near-tip,spread,0.5,consensus,none,all,332,168,163,1,0.5075528700906344,-0.030941949616648402,332,-0.030941949616648402,332,-0.008098037521682153,-0.11114595711656101,0.054887634608996816,134,,,False,182,200,0.011831394,0.073356695,0.91,0.9104477611940298,True,False,0.9764606741573035,False
extension,near-tip,spread,0.5,consensus,line_terc,small,113,62,51,0,0.5486725663716814,0.04746580852775543,113,0.04746580852775543,113,0.06237058381700731,-0.0975206611570248,0.19752066115702477,84,,,False,73,200,0.017605416,0.16536683,0.365,0.3681592039800995,True,False,0.6546009389671361,False
extension,near-tip,spread,0.5,consensus,line_terc,mid,104,54,49,1,0.5242718446601942,0.0008741258741258755,104,0.0008741258741258755,104,0.04017216280101087,-0.13519427250354243,0.1415182755388941,74,,,False,87,200,-0.009018879,0.092793055,0.435,0.43781094527363185,True,False,0.7081107954545455,False
extension,near-tip,spread,0.5,consensus,line_terc,large,115,52,63,0,0.45217391304347826,-0.1367588932806324,115,-0.1367588932806324,115,-0.12099416834630813,-0.2727674979887369,0.004784688995215313,78,,,False,200,200,0.026486928,0.08181818,1.0,1.0,True,False,1.0,False
extension,near-tip,spread,0.5,consensus,total_terc,low,112,50,62,0,0.44642857142857145,-0.14772727272727273,112,-0.14772727272727273,112,-0.12409299186347433,-0.29567519858781993,-0.0031799699941293114,74,,,False,183,200,-0.06704714,0.035733297,0.915,0.9154228855721394,True,False,0.9809073900841909,False
extension,near-tip,spread,0.5,consensus,total_terc,mid,112,64,47,1,0.5765765765765766,0.09983766233766235,112,0.09983766233766235,112,0.12613034364255238,-0.03591103679893912,0.22765469824293355,84,,,False,71,200,0.079114944,0.19378334,0.355,0.3582089552238806,True,False,0.6527848101265823,False
extension,near-tip,spread,0.5,consensus,total_terc,high,108,54,54,0,0.5,-0.04545454545454543,108,-0.04545454545454543,108,-0.027006776448659373,-0.18688618861886191,0.09595959595959594,75,,,False,163,200,0.025528615,0.13575281,0.815,0.8159203980099502,True,False,0.925659068384539,False
extension,near-tip,spread,0.5,consensus,side,home,148,78,69,1,0.5306122448979592,0.012899262899262905,148,0.012899262899262905,148,0.030295764768218457,-0.11188811188811186,0.1327272727272727,94,,,False,176,200,0.0577,0.11962613,0.88,0.8805970149253731,True,False,0.9577207977207978,False
extension,near-tip,spread,0.5,consensus,side,away,184,90,94,0,0.4891304347826087,-0.06620553359683792,184,-0.06620553359683792,184,-0.03898000892877611,-0.180338684477371,0.047286713286713286,110,,,False,168,200,-0.030141212,0.02973801,0.84,0.8407960199004975,True,False,0.9336954413191076,False
extension,near-tip,spread,0.5,consensus,side,fav,72,32,40,0,0.4444444444444444,-0.1515151515151515,72,-0.1515151515151515,72,-0.11647436422075724,-0.33712121212121215,0.036363636363636334,59,,,False,165,200,-0.051005565,0.12317875,0.825,0.8258706467661692,True,False,0.9296460176991149,False
extension,near-tip,spread,0.5,consensus,side,dog,260,136,123,1,0.525096525096525,0.0024475524475524556,260,0.0024475524475524556,260,0.021913868333446343,-0.09300809822361546,0.10027758501040944,122,,,False,164,200,0.02560624,0.06704138,0.82,0.8208955223880597,True,False,0.9258325123152709,False
extension,near-tip,spread,0.5,consensus,rest_sign,home_more,102,54,47,1,0.5346534653465347,0.02049910873440286,102,0.02049910873440286,102,0.045783660768370656,-0.1494149414941494,0.19318181818181818,78,,,False,164,200,0.08594916,0.20242321,0.82,0.8208955223880597,True,False,0.9258325123152709,False
extension,near-tip,spread,0.5,consensus,rest_sign,equal,144,70,74,0,0.4861111111111111,-0.07196969696969696,144,-0.07196969696969696,144,-0.05952305376546421,-0.18379446640316202,0.042553191489361715,88,,,False,153,200,-0.03722491,0.05378425,0.765,0.7661691542288557,True,False,0.8964110429447854,False
extension,near-tip,spread,0.5,consensus,rest_sign,away_more,86,44,42,0,0.5116279069767442,-0.023255813953488372,86,-0.023255813953488372,86,0.014102766123890253,-0.20092996494232884,0.13286713286713286,64,,,False,133,200,0.00504655,0.12809917,0.665,0.6666666666666666,True,False,0.8477085650723026,False
extension,near-tip,spread,0.5,consensus,phase,early,30,16,14,0,0.5333333333333333,0.018181818181818167,30,0.018181818181818167,30,0.020073435113129666,-0.20454545454545453,0.27272727272727276,15,,,False,7,200,-0.21568784,-0.013219392,0.035,0.03980099502487562,False,True,,False
extension,near-tip,spread,0.5,consensus,phase,mid,195,98,96,1,0.5051546391752577,-0.03543123543123543,195,-0.03543123543123543,195,-0.012880578910886814,-0.14070465419747716,0.06868062524319563,76,,,False,188,200,0.047215376,0.11242506,0.94,0.9402985074626866,True,False,1.0,False
extension,near-tip,spread,0.5,consensus,phase,late,107,54,53,0,0.5046728971962616,-0.03653355989804586,107,-0.03653355989804586,107,-0.007280734794106875,-0.19230769230769232,0.11665723878690558,47,,,False,146,200,0.010931398,0.117995426,0.73,0.7313432835820896,True,False,0.8796845425867507,False
extension,near-tip,spread,0.5,consensus,weekend,weekend,102,51,51,0,0.5,-0.04545454545454544,102,-0.04545454545454544,102,-0.008490264092302814,-0.1930646672914714,0.11040731995277446,40,,,False,137,200,-0.014903372,0.09351699,0.685,0.6865671641791045,True,False,0.8551307189542485,False
extension,near-tip,spread,0.5,consensus,weekend,weekday,230,117,112,1,0.5109170305676856,-0.02450592885375492,230,-0.02450592885375492,230,-0.007924093564276485,-0.12480063795853266,0.07424377705627705,94,,,False,170,200,0.023812123,0.0917109,0.85,0.8507462686567164,True,False,0.9411594202898551,False
extension,near-tip,spread,0.5,best_book,none,all,332,169,156,7,0.52,-0.008098037521682153,332,-0.030941949616648402,332,-0.008098037521682153,-0.08683802416394706,0.07599048016637694,134,,,False,176,200,0.030603254,0.09071716,0.88,0.8805970149253731,True,False,0.9577207977207978,False
extension,near-tip,spread,0.5,best_book,line_terc,small,113,62,49,2,0.5585585585585585,0.06237058381700731,113,0.04746580852775543,113,0.06237058381700731,-0.07918515024739776,0.2086328702790446,84,,,False,65,200,0.027830884,0.17009403,0.325,0.3283582089552239,True,False,0.6312711864406779,False
extension,near-tip,spread,0.5,best_book,line_terc,mid,104,55,46,3,0.5445544554455446,0.04017216280101087,104,0.0008741258741258755,104,0.04017216280101087,-0.08999361060146537,0.17624325041762895,74,,,False,78,200,0.022064976,0.123617634,0.39,0.39303482587064675,True,False,0.6751359516616314,False
extension,near-tip,spread,0.5,best_book,line_terc,large,115,52,61,2,0.46017699115044247,-0.12099416834630813,115,-0.1367588932806324,115,-0.12099416834630813,-0.2617949294951079,0.02166195514021595,78,,,False,200,200,0.041588344,0.095316865,1.0,1.0,True,False,1.0,False
extension,near-tip,spread,0.5,best_book,total_terc,low,112,50,59,3,0.45871559633027525,-0.12409299186347433,112,-0.14772727272727273,112,-0.12409299186347433,-0.27300227621730594,0.024997779049307372,74,,,False,181,200,-0.0494763,0.05076957,0.905,0.9054726368159204,True,False,0.9747462406015038,False
extension,near-tip,spread,0.5,best_book,total_terc,mid,112,65,45,2,0.5909090909090909,0.12613034364255238,112,0.09983766233766235,112,0.12613034364255238,-0.007109143260893317,0.25630593881012914,84,,,False,60,200,0.09555453,0.20538484,0.3,0.3034825870646766,True,False,0.6074204946996467,False
extension,near-tip,spread,0.5,best_book,total_terc,high,108,54,52,2,0.5094339622641509,-0.027006776448659373,108,-0.04545454545454543,108,-0.027006776448659373,-0.16744843286280223,0.11196456514498496,75,,,False,168,200,0.04780312,0.15752247,0.84,0.8407960199004975,True,False,0.9336954413191076,False
extension,near-tip,spread,0.5,best_book,side,home,148,79,67,2,0.541095890410959,0.030295764768218457,148,0.012899262899262905,148,0.030295764768218457,-0.0924779781751777,0.14783519101220088,94,,,False,177,200,0.074796885,0.13816112,0.885,0.8855721393034826,True,False,0.9622485768500949,False
extension,near-tip,spread,0.5,best_book,side,away,184,90,89,5,0.5027932960893855,-0.03898000892877611,184,-0.06620553359683792,184,-0.03898000892877611,-0.151383848946131,0.07161533306728453,110,,,False,154,200,-0.0098518105,0.045463093,0.77,0.7711442786069652,True,False,0.8995107033639145,False
extension,near-tip,spread,0.5,best_book,side,fav,72,32,37,3,0.463768115942029,-0.11647436422075724,72,-0.1515151515151515,72,-0.11647436422075724,-0.2913765723241949,0.0659821657678873,59,,,False,166,200,-0.031791642,0.1383211,0.83,0.8308457711442786,True,False,0.9307045009784736,False
extension,near-tip,spread,0.5,best_book,side,dog,260,137,119,4,0.53515625,0.021913868333446343,260,0.0024475524475524556,260,0.021913868333446343,-0.07377894492926056,0.12006060712513474,122,,,False,164,200,0.044247128,0.08378655,0.82,0.8208955223880597,True,False,0.9258325123152709,False
extension,near-tip,spread,0.5,best_book,rest_sign,home_more,102,55,45,2,0.55,0.045783660768370656,102,0.02049910873440286,102,0.045783660768370656,-0.12329729525447301,0.2193225410816703,78,,,False,160,200,0.106200255,0.2167396,0.8,0.8009950248756219,True,False,0.9168000000000001,False
extension,near-tip,spread,0.5,best_book,rest_sign,equal,144,70,72,2,0.49295774647887325,-0.05952305376546421,144,-0.07196969696969696,144,-0.05952305376546421,-0.17319442913249392,0.05544644201787077,88,,,False,147,200,-0.029961586,0.05570497,0.735,0.736318407960199,True,False,0.8810774058577405,False
extension,near-tip,spread,0.5,best_book,rest_sign,away_more,86,44,39,3,0.5301204819277109,0.014102766123890253,86,-0.023255813953488372,86,0.014102766123890253,-0.15586680283317564,0.16761093878403932,64,,,False,134,200,0.042199038,0.16270436,0.67,0.6716417910447762,True,False,0.8484198895027625,False
extension,near-tip,spread,0.5,best_book,phase,early,30,16,14,0,0.5333333333333333,0.020073435113129666,30,0.018181818181818167,30,0.020073435113129666,-0.20233013527836063,0.2792477150028692,15,,,False,9,200,-0.20541756,-0.015983041,0.045,0.04975124378109453,False,True,,False
extension,near-tip,spread,0.5,best_book,phase,mid,195,99,92,4,0.518324607329843,-0.012880578910886814,195,-0.03543123543123543,195,-0.012880578910886814,-0.11742873057120794,0.08863577204543392,76,,,False,190,200,0.06844559,0.13237384,0.95,0.9502487562189055,True,False,1.0,False
extension,near-tip,spread,0.5,best_book,phase,late,107,54,50,3,0.5192307692307693,-0.007280734794106875,107,-0.03653355989804586,107,-0.007280734794106875,-0.1661780496918333,0.15106111152351423,47,,,False,136,200,0.027591825,0.1289488,0.68,0.681592039800995,True,False,0.8507423580786028,False
extension,near-tip,spread,0.5,best_book,weekend,weekend,102,51,47,4,0.5204081632653061,-0.008490264092302814,102,-0.04545454545454544,102,-0.008490264092302814,-0.1571672863102134,0.14561040719556959,40,,,False,132,200,0.018873842,0.10995707,0.66,0.6616915422885572,True,False,0.8460402684563758,False
extension,near-tip,spread,0.5,best_book,weekend,weekday,230,118,109,3,0.5198237885462555,-0.007924093564276485,230,-0.02450592885375492,230,-0.007924093564276485,-0.10693299770888945,0.08981739567420707,94,,,False,166,200,0.03586955,0.106326826,0.83,0.8308457711442786,True,False,0.9307045009784736,False
extension,near-tip,spread,1.0,consensus,none,all,286,147,138,1,0.5157894736842106,-0.01525746980292434,286,-0.01525746980292434,286,0.0047265330901246185,-0.10734168135634511,0.07113264963818466,129,,,False,155,200,0.012114328,0.07052265,0.775,0.7761194029850746,True,False,0.9044297352342159,False
extension,near-tip,spread,1.0,consensus,line_terc,small,98,53,45,0,0.5408163265306123,0.03246753246753245,98,0.03246753246753245,98,0.049999809640368945,-0.11888111888111888,0.19062599808367933,74,,,False,84,200,0.018802045,0.18057261,0.42,0.4228855721393035,True,False,0.7006113537117904,False
extension,near-tip,spread,1.0,consensus,line_terc,mid,92,50,41,1,0.5494505494505495,0.048418972332015815,92,0.048418972332015815,92,0.08248225137700654,-0.10285952652914965,0.20454545454545456,68,,,False,49,200,-0.010412425,0.097416125,0.245,0.24875621890547264,True,False,0.5409826589595376,False
extension,near-tip,spread,1.0,consensus,line_terc,large,96,44,52,0,0.4583333333333333,-0.125,96,-0.125,96,-0.11600583341317838,-0.27878787878787875,0.027972027972027965,72,,,False,200,200,0.026929043,0.07983606,1.0,1.0,True,False,1.0,False
extension,near-tip,spread,1.0,consensus,total_terc,low,101,45,56,0,0.44554455445544555,-0.1494149414941494,101,-0.1494149414941494,101,-0.12276597695046608,-0.3025240384615385,0.009414938509766085,67,,,False,182,200,-0.069240324,0.029315121,0.91,0.9104477611940298,True,False,0.9764606741573035,False
extension,near-tip,spread,1.0,consensus,total_terc,mid,98,56,41,1,0.5773195876288659,0.10111317254174394,98,0.10111317254174394,98,0.12022583176177482,-0.04502700270027005,0.24247159090909093,75,,,False,80,200,0.081780545,0.19615176,0.4,0.40298507462686567,True,False,0.6903614457831326,False
extension,near-tip,spread,1.0,consensus,total_terc,high,87,46,41,0,0.5287356321839081,0.009404388714733546,87,0.009404388714733546,87,0.022632420955388262,-0.15600422832980976,0.16666666666666663,70,,,False,115,200,0.02658919,0.13530082,0.575,0.5771144278606966,True,False,0.8006682867557715,False
extension,near-tip,spread,1.0,consensus,side,home,132,70,61,1,0.5343511450381679,0.019972451790633606,132,0.019972451790633606,132,0.04050530292207817,-0.11205899841437635,0.14545454545454548,87,,,False,162,200,0.057102446,0.11707607,0.81,0.8109452736318408,True,False,0.92272365805169,False
extension,near-tip,spread,1.0,consensus,side,away,154,77,77,0,0.5,-0.04545454545454544,154,-0.04545454545454544,154,-0.025940983908692716,-0.16843279419966536,0.07905138339920949,96,,,False,124,200,-0.028886855,0.033164904,0.62,0.6218905472636815,True,False,0.8214104046242774,False
extension,near-tip,spread,1.0,consensus,side,fav,54,24,30,0,0.4444444444444444,-0.15151515151515152,54,-0.15151515151515152,54,-0.1209458836064017,-0.3528409090909093,0.05329153605015674,47,,,False,163,200,-0.054210614,0.122994654,0.815,0.8159203980099502,True,False,0.925659068384539,False
extension,near-tip,spread,1.0,consensus,side,dog,232,123,108,1,0.5324675324675324,0.016457680250783716,232,0.016457680250783716,232,0.033977871459143674,-0.08885158402203856,0.12150521979105805,120,,,False,131,200,0.02563967,0.0699939,0.655,0.6567164179104478,True,False,0.8434044943820225,False
extension,near-tip,spread,1.0,consensus,rest_sign,home_more,89,47,41,1,0.5340909090909091,0.01940755873340142,89,0.01940755873340142,89,0.04853469480339247,-0.1590909090909091,0.1990298332158797,73,,,False,163,200,0.089397185,0.20338109,0.815,0.8159203980099502,True,False,0.925659068384539,False
extension,near-tip,spread,1.0,consensus,rest_sign,equal,126,63,63,0,0.5,-0.04545454545454544,126,-0.04545454545454544,126,-0.0388970837350055,-0.1568396805896806,0.07287753568745305,82,,,False,104,200,-0.03845171,0.052015226,0.52,0.5223880597014925,True,False,0.7581679389312979,False
extension,near-tip,spread,1.0,consensus,rest_sign,away_more,71,37,34,0,0.5211267605633803,-0.005121638924455815,71,-0.005121638924455815,71,0.027228636294146555,-0.18929016189290163,0.1749257591723344,52,,,False,116,200,0.003878531,0.122994654,0.58,0.582089552238806,True,False,0.8037243047158403,False
extension,near-tip,spread,1.0,consensus,phase,early,28,14,14,0,0.5,-0.04545454545454545,28,-0.04545454545454545,28,-0.04411191611426611,-0.27586206896551724,0.24825174825174828,15,,,False,14,200,-0.226867,-0.014556578,0.07,0.07462686567164178,False,True,,False
extension,near-tip,spread,1.0,consensus,phase,mid,160,83,76,1,0.5220125786163522,-0.0034090909090909115,160,-0.0034090909090909115,160,0.012752462770142425,-0.12085175411151769,0.11188301728945897,72,,,False,174,200,0.04907733,0.10866704,0.87,0.8706467661691543,True,False,0.9568330134357006,False
extension,near-tip,spread,1.0,consensus,phase,late,98,50,48,0,0.5102040816326531,-0.02597402597402595,98,-0.02597402597402595,98,0.00557681705869697,-0.1846590909090909,0.1306609787192311,45,,,False,136,200,0.011518733,0.11813979,0.68,0.681592039800995,True,False,0.8507423580786028,False
extension,near-tip,spread,1.0,consensus,weekend,weekend,94,46,48,0,0.48936170212765956,-0.0657640232108317,94,-0.0657640232108317,94,-0.02527689114661276,-0.22377622377622378,0.10674703557312247,40,,,False,153,200,-0.016049061,0.1013986,0.765,0.7661691542288557,True,False,0.8964110429447854,False
extension,near-tip,spread,1.0,consensus,weekend,weekday,192,101,90,1,0.5287958115183246,0.009469696969696961,192,0.009469696969696961,192,0.019415709539360615,-0.09134858818362655,0.11303992968357605,89,,,False,124,200,0.02477366,0.099040404,0.62,0.6218905472636815,True,False,0.8214104046242774,False
extension,near-tip,spread,1.0,best_book,none,all,286,148,133,5,0.5266903914590747,0.0047265330901246185,286,-0.01525746980292434,286,0.0047265330901246185,-0.08712965915274905,0.08991922502848108,129,,,False,157,200,0.030812249,0.08606603,0.785,0.7860696517412935,True,False,0.9068649193548387,False
extension,near-tip,spread,1.0,best_book,line_terc,small,98,53,43,2,0.5520833333333334,0.049999809640368945,98,0.03246753246753245,98,0.049999809640368945,-0.09956737211010445,0.19973976781132913,74,,,False,81,200,0.028880961,0.18320893,0.405,0.4079601990049751,True,False,0.6937668161434979,False
extension,near-tip,spread,1.0,best_book,line_terc,mid,92,51,39,2,0.5666666666666667,0.08248225137700654,92,0.048418972332015815,92,0.08248225137700654,-0.07024552641839153,0.2392366259917787,68,,,False,44,200,0.02061095,0.12851219,0.22,0.22388059701492538,True,False,0.5263465553235909,False
extension,near-tip,spread,1.0,best_book,line_terc,large,96,44,51,1,0.4631578947368421,-0.11600583341317838,96,-0.125,96,-0.11600583341317838,-0.2697365036415268,0.03807757463803772,72,,,False,200,200,0.04204602,0.09341983,1.0,1.0,True,False,1.0,False
extension,near-tip,spread,1.0,best_book,total_terc,low,101,45,53,3,0.45918367346938777,-0.12276597695046608,101,-0.1494149414941494,101,-0.12276597695046608,-0.27539633515494555,0.036393596735050326,67,,,False,176,200,-0.051906943,0.045917433,0.88,0.8805970149253731,True,False,0.9577207977207978,False
extension,near-tip,spread,1.0,best_book,total_terc,mid,98,57,40,1,0.5876288659793815,0.12022583176177482,98,0.10111317254174394,98,0.12022583176177482,-0.025384469777168968,0.26144789530998985,75,,,False,75,200,0.0982011,0.21322203,0.375,0.3781094527363184,True,False,0.6673136645962733,False
extension,near-tip,spread,1.0,best_book,total_terc,high,87,46,40,1,0.5348837209302325,0.022632420955388262,87,0.009404388714733546,87,0.022632420955388262,-0.1371862417051026,0.17326690969357536,70,,,False,131,200,0.048928633,0.15557647,0.655,0.6567164179104478,True,False,0.8434044943820225,False
extension,near-tip,spread,1.0,best_book,side,home,132,71,59,2,0.5461538461538461,0.04050530292207817,132,0.019972451790633606,132,0.04050530292207817,-0.08901243719852138,0.16365863022620686,87,,,False,157,200,0.0744636,0.13688977,0.785,0.7860696517412935,True,False,0.9068649193548387,False
extension,near-tip,spread,1.0,best_book,side,away,154,77,74,3,0.5099337748344371,-0.025940983908692716,154,-0.04545454545454544,154,-0.025940983908692716,-0.1459041035452161,0.09734264686461411,96,,,False,136,200,-0.00900219,0.053296153,0.68,0.681592039800995,True,False,0.8507423580786028,False
extension,near-tip,spread,1.0,best_book,side,fav,54,24,28,2,0.46153846153846156,-0.1209458836064017,54,-0.15151515151515152,54,-0.1209458836064017,-0.31836716122200576,0.07466865145395762,47,,,False,162,200,-0.03508547,0.14006539,0.81,0.8109452736318408,True,False,0.92272365805169,False
extension,near-tip,spread,1.0,best_book,side,dog,232,124,105,3,0.5414847161572053,0.033977871459143674,232,0.016457680250783716,232,0.033977871459143674,-0.06991213470154074,0.13889499665609176,120,,,False,130,200,0.044229764,0.087182775,0.65,0.6517412935323383,True,False,0.840744920993228,False
extension,near-tip,spread,1.0,best_book,rest_sign,home_more,89,48,39,2,0.5517241379310345,0.04853469480339247,89,0.01940755873340142,89,0.04853469480339247,-0.1352913524754232,0.22889884807331698,73,,,False,159,200,0.110007666,0.2262594,0.795,0.7960199004975125,True,False,0.9138114343029088,False
extension,near-tip,spread,1.0,best_book,rest_sign,equal,126,63,62,1,0.504,-0.0388970837350055,126,-0.04545454545454544,126,-0.0388970837350055,-0.15268821575741845,0.08127086744254867,82,,,False,110,200,-0.031412553,0.05492413,0.55,0.5522388059701493,True,False,0.7849315068493151,False
extension,near-tip,spread,1.0,best_book,rest_sign,away_more,71,37,32,2,0.5362318840579711,0.027228636294146555,71,-0.005121638924455815,71,0.027228636294146555,-0.14904656924540102,0.2056582710227763,52,,,False,114,200,0.040711705,0.15371956,0.57,0.572139303482587,True,False,0.7985574572127139,False
extension,near-tip,spread,1.0,best_book,phase,early,28,14,14,0,0.5,-0.04411191611426611,28,-0.04545454545454545,28,-0.04411191611426611,-0.2760151061463073,0.25242418915511616,15,,,False,14,200,-0.21710192,-0.017557032,0.07,0.07462686567164178,False,True,,False
extension,near-tip,spread,1.0,best_book,phase,mid,160,84,74,2,0.5316455696202531,0.012752462770142425,160,-0.0034090909090909115,160,0.012752462770142425,-0.10487417126699332,0.12471426987608415,72,,,False,178,200,0.070626706,0.1362739,0.89,0.8905472636815921,True,False,0.964938505203406,False
extension,near-tip,spread,1.0,best_book,phase,late,98,50,45,3,0.5263157894736842,0.00557681705869697,98,-0.02597402597402595,98,0.00557681705869697,-0.15483767026103995,0.16638302176888817,45,,,False,127,200,0.027498728,0.1278798,0.635,0.6368159203980099,True,False,0.83548794489093,False
extension,near-tip,spread,1.0,best_book,weekend,weekend,94,46,44,4,0.5111111111111111,-0.02527689114661276,94,-0.0657640232108317,94,-0.02527689114661276,-0.18484463556309305,0.15082988577164208,40,,,False,148,200,0.017419243,0.12632203,0.74,0.7412935323383084,True,False,0.8824557752341311,False
extension,near-tip,spread,1.0,best_book,weekend,weekday,192,102,89,1,0.5340314136125655,0.019415709539360615,192,0.009469696969696961,192,0.019415709539360615,-0.08057281538668858,0.12516336816506002,89,,,False,129,200,0.036855176,0.11257326,0.645,0.6467661691542289,True,False,0.8399659090909092,False
extension,near-tip,spread,1.5,consensus,none,all,259,136,122,1,0.5271317829457365,0.006318006318006321,259,0.006318006318006321,259,0.025113286846290318,-0.08337446668854612,0.09846564069305802,127,,,False,114,200,0.014554071,0.07657778,0.57,0.572139303482587,True,False,0.7985574572127139,False
extension,near-tip,spread,1.5,consensus,line_terc,small,86,46,40,0,0.5348837209302325,0.021141649048625803,86,0.021141649048625803,86,0.04152912872822919,-0.13636363636363635,0.17977528089887637,67,,,False,101,200,0.025452636,0.17971796,0.505,0.5074626865671642,True,False,0.7477131782945736,False
extension,near-tip,spread,1.5,consensus,line_terc,mid,84,47,36,1,0.5662650602409639,0.08008658008658008,84,0.08008658008658008,84,0.10669349253671123,-0.07823139170372531,0.24999999999999994,65,,,False,14,200,-0.010225401,0.0925526,0.07,0.07462686567164178,True,False,0.27662068965517245,False
extension,near-tip,spread,1.5,consensus,line_terc,large,89,43,46,0,0.48314606741573035,-0.07763023493360573,89,-0.07763023493360573,89,-0.0677462601182277,-0.2363636363636363,0.08484804895909602,68,,,False,200,200,0.027396379,0.07692308,1.0,1.0,True,False,1.0,False
extension,near-tip,spread,1.5,consensus,total_terc,low,92,43,49,0,0.4673913043478261,-0.1077075098814229,92,-0.1077075098814229,92,-0.07802195433129658,-0.2672176308539944,0.058300395256916986,61,,,False,140,200,-0.07007887,0.03194103,0.7,0.7014925373134329,True,False,0.8607296137339056,False
extension,near-tip,spread,1.5,consensus,total_terc,mid,93,52,40,1,0.5652173913043478,0.07820136852394917,93,0.07820136852394917,93,0.08793801514793363,-0.07764482708302935,0.22020410288451522,73,,,False,108,200,0.086816356,0.20019446,0.54,0.5422885572139303,True,False,0.7774371859296483,False
extension,near-tip,spread,1.5,consensus,total_terc,high,74,41,33,0,0.5540540540540541,0.05773955773955774,74,0.05773955773955774,74,0.07438007679608985,-0.10909090909090907,0.22386687386687376,62,,,False,72,200,0.030366177,0.14545454,0.36,0.36318407960199006,True,False,0.6527848101265823,False
extension,near-tip,spread,1.5,consensus,side,home,116,63,52,1,0.5478260869565217,0.04545454545454546,116,0.04545454545454546,116,0.07013980777666172,-0.09573612228479485,0.184985632183908,83,,,False,117,200,0.057659138,0.13184829,0.585,0.5870646766169154,True,False,0.804813925570228,False
extension,near-tip,spread,1.5,consensus,side,away,143,73,70,0,0.5104895104895105,-0.025429116338207235,143,-0.025429116338207235,143,-0.011411723139185774,-0.15585827216262,0.09472345835982197,90,,,False,105,200,-0.02470856,0.044385027,0.525,0.527363184079602,True,False,0.7615822784810127,False
extension,near-tip,spread,1.5,consensus,side,fav,45,21,24,0,0.4666666666666667,-0.1090909090909091,45,-0.1090909090909091,45,-0.09238203262992331,-0.3359683794466403,0.1281877213695395,42,,,False,135,200,-0.05352671,0.13814409,0.675,0.6766169154228856,True,False,0.8491218441273327,False
extension,near-tip,spread,1.5,consensus,side,dog,214,115,98,1,0.539906103286385,0.03058623619371284,214,0.03058623619371284,214,0.04982024654923242,-0.07242200060949341,0.14139298679230705,117,,,False,90,200,0.02738405,0.07359307,0.45,0.4527363184079602,True,False,0.7132780082987552,False
extension,near-tip,spread,1.5,consensus,rest_sign,home_more,76,41,34,1,0.5466666666666666,0.04306220095693781,76,0.04306220095693781,76,0.06556602904544788,-0.14339070020888206,0.2197586328400281,66,,,False,151,200,0.09385661,0.21811642,0.755,0.7562189054726368,True,False,0.8883264887063655,False
extension,near-tip,spread,1.5,consensus,rest_sign,equal,116,59,57,0,0.5086206896551724,-0.028996865203761744,116,-0.028996865203761744,116,-0.021576027431537467,-0.14982174688057046,0.09814963797264678,78,,,False,88,200,-0.036922026,0.051454604,0.44,0.4427860696517413,True,False,0.7111988716502116,False
extension,near-tip,spread,1.5,consensus,rest_sign,away_more,67,36,31,0,0.5373134328358209,0.02578018995929444,67,0.02578018995929444,67,0.06006182489244024,-0.16115702479338845,0.20731283422459884,51,,,False,80,200,0.0054860846,0.13088843,0.4,0.40298507462686567,True,False,0.6903614457831326,False
extension,near-tip,spread,1.5,consensus,phase,early,23,12,11,0,0.5217391304347826,-0.003952569169960485,23,-0.003952569169960485,23,-0.0005995555513767394,-0.23636363636363636,0.27272727272727276,15,,,False,9,200,-0.23268425,-0.012417275,0.045,0.04975124378109453,False,True,,False
extension,near-tip,spread,1.5,consensus,phase,mid,143,75,67,1,0.528169014084507,0.008264462809917366,143,0.008264462809917366,143,0.02744044721328327,-0.11582988723928324,0.1284622547746747,70,,,False,170,200,0.051911034,0.113922074,0.85,0.8507462686567164,True,False,0.9411594202898551,False
extension,near-tip,spread,1.5,consensus,phase,late,93,49,44,0,0.5268817204301075,0.005865102639296185,93,0.005865102639296185,93,0.027894055047003756,-0.15644820295983086,0.16555023923444973,45,,,False,116,200,0.015015801,0.13062665,0.58,0.582089552238806,True,False,0.8037243047158403,False
extension,near-tip,spread,1.5,consensus,weekend,weekend,85,42,43,0,0.49411764705882355,-0.05668449197860964,85,-0.05668449197860964,85,-0.022529373906633007,-0.23170731707317074,0.12809917355371903,40,,,False,150,200,-0.011857339,0.09683489,0.75,0.7512437810945274,True,False,0.8879132231404959,False
extension,near-tip,spread,1.5,consensus,weekend,weekday,174,94,79,1,0.5433526011560693,0.03709508881922674,174,0.03709508881922674,174,0.048387000432488496,-0.06792083593057974,0.14469300333174676,87,,,False,72,200,0.026356008,0.107957155,0.36,0.36318407960199006,True,False,0.6527848101265823,False
extension,near-tip,spread,1.5,best_book,none,all,259,137,118,4,0.5372549019607843,0.025113286846290318,259,0.006318006318006321,259,0.025113286846290318,-0.0657516024128464,0.11807061778099277,127,,,False,113,200,0.033267617,0.09325956,0.565,0.5671641791044776,True,False,0.7974014778325121,False
extension,near-tip,spread,1.5,best_book,line_terc,small,86,46,38,2,0.5476190476190477,0.04152912872822919,86,0.021141649048625803,86,0.04152912872822919,-0.10805075479372228,0.19672877175043735,67,,,False,91,200,0.03544446,0.18611783,0.455,0.4577114427860697,True,False,0.7182231404958679,False
extension,near-tip,spread,1.5,best_book,line_terc,mid,84,48,35,1,0.5783132530120482,0.10669349253671123,84,0.08008658008658008,84,0.10669349253671123,-0.048604294769246076,0.277313668249672,65,,,False,19,200,0.020837646,0.12619978,0.095,0.09950248756218906,True,False,0.33192073170731706,False
extension,near-tip,spread,1.5,best_book,line_terc,large,89,43,45,1,0.48863636363636365,-0.0677462601182277,89,-0.07763023493360573,89,-0.0677462601182277,-0.22883004564603382,0.09796149157216419,68,,,False,200,200,0.042592887,0.090744875,1.0,1.0,True,False,1.0,False
extension,near-tip,spread,1.5,best_book,total_terc,low,92,43,46,3,0.48314606741573035,-0.07802195433129658,92,-0.1077075098814229,92,-0.07802195433129658,-0.24230599781231266,0.09022243973726034,61,,,False,121,200,-0.052728843,0.050178632,0.605,0.6069651741293532,True,False,0.8119163763066202,False
extension,near-tip,spread,1.5,best_book,total_terc,mid,93,53,40,0,0.5698924731182796,0.08793801514793363,93,0.07820136852394917,93,0.08793801514793363,-0.06910575517089353,0.2313897298525287,73,,,False,115,200,0.102980554,0.21097285,0.575,0.5771144278606966,True,False,0.8006682867557715,False
extension,near-tip,spread,1.5,best_book,total_terc,high,74,41,32,1,0.5616438356164384,0.07438007679608985,74,0.05773955773955774,74,0.07438007679608985,-0.08436852286113287,0.23819365028719205,62,,,False,78,200,0.053018197,0.16276981,0.39,0.39303482587064675,True,False,0.6751359516616314,False
extension,near-tip,spread,1.5,best_book,side,home,116,64,50,2,0.5614035087719298,0.07013980777666172,116,0.04545454545454546,116,0.07013980777666172,-0.07063173690325775,0.21021611871129234,83,,,False,103,200,0.07524399,0.14174539,0.515,0.5174129353233831,True,False,0.7556850192061461,False
extension,near-tip,spread,1.5,best_book,side,away,143,73,68,2,0.5177304964539007,-0.011411723139185774,143,-0.025429116338207235,143,-0.011411723139185774,-0.14083469124047626,0.1070377871976785,90,,,False,116,200,-0.005008318,0.059952892,0.58,0.582089552238806,True,False,0.8037243047158403,False
extension,near-tip,spread,1.5,best_book,side,fav,45,21,23,1,0.4772727272727273,-0.09238203262992331,45,-0.1090909090909091,45,-0.09238203262992331,-0.3167093666592957,0.14522779935618194,42,,,False,144,200,-0.034890343,0.1462858,0.72,0.7213930348258707,True,False,0.8740677966101695,False
extension,near-tip,spread,1.5,best_book,side,dog,214,116,95,3,0.5497630331753555,0.04982024654923242,214,0.03058623619371284,214,0.04982024654923242,-0.056030825577272764,0.15866862895390382,117,,,False,90,200,0.04609042,0.089912556,0.45,0.4527363184079602,True,False,0.7132780082987552,False
extension,near-tip,spread,1.5,best_book,rest_sign,home_more,76,42,33,1,0.56,0.06556602904544788,76,0.04306220095693781,76,0.06556602904544788,-0.12309581204779226,0.24140244089527238,66,,,False,149,200,0.1146039,0.2408619,0.745,0.746268656716418,True,False,0.8847357512953368,False
extension,near-tip,spread,1.5,best_book,rest_sign,equal,116,59,56,1,0.5130434782608696,-0.021576027431537467,116,-0.028996865203761744,116,-0.021576027431537467,-0.14615830689803896,0.106476789686328,78,,,False,90,200,-0.029945746,0.053566195,0.45,0.4527363184079602,True,False,0.7132780082987552,False
extension,near-tip,spread,1.5,best_book,rest_sign,away_more,67,36,29,2,0.5538461538461539,0.06006182489244024,67,0.02578018995929444,67,0.06006182489244024,-0.12767676462477281,0.2411102096462635,51,,,False,85,200,0.04238393,0.16898835,0.425,0.42786069651741293,True,False,0.7018011527377522,False
extension,near-tip,spread,1.5,best_book,phase,early,23,12,11,0,0.5217391304347826,-0.0005995555513767394,23,-0.003952569169960485,23,-0.0005995555513767394,-0.23804832343230223,0.28922183961905906,15,,,False,10,200,-0.22304073,-0.01150619,0.05,0.05472636815920398,False,True,,False
extension,near-tip,spread,1.5,best_book,phase,mid,143,76,65,2,0.5390070921985816,0.02744044721328327,143,0.008264462809917366,143,0.02744044721328327,-0.09629974072003601,0.14746284694860387,70,,,False,171,200,0.07382681,0.1344673,0.855,0.8557213930348259,True,False,0.9457818532818532,False
extension,near-tip,spread,1.5,best_book,phase,late,93,49,42,2,0.5384615384615384,0.027894055047003756,93,0.005865102639296185,93,0.027894055047003756,-0.1332484770495713,0.19044320189675815,45,,,False,110,200,0.030426325,0.13806704,0.55,0.5522388059701493,True,False,0.7849315068493151,False
extension,near-tip,spread,1.5,best_book,weekend,weekend,85,42,40,3,0.5121951219512195,-0.022529373906633007,85,-0.05668449197860964,85,-0.022529373906633007,-0.19688545842537913,0.15870365684974458,40,,,False,149,200,0.021773191,0.13021272,0.745,0.746268656716418,True,False,0.8847357512953368,False
extension,near-tip,spread,1.5,best_book,weekend,weekday,174,95,78,1,0.5491329479768786,0.048387000432488496,174,0.03709508881922674,174,0.048387000432488496,-0.05590106176224457,0.1555315171114703,87,,,False,71,200,0.038397137,0.11624976,0.355,0.3582089552238806,True,False,0.6527848101265823,False
extension,near-tip,spread,2.0,consensus,none,all,237,125,111,1,0.5296610169491526,0.011123897199846581,237,0.011123897199846581,237,0.02728367200375878,-0.08709661279831897,0.10934763434763432,124,,,False,108,200,0.01617865,0.079844475,0.54,0.5422885572139303,True,False,0.7774371859296483,False
extension,near-tip,spread,2.0,consensus,line_terc,small,78,43,35,0,0.5512820512820513,0.05244755244755247,78,0.05244755244755247,78,0.06140448953089317,-0.10302827471502174,0.20574162679425834,62,,,False,78,200,0.029249802,0.17587413,0.39,0.39303482587064675,True,False,0.6751359516616314,False
extension,near-tip,spread,2.0,consensus,line_terc,mid,72,41,30,1,0.5774647887323944,0.10101010101010101,72,0.10101010101010101,72,0.13142563566962473,-0.08695652173913042,0.2951432129514321,59,,,False,9,200,-0.008709896,0.09536542,0.045,0.04975124378109453,True,False,0.21398340248962655,False
extension,near-tip,spread,2.0,consensus,line_terc,large,87,41,46,0,0.47126436781609193,-0.10031347962382449,87,-0.10031347962382449,87,-0.0894938584681818,-0.26239669421487605,0.055614973262032075,67,,,False,200,200,0.02718068,0.07209596,1.0,1.0,True,False,1.0,False
extension,near-tip,spread,2.0,consensus,total_terc,low,83,38,45,0,0.4578313253012048,-0.12595837897042717,83,-0.12595837897042717,83,-0.1054421864749894,-0.3099671412924425,0.06340353788101792,59,,,False,164,200,-0.07059177,0.03351126,0.82,0.8208955223880597,True,False,0.9258325123152709,False
extension,near-tip,spread,2.0,consensus,total_terc,mid,85,48,36,1,0.5714285714285714,0.08983957219251336,85,0.08983957219251336,85,0.1001605251635753,-0.056969291306640704,0.2403343782654127,67,,,False,107,200,0.091228314,0.21133032,0.535,0.5373134328358209,True,False,0.7721788413098237,False
extension,near-tip,spread,2.0,consensus,total_terc,high,69,39,30,0,0.5652173913043478,0.07905138339920947,69,0.07905138339920947,69,0.09716358120885582,-0.09999999999999999,0.25284090909090906,61,,,False,51,200,0.032098025,0.14206457,0.255,0.25870646766169153,True,False,0.5534659090909091,False
extension,near-tip,spread,2.0,consensus,side,home,104,59,44,1,0.5728155339805825,0.09265734265734264,104,0.09265734265734264,104,0.11077269111258287,-0.05352591333899744,0.22900317275317275,77,,,False,39,200,0.058950916,0.12899263,0.195,0.19900497512437812,True,False,0.4966,False
extension,near-tip,spread,2.0,consensus,side,away,133,66,67,0,0.49624060150375937,-0.052631578947368404,133,-0.052631578947368404,133,-0.038000974517426955,-0.19177173191771726,0.08231925554760196,86,,,False,154,200,-0.022641605,0.05177364,0.77,0.7711442786069652,True,False,0.8995107033639145,False
extension,near-tip,spread,2.0,consensus,side,fav,35,15,20,0,0.42857142857142855,-0.1818181818181818,35,-0.1818181818181818,35,-0.1888018894213579,-0.4385026737967914,0.06684491978609625,32,,,False,170,200,-0.04492511,0.15596591,0.85,0.8507462686567164,False,True,,False
extension,near-tip,spread,2.0,consensus,side,dog,202,110,91,1,0.5472636815920398,0.044554455445544545,202,0.044554455445544545,202,0.0647242395774176,-0.06350587211831228,0.15574567050126661,115,,,False,56,200,0.02681619,0.073772766,0.28,0.2835820895522388,True,False,0.58448087431694,False
extension,near-tip,spread,2.0,consensus,rest_sign,home_more,71,39,31,1,0.5571428571428572,0.06274007682458388,71,0.06274007682458388,71,0.08659156862587611,-0.1402955015998495,0.26010101010101006,62,,,False,134,200,0.09810968,0.22360247,0.67,0.6716417910447762,True,False,0.8484198895027625,False
extension,near-tip,spread,2.0,consensus,rest_sign,equal,105,52,53,0,0.49523809523809526,-0.054545454545454536,105,-0.054545454545454536,105,-0.04654982435388621,-0.19432860717264386,0.08518716577540104,73,,,False,122,200,-0.038603928,0.05028926,0.61,0.6119402985074627,True,False,0.8119163763066202,False
extension,near-tip,spread,2.0,consensus,rest_sign,away_more,61,34,27,0,0.5573770491803278,0.06408345752608048,61,0.06408345752608048,61,0.08534361392806028,-0.13494318181818182,0.2629370629370629,49,,,False,44,200,0.009692318,0.13603877,0.22,0.22388059701492538,True,False,0.5263465553235909,False
extension,near-tip,spread,2.0,consensus,phase,early,22,11,11,0,0.5,-0.04545454545454546,22,-0.04545454545454546,22,-0.04391685136648261,-0.3318181818181818,0.2727272727272727,15,,,False,13,200,-0.23980393,-0.012417275,0.065,0.06965174129353234,False,True,,False
extension,near-tip,spread,2.0,consensus,phase,mid,129,67,61,1,0.5234375,-0.0007047216349541855,129,-0.0007047216349541855,129,0.020680835739683646,-0.12530932508942408,0.12379656205153801,68,,,False,176,200,0.05399689,0.123746976,0.88,0.8805970149253731,True,False,0.9577207977207978,False
extension,near-tip,spread,2.0,consensus,phase,late,86,47,39,0,0.5465116279069767,0.04334038054968288,86,0.04334038054968288,86,0.05540201377365414,-0.13424947145877378,0.20828538550057532,44,,,False,84,200,0.01822468,0.12183692,0.42,0.4228855721393035,True,False,0.7006113537117904,False
extension,near-tip,spread,2.0,consensus,weekend,weekend,75,37,38,0,0.49333333333333335,-0.058181818181818175,75,-0.058181818181818175,75,-0.01962457925564835,-0.25626721763085414,0.13038277511961718,39,,,False,151,200,-0.012232331,0.10033174,0.755,0.7562189054726368,True,False,0.8883264887063655,False
extension,near-tip,spread,2.0,consensus,weekend,weekday,162,88,73,1,0.546583850931677,0.043209876543209874,162,0.043209876543209874,162,0.04900045499422503,-0.06369426751592357,0.1542069205448658,85,,,False,73,200,0.028926482,0.10495251,0.365,0.3681592039800995,True,False,0.6546009389671361,False
extension,near-tip,spread,2.0,best_book,none,all,237,126,108,3,0.5384615384615384,0.02728367200375878,237,0.011123897199846581,237,0.02728367200375878,-0.07358758503951718,0.12522179003298503,124,,,False,118,200,0.034866747,0.094530165,0.59,0.5920398009950248,True,False,0.80877990430622,False
extension,near-tip,spread,2.0,best_book,line_terc,small,78,43,34,1,0.5584415584415584,0.06140448953089317,78,0.05244755244755247,78,0.06140448953089317,-0.093455125734851,0.2107702158431235,62,,,False,77,200,0.038782742,0.18190843,0.385,0.3880597014925373,True,False,0.6736030534351145,False
extension,near-tip,spread,2.0,best_book,line_terc,mid,72,42,29,1,0.5915492957746479,0.13142563566962473,72,0.10101010101010101,72,0.13142563566962473,-0.06585212077783506,0.3267885611584455,59,,,False,9,200,0.022548085,0.124972746,0.045,0.04975124378109453,True,False,0.21398340248962655,False
extension,near-tip,spread,2.0,best_book,line_terc,large,87,41,45,1,0.47674418604651164,-0.0894938584681818,87,-0.10031347962382449,87,-0.0894938584681818,-0.2540255690720906,0.06638299303374089,67,,,False,200,200,0.042435277,0.08746317,1.0,1.0,True,False,1.0,False
extension,near-tip,spread,2.0,best_book,total_terc,low,83,38,43,2,0.4691358024691358,-0.1054421864749894,83,-0.12595837897042717,83,-0.1054421864749894,-0.2916015701079359,0.08576916101208974,59,,,False,158,200,-0.053381823,0.047156602,0.79,0.7910447761194029,True,False,0.9117220543806647,False
extension,near-tip,spread,2.0,best_book,total_terc,mid,85,49,36,0,0.5764705882352941,0.1001605251635753,85,0.08983957219251336,85,0.1001605251635753,-0.04682839718243623,0.2535222763451521,67,,,False,110,200,0.10703042,0.22701336,0.55,0.5522388059701493,True,False,0.7849315068493151,False
extension,near-tip,spread,2.0,best_book,total_terc,high,69,39,29,1,0.5735294117647058,0.09716358120885582,69,0.07905138339920947,69,0.09716358120885582,-0.07635485988314224,0.2703912324996463,61,,,False,57,200,0.055171885,0.16602743,0.285,0.2885572139303483,True,False,0.5895487364620938,False
extension,near-tip,spread,2.0,best_book,side,home,104,60,43,1,0.5825242718446602,0.11077269111258287,104,0.09265734265734264,104,0.11077269111258287,-0.02664501022126491,0.24711002902274387,77,,,False,38,200,0.076536946,0.14353377,0.19,0.19402985074626866,True,False,0.48930337078651687,False
extension,near-tip,spread,2.0,best_book,side,away,133,66,65,2,0.5038167938931297,-0.038000974517426955,133,-0.052631578947368404,133,-0.038000974517426955,-0.17411966470749166,0.09212933493745976,86,,,False,159,200,-0.0029971942,0.07290746,0.795,0.7960199004975125,True,False,0.9138114343029088,False
extension,near-tip,spread,2.0,best_book,side,fav,35,15,20,0,0.42857142857142855,-0.1888018894213579,35,-0.1818181818181818,35,-0.1888018894213579,-0.44188761278803895,0.06091324722122884,32,,,False,180,200,-0.026962882,0.17769426,0.9,0.900497512437811,False,True,,False
extension,near-tip,spread,2.0,best_book,side,dog,202,111,88,3,0.5577889447236181,0.0647242395774176,202,0.044554455445544545,202,0.0647242395774176,-0.043115647681229455,0.1734806761928558,115,,,False,57,200,0.04561778,0.09746245,0.285,0.2885572139303483,True,False,0.5895487364620938,False
extension,near-tip,spread,2.0,best_book,rest_sign,home_more,71,40,30,1,0.5714285714285714,0.08659156862587611,71,0.06274007682458388,71,0.08659156862587611,-0.10937562304469009,0.28470532408944493,62,,,False,131,200,0.11907357,0.23574953,0.655,0.6567164179104478,True,False,0.8434044943820225,False
extension,near-tip,spread,2.0,best_book,rest_sign,equal,105,52,52,1,0.5,-0.04654982435388621,105,-0.054545454545454536,105,-0.04654982435388621,-0.18901765745756752,0.0955512470624328,73,,,False,119,200,-0.031918813,0.056041054,0.595,0.5970149253731343,True,False,0.8088612099644128,False
extension,near-tip,spread,2.0,best_book,rest_sign,away_more,61,34,26,1,0.5666666666666667,0.08534361392806028,61,0.06408345752608048,61,0.08534361392806028,-0.11124074872378772,0.2827142324735379,49,,,False,58,200,0.04666786,0.17219333,0.29,0.2935323383084577,True,False,0.594525939177102,False
extension,near-tip,spread,2.0,best_book,phase,early,22,11,11,0,0.5,-0.04391685136648261,22,-0.04545454545454546,22,-0.04391685136648261,-0.3269352986650383,0.2784636514025101,15,,,False,15,200,-0.23078112,-0.015233873,0.075,0.07960199004975124,False,True,,False
extension,near-tip,spread,2.0,best_book,phase,mid,129,68,59,2,0.5354330708661418,0.020680835739683646,129,-0.0007047216349541855,129,0.020680835739683646,-0.1073082617331917,0.15028202396145598,68,,,False,176,200,0.076332,0.14324252,0.88,0.8805970149253731,True,False,0.9577207977207978,False
extension,near-tip,spread,2.0,best_book,phase,late,86,47,38,1,0.5529411764705883,0.05540201377365414,86,0.04334038054968288,86,0.05540201377365414,-0.12491045841239508,0.2223318906621629,44,,,False,83,200,0.03293572,0.13510363,0.415,0.417910447761194,True,False,0.7006113537117904,False
extension,near-tip,spread,2.0,best_book,weekend,weekend,75,37,35,3,0.5138888888888888,-0.01962457925564835,75,-0.058181818181818175,75,-0.01962457925564835,-0.21506702240391248,0.17149685891362731,39,,,False,146,200,0.021711817,0.13354707,0.73,0.7313432835820896,True,False,0.8796845425867507,False
extension,near-tip,spread,2.0,best_book,weekend,weekday,162,89,73,0,0.5493827160493827,0.04900045499422503,162,0.043209876543209874,162,0.04900045499422503,-0.05981629493260775,0.15952760034893776,85,,,False,81,200,0.040775705,0.117358826,0.405,0.4079601990049751,True,False,0.6937668161434979,False
extension,near-tip,spread,3.0,consensus,none,all,181,96,84,1,0.5333333333333333,0.018081366147664497,181,0.018081366147664497,181,0.038745291206412444,-0.10055855216283024,0.13636363636363635,108,,,False,104,200,0.021339903,0.08970128,0.52,0.5223880597014925,True,False,0.7581679389312979,False
extension,near-tip,spread,3.0,consensus,line_terc,small,53,30,23,0,0.5660377358490566,0.08061749571183531,53,0.08061749571183531,53,0.09515494328396969,-0.12181818181818181,0.27272727272727265,45,,,False,68,200,0.04033719,0.21064301,0.34,0.34328358208955223,True,False,0.6494000000000001,False
extension,near-tip,spread,3.0,consensus,line_terc,mid,56,30,25,1,0.5454545454545454,0.04058441558441558,56,0.04058441558441558,56,0.0784761496408163,-0.17559468928637284,0.2439989177489177,48,,,False,57,200,-0.0056085335,0.11102677,0.285,0.2885572139303483,True,False,0.5895487364620938,False
extension,near-tip,spread,3.0,consensus,line_terc,large,72,36,36,0,0.5,-0.04545454545454544,72,-0.04545454545454544,72,-0.033680259244103526,-0.22023047375160054,0.13975576662143818,55,,,False,196,200,0.029745482,0.07839956,0.98,0.9800995024875622,True,False,1.0,False
extension,near-tip,spread,3.0,consensus,total_terc,low,65,31,34,0,0.47692307692307695,-0.0895104895104895,65,-0.0895104895104895,65,-0.06348815319562708,-0.2842689959294438,0.11671526586620919,49,,,False,120,200,-0.07423402,0.032813855,0.6,0.6019900497512438,True,False,0.8098939929328622,False
extension,near-tip,spread,3.0,consensus,total_terc,mid,63,35,27,1,0.5645161290322581,0.07647907647907647,63,0.07647907647907647,63,0.08766070540946683,-0.11931818181818182,0.25375784430122117,51,,,False,129,200,0.100733764,0.22028673,0.645,0.6467661691542289,True,False,0.8399659090909092,False
extension,near-tip,spread,3.0,consensus,total_terc,high,53,30,23,0,0.5660377358490566,0.08061749571183535,53,0.08061749571183535,53,0.10598119292981134,-0.11888111888111888,0.2727272727272727,50,,,False,72,200,0.043391276,0.14108846,0.36,0.36318407960199006,True,False,0.6527848101265823,False
extension,near-tip,spread,3.0,consensus,side,home,77,45,31,1,0.5921052631578947,0.12868949232585594,77,0.12868949232585594,77,0.15150521090280822,-0.021590909090909095,0.273989898989899,63,,,False,15,200,0.06581956,0.13530916,0.075,0.07960199004975124,True,False,0.2893939393939394,False
extension,near-tip,spread,3.0,consensus,side,away,104,51,53,0,0.49038461538461536,-0.0638111888111888,104,-0.0638111888111888,104,-0.04474041856880366,-0.21395621970113451,0.09817354543936606,71,,,False,166,200,-0.019016244,0.060676303,0.83,0.8308457711442786,True,False,0.9307045009784736,False
extension,near-tip,spread,3.0,consensus,side,fav,19,10,9,0,0.5263157894736842,0.004784688995215289,19,0.004784688995215289,19,-0.0028985486621004807,-0.3636363636363636,0.3636363636363636,17,,,False,77,200,-0.029146455,0.21511707,0.385,0.3880597014925373,False,True,,False
extension,near-tip,spread,3.0,consensus,side,dog,162,86,75,1,0.5341614906832298,0.019640852974186312,162,0.019640852974186312,162,0.043629445265065174,-0.10650607457059072,0.14773075850529835,99,,,False,128,200,0.02863269,0.07882485,0.64,0.6417910447761194,True,False,0.8399659090909092,False
extension,near-tip,spread,3.0,consensus,rest_sign,home_more,53,30,22,1,0.5769230769230769,0.09948542024013722,53,0.09948542024013722,53,0.13064908243728648,-0.13999999999999999,0.3345711835334476,47,,,False,101,200,0.10655653,0.22520547,0.505,0.5074626865671642,True,False,0.7477131782945736,False
extension,near-tip,spread,3.0,consensus,rest_sign,equal,82,39,43,0,0.47560975609756095,-0.09201773835920178,82,-0.09201773835920178,82,-0.08206663447286529,-0.25185605005192635,0.06822727272727269,62,,,False,167,200,-0.035083294,0.05912395,0.835,0.835820895522388,True,False,0.9326608187134503,False
extension,near-tip,spread,3.0,consensus,rest_sign,away_more,46,27,19,0,0.5869565217391305,0.12055335968379448,46,0.12055335968379448,46,0.14821652969477003,-0.12845849802371542,0.3575757575757575,38,,,False,20,200,0.014001898,0.14545454,0.1,0.1044776119402985,True,False,0.3410714285714286,False
extension,near-tip,spread,3.0,consensus,phase,early,18,7,11,0,0.3888888888888889,-0.25757575757575757,18,-0.25757575757575757,18,-0.2559054843342607,-0.5508021390374332,0.04999999999999998,11,,,False,93,200,-0.2496184,-0.0039525693,0.465,0.46766169154228854,False,True,,False
extension,near-tip,spread,3.0,consensus,phase,mid,89,48,40,1,0.5454545454545454,0.04085801838610828,89,0.04085801838610828,89,0.07225928802056694,-0.1390612590670832,0.22267620020429008,58,,,False,141,200,0.061241865,0.12895852,0.705,0.7064676616915423,True,False,0.864096256684492,False
extension,near-tip,spread,3.0,consensus,phase,late,74,41,33,0,0.5540540540540541,0.057739557739557745,74,0.057739557739557745,74,0.07010972692630921,-0.1167070895522388,0.2325068602283791,41,,,False,71,200,0.023107292,0.12963393,0.355,0.3582089552238806,True,False,0.6527848101265823,False
extension,near-tip,spread,3.0,consensus,weekend,weekend,59,31,28,0,0.5254237288135594,0.003081664098613252,59,0.003081664098613252,59,0.05067069556520014,-0.22551487414187657,0.2495867768595041,36,,,False,85,200,-0.008515586,0.1041131,0.425,0.42786069651741293,True,False,0.7018011527377522,False
extension,near-tip,spread,3.0,consensus,weekend,weekday,122,65,56,1,0.5371900826446281,0.02533532041728764,122,0.02533532041728764,122,0.03297808745912986,-0.10360918151615826,0.15251690458302028,72,,,False,110,200,0.034734324,0.10963875,0.55,0.5522388059701493,True,False,0.7849315068493151,False
extension,near-tip,spread,3.0,best_book,none,all,181,97,81,3,0.5449438202247191,0.038745291206412444,181,0.018081366147664497,181,0.038745291206412444,-0.07835190451984152,0.15786064567918315,108,,,False,102,200,0.039845765,0.10498243,0.51,0.5124378109452736,True,False,0.7512339331619537,False
extension,near-tip,spread,3.0,best_book,line_terc,small,53,30,22,1,0.5769230769230769,0.09515494328396969,53,0.08061749571183531,53,0.09515494328396969,-0.10604988617373934,0.2827463341590685,45,,,False,67,200,0.04952449,0.20391256,0.335,0.3383084577114428,True,False,0.6430653266331658,False
extension,near-tip,spread,3.0,best_book,line_terc,mid,56,31,24,1,0.5636363636363636,0.0784761496408163,56,0.04058441558441558,56,0.0784761496408163,-0.1324654402488533,0.27637908669580735,48,,,False,46,200,0.024718449,0.1330663,0.23,0.23383084577114427,True,False,0.5335627530364372,False
extension,near-tip,spread,3.0,best_book,line_terc,large,72,36,35,1,0.5070422535211268,-0.033680259244103526,72,-0.04545454545454544,72,-0.033680259244103526,-0.21255206082384945,0.1489785108325282,55,,,False,197,200,0.045310304,0.097035915,0.985,0.9850746268656716,True,False,1.0,False
extension,near-tip,spread,3.0,best_book,total_terc,low,65,31,32,2,0.49206349206349204,-0.06348815319562708,65,-0.0895104895104895,65,-0.06348815319562708,-0.2630582655553472,0.1420947382584986,49,,,False,101,200,-0.057008527,0.050325345,0.505,0.5074626865671642,True,False,0.7477131782945736,False
extension,near-tip,spread,3.0,best_book,total_terc,mid,63,36,27,0,0.5714285714285714,0.08766070540946683,63,0.07647907647907647,63,0.08766070540946683,-0.10849221663538693,0.26938700132580906,51,,,False,136,200,0.11633318,0.23534144,0.68,0.681592039800995,True,False,0.8507423580786028,False
extension,near-tip,spread,3.0,best_book,total_terc,high,53,30,22,1,0.5769230769230769,0.10598119292981134,53,0.08061749571183535,53,0.10598119292981134,-0.09415370944758887,0.3042234544484097,50,,,False,64,200,0.06607401,0.17478208,0.32,0.32338308457711445,True,False,0.6279452054794521,False
extension,near-tip,spread,3.0,best_book,side,home,77,46,30,1,0.6052631578947368,0.15150521090280822,77,0.12868949232585594,77,0.15150521090280822,0.0016648270469879992,0.2961454491316791,63,,,False,10,200,0.08426897,0.14924562,0.05,0.05472636815920398,True,False,0.22920000000000001,False
extension,near-tip,spread,3.0,best_book,side,away,104,51,51,2,0.5,-0.04474041856880366,104,-0.0638111888111888,104,-0.04474041856880366,-0.19521510400787598,0.115623571500412,71,,,False,164,200,-0.00047036223,0.07667855,0.82,0.8208955223880597,True,False,0.9258325123152709,False
extension,near-tip,spread,3.0,best_book,side,fav,19,10,9,0,0.5263157894736842,-0.0028985486621004807,19,0.004784688995215289,19,-0.0028985486621004807,-0.3690935767898052,0.3574248521004746,17,,,False,97,200,-0.011242148,0.23919302,0.485,0.48756218905472637,False,True,,False
extension,near-tip,spread,3.0,best_book,side,dog,162,87,72,3,0.5471698113207547,0.043629445265065174,162,0.019640852974186312,162,0.043629445265065174,-0.08010995719214589,0.17374373007577723,99,,,False,110,200,0.047208697,0.09836931,0.55,0.5522388059701493,True,False,0.7849315068493151,False
extension,near-tip,spread,3.0,best_book,rest_sign,home_more,53,31,21,1,0.5961538461538461,0.13064908243728648,53,0.09948542024013722,53,0.13064908243728648,-0.10818864076275052,0.35945053135953375,47,,,False,94,200,0.12829636,0.2410547,0.47,0.472636815920398,True,False,0.7268825910931174,False
extension,near-tip,spread,3.0,best_book,rest_sign,equal,82,39,42,1,0.48148148148148145,-0.08206663447286529,82,-0.09201773835920178,82,-0.08206663447286529,-0.24217333936189522,0.07784295406314401,62,,,False,164,200,-0.028853798,0.064917,0.82,0.8208955223880597,True,False,0.9258325123152709,False
extension,near-tip,spread,3.0,best_book,rest_sign,away_more,46,27,18,1,0.6,0.14821652969477003,46,0.12055335968379448,46,0.14821652969477003,-0.09931050137329986,0.38332276432618395,38,,,False,22,200,0.050278593,0.1729029,0.11,0.11442786069651742,True,False,0.35914529914529914,False
extension,near-tip,spread,3.0,best_book,phase,early,18,7,11,0,0.3888888888888889,-0.2559054843342607,18,-0.25757575757575757,18,-0.2559054843342607,-0.5525949359282692,0.052003862029591,11,,,False,102,200,-0.23960462,0.0239231,0.51,0.5124378109452736,False,True,,False
extension,near-tip,spread,3.0,best_book,phase,mid,89,49,38,2,0.5632183908045977,0.07225928802056694,89,0.04085801838610828,89,0.07225928802056694,-0.10338146244533507,0.2552920286416756,58,,,False,125,200,0.08371721,0.14705771,0.625,0.6268656716417911,True,False,0.8270785219399538,False
extension,near-tip,spread,3.0,best_book,phase,late,74,41,32,1,0.5616438356164384,0.07010972692630921,74,0.057739557739557745,74,0.07010972692630921,-0.10610769948273971,0.24790819119500485,41,,,False,68,200,0.03669837,0.14138713,0.34,0.34328358208955223,True,False,0.6494000000000001,False
extension,near-tip,spread,3.0,best_book,weekend,weekend,59,31,25,3,0.5535714285714286,0.05067069556520014,59,0.003081664098613252,59,0.05067069556520014,-0.18432789603855584,0.29737383815152046,36,,,False,73,200,0.024736207,0.13918594,0.365,0.3681592039800995,True,False,0.6546009389671361,False
extension,near-tip,spread,3.0,best_book,weekend,weekday,122,66,56,0,0.5409836065573771,0.03297808745912986,122,0.02533532041728764,122,0.03297808745912986,-0.09659798659248299,0.16047960611545575,72,,,False,120,200,0.046637673,0.12185924,0.6,0.6019900497512438,True,False,0.8098939929328622,False
extension,near-tip,total,0.5,consensus,none,all,338,158,180,0,0.46745562130177515,-0.10758472296933834,338,-0.10758472296933834,338,-0.08462576913885995,-0.19210550319245975,-0.024235647206893224,133,,,False,77,200,-0.11753475,-0.061457127,0.385,0.3880597014925373,True,False,0.6736030534351145,False
extension,near-tip,total,0.5,consensus,line_terc,small,115,59,56,0,0.5130434782608696,-0.02055335968379444,115,-0.02055335968379444,115,-0.003723695925695725,-0.16065830721003135,0.12727988546886182,84,,,False,99,200,-0.01998142,0.08632239,0.495,0.4975124378109453,True,False,0.7454270696452037,False
extension,near-tip,total,0.5,consensus,line_terc,mid,116,54,62,0,0.46551724137931033,-0.11128526645768028,116,-0.11128526645768028,116,-0.09431876002743839,-0.25227272727272726,0.041322314049586785,81,,,False,45,200,-0.15173963,-0.061239365,0.225,0.22885572139303484,True,False,0.5294661190965093,False
extension,near-tip,total,0.5,consensus,line_terc,large,107,45,62,0,0.4205607476635514,-0.19711129991503826,107,-0.19711129991503826,107,-0.16106830630183935,-0.34652124408221985,-0.03728894294111686,77,,,False,122,200,-0.18043298,-0.077439204,0.61,0.6119402985074627,True,False,0.8119163763066202,False
extension,near-tip,total,0.5,consensus,total_terc,low,114,47,67,0,0.41228070175438597,-0.21291866028708134,114,-0.21291866028708134,114,-0.20547084221343867,-0.374081704216709,-0.053469306580633764,75,,,False,195,200,-0.12143676,-0.03755911,0.975,0.9751243781094527,True,False,1.0,False
extension,near-tip,total,0.5,consensus,total_terc,mid,109,58,51,0,0.5321100917431193,0.015846538782318596,109,0.015846538782318596,109,0.07665260629104707,-0.12285012285012287,0.15510132282578099,78,,,False,59,200,-0.027706826,0.1152798,0.295,0.29850746268656714,True,False,0.6004795737122558,False
extension,near-tip,total,0.5,consensus,total_terc,high,115,53,62,0,0.4608695652173913,-0.12015810276679842,115,-0.12015810276679842,115,-0.1176953742811025,-0.26704545454545453,0.03977272727272727,75,,,False,11,200,-0.19791803,-0.11684492,0.055,0.05970149253731343,True,False,0.24057251908396948,False
extension,near-tip,total,0.5,consensus,side,over,146,70,76,0,0.4794520547945205,-0.0846824408468244,146,-0.0846824408468244,146,-0.052667659840977606,-0.20813131313131314,0.0461407741801577,92,,,False,89,200,-0.089759,-0.028489413,0.445,0.44776119402985076,True,False,0.711255230125523,False
extension,near-tip,total,0.5,consensus,side,under,192,88,104,0,0.4583333333333333,-0.12499999999999999,192,-0.12499999999999999,192,-0.10892724808412464,-0.24669737919737922,-0.006794345336446545,101,,,False,56,200,-0.14435793,-0.08776715,0.28,0.2835820895522388,True,False,0.58448087431694,False
extension,near-tip,total,0.5,consensus,rest_sign,home_more,104,59,45,0,0.5673076923076923,0.083041958041958,104,0.083041958041958,104,0.09838484709291412,-0.05605755131964826,0.22862286228622866,78,,,False,5,200,-0.049087834,0.06497696,0.025,0.029850746268656716,True,False,0.1461734693877551,False
extension,near-tip,total,0.5,consensus,rest_sign,equal,150,66,84,0,0.44,-0.16000000000000003,150,-0.16000000000000003,150,-0.11986531370957307,-0.2790845518118245,-0.03912880976528249,91,,,False,176,200,-0.09559598,0.012418881,0.88,0.8805970149253731,True,False,0.9577207977207978,False
extension,near-tip,total,0.5,consensus,rest_sign,away_more,84,33,51,0,0.39285714285714285,-0.24999999999999994,84,-0.24999999999999994,84,-0.24828258345430676,-0.417960088691796,-0.07759487703307932,64,,,False,111,200,-0.24022223,-0.13213497,0.555,0.5572139303482587,True,False,0.7900993788819877,False
extension,near-tip,total,0.5,consensus,phase,early,32,17,15,0,0.53125,0.014204545454545449,32,0.014204545454545449,32,0.019463415981835534,-0.28409090909090906,0.27272727272727276,15,,,False,120,200,0.035589352,0.27272728,0.6,0.6019900497512438,False,True,,False
extension,near-tip,total,0.5,consensus,phase,mid,196,89,107,0,0.45408163265306123,-0.1331168831168831,196,-0.1331168831168831,196,-0.11350807521620371,-0.2515577629884962,-0.023047375160051217,75,,,False,39,200,-0.17434011,-0.09134615,0.195,0.19900497512437812,True,False,0.4966,False
extension,near-tip,total,0.5,consensus,phase,late,110,52,58,0,0.4727272727272727,-0.09752066115702482,110,-0.09752066115702482,110,-0.06344324125434074,-0.23990757085417277,0.04293840466520878,48,,,False,148,200,-0.05611713,0.051172853,0.74,0.7412935323383084,True,False,0.8824557752341311,False
extension,near-tip,total,0.5,consensus,weekend,weekend,103,48,55,0,0.46601941747572817,-0.11032656663724628,103,-0.11032656663724628,103,-0.07561487995044397,-0.30207252424994363,0.06519061583577701,40,,,False,140,200,-0.07512719,0.034834325,0.7,0.7014925373134329,True,False,0.8607296137339056,False
extension,near-tip,total,0.5,consensus,weekend,weekday,235,110,125,0,0.46808510638297873,-0.10638297872340426,235,-0.10638297872340426,235,-0.08857522269803804,-0.19993551542187826,-0.01335929628768503,93,,,False,54,200,-0.13661131,-0.068913884,0.27,0.2736318407960199,True,False,0.5751301115241636,False
extension,near-tip,total,0.5,best_book,none,all,338,161,175,2,0.4791666666666667,-0.08462576913885995,338,-0.10758472296933834,338,-0.08462576913885995,-0.16494656937980032,-0.0022393515564840915,133,,,False,71,200,-0.095999025,-0.04022053,0.355,0.3582089552238806,True,False,0.6527848101265823,False
extension,near-tip,total,0.5,best_book,line_terc,small,115,60,55,0,0.5217391304347826,-0.003723695925695725,115,-0.02055335968379444,115,-0.003723695925695725,-0.14436102122364433,0.14570475179317324,84,,,False,115,200,0.005283501,0.1085878,0.575,0.5771144278606966,True,False,0.8006682867557715,False
extension,near-tip,total,0.5,best_book,line_terc,mid,116,55,61,0,0.47413793103448276,-0.09431876002743839,116,-0.11128526645768028,116,-0.09431876002743839,-0.2410408021347557,0.0606438802759561,81,,,False,48,200,-0.13348228,-0.05165757,0.24,0.24378109452736318,True,False,0.5371874999999999,False
extension,near-tip,total,0.5,best_book,line_terc,large,107,46,59,2,0.4380952380952381,-0.16106830630183935,107,-0.19711129991503826,107,-0.16106830630183935,-0.31265592436671097,0.004192041961507105,77,,,False,100,200,-0.15933666,-0.061624404,0.5,0.5024875621890548,True,False,0.7477131782945736,False
extension,near-tip,total,0.5,best_book,total_terc,low,114,47,66,1,0.415929203539823,-0.20547084221343867,114,-0.21291866028708134,114,-0.20547084221343867,-0.3669081443067155,-0.04729145544424839,75,,,False,195,200,-0.11396248,-0.029883465,0.975,0.9751243781094527,True,False,1.0,False
extension,near-tip,total,0.5,best_book,total_terc,mid,109,61,47,1,0.5648148148148148,0.07665260629104707,109,0.015846538782318596,109,0.07665260629104707,-0.06280991627480552,0.21642737637895285,78,,,False,50,200,0.017279264,0.14818035,0.25,0.2537313432835821,True,False,0.5467557251908397,False
extension,near-tip,total,0.5,best_book,total_terc,high,115,53,62,0,0.4608695652173913,-0.1176953742811025,115,-0.12015810276679842,115,-0.1176953742811025,-0.2658839106110626,0.043162221413593826,75,,,False,16,200,-0.18436445,-0.107716694,0.08,0.0845771144278607,True,False,0.3005901639344262,False
extension,near-tip,total,0.5,best_book,side,over,146,72,73,1,0.496551724137931,-0.052667659840977606,146,-0.0846824408468244,146,-0.052667659840977606,-0.17368279174023088,0.07361396778633791,92,,,False,77,200,-0.065205075,-0.006871212,0.385,0.3880597014925373,True,False,0.6736030534351145,False
extension,near-tip,total,0.5,best_book,side,under,192,89,102,1,0.46596858638743455,-0.10892724808412464,192,-0.12499999999999999,192,-0.10892724808412464,-0.2265813560725088,0.007895763507661887,101,,,False,58,200,-0.12576337,-0.065214045,0.29,0.2935323383084577,True,False,0.594525939177102,False
extension,near-tip,total,0.5,best_book,rest_sign,home_more,104,60,44,0,0.5769230769230769,0.09838484709291412,104,0.083041958041958,104,0.09838484709291412,-0.04043095983644448,0.24513183903945668,78,,,False,6,200,-0.030332707,0.07971729,0.03,0.03482587064676617,True,False,0.1621698113207547,False
extension,near-tip,total,0.5,best_book,rest_sign,equal,150,68,80,2,0.4594594594594595,-0.11986531370957307,150,-0.16000000000000003,150,-0.11986531370957307,-0.23434957910842188,0.0016584585770347176,91,,,False,174,200,-0.060178448,0.04234327,0.87,0.8706467661691543,True,False,0.9568330134357006,False
extension,near-tip,total,0.5,best_book,rest_sign,away_more,84,33,51,0,0.39285714285714285,-0.24828258345430676,84,-0.24999999999999994,84,-0.24828258345430676,-0.41661013913934014,-0.07460139158945232,64,,,False,107,200,-0.23942748,-0.13070928,0.535,0.5373134328358209,True,False,0.7721788413098237,False
extension,near-tip,total,0.5,best_book,phase,early,32,17,15,0,0.53125,0.019463415981835534,32,0.014204545454545449,32,0.019463415981835534,-0.2779308926404099,0.2827796645858634,15,,,False,110,200,0.041591592,0.2779411,0.55,0.5522388059701493,False,True,,False
extension,near-tip,total,0.5,best_book,phase,mid,196,90,104,2,0.4639175257731959,-0.11350807521620371,196,-0.1331168831168831,196,-0.11350807521620371,-0.22875922671656865,-0.005414141246708757,75,,,False,48,200,-0.14695203,-0.07535354,0.24,0.24378109452736318,True,False,0.5371874999999999,False
extension,near-tip,total,0.5,best_book,phase,late,110,54,56,0,0.4909090909090909,-0.06344324125434074,110,-0.09752066115702482,110,-0.06344324125434074,-0.20349787748051332,0.08057059848533825,48,,,False,129,200,-0.04100915,0.06238371,0.645,0.6467661691542289,True,False,0.8399659090909092,False
extension,near-tip,total,0.5,best_book,weekend,weekend,103,50,53,0,0.4854368932038835,-0.07561487995044397,103,-0.11032656663724628,103,-0.07561487995044397,-0.2599882208249785,0.10376542961756381,40,,,False,134,200,-0.053371806,0.051943786,0.67,0.6716417910447762,True,False,0.8484198895027625,False
extension,near-tip,total,0.5,best_book,weekend,weekday,235,111,122,2,0.47639484978540775,-0.08857522269803804,235,-0.10638297872340426,235,-0.08857522269803804,-0.18262444687135237,0.003950444930358986,93,,,False,56,200,-0.11518825,-0.041964885,0.28,0.2835820895522388,True,False,0.58448087431694,False
extension,near-tip,total,1.0,consensus,none,all,303,140,163,0,0.46204620462046203,-0.11791179117911789,303,-0.11791179117911789,303,-0.09243733607516785,-0.2098242645684984,-0.029264689530284504,131,,,False,90,200,-0.12103766,-0.056882825,0.45,0.4527363184079602,True,False,0.7132780082987552,False
extension,near-tip,total,1.0,consensus,line_terc,small,100,50,50,0,0.5,-0.045454545454545435,100,-0.045454545454545435,100,-0.026535010179171495,-0.19818181818181815,0.10850439882697945,77,,,False,131,200,-0.019261051,0.09362649,0.655,0.6567164179104478,True,False,0.8434044943820225,False
extension,near-tip,total,1.0,consensus,line_terc,mid,105,48,57,0,0.45714285714285713,-0.12727272727272726,105,-0.12727272727272726,105,-0.10872496177289295,-0.27586206896551724,0.030909090909090907,76,,,False,61,200,-0.1564417,-0.06279442,0.305,0.30845771144278605,True,False,0.6121366024518389,False
extension,near-tip,total,1.0,consensus,line_terc,large,98,42,56,0,0.42857142857142855,-0.1818181818181818,98,-0.1818181818181818,98,-0.14223357986433618,-0.34245845552297166,-0.02514506769825919,72,,,False,95,200,-0.1860906,-0.08769107,0.475,0.47761194029850745,True,False,0.7306711409395974,False
extension,near-tip,total,1.0,consensus,total_terc,low,106,42,64,0,0.39622641509433965,-0.2435677530017152,106,-0.2435677530017152,106,-0.2361250529991662,-0.4081818181818182,-0.07889060092449927,71,,,False,199,200,-0.12618956,-0.045454547,0.995,0.9950248756218906,True,False,1.0,False
extension,near-tip,total,1.0,consensus,total_terc,mid,94,50,44,0,0.5319148936170213,0.015473887814313352,94,0.015473887814313352,94,0.08688631760027274,-0.14711231183247842,0.17630853994490356,69,,,False,56,200,-0.027457425,0.13145314,0.28,0.2835820895522388,True,False,0.58448087431694,False
extension,near-tip,total,1.0,consensus,total_terc,high,103,48,55,0,0.46601941747572817,-0.11032656663724626,103,-0.11032656663724626,103,-0.10821913657562988,-0.26573426573426573,0.05194805194805194,71,,,False,10,200,-0.20030117,-0.11232666,0.05,0.05472636815920398,True,False,0.22920000000000001,False
extension,near-tip,total,1.0,consensus,side,over,135,62,73,0,0.45925925925925926,-0.12323232323232323,135,-0.12323232323232323,135,-0.08901092601189255,-0.24753272606623639,0.009922111136944859,88,,,False,152,200,-0.093691036,-0.028285982,0.76,0.7611940298507462,True,False,0.8932923076923077,False
extension,near-tip,total,1.0,consensus,side,under,168,78,90,0,0.4642857142857143,-0.11363636363636363,168,-0.11363636363636363,168,-0.09519070130458547,-0.24337079217899615,0.015263854642467347,97,,,False,28,200,-0.14730336,-0.08546543,0.14,0.14427860696517414,True,False,0.42110236220472447,False
extension,near-tip,total,1.0,consensus,rest_sign,home_more,88,47,41,0,0.5340909090909091,0.019628099173553726,88,0.019628099173553726,88,0.03771592131395229,-0.14496824866310165,0.18787878787878784,70,,,False,35,200,-0.047848772,0.07149351,0.175,0.1791044776119403,True,False,0.46748251748251746,False
extension,near-tip,total,1.0,consensus,rest_sign,equal,139,63,76,0,0.45323741007194246,-0.13472858077174624,139,-0.13472858077174624,139,-0.09113341073387833,-0.2575757575757576,-0.011605415860735005,87,,,False,151,200,-0.098082505,0.0015476998,0.755,0.7562189054726368,True,False,0.8883264887063655,False
extension,near-tip,total,1.0,consensus,rest_sign,away_more,76,30,46,0,0.39473684210526316,-0.2464114832535885,76,-0.2464114832535885,76,-0.2455259186104549,-0.41454545454545455,-0.06870842572062084,60,,,False,91,200,-0.2497131,-0.14872153,0.455,0.4577114427860697,True,False,0.7182231404958679,False
extension,near-tip,total,1.0,consensus,phase,early,28,15,13,0,0.5357142857142857,0.022727272727272728,28,0.022727272727272728,28,0.030728819684653193,-0.24999999999999994,0.27272727272727265,15,,,False,100,200,0.03930435,0.2528409,0.5,0.5024875621890548,False,True,,False
extension,near-tip,total,1.0,consensus,phase,mid,173,77,96,0,0.44508670520231214,-0.15028901734104047,173,-0.15028901734104047,173,-0.1285156083189571,-0.26818181818181813,-0.029275808936825895,73,,,False,54,200,-0.18054633,-0.10682469,0.27,0.2736318407960199,True,False,0.5751301115241636,False
extension,near-tip,total,1.0,consensus,phase,late,102,48,54,0,0.47058823529411764,-0.10160427807486634,102,-0.10160427807486634,102,-0.0650560739486919,-0.26044226044226043,0.06280405981085456,48,,,False,162,200,-0.056225535,0.056693144,0.81,0.8109452736318408,True,False,0.92272365805169,False
extension,near-tip,total,1.0,consensus,weekend,weekend,89,41,48,0,0.4606741573033708,-0.12053115423901942,89,-0.12053115423901942,89,-0.0794051905292507,-0.3350357507660879,0.07994789073649965,38,,,False,144,200,-0.07816503,0.026727878,0.72,0.7213930348258707,True,False,0.8740677966101695,False
extension,near-tip,total,1.0,consensus,weekend,weekday,214,99,115,0,0.46261682242990654,-0.11682242990654204,214,-0.11682242990654204,214,-0.09785724707323619,-0.21338383838383843,-0.020531323236209754,93,,,False,62,200,-0.14037213,-0.06663025,0.31,0.31343283582089554,True,False,0.6167708333333333,False
extension,near-tip,total,1.0,best_book,none,all,303,143,158,2,0.4750830564784053,-0.09243733607516785,303,-0.11791179117911789,303,-0.09243733607516785,-0.18354777253525154,-0.002350395879212208,131,,,False,81,200,-0.099949926,-0.037156202,0.405,0.4079601990049751,True,False,0.6937668161434979,False
extension,near-tip,total,1.0,best_book,line_terc,small,100,51,49,0,0.51,-0.026535010179171495,100,-0.045454545454545435,100,-0.026535010179171495,-0.1787575946882512,0.12687028011121662,77,,,False,135,200,0.00614348,0.113988034,0.675,0.6766169154228856,True,False,0.8491218441273327,False
extension,near-tip,total,1.0,best_book,line_terc,mid,105,49,56,0,0.4666666666666667,-0.10872496177289295,105,-0.12727272727272726,105,-0.10872496177289295,-0.26118194282056245,0.044456004800934285,76,,,False,59,200,-0.1393179,-0.053444583,0.295,0.29850746268656714,True,False,0.6004795737122558,False
extension,near-tip,total,1.0,best_book,line_terc,large,98,43,53,2,0.4479166666666667,-0.14223357986433618,98,-0.1818181818181818,98,-0.14223357986433618,-0.306904003407135,0.021336396990966486,72,,,False,71,200,-0.1653605,-0.07107205,0.355,0.3582089552238806,True,False,0.6527848101265823,False
extension,near-tip,total,1.0,best_book,total_terc,low,106,42,63,1,0.4,-0.2361250529991662,106,-0.2435677530017152,106,-0.2361250529991662,-0.40157890675950986,-0.07180845177846477,71,,,False,199,200,-0.11886892,-0.03812121,0.995,0.9950248756218906,True,False,1.0,False
extension,near-tip,total,1.0,best_book,total_terc,mid,94,53,40,1,0.5698924731182796,0.08688631760027274,94,0.015473887814313352,94,0.08688631760027274,-0.07150191784610435,0.2410114391058749,69,,,False,43,200,0.017060373,0.15841113,0.215,0.21890547263681592,True,False,0.5231210191082802,False
extension,near-tip,total,1.0,best_book,total_terc,high,103,48,55,0,0.46601941747572817,-0.10821913657562988,103,-0.11032656663724626,103,-0.10821913657562988,-0.2639471245961927,0.05350021484978556,71,,,False,11,200,-0.18678474,-0.10092085,0.055,0.05970149253731343,True,False,0.24057251908396948,False
extension,near-tip,total,1.0,best_book,side,over,135,64,70,1,0.47761194029850745,-0.08901092601189255,135,-0.12323232323232323,135,-0.08901092601189255,-0.21244713999098738,0.04126427961217989,88,,,False,139,200,-0.06981371,-0.004747743,0.695,0.6965174129353234,True,False,0.8607296137339056,False
extension,near-tip,total,1.0,best_book,side,under,168,79,88,1,0.47305389221556887,-0.09519070130458547,168,-0.11363636363636363,168,-0.09519070130458547,-0.22319318414810607,0.03337468021996811,97,,,False,32,200,-0.12890539,-0.06468928,0.16,0.16417910447761194,True,False,0.4527407407407408,False
extension,near-tip,total,1.0,best_book,rest_sign,home_more,88,48,40,0,0.5454545454545454,0.03771592131395229,88,0.019628099173553726,88,0.03771592131395229,-0.12224797074783442,0.2006629413741787,70,,,False,34,200,-0.02906366,0.08585541,0.17,0.17412935323383086,True,False,0.464964200477327,False
extension,near-tip,total,1.0,best_book,rest_sign,equal,139,65,72,2,0.4744525547445255,-0.09113341073387833,139,-0.13472858077174624,139,-0.09113341073387833,-0.21519451785967353,0.03007576291931868,87,,,False,144,200,-0.06359315,0.04577447,0.72,0.7213930348258707,True,False,0.8740677966101695,False
extension,near-tip,total,1.0,best_book,rest_sign,away_more,76,30,46,0,0.39473684210526316,-0.2455259186104549,76,-0.2464114832535885,76,-0.2455259186104549,-0.4145337514543923,-0.06669085654092413,60,,,False,90,200,-0.24890715,-0.1478076,0.45,0.4527363184079602,True,False,0.7132780082987552,False
extension,near-tip,total,1.0,best_book,phase,early,28,15,13,0,0.5357142857142857,0.030728819684653193,28,0.022727272727272728,28,0.030728819684653193,-0.24255628436716117,0.28199412281776964,15,,,False,99,200,0.045414887,0.26027507,0.495,0.4975124378109453,False,True,,False
extension,near-tip,total,1.0,best_book,phase,mid,173,78,93,2,0.45614035087719296,-0.1285156083189571,173,-0.15028901734104047,173,-0.1285156083189571,-0.23929253141125434,-0.010926356718569997,73,,,False,58,200,-0.15370798,-0.08012855,0.29,0.2935323383084577,True,False,0.594525939177102,False
extension,near-tip,total,1.0,best_book,phase,late,102,50,52,0,0.49019607843137253,-0.0650560739486919,102,-0.10160427807486634,102,-0.0650560739486919,-0.21868598753089277,0.10291809612240724,48,,,False,126,200,-0.04157291,0.064728856,0.63,0.6318407960199005,True,False,0.8308170310701957,False
extension,near-tip,total,1.0,best_book,weekend,weekend,89,43,46,0,0.48314606741573035,-0.0794051905292507,89,-0.12053115423901942,89,-0.0794051905292507,-0.2851393711064146,0.11731218337363544,38,,,False,122,200,-0.057126127,0.042628296,0.61,0.6119402985074627,True,False,0.8119163763066202,False
extension,near-tip,total,1.0,best_book,weekend,weekday,214,100,112,2,0.4716981132075472,-0.09785724707323619,214,-0.11682242990654204,214,-0.09785724707323619,-0.1926361550711079,-0.004595869149415704,93,,,False,59,200,-0.11927894,-0.040985405,0.295,0.29850746268656714,True,False,0.6004795737122558,False
extension,near-tip,total,1.5,consensus,none,all,274,130,144,0,0.4744525547445255,-0.0942269409422694,274,-0.0942269409422694,274,-0.06618763439756017,-0.18848712263346412,-0.0015905632790056347,129,,,False,40,200,-0.12325983,-0.06903811,0.2,0.20398009950248755,True,False,0.5048458149779737,False
extension,near-tip,total,1.5,consensus,line_terc,small,88,45,43,0,0.5113636363636364,-0.02376033057851237,88,-0.02376033057851237,88,-0.0021779025378203584,-0.19152489111858434,0.1454545454545454,68,,,False,111,200,-0.017239938,0.1022617,0.555,0.5572139303482587,True,False,0.7900993788819877,False
extension,near-tip,total,1.5,consensus,line_terc,mid,95,45,50,0,0.47368421052631576,-0.09569377990430625,95,-0.09569377990430625,95,-0.07564930270227926,-0.24868870178632385,0.05657786177520235,71,,,False,26,200,-0.15840839,-0.063793875,0.13,0.13432835820895522,True,False,0.39728,False
extension,near-tip,total,1.5,consensus,line_terc,large,91,40,51,0,0.43956043956043955,-0.16083916083916083,91,-0.16083916083916083,91,-0.11820958950425017,-0.32867132867132864,-0.0010570824524313036,69,,,False,60,200,-0.19137928,-0.09549868,0.3,0.3034825870646766,True,False,0.6074204946996467,False
extension,near-tip,total,1.5,consensus,total_terc,low,94,39,55,0,0.4148936170212766,-0.20793036750483554,94,-0.20793036750483554,94,-0.19953753558706744,-0.3779366700715015,-0.03618711385701677,66,,,False,190,200,-0.12821747,-0.054211844,0.95,0.9502487562189055,True,False,1.0,False
extension,near-tip,total,1.5,consensus,total_terc,mid,85,46,39,0,0.5411764705882353,0.03315508021390373,85,0.03315508021390373,85,0.1122147100953589,-0.13223140495867766,0.20355731225296442,64,,,False,48,200,-0.024461098,0.12558441,0.24,0.24378109452736318,True,False,0.5371874999999999,False
extension,near-tip,total,1.5,consensus,total_terc,high,95,45,50,0,0.47368421052631576,-0.09569377990430623,95,-0.09569377990430623,95,-0.09386456671423841,-0.2521087160262418,0.07142857142857142,67,,,False,3,200,-0.2036735,-0.11971446,0.015,0.01990049751243781,True,False,0.10677018633540371,False
extension,near-tip,total,1.5,consensus,side,over,120,57,63,0,0.475,-0.09318181818181817,120,-0.09318181818181817,120,-0.05448162000151266,-0.21678321678321677,0.03336771871296255,83,,,False,97,200,-0.092925064,-0.026967397,0.485,0.48756218905472637,True,False,0.7371485411140583,False
extension,near-tip,total,1.5,consensus,side,under,154,73,81,0,0.474025974025974,-0.09504132231404959,154,-0.09504132231404959,154,-0.07530920405681796,-0.2240469208211144,0.03521126760563381,95,,,False,15,200,-0.15241009,-0.09037433,0.075,0.07960199004975124,True,False,0.2893939393939394,False
extension,near-tip,total,1.5,consensus,rest_sign,home_more,81,44,37,0,0.5432098765432098,0.037037037037037035,81,0.037037037037037035,81,0.05668800430067994,-0.1322314049586777,0.20828538550057535,67,,,False,23,200,-0.04663393,0.06494755,0.115,0.11940298507462686,True,False,0.3660833333333333,False
extension,near-tip,total,1.5,consensus,rest_sign,equal,129,61,68,0,0.4728682170542636,-0.09725158562367862,129,-0.09725158562367862,129,-0.050612526771170126,-0.22167832167832163,0.025780189959294448,85,,,False,89,200,-0.09918945,0.004254517,0.445,0.44776119402985076,True,False,0.711255230125523,False
extension,near-tip,total,1.5,consensus,rest_sign,away_more,64,25,39,0,0.390625,-0.25426136363636365,64,-0.25426136363636365,64,-0.2530956909344627,-0.4457478005865102,-0.045454545454545484,52,,,False,92,200,-0.2572041,-0.16172394,0.46,0.4626865671641791,True,False,0.7221369863013698,False
extension,near-tip,total,1.5,consensus,phase,early,26,14,12,0,0.5384615384615384,0.027972027972027975,26,0.027972027972027975,26,0.034924076876512965,-0.23636363636363636,0.29818181818181816,14,,,False,99,200,0.040981937,0.2507837,0.495,0.4975124378109453,False,True,,False
extension,near-tip,total,1.5,consensus,phase,mid,156,70,86,0,0.44871794871794873,-0.14335664335664333,156,-0.14335664335664333,156,-0.11916369527418226,-0.26319073083778965,-0.018546734955185676,72,,,False,38,200,-0.18533747,-0.101604275,0.19,0.19402985074626866,True,False,0.48930337078651687,False
extension,near-tip,total,1.5,consensus,phase,late,92,46,46,0,0.5,-0.045454545454545456,92,-0.045454545454545456,92,-0.0049337104450911775,-0.20936639118457295,0.12055335968379445,48,,,False,82,200,-0.054111928,0.056588136,0.41,0.4129353233830846,True,False,0.6981575037147102,False
extension,near-tip,total,1.5,consensus,weekend,weekend,81,37,44,0,0.4567901234567901,-0.12794612794612797,81,-0.12794612794612797,81,-0.08275834066008575,-0.33920616420616423,0.060606060606060594,38,,,False,151,200,-0.07851032,0.024956012,0.755,0.7562189054726368,True,False,0.8883264887063655,False
extension,near-tip,total,1.5,consensus,weekend,weekday,193,93,100,0,0.48186528497409326,-0.08007536504945831,193,-0.08007536504945831,193,-0.05923308928219968,-0.1780833333333334,0.01821241258741256,91,,,False,15,200,-0.143425,-0.071933866,0.075,0.07960199004975124,True,False,0.2893939393939394,False
extension,near-tip,total,1.5,best_book,none,all,274,133,139,2,0.4889705882352941,-0.06618763439756017,274,-0.0942269409422694,274,-0.06618763439756017,-0.15896393201790918,0.023121648800293056,129,,,False,24,200,-0.102733105,-0.047887832,0.12,0.12437810945273632,True,False,0.3767671232876712,False
extension,near-tip,total,1.5,best_book,line_terc,small,88,46,42,0,0.5227272727272727,-0.0021779025378203584,88,-0.02376033057851237,88,-0.0021779025378203584,-0.1720531281633983,0.16430551900163584,68,,,False,114,200,0.0077794385,0.123849966,0.57,0.572139303482587,True,False,0.7985574572127139,False
extension,near-tip,total,1.5,best_book,line_terc,mid,95,46,49,0,0.4842105263157895,-0.07564930270227926,95,-0.09569377990430625,95,-0.07564930270227926,-0.22871926590660083,0.07924464450809547,71,,,False,21,200,-0.14271119,-0.055781342,0.105,0.10945273631840796,True,False,0.349796511627907,False
extension,near-tip,total,1.5,best_book,line_terc,large,91,41,48,2,0.4606741573033708,-0.11820958950425017,91,-0.16083916083916083,91,-0.11820958950425017,-0.28923945829440845,0.046435206249588475,69,,,False,37,200,-0.17049406,-0.07897109,0.185,0.1890547263681592,True,False,0.48626146788990826,False
extension,near-tip,total,1.5,best_book,total_terc,low,94,39,54,1,0.41935483870967744,-0.19953753558706744,94,-0.20793036750483554,94,-0.19953753558706744,-0.3707559285788744,-0.03162081435017865,66,,,False,190,200,-0.12072906,-0.046168294,0.95,0.9502487562189055,True,False,1.0,False
extension,near-tip,total,1.5,best_book,total_terc,mid,85,49,35,1,0.5833333333333334,0.1122147100953589,85,0.03315508021390373,85,0.1122147100953589,-0.046345107579198005,0.2748852875031693,64,,,False,35,200,0.018917497,0.15975907,0.175,0.1791044776119403,True,False,0.46748251748251746,False
extension,near-tip,total,1.5,best_book,total_terc,high,95,45,50,0,0.47368421052631576,-0.09386456671423841,95,-0.09569377990430623,95,-0.09386456671423841,-0.25073365819279975,0.07379099565979087,67,,,False,8,200,-0.190223,-0.10946987,0.04,0.04477611940298507,True,False,0.19341772151898737,False
extension,near-tip,total,1.5,best_book,side,over,120,59,60,1,0.4957983193277311,-0.05448162000151266,120,-0.09318181818181817,120,-0.05448162000151266,-0.17590820363828374,0.06843806117907296,83,,,False,72,200,-0.06964999,-0.00827721,0.36,0.36318407960199006,True,False,0.6527848101265823,False
extension,near-tip,total,1.5,best_book,side,under,154,74,79,1,0.48366013071895425,-0.07530920405681796,154,-0.09504132231404959,154,-0.07530920405681796,-0.20297952377358972,0.053135408165150735,95,,,False,13,200,-0.13452296,-0.06851153,0.065,0.06965174129353234,True,False,0.2613684210526316,False
extension,near-tip,total,1.5,best_book,rest_sign,home_more,81,45,36,0,0.5555555555555556,0.05668800430067994,81,0.037037037037037035,81,0.05668800430067994,-0.10984104797056046,0.2272133847339858,67,,,False,23,200,-0.027840842,0.07970241,0.115,0.11940298507462686,True,False,0.3660833333333333,False
extension,near-tip,total,1.5,best_book,rest_sign,equal,129,63,64,2,0.49606299212598426,-0.050612526771170126,129,-0.09725158562367862,129,-0.050612526771170126,-0.17377603709850784,0.07188957073395937,85,,,False,69,200,-0.06592314,0.03753595,0.345,0.3482587064676617,True,False,0.6524257425742573,False
extension,near-tip,total,1.5,best_book,rest_sign,away_more,64,25,39,0,0.390625,-0.2530956909344627,64,-0.25426136363636365,64,-0.2530956909344627,-0.4424426115248265,-0.04775303179154824,52,,,False,92,200,-0.25639552,-0.16046757,0.46,0.4626865671641791,True,False,0.7221369863013698,False
extension,near-tip,total,1.5,best_book,phase,early,26,14,12,0,0.5384615384615384,0.034924076876512965,26,0.027972027972027975,26,0.034924076876512965,-0.23170153920153924,0.3079103725669796,14,,,False,101,200,0.047186088,0.25816298,0.505,0.5074626865671642,False,True,,False
extension,near-tip,total,1.5,best_book,phase,mid,156,71,83,2,0.461038961038961,-0.11916369527418226,156,-0.14335664335664333,156,-0.11916369527418226,-0.24216383208986833,0.0037725182093625667,72,,,False,39,200,-0.15940082,-0.08247399,0.195,0.19900497512437812,True,False,0.4966,False
extension,near-tip,total,1.5,best_book,phase,late,92,48,44,0,0.5217391304347826,-0.0049337104450911775,92,-0.045454545454545456,92,-0.0049337104450911775,-0.16237703960046992,0.1612230248612568,48,,,False,52,200,-0.03966824,0.0738322,0.26,0.263681592039801,True,False,0.5600751879699248,False
extension,near-tip,total,1.5,best_book,weekend,weekend,81,39,42,0,0.48148148148148145,-0.08275834066008575,81,-0.12794612794612797,81,-0.08275834066008575,-0.2832297349186754,0.10538611297983672,38,,,False,122,200,-0.05813656,0.04602693,0.61,0.6119402985074627,True,False,0.8119163763066202,False
extension,near-tip,total,1.5,best_book,weekend,weekday,193,94,97,2,0.49214659685863876,-0.05923308928219968,193,-0.08007536504945831,193,-0.05923308928219968,-0.162059907138827,0.0398886349125047,91,,,False,15,200,-0.12285807,-0.048699897,0.075,0.07960199004975124,True,False,0.2893939393939394,False
extension,near-tip,total,2.0,consensus,none,all,253,124,129,0,0.4901185770750988,-0.06431908012935682,253,-0.06431908012935682,253,-0.04547459133577605,-0.15912004662004667,0.03234641496936575,125,,,False,10,200,-0.12726589,-0.06452066,0.05,0.05472636815920398,True,False,0.22920000000000001,False
extension,near-tip,total,2.0,consensus,line_terc,small,85,45,40,0,0.5294117647058824,0.01069518716577542,85,0.01069518716577542,85,0.03303934796084479,-0.15431262879010899,0.17491055456171728,67,,,False,77,200,-0.015686607,0.099284805,0.385,0.3880597014925373,True,False,0.6736030534351145,False
extension,near-tip,total,2.0,consensus,line_terc,mid,86,42,44,0,0.4883720930232558,-0.06765327695560255,86,-0.06765327695560255,86,-0.046229527457047837,-0.213903743315508,0.08417508417508418,66,,,False,8,200,-0.1632696,-0.07219295,0.04,0.04477611940298507,True,False,0.19341772151898737,False
extension,near-tip,total,2.0,consensus,line_terc,large,82,37,45,0,0.45121951219512196,-0.1385809312638581,82,-0.1385809312638581,82,-0.1260692295526467,-0.3080551752464404,0.02797202797202797,62,,,False,36,200,-0.19897474,-0.0982438,0.18,0.18407960199004975,True,False,0.47529953917050694,False
extension,near-tip,total,2.0,consensus,total_terc,low,89,37,52,0,0.4157303370786517,-0.20633299284984677,89,-0.20633299284984677,89,-0.19728625165317293,-0.3784355179704017,-0.03472931562819204,62,,,False,192,200,-0.13025196,-0.054258607,0.96,0.9601990049751243,True,False,1.0,False
extension,near-tip,total,2.0,consensus,total_terc,mid,77,44,33,0,0.5714285714285714,0.09090909090909091,77,0.09090909090909091,77,0.1409156275653556,-0.09318181818181817,0.2811004784688995,61,,,False,19,200,-0.025355563,0.14545454,0.095,0.09950248756218906,True,False,0.33192073170731706,False
extension,near-tip,total,2.0,consensus,total_terc,high,87,43,44,0,0.4942528735632184,-0.05642633228840126,87,-0.05642633228840126,87,-0.05513906360173935,-0.2277834525025536,0.11363636363636359,62,,,False,0,200,-0.20784724,-0.1290909,0.0,0.004975124378109453,True,False,0.0,True
extension,near-tip,total,2.0,consensus,side,over,111,53,58,0,0.4774774774774775,-0.0884520884520885,111,-0.0884520884520885,111,-0.06331071610542972,-0.2173181818181818,0.03690603860749045,79,,,False,84,200,-0.09616552,-0.026209,0.42,0.4228855721393035,True,False,0.7006113537117904,False
extension,near-tip,total,2.0,consensus,side,under,142,71,71,0,0.5,-0.045454545454545435,142,-0.045454545454545435,142,-0.03153226845245524,-0.1837038299032302,0.09472345835982199,88,,,False,0,200,-0.15697107,-0.08959368,0.0,0.004975124378109453,True,False,0.0,True
extension,near-tip,total,2.0,consensus,rest_sign,home_more,76,42,34,0,0.5526315789473685,0.055023923444976065,76,0.055023923444976065,76,0.07596771750227968,-0.1251473063973065,0.23094073647871116,63,,,False,13,200,-0.04843765,0.05620322,0.065,0.06965174129353234,True,False,0.2613684210526316,False
extension,near-tip,total,2.0,consensus,rest_sign,equal,120,59,61,0,0.49166666666666664,-0.06136363636363635,120,-0.06136363636363635,120,-0.03565454888642436,-0.18656126482213434,0.07292684072126217,80,,,False,45,200,-0.10195415,0.010007187,0.225,0.22885572139303484,True,False,0.5294661190965093,False
extension,near-tip,total,2.0,consensus,rest_sign,away_more,57,23,34,0,0.40350877192982454,-0.22966507177033493,57,-0.22966507177033493,57,-0.22807144336409943,-0.42439393939393943,-0.029275808936825902,46,,,False,62,200,-0.26540086,-0.17427745,0.31,0.31343283582089554,True,False,0.6167708333333333,False
extension,near-tip,total,2.0,consensus,phase,early,22,13,9,0,0.5909090909090909,0.12809917355371903,22,0.12809917355371903,22,0.13350691874461684,-0.14090909090909093,0.3884297520661157,14,,,False,55,200,0.04092627,0.2507837,0.275,0.27860696517412936,False,True,,False
extension,near-tip,total,2.0,consensus,phase,mid,144,67,77,0,0.4652777777777778,-0.11174242424242424,144,-0.11174242424242424,144,-0.09247784159753586,-0.2391304347826087,0.00909959467284307,68,,,False,12,200,-0.1921435,-0.10977018,0.06,0.06467661691542288,True,False,0.25094890510948903,False
extension,near-tip,total,2.0,consensus,phase,late,87,44,43,0,0.5057471264367817,-0.034482758620689634,87,-0.034482758620689634,87,-0.012935800348134982,-0.18808777429467086,0.12305704099821739,47,,,False,72,200,-0.053072643,0.05611256,0.36,0.36318407960199006,True,False,0.6527848101265823,False
extension,near-tip,total,2.0,consensus,weekend,weekend,75,34,41,0,0.4533333333333333,-0.13454545454545455,75,-0.13454545454545455,75,-0.11067018050841308,-0.3401094276094276,0.05502392344497605,38,,,False,157,200,-0.080706626,0.019890714,0.785,0.7860696517412935,True,False,0.9068649193548387,False
extension,near-tip,total,2.0,consensus,weekend,weekday,178,90,88,0,0.5056179775280899,-0.03472931562819203,178,-0.03472931562819203,178,-0.01800453971809189,-0.14187869501965517,0.07523510971786831,87,,,False,3,200,-0.14838213,-0.076518446,0.015,0.01990049751243781,True,False,0.10677018633540371,False
extension,near-tip,total,2.0,best_book,none,all,253,126,126,1,0.5,-0.04547459133577605,253,-0.06431908012935682,253,-0.04547459133577605,-0.13767548767103976,0.0509696103083297,125,,,False,10,200,-0.1068653,-0.045398343,0.05,0.05472636815920398,True,False,0.22920000000000001,False
extension,near-tip,total,2.0,best_book,line_terc,small,85,46,39,0,0.5411764705882353,0.03303934796084479,85,0.01069518716577542,85,0.03303934796084479,-0.1351192424656874,0.19850131069300914,67,,,False,76,200,0.009619101,0.11843468,0.38,0.38308457711442784,True,False,0.6730757341576508,False
extension,near-tip,total,2.0,best_book,line_terc,mid,86,43,43,0,0.5,-0.046229527457047837,86,-0.06765327695560255,86,-0.046229527457047837,-0.19539016811232754,0.11116831797554146,66,,,False,7,200,-0.1481302,-0.062276907,0.035,0.03980099502487562,True,False,0.18067567567567572,False
extension,near-tip,total,2.0,best_book,line_terc,large,82,37,44,1,0.4567901234567901,-0.1260692295526467,82,-0.1385809312638581,82,-0.1260692295526467,-0.30042495413527254,0.04320972624016303,62,,,False,48,200,-0.17809929,-0.07395341,0.24,0.24378109452736318,True,False,0.5371874999999999,False
extension,near-tip,total,2.0,best_book,total_terc,low,89,37,51,1,0.42045454545454547,-0.19728625165317293,89,-0.20633299284984677,89,-0.19728625165317293,-0.3668127968472939,-0.025298631900322305,62,,,False,191,200,-0.122898914,-0.043229673,0.955,0.9552238805970149,True,False,1.0,False
extension,near-tip,total,2.0,best_book,total_terc,mid,77,46,31,0,0.5974025974025974,0.1409156275653556,77,0.09090909090909091,77,0.1409156275653556,-0.04209041092808771,0.33024478335234553,61,,,False,20,200,0.01851788,0.17773546,0.1,0.1044776119402985,True,False,0.3410714285714286,False
extension,near-tip,total,2.0,best_book,total_terc,high,87,43,44,0,0.4942528735632184,-0.05513906360173935,87,-0.05642633228840126,87,-0.05513906360173935,-0.22609862412585216,0.11553788926347189,62,,,False,0,200,-0.19422284,-0.12737548,0.0,0.004975124378109453,True,False,0.0,True
extension,near-tip,total,2.0,best_book,side,over,111,54,56,1,0.4909090909090909,-0.06331071610542972,111,-0.0884520884520885,111,-0.06331071610542972,-0.19834545010974344,0.06545476023299103,79,,,False,86,200,-0.073303625,-0.002478643,0.43,0.43283582089552236,True,False,0.7039714285714286,False
extension,near-tip,total,2.0,best_book,side,under,142,72,70,0,0.5070422535211268,-0.03153226845245524,142,-0.045454545454545435,142,-0.03153226845245524,-0.1686323593939958,0.10550938012599843,88,,,False,1,200,-0.13893731,-0.073436454,0.005,0.009950248756218905,True,False,0.054571428571428576,True
extension,near-tip,total,2.0,best_book,rest_sign,home_more,76,43,33,0,0.5657894736842105,0.07596771750227968,76,0.055023923444976065,76,0.07596771750227968,-0.09955265567826618,0.2519829180693453,63,,,False,7,200,-0.029963154,0.07394036,0.035,0.03980099502487562,True,False,0.18067567567567572,False
extension,near-tip,total,2.0,best_book,rest_sign,equal,120,60,59,1,0.5042016806722689,-0.03565454888642436,120,-0.06136363636363635,120,-0.03565454888642436,-0.16410093443968082,0.10099705626631547,80,,,False,44,200,-0.06870727,0.035365127,0.22,0.22388059701492538,True,False,0.5263465553235909,False
extension,near-tip,total,2.0,best_book,rest_sign,away_more,57,23,34,0,0.40350877192982454,-0.22807144336409943,57,-0.22966507177033493,57,-0.22807144336409943,-0.4235920713443273,-0.02815202837435902,46,,,False,62,200,-0.2645388,-0.17288755,0.31,0.31343283582089554,True,False,0.6167708333333333,False
extension,near-tip,total,2.0,best_book,phase,early,22,13,9,0,0.5909090909090909,0.13350691874461684,22,0.12809917355371903,22,0.13350691874461684,-0.1371744972662404,0.3972993768656821,14,,,False,56,200,0.04729586,0.25812596,0.28,0.2835820895522388,False,True,,False
extension,near-tip,total,2.0,best_book,phase,mid,144,68,75,1,0.4755244755244755,-0.09247784159753586,144,-0.11174242424242424,144,-0.09247784159753586,-0.21313615889141221,0.032632182818284124,68,,,False,12,200,-0.16608375,-0.085804716,0.06,0.06467661691542288,True,False,0.25094890510948903,False
extension,near-tip,total,2.0,best_book,phase,late,87,45,42,0,0.5172413793103449,-0.012935800348134982,87,-0.034482758620689634,87,-0.012935800348134982,-0.1726804511090998,0.14989528491623622,47,,,False,65,200,-0.03938437,0.074985586,0.325,0.3283582089552239,True,False,0.6312711864406779,False
extension,near-tip,total,2.0,best_book,weekend,weekend,75,35,40,0,0.4666666666666667,-0.11067018050841308,75,-0.13454545454545455,75,-0.11067018050841308,-0.31046209917244716,0.07610489097861584,38,,,False,156,200,-0.060981736,0.04163272,0.78,0.7810945273631841,True,False,0.9065720081135903,False
extension,near-tip,total,2.0,best_book,weekend,weekday,178,91,86,1,0.5141242937853108,-0.01800453971809189,178,-0.03472931562819203,178,-0.01800453971809189,-0.12568936849101142,0.09067403719901425,87,,,False,3,200,-0.12770742,-0.054455586,0.015,0.01990049751243781,True,False,0.10677018633540371,False
extension,near-tip,total,3.0,consensus,none,all,176,88,88,0,0.5,-0.04545454545454545,176,-0.04545454545454545,176,-0.028661255169467048,-0.15500154170306796,0.07177033492822965,109,,,False,1,200,-0.13411142,-0.07568678,0.005,0.009950248756218905,True,False,0.054571428571428576,True
extension,near-tip,total,3.0,consensus,line_terc,small,52,31,21,0,0.5961538461538461,0.1381118881118881,52,0.1381118881118881,52,0.17568138245694348,-0.0634648370497427,0.3363636363636364,48,,,False,4,200,-0.013448563,0.12073781,0.02,0.024875621890547265,True,False,0.12949152542372883,False
extension,near-tip,total,3.0,consensus,line_terc,mid,57,26,31,0,0.45614035087719296,-0.1291866028708134,57,-0.1291866028708134,57,-0.13098316934250415,-0.3181818181818182,0.06468531468531467,48,,,False,54,200,-0.17069334,-0.07618285,0.27,0.2736318407960199,True,False,0.5751301115241636,False
extension,near-tip,total,3.0,consensus,line_terc,large,67,31,36,0,0.4626865671641791,-0.11668928086838533,67,-0.11668928086838533,67,-0.10020555440394817,-0.30830039525691694,0.07771260997067449,51,,,False,16,200,-0.2112245,-0.10013651,0.08,0.0845771144278607,True,False,0.3005901639344262,False
extension,near-tip,total,3.0,consensus,total_terc,low,67,25,42,0,0.373134328358209,-0.28765264586160105,67,-0.28765264586160105,67,-0.2739883469670235,-0.47653958944281516,-0.08944473437010757,55,,,False,199,200,-0.13114844,-0.045454547,0.995,0.9950248756218906,True,False,1.0,False
extension,near-tip,total,3.0,consensus,total_terc,mid,48,35,13,0,0.7291666666666666,0.39204545454545453,48,0.39204545454545453,48,0.4339816023300338,0.19318181818181812,0.5909090909090909,44,,,False,0,200,-0.026310451,0.13600643,0.0,0.004975124378109453,True,False,0.0,True
extension,near-tip,total,3.0,consensus,total_terc,high,61,28,33,0,0.45901639344262296,-0.12369597615499256,61,-0.12369597615499256,61,-0.12325046844061062,-0.316146540027137,0.08203761755485875,48,,,False,6,200,-0.21570164,-0.13999856,0.03,0.03482587064676617,True,False,0.1621698113207547,False
extension,near-tip,total,3.0,consensus,side,over,81,38,43,0,0.4691358024691358,-0.10437710437710436,81,-0.10437710437710436,81,-0.069073307013085,-0.27502876869965476,0.05775509902015925,64,,,False,101,200,-0.10177356,-0.030904472,0.505,0.5074626865671642,True,False,0.7477131782945736,False
extension,near-tip,total,3.0,consensus,side,under,95,50,45,0,0.5263157894736842,0.004784688995215296,95,0.004784688995215296,95,0.005795336402459852,-0.15606951871657762,0.16365853658536586,67,,,False,0,200,-0.16494206,-0.09491336,0.0,0.004975124378109453,True,False,0.0,True
extension,near-tip,total,3.0,consensus,rest_sign,home_more,51,29,22,0,0.5686274509803921,0.0855614973262032,51,0.0855614973262032,51,0.11761619984596285,-0.1218181818181818,0.2981818181818182,48,,,False,9,200,-0.04508163,0.07570889,0.045,0.04975124378109453,True,False,0.21398340248962655,False
extension,near-tip,total,3.0,consensus,rest_sign,equal,84,45,39,0,0.5357142857142857,0.022727272727272728,84,0.022727272727272728,84,0.03743595012175294,-0.1398601398601399,0.1841196777905638,63,,,False,4,200,-0.11037376,-0.015127078,0.02,0.024875621890547265,True,False,0.12949152542372883,False
extension,near-tip,total,3.0,consensus,rest_sign,away_more,41,14,27,0,0.34146341463414637,-0.34811529933481156,41,-0.34811529933481156,41,-0.3460348027365257,-0.5809312638580931,-0.09318181818181821,34,,,False,170,200,-0.27883402,-0.17427745,0.85,0.8507462686567164,True,False,0.9411594202898551,False
extension,near-tip,total,3.0,consensus,phase,early,13,9,4,0,0.6923076923076923,0.32167832167832167,13,0.32167832167832167,13,0.3274998871329146,-0.11888111888111888,0.6545454545454544,11,,,False,3,200,0.0478534,0.2955909,0.015,0.01990049751243781,False,True,,False
extension,near-tip,total,3.0,consensus,phase,mid,98,47,51,0,0.47959183673469385,-0.08441558441558442,98,-0.08441558441558442,98,-0.07408005306116897,-0.23636363636363636,0.06993006993006992,57,,,False,2,200,-0.20300552,-0.12495321,0.01,0.014925373134328358,True,False,0.0855223880597015,True
extension,near-tip,total,3.0,consensus,phase,late,65,32,33,0,0.49230769230769234,-0.06013986013986013,65,-0.06013986013986013,65,-0.03141591142399277,-0.24245036572622783,0.12667660208643813,44,,,False,112,200,-0.053102136,0.05620322,0.56,0.5621890547263682,True,False,0.7952416356877324,False
extension,near-tip,total,3.0,consensus,weekend,weekend,45,22,23,0,0.4888888888888889,-0.06666666666666665,45,-0.06666666666666665,45,-0.024866766791408108,-0.309784314441079,0.18190909090909083,29,,,False,71,200,-0.08681653,0.021565668,0.355,0.3582089552238806,True,False,0.6527848101265823,False
extension,near-tip,total,3.0,consensus,weekend,weekday,131,66,65,0,0.5038167938931297,-0.0381679389312977,131,-0.0381679389312977,131,-0.029964705375670506,-0.16119229993952836,0.08647450110864745,80,,,False,2,200,-0.15566884,-0.089444734,0.01,0.014925373134328358,True,False,0.0855223880597015,True
extension,near-tip,total,3.0,best_book,none,all,176,89,86,1,0.5085714285714286,-0.028661255169467048,176,-0.04545454545454545,176,-0.028661255169467048,-0.139244821621019,0.0916687645803674,109,,,False,2,200,-0.1141897,-0.055595767,0.01,0.014925373134328358,True,False,0.0855223880597015,True
extension,near-tip,total,3.0,best_book,line_terc,small,52,32,20,0,0.6153846153846154,0.17568138245694348,52,0.1381118881118881,52,0.17568138245694348,-0.025226796160426005,0.3762387639985368,48,,,False,4,200,0.011924399,0.1335808,0.02,0.024875621890547265,True,False,0.12949152542372883,False
extension,near-tip,total,3.0,best_book,line_terc,mid,57,26,31,0,0.45614035087719296,-0.13098316934250415,57,-0.1291866028708134,57,-0.13098316934250415,-0.31768858064955674,0.060564955667883495,48,,,False,70,200,-0.15710977,-0.064682215,0.35,0.35323383084577115,True,False,0.6527848101265823,False
extension,near-tip,total,3.0,best_book,line_terc,large,67,31,35,1,0.4696969696969697,-0.10020555440394817,67,-0.11668928086838533,67,-0.10020555440394817,-0.29711541712171047,0.09800836330380915,51,,,False,21,200,-0.19008584,-0.076718874,0.105,0.10945273631840796,True,False,0.349796511627907,False
extension,near-tip,total,3.0,best_book,total_terc,low,67,25,41,1,0.3787878787878788,-0.2739883469670235,67,-0.28765264586160105,67,-0.2739883469670235,-0.45628442710596073,-0.07696250943311239,55,,,False,199,200,-0.123819865,-0.03808933,0.995,0.9950248756218906,True,False,1.0,False
extension,near-tip,total,3.0,best_book,total_terc,mid,48,36,12,0,0.75,0.4339816023300338,48,0.39204545454545453,48,0.4339816023300338,0.22532238288889303,0.6245386943652893,44,,,False,0,200,0.01885855,0.18025437,0.0,0.004975124378109453,True,False,0.0,True
extension,near-tip,total,3.0,best_book,total_terc,high,61,28,33,0,0.45901639344262296,-0.12325046844061062,61,-0.12369597615499256,61,-0.12325046844061062,-0.3160704372210219,0.08370110799952407,48,,,False,8,200,-0.20247112,-0.12604135,0.04,0.04477611940298507,True,False,0.19341772151898737,False
extension,near-tip,total,3.0,best_book,side,over,81,39,41,1,0.4875,-0.069073307013085,81,-0.10437710437710436,81,-0.069073307013085,-0.2397560900981486,0.09260272253564106,64,,,False,84,200,-0.07924927,-0.0042189793,0.42,0.4228855721393035,True,False,0.7006113537117904,False
extension,near-tip,total,3.0,best_book,side,under,95,50,45,0,0.5263157894736842,0.005795336402459852,95,0.004784688995215296,95,0.005795336402459852,-0.15430291492630122,0.16459233227281644,67,,,False,1,200,-0.14752845,-0.08415417,0.005,0.009950248756218905,True,False,0.054571428571428576,True
extension,near-tip,total,3.0,best_book,rest_sign,home_more,51,30,21,0,0.5882352941176471,0.11761619984596285,51,0.0855614973262032,51,0.11761619984596285,-0.09922217086727649,0.34068541577473976,48,,,False,5,200,-0.026580071,0.09236499,0.025,0.029850746268656716,True,False,0.1461734693877551,False
extension,near-tip,total,3.0,best_book,rest_sign,equal,84,45,38,1,0.5421686746987951,0.03743595012175294,84,0.022727272727272728,84,0.03743595012175294,-0.1284422684613684,0.20446959523917982,63,,,False,6,200,-0.07814032,0.02041872,0.03,0.03482587064676617,True,False,0.1621698113207547,False
extension,near-tip,total,3.0,best_book,rest_sign,away_more,41,14,27,0,0.34146341463414637,-0.3460348027365257,41,-0.34811529933481156,41,-0.3460348027365257,-0.5780086935267065,-0.09255610385197542,34,,,False,167,200,-0.277955,-0.17236438,0.835,0.835820895522388,True,False,0.9326608187134503,False
extension,near-tip,total,3.0,best_book,phase,early,13,9,4,0,0.6923076923076923,0.3274998871329146,13,0.32167832167832167,13,0.3274998871329146,-0.1150400737556701,0.6640801490954396,11,,,False,5,200,0.05467068,0.30647555,0.025,0.029850746268656716,False,True,,False
extension,near-tip,total,3.0,best_book,phase,mid,98,47,50,1,0.4845360824742268,-0.07408005306116897,98,-0.08441558441558442,98,-0.07408005306116897,-0.23077922585620858,0.08184429332111377,57,,,False,3,200,-0.17795888,-0.09890277,0.015,0.01990049751243781,True,False,0.10677018633540371,False
extension,near-tip,total,3.0,best_book,phase,late,65,33,32,0,0.5076923076923077,-0.03141591142399277,65,-0.06013986013986013,65,-0.03141591142399277,-0.21301251530629878,0.15705930023005127,44,,,False,89,200,-0.03929243,0.07304313,0.445,0.44776119402985076,True,False,0.711255230125523,False
extension,near-tip,total,3.0,best_book,weekend,weekend,45,23,22,0,0.5111111111111111,-0.024866766791408108,45,-0.06666666666666665,45,-0.024866766791408108,-0.27066060098582356,0.23140236366371178,29,,,False,57,200,-0.06741106,0.04405593,0.285,0.2885572139303483,True,False,0.5895487364620938,False
extension,near-tip,total,3.0,best_book,weekend,weekday,131,66,64,1,0.5076923076923077,-0.029964705375670506,131,-0.0381679389312977,131,-0.029964705375670506,-0.1579604524429647,0.09651583457453289,80,,,False,2,200,-0.1355133,-0.06518235,0.01,0.014925373134328358,True,False,0.0855223880597015,True
extension,near-tip,moneyline,0.5,consensus,none,all,333,129,204,0,0.38738738738738737,0.044611387474343414,333,0.044611387474343414,333,0.08141499965328698,-0.09587775613132345,0.1918403211849296,134,,,False,20,200,-0.005520893,0.05702348,0.1,0.1044776119402985,True,False,0.3410714285714286,False
extension,near-tip,moneyline,0.5,consensus,line_terc,small,111,59,52,0,0.5315315315315315,0.11050780182909266,111,0.11050780182909266,111,0.14079983996710485,-0.05929394253800505,0.2725824058623437,81,,,False,66,200,0.070537664,0.20732555,0.33,0.3333333333333333,True,False,0.6398984771573604,False
extension,near-tip,moneyline,0.5,consensus,line_terc,mid,107,42,65,0,0.3925233644859813,0.04760732742853796,107,0.04760732742853796,107,0.08493056155835489,-0.17599114350820158,0.2681169403196344,77,,,False,58,200,0.00521286,0.13641465,0.29,0.2935323383084577,True,False,0.594525939177102,False
extension,near-tip,moneyline,0.5,consensus,line_terc,large,115,28,87,0,0.24347826086956523,-0.021780504425447707,115,-0.021780504425447707,115,0.02082471792566917,-0.33604126036415616,0.30942403780188044,80,,,False,5,200,-0.088609,-0.032960676,0.025,0.029850746268656716,True,False,0.1461734693877551,False
extension,near-tip,moneyline,0.5,consensus,total_terc,low,114,38,76,0,0.3333333333333333,-0.025016158345025283,114,-0.025016158345025283,114,0.013131053658634146,-0.3052976463885131,0.2742640459719052,75,,,False,85,200,-0.03917325,0.06562671,0.425,0.42786069651741293,True,False,0.7018011527377522,False
extension,near-tip,moneyline,0.5,consensus,total_terc,mid,111,47,64,0,0.42342342342342343,0.0711489881377439,111,0.0711489881377439,111,0.10709804167569681,-0.1359165458446448,0.29181664941726215,83,,,False,86,200,0.06476987,0.17882498,0.43,0.43283582089552236,True,False,0.7039714285714286,False
extension,near-tip,moneyline,0.5,consensus,total_terc,high,108,44,64,0,0.4074074074074074,0.09083237404629323,108,0.09083237404629323,108,0.12709603834683267,-0.14782736478141012,0.3440847220530845,76,,,False,8,200,-0.040598765,0.078298554,0.04,0.04477611940298507,True,False,0.19341772151898737,False
extension,near-tip,moneyline,0.5,consensus,side,home,146,63,83,0,0.4315068493150685,0.05972548987796876,146,0.05972548987796876,146,0.09679851942711569,-0.15787301048898708,0.2833607271583033,92,,,False,12,200,0.0020671675,0.06020948,0.06,0.06467661691542288,True,False,0.25094890510948903,False
extension,near-tip,moneyline,0.5,consensus,side,away,187,66,121,0,0.35294117647058826,0.03281107222873216,187,0.03281107222873216,187,0.06940433715607312,-0.15200106045712405,0.22772750923489363,110,,,False,33,200,-0.012475004,0.05586823,0.165,0.1691542288557214,True,False,0.46232273838630805,False
extension,near-tip,moneyline,0.5,consensus,side,fav,71,45,26,0,0.6338028169014085,-0.028229759060632555,71,-0.028229759060632555,71,-0.011391621344442769,-0.1767149486574121,0.12921396476233468,60,,,False,72,200,-0.059733626,0.07765602,0.36,0.36318407960199006,True,False,0.6527848101265823,False
extension,near-tip,moneyline,0.5,consensus,side,dog,262,84,178,0,0.32061068702290074,0.06435078214603536,262,0.06435078214603536,262,0.10656488549618319,-0.10968572538612233,0.24907110314568257,123,,,False,6,200,0.0063906224,0.05932873,0.03,0.03482587064676617,True,False,0.1621698113207547,False
extension,near-tip,moneyline,0.5,consensus,rest_sign,home_more,104,38,66,0,0.36538461538461536,0.03031275616267756,104,0.03031275616267756,104,0.06800665766890636,-0.21118593582072603,0.2927714172659185,79,,,False,92,200,0.015602091,0.12168543,0.46,0.4626865671641791,True,False,0.7221369863013698,False
extension,near-tip,moneyline,0.5,consensus,rest_sign,equal,146,56,90,0,0.3835616438356164,0.023510279128311037,146,0.023510279128311037,146,0.05917665536531879,-0.1852663373353678,0.23582064430660565,91,,,False,41,200,-0.024326578,0.06693892,0.205,0.208955223880597,True,False,0.5096095444685466,False
extension,near-tip,moneyline,0.5,consensus,rest_sign,away_more,83,35,48,0,0.42168674698795183,0.0996453570518612,83,0.0996453570518612,83,0.13733386510411763,-0.16515136101370848,0.38168867803557505,61,,,False,18,200,0.001025836,0.119926855,0.09,0.0945273631840796,True,False,0.3213084112149533,False
extension,near-tip,moneyline,0.5,consensus,phase,early,32,17,15,0,0.53125,0.30606848192655467,32,0.30606848192655467,32,0.34196044656072,-0.060736815320114136,0.7412135243074439,15,,,False,15,200,0.10351534,0.31807768,0.075,0.07960199004975124,False,True,,False
extension,near-tip,moneyline,0.5,consensus,phase,mid,192,76,116,0,0.3958333333333333,0.06123557565103572,192,0.06123557565103572,192,0.10115174921565008,-0.13210100869437455,0.265577856521554,76,,,False,32,200,0.012616554,0.08817847,0.16,0.16417910447761194,True,False,0.4527407407407408,False
extension,near-tip,moneyline,0.5,consensus,phase,late,109,36,73,0,0.3302752293577982,-0.06142963227240596,109,-0.06142963227240596,109,-0.029841057383516476,-0.27387370409420225,0.16642273699883856,48,,,False,99,200,-0.06972248,0.04152342,0.495,0.4975124378109453,True,False,0.7454270696452037,False
extension,near-tip,moneyline,0.5,consensus,weekend,weekend,107,44,63,0,0.411214953271028,0.09993828081843031,107,0.09993828081843031,107,0.13727845634162542,-0.127256199037121,0.3518416320664072,40,,,False,89,200,0.09027601,0.2049411,0.445,0.44776119402985076,True,False,0.711255230125523,False
extension,near-tip,moneyline,0.5,consensus,weekend,weekday,226,85,141,0,0.37610619469026546,0.01841679637780672,226,0.01841679637780672,226,0.054966371929162136,-0.15581587216890327,0.19964606433995927,94,,,False,16,200,-0.048428394,0.036725007,0.08,0.0845771144278607,True,False,0.3005901639344262,False
extension,near-tip,moneyline,0.5,best_book,none,all,333,129,204,0,0.38738738738738737,0.08141499965328698,333,0.044611387474343414,333,0.08141499965328698,-0.06726711058653478,0.23595014868465977,134,,,False,21,200,0.030112853,0.094782405,0.105,0.10945273631840796,True,False,0.349796511627907,False
extension,near-tip,moneyline,0.5,best_book,line_terc,small,111,59,52,0,0.5315315315315315,0.14079983996710485,111,0.11050780182909266,111,0.14079983996710485,-0.03415133193588905,0.3076789053034627,81,,,False,64,200,0.098945655,0.24042597,0.32,0.32338308457711445,True,False,0.6279452054794521,False
extension,near-tip,moneyline,0.5,best_book,line_terc,mid,107,42,65,0,0.3925233644859813,0.08493056155835489,107,0.04760732742853796,107,0.08493056155835489,-0.1491400340820121,0.318404301262327,77,,,False,58,200,0.04017297,0.17727783,0.29,0.2935323383084577,True,False,0.594525939177102,False
extension,near-tip,moneyline,0.5,best_book,line_terc,large,115,28,87,0,0.24347826086956523,0.02082471792566917,115,-0.021780504425447707,115,0.02082471792566917,-0.31030255766193365,0.36853379847167533,80,,,False,7,200,-0.045414835,0.0123442635,0.035,0.03980099502487562,True,False,0.18067567567567572,False
extension,near-tip,moneyline,0.5,best_book,total_terc,low,114,38,76,0,0.3333333333333333,0.013131053658634146,114,-0.025016158345025283,114,0.013131053658634146,-0.2814289449072086,0.3300288736474893,75,,,False,85,200,-0.0019535306,0.10535236,0.425,0.42786069651741293,True,False,0.7018011527377522,False
extension,near-tip,moneyline,0.5,best_book,total_terc,mid,111,47,64,0,0.42342342342342343,0.10709804167569681,111,0.0711489881377439,111,0.10709804167569681,-0.10844770028528032,0.33421826628887397,83,,,False,88,200,0.10139795,0.21900304,0.44,0.4427860696517413,True,False,0.7111988716502116,False
extension,near-tip,moneyline,0.5,best_book,total_terc,high,108,44,64,0,0.4074074074074074,0.12709603834683267,108,0.09083237404629323,108,0.12709603834683267,-0.12111726731830849,0.3899962447397613,76,,,False,8,200,-0.007542374,0.11529033,0.04,0.04477611940298507,True,False,0.19341772151898737,False
extension,near-tip,moneyline,0.5,best_book,side,home,146,63,83,0,0.4315068493150685,0.09679851942711569,146,0.05972548987796876,146,0.09679851942711569,-0.13276218632259568,0.3367334583210556,92,,,False,10,200,0.03644943,0.096504524,0.05,0.05472636815920398,True,False,0.22920000000000001,False
extension,near-tip,moneyline,0.5,best_book,side,away,187,66,121,0,0.35294117647058826,0.06940433715607312,187,0.03281107222873216,187,0.06940433715607312,-0.12190714130472148,0.27284513293615165,110,,,False,37,200,0.0243326,0.094935544,0.185,0.1890547263681592,True,False,0.48626146788990826,False
extension,near-tip,moneyline,0.5,best_book,side,fav,71,45,26,0,0.6338028169014085,-0.011391621344442769,71,-0.028229759060632555,71,-0.011391621344442769,-0.1626136389671279,0.14891948544080727,60,,,False,75,200,-0.04158633,0.09745769,0.375,0.3781094527363184,True,False,0.6673136645962733,False
extension,near-tip,moneyline,0.5,best_book,side,dog,262,84,178,0,0.32061068702290074,0.10656488549618319,262,0.06435078214603536,262,0.10656488549618319,-0.07621437073104755,0.30195317017761253,123,,,False,6,200,0.045927014,0.10081332,0.03,0.03482587064676617,True,False,0.1621698113207547,False
extension,near-tip,moneyline,0.5,best_book,rest_sign,home_more,104,38,66,0,0.36538461538461536,0.06800665766890636,104,0.03031275616267756,104,0.06800665766890636,-0.18260077630761426,0.3450299688219642,79,,,False,93,200,0.052987438,0.16166413,0.465,0.46766169154228854,True,False,0.7250204081632653,False
extension,near-tip,moneyline,0.5,best_book,rest_sign,equal,146,56,90,0,0.3835616438356164,0.05917665536531879,146,0.023510279128311037,146,0.05917665536531879,-0.1589756677735061,0.2824866890507916,91,,,False,41,200,0.010786771,0.104344584,0.205,0.208955223880597,True,False,0.5096095444685466,False
extension,near-tip,moneyline,0.5,best_book,rest_sign,away_more,83,35,48,0,0.42168674698795183,0.13733386510411763,83,0.0996453570518612,83,0.13733386510411763,-0.1386667211528904,0.43248286488833604,61,,,False,18,200,0.035385408,0.15907165,0.09,0.0945273631840796,True,False,0.3213084112149533,False
extension,near-tip,moneyline,0.5,best_book,phase,early,32,17,15,0,0.53125,0.34196044656072,32,0.30606848192655467,32,0.34196044656072,-0.03798024239391601,0.7916139627929201,15,,,False,13,200,0.13423641,0.35488254,0.065,0.06965174129353234,False,True,,False
extension,near-tip,moneyline,0.5,best_book,phase,mid,192,76,116,0,0.3958333333333333,0.10115174921565008,192,0.06123557565103572,192,0.10115174921565008,-0.10553437675378863,0.32114629669783107,76,,,False,32,200,0.05202309,0.13029747,0.16,0.16417910447761194,True,False,0.4527407407407408,False
extension,near-tip,moneyline,0.5,best_book,phase,late,109,36,73,0,0.3302752293577982,-0.029841057383516476,109,-0.06142963227240596,109,-0.029841057383516476,-0.25148697161783357,0.20864195943225564,48,,,False,97,200,-0.039649818,0.07677719,0.485,0.48756218905472637,True,False,0.7371485411140583,False
extension,near-tip,moneyline,0.5,best_book,weekend,weekend,107,44,63,0,0.411214953271028,0.13727845634162542,107,0.09993828081843031,107,0.13727845634162542,-0.0986468373693994,0.4002822295508793,40,,,False,95,200,0.12965044,0.24832195,0.475,0.47761194029850745,True,False,0.7306711409395974,False
extension,near-tip,moneyline,0.5,best_book,weekend,weekday,226,85,141,0,0.37610619469026546,0.054966371929162136,226,0.01841679637780672,226,0.054966371929162136,-0.1296423918718237,0.24659511956339644,94,,,False,15,200,-0.014467907,0.074015066,0.075,0.07960199004975124,True,False,0.2893939393939394,False
extension,near-tip,moneyline,1.0,consensus,none,all,296,113,183,0,0.38175675675675674,0.07476572412837323,296,0.07476572412837323,296,0.11374362407476757,-0.0843816599222328,0.2465728733777271,132,,,False,4,200,-0.0051975595,0.061490666,0.02,0.024875621890547265,True,False,0.12949152542372883,False
extension,near-tip,moneyline,1.0,consensus,line_terc,small,96,51,45,0,0.53125,0.1293210219246859,96,0.1293210219246859,96,0.16070683211635406,-0.055411163106030954,0.30601828922393903,72,,,False,48,200,0.07474152,0.23024748,0.24,0.24378109452736318,True,False,0.5371874999999999,False
extension,near-tip,moneyline,1.0,consensus,line_terc,mid,94,38,56,0,0.40425531914893614,0.08541212454017519,94,0.08541212454017519,94,0.12466318422886387,-0.14417127291103482,0.3297439991347703,69,,,False,34,200,0.004827084,0.13819197,0.17,0.17412935323383086,True,False,0.464964200477327,False
extension,near-tip,moneyline,1.0,consensus,line_terc,large,106,24,82,0,0.22641509433962265,0.01591600500426573,106,0.01591600500426573,106,0.061527523824981216,-0.30292886258341073,0.3855792176776257,77,,,False,0,200,-0.08740578,-0.02910471,0.0,0.004975124378109453,True,False,0.0,True
extension,near-tip,moneyline,1.0,consensus,total_terc,low,103,34,69,0,0.3300970873786408,0.004981007652786728,103,0.004981007652786728,103,0.04425884582061991,-0.2827491333978999,0.3235189505277788,70,,,False,55,200,-0.039979685,0.069951594,0.275,0.27860696517412936,True,False,0.5825323475046211,False
extension,near-tip,moneyline,1.0,consensus,total_terc,mid,103,42,61,0,0.4077669902912621,0.07836587434381428,103,0.07836587434381428,103,0.11567680553468031,-0.1437734179557674,0.31880614812476366,78,,,False,87,200,0.067889206,0.18658693,0.435,0.43781094527363185,True,False,0.7081107954545455,False
extension,near-tip,moneyline,1.0,consensus,total_terc,high,90,37,53,0,0.4111111111111111,0.1505102832927621,90,0.1505102832927621,90,0.19105267373928092,-0.129320407244339,0.429170607131633,71,,,False,1,200,-0.041815966,0.08694484,0.005,0.009950248756218905,True,False,0.054571428571428576,True
extension,near-tip,moneyline,1.0,consensus,side,home,131,57,74,0,0.4351145038167939,0.10152937428842307,131,0.10152937428842307,131,0.1411451841565858,-0.14357299265513232,0.3634462833987221,86,,,False,0,200,0.0017140502,0.064760596,0.0,0.004975124378109453,True,False,0.0,True
extension,near-tip,moneyline,1.0,consensus,side,away,165,56,109,0,0.3393939393939394,0.05351700794069733,165,0.05351700794069733,165,0.09198844607041494,-0.13390330309838416,0.2680322482169431,102,,,False,18,200,-0.011499833,0.0595488,0.09,0.0945273631840796,True,False,0.3213084112149533,False
extension,near-tip,moneyline,1.0,consensus,side,fav,52,33,19,0,0.6346153846153846,-0.013656916753305203,52,-0.013656916753305203,52,0.0026560139640616873,-0.1904082185116998,0.1617805186757476,45,,,False,61,200,-0.06071127,0.08719233,0.305,0.30845771144278605,True,False,0.6121366024518389,False
extension,near-tip,moneyline,1.0,consensus,side,dog,244,80,164,0,0.32786885245901637,0.09360989349659983,244,0.09360989349659983,244,0.13741803278688525,-0.09377791118375532,0.28803356639865946,121,,,False,1,200,0.0060225492,0.060656045,0.005,0.009950248756218905,True,False,0.054571428571428576,True
extension,near-tip,moneyline,1.0,consensus,rest_sign,home_more,92,33,59,0,0.358695652173913,0.05876887814840636,92,0.05876887814840636,92,0.09947357691785812,-0.2103211513939205,0.3633031128063725,71,,,False,67,200,0.016465727,0.12965652,0.335,0.3383084577114428,True,False,0.6430653266331658,False
extension,near-tip,moneyline,1.0,consensus,rest_sign,equal,129,49,80,0,0.3798449612403101,0.04815918111236228,129,0.04815918111236228,129,0.08512880487290386,-0.16731278060134366,0.28047153886874504,83,,,False,20,200,-0.023012254,0.070807986,0.1,0.1044776119402985,True,False,0.3410714285714286,False
extension,near-tip,moneyline,1.0,consensus,rest_sign,away_more,75,31,44,0,0.41333333333333333,0.14015177585133817,75,0.14015177585133817,75,0.1804657042811156,-0.15393935820253135,0.442618144857001,56,,,False,8,200,-0.0013915263,0.13411106,0.04,0.04477611940298507,True,False,0.19341772151898737,False
extension,near-tip,moneyline,1.0,consensus,phase,early,28,13,15,0,0.4642857142857143,0.19309232061169584,28,0.19309232061169584,28,0.22768933356255236,-0.15216537398226562,0.6053362518069638,15,,,False,59,200,0.1032066,0.3258485,0.295,0.29850746268656714,False,True,,False
extension,near-tip,moneyline,1.0,consensus,phase,mid,168,68,100,0,0.40476190476190477,0.13877872383904086,168,0.13877872383904086,168,0.18315977837225692,-0.08513601922432333,0.38012116642609867,75,,,False,0,200,0.013971686,0.08527204,0.0,0.004975124378109453,True,False,0.0,True
extension,near-tip,moneyline,1.0,consensus,phase,late,100,32,68,0,0.32,-0.06590756240087865,100,-0.06590756240087865,100,-0.03478031380159424,-0.27858337567754465,0.17381099578741924,47,,,False,93,200,-0.07091025,0.051245145,0.465,0.46766169154228854,True,False,0.7250204081632653,False
extension,near-tip,moneyline,1.0,consensus,weekend,weekend,94,38,56,0,0.40425531914893614,0.12664816951793187,94,0.12664816951793187,94,0.16650539970735692,-0.1138755564570602,0.4141168704915525,40,,,False,69,200,0.0932765,0.22253186,0.345,0.3482587064676617,True,False,0.6524257425742573,False
extension,near-tip,moneyline,1.0,consensus,weekend,weekday,202,75,127,0,0.3712871287128713,0.050622407956994506,202,0.050622407956994506,202,0.0891911146219785,-0.14907066574291863,0.2614986425687406,92,,,False,4,200,-0.049205586,0.025614854,0.02,0.024875621890547265,True,False,0.12949152542372883,False
extension,near-tip,moneyline,1.0,best_book,none,all,296,113,183,0,0.38175675675675674,0.11374362407476757,296,0.07476572412837323,296,0.11374362407476757,-0.054466404363505576,0.29484948134588734,132,,,False,4,200,0.030849485,0.099589705,0.02,0.024875621890547265,True,False,0.12949152542372883,False
extension,near-tip,moneyline,1.0,best_book,line_terc,small,96,51,45,0,0.53125,0.16070683211635406,96,0.1293210219246859,96,0.16070683211635406,-0.02920291633028883,0.3426035529648332,72,,,False,44,200,0.103319556,0.2633253,0.22,0.22388059701492538,True,False,0.5263465553235909,False
extension,near-tip,moneyline,1.0,best_book,line_terc,mid,94,38,56,0,0.40425531914893614,0.12466318422886387,94,0.08541212454017519,94,0.12466318422886387,-0.11414431287757963,0.3776399793345991,69,,,False,34,200,0.040193982,0.17844392,0.17,0.17412935323383086,True,False,0.464964200477327,False
extension,near-tip,moneyline,1.0,best_book,line_terc,large,106,24,82,0,0.22641509433962265,0.061527523824981216,106,0.01591600500426573,106,0.061527523824981216,-0.2740885512472955,0.4508934220816108,77,,,False,0,200,-0.04390138,0.016106388,0.0,0.004975124378109453,True,False,0.0,True
extension,near-tip,moneyline,1.0,best_book,total_terc,low,103,34,69,0,0.3300970873786408,0.04425884582061991,103,0.004981007652786728,103,0.04425884582061991,-0.2575431339981802,0.3815948596447933,70,,,False,55,200,-0.0023392525,0.11129389,0.275,0.27860696517412936,True,False,0.5825323475046211,False
extension,near-tip,moneyline,1.0,best_book,total_terc,mid,103,42,61,0,0.4077669902912621,0.11567680553468031,103,0.07836587434381428,103,0.11567680553468031,-0.11407739832534812,0.3677838596186701,78,,,False,89,200,0.10493288,0.2267321,0.445,0.44776119402985076,True,False,0.711255230125523,False
extension,near-tip,moneyline,1.0,best_book,total_terc,high,90,37,53,0,0.4111111111111111,0.19105267373928092,90,0.1505102832927621,90,0.19105267373928092,-0.1007212029327975,0.4834516688008255,71,,,False,1,200,-0.008368612,0.12365298,0.005,0.009950248756218905,True,False,0.054571428571428576,True
extension,near-tip,moneyline,1.0,best_book,side,home,131,57,74,0,0.4351145038167939,0.1411451841565858,131,0.10152937428842307,131,0.1411451841565858,-0.11767154310988412,0.41635910338753096,86,,,False,0,200,0.03659415,0.100767404,0.0,0.004975124378109453,True,False,0.0,True
extension,near-tip,moneyline,1.0,best_book,side,away,165,56,109,0,0.3393939393939394,0.09198844607041494,165,0.05351700794069733,165,0.09198844607041494,-0.1023779034631183,0.31361273867563233,102,,,False,18,200,0.02563177,0.10077844,0.09,0.0945273631840796,True,False,0.3213084112149533,False
extension,near-tip,moneyline,1.0,best_book,side,fav,52,33,19,0,0.6346153846153846,0.0026560139640616873,52,-0.013656916753305203,52,0.0026560139640616873,-0.17645160029009802,0.18056573846477897,45,,,False,63,200,-0.04243633,0.11056249,0.315,0.31840796019900497,True,False,0.6213253012048193,False
extension,near-tip,moneyline,1.0,best_book,side,dog,244,80,164,0,0.32786885245901637,0.13741803278688525,244,0.09360989349659983,244,0.13741803278688525,-0.06021708146312051,0.341006981508437,121,,,False,1,200,0.04571692,0.10183437,0.005,0.009950248756218905,True,False,0.054571428571428576,True
extension,near-tip,moneyline,1.0,best_book,rest_sign,home_more,92,33,59,0,0.358695652173913,0.09947357691785812,92,0.05876887814840636,92,0.09947357691785812,-0.18029391078368262,0.4192299208836614,71,,,False,63,200,0.054253478,0.17049833,0.315,0.31840796019900497,True,False,0.6213253012048193,False
extension,near-tip,moneyline,1.0,best_book,rest_sign,equal,129,49,80,0,0.3798449612403101,0.08512880487290386,129,0.04815918111236228,129,0.08512880487290386,-0.13917103972164416,0.32701178064985187,83,,,False,21,200,0.012599833,0.109021276,0.105,0.10945273631840796,True,False,0.349796511627907,False
extension,near-tip,moneyline,1.0,best_book,rest_sign,away_more,75,31,44,0,0.41333333333333333,0.1804657042811156,75,0.14015177585133817,75,0.1804657042811156,-0.12251814688257172,0.4915950234981877,56,,,False,8,200,0.033232007,0.17182367,0.04,0.04477611940298507,True,False,0.19341772151898737,False
extension,near-tip,moneyline,1.0,best_book,phase,early,28,13,15,0,0.4642857142857143,0.22768933356255236,28,0.19309232061169584,28,0.22768933356255236,-0.12900552275633234,0.6524170602001484,15,,,False,59,200,0.13418345,0.36222476,0.295,0.29850746268656714,False,True,,False
extension,near-tip,moneyline,1.0,best_book,phase,mid,168,68,100,0,0.40476190476190477,0.18315977837225692,168,0.13877872383904086,168,0.18315977837225692,-0.055347660920262054,0.43622488373564855,75,,,False,0,200,0.053928558,0.12896028,0.0,0.004975124378109453,True,False,0.0,True
extension,near-tip,moneyline,1.0,best_book,phase,late,100,32,68,0,0.32,-0.03478031380159424,100,-0.06590756240087865,100,-0.03478031380159424,-0.2545224334616967,0.2130534674815371,47,,,False,93,200,-0.04061307,0.08655913,0.465,0.46766169154228854,True,False,0.7250204081632653,False
extension,near-tip,moneyline,1.0,best_book,weekend,weekend,94,38,56,0,0.40425531914893614,0.16650539970735692,94,0.12664816951793187,94,0.16650539970735692,-0.08358142574954418,0.46437727704776954,40,,,False,70,200,0.13316034,0.2652524,0.35,0.35323383084577115,True,False,0.6527848101265823,False
extension,near-tip,moneyline,1.0,best_book,weekend,weekday,202,75,127,0,0.3712871287128713,0.0891911146219785,202,0.050622407956994506,202,0.0891911146219785,-0.11953894476867118,0.31262439641008866,92,,,False,3,200,-0.014872073,0.061426006,0.015,0.01990049751243781,True,False,0.10677018633540371,False
extension,near-tip,moneyline,1.5,consensus,none,all,269,101,168,0,0.3754646840148699,0.07512811906215647,269,0.07512811906215647,269,0.11452821602947764,-0.09756547697559176,0.2585090327287662,131,,,False,5,200,-0.005644,0.060403522,0.025,0.029850746268656716,True,False,0.1461734693877551,False
extension,near-tip,moneyline,1.5,consensus,line_terc,small,84,45,39,0,0.5357142857142857,0.15388759188503792,84,0.15388759188503792,84,0.18686119918636718,-0.03149804134364724,0.3367623667593892,66,,,False,35,200,0.07698956,0.2388802,0.175,0.1791044776119403,True,False,0.46748251748251746,False
extension,near-tip,moneyline,1.5,consensus,line_terc,mid,84,32,52,0,0.38095238095238093,0.007092973558627839,84,0.007092973558627839,84,0.04273609350984091,-0.22351809099134187,0.25255716526547,63,,,False,94,200,0.0021088123,0.14473419,0.47,0.472636815920398,True,False,0.7268825910931174,False
extension,near-tip,moneyline,1.5,consensus,line_terc,large,101,24,77,0,0.2376237623762376,0.06620887653913039,101,0.06620887653913039,101,0.11407839134106942,-0.26926681899525134,0.4525357382119623,75,,,False,0,200,-0.08449136,-0.018625543,0.0,0.004975124378109453,True,False,0.0,True
extension,near-tip,moneyline,1.5,consensus,total_terc,low,95,31,64,0,0.3263157894736842,0.017407897094964864,95,0.017407897094964864,95,0.05821214375618201,-0.29134659054742484,0.3610492098546676,66,,,False,42,200,-0.041050967,0.068824254,0.21,0.21393034825870647,True,False,0.5175483870967742,False
extension,near-tip,moneyline,1.5,consensus,total_terc,mid,95,37,58,0,0.3894736842105263,0.02387073751073339,95,0.02387073751073339,95,0.0587864312639165,-0.20521019081678088,0.2711705669584051,75,,,False,146,200,0.067699425,0.18761908,0.73,0.7313432835820896,True,False,0.8796845425867507,False
extension,near-tip,moneyline,1.5,consensus,total_terc,high,79,33,46,0,0.4177215189873418,0.20617713595162981,79,0.20617713595162981,79,0.2492813352534194,-0.08368888421392265,0.5294571649538808,64,,,False,0,200,-0.04114919,0.08259206,0.0,0.004975124378109453,True,False,0.0,True
extension,near-tip,moneyline,1.5,consensus,side,home,119,49,70,0,0.4117647058823529,0.05591166331121628,119,0.05591166331121628,119,0.09469821360841961,-0.20127463232088863,0.3241702343572409,83,,,False,21,200,0.0013007014,0.06961391,0.105,0.10945273631840796,True,False,0.349796511627907,False
extension,near-tip,moneyline,1.5,consensus,side,away,150,52,98,0,0.3466666666666667,0.0903731739579024,150,0.0903731739579024,150,0.13026001795018372,-0.13047120532358372,0.3230991785229012,95,,,False,3,200,-0.011934656,0.06692373,0.015,0.01990049751243781,True,False,0.10677018633540371,False
extension,near-tip,moneyline,1.5,consensus,side,fav,46,28,18,0,0.6086956521739131,-0.07165818451697939,46,-0.07165818451697939,46,-0.056780649740663304,-0.25132246517611845,0.0993393600871891,41,,,False,113,200,-0.06147273,0.08333876,0.565,0.5671641791044776,True,False,0.7974014778325121,False
extension,near-tip,moneyline,1.5,consensus,side,dog,223,73,150,0,0.3273542600896861,0.10540690814126075,223,0.10540690814126075,223,0.14986547085201796,-0.10330378460504025,0.3183432631200102,120,,,False,2,200,0.0049421713,0.059908777,0.01,0.014925373134328358,True,False,0.0855223880597015,True
extension,near-tip,moneyline,1.5,consensus,rest_sign,home_more,81,29,52,0,0.35802469135802467,0.06421822863395041,81,0.06421822863395041,81,0.10546269342409915,-0.21486236865064182,0.3759100260173656,67,,,False,61,200,0.015801806,0.1382674,0.305,0.30845771144278605,True,False,0.6121366024518389,False
extension,near-tip,moneyline,1.5,consensus,rest_sign,equal,121,46,75,0,0.38016528925619836,0.06802262626699986,121,0.06802262626699986,121,0.10634944210967988,-0.16517119507628275,0.317623850780545,79,,,False,12,200,-0.023428911,0.070941195,0.06,0.06467661691542288,True,False,0.25094890510948903,False
extension,near-tip,moneyline,1.5,consensus,rest_sign,away_more,67,26,41,0,0.3880597014925373,0.10114999597109148,67,0.10114999597109148,67,0.1402586484971074,-0.20629734606434272,0.4362420124817283,52,,,False,23,200,-0.001571925,0.1424599,0.115,0.11940298507462686,True,False,0.3660833333333333,False
extension,near-tip,moneyline,1.5,consensus,phase,early,24,11,13,0,0.4583333333333333,0.24022335347197377,24,0.24022335347197377,24,0.27775876794418997,-0.17232196752894346,0.777504788239158,15,,,False,35,200,0.10801911,0.35548306,0.175,0.1791044776119403,False,True,,False
extension,near-tip,moneyline,1.5,consensus,phase,mid,152,59,93,0,0.3881578947368421,0.1066468048022048,152,0.1066468048022048,152,0.15032836224623916,-0.130047510382387,0.37695314660595874,74,,,False,7,200,0.015117228,0.09291421,0.035,0.03980099502487562,True,False,0.18067567567567572,False
extension,near-tip,moneyline,1.5,consensus,phase,late,93,31,62,0,0.3333333333333333,-0.01899151382303669,93,-0.01899151382303669,93,0.013892135697210501,-0.2731258303572615,0.2607128701883141,46,,,False,43,200,-0.07530863,0.04286961,0.215,0.21890547263681592,True,False,0.5231210191082802,False
extension,near-tip,moneyline,1.5,consensus,weekend,weekend,86,35,51,0,0.4069767441860465,0.13495159332086848,86,0.13495159332086848,86,0.1752500880522274,-0.13429483870344536,0.4511993818184836,40,,,False,61,200,0.09529713,0.22570114,0.305,0.30845771144278605,True,False,0.6121366024518389,False
extension,near-tip,moneyline,1.5,consensus,weekend,weekday,183,66,117,0,0.36065573770491804,0.047014355202871075,183,0.047014355202871075,183,0.08599225431386849,-0.16538891129130753,0.26467734912769336,91,,,False,5,200,-0.05077773,0.022140019,0.025,0.029850746268656716,True,False,0.1461734693877551,False
extension,near-tip,moneyline,1.5,best_book,none,all,269,101,168,0,0.3754646840148699,0.11452821602947764,269,0.07512811906215647,269,0.11452821602947764,-0.06819329597498468,0.3088593333778765,131,,,False,5,200,0.030705059,0.099688984,0.025,0.029850746268656716,True,False,0.1461734693877551,False
extension,near-tip,moneyline,1.5,best_book,line_terc,small,84,45,39,0,0.5357142857142857,0.18686119918636718,84,0.15388759188503792,84,0.18686119918636718,-0.005411736255506759,0.3742685738692468,66,,,False,35,200,0.10569672,0.2731102,0.175,0.1791044776119403,True,False,0.46748251748251746,False
extension,near-tip,moneyline,1.5,best_book,line_terc,mid,84,32,52,0,0.38095238095238093,0.04273609350984091,84,0.007092973558627839,84,0.04273609350984091,-0.19951259588523096,0.29845155746067625,63,,,False,93,200,0.037528206,0.18271716,0.465,0.46766169154228854,True,False,0.7250204081632653,False
extension,near-tip,moneyline,1.5,best_book,line_terc,large,101,24,77,0,0.2376237623762376,0.11407839134106942,101,0.06620887653913039,101,0.11407839134106942,-0.236823299485437,0.5224585816080337,75,,,False,0,200,-0.040659714,0.027916739,0.0,0.004975124378109453,True,False,0.0,True
extension,near-tip,moneyline,1.5,best_book,total_terc,low,95,31,64,0,0.3263157894736842,0.05821214375618201,95,0.017407897094964864,95,0.05821214375618201,-0.2662045976541706,0.4192684683028852,66,,,False,41,200,-0.0031166489,0.111363836,0.205,0.208955223880597,True,False,0.5096095444685466,False
extension,near-tip,moneyline,1.5,best_book,total_terc,mid,95,37,58,0,0.3894736842105263,0.0587864312639165,95,0.02387073751073339,95,0.0587864312639165,-0.17886817016987502,0.31572543541512016,75,,,False,148,200,0.10495186,0.22863345,0.74,0.7412935323383084,True,False,0.8824557752341311,False
extension,near-tip,moneyline,1.5,best_book,total_terc,high,79,33,46,0,0.4177215189873418,0.2492813352534194,79,0.20617713595162981,79,0.2492813352534194,-0.054030884875801925,0.5871424177606741,64,,,False,0,200,-0.007299564,0.11974346,0.0,0.004975124378109453,True,False,0.0,True
extension,near-tip,moneyline,1.5,best_book,side,home,119,49,70,0,0.4117647058823529,0.09469821360841961,119,0.05591166331121628,119,0.09469821360841961,-0.1777172431400865,0.376543732307468,83,,,False,18,200,0.036620345,0.10743877,0.09,0.0945273631840796,True,False,0.3213084112149533,False
extension,near-tip,moneyline,1.5,best_book,side,away,150,52,98,0,0.3466666666666667,0.13026001795018372,150,0.0903731739579024,150,0.13026001795018372,-0.10000188960150945,0.37245956895741766,95,,,False,3,200,0.025371108,0.10666605,0.015,0.01990049751243781,True,False,0.10677018633540371,False
extension,near-tip,moneyline,1.5,best_book,side,fav,46,28,18,0,0.6086956521739131,-0.056780649740663304,46,-0.07165818451697939,46,-0.056780649740663304,-0.23923125180388455,0.11647753136453078,41,,,False,117,200,-0.043079954,0.10436669,0.585,0.5870646766169154,True,False,0.804813925570228,False
extension,near-tip,moneyline,1.5,best_book,side,dog,223,73,150,0,0.3273542600896861,0.14986547085201796,223,0.10540690814126075,223,0.14986547085201796,-0.07062587875279133,0.374511316872428,120,,,False,2,200,0.04472909,0.10185927,0.01,0.014925373134328358,True,False,0.0855223880597015,True
extension,near-tip,moneyline,1.5,best_book,rest_sign,home_more,81,29,52,0,0.35802469135802467,0.10546269342409915,81,0.06421822863395041,81,0.10546269342409915,-0.18392382789894735,0.43178423859350834,67,,,False,60,200,0.05379642,0.18046352,0.3,0.3034825870646766,True,False,0.6074204946996467,False
extension,near-tip,moneyline,1.5,best_book,rest_sign,equal,121,46,75,0,0.38016528925619836,0.10634944210967988,121,0.06802262626699986,121,0.10634944210967988,-0.13803939047480898,0.3668293122891208,79,,,False,12,200,0.012608149,0.1102812,0.06,0.06467661691542288,True,False,0.25094890510948903,False
extension,near-tip,moneyline,1.5,best_book,rest_sign,away_more,67,26,41,0,0.3880597014925373,0.1402586484971074,67,0.10114999597109148,67,0.1402586484971074,-0.177662517774414,0.48782462804882853,52,,,False,22,200,0.03325702,0.1822894,0.11,0.11442786069651742,True,False,0.35914529914529914,False
extension,near-tip,moneyline,1.5,best_book,phase,early,24,11,13,0,0.4583333333333333,0.27775876794418997,24,0.24022335347197377,24,0.27775876794418997,-0.14761345515376428,0.836961497205005,15,,,False,34,200,0.13938425,0.3926101,0.17,0.17412935323383086,False,True,,False
extension,near-tip,moneyline,1.5,best_book,phase,mid,152,59,93,0,0.3881578947368421,0.15032836224623916,152,0.1066468048022048,152,0.15032836224623916,-0.10008624534161446,0.4371635523219089,74,,,False,7,200,0.055477317,0.1364635,0.035,0.03980099502487562,True,False,0.18067567567567572,False
extension,near-tip,moneyline,1.5,best_book,phase,late,93,31,62,0,0.3333333333333333,0.013892135697210501,93,-0.01899151382303669,93,0.013892135697210501,-0.24897782731996024,0.30521680235299076,46,,,False,42,200,-0.044911094,0.078203,0.21,0.21393034825870647,True,False,0.5175483870967742,False
extension,near-tip,moneyline,1.5,best_book,weekend,weekend,86,35,51,0,0.4069767441860465,0.1752500880522274,86,0.13495159332086848,86,0.1752500880522274,-0.10442649327733908,0.5033455698274725,40,,,False,63,200,0.13558829,0.27020496,0.315,0.31840796019900497,True,False,0.6213253012048193,False
extension,near-tip,moneyline,1.5,best_book,weekend,weekday,183,66,117,0,0.36065573770491804,0.08599225431386849,183,0.047014355202871075,183,0.08599225431386849,-0.13662984731351424,0.3155580746260319,91,,,False,4,200,-0.0161907,0.059597466,0.02,0.024875621890547265,True,False,0.12949152542372883,False
extension,near-tip,moneyline,2.0,consensus,none,all,241,86,155,0,0.35684647302904565,0.09126485209894472,241,0.09126485209894472,241,0.13321326396472227,-0.09171284733413025,0.2903127664940457,127,,,False,3,200,-0.005668225,0.06365533,0.015,0.01990049751243781,True,False,0.10677018633540371,False
extension,near-tip,moneyline,2.0,consensus,line_terc,small,73,38,35,0,0.5205479452054794,0.12006963715485057,73,0.12006963715485057,73,0.15337453057061426,-0.06837696733154802,0.31411494136914786,59,,,False,72,200,0.08186654,0.25025702,0.36,0.36318407960199006,True,False,0.6527848101265823,False
extension,near-tip,moneyline,2.0,consensus,line_terc,mid,77,27,50,0,0.35064935064935066,0.0022817293894439603,77,0.0022817293894439603,77,0.03972095436124951,-0.2534402809237474,0.27246303048311554,61,,,False,96,200,0.0033082939,0.13752237,0.48,0.48258706467661694,True,False,0.7344192256341788,False
extension,near-tip,moneyline,2.0,consensus,line_terc,large,91,21,70,0,0.23076923076923078,0.1434511283577407,91,0.1434511283577407,91,0.19614881756073643,-0.23735188306757235,0.5410858880998718,70,,,False,0,200,-0.08529665,-0.011915495,0.0,0.004975124378109453,True,False,0.0,True
extension,near-tip,moneyline,2.0,consensus,total_terc,low,84,25,59,0,0.2976190476190476,0.02164353167154837,84,0.02164353167154837,84,0.06475547870354728,-0.31361441033512527,0.42441368372679517,57,,,False,40,200,-0.041075334,0.07671328,0.2,0.20398009950248755,True,False,0.5048458149779737,False
extension,near-tip,moneyline,2.0,consensus,total_terc,mid,87,33,54,0,0.3793103448275862,0.03587405330261199,87,0.03587405330261199,87,0.07257157691891303,-0.20213343173569173,0.2968623945209161,69,,,False,140,200,0.06901078,0.18724325,0.7,0.7014925373134329,True,False,0.8607296137339056,False
extension,near-tip,moneyline,2.0,consensus,total_terc,high,70,28,42,0,0.4,0.24365328654440538,70,0.24365328654440538,70,0.2907315601779237,-0.083090924813702,0.5785689205894043,60,,,False,0,200,-0.042047583,0.07564705,0.0,0.004975124378109453,True,False,0.0,True
extension,near-tip,moneyline,2.0,consensus,side,home,106,42,64,0,0.39622641509433965,0.07803450450278751,106,0.07803450450278751,106,0.11962128266006328,-0.20381333920592326,0.37921341492393135,79,,,False,8,200,0.0019682678,0.07323099,0.04,0.04477611940298507,True,False,0.19341772151898737,False
extension,near-tip,moneyline,2.0,consensus,side,away,135,44,91,0,0.32592592592592595,0.10165312502629781,135,0.10165312502629781,135,0.14388548632245446,-0.1393763430994933,0.3579466838651857,87,,,False,3,200,-0.0126096215,0.08527339,0.015,0.01990049751243781,True,False,0.10677018633540371,False
extension,near-tip,moneyline,2.0,consensus,side,fav,33,19,14,0,0.5757575757575758,-0.0938677218211022,33,-0.0938677218211022,33,-0.07926070862127076,-0.3066378824772405,0.12170424031339976,30,,,False,133,200,-0.061083984,0.095113926,0.665,0.6666666666666666,False,True,,False
extension,near-tip,moneyline,2.0,consensus,side,dog,208,67,141,0,0.32211538461538464,0.12063684699972142,208,0.12063684699972142,208,0.16692307692307692,-0.09781932191827325,0.34274011454460457,116,,,False,1,200,0.004047532,0.06442812,0.005,0.009950248756218905,True,False,0.054571428571428576,True
extension,near-tip,moneyline,2.0,consensus,rest_sign,home_more,70,22,48,0,0.3142857142857143,0.041021734385258316,70,0.041021734385258316,70,0.0850689674651247,-0.26412374012634166,0.3717649082216596,59,,,False,77,200,0.016829684,0.14729956,0.385,0.3880597014925373,True,False,0.6736030534351145,False
extension,near-tip,moneyline,2.0,consensus,rest_sign,equal,107,39,68,0,0.3644859813084112,0.10787497060914121,107,0.10787497060914121,107,0.1495536396601228,-0.1700896453424002,0.38244498012470246,75,,,False,4,200,-0.024011295,0.079586536,0.02,0.024875621890547265,True,False,0.12949152542372883,False
extension,near-tip,moneyline,2.0,consensus,rest_sign,away_more,64,25,39,0,0.390625,0.11844822021405454,64,0.11844822021405454,64,0.1585520226454093,-0.1969496613849502,0.4584135403137002,50,,,False,18,200,-0.0019315812,0.15202717,0.09,0.0945273631840796,True,False,0.3213084112149533,False
extension,near-tip,moneyline,2.0,consensus,phase,early,22,10,12,0,0.45454545454545453,0.28350252220405425,22,0.28350252220405425,22,0.32376055317231794,-0.18129532999438153,0.8167682751653136,15,,,False,28,200,0.112764284,0.38861573,0.14,0.14427860696517414,False,True,,False
extension,near-tip,moneyline,2.0,consensus,phase,mid,132,49,83,0,0.3712121212121212,0.13738584405556561,132,0.13738584405556561,132,0.18533123185559963,-0.12173289754546632,0.41082991605319413,72,,,False,1,200,0.015303344,0.088451974,0.005,0.009950248756218905,True,False,0.054571428571428576,True
extension,near-tip,moneyline,2.0,consensus,phase,late,87,27,60,0,0.3103448275862069,-0.027323649976760667,87,-0.027323649976760667,87,0.005953354491585376,-0.2815663776323242,0.2519019366168124,44,,,False,47,200,-0.07714901,0.05313212,0.235,0.23880597014925373,True,False,0.5371874999999999,False
extension,near-tip,moneyline,2.0,consensus,weekend,weekend,76,28,48,0,0.3684210526315789,0.1302630104585891,76,0.1302630104585891,76,0.1730650242206306,-0.16065532790629022,0.4488440089830225,39,,,False,73,200,0.1009121,0.23221642,0.365,0.3681592039800995,True,False,0.6546009389671361,False
extension,near-tip,moneyline,2.0,consensus,weekend,weekday,165,58,107,0,0.3515151515151515,0.07330206400601764,165,0.07330206400601764,165,0.11485730166503112,-0.1555468479507105,0.3137037414165664,88,,,False,3,200,-0.053317394,0.022228062,0.015,0.01990049751243781,True,False,0.10677018633540371,False
extension,near-tip,moneyline,2.0,best_book,none,all,241,86,155,0,0.35684647302904565,0.13321326396472227,241,0.09126485209894472,241,0.13321326396472227,-0.05978507118590445,0.3427946912199008,127,,,False,3,200,0.031012196,0.10339355,0.015,0.01990049751243781,True,False,0.10677018633540371,False
extension,near-tip,moneyline,2.0,best_book,line_terc,small,73,38,35,0,0.5205479452054794,0.15337453057061426,73,0.12006963715485057,73,0.15337453057061426,-0.04140242093864273,0.35381777806334147,59,,,False,69,200,0.110738955,0.28344986,0.345,0.3482587064676617,True,False,0.6524257425742573,False
extension,near-tip,moneyline,2.0,best_book,line_terc,mid,77,27,50,0,0.35064935064935066,0.03972095436124951,77,0.0022817293894439603,77,0.03972095436124951,-0.22652032142954462,0.32435973649573596,61,,,False,94,200,0.038966194,0.179735,0.47,0.472636815920398,True,False,0.7268825910931174,False
extension,near-tip,moneyline,2.0,best_book,line_terc,large,91,21,70,0,0.23076923076923078,0.19614881756073643,91,0.1434511283577407,91,0.19614881756073643,-0.20166568632104961,0.6102662242795079,70,,,False,0,200,-0.041306354,0.035043158,0.0,0.004975124378109453,True,False,0.0,True
extension,near-tip,moneyline,2.0,best_book,total_terc,low,84,25,59,0,0.2976190476190476,0.06475547870354728,84,0.02164353167154837,84,0.06475547870354728,-0.28861180450276097,0.49115632443754004,57,,,False,39,200,-0.002741436,0.11781658,0.195,0.19900497512437812,True,False,0.4966,False
extension,near-tip,moneyline,2.0,best_book,total_terc,mid,87,33,54,0,0.3793103448275862,0.07257157691891303,87,0.03587405330261199,87,0.07257157691891303,-0.1717091196241111,0.34382039018769156,69,,,False,140,200,0.106519334,0.23020293,0.7,0.7014925373134329,True,False,0.8607296137339056,False
extension,near-tip,moneyline,2.0,best_book,total_terc,high,70,28,42,0,0.4,0.2907315601779237,70,0.24365328654440538,70,0.2907315601779237,-0.04902879280890309,0.6442337255261318,60,,,False,0,200,-0.007857955,0.11287026,0.0,0.004975124378109453,True,False,0.0,True
extension,near-tip,moneyline,2.0,best_book,side,home,106,42,64,0,0.39622641509433965,0.11962128266006328,106,0.07803450450278751,106,0.11962128266006328,-0.17837495236470896,0.43565034828962945,79,,,False,8,200,0.037826672,0.110642776,0.04,0.04477611940298507,True,False,0.19341772151898737,False
extension,near-tip,moneyline,2.0,best_book,side,away,135,44,91,0,0.32592592592592595,0.14388548632245446,135,0.10165312502629781,135,0.14388548632245446,-0.10387435484032619,0.41010664053978363,87,,,False,3,200,0.024832519,0.12701926,0.015,0.01990049751243781,True,False,0.10677018633540371,False
extension,near-tip,moneyline,2.0,best_book,side,fav,33,19,14,0,0.5757575757575758,-0.07926070862127076,33,-0.0938677218211022,33,-0.07926070862127076,-0.29524743868847975,0.13984844758630766,30,,,False,134,200,-0.04254987,0.11579731,0.67,0.6716417910447762,False,True,,False
extension,near-tip,moneyline,2.0,best_book,side,dog,208,67,141,0,0.32211538461538464,0.16692307692307692,208,0.12063684699972142,208,0.16692307692307692,-0.06265373027259682,0.4023598837495689,116,,,False,1,200,0.043920267,0.10787251,0.005,0.009950248756218905,True,False,0.054571428571428576,True
extension,near-tip,moneyline,2.0,best_book,rest_sign,home_more,70,22,48,0,0.3142857142857143,0.0850689674651247,70,0.041021734385258316,70,0.0850689674651247,-0.23527538518392183,0.4269487410018785,59,,,False,72,200,0.05517415,0.19021286,0.36,0.36318407960199006,True,False,0.6527848101265823,False
extension,near-tip,moneyline,2.0,best_book,rest_sign,equal,107,39,68,0,0.3644859813084112,0.1495536396601228,107,0.10787497060914121,107,0.1495536396601228,-0.1388135035757912,0.43923404365406543,75,,,False,4,200,0.012417989,0.12007763,0.02,0.024875621890547265,True,False,0.12949152542372883,False
extension,near-tip,moneyline,2.0,best_book,rest_sign,away_more,64,25,39,0,0.390625,0.1585520226454093,64,0.11844822021405454,64,0.1585520226454093,-0.169587581002825,0.5111600695702313,50,,,False,17,200,0.033098865,0.19211593,0.085,0.08955223880597014,True,False,0.31121405750798725,False
extension,near-tip,moneyline,2.0,best_book,phase,early,22,10,12,0,0.45454545454545453,0.32376055317231794,22,0.28350252220405425,22,0.32376055317231794,-0.15730806611688958,0.8751848308554192,15,,,False,27,200,0.14450435,0.42613998,0.135,0.13930348258706468,False,True,,False
extension,near-tip,moneyline,2.0,best_book,phase,mid,132,49,83,0,0.3712121212121212,0.18533123185559963,132,0.13738584405556561,132,0.18533123185559963,-0.08578677431161762,0.47933402168136546,72,,,False,1,200,0.056098036,0.13253543,0.005,0.009950248756218905,True,False,0.054571428571428576,True
extension,near-tip,moneyline,2.0,best_book,phase,late,87,27,60,0,0.3103448275862069,0.005953354491585376,87,-0.027323649976760667,87,0.005953354491585376,-0.2587847827009592,0.30205613759385364,44,,,False,47,200,-0.04661815,0.08743181,0.235,0.23880597014925373,True,False,0.5371874999999999,False
extension,near-tip,moneyline,2.0,best_book,weekend,weekend,76,28,48,0,0.3684210526315789,0.1730650242206306,76,0.1302630104585891,76,0.1730650242206306,-0.13001981960988174,0.5064315748433761,39,,,False,73,200,0.14177008,0.27752638,0.365,0.3681592039800995,True,False,0.6546009389671361,False
extension,near-tip,moneyline,2.0,best_book,weekend,weekday,165,58,107,0,0.3515151515151515,0.11485730166503112,165,0.07330206400601764,165,0.11485730166503112,-0.12663844992431464,0.3694758324839508,88,,,False,3,200,-0.018503882,0.06016141,0.015,0.01990049751243781,True,False,0.10677018633540371,False
extension,near-tip,moneyline,3.0,consensus,none,all,181,62,119,0,0.3425414364640884,0.13525138692457223,181,0.13525138692457223,181,0.18190619436079933,-0.1064850399412141,0.3784070460683417,106,,,False,2,200,-0.004862513,0.0755517,0.01,0.014925373134328358,True,False,0.0855223880597015,True
extension,near-tip,moneyline,3.0,consensus,line_terc,small,46,26,20,0,0.5652173913043478,0.2440794411677207,46,0.2440794411677207,46,0.28198897127116196,-0.03305954601009548,0.5185933636779423,40,,,False,13,200,0.09468245,0.25157297,0.065,0.06965174129353234,True,False,0.2613684210526316,False
extension,near-tip,moneyline,3.0,consensus,line_terc,mid,60,20,40,0,0.3333333333333333,-0.02743588767279303,60,-0.02743588767279303,60,0.010058808347187117,-0.3389494148665405,0.32079398091564393,49,,,False,122,200,0.0028541058,0.15927334,0.61,0.6119402985074627,True,False,0.8119163763066202,False
extension,near-tip,moneyline,3.0,consensus,line_terc,large,75,16,59,0,0.21333333333333335,0.19865333333333332,75,0.19865333333333332,75,0.25799999999999995,-0.2537780593093093,0.7077540205627705,58,,,False,0,200,-0.08305879,-0.0032831205,0.0,0.004975124378109453,True,False,0.0,True
extension,near-tip,moneyline,3.0,consensus,total_terc,low,68,18,50,0,0.2647058823529412,0.009984889193847072,68,0.009984889193847072,68,0.05510967098703885,-0.40392025817126875,0.498628422254919,49,,,False,48,200,-0.044692554,0.07518457,0.24,0.24378109452736318,True,False,0.5371874999999999,False
extension,near-tip,moneyline,3.0,consensus,total_terc,mid,62,23,39,0,0.3709677419354839,0.0392517990894415,62,0.0392517990894415,62,0.07892112754830352,-0.24962140178094333,0.33931943449426155,52,,,False,135,200,0.073766924,0.21518457,0.675,0.6766169154228856,True,False,0.8491218441273327,False
extension,near-tip,moneyline,3.0,consensus,total_terc,high,51,21,30,0,0.4117647058823529,0.41897876518863914,51,0.41897876518863914,51,0.47616575772923964,-0.001073899151409966,0.8687875834765029,45,,,False,0,200,-0.03987496,0.0801853,0.0,0.004975124378109453,True,False,0.0,True
extension,near-tip,moneyline,3.0,consensus,side,home,81,33,48,0,0.4074074074074074,0.20718946604918703,81,0.20718946604918703,81,0.2581180685455067,-0.1392879300012914,0.6009363754771698,63,,,False,0,200,0.0036432403,0.09138928,0.0,0.004975124378109453,True,False,0.0,True
extension,near-tip,moneyline,3.0,consensus,side,away,100,29,71,0,0.29,0.07698154283363422,100,0.07698154283363422,100,0.12017457627118644,-0.21066232159053724,0.3984810039337131,70,,,False,14,200,-0.012692687,0.095120825,0.07,0.07462686567164178,True,False,0.27662068965517245,False
extension,near-tip,moneyline,3.0,consensus,side,fav,18,10,8,0,0.5555555555555556,-0.08198731632917536,18,-0.08198731632917536,18,-0.0663877122608511,-0.396751710412063,0.22141000681897502,17,,,False,118,200,-0.05310777,0.14556761,0.59,0.5920398009950248,False,True,,False
extension,near-tip,moneyline,3.0,consensus,side,dog,163,52,111,0,0.31901840490797545,0.15924093697713332,163,0.15924093697713332,163,0.20932515337423316,-0.10713935104996619,0.4572170348071417,99,,,False,0,200,0.00235156,0.08354356,0.0,0.004975124378109453,True,False,0.0,True
extension,near-tip,moneyline,3.0,consensus,rest_sign,home_more,57,21,36,0,0.3684210526315789,0.24136640426897746,57,0.24136640426897746,57,0.2948215389922584,-0.11770150913894131,0.6293872428141708,49,,,False,1,200,0.015635578,0.1532403,0.005,0.009950248756218905,True,False,0.054571428571428576,True
extension,near-tip,moneyline,3.0,consensus,rest_sign,equal,80,26,54,0,0.325,0.10006539468110824,80,0.10006539468110824,80,0.14380797376487992,-0.24701739828727576,0.5142899752159429,61,,,False,6,200,-0.021145327,0.08573071,0.03,0.03482587064676617,True,False,0.1621698113207547,False
extension,near-tip,moneyline,3.0,consensus,rest_sign,away_more,44,15,29,0,0.3409090909090909,0.061758736716527055,44,0.061758736716527055,44,0.10489898989898991,-0.3104610853023696,0.5181071405972799,36,,,False,49,200,-0.002317541,0.14860527,0.245,0.24875621890547264,True,False,0.5409826589595376,False
extension,near-tip,moneyline,3.0,consensus,phase,early,18,7,11,0,0.3888888888888889,0.22216460858554063,18,0.22216460858554063,18,0.26556489262371613,-0.3080939845461391,0.8365422077922074,11,,,False,61,200,0.13170533,0.42017207,0.305,0.30845771144278605,False,True,,False
extension,near-tip,moneyline,3.0,consensus,phase,mid,89,33,56,0,0.3707865168539326,0.23408474271793242,89,0.23408474271793242,89,0.29035855361022317,-0.12873118368446454,0.6627370134079311,55,,,False,0,200,0.018648546,0.100144476,0.0,0.004975124378109453,True,False,0.0,True
extension,near-tip,moneyline,3.0,consensus,phase,late,74,22,52,0,0.2972972972972973,-0.004756811122812775,74,-0.004756811122812775,74,0.03112083568605306,-0.3126037453235795,0.3424531481772242,41,,,False,32,200,-0.08520267,0.058679253,0.16,0.16417910447761194,True,False,0.4527407407407408,False
extension,near-tip,moneyline,3.0,consensus,weekend,weekend,58,22,36,0,0.3793103448275862,0.22602066507340052,58,0.22602066507340052,58,0.27324995510902556,-0.1796647372503968,0.6847827188847228,35,,,False,18,200,0.107675314,0.23890454,0.09,0.0945273631840796,True,False,0.3213084112149533,False
extension,near-tip,moneyline,3.0,consensus,weekend,weekday,123,40,83,0,0.3252032520325203,0.09244961348853939,123,0.09244961348853939,123,0.13883352669090404,-0.19470093313547562,0.4146035781593445,71,,,False,3,200,-0.055597294,0.025154741,0.015,0.01990049751243781,True,False,0.10677018633540371,False
extension,near-tip,moneyline,3.0,best_book,none,all,181,62,119,0,0.3425414364640884,0.18190619436079933,181,0.13525138692457223,181,0.18190619436079933,-0.07379552614588851,0.4389435906045381,106,,,False,1,200,0.03264274,0.11592632,0.005,0.009950248756218905,True,False,0.054571428571428576,True
extension,near-tip,moneyline,3.0,best_book,line_terc,small,46,26,20,0,0.5652173913043478,0.28198897127116196,46,0.2440794411677207,46,0.28198897127116196,-0.005791233365136598,0.5640848734667717,40,,,False,11,200,0.12397195,0.2837174,0.055,0.05970149253731343,True,False,0.24057251908396948,False
extension,near-tip,moneyline,3.0,best_book,line_terc,mid,60,20,40,0,0.3333333333333333,0.010058808347187117,60,-0.02743588767279303,60,0.010058808347187117,-0.3147856668752727,0.3754816281703938,49,,,False,121,200,0.03911491,0.20091225,0.605,0.6069651741293532,True,False,0.8119163763066202,False
extension,near-tip,moneyline,3.0,best_book,line_terc,large,75,16,59,0,0.21333333333333335,0.25799999999999995,75,0.19865333333333332,75,0.25799999999999995,-0.2187121797121797,0.7949466666666665,58,,,False,0,200,-0.038564462,0.044228762,0.0,0.004975124378109453,True,False,0.0,True
extension,near-tip,moneyline,3.0,best_book,total_terc,low,68,18,50,0,0.2647058823529412,0.05510967098703885,68,0.009984889193847072,68,0.05510967098703885,-0.3840649282920469,0.572343608369032,49,,,False,47,200,-0.005591214,0.118833765,0.235,0.23880597014925373,True,False,0.5371874999999999,False
extension,near-tip,moneyline,3.0,best_book,total_terc,mid,62,23,39,0,0.3709677419354839,0.07892112754830352,62,0.0392517990894415,62,0.07892112754830352,-0.22255322722309262,0.39830875223352114,52,,,False,132,200,0.11216163,0.25960785,0.66,0.6616915422885572,True,False,0.8460402684563758,False
extension,near-tip,moneyline,3.0,best_book,total_terc,high,51,21,30,0,0.4117647058823529,0.47616575772923964,51,0.41897876518863914,51,0.47616575772923964,0.038424150267904744,0.948518467091478,45,,,False,0,200,-0.0048571522,0.11778302,0.0,0.004975124378109453,True,False,0.0,True
extension,near-tip,moneyline,3.0,best_book,side,home,81,33,48,0,0.4074074074074074,0.2581180685455067,81,0.20718946604918703,81,0.2581180685455067,-0.11146050095904807,0.6756873981015585,63,,,False,0,200,0.04062016,0.13088699,0.0,0.004975124378109453,True,False,0.0,True
extension,near-tip,moneyline,3.0,best_book,side,away,100,29,71,0,0.29,0.12017457627118644,100,0.07698154283363422,100,0.12017457627118644,-0.1785934462570843,0.4522103893573794,70,,,False,14,200,0.025296891,0.136235,0.07,0.07462686567164178,True,False,0.27662068965517245,False
extension,near-tip,moneyline,3.0,best_book,side,fav,18,10,8,0,0.5555555555555556,-0.0663877122608511,18,-0.08198731632917536,18,-0.0663877122608511,-0.38664239164404435,0.24194660833288356,17,,,False,120,200,-0.03424803,0.17018029,0.6,0.6019900497512438,False,True,,False
extension,near-tip,moneyline,3.0,best_book,side,dog,163,52,111,0,0.31901840490797545,0.20932515337423316,163,0.15924093697713332,163,0.20932515337423316,-0.07231717171717178,0.5233010235974371,99,,,False,0,200,0.042615842,0.12731089,0.0,0.004975124378109453,True,False,0.0,True
extension,near-tip,moneyline,3.0,best_book,rest_sign,home_more,57,21,36,0,0.3684210526315789,0.2948215389922584,57,0.24136640426897746,57,0.2948215389922584,-0.08339225446252453,0.7019036198907245,49,,,False,1,200,0.05486225,0.1991103,0.005,0.009950248756218905,True,False,0.054571428571428576,True
extension,near-tip,moneyline,3.0,best_book,rest_sign,equal,80,26,54,0,0.325,0.14380797376487992,80,0.10006539468110824,80,0.14380797376487992,-0.22060390497871946,0.5788831342102965,61,,,False,6,200,0.016301773,0.12636374,0.03,0.03482587064676617,True,False,0.1621698113207547,False
extension,near-tip,moneyline,3.0,best_book,rest_sign,away_more,44,15,29,0,0.3409090909090909,0.10489898989898991,44,0.061758736716527055,44,0.10489898989898991,-0.2828690217391304,0.5789758454106279,36,,,False,47,200,0.033125322,0.19011045,0.235,0.23880597014925373,True,False,0.5371874999999999,False
extension,near-tip,moneyline,3.0,best_book,phase,early,18,7,11,0,0.3888888888888889,0.26556489262371613,18,0.22216460858554063,18,0.26556489262371613,-0.28943347338935577,0.9066115546218486,11,,,False,59,200,0.16444844,0.46150804,0.295,0.29850746268656714,False,True,,False
extension,near-tip,moneyline,3.0,best_book,phase,mid,89,33,56,0,0.3707865168539326,0.29035855361022317,89,0.23408474271793242,89,0.29035855361022317,-0.09482326494996435,0.7454373988529679,55,,,False,0,200,0.060586143,0.14694639,0.0,0.004975124378109453,True,False,0.0,True
extension,near-tip,moneyline,3.0,best_book,phase,late,74,22,52,0,0.2972972972972973,0.03112083568605306,74,-0.004756811122812775,74,0.03112083568605306,-0.29131765677867805,0.3921144139545603,41,,,False,30,200,-0.054469295,0.09193632,0.15,0.15422885572139303,True,False,0.4385204081632653,False
extension,near-tip,moneyline,3.0,best_book,weekend,weekend,58,22,36,0,0.3793103448275862,0.27324995510902556,58,0.22602066507340052,58,0.27324995510902556,-0.14844409091846772,0.7513802222255304,35,,,False,17,200,0.14947356,0.2850513,0.085,0.08955223880597014,True,False,0.31121405750798725,False
extension,near-tip,moneyline,3.0,best_book,weekend,weekday,123,40,83,0,0.3252032520325203,0.13883352669090404,123,0.09244961348853939,123,0.13883352669090404,-0.16596056539632717,0.4782157188652842,71,,,False,3,200,-0.020024136,0.06320187,0.015,0.01990049751243781,True,False,0.10677018633540371,False
old,near-tip,spread,0.5,consensus,none,all,289,151,138,0,0.5224913494809689,-0.0025165146272412686,289,-0.0025165146272412686,289,0.014508251693677702,-0.09923175416133162,0.08355698355698353,114,,,False,45,200,-0.029164813,0.03409091,0.225,0.22885572139303484,True,False,0.5294661190965093,False
old,near-tip,spread,0.5,consensus,line_terc,small,100,45,55,0,0.45,-0.14090909090909093,100,-0.14090909090909093,100,-0.10555151178165727,-0.3020725242499436,0.0220730027548209,64,,,False,147,200,-0.09692275,0.032467533,0.735,0.736318407960199,True,False,0.8810774058577405,False
old,near-tip,spread,0.5,consensus,line_terc,mid,94,49,45,0,0.5212765957446809,-0.004835589941972922,94,-0.004835589941972922,94,-0.005841443427430456,-0.17607655502392344,0.15708979478131668,68,,,False,32,200,-0.073700435,0.050097402,0.16,0.16417910447761194,True,False,0.4527407407407408,False
old,near-tip,spread,0.5,consensus,line_terc,large,95,57,38,0,0.6,0.1454545454545454,95,0.1454545454545454,95,0.16102243789281098,-0.014662756598240467,0.2982211808809747,69,,,False,5,200,0.08037226,0.1342948,0.025,0.029850746268656716,True,False,0.1461734693877551,False
old,near-tip,spread,0.5,consensus,side,home,127,61,66,0,0.48031496062992124,-0.08303507516105946,127,-0.08303507516105946,127,-0.05424695929444946,-0.22691585274229906,0.0606060606060606,74,,,False,95,200,-0.08711165,-0.025662705,0.475,0.47761194029850745,True,False,0.7306711409395974,False
old,near-tip,spread,0.5,consensus,side,away,162,90,72,0,0.5555555555555556,0.060606060606060615,162,0.060606060606060615,162,0.06840894178930826,-0.045454545454545456,0.16931818181818184,94,,,False,34,200,0.02557711,0.089082815,0.17,0.17412935323383086,True,False,0.464964200477327,False
old,near-tip,spread,0.5,consensus,side,fav,41,21,20,0,0.5121951219512195,-0.022172949002217297,41,-0.022172949002217297,41,-0.021678816377239684,-0.26239669421487605,0.22377622377622372,37,,,False,105,200,-0.016637396,0.16913088,0.525,0.527363184079602,True,False,0.7615822784810127,False
old,near-tip,spread,0.5,consensus,side,dog,247,130,117,0,0.5263157894736842,0.004784688995215328,247,0.004784688995215328,247,0.024622332837812472,-0.09491134277120769,0.10568361785273549,110,,,False,12,200,-0.032270987,0.0067550256,0.06,0.06467661691542288,True,False,0.25094890510948903,False
old,near-tip,spread,0.5,consensus,rest_sign,home_more,81,49,32,0,0.6049382716049383,0.15488215488215487,81,0.15488215488215487,81,0.17143882266216998,0.0011086474501108567,0.3037694013303769,58,,,False,11,200,0.044911947,0.1590909,0.055,0.05970149253731343,True,False,0.24057251908396948,False
old,near-tip,spread,0.5,consensus,rest_sign,equal,148,70,78,0,0.47297297297297297,-0.09705159705159706,148,-0.09705159705159706,148,-0.0736422669241607,-0.23124688002662377,0.03302582421183717,88,,,False,85,200,-0.10717064,-0.019638348,0.425,0.42786069651741293,True,False,0.7018011527377522,False
old,near-tip,spread,0.5,consensus,rest_sign,away_more,60,32,28,0,0.5333333333333333,0.018181818181818174,60,0.018181818181818174,60,0.020089926810214553,-0.2017975206611571,0.22301136363636365,49,,,False,134,200,0.057357945,0.18536441,0.67,0.6716417910447762,True,False,0.8484198895027625,False
old,near-tip,spread,0.5,consensus,phase,early,54,27,27,0,0.5,-0.04545454545454545,54,-0.04545454545454545,54,-0.04692950995603762,-0.29292929292929293,0.18946535022354677,28,,,False,26,200,-0.12507938,0.009283876,0.13,0.13432835820895522,True,False,0.39728,False
old,near-tip,spread,0.5,consensus,phase,mid,156,89,67,0,0.5705128205128205,0.08916083916083915,156,0.08916083916083915,156,0.11480503447677898,-0.0333792433831991,0.21603466994788648,63,,,False,46,200,0.056387633,0.12484814,0.23,0.23383084577114427,True,False,0.5335627530364372,False
old,near-tip,spread,0.5,consensus,phase,late,79,35,44,0,0.4430379746835443,-0.15420023014959724,79,-0.15420023014959724,79,-0.14155072280099534,-0.31818181818181807,0.0034965034965034757,30,,,False,102,200,-0.14028625,-0.009109321,0.51,0.5124378109452736,True,False,0.7512339331619537,False
old,near-tip,spread,0.5,consensus,weekend,weekend,103,54,49,0,0.5242718446601942,0.000882612533097966,103,0.000882612533097966,103,0.0035076792970628904,-0.15378034519080053,0.16555913113435233,39,,,False,44,200,-0.045793176,0.058610864,0.22,0.22388059701492538,True,False,0.5263465553235909,False
old,near-tip,spread,0.5,consensus,weekend,weekday,186,97,89,0,0.521505376344086,-0.004398826979472142,186,-0.004398826979472142,186,0.02059996651545903,-0.12341678939617083,0.11193555188530059,75,,,False,72,200,-0.020087492,0.04856545,0.36,0.36318407960199006,True,False,0.6527848101265823,False
old,near-tip,spread,0.5,best_book,none,all,289,152,135,2,0.5296167247386759,0.014508251693677702,289,-0.0025165146272412686,289,0.014508251693677702,-0.08271883226455132,0.10288802962804873,114,,,False,46,200,-0.013265082,0.04639494,0.23,0.23383084577114427,True,False,0.5335627530364372,False
old,near-tip,spread,0.5,best_book,line_terc,small,100,46,53,1,0.46464646464646464,-0.10555151178165727,100,-0.14090909090909093,100,-0.10555151178165727,-0.2693531742766362,0.051513831285914656,64,,,False,143,200,-0.06517836,0.056047596,0.715,0.7164179104477612,True,False,0.8716914893617022,False
old,near-tip,spread,0.5,best_book,line_terc,mid,94,49,45,0,0.5212765957446809,-0.005841443427430456,94,-0.004835589941972922,94,-0.005841443427430456,-0.1782760352934402,0.15591270241721228,68,,,False,35,200,-0.07157602,0.04828966,0.175,0.1791044776119403,True,False,0.46748251748251746,False
old,near-tip,spread,0.5,best_book,line_terc,large,95,57,37,1,0.6063829787234043,0.16102243789281098,95,0.1454545454545454,95,0.16102243789281098,0.001766076520161676,0.3112144364693454,69,,,False,5,200,0.09441703,0.14904425,0.025,0.029850746268656716,True,False,0.1461734693877551,False
old,near-tip,spread,0.5,best_book,side,home,127,62,64,1,0.49206349206349204,-0.05424695929444946,127,-0.08303507516105946,127,-0.05424695929444946,-0.20061813892453198,0.09014909538400018,74,,,False,84,200,-0.064441405,-0.006391127,0.42,0.4228855721393035,True,False,0.7006113537117904,False
old,near-tip,spread,0.5,best_book,side,away,162,90,71,1,0.5590062111801242,0.06840894178930826,162,0.060606060606060615,162,0.06840894178930826,-0.03970851227288668,0.17834589874142723,94,,,False,36,200,0.03503316,0.09576191,0.18,0.18407960199004975,True,False,0.47529953917050694,False
old,near-tip,spread,0.5,best_book,side,fav,41,21,20,0,0.5121951219512195,-0.021678816377239684,41,-0.022172949002217297,41,-0.021678816377239684,-0.26150268707539226,0.2219915696010428,37,,,False,117,200,0.007259386,0.18744262,0.585,0.5870646766169154,True,False,0.804813925570228,False
old,near-tip,spread,0.5,best_book,side,dog,247,131,114,2,0.5346938775510204,0.024622332837812472,247,0.004784688995215328,247,0.024622332837812472,-0.07788452553952409,0.12850062191639758,110,,,False,8,200,-0.017654952,0.020975098,0.04,0.04477611940298507,True,False,0.19341772151898737,False
old,near-tip,spread,0.5,best_book,rest_sign,home_more,81,49,31,1,0.6125,0.17143882266216998,81,0.15488215488215487,81,0.17143882266216998,0.014597389150977259,0.32205411095270725,58,,,False,11,200,0.059275128,0.17217955,0.055,0.05970149253731343,True,False,0.24057251908396948,False
old,near-tip,spread,0.5,best_book,rest_sign,equal,148,71,76,1,0.48299319727891155,-0.0736422669241607,148,-0.09705159705159706,148,-0.0736422669241607,-0.21364127334545838,0.05683759289491407,88,,,False,86,200,-0.08331663,0.0049428446,0.43,0.43283582089552236,True,False,0.7039714285714286,False
old,near-tip,spread,0.5,best_book,rest_sign,away_more,60,32,28,0,0.5333333333333333,0.020089926810214553,60,0.018181818181818174,60,0.020089926810214553,-0.20220672575391133,0.2267464554676188,49,,,False,134,200,0.056382712,0.18390526,0.67,0.6716417910447762,True,False,0.8484198895027625,False
old,near-tip,spread,0.5,best_book,phase,early,54,27,27,0,0.5,-0.04692950995603762,54,-0.04545454545454545,54,-0.04692950995603762,-0.2942432587423688,0.1920279762082075,28,,,False,34,200,-0.12609528,0.009073195,0.17,0.17412935323383086,True,False,0.464964200477327,False
old,near-tip,spread,0.5,best_book,phase,mid,156,90,65,1,0.5806451612903226,0.11480503447677898,156,0.08916083916083915,156,0.11480503447677898,-0.008073976266082214,0.24331395302147246,63,,,False,33,200,0.074071996,0.14320077,0.165,0.1691542288557214,True,False,0.46232273838630805,False
old,near-tip,spread,0.5,best_book,phase,late,79,35,43,1,0.44871794871794873,-0.14155072280099534,79,-0.15420023014959724,79,-0.14155072280099534,-0.3058073857705163,0.013177940398366114,30,,,False,112,200,-0.11641108,0.015498029,0.56,0.5621890547263682,True,False,0.7952416356877324,False
old,near-tip,spread,0.5,best_book,weekend,weekend,103,54,49,0,0.5242718446601942,0.0035076792970628904,103,0.000882612533097966,103,0.0035076792970628904,-0.15267351561456055,0.16972635648369075,39,,,False,41,200,-0.043585334,0.060902666,0.205,0.208955223880597,True,False,0.5096095444685466,False
old,near-tip,spread,0.5,best_book,weekend,weekday,186,98,86,2,0.532608695652174,0.02059996651545903,186,-0.004398826979472142,186,0.02059996651545903,-0.1008728124071123,0.13740223789510098,75,,,False,70,200,0.0033176246,0.072380215,0.35,0.35323383084577115,True,False,0.6527848101265823,False
old,near-tip,spread,1.0,consensus,none,all,259,136,123,0,0.525096525096525,0.0024570024570024786,259,0.0024570024570024786,259,0.013994044277823692,-0.09868198715782359,0.10235577532648658,108,,,False,39,200,-0.02638716,0.03827751,0.195,0.19900497512437812,True,False,0.4966,False
old,near-tip,spread,1.0,consensus,line_terc,small,86,39,47,0,0.45348837209302323,-0.13424947145877383,86,-0.13424947145877383,86,-0.11521035156039562,-0.3118393234672305,0.04499999999999998,58,,,False,141,200,-0.09781888,0.0196281,0.705,0.7064676616915423,True,False,0.864096256684492,False
old,near-tip,spread,1.0,consensus,line_terc,mid,84,45,39,0,0.5357142857142857,0.02272727272727275,84,0.02272727272727275,84,0.021601674779260734,-0.16783216783216784,0.19332557502738218,63,,,False,21,200,-0.07186737,0.045073316,0.105,0.10945273631840796,True,False,0.349796511627907,False
old,near-tip,spread,1.0,consensus,line_terc,large,89,52,37,0,0.5842696629213483,0.11542390194075589,89,0.11542390194075589,89,0.1316630002324996,-0.045454545454545456,0.27272727272727276,65,,,False,35,200,0.084188335,0.14564934,0.175,0.1791044776119403,True,False,0.46748251748251746,False
old,near-tip,spread,1.0,consensus,side,home,114,54,60,0,0.47368421052631576,-0.09569377990430623,114,-0.09569377990430623,114,-0.08032312890959681,-0.25211691658856605,0.05329153605015673,68,,,False,122,200,-0.083729304,-0.017501174,0.61,0.6119402985074627,True,False,0.8119163763066202,False
old,near-tip,spread,1.0,consensus,side,away,145,82,63,0,0.5655172413793104,0.07962382445141067,145,0.07962382445141067,145,0.08814685630103705,-0.03256388206388207,0.20155046973228788,90,,,False,13,200,0.027732296,0.088997096,0.065,0.06965174129353234,True,False,0.2613684210526316,False
old,near-tip,spread,1.0,consensus,side,fav,33,16,17,0,0.48484848484848486,-0.07438016528925619,33,-0.07438016528925619,33,-0.07478654698761839,-0.34375000000000006,0.19318181818181818,30,,,False,138,200,-0.0040951814,0.21064301,0.69,0.6915422885572139,False,True,,False
old,near-tip,spread,1.0,consensus,side,dog,225,120,105,0,0.5333333333333333,0.0181818181818182,225,0.0181818181818182,225,0.031521837860212204,-0.09134683075294432,0.12937445245636492,104,,,False,5,200,-0.03103223,0.0064882445,0.025,0.029850746268656716,True,False,0.1461734693877551,False
old,near-tip,spread,1.0,consensus,rest_sign,home_more,74,44,30,0,0.5945945945945946,0.13513513513513511,74,0.13513513513513511,74,0.15280297373663768,-0.020334928229665067,0.29924242424242425,54,,,False,23,200,0.049089745,0.1641403,0.115,0.11940298507462686,True,False,0.3660833333333333,False
old,near-tip,spread,1.0,consensus,rest_sign,equal,130,62,68,0,0.47692307692307695,-0.08951048951048951,130,-0.08951048951048951,130,-0.07733339509346834,-0.23116927471435675,0.06731252199022116,81,,,False,78,200,-0.1055409,-0.012987013,0.39,0.39303482587064675,True,False,0.6751359516616314,False
old,near-tip,spread,1.0,consensus,rest_sign,away_more,55,30,25,0,0.5454545454545454,0.04132231404958677,55,0.04132231404958677,55,0.04309779588356431,-0.18181818181818185,0.2613636363636363,47,,,False,116,200,0.060727056,0.18926975,0.58,0.582089552238806,True,False,0.8037243047158403,False
old,near-tip,spread,1.0,consensus,phase,early,48,22,26,0,0.4583333333333333,-0.125,48,-0.125,48,-0.1270100645815749,-0.3990404040404041,0.13736981104002377,26,,,False,99,200,-0.12823276,-0.008741259,0.495,0.4975124378109453,True,False,0.7454270696452037,False
old,near-tip,spread,1.0,consensus,phase,mid,138,82,56,0,0.5942028985507246,0.13438735177865613,138,0.13438735177865613,138,0.14958052545709108,0.001244539917560432,0.2637736765420106,59,,,False,12,200,0.061953746,0.13589229,0.06,0.06467661691542288,True,False,0.25094890510948903,False
old,near-tip,spread,1.0,consensus,phase,late,73,32,41,0,0.4383561643835616,-0.1631382316313823,73,-0.1631382316313823,73,-0.14960509513981693,-0.3533724340175953,0.01612903225806451,29,,,False,114,200,-0.13894121,0.0034965035,0.57,0.572139303482587,True,False,0.7985574572127139,False
old,near-tip,spread,1.0,consensus,weekend,weekend,95,50,45,0,0.5263157894736842,0.004784688995215299,95,0.004784688995215299,95,0.007630814012987795,-0.16,0.171986104860486,38,,,False,45,200,-0.04321761,0.054743476,0.225,0.22885572139303484,True,False,0.5294661190965093,False
old,near-tip,spread,1.0,consensus,weekend,weekday,164,86,78,0,0.524390243902439,0.00110864745011088,164,0.00110864745011088,164,0.01768006180928353,-0.12406417112299463,0.13812328975372457,70,,,False,78,200,-0.017192617,0.055987645,0.39,0.39303482587064675,True,False,0.6751359516616314,False
old,near-tip,spread,1.0,best_book,none,all,259,136,121,2,0.5291828793774319,0.013994044277823692,259,0.0024570024570024786,259,0.013994044277823692,-0.08825558750877191,0.11654640362490719,108,,,False,51,200,-0.0108592715,0.050163686,0.255,0.25870646766169153,True,False,0.5534659090909091,False
old,near-tip,spread,1.0,best_book,line_terc,small,86,39,46,1,0.4588235294117647,-0.11521035156039562,86,-0.13424947145877383,86,-0.11521035156039562,-0.29218454031255636,0.06312162719217562,58,,,False,156,200,-0.06667454,0.04693472,0.78,0.7810945273631841,True,False,0.9065720081135903,False
old,near-tip,spread,1.0,best_book,line_terc,mid,84,45,39,0,0.5357142857142857,0.021601674779260734,84,0.02272727272727275,84,0.021601674779260734,-0.16815397281870248,0.19182709538257117,63,,,False,21,200,-0.06991179,0.051892653,0.105,0.10945273631840796,True,False,0.349796511627907,False
old,near-tip,spread,1.0,best_book,line_terc,large,89,52,36,1,0.5909090909090909,0.1316630002324996,89,0.11542390194075589,89,0.1316630002324996,-0.02788363933731659,0.29098754031410773,65,,,False,35,200,0.098107375,0.16058645,0.175,0.1791044776119403,True,False,0.46748251748251746,False
old,near-tip,spread,1.0,best_book,side,home,114,54,59,1,0.4778761061946903,-0.08032312890959681,114,-0.09569377990430623,114,-0.08032312890959681,-0.23808639540945356,0.0707588763376644,68,,,False,130,200,-0.06178303,0.001961709,0.65,0.6517412935323383,True,False,0.840744920993228,False
old,near-tip,spread,1.0,best_book,side,away,145,82,62,1,0.5694444444444444,0.08814685630103705,145,0.07962382445141067,145,0.08814685630103705,-0.026445268591506966,0.2105702941066054,90,,,False,13,200,0.03716184,0.09661496,0.065,0.06965174129353234,True,False,0.2613684210526316,False
old,near-tip,spread,1.0,best_book,side,fav,33,16,17,0,0.48484848484848486,-0.07478654698761839,33,-0.07438016528925619,33,-0.07478654698761839,-0.3432669951722239,0.19433461261951793,30,,,False,159,200,0.019437632,0.22480594,0.795,0.7960199004975125,False,True,,False
old,near-tip,spread,1.0,best_book,side,dog,225,120,103,2,0.5381165919282511,0.031521837860212204,225,0.0181818181818182,225,0.031521837860212204,-0.07988724840080728,0.14518159739591185,104,,,False,4,200,-0.016669724,0.020314315,0.02,0.024875621890547265,True,False,0.12949152542372883,False
old,near-tip,spread,1.0,best_book,rest_sign,home_more,74,44,29,1,0.6027397260273972,0.15280297373663768,74,0.13513513513513511,74,0.15280297373663768,-0.006779668688927484,0.31998833287152506,54,,,False,20,200,0.0635986,0.17784147,0.1,0.1044776119402985,True,False,0.3410714285714286,False
old,near-tip,spread,1.0,best_book,rest_sign,equal,130,62,67,1,0.4806201550387597,-0.07733339509346834,130,-0.08951048951048951,130,-0.07733339509346834,-0.2204326334675258,0.0815965487806508,81,,,False,90,200,-0.082446165,0.005777626,0.45,0.4527363184079602,True,False,0.7132780082987552,False
old,near-tip,spread,1.0,best_book,rest_sign,away_more,55,30,25,0,0.5454545454545454,0.04309779588356431,55,0.04132231404958677,55,0.04309779588356431,-0.17985662808768552,0.2657382086002912,47,,,False,114,200,0.059668615,0.18621364,0.57,0.572139303482587,True,False,0.7985574572127139,False
old,near-tip,spread,1.0,best_book,phase,early,48,22,26,0,0.4583333333333333,-0.1270100645815749,48,-0.125,48,-0.1270100645815749,-0.40295331183111355,0.13438578852936048,26,,,False,99,200,-0.1293445,-0.010161451,0.495,0.4975124378109453,True,False,0.7454270696452037,False
old,near-tip,spread,1.0,best_book,phase,mid,138,82,55,1,0.5985401459854015,0.14958052545709108,138,0.13438735177865613,138,0.14958052545709108,0.016623637315520745,0.28149034719399113,59,,,False,12,200,0.07922337,0.15323728,0.06,0.06467661691542288,True,False,0.25094890510948903,False
old,near-tip,spread,1.0,best_book,phase,late,73,32,40,1,0.4444444444444444,-0.14960509513981693,73,-0.1631382316313823,73,-0.14960509513981693,-0.33559010658110083,0.026525213634494532,29,,,False,122,200,-0.115482025,0.01918367,0.61,0.6119402985074627,True,False,0.8119163763066202,False
old,near-tip,spread,1.0,best_book,weekend,weekend,95,50,45,0,0.5263157894736842,0.007630814012987795,95,0.004784688995215299,95,0.007630814012987795,-0.15725844342351503,0.17722729571432874,38,,,False,45,200,-0.041030005,0.059191026,0.225,0.22885572139303484,True,False,0.5294661190965093,False
old,near-tip,spread,1.0,best_book,weekend,weekday,164,86,76,2,0.5308641975308642,0.01768006180928353,164,0.00110864745011088,164,0.01768006180928353,-0.11020852416809987,0.15556848557047614,70,,,False,84,200,0.0056310836,0.07340572,0.42,0.4228855721393035,True,False,0.7006113537117904,False
old,near-tip,spread,1.5,consensus,none,all,234,122,112,0,0.5213675213675214,-0.004662004662004658,234,-0.004662004662004658,234,0.007754703848437959,-0.10746508354686204,0.10233748901509687,106,,,False,56,200,-0.026669828,0.032236192,0.28,0.2835820895522388,True,False,0.58448087431694,False
old,near-tip,spread,1.5,consensus,line_terc,small,75,34,41,0,0.4533333333333333,-0.13454545454545458,75,-0.13454545454545458,75,-0.11411490267007295,-0.32747933884297514,0.06329113924050633,54,,,False,138,200,-0.10069063,0.025140427,0.69,0.6915422885572139,True,False,0.8594999999999999,False
old,near-tip,spread,1.5,consensus,line_terc,mid,76,40,36,0,0.5263157894736842,0.004784688995215325,76,0.004784688995215325,76,0.004060681943459976,-0.19148704236939534,0.19318181818181815,59,,,False,25,200,-0.07525281,0.041505,0.125,0.12935323383084577,True,False,0.3850806451612903,False
old,near-tip,spread,1.5,consensus,line_terc,large,83,48,35,0,0.5783132530120482,0.10405257393209198,83,0.10405257393209198,83,0.12126032015767463,-0.05723905723905724,0.2727272727272727,64,,,False,52,200,0.0854166,0.14151828,0.26,0.263681592039801,True,False,0.5600751879699248,False
old,near-tip,spread,1.5,consensus,side,home,99,47,52,0,0.47474747474747475,-0.09366391184573006,99,-0.09366391184573006,99,-0.07578994498230349,-0.262895195769577,0.06998123827392116,65,,,False,121,200,-0.08291364,-0.016460054,0.605,0.6069651741293532,True,False,0.8119163763066202,False
old,near-tip,spread,1.5,consensus,side,away,135,75,60,0,0.5555555555555556,0.060606060606060594,135,0.060606060606060594,135,0.06902077965764836,-0.06607128364992147,0.19318181818181818,88,,,False,40,200,0.02623419,0.08738139,0.2,0.20398009950248755,True,False,0.5048458149779737,False
old,near-tip,spread,1.5,consensus,side,fav,24,11,13,0,0.4583333333333333,-0.125,24,-0.125,24,-0.1206180633727974,-0.4431818181818182,0.193623737373737,22,,,False,161,200,-0.010698216,0.21129967,0.805,0.8059701492537313,False,True,,False
old,near-tip,spread,1.5,consensus,side,dog,209,111,98,0,0.5311004784688995,0.013919095258808186,209,0.013919095258808186,209,0.027317867088428788,-0.10115151142855551,0.1309947819426492,101,,,False,8,200,-0.02996851,0.0069494313,0.04,0.04477611940298507,True,False,0.19341772151898737,False
old,near-tip,spread,1.5,consensus,rest_sign,home_more,66,41,25,0,0.6212121212121212,0.18595041322314046,66,0.18595041322314046,66,0.20416779407017513,0.016032807917888487,0.3548387096774194,49,,,False,5,200,0.050338477,0.15995397,0.025,0.029850746268656716,True,False,0.1461734693877551,False
old,near-tip,spread,1.5,consensus,rest_sign,equal,116,53,63,0,0.45689655172413796,-0.12774294670846392,116,-0.12774294670846392,116,-0.11458381074922848,-0.2764553776650553,0.02797202797202796,78,,,False,134,200,-0.10741223,-0.018162055,0.67,0.6716417910447762,True,False,0.8484198895027625,False
old,near-tip,spread,1.5,consensus,rest_sign,away_more,52,28,24,0,0.5384615384615384,0.027972027972027965,52,0.027972027972027965,52,0.0313701603617967,-0.20194760642445056,0.27272727272727265,45,,,False,135,200,0.06046157,0.18870877,0.675,0.6766169154228856,True,False,0.8491218441273327,False
old,near-tip,spread,1.5,consensus,phase,early,44,19,25,0,0.4318181818181818,-0.1756198347107438,44,-0.1756198347107438,44,-0.17691432126110718,-0.42727272727272725,0.07702949224688346,26,,,False,139,200,-0.13969457,-0.0072727273,0.695,0.6965174129353234,True,False,0.8607296137339056,False
old,near-tip,spread,1.5,consensus,phase,mid,125,75,50,0,0.6,0.14545454545454548,125,0.14545454545454548,125,0.1620196368978761,0.008869179600886918,0.2784090909090909,57,,,False,6,200,0.06456063,0.1310065,0.03,0.03482587064676617,True,False,0.1621698113207547,False
old,near-tip,spread,1.5,consensus,phase,late,65,28,37,0,0.4307692307692308,-0.17762237762237762,65,-0.17762237762237762,65,-0.16390190424940487,-0.39015151515151514,0.03278688524590161,28,,,False,132,200,-0.13893558,-0.016923917,0.66,0.6616915422885572,True,False,0.8460402684563758,False
old,near-tip,spread,1.5,consensus,weekend,weekend,83,44,39,0,0.5301204819277109,0.012048192771084336,83,0.012048192771084336,83,0.014847135033418793,-0.1648413009404389,0.18798898071625336,37,,,False,40,200,-0.04558079,0.058638964,0.2,0.20398009950248755,True,False,0.5048458149779737,False
old,near-tip,spread,1.5,consensus,weekend,weekday,151,78,73,0,0.5165562913907285,-0.013847080072245626,151,-0.013847080072245626,151,0.0038562151838458215,-0.1397306397306397,0.12501128838049363,69,,,False,101,200,-0.016449153,0.05950082,0.505,0.5074626865671642,True,False,0.7477131782945736,False
old,near-tip,spread,1.5,best_book,none,all,234,122,110,2,0.5258620689655172,0.007754703848437959,234,-0.004662004662004658,234,0.007754703848437959,-0.09712647237660367,0.11659797698365659,106,,,False,63,200,-0.011569948,0.046810873,0.315,0.31840796019900497,True,False,0.6213253012048193,False
old,near-tip,spread,1.5,best_book,line_terc,small,75,34,40,1,0.4594594594594595,-0.11411490267007295,75,-0.13454545454545458,75,-0.11411490267007295,-0.3020917674281456,0.08375096072400404,54,,,False,144,200,-0.06971501,0.056882642,0.72,0.7213930348258707,True,False,0.8740677966101695,False
old,near-tip,spread,1.5,best_book,line_terc,mid,76,40,36,0,0.5263157894736842,0.004060681943459976,76,0.004784688995215325,76,0.004060681943459976,-0.19135906102193254,0.19285514941997947,59,,,False,27,200,-0.073813684,0.044301156,0.135,0.13930348258706468,True,False,0.4082058047493404,False
old,near-tip,spread,1.5,best_book,line_terc,large,83,48,34,1,0.5853658536585366,0.12126032015767463,83,0.10405257393209198,83,0.12126032015767463,-0.039929178887494136,0.2913794992907157,64,,,False,50,200,0.09901374,0.15615897,0.25,0.2537313432835821,True,False,0.5467557251908397,False
old,near-tip,spread,1.5,best_book,side,home,99,47,51,1,0.47959183673469385,-0.07578994498230349,99,-0.09366391184573006,99,-0.07578994498230349,-0.24252727604380683,0.08855708548668385,65,,,False,121,200,-0.061458874,0.0023906194,0.605,0.6069651741293532,True,False,0.8119163763066202,False
old,near-tip,spread,1.5,best_book,side,away,135,75,59,1,0.5597014925373134,0.06902077965764836,135,0.060606060606060594,135,0.06902077965764836,-0.05688972831475144,0.20195329325392625,88,,,False,38,200,0.03532279,0.09689671,0.19,0.19402985074626866,True,False,0.48930337078651687,False
old,near-tip,spread,1.5,best_book,side,fav,24,11,13,0,0.4583333333333333,-0.1206180633727974,24,-0.125,24,-0.1206180633727974,-0.4369298821159663,0.20611059936261925,22,,,False,166,200,0.011835755,0.22682977,0.83,0.8308457711442786,False,True,,False
old,near-tip,spread,1.5,best_book,side,dog,209,111,96,2,0.5362318840579711,0.027317867088428788,209,0.013919095258808186,209,0.027317867088428788,-0.08743429415929607,0.14538211220086236,101,,,False,6,200,-0.015874175,0.023280073,0.03,0.03482587064676617,True,False,0.1621698113207547,False
old,near-tip,spread,1.5,best_book,rest_sign,home_more,66,41,24,1,0.6307692307692307,0.20416779407017513,66,0.18595041322314046,66,0.20416779407017513,0.031781967790531156,0.37580624472430424,49,,,False,3,200,0.06441336,0.17152709,0.015,0.01990049751243781,True,False,0.10677018633540371,False
old,near-tip,spread,1.5,best_book,rest_sign,equal,116,53,62,1,0.4608695652173913,-0.11458381074922848,116,-0.12774294670846392,116,-0.11458381074922848,-0.26222837848855757,0.043267826234591536,78,,,False,143,200,-0.08478859,0.0029776485,0.715,0.7164179104477612,True,False,0.8716914893617022,False
old,near-tip,spread,1.5,best_book,rest_sign,away_more,52,28,24,0,0.5384615384615384,0.0313701603617967,52,0.027972027972027965,52,0.0313701603617967,-0.20203926434381528,0.2749179989126215,45,,,False,130,200,0.059295546,0.18649162,0.65,0.6517412935323383,True,False,0.840744920993228,False
old,near-tip,spread,1.5,best_book,phase,early,44,19,25,0,0.4318181818181818,-0.17691432126110718,44,-0.1756198347107438,44,-0.17691432126110718,-0.42582939906309475,0.07616397410074648,26,,,False,140,200,-0.14087206,-0.007831214,0.7,0.7014925373134329,True,False,0.8607296137339056,False
old,near-tip,spread,1.5,best_book,phase,mid,125,75,49,1,0.6048387096774194,0.1620196368978761,125,0.14545454545454548,125,0.1620196368978761,0.024934518555879144,0.2975596157726244,57,,,False,7,200,0.08152416,0.14577635,0.035,0.03980099502487562,True,False,0.18067567567567572,False
old,near-tip,spread,1.5,best_book,phase,late,65,28,36,1,0.4375,-0.16390190424940487,65,-0.17762237762237762,65,-0.16390190424940487,-0.371351124916514,0.04283707863347461,28,,,False,141,200,-0.116415784,0.0068292366,0.705,0.7064676616915423,True,False,0.864096256684492,False
old,near-tip,spread,1.5,best_book,weekend,weekend,83,44,39,0,0.5301204819277109,0.014847135033418793,83,0.012048192771084336,83,0.014847135033418793,-0.16655939720549912,0.19410544231558927,37,,,False,38,200,-0.04365483,0.061441425,0.19,0.19402985074626866,True,False,0.48930337078651687,False
old,near-tip,spread,1.5,best_book,weekend,weekday,151,78,71,2,0.5234899328859061,0.0038562151838458215,151,-0.013847080072245626,151,0.0038562151838458215,-0.12178564719052186,0.1407293021500198,69,,,False,105,200,0.005849536,0.07622874,0.525,0.527363184079602,True,False,0.7615822784810127,False
old,near-tip,spread,2.0,consensus,none,all,205,108,97,0,0.526829268292683,0.005764966740576509,205,0.005764966740576509,205,0.01891823755433415,-0.096203926861403,0.10882920110192837,100,,,False,36,200,-0.024371013,0.03305552,0.18,0.18407960199004975,True,False,0.47529953917050694,False
old,near-tip,spread,2.0,consensus,line_terc,small,62,28,34,0,0.45161290322580644,-0.13782991202346045,62,-0.13782991202346045,62,-0.11550848578544953,-0.3278097880210556,0.05147880605151961,45,,,False,142,200,-0.100530624,0.026487298,0.71,0.7114427860696517,True,False,0.8674413646055437,False
old,near-tip,spread,2.0,consensus,line_terc,mid,69,39,30,0,0.5652173913043478,0.07905138339920947,69,0.07905138339920947,69,0.07762653442495664,-0.1272727272727273,0.26336898395721925,53,,,False,2,200,-0.07503624,0.041423216,0.01,0.014925373134328358,True,False,0.0855223880597015,True
old,near-tip,spread,2.0,consensus,line_terc,large,74,41,33,0,0.5540540540540541,0.05773955773955776,74,0.05773955773955776,74,0.07680451272992384,-0.1188811188811189,0.24505928853754938,57,,,False,161,200,0.087196834,0.14564934,0.805,0.8059701492537313,True,False,0.9206886227544911,False
old,near-tip,spread,2.0,consensus,side,home,88,43,45,0,0.48863636363636365,-0.06714876033057851,88,-0.06714876033057851,88,-0.04842586508015458,-0.23636363636363636,0.09717868338557992,58,,,False,77,200,-0.07931896,-0.013928544,0.385,0.3880597014925373,True,False,0.6736030534351145,False
old,near-tip,spread,2.0,consensus,side,away,117,65,52,0,0.5555555555555556,0.0606060606060606,117,0.0606060606060606,117,0.06957021218540259,-0.07675111773472432,0.19328557312252959,79,,,False,41,200,0.027233575,0.08751114,0.205,0.208955223880597,True,False,0.5096095444685466,False
old,near-tip,spread,2.0,consensus,side,fav,16,9,7,0,0.5625,0.07386363636363634,16,0.07386363636363634,16,0.0793843527522517,-0.3636363636363636,0.5272727272727272,15,,,False,54,200,-0.013881678,0.20574163,0.27,0.2736318407960199,False,True,,False
old,near-tip,spread,2.0,consensus,side,dog,189,99,90,0,0.5238095238095238,1.409807015397024e-17,189,1.409807015397024e-17,189,0.013799412987314673,-0.10909090909090907,0.11079484686436558,95,,,False,34,200,-0.026584847,0.013183829,0.17,0.17412935323383086,True,False,0.464964200477327,False
old,near-tip,spread,2.0,consensus,rest_sign,home_more,59,38,21,0,0.6440677966101694,0.22958397534668717,59,0.22958397534668717,59,0.24894367154633512,0.060606060606060594,0.4001298701298701,45,,,False,1,200,0.058094554,0.16249803,0.005,0.009950248756218905,True,False,0.054571428571428576,True
old,near-tip,spread,2.0,consensus,rest_sign,equal,105,46,59,0,0.4380952380952381,-0.1636363636363636,105,-0.1636363636363636,105,-0.14994473871352385,-0.32200509770603225,-0.0016271347618342748,72,,,False,172,200,-0.10863,-0.024520658,0.86,0.8606965174129353,True,False,0.9494797687861272,False
old,near-tip,spread,2.0,consensus,rest_sign,away_more,41,24,17,0,0.5853658536585366,0.11751662971175167,41,0.11751662971175167,41,0.120359991276213,-0.14090909090909087,0.3696184250532076,37,,,False,52,200,0.063382156,0.19338405,0.26,0.263681592039801,True,False,0.5600751879699248,False
old,near-tip,spread,2.0,consensus,phase,early,39,18,21,0,0.46153846153846156,-0.11888111888111887,39,-0.11888111888111887,39,-0.1207732323439652,-0.38235294117647056,0.1621565603007808,25,,,False,72,200,-0.13990448,-0.009959596,0.36,0.36318407960199006,False,True,,False
old,near-tip,spread,2.0,consensus,phase,mid,108,64,44,0,0.5925925925925926,0.13131313131313127,108,0.13131313131313127,108,0.1487055588374655,-0.007272727272727261,0.27891482789055605,53,,,False,16,200,0.07058277,0.14016041,0.08,0.0845771144278607,True,False,0.3005901639344262,False
old,near-tip,spread,2.0,consensus,phase,late,58,26,32,0,0.4482758620689655,-0.14420062695924765,58,-0.14420062695924765,58,-0.1288242343860885,-0.3636363636363636,0.05681818181818181,27,,,False,97,200,-0.143414,-0.017291944,0.485,0.48756218905472637,True,False,0.7371485411140583,False
old,near-tip,spread,2.0,consensus,weekend,weekend,71,38,33,0,0.5352112676056338,0.021766965428937267,71,0.021766965428937267,71,0.023559068065090224,-0.16477272727272727,0.1967435549525101,34,,,False,29,200,-0.045557104,0.05419343,0.145,0.14925373134328357,True,False,0.43049222797927456,False
old,near-tip,spread,2.0,consensus,weekend,weekday,134,70,64,0,0.5223880597014925,-0.002713704206241522,134,-0.002713704206241522,134,0.01645929004490369,-0.13223140495867766,0.13085634704278762,66,,,False,84,200,-0.012847258,0.059441235,0.42,0.4228855721393035,True,False,0.7006113537117904,False
old,near-tip,spread,2.0,best_book,none,all,205,108,95,2,0.5320197044334976,0.01891823755433415,205,0.005764966740576509,205,0.01891823755433415,-0.08457687455467484,0.1230379783547644,100,,,False,36,200,-0.009391181,0.04424686,0.18,0.18407960199004975,True,False,0.47529953917050694,False
old,near-tip,spread,2.0,best_book,line_terc,small,62,28,33,1,0.45901639344262296,-0.11550848578544953,62,-0.13782991202346045,62,-0.11550848578544953,-0.305542652792559,0.07507029564475436,45,,,False,147,200,-0.06909623,0.05213492,0.735,0.736318407960199,True,False,0.8810774058577405,False
old,near-tip,spread,2.0,best_book,line_terc,mid,69,39,30,0,0.5652173913043478,0.07762653442495664,69,0.07905138339920947,69,0.07762653442495664,-0.1277196744999204,0.26069553983646565,53,,,False,2,200,-0.07383901,0.040042527,0.01,0.014925373134328358,True,False,0.0855223880597015,True
old,near-tip,spread,2.0,best_book,line_terc,large,74,41,32,1,0.5616438356164384,0.07680451272992384,74,0.05773955773955776,74,0.07680451272992384,-0.10141854712833459,0.2606847847933473,57,,,False,151,200,0.10065184,0.1581726,0.755,0.7562189054726368,True,False,0.8883264887063655,False
old,near-tip,spread,2.0,best_book,side,home,88,43,44,1,0.4942528735632184,-0.04842586508015458,88,-0.06714876033057851,88,-0.04842586508015458,-0.21259706627990244,0.11279931082816949,58,,,False,88,200,-0.05808744,0.0061036963,0.44,0.4427860696517413,True,False,0.7111988716502116,False
old,near-tip,spread,2.0,best_book,side,away,117,65,51,1,0.5603448275862069,0.06957021218540259,117,0.0606060606060606,117,0.06957021218540259,-0.06739090960165421,0.20202262139280242,79,,,False,43,200,0.03629847,0.100533284,0.215,0.21890547263681592,True,False,0.5231210191082802,False
old,near-tip,spread,2.0,best_book,side,fav,16,9,7,0,0.5625,0.0793843527522517,16,0.07386363636363634,16,0.0793843527522517,-0.3531464608368033,0.530057475448602,15,,,False,60,200,0.008939769,0.20912984,0.3,0.3034825870646766,False,True,,False
old,near-tip,spread,2.0,best_book,side,dog,189,99,88,2,0.5294117647058824,0.013799412987314673,189,1.409807015397024e-17,189,0.013799412987314673,-0.09682424603543019,0.12483972280039997,95,,,False,31,200,-0.012598143,0.029532976,0.155,0.15920398009950248,True,False,0.4474307304785894,False
old,near-tip,spread,2.0,best_book,rest_sign,home_more,59,38,20,1,0.6551724137931034,0.24894367154633512,59,0.22958397534668717,59,0.24894367154633512,0.08010698132138502,0.4221199413694337,45,,,False,1,200,0.072268225,0.17750049,0.005,0.009950248756218905,True,False,0.054571428571428576,True
old,near-tip,spread,2.0,best_book,rest_sign,equal,105,46,58,1,0.4423076923076923,-0.14994473871352385,105,-0.1636363636363636,105,-0.14994473871352385,-0.30887248019676783,0.011817628469783448,72,,,False,178,200,-0.086231954,-0.006114024,0.89,0.8905472636815921,True,False,0.964938505203406,False
old,near-tip,spread,2.0,best_book,rest_sign,away_more,41,24,17,0,0.5853658536585366,0.120359991276213,41,0.11751662971175167,41,0.120359991276213,-0.13566278273082008,0.3712692512832692,37,,,False,49,200,0.062079713,0.19135039,0.245,0.24875621890547264,True,False,0.5409826589595376,False
old,near-tip,spread,2.0,best_book,phase,early,39,18,21,0,0.46153846153846156,-0.1207732323439652,39,-0.11888111888111887,39,-0.1207732323439652,-0.38666534990064405,0.1614917836234261,25,,,False,76,200,-0.14111501,-0.011789563,0.38,0.38308457711442784,False,True,,False
old,near-tip,spread,2.0,best_book,phase,mid,108,64,43,1,0.5981308411214953,0.1487055588374655,108,0.13131313131313127,108,0.1487055588374655,0.009106512894686596,0.29551803055576664,53,,,False,13,200,0.08753976,0.15054946,0.065,0.06965174129353234,True,False,0.2613684210526316,False
old,near-tip,spread,2.0,best_book,phase,late,58,26,31,1,0.45614035087719296,-0.1288242343860885,58,-0.14420062695924765,58,-0.1288242343860885,-0.34800814618538206,0.07340902953202932,27,,,False,101,200,-0.1212038,0.006113587,0.505,0.5074626865671642,True,False,0.7477131782945736,False
old,near-tip,spread,2.0,best_book,weekend,weekend,71,38,33,0,0.5352112676056338,0.023559068065090224,71,0.021766965428937267,71,0.023559068065090224,-0.16466801198210473,0.20169128566835207,34,,,False,30,200,-0.043473504,0.06096403,0.15,0.15422885572139303,True,False,0.4385204081632653,False
old,near-tip,spread,2.0,best_book,weekend,weekday,134,70,62,2,0.5303030303030303,0.01645929004490369,134,-0.002713704206241522,134,0.01645929004490369,-0.1105097804909361,0.14888563782169262,66,,,False,86,200,0.009178698,0.08030867,0.43,0.43283582089552236,True,False,0.7039714285714286,False
old,near-tip,spread,3.0,consensus,none,all,159,82,77,0,0.5157232704402516,-0.015437392795883338,159,-0.015437392795883338,159,0.0018850371069686282,-0.13439525691699605,0.1003865864527629,84,,,False,89,200,-0.023494199,0.03548536,0.445,0.44776119402985076,True,False,0.711255230125523,False
old,near-tip,spread,3.0,consensus,line_terc,small,44,18,26,0,0.4090909090909091,-0.21900826446280997,44,-0.21900826446280997,44,-0.18703763415763108,-0.43595041322314043,0.0022727272727272765,34,,,False,174,200,-0.10877762,0.03216216,0.87,0.8706467661691543,True,False,0.9568330134357006,False
old,near-tip,spread,3.0,consensus,line_terc,mid,50,28,22,0,0.56,0.06909090909090909,50,0.06909090909090909,50,0.06704745930571214,-0.18690629701268002,0.3081847890671419,40,,,False,1,200,-0.0805968,0.028170478,0.005,0.009950248756218905,True,False,0.054571428571428576,True
old,near-tip,spread,3.0,consensus,line_terc,large,65,36,29,0,0.5538461538461539,0.05734265734265733,65,0.05734265734265733,65,0.07964621288704882,-0.13782991202346037,0.24242424242424238,51,,,False,165,200,0.09019753,0.15343095,0.825,0.8258706467661692,True,False,0.9296460176991149,False
old,near-tip,spread,3.0,consensus,side,home,71,33,38,0,0.4647887323943662,-0.11267605633802824,71,-0.11267605633802824,71,-0.09135321890397653,-0.28727272727272724,0.055023923444976065,50,,,False,160,200,-0.07287695,0.0023550156,0.8,0.8009950248756219,True,False,0.9168000000000001,False
old,near-tip,spread,3.0,consensus,side,away,88,49,39,0,0.5568181818181818,0.06301652892561985,88,0.06301652892561985,88,0.07711135729761756,-0.10031347962382445,0.22567340067340058,58,,,False,34,200,0.02295737,0.08897926,0.17,0.17412935323383086,True,False,0.464964200477327,False
old,near-tip,spread,3.0,consensus,side,fav,9,3,6,0,0.3333333333333333,-0.3636363636363636,9,-0.3636363636363636,9,-0.34715158987003647,-0.7878787878787878,0.06060606060606059,9,,,False,192,200,-0.014763607,0.24140282,0.96,0.9601990049751243,False,True,,False
old,near-tip,spread,3.0,consensus,side,dog,150,79,71,0,0.5266666666666666,0.005454545454545467,150,0.005454545454545467,150,0.022827234725588945,-0.11888111888111887,0.128099173553719,82,,,False,30,200,-0.025029628,0.024031222,0.15,0.15422885572139303,True,False,0.4385204081632653,False
old,near-tip,spread,3.0,consensus,rest_sign,home_more,50,32,18,0,0.64,0.22181818181818178,50,0.22181818181818178,50,0.24379762685046324,0.04132231404958677,0.4127272727272727,38,,,False,4,200,0.06740282,0.1818822,0.02,0.024875621890547265,True,False,0.12949152542372883,False
old,near-tip,spread,3.0,consensus,rest_sign,equal,79,34,45,0,0.43037974683544306,-0.17836593785960878,79,-0.17836593785960878,79,-0.1586121127776171,-0.3417293625914316,-0.006226650062266508,58,,,False,175,200,-0.118174426,-0.022400983,0.875,0.8756218905472637,True,False,0.9577207977207978,False
old,near-tip,spread,3.0,consensus,rest_sign,away_more,30,16,14,0,0.5333333333333333,0.018181818181818188,30,0.018181818181818188,30,0.0213398822305534,-0.27586206896551724,0.3124999999999999,27,,,False,154,200,0.07452976,0.19318181,0.77,0.7711442786069652,False,True,,False
old,near-tip,spread,3.0,consensus,phase,early,28,13,15,0,0.4642857142857143,-0.11363636363636363,28,-0.11363636363636363,28,-0.11372096387624339,-0.43434343434343436,0.18495297805642633,20,,,False,73,200,-0.14776291,-0.044518717,0.365,0.3681592039800995,False,True,,False
old,near-tip,spread,3.0,consensus,phase,mid,84,48,36,0,0.5714285714285714,0.09090909090909093,84,0.09090909090909093,84,0.11079427722655964,-0.0645852272727273,0.25,45,,,False,84,200,0.07918938,0.15157089,0.42,0.4228855721393035,True,False,0.7006113537117904,False
old,near-tip,spread,3.0,consensus,phase,late,47,21,26,0,0.44680851063829785,-0.14700193423597677,47,-0.14700193423597677,47,-0.1238896042231528,-0.39727272727272744,0.07386363636363635,22,,,False,92,200,-0.15527233,-0.0130902305,0.46,0.4626865671641791,True,False,0.7221369863013698,False
old,near-tip,spread,3.0,consensus,weekend,weekend,57,29,28,0,0.5087719298245614,-0.02870813397129187,57,-0.02870813397129187,57,-0.026595953614768127,-0.24245036572622786,0.16666666666666663,30,,,False,85,200,-0.043952912,0.060740314,0.425,0.42786069651741293,True,False,0.7018011527377522,False
old,near-tip,spread,3.0,consensus,weekend,weekday,102,53,49,0,0.5196078431372549,-0.008021390374331553,102,-0.008021390374331553,102,0.01780088486323326,-0.15727344992050876,0.14171122994652405,54,,,False,88,200,-0.01234786,0.060606062,0.44,0.4427860696517413,True,False,0.7111988716502116,False
old,near-tip,spread,3.0,best_book,none,all,159,82,75,2,0.5222929936305732,0.0018850371069686282,159,-0.015437392795883338,159,0.0018850371069686282,-0.11787775205727373,0.11500938895804523,84,,,False,82,200,-0.009047487,0.044847604,0.41,0.4129353233830846,True,False,0.6981575037147102,False
old,near-tip,spread,3.0,best_book,line_terc,small,44,18,25,1,0.4186046511627907,-0.18703763415763108,44,-0.21900826446280997,44,-0.18703763415763108,-0.39997908845034746,0.0270968223513716,34,,,False,179,200,-0.07735142,0.06308729,0.895,0.8955223880597015,True,False,0.9694423440453687,False
old,near-tip,spread,3.0,best_book,line_terc,mid,50,28,22,0,0.56,0.06704745930571214,50,0.06909090909090909,50,0.06704745930571214,-0.1893464404896892,0.30582795690054315,40,,,False,2,200,-0.07982199,0.026497291,0.01,0.014925373134328358,True,False,0.0855223880597015,True
old,near-tip,spread,3.0,best_book,line_terc,large,65,36,28,1,0.5625,0.07964621288704882,65,0.05734265734265733,65,0.07964621288704882,-0.11445442545491047,0.2597115792306128,51,,,False,150,200,0.10352087,0.16109845,0.75,0.7512437810945274,True,False,0.8879132231404959,False
old,near-tip,spread,3.0,best_book,side,home,71,33,37,1,0.4714285714285714,-0.09135321890397653,71,-0.11267605633802824,71,-0.09135321890397653,-0.26254746254007444,0.07485272027291785,50,,,False,162,200,-0.05289559,0.015131328,0.81,0.8109452736318408,True,False,0.92272365805169,False
old,near-tip,spread,3.0,best_book,side,away,88,49,38,1,0.5632183908045977,0.07711135729761756,88,0.06301652892561985,88,0.07711135729761756,-0.08570603625009368,0.23907436366519227,58,,,False,29,200,0.03216234,0.09730526,0.145,0.14925373134328357,True,False,0.43049222797927456,False
old,near-tip,spread,3.0,best_book,side,fav,9,3,6,0,0.3333333333333333,-0.34715158987003647,9,-0.3636363636363636,9,-0.34715158987003647,-0.783068783068783,0.09287512200133557,9,,,False,196,200,0.008335447,0.2694267,0.98,0.9800995024875622,False,True,,False
old,near-tip,spread,3.0,best_book,side,dog,150,79,69,2,0.5337837837837838,0.022827234725588945,150,0.005454545454545467,150,0.022827234725588945,-0.10407182092869989,0.14553874246350534,82,,,False,24,200,-0.011526926,0.033724528,0.12,0.12437810945273632,True,False,0.3767671232876712,False
old,near-tip,spread,3.0,best_book,rest_sign,home_more,50,32,17,1,0.6530612244897959,0.24379762685046324,50,0.22181818181818178,50,0.24379762685046324,0.06096385480183106,0.432581615898409,38,,,False,2,200,0.08204668,0.19918182,0.01,0.014925373134328358,True,False,0.0855223880597015,True
old,near-tip,spread,3.0,best_book,rest_sign,equal,79,34,44,1,0.4358974358974359,-0.1586121127776171,79,-0.17836593785960878,79,-0.1586121127776171,-0.32440979866946995,0.020589472653915683,58,,,False,176,200,-0.09688548,-0.0066082766,0.88,0.8805970149253731,True,False,0.9577207977207978,False
old,near-tip,spread,3.0,best_book,rest_sign,away_more,30,16,14,0,0.5333333333333333,0.0213398822305534,30,0.018181818181818188,30,0.0213398822305534,-0.2766579496521564,0.3105775785694603,27,,,False,150,200,0.07290691,0.19012466,0.75,0.7512437810945274,False,True,,False
old,near-tip,spread,3.0,best_book,phase,early,28,13,15,0,0.4642857142857143,-0.11372096387624339,28,-0.11363636363636363,28,-0.11372096387624339,-0.4371743855238221,0.18903910992319903,20,,,False,66,200,-0.14919235,-0.043355133,0.33,0.3333333333333333,False,True,,False
old,near-tip,spread,3.0,best_book,phase,mid,84,48,35,1,0.5783132530120482,0.11079427722655964,84,0.09090909090909093,84,0.11079427722655964,-0.04122907551020797,0.2693997181790504,45,,,False,76,200,0.09540743,0.16701905,0.38,0.38308457711442784,True,False,0.6730757341576508,False
old,near-tip,spread,3.0,best_book,phase,late,47,21,25,1,0.45652173913043476,-0.1238896042231528,47,-0.14700193423597677,47,-0.1238896042231528,-0.3697416659801289,0.09565039684832302,22,,,False,94,200,-0.13320662,0.005709738,0.47,0.472636815920398,True,False,0.7268825910931174,False
old,near-tip,spread,3.0,best_book,weekend,weekend,57,29,28,0,0.5087719298245614,-0.026595953614768127,57,-0.02870813397129187,57,-0.026595953614768127,-0.238272041840242,0.17098418864621542,30,,,False,86,200,-0.041729566,0.06461392,0.43,0.43283582089552236,True,False,0.7039714285714286,False
old,near-tip,spread,3.0,best_book,weekend,weekday,102,53,47,2,0.53,0.01780088486323326,102,-0.008021390374331553,102,0.01780088486323326,-0.12862938670468427,0.1691125657889773,54,,,False,87,200,0.0087216785,0.07699027,0.435,0.43781094527363185,True,False,0.7081107954545455,False
