{
  "cycle_id": "ead4d3ca-cd29-48be-b4d2-a216caf8a80f",
  "started_ts": "2026-08-08T04:00:03.687349+00:00",
  "league_id": 1384,
  "endpoints_attempted": [
    "/markets/active",
    "/orders",
    "/orders",
    "/orders",
    "/trades",
    "/trades",
    "/trades"
  ],
  "endpoint_failures": [],
  "rows_written": {
    "markets": 0,
    "best_line": 26,
    "orderbook": 47,
    "trades": 24,
    "roster_events": 0
  },
  "rows_deduped": {
    "markets": 43,
    "best_line": 60,
    "orderbook": 103,
    "trades": 0,
    "roster_events": 0
  },
  "raw_counts": {
    "markets": 43,
    "orderbook": 150,
    "best_line": 86,
    "trades": 24
  },
  "finished_ts": "2026-08-08T04:00:10.056527+00:00"
}
{
  "cycle_id": "0191e033-8779-49c3-8ac5-148d7682b579",
  "started_ts": "2026-08-08T04:05:03.278360+00:00",
  "league_id": 1384,
  "endpoints_attempted": [
    "/markets/active",
    "/orders",
    "/orders",
    "/orders",
    "/trades",
    "/trades",
    "/trades"
  ],
  "endpoint_failures": [],
  "rows_written": {
    "markets": 0,
    "best_line": 28,
    "orderbook": 33,
    "trades": 24,
    "roster_events": 0
  },
  "rows_deduped": {
    "markets": 43,
    "best_line": 58,
    "orderbook": 118,
    "trades": 0,
    "roster_events": 0
  },
  "raw_counts": {
    "markets": 43,
    "orderbook": 151,
    "best_line": 86,
    "trades": 24
  },
  "finished_ts": "2026-08-08T04:05:09.629491+00:00"
}
{
  "cycle_id": "35d6c78f-75ff-4afa-88d3-6100f08ed154",
  "started_ts": "2026-08-08T04:10:03.146471+00:00",
  "league_id": 1384,
  "endpoints_attempted": [
    "/markets/active",
    "/orders",
    "/orders",
    "/orders",
    "/trades",
    "/trades",
    "/trades"
  ],
  "endpoint_failures": [],
  "rows_written": {
    "markets": 0,
    "best_line": 14,
    "orderbook": 30,
    "trades": 28,
    "roster_events": 0
  },
  "rows_deduped": {
    "markets": 43,
    "best_line": 72,
    "orderbook": 123,
    "trades": 0,
    "roster_events": 0
  },
  "raw_counts": {
    "markets": 43,
    "orderbook": 153,
    "best_line": 86,
    "trades": 28
  },
  "finished_ts": "2026-08-08T04:10:09.520250+00:00"
}
{
  "cycle_id": "005ab392-3cad-4936-8f0f-3b2b21d746b7",
  "started_ts": "2026-08-08T04:15:02.660129+00:00",
  "league_id": 1384,
  "endpoints_attempted": [
    "/markets/active",
    "/orders",
    "/orders",
    "/orders",
    "/trades",
    "/trades",
    "/trades"
  ],
  "endpoint_failures": [],
  "rows_written": {
    "markets": 0,
    "best_line": 19,
    "orderbook": 14,
    "trades": 28,
    "roster_events": 0
  },
  "rows_deduped": {
    "markets": 43,
    "best_line": 67,
    "orderbook": 127,
    "trades": 0,
    "roster_events": 0
  },
  "raw_counts": {
    "markets": 43,
    "orderbook": 141,
    "best_line": 86,
    "trades": 28
  },
  "finished_ts": "2026-08-08T04:15:09.013855+00:00"
}
{
  "cycle_id": "3fdf2298-d80f-4e76-8add-761b0abf741d",
  "started_ts": "2026-08-08T04:20:03.176636+00:00",
  "league_id": 1384,
  "endpoints_attempted": [
    "/markets/active",
    "/orders",
    "/orders",
    "/orders",
    "/trades",
    "/trades",
    "/trades"
  ],
  "endpoint_failures": [],
  "rows_written": {
    "markets": 0,
    "best_line": 18,
    "orderbook": 30,
    "trades": 28,
    "roster_events": 0
  },
  "rows_deduped": {
    "markets": 43,
    "best_line": 68,
    "orderbook": 105,
    "trades": 0,
    "roster_events": 0
  },
  "raw_counts": {
    "markets": 43,
    "orderbook": 135,
    "best_line": 86,
    "trades": 28
  },
  "finished_ts": "2026-08-08T04:20:09.533466+00:00"
}
{
  "cycle_id": "1b8e099e-46a1-4993-9ebb-f03cf5480bc5",
  "started_ts": "2026-08-08T04:25:02.846137+00:00",
  "league_id": 1384,
  "endpoints_attempted": [
    "/markets/active",
    "/orders",
    "/orders",
    "/orders",
    "/trades",
    "/trades",
    "/trades"
  ],
  "endpoint_failures": [],
  "rows_written": {
    "markets": 0,
    "best_line": 12,
    "orderbook": 17,
    "trades": 28,
    "roster_events": 0
  },
  "rows_deduped": {
    "markets": 43,
    "best_line": 74,
    "orderbook": 127,
    "trades": 0,
    "roster_events": 0
  },
  "raw_counts": {
    "markets": 43,
    "orderbook": 144,
    "best_line": 86,
    "trades": 28
  },
  "finished_ts": "2026-08-08T04:25:09.198215+00:00"
}
{
  "cycle_id": "e32af06a-062f-4182-a2d5-69779460e620",
  "started_ts": "2026-08-08T04:30:02.757551+00:00",
  "league_id": 1384,
  "endpoints_attempted": [
    "/markets/active",
    "/orders",
    "/orders",
    "/orders",
    "/trades",
    "/trades",
    "/trades"
  ],
  "endpoint_failures": [],
  "rows_written": {
    "markets": 0,
    "best_line": 19,
    "orderbook": 30,
    "trades": 28,
    "roster_events": 0
  },
  "rows_deduped": {
    "markets": 43,
    "best_line": 67,
    "orderbook": 129,
    "trades": 0,
    "roster_events": 0
  },
  "raw_counts": {
    "markets": 43,
    "orderbook": 159,
    "best_line": 86,
    "trades": 28
  },
  "finished_ts": "2026-08-08T04:30:09.111299+00:00"
}
{
  "cycle_id": "57894715-6f17-4e8f-af08-c13c58c9dac5",
  "started_ts": "2026-08-08T04:35:02.712649+00:00",
  "league_id": 1384,
  "endpoints_attempted": [
    "/markets/active",
    "/orders",
    "/orders",
    "/orders",
    "/trades",
    "/trades",
    "/trades"
  ],
  "endpoint_failures": [],
  "rows_written": {
    "markets": 2,
    "best_line": 13,
    "orderbook": 12,
    "trades": 28,
    "roster_events": 0
  },
  "rows_deduped": {
    "markets": 41,
    "best_line": 73,
    "orderbook": 139,
    "trades": 0,
    "roster_events": 0
  },
  "raw_counts": {
    "markets": 43,
    "orderbook": 151,
    "best_line": 86,
    "trades": 28
  },
  "finished_ts": "2026-08-08T04:35:09.064649+00:00"
}
{
  "cycle_id": "6bb4f1c4-bad6-4005-879a-a5a0aa0417f1",
  "started_ts": "2026-08-08T04:40:02.539563+00:00",
  "league_id": 1384,
  "endpoints_attempted": [
    "/markets/active",
    "/orders",
    "/orders",
    "/orders",
    "/trades",
    "/trades",
    "/trades"
  ],
  "endpoint_failures": [],
  "rows_written": {
    "markets": 0,
    "best_line": 48,
    "orderbook": 84,
    "trades": 28,
    "roster_events": 0
  },
  "rows_deduped": {
    "markets": 43,
    "best_line": 38,
    "orderbook": 54,
    "trades": 0,
    "roster_events": 0
  },
  "raw_counts": {
    "markets": 43,
    "orderbook": 138,
    "best_line": 86,
    "trades": 28
  },
  "finished_ts": "2026-08-08T04:40:08.897730+00:00"
}
{
  "cycle_id": "04cd56f5-c2fd-4b53-8873-97acd45ec1db",
  "started_ts": "2026-08-08T04:45:02.602244+00:00",
  "league_id": 1384,
  "endpoints_attempted": [
    "/markets/active",
    "/orders",
    "/orders",
    "/orders",
    "/trades",
    "/trades",
    "/trades"
  ],
  "endpoint_failures": [],
  "rows_written": {
    "markets": 0,
    "best_line": 11,
    "orderbook": 18,
    "trades": 28,
    "roster_events": 0
  },
  "rows_deduped": {
    "markets": 43,
    "best_line": 75,
    "orderbook": 121,
    "trades": 0,
    "roster_events": 0
  },
  "raw_counts": {
    "markets": 43,
    "orderbook": 139,
    "best_line": 86,
    "trades": 28
  },
  "finished_ts": "2026-08-08T04:45:08.979003+00:00"
}
{
  "cycle_id": "340ca1d1-8917-4a37-b13e-d6701dd72d7b",
  "started_ts": "2026-08-08T04:50:02.827301+00:00",
  "league_id": 1384,
  "endpoints_attempted": [
    "/markets/active",
    "/orders",
    "/orders",
    "/orders",
    "/trades",
    "/trades",
    "/trades"
  ],
  "endpoint_failures": [],
  "rows_written": {
    "markets": 0,
    "best_line": 11,
    "orderbook": 28,
    "trades": 28,
    "roster_events": 0
  },
  "rows_deduped": {
    "markets": 43,
    "best_line": 75,
    "orderbook": 109,
    "trades": 0,
    "roster_events": 0
  },
  "raw_counts": {
    "markets": 43,
    "orderbook": 137,
    "best_line": 86,
    "trades": 28
  },
  "finished_ts": "2026-08-08T04:50:09.178724+00:00"
}
{
  "cycle_id": "fd466b5c-7b3c-4034-a925-4da975eef31c",
  "started_ts": "2026-08-08T04:55:02.773194+00:00",
  "league_id": 1384,
  "endpoints_attempted": [
    "/markets/active",
    "/orders",
    "/orders",
    "/orders",
    "/trades",
    "/trades",
    "/trades"
  ],
  "endpoint_failures": [],
  "rows_written": {
    "markets": 0,
    "best_line": 15,
    "orderbook": 33,
    "trades": 28,
    "roster_events": 0
  },
  "rows_deduped": {
    "markets": 43,
    "best_line": 71,
    "orderbook": 109,
    "trades": 0,
    "roster_events": 0
  },
  "raw_counts": {
    "markets": 43,
    "orderbook": 142,
    "best_line": 86,
    "trades": 28
  },
  "finished_ts": "2026-08-08T04:55:09.142282+00:00"
}
{
  "cycle_id": "d2d96752-d625-495d-8453-2269d234b312",
  "started_ts": "2026-08-08T05:00:02.807635+00:00",
  "league_id": 1384,
  "endpoints_attempted": [
    "/markets/active",
    "/orders",
    "/orders",
    "/orders",
    "/trades",
    "/trades",
    "/trades"
  ],
  "endpoint_failures": [],
  "rows_written": {
    "markets": 0,
    "best_line": 24,
    "orderbook": 42,
    "trades": 28,
    "roster_events": 0
  },
  "rows_deduped": {
    "markets": 43,
    "best_line": 62,
    "orderbook": 98,
    "trades": 0,
    "roster_events": 0
  },
  "raw_counts": {
    "markets": 43,
    "orderbook": 140,
    "best_line": 86,
    "trades": 28
  },
  "finished_ts": "2026-08-08T05:00:09.167003+00:00"
}
{
  "cycle_id": "4727608a-e766-49ee-ad56-b9b663c65657",
  "started_ts": "2026-08-08T05:05:02.889865+00:00",
  "league_id": 1384,
  "endpoints_attempted": [
    "/markets/active",
    "/orders",
    "/orders",
    "/orders",
    "/trades",
    "/trades",
    "/trades"
  ],
  "endpoint_failures": [],
  "rows_written": {
    "markets": 0,
    "best_line": 45,
    "orderbook": 54,
    "trades": 32,
    "roster_events": 0
  },
  "rows_deduped": {
    "markets": 43,
    "best_line": 41,
    "orderbook": 72,
    "trades": 0,
    "roster_events": 0
  },
  "raw_counts": {
    "markets": 43,
    "orderbook": 126,
    "best_line": 86,
    "trades": 32
  },
  "finished_ts": "2026-08-08T05:05:09.246278+00:00"
}
{
  "cycle_id": "0859123c-499e-489f-892f-73a9ed887194",
  "started_ts": "2026-08-08T05:10:02.867657+00:00",
  "league_id": 1384,
  "endpoints_attempted": [
    "/markets/active",
    "/orders",
    "/orders",
    "/orders",
    "/trades",
    "/trades",
    "/trades"
  ],
  "endpoint_failures": [],
  "rows_written": {
    "markets": 0,
    "best_line": 28,
    "orderbook": 64,
    "trades": 32,
    "roster_events": 0
  },
  "rows_deduped": {
    "markets": 43,
    "best_line": 58,
    "orderbook": 76,
    "trades": 0,
    "roster_events": 0
  },
  "raw_counts": {
    "markets": 43,
    "orderbook": 140,
    "best_line": 86,
    "trades": 32
  },
  "finished_ts": "2026-08-08T05:10:09.250454+00:00"
}
{
  "cycle_id": "f818b273-d02a-460c-9f3f-811ddf5b57b1",
  "started_ts": "2026-08-08T05:15:03.335070+00:00",
  "league_id": 1384,
  "endpoints_attempted": [
    "/markets/active",
    "/orders",
    "/orders",
    "/orders",
    "/trades",
    "/trades",
    "/trades"
  ],
  "endpoint_failures": [],
  "rows_written": {
    "markets": 0,
    "best_line": 37,
    "orderbook": 67,
    "trades": 32,
    "roster_events": 0
  },
  "rows_deduped": {
    "markets": 43,
    "best_line": 49,
    "orderbook": 75,
    "trades": 0,
    "roster_events": 0
  },
  "raw_counts": {
    "markets": 43,
    "orderbook": 142,
    "best_line": 86,
    "trades": 32
  },
  "finished_ts": "2026-08-08T05:15:09.851635+00:00"
}
{
  "cycle_id": "80cf3ed8-16a8-45c2-b8fc-5c48d2d218e9",
  "started_ts": "2026-08-08T05:20:02.886875+00:00",
  "league_id": 1384,
  "endpoints_attempted": [
    "/markets/active",
    "/orders",
    "/orders",
    "/orders",
    "/trades",
    "/trades",
    "/trades"
  ],
  "endpoint_failures": [],
  "rows_written": {
    "markets": 0,
    "best_line": 22,
    "orderbook": 26,
    "trades": 32,
    "roster_events": 0
  },
  "rows_deduped": {
    "markets": 43,
    "best_line": 64,
    "orderbook": 111,
    "trades": 0,
    "roster_events": 0
  },
  "raw_counts": {
    "markets": 43,
    "orderbook": 137,
    "best_line": 86,
    "trades": 32
  },
  "finished_ts": "2026-08-08T05:20:09.262389+00:00"
}
{
  "cycle_id": "f95b0612-1210-47d7-8cd6-f12ec508e75a",
  "started_ts": "2026-08-08T05:25:02.692179+00:00",
  "league_id": 1384,
  "endpoints_attempted": [
    "/markets/active",
    "/orders",
    "/orders",
    "/orders",
    "/trades",
    "/trades",
    "/trades"
  ],
  "endpoint_failures": [],
  "rows_written": {
    "markets": 0,
    "best_line": 20,
    "orderbook": 19,
    "trades": 34,
    "roster_events": 0
  },
  "rows_deduped": {
    "markets": 43,
    "best_line": 66,
    "orderbook": 122,
    "trades": 0,
    "roster_events": 0
  },
  "raw_counts": {
    "markets": 43,
    "orderbook": 141,
    "best_line": 86,
    "trades": 34
  },
  "finished_ts": "2026-08-08T05:25:09.060157+00:00"
}
{
  "cycle_id": "e13a20f9-6716-4091-aed7-6a9854f83a9f",
  "started_ts": "2026-08-08T05:30:02.808777+00:00",
  "league_id": 1384,
  "endpoints_attempted": [
    "/markets/active",
    "/orders",
    "/orders",
    "/orders",
    "/trades",
    "/trades",
    "/trades"
  ],
  "endpoint_failures": [],
  "rows_written": {
    "markets": 0,
    "best_line": 34,
    "orderbook": 51,
    "trades": 34,
    "roster_events": 0
  },
  "rows_deduped": {
    "markets": 43,
    "best_line": 52,
    "orderbook": 86,
    "trades": 0,
    "roster_events": 0
  },
  "raw_counts": {
    "markets": 43,
    "orderbook": 137,
    "best_line": 86,
    "trades": 34
  },
  "finished_ts": "2026-08-08T05:30:09.162758+00:00"
}
{
  "cycle_id": "8df35d90-fffa-41f8-8669-976482112adb",
  "started_ts": "2026-08-08T05:35:02.787881+00:00",
  "league_id": 1384,
  "endpoints_attempted": [
    "/markets/active",
    "/orders",
    "/orders",
    "/orders",
    "/trades",
    "/trades",
    "/trades"
  ],
  "endpoint_failures": [],
  "rows_written": {
    "markets": 0,
    "best_line": 24,
    "orderbook": 33,
    "trades": 34,
    "roster_events": 0
  },
  "rows_deduped": {
    "markets": 43,
    "best_line": 62,
    "orderbook": 102,
    "trades": 0,
    "roster_events": 0
  },
  "raw_counts": {
    "markets": 43,
    "orderbook": 135,
    "best_line": 86,
    "trades": 34
  },
  "finished_ts": "2026-08-08T05:35:09.137179+00:00"
}
{
  "cycle_id": "a6fd9e19-3353-49d8-b8f9-382c61ce80fd",
  "started_ts": "2026-08-08T05:40:03.318548+00:00",
  "league_id": 1384,
  "endpoints_attempted": [
    "/markets/active",
    "/orders",
    "/orders",
    "/orders",
    "/trades",
    "/trades",
    "/trades"
  ],
  "endpoint_failures": [],
  "rows_written": {
    "markets": 0,
    "best_line": 12,
    "orderbook": 34,
    "trades": 34,
    "roster_events": 0
  },
  "rows_deduped": {
    "markets": 43,
    "best_line": 74,
    "orderbook": 103,
    "trades": 0,
    "roster_events": 0
  },
  "raw_counts": {
    "markets": 43,
    "orderbook": 137,
    "best_line": 86,
    "trades": 34
  },
  "finished_ts": "2026-08-08T05:40:09.666339+00:00"
}
{
  "cycle_id": "3872133b-4046-484d-94c6-2ee9ecc82059",
  "started_ts": "2026-08-08T05:45:02.730077+00:00",
  "league_id": 1384,
  "endpoints_attempted": [
    "/markets/active",
    "/orders",
    "/orders",
    "/orders",
    "/trades",
    "/trades",
    "/trades"
  ],
  "endpoint_failures": [],
  "rows_written": {
    "markets": 0,
    "best_line": 13,
    "orderbook": 24,
    "trades": 34,
    "roster_events": 0
  },
  "rows_deduped": {
    "markets": 43,
    "best_line": 73,
    "orderbook": 111,
    "trades": 0,
    "roster_events": 0
  },
  "raw_counts": {
    "markets": 43,
    "orderbook": 135,
    "best_line": 86,
    "trades": 34
  },
  "finished_ts": "2026-08-08T05:45:09.079421+00:00"
}
{
  "cycle_id": "58e9879f-2d0f-491d-a444-81188bdfbb41",
  "started_ts": "2026-08-08T05:50:03.074534+00:00",
  "league_id": 1384,
  "endpoints_attempted": [
    "/markets/active",
    "/orders",
    "/orders",
    "/orders",
    "/trades",
    "/trades",
    "/trades"
  ],
  "endpoint_failures": [],
  "rows_written": {
    "markets": 0,
    "best_line": 11,
    "orderbook": 6,
    "trades": 34,
    "roster_events": 0
  },
  "rows_deduped": {
    "markets": 43,
    "best_line": 75,
    "orderbook": 119,
    "trades": 0,
    "roster_events": 0
  },
  "raw_counts": {
    "markets": 43,
    "orderbook": 125,
    "best_line": 86,
    "trades": 34
  },
  "finished_ts": "2026-08-08T05:50:09.431870+00:00"
}
{
  "cycle_id": "b7f5fc3c-645a-4b95-9e74-88984fd41c64",
  "started_ts": "2026-08-08T05:55:02.546358+00:00",
  "league_id": 1384,
  "endpoints_attempted": [
    "/markets/active",
    "/orders",
    "/orders",
    "/orders",
    "/trades",
    "/trades",
    "/trades"
  ],
  "endpoint_failures": [],
  "rows_written": {
    "markets": 0,
    "best_line": 30,
    "orderbook": 57,
    "trades": 34,
    "roster_events": 0
  },
  "rows_deduped": {
    "markets": 43,
    "best_line": 56,
    "orderbook": 88,
    "trades": 0,
    "roster_events": 0
  },
  "raw_counts": {
    "markets": 43,
    "orderbook": 145,
    "best_line": 86,
    "trades": 34
  },
  "finished_ts": "2026-08-08T05:55:08.895615+00:00"
}
{
  "cycle_id": "caf265c7-6eaf-4fc3-9cba-5e0c02799358",
  "started_ts": "2026-08-08T06:00:03.836388+00:00",
  "league_id": 1384,
  "endpoints_attempted": [
    "/markets/active",
    "/orders",
    "/orders",
    "/orders",
    "/trades",
    "/trades",
    "/trades"
  ],
  "endpoint_failures": [],
  "rows_written": {
    "markets": 0,
    "best_line": 17,
    "orderbook": 17,
    "trades": 34,
    "roster_events": 0
  },
  "rows_deduped": {
    "markets": 43,
    "best_line": 69,
    "orderbook": 130,
    "trades": 0,
    "roster_events": 0
  },
  "raw_counts": {
    "markets": 43,
    "orderbook": 147,
    "best_line": 86,
    "trades": 34
  },
  "finished_ts": "2026-08-08T06:00:10.306882+00:00"
}
{
  "cycle_id": "5ea2525b-4a38-46cf-969d-4c4ac5ce80e4",
  "started_ts": "2026-08-08T06:05:03.284838+00:00",
  "league_id": 1384,
  "endpoints_attempted": [
    "/markets/active",
    "/orders",
    "/orders",
    "/orders",
    "/trades",
    "/trades",
    "/trades"
  ],
  "endpoint_failures": [],
  "rows_written": {
    "markets": 0,
    "best_line": 54,
    "orderbook": 115,
    "trades": 36,
    "roster_events": 0
  },
  "rows_deduped": {
    "markets": 43,
    "best_line": 32,
    "orderbook": 30,
    "trades": 0,
    "roster_events": 0
  },
  "raw_counts": {
    "markets": 43,
    "orderbook": 145,
    "best_line": 86,
    "trades": 36
  },
  "finished_ts": "2026-08-08T06:05:09.690680+00:00"
}
{
  "cycle_id": "77859014-caa0-44ea-b5d4-c8f2e273525c",
  "started_ts": "2026-08-08T06:10:02.995467+00:00",
  "league_id": 1384,
  "endpoints_attempted": [
    "/markets/active",
    "/orders",
    "/orders",
    "/orders",
    "/trades",
    "/trades",
    "/trades"
  ],
  "endpoint_failures": [],
  "rows_written": {
    "markets": 0,
    "best_line": 29,
    "orderbook": 47,
    "trades": 40,
    "roster_events": 0
  },
  "rows_deduped": {
    "markets": 43,
    "best_line": 57,
    "orderbook": 96,
    "trades": 0,
    "roster_events": 0
  },
  "raw_counts": {
    "markets": 43,
    "orderbook": 143,
    "best_line": 86,
    "trades": 40
  },
  "finished_ts": "2026-08-08T06:10:09.351677+00:00"
}
{
  "cycle_id": "89699d90-e1d4-4830-8116-b825bd07289f",
  "started_ts": "2026-08-08T06:15:02.938183+00:00",
  "league_id": 1384,
  "endpoints_attempted": [
    "/markets/active",
    "/orders",
    "/orders",
    "/orders",
    "/trades",
    "/trades",
    "/trades"
  ],
  "endpoint_failures": [],
  "rows_written": {
    "markets": 2,
    "best_line": 38,
    "orderbook": 52,
    "trades": 40,
    "roster_events": 0
  },
  "rows_deduped": {
    "markets": 42,
    "best_line": 50,
    "orderbook": 92,
    "trades": 0,
    "roster_events": 0
  },
  "raw_counts": {
    "markets": 44,
    "orderbook": 144,
    "best_line": 88,
    "trades": 40
  },
  "finished_ts": "2026-08-08T06:15:09.317254+00:00"
}
{
  "cycle_id": "05364f1e-26dd-47f9-bc17-e5d924ecf62f",
  "started_ts": "2026-08-08T06:20:02.911991+00:00",
  "league_id": 1384,
  "endpoints_attempted": [
    "/markets/active",
    "/orders",
    "/orders",
    "/orders",
    "/trades",
    "/trades",
    "/trades"
  ],
  "endpoint_failures": [],
  "rows_written": {
    "markets": 0,
    "best_line": 36,
    "orderbook": 43,
    "trades": 42,
    "roster_events": 0
  },
  "rows_deduped": {
    "markets": 44,
    "best_line": 52,
    "orderbook": 111,
    "trades": 0,
    "roster_events": 0
  },
  "raw_counts": {
    "markets": 44,
    "orderbook": 154,
    "best_line": 88,
    "trades": 42
  },
  "finished_ts": "2026-08-08T06:20:09.260854+00:00"
}
{
  "cycle_id": "f28592eb-7119-45e1-8c62-96e0b431e14c",
  "started_ts": "2026-08-08T06:25:02.681527+00:00",
  "league_id": 1384,
  "endpoints_attempted": [
    "/markets/active",
    "/orders",
    "/orders",
    "/orders",
    "/trades",
    "/trades",
    "/trades"
  ],
  "endpoint_failures": [],
  "rows_written": {
    "markets": 0,
    "best_line": 42,
    "orderbook": 59,
    "trades": 44,
    "roster_events": 0
  },
  "rows_deduped": {
    "markets": 44,
    "best_line": 46,
    "orderbook": 92,
    "trades": 0,
    "roster_events": 0
  },
  "raw_counts": {
    "markets": 44,
    "orderbook": 151,
    "best_line": 88,
    "trades": 44
  },
  "finished_ts": "2026-08-08T06:25:09.033504+00:00"
}
{
  "cycle_id": "03c3a43c-e927-4743-8e56-82aee2701e28",
  "started_ts": "2026-08-08T06:30:02.954821+00:00",
  "league_id": 1384,
  "endpoints_attempted": [
    "/markets/active",
    "/orders",
    "/orders",
    "/orders",
    "/trades",
    "/trades",
    "/trades"
  ],
  "endpoint_failures": [],
  "rows_written": {
    "markets": 0,
    "best_line": 40,
    "orderbook": 63,
    "trades": 44,
    "roster_events": 0
  },
  "rows_deduped": {
    "markets": 44,
    "best_line": 48,
    "orderbook": 87,
    "trades": 0,
    "roster_events": 0
  },
  "raw_counts": {
    "markets": 44,
    "orderbook": 150,
    "best_line": 88,
    "trades": 44
  },
  "finished_ts": "2026-08-08T06:30:09.696909+00:00"
}
{
  "cycle_id": "3e3a3f15-eeac-4bfd-9ffd-2c3ecfd5222b",
  "started_ts": "2026-08-08T06:35:02.771802+00:00",
  "league_id": 1384,
  "endpoints_attempted": [
    "/markets/active",
    "/orders",
    "/orders",
    "/orders",
    "/trades",
    "/trades",
    "/trades"
  ],
  "endpoint_failures": [],
  "rows_written": {
    "markets": 0,
    "best_line": 43,
    "orderbook": 49,
    "trades": 44,
    "roster_events": 0
  },
  "rows_deduped": {
    "markets": 44,
    "best_line": 45,
    "orderbook": 101,
    "trades": 0,
    "roster_events": 0
  },
  "raw_counts": {
    "markets": 44,
    "orderbook": 150,
    "best_line": 88,
    "trades": 44
  },
  "finished_ts": "2026-08-08T06:35:09.137167+00:00"
}
{
  "cycle_id": "58116b50-5820-473f-97a0-4d927324ff29",
  "started_ts": "2026-08-08T06:40:02.491601+00:00",
  "league_id": 1384,
  "endpoints_attempted": [
    "/markets/active",
    "/orders",
    "/orders",
    "/orders",
    "/trades",
    "/trades",
    "/trades"
  ],
  "endpoint_failures": [],
  "rows_written": {
    "markets": 0,
    "best_line": 29,
    "orderbook": 22,
    "trades": 44,
    "roster_events": 0
  },
  "rows_deduped": {
    "markets": 44,
    "best_line": 59,
    "orderbook": 125,
    "trades": 0,
    "roster_events": 0
  },
  "raw_counts": {
    "markets": 44,
    "orderbook": 147,
    "best_line": 88,
    "trades": 44
  },
  "finished_ts": "2026-08-08T06:40:08.843676+00:00"
}
{
  "cycle_id": "e4ea480b-713f-42cb-bfd6-c29169c5740e",
  "started_ts": "2026-08-08T06:45:02.845552+00:00",
  "league_id": 1384,
  "endpoints_attempted": [
    "/markets/active",
    "/orders",
    "/orders",
    "/orders",
    "/trades",
    "/trades",
    "/trades"
  ],
  "endpoint_failures": [],
  "rows_written": {
    "markets": 0,
    "best_line": 30,
    "orderbook": 70,
    "trades": 46,
    "roster_events": 0
  },
  "rows_deduped": {
    "markets": 44,
    "best_line": 58,
    "orderbook": 77,
    "trades": 0,
    "roster_events": 0
  },
  "raw_counts": {
    "markets": 44,
    "orderbook": 147,
    "best_line": 88,
    "trades": 46
  },
  "finished_ts": "2026-08-08T06:45:09.231392+00:00"
}
{
  "cycle_id": "0da8ca1f-d91e-4508-b00c-7195b7a05f4d",
  "started_ts": "2026-08-08T06:50:02.611640+00:00",
  "league_id": 1384,
  "endpoints_attempted": [
    "/markets/active",
    "/orders",
    "/orders",
    "/orders",
    "/trades",
    "/trades",
    "/trades"
  ],
  "endpoint_failures": [],
  "rows_written": {
    "markets": 0,
    "best_line": 37,
    "orderbook": 44,
    "trades": 46,
    "roster_events": 0
  },
  "rows_deduped": {
    "markets": 44,
    "best_line": 51,
    "orderbook": 110,
    "trades": 0,
    "roster_events": 0
  },
  "raw_counts": {
    "markets": 44,
    "orderbook": 154,
    "best_line": 88,
    "trades": 46
  },
  "finished_ts": "2026-08-08T06:50:08.991869+00:00"
}
{
  "cycle_id": "520b39db-69c4-4601-986c-aaec52c6d677",
  "started_ts": "2026-08-08T06:55:02.498162+00:00",
  "league_id": 1384,
  "endpoints_attempted": [
    "/markets/active",
    "/orders",
    "/orders",
    "/orders",
    "/trades",
    "/trades",
    "/trades"
  ],
  "endpoint_failures": [],
  "rows_written": {
    "markets": 0,
    "best_line": 31,
    "orderbook": 33,
    "trades": 46,
    "roster_events": 0
  },
  "rows_deduped": {
    "markets": 44,
    "best_line": 57,
    "orderbook": 117,
    "trades": 0,
    "roster_events": 0
  },
  "raw_counts": {
    "markets": 44,
    "orderbook": 150,
    "best_line": 88,
    "trades": 46
  },
  "finished_ts": "2026-08-08T06:55:08.866567+00:00"
}
{
  "cycle_id": "a955d376-8eaa-4d58-9fb4-eceec972bf12",
  "started_ts": "2026-08-08T07:00:02.757838+00:00",
  "league_id": 1384,
  "endpoints_attempted": [
    "/markets/active",
    "/orders",
    "/orders",
    "/orders",
    "/trades",
    "/trades",
    "/trades"
  ],
  "endpoint_failures": [],
  "rows_written": {
    "markets": 0,
    "best_line": 43,
    "orderbook": 42,
    "trades": 48,
    "roster_events": 0
  },
  "rows_deduped": {
    "markets": 44,
    "best_line": 45,
    "orderbook": 101,
    "trades": 0,
    "roster_events": 0
  },
  "raw_counts": {
    "markets": 44,
    "orderbook": 143,
    "best_line": 88,
    "trades": 48
  },
  "finished_ts": "2026-08-08T07:00:09.131681+00:00"
}
{
  "cycle_id": "2ebcde29-aefe-44ee-8a8b-67e5d037907d",
  "started_ts": "2026-08-08T07:05:02.569802+00:00",
  "league_id": 1384,
  "endpoints_attempted": [
    "/markets/active",
    "/orders",
    "/orders",
    "/orders",
    "/trades",
    "/trades",
    "/trades"
  ],
  "endpoint_failures": [],
  "rows_written": {
    "markets": 0,
    "best_line": 37,
    "orderbook": 47,
    "trades": 48,
    "roster_events": 0
  },
  "rows_deduped": {
    "markets": 44,
    "best_line": 51,
    "orderbook": 100,
    "trades": 0,
    "roster_events": 0
  },
  "raw_counts": {
    "markets": 44,
    "orderbook": 147,
    "best_line": 88,
    "trades": 48
  },
  "finished_ts": "2026-08-08T07:05:08.945789+00:00"
}
{
  "cycle_id": "0d40daee-9f3c-4e04-9c1c-fe1ad445ebd1",
  "started_ts": "2026-08-08T07:10:02.481708+00:00",
  "league_id": 1384,
  "endpoints_attempted": [
    "/markets/active",
    "/orders",
    "/orders",
    "/orders",
    "/trades",
    "/trades",
    "/trades"
  ],
  "endpoint_failures": [],
  "rows_written": {
    "markets": 2,
    "best_line": 31,
    "orderbook": 35,
    "trades": 48,
    "roster_events": 0
  },
  "rows_deduped": {
    "markets": 43,
    "best_line": 59,
    "orderbook": 116,
    "trades": 0,
    "roster_events": 0
  },
  "raw_counts": {
    "markets": 45,
    "orderbook": 151,
    "best_line": 90,
    "trades": 48
  },
  "finished_ts": "2026-08-08T07:10:08.833845+00:00"
}
{
  "cycle_id": "35be9b56-9d84-4eb9-bb54-5e5e100585c6",
  "started_ts": "2026-08-08T07:15:02.734338+00:00",
  "league_id": 1384,
  "endpoints_attempted": [
    "/markets/active",
    "/orders",
    "/orders",
    "/orders",
    "/trades",
    "/trades",
    "/trades"
  ],
  "endpoint_failures": [],
  "rows_written": {
    "markets": 2,
    "best_line": 43,
    "orderbook": 80,
    "trades": 54,
    "roster_events": 0
  },
  "rows_deduped": {
    "markets": 43,
    "best_line": 47,
    "orderbook": 68,
    "trades": 0,
    "roster_events": 0
  },
  "raw_counts": {
    "markets": 45,
    "orderbook": 148,
    "best_line": 90,
    "trades": 54
  },
  "finished_ts": "2026-08-08T07:15:09.089112+00:00"
}
{
  "cycle_id": "88e586d2-e26b-4e79-a471-08844c230028",
  "started_ts": "2026-08-08T07:20:02.917298+00:00",
  "league_id": 1384,
  "endpoints_attempted": [
    "/markets/active",
    "/orders",
    "/orders",
    "/orders",
    "/trades",
    "/trades",
    "/trades"
  ],
  "endpoint_failures": [],
  "rows_written": {
    "markets": 0,
    "best_line": 35,
    "orderbook": 54,
    "trades": 56,
    "roster_events": 0
  },
  "rows_deduped": {
    "markets": 45,
    "best_line": 55,
    "orderbook": 95,
    "trades": 0,
    "roster_events": 0
  },
  "raw_counts": {
    "markets": 45,
    "orderbook": 149,
    "best_line": 90,
    "trades": 56
  },
  "finished_ts": "2026-08-08T07:20:09.292968+00:00"
}
{
  "cycle_id": "de72aaef-a061-4a55-b073-90a19451036e",
  "started_ts": "2026-08-08T07:25:02.599504+00:00",
  "league_id": 1384,
  "endpoints_attempted": [
    "/markets/active",
    "/orders",
    "/orders",
    "/orders",
    "/trades",
    "/trades",
    "/trades"
  ],
  "endpoint_failures": [],
  "rows_written": {
    "markets": 0,
    "best_line": 50,
    "orderbook": 82,
    "trades": 56,
    "roster_events": 0
  },
  "rows_deduped": {
    "markets": 45,
    "best_line": 40,
    "orderbook": 59,
    "trades": 0,
    "roster_events": 0
  },
  "raw_counts": {
    "markets": 45,
    "orderbook": 141,
    "best_line": 90,
    "trades": 56
  },
  "finished_ts": "2026-08-08T07:25:08.953015+00:00"
}
{
  "cycle_id": "9d575454-45d9-4f18-84b4-630ad114a0d4",
  "started_ts": "2026-08-08T07:30:02.865549+00:00",
  "league_id": 1384,
  "endpoints_attempted": [
    "/markets/active",
    "/orders",
    "/orders",
    "/orders",
    "/trades",
    "/trades",
    "/trades"
  ],
  "endpoint_failures": [],
  "rows_written": {
    "markets": 0,
    "best_line": 34,
    "orderbook": 56,
    "trades": 56,
    "roster_events": 0
  },
  "rows_deduped": {
    "markets": 45,
    "best_line": 56,
    "orderbook": 82,
    "trades": 0,
    "roster_events": 0
  },
  "raw_counts": {
    "markets": 45,
    "orderbook": 138,
    "best_line": 90,
    "trades": 56
  },
  "finished_ts": "2026-08-08T07:30:09.216924+00:00"
}
{
  "cycle_id": "d49f9450-526a-4b58-bc61-3c3e18e67200",
  "started_ts": "2026-08-08T07:35:02.600542+00:00",
  "league_id": 1384,
  "endpoints_attempted": [
    "/markets/active",
    "/orders",
    "/orders",
    "/orders",
    "/trades",
    "/trades",
    "/trades"
  ],
  "endpoint_failures": [],
  "rows_written": {
    "markets": 0,
    "best_line": 35,
    "orderbook": 53,
    "trades": 56,
    "roster_events": 0
  },
  "rows_deduped": {
    "markets": 45,
    "best_line": 55,
    "orderbook": 84,
    "trades": 0,
    "roster_events": 0
  },
  "raw_counts": {
    "markets": 45,
    "orderbook": 137,
    "best_line": 90,
    "trades": 56
  },
  "finished_ts": "2026-08-08T07:35:08.950729+00:00"
}
{
  "cycle_id": "6b07451f-03a7-4b61-83cd-75467147993f",
  "started_ts": "2026-08-08T07:40:02.487336+00:00",
  "league_id": 1384,
  "endpoints_attempted": [
    "/markets/active",
    "/orders",
    "/orders",
    "/orders",
    "/trades",
    "/trades",
    "/trades"
  ],
  "endpoint_failures": [],
  "rows_written": {
    "markets": 0,
    "best_line": 25,
    "orderbook": 25,
    "trades": 56,
    "roster_events": 0
  },
  "rows_deduped": {
    "markets": 45,
    "best_line": 65,
    "orderbook": 113,
    "trades": 0,
    "roster_events": 0
  },
  "raw_counts": {
    "markets": 45,
    "orderbook": 138,
    "best_line": 90,
    "trades": 56
  },
  "finished_ts": "2026-08-08T07:40:08.832753+00:00"
}
{
  "cycle_id": "bac6ff3c-1166-4f9b-8e26-ef72d815918e",
  "started_ts": "2026-08-08T07:45:02.978820+00:00",
  "league_id": 1384,
  "endpoints_attempted": [
    "/markets/active",
    "/orders",
    "/orders",
    "/orders",
    "/trades",
    "/trades",
    "/trades"
  ],
  "endpoint_failures": [],
  "rows_written": {
    "markets": 0,
    "best_line": 23,
    "orderbook": 22,
    "trades": 56,
    "roster_events": 0
  },
  "rows_deduped": {
    "markets": 45,
    "best_line": 67,
    "orderbook": 118,
    "trades": 0,
    "roster_events": 0
  },
  "raw_counts": {
    "markets": 45,
    "orderbook": 140,
    "best_line": 90,
    "trades": 56
  },
  "finished_ts": "2026-08-08T07:45:09.335388+00:00"
}
{
  "cycle_id": "a9254100-2d39-4487-826d-bdb9aaf6bf21",
  "started_ts": "2026-08-08T07:50:02.702708+00:00",
  "league_id": 1384,
  "endpoints_attempted": [
    "/markets/active",
    "/orders",
    "/orders",
    "/orders",
    "/trades",
    "/trades",
    "/trades"
  ],
  "endpoint_failures": [],
  "rows_written": {
    "markets": 0,
    "best_line": 28,
    "orderbook": 32,
    "trades": 56,
    "roster_events": 0
  },
  "rows_deduped": {
    "markets": 45,
    "best_line": 62,
    "orderbook": 109,
    "trades": 0,
    "roster_events": 0
  },
  "raw_counts": {
    "markets": 45,
    "orderbook": 141,
    "best_line": 90,
    "trades": 56
  },
  "finished_ts": "2026-08-08T07:50:09.066083+00:00"
}
{
  "cycle_id": "d078b6e7-c749-4618-a333-f333cb43ac7c",
  "started_ts": "2026-08-08T07:55:02.596736+00:00",
  "league_id": 1384,
  "endpoints_attempted": [
    "/markets/active",
    "/orders",
    "/orders",
    "/orders",
    "/trades",
    "/trades",
    "/trades"
  ],
  "endpoint_failures": [],
  "rows_written": {
    "markets": 0,
    "best_line": 20,
    "orderbook": 25,
    "trades": 56,
    "roster_events": 0
  },
  "rows_deduped": {
    "markets": 45,
    "best_line": 70,
    "orderbook": 117,
    "trades": 0,
    "roster_events": 0
  },
  "raw_counts": {
    "markets": 45,
    "orderbook": 142,
    "best_line": 90,
    "trades": 56
  },
  "finished_ts": "2026-08-08T07:55:08.954396+00:00"
}
{
  "cycle_id": "19a460aa-d11a-456c-8e6c-387b32ca75a9",
  "started_ts": "2026-08-08T08:00:02.660850+00:00",
  "league_id": 1384,
  "endpoints_attempted": [
    "/markets/active",
    "/orders",
    "/orders",
    "/orders",
    "/trades",
    "/trades",
    "/trades"
  ],
  "endpoint_failures": [],
  "rows_written": {
    "markets": 0,
    "best_line": 40,
    "orderbook": 59,
    "trades": 56,
    "roster_events": 0
  },
  "rows_deduped": {
    "markets": 45,
    "best_line": 50,
    "orderbook": 89,
    "trades": 0,
    "roster_events": 0
  },
  "raw_counts": {
    "markets": 45,
    "orderbook": 148,
    "best_line": 90,
    "trades": 56
  },
  "finished_ts": "2026-08-08T08:00:09.018724+00:00"
}
{
  "cycle_id": "6f2e3ab5-d397-44d5-9a8d-0f298693456d",
  "started_ts": "2026-08-08T08:05:02.889542+00:00",
  "league_id": 1384,
  "endpoints_attempted": [
    "/markets/active",
    "/orders",
    "/orders",
    "/orders",
    "/trades",
    "/trades",
    "/trades"
  ],
  "endpoint_failures": [],
  "rows_written": {
    "markets": 0,
    "best_line": 42,
    "orderbook": 67,
    "trades": 56,
    "roster_events": 0
  },
  "rows_deduped": {
    "markets": 45,
    "best_line": 48,
    "orderbook": 78,
    "trades": 0,
    "roster_events": 0
  },
  "raw_counts": {
    "markets": 45,
    "orderbook": 145,
    "best_line": 90,
    "trades": 56
  },
  "finished_ts": "2026-08-08T08:05:09.272257+00:00"
}
{
  "cycle_id": "74a22ac4-0197-4dd5-9b2e-d64ae43b4bd6",
  "started_ts": "2026-08-08T08:10:02.873260+00:00",
  "league_id": 1384,
  "endpoints_attempted": [
    "/markets/active",
    "/orders",
    "/orders",
    "/orders",
    "/trades",
    "/trades",
    "/trades"
  ],
  "endpoint_failures": [],
  "rows_written": {
    "markets": 2,
    "best_line": 42,
    "orderbook": 73,
    "trades": 56,
    "roster_events": 0
  },
  "rows_deduped": {
    "markets": 43,
    "best_line": 48,
    "orderbook": 71,
    "trades": 0,
    "roster_events": 0
  },
  "raw_counts": {
    "markets": 45,
    "orderbook": 144,
    "best_line": 90,
    "trades": 56
  },
  "finished_ts": "2026-08-08T08:10:09.223017+00:00"
}
{
  "cycle_id": "120cd0b6-4f69-444e-a956-00c8ea615a8a",
  "started_ts": "2026-08-08T08:15:02.901474+00:00",
  "league_id": 1384,
  "endpoints_attempted": [
    "/markets/active",
    "/orders",
    "/orders",
    "/orders",
    "/trades",
    "/trades",
    "/trades"
  ],
  "endpoint_failures": [],
  "rows_written": {
    "markets": 0,
    "best_line": 40,
    "orderbook": 69,
    "trades": 58,
    "roster_events": 0
  },
  "rows_deduped": {
    "markets": 45,
    "best_line": 50,
    "orderbook": 78,
    "trades": 0,
    "roster_events": 0
  },
  "raw_counts": {
    "markets": 45,
    "orderbook": 147,
    "best_line": 90,
    "trades": 58
  },
  "finished_ts": "2026-08-08T08:15:09.256366+00:00"
}
{
  "cycle_id": "2f9000c2-e1d0-447a-986a-da5f59b66022",
  "started_ts": "2026-08-08T08:20:02.578379+00:00",
  "league_id": 1384,
  "endpoints_attempted": [
    "/markets/active",
    "/orders",
    "/orders",
    "/orders",
    "/trades",
    "/trades",
    "/trades"
  ],
  "endpoint_failures": [],
  "rows_written": {
    "markets": 0,
    "best_line": 28,
    "orderbook": 32,
    "trades": 60,
    "roster_events": 0
  },
  "rows_deduped": {
    "markets": 45,
    "best_line": 62,
    "orderbook": 106,
    "trades": 0,
    "roster_events": 0
  },
  "raw_counts": {
    "markets": 45,
    "orderbook": 138,
    "best_line": 90,
    "trades": 60
  },
  "finished_ts": "2026-08-08T08:20:08.934012+00:00"
}
{
  "cycle_id": "d3d9e5e6-1e5a-4863-9cb3-4d30ef797381",
  "started_ts": "2026-08-08T08:25:02.677800+00:00",
  "league_id": 1384,
  "endpoints_attempted": [
    "/markets/active",
    "/orders",
    "/orders",
    "/orders",
    "/trades",
    "/trades",
    "/trades"
  ],
  "endpoint_failures": [],
  "rows_written": {
    "markets": 0,
    "best_line": 36,
    "orderbook": 58,
    "trades": 64,
    "roster_events": 0
  },
  "rows_deduped": {
    "markets": 45,
    "best_line": 54,
    "orderbook": 81,
    "trades": 0,
    "roster_events": 0
  },
  "raw_counts": {
    "markets": 45,
    "orderbook": 139,
    "best_line": 90,
    "trades": 64
  },
  "finished_ts": "2026-08-08T08:25:09.045719+00:00"
}
{
  "cycle_id": "5496a3e0-2303-4edb-be8d-68cad8c85ef5",
  "started_ts": "2026-08-08T08:30:02.746129+00:00",
  "league_id": 1384,
  "endpoints_attempted": [
    "/markets/active",
    "/orders",
    "/orders",
    "/orders",
    "/trades",
    "/trades",
    "/trades"
  ],
  "endpoint_failures": [],
  "rows_written": {
    "markets": 0,
    "best_line": 15,
    "orderbook": 18,
    "trades": 64,
    "roster_events": 0
  },
  "rows_deduped": {
    "markets": 45,
    "best_line": 75,
    "orderbook": 123,
    "trades": 0,
    "roster_events": 0
  },
  "raw_counts": {
    "markets": 45,
    "orderbook": 141,
    "best_line": 90,
    "trades": 64
  },
  "finished_ts": "2026-08-08T08:30:09.096930+00:00"
}
{
  "cycle_id": "dd09bafb-09b9-40a0-bb39-f973a338e41b",
  "started_ts": "2026-08-08T08:35:02.827042+00:00",
  "league_id": 1384,
  "endpoints_attempted": [
    "/markets/active",
    "/orders",
    "/orders",
    "/orders",
    "/trades",
    "/trades",
    "/trades"
  ],
  "endpoint_failures": [],
  "rows_written": {
    "markets": 0,
    "best_line": 22,
    "orderbook": 54,
    "trades": 64,
    "roster_events": 0
  },
  "rows_deduped": {
    "markets": 45,
    "best_line": 68,
    "orderbook": 95,
    "trades": 0,
    "roster_events": 0
  },
  "raw_counts": {
    "markets": 45,
    "orderbook": 149,
    "best_line": 90,
    "trades": 64
  },
  "finished_ts": "2026-08-08T08:35:09.183898+00:00"
}
{
  "cycle_id": "1940cfa0-e084-41ce-9d2c-fe18d2da52ce",
  "started_ts": "2026-08-08T08:40:02.621933+00:00",
  "league_id": 1384,
  "endpoints_attempted": [
    "/markets/active",
    "/orders",
    "/orders",
    "/orders",
    "/trades",
    "/trades",
    "/trades"
  ],
  "endpoint_failures": [],
  "rows_written": {
    "markets": 0,
    "best_line": 30,
    "orderbook": 30,
    "trades": 64,
    "roster_events": 0
  },
  "rows_deduped": {
    "markets": 45,
    "best_line": 60,
    "orderbook": 120,
    "trades": 0,
    "roster_events": 0
  },
  "raw_counts": {
    "markets": 45,
    "orderbook": 150,
    "best_line": 90,
    "trades": 64
  },
  "finished_ts": "2026-08-08T08:40:09.014090+00:00"
}
{
  "cycle_id": "1bae4d34-b322-4828-8d8c-0c33250cdfe9",
  "started_ts": "2026-08-08T08:45:02.635953+00:00",
  "league_id": 1384,
  "endpoints_attempted": [
    "/markets/active",
    "/orders",
    "/orders",
    "/orders",
    "/trades",
    "/trades",
    "/trades"
  ],
  "endpoint_failures": [],
  "rows_written": {
    "markets": 0,
    "best_line": 32,
    "orderbook": 44,
    "trades": 64,
    "roster_events": 0
  },
  "rows_deduped": {
    "markets": 45,
    "best_line": 58,
    "orderbook": 104,
    "trades": 0,
    "roster_events": 0
  },
  "raw_counts": {
    "markets": 45,
    "orderbook": 148,
    "best_line": 90,
    "trades": 64
  },
  "finished_ts": "2026-08-08T08:45:08.997545+00:00"
}
{
  "cycle_id": "ffd81ecc-0326-4103-9296-724c641f7c0e",
  "started_ts": "2026-08-08T08:50:02.660170+00:00",
  "league_id": 1384,
  "endpoints_attempted": [
    "/markets/active",
    "/orders",
    "/orders",
    "/orders",
    "/trades",
    "/trades",
    "/trades"
  ],
  "endpoint_failures": [],
  "rows_written": {
    "markets": 0,
    "best_line": 33,
    "orderbook": 55,
    "trades": 68,
    "roster_events": 0
  },
  "rows_deduped": {
    "markets": 45,
    "best_line": 57,
    "orderbook": 98,
    "trades": 0,
    "roster_events": 0
  },
  "raw_counts": {
    "markets": 45,
    "orderbook": 153,
    "best_line": 90,
    "trades": 68
  },
  "finished_ts": "2026-08-08T08:50:09.014888+00:00"
}
{
  "cycle_id": "9defedd2-e3e7-4282-880a-ca13409fed0c",
  "started_ts": "2026-08-08T08:55:02.800882+00:00",
  "league_id": 1384,
  "endpoints_attempted": [
    "/markets/active",
    "/orders",
    "/orders",
    "/orders",
    "/trades",
    "/trades",
    "/trades"
  ],
  "endpoint_failures": [],
  "rows_written": {
    "markets": 0,
    "best_line": 32,
    "orderbook": 49,
    "trades": 68,
    "roster_events": 0
  },
  "rows_deduped": {
    "markets": 45,
    "best_line": 58,
    "orderbook": 99,
    "trades": 0,
    "roster_events": 0
  },
  "raw_counts": {
    "markets": 45,
    "orderbook": 148,
    "best_line": 90,
    "trades": 68
  },
  "finished_ts": "2026-08-08T08:55:09.178556+00:00"
}
{
  "cycle_id": "7d69f848-9bdf-4fd6-9f8b-21eff1287485",
  "started_ts": "2026-08-08T09:00:02.571298+00:00",
  "league_id": 1384,
  "endpoints_attempted": [
    "/markets/active",
    "/orders",
    "/orders",
    "/orders",
    "/trades",
    "/trades",
    "/trades"
  ],
  "endpoint_failures": [],
  "rows_written": {
    "markets": 0,
    "best_line": 25,
    "orderbook": 28,
    "trades": 78,
    "roster_events": 0
  },
  "rows_deduped": {
    "markets": 45,
    "best_line": 65,
    "orderbook": 117,
    "trades": 0,
    "roster_events": 0
  },
  "raw_counts": {
    "markets": 45,
    "orderbook": 145,
    "best_line": 90,
    "trades": 78
  },
  "finished_ts": "2026-08-08T09:00:08.968242+00:00"
}
{
  "cycle_id": "b980cf24-3faa-4e45-93ed-546db62709d3",
  "started_ts": "2026-08-08T09:05:02.774592+00:00",
  "league_id": 1384,
  "endpoints_attempted": [
    "/markets/active",
    "/orders",
    "/orders",
    "/orders",
    "/trades",
    "/trades",
    "/trades"
  ],
  "endpoint_failures": [],
  "rows_written": {
    "markets": 0,
    "best_line": 30,
    "orderbook": 31,
    "trades": 78,
    "roster_events": 0
  },
  "rows_deduped": {
    "markets": 45,
    "best_line": 60,
    "orderbook": 118,
    "trades": 0,
    "roster_events": 0
  },
  "raw_counts": {
    "markets": 45,
    "orderbook": 149,
    "best_line": 90,
    "trades": 78
  },
  "finished_ts": "2026-08-08T09:05:09.150616+00:00"
}
{
  "cycle_id": "e157cf10-a2a5-462f-90bd-a636b58bf87e",
  "started_ts": "2026-08-08T09:10:02.866574+00:00",
  "league_id": 1384,
  "endpoints_attempted": [
    "/markets/active",
    "/orders",
    "/orders",
    "/orders",
    "/trades",
    "/trades",
    "/trades"
  ],
  "endpoint_failures": [],
  "rows_written": {
    "markets": 0,
    "best_line": 35,
    "orderbook": 52,
    "trades": 78,
    "roster_events": 0
  },
  "rows_deduped": {
    "markets": 45,
    "best_line": 55,
    "orderbook": 97,
    "trades": 0,
    "roster_events": 0
  },
  "raw_counts": {
    "markets": 45,
    "orderbook": 149,
    "best_line": 90,
    "trades": 78
  },
  "finished_ts": "2026-08-08T09:10:09.248917+00:00"
}
{
  "cycle_id": "a5337d19-5276-42e9-80c6-99d04a57958e",
  "started_ts": "2026-08-08T09:15:02.816085+00:00",
  "league_id": 1384,
  "endpoints_attempted": [
    "/markets/active",
    "/orders",
    "/orders",
    "/orders",
    "/trades",
    "/trades",
    "/trades"
  ],
  "endpoint_failures": [],
  "rows_written": {
    "markets": 5,
    "best_line": 32,
    "orderbook": 31,
    "trades": 78,
    "roster_events": 0
  },
  "rows_deduped": {
    "markets": 41,
    "best_line": 60,
    "orderbook": 115,
    "trades": 0,
    "roster_events": 0
  },
  "raw_counts": {
    "markets": 46,
    "orderbook": 146,
    "best_line": 92,
    "trades": 78
  },
  "finished_ts": "2026-08-08T09:15:09.171365+00:00"
}
{
  "cycle_id": "384f535c-8c7c-4254-966e-89b9618ee6ec",
  "started_ts": "2026-08-08T09:20:02.655093+00:00",
  "league_id": 1384,
  "endpoints_attempted": [
    "/markets/active",
    "/orders",
    "/orders",
    "/orders",
    "/trades",
    "/trades",
    "/trades"
  ],
  "endpoint_failures": [],
  "rows_written": {
    "markets": 0,
    "best_line": 44,
    "orderbook": 53,
    "trades": 82,
    "roster_events": 0
  },
  "rows_deduped": {
    "markets": 46,
    "best_line": 48,
    "orderbook": 100,
    "trades": 0,
    "roster_events": 0
  },
  "raw_counts": {
    "markets": 46,
    "orderbook": 153,
    "best_line": 92,
    "trades": 82
  },
  "finished_ts": "2026-08-08T09:20:09.010724+00:00"
}
{
  "cycle_id": "dad2be93-4d94-4895-9373-d5e797658b2c",
  "started_ts": "2026-08-08T09:25:02.657529+00:00",
  "league_id": 1384,
  "endpoints_attempted": [
    "/markets/active",
    "/orders",
    "/orders",
    "/orders",
    "/trades",
    "/trades",
    "/trades"
  ],
  "endpoint_failures": [],
  "rows_written": {
    "markets": 0,
    "best_line": 22,
    "orderbook": 23,
    "trades": 84,
    "roster_events": 0
  },
  "rows_deduped": {
    "markets": 46,
    "best_line": 70,
    "orderbook": 134,
    "trades": 0,
    "roster_events": 0
  },
  "raw_counts": {
    "markets": 46,
    "orderbook": 157,
    "best_line": 92,
    "trades": 84
  },
  "finished_ts": "2026-08-08T09:25:09.009538+00:00"
}
{
  "cycle_id": "7dc424ce-d595-4541-93c4-aa0a22102d82",
  "started_ts": "2026-08-08T09:30:02.836038+00:00",
  "league_id": 1384,
  "endpoints_attempted": [
    "/markets/active",
    "/orders",
    "/orders",
    "/orders",
    "/trades",
    "/trades",
    "/trades"
  ],
  "endpoint_failures": [],
  "rows_written": {
    "markets": 2,
    "best_line": 43,
    "orderbook": 46,
    "trades": 86,
    "roster_events": 0
  },
  "rows_deduped": {
    "markets": 44,
    "best_line": 49,
    "orderbook": 111,
    "trades": 0,
    "roster_events": 0
  },
  "raw_counts": {
    "markets": 46,
    "orderbook": 157,
    "best_line": 92,
    "trades": 86
  },
  "finished_ts": "2026-08-08T09:30:09.212626+00:00"
}
{
  "cycle_id": "62fbaaf6-12c7-4b38-984f-76bf2b7994de",
  "started_ts": "2026-08-08T09:35:02.863091+00:00",
  "league_id": 1384,
  "endpoints_attempted": [
    "/markets/active",
    "/orders",
    "/orders",
    "/orders",
    "/trades",
    "/trades",
    "/trades"
  ],
  "endpoint_failures": [],
  "rows_written": {
    "markets": 0,
    "best_line": 34,
    "orderbook": 49,
    "trades": 88,
    "roster_events": 0
  },
  "rows_deduped": {
    "markets": 46,
    "best_line": 58,
    "orderbook": 105,
    "trades": 0,
    "roster_events": 0
  },
  "raw_counts": {
    "markets": 46,
    "orderbook": 154,
    "best_line": 92,
    "trades": 88
  },
  "finished_ts": "2026-08-08T09:35:09.243589+00:00"
}
{
  "cycle_id": "e223fe5e-805a-410f-b20b-2d23bec74315",
  "started_ts": "2026-08-08T09:40:02.821910+00:00",
  "league_id": 1384,
  "endpoints_attempted": [
    "/markets/active",
    "/orders",
    "/orders",
    "/orders",
    "/trades",
    "/trades",
    "/trades"
  ],
  "endpoint_failures": [],
  "rows_written": {
    "markets": 2,
    "best_line": 29,
    "orderbook": 30,
    "trades": 88,
    "roster_events": 0
  },
  "rows_deduped": {
    "markets": 44,
    "best_line": 63,
    "orderbook": 127,
    "trades": 0,
    "roster_events": 0
  },
  "raw_counts": {
    "markets": 46,
    "orderbook": 157,
    "best_line": 92,
    "trades": 88
  },
  "finished_ts": "2026-08-08T09:40:09.174869+00:00"
}
{
  "cycle_id": "ba765f86-e736-4f6b-8a2b-cafeffdf1d63",
  "started_ts": "2026-08-08T09:45:02.582300+00:00",
  "league_id": 1384,
  "endpoints_attempted": [
    "/markets/active",
    "/orders",
    "/orders",
    "/orders",
    "/trades",
    "/trades",
    "/trades"
  ],
  "endpoint_failures": [],
  "rows_written": {
    "markets": 0,
    "best_line": 37,
    "orderbook": 67,
    "trades": 90,
    "roster_events": 0
  },
  "rows_deduped": {
    "markets": 46,
    "best_line": 55,
    "orderbook": 88,
    "trades": 0,
    "roster_events": 0
  },
  "raw_counts": {
    "markets": 46,
    "orderbook": 155,
    "best_line": 92,
    "trades": 90
  },
  "finished_ts": "2026-08-08T09:45:08.938154+00:00"
}
{
  "cycle_id": "d7cf478e-f9b4-4299-a8f7-686dcb5b5503",
  "started_ts": "2026-08-08T09:50:02.711686+00:00",
  "league_id": 1384,
  "endpoints_attempted": [
    "/markets/active",
    "/orders",
    "/orders",
    "/orders",
    "/trades",
    "/trades",
    "/trades"
  ],
  "endpoint_failures": [],
  "rows_written": {
    "markets": 0,
    "best_line": 33,
    "orderbook": 32,
    "trades": 90,
    "roster_events": 0
  },
  "rows_deduped": {
    "markets": 46,
    "best_line": 59,
    "orderbook": 125,
    "trades": 0,
    "roster_events": 0
  },
  "raw_counts": {
    "markets": 46,
    "orderbook": 157,
    "best_line": 92,
    "trades": 90
  },
  "finished_ts": "2026-08-08T09:50:09.079413+00:00"
}
{
  "cycle_id": "7ec7a484-7513-48fb-8294-bed9c7c7c6e3",
  "started_ts": "2026-08-08T09:55:02.458835+00:00",
  "league_id": 1384,
  "endpoints_attempted": [
    "/markets/active",
    "/orders",
    "/orders",
    "/orders",
    "/trades",
    "/trades",
    "/trades"
  ],
  "endpoint_failures": [],
  "rows_written": {
    "markets": 0,
    "best_line": 36,
    "orderbook": 53,
    "trades": 92,
    "roster_events": 0
  },
  "rows_deduped": {
    "markets": 46,
    "best_line": 56,
    "orderbook": 104,
    "trades": 0,
    "roster_events": 0
  },
  "raw_counts": {
    "markets": 46,
    "orderbook": 157,
    "best_line": 92,
    "trades": 92
  },
  "finished_ts": "2026-08-08T09:55:08.837298+00:00"
}
{
  "cycle_id": "36945ac3-59e6-4d0d-917d-5da1318a826d",
  "started_ts": "2026-08-08T10:00:02.849278+00:00",
  "league_id": 1384,
  "endpoints_attempted": [
    "/markets/active",
    "/orders",
    "/orders",
    "/orders",
    "/trades",
    "/trades",
    "/trades"
  ],
  "endpoint_failures": [],
  "rows_written": {
    "markets": 0,
    "best_line": 43,
    "orderbook": 52,
    "trades": 92,
    "roster_events": 0
  },
  "rows_deduped": {
    "markets": 46,
    "best_line": 49,
    "orderbook": 103,
    "trades": 0,
    "roster_events": 0
  },
  "raw_counts": {
    "markets": 46,
    "orderbook": 155,
    "best_line": 92,
    "trades": 92
  },
  "finished_ts": "2026-08-08T10:00:09.213172+00:00"
}
{
  "cycle_id": "e340bad2-a545-4b09-9d03-b113ee651588",
  "started_ts": "2026-08-08T10:05:02.478650+00:00",
  "league_id": 1384,
  "endpoints_attempted": [
    "/markets/active",
    "/orders",
    "/orders",
    "/orders",
    "/trades",
    "/trades",
    "/trades"
  ],
  "endpoint_failures": [],
  "rows_written": {
    "markets": 0,
    "best_line": 40,
    "orderbook": 58,
    "trades": 92,
    "roster_events": 0
  },
  "rows_deduped": {
    "markets": 46,
    "best_line": 52,
    "orderbook": 100,
    "trades": 0,
    "roster_events": 0
  },
  "raw_counts": {
    "markets": 46,
    "orderbook": 158,
    "best_line": 92,
    "trades": 92
  },
  "finished_ts": "2026-08-08T10:05:08.834081+00:00"
}
{
  "cycle_id": "dc12b317-8829-4e13-bbab-7cc3c3a85efb",
  "started_ts": "2026-08-08T10:10:02.858607+00:00",
  "league_id": 1384,
  "endpoints_attempted": [
    "/markets/active",
    "/orders",
    "/orders",
    "/orders",
    "/trades",
    "/trades",
    "/trades"
  ],
  "endpoint_failures": [],
  "rows_written": {
    "markets": 2,
    "best_line": 28,
    "orderbook": 24,
    "trades": 92,
    "roster_events": 0
  },
  "rows_deduped": {
    "markets": 44,
    "best_line": 64,
    "orderbook": 133,
    "trades": 0,
    "roster_events": 0
  },
  "raw_counts": {
    "markets": 46,
    "orderbook": 157,
    "best_line": 92,
    "trades": 92
  },
  "finished_ts": "2026-08-08T10:10:09.228680+00:00"
}
{
  "cycle_id": "38f45a32-626c-4228-a4d6-ff9edadf99bb",
  "started_ts": "2026-08-08T10:15:02.651066+00:00",
  "league_id": 1384,
  "endpoints_attempted": [
    "/markets/active",
    "/orders",
    "/orders",
    "/orders",
    "/trades",
    "/trades",
    "/trades"
  ],
  "endpoint_failures": [],
  "rows_written": {
    "markets": 2,
    "best_line": 36,
    "orderbook": 48,
    "trades": 92,
    "roster_events": 0
  },
  "rows_deduped": {
    "markets": 44,
    "best_line": 56,
    "orderbook": 108,
    "trades": 0,
    "roster_events": 0
  },
  "raw_counts": {
    "markets": 46,
    "orderbook": 156,
    "best_line": 92,
    "trades": 92
  },
  "finished_ts": "2026-08-08T10:15:09.005076+00:00"
}
{
  "cycle_id": "69087db9-1f14-469e-92a4-733e08125b16",
  "started_ts": "2026-08-08T10:20:02.737808+00:00",
  "league_id": 1384,
  "endpoints_attempted": [
    "/markets/active",
    "/orders",
    "/orders",
    "/orders",
    "/trades",
    "/trades",
    "/trades"
  ],
  "endpoint_failures": [],
  "rows_written": {
    "markets": 0,
    "best_line": 28,
    "orderbook": 26,
    "trades": 92,
    "roster_events": 0
  },
  "rows_deduped": {
    "markets": 46,
    "best_line": 64,
    "orderbook": 130,
    "trades": 0,
    "roster_events": 0
  },
  "raw_counts": {
    "markets": 46,
    "orderbook": 156,
    "best_line": 92,
    "trades": 92
  },
  "finished_ts": "2026-08-08T10:20:09.108835+00:00"
}
{
  "cycle_id": "0424608d-c005-4869-9929-24ae4b07c226",
  "started_ts": "2026-08-08T10:25:02.699822+00:00",
  "league_id": 1384,
  "endpoints_attempted": [
    "/markets/active",
    "/orders",
    "/orders",
    "/orders",
    "/trades",
    "/trades",
    "/trades"
  ],
  "endpoint_failures": [],
  "rows_written": {
    "markets": 0,
    "best_line": 35,
    "orderbook": 56,
    "trades": 92,
    "roster_events": 0
  },
  "rows_deduped": {
    "markets": 46,
    "best_line": 57,
    "orderbook": 95,
    "trades": 0,
    "roster_events": 0
  },
  "raw_counts": {
    "markets": 46,
    "orderbook": 151,
    "best_line": 92,
    "trades": 92
  },
  "finished_ts": "2026-08-08T10:25:09.063381+00:00"
}
{
  "cycle_id": "2b00b3af-a713-4c64-b82d-ef1492b54009",
  "started_ts": "2026-08-08T10:30:03.146619+00:00",
  "league_id": 1384,
  "endpoints_attempted": [
    "/markets/active",
    "/orders",
    "/orders",
    "/orders",
    "/trades",
    "/trades",
    "/trades"
  ],
  "endpoint_failures": [],
  "rows_written": {
    "markets": 2,
    "best_line": 19,
    "orderbook": 20,
    "trades": 92,
    "roster_events": 0
  },
  "rows_deduped": {
    "markets": 44,
    "best_line": 73,
    "orderbook": 134,
    "trades": 0,
    "roster_events": 0
  },
  "raw_counts": {
    "markets": 46,
    "orderbook": 154,
    "best_line": 92,
    "trades": 92
  },
  "finished_ts": "2026-08-08T10:30:09.507115+00:00"
}
{
  "cycle_id": "49873aaf-85a1-405c-b0cd-0597169a37e8",
  "started_ts": "2026-08-08T10:35:02.860399+00:00",
  "league_id": 1384,
  "endpoints_attempted": [
    "/markets/active",
    "/orders",
    "/orders",
    "/orders",
    "/trades",
    "/trades",
    "/trades"
  ],
  "endpoint_failures": [],
  "rows_written": {
    "markets": 0,
    "best_line": 33,
    "orderbook": 67,
    "trades": 92,
    "roster_events": 0
  },
  "rows_deduped": {
    "markets": 46,
    "best_line": 59,
    "orderbook": 85,
    "trades": 0,
    "roster_events": 0
  },
  "raw_counts": {
    "markets": 46,
    "orderbook": 152,
    "best_line": 92,
    "trades": 92
  },
  "finished_ts": "2026-08-08T10:35:09.235110+00:00"
}
{
  "cycle_id": "6c77be7c-1483-4b6b-877a-1ea70d076877",
  "started_ts": "2026-08-08T10:40:02.904684+00:00",
  "league_id": 1384,
  "endpoints_attempted": [
    "/markets/active",
    "/orders",
    "/orders",
    "/orders",
    "/trades",
    "/trades",
    "/trades"
  ],
  "endpoint_failures": [],
  "rows_written": {
    "markets": 0,
    "best_line": 24,
    "orderbook": 23,
    "trades": 96,
    "roster_events": 0
  },
  "rows_deduped": {
    "markets": 46,
    "best_line": 68,
    "orderbook": 132,
    "trades": 0,
    "roster_events": 0
  },
  "raw_counts": {
    "markets": 46,
    "orderbook": 155,
    "best_line": 92,
    "trades": 96
  },
  "finished_ts": "2026-08-08T10:40:09.277286+00:00"
}
{
  "cycle_id": "6232818a-a7e2-431e-a67f-5a1dbdbf0b16",
  "started_ts": "2026-08-08T10:45:02.885723+00:00",
  "league_id": 1384,
  "endpoints_attempted": [
    "/markets/active",
    "/orders",
    "/orders",
    "/orders",
    "/trades",
    "/trades",
    "/trades"
  ],
  "endpoint_failures": [],
  "rows_written": {
    "markets": 0,
    "best_line": 41,
    "orderbook": 64,
    "trades": 96,
    "roster_events": 0
  },
  "rows_deduped": {
    "markets": 46,
    "best_line": 51,
    "orderbook": 92,
    "trades": 0,
    "roster_events": 0
  },
  "raw_counts": {
    "markets": 46,
    "orderbook": 156,
    "best_line": 92,
    "trades": 96
  },
  "finished_ts": "2026-08-08T10:45:09.261335+00:00"
}
{
  "cycle_id": "9ea6c09e-1201-4156-b936-e9c0b36935e6",
  "started_ts": "2026-08-08T10:50:05.025054+00:00",
  "league_id": 1384,
  "endpoints_attempted": [
    "/markets/active",
    "/orders",
    "/orders",
    "/orders",
    "/trades",
    "/trades",
    "/trades"
  ],
  "endpoint_failures": [],
  "rows_written": {
    "markets": 4,
    "best_line": 40,
    "orderbook": 38,
    "trades": 98,
    "roster_events": 0
  },
  "rows_deduped": {
    "markets": 42,
    "best_line": 52,
    "orderbook": 112,
    "trades": 0,
    "roster_events": 0
  },
  "raw_counts": {
    "markets": 46,
    "orderbook": 150,
    "best_line": 92,
    "trades": 98
  },
  "finished_ts": "2026-08-08T10:50:11.406632+00:00"
}
{
  "cycle_id": "1e66535f-5a17-4275-ab6c-a7c467cb3e52",
  "started_ts": "2026-08-08T10:55:02.774658+00:00",
  "league_id": 1384,
  "endpoints_attempted": [
    "/markets/active",
    "/orders",
    "/orders",
    "/orders",
    "/trades",
    "/trades",
    "/trades"
  ],
  "endpoint_failures": [],
  "rows_written": {
    "markets": 0,
    "best_line": 42,
    "orderbook": 47,
    "trades": 98,
    "roster_events": 0
  },
  "rows_deduped": {
    "markets": 46,
    "best_line": 50,
    "orderbook": 106,
    "trades": 0,
    "roster_events": 0
  },
  "raw_counts": {
    "markets": 46,
    "orderbook": 153,
    "best_line": 92,
    "trades": 98
  },
  "finished_ts": "2026-08-08T10:55:09.141962+00:00"
}
{
  "cycle_id": "4c061156-8d40-4395-bcd8-6071f5f91630",
  "started_ts": "2026-08-08T11:00:03.810221+00:00",
  "league_id": 1384,
  "endpoints_attempted": [
    "/markets/active",
    "/orders",
    "/orders",
    "/orders",
    "/trades",
    "/trades",
    "/trades"
  ],
  "endpoint_failures": [],
  "rows_written": {
    "markets": 0,
    "best_line": 29,
    "orderbook": 32,
    "trades": 98,
    "roster_events": 0
  },
  "rows_deduped": {
    "markets": 46,
    "best_line": 63,
    "orderbook": 128,
    "trades": 0,
    "roster_events": 0
  },
  "raw_counts": {
    "markets": 46,
    "orderbook": 160,
    "best_line": 92,
    "trades": 98
  },
  "finished_ts": "2026-08-08T11:00:10.212076+00:00"
}
{
  "cycle_id": "e19c12bd-7c89-4364-907a-54de2322a10d",
  "started_ts": "2026-08-08T11:05:03.427279+00:00",
  "league_id": 1384,
  "endpoints_attempted": [
    "/markets/active",
    "/orders",
    "/orders",
    "/orders",
    "/trades",
    "/trades",
    "/trades"
  ],
  "endpoint_failures": [],
  "rows_written": {
    "markets": 0,
    "best_line": 24,
    "orderbook": 23,
    "trades": 100,
    "roster_events": 0
  },
  "rows_deduped": {
    "markets": 46,
    "best_line": 68,
    "orderbook": 134,
    "trades": 0,
    "roster_events": 0
  },
  "raw_counts": {
    "markets": 46,
    "orderbook": 157,
    "best_line": 92,
    "trades": 100
  },
  "finished_ts": "2026-08-08T11:05:09.939210+00:00"
}
{
  "cycle_id": "8cf98935-933a-4d64-9464-e35a07aa82bc",
  "started_ts": "2026-08-08T11:10:02.874377+00:00",
  "league_id": 1384,
  "endpoints_attempted": [
    "/markets/active",
    "/orders",
    "/orders",
    "/orders",
    "/trades",
    "/trades",
    "/trades"
  ],
  "endpoint_failures": [],
  "rows_written": {
    "markets": 0,
    "best_line": 21,
    "orderbook": 12,
    "trades": 100,
    "roster_events": 0
  },
  "rows_deduped": {
    "markets": 46,
    "best_line": 71,
    "orderbook": 140,
    "trades": 0,
    "roster_events": 0
  },
  "raw_counts": {
    "markets": 46,
    "orderbook": 152,
    "best_line": 92,
    "trades": 100
  },
  "finished_ts": "2026-08-08T11:10:09.249374+00:00"
}
{
  "cycle_id": "3fd8c245-45c3-4da2-a8f5-a336bb1d42bf",
  "started_ts": "2026-08-08T11:15:04.405454+00:00",
  "league_id": 1384,
  "endpoints_attempted": [
    "/markets/active",
    "/orders",
    "/orders",
    "/orders",
    "/trades",
    "/trades",
    "/trades"
  ],
  "endpoint_failures": [],
  "rows_written": {
    "markets": 4,
    "best_line": 25,
    "orderbook": 25,
    "trades": 100,
    "roster_events": 0
  },
  "rows_deduped": {
    "markets": 42,
    "best_line": 67,
    "orderbook": 130,
    "trades": 0,
    "roster_events": 0
  },
  "raw_counts": {
    "markets": 46,
    "orderbook": 155,
    "best_line": 92,
    "trades": 100
  },
  "finished_ts": "2026-08-08T11:15:11.022396+00:00"
}
{
  "cycle_id": "f4c112eb-1cb1-48be-a4f9-791a1036c871",
  "started_ts": "2026-08-08T11:20:03.393433+00:00",
  "league_id": 1384,
  "endpoints_attempted": [
    "/markets/active",
    "/orders",
    "/orders",
    "/orders",
    "/trades",
    "/trades",
    "/trades"
  ],
  "endpoint_failures": [],
  "rows_written": {
    "markets": 0,
    "best_line": 49,
    "orderbook": 52,
    "trades": 100,
    "roster_events": 0
  },
  "rows_deduped": {
    "markets": 46,
    "best_line": 43,
    "orderbook": 117,
    "trades": 0,
    "roster_events": 0
  },
  "raw_counts": {
    "markets": 46,
    "orderbook": 169,
    "best_line": 92,
    "trades": 100
  },
  "finished_ts": "2026-08-08T11:20:09.767432+00:00"
}
{
  "cycle_id": "caa6bc0f-4094-4705-8f6a-4bf2e264fce0",
  "started_ts": "2026-08-08T11:25:03.072128+00:00",
  "league_id": 1384,
  "endpoints_attempted": [
    "/markets/active",
    "/orders",
    "/orders",
    "/orders",
    "/trades",
    "/trades",
    "/trades"
  ],
  "endpoint_failures": [],
  "rows_written": {
    "markets": 6,
    "best_line": 47,
    "orderbook": 55,
    "trades": 102,
    "roster_events": 0
  },
  "rows_deduped": {
    "markets": 41,
    "best_line": 47,
    "orderbook": 108,
    "trades": 0,
    "roster_events": 0
  },
  "raw_counts": {
    "markets": 47,
    "orderbook": 163,
    "best_line": 94,
    "trades": 102
  },
  "finished_ts": "2026-08-08T11:25:09.462282+00:00"
}
{
  "cycle_id": "5fd119ae-acc3-450e-b24f-5a3d2b3e2219",
  "started_ts": "2026-08-08T11:30:03.075664+00:00",
  "league_id": 1384,
  "endpoints_attempted": [
    "/markets/active",
    "/orders",
    "/orders",
    "/orders",
    "/trades",
    "/trades",
    "/trades"
  ],
  "endpoint_failures": [],
  "rows_written": {
    "markets": 4,
    "best_line": 44,
    "orderbook": 48,
    "trades": 110,
    "roster_events": 2
  },
  "rows_deduped": {
    "markets": 42,
    "best_line": 48,
    "orderbook": 122,
    "trades": 0,
    "roster_events": 0
  },
  "raw_counts": {
    "markets": 46,
    "orderbook": 170,
    "best_line": 92,
    "trades": 110
  },
  "finished_ts": "2026-08-08T11:30:09.475681+00:00"
}
{
  "cycle_id": "16ebe3a0-8f0c-4dc6-ac12-b25f2ee8ad5d",
  "started_ts": "2026-08-08T11:35:02.669017+00:00",
  "league_id": 1384,
  "endpoints_attempted": [
    "/markets/active",
    "/orders",
    "/orders",
    "/orders",
    "/trades",
    "/trades",
    "/trades"
  ],
  "endpoint_failures": [],
  "rows_written": {
    "markets": 0,
    "best_line": 36,
    "orderbook": 61,
    "trades": 110,
    "roster_events": 0
  },
  "rows_deduped": {
    "markets": 46,
    "best_line": 56,
    "orderbook": 105,
    "trades": 0,
    "roster_events": 0
  },
  "raw_counts": {
    "markets": 46,
    "orderbook": 166,
    "best_line": 92,
    "trades": 110
  },
  "finished_ts": "2026-08-08T11:35:09.041048+00:00"
}
{
  "cycle_id": "84d4b163-c327-44bc-84cd-5ea0ed1c1015",
  "started_ts": "2026-08-08T11:40:02.724800+00:00",
  "league_id": 1384,
  "endpoints_attempted": [
    "/markets/active",
    "/orders",
    "/orders",
    "/orders",
    "/trades",
    "/trades",
    "/trades"
  ],
  "endpoint_failures": [],
  "rows_written": {
    "markets": 0,
    "best_line": 31,
    "orderbook": 39,
    "trades": 112,
    "roster_events": 0
  },
  "rows_deduped": {
    "markets": 46,
    "best_line": 61,
    "orderbook": 130,
    "trades": 0,
    "roster_events": 0
  },
  "raw_counts": {
    "markets": 46,
    "orderbook": 169,
    "best_line": 92,
    "trades": 112
  },
  "finished_ts": "2026-08-08T11:40:09.108620+00:00"
}
{
  "cycle_id": "c867d316-00a3-4485-b371-753b5c6cdd4a",
  "started_ts": "2026-08-08T11:45:02.654193+00:00",
  "league_id": 1384,
  "endpoints_attempted": [
    "/markets/active",
    "/orders",
    "/orders",
    "/orders",
    "/trades",
    "/trades",
    "/trades"
  ],
  "endpoint_failures": [],
  "rows_written": {
    "markets": 0,
    "best_line": 49,
    "orderbook": 101,
    "trades": 114,
    "roster_events": 0
  },
  "rows_deduped": {
    "markets": 46,
    "best_line": 43,
    "orderbook": 72,
    "trades": 0,
    "roster_events": 0
  },
  "raw_counts": {
    "markets": 46,
    "orderbook": 173,
    "best_line": 92,
    "trades": 114
  },
  "finished_ts": "2026-08-08T11:45:09.026535+00:00"
}
{
  "cycle_id": "8682cdfe-1394-42a3-9c74-f1b8f65d1bed",
  "started_ts": "2026-08-08T11:50:02.582567+00:00",
  "league_id": 1384,
  "endpoints_attempted": [
    "/markets/active",
    "/orders",
    "/orders",
    "/orders",
    "/trades",
    "/trades",
    "/trades"
  ],
  "endpoint_failures": [],
  "rows_written": {
    "markets": 0,
    "best_line": 28,
    "orderbook": 34,
    "trades": 114,
    "roster_events": 0
  },
  "rows_deduped": {
    "markets": 46,
    "best_line": 64,
    "orderbook": 135,
    "trades": 0,
    "roster_events": 0
  },
  "raw_counts": {
    "markets": 46,
    "orderbook": 169,
    "best_line": 92,
    "trades": 114
  },
  "finished_ts": "2026-08-08T11:50:08.946705+00:00"
}
{
  "cycle_id": "149e8c04-0e9a-4c24-9073-0b4b8f8d3979",
  "started_ts": "2026-08-08T11:55:02.532529+00:00",
  "league_id": 1384,
  "endpoints_attempted": [
    "/markets/active",
    "/orders",
    "/orders",
    "/orders",
    "/trades",
    "/trades",
    "/trades"
  ],
  "endpoint_failures": [],
  "rows_written": {
    "markets": 2,
    "best_line": 53,
    "orderbook": 74,
    "trades": 114,
    "roster_events": 0
  },
  "rows_deduped": {
    "markets": 44,
    "best_line": 39,
    "orderbook": 101,
    "trades": 0,
    "roster_events": 0
  },
  "raw_counts": {
    "markets": 46,
    "orderbook": 175,
    "best_line": 92,
    "trades": 114
  },
  "finished_ts": "2026-08-08T11:55:08.880547+00:00"
}
{
  "cycle_id": "138fc9bf-a879-402b-b686-c0bf1531dd6e",
  "started_ts": "2026-08-08T12:00:03.543813+00:00",
  "league_id": 1384,
  "endpoints_attempted": [
    "/markets/active",
    "/orders",
    "/orders",
    "/orders",
    "/trades",
    "/trades",
    "/trades"
  ],
  "endpoint_failures": [],
  "rows_written": {
    "markets": 2,
    "best_line": 32,
    "orderbook": 32,
    "trades": 114,
    "roster_events": 0
  },
  "rows_deduped": {
    "markets": 44,
    "best_line": 60,
    "orderbook": 144,
    "trades": 0,
    "roster_events": 0
  },
  "raw_counts": {
    "markets": 46,
    "orderbook": 176,
    "best_line": 92,
    "trades": 114
  },
  "finished_ts": "2026-08-08T12:00:10.157353+00:00"
}
{
  "cycle_id": "8138c94d-1dbe-4648-bdca-eb209d4b998c",
  "started_ts": "2026-08-08T12:05:02.296611+00:00",
  "league_id": 1384,
  "endpoints_attempted": [
    "/markets/active",
    "/orders",
    "/orders",
    "/orders",
    "/trades",
    "/trades",
    "/trades"
  ],
  "endpoint_failures": [],
  "rows_written": {
    "markets": 0,
    "best_line": 57,
    "orderbook": 128,
    "trades": 114,
    "roster_events": 0
  },
  "rows_deduped": {
    "markets": 46,
    "best_line": 35,
    "orderbook": 58,
    "trades": 0,
    "roster_events": 0
  },
  "raw_counts": {
    "markets": 46,
    "orderbook": 186,
    "best_line": 92,
    "trades": 114
  },
  "finished_ts": "2026-08-08T12:05:08.669149+00:00"
}
{
  "cycle_id": "b18abf72-32e2-4f0e-a0a0-a38741218a5e",
  "started_ts": "2026-08-08T12:10:02.897968+00:00",
  "league_id": 1384,
  "endpoints_attempted": [
    "/markets/active",
    "/orders",
    "/orders",
    "/orders",
    "/trades",
    "/trades",
    "/trades"
  ],
  "endpoint_failures": [],
  "rows_written": {
    "markets": 0,
    "best_line": 39,
    "orderbook": 33,
    "trades": 114,
    "roster_events": 0
  },
  "rows_deduped": {
    "markets": 46,
    "best_line": 53,
    "orderbook": 155,
    "trades": 0,
    "roster_events": 0
  },
  "raw_counts": {
    "markets": 46,
    "orderbook": 188,
    "best_line": 92,
    "trades": 114
  },
  "finished_ts": "2026-08-08T12:10:09.268269+00:00"
}
{
  "cycle_id": "cf129d32-f57b-4fa7-9b5f-43c2b711c289",
  "started_ts": "2026-08-08T12:15:04.276927+00:00",
  "league_id": 1384,
  "endpoints_attempted": [
    "/markets/active",
    "/orders",
    "/orders",
    "/orders",
    "/trades",
    "/trades",
    "/trades"
  ],
  "endpoint_failures": [],
  "rows_written": {
    "markets": 0,
    "best_line": 47,
    "orderbook": 65,
    "trades": 114,
    "roster_events": 0
  },
  "rows_deduped": {
    "markets": 46,
    "best_line": 45,
    "orderbook": 112,
    "trades": 0,
    "roster_events": 0
  },
  "raw_counts": {
    "markets": 46,
    "orderbook": 177,
    "best_line": 92,
    "trades": 114
  },
  "finished_ts": "2026-08-08T12:15:10.849814+00:00"
}
{
  "cycle_id": "e3dc7cae-fe8d-4bea-bbbb-d4b5795a334d",
  "started_ts": "2026-08-08T12:20:02.823036+00:00",
  "league_id": 1384,
  "endpoints_attempted": [
    "/markets/active",
    "/orders",
    "/orders",
    "/orders",
    "/trades",
    "/trades",
    "/trades"
  ],
  "endpoint_failures": [],
  "rows_written": {
    "markets": 0,
    "best_line": 55,
    "orderbook": 76,
    "trades": 114,
    "roster_events": 0
  },
  "rows_deduped": {
    "markets": 46,
    "best_line": 37,
    "orderbook": 101,
    "trades": 0,
    "roster_events": 0
  },
  "raw_counts": {
    "markets": 46,
    "orderbook": 177,
    "best_line": 92,
    "trades": 114
  },
  "finished_ts": "2026-08-08T12:20:09.193146+00:00"
}
{
  "cycle_id": "7a0ed7b4-973f-434b-93ad-885c7d78223d",
  "started_ts": "2026-08-08T12:25:02.975364+00:00",
  "league_id": 1384,
  "endpoints_attempted": [
    "/markets/active",
    "/orders",
    "/orders",
    "/orders",
    "/trades",
    "/trades",
    "/trades"
  ],
  "endpoint_failures": [],
  "rows_written": {
    "markets": 0,
    "best_line": 46,
    "orderbook": 55,
    "trades": 114,
    "roster_events": 0
  },
  "rows_deduped": {
    "markets": 46,
    "best_line": 46,
    "orderbook": 126,
    "trades": 0,
    "roster_events": 0
  },
  "raw_counts": {
    "markets": 46,
    "orderbook": 181,
    "best_line": 92,
    "trades": 114
  },
  "finished_ts": "2026-08-08T12:25:09.327498+00:00"
}
{
  "cycle_id": "b040c472-8dfd-49d1-95d2-5b10746a3b2d",
  "started_ts": "2026-08-08T12:30:02.854238+00:00",
  "league_id": 1384,
  "endpoints_attempted": [
    "/markets/active",
    "/orders",
    "/orders",
    "/orders",
    "/trades",
    "/trades",
    "/trades"
  ],
  "endpoint_failures": [],
  "rows_written": {
    "markets": 0,
    "best_line": 35,
    "orderbook": 54,
    "trades": 114,
    "roster_events": 0
  },
  "rows_deduped": {
    "markets": 46,
    "best_line": 57,
    "orderbook": 132,
    "trades": 0,
    "roster_events": 0
  },
  "raw_counts": {
    "markets": 46,
    "orderbook": 186,
    "best_line": 92,
    "trades": 114
  },
  "finished_ts": "2026-08-08T12:30:09.207250+00:00"
}
{
  "cycle_id": "8c8276c3-05ab-4a60-a436-2b923ad05d19",
  "started_ts": "2026-08-08T12:35:02.500464+00:00",
  "league_id": 1384,
  "endpoints_attempted": [
    "/markets/active",
    "/orders",
    "/orders",
    "/orders",
    "/trades",
    "/trades",
    "/trades"
  ],
  "endpoint_failures": [],
  "rows_written": {
    "markets": 0,
    "best_line": 40,
    "orderbook": 58,
    "trades": 116,
    "roster_events": 0
  },
  "rows_deduped": {
    "markets": 46,
    "best_line": 52,
    "orderbook": 128,
    "trades": 0,
    "roster_events": 0
  },
  "raw_counts": {
    "markets": 46,
    "orderbook": 186,
    "best_line": 92,
    "trades": 116
  },
  "finished_ts": "2026-08-08T12:35:08.880785+00:00"
}
{
  "cycle_id": "329c8248-8120-4d19-9f5e-8f9c0faa453c",
  "started_ts": "2026-08-08T12:40:02.533588+00:00",
  "league_id": 1384,
  "endpoints_attempted": [
    "/markets/active",
    "/orders",
    "/orders",
    "/orders",
    "/trades",
    "/trades",
    "/trades"
  ],
  "endpoint_failures": [],
  "rows_written": {
    "markets": 0,
    "best_line": 37,
    "orderbook": 50,
    "trades": 120,
    "roster_events": 0
  },
  "rows_deduped": {
    "markets": 46,
    "best_line": 55,
    "orderbook": 135,
    "trades": 0,
    "roster_events": 0
  },
  "raw_counts": {
    "markets": 46,
    "orderbook": 185,
    "best_line": 92,
    "trades": 120
  },
  "finished_ts": "2026-08-08T12:40:08.912343+00:00"
}
{
  "cycle_id": "110bae6a-bb34-4d3a-bd6e-1f84165c258f",
  "started_ts": "2026-08-08T12:45:02.628093+00:00",
  "league_id": 1384,
  "endpoints_attempted": [
    "/markets/active",
    "/orders",
    "/orders",
    "/orders",
    "/trades",
    "/trades",
    "/trades"
  ],
  "endpoint_failures": [],
  "rows_written": {
    "markets": 2,
    "best_line": 45,
    "orderbook": 69,
    "trades": 120,
    "roster_events": 0
  },
  "rows_deduped": {
    "markets": 44,
    "best_line": 47,
    "orderbook": 112,
    "trades": 0,
    "roster_events": 0
  },
  "raw_counts": {
    "markets": 46,
    "orderbook": 181,
    "best_line": 92,
    "trades": 120
  },
  "finished_ts": "2026-08-08T12:45:08.984794+00:00"
}
{
  "cycle_id": "f8549278-d0d6-4c51-8730-90ca7a3770e2",
  "started_ts": "2026-08-08T12:50:02.600305+00:00",
  "league_id": 1384,
  "endpoints_attempted": [
    "/markets/active",
    "/orders",
    "/orders",
    "/orders",
    "/trades",
    "/trades",
    "/trades"
  ],
  "endpoint_failures": [],
  "rows_written": {
    "markets": 0,
    "best_line": 51,
    "orderbook": 62,
    "trades": 120,
    "roster_events": 0
  },
  "rows_deduped": {
    "markets": 46,
    "best_line": 41,
    "orderbook": 115,
    "trades": 0,
    "roster_events": 0
  },
  "raw_counts": {
    "markets": 46,
    "orderbook": 177,
    "best_line": 92,
    "trades": 120
  },
  "finished_ts": "2026-08-08T12:50:08.955476+00:00"
}
{
  "cycle_id": "904a3cc6-7f50-4975-8175-0b6e44265478",
  "started_ts": "2026-08-08T12:55:02.552775+00:00",
  "league_id": 1384,
  "endpoints_attempted": [
    "/markets/active",
    "/orders",
    "/orders",
    "/orders",
    "/trades",
    "/trades",
    "/trades"
  ],
  "endpoint_failures": [],
  "rows_written": {
    "markets": 0,
    "best_line": 47,
    "orderbook": 88,
    "trades": 122,
    "roster_events": 0
  },
  "rows_deduped": {
    "markets": 46,
    "best_line": 45,
    "orderbook": 82,
    "trades": 0,
    "roster_events": 0
  },
  "raw_counts": {
    "markets": 46,
    "orderbook": 170,
    "best_line": 92,
    "trades": 122
  },
  "finished_ts": "2026-08-08T12:55:08.922873+00:00"
}
{
  "cycle_id": "d8090ac1-ccf7-4032-b629-aeeac4ebe075",
  "started_ts": "2026-08-08T13:00:03.789278+00:00",
  "league_id": 1384,
  "endpoints_attempted": [
    "/markets/active",
    "/orders",
    "/orders",
    "/orders",
    "/trades",
    "/trades",
    "/trades"
  ],
  "endpoint_failures": [],
  "rows_written": {
    "markets": 2,
    "best_line": 36,
    "orderbook": 44,
    "trades": 122,
    "roster_events": 0
  },
  "rows_deduped": {
    "markets": 44,
    "best_line": 56,
    "orderbook": 128,
    "trades": 0,
    "roster_events": 0
  },
  "raw_counts": {
    "markets": 46,
    "orderbook": 172,
    "best_line": 92,
    "trades": 122
  },
  "finished_ts": "2026-08-08T13:00:10.146935+00:00"
}
{
  "cycle_id": "c65c8988-0eac-4590-af33-00a5c47ceae9",
  "started_ts": "2026-08-08T13:05:02.559853+00:00",
  "league_id": 1384,
  "endpoints_attempted": [
    "/markets/active",
    "/orders",
    "/orders",
    "/orders",
    "/trades",
    "/trades",
    "/trades"
  ],
  "endpoint_failures": [],
  "rows_written": {
    "markets": 1,
    "best_line": 52,
    "orderbook": 79,
    "trades": 124,
    "roster_events": 0
  },
  "rows_deduped": {
    "markets": 46,
    "best_line": 42,
    "orderbook": 97,
    "trades": 0,
    "roster_events": 0
  },
  "raw_counts": {
    "markets": 47,
    "orderbook": 176,
    "best_line": 94,
    "trades": 124
  },
  "finished_ts": "2026-08-08T13:05:08.913813+00:00"
}
{
  "cycle_id": "ef6418a9-906a-4431-b7e9-f8a873fa5b6d",
  "started_ts": "2026-08-08T13:10:02.982576+00:00",
  "league_id": 1384,
  "endpoints_attempted": [
    "/markets/active",
    "/orders",
    "/orders",
    "/orders",
    "/trades",
    "/trades",
    "/trades"
  ],
  "endpoint_failures": [],
  "rows_written": {
    "markets": 0,
    "best_line": 44,
    "orderbook": 77,
    "trades": 126,
    "roster_events": 0
  },
  "rows_deduped": {
    "markets": 47,
    "best_line": 50,
    "orderbook": 102,
    "trades": 0,
    "roster_events": 0
  },
  "raw_counts": {
    "markets": 47,
    "orderbook": 179,
    "best_line": 94,
    "trades": 126
  },
  "finished_ts": "2026-08-08T13:10:09.398026+00:00"
}
{
  "cycle_id": "998eaeab-cf9f-4fe0-b418-dcb11ee498fb",
  "started_ts": "2026-08-08T13:15:03.518339+00:00",
  "league_id": 1384,
  "endpoints_attempted": [
    "/markets/active",
    "/orders",
    "/orders",
    "/orders",
    "/trades",
    "/trades",
    "/trades"
  ],
  "endpoint_failures": [],
  "rows_written": {
    "markets": 0,
    "best_line": 31,
    "orderbook": 36,
    "trades": 126,
    "roster_events": 0
  },
  "rows_deduped": {
    "markets": 47,
    "best_line": 63,
    "orderbook": 140,
    "trades": 0,
    "roster_events": 0
  },
  "raw_counts": {
    "markets": 47,
    "orderbook": 176,
    "best_line": 94,
    "trades": 126
  },
  "finished_ts": "2026-08-08T13:15:09.881631+00:00"
}
{
  "cycle_id": "4c706410-169a-483b-b66b-2d73bb2e0d34",
  "started_ts": "2026-08-08T13:20:02.705885+00:00",
  "league_id": 1384,
  "endpoints_attempted": [
    "/markets/active",
    "/orders",
    "/orders",
    "/orders",
    "/trades",
    "/trades",
    "/trades"
  ],
  "endpoint_failures": [],
  "rows_written": {
    "markets": 2,
    "best_line": 43,
    "orderbook": 60,
    "trades": 126,
    "roster_events": 0
  },
  "rows_deduped": {
    "markets": 46,
    "best_line": 53,
    "orderbook": 113,
    "trades": 0,
    "roster_events": 0
  },
  "raw_counts": {
    "markets": 48,
    "orderbook": 173,
    "best_line": 96,
    "trades": 126
  },
  "finished_ts": "2026-08-08T13:20:09.095653+00:00"
}
{
  "cycle_id": "2fe922c9-6f08-406e-82c6-5befb676fa98",
  "started_ts": "2026-08-08T13:25:03.855369+00:00",
  "league_id": 1384,
  "endpoints_attempted": [
    "/markets/active",
    "/orders",
    "/orders",
    "/orders",
    "/trades",
    "/trades",
    "/trades"
  ],
  "endpoint_failures": [],
  "rows_written": {
    "markets": 4,
    "best_line": 46,
    "orderbook": 81,
    "trades": 126,
    "roster_events": 0
  },
  "rows_deduped": {
    "markets": 45,
    "best_line": 52,
    "orderbook": 108,
    "trades": 0,
    "roster_events": 0
  },
  "raw_counts": {
    "markets": 49,
    "orderbook": 189,
    "best_line": 98,
    "trades": 126
  },
  "finished_ts": "2026-08-08T13:25:10.218860+00:00"
}
{
  "cycle_id": "8609e711-f9d2-4f98-ad01-4802cc94dfb4",
  "started_ts": "2026-08-08T13:30:03.604590+00:00",
  "league_id": 1384,
  "endpoints_attempted": [
    "/markets/active",
    "/orders",
    "/orders",
    "/orders",
    "/trades",
    "/trades",
    "/trades"
  ],
  "endpoint_failures": [],
  "rows_written": {
    "markets": 2,
    "best_line": 38,
    "orderbook": 57,
    "trades": 120,
    "roster_events": 8
  },
  "rows_deduped": {
    "markets": 39,
    "best_line": 44,
    "orderbook": 125,
    "trades": 0,
    "roster_events": 0
  },
  "raw_counts": {
    "markets": 41,
    "orderbook": 182,
    "best_line": 82,
    "trades": 120
  },
  "finished_ts": "2026-08-08T13:30:10.147327+00:00"
}
{
  "cycle_id": "b3fe3b7b-06bb-4d2c-8e76-cb1226f80251",
  "started_ts": "2026-08-08T13:35:03.418776+00:00",
  "league_id": 1384,
  "endpoints_attempted": [
    "/markets/active",
    "/orders",
    "/orders",
    "/orders",
    "/trades",
    "/trades",
    "/trades"
  ],
  "endpoint_failures": [],
  "rows_written": {
    "markets": 4,
    "best_line": 49,
    "orderbook": 76,
    "trades": 120,
    "roster_events": 0
  },
  "rows_deduped": {
    "markets": 37,
    "best_line": 33,
    "orderbook": 112,
    "trades": 0,
    "roster_events": 0
  },
  "raw_counts": {
    "markets": 41,
    "orderbook": 188,
    "best_line": 82,
    "trades": 120
  },
  "finished_ts": "2026-08-08T13:35:09.767563+00:00"
}
{
  "cycle_id": "022e3bdf-2911-4880-b11f-d51323f26233",
  "started_ts": "2026-08-08T13:40:02.519606+00:00",
  "league_id": 1384,
  "endpoints_attempted": [
    "/markets/active",
    "/orders",
    "/orders",
    "/orders",
    "/trades",
    "/trades",
    "/trades"
  ],
  "endpoint_failures": [],
  "rows_written": {
    "markets": 3,
    "best_line": 57,
    "orderbook": 95,
    "trades": 120,
    "roster_events": 0
  },
  "rows_deduped": {
    "markets": 40,
    "best_line": 29,
    "orderbook": 89,
    "trades": 0,
    "roster_events": 0
  },
  "raw_counts": {
    "markets": 43,
    "orderbook": 184,
    "best_line": 86,
    "trades": 120
  },
  "finished_ts": "2026-08-08T13:40:08.875890+00:00"
}
{
  "cycle_id": "88861227-470d-4e59-a1d5-37bb3cb90327",
  "started_ts": "2026-08-08T13:45:02.663273+00:00",
  "league_id": 1384,
  "endpoints_attempted": [
    "/markets/active",
    "/orders",
    "/orders",
    "/orders",
    "/trades",
    "/trades",
    "/trades"
  ],
  "endpoint_failures": [],
  "rows_written": {
    "markets": 0,
    "best_line": 56,
    "orderbook": 93,
    "trades": 120,
    "roster_events": 0
  },
  "rows_deduped": {
    "markets": 43,
    "best_line": 30,
    "orderbook": 99,
    "trades": 0,
    "roster_events": 0
  },
  "raw_counts": {
    "markets": 43,
    "orderbook": 192,
    "best_line": 86,
    "trades": 120
  },
  "finished_ts": "2026-08-08T13:45:09.016998+00:00"
}
{
  "cycle_id": "0950dcdb-2023-41e5-8540-feba9e252b20",
  "started_ts": "2026-08-08T13:50:02.558154+00:00",
  "league_id": 1384,
  "endpoints_attempted": [
    "/markets/active",
    "/orders",
    "/orders",
    "/orders",
    "/trades",
    "/trades",
    "/trades"
  ],
  "endpoint_failures": [],
  "rows_written": {
    "markets": 0,
    "best_line": 49,
    "orderbook": 54,
    "trades": 120,
    "roster_events": 0
  },
  "rows_deduped": {
    "markets": 43,
    "best_line": 37,
    "orderbook": 136,
    "trades": 0,
    "roster_events": 0
  },
  "raw_counts": {
    "markets": 43,
    "orderbook": 190,
    "best_line": 86,
    "trades": 120
  },
  "finished_ts": "2026-08-08T13:50:08.933242+00:00"
}
{
  "cycle_id": "4ca4b271-6767-420b-a0aa-acea029ab4a3",
  "started_ts": "2026-08-08T13:55:02.511481+00:00",
  "league_id": 1384,
  "endpoints_attempted": [
    "/markets/active",
    "/orders",
    "/orders",
    "/orders",
    "/trades",
    "/trades",
    "/trades"
  ],
  "endpoint_failures": [],
  "rows_written": {
    "markets": 0,
    "best_line": 54,
    "orderbook": 79,
    "trades": 120,
    "roster_events": 0
  },
  "rows_deduped": {
    "markets": 43,
    "best_line": 32,
    "orderbook": 125,
    "trades": 0,
    "roster_events": 0
  },
  "raw_counts": {
    "markets": 43,
    "orderbook": 204,
    "best_line": 86,
    "trades": 120
  },
  "finished_ts": "2026-08-08T13:55:08.872282+00:00"
}
{
  "cycle_id": "4b244dc9-36c3-4f5a-b2e8-200f57413eda",
  "started_ts": "2026-08-08T14:00:03.960681+00:00",
  "league_id": 1384,
  "endpoints_attempted": [
    "/markets/active",
    "/orders",
    "/orders",
    "/orders",
    "/trades",
    "/trades",
    "/trades"
  ],
  "endpoint_failures": [],
  "rows_written": {
    "markets": 0,
    "best_line": 50,
    "orderbook": 50,
    "trades": 120,
    "roster_events": 0
  },
  "rows_deduped": {
    "markets": 43,
    "best_line": 36,
    "orderbook": 146,
    "trades": 0,
    "roster_events": 0
  },
  "raw_counts": {
    "markets": 43,
    "orderbook": 196,
    "best_line": 86,
    "trades": 120
  },
  "finished_ts": "2026-08-08T14:00:10.789309+00:00"
}
{
  "cycle_id": "2f09dab7-80ab-4e61-8415-525f605abbd6",
  "started_ts": "2026-08-08T14:05:02.286118+00:00",
  "league_id": 1384,
  "endpoints_attempted": [
    "/markets/active",
    "/orders",
    "/orders",
    "/orders",
    "/trades",
    "/trades",
    "/trades"
  ],
  "endpoint_failures": [],
  "rows_written": {
    "markets": 4,
    "best_line": 35,
    "orderbook": 41,
    "trades": 120,
    "roster_events": 0
  },
  "rows_deduped": {
    "markets": 39,
    "best_line": 51,
    "orderbook": 173,
    "trades": 0,
    "roster_events": 0
  },
  "raw_counts": {
    "markets": 43,
    "orderbook": 214,
    "best_line": 86,
    "trades": 120
  },
  "finished_ts": "2026-08-08T14:05:08.643416+00:00"
}
{
  "cycle_id": "17dc3981-a5e3-4919-a627-1da881fd14ad",
  "started_ts": "2026-08-08T14:10:02.525188+00:00",
  "league_id": 1384,
  "endpoints_attempted": [
    "/markets/active",
    "/orders",
    "/orders",
    "/orders",
    "/trades",
    "/trades",
    "/trades"
  ],
  "endpoint_failures": [],
  "rows_written": {
    "markets": 0,
    "best_line": 27,
    "orderbook": 26,
    "trades": 120,
    "roster_events": 0
  },
  "rows_deduped": {
    "markets": 43,
    "best_line": 59,
    "orderbook": 193,
    "trades": 0,
    "roster_events": 0
  },
  "raw_counts": {
    "markets": 43,
    "orderbook": 219,
    "best_line": 86,
    "trades": 120
  },
  "finished_ts": "2026-08-08T14:10:08.886269+00:00"
}
{
  "cycle_id": "391d2c99-0e9f-4571-841a-0ab9ac057240",
  "started_ts": "2026-08-08T14:15:03.331215+00:00",
  "league_id": 1384,
  "endpoints_attempted": [
    "/markets/active",
    "/orders",
    "/orders",
    "/orders",
    "/trades",
    "/trades",
    "/trades"
  ],
  "endpoint_failures": [],
  "rows_written": {
    "markets": 2,
    "best_line": 67,
    "orderbook": 75,
    "trades": 120,
    "roster_events": 0
  },
  "rows_deduped": {
    "markets": 41,
    "best_line": 19,
    "orderbook": 137,
    "trades": 0,
    "roster_events": 0
  },
  "raw_counts": {
    "markets": 43,
    "orderbook": 212,
    "best_line": 86,
    "trades": 120
  },
  "finished_ts": "2026-08-08T14:15:09.709492+00:00"
}
{
  "cycle_id": "a67c6946-66e1-4a63-af38-f3584f5034b2",
  "started_ts": "2026-08-08T14:20:02.208585+00:00",
  "league_id": 1384,
  "endpoints_attempted": [
    "/markets/active",
    "/orders",
    "/orders",
    "/orders",
    "/trades",
    "/trades",
    "/trades"
  ],
  "endpoint_failures": [],
  "rows_written": {
    "markets": 2,
    "best_line": 62,
    "orderbook": 100,
    "trades": 120,
    "roster_events": 0
  },
  "rows_deduped": {
    "markets": 41,
    "best_line": 24,
    "orderbook": 130,
    "trades": 0,
    "roster_events": 0
  },
  "raw_counts": {
    "markets": 43,
    "orderbook": 230,
    "best_line": 86,
    "trades": 120
  },
  "finished_ts": "2026-08-08T14:20:08.585495+00:00"
}
{
  "cycle_id": "b0db87be-5a7d-4b3b-9fe1-2a8b5d9fb347",
  "started_ts": "2026-08-08T14:25:02.581124+00:00",
  "league_id": 1384,
  "endpoints_attempted": [
    "/markets/active",
    "/orders",
    "/orders",
    "/orders",
    "/trades",
    "/trades",
    "/trades"
  ],
  "endpoint_failures": [],
  "rows_written": {
    "markets": 4,
    "best_line": 48,
    "orderbook": 51,
    "trades": 120,
    "roster_events": 0
  },
  "rows_deduped": {
    "markets": 39,
    "best_line": 38,
    "orderbook": 156,
    "trades": 0,
    "roster_events": 0
  },
  "raw_counts": {
    "markets": 43,
    "orderbook": 207,
    "best_line": 86,
    "trades": 120
  },
  "finished_ts": "2026-08-08T14:25:08.935042+00:00"
}
{
  "cycle_id": "47121eef-e869-42b2-a92f-d3cef9310425",
  "started_ts": "2026-08-08T14:30:02.691579+00:00",
  "league_id": 1384,
  "endpoints_attempted": [
    "/markets/active",
    "/orders",
    "/orders",
    "/orders",
    "/trades",
    "/trades",
    "/trades"
  ],
  "endpoint_failures": [],
  "rows_written": {
    "markets": 0,
    "best_line": 70,
    "orderbook": 137,
    "trades": 120,
    "roster_events": 0
  },
  "rows_deduped": {
    "markets": 43,
    "best_line": 16,
    "orderbook": 46,
    "trades": 0,
    "roster_events": 0
  },
  "raw_counts": {
    "markets": 43,
    "orderbook": 183,
    "best_line": 86,
    "trades": 120
  },
  "finished_ts": "2026-08-08T14:30:09.047623+00:00"
}
{
  "cycle_id": "55db6029-23c0-4a46-8dd5-04e4ee3b8ee4",
  "started_ts": "2026-08-08T14:35:02.495177+00:00",
  "league_id": 1384,
  "endpoints_attempted": [
    "/markets/active",
    "/orders",
    "/orders",
    "/orders",
    "/trades",
    "/trades",
    "/trades"
  ],
  "endpoint_failures": [],
  "rows_written": {
    "markets": 2,
    "best_line": 53,
    "orderbook": 74,
    "trades": 120,
    "roster_events": 0
  },
  "rows_deduped": {
    "markets": 41,
    "best_line": 33,
    "orderbook": 121,
    "trades": 0,
    "roster_events": 0
  },
  "raw_counts": {
    "markets": 43,
    "orderbook": 195,
    "best_line": 86,
    "trades": 120
  },
  "finished_ts": "2026-08-08T14:35:08.872287+00:00"
}
{
  "cycle_id": "fbbe9ca8-c454-4747-aa3c-5c4a3428eae5",
  "started_ts": "2026-08-08T14:40:02.506786+00:00",
  "league_id": 1384,
  "endpoints_attempted": [
    "/markets/active",
    "/orders",
    "/orders",
    "/orders",
    "/trades",
    "/trades",
    "/trades"
  ],
  "endpoint_failures": [],
  "rows_written": {
    "markets": 2,
    "best_line": 64,
    "orderbook": 126,
    "trades": 120,
    "roster_events": 0
  },
  "rows_deduped": {
    "markets": 42,
    "best_line": 24,
    "orderbook": 78,
    "trades": 0,
    "roster_events": 0
  },
  "raw_counts": {
    "markets": 44,
    "orderbook": 204,
    "best_line": 88,
    "trades": 120
  },
  "finished_ts": "2026-08-08T14:40:08.869350+00:00"
}
{
  "cycle_id": "7a4f0059-c8eb-4362-88fa-726537bdd6ad",
  "started_ts": "2026-08-08T14:45:02.613368+00:00",
  "league_id": 1384,
  "endpoints_attempted": [
    "/markets/active",
    "/orders",
    "/orders",
    "/orders",
    "/trades",
    "/trades",
    "/trades"
  ],
  "endpoint_failures": [],
  "rows_written": {
    "markets": 0,
    "best_line": 51,
    "orderbook": 77,
    "trades": 120,
    "roster_events": 0
  },
  "rows_deduped": {
    "markets": 44,
    "best_line": 37,
    "orderbook": 138,
    "trades": 0,
    "roster_events": 0
  },
  "raw_counts": {
    "markets": 44,
    "orderbook": 215,
    "best_line": 88,
    "trades": 120
  },
  "finished_ts": "2026-08-08T14:45:08.992069+00:00"
}
{
  "cycle_id": "651fb37e-a5ae-4cd4-a2d3-553410dec249",
  "started_ts": "2026-08-08T14:50:02.524851+00:00",
  "league_id": 1384,
  "endpoints_attempted": [
    "/markets/active",
    "/orders",
    "/orders",
    "/orders",
    "/trades",
    "/trades",
    "/trades"
  ],
  "endpoint_failures": [],
  "rows_written": {
    "markets": 2,
    "best_line": 60,
    "orderbook": 120,
    "trades": 120,
    "roster_events": 0
  },
  "rows_deduped": {
    "markets": 42,
    "best_line": 28,
    "orderbook": 92,
    "trades": 0,
    "roster_events": 0
  },
  "raw_counts": {
    "markets": 44,
    "orderbook": 212,
    "best_line": 88,
    "trades": 120
  },
  "finished_ts": "2026-08-08T14:50:08.895864+00:00"
}
{
  "cycle_id": "0f5830c6-9469-442c-a1d8-7fb06a467e8f",
  "started_ts": "2026-08-08T14:55:02.509267+00:00",
  "league_id": 1384,
  "endpoints_attempted": [
    "/markets/active",
    "/orders",
    "/orders",
    "/orders",
    "/trades",
    "/trades",
    "/trades"
  ],
  "endpoint_failures": [],
  "rows_written": {
    "markets": 0,
    "best_line": 51,
    "orderbook": 71,
    "trades": 120,
    "roster_events": 0
  },
  "rows_deduped": {
    "markets": 44,
    "best_line": 37,
    "orderbook": 156,
    "trades": 0,
    "roster_events": 0
  },
  "raw_counts": {
    "markets": 44,
    "orderbook": 227,
    "best_line": 88,
    "trades": 120
  },
  "finished_ts": "2026-08-08T14:55:08.866564+00:00"
}
{
  "cycle_id": "3da9eb18-848e-4bd6-a603-f83477a73470",
  "started_ts": "2026-08-08T15:00:02.990323+00:00",
  "league_id": 1384,
  "endpoints_attempted": [
    "/markets/active",
    "/orders",
    "/orders",
    "/orders",
    "/trades",
    "/trades",
    "/trades"
  ],
  "endpoint_failures": [],
  "rows_written": {
    "markets": 2,
    "best_line": 52,
    "orderbook": 87,
    "trades": 120,
    "roster_events": 0
  },
  "rows_deduped": {
    "markets": 42,
    "best_line": 36,
    "orderbook": 138,
    "trades": 0,
    "roster_events": 0
  },
  "raw_counts": {
    "markets": 44,
    "orderbook": 225,
    "best_line": 88,
    "trades": 120
  },
  "finished_ts": "2026-08-08T15:00:09.367166+00:00"
}
{
  "cycle_id": "94c9659d-5f33-43b3-a323-f1752ffb9834",
  "started_ts": "2026-08-08T15:05:02.502774+00:00",
  "league_id": 1384,
  "endpoints_attempted": [
    "/markets/active",
    "/orders",
    "/orders",
    "/orders",
    "/trades",
    "/trades",
    "/trades"
  ],
  "endpoint_failures": [],
  "rows_written": {
    "markets": 2,
    "best_line": 67,
    "orderbook": 112,
    "trades": 120,
    "roster_events": 0
  },
  "rows_deduped": {
    "markets": 42,
    "best_line": 21,
    "orderbook": 105,
    "trades": 0,
    "roster_events": 0
  },
  "raw_counts": {
    "markets": 44,
    "orderbook": 217,
    "best_line": 88,
    "trades": 120
  },
  "finished_ts": "2026-08-08T15:05:08.856686+00:00"
}
{
  "cycle_id": "59308ca4-683f-44f1-862a-a0f0dd57193d",
  "started_ts": "2026-08-08T15:10:02.518922+00:00",
  "league_id": 1384,
  "endpoints_attempted": [
    "/markets/active",
    "/orders",
    "/orders",
    "/orders",
    "/trades",
    "/trades",
    "/trades"
  ],
  "endpoint_failures": [],
  "rows_written": {
    "markets": 2,
    "best_line": 61,
    "orderbook": 116,
    "trades": 120,
    "roster_events": 0
  },
  "rows_deduped": {
    "markets": 42,
    "best_line": 27,
    "orderbook": 93,
    "trades": 0,
    "roster_events": 0
  },
  "raw_counts": {
    "markets": 44,
    "orderbook": 209,
    "best_line": 88,
    "trades": 120
  },
  "finished_ts": "2026-08-08T15:10:08.897062+00:00"
}
{
  "cycle_id": "b087ff37-dc00-49d3-af4e-9b9845f4fe2c",
  "started_ts": "2026-08-08T15:15:02.670880+00:00",
  "league_id": 1384,
  "endpoints_attempted": [
    "/markets/active",
    "/orders",
    "/orders",
    "/orders",
    "/trades",
    "/trades",
    "/trades"
  ],
  "endpoint_failures": [],
  "rows_written": {
    "markets": 4,
    "best_line": 65,
    "orderbook": 116,
    "trades": 122,
    "roster_events": 0
  },
  "rows_deduped": {
    "markets": 40,
    "best_line": 23,
    "orderbook": 89,
    "trades": 0,
    "roster_events": 0
  },
  "raw_counts": {
    "markets": 44,
    "orderbook": 205,
    "best_line": 88,
    "trades": 122
  },
  "finished_ts": "2026-08-08T15:15:09.075514+00:00"
}
{
  "cycle_id": "bb484326-e30b-4635-b932-907dabac7518",
  "started_ts": "2026-08-08T15:20:02.519616+00:00",
  "league_id": 1384,
  "endpoints_attempted": [
    "/markets/active",
    "/orders",
    "/orders",
    "/orders",
    "/trades",
    "/trades",
    "/trades"
  ],
  "endpoint_failures": [],
  "rows_written": {
    "markets": 0,
    "best_line": 59,
    "orderbook": 136,
    "trades": 132,
    "roster_events": 0
  },
  "rows_deduped": {
    "markets": 44,
    "best_line": 29,
    "orderbook": 71,
    "trades": 0,
    "roster_events": 0
  },
  "raw_counts": {
    "markets": 44,
    "orderbook": 207,
    "best_line": 88,
    "trades": 132
  },
  "finished_ts": "2026-08-08T15:20:08.910603+00:00"
}
{
  "cycle_id": "6597240a-a351-4bb8-b07e-a75103ed60da",
  "started_ts": "2026-08-08T15:25:02.522066+00:00",
  "league_id": 1384,
  "endpoints_attempted": [
    "/markets/active",
    "/orders",
    "/orders",
    "/orders",
    "/trades",
    "/trades",
    "/trades"
  ],
  "endpoint_failures": [],
  "rows_written": {
    "markets": 0,
    "best_line": 63,
    "orderbook": 97,
    "trades": 144,
    "roster_events": 0
  },
  "rows_deduped": {
    "markets": 44,
    "best_line": 25,
    "orderbook": 108,
    "trades": 0,
    "roster_events": 0
  },
  "raw_counts": {
    "markets": 44,
    "orderbook": 205,
    "best_line": 88,
    "trades": 144
  },
  "finished_ts": "2026-08-08T15:25:08.898185+00:00"
}
{
  "cycle_id": "50d810e7-1835-4f81-8fe2-c178bc41b034",
  "started_ts": "2026-08-08T15:30:02.743838+00:00",
  "league_id": 1384,
  "endpoints_attempted": [
    "/markets/active",
    "/orders",
    "/orders",
    "/orders",
    "/trades",
    "/trades",
    "/trades"
  ],
  "endpoint_failures": [],
  "rows_written": {
    "markets": 0,
    "best_line": 64,
    "orderbook": 142,
    "trades": 150,
    "roster_events": 0
  },
  "rows_deduped": {
    "markets": 44,
    "best_line": 24,
    "orderbook": 64,
    "trades": 0,
    "roster_events": 0
  },
  "raw_counts": {
    "markets": 44,
    "orderbook": 206,
    "best_line": 88,
    "trades": 150
  },
  "finished_ts": "2026-08-08T15:30:09.120251+00:00"
}
{
  "cycle_id": "810ed2e2-f512-4fb4-8e9b-38f7d3927b22",
  "started_ts": "2026-08-08T15:35:02.632633+00:00",
  "league_id": 1384,
  "endpoints_attempted": [
    "/markets/active",
    "/orders",
    "/orders",
    "/orders",
    "/trades",
    "/trades",
    "/trades"
  ],
  "endpoint_failures": [],
  "rows_written": {
    "markets": 0,
    "best_line": 54,
    "orderbook": 71,
    "trades": 150,
    "roster_events": 0
  },
  "rows_deduped": {
    "markets": 44,
    "best_line": 34,
    "orderbook": 137,
    "trades": 0,
    "roster_events": 0
  },
  "raw_counts": {
    "markets": 44,
    "orderbook": 208,
    "best_line": 88,
    "trades": 150
  },
  "finished_ts": "2026-08-08T15:35:08.998544+00:00"
}
{
  "cycle_id": "453d8fe8-e791-4335-b2c6-7fe096f494b7",
  "started_ts": "2026-08-08T15:40:02.780734+00:00",
  "league_id": 1384,
  "endpoints_attempted": [
    "/markets/active",
    "/orders",
    "/orders",
    "/orders",
    "/trades",
    "/trades",
    "/trades"
  ],
  "endpoint_failures": [],
  "rows_written": {
    "markets": 0,
    "best_line": 59,
    "orderbook": 122,
    "trades": 150,
    "roster_events": 0
  },
  "rows_deduped": {
    "markets": 44,
    "best_line": 29,
    "orderbook": 83,
    "trades": 0,
    "roster_events": 0
  },
  "raw_counts": {
    "markets": 44,
    "orderbook": 205,
    "best_line": 88,
    "trades": 150
  },
  "finished_ts": "2026-08-08T15:40:09.137105+00:00"
}
{
  "cycle_id": "de2587a0-a536-4cc8-ad86-a2fd35aaddfb",
  "started_ts": "2026-08-08T15:45:03.012849+00:00",
  "league_id": 1384,
  "endpoints_attempted": [
    "/markets/active",
    "/orders",
    "/orders",
    "/orders",
    "/trades",
    "/trades",
    "/trades"
  ],
  "endpoint_failures": [],
  "rows_written": {
    "markets": 9,
    "best_line": 39,
    "orderbook": 40,
    "trades": 158,
    "roster_events": 0
  },
  "rows_deduped": {
    "markets": 36,
    "best_line": 51,
    "orderbook": 166,
    "trades": 0,
    "roster_events": 0
  },
  "raw_counts": {
    "markets": 45,
    "orderbook": 206,
    "best_line": 90,
    "trades": 158
  },
  "finished_ts": "2026-08-08T15:45:09.370255+00:00"
}
{
  "cycle_id": "b6eb38e8-2e3f-4072-9004-e4c9f787478b",
  "started_ts": "2026-08-08T15:50:02.672594+00:00",
  "league_id": 1384,
  "endpoints_attempted": [
    "/markets/active",
    "/orders",
    "/orders",
    "/orders",
    "/trades",
    "/trades",
    "/trades"
  ],
  "endpoint_failures": [],
  "rows_written": {
    "markets": 6,
    "best_line": 66,
    "orderbook": 176,
    "trades": 166,
    "roster_events": 0
  },
  "rows_deduped": {
    "markets": 39,
    "best_line": 24,
    "orderbook": 66,
    "trades": 0,
    "roster_events": 0
  },
  "raw_counts": {
    "markets": 45,
    "orderbook": 242,
    "best_line": 90,
    "trades": 166
  },
  "finished_ts": "2026-08-08T15:50:09.051502+00:00"
}
{
  "cycle_id": "13820d69-e7ff-487d-9d63-e344972ea290",
  "started_ts": "2026-08-08T15:55:02.680767+00:00",
  "league_id": 1384,
  "endpoints_attempted": [
    "/markets/active",
    "/orders",
    "/orders",
    "/orders",
    "/trades",
    "/trades",
    "/trades"
  ],
  "endpoint_failures": [],
  "rows_written": {
    "markets": 6,
    "best_line": 70,
    "orderbook": 122,
    "trades": 166,
    "roster_events": 0
  },
  "rows_deduped": {
    "markets": 40,
    "best_line": 22,
    "orderbook": 117,
    "trades": 0,
    "roster_events": 0
  },
  "raw_counts": {
    "markets": 46,
    "orderbook": 239,
    "best_line": 92,
    "trades": 166
  },
  "finished_ts": "2026-08-08T15:55:09.059386+00:00"
}
{
  "cycle_id": "ff4ed52a-f575-4886-aada-95ce77f126ca",
  "started_ts": "2026-08-08T16:00:03.133887+00:00",
  "league_id": 1384,
  "endpoints_attempted": [
    "/markets/active"
  ],
  "endpoint_failures": [
    {
      "endpoint": "/markets/active",
      "error": "ConnectionError: HTTPSConnectionPool(host='api.sx.bet', port=443): Max retries exceeded with url: /markets/active?leagueId=1384 (Caused by NameResolutionError(\"HTTPSConnection(host='api.sx.bet', port=443): Failed to resolve 'api.sx.bet' ([Errno 11001] getaddrinfo failed)\"))"
    }
  ],
  "rows_written": {
    "markets": 0,
    "best_line": 0,
    "orderbook": 0,
    "trades": 0,
    "roster_events": 0
  },
  "rows_deduped": {
    "markets": 0,
    "best_line": 0,
    "orderbook": 0,
    "trades": 0,
    "roster_events": 0
  },
  "raw_counts": {
    "markets": 0,
    "orderbook": 0,
    "best_line": 0,
    "trades": 0
  },
  "finished_ts": "2026-08-08T16:00:03.141525+00:00"
}
{
  "cycle_id": "d471e7df-0a45-4c53-b8b1-7361e65abd23",
  "started_ts": "2026-08-08T16:05:02.444598+00:00",
  "league_id": 1384,
  "endpoints_attempted": [
    "/markets/active"
  ],
  "endpoint_failures": [
    {
      "endpoint": "/markets/active",
      "error": "ConnectionError: HTTPSConnectionPool(host='api.sx.bet', port=443): Max retries exceeded with url: /markets/active?leagueId=1384 (Caused by NameResolutionError(\"HTTPSConnection(host='api.sx.bet', port=443): Failed to resolve 'api.sx.bet' ([Errno 11001] getaddrinfo failed)\"))"
    }
  ],
  "rows_written": {
    "markets": 0,
    "best_line": 0,
    "orderbook": 0,
    "trades": 0,
    "roster_events": 0
  },
  "rows_deduped": {
    "markets": 0,
    "best_line": 0,
    "orderbook": 0,
    "trades": 0,
    "roster_events": 0
  },
  "raw_counts": {
    "markets": 0,
    "orderbook": 0,
    "best_line": 0,
    "trades": 0
  },
  "finished_ts": "2026-08-08T16:05:02.450880+00:00"
}
{
  "cycle_id": "9c79509d-f5af-4be2-b6ab-429f97ecb669",
  "started_ts": "2026-08-08T16:10:02.183041+00:00",
  "league_id": 1384,
  "endpoints_attempted": [
    "/markets/active"
  ],
  "endpoint_failures": [
    {
      "endpoint": "/markets/active",
      "error": "ConnectionError: HTTPSConnectionPool(host='api.sx.bet', port=443): Max retries exceeded with url: /markets/active?leagueId=1384 (Caused by NameResolutionError(\"HTTPSConnection(host='api.sx.bet', port=443): Failed to resolve 'api.sx.bet' ([Errno 11001] getaddrinfo failed)\"))"
    }
  ],
  "rows_written": {
    "markets": 0,
    "best_line": 0,
    "orderbook": 0,
    "trades": 0,
    "roster_events": 0
  },
  "rows_deduped": {
    "markets": 0,
    "best_line": 0,
    "orderbook": 0,
    "trades": 0,
    "roster_events": 0
  },
  "raw_counts": {
    "markets": 0,
    "orderbook": 0,
    "best_line": 0,
    "trades": 0
  },
  "finished_ts": "2026-08-08T16:10:02.189770+00:00"
}
{
  "cycle_id": "65b6aefe-569e-4ffb-a702-6479eb3a8a94",
  "started_ts": "2026-08-08T16:15:02.686780+00:00",
  "league_id": 1384,
  "endpoints_attempted": [
    "/markets/active",
    "/orders",
    "/orders",
    "/orders",
    "/trades",
    "/trades",
    "/trades"
  ],
  "endpoint_failures": [],
  "rows_written": {
    "markets": 9,
    "best_line": 74,
    "orderbook": 222,
    "trades": 184,
    "roster_events": 0
  },
  "rows_deduped": {
    "markets": 38,
    "best_line": 20,
    "orderbook": 19,
    "trades": 0,
    "roster_events": 0
  },
  "raw_counts": {
    "markets": 47,
    "orderbook": 241,
    "best_line": 94,
    "trades": 184
  },
  "finished_ts": "2026-08-08T16:15:09.050516+00:00"
}
{
  "cycle_id": "67d3241b-905d-4448-95d0-ff4957916512",
  "started_ts": "2026-08-08T16:20:02.545644+00:00",
  "league_id": 1384,
  "endpoints_attempted": [
    "/markets/active",
    "/orders",
    "/orders",
    "/orders",
    "/trades",
    "/trades",
    "/trades"
  ],
  "endpoint_failures": [],
  "rows_written": {
    "markets": 2,
    "best_line": 68,
    "orderbook": 142,
    "trades": 184,
    "roster_events": 0
  },
  "rows_deduped": {
    "markets": 45,
    "best_line": 26,
    "orderbook": 101,
    "trades": 0,
    "roster_events": 0
  },
  "raw_counts": {
    "markets": 47,
    "orderbook": 243,
    "best_line": 94,
    "trades": 184
  },
  "finished_ts": "2026-08-08T16:20:08.929896+00:00"
}
{
  "cycle_id": "0f44b868-02b3-47fb-bdfb-7ce5f69fa02c",
  "started_ts": "2026-08-08T16:25:02.686776+00:00",
  "league_id": 1384,
  "endpoints_attempted": [
    "/markets/active",
    "/orders",
    "/orders",
    "/orders",
    "/trades",
    "/trades",
    "/trades"
  ],
  "endpoint_failures": [],
  "rows_written": {
    "markets": 0,
    "best_line": 43,
    "orderbook": 60,
    "trades": 186,
    "roster_events": 0
  },
  "rows_deduped": {
    "markets": 47,
    "best_line": 51,
    "orderbook": 184,
    "trades": 0,
    "roster_events": 0
  },
  "raw_counts": {
    "markets": 47,
    "orderbook": 244,
    "best_line": 94,
    "trades": 186
  },
  "finished_ts": "2026-08-08T16:25:09.053904+00:00"
}
{
  "cycle_id": "bd2091e9-f9de-4ca1-be19-50224906d2c5",
  "started_ts": "2026-08-08T16:30:02.845911+00:00",
  "league_id": 1384,
  "endpoints_attempted": [
    "/markets/active",
    "/orders",
    "/orders",
    "/orders",
    "/trades",
    "/trades",
    "/trades"
  ],
  "endpoint_failures": [],
  "rows_written": {
    "markets": 0,
    "best_line": 69,
    "orderbook": 120,
    "trades": 188,
    "roster_events": 0
  },
  "rows_deduped": {
    "markets": 47,
    "best_line": 25,
    "orderbook": 127,
    "trades": 0,
    "roster_events": 0
  },
  "raw_counts": {
    "markets": 47,
    "orderbook": 247,
    "best_line": 94,
    "trades": 188
  },
  "finished_ts": "2026-08-08T16:30:09.228780+00:00"
}
{
  "cycle_id": "5082a07a-07f3-42e2-8222-f3589cd25bd1",
  "started_ts": "2026-08-08T16:35:02.616043+00:00",
  "league_id": 1384,
  "endpoints_attempted": [
    "/markets/active",
    "/orders",
    "/orders",
    "/orders",
    "/trades",
    "/trades",
    "/trades"
  ],
  "endpoint_failures": [],
  "rows_written": {
    "markets": 0,
    "best_line": 57,
    "orderbook": 77,
    "trades": 196,
    "roster_events": 0
  },
  "rows_deduped": {
    "markets": 47,
    "best_line": 37,
    "orderbook": 169,
    "trades": 0,
    "roster_events": 0
  },
  "raw_counts": {
    "markets": 47,
    "orderbook": 246,
    "best_line": 94,
    "trades": 196
  },
  "finished_ts": "2026-08-08T16:35:09.014239+00:00"
}
{
  "cycle_id": "8a35265c-0e6a-4702-963f-fdf72a1651a2",
  "started_ts": "2026-08-08T16:40:02.661749+00:00",
  "league_id": 1384,
  "endpoints_attempted": [
    "/markets/active",
    "/orders",
    "/orders",
    "/orders",
    "/trades",
    "/trades",
    "/trades"
  ],
  "endpoint_failures": [],
  "rows_written": {
    "markets": 2,
    "best_line": 61,
    "orderbook": 113,
    "trades": 202,
    "roster_events": 0
  },
  "rows_deduped": {
    "markets": 46,
    "best_line": 35,
    "orderbook": 144,
    "trades": 0,
    "roster_events": 0
  },
  "raw_counts": {
    "markets": 48,
    "orderbook": 257,
    "best_line": 96,
    "trades": 202
  },
  "finished_ts": "2026-08-08T16:40:09.063894+00:00"
}
{
  "cycle_id": "445f3a04-7f7a-4ceb-b803-3c708cb94c15",
  "started_ts": "2026-08-08T16:45:02.633039+00:00",
  "league_id": 1384,
  "endpoints_attempted": [
    "/markets/active",
    "/orders",
    "/orders",
    "/orders",
    "/trades",
    "/trades",
    "/trades"
  ],
  "endpoint_failures": [],
  "rows_written": {
    "markets": 2,
    "best_line": 55,
    "orderbook": 67,
    "trades": 202,
    "roster_events": 0
  },
  "rows_deduped": {
    "markets": 46,
    "best_line": 41,
    "orderbook": 193,
    "trades": 0,
    "roster_events": 0
  },
  "raw_counts": {
    "markets": 48,
    "orderbook": 260,
    "best_line": 96,
    "trades": 202
  },
  "finished_ts": "2026-08-08T16:45:09.001170+00:00"
}
{
  "cycle_id": "5b362b31-a8e7-4217-bd21-e0c450d405e8",
  "started_ts": "2026-08-08T16:50:02.539134+00:00",
  "league_id": 1384,
  "endpoints_attempted": [
    "/markets/active",
    "/orders",
    "/orders",
    "/orders",
    "/trades",
    "/trades",
    "/trades"
  ],
  "endpoint_failures": [],
  "rows_written": {
    "markets": 6,
    "best_line": 71,
    "orderbook": 145,
    "trades": 206,
    "roster_events": 0
  },
  "rows_deduped": {
    "markets": 43,
    "best_line": 27,
    "orderbook": 113,
    "trades": 0,
    "roster_events": 0
  },
  "raw_counts": {
    "markets": 49,
    "orderbook": 258,
    "best_line": 98,
    "trades": 206
  },
  "finished_ts": "2026-08-08T16:50:08.911907+00:00"
}
{
  "cycle_id": "58633ce2-5f6f-4b2b-a7a4-7ac22dfc76e8",
  "started_ts": "2026-08-08T16:55:02.518081+00:00",
  "league_id": 1384,
  "endpoints_attempted": [
    "/markets/active",
    "/orders",
    "/orders",
    "/orders",
    "/trades",
    "/trades",
    "/trades"
  ],
  "endpoint_failures": [],
  "rows_written": {
    "markets": 2,
    "best_line": 58,
    "orderbook": 89,
    "trades": 206,
    "roster_events": 0
  },
  "rows_deduped": {
    "markets": 47,
    "best_line": 40,
    "orderbook": 167,
    "trades": 0,
    "roster_events": 0
  },
  "raw_counts": {
    "markets": 49,
    "orderbook": 256,
    "best_line": 98,
    "trades": 206
  },
  "finished_ts": "2026-08-08T16:55:08.898786+00:00"
}
{
  "cycle_id": "0e12d300-9464-4e55-abc9-ff36c54a3fdd",
  "started_ts": "2026-08-08T17:00:03.049180+00:00",
  "league_id": 1384,
  "endpoints_attempted": [
    "/markets/active",
    "/orders",
    "/orders",
    "/orders",
    "/trades",
    "/trades",
    "/trades"
  ],
  "endpoint_failures": [],
  "rows_written": {
    "markets": 0,
    "best_line": 62,
    "orderbook": 139,
    "trades": 206,
    "roster_events": 0
  },
  "rows_deduped": {
    "markets": 49,
    "best_line": 36,
    "orderbook": 111,
    "trades": 0,
    "roster_events": 0
  },
  "raw_counts": {
    "markets": 49,
    "orderbook": 250,
    "best_line": 98,
    "trades": 206
  },
  "finished_ts": "2026-08-08T17:00:09.430034+00:00"
}
{
  "cycle_id": "8a987e59-27ea-40f2-a43d-542d21665b17",
  "started_ts": "2026-08-08T17:05:02.532782+00:00",
  "league_id": 1384,
  "endpoints_attempted": [
    "/markets/active",
    "/orders",
    "/orders",
    "/orders",
    "/trades",
    "/trades",
    "/trades"
  ],
  "endpoint_failures": [],
  "rows_written": {
    "markets": 4,
    "best_line": 60,
    "orderbook": 58,
    "trades": 206,
    "roster_events": 0
  },
  "rows_deduped": {
    "markets": 47,
    "best_line": 42,
    "orderbook": 160,
    "trades": 0,
    "roster_events": 0
  },
  "raw_counts": {
    "markets": 51,
    "orderbook": 218,
    "best_line": 102,
    "trades": 206
  },
  "finished_ts": "2026-08-08T17:05:08.894272+00:00"
}
{
  "cycle_id": "4ba21c52-f3bd-4a0b-a893-4c7b45214b43",
  "started_ts": "2026-08-08T17:10:02.730260+00:00",
  "league_id": 1384,
  "endpoints_attempted": [
    "/markets/active",
    "/orders",
    "/orders",
    "/orders",
    "/orders",
    "/trades",
    "/trades",
    "/trades",
    "/trades"
  ],
  "endpoint_failures": [],
  "rows_written": {
    "markets": 12,
    "best_line": 81,
    "orderbook": 141,
    "trades": 210,
    "roster_events": 0
  },
  "rows_deduped": {
    "markets": 50,
    "best_line": 43,
    "orderbook": 75,
    "trades": 0,
    "roster_events": 0
  },
  "raw_counts": {
    "markets": 62,
    "orderbook": 216,
    "best_line": 124,
    "trades": 210
  },
  "finished_ts": "2026-08-08T17:10:11.222577+00:00"
}
{
  "cycle_id": "172e3d2b-974e-46ee-9417-85ae6da79963",
  "started_ts": "2026-08-08T17:15:02.763294+00:00",
  "league_id": 1384,
  "endpoints_attempted": [
    "/markets/active",
    "/orders",
    "/orders",
    "/orders",
    "/orders",
    "/trades",
    "/trades",
    "/trades",
    "/trades"
  ],
  "endpoint_failures": [],
  "rows_written": {
    "markets": 8,
    "best_line": 82,
    "orderbook": 121,
    "trades": 210,
    "roster_events": 0
  },
  "rows_deduped": {
    "markets": 55,
    "best_line": 44,
    "orderbook": 137,
    "trades": 0,
    "roster_events": 0
  },
  "raw_counts": {
    "markets": 63,
    "orderbook": 258,
    "best_line": 126,
    "trades": 210
  },
  "finished_ts": "2026-08-08T17:15:11.237405+00:00"
}
{
  "cycle_id": "5d9a3890-0302-4f3c-8da2-2e2c6a2b9fd1",
  "started_ts": "2026-08-08T17:20:02.688960+00:00",
  "league_id": 1384,
  "endpoints_attempted": [
    "/markets/active",
    "/orders",
    "/orders",
    "/orders",
    "/orders",
    "/trades",
    "/trades",
    "/trades",
    "/trades"
  ],
  "endpoint_failures": [],
  "rows_written": {
    "markets": 4,
    "best_line": 78,
    "orderbook": 124,
    "trades": 214,
    "roster_events": 0
  },
  "rows_deduped": {
    "markets": 61,
    "best_line": 52,
    "orderbook": 116,
    "trades": 0,
    "roster_events": 0
  },
  "raw_counts": {
    "markets": 65,
    "orderbook": 240,
    "best_line": 130,
    "trades": 214
  },
  "finished_ts": "2026-08-08T17:20:11.163645+00:00"
}
{
  "cycle_id": "7e1b68f8-b93a-4d16-a9bb-2c08ccdfe0e6",
  "started_ts": "2026-08-08T17:25:02.540400+00:00",
  "league_id": 1384,
  "endpoints_attempted": [
    "/markets/active",
    "/orders",
    "/orders",
    "/orders",
    "/orders",
    "/trades",
    "/trades",
    "/trades",
    "/trades"
  ],
  "endpoint_failures": [],
  "rows_written": {
    "markets": 5,
    "best_line": 77,
    "orderbook": 108,
    "trades": 214,
    "roster_events": 0
  },
  "rows_deduped": {
    "markets": 61,
    "best_line": 55,
    "orderbook": 159,
    "trades": 0,
    "roster_events": 0
  },
  "raw_counts": {
    "markets": 66,
    "orderbook": 267,
    "best_line": 132,
    "trades": 214
  },
  "finished_ts": "2026-08-08T17:25:11.015500+00:00"
}
{
  "cycle_id": "e80404f9-f8cb-439a-a15c-be890a290c18",
  "started_ts": "2026-08-08T17:30:02.856859+00:00",
  "league_id": 1384,
  "endpoints_attempted": [
    "/markets/active",
    "/orders",
    "/orders",
    "/orders",
    "/orders",
    "/trades",
    "/trades",
    "/trades",
    "/trades"
  ],
  "endpoint_failures": [],
  "rows_written": {
    "markets": 2,
    "best_line": 70,
    "orderbook": 81,
    "trades": 216,
    "roster_events": 0
  },
  "rows_deduped": {
    "markets": 64,
    "best_line": 62,
    "orderbook": 135,
    "trades": 0,
    "roster_events": 0
  },
  "raw_counts": {
    "markets": 66,
    "orderbook": 216,
    "best_line": 132,
    "trades": 216
  },
  "finished_ts": "2026-08-08T17:30:11.312274+00:00"
}
{
  "cycle_id": "2dc32e13-469c-48c4-a92e-30bb0a531258",
  "started_ts": "2026-08-08T17:35:02.544868+00:00",
  "league_id": 1384,
  "endpoints_attempted": [
    "/markets/active",
    "/orders",
    "/orders",
    "/orders",
    "/orders",
    "/trades",
    "/trades",
    "/trades",
    "/trades"
  ],
  "endpoint_failures": [],
  "rows_written": {
    "markets": 4,
    "best_line": 66,
    "orderbook": 91,
    "trades": 216,
    "roster_events": 0
  },
  "rows_deduped": {
    "markets": 62,
    "best_line": 66,
    "orderbook": 176,
    "trades": 0,
    "roster_events": 0
  },
  "raw_counts": {
    "markets": 66,
    "orderbook": 267,
    "best_line": 132,
    "trades": 216
  },
  "finished_ts": "2026-08-08T17:35:11.028215+00:00"
}
{
  "cycle_id": "70055e70-541d-4d46-9904-95a7632751a3",
  "started_ts": "2026-08-08T17:40:02.930430+00:00",
  "league_id": 1384,
  "endpoints_attempted": [
    "/markets/active",
    "/orders",
    "/orders",
    "/orders",
    "/orders",
    "/trades",
    "/trades",
    "/trades",
    "/trades"
  ],
  "endpoint_failures": [],
  "rows_written": {
    "markets": 4,
    "best_line": 77,
    "orderbook": 140,
    "trades": 216,
    "roster_events": 0
  },
  "rows_deduped": {
    "markets": 62,
    "best_line": 55,
    "orderbook": 109,
    "trades": 0,
    "roster_events": 0
  },
  "raw_counts": {
    "markets": 66,
    "orderbook": 249,
    "best_line": 132,
    "trades": 216
  },
  "finished_ts": "2026-08-08T17:40:11.409087+00:00"
}
{
  "cycle_id": "2ad6fb6b-f640-42a3-a9ec-1a390da40e66",
  "started_ts": "2026-08-08T17:45:02.926032+00:00",
  "league_id": 1384,
  "endpoints_attempted": [
    "/markets/active",
    "/orders",
    "/orders",
    "/orders",
    "/orders",
    "/trades",
    "/trades",
    "/trades",
    "/trades"
  ],
  "endpoint_failures": [],
  "rows_written": {
    "markets": 7,
    "best_line": 69,
    "orderbook": 77,
    "trades": 230,
    "roster_events": 0
  },
  "rows_deduped": {
    "markets": 60,
    "best_line": 65,
    "orderbook": 156,
    "trades": 0,
    "roster_events": 0
  },
  "raw_counts": {
    "markets": 67,
    "orderbook": 233,
    "best_line": 134,
    "trades": 230
  },
  "finished_ts": "2026-08-08T17:45:11.389232+00:00"
}
{
  "cycle_id": "8eace2fd-d71e-415c-b700-69f1739e96e4",
  "started_ts": "2026-08-08T17:50:02.597234+00:00",
  "league_id": 1384,
  "endpoints_attempted": [
    "/markets/active",
    "/orders",
    "/orders",
    "/orders",
    "/orders",
    "/trades",
    "/trades",
    "/trades",
    "/trades"
  ],
  "endpoint_failures": [],
  "rows_written": {
    "markets": 4,
    "best_line": 74,
    "orderbook": 144,
    "trades": 234,
    "roster_events": 0
  },
  "rows_deduped": {
    "markets": 63,
    "best_line": 60,
    "orderbook": 94,
    "trades": 0,
    "roster_events": 0
  },
  "raw_counts": {
    "markets": 67,
    "orderbook": 238,
    "best_line": 134,
    "trades": 234
  },
  "finished_ts": "2026-08-08T17:50:11.062292+00:00"
}
{
  "cycle_id": "06f07ac0-8637-4d54-b3e6-531b1c49ecad",
  "started_ts": "2026-08-08T17:55:02.559812+00:00",
  "league_id": 1384,
  "endpoints_attempted": [
    "/markets/active",
    "/orders",
    "/orders",
    "/orders",
    "/orders",
    "/trades",
    "/trades",
    "/trades",
    "/trades"
  ],
  "endpoint_failures": [],
  "rows_written": {
    "markets": 4,
    "best_line": 86,
    "orderbook": 136,
    "trades": 236,
    "roster_events": 0
  },
  "rows_deduped": {
    "markets": 63,
    "best_line": 48,
    "orderbook": 143,
    "trades": 0,
    "roster_events": 0
  },
  "raw_counts": {
    "markets": 67,
    "orderbook": 279,
    "best_line": 134,
    "trades": 236
  },
  "finished_ts": "2026-08-08T17:55:11.022442+00:00"
}
{
  "cycle_id": "ffc687f5-7135-4b57-b6f4-d7419276ec92",
  "started_ts": "2026-08-08T18:00:03.133466+00:00",
  "league_id": 1384,
  "endpoints_attempted": [
    "/markets/active",
    "/orders",
    "/orders",
    "/orders",
    "/orders",
    "/trades",
    "/trades",
    "/trades",
    "/trades"
  ],
  "endpoint_failures": [],
  "rows_written": {
    "markets": 2,
    "best_line": 91,
    "orderbook": 178,
    "trades": 248,
    "roster_events": 0
  },
  "rows_deduped": {
    "markets": 65,
    "best_line": 43,
    "orderbook": 105,
    "trades": 0,
    "roster_events": 0
  },
  "raw_counts": {
    "markets": 67,
    "orderbook": 283,
    "best_line": 134,
    "trades": 248
  },
  "finished_ts": "2026-08-08T18:00:11.605878+00:00"
}
{
  "cycle_id": "c28fc625-e869-482b-a53f-678d4abe415c",
  "started_ts": "2026-08-08T18:05:02.689790+00:00",
  "league_id": 1384,
  "endpoints_attempted": [
    "/markets/active",
    "/orders",
    "/orders",
    "/orders",
    "/orders",
    "/trades",
    "/trades",
    "/trades",
    "/trades"
  ],
  "endpoint_failures": [],
  "rows_written": {
    "markets": 2,
    "best_line": 77,
    "orderbook": 146,
    "trades": 248,
    "roster_events": 0
  },
  "rows_deduped": {
    "markets": 65,
    "best_line": 57,
    "orderbook": 159,
    "trades": 0,
    "roster_events": 0
  },
  "raw_counts": {
    "markets": 67,
    "orderbook": 305,
    "best_line": 134,
    "trades": 248
  },
  "finished_ts": "2026-08-08T18:05:11.177019+00:00"
}
{
  "cycle_id": "54e6edc2-a667-4c9a-a6aa-6f0008dba2f2",
  "started_ts": "2026-08-08T18:10:03.194124+00:00",
  "league_id": 1384,
  "endpoints_attempted": [
    "/markets/active",
    "/orders",
    "/orders",
    "/orders",
    "/orders",
    "/trades",
    "/trades",
    "/trades",
    "/trades"
  ],
  "endpoint_failures": [],
  "rows_written": {
    "markets": 4,
    "best_line": 92,
    "orderbook": 144,
    "trades": 248,
    "roster_events": 0
  },
  "rows_deduped": {
    "markets": 63,
    "best_line": 42,
    "orderbook": 87,
    "trades": 0,
    "roster_events": 0
  },
  "raw_counts": {
    "markets": 67,
    "orderbook": 231,
    "best_line": 134,
    "trades": 248
  },
  "finished_ts": "2026-08-08T18:10:11.666149+00:00"
}
{
  "cycle_id": "a783c83a-ae33-45f0-8523-baece40206e3",
  "started_ts": "2026-08-08T18:15:03.211227+00:00",
  "league_id": 1384,
  "endpoints_attempted": [
    "/markets/active",
    "/orders",
    "/orders",
    "/orders",
    "/orders",
    "/trades",
    "/trades",
    "/trades",
    "/trades"
  ],
  "endpoint_failures": [],
  "rows_written": {
    "markets": 5,
    "best_line": 66,
    "orderbook": 63,
    "trades": 248,
    "roster_events": 0
  },
  "rows_deduped": {
    "markets": 63,
    "best_line": 70,
    "orderbook": 166,
    "trades": 0,
    "roster_events": 0
  },
  "raw_counts": {
    "markets": 68,
    "orderbook": 229,
    "best_line": 136,
    "trades": 248
  },
  "finished_ts": "2026-08-08T18:15:11.681753+00:00"
}
{
  "cycle_id": "dcda1c60-e5cc-4c4e-ac02-9ffdeaa3d4bf",
  "started_ts": "2026-08-08T18:20:04.513939+00:00",
  "league_id": 1384,
  "endpoints_attempted": [
    "/markets/active",
    "/orders",
    "/orders",
    "/orders",
    "/orders",
    "/trades",
    "/trades",
    "/trades",
    "/trades"
  ],
  "endpoint_failures": [],
  "rows_written": {
    "markets": 4,
    "best_line": 89,
    "orderbook": 158,
    "trades": 252,
    "roster_events": 0
  },
  "rows_deduped": {
    "markets": 64,
    "best_line": 47,
    "orderbook": 119,
    "trades": 0,
    "roster_events": 0
  },
  "raw_counts": {
    "markets": 68,
    "orderbook": 277,
    "best_line": 136,
    "trades": 252
  },
  "finished_ts": "2026-08-08T18:20:13.009297+00:00"
}
{
  "cycle_id": "0fbfde71-8560-4c63-a8e5-115111422963",
  "started_ts": "2026-08-08T18:25:02.618087+00:00",
  "league_id": 1384,
  "endpoints_attempted": [
    "/markets/active",
    "/orders",
    "/orders",
    "/orders",
    "/orders",
    "/trades",
    "/trades",
    "/trades",
    "/trades"
  ],
  "endpoint_failures": [],
  "rows_written": {
    "markets": 4,
    "best_line": 88,
    "orderbook": 86,
    "trades": 256,
    "roster_events": 0
  },
  "rows_deduped": {
    "markets": 67,
    "best_line": 54,
    "orderbook": 157,
    "trades": 0,
    "roster_events": 0
  },
  "raw_counts": {
    "markets": 71,
    "orderbook": 243,
    "best_line": 142,
    "trades": 256
  },
  "finished_ts": "2026-08-08T18:25:11.107256+00:00"
}
{
  "cycle_id": "86f5592a-9a75-45ce-a88b-55fa66f9d696",
  "started_ts": "2026-08-08T18:30:04.558679+00:00",
  "league_id": 1384,
  "endpoints_attempted": [
    "/markets/active",
    "/orders",
    "/orders",
    "/orders",
    "/orders",
    "/trades",
    "/trades",
    "/trades",
    "/trades"
  ],
  "endpoint_failures": [],
  "rows_written": {
    "markets": 5,
    "best_line": 71,
    "orderbook": 103,
    "trades": 256,
    "roster_events": 0
  },
  "rows_deduped": {
    "markets": 67,
    "best_line": 73,
    "orderbook": 138,
    "trades": 0,
    "roster_events": 0
  },
  "raw_counts": {
    "markets": 72,
    "orderbook": 241,
    "best_line": 144,
    "trades": 256
  },
  "finished_ts": "2026-08-08T18:30:13.108094+00:00"
}
{
  "cycle_id": "64050049-7f08-4f42-b6bc-d69b26c09639",
  "started_ts": "2026-08-08T18:35:03.154917+00:00",
  "league_id": 1384,
  "endpoints_attempted": [
    "/markets/active",
    "/orders",
    "/orders",
    "/orders",
    "/orders",
    "/trades",
    "/trades",
    "/trades",
    "/trades"
  ],
  "endpoint_failures": [],
  "rows_written": {
    "markets": 5,
    "best_line": 103,
    "orderbook": 181,
    "trades": 264,
    "roster_events": 0
  },
  "rows_deduped": {
    "markets": 68,
    "best_line": 43,
    "orderbook": 125,
    "trades": 0,
    "roster_events": 0
  },
  "raw_counts": {
    "markets": 73,
    "orderbook": 306,
    "best_line": 146,
    "trades": 264
  },
  "finished_ts": "2026-08-08T18:35:11.618390+00:00"
}
{
  "cycle_id": "f852a932-132e-43ed-b759-7e6c638da3f0",
  "started_ts": "2026-08-08T18:40:03.449620+00:00",
  "league_id": 1384,
  "endpoints_attempted": [
    "/markets/active",
    "/orders",
    "/orders",
    "/orders",
    "/orders",
    "/trades",
    "/trades",
    "/trades",
    "/trades"
  ],
  "endpoint_failures": [],
  "rows_written": {
    "markets": 1,
    "best_line": 96,
    "orderbook": 127,
    "trades": 264,
    "roster_events": 0
  },
  "rows_deduped": {
    "markets": 73,
    "best_line": 52,
    "orderbook": 95,
    "trades": 0,
    "roster_events": 0
  },
  "raw_counts": {
    "markets": 74,
    "orderbook": 222,
    "best_line": 148,
    "trades": 264
  },
  "finished_ts": "2026-08-08T18:40:11.977268+00:00"
}
{
  "cycle_id": "5cb72c6b-21fe-4058-a2fb-e31e313a3430",
  "started_ts": "2026-08-08T18:45:34.427735+00:00",
  "league_id": 1384,
  "endpoints_attempted": [
    "/markets/active",
    "/orders",
    "/orders",
    "/orders",
    "/orders",
    "/trades",
    "/trades",
    "/trades",
    "/trades"
  ],
  "endpoint_failures": [],
  "rows_written": {
    "markets": 4,
    "best_line": 58,
    "orderbook": 110,
    "trades": 274,
    "roster_events": 0
  },
  "rows_deduped": {
    "markets": 70,
    "best_line": 90,
    "orderbook": 123,
    "trades": 0,
    "roster_events": 0
  },
  "raw_counts": {
    "markets": 74,
    "orderbook": 233,
    "best_line": 148,
    "trades": 274
  },
  "finished_ts": "2026-08-08T18:45:56.266800+00:00"
}
{
  "cycle_id": "4d79eade-ddbf-48b3-90c2-7fb3a917699e",
  "started_ts": "2026-08-08T18:50:04.944305+00:00",
  "league_id": 1384,
  "endpoints_attempted": [
    "/markets/active",
    "/orders",
    "/orders",
    "/orders",
    "/orders",
    "/trades",
    "/trades",
    "/trades",
    "/trades"
  ],
  "endpoint_failures": [],
  "rows_written": {
    "markets": 4,
    "best_line": 61,
    "orderbook": 103,
    "trades": 274,
    "roster_events": 0
  },
  "rows_deduped": {
    "markets": 70,
    "best_line": 87,
    "orderbook": 135,
    "trades": 0,
    "roster_events": 0
  },
  "raw_counts": {
    "markets": 74,
    "orderbook": 238,
    "best_line": 148,
    "trades": 274
  },
  "finished_ts": "2026-08-08T18:50:13.526139+00:00"
}
{
  "cycle_id": "5ad13d56-9dbf-44fe-a392-d3bfed349b37",
  "started_ts": "2026-08-08T19:00:48.362797+00:00",
  "league_id": 1384,
  "endpoints_attempted": [
    "/markets/active"
  ],
  "endpoint_failures": [
    {
      "endpoint": "/markets/active",
      "error": "SSLError: HTTPSConnectionPool(host='api.sx.bet', port=443): Max retries exceeded with url: /markets/active?leagueId=1384 (Caused by SSLError(SSLEOFError(8, '[SSL: UNEXPECTED_EOF_WHILE_READING] EOF occurred in violation of protocol (_ssl.c:1032)')))"
    }
  ],
  "rows_written": {
    "markets": 0,
    "best_line": 0,
    "orderbook": 0,
    "trades": 0,
    "roster_events": 0
  },
  "rows_deduped": {
    "markets": 0,
    "best_line": 0,
    "orderbook": 0,
    "trades": 0,
    "roster_events": 0
  },
  "raw_counts": {
    "markets": 0,
    "orderbook": 0,
    "best_line": 0,
    "trades": 0
  },
  "finished_ts": "2026-08-08T19:01:34.699289+00:00"
}
{
  "cycle_id": "a49d6abf-281b-40a7-beb5-b313c9e8fc5f",
  "started_ts": "2026-08-08T19:05:32.834206+00:00",
  "league_id": 1384,
  "endpoints_attempted": [
    "/markets/active"
  ],
  "endpoint_failures": [
    {
      "endpoint": "/markets/active",
      "error": "SSLError: HTTPSConnectionPool(host='api.sx.bet', port=443): Max retries exceeded with url: /markets/active?leagueId=1384 (Caused by SSLError(SSLEOFError(8, '[SSL: UNEXPECTED_EOF_WHILE_READING] EOF occurred in violation of protocol (_ssl.c:1032)')))"
    }
  ],
  "rows_written": {
    "markets": 0,
    "best_line": 0,
    "orderbook": 0,
    "trades": 0,
    "roster_events": 0
  },
  "rows_deduped": {
    "markets": 0,
    "best_line": 0,
    "orderbook": 0,
    "trades": 0,
    "roster_events": 0
  },
  "raw_counts": {
    "markets": 0,
    "orderbook": 0,
    "best_line": 0,
    "trades": 0
  },
  "finished_ts": "2026-08-08T19:05:55.852834+00:00"
}
{
  "cycle_id": "8a4c1ffa-302a-42f1-b50c-29806ada25e5",
  "started_ts": "2026-08-08T19:10:34.394218+00:00",
  "league_id": 1384,
  "endpoints_attempted": [
    "/markets/active",
    "/orders",
    "/orders",
    "/trades",
    "/trades"
  ],
  "endpoint_failures": [],
  "rows_written": {
    "markets": 2,
    "best_line": 56,
    "orderbook": 124,
    "trades": 150,
    "roster_events": 35
  },
  "rows_deduped": {
    "markets": 37,
    "best_line": 22,
    "orderbook": 42,
    "trades": 0,
    "roster_events": 0
  },
  "raw_counts": {
    "markets": 39,
    "orderbook": 166,
    "best_line": 78,
    "trades": 150
  },
  "finished_ts": "2026-08-08T19:10:46.297638+00:00"
}
{
  "cycle_id": "28b95062-03d2-48aa-a11d-4cda3de18b5e",
  "started_ts": "2026-08-08T19:15:04.503547+00:00",
  "league_id": 1384,
  "endpoints_attempted": [
    "/markets/active",
    "/orders",
    "/orders",
    "/trades",
    "/trades"
  ],
  "endpoint_failures": [],
  "rows_written": {
    "markets": 0,
    "best_line": 47,
    "orderbook": 80,
    "trades": 152,
    "roster_events": 0
  },
  "rows_deduped": {
    "markets": 39,
    "best_line": 31,
    "orderbook": 89,
    "trades": 0,
    "roster_events": 0
  },
  "raw_counts": {
    "markets": 39,
    "orderbook": 169,
    "best_line": 78,
    "trades": 152
  },
  "finished_ts": "2026-08-08T19:15:08.779087+00:00"
}
{
  "cycle_id": "9edf6f16-526c-4563-816c-7e13ec9462f0",
  "started_ts": "2026-08-08T19:20:25.113272+00:00",
  "league_id": 1384,
  "endpoints_attempted": [
    "/markets/active",
    "/orders",
    "/orders",
    "/orders",
    "/trades",
    "/trades",
    "/trades"
  ],
  "endpoint_failures": [],
  "rows_written": {
    "markets": 6,
    "best_line": 59,
    "orderbook": 89,
    "trades": 152,
    "roster_events": 0
  },
  "rows_deduped": {
    "markets": 39,
    "best_line": 31,
    "orderbook": 80,
    "trades": 0,
    "roster_events": 0
  },
  "raw_counts": {
    "markets": 45,
    "orderbook": 169,
    "best_line": 90,
    "trades": 152
  },
  "finished_ts": "2026-08-08T19:20:44.167218+00:00"
}
{
  "cycle_id": "aef31616-3db3-49a0-a8b0-4cb9ddec9c81",
  "started_ts": "2026-08-08T19:25:12.380037+00:00",
  "league_id": 1384,
  "endpoints_attempted": [
    "/markets/active",
    "/orders",
    "/orders",
    "/orders",
    "/trades",
    "/trades",
    "/trades"
  ],
  "endpoint_failures": [],
  "rows_written": {
    "markets": 14,
    "best_line": 54,
    "orderbook": 111,
    "trades": 154,
    "roster_events": 0
  },
  "rows_deduped": {
    "markets": 31,
    "best_line": 36,
    "orderbook": 55,
    "trades": 0,
    "roster_events": 0
  },
  "raw_counts": {
    "markets": 45,
    "orderbook": 166,
    "best_line": 90,
    "trades": 154
  },
  "finished_ts": "2026-08-08T19:25:23.138775+00:00"
}
{
  "cycle_id": "1ce84f0a-766e-4ab0-8d4c-b1bfbe01cd95",
  "started_ts": "2026-08-08T19:30:04.046853+00:00",
  "league_id": 1384,
  "endpoints_attempted": [
    "/markets/active",
    "/orders",
    "/orders",
    "/orders",
    "/trades",
    "/trades",
    "/trades"
  ],
  "endpoint_failures": [],
  "rows_written": {
    "markets": 2,
    "best_line": 54,
    "orderbook": 107,
    "trades": 156,
    "roster_events": 0
  },
  "rows_deduped": {
    "markets": 43,
    "best_line": 36,
    "orderbook": 49,
    "trades": 0,
    "roster_events": 0
  },
  "raw_counts": {
    "markets": 45,
    "orderbook": 156,
    "best_line": 90,
    "trades": 156
  },
  "finished_ts": "2026-08-08T19:30:10.408870+00:00"
}
{
  "cycle_id": "7b1aa2ba-cae5-4a24-9fef-909d594db4f5",
  "started_ts": "2026-08-08T19:35:02.543089+00:00",
  "league_id": 1384,
  "endpoints_attempted": [
    "/markets/active",
    "/orders",
    "/orders",
    "/orders",
    "/trades",
    "/trades",
    "/trades"
  ],
  "endpoint_failures": [],
  "rows_written": {
    "markets": 6,
    "best_line": 54,
    "orderbook": 64,
    "trades": 156,
    "roster_events": 0
  },
  "rows_deduped": {
    "markets": 43,
    "best_line": 44,
    "orderbook": 90,
    "trades": 0,
    "roster_events": 0
  },
  "raw_counts": {
    "markets": 49,
    "orderbook": 154,
    "best_line": 98,
    "trades": 156
  },
  "finished_ts": "2026-08-08T19:35:08.902284+00:00"
}
{
  "cycle_id": "d1690d12-4551-4e54-be43-0ed4d1538f35",
  "started_ts": "2026-08-08T19:40:06.352761+00:00",
  "league_id": 1384,
  "endpoints_attempted": [
    "/markets/active",
    "/orders",
    "/orders",
    "/orders",
    "/trades",
    "/trades",
    "/trades"
  ],
  "endpoint_failures": [],
  "rows_written": {
    "markets": 7,
    "best_line": 67,
    "orderbook": 128,
    "trades": 158,
    "roster_events": 0
  },
  "rows_deduped": {
    "markets": 48,
    "best_line": 43,
    "orderbook": 32,
    "trades": 0,
    "roster_events": 0
  },
  "raw_counts": {
    "markets": 55,
    "orderbook": 160,
    "best_line": 110,
    "trades": 158
  },
  "finished_ts": "2026-08-08T19:40:15.039549+00:00"
}
{
  "cycle_id": "ae139426-cd69-4fc7-9709-8ab01ce39d93",
  "started_ts": "2026-08-08T19:45:02.863882+00:00",
  "league_id": 1384,
  "endpoints_attempted": [
    "/markets/active",
    "/orders",
    "/orders",
    "/orders",
    "/trades",
    "/trades",
    "/trades"
  ],
  "endpoint_failures": [],
  "rows_written": {
    "markets": 4,
    "best_line": 71,
    "orderbook": 125,
    "trades": 158,
    "roster_events": 0
  },
  "rows_deduped": {
    "markets": 51,
    "best_line": 39,
    "orderbook": 50,
    "trades": 0,
    "roster_events": 0
  },
  "raw_counts": {
    "markets": 55,
    "orderbook": 175,
    "best_line": 110,
    "trades": 158
  },
  "finished_ts": "2026-08-08T19:45:09.253959+00:00"
}
{
  "cycle_id": "e596825b-0d73-4410-a6de-438941e44c37",
  "started_ts": "2026-08-08T19:50:02.874742+00:00",
  "league_id": 1384,
  "endpoints_attempted": [
    "/markets/active",
    "/orders",
    "/orders",
    "/orders",
    "/trades",
    "/trades",
    "/trades"
  ],
  "endpoint_failures": [],
  "rows_written": {
    "markets": 4,
    "best_line": 59,
    "orderbook": 86,
    "trades": 158,
    "roster_events": 0
  },
  "rows_deduped": {
    "markets": 51,
    "best_line": 51,
    "orderbook": 80,
    "trades": 0,
    "roster_events": 0
  },
  "raw_counts": {
    "markets": 55,
    "orderbook": 166,
    "best_line": 110,
    "trades": 158
  },
  "finished_ts": "2026-08-08T19:50:09.255898+00:00"
}
{
  "cycle_id": "60a8d317-b7a7-41e6-b072-9464d034af15",
  "started_ts": "2026-08-08T19:55:02.625195+00:00",
  "league_id": 1384,
  "endpoints_attempted": [
    "/markets/active",
    "/orders",
    "/orders",
    "/orders",
    "/trades",
    "/trades",
    "/trades"
  ],
  "endpoint_failures": [],
  "rows_written": {
    "markets": 2,
    "best_line": 59,
    "orderbook": 71,
    "trades": 158,
    "roster_events": 0
  },
  "rows_deduped": {
    "markets": 53,
    "best_line": 51,
    "orderbook": 85,
    "trades": 0,
    "roster_events": 0
  },
  "raw_counts": {
    "markets": 55,
    "orderbook": 156,
    "best_line": 110,
    "trades": 158
  },
  "finished_ts": "2026-08-08T19:55:09.009033+00:00"
}
{
  "cycle_id": "b48f52dc-c1fb-409c-88cc-7f96759462ba",
  "started_ts": "2026-08-08T20:00:03.301686+00:00",
  "league_id": 1384,
  "endpoints_attempted": [
    "/markets/active",
    "/orders",
    "/orders",
    "/orders",
    "/trades",
    "/trades",
    "/trades"
  ],
  "endpoint_failures": [],
  "rows_written": {
    "markets": 4,
    "best_line": 56,
    "orderbook": 124,
    "trades": 158,
    "roster_events": 0
  },
  "rows_deduped": {
    "markets": 51,
    "best_line": 54,
    "orderbook": 84,
    "trades": 0,
    "roster_events": 0
  },
  "raw_counts": {
    "markets": 55,
    "orderbook": 208,
    "best_line": 110,
    "trades": 158
  },
  "finished_ts": "2026-08-08T20:00:09.689311+00:00"
}
{
  "cycle_id": "4c3b0e07-1501-4fba-bc4e-36a91d96fb2e",
  "started_ts": "2026-08-08T20:05:02.663970+00:00",
  "league_id": 1384,
  "endpoints_attempted": [
    "/markets/active",
    "/orders",
    "/orders",
    "/orders",
    "/trades",
    "/trades",
    "/trades"
  ],
  "endpoint_failures": [],
  "rows_written": {
    "markets": 9,
    "best_line": 77,
    "orderbook": 44,
    "trades": 158,
    "roster_events": 0
  },
  "rows_deduped": {
    "markets": 51,
    "best_line": 43,
    "orderbook": 83,
    "trades": 0,
    "roster_events": 0
  },
  "raw_counts": {
    "markets": 60,
    "orderbook": 127,
    "best_line": 120,
    "trades": 158
  },
  "finished_ts": "2026-08-08T20:05:09.038568+00:00"
}
{
  "cycle_id": "da69d398-4e39-4238-8cd6-108e93408c5b",
  "started_ts": "2026-08-08T20:10:03.136816+00:00",
  "league_id": 1384,
  "endpoints_attempted": [
    "/markets/active",
    "/orders",
    "/orders",
    "/orders",
    "/orders",
    "/trades",
    "/trades",
    "/trades",
    "/trades"
  ],
  "endpoint_failures": [],
  "rows_written": {
    "markets": 6,
    "best_line": 53,
    "orderbook": 98,
    "trades": 158,
    "roster_events": 0
  },
  "rows_deduped": {
    "markets": 56,
    "best_line": 71,
    "orderbook": 77,
    "trades": 0,
    "roster_events": 0
  },
  "raw_counts": {
    "markets": 62,
    "orderbook": 175,
    "best_line": 124,
    "trades": 158
  },
  "finished_ts": "2026-08-08T20:10:11.615172+00:00"
}
{
  "cycle_id": "7496fb11-3f06-44ac-a65c-6491db3a2070",
  "started_ts": "2026-08-08T20:15:04.192809+00:00",
  "league_id": 1384,
  "endpoints_attempted": [
    "/markets/active",
    "/orders",
    "/orders",
    "/orders",
    "/orders",
    "/trades",
    "/trades",
    "/trades",
    "/trades"
  ],
  "endpoint_failures": [],
  "rows_written": {
    "markets": 4,
    "best_line": 58,
    "orderbook": 87,
    "trades": 158,
    "roster_events": 0
  },
  "rows_deduped": {
    "markets": 58,
    "best_line": 66,
    "orderbook": 92,
    "trades": 0,
    "roster_events": 0
  },
  "raw_counts": {
    "markets": 62,
    "orderbook": 179,
    "best_line": 124,
    "trades": 158
  },
  "finished_ts": "2026-08-08T20:15:12.655023+00:00"
}
{
  "cycle_id": "564dbe39-e811-4b2d-b88c-6afcb136ed4c",
  "started_ts": "2026-08-08T20:20:02.559386+00:00",
  "league_id": 1384,
  "endpoints_attempted": [
    "/markets/active",
    "/orders",
    "/orders",
    "/orders",
    "/orders",
    "/trades",
    "/trades",
    "/trades",
    "/trades"
  ],
  "endpoint_failures": [],
  "rows_written": {
    "markets": 6,
    "best_line": 78,
    "orderbook": 40,
    "trades": 158,
    "roster_events": 0
  },
  "rows_deduped": {
    "markets": 59,
    "best_line": 52,
    "orderbook": 29,
    "trades": 0,
    "roster_events": 0
  },
  "raw_counts": {
    "markets": 65,
    "orderbook": 69,
    "best_line": 130,
    "trades": 158
  },
  "finished_ts": "2026-08-08T20:20:11.026062+00:00"
}
{
  "cycle_id": "a5df1ce8-b200-40e9-8314-64570777f63a",
  "started_ts": "2026-08-08T20:25:03.226041+00:00",
  "league_id": 1384,
  "endpoints_attempted": [
    "/markets/active",
    "/orders",
    "/orders",
    "/orders",
    "/orders",
    "/trades",
    "/trades",
    "/trades",
    "/trades"
  ],
  "endpoint_failures": [],
  "rows_written": {
    "markets": 7,
    "best_line": 17,
    "orderbook": 19,
    "trades": 158,
    "roster_events": 0
  },
  "rows_deduped": {
    "markets": 60,
    "best_line": 117,
    "orderbook": 59,
    "trades": 0,
    "roster_events": 0
  },
  "raw_counts": {
    "markets": 67,
    "orderbook": 78,
    "best_line": 134,
    "trades": 158
  },
  "finished_ts": "2026-08-08T20:25:11.690265+00:00"
}
{
  "cycle_id": "6be6c7ba-265c-48c6-9fc7-1b7b229b4950",
  "started_ts": "2026-08-08T20:30:03.621440+00:00",
  "league_id": 1384,
  "endpoints_attempted": [
    "/markets/active",
    "/orders",
    "/orders",
    "/orders",
    "/orders",
    "/trades",
    "/trades",
    "/trades",
    "/trades"
  ],
  "endpoint_failures": [],
  "rows_written": {
    "markets": 8,
    "best_line": 30,
    "orderbook": 22,
    "trades": 158,
    "roster_events": 0
  },
  "rows_deduped": {
    "markets": 61,
    "best_line": 108,
    "orderbook": 40,
    "trades": 0,
    "roster_events": 0
  },
  "raw_counts": {
    "markets": 69,
    "orderbook": 62,
    "best_line": 138,
    "trades": 158
  },
  "finished_ts": "2026-08-08T20:30:12.224785+00:00"
}
{
  "cycle_id": "18c6b765-9caf-47d3-89f9-49ea9e1c6532",
  "started_ts": "2026-08-08T20:35:02.622172+00:00",
  "league_id": 1384,
  "endpoints_attempted": [
    "/markets/active",
    "/orders",
    "/orders",
    "/orders",
    "/orders",
    "/trades",
    "/trades",
    "/trades",
    "/trades"
  ],
  "endpoint_failures": [],
  "rows_written": {
    "markets": 0,
    "best_line": 17,
    "orderbook": 18,
    "trades": 158,
    "roster_events": 0
  },
  "rows_deduped": {
    "markets": 69,
    "best_line": 121,
    "orderbook": 44,
    "trades": 0,
    "roster_events": 0
  },
  "raw_counts": {
    "markets": 69,
    "orderbook": 62,
    "best_line": 138,
    "trades": 158
  },
  "finished_ts": "2026-08-08T20:35:11.093210+00:00"
}
{
  "cycle_id": "0a66bdd0-5ed6-4739-bc6d-385ca1734237",
  "started_ts": "2026-08-08T20:40:02.791375+00:00",
  "league_id": 1384,
  "endpoints_attempted": [
    "/markets/active",
    "/orders",
    "/orders",
    "/orders",
    "/orders",
    "/trades",
    "/trades",
    "/trades",
    "/trades"
  ],
  "endpoint_failures": [],
  "rows_written": {
    "markets": 0,
    "best_line": 96,
    "orderbook": 169,
    "trades": 158,
    "roster_events": 0
  },
  "rows_deduped": {
    "markets": 69,
    "best_line": 42,
    "orderbook": 39,
    "trades": 0,
    "roster_events": 0
  },
  "raw_counts": {
    "markets": 69,
    "orderbook": 208,
    "best_line": 138,
    "trades": 158
  },
  "finished_ts": "2026-08-08T20:40:11.269305+00:00"
}
{
  "cycle_id": "443b8d4b-f71f-4113-b54a-ad6e618b51f6",
  "started_ts": "2026-08-08T20:45:02.974766+00:00",
  "league_id": 1384,
  "endpoints_attempted": [
    "/markets/active",
    "/orders",
    "/orders",
    "/orders",
    "/orders",
    "/trades",
    "/trades",
    "/trades",
    "/trades"
  ],
  "endpoint_failures": [],
  "rows_written": {
    "markets": 7,
    "best_line": 89,
    "orderbook": 38,
    "trades": 158,
    "roster_events": 0
  },
  "rows_deduped": {
    "markets": 63,
    "best_line": 51,
    "orderbook": 73,
    "trades": 0,
    "roster_events": 0
  },
  "raw_counts": {
    "markets": 70,
    "orderbook": 111,
    "best_line": 140,
    "trades": 158
  },
  "finished_ts": "2026-08-08T20:45:11.448742+00:00"
}
{
  "cycle_id": "9598e84e-ab93-4f1f-b1c9-8b4a8f990f6d",
  "started_ts": "2026-08-08T20:50:02.753672+00:00",
  "league_id": 1384,
  "endpoints_attempted": [
    "/markets/active",
    "/orders",
    "/orders",
    "/orders",
    "/orders",
    "/trades",
    "/trades",
    "/trades",
    "/trades"
  ],
  "endpoint_failures": [],
  "rows_written": {
    "markets": 9,
    "best_line": 77,
    "orderbook": 105,
    "trades": 158,
    "roster_events": 0
  },
  "rows_deduped": {
    "markets": 62,
    "best_line": 65,
    "orderbook": 47,
    "trades": 0,
    "roster_events": 0
  },
  "raw_counts": {
    "markets": 71,
    "orderbook": 152,
    "best_line": 142,
    "trades": 158
  },
  "finished_ts": "2026-08-08T20:50:11.235798+00:00"
}
{
  "cycle_id": "88dcd8a1-6698-4527-8729-dd20aa2ca66f",
  "started_ts": "2026-08-08T20:55:02.655210+00:00",
  "league_id": 1384,
  "endpoints_attempted": [
    "/markets/active",
    "/orders",
    "/orders",
    "/orders",
    "/orders",
    "/trades",
    "/trades",
    "/trades",
    "/trades"
  ],
  "endpoint_failures": [
    {
      "endpoint": "/trades",
      "error": "non-200 status: 403; body[:300]='<!DOCTYPE html>\\n<!--[if lt IE 7]> <html class=\"no-js ie6 oldie\" lang=\"en-US\"> <![endif]-->\\n<!--[if IE 7]>    <html class=\"no-js ie7 oldie\" lang=\"en-US\"> <![endif]-->\\n<!--[if IE 8]>    <html class=\"no-js ie8 oldie\" lang=\"en-US\"> <![endif]-->\\n<!--[if gt IE 8]><!--> <html class=\"no-js\" lang=\"en-US\"> <!'",
      "batch_size": 17
    }
  ],
  "rows_written": {
    "markets": 13,
    "best_line": 79,
    "orderbook": 61,
    "trades": 158,
    "roster_events": 0
  },
  "rows_deduped": {
    "markets": 64,
    "best_line": 75,
    "orderbook": 63,
    "trades": 0,
    "roster_events": 0
  },
  "raw_counts": {
    "markets": 77,
    "orderbook": 124,
    "best_line": 154,
    "trades": 158
  },
  "finished_ts": "2026-08-08T20:55:11.094274+00:00"
}
{
  "cycle_id": "af0e81ec-d0c8-4e5e-85a5-3623f6144039",
  "started_ts": "2026-08-08T21:00:04.278268+00:00",
  "league_id": 1384,
  "endpoints_attempted": [
    "/markets/active",
    "/orders",
    "/orders",
    "/orders",
    "/orders",
    "/trades",
    "/trades",
    "/trades",
    "/trades"
  ],
  "endpoint_failures": [
    {
      "endpoint": "/trades",
      "error": "non-200 status: 403; body[:300]='<!DOCTYPE html>\\n<!--[if lt IE 7]> <html class=\"no-js ie6 oldie\" lang=\"en-US\"> <![endif]-->\\n<!--[if IE 7]>    <html class=\"no-js ie7 oldie\" lang=\"en-US\"> <![endif]-->\\n<!--[if IE 8]>    <html class=\"no-js ie8 oldie\" lang=\"en-US\"> <![endif]-->\\n<!--[if gt IE 8]><!--> <html class=\"no-js\" lang=\"en-US\"> <!'",
      "batch_size": 17
    }
  ],
  "rows_written": {
    "markets": 2,
    "best_line": 79,
    "orderbook": 84,
    "trades": 158,
    "roster_events": 0
  },
  "rows_deduped": {
    "markets": 75,
    "best_line": 75,
    "orderbook": 48,
    "trades": 0,
    "roster_events": 0
  },
  "raw_counts": {
    "markets": 77,
    "orderbook": 132,
    "best_line": 154,
    "trades": 158
  },
  "finished_ts": "2026-08-08T21:00:12.712913+00:00"
}
{
  "cycle_id": "bac24928-2f81-48d1-ae17-f9fd323d63ca",
  "started_ts": "2026-08-08T21:05:02.263878+00:00",
  "league_id": 1384,
  "endpoints_attempted": [
    "/markets/active",
    "/orders",
    "/orders",
    "/orders",
    "/orders",
    "/trades",
    "/trades",
    "/trades",
    "/trades"
  ],
  "endpoint_failures": [
    {
      "endpoint": "/trades",
      "error": "non-200 status: 403; body[:300]='<!DOCTYPE html>\\n<!--[if lt IE 7]> <html class=\"no-js ie6 oldie\" lang=\"en-US\"> <![endif]-->\\n<!--[if IE 7]>    <html class=\"no-js ie7 oldie\" lang=\"en-US\"> <![endif]-->\\n<!--[if IE 8]>    <html class=\"no-js ie8 oldie\" lang=\"en-US\"> <![endif]-->\\n<!--[if gt IE 8]><!--> <html class=\"no-js\" lang=\"en-US\"> <!'",
      "batch_size": 17
    }
  ],
  "rows_written": {
    "markets": 4,
    "best_line": 85,
    "orderbook": 77,
    "trades": 158,
    "roster_events": 0
  },
  "rows_deduped": {
    "markets": 73,
    "best_line": 69,
    "orderbook": 56,
    "trades": 0,
    "roster_events": 0
  },
  "raw_counts": {
    "markets": 77,
    "orderbook": 133,
    "best_line": 154,
    "trades": 158
  },
  "finished_ts": "2026-08-08T21:05:10.690969+00:00"
}
{
  "cycle_id": "83518cbb-e02c-4070-b80c-2c40591ecb0b",
  "started_ts": "2026-08-08T21:10:03.048473+00:00",
  "league_id": 1384,
  "endpoints_attempted": [
    "/markets/active",
    "/orders",
    "/orders",
    "/orders",
    "/orders",
    "/trades",
    "/trades",
    "/trades",
    "/trades"
  ],
  "endpoint_failures": [
    {
      "endpoint": "/trades",
      "error": "non-200 status: 403; body[:300]='<!DOCTYPE html>\\n<!--[if lt IE 7]> <html class=\"no-js ie6 oldie\" lang=\"en-US\"> <![endif]-->\\n<!--[if IE 7]>    <html class=\"no-js ie7 oldie\" lang=\"en-US\"> <![endif]-->\\n<!--[if IE 8]>    <html class=\"no-js ie8 oldie\" lang=\"en-US\"> <![endif]-->\\n<!--[if gt IE 8]><!--> <html class=\"no-js\" lang=\"en-US\"> <!'",
      "batch_size": 17
    }
  ],
  "rows_written": {
    "markets": 2,
    "best_line": 95,
    "orderbook": 125,
    "trades": 158,
    "roster_events": 0
  },
  "rows_deduped": {
    "markets": 75,
    "best_line": 59,
    "orderbook": 33,
    "trades": 0,
    "roster_events": 0
  },
  "raw_counts": {
    "markets": 77,
    "orderbook": 158,
    "best_line": 154,
    "trades": 158
  },
  "finished_ts": "2026-08-08T21:10:11.479060+00:00"
}
{
  "cycle_id": "8af61f82-7187-4155-a521-6a5fa0d035f8",
  "started_ts": "2026-08-08T21:15:02.747479+00:00",
  "league_id": 1384,
  "endpoints_attempted": [
    "/markets/active",
    "/orders",
    "/orders",
    "/orders",
    "/orders",
    "/trades",
    "/trades",
    "/trades",
    "/trades"
  ],
  "endpoint_failures": [
    {
      "endpoint": "/trades",
      "error": "non-200 status: 403; body[:300]='<!DOCTYPE html>\\n<!--[if lt IE 7]> <html class=\"no-js ie6 oldie\" lang=\"en-US\"> <![endif]-->\\n<!--[if IE 7]>    <html class=\"no-js ie7 oldie\" lang=\"en-US\"> <![endif]-->\\n<!--[if IE 8]>    <html class=\"no-js ie8 oldie\" lang=\"en-US\"> <![endif]-->\\n<!--[if gt IE 8]><!--> <html class=\"no-js\" lang=\"en-US\"> <!'",
      "batch_size": 17
    }
  ],
  "rows_written": {
    "markets": 6,
    "best_line": 95,
    "orderbook": 87,
    "trades": 158,
    "roster_events": 0
  },
  "rows_deduped": {
    "markets": 71,
    "best_line": 59,
    "orderbook": 29,
    "trades": 0,
    "roster_events": 0
  },
  "raw_counts": {
    "markets": 77,
    "orderbook": 116,
    "best_line": 154,
    "trades": 158
  },
  "finished_ts": "2026-08-08T21:15:11.175489+00:00"
}
{
  "cycle_id": "2932d29f-caaf-4f56-9ea7-b5cd81851d6a",
  "started_ts": "2026-08-08T21:20:02.869924+00:00",
  "league_id": 1384,
  "endpoints_attempted": [
    "/markets/active",
    "/orders",
    "/orders",
    "/orders",
    "/orders",
    "/trades",
    "/trades",
    "/trades",
    "/trades"
  ],
  "endpoint_failures": [
    {
      "endpoint": "/trades",
      "error": "non-200 status: 403; body[:300]='<!DOCTYPE html>\\n<!--[if lt IE 7]> <html class=\"no-js ie6 oldie\" lang=\"en-US\"> <![endif]-->\\n<!--[if IE 7]>    <html class=\"no-js ie7 oldie\" lang=\"en-US\"> <![endif]-->\\n<!--[if IE 8]>    <html class=\"no-js ie8 oldie\" lang=\"en-US\"> <![endif]-->\\n<!--[if gt IE 8]><!--> <html class=\"no-js\" lang=\"en-US\"> <!'",
      "batch_size": 17
    }
  ],
  "rows_written": {
    "markets": 4,
    "best_line": 55,
    "orderbook": 104,
    "trades": 158,
    "roster_events": 0
  },
  "rows_deduped": {
    "markets": 73,
    "best_line": 99,
    "orderbook": 24,
    "trades": 0,
    "roster_events": 0
  },
  "raw_counts": {
    "markets": 77,
    "orderbook": 128,
    "best_line": 154,
    "trades": 158
  },
  "finished_ts": "2026-08-08T21:20:11.308151+00:00"
}
{
  "cycle_id": "f3952239-c0b6-4497-a599-5c24aeb3b4ce",
  "started_ts": "2026-08-08T21:25:02.896536+00:00",
  "league_id": 1384,
  "endpoints_attempted": [
    "/markets/active",
    "/orders",
    "/orders",
    "/orders",
    "/orders",
    "/trades",
    "/trades",
    "/trades",
    "/trades"
  ],
  "endpoint_failures": [
    {
      "endpoint": "/trades",
      "error": "non-200 status: 403; body[:300]='<!DOCTYPE html>\\n<!--[if lt IE 7]> <html class=\"no-js ie6 oldie\" lang=\"en-US\"> <![endif]-->\\n<!--[if IE 7]>    <html class=\"no-js ie7 oldie\" lang=\"en-US\"> <![endif]-->\\n<!--[if IE 8]>    <html class=\"no-js ie8 oldie\" lang=\"en-US\"> <![endif]-->\\n<!--[if gt IE 8]><!--> <html class=\"no-js\" lang=\"en-US\"> <!'",
      "batch_size": 17
    }
  ],
  "rows_written": {
    "markets": 4,
    "best_line": 45,
    "orderbook": 76,
    "trades": 158,
    "roster_events": 0
  },
  "rows_deduped": {
    "markets": 73,
    "best_line": 109,
    "orderbook": 67,
    "trades": 0,
    "roster_events": 0
  },
  "raw_counts": {
    "markets": 77,
    "orderbook": 143,
    "best_line": 154,
    "trades": 158
  },
  "finished_ts": "2026-08-08T21:25:11.326116+00:00"
}
{
  "cycle_id": "c64a9346-1ad8-4f09-8502-48e5e9a4ffe8",
  "started_ts": "2026-08-08T21:30:02.999152+00:00",
  "league_id": 1384,
  "endpoints_attempted": [
    "/markets/active",
    "/orders",
    "/orders",
    "/orders",
    "/orders",
    "/trades",
    "/trades",
    "/trades",
    "/trades"
  ],
  "endpoint_failures": [
    {
      "endpoint": "/trades",
      "error": "non-200 status: 403; body[:300]='<!DOCTYPE html>\\n<!--[if lt IE 7]> <html class=\"no-js ie6 oldie\" lang=\"en-US\"> <![endif]-->\\n<!--[if IE 7]>    <html class=\"no-js ie7 oldie\" lang=\"en-US\"> <![endif]-->\\n<!--[if IE 8]>    <html class=\"no-js ie8 oldie\" lang=\"en-US\"> <![endif]-->\\n<!--[if gt IE 8]><!--> <html class=\"no-js\" lang=\"en-US\"> <!'",
      "batch_size": 17
    }
  ],
  "rows_written": {
    "markets": 4,
    "best_line": 52,
    "orderbook": 78,
    "trades": 158,
    "roster_events": 0
  },
  "rows_deduped": {
    "markets": 73,
    "best_line": 102,
    "orderbook": 35,
    "trades": 0,
    "roster_events": 0
  },
  "raw_counts": {
    "markets": 77,
    "orderbook": 113,
    "best_line": 154,
    "trades": 158
  },
  "finished_ts": "2026-08-08T21:30:11.440097+00:00"
}
{
  "cycle_id": "c828782d-bb5e-445d-87fe-a2afd4c4c460",
  "started_ts": "2026-08-08T21:35:03.213980+00:00",
  "league_id": 1384,
  "endpoints_attempted": [
    "/markets/active",
    "/orders",
    "/orders",
    "/orders",
    "/orders",
    "/trades",
    "/trades",
    "/trades",
    "/trades"
  ],
  "endpoint_failures": [
    {
      "endpoint": "/trades",
      "error": "non-200 status: 403; body[:300]='<!DOCTYPE html>\\n<!--[if lt IE 7]> <html class=\"no-js ie6 oldie\" lang=\"en-US\"> <![endif]-->\\n<!--[if IE 7]>    <html class=\"no-js ie7 oldie\" lang=\"en-US\"> <![endif]-->\\n<!--[if IE 8]>    <html class=\"no-js ie8 oldie\" lang=\"en-US\"> <![endif]-->\\n<!--[if gt IE 8]><!--> <html class=\"no-js\" lang=\"en-US\"> <!'",
      "batch_size": 17
    }
  ],
  "rows_written": {
    "markets": 4,
    "best_line": 28,
    "orderbook": 50,
    "trades": 158,
    "roster_events": 0
  },
  "rows_deduped": {
    "markets": 73,
    "best_line": 126,
    "orderbook": 67,
    "trades": 0,
    "roster_events": 0
  },
  "raw_counts": {
    "markets": 77,
    "orderbook": 117,
    "best_line": 154,
    "trades": 158
  },
  "finished_ts": "2026-08-08T21:35:11.647289+00:00"
}
{
  "cycle_id": "540acd95-f720-4aed-bc62-0713efba441c",
  "started_ts": "2026-08-08T21:40:02.958251+00:00",
  "league_id": 1384,
  "endpoints_attempted": [
    "/markets/active",
    "/orders",
    "/orders",
    "/orders",
    "/orders",
    "/trades",
    "/trades",
    "/trades",
    "/trades"
  ],
  "endpoint_failures": [],
  "rows_written": {
    "markets": 4,
    "best_line": 25,
    "orderbook": 32,
    "trades": 160,
    "roster_events": 2
  },
  "rows_deduped": {
    "markets": 71,
    "best_line": 125,
    "orderbook": 73,
    "trades": 0,
    "roster_events": 0
  },
  "raw_counts": {
    "markets": 75,
    "orderbook": 105,
    "best_line": 150,
    "trades": 160
  },
  "finished_ts": "2026-08-08T21:40:11.417222+00:00"
}
{
  "cycle_id": "338f2ef5-74b6-45f4-bd91-544d57750559",
  "started_ts": "2026-08-08T21:45:03.765541+00:00",
  "league_id": 1384,
  "endpoints_attempted": [
    "/markets/active",
    "/orders",
    "/orders",
    "/trades",
    "/trades"
  ],
  "endpoint_failures": [],
  "rows_written": {
    "markets": 0,
    "best_line": 28,
    "orderbook": 78,
    "trades": 100,
    "roster_events": 41
  },
  "rows_deduped": {
    "markets": 34,
    "best_line": 40,
    "orderbook": 40,
    "trades": 0,
    "roster_events": 0
  },
  "raw_counts": {
    "markets": 34,
    "orderbook": 118,
    "best_line": 68,
    "trades": 100
  },
  "finished_ts": "2026-08-08T21:45:08.077574+00:00"
}
{
  "cycle_id": "e6390874-c785-4640-83b7-7e5c5b5ea787",
  "started_ts": "2026-08-08T21:50:03.250795+00:00",
  "league_id": 1384,
  "endpoints_attempted": [
    "/markets/active",
    "/orders",
    "/orders",
    "/trades",
    "/trades"
  ],
  "endpoint_failures": [],
  "rows_written": {
    "markets": 2,
    "best_line": 24,
    "orderbook": 37,
    "trades": 100,
    "roster_events": 0
  },
  "rows_deduped": {
    "markets": 33,
    "best_line": 46,
    "orderbook": 81,
    "trades": 0,
    "roster_events": 0
  },
  "raw_counts": {
    "markets": 35,
    "orderbook": 118,
    "best_line": 70,
    "trades": 100
  },
  "finished_ts": "2026-08-08T21:50:07.514535+00:00"
}
{
  "cycle_id": "0434f138-893f-4e58-ab5a-6066527b88d0",
  "started_ts": "2026-08-08T21:55:03.148472+00:00",
  "league_id": 1384,
  "endpoints_attempted": [
    "/markets/active",
    "/orders",
    "/orders",
    "/trades",
    "/trades"
  ],
  "endpoint_failures": [],
  "rows_written": {
    "markets": 0,
    "best_line": 24,
    "orderbook": 55,
    "trades": 100,
    "roster_events": 0
  },
  "rows_deduped": {
    "markets": 35,
    "best_line": 46,
    "orderbook": 65,
    "trades": 0,
    "roster_events": 0
  },
  "raw_counts": {
    "markets": 35,
    "orderbook": 120,
    "best_line": 70,
    "trades": 100
  },
  "finished_ts": "2026-08-08T21:55:07.432845+00:00"
}
{
  "cycle_id": "6d157a39-6416-4bd8-93e4-0dbd7298cf26",
  "started_ts": "2026-08-08T22:00:06.771763+00:00",
  "league_id": 1384,
  "endpoints_attempted": [
    "/markets/active",
    "/orders",
    "/orders",
    "/trades",
    "/trades"
  ],
  "endpoint_failures": [],
  "rows_written": {
    "markets": 0,
    "best_line": 28,
    "orderbook": 94,
    "trades": 100,
    "roster_events": 0
  },
  "rows_deduped": {
    "markets": 35,
    "best_line": 42,
    "orderbook": 27,
    "trades": 0,
    "roster_events": 0
  },
  "raw_counts": {
    "markets": 35,
    "orderbook": 121,
    "best_line": 70,
    "trades": 100
  },
  "finished_ts": "2026-08-08T22:00:11.831431+00:00"
}
{
  "cycle_id": "9f76a939-704d-4179-bd61-5ecfc4d08ffc",
  "started_ts": "2026-08-08T22:05:03.788086+00:00",
  "league_id": 1384,
  "endpoints_attempted": [
    "/markets/active",
    "/orders",
    "/orders",
    "/trades",
    "/trades"
  ],
  "endpoint_failures": [],
  "rows_written": {
    "markets": 5,
    "best_line": 37,
    "orderbook": 65,
    "trades": 100,
    "roster_events": 0
  },
  "rows_deduped": {
    "markets": 33,
    "best_line": 39,
    "orderbook": 56,
    "trades": 0,
    "roster_events": 0
  },
  "raw_counts": {
    "markets": 38,
    "orderbook": 121,
    "best_line": 76,
    "trades": 100
  },
  "finished_ts": "2026-08-08T22:05:08.051426+00:00"
}
{
  "cycle_id": "be32264c-a635-4553-9ea1-ee8d2c406d8f",
  "started_ts": "2026-08-08T22:10:03.397698+00:00",
  "league_id": 1384,
  "endpoints_attempted": [
    "/markets/active",
    "/orders",
    "/orders",
    "/trades",
    "/trades"
  ],
  "endpoint_failures": [],
  "rows_written": {
    "markets": 0,
    "best_line": 26,
    "orderbook": 68,
    "trades": 100,
    "roster_events": 0
  },
  "rows_deduped": {
    "markets": 38,
    "best_line": 50,
    "orderbook": 56,
    "trades": 0,
    "roster_events": 0
  },
  "raw_counts": {
    "markets": 38,
    "orderbook": 124,
    "best_line": 76,
    "trades": 100
  },
  "finished_ts": "2026-08-08T22:10:07.675727+00:00"
}
{
  "cycle_id": "a75824e4-4211-4563-8f06-f6c09d7069d4",
  "started_ts": "2026-08-08T22:15:04.760010+00:00",
  "league_id": 1384,
  "endpoints_attempted": [
    "/markets/active",
    "/orders",
    "/orders",
    "/trades",
    "/trades"
  ],
  "endpoint_failures": [],
  "rows_written": {
    "markets": 2,
    "best_line": 27,
    "orderbook": 48,
    "trades": 100,
    "roster_events": 0
  },
  "rows_deduped": {
    "markets": 37,
    "best_line": 51,
    "orderbook": 77,
    "trades": 0,
    "roster_events": 0
  },
  "raw_counts": {
    "markets": 39,
    "orderbook": 125,
    "best_line": 78,
    "trades": 100
  },
  "finished_ts": "2026-08-08T22:15:09.241375+00:00"
}
{
  "cycle_id": "82e482c1-4037-46b8-a1cc-42931475b987",
  "started_ts": "2026-08-08T22:20:04.286551+00:00",
  "league_id": 1384,
  "endpoints_attempted": [
    "/markets/active",
    "/orders",
    "/orders",
    "/orders",
    "/trades",
    "/trades",
    "/trades"
  ],
  "endpoint_failures": [],
  "rows_written": {
    "markets": 4,
    "best_line": 32,
    "orderbook": 81,
    "trades": 112,
    "roster_events": 0
  },
  "rows_deduped": {
    "markets": 37,
    "best_line": 50,
    "orderbook": 44,
    "trades": 0,
    "roster_events": 0
  },
  "raw_counts": {
    "markets": 41,
    "orderbook": 125,
    "best_line": 82,
    "trades": 112
  },
  "finished_ts": "2026-08-08T22:20:10.679508+00:00"
}
{
  "cycle_id": "937b2d09-99c0-452b-9ac9-ff3d44ad8bc4",
  "started_ts": "2026-08-08T22:25:05.338795+00:00",
  "league_id": 1384,
  "endpoints_attempted": [
    "/markets/active",
    "/orders",
    "/orders",
    "/orders",
    "/trades",
    "/trades",
    "/trades"
  ],
  "endpoint_failures": [],
  "rows_written": {
    "markets": 2,
    "best_line": 41,
    "orderbook": 70,
    "trades": 120,
    "roster_events": 0
  },
  "rows_deduped": {
    "markets": 40,
    "best_line": 43,
    "orderbook": 62,
    "trades": 0,
    "roster_events": 0
  },
  "raw_counts": {
    "markets": 42,
    "orderbook": 132,
    "best_line": 84,
    "trades": 120
  },
  "finished_ts": "2026-08-08T22:25:11.783286+00:00"
}
{
  "cycle_id": "7435043b-baec-4b1f-a13a-e55a3fd4c65d",
  "started_ts": "2026-08-08T22:30:04.285197+00:00",
  "league_id": 1384,
  "endpoints_attempted": [
    "/markets/active",
    "/orders",
    "/orders",
    "/orders",
    "/trades",
    "/trades",
    "/trades"
  ],
  "endpoint_failures": [],
  "rows_written": {
    "markets": 2,
    "best_line": 40,
    "orderbook": 103,
    "trades": 120,
    "roster_events": 0
  },
  "rows_deduped": {
    "markets": 40,
    "best_line": 44,
    "orderbook": 29,
    "trades": 0,
    "roster_events": 0
  },
  "raw_counts": {
    "markets": 42,
    "orderbook": 132,
    "best_line": 84,
    "trades": 120
  },
  "finished_ts": "2026-08-08T22:30:10.820552+00:00"
}
{
  "cycle_id": "19d7de2f-69e3-4b77-9be2-c1f752c17eb2",
  "started_ts": "2026-08-08T22:35:02.576940+00:00",
  "league_id": 1384,
  "endpoints_attempted": [
    "/markets/active",
    "/orders",
    "/orders",
    "/orders",
    "/trades",
    "/trades",
    "/trades"
  ],
  "endpoint_failures": [],
  "rows_written": {
    "markets": 0,
    "best_line": 28,
    "orderbook": 26,
    "trades": 120,
    "roster_events": 0
  },
  "rows_deduped": {
    "markets": 42,
    "best_line": 56,
    "orderbook": 107,
    "trades": 0,
    "roster_events": 0
  },
  "raw_counts": {
    "markets": 42,
    "orderbook": 133,
    "best_line": 84,
    "trades": 120
  },
  "finished_ts": "2026-08-08T22:35:08.956620+00:00"
}
{
  "cycle_id": "4f94d0d8-2395-4552-99bc-3bee0664105b",
  "started_ts": "2026-08-08T22:40:03.385014+00:00",
  "league_id": 1384,
  "endpoints_attempted": [
    "/markets/active",
    "/orders",
    "/orders",
    "/orders",
    "/trades",
    "/trades",
    "/trades"
  ],
  "endpoint_failures": [],
  "rows_written": {
    "markets": 0,
    "best_line": 28,
    "orderbook": 48,
    "trades": 120,
    "roster_events": 0
  },
  "rows_deduped": {
    "markets": 42,
    "best_line": 56,
    "orderbook": 84,
    "trades": 0,
    "roster_events": 0
  },
  "raw_counts": {
    "markets": 42,
    "orderbook": 132,
    "best_line": 84,
    "trades": 120
  },
  "finished_ts": "2026-08-08T22:40:09.738867+00:00"
}
{
  "cycle_id": "ac01a567-1ca1-405d-a00b-a57b87ed92ff",
  "started_ts": "2026-08-08T22:45:02.325077+00:00",
  "league_id": 1384,
  "endpoints_attempted": [
    "/markets/active",
    "/orders",
    "/orders",
    "/orders",
    "/trades",
    "/trades",
    "/trades"
  ],
  "endpoint_failures": [],
  "rows_written": {
    "markets": 0,
    "best_line": 39,
    "orderbook": 61,
    "trades": 120,
    "roster_events": 0
  },
  "rows_deduped": {
    "markets": 42,
    "best_line": 45,
    "orderbook": 74,
    "trades": 0,
    "roster_events": 0
  },
  "raw_counts": {
    "markets": 42,
    "orderbook": 135,
    "best_line": 84,
    "trades": 120
  },
  "finished_ts": "2026-08-08T22:45:08.679539+00:00"
}
{
  "cycle_id": "66f0ae12-a3a8-4628-a94e-f5cdbaaee9ff",
  "started_ts": "2026-08-08T22:50:03.017914+00:00",
  "league_id": 1384,
  "endpoints_attempted": [
    "/markets/active",
    "/orders",
    "/orders",
    "/orders",
    "/trades",
    "/trades",
    "/trades"
  ],
  "endpoint_failures": [],
  "rows_written": {
    "markets": 2,
    "best_line": 36,
    "orderbook": 104,
    "trades": 120,
    "roster_events": 0
  },
  "rows_deduped": {
    "markets": 40,
    "best_line": 48,
    "orderbook": 37,
    "trades": 0,
    "roster_events": 0
  },
  "raw_counts": {
    "markets": 42,
    "orderbook": 141,
    "best_line": 84,
    "trades": 120
  },
  "finished_ts": "2026-08-08T22:50:09.372736+00:00"
}
{
  "cycle_id": "71299d69-364b-409f-ae81-4b02a72da40b",
  "started_ts": "2026-08-08T22:55:02.739215+00:00",
  "league_id": 1384,
  "endpoints_attempted": [
    "/markets/active",
    "/orders",
    "/orders",
    "/orders",
    "/trades",
    "/trades",
    "/trades"
  ],
  "endpoint_failures": [],
  "rows_written": {
    "markets": 3,
    "best_line": 39,
    "orderbook": 80,
    "trades": 132,
    "roster_events": 0
  },
  "rows_deduped": {
    "markets": 39,
    "best_line": 45,
    "orderbook": 65,
    "trades": 0,
    "roster_events": 0
  },
  "raw_counts": {
    "markets": 42,
    "orderbook": 145,
    "best_line": 84,
    "trades": 132
  },
  "finished_ts": "2026-08-08T22:55:09.114132+00:00"
}
{
  "cycle_id": "1b44906d-f5d7-45c9-8d5a-1afad4d6832b",
  "started_ts": "2026-08-08T23:00:04.608084+00:00",
  "league_id": 1384,
  "endpoints_attempted": [
    "/markets/active",
    "/orders",
    "/orders",
    "/orders",
    "/trades",
    "/trades",
    "/trades"
  ],
  "endpoint_failures": [],
  "rows_written": {
    "markets": 0,
    "best_line": 39,
    "orderbook": 70,
    "trades": 132,
    "roster_events": 0
  },
  "rows_deduped": {
    "markets": 42,
    "best_line": 45,
    "orderbook": 79,
    "trades": 0,
    "roster_events": 0
  },
  "raw_counts": {
    "markets": 42,
    "orderbook": 149,
    "best_line": 84,
    "trades": 132
  },
  "finished_ts": "2026-08-08T23:00:11.150147+00:00"
}
{
  "cycle_id": "1ef527cd-d48c-4ad8-9acb-9d6587e06014",
  "started_ts": "2026-08-08T23:05:02.611793+00:00",
  "league_id": 1384,
  "endpoints_attempted": [
    "/markets/active",
    "/orders",
    "/orders",
    "/orders",
    "/trades",
    "/trades",
    "/trades"
  ],
  "endpoint_failures": [],
  "rows_written": {
    "markets": 4,
    "best_line": 44,
    "orderbook": 71,
    "trades": 136,
    "roster_events": 0
  },
  "rows_deduped": {
    "markets": 38,
    "best_line": 40,
    "orderbook": 77,
    "trades": 0,
    "roster_events": 0
  },
  "raw_counts": {
    "markets": 42,
    "orderbook": 148,
    "best_line": 84,
    "trades": 136
  },
  "finished_ts": "2026-08-08T23:05:08.960887+00:00"
}
{
  "cycle_id": "5b0f165f-30a9-4645-a014-f8c19d1c5ecb",
  "started_ts": "2026-08-08T23:10:03.153757+00:00",
  "league_id": 1384,
  "endpoints_attempted": [
    "/markets/active",
    "/orders",
    "/orders",
    "/orders",
    "/trades",
    "/trades",
    "/trades"
  ],
  "endpoint_failures": [],
  "rows_written": {
    "markets": 0,
    "best_line": 39,
    "orderbook": 80,
    "trades": 144,
    "roster_events": 0
  },
  "rows_deduped": {
    "markets": 42,
    "best_line": 45,
    "orderbook": 65,
    "trades": 0,
    "roster_events": 0
  },
  "raw_counts": {
    "markets": 42,
    "orderbook": 145,
    "best_line": 84,
    "trades": 144
  },
  "finished_ts": "2026-08-08T23:10:09.516026+00:00"
}
{
  "cycle_id": "b3c02fcf-ed06-48a3-9bae-2fc9983dfb2b",
  "started_ts": "2026-08-08T23:15:02.863082+00:00",
  "league_id": 1384,
  "endpoints_attempted": [
    "/markets/active",
    "/orders",
    "/orders",
    "/orders",
    "/trades",
    "/trades",
    "/trades"
  ],
  "endpoint_failures": [],
  "rows_written": {
    "markets": 0,
    "best_line": 45,
    "orderbook": 69,
    "trades": 150,
    "roster_events": 0
  },
  "rows_deduped": {
    "markets": 42,
    "best_line": 39,
    "orderbook": 70,
    "trades": 0,
    "roster_events": 0
  },
  "raw_counts": {
    "markets": 42,
    "orderbook": 139,
    "best_line": 84,
    "trades": 150
  },
  "finished_ts": "2026-08-08T23:15:09.217785+00:00"
}
{
  "cycle_id": "8cff0e6f-2619-4bde-ab25-1ceb84b1bc84",
  "started_ts": "2026-08-08T23:20:02.624340+00:00",
  "league_id": 1384,
  "endpoints_attempted": [
    "/markets/active",
    "/orders",
    "/orders",
    "/orders",
    "/trades",
    "/trades",
    "/trades"
  ],
  "endpoint_failures": [],
  "rows_written": {
    "markets": 0,
    "best_line": 36,
    "orderbook": 82,
    "trades": 158,
    "roster_events": 0
  },
  "rows_deduped": {
    "markets": 42,
    "best_line": 48,
    "orderbook": 56,
    "trades": 0,
    "roster_events": 0
  },
  "raw_counts": {
    "markets": 42,
    "orderbook": 138,
    "best_line": 84,
    "trades": 158
  },
  "finished_ts": "2026-08-08T23:20:08.983502+00:00"
}
{
  "cycle_id": "4f1007fe-1e7b-4c02-a899-43be022225fc",
  "started_ts": "2026-08-08T23:25:02.586842+00:00",
  "league_id": 1384,
  "endpoints_attempted": [
    "/markets/active",
    "/orders",
    "/orders",
    "/orders",
    "/trades",
    "/trades",
    "/trades"
  ],
  "endpoint_failures": [],
  "rows_written": {
    "markets": 0,
    "best_line": 29,
    "orderbook": 37,
    "trades": 158,
    "roster_events": 0
  },
  "rows_deduped": {
    "markets": 42,
    "best_line": 55,
    "orderbook": 101,
    "trades": 0,
    "roster_events": 0
  },
  "raw_counts": {
    "markets": 42,
    "orderbook": 138,
    "best_line": 84,
    "trades": 158
  },
  "finished_ts": "2026-08-08T23:25:08.964021+00:00"
}
{
  "cycle_id": "c4fbcf93-a8e4-4c91-9396-3ff0cb1520ee",
  "started_ts": "2026-08-08T23:30:02.726991+00:00",
  "league_id": 1384,
  "endpoints_attempted": [
    "/markets/active",
    "/orders",
    "/orders",
    "/orders",
    "/trades",
    "/trades",
    "/trades"
  ],
  "endpoint_failures": [],
  "rows_written": {
    "markets": 0,
    "best_line": 29,
    "orderbook": 44,
    "trades": 158,
    "roster_events": 0
  },
  "rows_deduped": {
    "markets": 42,
    "best_line": 55,
    "orderbook": 93,
    "trades": 0,
    "roster_events": 0
  },
  "raw_counts": {
    "markets": 42,
    "orderbook": 137,
    "best_line": 84,
    "trades": 158
  },
  "finished_ts": "2026-08-08T23:30:09.082124+00:00"
}
{
  "cycle_id": "f149597a-e6f6-48ab-bceb-6af21b53739d",
  "started_ts": "2026-08-08T23:35:03.395207+00:00",
  "league_id": 1384,
  "endpoints_attempted": [
    "/markets/active",
    "/orders",
    "/orders",
    "/orders",
    "/trades",
    "/trades",
    "/trades"
  ],
  "endpoint_failures": [],
  "rows_written": {
    "markets": 0,
    "best_line": 26,
    "orderbook": 30,
    "trades": 158,
    "roster_events": 0
  },
  "rows_deduped": {
    "markets": 42,
    "best_line": 58,
    "orderbook": 107,
    "trades": 0,
    "roster_events": 0
  },
  "raw_counts": {
    "markets": 42,
    "orderbook": 137,
    "best_line": 84,
    "trades": 158
  },
  "finished_ts": "2026-08-08T23:35:09.753972+00:00"
}
{
  "cycle_id": "3cb0099d-a847-4e04-9b0b-fa1b1482b884",
  "started_ts": "2026-08-08T23:40:02.581170+00:00",
  "league_id": 1384,
  "endpoints_attempted": [
    "/markets/active",
    "/orders",
    "/orders",
    "/orders",
    "/trades",
    "/trades",
    "/trades"
  ],
  "endpoint_failures": [],
  "rows_written": {
    "markets": 0,
    "best_line": 28,
    "orderbook": 46,
    "trades": 158,
    "roster_events": 0
  },
  "rows_deduped": {
    "markets": 42,
    "best_line": 56,
    "orderbook": 92,
    "trades": 0,
    "roster_events": 0
  },
  "raw_counts": {
    "markets": 42,
    "orderbook": 138,
    "best_line": 84,
    "trades": 158
  },
  "finished_ts": "2026-08-08T23:40:08.930746+00:00"
}
{
  "cycle_id": "9251cce3-a9e2-476c-9f64-0ae0234def17",
  "started_ts": "2026-08-08T23:45:02.705718+00:00",
  "league_id": 1384,
  "endpoints_attempted": [
    "/markets/active",
    "/orders",
    "/orders",
    "/orders",
    "/trades",
    "/trades",
    "/trades"
  ],
  "endpoint_failures": [],
  "rows_written": {
    "markets": 0,
    "best_line": 28,
    "orderbook": 44,
    "trades": 158,
    "roster_events": 0
  },
  "rows_deduped": {
    "markets": 42,
    "best_line": 56,
    "orderbook": 95,
    "trades": 0,
    "roster_events": 0
  },
  "raw_counts": {
    "markets": 42,
    "orderbook": 139,
    "best_line": 84,
    "trades": 158
  },
  "finished_ts": "2026-08-08T23:45:09.061819+00:00"
}
{
  "cycle_id": "7298ed6f-4c97-456e-bfd1-0218f9eb879b",
  "started_ts": "2026-08-08T23:50:02.626317+00:00",
  "league_id": 1384,
  "endpoints_attempted": [
    "/markets/active",
    "/orders",
    "/orders",
    "/orders",
    "/trades",
    "/trades",
    "/trades"
  ],
  "endpoint_failures": [],
  "rows_written": {
    "markets": 0,
    "best_line": 36,
    "orderbook": 90,
    "trades": 158,
    "roster_events": 0
  },
  "rows_deduped": {
    "markets": 42,
    "best_line": 48,
    "orderbook": 48,
    "trades": 0,
    "roster_events": 0
  },
  "raw_counts": {
    "markets": 42,
    "orderbook": 138,
    "best_line": 84,
    "trades": 158
  },
  "finished_ts": "2026-08-08T23:50:09.047712+00:00"
}
{
  "cycle_id": "06182d18-268b-4b46-99b1-55b57da8fe37",
  "started_ts": "2026-08-08T23:55:02.580282+00:00",
  "league_id": 1384,
  "endpoints_attempted": [
    "/markets/active",
    "/orders",
    "/orders",
    "/orders",
    "/trades",
    "/trades",
    "/trades"
  ],
  "endpoint_failures": [],
  "rows_written": {
    "markets": 0,
    "best_line": 36,
    "orderbook": 66,
    "trades": 158,
    "roster_events": 0
  },
  "rows_deduped": {
    "markets": 42,
    "best_line": 48,
    "orderbook": 74,
    "trades": 0,
    "roster_events": 0
  },
  "raw_counts": {
    "markets": 42,
    "orderbook": 140,
    "best_line": 84,
    "trades": 158
  },
  "finished_ts": "2026-08-08T23:55:08.936957+00:00"
}
{
  "cycle_id": "4707f8cd-4f13-4027-ac79-e5526003d239",
  "started_ts": "2026-08-09T00:00:03.080432+00:00",
  "league_id": 1384,
  "endpoints_attempted": [
    "/markets/active",
    "/orders",
    "/orders",
    "/orders",
    "/trades",
    "/trades",
    "/trades"
  ],
  "endpoint_failures": [],
  "rows_written": {
    "markets": 0,
    "best_line": 36,
    "orderbook": 69,
    "trades": 158,
    "roster_events": 0
  },
  "rows_deduped": {
    "markets": 42,
    "best_line": 48,
    "orderbook": 70,
    "trades": 0,
    "roster_events": 0
  },
  "raw_counts": {
    "markets": 42,
    "orderbook": 139,
    "best_line": 84,
    "trades": 158
  },
  "finished_ts": "2026-08-09T00:00:09.468559+00:00"
}
{
  "cycle_id": "0f8fb05a-3338-43a0-9458-283fb0aa55fc",
  "started_ts": "2026-08-09T00:05:02.597793+00:00",
  "league_id": 1384,
  "endpoints_attempted": [
    "/markets/active",
    "/orders",
    "/orders",
    "/orders",
    "/trades",
    "/trades",
    "/trades"
  ],
  "endpoint_failures": [],
  "rows_written": {
    "markets": 2,
    "best_line": 38,
    "orderbook": 45,
    "trades": 158,
    "roster_events": 0
  },
  "rows_deduped": {
    "markets": 40,
    "best_line": 46,
    "orderbook": 95,
    "trades": 0,
    "roster_events": 0
  },
  "raw_counts": {
    "markets": 42,
    "orderbook": 140,
    "best_line": 84,
    "trades": 158
  },
  "finished_ts": "2026-08-09T00:05:08.978368+00:00"
}
{
  "cycle_id": "dacb7e62-ca4b-4bb8-b9b0-7e2999982b0f",
  "started_ts": "2026-08-09T00:10:02.644405+00:00",
  "league_id": 1384,
  "endpoints_attempted": [
    "/markets/active",
    "/orders",
    "/orders",
    "/orders",
    "/trades",
    "/trades",
    "/trades"
  ],
  "endpoint_failures": [],
  "rows_written": {
    "markets": 0,
    "best_line": 75,
    "orderbook": 135,
    "trades": 158,
    "roster_events": 0
  },
  "rows_deduped": {
    "markets": 42,
    "best_line": 9,
    "orderbook": 35,
    "trades": 0,
    "roster_events": 0
  },
  "raw_counts": {
    "markets": 42,
    "orderbook": 170,
    "best_line": 84,
    "trades": 158
  },
  "finished_ts": "2026-08-09T00:10:09.003863+00:00"
}
{
  "cycle_id": "e8db5e18-6e6f-42f2-bde5-c6b371d42934",
  "started_ts": "2026-08-09T00:15:02.890530+00:00",
  "league_id": 1384,
  "endpoints_attempted": [
    "/markets/active",
    "/orders",
    "/orders",
    "/orders",
    "/trades",
    "/trades",
    "/trades"
  ],
  "endpoint_failures": [],
  "rows_written": {
    "markets": 2,
    "best_line": 49,
    "orderbook": 75,
    "trades": 158,
    "roster_events": 0
  },
  "rows_deduped": {
    "markets": 40,
    "best_line": 35,
    "orderbook": 88,
    "trades": 0,
    "roster_events": 0
  },
  "raw_counts": {
    "markets": 42,
    "orderbook": 163,
    "best_line": 84,
    "trades": 158
  },
  "finished_ts": "2026-08-09T00:15:09.270130+00:00"
}
{
  "cycle_id": "24dc4fc0-a0a7-4661-9b80-499dde1cff15",
  "started_ts": "2026-08-09T00:20:02.591283+00:00",
  "league_id": 1384,
  "endpoints_attempted": [
    "/markets/active",
    "/orders",
    "/orders",
    "/orders",
    "/trades",
    "/trades",
    "/trades"
  ],
  "endpoint_failures": [],
  "rows_written": {
    "markets": 2,
    "best_line": 46,
    "orderbook": 101,
    "trades": 158,
    "roster_events": 0
  },
  "rows_deduped": {
    "markets": 40,
    "best_line": 38,
    "orderbook": 60,
    "trades": 0,
    "roster_events": 0
  },
  "raw_counts": {
    "markets": 42,
    "orderbook": 161,
    "best_line": 84,
    "trades": 158
  },
  "finished_ts": "2026-08-09T00:20:08.967653+00:00"
}
{
  "cycle_id": "c82f9f73-32ea-470f-8cc7-6feee08f5924",
  "started_ts": "2026-08-09T00:25:02.619705+00:00",
  "league_id": 1384,
  "endpoints_attempted": [
    "/markets/active",
    "/orders",
    "/orders",
    "/orders",
    "/trades",
    "/trades",
    "/trades"
  ],
  "endpoint_failures": [],
  "rows_written": {
    "markets": 2,
    "best_line": 43,
    "orderbook": 71,
    "trades": 158,
    "roster_events": 0
  },
  "rows_deduped": {
    "markets": 40,
    "best_line": 41,
    "orderbook": 90,
    "trades": 0,
    "roster_events": 0
  },
  "raw_counts": {
    "markets": 42,
    "orderbook": 161,
    "best_line": 84,
    "trades": 158
  },
  "finished_ts": "2026-08-09T00:25:08.997206+00:00"
}
{
  "cycle_id": "8a0d4755-e540-476f-b979-2f080afad16e",
  "started_ts": "2026-08-09T00:30:02.812219+00:00",
  "league_id": 1384,
  "endpoints_attempted": [
    "/markets/active",
    "/orders",
    "/orders",
    "/orders",
    "/trades",
    "/trades",
    "/trades"
  ],
  "endpoint_failures": [],
  "rows_written": {
    "markets": 0,
    "best_line": 39,
    "orderbook": 60,
    "trades": 160,
    "roster_events": 0
  },
  "rows_deduped": {
    "markets": 42,
    "best_line": 45,
    "orderbook": 72,
    "trades": 0,
    "roster_events": 0
  },
  "raw_counts": {
    "markets": 42,
    "orderbook": 132,
    "best_line": 84,
    "trades": 160
  },
  "finished_ts": "2026-08-09T00:30:09.189280+00:00"
}
{
  "cycle_id": "e1bdf7f2-9d87-4a14-b891-a721993a9e7c",
  "started_ts": "2026-08-09T00:35:02.698132+00:00",
  "league_id": 1384,
  "endpoints_attempted": [
    "/markets/active",
    "/orders",
    "/orders",
    "/orders",
    "/trades",
    "/trades",
    "/trades"
  ],
  "endpoint_failures": [],
  "rows_written": {
    "markets": 8,
    "best_line": 52,
    "orderbook": 55,
    "trades": 160,
    "roster_events": 0
  },
  "rows_deduped": {
    "markets": 40,
    "best_line": 44,
    "orderbook": 60,
    "trades": 0,
    "roster_events": 0
  },
  "raw_counts": {
    "markets": 48,
    "orderbook": 115,
    "best_line": 96,
    "trades": 160
  },
  "finished_ts": "2026-08-09T00:35:09.084175+00:00"
}
{
  "cycle_id": "2c34c43b-41ea-458f-a227-0fd1c4cf7130",
  "started_ts": "2026-08-09T00:40:02.649559+00:00",
  "league_id": 1384,
  "endpoints_attempted": [
    "/markets/active",
    "/orders",
    "/orders",
    "/orders",
    "/trades",
    "/trades",
    "/trades"
  ],
  "endpoint_failures": [],
  "rows_written": {
    "markets": 5,
    "best_line": 62,
    "orderbook": 95,
    "trades": 160,
    "roster_events": 0
  },
  "rows_deduped": {
    "markets": 45,
    "best_line": 38,
    "orderbook": 52,
    "trades": 0,
    "roster_events": 0
  },
  "raw_counts": {
    "markets": 50,
    "orderbook": 147,
    "best_line": 100,
    "trades": 160
  },
  "finished_ts": "2026-08-09T00:40:09.037562+00:00"
}
{
  "cycle_id": "ea112bef-451b-4d11-ae64-6beec489c92a",
  "started_ts": "2026-08-09T00:45:02.898597+00:00",
  "league_id": 1384,
  "endpoints_attempted": [
    "/markets/active",
    "/orders",
    "/orders",
    "/orders",
    "/trades",
    "/trades",
    "/trades"
  ],
  "endpoint_failures": [],
  "rows_written": {
    "markets": 14,
    "best_line": 73,
    "orderbook": 27,
    "trades": 160,
    "roster_events": 0
  },
  "rows_deduped": {
    "markets": 40,
    "best_line": 35,
    "orderbook": 61,
    "trades": 0,
    "roster_events": 0
  },
  "raw_counts": {
    "markets": 54,
    "orderbook": 88,
    "best_line": 108,
    "trades": 160
  },
  "finished_ts": "2026-08-09T00:45:09.285267+00:00"
}
{
  "cycle_id": "6be8eb6c-ec81-4046-9e5e-9385bedb0313",
  "started_ts": "2026-08-09T00:50:02.663205+00:00",
  "league_id": 1384,
  "endpoints_attempted": [
    "/markets/active",
    "/orders",
    "/orders",
    "/orders",
    "/trades",
    "/trades",
    "/trades"
  ],
  "endpoint_failures": [],
  "rows_written": {
    "markets": 4,
    "best_line": 57,
    "orderbook": 84,
    "trades": 160,
    "roster_events": 0
  },
  "rows_deduped": {
    "markets": 50,
    "best_line": 51,
    "orderbook": 67,
    "trades": 0,
    "roster_events": 0
  },
  "raw_counts": {
    "markets": 54,
    "orderbook": 151,
    "best_line": 108,
    "trades": 160
  },
  "finished_ts": "2026-08-09T00:50:09.022816+00:00"
}
{
  "cycle_id": "fbc16fc8-7620-4688-9fc4-dc42fb9d5983",
  "started_ts": "2026-08-09T00:55:02.598843+00:00",
  "league_id": 1384,
  "endpoints_attempted": [
    "/markets/active",
    "/orders",
    "/orders",
    "/orders",
    "/trades",
    "/trades",
    "/trades"
  ],
  "endpoint_failures": [],
  "rows_written": {
    "markets": 7,
    "best_line": 68,
    "orderbook": 62,
    "trades": 162,
    "roster_events": 0
  },
  "rows_deduped": {
    "markets": 50,
    "best_line": 46,
    "orderbook": 78,
    "trades": 0,
    "roster_events": 0
  },
  "raw_counts": {
    "markets": 57,
    "orderbook": 140,
    "best_line": 114,
    "trades": 162
  },
  "finished_ts": "2026-08-09T00:55:08.987209+00:00"
}
{
  "cycle_id": "1f325a15-367d-4d71-ad9b-b4ec4a2a6db5",
  "started_ts": "2026-08-09T01:00:03.106346+00:00",
  "league_id": 1384,
  "endpoints_attempted": [
    "/markets/active",
    "/orders",
    "/orders",
    "/orders",
    "/orders",
    "/trades",
    "/trades",
    "/trades",
    "/trades"
  ],
  "endpoint_failures": [],
  "rows_written": {
    "markets": 6,
    "best_line": 86,
    "orderbook": 122,
    "trades": 166,
    "roster_events": 0
  },
  "rows_deduped": {
    "markets": 55,
    "best_line": 36,
    "orderbook": 57,
    "trades": 0,
    "roster_events": 0
  },
  "raw_counts": {
    "markets": 61,
    "orderbook": 179,
    "best_line": 122,
    "trades": 166
  },
  "finished_ts": "2026-08-09T01:00:11.564268+00:00"
}
{
  "cycle_id": "2d84519e-66e2-4369-bc58-54f26bbffb60",
  "started_ts": "2026-08-09T01:05:02.588357+00:00",
  "league_id": 1384,
  "endpoints_attempted": [
    "/markets/active",
    "/orders",
    "/orders",
    "/orders",
    "/orders",
    "/trades",
    "/trades",
    "/trades",
    "/trades"
  ],
  "endpoint_failures": [],
  "rows_written": {
    "markets": 4,
    "best_line": 72,
    "orderbook": 82,
    "trades": 166,
    "roster_events": 0
  },
  "rows_deduped": {
    "markets": 57,
    "best_line": 50,
    "orderbook": 100,
    "trades": 0,
    "roster_events": 0
  },
  "raw_counts": {
    "markets": 61,
    "orderbook": 182,
    "best_line": 122,
    "trades": 166
  },
  "finished_ts": "2026-08-09T01:05:11.043131+00:00"
}
{
  "cycle_id": "50c93dc3-2219-4cbb-85e8-bc5afc7cc9f6",
  "started_ts": "2026-08-09T01:10:02.790488+00:00",
  "league_id": 1384,
  "endpoints_attempted": [
    "/markets/active",
    "/orders",
    "/orders",
    "/orders",
    "/orders",
    "/trades",
    "/trades",
    "/trades",
    "/trades"
  ],
  "endpoint_failures": [],
  "rows_written": {
    "markets": 6,
    "best_line": 68,
    "orderbook": 28,
    "trades": 168,
    "roster_events": 0
  },
  "rows_deduped": {
    "markets": 58,
    "best_line": 60,
    "orderbook": 97,
    "trades": 0,
    "roster_events": 0
  },
  "raw_counts": {
    "markets": 64,
    "orderbook": 125,
    "best_line": 128,
    "trades": 168
  },
  "finished_ts": "2026-08-09T01:10:11.252485+00:00"
}
{
  "cycle_id": "96170365-ef5a-42a7-80a7-7140514f31d8",
  "started_ts": "2026-08-09T01:15:02.828751+00:00",
  "league_id": 1384,
  "endpoints_attempted": [
    "/markets/active",
    "/orders",
    "/orders",
    "/orders",
    "/orders",
    "/trades",
    "/trades",
    "/trades",
    "/trades"
  ],
  "endpoint_failures": [],
  "rows_written": {
    "markets": 4,
    "best_line": 85,
    "orderbook": 104,
    "trades": 168,
    "roster_events": 0
  },
  "rows_deduped": {
    "markets": 60,
    "best_line": 43,
    "orderbook": 81,
    "trades": 0,
    "roster_events": 0
  },
  "raw_counts": {
    "markets": 64,
    "orderbook": 185,
    "best_line": 128,
    "trades": 168
  },
  "finished_ts": "2026-08-09T01:15:11.303241+00:00"
}
{
  "cycle_id": "5b891590-3113-409b-807a-d1856b1a0d42",
  "started_ts": "2026-08-09T01:20:02.670570+00:00",
  "league_id": 1384,
  "endpoints_attempted": [
    "/markets/active",
    "/orders",
    "/orders",
    "/orders",
    "/orders",
    "/trades",
    "/trades",
    "/trades",
    "/trades"
  ],
  "endpoint_failures": [],
  "rows_written": {
    "markets": 6,
    "best_line": 73,
    "orderbook": 99,
    "trades": 168,
    "roster_events": 0
  },
  "rows_deduped": {
    "markets": 60,
    "best_line": 59,
    "orderbook": 105,
    "trades": 0,
    "roster_events": 0
  },
  "raw_counts": {
    "markets": 66,
    "orderbook": 204,
    "best_line": 132,
    "trades": 168
  },
  "finished_ts": "2026-08-09T01:20:11.147411+00:00"
}
{
  "cycle_id": "525711c4-2980-4c4e-9b21-5af3818e65b3",
  "started_ts": "2026-08-09T01:25:02.756535+00:00",
  "league_id": 1384,
  "endpoints_attempted": [
    "/markets/active",
    "/orders",
    "/orders",
    "/orders",
    "/orders",
    "/trades",
    "/trades",
    "/trades",
    "/trades"
  ],
  "endpoint_failures": [],
  "rows_written": {
    "markets": 0,
    "best_line": 68,
    "orderbook": 76,
    "trades": 168,
    "roster_events": 0
  },
  "rows_deduped": {
    "markets": 66,
    "best_line": 64,
    "orderbook": 118,
    "trades": 0,
    "roster_events": 0
  },
  "raw_counts": {
    "markets": 66,
    "orderbook": 194,
    "best_line": 132,
    "trades": 168
  },
  "finished_ts": "2026-08-09T01:25:11.234401+00:00"
}
{
  "cycle_id": "117033ef-91ec-407d-af4c-0b03dcdc2855",
  "started_ts": "2026-08-09T01:30:03.176888+00:00",
  "league_id": 1384,
  "endpoints_attempted": [
    "/markets/active",
    "/orders",
    "/orders",
    "/orders",
    "/orders",
    "/trades",
    "/trades",
    "/trades",
    "/trades"
  ],
  "endpoint_failures": [],
  "rows_written": {
    "markets": 4,
    "best_line": 80,
    "orderbook": 142,
    "trades": 168,
    "roster_events": 0
  },
  "rows_deduped": {
    "markets": 62,
    "best_line": 52,
    "orderbook": 115,
    "trades": 0,
    "roster_events": 0
  },
  "raw_counts": {
    "markets": 66,
    "orderbook": 257,
    "best_line": 132,
    "trades": 168
  },
  "finished_ts": "2026-08-09T01:30:11.654119+00:00"
}
{
  "cycle_id": "d6bf110f-f228-4244-a73b-26a43dd6d97c",
  "started_ts": "2026-08-09T01:35:02.601420+00:00",
  "league_id": 1384,
  "endpoints_attempted": [
    "/markets/active",
    "/orders",
    "/orders",
    "/orders",
    "/orders",
    "/trades",
    "/trades",
    "/trades",
    "/trades"
  ],
  "endpoint_failures": [],
  "rows_written": {
    "markets": 2,
    "best_line": 75,
    "orderbook": 141,
    "trades": 168,
    "roster_events": 0
  },
  "rows_deduped": {
    "markets": 64,
    "best_line": 57,
    "orderbook": 124,
    "trades": 0,
    "roster_events": 0
  },
  "raw_counts": {
    "markets": 66,
    "orderbook": 265,
    "best_line": 132,
    "trades": 168
  },
  "finished_ts": "2026-08-09T01:35:11.057455+00:00"
}
{
  "cycle_id": "5e6d27e8-1bbc-4151-b4e4-815dccc05f28",
  "started_ts": "2026-08-09T01:40:03.046497+00:00",
  "league_id": 1384,
  "endpoints_attempted": [
    "/markets/active",
    "/orders",
    "/orders",
    "/orders",
    "/orders",
    "/trades",
    "/trades",
    "/trades",
    "/trades"
  ],
  "endpoint_failures": [],
  "rows_written": {
    "markets": 0,
    "best_line": 95,
    "orderbook": 158,
    "trades": 168,
    "roster_events": 0
  },
  "rows_deduped": {
    "markets": 66,
    "best_line": 37,
    "orderbook": 85,
    "trades": 0,
    "roster_events": 0
  },
  "raw_counts": {
    "markets": 66,
    "orderbook": 243,
    "best_line": 132,
    "trades": 168
  },
  "finished_ts": "2026-08-09T01:40:11.536334+00:00"
}
{
  "cycle_id": "09a4133e-c03d-4021-9350-6604e8e865a7",
  "started_ts": "2026-08-09T01:45:03.179647+00:00",
  "league_id": 1384,
  "endpoints_attempted": [
    "/markets/active",
    "/orders",
    "/orders",
    "/orders",
    "/orders",
    "/trades",
    "/trades",
    "/trades",
    "/trades"
  ],
  "endpoint_failures": [],
  "rows_written": {
    "markets": 5,
    "best_line": 102,
    "orderbook": 67,
    "trades": 168,
    "roster_events": 0
  },
  "rows_deduped": {
    "markets": 63,
    "best_line": 34,
    "orderbook": 74,
    "trades": 0,
    "roster_events": 0
  },
  "raw_counts": {
    "markets": 68,
    "orderbook": 141,
    "best_line": 136,
    "trades": 168
  },
  "finished_ts": "2026-08-09T01:45:11.662894+00:00"
}
{
  "cycle_id": "c555a3d8-e442-4e42-b14e-fc7493a4fa25",
  "started_ts": "2026-08-09T01:50:03.126732+00:00",
  "league_id": 1384,
  "endpoints_attempted": [
    "/markets/active",
    "/orders",
    "/orders",
    "/orders",
    "/orders",
    "/trades",
    "/trades",
    "/trades",
    "/trades"
  ],
  "endpoint_failures": [],
  "rows_written": {
    "markets": 5,
    "best_line": 45,
    "orderbook": 34,
    "trades": 168,
    "roster_events": 0
  },
  "rows_deduped": {
    "markets": 65,
    "best_line": 95,
    "orderbook": 89,
    "trades": 0,
    "roster_events": 0
  },
  "raw_counts": {
    "markets": 70,
    "orderbook": 123,
    "best_line": 140,
    "trades": 168
  },
  "finished_ts": "2026-08-09T01:50:11.615754+00:00"
}
{
  "cycle_id": "a6cdbb54-708c-447c-b035-ce729c325740",
  "started_ts": "2026-08-09T01:55:03.014070+00:00",
  "league_id": 1384,
  "endpoints_attempted": [
    "/markets/active",
    "/orders",
    "/orders",
    "/orders",
    "/orders",
    "/trades",
    "/trades",
    "/trades",
    "/trades"
  ],
  "endpoint_failures": [],
  "rows_written": {
    "markets": 4,
    "best_line": 50,
    "orderbook": 50,
    "trades": 170,
    "roster_events": 0
  },
  "rows_deduped": {
    "markets": 66,
    "best_line": 90,
    "orderbook": 100,
    "trades": 0,
    "roster_events": 0
  },
  "raw_counts": {
    "markets": 70,
    "orderbook": 150,
    "best_line": 140,
    "trades": 170
  },
  "finished_ts": "2026-08-09T01:55:11.496489+00:00"
}
{
  "cycle_id": "7b2fa340-d7ed-4fdb-9676-6b1584e6109f",
  "started_ts": "2026-08-09T02:00:04.248979+00:00",
  "league_id": 1384,
  "endpoints_attempted": [
    "/markets/active",
    "/orders",
    "/orders",
    "/orders",
    "/orders",
    "/trades",
    "/trades",
    "/trades",
    "/trades"
  ],
  "endpoint_failures": [],
  "rows_written": {
    "markets": 2,
    "best_line": 38,
    "orderbook": 14,
    "trades": 172,
    "roster_events": 0
  },
  "rows_deduped": {
    "markets": 68,
    "best_line": 102,
    "orderbook": 96,
    "trades": 0,
    "roster_events": 0
  },
  "raw_counts": {
    "markets": 70,
    "orderbook": 110,
    "best_line": 140,
    "trades": 172
  },
  "finished_ts": "2026-08-09T02:00:13.370031+00:00"
}
{
  "cycle_id": "4b0a76f3-ce15-4bd1-8a8f-6779c9be340f",
  "started_ts": "2026-08-09T02:05:03.033337+00:00",
  "league_id": 1384,
  "endpoints_attempted": [
    "/markets/active",
    "/orders",
    "/orders",
    "/orders",
    "/orders",
    "/trades",
    "/trades",
    "/trades",
    "/trades"
  ],
  "endpoint_failures": [],
  "rows_written": {
    "markets": 4,
    "best_line": 76,
    "orderbook": 123,
    "trades": 172,
    "roster_events": 0
  },
  "rows_deduped": {
    "markets": 66,
    "best_line": 64,
    "orderbook": 102,
    "trades": 0,
    "roster_events": 0
  },
  "raw_counts": {
    "markets": 70,
    "orderbook": 225,
    "best_line": 140,
    "trades": 172
  },
  "finished_ts": "2026-08-09T02:05:11.522015+00:00"
}
{
  "cycle_id": "00401bcc-27c2-475d-bee1-ff407ff00d06",
  "started_ts": "2026-08-09T02:10:03.428062+00:00",
  "league_id": 1384,
  "endpoints_attempted": [
    "/markets/active",
    "/orders",
    "/orders",
    "/orders",
    "/orders",
    "/trades",
    "/trades",
    "/trades",
    "/trades"
  ],
  "endpoint_failures": [],
  "rows_written": {
    "markets": 2,
    "best_line": 80,
    "orderbook": 49,
    "trades": 172,
    "roster_events": 0
  },
  "rows_deduped": {
    "markets": 68,
    "best_line": 60,
    "orderbook": 86,
    "trades": 0,
    "roster_events": 0
  },
  "raw_counts": {
    "markets": 70,
    "orderbook": 135,
    "best_line": 140,
    "trades": 172
  },
  "finished_ts": "2026-08-09T02:10:11.886307+00:00"
}
{
  "cycle_id": "14d6eeb4-162f-45b9-8adc-bda0e497c885",
  "started_ts": "2026-08-09T02:15:03.184009+00:00",
  "league_id": 1384,
  "endpoints_attempted": [
    "/markets/active",
    "/orders",
    "/orders",
    "/orders",
    "/orders",
    "/trades",
    "/trades",
    "/trades",
    "/trades"
  ],
  "endpoint_failures": [],
  "rows_written": {
    "markets": 4,
    "best_line": 30,
    "orderbook": 9,
    "trades": 172,
    "roster_events": 0
  },
  "rows_deduped": {
    "markets": 66,
    "best_line": 110,
    "orderbook": 103,
    "trades": 0,
    "roster_events": 0
  },
  "raw_counts": {
    "markets": 70,
    "orderbook": 112,
    "best_line": 140,
    "trades": 172
  },
  "finished_ts": "2026-08-09T02:15:11.636835+00:00"
}
{
  "cycle_id": "6b368a23-f6a6-41f3-9804-457dbb54b26d",
  "started_ts": "2026-08-09T02:20:02.966746+00:00",
  "league_id": 1384,
  "endpoints_attempted": [
    "/markets/active",
    "/orders",
    "/orders",
    "/orders",
    "/orders",
    "/trades",
    "/trades",
    "/trades",
    "/trades"
  ],
  "endpoint_failures": [],
  "rows_written": {
    "markets": 4,
    "best_line": 25,
    "orderbook": 43,
    "trades": 172,
    "roster_events": 0
  },
  "rows_deduped": {
    "markets": 66,
    "best_line": 115,
    "orderbook": 97,
    "trades": 0,
    "roster_events": 0
  },
  "raw_counts": {
    "markets": 70,
    "orderbook": 140,
    "best_line": 140,
    "trades": 172
  },
  "finished_ts": "2026-08-09T02:20:11.459583+00:00"
}
{
  "cycle_id": "60de382e-5297-4d72-8f88-07f52f65d636",
  "started_ts": "2026-08-09T02:25:03.388360+00:00",
  "league_id": 1384,
  "endpoints_attempted": [
    "/markets/active",
    "/orders",
    "/orders",
    "/orders",
    "/orders",
    "/trades",
    "/trades",
    "/trades",
    "/trades"
  ],
  "endpoint_failures": [],
  "rows_written": {
    "markets": 5,
    "best_line": 43,
    "orderbook": 28,
    "trades": 172,
    "roster_events": 0
  },
  "rows_deduped": {
    "markets": 67,
    "best_line": 101,
    "orderbook": 93,
    "trades": 0,
    "roster_events": 0
  },
  "raw_counts": {
    "markets": 72,
    "orderbook": 121,
    "best_line": 144,
    "trades": 172
  },
  "finished_ts": "2026-08-09T02:25:11.856685+00:00"
}
{
  "cycle_id": "52cdf3d4-0e50-4be5-96bc-7fbad79bdc8f",
  "started_ts": "2026-08-09T02:30:04.085369+00:00",
  "league_id": 1384,
  "endpoints_attempted": [
    "/markets/active",
    "/orders",
    "/orders",
    "/orders",
    "/orders",
    "/trades",
    "/trades",
    "/trades",
    "/trades"
  ],
  "endpoint_failures": [],
  "rows_written": {
    "markets": 6,
    "best_line": 30,
    "orderbook": 49,
    "trades": 172,
    "roster_events": 0
  },
  "rows_deduped": {
    "markets": 68,
    "best_line": 118,
    "orderbook": 88,
    "trades": 0,
    "roster_events": 0
  },
  "raw_counts": {
    "markets": 74,
    "orderbook": 137,
    "best_line": 148,
    "trades": 172
  },
  "finished_ts": "2026-08-09T02:30:12.774408+00:00"
}
{
  "cycle_id": "b6d6fb25-a461-46f3-b3a4-d90e48c9ff2a",
  "started_ts": "2026-08-09T02:35:04.622053+00:00",
  "league_id": 1384,
  "endpoints_attempted": [
    "/markets/active",
    "/orders",
    "/orders",
    "/orders",
    "/orders",
    "/trades",
    "/trades",
    "/trades",
    "/trades"
  ],
  "endpoint_failures": [],
  "rows_written": {
    "markets": 2,
    "best_line": 26,
    "orderbook": 44,
    "trades": 166,
    "roster_events": 9
  },
  "rows_deduped": {
    "markets": 63,
    "best_line": 104,
    "orderbook": 89,
    "trades": 0,
    "roster_events": 0
  },
  "raw_counts": {
    "markets": 65,
    "orderbook": 133,
    "best_line": 130,
    "trades": 166
  },
  "finished_ts": "2026-08-09T02:35:13.372456+00:00"
}
{
  "cycle_id": "514378d9-8f3b-4fbc-adcf-76feef11481f",
  "started_ts": "2026-08-09T02:40:04.275768+00:00",
  "league_id": 1384,
  "endpoints_attempted": [
    "/markets/active",
    "/orders",
    "/orders",
    "/orders",
    "/orders",
    "/trades",
    "/trades",
    "/trades",
    "/trades"
  ],
  "endpoint_failures": [],
  "rows_written": {
    "markets": 34,
    "best_line": 18,
    "orderbook": 40,
    "trades": 166,
    "roster_events": 4
  },
  "rows_deduped": {
    "markets": 27,
    "best_line": 104,
    "orderbook": 95,
    "trades": 0,
    "roster_events": 0
  },
  "raw_counts": {
    "markets": 61,
    "orderbook": 135,
    "best_line": 122,
    "trades": 166
  },
  "finished_ts": "2026-08-09T02:40:12.770111+00:00"
}
{
  "cycle_id": "8a0bf872-0b1d-4fe8-8132-b4b1d90e3e9f",
  "started_ts": "2026-08-09T02:45:06.212283+00:00",
  "league_id": 1384,
  "endpoints_attempted": [
    "/markets/active",
    "/orders",
    "/orders",
    "/orders",
    "/orders",
    "/trades",
    "/trades",
    "/trades",
    "/trades"
  ],
  "endpoint_failures": [],
  "rows_written": {
    "markets": 0,
    "best_line": 19,
    "orderbook": 42,
    "trades": 166,
    "roster_events": 0
  },
  "rows_deduped": {
    "markets": 61,
    "best_line": 103,
    "orderbook": 92,
    "trades": 0,
    "roster_events": 0
  },
  "raw_counts": {
    "markets": 61,
    "orderbook": 134,
    "best_line": 122,
    "trades": 166
  },
  "finished_ts": "2026-08-09T02:45:15.343772+00:00"
}
{
  "cycle_id": "cf3c37e3-eafd-46a7-813e-15736c365aae",
  "started_ts": "2026-08-09T02:50:03.715111+00:00",
  "league_id": 1384,
  "endpoints_attempted": [
    "/markets/active",
    "/orders",
    "/orders",
    "/orders",
    "/orders",
    "/trades",
    "/trades",
    "/trades",
    "/trades"
  ],
  "endpoint_failures": [],
  "rows_written": {
    "markets": 0,
    "best_line": 22,
    "orderbook": 30,
    "trades": 166,
    "roster_events": 0
  },
  "rows_deduped": {
    "markets": 61,
    "best_line": 100,
    "orderbook": 87,
    "trades": 0,
    "roster_events": 0
  },
  "raw_counts": {
    "markets": 61,
    "orderbook": 117,
    "best_line": 122,
    "trades": 166
  },
  "finished_ts": "2026-08-09T02:50:12.186567+00:00"
}
{
  "cycle_id": "99010657-6178-41da-947f-30488d7d733e",
  "started_ts": "2026-08-09T02:55:04.048437+00:00",
  "league_id": 1384,
  "endpoints_attempted": [
    "/markets/active",
    "/orders",
    "/orders",
    "/trades",
    "/trades"
  ],
  "endpoint_failures": [],
  "rows_written": {
    "markets": 0,
    "best_line": 17,
    "orderbook": 38,
    "trades": 6,
    "roster_events": 34
  },
  "rows_deduped": {
    "markets": 27,
    "best_line": 37,
    "orderbook": 74,
    "trades": 0,
    "roster_events": 0
  },
  "raw_counts": {
    "markets": 27,
    "orderbook": 112,
    "best_line": 54,
    "trades": 6
  },
  "finished_ts": "2026-08-09T02:55:08.312181+00:00"
}
{
  "cycle_id": "b4c4ea88-9303-46b4-8011-9be2c9459772",
  "started_ts": "2026-08-09T03:00:06.079263+00:00",
  "league_id": 1384,
  "endpoints_attempted": [
    "/markets/active",
    "/orders",
    "/orders",
    "/trades",
    "/trades"
  ],
  "endpoint_failures": [],
  "rows_written": {
    "markets": 0,
    "best_line": 19,
    "orderbook": 42,
    "trades": 6,
    "roster_events": 0
  },
  "rows_deduped": {
    "markets": 27,
    "best_line": 35,
    "orderbook": 70,
    "trades": 0,
    "roster_events": 0
  },
  "raw_counts": {
    "markets": 27,
    "orderbook": 112,
    "best_line": 54,
    "trades": 6
  },
  "finished_ts": "2026-08-09T03:00:11.566337+00:00"
}
{
  "cycle_id": "0e8b2e1c-2151-4e4b-8cc7-660e94cb7046",
  "started_ts": "2026-08-09T03:05:02.978566+00:00",
  "league_id": 1384,
  "endpoints_attempted": [
    "/markets/active",
    "/orders",
    "/orders",
    "/trades",
    "/trades"
  ],
  "endpoint_failures": [],
  "rows_written": {
    "markets": 0,
    "best_line": 17,
    "orderbook": 20,
    "trades": 6,
    "roster_events": 0
  },
  "rows_deduped": {
    "markets": 27,
    "best_line": 37,
    "orderbook": 91,
    "trades": 0,
    "roster_events": 0
  },
  "raw_counts": {
    "markets": 27,
    "orderbook": 111,
    "best_line": 54,
    "trades": 6
  },
  "finished_ts": "2026-08-09T03:05:07.266843+00:00"
}
{
  "cycle_id": "ae705732-4195-47bc-9687-62920fb37c4f",
  "started_ts": "2026-08-09T03:10:04.036151+00:00",
  "league_id": 1384,
  "endpoints_attempted": [
    "/markets/active",
    "/orders",
    "/orders",
    "/trades",
    "/trades"
  ],
  "endpoint_failures": [],
  "rows_written": {
    "markets": 0,
    "best_line": 12,
    "orderbook": 16,
    "trades": 6,
    "roster_events": 0
  },
  "rows_deduped": {
    "markets": 27,
    "best_line": 42,
    "orderbook": 95,
    "trades": 0,
    "roster_events": 0
  },
  "raw_counts": {
    "markets": 27,
    "orderbook": 111,
    "best_line": 54,
    "trades": 6
  },
  "finished_ts": "2026-08-09T03:10:08.310482+00:00"
}
{
  "cycle_id": "25480190-d78c-4ff4-a31a-cb40cd4eb0f6",
  "started_ts": "2026-08-09T03:15:05.671025+00:00",
  "league_id": 1384,
  "endpoints_attempted": [
    "/markets/active",
    "/orders",
    "/orders",
    "/trades",
    "/trades"
  ],
  "endpoint_failures": [],
  "rows_written": {
    "markets": 0,
    "best_line": 16,
    "orderbook": 27,
    "trades": 6,
    "roster_events": 0
  },
  "rows_deduped": {
    "markets": 27,
    "best_line": 38,
    "orderbook": 85,
    "trades": 0,
    "roster_events": 0
  },
  "raw_counts": {
    "markets": 27,
    "orderbook": 112,
    "best_line": 54,
    "trades": 6
  },
  "finished_ts": "2026-08-09T03:15:10.182128+00:00"
}
{
  "cycle_id": "51c7e32a-8568-4abd-afed-9e54f1e41f17",
  "started_ts": "2026-08-09T03:20:02.790706+00:00",
  "league_id": 1384,
  "endpoints_attempted": [
    "/markets/active",
    "/orders",
    "/orders",
    "/trades",
    "/trades"
  ],
  "endpoint_failures": [],
  "rows_written": {
    "markets": 7,
    "best_line": 54,
    "orderbook": 69,
    "trades": 6,
    "roster_events": 0
  },
  "rows_deduped": {
    "markets": 27,
    "best_line": 14,
    "orderbook": 42,
    "trades": 0,
    "roster_events": 0
  },
  "raw_counts": {
    "markets": 34,
    "orderbook": 111,
    "best_line": 68,
    "trades": 6
  },
  "finished_ts": "2026-08-09T03:20:07.058068+00:00"
}
{
  "cycle_id": "9b348339-ea82-4df0-9079-aa161e8948bc",
  "started_ts": "2026-08-09T03:25:02.638970+00:00",
  "league_id": 1384,
  "endpoints_attempted": [
    "/markets/active",
    "/orders",
    "/orders",
    "/trades",
    "/trades"
  ],
  "endpoint_failures": [],
  "rows_written": {
    "markets": 2,
    "best_line": 28,
    "orderbook": 20,
    "trades": 6,
    "roster_events": 0
  },
  "rows_deduped": {
    "markets": 33,
    "best_line": 42,
    "orderbook": 91,
    "trades": 0,
    "roster_events": 0
  },
  "raw_counts": {
    "markets": 35,
    "orderbook": 111,
    "best_line": 70,
    "trades": 6
  },
  "finished_ts": "2026-08-09T03:25:06.898310+00:00"
}
{
  "cycle_id": "503a92cf-6fc8-4e6f-9e3a-92d4e34b4a66",
  "started_ts": "2026-08-09T03:30:03.668060+00:00",
  "league_id": 1384,
  "endpoints_attempted": [
    "/markets/active",
    "/orders",
    "/orders",
    "/trades",
    "/trades"
  ],
  "endpoint_failures": [],
  "rows_written": {
    "markets": 2,
    "best_line": 26,
    "orderbook": 19,
    "trades": 8,
    "roster_events": 0
  },
  "rows_deduped": {
    "markets": 34,
    "best_line": 46,
    "orderbook": 93,
    "trades": 0,
    "roster_events": 0
  },
  "raw_counts": {
    "markets": 36,
    "orderbook": 112,
    "best_line": 72,
    "trades": 8
  },
  "finished_ts": "2026-08-09T03:30:08.205851+00:00"
}
{
  "cycle_id": "8c303aa1-215f-43e0-a3e1-cff3b15574c1",
  "started_ts": "2026-08-09T03:35:04.222803+00:00",
  "league_id": 1384,
  "endpoints_attempted": [
    "/markets/active",
    "/orders",
    "/orders",
    "/trades",
    "/trades"
  ],
  "endpoint_failures": [],
  "rows_written": {
    "markets": 2,
    "best_line": 5,
    "orderbook": 3,
    "trades": 8,
    "roster_events": 0
  },
  "rows_deduped": {
    "markets": 34,
    "best_line": 67,
    "orderbook": 109,
    "trades": 0,
    "roster_events": 0
  },
  "raw_counts": {
    "markets": 36,
    "orderbook": 112,
    "best_line": 72,
    "trades": 8
  },
  "finished_ts": "2026-08-09T03:35:08.580687+00:00"
}
{
  "cycle_id": "e9642cab-e822-4a59-b41e-a6db4f538fdb",
  "started_ts": "2026-08-09T03:40:04.191698+00:00",
  "league_id": 1384,
  "endpoints_attempted": [
    "/markets/active",
    "/orders",
    "/orders",
    "/trades",
    "/trades"
  ],
  "endpoint_failures": [],
  "rows_written": {
    "markets": 0,
    "best_line": 14,
    "orderbook": 10,
    "trades": 8,
    "roster_events": 0
  },
  "rows_deduped": {
    "markets": 36,
    "best_line": 58,
    "orderbook": 102,
    "trades": 0,
    "roster_events": 0
  },
  "raw_counts": {
    "markets": 36,
    "orderbook": 112,
    "best_line": 72,
    "trades": 8
  },
  "finished_ts": "2026-08-09T03:40:08.504143+00:00"
}
{
  "cycle_id": "7a43f6b6-3c8a-432f-8661-55d27af29f55",
  "started_ts": "2026-08-09T03:45:08.100767+00:00",
  "league_id": 1384,
  "endpoints_attempted": [
    "/markets/active",
    "/orders",
    "/orders",
    "/trades",
    "/trades"
  ],
  "endpoint_failures": [],
  "rows_written": {
    "markets": 0,
    "best_line": 25,
    "orderbook": 31,
    "trades": 8,
    "roster_events": 0
  },
  "rows_deduped": {
    "markets": 36,
    "best_line": 47,
    "orderbook": 78,
    "trades": 0,
    "roster_events": 0
  },
  "raw_counts": {
    "markets": 36,
    "orderbook": 109,
    "best_line": 72,
    "trades": 8
  },
  "finished_ts": "2026-08-09T03:45:12.759150+00:00"
}
{
  "cycle_id": "dffed368-7827-47f1-a959-b6f0bbd52bd2",
  "started_ts": "2026-08-09T03:50:17.683944+00:00",
  "league_id": 1384,
  "endpoints_attempted": [
    "/markets/active",
    "/orders",
    "/orders",
    "/trades",
    "/trades"
  ],
  "endpoint_failures": [],
  "rows_written": {
    "markets": 4,
    "best_line": 26,
    "orderbook": 27,
    "trades": 10,
    "roster_events": 0
  },
  "rows_deduped": {
    "markets": 33,
    "best_line": 48,
    "orderbook": 84,
    "trades": 0,
    "roster_events": 0
  },
  "raw_counts": {
    "markets": 37,
    "orderbook": 111,
    "best_line": 74,
    "trades": 10
  },
  "finished_ts": "2026-08-09T03:50:26.024412+00:00"
}
{
  "cycle_id": "fb577e13-708a-425f-b3a1-fb1ef0502a02",
  "started_ts": "2026-08-09T03:55:03.102965+00:00",
  "league_id": 1384,
  "endpoints_attempted": [
    "/markets/active",
    "/orders",
    "/orders",
    "/trades",
    "/trades"
  ],
  "endpoint_failures": [],
  "rows_written": {
    "markets": 2,
    "best_line": 31,
    "orderbook": 34,
    "trades": 10,
    "roster_events": 0
  },
  "rows_deduped": {
    "markets": 35,
    "best_line": 43,
    "orderbook": 79,
    "trades": 0,
    "roster_events": 0
  },
  "raw_counts": {
    "markets": 37,
    "orderbook": 113,
    "best_line": 74,
    "trades": 10
  },
  "finished_ts": "2026-08-09T03:55:07.474627+00:00"
}
