{
  "cycle_id": "68a2c0f3-d40d-44a9-bc7c-b6348237c5fd",
  "started_ts": "2026-08-17T04:00:03.113429+00:00",
  "league_id": 1384,
  "endpoints_attempted": [
    "/markets/active",
    "/orders",
    "/orders",
    "/trades",
    "/trades"
  ],
  "endpoint_failures": [],
  "rows_written": {
    "markets": 0,
    "best_line": 24,
    "orderbook": 34,
    "trades": 0,
    "roster_events": 0
  },
  "rows_deduped": {
    "markets": 25,
    "best_line": 26,
    "orderbook": 25,
    "trades": 0,
    "roster_events": 0
  },
  "raw_counts": {
    "markets": 25,
    "orderbook": 59,
    "best_line": 50,
    "trades": 0
  },
  "finished_ts": "2026-08-17T04:00:07.374463+00:00"
}
{
  "cycle_id": "d2cf93c4-3781-4327-aa85-3312edaed1eb",
  "started_ts": "2026-08-17T04:05:02.597951+00:00",
  "league_id": 1384,
  "endpoints_attempted": [
    "/markets/active",
    "/orders",
    "/orders",
    "/trades",
    "/trades"
  ],
  "endpoint_failures": [],
  "rows_written": {
    "markets": 0,
    "best_line": 8,
    "orderbook": 9,
    "trades": 0,
    "roster_events": 0
  },
  "rows_deduped": {
    "markets": 25,
    "best_line": 42,
    "orderbook": 49,
    "trades": 0,
    "roster_events": 0
  },
  "raw_counts": {
    "markets": 25,
    "orderbook": 58,
    "best_line": 50,
    "trades": 0
  },
  "finished_ts": "2026-08-17T04:05:06.863522+00:00"
}
{
  "cycle_id": "c0b3e660-3bf7-4a30-b962-37a65e779d4e",
  "started_ts": "2026-08-17T04:10:02.524138+00:00",
  "league_id": 1384,
  "endpoints_attempted": [
    "/markets/active",
    "/orders",
    "/orders",
    "/trades",
    "/trades"
  ],
  "endpoint_failures": [],
  "rows_written": {
    "markets": 0,
    "best_line": 9,
    "orderbook": 11,
    "trades": 0,
    "roster_events": 0
  },
  "rows_deduped": {
    "markets": 25,
    "best_line": 41,
    "orderbook": 46,
    "trades": 0,
    "roster_events": 0
  },
  "raw_counts": {
    "markets": 25,
    "orderbook": 57,
    "best_line": 50,
    "trades": 0
  },
  "finished_ts": "2026-08-17T04:10:06.773315+00:00"
}
{
  "cycle_id": "21a11086-e78d-484b-922f-e44e1602cd61",
  "started_ts": "2026-08-17T04:15:03.313401+00:00",
  "league_id": 1384,
  "endpoints_attempted": [
    "/markets/active",
    "/orders",
    "/orders",
    "/trades",
    "/trades"
  ],
  "endpoint_failures": [],
  "rows_written": {
    "markets": 0,
    "best_line": 23,
    "orderbook": 28,
    "trades": 0,
    "roster_events": 0
  },
  "rows_deduped": {
    "markets": 25,
    "best_line": 27,
    "orderbook": 30,
    "trades": 0,
    "roster_events": 0
  },
  "raw_counts": {
    "markets": 25,
    "orderbook": 58,
    "best_line": 50,
    "trades": 0
  },
  "finished_ts": "2026-08-17T04:15:07.558763+00:00"
}
{
  "cycle_id": "9c5ab0ea-3ba7-42dc-bd8b-ba396eb99baa",
  "started_ts": "2026-08-17T04:20:02.530883+00:00",
  "league_id": 1384,
  "endpoints_attempted": [
    "/markets/active",
    "/orders",
    "/orders",
    "/trades",
    "/trades"
  ],
  "endpoint_failures": [],
  "rows_written": {
    "markets": 0,
    "best_line": 5,
    "orderbook": 5,
    "trades": 0,
    "roster_events": 0
  },
  "rows_deduped": {
    "markets": 25,
    "best_line": 45,
    "orderbook": 51,
    "trades": 0,
    "roster_events": 0
  },
  "raw_counts": {
    "markets": 25,
    "orderbook": 56,
    "best_line": 50,
    "trades": 0
  },
  "finished_ts": "2026-08-17T04:20:06.784327+00:00"
}
{
  "cycle_id": "d3c2d580-dd4b-4e82-b79e-4b5590f7f7cc",
  "started_ts": "2026-08-17T04:25:02.539528+00:00",
  "league_id": 1384,
  "endpoints_attempted": [
    "/markets/active",
    "/orders",
    "/orders",
    "/trades",
    "/trades"
  ],
  "endpoint_failures": [],
  "rows_written": {
    "markets": 2,
    "best_line": 19,
    "orderbook": 29,
    "trades": 0,
    "roster_events": 0
  },
  "rows_deduped": {
    "markets": 23,
    "best_line": 31,
    "orderbook": 31,
    "trades": 0,
    "roster_events": 0
  },
  "raw_counts": {
    "markets": 25,
    "orderbook": 60,
    "best_line": 50,
    "trades": 0
  },
  "finished_ts": "2026-08-17T04:25:06.811854+00:00"
}
{
  "cycle_id": "70ffa90f-39e1-4a20-bad8-f52067b60e69",
  "started_ts": "2026-08-17T04:30:03.302732+00:00",
  "league_id": 1384,
  "endpoints_attempted": [
    "/markets/active",
    "/orders",
    "/orders",
    "/trades",
    "/trades"
  ],
  "endpoint_failures": [],
  "rows_written": {
    "markets": 2,
    "best_line": 6,
    "orderbook": 9,
    "trades": 0,
    "roster_events": 0
  },
  "rows_deduped": {
    "markets": 23,
    "best_line": 44,
    "orderbook": 52,
    "trades": 0,
    "roster_events": 0
  },
  "raw_counts": {
    "markets": 25,
    "orderbook": 61,
    "best_line": 50,
    "trades": 0
  },
  "finished_ts": "2026-08-17T04:30:07.551645+00:00"
}
{
  "cycle_id": "fa72960d-4584-447b-9519-b31d560da4ea",
  "started_ts": "2026-08-17T04:35:02.571780+00:00",
  "league_id": 1384,
  "endpoints_attempted": [
    "/markets/active",
    "/orders",
    "/orders",
    "/trades",
    "/trades"
  ],
  "endpoint_failures": [],
  "rows_written": {
    "markets": 0,
    "best_line": 4,
    "orderbook": 5,
    "trades": 0,
    "roster_events": 0
  },
  "rows_deduped": {
    "markets": 25,
    "best_line": 46,
    "orderbook": 55,
    "trades": 0,
    "roster_events": 0
  },
  "raw_counts": {
    "markets": 25,
    "orderbook": 60,
    "best_line": 50,
    "trades": 0
  },
  "finished_ts": "2026-08-17T04:35:06.821571+00:00"
}
{
  "cycle_id": "694d7102-df99-42a0-9a5d-407d2eb72ffa",
  "started_ts": "2026-08-17T04:40:02.557222+00:00",
  "league_id": 1384,
  "endpoints_attempted": [
    "/markets/active",
    "/orders",
    "/orders",
    "/trades",
    "/trades"
  ],
  "endpoint_failures": [],
  "rows_written": {
    "markets": 0,
    "best_line": 23,
    "orderbook": 33,
    "trades": 0,
    "roster_events": 0
  },
  "rows_deduped": {
    "markets": 25,
    "best_line": 27,
    "orderbook": 28,
    "trades": 0,
    "roster_events": 0
  },
  "raw_counts": {
    "markets": 25,
    "orderbook": 61,
    "best_line": 50,
    "trades": 0
  },
  "finished_ts": "2026-08-17T04:40:06.831763+00:00"
}
{
  "cycle_id": "48dd09d6-4fb2-4416-aff0-c13377a3f33a",
  "started_ts": "2026-08-17T04:45:03.379625+00:00",
  "league_id": 1384,
  "endpoints_attempted": [
    "/markets/active",
    "/orders",
    "/orders",
    "/trades",
    "/trades"
  ],
  "endpoint_failures": [],
  "rows_written": {
    "markets": 2,
    "best_line": 7,
    "orderbook": 2,
    "trades": 0,
    "roster_events": 0
  },
  "rows_deduped": {
    "markets": 24,
    "best_line": 45,
    "orderbook": 54,
    "trades": 0,
    "roster_events": 0
  },
  "raw_counts": {
    "markets": 26,
    "orderbook": 56,
    "best_line": 52,
    "trades": 0
  },
  "finished_ts": "2026-08-17T04:45:07.689728+00:00"
}
{
  "cycle_id": "f5ab2125-2784-4a0d-bb6d-ab7d3651dca9",
  "started_ts": "2026-08-17T04:50:02.563509+00:00",
  "league_id": 1384,
  "endpoints_attempted": [
    "/markets/active",
    "/orders",
    "/orders",
    "/trades",
    "/trades"
  ],
  "endpoint_failures": [],
  "rows_written": {
    "markets": 0,
    "best_line": 9,
    "orderbook": 14,
    "trades": 0,
    "roster_events": 0
  },
  "rows_deduped": {
    "markets": 26,
    "best_line": 43,
    "orderbook": 45,
    "trades": 0,
    "roster_events": 0
  },
  "raw_counts": {
    "markets": 26,
    "orderbook": 59,
    "best_line": 52,
    "trades": 0
  },
  "finished_ts": "2026-08-17T04:50:06.830782+00:00"
}
{
  "cycle_id": "fa490bd0-ed4a-4eeb-8be8-a57f3688df95",
  "started_ts": "2026-08-17T04:55:02.713315+00:00",
  "league_id": 1384,
  "endpoints_attempted": [
    "/markets/active",
    "/orders",
    "/orders",
    "/trades",
    "/trades"
  ],
  "endpoint_failures": [],
  "rows_written": {
    "markets": 0,
    "best_line": 6,
    "orderbook": 6,
    "trades": 0,
    "roster_events": 0
  },
  "rows_deduped": {
    "markets": 26,
    "best_line": 46,
    "orderbook": 51,
    "trades": 0,
    "roster_events": 0
  },
  "raw_counts": {
    "markets": 26,
    "orderbook": 57,
    "best_line": 52,
    "trades": 0
  },
  "finished_ts": "2026-08-17T04:55:06.963544+00:00"
}
{
  "cycle_id": "d8d6159e-759f-4208-b5f9-074290e5c5b1",
  "started_ts": "2026-08-17T05:00:03.119251+00:00",
  "league_id": 1384,
  "endpoints_attempted": [
    "/markets/active",
    "/orders",
    "/orders",
    "/trades",
    "/trades"
  ],
  "endpoint_failures": [],
  "rows_written": {
    "markets": 2,
    "best_line": 9,
    "orderbook": 9,
    "trades": 0,
    "roster_events": 0
  },
  "rows_deduped": {
    "markets": 24,
    "best_line": 43,
    "orderbook": 48,
    "trades": 0,
    "roster_events": 0
  },
  "raw_counts": {
    "markets": 26,
    "orderbook": 57,
    "best_line": 52,
    "trades": 0
  },
  "finished_ts": "2026-08-17T05:00:07.390919+00:00"
}
{
  "cycle_id": "74d9dced-830f-4992-bf06-c4237b03a36c",
  "started_ts": "2026-08-17T05:05:02.554690+00:00",
  "league_id": 1384,
  "endpoints_attempted": [
    "/markets/active",
    "/orders",
    "/orders",
    "/trades",
    "/trades"
  ],
  "endpoint_failures": [],
  "rows_written": {
    "markets": 0,
    "best_line": 6,
    "orderbook": 12,
    "trades": 0,
    "roster_events": 0
  },
  "rows_deduped": {
    "markets": 26,
    "best_line": 46,
    "orderbook": 50,
    "trades": 0,
    "roster_events": 0
  },
  "raw_counts": {
    "markets": 26,
    "orderbook": 62,
    "best_line": 52,
    "trades": 0
  },
  "finished_ts": "2026-08-17T05:05:06.823820+00:00"
}
{
  "cycle_id": "d77071bc-14bf-489c-a628-ee8249eec705",
  "started_ts": "2026-08-17T05:10:02.769548+00:00",
  "league_id": 1384,
  "endpoints_attempted": [
    "/markets/active",
    "/orders",
    "/orders",
    "/trades",
    "/trades"
  ],
  "endpoint_failures": [],
  "rows_written": {
    "markets": 0,
    "best_line": 5,
    "orderbook": 6,
    "trades": 0,
    "roster_events": 0
  },
  "rows_deduped": {
    "markets": 26,
    "best_line": 47,
    "orderbook": 53,
    "trades": 0,
    "roster_events": 0
  },
  "raw_counts": {
    "markets": 26,
    "orderbook": 59,
    "best_line": 52,
    "trades": 0
  },
  "finished_ts": "2026-08-17T05:10:07.022968+00:00"
}
{
  "cycle_id": "f5dcd91d-beb9-459b-8fbf-024acf34e222",
  "started_ts": "2026-08-17T05:15:03.093354+00:00",
  "league_id": 1384,
  "endpoints_attempted": [
    "/markets/active",
    "/orders",
    "/orders",
    "/trades",
    "/trades"
  ],
  "endpoint_failures": [],
  "rows_written": {
    "markets": 2,
    "best_line": 3,
    "orderbook": 3,
    "trades": 0,
    "roster_events": 0
  },
  "rows_deduped": {
    "markets": 24,
    "best_line": 49,
    "orderbook": 56,
    "trades": 0,
    "roster_events": 0
  },
  "raw_counts": {
    "markets": 26,
    "orderbook": 59,
    "best_line": 52,
    "trades": 0
  },
  "finished_ts": "2026-08-17T05:15:07.371091+00:00"
}
{
  "cycle_id": "7b3d6031-0604-4154-8404-58b3390e4aa0",
  "started_ts": "2026-08-17T05:20:04.148732+00:00",
  "league_id": 1384,
  "endpoints_attempted": [
    "/markets/active",
    "/orders",
    "/orders",
    "/trades",
    "/trades"
  ],
  "endpoint_failures": [],
  "rows_written": {
    "markets": 0,
    "best_line": 22,
    "orderbook": 36,
    "trades": 0,
    "roster_events": 0
  },
  "rows_deduped": {
    "markets": 26,
    "best_line": 30,
    "orderbook": 22,
    "trades": 0,
    "roster_events": 0
  },
  "raw_counts": {
    "markets": 26,
    "orderbook": 58,
    "best_line": 52,
    "trades": 0
  },
  "finished_ts": "2026-08-17T05:20:08.405935+00:00"
}
{
  "cycle_id": "8bc68089-d844-4f82-a458-ab3a73c9b114",
  "started_ts": "2026-08-17T05:25:02.788555+00:00",
  "league_id": 1384,
  "endpoints_attempted": [
    "/markets/active",
    "/orders",
    "/orders",
    "/trades",
    "/trades"
  ],
  "endpoint_failures": [],
  "rows_written": {
    "markets": 2,
    "best_line": 8,
    "orderbook": 8,
    "trades": 0,
    "roster_events": 0
  },
  "rows_deduped": {
    "markets": 24,
    "best_line": 44,
    "orderbook": 49,
    "trades": 0,
    "roster_events": 0
  },
  "raw_counts": {
    "markets": 26,
    "orderbook": 57,
    "best_line": 52,
    "trades": 0
  },
  "finished_ts": "2026-08-17T05:25:07.037484+00:00"
}
{
  "cycle_id": "b62127cd-66c6-43a3-9081-fe7d2e227239",
  "started_ts": "2026-08-17T05:30:03.176687+00:00",
  "league_id": 1384,
  "endpoints_attempted": [
    "/markets/active",
    "/orders",
    "/orders",
    "/trades",
    "/trades"
  ],
  "endpoint_failures": [],
  "rows_written": {
    "markets": 0,
    "best_line": 4,
    "orderbook": 5,
    "trades": 0,
    "roster_events": 0
  },
  "rows_deduped": {
    "markets": 26,
    "best_line": 48,
    "orderbook": 54,
    "trades": 0,
    "roster_events": 0
  },
  "raw_counts": {
    "markets": 26,
    "orderbook": 59,
    "best_line": 52,
    "trades": 0
  },
  "finished_ts": "2026-08-17T05:30:07.461660+00:00"
}
{
  "cycle_id": "328c91b9-fbbc-4498-83ad-6b7727c1a0ea",
  "started_ts": "2026-08-17T05:35:02.647827+00:00",
  "league_id": 1384,
  "endpoints_attempted": [
    "/markets/active",
    "/orders",
    "/orders",
    "/trades",
    "/trades"
  ],
  "endpoint_failures": [],
  "rows_written": {
    "markets": 0,
    "best_line": 6,
    "orderbook": 9,
    "trades": 0,
    "roster_events": 0
  },
  "rows_deduped": {
    "markets": 26,
    "best_line": 46,
    "orderbook": 51,
    "trades": 0,
    "roster_events": 0
  },
  "raw_counts": {
    "markets": 26,
    "orderbook": 60,
    "best_line": 52,
    "trades": 0
  },
  "finished_ts": "2026-08-17T05:35:06.909503+00:00"
}
{
  "cycle_id": "92922959-87d3-4af4-9394-840ac590b9e5",
  "started_ts": "2026-08-17T05:40:02.579900+00:00",
  "league_id": 1384,
  "endpoints_attempted": [
    "/markets/active",
    "/orders",
    "/orders",
    "/trades",
    "/trades"
  ],
  "endpoint_failures": [],
  "rows_written": {
    "markets": 0,
    "best_line": 5,
    "orderbook": 8,
    "trades": 0,
    "roster_events": 0
  },
  "rows_deduped": {
    "markets": 26,
    "best_line": 47,
    "orderbook": 52,
    "trades": 0,
    "roster_events": 0
  },
  "raw_counts": {
    "markets": 26,
    "orderbook": 60,
    "best_line": 52,
    "trades": 0
  },
  "finished_ts": "2026-08-17T05:40:06.826038+00:00"
}
{
  "cycle_id": "7001228e-badb-4320-8f51-5fb49e04aa24",
  "started_ts": "2026-08-17T05:45:02.959428+00:00",
  "league_id": 1384,
  "endpoints_attempted": [
    "/markets/active",
    "/orders",
    "/orders",
    "/trades",
    "/trades"
  ],
  "endpoint_failures": [],
  "rows_written": {
    "markets": 0,
    "best_line": 3,
    "orderbook": 3,
    "trades": 0,
    "roster_events": 0
  },
  "rows_deduped": {
    "markets": 26,
    "best_line": 49,
    "orderbook": 57,
    "trades": 0,
    "roster_events": 0
  },
  "raw_counts": {
    "markets": 26,
    "orderbook": 60,
    "best_line": 52,
    "trades": 0
  },
  "finished_ts": "2026-08-17T05:45:07.231054+00:00"
}
{
  "cycle_id": "c7db9cc0-cdfa-4a6c-aac1-0f720b291b05",
  "started_ts": "2026-08-17T05:50:02.546831+00:00",
  "league_id": 1384,
  "endpoints_attempted": [
    "/markets/active",
    "/orders",
    "/orders",
    "/trades",
    "/trades"
  ],
  "endpoint_failures": [],
  "rows_written": {
    "markets": 0,
    "best_line": 9,
    "orderbook": 6,
    "trades": 0,
    "roster_events": 0
  },
  "rows_deduped": {
    "markets": 26,
    "best_line": 43,
    "orderbook": 50,
    "trades": 0,
    "roster_events": 0
  },
  "raw_counts": {
    "markets": 26,
    "orderbook": 56,
    "best_line": 52,
    "trades": 0
  },
  "finished_ts": "2026-08-17T05:50:06.816806+00:00"
}
{
  "cycle_id": "6b95e501-2c7f-4313-a1cf-778d9e83e4b1",
  "started_ts": "2026-08-17T05:55:03.287304+00:00",
  "league_id": 1384,
  "endpoints_attempted": [
    "/markets/active",
    "/orders",
    "/orders",
    "/trades",
    "/trades"
  ],
  "endpoint_failures": [],
  "rows_written": {
    "markets": 0,
    "best_line": 14,
    "orderbook": 17,
    "trades": 0,
    "roster_events": 0
  },
  "rows_deduped": {
    "markets": 26,
    "best_line": 38,
    "orderbook": 39,
    "trades": 0,
    "roster_events": 0
  },
  "raw_counts": {
    "markets": 26,
    "orderbook": 56,
    "best_line": 52,
    "trades": 0
  },
  "finished_ts": "2026-08-17T05:55:07.567555+00:00"
}
{
  "cycle_id": "c92bbe8f-a25e-4e4d-b4c6-008a2a8508de",
  "started_ts": "2026-08-17T06:00:03.219163+00:00",
  "league_id": 1384,
  "endpoints_attempted": [
    "/markets/active",
    "/orders",
    "/orders",
    "/trades",
    "/trades"
  ],
  "endpoint_failures": [],
  "rows_written": {
    "markets": 0,
    "best_line": 7,
    "orderbook": 9,
    "trades": 0,
    "roster_events": 0
  },
  "rows_deduped": {
    "markets": 26,
    "best_line": 45,
    "orderbook": 47,
    "trades": 0,
    "roster_events": 0
  },
  "raw_counts": {
    "markets": 26,
    "orderbook": 56,
    "best_line": 52,
    "trades": 0
  },
  "finished_ts": "2026-08-17T06:00:07.482987+00:00"
}
{
  "cycle_id": "cfe0b65c-5d01-4623-8d10-63230cd372ee",
  "started_ts": "2026-08-17T06:05:02.602425+00:00",
  "league_id": 1384,
  "endpoints_attempted": [
    "/markets/active",
    "/orders",
    "/orders",
    "/trades",
    "/trades"
  ],
  "endpoint_failures": [],
  "rows_written": {
    "markets": 0,
    "best_line": 4,
    "orderbook": 5,
    "trades": 0,
    "roster_events": 0
  },
  "rows_deduped": {
    "markets": 26,
    "best_line": 48,
    "orderbook": 50,
    "trades": 0,
    "roster_events": 0
  },
  "raw_counts": {
    "markets": 26,
    "orderbook": 55,
    "best_line": 52,
    "trades": 0
  },
  "finished_ts": "2026-08-17T06:05:06.868433+00:00"
}
{
  "cycle_id": "b378d901-ae6e-4bac-9175-6ac7472363ca",
  "started_ts": "2026-08-17T06:10:03.935688+00:00",
  "league_id": 1384,
  "endpoints_attempted": [
    "/markets/active",
    "/orders",
    "/orders",
    "/trades",
    "/trades"
  ],
  "endpoint_failures": [],
  "rows_written": {
    "markets": 0,
    "best_line": 2,
    "orderbook": 3,
    "trades": 0,
    "roster_events": 0
  },
  "rows_deduped": {
    "markets": 26,
    "best_line": 50,
    "orderbook": 51,
    "trades": 0,
    "roster_events": 0
  },
  "raw_counts": {
    "markets": 26,
    "orderbook": 54,
    "best_line": 52,
    "trades": 0
  },
  "finished_ts": "2026-08-17T06:10:08.182966+00:00"
}
{
  "cycle_id": "3adad2db-e9a3-4e92-8bb7-b1b9161dd290",
  "started_ts": "2026-08-17T06:15:03.601129+00:00",
  "league_id": 1384,
  "endpoints_attempted": [
    "/markets/active",
    "/orders",
    "/orders",
    "/trades",
    "/trades"
  ],
  "endpoint_failures": [],
  "rows_written": {
    "markets": 0,
    "best_line": 6,
    "orderbook": 7,
    "trades": 0,
    "roster_events": 0
  },
  "rows_deduped": {
    "markets": 26,
    "best_line": 46,
    "orderbook": 51,
    "trades": 0,
    "roster_events": 0
  },
  "raw_counts": {
    "markets": 26,
    "orderbook": 58,
    "best_line": 52,
    "trades": 0
  },
  "finished_ts": "2026-08-17T06:15:07.851364+00:00"
}
{
  "cycle_id": "7d464fee-5d2a-4df3-9a28-767afb5e4d85",
  "started_ts": "2026-08-17T06:20:02.606885+00:00",
  "league_id": 1384,
  "endpoints_attempted": [
    "/markets/active",
    "/orders",
    "/orders",
    "/trades",
    "/trades"
  ],
  "endpoint_failures": [],
  "rows_written": {
    "markets": 0,
    "best_line": 3,
    "orderbook": 6,
    "trades": 0,
    "roster_events": 0
  },
  "rows_deduped": {
    "markets": 26,
    "best_line": 49,
    "orderbook": 51,
    "trades": 0,
    "roster_events": 0
  },
  "raw_counts": {
    "markets": 26,
    "orderbook": 57,
    "best_line": 52,
    "trades": 0
  },
  "finished_ts": "2026-08-17T06:20:06.879765+00:00"
}
{
  "cycle_id": "e7e85345-70c4-42c0-9da4-965be740d738",
  "started_ts": "2026-08-17T06:25:02.569110+00:00",
  "league_id": 1384,
  "endpoints_attempted": [
    "/markets/active",
    "/orders",
    "/orders",
    "/trades",
    "/trades"
  ],
  "endpoint_failures": [],
  "rows_written": {
    "markets": 0,
    "best_line": 5,
    "orderbook": 9,
    "trades": 0,
    "roster_events": 0
  },
  "rows_deduped": {
    "markets": 26,
    "best_line": 47,
    "orderbook": 48,
    "trades": 0,
    "roster_events": 0
  },
  "raw_counts": {
    "markets": 26,
    "orderbook": 57,
    "best_line": 52,
    "trades": 0
  },
  "finished_ts": "2026-08-17T06:25:06.850909+00:00"
}
{
  "cycle_id": "80dab0e2-6544-43b2-b4e5-9fe3fb76fb53",
  "started_ts": "2026-08-17T06:30:03.113720+00:00",
  "league_id": 1384,
  "endpoints_attempted": [
    "/markets/active",
    "/orders",
    "/orders",
    "/trades",
    "/trades"
  ],
  "endpoint_failures": [],
  "rows_written": {
    "markets": 0,
    "best_line": 11,
    "orderbook": 16,
    "trades": 2,
    "roster_events": 0
  },
  "rows_deduped": {
    "markets": 26,
    "best_line": 41,
    "orderbook": 41,
    "trades": 0,
    "roster_events": 0
  },
  "raw_counts": {
    "markets": 26,
    "orderbook": 57,
    "best_line": 52,
    "trades": 2
  },
  "finished_ts": "2026-08-17T06:30:07.380650+00:00"
}
{
  "cycle_id": "d183e1ae-25eb-46d0-b96b-d5bf5362536b",
  "started_ts": "2026-08-17T06:35:02.601344+00:00",
  "league_id": 1384,
  "endpoints_attempted": [
    "/markets/active",
    "/orders",
    "/orders",
    "/trades",
    "/trades"
  ],
  "endpoint_failures": [],
  "rows_written": {
    "markets": 0,
    "best_line": 21,
    "orderbook": 32,
    "trades": 2,
    "roster_events": 0
  },
  "rows_deduped": {
    "markets": 26,
    "best_line": 31,
    "orderbook": 30,
    "trades": 0,
    "roster_events": 0
  },
  "raw_counts": {
    "markets": 26,
    "orderbook": 62,
    "best_line": 52,
    "trades": 2
  },
  "finished_ts": "2026-08-17T06:35:06.875849+00:00"
}
{
  "cycle_id": "36ffbcec-db2f-4d12-9831-22259143af31",
  "started_ts": "2026-08-17T06:40:03.510444+00:00",
  "league_id": 1384,
  "endpoints_attempted": [
    "/markets/active",
    "/orders",
    "/orders",
    "/trades",
    "/trades"
  ],
  "endpoint_failures": [],
  "rows_written": {
    "markets": 0,
    "best_line": 6,
    "orderbook": 7,
    "trades": 2,
    "roster_events": 0
  },
  "rows_deduped": {
    "markets": 26,
    "best_line": 46,
    "orderbook": 51,
    "trades": 0,
    "roster_events": 0
  },
  "raw_counts": {
    "markets": 26,
    "orderbook": 58,
    "best_line": 52,
    "trades": 2
  },
  "finished_ts": "2026-08-17T06:40:07.759211+00:00"
}
{
  "cycle_id": "ca53c4ba-8942-4d6a-945c-36413ed93860",
  "started_ts": "2026-08-17T06:45:03.024542+00:00",
  "league_id": 1384,
  "endpoints_attempted": [
    "/markets/active",
    "/orders",
    "/orders",
    "/trades",
    "/trades"
  ],
  "endpoint_failures": [],
  "rows_written": {
    "markets": 0,
    "best_line": 4,
    "orderbook": 5,
    "trades": 2,
    "roster_events": 0
  },
  "rows_deduped": {
    "markets": 26,
    "best_line": 48,
    "orderbook": 54,
    "trades": 0,
    "roster_events": 0
  },
  "raw_counts": {
    "markets": 26,
    "orderbook": 59,
    "best_line": 52,
    "trades": 2
  },
  "finished_ts": "2026-08-17T06:45:07.280019+00:00"
}
{
  "cycle_id": "0a061c4c-ff4e-4b84-86f1-d40b136b5c31",
  "started_ts": "2026-08-17T06:50:02.577201+00:00",
  "league_id": 1384,
  "endpoints_attempted": [
    "/markets/active",
    "/orders",
    "/orders",
    "/trades",
    "/trades"
  ],
  "endpoint_failures": [],
  "rows_written": {
    "markets": 0,
    "best_line": 20,
    "orderbook": 44,
    "trades": 2,
    "roster_events": 0
  },
  "rows_deduped": {
    "markets": 26,
    "best_line": 32,
    "orderbook": 17,
    "trades": 0,
    "roster_events": 0
  },
  "raw_counts": {
    "markets": 26,
    "orderbook": 61,
    "best_line": 52,
    "trades": 2
  },
  "finished_ts": "2026-08-17T06:50:06.831761+00:00"
}
{
  "cycle_id": "17ecf1a4-00c4-4981-9aff-1cac052db409",
  "started_ts": "2026-08-17T06:55:02.580941+00:00",
  "league_id": 1384,
  "endpoints_attempted": [
    "/markets/active",
    "/orders",
    "/orders",
    "/trades",
    "/trades"
  ],
  "endpoint_failures": [],
  "rows_written": {
    "markets": 0,
    "best_line": 14,
    "orderbook": 24,
    "trades": 2,
    "roster_events": 0
  },
  "rows_deduped": {
    "markets": 26,
    "best_line": 38,
    "orderbook": 33,
    "trades": 0,
    "roster_events": 0
  },
  "raw_counts": {
    "markets": 26,
    "orderbook": 57,
    "best_line": 52,
    "trades": 2
  },
  "finished_ts": "2026-08-17T06:55:06.830769+00:00"
}
{
  "cycle_id": "0bd1943a-79d0-4849-81bb-b8fd7be0999e",
  "started_ts": "2026-08-17T07:00:03.084314+00:00",
  "league_id": 1384,
  "endpoints_attempted": [
    "/markets/active",
    "/orders",
    "/orders",
    "/trades",
    "/trades"
  ],
  "endpoint_failures": [],
  "rows_written": {
    "markets": 0,
    "best_line": 6,
    "orderbook": 8,
    "trades": 2,
    "roster_events": 0
  },
  "rows_deduped": {
    "markets": 26,
    "best_line": 46,
    "orderbook": 51,
    "trades": 0,
    "roster_events": 0
  },
  "raw_counts": {
    "markets": 26,
    "orderbook": 59,
    "best_line": 52,
    "trades": 2
  },
  "finished_ts": "2026-08-17T07:00:07.336392+00:00"
}
{
  "cycle_id": "507bdb94-aba9-400c-aace-267a5efd9034",
  "started_ts": "2026-08-17T07:05:02.607074+00:00",
  "league_id": 1384,
  "endpoints_attempted": [
    "/markets/active",
    "/orders",
    "/orders",
    "/trades",
    "/trades"
  ],
  "endpoint_failures": [],
  "rows_written": {
    "markets": 0,
    "best_line": 4,
    "orderbook": 8,
    "trades": 2,
    "roster_events": 0
  },
  "rows_deduped": {
    "markets": 26,
    "best_line": 48,
    "orderbook": 53,
    "trades": 0,
    "roster_events": 0
  },
  "raw_counts": {
    "markets": 26,
    "orderbook": 61,
    "best_line": 52,
    "trades": 2
  },
  "finished_ts": "2026-08-17T07:05:06.860620+00:00"
}
{
  "cycle_id": "8a871d2d-31b6-4880-88c5-903b0b86e4d6",
  "started_ts": "2026-08-17T07:10:03.520569+00:00",
  "league_id": 1384,
  "endpoints_attempted": [
    "/markets/active",
    "/orders",
    "/orders",
    "/trades",
    "/trades"
  ],
  "endpoint_failures": [],
  "rows_written": {
    "markets": 0,
    "best_line": 12,
    "orderbook": 27,
    "trades": 2,
    "roster_events": 0
  },
  "rows_deduped": {
    "markets": 26,
    "best_line": 40,
    "orderbook": 35,
    "trades": 0,
    "roster_events": 0
  },
  "raw_counts": {
    "markets": 26,
    "orderbook": 62,
    "best_line": 52,
    "trades": 2
  },
  "finished_ts": "2026-08-17T07:10:07.769081+00:00"
}
{
  "cycle_id": "4c216b02-9c92-4f88-b99e-5eaf20eff80c",
  "started_ts": "2026-08-17T07:15:03.217986+00:00",
  "league_id": 1384,
  "endpoints_attempted": [
    "/markets/active",
    "/orders",
    "/orders",
    "/trades",
    "/trades"
  ],
  "endpoint_failures": [],
  "rows_written": {
    "markets": 0,
    "best_line": 6,
    "orderbook": 7,
    "trades": 2,
    "roster_events": 0
  },
  "rows_deduped": {
    "markets": 26,
    "best_line": 46,
    "orderbook": 54,
    "trades": 0,
    "roster_events": 0
  },
  "raw_counts": {
    "markets": 26,
    "orderbook": 61,
    "best_line": 52,
    "trades": 2
  },
  "finished_ts": "2026-08-17T07:15:07.471468+00:00"
}
{
  "cycle_id": "1fc793d9-e810-4e82-8ee5-89353fb96f88",
  "started_ts": "2026-08-17T07:20:02.668618+00:00",
  "league_id": 1384,
  "endpoints_attempted": [
    "/markets/active",
    "/orders",
    "/orders",
    "/trades",
    "/trades"
  ],
  "endpoint_failures": [],
  "rows_written": {
    "markets": 0,
    "best_line": 21,
    "orderbook": 30,
    "trades": 2,
    "roster_events": 0
  },
  "rows_deduped": {
    "markets": 26,
    "best_line": 31,
    "orderbook": 21,
    "trades": 0,
    "roster_events": 0
  },
  "raw_counts": {
    "markets": 26,
    "orderbook": 51,
    "best_line": 52,
    "trades": 2
  },
  "finished_ts": "2026-08-17T07:20:06.920550+00:00"
}
{
  "cycle_id": "9ca203af-ad75-4ef3-9436-1e20cde2638e",
  "started_ts": "2026-08-17T07:25:02.635287+00:00",
  "league_id": 1384,
  "endpoints_attempted": [
    "/markets/active",
    "/orders",
    "/orders",
    "/trades",
    "/trades"
  ],
  "endpoint_failures": [],
  "rows_written": {
    "markets": 0,
    "best_line": 16,
    "orderbook": 21,
    "trades": 2,
    "roster_events": 0
  },
  "rows_deduped": {
    "markets": 26,
    "best_line": 36,
    "orderbook": 42,
    "trades": 0,
    "roster_events": 0
  },
  "raw_counts": {
    "markets": 26,
    "orderbook": 63,
    "best_line": 52,
    "trades": 2
  },
  "finished_ts": "2026-08-17T07:25:06.886364+00:00"
}
{
  "cycle_id": "5817efd6-80e8-4876-b137-5753eac89a7b",
  "started_ts": "2026-08-17T07:30:03.243015+00:00",
  "league_id": 1384,
  "endpoints_attempted": [
    "/markets/active",
    "/orders",
    "/orders",
    "/trades",
    "/trades"
  ],
  "endpoint_failures": [],
  "rows_written": {
    "markets": 0,
    "best_line": 16,
    "orderbook": 21,
    "trades": 2,
    "roster_events": 0
  },
  "rows_deduped": {
    "markets": 26,
    "best_line": 36,
    "orderbook": 33,
    "trades": 0,
    "roster_events": 0
  },
  "raw_counts": {
    "markets": 26,
    "orderbook": 54,
    "best_line": 52,
    "trades": 2
  },
  "finished_ts": "2026-08-17T07:30:07.520905+00:00"
}
{
  "cycle_id": "75f47a8b-78f8-457b-ba00-6b15b732e229",
  "started_ts": "2026-08-17T07:35:02.619973+00:00",
  "league_id": 1384,
  "endpoints_attempted": [
    "/markets/active",
    "/orders",
    "/orders",
    "/trades",
    "/trades"
  ],
  "endpoint_failures": [],
  "rows_written": {
    "markets": 0,
    "best_line": 9,
    "orderbook": 11,
    "trades": 2,
    "roster_events": 0
  },
  "rows_deduped": {
    "markets": 26,
    "best_line": 43,
    "orderbook": 49,
    "trades": 0,
    "roster_events": 0
  },
  "raw_counts": {
    "markets": 26,
    "orderbook": 60,
    "best_line": 52,
    "trades": 2
  },
  "finished_ts": "2026-08-17T07:35:06.895710+00:00"
}
{
  "cycle_id": "58675a0f-4c38-46da-abb0-c8d17bdb6317",
  "started_ts": "2026-08-17T07:40:02.656684+00:00",
  "league_id": 1384,
  "endpoints_attempted": [
    "/markets/active",
    "/orders",
    "/orders",
    "/trades",
    "/trades"
  ],
  "endpoint_failures": [],
  "rows_written": {
    "markets": 0,
    "best_line": 10,
    "orderbook": 23,
    "trades": 2,
    "roster_events": 0
  },
  "rows_deduped": {
    "markets": 26,
    "best_line": 42,
    "orderbook": 38,
    "trades": 0,
    "roster_events": 0
  },
  "raw_counts": {
    "markets": 26,
    "orderbook": 61,
    "best_line": 52,
    "trades": 2
  },
  "finished_ts": "2026-08-17T07:40:06.910217+00:00"
}
{
  "cycle_id": "3a21de0d-4db2-4a3b-9c77-a1f3cb7d4534",
  "started_ts": "2026-08-17T07:45:03.034088+00:00",
  "league_id": 1384,
  "endpoints_attempted": [
    "/markets/active",
    "/orders",
    "/orders",
    "/trades",
    "/trades"
  ],
  "endpoint_failures": [],
  "rows_written": {
    "markets": 0,
    "best_line": 6,
    "orderbook": 9,
    "trades": 2,
    "roster_events": 0
  },
  "rows_deduped": {
    "markets": 26,
    "best_line": 46,
    "orderbook": 52,
    "trades": 0,
    "roster_events": 0
  },
  "raw_counts": {
    "markets": 26,
    "orderbook": 61,
    "best_line": 52,
    "trades": 2
  },
  "finished_ts": "2026-08-17T07:45:07.285625+00:00"
}
{
  "cycle_id": "8c8c93a5-327f-42c2-89a2-54d49cc0afcf",
  "started_ts": "2026-08-17T07:50:02.633402+00:00",
  "league_id": 1384,
  "endpoints_attempted": [
    "/markets/active",
    "/orders",
    "/orders",
    "/trades",
    "/trades"
  ],
  "endpoint_failures": [],
  "rows_written": {
    "markets": 0,
    "best_line": 21,
    "orderbook": 32,
    "trades": 2,
    "roster_events": 0
  },
  "rows_deduped": {
    "markets": 26,
    "best_line": 31,
    "orderbook": 31,
    "trades": 0,
    "roster_events": 0
  },
  "raw_counts": {
    "markets": 26,
    "orderbook": 63,
    "best_line": 52,
    "trades": 2
  },
  "finished_ts": "2026-08-17T07:50:06.884848+00:00"
}
{
  "cycle_id": "9aaf95b9-3ff4-4130-8374-197bcd9e9f33",
  "started_ts": "2026-08-17T07:55:02.604078+00:00",
  "league_id": 1384,
  "endpoints_attempted": [
    "/markets/active",
    "/orders",
    "/orders",
    "/trades",
    "/trades"
  ],
  "endpoint_failures": [],
  "rows_written": {
    "markets": 0,
    "best_line": 17,
    "orderbook": 19,
    "trades": 2,
    "roster_events": 0
  },
  "rows_deduped": {
    "markets": 26,
    "best_line": 35,
    "orderbook": 42,
    "trades": 0,
    "roster_events": 0
  },
  "raw_counts": {
    "markets": 26,
    "orderbook": 61,
    "best_line": 52,
    "trades": 2
  },
  "finished_ts": "2026-08-17T07:55:06.851748+00:00"
}
{
  "cycle_id": "9d9d9df2-ceca-4c4e-8ba8-028f43c4c5d6",
  "started_ts": "2026-08-17T08:00:03.199244+00:00",
  "league_id": 1384,
  "endpoints_attempted": [
    "/markets/active",
    "/orders",
    "/orders",
    "/trades",
    "/trades"
  ],
  "endpoint_failures": [],
  "rows_written": {
    "markets": 0,
    "best_line": 15,
    "orderbook": 11,
    "trades": 2,
    "roster_events": 0
  },
  "rows_deduped": {
    "markets": 26,
    "best_line": 37,
    "orderbook": 38,
    "trades": 0,
    "roster_events": 0
  },
  "raw_counts": {
    "markets": 26,
    "orderbook": 49,
    "best_line": 52,
    "trades": 2
  },
  "finished_ts": "2026-08-17T08:00:07.497827+00:00"
}
{
  "cycle_id": "468d263c-3277-4831-ba94-23b0a48bae6d",
  "started_ts": "2026-08-17T08:05:02.654134+00:00",
  "league_id": 1384,
  "endpoints_attempted": [
    "/markets/active",
    "/orders",
    "/orders",
    "/trades",
    "/trades"
  ],
  "endpoint_failures": [],
  "rows_written": {
    "markets": 0,
    "best_line": 13,
    "orderbook": 19,
    "trades": 2,
    "roster_events": 0
  },
  "rows_deduped": {
    "markets": 26,
    "best_line": 39,
    "orderbook": 43,
    "trades": 0,
    "roster_events": 0
  },
  "raw_counts": {
    "markets": 26,
    "orderbook": 62,
    "best_line": 52,
    "trades": 2
  },
  "finished_ts": "2026-08-17T08:05:06.920825+00:00"
}
{
  "cycle_id": "2e39dfba-9209-4b2b-a1de-ded0cb086fdd",
  "started_ts": "2026-08-17T08:10:02.648760+00:00",
  "league_id": 1384,
  "endpoints_attempted": [
    "/markets/active",
    "/orders",
    "/orders",
    "/trades",
    "/trades"
  ],
  "endpoint_failures": [],
  "rows_written": {
    "markets": 0,
    "best_line": 2,
    "orderbook": 3,
    "trades": 2,
    "roster_events": 0
  },
  "rows_deduped": {
    "markets": 26,
    "best_line": 50,
    "orderbook": 57,
    "trades": 0,
    "roster_events": 0
  },
  "raw_counts": {
    "markets": 26,
    "orderbook": 60,
    "best_line": 52,
    "trades": 2
  },
  "finished_ts": "2026-08-17T08:10:06.919509+00:00"
}
{
  "cycle_id": "f9e4a632-1365-4d74-9c3d-6463552baf9a",
  "started_ts": "2026-08-17T08:15:03.011878+00:00",
  "league_id": 1384,
  "endpoints_attempted": [
    "/markets/active",
    "/orders",
    "/orders",
    "/trades",
    "/trades"
  ],
  "endpoint_failures": [],
  "rows_written": {
    "markets": 0,
    "best_line": 22,
    "orderbook": 34,
    "trades": 2,
    "roster_events": 0
  },
  "rows_deduped": {
    "markets": 26,
    "best_line": 30,
    "orderbook": 30,
    "trades": 0,
    "roster_events": 0
  },
  "raw_counts": {
    "markets": 26,
    "orderbook": 64,
    "best_line": 52,
    "trades": 2
  },
  "finished_ts": "2026-08-17T08:15:07.269003+00:00"
}
{
  "cycle_id": "49deeb93-73a1-45b8-a6e1-b959deec80e0",
  "started_ts": "2026-08-17T08:20:02.662496+00:00",
  "league_id": 1384,
  "endpoints_attempted": [
    "/markets/active",
    "/orders",
    "/orders",
    "/trades",
    "/trades"
  ],
  "endpoint_failures": [],
  "rows_written": {
    "markets": 0,
    "best_line": 12,
    "orderbook": 14,
    "trades": 2,
    "roster_events": 0
  },
  "rows_deduped": {
    "markets": 26,
    "best_line": 40,
    "orderbook": 49,
    "trades": 0,
    "roster_events": 0
  },
  "raw_counts": {
    "markets": 26,
    "orderbook": 63,
    "best_line": 52,
    "trades": 2
  },
  "finished_ts": "2026-08-17T08:20:06.910033+00:00"
}
{
  "cycle_id": "032c0c4b-7666-40ba-aa3f-329cb2970dfd",
  "started_ts": "2026-08-17T08:25:02.793806+00:00",
  "league_id": 1384,
  "endpoints_attempted": [
    "/markets/active",
    "/orders",
    "/orders",
    "/trades",
    "/trades"
  ],
  "endpoint_failures": [],
  "rows_written": {
    "markets": 0,
    "best_line": 4,
    "orderbook": 8,
    "trades": 2,
    "roster_events": 0
  },
  "rows_deduped": {
    "markets": 26,
    "best_line": 48,
    "orderbook": 58,
    "trades": 0,
    "roster_events": 0
  },
  "raw_counts": {
    "markets": 26,
    "orderbook": 66,
    "best_line": 52,
    "trades": 2
  },
  "finished_ts": "2026-08-17T08:25:07.047788+00:00"
}
{
  "cycle_id": "50e90c52-adb5-4f31-bf90-63da18cd7abf",
  "started_ts": "2026-08-17T08:30:03.087986+00:00",
  "league_id": 1384,
  "endpoints_attempted": [
    "/markets/active",
    "/orders",
    "/orders",
    "/trades",
    "/trades"
  ],
  "endpoint_failures": [],
  "rows_written": {
    "markets": 0,
    "best_line": 5,
    "orderbook": 15,
    "trades": 2,
    "roster_events": 0
  },
  "rows_deduped": {
    "markets": 26,
    "best_line": 47,
    "orderbook": 50,
    "trades": 0,
    "roster_events": 0
  },
  "raw_counts": {
    "markets": 26,
    "orderbook": 65,
    "best_line": 52,
    "trades": 2
  },
  "finished_ts": "2026-08-17T08:30:07.339178+00:00"
}
{
  "cycle_id": "9c00d189-cf50-4e93-83b2-f94048835164",
  "started_ts": "2026-08-17T08:35:02.790082+00:00",
  "league_id": 1384,
  "endpoints_attempted": [
    "/markets/active",
    "/orders",
    "/orders",
    "/trades",
    "/trades"
  ],
  "endpoint_failures": [],
  "rows_written": {
    "markets": 0,
    "best_line": 5,
    "orderbook": 8,
    "trades": 2,
    "roster_events": 0
  },
  "rows_deduped": {
    "markets": 26,
    "best_line": 47,
    "orderbook": 55,
    "trades": 0,
    "roster_events": 0
  },
  "raw_counts": {
    "markets": 26,
    "orderbook": 63,
    "best_line": 52,
    "trades": 2
  },
  "finished_ts": "2026-08-17T08:35:07.065147+00:00"
}
{
  "cycle_id": "e3c7192b-5c6c-4fa8-b9ef-a5d67455fe52",
  "started_ts": "2026-08-17T08:40:03.015584+00:00",
  "league_id": 1384,
  "endpoints_attempted": [
    "/markets/active",
    "/orders",
    "/orders",
    "/trades",
    "/trades"
  ],
  "endpoint_failures": [],
  "rows_written": {
    "markets": 0,
    "best_line": 5,
    "orderbook": 10,
    "trades": 2,
    "roster_events": 0
  },
  "rows_deduped": {
    "markets": 26,
    "best_line": 47,
    "orderbook": 54,
    "trades": 0,
    "roster_events": 0
  },
  "raw_counts": {
    "markets": 26,
    "orderbook": 64,
    "best_line": 52,
    "trades": 2
  },
  "finished_ts": "2026-08-17T08:40:07.286906+00:00"
}
{
  "cycle_id": "7ff8349e-a9a7-492e-b2ca-ce95a7f94dfa",
  "started_ts": "2026-08-17T08:45:03.034228+00:00",
  "league_id": 1384,
  "endpoints_attempted": [
    "/markets/active",
    "/orders",
    "/orders",
    "/trades",
    "/trades"
  ],
  "endpoint_failures": [],
  "rows_written": {
    "markets": 0,
    "best_line": 1,
    "orderbook": 4,
    "trades": 2,
    "roster_events": 0
  },
  "rows_deduped": {
    "markets": 26,
    "best_line": 51,
    "orderbook": 60,
    "trades": 0,
    "roster_events": 0
  },
  "raw_counts": {
    "markets": 26,
    "orderbook": 64,
    "best_line": 52,
    "trades": 2
  },
  "finished_ts": "2026-08-17T08:45:07.291819+00:00"
}
{
  "cycle_id": "d64c2074-ec39-419c-8b64-b561b8d0be7e",
  "started_ts": "2026-08-17T08:50:02.793932+00:00",
  "league_id": 1384,
  "endpoints_attempted": [
    "/markets/active",
    "/orders",
    "/orders",
    "/trades",
    "/trades"
  ],
  "endpoint_failures": [],
  "rows_written": {
    "markets": 0,
    "best_line": 11,
    "orderbook": 14,
    "trades": 2,
    "roster_events": 0
  },
  "rows_deduped": {
    "markets": 26,
    "best_line": 41,
    "orderbook": 51,
    "trades": 0,
    "roster_events": 0
  },
  "raw_counts": {
    "markets": 26,
    "orderbook": 65,
    "best_line": 52,
    "trades": 2
  },
  "finished_ts": "2026-08-17T08:50:07.064954+00:00"
}
{
  "cycle_id": "bdf959e5-06a5-467f-a2ca-fa495250b4d9",
  "started_ts": "2026-08-17T08:55:02.899874+00:00",
  "league_id": 1384,
  "endpoints_attempted": [
    "/markets/active",
    "/orders",
    "/orders",
    "/trades",
    "/trades"
  ],
  "endpoint_failures": [],
  "rows_written": {
    "markets": 0,
    "best_line": 11,
    "orderbook": 18,
    "trades": 4,
    "roster_events": 0
  },
  "rows_deduped": {
    "markets": 26,
    "best_line": 41,
    "orderbook": 50,
    "trades": 0,
    "roster_events": 0
  },
  "raw_counts": {
    "markets": 26,
    "orderbook": 68,
    "best_line": 52,
    "trades": 4
  },
  "finished_ts": "2026-08-17T08:55:07.148468+00:00"
}
{
  "cycle_id": "b0ac655c-0f06-4c38-b206-106a9fcb5ea3",
  "started_ts": "2026-08-17T09:00:03.161151+00:00",
  "league_id": 1384,
  "endpoints_attempted": [
    "/markets/active",
    "/orders",
    "/orders",
    "/trades",
    "/trades"
  ],
  "endpoint_failures": [],
  "rows_written": {
    "markets": 0,
    "best_line": 15,
    "orderbook": 26,
    "trades": 4,
    "roster_events": 0
  },
  "rows_deduped": {
    "markets": 26,
    "best_line": 37,
    "orderbook": 40,
    "trades": 0,
    "roster_events": 0
  },
  "raw_counts": {
    "markets": 26,
    "orderbook": 66,
    "best_line": 52,
    "trades": 4
  },
  "finished_ts": "2026-08-17T09:00:07.411330+00:00"
}
{
  "cycle_id": "d946e874-3fb9-4d67-9072-552f7f56fdfc",
  "started_ts": "2026-08-17T09:05:02.883904+00:00",
  "league_id": 1384,
  "endpoints_attempted": [
    "/markets/active",
    "/orders",
    "/orders",
    "/trades",
    "/trades"
  ],
  "endpoint_failures": [],
  "rows_written": {
    "markets": 0,
    "best_line": 3,
    "orderbook": 3,
    "trades": 4,
    "roster_events": 0
  },
  "rows_deduped": {
    "markets": 26,
    "best_line": 49,
    "orderbook": 62,
    "trades": 0,
    "roster_events": 0
  },
  "raw_counts": {
    "markets": 26,
    "orderbook": 65,
    "best_line": 52,
    "trades": 4
  },
  "finished_ts": "2026-08-17T09:05:07.149413+00:00"
}
{
  "cycle_id": "12c31fb4-255d-4154-902f-a4b4a66f3d76",
  "started_ts": "2026-08-17T09:10:02.863224+00:00",
  "league_id": 1384,
  "endpoints_attempted": [
    "/markets/active",
    "/orders",
    "/orders",
    "/trades",
    "/trades"
  ],
  "endpoint_failures": [],
  "rows_written": {
    "markets": 0,
    "best_line": 5,
    "orderbook": 7,
    "trades": 4,
    "roster_events": 0
  },
  "rows_deduped": {
    "markets": 26,
    "best_line": 47,
    "orderbook": 62,
    "trades": 0,
    "roster_events": 0
  },
  "raw_counts": {
    "markets": 26,
    "orderbook": 69,
    "best_line": 52,
    "trades": 4
  },
  "finished_ts": "2026-08-17T09:10:07.110855+00:00"
}
{
  "cycle_id": "595bbbc2-cf06-4333-80b9-c4ea5e69b514",
  "started_ts": "2026-08-17T09:15:03.324370+00:00",
  "league_id": 1384,
  "endpoints_attempted": [
    "/markets/active",
    "/orders",
    "/orders",
    "/trades",
    "/trades"
  ],
  "endpoint_failures": [],
  "rows_written": {
    "markets": 0,
    "best_line": 4,
    "orderbook": 5,
    "trades": 4,
    "roster_events": 0
  },
  "rows_deduped": {
    "markets": 26,
    "best_line": 48,
    "orderbook": 63,
    "trades": 0,
    "roster_events": 0
  },
  "raw_counts": {
    "markets": 26,
    "orderbook": 68,
    "best_line": 52,
    "trades": 4
  },
  "finished_ts": "2026-08-17T09:15:07.575249+00:00"
}
{
  "cycle_id": "302219d7-439c-4bf1-afaf-b38593515d96",
  "started_ts": "2026-08-17T09:20:02.842837+00:00",
  "league_id": 1384,
  "endpoints_attempted": [
    "/markets/active",
    "/orders",
    "/orders",
    "/trades",
    "/trades"
  ],
  "endpoint_failures": [],
  "rows_written": {
    "markets": 0,
    "best_line": 4,
    "orderbook": 7,
    "trades": 4,
    "roster_events": 0
  },
  "rows_deduped": {
    "markets": 26,
    "best_line": 48,
    "orderbook": 61,
    "trades": 0,
    "roster_events": 0
  },
  "raw_counts": {
    "markets": 26,
    "orderbook": 68,
    "best_line": 52,
    "trades": 4
  },
  "finished_ts": "2026-08-17T09:20:07.098004+00:00"
}
{
  "cycle_id": "8f24fd23-2921-44e8-a50c-0e5cac9d31d3",
  "started_ts": "2026-08-17T09:25:02.866443+00:00",
  "league_id": 1384,
  "endpoints_attempted": [
    "/markets/active",
    "/orders",
    "/orders",
    "/trades",
    "/trades"
  ],
  "endpoint_failures": [],
  "rows_written": {
    "markets": 0,
    "best_line": 11,
    "orderbook": 15,
    "trades": 4,
    "roster_events": 0
  },
  "rows_deduped": {
    "markets": 26,
    "best_line": 41,
    "orderbook": 53,
    "trades": 0,
    "roster_events": 0
  },
  "raw_counts": {
    "markets": 26,
    "orderbook": 68,
    "best_line": 52,
    "trades": 4
  },
  "finished_ts": "2026-08-17T09:25:07.118259+00:00"
}
{
  "cycle_id": "40c54402-7532-4d77-ae45-3951e13b67b1",
  "started_ts": "2026-08-17T09:30:03.291150+00:00",
  "league_id": 1384,
  "endpoints_attempted": [
    "/markets/active",
    "/orders",
    "/orders",
    "/trades",
    "/trades"
  ],
  "endpoint_failures": [],
  "rows_written": {
    "markets": 0,
    "best_line": 2,
    "orderbook": 2,
    "trades": 4,
    "roster_events": 0
  },
  "rows_deduped": {
    "markets": 26,
    "best_line": 50,
    "orderbook": 68,
    "trades": 0,
    "roster_events": 0
  },
  "raw_counts": {
    "markets": 26,
    "orderbook": 70,
    "best_line": 52,
    "trades": 4
  },
  "finished_ts": "2026-08-17T09:30:07.562448+00:00"
}
{
  "cycle_id": "bb7402c6-cb10-4891-9629-0a3c8e87591d",
  "started_ts": "2026-08-17T09:35:02.866917+00:00",
  "league_id": 1384,
  "endpoints_attempted": [
    "/markets/active",
    "/orders",
    "/orders",
    "/trades",
    "/trades"
  ],
  "endpoint_failures": [],
  "rows_written": {
    "markets": 0,
    "best_line": 2,
    "orderbook": 3,
    "trades": 4,
    "roster_events": 0
  },
  "rows_deduped": {
    "markets": 26,
    "best_line": 50,
    "orderbook": 68,
    "trades": 0,
    "roster_events": 0
  },
  "raw_counts": {
    "markets": 26,
    "orderbook": 71,
    "best_line": 52,
    "trades": 4
  },
  "finished_ts": "2026-08-17T09:35:07.113605+00:00"
}
{
  "cycle_id": "ff717dac-9840-407f-a866-21d121290486",
  "started_ts": "2026-08-17T09:40:02.880294+00:00",
  "league_id": 1384,
  "endpoints_attempted": [
    "/markets/active",
    "/orders",
    "/orders",
    "/trades",
    "/trades"
  ],
  "endpoint_failures": [],
  "rows_written": {
    "markets": 0,
    "best_line": 22,
    "orderbook": 28,
    "trades": 4,
    "roster_events": 0
  },
  "rows_deduped": {
    "markets": 26,
    "best_line": 30,
    "orderbook": 54,
    "trades": 0,
    "roster_events": 0
  },
  "raw_counts": {
    "markets": 26,
    "orderbook": 82,
    "best_line": 52,
    "trades": 4
  },
  "finished_ts": "2026-08-17T09:40:07.144022+00:00"
}
{
  "cycle_id": "24711bb2-b0e9-44c6-b9d5-eebae3a822b6",
  "started_ts": "2026-08-17T09:45:03.064980+00:00",
  "league_id": 1384,
  "endpoints_attempted": [
    "/markets/active",
    "/orders",
    "/orders",
    "/trades",
    "/trades"
  ],
  "endpoint_failures": [],
  "rows_written": {
    "markets": 0,
    "best_line": 21,
    "orderbook": 37,
    "trades": 4,
    "roster_events": 0
  },
  "rows_deduped": {
    "markets": 26,
    "best_line": 31,
    "orderbook": 47,
    "trades": 0,
    "roster_events": 0
  },
  "raw_counts": {
    "markets": 26,
    "orderbook": 84,
    "best_line": 52,
    "trades": 4
  },
  "finished_ts": "2026-08-17T09:45:07.317306+00:00"
}
{
  "cycle_id": "b54e121c-2fbc-47b5-9afb-b9060696c3bb",
  "started_ts": "2026-08-17T09:50:02.860882+00:00",
  "league_id": 1384,
  "endpoints_attempted": [
    "/markets/active",
    "/orders",
    "/orders",
    "/trades",
    "/trades"
  ],
  "endpoint_failures": [],
  "rows_written": {
    "markets": 0,
    "best_line": 19,
    "orderbook": 27,
    "trades": 4,
    "roster_events": 0
  },
  "rows_deduped": {
    "markets": 26,
    "best_line": 33,
    "orderbook": 73,
    "trades": 0,
    "roster_events": 0
  },
  "raw_counts": {
    "markets": 26,
    "orderbook": 100,
    "best_line": 52,
    "trades": 4
  },
  "finished_ts": "2026-08-17T09:50:07.108919+00:00"
}
{
  "cycle_id": "1b66eff2-31e6-45c5-a1ff-f6a6dc7d0d15",
  "started_ts": "2026-08-17T09:55:02.866707+00:00",
  "league_id": 1384,
  "endpoints_attempted": [
    "/markets/active",
    "/orders",
    "/orders",
    "/trades",
    "/trades"
  ],
  "endpoint_failures": [],
  "rows_written": {
    "markets": 0,
    "best_line": 12,
    "orderbook": 15,
    "trades": 4,
    "roster_events": 0
  },
  "rows_deduped": {
    "markets": 26,
    "best_line": 40,
    "orderbook": 85,
    "trades": 0,
    "roster_events": 0
  },
  "raw_counts": {
    "markets": 26,
    "orderbook": 100,
    "best_line": 52,
    "trades": 4
  },
  "finished_ts": "2026-08-17T09:55:07.118929+00:00"
}
{
  "cycle_id": "1203fc25-285f-4e2f-80d6-174bb83d7819",
  "started_ts": "2026-08-17T10:00:03.214711+00:00",
  "league_id": 1384,
  "endpoints_attempted": [
    "/markets/active",
    "/orders",
    "/orders",
    "/trades",
    "/trades"
  ],
  "endpoint_failures": [],
  "rows_written": {
    "markets": 0,
    "best_line": 19,
    "orderbook": 36,
    "trades": 4,
    "roster_events": 0
  },
  "rows_deduped": {
    "markets": 26,
    "best_line": 33,
    "orderbook": 64,
    "trades": 0,
    "roster_events": 0
  },
  "raw_counts": {
    "markets": 26,
    "orderbook": 100,
    "best_line": 52,
    "trades": 4
  },
  "finished_ts": "2026-08-17T10:00:07.494021+00:00"
}
{
  "cycle_id": "3dbcc988-e880-4085-b4a0-79513a5d491f",
  "started_ts": "2026-08-17T10:05:02.871592+00:00",
  "league_id": 1384,
  "endpoints_attempted": [
    "/markets/active",
    "/orders",
    "/orders",
    "/trades",
    "/trades"
  ],
  "endpoint_failures": [],
  "rows_written": {
    "markets": 0,
    "best_line": 22,
    "orderbook": 30,
    "trades": 4,
    "roster_events": 0
  },
  "rows_deduped": {
    "markets": 26,
    "best_line": 30,
    "orderbook": 70,
    "trades": 0,
    "roster_events": 0
  },
  "raw_counts": {
    "markets": 26,
    "orderbook": 100,
    "best_line": 52,
    "trades": 4
  },
  "finished_ts": "2026-08-17T10:05:07.144423+00:00"
}
{
  "cycle_id": "ce46b073-b04f-4baa-ba35-8e7b3ba44579",
  "started_ts": "2026-08-17T10:10:02.854658+00:00",
  "league_id": 1384,
  "endpoints_attempted": [
    "/markets/active",
    "/orders",
    "/orders",
    "/trades",
    "/trades"
  ],
  "endpoint_failures": [],
  "rows_written": {
    "markets": 0,
    "best_line": 22,
    "orderbook": 45,
    "trades": 4,
    "roster_events": 0
  },
  "rows_deduped": {
    "markets": 26,
    "best_line": 30,
    "orderbook": 52,
    "trades": 0,
    "roster_events": 0
  },
  "raw_counts": {
    "markets": 26,
    "orderbook": 97,
    "best_line": 52,
    "trades": 4
  },
  "finished_ts": "2026-08-17T10:10:07.122485+00:00"
}
{
  "cycle_id": "5bde5d51-5e81-4fba-890a-c5d7c9a161f8",
  "started_ts": "2026-08-17T10:15:03.387030+00:00",
  "league_id": 1384,
  "endpoints_attempted": [
    "/markets/active",
    "/orders",
    "/orders",
    "/trades",
    "/trades"
  ],
  "endpoint_failures": [],
  "rows_written": {
    "markets": 0,
    "best_line": 5,
    "orderbook": 9,
    "trades": 4,
    "roster_events": 0
  },
  "rows_deduped": {
    "markets": 26,
    "best_line": 47,
    "orderbook": 89,
    "trades": 0,
    "roster_events": 0
  },
  "raw_counts": {
    "markets": 26,
    "orderbook": 98,
    "best_line": 52,
    "trades": 4
  },
  "finished_ts": "2026-08-17T10:15:07.659179+00:00"
}
{
  "cycle_id": "eea58f2b-d14b-4a67-bfbc-49d3129d035d",
  "started_ts": "2026-08-17T10:20:02.808350+00:00",
  "league_id": 1384,
  "endpoints_attempted": [
    "/markets/active",
    "/orders",
    "/orders",
    "/trades",
    "/trades"
  ],
  "endpoint_failures": [],
  "rows_written": {
    "markets": 0,
    "best_line": 2,
    "orderbook": 11,
    "trades": 4,
    "roster_events": 0
  },
  "rows_deduped": {
    "markets": 26,
    "best_line": 50,
    "orderbook": 89,
    "trades": 0,
    "roster_events": 0
  },
  "raw_counts": {
    "markets": 26,
    "orderbook": 100,
    "best_line": 52,
    "trades": 4
  },
  "finished_ts": "2026-08-17T10:20:07.059646+00:00"
}
{
  "cycle_id": "d27563c5-c4c0-4af2-ba05-72db23c3d8bf",
  "started_ts": "2026-08-17T10:25:02.897016+00:00",
  "league_id": 1384,
  "endpoints_attempted": [
    "/markets/active",
    "/orders",
    "/orders",
    "/trades",
    "/trades"
  ],
  "endpoint_failures": [],
  "rows_written": {
    "markets": 0,
    "best_line": 17,
    "orderbook": 10,
    "trades": 4,
    "roster_events": 0
  },
  "rows_deduped": {
    "markets": 26,
    "best_line": 35,
    "orderbook": 92,
    "trades": 0,
    "roster_events": 0
  },
  "raw_counts": {
    "markets": 26,
    "orderbook": 102,
    "best_line": 52,
    "trades": 4
  },
  "finished_ts": "2026-08-17T10:25:07.170753+00:00"
}
{
  "cycle_id": "d673451d-1e02-46fc-a590-aca5f7b9e2af",
  "started_ts": "2026-08-17T10:30:03.396391+00:00",
  "league_id": 1384,
  "endpoints_attempted": [
    "/markets/active",
    "/orders",
    "/orders",
    "/trades",
    "/trades"
  ],
  "endpoint_failures": [],
  "rows_written": {
    "markets": 0,
    "best_line": 23,
    "orderbook": 16,
    "trades": 4,
    "roster_events": 0
  },
  "rows_deduped": {
    "markets": 26,
    "best_line": 29,
    "orderbook": 86,
    "trades": 0,
    "roster_events": 0
  },
  "raw_counts": {
    "markets": 26,
    "orderbook": 102,
    "best_line": 52,
    "trades": 4
  },
  "finished_ts": "2026-08-17T10:30:07.653156+00:00"
}
{
  "cycle_id": "80443f2e-8e6f-4325-bfce-f982f1855657",
  "started_ts": "2026-08-17T10:35:02.912784+00:00",
  "league_id": 1384,
  "endpoints_attempted": [
    "/markets/active",
    "/orders",
    "/orders",
    "/trades",
    "/trades"
  ],
  "endpoint_failures": [],
  "rows_written": {
    "markets": 0,
    "best_line": 26,
    "orderbook": 29,
    "trades": 4,
    "roster_events": 0
  },
  "rows_deduped": {
    "markets": 26,
    "best_line": 26,
    "orderbook": 73,
    "trades": 0,
    "roster_events": 0
  },
  "raw_counts": {
    "markets": 26,
    "orderbook": 102,
    "best_line": 52,
    "trades": 4
  },
  "finished_ts": "2026-08-17T10:35:07.186792+00:00"
}
{
  "cycle_id": "18edef7a-15c3-4be4-9737-7a7ca06377b0",
  "started_ts": "2026-08-17T10:40:02.911570+00:00",
  "league_id": 1384,
  "endpoints_attempted": [
    "/markets/active",
    "/orders",
    "/orders",
    "/trades",
    "/trades"
  ],
  "endpoint_failures": [],
  "rows_written": {
    "markets": 0,
    "best_line": 10,
    "orderbook": 18,
    "trades": 4,
    "roster_events": 0
  },
  "rows_deduped": {
    "markets": 26,
    "best_line": 42,
    "orderbook": 83,
    "trades": 0,
    "roster_events": 0
  },
  "raw_counts": {
    "markets": 26,
    "orderbook": 101,
    "best_line": 52,
    "trades": 4
  },
  "finished_ts": "2026-08-17T10:40:07.181951+00:00"
}
{
  "cycle_id": "f231e9b5-49d9-4357-a73d-1f4e5b35c6b9",
  "started_ts": "2026-08-17T10:45:03.321525+00:00",
  "league_id": 1384,
  "endpoints_attempted": [
    "/markets/active",
    "/orders",
    "/orders",
    "/trades",
    "/trades"
  ],
  "endpoint_failures": [],
  "rows_written": {
    "markets": 0,
    "best_line": 27,
    "orderbook": 17,
    "trades": 4,
    "roster_events": 0
  },
  "rows_deduped": {
    "markets": 26,
    "best_line": 25,
    "orderbook": 68,
    "trades": 0,
    "roster_events": 0
  },
  "raw_counts": {
    "markets": 26,
    "orderbook": 85,
    "best_line": 52,
    "trades": 4
  },
  "finished_ts": "2026-08-17T10:45:07.577993+00:00"
}
{
  "cycle_id": "6928803d-96b0-45b3-8a95-9ab421d76f1c",
  "started_ts": "2026-08-17T10:50:02.915169+00:00",
  "league_id": 1384,
  "endpoints_attempted": [
    "/markets/active",
    "/orders",
    "/orders",
    "/trades",
    "/trades"
  ],
  "endpoint_failures": [],
  "rows_written": {
    "markets": 0,
    "best_line": 5,
    "orderbook": 13,
    "trades": 4,
    "roster_events": 0
  },
  "rows_deduped": {
    "markets": 26,
    "best_line": 47,
    "orderbook": 74,
    "trades": 0,
    "roster_events": 0
  },
  "raw_counts": {
    "markets": 26,
    "orderbook": 87,
    "best_line": 52,
    "trades": 4
  },
  "finished_ts": "2026-08-17T10:50:07.160542+00:00"
}
{
  "cycle_id": "0504e75e-968c-45ae-97a8-7e7cff18b42f",
  "started_ts": "2026-08-17T10:55:02.570834+00:00",
  "league_id": 1384,
  "endpoints_attempted": [
    "/markets/active",
    "/orders",
    "/orders",
    "/trades",
    "/trades"
  ],
  "endpoint_failures": [],
  "rows_written": {
    "markets": 0,
    "best_line": 10,
    "orderbook": 7,
    "trades": 4,
    "roster_events": 0
  },
  "rows_deduped": {
    "markets": 26,
    "best_line": 42,
    "orderbook": 77,
    "trades": 0,
    "roster_events": 0
  },
  "raw_counts": {
    "markets": 26,
    "orderbook": 84,
    "best_line": 52,
    "trades": 4
  },
  "finished_ts": "2026-08-17T10:55:06.826623+00:00"
}
{
  "cycle_id": "3137b7e4-ef01-43bb-9756-d31cb7bf3262",
  "started_ts": "2026-08-17T11:00:03.230427+00:00",
  "league_id": 1384,
  "endpoints_attempted": [
    "/markets/active",
    "/orders",
    "/orders",
    "/trades",
    "/trades"
  ],
  "endpoint_failures": [],
  "rows_written": {
    "markets": 0,
    "best_line": 14,
    "orderbook": 14,
    "trades": 4,
    "roster_events": 0
  },
  "rows_deduped": {
    "markets": 26,
    "best_line": 38,
    "orderbook": 60,
    "trades": 0,
    "roster_events": 0
  },
  "raw_counts": {
    "markets": 26,
    "orderbook": 74,
    "best_line": 52,
    "trades": 4
  },
  "finished_ts": "2026-08-17T11:00:07.498960+00:00"
}
{
  "cycle_id": "7b7880b8-67b3-4d82-93c7-db0892b990c3",
  "started_ts": "2026-08-17T11:05:02.935608+00:00",
  "league_id": 1384,
  "endpoints_attempted": [
    "/markets/active",
    "/orders",
    "/orders",
    "/trades",
    "/trades"
  ],
  "endpoint_failures": [],
  "rows_written": {
    "markets": 0,
    "best_line": 16,
    "orderbook": 25,
    "trades": 4,
    "roster_events": 0
  },
  "rows_deduped": {
    "markets": 26,
    "best_line": 36,
    "orderbook": 55,
    "trades": 0,
    "roster_events": 0
  },
  "raw_counts": {
    "markets": 26,
    "orderbook": 80,
    "best_line": 52,
    "trades": 4
  },
  "finished_ts": "2026-08-17T11:05:07.209889+00:00"
}
{
  "cycle_id": "dfa4f476-fae5-4a16-b1c0-1c276d0deda7",
  "started_ts": "2026-08-17T11:10:02.559790+00:00",
  "league_id": 1384,
  "endpoints_attempted": [
    "/markets/active",
    "/orders",
    "/orders",
    "/trades",
    "/trades"
  ],
  "endpoint_failures": [],
  "rows_written": {
    "markets": 0,
    "best_line": 12,
    "orderbook": 16,
    "trades": 4,
    "roster_events": 0
  },
  "rows_deduped": {
    "markets": 26,
    "best_line": 40,
    "orderbook": 68,
    "trades": 0,
    "roster_events": 0
  },
  "raw_counts": {
    "markets": 26,
    "orderbook": 84,
    "best_line": 52,
    "trades": 4
  },
  "finished_ts": "2026-08-17T11:10:06.834297+00:00"
}
{
  "cycle_id": "adea2729-5028-4270-935a-65c68769013a",
  "started_ts": "2026-08-17T11:15:03.584865+00:00",
  "league_id": 1384,
  "endpoints_attempted": [
    "/markets/active",
    "/orders",
    "/orders",
    "/trades",
    "/trades"
  ],
  "endpoint_failures": [],
  "rows_written": {
    "markets": 2,
    "best_line": 22,
    "orderbook": 48,
    "trades": 4,
    "roster_events": 0
  },
  "rows_deduped": {
    "markets": 24,
    "best_line": 30,
    "orderbook": 46,
    "trades": 0,
    "roster_events": 0
  },
  "raw_counts": {
    "markets": 26,
    "orderbook": 94,
    "best_line": 52,
    "trades": 4
  },
  "finished_ts": "2026-08-17T11:15:07.865947+00:00"
}
{
  "cycle_id": "630bc430-b823-4ea4-b614-e164321873a8",
  "started_ts": "2026-08-17T11:20:02.856887+00:00",
  "league_id": 1384,
  "endpoints_attempted": [
    "/markets/active",
    "/orders",
    "/orders",
    "/trades",
    "/trades"
  ],
  "endpoint_failures": [],
  "rows_written": {
    "markets": 0,
    "best_line": 25,
    "orderbook": 82,
    "trades": 6,
    "roster_events": 0
  },
  "rows_deduped": {
    "markets": 26,
    "best_line": 27,
    "orderbook": 14,
    "trades": 0,
    "roster_events": 0
  },
  "raw_counts": {
    "markets": 26,
    "orderbook": 96,
    "best_line": 52,
    "trades": 6
  },
  "finished_ts": "2026-08-17T11:20:07.108735+00:00"
}
{
  "cycle_id": "7d119c90-40aa-4540-a357-377ed568d851",
  "started_ts": "2026-08-17T11:25:04.016503+00:00",
  "league_id": 1384,
  "endpoints_attempted": [
    "/markets/active",
    "/orders",
    "/orders",
    "/trades",
    "/trades"
  ],
  "endpoint_failures": [],
  "rows_written": {
    "markets": 0,
    "best_line": 11,
    "orderbook": 13,
    "trades": 6,
    "roster_events": 0
  },
  "rows_deduped": {
    "markets": 26,
    "best_line": 41,
    "orderbook": 82,
    "trades": 0,
    "roster_events": 0
  },
  "raw_counts": {
    "markets": 26,
    "orderbook": 95,
    "best_line": 52,
    "trades": 6
  },
  "finished_ts": "2026-08-17T11:25:08.288046+00:00"
}
{
  "cycle_id": "3167b56d-ca92-4c7f-bf02-5e23e73e0a27",
  "started_ts": "2026-08-17T11:30:03.316129+00:00",
  "league_id": 1384,
  "endpoints_attempted": [
    "/markets/active",
    "/orders",
    "/orders",
    "/trades",
    "/trades"
  ],
  "endpoint_failures": [],
  "rows_written": {
    "markets": 0,
    "best_line": 7,
    "orderbook": 17,
    "trades": 6,
    "roster_events": 0
  },
  "rows_deduped": {
    "markets": 26,
    "best_line": 45,
    "orderbook": 75,
    "trades": 0,
    "roster_events": 0
  },
  "raw_counts": {
    "markets": 26,
    "orderbook": 92,
    "best_line": 52,
    "trades": 6
  },
  "finished_ts": "2026-08-17T11:30:07.680433+00:00"
}
{
  "cycle_id": "83822b97-714c-4468-b47c-4a93e64c7f7f",
  "started_ts": "2026-08-17T11:35:02.750129+00:00",
  "league_id": 1384,
  "endpoints_attempted": [
    "/markets/active",
    "/orders",
    "/orders",
    "/trades",
    "/trades"
  ],
  "endpoint_failures": [],
  "rows_written": {
    "markets": 0,
    "best_line": 0,
    "orderbook": 1,
    "trades": 6,
    "roster_events": 0
  },
  "rows_deduped": {
    "markets": 26,
    "best_line": 52,
    "orderbook": 91,
    "trades": 0,
    "roster_events": 0
  },
  "raw_counts": {
    "markets": 26,
    "orderbook": 92,
    "best_line": 52,
    "trades": 6
  },
  "finished_ts": "2026-08-17T11:35:06.995278+00:00"
}
{
  "cycle_id": "0057b6d9-4e81-459e-a60d-b876becf7f46",
  "started_ts": "2026-08-17T13:30:05.110474+00:00",
  "league_id": 1384,
  "endpoints_attempted": [
    "/markets/active",
    "/orders",
    "/orders",
    "/trades",
    "/trades"
  ],
  "endpoint_failures": [],
  "rows_written": {
    "markets": 0,
    "best_line": 44,
    "orderbook": 105,
    "trades": 12,
    "roster_events": 0
  },
  "rows_deduped": {
    "markets": 26,
    "best_line": 8,
    "orderbook": 3,
    "trades": 0,
    "roster_events": 0
  },
  "raw_counts": {
    "markets": 26,
    "orderbook": 108,
    "best_line": 52,
    "trades": 12
  },
  "finished_ts": "2026-08-17T13:30:10.260540+00:00"
}
{
  "cycle_id": "24c90de9-d450-446b-a793-193328cecf6d",
  "started_ts": "2026-08-17T13:40:03.934941+00:00",
  "league_id": 1384,
  "endpoints_attempted": [
    "/markets/active",
    "/orders",
    "/orders",
    "/trades",
    "/trades"
  ],
  "endpoint_failures": [],
  "rows_written": {
    "markets": 0,
    "best_line": 28,
    "orderbook": 48,
    "trades": 12,
    "roster_events": 0
  },
  "rows_deduped": {
    "markets": 26,
    "best_line": 24,
    "orderbook": 60,
    "trades": 0,
    "roster_events": 0
  },
  "raw_counts": {
    "markets": 26,
    "orderbook": 108,
    "best_line": 52,
    "trades": 12
  },
  "finished_ts": "2026-08-17T13:40:08.792779+00:00"
}
{
  "cycle_id": "debbb76b-251b-4acb-a447-f2e9e9f006bf",
  "started_ts": "2026-08-17T13:45:04.276140+00:00",
  "league_id": 1384,
  "endpoints_attempted": [
    "/markets/active",
    "/orders",
    "/orders",
    "/trades",
    "/trades"
  ],
  "endpoint_failures": [],
  "rows_written": {
    "markets": 0,
    "best_line": 25,
    "orderbook": 25,
    "trades": 12,
    "roster_events": 0
  },
  "rows_deduped": {
    "markets": 26,
    "best_line": 27,
    "orderbook": 81,
    "trades": 0,
    "roster_events": 0
  },
  "raw_counts": {
    "markets": 26,
    "orderbook": 106,
    "best_line": 52,
    "trades": 12
  },
  "finished_ts": "2026-08-17T13:45:09.006330+00:00"
}
{
  "cycle_id": "64a4859f-e6f9-4452-9ff7-c54c11b028a2",
  "started_ts": "2026-08-17T13:50:02.291495+00:00",
  "league_id": 1384,
  "endpoints_attempted": [
    "/markets/active",
    "/orders",
    "/orders",
    "/trades",
    "/trades"
  ],
  "endpoint_failures": [],
  "rows_written": {
    "markets": 0,
    "best_line": 28,
    "orderbook": 36,
    "trades": 12,
    "roster_events": 0
  },
  "rows_deduped": {
    "markets": 26,
    "best_line": 24,
    "orderbook": 70,
    "trades": 0,
    "roster_events": 0
  },
  "raw_counts": {
    "markets": 26,
    "orderbook": 106,
    "best_line": 52,
    "trades": 12
  },
  "finished_ts": "2026-08-17T13:50:06.542765+00:00"
}
{
  "cycle_id": "46abcb71-e169-4c19-990c-9e7b9f65d5a8",
  "started_ts": "2026-08-17T14:00:07.777965+00:00",
  "league_id": 1384,
  "endpoints_attempted": [
    "/markets/active",
    "/orders",
    "/orders",
    "/trades",
    "/trades"
  ],
  "endpoint_failures": [],
  "rows_written": {
    "markets": 0,
    "best_line": 34,
    "orderbook": 74,
    "trades": 12,
    "roster_events": 0
  },
  "rows_deduped": {
    "markets": 26,
    "best_line": 18,
    "orderbook": 32,
    "trades": 0,
    "roster_events": 0
  },
  "raw_counts": {
    "markets": 26,
    "orderbook": 106,
    "best_line": 52,
    "trades": 12
  },
  "finished_ts": "2026-08-17T14:00:14.694205+00:00"
}
{
  "cycle_id": "ea361f2a-33cb-43cb-8842-252b8dd7cf58",
  "started_ts": "2026-08-17T14:05:02.617842+00:00",
  "league_id": 1384,
  "endpoints_attempted": [
    "/markets/active",
    "/orders",
    "/orders",
    "/trades",
    "/trades"
  ],
  "endpoint_failures": [],
  "rows_written": {
    "markets": 0,
    "best_line": 30,
    "orderbook": 35,
    "trades": 14,
    "roster_events": 0
  },
  "rows_deduped": {
    "markets": 26,
    "best_line": 22,
    "orderbook": 71,
    "trades": 0,
    "roster_events": 0
  },
  "raw_counts": {
    "markets": 26,
    "orderbook": 106,
    "best_line": 52,
    "trades": 14
  },
  "finished_ts": "2026-08-17T14:05:06.890612+00:00"
}
{
  "cycle_id": "44b7144c-8bc5-4b30-9b6c-bda38bdebdcd",
  "started_ts": "2026-08-17T14:10:02.277718+00:00",
  "league_id": 1384,
  "endpoints_attempted": [
    "/markets/active",
    "/orders",
    "/orders",
    "/trades",
    "/trades"
  ],
  "endpoint_failures": [],
  "rows_written": {
    "markets": 0,
    "best_line": 24,
    "orderbook": 34,
    "trades": 14,
    "roster_events": 0
  },
  "rows_deduped": {
    "markets": 26,
    "best_line": 28,
    "orderbook": 73,
    "trades": 0,
    "roster_events": 0
  },
  "raw_counts": {
    "markets": 26,
    "orderbook": 107,
    "best_line": 52,
    "trades": 14
  },
  "finished_ts": "2026-08-17T14:10:06.548389+00:00"
}
{
  "cycle_id": "e6704f93-510d-4139-bcb9-69e2b6eab574",
  "started_ts": "2026-08-17T14:15:03.035308+00:00",
  "league_id": 1384,
  "endpoints_attempted": [
    "/markets/active",
    "/orders",
    "/orders",
    "/trades",
    "/trades"
  ],
  "endpoint_failures": [],
  "rows_written": {
    "markets": 1,
    "best_line": 29,
    "orderbook": 38,
    "trades": 14,
    "roster_events": 0
  },
  "rows_deduped": {
    "markets": 26,
    "best_line": 25,
    "orderbook": 70,
    "trades": 0,
    "roster_events": 0
  },
  "raw_counts": {
    "markets": 27,
    "orderbook": 108,
    "best_line": 54,
    "trades": 14
  },
  "finished_ts": "2026-08-17T14:15:07.312250+00:00"
}
{
  "cycle_id": "8145a3d8-0991-4fb0-a50a-5e9f3e0d1447",
  "started_ts": "2026-08-17T14:20:02.902264+00:00",
  "league_id": 1384,
  "endpoints_attempted": [
    "/markets/active",
    "/orders",
    "/orders",
    "/trades",
    "/trades"
  ],
  "endpoint_failures": [],
  "rows_written": {
    "markets": 1,
    "best_line": 28,
    "orderbook": 28,
    "trades": 14,
    "roster_events": 0
  },
  "rows_deduped": {
    "markets": 27,
    "best_line": 28,
    "orderbook": 77,
    "trades": 0,
    "roster_events": 0
  },
  "raw_counts": {
    "markets": 28,
    "orderbook": 105,
    "best_line": 56,
    "trades": 14
  },
  "finished_ts": "2026-08-17T14:20:07.180606+00:00"
}
{
  "cycle_id": "a41bd0e2-377c-44ab-b063-e3d525e0fc07",
  "started_ts": "2026-08-17T14:25:02.856245+00:00",
  "league_id": 1384,
  "endpoints_attempted": [
    "/markets/active",
    "/orders",
    "/orders",
    "/trades",
    "/trades"
  ],
  "endpoint_failures": [],
  "rows_written": {
    "markets": 0,
    "best_line": 21,
    "orderbook": 26,
    "trades": 20,
    "roster_events": 0
  },
  "rows_deduped": {
    "markets": 28,
    "best_line": 35,
    "orderbook": 79,
    "trades": 0,
    "roster_events": 0
  },
  "raw_counts": {
    "markets": 28,
    "orderbook": 105,
    "best_line": 56,
    "trades": 20
  },
  "finished_ts": "2026-08-17T14:25:07.110432+00:00"
}
{
  "cycle_id": "daaf0b3b-824c-4a2f-85fd-25b2b6fbc0fb",
  "started_ts": "2026-08-17T14:30:03.157658+00:00",
  "league_id": 1384,
  "endpoints_attempted": [
    "/markets/active",
    "/orders",
    "/orders",
    "/trades",
    "/trades"
  ],
  "endpoint_failures": [],
  "rows_written": {
    "markets": 1,
    "best_line": 26,
    "orderbook": 34,
    "trades": 22,
    "roster_events": 0
  },
  "rows_deduped": {
    "markets": 28,
    "best_line": 32,
    "orderbook": 72,
    "trades": 0,
    "roster_events": 0
  },
  "raw_counts": {
    "markets": 29,
    "orderbook": 106,
    "best_line": 58,
    "trades": 22
  },
  "finished_ts": "2026-08-17T14:30:07.407982+00:00"
}
{
  "cycle_id": "cda2c2dd-f67c-428f-b69e-c0c13882f570",
  "started_ts": "2026-08-17T14:35:05.554507+00:00",
  "league_id": 1384,
  "endpoints_attempted": [
    "/markets/active",
    "/orders",
    "/orders",
    "/trades",
    "/trades"
  ],
  "endpoint_failures": [],
  "rows_written": {
    "markets": 0,
    "best_line": 26,
    "orderbook": 38,
    "trades": 28,
    "roster_events": 0
  },
  "rows_deduped": {
    "markets": 29,
    "best_line": 32,
    "orderbook": 68,
    "trades": 0,
    "roster_events": 0
  },
  "raw_counts": {
    "markets": 29,
    "orderbook": 106,
    "best_line": 58,
    "trades": 28
  },
  "finished_ts": "2026-08-17T14:35:10.668569+00:00"
}
{
  "cycle_id": "d0a03276-f927-469f-9c7c-167698d61b1b",
  "started_ts": "2026-08-17T14:40:02.926008+00:00",
  "league_id": 1384,
  "endpoints_attempted": [
    "/markets/active",
    "/orders",
    "/orders",
    "/trades",
    "/trades"
  ],
  "endpoint_failures": [],
  "rows_written": {
    "markets": 0,
    "best_line": 24,
    "orderbook": 34,
    "trades": 32,
    "roster_events": 0
  },
  "rows_deduped": {
    "markets": 29,
    "best_line": 34,
    "orderbook": 72,
    "trades": 0,
    "roster_events": 0
  },
  "raw_counts": {
    "markets": 29,
    "orderbook": 106,
    "best_line": 58,
    "trades": 32
  },
  "finished_ts": "2026-08-17T14:40:07.196040+00:00"
}
{
  "cycle_id": "3fb57a1e-5de3-4a3b-be62-b89ab17d1cb9",
  "started_ts": "2026-08-17T14:45:02.828253+00:00",
  "league_id": 1384,
  "endpoints_attempted": [
    "/markets/active",
    "/orders",
    "/orders",
    "/trades",
    "/trades"
  ],
  "endpoint_failures": [],
  "rows_written": {
    "markets": 0,
    "best_line": 18,
    "orderbook": 14,
    "trades": 32,
    "roster_events": 0
  },
  "rows_deduped": {
    "markets": 29,
    "best_line": 40,
    "orderbook": 95,
    "trades": 0,
    "roster_events": 0
  },
  "raw_counts": {
    "markets": 29,
    "orderbook": 109,
    "best_line": 58,
    "trades": 32
  },
  "finished_ts": "2026-08-17T14:45:07.076609+00:00"
}
{
  "cycle_id": "ec6d2a46-30c3-41c7-be61-9101290c2f72",
  "started_ts": "2026-08-17T14:50:03.949033+00:00",
  "league_id": 1384,
  "endpoints_attempted": [
    "/markets/active",
    "/orders",
    "/orders",
    "/trades",
    "/trades"
  ],
  "endpoint_failures": [],
  "rows_written": {
    "markets": 0,
    "best_line": 36,
    "orderbook": 48,
    "trades": 32,
    "roster_events": 0
  },
  "rows_deduped": {
    "markets": 29,
    "best_line": 22,
    "orderbook": 52,
    "trades": 0,
    "roster_events": 0
  },
  "raw_counts": {
    "markets": 29,
    "orderbook": 100,
    "best_line": 58,
    "trades": 32
  },
  "finished_ts": "2026-08-17T14:50:08.196867+00:00"
}
{
  "cycle_id": "6593f546-3e95-477f-b1fd-090d998e4934",
  "started_ts": "2026-08-17T14:55:04.575342+00:00",
  "league_id": 1384,
  "endpoints_attempted": [
    "/markets/active",
    "/orders",
    "/orders",
    "/trades",
    "/trades"
  ],
  "endpoint_failures": [],
  "rows_written": {
    "markets": 0,
    "best_line": 13,
    "orderbook": 18,
    "trades": 32,
    "roster_events": 0
  },
  "rows_deduped": {
    "markets": 29,
    "best_line": 45,
    "orderbook": 80,
    "trades": 0,
    "roster_events": 0
  },
  "raw_counts": {
    "markets": 29,
    "orderbook": 98,
    "best_line": 58,
    "trades": 32
  },
  "finished_ts": "2026-08-17T14:55:08.858015+00:00"
}
{
  "cycle_id": "ccabbeab-28dd-42a2-9027-190a14dda801",
  "started_ts": "2026-08-17T15:00:32.365945+00:00",
  "league_id": 1384,
  "endpoints_attempted": [
    "/markets/active",
    "/orders",
    "/orders",
    "/trades",
    "/trades"
  ],
  "endpoint_failures": [],
  "rows_written": {
    "markets": 2,
    "best_line": 13,
    "orderbook": 22,
    "trades": 32,
    "roster_events": 0
  },
  "rows_deduped": {
    "markets": 27,
    "best_line": 45,
    "orderbook": 77,
    "trades": 0,
    "roster_events": 0
  },
  "raw_counts": {
    "markets": 29,
    "orderbook": 99,
    "best_line": 58,
    "trades": 32
  },
  "finished_ts": "2026-08-17T15:00:41.695408+00:00"
}
{
  "cycle_id": "82550dde-cad5-435c-bcd5-bb26c287d40b",
  "started_ts": "2026-08-17T15:05:03.053342+00:00",
  "league_id": 1384,
  "endpoints_attempted": [
    "/markets/active",
    "/orders",
    "/orders",
    "/trades",
    "/trades"
  ],
  "endpoint_failures": [],
  "rows_written": {
    "markets": 2,
    "best_line": 11,
    "orderbook": 7,
    "trades": 32,
    "roster_events": 0
  },
  "rows_deduped": {
    "markets": 27,
    "best_line": 47,
    "orderbook": 88,
    "trades": 0,
    "roster_events": 0
  },
  "raw_counts": {
    "markets": 29,
    "orderbook": 95,
    "best_line": 58,
    "trades": 32
  },
  "finished_ts": "2026-08-17T15:05:07.336668+00:00"
}
{
  "cycle_id": "25f34ca9-649a-4039-a7bb-6d370fe8c90b",
  "started_ts": "2026-08-17T15:10:03.824805+00:00",
  "league_id": 1384,
  "endpoints_attempted": [
    "/markets/active",
    "/orders",
    "/orders",
    "/trades",
    "/trades"
  ],
  "endpoint_failures": [],
  "rows_written": {
    "markets": 0,
    "best_line": 16,
    "orderbook": 52,
    "trades": 36,
    "roster_events": 0
  },
  "rows_deduped": {
    "markets": 29,
    "best_line": 42,
    "orderbook": 40,
    "trades": 0,
    "roster_events": 0
  },
  "raw_counts": {
    "markets": 29,
    "orderbook": 92,
    "best_line": 58,
    "trades": 36
  },
  "finished_ts": "2026-08-17T15:10:08.573329+00:00"
}
{
  "cycle_id": "4509c44c-5ea2-4ead-a2c9-26c6a791e18e",
  "started_ts": "2026-08-17T15:15:04.933748+00:00",
  "league_id": 1384,
  "endpoints_attempted": [
    "/markets/active",
    "/orders",
    "/orders",
    "/trades",
    "/trades"
  ],
  "endpoint_failures": [],
  "rows_written": {
    "markets": 0,
    "best_line": 21,
    "orderbook": 28,
    "trades": 36,
    "roster_events": 0
  },
  "rows_deduped": {
    "markets": 29,
    "best_line": 37,
    "orderbook": 67,
    "trades": 0,
    "roster_events": 0
  },
  "raw_counts": {
    "markets": 29,
    "orderbook": 95,
    "best_line": 58,
    "trades": 36
  },
  "finished_ts": "2026-08-17T15:15:09.697225+00:00"
}
{
  "cycle_id": "6e864692-0a7d-41b1-8c8a-1d449f9c7765",
  "started_ts": "2026-08-17T15:20:04.275126+00:00",
  "league_id": 1384,
  "endpoints_attempted": [
    "/markets/active",
    "/orders",
    "/orders",
    "/trades",
    "/trades"
  ],
  "endpoint_failures": [],
  "rows_written": {
    "markets": 0,
    "best_line": 19,
    "orderbook": 47,
    "trades": 36,
    "roster_events": 0
  },
  "rows_deduped": {
    "markets": 29,
    "best_line": 39,
    "orderbook": 54,
    "trades": 0,
    "roster_events": 0
  },
  "raw_counts": {
    "markets": 29,
    "orderbook": 101,
    "best_line": 58,
    "trades": 36
  },
  "finished_ts": "2026-08-17T15:20:08.542744+00:00"
}
{
  "cycle_id": "5e7f9eb1-0a4a-4fbc-9e0d-6bc929929363",
  "started_ts": "2026-08-17T15:25:03.111836+00:00",
  "league_id": 1384,
  "endpoints_attempted": [
    "/markets/active",
    "/orders",
    "/orders",
    "/trades",
    "/trades"
  ],
  "endpoint_failures": [],
  "rows_written": {
    "markets": 0,
    "best_line": 13,
    "orderbook": 11,
    "trades": 36,
    "roster_events": 0
  },
  "rows_deduped": {
    "markets": 29,
    "best_line": 45,
    "orderbook": 89,
    "trades": 0,
    "roster_events": 0
  },
  "raw_counts": {
    "markets": 29,
    "orderbook": 100,
    "best_line": 58,
    "trades": 36
  },
  "finished_ts": "2026-08-17T15:25:07.365944+00:00"
}
{
  "cycle_id": "a12d8c33-a80e-4d18-9f13-9cc6d35748a6",
  "started_ts": "2026-08-17T15:30:03.567532+00:00",
  "league_id": 1384,
  "endpoints_attempted": [
    "/markets/active",
    "/orders",
    "/orders",
    "/trades",
    "/trades"
  ],
  "endpoint_failures": [],
  "rows_written": {
    "markets": 0,
    "best_line": 14,
    "orderbook": 15,
    "trades": 36,
    "roster_events": 0
  },
  "rows_deduped": {
    "markets": 29,
    "best_line": 44,
    "orderbook": 80,
    "trades": 0,
    "roster_events": 0
  },
  "raw_counts": {
    "markets": 29,
    "orderbook": 95,
    "best_line": 58,
    "trades": 36
  },
  "finished_ts": "2026-08-17T15:30:07.843976+00:00"
}
{
  "cycle_id": "a46b1fb2-159c-4a5e-93b2-e87753c5d39f",
  "started_ts": "2026-08-17T15:35:02.885099+00:00",
  "league_id": 1384,
  "endpoints_attempted": [
    "/markets/active",
    "/orders",
    "/orders",
    "/trades",
    "/trades"
  ],
  "endpoint_failures": [],
  "rows_written": {
    "markets": 0,
    "best_line": 16,
    "orderbook": 42,
    "trades": 36,
    "roster_events": 0
  },
  "rows_deduped": {
    "markets": 29,
    "best_line": 42,
    "orderbook": 54,
    "trades": 0,
    "roster_events": 0
  },
  "raw_counts": {
    "markets": 29,
    "orderbook": 96,
    "best_line": 58,
    "trades": 36
  },
  "finished_ts": "2026-08-17T15:35:07.155322+00:00"
}
{
  "cycle_id": "fa6de376-757d-484d-b5aa-e2feaec4861e",
  "started_ts": "2026-08-17T15:40:04.098196+00:00",
  "league_id": 1384,
  "endpoints_attempted": [
    "/markets/active",
    "/orders",
    "/orders",
    "/trades",
    "/trades"
  ],
  "endpoint_failures": [],
  "rows_written": {
    "markets": 0,
    "best_line": 21,
    "orderbook": 32,
    "trades": 36,
    "roster_events": 0
  },
  "rows_deduped": {
    "markets": 29,
    "best_line": 37,
    "orderbook": 62,
    "trades": 0,
    "roster_events": 0
  },
  "raw_counts": {
    "markets": 29,
    "orderbook": 94,
    "best_line": 58,
    "trades": 36
  },
  "finished_ts": "2026-08-17T15:40:08.391420+00:00"
}
{
  "cycle_id": "3c63297e-2acb-4dbb-b191-cb2999af32af",
  "started_ts": "2026-08-17T15:45:04.591551+00:00",
  "league_id": 1384,
  "endpoints_attempted": [
    "/markets/active",
    "/orders",
    "/orders",
    "/trades",
    "/trades"
  ],
  "endpoint_failures": [],
  "rows_written": {
    "markets": 0,
    "best_line": 19,
    "orderbook": 18,
    "trades": 36,
    "roster_events": 0
  },
  "rows_deduped": {
    "markets": 29,
    "best_line": 39,
    "orderbook": 85,
    "trades": 0,
    "roster_events": 0
  },
  "raw_counts": {
    "markets": 29,
    "orderbook": 103,
    "best_line": 58,
    "trades": 36
  },
  "finished_ts": "2026-08-17T15:45:09.480340+00:00"
}
{
  "cycle_id": "ff428fb4-0140-4bce-8003-d9273a76f81d",
  "started_ts": "2026-08-17T15:50:02.185388+00:00",
  "league_id": 1384,
  "endpoints_attempted": [
    "/markets/active",
    "/orders",
    "/orders",
    "/trades",
    "/trades"
  ],
  "endpoint_failures": [],
  "rows_written": {
    "markets": 0,
    "best_line": 11,
    "orderbook": 13,
    "trades": 36,
    "roster_events": 0
  },
  "rows_deduped": {
    "markets": 29,
    "best_line": 47,
    "orderbook": 89,
    "trades": 0,
    "roster_events": 0
  },
  "raw_counts": {
    "markets": 29,
    "orderbook": 102,
    "best_line": 58,
    "trades": 36
  },
  "finished_ts": "2026-08-17T15:50:06.440410+00:00"
}
{
  "cycle_id": "6d9e1f6d-cf26-47ba-a61a-4f1522d9d1be",
  "started_ts": "2026-08-17T15:55:02.651936+00:00",
  "league_id": 1384,
  "endpoints_attempted": [
    "/markets/active",
    "/orders",
    "/orders",
    "/trades",
    "/trades"
  ],
  "endpoint_failures": [],
  "rows_written": {
    "markets": 0,
    "best_line": 15,
    "orderbook": 24,
    "trades": 36,
    "roster_events": 0
  },
  "rows_deduped": {
    "markets": 29,
    "best_line": 43,
    "orderbook": 80,
    "trades": 0,
    "roster_events": 0
  },
  "raw_counts": {
    "markets": 29,
    "orderbook": 104,
    "best_line": 58,
    "trades": 36
  },
  "finished_ts": "2026-08-17T15:55:06.922302+00:00"
}
{
  "cycle_id": "3424610e-5613-429d-987d-ab9eb8d2079f",
  "started_ts": "2026-08-17T16:00:06.791674+00:00",
  "league_id": 1384,
  "endpoints_attempted": [
    "/markets/active",
    "/orders",
    "/orders",
    "/trades",
    "/trades"
  ],
  "endpoint_failures": [],
  "rows_written": {
    "markets": 0,
    "best_line": 27,
    "orderbook": 44,
    "trades": 38,
    "roster_events": 0
  },
  "rows_deduped": {
    "markets": 29,
    "best_line": 31,
    "orderbook": 62,
    "trades": 0,
    "roster_events": 0
  },
  "raw_counts": {
    "markets": 29,
    "orderbook": 106,
    "best_line": 58,
    "trades": 38
  },
  "finished_ts": "2026-08-17T16:00:12.890530+00:00"
}
{
  "cycle_id": "dff6c545-ee67-4863-a5a1-59971447aad9",
  "started_ts": "2026-08-17T16:05:03.324214+00:00",
  "league_id": 1384,
  "endpoints_attempted": [
    "/markets/active",
    "/orders",
    "/orders",
    "/trades",
    "/trades"
  ],
  "endpoint_failures": [],
  "rows_written": {
    "markets": 0,
    "best_line": 15,
    "orderbook": 13,
    "trades": 38,
    "roster_events": 0
  },
  "rows_deduped": {
    "markets": 29,
    "best_line": 43,
    "orderbook": 93,
    "trades": 0,
    "roster_events": 0
  },
  "raw_counts": {
    "markets": 29,
    "orderbook": 106,
    "best_line": 58,
    "trades": 38
  },
  "finished_ts": "2026-08-17T16:05:07.779821+00:00"
}
{
  "cycle_id": "538e9e5f-5528-4a05-93ec-9b2f9f8b9d33",
  "started_ts": "2026-08-17T16:10:03.081139+00:00",
  "league_id": 1384,
  "endpoints_attempted": [
    "/markets/active",
    "/orders",
    "/orders",
    "/trades",
    "/trades"
  ],
  "endpoint_failures": [],
  "rows_written": {
    "markets": 2,
    "best_line": 20,
    "orderbook": 40,
    "trades": 42,
    "roster_events": 0
  },
  "rows_deduped": {
    "markets": 27,
    "best_line": 38,
    "orderbook": 65,
    "trades": 0,
    "roster_events": 0
  },
  "raw_counts": {
    "markets": 29,
    "orderbook": 105,
    "best_line": 58,
    "trades": 42
  },
  "finished_ts": "2026-08-17T16:10:07.345212+00:00"
}
{
  "cycle_id": "4d4acc54-f680-4072-8fbb-b4a345e4d247",
  "started_ts": "2026-08-17T16:15:07.150282+00:00",
  "league_id": 1384,
  "endpoints_attempted": [
    "/markets/active",
    "/orders",
    "/orders",
    "/trades",
    "/trades"
  ],
  "endpoint_failures": [],
  "rows_written": {
    "markets": 4,
    "best_line": 21,
    "orderbook": 24,
    "trades": 42,
    "roster_events": 0
  },
  "rows_deduped": {
    "markets": 25,
    "best_line": 37,
    "orderbook": 82,
    "trades": 0,
    "roster_events": 0
  },
  "raw_counts": {
    "markets": 29,
    "orderbook": 106,
    "best_line": 58,
    "trades": 42
  },
  "finished_ts": "2026-08-17T16:15:11.761623+00:00"
}
{
  "cycle_id": "fa8a5f0f-2ebc-4e71-89d0-8a5d87d3a21f",
  "started_ts": "2026-08-17T16:20:03.142764+00:00",
  "league_id": 1384,
  "endpoints_attempted": [
    "/markets/active",
    "/orders",
    "/orders",
    "/trades",
    "/trades"
  ],
  "endpoint_failures": [],
  "rows_written": {
    "markets": 0,
    "best_line": 18,
    "orderbook": 27,
    "trades": 42,
    "roster_events": 0
  },
  "rows_deduped": {
    "markets": 29,
    "best_line": 40,
    "orderbook": 78,
    "trades": 0,
    "roster_events": 0
  },
  "raw_counts": {
    "markets": 29,
    "orderbook": 105,
    "best_line": 58,
    "trades": 42
  },
  "finished_ts": "2026-08-17T16:20:07.494512+00:00"
}
^C{
  "cycle_id": "5dba8ad7-9d30-49bf-8be4-2665a664002c",
  "started_ts": "2026-08-17T16:30:02.974229+00:00",
  "league_id": 1384,
  "endpoints_attempted": [
    "/markets/active",
    "/orders",
    "/orders",
    "/trades",
    "/trades"
  ],
  "endpoint_failures": [],
  "rows_written": {
    "markets": 0,
    "best_line": 24,
    "orderbook": 51,
    "trades": 42,
    "roster_events": 0
  },
  "rows_deduped": {
    "markets": 29,
    "best_line": 34,
    "orderbook": 47,
    "trades": 0,
    "roster_events": 0
  },
  "raw_counts": {
    "markets": 29,
    "orderbook": 98,
    "best_line": 58,
    "trades": 42
  },
  "finished_ts": "2026-08-17T16:30:07.319806+00:00"
}
{
  "cycle_id": "cda6404a-489b-43ab-a4c4-4b8be87d494c",
  "started_ts": "2026-08-17T16:35:02.949800+00:00",
  "league_id": 1384,
  "endpoints_attempted": [
    "/markets/active",
    "/orders",
    "/orders",
    "/trades",
    "/trades"
  ],
  "endpoint_failures": [],
  "rows_written": {
    "markets": 2,
    "best_line": 20,
    "orderbook": 24,
    "trades": 42,
    "roster_events": 0
  },
  "rows_deduped": {
    "markets": 27,
    "best_line": 38,
    "orderbook": 80,
    "trades": 0,
    "roster_events": 0
  },
  "raw_counts": {
    "markets": 29,
    "orderbook": 104,
    "best_line": 58,
    "trades": 42
  },
  "finished_ts": "2026-08-17T16:35:07.203307+00:00"
}
{
  "cycle_id": "a87d2484-0822-4c68-9f88-c0918829a2b9",
  "started_ts": "2026-08-17T16:40:02.385675+00:00",
  "league_id": 1384,
  "endpoints_attempted": [
    "/markets/active",
    "/orders",
    "/orders",
    "/trades",
    "/trades"
  ],
  "endpoint_failures": [],
  "rows_written": {
    "markets": 0,
    "best_line": 18,
    "orderbook": 27,
    "trades": 42,
    "roster_events": 0
  },
  "rows_deduped": {
    "markets": 29,
    "best_line": 40,
    "orderbook": 79,
    "trades": 0,
    "roster_events": 0
  },
  "raw_counts": {
    "markets": 29,
    "orderbook": 106,
    "best_line": 58,
    "trades": 42
  },
  "finished_ts": "2026-08-17T16:40:06.639429+00:00"
}
{
  "cycle_id": "b3e8f6cb-7af5-461a-ae66-ac0d6c7b4aa7",
  "started_ts": "2026-08-17T16:45:02.830857+00:00",
  "league_id": 1384,
  "endpoints_attempted": [
    "/markets/active",
    "/orders",
    "/orders",
    "/trades",
    "/trades"
  ],
  "endpoint_failures": [],
  "rows_written": {
    "markets": 0,
    "best_line": 12,
    "orderbook": 11,
    "trades": 42,
    "roster_events": 0
  },
  "rows_deduped": {
    "markets": 29,
    "best_line": 46,
    "orderbook": 93,
    "trades": 0,
    "roster_events": 0
  },
  "raw_counts": {
    "markets": 29,
    "orderbook": 104,
    "best_line": 58,
    "trades": 42
  },
  "finished_ts": "2026-08-17T16:45:07.080154+00:00"
}
{
  "cycle_id": "2edb455b-c40a-4ffd-a303-39cea9a20b75",
  "started_ts": "2026-08-17T16:50:02.270634+00:00",
  "league_id": 1384,
  "endpoints_attempted": [
    "/markets/active",
    "/orders",
    "/orders",
    "/trades",
    "/trades"
  ],
  "endpoint_failures": [],
  "rows_written": {
    "markets": 0,
    "best_line": 14,
    "orderbook": 34,
    "trades": 42,
    "roster_events": 0
  },
  "rows_deduped": {
    "markets": 29,
    "best_line": 44,
    "orderbook": 70,
    "trades": 0,
    "roster_events": 0
  },
  "raw_counts": {
    "markets": 29,
    "orderbook": 104,
    "best_line": 58,
    "trades": 42
  },
  "finished_ts": "2026-08-17T16:50:06.517996+00:00"
}
{
  "cycle_id": "333cfec2-4341-4491-9b32-117d46179a10",
  "started_ts": "2026-08-17T16:55:02.233983+00:00",
  "league_id": 1384,
  "endpoints_attempted": [
    "/markets/active",
    "/orders",
    "/orders",
    "/trades",
    "/trades"
  ],
  "endpoint_failures": [],
  "rows_written": {
    "markets": 0,
    "best_line": 28,
    "orderbook": 40,
    "trades": 42,
    "roster_events": 0
  },
  "rows_deduped": {
    "markets": 29,
    "best_line": 30,
    "orderbook": 64,
    "trades": 0,
    "roster_events": 0
  },
  "raw_counts": {
    "markets": 29,
    "orderbook": 104,
    "best_line": 58,
    "trades": 42
  },
  "finished_ts": "2026-08-17T16:55:06.492559+00:00"
}
{
  "cycle_id": "79951dcc-23ad-4a61-9ad1-2fa2c2d2b7f6",
  "started_ts": "2026-08-17T17:00:04.524079+00:00",
  "league_id": 1384,
  "endpoints_attempted": [
    "/markets/active",
    "/orders",
    "/orders",
    "/trades",
    "/trades"
  ],
  "endpoint_failures": [],
  "rows_written": {
    "markets": 0,
    "best_line": 12,
    "orderbook": 15,
    "trades": 42,
    "roster_events": 0
  },
  "rows_deduped": {
    "markets": 29,
    "best_line": 46,
    "orderbook": 81,
    "trades": 0,
    "roster_events": 0
  },
  "raw_counts": {
    "markets": 29,
    "orderbook": 96,
    "best_line": 58,
    "trades": 42
  },
  "finished_ts": "2026-08-17T17:00:09.146362+00:00"
}
{
  "cycle_id": "a0b296f3-bef1-4bbe-b954-ec5792692247",
  "started_ts": "2026-08-17T17:05:02.978218+00:00",
  "league_id": 1384,
  "endpoints_attempted": [
    "/markets/active",
    "/orders",
    "/orders",
    "/trades",
    "/trades"
  ],
  "endpoint_failures": [],
  "rows_written": {
    "markets": 0,
    "best_line": 16,
    "orderbook": 25,
    "trades": 42,
    "roster_events": 0
  },
  "rows_deduped": {
    "markets": 29,
    "best_line": 42,
    "orderbook": 74,
    "trades": 0,
    "roster_events": 0
  },
  "raw_counts": {
    "markets": 29,
    "orderbook": 99,
    "best_line": 58,
    "trades": 42
  },
  "finished_ts": "2026-08-17T17:05:07.233092+00:00"
}
{
  "cycle_id": "394399de-476a-44b5-a496-f7fe5b4dc873",
  "started_ts": "2026-08-17T17:10:02.911116+00:00",
  "league_id": 1384,
  "endpoints_attempted": [
    "/markets/active",
    "/orders",
    "/orders",
    "/trades",
    "/trades"
  ],
  "endpoint_failures": [],
  "rows_written": {
    "markets": 0,
    "best_line": 22,
    "orderbook": 38,
    "trades": 42,
    "roster_events": 0
  },
  "rows_deduped": {
    "markets": 29,
    "best_line": 36,
    "orderbook": 60,
    "trades": 0,
    "roster_events": 0
  },
  "raw_counts": {
    "markets": 29,
    "orderbook": 98,
    "best_line": 58,
    "trades": 42
  },
  "finished_ts": "2026-08-17T17:10:07.173225+00:00"
}
{
  "cycle_id": "e7b350d4-ea31-43cd-be74-47e32be6c418",
  "started_ts": "2026-08-17T17:15:02.610999+00:00",
  "league_id": 1384,
  "endpoints_attempted": [
    "/markets/active",
    "/orders",
    "/orders",
    "/trades",
    "/trades"
  ],
  "endpoint_failures": [],
  "rows_written": {
    "markets": 0,
    "best_line": 16,
    "orderbook": 17,
    "trades": 46,
    "roster_events": 0
  },
  "rows_deduped": {
    "markets": 29,
    "best_line": 42,
    "orderbook": 77,
    "trades": 0,
    "roster_events": 0
  },
  "raw_counts": {
    "markets": 29,
    "orderbook": 94,
    "best_line": 58,
    "trades": 46
  },
  "finished_ts": "2026-08-17T17:15:06.866888+00:00"
}
{
  "cycle_id": "8acab981-d437-4d95-a256-19a8af75107d",
  "started_ts": "2026-08-17T17:20:02.388662+00:00",
  "league_id": 1384,
  "endpoints_attempted": [
    "/markets/active",
    "/orders",
    "/orders",
    "/trades",
    "/trades"
  ],
  "endpoint_failures": [],
  "rows_written": {
    "markets": 0,
    "best_line": 26,
    "orderbook": 69,
    "trades": 54,
    "roster_events": 0
  },
  "rows_deduped": {
    "markets": 29,
    "best_line": 32,
    "orderbook": 35,
    "trades": 0,
    "roster_events": 0
  },
  "raw_counts": {
    "markets": 29,
    "orderbook": 104,
    "best_line": 58,
    "trades": 54
  },
  "finished_ts": "2026-08-17T17:20:06.666919+00:00"
}
{
  "cycle_id": "65bb8078-b40a-415b-8648-f23f757d86e3",
  "started_ts": "2026-08-17T17:25:02.810461+00:00",
  "league_id": 1384,
  "endpoints_attempted": [
    "/markets/active",
    "/orders",
    "/orders",
    "/trades",
    "/trades"
  ],
  "endpoint_failures": [],
  "rows_written": {
    "markets": 0,
    "best_line": 26,
    "orderbook": 35,
    "trades": 56,
    "roster_events": 0
  },
  "rows_deduped": {
    "markets": 29,
    "best_line": 32,
    "orderbook": 69,
    "trades": 0,
    "roster_events": 0
  },
  "raw_counts": {
    "markets": 29,
    "orderbook": 104,
    "best_line": 58,
    "trades": 56
  },
  "finished_ts": "2026-08-17T17:25:07.094598+00:00"
}
{
  "cycle_id": "c9ee457f-6368-4a13-aafd-79458e7aafa2",
  "started_ts": "2026-08-17T17:30:02.757693+00:00",
  "league_id": 1384,
  "endpoints_attempted": [
    "/markets/active",
    "/orders",
    "/orders",
    "/trades",
    "/trades"
  ],
  "endpoint_failures": [],
  "rows_written": {
    "markets": 0,
    "best_line": 24,
    "orderbook": 69,
    "trades": 64,
    "roster_events": 0
  },
  "rows_deduped": {
    "markets": 29,
    "best_line": 34,
    "orderbook": 33,
    "trades": 0,
    "roster_events": 0
  },
  "raw_counts": {
    "markets": 29,
    "orderbook": 102,
    "best_line": 58,
    "trades": 64
  },
  "finished_ts": "2026-08-17T17:30:07.032263+00:00"
}
{
  "cycle_id": "c7f34cbd-f535-4512-a70d-a45f7be82837",
  "started_ts": "2026-08-17T17:35:02.415673+00:00",
  "league_id": 1384,
  "endpoints_attempted": [
    "/markets/active",
    "/orders",
    "/orders",
    "/trades",
    "/trades"
  ],
  "endpoint_failures": [],
  "rows_written": {
    "markets": 2,
    "best_line": 29,
    "orderbook": 56,
    "trades": 64,
    "roster_events": 0
  },
  "rows_deduped": {
    "markets": 28,
    "best_line": 31,
    "orderbook": 51,
    "trades": 0,
    "roster_events": 0
  },
  "raw_counts": {
    "markets": 30,
    "orderbook": 107,
    "best_line": 60,
    "trades": 64
  },
  "finished_ts": "2026-08-17T17:35:06.670018+00:00"
}
{
  "cycle_id": "37dc382e-93fc-4bc2-9722-69834d986e16",
  "started_ts": "2026-08-17T17:40:02.453604+00:00",
  "league_id": 1384,
  "endpoints_attempted": [
    "/markets/active",
    "/orders",
    "/orders",
    "/trades",
    "/trades"
  ],
  "endpoint_failures": [],
  "rows_written": {
    "markets": 0,
    "best_line": 30,
    "orderbook": 75,
    "trades": 64,
    "roster_events": 0
  },
  "rows_deduped": {
    "markets": 30,
    "best_line": 30,
    "orderbook": 33,
    "trades": 0,
    "roster_events": 0
  },
  "raw_counts": {
    "markets": 30,
    "orderbook": 108,
    "best_line": 60,
    "trades": 64
  },
  "finished_ts": "2026-08-17T17:40:06.715087+00:00"
}
{
  "cycle_id": "67408a55-333c-4205-bf45-1ef2d49f68cb",
  "started_ts": "2026-08-17T17:45:03.815995+00:00",
  "league_id": 1384,
  "endpoints_attempted": [
    "/markets/active",
    "/orders",
    "/orders",
    "/trades",
    "/trades"
  ],
  "endpoint_failures": [],
  "rows_written": {
    "markets": 2,
    "best_line": 24,
    "orderbook": 41,
    "trades": 76,
    "roster_events": 0
  },
  "rows_deduped": {
    "markets": 28,
    "best_line": 36,
    "orderbook": 64,
    "trades": 0,
    "roster_events": 0
  },
  "raw_counts": {
    "markets": 30,
    "orderbook": 105,
    "best_line": 60,
    "trades": 76
  },
  "finished_ts": "2026-08-17T17:45:08.316853+00:00"
}
{
  "cycle_id": "1f2eb3fa-aaf7-468b-9dbe-8cb19641360e",
  "started_ts": "2026-08-17T17:50:03.293902+00:00",
  "league_id": 1384,
  "endpoints_attempted": [
    "/markets/active",
    "/orders",
    "/orders",
    "/trades",
    "/trades"
  ],
  "endpoint_failures": [],
  "rows_written": {
    "markets": 0,
    "best_line": 24,
    "orderbook": 46,
    "trades": 82,
    "roster_events": 0
  },
  "rows_deduped": {
    "markets": 30,
    "best_line": 36,
    "orderbook": 55,
    "trades": 0,
    "roster_events": 0
  },
  "raw_counts": {
    "markets": 30,
    "orderbook": 101,
    "best_line": 60,
    "trades": 82
  },
  "finished_ts": "2026-08-17T17:50:09.635506+00:00"
}
{
  "cycle_id": "bf91c7c2-322b-4012-b6c2-dcefd2a44c4c",
  "started_ts": "2026-08-17T18:00:04.262205+00:00",
  "league_id": 1384,
  "endpoints_attempted": [
    "/markets/active",
    "/orders",
    "/orders",
    "/trades",
    "/trades"
  ],
  "endpoint_failures": [],
  "rows_written": {
    "markets": 0,
    "best_line": 31,
    "orderbook": 72,
    "trades": 94,
    "roster_events": 0
  },
  "rows_deduped": {
    "markets": 30,
    "best_line": 29,
    "orderbook": 37,
    "trades": 0,
    "roster_events": 0
  },
  "raw_counts": {
    "markets": 30,
    "orderbook": 109,
    "best_line": 60,
    "trades": 94
  },
  "finished_ts": "2026-08-17T18:00:08.744343+00:00"
}
{
  "cycle_id": "4eb17e1d-c49a-4d52-a51d-40be1c3a0d08",
  "started_ts": "2026-08-17T18:05:06.975042+00:00",
  "league_id": 1384,
  "endpoints_attempted": [
    "/markets/active",
    "/orders",
    "/orders",
    "/trades",
    "/trades"
  ],
  "endpoint_failures": [],
  "rows_written": {
    "markets": 0,
    "best_line": 23,
    "orderbook": 22,
    "trades": 96,
    "roster_events": 0
  },
  "rows_deduped": {
    "markets": 30,
    "best_line": 37,
    "orderbook": 88,
    "trades": 0,
    "roster_events": 0
  },
  "raw_counts": {
    "markets": 30,
    "orderbook": 110,
    "best_line": 60,
    "trades": 96
  },
  "finished_ts": "2026-08-17T18:05:18.963570+00:00"
}
{
  "cycle_id": "e00d0644-f115-44d0-95f7-ba24b7913cc7",
  "started_ts": "2026-08-17T18:10:12.484522+00:00",
  "league_id": 1384,
  "endpoints_attempted": [
    "/markets/active"
  ],
  "endpoint_failures": [
    {
      "endpoint": "/markets/active",
      "error": "SSLError: HTTPSConnectionPool(host='api.sx.bet', port=443): Max retries exceeded with url: /markets/active?leagueId=1384 (Caused by SSLError(SSLEOFError(8, '[SSL: UNEXPECTED_EOF_WHILE_READING] EOF occurred in violation of protocol (_ssl.c:1032)')))"
    }
  ],
  "rows_written": {
    "markets": 0,
    "best_line": 0,
    "orderbook": 0,
    "trades": 0,
    "roster_events": 0
  },
  "rows_deduped": {
    "markets": 0,
    "best_line": 0,
    "orderbook": 0,
    "trades": 0,
    "roster_events": 0
  },
  "raw_counts": {
    "markets": 0,
    "orderbook": 0,
    "best_line": 0,
    "trades": 0
  },
  "finished_ts": "2026-08-17T18:10:29.744605+00:00"
}
{
  "cycle_id": "73ffc392-ff6b-4dbe-8ebd-446c08c67cda",
  "started_ts": "2026-08-17T18:16:02.703344+00:00",
  "league_id": 1384,
  "endpoints_attempted": [
    "/markets/active",
    "/orders",
    "/orders",
    "/trades",
    "/trades"
  ],
  "endpoint_failures": [],
  "rows_written": {
    "markets": 4,
    "best_line": 27,
    "orderbook": 45,
    "trades": 100,
    "roster_events": 0
  },
  "rows_deduped": {
    "markets": 27,
    "best_line": 35,
    "orderbook": 66,
    "trades": 0,
    "roster_events": 0
  },
  "raw_counts": {
    "markets": 31,
    "orderbook": 111,
    "best_line": 62,
    "trades": 100
  },
  "finished_ts": "2026-08-17T18:16:09.686100+00:00"
}
{
  "cycle_id": "25be8307-3ec0-4f3a-a61b-a271c6743c6e",
  "started_ts": "2026-08-17T18:20:05.731781+00:00",
  "league_id": 1384,
  "endpoints_attempted": [
    "/markets/active",
    "/orders",
    "/orders",
    "/trades",
    "/trades"
  ],
  "endpoint_failures": [],
  "rows_written": {
    "markets": 0,
    "best_line": 25,
    "orderbook": 20,
    "trades": 100,
    "roster_events": 0
  },
  "rows_deduped": {
    "markets": 31,
    "best_line": 37,
    "orderbook": 94,
    "trades": 0,
    "roster_events": 0
  },
  "raw_counts": {
    "markets": 31,
    "orderbook": 114,
    "best_line": 62,
    "trades": 100
  },
  "finished_ts": "2026-08-17T18:20:12.020534+00:00"
}
{
  "cycle_id": "5b9477d7-274d-4735-b14a-4e1e59be3828",
  "started_ts": "2026-08-17T18:25:12.169189+00:00",
  "league_id": 1384,
  "endpoints_attempted": [
    "/markets/active",
    "/orders",
    "/orders",
    "/trades",
    "/trades"
  ],
  "endpoint_failures": [],
  "rows_written": {
    "markets": 0,
    "best_line": 30,
    "orderbook": 46,
    "trades": 100,
    "roster_events": 0
  },
  "rows_deduped": {
    "markets": 31,
    "best_line": 32,
    "orderbook": 66,
    "trades": 0,
    "roster_events": 0
  },
  "raw_counts": {
    "markets": 31,
    "orderbook": 112,
    "best_line": 62,
    "trades": 100
  },
  "finished_ts": "2026-08-17T18:25:17.254245+00:00"
}
{
  "cycle_id": "129f9ccb-c074-473a-815a-c095bdb08a6a",
  "started_ts": "2026-08-17T18:30:03.954242+00:00",
  "league_id": 1384,
  "endpoints_attempted": [
    "/markets/active",
    "/orders",
    "/orders",
    "/trades",
    "/trades"
  ],
  "endpoint_failures": [],
  "rows_written": {
    "markets": 0,
    "best_line": 13,
    "orderbook": 26,
    "trades": 100,
    "roster_events": 0
  },
  "rows_deduped": {
    "markets": 31,
    "best_line": 49,
    "orderbook": 86,
    "trades": 0,
    "roster_events": 0
  },
  "raw_counts": {
    "markets": 31,
    "orderbook": 112,
    "best_line": 62,
    "trades": 100
  },
  "finished_ts": "2026-08-17T18:30:08.993921+00:00"
}
{
  "cycle_id": "a5af9d61-2d09-431c-b549-a313e81e69ee",
  "started_ts": "2026-08-17T18:35:03.138391+00:00",
  "league_id": 1384,
  "endpoints_attempted": [
    "/markets/active",
    "/orders",
    "/orders",
    "/trades",
    "/trades"
  ],
  "endpoint_failures": [],
  "rows_written": {
    "markets": 0,
    "best_line": 9,
    "orderbook": 5,
    "trades": 100,
    "roster_events": 0
  },
  "rows_deduped": {
    "markets": 31,
    "best_line": 53,
    "orderbook": 107,
    "trades": 0,
    "roster_events": 0
  },
  "raw_counts": {
    "markets": 31,
    "orderbook": 112,
    "best_line": 62,
    "trades": 100
  },
  "finished_ts": "2026-08-17T18:35:07.396189+00:00"
}
{
  "cycle_id": "b98d800e-fdcc-4591-b9a1-51513a3f287e",
  "started_ts": "2026-08-17T18:40:03.126986+00:00",
  "league_id": 1384,
  "endpoints_attempted": [
    "/markets/active",
    "/orders",
    "/orders",
    "/trades",
    "/trades"
  ],
  "endpoint_failures": [],
  "rows_written": {
    "markets": 2,
    "best_line": 17,
    "orderbook": 21,
    "trades": 100,
    "roster_events": 0
  },
  "rows_deduped": {
    "markets": 29,
    "best_line": 45,
    "orderbook": 92,
    "trades": 0,
    "roster_events": 0
  },
  "raw_counts": {
    "markets": 31,
    "orderbook": 113,
    "best_line": 62,
    "trades": 100
  },
  "finished_ts": "2026-08-17T18:40:07.412810+00:00"
}
{
  "cycle_id": "4151deae-18e4-4cd6-9e91-790fc3f9ab2d",
  "started_ts": "2026-08-17T18:45:03.741590+00:00",
  "league_id": 1384,
  "endpoints_attempted": [
    "/markets/active",
    "/orders",
    "/orders",
    "/trades",
    "/trades"
  ],
  "endpoint_failures": [],
  "rows_written": {
    "markets": 0,
    "best_line": 25,
    "orderbook": 40,
    "trades": 100,
    "roster_events": 0
  },
  "rows_deduped": {
    "markets": 31,
    "best_line": 37,
    "orderbook": 79,
    "trades": 0,
    "roster_events": 0
  },
  "raw_counts": {
    "markets": 31,
    "orderbook": 119,
    "best_line": 62,
    "trades": 100
  },
  "finished_ts": "2026-08-17T18:45:07.995825+00:00"
}
{
  "cycle_id": "0c7f4db5-012f-443a-a1d1-9f1e78f47cd2",
  "started_ts": "2026-08-17T18:50:02.960048+00:00",
  "league_id": 1384,
  "endpoints_attempted": [
    "/markets/active",
    "/orders",
    "/orders",
    "/trades",
    "/trades"
  ],
  "endpoint_failures": [],
  "rows_written": {
    "markets": 0,
    "best_line": 22,
    "orderbook": 45,
    "trades": 100,
    "roster_events": 0
  },
  "rows_deduped": {
    "markets": 31,
    "best_line": 40,
    "orderbook": 71,
    "trades": 0,
    "roster_events": 0
  },
  "raw_counts": {
    "markets": 31,
    "orderbook": 116,
    "best_line": 62,
    "trades": 100
  },
  "finished_ts": "2026-08-17T18:50:07.243667+00:00"
}
^C{
  "cycle_id": "e2f3703f-f2be-4d97-89ab-afaabcd1425d",
  "started_ts": "2026-08-17T19:00:04.431281+00:00",
  "league_id": 1384,
  "endpoints_attempted": [
    "/markets/active",
    "/orders",
    "/orders",
    "/trades",
    "/trades"
  ],
  "endpoint_failures": [],
  "rows_written": {
    "markets": 0,
    "best_line": 25,
    "orderbook": 56,
    "trades": 100,
    "roster_events": 0
  },
  "rows_deduped": {
    "markets": 31,
    "best_line": 37,
    "orderbook": 61,
    "trades": 0,
    "roster_events": 0
  },
  "raw_counts": {
    "markets": 31,
    "orderbook": 117,
    "best_line": 62,
    "trades": 100
  },
  "finished_ts": "2026-08-17T19:00:09.372106+00:00"
}
{
  "cycle_id": "d39ea9d8-2e46-4d0e-a244-9decb003718c",
  "started_ts": "2026-08-17T19:05:03.706746+00:00",
  "league_id": 1384,
  "endpoints_attempted": [
    "/markets/active",
    "/orders",
    "/orders",
    "/trades",
    "/trades"
  ],
  "endpoint_failures": [],
  "rows_written": {
    "markets": 0,
    "best_line": 20,
    "orderbook": 23,
    "trades": 100,
    "roster_events": 0
  },
  "rows_deduped": {
    "markets": 31,
    "best_line": 42,
    "orderbook": 94,
    "trades": 0,
    "roster_events": 0
  },
  "raw_counts": {
    "markets": 31,
    "orderbook": 117,
    "best_line": 62,
    "trades": 100
  },
  "finished_ts": "2026-08-17T19:05:08.975237+00:00"
}
{
  "cycle_id": "94aa3046-ef82-4345-923e-71333cd3d4ef",
  "started_ts": "2026-08-17T19:10:03.429168+00:00",
  "league_id": 1384,
  "endpoints_attempted": [
    "/markets/active",
    "/orders",
    "/orders",
    "/trades",
    "/trades"
  ],
  "endpoint_failures": [],
  "rows_written": {
    "markets": 0,
    "best_line": 13,
    "orderbook": 30,
    "trades": 100,
    "roster_events": 0
  },
  "rows_deduped": {
    "markets": 31,
    "best_line": 49,
    "orderbook": 85,
    "trades": 0,
    "roster_events": 0
  },
  "raw_counts": {
    "markets": 31,
    "orderbook": 115,
    "best_line": 62,
    "trades": 100
  },
  "finished_ts": "2026-08-17T19:10:09.515449+00:00"
}
^C{
  "cycle_id": "a52f3458-a866-4ac1-8775-21874bd4a189",
  "started_ts": "2026-08-17T19:25:03.372019+00:00",
  "league_id": 1384,
  "endpoints_attempted": [
    "/markets/active",
    "/orders",
    "/orders",
    "/trades",
    "/trades"
  ],
  "endpoint_failures": [],
  "rows_written": {
    "markets": 0,
    "best_line": 28,
    "orderbook": 57,
    "trades": 100,
    "roster_events": 0
  },
  "rows_deduped": {
    "markets": 31,
    "best_line": 34,
    "orderbook": 57,
    "trades": 0,
    "roster_events": 0
  },
  "raw_counts": {
    "markets": 31,
    "orderbook": 114,
    "best_line": 62,
    "trades": 100
  },
  "finished_ts": "2026-08-17T19:25:07.639807+00:00"
}
{
  "cycle_id": "e929d664-be02-4954-8960-3c4cbe6c6818",
  "started_ts": "2026-08-17T19:30:03.253238+00:00",
  "league_id": 1384,
  "endpoints_attempted": [
    "/markets/active",
    "/orders",
    "/orders",
    "/trades",
    "/trades"
  ],
  "endpoint_failures": [],
  "rows_written": {
    "markets": 0,
    "best_line": 13,
    "orderbook": 25,
    "trades": 100,
    "roster_events": 0
  },
  "rows_deduped": {
    "markets": 31,
    "best_line": 49,
    "orderbook": 91,
    "trades": 0,
    "roster_events": 0
  },
  "raw_counts": {
    "markets": 31,
    "orderbook": 116,
    "best_line": 62,
    "trades": 100
  },
  "finished_ts": "2026-08-17T19:30:07.520454+00:00"
}
{
  "cycle_id": "6384cfeb-3af4-483c-9b24-52839ca6836c",
  "started_ts": "2026-08-17T19:35:02.180490+00:00",
  "league_id": 1384,
  "endpoints_attempted": [
    "/markets/active",
    "/orders",
    "/orders",
    "/trades",
    "/trades"
  ],
  "endpoint_failures": [],
  "rows_written": {
    "markets": 0,
    "best_line": 29,
    "orderbook": 58,
    "trades": 100,
    "roster_events": 0
  },
  "rows_deduped": {
    "markets": 31,
    "best_line": 33,
    "orderbook": 58,
    "trades": 0,
    "roster_events": 0
  },
  "raw_counts": {
    "markets": 31,
    "orderbook": 116,
    "best_line": 62,
    "trades": 100
  },
  "finished_ts": "2026-08-17T19:35:06.438813+00:00"
}
{
  "cycle_id": "48e9c9ba-52bd-4261-b496-f1ba2edc1156",
  "started_ts": "2026-08-17T19:40:02.521895+00:00",
  "league_id": 1384,
  "endpoints_attempted": [
    "/markets/active",
    "/orders",
    "/orders",
    "/trades",
    "/trades"
  ],
  "endpoint_failures": [],
  "rows_written": {
    "markets": 0,
    "best_line": 24,
    "orderbook": 64,
    "trades": 100,
    "roster_events": 0
  },
  "rows_deduped": {
    "markets": 31,
    "best_line": 38,
    "orderbook": 53,
    "trades": 0,
    "roster_events": 0
  },
  "raw_counts": {
    "markets": 31,
    "orderbook": 117,
    "best_line": 62,
    "trades": 100
  },
  "finished_ts": "2026-08-17T19:40:06.791056+00:00"
}
{
  "cycle_id": "b1e159f7-3b7e-4898-ab18-02a02c098ffe",
  "started_ts": "2026-08-17T19:45:02.652930+00:00",
  "league_id": 1384,
  "endpoints_attempted": [
    "/markets/active",
    "/orders",
    "/orders",
    "/trades",
    "/trades"
  ],
  "endpoint_failures": [],
  "rows_written": {
    "markets": 0,
    "best_line": 28,
    "orderbook": 49,
    "trades": 100,
    "roster_events": 0
  },
  "rows_deduped": {
    "markets": 31,
    "best_line": 34,
    "orderbook": 63,
    "trades": 0,
    "roster_events": 0
  },
  "raw_counts": {
    "markets": 31,
    "orderbook": 112,
    "best_line": 62,
    "trades": 100
  },
  "finished_ts": "2026-08-17T19:45:06.917374+00:00"
}
{
  "cycle_id": "d896264e-48f3-481d-b1a3-137ce14dcd31",
  "started_ts": "2026-08-17T19:50:02.272757+00:00",
  "league_id": 1384,
  "endpoints_attempted": [
    "/markets/active",
    "/orders",
    "/orders",
    "/trades",
    "/trades"
  ],
  "endpoint_failures": [],
  "rows_written": {
    "markets": 1,
    "best_line": 14,
    "orderbook": 38,
    "trades": 100,
    "roster_events": 0
  },
  "rows_deduped": {
    "markets": 30,
    "best_line": 48,
    "orderbook": 70,
    "trades": 0,
    "roster_events": 0
  },
  "raw_counts": {
    "markets": 31,
    "orderbook": 108,
    "best_line": 62,
    "trades": 100
  },
  "finished_ts": "2026-08-17T19:50:06.553995+00:00"
}
{
  "cycle_id": "95a6b7a3-2f87-4d29-8a9c-bd5868b31281",
  "started_ts": "2026-08-17T19:55:02.445401+00:00",
  "league_id": 1384,
  "endpoints_attempted": [
    "/markets/active",
    "/orders",
    "/orders",
    "/trades",
    "/trades"
  ],
  "endpoint_failures": [],
  "rows_written": {
    "markets": 0,
    "best_line": 20,
    "orderbook": 30,
    "trades": 100,
    "roster_events": 0
  },
  "rows_deduped": {
    "markets": 31,
    "best_line": 42,
    "orderbook": 85,
    "trades": 0,
    "roster_events": 0
  },
  "raw_counts": {
    "markets": 31,
    "orderbook": 115,
    "best_line": 62,
    "trades": 100
  },
  "finished_ts": "2026-08-17T19:55:06.725990+00:00"
}
{
  "cycle_id": "0efbdb19-c345-478e-95f9-90fe7da573fc",
  "started_ts": "2026-08-17T20:00:03.354082+00:00",
  "league_id": 1384,
  "endpoints_attempted": [
    "/markets/active",
    "/orders",
    "/orders",
    "/trades",
    "/trades"
  ],
  "endpoint_failures": [],
  "rows_written": {
    "markets": 0,
    "best_line": 22,
    "orderbook": 41,
    "trades": 100,
    "roster_events": 0
  },
  "rows_deduped": {
    "markets": 31,
    "best_line": 40,
    "orderbook": 72,
    "trades": 0,
    "roster_events": 0
  },
  "raw_counts": {
    "markets": 31,
    "orderbook": 113,
    "best_line": 62,
    "trades": 100
  },
  "finished_ts": "2026-08-17T20:00:07.633844+00:00"
}
{
  "cycle_id": "55865825-ca42-4644-bebf-95e076b56d60",
  "started_ts": "2026-08-17T20:05:02.532658+00:00",
  "league_id": 1384,
  "endpoints_attempted": [
    "/markets/active",
    "/orders",
    "/orders",
    "/trades",
    "/trades"
  ],
  "endpoint_failures": [],
  "rows_written": {
    "markets": 0,
    "best_line": 10,
    "orderbook": 14,
    "trades": 100,
    "roster_events": 0
  },
  "rows_deduped": {
    "markets": 31,
    "best_line": 52,
    "orderbook": 98,
    "trades": 0,
    "roster_events": 0
  },
  "raw_counts": {
    "markets": 31,
    "orderbook": 112,
    "best_line": 62,
    "trades": 100
  },
  "finished_ts": "2026-08-17T20:05:06.811086+00:00"
}
{
  "cycle_id": "7ee1daae-28c0-4c57-8990-1417a0d47f99",
  "started_ts": "2026-08-17T20:10:02.298519+00:00",
  "league_id": 1384,
  "endpoints_attempted": [
    "/markets/active",
    "/orders",
    "/orders",
    "/trades",
    "/trades"
  ],
  "endpoint_failures": [],
  "rows_written": {
    "markets": 0,
    "best_line": 14,
    "orderbook": 31,
    "trades": 100,
    "roster_events": 0
  },
  "rows_deduped": {
    "markets": 31,
    "best_line": 48,
    "orderbook": 82,
    "trades": 0,
    "roster_events": 0
  },
  "raw_counts": {
    "markets": 31,
    "orderbook": 113,
    "best_line": 62,
    "trades": 100
  },
  "finished_ts": "2026-08-17T20:10:06.552744+00:00"
}
{
  "cycle_id": "c83b97ed-8e5b-4d16-bf27-dd9a01f992d1",
  "started_ts": "2026-08-17T20:15:02.743555+00:00",
  "league_id": 1384,
  "endpoints_attempted": [
    "/markets/active",
    "/orders",
    "/orders",
    "/trades",
    "/trades"
  ],
  "endpoint_failures": [],
  "rows_written": {
    "markets": 0,
    "best_line": 28,
    "orderbook": 35,
    "trades": 100,
    "roster_events": 0
  },
  "rows_deduped": {
    "markets": 31,
    "best_line": 34,
    "orderbook": 81,
    "trades": 0,
    "roster_events": 0
  },
  "raw_counts": {
    "markets": 31,
    "orderbook": 116,
    "best_line": 62,
    "trades": 100
  },
  "finished_ts": "2026-08-17T20:15:07.024878+00:00"
}
{
  "cycle_id": "86dd98e5-ef2f-444a-930b-a9e45338cb17",
  "started_ts": "2026-08-17T20:20:02.871149+00:00",
  "league_id": 1384,
  "endpoints_attempted": [
    "/markets/active",
    "/orders",
    "/orders",
    "/trades",
    "/trades"
  ],
  "endpoint_failures": [],
  "rows_written": {
    "markets": 0,
    "best_line": 24,
    "orderbook": 29,
    "trades": 100,
    "roster_events": 0
  },
  "rows_deduped": {
    "markets": 31,
    "best_line": 38,
    "orderbook": 87,
    "trades": 0,
    "roster_events": 0
  },
  "raw_counts": {
    "markets": 31,
    "orderbook": 116,
    "best_line": 62,
    "trades": 100
  },
  "finished_ts": "2026-08-17T20:20:07.125208+00:00"
}
{
  "cycle_id": "126c2be7-f4e8-4d4f-9d5d-2460b4c66b7b",
  "started_ts": "2026-08-17T20:25:02.266621+00:00",
  "league_id": 1384,
  "endpoints_attempted": [
    "/markets/active",
    "/orders",
    "/orders",
    "/trades",
    "/trades"
  ],
  "endpoint_failures": [],
  "rows_written": {
    "markets": 0,
    "best_line": 14,
    "orderbook": 9,
    "trades": 100,
    "roster_events": 0
  },
  "rows_deduped": {
    "markets": 31,
    "best_line": 48,
    "orderbook": 108,
    "trades": 0,
    "roster_events": 0
  },
  "raw_counts": {
    "markets": 31,
    "orderbook": 117,
    "best_line": 62,
    "trades": 100
  },
  "finished_ts": "2026-08-17T20:25:06.533721+00:00"
}
{
  "cycle_id": "d0ca4a30-3794-4a63-8acb-25fd3ed1c36d",
  "started_ts": "2026-08-17T20:35:02.979596+00:00",
  "league_id": 1384,
  "endpoints_attempted": [
    "/markets/active",
    "/orders",
    "/orders",
    "/trades",
    "/trades"
  ],
  "endpoint_failures": [],
  "rows_written": {
    "markets": 0,
    "best_line": 37,
    "orderbook": 82,
    "trades": 100,
    "roster_events": 0
  },
  "rows_deduped": {
    "markets": 31,
    "best_line": 25,
    "orderbook": 35,
    "trades": 0,
    "roster_events": 0
  },
  "raw_counts": {
    "markets": 31,
    "orderbook": 117,
    "best_line": 62,
    "trades": 100
  },
  "finished_ts": "2026-08-17T20:35:07.232844+00:00"
}
{
  "cycle_id": "7374c1d8-dc95-472a-a46d-25acd3a80dfe",
  "started_ts": "2026-08-17T20:40:02.654135+00:00",
  "league_id": 1384,
  "endpoints_attempted": [
    "/markets/active",
    "/orders",
    "/orders",
    "/trades",
    "/trades"
  ],
  "endpoint_failures": [],
  "rows_written": {
    "markets": 0,
    "best_line": 24,
    "orderbook": 29,
    "trades": 100,
    "roster_events": 0
  },
  "rows_deduped": {
    "markets": 31,
    "best_line": 38,
    "orderbook": 87,
    "trades": 0,
    "roster_events": 0
  },
  "raw_counts": {
    "markets": 31,
    "orderbook": 116,
    "best_line": 62,
    "trades": 100
  },
  "finished_ts": "2026-08-17T20:40:06.909395+00:00"
}
{
  "cycle_id": "c5aeca7d-336a-4392-ae80-713a9e4d96fc",
  "started_ts": "2026-08-17T20:45:02.775871+00:00",
  "league_id": 1384,
  "endpoints_attempted": [
    "/markets/active",
    "/orders",
    "/orders",
    "/trades",
    "/trades"
  ],
  "endpoint_failures": [],
  "rows_written": {
    "markets": 0,
    "best_line": 9,
    "orderbook": 8,
    "trades": 100,
    "roster_events": 0
  },
  "rows_deduped": {
    "markets": 31,
    "best_line": 53,
    "orderbook": 107,
    "trades": 0,
    "roster_events": 0
  },
  "raw_counts": {
    "markets": 31,
    "orderbook": 115,
    "best_line": 62,
    "trades": 100
  },
  "finished_ts": "2026-08-17T20:45:07.061688+00:00"
}
{
  "cycle_id": "9c49b1d2-6f9a-45cb-bad2-e8bd3597120e",
  "started_ts": "2026-08-17T20:50:02.267724+00:00",
  "league_id": 1384,
  "endpoints_attempted": [
    "/markets/active",
    "/orders",
    "/orders",
    "/trades",
    "/trades"
  ],
  "endpoint_failures": [],
  "rows_written": {
    "markets": 0,
    "best_line": 16,
    "orderbook": 30,
    "trades": 100,
    "roster_events": 0
  },
  "rows_deduped": {
    "markets": 31,
    "best_line": 46,
    "orderbook": 87,
    "trades": 0,
    "roster_events": 0
  },
  "raw_counts": {
    "markets": 31,
    "orderbook": 117,
    "best_line": 62,
    "trades": 100
  },
  "finished_ts": "2026-08-17T20:50:06.530350+00:00"
}
{
  "cycle_id": "dd7b0bc8-6796-49c2-ad39-e162ca7c2076",
  "started_ts": "2026-08-17T20:55:02.235373+00:00",
  "league_id": 1384,
  "endpoints_attempted": [
    "/markets/active",
    "/orders",
    "/orders",
    "/trades",
    "/trades"
  ],
  "endpoint_failures": [],
  "rows_written": {
    "markets": 0,
    "best_line": 11,
    "orderbook": 9,
    "trades": 100,
    "roster_events": 0
  },
  "rows_deduped": {
    "markets": 31,
    "best_line": 51,
    "orderbook": 110,
    "trades": 0,
    "roster_events": 0
  },
  "raw_counts": {
    "markets": 31,
    "orderbook": 119,
    "best_line": 62,
    "trades": 100
  },
  "finished_ts": "2026-08-17T20:55:06.502615+00:00"
}
{
  "cycle_id": "2e19398f-773a-4a60-be80-9a06dd90e1c2",
  "started_ts": "2026-08-17T21:00:03.396282+00:00",
  "league_id": 1384,
  "endpoints_attempted": [
    "/markets/active",
    "/orders",
    "/orders",
    "/trades",
    "/trades"
  ],
  "endpoint_failures": [],
  "rows_written": {
    "markets": 0,
    "best_line": 12,
    "orderbook": 31,
    "trades": 100,
    "roster_events": 0
  },
  "rows_deduped": {
    "markets": 31,
    "best_line": 50,
    "orderbook": 87,
    "trades": 0,
    "roster_events": 0
  },
  "raw_counts": {
    "markets": 31,
    "orderbook": 118,
    "best_line": 62,
    "trades": 100
  },
  "finished_ts": "2026-08-17T21:00:07.761290+00:00"
}
{
  "cycle_id": "5b868f02-8a0d-4fb8-b90d-e7977ee15ad7",
  "started_ts": "2026-08-17T21:05:01.885860+00:00",
  "league_id": 1384,
  "endpoints_attempted": [
    "/markets/active",
    "/orders",
    "/orders",
    "/trades",
    "/trades"
  ],
  "endpoint_failures": [],
  "rows_written": {
    "markets": 0,
    "best_line": 23,
    "orderbook": 31,
    "trades": 100,
    "roster_events": 0
  },
  "rows_deduped": {
    "markets": 31,
    "best_line": 39,
    "orderbook": 86,
    "trades": 0,
    "roster_events": 0
  },
  "raw_counts": {
    "markets": 31,
    "orderbook": 117,
    "best_line": 62,
    "trades": 100
  },
  "finished_ts": "2026-08-17T21:05:06.142974+00:00"
}
{
  "cycle_id": "3989fb7f-ee3f-4dce-883d-27afbfbaadbf",
  "started_ts": "2026-08-17T21:10:02.167094+00:00",
  "league_id": 1384,
  "endpoints_attempted": [
    "/markets/active",
    "/orders",
    "/orders",
    "/trades",
    "/trades"
  ],
  "endpoint_failures": [],
  "rows_written": {
    "markets": 0,
    "best_line": 28,
    "orderbook": 61,
    "trades": 100,
    "roster_events": 0
  },
  "rows_deduped": {
    "markets": 31,
    "best_line": 34,
    "orderbook": 54,
    "trades": 0,
    "roster_events": 0
  },
  "raw_counts": {
    "markets": 31,
    "orderbook": 115,
    "best_line": 62,
    "trades": 100
  },
  "finished_ts": "2026-08-17T21:10:06.422808+00:00"
}
{
  "cycle_id": "e44a8ce4-8dbd-4067-9cb7-a56890dfcd3e",
  "started_ts": "2026-08-17T21:15:02.511023+00:00",
  "league_id": 1384,
  "endpoints_attempted": [
    "/markets/active",
    "/orders",
    "/orders",
    "/trades",
    "/trades"
  ],
  "endpoint_failures": [],
  "rows_written": {
    "markets": 0,
    "best_line": 20,
    "orderbook": 17,
    "trades": 100,
    "roster_events": 0
  },
  "rows_deduped": {
    "markets": 31,
    "best_line": 42,
    "orderbook": 100,
    "trades": 0,
    "roster_events": 0
  },
  "raw_counts": {
    "markets": 31,
    "orderbook": 117,
    "best_line": 62,
    "trades": 100
  },
  "finished_ts": "2026-08-17T21:15:06.790844+00:00"
}
{
  "cycle_id": "a533b47b-d9f7-4850-8562-27d6989d40b6",
  "started_ts": "2026-08-17T21:20:02.698698+00:00",
  "league_id": 1384,
  "endpoints_attempted": [
    "/markets/active",
    "/orders",
    "/orders",
    "/trades",
    "/trades"
  ],
  "endpoint_failures": [],
  "rows_written": {
    "markets": 0,
    "best_line": 30,
    "orderbook": 41,
    "trades": 100,
    "roster_events": 0
  },
  "rows_deduped": {
    "markets": 31,
    "best_line": 32,
    "orderbook": 56,
    "trades": 0,
    "roster_events": 0
  },
  "raw_counts": {
    "markets": 31,
    "orderbook": 97,
    "best_line": 62,
    "trades": 100
  },
  "finished_ts": "2026-08-17T21:20:07.083513+00:00"
}
{
  "cycle_id": "76e56642-2e9a-416e-8eff-8b765b1d752f",
  "started_ts": "2026-08-17T21:25:02.938409+00:00",
  "league_id": 1384,
  "endpoints_attempted": [
    "/markets/active",
    "/orders",
    "/orders",
    "/trades",
    "/trades"
  ],
  "endpoint_failures": [],
  "rows_written": {
    "markets": 0,
    "best_line": 26,
    "orderbook": 28,
    "trades": 100,
    "roster_events": 0
  },
  "rows_deduped": {
    "markets": 31,
    "best_line": 36,
    "orderbook": 73,
    "trades": 0,
    "roster_events": 0
  },
  "raw_counts": {
    "markets": 31,
    "orderbook": 101,
    "best_line": 62,
    "trades": 100
  },
  "finished_ts": "2026-08-17T21:25:07.215944+00:00"
}
{
  "cycle_id": "aa215682-53d9-4014-b5ac-83a0b0b7e8bd",
  "started_ts": "2026-08-17T21:30:02.388965+00:00",
  "league_id": 1384,
  "endpoints_attempted": [
    "/markets/active",
    "/orders",
    "/orders",
    "/trades",
    "/trades"
  ],
  "endpoint_failures": [],
  "rows_written": {
    "markets": 0,
    "best_line": 18,
    "orderbook": 28,
    "trades": 100,
    "roster_events": 0
  },
  "rows_deduped": {
    "markets": 31,
    "best_line": 44,
    "orderbook": 74,
    "trades": 0,
    "roster_events": 0
  },
  "raw_counts": {
    "markets": 31,
    "orderbook": 102,
    "best_line": 62,
    "trades": 100
  },
  "finished_ts": "2026-08-17T21:30:06.707194+00:00"
}
{
  "cycle_id": "187f609f-6d00-4225-97e9-75afd3730cb4",
  "started_ts": "2026-08-17T21:35:02.291666+00:00",
  "league_id": 1384,
  "endpoints_attempted": [
    "/markets/active",
    "/orders",
    "/orders",
    "/trades",
    "/trades"
  ],
  "endpoint_failures": [],
  "rows_written": {
    "markets": 0,
    "best_line": 33,
    "orderbook": 48,
    "trades": 100,
    "roster_events": 0
  },
  "rows_deduped": {
    "markets": 31,
    "best_line": 29,
    "orderbook": 63,
    "trades": 0,
    "roster_events": 0
  },
  "raw_counts": {
    "markets": 31,
    "orderbook": 111,
    "best_line": 62,
    "trades": 100
  },
  "finished_ts": "2026-08-17T21:35:06.578319+00:00"
}
{
  "cycle_id": "00c397e3-a3f3-4fb0-b681-15380c6233bb",
  "started_ts": "2026-08-17T21:40:02.237592+00:00",
  "league_id": 1384,
  "endpoints_attempted": [
    "/markets/active",
    "/orders",
    "/orders",
    "/trades",
    "/trades"
  ],
  "endpoint_failures": [],
  "rows_written": {
    "markets": 0,
    "best_line": 29,
    "orderbook": 58,
    "trades": 100,
    "roster_events": 0
  },
  "rows_deduped": {
    "markets": 31,
    "best_line": 33,
    "orderbook": 58,
    "trades": 0,
    "roster_events": 0
  },
  "raw_counts": {
    "markets": 31,
    "orderbook": 116,
    "best_line": 62,
    "trades": 100
  },
  "finished_ts": "2026-08-17T21:40:06.515404+00:00"
}
{
  "cycle_id": "817612de-0ed4-4060-a809-0beb9dd5d991",
  "started_ts": "2026-08-17T21:45:02.423649+00:00",
  "league_id": 1384,
  "endpoints_attempted": [
    "/markets/active",
    "/orders",
    "/orders",
    "/trades",
    "/trades"
  ],
  "endpoint_failures": [],
  "rows_written": {
    "markets": 0,
    "best_line": 28,
    "orderbook": 48,
    "trades": 100,
    "roster_events": 0
  },
  "rows_deduped": {
    "markets": 31,
    "best_line": 34,
    "orderbook": 71,
    "trades": 0,
    "roster_events": 0
  },
  "raw_counts": {
    "markets": 31,
    "orderbook": 119,
    "best_line": 62,
    "trades": 100
  },
  "finished_ts": "2026-08-17T21:45:06.708706+00:00"
}
{
  "cycle_id": "12a6864e-aba1-4551-8f72-31cf1ed1b007",
  "started_ts": "2026-08-17T21:50:02.158329+00:00",
  "league_id": 1384,
  "endpoints_attempted": [
    "/markets/active",
    "/orders",
    "/orders",
    "/trades",
    "/trades"
  ],
  "endpoint_failures": [],
  "rows_written": {
    "markets": 0,
    "best_line": 24,
    "orderbook": 43,
    "trades": 100,
    "roster_events": 0
  },
  "rows_deduped": {
    "markets": 31,
    "best_line": 38,
    "orderbook": 75,
    "trades": 0,
    "roster_events": 0
  },
  "raw_counts": {
    "markets": 31,
    "orderbook": 118,
    "best_line": 62,
    "trades": 100
  },
  "finished_ts": "2026-08-17T21:50:06.448130+00:00"
}
{
  "cycle_id": "0709ea31-b29f-4c44-8934-6b1c280b0719",
  "started_ts": "2026-08-17T21:55:02.264994+00:00",
  "league_id": 1384,
  "endpoints_attempted": [
    "/markets/active",
    "/orders",
    "/orders",
    "/trades",
    "/trades"
  ],
  "endpoint_failures": [],
  "rows_written": {
    "markets": 0,
    "best_line": 26,
    "orderbook": 42,
    "trades": 100,
    "roster_events": 0
  },
  "rows_deduped": {
    "markets": 31,
    "best_line": 36,
    "orderbook": 74,
    "trades": 0,
    "roster_events": 0
  },
  "raw_counts": {
    "markets": 31,
    "orderbook": 116,
    "best_line": 62,
    "trades": 100
  },
  "finished_ts": "2026-08-17T21:55:06.534146+00:00"
}
{
  "cycle_id": "8a8f3c16-a6b6-4ddb-8e8a-5015bfaa6938",
  "started_ts": "2026-08-17T22:00:02.636317+00:00",
  "league_id": 1384,
  "endpoints_attempted": [
    "/markets/active",
    "/orders",
    "/orders",
    "/trades",
    "/trades"
  ],
  "endpoint_failures": [],
  "rows_written": {
    "markets": 0,
    "best_line": 27,
    "orderbook": 71,
    "trades": 100,
    "roster_events": 0
  },
  "rows_deduped": {
    "markets": 31,
    "best_line": 35,
    "orderbook": 39,
    "trades": 0,
    "roster_events": 0
  },
  "raw_counts": {
    "markets": 31,
    "orderbook": 110,
    "best_line": 62,
    "trades": 100
  },
  "finished_ts": "2026-08-17T22:00:06.923364+00:00"
}
{
  "cycle_id": "33c69160-6034-40b0-812a-5fae2debbba1",
  "started_ts": "2026-08-17T22:05:02.195842+00:00",
  "league_id": 1384,
  "endpoints_attempted": [
    "/markets/active",
    "/orders",
    "/orders",
    "/trades",
    "/trades"
  ],
  "endpoint_failures": [],
  "rows_written": {
    "markets": 2,
    "best_line": 30,
    "orderbook": 51,
    "trades": 100,
    "roster_events": 0
  },
  "rows_deduped": {
    "markets": 29,
    "best_line": 32,
    "orderbook": 59,
    "trades": 0,
    "roster_events": 0
  },
  "raw_counts": {
    "markets": 31,
    "orderbook": 110,
    "best_line": 62,
    "trades": 100
  },
  "finished_ts": "2026-08-17T22:05:06.467330+00:00"
}
{
  "cycle_id": "048315ab-c86e-40a6-9c19-1a79641c8f09",
  "started_ts": "2026-08-17T22:10:02.159998+00:00",
  "league_id": 1384,
  "endpoints_attempted": [
    "/markets/active",
    "/orders",
    "/orders",
    "/trades",
    "/trades"
  ],
  "endpoint_failures": [],
  "rows_written": {
    "markets": 0,
    "best_line": 30,
    "orderbook": 60,
    "trades": 100,
    "roster_events": 0
  },
  "rows_deduped": {
    "markets": 31,
    "best_line": 32,
    "orderbook": 52,
    "trades": 0,
    "roster_events": 0
  },
  "raw_counts": {
    "markets": 31,
    "orderbook": 112,
    "best_line": 62,
    "trades": 100
  },
  "finished_ts": "2026-08-17T22:10:06.452557+00:00"
}
{
  "cycle_id": "4dbcbffa-6b06-492b-84a3-ef17731f76aa",
  "started_ts": "2026-08-17T22:15:02.425121+00:00",
  "league_id": 1384,
  "endpoints_attempted": [
    "/markets/active",
    "/orders",
    "/orders",
    "/trades",
    "/trades"
  ],
  "endpoint_failures": [],
  "rows_written": {
    "markets": 0,
    "best_line": 24,
    "orderbook": 37,
    "trades": 100,
    "roster_events": 0
  },
  "rows_deduped": {
    "markets": 31,
    "best_line": 38,
    "orderbook": 77,
    "trades": 0,
    "roster_events": 0
  },
  "raw_counts": {
    "markets": 31,
    "orderbook": 114,
    "best_line": 62,
    "trades": 100
  },
  "finished_ts": "2026-08-17T22:15:06.706630+00:00"
}
{
  "cycle_id": "95d512c3-643a-410c-b1ad-4d54f7c6108d",
  "started_ts": "2026-08-17T22:20:02.157433+00:00",
  "league_id": 1384,
  "endpoints_attempted": [
    "/markets/active",
    "/orders",
    "/orders",
    "/trades",
    "/trades"
  ],
  "endpoint_failures": [],
  "rows_written": {
    "markets": 0,
    "best_line": 29,
    "orderbook": 44,
    "trades": 100,
    "roster_events": 0
  },
  "rows_deduped": {
    "markets": 31,
    "best_line": 33,
    "orderbook": 72,
    "trades": 0,
    "roster_events": 0
  },
  "raw_counts": {
    "markets": 31,
    "orderbook": 116,
    "best_line": 62,
    "trades": 100
  },
  "finished_ts": "2026-08-17T22:20:06.433623+00:00"
}
{
  "cycle_id": "d7483282-3f09-4c33-aa02-1a12fec53318",
  "started_ts": "2026-08-17T22:25:02.242796+00:00",
  "league_id": 1384,
  "endpoints_attempted": [
    "/markets/active",
    "/orders",
    "/orders",
    "/trades",
    "/trades"
  ],
  "endpoint_failures": [],
  "rows_written": {
    "markets": 0,
    "best_line": 30,
    "orderbook": 27,
    "trades": 100,
    "roster_events": 0
  },
  "rows_deduped": {
    "markets": 31,
    "best_line": 32,
    "orderbook": 90,
    "trades": 0,
    "roster_events": 0
  },
  "raw_counts": {
    "markets": 31,
    "orderbook": 117,
    "best_line": 62,
    "trades": 100
  },
  "finished_ts": "2026-08-17T22:25:06.494820+00:00"
}
{
  "cycle_id": "7c4b9b67-be1a-402e-9878-5f4ba1f3922f",
  "started_ts": "2026-08-17T22:30:02.324733+00:00",
  "league_id": 1384,
  "endpoints_attempted": [
    "/markets/active",
    "/orders",
    "/orders",
    "/trades",
    "/trades"
  ],
  "endpoint_failures": [],
  "rows_written": {
    "markets": 0,
    "best_line": 24,
    "orderbook": 27,
    "trades": 100,
    "roster_events": 0
  },
  "rows_deduped": {
    "markets": 31,
    "best_line": 38,
    "orderbook": 92,
    "trades": 0,
    "roster_events": 0
  },
  "raw_counts": {
    "markets": 31,
    "orderbook": 119,
    "best_line": 62,
    "trades": 100
  },
  "finished_ts": "2026-08-17T22:30:06.587912+00:00"
}
{
  "cycle_id": "f976b087-c020-406c-993d-1c0d2ae469a5",
  "started_ts": "2026-08-17T22:35:02.195325+00:00",
  "league_id": 1384,
  "endpoints_attempted": [
    "/markets/active",
    "/orders",
    "/orders",
    "/trades",
    "/trades"
  ],
  "endpoint_failures": [],
  "rows_written": {
    "markets": 2,
    "best_line": 27,
    "orderbook": 55,
    "trades": 100,
    "roster_events": 0
  },
  "rows_deduped": {
    "markets": 29,
    "best_line": 35,
    "orderbook": 65,
    "trades": 0,
    "roster_events": 0
  },
  "raw_counts": {
    "markets": 31,
    "orderbook": 120,
    "best_line": 62,
    "trades": 100
  },
  "finished_ts": "2026-08-17T22:35:06.457782+00:00"
}
{
  "cycle_id": "2ebf25ed-f075-4e32-a5af-0a4dd827b950",
  "started_ts": "2026-08-17T22:40:02.195360+00:00",
  "league_id": 1384,
  "endpoints_attempted": [
    "/markets/active",
    "/orders",
    "/orders",
    "/trades",
    "/trades"
  ],
  "endpoint_failures": [],
  "rows_written": {
    "markets": 0,
    "best_line": 25,
    "orderbook": 43,
    "trades": 100,
    "roster_events": 0
  },
  "rows_deduped": {
    "markets": 31,
    "best_line": 37,
    "orderbook": 73,
    "trades": 0,
    "roster_events": 0
  },
  "raw_counts": {
    "markets": 31,
    "orderbook": 116,
    "best_line": 62,
    "trades": 100
  },
  "finished_ts": "2026-08-17T22:40:06.482406+00:00"
}
{
  "cycle_id": "55b5b7a3-2a47-4346-b0a2-b5ccd56b0b3b",
  "started_ts": "2026-08-17T22:45:02.586096+00:00",
  "league_id": 1384,
  "endpoints_attempted": [
    "/markets/active",
    "/orders",
    "/orders",
    "/trades",
    "/trades"
  ],
  "endpoint_failures": [],
  "rows_written": {
    "markets": 2,
    "best_line": 26,
    "orderbook": 26,
    "trades": 100,
    "roster_events": 0
  },
  "rows_deduped": {
    "markets": 29,
    "best_line": 36,
    "orderbook": 102,
    "trades": 0,
    "roster_events": 0
  },
  "raw_counts": {
    "markets": 31,
    "orderbook": 128,
    "best_line": 62,
    "trades": 100
  },
  "finished_ts": "2026-08-17T22:45:06.882770+00:00"
}
{
  "cycle_id": "0f6198f2-4e31-4992-86fb-7f36d1dc8299",
  "started_ts": "2026-08-17T22:50:02.178752+00:00",
  "league_id": 1384,
  "endpoints_attempted": [
    "/markets/active",
    "/orders",
    "/orders",
    "/trades",
    "/trades"
  ],
  "endpoint_failures": [],
  "rows_written": {
    "markets": 0,
    "best_line": 39,
    "orderbook": 57,
    "trades": 100,
    "roster_events": 0
  },
  "rows_deduped": {
    "markets": 31,
    "best_line": 23,
    "orderbook": 70,
    "trades": 0,
    "roster_events": 0
  },
  "raw_counts": {
    "markets": 31,
    "orderbook": 127,
    "best_line": 62,
    "trades": 100
  },
  "finished_ts": "2026-08-17T22:50:06.451593+00:00"
}
{
  "cycle_id": "f7f67506-d280-40fa-9d93-05e01b12adeb",
  "started_ts": "2026-08-17T22:55:02.193000+00:00",
  "league_id": 1384,
  "endpoints_attempted": [
    "/markets/active",
    "/orders",
    "/orders",
    "/trades",
    "/trades"
  ],
  "endpoint_failures": [],
  "rows_written": {
    "markets": 0,
    "best_line": 26,
    "orderbook": 26,
    "trades": 100,
    "roster_events": 0
  },
  "rows_deduped": {
    "markets": 31,
    "best_line": 36,
    "orderbook": 99,
    "trades": 0,
    "roster_events": 0
  },
  "raw_counts": {
    "markets": 31,
    "orderbook": 125,
    "best_line": 62,
    "trades": 100
  },
  "finished_ts": "2026-08-17T22:55:06.475603+00:00"
}
{
  "cycle_id": "b04973a0-7c36-4a4d-a394-5a7514580ad0",
  "started_ts": "2026-08-17T23:00:02.582229+00:00",
  "league_id": 1384,
  "endpoints_attempted": [
    "/markets/active",
    "/orders",
    "/orders",
    "/trades",
    "/trades"
  ],
  "endpoint_failures": [],
  "rows_written": {
    "markets": 2,
    "best_line": 30,
    "orderbook": 35,
    "trades": 100,
    "roster_events": 0
  },
  "rows_deduped": {
    "markets": 29,
    "best_line": 32,
    "orderbook": 94,
    "trades": 0,
    "roster_events": 0
  },
  "raw_counts": {
    "markets": 31,
    "orderbook": 129,
    "best_line": 62,
    "trades": 100
  },
  "finished_ts": "2026-08-17T23:00:06.850548+00:00"
}
{
  "cycle_id": "ec53b463-36d5-4737-a8c3-e879fc85ae4e",
  "started_ts": "2026-08-17T23:05:03.511932+00:00",
  "league_id": 1384,
  "endpoints_attempted": [
    "/markets/active",
    "/orders",
    "/orders",
    "/trades",
    "/trades"
  ],
  "endpoint_failures": [],
  "rows_written": {
    "markets": 0,
    "best_line": 26,
    "orderbook": 20,
    "trades": 100,
    "roster_events": 0
  },
  "rows_deduped": {
    "markets": 31,
    "best_line": 36,
    "orderbook": 109,
    "trades": 0,
    "roster_events": 0
  },
  "raw_counts": {
    "markets": 31,
    "orderbook": 129,
    "best_line": 62,
    "trades": 100
  },
  "finished_ts": "2026-08-17T23:05:07.781969+00:00"
}
{
  "cycle_id": "fe09bbc5-2162-4613-97c3-03bd2665a227",
  "started_ts": "2026-08-17T23:10:02.261740+00:00",
  "league_id": 1384,
  "endpoints_attempted": [
    "/markets/active",
    "/orders",
    "/orders",
    "/trades",
    "/trades"
  ],
  "endpoint_failures": [],
  "rows_written": {
    "markets": 0,
    "best_line": 35,
    "orderbook": 57,
    "trades": 100,
    "roster_events": 0
  },
  "rows_deduped": {
    "markets": 31,
    "best_line": 27,
    "orderbook": 77,
    "trades": 0,
    "roster_events": 0
  },
  "raw_counts": {
    "markets": 31,
    "orderbook": 134,
    "best_line": 62,
    "trades": 100
  },
  "finished_ts": "2026-08-17T23:10:06.538402+00:00"
}
{
  "cycle_id": "fc6c986c-8c08-44a6-b281-ca9d07d29ac7",
  "started_ts": "2026-08-17T23:15:02.550507+00:00",
  "league_id": 1384,
  "endpoints_attempted": [
    "/markets/active",
    "/orders",
    "/orders",
    "/trades",
    "/trades"
  ],
  "endpoint_failures": [],
  "rows_written": {
    "markets": 0,
    "best_line": 14,
    "orderbook": 13,
    "trades": 100,
    "roster_events": 0
  },
  "rows_deduped": {
    "markets": 31,
    "best_line": 48,
    "orderbook": 121,
    "trades": 0,
    "roster_events": 0
  },
  "raw_counts": {
    "markets": 31,
    "orderbook": 134,
    "best_line": 62,
    "trades": 100
  },
  "finished_ts": "2026-08-17T23:15:06.809405+00:00"
}
{
  "cycle_id": "7f75a3a2-8b88-49d0-a5e6-6bdfed599fc5",
  "started_ts": "2026-08-17T23:20:02.186282+00:00",
  "league_id": 1384,
  "endpoints_attempted": [
    "/markets/active",
    "/orders",
    "/orders",
    "/trades",
    "/trades"
  ],
  "endpoint_failures": [],
  "rows_written": {
    "markets": 0,
    "best_line": 33,
    "orderbook": 32,
    "trades": 100,
    "roster_events": 0
  },
  "rows_deduped": {
    "markets": 31,
    "best_line": 29,
    "orderbook": 101,
    "trades": 0,
    "roster_events": 0
  },
  "raw_counts": {
    "markets": 31,
    "orderbook": 133,
    "best_line": 62,
    "trades": 100
  },
  "finished_ts": "2026-08-17T23:20:06.477530+00:00"
}
{
  "cycle_id": "78096657-15c7-48f6-9a96-1a2dff231dbd",
  "started_ts": "2026-08-17T23:25:02.188800+00:00",
  "league_id": 1384,
  "endpoints_attempted": [
    "/markets/active",
    "/orders",
    "/orders",
    "/trades",
    "/trades"
  ],
  "endpoint_failures": [],
  "rows_written": {
    "markets": 0,
    "best_line": 34,
    "orderbook": 37,
    "trades": 100,
    "roster_events": 0
  },
  "rows_deduped": {
    "markets": 31,
    "best_line": 28,
    "orderbook": 98,
    "trades": 0,
    "roster_events": 0
  },
  "raw_counts": {
    "markets": 31,
    "orderbook": 135,
    "best_line": 62,
    "trades": 100
  },
  "finished_ts": "2026-08-17T23:25:06.444235+00:00"
}
{
  "cycle_id": "04426f54-1dee-40f3-bcfb-88e2504b3c70",
  "started_ts": "2026-08-17T23:30:02.459588+00:00",
  "league_id": 1384,
  "endpoints_attempted": [
    "/markets/active",
    "/orders",
    "/orders",
    "/trades",
    "/trades"
  ],
  "endpoint_failures": [],
  "rows_written": {
    "markets": 2,
    "best_line": 39,
    "orderbook": 45,
    "trades": 100,
    "roster_events": 0
  },
  "rows_deduped": {
    "markets": 29,
    "best_line": 23,
    "orderbook": 86,
    "trades": 0,
    "roster_events": 0
  },
  "raw_counts": {
    "markets": 31,
    "orderbook": 131,
    "best_line": 62,
    "trades": 100
  },
  "finished_ts": "2026-08-17T23:30:06.720850+00:00"
}
{
  "cycle_id": "9b5d9a87-bd53-4c5b-9320-97d74969343b",
  "started_ts": "2026-08-17T23:35:02.288131+00:00",
  "league_id": 1384,
  "endpoints_attempted": [
    "/markets/active",
    "/orders",
    "/orders",
    "/trades",
    "/trades"
  ],
  "endpoint_failures": [],
  "rows_written": {
    "markets": 0,
    "best_line": 33,
    "orderbook": 60,
    "trades": 100,
    "roster_events": 0
  },
  "rows_deduped": {
    "markets": 31,
    "best_line": 29,
    "orderbook": 71,
    "trades": 0,
    "roster_events": 0
  },
  "raw_counts": {
    "markets": 31,
    "orderbook": 131,
    "best_line": 62,
    "trades": 100
  },
  "finished_ts": "2026-08-17T23:35:06.575644+00:00"
}
{
  "cycle_id": "7eed0749-3b98-4427-9cc0-f9995ed1cf8c",
  "started_ts": "2026-08-17T23:40:02.197898+00:00",
  "league_id": 1384,
  "endpoints_attempted": [
    "/markets/active",
    "/orders",
    "/orders",
    "/trades",
    "/trades"
  ],
  "endpoint_failures": [],
  "rows_written": {
    "markets": 5,
    "best_line": 37,
    "orderbook": 58,
    "trades": 100,
    "roster_events": 0
  },
  "rows_deduped": {
    "markets": 27,
    "best_line": 27,
    "orderbook": 76,
    "trades": 0,
    "roster_events": 0
  },
  "raw_counts": {
    "markets": 32,
    "orderbook": 134,
    "best_line": 64,
    "trades": 100
  },
  "finished_ts": "2026-08-17T23:40:06.452356+00:00"
}
{
  "cycle_id": "f0b59f54-7f4c-4860-840a-1edf4f06cf53",
  "started_ts": "2026-08-17T23:45:02.497873+00:00",
  "league_id": 1384,
  "endpoints_attempted": [
    "/markets/active",
    "/orders",
    "/orders",
    "/trades",
    "/trades"
  ],
  "endpoint_failures": [],
  "rows_written": {
    "markets": 3,
    "best_line": 32,
    "orderbook": 37,
    "trades": 100,
    "roster_events": 0
  },
  "rows_deduped": {
    "markets": 30,
    "best_line": 34,
    "orderbook": 96,
    "trades": 0,
    "roster_events": 0
  },
  "raw_counts": {
    "markets": 33,
    "orderbook": 133,
    "best_line": 66,
    "trades": 100
  },
  "finished_ts": "2026-08-17T23:45:06.753864+00:00"
}
{
  "cycle_id": "95977f85-42fe-4294-a8ca-e6cc5e4c80e7",
  "started_ts": "2026-08-17T23:50:02.287708+00:00",
  "league_id": 1384,
  "endpoints_attempted": [
    "/markets/active",
    "/orders",
    "/orders",
    "/trades",
    "/trades"
  ],
  "endpoint_failures": [],
  "rows_written": {
    "markets": 2,
    "best_line": 27,
    "orderbook": 42,
    "trades": 100,
    "roster_events": 0
  },
  "rows_deduped": {
    "markets": 31,
    "best_line": 39,
    "orderbook": 90,
    "trades": 0,
    "roster_events": 0
  },
  "raw_counts": {
    "markets": 33,
    "orderbook": 132,
    "best_line": 66,
    "trades": 100
  },
  "finished_ts": "2026-08-17T23:50:06.548642+00:00"
}
{
  "cycle_id": "865cadb9-7539-41e2-ae42-40e0eecbbbd4",
  "started_ts": "2026-08-17T23:55:02.306794+00:00",
  "league_id": 1384,
  "endpoints_attempted": [
    "/markets/active",
    "/orders",
    "/orders",
    "/trades",
    "/trades"
  ],
  "endpoint_failures": [],
  "rows_written": {
    "markets": 0,
    "best_line": 22,
    "orderbook": 20,
    "trades": 100,
    "roster_events": 0
  },
  "rows_deduped": {
    "markets": 33,
    "best_line": 44,
    "orderbook": 115,
    "trades": 0,
    "roster_events": 0
  },
  "raw_counts": {
    "markets": 33,
    "orderbook": 135,
    "best_line": 66,
    "trades": 100
  },
  "finished_ts": "2026-08-17T23:55:06.574156+00:00"
}
{
  "cycle_id": "8539d789-9c75-4c87-9145-5e9ea51b0605",
  "started_ts": "2026-08-18T00:00:02.789310+00:00",
  "league_id": 1384,
  "endpoints_attempted": [
    "/markets/active",
    "/orders",
    "/orders",
    "/trades",
    "/trades"
  ],
  "endpoint_failures": [],
  "rows_written": {
    "markets": 0,
    "best_line": 30,
    "orderbook": 44,
    "trades": 100,
    "roster_events": 0
  },
  "rows_deduped": {
    "markets": 33,
    "best_line": 36,
    "orderbook": 91,
    "trades": 0,
    "roster_events": 0
  },
  "raw_counts": {
    "markets": 33,
    "orderbook": 135,
    "best_line": 66,
    "trades": 100
  },
  "finished_ts": "2026-08-18T00:00:07.044651+00:00"
}
{
  "cycle_id": "0fad7c88-0381-4b7f-afa9-775ed55718ee",
  "started_ts": "2026-08-18T00:05:02.325810+00:00",
  "league_id": 1384,
  "endpoints_attempted": [
    "/markets/active",
    "/orders",
    "/orders",
    "/trades",
    "/trades"
  ],
  "endpoint_failures": [],
  "rows_written": {
    "markets": 0,
    "best_line": 30,
    "orderbook": 38,
    "trades": 100,
    "roster_events": 0
  },
  "rows_deduped": {
    "markets": 33,
    "best_line": 36,
    "orderbook": 96,
    "trades": 0,
    "roster_events": 0
  },
  "raw_counts": {
    "markets": 33,
    "orderbook": 134,
    "best_line": 66,
    "trades": 100
  },
  "finished_ts": "2026-08-18T00:05:06.581235+00:00"
}
{
  "cycle_id": "8b398c17-49a9-4f64-819d-c0a4314139bb",
  "started_ts": "2026-08-18T00:10:02.244007+00:00",
  "league_id": 1384,
  "endpoints_attempted": [
    "/markets/active",
    "/orders",
    "/orders",
    "/trades",
    "/trades"
  ],
  "endpoint_failures": [],
  "rows_written": {
    "markets": 0,
    "best_line": 40,
    "orderbook": 38,
    "trades": 100,
    "roster_events": 0
  },
  "rows_deduped": {
    "markets": 33,
    "best_line": 26,
    "orderbook": 99,
    "trades": 0,
    "roster_events": 0
  },
  "raw_counts": {
    "markets": 33,
    "orderbook": 137,
    "best_line": 66,
    "trades": 100
  },
  "finished_ts": "2026-08-18T00:10:06.530099+00:00"
}
{
  "cycle_id": "4d9be350-3aaf-4335-b4c0-d3b6a69bd771",
  "started_ts": "2026-08-18T00:15:02.573946+00:00",
  "league_id": 1384,
  "endpoints_attempted": [
    "/markets/active",
    "/orders",
    "/orders",
    "/trades",
    "/trades"
  ],
  "endpoint_failures": [],
  "rows_written": {
    "markets": 2,
    "best_line": 41,
    "orderbook": 44,
    "trades": 100,
    "roster_events": 0
  },
  "rows_deduped": {
    "markets": 32,
    "best_line": 27,
    "orderbook": 91,
    "trades": 0,
    "roster_events": 0
  },
  "raw_counts": {
    "markets": 34,
    "orderbook": 135,
    "best_line": 68,
    "trades": 100
  },
  "finished_ts": "2026-08-18T00:15:06.874507+00:00"
}
{
  "cycle_id": "7db49126-633f-4b7a-bd39-5a73aa367573",
  "started_ts": "2026-08-18T00:20:02.612684+00:00",
  "league_id": 1384,
  "endpoints_attempted": [
    "/markets/active",
    "/orders",
    "/orders",
    "/trades",
    "/trades"
  ],
  "endpoint_failures": [],
  "rows_written": {
    "markets": 2,
    "best_line": 27,
    "orderbook": 48,
    "trades": 100,
    "roster_events": 0
  },
  "rows_deduped": {
    "markets": 32,
    "best_line": 41,
    "orderbook": 85,
    "trades": 0,
    "roster_events": 0
  },
  "raw_counts": {
    "markets": 34,
    "orderbook": 133,
    "best_line": 68,
    "trades": 100
  },
  "finished_ts": "2026-08-18T00:20:06.878919+00:00"
}
{
  "cycle_id": "1f2ad717-4653-4a41-830b-e10a9c6d5b99",
  "started_ts": "2026-08-18T00:25:02.336931+00:00",
  "league_id": 1384,
  "endpoints_attempted": [
    "/markets/active",
    "/orders",
    "/orders",
    "/trades",
    "/trades"
  ],
  "endpoint_failures": [],
  "rows_written": {
    "markets": 0,
    "best_line": 24,
    "orderbook": 24,
    "trades": 100,
    "roster_events": 0
  },
  "rows_deduped": {
    "markets": 34,
    "best_line": 44,
    "orderbook": 108,
    "trades": 0,
    "roster_events": 0
  },
  "raw_counts": {
    "markets": 34,
    "orderbook": 132,
    "best_line": 68,
    "trades": 100
  },
  "finished_ts": "2026-08-18T00:25:06.613911+00:00"
}
{
  "cycle_id": "7056e831-95bd-443a-b320-afe4e6eb0236",
  "started_ts": "2026-08-18T00:30:02.445466+00:00",
  "league_id": 1384,
  "endpoints_attempted": [
    "/markets/active",
    "/orders",
    "/orders",
    "/trades",
    "/trades"
  ],
  "endpoint_failures": [],
  "rows_written": {
    "markets": 4,
    "best_line": 29,
    "orderbook": 24,
    "trades": 100,
    "roster_events": 0
  },
  "rows_deduped": {
    "markets": 31,
    "best_line": 41,
    "orderbook": 111,
    "trades": 0,
    "roster_events": 0
  },
  "raw_counts": {
    "markets": 35,
    "orderbook": 135,
    "best_line": 70,
    "trades": 100
  },
  "finished_ts": "2026-08-18T00:30:06.824312+00:00"
}
{
  "cycle_id": "3177af85-e135-4438-9f4d-ed67d48ecba9",
  "started_ts": "2026-08-18T00:35:02.223642+00:00",
  "league_id": 1384,
  "endpoints_attempted": [
    "/markets/active",
    "/orders",
    "/orders",
    "/trades",
    "/trades"
  ],
  "endpoint_failures": [],
  "rows_written": {
    "markets": 10,
    "best_line": 34,
    "orderbook": 36,
    "trades": 100,
    "roster_events": 0
  },
  "rows_deduped": {
    "markets": 26,
    "best_line": 38,
    "orderbook": 102,
    "trades": 0,
    "roster_events": 0
  },
  "raw_counts": {
    "markets": 36,
    "orderbook": 138,
    "best_line": 72,
    "trades": 100
  },
  "finished_ts": "2026-08-18T00:35:06.525756+00:00"
}
{
  "cycle_id": "044c6ecc-5952-42a9-96e8-6b175782edaa",
  "started_ts": "2026-08-18T00:40:02.210880+00:00",
  "league_id": 1384,
  "endpoints_attempted": [
    "/markets/active",
    "/orders",
    "/orders",
    "/trades",
    "/trades"
  ],
  "endpoint_failures": [],
  "rows_written": {
    "markets": 0,
    "best_line": 33,
    "orderbook": 46,
    "trades": 100,
    "roster_events": 0
  },
  "rows_deduped": {
    "markets": 36,
    "best_line": 39,
    "orderbook": 98,
    "trades": 0,
    "roster_events": 0
  },
  "raw_counts": {
    "markets": 36,
    "orderbook": 144,
    "best_line": 72,
    "trades": 100
  },
  "finished_ts": "2026-08-18T00:40:06.505853+00:00"
}
{
  "cycle_id": "55cc86e0-b82d-4328-ac0b-549cc43b7acb",
  "started_ts": "2026-08-18T00:45:02.456373+00:00",
  "league_id": 1384,
  "endpoints_attempted": [
    "/markets/active",
    "/orders",
    "/orders",
    "/trades",
    "/trades"
  ],
  "endpoint_failures": [],
  "rows_written": {
    "markets": 0,
    "best_line": 15,
    "orderbook": 12,
    "trades": 100,
    "roster_events": 0
  },
  "rows_deduped": {
    "markets": 36,
    "best_line": 57,
    "orderbook": 132,
    "trades": 0,
    "roster_events": 0
  },
  "raw_counts": {
    "markets": 36,
    "orderbook": 144,
    "best_line": 72,
    "trades": 100
  },
  "finished_ts": "2026-08-18T00:45:06.722160+00:00"
}
{
  "cycle_id": "87f6ac40-e2a0-4f9d-931e-ed16ac7cc9df",
  "started_ts": "2026-08-18T00:50:02.220220+00:00",
  "league_id": 1384,
  "endpoints_attempted": [
    "/markets/active",
    "/orders",
    "/orders",
    "/trades",
    "/trades"
  ],
  "endpoint_failures": [],
  "rows_written": {
    "markets": 0,
    "best_line": 31,
    "orderbook": 52,
    "trades": 100,
    "roster_events": 0
  },
  "rows_deduped": {
    "markets": 36,
    "best_line": 41,
    "orderbook": 92,
    "trades": 0,
    "roster_events": 0
  },
  "raw_counts": {
    "markets": 36,
    "orderbook": 144,
    "best_line": 72,
    "trades": 100
  },
  "finished_ts": "2026-08-18T00:50:06.487105+00:00"
}
{
  "cycle_id": "0978ca92-8c35-43bf-b5bb-7a57fe0eb6b0",
  "started_ts": "2026-08-18T00:55:02.229290+00:00",
  "league_id": 1384,
  "endpoints_attempted": [
    "/markets/active",
    "/orders",
    "/orders",
    "/trades",
    "/trades"
  ],
  "endpoint_failures": [],
  "rows_written": {
    "markets": 2,
    "best_line": 25,
    "orderbook": 21,
    "trades": 100,
    "roster_events": 0
  },
  "rows_deduped": {
    "markets": 34,
    "best_line": 47,
    "orderbook": 123,
    "trades": 0,
    "roster_events": 0
  },
  "raw_counts": {
    "markets": 36,
    "orderbook": 144,
    "best_line": 72,
    "trades": 100
  },
  "finished_ts": "2026-08-18T00:55:06.514045+00:00"
}
{
  "cycle_id": "30bd59e0-0a3a-483f-ac49-d6d7b095fe31",
  "started_ts": "2026-08-18T01:00:02.886329+00:00",
  "league_id": 1384,
  "endpoints_attempted": [
    "/markets/active",
    "/orders",
    "/orders",
    "/trades",
    "/trades"
  ],
  "endpoint_failures": [],
  "rows_written": {
    "markets": 2,
    "best_line": 37,
    "orderbook": 52,
    "trades": 102,
    "roster_events": 0
  },
  "rows_deduped": {
    "markets": 34,
    "best_line": 35,
    "orderbook": 91,
    "trades": 0,
    "roster_events": 0
  },
  "raw_counts": {
    "markets": 36,
    "orderbook": 143,
    "best_line": 72,
    "trades": 102
  },
  "finished_ts": "2026-08-18T01:00:07.160836+00:00"
}
{
  "cycle_id": "9952f5a9-a840-4e0e-8f17-c3e4df0ff972",
  "started_ts": "2026-08-18T01:05:02.226135+00:00",
  "league_id": 1384,
  "endpoints_attempted": [
    "/markets/active",
    "/orders",
    "/orders",
    "/trades",
    "/trades"
  ],
  "endpoint_failures": [],
  "rows_written": {
    "markets": 2,
    "best_line": 41,
    "orderbook": 58,
    "trades": 102,
    "roster_events": 0
  },
  "rows_deduped": {
    "markets": 34,
    "best_line": 31,
    "orderbook": 94,
    "trades": 0,
    "roster_events": 0
  },
  "raw_counts": {
    "markets": 36,
    "orderbook": 152,
    "best_line": 72,
    "trades": 102
  },
  "finished_ts": "2026-08-18T01:05:06.516137+00:00"
}
{
  "cycle_id": "3ed6150c-d34a-4fc0-9492-16e6ccb5ffe9",
  "started_ts": "2026-08-18T01:10:02.217299+00:00",
  "league_id": 1384,
  "endpoints_attempted": [
    "/markets/active",
    "/orders",
    "/orders",
    "/trades",
    "/trades"
  ],
  "endpoint_failures": [],
  "rows_written": {
    "markets": 0,
    "best_line": 36,
    "orderbook": 51,
    "trades": 102,
    "roster_events": 0
  },
  "rows_deduped": {
    "markets": 36,
    "best_line": 36,
    "orderbook": 102,
    "trades": 0,
    "roster_events": 0
  },
  "raw_counts": {
    "markets": 36,
    "orderbook": 153,
    "best_line": 72,
    "trades": 102
  },
  "finished_ts": "2026-08-18T01:10:06.488196+00:00"
}
{
  "cycle_id": "298659e0-2b7d-482d-a748-94d3041f0efd",
  "started_ts": "2026-08-18T01:15:02.570969+00:00",
  "league_id": 1384,
  "endpoints_attempted": [
    "/markets/active",
    "/orders",
    "/orders",
    "/trades",
    "/trades"
  ],
  "endpoint_failures": [],
  "rows_written": {
    "markets": 2,
    "best_line": 30,
    "orderbook": 37,
    "trades": 102,
    "roster_events": 0
  },
  "rows_deduped": {
    "markets": 34,
    "best_line": 42,
    "orderbook": 113,
    "trades": 0,
    "roster_events": 0
  },
  "raw_counts": {
    "markets": 36,
    "orderbook": 150,
    "best_line": 72,
    "trades": 102
  },
  "finished_ts": "2026-08-18T01:15:06.853747+00:00"
}
{
  "cycle_id": "b9ff70ad-fa32-450c-b188-eda6827c9778",
  "started_ts": "2026-08-18T01:20:02.227032+00:00",
  "league_id": 1384,
  "endpoints_attempted": [
    "/markets/active",
    "/orders",
    "/orders",
    "/trades",
    "/trades"
  ],
  "endpoint_failures": [],
  "rows_written": {
    "markets": 1,
    "best_line": 27,
    "orderbook": 47,
    "trades": 102,
    "roster_events": 0
  },
  "rows_deduped": {
    "markets": 36,
    "best_line": 47,
    "orderbook": 105,
    "trades": 0,
    "roster_events": 0
  },
  "raw_counts": {
    "markets": 37,
    "orderbook": 152,
    "best_line": 74,
    "trades": 102
  },
  "finished_ts": "2026-08-18T01:20:06.514533+00:00"
}
{
  "cycle_id": "f8d03538-5c0c-4286-9b36-cc9a88afccdd",
  "started_ts": "2026-08-18T01:25:02.251734+00:00",
  "league_id": 1384,
  "endpoints_attempted": [
    "/markets/active",
    "/orders",
    "/orders",
    "/trades",
    "/trades"
  ],
  "endpoint_failures": [],
  "rows_written": {
    "markets": 4,
    "best_line": 19,
    "orderbook": 12,
    "trades": 102,
    "roster_events": 0
  },
  "rows_deduped": {
    "markets": 33,
    "best_line": 55,
    "orderbook": 135,
    "trades": 0,
    "roster_events": 0
  },
  "raw_counts": {
    "markets": 37,
    "orderbook": 147,
    "best_line": 74,
    "trades": 102
  },
  "finished_ts": "2026-08-18T01:25:06.534130+00:00"
}
{
  "cycle_id": "1baa713d-7eb5-4def-b04f-8f28751eb7d5",
  "started_ts": "2026-08-18T01:30:02.559778+00:00",
  "league_id": 1384,
  "endpoints_attempted": [
    "/markets/active",
    "/orders",
    "/orders",
    "/trades",
    "/trades"
  ],
  "endpoint_failures": [],
  "rows_written": {
    "markets": 4,
    "best_line": 57,
    "orderbook": 99,
    "trades": 102,
    "roster_events": 0
  },
  "rows_deduped": {
    "markets": 33,
    "best_line": 17,
    "orderbook": 62,
    "trades": 0,
    "roster_events": 0
  },
  "raw_counts": {
    "markets": 37,
    "orderbook": 161,
    "best_line": 74,
    "trades": 102
  },
  "finished_ts": "2026-08-18T01:30:06.847168+00:00"
}
{
  "cycle_id": "14af7044-dea3-47a3-a55a-5fc5cd0a9008",
  "started_ts": "2026-08-18T01:35:02.089163+00:00",
  "league_id": 1384,
  "endpoints_attempted": [
    "/markets/active",
    "/orders",
    "/orders",
    "/trades",
    "/trades"
  ],
  "endpoint_failures": [],
  "rows_written": {
    "markets": 2,
    "best_line": 64,
    "orderbook": 89,
    "trades": 102,
    "roster_events": 0
  },
  "rows_deduped": {
    "markets": 35,
    "best_line": 10,
    "orderbook": 79,
    "trades": 0,
    "roster_events": 0
  },
  "raw_counts": {
    "markets": 37,
    "orderbook": 168,
    "best_line": 74,
    "trades": 102
  },
  "finished_ts": "2026-08-18T01:35:06.350291+00:00"
}
{
  "cycle_id": "e336ed59-c417-407d-95d3-7f6b1a3aedbe",
  "started_ts": "2026-08-18T01:40:02.296920+00:00",
  "league_id": 1384,
  "endpoints_attempted": [
    "/markets/active",
    "/orders",
    "/orders",
    "/trades",
    "/trades"
  ],
  "endpoint_failures": [],
  "rows_written": {
    "markets": 0,
    "best_line": 53,
    "orderbook": 72,
    "trades": 102,
    "roster_events": 0
  },
  "rows_deduped": {
    "markets": 37,
    "best_line": 21,
    "orderbook": 109,
    "trades": 0,
    "roster_events": 0
  },
  "raw_counts": {
    "markets": 37,
    "orderbook": 181,
    "best_line": 74,
    "trades": 102
  },
  "finished_ts": "2026-08-18T01:40:06.567209+00:00"
}
{
  "cycle_id": "5fb7fd58-1e74-4f2f-87bb-1d7c3ceb5e80",
  "started_ts": "2026-08-18T01:45:02.491893+00:00",
  "league_id": 1384,
  "endpoints_attempted": [
    "/markets/active",
    "/orders",
    "/orders",
    "/trades",
    "/trades"
  ],
  "endpoint_failures": [],
  "rows_written": {
    "markets": 0,
    "best_line": 29,
    "orderbook": 37,
    "trades": 102,
    "roster_events": 0
  },
  "rows_deduped": {
    "markets": 37,
    "best_line": 45,
    "orderbook": 148,
    "trades": 0,
    "roster_events": 0
  },
  "raw_counts": {
    "markets": 37,
    "orderbook": 185,
    "best_line": 74,
    "trades": 102
  },
  "finished_ts": "2026-08-18T01:45:06.775925+00:00"
}
{
  "cycle_id": "949d2a85-0cbf-4fd0-9df8-ec80258550cc",
  "started_ts": "2026-08-18T01:50:02.237264+00:00",
  "league_id": 1384,
  "endpoints_attempted": [
    "/markets/active",
    "/orders",
    "/orders",
    "/trades",
    "/trades"
  ],
  "endpoint_failures": [],
  "rows_written": {
    "markets": 2,
    "best_line": 30,
    "orderbook": 67,
    "trades": 102,
    "roster_events": 0
  },
  "rows_deduped": {
    "markets": 35,
    "best_line": 44,
    "orderbook": 116,
    "trades": 0,
    "roster_events": 0
  },
  "raw_counts": {
    "markets": 37,
    "orderbook": 183,
    "best_line": 74,
    "trades": 102
  },
  "finished_ts": "2026-08-18T01:50:06.769880+00:00"
}
{
  "cycle_id": "93878525-38f0-4ba0-92dc-3f7a2d445d34",
  "started_ts": "2026-08-18T01:55:02.255464+00:00",
  "league_id": 1384,
  "endpoints_attempted": [
    "/markets/active",
    "/orders",
    "/orders",
    "/trades",
    "/trades"
  ],
  "endpoint_failures": [],
  "rows_written": {
    "markets": 2,
    "best_line": 24,
    "orderbook": 30,
    "trades": 104,
    "roster_events": 0
  },
  "rows_deduped": {
    "markets": 35,
    "best_line": 50,
    "orderbook": 157,
    "trades": 0,
    "roster_events": 0
  },
  "raw_counts": {
    "markets": 37,
    "orderbook": 187,
    "best_line": 74,
    "trades": 104
  },
  "finished_ts": "2026-08-18T01:55:06.597984+00:00"
}
{
  "cycle_id": "d5c86cde-140d-4870-bcf7-f6cc7d3712b5",
  "started_ts": "2026-08-18T02:00:02.814050+00:00",
  "league_id": 1384,
  "endpoints_attempted": [
    "/markets/active",
    "/orders",
    "/orders",
    "/trades",
    "/trades"
  ],
  "endpoint_failures": [],
  "rows_written": {
    "markets": 0,
    "best_line": 31,
    "orderbook": 75,
    "trades": 104,
    "roster_events": 0
  },
  "rows_deduped": {
    "markets": 37,
    "best_line": 43,
    "orderbook": 113,
    "trades": 0,
    "roster_events": 0
  },
  "raw_counts": {
    "markets": 37,
    "orderbook": 188,
    "best_line": 74,
    "trades": 104
  },
  "finished_ts": "2026-08-18T02:00:07.120435+00:00"
}
{
  "cycle_id": "62f19d3d-e17f-46fa-a394-ea85fc6ce4fb",
  "started_ts": "2026-08-18T02:05:02.267023+00:00",
  "league_id": 1384,
  "endpoints_attempted": [
    "/markets/active",
    "/orders",
    "/orders",
    "/trades",
    "/trades"
  ],
  "endpoint_failures": [],
  "rows_written": {
    "markets": 2,
    "best_line": 40,
    "orderbook": 40,
    "trades": 104,
    "roster_events": 0
  },
  "rows_deduped": {
    "markets": 35,
    "best_line": 34,
    "orderbook": 116,
    "trades": 0,
    "roster_events": 0
  },
  "raw_counts": {
    "markets": 37,
    "orderbook": 156,
    "best_line": 74,
    "trades": 104
  },
  "finished_ts": "2026-08-18T02:05:06.567899+00:00"
}
{
  "cycle_id": "ad7e9eee-0e9c-447a-a524-bccb57cced80",
  "started_ts": "2026-08-18T02:10:02.247606+00:00",
  "league_id": 1384,
  "endpoints_attempted": [
    "/markets/active",
    "/orders",
    "/orders",
    "/trades",
    "/trades"
  ],
  "endpoint_failures": [],
  "rows_written": {
    "markets": 4,
    "best_line": 18,
    "orderbook": 36,
    "trades": 104,
    "roster_events": 0
  },
  "rows_deduped": {
    "markets": 34,
    "best_line": 58,
    "orderbook": 122,
    "trades": 0,
    "roster_events": 0
  },
  "raw_counts": {
    "markets": 38,
    "orderbook": 158,
    "best_line": 76,
    "trades": 104
  },
  "finished_ts": "2026-08-18T02:10:06.513614+00:00"
}
{
  "cycle_id": "8a306c1e-87a8-4e23-bbe2-775846e11a03",
  "started_ts": "2026-08-18T02:15:02.598913+00:00",
  "league_id": 1384,
  "endpoints_attempted": [
    "/markets/active",
    "/orders",
    "/orders",
    "/orders",
    "/trades",
    "/trades",
    "/trades"
  ],
  "endpoint_failures": [],
  "rows_written": {
    "markets": 7,
    "best_line": 51,
    "orderbook": 106,
    "trades": 104,
    "roster_events": 0
  },
  "rows_deduped": {
    "markets": 34,
    "best_line": 31,
    "orderbook": 100,
    "trades": 0,
    "roster_events": 0
  },
  "raw_counts": {
    "markets": 41,
    "orderbook": 206,
    "best_line": 82,
    "trades": 104
  },
  "finished_ts": "2026-08-18T02:15:08.975852+00:00"
}
{
  "cycle_id": "c316fd39-43c0-4912-a454-dced221e01d7",
  "started_ts": "2026-08-18T02:20:02.241114+00:00",
  "league_id": 1384,
  "endpoints_attempted": [
    "/markets/active",
    "/orders",
    "/orders",
    "/orders",
    "/trades",
    "/trades",
    "/trades"
  ],
  "endpoint_failures": [],
  "rows_written": {
    "markets": 9,
    "best_line": 55,
    "orderbook": 136,
    "trades": 108,
    "roster_events": 0
  },
  "rows_deduped": {
    "markets": 40,
    "best_line": 43,
    "orderbook": 108,
    "trades": 0,
    "roster_events": 0
  },
  "raw_counts": {
    "markets": 49,
    "orderbook": 244,
    "best_line": 98,
    "trades": 108
  },
  "finished_ts": "2026-08-18T02:20:08.600467+00:00"
}
{
  "cycle_id": "b0afbf28-c00a-48da-977d-1519295bc177",
  "started_ts": "2026-08-18T02:25:02.264547+00:00",
  "league_id": 1384,
  "endpoints_attempted": [
    "/markets/active",
    "/orders",
    "/orders",
    "/orders",
    "/trades",
    "/trades",
    "/trades"
  ],
  "endpoint_failures": [],
  "rows_written": {
    "markets": 9,
    "best_line": 57,
    "orderbook": 127,
    "trades": 108,
    "roster_events": 0
  },
  "rows_deduped": {
    "markets": 44,
    "best_line": 49,
    "orderbook": 130,
    "trades": 0,
    "roster_events": 0
  },
  "raw_counts": {
    "markets": 53,
    "orderbook": 257,
    "best_line": 106,
    "trades": 108
  },
  "finished_ts": "2026-08-18T02:25:08.661012+00:00"
}
{
  "cycle_id": "088fb448-505c-43e1-977f-9d1b8fd1868b",
  "started_ts": "2026-08-18T02:30:02.407468+00:00",
  "league_id": 1384,
  "endpoints_attempted": [
    "/markets/active",
    "/orders",
    "/orders",
    "/orders",
    "/trades",
    "/trades",
    "/trades"
  ],
  "endpoint_failures": [],
  "rows_written": {
    "markets": 2,
    "best_line": 50,
    "orderbook": 111,
    "trades": 108,
    "roster_events": 0
  },
  "rows_deduped": {
    "markets": 51,
    "best_line": 56,
    "orderbook": 115,
    "trades": 0,
    "roster_events": 0
  },
  "raw_counts": {
    "markets": 53,
    "orderbook": 226,
    "best_line": 106,
    "trades": 108
  },
  "finished_ts": "2026-08-18T02:30:08.764791+00:00"
}
{
  "cycle_id": "3d57dc5b-8762-4489-8d95-d1108c0289b9",
  "started_ts": "2026-08-18T02:35:02.268423+00:00",
  "league_id": 1384,
  "endpoints_attempted": [
    "/markets/active",
    "/orders",
    "/orders",
    "/orders",
    "/trades",
    "/trades",
    "/trades"
  ],
  "endpoint_failures": [],
  "rows_written": {
    "markets": 3,
    "best_line": 100,
    "orderbook": 152,
    "trades": 108,
    "roster_events": 0
  },
  "rows_deduped": {
    "markets": 51,
    "best_line": 8,
    "orderbook": 69,
    "trades": 0,
    "roster_events": 0
  },
  "raw_counts": {
    "markets": 54,
    "orderbook": 221,
    "best_line": 108,
    "trades": 108
  },
  "finished_ts": "2026-08-18T02:35:08.631127+00:00"
}
{
  "cycle_id": "34f45769-7d7d-4d28-93a2-92fda3304455",
  "started_ts": "2026-08-18T02:40:02.260296+00:00",
  "league_id": 1384,
  "endpoints_attempted": [
    "/markets/active",
    "/orders",
    "/orders",
    "/orders",
    "/trades",
    "/trades",
    "/trades"
  ],
  "endpoint_failures": [],
  "rows_written": {
    "markets": 6,
    "best_line": 98,
    "orderbook": 199,
    "trades": 108,
    "roster_events": 0
  },
  "rows_deduped": {
    "markets": 48,
    "best_line": 10,
    "orderbook": 43,
    "trades": 0,
    "roster_events": 0
  },
  "raw_counts": {
    "markets": 54,
    "orderbook": 242,
    "best_line": 108,
    "trades": 108
  },
  "finished_ts": "2026-08-18T02:40:08.652503+00:00"
}
{
  "cycle_id": "7428d7e0-e7fb-4023-87fd-4700e7f3461b",
  "started_ts": "2026-08-18T02:45:02.473854+00:00",
  "league_id": 1384,
  "endpoints_attempted": [
    "/markets/active",
    "/orders",
    "/orders",
    "/orders",
    "/trades",
    "/trades",
    "/trades"
  ],
  "endpoint_failures": [],
  "rows_written": {
    "markets": 8,
    "best_line": 64,
    "orderbook": 132,
    "trades": 108,
    "roster_events": 0
  },
  "rows_deduped": {
    "markets": 48,
    "best_line": 48,
    "orderbook": 135,
    "trades": 0,
    "roster_events": 0
  },
  "raw_counts": {
    "markets": 56,
    "orderbook": 267,
    "best_line": 112,
    "trades": 108
  },
  "finished_ts": "2026-08-18T02:45:08.842461+00:00"
}
{
  "cycle_id": "dd2280e0-7766-4b6d-ba4f-7cb2241b7f5c",
  "started_ts": "2026-08-18T02:50:02.241654+00:00",
  "league_id": 1384,
  "endpoints_attempted": [
    "/markets/active",
    "/orders",
    "/orders",
    "/orders",
    "/trades",
    "/trades",
    "/trades"
  ],
  "endpoint_failures": [],
  "rows_written": {
    "markets": 6,
    "best_line": 72,
    "orderbook": 134,
    "trades": 108,
    "roster_events": 0
  },
  "rows_deduped": {
    "markets": 53,
    "best_line": 46,
    "orderbook": 139,
    "trades": 0,
    "roster_events": 0
  },
  "raw_counts": {
    "markets": 59,
    "orderbook": 273,
    "best_line": 118,
    "trades": 108
  },
  "finished_ts": "2026-08-18T02:50:08.606697+00:00"
}
{
  "cycle_id": "cbb0e951-82c4-4553-8849-0aed03c433f0",
  "started_ts": "2026-08-18T02:55:02.356323+00:00",
  "league_id": 1384,
  "endpoints_attempted": [
    "/markets/active",
    "/orders",
    "/orders",
    "/orders",
    "/orders",
    "/trades",
    "/trades",
    "/trades",
    "/trades"
  ],
  "endpoint_failures": [],
  "rows_written": {
    "markets": 10,
    "best_line": 98,
    "orderbook": 197,
    "trades": 108,
    "roster_events": 0
  },
  "rows_deduped": {
    "markets": 56,
    "best_line": 34,
    "orderbook": 110,
    "trades": 0,
    "roster_events": 0
  },
  "raw_counts": {
    "markets": 66,
    "orderbook": 307,
    "best_line": 132,
    "trades": 108
  },
  "finished_ts": "2026-08-18T02:55:10.813655+00:00"
}
{
  "cycle_id": "1813bbf2-ce27-4c9f-88fe-fed2e2cec5a3",
  "started_ts": "2026-08-18T03:00:02.896919+00:00",
  "league_id": 1384,
  "endpoints_attempted": [
    "/markets/active",
    "/orders",
    "/orders",
    "/orders",
    "/orders",
    "/trades",
    "/trades",
    "/trades",
    "/trades"
  ],
  "endpoint_failures": [],
  "rows_written": {
    "markets": 5,
    "best_line": 81,
    "orderbook": 153,
    "trades": 110,
    "roster_events": 0
  },
  "rows_deduped": {
    "markets": 63,
    "best_line": 55,
    "orderbook": 142,
    "trades": 0,
    "roster_events": 0
  },
  "raw_counts": {
    "markets": 68,
    "orderbook": 295,
    "best_line": 136,
    "trades": 110
  },
  "finished_ts": "2026-08-18T03:00:11.355671+00:00"
}
{
  "cycle_id": "52725f26-b295-4fe9-a54a-5de1d796f6e8",
  "started_ts": "2026-08-18T03:05:02.295221+00:00",
  "league_id": 1384,
  "endpoints_attempted": [
    "/markets/active",
    "/orders",
    "/orders",
    "/orders",
    "/orders",
    "/trades",
    "/trades",
    "/trades",
    "/trades"
  ],
  "endpoint_failures": [],
  "rows_written": {
    "markets": 2,
    "best_line": 57,
    "orderbook": 99,
    "trades": 122,
    "roster_events": 0
  },
  "rows_deduped": {
    "markets": 66,
    "best_line": 79,
    "orderbook": 204,
    "trades": 0,
    "roster_events": 0
  },
  "raw_counts": {
    "markets": 68,
    "orderbook": 303,
    "best_line": 136,
    "trades": 122
  },
  "finished_ts": "2026-08-18T03:05:10.920017+00:00"
}
{
  "cycle_id": "ae4a8df0-02a9-483a-98dc-7fdf2c46e7ba",
  "started_ts": "2026-08-18T03:10:02.236750+00:00",
  "league_id": 1384,
  "endpoints_attempted": [
    "/markets/active",
    "/orders",
    "/orders",
    "/orders",
    "/orders",
    "/trades",
    "/trades",
    "/trades",
    "/trades"
  ],
  "endpoint_failures": [],
  "rows_written": {
    "markets": 0,
    "best_line": 48,
    "orderbook": 91,
    "trades": 122,
    "roster_events": 0
  },
  "rows_deduped": {
    "markets": 68,
    "best_line": 88,
    "orderbook": 206,
    "trades": 0,
    "roster_events": 0
  },
  "raw_counts": {
    "markets": 68,
    "orderbook": 297,
    "best_line": 136,
    "trades": 122
  },
  "finished_ts": "2026-08-18T03:10:10.699228+00:00"
}
{
  "cycle_id": "86465a43-4dae-44db-bb37-9c32795c073f",
  "started_ts": "2026-08-18T03:15:02.603263+00:00",
  "league_id": 1384,
  "endpoints_attempted": [
    "/markets/active",
    "/orders",
    "/orders",
    "/orders",
    "/orders",
    "/trades",
    "/trades",
    "/trades",
    "/trades"
  ],
  "endpoint_failures": [],
  "rows_written": {
    "markets": 3,
    "best_line": 83,
    "orderbook": 71,
    "trades": 124,
    "roster_events": 0
  },
  "rows_deduped": {
    "markets": 66,
    "best_line": 55,
    "orderbook": 155,
    "trades": 0,
    "roster_events": 0
  },
  "raw_counts": {
    "markets": 69,
    "orderbook": 226,
    "best_line": 138,
    "trades": 124
  },
  "finished_ts": "2026-08-18T03:15:11.063378+00:00"
}
{
  "cycle_id": "42894bd3-11cc-4356-9de7-116885d946fe",
  "started_ts": "2026-08-18T03:20:02.253048+00:00",
  "league_id": 1384,
  "endpoints_attempted": [
    "/markets/active",
    "/orders",
    "/orders",
    "/orders",
    "/orders",
    "/trades",
    "/trades",
    "/trades",
    "/trades"
  ],
  "endpoint_failures": [],
  "rows_written": {
    "markets": 5,
    "best_line": 60,
    "orderbook": 54,
    "trades": 128,
    "roster_events": 0
  },
  "rows_deduped": {
    "markets": 65,
    "best_line": 80,
    "orderbook": 143,
    "trades": 0,
    "roster_events": 0
  },
  "raw_counts": {
    "markets": 70,
    "orderbook": 197,
    "best_line": 140,
    "trades": 128
  },
  "finished_ts": "2026-08-18T03:20:10.726504+00:00"
}
{
  "cycle_id": "0b086598-bb3d-49d4-885a-5513d75579ca",
  "started_ts": "2026-08-18T03:25:02.292613+00:00",
  "league_id": 1384,
  "endpoints_attempted": [
    "/markets/active",
    "/orders",
    "/orders",
    "/orders",
    "/orders",
    "/trades",
    "/trades",
    "/trades",
    "/trades"
  ],
  "endpoint_failures": [],
  "rows_written": {
    "markets": 1,
    "best_line": 73,
    "orderbook": 126,
    "trades": 130,
    "roster_events": 0
  },
  "rows_deduped": {
    "markets": 70,
    "best_line": 69,
    "orderbook": 158,
    "trades": 0,
    "roster_events": 0
  },
  "raw_counts": {
    "markets": 71,
    "orderbook": 284,
    "best_line": 142,
    "trades": 130
  },
  "finished_ts": "2026-08-18T03:25:10.755124+00:00"
}
{
  "cycle_id": "5a14f3ad-63de-4260-a45d-bec68f9a43ac",
  "started_ts": "2026-08-18T03:30:02.512849+00:00",
  "league_id": 1384,
  "endpoints_attempted": [
    "/markets/active",
    "/orders",
    "/orders",
    "/orders",
    "/orders",
    "/trades",
    "/trades",
    "/trades",
    "/trades"
  ],
  "endpoint_failures": [],
  "rows_written": {
    "markets": 3,
    "best_line": 87,
    "orderbook": 75,
    "trades": 130,
    "roster_events": 0
  },
  "rows_deduped": {
    "markets": 69,
    "best_line": 57,
    "orderbook": 113,
    "trades": 0,
    "roster_events": 0
  },
  "raw_counts": {
    "markets": 72,
    "orderbook": 188,
    "best_line": 144,
    "trades": 130
  },
  "finished_ts": "2026-08-18T03:30:10.996293+00:00"
}
{
  "cycle_id": "dcf24b72-e7e5-4167-95e1-51aca13af978",
  "started_ts": "2026-08-18T03:35:02.278946+00:00",
  "league_id": 1384,
  "endpoints_attempted": [
    "/markets/active",
    "/orders",
    "/orders",
    "/orders",
    "/orders",
    "/trades",
    "/trades",
    "/trades",
    "/trades"
  ],
  "endpoint_failures": [],
  "rows_written": {
    "markets": 8,
    "best_line": 60,
    "orderbook": 83,
    "trades": 130,
    "roster_events": 0
  },
  "rows_deduped": {
    "markets": 68,
    "best_line": 92,
    "orderbook": 153,
    "trades": 0,
    "roster_events": 0
  },
  "raw_counts": {
    "markets": 76,
    "orderbook": 236,
    "best_line": 152,
    "trades": 130
  },
  "finished_ts": "2026-08-18T03:35:10.741625+00:00"
}
{
  "cycle_id": "44b770f4-3ea4-46ae-b92e-9f4ed6d42327",
  "started_ts": "2026-08-18T03:40:02.256621+00:00",
  "league_id": 1384,
  "endpoints_attempted": [
    "/markets/active",
    "/orders",
    "/orders",
    "/orders",
    "/orders",
    "/trades",
    "/trades",
    "/trades",
    "/trades"
  ],
  "endpoint_failures": [],
  "rows_written": {
    "markets": 6,
    "best_line": 61,
    "orderbook": 51,
    "trades": 136,
    "roster_events": 0
  },
  "rows_deduped": {
    "markets": 73,
    "best_line": 97,
    "orderbook": 130,
    "trades": 0,
    "roster_events": 0
  },
  "raw_counts": {
    "markets": 79,
    "orderbook": 181,
    "best_line": 158,
    "trades": 136
  },
  "finished_ts": "2026-08-18T03:40:10.724319+00:00"
}
{
  "cycle_id": "c9c7f15f-568d-4260-ba3e-50ed8520cfd1",
  "started_ts": "2026-08-18T03:45:02.535382+00:00",
  "league_id": 1384,
  "endpoints_attempted": [
    "/markets/active",
    "/orders",
    "/orders",
    "/orders",
    "/orders",
    "/trades",
    "/trades",
    "/trades",
    "/trades"
  ],
  "endpoint_failures": [],
  "rows_written": {
    "markets": 4,
    "best_line": 47,
    "orderbook": 66,
    "trades": 154,
    "roster_events": 0
  },
  "rows_deduped": {
    "markets": 76,
    "best_line": 113,
    "orderbook": 112,
    "trades": 0,
    "roster_events": 0
  },
  "raw_counts": {
    "markets": 80,
    "orderbook": 178,
    "best_line": 160,
    "trades": 154
  },
  "finished_ts": "2026-08-18T03:45:11.034683+00:00"
}
{
  "cycle_id": "10c87a24-f447-4dd2-9145-d32b1241e6fc",
  "started_ts": "2026-08-18T03:50:02.246688+00:00",
  "league_id": 1384,
  "endpoints_attempted": [
    "/markets/active",
    "/orders",
    "/orders",
    "/orders",
    "/orders",
    "/orders",
    "/trades",
    "/trades",
    "/trades",
    "/trades",
    "/trades"
  ],
  "endpoint_failures": [],
  "rows_written": {
    "markets": 8,
    "best_line": 57,
    "orderbook": 102,
    "trades": 154,
    "roster_events": 0
  },
  "rows_deduped": {
    "markets": 77,
    "best_line": 113,
    "orderbook": 112,
    "trades": 0,
    "roster_events": 0
  },
  "raw_counts": {
    "markets": 85,
    "orderbook": 214,
    "best_line": 170,
    "trades": 154
  },
  "finished_ts": "2026-08-18T03:50:12.808009+00:00"
}
{
  "cycle_id": "5f10decc-c8e1-40f4-b20f-dcea9c58a964",
  "started_ts": "2026-08-18T03:55:02.271026+00:00",
  "league_id": 1384,
  "endpoints_attempted": [
    "/markets/active",
    "/orders",
    "/orders",
    "/orders",
    "/orders",
    "/orders",
    "/trades",
    "/trades",
    "/trades",
    "/trades",
    "/trades"
  ],
  "endpoint_failures": [],
  "rows_written": {
    "markets": 5,
    "best_line": 59,
    "orderbook": 59,
    "trades": 154,
    "roster_events": 0
  },
  "rows_deduped": {
    "markets": 81,
    "best_line": 113,
    "orderbook": 141,
    "trades": 0,
    "roster_events": 0
  },
  "raw_counts": {
    "markets": 86,
    "orderbook": 200,
    "best_line": 172,
    "trades": 154
  },
  "finished_ts": "2026-08-18T03:55:12.847623+00:00"
}
