{
  "cycle_id": "37f0076c-8b94-44e3-8c6a-7cf609a997b7",
  "started_ts": "2026-08-18T04:00:02.254891+00:00",
  "league_id": 1384,
  "endpoints_attempted": [
    "/markets/active",
    "/orders",
    "/orders",
    "/orders",
    "/orders",
    "/orders",
    "/trades",
    "/trades",
    "/trades",
    "/trades",
    "/trades"
  ],
  "endpoint_failures": [],
  "rows_written": {
    "markets": 7,
    "best_line": 65,
    "orderbook": 75,
    "trades": 154,
    "roster_events": 0
  },
  "rows_deduped": {
    "markets": 83,
    "best_line": 115,
    "orderbook": 98,
    "trades": 0,
    "roster_events": 0
  },
  "raw_counts": {
    "markets": 90,
    "orderbook": 173,
    "best_line": 180,
    "trades": 154
  },
  "finished_ts": "2026-08-18T04:00:12.813873+00:00"
}
{
  "cycle_id": "3244238a-4d44-4e03-8c14-33195f06a576",
  "started_ts": "2026-08-18T04:05:02.281919+00:00",
  "league_id": 1384,
  "endpoints_attempted": [
    "/markets/active",
    "/orders",
    "/orders",
    "/orders",
    "/orders",
    "/orders",
    "/trades",
    "/trades",
    "/trades",
    "/trades",
    "/trades"
  ],
  "endpoint_failures": [],
  "rows_written": {
    "markets": 2,
    "best_line": 33,
    "orderbook": 54,
    "trades": 154,
    "roster_events": 0
  },
  "rows_deduped": {
    "markets": 88,
    "best_line": 147,
    "orderbook": 126,
    "trades": 0,
    "roster_events": 0
  },
  "raw_counts": {
    "markets": 90,
    "orderbook": 180,
    "best_line": 180,
    "trades": 154
  },
  "finished_ts": "2026-08-18T04:05:12.868146+00:00"
}
{
  "cycle_id": "b2029d93-af13-4491-9236-517b1f2f8686",
  "started_ts": "2026-08-18T04:10:02.269499+00:00",
  "league_id": 1384,
  "endpoints_attempted": [
    "/markets/active",
    "/orders",
    "/orders",
    "/orders",
    "/orders",
    "/orders",
    "/trades",
    "/trades",
    "/trades",
    "/trades",
    "/trades"
  ],
  "endpoint_failures": [],
  "rows_written": {
    "markets": 4,
    "best_line": 25,
    "orderbook": 62,
    "trades": 154,
    "roster_events": 0
  },
  "rows_deduped": {
    "markets": 86,
    "best_line": 155,
    "orderbook": 119,
    "trades": 0,
    "roster_events": 0
  },
  "raw_counts": {
    "markets": 90,
    "orderbook": 181,
    "best_line": 180,
    "trades": 154
  },
  "finished_ts": "2026-08-18T04:10:12.848989+00:00"
}
{
  "cycle_id": "3cd31772-085f-4a42-bca0-58f31513d46f",
  "started_ts": "2026-08-18T04:15:02.518978+00:00",
  "league_id": 1384,
  "endpoints_attempted": [
    "/markets/active",
    "/orders",
    "/orders",
    "/orders",
    "/orders",
    "/orders",
    "/trades",
    "/trades",
    "/trades",
    "/trades",
    "/trades"
  ],
  "endpoint_failures": [],
  "rows_written": {
    "markets": 62,
    "best_line": 31,
    "orderbook": 52,
    "trades": 154,
    "roster_events": 0
  },
  "rows_deduped": {
    "markets": 28,
    "best_line": 149,
    "orderbook": 144,
    "trades": 0,
    "roster_events": 0
  },
  "raw_counts": {
    "markets": 90,
    "orderbook": 196,
    "best_line": 180,
    "trades": 154
  },
  "finished_ts": "2026-08-18T04:15:13.081812+00:00"
}
{
  "cycle_id": "ff2a6e0c-e15a-4af6-81a2-984d0ebed7b1",
  "started_ts": "2026-08-18T04:20:02.347932+00:00",
  "league_id": 1384,
  "endpoints_attempted": [
    "/markets/active",
    "/orders",
    "/orders",
    "/orders",
    "/trades",
    "/trades",
    "/trades"
  ],
  "endpoint_failures": [],
  "rows_written": {
    "markets": 0,
    "best_line": 30,
    "orderbook": 23,
    "trades": 8,
    "roster_events": 44
  },
  "rows_deduped": {
    "markets": 46,
    "best_line": 62,
    "orderbook": 150,
    "trades": 0,
    "roster_events": 0
  },
  "raw_counts": {
    "markets": 46,
    "orderbook": 173,
    "best_line": 92,
    "trades": 8
  },
  "finished_ts": "2026-08-18T04:20:08.703021+00:00"
}
{
  "cycle_id": "263ee3de-d456-4c7f-b8b6-473bc4fcaa53",
  "started_ts": "2026-08-18T04:25:02.372216+00:00",
  "league_id": 1384,
  "endpoints_attempted": [
    "/markets/active",
    "/orders",
    "/orders",
    "/trades",
    "/trades"
  ],
  "endpoint_failures": [],
  "rows_written": {
    "markets": 0,
    "best_line": 39,
    "orderbook": 39,
    "trades": 10,
    "roster_events": 10
  },
  "rows_deduped": {
    "markets": 36,
    "best_line": 33,
    "orderbook": 134,
    "trades": 0,
    "roster_events": 0
  },
  "raw_counts": {
    "markets": 36,
    "orderbook": 173,
    "best_line": 72,
    "trades": 10
  },
  "finished_ts": "2026-08-18T04:25:06.654549+00:00"
}
{
  "cycle_id": "56cb394d-95b9-4a4d-a7e4-87a77f286351",
  "started_ts": "2026-08-18T04:30:02.510789+00:00",
  "league_id": 1384,
  "endpoints_attempted": [
    "/markets/active",
    "/orders",
    "/orders",
    "/trades",
    "/trades"
  ],
  "endpoint_failures": [],
  "rows_written": {
    "markets": 0,
    "best_line": 30,
    "orderbook": 55,
    "trades": 10,
    "roster_events": 0
  },
  "rows_deduped": {
    "markets": 36,
    "best_line": 42,
    "orderbook": 118,
    "trades": 0,
    "roster_events": 0
  },
  "raw_counts": {
    "markets": 36,
    "orderbook": 173,
    "best_line": 72,
    "trades": 10
  },
  "finished_ts": "2026-08-18T04:30:06.784381+00:00"
}
{
  "cycle_id": "92043851-6bae-44c6-80ad-30260d5b7cd9",
  "started_ts": "2026-08-18T04:35:02.281058+00:00",
  "league_id": 1384,
  "endpoints_attempted": [
    "/markets/active",
    "/orders",
    "/orders",
    "/trades",
    "/trades"
  ],
  "endpoint_failures": [],
  "rows_written": {
    "markets": 0,
    "best_line": 46,
    "orderbook": 43,
    "trades": 12,
    "roster_events": 0
  },
  "rows_deduped": {
    "markets": 36,
    "best_line": 26,
    "orderbook": 128,
    "trades": 0,
    "roster_events": 0
  },
  "raw_counts": {
    "markets": 36,
    "orderbook": 171,
    "best_line": 72,
    "trades": 12
  },
  "finished_ts": "2026-08-18T04:35:06.537236+00:00"
}
{
  "cycle_id": "be10efa2-6cd4-4f88-b636-5fa16a884c02",
  "started_ts": "2026-08-18T04:40:02.287198+00:00",
  "league_id": 1384,
  "endpoints_attempted": [
    "/markets/active",
    "/orders",
    "/orders",
    "/trades",
    "/trades"
  ],
  "endpoint_failures": [],
  "rows_written": {
    "markets": 0,
    "best_line": 48,
    "orderbook": 71,
    "trades": 14,
    "roster_events": 0
  },
  "rows_deduped": {
    "markets": 36,
    "best_line": 24,
    "orderbook": 105,
    "trades": 0,
    "roster_events": 0
  },
  "raw_counts": {
    "markets": 36,
    "orderbook": 176,
    "best_line": 72,
    "trades": 14
  },
  "finished_ts": "2026-08-18T04:40:06.544624+00:00"
}
{
  "cycle_id": "f28bb503-a256-437e-a58e-aca0958068a0",
  "started_ts": "2026-08-18T04:45:02.529719+00:00",
  "league_id": 1384,
  "endpoints_attempted": [
    "/markets/active",
    "/orders",
    "/orders",
    "/trades",
    "/trades"
  ],
  "endpoint_failures": [],
  "rows_written": {
    "markets": 3,
    "best_line": 50,
    "orderbook": 50,
    "trades": 14,
    "roster_events": 0
  },
  "rows_deduped": {
    "markets": 36,
    "best_line": 28,
    "orderbook": 123,
    "trades": 0,
    "roster_events": 0
  },
  "raw_counts": {
    "markets": 39,
    "orderbook": 173,
    "best_line": 78,
    "trades": 14
  },
  "finished_ts": "2026-08-18T04:45:06.807395+00:00"
}
{
  "cycle_id": "357dada2-3ea2-4bd1-bb8a-d3f7df8fbdae",
  "started_ts": "2026-08-18T04:50:02.309336+00:00",
  "league_id": 1384,
  "endpoints_attempted": [
    "/markets/active",
    "/orders",
    "/orders",
    "/trades",
    "/trades"
  ],
  "endpoint_failures": [],
  "rows_written": {
    "markets": 0,
    "best_line": 42,
    "orderbook": 78,
    "trades": 14,
    "roster_events": 0
  },
  "rows_deduped": {
    "markets": 39,
    "best_line": 36,
    "orderbook": 96,
    "trades": 0,
    "roster_events": 0
  },
  "raw_counts": {
    "markets": 39,
    "orderbook": 174,
    "best_line": 78,
    "trades": 14
  },
  "finished_ts": "2026-08-18T04:50:06.570529+00:00"
}
{
  "cycle_id": "5a18030b-eb51-44ed-8f5f-14f12bab55cd",
  "started_ts": "2026-08-18T04:55:02.306733+00:00",
  "league_id": 1384,
  "endpoints_attempted": [
    "/markets/active",
    "/orders",
    "/orders",
    "/trades",
    "/trades"
  ],
  "endpoint_failures": [],
  "rows_written": {
    "markets": 0,
    "best_line": 33,
    "orderbook": 29,
    "trades": 16,
    "roster_events": 0
  },
  "rows_deduped": {
    "markets": 39,
    "best_line": 45,
    "orderbook": 147,
    "trades": 0,
    "roster_events": 0
  },
  "raw_counts": {
    "markets": 39,
    "orderbook": 176,
    "best_line": 78,
    "trades": 16
  },
  "finished_ts": "2026-08-18T04:55:06.566008+00:00"
}
{
  "cycle_id": "73e4e8e8-aaec-4c57-a03b-b6223f095ad4",
  "started_ts": "2026-08-18T05:00:02.548448+00:00",
  "league_id": 1384,
  "endpoints_attempted": [
    "/markets/active",
    "/orders",
    "/orders",
    "/trades",
    "/trades"
  ],
  "endpoint_failures": [],
  "rows_written": {
    "markets": 0,
    "best_line": 44,
    "orderbook": 74,
    "trades": 16,
    "roster_events": 0
  },
  "rows_deduped": {
    "markets": 39,
    "best_line": 34,
    "orderbook": 105,
    "trades": 0,
    "roster_events": 0
  },
  "raw_counts": {
    "markets": 39,
    "orderbook": 179,
    "best_line": 78,
    "trades": 16
  },
  "finished_ts": "2026-08-18T05:00:06.823297+00:00"
}
{
  "cycle_id": "753120a9-9888-4b63-b6e0-cc5f5867c3ab",
  "started_ts": "2026-08-18T05:05:02.296877+00:00",
  "league_id": 1384,
  "endpoints_attempted": [
    "/markets/active",
    "/orders",
    "/orders",
    "/trades",
    "/trades"
  ],
  "endpoint_failures": [],
  "rows_written": {
    "markets": 0,
    "best_line": 19,
    "orderbook": 22,
    "trades": 16,
    "roster_events": 0
  },
  "rows_deduped": {
    "markets": 39,
    "best_line": 59,
    "orderbook": 158,
    "trades": 0,
    "roster_events": 0
  },
  "raw_counts": {
    "markets": 39,
    "orderbook": 180,
    "best_line": 78,
    "trades": 16
  },
  "finished_ts": "2026-08-18T05:05:06.578960+00:00"
}
{
  "cycle_id": "5007b342-b123-4595-8eec-601c6ab6963f",
  "started_ts": "2026-08-18T05:10:02.306929+00:00",
  "league_id": 1384,
  "endpoints_attempted": [
    "/markets/active",
    "/orders",
    "/orders",
    "/trades",
    "/trades"
  ],
  "endpoint_failures": [],
  "rows_written": {
    "markets": 2,
    "best_line": 30,
    "orderbook": 48,
    "trades": 16,
    "roster_events": 0
  },
  "rows_deduped": {
    "markets": 37,
    "best_line": 48,
    "orderbook": 130,
    "trades": 0,
    "roster_events": 0
  },
  "raw_counts": {
    "markets": 39,
    "orderbook": 178,
    "best_line": 78,
    "trades": 16
  },
  "finished_ts": "2026-08-18T05:10:06.595707+00:00"
}
{
  "cycle_id": "12dd6460-9878-4ed9-aec1-d75e3cd5d551",
  "started_ts": "2026-08-18T05:15:02.694807+00:00",
  "league_id": 1384,
  "endpoints_attempted": [
    "/markets/active",
    "/orders",
    "/orders",
    "/trades",
    "/trades"
  ],
  "endpoint_failures": [],
  "rows_written": {
    "markets": 0,
    "best_line": 20,
    "orderbook": 24,
    "trades": 16,
    "roster_events": 0
  },
  "rows_deduped": {
    "markets": 39,
    "best_line": 58,
    "orderbook": 157,
    "trades": 0,
    "roster_events": 0
  },
  "raw_counts": {
    "markets": 39,
    "orderbook": 181,
    "best_line": 78,
    "trades": 16
  },
  "finished_ts": "2026-08-18T05:15:06.952481+00:00"
}
{
  "cycle_id": "52a05602-a71a-41e8-b9a7-4ac5d89743bc",
  "started_ts": "2026-08-18T05:20:02.952808+00:00",
  "league_id": 1384,
  "endpoints_attempted": [
    "/markets/active",
    "/orders",
    "/orders",
    "/trades",
    "/trades"
  ],
  "endpoint_failures": [],
  "rows_written": {
    "markets": 2,
    "best_line": 33,
    "orderbook": 56,
    "trades": 16,
    "roster_events": 0
  },
  "rows_deduped": {
    "markets": 37,
    "best_line": 45,
    "orderbook": 125,
    "trades": 0,
    "roster_events": 0
  },
  "raw_counts": {
    "markets": 39,
    "orderbook": 181,
    "best_line": 78,
    "trades": 16
  },
  "finished_ts": "2026-08-18T05:20:07.260558+00:00"
}
{
  "cycle_id": "99b5ed8b-d03e-4184-9b7d-76e3f3676b77",
  "started_ts": "2026-08-18T05:25:02.435113+00:00",
  "league_id": 1384,
  "endpoints_attempted": [
    "/markets/active",
    "/orders",
    "/orders",
    "/trades",
    "/trades"
  ],
  "endpoint_failures": [],
  "rows_written": {
    "markets": 0,
    "best_line": 20,
    "orderbook": 28,
    "trades": 18,
    "roster_events": 0
  },
  "rows_deduped": {
    "markets": 39,
    "best_line": 58,
    "orderbook": 153,
    "trades": 0,
    "roster_events": 0
  },
  "raw_counts": {
    "markets": 39,
    "orderbook": 181,
    "best_line": 78,
    "trades": 18
  },
  "finished_ts": "2026-08-18T05:25:06.724238+00:00"
}
{
  "cycle_id": "f5c0af7d-19a9-49d2-945c-c3c280dacb20",
  "started_ts": "2026-08-18T05:30:02.453281+00:00",
  "league_id": 1384,
  "endpoints_attempted": [
    "/markets/active",
    "/orders",
    "/orders",
    "/trades",
    "/trades"
  ],
  "endpoint_failures": [],
  "rows_written": {
    "markets": 0,
    "best_line": 45,
    "orderbook": 76,
    "trades": 18,
    "roster_events": 0
  },
  "rows_deduped": {
    "markets": 39,
    "best_line": 33,
    "orderbook": 112,
    "trades": 0,
    "roster_events": 0
  },
  "raw_counts": {
    "markets": 39,
    "orderbook": 188,
    "best_line": 78,
    "trades": 18
  },
  "finished_ts": "2026-08-18T05:30:06.711804+00:00"
}
{
  "cycle_id": "ec935021-ee7a-4f63-80e1-626c9227322c",
  "started_ts": "2026-08-18T05:35:02.744618+00:00",
  "league_id": 1384,
  "endpoints_attempted": [
    "/markets/active",
    "/orders",
    "/orders",
    "/trades",
    "/trades"
  ],
  "endpoint_failures": [],
  "rows_written": {
    "markets": 2,
    "best_line": 44,
    "orderbook": 47,
    "trades": 18,
    "roster_events": 0
  },
  "rows_deduped": {
    "markets": 38,
    "best_line": 36,
    "orderbook": 139,
    "trades": 0,
    "roster_events": 0
  },
  "raw_counts": {
    "markets": 40,
    "orderbook": 186,
    "best_line": 80,
    "trades": 18
  },
  "finished_ts": "2026-08-18T05:35:07.006208+00:00"
}
{
  "cycle_id": "454c660b-23d0-4874-88fc-8cc3b1464e22",
  "started_ts": "2026-08-18T05:40:02.406076+00:00",
  "league_id": 1384,
  "endpoints_attempted": [
    "/markets/active",
    "/orders",
    "/orders",
    "/trades",
    "/trades"
  ],
  "endpoint_failures": [],
  "rows_written": {
    "markets": 0,
    "best_line": 55,
    "orderbook": 93,
    "trades": 18,
    "roster_events": 0
  },
  "rows_deduped": {
    "markets": 40,
    "best_line": 25,
    "orderbook": 90,
    "trades": 0,
    "roster_events": 0
  },
  "raw_counts": {
    "markets": 40,
    "orderbook": 183,
    "best_line": 80,
    "trades": 18
  },
  "finished_ts": "2026-08-18T05:40:06.665034+00:00"
}
{
  "cycle_id": "ced22d75-e1fa-4567-be6d-b4891525c5e3",
  "started_ts": "2026-08-18T05:45:02.546452+00:00",
  "league_id": 1384,
  "endpoints_attempted": [
    "/markets/active",
    "/orders",
    "/orders",
    "/trades",
    "/trades"
  ],
  "endpoint_failures": [],
  "rows_written": {
    "markets": 3,
    "best_line": 43,
    "orderbook": 41,
    "trades": 18,
    "roster_events": 0
  },
  "rows_deduped": {
    "markets": 37,
    "best_line": 37,
    "orderbook": 133,
    "trades": 0,
    "roster_events": 0
  },
  "raw_counts": {
    "markets": 40,
    "orderbook": 174,
    "best_line": 80,
    "trades": 18
  },
  "finished_ts": "2026-08-18T05:45:06.812817+00:00"
}
{
  "cycle_id": "80409b68-8890-4e83-a68a-5137ea2198cf",
  "started_ts": "2026-08-18T05:50:02.418425+00:00",
  "league_id": 1384,
  "endpoints_attempted": [
    "/markets/active",
    "/orders",
    "/orders",
    "/trades",
    "/trades"
  ],
  "endpoint_failures": [],
  "rows_written": {
    "markets": 0,
    "best_line": 50,
    "orderbook": 62,
    "trades": 18,
    "roster_events": 0
  },
  "rows_deduped": {
    "markets": 40,
    "best_line": 30,
    "orderbook": 120,
    "trades": 0,
    "roster_events": 0
  },
  "raw_counts": {
    "markets": 40,
    "orderbook": 182,
    "best_line": 80,
    "trades": 18
  },
  "finished_ts": "2026-08-18T05:50:06.684341+00:00"
}
{
  "cycle_id": "ea82f341-e2e0-4efa-8612-f89102a53a47",
  "started_ts": "2026-08-18T05:55:02.355447+00:00",
  "league_id": 1384,
  "endpoints_attempted": [
    "/markets/active",
    "/orders",
    "/orders",
    "/trades",
    "/trades"
  ],
  "endpoint_failures": [],
  "rows_written": {
    "markets": 0,
    "best_line": 20,
    "orderbook": 27,
    "trades": 18,
    "roster_events": 0
  },
  "rows_deduped": {
    "markets": 40,
    "best_line": 60,
    "orderbook": 155,
    "trades": 0,
    "roster_events": 0
  },
  "raw_counts": {
    "markets": 40,
    "orderbook": 182,
    "best_line": 80,
    "trades": 18
  },
  "finished_ts": "2026-08-18T05:55:06.633695+00:00"
}
{
  "cycle_id": "7106a0e9-f56b-4cee-b030-70b1b6240d46",
  "started_ts": "2026-08-18T06:00:03.218202+00:00",
  "league_id": 1384,
  "endpoints_attempted": [
    "/markets/active",
    "/orders",
    "/orders",
    "/trades",
    "/trades"
  ],
  "endpoint_failures": [],
  "rows_written": {
    "markets": 0,
    "best_line": 23,
    "orderbook": 33,
    "trades": 18,
    "roster_events": 0
  },
  "rows_deduped": {
    "markets": 40,
    "best_line": 57,
    "orderbook": 151,
    "trades": 0,
    "roster_events": 0
  },
  "raw_counts": {
    "markets": 40,
    "orderbook": 184,
    "best_line": 80,
    "trades": 18
  },
  "finished_ts": "2026-08-18T06:00:07.485458+00:00"
}
{
  "cycle_id": "48389a68-9540-4800-a54f-5812a7e8c962",
  "started_ts": "2026-08-18T06:05:02.449803+00:00",
  "league_id": 1384,
  "endpoints_attempted": [
    "/markets/active",
    "/orders",
    "/orders",
    "/trades",
    "/trades"
  ],
  "endpoint_failures": [],
  "rows_written": {
    "markets": 0,
    "best_line": 19,
    "orderbook": 22,
    "trades": 20,
    "roster_events": 0
  },
  "rows_deduped": {
    "markets": 40,
    "best_line": 61,
    "orderbook": 165,
    "trades": 0,
    "roster_events": 0
  },
  "raw_counts": {
    "markets": 40,
    "orderbook": 187,
    "best_line": 80,
    "trades": 20
  },
  "finished_ts": "2026-08-18T06:05:06.710206+00:00"
}
{
  "cycle_id": "bf20a9ff-3a60-48f4-876f-b802215a88dd",
  "started_ts": "2026-08-18T06:10:02.328020+00:00",
  "league_id": 1384,
  "endpoints_attempted": [
    "/markets/active",
    "/orders",
    "/orders",
    "/trades",
    "/trades"
  ],
  "endpoint_failures": [],
  "rows_written": {
    "markets": 0,
    "best_line": 29,
    "orderbook": 37,
    "trades": 20,
    "roster_events": 0
  },
  "rows_deduped": {
    "markets": 40,
    "best_line": 51,
    "orderbook": 141,
    "trades": 0,
    "roster_events": 0
  },
  "raw_counts": {
    "markets": 40,
    "orderbook": 178,
    "best_line": 80,
    "trades": 20
  },
  "finished_ts": "2026-08-18T06:10:06.582738+00:00"
}
{
  "cycle_id": "8e331173-80ea-4bdf-9826-5f627eb646ba",
  "started_ts": "2026-08-18T06:15:02.869560+00:00",
  "league_id": 1384,
  "endpoints_attempted": [
    "/markets/active",
    "/orders",
    "/orders",
    "/trades",
    "/trades"
  ],
  "endpoint_failures": [],
  "rows_written": {
    "markets": 0,
    "best_line": 35,
    "orderbook": 49,
    "trades": 20,
    "roster_events": 0
  },
  "rows_deduped": {
    "markets": 40,
    "best_line": 45,
    "orderbook": 135,
    "trades": 0,
    "roster_events": 0
  },
  "raw_counts": {
    "markets": 40,
    "orderbook": 184,
    "best_line": 80,
    "trades": 20
  },
  "finished_ts": "2026-08-18T06:15:07.145957+00:00"
}
{
  "cycle_id": "4585ca59-6ce1-448e-a81d-f8db828ceff2",
  "started_ts": "2026-08-18T06:20:02.320322+00:00",
  "league_id": 1384,
  "endpoints_attempted": [
    "/markets/active",
    "/orders",
    "/orders",
    "/trades",
    "/trades"
  ],
  "endpoint_failures": [],
  "rows_written": {
    "markets": 0,
    "best_line": 20,
    "orderbook": 38,
    "trades": 20,
    "roster_events": 0
  },
  "rows_deduped": {
    "markets": 40,
    "best_line": 60,
    "orderbook": 153,
    "trades": 0,
    "roster_events": 0
  },
  "raw_counts": {
    "markets": 40,
    "orderbook": 191,
    "best_line": 80,
    "trades": 20
  },
  "finished_ts": "2026-08-18T06:20:06.589937+00:00"
}
{
  "cycle_id": "91eced0e-aa97-4559-b10e-986af397a659",
  "started_ts": "2026-08-18T06:25:02.309864+00:00",
  "league_id": 1384,
  "endpoints_attempted": [
    "/markets/active",
    "/orders",
    "/orders",
    "/trades",
    "/trades"
  ],
  "endpoint_failures": [],
  "rows_written": {
    "markets": 0,
    "best_line": 13,
    "orderbook": 16,
    "trades": 20,
    "roster_events": 0
  },
  "rows_deduped": {
    "markets": 40,
    "best_line": 67,
    "orderbook": 173,
    "trades": 0,
    "roster_events": 0
  },
  "raw_counts": {
    "markets": 40,
    "orderbook": 189,
    "best_line": 80,
    "trades": 20
  },
  "finished_ts": "2026-08-18T06:25:06.586035+00:00"
}
{
  "cycle_id": "bbc12cce-5ad7-4542-9ab5-2991c012c1bb",
  "started_ts": "2026-08-18T06:30:02.470401+00:00",
  "league_id": 1384,
  "endpoints_attempted": [
    "/markets/active",
    "/orders",
    "/orders",
    "/trades",
    "/trades"
  ],
  "endpoint_failures": [],
  "rows_written": {
    "markets": 0,
    "best_line": 61,
    "orderbook": 91,
    "trades": 20,
    "roster_events": 0
  },
  "rows_deduped": {
    "markets": 40,
    "best_line": 19,
    "orderbook": 94,
    "trades": 0,
    "roster_events": 0
  },
  "raw_counts": {
    "markets": 40,
    "orderbook": 185,
    "best_line": 80,
    "trades": 20
  },
  "finished_ts": "2026-08-18T06:30:06.749887+00:00"
}
{
  "cycle_id": "0fb6ba2c-e794-402c-a888-4e6b1cf3dea6",
  "started_ts": "2026-08-18T06:35:02.300592+00:00",
  "league_id": 1384,
  "endpoints_attempted": [
    "/markets/active",
    "/orders",
    "/orders",
    "/trades",
    "/trades"
  ],
  "endpoint_failures": [],
  "rows_written": {
    "markets": 0,
    "best_line": 16,
    "orderbook": 23,
    "trades": 20,
    "roster_events": 0
  },
  "rows_deduped": {
    "markets": 40,
    "best_line": 64,
    "orderbook": 168,
    "trades": 0,
    "roster_events": 0
  },
  "raw_counts": {
    "markets": 40,
    "orderbook": 191,
    "best_line": 80,
    "trades": 20
  },
  "finished_ts": "2026-08-18T06:35:06.578415+00:00"
}
{
  "cycle_id": "9ff5db2d-8df2-4005-afae-81761dbb36a2",
  "started_ts": "2026-08-18T06:40:02.329647+00:00",
  "league_id": 1384,
  "endpoints_attempted": [
    "/markets/active",
    "/orders",
    "/orders",
    "/trades",
    "/trades"
  ],
  "endpoint_failures": [],
  "rows_written": {
    "markets": 0,
    "best_line": 43,
    "orderbook": 52,
    "trades": 20,
    "roster_events": 0
  },
  "rows_deduped": {
    "markets": 40,
    "best_line": 37,
    "orderbook": 140,
    "trades": 0,
    "roster_events": 0
  },
  "raw_counts": {
    "markets": 40,
    "orderbook": 192,
    "best_line": 80,
    "trades": 20
  },
  "finished_ts": "2026-08-18T06:40:06.662123+00:00"
}
{
  "cycle_id": "c8b96e85-d8e9-47e7-9a98-e75f0cc94477",
  "started_ts": "2026-08-18T06:45:02.561705+00:00",
  "league_id": 1384,
  "endpoints_attempted": [
    "/markets/active",
    "/orders",
    "/orders",
    "/trades",
    "/trades"
  ],
  "endpoint_failures": [],
  "rows_written": {
    "markets": 0,
    "best_line": 36,
    "orderbook": 32,
    "trades": 20,
    "roster_events": 0
  },
  "rows_deduped": {
    "markets": 40,
    "best_line": 44,
    "orderbook": 152,
    "trades": 0,
    "roster_events": 0
  },
  "raw_counts": {
    "markets": 40,
    "orderbook": 184,
    "best_line": 80,
    "trades": 20
  },
  "finished_ts": "2026-08-18T06:45:06.825196+00:00"
}
{
  "cycle_id": "c721b8df-22b0-4b8e-8ee5-1c98df4bf529",
  "started_ts": "2026-08-18T06:50:02.289074+00:00",
  "league_id": 1384,
  "endpoints_attempted": [
    "/markets/active",
    "/orders",
    "/orders",
    "/trades",
    "/trades"
  ],
  "endpoint_failures": [],
  "rows_written": {
    "markets": 0,
    "best_line": 34,
    "orderbook": 56,
    "trades": 20,
    "roster_events": 0
  },
  "rows_deduped": {
    "markets": 40,
    "best_line": 46,
    "orderbook": 133,
    "trades": 0,
    "roster_events": 0
  },
  "raw_counts": {
    "markets": 40,
    "orderbook": 189,
    "best_line": 80,
    "trades": 20
  },
  "finished_ts": "2026-08-18T06:50:06.546449+00:00"
}
{
  "cycle_id": "58f7b970-b407-4aa9-aa93-e1e3058688bc",
  "started_ts": "2026-08-18T06:55:02.306555+00:00",
  "league_id": 1384,
  "endpoints_attempted": [
    "/markets/active",
    "/orders",
    "/orders",
    "/trades",
    "/trades"
  ],
  "endpoint_failures": [],
  "rows_written": {
    "markets": 0,
    "best_line": 13,
    "orderbook": 12,
    "trades": 20,
    "roster_events": 0
  },
  "rows_deduped": {
    "markets": 40,
    "best_line": 67,
    "orderbook": 178,
    "trades": 0,
    "roster_events": 0
  },
  "raw_counts": {
    "markets": 40,
    "orderbook": 190,
    "best_line": 80,
    "trades": 20
  },
  "finished_ts": "2026-08-18T06:55:06.584092+00:00"
}
{
  "cycle_id": "58c5fed9-cbbe-4495-b44b-b83f442ab5a3",
  "started_ts": "2026-08-18T07:00:02.691067+00:00",
  "league_id": 1384,
  "endpoints_attempted": [
    "/markets/active",
    "/orders",
    "/orders",
    "/trades",
    "/trades"
  ],
  "endpoint_failures": [],
  "rows_written": {
    "markets": 0,
    "best_line": 39,
    "orderbook": 58,
    "trades": 20,
    "roster_events": 0
  },
  "rows_deduped": {
    "markets": 40,
    "best_line": 41,
    "orderbook": 136,
    "trades": 0,
    "roster_events": 0
  },
  "raw_counts": {
    "markets": 40,
    "orderbook": 194,
    "best_line": 80,
    "trades": 20
  },
  "finished_ts": "2026-08-18T07:00:06.952920+00:00"
}
{
  "cycle_id": "4492971e-f213-4074-8558-4c0bc3b8564e",
  "started_ts": "2026-08-18T07:05:02.304051+00:00",
  "league_id": 1384,
  "endpoints_attempted": [
    "/markets/active",
    "/orders",
    "/orders",
    "/trades",
    "/trades"
  ],
  "endpoint_failures": [],
  "rows_written": {
    "markets": 0,
    "best_line": 30,
    "orderbook": 44,
    "trades": 20,
    "roster_events": 0
  },
  "rows_deduped": {
    "markets": 40,
    "best_line": 50,
    "orderbook": 148,
    "trades": 0,
    "roster_events": 0
  },
  "raw_counts": {
    "markets": 40,
    "orderbook": 192,
    "best_line": 80,
    "trades": 20
  },
  "finished_ts": "2026-08-18T07:05:06.585973+00:00"
}
{
  "cycle_id": "37ab77c5-81ac-40fc-9f58-00fb2bf401c3",
  "started_ts": "2026-08-18T07:10:02.370723+00:00",
  "league_id": 1384,
  "endpoints_attempted": [
    "/markets/active",
    "/orders",
    "/orders",
    "/orders",
    "/trades",
    "/trades",
    "/trades"
  ],
  "endpoint_failures": [],
  "rows_written": {
    "markets": 4,
    "best_line": 36,
    "orderbook": 49,
    "trades": 20,
    "roster_events": 0
  },
  "rows_deduped": {
    "markets": 37,
    "best_line": 46,
    "orderbook": 150,
    "trades": 0,
    "roster_events": 0
  },
  "raw_counts": {
    "markets": 41,
    "orderbook": 199,
    "best_line": 82,
    "trades": 20
  },
  "finished_ts": "2026-08-18T07:10:08.752138+00:00"
}
{
  "cycle_id": "bbdb2d6b-b0e4-439d-8e9a-b532862f755b",
  "started_ts": "2026-08-18T07:15:02.637591+00:00",
  "league_id": 1384,
  "endpoints_attempted": [
    "/markets/active",
    "/orders",
    "/orders",
    "/orders",
    "/trades",
    "/trades",
    "/trades"
  ],
  "endpoint_failures": [],
  "rows_written": {
    "markets": 0,
    "best_line": 41,
    "orderbook": 62,
    "trades": 20,
    "roster_events": 0
  },
  "rows_deduped": {
    "markets": 41,
    "best_line": 41,
    "orderbook": 130,
    "trades": 0,
    "roster_events": 0
  },
  "raw_counts": {
    "markets": 41,
    "orderbook": 192,
    "best_line": 82,
    "trades": 20
  },
  "finished_ts": "2026-08-18T07:15:08.988187+00:00"
}
{
  "cycle_id": "2ee24b96-9873-49b8-a4c4-0ba4d7c08496",
  "started_ts": "2026-08-18T07:20:02.327813+00:00",
  "league_id": 1384,
  "endpoints_attempted": [
    "/markets/active",
    "/orders",
    "/orders",
    "/orders",
    "/trades",
    "/trades",
    "/trades"
  ],
  "endpoint_failures": [],
  "rows_written": {
    "markets": 2,
    "best_line": 37,
    "orderbook": 50,
    "trades": 24,
    "roster_events": 0
  },
  "rows_deduped": {
    "markets": 39,
    "best_line": 45,
    "orderbook": 130,
    "trades": 0,
    "roster_events": 0
  },
  "raw_counts": {
    "markets": 41,
    "orderbook": 180,
    "best_line": 82,
    "trades": 24
  },
  "finished_ts": "2026-08-18T07:20:08.707224+00:00"
}
{
  "cycle_id": "baffe538-20ad-4ac7-a494-415379788c75",
  "started_ts": "2026-08-18T07:25:02.368004+00:00",
  "league_id": 1384,
  "endpoints_attempted": [
    "/markets/active",
    "/orders",
    "/orders",
    "/orders",
    "/trades",
    "/trades",
    "/trades"
  ],
  "endpoint_failures": [],
  "rows_written": {
    "markets": 0,
    "best_line": 39,
    "orderbook": 44,
    "trades": 24,
    "roster_events": 0
  },
  "rows_deduped": {
    "markets": 41,
    "best_line": 43,
    "orderbook": 142,
    "trades": 0,
    "roster_events": 0
  },
  "raw_counts": {
    "markets": 41,
    "orderbook": 186,
    "best_line": 82,
    "trades": 24
  },
  "finished_ts": "2026-08-18T07:25:08.716058+00:00"
}
{
  "cycle_id": "8c150e15-b2a6-4fa0-b19e-54efe8c8c5c5",
  "started_ts": "2026-08-18T07:30:02.518377+00:00",
  "league_id": 1384,
  "endpoints_attempted": [
    "/markets/active",
    "/orders",
    "/orders",
    "/orders",
    "/trades",
    "/trades",
    "/trades"
  ],
  "endpoint_failures": [],
  "rows_written": {
    "markets": 2,
    "best_line": 27,
    "orderbook": 48,
    "trades": 24,
    "roster_events": 0
  },
  "rows_deduped": {
    "markets": 39,
    "best_line": 55,
    "orderbook": 142,
    "trades": 0,
    "roster_events": 0
  },
  "raw_counts": {
    "markets": 41,
    "orderbook": 190,
    "best_line": 82,
    "trades": 24
  },
  "finished_ts": "2026-08-18T07:30:08.875076+00:00"
}
{
  "cycle_id": "152b4781-34b0-4797-b4e9-6ad3bdbb5c49",
  "started_ts": "2026-08-18T07:35:02.321007+00:00",
  "league_id": 1384,
  "endpoints_attempted": [
    "/markets/active",
    "/orders",
    "/orders",
    "/orders",
    "/trades",
    "/trades",
    "/trades"
  ],
  "endpoint_failures": [],
  "rows_written": {
    "markets": 1,
    "best_line": 21,
    "orderbook": 16,
    "trades": 24,
    "roster_events": 0
  },
  "rows_deduped": {
    "markets": 41,
    "best_line": 63,
    "orderbook": 175,
    "trades": 0,
    "roster_events": 0
  },
  "raw_counts": {
    "markets": 42,
    "orderbook": 191,
    "best_line": 84,
    "trades": 24
  },
  "finished_ts": "2026-08-18T07:35:08.702023+00:00"
}
{
  "cycle_id": "488ee87f-63b4-4c49-8236-7a6238e0864d",
  "started_ts": "2026-08-18T07:40:02.298202+00:00",
  "league_id": 1384,
  "endpoints_attempted": [
    "/markets/active",
    "/orders",
    "/orders",
    "/orders",
    "/trades",
    "/trades",
    "/trades"
  ],
  "endpoint_failures": [],
  "rows_written": {
    "markets": 0,
    "best_line": 37,
    "orderbook": 61,
    "trades": 24,
    "roster_events": 0
  },
  "rows_deduped": {
    "markets": 42,
    "best_line": 47,
    "orderbook": 132,
    "trades": 0,
    "roster_events": 0
  },
  "raw_counts": {
    "markets": 42,
    "orderbook": 193,
    "best_line": 84,
    "trades": 24
  },
  "finished_ts": "2026-08-18T07:40:08.648820+00:00"
}
{
  "cycle_id": "4b8a9f1b-a9cc-4da1-891b-9f36c32a6d0b",
  "started_ts": "2026-08-18T07:45:02.556785+00:00",
  "league_id": 1384,
  "endpoints_attempted": [
    "/markets/active",
    "/orders",
    "/orders",
    "/orders",
    "/trades",
    "/trades",
    "/trades"
  ],
  "endpoint_failures": [],
  "rows_written": {
    "markets": 0,
    "best_line": 15,
    "orderbook": 18,
    "trades": 24,
    "roster_events": 0
  },
  "rows_deduped": {
    "markets": 42,
    "best_line": 69,
    "orderbook": 172,
    "trades": 0,
    "roster_events": 0
  },
  "raw_counts": {
    "markets": 42,
    "orderbook": 190,
    "best_line": 84,
    "trades": 24
  },
  "finished_ts": "2026-08-18T07:45:08.917012+00:00"
}
{
  "cycle_id": "cbf4233f-682f-490c-9210-b96096a32d7f",
  "started_ts": "2026-08-18T07:50:02.348627+00:00",
  "league_id": 1384,
  "endpoints_attempted": [
    "/markets/active",
    "/orders",
    "/orders",
    "/orders",
    "/trades",
    "/trades",
    "/trades"
  ],
  "endpoint_failures": [],
  "rows_written": {
    "markets": 0,
    "best_line": 18,
    "orderbook": 31,
    "trades": 24,
    "roster_events": 0
  },
  "rows_deduped": {
    "markets": 42,
    "best_line": 66,
    "orderbook": 160,
    "trades": 0,
    "roster_events": 0
  },
  "raw_counts": {
    "markets": 42,
    "orderbook": 191,
    "best_line": 84,
    "trades": 24
  },
  "finished_ts": "2026-08-18T07:50:08.704542+00:00"
}
{
  "cycle_id": "2f6e9365-8e32-4e9e-8bf0-8086d158ae3c",
  "started_ts": "2026-08-18T07:55:02.328202+00:00",
  "league_id": 1384,
  "endpoints_attempted": [
    "/markets/active",
    "/orders",
    "/orders",
    "/orders",
    "/trades",
    "/trades",
    "/trades"
  ],
  "endpoint_failures": [],
  "rows_written": {
    "markets": 0,
    "best_line": 21,
    "orderbook": 22,
    "trades": 24,
    "roster_events": 0
  },
  "rows_deduped": {
    "markets": 42,
    "best_line": 63,
    "orderbook": 167,
    "trades": 0,
    "roster_events": 0
  },
  "raw_counts": {
    "markets": 42,
    "orderbook": 189,
    "best_line": 84,
    "trades": 24
  },
  "finished_ts": "2026-08-18T07:55:08.700196+00:00"
}
{
  "cycle_id": "a37feee7-9a4f-4db9-874d-f67e400a7d93",
  "started_ts": "2026-08-18T08:00:02.592093+00:00",
  "league_id": 1384,
  "endpoints_attempted": [
    "/markets/active",
    "/orders",
    "/orders",
    "/orders",
    "/trades",
    "/trades",
    "/trades"
  ],
  "endpoint_failures": [],
  "rows_written": {
    "markets": 0,
    "best_line": 6,
    "orderbook": 16,
    "trades": 24,
    "roster_events": 0
  },
  "rows_deduped": {
    "markets": 42,
    "best_line": 78,
    "orderbook": 169,
    "trades": 0,
    "roster_events": 0
  },
  "raw_counts": {
    "markets": 42,
    "orderbook": 185,
    "best_line": 84,
    "trades": 24
  },
  "finished_ts": "2026-08-18T08:00:08.972446+00:00"
}
{
  "cycle_id": "4679aec7-86d3-4197-a9e9-71b0c7e11e3a",
  "started_ts": "2026-08-18T08:05:02.321104+00:00",
  "league_id": 1384,
  "endpoints_attempted": [
    "/markets/active",
    "/orders",
    "/orders",
    "/orders",
    "/trades",
    "/trades",
    "/trades"
  ],
  "endpoint_failures": [],
  "rows_written": {
    "markets": 0,
    "best_line": 26,
    "orderbook": 30,
    "trades": 24,
    "roster_events": 0
  },
  "rows_deduped": {
    "markets": 42,
    "best_line": 58,
    "orderbook": 156,
    "trades": 0,
    "roster_events": 0
  },
  "raw_counts": {
    "markets": 42,
    "orderbook": 186,
    "best_line": 84,
    "trades": 24
  },
  "finished_ts": "2026-08-18T08:05:08.697460+00:00"
}
{
  "cycle_id": "6762a5ab-6c5e-479b-8695-bd9b5de1020f",
  "started_ts": "2026-08-18T08:10:02.333913+00:00",
  "league_id": 1384,
  "endpoints_attempted": [
    "/markets/active",
    "/orders",
    "/orders",
    "/orders",
    "/trades",
    "/trades",
    "/trades"
  ],
  "endpoint_failures": [],
  "rows_written": {
    "markets": 2,
    "best_line": 12,
    "orderbook": 27,
    "trades": 24,
    "roster_events": 0
  },
  "rows_deduped": {
    "markets": 40,
    "best_line": 72,
    "orderbook": 157,
    "trades": 0,
    "roster_events": 0
  },
  "raw_counts": {
    "markets": 42,
    "orderbook": 184,
    "best_line": 84,
    "trades": 24
  },
  "finished_ts": "2026-08-18T08:10:08.683618+00:00"
}
{
  "cycle_id": "d4b2f276-771e-4ed8-98e6-58f212af0da0",
  "started_ts": "2026-08-18T08:15:02.644857+00:00",
  "league_id": 1384,
  "endpoints_attempted": [
    "/markets/active",
    "/orders",
    "/orders",
    "/orders",
    "/trades",
    "/trades",
    "/trades"
  ],
  "endpoint_failures": [],
  "rows_written": {
    "markets": 2,
    "best_line": 14,
    "orderbook": 15,
    "trades": 24,
    "roster_events": 0
  },
  "rows_deduped": {
    "markets": 40,
    "best_line": 70,
    "orderbook": 171,
    "trades": 0,
    "roster_events": 0
  },
  "raw_counts": {
    "markets": 42,
    "orderbook": 186,
    "best_line": 84,
    "trades": 24
  },
  "finished_ts": "2026-08-18T08:15:08.999011+00:00"
}
{
  "cycle_id": "ae8fcb92-db5b-460d-954d-7a07a0bd1b6d",
  "started_ts": "2026-08-18T08:20:02.299590+00:00",
  "league_id": 1384,
  "endpoints_attempted": [
    "/markets/active",
    "/orders",
    "/orders",
    "/orders",
    "/trades",
    "/trades",
    "/trades"
  ],
  "endpoint_failures": [],
  "rows_written": {
    "markets": 0,
    "best_line": 45,
    "orderbook": 79,
    "trades": 32,
    "roster_events": 0
  },
  "rows_deduped": {
    "markets": 42,
    "best_line": 39,
    "orderbook": 112,
    "trades": 0,
    "roster_events": 0
  },
  "raw_counts": {
    "markets": 42,
    "orderbook": 191,
    "best_line": 84,
    "trades": 32
  },
  "finished_ts": "2026-08-18T08:20:08.653633+00:00"
}
{
  "cycle_id": "31dff8d5-0fd1-4b1f-a024-118a914782bc",
  "started_ts": "2026-08-18T08:25:02.330123+00:00",
  "league_id": 1384,
  "endpoints_attempted": [
    "/markets/active",
    "/orders",
    "/orders",
    "/orders",
    "/trades",
    "/trades",
    "/trades"
  ],
  "endpoint_failures": [],
  "rows_written": {
    "markets": 0,
    "best_line": 58,
    "orderbook": 94,
    "trades": 32,
    "roster_events": 0
  },
  "rows_deduped": {
    "markets": 42,
    "best_line": 26,
    "orderbook": 90,
    "trades": 0,
    "roster_events": 0
  },
  "raw_counts": {
    "markets": 42,
    "orderbook": 184,
    "best_line": 84,
    "trades": 32
  },
  "finished_ts": "2026-08-18T08:25:08.682371+00:00"
}
{
  "cycle_id": "574d34ee-ca41-43fb-9a9f-66bd040184ec",
  "started_ts": "2026-08-18T08:30:02.541560+00:00",
  "league_id": 1384,
  "endpoints_attempted": [
    "/markets/active",
    "/orders",
    "/orders",
    "/orders",
    "/trades",
    "/trades",
    "/trades"
  ],
  "endpoint_failures": [],
  "rows_written": {
    "markets": 4,
    "best_line": 55,
    "orderbook": 74,
    "trades": 34,
    "roster_events": 0
  },
  "rows_deduped": {
    "markets": 38,
    "best_line": 29,
    "orderbook": 103,
    "trades": 0,
    "roster_events": 0
  },
  "raw_counts": {
    "markets": 42,
    "orderbook": 177,
    "best_line": 84,
    "trades": 34
  },
  "finished_ts": "2026-08-18T08:30:08.902650+00:00"
}
{
  "cycle_id": "fbb26c27-89fe-4dca-acb2-09a6b7653539",
  "started_ts": "2026-08-18T08:35:02.328648+00:00",
  "league_id": 1384,
  "endpoints_attempted": [
    "/markets/active",
    "/orders",
    "/orders",
    "/orders",
    "/trades",
    "/trades",
    "/trades"
  ],
  "endpoint_failures": [],
  "rows_written": {
    "markets": 2,
    "best_line": 51,
    "orderbook": 72,
    "trades": 46,
    "roster_events": 0
  },
  "rows_deduped": {
    "markets": 40,
    "best_line": 33,
    "orderbook": 105,
    "trades": 0,
    "roster_events": 0
  },
  "raw_counts": {
    "markets": 42,
    "orderbook": 177,
    "best_line": 84,
    "trades": 46
  },
  "finished_ts": "2026-08-18T08:35:08.699881+00:00"
}
{
  "cycle_id": "7ff56999-c328-4dff-aba1-48cc2870acd5",
  "started_ts": "2026-08-18T08:40:02.315492+00:00",
  "league_id": 1384,
  "endpoints_attempted": [
    "/markets/active",
    "/orders",
    "/orders",
    "/orders",
    "/trades",
    "/trades",
    "/trades"
  ],
  "endpoint_failures": [],
  "rows_written": {
    "markets": 2,
    "best_line": 47,
    "orderbook": 77,
    "trades": 46,
    "roster_events": 0
  },
  "rows_deduped": {
    "markets": 41,
    "best_line": 39,
    "orderbook": 96,
    "trades": 0,
    "roster_events": 0
  },
  "raw_counts": {
    "markets": 43,
    "orderbook": 173,
    "best_line": 86,
    "trades": 46
  },
  "finished_ts": "2026-08-18T08:40:08.673031+00:00"
}
{
  "cycle_id": "63abdd65-1d0e-41ab-90d4-140d6eb30846",
  "started_ts": "2026-08-18T08:45:02.596143+00:00",
  "league_id": 1384,
  "endpoints_attempted": [
    "/markets/active",
    "/orders",
    "/orders",
    "/orders",
    "/trades",
    "/trades",
    "/trades"
  ],
  "endpoint_failures": [],
  "rows_written": {
    "markets": 0,
    "best_line": 37,
    "orderbook": 61,
    "trades": 46,
    "roster_events": 0
  },
  "rows_deduped": {
    "markets": 43,
    "best_line": 49,
    "orderbook": 117,
    "trades": 0,
    "roster_events": 0
  },
  "raw_counts": {
    "markets": 43,
    "orderbook": 178,
    "best_line": 86,
    "trades": 46
  },
  "finished_ts": "2026-08-18T08:45:08.946682+00:00"
}
{
  "cycle_id": "300c4da7-1c63-4778-9eb0-42e973b38c16",
  "started_ts": "2026-08-18T08:50:02.328842+00:00",
  "league_id": 1384,
  "endpoints_attempted": [
    "/markets/active",
    "/orders",
    "/orders",
    "/orders",
    "/trades",
    "/trades",
    "/trades"
  ],
  "endpoint_failures": [],
  "rows_written": {
    "markets": 2,
    "best_line": 59,
    "orderbook": 128,
    "trades": 44,
    "roster_events": 1
  },
  "rows_deduped": {
    "markets": 40,
    "best_line": 25,
    "orderbook": 59,
    "trades": 0,
    "roster_events": 0
  },
  "raw_counts": {
    "markets": 42,
    "orderbook": 187,
    "best_line": 84,
    "trades": 44
  },
  "finished_ts": "2026-08-18T08:50:08.682191+00:00"
}
{
  "cycle_id": "ad9f3a8f-c482-416b-b5fa-20530b8919e7",
  "started_ts": "2026-08-18T08:55:02.368313+00:00",
  "league_id": 1384,
  "endpoints_attempted": [
    "/markets/active",
    "/orders",
    "/orders",
    "/orders",
    "/trades",
    "/trades",
    "/trades"
  ],
  "endpoint_failures": [],
  "rows_written": {
    "markets": 1,
    "best_line": 51,
    "orderbook": 77,
    "trades": 44,
    "roster_events": 0
  },
  "rows_deduped": {
    "markets": 42,
    "best_line": 35,
    "orderbook": 121,
    "trades": 0,
    "roster_events": 0
  },
  "raw_counts": {
    "markets": 43,
    "orderbook": 198,
    "best_line": 86,
    "trades": 44
  },
  "finished_ts": "2026-08-18T08:55:08.734883+00:00"
}
{
  "cycle_id": "775af39c-b3be-43a4-abf1-ac617d616d1b",
  "started_ts": "2026-08-18T09:00:02.666856+00:00",
  "league_id": 1384,
  "endpoints_attempted": [
    "/markets/active",
    "/orders",
    "/orders",
    "/orders",
    "/trades",
    "/trades",
    "/trades"
  ],
  "endpoint_failures": [],
  "rows_written": {
    "markets": 0,
    "best_line": 64,
    "orderbook": 102,
    "trades": 46,
    "roster_events": 0
  },
  "rows_deduped": {
    "markets": 43,
    "best_line": 22,
    "orderbook": 78,
    "trades": 0,
    "roster_events": 0
  },
  "raw_counts": {
    "markets": 43,
    "orderbook": 180,
    "best_line": 86,
    "trades": 46
  },
  "finished_ts": "2026-08-18T09:00:09.060078+00:00"
}
{
  "cycle_id": "2882386b-1716-49a4-973e-193d2612eafe",
  "started_ts": "2026-08-18T09:05:02.334418+00:00",
  "league_id": 1384,
  "endpoints_attempted": [
    "/markets/active",
    "/orders",
    "/orders",
    "/orders",
    "/trades",
    "/trades",
    "/trades"
  ],
  "endpoint_failures": [],
  "rows_written": {
    "markets": 0,
    "best_line": 34,
    "orderbook": 37,
    "trades": 48,
    "roster_events": 0
  },
  "rows_deduped": {
    "markets": 43,
    "best_line": 52,
    "orderbook": 143,
    "trades": 0,
    "roster_events": 0
  },
  "raw_counts": {
    "markets": 43,
    "orderbook": 180,
    "best_line": 86,
    "trades": 48
  },
  "finished_ts": "2026-08-18T09:05:08.706643+00:00"
}
{
  "cycle_id": "2a24e1bb-c071-478a-b90a-54e02a5ca6ec",
  "started_ts": "2026-08-18T09:10:02.344765+00:00",
  "league_id": 1384,
  "endpoints_attempted": [
    "/markets/active",
    "/orders",
    "/orders",
    "/orders",
    "/trades",
    "/trades",
    "/trades"
  ],
  "endpoint_failures": [],
  "rows_written": {
    "markets": 0,
    "best_line": 53,
    "orderbook": 77,
    "trades": 48,
    "roster_events": 0
  },
  "rows_deduped": {
    "markets": 43,
    "best_line": 33,
    "orderbook": 106,
    "trades": 0,
    "roster_events": 0
  },
  "raw_counts": {
    "markets": 43,
    "orderbook": 183,
    "best_line": 86,
    "trades": 48
  },
  "finished_ts": "2026-08-18T09:10:08.721133+00:00"
}
{
  "cycle_id": "f013df6b-d531-41dd-9c4b-b9f19c41d1cd",
  "started_ts": "2026-08-18T09:15:02.660821+00:00",
  "league_id": 1384,
  "endpoints_attempted": [
    "/markets/active",
    "/orders",
    "/orders",
    "/orders",
    "/trades",
    "/trades",
    "/trades"
  ],
  "endpoint_failures": [],
  "rows_written": {
    "markets": 1,
    "best_line": 55,
    "orderbook": 89,
    "trades": 56,
    "roster_events": 0
  },
  "rows_deduped": {
    "markets": 43,
    "best_line": 33,
    "orderbook": 97,
    "trades": 0,
    "roster_events": 0
  },
  "raw_counts": {
    "markets": 44,
    "orderbook": 186,
    "best_line": 88,
    "trades": 56
  },
  "finished_ts": "2026-08-18T09:15:09.024213+00:00"
}
{
  "cycle_id": "d6006e32-346a-40d2-b6d1-388296a2f47d",
  "started_ts": "2026-08-18T09:20:02.355409+00:00",
  "league_id": 1384,
  "endpoints_attempted": [
    "/markets/active",
    "/orders",
    "/orders",
    "/orders",
    "/trades",
    "/trades",
    "/trades"
  ],
  "endpoint_failures": [],
  "rows_written": {
    "markets": 2,
    "best_line": 47,
    "orderbook": 67,
    "trades": 56,
    "roster_events": 0
  },
  "rows_deduped": {
    "markets": 43,
    "best_line": 43,
    "orderbook": 124,
    "trades": 0,
    "roster_events": 0
  },
  "raw_counts": {
    "markets": 45,
    "orderbook": 191,
    "best_line": 90,
    "trades": 56
  },
  "finished_ts": "2026-08-18T09:20:08.735272+00:00"
}
{
  "cycle_id": "566505ee-dbb7-4879-b447-0e59c53ce71b",
  "started_ts": "2026-08-18T09:25:02.339179+00:00",
  "league_id": 1384,
  "endpoints_attempted": [
    "/markets/active",
    "/orders",
    "/orders",
    "/orders",
    "/trades",
    "/trades",
    "/trades"
  ],
  "endpoint_failures": [],
  "rows_written": {
    "markets": 2,
    "best_line": 26,
    "orderbook": 33,
    "trades": 58,
    "roster_events": 0
  },
  "rows_deduped": {
    "markets": 43,
    "best_line": 64,
    "orderbook": 160,
    "trades": 0,
    "roster_events": 0
  },
  "raw_counts": {
    "markets": 45,
    "orderbook": 193,
    "best_line": 90,
    "trades": 58
  },
  "finished_ts": "2026-08-18T09:25:08.710839+00:00"
}
{
  "cycle_id": "f92d0327-c4b8-4337-9252-41429de1f60e",
  "started_ts": "2026-08-18T09:30:02.579561+00:00",
  "league_id": 1384,
  "endpoints_attempted": [
    "/markets/active",
    "/orders",
    "/orders",
    "/orders",
    "/trades",
    "/trades",
    "/trades"
  ],
  "endpoint_failures": [],
  "rows_written": {
    "markets": 0,
    "best_line": 16,
    "orderbook": 30,
    "trades": 60,
    "roster_events": 0
  },
  "rows_deduped": {
    "markets": 45,
    "best_line": 74,
    "orderbook": 163,
    "trades": 0,
    "roster_events": 0
  },
  "raw_counts": {
    "markets": 45,
    "orderbook": 193,
    "best_line": 90,
    "trades": 60
  },
  "finished_ts": "2026-08-18T09:30:08.960344+00:00"
}
{
  "cycle_id": "626bde22-f261-4447-a42f-577371a42ad4",
  "started_ts": "2026-08-18T09:35:02.350230+00:00",
  "league_id": 1384,
  "endpoints_attempted": [
    "/markets/active",
    "/orders",
    "/orders",
    "/orders",
    "/trades",
    "/trades",
    "/trades"
  ],
  "endpoint_failures": [],
  "rows_written": {
    "markets": 2,
    "best_line": 25,
    "orderbook": 29,
    "trades": 62,
    "roster_events": 0
  },
  "rows_deduped": {
    "markets": 43,
    "best_line": 65,
    "orderbook": 170,
    "trades": 0,
    "roster_events": 0
  },
  "raw_counts": {
    "markets": 45,
    "orderbook": 199,
    "best_line": 90,
    "trades": 62
  },
  "finished_ts": "2026-08-18T09:35:08.700979+00:00"
}
{
  "cycle_id": "e873c15e-5e6a-4941-a9e3-d21e902b8e87",
  "started_ts": "2026-08-18T09:40:02.334122+00:00",
  "league_id": 1384,
  "endpoints_attempted": [
    "/markets/active",
    "/orders",
    "/orders",
    "/orders",
    "/trades",
    "/trades",
    "/trades"
  ],
  "endpoint_failures": [],
  "rows_written": {
    "markets": 0,
    "best_line": 52,
    "orderbook": 69,
    "trades": 62,
    "roster_events": 0
  },
  "rows_deduped": {
    "markets": 45,
    "best_line": 38,
    "orderbook": 108,
    "trades": 0,
    "roster_events": 0
  },
  "raw_counts": {
    "markets": 45,
    "orderbook": 177,
    "best_line": 90,
    "trades": 62
  },
  "finished_ts": "2026-08-18T09:40:08.760178+00:00"
}
{
  "cycle_id": "2727607c-c480-42e2-bdc7-fc3c9b2fab41",
  "started_ts": "2026-08-18T09:45:03.285810+00:00",
  "league_id": 1384,
  "endpoints_attempted": [
    "/markets/active",
    "/orders",
    "/orders",
    "/orders",
    "/trades",
    "/trades",
    "/trades"
  ],
  "endpoint_failures": [],
  "rows_written": {
    "markets": 0,
    "best_line": 39,
    "orderbook": 56,
    "trades": 62,
    "roster_events": 0
  },
  "rows_deduped": {
    "markets": 45,
    "best_line": 51,
    "orderbook": 140,
    "trades": 0,
    "roster_events": 0
  },
  "raw_counts": {
    "markets": 45,
    "orderbook": 196,
    "best_line": 90,
    "trades": 62
  },
  "finished_ts": "2026-08-18T09:45:09.662574+00:00"
}
{
  "cycle_id": "8db201c5-d360-4649-90a4-258f5c907427",
  "started_ts": "2026-08-18T09:50:02.330407+00:00",
  "league_id": 1384,
  "endpoints_attempted": [
    "/markets/active",
    "/orders",
    "/orders",
    "/orders",
    "/trades",
    "/trades",
    "/trades"
  ],
  "endpoint_failures": [],
  "rows_written": {
    "markets": 0,
    "best_line": 54,
    "orderbook": 69,
    "trades": 64,
    "roster_events": 0
  },
  "rows_deduped": {
    "markets": 45,
    "best_line": 36,
    "orderbook": 136,
    "trades": 0,
    "roster_events": 0
  },
  "raw_counts": {
    "markets": 45,
    "orderbook": 205,
    "best_line": 90,
    "trades": 64
  },
  "finished_ts": "2026-08-18T09:50:08.703847+00:00"
}
{
  "cycle_id": "76fabeab-4a35-4406-b703-ea93d833d830",
  "started_ts": "2026-08-18T09:55:02.406988+00:00",
  "league_id": 1384,
  "endpoints_attempted": [
    "/markets/active",
    "/orders",
    "/orders",
    "/orders",
    "/trades",
    "/trades",
    "/trades"
  ],
  "endpoint_failures": [],
  "rows_written": {
    "markets": 0,
    "best_line": 47,
    "orderbook": 53,
    "trades": 72,
    "roster_events": 0
  },
  "rows_deduped": {
    "markets": 45,
    "best_line": 43,
    "orderbook": 134,
    "trades": 0,
    "roster_events": 0
  },
  "raw_counts": {
    "markets": 45,
    "orderbook": 187,
    "best_line": 90,
    "trades": 72
  },
  "finished_ts": "2026-08-18T09:55:08.761851+00:00"
}
{
  "cycle_id": "1d03681b-f059-4aa7-b9b6-4f94f5ad4a31",
  "started_ts": "2026-08-18T10:00:02.623018+00:00",
  "league_id": 1384,
  "endpoints_attempted": [
    "/markets/active",
    "/orders",
    "/orders",
    "/orders",
    "/trades",
    "/trades",
    "/trades"
  ],
  "endpoint_failures": [],
  "rows_written": {
    "markets": 0,
    "best_line": 59,
    "orderbook": 81,
    "trades": 80,
    "roster_events": 0
  },
  "rows_deduped": {
    "markets": 45,
    "best_line": 31,
    "orderbook": 123,
    "trades": 0,
    "roster_events": 0
  },
  "raw_counts": {
    "markets": 45,
    "orderbook": 204,
    "best_line": 90,
    "trades": 80
  },
  "finished_ts": "2026-08-18T10:00:08.980015+00:00"
}
{
  "cycle_id": "e958ec88-35ef-4c7e-8720-ec35d1e8fb76",
  "started_ts": "2026-08-18T10:05:02.370535+00:00",
  "league_id": 1384,
  "endpoints_attempted": [
    "/markets/active",
    "/orders",
    "/orders",
    "/orders",
    "/trades",
    "/trades",
    "/trades"
  ],
  "endpoint_failures": [],
  "rows_written": {
    "markets": 0,
    "best_line": 44,
    "orderbook": 49,
    "trades": 80,
    "roster_events": 0
  },
  "rows_deduped": {
    "markets": 45,
    "best_line": 46,
    "orderbook": 155,
    "trades": 0,
    "roster_events": 0
  },
  "raw_counts": {
    "markets": 45,
    "orderbook": 204,
    "best_line": 90,
    "trades": 80
  },
  "finished_ts": "2026-08-18T10:05:08.747248+00:00"
}
{
  "cycle_id": "58bfef5e-2522-4517-938d-df30ba198f29",
  "started_ts": "2026-08-18T10:10:02.324887+00:00",
  "league_id": 1384,
  "endpoints_attempted": [
    "/markets/active",
    "/orders",
    "/orders",
    "/orders",
    "/trades",
    "/trades",
    "/trades"
  ],
  "endpoint_failures": [],
  "rows_written": {
    "markets": 2,
    "best_line": 48,
    "orderbook": 64,
    "trades": 80,
    "roster_events": 0
  },
  "rows_deduped": {
    "markets": 44,
    "best_line": 44,
    "orderbook": 147,
    "trades": 0,
    "roster_events": 0
  },
  "raw_counts": {
    "markets": 46,
    "orderbook": 211,
    "best_line": 92,
    "trades": 80
  },
  "finished_ts": "2026-08-18T10:10:08.681676+00:00"
}
{
  "cycle_id": "2ec9de3f-835f-463d-afb0-31637f41bb06",
  "started_ts": "2026-08-18T10:15:02.716055+00:00",
  "league_id": 1384,
  "endpoints_attempted": [
    "/markets/active",
    "/orders",
    "/orders",
    "/orders",
    "/trades",
    "/trades",
    "/trades"
  ],
  "endpoint_failures": [],
  "rows_written": {
    "markets": 2,
    "best_line": 11,
    "orderbook": 20,
    "trades": 80,
    "roster_events": 0
  },
  "rows_deduped": {
    "markets": 44,
    "best_line": 81,
    "orderbook": 194,
    "trades": 0,
    "roster_events": 0
  },
  "raw_counts": {
    "markets": 46,
    "orderbook": 214,
    "best_line": 92,
    "trades": 80
  },
  "finished_ts": "2026-08-18T10:15:09.096418+00:00"
}
{
  "cycle_id": "a5216b78-4fc4-4c42-9fe1-214ac16e6195",
  "started_ts": "2026-08-18T10:20:02.336595+00:00",
  "league_id": 1384,
  "endpoints_attempted": [
    "/markets/active",
    "/orders",
    "/orders",
    "/orders",
    "/trades",
    "/trades",
    "/trades"
  ],
  "endpoint_failures": [],
  "rows_written": {
    "markets": 2,
    "best_line": 10,
    "orderbook": 28,
    "trades": 80,
    "roster_events": 0
  },
  "rows_deduped": {
    "markets": 45,
    "best_line": 84,
    "orderbook": 191,
    "trades": 0,
    "roster_events": 0
  },
  "raw_counts": {
    "markets": 47,
    "orderbook": 219,
    "best_line": 94,
    "trades": 80
  },
  "finished_ts": "2026-08-18T10:20:08.696429+00:00"
}
{
  "cycle_id": "7464e5fe-95a2-44ec-a6a9-beb485eef956",
  "started_ts": "2026-08-18T10:25:02.372517+00:00",
  "league_id": 1384,
  "endpoints_attempted": [
    "/markets/active",
    "/orders",
    "/orders",
    "/orders",
    "/trades",
    "/trades",
    "/trades"
  ],
  "endpoint_failures": [],
  "rows_written": {
    "markets": 0,
    "best_line": 47,
    "orderbook": 51,
    "trades": 80,
    "roster_events": 0
  },
  "rows_deduped": {
    "markets": 47,
    "best_line": 47,
    "orderbook": 157,
    "trades": 0,
    "roster_events": 0
  },
  "raw_counts": {
    "markets": 47,
    "orderbook": 208,
    "best_line": 94,
    "trades": 80
  },
  "finished_ts": "2026-08-18T10:25:08.747666+00:00"
}
{
  "cycle_id": "225d1bab-42ea-4398-903b-f8e8f51d45d6",
  "started_ts": "2026-08-18T10:30:02.599740+00:00",
  "league_id": 1384,
  "endpoints_attempted": [
    "/markets/active",
    "/orders",
    "/orders",
    "/orders",
    "/trades",
    "/trades",
    "/trades"
  ],
  "endpoint_failures": [],
  "rows_written": {
    "markets": 0,
    "best_line": 53,
    "orderbook": 73,
    "trades": 80,
    "roster_events": 0
  },
  "rows_deduped": {
    "markets": 47,
    "best_line": 41,
    "orderbook": 127,
    "trades": 0,
    "roster_events": 0
  },
  "raw_counts": {
    "markets": 47,
    "orderbook": 200,
    "best_line": 94,
    "trades": 80
  },
  "finished_ts": "2026-08-18T10:30:08.960226+00:00"
}
{
  "cycle_id": "4f1524cb-73f7-4b9d-aee7-5749b4b4157d",
  "started_ts": "2026-08-18T10:35:02.354340+00:00",
  "league_id": 1384,
  "endpoints_attempted": [
    "/markets/active",
    "/orders",
    "/orders",
    "/orders",
    "/trades",
    "/trades",
    "/trades"
  ],
  "endpoint_failures": [],
  "rows_written": {
    "markets": 0,
    "best_line": 25,
    "orderbook": 27,
    "trades": 80,
    "roster_events": 0
  },
  "rows_deduped": {
    "markets": 47,
    "best_line": 69,
    "orderbook": 175,
    "trades": 0,
    "roster_events": 0
  },
  "raw_counts": {
    "markets": 47,
    "orderbook": 202,
    "best_line": 94,
    "trades": 80
  },
  "finished_ts": "2026-08-18T10:35:08.707352+00:00"
}
{
  "cycle_id": "a92292a3-aae2-4d09-b86b-1885d6d3099b",
  "started_ts": "2026-08-18T10:40:02.338865+00:00",
  "league_id": 1384,
  "endpoints_attempted": [
    "/markets/active",
    "/orders",
    "/orders",
    "/orders",
    "/trades",
    "/trades",
    "/trades"
  ],
  "endpoint_failures": [],
  "rows_written": {
    "markets": 5,
    "best_line": 35,
    "orderbook": 56,
    "trades": 80,
    "roster_events": 0
  },
  "rows_deduped": {
    "markets": 42,
    "best_line": 59,
    "orderbook": 148,
    "trades": 0,
    "roster_events": 0
  },
  "raw_counts": {
    "markets": 47,
    "orderbook": 204,
    "best_line": 94,
    "trades": 80
  },
  "finished_ts": "2026-08-18T10:40:08.696102+00:00"
}
{
  "cycle_id": "0a1d9ae8-ec16-46dd-8e54-f2492b6b1f1a",
  "started_ts": "2026-08-18T10:45:02.571308+00:00",
  "league_id": 1384,
  "endpoints_attempted": [
    "/markets/active",
    "/orders",
    "/orders",
    "/orders",
    "/trades",
    "/trades",
    "/trades"
  ],
  "endpoint_failures": [],
  "rows_written": {
    "markets": 0,
    "best_line": 55,
    "orderbook": 96,
    "trades": 102,
    "roster_events": 0
  },
  "rows_deduped": {
    "markets": 47,
    "best_line": 39,
    "orderbook": 99,
    "trades": 0,
    "roster_events": 0
  },
  "raw_counts": {
    "markets": 47,
    "orderbook": 195,
    "best_line": 94,
    "trades": 102
  },
  "finished_ts": "2026-08-18T10:45:08.936039+00:00"
}
{
  "cycle_id": "9c0419cc-e817-4a8e-997f-6eb4ecfc6199",
  "started_ts": "2026-08-18T10:50:02.310323+00:00",
  "league_id": 1384,
  "endpoints_attempted": [
    "/markets/active",
    "/orders",
    "/orders",
    "/orders",
    "/trades",
    "/trades",
    "/trades"
  ],
  "endpoint_failures": [],
  "rows_written": {
    "markets": 0,
    "best_line": 50,
    "orderbook": 86,
    "trades": 112,
    "roster_events": 0
  },
  "rows_deduped": {
    "markets": 47,
    "best_line": 44,
    "orderbook": 119,
    "trades": 0,
    "roster_events": 0
  },
  "raw_counts": {
    "markets": 47,
    "orderbook": 205,
    "best_line": 94,
    "trades": 112
  },
  "finished_ts": "2026-08-18T10:50:08.678413+00:00"
}
{
  "cycle_id": "881ed458-5835-4999-befc-544cbbc8e03a",
  "started_ts": "2026-08-18T10:55:02.342404+00:00",
  "league_id": 1384,
  "endpoints_attempted": [
    "/markets/active",
    "/orders",
    "/orders",
    "/orders",
    "/trades",
    "/trades",
    "/trades"
  ],
  "endpoint_failures": [],
  "rows_written": {
    "markets": 0,
    "best_line": 36,
    "orderbook": 48,
    "trades": 112,
    "roster_events": 0
  },
  "rows_deduped": {
    "markets": 47,
    "best_line": 58,
    "orderbook": 156,
    "trades": 0,
    "roster_events": 0
  },
  "raw_counts": {
    "markets": 47,
    "orderbook": 204,
    "best_line": 94,
    "trades": 112
  },
  "finished_ts": "2026-08-18T10:55:08.723276+00:00"
}
{
  "cycle_id": "9266afba-1398-4b7e-9bd8-2712225d0d41",
  "started_ts": "2026-08-18T11:00:02.607356+00:00",
  "league_id": 1384,
  "endpoints_attempted": [
    "/markets/active",
    "/orders",
    "/orders",
    "/orders",
    "/trades",
    "/trades",
    "/trades"
  ],
  "endpoint_failures": [],
  "rows_written": {
    "markets": 0,
    "best_line": 43,
    "orderbook": 70,
    "trades": 112,
    "roster_events": 0
  },
  "rows_deduped": {
    "markets": 47,
    "best_line": 51,
    "orderbook": 138,
    "trades": 0,
    "roster_events": 0
  },
  "raw_counts": {
    "markets": 47,
    "orderbook": 208,
    "best_line": 94,
    "trades": 112
  },
  "finished_ts": "2026-08-18T11:00:08.964036+00:00"
}
{
  "cycle_id": "c73f6469-10ce-4200-a600-b42695380046",
  "started_ts": "2026-08-18T11:05:02.346275+00:00",
  "league_id": 1384,
  "endpoints_attempted": [
    "/markets/active",
    "/orders",
    "/orders",
    "/orders",
    "/trades",
    "/trades",
    "/trades"
  ],
  "endpoint_failures": [],
  "rows_written": {
    "markets": 4,
    "best_line": 25,
    "orderbook": 37,
    "trades": 114,
    "roster_events": 0
  },
  "rows_deduped": {
    "markets": 44,
    "best_line": 71,
    "orderbook": 175,
    "trades": 0,
    "roster_events": 0
  },
  "raw_counts": {
    "markets": 48,
    "orderbook": 212,
    "best_line": 96,
    "trades": 114
  },
  "finished_ts": "2026-08-18T11:05:08.714587+00:00"
}
{
  "cycle_id": "8e737902-b3c7-45b6-a3af-4609b08b93cb",
  "started_ts": "2026-08-18T11:10:02.345042+00:00",
  "league_id": 1384,
  "endpoints_attempted": [
    "/markets/active",
    "/orders",
    "/orders",
    "/orders",
    "/trades",
    "/trades",
    "/trades"
  ],
  "endpoint_failures": [],
  "rows_written": {
    "markets": 0,
    "best_line": 47,
    "orderbook": 74,
    "trades": 114,
    "roster_events": 0
  },
  "rows_deduped": {
    "markets": 48,
    "best_line": 49,
    "orderbook": 148,
    "trades": 0,
    "roster_events": 0
  },
  "raw_counts": {
    "markets": 48,
    "orderbook": 222,
    "best_line": 96,
    "trades": 114
  },
  "finished_ts": "2026-08-18T11:10:08.705638+00:00"
}
{
  "cycle_id": "1ce0c8da-a23d-43e6-aa75-3d01e125cb7e",
  "started_ts": "2026-08-18T11:15:02.569949+00:00",
  "league_id": 1384,
  "endpoints_attempted": [
    "/markets/active",
    "/orders",
    "/orders",
    "/orders",
    "/trades",
    "/trades",
    "/trades"
  ],
  "endpoint_failures": [],
  "rows_written": {
    "markets": 0,
    "best_line": 57,
    "orderbook": 52,
    "trades": 114,
    "roster_events": 0
  },
  "rows_deduped": {
    "markets": 48,
    "best_line": 39,
    "orderbook": 157,
    "trades": 0,
    "roster_events": 0
  },
  "raw_counts": {
    "markets": 48,
    "orderbook": 209,
    "best_line": 96,
    "trades": 114
  },
  "finished_ts": "2026-08-18T11:15:08.992501+00:00"
}
{
  "cycle_id": "7f1431aa-1656-464e-9b6f-fc38ac34446e",
  "started_ts": "2026-08-18T11:20:02.371617+00:00",
  "league_id": 1384,
  "endpoints_attempted": [
    "/markets/active",
    "/orders",
    "/orders",
    "/orders",
    "/trades",
    "/trades",
    "/trades"
  ],
  "endpoint_failures": [],
  "rows_written": {
    "markets": 2,
    "best_line": 44,
    "orderbook": 59,
    "trades": 114,
    "roster_events": 0
  },
  "rows_deduped": {
    "markets": 47,
    "best_line": 54,
    "orderbook": 162,
    "trades": 0,
    "roster_events": 0
  },
  "raw_counts": {
    "markets": 49,
    "orderbook": 221,
    "best_line": 98,
    "trades": 114
  },
  "finished_ts": "2026-08-18T11:20:08.730342+00:00"
}
{
  "cycle_id": "2dd6ef26-c3d4-41b3-8b49-05f54d3aef9b",
  "started_ts": "2026-08-18T11:25:02.435251+00:00",
  "league_id": 1384,
  "endpoints_attempted": [
    "/markets/active"
  ],
  "endpoint_failures": [
    {
      "endpoint": "/markets/active",
      "error": "ConnectionError: HTTPSConnectionPool(host='api.sx.bet', port=443): Max retries exceeded with url: /markets/active?leagueId=1384 (Caused by NameResolutionError(\"HTTPSConnection(host='api.sx.bet', port=443): Failed to resolve 'api.sx.bet' ([Errno 11001] getaddrinfo failed)\"))"
    }
  ],
  "rows_written": {
    "markets": 0,
    "best_line": 0,
    "orderbook": 0,
    "trades": 0,
    "roster_events": 0
  },
  "rows_deduped": {
    "markets": 0,
    "best_line": 0,
    "orderbook": 0,
    "trades": 0,
    "roster_events": 0
  },
  "raw_counts": {
    "markets": 0,
    "orderbook": 0,
    "best_line": 0,
    "trades": 0
  },
  "finished_ts": "2026-08-18T11:25:02.442224+00:00"
}
{
  "cycle_id": "e83f617f-7c8f-4d70-b82b-1177000b4553",
  "started_ts": "2026-08-18T11:30:02.530163+00:00",
  "league_id": 1384,
  "endpoints_attempted": [
    "/markets/active"
  ],
  "endpoint_failures": [
    {
      "endpoint": "/markets/active",
      "error": "ConnectionError: HTTPSConnectionPool(host='api.sx.bet', port=443): Max retries exceeded with url: /markets/active?leagueId=1384 (Caused by NameResolutionError(\"HTTPSConnection(host='api.sx.bet', port=443): Failed to resolve 'api.sx.bet' ([Errno 11001] getaddrinfo failed)\"))"
    }
  ],
  "rows_written": {
    "markets": 0,
    "best_line": 0,
    "orderbook": 0,
    "trades": 0,
    "roster_events": 0
  },
  "rows_deduped": {
    "markets": 0,
    "best_line": 0,
    "orderbook": 0,
    "trades": 0,
    "roster_events": 0
  },
  "raw_counts": {
    "markets": 0,
    "orderbook": 0,
    "best_line": 0,
    "trades": 0
  },
  "finished_ts": "2026-08-18T11:30:02.535722+00:00"
}
{
  "cycle_id": "443918d5-0c07-4164-8d2f-7907af4365d1",
  "started_ts": "2026-08-18T11:35:02.368307+00:00",
  "league_id": 1384,
  "endpoints_attempted": [
    "/markets/active"
  ],
  "endpoint_failures": [
    {
      "endpoint": "/markets/active",
      "error": "ConnectionError: HTTPSConnectionPool(host='api.sx.bet', port=443): Max retries exceeded with url: /markets/active?leagueId=1384 (Caused by NameResolutionError(\"HTTPSConnection(host='api.sx.bet', port=443): Failed to resolve 'api.sx.bet' ([Errno 11001] getaddrinfo failed)\"))"
    }
  ],
  "rows_written": {
    "markets": 0,
    "best_line": 0,
    "orderbook": 0,
    "trades": 0,
    "roster_events": 0
  },
  "rows_deduped": {
    "markets": 0,
    "best_line": 0,
    "orderbook": 0,
    "trades": 0,
    "roster_events": 0
  },
  "raw_counts": {
    "markets": 0,
    "orderbook": 0,
    "best_line": 0,
    "trades": 0
  },
  "finished_ts": "2026-08-18T11:35:02.374619+00:00"
}
{
  "cycle_id": "9fa1aad7-0d9d-4922-8b35-cdc5c3ce2885",
  "started_ts": "2026-08-18T11:40:02.345245+00:00",
  "league_id": 1384,
  "endpoints_attempted": [
    "/markets/active"
  ],
  "endpoint_failures": [
    {
      "endpoint": "/markets/active",
      "error": "ConnectionError: HTTPSConnectionPool(host='api.sx.bet', port=443): Max retries exceeded with url: /markets/active?leagueId=1384 (Caused by NameResolutionError(\"HTTPSConnection(host='api.sx.bet', port=443): Failed to resolve 'api.sx.bet' ([Errno 11001] getaddrinfo failed)\"))"
    }
  ],
  "rows_written": {
    "markets": 0,
    "best_line": 0,
    "orderbook": 0,
    "trades": 0,
    "roster_events": 0
  },
  "rows_deduped": {
    "markets": 0,
    "best_line": 0,
    "orderbook": 0,
    "trades": 0,
    "roster_events": 0
  },
  "raw_counts": {
    "markets": 0,
    "orderbook": 0,
    "best_line": 0,
    "trades": 0
  },
  "finished_ts": "2026-08-18T11:40:02.351148+00:00"
}
{
  "cycle_id": "2d96dd49-dd17-414f-bb5e-df5ae5430390",
  "started_ts": "2026-08-18T11:45:02.547255+00:00",
  "league_id": 1384,
  "endpoints_attempted": [
    "/markets/active"
  ],
  "endpoint_failures": [
    {
      "endpoint": "/markets/active",
      "error": "ConnectionError: HTTPSConnectionPool(host='api.sx.bet', port=443): Max retries exceeded with url: /markets/active?leagueId=1384 (Caused by NameResolutionError(\"HTTPSConnection(host='api.sx.bet', port=443): Failed to resolve 'api.sx.bet' ([Errno 11001] getaddrinfo failed)\"))"
    }
  ],
  "rows_written": {
    "markets": 0,
    "best_line": 0,
    "orderbook": 0,
    "trades": 0,
    "roster_events": 0
  },
  "rows_deduped": {
    "markets": 0,
    "best_line": 0,
    "orderbook": 0,
    "trades": 0,
    "roster_events": 0
  },
  "raw_counts": {
    "markets": 0,
    "orderbook": 0,
    "best_line": 0,
    "trades": 0
  },
  "finished_ts": "2026-08-18T11:45:02.553109+00:00"
}
{
  "cycle_id": "25156f1d-2b32-4d3b-be15-481a0c9f8e67",
  "started_ts": "2026-08-18T11:50:02.334467+00:00",
  "league_id": 1384,
  "endpoints_attempted": [
    "/markets/active"
  ],
  "endpoint_failures": [
    {
      "endpoint": "/markets/active",
      "error": "ConnectionError: HTTPSConnectionPool(host='api.sx.bet', port=443): Max retries exceeded with url: /markets/active?leagueId=1384 (Caused by NameResolutionError(\"HTTPSConnection(host='api.sx.bet', port=443): Failed to resolve 'api.sx.bet' ([Errno 11001] getaddrinfo failed)\"))"
    }
  ],
  "rows_written": {
    "markets": 0,
    "best_line": 0,
    "orderbook": 0,
    "trades": 0,
    "roster_events": 0
  },
  "rows_deduped": {
    "markets": 0,
    "best_line": 0,
    "orderbook": 0,
    "trades": 0,
    "roster_events": 0
  },
  "raw_counts": {
    "markets": 0,
    "orderbook": 0,
    "best_line": 0,
    "trades": 0
  },
  "finished_ts": "2026-08-18T11:50:02.340321+00:00"
}
{
  "cycle_id": "ff739d31-4c1b-4073-b9a1-651c5e33f41e",
  "started_ts": "2026-08-18T11:55:02.337465+00:00",
  "league_id": 1384,
  "endpoints_attempted": [
    "/markets/active"
  ],
  "endpoint_failures": [
    {
      "endpoint": "/markets/active",
      "error": "ConnectionError: HTTPSConnectionPool(host='api.sx.bet', port=443): Max retries exceeded with url: /markets/active?leagueId=1384 (Caused by NameResolutionError(\"HTTPSConnection(host='api.sx.bet', port=443): Failed to resolve 'api.sx.bet' ([Errno 11001] getaddrinfo failed)\"))"
    }
  ],
  "rows_written": {
    "markets": 0,
    "best_line": 0,
    "orderbook": 0,
    "trades": 0,
    "roster_events": 0
  },
  "rows_deduped": {
    "markets": 0,
    "best_line": 0,
    "orderbook": 0,
    "trades": 0,
    "roster_events": 0
  },
  "raw_counts": {
    "markets": 0,
    "orderbook": 0,
    "best_line": 0,
    "trades": 0
  },
  "finished_ts": "2026-08-18T11:55:02.343235+00:00"
}
{
  "cycle_id": "8a0e3d0f-a5cc-49fd-806d-7580fbe0cf68",
  "started_ts": "2026-08-18T12:00:02.693870+00:00",
  "league_id": 1384,
  "endpoints_attempted": [
    "/markets/active"
  ],
  "endpoint_failures": [
    {
      "endpoint": "/markets/active",
      "error": "ConnectionError: HTTPSConnectionPool(host='api.sx.bet', port=443): Max retries exceeded with url: /markets/active?leagueId=1384 (Caused by NameResolutionError(\"HTTPSConnection(host='api.sx.bet', port=443): Failed to resolve 'api.sx.bet' ([Errno 11001] getaddrinfo failed)\"))"
    }
  ],
  "rows_written": {
    "markets": 0,
    "best_line": 0,
    "orderbook": 0,
    "trades": 0,
    "roster_events": 0
  },
  "rows_deduped": {
    "markets": 0,
    "best_line": 0,
    "orderbook": 0,
    "trades": 0,
    "roster_events": 0
  },
  "raw_counts": {
    "markets": 0,
    "orderbook": 0,
    "best_line": 0,
    "trades": 0
  },
  "finished_ts": "2026-08-18T12:00:02.700335+00:00"
}
{
  "cycle_id": "f827eac7-95c2-4a4a-b57e-0579fa84eb6a",
  "started_ts": "2026-08-18T12:05:02.358467+00:00",
  "league_id": 1384,
  "endpoints_attempted": [
    "/markets/active"
  ],
  "endpoint_failures": [
    {
      "endpoint": "/markets/active",
      "error": "ConnectionError: HTTPSConnectionPool(host='api.sx.bet', port=443): Max retries exceeded with url: /markets/active?leagueId=1384 (Caused by NameResolutionError(\"HTTPSConnection(host='api.sx.bet', port=443): Failed to resolve 'api.sx.bet' ([Errno 11001] getaddrinfo failed)\"))"
    }
  ],
  "rows_written": {
    "markets": 0,
    "best_line": 0,
    "orderbook": 0,
    "trades": 0,
    "roster_events": 0
  },
  "rows_deduped": {
    "markets": 0,
    "best_line": 0,
    "orderbook": 0,
    "trades": 0,
    "roster_events": 0
  },
  "raw_counts": {
    "markets": 0,
    "orderbook": 0,
    "best_line": 0,
    "trades": 0
  },
  "finished_ts": "2026-08-18T12:05:02.364369+00:00"
}
{
  "cycle_id": "a2616e6c-637f-4d40-aa2c-424bf727dbbf",
  "started_ts": "2026-08-18T12:10:02.378414+00:00",
  "league_id": 1384,
  "endpoints_attempted": [
    "/markets/active"
  ],
  "endpoint_failures": [
    {
      "endpoint": "/markets/active",
      "error": "ConnectionError: HTTPSConnectionPool(host='api.sx.bet', port=443): Max retries exceeded with url: /markets/active?leagueId=1384 (Caused by NameResolutionError(\"HTTPSConnection(host='api.sx.bet', port=443): Failed to resolve 'api.sx.bet' ([Errno 11001] getaddrinfo failed)\"))"
    }
  ],
  "rows_written": {
    "markets": 0,
    "best_line": 0,
    "orderbook": 0,
    "trades": 0,
    "roster_events": 0
  },
  "rows_deduped": {
    "markets": 0,
    "best_line": 0,
    "orderbook": 0,
    "trades": 0,
    "roster_events": 0
  },
  "raw_counts": {
    "markets": 0,
    "orderbook": 0,
    "best_line": 0,
    "trades": 0
  },
  "finished_ts": "2026-08-18T12:10:02.384854+00:00"
}
{
  "cycle_id": "e2b9df7d-dad7-4cfb-b38b-2c76f7a2e332",
  "started_ts": "2026-08-18T12:15:02.533298+00:00",
  "league_id": 1384,
  "endpoints_attempted": [
    "/markets/active"
  ],
  "endpoint_failures": [
    {
      "endpoint": "/markets/active",
      "error": "ConnectionError: HTTPSConnectionPool(host='api.sx.bet', port=443): Max retries exceeded with url: /markets/active?leagueId=1384 (Caused by NameResolutionError(\"HTTPSConnection(host='api.sx.bet', port=443): Failed to resolve 'api.sx.bet' ([Errno 11001] getaddrinfo failed)\"))"
    }
  ],
  "rows_written": {
    "markets": 0,
    "best_line": 0,
    "orderbook": 0,
    "trades": 0,
    "roster_events": 0
  },
  "rows_deduped": {
    "markets": 0,
    "best_line": 0,
    "orderbook": 0,
    "trades": 0,
    "roster_events": 0
  },
  "raw_counts": {
    "markets": 0,
    "orderbook": 0,
    "best_line": 0,
    "trades": 0
  },
  "finished_ts": "2026-08-18T12:15:02.539084+00:00"
}
{
  "cycle_id": "7e17b1b7-d4cd-4d03-98dd-f8da6aa7eae7",
  "started_ts": "2026-08-18T12:20:02.345350+00:00",
  "league_id": 1384,
  "endpoints_attempted": [
    "/markets/active"
  ],
  "endpoint_failures": [
    {
      "endpoint": "/markets/active",
      "error": "ConnectionError: HTTPSConnectionPool(host='api.sx.bet', port=443): Max retries exceeded with url: /markets/active?leagueId=1384 (Caused by NameResolutionError(\"HTTPSConnection(host='api.sx.bet', port=443): Failed to resolve 'api.sx.bet' ([Errno 11001] getaddrinfo failed)\"))"
    }
  ],
  "rows_written": {
    "markets": 0,
    "best_line": 0,
    "orderbook": 0,
    "trades": 0,
    "roster_events": 0
  },
  "rows_deduped": {
    "markets": 0,
    "best_line": 0,
    "orderbook": 0,
    "trades": 0,
    "roster_events": 0
  },
  "raw_counts": {
    "markets": 0,
    "orderbook": 0,
    "best_line": 0,
    "trades": 0
  },
  "finished_ts": "2026-08-18T12:20:02.351273+00:00"
}
{
  "cycle_id": "17ac1ec7-3a87-49a1-93f7-875bed72368b",
  "started_ts": "2026-08-18T12:25:02.355439+00:00",
  "league_id": 1384,
  "endpoints_attempted": [
    "/markets/active"
  ],
  "endpoint_failures": [
    {
      "endpoint": "/markets/active",
      "error": "ConnectionError: HTTPSConnectionPool(host='api.sx.bet', port=443): Max retries exceeded with url: /markets/active?leagueId=1384 (Caused by NameResolutionError(\"HTTPSConnection(host='api.sx.bet', port=443): Failed to resolve 'api.sx.bet' ([Errno 11001] getaddrinfo failed)\"))"
    }
  ],
  "rows_written": {
    "markets": 0,
    "best_line": 0,
    "orderbook": 0,
    "trades": 0,
    "roster_events": 0
  },
  "rows_deduped": {
    "markets": 0,
    "best_line": 0,
    "orderbook": 0,
    "trades": 0,
    "roster_events": 0
  },
  "raw_counts": {
    "markets": 0,
    "orderbook": 0,
    "best_line": 0,
    "trades": 0
  },
  "finished_ts": "2026-08-18T12:25:02.361631+00:00"
}
{
  "cycle_id": "57a7035d-9786-4e1e-9406-151907e5e297",
  "started_ts": "2026-08-18T12:30:02.705071+00:00",
  "league_id": 1384,
  "endpoints_attempted": [
    "/markets/active"
  ],
  "endpoint_failures": [
    {
      "endpoint": "/markets/active",
      "error": "ConnectionError: HTTPSConnectionPool(host='api.sx.bet', port=443): Max retries exceeded with url: /markets/active?leagueId=1384 (Caused by NameResolutionError(\"HTTPSConnection(host='api.sx.bet', port=443): Failed to resolve 'api.sx.bet' ([Errno 11001] getaddrinfo failed)\"))"
    }
  ],
  "rows_written": {
    "markets": 0,
    "best_line": 0,
    "orderbook": 0,
    "trades": 0,
    "roster_events": 0
  },
  "rows_deduped": {
    "markets": 0,
    "best_line": 0,
    "orderbook": 0,
    "trades": 0,
    "roster_events": 0
  },
  "raw_counts": {
    "markets": 0,
    "orderbook": 0,
    "best_line": 0,
    "trades": 0
  },
  "finished_ts": "2026-08-18T12:30:02.711602+00:00"
}
{
  "cycle_id": "cb9472fa-9133-41ba-a63d-6e18d2f50f0a",
  "started_ts": "2026-08-18T12:35:02.012498+00:00",
  "league_id": 1384,
  "endpoints_attempted": [
    "/markets/active"
  ],
  "endpoint_failures": [
    {
      "endpoint": "/markets/active",
      "error": "ConnectionError: HTTPSConnectionPool(host='api.sx.bet', port=443): Max retries exceeded with url: /markets/active?leagueId=1384 (Caused by NameResolutionError(\"HTTPSConnection(host='api.sx.bet', port=443): Failed to resolve 'api.sx.bet' ([Errno 11001] getaddrinfo failed)\"))"
    }
  ],
  "rows_written": {
    "markets": 0,
    "best_line": 0,
    "orderbook": 0,
    "trades": 0,
    "roster_events": 0
  },
  "rows_deduped": {
    "markets": 0,
    "best_line": 0,
    "orderbook": 0,
    "trades": 0,
    "roster_events": 0
  },
  "raw_counts": {
    "markets": 0,
    "orderbook": 0,
    "best_line": 0,
    "trades": 0
  },
  "finished_ts": "2026-08-18T12:35:02.018693+00:00"
}
{
  "cycle_id": "55c7bf71-8950-422f-8ce0-b1079d634b37",
  "started_ts": "2026-08-18T12:40:02.003112+00:00",
  "league_id": 1384,
  "endpoints_attempted": [
    "/markets/active"
  ],
  "endpoint_failures": [
    {
      "endpoint": "/markets/active",
      "error": "ConnectionError: HTTPSConnectionPool(host='api.sx.bet', port=443): Max retries exceeded with url: /markets/active?leagueId=1384 (Caused by NameResolutionError(\"HTTPSConnection(host='api.sx.bet', port=443): Failed to resolve 'api.sx.bet' ([Errno 11001] getaddrinfo failed)\"))"
    }
  ],
  "rows_written": {
    "markets": 0,
    "best_line": 0,
    "orderbook": 0,
    "trades": 0,
    "roster_events": 0
  },
  "rows_deduped": {
    "markets": 0,
    "best_line": 0,
    "orderbook": 0,
    "trades": 0,
    "roster_events": 0
  },
  "raw_counts": {
    "markets": 0,
    "orderbook": 0,
    "best_line": 0,
    "trades": 0
  },
  "finished_ts": "2026-08-18T12:40:02.009119+00:00"
}
{
  "cycle_id": "bb5b3426-7fa4-4210-9a39-7ecf29c7e9cf",
  "started_ts": "2026-08-18T12:45:02.127212+00:00",
  "league_id": 1384,
  "endpoints_attempted": [
    "/markets/active"
  ],
  "endpoint_failures": [
    {
      "endpoint": "/markets/active",
      "error": "ConnectionError: HTTPSConnectionPool(host='api.sx.bet', port=443): Max retries exceeded with url: /markets/active?leagueId=1384 (Caused by NameResolutionError(\"HTTPSConnection(host='api.sx.bet', port=443): Failed to resolve 'api.sx.bet' ([Errno 11001] getaddrinfo failed)\"))"
    }
  ],
  "rows_written": {
    "markets": 0,
    "best_line": 0,
    "orderbook": 0,
    "trades": 0,
    "roster_events": 0
  },
  "rows_deduped": {
    "markets": 0,
    "best_line": 0,
    "orderbook": 0,
    "trades": 0,
    "roster_events": 0
  },
  "raw_counts": {
    "markets": 0,
    "orderbook": 0,
    "best_line": 0,
    "trades": 0
  },
  "finished_ts": "2026-08-18T12:45:02.133202+00:00"
}
{
  "cycle_id": "0332061f-5be1-45f5-8c88-99818b0e8668",
  "started_ts": "2026-08-18T12:50:01.989893+00:00",
  "league_id": 1384,
  "endpoints_attempted": [
    "/markets/active"
  ],
  "endpoint_failures": [
    {
      "endpoint": "/markets/active",
      "error": "ConnectionError: HTTPSConnectionPool(host='api.sx.bet', port=443): Max retries exceeded with url: /markets/active?leagueId=1384 (Caused by NameResolutionError(\"HTTPSConnection(host='api.sx.bet', port=443): Failed to resolve 'api.sx.bet' ([Errno 11001] getaddrinfo failed)\"))"
    }
  ],
  "rows_written": {
    "markets": 0,
    "best_line": 0,
    "orderbook": 0,
    "trades": 0,
    "roster_events": 0
  },
  "rows_deduped": {
    "markets": 0,
    "best_line": 0,
    "orderbook": 0,
    "trades": 0,
    "roster_events": 0
  },
  "raw_counts": {
    "markets": 0,
    "orderbook": 0,
    "best_line": 0,
    "trades": 0
  },
  "finished_ts": "2026-08-18T12:50:01.995888+00:00"
}
{
  "cycle_id": "a2a4e18d-fbfd-4c41-871f-45a7bee1f34a",
  "started_ts": "2026-08-18T12:55:02.019087+00:00",
  "league_id": 1384,
  "endpoints_attempted": [
    "/markets/active"
  ],
  "endpoint_failures": [
    {
      "endpoint": "/markets/active",
      "error": "ConnectionError: HTTPSConnectionPool(host='api.sx.bet', port=443): Max retries exceeded with url: /markets/active?leagueId=1384 (Caused by NameResolutionError(\"HTTPSConnection(host='api.sx.bet', port=443): Failed to resolve 'api.sx.bet' ([Errno 11001] getaddrinfo failed)\"))"
    }
  ],
  "rows_written": {
    "markets": 0,
    "best_line": 0,
    "orderbook": 0,
    "trades": 0,
    "roster_events": 0
  },
  "rows_deduped": {
    "markets": 0,
    "best_line": 0,
    "orderbook": 0,
    "trades": 0,
    "roster_events": 0
  },
  "raw_counts": {
    "markets": 0,
    "orderbook": 0,
    "best_line": 0,
    "trades": 0
  },
  "finished_ts": "2026-08-18T12:55:02.025525+00:00"
}
{
  "cycle_id": "2e2707a7-b6da-4033-affa-6208b72a6ba1",
  "started_ts": "2026-08-18T13:00:02.504812+00:00",
  "league_id": 1384,
  "endpoints_attempted": [
    "/markets/active"
  ],
  "endpoint_failures": [
    {
      "endpoint": "/markets/active",
      "error": "ConnectionError: HTTPSConnectionPool(host='api.sx.bet', port=443): Max retries exceeded with url: /markets/active?leagueId=1384 (Caused by NameResolutionError(\"HTTPSConnection(host='api.sx.bet', port=443): Failed to resolve 'api.sx.bet' ([Errno 11001] getaddrinfo failed)\"))"
    }
  ],
  "rows_written": {
    "markets": 0,
    "best_line": 0,
    "orderbook": 0,
    "trades": 0,
    "roster_events": 0
  },
  "rows_deduped": {
    "markets": 0,
    "best_line": 0,
    "orderbook": 0,
    "trades": 0,
    "roster_events": 0
  },
  "raw_counts": {
    "markets": 0,
    "orderbook": 0,
    "best_line": 0,
    "trades": 0
  },
  "finished_ts": "2026-08-18T13:00:02.512393+00:00"
}
{
  "cycle_id": "0f24cdfa-8241-4af0-a4af-4973b31b59fa",
  "started_ts": "2026-08-18T13:05:02.556096+00:00",
  "league_id": 1384,
  "endpoints_attempted": [
    "/markets/active"
  ],
  "endpoint_failures": [
    {
      "endpoint": "/markets/active",
      "error": "ConnectionError: HTTPSConnectionPool(host='api.sx.bet', port=443): Max retries exceeded with url: /markets/active?leagueId=1384 (Caused by NameResolutionError(\"HTTPSConnection(host='api.sx.bet', port=443): Failed to resolve 'api.sx.bet' ([Errno 11001] getaddrinfo failed)\"))"
    }
  ],
  "rows_written": {
    "markets": 0,
    "best_line": 0,
    "orderbook": 0,
    "trades": 0,
    "roster_events": 0
  },
  "rows_deduped": {
    "markets": 0,
    "best_line": 0,
    "orderbook": 0,
    "trades": 0,
    "roster_events": 0
  },
  "raw_counts": {
    "markets": 0,
    "orderbook": 0,
    "best_line": 0,
    "trades": 0
  },
  "finished_ts": "2026-08-18T13:05:02.565699+00:00"
}
{
  "cycle_id": "b5a9cb8c-5d22-4175-a7c4-2b92c342b087",
  "started_ts": "2026-08-18T13:10:02.761589+00:00",
  "league_id": 1384,
  "endpoints_attempted": [
    "/markets/active",
    "/orders",
    "/orders",
    "/orders",
    "/trades",
    "/trades",
    "/trades"
  ],
  "endpoint_failures": [],
  "rows_written": {
    "markets": 8,
    "best_line": 83,
    "orderbook": 250,
    "trades": 146,
    "roster_events": 0
  },
  "rows_deduped": {
    "markets": 44,
    "best_line": 21,
    "orderbook": 12,
    "trades": 0,
    "roster_events": 0
  },
  "raw_counts": {
    "markets": 52,
    "orderbook": 262,
    "best_line": 104,
    "trades": 146
  },
  "finished_ts": "2026-08-18T13:10:09.147180+00:00"
}
{
  "cycle_id": "6440bb3b-1e10-40ae-837f-203239f3a2b3",
  "started_ts": "2026-08-18T13:15:02.743255+00:00",
  "league_id": 1384,
  "endpoints_attempted": [
    "/markets/active",
    "/orders",
    "/orders",
    "/orders",
    "/trades",
    "/trades",
    "/trades"
  ],
  "endpoint_failures": [],
  "rows_written": {
    "markets": 0,
    "best_line": 48,
    "orderbook": 50,
    "trades": 146,
    "roster_events": 0
  },
  "rows_deduped": {
    "markets": 52,
    "best_line": 56,
    "orderbook": 198,
    "trades": 0,
    "roster_events": 0
  },
  "raw_counts": {
    "markets": 52,
    "orderbook": 248,
    "best_line": 104,
    "trades": 146
  },
  "finished_ts": "2026-08-18T13:15:09.130497+00:00"
}
{
  "cycle_id": "3ea54f24-78ad-441b-b905-1a118f378525",
  "started_ts": "2026-08-18T13:20:02.447795+00:00",
  "league_id": 1384,
  "endpoints_attempted": [
    "/markets/active",
    "/orders",
    "/orders",
    "/orders",
    "/trades",
    "/trades",
    "/trades"
  ],
  "endpoint_failures": [],
  "rows_written": {
    "markets": 2,
    "best_line": 60,
    "orderbook": 135,
    "trades": 146,
    "roster_events": 0
  },
  "rows_deduped": {
    "markets": 50,
    "best_line": 44,
    "orderbook": 121,
    "trades": 0,
    "roster_events": 0
  },
  "raw_counts": {
    "markets": 52,
    "orderbook": 256,
    "best_line": 104,
    "trades": 146
  },
  "finished_ts": "2026-08-18T13:20:08.806925+00:00"
}
{
  "cycle_id": "9204ad09-20fd-4c66-9bf7-9668a8b7745f",
  "started_ts": "2026-08-18T13:25:02.541701+00:00",
  "league_id": 1384,
  "endpoints_attempted": [
    "/markets/active",
    "/orders",
    "/orders",
    "/orders",
    "/trades",
    "/trades",
    "/trades"
  ],
  "endpoint_failures": [],
  "rows_written": {
    "markets": 0,
    "best_line": 68,
    "orderbook": 102,
    "trades": 146,
    "roster_events": 0
  },
  "rows_deduped": {
    "markets": 52,
    "best_line": 36,
    "orderbook": 166,
    "trades": 0,
    "roster_events": 0
  },
  "raw_counts": {
    "markets": 52,
    "orderbook": 268,
    "best_line": 104,
    "trades": 146
  },
  "finished_ts": "2026-08-18T13:25:08.921166+00:00"
}
{
  "cycle_id": "83673ed8-441b-4268-baa0-a3ffd18624da",
  "started_ts": "2026-08-18T13:30:02.969590+00:00",
  "league_id": 1384,
  "endpoints_attempted": [
    "/markets/active",
    "/orders",
    "/orders",
    "/orders",
    "/trades",
    "/trades",
    "/trades"
  ],
  "endpoint_failures": [],
  "rows_written": {
    "markets": 0,
    "best_line": 75,
    "orderbook": 121,
    "trades": 154,
    "roster_events": 0
  },
  "rows_deduped": {
    "markets": 52,
    "best_line": 29,
    "orderbook": 146,
    "trades": 0,
    "roster_events": 0
  },
  "raw_counts": {
    "markets": 52,
    "orderbook": 267,
    "best_line": 104,
    "trades": 154
  },
  "finished_ts": "2026-08-18T13:30:09.335643+00:00"
}
{
  "cycle_id": "856e1b6c-227c-49c4-804d-185b964c6f81",
  "started_ts": "2026-08-18T13:35:02.430447+00:00",
  "league_id": 1384,
  "endpoints_attempted": [
    "/markets/active",
    "/orders",
    "/orders",
    "/orders",
    "/trades",
    "/trades",
    "/trades"
  ],
  "endpoint_failures": [],
  "rows_written": {
    "markets": 0,
    "best_line": 24,
    "orderbook": 28,
    "trades": 162,
    "roster_events": 0
  },
  "rows_deduped": {
    "markets": 52,
    "best_line": 80,
    "orderbook": 241,
    "trades": 0,
    "roster_events": 0
  },
  "raw_counts": {
    "markets": 52,
    "orderbook": 269,
    "best_line": 104,
    "trades": 162
  },
  "finished_ts": "2026-08-18T13:35:08.830262+00:00"
}
^C{
  "cycle_id": "f6999c88-4d7b-449b-808a-45a39fbd4588",
  "started_ts": "2026-08-18T13:45:02.695282+00:00",
  "league_id": 1384,
  "endpoints_attempted": [
    "/markets/active",
    "/orders",
    "/orders",
    "/orders",
    "/trades",
    "/trades",
    "/trades"
  ],
  "endpoint_failures": [],
  "rows_written": {
    "markets": 6,
    "best_line": 70,
    "orderbook": 135,
    "trades": 200,
    "roster_events": 0
  },
  "rows_deduped": {
    "markets": 48,
    "best_line": 38,
    "orderbook": 114,
    "trades": 0,
    "roster_events": 0
  },
  "raw_counts": {
    "markets": 54,
    "orderbook": 249,
    "best_line": 108,
    "trades": 200
  },
  "finished_ts": "2026-08-18T13:45:09.110535+00:00"
}
{
  "cycle_id": "81e7d8f5-0342-4218-9db3-cd92dceccee7",
  "started_ts": "2026-08-18T13:50:02.626008+00:00",
  "league_id": 1384,
  "endpoints_attempted": [
    "/markets/active",
    "/orders",
    "/orders",
    "/orders",
    "/trades",
    "/trades",
    "/trades"
  ],
  "endpoint_failures": [],
  "rows_written": {
    "markets": 2,
    "best_line": 67,
    "orderbook": 78,
    "trades": 200,
    "roster_events": 0
  },
  "rows_deduped": {
    "markets": 52,
    "best_line": 41,
    "orderbook": 160,
    "trades": 0,
    "roster_events": 0
  },
  "raw_counts": {
    "markets": 54,
    "orderbook": 238,
    "best_line": 108,
    "trades": 200
  },
  "finished_ts": "2026-08-18T13:50:08.999873+00:00"
}
{
  "cycle_id": "f3dbe38b-69db-4e96-bd37-e2c26a0a7d6b",
  "started_ts": "2026-08-18T13:55:02.536527+00:00",
  "league_id": 1384,
  "endpoints_attempted": [
    "/markets/active",
    "/orders",
    "/orders",
    "/orders",
    "/trades",
    "/trades",
    "/trades"
  ],
  "endpoint_failures": [],
  "rows_written": {
    "markets": 2,
    "best_line": 67,
    "orderbook": 113,
    "trades": 202,
    "roster_events": 0
  },
  "rows_deduped": {
    "markets": 53,
    "best_line": 43,
    "orderbook": 155,
    "trades": 0,
    "roster_events": 0
  },
  "raw_counts": {
    "markets": 55,
    "orderbook": 268,
    "best_line": 110,
    "trades": 202
  },
  "finished_ts": "2026-08-18T13:55:08.912560+00:00"
}
{
  "cycle_id": "ffc5c233-d96f-4be0-bec8-0697a571b191",
  "started_ts": "2026-08-18T14:00:03.351855+00:00",
  "league_id": 1384,
  "endpoints_attempted": [
    "/markets/active",
    "/orders",
    "/orders",
    "/orders",
    "/trades",
    "/trades",
    "/trades"
  ],
  "endpoint_failures": [],
  "rows_written": {
    "markets": 6,
    "best_line": 61,
    "orderbook": 99,
    "trades": 202,
    "roster_events": 1
  },
  "rows_deduped": {
    "markets": 49,
    "best_line": 49,
    "orderbook": 164,
    "trades": 0,
    "roster_events": 0
  },
  "raw_counts": {
    "markets": 55,
    "orderbook": 263,
    "best_line": 110,
    "trades": 202
  },
  "finished_ts": "2026-08-18T14:00:09.780326+00:00"
}
{
  "cycle_id": "9232de92-6565-4192-a97b-5abe968cbec9",
  "started_ts": "2026-08-18T14:05:02.901018+00:00",
  "league_id": 1384,
  "endpoints_attempted": [
    "/markets/active",
    "/orders",
    "/orders",
    "/orders",
    "/trades",
    "/trades",
    "/trades"
  ],
  "endpoint_failures": [],
  "rows_written": {
    "markets": 0,
    "best_line": 74,
    "orderbook": 114,
    "trades": 214,
    "roster_events": 0
  },
  "rows_deduped": {
    "markets": 55,
    "best_line": 36,
    "orderbook": 136,
    "trades": 0,
    "roster_events": 0
  },
  "raw_counts": {
    "markets": 55,
    "orderbook": 250,
    "best_line": 110,
    "trades": 214
  },
  "finished_ts": "2026-08-18T14:05:09.369847+00:00"
}
^C{
  "cycle_id": "c69c8427-87b7-423b-ada5-e4bfe088ca5d",
  "started_ts": "2026-08-18T14:15:03.078962+00:00",
  "league_id": 1384,
  "endpoints_attempted": [
    "/markets/active",
    "/orders",
    "/orders",
    "/orders",
    "/trades",
    "/trades",
    "/trades"
  ],
  "endpoint_failures": [],
  "rows_written": {
    "markets": 4,
    "best_line": 86,
    "orderbook": 233,
    "trades": 214,
    "roster_events": 0
  },
  "rows_deduped": {
    "markets": 51,
    "best_line": 24,
    "orderbook": 53,
    "trades": 0,
    "roster_events": 0
  },
  "raw_counts": {
    "markets": 55,
    "orderbook": 286,
    "best_line": 110,
    "trades": 214
  },
  "finished_ts": "2026-08-18T14:15:09.466623+00:00"
}
{
  "cycle_id": "3f608e3c-0a9d-42b3-ac5a-8c4fb81bdd8a",
  "started_ts": "2026-08-18T14:20:02.862700+00:00",
  "league_id": 1384,
  "endpoints_attempted": [
    "/markets/active",
    "/orders",
    "/orders",
    "/orders",
    "/trades",
    "/trades",
    "/trades"
  ],
  "endpoint_failures": [],
  "rows_written": {
    "markets": 4,
    "best_line": 58,
    "orderbook": 100,
    "trades": 214,
    "roster_events": 0
  },
  "rows_deduped": {
    "markets": 51,
    "best_line": 52,
    "orderbook": 189,
    "trades": 0,
    "roster_events": 0
  },
  "raw_counts": {
    "markets": 55,
    "orderbook": 289,
    "best_line": 110,
    "trades": 214
  },
  "finished_ts": "2026-08-18T14:20:09.240144+00:00"
}
{
  "cycle_id": "3f4ef77d-863c-427c-b12f-e15548ae2571",
  "started_ts": "2026-08-18T14:25:02.654462+00:00",
  "league_id": 1384,
  "endpoints_attempted": [
    "/markets/active",
    "/orders",
    "/orders",
    "/orders",
    "/trades",
    "/trades",
    "/trades"
  ],
  "endpoint_failures": [],
  "rows_written": {
    "markets": 4,
    "best_line": 49,
    "orderbook": 74,
    "trades": 214,
    "roster_events": 0
  },
  "rows_deduped": {
    "markets": 51,
    "best_line": 61,
    "orderbook": 217,
    "trades": 0,
    "roster_events": 0
  },
  "raw_counts": {
    "markets": 55,
    "orderbook": 291,
    "best_line": 110,
    "trades": 214
  },
  "finished_ts": "2026-08-18T14:25:09.038229+00:00"
}
{
  "cycle_id": "cf0b7a56-1b7c-4a52-9886-5549dc1200a3",
  "started_ts": "2026-08-18T14:30:02.917323+00:00",
  "league_id": 1384,
  "endpoints_attempted": [
    "/markets/active",
    "/orders",
    "/orders",
    "/orders",
    "/trades",
    "/trades",
    "/trades"
  ],
  "endpoint_failures": [],
  "rows_written": {
    "markets": 2,
    "best_line": 74,
    "orderbook": 150,
    "trades": 220,
    "roster_events": 0
  },
  "rows_deduped": {
    "markets": 53,
    "best_line": 36,
    "orderbook": 138,
    "trades": 0,
    "roster_events": 0
  },
  "raw_counts": {
    "markets": 55,
    "orderbook": 288,
    "best_line": 110,
    "trades": 220
  },
  "finished_ts": "2026-08-18T14:30:09.294827+00:00"
}
{
  "cycle_id": "b881396f-76bd-4e66-a441-a3db88209c1d",
  "started_ts": "2026-08-18T14:35:02.602359+00:00",
  "league_id": 1384,
  "endpoints_attempted": [
    "/markets/active",
    "/orders",
    "/orders",
    "/orders",
    "/trades",
    "/trades",
    "/trades"
  ],
  "endpoint_failures": [],
  "rows_written": {
    "markets": 3,
    "best_line": 68,
    "orderbook": 116,
    "trades": 222,
    "roster_events": 0
  },
  "rows_deduped": {
    "markets": 53,
    "best_line": 44,
    "orderbook": 184,
    "trades": 0,
    "roster_events": 0
  },
  "raw_counts": {
    "markets": 56,
    "orderbook": 300,
    "best_line": 112,
    "trades": 222
  },
  "finished_ts": "2026-08-18T14:35:09.046546+00:00"
}
{
  "cycle_id": "23c8421c-60cf-4393-a8f3-a1d62687776c",
  "started_ts": "2026-08-18T14:40:03.793689+00:00",
  "league_id": 1384,
  "endpoints_attempted": [
    "/markets/active",
    "/orders",
    "/orders",
    "/orders",
    "/trades",
    "/trades",
    "/trades"
  ],
  "endpoint_failures": [],
  "rows_written": {
    "markets": 2,
    "best_line": 76,
    "orderbook": 161,
    "trades": 222,
    "roster_events": 0
  },
  "rows_deduped": {
    "markets": 54,
    "best_line": 36,
    "orderbook": 135,
    "trades": 0,
    "roster_events": 0
  },
  "raw_counts": {
    "markets": 56,
    "orderbook": 296,
    "best_line": 112,
    "trades": 222
  },
  "finished_ts": "2026-08-18T14:40:10.180517+00:00"
}
{
  "cycle_id": "1129e7c1-979b-40f0-a537-a2bc66ce8cec",
  "started_ts": "2026-08-18T14:45:02.822558+00:00",
  "league_id": 1384,
  "endpoints_attempted": [
    "/markets/active",
    "/orders",
    "/orders",
    "/orders",
    "/trades",
    "/trades",
    "/trades"
  ],
  "endpoint_failures": [],
  "rows_written": {
    "markets": 2,
    "best_line": 45,
    "orderbook": 66,
    "trades": 222,
    "roster_events": 0
  },
  "rows_deduped": {
    "markets": 54,
    "best_line": 67,
    "orderbook": 234,
    "trades": 0,
    "roster_events": 0
  },
  "raw_counts": {
    "markets": 56,
    "orderbook": 300,
    "best_line": 112,
    "trades": 222
  },
  "finished_ts": "2026-08-18T14:45:09.220684+00:00"
}
{
  "cycle_id": "8a1b2fee-a2fb-4aa2-8f9d-3806282e2b91",
  "started_ts": "2026-08-18T14:50:02.566575+00:00",
  "league_id": 1384,
  "endpoints_attempted": [
    "/markets/active",
    "/orders",
    "/orders",
    "/orders",
    "/trades",
    "/trades",
    "/trades"
  ],
  "endpoint_failures": [],
  "rows_written": {
    "markets": 2,
    "best_line": 67,
    "orderbook": 106,
    "trades": 222,
    "roster_events": 0
  },
  "rows_deduped": {
    "markets": 54,
    "best_line": 45,
    "orderbook": 194,
    "trades": 0,
    "roster_events": 0
  },
  "raw_counts": {
    "markets": 56,
    "orderbook": 300,
    "best_line": 112,
    "trades": 222
  },
  "finished_ts": "2026-08-18T14:50:08.950742+00:00"
}
^C{
  "cycle_id": "88784b4a-8d96-459b-87bb-929d65300301",
  "started_ts": "2026-08-18T15:05:02.758588+00:00",
  "league_id": 1384,
  "endpoints_attempted": [
    "/markets/active",
    "/orders",
    "/orders",
    "/orders",
    "/trades",
    "/trades",
    "/trades"
  ],
  "endpoint_failures": [],
  "rows_written": {
    "markets": 8,
    "best_line": 89,
    "orderbook": 185,
    "trades": 224,
    "roster_events": 0
  },
  "rows_deduped": {
    "markets": 50,
    "best_line": 27,
    "orderbook": 109,
    "trades": 0,
    "roster_events": 0
  },
  "raw_counts": {
    "markets": 58,
    "orderbook": 294,
    "best_line": 116,
    "trades": 224
  },
  "finished_ts": "2026-08-18T15:05:09.137358+00:00"
}
{
  "cycle_id": "b725d7b2-4f92-4387-a1ab-d25d62194b2a",
  "started_ts": "2026-08-18T15:10:02.570410+00:00",
  "league_id": 1384,
  "endpoints_attempted": [
    "/markets/active",
    "/orders",
    "/orders",
    "/orders",
    "/trades",
    "/trades",
    "/trades"
  ],
  "endpoint_failures": [],
  "rows_written": {
    "markets": 2,
    "best_line": 80,
    "orderbook": 95,
    "trades": 226,
    "roster_events": 0
  },
  "rows_deduped": {
    "markets": 56,
    "best_line": 36,
    "orderbook": 179,
    "trades": 0,
    "roster_events": 0
  },
  "raw_counts": {
    "markets": 58,
    "orderbook": 274,
    "best_line": 116,
    "trades": 226
  },
  "finished_ts": "2026-08-18T15:10:08.990692+00:00"
}
{
  "cycle_id": "93270780-7465-4795-95a8-b7ab0bf9e510",
  "started_ts": "2026-08-18T15:15:03.557868+00:00",
  "league_id": 1384,
  "endpoints_attempted": [
    "/markets/active",
    "/orders",
    "/orders",
    "/orders",
    "/trades",
    "/trades",
    "/trades"
  ],
  "endpoint_failures": [],
  "rows_written": {
    "markets": 2,
    "best_line": 43,
    "orderbook": 41,
    "trades": 226,
    "roster_events": 0
  },
  "rows_deduped": {
    "markets": 56,
    "best_line": 73,
    "orderbook": 242,
    "trades": 0,
    "roster_events": 0
  },
  "raw_counts": {
    "markets": 58,
    "orderbook": 283,
    "best_line": 116,
    "trades": 226
  },
  "finished_ts": "2026-08-18T15:15:09.975538+00:00"
}
^C{
  "cycle_id": "14497ad0-8622-4bc0-bb4e-d40a399e3fb9",
  "started_ts": "2026-08-18T15:25:04.102448+00:00",
  "league_id": 1384,
  "endpoints_attempted": [
    "/markets/active",
    "/orders",
    "/orders",
    "/orders",
    "/trades",
    "/trades",
    "/trades"
  ],
  "endpoint_failures": [],
  "rows_written": {
    "markets": 4,
    "best_line": 89,
    "orderbook": 211,
    "trades": 230,
    "roster_events": 0
  },
  "rows_deduped": {
    "markets": 54,
    "best_line": 27,
    "orderbook": 89,
    "trades": 0,
    "roster_events": 0
  },
  "raw_counts": {
    "markets": 58,
    "orderbook": 300,
    "best_line": 116,
    "trades": 230
  },
  "finished_ts": "2026-08-18T15:25:10.532093+00:00"
}
^C{
  "cycle_id": "d2ad33f1-12c5-4780-96c3-f2275ba6f88a",
  "started_ts": "2026-08-18T15:35:02.645940+00:00",
  "league_id": 1384,
  "endpoints_attempted": [
    "/markets/active",
    "/orders",
    "/orders",
    "/orders",
    "/trades",
    "/trades",
    "/trades"
  ],
  "endpoint_failures": [],
  "rows_written": {
    "markets": 1,
    "best_line": 79,
    "orderbook": 175,
    "trades": 232,
    "roster_events": 0
  },
  "rows_deduped": {
    "markets": 57,
    "best_line": 37,
    "orderbook": 116,
    "trades": 0,
    "roster_events": 0
  },
  "raw_counts": {
    "markets": 58,
    "orderbook": 291,
    "best_line": 116,
    "trades": 232
  },
  "finished_ts": "2026-08-18T15:35:09.037468+00:00"
}
^C{
  "cycle_id": "ad9ee23e-7f42-4016-ae9e-51bd588ac6b8",
  "started_ts": "2026-08-18T15:45:03.104860+00:00",
  "league_id": 1384,
  "endpoints_attempted": [
    "/markets/active",
    "/orders",
    "/orders",
    "/orders",
    "/trades",
    "/trades",
    "/trades"
  ],
  "endpoint_failures": [],
  "rows_written": {
    "markets": 2,
    "best_line": 89,
    "orderbook": 205,
    "trades": 234,
    "roster_events": 0
  },
  "rows_deduped": {
    "markets": 56,
    "best_line": 27,
    "orderbook": 86,
    "trades": 0,
    "roster_events": 0
  },
  "raw_counts": {
    "markets": 58,
    "orderbook": 291,
    "best_line": 116,
    "trades": 234
  },
  "finished_ts": "2026-08-18T15:45:09.517583+00:00"
}
{
  "cycle_id": "792f1107-fbc3-4dbe-becd-a148d403c428",
  "started_ts": "2026-08-18T15:50:03.889252+00:00",
  "league_id": 1384,
  "endpoints_attempted": [
    "/markets/active",
    "/orders",
    "/orders",
    "/orders",
    "/trades",
    "/trades",
    "/trades"
  ],
  "endpoint_failures": [],
  "rows_written": {
    "markets": 8,
    "best_line": 84,
    "orderbook": 174,
    "trades": 240,
    "roster_events": 0
  },
  "rows_deduped": {
    "markets": 52,
    "best_line": 36,
    "orderbook": 106,
    "trades": 0,
    "roster_events": 0
  },
  "raw_counts": {
    "markets": 60,
    "orderbook": 280,
    "best_line": 120,
    "trades": 240
  },
  "finished_ts": "2026-08-18T15:50:10.288545+00:00"
}
{
  "cycle_id": "b373c00b-07ea-4ff9-bcdc-5f7598963edd",
  "started_ts": "2026-08-18T15:55:03.233402+00:00",
  "league_id": 1384,
  "endpoints_attempted": [
    "/markets/active",
    "/orders",
    "/orders",
    "/orders",
    "/trades",
    "/trades",
    "/trades"
  ],
  "endpoint_failures": [],
  "rows_written": {
    "markets": 4,
    "best_line": 51,
    "orderbook": 53,
    "trades": 240,
    "roster_events": 0
  },
  "rows_deduped": {
    "markets": 56,
    "best_line": 69,
    "orderbook": 222,
    "trades": 0,
    "roster_events": 0
  },
  "raw_counts": {
    "markets": 60,
    "orderbook": 275,
    "best_line": 120,
    "trades": 240
  },
  "finished_ts": "2026-08-18T15:55:09.648996+00:00"
}
{
  "cycle_id": "c4f53dfa-bfaf-456f-90ed-15f3c164949c",
  "started_ts": "2026-08-18T16:00:05.065118+00:00",
  "league_id": 1384,
  "endpoints_attempted": [
    "/markets/active",
    "/orders",
    "/orders",
    "/orders",
    "/trades",
    "/trades",
    "/trades"
  ],
  "endpoint_failures": [],
  "rows_written": {
    "markets": 0,
    "best_line": 66,
    "orderbook": 121,
    "trades": 240,
    "roster_events": 0
  },
  "rows_deduped": {
    "markets": 60,
    "best_line": 54,
    "orderbook": 164,
    "trades": 0,
    "roster_events": 0
  },
  "raw_counts": {
    "markets": 60,
    "orderbook": 285,
    "best_line": 120,
    "trades": 240
  },
  "finished_ts": "2026-08-18T16:00:11.738948+00:00"
}
{
  "cycle_id": "54633d94-23a5-40a2-b972-3d23937f6a4b",
  "started_ts": "2026-08-18T16:05:02.907990+00:00",
  "league_id": 1384,
  "endpoints_attempted": [
    "/markets/active",
    "/orders",
    "/orders",
    "/orders",
    "/trades",
    "/trades",
    "/trades"
  ],
  "endpoint_failures": [],
  "rows_written": {
    "markets": 5,
    "best_line": 51,
    "orderbook": 52,
    "trades": 242,
    "roster_events": 0
  },
  "rows_deduped": {
    "markets": 55,
    "best_line": 69,
    "orderbook": 233,
    "trades": 0,
    "roster_events": 0
  },
  "raw_counts": {
    "markets": 60,
    "orderbook": 285,
    "best_line": 120,
    "trades": 242
  },
  "finished_ts": "2026-08-18T16:05:09.297764+00:00"
}
{
  "cycle_id": "26bd93ba-0b66-4159-9131-b596d8c49035",
  "started_ts": "2026-08-18T16:10:02.883275+00:00",
  "league_id": 1384,
  "endpoints_attempted": [
    "/markets/active",
    "/orders",
    "/orders",
    "/orders",
    "/trades",
    "/trades",
    "/trades"
  ],
  "endpoint_failures": [],
  "rows_written": {
    "markets": 4,
    "best_line": 78,
    "orderbook": 153,
    "trades": 244,
    "roster_events": 0
  },
  "rows_deduped": {
    "markets": 56,
    "best_line": 42,
    "orderbook": 137,
    "trades": 0,
    "roster_events": 0
  },
  "raw_counts": {
    "markets": 60,
    "orderbook": 290,
    "best_line": 120,
    "trades": 244
  },
  "finished_ts": "2026-08-18T16:10:09.303670+00:00"
}
{
  "cycle_id": "fc2daa0c-27ed-4d84-b387-c60737f3112f",
  "started_ts": "2026-08-18T16:15:03.059138+00:00",
  "league_id": 1384,
  "endpoints_attempted": [
    "/markets/active",
    "/orders",
    "/orders",
    "/orders",
    "/trades",
    "/trades",
    "/trades"
  ],
  "endpoint_failures": [],
  "rows_written": {
    "markets": 0,
    "best_line": 50,
    "orderbook": 51,
    "trades": 244,
    "roster_events": 0
  },
  "rows_deduped": {
    "markets": 60,
    "best_line": 70,
    "orderbook": 237,
    "trades": 0,
    "roster_events": 0
  },
  "raw_counts": {
    "markets": 60,
    "orderbook": 288,
    "best_line": 120,
    "trades": 244
  },
  "finished_ts": "2026-08-18T16:15:09.482343+00:00"
}
{
  "cycle_id": "f6db3d73-f54a-44f8-ad6b-b0ba0aca4bc5",
  "started_ts": "2026-08-18T16:20:02.937103+00:00",
  "league_id": 1384,
  "endpoints_attempted": [
    "/markets/active",
    "/orders",
    "/orders",
    "/orders",
    "/trades",
    "/trades",
    "/trades"
  ],
  "endpoint_failures": [],
  "rows_written": {
    "markets": 0,
    "best_line": 77,
    "orderbook": 148,
    "trades": 246,
    "roster_events": 0
  },
  "rows_deduped": {
    "markets": 60,
    "best_line": 43,
    "orderbook": 143,
    "trades": 0,
    "roster_events": 0
  },
  "raw_counts": {
    "markets": 60,
    "orderbook": 291,
    "best_line": 120,
    "trades": 246
  },
  "finished_ts": "2026-08-18T16:20:09.337562+00:00"
}
{
  "cycle_id": "6dd8c694-6383-4f8c-b624-8e84667652b7",
  "started_ts": "2026-08-18T16:25:03.689303+00:00",
  "league_id": 1384,
  "endpoints_attempted": [
    "/markets/active",
    "/orders",
    "/orders",
    "/orders",
    "/trades",
    "/trades",
    "/trades"
  ],
  "endpoint_failures": [],
  "rows_written": {
    "markets": 0,
    "best_line": 55,
    "orderbook": 56,
    "trades": 246,
    "roster_events": 0
  },
  "rows_deduped": {
    "markets": 60,
    "best_line": 65,
    "orderbook": 231,
    "trades": 0,
    "roster_events": 0
  },
  "raw_counts": {
    "markets": 60,
    "orderbook": 287,
    "best_line": 120,
    "trades": 246
  },
  "finished_ts": "2026-08-18T16:25:10.107674+00:00"
}
{
  "cycle_id": "6755727b-865b-4ea7-94c8-2d924a975bb1",
  "started_ts": "2026-08-18T16:35:03.021710+00:00",
  "league_id": 1384,
  "endpoints_attempted": [
    "/markets/active",
    "/orders",
    "/orders",
    "/orders",
    "/orders",
    "/trades",
    "/trades",
    "/trades",
    "/trades"
  ],
  "endpoint_failures": [],
  "rows_written": {
    "markets": 5,
    "best_line": 89,
    "orderbook": 157,
    "trades": 246,
    "roster_events": 0
  },
  "rows_deduped": {
    "markets": 57,
    "best_line": 35,
    "orderbook": 132,
    "trades": 0,
    "roster_events": 0
  },
  "raw_counts": {
    "markets": 62,
    "orderbook": 289,
    "best_line": 124,
    "trades": 246
  },
  "finished_ts": "2026-08-18T16:35:11.500802+00:00"
}
{
  "cycle_id": "a496f9ba-735f-4471-9854-cf3c9100f2c0",
  "started_ts": "2026-08-18T16:50:02.716455+00:00",
  "league_id": 1384,
  "endpoints_attempted": [
    "/markets/active",
    "/orders",
    "/orders",
    "/orders",
    "/orders",
    "/trades",
    "/trades",
    "/trades",
    "/trades"
  ],
  "endpoint_failures": [],
  "rows_written": {
    "markets": 2,
    "best_line": 94,
    "orderbook": 185,
    "trades": 248,
    "roster_events": 0
  },
  "rows_deduped": {
    "markets": 60,
    "best_line": 30,
    "orderbook": 114,
    "trades": 0,
    "roster_events": 0
  },
  "raw_counts": {
    "markets": 62,
    "orderbook": 299,
    "best_line": 124,
    "trades": 248
  },
  "finished_ts": "2026-08-18T16:50:11.197750+00:00"
}
^C{
  "cycle_id": "cc39fe12-747e-4dd8-a416-4009f30b0267",
  "started_ts": "2026-08-18T17:00:05.136693+00:00",
  "league_id": 1384,
  "endpoints_attempted": [
    "/markets/active",
    "/orders",
    "/orders",
    "/orders",
    "/orders",
    "/trades",
    "/trades",
    "/trades",
    "/trades"
  ],
  "endpoint_failures": [],
  "rows_written": {
    "markets": 4,
    "best_line": 66,
    "orderbook": 83,
    "trades": 248,
    "roster_events": 0
  },
  "rows_deduped": {
    "markets": 59,
    "best_line": 60,
    "orderbook": 215,
    "trades": 0,
    "roster_events": 0
  },
  "raw_counts": {
    "markets": 63,
    "orderbook": 298,
    "best_line": 126,
    "trades": 248
  },
  "finished_ts": "2026-08-18T17:00:14.730038+00:00"
}
{
  "cycle_id": "cb87e5f8-80ff-47c4-8ecc-c17ee4f82f10",
  "started_ts": "2026-08-18T17:05:02.622115+00:00",
  "league_id": 1384,
  "endpoints_attempted": [
    "/markets/active",
    "/orders",
    "/orders",
    "/orders",
    "/orders",
    "/trades",
    "/trades",
    "/trades",
    "/trades"
  ],
  "endpoint_failures": [],
  "rows_written": {
    "markets": 0,
    "best_line": 16,
    "orderbook": 20,
    "trades": 248,
    "roster_events": 0
  },
  "rows_deduped": {
    "markets": 63,
    "best_line": 110,
    "orderbook": 283,
    "trades": 0,
    "roster_events": 0
  },
  "raw_counts": {
    "markets": 63,
    "orderbook": 303,
    "best_line": 126,
    "trades": 248
  },
  "finished_ts": "2026-08-18T17:05:11.087855+00:00"
}
{
  "cycle_id": "6c5b0b22-5444-44e5-905d-6d43d2f9d418",
  "started_ts": "2026-08-18T17:10:02.901065+00:00",
  "league_id": 1384,
  "endpoints_attempted": [
    "/markets/active",
    "/orders",
    "/orders",
    "/orders",
    "/orders",
    "/trades",
    "/trades",
    "/trades",
    "/trades"
  ],
  "endpoint_failures": [],
  "rows_written": {
    "markets": 0,
    "best_line": 18,
    "orderbook": 35,
    "trades": 248,
    "roster_events": 0
  },
  "rows_deduped": {
    "markets": 63,
    "best_line": 108,
    "orderbook": 272,
    "trades": 0,
    "roster_events": 0
  },
  "raw_counts": {
    "markets": 63,
    "orderbook": 307,
    "best_line": 126,
    "trades": 248
  },
  "finished_ts": "2026-08-18T17:10:11.427537+00:00"
}
{
  "cycle_id": "83250d36-777e-40ca-aab1-355b22107d2d",
  "started_ts": "2026-08-18T17:15:03.044383+00:00",
  "league_id": 1384,
  "endpoints_attempted": [
    "/markets/active",
    "/orders",
    "/orders",
    "/orders",
    "/orders",
    "/trades",
    "/trades",
    "/trades",
    "/trades"
  ],
  "endpoint_failures": [],
  "rows_written": {
    "markets": 2,
    "best_line": 77,
    "orderbook": 86,
    "trades": 248,
    "roster_events": 0
  },
  "rows_deduped": {
    "markets": 61,
    "best_line": 49,
    "orderbook": 211,
    "trades": 0,
    "roster_events": 0
  },
  "raw_counts": {
    "markets": 63,
    "orderbook": 297,
    "best_line": 126,
    "trades": 248
  },
  "finished_ts": "2026-08-18T17:15:11.514014+00:00"
}
{
  "cycle_id": "9acc2d48-6697-4d1a-845e-c84bfc7c58bd",
  "started_ts": "2026-08-18T17:20:02.667779+00:00",
  "league_id": 1384,
  "endpoints_attempted": [
    "/markets/active",
    "/orders",
    "/orders",
    "/orders",
    "/orders",
    "/trades",
    "/trades",
    "/trades",
    "/trades"
  ],
  "endpoint_failures": [],
  "rows_written": {
    "markets": 11,
    "best_line": 87,
    "orderbook": 147,
    "trades": 248,
    "roster_events": 0
  },
  "rows_deduped": {
    "markets": 54,
    "best_line": 43,
    "orderbook": 162,
    "trades": 0,
    "roster_events": 0
  },
  "raw_counts": {
    "markets": 65,
    "orderbook": 309,
    "best_line": 130,
    "trades": 248
  },
  "finished_ts": "2026-08-18T17:20:11.132466+00:00"
}
{
  "cycle_id": "704d359b-0fef-42c4-a4ee-b6fde03b9602",
  "started_ts": "2026-08-18T17:25:02.674485+00:00",
  "league_id": 1384,
  "endpoints_attempted": [
    "/markets/active",
    "/orders",
    "/orders",
    "/orders",
    "/orders",
    "/trades",
    "/trades",
    "/trades",
    "/trades"
  ],
  "endpoint_failures": [],
  "rows_written": {
    "markets": 8,
    "best_line": 89,
    "orderbook": 134,
    "trades": 248,
    "roster_events": 0
  },
  "rows_deduped": {
    "markets": 57,
    "best_line": 41,
    "orderbook": 184,
    "trades": 0,
    "roster_events": 0
  },
  "raw_counts": {
    "markets": 65,
    "orderbook": 318,
    "best_line": 130,
    "trades": 248
  },
  "finished_ts": "2026-08-18T17:25:11.147530+00:00"
}
^C{
  "cycle_id": "dc21693f-9215-4a71-86ee-9039e82674da",
  "started_ts": "2026-08-18T17:35:02.707781+00:00",
  "league_id": 1384,
  "endpoints_attempted": [
    "/markets/active",
    "/orders",
    "/orders",
    "/orders",
    "/orders",
    "/trades",
    "/trades",
    "/trades",
    "/trades"
  ],
  "endpoint_failures": [],
  "rows_written": {
    "markets": 0,
    "best_line": 85,
    "orderbook": 143,
    "trades": 250,
    "roster_events": 0
  },
  "rows_deduped": {
    "markets": 65,
    "best_line": 45,
    "orderbook": 177,
    "trades": 0,
    "roster_events": 0
  },
  "raw_counts": {
    "markets": 65,
    "orderbook": 320,
    "best_line": 130,
    "trades": 250
  },
  "finished_ts": "2026-08-18T17:35:11.189558+00:00"
}
{
  "cycle_id": "6a972fac-4bf8-4be7-a0ab-61ca0dd45ec9",
  "started_ts": "2026-08-18T17:40:03.300707+00:00",
  "league_id": 1384,
  "endpoints_attempted": [
    "/markets/active",
    "/orders",
    "/orders",
    "/orders",
    "/orders",
    "/trades",
    "/trades",
    "/trades",
    "/trades"
  ],
  "endpoint_failures": [],
  "rows_written": {
    "markets": 0,
    "best_line": 49,
    "orderbook": 71,
    "trades": 250,
    "roster_events": 0
  },
  "rows_deduped": {
    "markets": 65,
    "best_line": 81,
    "orderbook": 247,
    "trades": 0,
    "roster_events": 0
  },
  "raw_counts": {
    "markets": 65,
    "orderbook": 318,
    "best_line": 130,
    "trades": 250
  },
  "finished_ts": "2026-08-18T17:40:11.775897+00:00"
}
{
  "cycle_id": "d1c84287-30e2-43f8-81e6-817915d0014c",
  "started_ts": "2026-08-18T17:45:02.981299+00:00",
  "league_id": 1384,
  "endpoints_attempted": [
    "/markets/active",
    "/orders",
    "/orders",
    "/orders",
    "/orders",
    "/trades",
    "/trades",
    "/trades",
    "/trades"
  ],
  "endpoint_failures": [],
  "rows_written": {
    "markets": 2,
    "best_line": 25,
    "orderbook": 25,
    "trades": 250,
    "roster_events": 0
  },
  "rows_deduped": {
    "markets": 64,
    "best_line": 107,
    "orderbook": 292,
    "trades": 0,
    "roster_events": 0
  },
  "raw_counts": {
    "markets": 66,
    "orderbook": 317,
    "best_line": 132,
    "trades": 250
  },
  "finished_ts": "2026-08-18T17:45:11.459770+00:00"
}
{
  "cycle_id": "96b0a89f-707e-4787-8510-f3aca065f857",
  "started_ts": "2026-08-18T17:50:02.648649+00:00",
  "league_id": 1384,
  "endpoints_attempted": [
    "/markets/active",
    "/orders",
    "/orders",
    "/orders",
    "/orders",
    "/trades",
    "/trades",
    "/trades",
    "/trades"
  ],
  "endpoint_failures": [],
  "rows_written": {
    "markets": 0,
    "best_line": 64,
    "orderbook": 90,
    "trades": 250,
    "roster_events": 0
  },
  "rows_deduped": {
    "markets": 66,
    "best_line": 68,
    "orderbook": 232,
    "trades": 0,
    "roster_events": 0
  },
  "raw_counts": {
    "markets": 66,
    "orderbook": 322,
    "best_line": 132,
    "trades": 250
  },
  "finished_ts": "2026-08-18T17:50:11.126115+00:00"
}
{
  "cycle_id": "9182d0f3-47f6-43a0-ae60-fb05f296300a",
  "started_ts": "2026-08-18T17:55:02.643796+00:00",
  "league_id": 1384,
  "endpoints_attempted": [
    "/markets/active",
    "/orders",
    "/orders",
    "/orders",
    "/orders",
    "/trades",
    "/trades",
    "/trades",
    "/trades"
  ],
  "endpoint_failures": [],
  "rows_written": {
    "markets": 0,
    "best_line": 65,
    "orderbook": 112,
    "trades": 250,
    "roster_events": 0
  },
  "rows_deduped": {
    "markets": 66,
    "best_line": 67,
    "orderbook": 212,
    "trades": 0,
    "roster_events": 0
  },
  "raw_counts": {
    "markets": 66,
    "orderbook": 324,
    "best_line": 132,
    "trades": 250
  },
  "finished_ts": "2026-08-18T17:55:11.098401+00:00"
}
{
  "cycle_id": "2fc2cb0d-1b96-4540-ab2e-40cf2e544ddb",
  "started_ts": "2026-08-18T18:00:03.321708+00:00",
  "league_id": 1384,
  "endpoints_attempted": [
    "/markets/active",
    "/orders",
    "/orders",
    "/orders",
    "/orders",
    "/trades",
    "/trades",
    "/trades",
    "/trades"
  ],
  "endpoint_failures": [],
  "rows_written": {
    "markets": 0,
    "best_line": 75,
    "orderbook": 138,
    "trades": 250,
    "roster_events": 0
  },
  "rows_deduped": {
    "markets": 66,
    "best_line": 57,
    "orderbook": 198,
    "trades": 0,
    "roster_events": 0
  },
  "raw_counts": {
    "markets": 66,
    "orderbook": 336,
    "best_line": 132,
    "trades": 250
  },
  "finished_ts": "2026-08-18T18:00:11.797387+00:00"
}
{
  "cycle_id": "31f8c672-e03a-472e-8fbd-9977336f2360",
  "started_ts": "2026-08-18T18:05:02.702624+00:00",
  "league_id": 1384,
  "endpoints_attempted": [
    "/markets/active",
    "/orders",
    "/orders",
    "/orders",
    "/orders",
    "/trades",
    "/trades",
    "/trades",
    "/trades"
  ],
  "endpoint_failures": [],
  "rows_written": {
    "markets": 2,
    "best_line": 74,
    "orderbook": 89,
    "trades": 250,
    "roster_events": 0
  },
  "rows_deduped": {
    "markets": 64,
    "best_line": 58,
    "orderbook": 249,
    "trades": 0,
    "roster_events": 0
  },
  "raw_counts": {
    "markets": 66,
    "orderbook": 338,
    "best_line": 132,
    "trades": 250
  },
  "finished_ts": "2026-08-18T18:05:11.175697+00:00"
}
{
  "cycle_id": "f7126eb7-7796-496b-b147-b9075a336b59",
  "started_ts": "2026-08-18T18:10:02.867070+00:00",
  "league_id": 1384,
  "endpoints_attempted": [
    "/markets/active",
    "/orders",
    "/orders",
    "/orders",
    "/orders",
    "/trades",
    "/trades",
    "/trades",
    "/trades"
  ],
  "endpoint_failures": [],
  "rows_written": {
    "markets": 2,
    "best_line": 74,
    "orderbook": 101,
    "trades": 250,
    "roster_events": 0
  },
  "rows_deduped": {
    "markets": 64,
    "best_line": 58,
    "orderbook": 228,
    "trades": 0,
    "roster_events": 0
  },
  "raw_counts": {
    "markets": 66,
    "orderbook": 329,
    "best_line": 132,
    "trades": 250
  },
  "finished_ts": "2026-08-18T18:10:11.329049+00:00"
}
{
  "cycle_id": "becbda25-49e6-4915-bb68-bc4f678b8a9d",
  "started_ts": "2026-08-18T18:15:02.863085+00:00",
  "league_id": 1384,
  "endpoints_attempted": [
    "/markets/active",
    "/orders",
    "/orders",
    "/orders",
    "/orders",
    "/trades",
    "/trades",
    "/trades",
    "/trades"
  ],
  "endpoint_failures": [],
  "rows_written": {
    "markets": 2,
    "best_line": 40,
    "orderbook": 35,
    "trades": 250,
    "roster_events": 0
  },
  "rows_deduped": {
    "markets": 64,
    "best_line": 92,
    "orderbook": 295,
    "trades": 0,
    "roster_events": 0
  },
  "raw_counts": {
    "markets": 66,
    "orderbook": 330,
    "best_line": 132,
    "trades": 250
  },
  "finished_ts": "2026-08-18T18:15:11.355377+00:00"
}
{
  "cycle_id": "4ec5c21c-5423-43d6-a76d-39f353974853",
  "started_ts": "2026-08-18T18:20:02.795485+00:00",
  "league_id": 1384,
  "endpoints_attempted": [
    "/markets/active",
    "/orders",
    "/orders",
    "/orders",
    "/orders",
    "/trades",
    "/trades",
    "/trades",
    "/trades"
  ],
  "endpoint_failures": [],
  "rows_written": {
    "markets": 0,
    "best_line": 75,
    "orderbook": 111,
    "trades": 250,
    "roster_events": 0
  },
  "rows_deduped": {
    "markets": 66,
    "best_line": 57,
    "orderbook": 215,
    "trades": 0,
    "roster_events": 0
  },
  "raw_counts": {
    "markets": 66,
    "orderbook": 326,
    "best_line": 132,
    "trades": 250
  },
  "finished_ts": "2026-08-18T18:20:11.266843+00:00"
}
^C{
  "cycle_id": "bab7b282-5930-4318-8166-b0984537a255",
  "started_ts": "2026-08-18T18:30:03.206635+00:00",
  "league_id": 1384,
  "endpoints_attempted": [
    "/markets/active",
    "/orders",
    "/orders",
    "/orders",
    "/orders",
    "/trades",
    "/trades",
    "/trades",
    "/trades"
  ],
  "endpoint_failures": [],
  "rows_written": {
    "markets": 3,
    "best_line": 46,
    "orderbook": 79,
    "trades": 250,
    "roster_events": 0
  },
  "rows_deduped": {
    "markets": 64,
    "best_line": 88,
    "orderbook": 258,
    "trades": 0,
    "roster_events": 0
  },
  "raw_counts": {
    "markets": 67,
    "orderbook": 337,
    "best_line": 134,
    "trades": 250
  },
  "finished_ts": "2026-08-18T18:30:11.677165+00:00"
}
{
  "cycle_id": "db248a4e-a6c3-478a-b04f-cfe8a6bb8667",
  "started_ts": "2026-08-18T18:35:03.257173+00:00",
  "league_id": 1384,
  "endpoints_attempted": [
    "/markets/active",
    "/orders",
    "/orders",
    "/orders",
    "/orders",
    "/trades",
    "/trades",
    "/trades",
    "/trades"
  ],
  "endpoint_failures": [],
  "rows_written": {
    "markets": 2,
    "best_line": 23,
    "orderbook": 13,
    "trades": 250,
    "roster_events": 0
  },
  "rows_deduped": {
    "markets": 65,
    "best_line": 111,
    "orderbook": 320,
    "trades": 0,
    "roster_events": 0
  },
  "raw_counts": {
    "markets": 67,
    "orderbook": 333,
    "best_line": 134,
    "trades": 250
  },
  "finished_ts": "2026-08-18T18:35:11.745977+00:00"
}
{
  "cycle_id": "dfdc71f3-cc7d-4840-b558-bec5965fc704",
  "started_ts": "2026-08-18T18:40:03.386854+00:00",
  "league_id": 1384,
  "endpoints_attempted": [
    "/markets/active",
    "/orders",
    "/orders",
    "/orders",
    "/orders",
    "/trades",
    "/trades",
    "/trades",
    "/trades"
  ],
  "endpoint_failures": [],
  "rows_written": {
    "markets": 2,
    "best_line": 15,
    "orderbook": 29,
    "trades": 252,
    "roster_events": 0
  },
  "rows_deduped": {
    "markets": 65,
    "best_line": 119,
    "orderbook": 304,
    "trades": 0,
    "roster_events": 0
  },
  "raw_counts": {
    "markets": 67,
    "orderbook": 333,
    "best_line": 134,
    "trades": 252
  },
  "finished_ts": "2026-08-18T18:40:12.049852+00:00"
}
^C^C{
  "cycle_id": "0b494853-cc32-4ff6-9a80-5d547a0d86bc",
  "started_ts": "2026-08-18T18:55:02.942860+00:00",
  "league_id": 1384,
  "endpoints_attempted": [
    "/markets/active",
    "/orders",
    "/orders",
    "/orders",
    "/orders",
    "/trades",
    "/trades",
    "/trades",
    "/trades"
  ],
  "endpoint_failures": [],
  "rows_written": {
    "markets": 0,
    "best_line": 98,
    "orderbook": 188,
    "trades": 252,
    "roster_events": 0
  },
  "rows_deduped": {
    "markets": 67,
    "best_line": 36,
    "orderbook": 154,
    "trades": 0,
    "roster_events": 0
  },
  "raw_counts": {
    "markets": 67,
    "orderbook": 342,
    "best_line": 134,
    "trades": 252
  },
  "finished_ts": "2026-08-18T18:55:11.401817+00:00"
}
{
  "cycle_id": "2e0bdf84-7296-4c79-a1d0-d8f7881babd2",
  "started_ts": "2026-08-18T19:00:03.657943+00:00",
  "league_id": 1384,
  "endpoints_attempted": [
    "/markets/active",
    "/orders",
    "/orders",
    "/orders",
    "/orders",
    "/trades",
    "/trades",
    "/trades",
    "/trades"
  ],
  "endpoint_failures": [],
  "rows_written": {
    "markets": 0,
    "best_line": 68,
    "orderbook": 105,
    "trades": 252,
    "roster_events": 0
  },
  "rows_deduped": {
    "markets": 67,
    "best_line": 66,
    "orderbook": 240,
    "trades": 0,
    "roster_events": 0
  },
  "raw_counts": {
    "markets": 67,
    "orderbook": 345,
    "best_line": 134,
    "trades": 252
  },
  "finished_ts": "2026-08-18T19:00:12.138058+00:00"
}
{
  "cycle_id": "73c4a4cd-9839-4a2b-8897-f411307ca496",
  "started_ts": "2026-08-18T19:05:02.980562+00:00",
  "league_id": 1384,
  "endpoints_attempted": [
    "/markets/active",
    "/orders",
    "/orders",
    "/orders",
    "/orders",
    "/trades",
    "/trades",
    "/trades",
    "/trades"
  ],
  "endpoint_failures": [],
  "rows_written": {
    "markets": 0,
    "best_line": 65,
    "orderbook": 70,
    "trades": 254,
    "roster_events": 0
  },
  "rows_deduped": {
    "markets": 67,
    "best_line": 69,
    "orderbook": 278,
    "trades": 0,
    "roster_events": 0
  },
  "raw_counts": {
    "markets": 67,
    "orderbook": 348,
    "best_line": 134,
    "trades": 254
  },
  "finished_ts": "2026-08-18T19:05:11.455339+00:00"
}
{
  "cycle_id": "821a2ff4-4a1d-41a1-8272-486a22367268",
  "started_ts": "2026-08-18T19:10:02.911282+00:00",
  "league_id": 1384,
  "endpoints_attempted": [
    "/markets/active",
    "/orders",
    "/orders",
    "/orders",
    "/orders",
    "/trades",
    "/trades",
    "/trades",
    "/trades"
  ],
  "endpoint_failures": [],
  "rows_written": {
    "markets": 2,
    "best_line": 63,
    "orderbook": 132,
    "trades": 254,
    "roster_events": 0
  },
  "rows_deduped": {
    "markets": 65,
    "best_line": 71,
    "orderbook": 224,
    "trades": 0,
    "roster_events": 0
  },
  "raw_counts": {
    "markets": 67,
    "orderbook": 356,
    "best_line": 134,
    "trades": 254
  },
  "finished_ts": "2026-08-18T19:10:11.375500+00:00"
}
{
  "cycle_id": "9860b6bc-b3c7-4305-be37-4bd77ed09460",
  "started_ts": "2026-08-18T19:15:02.945931+00:00",
  "league_id": 1384,
  "endpoints_attempted": [
    "/markets/active",
    "/orders",
    "/orders",
    "/orders",
    "/orders",
    "/trades",
    "/trades",
    "/trades",
    "/trades"
  ],
  "endpoint_failures": [],
  "rows_written": {
    "markets": 0,
    "best_line": 70,
    "orderbook": 85,
    "trades": 256,
    "roster_events": 0
  },
  "rows_deduped": {
    "markets": 67,
    "best_line": 64,
    "orderbook": 271,
    "trades": 0,
    "roster_events": 0
  },
  "raw_counts": {
    "markets": 67,
    "orderbook": 356,
    "best_line": 134,
    "trades": 256
  },
  "finished_ts": "2026-08-18T19:15:11.417051+00:00"
}
{
  "cycle_id": "143a417f-d5b2-4226-aef9-c1f9691ead7a",
  "started_ts": "2026-08-18T19:20:03.308070+00:00",
  "league_id": 1384,
  "endpoints_attempted": [
    "/markets/active",
    "/orders",
    "/orders",
    "/orders",
    "/orders",
    "/trades",
    "/trades",
    "/trades",
    "/trades"
  ],
  "endpoint_failures": [],
  "rows_written": {
    "markets": 0,
    "best_line": 67,
    "orderbook": 102,
    "trades": 256,
    "roster_events": 0
  },
  "rows_deduped": {
    "markets": 67,
    "best_line": 67,
    "orderbook": 246,
    "trades": 0,
    "roster_events": 0
  },
  "raw_counts": {
    "markets": 67,
    "orderbook": 348,
    "best_line": 134,
    "trades": 256
  },
  "finished_ts": "2026-08-18T19:20:11.764872+00:00"
}
{
  "cycle_id": "bf60a2cf-ed5d-4297-98cb-5da4cc1513b1",
  "started_ts": "2026-08-18T19:25:02.778243+00:00",
  "league_id": 1384,
  "endpoints_attempted": [
    "/markets/active",
    "/orders",
    "/orders",
    "/orders",
    "/orders",
    "/trades",
    "/trades",
    "/trades",
    "/trades"
  ],
  "endpoint_failures": [],
  "rows_written": {
    "markets": 0,
    "best_line": 85,
    "orderbook": 134,
    "trades": 272,
    "roster_events": 0
  },
  "rows_deduped": {
    "markets": 67,
    "best_line": 49,
    "orderbook": 220,
    "trades": 0,
    "roster_events": 0
  },
  "raw_counts": {
    "markets": 67,
    "orderbook": 354,
    "best_line": 134,
    "trades": 272
  },
  "finished_ts": "2026-08-18T19:25:11.242506+00:00"
}
{
  "cycle_id": "6d116da7-88f5-42fc-8dd5-b88a8a8b6879",
  "started_ts": "2026-08-18T19:30:03.022922+00:00",
  "league_id": 1384,
  "endpoints_attempted": [
    "/markets/active",
    "/orders",
    "/orders",
    "/orders",
    "/orders",
    "/trades",
    "/trades",
    "/trades",
    "/trades"
  ],
  "endpoint_failures": [],
  "rows_written": {
    "markets": 2,
    "best_line": 72,
    "orderbook": 147,
    "trades": 272,
    "roster_events": 0
  },
  "rows_deduped": {
    "markets": 65,
    "best_line": 62,
    "orderbook": 206,
    "trades": 0,
    "roster_events": 0
  },
  "raw_counts": {
    "markets": 67,
    "orderbook": 353,
    "best_line": 134,
    "trades": 272
  },
  "finished_ts": "2026-08-18T19:30:11.495267+00:00"
}
{
  "cycle_id": "c08d0904-c56d-4428-88f3-609f25a2b9b8",
  "started_ts": "2026-08-18T19:35:02.854965+00:00",
  "league_id": 1384,
  "endpoints_attempted": [
    "/markets/active",
    "/orders",
    "/orders",
    "/orders",
    "/orders",
    "/trades",
    "/trades",
    "/trades",
    "/trades"
  ],
  "endpoint_failures": [],
  "rows_written": {
    "markets": 0,
    "best_line": 67,
    "orderbook": 85,
    "trades": 272,
    "roster_events": 0
  },
  "rows_deduped": {
    "markets": 67,
    "best_line": 67,
    "orderbook": 266,
    "trades": 0,
    "roster_events": 0
  },
  "raw_counts": {
    "markets": 67,
    "orderbook": 351,
    "best_line": 134,
    "trades": 272
  },
  "finished_ts": "2026-08-18T19:35:11.316612+00:00"
}
{
  "cycle_id": "fb8e4bc3-26b5-481e-869b-66bacd663ec9",
  "started_ts": "2026-08-18T19:40:03.493487+00:00",
  "league_id": 1384,
  "endpoints_attempted": [
    "/markets/active",
    "/orders",
    "/orders",
    "/orders",
    "/orders",
    "/trades",
    "/trades",
    "/trades",
    "/trades"
  ],
  "endpoint_failures": [],
  "rows_written": {
    "markets": 2,
    "best_line": 69,
    "orderbook": 119,
    "trades": 274,
    "roster_events": 0
  },
  "rows_deduped": {
    "markets": 65,
    "best_line": 65,
    "orderbook": 231,
    "trades": 0,
    "roster_events": 0
  },
  "raw_counts": {
    "markets": 67,
    "orderbook": 350,
    "best_line": 134,
    "trades": 274
  },
  "finished_ts": "2026-08-18T19:40:17.997742+00:00"
}
{
  "cycle_id": "ae16fa2b-0368-40c1-994b-d5f97a568183",
  "started_ts": "2026-08-18T19:45:02.897200+00:00",
  "league_id": 1384,
  "endpoints_attempted": [
    "/markets/active",
    "/orders",
    "/orders",
    "/orders",
    "/orders",
    "/trades",
    "/trades",
    "/trades",
    "/trades"
  ],
  "endpoint_failures": [],
  "rows_written": {
    "markets": 0,
    "best_line": 57,
    "orderbook": 59,
    "trades": 274,
    "roster_events": 0
  },
  "rows_deduped": {
    "markets": 67,
    "best_line": 77,
    "orderbook": 293,
    "trades": 0,
    "roster_events": 0
  },
  "raw_counts": {
    "markets": 67,
    "orderbook": 352,
    "best_line": 134,
    "trades": 274
  },
  "finished_ts": "2026-08-18T19:45:11.359045+00:00"
}
{
  "cycle_id": "46482bd4-e2de-46ac-a4f9-352e62b2c8a9",
  "started_ts": "2026-08-18T19:50:03.176628+00:00",
  "league_id": 1384,
  "endpoints_attempted": [
    "/markets/active",
    "/orders",
    "/orders",
    "/orders",
    "/orders",
    "/trades",
    "/trades",
    "/trades",
    "/trades"
  ],
  "endpoint_failures": [],
  "rows_written": {
    "markets": 2,
    "best_line": 81,
    "orderbook": 118,
    "trades": 276,
    "roster_events": 0
  },
  "rows_deduped": {
    "markets": 65,
    "best_line": 53,
    "orderbook": 220,
    "trades": 0,
    "roster_events": 0
  },
  "raw_counts": {
    "markets": 67,
    "orderbook": 338,
    "best_line": 134,
    "trades": 276
  },
  "finished_ts": "2026-08-18T19:50:11.645478+00:00"
}
{
  "cycle_id": "74f56234-a1da-4a6f-a719-5664a2a09929",
  "started_ts": "2026-08-18T19:55:04.911765+00:00",
  "league_id": 1384,
  "endpoints_attempted": [
    "/markets/active",
    "/orders",
    "/orders",
    "/orders",
    "/orders",
    "/trades",
    "/trades",
    "/trades",
    "/trades"
  ],
  "endpoint_failures": [],
  "rows_written": {
    "markets": 0,
    "best_line": 79,
    "orderbook": 91,
    "trades": 278,
    "roster_events": 0
  },
  "rows_deduped": {
    "markets": 67,
    "best_line": 55,
    "orderbook": 262,
    "trades": 0,
    "roster_events": 0
  },
  "raw_counts": {
    "markets": 67,
    "orderbook": 353,
    "best_line": 134,
    "trades": 278
  },
  "finished_ts": "2026-08-18T19:55:13.428935+00:00"
}
{
  "cycle_id": "fc49bbeb-fa12-46be-9208-09f50d59db1d",
  "started_ts": "2026-08-18T20:00:03.488253+00:00",
  "league_id": 1384,
  "endpoints_attempted": [
    "/markets/active",
    "/orders",
    "/orders",
    "/orders",
    "/orders",
    "/trades",
    "/trades",
    "/trades",
    "/trades"
  ],
  "endpoint_failures": [],
  "rows_written": {
    "markets": 0,
    "best_line": 52,
    "orderbook": 81,
    "trades": 282,
    "roster_events": 0
  },
  "rows_deduped": {
    "markets": 67,
    "best_line": 82,
    "orderbook": 275,
    "trades": 0,
    "roster_events": 0
  },
  "raw_counts": {
    "markets": 67,
    "orderbook": 356,
    "best_line": 134,
    "trades": 282
  },
  "finished_ts": "2026-08-18T20:00:11.949790+00:00"
}
{
  "cycle_id": "047d120b-c21f-4c53-b1a8-7e5d3067611a",
  "started_ts": "2026-08-18T20:05:03.490146+00:00",
  "league_id": 1384,
  "endpoints_attempted": [
    "/markets/active",
    "/orders",
    "/orders",
    "/orders",
    "/orders",
    "/trades",
    "/trades",
    "/trades",
    "/trades"
  ],
  "endpoint_failures": [],
  "rows_written": {
    "markets": 0,
    "best_line": 52,
    "orderbook": 91,
    "trades": 284,
    "roster_events": 0
  },
  "rows_deduped": {
    "markets": 67,
    "best_line": 82,
    "orderbook": 257,
    "trades": 0,
    "roster_events": 0
  },
  "raw_counts": {
    "markets": 67,
    "orderbook": 348,
    "best_line": 134,
    "trades": 284
  },
  "finished_ts": "2026-08-18T20:05:11.986189+00:00"
}
{
  "cycle_id": "5eabee07-4ec8-4507-9ad4-cebb7e2b394b",
  "started_ts": "2026-08-18T20:10:03.576813+00:00",
  "league_id": 1384,
  "endpoints_attempted": [
    "/markets/active",
    "/orders",
    "/orders",
    "/orders",
    "/orders",
    "/trades",
    "/trades",
    "/trades",
    "/trades"
  ],
  "endpoint_failures": [],
  "rows_written": {
    "markets": 2,
    "best_line": 50,
    "orderbook": 80,
    "trades": 284,
    "roster_events": 0
  },
  "rows_deduped": {
    "markets": 65,
    "best_line": 84,
    "orderbook": 271,
    "trades": 0,
    "roster_events": 0
  },
  "raw_counts": {
    "markets": 67,
    "orderbook": 351,
    "best_line": 134,
    "trades": 284
  },
  "finished_ts": "2026-08-18T20:10:12.059548+00:00"
}
{
  "cycle_id": "f79e595f-9318-4cf4-9d39-ca874571260e",
  "started_ts": "2026-08-18T20:15:09.370233+00:00",
  "league_id": 1384,
  "endpoints_attempted": [
    "/markets/active",
    "/orders",
    "/orders",
    "/orders",
    "/orders",
    "/trades",
    "/trades",
    "/trades",
    "/trades"
  ],
  "endpoint_failures": [],
  "rows_written": {
    "markets": 2,
    "best_line": 68,
    "orderbook": 115,
    "trades": 286,
    "roster_events": 0
  },
  "rows_deduped": {
    "markets": 65,
    "best_line": 66,
    "orderbook": 234,
    "trades": 0,
    "roster_events": 0
  },
  "raw_counts": {
    "markets": 67,
    "orderbook": 349,
    "best_line": 134,
    "trades": 286
  },
  "finished_ts": "2026-08-18T20:15:29.671096+00:00"
}
{
  "cycle_id": "7bf4aa6c-0726-4870-82ef-6184b80137c4",
  "started_ts": "2026-08-18T20:20:20.018413+00:00",
  "league_id": 1384,
  "endpoints_attempted": [
    "/markets/active",
    "/orders",
    "/orders",
    "/orders",
    "/orders",
    "/trades",
    "/trades",
    "/trades",
    "/trades"
  ],
  "endpoint_failures": [],
  "rows_written": {
    "markets": 0,
    "best_line": 66,
    "orderbook": 129,
    "trades": 294,
    "roster_events": 0
  },
  "rows_deduped": {
    "markets": 67,
    "best_line": 68,
    "orderbook": 221,
    "trades": 0,
    "roster_events": 0
  },
  "raw_counts": {
    "markets": 67,
    "orderbook": 350,
    "best_line": 134,
    "trades": 294
  },
  "finished_ts": "2026-08-18T20:20:30.415692+00:00"
}
{
  "cycle_id": "4e975747-ed3f-4af5-b964-25de8dc86cb9",
  "started_ts": "2026-08-18T20:25:07.166412+00:00",
  "league_id": 1384,
  "endpoints_attempted": [
    "/markets/active",
    "/orders",
    "/orders",
    "/orders",
    "/orders",
    "/trades",
    "/trades",
    "/trades",
    "/trades"
  ],
  "endpoint_failures": [],
  "rows_written": {
    "markets": 2,
    "best_line": 58,
    "orderbook": 57,
    "trades": 294,
    "roster_events": 0
  },
  "rows_deduped": {
    "markets": 65,
    "best_line": 76,
    "orderbook": 288,
    "trades": 0,
    "roster_events": 0
  },
  "raw_counts": {
    "markets": 67,
    "orderbook": 345,
    "best_line": 134,
    "trades": 294
  },
  "finished_ts": "2026-08-18T20:25:16.845718+00:00"
}
{
  "cycle_id": "6288f872-d1ba-41f3-8cce-efdea2dd930c",
  "started_ts": "2026-08-18T20:30:04.910206+00:00",
  "league_id": 1384,
  "endpoints_attempted": [
    "/markets/active",
    "/orders",
    "/orders",
    "/orders",
    "/orders",
    "/trades",
    "/trades",
    "/trades",
    "/trades"
  ],
  "endpoint_failures": [],
  "rows_written": {
    "markets": 0,
    "best_line": 65,
    "orderbook": 107,
    "trades": 298,
    "roster_events": 0
  },
  "rows_deduped": {
    "markets": 67,
    "best_line": 69,
    "orderbook": 248,
    "trades": 0,
    "roster_events": 0
  },
  "raw_counts": {
    "markets": 67,
    "orderbook": 355,
    "best_line": 134,
    "trades": 298
  },
  "finished_ts": "2026-08-18T20:30:13.464149+00:00"
}
{
  "cycle_id": "2e31c8e8-b016-49c2-846b-19466667b795",
  "started_ts": "2026-08-18T20:35:07.125734+00:00",
  "league_id": 1384,
  "endpoints_attempted": [
    "/markets/active",
    "/orders",
    "/orders",
    "/orders",
    "/orders",
    "/trades",
    "/trades",
    "/trades",
    "/trades"
  ],
  "endpoint_failures": [],
  "rows_written": {
    "markets": 0,
    "best_line": 65,
    "orderbook": 74,
    "trades": 298,
    "roster_events": 0
  },
  "rows_deduped": {
    "markets": 67,
    "best_line": 69,
    "orderbook": 282,
    "trades": 0,
    "roster_events": 0
  },
  "raw_counts": {
    "markets": 67,
    "orderbook": 356,
    "best_line": 134,
    "trades": 298
  },
  "finished_ts": "2026-08-18T20:35:15.793705+00:00"
}
{
  "cycle_id": "a0007569-ebfd-49e2-b414-054a886bb9f0",
  "started_ts": "2026-08-18T20:40:03.866219+00:00",
  "league_id": 1384,
  "endpoints_attempted": [
    "/markets/active",
    "/orders",
    "/orders",
    "/orders",
    "/orders",
    "/trades",
    "/trades",
    "/trades",
    "/trades"
  ],
  "endpoint_failures": [],
  "rows_written": {
    "markets": 0,
    "best_line": 61,
    "orderbook": 92,
    "trades": 298,
    "roster_events": 0
  },
  "rows_deduped": {
    "markets": 67,
    "best_line": 73,
    "orderbook": 260,
    "trades": 0,
    "roster_events": 0
  },
  "raw_counts": {
    "markets": 67,
    "orderbook": 352,
    "best_line": 134,
    "trades": 298
  },
  "finished_ts": "2026-08-18T20:40:12.400019+00:00"
}
{
  "cycle_id": "fb952e14-ec48-4a66-b314-69fe4a934db5",
  "started_ts": "2026-08-18T20:45:03.136890+00:00",
  "league_id": 1384,
  "endpoints_attempted": [
    "/markets/active",
    "/orders",
    "/orders",
    "/orders",
    "/orders",
    "/trades",
    "/trades",
    "/trades",
    "/trades"
  ],
  "endpoint_failures": [],
  "rows_written": {
    "markets": 2,
    "best_line": 55,
    "orderbook": 58,
    "trades": 298,
    "roster_events": 0
  },
  "rows_deduped": {
    "markets": 65,
    "best_line": 79,
    "orderbook": 294,
    "trades": 0,
    "roster_events": 0
  },
  "raw_counts": {
    "markets": 67,
    "orderbook": 352,
    "best_line": 134,
    "trades": 298
  },
  "finished_ts": "2026-08-18T20:45:11.610310+00:00"
}
{
  "cycle_id": "63d0e3c3-4aee-4e58-b11c-8293f7d58734",
  "started_ts": "2026-08-18T20:50:02.788263+00:00",
  "league_id": 1384,
  "endpoints_attempted": [
    "/markets/active",
    "/orders",
    "/orders",
    "/orders",
    "/orders",
    "/trades",
    "/trades",
    "/trades",
    "/trades"
  ],
  "endpoint_failures": [],
  "rows_written": {
    "markets": 0,
    "best_line": 58,
    "orderbook": 94,
    "trades": 298,
    "roster_events": 0
  },
  "rows_deduped": {
    "markets": 67,
    "best_line": 76,
    "orderbook": 259,
    "trades": 0,
    "roster_events": 0
  },
  "raw_counts": {
    "markets": 67,
    "orderbook": 353,
    "best_line": 134,
    "trades": 298
  },
  "finished_ts": "2026-08-18T20:50:11.263125+00:00"
}
{
  "cycle_id": "104ccc65-5c4e-4f2f-b305-9aafd6b60dc3",
  "started_ts": "2026-08-18T20:55:02.759852+00:00",
  "league_id": 1384,
  "endpoints_attempted": [
    "/markets/active",
    "/orders",
    "/orders",
    "/orders",
    "/orders",
    "/trades",
    "/trades",
    "/trades",
    "/trades"
  ],
  "endpoint_failures": [],
  "rows_written": {
    "markets": 4,
    "best_line": 69,
    "orderbook": 90,
    "trades": 298,
    "roster_events": 0
  },
  "rows_deduped": {
    "markets": 63,
    "best_line": 65,
    "orderbook": 267,
    "trades": 0,
    "roster_events": 0
  },
  "raw_counts": {
    "markets": 67,
    "orderbook": 357,
    "best_line": 134,
    "trades": 298
  },
  "finished_ts": "2026-08-18T20:55:11.233004+00:00"
}
{
  "cycle_id": "f8ec164e-ff90-40aa-9e3c-837abe0cc29a",
  "started_ts": "2026-08-18T21:00:04.206499+00:00",
  "league_id": 1384,
  "endpoints_attempted": [
    "/markets/active",
    "/orders",
    "/orders",
    "/orders",
    "/orders",
    "/trades",
    "/trades",
    "/trades",
    "/trades"
  ],
  "endpoint_failures": [],
  "rows_written": {
    "markets": 0,
    "best_line": 64,
    "orderbook": 104,
    "trades": 304,
    "roster_events": 0
  },
  "rows_deduped": {
    "markets": 67,
    "best_line": 70,
    "orderbook": 255,
    "trades": 0,
    "roster_events": 0
  },
  "raw_counts": {
    "markets": 67,
    "orderbook": 359,
    "best_line": 134,
    "trades": 304
  },
  "finished_ts": "2026-08-18T21:00:12.761267+00:00"
}
{
  "cycle_id": "baa19bec-c74c-4e00-a9ba-c84d94a40d87",
  "started_ts": "2026-08-18T21:05:02.439264+00:00",
  "league_id": 1384,
  "endpoints_attempted": [
    "/markets/active",
    "/orders",
    "/orders",
    "/orders",
    "/orders",
    "/trades",
    "/trades",
    "/trades",
    "/trades"
  ],
  "endpoint_failures": [],
  "rows_written": {
    "markets": 2,
    "best_line": 77,
    "orderbook": 101,
    "trades": 304,
    "roster_events": 0
  },
  "rows_deduped": {
    "markets": 65,
    "best_line": 57,
    "orderbook": 261,
    "trades": 0,
    "roster_events": 0
  },
  "raw_counts": {
    "markets": 67,
    "orderbook": 362,
    "best_line": 134,
    "trades": 304
  },
  "finished_ts": "2026-08-18T21:05:10.898697+00:00"
}
{
  "cycle_id": "5b913159-fd78-4002-88cc-8b41935b5b88",
  "started_ts": "2026-08-18T21:10:02.466398+00:00",
  "league_id": 1384,
  "endpoints_attempted": [
    "/markets/active",
    "/orders",
    "/orders",
    "/orders",
    "/orders",
    "/trades",
    "/trades",
    "/trades",
    "/trades"
  ],
  "endpoint_failures": [],
  "rows_written": {
    "markets": 4,
    "best_line": 75,
    "orderbook": 165,
    "trades": 310,
    "roster_events": 0
  },
  "rows_deduped": {
    "markets": 63,
    "best_line": 59,
    "orderbook": 198,
    "trades": 0,
    "roster_events": 0
  },
  "raw_counts": {
    "markets": 67,
    "orderbook": 363,
    "best_line": 134,
    "trades": 310
  },
  "finished_ts": "2026-08-18T21:10:10.939150+00:00"
}
{
  "cycle_id": "316a38b2-ce68-40d8-9501-24ce2a3b1307",
  "started_ts": "2026-08-18T21:15:02.975216+00:00",
  "league_id": 1384,
  "endpoints_attempted": [
    "/markets/active",
    "/orders",
    "/orders",
    "/orders",
    "/orders",
    "/trades",
    "/trades",
    "/trades",
    "/trades"
  ],
  "endpoint_failures": [],
  "rows_written": {
    "markets": 2,
    "best_line": 63,
    "orderbook": 85,
    "trades": 310,
    "roster_events": 0
  },
  "rows_deduped": {
    "markets": 65,
    "best_line": 71,
    "orderbook": 275,
    "trades": 0,
    "roster_events": 0
  },
  "raw_counts": {
    "markets": 67,
    "orderbook": 360,
    "best_line": 134,
    "trades": 310
  },
  "finished_ts": "2026-08-18T21:15:11.444463+00:00"
}
{
  "cycle_id": "675b0730-5f8e-427d-ba6e-ea867bb6c8c8",
  "started_ts": "2026-08-18T21:20:04.611199+00:00",
  "league_id": 1384,
  "endpoints_attempted": [
    "/markets/active",
    "/orders",
    "/orders",
    "/orders",
    "/orders",
    "/trades",
    "/trades",
    "/trades",
    "/trades"
  ],
  "endpoint_failures": [],
  "rows_written": {
    "markets": 0,
    "best_line": 60,
    "orderbook": 118,
    "trades": 310,
    "roster_events": 0
  },
  "rows_deduped": {
    "markets": 67,
    "best_line": 74,
    "orderbook": 241,
    "trades": 0,
    "roster_events": 0
  },
  "raw_counts": {
    "markets": 67,
    "orderbook": 359,
    "best_line": 134,
    "trades": 310
  },
  "finished_ts": "2026-08-18T21:20:13.411826+00:00"
}
{
  "cycle_id": "f909a1b2-f80b-4a3d-b035-fefecf59e63a",
  "started_ts": "2026-08-18T21:25:02.957087+00:00",
  "league_id": 1384,
  "endpoints_attempted": [
    "/markets/active",
    "/orders",
    "/orders",
    "/orders",
    "/orders",
    "/trades",
    "/trades",
    "/trades",
    "/trades"
  ],
  "endpoint_failures": [],
  "rows_written": {
    "markets": 2,
    "best_line": 50,
    "orderbook": 50,
    "trades": 310,
    "roster_events": 0
  },
  "rows_deduped": {
    "markets": 65,
    "best_line": 84,
    "orderbook": 307,
    "trades": 0,
    "roster_events": 0
  },
  "raw_counts": {
    "markets": 67,
    "orderbook": 357,
    "best_line": 134,
    "trades": 310
  },
  "finished_ts": "2026-08-18T21:25:11.518624+00:00"
}
{
  "cycle_id": "33ae6d83-6cb6-4008-9ffc-d488333a34a1",
  "started_ts": "2026-08-18T21:30:02.935333+00:00",
  "league_id": 1384,
  "endpoints_attempted": [
    "/markets/active",
    "/orders",
    "/orders",
    "/orders",
    "/orders",
    "/trades",
    "/trades",
    "/trades",
    "/trades"
  ],
  "endpoint_failures": [],
  "rows_written": {
    "markets": 0,
    "best_line": 90,
    "orderbook": 125,
    "trades": 310,
    "roster_events": 0
  },
  "rows_deduped": {
    "markets": 67,
    "best_line": 44,
    "orderbook": 223,
    "trades": 0,
    "roster_events": 0
  },
  "raw_counts": {
    "markets": 67,
    "orderbook": 348,
    "best_line": 134,
    "trades": 310
  },
  "finished_ts": "2026-08-18T21:30:11.404563+00:00"
}
{
  "cycle_id": "e61b61b2-f400-4f76-beed-8799e5c66cf7",
  "started_ts": "2026-08-18T21:35:02.818824+00:00",
  "league_id": 1384,
  "endpoints_attempted": [
    "/markets/active",
    "/orders",
    "/orders",
    "/orders",
    "/orders",
    "/trades",
    "/trades",
    "/trades",
    "/trades"
  ],
  "endpoint_failures": [],
  "rows_written": {
    "markets": 0,
    "best_line": 57,
    "orderbook": 91,
    "trades": 310,
    "roster_events": 0
  },
  "rows_deduped": {
    "markets": 67,
    "best_line": 77,
    "orderbook": 242,
    "trades": 0,
    "roster_events": 0
  },
  "raw_counts": {
    "markets": 67,
    "orderbook": 333,
    "best_line": 134,
    "trades": 310
  },
  "finished_ts": "2026-08-18T21:35:11.307919+00:00"
}
{
  "cycle_id": "c0010528-2b92-4911-9319-3c1e6f81dce5",
  "started_ts": "2026-08-18T21:40:02.999399+00:00",
  "league_id": 1384,
  "endpoints_attempted": [
    "/markets/active",
    "/orders",
    "/orders",
    "/orders",
    "/orders",
    "/trades",
    "/trades",
    "/trades",
    "/trades"
  ],
  "endpoint_failures": [],
  "rows_written": {
    "markets": 2,
    "best_line": 77,
    "orderbook": 135,
    "trades": 312,
    "roster_events": 0
  },
  "rows_deduped": {
    "markets": 65,
    "best_line": 57,
    "orderbook": 202,
    "trades": 0,
    "roster_events": 0
  },
  "raw_counts": {
    "markets": 67,
    "orderbook": 337,
    "best_line": 134,
    "trades": 312
  },
  "finished_ts": "2026-08-18T21:40:11.463661+00:00"
}
{
  "cycle_id": "75f4bbac-e317-4585-a87c-fed83705d13f",
  "started_ts": "2026-08-18T21:45:03.013163+00:00",
  "league_id": 1384,
  "endpoints_attempted": [
    "/markets/active",
    "/orders",
    "/orders",
    "/orders",
    "/orders",
    "/trades",
    "/trades",
    "/trades",
    "/trades"
  ],
  "endpoint_failures": [],
  "rows_written": {
    "markets": 0,
    "best_line": 55,
    "orderbook": 83,
    "trades": 312,
    "roster_events": 0
  },
  "rows_deduped": {
    "markets": 67,
    "best_line": 79,
    "orderbook": 244,
    "trades": 0,
    "roster_events": 0
  },
  "raw_counts": {
    "markets": 67,
    "orderbook": 327,
    "best_line": 134,
    "trades": 312
  },
  "finished_ts": "2026-08-18T21:45:11.484000+00:00"
}
{
  "cycle_id": "3069113b-1d6d-46d1-86d6-4da2cfe0c4c0",
  "started_ts": "2026-08-18T21:50:02.867219+00:00",
  "league_id": 1384,
  "endpoints_attempted": [
    "/markets/active",
    "/orders",
    "/orders",
    "/orders",
    "/orders",
    "/trades",
    "/trades",
    "/trades",
    "/trades"
  ],
  "endpoint_failures": [],
  "rows_written": {
    "markets": 0,
    "best_line": 78,
    "orderbook": 152,
    "trades": 312,
    "roster_events": 0
  },
  "rows_deduped": {
    "markets": 67,
    "best_line": 56,
    "orderbook": 196,
    "trades": 0,
    "roster_events": 0
  },
  "raw_counts": {
    "markets": 67,
    "orderbook": 348,
    "best_line": 134,
    "trades": 312
  },
  "finished_ts": "2026-08-18T21:50:11.325642+00:00"
}
{
  "cycle_id": "562b2b71-806c-4098-83b8-8c0416fede50",
  "started_ts": "2026-08-18T21:55:02.842460+00:00",
  "league_id": 1384,
  "endpoints_attempted": [
    "/markets/active",
    "/orders",
    "/orders",
    "/orders",
    "/orders",
    "/trades",
    "/trades",
    "/trades",
    "/trades"
  ],
  "endpoint_failures": [],
  "rows_written": {
    "markets": 0,
    "best_line": 69,
    "orderbook": 101,
    "trades": 312,
    "roster_events": 0
  },
  "rows_deduped": {
    "markets": 67,
    "best_line": 65,
    "orderbook": 247,
    "trades": 0,
    "roster_events": 0
  },
  "raw_counts": {
    "markets": 67,
    "orderbook": 348,
    "best_line": 134,
    "trades": 312
  },
  "finished_ts": "2026-08-18T21:55:11.314934+00:00"
}
{
  "cycle_id": "77125b63-8797-4366-80ec-6bd546db2240",
  "started_ts": "2026-08-18T22:00:03.540118+00:00",
  "league_id": 1384,
  "endpoints_attempted": [
    "/markets/active",
    "/orders",
    "/orders",
    "/orders",
    "/orders",
    "/trades",
    "/trades",
    "/trades",
    "/trades"
  ],
  "endpoint_failures": [],
  "rows_written": {
    "markets": 2,
    "best_line": 86,
    "orderbook": 201,
    "trades": 312,
    "roster_events": 0
  },
  "rows_deduped": {
    "markets": 65,
    "best_line": 48,
    "orderbook": 147,
    "trades": 0,
    "roster_events": 0
  },
  "raw_counts": {
    "markets": 67,
    "orderbook": 348,
    "best_line": 134,
    "trades": 312
  },
  "finished_ts": "2026-08-18T22:00:12.119790+00:00"
}
{
  "cycle_id": "3e6d31f7-9184-423f-a006-0ea7edb07b4c",
  "started_ts": "2026-08-18T22:05:02.837516+00:00",
  "league_id": 1384,
  "endpoints_attempted": [
    "/markets/active",
    "/orders",
    "/orders",
    "/orders",
    "/orders",
    "/trades",
    "/trades",
    "/trades",
    "/trades"
  ],
  "endpoint_failures": [],
  "rows_written": {
    "markets": 2,
    "best_line": 88,
    "orderbook": 146,
    "trades": 314,
    "roster_events": 0
  },
  "rows_deduped": {
    "markets": 65,
    "best_line": 46,
    "orderbook": 207,
    "trades": 0,
    "roster_events": 0
  },
  "raw_counts": {
    "markets": 67,
    "orderbook": 353,
    "best_line": 134,
    "trades": 314
  },
  "finished_ts": "2026-08-18T22:05:11.535481+00:00"
}
{
  "cycle_id": "9b41f4e7-d81d-47b9-b784-6ca2168f8793",
  "started_ts": "2026-08-18T22:10:02.850493+00:00",
  "league_id": 1384,
  "endpoints_attempted": [
    "/markets/active",
    "/orders",
    "/orders",
    "/orders",
    "/orders",
    "/trades",
    "/trades",
    "/trades",
    "/trades"
  ],
  "endpoint_failures": [],
  "rows_written": {
    "markets": 4,
    "best_line": 85,
    "orderbook": 134,
    "trades": 314,
    "roster_events": 0
  },
  "rows_deduped": {
    "markets": 63,
    "best_line": 49,
    "orderbook": 213,
    "trades": 0,
    "roster_events": 0
  },
  "raw_counts": {
    "markets": 67,
    "orderbook": 347,
    "best_line": 134,
    "trades": 314
  },
  "finished_ts": "2026-08-18T22:10:11.331036+00:00"
}
{
  "cycle_id": "90465d71-ffb6-4ef6-b91b-78ef247c8765",
  "started_ts": "2026-08-18T22:15:03.172053+00:00",
  "league_id": 1384,
  "endpoints_attempted": [
    "/markets/active",
    "/orders",
    "/orders",
    "/orders",
    "/orders",
    "/trades",
    "/trades",
    "/trades",
    "/trades"
  ],
  "endpoint_failures": [],
  "rows_written": {
    "markets": 2,
    "best_line": 87,
    "orderbook": 101,
    "trades": 314,
    "roster_events": 0
  },
  "rows_deduped": {
    "markets": 65,
    "best_line": 47,
    "orderbook": 254,
    "trades": 0,
    "roster_events": 0
  },
  "raw_counts": {
    "markets": 67,
    "orderbook": 355,
    "best_line": 134,
    "trades": 314
  },
  "finished_ts": "2026-08-18T22:15:11.666387+00:00"
}
{
  "cycle_id": "72389454-64ad-4f1a-addd-220af396b436",
  "started_ts": "2026-08-18T22:20:02.947240+00:00",
  "league_id": 1384,
  "endpoints_attempted": [
    "/markets/active",
    "/orders",
    "/orders",
    "/orders",
    "/orders",
    "/trades",
    "/trades",
    "/trades",
    "/trades"
  ],
  "endpoint_failures": [],
  "rows_written": {
    "markets": 0,
    "best_line": 68,
    "orderbook": 110,
    "trades": 314,
    "roster_events": 0
  },
  "rows_deduped": {
    "markets": 67,
    "best_line": 66,
    "orderbook": 243,
    "trades": 0,
    "roster_events": 0
  },
  "raw_counts": {
    "markets": 67,
    "orderbook": 353,
    "best_line": 134,
    "trades": 314
  },
  "finished_ts": "2026-08-18T22:20:11.409521+00:00"
}
{
  "cycle_id": "88eea99c-5d89-4579-bf96-5df1a01b87cd",
  "started_ts": "2026-08-18T22:25:02.879870+00:00",
  "league_id": 1384,
  "endpoints_attempted": [
    "/markets/active",
    "/orders",
    "/orders",
    "/orders",
    "/orders",
    "/trades",
    "/trades",
    "/trades",
    "/trades"
  ],
  "endpoint_failures": [],
  "rows_written": {
    "markets": 4,
    "best_line": 72,
    "orderbook": 73,
    "trades": 314,
    "roster_events": 0
  },
  "rows_deduped": {
    "markets": 63,
    "best_line": 62,
    "orderbook": 279,
    "trades": 0,
    "roster_events": 0
  },
  "raw_counts": {
    "markets": 67,
    "orderbook": 352,
    "best_line": 134,
    "trades": 314
  },
  "finished_ts": "2026-08-18T22:25:11.375857+00:00"
}
{
  "cycle_id": "49592569-ae20-4aa6-bcce-d80b6eae4da0",
  "started_ts": "2026-08-18T22:30:02.797366+00:00",
  "league_id": 1384,
  "endpoints_attempted": [
    "/markets/active",
    "/orders",
    "/orders",
    "/orders",
    "/orders",
    "/trades",
    "/trades",
    "/trades",
    "/trades"
  ],
  "endpoint_failures": [],
  "rows_written": {
    "markets": 2,
    "best_line": 76,
    "orderbook": 102,
    "trades": 314,
    "roster_events": 0
  },
  "rows_deduped": {
    "markets": 65,
    "best_line": 58,
    "orderbook": 246,
    "trades": 0,
    "roster_events": 0
  },
  "raw_counts": {
    "markets": 67,
    "orderbook": 348,
    "best_line": 134,
    "trades": 314
  },
  "finished_ts": "2026-08-18T22:30:11.294295+00:00"
}
{
  "cycle_id": "493f7efb-08ef-4bbc-a156-a521a2158bc8",
  "started_ts": "2026-08-18T22:35:02.858249+00:00",
  "league_id": 1384,
  "endpoints_attempted": [
    "/markets/active",
    "/orders",
    "/orders",
    "/orders",
    "/orders",
    "/trades",
    "/trades",
    "/trades",
    "/trades"
  ],
  "endpoint_failures": [],
  "rows_written": {
    "markets": 0,
    "best_line": 82,
    "orderbook": 87,
    "trades": 314,
    "roster_events": 0
  },
  "rows_deduped": {
    "markets": 67,
    "best_line": 52,
    "orderbook": 260,
    "trades": 0,
    "roster_events": 0
  },
  "raw_counts": {
    "markets": 67,
    "orderbook": 347,
    "best_line": 134,
    "trades": 314
  },
  "finished_ts": "2026-08-18T22:35:11.346216+00:00"
}
{
  "cycle_id": "59088551-2f97-4f1a-aa48-943975fe3532",
  "started_ts": "2026-08-18T22:40:02.987801+00:00",
  "league_id": 1384,
  "endpoints_attempted": [
    "/markets/active",
    "/orders",
    "/orders",
    "/orders",
    "/orders",
    "/trades",
    "/trades",
    "/trades",
    "/trades"
  ],
  "endpoint_failures": [],
  "rows_written": {
    "markets": 2,
    "best_line": 74,
    "orderbook": 139,
    "trades": 320,
    "roster_events": 0
  },
  "rows_deduped": {
    "markets": 65,
    "best_line": 60,
    "orderbook": 209,
    "trades": 0,
    "roster_events": 0
  },
  "raw_counts": {
    "markets": 67,
    "orderbook": 348,
    "best_line": 134,
    "trades": 320
  },
  "finished_ts": "2026-08-18T22:40:11.615983+00:00"
}
{
  "cycle_id": "d9fba640-b202-4822-9b9c-6c9d88c54683",
  "started_ts": "2026-08-18T22:45:03.197371+00:00",
  "league_id": 1384,
  "endpoints_attempted": [
    "/markets/active",
    "/orders",
    "/orders",
    "/orders",
    "/orders",
    "/trades",
    "/trades",
    "/trades",
    "/trades"
  ],
  "endpoint_failures": [],
  "rows_written": {
    "markets": 4,
    "best_line": 75,
    "orderbook": 149,
    "trades": 320,
    "roster_events": 0
  },
  "rows_deduped": {
    "markets": 63,
    "best_line": 59,
    "orderbook": 205,
    "trades": 0,
    "roster_events": 0
  },
  "raw_counts": {
    "markets": 67,
    "orderbook": 354,
    "best_line": 134,
    "trades": 320
  },
  "finished_ts": "2026-08-18T22:45:11.791474+00:00"
}
