GAME_ID,GAME_DATE_h,season_h,season_type_h,margin_true,total_true,str_margin_cal,str_total_cal,e_h,e_a,c,u,c_unc,u_unc,env_total_30d,env_total_14d,env_total_season,days_into_season,month,rest_h,rest_a,rest_min,rest_sum,pace_prior_sum,fg3a_prior_sum,season,crew_factor,crew_prior_mean,ORACLE_pace_shock,ORACLE_hot_cold_vs_env,ORACLE_c_ft,ORACLE_c_3pt,ORACLE_c_paint,ORACLE_c_np2,sub_margin_cal,e_h_sub,e_a_sub,c_sub,u_sub,c_inc,u_inc
1022400035,2024-05-29,2024,Regular Season,3.0,159.0,6.467161722532994,162.87671183537023,3.245248584311824,0.6314632510584062,1.938355917685115,1.3068926666267089,1.2094485071984877,1.6786560248700937,164.5,164.76666666666668,164.5,15,5,4.0,1.0,1.0,5.0,154.28,58.0,2024,1.002466666462121,1.002466666462121,-4.640000000000015,-5.5,0.034227265071450574,1.602487503776036,-2.2895992874648137,1.8623330258158148,7.95277702873487,4.787391811276223,0.8630812047070151,2.825236507991619,1.9621553032846037,1.938355917685115,1.3068926666267089
1022400042,2024-05-31,2024,Regular Season,11.0,169.0,9.262351695700898,157.6809380905711,-7.293896340546425,-4.0251655688825,-5.659530954714462,-1.6343653858319627,-7.860541958680884,-0.5264033978761944,163.71794871794873,163.375,163.71794871794873,17,5,2.0,2.0,2.0,4.0,150.05142857142857,54.42857142857143,2024,1.0031976051106997,1.0031976051106997,-3.73142857142858,5.28205128205127,-7.620475437448481,-0.28414990275866003,-1.981523348207478,2.0256067297337363,11.501737317554525,-5.646145838460711,-4.299790234909182,-4.9729680366849465,-0.6731778017757648,-5.659530954714462,-1.6343653858319627
1022400046,2024-06-02,2024,Regular Season,36.0,172.0,9.84972669807374,164.2872362309027,-17.611168472701635,9.898404703604314,-3.856381884548661,-13.754786588152975,-4.2941915463241,-12.649218578259578,162.70454545454547,160.4516129032258,162.70454545454547,19,6,2.0,1.0,1.0,3.0,151.264,52.025,2024,0.9998986608493482,0.9998986608493482,1.3759999999999764,9.295454545454533,2.5958393314663253,-1.9453598200790747,-1.6913200741783534,-3.253350983532996,9.68132454950093,-16.502149507121615,11.055290621545367,-2.723429442788124,-13.778720064333491,-3.856381884548661,-13.754786588152975
1022400062,2024-06-09,2024,Regular Season,5.0,181.0,13.315733790634944,159.5724988434498,-7.620444944522347,-13.807056212027831,-10.71375057827509,3.093305633752742,-12.511737212457732,5.076489452753577,160.19672131147541,154.65625,160.19672131147541,26,6,1.0,2.0,1.0,3.0,149.57575757575756,54.16666666666667,2024,0.9983200031304712,0.9983200031304712,-3.4957575757575796,20.803278688524586,-1.2018401932750749,-10.207187327711713,-3.3406355429663233,2.2379258514953704,13.632312610514193,-6.787995531304574,-13.29338846745955,-10.040691999382062,3.252696468077488,-10.71375057827509,3.093305633752742
1022400088,2024-06-20,2024,Regular Season,13.0,173.0,11.40643893542492,162.68389911010885,-6.7968649446799105,-3.5192359452112782,-5.158050444945594,-1.6388144997343161,-6.068322263058448,-0.14957061559812246,161.88571428571427,165.24242424242425,162.61627906976744,37,6,2.0,2.0,2.0,4.0,149.624,51.2,2024,1.0015418935960911,1.0015418935960911,-3.6640000000000157,10.383720930232556,2.577922394584756,-4.591420149122342,-4.977901130856843,0.9230766223359854,9.43057758220919,-8.02123772660299,-3.0654502148524614,-5.543343970727726,-2.4778937558752645,-5.158050444945594,-1.6388144997343161
1022400092,2024-06-22,2024,Regular Season,10.0,186.0,12.455522114969671,164.1061008790286,-10.619581420767787,-11.274317700203639,-10.946949560485713,0.327368139717926,-11.501821330237888,2.024101652102928,161.94285714285715,167.61290322580646,162.6888888888889,39,6,2.0,2.0,2.0,4.0,149.395,51.25,2024,1.0048111374583082,1.0048111374583082,2.004999999999967,23.311111111111103,-1.3516379336438469,-9.628795096739031,0.7781702795579193,-1.2995585794129298,11.675562347002094,-11.006258942145408,-11.00613090337879,-11.006194922762099,-6.401938330924395e-05,-10.946949560485713,0.327368139717926
1022400106,2024-06-30,2024,Regular Season,6.0,156.0,11.86127122911884,163.61624126291025,5.877864065627747,1.7383771972824889,3.808120631455118,2.0697434341726293,3.136940047148144,3.64250146094534,163.15151515151516,165.92857142857142,163.36190476190475,47,6,7.0,2.0,2.0,9.0,151.98694444444445,48.326388888888886,2024,1.0009893306183106,1.0009893306183106,-8.226944444444456,-7.3619047619047535,2.563028068154927,-2.8062665653050534,0.6082048726403144,2.771973671657957,11.345196189392965,4.785101829677117,1.1445552174293567,2.964828523553237,1.8202733061238803,3.808120631455118,2.0697434341726293
1022400111,2024-07-02,2024,Regular Season,9.0,143.0,3.694570604438937,166.54039155579275,8.996497848755027,14.543893707037725,11.770195777896376,-2.773697929141349,12.100318106040469,-3.101772622117373,163.22727272727272,164.0344827586207,163.01818181818183,49,7,2.0,2.0,2.0,4.0,151.12584795321635,55.005847953216374,2024,0.9994726702848816,0.9994726702848816,2.314152046783647,-20.01818181818183,1.644029642920203,7.89321845993887,-2.3165349014896144,4.879604904671011,3.2778394142070106,6.942176563783164,12.984377902109827,9.963277232946496,-3.0211006691633315,11.770195777896376,-2.773697929141349
1022400133,2024-07-11,2024,Regular Season,15.0,167.0,8.807083373620735,162.2957545359218,-6.0820258348109775,1.3777803707327507,-2.3521227320391134,-3.729903102771864,-3.2987669304917233,-2.8187554715042182,164.93939393939394,164.0,163.04545454545453,58,7,1.0,1.0,1.0,2.0,156.07090909090908,44.48701298701299,2024,0.995844714173298,0.995844714173298,-7.190909090909088,3.9545454545454675,1.3523564189446278,-4.803243476990407,-1.4377148460100564,1.5898349735641202,8.467472818411194,-6.434296654903079,1.3250741082422337,-2.5546112733304227,-3.8796853815726564,-2.3521227320391134,-3.729903102771864
1022400145,2024-07-16,2024,Regular Season,8.0,156.0,3.29452480166122,157.1550117371953,-2.054422857644397,3.2094345948397063,0.5775058685976546,-2.6319287262420517,-1.6086875695679126,-2.85866337053114,163.44615384615383,162.46875,162.8943661971831,63,7,3.0,2.0,2.0,5.0,151.37934782608693,47.40217391304348,2024,1.0048423612484163,1.0048423612484163,-7.89934782608691,-6.894366197183103,-5.673964657632695,2.327284285963575,2.5943975683732,-0.8564047662719929,2.6664639455122905,-2.6957592363611838,3.121304675493832,0.21277271956632404,-2.908531955927508,0.5775058685976546,-2.6319287262420517
1022400163,2024-08-20,2024,Regular Season,20.0,168.0,12.12326066532268,169.19389993702356,-4.110309632843794,5.304209569867339,0.5969499685117725,-4.707259601355567,1.420560944737744,-3.1892611475470147,165.69230769230768,165.69230769230768,163.55900621118013,98,8,3.0,4.0,3.0,7.0,153.48381766381766,48.31908831908832,2024,0.999860987765932,0.999860987765932,7.196182336182346,4.440993788819867,-3.70454836018017,-1.4682809817567541,8.864490951118139,-2.271100664443468,7.9089531505326995,-5.77307330523152,7.146379940082056,0.686653317425268,-6.459726622656788,0.5969499685117725,-4.707259601355567
1022400167,2024-08-22,2024,Regular Season,8.0,150.0,14.310774810561282,169.8609690341262,12.148388698999966,7.712580335126205,9.930484517063086,2.2179041819368805,10.87635596211588,4.215458367153886,162.88888888888889,162.88888888888889,163.31927710843374,100,8,2.0,2.0,2.0,4.0,153.73862433862433,48.34656084656085,2024,0.996221784066426,0.996221784066426,8.10137566137567,-13.319277108433738,-0.0645014542076332,10.816695299996029,-1.8536949704767274,1.9778570868042098,9.292488770878325,9.755943820468644,9.52606739918734,9.641005609827992,0.11493821064065202,9.930484517063086,2.2179041819368805
1022400172,2024-08-24,2024,Regular Season,-8.0,136.0,4.934546544084219,158.6489042231945,17.406416813060346,5.242487410134146,11.324452111597246,6.0819647014631,9.497471859699502,6.194482069067405,161.7826086956522,161.7826086956522,163.1578947368421,102,8,2.0,1.0,1.0,3.0,152.5557142857143,47.51354679802955,2024,0.9971775993315504,0.9971775993315504,-2.795714285714297,-27.15789473684211,4.561175401045738,7.5772067057159305,-0.617919303569817,-2.0229909434923448,1.4745776946268012,15.457250928088513,6.216695009328106,10.83697296870831,4.6202779593802035,11.324452111597246,6.0819647014631
1022400200,2024-09-05,2024,Regular Season,7.0,147.0,3.9249265902293526,164.30454731261972,6.928939206615709,10.375608106003995,8.652273656309852,-1.7233344496941427,8.374408223152756,-1.9538487564489913,164.1764705882353,164.87878787878788,163.57788944723617,114,9,6.0,2.0,2.0,8.0,155.49939393939394,50.151515151515156,2024,0.9962966035835876,0.9962966035835876,-7.139393939393926,-16.577889447236174,5.981177784468021,-5.344294129305048,12.467367849972394,-4.72984328198261,1.1101963887238395,5.5744378471725184,11.381179348406008,8.477808597789263,-2.9033707506167445,8.652273656309852,-1.7233344496941427
1022400209,2024-09-08,2024,Regular Season,4.0,146.0,1.4592375185829178,164.7462564821068,8.131339829873028,10.614916652233774,9.3731282410534,-1.241788411180373,9.278806445313293,-2.037199229251854,164.51724137931035,167.12121212121212,163.69417475728156,117,9,3.0,2.0,2.0,5.0,152.57882352941178,55.67647058823529,2024,1.0010179558521353,1.0010179558521353,-5.498823529411766,-17.69417475728156,-0.28386766032268174,-3.5123900380859325,9.003935725862824,4.071128417859085,0.15033387846614832,6.702363175155355,10.346091337629048,8.524227256392201,-1.8218640812368463,9.3731282410534,-1.241788411180373
1022400225,2024-09-15,2024,Regular Season,-9.0,167.0,4.966396307997568,163.77190492024698,5.0857351990695605,-8.313830278822564,-1.614047539876502,6.6997827389460625,-2.062610826209216,6.714934501343144,163.68055555555554,162.1764705882353,163.37219730941703,124,9,3.0,2.0,2.0,5.0,150.86054054054057,54.83783783783784,2024,1.0039132424545705,1.0039132424545705,-0.9005405405405611,3.6278026905829677,-1.0934622167024362,3.2061591043413653,1.256910555344808,-5.4322182691929495,4.163091102723989,3.417963886427728,-9.20757052027301,-2.8948033169226406,6.312767203350369,-1.614047539876502,6.6997827389460625
1022400236,2024-09-19,2024,Regular Season,-11.0,145.0,7.710706156775775,161.85396259741265,17.231195244865148,-0.3772326474525016,8.426981298706323,8.804213946158825,7.390129691081015,9.477202236779505,163.53424657534248,163.4,163.55128205128204,128,9,2.0,2.0,2.0,4.0,153.5323076923077,48.84615384615385,2024,1.0029966771451118,1.0029966771451118,-17.0123076923077,-18.551282051282044,3.3867015051302296,4.507101651612134,-1.490127471226966,0.9864540055656086,4.939668585500038,16.2176779978778,0.9075940335165456,8.562636015697173,7.655041982180627,8.426981298706323,8.804213946158825
1042400101,2024-09-22,2024,Playoffs,14.0,152.0,6.056892997636711,160.30798198153155,-0.2624984323827704,8.57048041391434,4.153990990765784,-4.416489423148555,2.74426411002365,-4.084799407126852,163.54794520547946,161.14705882352942,163.33333333333334,131,9,3.0,3.0,3.0,6.0,153.107,48.375,2024,1.002656058442802,1.002656058442802,-1.8269999999999982,-11.333333333333343,-0.511655261730712,6.769351057349727,0.6219298037426313,-4.135361489337996,,,,,,,
1042400102,2024-09-24,2024,Playoffs,9.0,173.0,6.233696558698396,159.90840867625127,-8.396764107049378,-4.694827216699338,-6.545795661874358,-1.8509684451750203,-8.067732450710572,-1.4712644098640695,164.08450704225353,161.24242424242425,163.34426229508196,133,9,2.0,2.0,2.0,4.0,153.06243902439024,48.146341463414636,2024,0.9999719621262936,0.9999719621262936,-6.942439024390239,9.655737704918039,4.98174743568213,0.2879856633814324,-10.563523671953039,-2.7739418778210982,,,,,,,
1042400201,2024-09-29,2024,Playoffs,10.0,164.0,1.3386402007955476,163.29661776437513,-4.6733162339315015,3.9699339983066295,-0.351691117812436,-4.3216251161190655,-0.8331345064225033,-5.114641199666188,164.015625,164.52,163.48790322580646,138,9,5.0,5.0,5.0,10.0,152.28000000000003,54.88095238095238,2024,0.9983694092476446,0.9983694092476446,-8.56000000000003,0.5120967741935374,-3.1987085636207526,3.500536959291132,-5.54641399285299,4.411451090760108,,,,,,,
1042400202,2024-10-01,2024,Playoffs,4.0,172.0,1.6238483511881934,163.3533921603468,-5.524922416262271,-3.1216854233909146,-4.323303919826593,-1.2016184964356782,-4.796937136048733,-1.9314938332912774,162.85245901639345,160.57142857142858,163.408,140,10,2.0,2.0,2.0,4.0,152.08093023255816,54.627906976744185,2024,0.999194500147244,0.999194500147244,-0.6809302325581541,8.592000000000013,-0.011960060732461919,-5.7183449299784055,0.9843869020840721,-0.05101904742193275,,,,,,,
1042400301,2024-10-10,2024,Playoffs,-2.0,188.0,2.5504206516922947,164.5598995861484,-9.510938825950134,-13.929161587901476,-11.720050206925805,2.2091113809756706,-11.893143284979438,1.6635076642452944,162.17391304347825,161.11111111111111,163.4046692607004,149,10,4.0,2.0,2.0,6.0,149.951822386679,53.03052728954671,2024,0.9988945348338244,0.9988945348338244,23.808177613320993,24.595330739299612,-0.11422500962117788,-5.544082524052143,-6.285025477927919,0.050189726621792996,,,,,,,
1042400302,2024-10-13,2024,Playoffs,14.0,146.0,2.551957250123065,165.92814823480148,4.201747916992602,15.726400317808867,9.964074117400735,-5.762326200408133,10.1593106754827,-6.335505603940135,162.85,163.8,163.5,152,10,3.0,3.0,3.0,6.0,150.45675531914895,53.073581560283685,2024,1.0004963204428874,1.0004963204428874,-20.216755319148945,-17.5,4.25249191247814,2.5732238325666987,2.189546484700408,1.144048445737452,,,,,,,
1042400305,2024-10-20,2024,Playoffs,5.0,129.0,2.874802074839786,163.27016439409374,15.953045469256665,18.317118924837075,17.13508219704687,-1.182036727790205,16.60625543552179,-1.6281897214408474,164.1904761904762,163.4022988505747,163.4022988505747,159,10,2.0,2.0,2.0,4.0,149.96006274509804,52.612941176470585,2024,0.995222458979448,0.995222458979448,6.559937254901939,-34.40229885057471,-2.2533325041101815,20.401962117142283,-8.962938281381199,7.42056410387088,,,,,,,
1022400048,2024-06-02,2024,Regular Season,19.0,155.0,-1.2655683251477428,161.95616886609938,-6.456085400629519,13.412254266728894,3.4780844330496876,-9.934169833679206,2.7040095202913506,-11.286942402703204,162.70454545454547,160.4516129032258,162.70454545454547,19,6,2.0,3.0,2.0,5.0,149.5007142857143,52.76785714285714,2024,1.0035589132161442,1.0035589132161442,-8.100714285714332,-7.7045454545454675,0.7456911882406194,-5.639545384139845,11.030990280904636,-3.433126564714069,-1.6258231800749023,-6.428326166003799,13.72630368087934,3.6489887574377704,-10.07731492344157,3.4780844330496876,-9.934169833679206
1022400059,2024-06-07,2024,Regular Season,1.0,161.0,-9.007239228743156,163.16328277432353,-3.0538971616468586,5.217179935970407,1.081641387161774,-4.135538548808633,0.8354566507128354,-7.258282230764728,160.38181818181818,156.75,160.38181818181818,24,6,3.0,2.0,2.0,5.0,152.5751111111111,55.58888888888889,2024,0.9958013618570308,0.9958013618570308,2.184888888888878,0.6181818181818244,1.0719285891436368,-4.73305412317875,3.8170393241346527,0.6795428606132994,-4.257428660531981,-3.2417493006723532,1.2407394722979461,-1.0005049141872036,-2.2412443864851497,1.081641387161774,-4.135538548808633
1022400073,2024-06-13,2024,Regular Season,-4.0,202.0,-5.923229156146416,165.64676931106905,-18.476346695923112,-17.876883993007837,-18.176615344465475,-0.29973135145763763,-17.835006764587185,-2.777874861998548,161.55714285714285,159.72727272727272,161.55714285714285,30,6,4.0,2.0,2.0,6.0,156.654,58.16666666666667,2024,0.9988989940548172,0.9988989940548172,1.945999999999998,40.44285714285715,-3.9917743718346106,0.846815696815689,-11.134314639968396,-3.5557334495998743,-7.182140818909658,-19.674387303518316,-17.97291519284107,-18.823651248179694,-0.8507360553386221,-18.176615344465475,-0.29973135145763763
1022400078,2024-06-16,2024,Regular Season,9.0,165.0,-4.183471086362609,162.74784072106988,-7.260001942967278,5.007842664037156,-1.1260796394650612,-6.133922303502217,-1.6105392921067931,-8.160683406664148,162.14285714285714,162.06060606060606,162.42857142857142,33,6,3.0,3.0,3.0,6.0,157.84615384615387,49.0,2024,1.0023616139683456,1.0023616139683456,-3.2461538461538737,2.5714285714285836,-2.513209829690555,6.724740689954155,-7.858553163578371,2.0364830112079813,-5.361328483596481,-8.128644848998533,5.15047256411124,-1.4890861424436466,-6.639558706554887,-1.1260796394650612,-6.133922303502217
1022400083,2024-06-18,2024,Regular Season,6.0,192.0,-6.795389248639007,168.1004183255486,-17.56288465643837,-6.336697018013041,-11.949790837225706,-5.613093819212665,-10.924734401552769,-8.337935378422799,161.61764705882354,163.84848484848484,162.65432098765433,35,6,2.0,3.0,2.0,5.0,152.83999999999997,56.57142857142857,2024,1.0033455102002635,1.0033455102002635,2.7200000000000273,29.34567901234567,3.9394206545317845,-17.87790586712682,4.803765499429028,-1.790014688386766,-7.44370093017421,-18.10853802129158,-6.3204326631630465,-12.214485342227313,-5.894052679064266,-11.949790837225706,-5.613093819212665
1022400103,2024-06-28,2024,Regular Season,14.0,170.0,5.532445085084445,164.05940726169712,-7.528770462260923,1.588177723958026,-2.9702963691514483,-4.558474093109474,-3.3562917949436937,-4.421575385837592,162.6865671641791,165.39285714285714,163.2970297029703,45,6,6.0,6.0,6.0,12.0,150.5920588235294,51.231617647058826,2024,0.9998201353555874,0.9998201353555874,-1.8720588235294144,6.702970297029708,1.6905872785633456,2.1160048461683374,-7.400066641019247,0.23718272134388219,4.704206844446453,-8.189638660693262,1.6423360839053203,-3.273651288393971,-4.915987372299291,-2.9702963691514483,-4.558474093109474
1022400108,2024-06-30,2024,Regular Season,-6.0,170.0,2.7353228968929413,166.6780773011114,2.6684260020365684,-5.990348700925182,-1.6609613494443067,4.329387351480875,-1.268629249451699,3.782243258577658,163.15151515151516,165.92857142857142,163.36190476190475,47,6,2.0,3.0,2.0,5.0,151.30427244582046,52.83900928792569,2024,1.0046355331965438,1.0046355331965438,3.8957275541795298,6.6380952380952465,-9.167188509862857,6.330107811578786,1.8748960186962087,-0.3064445698638374,5.87533229633337,2.2957412006365274,-8.848107915133326,-3.2761833572483994,5.571924557884927,-1.6609613494443067,4.329387351480875
1022400109,2024-07-01,2024,Regular Season,-11.0,155.0,0.5574642758779996,158.86638928003782,7.695640138177595,-3.8292508581397726,1.933194640018911,5.762445498158684,0.2794866440477719,4.883724071006604,162.96923076923076,164.42857142857142,163.0648148148148,48,7,1.0,3.0,1.0,4.0,153.01777777777778,45.388888888888886,2024,0.9990251580521872,0.9990251580521872,-15.97777777777776,-8.06481481481481,-4.748188935163964,9.739272189238203,-4.497517385920492,-0.2140792241059768,0.7995431386046264,7.852599502967351,-3.878441546570997,1.987078978198177,5.865520524769174,1.933194640018911,5.762445498158684
1022400132,2024-07-10,2024,Regular Season,16.0,184.0,6.52486955045074,169.19077098978642,-12.444822429773438,-2.364406580440132,-7.404614505106785,-5.040207924666653,-6.435117196667832,-4.78428670068736,165.17741935483872,164.46666666666667,163.11811023622047,57,7,3.0,3.0,3.0,6.0,153.98597402597403,45.6948051948052,2024,1.0007105014199502,1.0007105014199502,-11.385974025974008,20.881889763779526,-0.9132004984044473,-1.3225880518988955,-4.9091861522912765,0.7098575059267844,4.727718742997681,-13.059708214864486,-1.4920336578770304,-7.275870936370758,-5.783837278493728,-7.404614505106785,-5.040207924666653
1022400161,2024-08-18,2024,Regular Season,18.0,154.0,4.178851059382236,165.91917794054018,-1.12498349847327,13.04416143901345,5.95958897027009,-7.08457246874336,6.109771075686098,-7.290790310470243,169.22222222222223,169.22222222222223,163.70700636942675,96,8,2.0,1.0,1.0,3.0,155.32091168091168,41.274928774928775,2024,1.000513400607093,1.000513400607093,7.559088319088318,-9.70700636942675,-3.305827797318657,10.815164918343779,2.6472130701262486,-4.046779115465272,4.2192234702910705,-1.8078797709434014,12.382495755372375,5.287307992214487,-7.095187763157888,5.95958897027009,-7.08457246874336
1022400177,2024-08-26,2024,Regular Season,-14.0,154.0,-7.039404939145613,166.38798108473583,10.444267834010802,1.9437132507250254,6.193990542367914,4.250277291642888,6.764407527697166,1.5053691309016628,163.03703703703704,163.03703703703704,163.32,104,8,3.0,2.0,2.0,5.0,151.27866666666665,55.83333333333333,2024,1.0031694276049352,1.0031694276049352,-5.478666666666641,-9.319999999999993,4.6990918449040455,3.615649033124944,-4.068848964314505,2.518515613982682,-7.218304384997318,9.187048904267186,0.9283455576521078,5.057697230959647,4.129351673307539,6.193990542367914,4.250277291642888
1022400183,2024-08-28,2024,Regular Season,-13.0,165.0,-3.4588678737406253,166.77309717880047,6.136717129211476,-4.3636199504109925,0.8865485894002418,5.250168539811234,1.4668067322712872,3.304622966508596,162.83870967741936,162.83870967741936,163.27932960893855,106,8,2.0,4.0,2.0,6.0,149.2080430107527,51.33333333333333,2024,0.9995432349036912,0.9995432349036912,7.951956989247321,1.7206703910614465,-1.4347023861670722,3.301092750089321,2.211664050834802,-2.6112476824857636,-1.2583016464169867,5.157948652567384,-7.027687660050773,-0.9348695037416945,6.092818156309079,0.8865485894002418,5.250168539811234
1022400194,2024-09-01,2024,Regular Season,-18.0,176.0,-4.020750245468965,168.6952365925863,3.902872411678999,-11.207635819092701,-3.652381703706851,7.55525411538585,-2.5399047037228257,5.443808324806184,164.3658536585366,163.0,163.5873015873016,110,9,4.0,2.0,2.0,6.0,151.9374193548387,52.228830645161295,2024,0.9970326947935264,0.9970326947935264,-10.417419354838728,12.412698412698404,1.0833353103785228,0.584437591147692,-5.978987037735948,1.7713094324868992,-4.186454601277138,3.1261736374159454,-11.790735202268692,-4.332280782426373,7.458454419842319,-3.652381703706851,7.55525411538585
1022400198,2024-09-03,2024,Regular Season,8.0,140.0,2.1214850024825704,159.78898176336745,6.82750108356413,12.961480679803316,9.894490881683723,-3.066989798119593,8.448178423976394,-3.611934795547377,164.82608695652175,164.4848484848485,163.7164948453608,112,9,2.0,2.0,2.0,4.0,150.52261363636364,44.81912878787879,2024,1.0030250381757873,1.0030250381757873,-9.92261363636365,-23.716494845360813,-3.572303663124382,3.950248466194166,11.619210532905782,-3.548976911999178,-0.6823604480368213,5.8620199587888635,14.3168464068183,10.089433182803582,-4.227413224014718,9.894490881683723,-3.066989798119593
1022400201,2024-09-05,2024,Regular Season,-13.0,167.0,-0.192738860652808,165.217296572512,5.688083625731252,-7.470787053219254,-0.891351713744001,6.579435339475253,-0.8155598552744934,5.40197862119161,164.1764705882353,164.87878787878788,163.57788944723617,114,9,2.0,2.0,2.0,4.0,148.69119429590017,52.09803921568627,2024,1.0004330321987152,1.0004330321987152,-3.011194295900168,3.422110552763826,4.12813202602951,-5.125707826050977,3.8494527544651422,-3.6674368097181675,0.7250603702245569,4.760524085779807,-9.060510571622217,-2.149993242921205,6.910517328701012,-0.891351713744001,6.579435339475253
1022400223,2024-09-13,2024,Regular Season,-19.0,157.0,-3.9029983491787066,157.71194251522664,8.236155166408878,-7.524212651182239,0.3559712576133194,7.8801839087955585,-1.4916406790039929,6.019423098302397,164.14285714285714,165.3235294117647,163.61926605504587,122,9,6.0,3.0,3.0,9.0,149.55666666666667,43.75,2024,1.0032900597114365,1.0032900597114365,9.763333333333321,-6.61926605504587,2.1362506545480153,0.8630761242690816,-3.2940822054729857,-1.196885252348106,-5.70786982632326,7.273018011712566,-6.966596337886358,0.15321083691310378,7.119807174799462,0.3559712576133194,7.8801839087955585
1022400240,2024-09-19,2024,Regular Season,-19.0,159.0,-3.761005027954158,161.08663752787356,9.05154021288206,-6.964902685008511,1.0433187639367745,8.008221448945285,0.1005453866027608,6.110604583786937,163.53424657534248,163.4,163.55128205128204,128,9,2.0,2.0,2.0,4.0,153.60410256410256,46.769230769230774,2024,0.9993832263211456,0.9993832263211456,1.0358974358974251,-4.551282051282044,1.6138940038634786,-7.093934581799759,6.593760243234161,-1.0131742786951174,-5.647551795062222,8.903424589693785,-5.59078521830898,1.6563196856924023,7.247104904001382,1.0433187639367745,8.008221448945285
1022400057,2024-06-07,2024,Regular Season,-13.0,143.0,6.481105238602707,165.44619772617986,20.588237863412786,1.8579598627670748,11.22309886308993,9.365139000322856,11.185601791282664,9.68760990028585,160.38181818181818,156.75,160.38181818181818,24,6,2.0,3.0,2.0,5.0,160.4495238095238,47.96825396825397,2024,1.003076398365892,1.003076398365892,-3.4095238095237903,-17.381818181818176,-3.1425857919036737,5.137289499145886,10.322568282202816,-1.1316701981623605,6.105670276196893,19.922514402660582,1.5450700703834315,10.733792236522007,9.188722166138575,11.22309886308993,9.365139000322856
1022400068,2024-06-11,2024,Regular Season,-14.0,186.0,1.1753352911958648,166.20063626679544,-2.230094302567636,-17.569269430636922,-9.899681866602279,7.669587564034643,-9.595004080220171,6.7804920071930965,161.15151515151516,156.42857142857142,161.15151515151516,28,6,2.0,2.0,2.0,4.0,155.3959595959596,54.494949494949495,2024,1.000997576135897,1.000997576135897,-7.47595959595958,24.848484848484844,-1.5442800804209593,-7.22086535568587,-1.437766564182251,0.6079079200689139,6.608030065907027,-2.1617913436653566,-21.856451108072946,-12.009121225869151,9.847329882203795,-9.899681866602279,7.669587564034643
1022400077,2024-06-15,2024,Regular Season,-8.0,172.0,0.8243423528130098,167.88335773710412,2.4993451022629927,-6.6159873651588725,-2.05832113144794,4.557666233710933,-1.2914095577728446,3.5551007194879176,162.231884057971,161.40625,162.44,32,6,2.0,6.0,2.0,8.0,155.04027972027973,56.71328671328671,2024,0.9992973423252454,0.9992973423252454,-6.160279720279732,9.560000000000002,4.715702034098634,-4.9983288746460595,0.15839737404278154,-1.1671800912682024,-1.3606781676658855,1.6505692158985283,-5.64858171294037,-1.9990062485209208,3.649575464419449,-2.05832113144794,4.557666233710933
1022400086,2024-06-19,2024,Regular Season,11.0,177.0,1.29643740797964,165.58663204267702,-10.499162507891981,-0.9142054494309946,-5.706683978661488,-4.792478529230493,-5.5704868766531135,-5.6417418640309975,161.91304347826087,165.875,162.84337349397592,36,6,4.0,3.0,3.0,7.0,159.31047619047618,49.226190476190474,2024,1.002096855559218,1.002096855559218,-8.710476190476186,14.156626506024082,-1.1658818205041293,6.2071549474563525,-12.730258917708404,2.1184989141030712,-1.0847227940221986,-11.172402375364783,0.37202446983209825,-5.400188952766342,-5.7722134225984405,-5.706683978661488,-4.792478529230493
1022400090,2024-06-21,2024,Regular Season,11.0,159.0,0.8087260119389826,162.0383437637404,-3.548949614576742,6.587293378317156,1.5191718818702071,-5.068121496446949,0.7128553314781811,-5.954927365963201,161.95652173913044,166.42424242424244,162.64772727272728,38,6,2.0,3.0,2.0,5.0,154.17362637362638,44.81318681318681,2024,0.9995443644520252,0.9995443644520252,-7.053626373626372,-3.6477272727272805,-0.9345651031545552,2.7579902192288612,-1.1535135444956666,0.04294375989954524,-1.5635532288146952,-4.9588788400313035,7.1874995842470355,1.114310372107866,-6.0731892121391695,1.5191718818702071,-5.068121496446949
1022400113,2024-07-02,2024,Regular Season,19.0,157.0,9.821901271433136,169.57176126646738,1.127341316395004,11.444419950072387,6.285880633233695,-5.1585393168386915,7.271538733248789,-4.16708676891426,163.22727272727272,164.0344827586207,163.01818181818183,49,7,3.0,2.0,2.0,5.0,152.071,52.2375,2024,1.000676081415878,1.000676081415878,9.12899999999999,-6.01818181818183,4.959306907508727,5.016330545263889,0.0873716539718572,-2.7914703734956854,11.392324149932087,0.3217447374443907,9.444518042901166,4.883131390172778,-4.5613866527283875,6.285880633233695,-5.1585393168386915
1022400117,2024-07-04,2024,Regular Season,21.0,175.0,8.369005488829249,167.79415047776723,-10.403170844879824,3.1973213226470563,-3.602924761116384,-6.80024608376344,-3.05776896493623,-6.100068648410954,164.0,164.51724137931035,163.09565217391304,51,7,2.0,2.0,2.0,4.0,151.19164705882355,54.529411764705884,2024,0.9984739113349322,0.9984739113349322,-3.551647058823562,11.904347826086962,2.4611374538474244,0.34943982522392325,-4.317745071770691,-1.5506011722368838,11.175090670125744,-11.339353320328371,0.08764181696342632,-5.625855751682472,-5.713497568645899,-3.602924761116384,-6.80024608376344
1022400124,2024-07-07,2024,Regular Season,19.0,189.0,10.857936438499744,171.4854615811417,-13.445032971329724,-4.0695054475285986,-8.757269209429161,-4.6877637619005625,-7.283544251075689,-3.5017933260066556,165.56716417910448,165.06896551724137,163.2295081967213,54,7,2.0,2.0,2.0,4.0,154.68641604010026,45.43859649122807,2024,1.0047791242099842,1.0047791242099842,16.39358395989973,25.770491803278702,3.2272943202714064,-8.102488502873104,-3.0488683104090093,0.6405182419350259,9.97621777591796,-13.371533981309156,-3.295751244945947,-8.333642613127552,-5.037891368181604,-8.757269209429161,-4.6877637619005625
1022400146,2024-07-16,2024,Regular Season,-8.0,178.0,10.875786538720613,166.3055336084904,2.866733522347573,-14.561199913857152,-5.847233195754789,8.713966718102363,-5.768554168642652,10.009669175469824,163.44615384615383,162.46875,162.8943661971831,63,7,2.0,3.0,2.0,5.0,157.5321739130435,41.82608695652174,2024,1.0008504155548958,1.0008504155548958,-0.17217391304347984,15.105633802816897,-4.3870846781843404,7.1151056766370955,-3.992286230695715,-4.504288936399687,9.768873456493617,1.7385624167050224,-14.7145513153406,-6.487994449317789,8.226556866022811,-5.847233195754789,8.713966718102363
1022400156,2024-08-17,2024,Regular Season,-12.0,146.0,0.2365977287511675,167.3822168386477,16.99363092806975,4.388585910577973,10.69110841932386,6.302522508745888,11.338503425904875,5.177678546069174,163.62337662337663,163.62337662337663,163.62337662337663,95,8,10.0,2.0,2.0,12.0,153.34974358974358,56.57051282051282,2024,1.0006717553569773,1.0006717553569773,-4.229743589743578,-17.62337662337663,2.3931253672471424,2.4218968756140367,5.229715479214001,1.2937657038297004,1.4154929727856844,15.884627683387535,2.4225812095746875,9.153604446481111,6.731023236906424,10.69110841932386,6.302522508745888
1022400159,2024-08-18,2024,Regular Season,16.0,158.0,10.749231418353755,168.58008078848414,1.9976879186101968,8.582392869873942,5.2900403942420695,-3.2923524756318727,5.984406544284454,-2.0715986177700927,169.22222222222223,169.22222222222223,163.70700636942675,96,8,1.0,1.0,1.0,2.0,152.4580307692308,49.77230769230769,2024,1.0018880954747764,1.0018880954747764,-10.098030769230775,-5.70700636942675,-0.8986255263967076,3.327053694496204,2.6027806322000693,0.95319774398489,10.073168545343202,1.0519009752404855,8.252126474917986,4.652013725079236,-3.6001127498387504,5.2900403942420695,-3.2923524756318727
1022400166,2024-08-21,2024,Regular Season,-11.0,185.0,4.957166445642814,166.268430921704,-1.6189008639619544,-17.112668214334036,-9.365784539147995,7.746883675186041,-9.141972928729245,7.709007514404135,163.25,163.25,163.359756097561,99,8,3.0,4.0,3.0,7.0,151.92831908831909,52.21225071225071,2024,1.002310052076271,1.002310052076271,-5.488319088319088,21.64024390243901,4.222086270543015,-7.9992610680992335,-1.6110917478621172,-3.753706383310906,6.655742894997658,-2.8290680963150976,-19.588027751695307,-11.208547924005202,8.379479827690105,-9.365784539147995,7.746883675186041
1022400187,2024-08-30,2024,Regular Season,11.0,155.0,5.824504109063286,162.68173091211685,0.8759796771925181,6.805751234924344,3.840865456058431,-2.964885778865913,3.076307325769477,-2.7340287081072745,163.02777777777777,163.66666666666666,163.30434782608697,108,8,3.0,2.0,2.0,5.0,152.68133333333333,45.0,2024,0.9969202927963278,0.9969202927963278,0.07866666666666333,-8.304347826086968,4.301340316825658,-10.042666764090326,4.156276382807498,4.6613573902266445,0.16375887288433644,-0.7636218180323624,9.827474925141388,4.531926553554513,-5.295548371586875,3.840865456058431,-2.964885778865913
1022400197,2024-09-03,2024,Regular Season,19.0,161.0,8.917551443949197,165.0999369307264,-3.576676424487218,7.676613355213618,2.0499684653632,-5.626644889850418,1.8553914944166934,-4.747818031177488,164.82608695652175,164.4848484848485,163.7164948453608,112,9,2.0,2.0,2.0,4.0,156.12875000000003,40.90625,2024,1.000618834830018,1.000618834830018,-17.52875000000003,-2.7164948453608133,-2.0688284697643056,-2.5289011121394047,5.226739792660037,1.2263812836603698,5.523626781063561,-6.294648587969718,7.889426805539415,0.7973891087848486,-7.092037696754566,2.0499684653632,-5.626644889850418
1022400228,2024-09-15,2024,Regular Season,13.0,155.0,1.0917938935982945,159.7932838082848,-3.5993388040950975,8.392622612379881,2.396641904142392,-5.995980708237489,0.9784749402184332,-6.773154380303936,163.68055555555554,162.1764705882353,163.37219730941703,124,9,2.0,2.0,2.0,4.0,151.67675675675676,44.4054054054054,2024,1.0018812514824136,1.0018812514824136,-6.556756756756755,-8.372197309417032,6.641099832448134,-2.391551740562596,0.25096954579401753,-3.522042697461128,-0.9563727242218489,-4.818023717343323,8.909547200250472,2.0457617414535747,-6.863785458796897,2.396641904142392,-5.995980708237489
1022400239,2024-09-19,2024,Regular Season,14.0,182.0,7.380172773833805,172.70430792892586,-8.259942364619747,-1.0357497064543963,-4.647846035537071,-3.612096329082675,-2.7548253314515847,-3.2350508790640333,163.53424657534248,163.4,163.55128205128204,128,9,2.0,4.0,2.0,6.0,155.29128205128205,45.33333333333333,2024,0.9983214960307666,0.9983214960307666,5.108717948717953,18.448717948717956,0.2630355391614332,-12.45622953214628,1.9285947157475078,7.509773945785751,5.8638320471517416,-10.02130174748629,-1.4447883803574513,-5.733045063921871,-4.28825668356442,-4.647846035537071,-3.612096329082675
1042400131,2024-09-22,2024,Playoffs,11.0,145.0,1.6864164900398193,162.19905536003088,3.9004249480021542,13.298630412028729,8.599527680015441,-4.699102732013287,7.813475613327292,-5.3913154939490155,163.54794520547946,161.14705882352942,163.33333333333334,131,9,3.0,3.0,3.0,6.0,155.38600000000002,47.45,2024,1.0011327488375583,1.0011327488375583,-7.826000000000022,-18.333333333333343,-0.06380736075752136,5.163252989983736,2.8514436249129886,-0.13741364081191376,,,,,,,
1042400132,2024-09-24,2024,Playoffs,7.0,159.0,2.233353603162857,160.70762315324092,-1.64781499009392,3.355438143334837,0.8538115766204584,-2.5016265667143784,-0.34810950097770643,-3.0400979999774407,164.08450704225353,161.24242424242425,163.34426229508196,133,9,2.0,2.0,2.0,4.0,155.1951219512195,47.1219512195122,2024,1.0001042715736277,1.0001042715736277,-1.4351219512195144,-4.344262295081961,-0.5112228311586531,-1.4011913076275277,-0.36654830388111037,1.9308529416895834,,,,,,,
1042400203,2024-10-04,2024,Playoffs,14.0,176.0,0.3744619735761521,164.46855607044134,-12.46521019129932,0.9337662617406579,-5.765721964779331,-6.699488226519989,-5.906377317867843,-7.733791468647446,162.92592592592592,164.25,163.37698412698413,143,10,3.0,3.0,3.0,6.0,152.06545454545454,54.65909090909091,2024,0.9987540669557544,0.9987540669557544,-1.7454545454545496,12.623015873015873,0.31462861742587034,-11.059984013971523,-0.14740331573409904,4.986381394411913,,,,,,,
1042400204,2024-10-06,2024,Playoffs,-14.0,138.0,1.570637800727183,164.62055652623224,21.112345861093175,5.508210665139046,13.31027826311611,7.802067597977064,13.17919490595228,7.034336834006005,163.24528301886792,165.57142857142858,163.45669291338584,145,10,2.0,2.0,2.0,4.0,152.02666666666667,54.8,2024,0.9986940194660818,0.9986940194660818,-4.26666666666668,-25.456692913385837,0.8826414181416178,2.048001456297678,5.76884933409541,4.4797026974175695,,,,,,,
1022400053,2024-06-05,2024,Regular Season,-24.0,148.0,-7.750549227919842,163.2292043746238,16.50407946887823,-1.274875094254412,7.61460218731191,8.889477281566322,7.353228646349493,6.048705450630791,160.94117647058823,158.4375,160.94117647058823,22,6,3.0,3.0,3.0,6.0,148.74,48.5,2024,1.0031723048967944,1.0031723048967944,8.219999999999999,-12.941176470588232,-1.5372258916922936,6.453602156219999,1.8977505132291785,0.5391018685926134,-3.5510221409819804,16.571540104232497,-4.575397286330798,5.99807140895085,10.573468695281647,7.61460218731191,8.889477281566322
1022400058,2024-06-07,2024,Regular Season,9.0,153.0,-1.0658200724457485,161.7576612094993,-0.47615387029352974,9.233815079792834,4.378830604749652,-4.854984475043182,3.5460767890283478,-6.158673395067922,160.38181818181818,156.75,160.38181818181818,24,6,2.0,2.0,2.0,4.0,152.3022222222222,39.513888888888886,2024,0.9992532662314942,0.9992532662314942,3.0177777777777806,-7.381818181818176,4.52503745943932,7.702935432967833,-4.4000353268238115,-4.281860776554999,-1.655281632334946,-0.2955280271083609,9.872275056862549,4.788373514877094,-5.083901541985455,4.378830604749652,-4.854984475043182
1022400065,2024-06-09,2024,Regular Season,4.0,188.0,-9.744634445384438,159.5680623600436,-20.232152893181492,-8.199784746774924,-14.215968819978208,-6.016184073203284,-15.4107586361365,-9.231803032043992,160.19672131147541,154.65625,160.19672131147541,26,6,2.0,2.0,2.0,4.0,153.70600000000002,51.1,2024,0.9983541174449604,0.9983541174449604,1.2939999999999827,27.803278688524586,-6.081345799360301,-6.743135629421955,-5.446380994861576,2.8601037875073283,-9.08448419848506,-19.931771594440022,-8.451564533223006,-14.191668063831514,-5.740103530608508,-14.215968819978208,-6.016184073203284
1022400114,2024-07-02,2024,Regular Season,-2.0,162.0,-3.22852247465135,163.47706827971604,0.5174263591557065,0.9596419205603155,0.738534139858011,-0.22110778070230452,0.425374131315607,-2.0474599661085193,163.22727272727272,164.0344827586207,163.01818181818183,49,7,4.0,3.0,3.0,7.0,146.8833918128655,49.27485380116959,2024,1.0026243043277732,1.0026243043277732,-7.563391812865518,-1.01818181818183,6.580266606426185,-10.527993102528875,-0.8993088033159164,5.2724094307342115,-0.017841115654931405,0.33211992146954117,-1.7820238354904916,-0.7249519570104752,1.0570718784800164,0.738534139858011,-0.22110778070230452
1022400119,2024-07-05,2024,Regular Season,5.0,191.0,-11.94429449367116,167.15650848973118,-19.199683027409918,-4.643808482858901,-11.92174575513441,-7.2779372722755085,-11.01586751434155,-11.144322078954772,164.75757575757575,164.44827586206895,163.0940170940171,52,7,3.0,1.0,1.0,4.0,150.39684210526315,49.909356725146196,2024,1.0050567868384992,1.0050567868384992,26.363157894736844,27.90598290598291,-5.5634571377328,-3.838662526506676,-2.9968385897021577,1.3830907396000756,-11.5788707953596,-19.945353404699716,-5.623603720352804,-12.78447856252626,-7.160874842173456,-11.92174575513441,-7.2779372722755085
1022400126,2024-07-07,2024,Regular Season,-6.0,162.0,-2.541200588382492,167.84335111667465,5.076082649596586,0.7672684670780257,2.9216755583373057,2.15440709125928,3.766024071090605,0.3939060788262836,165.56716417910448,165.06896551724137,163.2295081967213,54,7,2.0,4.0,2.0,6.0,151.07,50.650000000000006,2024,0.997924323015314,0.997924323015314,3.6100000000000136,-1.229508196721298,-2.930260293096456,9.429286722017473,-1.7061040084017733,-1.0268983494286466,-1.1154411084236997,3.6753695103133595,-1.6652398475757053,1.005064831368827,2.6703046789445324,2.9216755583373057,2.15440709125928
1022400127,2024-07-09,2024,Regular Season,-15.0,149.0,-3.994118070685541,161.78740472777605,12.319084843558969,0.46831988421709525,6.393702363888032,5.925382479670937,5.645704338192239,3.960910264795295,166.07692307692307,165.0,163.23015873015873,56,7,2.0,3.0,2.0,5.0,149.3847619047619,48.42857142857143,2024,1.002438185551009,1.002438185551009,-15.624761904761897,-14.230158730158735,-0.5488280285456941,8.554561770950691,-3.146236467936843,0.7862070637240901,-3.369359808085676,12.322986561530158,-0.028347786016752252,6.147319387756703,6.175667173773455,6.393702363888032,5.925382479670937
1022400144,2024-07-16,2024,Regular Season,-6.0,172.0,-7.963239078395687,164.3728735067536,-3.9893760794854245,-3.6377504137609833,-3.813563246623204,-0.1758128328622206,-3.7614554114935714,-3.0878740472401347,163.44615384615383,162.46875,162.8943661971831,63,7,3.0,2.0,2.0,5.0,154.38289855072463,42.981884057971016,2024,1.002936367924982,1.002936367924982,3.7371014492753716,9.105633802816897,-2.323626103697454,-7.08549756985378,1.5864645509386222,4.061203711119034,-9.685220901016335,-3.5027920754953072,-1.8104836718008102,-2.6566378736480587,-0.8461542018472485,-3.813563246623204,-0.1758128328622206
1022400151,2024-08-15,2024,Regular Season,-35.0,171.0,-8.46934114484657,163.22566477975053,10.202712366509942,-17.97704758675941,-3.8871676101247346,14.089879976634677,-4.1306552254768505,11.087130820398578,163.3716216216216,163.3716216216216,163.3716216216216,93,8,10.0,10.0,10.0,20.0,150.0818,52.34833333333333,2024,1.0007674257761794,1.0007674257761794,1.4381999999999948,7.628378378378386,0.7163613352748337,-5.570519325941289,2.6558741476595458,-1.9323713824699382,-8.43688918252377,9.051764849372432,-19.063714147984783,-5.005974649306175,14.057739498678608,-3.8871676101247346,14.089879976634677
1022400157,2024-08-17,2024,Regular Season,-4.0,176.0,0.2777898297249235,161.44317765564597,-5.079922752008073,-9.476899592345958,-7.278411172177016,2.1984884201689425,-8.23104734183216,1.2041301912918172,163.62337662337663,163.62337662337663,163.62337662337663,95,8,2.0,2.0,2.0,4.0,154.28640000000001,37.16,2024,1.005846067313593,1.005846067313593,13.713599999999985,12.376623376623371,-3.152843832966183,-1.9932164060642457,-1.1573087896288783,-1.9276783131728514,0.343917361163667,-5.468452947245623,-9.887908601613049,-7.678180774429336,2.2097278271837126,-7.278411172177016,2.1984884201689425
1022400182,2024-08-28,2024,Regular Season,6.0,182.0,-8.375944801702966,162.62196054095946,-16.072540820961535,-3.3054986380790012,-9.689019729520268,-6.383521091441267,-10.097488848775434,-9.35289440590632,162.83870967741936,162.83870967741936,163.27932960893855,106,8,3.0,2.0,2.0,5.0,151.2032258064516,52.44408602150537,2024,1.000078624353988,1.000078624353988,-2.163225806451578,18.720670391061446,-1.7894674278389449,-2.8021392434547145,-8.144009134219285,2.638126956737511,-7.655685174759516,-16.111527525049027,-3.9181620015935152,-10.014844763321271,-6.096682761727756,-9.689019729520268,-6.383521091441267
1022400193,2024-09-01,2024,Regular Season,-18.0,142.0,0.4415029736992868,159.41198154868755,17.93124847956419,-0.5192669308766398,8.705990774343775,9.225257705220415,7.20221035964223,8.309259133499744,164.3658536585366,163.0,163.5873015873016,110,9,4.0,2.0,2.0,6.0,150.79354838709676,41.80645161290323,2024,1.003527844228023,1.003527844228023,-5.153548387096777,-21.587301587301596,3.078199282727171,4.978780203396358,-0.581843601844291,-0.27292552463699904,-1.2009523957125403,18.06483511714376,0.9190079362882813,9.49192152671602,8.572913590427738,8.705990774343775,9.225257705220415
1022400211,2024-09-08,2024,Regular Season,-12.0,146.0,-5.703657796811126,160.2859335413432,10.825332585577854,3.460600955765358,7.142966770671606,3.682365814906248,6.035537168557411,1.3631236197708319,164.51724137931035,167.12121212121212,163.69417475728156,117,9,2.0,2.0,2.0,4.0,150.46941176470588,40.38235294117647,2024,1.0016252636631593,1.0016252636631593,-11.629411764705878,-17.69417475728156,2.8633560693446567,-1.5257102280924748,2.290817016621709,2.407074310683531,-6.006995063753632,11.26222596122453,4.106121346713593,7.6841736539690615,3.5780523072554686,7.142966770671606,3.682365814906248
1022400214,2024-09-10,2024,Regular Season,-20.0,152.0,-7.030590228074126,159.0343220061751,10.621043930722095,-3.5867219245469784,3.5171610030875584,7.103882927634537,2.107541078824106,4.511029527057509,164.38095238095238,166.3939393939394,163.67298578199052,119,9,2.0,2.0,2.0,4.0,150.13714285714286,40.14285714285714,2024,1.0015588651561396,1.0015588651561396,-9.697142857142865,-11.67298578199052,5.061970910618794,-3.286094900579405,-2.691821929872436,3.023486998657158,-7.732116278477862,10.591399907597676,-3.0523072908367794,3.7695463083804484,6.821853599217228,3.5171610030875584,7.103882927634537
1022400217,2024-09-11,2024,Regular Season,-8.0,172.0,-7.428380593867527,161.4274354955662,-4.299324330537061,-6.273240173896738,-5.2862822522169,0.9869579216798385,-6.041184935851021,-1.7444128849635803,164.3030303030303,165.6,163.65887850467288,120,9,1.0,4.0,1.0,5.0,154.22057142857142,43.30396825396825,2024,0.998425315862546,0.998425315862546,-4.2605714285714384,8.341121495327116,-1.3041884696324386,-1.0757085621460618,-1.9386925041079408,-1.7225953999645753,-7.938118496988511,-3.9676956720632575,-5.55945740946467,-4.763576540763964,0.7958808687007064,-5.2862822522169,0.9869579216798385
1022400233,2024-09-17,2024,Regular Season,-4.0,166.0,-1.0744208116284308,163.12856883682508,0.23369233249944443,-3.105123495674377,-1.4357155815874663,1.6694079140869107,-1.8991582011038801,0.3358036115392977,163.58333333333334,163.4,163.66812227074234,126,9,2.0,2.0,2.0,4.0,149.34842105263158,48.15789473684211,2024,1.0012807434424484,1.0012807434424484,16.13157894736844,2.3318777292576556,-3.9490977405167467,-0.5875445831021615,3.7903919922393072,-1.1529078697242765,1.0131434828492494,0.6844227688226425,-4.361320545925224,-1.8384488885512908,2.5228716573739334,-1.4357155815874663,1.6694079140869107
1022400052,2024-06-05,2024,Regular Season,-14.0,176.0,-8.745290872968942,162.61480478264295,-3.230173538926323,-10.155021678430728,-6.6925976086785255,3.4624240697522026,-7.093313029520452,0.40992878080782447,160.94117647058823,158.4375,160.94117647058823,22,6,3.0,5.0,3.0,8.0,159.0285714285714,44.42857142857143,2024,0.9981089303515372,0.9981089303515372,3.4514285714286075,15.058823529411768,-5.691775550174914,0.42065040017969935,-2.9112081785691686,1.0890202990439422,-8.239200329880331,-3.1976300601293275,-10.530272961097879,-6.863951510613603,3.6663214504842756,-6.6925976086785255,3.4624240697522026
1022400063,2024-06-09,2024,Regular Season,-7.0,187.0,-1.8218368192495733,159.8486164531223,-10.784671375587081,-16.3667121712906,-13.575691773438841,2.79102039785176,-14.902598071704226,1.3558479258626974,160.19672131147541,154.65625,160.19672131147541,26,6,2.0,2.0,2.0,4.0,155.35030303030302,46.03030303030303,2024,1.0034817606942856,1.0034817606942856,17.169696969696957,26.803278688524586,1.166743740888042,-0.47839759030326334,-8.121608559424395,-7.469335662864611,0.655877656125451,-8.897053358322296,-16.611118927986553,-12.754086143154424,3.8570327848321284,-13.575691773438841,2.79102039785176
1022400072,2024-06-13,2024,Regular Season,-8.0,176.0,-9.55024801191512,165.95348873973785,-4.828129063387507,-5.218382196874657,-5.023255630131082,0.19512656674357487,-4.504008942692579,-3.1069771345375443,161.55714285714285,159.72727272727272,161.55714285714285,30,6,4.0,2.0,2.0,6.0,160.03666666666666,36.96666666666667,2024,1.002603321175057,1.002603321175057,-12.396666666666675,14.44285714285715,-0.5993244524254706,-3.0211127336153165,-1.0469552224438523,0.16338346579205965,-7.9897286938795515,-3.136448410086615,-4.908932677921399,-4.022690544004007,0.886242133917392,-5.023255630131082,0.19512656674357487
1022400076,2024-06-15,2024,Regular Season,-18.0,152.0,-9.01742107943623,162.71743371498965,10.709836942120774,0.007596772868879498,5.3587168574948265,5.351120084625947,4.99276423324504,2.2351794598051384,162.231884057971,161.40625,162.44,32,6,2.0,3.0,2.0,5.0,155.11454545454546,33.74242424242424,2024,1.003642678429725,1.003642678429725,-6.874545454545455,-10.439999999999998,-5.3059362683368985,3.55010767305186,1.1361070419458024,5.612485786584267,-8.396955773768608,11.64517423751144,0.37275176500799034,6.0089630012597155,5.636211236251725,5.3587168574948265,5.351120084625947
1022400098,2024-06-27,2024,Regular Season,6.0,182.0,-8.473985068170013,163.2954034118814,-15.76293029978612,-2.9416662883324705,-9.352298294059295,-6.410632005726825,-9.576888651780301,-9.415851290474357,160.92424242424244,165.66666666666666,162.70103092783506,44,6,4.0,5.0,4.0,9.0,152.3625,43.6875,2024,1.0013754937172576,1.0013754937172576,6.837499999999977,19.298969072164937,1.5057591048945307,-7.321929695132971,-3.748697442105893,-0.012020619435967106,-2.5632836087229034,-13.268995297228798,-5.376207674066819,-9.322601485647809,-3.9463938115809896,-9.352298294059295,-6.410632005726825
1022400115,2024-07-03,2024,Regular Season,-8.0,200.0,-4.390346263099293,164.15184921885208,-15.615552003134766,-20.23259877801317,-17.924075390573968,2.3085233874392017,-18.025115596201594,0.20647100762763415,163.45454545454547,162.58064516129033,162.7719298245614,50,7,2.0,2.0,2.0,4.0,153.81684210526316,46.10526315789474,2024,1.0059053623761376,1.0059053623761376,3.2631578947368496,37.2280701754386,-9.69985155174006,-1.1847677885242724,-2.0722742450581677,-5.068222010879088,-2.976886701259949,-14.524717730838333,-20.35911727197484,-17.441917501406586,2.917199770568253,-17.924075390573968,2.3085233874392017
1022400118,2024-07-05,2024,Regular Season,3.0,167.0,-0.2191865372414132,160.2215576585865,-4.9227557300240505,-1.8556866113894444,-3.3892211707067474,-1.533534559317303,-4.657725513503898,-2.6150048426654777,164.75757575757575,164.44827586206895,163.0940170940171,52,7,2.0,3.0,2.0,5.0,152.76933333333335,37.2,2024,0.998248499674224,0.998248499674224,-4.729333333333329,3.90598290598291,0.4111759321461932,4.051704298743907,-9.664505912374505,0.5439001679805147,1.2095075479507358,-3.8300711747137512,-1.9926986929069557,-2.9113849338103535,-0.9186862409033978,-3.3892211707067474,-1.533534559317303
1022400138,2024-07-13,2024,Regular Season,-6.0,168.0,1.9178014151508511,167.16660746119936,3.5819943125281952,-4.415386851328819,-0.4166962694003118,3.998690581928507,0.12858798672090188,3.2572691085407683,164.6818181818182,162.5151515151515,163.0735294117647,60,7,3.0,4.0,3.0,7.0,151.7596837944664,41.38932806324111,2024,1.0008146957489878,1.0008146957489878,3.3203162055335724,4.926470588235304,2.767828567107262,3.2774482153397457,-8.519335725573704,2.6026469298476065,2.599229382537308,4.630997604911087,-3.994295133931587,0.3183512354897502,4.312646369421337,-0.4166962694003118,3.998690581928507
1022400148,2024-07-17,2024,Regular Season,8.0,194.0,-2.6498087829154384,168.33956235010731,-17.710943168948006,-7.949494480944679,-12.830218824946343,-4.880724344001663,-11.849430172664405,-6.675837036046353,163.83333333333334,164.5,163.15068493150685,64,7,4.0,3.0,3.0,7.0,152.23646666666667,43.373333333333335,2024,0.997680082464784,0.997680082464784,10.163533333333334,30.849315068493155,0.8035511015056827,-0.9634757962678346,-14.44201917254956,2.752513694647307,-2.5257827590017996,-16.477867582808756,-6.912437766006832,-11.695152674407794,-4.782714908400962,-12.830218824946343,-4.880724344001663
1022400154,2024-08-16,2024,Regular Season,-18.0,200.0,-7.258209988043794,162.2202839730345,-12.815809131190136,-24.96390689577538,-18.88985801348276,6.074048882292622,-19.43576424740762,3.3648627379389637,163.2251655629139,163.2251655629139,163.2251655629139,94,8,10.0,10.0,10.0,20.0,153.31786666666665,36.06666666666666,2024,1.0011998436562617,1.0011998436562617,5.082133333333331,36.7748344370861,-8.553166603373079,-15.258771704927842,2.386757259418914,1.989416801474376,-7.953092099445025,-11.852699540696278,-23.519918113561715,-17.686308827128997,5.8336092864327185,-18.88985801348276,6.074048882292622
1022400175,2024-08-25,2024,Regular Season,3.0,223.0,1.4588299350927476,168.18832021261434,-28.077555303107573,-26.734124484278084,-27.40583989369283,-0.6717154094147446,-26.5734534332045,-1.5374609603514031,161.08,161.08,163.04046242774567,103,8,3.0,2.0,2.0,5.0,152.5439408866995,41.224137931034484,2024,1.0029633539812484,1.0029633539812484,12.6560591133005,59.959537572254334,-7.5366702258975335,-10.82536062632206,-8.161106071438137,-0.0503165095467728,2.31239322577028,-26.79806005844462,-26.23845189612821,-26.518255977286415,-0.2798040811582041,-27.40583989369283,-0.6717154094147446
1022400179,2024-08-27,2024,Regular Season,3.0,183.0,-4.81902568032902,172.99685321638486,-8.191181722979763,-1.8119650606353588,-5.001573391807561,-3.1896083311722023,-2.7100616292046382,-5.568806911943277,162.16666666666666,162.16666666666666,163.1685393258427,105,8,2.0,2.0,2.0,4.0,155.04827586206898,45.103448275862064,2024,1.0004408101946298,1.0004408101946298,3.511724137931026,19.831460674157313,-3.8772614885489425,5.982406777916365,3.526672313296455,-8.341879231868516,-2.2576109992323703,-6.785537972393271,-2.567567274702199,-4.676552623547735,-2.108985348845536,-5.001573391807561,-3.1896083311722023
1022400186,2024-08-30,2024,Regular Season,18.0,170.0,-4.019633735748128,169.6062793429824,-10.622549135168157,10.228828478150547,-0.19686032850880508,-10.425688806659352,1.160865001680314,-12.555474704747418,163.02777777777777,163.66666666666666,163.30434782608697,108,8,3.0,2.0,2.0,5.0,152.65862365591397,44.05483870967742,2024,0.9970608850355492,0.9970608850355492,8.901376344086032,6.695652173913032,4.945189907795739,-1.162335107462594,0.8368630325708963,-3.458852831223724,0.6166211755545918,-8.931416899039476,8.074935375749988,-0.42824076164474434,-8.503176137394732,-0.19686032850880508,-10.425688806659352
1022400192,2024-09-01,2024,Regular Season,-7.0,193.0,-4.268507981225313,173.32467819290397,-7.791175092144869,-11.884146714951186,-9.837660903548027,2.0464858114031586,-7.4723182702561175,-0.21529013272498077,164.3658536585366,163.0,163.5873015873016,110,9,2.0,2.0,2.0,4.0,154.1440322580645,44.708669354838705,2024,0.996484929764275,0.996484929764275,9.215967741935515,29.412698412698404,-4.4106116720743325,-11.09147167838136,9.61510079906602,-1.5853357188664532,-1.093885464589684,-6.081785456983411,-12.850839756851144,-9.466312606917278,3.3845271499338665,-9.837660903548027,2.0464858114031586
1022400196,2024-09-03,2024,Regular Season,-4.0,176.0,1.312032876003624,168.60854943348582,-0.9200362450849155,-6.471414321429265,-3.69572528325709,2.7756890381721746,-2.7463542210724654,1.8682728178497428,164.82608695652175,164.4848484848485,163.7164948453608,112,9,2.0,3.0,2.0,5.0,152.5375,45.28125,2024,1.0027519827999127,1.0027519827999127,15.382500000000022,12.283505154639187,-4.432176050821998,0.8218015697081782,0.7568555630157512,0.10716469702560794,3.940230202332333,0.4908558604349622,-7.27565473986553,-3.392399439715284,3.883255300150246,-3.69572528325709,2.7756890381721746
1022400213,2024-09-10,2024,Regular Season,-14.0,196.0,-6.729366562194987,170.71178485157043,-8.17639867881681,-17.111816469612762,-12.644107574214786,4.467708895397976,-10.91773033652759,1.7044613101941692,164.38095238095238,166.3939393939394,163.67298578199052,119,9,2.0,2.0,2.0,4.0,155.14285714285714,48.22857142857143,2024,1.002762804839569,1.002762804839569,1.377142857142843,32.32701421800948,-0.7868284916707866,-8.84910010526572,1.3855565345499272,-2.667358274141009,-4.493000119366392,-7.022249890913827,-17.838913215361032,-12.43058155313743,5.408331662223603,-12.644107574214786,4.467708895397976
1022400218,2024-09-12,2024,Regular Season,-32.0,166.0,-5.960070208816155,172.50718406314678,17.078510562816234,-10.571326499669453,3.2535920315733904,13.824918531242844,5.443177220606152,11.198467532979812,164.1159420289855,165.3030303030303,163.6082949308756,121,9,2.0,2.0,2.0,4.0,155.1811111111111,48.361111111111114,2024,1.000925308722044,1.000925308722044,3.2988888888889107,2.391705069124413,-1.7075178522922574,1.0295531888322955,2.4768417967624714,3.6443000873036464,-2.927528357076995,18.20118935628166,-11.964947547430313,3.1181209044256732,15.083068451855986,3.2535920315733904,13.824918531242844
1022400221,2024-09-13,2024,Regular Season,-2.0,164.0,-6.665898881883684,168.21935564209824,0.552970621001549,3.666385021096687,2.109677821049118,-1.556707200047569,3.163361606497098,-4.254782706910753,164.14285714285714,165.3235294117647,163.61926605504587,122,9,1.0,2.0,1.0,3.0,158.45486486486487,39.94294294294294,2024,0.998757292413016,0.998757292413016,6.305135135135117,0.38073394495413027,0.926767620481896,4.811196482758456,-4.445882056006187,1.8712795592629297,-6.072553519279987,1.8343372639719888,4.372146831693428,3.1032420478327083,-1.2689047838607195,2.109677821049118,-1.556707200047569
1022400054,2024-06-06,2024,Regular Season,-8.0,150.0,-2.759837160036808,157.3724962240197,6.535867268681173,0.83662895533854,3.6862481120098565,2.8496191566713165,1.717286748857454,1.2535078740884487,160.9811320754717,158.36363636363637,160.9811320754717,23,6,2.0,2.0,2.0,4.0,154.36277777777778,41.611111111111114,2024,0.9997225882932548,0.9997225882932548,7.117222222222239,-10.981132075471692,-0.20118680898964403,10.986037949774282,-8.838459832353113,-0.22910455957407327,-1.354123167253788,7.738264921797878,0.8191262927502976,4.278695607274088,3.4595693145237902,3.6862481120098565,2.8496191566713165
1022400056,2024-06-07,2024,Regular Season,-2.0,168.0,0.1895397695723113,158.66189440737855,-3.564096898539873,-5.774008694081573,-4.669052796310723,1.10495589777085,-6.368173431553124,0.14746012040804857,160.38181818181818,156.75,160.38181818181818,24,6,1.0,5.0,1.0,6.0,148.6378181818182,49.47272727272727,2024,1.00188696472448,1.00188696472448,-1.4378181818182156,7.618181818181824,3.2604418247690026,-20.760065620986804,6.995932276316221,4.135518088348454,1.712905300737103,-2.4858384818435013,-6.000121877508903,-4.242980179676202,1.7571416978327008,-4.669052796310723,1.10495589777085
1022400074,2024-06-14,2024,Regular Season,2.0,164.0,0.5368374717598876,156.80130387881263,-4.387640467903012,-2.8110556532843702,-3.599348060593691,-0.7882924073093207,-5.80849284320805,-1.629521500151732,162.4927536231884,161.08823529411765,162.4931506849315,31,6,3.0,2.0,2.0,5.0,152.44363636363636,41.26573426573427,2024,0.998789323899759,0.998789323899759,-1.3236363636363535,1.5068493150685072,-3.375327235912515,0.6655190385577505,-4.98441180598363,1.8857271601303522,-1.2796977050563918,-4.88276185762912,-1.8127895224823476,-3.347775690055734,-1.5349861675733862,-3.599348060593691,-0.7882924073093207
1022400091,2024-06-22,2024,Regular Season,28.0,166.0,4.047049175601322,160.9249971877312,-14.778913730753601,9.703910918484794,-2.5375014061344032,-12.241412324619198,-3.7284347646729827,-12.375427330360793,161.94285714285715,167.61290322580646,162.6888888888889,39,6,3.0,2.0,2.0,5.0,151.0422857142857,44.766666666666666,2024,0.9986645067147024,0.9986645067147024,0.7977142857143065,3.311111111111103,-2.2739702568370115,-3.126346292920312,9.047565756741577,-7.3756839716572244,3.563523124561657,-12.726893928107671,11.982169732919502,-0.3723620975940847,-12.354531830513586,-2.5375014061344032,-12.241412324619198
1022400095,2024-06-23,2024,Regular Season,8.0,176.0,6.328996286667306,162.22988035582887,-8.148941565831578,-5.62117807833954,-6.885059822085559,-1.263881743746019,-7.784490744430272,-0.9100673712460576,161.74285714285713,167.34375,162.65591397849462,40,6,1.0,1.0,1.0,2.0,151.07333333333332,45.12083333333334,2024,1.004691721981262,1.004691721981262,-3.3533333333333246,13.344086021505376,-3.343080305054344,-16.295405227335635,7.755442539655338,4.098552248304372,2.294581698789726,-8.84008497707822,-3.027635326928845,-5.933860152003533,-2.9062248250746876,-6.885059822085559,-1.263881743746019
1022400099,2024-06-27,2024,Regular Season,-3.0,185.0,-0.4476516454776937,155.71457466635104,-13.36342491344081,-15.92200042020815,-14.64271266682448,1.2792877533836702,-17.118632073920367,0.23828552500309286,160.92424242424244,165.66666666666666,162.70103092783506,44,6,4.0,4.0,4.0,8.0,149.21941176470585,43.23897058823529,2024,0.997859514062149,0.997859514062149,10.700588235294134,22.298969072164937,-1.254337294139611,-9.496903396665473,-2.6053754588862184,-3.762015924229072,-1.437942941476195,-13.729027644060011,-15.465972680938506,-14.597500162499259,0.8684725184392477,-14.64271266682448,1.2792877533836702
1022400104,2024-06-29,2024,Regular Season,-11.0,165.0,-4.409347034158639,168.01624651533285,5.387590390536204,-2.371343875203337,1.5081232576664334,3.8794671328697703,2.447982350481162,1.6942695990289636,163.28787878787878,165.42857142857142,163.25242718446603,46,6,2.0,2.0,2.0,4.0,151.7368888888889,55.08888888888889,2024,1.0027034395115095,1.0027034395115095,-8.336888888888893,1.747572815533971,1.0467003388282254,-0.4493846192686384,2.237531169449113,-0.38686453852754,-4.721752797933354,4.060374069549226,-3.3443165560514387,0.3580287567488938,3.7023453128003325,1.5081232576664334,3.8794671328697703
1022400140,2024-07-14,2024,Regular Season,-12.0,166.0,-5.074458211046724,168.75454783473532,5.4946517318357735,-2.740103897100468,1.3772739173676527,4.117377814468121,2.533335849499423,1.7671662353071866,163.56923076923076,161.84848484848484,163.0,61,7,4.0,2.0,2.0,6.0,151.62505928853756,53.93083003952569,2024,1.0019052509355997,1.0019052509355997,0.5749407114624319,3.0,4.469850650953616,0.15407755884504937,-1.6411063156310455,-0.44948604466818676,-6.296454608358761,2.870525043989275,-4.179935621860551,-0.654705288935638,3.525230332924913,1.3772739173676527,4.117377814468121
1022400143,2024-07-16,2024,Regular Season,-9.0,183.0,2.1170986775191647,168.1011798184436,-1.8485991029495636,-13.050221078606853,-7.449410090778208,5.600810987828645,-6.657736828552515,4.885248511226962,163.44615384615383,162.46875,162.8943661971831,63,7,2.0,2.0,2.0,4.0,149.93666666666667,53.29166666666667,2024,1.0056070011107578,1.0056070011107578,2.023333333333312,20.105633802816897,-0.774796147081557,4.160620028664631,-3.3781753075685117,-6.665385402567073,-2.3105106570904823,-5.0045156807903055,-12.413301549032496,-8.708908614911401,3.7043929341210955,-7.449410090778208,5.600810987828645
1022400155,2024-08-17,2024,Regular Season,-16.0,182.0,-1.3147676832226165,161.00070286283028,-2.9738184565184724,-18.025478680651247,-10.49964856858486,7.525830112066387,-11.52967155696627,6.18146406518229,163.62337662337663,163.62337662337663,163.62337662337663,95,8,2.0,2.0,2.0,4.0,148.6446153846154,52.15384615384615,2024,1.0026200740542868,1.0026200740542868,-5.72461538461539,18.37662337662337,-3.0240822018899207,-0.05387991271543413,-3.549476952716251,-4.902232489644657,-0.7838718013422998,-4.716896162541005,-20.05695553733875,-12.386925849939878,7.670029687398873,-10.49964856858486,7.525830112066387
1022400164,2024-08-20,2024,Regular Season,-6.0,160.0,-5.8052736872233925,161.63680769671862,1.4859932323047786,0.15081446441384116,0.8184038483593099,0.6675893839454687,0.07732972696564389,-1.702129363656283,165.69230769230768,165.69230769230768,163.55900621118013,98,8,3.0,2.0,2.0,5.0,153.42074074074074,46.96296296296296,2024,0.9986876561468648,0.9986876561468648,10.139259259259262,-3.559006211180133,-5.61098386037035,6.452759385725416,1.8477374345015214,-2.612183232890946,-8.508006334775239,0.154494821947182,1.08790465866295,0.621199740305066,-0.46670491835788397,0.8184038483593099,0.6675893839454687
1022400170,2024-08-23,2024,Regular Season,6.0,154.0,3.813784250575331,161.8271441479717,2.5933670845794836,5.233777063392182,3.913572073985833,-1.3202049894063492,2.9716349798135298,-1.525219181075201,162.21052631578948,162.21052631578948,163.23952095808383,101,8,3.0,3.0,3.0,6.0,148.65714285714284,48.85714285714286,2024,1.0006815107509457,1.0006815107509457,12.102857142857147,-9.23952095808383,4.036464166841943,8.176593650298653,-4.659926977537481,-4.581495859789584,1.1014401811895511,0.9555327692748534,5.896252760515182,3.4258927648950177,-2.4703599956201643,3.913572073985833,-1.3202049894063492
1022400189,2024-08-31,2024,Regular Season,-11.0,181.0,-3.736831105369141,156.24208659243678,-8.45952549612879,-16.298387911434432,-12.378956703781611,3.9194312076528206,-14.626649094969963,2.126127948916235,163.95,162.91176470588235,163.49468085106383,109,8,3.0,3.0,3.0,6.0,150.13088172043012,44.03010752688172,2024,1.0016725363928844,1.0016725363928844,-10.850881720430124,17.505319148936167,-3.465854726323111,-20.588688733671965,5.931272724345391,3.496621640679732,-5.59700363438841,-8.919541179599747,-15.232827550755616,-12.076184365177681,3.156643185577934,-12.378956703781611,3.9194312076528206
1022400207,2024-09-08,2024,Regular Season,-7.0,149.0,-2.6137276741342728,163.60665503320263,9.84105306240788,4.765601970794734,7.303327516601307,2.5377255458065733,7.008942590104539,0.847332568469028,164.51724137931035,167.12121212121212,163.69417475728156,117,9,3.0,2.0,2.0,5.0,148.78705882352943,52.11764705882353,2024,0.996379086309497,0.996379086309497,-3.9870588235294235,-14.694174757281559,2.34909779515199,2.8990843709861807,2.5463485295584505,-0.7855881055920806,-2.57844413487358,7.905792005289484,2.95386650312723,5.429829254208357,2.475962751081127,7.303327516601307,2.5377255458065733
1022400226,2024-09-15,2024,Regular Season,-3.0,149.0,3.6097609507621353,157.8219127517029,7.423998092593138,1.397914659109773,4.410956375851455,3.0130417167416823,2.3960488544823733,2.843766575508326,163.68055555555554,162.1764705882353,163.37219730941703,124,9,2.0,2.0,2.0,4.0,150.9189189189189,45.83783783783784,2024,1.0012811423889112,1.0012811423889112,-5.678918918918896,-14.372197309417032,-6.137695047198209,3.048300005413985,9.852572426444869,-4.367128530178277,0.52016241501116,5.958875597885495,2.5216361656084985,4.240255881746997,1.7186197161384982,4.410956375851455,3.0130417167416823
1022400231,2024-09-17,2024,Regular Season,-16.0,158.0,-4.725523114127262,162.17716366116164,8.217137154201964,-4.039973493040321,2.0885818305808215,6.128555323621143,1.4646870155329736,3.991236073243414,163.58333333333334,163.4,163.66812227074234,126,9,2.0,2.0,2.0,4.0,149.96526315789473,55.684210526315795,2024,0.9989620004738292,0.9989620004738292,0.9947368421052545,-5.668122270742344,-1.2772284630734667,3.43129377796431,-2.6487803313591165,1.9594020320012455,-3.042488620232252,8.437633470270413,-5.184428312454486,1.6266025789079634,6.811030891362449,2.0885818305808215,6.128555323621143
1022400237,2024-09-19,2024,Regular Season,1.0,183.0,-1.238463549745082,168.22034567814416,-8.1848680269988,-6.59478629485703,-7.389827160927915,-0.7950408660708845,-6.47812496570549,-2.269536980647956,163.53424657534248,163.4,163.55128205128204,128,9,2.0,4.0,2.0,6.0,149.734358974359,52.41025641025641,2024,1.0033004786847155,1.0033004786847155,-1.5343589743590087,19.448717948717956,-0.7258830600976047,-1.522082727843177,-7.105330660119995,2.8751714823552788,-0.5519648650905851,-9.134063170144145,-8.019239038146168,-8.576651104145157,-0.5574120659989887,-7.389827160927915,-0.7950408660708845
1022400032,2024-05-28,2024,Regular Season,23.0,117.0,5.132446418276836,167.52705369896682,16.10913573434236,34.41791796462448,25.26352684948342,-9.15439111514106,25.821600161569307,-9.17843586573072,166.48387096774192,166.48387096774192,166.48387096774192,14,5,3.0,3.0,3.0,6.0,157.872,49.6,2024,0.9994202277953668,0.9994202277953668,-0.27199999999999136,-49.48387096774192,4.342842867374302,15.791806237109103,3.299198478130876,2.387752578955022,10.358265060518535,18.24845103802157,32.204975901000864,25.226713469511218,-6.978262431489647,25.26352684948342,-9.15439111514106
1022400041,2024-05-31,2024,Regular Season,2.0,146.0,4.753074915261182,166.85377917906033,11.60067236436899,9.253106814691336,10.426889589530163,1.173782774838827,10.813641992268927,1.0779494565002494,163.71794871794873,163.375,163.71794871794873,17,5,3.0,5.0,3.0,8.0,161.93066666666667,34.86666666666667,2024,1.0028617919003369,1.0028617919003369,-27.610666666666674,-17.71794871794873,9.347712036296231,2.736920702490062,1.1615894191674414,-2.4325801656848034,7.4953378770837675,14.023599601465989,9.290193960523453,11.656896780994721,2.366702820471268,10.426889589530163,1.173782774838827
1022400049,2024-06-04,2024,Regular Season,17.0,135.0,10.654181263321204,154.71113500873372,5.740580841992767,13.97055416674094,9.855567504366853,-4.114986662374086,6.818525807824535,-2.6326353922934445,161.83333333333334,159.84375,161.83333333333334,21,6,2.0,4.0,2.0,6.0,150.95999999999998,43.25,2024,1.0022474549455194,1.0022474549455194,-11.47999999999999,-26.833333333333343,-0.5556447695734006,0.7322410723803108,7.098411982400783,-0.45648247738315995,13.100776255671676,7.406786812291614,13.547018555719191,10.476902684005402,-3.0701158717137886,9.855567504366853,-4.114986662374086
1022400060,2024-06-08,2024,Regular Season,-7.0,157.0,-0.9965045873156309,157.21455284241944,3.1884640707367,-2.973911228317263,0.10727642120971836,3.0811876495269814,-1.9504229544941367,1.8858377752233295,160.10169491525423,156.85714285714286,160.10169491525423,25,6,4.0,2.0,2.0,6.0,153.38666666666666,45.676767676767675,2024,0.9999012269758164,0.9999012269758164,-9.186666666666667,-3.101694915254228,1.683223761066868,0.06118405031230445,-5.45197929940813,1.7571485335348247,-1.1064354992173604,3.978084581180582,-2.1581937945472873,0.9099453933166473,3.0681391878639346,0.10727642120971836,3.0811876495269814
1022400066,2024-06-10,2024,Regular Season,17.0,161.0,10.235764880606329,159.10154645842266,-5.148974192394434,3.2505206508170943,-0.9492267707886697,-4.199747421605764,-2.7932834718701187,-2.9013228699718994,161.15384615384616,156.2941176470588,161.15384615384616,27,6,2.0,3.0,2.0,5.0,151.63133333333332,42.266666666666666,2024,0.9974281870593522,0.9974281870593522,-5.7113333333333,-0.1538461538461604,-3.414778130936237,-5.895188131834245,5.052692746565761,1.4639900443346034,11.417065173799408,-4.45624012916015,2.9430212130246503,-0.75660945806775,-3.6996306710924003,-0.9492267707886697,-4.199747421605764
1022400082,2024-06-18,2024,Regular Season,9.0,149.0,10.330691760144866,158.9349871157562,4.803903750671509,5.131083365084692,4.9674935578781,-0.16358980720659133,3.076106585275653,1.1596347427812077,161.61764705882354,163.84848484848484,162.65432098765433,35,6,3.0,2.0,2.0,5.0,150.8030769230769,39.494505494505496,2024,1.0028185338154436,1.0028185338154436,-21.483076923076908,-13.65432098765433,7.308814080153706,1.8807386215054152,-4.678416541577128,-1.4350295748063386,10.348918135522828,5.386794522770913,5.653664885226533,5.520229703998723,-0.13343518122781006,4.9674935578781,-0.16358980720659133
1022400102,2024-06-28,2024,Regular Season,-4.0,152.0,7.143929044223662,153.77258300341057,5.789407653559451,-4.016824650148891,0.8862915017052799,4.903116151854171,-2.3114335181910164,5.613244420908579,162.6865671641791,165.39285714285714,163.2970297029703,45,6,1.0,5.0,1.0,6.0,152.81019607843137,35.97254901960784,2024,1.0051780633558904,1.0051780633558904,-15.69019607843137,-11.297029702970292,-2.9316772409116663,-3.731222737394571,0.02093966933277258,4.3305267907824465,6.773399420257423,6.042515879213298,-3.4868725374346496,1.277821670889324,4.764694208323974,0.8862915017052799,4.903116151854171
1022400123,2024-07-07,2024,Regular Season,13.0,147.0,8.133987380215311,153.49510131724065,0.0575676686011235,6.437533648639516,3.2475506586203196,-3.189982990019196,-0.050828537330005474,-2.2509863118220323,165.56716417910448,165.06896551724137,163.2295081967213,54,7,3.0,2.0,2.0,5.0,150.38073684210525,35.315789473684205,2024,1.0003970617463418,1.0003970617463418,-10.660736842105251,-16.229508196721298,0.41501689981497325,-5.317599862031724,7.741138597217887,-2.8893841723311433,7.16331987148207,-0.5482626108637874,6.65646097384051,3.054099181488361,-3.6023617923521485,3.2475506586203196,-3.189982990019196
1022400128,2024-07-10,2024,Regular Season,-3.0,139.0,0.3042739028589476,158.3381602046806,11.315239923558167,8.022920281122452,9.66908010234031,1.6461598212178572,7.879794300060311,0.7211370273120963,165.17741935483872,164.46666666666667,163.11811023622047,57,7,3.0,4.0,3.0,7.0,151.58095238095237,47.85714285714286,2024,1.004934799899012,1.004934799899012,-13.500952380952356,-24.118110236220474,-0.6627482266069791,8.928542744076879,2.618230937236085,-3.004231154645682,0.9394692165227527,11.017748154062659,7.2401394722242,9.12894381314343,1.8888043409192292,9.66908010234031,1.6461598212178572
1022400139,2024-07-14,2024,Regular Season,27.0,165.0,5.136054691698192,161.6029131617508,-12.972325998552819,9.575239160303624,-1.6985434191245972,-11.273782579428222,-2.7355051230066962,-11.176118800901499,163.56923076923076,161.84848484848484,163.0,61,7,4.0,2.0,2.0,6.0,151.38332015810278,44.359683794466406,2024,1.0011319995370949,1.0011319995370949,9.25667984189721,2.0,6.820311928473505,-4.539482070685883,-3.0074274260680767,-2.008907554726244,5.524701565071476,-13.218077457715609,9.037559793796845,-2.090258831959382,-11.127818625756227,-1.6985434191245972,-11.273782579428222
1022400162,2024-08-20,2024,Regular Season,8.0,130.0,10.434611900862247,160.80562579663115,15.820701738144706,14.984924058486428,15.402812898315567,0.41788883982913916,14.012329301599287,1.7263674082379836,165.69230769230768,165.69230769230768,163.55900621118013,98,8,2.0,2.0,2.0,4.0,150.54421652421652,40.396011396011396,2024,0.995376122424149,0.995376122424149,0.33578347578347234,-33.55900621118013,9.40709268238607,7.840706674116463,-4.4936153846431495,1.2581453297399037,10.597567815378005,16.7420463534593,15.703525793816056,16.22278607363768,0.5192602798216228,15.402812898315567,0.41788883982913916
1022400169,2024-08-23,2024,Regular Season,2.0,162.0,7.21911465175593,157.17514205938343,-0.4085458421956787,-4.416312098420889,-2.4124289703082837,2.003883128112605,-4.696062700065362,2.661525109906684,162.21052631578948,162.21052631578948,163.23952095808383,101,8,3.0,5.0,3.0,8.0,155.97037037037035,32.03703703703704,2024,0.9996624971671548,0.9996624971671548,2.5496296296296634,-1.2395209580838298,-8.317737256095127,0.6647516171994887,1.3863400478961303,1.570582890934146,8.457899188554887,0.6579464461588032,-4.425395759759098,-1.8837246568001476,2.5416711029589507,-2.4124289703082837,2.003883128112605
1022400190,2024-09-01,2024,Regular Season,7.0,179.0,1.8722765458707724,158.10148712763987,-13.15452997299407,-7.743982899366046,-10.449256436180058,-2.705273536814012,-12.343357015983834,-3.2719648383213027,164.3658536585366,163.0,163.5873015873016,110,9,1.0,2.0,1.0,3.0,155.68516129032258,38.83870967741936,2024,1.0040108330617514,1.0040108330617514,1.5948387096774184,15.412698412698404,-9.396026552979468,6.910588037226397,-10.865404028507715,1.0074855282769515,1.7129858265692757,-12.384875286786908,-6.907141480670148,-9.646008383728528,-2.73886690305838,-10.449256436180058,-2.705273536814012
1022400195,2024-09-03,2024,Regular Season,-7.0,135.0,2.939845276706721,160.6290318626772,17.6056850209914,8.023346841685822,12.814515931338612,4.79116908965279,11.572919428594304,4.413577987883443,164.82608695652175,164.4848484848485,163.7164948453608,112,9,2.0,2.0,2.0,4.0,155.735,38.5625,2024,1.0030754925289047,1.0030754925289047,-21.65500000000003,-28.716494845360813,5.448083556987488,4.661446254002014,2.651016910320628,-1.1876272927158218,2.1621589518906688,18.18474573613743,9.179710757868122,13.682228247002776,4.502517489134654,12.814515931338612,4.79116908965279
1022400203,2024-09-06,2024,Regular Season,-5.0,139.0,-0.0860988349909483,161.74278751978682,13.924361700548417,8.818425819238385,11.371393759893401,2.552967940655016,10.508957939653968,1.4704578698499375,163.9056603773585,164.85294117647058,163.51243781094527,115,9,3.0,3.0,3.0,6.0,152.2642424242424,44.151515151515156,2024,1.0035011835388652,1.0035011835388652,-15.424242424242408,-24.512437810945272,-0.2570963885986961,7.503946706444562,1.9383372748871786,1.3237703469209263,0.6873826227341782,14.285666675827883,8.53204377326989,11.408855224548887,2.8768114512789964,11.371393759893401,2.552967940655016
1022400230,2024-09-17,2024,Regular Season,-2.0,154.0,0.9036063732997696,157.00499532541602,2.87119691241098,0.1337984130050529,1.5024976627080164,1.3686992497029635,-0.661420497526322,0.6060003749867207,163.58333333333334,163.4,163.66812227074234,126,9,2.0,2.0,2.0,4.0,149.7221052631579,43.368421052631575,2024,0.9987300630599112,0.9987300630599112,-9.162105263157912,-9.668122270742344,1.7165880407575438,2.820443674861785,-5.37667878152417,0.17822656837852557,2.7930364157028977,3.5069823338796056,-0.7932048405672276,1.356888746656189,2.1500935872234166,1.5024976627080164,1.3686992497029635
1022400235,2024-09-19,2024,Regular Season,33.0,141.0,8.754142255331363,157.15212780118014,-4.780867057932866,20.932994859113023,8.076063900590079,-12.856930958522945,5.746002429021914,-11.85275178743801,163.53424657534248,163.4,163.55128205128204,128,9,2.0,2.0,2.0,4.0,153.54153846153844,32.84615384615385,2024,0.9940306650509017,0.9940306650509017,-11.86153846153843,-22.551282051282044,4.6525096836663415,-1.9775171566711798,6.041184581923492,-2.9701746798967346,9.954414898805458,-4.112691869890838,20.587670892705347,8.237489511407254,-12.350181381298093,8.076063900590079,-12.856930958522945
1042400121,2024-09-22,2024,Playoffs,24.0,162.0,2.0405494140019567,163.07366096863404,-10.496854609335983,11.570515577970028,0.5368304843170222,-11.033685093653006,-0.02303536456636124,-11.663907854016507,163.54794520547946,161.14705882352942,163.33333333333334,131,9,3.0,3.0,3.0,6.0,151.17000000000002,43.825,2024,0.9999995040868124,0.9999995040868124,0.7099999999999795,-1.3333333333333428,2.5759876300376767,1.5544902953030384,-6.846951486055826,2.6934381961487603,,,,,,,
1042400122,2024-09-25,2024,Playoffs,6.0,168.0,3.4269915627942025,163.1208675020073,-3.894548905421857,-0.984583592570857,-2.439566248996357,-1.4549826564255,-3.0230601951765976,-1.7735993974282707,163.4788732394366,161.40625,163.3658536585366,134,9,3.0,3.0,3.0,6.0,151.18731707317073,43.8780487804878,2024,1.0034517095799615,1.0034517095799615,10.892682926829252,4.634146341463406,-1.9286770293871358,4.632449369079083,-7.063565545338822,1.3367330104702808,,,,,,,
1042400213,2024-10-04,2024,Playoffs,-9.0,171.0,1.35453838897516,156.28888444464866,-2.313566156478501,-12.397549398872826,-7.3555577776756635,5.0419916211971625,-9.7240910643591,4.39556787497358,162.92592592592592,164.25,163.37698412698413,143,10,3.0,3.0,3.0,6.0,149.5309090909091,42.88636363636364,2024,0.9990885581256076,0.9990885581256076,2.949090909090927,7.6230158730158735,-5.325439537148607,10.231563132464501,-13.368886167002646,-1.261328492672344,,,,,,,
1042400214,2024-10-06,2024,Playoffs,10.0,174.0,1.3174872503799653,157.7137875377523,-12.587475783889275,-3.6987366783584434,-8.14310623112386,-4.444369552765416,-10.12704560831964,-5.12822463742679,163.24528301886792,165.57142857142858,163.45669291338584,145,10,2.0,2.0,2.0,4.0,149.59644444444444,42.71111111111111,2024,1.003437330222242,1.003437330222242,-8.51644444444446,10.543307086614163,-2.319801624372209,-5.6433485404891055,-6.167846982959583,4.003951539501248,,,,,,,
1022400043,2024-05-31,2024,Regular Season,24.0,166.0,9.033307043561509,165.24123396424966,-8.454908352667388,7.6961423169170615,-0.3793830178751634,-8.075525334792225,-0.5389528167644784,-7.173485186260692,163.71794871794873,163.375,163.71794871794873,17,5,2.0,2.0,2.0,4.0,153.81619047619046,57.0,2024,1.0038584997251545,1.0038584997251545,-5.616190476190468,2.2820512820512704,1.6199682013569374,-3.8486587360924336,1.45519612271573,0.23454159525529183,4.1456437144985525,-12.664789687665277,7.730136751033513,-2.467326468315882,-10.197463219349395,-0.3793830178751634,-8.075525334792225
1022400047,2024-06-02,2024,Regular Season,11.0,163.0,7.412069144197012,168.84597704247415,0.7454459217020002,5.10053112077216,2.9229885212370803,-2.17754259953508,3.7764051882516014,-1.7145685183008652,162.70454545454547,160.4516129032258,162.70454545454547,19,6,2.0,2.0,2.0,4.0,155.7704761904762,43.45238095238095,2024,0.9980220425708533,0.9980220425708533,-6.130476190476202,0.29545454545453254,-1.2005583817661316,3.670901694086611,-4.4214330091482275,5.727494885079351,4.271120635953656,-2.2113309217237997,4.890702930330903,1.3396860043035517,-3.5510169260273514,2.9229885212370803,-2.17754259953508
1022400064,2024-06-09,2024,Regular Season,19.0,147.0,1.460481034966799,164.67028323388163,0.09232098636911701,17.577962247512517,8.835141616940817,-8.7428206305717,8.720333156190478,-9.536400701052571,160.19672131147541,154.65625,160.19672131147541,26,6,2.0,2.0,2.0,4.0,156.304,45.9,2024,0.999067667851018,0.999067667851018,-6.3440000000000225,-13.196721311475414,1.1627008327223516,0.9591387773934343,7.367084945092294,-0.7685913990176023,-2.178499968604652,-3.543938618905784,17.14073173515294,6.798396558123578,-10.342335177029362,8.835141616940817,-8.7428206305717
1022400075,2024-06-14,2024,Regular Season,5.0,157.0,11.151018150135206,167.2024076871174,7.448163968191366,2.754243718926034,5.1012038435587,2.346960124632666,5.414132300366575,3.6864100740181556,162.4927536231884,161.08823529411765,162.4931506849315,31,6,3.0,3.0,3.0,6.0,150.00333333333333,48.916666666666664,2024,1.0033034444912878,1.0033034444912878,-9.163333333333327,-5.493150684931493,-0.11227604712266448,10.955439504487105,-4.1262549156736,-1.3027762413242678,5.605092373030182,2.995111299743769,3.091229435235988,3.0431703674898785,-0.04805906774610946,5.1012038435587,2.346960124632666
1022400081,2024-06-17,2024,Regular Season,12.0,168.0,11.417421235312505,168.98531832144397,-0.5129846947636594,1.498303016207629,0.4926591607219848,-1.0056438554856442,1.2786136771227916,0.3574817049557737,161.88732394366198,163.71875,162.5875,34,6,3.0,2.0,2.0,5.0,153.15205128205127,42.91025641025641,2024,1.0001144006642495,1.0001144006642495,-1.2720512820512795,5.412499999999994,1.2896789484691276,1.1301297107521382,-2.193536402477445,1.0523414203789647,5.33777632042335,-4.31961951914171,2.85837498829531,-0.7306222654232002,-3.58899725371851,0.4926591607219848,-1.0056438554856442
1022400085,2024-06-19,2024,Regular Season,13.0,123.0,9.469189789450947,162.08675919530526,17.085115357654274,22.001643837651002,19.54337959765264,-2.458264239998364,18.523114939047545,-1.3935816251317164,161.91304347826087,165.875,162.84337349397592,36,6,2.0,3.0,2.0,5.0,150.81714285714287,45.23809523809524,2024,1.001253617749746,1.001253617749746,3.502857142857124,-39.84337349397592,4.74388657136281,9.282018454196802,-0.3800767773056286,4.877286690793562,4.822305076901238,13.122868590676063,22.0710524798001,17.596960535238082,-4.474091944562019,19.54337959765264,-2.458264239998364
1022400093,2024-06-22,2024,Regular Season,13.0,133.0,8.066236741723213,168.67965999842176,14.931489051437111,20.74817094698463,17.83982999921087,-2.908340947773759,18.631324438430532,-2.2944926106180574,161.94285714285715,167.61290322580646,162.6888888888889,39,6,3.0,4.0,3.0,7.0,152.31733333333335,53.93333333333334,2024,1.0016833369833111,1.0016833369833111,-3.117333333333363,-29.688888888888897,2.6871200700196463,10.681780247190833,7.913083203696596,-2.6506590824765395,4.700932610852383,10.763043899521605,19.601351426352068,15.182197662936836,-4.419153763415231,17.83982999921087,-2.908340947773759
1022400116,2024-07-04,2024,Regular Season,-5.0,151.0,0.5973332677064516,156.30307783896316,5.378288094540352,-0.07521025557718986,2.651538919481581,2.726749175058771,0.30667253854858245,1.9093260772723823,164.0,164.51724137931035,163.09565217391304,51,7,2.0,3.0,2.0,5.0,150.3515789473684,42.315789473684205,2024,0.9974899682337904,0.9974899682337904,-12.671578947368403,-12.095652173913038,5.219878049483542,-8.213753646377226,9.503725722844191,-6.203177587401926,-0.9270144521940817,3.9624265408040458,-0.15943627745470224,1.9014951316746718,2.060931409129374,2.651538919481581,2.726749175058771
1022400122,2024-07-06,2024,Regular Season,7.0,141.0,4.24264134180801,161.23363077758015,8.463205882816098,11.770424894764062,10.11681538879008,-1.6536095059739822,9.003848330284399,-1.7498271675498671,165.37313432835822,165.66666666666666,163.43333333333334,53,7,2.0,2.0,2.0,4.0,148.08342857142856,51.96190476190476,2024,1.0030971397441728,1.0030971397441728,-6.20342857142856,-22.433333333333337,1.0749581230957928,5.068820604419063,5.608261887335271,-2.74819228456573,5.901106616214263,6.377482585111707,8.520295471717816,7.4488890284147615,-1.0714064433030543,10.11681538879008,-1.6536095059739822
1022400142,2024-07-14,2024,Regular Season,-7.0,155.0,4.073175665793363,163.84157511836264,9.749781462288269,-0.9082063439256274,4.420787559181321,5.328993903106948,4.014391892369012,5.141349882578972,163.56923076923076,161.84848484848484,163.0,61,7,2.0,2.0,2.0,4.0,148.97282608695653,50.09239130434783,2024,1.0042206348124358,1.0042206348124358,0.7071739130434764,-8.0,2.155506304667198,-0.3240243708329178,2.1361370417165357,0.04677291681820295,1.3259502842970565,8.053080685280207,-0.27204979071757407,3.8905154472813166,4.162565237998891,4.420787559181321,5.328993903106948
1022400147,2024-07-17,2024,Regular Season,7.0,165.0,6.039754397189282,155.10373663363993,-5.977966885233158,-3.91829648112693,-4.948131683180044,-1.029835202053114,-7.758534374825096,-0.5958050166473967,163.83333333333334,164.5,163.15068493150685,64,7,3.0,3.0,3.0,6.0,149.56188405797104,43.02355072463768,2024,0.9981528216734707,0.9981528216734707,3.7981159420289714,1.849315068493155,-4.663726050164459,-1.4427097843308232,-2.708852554220565,1.0567540138907576,1.4072916993328446,-7.612738125654488,-1.7154991938026285,-4.664118659728558,-2.9486194659259297,-4.948131683180044,-1.029835202053114
1022400150,2024-08-15,2024,Regular Season,11.0,147.0,3.4936827007300835,161.80351887194394,3.4476840102011437,11.355834861742778,7.401759435971961,-3.9540754257708173,6.461851342153167,-4.230773460453165,163.3716216216216,163.3716216216216,163.3716216216216,93,8,10.0,10.0,10.0,20.0,148.5616,52.2,2024,0.9978707142621924,0.9978707142621924,2.1584000000000003,-16.371621621621614,-2.311494154632352,7.8457070933622255,-2.4468467561116576,3.374485159534954,3.2120556860210274,1.1670678847017655,9.479589898798935,5.32332889175035,-4.156261007048585,7.401759435971961,-3.9540754257708173
1022400171,2024-08-23,2024,Regular Season,13.0,161.0,-0.0791603258185871,167.51958470804908,-3.0664601945300234,9.586044902579118,3.2597923540245475,-6.326252548554571,3.952446274071029,-7.525086543310287,162.21052631578948,162.21052631578948,163.23952095808383,101,8,2.0,2.0,2.0,4.0,151.7310582010582,52.10185185185185,2024,1.0025049888009374,1.0025049888009374,-17.8910582010582,-2.23952095808383,-1.7376993009666641,3.14905672547739,0.32096765942378447,2.220121190136518,-1.720888782798588,-5.920707000580961,8.270233391766851,1.174763195592945,-7.095470196173906,3.2597923540245475,-6.326252548554571
1022400173,2024-08-24,2024,Regular Season,10.0,170.0,3.986857572522077,167.0112910023571,-4.636644892741529,1.6479358950986125,-1.4943544988214583,-3.142290393920071,-1.0451137524932648,-3.414079569319142,161.7826086956522,161.7826086956522,163.1578947368421,102,8,1.0,6.0,1.0,7.0,149.67758620689656,50.91871921182266,2024,1.0080140818148096,1.0080140818148096,3.6424137931034295,6.84210526315789,2.3701780935761887,2.9838733719760135,-5.236025242112639,-1.1631399759328263,1.0461220565576266,-7.461784592533093,1.3991040659714997,-3.0313402632807964,-4.430444329252296,-1.4943544988214583,-3.142290393920071
1022400191,2024-09-01,2024,Regular Season,5.0,153.0,6.406120610494463,161.63551914261063,4.5738867725033,4.061632370107347,4.317759571305324,0.2561272011979767,3.256289017540439,0.6394582708961565,164.3658536585366,163.0,163.5873015873016,110,9,2.0,2.0,2.0,4.0,154.15040322580643,40.23689516129032,2024,1.0054285881170866,1.0054285881170866,-11.510403225806442,-10.587301587301596,-1.2856477966435262,11.401273143097075,0.18679233446975552,-7.046128663382866,4.3532075618254344,2.680947992042718,3.9609839358097076,3.320965963926213,-0.6400179718834949,4.317759571305324,0.2561272011979767
1022400222,2024-09-13,2024,Regular Season,17.0,149.0,9.243154774822742,161.5429064272381,1.7079002681241633,10.835006159113945,6.271453213619054,-4.563552945494891,5.110692706675813,-3.538730764736165,164.14285714285714,165.3235294117647,163.61926605504587,122,9,3.0,2.0,2.0,5.0,153.35222222222222,39.861111111111114,2024,1.000641912135346,1.000641912135346,-0.47222222222222854,-14.61926605504587,2.1088139749773473,2.8136023903890823,6.89631110149565,-6.708034760186274,9.745306911275355,0.8288901352827907,9.622845990522336,5.225868062902563,-4.396977927619773,6.271453213619054,-4.563552945494891
1022400238,2024-09-19,2024,Regular Season,-17.0,119.0,8.949134314532342,162.4156025210795,34.0395374306556,9.376065090423936,21.707801260539767,12.331736170115832,20.789700387521435,13.272463014654818,163.53424657534248,163.4,163.55128205128204,128,9,2.0,2.0,2.0,4.0,149.6892307692308,47.38461538461539,2024,1.0036928686245632,1.0036928686245632,-23.68923076923079,-44.551282051282044,2.4025844411777832,-2.1796240832925413,12.913400778586869,7.653339251049321,6.745086692306924,33.00809181073183,10.190362982271068,21.599227396501448,11.40886441423038,21.707801260539767,12.331736170115832
1042400111,2024-09-22,2024,Playoffs,7.0,197.0,8.610863409325516,162.8864557875275,-16.856386739142323,-17.257157473330167,-17.056772106236245,0.20038536709392218,-17.839240646678704,1.0552412230454564,163.54794520547946,161.14705882352942,163.33333333333334,131,9,3.0,3.0,3.0,6.0,148.541,51.15,2024,0.998381958524485,0.998381958524485,10.299000000000007,33.66666666666666,-3.827085979649568,-7.235496454066078,-5.137374945710798,-1.6392832672522655,,,,,,,
1042400112,2024-09-25,2024,Playoffs,13.0,189.0,9.512751721952837,164.82433900597374,-14.472075900231701,-9.703585093794544,-12.087830497013123,-2.3842454032185785,-12.372205614052547,-1.3656081846779955,163.4788732394366,161.40625,163.3658536585366,134,9,3.0,3.0,3.0,6.0,148.7921951219512,51.146341463414636,2024,1.0008207759892922,1.0008207759892922,4.2478048780487825,25.634146341463406,-4.525304999463567,2.410341878250481,-11.987100019795037,1.7298575269555778,,,,,,,
1042400211,2024-09-29,2024,Playoffs,-3.0,143.0,1.4624531270056966,158.49604672573133,9.880025705334688,5.6160210203966585,7.748023362865673,2.132002342469015,5.9708901023970995,1.4648656844370223,164.015625,164.52,163.48790322580646,138,9,4.0,4.0,4.0,8.0,149.74666666666667,43.0,2024,0.9973015001761631,0.9973015001761631,-2.7066666666666777,-20.487903225806463,5.582206843933206,1.7819896167476799,-0.2560156950641481,-1.1372906632196425,,,,,,,
1042400212,2024-10-01,2024,Playoffs,7.0,147.0,1.8079864324745565,157.0958334094849,2.2953305117042504,7.800502897780632,5.047916704742441,-2.7525861930381907,2.8847516605730306,-3.3132489493687984,162.85245901639345,160.57142857142858,163.408,140,10,2.0,2.0,2.0,4.0,149.68372093023254,42.97674418604652,2024,0.9976079800892989,0.9976079800892989,-6.72372093023256,-16.407999999999987,-3.9521077369858597,3.10096583022972,-1.392300992007712,5.128194559336885,,,,,,,
1042400215,2024-10-08,2024,Playoffs,11.0,165.0,0.5510177235522802,158.91732115054828,-8.280540868803811,2.197862019352101,-3.041339424725855,-5.239201444077956,-4.681166211724026,-6.120415604100948,162.18,164.5,163.3984375,147,10,2.0,2.0,2.0,4.0,149.4113043478261,42.673913043478265,2024,0.9980922146247412,0.9980922146247412,0.8686956521738978,1.6015625,-2.397750928215175,-5.421151756972394,1.4796620919739905,1.6580743814895578,,,,,,,
1042400303,2024-10-16,2024,Playoffs,-3.0,157.0,-0.1123332542958668,164.3003224459493,5.244389215649122,2.0559332303001554,3.6501612229746385,1.5942279926744831,3.4769712423782124,0.45361134986985974,161.63333333333333,163.43243243243242,163.43243243243242,155,10,3.0,3.0,3.0,6.0,150.04022108843537,52.88647959183673,2024,0.998130344168221,0.998130344168221,-2.600221088435376,-6.432432432432421,0.21125180290046952,-0.602807681590976,4.829816543784695,-0.9612894227159745,,,,,,,
1042400304,2024-10-18,2024,Playoffs,2.0,162.0,-0.5113465443089427,163.62741688616376,-0.2720669998868317,1.8994838860505752,0.8137084430818717,-1.0857754429687034,0.46981168062180956,-2.3026163670234823,162.1153846153846,164.375,163.40769230769232,157,10,2.0,2.0,2.0,4.0,149.98450612244898,52.74734693877551,2024,0.9988945517160436,0.9988945517160436,-1.224506122448986,-1.4076923076923151,0.11027384288372577,0.9471657830573736,0.20513023063814018,-0.7927581759574238,,,,,,,
1022400033,2024-05-28,2024,Regular Season,-6.0,170.0,-1.0727695026817603,161.30350231102912,-1.7153972967990967,-6.981100392171783,-4.34824884448544,2.632851547686343,-5.303092502475614,1.336864005094803,166.48387096774192,166.48387096774192,166.48387096774192,14,5,3.0,2.0,2.0,5.0,147.80342857142858,44.91428571428571,2024,1.0038494495400867,1.0038494495400867,-1.2834285714286011,3.5161290322580783,-9.012268277677133,-14.124598048982463,15.5401212851432,2.293652539040787,-2.294590035766788,-1.371125416655346,-5.6854792619217704,-3.528302339288558,2.1571769226332123,-4.34824884448544,2.632851547686343
1022400038,2024-05-30,2024,Regular Season,-15.0,191.0,-2.741420658691736,163.03231740144977,-7.511046832472857,-20.456635766077397,-13.983841299275127,6.47279446680227,-14.429506887093197,4.765334091938627,163.1891891891892,162.8709677419355,163.1891891891892,16,5,2.0,2.0,2.0,4.0,154.4792857142857,42.19642857142857,2024,1.0038183801570344,1.0038183801570344,6.360714285714295,27.810810810810807,0.058337364206919595,-6.695035261762499,-6.310687800443635,-1.4821211890939785,-2.8979989725161026,-7.321323388654392,-20.15641478064704,-13.738869084650716,6.417545695996324,-13.983841299275127,6.47279446680227
1022400044,2024-06-01,2024,Regular Season,1.0,141.0,-2.7327887020264985,165.09328927176352,10.565094734857055,13.528194536906483,12.04664463588177,-1.4815499010247137,12.155622733850223,-3.229122868257903,163.2093023255814,161.91176470588235,163.2093023255814,18,6,2.0,2.0,2.0,4.0,156.12,41.27777777777778,2024,0.9981463317979364,0.9981463317979364,-3.1599999999999966,-22.209302325581405,4.490921526610065,6.580818277409348,5.021202522253109,-3.937319592422299,-1.9010837621288357,10.87260534489225,13.145615743772709,12.00911054433248,-1.1365051994402293,12.04664463588177,-1.4815499010247137
1022400071,2024-06-13,2024,Regular Season,7.0,175.0,-0.9523024654336962,158.22348107048282,-12.268063126730695,-4.5084558027865,-8.388259464758598,-3.8798036619720975,-10.175486300633658,-5.0857776845743174,161.55714285714285,159.72727272727272,161.55714285714285,30,6,3.0,2.0,2.0,5.0,149.69723076923077,44.776923076923076,2024,1.004879173375307,1.004879173375307,7.782769230769247,13.44285714285715,-4.074836807670658,-3.974685810067566,-5.339856906460657,3.213893223565224,-2.3345387778815248,-13.108625881436765,-4.176295456883622,-8.642460669160194,-4.466165212276572,-8.388259464758598,-3.8798036619720975
1022400079,2024-06-16,2024,Regular Season,8.0,174.0,0.4890792427735422,163.10210373846013,-9.128560077547405,-1.7693361839924506,-5.448948130769928,-3.6796119467774773,-5.960493789520406,-4.660189606408643,162.14285714285714,162.06060606060606,162.42857142857142,33,6,3.0,2.0,2.0,5.0,154.07666666666665,39.726190476190474,2024,0.9989419053733958,0.9989419053733958,3.443333333333328,11.571428571428584,3.4112874048301727,-1.4049433104095082,-7.249657623724424,-0.717180260216649,-0.878679280509105,-9.533020463166594,-1.0468688235666832,-5.289944643366638,-4.243075819799955,-5.448948130769928,-3.6796119467774773
1022400084,2024-06-19,2024,Regular Season,7.0,169.0,1.9178013507973692,160.84655748816033,-6.707005153715912,-1.4464373581237453,-4.0767212559198285,-2.630283897796083,-5.2329670786364275,-3.242730932784035,161.91304347826087,165.875,162.84337349397592,36,6,3.0,5.0,3.0,8.0,147.97504761904761,51.45238095238095,2024,1.0000372942429354,1.0000372942429354,-0.2550476190476161,6.156626506024082,-1.3233017924682002,-1.7537824579947188,1.0444984562494497,-3.200381284422961,1.949780130314025,-7.229220224900743,-1.9533026675836282,-4.591261446242186,-2.6379587786585574,-4.0767212559198285,-2.630283897796083
1022400121,2024-07-06,2024,Regular Season,5.0,161.0,-7.160007388462906,166.46308199974732,-2.566904902234697,8.029986901982,2.7315409998736513,-5.298445902108348,3.325338083165846,-8.07207613474175,165.37313432835822,165.66666666666666,163.43333333333334,53,7,4.0,4.0,4.0,8.0,151.07019047619048,54.61904761904762,2024,1.003036599298582,1.003036599298582,0.12980952380951294,-2.433333333333337,1.499563088452784,4.28563848117285,-0.034182366858225066,-2.4256811196015677,-7.370107499755915,-3.899756258733703,6.969901808925343,1.53507277509582,-5.434829033829523,2.7315409998736513,-5.298445902108348
1022400129,2024-07-10,2024,Regular Season,-5.0,173.0,-0.75419408248027,163.70269481126263,-2.334087909244815,-6.963217279492568,-4.648652594368691,2.3145646851238766,-4.965917670517335,1.0414382752247278,165.17741935483872,164.46666666666667,163.11811023622047,57,7,4.0,4.0,4.0,8.0,147.93636363636364,51.40909090909091,2024,1.005876871090022,1.005876871090022,0.903636363636366,9.881889763779526,-2.38494375621618,7.590009667987596,-8.320200255868544,-1.8507833264202054,2.6090877064269336,-2.4780669957354746,-9.788988810117672,-6.1335279029265735,3.655460907191099,-4.648652594368691,2.3145646851238766
1022400135,2024-07-12,2024,Regular Season,9.0,181.0,-2.3122299366937824,170.55693274579951,-10.416336465612375,-0.026730788588110954,-5.221533627100243,-5.194802838512132,-3.6526159323454195,-6.959059652425786,164.65625,162.375,163.0751879699248,59,7,2.0,2.0,2.0,4.0,150.3596837944664,51.608695652173914,2024,0.9981714589641368,0.9981714589641368,16.920316205533595,17.924812030075202,1.1594517461016753,4.680176318572467,-8.822049120457184,-0.6701948765623875,-1.4045424282046535,-10.089642898201717,-0.4524727084670701,-5.2710578033343936,-4.8185850948673234,-5.221533627100243,-5.194802838512132
1022400153,2024-08-16,2024,Regular Season,9.0,187.0,1.6578261250618207,171.0766484723321,-11.491525560559126,-4.431825967108779,-7.961675763833952,-3.5298497967251734,-6.3568879519743575,-4.409674892311969,163.2251655629139,163.2251655629139,163.2251655629139,94,8,10.0,1.0,1.0,11.0,150.56461538461537,51.53846153846154,2024,0.99642123000303,0.99642123000303,3.235384615384646,23.7748344370861,-7.023211891965112,-13.439459858840774,15.403394506637238,-1.2976107078057093,2.641534419276142,-10.583902033199124,-4.383071179957454,-7.483486606578289,-3.1004154266208346,-7.961675763833952,-3.5298497967251734
1022400160,2024-08-18,2024,Regular Season,17.0,167.0,-2.20575704667596,165.76471415952014,-9.865873551247248,8.630587710767387,-0.6176429202399305,-9.248230631007317,-0.3417119224760441,-10.890687730479506,169.22222222222223,169.22222222222223,163.70700636942675,96,8,2.0,2.0,2.0,4.0,154.9050712250712,46.02136752136752,2024,0.9995720931610794,0.9995720931610794,3.294928774928792,3.2929936305732497,3.757079702137453,-11.55894019435185,9.314724460379306,-1.8545758906409626,-3.3298498578462095,-9.430710295636345,9.931718179693974,0.2505039420288142,-9.68121423766516,-0.6176429202399305,-9.248230631007317
1022400180,2024-08-28,2024,Regular Season,4.0,164.0,0.3193071083109415,159.65507593469948,-3.9931632331122984,-0.3517608321882193,-2.172462032650259,-1.8207012004620395,-3.607592156386964,-2.7692093495957337,162.83870967741936,162.83870967741936,163.27932960893855,106,8,2.0,4.0,2.0,6.0,151.98234482758622,43.52413793103449,2024,1.0005074656115356,1.0005074656115356,-7.6623448275862245,0.7206703910614465,3.022272376946434,-10.187050419037776,2.87186697618969,0.6853189095146845,-1.6904824069411364,-4.256443818979562,1.0149081076461925,-1.620767855666685,-2.6356759633128775,-2.172462032650259,-1.8207012004620395
1022400199,2024-09-04,2024,Regular Season,7.0,179.0,9.293731344842316,167.38054542367342,-5.2330748606674575,-6.386379715659132,-5.809727288163295,0.5766524274958371,-5.400161492023635,1.4937471486285503,163.88,164.1764705882353,163.5,113,9,3.0,3.0,3.0,6.0,150.61655303030304,48.56534090909091,2024,0.9999620646506164,0.9999620646506164,11.423446969696982,15.5,-2.741215900476547,0.0818403995449426,-4.0070757857793495,1.2662897946873195,7.201395724793142,-6.23802393169386,-5.637114617215417,-5.9375692744546384,-0.3004546572392215,-5.809727288163295,0.5766524274958371
1022400204,2024-09-06,2024,Regular Season,-11.0,187.0,1.5517986305889182,168.76456487619623,-2.7389328028294386,-15.496502320974344,-9.117717561901891,6.3787847590724525,-8.132626923056577,5.52223919797855,163.9056603773585,164.85294117647058,163.51243781094527,115,9,2.0,5.0,2.0,7.0,150.2471301247772,51.33957219251337,2024,1.003083221448693,1.003083221448693,14.472869875222813,23.487562189054728,-2.670883735881934,-8.963535801199164,-2.241213885679022,5.743006499703541,3.0883187037743136,-2.929759538219031,-16.90270238377404,-9.916230960996536,6.986471422777505,-9.117717561901891,6.3787847590724525
1022400208,2024-09-08,2024,Regular Season,4.0,204.0,6.347458119713948,163.72417842645183,-19.363604946800734,-20.91221662674745,-20.137910786774093,0.7743058399733584,-20.63551972061463,1.1017879565076996,164.51724137931035,167.12121212121212,163.69417475728156,117,9,2.0,2.0,2.0,4.0,152.06746218487393,45.26806722689076,2024,0.999489533494453,0.999489533494453,28.852537815126084,40.30582524271844,-2.757640250902126,-3.143772917659307,-11.476305921875221,-3.2578006301779707,3.0284698369144616,-20.621245943268974,-19.413606424397116,-20.017426183833045,-0.6038197594359289,-20.137910786774093,0.7743058399733584
1022400215,2024-09-11,2024,Regular Season,-11.0,161.0,0.2243675613971201,171.23511817910423,10.993612096346453,-0.7584939172422338,5.11755908955211,5.8760530067943435,6.802580917855437,4.669824903253797,164.3030303030303,165.6,163.65887850467288,120,9,3.0,3.0,3.0,6.0,152.28593650793653,52.28968253968254,2024,1.0008041533089065,1.0008041533089065,5.234063492063484,-2.6588785046728844,2.6202140838256947,3.936708055354405,2.3079142497533205,-2.0622554710779832,-0.7478820692519499,9.429481608699405,-1.4214425934947457,4.0040195076023295,5.425462101097075,5.11755908955211,5.8760530067943435
1022400220,2024-09-13,2024,Regular Season,-4.0,152.0,-0.4012148784867924,170.66768374150894,11.437631034133219,7.2300527073757195,9.333841870754469,2.1037891633787495,10.882490795143156,0.7681050500259232,164.14285714285714,165.3235294117647,163.61926605504587,122,9,2.0,2.0,2.0,4.0,152.4282882882883,52.17042042042042,2024,0.9984971331931276,0.9984971331931276,-3.708288288288287,-11.61926605504587,2.299320226698491,5.37330664854059,3.9780846639784038,-0.7682207440743376,0.13679068207983724,10.262598096460948,5.716377191137468,7.989487643799208,2.27311045266174,9.333841870754469,2.1037891633787495
1022400224,2024-09-15,2024,Regular Season,1.0,219.0,7.884568556886561,175.32221735455832,-18.687378613429104,-24.990404032012577,-21.83889132272084,3.1515127092917368,-19.25427764877962,3.5888485577141296,163.68055555555554,162.1764705882353,163.37219730941703,124,9,2.0,2.0,2.0,4.0,155.18,44.81578947368421,2024,0.9988386235919858,0.9988386235919858,10.659999999999968,55.62780269058297,-0.7929083076280721,-15.456464989977116,-2.5852726562864774,-0.41963169488795504,4.946056453464677,-19.817533298623303,-23.678965104386535,-21.74824920150492,1.9307159028816159,-21.83889132272084,3.1515127092917368
1022400028,2024-05-25,2024,Regular Season,32.0,170.0,1.4878091936952025,159.38200822332675,-20.648347531308445,10.030355754635195,-5.308995888336625,-15.33935164297182,-6.848268673633903,-16.0188518326486,164.83333333333334,164.83333333333334,164.83333333333334,11,5,3.0,2.0,2.0,5.0,156.912,46.8,2024,0.9943874756889618,0.9943874756889618,-12.392000000000024,5.166666666666657,-0.5772424133988805,-5.268236134924322,-4.076236253926366,3.073446128615669,6.24774711109203,-18.39499461670421,8.295552781860934,-5.049720917421638,-13.345273699282572,-5.308995888336625,-15.33935164297182
1022400051,2024-06-04,2024,Regular Season,18.0,142.0,5.342677808309903,164.5704562118497,4.658105878235631,17.912350333614057,11.285228105924844,-6.627122227689213,11.041794643883492,-6.543435076444425,161.83333333333334,159.84375,161.83333333333334,21,6,5.0,2.0,2.0,7.0,156.55444444444444,49.06944444444444,2024,0.998372399384689,0.998372399384689,-2.8344444444444434,-19.833333333333343,0.7097068860873881,8.70240776757287,-0.7953206656265976,2.4250006558498267,6.77181445381488,5.061650047953421,17.139891241332677,11.100770644643049,-6.039120596689628,11.285228105924844,-6.627122227689213
1022400069,2024-06-11,2024,Regular Season,16.0,174.0,7.609655915614577,160.3891700750487,-11.573201579147494,-2.037628345803796,-6.805414962475645,-4.767786616671849,-8.233980292162109,-4.087687513091758,161.15151515151516,156.42857142857142,161.15151515151516,28,6,2.0,2.0,2.0,4.0,154.12727272727273,42.272727272727266,2024,1.004111572878914,1.004111572878914,12.352727272727293,12.848484848484844,-0.13290333204155758,-0.895392836295203,-10.490628972790695,3.2849448489653437,7.918894464943262,-11.215070146874709,-1.9552012955286528,-6.585135721201681,-4.629934425673028,-6.805414962475645,-4.767786616671849
1022400097,2024-06-23,2024,Regular Season,11.0,133.0,1.6110393873711368,158.3563442682722,7.8692403629606815,17.48710390531153,12.678172134136105,-4.808931771175423,10.859532845740588,-5.439719152188573,161.74285714285713,167.34375,162.65591397849462,40,6,4.0,2.0,2.0,6.0,156.03466666666668,36.06666666666666,2024,0.996609751383748,0.996609751383748,-10.51466666666667,-29.655913978494624,3.3321170968784255,6.027721534700406,-0.7659025544341986,2.2655967685959504,2.2607884439634325,8.698311294083098,17.73087835685793,13.214594825470513,-4.5162835313874155,12.678172134136105,-4.808931771175423
1022400101,2024-06-27,2024,Regular Season,12.0,166.0,6.4033319611134205,164.34622101244918,-4.016606535367103,2.3628275478162664,-0.8268894937754183,-3.1897170415916847,-1.158491975278487,-2.8623324696180177,160.92424242424244,165.66666666666666,162.70103092783506,44,6,4.0,4.0,4.0,8.0,154.07194444444445,44.29166666666667,2024,1.0018027898780142,1.0018027898780142,-3.671944444444449,3.2989690721649367,0.9603998917584899,-6.12907268334175,1.5296615226464638,2.480519293658303,8.641527760352066,-3.0584890205234387,1.4536090028419153,-0.8024400088407617,-2.256049011682677,-0.8268894937754183,-3.1897170415916847
1022400105,2024-06-29,2024,Regular Season,21.0,173.0,10.626393120351551,163.63494516025747,-10.62698369620206,1.2619288564595479,-4.682527419871256,-5.944456276330804,-5.316307374028639,-4.650479641114302,163.28787878787878,165.42857142857142,163.25242718446603,46,6,2.0,2.0,2.0,4.0,157.23764705882354,38.294117647058826,2024,1.000197354177219,1.000197354177219,-2.877647058823527,9.747572815533971,-3.8403885543497482,0.5518311218956544,-1.9095725411080622,-0.11817740046648817,10.397954325316881,-9.855328715545184,2.155982707291173,-3.8496730041270055,-6.0056557114181786,-4.682527419871256,-5.944456276330804
1022400110,2024-07-01,2024,Regular Season,24.0,166.0,12.30738033031687,165.11688262761652,-7.155294937491973,6.272177565108493,-0.44155868619174043,-6.713736251300233,-0.7204177392217801,-5.071028089708058,162.96923076923076,164.42857142857142,163.0648148148148,48,7,2.0,2.0,2.0,4.0,157.07777777777778,38.111111111111114,2024,1.0043881033457205,1.0043881033457205,-3.8377777777777737,2.9351851851851904,-5.54357090362815,-1.3747512910907833,5.285554929050775,0.9123495264463837,12.560394775907673,-6.321258572725455,6.838205772947589,0.258473600111067,-6.579732172836522,-0.44155868619174043,-6.713736251300233
1022400120,2024-07-05,2024,Regular Season,-4.0,172.0,9.681963647544483,164.28575546462287,2.318153017120082,-10.03239755249723,-3.857122267688574,6.175275284808656,-4.2909336754917575,7.243051818511503,164.75757575757575,164.44827586206895,163.0940170940171,52,7,4.0,3.0,3.0,7.0,159.75988304093568,34.719298245614034,2024,1.0037770774316188,1.0037770774316188,-1.0798830409356697,8.90598290598291,-1.877683554928467,2.839182843690578,-4.538164612989021,-0.7142683512648471,10.996793530299058,3.524710962045546,-9.973292470227634,-3.2242907540910437,6.74900171613659,-3.857122267688574,6.175275284808656
1022400125,2024-07-07,2024,Regular Season,13.0,155.0,9.102155008907456,165.9985141272085,2.967875064321859,8.030639062886635,5.499257063604247,-2.531381999282388,5.541763326723498,-1.62927423536037,165.56716417910448,165.06896551724137,163.2295081967213,54,7,2.0,2.0,2.0,4.0,159.70915789473685,34.631578947368425,2024,0.999356819416526,0.999356819416526,3.130842105263156,-8.229508196721298,1.5610034354247508,0.7783979007985753,0.8779034552749287,2.3244585352252494,10.929633652695031,4.352647771994853,7.8434881026364,6.098067937315626,-1.7454201653207733,5.499257063604247,-2.531381999282388
1022400131,2024-07-10,2024,Regular Season,-5.0,163.0,1.55053454697155,169.6346375512123,6.713332520489331,-0.07869496927702357,3.3173187756061537,3.3960137448831773,4.536689874477439,2.5214274624615953,165.17741935483872,164.46666666666667,163.11811023622047,57,7,3.0,3.0,3.0,6.0,157.51390476190477,47.50238095238095,2024,0.9997616284982324,0.9997616284982324,5.326095238095235,-0.11811023622047401,0.30591759840595056,9.427192080638141,-0.6260455110340999,-4.570374293532554,4.767110323438298,8.198042928175298,-1.2860394277563785,3.4560017502094595,4.742041177965838,3.3173187756061537,3.3960137448831773
1022400136,2024-07-12,2024,Regular Season,28.0,154.0,6.737901358242947,159.89952670871412,-8.191281064311667,14.090807773025801,2.949763354357067,-11.141044418668734,1.4122205488537176,-10.64748761378359,164.65625,162.375,163.0751879699248,59,7,2.0,3.0,2.0,5.0,154.12363636363636,44.81818181818181,2024,0.9991229856461524,0.9991229856461524,-3.523636363636342,-9.075187969924798,-3.893183707281308,-2.873401483625983,14.18585942214837,-6.007053682387356,10.019476729777775,-7.063490953440038,12.502488283478996,2.7194986650194792,-9.782989618459517,2.949763354357067,-11.141044418668734
1022400141,2024-07-14,2024,Regular Season,11.0,151.0,11.145473603328607,156.94925211969516,2.1100376559986955,3.8392144636964645,2.97462605984758,-0.8645884038488845,0.5272702975911727,0.6828496247674138,163.56923076923076,161.84848484848484,163.0,61,7,2.0,2.0,2.0,4.0,154.95533596837944,37.67786561264822,2024,1.0010970915332698,1.0010970915332698,7.564664031620538,-12.0,1.067712190908141,3.9771042822147553,-1.9946954441609321,-2.522850731370789,11.921507888199388,3.5660931384924623,4.5596799510648225,4.062886544778642,-0.4967934062861801,2.97462605984758,-0.8645884038488845
1022400178,2024-08-26,2024,Regular Season,-2.0,146.0,9.599190109717725,162.4974051023034,13.352990383399458,3.1444147189039313,8.248702551151695,5.104287832247763,7.335587797271316,6.18989851473097,163.03703703703704,163.03703703703704,163.32,104,8,6.0,3.0,3.0,9.0,153.96197044334974,46.850985221674875,2024,0.9985315543944764,0.9985315543944764,-4.481970443349724,-17.319999999999993,7.37447706298892,-1.7410599921966838,-2.057172213469464,3.759342939948554,12.871374911273644,14.781864552395561,1.841085256559623,8.311474904477592,6.470389647917969,8.248702551151695,5.104287832247763
1022400184,2024-08-28,2024,Regular Season,4.0,166.0,8.407453786437154,156.4262736090783,-3.3030740432806738,-6.270652347641061,-4.786863195460867,1.4837891521801936,-7.303258052854368,2.4246210543159563,162.83870967741936,162.83870967741936,163.27932960893855,106,8,2.0,2.0,2.0,4.0,155.38758620689657,39.48275862068965,2024,1.0018069310223288,1.0018069310223288,2.812413793103417,2.7206703910614465,1.0606507831976133,-3.7135933780284898,-3.866597069012407,-0.7837183890110868,6.543092981677211,-2.8502255950482294,-4.3604680746397975,-3.6053468348440134,0.755121239795784,-4.786863195460867,1.4837891521801936
1022400188,2024-08-30,2024,Regular Season,-13.0,183.0,0.5132011690900322,162.90858263652635,-3.2192180931354244,-16.87219927033823,-10.045708681736826,6.826490588601402,-10.609987720733201,5.855300369143151,163.02777777777777,163.66666666666666,163.30434782608697,108,8,2.0,2.0,2.0,4.0,155.85925,50.29166666666667,2024,1.002365043370984,1.002365043370984,-2.4592500000000257,19.695652173913032,-3.09170625462784,-2.9478046712426984,-6.084270704477113,1.5137939096144482,2.3497691001871783,-3.0053397877738632,-18.145692066181567,-10.575515926977715,7.570176139203852,-10.045708681736826,6.826490588601402
1022400206,2024-09-07,2024,Regular Season,24.0,156.0,5.800887094697441,161.21221869228395,-6.898606403093197,12.110825095377166,2.6061093461419844,-9.504715749235181,1.4465373679952052,-9.249194452763547,164.66666666666666,166.61764705882354,163.73170731707316,116,9,2.0,2.0,2.0,4.0,153.81361344537817,46.503361344537815,2024,0.9997100176127784,0.9997100176127784,3.2263865546218256,-7.731707317073159,6.518075424097586,-11.573928715945723,4.032335983807535,2.4700546760357973,8.836165379579896,-5.33050303127105,11.125503820475814,2.897500394602382,-8.228003425873432,2.6061093461419844,-9.504715749235181
1022400229,2024-09-15,2024,Regular Season,3.0,177.0,10.320725269812971,162.87354992755849,-4.150592947238053,-9.975857125203476,-7.063225036220764,2.9126320889827113,-7.893982108143192,4.153234727726328,163.68055555555554,162.1764705882353,163.37219730941703,124,9,2.0,4.0,2.0,6.0,154.07675675675677,43.10810810810811,2024,1.001000237439,1.001000237439,8.403243243243253,13.627802690582968,-5.7195832482628255,6.084117043170835,-9.693241432418603,1.4347255293673928,10.521812956901652,-3.3939913113353413,-9.439611241143723,-6.416801276239532,3.022809964904191,-7.063225036220764,2.9126320889827113
1022400234,2024-09-17,2024,Regular Season,-13.0,157.0,3.3112825255369005,162.03905688325378,10.49425239468141,-5.4551955114276325,2.519528441626889,7.9747239530545215,1.6478141564121955,7.652097657826715,163.58333333333334,163.4,163.66812227074234,126,9,2.0,2.0,2.0,4.0,155.73368421052632,47.26315789473684,2024,1.0003322328245412,1.0003322328245412,-21.73368421052632,-6.668122270742344,1.6640884393537663,4.628741110997275,-2.3074109614025353,-2.3376044325363154,6.192939957129866,11.633179540368587,-6.713024677897295,2.4600774312356464,9.173102109132941,2.519528441626889,7.9747239530545215
1022400039,2024-05-30,2024,Regular Season,10.0,156.0,2.4893913960029783,161.89452424023216,-0.9234505879846324,6.8179748282167765,2.947262120116072,-3.8707127081007044,2.0581767172487346,-4.3756824761343935,163.1891891891892,162.8709677419355,163.1891891891892,16,5,2.0,2.0,2.0,4.0,153.58933333333334,39.53333333333333,2024,1.0000090474667669,1.0000090474667669,1.2106666666666683,-7.189189189189193,-0.0854873920001813,1.1344844882575114,4.074039459000957,-3.064859838009557,3.010568456786689,-1.4721820440101396,5.8949564658861675,2.211387210938014,-3.6835692549481536,2.947262120116072,-3.8707127081007044
1022400050,2024-06-04,2024,Regular Season,-13.0,163.0,-6.734076514214958,163.22092514279962,3.9233414122233086,-3.7024162694236793,0.11046257139981464,3.812878840823494,-0.17978078860139846,1.2014367987732228,161.83333333333334,159.84375,161.83333333333334,21,6,3.0,2.0,2.0,5.0,156.30793650793652,44.492063492063494,2024,1.0015302470502778,1.0015302470502778,13.292063492063477,1.1666666666666572,-2.2233613127642897,1.7127574155835923,-1.2938649860512221,1.6246880946305144,-7.7565122089967025,3.618204377761586,-3.1649260034372304,0.2266391871621778,3.391565190599408,0.11046257139981464,3.812878840823494
1022400061,2024-06-08,2024,Regular Season,-9.0,169.0,3.3425007873617707,156.32830626303752,-0.4646544371428831,-12.207039299819598,-6.335846868481241,5.871192431338358,-8.745869408049828,5.672144568927109,160.10169491525423,156.85714285714286,160.10169491525423,25,6,2.0,2.0,2.0,4.0,156.71222222222224,35.083333333333336,2024,1.0017431283767946,1.0017431283767946,-9.352222222222224,8.898305084745772,-3.629691320051295,1.405330711730036,-1.1854059057547506,-5.336102893973818,4.264427164132841,0.8440379836588932,-11.739199855764411,-5.447580936052759,6.291618919711652,-6.335846868481241,5.871192431338358
1022400070,2024-06-12,2024,Regular Season,-8.0,158.0,-6.7732558808346015,158.25821194152812,1.324383500159854,-1.066171558631737,0.1291059707640585,1.1952775293957956,-1.4962084805874056,-1.3237223623613588,161.6086956521739,158.8,161.6086956521739,29,6,4.0,2.0,2.0,6.0,157.27527272727272,31.990909090909092,2024,0.9997788165990578,0.9997788165990578,-18.355272727272734,-3.608695652173907,-2.230072931088161,-1.0048276849707944,-3.3458782079393004,5.084570343410844,-5.170754196985296,2.9714629598343834,-0.831441847875908,1.0700105559792377,1.9014524038551457,0.1291059707640585,1.1952775293957956
1022400087,2024-06-20,2024,Regular Season,11.0,155.0,3.900593402671209,167.27617448447543,2.465255558312407,9.810918926163026,6.138087242237717,-3.6728316839253097,6.660902762354958,-3.96947439411273,161.88571428571427,165.24242424242425,162.61627906976744,37,6,4.0,3.0,3.0,7.0,157.52307692307693,31.230769230769234,2024,1.002434004238908,1.002434004238908,-5.923076923076934,-7.616279069767444,-2.1162162819347357,-5.46270016693676,12.359512443312614,1.88030676791384,3.315387925762605,2.819999732004618,10.606433542503368,6.713216637253993,-3.893216905249375,6.138087242237717,-3.6728316839253097
1022400096,2024-06-23,2024,Regular Season,1.0,175.0,0.9249807264086686,164.0754436187638,-5.440384141664197,-5.48417223957199,-5.462278190618093,0.021894048953896572,-5.723198748211331,-0.8802740127736826,161.74285714285713,167.34375,162.65591397849462,40,6,3.0,2.0,2.0,5.0,153.75747899159666,38.5672268907563,2024,0.999933519900444,0.999933519900444,-2.517478991596647,12.344086021505376,-0.67770882366362,-7.2674524780803855,2.644292325357501,-0.42232977182482756,2.8255898789756664,-4.954084611787181,-6.55788900039866,-5.7559868060929205,0.8019021943057396,-5.462278190618093,0.021894048953896572
1022400100,2024-06-27,2024,Regular Season,-12.0,178.0,-4.926977816202189,166.9656795772471,-1.3748321694209125,-9.659488253332,-5.517160211376456,4.142328041955544,-4.846575802631946,1.8618712634437316,160.92424242424244,165.66666666666666,162.70103092783506,44,6,4.0,6.0,4.0,10.0,157.36038095238098,42.471428571428575,2024,1.0016342634783977,1.0016342634783977,4.679619047619013,15.298969072164937,1.847439426342664,0.24329938292573683,-1.6051574280033734,-5.332157183896975,-2.8786975058872013,-0.6663690402933895,-10.64671010349764,-5.6565395718955145,4.990170531602125,-5.517160211376456,4.142328041955544
1022400107,2024-06-30,2024,Regular Season,-8.0,132.0,-3.839955507093807,163.68004926591763,18.368271168103433,13.311778097814198,15.840024632958816,2.5282465351446177,15.597537752873798,0.5599062699114157,163.15151515151516,165.92857142857142,163.36190476190475,47,6,3.0,3.0,3.0,6.0,154.81514705882353,39.67647058823529,2024,1.005350551932788,1.005350551932788,6.264852941176457,-31.361904761904754,3.907513650950432,4.0310606087036085,6.694389394576778,0.9645740986429772,-0.9437697804600857,18.743781800922093,11.338772218467483,15.041277009694788,3.7025047912273052,15.840024632958816,2.5282465351446177
1022400130,2024-07-10,2024,Regular Season,9.0,147.0,1.7582570130514326,157.4219492309229,1.4443209705370492,8.977628260385856,5.210974615461453,-3.7666536449244035,3.1369122208239375,-4.345182862148498,165.17741935483872,164.46666666666667,163.11811023622047,57,7,3.0,3.0,3.0,6.0,154.93200000000002,32.5,2024,1.0016266962818794,1.0016266962818794,0.8279999999999745,-16.118110236220474,5.7751107472760985,2.48061150154518,-4.4817099208393465,-0.637100107158,1.3168586424017537,1.4850780930066492,9.368630305425569,5.426854199216109,-3.94177610620946,5.210974615461453,-3.7666536449244035
1022400137,2024-07-13,2024,Regular Season,-14.0,148.0,-5.736822762757639,161.69551346066368,11.545068060739183,2.1504453999245072,6.847756730331845,4.697311330407338,6.1206937677366895,2.3418266261167062,164.6818181818182,162.5151515151515,163.0735294117647,60,7,2.0,2.0,2.0,4.0,155.75209486166008,43.97826086956522,2024,0.9973066355136132,0.9973066355136132,-7.832094861660067,-15.073529411764696,4.922854397545533,-6.280298497369966,5.218906050761145,2.259231816799973,-4.3620845319675965,11.409304605440482,0.9245338830356928,6.166919244238088,5.242385361202395,6.847756730331845,4.697311330407338
1022400149,2024-08-15,2024,Regular Season,-20.0,150.0,-0.6092067130053465,165.7802282368365,17.80749256087114,-2.0272643240346326,7.8901141184182535,9.917378442452886,8.128377799966948,8.634542398793435,163.3716216216216,163.3716216216216,163.3716216216216,93,8,10.0,10.0,10.0,20.0,155.82793333333333,41.098333333333336,2024,1.002131755116474,1.002131755116474,-12.827933333333334,-13.371621621621614,7.188556219271979,-3.599595254381029,3.521393114365793,1.0180237207101914,-4.559714488981928,14.585834839331653,-1.8329600733550393,6.376437382988307,8.209397456343346,7.8901141184182535,9.917378442452886
1022400174,2024-08-25,2024,Regular Season,-2.0,152.0,-4.031207764271154,165.38434719641015,6.175504055385858,7.208843141024289,6.692173598205073,-0.5166695428192156,6.913542820130253,-2.5629070058209393,161.08,161.08,163.04046242774567,103,8,2.0,2.0,2.0,4.0,156.65714285714287,40.785714285714285,2024,1.0001859247915943,1.0001859247915943,16.022857142857134,-11.040462427745666,6.020861881202659,0.1819289574580667,1.3327975405444406,-0.622045559074909,-2.9231290512690062,5.867236068469296,6.0374788141032525,5.952357441286274,-0.08512137281697818,6.692173598205073,-0.5166695428192156
1022400181,2024-08-28,2024,Regular Season,-4.0,144.0,0.781212816345165,160.04276974955502,10.401074402612053,5.641695346942953,8.021384874777503,2.3796895278345502,6.678526387834907,1.5274049435916766,162.83870967741936,162.83870967741936,163.27932960893855,106,8,3.0,2.0,2.0,5.0,154.188,40.50804597701149,2024,1.0046196665247793,1.0046196665247793,-17.867999999999995,-19.279329608938554,2.926772588081408,1.0759678732579214,-1.9465996420544602,4.622385568550034,0.8056907492776421,9.463055337020478,4.757642786224352,7.110349061622415,2.352706275398063,8.021384874777503,2.3796895278345502
1022400185,2024-08-30,2024,Regular Season,-19.0,181.0,-4.258444036657697,161.67496407833147,-1.8495763561910508,-17.47545956547748,-9.662517960834265,7.812941604643214,-10.433860337865354,5.791172462892874,163.02777777777777,163.66666666666666,163.30434782608697,108,8,2.0,2.0,2.0,4.0,155.19617204301073,40.16881720430107,2024,1.0033216796722937,1.0033216796722937,4.803827956989267,17.695652173913032,-6.385783121403022,-12.126704824540667,9.986309419871418,-1.9076818117930836,-3.9914514988699343,-2.3307706998757,-18.13270414235234,-10.231737421114019,7.900966721238319,-9.662517960834265,7.812941604643214
1022400205,2024-09-06,2024,Regular Season,14.0,170.0,2.724948484342206,162.98559906135017,-9.257489300724103,2.243088362074289,-3.507200469324907,-5.750288831399196,-4.108712465058034,-6.224418705092518,163.9056603773585,164.85294117647058,163.51243781094527,115,9,3.0,2.0,2.0,5.0,154.17212121212123,37.303030303030305,2024,0.9992782023627436,0.9992782023627436,-3.2121212121212466,6.487562189054728,0.559640451425472,-0.5054891739554197,-3.705169780521505,-0.4576939620065863,2.7690573465627666,-9.192970692242312,2.26722758091438,-3.462871555663966,-5.730099136578346,-3.507200469324907,-5.750288831399196
1022400210,2024-09-08,2024,Regular Season,15.0,169.0,0.6547488589866934,171.27706481082322,-5.805216005846802,8.082280816670036,1.1385324054116168,-6.943748411258419,2.8235675110391583,-8.05380430901792,164.51724137931035,167.12121212121212,163.69417475728156,117,9,2.0,2.0,2.0,4.0,157.80941176470589,33.61764705882353,2024,1.0039822777656109,1.0039822777656109,4.670588235294133,5.305825242718441,0.08490947447053188,5.341548273630074,-0.6732119784828896,-1.929678258578548,-1.4864408232503032,-6.5903366689487655,9.07325263834312,1.2414579846971776,-7.831794653645943,1.1385324054116168,-6.943748411258419
1022400216,2024-09-11,2024,Regular Season,-31.0,147.0,0.0977130817131897,160.53061962047212,22.370136383058096,-8.839516762585959,6.765309810236069,15.604826572822027,5.571707739114771,14.588493306096552,164.3030303030303,165.6,163.65887850467288,120,9,3.0,3.0,3.0,6.0,152.87542857142859,41.05714285714286,2024,1.004137139963745,1.004137139963745,-2.5554285714285925,-16.658878504672884,2.5059508554681402,6.969077368755528,1.8959280503302516,-5.799248535439144,1.8788623777124631,21.51245995268586,-11.05614921525256,5.228155368716649,16.28430458396921,6.765309810236069,15.604826572822027
1022400227,2024-09-15,2024,Regular Season,-5.0,181.0,-0.679093271336668,160.91747132896256,-7.752243255717232,-12.33028541532019,-10.041264335518711,2.289021079801479,-11.110355973384202,1.0896645119386363,163.68055555555554,162.1764705882353,163.37219730941703,124,9,2.0,2.0,2.0,4.0,153.23783783783784,40.567567567567565,2024,0.9987474654438884,0.9987474654438884,-1.1578378378378602,17.627802690582968,1.8604011268486875,-14.35855923154209,-1.7079951985459534,3.095797329855153,-1.8120347884982488,-9.317692640231186,-12.865778555566749,-11.091735597898968,1.7740429576677812,-10.041264335518711,2.289021079801479
1022400040,2024-05-31,2024,Regular Season,4.0,152.0,-7.411367209140198,166.57720032158375,2.387739888910488,12.189460432673258,7.288600160791873,-4.900860271881385,7.919708925264423,-7.733487683135927,163.71794871794873,163.375,163.71794871794873,17,5,2.0,2.0,2.0,4.0,157.56,51.6,2024,1.0017246186354274,1.0017246186354274,-6.0,-11.71794871794873,-8.502298805831725,8.714603213806859,3.739863193397996,3.967541323891294,-7.171102373275317,1.5995784052437898,11.270725168171523,6.435151786707657,-4.835573381463867,7.288600160791873,-4.900860271881385
1022400045,2024-06-02,2024,Regular Season,-19.0,119.0,-0.4577349716066992,159.26895086678525,29.482096228055255,10.786854638730006,20.13447543339263,9.347620794662625,18.6157554595654,8.231810483450865,162.70454545454547,160.4516129032258,162.70454545454547,19,6,2.0,2.0,2.0,4.0,153.9085714285714,37.595238095238095,2024,0.9974521062531216,0.9974521062531216,-9.908571428571406,-43.70454545454547,8.76637255004309,3.6088221143151857,1.8127255221477192,4.427835273059405,-4.381295392271147,28.307949762587796,12.846510808668398,20.577230285628097,7.730719476959699,20.13447543339263,9.347620794662625
1022400055,2024-06-06,2024,Regular Season,-17.0,139.0,-8.11426090044792,159.7600561206529,15.547148857738648,5.212907262914271,10.38002806032646,5.167120797412188,9.194197603565563,2.315146785313466,160.9811320754717,158.36363636363637,160.9811320754717,23,6,4.0,2.0,2.0,6.0,151.83428571428573,47.77142857142857,2024,0.999679140788708,0.999679140788708,-0.6342857142857383,-21.98113207547169,2.4669477939983047,5.70270080614211,0.41307354698888155,0.6114754564362639,-10.713463351918517,15.0476123805919,6.833810617461367,10.940711499026634,4.106900881565267,10.38002806032646,5.167120797412188
1022400067,2024-06-11,2024,Regular Season,-19.0,155.0,3.72884455678553,156.01093430668874,11.531174771914053,-10.520240465225314,0.5054671533443695,11.025707618569683,-2.000126303856483,10.920236510857599,161.15151515151516,156.42857142857142,161.15151515151516,28,6,3.0,2.0,2.0,5.0,148.58666666666667,45.5,2024,1.0039435181264302,1.0039435181264302,-3.826666666666682,-6.151515151515156,4.710439534510844,-15.15889062945766,5.880301551365891,2.5680232397244414,4.001652579905437,11.948928542909997,-10.35369606739485,0.7976162377575733,11.151312305152423,0.5054671533443695,11.025707618569683
1022400080,2024-06-16,2024,Regular Season,13.0,161.0,3.2660252181111846,159.3784475857368,-5.909206812361774,4.287654398098596,-0.8107762071315889,-5.098430605230185,-2.397613035143337,-5.376964473296908,162.14285714285714,162.06060606060606,162.42857142857142,33,6,3.0,2.0,2.0,5.0,149.55580419580417,42.47552447552447,2024,1.0010439493123402,1.0010439493123402,5.804195804195842,-1.4285714285714164,-3.0250076716632304,-0.12450367176014154,4.528081883841644,-3.7761835755616033,2.9547061415106386,-5.586450169020964,4.834380830035542,-0.3760346694927108,-5.210415499528253,-0.8107762071315889,-5.098430605230185
1022400089,2024-06-21,2024,Regular Season,-12.0,170.0,0.8335567247842497,159.57068897573686,1.1772122071185862,-11.606523231381743,-5.2146555121315785,6.391867719250165,-6.685982924093231,5.561017759225415,161.95652173913044,166.42424242424244,162.64772727272728,38,6,2.0,2.0,2.0,4.0,150.04192307692307,44.48557692307692,2024,1.0037537879628715,1.0037537879628715,0.1980769230769397,7.3522727272727195,-3.596464668003766,0.6317648108892655,-6.092928390223964,2.371645323245237,-0.9005308564571253,-0.5521248142161568,-11.81169430293906,-6.181909558577608,5.6297847443614515,-5.2146555121315785,6.391867719250165
1022400094,2024-06-23,2024,Regular Season,-21.0,171.0,-8.597066932665658,161.96775829201044,2.494864655622763,-11.527106363612319,-4.516120853994778,7.010985509617541,-5.0949236781656495,4.005111279144167,161.74285714285713,167.34375,162.65591397849462,40,6,2.0,1.0,1.0,3.0,151.8087394957983,49.4327731092437,2024,0.9970178424765692,0.9970178424765692,12.151260504201673,8.344086021505376,0.7240100733765304,8.628039741649971,-10.82921398439541,-3.6177595087967505,-10.599809101143764,1.3614224709352243,-10.967997214988571,-4.8032873720266736,6.164709842961898,-4.516120853994778,7.010985509617541
1022400112,2024-07-02,2024,Regular Season,-8.0,162.0,2.8168724300851657,156.8075791582134,2.5657300103680285,-7.758150852154614,-2.596210420893293,5.161940431261321,-4.863423365743827,4.8346105636939285,163.22727272727272,164.0344827586207,163.01818181818183,49,7,2.0,2.0,2.0,4.0,155.55529411764707,33.529411764705884,2024,1.0028064119996565,1.0028064119996565,-2.5952941176470574,-1.01818181818183,4.641514857628327,-4.178634236326204,-4.6542767510468295,-0.6720272359991242,0.42840318794200805,0.9493241438476616,-7.335263945887789,-3.1929699010200636,4.142294044867725,-2.596210420893293,5.161940431261321
1022400134,2024-07-12,2024,Regular Season,-14.0,154.0,-7.854432641667894,164.2566903387604,8.995501685010751,1.2611886537496275,5.128345169380189,3.867156515630562,5.146321604653259,0.98199636952004,164.65625,162.375,163.0751879699248,59,7,2.0,2.0,2.0,4.0,152.68761904761905,44.85714285714286,2024,1.0024622100555691,1.0024622100555691,8.392380952380933,-9.075187969924798,3.3688951217665544,1.3101071817967842,4.978639536304412,-4.511320235214486,-6.866244841963479,8.66504775764193,0.16537876593706358,4.415213261789496,4.249834495852433,5.128345169380189,3.867156515630562
1022400152,2024-08-16,2024,Regular Season,2.0,164.0,-9.038351051338736,156.6454903771479,-8.458767670506433,1.1042580476543264,-3.677254811426053,-4.7815128590803795,-5.67739187765082,-7.778260791558523,163.2251655629139,163.2251655629139,163.2251655629139,94,8,10.0,10.0,10.0,20.0,154.96273333333335,37.97833333333333,2024,1.004106239769408,1.004106239769408,-6.562733333333341,0.7748344370860991,0.638641062927003,-1.8718804726301599,-4.891258412825078,0.44710594487742217,-8.580501816682501,-6.191769501419131,2.8268464641414113,-1.6824615186388598,-4.509307982780271,-3.677254811426053,-4.7815128590803795
1022400158,2024-08-18,2024,Regular Season,12.0,152.0,-7.712091719572629,153.4571830353097,-8.565325201606825,10.022508236916522,0.7285915176548485,-9.293916719261674,-2.1646850200914614,-11.926598931935295,169.22222222222223,169.22222222222223,163.70700636942675,96,8,2.0,2.0,2.0,4.0,150.7248,35.2,2024,1.0018040127631067,1.0018040127631067,0.5952000000000055,-11.70700636942675,-8.329421953198143,2.7424456705940603,5.3214956671324565,-1.8992044046198355,-7.6894752759389275,-7.3653978191432685,11.110218295105796,1.8724102379812635,-9.237808057124532,0.7285915176548485,-9.293916719261674
1022400165,2024-08-21,2024,Regular Season,9.0,135.0,-2.0066298406563057,163.52009277376308,9.04898689134771,19.471105882415372,14.260046386881541,-5.211059495533831,13.92644505468347,-6.762817530045595,163.25,163.25,163.359756097561,99,8,3.0,3.0,3.0,6.0,150.55527472527473,44.098901098901095,2024,0.999665529207822,0.999665529207822,-5.11527472527473,-28.35975609756099,4.464617919113044,-0.006368986716040581,5.025646098623797,4.442550023662679,1.1624291175618764,10.868858403532798,18.610684784198867,14.739771593865832,-3.8709131903330345,14.260046386881541,-5.211059495533831
1022400168,2024-08-23,2024,Regular Season,-2.0,162.0,-0.8701365024834076,161.26162057773274,0.3472455822349758,-1.0856250045022193,-0.36918971113362176,0.7164352933685976,-1.3406199020084557,-0.533014537030013,162.21052631578948,162.21052631578948,163.23952095808383,101,8,2.0,2.0,2.0,4.0,150.3916219667944,44.337164750957854,2024,0.9976105226936656,0.9976105226936656,2.8083780332055994,-1.2395209580838298,2.89434523299113,-1.4274869720018,-3.748991216933854,0.9415130539360717,3.081285426245627,2.324634064680808,-2.427345217742527,-0.05135557653085954,2.3759896412116674,-0.36918971113362176,0.7164352933685976
1022400176,2024-08-26,2024,Regular Season,-5.0,163.0,-2.4802622856075525,160.25905446792007,0.15455352230605968,-2.8954990543859935,-1.370472766039967,1.5250262883460266,-2.569621208328165,-0.06696218651178043,163.03703703703704,163.03703703703704,163.32,104,8,3.0,2.0,2.0,5.0,150.8887684729064,44.080049261083744,2024,0.9989534509911068,0.9989534509911068,12.631231527093576,-0.3199999999999932,-0.6885738729407649,-7.412868410953783,3.4091504404662025,2.122670635100188,0.6735513163873875,2.4881739020426323,-3.2702560340915454,-0.39104106602445654,2.879214968067089,-1.370472766039967,1.5250262883460266
1022400202,2024-09-06,2024,Regular Season,11.0,203.0,0.5445399332029378,164.31243416261046,-24.475584608650507,-14.211981228739035,-19.34378291869477,-5.131801689955736,-19.530928142092165,-6.12457533880972,163.9056603773585,164.85294117647058,163.51243781094527,115,9,3.0,3.0,3.0,6.0,154.5418181818182,38.24242424242424,2024,1.0053690183452095,1.0053690183452095,18.21818181818179,39.48756218905473,-5.185639235617269,-4.3493757114505875,-6.772745018018902,-3.2231681770054026,0.9737785933750844,-22.83401147141457,-13.042857773409935,-17.938434622412252,-4.8955768490023175,-19.34378291869477,-5.131801689955736
1022400212,2024-09-10,2024,Regular Season,-12.0,140.0,-3.792768391974557,161.63933758266913,15.325933302880841,6.313404279788287,10.819668791334564,4.506264511546277,10.026529854200753,2.5902076334910404,164.38095238095238,166.3939393939394,163.67298578199052,119,9,2.0,2.0,2.0,4.0,151.62285714285713,45.25714285714286,2024,0.998568133663408,0.998568133663408,-5.302857142857135,-23.67298578199052,2.0147435790339108,6.535589225745724,-2.7665914592606136,4.242788508681736,-1.1909492629849805,16.67129978319835,5.469899108671314,11.070599445934832,5.600700337263518,10.819668791334564,4.506264511546277
1022400219,2024-09-13,2024,Regular Season,-3.0,141.0,-0.5362419469656301,158.95915857762915,10.288163747811979,7.670994829817175,8.979579288814577,1.3085844589974016,7.379512365279275,0.18139696700944086,164.14285714285714,165.3235294117647,163.61926605504587,122,9,3.0,2.0,2.0,5.0,150.92777777777778,45.97222222222222,2024,0.9996085374645725,0.9996085374645725,-0.32777777777778283,-22.61926605504587,-5.236738942436424,4.994879650506917,-2.1301837380878954,9.751555395296673,2.6711666350570082,11.485758231019403,6.206392767692648,8.846075499356026,2.6396827316633775,8.979579288814577,1.3085844589974016
1022400232,2024-09-17,2024,Regular Season,16.0,156.0,5.384125684915928,158.64203791040603,-4.4098140354280275,7.051851945834073,1.321018955203023,-5.7308329906310504,-0.5195929553033309,-5.516819184045225,163.58333333333334,163.4,163.66812227074234,126,9,2.0,2.0,2.0,4.0,155.8463157894737,34.3421052631579,2024,1.0020956084872508,1.0020956084872508,-12.606315789473683,-7.668122270742344,-3.45429740034856,0.4422834453192692,-3.7316748367606998,6.22409583648666,5.512333289740041,-2.6958216321571626,8.528759920318777,2.916469144080807,-5.61229077623797,1.321018955203023,-5.7308329906310504
1022500041,2025-06-01,2025,Regular Season,48.0,152.0,20.195933393778844,163.82316181079625,-9.541347322826937,21.364509133623187,5.911580905398125,-15.452928228225062,5.077665083075196,-12.00536739209921,163.525,163.58823529411765,163.525,16,6,2.0,2.0,2.0,4.0,147.94666666666666,51.83333333333333,2025,1.0022584966688364,1.0022584966688364,-22.50666666666666,-11.525000000000006,5.758007594165765,-11.112804573384462,11.201912193836277,-0.7694501315423867,17.448018110921126,-11.071753571886532,22.154470530560786,5.541358479337127,-16.61311205122366,5.911580905398125,-15.452928228225062
1022500059,2025-06-10,2025,Regular Season,19.0,151.0,18.46259220651411,167.13940352945667,6.462154631285216,9.677248898171456,8.069701764728336,-1.60754713344312,8.174038087135543,1.3815617751085227,162.17543859649123,163.7741935483871,162.17543859649123,25,6,5.0,3.0,3.0,8.0,152.95357142857142,54.51785714285714,2025,1.005319310128386,1.005319310128386,-8.033571428571406,-11.175438596491233,10.178534918580617,9.175584093849245,-7.143113059422223,-4.036967865872089,12.358102691447028,2.6656378510523098,11.06653922331968,6.866088537185995,-4.200450686133685,8.069701764728336,-1.60754713344312
1022500072,2025-06-17,2025,Regular Season,5.0,167.0,3.493797425336764,166.0971948665205,-1.317808329464171,0.4150031959846672,-0.4514025667397519,-0.866405762724419,-0.23533881086363806,-1.2306997896638023,162.0,160.8846153846154,162.1,32,6,3.0,2.0,2.0,5.0,152.82472727272727,62.08181818181818,2025,0.9962994090681652,0.9962994090681652,-1.1847272727272866,4.900000000000006,1.2254832933566693,0.04075278821311734,-0.26713012692956895,-1.2344447655038517,2.261934027544366,-2.587242206138299,0.2315195546862725,-1.1778613257260133,-1.4093808804122858,-0.4514025667397519,-0.866405762724419
1022500078,2025-06-19,2025,Regular Season,-8.0,170.0,8.382694847031926,164.97571725879834,5.135800687752109,-10.160083428953754,-2.5121413706008227,7.647942058352932,-2.726143566121756,8.408722018681594,161.2941176470588,159.93333333333334,161.5064935064935,34,6,2.0,1.0,1.0,3.0,150.10265734265735,59.32167832167832,2025,0.9997309410683982,0.9997309410683982,5.777342657342643,8.493506493506487,-6.201339943178388,8.953318927175667,2.9620753317076165,-8.440197881826654,8.860673031290853,4.150338970721521,-11.450989585027614,-3.6503253071530466,7.800664277874567,-2.5121413706008227,7.647942058352932
1022500110,2025-07-03,2025,Regular Season,10.0,168.0,8.486669394703013,172.19031679944408,0.9336569949335143,3.256659804510562,2.095158399722038,-1.161501404788524,3.8207983841659683,-0.5245103782545897,163.1875,166.83870967741936,163.03703703703704,48,7,4.0,4.0,4.0,8.0,149.62382352941177,53.22426470588235,2025,1.0068196991577196,1.0068196991577196,-3.8238235294117544,4.962962962962962,-2.25514194632712,4.415612187257187,0.8794115775676943,0.7809165656682069,2.827361852780178,-1.2706593827216324,5.756806737122901,2.243073677200634,-3.5137330599222665,2.095158399722038,-1.161501404788524
1022500117,2025-07-06,2025,Regular Season,-9.0,149.0,2.2804004450816526,168.42493856210055,15.387936139023935,4.037002423076615,9.712469281050275,5.67546685797366,10.587027249774863,4.990113286698005,163.45454545454547,165.03225806451613,163.0695652173913,51,7,3.0,3.0,3.0,6.0,150.44666666666666,50.826797385620914,2025,0.996826884885046,0.996826884885046,1.7533333333333303,-14.0695652173913,1.7072908780910439,6.359434003485566,1.7904504889950452,0.7298518792032107,1.4929443357077503,13.787498917632078,3.192624545606094,8.490061731619086,5.297437186012992,9.712469281050275,5.67546685797366
1022500122,2025-07-08,2025,Regular Season,9.0,165.0,3.742875067424258,163.74802208238617,-3.436542528149616,2.184564610535773,-0.6259889588069214,-2.8105535693426944,-1.0489147805029972,-3.070753749873589,163.62121212121212,163.83870967741936,162.96666666666667,53,7,2.0,2.0,2.0,4.0,150.31333333333333,54.33333333333333,2025,1.0055142152716166,1.0055142152716166,2.6866666666666674,2.0333333333333314,-5.963368403841161,5.499770108758293,-1.320580142274169,0.735263656854042,2.1932110909862144,-4.848399770188209,2.1243003656265245,-1.3620497022808422,-3.4863500679073667,-0.6259889588069214,-2.8105535693426944
1022500134,2025-07-13,2025,Regular Season,7.0,151.0,-0.153792010975744,167.2848880370075,4.780302482319826,11.50458555468768,8.142444018503753,-3.362141536183927,8.773867212598034,-4.573011529205104,163.62857142857143,163.17241379310346,163.03787878787878,58,7,5.0,2.0,2.0,7.0,153.07978947368423,57.626315789473686,2025,0.9987048081192184,0.9987048081192184,6.080210526315767,-12.037878787878782,1.4586863656989602,3.604282502302855,1.1647493465642142,2.5461489980320033,0.14830456061303243,4.305322338727237,10.824958919618823,7.56514062917303,-3.259818290445793,8.142444018503753,-3.362141536183927
1022500144,2025-07-16,2025,Regular Season,21.0,175.0,0.4768076863747421,168.1732478462004,-13.494613862568116,6.667861708768527,-3.4133760768997945,-10.081237785668321,-2.5593096007496428,-11.168069827337348,164.25714285714287,163.65625,163.17857142857142,61,7,3.0,1.0,1.0,4.0,151.69272727272727,51.95454545454545,2025,1.0017472316079,1.0017472316079,-0.25272727272727025,11.821428571428584,3.598228474197813,-6.990341148482141,0.9956904640918474,-0.1628873905571635,-1.4073216842081335,-14.481467291974894,7.267086024005977,-3.607190633984459,-10.874276657990436,-3.4133760768997945,-10.081237785668321
1022500147,2025-07-22,2025,Regular Season,14.0,182.0,1.403340175536608,168.71186919195654,-12.82821957923315,-0.4599112288103129,-6.644065404021731,-6.184154175211418,-5.669270921877434,-7.073093894787156,163.34426229508196,161.8,162.7655172413793,67,7,6.0,6.0,6.0,12.0,151.65242236024844,52.254658385093165,2025,0.9990933513011132,0.9990933513011132,1.7475776397515403,19.234482758620686,-1.5518959867216413,-6.153541493876105,1.2996480922526068,0.7365184664677056,-0.514528004354841,-14.861421573443081,-0.7979569745994297,-7.829689274021256,-7.031732299421826,-6.644065404021731,-6.184154175211418
1022500155,2025-07-25,2025,Regular Season,13.0,165.0,0.1029410696389172,167.8176909726726,-4.835440764940543,7.653131737613137,1.408845486336297,-6.24428625127684,2.1769850437279175,-7.40814952399537,163.81967213114754,164.07692307692307,162.9090909090909,70,7,3.0,2.0,2.0,5.0,152.00332015810278,57.04940711462451,2025,1.0028257056835073,1.0028257056835073,9.396679841897225,2.0909090909090935,0.36234344408602226,6.436509512104429,1.4852955891300041,-6.107163501592538,-1.560907435544386,-6.676646734741865,7.288622735991453,0.3059880006247937,-6.982634735366659,1.408845486336297,-6.24428625127684
1022500159,2025-07-26,2025,Regular Season,-2.0,200.0,4.538277161743207,174.6450691044133,-9.434191911243616,-15.920738984343089,-12.677465447793352,3.2432735365497365,-10.18745533005653,2.940016361650386,164.58064516129033,165.0,163.0700636942675,71,7,1.0,2.0,1.0,3.0,150.17398550724639,52.92753623188406,2025,0.9999707322905366,0.9999707322905366,15.106014492753616,36.9299363057325,1.1991404636212533,-0.26488948136406876,-10.000254620526857,-1.1214516917868533,4.28908257132015,-10.015115884183771,-16.256564518820568,-13.13584020150217,3.1207243173183983,-12.677465447793352,3.2432735365497365
1022500185,2025-08-05,2025,Regular Season,9.0,161.0,3.5472835832498806,169.0484910129446,1.2403554167200497,6.808135596224545,4.0242455064722975,-2.783890089752248,5.033476974107231,-3.196353474715181,165.55072463768116,168.5897435897436,164.0,81,8,2.0,4.0,2.0,6.0,155.18502463054188,48.751231527093594,2025,1.0032164846414082,1.0032164846414082,0.5749753694581159,-3.0,3.7545011907386243,-1.7555118612521383,10.134757943758363,-7.100270299137621,2.4895825723443097,0.9462080272859339,7.383991650017407,4.16509983865167,-3.2188918113657365,4.0242455064722975,-2.783890089752248
1022500199,2025-08-10,2025,Regular Season,-12.0,154.0,-6.757736122319627,170.89931275570484,11.909370418070822,4.989942337634034,8.449656377852428,3.459714040218394,10.227264789849848,0.6862437024052994,165.9,166.82051282051282,163.81313131313132,86,8,2.0,2.0,2.0,4.0,150.98447311827957,53.825806451612905,2025,0.999085569356399,0.999085569356399,-7.504473118279577,-9.813131313131322,7.096221805992241,2.3461383068080757,1.998491315470094,-1.2135866384205678,-4.40121070115796,10.853172295636128,2.129636236582911,6.4914042661095195,4.361768029526608,8.449656377852428,3.459714040218394
1022500222,2025-08-19,2025,Regular Season,10.0,160.0,-7.274880505465892,168.9813937376813,-3.3042257140384237,12.285619451719725,4.490696868840651,-7.7949225828790745,5.765502977656091,-10.64584229050346,166.60526315789474,164.51351351351352,164.08597285067873,95,8,3.0,3.0,3.0,6.0,150.76221033868092,53.409982174688054,2025,0.9990030645569712,0.9990030645569712,0.3177896613190683,-4.085972850678729,-0.7152809423405966,0.9385209037698381,2.3189386490608683,3.2233243671659775,-4.380464677863161,-3.5635668261697617,9.728969050049258,3.0827011119397483,-6.64626793810951,4.490696868840651,-7.7949225828790745
1022500229,2025-08-21,2025,Regular Season,-6.0,176.0,9.898411783597098,161.8856998545375,0.1593421114916822,-14.273642256954176,-7.057150072731247,7.216492184222929,-8.142794915058225,8.382044712018292,166.4512195121951,164.97297297297297,164.09691629955947,97,8,2.0,2.0,2.0,4.0,149.1865882352941,48.423529411764704,2025,1.0001869348302683,1.0001869348302683,4.173411764705918,11.903083700440533,-7.607900837781676,0.5242547047840702,-3.424154981438459,2.365006199377836,10.912994593397805,-0.157190698523479,-15.377758135736528,-7.767474417130003,7.610283718606524,-7.057150072731247,7.216492184222929
1022500241,2025-08-25,2025,Regular Season,2.0,160.0,5.2161969925148925,164.23555899282275,3.431117613700593,0.8044413791221814,2.117779496411387,1.3133381172892058,1.7874975024645394,1.3753448452446477,165.5421686746988,164.2972972972973,163.925,101,8,2.0,2.0,2.0,4.0,149.6573873873874,48.50825825825826,2025,0.9998662911765668,0.9998662911765668,-6.137387387387406,-3.9250000000000114,0.9366821546015549,-1.2127906463691094,3.7370964766248207,-1.673490482392721,2.2633004277409765,2.817756838459971,2.6036613064460283,2.7107090724529996,0.1070477660069713,2.117779496411387,1.3133381172892058
1022500247,2025-08-28,2025,Regular Season,26.0,152.0,2.6090039380604795,162.42675655926314,-6.596629771282423,17.023386330545563,5.21337827963157,-11.810008050913993,4.4644494188590045,-12.298872882744163,165.15,165.88888888888889,164.03658536585365,104,8,3.0,4.0,3.0,7.0,147.5157894736842,44.18421052631579,2025,0.9982013903348218,0.9982013903348218,-11.555789473684229,-12.036585365853654,-0.38100968849547456,-0.021478655377766387,5.9991846393073835,-1.1322468765751386,1.703870046114059,-7.023514408127738,17.354750183331973,5.165617887602117,-12.189132295729856,5.21337827963157,-11.810008050913993
1022500277,2025-09-09,2025,Regular Season,9.0,141.0,5.898347248250287,159.01414079185977,6.998110309443376,11.016030482416355,9.007070395929865,-2.008960086486489,7.253161466189269,-1.6866100896409506,163.03846153846155,161.6764705882353,163.59420289855072,116,9,4.0,2.0,2.0,6.0,146.427707641196,44.21040974529346,2025,0.9976182954132832,0.9976182954132832,-7.667707641196017,-22.59420289855072,1.525083370374964,6.348854226560478,-0.35056179609931704,-0.2702143346468624,2.2215927852701673,4.692534414059324,11.835367502807827,8.263950958433576,-3.5714165443742516,9.007070395929865,-2.008960086486489
1042500132,2025-09-17,2025,Playoffs,-26.0,146.0,1.5732645890041674,163.06062147789777,22.30163904695459,-5.241017569056822,8.530310738948884,13.771328308005707,7.979181412501902,13.036023634871583,160.8450704225352,160.06666666666666,163.29794520547946,124,9,3.0,3.0,3.0,6.0,150.19466666666665,54.57777777777778,2025,0.9996146893157072,0.9996146893157072,0.08533333333335236,-17.297945205479465,-1.437274647166591,9.187747451559243,3.774868967840945,-3.5461603597317013,,,,,,,
1022500038,2025-05-30,2025,Regular Season,-3.0,145.0,-3.691184771669734,163.49581678810904,9.334388954929693,9.161427833179346,9.24790839405452,0.08648056087517375,8.951921953334683,-1.8445601054391219,163.08823529411765,163.08823529411765,163.08823529411765,14,5,3.0,3.0,3.0,6.0,149.264,53.6,2025,1.0021683520694342,1.0021683520694342,4.815999999999974,-18.088235294117652,1.054775216163895,11.02823721455014,-3.1830188523796945,0.05192837500034142,-5.101431388125222,9.008449408126495,9.990279356349902,9.499364382238198,-0.4909149741117034,9.24790839405452,0.08648056087517375
1022500049,2025-06-05,2025,Regular Season,9.0,163.0,2.9813579579856704,153.55728232176526,-8.057205684338882,-1.3855119938958609,-4.7213588391173715,-3.3358468452215106,-7.867951487762944,-3.5597645051801905,162.51063829787233,162.0909090909091,162.51063829787233,20,6,2.0,4.0,2.0,6.0,149.905,63.333333333333336,2025,0.9982532706131992,0.9982532706131992,-5.10499999999999,0.48936170212766683,-2.6909884316993695,-0.8213612054504189,-1.0313287642553632,-3.324273086357788,-1.0140194440500585,-6.433908009926768,3.309697090347214,-1.5621054597897768,-4.871802550136991,-4.7213588391173715,-3.3358468452215106
1022500054,2025-06-07,2025,Regular Season,-12.0,166.0,2.352084017863778,159.02325318433543,3.525102473329227,-10.50184928899381,-3.4883734078322917,7.0134758811615185,-5.146884704448297,6.536145132384448,162.68627450980392,163.96774193548387,162.68627450980392,22,6,2.0,4.0,2.0,6.0,147.9161111111111,47.31944444444444,2025,1.0038421480321411,1.0038421480321411,-2.716111111111104,3.3137254901960773,0.10281963714486597,-6.753161784683048,2.5018410083591434,-0.9983835652692505,3.219329313581105,3.8847577359469057,-10.864831287614038,-3.490036775833566,7.374794511780472,-3.4883734078322917,7.0134758811615185
1022500061,2025-06-11,2025,Regular Season,13.0,173.0,2.068756309428135,161.0955372071291,-11.51453044599522,-0.3899323468756819,-5.952231396435451,-5.562299049559769,-7.045401470023833,-6.14579470190705,161.52542372881356,160.46428571428572,161.52542372881356,26,6,4.0,3.0,3.0,7.0,155.13600000000002,50.0,2025,0.9982872784369892,0.9982872784369892,-3.176000000000016,11.474576271186436,1.8733349290132093,-6.336695876271184,-0.02776416573340157,-2.5542763570324514,2.3393048876455333,-10.521111012711529,0.3089387444433953,-5.106086134134067,-5.415024878577462,-5.952231396435451,-5.562299049559769
1022500101,2025-06-27,2025,Regular Season,15.0,197.0,1.6345219615862727,167.60755314774906,-21.3065786962069,-8.085868156044043,-14.69622342612547,-6.610355270081428,-14.024800050685116,-7.42463973872411,162.0909090909091,161.94285714285715,162.2164948453608,42,6,6.0,2.0,2.0,8.0,150.7125714285714,59.51904761904762,2025,1.0012190000704675,1.0012190000704675,6.367428571428576,34.78350515463919,3.443157950316328,-3.3909118331183077,-10.441219137858184,-3.635827030024945,1.0670041050624484,-23.04274323190735,-9.231439960817596,-16.137091596362474,-6.905651635544878,-14.69622342612547,-6.610355270081428
1022500106,2025-06-29,2025,Regular Season,-3.0,165.0,6.177224922878968,164.24157235907478,3.834713341045699,-4.593140981970919,-0.3792138204626099,4.213927161508309,-0.7330645183996083,4.492472140578222,162.95652173913044,163.25,163.0,44,6,2.0,3.0,2.0,5.0,152.08533333333332,56.77916666666667,2025,0.9972851520285148,0.9972851520285148,-0.4053333333333171,2.0,-5.8183497790095275,-0.9767415233550611,2.1277345734364808,3.934292210528506,5.137065088062415,2.5173095481237056,-4.974335374995221,-1.2285129134357575,3.745822461559463,-0.3792138204626099,4.213927161508309
1022500120,2025-07-07,2025,Regular Season,30.0,174.0,2.516292022935904,167.071966735181,-17.217862635205876,10.289829370386883,-3.4640166324094963,-13.75384600279638,-2.9598981383071816,-14.358408148700846,162.8955223880597,163.24137931034483,162.8050847457627,52,7,4.0,4.0,4.0,8.0,156.07204678362572,49.55555555555556,2025,1.0009490290557324,1.0009490290557324,11.207953216374278,11.194915254237287,5.772121865879916,-9.004965597436579,-4.5874234907844915,4.860369084033981,-1.0157026122973203,-18.652985478142412,11.795438048239589,-3.4287737149514115,-15.224211763191,-3.4640166324094963,-13.75384600279638
1022500125,2025-07-09,2025,Regular Season,8.0,150.0,1.32680141635389,167.1187376601559,5.310809140953793,11.807928519202079,8.559368830077936,-3.248559689124143,9.107254799720096,-4.122243514637148,163.74242424242425,165.0344827586207,162.95901639344262,54,7,2.0,3.0,2.0,5.0,151.69894736842105,55.684210526315795,2025,1.0005699035246896,1.0005699035246896,-2.0989473684210225,-12.959016393442624,7.0339374775981796,18.924998599759064,-14.325060419650425,-2.5266208579867198,-0.4857028045192944,2.379977577765885,10.558284092488066,6.469130835126975,-4.08915325736109,8.559368830077936,-3.248559689124143
1022500151,2025-07-23,2025,Regular Season,-11.0,169.0,2.648777466273403,161.71267923326064,3.0483331320202325,-10.335653898759588,-3.643660383369678,6.69199351538991,-4.585880792764797,6.22666782124206,163.1639344262295,162.46428571428572,162.86666666666667,68,7,7.0,1.0,1.0,8.0,153.67391304347825,57.60276679841897,2025,1.005716890919581,1.005716890919581,-2.833913043478276,6.133333333333326,0.035813449860018665,-4.681732850616216,-1.574494780853703,1.6345333888451035,2.1290253242601738,1.2958950837214047,-11.534470414973725,-5.11928766562616,6.415182749347565,-3.643660383369678,6.69199351538991
1022500188,2025-08-05,2025,Regular Season,16.0,148.0,10.697343024367145,163.18577797689693,4.168831739820533,11.01694623707641,7.592888988448472,-3.424057248627939,6.836321427500444,-2.104918923276749,165.55072463768116,168.5897435897436,164.0,81,8,2.0,2.0,2.0,4.0,151.49650793650795,48.34126984126984,2025,1.0033864049366492,1.0033864049366492,-1.8565079365079669,-16.0,2.000291889554142,3.446343754240612,-1.6333738971718095,3.0230596808775023,7.125178735108808,3.1645348038590697,12.951757197068986,8.058146000464028,-4.893611196604958,7.592888988448472,-3.424057248627939
1022500193,2025-08-07,2025,Regular Season,35.0,155.0,2.2215147540960056,166.0043390160397,-10.896299300353988,21.900638316393696,5.502169508019854,-16.398468808373842,5.726579302255232,-17.047700356447677,165.57142857142858,167.87179487179486,163.92631578947368,83,8,2.0,2.0,2.0,4.0,153.47305747126438,52.18390804597701,2025,0.9994072177358544,0.9994072177358544,4.1669425287356034,-8.926315789473676,2.2528785689995052,-0.6534474918533473,-0.5835209410005682,4.710669166109642,3.109267197960037,-10.995069646485973,21.098763297452393,5.05184682548321,-16.046916471969183,5.502169508019854,-16.398468808373842
1022500202,2025-08-10,2025,Regular Season,-8.0,140.0,0.0442068240630448,163.0891370343955,15.67931084683859,7.409826187556888,11.544568517197739,4.134742329640851,11.041191568295552,3.054134084034665,165.9,166.82051282051282,163.81313131313132,86,8,3.0,3.0,3.0,6.0,153.31733333333335,55.46666666666667,2025,0.9979497853072524,0.9979497853072524,-4.79733333333337,-23.813131313131322,-0.028797155757184,3.1359823188880167,4.0615634980620285,3.872442907102685,1.1374086292156154,15.513696007336534,6.381839442324633,10.947767724830584,4.565928282505951,11.544568517197739,4.134742329640851
1022500215,2025-08-15,2025,Regular Season,-3.0,169.0,5.0081671025755226,164.82985885966238,1.653708184983742,-5.823849325321362,-2.08507057016881,3.738778755152552,-2.249898533200067,3.74175775659657,164.8,162.8918918918919,163.71904761904761,91,8,5.0,2.0,2.0,7.0,153.51476050830888,53.11632453567937,2025,0.9995972315810326,0.9995972315810326,-1.9147605083088877,5.280952380952385,-1.7976208159031053,4.7478987755979585,-2.624033039741102,-2.576143453153823,4.9993278898994795,1.7413530070789136,-5.736000458863316,-1.9973237258922012,3.738676732971115,-2.08507057016881,3.738778755152552
1022500234,2025-08-22,2025,Regular Season,9.0,153.0,4.005959832353063,160.28024458242135,0.8684301930311733,6.411814389390187,3.6401222912106803,-2.771692098179507,2.276680834601308,-2.901812989366789,165.5679012345679,163.05263157894737,163.8138528138528,98,8,1.0,3.0,1.0,4.0,150.8182857142857,57.82857142857143,2025,1.003153781591765,1.003153781591765,-4.858285714285728,-10.813852813852805,1.2057930835050241,-1.854124697172601,3.6063905195656307,-0.6813780712967552,3.655895325028072,1.3610255037374372,7.146084092266435,4.253554798001936,-2.8925292942644987,3.6401222912106803,-2.771692098179507
1022500249,2025-08-28,2025,Regular Season,4.0,162.0,8.789953181168178,161.0028451291139,1.2379965574818215,-2.235151428367928,-0.4985774354430532,1.7365739929248747,-1.792859194395831,2.67024431819722,165.15,165.88888888888889,164.03658536585365,104,8,2.0,3.0,2.0,5.0,150.95783783783784,48.270270270270274,2025,1.0035868397134131,1.0035868397134131,0.8821621621621603,-2.0365853658536537,-2.347008735286888,0.7691408952786905,-2.348016527207335,2.133025172819702,10.046873299823963,1.5494761259415952,-2.9545555672110595,-0.7025397206347321,2.2520158465763274,-0.4985774354430532,1.7365739929248747
1022500255,2025-08-30,2025,Regular Season,17.0,143.0,3.4385173514935694,166.36845839736867,4.800323610732491,18.568134786636165,11.684229198684328,-6.883905587951837,11.974773346808263,-7.266198073718627,163.91139240506328,165.16666666666666,164.0159362549801,106,8,2.0,2.0,2.0,4.0,151.21381916329284,54.782051282051285,2025,1.0035467885954037,1.0035467885954037,-23.21381916329284,-21.01593625498009,5.430862413674127,-0.8643090491949437,6.964450643033871,0.4437693392952031,6.163377174414177,4.9090935789611905,16.486494102608276,10.697793840784733,-5.788700261823543,11.684229198684328,-6.883905587951837
1022500262,2025-09-02,2025,Regular Season,6.0,164.0,2.155372348132329,163.80367336883438,-2.0691034760705946,1.872776844904962,-0.09816331558281632,-1.9709401604877783,-0.46449929103505383,-2.590173923354058,163.50617283950618,162.30769230769232,163.81923076923076,109,9,3.0,2.0,2.0,5.0,153.27753846153848,51.73717948717949,2025,0.9960196541101434,0.9960196541101434,1.3624615384615026,0.18076923076924345,0.04642600259301766,2.7198479344608675,-1.8251921762918144,-1.4055810517971246,3.889252634563273,-2.440470644632242,0.14216326811740032,-1.149153688257421,-1.2913169563748212,-0.09816331558281632,-1.9709401604877783
1022500280,2025-09-09,2025,Regular Season,-5.0,171.0,3.2266089564028264,168.2992418069477,2.716813628075471,-5.4175718211277655,-1.3503790965261473,4.067192724601618,-0.5344613905737816,3.5977242425960583,163.03846153846155,161.6764705882353,163.59420289855072,116,9,3.0,2.0,2.0,5.0,152.5438095238095,53.07142857142857,2025,0.9970888455546064,0.9970888455546064,6.936190476190518,7.405797101449281,-4.241615962793149,-0.06828979207864094,5.524020917057808,-1.748576552759802,2.428778255171751,2.4367983248044993,-5.036778274108528,-1.2999899746520143,3.7367882994565136,-1.3503790965261473,4.067192724601618
1042500131,2025-09-14,2025,Playoffs,-7.0,145.0,1.8656670878874173,164.1606276786966,13.995936125277126,5.1646915534194875,9.580313839348307,4.415622285928819,9.317672624983096,3.7237908761589793,162.51315789473685,159.61290322580646,163.3986013986014,121,9,3.0,3.0,3.0,6.0,149.97181818181818,54.47727272727273,2025,0.9949634833925658,0.9949634833925658,10.028181818181821,-18.398601398601386,3.26322102732842,4.588026268552522,2.0520917071148865,-0.5856663780127347,,,,,,,
1042500133,2025-09-19,2025,Playoffs,6.0,152.0,3.287682594766336,162.4767998001261,3.712222717218083,6.764577082908005,5.238399900063044,-1.526177182844961,4.485156497397547,-1.8630571165417749,160.11428571428573,159.0,163.16554054054055,126,9,2.0,2.0,2.0,4.0,150.19652173913045,54.47826086956522,2025,0.9923434985733208,0.9923434985733208,9.923478260869558,-11.165540540540547,-6.8285392211580485,4.24978762693398,2.2824689147544603,4.78143917686716,,,,,,,
1042500203,2025-09-26,2025,Playoffs,8.0,160.0,-4.58994713788812,163.4470800672093,-4.065493864644921,7.51257393185422,1.7235400336046496,-5.789033898249571,1.437988079140574,-7.921703360788463,159.49122807017545,157.33333333333334,163.09634551495017,133,9,3.0,3.0,3.0,6.0,152.17442176870748,52.990221088435376,2025,1.001966786638201,1.001966786638201,-1.654421768707465,-3.0963455149501726,-4.244700644767062,10.823136218904592,-0.5897879451624384,-4.550659549834519,,,,,,,
1042500204,2025-09-28,2025,Playoffs,5.0,167.0,-4.491122590117379,163.71131129996024,-5.886805226627359,2.598116526587617,-1.6443443500198711,-4.242460876607488,-1.8613481406898345,-6.358242847361744,158.6851851851852,157.41176470588235,163.06270627062707,135,9,2.0,2.0,2.0,4.0,152.14153469387753,52.76979591836735,2025,0.996926134184454,0.996926134184454,6.938465306122453,3.937293729372925,-2.537814512214375,-1.9332046061821,-0.6092703817978169,3.2189413595044525,,,,,,,
1042500303,2025-10-08,2025,Playoffs,-2.0,178.0,-3.61789190394611,168.07075734834285,-5.254237494488635,-4.675005157168528,-4.964621325828581,-0.2896161686600536,-4.030829745688514,-2.297494845630929,160.42424242424244,163.30194805194805,163.30194805194805,145,10,3.0,3.0,3.0,6.0,152.61101327742836,52.212438853948285,2025,1.000775050835271,1.000775050835271,6.028986722571631,14.698051948051955,-10.963502987099755,2.8200294384368743,1.088178778437591,3.024465024536783,,,,,,,
1042500304,2025-10-10,2025,Playoffs,-11.0,183.0,-3.070292545150739,169.36525173837447,-2.3523852422820823,-11.282363019343464,-6.817374130812773,4.464988888530691,-5.549421382920947,2.554147911611061,162.71428571428572,172.875,163.3495145631068,147,10,2.0,2.0,2.0,4.0,152.72160269360268,52.07912457912458,2025,0.9955104979537874,0.9955104979537874,8.038397306397314,19.650485436893206,-9.548166009586609,1.0897042378731978,-1.9941666854986728,4.903207074291139,,,,,,,
1022500060,2025-06-11,2025,Regular Season,-8.0,186.0,2.3247674902495348,165.97216427216097,-4.870017209673918,-15.1578185181651,-10.01391786391951,5.143900654245591,-9.8008765497053,4.518603732939276,161.52542372881356,160.46428571428572,161.52542372881356,26,6,4.0,2.0,2.0,6.0,153.20971428571428,52.68571428571428,2025,0.999899575378108,0.999899575378108,1.4302857142857022,24.474576271186436,-8.60603807005711,-0.23110679292382308,-1.43578574769829,0.472054060973923,2.2725216613573744,-5.556741348135077,-15.748849549630819,-10.652795448882948,5.096054100747871,-10.01391786391951,5.143900654245591
1022500064,2025-06-13,2025,Regular Season,4.0,172.0,1.093390737775492,166.06000499390183,-4.337426634089695,-1.6025683720084771,-2.969997503049086,-1.367429131040609,-2.7010338044923827,-2.2721289614820677,162.3709677419355,161.5,162.3709677419355,28,6,2.0,2.0,2.0,4.0,158.9663636363636,49.06818181818181,2025,1.0027718932975629,1.0027718932975629,-9.806363636363614,9.629032258064512,-1.7296557637998031,-4.432975854024862,4.301227664905461,-0.8396298515731759,1.9673595461084408,-2.5048692271571156,-0.613548389108928,-1.5592088081330218,-0.9456604190240938,-2.969997503049086,-1.367429131040609
1022500070,2025-06-15,2025,Regular Season,-6.0,146.0,2.8253042775936,162.06831553615206,12.306968643140848,3.7613468930112077,8.034157768076028,4.27281087506482,7.183057758491941,3.840025102733989,162.86567164179104,161.88888888888889,162.86567164179104,30,6,2.0,4.0,2.0,6.0,152.54868686868687,57.878787878787875,2025,1.0017280281543546,1.0017280281543546,-3.2286868686868786,-16.86567164179104,2.2864558282776306,-0.4783830866272698,11.155612107895777,-5.780627091054201,6.09602954587549,13.795093909673668,2.513790290214459,8.154442099944063,5.640651809729604,8.034157768076028,4.27281087506482
1022500082,2025-06-20,2025,Regular Season,-7.0,173.0,-6.825762692658526,162.70552280050822,-4.383083873823836,-5.9113933256679445,-5.14723859974589,0.7641547259220545,-5.573839336950279,-1.8574397869477721,161.36764705882354,160.2,161.65822784810126,35,6,3.0,3.0,3.0,6.0,150.0578787878788,47.82575757575758,2025,0.9907793815053632,0.9907793815053632,-1.777878787878791,11.341772151898738,-0.8099280794174,-9.341592798998047,2.580339919158053,1.9973416223071094,-4.669408371976393,-4.343782863678314,-7.601834622832868,-5.972808743255591,1.6290258795772772,-5.14723859974589,0.7641547259220545
1022500087,2025-06-22,2025,Regular Season,8.0,170.0,-1.7421579094553736,164.18203194656564,-7.496328102501408,1.6783600490670665,-2.908984026717171,-4.587344075784237,-3.071304821536522,-6.092985996083989,162.02941176470588,162.66666666666666,162.3452380952381,37,6,2.0,3.0,2.0,5.0,151.51666666666668,51.41666666666667,2025,1.0018815583862477,1.0018815583862477,2.6833333333333087,7.654761904761898,2.2718383376732367,7.295772524480759,-10.508132073041208,-2.130783610649299,-2.5029356796335884,-8.481766709141084,1.3793856372748508,-3.5511905359331166,-4.930576173207967,-2.908984026717171,-4.587344075784237
1022500095,2025-06-25,2025,Regular Season,26.0,144.0,7.435061710474697,159.243481507453,-2.242180639292741,17.48566214674574,7.621740753726499,-9.86392139301924,5.889300722993703,-9.199803765070065,163.1044776119403,163.6764705882353,162.31182795698925,40,6,3.0,3.0,3.0,6.0,148.87252747252745,47.75824175824176,2025,1.0058418578818464,1.0058418578818464,4.4474725274725415,-18.311827956989248,3.596915319951325,2.331273523151104,1.0567131969358883,-1.095601317044614,4.351265286056384,-3.159472936897174,19.109602816153995,7.97506493962841,-11.134537876525584,7.621740753726499,-9.86392139301924
1022500097,2025-06-26,2025,Regular Season,-11.0,177.0,2.6018776717608416,162.51512518895322,-0.553611660711411,-13.931263150335369,-7.24243740552339,6.688825744811979,-7.967388244508761,6.196550961549669,162.768115942029,161.54545454545453,162.0842105263158,41,6,1.0,2.0,1.0,3.0,150.90571428571428,43.04761904761905,2025,1.0035599562681652,1.0035599562681652,1.374285714285719,14.915789473684214,1.1425183089811144,-1.7224650510038515,-2.8788293596365406,-4.508612142849493,1.9423355452340176,-1.5970630794864746,-14.364763089142201,-7.980913084314338,6.383850004827863,-7.24243740552339,6.688825744811979
1022500132,2025-07-12,2025,Regular Season,2.0,206.0,-1.3518470887416194,156.44873495119705,-26.358146500217117,-23.19311854858583,-24.775632524401473,-1.582513975815644,-27.03019779100689,-2.842346598917608,162.94117647058823,161.0,162.66923076923078,57,7,2.0,3.0,2.0,5.0,151.02884210526315,55.91052631578947,2025,1.0002135388836035,1.0002135388836035,4.931157894736856,43.33076923076922,-10.039369378545404,-1.2328852250528577,-13.556541590927718,-2.2014015964809115,1.423221996528556,-23.483911348341152,-22.76638744733563,-23.125149397838392,-0.3587619505027604,-24.775632524401473,-1.582513975815644
1022500149,2025-07-22,2025,Regular Season,15.0,159.0,-3.1047561868215983,162.23372459955547,-7.078044446597119,10.311769046152591,1.6168622997777362,-8.694906746374855,0.9657164098285236,-10.467983030997054,163.34426229508196,161.8,162.7655172413793,67,7,6.0,6.0,6.0,12.0,152.80363636363637,53.81818181818181,2025,1.0015027309098157,1.0015027309098157,-2.083636363636373,-3.765517241379314,-0.8361493215773805,-0.061432329771992755,10.363733837267382,-8.500435776089482,-0.5162717536052697,-5.672551082275788,9.53435264726943,1.9309007824968205,-7.603451864772609,1.6168622997777362,-8.694906746374855
1022500179,2025-08-02,2025,Regular Season,-53.0,169.0,-6.340979522705394,167.15148593278678,23.13263946966717,-24.9811535368804,-0.9242570336066152,24.056896503273784,-0.1665887823870662,21.453865344821992,165.31428571428572,169.06060606060606,163.93258426966293,78,8,4.0,3.0,3.0,7.0,152.10629629629628,51.64814814814815,2025,1.000877789559622,1.000877789559622,-4.426296296296272,5.067415730337075,7.099378539126665,-13.405425067239038,-0.024784772417181244,6.1642425181424825,-3.5061159958794113,24.570806629305636,-25.925742081775667,-0.6774677262350153,25.24827435554065,-0.9242570336066152,24.056896503273784
1022500183,2025-08-03,2025,Regular Season,24.0,178.0,0.3679714047664399,158.036042565594,-21.81544112163209,1.8514836872260787,-9.981978717203006,-11.833462404429085,-11.854272293547396,-12.737959409087225,165.53030303030303,169.05882352941177,163.9608938547486,79,8,1.0,2.0,1.0,3.0,150.7862962962963,55.2526455026455,2025,1.0018132622513638,1.0018132622513638,13.173703703703694,14.039106145251395,-0.19739319939177857,-15.087654045384351,1.6551754777114205,1.7755994735173135,2.4376716928285482,-19.72036246114699,2.124976555604505,-8.797692952771243,-10.922669508375748,-9.981978717203006,-11.833462404429085
1022500196,2025-08-08,2025,Regular Season,4.0,176.0,-0.9061709935722198,163.44459004968985,-8.531737208694608,-4.023672741615556,-6.277704975155082,-2.254032233539526,-6.6604757267022805,-3.5561542058385456,165.69014084507043,168.12820512820514,163.96373056994818,84,8,2.0,3.0,2.0,5.0,152.24133333333333,47.900000000000006,2025,0.9994733973434968,0.9994733973434968,3.118666666666684,12.036269430051817,-3.4126450210168855,-2.529613727415944,1.3669374064365662,-2.0851543847060157,1.220393170167164,-7.441730189123831,-4.721958657332635,-6.081844423228233,-1.3598857658955978,-6.277704975155082,-2.254032233539526
1022500203,2025-08-10,2025,Regular Season,8.0,180.0,6.132865392850524,164.38342160420976,-9.109952184702436,-6.506626211087806,-7.808289197895121,-1.3016629868073153,-8.122787581663154,-1.0360134797911584,165.9,166.82051282051282,163.81313131313132,86,8,2.0,3.0,2.0,5.0,151.18843159065628,46.61290322580645,2025,1.0025005763466923,1.0025005763466923,-0.06843159065627447,16.186868686868678,6.9703433618413175,-7.861764639787298,-5.020487123461965,-2.2108791802552097,4.819992463432395,-8.701466025481892,-5.078918497191438,-6.890192261336665,-1.811273764145227,-7.808289197895121,-1.3016629868073153
1022500209,2025-08-13,2025,Regular Season,6.0,160.0,0.2508122602219254,169.75763556063566,2.2357391912161972,7.521896369419466,4.878817780317831,-2.643078589101634,6.165367839854561,-3.8131935450700993,165.38571428571427,165.1891891891892,163.86893203883494,89,8,3.0,1.0,1.0,4.0,151.51875,53.09375,2025,0.9953105847335284,0.9953105847335284,-3.1587499999999977,-3.8689320388349415,-4.553113395512409,2.0111576587259172,6.114441662434352,2.5928819142067083,1.7541899374937586,2.684037273944483,6.731234135627034,4.707635704785758,-2.0235984308412753,4.878817780317831,-2.643078589101634
1022500219,2025-08-17,2025,Regular Season,19.0,193.0,1.815047488928861,166.58962214720293,-21.761091194181276,-4.649286658615779,-13.205188926398527,-8.555902267782749,-12.812551789974513,-9.308714668382613,166.01408450704224,163.21621621621622,163.83333333333334,93,8,2.0,2.0,2.0,4.0,156.1270588235294,47.0,2025,1.0051070948649907,1.0051070948649907,3.952941176470574,29.166666666666657,2.227609623661495,-9.28016932403788,-9.301803140034913,3.541811050436789,1.1547894318405014,-21.415116053405555,-3.801756402653851,-12.608436228029703,-8.806679825375852,-13.205188926398527,-8.555902267782749
1022500225,2025-08-19,2025,Regular Season,2.0,146.0,-2.415168370281486,165.04642646849229,7.673061366997899,11.373365101494386,9.523213234246143,-1.8501518672482433,9.611250046046493,-3.5251619113703185,166.60526315789474,164.51351351351352,164.08597285067873,95,8,2.0,2.0,2.0,4.0,152.1023529411765,53.44957983193277,2025,0.9988095401254012,0.9988095401254012,-12.102352941176491,-18.08597285067873,4.156038081544504,1.9926915810436352,5.366735020992856,-1.9042146375345,-4.013714749957882,7.69633783119194,12.674821882002703,10.185579856597322,-2.4892420254053818,9.523213234246143,-1.8501518672482433
1022500231,2025-08-21,2025,Regular Season,22.0,144.0,-0.6609374953942588,167.54922082031365,0.7065324787731981,22.842688341540452,11.774610410156825,-11.068077931383627,12.490491030656344,-12.39867669589934,166.4512195121951,164.97297297297297,164.09691629955947,97,8,2.0,2.0,2.0,4.0,153.20071895424837,53.02614379084967,2025,0.9981801146625182,0.9981801146625182,0.9192810457516316,-20.096916299559467,4.887894762811949,8.46710907782009,-1.4565846915741627,0.592071881598466,-1.0603862914265207,0.45191944926634164,22.927895128239243,11.689907288752792,-11.23798783948645,11.774610410156825,-11.068077931383627
1022500267,2025-09-04,2025,Regular Season,10.0,184.0,-6.2059388743637935,165.94509005039987,-16.438905340220344,-1.6160046093797718,-9.027454974800058,-7.411450365420286,-8.59812073933982,-9.959417851807302,162.725,160.64864864864865,163.61363636363637,111,9,8.0,3.0,3.0,11.0,151.25400000000002,50.55,2025,1.0020312861445655,1.0020312861445655,-5.574000000000012,20.386363636363626,3.6764479322876964,-2.7620448596652967,-4.732657184000578,-4.779866627961636,-2.5233497018056736,-16.84126949488791,-4.935576002222774,-10.888422748555342,-5.952846746332568,-9.027454974800058,-7.411450365420286
1022500275,2025-09-07,2025,Regular Season,14.0,146.0,7.625340855794747,163.97680693979322,5.300366448334529,12.676440491458706,8.988403469896618,-3.6880370215620886,8.525316890021323,-3.077615376367085,163.1012658227848,163.02857142857144,163.71323529411765,114,9,3.0,2.0,2.0,5.0,149.71804878048778,45.09756097560975,2025,0.9978046699308568,0.9978046699308568,-6.5580487804877805,-17.713235294117652,7.219534046608731,-1.563221369713883,2.587226916327708,0.28177729679876773,7.0160250831608035,4.443875219197011,12.375020065975832,8.409447642586422,-3.9655724233894105,8.988403469896618,-3.6880370215620886
1022500279,2025-09-09,2025,Regular Season,31.0,153.0,8.298067155829726,162.80384293326733,-7.029723210761574,16.833566144028907,4.901921466633667,-11.93164467739524,4.105409394118489,-11.145621935881884,163.03846153846155,161.6764705882353,163.59420289855072,116,9,2.0,2.0,2.0,4.0,149.56190476190477,45.30952380952381,2025,1.0007591809409833,1.0007591809409833,-15.481904761904786,-10.59420289855072,-1.8707451412884142,-5.751634322778582,8.237940791108095,3.489848067077391,8.916237841758987,-7.116401368452159,16.25869745384537,4.571148042696606,-11.687549411148765,4.901921466633667,-11.93164467739524
1042500111,2025-09-14,2025,Playoffs,25.0,179.0,-0.1182491448534515,163.49723685063586,-20.17600748982575,4.673244340461608,-7.751381574682071,-12.424625915143679,-8.14062908316162,-13.550187559010872,162.51315789473685,159.61290322580646,163.3986013986014,121,9,3.0,5.0,3.0,8.0,151.95545454545453,47.93181818181818,2025,1.0024098546974336,1.0024098546974336,4.124545454545455,15.601398601398614,-1.0181733108755822,-7.691949425938812,2.337831955688955,-1.7683383020361907,,,,,,,
1042500113,2025-09-18,2025,Playoffs,1.0,147.0,1.9844620680955816,165.26378251958516,9.619528443473058,8.644254076112105,9.131891259792582,0.4876371836804765,9.16313595231015,-0.1999245305230133,160.4794520547945,159.46666666666667,163.1904761904762,125,9,2.0,2.0,2.0,4.0,151.91652173913042,47.71739130434783,2025,0.9968522685229964,0.9968522685229964,-10.516521739130411,-16.190476190476204,-2.669411075575704,9.017338540396173,0.7677444487883704,2.0474640387013077,,,,,,,
1042500211,2025-09-21,2025,Playoffs,-16.0,162.0,1.9626203557369328,166.1248879473533,11.058552320711073,-6.933664373357772,2.0624439736766504,8.996108347034422,2.3260942192273717,8.286049740934175,160.72727272727272,156.76,163.12794612794613,128,9,3.0,3.0,3.0,6.0,152.2587234042553,49.148936170212764,2025,0.9978894940190036,0.9978894940190036,-0.4987234042553155,-1.1279461279461316,-0.21708164760082926,8.409024309516612,-4.677859560839707,-1.1879888818487077,,,,,,,
1042500212,2025-09-23,2025,Playoffs,22.0,158.0,0.4546099993346175,165.87948212991787,-6.697555945241703,14.577038075159578,3.9397410649589375,-10.63729701020064,4.176844938818334,-11.682324146210831,160.29032258064515,156.95652173913044,163.08361204013377,130,9,2.0,2.0,2.0,4.0,152.24833333333333,48.8125,2025,1.00497868589858,1.00497868589858,-10.40833333333336,-5.083612040133772,-0.4667349012831554,4.590368685277602,-0.9595620995912846,1.0127732544151655,,,,,,,
1042500215,2025-09-30,2025,Playoffs,9.0,205.0,1.8764447947817424,166.81952763567364,-22.615862085224933,-15.56461027910143,-19.09023618216318,-3.5256259030617514,-18.637311375979507,-4.269288183361098,159.28,158.06666666666666,163.1081967213115,137,9,2.0,2.0,2.0,4.0,152.12313725490196,47.96078431372549,2025,1.0021424406729251,1.0021424406729251,21.116862745098047,41.89180327868851,-6.74384546145532,-6.051273758278191,-1.0906698762842701,-4.7515222799617245,,,,,,,
1042500301,2025-10-03,2025,Playoffs,3.0,175.0,5.369661851202056,167.16292684234298,-2.9815093500960046,-4.855563807561026,-3.9185365788285154,0.9370272287325108,-3.464713362781879,0.973892816825952,160.72727272727272,165.6,163.2450980392157,140,10,3.0,5.0,3.0,8.0,152.47867269984917,52.02488687782805,2025,0.997324200861468,0.997324200861468,0.04132730015081165,11.75490196078431,0.5432096846319432,-8.194641756733077,3.935448453974388,0.25127025534486513,,,,,,,
1042500302,2025-10-05,2025,Playoffs,13.0,169.0,6.182038637838659,167.64633597583293,-4.3914172916659595,3.0377532674988856,-0.6768320120835369,-3.7145852795824226,-0.11415350871528318,-3.5044367162825196,161.05,167.9,163.28338762214983,142,10,2.0,2.0,2.0,4.0,152.47760522496372,52.23512336719884,2025,1.0010638927592288,1.0010638927592288,7.162394775036262,5.7166123778501685,0.27736616692777005,7.630647301250052,-5.47070917236195,-2.5514578045311436,,,,,,,
1022500030,2025-05-27,2025,Regular Season,-6.0,170.0,-4.331927863405479,164.76995485154544,-1.2695420772018622,-3.9605030712527167,-2.6150225742272895,1.3454804970254273,-2.551182953436509,-0.7560154218904955,160.26923076923077,160.26923076923077,160.26923076923077,11,5,2.0,2.0,2.0,4.0,153.904,56.2,2025,1.0015463481480849,1.0015463481480849,-7.943999999999988,9.730769230769226,0.2611394978577506,-0.2665555043777914,-8.102421266012335,5.55665431909587,-8.808000207579424,-3.0840210192888264,-2.048546034035809,-2.5662835266623176,-0.5177374926265088,-2.6150225742272895,1.3454804970254273
1022500042,2025-06-01,2025,Regular Season,-5.0,165.0,-0.9624893967616048,160.32229070342515,-0.18007246363946194,-4.49763683293537,-2.338854648287416,2.1587821846479542,-3.560757613256172,0.9076807434489353,163.525,163.58823529411765,163.525,16,6,2.0,2.0,2.0,4.0,148.93238095238092,54.45238095238095,2025,1.002779481037107,1.002779481037107,7.627619047619078,1.4749999999999943,-6.09762325005456,-1.1461112830884606,0.7242517716858075,2.9587251482010375,-4.714091179019951,-1.6726587272264624,-2.8691385701131367,-2.2708986486697995,0.5982399214433372,-2.338854648287416,2.1587821846479542
1022500057,2025-06-09,2025,Regular Season,-8.0,170.0,1.2816942048764273,160.32842474545578,-0.24171497009119491,-9.429860284453042,-4.8357876272721185,4.594072657180924,-6.1148571480413025,3.8487907388537153,162.03571428571428,163.56666666666666,162.03571428571428,24,6,3.0,2.0,2.0,5.0,149.74333333333334,57.56944444444444,2025,0.9993749647435852,0.9993749647435852,23.376666666666665,7.964285714285722,-3.5619924642205856,13.22843600106129,-15.048400640089186,-0.7329000447928262,-2.3844066015852254,-1.2062441197555955,-7.383182544231943,-4.294713331993769,3.0884692122381736,-4.8357876272721185,4.594072657180924
1022500076,2025-06-17,2025,Regular Season,-31.0,165.0,-1.1889271590533494,167.86105171623774,16.64879493508279,-13.787743218845065,1.4305258581188625,15.218269076963928,2.2441980012645857,13.76227297808716,162.0,160.8846153846154,162.1,32,6,3.0,3.0,3.0,6.0,147.60909090909092,43.08333333333333,2025,0.995929353564218,0.995929353564218,5.910909090909087,2.9000000000000057,0.8915498202233261,-4.208158094270562,4.657998714180344,0.9028075611314788,-3.180889630536538,13.492531743290442,-15.10144136674441,-0.8044548117269841,14.296986555017426,1.4305258581188625,15.218269076963928
1022500105,2025-06-29,2025,Regular Season,-7.0,177.0,0.3538650362268261,165.6237527515291,-1.8726204061714071,-9.503626842299482,-5.688123624235445,3.8155032180640376,-5.517228650417373,2.752982139239542,162.95652173913044,163.25,163.0,44,6,3.0,2.0,2.0,5.0,150.45766666666668,45.65416666666667,2025,1.000443033662173,1.000443033662173,6.702333333333343,14.0,0.847122449375699,-5.246059876558579,-3.730343494639367,2.6120522714048655,-1.9195842175146962,-1.3770326357373648,-7.226485343897679,-4.301758989817522,2.924726354080157,-5.688123624235445,3.8155032180640376
1022500127,2025-07-10,2025,Regular Season,-9.0,173.0,-5.319159024768799,166.94246257394718,-0.5503388187720901,-5.507198607280742,-3.028768713026416,2.478429894254326,-2.3541562435770302,0.11003079047051045,163.28985507246378,164.93548387096774,162.78571428571428,55,7,5.0,1.0,1.0,6.0,148.72957894736842,49.85,2025,0.9961524431988577,0.9961524431988577,-2.809578947368408,10.214285714285722,6.493586354310994,-8.284801505260134,0.3634357566127022,-0.9263768492405913,-3.0389379975642505,0.4879169160941359,-6.376214902446861,-2.9441489931763627,3.4320659092704986,-3.028768713026416,2.478429894254326
1022500135,2025-07-13,2025,Regular Season,4.0,180.0,9.61684317213622,164.0856704352557,-5.813108778504898,-10.101220786239395,-7.957164782372146,2.1440560038672487,-8.443137796937393,3.201234487724548,163.62857142857143,163.17241379310346,163.03787878787878,58,7,3.0,2.0,2.0,5.0,146.24599999999998,43.75,2025,1.0038229048995824,1.0038229048995824,9.954000000000008,16.962121212121218,5.319844103562627,-5.987076425248079,-6.06011566199717,-1.7157898132547778,9.579574698891303,-4.884541109611334,-9.215636586504644,-7.050088848057989,2.165547738446655,-7.957164782372146,2.1440560038672487
1022500140,2025-07-15,2025,Regular Season,19.0,179.0,0.3498664341503879,164.68034353899208,-16.36524358474543,2.0455871237374907,-7.159828230503969,-9.20541535424146,-7.242819985552103,-10.249585576439245,163.26760563380282,163.2,163.07246376811594,60,7,2.0,2.0,2.0,4.0,148.87809523809523,40.57142857142857,2025,1.0034519643134887,1.0034519643134887,6.961904761904776,15.927536231884062,3.955942148774003,-4.5460226889575015,-6.3250228314952786,-0.3277166138733203,0.5717179304750839,-15.836735685969074,2.355001926527848,-6.740866879720613,-9.095868806248461,-7.159828230503969,-9.20541535424146
1022500169,2025-07-29,2025,Regular Season,-15.0,163.0,1.5620668735469314,170.70028504447652,12.2727087290517,-4.572423684575199,3.850142522238251,8.42256620681345,5.356112781946415,7.528832984490158,164.31746031746033,165.60714285714286,163.5,74,7,3.0,2.0,2.0,5.0,151.02818461538462,49.644615384615385,2025,0.9968467203535986,0.9968467203535986,7.851815384615378,-0.5,3.640576232104152,5.584112859098161,-4.206099399876177,0.33752309062028907,-0.5714209697718176,11.71173152909249,-3.3810545748302445,4.165338477131122,7.546393051961367,3.850142522238251,8.42256620681345
1022500187,2025-08-05,2025,Regular Season,9.0,191.0,-2.615109622274898,175.39017983994188,-13.027291785383667,-2.582528374674439,-7.804910080029053,-5.222381705354614,-4.926812050141216,-7.153554854145206,165.55072463768116,168.5897435897436,164.0,81,8,4.0,2.0,2.0,6.0,152.26303959131545,49.157088122605366,2025,1.003196339137003,1.003196339137003,3.056960408684546,27.0,4.022183664962768,-11.963323578362289,2.369087898025608,0.6452399652326957,-1.7220368980855125,-12.76435154717997,-3.055321079401182,-7.909836313290576,-4.854515233889394,-7.804910080029053,-5.222381705354614
1022500192,2025-08-07,2025,Regular Season,11.0,193.0,9.001913794880435,171.3696349452825,-12.278726188790586,-9.351638865926901,-10.815182527358743,-1.4635436614318422,-9.323996600686293,-0.6936444657552485,165.57142857142858,167.87179487179486,163.92631578947368,83,8,2.0,2.0,2.0,4.0,150.32,45.53571428571429,2025,0.9975256387922702,0.9975256387922702,9.719999999999999,29.073684210526324,-0.11160102612614065,-11.960990121076135,-0.08055841941857977,2.8291529659345676,6.187100815813141,-12.614263938093401,-7.406952778883948,-10.010608358488675,-2.6036555796047267,-10.815182527358743,-1.4635436614318422
1022500201,2025-08-10,2025,Regular Season,3.0,185.0,0.9090266321540066,170.9708169944846,-7.858630438118752,-6.170552567396655,-7.014591502757703,-0.8440389353610485,-5.418671062990562,-1.8905189876862707,165.9,166.82051282051282,163.81313131313132,86,8,1.0,2.0,1.0,3.0,151.52352688172044,47.26236559139785,2025,1.003988692882367,1.003988692882367,0.156473118279564,21.186868686868678,4.11258984927234,-10.133927139596356,0.8920427602380911,-0.28937653290463605,2.187309687689869,-7.862293882891834,-7.197489722784553,-7.529891802838193,-0.33240208005364025,-7.014591502757703,-0.8440389353610485
1022500206,2025-08-12,2025,Regular Season,-8.0,202.0,0.8923591659569363,174.92004962156994,-8.810366825859788,-18.269583552570282,-13.539975189215035,4.729608363355247,-10.880376616583085,3.598777943225649,164.90277777777777,164.55263157894737,163.69607843137254,88,8,2.0,2.0,2.0,4.0,150.35225806451612,52.67741935483871,2025,1.0038610419737324,1.0038610419737324,11.367741935483878,38.30392156862746,-1.5464057095895907,-3.6852278751372562,-5.211804366661397,-0.4369386651948306,1.8015910007703178,-9.25933432695065,-19.41138975986331,-14.335362043406981,5.0760277164563306,-13.539975189215035,4.729608363355247
1022500227,2025-08-20,2025,Regular Season,1.0,161.0,3.1346480290602425,173.02797015104275,7.139357160554681,4.88861299048807,6.013985075521376,1.1253720850333053,8.105415825757227,0.5386712259518944,166.5185185185185,164.67567567567568,164.11061946902655,96,8,3.0,3.0,3.0,6.0,155.60705882352943,46.7235294117647,2025,1.006260050872957,1.006260050872957,-11.927058823529421,-3.1106194690265454,6.722707552752596,-6.257938520366016,3.1477420221309416,4.492904771239707,0.9813709229563121,6.650125856451254,6.16194700377055,6.406036430110902,0.24408942634035213,6.013985075521376,1.1253720850333053
1022500244,2025-08-26,2025,Regular Season,-8.0,176.0,0.761487849181174,170.31307104919065,1.737593513138279,-7.424522463947653,-2.843464475404687,4.581057988542966,-1.4207603529099586,3.5147384900455805,165.3734939759036,164.76315789473685,163.86363636363637,102,8,6.0,4.0,4.0,10.0,152.64596825396825,53.06507936507936,2025,0.9985967596214952,0.9985967596214952,-3.2459682539682433,12.136363636363626,-2.002980044434671,2.537966495365458,-4.705245220801437,2.749498416960697,-0.3850662530747633,1.1171588484253476,-7.078216265030875,-2.9805287083027636,4.097687556728111,-2.843464475404687,4.581057988542966
1022500251,2025-08-29,2025,Regular Season,-1.0,151.0,-0.6447498500652424,173.7793466764,11.955480253994082,10.8238664224059,11.38967333819999,0.5658069157940915,13.782449747290343,-0.8882817453842904,164.925,165.5897435897436,164.0120481927711,105,8,3.0,3.0,3.0,6.0,152.33473684210526,49.46345029239767,2025,1.0028372570390671,1.0028372570390671,-3.89473684210526,-13.01204819277109,4.3600730197845055,7.261033278533647,0.17250561280247467,1.9888378361697028,3.5128823459187535,11.534174468166242,7.106457214806312,9.320315841486277,2.213858626679965,11.38967333819999,0.5658069157940915
1022500256,2025-08-31,2025,Regular Season,3.0,159.0,4.930889962412153,164.48449093098122,3.4417743661772278,2.042716564803982,2.7422454654906048,0.699528900686623,2.4864603860072876,0.6921339829336475,163.78048780487805,164.0,163.85882352941175,107,8,2.0,1.0,1.0,3.0,148.23013513513513,42.4222972972973,2025,0.9938088721162244,0.9938088721162244,9.609864864864875,-4.858823529411751,-1.1352868370841822,-6.23882384970792,10.481144198884806,-0.6205731260854075,3.2467234968612737,3.272220481906004,3.235024919405504,3.253622700655754,0.018597781250250023,2.7422454654906048,0.699528900686623
1022500274,2025-09-07,2025,Regular Season,14.0,168.0,5.017745373283143,169.30771778034793,-4.0119905172405765,5.319708297588505,0.6538588901739644,-4.665849407414541,1.6943418204542695,-4.752091524876931,163.1012658227848,163.02857142857144,163.71323529411765,114,9,2.0,3.0,2.0,5.0,154.83558652729386,46.69744483159117,2025,0.9990392347942484,0.9990392347942484,17.444413472706145,4.286764705882348,-0.9680289992965943,1.6929178646881837,0.5652623930262308,0.40419056203644677,3.8250173474798057,-3.5390561101120426,6.7106059631683905,1.585774926528174,-5.1248310366402166,0.6538588901739644,-4.665849407414541
1022500286,2025-09-11,2025,Regular Season,-28.0,178.0,0.2657161102156138,169.57203646055518,10.14536261248557,-18.573326151930388,-4.213981769722409,14.35934438220798,-2.9777906737670676,13.19637701198247,162.62820512820514,159.05555555555554,163.40070921985816,118,9,2.0,2.0,2.0,4.0,151.66976744186047,51.02325581395349,2025,1.0006547882246923,1.0006547882246923,6.3702325581395485,14.599290780141843,5.157424712817181,-10.962531278671898,1.1299316821239067,1.6973842099637328,2.7130006133180355,10.278215179079126,-20.410509784657833,-5.0661473027893535,15.34436248186848,-4.213981769722409,14.35934438220798
1022500040,2025-05-31,2025,Regular Season,-11.0,177.0,7.937713771050476,170.5125475942139,5.831780609599662,-12.319233015385763,-3.2437262028930505,9.075506812492712,-1.955399888871952,9.622975934495443,163.17948717948718,162.38888888888889,163.17948717948718,15,5,2.0,2.0,2.0,4.0,160.7746666666667,45.63333333333333,2025,1.0026556220967473,1.0026556220967473,7.825333333333305,13.820512820512818,-12.185732276756603,5.10870332456445,-2.766742707474336,7.888371770794539,8.154701549821278,6.360993554794092,-12.005273931380316,-2.822140188293112,9.183133743087204,-3.2437262028930505,9.075506812492712
1022500051,2025-06-06,2025,Regular Season,-14.0,172.0,2.6557227027156136,165.79613674394787,5.176287898978117,-11.380151155030248,-3.1019316280260654,8.278219527004183,-2.9449557670531377,7.731127728020631,162.55102040816325,162.0,162.55102040816325,21,6,3.0,5.0,3.0,8.0,156.89499999999998,46.375,2025,0.9995178793842344,0.9995178793842344,-7.694999999999993,9.448979591836746,4.218958331313054,0.8348117784434201,-7.9838750890972285,-0.0148507877123778,3.8669660888276036,6.274271795361969,-11.338159968551622,-2.5319440865948266,8.806215881956795,-3.1019316280260654,8.278219527004183
1022500056,2025-06-08,2025,Regular Season,-16.0,146.0,-2.6694187696316023,169.1694074854055,18.712742601349973,4.456664884055499,11.584703742702736,7.128038858647237,12.789423331936007,5.3115703454861745,162.16666666666666,162.71875,162.16666666666666,23,6,2.0,5.0,2.0,7.0,154.88666666666666,44.79166666666667,2025,0.993470199111453,0.993470199111453,-6.606666666666655,-16.166666666666657,0.04854217655947757,-8.046972536547491,12.83403488435776,7.9538188075662655,0.49959757985264175,20.41255275288482,3.485632688627277,11.949092720756049,8.463460032128772,11.584703742702736,7.128038858647237
1022500074,2025-06-17,2025,Regular Season,9.0,151.0,-0.0659067244369646,160.94740155865117,0.5188513068354723,9.428550251815693,4.973700779325583,-4.45484947249011,3.896596116112434,-5.5165756989158155,162.0,160.8846153846154,162.1,32,6,4.0,3.0,3.0,7.0,155.62133333333333,51.45,2025,1.002421529305442,1.002421529305442,-4.141333333333307,-11.099999999999994,1.0487268006154142,1.9726874646858636,0.8313876416214114,0.04379420918974164,0.13475530056533658,1.9546166287785383,10.591035366492392,6.272825997635465,-4.318209368856927,4.973700779325583,-4.45484947249011
1022500092,2025-06-24,2025,Regular Season,13.0,123.0,-0.8786274112356971,167.9196977214429,15.808618576685475,29.11107914475741,22.459848860721443,-6.651230284035968,23.28117743667559,-8.038467002445088,163.08955223880596,163.53125,162.6629213483146,39,6,2.0,2.0,2.0,4.0,157.8769523809524,51.561904761904756,2025,1.001905777762163,1.001905777762163,-8.956952380952373,-39.6629213483146,0.04125580705970755,9.119476665007888,13.825900888290864,0.2945440763171434,2.2862438463342185,17.236335157140104,27.892612175542112,22.564473666341108,-5.328138509201004,22.459848860721443,-6.651230284035968
1022500099,2025-06-27,2025,Regular Season,-8.0,180.0,3.4751940467092126,166.3668203486642,-1.1852454341000822,-12.447934217235712,-6.816589825667897,5.631344391567815,-6.527447947761829,5.257353988614895,162.0909090909091,161.94285714285715,162.2164948453608,42,6,3.0,1.0,1.0,4.0,155.67000000000002,45.025,2025,1.0001257526525382,1.0001257526525382,-7.990000000000009,17.783505154639187,-2.7250316888162844,3.098464814259252,-7.531810744534013,0.630929671329219,7.524535822568031,0.621531663461468,-14.025292613313766,-6.701880474926149,7.323412138387617,-6.816589825667897,5.631344391567815
1022500103,2025-06-28,2025,Regular Season,8.0,150.0,3.1565767648417333,163.72447716549914,4.306890370973804,9.417586794525334,6.862238582749569,-2.5553482117757653,6.448340170632747,-2.947247163123663,163.45714285714286,164.26315789473685,163.12745098039215,43,6,1.0,2.0,1.0,3.0,154.96970588235294,36.91176470588235,2025,0.9996471802422034,0.9996471802422034,-10.049705882352924,-13.127450980392155,-0.10465056906297221,4.7589904382830674,-0.5409110871110396,2.3349113885236843,6.625497715381892,6.064208542543099,8.259409445149572,7.161808993846336,-1.0976004513032365,6.862238582749569,-2.5553482117757653
1022500112,2025-07-03,2025,Regular Season,9.0,187.0,-1.244610854621005,164.01629840275928,-16.375246071341934,-6.608455525898805,-11.49185079862037,-4.883395272721565,-11.711831845307756,-6.273484493006137,163.1875,166.83870967741936,163.03703703703704,48,7,5.0,4.0,4.0,9.0,155.76928104575163,49.830065359477125,2025,1.0051394226647163,1.0051394226647163,5.510718954248375,23.962962962962962,-8.49701123861388,-0.008010975874439552,-2.679033034861874,-0.5277765959575702,0.5182199009499658,-16.681826303394118,-8.30254480307596,-12.49218555323504,-4.189640750159079,-11.49185079862037,-4.883395272721565
1022500145,2025-07-16,2025,Regular Season,-4.0,176.0,3.271647628076621,164.3399459850117,-2.3248644849763878,-9.335189530011931,-5.830027007494159,3.5051625225177716,-6.081240304775378,3.1266459760413454,164.25714285714287,163.65625,163.17857142857142,61,7,3.0,4.0,3.0,7.0,154.7475324675325,45.88528138528139,2025,0.9938531372276516,0.9938531372276516,17.532467532467507,12.821428571428584,4.808260372297697,-2.542335969867068,-4.136683366596198,-4.21048134060981,2.208410316066642,-1.5661644257963445,-7.7846254211116985,-4.6753949234540215,3.109230497657677,-5.830027007494159,3.5051625225177716
1022500162,2025-07-27,2025,Regular Season,-26.0,186.0,3.6267169513218382,164.83402386723537,4.080216796764432,-25.24619292952906,-10.582988066382313,14.663204863146746,-10.710488145823106,14.35465492790108,164.41935483870967,163.25925925925927,163.0754716981132,72,7,2.0,2.0,2.0,4.0,155.4512,45.519999999999996,2025,0.9989173873918844,0.9989173873918844,17.34880000000001,22.924528301886795,-0.7370973613514593,-8.277276157377013,-5.475009343015184,3.7788947159205524,2.0826316289588593,4.395848237241296,-23.71891858641942,-9.661535174589062,14.057383411830358,-10.582988066382313,14.663204863146746
1022500166,2025-07-28,2025,Regular Season,10.0,174.0,-3.307060221620012,169.74617250168933,-8.252813905168097,3.9989864068574263,-2.126913749155335,-6.1259001560127615,-0.7502012621178622,-8.09789324264191,163.58064516129033,164.32142857142858,163.2987804878049,73,7,1.0,2.0,1.0,3.0,155.87807692307692,49.33333333333333,2025,0.9993360794162712,0.9993360794162712,2.8419230769230808,10.70121951219511,-0.19391891199777422,5.5937428063164525,-3.0975053820232077,-3.052519774413333,-4.22861571975478,-8.28817609943141,4.7043157596156675,-1.7919301699078716,-6.496245929523539,-2.126913749155335,-6.1259001560127615
1022500171,2025-07-30,2025,Regular Season,-3.0,173.0,-2.2042491986876227,163.8700754894303,-3.8512288056507487,-5.27869570491896,-4.564962255284854,0.7137334496341055,-4.799159257572505,-0.889719460857556,164.54098360655738,165.51724137931035,163.57988165680473,75,7,2.0,1.0,1.0,3.0,156.8839886039886,49.45584045584046,2025,1.004622909856826,1.004622909856826,-16.64398860398859,9.42011834319527,5.7961559216862435,-9.85690391514425,-3.5292291567118674,2.790817892597372,0.3288322968928987,-3.742075964012841,-7.206420668049347,-5.474248316031094,1.732172352018253,-4.564962255284854,0.7137334496341055
1022500177,2025-08-01,2025,Regular Season,-10.0,166.0,-3.168174868519517,167.709624298312,4.745226161753024,-3.0356018634410304,0.8548121491559968,3.8904140125970272,1.6795901743798396,1.991292450731109,165.3230769230769,169.75,163.89595375722544,77,8,2.0,2.0,2.0,4.0,156.2626984126984,45.51190476190476,2025,1.0024601845225245,1.0024601845225245,-2.5426984126983996,2.104046242774558,-1.5986229352202521,1.7288713165779548,4.298860614217144,-2.7495188211950032,-2.488429407028941,4.525216261711279,-3.78265022335232,0.37128301917947937,4.153933242531799,0.8548121491559968,3.8904140125970272
1022500194,2025-08-08,2025,Regular Season,-11.0,165.0,-0.1363552983705269,168.18115234512834,7.253990858133406,-4.072838513005081,1.5905761725641625,5.6634146855692435,2.4628411988923204,4.438185514033265,165.69014084507043,168.12820512820514,163.96373056994818,84,8,3.0,3.0,3.0,6.0,155.19871264367816,48.82183908045977,2025,1.0051967664374046,1.0051967664374046,-1.0387126436781386,1.0362694300518172,-2.2968460435018354,5.935079352044788,-7.172487956313034,5.997095846662395,1.263718128898047,8.155657951168635,-4.362969530815633,1.8963442101765011,6.259313740992134,1.5905761725641625,5.6634146855692435
1022500200,2025-08-10,2025,Regular Season,-13.0,169.0,5.368493410056708,160.86300856148668,4.73948099110288,-12.8764724296162,-4.06849571925666,8.80797671035954,-5.31075195853785,8.973142498441845,165.9,166.82051282051282,163.81313131313132,86,8,2.0,2.0,2.0,4.0,154.11982795698924,37.894623655913975,2025,1.001753191504432,1.001753191504432,-7.919827956989252,5.186868686868678,-8.059864655443608,-3.2897117988096927,4.3497954437175075,1.6890290519979394,3.6863978350142546,5.784449641068576,-10.566552066497223,-2.3910512127143235,8.1755008537829,-4.06849571925666,8.80797671035954
1022500213,2025-08-15,2025,Regular Season,-1.0,193.0,-0.8035660918624183,171.78009297903526,-10.151125460112937,-11.06878156085179,-10.609953510482363,0.4588280503694264,-8.751268375955242,-0.9902661255034033,164.8,162.8918918918919,163.71904761904761,91,8,3.0,3.0,3.0,6.0,155.25215909090912,46.73863636363636,2025,1.0047393417749204,1.0047393417749204,10.587840909090886,29.280952380952385,0.10041827625673161,-4.853021252336804,-6.214109101865549,2.2154437019903765,-0.7040737031878279,-10.18059374373722,-11.175605364680735,-10.678099554208977,0.49750581047175757,-10.609953510482363,0.4588280503694264
1022500233,2025-08-22,2025,Regular Season,-35.0,155.0,-0.0034092516175816,163.9481653723655,22.106513453775463,-13.15834808140994,4.474082686182761,17.6324307675927,4.203227603584757,16.523557261997816,165.5679012345679,163.05263157894737,163.8138528138528,98,8,2.0,3.0,2.0,5.0,155.85888888888888,43.25,2025,1.00232068970111,1.00232068970111,-6.378888888888866,-8.813852813852805,-2.5365127702498036,1.8681599092166223,4.7550411129061665,0.1165393517117721,0.8253460261094837,22.298008765555693,-13.64548146486598,4.326263650344856,17.971745115210837,4.474082686182761,17.6324307675927
1022500239,2025-08-24,2025,Regular Season,-9.0,171.0,-0.5884141738305104,158.34391491929085,-2.0537539669445124,-10.602331113764649,-6.328042540354581,4.274288573410068,-8.092382475137839,3.1478943972720117,165.49397590361446,163.82051282051282,163.81434599156117,100,8,2.0,2.0,2.0,4.0,153.20573573573574,51.62837837837838,2025,1.0028383875138662,1.0028383875138662,-2.125735735735759,7.185654008438831,0.4718888353486337,-10.242988429736378,-1.0329318041948543,2.7116489234447636,-0.8694412952117625,-0.96423268786873,-9.373231401227926,-5.168732044548328,4.204499356679598,-6.328042540354581,4.274288573410068
1022500246,2025-08-27,2025,Regular Season,-6.0,196.0,5.155749976394178,160.62740230228985,-12.471781714664345,-22.90081598304579,-17.686298848855067,5.2145171341907215,-18.986410916973675,5.336528591948628,165.25,164.31578947368422,163.93852459016392,103,8,3.0,2.0,2.0,5.0,154.30694167852064,42.36344238975818,2025,1.002917070041127,1.002917070041127,9.933058321479365,32.06147540983608,-5.405388519476409,-0.9711506458469827,-12.603368732800785,-0.006503018849493447,4.316242732576162,-11.627699479215238,-21.450713660657343,-16.53920656993629,4.911507090721052,-17.686298848855067,5.2145171341907215
1022500284,2025-09-11,2025,Regular Season,21.0,173.0,-2.805616409565236,163.62816779658186,-16.22771277290549,6.85588056948734,-4.685916101709076,-11.541796671196416,-4.96947997577734,-13.275889423899734,162.62820512820514,159.05555555555554,163.40070921985816,118,9,4.0,2.0,2.0,6.0,155.97023255813951,49.093023255813954,2025,0.9998441456177654,0.9998441456177654,-1.6502325581395212,9.599290780141843,3.8269254066009184,-5.665072025503447,-2.036598167143822,-1.0947351897309927,-1.4378167559260737,-15.496741823169472,6.434283341982024,-4.531229240593724,-10.965512582575748,-4.685916101709076,-11.541796671196416
1022500036,2025-05-30,2025,Regular Season,-22.0,148.0,-13.525105709108216,168.62332319328118,15.90492400283631,4.718399190444856,10.311661596640583,5.593262406195727,11.653878042292021,1.3405547191149054,163.08823529411765,163.08823529411765,163.08823529411765,14,5,2.0,1.0,1.0,3.0,147.98666666666668,48.6,2025,0.9962979102158324,0.9962979102158324,10.73333333333332,-15.088235294117652,2.3355277123257157,11.326161489778599,1.6135269948098117,-3.621338154622105,-13.701179661631144,13.14261146408461,2.313716569835023,7.728164016959816,5.414447447124793,10.311661596640583,5.593262406195727
1022500048,2025-06-05,2025,Regular Season,-8.0,164.0,-21.16155903002713,164.9031911806951,-4.213217133780759,5.116408314475834,0.45159559034753727,-4.664812724128296,0.9923953691454059,-10.563219286802315,162.51063829787233,162.0909090909091,162.51063829787233,20,6,2.0,4.0,2.0,6.0,146.29285714285714,48.60714285714286,2025,1.0002455833799262,1.0002455833799262,5.467142857142846,1.4893617021276668,-1.7471155676781596,9.415762237948151,-6.115129471871979,-0.561121829252607,-16.309979981133125,-4.756870817621973,0.7305818394394521,-2.0131444890912604,-2.7437263285307125,0.45159559034753727,-4.664812724128296
1022500055,2025-06-08,2025,Regular Season,37.0,171.0,4.805425911134903,155.95761482945812,-24.047954907043092,9.0055697365012,-7.521192585270946,-16.526762321772146,-10.06935731852176,-16.38843317664618,162.16666666666666,162.71875,162.16666666666666,23,6,3.0,2.0,2.0,5.0,145.15166666666667,37.375,2025,1.003835123645709,1.003835123645709,4.088333333333338,8.833333333333343,0.6607542070058212,-0.5148241208511841,-7.536079452655988,-2.679207952020414,1.4945972721723684,-23.88731375308322,11.80469569607365,-6.041309028504784,-17.846004724578435,-7.521192585270946,-16.526762321772146
1022500069,2025-06-15,2025,Regular Season,-33.0,145.0,-0.8592096672706198,165.1453106513755,26.372899095894027,-6.227588444518517,10.072655325687755,16.300243770206272,10.146534200543584,14.974002166697701,162.86567164179104,161.88888888888889,162.86567164179104,30,6,7.0,2.0,2.0,9.0,152.276,47.2,2025,0.9971157232362424,0.9971157232362424,-5.436000000000007,-17.86567164179104,4.274784916229423,-8.953149156523095,13.114970478840913,1.709927961996339,-2.3454208871269584,26.41948009577318,-4.994605109853822,10.71243749295968,15.707042602813502,10.072655325687755,16.300243770206272
1022500086,2025-06-22,2025,Regular Season,3.0,179.0,-0.61165517889443,162.08038799731577,-10.118951188114764,-6.800660814569454,-8.459806001342109,-1.6591451867726548,-9.217576198782794,-2.867029891755166,162.02941176470588,162.66666666666666,162.3452380952381,37,6,2.0,2.0,2.0,4.0,153.93186813186813,37.549450549450555,2025,0.9988479241986892,0.9988479241986892,12.188131868131876,16.654761904761898,-9.014540414206442,-3.8307817598431235,7.844923196039826,-4.217177220773049,-3.418851745727231,-9.964958814359377,-4.410936060809576,-7.1879474375844765,-2.777011376774901,-8.459806001342109,-1.6591451867726548
1022500090,2025-06-24,2025,Regular Season,4.0,132.0,-6.056339469248022,162.64400476153642,10.90552514918457,19.738479612351853,15.322002380768211,-4.416477231583642,14.858673425506893,-6.863352094147544,163.08955223880596,163.53125,162.6629213483146,39,6,2.0,3.0,2.0,5.0,147.57758241758242,41.72527472527473,2025,1.005026840126438,1.005026840126438,-0.29758241758241866,-30.662921348314597,2.882377299395009,12.619918930705982,-0.5248380499163279,-0.11878475467776894,-3.2451649358242163,10.43687576919136,17.055590419376358,13.746233094283859,-3.309357325092499,15.322002380768211,-4.416477231583642
1022500121,2025-07-08,2025,Regular Season,2.0,160.0,1.513763429099568,161.41515557687526,0.4205322589864693,0.9946233178887951,0.7075777884376322,-0.2870455294511629,-0.2849964321366656,-1.002185233696082,163.62121212121212,163.83870967741936,162.96666666666667,53,7,5.0,2.0,2.0,7.0,151.24104575163398,38.60130718954248,2025,1.001793797617011,1.001793797617011,4.39895424836601,-2.9666666666666686,-1.6381686726879519,5.715230886746255,-2.2629885709472077,-2.0990700752477687,-0.13044717579076215,0.004761514056568217,1.9280311510434132,0.9663963325499907,-0.9616348184934225,0.7075777884376322,-0.2870455294511629
1022500128,2025-07-10,2025,Regular Season,2.0,138.0,2.3135569859865077,161.5692207625283,11.83398784911715,11.735232913411124,11.784610381264137,0.049377467853013,10.812552856439034,-0.48859512981650965,163.28985507246378,164.93548387096774,162.78571428571428,55,7,2.0,2.0,2.0,4.0,150.08631578947367,42.421052631578945,2025,0.9962813487313444,0.9962813487313444,-3.4463157894736867,-24.785714285714278,4.729522707643742,12.349141225518146,-6.506172637401736,0.2400615606788743,1.3885203807808333,11.606692457206478,12.266469392807892,11.936580925007185,-0.329888467800707,11.784610381264137,0.049377467853013
1022500146,2025-07-22,2025,Regular Season,-7.0,179.0,0.288972943564721,166.36525414300365,-2.5137786910176203,-10.120967165978755,-6.317372928498187,3.803594237480567,-5.945144763875135,2.711311465195834,163.34426229508196,161.8,162.7655172413793,67,7,7.0,7.0,7.0,14.0,149.19454545454545,40.72727272727273,2025,1.0021478513002977,1.0021478513002977,-3.0345454545454515,16.234482758620686,2.119071919823085,-8.818783212940358,4.0303701052848275,-3.2758035760426862,0.06598854932582854,-2.3434548848130703,-9.785450932424112,-6.064452908618591,3.720998023805521,-6.317372928498187,3.803594237480567
1022500160,2025-07-26,2025,Regular Season,11.0,127.0,-2.4624734689071985,160.2109428707311,10.136928612055385,23.074014258675703,16.605471435365544,-6.468542823310159,15.392903808301298,-8.055539038452679,164.58064516129033,165.0,163.0700636942675,71,7,4.0,2.0,2.0,6.0,150.13843478260873,38.391304347826086,2025,0.9979673677992243,0.9979673677992243,-8.338434782608715,-36.0700636942675,6.497092846909414,6.376112302486421,2.3128525664160797,0.2068460924893829,-2.0845060038073626,9.962144046977585,22.610287345278138,16.28621569612786,-6.324071649150277,16.605471435365544,-6.468542823310159
1022500163,2025-07-27,2025,Regular Season,-16.0,160.0,-4.674227502458804,160.3462126921985,6.28567230873621,-5.939459616537732,0.1731063460992388,6.112565962636971,-0.9450748921945262,4.024175721604564,164.41935483870967,163.25925925925927,163.0754716981132,72,7,1.0,2.0,1.0,3.0,151.27833333333334,45.20833333333333,2025,1.00346898173131,1.00346898173131,-4.438333333333333,-3.075471698113205,-1.0497648804136253,7.589407717372714,-7.385802605471142,-0.09891512368247035,-4.200828242538522,6.654800010456512,-5.978347299880767,0.3382263552878726,6.316573655168639,0.1731063460992388,6.112565962636971
1022500168,2025-07-29,2025,Regular Season,17.0,189.0,4.247227038161156,159.5307503155334,-21.42107446301722,-8.048175221449384,-14.734624842233302,-6.686449620783918,-16.306174021044185,-6.746882447320388,164.31746031746033,165.60714285714286,163.5,74,7,2.0,2.0,2.0,4.0,149.3152,37.2,2025,1.0012386322914189,1.0012386322914189,12.484800000000007,25.5,-3.3780819875163983,-4.81149693865906,-8.578548895623012,0.46195380075428716,4.5100559099836195,-20.981077111953454,-7.853141141005068,-14.41710912647926,-6.563967985474193,-14.734624842233302,-6.686449620783918
1022500173,2025-07-31,2025,Regular Season,-1.0,135.0,-1.796999072934222,157.02530586917078,10.756407544055946,11.268898325114819,11.012652934585383,-0.2562453905294362,8.924983335648896,-1.6282024323823876,165.796875,171.03703703703704,164.0639534883721,76,7,2.0,2.0,2.0,4.0,149.99255384615384,46.77846153846154,2025,1.0066413930126312,1.0066413930126312,-13.112553846153844,-29.063953488372107,5.629686159209634,-3.3342360096442683,7.282011661051653,-0.6524784749681243,-2.378291616124824,11.0431165086963,11.998580374615699,11.520848441656,-0.4777319329596992,11.012652934585383,-0.2562453905294362
1022500208,2025-08-13,2025,Regular Season,-5.0,171.0,-1.0841529237088066,153.45635858853734,-6.803850843875821,-10.739790567586823,-8.771820705731322,1.9679698618555008,-11.839031444012043,0.8295541032614508,165.38571428571427,165.1891891891892,163.86893203883494,89,8,3.0,2.0,2.0,5.0,148.4090322580645,46.83870967741935,2025,1.0024332855439428,1.0024332855439428,-12.009032258064508,7.1310679611650585,-1.170679176108644,-9.407901299694332,-1.006897092155901,-0.2535538760531688,1.6873645757599507,-3.3500154595559906,-9.776072124839274,-6.563043792197632,3.213028332641642,-8.771820705731322,1.9679698618555008
1022500217,2025-08-17,2025,Regular Season,9.0,181.0,-1.5913658652844964,170.19427679143934,-10.304676679877105,-0.5010465286835597,-5.402861604280332,-4.901815075596772,-3.9504739886479356,-6.496154381271573,166.01408450704224,163.21621621621622,163.83333333333334,93,8,2.0,2.0,2.0,4.0,149.6909090909091,42.27272727272727,2025,1.000451681268712,1.000451681268712,-7.930909090909097,17.166666666666657,4.554941370554412,-5.03259054165799,2.597062462618286,-6.0698872801626536,0.7215986414836284,-8.812419151241457,-0.9778861034670712,-4.895152627354264,-3.917266523887193,-5.402861604280332,-4.901815075596772
1022500223,2025-08-19,2025,Regular Season,-11.0,149.0,6.582272747004803,162.85984975206412,15.284440916283856,-1.4245911642197484,6.929924876032054,8.354516040251802,6.193460777072701,8.752574953707523,166.60526315789474,164.51351351351352,164.08597285067873,95,8,2.0,2.0,2.0,4.0,148.48089126559717,38.18181818181819,2025,0.9998388482581202,0.9998388482581202,-3.9608912655971835,-15.08597285067873,3.1374193555739893,6.9682148939255,-1.7154141628568453,-2.1967593095699365,5.4824947643298945,15.647865588377755,-0.20904262129516837,7.719411483541293,7.928454104836462,6.929924876032054,8.354516040251802
1022500236,2025-08-23,2025,Regular Season,-10.0,172.0,-2.9088038418747315,163.19050005247993,-0.49847705940683795,-8.311022888113229,-4.404749973760033,3.9062729143531953,-4.803441510547508,2.157848421794874,165.48192771084337,162.94736842105263,163.82051282051282,99,8,2.0,2.0,2.0,4.0,149.34948948948949,42.43168168168168,2025,1.0001171972936067,1.0001171972936067,-0.42948948948949806,8.179487179487182,-2.6050925265811893,-0.40718222865561593,5.643782076910174,-7.434948832220883,-2.3510225548601964,0.12132632528465592,-8.18646213968708,-4.032567907201212,4.153894232485868,-4.404749973760033,3.9062729143531953
1022500238,2025-08-24,2025,Regular Season,-2.0,166.0,-4.149450925650216,161.9256032813257,-2.673723804491331,-1.4006729141829766,-2.037198359337154,-0.6365254451541773,-2.7439184270190964,-2.638837246834754,165.49397590361446,163.82051282051282,163.81434599156117,100,8,1.0,2.0,1.0,3.0,149.57945945945943,38.78378378378378,2025,0.9937572222471456,0.9937572222471456,-2.9394594594594423,2.1856540084388314,0.11582957621836254,-6.5286315479180415,2.223996308550795,1.4448872361297846,-2.507921170943731,-2.0855916605957674,-2.173090629095668,-2.129341144845718,0.0437494842499504,-2.037198359337154,-0.6365254451541773
1022500265,2025-09-04,2025,Regular Season,-6.0,144.0,-5.492489969490662,158.79854692403546,8.139280847209932,6.659266076825546,7.399273462017739,0.7400073851921931,5.885864239236973,-1.5012742546110545,162.725,160.64864864864865,163.61363636363637,111,9,4.0,2.0,2.0,6.0,149.59726829268294,44.59329268292683,2025,1.003901916267697,1.003901916267697,0.5227317073170639,-19.613636363636374,5.222721434539352,-3.3112236288065056,6.266870510405337,-2.2925040769012113,-4.3131269539108255,8.979439323910498,6.489180122347506,7.734309723129002,1.245129600781496,7.399273462017739,0.7400073851921931
1022500273,2025-09-07,2025,Regular Season,-29.0,159.0,-3.927123049084499,160.34893963802898,13.598414513100053,-12.249474875071087,0.6744698190144831,12.92394469408557,-0.4625581779928112,11.00393134168096,163.1012658227848,163.02857142857144,163.71323529411765,114,9,3.0,2.0,2.0,5.0,149.87142857142857,41.476190476190474,2025,1.0027917742481205,1.0027917742481205,-7.911428571428559,-4.713235294117652,0.3651192625676254,0.4113025554312104,-2.761996335457514,1.5230163394658636,-1.5120768592848253,14.275328189905807,-13.559452678750233,0.35793775557778673,13.91739043432802,0.6744698190144831,12.92394469408557
1022500050,2025-06-06,2025,Regular Season,8.0,160.0,-12.004937268643303,161.14879548911452,-8.351410283361844,9.500205772476363,0.5743977445572597,-8.925808027919103,-0.1355750590516891,-12.683264039451075,162.55102040816325,162.0,162.55102040816325,21,6,5.0,7.0,5.0,12.0,150.93142857142857,51.85714285714286,2025,1.004455244069706,1.004455244069706,-1.0914285714285654,-2.5510204081632537,2.8843152995762162,4.911028273389242,-2.828418686273338,-5.102499945743811,-10.441122929225514,-6.8780993069970435,9.605773436066045,1.3638370645345006,-8.241936371531544,0.5743977445572597,-8.925808027919103
1022500068,2025-06-15,2025,Regular Season,-12.0,144.0,-0.6830302618369564,156.78727736739395,12.096733547141369,0.6905438202525858,6.393638683696977,5.703094863444392,4.212689202927159,4.587136360339251,162.86567164179104,161.88888888888889,162.86567164179104,30,6,7.0,2.0,2.0,9.0,149.3022222222222,43.333333333333336,2025,0.999368452461915,0.999368452461915,-9.102222222222224,-18.86567164179104,0.49969752249284305,-2.662504348543825,6.354901730513781,0.020594298464358785,1.7484886349123956,16.08958566664687,2.4232525782547327,9.2564191224508,6.833166544196068,6.393638683696977,5.703094863444392
1022500077,2025-06-18,2025,Regular Season,-8.0,158.0,-6.7462570455427935,155.8934120094981,0.10497519844149394,-2.211563188943387,-1.0532939952509466,1.1582691936924405,-3.315984796048788,-1.3063849701021368,161.1764705882353,160.0,161.55263157894737,33,6,1.0,3.0,1.0,4.0,146.20999999999998,50.65909090909091,2025,1.0045791102300818,1.0045791102300818,7.7900000000000205,-3.55263157894737,-6.371910062823391,-0.9359926712493412,1.6210611933300516,2.3708567446938886,-3.210522163526308,2.216713303202212,-3.096616966043058,-0.43995183142042293,2.656665134622635,-1.0532939952509466,1.1582691936924405
1022500081,2025-06-20,2025,Regular Season,-3.0,169.0,-5.746107584087699,157.23530976919486,-6.779923046647951,-4.984767184157192,-5.882345115402572,-0.8975779312453795,-7.809973392404629,-3.1641356529118667,161.36764705882354,160.2,161.65822784810126,35,6,2.0,3.0,2.0,5.0,152.11666666666667,42.3974358974359,2025,1.0031189970444094,1.0031189970444094,4.403333333333308,7.341772151898738,-8.080861018154843,3.8901522040143792,0.11087014787381122,-3.730134726137976,-4.798028359088028,-4.255088931377102,-3.417106731532428,-3.836097831454765,-0.4189910999223372,-5.882345115402572,-0.8975779312453795
1022500116,2025-07-06,2025,Regular Season,-18.0,154.0,-6.438638636801692,158.42915171500266,8.55277887826027,-4.123627163257595,2.2145758575013375,6.338203020758932,0.626513049183373,3.891153218521879,163.45454545454547,165.03225806451613,163.0695652173913,51,7,7.0,3.0,3.0,10.0,148.25411764705882,45.705882352941174,2025,1.0041330832577458,1.0041330832577458,-8.174117647058836,-9.0695652173913,4.25209247246559,-0.3165650740611561,-4.809550975833643,1.5005366266125875,-4.935776444136088,9.506965247437591,-4.447664038400632,2.52965060451848,6.9773146429191115,2.2145758575013375,6.338203020758932
1022500123,2025-07-09,2025,Regular Season,10.0,176.0,-12.928269296082084,157.3930347156055,-19.6906933998644,1.0837281154698815,-9.30348264219726,-10.387210757667141,-11.000409140869714,-14.276184784816188,163.74242424242425,165.0344827586207,162.95901639344262,54,7,3.0,3.0,3.0,6.0,148.02502923976607,41.57309941520468,2025,1.0011744884732083,1.0011744884732083,4.01497076023395,13.040983606557376,-5.0730432083787775,-0.7646309540082097,-2.1969889854122435,-2.9657459930704864,-11.209247560290514,-19.02160827146629,0.3238641816300998,-9.348872044918096,-9.672736226548196,-9.30348264219726,-10.387210757667141
1022500139,2025-07-15,2025,Regular Season,-8.0,162.0,-12.648596177385206,163.1276860069721,-0.5897981110209116,1.717484117993024,0.5638430034860562,-1.1536411145069678,0.4035112928495579,-5.096591757531826,163.26760563380282,163.2,163.07246376811594,60,7,2.0,2.0,2.0,4.0,148.6019047619048,43.523809523809526,2025,1.0039841166991543,1.0039841166991543,13.19809523809522,-1.072463768115938,-1.4080469825241302,5.664079358972707,-5.425787949727795,1.5732668661287779,-11.732172657232839,0.8633364070532821,2.322843695670997,1.5930900513621395,-0.7297536443088575,0.5638430034860562,-1.1536411145069678
1022500152,2025-07-24,2025,Regular Season,-15.0,187.0,-7.914720076939944,166.2147589040415,-6.01062750751737,-14.774613588441127,-10.392620547979249,4.381993040461879,-9.845898492898527,1.4432825915990009,163.25806451612902,163.52,162.90728476821192,69,7,9.0,2.0,2.0,11.0,147.80126482213439,44.612648221343875,2025,0.9983565173001682,0.9983565173001682,17.158735177865623,24.092715231788077,-5.990654241749575,-7.164686292777924,1.3398892422151043,1.9695527994138746,-6.3001324448625535,-4.5787034759169245,-14.747842739295805,-9.663273107606365,5.08456963168944,-10.392620547979249,4.381993040461879
1022500161,2025-07-27,2025,Regular Season,31.0,159.0,-9.608119141489029,158.54138972713918,-19.70955393388691,19.25094366102607,-0.22930513643041905,-19.48024879745649,-1.7040812099498908,-22.644139273684033,164.41935483870967,163.25925925925927,163.0754716981132,72,7,3.0,2.0,2.0,5.0,149.87304347826085,50.608695652173914,2025,0.9992690773427004,0.9992690773427004,-8.593043478260853,-4.075471698113205,2.5076875498253495,-6.362951950791949,0.14413898784320978,2.007044203173501,-8.419890266070514,-16.048298969076598,21.67360270601317,2.8126518684682864,-18.860950837544884,-0.22930513643041905,-19.48024879745649
1022500165,2025-07-28,2025,Regular Season,-16.0,186.0,-6.366024967014929,157.51003777849826,-8.89527605283125,-19.594686168670506,-14.244981110750878,5.349705057919628,-16.082397633860467,2.9377823291063976,163.58064516129033,164.32142857142858,163.2987804878049,73,7,1.0,2.0,1.0,3.0,149.21423076923077,42.58653846153846,2025,1.006138794338067,1.006138794338067,2.6257692307692366,22.70121951219511,-1.3610714725878772,-5.672884594383321,-4.742181180306616,-4.306260386582647,-3.968411384089805,-6.974969302656461,-19.74482861946818,-13.35989896106232,6.384929658405859,-14.244981110750878,5.349705057919628
1022500175,2025-08-01,2025,Regular Season,16.0,140.0,-9.444172556724745,169.35409341231593,2.9857723577333672,26.368321054582566,14.677046706157967,-11.6912743484246,16.109048915580658,-15.038860426693148,165.3230769230769,169.75,163.89595375722544,77,8,4.0,2.0,2.0,6.0,150.04793846153848,48.71076923076923,2025,0.9943879381504572,0.9943879381504572,-4.007938461538458,-23.895953757225442,-0.48150779428147406,9.790818470219275,8.209745691126367,-1.4100074514835046,-7.330239938446987,4.910258220400152,26.44918213515102,15.679720177775586,-10.769461957375434,14.677046706157967,-11.6912743484246
1022500181,2025-08-03,2025,Regular Season,-9.0,165.0,-6.814150869436138,167.23048156617511,2.9765759158779446,-0.7460943497028154,1.1152407830875646,1.86133513279038,1.906578206404724,-0.8499832158818137,165.53030303030303,169.05882352941177,163.9608938547486,79,8,2.0,2.0,2.0,4.0,149.90729344729345,48.64672364672364,2025,1.006319054962309,1.006319054962309,-0.10729344729344348,1.0391061452513952,-3.2170452868545496,12.072208091217181,-4.904787052624153,-2.0437975453337556,-4.926965225519611,5.210294297900262,-0.1986898086302631,2.5058022446349995,2.7044920532652625,1.1152407830875646,1.86133513279038
1022500207,2025-08-13,2025,Regular Season,9.0,133.0,2.466884816460377,156.8561953632293,8.445188213007143,15.411007150222133,11.928097681614638,-3.4829094686074953,9.68314640354216,-3.890135151360049,165.38571428571427,165.1891891891892,163.86893203883494,89,8,2.0,4.0,2.0,6.0,148.97290322580648,42.25806451612903,2025,1.0048288019949452,1.0048288019949452,-4.092903225806481,-30.86893203883494,3.0044811232227433,7.904947091464329,-0.8046512428191424,-0.4216305683257682,3.3019984876261397,9.599746414091754,15.806314413601825,12.70303041384679,-3.1032839997550354,11.928097681614638,-3.4829094686074953
1022500218,2025-08-17,2025,Regular Season,-6.0,192.0,-7.589371247998424,162.8647214385946,-14.618436202422828,-14.516842358982586,-14.567639280702707,-0.050796921720120736,-14.931365911642928,-2.847793571225367,166.01408450704224,163.21621621621622,163.83333333333334,93,8,4.0,2.0,2.0,6.0,151.1043382352941,46.04779411764706,2025,0.9978358054113916,0.9978358054113916,19.695661764705903,28.166666666666657,-3.1883574215859873,1.5173966219021793,-14.880666311073817,1.6202611991146996,-5.245894177122708,-13.320493414431851,-15.197189361502183,-14.258841387967017,0.9383479735351656,-14.567639280702707,-0.050796921720120736
1022500228,2025-08-21,2025,Regular Season,11.0,123.0,-2.037294879566825,161.94350448180182,13.215740697624383,25.727763784177455,19.47175224090092,-6.256011543276536,18.71449397982107,-7.7825091872037575,166.4512195121951,164.97297297297297,164.09691629955947,97,8,2.0,2.0,2.0,4.0,148.36897478991597,38.029411764705884,2025,1.0013059204485375,1.0013059204485375,-14.968974789915961,-41.09691629955947,2.1396808234587974,10.702276908145882,4.539690904520722,1.332845343695665,-0.8688967076087108,14.32601958015205,25.815393184841213,20.07070638249663,-5.744686802344582,19.47175224090092,-6.256011543276536
1022500252,2025-08-30,2025,Regular Season,-24.0,164.0,-8.650848431483192,162.4579566658079,7.727556327518229,-9.269599661710345,-0.7710216670960577,8.498577994614287,-1.216440135529794,5.470575310047323,163.91139240506328,165.16666666666666,164.0159362549801,106,8,3.0,2.0,2.0,5.0,150.67263157894737,46.18421052631579,2025,0.999885035544798,0.999885035544798,0.6073684210526267,-0.015936254980090325,-0.22827097778988303,-6.43752124296182,5.370264844878225,0.07908724034369108,-4.592857996762693,9.096375762007753,-11.257492926415523,-1.080558582203885,10.176934344211638,-0.7710216670960577,8.498577994614287
1022500258,2025-09-01,2025,Regular Season,-17.0,169.0,-5.991282602389549,160.95063738015938,2.051394192563535,-10.100756812404143,-4.024681309920304,6.076075502483839,-4.945616098609342,3.678424390196703,163.30379746835442,161.61111111111111,163.73929961089493,108,9,2.0,3.0,2.0,5.0,151.01846153846157,48.84615384615385,2025,1.000090793265055,1.000090793265055,-3.2984615384615665,5.260700389105068,-4.764600845981395,3.599339496005717,-6.01253600987134,2.232181261237667,-7.2159354070910355,3.111572172784406,-8.143108616105565,-2.5157682216605792,5.627340394444985,-4.024681309920304,6.076075502483839
1022500271,2025-09-06,2025,Regular Season,3.0,171.0,-5.343853515806284,160.8303753445849,-8.741403299718655,-1.4282213556964507,-5.084812327707553,-3.6565909720111023,-6.055093467716439,-5.905826859429247,163.2875,163.19444444444446,163.73703703703703,113,9,3.0,2.0,2.0,5.0,151.45658536585367,47.97560975609756,2025,1.0041809285522143,1.0041809285522143,6.743414634146319,7.262962962962973,-7.227453884351897,-1.3857096524564003,-1.9235708150673059,4.481640884159166,-4.447947191754962,-8.31405033432469,-1.7517648090977218,-5.032907571711206,-3.2811427626134844,-5.084812327707553,-3.6565909720111023
1022500282,2025-09-10,2025,Regular Season,-16.0,160.0,-8.496030466605394,162.23982731850913,5.678553857988163,-3.4387265394790205,1.1199136592545713,4.558640198733592,0.6117111746755839,1.569992183288342,162.25641025641025,159.94594594594594,163.41281138790035,117,9,2.0,2.0,2.0,4.0,151.15627906976744,48.76744186046511,2025,0.9998011603041292,0.9998011603041292,-1.7562790697674586,-3.412811387900348,-2.0094303952086685,2.896508348221488,5.096086792005778,-5.371453570343009,-8.692290841184482,6.076997668742777,-2.914379999882385,1.581308834430196,4.495688834312581,1.1199136592545713,4.558640198733592
1022500046,2025-06-03,2025,Regular Season,23.0,153.0,5.461567740099678,164.27253867057289,-3.447390376334596,14.719929046907481,5.636269335286443,-9.083659711621038,5.309512336933963,-8.967089509651146,162.8181818181818,162.74285714285713,162.8181818181818,18,6,2.0,2.0,2.0,4.0,149.96571428571428,54.0,2025,0.9939809681227794,0.9939809681227794,-12.805714285714288,-9.818181818181813,9.203547750501135,3.3810557569596007,-11.252353581130107,3.9772624106033385,4.2294603336396,-3.289977795380395,15.851582856585452,6.280802530602529,-9.570780325982923,5.636269335286443,-9.083659711621038
1022500065,2025-06-14,2025,Regular Season,23.0,179.0,5.8739994252268,169.31507663575871,-13.651354515819918,3.9664311515786324,-4.842461682120643,-8.808892833699275,-3.822439185506802,-8.702245125517642,162.453125,161.32,162.453125,29,6,3.0,3.0,3.0,6.0,148.0429090909091,49.90909090909091,2025,1.0001648116815354,1.0001648116815354,-1.3229090909090928,16.546875,0.37048936592039805,0.44319925733663723,-5.779508023136449,1.1433802143726055,6.146097243791257,-14.340431126262501,3.1135200942419203,-5.613455516010291,-8.726975610252211,-4.842461682120643,-8.808892833699275
1022500075,2025-06-17,2025,Regular Season,14.0,138.0,8.269693511394259,165.62481650237493,10.426508239485713,17.198308262889228,13.81240825118747,-3.3859000117017573,13.776122963781546,-2.663842166424587,162.0,160.8846153846154,162.1,32,6,3.0,2.0,2.0,5.0,150.73018181818182,53.663636363636364,2025,1.004594329651151,1.004594329651151,0.7098181818181786,-24.099999999999994,4.190508682645172,6.533952483731845,1.4418869303720534,1.609774867032478,7.028004285208757,9.05983437003242,16.933078791624055,12.996456580828237,-3.936622210795818,13.81240825118747,-3.3859000117017573
1022500084,2025-06-21,2025,Regular Season,16.0,148.0,12.240901592108363,167.9353780702325,7.283768247844009,12.651609822388508,9.967689035116258,-2.6839207872722497,10.44938828764483,-1.113717633488811,161.86764705882354,161.25806451612902,162.14634146341464,36,6,4.0,4.0,4.0,8.0,148.7648717948718,49.08974358974359,2025,1.0067595235958533,1.0067595235958533,-13.684871794871782,-14.146341463414643,3.2039058895426322,2.1134458996583483,7.2098023201972765,-2.077765821753431,12.828802616685243,6.470039783021193,11.430949622413422,8.950494702717307,-2.4804549196961148,9.967689035116258,-2.6839207872722497
1022500107,2025-06-29,2025,Regular Season,39.0,165.0,13.970992358205482,159.0888350201638,-16.599096746019953,10.687931766183766,-2.9555824899180934,-13.64351425610186,-4.900958366303385,-11.502734069505792,162.95652173913044,163.25,163.0,44,6,2.0,2.0,2.0,4.0,146.22983333333332,45.391666666666666,2025,0.9989120043772406,0.9989120043772406,8.810166666666703,2.0,-1.9086975168519826,1.7912944481865978,1.9211914418876326,-6.704746739525629,10.453565712498913,-18.93445324611713,11.35224506637445,-3.7911040898713395,-15.14334915624579,-2.9555824899180934,-13.64351425610186
1022500113,2025-07-03,2025,Regular Season,17.0,167.0,8.783671899082966,163.82586940769448,-6.295498763234079,3.1213681709285765,-1.5870652961527512,-4.708433467081328,-2.1211471836806766,-3.8337892280733854,163.1875,166.83870967741936,163.03703703703704,48,7,4.0,5.0,4.0,9.0,148.91191176470588,42.40073529411765,2025,0.9927610769262798,0.9927610769262798,5.168088235294107,3.962962962962962,2.964248719580774,4.696575803759059,-11.322086947645634,1.5401152406251177,7.495977346721435,-8.376453879727535,2.234714837564269,-3.070869521081633,-5.305584358645902,-1.5870652961527512,-4.708433467081328
1022500115,2025-07-05,2025,Regular Season,11.0,153.0,4.8682109002396965,161.67788836051827,0.9550794565928129,7.722808903925454,4.3389441802591335,-3.3838647236663206,3.329187789515167,-3.3481155861895715,163.42424242424244,165.41935483870967,163.04424778761063,50,7,2.0,6.0,2.0,8.0,151.4194117647059,55.88602941176471,2025,0.9965867387842796,0.9965867387842796,-12.299411764705894,-10.04424778761063,5.0956772269084585,-4.4688433338749505,-1.03915491369143,3.7415088101730856,2.1776979637575398,-1.0693324000678786,8.011544608304035,3.4711061041180784,-4.540438504185957,4.3389441802591335,-3.3838647236663206
1022500118,2025-07-06,2025,Regular Season,5.0,155.0,9.58031988978038,164.92163663448548,6.606714561758636,3.31492207272683,4.960818317242733,1.645896244515903,4.700867479300371,2.677780939971342,163.45454545454547,165.03225806451613,163.0695652173913,51,7,1.0,7.0,1.0,8.0,150.61888888888888,47.80555555555556,2025,1.0070212885606176,1.0070212885606176,10.381111111111125,-8.0695652173913,3.436244814684211,2.772327068189176,0.7807455489721384,-2.2884499525451556,5.62861163209799,4.552099694601182,4.585701867232558,4.56890078091687,-0.016801086315687996,4.960818317242733,1.645896244515903
1022500142,2025-07-16,2025,Regular Season,13.0,145.0,2.0963770374742072,165.13011929668355,4.596604806664573,15.533514490019002,10.065059648341787,-5.4684548416772145,10.057385360957362,-6.128057959138552,164.25714285714287,163.65625,163.17857142857142,61,7,2.0,2.0,2.0,4.0,151.85714285714286,55.78260869565217,2025,1.0000124368083056,1.0000124368083056,-1.0971428571428703,-18.178571428571416,2.505976831651598,2.6871950996911664,-0.6795718910709851,5.54378532068559,4.2245856053024236,4.121612964376951,13.391652364479924,8.756632664428437,-4.635019700051487,10.065059648341787,-5.4684548416772145
1022500148,2025-07-22,2025,Regular Season,23.0,159.0,11.248136069414585,163.39179450211037,-4.494436884687488,8.886231386797846,2.195897251055179,-6.690334135742667,1.4803591820249764,-5.251225329741025,163.34426229508196,161.8,162.7655172413793,67,7,6.0,6.0,6.0,12.0,150.93348484848485,47.625,2025,1.0062682010920194,1.0062682010920194,-2.3334848484848294,-3.765517241379314,-4.410671987812265,1.689659061049154,2.027385532423409,2.1739865763646833,10.75737823864547,-5.456360950481979,8.392713953461254,1.468176501489637,-6.9245374519716165,2.195897251055179,-6.690334135742667
1022500156,2025-07-25,2025,Regular Season,31.0,187.0,8.729105784339975,163.02040474419806,-23.73740640453113,-0.2421888512708108,-11.98979762790097,-11.747608776630159,-12.739302475400123,-10.868829040907386,163.81967213114754,164.07692307692307,162.9090909090909,70,7,3.0,1.0,1.0,4.0,151.0165333333333,51.095,2025,1.0069231771233944,1.0069231771233944,14.82346666666669,24.090909090909093,-6.921318503866273,-4.308312298410298,1.613149487669979,-3.1228211607935252,6.805247245870673,-24.326045384446942,0.7558312216901868,-11.785107081378378,-12.540938303068565,-11.98979762790097,-11.747608776630159
1022500164,2025-07-27,2025,Regular Season,-4.0,176.0,6.555627015292711,163.95372295475948,-1.157403047895599,-10.888873997344902,-6.0231385226202505,4.8657354747246515,-6.464403716675513,5.235464308091387,164.41935483870967,163.25925925925927,163.0754716981132,72,7,2.0,4.0,2.0,6.0,152.86679487179487,55.19551282051282,2025,0.9987321285960484,0.9987321285960484,-10.866794871794866,12.924528301886795,3.494862680409862,2.9172520112898557,-10.440418934478789,-2.436099473896435,7.303545515255787,-2.1200570643662218,-12.374910822159322,-7.247483943262772,5.12742687889655,-6.0231385226202505,4.8657354747246515
1022500172,2025-07-30,2025,Regular Season,7.0,193.0,7.453978065765479,170.67567183502007,-11.284904046160506,-11.039424118819412,-11.162164082489959,-0.12273996367054707,-9.817241995127567,0.3123434356608712,164.54098360655738,165.51724137931035,163.57988165680473,75,7,3.0,2.0,2.0,5.0,151.40764444444443,54.57333333333333,2025,1.0046219098688731,1.0046219098688731,9.872355555555572,29.42011834319527,0.43925429457702414,-8.60821219905493,-3.927989575899346,2.279705485249684,7.02427375846726,-12.224604910695035,-11.561348723514868,-11.892976817104952,-0.3316280935900835,-11.162164082489959,-0.12273996367054707
1022500195,2025-08-08,2025,Regular Season,4.0,156.0,13.397246060103072,164.70797403303357,8.086059932669471,0.6219141003641084,4.35398701651679,3.7320729161526813,3.9364742129989594,5.628832828844963,165.69014084507043,168.12820512820514,163.96373056994818,84,8,3.0,3.0,3.0,6.0,150.528183908046,42.95287356321839,2025,1.0022486930068448,1.0022486930068448,-17.968183908046,-7.963730569948183,5.384308464864384,-5.24652879913329,6.090641715029275,-2.2919471677614047,7.935737414827784,4.934008107576204,2.0902706347175695,3.512139371146887,1.4218687364293174,4.35398701651679,3.7320729161526813
1022500216,2025-08-16,2025,Regular Season,6.0,166.0,9.574302389667606,169.9255285990214,3.2082683821870575,0.7172602168343474,1.9627642995107024,1.245504082676355,3.05015556945569,2.173916782175361,166.0142857142857,163.2972972972973,163.8232558139535,92,8,6.0,3.0,3.0,9.0,150.6593181818182,53.48674242424242,2025,1.0005241590890372,1.0005241590890372,3.3806818181817846,2.1767441860465055,-2.3247053810801406,2.556395960355337,3.9291937856100887,-1.1107287954295888,6.7411415751666555,0.1999883455840603,0.21351292840469682,0.20675063699437857,-0.006762291410318255,1.9627642995107024,1.245504082676355
1022500240,2025-08-24,2025,Regular Season,13.0,181.0,6.701282930982166,167.5773783484263,-10.210931003476759,-3.2116906480969476,-6.711310825786853,-3.4996201776899056,-6.180806519071929,-3.171002259155294,165.49397590361446,163.82051282051282,163.81434599156117,100,8,2.0,2.0,2.0,4.0,152.2811111111111,50.05555555555556,2025,0.9998825775078788,0.9998825775078788,-10.641111111111115,17.18565400843883,-1.8047380935533548,-3.9839615930740937,-2.3993576836987103,2.007250851254223,7.58319860702155,-12.558787164584444,-6.0815870056076164,-9.32018708509603,-3.238600079488414,-6.711310825786853,-3.4996201776899056
1022500248,2025-08-28,2025,Regular Season,-14.0,172.0,5.356310623744382,163.8022404176731,5.264001735570574,-13.46176131789747,-4.098879791163448,9.362881526734022,-4.549495231950154,9.46531928152067,165.15,165.88888888888889,164.03658536585365,104,8,4.0,2.0,2.0,6.0,151.8188218988219,47.148995148995155,2025,1.004261445960556,1.004261445960556,1.1411781011780704,7.963414634146346,-1.8262663147437683,-14.624945485134143,9.762926619002851,2.1387899489249005,3.902163987263279,2.800883364774066,-14.567322327873072,-5.883219481549503,8.684102846323569,-4.098879791163448,9.362881526734022
1022500259,2025-09-01,2025,Regular Season,25.0,167.0,10.818423962968556,165.05091297632845,-8.810083416658927,6.860996392987374,-0.9745435118357761,-7.83553990482315,-1.2321392071483288,-6.527166394141382,163.30379746835442,161.61111111111111,163.73929961089493,108,9,2.0,3.0,2.0,5.0,154.79017948717947,46.91089743589744,2025,1.0007634905461722,1.0007634905461722,-7.830179487179464,3.260700389105068,-1.1108022708088674,-0.06187748644853386,-0.021525088259661374,-0.03793436163126662,6.366216289408498,-11.565154903479666,7.887020280809878,-1.8390673113348939,-9.726087592144772,-0.9745435118357761,-7.83553990482315
1022500285,2025-09-11,2025,Regular Season,19.0,125.0,7.247383940188149,159.59720696668018,10.863694135938715,23.73351283074146,17.298603483340088,-6.434909347401373,15.66631487135777,-5.820321672106644,162.62820512820514,159.05555555555554,163.40070921985816,118,9,2.0,2.0,2.0,4.0,148.5460465116279,55.23255813953489,2025,1.000936854493663,1.000936854493663,-4.9860465116279045,-38.40070921985816,2.561036237506489,13.67841913689843,1.0991195224139396,-1.6722600254610835,3.156724252272684,7.226237664918244,23.6568525002547,15.441545082586472,-8.215307417668228,17.298603483340088,-6.434909347401373
1042500101,2025-09-14,2025,Playoffs,29.0,173.0,8.042739913142912,157.72896111693348,-18.777124643587086,3.5060857605205626,-7.635519441533262,-11.141605202053825,-9.791636421487915,-10.309581177570728,162.51315789473685,159.61290322580646,163.3986013986014,121,9,3.0,3.0,3.0,6.0,148.43272727272728,55.22727272727273,2025,1.0046408782162153,1.0046408782162153,1.0072727272727207,9.601398601398614,-11.465428372707432,2.5539426125223805,-3.3355408215641464,2.455390160261282,,,,,,,
1042500201,2025-09-21,2025,Playoffs,13.0,151.0,7.19382440663203,163.23721747199494,2.735663178694722,9.501554293300217,6.118608735997469,-3.3829455573027474,5.467714122983608,-2.854715105469495,160.72727272727272,156.76,163.12794612794613,128,9,4.0,2.0,2.0,6.0,151.83605920444035,52.859389454209065,2025,0.9958186680024372,0.9958186680024372,4.56394079555966,-12.127946127946132,6.551390507982846,10.827762056776614,-14.076630311264406,2.1651918694885515,,,,,,,
1042500202,2025-09-23,2025,Playoffs,-6.0,172.0,7.438409558089933,162.86150800422496,1.642061427796392,-10.780553423571419,-4.5692459978875135,6.211307425683906,-5.327702215840148,6.802346066457929,160.29032258064515,156.95652173913044,163.08361204013377,130,9,2.0,2.0,2.0,4.0,151.9331205673759,52.84308510638298,2025,0.998508385512954,0.998508385512954,11.746879432624098,8.916387959866228,1.0340530566835238,-1.6215263186698419,-2.7895110010215234,-1.9507179528323082,,,,,,,
1022500035,2025-05-30,2025,Regular Season,-2.0,168.0,14.167318630880136,165.3262856071705,5.728727760580966,-8.402442153410476,-1.3368571964147549,7.065584956995721,-1.6080865358690275,9.12333750222546,163.08823529411765,163.08823529411765,163.08823529411765,14,5,2.0,3.0,2.0,5.0,154.68,41.0,2025,1.0033072910620886,1.0033072910620886,-19.840000000000032,4.911764705882348,2.743789846737334,-7.186041562579362,2.266051234809737,0.5681139451632635,10.746601328844408,5.672208737636879,-5.715453708817847,-0.021622485590484075,5.693831223227363,-1.3368571964147549,7.065584956995721
1022500045,2025-06-03,2025,Regular Season,9.0,161.0,7.681881408786394,164.0580471512991,0.3662052392485293,2.691841912050549,1.5290235756495392,-1.1628183364010098,1.0863272033533846,-0.5413076714170515,162.8181818181818,162.74285714285713,162.8181818181818,18,6,4.0,4.0,4.0,8.0,152.98285714285714,38.04761904761905,2025,1.0014730073716247,1.0014730073716247,-18.742857142857133,-1.818181818181813,4.56155054291243,3.3984170811332852,-5.086496935818811,-1.7871434848735182,10.158153641160478,1.195074372073421,1.4728764383563089,1.333975405214865,-0.13890103314144397,1.5290235756495392,-1.1628183364010098
1022500066,2025-06-14,2025,Regular Season,14.0,190.0,-7.307999951785656,163.09984056751892,-23.378829344694196,-3.521330087786879,-13.450079716240538,-9.928749628453659,-13.757880340867061,-12.667110053577233,162.453125,161.32,162.453125,29,6,4.0,4.0,4.0,8.0,148.82666666666665,53.44444444444444,2025,1.0010392344639627,1.0010392344639627,19.413333333333355,27.546875,-0.7561810553799173,-8.255695995230779,-5.38588904831202,0.6398857580556565,-5.710538194720878,-24.074561129522067,-5.441634523711755,-14.758097826616911,-9.316463302905156,-13.450079716240538,-9.928749628453659
1022500071,2025-06-17,2025,Regular Season,17.0,159.0,12.66550196274864,160.42752049057742,-2.4464411881310895,3.873961678708497,0.7137602452887037,-3.160201433419793,-0.8369892233988523,-1.3410590873094108,162.0,160.8846153846154,162.1,32,6,3.0,2.0,2.0,5.0,147.28,44.5,2025,0.9989681202976184,0.9989681202976184,0.5600000000000023,-3.0999999999999943,-1.9040399597270614,-0.3896665120834868,0.7149466717105959,0.7417705767010936,10.505337352181458,-2.7397639690275497,5.3333545849327635,1.296795307952607,-4.036559276980157,0.7137602452887037,-3.160201433419793
1022500096,2025-06-26,2025,Regular Season,-10.0,160.0,6.937954762516124,171.44389134852997,13.899852784583459,-2.455961436053485,5.721945674264987,8.177907110318472,7.28721793866282,8.480977347952347,162.768115942029,161.54545454545453,162.0842105263158,41,6,2.0,2.0,2.0,4.0,149.96647619047616,48.67619047619048,2025,1.004607868287091,1.004607868287091,-4.326476190476171,-2.084210526315786,-5.739803123126509,6.049169972900675,7.420980095935754,-0.4431290070471021,7.829761341848301,14.746853912876645,-2.389486004782043,6.178683954047301,8.568169958829344,5.721945674264987,8.177907110318472
1022500109,2025-07-03,2025,Regular Season,27.0,135.0,2.845076121912168,166.14786795745363,3.438236100955237,27.709631856498376,15.573933978726807,-12.13569787777157,15.820642709077589,-12.647278341398533,163.1875,166.83870967741936,163.03703703703704,48,7,6.0,4.0,4.0,10.0,150.8875,50.0625,2025,1.0067003879771408,1.0067003879771408,-9.727499999999964,-28.037037037037038,-0.5866836761700176,11.051760706782185,9.076155402737246,-3.720589724271824,2.9679221386649637,2.879321582223824,27.09618513057592,14.987753356399871,-12.108431774176047,15.573933978726807,-12.13569787777157
1022500114,2025-07-05,2025,Regular Season,-2.0,176.0,6.617146423896308,169.1862989412295,0.591302632301776,-7.405003691072267,-3.4068505293852454,3.9981531616870214,-2.440975711345743,4.274969201802108,163.42424242424244,165.41935483870967,163.04424778761063,50,7,2.0,2.0,2.0,4.0,149.03869281045752,47.40522875816993,2025,1.0017561368014072,1.0017561368014072,4.441307189542499,12.95575221238937,3.38016097343655,-1.8379341298397858,-2.609187796062649,-1.374014758879866,3.6582476496758973,-0.3894923222722184,-5.939594742272931,-3.1645435322725746,2.775051210000356,-3.4068505293852454,3.9981531616870214
1022500124,2025-07-09,2025,Regular Season,-19.0,141.0,1.1650756055251923,161.1139123338926,20.11846272043917,-0.004550386546554819,10.056956166946307,10.061506553492862,8.992417827267722,9.273903715772143,163.74242424242425,165.0344827586207,162.95901639344262,54,7,4.0,2.0,2.0,6.0,150.88888888888889,53.22222222222222,2025,1.0027142099574942,1.0027142099574942,2.5111111111110915,-21.959016393442624,0.8606625792859699,-1.1644835135714455,7.712243563474342,1.5839951980788556,-0.2746465736490389,19.33847520839491,0.4294651431708303,9.88397017578287,9.45450503261204,10.056956166946307,10.061506553492862
1022500129,2025-07-11,2025,Regular Season,17.0,181.0,-1.9862912099544403,164.75401584693824,-17.300395436791902,1.054411283730147,-8.122992076530878,-9.177403360261025,-8.124920670656742,-10.749757010409006,163.65217391304347,164.09677419354838,162.671875,56,7,2.0,4.0,2.0,6.0,152.7578947368421,52.421052631578945,2025,0.9941201263603844,0.9941201263603844,5.2021052631578755,18.328125,1.1177778677025012,-10.708663751452388,1.7982436984767318,-0.33227848538359006,-0.30289730723799924,-16.20039846570957,0.720192050603714,-7.740103207552927,-8.460295258156641,-8.122992076530878,-9.177403360261025
1022500133,2025-07-13,2025,Regular Season,19.0,185.0,3.0160471830221827,163.6763114881682,-18.7767349463755,-2.5469535654562776,-10.661844255915888,-8.11489069045961,-11.085027031683104,-8.537488703460362,163.62857142857143,163.17241379310346,163.03787878787878,58,7,2.0,4.0,2.0,6.0,155.29590476190475,44.12619047619047,2025,1.002557152321451,1.002557152321451,5.904095238095238,21.962121212121218,6.619289524367503,-3.4959976620508506,-11.000309402059326,-3.2080094919404236,3.2142763846007485,-17.85156482250271,-1.8530707664483117,-9.85231779447551,-7.999247028027199,-10.661844255915888,-8.11489069045961
1022500153,2025-07-24,2025,Regular Season,10.0,150.0,4.476263759957223,165.6571061429795,4.862566180093609,10.794539962885892,7.82855307148975,-2.965986891396142,7.900383374791758,-3.099805751432342,163.25806451612902,163.52,162.90728476821192,69,7,2.0,2.0,2.0,4.0,151.8191304347826,48.99094202898551,2025,1.0032835382816767,1.0032835382816767,-0.17913043478262125,-12.907284768211923,3.4003541321205066,2.0598984332249355,3.1156417729717916,-0.6755109635254759,3.096799822206825,4.877846228797424,11.913201339243926,8.395523784020675,-3.5176775552232513,7.82855307148975,-2.965986891396142
1022500170,2025-07-30,2025,Regular Season,6.0,208.0,1.4658817717942498,163.47877789957408,-24.525496434379164,-19.995725666046752,-22.260611050212958,-2.264885384166206,-22.69634684049231,-3.032932599860274,164.54098360655738,165.51724137931035,163.57988165680473,75,7,3.0,3.0,3.0,6.0,152.98615384615385,52.98615384615385,2025,1.0027481419997502,1.0027481419997502,10.173846153846142,44.42011834319527,-13.20734112505956,-1.3556829090942486,-6.976843645085463,-1.1564791612530385,1.5669000340311412,-24.682379435440538,-20.221193149057896,-22.451786292249217,-2.230593143191321,-22.260611050212958,-2.264885384166206
1022500198,2025-08-09,2025,Regular Season,22.0,162.0,9.972415807505872,162.37756578535152,-6.553849384193185,6.931415169544692,0.18878289267575354,-6.742632276868939,-0.7663777841388395,-5.57043335685394,166.15714285714284,167.69230769230768,163.98979591836735,85,8,2.0,2.0,2.0,4.0,150.84008602150539,45.27204301075269,2025,1.005847452268856,1.005847452268856,2.279913978494619,-1.9897959183673493,3.197275229125326,-10.45006417217543,8.066953483189948,-1.5805423242786785,9.65017900901312,-6.914590871431017,6.856990867755087,-0.028800001837964828,-6.885790869593052,0.18878289267575354,-6.742632276868939
1022500205,2025-08-12,2025,Regular Season,-1.0,161.0,4.81948311191885,166.34821784024086,5.365247318722652,-0.017029478481774163,2.674108920120439,2.691138398602213,2.9230099030635444,2.620593701788522,164.90277777777777,164.55263157894737,163.69607843137254,88,8,3.0,2.0,2.0,5.0,156.25375,46.15625,2025,0.9979495161357282,0.9979495161357282,-7.293750000000017,-2.696078431372541,0.9808290647588516,-3.263112457663162,2.915889520532069,2.289403775435785,3.271347622082189,4.975159148906698,0.8631163678224425,2.9191377583645703,2.056021390542128,2.674108920120439,2.691138398602213
1022500211,2025-08-15,2025,Regular Season,-4.0,172.0,5.221441442155512,163.8344521700444,0.22456413450942136,-8.39011196446502,-4.0827739149778,4.307338049487221,-4.521182273817999,4.378712586097933,164.8,162.8918918918919,163.71904761904761,91,8,3.0,2.0,2.0,5.0,150.3855681818182,41.754734848484844,2025,0.9983241671014864,0.9983241671014864,-3.9055681818181824,8.280952380952385,-2.1013750302632,-1.8101114282332293,2.1311745560188378,-2.7408703713404075,2.15484562279436,-0.3470208396689429,-6.461350087379429,-3.404185463524186,3.0571646238552432,-4.0827739149778,4.307338049487221
1022500232,2025-08-22,2025,Regular Season,-5.0,185.0,-2.5363354085191583,166.46485334196478,-7.6392701513097165,-10.895876506725486,-9.267573329017601,1.6283031777078847,-8.794481581858385,-0.10296972967469031,165.5679012345679,163.05263157894737,163.8138528138528,98,8,5.0,1.0,1.0,6.0,152.5405714285714,50.31428571428572,2025,1.0052902317508028,1.0052902317508028,-9.340571428571423,21.186147186147195,2.5771422083509643,-7.182377010807313,-4.093329739685114,-0.09591703971692755,-1.7190596890245267,-9.19903116994422,-12.987727044761812,-11.093379107353016,1.8943479374087957,-9.267573329017601,1.6283031777078847
1022500243,2025-08-26,2025,Regular Season,20.0,170.0,-0.6086532043259807,167.23727529538704,-11.434019024949777,8.671294320336813,-1.381362352306482,-10.052656672643295,-0.7508363113241501,-11.365102163759389,165.3734939759036,164.76315789473685,163.86363636363637,102,8,2.0,2.0,2.0,4.0,152.9464864864865,46.21977240398293,2025,1.002382748901612,1.002382748901612,-5.546486486486515,6.136363636363626,-1.0942313619264086,1.819881742199989,-0.9915205293009777,-0.48496616229675515,-2.9715473134970756,-14.497308549106606,7.7402946290112595,-3.378506960047673,-11.118801589058933,-1.381362352306482,-10.052656672643295
1022500269,2025-09-05,2025,Regular Season,20.0,174.0,6.448999723562126,161.25737733923538,-13.605032946686833,0.8624102859222091,-6.371311330382312,-7.233721616304521,-7.535711808782132,-6.833006763430454,162.69230769230768,162.36111111111111,163.61797752808988,112,9,3.0,2.0,2.0,5.0,150.76743902439023,44.46829268292683,2025,0.9964544750188774,0.9964544750188774,-6.887439024390233,10.382022471910119,-7.552128129437664,9.518215556962808,-3.8932759929176655,-5.608523243389615,4.768978576937603,-15.653398418139247,0.31993877863720854,-7.666729819751019,-7.986668598388228,-6.371311330382312,-7.233721616304521
1022500278,2025-09-09,2025,Regular Season,11.0,155.0,-1.12122131168712,165.71767214028932,-0.4384217559448018,11.156093896234125,5.358836070144662,-5.797257826089464,5.593677377947465,-7.194249485887887,163.03846153846155,161.6764705882353,163.59420289855072,116,9,2.0,3.0,2.0,5.0,152.02925802879292,49.54485049833887,2025,1.0008678764805408,1.0008678764805408,-3.9092580287929195,-8.59420289855072,3.453381398634387,8.888589950612817,-7.70559112884386,0.9572971575441223,-0.001097986776023685,-2.1145005505397165,8.714548623370632,3.300024036415458,-5.414524586955174,5.358836070144662,-5.797257826089464
1042500122,2025-09-16,2025,Playoffs,17.0,137.0,-1.181820413266584,164.3302072735725,4.814279529913833,22.515927743658693,13.665103636786263,-8.85082410687243,13.527989752067107,-10.233163401369204,162.01351351351352,159.46666666666667,163.36896551724138,123,9,2.0,2.0,2.0,4.0,152.73955555555557,52.022222222222226,2025,0.9989322076774608,0.9989322076774608,-12.739555555555569,-26.368965517241378,2.8068412838643537,2.947740556073736,4.496932168812787,3.2764757433162224,,,,,,,
1042500213,2025-09-26,2025,Playoffs,-12.0,156.0,0.8133827499079049,165.84862700680117,11.435889668141016,-1.5872626613398637,4.924313503400576,6.51157616474044,5.14370722842574,5.548062973877137,159.49122807017545,157.33333333333334,163.09634551495017,133,9,3.0,3.0,3.0,6.0,152.03591836734694,48.46938775510204,2025,0.994932378354988,0.994932378354988,2.6840816326530614,-7.096345514950173,-0.6480743388018766,5.418496216064835,-0.6308414389684707,1.004126790131258,,,,,,,
1042500214,2025-09-28,2025,Playoffs,7.0,173.0,-0.201432953200416,165.73194810574208,-7.047710899210102,-0.22034099504782034,-3.6340259471289613,-3.413684952081141,-3.4194479743199153,-4.603604319376267,158.6851851851852,157.41176470588235,163.06270627062707,135,9,2.0,2.0,2.0,4.0,152.08960000000002,48.16,2025,1.0021719838134615,1.0021719838134615,1.7103999999999928,9.937293729372925,-3.8566456144725096,1.7746016168668106,0.6956981230845543,-2.0331020997987697,,,,,,,
1022500039,2025-05-30,2025,Regular Season,-7.0,181.0,1.0654777125404464,161.89151818870687,-5.518368665440974,-13.590113145852172,-9.554240905646573,4.035872240205599,-10.406816139415696,3.20994659613325,163.08823529411765,163.08823529411765,163.08823529411765,14,5,3.0,3.0,3.0,6.0,152.59733333333332,48.66666666666667,2025,1.001194047336501,1.001194047336501,9.322666666666692,17.911764705882348,-3.7523270984361385,2.651458794407926,-8.537492579382441,-0.7684552560050402,1.3819104666121835,-5.710222523337663,-14.020297887164958,-9.86526020525131,4.155037681913647,-9.554240905646573,4.035872240205599
1022500043,2025-06-01,2025,Regular Season,-5.0,145.0,1.8049499852368744,167.19663447633798,14.550594692857075,7.6460397834809015,11.098317238168988,3.4522774546880868,11.654643320088645,2.6848011858957292,163.525,163.58823529411765,163.525,16,6,2.0,2.0,2.0,4.0,154.51466666666667,45.03333333333333,2025,0.9992588846806968,0.9992588846806968,-16.27466666666666,-18.525000000000006,4.959538105152541,-5.676478785059036,14.932003307883924,-2.5604193078887807,3.415660483432865,14.704723395285995,6.498334488940941,10.601528942113468,4.103194453172527,11.098317238168988,3.4522774546880868
1022500047,2025-06-03,2025,Regular Season,6.0,160.0,-0.094021001549543,168.27139391670735,1.3185941860495802,6.952799730657773,4.135696958353677,-2.8171027723040964,5.031147937289099,-4.0346293758658405,162.8181818181818,162.74285714285713,162.8181818181818,18,6,2.0,3.0,2.0,5.0,153.53714285714284,38.42857142857143,2025,1.00531406963906,1.00531406963906,11.622857142857157,-2.818181818181813,0.26471273953109975,-1.1971162614659026,-0.6278089328587271,6.591360392082629,-0.41726265867194523,1.2039671432867465,7.105992286810704,4.154979715048725,-2.9510125717619786,4.135696958353677,-2.8171027723040964
1022500062,2025-06-11,2025,Regular Season,10.0,178.0,-3.031394931370176,162.43854849848424,-13.940882524779838,-1.6205689767359388,-7.780725750757888,-6.160156774021949,-8.378650184156676,-7.920873855781032,161.52542372881356,160.46428571428572,161.52542372881356,26,6,4.0,3.0,3.0,7.0,146.73333333333335,43.22222222222222,2025,0.9986811107290012,0.9986811107290012,-2.2933333333333508,16.474576271186436,2.2670357625800692,-3.1357887872977734,-7.509586893134866,-0.000310266304103024,-4.711865923114273,-15.704466575517912,-1.900233631316837,-8.802350103417375,-6.902116472100538,-7.780725750757888,-6.160156774021949
1022500088,2025-06-22,2025,Regular Season,10.0,168.0,-0.7556965726696736,166.17702717875238,-6.04705365479488,4.224080833547276,-0.9114864106238016,-5.135567244171078,-0.5625542498725196,-6.459526553868741,162.02941176470588,162.66666666666666,162.3452380952381,37,6,2.0,3.0,2.0,5.0,148.8474358974359,49.90384615384615,2025,1.0046221709840333,1.0046221709840333,9.792564102564086,5.654761904761898,0.573985883958744,3.59388986657231,-3.9161438898579526,-0.8142861105456234,-2.171096095584242,-8.21520110196822,3.359330814407187,-2.427935143780516,-5.787265958187703,-0.9114864106238016,-5.135567244171078
1022500093,2025-06-24,2025,Regular Season,-8.0,180.0,6.354982644176892,166.22889262850524,-0.05699815396778263,-13.714109217526982,-6.885553685747382,6.8285555317796,-6.709022352793987,7.106619855023617,163.08955223880596,163.53125,162.6629213483146,39,6,2.0,2.0,2.0,4.0,150.31054945054944,44.72527472527473,2025,0.9914921348899574,0.9914921348899574,0.7294505494505756,17.337078651685403,-5.192702517875319,-0.9115807839857464,-3.4041576752007288,2.799418624267803,4.636354031750771,-1.6687514714632101,-13.823296890893118,-7.746024181178164,6.077272709714954,-6.885553685747382,6.8285555317796
1022500102,2025-06-27,2025,Regular Season,16.0,178.0,14.98700375679183,158.78206633221225,-11.335363094304128,-7.882570573483633,-9.60896683389388,-1.7263962604102474,-11.663561953291023,0.6497010435924722,162.0909090909091,161.94285714285715,162.2164948453608,42,6,3.0,2.0,2.0,5.0,147.58133333333333,41.66666666666667,2025,1.0046514047951989,1.0046514047951989,3.7786666666666804,15.783505154639187,-3.31394963101219,-3.8710482279273606,-2.4742374417795254,-2.0043266525719385,11.855367607487976,-12.873748214006127,-6.792705041855228,-9.833226627930678,-3.0405215860754495,-9.60896683389388,-1.7263962604102474
1022500130,2025-07-11,2025,Regular Season,14.0,144.0,14.429217693541636,160.43231254656382,7.291003969870673,9.141308576693149,8.21615627328191,-0.9251523034112381,6.620471574622918,1.2915168600610443,163.65217391304347,164.09677419354838,162.671875,56,7,2.0,2.0,2.0,4.0,148.23094736842106,41.63947368421053,2025,1.0004116781839636,1.0004116781839636,-8.190947368421035,-18.671875,-3.9052169442696734,6.6341030555746965,-0.8753758346033607,4.7669612979212586,12.75524863090009,6.355818403770755,9.619866660348293,7.987842532059524,-1.6320241282887693,8.21615627328191,-0.9251523034112381
1022500136,2025-07-13,2025,Regular Season,-5.0,143.0,6.448978842799081,161.68254681084866,14.616219601647032,4.066327209201631,9.341273405424332,5.2749461962227,8.29134070925786,5.666979827917821,163.62857142857143,163.17241379310346,163.03787878787878,58,7,2.0,3.0,2.0,5.0,150.16866666666667,38.352380952380955,2025,1.0015075386819037,1.0015075386819037,-2.3286666666666633,-20.037878787878782,1.2324869038134887,3.42309832642316,-0.6329204084035851,4.268675887424795,5.880070287737606,13.979845244535454,3.9354050626787966,8.957625153607125,5.022220090928329,9.341273405424332,5.2749461962227
1022500143,2025-07-16,2025,Regular Season,9.0,125.0,1.2374114728665644,158.49724203350308,12.786871492209698,20.7103705412934,16.74862101675155,-3.961749524541851,14.977707702497547,-4.679645565411526,164.25714285714287,163.65625,163.17857142857142,61,7,3.0,2.0,2.0,5.0,151.61800865800865,52.246753246753244,2025,1.0019655577349975,1.0019655577349975,-10.89800865800862,-38.178571428571416,-1.9745718080511914,4.90664582963252,11.697788697356621,0.3478449835595967,-0.4073483495810608,11.867181224639708,21.179819914002792,16.52350056932125,-4.656319344681542,16.74862101675155,-3.961749524541851
1022500150,2025-07-22,2025,Regular Season,-24.0,150.0,4.592483223523147,161.23600679016005,19.610223669390663,-8.374216879230616,5.618003395080024,13.99222027431064,4.496506987090697,13.97482496527158,163.34426229508196,161.8,162.7655172413793,67,7,6.0,6.0,6.0,12.0,155.2591304347826,42.913043478260875,2025,1.0021212227190073,1.0021212227190073,4.380869565217381,-12.765517241379314,1.4188770855761481,-1.3017549884424948,-0.4015374017344655,4.780922291691516,3.427353031099569,19.18492232128932,-7.833206781883362,5.675857769702979,13.509064551586341,5.618003395080024,13.99222027431064
1022500178,2025-08-01,2025,Regular Season,-2.0,214.0,4.179822712594358,167.0262152530911,-20.548468428823014,-26.42531631808589,-23.486892373454452,2.938423944631438,-23.038691051688602,2.709833639885261,165.3230769230769,169.75,163.89595375722544,77,8,4.0,3.0,3.0,7.0,150.26467236467238,46.61965811965812,2025,0.9997193740758692,0.9997193740758692,51.095327635327635,50.10404624277456,-3.1730165887213584,-3.5839649533102182,-14.201194585814939,-2.0805149238420793,2.8258886508895396,-21.142086330920108,-25.88824094776497,-23.51516363934254,2.373077308422431,-23.486892373454452,2.938423944631438
1022500184,2025-08-03,2025,Regular Season,-4.0,152.0,-0.9397991521495264,166.26027905935928,8.919554530039136,5.340724529320141,7.130139529679639,1.7894150003594973,7.506310531524967,0.4222513598123996,165.53030303030303,169.05882352941177,163.9608938547486,79,8,2.0,2.0,2.0,4.0,152.6857142857143,46.714285714285715,2025,0.9978326430408468,0.9978326430408468,-5.3657142857143185,-11.960893854748605,3.238485793739538,12.741873043155493,-8.450211503140196,-0.023836802229870724,-1.0409780765262682,8.379181390706265,4.923748766343721,6.651465078524993,1.727716312181272,7.130139529679639,1.7894150003594973
1022500189,2025-08-05,2025,Regular Season,-4.0,178.0,-5.479962442087394,164.47536157486564,-6.901243700369676,-6.623394724764694,-6.762319212567185,-0.13892448780249111,-6.747703208167962,-2.4932296610468825,165.55072463768116,168.5897435897436,164.0,81,8,2.0,3.0,2.0,5.0,152.00827586206896,48.51724137931035,2025,0.9967618827045855,0.9967618827045855,3.711724137931043,14.0,-2.072187423360581,-3.5873386604602597,-2.0354361155764735,0.9472589912293587,-3.4928068607943246,-7.660998568454659,-8.914741029479814,-8.287869798967236,0.6268712305125774,-6.762319212567185,-0.13892448780249111
1022500210,2025-08-13,2025,Regular Season,-10.0,160.0,-1.8816767478933811,163.42505550284795,6.051597544902606,-2.6265420420546377,1.712527751423984,4.339069793478622,1.3500648833052509,2.8174215158176565,165.38571428571427,165.1891891891892,163.86893203883494,89,8,3.0,3.0,3.0,6.0,152.3265322580645,50.21975806451613,2025,0.9991510872652428,0.9991510872652428,-3.00653225806451,-3.8689320388349415,3.8783637102289488,-4.991498535766,-2.9926616552753025,5.455861364117608,-3.036801336991216,5.225104576598113,-2.463270797043265,1.3809168897774242,3.844187686820689,1.712527751423984,4.339069793478622
1022500220,2025-08-17,2025,Regular Season,-3.0,167.0,-0.8606685283137601,161.66183667889726,-1.4405337178060051,-3.8976296032967355,-2.6690816605513703,1.2285479427453652,-3.5330108923438885,-0.02693464579378002,166.01408450704224,163.21621621621622,163.83333333333334,93,8,2.0,2.0,2.0,4.0,153.41301470588235,49.31801470588235,2025,0.9946323752057444,0.9946323752057444,-3.7730147058823604,3.166666666666657,-0.1169854946441129,4.573462430107796,-9.16669064497114,1.1772028171635665,-1.7778539285526038,-2.329842986797601,-3.9827734301931628,-3.156308208495382,0.8264652216977808,-2.6690816605513703,1.2285479427453652
1022500254,2025-08-30,2025,Regular Season,10.0,148.0,9.896052226792907,160.9006541487644,5.645734002902486,7.254920145861917,6.450327074382201,-0.8045930714797151,5.099542864054705,0.380529514735521,163.91139240506328,165.16666666666666,164.0159362549801,106,8,2.0,2.0,2.0,4.0,150.4571052631579,42.63026315789473,2025,0.9988831956967886,0.9988831956967886,-5.537105263157883,-16.01593625498009,-4.361570870610397,8.920196095703096,-0.86743428234427,1.408351921306274,8.728405101882736,3.9547996564156165,6.631573410185425,5.293186533300521,-1.338386876884904,6.450327074382201,-0.8045930714797151
1022500260,2025-09-01,2025,Regular Season,-6.0,176.0,4.377158086681219,169.81383940146696,1.9844620979139052,-8.170622696446927,-3.0930802992665107,5.077542397180416,-1.8995463950945322,4.836553209458771,163.30379746835442,161.61111111111111,163.73929961089493,108,9,2.0,1.0,1.0,3.0,151.77170731707318,47.578947368421055,2025,1.0026710110899557,1.0026710110899557,3.1882926829268,12.260700389105068,-1.1074340532367737,-1.5231848167364905,-0.17839655791535236,0.9094690327940759,2.684858426037497,0.5702425438162493,-8.1188511509595,-3.7743043035716255,4.344546847387875,-3.0930802992665107,5.077542397180416
1022500270,2025-09-05,2025,Regular Season,-8.0,160.0,5.783031256328112,163.59856356226385,8.335823983018699,-4.737260420754836,1.7992817811319313,6.536542201886768,1.282647008593763,6.739339360988772,162.69230769230768,162.36111111111111,163.61797752808988,112,9,4.0,3.0,3.0,7.0,150.08850174216028,49.45760743321719,2025,1.000430200511573,1.000430200511573,-10.368501742160277,-3.617977528089881,-4.64796783412784,5.0175741619200895,0.3556756862378059,0.5573649945637129,5.432865141848951,6.602620442663891,-6.054143758927751,0.2742383418680703,6.328382100795821,1.7992817811319313,6.536542201886768
1022500281,2025-09-09,2025,Regular Season,1.0,147.0,4.115011583041327,157.07696719862452,6.246864159033734,3.8301030395907674,5.038483599312251,1.2083805597214834,2.8097742286588385,1.1682149565724558,163.03846153846155,161.6764705882353,163.59420289855072,116,9,4.0,3.0,3.0,7.0,149.60544850498337,52.138427464008856,2025,1.0007407690909824,1.0007407690909824,-5.645448504983392,-16.59420289855072,-0.4300778702521688,0.8923202480874171,1.6704729640523794,0.6770588867712131,2.6552733810891596,4.886679423797858,3.745452375400376,4.316065899599117,0.5706135241987411,5.038483599312251,1.2083805597214834
1042500112,2025-09-16,2025,Playoffs,3.0,169.0,1.3918133700753157,164.67719381415253,-2.932696941920014,-1.3901092439274692,-2.1614030929237416,-0.7712938489962724,-2.2725513197756015,-1.5804958714138593,162.01351351351352,159.46666666666667,163.36896551724138,123,9,2.0,2.0,2.0,4.0,152.04711111111112,47.91111111111111,2025,1.0033463291964284,1.0033463291964284,-6.007111111111101,5.631034482758622,-3.757420768788929,-1.3151796077588358,6.256414339476937,-3.456365282704776,,,,,,,
1022500053,2025-06-07,2025,Regular Season,-27.0,131.0,-1.5375091276179502,170.7252920454917,32.99410991393938,6.731182131552316,19.86264602274585,13.131463891193533,21.456585913058667,11.538429902703463,162.68627450980392,163.96774193548387,162.68627450980392,22,6,7.0,4.0,4.0,11.0,159.54095238095238,45.92857142857143,2025,0.99901368714729,0.99901368714729,-28.260952380952375,-31.686274509803923,2.980435428923294,0.7371076198210762,13.702638901009742,4.036403963304563,-2.171749667452074,33.97978835402709,8.14741214502196,21.063600249524526,12.916188104502567,19.86264602274585,13.131463891193533
1022500073,2025-06-17,2025,Regular Season,-7.0,151.0,-1.150239724663774,155.6996342236721,5.336027141213776,-0.63639291754167,2.349817111836053,2.986210029377723,-0.11171047710849535,1.7871162432971417,162.0,160.8846153846154,162.1,32,6,2.0,2.0,2.0,4.0,150.8370909090909,39.39090909090909,2025,1.007042271617708,1.007042271617708,-10.437090909090898,-11.099999999999994,3.56504955762595,5.879237233474916,-8.49396717237882,-1.062030095830532,-0.3555375526810527,6.735970038826196,0.01741281188046173,3.3766914253533287,3.359278613472867,2.349817111836053,2.986210029377723
1022500083,2025-06-21,2025,Regular Season,-21.0,193.0,-7.185102731244265,157.39118797732073,-10.298441153116173,-25.3103708695631,-17.804406011339637,7.505964858223464,-19.652352865309716,4.911808807072312,161.86764705882354,161.25806451612902,162.14634146341464,36,6,4.0,2.0,2.0,6.0,151.64545454545453,50.53896103896104,2025,0.9989581404702634,0.9989581404702634,-7.285454545454513,30.853658536585357,-5.952128066804339,-13.205417420220833,-1.0829228608485177,0.5881154825639672,-5.5476074720020065,-9.439776731622771,-25.830243005211784,-17.635009868417278,8.195233136794506,-17.804406011339637,7.505964858223464
1022500091,2025-06-24,2025,Regular Season,11.0,183.0,1.851253537857072,162.88808909072708,-14.67230832003608,-5.439602589236841,-10.055955454636461,-4.6163528653996195,-10.660821049378441,-5.285464833134526,163.08955223880596,163.53125,162.6629213483146,39,6,2.0,3.0,2.0,5.0,149.6276923076923,45.27472527472527,2025,1.002774882204709,1.002774882204709,13.132307692307677,20.337078651685403,-5.033563999976215,4.81123203293313,-11.672435749820824,1.233946667485467,3.4204244985705268,-13.221631551581794,-5.359183196392479,-9.290407373987136,-3.9312241775946575,-10.055955454636461,-4.6163528653996195
1022500126,2025-07-09,2025,Regular Season,11.0,163.0,-2.425117416329474,163.7239384061274,-6.019316757231422,6.7432551633588105,0.36196920306369407,-6.381285960295116,0.09421686106315263,-8.031550724520024,163.74242424242425,165.0344827586207,162.95901639344262,54,7,1.0,2.0,1.0,3.0,155.8488888888889,41.86666666666667,2025,0.9964649170581356,0.9964649170581356,-4.48888888888888,0.04098360655737565,0.2519137909825435,-4.59942038056292,4.069609482145591,0.37211396849794287,-4.228613065125579,-6.636610424874021,7.618489560172918,0.49093956764944835,-7.12754999252347,0.36196920306369407,-6.381285960295116
1022500131,2025-07-12,2025,Regular Season,6.0,168.0,-6.0627667215292,164.11982510818757,-7.3291256091524986,3.448950717340068,-1.9400874459062152,-5.389038163246283,-2.005916800413438,-7.867479375667038,162.94117647058823,161.0,162.66923076923078,57,7,3.0,2.0,2.0,5.0,150.67308270676693,48.012531328320804,2025,1.0058568657820788,1.0058568657820788,14.086917293233057,5.330769230769221,1.1255249091999797,4.620092796680307,-1.4738859049042539,-6.27764860138947,-6.526474522308868,-8.389537356778433,2.8430099709695185,-2.7732636929044574,-5.616273663873976,-1.9400874459062152,-5.389038163246283
1022500137,2025-07-14,2025,Regular Season,-13.0,169.0,-4.895567638207425,164.81587132209611,2.5194809770353714,-6.703609654939257,-2.0920643389519427,4.611545315987314,-2.001090265162354,2.3820414141536403,163.65277777777777,163.28571428571428,163.08823529411765,59,7,2.0,2.0,2.0,4.0,151.34636363636363,47.845454545454544,2025,1.0051095407729982,1.0051095407729982,-6.2663636363636215,5.911764705882348,-0.14315740848157432,-3.2334669670437908,-0.49021681751447943,1.8657509278774986,-5.288037366330258,1.7644648023182157,-7.085148865386628,-2.6603420315342063,4.424806833852422,-2.0920643389519427,4.611545315987314
1022500141,2025-07-16,2025,Regular Season,-37.0,135.0,-3.571616258767633,165.45059390949012,32.40149396591512,-1.9509000564249845,15.225296954745069,17.176197011170053,15.452456126701492,15.23222121448191,164.25714285714287,163.65625,163.17857142857142,61,7,2.0,3.0,2.0,5.0,153.18285714285713,49.95238095238095,2025,0.9993283852028068,0.9993283852028068,-3.8628571428571377,-28.178571428571416,4.64835256220834,0.8502670209040275,6.755108163605939,3.1987283799831787,-2.8964147452955054,31.711350481845244,-3.127571989130786,14.29188924635723,17.419461235488015,15.225296954745069,17.176197011170053
1022500154,2025-07-24,2025,Regular Season,-38.0,152.0,-4.453686193697083,159.2584563041247,20.811497002654107,-13.553040698529372,3.6292281520623675,17.18226885059174,2.2124129960262664,15.165797059637775,163.25806451612902,163.52,162.90728476821192,69,7,2.0,2.0,2.0,4.0,150.77210144927534,42.86594202898551,2025,1.0058106546960046,1.0058106546960046,-6.572101449275351,-10.907284768211923,1.9179050634184431,2.4246740440417938,-0.43499789590127236,-1.6951682155326941,-4.9970217765729155,20.019155277994713,-13.848175113828617,3.085490082083048,16.933665195911665,3.6292281520623675,17.18226885059174
1022500158,2025-07-27,2025,Regular Season,-15.0,171.0,-8.085962469601595,163.0632259876553,0.2779343348004488,-8.214708347145134,-3.9683870061723425,4.246321340972791,-4.265655587030878,1.3333187171986935,164.41935483870967,163.25925925925927,163.0754716981132,72,7,3.0,3.0,3.0,6.0,151.3268,44.95166666666667,2025,1.0067139712977424,1.0067139712977424,-3.126800000000003,7.924528301886795,-0.03158026031591277,-8.483876660346409,7.034528301153685,-2.7847269675222437,-8.021055887991988,0.32731896024789364,-8.221169567933217,-3.9469253038426615,4.274244264090555,-3.9683870061723425,4.246321340972791
1022500176,2025-08-01,2025,Regular Season,-7.0,139.0,-5.482376317009282,157.7193138038407,10.581854595113214,8.137459208727478,9.359656901920346,1.222197693192868,7.555423575062143,-0.994779738890351,165.3230769230769,169.75,163.89595375722544,77,8,3.0,1.0,1.0,4.0,149.8476923076923,50.96153846153846,2025,0.9974937257715792,0.9974937257715792,-9.407692307692315,-24.895953757225442,3.7997448581464965,4.222495241734803,1.7379003177115528,-2.204716842530705,-6.057929589648723,10.693315106000526,8.701041538105414,9.69717832205297,0.9961367839475557,9.359656901920346,1.222197693192868
1022500182,2025-08-03,2025,Regular Season,-16.0,150.0,-8.96439717196353,161.44187415396942,10.068121969569447,1.37375218439999,5.720937076984718,4.347184892584728,5.010179269580085,1.2692289390895368,165.53030303030303,169.05882352941177,163.9608938547486,79,8,2.0,2.0,2.0,4.0,151.8,48.81481481481482,2025,0.9981658135241536,0.9981658135241536,5.279999999999973,-13.960893854748605,3.630337242491559,7.445173536815458,-7.121732463550972,1.0564009538240349,-7.876722457187236,10.684244342292772,1.0706184550084572,5.877431398650614,4.806812943642157,5.720937076984718,4.347184892584728
1022500186,2025-08-05,2025,Regular Season,14.0,142.0,-2.573056658865755,158.7343925386435,0.32244050015899006,16.411952038484515,8.367196269321752,-8.044755769162762,6.759999246564597,-9.626550403234383,165.55072463768116,168.5897435897436,164.0,81,8,2.0,2.0,2.0,4.0,149.50285714285712,37.535714285714285,2025,0.9970600540686508,0.9970600540686508,-10.942857142857122,-22.0,7.28921008537218,10.026368657879475,-8.871262299742778,-1.6843171969442725,-2.5459648934765795,0.7554208372783222,16.789281471712485,8.772351154495404,-8.016930317217081,8.367196269321752,-8.044755769162762
1022500191,2025-08-07,2025,Regular Season,-21.0,151.0,-10.1356960047006,161.2170943500109,11.463057419817204,-1.2459630698062938,5.108547175005455,6.354510244811749,4.367971179874495,3.017075481488611,165.57142857142858,167.87179487179486,163.92631578947368,83,8,2.0,4.0,2.0,6.0,150.88689655172413,48.827586206896555,2025,1.0056736732357818,1.0056736732357818,-10.366896551724153,-12.926315789473676,-0.7028539963780149,4.451227334633559,-0.6574709990841932,1.2770688407031447,-8.133456709683573,11.490428581805915,-2.823993886133394,4.333217347836261,7.1572112339696545,5.108547175005455,6.354510244811749
1022500212,2025-08-15,2025,Regular Season,-31.0,149.0,-5.646104382661284,152.7418777966135,14.92333460983805,-11.181456813224557,1.870938898306747,13.052395711531304,-1.269064993486289,10.900081736896574,164.8,162.8918918918919,163.71904761904761,91,8,2.0,2.0,2.0,4.0,148.18124999999998,51.0,2025,0.9994696078721456,0.9994696078721456,-13.541249999999991,-14.719047619047615,-2.585288071906394,-4.199364034511579,3.4041975188126052,2.111389594119078,-6.9916649927534875,15.260743798251113,-9.793077618257996,2.7338330899965584,12.526910708254555,1.870938898306747,13.052395711531304
1022500224,2025-08-19,2025,Regular Season,-6.0,182.0,-7.020097286296532,156.44150348206102,-12.723904994195223,-12.83459152374374,-12.779248258969481,0.055343264774258216,-14.887200761408025,-2.482232395333398,166.60526315789474,164.51351351351352,164.08597285067873,95,8,4.0,2.0,2.0,6.0,150.42244155844156,42.88398268398268,2025,1.0027162627673945,1.0027162627673945,9.097558441558448,17.91402714932127,-2.8860394268538094,-4.03753578700244,-7.287472801479407,-0.6761527460723795,-6.132869519547463,-12.334291522992785,-13.185965455868939,-12.760128489430862,0.42583696643807656,-12.779248258969481,0.055343264774258216
1022500237,2025-08-23,2025,Regular Season,-10.0,178.0,0.7801523080012023,156.91009378033812,-5.2296346123280415,-15.860271607333829,-10.544953109830935,5.3153184975028935,-12.731185739601017,4.526723934616484,165.48192771084337,162.94736842105263,163.82051282051282,99,8,2.0,2.0,2.0,4.0,149.128,41.57142857142857,2025,0.9941436143024878,0.9941436143024878,-1.0079999999999814,14.179487179487182,-3.928318996690658,-5.911404195070499,0.4895669117397077,-3.381029459579562,-2.190111072246456,-6.1074205335610685,-14.290832400669188,-10.199126467115128,4.09170593355406,-10.544953109830935,5.3153184975028935
1022500242,2025-08-25,2025,Regular Season,-5.0,153.0,-5.952824351224532,162.56061335603113,4.905263057129332,4.655350298901794,4.780306678015563,0.12495637911376889,4.291813441685861,-2.2968795153664416,165.5421686746988,164.2972972972973,163.925,101,8,2.0,2.0,2.0,4.0,150.35140350877194,46.01023391812865,2025,1.0010724216558091,1.0010724216558091,-3.8314035087719276,-10.925000000000011,-0.7670604226262654,-0.535991004278122,3.808217950041934,1.7866469185483091,-7.237780626987299,3.7856626007567655,4.652462096024891,4.219062348390828,-0.43339974763406275,4.780306678015563,0.12495637911376889
1022500264,2025-09-03,2025,Regular Season,24.0,152.0,-0.1350245315018725,159.31434310400823,-8.359805873651041,15.674148977659286,3.6571715520041224,-12.016977425655163,2.1422144616899246,-13.060959929577244,162.8846153846154,160.88888888888889,163.6679389312977,110,9,4.0,2.0,2.0,6.0,149.13169230769228,40.93333333333334,2025,1.0040607312584044,1.0040607312584044,-3.291692307692273,-11.667938931297698,-0.29710655495580607,1.2711622074413533,2.1402892408383174,-0.972130431633945,-2.079323138153951,-8.861508278603694,16.768654382248968,3.9535730518226373,-12.815081330426331,3.6571715520041224,-12.016977425655163
1022500283,2025-09-11,2025,Regular Season,-5.0,177.0,-3.465830693258723,159.60805289681923,-7.594924873359005,-9.797022229821778,-8.695973551590392,1.1010486782313862,-10.044558548489093,-0.6998482313008907,162.62820512820514,159.05555555555554,163.40070921985816,118,9,2.0,2.0,2.0,4.0,147.06511627906977,46.93023255813954,2025,0.9996937055515436,0.9996937055515436,-1.3051162790697788,13.599290780141843,0.552300293411979,-6.172395820607779,-2.8086495405475027,-1.6158134807457976,-0.719409651296451,-6.940651084687715,-11.393206483068624,-9.16692878387817,2.2262776991904545,-8.695973551590392,1.1010486782313862
1022500058,2025-06-10,2025,Regular Season,19.0,135.0,-1.3564719660518094,166.33698832117167,5.7858444228098875,25.551143898361786,15.668494160585837,-9.88264973777595,16.07623800578179,-11.345316479329512,162.17543859649123,163.7741935483871,162.17543859649123,25,6,4.0,3.0,3.0,7.0,155.295,52.375,2025,1.0015187872338829,1.0015187872338829,-16.775000000000006,-27.175438596491233,5.502343349347005,5.330275547731407,4.492134793298657,0.7514843154047255,1.157673228991398,6.703697045700196,24.38385707772943,15.543777061714813,-8.840080016014618,15.668494160585837,-9.88264973777595
1022500063,2025-06-13,2025,Regular Season,18.0,158.0,9.170222597194376,163.61368387815747,-2.2448435530282183,7.858527431185678,2.80684193907873,-5.051685492106948,2.2055027696982066,-4.085564406194969,162.3709677419355,161.5,162.3709677419355,28,6,3.0,3.0,3.0,6.0,156.5211111111111,52.45833333333333,2025,0.997950041155567,0.997950041155567,-4.441111111111127,-4.3709677419354875,3.422516425630328,-5.0596751339168335,2.1015422527158805,1.741119225268824,9.062386159506842,-0.8468317150674807,9.233244304042586,4.1932062944875526,-5.040038009555033,2.80684193907873,-5.051685492106948
1022500080,2025-06-20,2025,Regular Season,1.0,183.0,7.478643164745337,163.29834867282716,-7.113837953256237,-12.587813373916589,-9.850825663586413,2.736987710330176,-10.492726927723908,3.3281822113526545,161.36764705882354,160.2,161.65822784810126,35,6,3.0,3.0,3.0,6.0,151.26,47.833333333333336,2025,1.001414617055472,1.001414617055472,-3.1399999999999864,21.341772151898738,-4.734902855438764,6.155217814113757,-10.243227551017277,-1.669814335381619,6.682933600308314,-7.8108784300494705,-12.593037104466418,-10.201957767257944,2.391079337208474,-9.850825663586413,2.736987710330176
1022500085,2025-06-22,2025,Regular Season,13.0,173.0,9.250923296216056,164.28859377956644,-6.8599871042948735,-1.851419116138672,-4.355703110216773,-2.5042839940781008,-4.777453191234812,-1.5337421827764501,162.02941176470588,162.66666666666666,162.3452380952381,37,6,2.0,1.0,1.0,3.0,152.49564102564102,51.56410256410256,2025,1.001221812492296,1.001221812492296,1.26435897435897,10.654761904761898,-8.281051791854456,-6.138631975197456,15.55534677084188,-5.913116195024782,7.878313622170861,-7.469755972849043,-1.3142738838822368,-4.39201492836564,-3.0777410444834032,-4.355703110216773,-2.5042839940781008
1022500098,2025-06-27,2025,Regular Season,-4.0,188.0,0.8029750656161146,161.11791525040314,-11.030343684853179,-15.851741064743678,-13.441042374798428,2.4106986899452494,-14.49501269478413,1.5413796446473143,162.0909090909091,161.94285714285715,162.2164948453608,42,6,3.0,3.0,3.0,6.0,150.2144761904762,55.30952380952381,2025,0.9994263380933098,0.9994263380933098,17.585523809523806,25.783505154639187,-6.104701391814654,-0.5022283923747484,-5.569487352966066,-2.3185955576286594,1.7810212986558565,-11.648514365980574,-17.204582053615965,-14.42654820979827,2.7780338438176955,-13.441042374798428,2.4106986899452494
1022500104,2025-06-29,2025,Regular Season,9.0,171.0,2.6015394729131467,168.06074807144503,-4.667770575959395,1.728518647404428,-1.4696259642774834,-3.1981446116819114,-0.7015347845689988,-3.8036662139699544,162.95652173913044,163.25,163.0,44,6,2.0,2.0,2.0,4.0,152.93966666666665,59.125,2025,1.005586965994092,1.005586965994092,1.3403333333333478,8.0,3.84808745770569,9.387612489482711,-15.139067405702544,1.2018326739451397,3.065706442739831,-5.303557164556125,0.7709224469426772,-2.266317358806724,-3.037239805749401,-1.4696259642774834,-3.1981446116819114
1022500111,2025-07-03,2025,Regular Season,-1.0,159.0,1.8395310957298128,165.75192105877804,4.813165608903688,1.9387554498743498,3.375960529389019,1.4372050795146691,3.5424239585581745,0.7070075615002906,163.1875,166.83870967741936,163.03703703703704,48,7,4.0,4.0,4.0,8.0,153.3364705882353,51.35294117647059,2025,1.0014901680509716,1.0014901680509716,-5.57647058823531,-4.037037037037038,2.0643263417355433,1.4703294243730074,3.9954624707033695,-3.987694278253745,-1.6605731557075758,1.3211547864875115,1.523257671703604,1.4222062290955577,-0.10105144260804622,3.375960529389019,1.4372050795146691
1022500119,2025-07-07,2025,Regular Season,9.0,171.0,4.489699747445707,158.8510179229717,-8.67377219735124,-3.4752098796770667,-6.074491038514154,-2.599281158837087,-7.835397732608442,-2.591177787190176,162.8955223880597,163.24137931034483,162.8050847457627,52,7,4.0,2.0,2.0,6.0,154.18,59.17647058823529,2025,1.0041894213102145,1.0041894213102145,-10.660000000000025,8.194915254237287,-0.20879717298039946,-8.212088176551545,-3.042971407535827,3.628459024459334,2.985965487326526,-9.192326893045973,-2.7490086620802145,-5.970667777563094,-3.221659115482879,-6.074491038514154,-2.599281158837087
1022500167,2025-07-29,2025,Regular Season,-2.0,152.0,6.534176212218654,158.86253421159194,7.184167047380754,-0.32163283578881874,3.4312671057959676,3.7528999415847863,1.6198770457941407,4.2216896032513205,164.31746031746033,165.60714285714286,163.5,74,7,2.0,2.0,2.0,4.0,152.4564,58.53666666666667,2025,0.9947056508635717,0.9947056508635717,-12.696400000000011,-11.5,3.5205851502197465,-4.555465726108663,0.2338354540291938,2.420922167653868,1.8133203989301812,4.021134203706637,0.5435401230000565,2.282337163353347,1.7387970403532904,3.4312671057959676,3.7528999415847863
1022500174,2025-08-01,2025,Regular Season,23.0,167.0,1.3818080053710546,163.07569970725137,-12.770295285774566,8.845994993025954,-1.9621501463743058,-10.80814513940026,-2.50420209901219,-11.586920849776789,165.3230769230769,169.75,163.89595375722544,77,8,2.0,2.0,2.0,4.0,153.3903133903134,56.56837606837607,2025,1.006650170466035,1.006650170466035,-1.9903133903133892,3.104046242774558,-0.3043105907255681,1.0265250360019174,-7.093120804788127,3.8667042604995916,0.8707985511479683,-13.380196782224374,8.693107887594124,-2.343544447315125,-11.036652334909249,-1.9621501463743058,-10.80814513940026
1022500180,2025-08-03,2025,Regular Season,16.0,182.0,8.164838445558363,160.60944668730662,-15.227220026130553,-6.163333286562846,-10.6952766563467,-4.531943369783853,-12.079088333578348,-3.731175197168888,165.53030303030303,169.05882352941177,163.9608938547486,79,8,2.0,3.0,2.0,5.0,151.014708994709,45.136243386243386,2025,1.0012559760265474,1.0012559760265474,-5.094708994708981,18.039106145251395,-4.061439503228205,3.477846201907398,-12.076555477437964,0.58106044518042,6.716472148095529,-16.14582435543106,-5.850141551095533,-10.997982953263296,-5.147841402167764,-10.6952766563467,-4.531943369783853
1022500214,2025-08-15,2025,Regular Season,-2.0,158.0,5.070294971998698,163.03322992806426,5.744618643816253,-0.7113887157520082,2.5166149640321223,3.2280036797841305,1.8664571040900668,3.2816533754548445,164.8,162.8918918918919,163.71904761904761,91,8,2.0,2.0,2.0,4.0,152.22931818181817,49.99905303030303,2025,0.9988280759531296,0.9988280759531296,-6.509318181818173,-5.719047619047615,-2.798203864559878,10.174865713264676,-8.331982048347324,2.8217773037325924,6.288277417137014,6.042870805778776,-1.4118042580021495,2.315533273888313,3.7273375318904627,2.5166149640321223,3.2280036797841305
1022500230,2025-08-21,2025,Regular Season,2.0,148.0,-2.0054386531908426,162.79149912329962,5.6703178931870895,9.12118123011254,7.395749561649815,-1.7254316684627256,6.8659596977785,-3.262052605036054,166.4512195121951,164.97297297297297,164.09691629955947,97,8,2.0,2.0,2.0,4.0,151.29132773109245,53.59495798319328,2025,1.0010543011766817,1.0010543011766817,-1.0513277310924423,-16.096916299559467,2.9035255271862646,-1.5096674129552419,3.4449847431123644,2.0271168404351227,2.22632315363306,7.550514899942357,7.465415186925526,7.507965043433941,0.04254985650841547,7.395749561649815,-1.7254316684627256
1022500235,2025-08-23,2025,Regular Season,16.0,140.0,6.487395512367571,164.09495328444578,6.8876617384161705,17.20729154602961,12.04747664222289,-5.159814903806719,11.646022796051774,-4.8083507794064175,165.48192771084337,162.94736842105263,163.82051282051282,99,8,2.0,2.0,2.0,4.0,150.60555555555555,55.72222222222222,2025,1.0025082630166844,1.0025082630166844,-6.9255555555555475,-23.820512820512818,4.545471057262912,2.9742939109047324,1.5386491422399757,2.587608685644145,10.735358150438978,8.981384180855102,15.735332104045511,12.358358142450307,-3.376973961595205,12.04747664222289,-5.159814903806719
1022500245,2025-08-27,2025,Regular Season,-6.0,156.0,4.422139950933148,161.54993260513191,7.702609816870449,-2.152677211738549,2.77496630256595,4.927643514304499,1.7424518406031808,4.865438463828369,165.25,164.31578947368422,163.93852459016392,103,8,4.0,2.0,2.0,6.0,151.73663201663203,53.39154539154539,2025,1.0014990812914044,1.0014990812914044,0.823367983367973,-7.938524590163922,2.443306136559828,6.468694583118911,-6.99451915081444,-0.17502972826111884,7.762258475957377,10.075874132715725,-2.640079591228016,3.7178972707438547,6.357976861971871,2.77496630256595,4.927643514304499
1022500250,2025-08-29,2025,Regular Season,22.0,178.0,6.813566592197774,161.8329121410492,-16.153603212056396,-0.013484646894397656,-8.083543929475397,-8.070059282581,-9.102549684353065,-7.598898931076278,164.925,165.5897435897436,164.0120481927711,105,8,2.0,2.0,2.0,4.0,155.22094466936574,49.590418353576254,2025,0.9998088645362398,0.9998088645362398,-3.9809446693657264,13.98795180722891,4.927551613472498,-7.551540972641094,-6.838211054611634,0.35965072942716625,10.183306214961034,-13.167049450477947,0.04058495824475017,-6.563232246116598,-6.603817204361349,-8.083543929475397,-8.070059282581
1022500263,2025-09-03,2025,Regular Season,11.0,161.0,6.092828594981147,167.32347937179017,0.4033914297722845,5.9200879420178865,3.1617396858950855,-2.758348256122801,3.6398344867923598,-2.5617232432665915,162.8846153846154,160.88888888888889,163.6679389312977,110,9,2.0,2.0,2.0,4.0,151.38789743589743,53.58461538461538,2025,0.9941037642434972,0.9941037642434972,8.932102564102564,-2.667938931297698,2.2797052411802117,0.916410465145189,2.385367419758012,-1.9416486392910581,6.904472460917283,1.1966832657591908,6.001255160751413,3.5989692132553017,-2.402285947496111,3.1617396858950855,-2.758348256122801
1022500268,2025-09-05,2025,Regular Season,19.0,189.0,5.908598694607612,167.32573771787054,-17.67220305841606,-4.002059223713388,-10.837131141064724,-6.8350719173513355,-10.353599833885532,-6.680027089122582,162.69230769230768,162.36111111111111,163.61797752808988,112,9,2.0,2.0,2.0,4.0,151.60714634146342,53.57012195121951,2025,1.004080846197516,1.004080846197516,4.672853658536582,25.38202247191012,-3.091477762438677,-10.90259780653489,5.534126936094783,-1.8936512010067361,6.138276860724654,-17.20806100216099,-3.7582292517636375,-10.483145126962313,-6.7249158751986755,-10.837131141064724,-6.8350719173513355
1022500276,2025-09-08,2025,Regular Season,25.0,149.0,9.47723849791894,164.052294678002,-0.888651900362035,15.94094657836402,7.5261473390009925,-8.414799239363028,7.034847570261,-7.388413120106158,162.79746835443038,161.74285714285713,163.64727272727274,115,9,3.0,2.0,2.0,5.0,151.20190476190476,48.83333333333333,2025,0.9968396707377672,0.9968396707377672,-1.9619047619047478,-14.647272727272735,5.574303829465948,-0.09098606105713358,-1.2502287418458842,2.8017585436980665,9.646739193754376,-0.16963543811957038,16.46784769725666,8.149106129568544,-8.318741567688114,7.5261473390009925,-8.414799239363028
1042500121,2025-09-14,2025,Playoffs,12.0,148.0,3.843136916221547,164.59033092841662,4.043580787788173,12.546750140628461,8.295165464208317,-4.251584676420144,8.096384419239975,-4.506370268792047,162.51315789473685,159.61290322580646,163.3986013986014,121,9,4.0,5.0,4.0,9.0,152.68818181818182,52.36363636363636,2025,0.9959511705206842,0.9959511705206842,2.3118181818181824,-15.398601398601386,-8.797297014336937,9.71640075250458,4.648296951353487,2.528983729718846,,,,,,,
1042500123,2025-09-18,2025,Playoffs,-2.0,172.0,2.5220867005361445,162.9903927564308,-2.339528397018711,-6.670078846550496,-4.504803621784603,2.1652752247658924,-5.099708201344903,1.6453129228744743,160.4794520547945,159.46666666666667,163.1904761904762,125,9,2.0,2.0,2.0,4.0,152.4626086956522,51.71739130434783,2025,1.0047228194077356,1.0047228194077356,13.937391304347813,8.809523809523796,1.6206684511237945,4.051020696376238,-7.609046876225641,-3.162350472619296,,,,,,,
1022500044,2025-06-01,2025,Regular Season,-11.0,161.0,-2.157835305857476,155.47158050116687,1.7974749859350396,-7.32589448476817,-2.7642097494165654,4.561684735351605,-5.260727467453492,3.140085375446546,163.525,163.58823529411765,163.525,16,6,3.0,2.0,2.0,5.0,150.42000000000002,56.866666666666674,2025,1.0068792060224114,1.0068792060224114,-0.9399999999999977,-2.5250000000000057,-1.871871445817594,-1.9867045869696192,4.280246988443038,-5.682398423109323,2.8105903061951025,7.6516425699008295,-5.909229254335017,0.8712066577829063,6.780435912117923,-2.7642097494165654,4.561684735351605
1022500052,2025-06-07,2025,Regular Season,27.0,163.0,-4.752620881151023,155.75652340416718,-19.1355020005269,11.892025404694095,-3.6217382979164015,-15.513763702610497,-5.973534637699174,-17.526164848357922,162.68627450980392,163.96774193548387,162.68627450980392,22,6,2.0,6.0,2.0,8.0,152.96380952380952,60.38095238095238,2025,1.001840378206898,1.001840378206898,-1.0438095238095002,0.3137254901960773,-2.770837206554755,3.633742591086266,-5.0400570343736515,-1.7963829878570312,0.9029522098458745,-15.906252999862616,10.339418201710501,-2.7834173990760576,-13.122835600786559,-3.6217382979164015,-15.513763702610497
1022500067,2025-06-14,2025,Regular Season,6.0,146.0,0.450038494060242,159.51275247102194,3.987247196500334,9.525505274521606,6.75637623551097,-2.769129039010636,5.279502397377996,-3.68525975359168,162.453125,161.32,162.453125,29,6,5.0,3.0,3.0,8.0,150.19644444444447,50.41111111111111,2025,1.0033381610678132,1.0033381610678132,-15.676444444444485,-16.453125,-0.8924614028662026,7.495563555269477,-3.2223985107126456,1.8987987556873667,3.5194524216585537,5.044920200225931,8.042452077722842,6.543686138974387,-1.4987659387484555,6.75637623551097,-2.769129039010636
1022500079,2025-06-19,2025,Regular Season,11.0,165.0,-0.524436228864728,162.33707701771323,-6.949023696537424,4.286100714250637,-1.3314614911433935,-5.61756220539403,-2.022409922223204,-6.8110219516807575,161.2941176470588,159.93333333333334,161.5064935064935,34,6,2.0,2.0,2.0,4.0,150.9818181818182,53.54545454545455,2025,1.001071710108129,1.001071710108129,2.1781818181817982,3.4935064935064872,1.6566785495936882,-0.5836964992989078,-2.398633560349346,-0.696758412168645,1.6254753274725249,-6.23994588014267,3.2180660410494966,-1.510939919546587,-4.7290059605960835,-1.3314614911433935,-5.61756220539403
1022500089,2025-06-22,2025,Regular Season,24.0,150.0,8.504348483572754,157.63314423067263,-4.63463327166815,12.267777502340778,3.8165721153363137,-8.451205387004464,1.6225602723816053,-7.5131576922884165,162.02941176470588,162.66666666666666,162.3452380952381,37,6,3.0,2.0,2.0,5.0,147.9858974358974,50.756410256410255,2025,0.9908420362448116,0.9908420362448116,18.014102564102586,-12.345238095238102,-1.448067113560998,-2.883105817415897,8.449348737594079,-2.495615534235578,13.007899877835456,-1.9850660499995314,11.103411298932912,4.55917262446669,-6.5442386744662215,3.8165721153363137,-8.451205387004464
1022500094,2025-06-25,2025,Regular Season,-3.0,159.0,-2.5281711106283025,164.97267735999313,3.587592854561393,2.3850845054317347,2.986338679996564,0.6012541745648292,3.057481916247802,-1.0977269985151779,163.1044776119403,163.6764705882353,162.31182795698925,40,6,3.0,3.0,3.0,6.0,151.4153846153846,59.230769230769226,2025,0.9971316228513348,0.9971316228513348,6.22461538461539,-3.311827956989248,3.7452709277966836,-6.327681934450851,0.4164088980272851,5.223484024874686,1.9311634332043175,5.411643936999596,0.4953513645647831,2.9534976507821895,2.4581462862174064,2.986338679996564,0.6012541745648292
1022500100,2025-06-27,2025,Regular Season,5.0,161.0,6.9143197180867375,159.2613132634384,-0.44989729911203824,-1.2887894374495659,-0.869343368280802,0.4194460691687638,-2.5833344300819974,0.9658000252305428,162.0909090909091,161.94285714285715,162.2164948453608,42,6,2.0,3.0,2.0,5.0,153.0285714285714,50.92857142857143,2025,1.0018342098616395,1.0018342098616395,7.091428571428594,-1.2164948453608133,-0.8974434998342913,-11.434276612686617,7.4197296170481195,2.328656065390792,5.998807944561557,1.4624917227896645,1.206693940242758,1.3345928315162112,0.12789889127345333,-0.869343368280802,0.4194460691687638
1022500108,2025-06-29,2025,Regular Season,27.0,141.0,-1.156152282730058,161.17373045095724,-3.8176776298225974,23.99140808077982,10.086865225478611,-13.904542855301209,9.09926882482145,-15.216680525613171,162.95652173913044,163.25,163.0,44,6,2.0,2.0,2.0,4.0,152.24366666666668,51.766666666666666,2025,1.0081314037619291,1.0081314037619291,-0.1636666666666997,-22.0,1.9034800577409001,4.88570574715369,0.6859731557908191,1.6241098641360483,1.0383775015103216,-3.373581971146095,22.643446006997777,9.634932017925841,-13.008513989071936,10.086865225478611,-13.904542855301209
1022500138,2025-07-14,2025,Regular Season,-1.0,155.0,-3.077089452797724,164.00222776729396,3.8538262157811687,5.148401551512791,4.50111388364698,-0.647287667865811,4.325372231999758,-2.450216745336242,163.65277777777777,163.28571428571428,163.08823529411765,59,7,2.0,5.0,2.0,7.0,153.24,59.3,2025,0.9981905119660728,0.9981905119660728,-7.28000000000003,-8.088235294117652,3.0441184307548372,-7.790963210253386,13.127242325107893,-4.055025313609588,2.510444867034784,4.791203411670395,1.5381497100935348,3.164676560881965,1.62652685078843,4.50111388364698,-0.647287667865811
1022500157,2025-07-25,2025,Regular Season,10.0,162.0,2.6935467316416366,159.68780859039413,-4.986768474970631,2.674577065364744,-1.1560957048029437,-3.8306727701676877,-2.6446399608500073,-4.244583445471598,163.81967213114754,164.07692307692307,162.9090909090909,70,7,9.0,3.0,3.0,12.0,155.93272727272728,51.32954545454545,2025,1.0069930745083566,1.0069930745083566,-8.572727272727263,-0.9090909090909065,-1.7594630087699974,-2.90105853684085,-1.2867581434717792,3.302639728232623,2.6845697482518824,-4.6116359372681615,3.027476943045272,-0.7920794971114447,-3.819556440156717,-1.1560957048029437,-3.8306727701676877
1022500190,2025-08-06,2025,Regular Season,-6.0,150.0,0.9321086975159504,159.24228183241115,8.047373990160466,1.1949078422507,4.621140916205583,3.426233073954883,3.0588143736353572,2.624303237680408,165.98591549295776,168.35897435897436,164.0,82,8,3.0,3.0,3.0,6.0,151.24822660098522,55.90394088669951,2025,1.004222507309326,1.004222507309326,-8.888226600985206,-14.0,-3.8826307613155846,15.482036471601397,-5.067035182074328,-3.4735561545761295,-0.5391794119842721,8.253857340233395,2.5633033427603493,5.408580341496872,2.845276998736523,4.621140916205583,3.426233073954883
1022500197,2025-08-09,2025,Regular Season,13.0,131.0,-0.7657136614318241,167.7682839951052,11.776873648312588,24.991410346792605,18.384141997552597,-6.607268349240009,19.161746496112144,-7.96595906087461,166.15714285714284,167.69230769230768,163.98979591836735,85,8,3.0,2.0,2.0,5.0,150.5103448275862,54.758620689655174,2025,0.9965844706754136,0.9965844706754136,-17.950344827586207,-32.98979591836735,7.412580079816188,1.8435124445867412,6.080338904805821,3.8253150669034,0.7055813212928814,12.35263248908953,24.343902019510494,18.348267254300012,-5.995634765210482,18.384141997552597,-6.607268349240009
1022500204,2025-08-11,2025,Regular Season,17.0,131.0,6.081503884180584,157.8250185021131,7.4556050332595305,19.36941346885358,13.412509251056555,-5.956904217797025,11.333655752316695,-5.568995444131907,165.97260273972603,166.2051282051282,163.85714285714286,87,8,2.0,1.0,1.0,3.0,149.288,51.4,2025,1.0012452964193703,1.0012452964193703,-13.408000000000015,-32.85714285714286,5.191534120390945,-0.17986878536170714,7.6181284433427034,-1.2961380260552486,3.643011222623925,8.403746381951976,22.195771168870607,15.299758775411291,-6.896012393459316,13.412509251056555,-5.956904217797025
1022500221,2025-08-17,2025,Regular Season,-16.0,142.0,-4.998497463977104,156.8550964236581,13.333744991694957,1.5213514319631258,7.427548211829041,5.906196779865915,5.377961936864466,3.8159446827481815,166.01408450704224,163.21621621621622,163.83333333333334,93,8,2.0,2.0,2.0,4.0,149.4181818181818,57.63636363636364,2025,1.0006179288086388,1.0006179288086388,-7.338181818181795,-21.833333333333343,-0.31815338639847823,4.755845683367475,-2.5162522878485696,3.456521927744043,-6.229839866949804,13.737073357447102,2.879021836662531,8.308047597054816,5.429025760392285,7.427548211829041,5.906196779865915
1022500226,2025-08-19,2025,Regular Season,-7.0,189.0,-1.673798202416542,158.7466567775034,-12.296450498221503,-17.956892724275107,-15.126671611248305,2.830221113026802,-16.754135510719877,1.4509114181136198,166.60526315789474,164.51351351351352,164.08597285067873,95,8,2.0,2.0,2.0,4.0,150.44666666666666,57.45187165775401,2025,1.004965286170213,1.004965286170213,13.153333333333364,24.91402714932127,-3.2297762031182833,-3.8575609260838544,-9.008349889051296,-0.6584484924664444,-2.4994024352280286,-12.88769813360453,-17.84068311913086,-15.364190626367694,2.476492492763164,-15.126671611248305,2.830221113026802
1022500253,2025-08-30,2025,Regular Season,37.0,161.0,4.109746068205805,153.83183207880512,-20.44412165873746,13.27595373754258,-3.5840839605974395,-16.86003769814002,-6.686334339775392,-16.835166311366088,163.91139240506328,165.16666666666666,164.0159362549801,106,8,6.0,2.0,2.0,8.0,146.68839916839914,47.38253638253639,2025,1.000315682297793,1.000315682297793,-6.8483991683991405,-3.0159362549800903,-2.019969669213224,-2.375071025455499,0.5992537726620846,-2.8905474177687496,3.499417335200574,-20.361969915253013,13.84037171434133,-3.2607991004558414,-17.10117081479717,-3.5840839605974395,-16.86003769814002
1022500257,2025-08-31,2025,Regular Season,12.0,138.0,-0.1319570041564997,161.90795798404827,5.991208212615945,17.916749771432308,11.953978992024126,-5.9627707794081815,11.137213473111771,-7.058990106646817,163.78048780487805,164.0,163.85882352941175,107,8,1.0,2.0,1.0,3.0,150.49994601889338,54.57624831309042,2025,1.0054023489973416,1.0054023489973416,-20.619946018893387,-25.85882352941175,2.708625670840796,2.403622720053045,5.361573518414804,0.6633915638031307,4.17889071441624,5.8325332976428115,14.31868944256803,10.07561137010542,-4.243078072462609,11.953978992024126,-5.9627707794081815
1022500261,2025-09-02,2025,Regular Season,8.0,124.0,1.540635954145089,161.78402699479085,15.62369354527884,22.160333449511995,18.892013497395418,-3.2683199521165776,17.998045233593828,-3.9849289519833917,163.50617283950618,162.30769230769232,163.81923076923076,109,9,2.0,3.0,2.0,5.0,147.32597435897435,57.40448717948718,2025,0.9933838320096902,0.9933838320096902,-14.165974358974353,-39.81923076923076,-2.3327696415050845,12.962383692807009,6.208308138923206,1.160123043368697,4.694681646264712,14.824816359989,18.89856787512184,16.86169211755542,-2.0368757575664205,18.892013497395418,-3.2683199521165776
1022500266,2025-09-04,2025,Regular Season,4.0,164.0,5.932378055814117,158.61876927501112,-2.193463020550638,-3.1877677044382438,-2.690615362494441,0.49715234194380287,-4.551861020329348,0.8352429070996621,162.725,160.64864864864865,163.61363636363637,111,9,2.0,3.0,2.0,5.0,152.50878048780487,51.392073170731706,2025,0.9970114833017716,0.9970114833017716,2.411219512195146,0.38636363636362603,-3.117671505156153,9.945938634816686,-3.8822442645936626,-7.49788388539622,3.160141259873653,-4.260749653465211,-2.87310536528571,-3.5669275093754607,-0.6938221440897507,-2.690615362494441,0.49715234194380287
1022500272,2025-09-06,2025,Regular Season,-6.0,150.0,-5.878455285399506,161.39892366674894,6.331701444938105,5.067222221810852,5.699461833374478,0.6322396115636266,4.89626085648613,-1.749123171352899,163.2875,163.19444444444446,163.73703703703703,113,9,2.0,2.0,2.0,4.0,148.4887804878049,55.14634146341463,2025,0.9937699086688144,0.9937699086688144,1.831219512195105,-13.737037037037027,0.4165932693100789,1.0023052297089947,4.243345723719655,-0.7659833662526037,-4.183016654345353,4.699262697622473,2.2052215333411027,3.4522421154817877,1.247020582140685,5.699461833374478,0.6322396115636266
1042500102,2025-09-17,2025,Playoffs,-1.0,149.0,-6.276113052623513,158.86785505076216,2.8488086718215584,7.019046378940601,4.93392752538108,-2.0851188535595213,3.459715990447137,-4.5044804347597704,160.8450704225352,160.06666666666666,163.29794520547946,124,9,3.0,3.0,3.0,6.0,148.45511111111114,55.22222222222222,2025,0.9969741542388332,0.9969741542388332,-9.095111111111123,-14.297945205479465,5.862147596715622,2.6706377784799145,0.6962688948058116,-5.769338279554212,,,,,,,
1022600045,2026-05-24,2026,Regular Season,-15.0,167.0,0.9998784062104128,176.06019568694632,12.82777732036476,-3.7675816334184447,4.530097843473158,8.297679476891602,7.493836897880229,7.1678217824705825,173.13953488372093,172.83333333333334,173.13953488372093,16,5,3.0,2.0,2.0,5.0,153.89066666666668,52.766666666666666,2026,1.000463039997804,1.000463039997804,-2.3706666666666933,-6.139534883720927,1.399739701647043,-7.242095990416939,11.200980825762272,2.135212360887855,0.13377385916107976,11.002078084124292,-4.756578475457616,3.1227498043333384,7.879328279790954,4.530097843473158,8.297679476891602
1022600047,2026-05-25,2026,Regular Season,-7.0,155.0,4.353186963563615,176.12297969219725,16.257795143834358,4.86518454836289,10.561489846098624,5.696305297735734,13.454244907623298,5.321160072684826,172.95652173913044,171.82857142857142,172.95652173913044,17,5,1.0,2.0,1.0,3.0,151.37333333333333,54.66666666666667,2026,1.00767639738828,1.00767639738828,-6.7733333333333405,-17.956521739130437,0.2824811552032145,7.431657100798429,6.148473042279459,-0.408366390657803,6.091998998535187,14.19742516802448,1.5740838907946966,7.8857545294095885,6.311670638614892,10.561489846098624,5.696305297735734
1022600049,2026-05-27,2026,Regular Season,10.0,158.0,-1.0417253947487355,171.20088339923433,1.4482072448748795,11.752676154359449,6.600441699617164,-5.152234454742285,8.309429732889072,-6.6432009173081354,172.45833333333334,171.2058823529412,172.45833333333334,19,5,2.0,3.0,2.0,5.0,152.61142857142858,51.71428571428571,2026,1.0016642526659851,1.0016642526659851,-10.771428571428572,-14.458333333333343,4.8837218625778185,-6.398329901266996,9.779874366897388,0.04416340468085744,-4.495863850655152,-0.25705892983486933,12.946986374804226,6.344963722484678,-6.6020226523195475,6.600441699617164,-5.152234454742285
1022600056,2026-05-29,2026,Regular Season,7.0,143.0,1.068384363128501,168.5985353918941,9.973222521794753,15.62531287009935,12.799267695947051,-2.8260451741522985,13.752328510136252,-3.7881868884833665,172.03636363636363,172.11428571428573,172.03636363636363,21,5,2.0,2.0,2.0,4.0,151.265,52.75,2026,1.0064962457846145,1.0064962457846145,-12.104999999999961,-29.03636363636363,0.5839602855912798,10.633110206616264,4.524797936378601,-1.9895399184498945,-4.596531971767776,6.466563875994225,16.929748475172204,11.698156175583215,-5.231592299588989,12.799267695947051,-2.8260451741522985
1022600070,2026-06-03,2026,Regular Season,15.0,179.0,1.2541719424286693,176.9625930314782,-7.596642912942656,5.5592359444208626,-1.0187034842608966,-6.577939428681759,2.181320781761343,-7.668882773901956,170.0,165.94736842105263,170.0,26,6,5.0,4.0,4.0,9.0,151.01777777777778,57.888888888888886,2026,1.0052047329467726,1.0052047329467726,8.182222222222208,9.0,7.269845949709467,3.166173549509919,-7.503778789497666,-0.7509199279603676,-0.19440183669207545,-10.510515357099294,4.033810139498357,-3.2383526088004686,-7.272162748298825,-1.0187034842608966,-6.577939428681759
1022600080,2026-06-06,2026,Regular Season,8.0,158.0,-1.0477658513643042,172.7134115698998,3.232820682203979,11.480590887695797,7.356705784949888,-4.123885102745909,9.47306603028732,-5.647079816699055,169.5921052631579,166.08333333333334,169.5921052631579,29,6,3.0,2.0,2.0,5.0,152.80933333333334,55.83333333333333,2026,0.9963122540480646,0.9963122540480646,9.390666666666647,-11.59210526315789,-1.824009004034016,13.380096551119209,-2.949853599256471,0.8668320824586082,-2.758981970576971,0.9276154383117188,10.726401765112655,5.827008601712187,-4.899393163400468,7.356705784949888,-4.123885102745909
1022600101,2026-06-14,2026,Regular Season,22.0,150.0,4.878833271073775,169.1017724966389,0.8229485378425636,18.278823958796323,9.550886248319443,-8.72793771047688,10.539563842604963,-8.841294395279562,170.525,170.8684210526316,170.8,37,6,3.0,2.0,2.0,5.0,149.7239160839161,46.47552447552447,2026,1.0078237055722632,1.0078237055722632,-5.003916083916067,-20.80000000000001,7.066714224962411,-3.4677352115194964,7.232314550737902,-0.2917297215758523,0.3085186779153164,-1.0395615057480683,20.2219795687526,9.591209031502267,-10.630770537250335,9.550886248319443,-8.72793771047688
1022600115,2026-06-19,2026,Regular Season,-3.0,169.0,7.836044891427286,166.79731281973864,3.855979669147871,-6.058666849409235,-1.101343590130682,4.957323259278553,-0.8105953077581987,5.557688923869556,169.9390243902439,174.625,171.31858407079645,42,6,2.0,2.0,2.0,4.0,148.98523076923078,46.728205128205126,2026,1.0098211438719928,1.0098211438719928,1.8947692307692137,-2.3185840707964473,1.2851298281617147,2.7121898146650025,-5.417222905286582,0.609307954701664,3.343061320339353,2.122700063037371,-4.058337413697473,-0.9678186753300508,3.0905187383674217,-1.101343590130682,4.957323259278553
1022600148,2026-07-03,2026,Regular Season,13.0,185.0,-6.164715374328226,171.39972236787463,-15.583097380650955,1.9828197485255714,-6.800138816062692,-8.782958564588263,-4.903349001615119,-11.432946043572223,175.71794871794873,178.73529411764707,173.03401360544217,56,7,5.0,5.0,5.0,10.0,152.08768421052633,49.33947368421053,2026,1.0049579269218758,1.0049579269218758,6.792315789473662,11.96598639455783,2.369491935460034,-0.8159770638715891,-12.676557852366852,6.219693979163276,-7.655752683367463,-17.81217929534516,1.1224797459492208,-8.34484977469797,-9.46732952064719,-6.800138816062692,-8.782958564588263
1022600157,2026-07-07,2026,Regular Season,-11.0,165.0,-3.4056316473074317,171.0030031825608,7.360174488794883,-1.3571713062340791,3.0015015912804017,4.358672897514481,4.7191706943231395,2.338808787122602,175.39473684210526,173.2,172.32051282051282,60,7,4.0,2.0,2.0,6.0,153.5657142857143,53.0,2026,1.0073236191744648,1.0073236191744648,2.394285714285701,-7.320512820512818,-1.7985735810765027,9.557078699111738,-3.5894354620665077,0.5501010383544089,-5.4809286312293475,5.567761714173997,-1.3472542519827897,2.1102537310956038,3.4575079830783935,3.0015015912804017,4.358672897514481
1022600199,2026-07-22,2026,Regular Season,1.0,189.0,3.938222810010956,174.85730744809624,-5.573787939742374,-8.56890461216139,-7.071346275951882,1.497558336209508,-4.508468921119373,1.0546894554933743,175.6081081081081,178.1578947368421,173.26530612244898,75,7,2.0,3.0,2.0,5.0,155.50153846153847,52.38461538461539,2026,1.0003955883948097,1.0003955883948097,8.058461538461529,15.734693877551024,-5.548707065530642,-0.5187682091577788,3.740022651839329,-2.1810162982702774,0.8727501983332528,-7.981153182437254,-8.332846230318069,-8.156999706377661,0.17584652394040745,-7.071346275951882,1.497558336209508
1022600065,2026-06-01,2026,Regular Season,-34.0,188.0,-3.2406080671777504,164.82208516382389,4.212346672947049,-27.39026150912315,-11.58895741808805,15.8013040910351,-11.539685390856526,13.94477923028456,170.77777777777777,167.11428571428573,170.77777777777777,24,6,3.0,3.0,3.0,6.0,152.98222222222222,44.09722222222222,2026,1.0019206659334934,1.0019206659334934,-2.382222222222225,17.22222222222223,-2.2102574813219587,-5.752518897957577,-0.42812104180447363,-3.1487879697725134,-2.4668219698510594,4.244422399759898,-27.980296020766005,-11.867936810503053,16.11235921026295,-11.58895741808805,15.8013040910351
1022600100,2026-06-13,2026,Regular Season,-9.0,213.0,0.3090667730232186,168.4339690758182,-17.428831344468506,-27.137199579713297,-22.2830154620909,4.854184117622395,-21.354359373002417,3.724214784896354,170.03846153846155,169.45945945945945,170.23958333333334,36,6,2.0,3.0,2.0,5.0,152.6042857142857,49.64285714285714,2026,1.0024887278266332,1.0024887278266332,23.11571428571429,42.76041666666666,2.8600080880322842,-17.09251348610684,-7.261710869849761,0.13985689492189435,-1.106732385738779,-17.640249825847107,-26.19836252995762,-21.919306177902364,4.279056352055257,-22.2830154620909,4.854184117622395
1022600111,2026-06-17,2026,Regular Season,-10.0,162.0,-7.23012104765641,167.50320788661332,4.945167287749328,0.5580405988640109,2.7516039433066695,2.1935633444426585,3.6272689407855268,-0.6170998551737199,169.0,171.94594594594594,170.67924528301887,40,6,4.0,2.0,2.0,6.0,154.69809523809522,47.4,2026,1.0060134574380808,1.0060134574380808,-12.538095238095224,-8.679245283018872,-2.274969310598416,5.440747964216596,-0.5595169782589586,1.021007265426305,-6.202320090926213,3.711380375750494,-1.4019753658192116,1.1547025049656412,2.5566778707848528,2.7516039433066695,2.1935633444426585
1022600118,2026-06-20,2026,Regular Season,20.0,166.0,4.709126797463537,159.9834746387523,-10.992996962124082,4.976471600876394,-3.0082626806238437,-7.984734281500238,-4.470032077615102,-7.950271974131013,170.109756097561,174.825,171.39655172413794,43,6,3.0,3.0,3.0,6.0,148.9425,49.4375,2026,1.0078770509262167,1.0078770509262167,2.9775000000000205,-5.396551724137936,-3.3425332003684876,-0.02085793258166646,-2.2406436196523174,1.1340026749873635,0.9433567753237246,-14.097315230529261,5.130987363469018,-4.483163933530122,-9.61415129699914,-3.0082626806238437,-7.984734281500238
1022600147,2026-07-02,2026,Regular Season,23.0,157.0,5.480825354331482,167.63053445465755,-3.691840462523018,14.322374917180582,5.315267227328782,-9.0071076898518,5.892069690855237,-8.954723168351421,175.58227848101265,181.34375,173.28472222222223,55,7,5.0,5.0,5.0,10.0,150.608,50.0,2026,1.0041030255463086,1.0041030255463086,-1.9680000000000177,-16.28472222222223,5.42965081169628,0.22264647706907326,-0.6679377374768833,0.9077101395667708,6.3632555908303114,-3.812934412559585,13.50418874198381,4.845627164712113,-8.658561577271698,5.315267227328782,-9.0071076898518
1022600158,2026-07-07,2026,Regular Season,-11.0,143.0,5.306700409984415,171.67507320854884,22.34040763074063,6.3346655778082095,14.337536604274419,8.00287102646621,16.007803030261144,7.933461917055709,175.39473684210526,173.2,172.32051282051282,60,7,5.0,4.0,4.0,9.0,156.6884761904762,47.12619047619047,2026,1.0012312175183415,1.0012312175183415,-21.32847619047618,-29.320512820512818,2.150893468981332,-3.658623513313902,12.44358051890687,5.07195255568684,3.2785889313458596,20.900842811935703,6.631974605393097,13.7664087086644,7.134434103271303,14.337536604274419,8.00287102646621
1022600163,2026-07-09,2026,Regular Season,-3.0,181.0,-1.3967309600483808,173.49821933947578,-2.5041756484578315,-4.997605012066387,-3.7508903302621093,1.2467146818042778,-1.4140923393278158,-0.371168926790169,175.4078947368421,172.23333333333332,172.12422360248448,62,7,2.0,1.0,1.0,3.0,154.9934199134199,51.64502164502164,2026,1.0039736336657752,1.0039736336657752,-5.193419913419888,8.875776397515523,9.737855135646866,-8.297509699531895,0.934130828527362,-3.7885686039701456,-0.7874316335330447,-3.169665105213028,-6.098786545785089,-4.634225825499058,1.4645607202860305,-3.7508903302621093,1.2467146818042778
1022600187,2026-07-17,2026,Regular Season,-13.0,179.0,2.20029418973152,160.22133136455273,-1.9146607963967455,-16.864007839050544,-9.389334317723645,7.474673521326899,-10.72131197045497,6.938672787268608,174.98684210526315,170.14285714285714,172.47802197802199,70,7,4.0,3.0,3.0,7.0,153.31933333333333,42.965,2026,1.0032458272129574,1.0032458272129574,0.9206666666666763,6.521978021978015,-2.916006845118395,5.2514019980451305,-12.199791106170803,-0.8569160172109052,2.142448368524747,-1.7315478070752732,-16.648937044563382,-9.190242425819328,7.458694618744055,-9.389334317723645,7.474673521326899
1022600193,2026-07-19,2026,Regular Season,9.0,135.0,0.4784753132889505,161.6589181591452,9.115977048724716,17.542941110420486,13.329459079572601,-4.213482030847885,12.429646362587484,-5.166998955144486,175.55263157894737,172.94736842105263,173.02116402116403,72,7,2.0,2.0,2.0,4.0,153.3564923076923,42.661538461538456,2026,1.0099248566346548,1.0099248566346548,-13.876492307692274,-38.021164021164026,-0.660855261702137,10.47385507412907,-3.0037498276620127,5.620396377822568,-0.6087716240486987,8.877647069528308,18.193895282045958,13.535771175787133,-4.658124106258825,13.329459079572601,-4.213482030847885
1022600209,2026-07-29,2026,Regular Season,2.0,180.0,-4.434607089747884,155.42835161485073,-15.173766629900953,-9.397881755248306,-12.28582419257463,-2.8879424373263234,-14.73430819354789,-4.821951230036703,176.28571428571428,183.79310344827587,174.19806763285024,82,7,7.0,9.0,7.0,16.0,151.34052910052912,54.732804232804234,2026,1.0049956220593734,1.0049956220593734,6.9394708994708765,5.80193236714976,-10.142128669283593,0.9095495261937945,-9.420213222770453,3.918484172312366,-4.139022809816529,-15.151418404943286,-9.613969784213396,-12.38269409457834,-2.768724310364945,-12.28582419257463,-2.8879424373263234
1022600043,2026-05-23,2026,Regular Season,-6.0,196.0,7.585165657443221,178.0506514432597,-2.392244953819457,-15.557103602920847,-8.974674278370152,6.582429324550695,-5.647644545265152,6.8965859858256096,172.75,173.64864864864865,172.75,15,5,6.0,2.0,2.0,8.0,151.104,43.4,2026,1.0011232872458409,1.0011232872458409,7.735999999999962,23.25,0.543948900502877,-13.066885880745566,10.206151268621781,-3.3308588336442435,6.899094390861065,-2.6238525759574003,-15.221188139060814,-8.922520357509107,6.298667781551707,-8.974674278370152,6.582429324550695
1022600078,2026-06-06,2026,Regular Season,5.0,163.0,-0.5800029592532325,165.18947933877513,-1.4877680262399053,3.6772473650150204,1.0947396693875575,-2.582507695627463,1.1731922079041084,-3.846704313193598,169.5921052631579,166.08333333333334,169.5921052631579,29,6,4.0,2.0,2.0,6.0,159.74266666666665,53.011111111111106,2026,1.0079889953297674,1.0079889953297674,-7.582666666666626,-6.59210526315789,-1.1278193856934875,-5.868257950193572,8.081619860329681,0.08764968346148949,0.7342775650281719,-2.40353210697495,1.780919302941271,-0.31130640201683946,-2.0922257049581106,1.0947396693875575,-2.582507695627463
1022600085,2026-06-08,2026,Regular Season,10.0,192.0,15.058732042670831,160.6183195085856,-14.349874117114652,-17.031806374299748,-15.6908402457072,1.340966128592548,-17.252945787061762,3.695761601943417,169.37974683544303,164.16666666666666,169.09756097560975,31,6,2.0,2.0,2.0,4.0,151.24466666666666,47.08333333333333,2026,1.003345179462212,1.003345179462212,9.915333333333336,22.902439024390247,-4.258920485672992,-8.35766502220051,-2.958202375716743,-1.6781579034715124,12.909176612842893,-15.827540827213525,-16.672367040072288,-16.249953933642907,0.42241310642938146,-15.6908402457072,1.340966128592548
1022600098,2026-06-13,2026,Regular Season,3.0,197.0,-0.3745985807658134,170.2503478085206,-14.768462408380742,-11.98118978309867,-13.374826095739706,-1.3936363126410356,-11.93923299266553,-2.714803205493645,170.03846153846155,169.45945945945945,170.23958333333334,36,6,2.0,4.0,2.0,6.0,156.28,43.25,2026,1.0030122459577149,1.0030122459577149,1.0,26.760416666666657,-4.424647764667328,-1.058720075133067,-5.629212799444659,-0.826652353420477,-1.0625603259481926,-17.737049654022343,-14.16608495742426,-15.951567305723302,-1.7854823482990412,-13.374826095739706,-1.3936363126410356
1022600120,2026-06-21,2026,Regular Season,19.0,165.0,0.2569983241036941,162.4595301959581,-10.559669533671567,8.019199729629662,-1.2702349020209525,-9.289434631650614,-1.9486962804406076,-10.309221143486859,170.67073170731706,176.66666666666666,171.78151260504202,44,6,4.0,2.0,2.0,6.0,157.54466666666667,54.49166666666667,2026,1.0057505736310297,1.0057505736310297,-20.22466666666668,-6.781512605042025,2.9087576976739546,5.191794824297844,-6.390881784811805,-3.658367017600601,-0.099949580565045,-11.682078716080937,7.270637897807205,-2.205720409136866,-9.476358306944071,-1.2702349020209525,-9.289434631650614
1022600127,2026-06-23,2026,Regular Season,-11.0,163.0,5.660872955190975,172.84400439315658,13.09631372941702,-3.2523093362604243,4.922002196578298,8.174311532838722,6.8976942862924915,8.160894999902666,171.57831325301206,178.17073170731706,172.11111111111111,46,6,2.0,2.0,2.0,4.0,151.65382352941177,51.11397058823529,2026,1.0093132919102046,1.0093132919102046,-4.093823529411765,-9.111111111111114,4.900074082873298,-2.434746877388399,7.650866147409147,-3.2184990666015536,4.893176997125127,11.25323052764206,-4.336125578067225,3.4585524747874175,7.794678052854643,4.922002196578298,8.174311532838722
1022600133,2026-06-25,2026,Regular Season,15.0,183.0,0.7055947393294852,171.17908377040075,-12.83501824840431,1.0141020188050618,-5.910458114799624,-6.924560133604686,-4.25313480573471,-8.02115345712965,171.89156626506025,177.65853658536585,172.09923664122138,48,6,2.0,3.0,2.0,5.0,157.6164705882353,47.82352941176471,2026,1.0078715032540335,1.0078715032540335,-6.0564705882353,10.900763358778619,-9.394425636572652,10.1344991743653,-5.8041402100712,0.8109318665438394,-0.09269444891295309,-13.944449360537249,0.6308961176672625,-6.656776621434993,-7.2876727391022555,-5.910458114799624,-6.924560133604686
1022600149,2026-07-03,2026,Regular Season,8.0,188.0,8.370536601593523,176.32787839369036,-5.961519466096647,-5.7106021402130125,-5.83606080315483,-0.12545866294181707,-2.9934324882184242,0.4009145607645692,175.71794871794873,178.73529411764707,173.03401360544217,56,7,5.0,5.0,5.0,10.0,157.75578947368422,45.78947368421053,2026,1.003168317649486,1.003168317649486,3.084210526315786,14.96598639455783,-8.513291156047423,7.185218276973844,0.8764759223800489,-2.5418355315248955,7.669325639288438,-5.9121222666353646,-5.103597611932088,-5.507859939283726,-0.40426232735163836,-5.83606080315483,-0.12545866294181707
1022600153,2026-07-05,2026,Regular Season,-16.0,152.0,5.041776540513223,182.17047717800008,25.6918958780262,4.478581299973854,15.085238589000028,10.606657289026174,19.588097851483845,10.263340169424374,176.34615384615384,177.71875,173.03973509933775,58,7,2.0,8.0,2.0,10.0,156.4035789473684,50.00263157894737,2026,1.0102830348104566,1.0102830348104566,-11.60357894736839,-21.039735099337747,1.425822968554609,6.103272967564866,11.672130902431299,0.3868710129330646,9.485191763954235,25.88681857397006,1.1002357813606238,13.493527177665342,12.393291396304718,15.085238589000028,10.606657289026174
1022600169,2026-07-11,2026,Regular Season,48.0,164.0,6.4883546892764405,167.79114976728425,-19.188411345769794,22.979561113054046,1.8955748836421265,-21.08398622941192,2.4892129505420755,-20.80773484075072,175.35064935064935,171.0,172.23353293413174,64,7,2.0,2.0,2.0,4.0,152.38347826086954,47.201581027667984,2026,1.00293509242266,1.00293509242266,1.1765217391304645,-8.233532934131745,5.3632787316115165,-5.806816389759174,-0.11202264263180695,3.0447732513215398,4.367888985369494,-20.259459082381326,23.690436150775383,1.7154885341970285,-21.974947616578355,1.8955748836421265,-21.08398622941192
1022600174,2026-07-12,2026,Regular Season,-34.0,184.0,5.374905043300188,178.95455994719651,17.157126155969465,-22.202566208772936,-2.5227200264017355,19.6798461823712,1.105595482465091,19.477259750144114,174.6315789473684,170.03333333333333,172.3294117647059,65,7,1.0,3.0,1.0,4.0,156.01541501976283,50.355731225296445,2026,1.0004998613986806,1.0004998613986806,-1.8554150197628303,11.670588235294105,-0.1116296859619661,-2.126964766840425,4.967272369014246,-1.62308243374676,8.455976037958438,18.22573124063544,-23.68487887980484,-2.729573819584701,20.95530506022014,-2.5227200264017355,19.6798461823712
1022600206,2026-07-28,2026,Regular Season,15.0,181.0,11.739669887349894,175.90250976919685,-4.778945517413277,-0.3185447133898833,-2.54874511540158,-2.230200402011697,0.09106043346155701,-0.935585246822221,175.67741935483872,179.84615384615384,173.6980198019802,81,7,6.0,6.0,6.0,12.0,152.66621082621083,51.19088319088319,2026,1.002724476355478,1.002724476355478,-5.226210826210831,7.301980198019805,-6.028589325563935,1.001827448410097,1.5873606624384067,3.530461648176984,15.645862703501683,-2.482192990417161,-1.329731535194469,-1.905962262805815,-0.5762307276113461,-2.54874511540158,-2.230200402011697
1022600069,2026-06-02,2026,Regular Season,-10.0,148.0,-6.484411821998163,178.03778629324376,17.738179303406795,12.29960698983696,15.018893146621878,2.719286156784918,18.711210036501043,-0.1382401852352757,170.4923076923077,167.02857142857144,170.4923076923077,25,6,3.0,2.0,2.0,5.0,154.45499999999998,45.25,2026,0.9985074426899984,0.9985074426899984,-1.5349999999999682,-22.49230769230769,-0.6437886069602783,4.355808916449707,13.064092387597057,1.9350973394145523,-5.985529564437103,15.124431311442407,9.491378885260772,12.30790509835159,2.8165262130908175,15.018893146621878,2.719286156784918
1022600075,2026-06-05,2026,Regular Season,-8.0,200.0,-4.355937102492592,174.30812189271012,-10.31581618074975,-15.376061926540132,-12.84593905364494,2.530122872895191,-10.21353507667316,0.2285669650384321,169.5068493150685,164.63888888888889,169.5068493150685,28,6,3.0,4.0,3.0,7.0,154.42666666666668,48.888888888888886,2026,1.006081234835692,1.006081234835692,6.73333333333332,30.493150684931493,2.887376444367451,-4.747891874913806,-6.62692303616803,-1.7260966099587725,-3.621809579724376,-10.742419635804339,-16.357046577745194,-13.549733106774767,2.8073134709704277,-12.84593905364494,2.530122872895191
1022600082,2026-06-07,2026,Regular Season,17.0,161.0,2.046073439919021,171.85549610506956,-1.9244225776124182,12.779918682681966,5.427748052534774,-7.352170630147192,7.232047312430588,-8.160360582323513,169.4,165.05405405405406,169.4,30,6,2.0,2.0,2.0,4.0,147.64666666666668,49.86666666666667,2026,1.0048862649155197,1.0048862649155197,18.71333333333334,-8.400000000000006,0.07974268947844632,10.77342190723704,-2.957347334189677,-0.6637699500952239,3.210009085907134,-1.634425148840748,12.115172761765209,5.24037380646223,-6.874798955302978,5.427748052534774,-7.352170630147192
1022600110,2026-06-17,2026,Regular Season,-16.0,182.0,-12.908785172987171,176.43862215893978,0.22888637574382642,-5.790264216804033,-2.7806889205301033,3.0095752962739297,0.6494662764430146,-1.2636729900934753,169.0,171.94594594594594,170.67924528301887,40,6,2.0,2.0,2.0,4.0,155.44,46.714285714285715,2026,1.002902745972592,1.002902745972592,-3.1999999999999886,11.320754716981128,-3.564125316142859,4.222039442732742,-4.078325725987366,4.069877875840497,-10.35776513793816,-0.5720035151417164,-8.571023233249974,-4.571513374195845,3.999509859054129,-2.7806889205301033,3.0095752962739297
1022600122,2026-06-21,2026,Regular Season,1.0,195.0,-3.73260195319256,175.17086449271545,-11.607091087905332,-8.222044419379216,-9.914567753642274,-1.6925233342630577,-7.066226949858752,-3.87115628688813,170.67073170731706,176.66666666666666,171.78151260504202,44,6,4.0,2.0,2.0,6.0,151.12366666666668,53.8875,2026,1.0066201333643183,1.0066201333643183,8.516333333333307,23.218487394957975,6.3166516576817,-4.792103850011916,-11.853660932463576,3.262886174935044,-1.1770161058984334,-10.233736529162954,-9.00273612720298,-9.618236328182967,-0.6155002009799873,-9.914567753642274,-1.6925233342630577
1022600156,2026-07-06,2026,Regular Season,-18.0,146.0,4.622486811337729,173.23840870240832,24.868862589212796,2.3695461131955255,13.61920435120416,11.249658238008635,15.728296008577658,10.994091869399227,176.06493506493507,176.80645161290323,172.84967320261438,59,7,9.0,2.0,2.0,11.0,152.94747474747476,52.282828282828284,2026,1.003233169353256,1.003233169353256,-0.18747474747476645,-26.849673202614383,4.068448456160924,6.393708669302159,6.268706839784567,-1.0025679566699903,7.387912311053468,26.386665507791747,1.5539488613292178,13.970307184560482,12.416358323231265,13.61920435120416,11.249658238008635
1022600161,2026-07-08,2026,Regular Season,14.0,198.0,-6.248400769136922,182.2374504603577,-16.977937996861215,1.2153884572189213,-7.881274769821147,-9.096663227040068,-3.064479209899851,-11.98668489935934,175.31578947368422,172.29032258064515,172.08860759493672,61,7,2.0,3.0,2.0,5.0,157.1502105263158,53.53421052631579,2026,1.00152246299393,1.00152246299393,16.889789473684203,25.911392405063282,3.6956012316743454,-3.540302900299789,-3.323224315664362,0.10344677438995697,-1.984886874925752,-15.166492510413278,-0.5291619621435188,-7.847827236278398,-7.318665274134879,-7.881274769821147,-9.096663227040068
1022600167,2026-07-10,2026,Regular Season,15.0,189.0,0.4688971407418427,178.1507061838006,-12.305569191582194,1.456275375382802,-5.424646908099696,-6.880922283482498,-1.884168791918448,-8.173149610636877,175.60526315789474,169.7,172.1219512195122,63,7,2.0,3.0,2.0,5.0,158.68200000000002,49.207142857142856,2026,1.0104020563457834,1.0104020563457834,4.597999999999985,16.878048780487802,4.556651803696763,-5.731222251700286,-0.7292719090783244,0.019673565163390805,0.8570648659949744,-11.751930206214553,1.6556757088312821,-5.048127248691635,-6.703802957522917,-5.424646908099696,-6.880922283482498
1022600197,2026-07-22,2026,Regular Season,-4.0,168.0,-1.0726344253876805,170.0536193426001,2.8382827966598967,-0.7846634540597961,1.0268096713000503,1.8114731253598464,2.4277329813348842,0.3369507454303573,175.6081081081081,178.1578947368421,173.26530612244898,75,7,3.0,3.0,3.0,6.0,153.34192592592592,50.391111111111115,2026,1.0075543955628632,1.0075543955628632,5.618074074074059,-5.265306122448976,1.8318680891069263,1.587554710795068,-4.952678170357768,3.960988351790659,1.4770918286852894,3.455083547777761,-2.257882179553377,0.598600684112192,2.856482863665569,1.0268096713000503,1.8114731253598464
1022600207,2026-07-28,2026,Regular Season,-4.0,222.0,-4.308531142019099,176.95017049015064,-21.921120738338374,-23.128708771510972,-22.524914754924673,0.6037940165862992,-19.182441596827758,-1.740991139106768,175.67741935483872,179.84615384615384,173.6980198019802,81,7,6.0,6.0,6.0,12.0,153.7014814814815,55.16096866096866,2026,1.010698846623772,1.010698846623772,-0.5814814814814895,48.301980198019805,6.735687764493524,-20.51519045051761,-5.910955580098104,0.508016669294435,-0.6105025099078152,-21.29766551724464,-25.515276374885985,-23.406470946065312,2.1088054288206735,-22.524914754924673,0.6037940165862992
1022600054,2026-05-28,2026,Regular Season,8.0,182.0,-2.560600916399748,174.86835357709543,-8.276139806392905,1.1444933834883244,-3.5658232114522903,-4.710316594940615,-0.8296436883618554,-6.618551906607436,171.73584905660377,172.05714285714285,171.73584905660377,20,5,4.0,5.0,4.0,9.0,156.1457142857143,45.523809523809526,2026,1.0082770395281635,1.0082770395281635,7.814285714285717,10.264150943396231,-0.2865211127850449,-4.492708496377059,4.343422878191667,-0.3938369573914162,-4.381969529387039,-10.244118427299213,0.7892854804342733,-4.72741647343247,-5.516701953866743,-3.5658232114522903,-4.710316594940615
1022600064,2026-06-01,2026,Regular Season,23.0,135.0,6.315228655383343,162.70117746256034,5.090587778798735,22.610589683761603,13.850588731280169,-8.760000952481434,13.078404700293092,-8.418908301659187,170.77777777777777,167.11428571428573,170.77777777777777,24,6,4.0,2.0,2.0,6.0,151.00722222222225,48.16666666666667,2026,1.0038631186406148,1.0038631186406148,9.032777777777767,-35.77777777777777,1.1380474407308583,9.67190315767906,7.290742084931498,-5.022287983048326,4.11346007606838,2.732242159172685,22.200228489056514,12.4662353241146,-9.733993164941914,13.850588731280169,-8.760000952481434
1022600093,2026-06-11,2026,Regular Season,15.0,155.0,6.626298294319636,165.63697539564902,0.7480227853160386,9.888952610332979,5.318487697824509,-4.57046491250847,5.3285478078971025,-4.2191538940381506,168.59493670886076,166.45945945945945,169.56666666666666,34,6,2.0,2.0,2.0,4.0,155.82573426573427,48.98601398601399,2026,1.005789336213214,1.005789336213214,-9.385734265734271,-14.566666666666663,4.173735359302584,8.444079535507534,-0.8018593293671472,-6.487407757545864,6.15482888884235,0.17546562840202284,9.738820063371747,4.957142845886885,-4.781677217484862,5.318487697824509,-4.57046491250847
1022600103,2026-06-15,2026,Regular Season,30.0,162.0,-2.806312892910169,171.59864838755755,-11.080107604269358,20.678755991826932,4.799324193778787,-15.879431798048145,6.66164965714524,-17.77633667300595,169.25641025641025,170.51282051282053,170.6764705882353,38,6,2.0,2.0,2.0,4.0,158.77846153846156,47.769230769230774,2026,1.0036453828161052,1.0036453828161052,-6.578461538461568,-8.676470588235304,0.8884913171176798,1.916464712564995,-0.26931512083211473,4.126008748294679,-0.05786361872237378,-10.665828038091249,18.859775660142347,4.096973811025549,-14.762801849116798,4.799324193778787,-15.879431798048145
1022600119,2026-06-20,2026,Regular Season,1.0,185.0,12.36666148255039,170.74916711110032,-2.199510777411234,-12.051322111488446,-7.12541644444984,4.925905667038606,-5.889464377568466,6.467039500198787,170.109756097561,174.825,171.39655172413794,43,6,3.0,3.0,3.0,6.0,158.54552380952381,46.73809523809524,2026,1.0074608409395365,1.0074608409395365,6.454476190476186,13.603448275862064,-2.6033177215933883,-4.813242952369839,-1.725983158031923,3.2530794544266874,11.151301939562577,-2.3753329143648187,-11.24017869798655,-6.807755806175685,4.432422891810866,-7.12541644444984,4.925905667038606
1022600141,2026-06-28,2026,Regular Season,-8.0,162.0,-4.278936968399017,169.45906804651463,6.192787774692206,1.26628027182241,3.729534023257308,2.463253751434898,5.054422152932354,0.2780128583284309,173.3294117647059,177.875,172.82142857142858,51,6,3.0,4.0,3.0,7.0,158.39777777777778,45.111111111111114,2026,1.0013163554023956,1.0013163554023956,1.682222222222208,-10.821428571428584,-1.0784766164588886,-0.33320108316956265,6.836079459033378,-0.36997960647257866,-3.1657641770531253,6.401743141354132,0.5674956349534312,3.4846193881537815,2.9171237532003502,3.729534023257308,2.463253751434898
1022600173,2026-07-12,2026,Regular Season,5.0,187.0,9.45103192703223,175.32383413391037,-4.033782180297877,-7.642383685791742,-5.838082933044809,1.8043007527469328,-3.2940895556249146,2.5947582428685294,174.6315789473684,170.03333333333333,172.3294117647059,65,7,2.0,2.0,2.0,4.0,160.16664031620553,47.5197628458498,2026,1.008249577719691,1.008249577719691,3.9133596837944538,14.670588235294105,2.999801995261074,-2.1760156710315055,-3.6678199093637005,-0.4500559704907743,8.469414155766085,-3.983651115349474,-6.810172388454177,-5.3969117519018255,1.4132606365523515,-5.838082933044809,1.8043007527469328
1022600191,2026-07-19,2026,Regular Season,8.0,172.0,10.718307264525624,177.71420640306934,3.7382662640340953,1.975940139035231,2.857103201534663,0.8811630624994322,6.011435953226439,1.9085433335619513,175.55263157894737,172.94736842105263,173.02116402116403,72,7,7.0,2.0,2.0,9.0,158.62166666666667,51.08333333333333,2026,1.009531946008691,1.009531946008691,-8.421666666666681,-1.0211640211640258,1.4983104014776831,5.669393443124644,-2.7765818837252354,1.6203139923493404,10.727799618521512,3.928156900384195,2.143337252135723,3.035747076259959,0.8924098241242362,2.857103201534663,0.8811630624994322
1022600183,2026-07-20,2026,Regular Season,-1.0,197.0,8.282454863762611,173.69838387170856,-7.366631527332885,-15.934984600958558,-11.650808064145721,4.284176536812836,-9.51380295525135,4.84435257862188,175.1315789473684,172.97435897435898,172.875,73,7,1.0,2.0,1.0,3.0,154.69760000000002,53.08,2026,1.0083663251841806,1.0083663251841806,23.782399999999996,24.125,-3.2219024631810624,-3.8821687237672258,1.4213915978519367,-3.8311233661549995,10.284371595232892,-8.326136671552845,-18.422234924585638,-13.374185798069242,5.048049126516396,-11.650808064145721,4.284176536812836
1022600208,2026-07-29,2026,Regular Season,-1.0,163.0,-1.8863502065151925,174.2113508113531,5.662915704432791,5.548435106920323,5.605675405676557,0.057240298756234154,8.147300341876338,-1.685579561245767,176.28571428571428,183.79310344827587,174.19806763285024,82,7,7.0,10.0,7.0,17.0,162.24034188034187,51.29059829059829,2026,1.006323554080528,1.006323554080528,-6.0803418803418765,-11.19806763285024,2.9724443846314417,15.973816675583642,-4.609294137553331,-6.189666580785418,-2.6124126363644367,5.234988122890442,5.735449717917817,5.4852189204041295,-0.25023079751368726,5.605675405676557,0.057240298756234154
1022600057,2026-05-29,2026,Regular Season,-5.0,179.0,1.8624880495187668,174.2393806157193,1.239666882554019,-6.0002862668347205,-2.380309692140351,3.6199765746943697,0.07060799798740192,2.721749446052506,172.03636363636363,172.11428571428573,172.03636363636363,21,5,2.0,6.0,2.0,8.0,149.49333333333334,45.0,2026,1.0060688018252242,1.0060688018252242,2.5866666666666447,6.963636363636368,1.3092581066017157,8.852039753858643,-12.051747136589078,1.9610572741161247,11.075711637216628,5.168810606380319,-9.756611409146572,-2.2939004013831266,7.4627110077634455,-2.380309692140351,3.6199765746943697
1022600067,2026-06-02,2026,Regular Season,18.0,162.0,2.853077543951492,165.22039244114006,-6.041094582719396,9.261487023859473,1.6101962205700389,-7.6512908032894345,1.606993498597312,-8.14214020151109,170.4923076923077,167.02857142857144,170.4923076923077,25,6,4.0,4.0,4.0,8.0,156.335,43.89285714285714,2026,0.994561580874152,0.994561580874152,1.7849999999999966,-8.49230769230769,6.772059019785198,-0.7899964590255593,-3.9337068946982185,-0.4413621674641126,-0.3833582501828692,-3.027012251092529,14.63069645417039,5.801842101538931,-8.82885435263146,1.6101962205700389,-7.6512908032894345
1022600084,2026-06-08,2026,Regular Season,-2.0,154.0,3.1647179348715224,171.91704477733305,11.573753927042702,6.34329085029033,8.958522388666516,2.615231538376186,10.7500735793097,2.057980716402625,169.37974683544303,164.16666666666666,169.09756097560975,31,6,2.0,2.0,2.0,4.0,154.8288888888889,46.43333333333334,2026,1.0096240009243873,1.0096240009243873,-14.108888888888913,-15.097560975609753,8.6652319688177,-8.437184707147683,8.346176496231589,2.175849821408087,6.155563789746042,13.472418970713775,5.698184460608189,9.585301715660982,3.887117255052793,8.958522388666516,2.615231538376186
1022600095,2026-06-12,2026,Regular Season,1.0,171.0,1.0325083150672625,174.8867717023265,2.2307161296709808,1.6560555726555322,1.9433858511632565,0.2873302785077243,4.5903519174671175,-0.8112248125725188,169.5875,168.25641025641025,170.46808510638297,35,6,4.0,2.0,2.0,6.0,154.892,46.95,2026,1.005632538257932,1.005632538257932,-6.531999999999982,0.5319148936170279,4.423435139895211,9.295507505034704,-7.407365391153807,-1.721225336308992,2.7386748765705153,3.3738749954912066,1.3433783662850942,2.3586266808881504,1.0152483146030562,1.9433858511632565,0.2873302785077243
1022600129,2026-06-24,2026,Regular Season,-2.0,154.0,-9.4143440846778,165.48606895333546,2.9852543331093386,8.500814620226137,5.743034476667738,-2.7577801435583993,6.132877072252285,-6.019705973740585,171.5185185185185,178.64102564102564,172.03937007874015,47,6,3.0,3.0,3.0,6.0,153.06854901960784,39.450980392156865,2026,1.0059269958325796,1.0059269958325796,0.49145098039215895,-18.03937007874015,-0.9283730563051771,2.0558852561780085,2.251372918102234,2.7539919542772147,-5.352232115317785,4.742570190213698,6.867648627313912,5.805109408763805,-1.062539218550107,5.743034476667738,-2.7577801435583993
1022600142,2026-06-28,2026,Regular Season,1.0,247.0,4.251645016912466,164.2130357956019,-39.98253843998117,-42.804425764416905,-41.39348210219904,1.4109436622178677,-41.70454792759226,1.255954572490893,173.3294117647059,177.875,172.82142857142858,51,6,2.0,2.0,2.0,4.0,149.1024148606811,46.11145510835914,2026,1.003917246664958,1.003917246664958,77.17758513931886,74.17857142857142,-6.702356969258588,-13.300874211320503,-23.394689851695624,1.6933731046824496,7.921700611950367,-38.53928205345231,-44.413088501770815,-41.47618527761156,2.936903224159252,-41.39348210219904,1.4109436622178677
1022600145,2026-07-02,2026,Regular Season,5.0,157.0,-6.372935564735525,167.41238709783386,0.2550980296348371,10.15728906819902,5.206193548916929,-4.951095519282092,6.034941058847139,-7.566655334301402,175.58227848101265,181.34375,173.28472222222223,55,7,4.0,5.0,4.0,9.0,157.54058479532165,45.97953216374269,2026,1.0028942403625816,1.0028942403625816,-5.260584795321648,-16.28472222222223,8.931860850222325,-2.4587534114151204,0.7939092232454499,-1.232075603205514,-6.114774831199453,0.9515389644347323,10.592392356476978,5.771965660455855,-4.820426696021123,5.206193548916929,-4.951095519282092
1022600154,2026-07-06,2026,Regular Season,-13.0,111.0,-5.774347960441897,159.11608725580908,28.187079137045686,19.929008118763406,24.058043627904546,4.12903550914114,22.637512176965537,1.8177296950889357,176.06493506493507,176.80645161290323,172.84967320261438,59,7,4.0,2.0,2.0,6.0,153.46145363408522,50.468671679197996,2026,1.0046445252466958,1.0046445252466958,-11.101453634085203,-61.84967320261438,9.90356777227298,11.501028595895686,5.3575553490161365,-4.124639540219261,-4.961043794983373,28.02409394618182,19.127567536006765,23.575830741094293,4.448263205087528,24.058043627904546,4.12903550914114
1022600172,2026-07-12,2026,Regular Season,5.0,163.0,1.337788142813897,162.78031297156733,-1.94236001758253,1.7226729891498564,-0.10984351421633676,-1.8325165033661932,-0.7302679238942957,-2.615188351544994,174.6315789473684,170.03333333333333,172.3294117647059,65,7,6.0,3.0,3.0,9.0,150.156,45.44166666666666,2026,1.0082063589254329,1.0082063589254329,9.884000000000015,-9.329411764705895,-0.18006929248586978,8.781488851439924,-5.171982985388677,-4.159704497459673,2.1509967922400244,-1.3351770649965005,1.6310744591501702,0.1479486970768349,-1.4831257620733354,-0.10984351421633676,-1.8325165033661932
1022600182,2026-07-16,2026,Regular Season,-19.0,131.0,1.7853088688268115,169.19832110665266,29.584102229336608,8.614218877316063,19.099160553326335,10.484941676010273,20.1949101265745,9.672188577391339,175.94736842105263,170.45945945945945,172.707182320442,69,7,2.0,2.0,2.0,4.0,151.90772727272727,47.48106060606061,2026,1.002623694011156,1.002623694011156,-6.827727272727287,-41.707182320442,6.033356810245221,5.980693684689399,7.195635417436478,0.9852242142033989,4.3403097884291775,30.779709949610975,7.6701889897674675,19.22494946968922,11.554760479921754,19.099160553326335,10.484941676010273
1022600200,2026-07-22,2026,Regular Season,1.0,199.0,-9.395508953775256,163.1809841339634,-22.206479661203332,-13.612536204833276,-17.909507933018304,-4.296971728185028,-18.140750784221844,-7.507610931521846,175.6081081081081,178.1578947368421,173.26530612244898,75,7,2.0,2.0,2.0,4.0,152.56,43.519999999999996,2026,1.011830697401605,1.011830697401605,6.840000000000003,25.734693877551024,-10.359648233489777,5.192656142898478,-5.204419558645387,-7.76933913498517,-10.216315531433743,-20.89084918144833,-11.74284232284316,-16.316845752145746,-4.574003429302586,-17.909507933018304,-4.296971728185028
1022600203,2026-07-28,2026,Regular Season,8.0,176.0,2.598711954733776,160.44413368158,-10.632689703069715,-4.923176615350258,-7.7779331592099865,-2.854756543859729,-9.060368509118206,-3.3054819142128053,175.67741935483872,179.84615384615384,173.6980198019802,81,7,6.0,6.0,6.0,12.0,153.63242165242164,37.84188034188034,2026,1.0029407090282705,1.0029407090282705,10.807578347578357,2.3019801980198054,-2.603082217195695,-9.350015363826678,1.4128429276163423,1.4798861442878262,1.2005518723673072,-9.901901372936052,-3.1301520947194206,-6.5160267338277365,-3.385874639108316,-7.7779331592099865,-2.854756543859729
1022600061,2026-05-30,2026,Regular Season,3.0,165.0,-8.521906579615298,169.59736403446124,-2.503313880874387,7.100677915335638,2.2986820172306253,-4.801995898105012,3.7720075719447834,-7.946624249107643,170.72881355932202,167.6,170.72881355932202,22,5,3.0,1.0,1.0,4.0,152.53841269841269,44.317460317460316,2026,1.0066210666444777,1.0066210666444777,5.541587301587299,-5.72881355932202,-3.522141350037213,-0.39801737135828397,9.460848812467415,-1.7686825191271265,-5.38034783631371,-1.3604845157928196,5.638333856712393,2.1389246704597866,-3.499409186252606,2.2986820172306253,-4.801995898105012
1022600083,2026-06-08,2026,Regular Season,-9.0,169.0,-8.41181677660921,163.43488394163802,-1.6644377148400764,-3.9006783435218892,-2.782558029180983,1.1181203143409064,-2.9712257927561367,-1.8759297144053946,169.37974683544303,164.16666666666666,169.09756097560975,31,6,3.0,2.0,2.0,5.0,152.22,47.21212121212122,2026,1.0021888377248784,1.0021888377248784,1.6599999999999966,-0.09756097560975263,-1.172753183239136,8.491392160524544,-8.318605222221663,-1.971259547819883,-1.1507900984310304,3.55548355763743,-4.90427392401341,-0.6743951831879897,4.22987874082542,-2.782558029180983,1.1181203143409064
1022600097,2026-06-13,2026,Regular Season,-10.0,160.0,-7.054936362580771,169.77761797846114,7.201787199917206,2.5758307785439456,4.888808989230576,2.31297821068663,6.372215876389021,-0.5046044245324595,170.03846153846155,169.45945945945945,170.23958333333334,36,6,3.0,2.0,2.0,5.0,158.71571428571428,46.904761904761905,2026,1.0093583673112374,1.0093583673112374,-10.395714285714291,-10.239583333333343,10.750930320642304,-6.557380891784548,6.64118970578275,-4.462523258251496,-3.6151932638400046,9.936783918343394,2.3420184376170994,6.139401177980247,3.7973827403631475,4.888808989230576,2.31297821068663
1022600107,2026-06-17,2026,Regular Season,-7.0,169.0,-4.671672682425871,160.61564247720312,-2.5730498848445507,-5.811307637952325,-4.192178761398438,1.6191288765538872,-5.237889101786507,-0.47418369217814416,169.0,171.94594594594594,170.67924528301887,40,6,4.0,3.0,3.0,7.0,154.12533333333334,38.983333333333334,2026,1.005388437605143,1.005388437605143,-7.805333333333351,-1.6792452830188722,-3.4829071960273827,-0.6165347381750435,-2.495379964178081,1.3569327965940006,-4.009495384982806,-0.2895600106620009,-4.237132763249505,-2.263346386955753,1.9737863762937522,-4.192178761398438,1.6191288765538872
1022600114,2026-06-19,2026,Regular Season,-4.0,198.0,-2.1796739001115304,170.39511238588693,-12.445312017584897,-15.159575596528157,-13.802443807056527,1.3571317894716302,-12.280566746144494,-0.3739383507949796,169.9390243902439,174.625,171.31858407079645,42,6,2.0,3.0,2.0,5.0,157.47716666666668,46.37083333333334,2026,1.002901795535721,1.002901795535721,9.922833333333301,26.681415929203553,4.882819597515589,-16.7645622050822,-2.2243728965524774,1.8255487579745844,1.2050597268553236,-9.779432016515628,-15.413036188397115,-12.596234102456371,2.8168020859407434,-13.802443807056527,1.3571317894716302
1022600123,2026-06-22,2026,Regular Season,29.0,155.0,3.872983132495596,169.14847162251553,-5.571892923183469,19.720364545699,7.074235811257765,-12.646128734441234,8.101848501458207,-12.98720442132479,171.40243902439025,177.475,171.84426229508196,45,6,3.0,2.0,2.0,5.0,158.50603921568626,41.72156862745098,2026,1.0033793445145414,1.0033793445145414,7.013960784313724,-16.84426229508196,-3.6722970214309907,5.301024099039195,3.694668964771882,2.778452459078118,5.613913146280609,-3.0046478347458248,20.69224947086684,8.843800818060508,-11.848448652806333,7.074235811257765,-12.646128734441234
1022600135,2026-06-26,2026,Regular Season,11.0,125.0,-0.1328009712728344,162.47014291870403,13.283421607677937,24.186721311026105,18.73507145935202,-5.451649851674084,18.069683600149794,-6.559532062949437,172.77906976744185,177.825,172.66417910447763,49,6,4.0,2.0,2.0,6.0,153.8813888888889,38.34722222222222,2026,1.0072447400676503,1.0072447400676503,-15.481388888888887,-47.664179104477626,9.134825542225226,1.065628396797118,7.104368737705407,0.7648609234220405,1.371927275476497,15.952212874654947,25.441322480106336,20.69676767738064,-4.744554802725695,18.73507145935202,-5.451649851674084
1022600146,2026-07-02,2026,Regular Season,-3.0,169.0,-1.858661668747353,163.23252765575347,-2.039004803841266,-3.7284675404052763,-2.883736172123271,0.8447313682820052,-3.298635999699229,-0.6677992742379502,175.58227848101265,181.34375,173.28472222222223,55,7,6.0,4.0,4.0,10.0,158.8715789473684,43.21052631578947,2026,1.011381695712445,1.011381695712445,-4.4315789473683935,-4.2847222222222285,-2.3455491537255213,0.18977647872522763,-0.19750130482216477,-0.9453620198767725,0.020401013873758922,-0.33242760214453426,-3.6603573622069234,-1.9963924821757288,1.6639648800311946,-2.883736172123271,0.8447313682820052
1022600160,2026-07-08,2026,Regular Season,-6.0,166.0,-7.388343598877083,163.3965281155316,-1.257910710382049,-1.345561174086356,-1.3017359422342025,0.04382523185215348,-1.5275544413340896,-2.718702994906195,175.31578947368422,172.29032258064515,172.08860759493672,61,7,2.0,2.0,2.0,4.0,157.60571428571427,39.904761904761905,2026,1.0112721676896987,1.0112721676896987,-8.84571428571428,-6.088607594936718,-5.721708386885069,-3.8824703119924884,3.618765491825492,4.457858765717976,-7.8553823242607566,-0.6944196679177708,-0.45229103692787476,-0.5733553524228228,-0.121064315494948,-1.3017359422342025,0.04382523185215348
1022600165,2026-07-10,2026,Regular Season,-15.0,143.0,-3.981238372331912,155.12085293054247,11.855130414473038,0.2657225160694452,6.060426465271242,5.794703949201796,3.517273038361978,3.969181006111498,175.60526315789474,169.7,172.1219512195122,63,7,2.0,2.0,2.0,4.0,155.68395256916995,49.53952569169961,2026,1.0087585276236213,1.0087585276236213,-24.483952569169958,-29.121951219512198,5.60769076865536,4.180420120922421,-10.599968885894482,4.329131034678678,-2.8694675634072446,12.850399323397966,0.2927052113744537,6.57155226738621,6.278847056011756,6.060426465271242,5.794703949201796
1022600177,2026-07-14,2026,Regular Season,3.0,177.0,3.027378613368616,167.72543646589574,-4.664819322041481,-4.609744212062779,-4.63728176705213,-0.027537554989351065,-3.9706264862392118,-0.5302121876162289,175.4078947368421,170.5625,172.78977272727272,67,7,4.0,3.0,3.0,7.0,154.09565217391304,46.08695652173913,2026,1.0087952247056953,1.0087952247056953,-9.055652173913046,4.2102272727272805,-0.5059334432583196,4.148003726385493,-1.1147552589048182,-6.497941510461563,5.75079842885654,-3.493195243398077,-5.710735009227719,-4.601965126312898,1.108769882914821,-4.63728176705213,-0.027537554989351065
1022600051,2026-05-27,2026,Regular Season,15.0,177.0,7.961579935130309,171.4847579427245,-6.6523289567065405,1.13708689943104,-2.7576210286377503,-3.89470792806879,-1.208174643961506,-3.3616983285272752,172.45833333333334,171.2058823529412,172.45833333333334,19,5,4.0,3.0,3.0,7.0,156.03733333333332,43.86666666666667,2026,1.003043787451137,1.003043787451137,-12.597333333333324,4.541666666666657,3.680595952607451,-4.375260392552363,-1.6246576898162601,1.1111474857996586,5.747599706201505,-6.907255935402759,2.6749561510651745,-2.1161498921687922,-4.791106043233967,-2.7576210286377503,-3.89470792806879
1022600073,2026-06-04,2026,Regular Season,3.0,171.0,0.4235366431051848,168.9544645192967,-2.110261465642253,0.06472598493894566,-1.0227677403516537,-1.0874937252905994,0.04301978809511553,-2.202278005699121,169.70422535211267,165.2972972972973,169.70422535211267,27,6,3.0,2.0,2.0,5.0,156.81333333333333,50.888888888888886,2026,1.0036770032715394,1.0036770032715394,4.946666666666658,1.2957746478873275,1.6245408975115918,-8.867948057183,9.119888585095783,-1.8334616373292567,1.4913880406729263,-4.022941452308956,-2.5530086160202075,-3.2879750341645817,-0.7349664181443742,-1.0227677403516537,-1.0874937252905994
1022600077,2026-06-06,2026,Regular Season,20.0,156.0,15.475964420853998,160.976568454198,-0.989575457998626,5.966143912196628,2.488284227099001,-3.477859685097627,1.011693806744411,-1.036311232842742,169.5921052631579,166.08333333333334,169.5921052631579,29,6,2.0,3.0,2.0,5.0,149.7010909090909,44.29090909090909,2026,1.0036169426425012,1.0036169426425012,0.8589090909090942,-13.59210526315789,4.198964697138142,-3.456614275402849,-2.618319222287541,2.8876626072966562,12.234546200074405,-3.1552072108401887,6.565862289446699,1.705327539303255,-4.860534750143444,2.488284227099001,-3.477859685097627
1022600087,2026-06-09,2026,Regular Season,24.0,176.0,6.886326420748092,169.86515226260292,-11.943248236738583,5.808400499341502,-3.0674238686985404,-8.875824368040043,-1.9258381565978695,-8.552175964153584,168.69230769230768,164.94594594594594,169.18823529411765,32,6,3.0,4.0,3.0,7.0,156.76545454545453,45.41818181818182,2026,1.0013999255301549,1.0013999255301549,3.554545454545462,6.811764705882354,-1.3527669010057988,3.988697277116657,3.3514467788662845,-7.913215311575002,7.457268980470805,-13.564185993945628,3.857417805809888,-4.85338409406787,-8.710801899877758,-3.0674238686985404,-8.875824368040043
1022600104,2026-06-15,2026,Regular Season,33.0,181.0,13.658093451039132,168.7748043322375,-16.688835610501002,4.463639942738453,-6.112597833881274,-10.576237776619728,-5.442045410655233,-8.703663147830547,169.25641025641025,170.51282051282053,170.6764705882353,38,6,2.0,2.0,2.0,4.0,150.62051282051283,46.107692307692304,2026,1.00376859606322,1.00376859606322,9.899487179487181,10.323529411764696,2.719192664816995,-1.4763378588405782,-11.389995720326905,4.705095503695256,10.571499699931532,-19.252304170554254,4.57275019666227,-7.339776986945992,-11.912527183608262,-6.112597833881274,-10.576237776619728
1022600121,2026-06-21,2026,Regular Season,-5.0,163.0,13.865131065608262,166.03885870882968,9.973632483343195,-6.934773774513516,1.5194293544148394,8.454203128928356,1.447964218121811,10.429286747874315,170.67073170731706,176.66666666666666,171.78151260504202,44,6,2.0,2.0,2.0,4.0,153.21357142857144,39.41964285714286,2026,1.0025216101976877,1.0025216101976877,-2.2935714285714255,-8.781512605042025,-0.6316364047244907,5.969106914866705,-5.553289403899857,1.6637831118794488,8.703594024683923,7.490132923503339,-5.090494640683701,1.1998191414098187,6.29031378209352,1.5194293544148394,8.454203128928356
1022600155,2026-07-06,2026,Regular Season,-1.0,179.0,11.364339982978546,162.09697037608709,-3.1198497730390358,-13.783179850873893,-8.451514811956464,5.3316650389174285,-9.51870050163322,6.8233954014772,176.06493506493507,176.80645161290323,172.84967320261438,59,7,3.0,4.0,3.0,7.0,157.58,39.650000000000006,2026,1.0064835742061036,1.0064835742061036,0.539999999999992,6.150326797385617,-2.1269220718261597,-5.75298961534229,1.7541647731293395,-3.3929535875941084,8.255490209021996,-4.6438417707349515,-12.698295777682574,-8.671068774208763,4.027227003473811,-8.451514811956464,5.3316650389174285
1022600168,2026-07-11,2026,Regular Season,5.0,175.0,9.125533444996892,172.660245313308,0.4444298033254199,-2.7841844900174237,-1.169877343346002,1.6143071466714218,0.6655361881297992,2.385738305458851,175.35064935064935,171.0,172.23353293413174,64,7,3.0,4.0,3.0,7.0,152.19272727272727,50.0,2026,1.0008354697666733,1.0008354697666733,5.887272727272716,2.7664670658682553,2.089270043897514,-12.124189435798543,10.986911179964846,-0.28645559993401504,11.047794621120133,1.0554993060975306,-3.7602541583618176,-1.3523774261321435,2.407876732229674,-1.169877343346002,1.6143071466714218
1022600176,2026-07-13,2026,Regular Season,4.0,204.0,10.701565266159086,166.14764635059322,-16.28803123181308,-21.564322417593715,-18.926176824703397,2.638145592890318,-18.885439179182058,3.8977924033923017,175.26923076923077,168.7,172.49425287356323,66,7,2.0,2.0,2.0,4.0,154.04239130434783,46.83333333333333,2026,1.0121701342937313,1.0121701342937313,-9.362391304347824,31.505747126436773,-7.78674976790034,-6.883673324193655,-4.6279097439323955,0.41289365684433266,10.04896366285956,-17.00940773667871,-21.70656455411472,-19.357986145396715,2.348578408718005,-18.926176824703397,2.638145592890318
1022600180,2026-07-15,2026,Regular Season,9.0,183.0,11.589211165750628,177.42190504709313,-2.0509383792401223,-3.5271565736667583,-2.7890474764534403,0.738109097213318,0.26376416845384654,1.9677971825680203,175.26315789473685,169.88235294117646,172.63483146067415,68,7,2.0,2.0,2.0,4.0,157.0071212121212,48.746212121212125,2026,1.0009863793936036,1.0009863793936036,-5.08712121212119,10.36516853932585,-2.4078297392808343,3.282726177250332,7.9794173243043325,-8.590549593819981,8.301326321005645,-3.3280553506451014,-2.0714003797651515,-2.6997278652051264,-0.628327485439975,-2.7890474764534403,0.738109097213318
1022600189,2026-07-18,2026,Regular Season,8.0,194.0,12.12101412284531,174.1176313431755,-8.548900561705437,-11.33346809511903,-9.941184328412234,1.3922837667067967,-7.7919114895097366,2.8092962276976507,175.9189189189189,171.86486486486487,172.94623655913978,71,7,3.0,2.0,2.0,5.0,153.8752,50.44,2026,1.005949947887355,1.005949947887355,6.924800000000005,21.053763440860223,8.42563285178195,-3.83408380140496,-12.0714298781789,-0.3120306617078208,11.661294939961335,-9.90949377664424,-12.219241554911548,-11.064367665777894,1.154873889133654,-9.941184328412234,1.3922837667067967
1022600204,2026-07-28,2026,Regular Season,7.0,193.0,13.953335865260163,178.86842027907295,-4.313015956824557,-9.818563764102507,-7.065789860463532,2.7527739036389747,-3.685498358902585,4.485927754576373,175.67741935483872,179.84615384615384,173.6980198019802,81,7,6.0,8.0,6.0,14.0,156.08846153846153,50.230769230769226,2026,1.005767237217902,1.005767237217902,3.43153846153848,19.301980198019805,2.391541443703166,-9.130927933200173,1.4843266462713025,1.5695614843231214,17.646942834342763,-3.298031320128416,-11.840768169324619,-7.5693997447265176,4.271368424598101,-7.065789860463532,2.7527739036389747
1022600072,2026-06-04,2026,Regular Season,12.0,154.0,1.786656629607573,173.22117129839933,4.678184008829902,14.542987289569425,9.610585649199663,-4.932401640369761,11.789361051847266,-5.826945953521758,169.70422535211267,165.2972972972973,169.70422535211267,27,6,5.0,2.0,2.0,7.0,157.81,55.625,2026,1.0048399750931043,1.0048399750931043,-10.650000000000006,-15.704225352112672,1.8828427450805254,-2.0755938134143648,10.961278936995836,1.0208331831852657,1.0968255152449893,4.208988361232144,14.662958855149725,9.435973608190935,-5.22698524695879,9.610585649199663,-4.932401640369761
1022600091,2026-06-11,2026,Regular Season,8.0,220.0,8.516960994039486,167.872522588782,-26.30073145373403,-25.826745957483965,-26.063738705608998,-0.2369927481250329,-25.501360775449072,0.494941473433812,168.59493670886076,166.45945945945945,169.56666666666666,34,6,3.0,2.0,2.0,5.0,156.39060606060605,49.10606060606061,2026,1.0037850735050948,1.0037850735050948,37.96939393939397,50.43333333333334,-10.888678244612748,-1.2674223511310734,-12.620550094872762,-0.7247100848324939,6.991102825008911,-26.58732405608042,-24.869059614824238,-25.72819183545233,-0.8591322206280907,-26.063738705608998,-0.2369927481250329
1022600106,2026-06-16,2026,Regular Season,22.0,204.0,7.130757790770723,178.29221236753975,-20.455889502496106,-5.251898129964147,-12.853893816230126,-7.60199568626598,-9.449919668077698,-7.395213543488438,168.90123456790124,170.15,170.36190476190475,39,6,3.0,2.0,2.0,5.0,157.9171428571429,54.532967032967036,2026,1.004211120088151,1.004211120088151,8.962857142857104,33.63809523809525,1.0176379848303494,-11.375557830409944,-1.8597702692924507,2.76777044679435,7.139473484945369,-20.758814105165584,-5.538043957838866,-13.148429031502225,-7.610385073663359,-12.853893816230126,-7.60199568626598
1022600113,2026-06-18,2026,Regular Season,-7.0,209.0,-1.496865480630721,171.16302227355766,-15.761155667611561,-22.075822058830795,-18.918488863221178,3.157333195609617,-17.20776527217138,1.564529356366812,169.6829268292683,173.1951219512195,170.98214285714286,41,6,2.0,4.0,2.0,6.0,159.46615384615384,55.41208791208791,2026,1.0014213503830378,1.0014213503830378,0.6938461538461809,38.01785714285714,-6.873928901577914,1.9886738867664864,-11.195425061504796,-1.1270851958551527,-2.2209722999622548,-16.468354652090554,-22.147742134408603,-19.308048393249578,2.8396937411590244,-18.918488863221178,3.157333195609617
1022600125,2026-06-22,2026,Regular Season,9.0,163.0,6.865217718635742,171.4380742863732,2.8665155640911024,5.5715587222820915,4.219037143186597,-1.3525215790954945,5.784649667210211,-1.0657309877184602,171.40243902439025,177.475,171.84426229508196,45,6,2.0,2.0,2.0,4.0,154.62632352941176,51.595588235294116,2026,1.0037996852050852,1.0037996852050852,-0.6263235294117635,-8.844262295081961,-0.5764424981615761,2.9756774188502693,4.291649924731487,-0.9062351782099713,8.109569140421092,1.8850349088508978,3.6706624991429777,2.7778487039969377,-0.89281379514604,4.219037143186597,-1.3525215790954945
1022600128,2026-06-24,2026,Regular Season,-2.0,220.0,7.227341271677263,171.45522240551094,-19.973661289899297,-28.571116304589765,-24.27238879724453,4.298727507345234,-22.711650459544643,4.666807861366223,171.5185185185185,178.64102564102564,172.03937007874015,47,6,2.0,2.0,2.0,4.0,154.58366013071895,52.029411764705884,2026,0.998945703149101,0.998945703149101,0.2963398692810415,47.96062992125985,-3.1424020283920413,-4.340178435069365,-13.49959762432572,-1.7294723717575171,7.771201831213679,-20.888784408886053,-29.849954430648893,-25.369369419767473,4.48058501088142,-24.27238879724453,4.298727507345234
1022600139,2026-06-27,2026,Regular Season,24.0,198.0,6.779982587903357,185.01133474646892,-15.105380127487479,2.1167148739564254,-6.494332626765527,-8.611047500721952,-1.2721937075706506,-8.620465011605106,172.98809523809524,177.8048780487805,172.5036496350365,50,6,3.0,2.0,2.0,5.0,156.80196078431374,54.44117647058823,2026,1.008604418120128,1.008604418120128,10.958039215686256,25.49635036496349,-1.662895868692834,6.774428285495665,-5.165633893380242,-1.2180922309932454,3.5046495354339307,-16.636834335823323,3.328030323626521,-6.654402006098401,-9.982432329724922,-6.494332626765527,-8.611047500721952
1022600181,2026-07-15,2026,Regular Season,-13.0,163.0,3.838574322814916,164.6646896420301,9.080376335791655,-7.415686693761529,0.832344821015063,8.248031514776592,0.6537027542242555,7.990699846612728,175.26315789473685,169.88235294117646,172.63483146067415,68,7,3.0,5.0,3.0,8.0,155.47992753623188,57.93115942028986,2026,1.0075368692120252,1.0075368692120252,-13.319927536231859,-9.63483146067415,0.5994952223068966,1.1465634530028943,0.6823722513839385,-1.774728172469478,2.8917053012939986,7.446253438593203,-8.163461474311049,-0.35860401785892293,7.804857456452126,0.832344821015063,8.248031514776592
1022600184,2026-07-17,2026,Regular Season,3.0,217.0,11.753333249681967,174.58707500562076,-17.4578136165088,-24.955111377870438,-21.20646249718962,3.7486488806808183,-18.92116602114718,5.073188726935193,174.98684210526315,170.14285714285714,172.47802197802199,70,7,2.0,2.0,2.0,4.0,153.9996153846154,52.75,2026,1.0051851683052755,1.0051851683052755,15.560384615384606,44.521978021978015,-4.4356435676194215,0.4203610997499023,-14.378455827618218,-0.5274277256594475,8.512179448743332,-19.60814304101497,-24.341502529034642,-21.974822785024806,2.3666797440098364,-21.20646249718962,3.7486488806808183
1022600188,2026-07-18,2026,Regular Season,20.0,196.0,6.364582603175027,177.83558659286945,-16.012790814178658,-2.1516225929518953,-9.082206703565276,-6.930584110613381,-5.7810879327866544,-6.887215499241698,175.9189189189189,171.86486486486487,172.94623655913978,71,7,1.0,6.0,1.0,7.0,153.35533333333333,55.66333333333333,2026,1.0084355578197084,1.0084355578197084,5.524666666666661,23.053763440860223,-0.15718948312412273,-12.172291271088298,6.109085472069356,0.43930734935640436,4.558570888602284,-18.26417442276518,-2.780305407779224,-10.522239915272202,-7.741934507492978,-9.082206703565276,-6.930584110613381
1022600201,2026-07-22,2026,Regular Season,35.0,211.0,6.995100683297507,173.02418628266844,-33.25393730993669,-4.721876407394859,-18.987906858665774,-14.266030451270915,-16.998673775854066,-13.982326208149509,175.6081081081081,178.1578947368421,173.26530612244898,75,7,4.0,3.0,3.0,7.0,156.64461538461538,45.15384615384616,2026,1.0044303367381018,1.0044303367381018,13.835384615384612,37.734693877551024,3.0993411767817207,-7.513410651200389,-15.366767629213289,2.782163327777893,3.0705797020902947,-35.95098781126346,-4.064917148538839,-20.00795247990115,-15.94303533136231,-18.987906858665774,-14.266030451270915
1022600052,2026-05-27,2026,Regular Season,10.0,132.0,11.497564187140068,163.44526658227971,15.637328621482311,15.807937960797418,15.722633291139864,-0.08530466965755323,15.014954082939205,1.4089457691507121,172.45833333333334,171.2058823529412,172.45833333333334,19,5,2.0,2.0,2.0,4.0,155.01,45.464285714285715,2026,0.9991962600914862,0.9991962600914862,-20.769999999999982,-40.45833333333334,1.2541801418817062,9.508454598181,4.868668479701782,-0.6163491368252842,10.316878603337504,14.919044283817271,16.09139875837576,15.505221521096516,-0.5861772372792444,15.722633291139864,-0.08530466965755323
1022600059,2026-05-29,2026,Regular Season,-20.0,152.0,2.1829613424373555,166.2872784362218,18.234878960970946,-3.94760052474912,7.143639218110913,11.091239742860033,7.4452344823458745,10.427542441486644,172.03636363636363,172.11428571428573,172.03636363636363,21,5,2.0,2.0,2.0,4.0,152.79500000000002,51.41666666666667,2026,1.0002548480004183,1.0002548480004183,-16.475000000000023,-20.03636363636363,2.231023853380595,-2.073101156154358,5.394167260143899,1.8931445249757286,0.2434011120842572,17.43453218736765,-3.1321116410343564,7.151210273166647,10.283321914201004,7.143639218110913,11.091239742860033
1022600062,2026-05-30,2026,Regular Season,16.0,184.0,-7.680441444753431,171.1727272200558,-17.33283978790753,4.505567007963336,-6.413636389972098,-10.919203397935433,-4.538234070245856,-13.90627460224767,170.72881355932202,167.6,170.72881355932202,22,5,1.0,2.0,1.0,3.0,154.0126984126984,53.87301587301587,2026,1.0006893738674885,1.0006893738674885,-1.8126984126984098,13.27118644067798,-6.580215638698519,4.121625463298386,-3.0895581402143044,1.0099142453685765,-7.970361729432944,-18.82621765666545,3.3614596367909684,-7.73237900993724,-11.093838646728209,-6.413636389972098,-10.919203397935433
1022600076,2026-06-05,2026,Regular Season,-6.0,150.0,0.39730636948559,162.92593715612793,9.741519238297968,3.1844179178299754,6.462968578063972,3.2785506602339964,5.906399346873741,2.2808781364864785,169.5068493150685,164.63888888888889,169.5068493150685,28,6,3.0,2.0,2.0,5.0,149.59272727272725,49.36363636363636,2026,1.0029188209435096,1.0029188209435096,-13.43272727272722,-19.506849315068507,0.9182833974266993,0.5532692725356405,7.571751227733969,-3.136904550822563,-1.2407672267181902,9.114112595086041,3.917873891316958,6.5159932432015,2.5981193518845416,6.462968578063972,3.2785506602339964
1022600094,2026-06-11,2026,Regular Season,-16.0,194.0,-8.193906758467046,165.88428915572305,-9.29894517047805,-18.816765673798898,-14.057855422138474,4.758910251660424,-13.592787621308837,1.7640019315679112,168.59493670886076,166.45945945945945,169.56666666666666,34,6,4.0,3.0,3.0,7.0,151.66797202797204,47.93006993006993,2026,0.998085065919784,0.998085065919784,6.372027972027979,24.433333333333337,-0.11389283274129092,-6.073947020696021,-5.354352770426189,-2.050594997445339,-5.660369685674008,-8.888890386523016,-20.467552559093463,-14.67822147280824,5.789331086285223,-14.057855422138474,4.758910251660424
1022600099,2026-06-13,2026,Regular Season,1.0,167.0,-4.854119976756163,166.47325024753374,-2.600735616777115,2.073985864310856,-0.2633748762331294,-2.3373607405439856,0.2727245689977664,-4.591342831609531,170.03846153846155,169.45945945945945,170.23958333333334,36,6,2.0,2.0,2.0,4.0,152.5395238095238,49.76190476190476,2026,1.005920344025334,1.005920344025334,6.620476190476182,-3.239583333333343,-0.8785813782478238,-8.029596892551135,8.036279947508053,1.1446228922886743,-3.7639226822600387,-2.438662458095081,1.3503930820811973,-0.5441346880069418,-1.894527770088139,-0.2633748762331294,-2.3373607405439856
1022600112,2026-06-17,2026,Regular Season,5.0,183.0,3.7538495240009846,160.98764964895696,-11.868487061765052,-10.143863289277988,-11.00617517552152,-0.8623118862435319,-12.172556284463319,-1.0637064659279716,169.0,171.94594594594594,170.67924528301887,40,6,2.0,5.0,2.0,7.0,146.44316666666668,51.39583333333333,2026,1.004226339445032,1.004226339445032,10.796833333333325,12.320754716981128,-5.603971009586389,-11.032657635487842,4.772501127605974,-0.3084287669950727,3.0084073504520674,-12.494710839205212,-10.124074980941359,-11.309392910073285,-1.1853179291319265,-11.00617517552152,-0.8623118862435319
1022600164,2026-07-09,2026,Regular Season,-8.0,168.0,-8.613993953884837,174.4435786620473,3.98031766689418,2.463260995153078,3.221789331023629,0.758528335870551,6.002261760652175,-2.505758464068279,175.4078947368421,172.23333333333332,172.12422360248448,62,7,5.0,4.0,4.0,9.0,153.62285714285713,50.28571428571429,2026,1.005655577433256,1.005655577433256,-13.14285714285711,-4.124223602484477,0.5744317050956083,-1.625091528923436,6.918034460315646,0.1348871241643539,-8.241668908834347,3.3479474591591014,1.5823539239604685,2.465150691559785,0.8827967675993165,3.221789331023629,0.758528335870551
1022600202,2026-07-22,2026,Regular Season,-4.0,198.0,-6.432698867322695,174.742948416035,-11.954928903240884,-11.302122680724125,-11.628525791982504,-0.3264031112583794,-8.824624604284708,-3.1050325386682402,175.6081081081081,178.1578947368421,173.26530612244898,75,7,4.0,2.0,2.0,6.0,156.0676923076923,52.34615384615385,2026,1.006068882416148,1.006068882416148,-1.0276923076922913,24.734693877551024,-1.417899827911417,-6.722962461942002,1.8978023674588904,-2.58156468189018,-7.388757328469757,-13.284789369135325,-11.762139384959312,-12.523464377047318,-0.7613249920880065,-11.628525791982504,-0.3264031112583794
1022600040,2026-05-22,2026,Regular Season,18.0,136.0,3.8812324328469527,160.94829104791074,5.164111691357377,19.78417935655338,12.474145523955379,-7.310033832598002,11.293829414580216,-7.4819071055513575,174.24324324324326,174.24324324324326,174.24324324324326,14,5,2.0,2.0,2.0,4.0,156.50533333333334,43.3,2026,0.999960119593769,0.999960119593769,-20.865333333333353,-38.243243243243256,5.687335300335485,1.137046998296686,4.389976788795906,0.07947032715214619,5.837613947132822,6.350532294641738,19.31101606575764,12.83077418019969,-6.480241885557952,12.474145523955379,-7.310033832598002
1022600053,2026-05-27,2026,Regular Season,-14.0,142.0,2.088009109451044,164.84308578646227,19.44374353676274,3.3993422496995436,11.421542893231141,8.022200643531598,11.336810660543094,7.366568547932346,172.45833333333334,171.2058823529412,172.45833333333334,19,5,3.0,3.0,3.0,6.0,149.37714285714287,42.885714285714286,2026,1.0006635337395036,1.0006635337395036,-4.977142857142866,-30.458333333333343,7.678953269139905,4.349601133551944,-1.5377593036793211,0.8460155615305696,-4.057787743272875,16.462686978690655,5.573214137593254,11.017950558141955,5.4447364205487006,11.421542893231141,8.022200643531598
1022600071,2026-06-03,2026,Regular Season,-4.0,140.0,-3.774107283999702,157.4025160204877,9.128837104338302,8.273678916149393,8.701258010243848,0.4275790940944546,6.766961892090492,-1.397809073694475,170.0,165.94736842105263,170.0,26,6,2.0,2.0,2.0,4.0,149.476,47.7,2026,1.0056195040341478,1.0056195040341478,1.603999999999985,-30.0,5.901476488451692,5.045675537684076,-0.554969268457258,-3.6252208655880245,-3.3207882124619967,9.020544865562883,7.810893107457275,8.415718986510079,0.6048258790528038,8.701258010243848,0.4275790940944546
1022600090,2026-06-10,2026,Regular Season,-5.0,171.0,-5.051902013570139,167.769729163474,-1.0084556762617751,-2.2218151602642138,-1.6151354182629944,0.6066797420012193,-0.72480474945813,-1.7183492271451257,168.05194805194805,165.1,169.11363636363637,33,6,2.0,3.0,2.0,5.0,149.5862937062937,50.41258741258741,2026,1.0046435277772956,1.0046435277772956,7.453706293706318,1.886363636363626,-1.4658364872966683,-1.332392628112327,3.0386198394141353,-0.9651954734632722,-5.2166112710782375,-0.9301280687488571,-2.0177427839619497,-1.4739354263554034,0.5438073576065463,-1.6151354182629944,0.6066797420012193
1022600096,2026-06-12,2026,Regular Season,-4.0,148.0,-12.1682945990574,158.9135239801899,2.4172663367852607,8.496257643404647,5.456761990094954,-3.039495653309693,4.149274488183131,-6.788164494792873,169.5875,168.25641025641025,170.46808510638297,35,6,2.0,3.0,2.0,5.0,153.20904761904762,57.41666666666667,2026,0.9969852616096228,0.9969852616096228,-3.1690476190476033,-22.468085106382972,-1.3529450664748524,4.293752333417974,3.153709004940284,-1.9452417837002778,-9.980372825227017,2.72881531654248,7.031435471321856,4.880125393932168,-2.151310077389688,5.456761990094954,-3.039495653309693
1022600126,2026-06-22,2026,Regular Season,-2.0,222.0,-10.65928860384716,162.4459512147153,-33.11562093323299,-26.438427852051717,-29.777024392642353,-3.338596540590636,-30.173035669457633,-6.819151254861893,171.40243902439025,177.475,171.84426229508196,45,6,2.0,2.0,2.0,4.0,153.20132352941175,50.09926470588235,2026,1.0048296272030453,1.0048296272030453,25.998676470588236,50.15573770491804,0.39749643103857757,-7.479755623022083,-19.254765384490288,-3.8360110929838322,-9.431394075981352,-32.43990173327752,-26.7989171691153,-29.61940945119641,-2.820492282081112,-29.777024392642353,-3.338596540590636
1022600134,2026-06-25,2026,Regular Season,11.0,187.0,-7.226943987440717,168.26619947680948,-17.65644250293947,-1.0773580202510544,-9.366900261595262,-8.289542241344208,-8.28590035530297,-11.115059695344769,171.89156626506025,177.65853658536585,172.09923664122138,48,6,3.0,2.0,2.0,5.0,148.49333333333334,53.94444444444444,2026,1.001871722257783,1.001871722257783,12.906666666666638,14.900763358778619,2.726880627854726,2.478218791969452,-14.242419097877324,0.751419322750174,-4.621273764542793,-17.167633433768216,-2.713326401919403,-9.94047991784381,-7.227153515924407,-9.366900261595262,-8.289542241344208
1022600140,2026-06-27,2026,Regular Season,15.0,195.0,-9.420725300403031,166.14792203669805,-25.67297165675609,-3.1791063065458616,-14.426038981650976,-11.246932675105114,-13.85784021211716,-14.52380369273191,172.98809523809524,177.8048780487805,172.5036496350365,50,6,2.0,1.0,1.0,3.0,155.61894736842106,51.95906432748538,2026,1.0093674743131382,1.0093674743131382,-2.378947368421052,22.49635036496349,-3.0150453247722844,-3.985110023331364,-7.738773897179659,0.8810890331661492,-9.07778846861113,-25.657412842862527,-3.4393679301994524,-14.54839038653099,-11.109022456331537,-14.426038981650976,-11.246932675105114
1022600151,2026-07-04,2026,Regular Season,-5.0,149.0,0.4924723207723502,172.26202771043577,14.639744122910272,8.622283587525459,11.631013855217866,3.008730267692407,13.585480997211711,1.8419892699612248,176.4102564102564,179.6060606060606,173.21476510067114,57,7,2.0,6.0,2.0,8.0,150.8058095238095,53.221428571428575,2026,1.003747038614914,1.003747038614914,7.114190476190515,-24.214765100671144,-4.286727526985379,13.309245416964497,3.0389414010214395,1.5240217062111505,0.6589522508744119,13.350034408351036,7.30041727404469,10.325225841197863,3.0248085671531726,11.631013855217866,3.008730267692407
1022600196,2026-07-20,2026,Regular Season,-3.0,207.0,-10.847366109868052,170.7862962492762,-20.85361848930701,-15.360085261416785,-18.106851875361897,-2.7467666139451126,-16.252485118062133,-6.4399258535354065,175.1315789473684,172.97435897435898,172.875,73,7,3.0,2.0,2.0,5.0,154.02752136752136,47.756410256410255,2026,1.0054199396882908,1.0054199396882908,11.332478632478654,34.125,-6.0047122719776,-6.674462634808034,-1.7762855725909859,-1.7970246386855213,-9.124555695876095,-20.218003595627337,-16.153828146509312,-18.185915871068325,-2.0320877245590125,-18.106851875361897,-2.7467666139451126
1022600198,2026-07-22,2026,Regular Season,-10.0,162.0,-10.400292622948507,172.58512673822503,6.268804136986347,4.3163226012386815,5.292563369112514,0.9762407678738327,7.6195070390933495,-2.6528361206766675,175.6081081081081,178.1578947368421,173.26530612244898,75,7,2.0,2.0,2.0,4.0,154.44185185185185,47.91005291005291,2026,1.006013436121301,1.006013436121301,12.638148148148133,-11.265306122448976,1.3195444090864186,7.294250546204138,-6.580361093801315,5.5860731776041135,-8.732523662630523,6.667590206636291,3.3483982546889592,5.007994230662625,1.6595959759736658,5.292563369112514,0.9762407678738327
1022600205,2026-07-28,2026,Regular Season,-10.0,200.0,-8.741753437278991,178.06778816871412,-9.186855825194812,-12.745356006091086,-10.966105915642949,1.7792500904481372,-7.206548834395626,-1.5877996430487755,175.67741935483872,179.84615384615384,173.6980198019802,81,7,6.0,6.0,6.0,12.0,155.19724137931036,52.581098339719034,2026,1.010293285284874,1.010293285284874,11.122758620689638,26.301980198019805,-6.6821331007735125,-8.218501603205029,5.354727584288909,2.3393582852940065,-3.6423122291441743,-8.168846930814013,-15.89046856826593,-12.029657749539972,3.860810818725959,-10.966105915642949,1.7792500904481372
1022600041,2026-05-23,2026,Regular Season,-10.0,160.0,-2.211335991280883,167.150809559427,7.853135678212794,-0.7023261187858196,3.5754047797134874,4.277730898499307,4.224656738421913,2.605729731608662,172.75,173.64864864864865,172.75,15,5,3.0,2.0,2.0,5.0,154.776,39.2,2026,1.0027083839409647,1.0027083839409647,14.663999999999987,-12.75,-4.139398224902856,5.162421110518709,2.900029745431535,0.3016041073745255,1.8608260291191443,9.787309485739598,-2.1805521253546942,3.803378680192452,5.983930805547146,3.5754047797134874,4.277730898499307
1022600050,2026-05-27,2026,Regular Season,-7.0,215.0,5.996085549184872,170.40646983477137,-16.032511600494985,-28.561018564733644,-22.296765082614314,6.264253482119329,-20.98610949225081,6.376152886751846,172.45833333333334,171.2058823529412,172.45833333333334,19,5,4.0,4.0,4.0,8.0,158.77809523809523,51.92857142857143,2026,1.0044486824278722,1.0044486824278722,8.181904761904775,42.54166666666666,-4.486275819839998,-6.811400807414865,-11.13794289546834,1.4495100304723878,10.81186953459266,-12.348638347438708,-29.0222114100861,-20.685424878762404,8.336786531323696,-22.296765082614314,6.264253482119329
1022600058,2026-05-29,2026,Regular Season,-21.0,137.0,-6.093057076467898,171.64208577295614,25.57289073698942,9.069195035966715,17.321042886478068,8.251847850511353,19.28120545086483,5.613069571738762,172.03636363636363,172.11428571428573,172.03636363636363,21,5,2.0,2.0,2.0,4.0,157.49714285714285,41.57142857142857,2026,1.0029549364827692,1.0029549364827692,-0.6571428571428442,-35.03636363636363,2.8547174895177507,0.1287366954523641,14.28233801576689,2.0154132501278204,0.6820042332827556,30.971783009047286,8.619661753036596,19.79572238104194,11.176060628005345,17.321042886478068,8.251847850511353
1022600074,2026-06-05,2026,Regular Season,5.0,165.0,3.903734657225372,162.22812418688366,-2.1604771255337454,-0.611398687582593,-1.3859379065581692,-0.7745392189755762,-2.2222777399656977,-0.9674572270089286,169.5068493150685,164.63888888888889,169.5068493150685,28,6,3.0,3.0,3.0,6.0,157.22060606060606,42.707070707070706,2026,1.0047053404641948,1.0047053404641948,-0.300606060606043,-4.506849315068507,1.084572374051552,0.7819559553868194,-2.495596004197928,-1.5932100652061383,5.117686836790515,2.6637809082660198,2.8624542339370294,2.7631175711015246,-0.0993366628355048,-1.3859379065581692,-0.7745392189755762
1022600086,2026-06-09,2026,Regular Season,-7.0,157.0,-5.848659529310034,165.00761670497965,5.222107321407506,2.785509383572105,4.003808352489806,1.2182989689177006,4.1713851908216455,-1.2299897270616853,168.69230769230768,164.94594594594594,169.18823529411765,32,6,2.0,3.0,2.0,5.0,157.71345454545457,49.45454545454545,2026,1.0027170609129783,1.0027170609129783,-16.673454545454547,-12.188235294117646,0.33306679384558713,0.9980631667379987,3.5681140659179604,-0.7278588356798925,-1.153892926551585,8.110839552036978,1.6884390411609331,4.899639296598956,3.2112002554380226,4.003808352489806,1.2182989689177006
1022600108,2026-06-17,2026,Regular Season,-1.0,191.0,-7.843723714706836,170.70805375813407,-12.642699937495905,-7.649246304370024,-10.145973120932965,-2.4967268165629406,-8.391394109864862,-5.511126857263918,169.0,171.94594594594594,170.67924528301887,40,6,6.0,3.0,3.0,9.0,153.17032967032966,49.285714285714285,2026,1.0016812291088455,1.0016812291088455,0.5496703296703345,20.320754716981128,3.351062003795528,-7.797153950853204,-6.474328580576174,2.5290264177689887,-3.7201137046386554,-11.140782237867043,-9.567023540890233,-10.353902889378638,-0.7868793484884051,-10.145973120932965,-2.4967268165629406
1022600130,2026-06-24,2026,Regular Season,23.0,179.0,0.6512517426495839,168.31395623264348,-16.34869628124548,5.662652513888972,-5.343021883678254,-11.005674397567226,-4.455644886319853,-12.056049993954225,171.5185185185185,178.64102564102564,172.03937007874015,47,6,2.0,7.0,2.0,9.0,153.56588235294117,49.625,2026,1.002554731696673,1.002554731696673,5.994117647058829,6.9606299212598515,-1.5434412734101244,-0.584701251598565,-3.43691307249658,1.1094107111854117,3.9813248603147526,-13.936642416307294,5.21904117580425,-4.358800620251522,-9.577841796055772,-5.343021883678254,-11.005674397567226
1022600136,2026-06-26,2026,Regular Season,30.0,218.0,4.137985831041359,168.78853888730646,-37.648776229915,-11.562684882778541,-24.60573055634677,-13.04304567356823,-23.68196706905539,-13.31703205333993,172.77906976744185,177.825,172.66417910447763,49,6,2.0,2.0,2.0,4.0,153.90496732026145,49.30065359477124,2026,1.0079194952997337,1.0079194952997337,15.53503267973855,45.335820895522374,-1.850610356458911,-12.806083729485502,-10.92832814004122,1.9030551569302503,7.732726642100132,-35.36161044821063,-12.333317269013037,-23.84746385861183,-11.514146589598795,-24.60573055634677,-13.04304567356823
1022600143,2026-06-28,2026,Regular Season,-8.0,206.0,-5.305021895819659,173.13905560473978,-14.31969622984984,-18.541248165410394,-16.430472197630117,2.1107759677802775,-14.087938149918813,-0.3808910049565384,173.3294117647059,177.875,172.82142857142858,51,6,2.0,3.0,2.0,5.0,157.06,45.611111111111114,2026,1.0074898058291168,1.0074898058291168,13.219999999999999,33.178571428571416,-7.6112760695483095,-5.198456959290718,-3.9919526281952677,2.7137475071154835,-2.8042892182226407,-13.589979473757268,-19.87117595537987,-16.730577714568568,3.1405982408113005,-16.430472197630117,2.1107759677802775
1022600179,2026-07-15,2026,Regular Season,5.0,185.0,6.118126145686689,170.15407607221698,-7.113004051735118,-7.732919876047902,-7.42296196389151,0.309957912156392,-6.183456241208056,0.45452166341323874,175.26315789473685,169.88235294117646,172.63483146067415,68,7,3.0,3.0,3.0,6.0,154.79554782608693,48.43304347826087,2026,1.0042842359804454,1.0042842359804454,15.684452173913087,12.36516853932585,2.6162797932065898,1.9007068191414334,-10.78320903858356,0.08276618502747901,6.742522300006678,-6.294833111532142,-7.4788896954877515,-6.886861403509947,0.5920282919778046,-7.42296196389151,0.309957912156392
1022600186,2026-07-17,2026,Regular Season,14.0,178.0,2.2640114969889678,179.8709593073027,-4.6623017590476366,6.533261066350363,0.9354796536513632,-5.597781412699,4.892048586500842,-6.520410931059082,174.98684210526315,170.14285714285714,172.47802197802199,70,7,2.0,2.0,2.0,4.0,158.57557971014495,49.81340579710145,2026,1.00818335427753,1.00818335427753,3.5844202898550748,5.521978021978015,2.7665363030094934,-0.2907899964097407,4.853384853245895,-2.43708257334481,5.230232469618068,-1.0336261774302642,7.502202248162575,3.2342880353661556,-4.26791421279642,0.9354796536513632,-5.597781412699
1022600066,2026-06-02,2026,Regular Season,16.0,166.0,8.957120494032932,163.64737758980334,-5.316110077845906,2.963487667649261,-1.1763112050983224,-4.139798872747583,-1.7629938950226745,-3.222408633504884,170.4923076923077,167.02857142857144,170.4923076923077,25,6,4.0,3.0,3.0,7.0,156.11771428571427,46.81428571428572,2026,1.0063107778110731,1.0063107778110731,-12.437714285714264,-4.492307692307691,-1.6073734134314304,-7.638746650527018,5.897458008895601,1.5856681600401732,5.989138417616379,-4.667366044813448,5.937907770835636,0.6352708630110939,-5.302636907824542,-1.1763112050983224,-4.139798872747583
1022600079,2026-06-06,2026,Regular Season,32.0,186.0,0.4860747627083828,164.09042710569125,-26.615481477968615,4.705908583659863,-10.954786447154376,-15.660695030814239,-11.20016971539377,-16.662118943317495,169.5921052631579,166.08333333333334,169.5921052631579,29,6,2.0,4.0,2.0,6.0,154.37833333333333,46.97222222222222,2026,1.0061194425754847,1.0061194425754847,-0.4583333333333428,16.40789473684211,-8.678529139406645,-5.9172303660907914,3.5352321776578037,-0.1396423875541457,-2.4441656425957916,-26.10797810504765,7.519944286662877,-9.294016909192386,-16.813961195855263,-10.954786447154376,-15.660695030814239
1022600092,2026-06-11,2026,Regular Season,-14.0,194.0,5.247721012744879,166.43011108619152,-4.4136854450473635,-23.15620346876112,-13.784944456904242,9.371259011856878,-13.525219300495436,9.395588100126119,168.59493670886076,166.45945945945945,169.56666666666666,34,6,2.0,3.0,2.0,5.0,152.88757575757575,53.99242424242424,2026,1.008515061592888,1.008515061592888,5.3124242424242425,24.433333333333337,-2.09194544083652,-11.686177216509599,-3.2310161548911047,3.483919511741788,5.7809787207043675,-4.771469970006905,-23.912923793023282,-14.342196881515093,9.570726911508189,-13.784944456904242,9.371259011856878
1022600117,2026-06-20,2026,Regular Season,17.0,209.0,6.077458015670572,175.97527300365948,-22.100557984547166,-10.924169011793353,-16.51236349817026,-5.588194486376906,-13.70456668495114,-5.571593512108883,170.109756097561,174.825,171.39655172413794,43,6,2.0,2.0,2.0,4.0,159.53409523809523,54.00476190476191,2026,1.0028286116076102,1.0028286116076102,10.345904761904762,37.603448275862064,0.721594870762214,-13.905973723170234,0.43675444351029213,-0.9569422760534028,7.236025506989443,-22.046502557288576,-11.802054079656756,-16.924278318472666,-5.12222423881591,-16.51236349817026,-5.588194486376906
1022600124,2026-06-22,2026,Regular Season,7.0,181.0,15.39403179133434,180.76605799499512,3.2748753239707753,-3.5088173289756526,-0.11697100250243864,3.391846326473214,3.736457077277919,5.411075455454778,171.40243902439025,177.475,171.84426229508196,45,6,2.0,3.0,2.0,5.0,160.04933333333332,54.375,2026,1.0072570585266274,1.0072570585266274,1.5106666666666797,9.155737704918039,-0.24224141001819532,1.0489270986810482,-0.4919788307096482,3.421750219324714,16.335898168775433,2.840533467859828,-4.6632764420361354,-0.9113714870881537,3.7519049549479817,-0.11697100250243864,3.391846326473214
1022600150,2026-07-04,2026,Regular Season,-5.0,171.0,1.2850533402613762,157.59634044444027,-3.662111508045456,-9.741548047514272,-6.701829777779864,3.039718269734408,-8.716539057248347,2.3509478188607247,176.4102564102564,179.6060606060606,173.21476510067114,57,7,2.0,6.0,2.0,8.0,158.88600000000002,57.5,2026,1.0103559713941848,1.0103559713941848,-3.886000000000024,-2.214765100671144,-2.1414682576992883,-5.660036660087632,-2.985221658916034,2.070187519454602,3.0082675851428395,-2.9009994551660014,-10.419959596249754,-6.660479525707878,3.7594800705418763,-6.701829777779864,3.039718269734408
1022600162,2026-07-09,2026,Regular Season,11.0,167.0,11.109837165586235,165.97996681218916,-1.2051634239091698,0.18513023609834534,-0.5100165939054122,-0.6951468300037575,-0.5251232946690934,0.6599655672448179,175.4078947368421,172.23333333333332,172.12422360248448,62,7,5.0,3.0,3.0,8.0,155.8769358178054,52.61490683229814,2026,1.006909300037169,1.006909300037169,1.9230641821946222,-5.124223602484477,-3.4629648409733083,13.763698096829764,-12.43648470041504,1.6106281498894939,12.662962128932763,-0.45554189918946975,-0.3676748828518157,-0.4116083910206427,-0.04393350816882702,-0.5100165939054122,-0.6951468300037575
1022600170,2026-07-11,2026,Regular Season,-10.0,194.0,10.92765789308053,173.09743262976917,-0.5770982848441832,-20.32546908538663,-10.451283685115406,9.874185400271223,-8.545399426399491,11.042978538923286,175.35064935064935,171.0,172.23353293413174,64,7,2.0,2.0,2.0,4.0,157.6909090909091,54.27272727272727,2026,1.011941314974984,1.011941314974984,-3.770909090909072,21.766467065868255,0.611445511360369,-3.68817433873315,-3.8164820584221637,-1.6521885406045418,14.733986595319267,2.4192641686474445,-20.61195052606152,-9.096343178707038,11.515607347354482,-10.451283685115406,9.874185400271223
1022600175,2026-07-13,2026,Regular Season,9.0,193.0,7.905863384961768,175.58953685694024,-9.539389935106243,-7.871073207953515,-8.705231571529879,-0.8341583635763641,-6.049206303942142,-0.39747689731227354,175.26923076923077,168.7,172.49425287356323,66,7,2.0,3.0,2.0,5.0,160.416231884058,53.267080745341616,2026,1.0012122627765556,1.0012122627765556,-3.256231884057968,20.505747126436773,1.0309638964249253,-1.2425921987996364,-6.217474429078717,0.3798964275112897,7.936263822269613,-8.493882322884971,-6.931905007108753,-7.712893664996862,-0.7809886578881091,-8.705231571529879,-0.8341583635763641
1022600192,2026-07-19,2026,Regular Season,2.0,184.0,7.946938970855519,175.41525275180396,-1.6129721836584565,-6.971775064537582,-4.292373624098019,2.6794014404395625,-1.684346951743649,3.128899927362582,175.55263157894737,172.94736842105263,173.02116402116403,72,7,2.0,2.0,2.0,4.0,162.0448,50.44,2026,1.0078307084679567,1.0078307084679567,0.07519999999999527,10.978835978835974,0.18449114852598392,2.1274987094581874,-6.13024925630609,2.1339124465782673,6.260426105241228,-2.257239766571246,-6.215070834190357,-4.236155300380801,1.9789155338095554,-4.292373624098019,2.6794014404395625
1022600048,2026-05-25,2026,Regular Season,27.0,167.0,12.444815021025097,155.07954961521182,-14.321525301142529,2.4010749163543608,-5.960225192394084,-8.361300108748445,-8.94501049317725,-6.482773944035472,172.95652173913044,171.82857142857142,172.95652173913044,17,5,3.0,3.0,3.0,6.0,160.88685714285714,50.6,2026,1.0016617077379024,1.0016617077379024,-8.44685714285714,-5.956521739130437,-3.3367472816099273,-6.251001370965469,4.610498423720424,-3.9677602643222736,10.586265861311073,-15.50840593103328,2.795476848274973,-6.356464541379154,-9.151941389654127,-5.960225192394084,-8.361300108748445
1022600055,2026-05-28,2026,Regular Season,2.0,178.0,2.705532685906104,166.43792351681375,-5.468965520314711,-6.093110962871535,-5.781038241593123,0.3120727212784118,-5.452581325680242,-0.23688662490737045,171.73584905660377,172.05714285714285,171.73584905660377,20,5,3.0,6.0,3.0,9.0,162.13333333333333,59.5,2026,1.0029853111477849,1.0029853111477849,0.4266666666666765,6.264150943396231,-0.15860115508329642,0.8112392597954834,-9.703686436278971,3.5984670058865453,3.8504253123934866,-5.82695265809636,-7.339773124596746,-6.583362891346553,0.7564102332501932,-5.781038241593123,0.3120727212784118
1022600063,2026-05-31,2026,Regular Season,-10.0,172.0,5.1244684689654605,165.92858418545836,4.273956247262845,-10.345372061804483,-3.035707907270819,7.309664154533664,-2.907777154525185,7.316441067472489,170.75806451612902,167.89473684210526,170.75806451612902,23,5,3.0,3.0,3.0,6.0,160.75428571428571,50.142857142857146,2026,0.9983015040750276,0.9983015040750276,-1.0342857142857156,1.241935483870975,-2.0961348341008925,-9.925895657756133,9.080145089698885,0.03410824763295128,6.4000708868459615,2.7853408765709418,-12.738653198570319,-4.976656160999688,7.76199703757063,-3.035707907270819,7.309664154533664
1022600068,2026-06-02,2026,Regular Season,18.0,172.0,9.897003273078454,164.15649785199278,-8.659505221473893,0.8160030734666748,-3.921751074003609,-4.737754147470284,-4.395998154365657,-3.618859767715705,170.4923076923077,167.02857142857144,170.4923076923077,25,6,2.0,3.0,2.0,5.0,154.72,55.45,2026,1.0042117229578438,1.0042117229578438,-9.759999999999991,1.5076923076923094,4.347979284611314,-10.392800155361776,-0.8132229344765083,2.4620456508613104,8.811897820075028,-10.83552929752716,-0.3204825695659963,-5.578005933546578,-5.257523363980582,-3.921751074003609,-4.737754147470284
1022600088,2026-06-09,2026,Regular Season,6.0,168.0,9.672420911807638,161.2822949771402,-2.248845929244908,-4.4688590936148955,-3.3588525114299017,1.1100065821849938,-4.601027413494862,2.236923918885182,168.69230769230768,164.94594594594594,169.18823529411765,32,6,3.0,4.0,3.0,7.0,156.71393939393937,56.18181818181818,2026,1.0065354557354136,1.0065354557354136,-10.47393939393936,-1.1882352941176464,-0.9930931042316384,2.2803306431157733,-7.510620809588392,1.6223558572094028,7.161914504547178,-4.1333162904603,-4.195294024087431,-4.164305157273866,0.030988866813565608,-3.3588525114299017,1.1100065821849938
1022600105,2026-06-15,2026,Regular Season,20.0,136.0,9.47987105068011,170.81196682559386,11.630227080193933,23.181739745399938,17.405983412796935,-5.775756332603002,18.734503025136597,-4.886722617557801,169.25641025641025,170.51282051282053,170.6764705882353,38,6,3.0,2.0,2.0,5.0,157.59076923076924,58.92307692307692,2026,1.005619129571582,1.005619129571582,-14.430769230769243,-34.676470588235304,2.3178754043448553,17.460597456934625,-1.2977213229211557,0.2537514867782735,8.869023132680594,11.220237938618226,23.293030078995443,17.256634008806834,-6.036396070188609,17.405983412796935,-5.775756332603002
1022600109,2026-06-17,2026,Regular Season,11.0,171.0,0.6923906169197738,161.22710008332504,-10.019604341898969,0.24670442522401004,-4.886449958337479,-5.1331543835614895,-5.90812642134879,-6.029632528437055,169.0,171.94594594594594,170.67924528301887,40,6,2.0,2.0,2.0,4.0,159.2457142857143,56.35714285714286,2026,1.0056783478246094,1.0056783478246094,-13.325714285714298,0.3207547169811278,-2.2791091174551212,-5.128777749375857,-1.2911965966169898,2.790957042099172,-0.2556077133052821,-10.56584870929322,0.5023925552684432,-5.031728077012389,-5.534120632280832,-4.886449958337479,-5.1331543835614895
1022600116,2026-06-19,2026,Regular Season,-6.0,156.0,0.402156814407052,167.61536508699385,9.183952455422997,2.4314126315708506,5.807682543496924,3.376269911926073,6.51350827402581,2.2839928658933673,169.9390243902439,174.625,171.31858407079645,42,6,2.0,2.0,2.0,4.0,157.16266666666667,51.6,2026,1.0041942072423442,1.0041942072423442,2.4373333333333562,-15.318584070796447,-2.136856119995791,4.864147654668253,-0.19893833959771534,3.985155078951066,1.3314502322569968,7.623428676660879,0.24916309759811384,3.9362958871294964,3.6871327895313826,5.807682543496924,3.376269911926073
1022600131,2026-06-24,2026,Regular Season,11.0,143.0,0.5024563589684312,162.21253360137257,4.414075555880004,14.798458045492566,9.606266800686285,-5.192191244806281,8.854873961013205,-6.151599446564283,171.5185185185185,178.64102564102564,172.03937007874015,47,6,3.0,2.0,2.0,5.0,160.35617647058822,58.654411764705884,2026,1.003033849888606,1.003033849888606,-21.396176470588216,-29.03937007874015,6.298400348648108,-0.4944972656974649,0.7523947466726817,2.298576131389879,0.24850949675339207,3.682681145710916,14.327768427209207,9.005224786460062,-5.322543640749146,9.606266800686285,-5.192191244806281
1022600137,2026-06-26,2026,Regular Season,3.0,153.0,0.6914708357469659,159.775241582613,2.2244547786896476,4.5507868039233585,3.387620791306503,-1.1631660126168555,1.9750884700218663,-2.0302231689892594,172.77906976744185,177.825,172.66417910447763,49,6,2.0,2.0,2.0,4.0,159.14209150326798,58.14379084967321,2026,1.0090787978809683,1.0090787978809683,-7.262091503267982,-19.664179104477626,-5.741220484626163,11.554102503338402,-3.7727837556133235,-0.06500979307704646,-0.22982372523805483,1.0551765052569806,4.210921651384808,2.6330490783208944,-1.5778725730639138,3.387620791306503,-1.1631660126168555
1022600144,2026-06-28,2026,Regular Season,9.0,143.0,5.24839990174783,162.7733661781952,7.683601114570138,12.089765063625066,9.886683089097602,-2.203081974527464,9.161894841760194,-2.103975949033135,173.3294117647059,177.875,172.82142857142858,51,6,2.0,3.0,2.0,5.0,152.30736842105262,59.78947368421053,2026,1.005389690499747,1.005389690499747,-18.14736842105262,-29.821428571428584,0.6755662876258457,6.353133700827259,4.643114325739242,-2.5099194724321503,5.931516267869768,6.64254481553742,10.583363958169002,8.612954386853211,-1.9704095713157912,9.886683089097602,-2.203081974527464
1022600190,2026-07-18,2026,Regular Season,5.0,143.0,10.93853069161207,155.00385205690662,8.011403077155776,3.9924489797508613,6.001926028453319,2.0094770487024576,3.0362392172053276,3.5499605428156613,175.9189189189189,171.86486486486487,172.94623655913978,71,7,3.0,2.0,2.0,5.0,152.30747826086957,50.14608695652174,2026,1.007719831513058,1.007719831513058,-19.667478260869586,-29.946236559139777,3.6574553330042665,-3.649297989852127,3.751700419637796,-0.7236185455846023,8.844078073213584,7.628344413483717,5.316526151486613,6.472435282485165,1.1559091309985519,6.001926028453319,2.0094770487024576
1022600195,2026-07-20,2026,Regular Season,-8.0,172.0,10.707784149967448,153.98064597310292,-0.6172342465228269,-17.40211978037425,-9.009677013448538,8.392442766925711,-12.244791194004044,9.901785880401029,175.1315789473684,172.97435897435898,172.875,73,7,2.0,2.0,2.0,4.0,151.515,50.381410256410255,2026,1.0079865249307385,1.0079865249307385,-4.435000000000002,-0.875,2.055133040162077,-7.568755983983809,-5.1075543795525835,-1.6236138706297296,8.899336258496739,-0.7917137543103365,-16.114834737867852,-8.453274246089094,7.661560491778758,-9.009677013448538,8.392442766925711
1022600042,2026-05-23,2026,Regular Season,-19.0,179.0,1.8416347144655485,175.59057603053003,8.934148975182183,-12.343572944652152,-1.7047119847349848,10.638860959917167,1.1105309649372899,9.708358407297574,172.75,173.64864864864865,172.75,15,5,2.0,3.0,2.0,5.0,153.75066666666666,57.53333333333333,2026,1.0060824817662857,1.0060824817662857,-0.5906666666666638,6.25,4.3626180020532,3.8014842339976553,-5.909180160396122,-1.1443911107174474,-0.1367549300002644,7.1093811197634835,-12.441070156962624,-2.6658445185995703,9.775225638363054,-1.7047119847349848,10.638860959917167
1022600060,2026-05-30,2026,Regular Season,21.0,165.0,0.4146661307067301,170.038310173338,-7.549916793552697,12.588226966890716,2.5191550866690093,-10.069071880221706,3.8769759577239427,-11.207974234863457,170.72881355932202,167.6,170.72881355932202,22,5,3.0,3.0,3.0,6.0,151.53,53.125,2026,1.0023398091564588,1.0023398091564588,-3.490000000000009,-5.72881355932202,2.110225359605286,0.5740660315364128,4.864825351969433,-3.6721407853871946,0.853752413305907,-8.407115895225033,11.446666030809922,1.5197750677924446,-9.926890963017478,2.5191550866690093,-10.069071880221706
1022600081,2026-06-07,2026,Regular Season,17.0,153.0,3.334486758981189,173.3113787412466,3.3701190725390546,16.94125966870756,10.155689370623307,-6.785570298084252,12.318183863418426,-7.333001666164478,169.4,165.05405405405406,169.4,30,6,4.0,2.0,2.0,6.0,157.64000000000001,50.9,2026,1.000505569703931,1.000505569703931,7.679999999999978,-16.400000000000006,0.7353615709739856,7.115871076065746,2.607385511974293,1.8595657044043996,-1.235225348393432,2.8114875359393494,20.085551067232842,11.448519301586096,-8.637031765646746,10.155689370623307,-6.785570298084252
1022600089,2026-06-10,2026,Regular Season,4.0,208.0,9.25032014217676,168.61168460691053,-17.61047089803722,-21.77784449505225,-19.694157696544735,2.0836867985075145,-18.951997836495842,2.965870499842673,168.05194805194805,165.1,169.11363636363637,33,6,3.0,2.0,2.0,5.0,156.61734265734265,47.24475524475524,2026,1.0060163844727263,1.0060163844727263,21.582657342657342,38.886363636363626,-11.605890522512077,-5.193350591343407,-1.391674516017769,-0.7610822066225871,6.479715721134258,-17.386985292371463,-19.35337717887967,-18.370181235625566,0.9831959432541026,-19.694157696544735,2.0836867985075145
1022600102,2026-06-14,2026,Regular Season,-25.0,179.0,-6.731093573768802,173.53510001421634,7.292155171533182,-12.757055157316842,-2.73244999289183,10.024605164425012,-0.24591393312470444,7.203352303943795,170.525,170.8684210526316,170.8,37,6,2.0,3.0,2.0,5.0,158.03487179487178,54.391025641025635,2026,1.0028923063973936,1.0028923063973936,4.805128205128227,8.199999999999989,5.222815662146784,-9.600747497548435,3.5016886984567357,0.6303292038202071,-7.332919398536272,6.698994587344146,-12.821794808613731,-3.061400110634793,9.760394697978938,-2.73244999289183,10.024605164425012
1022600132,2026-06-25,2026,Regular Season,28.0,222.0,-0.3242006367380601,182.8140697445472,-33.2092100576328,-5.976720197820043,-19.592965127726423,-13.61624492990638,-14.77619579431559,-15.182439997406199,171.89156626506025,177.65853658536585,172.09923664122138,48,6,3.0,4.0,3.0,7.0,156.09088235294118,53.66176470588235,2026,1.003866063749248,1.003866063749248,24.229117647058814,49.90076335877862,-2.651792027564772,-17.512800664004462,7.139478212455543,-1.7510813152019016,-3.09934246206761,-34.64124250562436,-5.074299098158846,-19.857770801891604,-14.783471703732758,-19.592965127726423,-13.61624492990638
1022600138,2026-06-27,2026,Regular Season,-9.0,169.0,2.24496903429708,176.79801059392818,9.730578526867077,-1.9325679329388947,3.8990052969640914,5.831573229902986,7.028751586307045,4.967360887921153,172.98809523809524,177.8048780487805,172.5036496350365,50,6,2.0,3.0,2.0,5.0,155.25672514619885,52.485380116959064,2026,1.008265017535191,1.008265017535191,-3.2167251461988258,-3.50364963503651,5.260599896623159,-3.192966730502672,1.0050064417282165,3.9561119784583383,0.3614763899053681,7.547566295084508,-2.4362001939363296,2.555683050574089,4.991883244510419,3.8990052969640914,5.831573229902986
1022600152,2026-07-05,2026,Regular Season,-13.0,165.0,-3.872849737690067,174.32837972383916,9.896031656019233,-0.5676519321800697,4.664189861919581,5.231841794099651,7.28938652068247,3.038783129866715,176.34615384615384,177.71875,173.03973509933775,58,7,8.0,3.0,3.0,11.0,158.97705263157894,52.76578947368421,2026,1.004977838448988,1.004977838448988,0.34294736842105067,-8.039735099337747,3.6656891652748333,-3.52593955123751,6.512424109017431,0.6372127976277131,-6.782393851882218,7.848896002264425,-0.1244727671887631,3.862211617537831,3.986684384726594,4.664189861919581,5.231841794099651
1022600159,2026-07-08,2026,Regular Season,-8.0,158.0,-3.9612684823785376,164.63447203377234,5.814407764731129,0.8200642690412252,3.317236016886177,2.497171747844952,3.334885317854372,0.48200473764482865,175.31578947368422,172.29032258064515,172.08860759493672,61,7,3.0,2.0,2.0,5.0,156.41418181818182,59.53181818181818,2026,1.0078240414022108,1.0078240414022108,-25.4941818181818,-14.088607594936718,-3.2051559504779323,5.720465467253419,0.5255984017227071,0.29397739935618206,-5.203923801740731,4.304403134706945,0.42351873062435175,2.3639609326656483,1.9404422020412966,3.317236016886177,2.497171747844952
1022600166,2026-07-10,2026,Regular Season,-13.0,203.0,-4.182776176763269,172.39631857213055,-10.238575135315415,-20.365106292554017,-15.301840713934716,5.063265578619301,-13.188684800536642,2.8397628318560706,175.60526315789474,169.7,172.1219512195122,63,7,2.0,3.0,2.0,5.0,158.2364502164502,52.5930735930736,2026,1.0048479802145625,1.0048479802145625,-4.836450216450231,30.878048780487802,-0.4217646109754094,-10.890092309587528,6.566158270898274,-8.442986150871985,-5.852847390483194,-11.439823985731039,-20.1348658709379,-15.78734492833447,4.347520942603431,-15.301840713934716,5.063265578619301
1022600171,2026-07-12,2026,Regular Season,2.0,184.0,-0.967344648676707,175.83159275599127,-5.110943396234987,-3.0574638477737466,-4.084203622004367,-1.0267397742306201,-1.1304515968628053,-2.595437072784968,174.6315789473684,170.03333333333333,172.3294117647059,65,7,2.0,1.0,1.0,3.0,151.70766798418973,56.83201581027668,2026,1.0087192488422358,1.0087192488422358,7.892332015810297,11.670588235294105,-2.168408434941635,11.782841663020957,-6.178545504666854,-4.566339320275279,-2.228667880011554,-7.340355164620078,-4.102047045734793,-5.721201105177435,-1.6191540594426428,-4.084203622004367,-1.0267397742306201
1022600178,2026-07-14,2026,Regular Season,-17.0,141.0,3.569291284863225,171.83112271013854,25.697627702099197,5.133495008039347,15.415561355069272,10.282066347029925,17.173376479436527,9.817778844381948,175.4078947368421,170.5625,172.78977272727272,67,7,2.0,2.0,2.0,4.0,153.49656314699791,47.57556935817806,2026,1.0057863772150897,1.0057863772150897,-0.7365631469979235,-31.78977272727272,5.325558326734475,9.287703818257626,3.103115661840782,-0.5430013273963534,-0.37063532249953246,23.082229179214224,5.878038226728506,14.480133702971365,8.602095476242859,15.415561355069272,10.282066347029925
1022600185,2026-07-17,2026,Regular Season,-19.0,203.0,-8.694466285108899,175.25061652389016,-7.633227350159672,-20.116156125950155,-13.874691738054914,6.241464387895242,-10.874833565857884,2.9425659596571734,174.98684210526315,170.14285714285714,172.47802197802199,70,7,3.0,4.0,3.0,7.0,158.89833333333334,54.625,2026,1.0064699064945462,1.0064699064945462,-8.578333333333347,30.521978021978015,-5.035867050097108,-0.866244800559171,-6.56497202131435,1.5922503061127462,-12.513233918824858,-10.106230138718033,-19.337400714468927,-14.72181542659348,4.615585287875447,-13.874691738054914,6.241464387895242
1022600194,2026-07-20,2026,Regular Season,-26.0,192.0,-8.073648625723159,176.24844595523072,2.1447488470834344,-17.896302891852713,-7.875777022384639,10.020525869468074,-4.623546977460379,6.841226093173688,175.1315789473684,172.97435897435898,172.875,73,7,3.0,8.0,3.0,11.0,153.9238,50.516666666666666,2026,1.0023410014515657,1.0023410014515657,9.0762,19.125,5.255833613692539,-3.825631133740117,-5.786766090837148,-0.26698336657566024,-14.369459848930518,-0.686694845227521,-15.464430766943707,-8.075562806085614,7.388867960858093,-7.875777022384639,10.020525869468074
