floor,relationship,player_id,n_games,beta,se,t
20,R01_prior_efficiency_persistence,100720,27.0,-0.7087294318228485,0.5005306833057913,-1.415956015207686
20,R01_prior_efficiency_persistence,100940,78.0,-0.45896741333713587,0.39040284394191277,-1.1756251791173546
20,R01_prior_efficiency_persistence,201480,25.0,-0.5392162926592652,0.9572192930318377,-0.5633153203080399
20,R01_prior_efficiency_persistence,201496,43.0,0.13957376493918636,0.41014010236798465,0.34030752938652753
20,R01_prior_efficiency_persistence,201516,28.0,0.0036992892904999957,0.8383348540351905,0.004412663117481111
20,R01_prior_efficiency_persistence,201886,102.0,0.39907063237624263,0.3076589944793498,1.2971199917349676
20,R01_prior_efficiency_persistence,201896,8.0,-1.1444105354836678,0.8009249687751723,-1.4288611044724657
20,R01_prior_efficiency_persistence,202250,60.0,-0.5720001789142628,0.5847901253737894,-0.9781289972169905
20,R01_prior_efficiency_persistence,202252,79.0,0.4010526764956509,0.1915595288250773,2.093619038193983
20,R01_prior_efficiency_persistence,202633,16.0,-0.46890187295426805,0.6228170894332405,-0.7528725221412368
20,R01_prior_efficiency_persistence,202658,36.0,-0.4647424485947241,0.517462267040435,-0.8981185261154678
20,R01_prior_efficiency_persistence,202664,79.0,0.02780597986544273,0.2745002036550072,0.10129675495756418
20,R01_prior_efficiency_persistence,203014,98.0,-0.08441030461850274,0.2812875624790419,-0.30008544947589694
20,R01_prior_efficiency_persistence,203026,59.0,0.1966204188284185,0.33460865832811115,0.5876130636034411
20,R01_prior_efficiency_persistence,203035,31.0,-0.36489952361898553,0.26046804625878334,-1.4009377689900826
20,R01_prior_efficiency_persistence,203398,52.0,-0.5218654974876843,0.3597005713037724,-1.4508331070927358
20,R01_prior_efficiency_persistence,203399,38.0,-0.42191280830969835,0.5108117616477952,-0.8259653359364253
20,R01_prior_efficiency_persistence,203400,63.0,0.4251185152961288,0.2516732574781781,1.6891684065121209
20,R01_prior_efficiency_persistence,203403,30.0,0.2580042434330642,0.469685173514362,0.5493131526860406
20,R01_prior_efficiency_persistence,203406,25.0,0.07305410519421647,0.4414248845635325,0.16549611892961164
20,R01_prior_efficiency_persistence,203416,28.0,-0.7215747729473587,0.8923087557719386,-0.8086604197031806
20,R01_prior_efficiency_persistence,203822,21.0,-2.032733793600529,1.3080823979217358,-1.553979930339335
20,R01_prior_efficiency_persistence,203823,12.0,-1.0034855030386027,0.6978252188897054,-1.4380183975512189
20,R01_prior_efficiency_persistence,203824,20.0,0.3662964078697928,0.6793027224019442,0.539224112888296
20,R01_prior_efficiency_persistence,203825,97.0,-0.18846013357480593,0.32177068119670305,-0.5856970339059497
20,R01_prior_efficiency_persistence,203826,105.0,0.4527961882318095,0.2759397884283823,1.6409238798460872
20,R01_prior_efficiency_persistence,203827,90.0,-0.7527884302075117,0.3202094175888483,-2.350925328417725
20,R01_prior_efficiency_persistence,203828,54.0,-0.5183365258782505,0.5905529128266885,-0.8777139433572965
20,R01_prior_efficiency_persistence,203833,90.0,0.07028547036629472,0.25995503226031236,0.27037549438901665
20,R01_prior_efficiency_persistence,203855,17.0,-1.1694496317373397,0.7674335805327697,-1.5238447487865745
20,R01_prior_efficiency_persistence,203866,55.0,0.1528647544992883,0.273768097850909,0.558373147562784
20,R01_prior_efficiency_persistence,204296,47.0,-0.13869306416294844,0.21669597964723195,-0.6400352437951661
20,R01_prior_efficiency_persistence,204319,102.0,0.17950490695901114,0.23355705718840475,0.7685698266621374
20,R01_prior_efficiency_persistence,204322,45.0,0.18851710296262672,0.29866624753011023,0.6311965430362909
20,R01_prior_efficiency_persistence,204323,74.0,-0.05013910589674098,0.2958220641920546,-0.1694907580125244
20,R01_prior_efficiency_persistence,204324,91.0,0.9189331108376978,0.2948993666998812,3.1160904857855973
20,R01_prior_efficiency_persistence,204329,38.0,-0.05106847652295256,0.1645533577873927,-0.3103460008937307
20,R01_prior_efficiency_persistence,204330,19.0,-0.6531695829367802,0.7256880552758737,-0.900069359262741
20,R01_prior_efficiency_persistence,204333,99.0,-0.3866599981174188,0.24863132818450015,-1.55515397412225
20,R01_prior_efficiency_persistence,204335,67.0,-0.2144387191662023,0.40493490417607675,-0.5295634358873605
20,R01_prior_efficiency_persistence,204365,66.0,-0.4564164586559681,0.3773877680559621,-1.2094097829590678
20,R01_prior_efficiency_persistence,1627668,102.0,0.1739427131227861,0.24514894237323032,0.7095389090358166
20,R01_prior_efficiency_persistence,1627669,55.0,-0.6061543269536237,0.5694231657312318,-1.0645059130589167
20,R01_prior_efficiency_persistence,1627671,19.0,-0.4598575081313156,0.6303446558129919,-0.7295334447441468
20,R01_prior_efficiency_persistence,1627672,34.0,-0.2242350890929473,0.6493572774891109,-0.3453185124220118
20,R01_prior_efficiency_persistence,1627673,96.0,-0.07615685786340401,0.33962961218668103,-0.2242350346693079
20,R01_prior_efficiency_persistence,1627674,94.0,-0.007547871731272031,0.29003614290080665,-0.026023900524195804
20,R01_prior_efficiency_persistence,1627675,100.0,0.4375509809199189,0.3075118257194474,1.422875298848215
20,R01_prior_efficiency_persistence,1627676,31.0,0.2615491949197754,0.35796182631106976,0.7306622541714504
20,R01_prior_efficiency_persistence,1627700,8.0,-1.354743418443938,0.4915502839452353,-2.7560627319154856
20,R01_prior_efficiency_persistence,1628242,9.0,-0.42451335364845977,0.41952781321790134,-1.0118836946526093
20,R01_prior_efficiency_persistence,1628244,53.0,0.22036054514693149,0.22852575122804228,0.9642700831865427
20,R01_prior_efficiency_persistence,1628263,47.0,0.5860303552943966,0.3858918601372995,1.518638810069454
20,R01_prior_efficiency_persistence,1628269,33.0,-0.022104954267523718,0.43214743922677634,-0.051151417921335374
20,R01_prior_efficiency_persistence,1628276,104.0,0.33868298748343617,0.2744801606997668,1.2339069848253843
20,R01_prior_efficiency_persistence,1628277,100.0,0.3316569268910659,0.2781981970031496,1.1921605907723085
20,R01_prior_efficiency_persistence,1628278,63.0,0.10341528483275562,0.4320337014149982,0.23936855966108558
20,R01_prior_efficiency_persistence,1628279,76.0,0.5601614193754377,0.2681025486021369,2.0893550706476685
20,R01_prior_efficiency_persistence,1628280,71.0,-0.024978462303032953,0.30548654393588615,-0.08176616220541386
20,R01_prior_efficiency_persistence,1628317,43.0,-0.9398503515039148,0.5216520710380679,-1.8016804757118057
20,R01_prior_efficiency_persistence,1628878,84.0,0.08464751249584046,0.2867460341430308,0.295200290210876
20,R01_prior_efficiency_persistence,1628881,28.0,0.0397487713234173,0.4624626246620334,0.0859502351189258
20,R01_prior_efficiency_persistence,1628882,38.0,-0.007436235375474366,0.2532538604051036,-0.029362772056384063
20,R01_prior_efficiency_persistence,1628886,74.0,0.43849858341037373,0.26396671876568595,1.6611889008614515
20,R01_prior_efficiency_persistence,1628890,25.0,0.4621125116075156,0.38058242741782833,1.2142245104243297
20,R01_prior_efficiency_persistence,1628899,40.0,0.40070169041914355,0.3294114032683802,1.2164171805937187
20,R01_prior_efficiency_persistence,1628909,101.0,-0.33533719364228837,0.3917815594565566,-0.8559289878457712
20,R01_prior_efficiency_persistence,1628915,32.0,-0.16122746557875905,0.418335205341557,-0.3854025755425535
20,R01_prior_efficiency_persistence,1628920,24.0,-0.3613536823373231,0.4700670699433436,-0.7687279229767712
20,R01_prior_efficiency_persistence,1628922,59.0,-0.23493075764670035,0.28316123857785475,-0.8296713166908489
20,R01_prior_efficiency_persistence,1628927,41.0,-0.27386641593272915,0.5124746352611206,-0.5343999431175482
20,R01_prior_efficiency_persistence,1628929,40.0,-1.0626769420207056,0.44296422142222286,-2.399013036783816
20,R01_prior_efficiency_persistence,1628931,43.0,0.10300432959482331,0.3614597053092757,0.2849676688213137
20,R01_prior_efficiency_persistence,1628932,103.0,0.40793439128349523,0.1921717235449128,2.122759705530539
20,R01_prior_efficiency_persistence,1629477,101.0,-0.06144396957998627,0.3047111957010102,-0.20164657697801344
20,R01_prior_efficiency_persistence,1629478,43.0,0.48258683568891003,0.19532016664713311,2.4707476138946527
20,R01_prior_efficiency_persistence,1629479,69.0,0.3548277034072964,0.33527034293525904,1.0583331060564873
20,R01_prior_efficiency_persistence,1629480,11.0,-1.805861462396883,0.745787415183258,-2.4214158426810397
20,R01_prior_efficiency_persistence,1629481,98.0,-0.31751677750676444,0.22160395168304264,-1.4328118929977598
20,R01_prior_efficiency_persistence,1629482,83.0,0.23417546255772168,0.28783600846995117,0.8135725054086435
20,R01_prior_efficiency_persistence,1629483,64.0,0.4678376470912658,0.3437602681308415,1.3609415934979379
20,R01_prior_efficiency_persistence,1629484,13.0,-0.9648188565181773,0.5827687236737181,-1.655577619945099
20,R01_prior_efficiency_persistence,1629488,66.0,-0.2506326832637894,0.16515818137616417,-1.5175311399981364
20,R01_prior_efficiency_persistence,1629491,39.0,-0.7941486486229472,0.5264084970073694,-1.5086166981302158
20,R01_prior_efficiency_persistence,1629496,91.0,-0.4686046240611204,0.40097633654738607,-1.1686590488008568
20,R01_prior_efficiency_persistence,1629497,98.0,-0.44699430728294,0.382185178393695,-1.1695752021615138
20,R01_prior_efficiency_persistence,1629498,102.0,0.13100682208716893,0.35298960516666067,0.3711350707489398
20,R01_prior_efficiency_persistence,1629501,66.0,-0.06270351924000979,0.3408481871139403,-0.18396318833595252
20,R01_prior_efficiency_persistence,1629524,49.0,-0.5171965577475616,0.39081157906076097,-1.3233910801479887
20,R01_prior_efficiency_persistence,1629546,26.0,-0.4357093356591996,0.5215586715989844,-0.8353985071773621
20,R01_prior_efficiency_persistence,1629567,62.0,-0.7820125175025343,0.4497182187443373,-1.7388944563686994
20,R01_prior_efficiency_persistence,1629568,9.0,-0.3233084288926576,0.76901055860185,-0.4204213131747757
20,R01_prior_efficiency_persistence,1629574,8.0,-0.5836335308663174,0.6782675010700234,-0.8604769208985937
20,R01_prior_efficiency_persistence,1630096,54.0,0.07701680642752842,0.3535073649122934,0.21786478606078435
20,R01_prior_efficiency_persistence,1630101,54.0,0.01952878615720753,0.21163173566056578,0.09227721020315012
20,R01_prior_efficiency_persistence,1630112,60.0,-0.1725492445782284,0.2903080092097913,-0.5943661184129976
20,R01_prior_efficiency_persistence,1630134,31.0,0.007278118671261787,0.32736893726960975,0.02223216024087154
20,R01_prior_efficiency_persistence,1630142,25.0,-0.527483893822267,0.9096751748582713,-0.5798596118712921
20,R01_prior_efficiency_persistence,1630149,49.0,-0.2870603599704647,0.5999096304845077,-0.478506003876992
20,R01_prior_efficiency_persistence,1630150,31.0,-0.2104563198620092,0.44040593238997283,-0.47786894858549106
20,R01_prior_efficiency_persistence,1630386,11.0,0.43616356918626326,0.41294853180284796,1.056217750144463
20,R01_prior_efficiency_persistence,1630389,40.0,-0.8876876165004104,0.6452206065425975,-1.375789315311964
20,R01_prior_efficiency_persistence,1630442,8.0,-0.1733069013606927,0.46451349388104396,-0.3730933625042859
20,R01_prior_efficiency_persistence,1630446,48.0,0.11212164125771353,0.38009837467077,0.29498058589392806
20,R01_prior_efficiency_persistence,1630462,52.0,-0.7380209774069981,0.3821750994575559,-1.9311069152713394
20,R01_prior_efficiency_persistence,1630471,16.0,0.642425141444393,0.5046570446678644,1.272993507634872
20,R01_prior_efficiency_persistence,1630996,18.0,-0.15097341584998367,0.7066744765891799,-0.21363926510926043
20,R01_prior_efficiency_persistence,1631007,24.0,0.35204643865220225,0.33090816370619225,1.0638795812991133
20,R01_prior_efficiency_persistence,1631009,94.0,-0.2891979108696004,0.2504447989981068,-1.1547371397869859
20,R01_prior_efficiency_persistence,1631019,80.0,0.22063879244415247,0.4099582152007973,0.5381982462190292
20,R01_prior_efficiency_persistence,1631022,39.0,0.5447471956556744,0.3689755180614114,1.4763776158314332
20,R01_prior_efficiency_persistence,1631031,23.0,-0.6185333127274605,0.6222617589332208,-0.9940082350357634
20,R01_prior_efficiency_persistence,1631044,40.0,-0.3793175213423006,0.3149836075242134,-1.204245275885164
20,R01_prior_efficiency_persistence,1631083,21.0,0.2997800107865371,0.2783305880858084,1.0770645542347501
20,R01_prior_efficiency_persistence,1631086,37.0,-0.40671295573595634,0.6978074667276372,-0.5828440868413657
20,R01_prior_efficiency_persistence,1631089,13.0,-0.424893843035948,0.9653065347058424,-0.440164681124246
20,R01_prior_efficiency_persistence,1631135,21.0,0.04238320722778097,0.36406387601586937,0.11641695323249678
20,R01_prior_efficiency_persistence,1631263,8.0,0.048496139058697575,0.5048599425997593,0.09605859955727193
20,R01_prior_efficiency_persistence,1641602,14.0,0.24351110795254483,0.5799095899109001,0.4199121935368562
20,R01_prior_efficiency_persistence,1641648,72.0,-1.1174578892816593,0.516953666692324,-2.16162097549593
20,R01_prior_efficiency_persistence,1641649,25.0,0.18147132913269556,0.4469402887316478,0.4060303662658944
20,R01_prior_efficiency_persistence,1641650,25.0,-0.6945602039039257,0.41778114879999173,-1.662497711777893
20,R01_prior_efficiency_persistence,1641651,42.0,-0.18391409754768892,0.41392335657135665,-0.4443192069930555
20,R01_prior_efficiency_persistence,1641652,15.0,0.00919786187578008,0.5303262992872568,0.017343778515494592
20,R01_prior_efficiency_persistence,1641657,38.0,0.1194411030567177,0.2760657030212442,0.43265462442296315
20,R01_prior_efficiency_persistence,1641658,11.0,-1.90450035651498,0.9954618553888159,-1.9131826560758616
20,R01_prior_efficiency_persistence,1641660,8.0,-1.3475318797243896,0.8419372339488614,-1.600513465123978
20,R01_prior_efficiency_persistence,1642210,31.0,-0.24544041012441553,0.7111053147311955,-0.3451533901377102
20,R01_prior_efficiency_persistence,1642244,17.0,-0.8388977198453476,0.48429026470234415,-1.7322209034306177
20,R01_prior_efficiency_persistence,1642286,36.0,-0.4697403380117431,0.7541766286004657,-0.6228518893292221
20,R01_prior_efficiency_persistence,1642287,8.0,-0.6518658434931304,0.8661913986217024,-0.7525655929282947
20,R01_prior_efficiency_persistence,1642288,33.0,-1.2433183200418068,0.41813496876090106,-2.9734856276820127
20,R01_prior_efficiency_persistence,1642289,26.0,-0.11276504810922286,0.46512300477961915,-0.24244134766598416
20,R01_prior_efficiency_persistence,1642290,23.0,-1.7631139221828651,1.0719698468167078,-1.6447420861869946
20,R01_prior_efficiency_persistence,1642291,31.0,-0.5619269571735106,0.9338324729639296,-0.6017427894641395
20,R01_prior_efficiency_persistence,1642292,25.0,0.3814356781859457,0.6121607629562628,0.6230972340401344
20,R01_prior_efficiency_persistence,1642298,8.0,-1.41449258481674,0.8044939949073654,-1.7582388355547809
20,R02_opp_efg_allowed,100720,27.0,-2.56566682250077,1.2231683090786085,-2.0975582865071467
20,R02_opp_efg_allowed,100940,78.0,0.7664898558893783,1.2332726918977441,0.6215088203322767
20,R02_opp_efg_allowed,201480,25.0,1.7036063227113372,0.9507754109482938,1.791807300750634
20,R02_opp_efg_allowed,201496,43.0,-1.543679161873775,1.2500819322631593,-1.2348623894428141
20,R02_opp_efg_allowed,201516,28.0,0.07740462018048863,1.479870030294597,0.05230501232941363
20,R02_opp_efg_allowed,201886,102.0,0.3580915531122414,0.804560868112783,0.4450770194083616
20,R02_opp_efg_allowed,201896,8.0,-3.3999157276152263,1.125591971835188,-3.0205579043638116
20,R02_opp_efg_allowed,202250,60.0,0.763795558721323,0.9990781694176227,0.7645002984766953
20,R02_opp_efg_allowed,202252,79.0,-0.012122837156798289,0.6794332035546361,-0.01784257391804585
20,R02_opp_efg_allowed,202633,16.0,2.037856625672597,2.0526651875605384,0.9927856905365359
20,R02_opp_efg_allowed,202658,36.0,-1.0934254238569219,1.2670864924275862,-0.862944582229781
20,R02_opp_efg_allowed,202664,79.0,-1.0230319039883269,0.8147479937365693,-1.2556421272012381
20,R02_opp_efg_allowed,203014,98.0,0.7163367362618254,0.8071091584591267,0.88753389644271
20,R02_opp_efg_allowed,203026,59.0,2.0555313485924662,1.034406714025086,1.987159712637573
20,R02_opp_efg_allowed,203035,31.0,-0.14656826085941432,1.4961673572918441,-0.09796247735595033
20,R02_opp_efg_allowed,203398,52.0,1.314542870707329,1.3558580709328656,0.9695283738679885
20,R02_opp_efg_allowed,203399,38.0,-1.3377550418935014,1.4145947567425712,-0.945680758052567
20,R02_opp_efg_allowed,203400,63.0,1.4338961855907646,1.0253734343950378,1.3984136291152813
20,R02_opp_efg_allowed,203403,30.0,-1.1818061503974375,1.8036499171024871,-0.6552303410941165
20,R02_opp_efg_allowed,203406,25.0,0.27042150599131826,1.1734565818286418,0.23044866778957446
20,R02_opp_efg_allowed,203416,28.0,-1.794056744558582,1.361095967787571,-1.3180971709693465
20,R02_opp_efg_allowed,203822,21.0,0.06904882837231989,1.4381511797342783,0.048012218287842155
20,R02_opp_efg_allowed,203823,12.0,-0.20201124616446645,1.2872979322262388,-0.1569265677410904
20,R02_opp_efg_allowed,203824,20.0,3.9075683187646812,2.410967277311367,1.6207471397630395
20,R02_opp_efg_allowed,203825,97.0,-1.3450714656605336,0.9478086061532133,-1.4191382700349766
20,R02_opp_efg_allowed,203826,105.0,0.5577154790369464,0.6104858627981293,0.9135600232914277
20,R02_opp_efg_allowed,203827,90.0,2.341421381749776,0.9452493774756479,2.477040913798536
20,R02_opp_efg_allowed,203828,54.0,-0.6163176073073691,1.2262460956684809,-0.5026051536346684
20,R02_opp_efg_allowed,203833,90.0,0.03551036608383998,0.7250785948448397,0.048974506124317294
20,R02_opp_efg_allowed,203855,17.0,0.39616478247198644,1.7915817382056527,0.22112570921199654
20,R02_opp_efg_allowed,203866,55.0,2.13748560014205,1.1456547604858431,1.865732744160725
20,R02_opp_efg_allowed,204296,47.0,-0.8147407253062365,1.4570937508737316,-0.5591546356009595
20,R02_opp_efg_allowed,204319,102.0,1.25928527412257,1.0594070427116966,1.1886699100085816
20,R02_opp_efg_allowed,204322,45.0,0.44423853027193105,0.9559815583836136,0.46469361921903124
20,R02_opp_efg_allowed,204323,74.0,-0.1588837188375865,0.89325802778526,-0.1778699030911842
20,R02_opp_efg_allowed,204324,91.0,-0.1097512932352094,0.7734492363896248,-0.14189850874702037
20,R02_opp_efg_allowed,204329,38.0,0.10130667122306836,1.01702893149738,0.09961041233499004
20,R02_opp_efg_allowed,204330,19.0,-0.2325404323241907,2.2187795742052514,-0.1048055584374508
20,R02_opp_efg_allowed,204333,99.0,1.0662125334825618,0.7020336508208865,1.51874847058377
20,R02_opp_efg_allowed,204335,67.0,0.226885328784092,0.7383469046457612,0.3072882507619442
20,R02_opp_efg_allowed,204365,66.0,-0.7176300441660255,0.8835167427326494,-0.8122427221316156
20,R02_opp_efg_allowed,1627668,102.0,1.4746785494468546,0.8648221022427103,1.7051813842669223
20,R02_opp_efg_allowed,1627669,55.0,0.015245075916564283,1.431895359032298,0.010646780730448903
20,R02_opp_efg_allowed,1627671,19.0,3.000114228349956,2.78674647780778,1.0765651817419801
20,R02_opp_efg_allowed,1627672,34.0,-0.6589469353374006,1.8873842709419866,-0.349132365614408
20,R02_opp_efg_allowed,1627673,96.0,1.8883205332083435,0.8716669083497646,2.166332707046666
20,R02_opp_efg_allowed,1627674,94.0,-0.04595845724738406,0.9665154620240753,-0.04755066944416794
20,R02_opp_efg_allowed,1627675,100.0,0.6687522282039889,0.8430472330447468,0.7932559434288461
20,R02_opp_efg_allowed,1627676,31.0,0.9826390843451903,1.32923052556369,0.7392540762848342
20,R02_opp_efg_allowed,1627700,8.0,4.3842982796756385,4.863054532980749,0.901552357667751
20,R02_opp_efg_allowed,1628242,9.0,-4.499003237354798,3.8232393191912557,-1.1767516657331536
20,R02_opp_efg_allowed,1628244,53.0,0.46295481164341956,1.399156776346843,0.33088129898650875
20,R02_opp_efg_allowed,1628263,47.0,-0.5860071251493338,1.3061925301092123,-0.44863763315224064
20,R02_opp_efg_allowed,1628269,33.0,-1.8098816284499104,1.3511461387596468,-1.3395158203326423
20,R02_opp_efg_allowed,1628276,104.0,1.2939745440746246,0.7269407677914418,1.7800274814768182
20,R02_opp_efg_allowed,1628277,100.0,-0.0298314741959635,0.6263951836719515,-0.04762404784323262
20,R02_opp_efg_allowed,1628278,63.0,0.8851589831453165,0.7818889218676888,1.1320776626825044
20,R02_opp_efg_allowed,1628279,76.0,0.8037140326318869,1.1216174389048672,0.716566990449634
20,R02_opp_efg_allowed,1628280,71.0,0.6530860658495199,0.791190563843454,0.8254472382442877
20,R02_opp_efg_allowed,1628317,43.0,0.3569282116017448,1.0918738863929283,0.32689508930457056
20,R02_opp_efg_allowed,1628878,84.0,-0.1533520376295417,0.685139996326532,-0.22382584355279034
20,R02_opp_efg_allowed,1628881,28.0,-2.325869968269153,1.302952858086259,-1.7850760707377595
20,R02_opp_efg_allowed,1628882,38.0,-1.0641282305389075,0.909211999357515,-1.1703851591167544
20,R02_opp_efg_allowed,1628886,74.0,0.1930584842524104,0.6610824851676642,0.29203388167733224
20,R02_opp_efg_allowed,1628890,25.0,0.5952903980542944,1.4588544577307134,0.40805331532542616
20,R02_opp_efg_allowed,1628899,40.0,0.4793383910239032,1.2561643335946877,0.3815889197014615
20,R02_opp_efg_allowed,1628909,101.0,0.4955756889597277,0.7040438611811074,0.7038988851182475
20,R02_opp_efg_allowed,1628915,32.0,1.2231432955550916,1.7991383506415197,0.6798494930192305
20,R02_opp_efg_allowed,1628920,24.0,-0.14167147946335196,1.4743505490922348,-0.09609076996687105
20,R02_opp_efg_allowed,1628922,59.0,-0.5460377419173439,1.170572418431824,-0.4664707055449436
20,R02_opp_efg_allowed,1628927,41.0,0.6686930274968048,1.0880146770849424,0.6145992711131408
20,R02_opp_efg_allowed,1628929,40.0,0.4621687693609794,1.0897542739949586,0.4241036538142703
20,R02_opp_efg_allowed,1628931,43.0,0.8411224968161539,1.1725332428356712,0.717354925291475
20,R02_opp_efg_allowed,1628932,103.0,0.7706273422875082,0.8616796729247398,0.8943315787777852
20,R02_opp_efg_allowed,1629477,101.0,1.2885672823873788,0.9101959415930752,1.4157031728048108
20,R02_opp_efg_allowed,1629478,43.0,-0.9504025885608239,1.2348693844563259,-0.7696381500131338
20,R02_opp_efg_allowed,1629479,69.0,0.2667362969730884,1.1425314404142657,0.23346079375844014
20,R02_opp_efg_allowed,1629480,11.0,-0.8838975072942991,3.6042765113947186,-0.24523576493088323
20,R02_opp_efg_allowed,1629481,98.0,1.6006873032259044,0.9014776631847277,1.775626139832482
20,R02_opp_efg_allowed,1629482,83.0,-0.2372043661601083,0.9698828074889054,-0.24457013190515978
20,R02_opp_efg_allowed,1629483,64.0,1.451789511074353,1.021912992223415,1.4206586295724057
20,R02_opp_efg_allowed,1629484,13.0,5.308438256544455,2.6760907434774395,1.9836540556343085
20,R02_opp_efg_allowed,1629488,66.0,-0.5184727720582589,0.5464555522880171,-0.9487922117131139
20,R02_opp_efg_allowed,1629491,39.0,-0.24520869360651784,1.0638870521525396,-0.23048376527413544
20,R02_opp_efg_allowed,1629496,91.0,0.8383395820990043,0.6228436671456998,1.3459871655127453
20,R02_opp_efg_allowed,1629497,98.0,0.3873392418193815,0.954764134746022,0.40569102642551413
20,R02_opp_efg_allowed,1629498,102.0,0.199241483574022,0.7939162493982981,0.2509603295373099
20,R02_opp_efg_allowed,1629501,66.0,-0.9868340690644778,0.9334140850819599,-1.0572307455354364
20,R02_opp_efg_allowed,1629524,49.0,1.1762976479358591,1.2955473036957816,0.9079542248903291
20,R02_opp_efg_allowed,1629546,26.0,-1.891980901734694,1.8303200923038352,-1.033688538791729
20,R02_opp_efg_allowed,1629567,62.0,0.5785849837674636,1.097796927900769,0.5270419046205989
20,R02_opp_efg_allowed,1629568,9.0,1.88365036987925,1.2641685220518477,1.4900310654958668
20,R02_opp_efg_allowed,1629574,8.0,-1.4625425073954643,4.530610321323998,-0.3228135733748251
20,R02_opp_efg_allowed,1630096,54.0,0.7461964934739608,0.9250410327042194,0.8066631285453
20,R02_opp_efg_allowed,1630101,54.0,-0.8461205468043562,0.9210413895861076,-0.9186563778470164
20,R02_opp_efg_allowed,1630112,60.0,1.9529278541460715,0.8228411366944904,2.3733959898885884
20,R02_opp_efg_allowed,1630134,31.0,-0.6579795854114274,1.454000062396714,-0.4525306445495201
20,R02_opp_efg_allowed,1630142,25.0,3.1359416980971946,1.5561706084641893,2.015165741494185
20,R02_opp_efg_allowed,1630149,49.0,1.3679473803477358,1.3874295812425896,0.9859580614697536
20,R02_opp_efg_allowed,1630150,31.0,1.6248702576543146,1.650532450508123,0.9844521730875948
20,R02_opp_efg_allowed,1630386,11.0,2.1219734952137594,2.068772320664418,1.0257163023779508
20,R02_opp_efg_allowed,1630389,40.0,0.09151752585248668,1.4547739439242149,0.06290841696382088
20,R02_opp_efg_allowed,1630442,8.0,0.6010668878253471,1.418232338030705,0.42381411825650667
20,R02_opp_efg_allowed,1630446,48.0,-0.8198858919435064,1.3647205294874991,-0.6007720073291508
20,R02_opp_efg_allowed,1630462,52.0,1.1006864850120417,0.9790934849732502,1.1241893669041354
20,R02_opp_efg_allowed,1630471,16.0,-0.01051520722478867,2.0630832479236685,-0.005096840971090915
20,R02_opp_efg_allowed,1630996,18.0,-0.41555217505739356,2.459474444738371,-0.16895974501641886
20,R02_opp_efg_allowed,1631007,24.0,0.059825666355541915,1.4911174529169826,0.04012136417457162
20,R02_opp_efg_allowed,1631009,94.0,1.1316607597341661,0.8623871768590803,1.3122420997211637
20,R02_opp_efg_allowed,1631019,80.0,-0.33294285856383354,0.8342105573818364,-0.3991112982419837
20,R02_opp_efg_allowed,1631022,39.0,-0.5218869644933998,0.9473957156484047,-0.5508648137977027
20,R02_opp_efg_allowed,1631031,23.0,1.137178595973813,1.2028225730925526,0.9454250538797557
20,R02_opp_efg_allowed,1631044,40.0,2.000298079201329,1.0445855769096544,1.9149202549006032
20,R02_opp_efg_allowed,1631083,21.0,3.3436360343574543,2.1769394316909754,1.5359343423533962
20,R02_opp_efg_allowed,1631086,37.0,-2.9024274863518533,1.3471134198123087,-2.154553168029641
20,R02_opp_efg_allowed,1631089,13.0,6.455015200539044,4.059410399409631,1.5901361442730233
20,R02_opp_efg_allowed,1631135,21.0,-1.9895931434302194,2.0338571731154715,-0.978236411941627
20,R02_opp_efg_allowed,1631263,8.0,0.2261976776473512,2.8320243487425203,0.07987137460445487
20,R02_opp_efg_allowed,1641602,14.0,-3.4030272492027973,2.17911600319246,-1.561654929896929
20,R02_opp_efg_allowed,1641648,72.0,-0.2254817941173607,0.8858123295222959,-0.25454804206547826
20,R02_opp_efg_allowed,1641649,25.0,-1.106500443589896,1.887024431176912,-0.5863731413905364
20,R02_opp_efg_allowed,1641650,25.0,2.298214760550163,1.327584351566098,1.7311252259331402
20,R02_opp_efg_allowed,1641651,42.0,0.30435736272690983,1.1966627205670506,0.25433846772020025
20,R02_opp_efg_allowed,1641652,15.0,0.7594178988442543,1.3737050252672491,0.5528245765108942
20,R02_opp_efg_allowed,1641657,38.0,1.089820305000111,0.9150693471261342,1.1909701799353234
20,R02_opp_efg_allowed,1641658,11.0,4.299640008187475,3.331322424508048,1.2906706287436056
20,R02_opp_efg_allowed,1641660,8.0,-0.8299494553932669,5.239081458917961,-0.15841506987461085
20,R02_opp_efg_allowed,1642210,31.0,1.4577111842609203,1.1662241206314936,1.2499408634007592
20,R02_opp_efg_allowed,1642244,17.0,-0.8205285634164355,1.5184931688308738,-0.5403570989049501
20,R02_opp_efg_allowed,1642286,36.0,1.6307075521920145,1.3161300170324657,1.2390170660105755
20,R02_opp_efg_allowed,1642287,8.0,-7.986725271631983,4.773642779014682,-1.6730881721485886
20,R02_opp_efg_allowed,1642288,33.0,2.2117956710963793,1.2338692609713928,1.7925689058459005
20,R02_opp_efg_allowed,1642289,26.0,0.2465277294815249,1.265810891499818,0.19475873618801165
20,R02_opp_efg_allowed,1642290,23.0,-0.37938282468968004,1.248667935947031,-0.30383003660772595
20,R02_opp_efg_allowed,1642291,31.0,0.09523283449645228,1.2363522397027051,0.07702726734199317
20,R02_opp_efg_allowed,1642292,25.0,-0.840494745330608,1.0197553722099104,-0.8242121279627809
20,R02_opp_efg_allowed,1642298,8.0,-0.4993406164514434,2.273549550617966,-0.2196304084578756
20,R03_opp_ts_allowed,100720,27.0,-2.6488863454931715,1.2106319255044284,-2.1880195703491565
20,R03_opp_ts_allowed,100940,78.0,0.7034438312406603,1.224745265076025,0.5743592984595002
20,R03_opp_ts_allowed,201480,25.0,1.5645587884645547,0.9928718484953761,1.5757912673579453
20,R03_opp_ts_allowed,201496,43.0,-2.1727817740418867,1.2609732673291922,-1.7230989984775433
20,R03_opp_ts_allowed,201516,28.0,-0.33440715096905993,1.5607073221784098,-0.21426640742756298
20,R03_opp_ts_allowed,201886,102.0,0.5059396350858549,0.7825314852065519,0.6465422090362414
20,R03_opp_ts_allowed,201896,8.0,-3.84459656905938,1.650274695365849,-2.3296706783758037
20,R03_opp_ts_allowed,202250,60.0,1.0285833028890472,0.9915005801694524,1.0374006061733794
20,R03_opp_ts_allowed,202252,79.0,-0.1814121291872809,0.6698572468534714,-0.27082207446352236
20,R03_opp_ts_allowed,202633,16.0,1.793164305147446,1.8160490788629566,0.9873985929224781
20,R03_opp_ts_allowed,202658,36.0,-1.5028942531600873,1.2936756998660104,-1.1617241116268522
20,R03_opp_ts_allowed,202664,79.0,-1.0941512071627844,0.8752902710033071,-1.2500438350681158
20,R03_opp_ts_allowed,203014,98.0,1.1961759568071733,0.7620063604638251,1.5697716172330554
20,R03_opp_ts_allowed,203026,59.0,2.078157571308342,0.9677070666292474,2.1475068674935445
20,R03_opp_ts_allowed,203035,31.0,0.0035787860702856866,1.5500886613654947,0.0023087621756636063
20,R03_opp_ts_allowed,203398,52.0,1.9004988530794136,1.3000590878213805,1.4618557501599725
20,R03_opp_ts_allowed,203399,38.0,-0.8914691773611915,1.5346595158907177,-0.5808905285702947
20,R03_opp_ts_allowed,203400,63.0,0.7451023783072301,0.9938823465034271,0.7496887140903261
20,R03_opp_ts_allowed,203403,30.0,-1.9978763244921616,1.6645852263629368,-1.2002247123491867
20,R03_opp_ts_allowed,203406,25.0,-0.11419972648618106,1.1094386173686595,-0.10293469570857132
20,R03_opp_ts_allowed,203416,28.0,-1.627670975553358,1.4815976522809853,-1.0985917621072674
20,R03_opp_ts_allowed,203822,21.0,0.3317158565687086,1.527715895092834,0.21713190105189772
20,R03_opp_ts_allowed,203823,12.0,-0.14716155195346298,1.265837846528096,-0.11625624273843091
20,R03_opp_ts_allowed,203824,20.0,3.2198533792058273,2.2136634542087186,1.454536087264798
20,R03_opp_ts_allowed,203825,97.0,-0.620004504205885,0.9206993482586905,-0.6734060422422297
20,R03_opp_ts_allowed,203826,105.0,0.6375502709801777,0.5919262292618975,1.07707724284354
20,R03_opp_ts_allowed,203827,90.0,1.9037968301259338,0.9158630482072555,2.078691605532614
20,R03_opp_ts_allowed,203828,54.0,-0.14361878009636853,1.1698533769990058,-0.1227664790478188
20,R03_opp_ts_allowed,203833,90.0,0.42257376426572407,0.7822075202696467,0.5402322955423035
20,R03_opp_ts_allowed,203855,17.0,0.3692918980307026,1.6591530333517166,0.22257856304230259
20,R03_opp_ts_allowed,203866,55.0,1.8005995828984607,1.1066261905283417,1.627107327035873
20,R03_opp_ts_allowed,204296,47.0,-0.9356785115734672,1.371887391535121,-0.6820374014272828
20,R03_opp_ts_allowed,204319,102.0,1.563119713639658,1.025532043968867,1.5242036783075994
20,R03_opp_ts_allowed,204322,45.0,0.21308956261525344,0.9447585116356614,0.2255492382347858
20,R03_opp_ts_allowed,204323,74.0,-0.061312252643259665,0.8664927386982074,-0.07075910726658062
20,R03_opp_ts_allowed,204324,91.0,-0.2480727749933463,0.8088359674894579,-0.306703441692063
20,R03_opp_ts_allowed,204329,38.0,-0.22355466465229956,0.991271725762003,-0.22552309204668408
20,R03_opp_ts_allowed,204330,19.0,-0.9494535671804007,2.0264269738486034,-0.4685357920286623
20,R03_opp_ts_allowed,204333,99.0,1.0161393373124659,0.7042168877670462,1.4429352021569286
20,R03_opp_ts_allowed,204335,67.0,0.49784459700728173,0.7720690389121538,0.6448187557277848
20,R03_opp_ts_allowed,204365,66.0,-0.7337988711730745,0.8829267919918539,-0.8310982040964555
20,R03_opp_ts_allowed,1627668,102.0,1.4448134066371088,0.9025520294220329,1.6008089944269734
20,R03_opp_ts_allowed,1627669,55.0,-0.05437753119663729,1.2814888389020858,-0.0424330899699643
20,R03_opp_ts_allowed,1627671,19.0,2.15000204944367,2.505853788482457,0.8579918187268656
20,R03_opp_ts_allowed,1627672,34.0,0.07221788769057735,1.8283073861493113,0.039499861039602874
20,R03_opp_ts_allowed,1627673,96.0,1.9342581798682772,0.856480672871417,2.2583792502678763
20,R03_opp_ts_allowed,1627674,94.0,0.1982252386933533,0.958254131042283,0.2068608235247009
20,R03_opp_ts_allowed,1627675,100.0,0.7306049496696791,0.8315928896284496,0.8785608424286898
20,R03_opp_ts_allowed,1627676,31.0,0.5350640844262401,1.326329413321122,0.403417189615393
20,R03_opp_ts_allowed,1627700,8.0,2.6976831724627743,4.457939881741851,0.6051412185955071
20,R03_opp_ts_allowed,1628242,9.0,-3.8646379503750783,3.3161247479370464,-1.165407891479131
20,R03_opp_ts_allowed,1628244,53.0,0.19738124197663853,1.356838969345526,0.1454713834404725
20,R03_opp_ts_allowed,1628263,47.0,-0.6439004175101432,1.1938516730540274,-0.5393470830953081
20,R03_opp_ts_allowed,1628269,33.0,-1.7401581475049872,1.3877990912661198,-1.253897742444407
20,R03_opp_ts_allowed,1628276,104.0,1.4841374062918689,0.7738786887409335,1.917790769902832
20,R03_opp_ts_allowed,1628277,100.0,0.08899006186821314,0.6068278673560535,0.1466479485458413
20,R03_opp_ts_allowed,1628278,63.0,1.168689401004453,0.835798126405654,1.3982914822152048
20,R03_opp_ts_allowed,1628279,76.0,0.8214117089274439,1.1323005571820528,0.7254361076812366
20,R03_opp_ts_allowed,1628280,71.0,0.7857456624248069,0.7761342453869614,1.0123837043591002
20,R03_opp_ts_allowed,1628317,43.0,0.7462444166490301,1.042848995584867,0.7155824283366256
20,R03_opp_ts_allowed,1628878,84.0,-0.1429494617182177,0.7291060285012901,-0.1960612807057112
20,R03_opp_ts_allowed,1628881,28.0,-2.3479085739147267,1.3439016577992742,-1.7470836205080502
20,R03_opp_ts_allowed,1628882,38.0,-0.9444482936448259,0.9198924409903059,-1.026694265068734
20,R03_opp_ts_allowed,1628886,74.0,0.4442792118065363,0.6337139307978114,0.701072187646582
20,R03_opp_ts_allowed,1628890,25.0,0.35463928878575046,1.5469288520143516,0.22925378133839364
20,R03_opp_ts_allowed,1628899,40.0,0.02872620473786285,1.3944995969619565,0.02059965079978903
20,R03_opp_ts_allowed,1628909,101.0,0.6449520355145778,0.7366590131302346,0.8755095967319091
20,R03_opp_ts_allowed,1628915,32.0,1.2891160360324698,1.6404936630777647,0.7858098236197585
20,R03_opp_ts_allowed,1628920,24.0,-0.0813674577754361,1.4099785094058879,-0.057708296426249285
20,R03_opp_ts_allowed,1628922,59.0,-0.6992469525755713,1.0720900095165378,-0.6522278412900228
20,R03_opp_ts_allowed,1628927,41.0,1.036547982690822,1.2671797594044882,0.8179960064844692
20,R03_opp_ts_allowed,1628929,40.0,0.6620509626055319,1.0686166119932978,0.6195402122474998
20,R03_opp_ts_allowed,1628931,43.0,0.6455505474653505,1.2116415582482065,0.5327900343717894
20,R03_opp_ts_allowed,1628932,103.0,1.1037230493249266,0.9194152039750997,1.2004620377746316
20,R03_opp_ts_allowed,1629477,101.0,0.9206999516684106,0.9391205671815631,0.9803852496081142
20,R03_opp_ts_allowed,1629478,43.0,-0.4243211086739456,1.214414932929478,-0.34940373110397704
20,R03_opp_ts_allowed,1629479,69.0,-0.14732889033041285,1.1111087637199661,-0.13259628142717475
20,R03_opp_ts_allowed,1629480,11.0,-3.3805300653299057,3.7937192673244744,-0.8910859837327998
20,R03_opp_ts_allowed,1629481,98.0,2.068949490128331,0.8461270894600001,2.445199445686981
20,R03_opp_ts_allowed,1629482,83.0,-0.12579238812692276,0.9290762119884852,-0.13539512313816707
20,R03_opp_ts_allowed,1629483,64.0,1.6007246235676593,0.9397029700396343,1.7034368035467045
20,R03_opp_ts_allowed,1629484,13.0,4.334761063015019,2.6196956998975316,1.654681138417936
20,R03_opp_ts_allowed,1629488,66.0,-0.36954741596682333,0.5384955521215357,-0.6862589941753472
20,R03_opp_ts_allowed,1629491,39.0,-0.4123712177224196,0.9919805632884312,-0.41570493715663387
20,R03_opp_ts_allowed,1629496,91.0,1.0398905216542422,0.6000312548963443,1.7330605917084831
20,R03_opp_ts_allowed,1629497,98.0,0.39798920300132856,0.9166184886256502,0.4341928598866268
20,R03_opp_ts_allowed,1629498,102.0,0.7210663768217151,0.8481819005196085,0.8501317658157754
20,R03_opp_ts_allowed,1629501,66.0,-0.9916143741118262,0.9272559052781948,-1.069407451025424
20,R03_opp_ts_allowed,1629524,49.0,1.2077559826934616,1.294959301165259,0.9326594137797782
20,R03_opp_ts_allowed,1629546,26.0,-1.1833129329486576,1.9060879021905934,-0.6208071157624586
20,R03_opp_ts_allowed,1629567,62.0,0.7461739927646949,1.0481530062248117,0.7118941493591946
20,R03_opp_ts_allowed,1629568,9.0,1.5891299811841406,1.3050912065584344,1.2176390226202851
20,R03_opp_ts_allowed,1629574,8.0,-0.032476192446979406,4.6705281229848055,-0.006953430445511324
20,R03_opp_ts_allowed,1630096,54.0,0.4775169161391805,0.9366260878936884,0.5098266237843473
20,R03_opp_ts_allowed,1630101,54.0,-0.5389541131445112,0.845731444868206,-0.6372638931836084
20,R03_opp_ts_allowed,1630112,60.0,1.9840312118178443,0.8207755334969897,2.4172640762873336
20,R03_opp_ts_allowed,1630134,31.0,-0.26555334881258386,1.3445535197679492,-0.1975029962796978
20,R03_opp_ts_allowed,1630142,25.0,3.6572311444369654,1.4691198783558161,2.4894028038950786
20,R03_opp_ts_allowed,1630149,49.0,1.396452840121652,1.300139670808978,1.074079094327416
20,R03_opp_ts_allowed,1630150,31.0,1.5118367969508792,1.4839106940864402,1.0188192611426874
20,R03_opp_ts_allowed,1630386,11.0,0.973557807023515,2.083867137206559,0.4671880417139152
20,R03_opp_ts_allowed,1630389,40.0,0.5653402712610059,1.4489499964966277,0.3901723818129853
20,R03_opp_ts_allowed,1630442,8.0,0.6898251191287288,1.3452460911985582,0.512787306086222
20,R03_opp_ts_allowed,1630446,48.0,-1.0245399227288003,1.2973685330780729,-0.7897061602827897
20,R03_opp_ts_allowed,1630462,52.0,1.280839571027821,0.9778658481269381,1.3098315821962867
20,R03_opp_ts_allowed,1630471,16.0,0.15372865807685265,2.0325010252324405,0.07563521797450112
20,R03_opp_ts_allowed,1630996,18.0,-1.0480986469286582,2.1906787516039685,-0.4784355744361251
20,R03_opp_ts_allowed,1631007,24.0,-0.058855571783933476,1.4297716431243765,-0.0411643160409313
20,R03_opp_ts_allowed,1631009,94.0,1.4284284548945467,0.844148033709803,1.6921539799328666
20,R03_opp_ts_allowed,1631019,80.0,-0.10349261812722663,0.8447141973242089,-0.1225179101464838
20,R03_opp_ts_allowed,1631022,39.0,-0.8354503885523777,0.9635757626310089,-0.8670313440338211
20,R03_opp_ts_allowed,1631031,23.0,0.8313317769613783,1.4189832684718648,0.5858643970176324
20,R03_opp_ts_allowed,1631044,40.0,1.4203854647027816,1.0173582080927754,1.3961507887822076
20,R03_opp_ts_allowed,1631083,21.0,3.113743265426741,2.3180575900133857,1.3432553526026765
20,R03_opp_ts_allowed,1631086,37.0,-2.7159239751493383,1.3110363168703705,-2.0715856152883956
20,R03_opp_ts_allowed,1631089,13.0,3.553437546105121,3.43571433332083,1.0342645521027658
20,R03_opp_ts_allowed,1631135,21.0,-1.8981902684960186,1.885208896603126,-1.0068859063397606
20,R03_opp_ts_allowed,1631263,8.0,1.7933817445301716,3.067852148515589,0.5845724166980855
20,R03_opp_ts_allowed,1641602,14.0,-3.3634881832711225,2.093227556599319,-1.6068430652305588
20,R03_opp_ts_allowed,1641648,72.0,-0.43839855893355,0.8993085290572707,-0.48748404442812915
20,R03_opp_ts_allowed,1641649,25.0,-1.1122251608724774,1.6405570666992235,-0.6779557891943728
20,R03_opp_ts_allowed,1641650,25.0,1.8283487730027586,1.371870646661883,1.3327413757642568
20,R03_opp_ts_allowed,1641651,42.0,0.24662398429161814,1.1946438470452827,0.20644143013969746
20,R03_opp_ts_allowed,1641652,15.0,1.6933759618162532,1.5621674228294953,1.0839913424574588
20,R03_opp_ts_allowed,1641657,38.0,0.8651218163231756,0.8669149052551964,0.9979316436698098
20,R03_opp_ts_allowed,1641658,11.0,3.7978099012748214,3.790727756939264,1.0018682809185104
20,R03_opp_ts_allowed,1641660,8.0,0.002585983594891158,3.988264882140997,0.0006483981559176028
20,R03_opp_ts_allowed,1642210,31.0,1.4740145581069433,1.1116665492066724,1.3259502673340815
20,R03_opp_ts_allowed,1642244,17.0,-1.3462576958477888,1.5598552754564443,-0.8630657709279134
20,R03_opp_ts_allowed,1642286,36.0,2.5148759032488246,1.324587183197369,1.8986110806072156
20,R03_opp_ts_allowed,1642287,8.0,-6.467103543855114,4.099776134864722,-1.5774284573390505
20,R03_opp_ts_allowed,1642288,33.0,2.2001106312882652,1.1161874858529734,1.9710941568270444
20,R03_opp_ts_allowed,1642289,26.0,0.3886332307482683,1.1854850484943165,0.32782634520939
20,R03_opp_ts_allowed,1642290,23.0,-0.25881088198327284,1.22355517778287,-0.2115236702706357
20,R03_opp_ts_allowed,1642291,31.0,0.08361399226195872,1.157800052878804,0.07221798967279133
20,R03_opp_ts_allowed,1642292,25.0,-0.47807260438063837,0.9694169768293942,-0.4931547680795087
20,R03_opp_ts_allowed,1642298,8.0,-0.49826235188044055,2.3228448231888117,-0.21450522519038692
20,R04_opp_defrtg,100720,27.0,-0.013454141146168328,0.00602373982924417,-2.233519628595329
20,R04_opp_defrtg,100940,78.0,0.006109600174856148,0.006262347483708251,0.9756086181340973
20,R04_opp_defrtg,201480,25.0,0.008847487139649621,0.004995923558712293,1.770941255540362
20,R04_opp_defrtg,201496,43.0,-0.011852092718068911,0.0062030639010944464,-1.9106836407050023
20,R04_opp_defrtg,201516,28.0,-0.0034599378374632465,0.0068437631801111206,-0.505560719505649
20,R04_opp_defrtg,201886,102.0,0.0010460344753832488,0.004009940176629534,0.26086036930916756
20,R04_opp_defrtg,201896,8.0,-0.02056507889926637,0.011658171405002235,-1.7640055361034064
20,R04_opp_defrtg,202250,60.0,0.004664436462301705,0.004410439629215494,1.057589912670767
20,R04_opp_defrtg,202252,79.0,-0.0019063940476192608,0.003362313472349676,-0.5669887900984499
20,R04_opp_defrtg,202633,16.0,0.008601815060248982,0.007475758818634385,1.1506276846181478
20,R04_opp_defrtg,202658,36.0,-0.008276414767867082,0.004869068444836713,-1.6997942956919423
20,R04_opp_defrtg,202664,79.0,-0.0029023039461649855,0.004031752935756519,-0.7198615570972224
20,R04_opp_defrtg,203014,98.0,0.005868443120179316,0.0036675885148024956,1.600082205649327
20,R04_opp_defrtg,203026,59.0,0.01081816479701595,0.004784098894535192,2.2612753280191145
20,R04_opp_defrtg,203035,31.0,0.0035542771073743865,0.007307992236725183,0.4863548006404437
20,R04_opp_defrtg,203398,52.0,0.006894078732048685,0.006064623030600215,1.1367695398812578
20,R04_opp_defrtg,203399,38.0,-0.0007881454137662634,0.0069380638504136505,-0.11359731342329371
20,R04_opp_defrtg,203400,63.0,5.5444499857210744e-05,0.004455410691124391,0.012444307315521227
20,R04_opp_defrtg,203403,30.0,-0.019809896143753444,0.009921096212263539,-1.9967446862642344
20,R04_opp_defrtg,203406,25.0,-0.0012705890354139885,0.005591615469060485,-0.22723111817048383
20,R04_opp_defrtg,203416,28.0,-0.005426483616655233,0.006416158510690415,-0.8457527362539103
20,R04_opp_defrtg,203822,21.0,-0.0013664395417070047,0.006775757789346838,-0.20166593673926547
20,R04_opp_defrtg,203823,12.0,-0.002314831746679679,0.007510238229503685,-0.3082234778633187
20,R04_opp_defrtg,203824,20.0,0.019124585685647892,0.009014779029319905,2.121470268261328
20,R04_opp_defrtg,203825,97.0,-0.0002673770138776861,0.004656720037489635,-0.0574174551454944
20,R04_opp_defrtg,203826,105.0,0.0028689689055531823,0.003021710717727539,0.9494518746356947
20,R04_opp_defrtg,203827,90.0,0.01122076024439317,0.004146700775466813,2.705948861991374
20,R04_opp_defrtg,203828,54.0,-0.0006161204963859775,0.005035739639242997,-0.1223495534964942
20,R04_opp_defrtg,203833,90.0,0.0025213472643809,0.004079322717488881,0.6180798723208083
20,R04_opp_defrtg,203855,17.0,0.0014395365676989156,0.008831178202800424,0.16300617365443143
20,R04_opp_defrtg,203866,55.0,0.007586858107897851,0.004861963793518527,1.5604513793401493
20,R04_opp_defrtg,204296,47.0,-0.0020416892146850525,0.006155015405501141,-0.3317114710810083
20,R04_opp_defrtg,204319,102.0,0.010068910989486961,0.004845055993528782,2.078182585079581
20,R04_opp_defrtg,204322,45.0,-0.0025541833304268233,0.005009407681816371,-0.5098773133794327
20,R04_opp_defrtg,204323,74.0,-0.0012018851870345488,0.004498176429296725,-0.26719387421236823
20,R04_opp_defrtg,204324,91.0,0.004728771796908355,0.0038080398287023095,1.2417863283010382
20,R04_opp_defrtg,204329,38.0,-0.0027285303829172134,0.00395640599426821,-0.6896487334389179
20,R04_opp_defrtg,204330,19.0,-0.001241738568679552,0.008171781079816644,-0.15195445846518124
20,R04_opp_defrtg,204333,99.0,0.009458642475303673,0.003416854707277042,2.7682308103880278
20,R04_opp_defrtg,204335,67.0,0.005867090063081483,0.003639852800848364,1.6119031136956974
20,R04_opp_defrtg,204365,66.0,-0.0008372346335142601,0.004329614545707561,-0.19337394233957986
20,R04_opp_defrtg,1627668,102.0,0.010496914812663493,0.004153652787975535,2.527152689086375
20,R04_opp_defrtg,1627669,55.0,0.004253260627879089,0.007245409428341212,0.5870283342777006
20,R04_opp_defrtg,1627671,19.0,0.008699946493909634,0.012427602555953737,0.7000502675185504
20,R04_opp_defrtg,1627672,34.0,0.008826653625796986,0.009090340698865561,0.9709926083296875
20,R04_opp_defrtg,1627673,96.0,0.0086403852824245,0.0040865618978233546,2.1143409786663625
20,R04_opp_defrtg,1627674,94.0,0.006727016469427498,0.004633926943852467,1.451688071680068
20,R04_opp_defrtg,1627675,100.0,0.004260954422653827,0.0041199285111810134,1.0342301841136528
20,R04_opp_defrtg,1627676,31.0,0.0007196261603898464,0.006367247920244929,0.11301996865894999
20,R04_opp_defrtg,1627700,8.0,0.012816491369343964,0.020592052930204968,0.6223998846926231
20,R04_opp_defrtg,1628242,9.0,-0.0011665924868200508,0.012628426754167834,-0.09237829141583558
20,R04_opp_defrtg,1628244,53.0,0.007897460013316817,0.0055507227806653025,1.422780478395687
20,R04_opp_defrtg,1628263,47.0,-0.00347805648530847,0.005594061912763733,-0.6217407922090988
20,R04_opp_defrtg,1628269,33.0,-0.008209022015723454,0.0059530122098757215,-1.378969457194315
20,R04_opp_defrtg,1628276,104.0,0.008152173943765812,0.003857180029770161,2.1135062094188997
20,R04_opp_defrtg,1628277,100.0,0.0005032177674930566,0.0027963500435953543,0.17995521291964356
20,R04_opp_defrtg,1628278,63.0,0.005526650402735692,0.003696058657743932,1.4952821138691426
20,R04_opp_defrtg,1628279,76.0,0.0058901331579961245,0.005355314227682549,1.0998669559946648
20,R04_opp_defrtg,1628280,71.0,0.0046848814171301205,0.003879856772856844,1.2074882376857727
20,R04_opp_defrtg,1628317,43.0,0.002273135922935187,0.004652865543924692,0.4885453709065912
20,R04_opp_defrtg,1628878,84.0,0.001925002955460582,0.0031997841233540616,0.6016040086612985
20,R04_opp_defrtg,1628881,28.0,-0.003251645848735561,0.0062030939612791915,-0.5241974197123095
20,R04_opp_defrtg,1628882,38.0,-0.0018820086909389648,0.0047150640850138915,-0.39914806183030277
20,R04_opp_defrtg,1628886,74.0,0.0016765821432768637,0.0031733157076595034,0.5283376435663365
20,R04_opp_defrtg,1628890,25.0,0.0003336047067414047,0.007761752392246281,0.04298059122250075
20,R04_opp_defrtg,1628899,40.0,0.0019480426737438707,0.006108423487075407,0.31891087411762853
20,R04_opp_defrtg,1628909,101.0,0.007393226104208205,0.003378945269778424,2.188027776103346
20,R04_opp_defrtg,1628915,32.0,0.004290460501742849,0.007150691979779069,0.6000063369916555
20,R04_opp_defrtg,1628920,24.0,0.004774924295157342,0.006956683673502067,0.6863793898441836
20,R04_opp_defrtg,1628922,59.0,-0.004048835371736852,0.0048700537955235395,-0.8313738495986357
20,R04_opp_defrtg,1628927,41.0,-0.0005939157812586069,0.005425778527533966,-0.1094618547817033
20,R04_opp_defrtg,1628929,40.0,0.004054290164426798,0.0055255337939592135,0.7337372850491202
20,R04_opp_defrtg,1628931,43.0,0.007277653375251936,0.005674731256090657,1.282466613276333
20,R04_opp_defrtg,1628932,103.0,0.008560306972310236,0.00455566016412985,1.8790486260832167
20,R04_opp_defrtg,1629477,101.0,0.007455635814060304,0.004291711973568112,1.7372171897783995
20,R04_opp_defrtg,1629478,43.0,-0.0027024523653001163,0.005603440725963438,-0.4822844565444145
20,R04_opp_defrtg,1629479,69.0,-0.005009470986879013,0.004761236595079631,-1.052136537817909
20,R04_opp_defrtg,1629480,11.0,-0.01090256630444581,0.01999887676307796,-0.5451589323543504
20,R04_opp_defrtg,1629481,98.0,0.01080703619530698,0.0037477181651776785,2.883630977302857
20,R04_opp_defrtg,1629482,83.0,0.0026961098903242513,0.00462810297415446,0.5825518371956325
20,R04_opp_defrtg,1629483,64.0,0.007939487607676094,0.0046416157925796755,1.7105008174887213
20,R04_opp_defrtg,1629484,13.0,0.024210866773172614,0.015017529811337407,1.6121737114778187
20,R04_opp_defrtg,1629488,66.0,0.0012426310923443513,0.0027884157792837177,0.44564053236836715
20,R04_opp_defrtg,1629491,39.0,0.0015896189131632378,0.004957867842304309,0.3206255115554709
20,R04_opp_defrtg,1629496,91.0,0.0033798747725720425,0.002905652885427415,1.1632066546981474
20,R04_opp_defrtg,1629497,98.0,0.005688717742217721,0.004413805460843624,1.288846505058793
20,R04_opp_defrtg,1629498,102.0,0.0043949231371745775,0.004220132986649683,1.0414181617209317
20,R04_opp_defrtg,1629501,66.0,-0.0014157541333949853,0.004652748114692704,-0.3042834252996071
20,R04_opp_defrtg,1629524,49.0,0.00749164758950803,0.005946946779838737,1.259746869587957
20,R04_opp_defrtg,1629546,26.0,-0.008724207217792422,0.010191161311028882,-0.8560562384927691
20,R04_opp_defrtg,1629567,62.0,0.006572046997996829,0.005573966775046075,1.1790610283898766
20,R04_opp_defrtg,1629568,9.0,0.0019053888743606965,0.006310392795660311,0.3019445755692169
20,R04_opp_defrtg,1629574,8.0,0.004167509015001767,0.015313772575364742,0.2721412372093103
20,R04_opp_defrtg,1630096,54.0,0.0066653330311411026,0.004882343119352146,1.3651914394794824
20,R04_opp_defrtg,1630101,54.0,-0.002240956155186505,0.004300830124082947,-0.5210520040394149
20,R04_opp_defrtg,1630112,60.0,0.008752953451220855,0.004151895551552717,2.10818247774741
20,R04_opp_defrtg,1630134,31.0,-0.0039001846872450487,0.007654685549624563,-0.5095159901684452
20,R04_opp_defrtg,1630142,25.0,0.009323296185158585,0.006927632636194987,1.3458127292210778
20,R04_opp_defrtg,1630149,49.0,0.010288501098218786,0.006103773855072211,1.6855967050071956
20,R04_opp_defrtg,1630150,31.0,0.005404170460117798,0.006763667049878628,0.799000072041508
20,R04_opp_defrtg,1630386,11.0,-0.0016221782473366758,0.008767189187248876,-0.18502831553994464
20,R04_opp_defrtg,1630389,40.0,0.00816042971104967,0.006803883018233714,1.1993783092949348
20,R04_opp_defrtg,1630442,8.0,0.001158209062036496,0.006617251360956853,0.17502872399107705
20,R04_opp_defrtg,1630446,48.0,-0.0035789466036236822,0.0063403970509973515,-0.5644672683488663
20,R04_opp_defrtg,1630462,52.0,0.004898629413301666,0.0043764789238992805,1.1193083523265706
20,R04_opp_defrtg,1630471,16.0,0.005623361396126068,0.00965579209093477,0.5823821953877296
20,R04_opp_defrtg,1630996,18.0,-0.003517726943149904,0.008848598873215737,-0.3975462096940439
20,R04_opp_defrtg,1631007,24.0,0.0010534507685330378,0.007030293196549001,0.14984449994918433
20,R04_opp_defrtg,1631009,94.0,0.008308940876730946,0.004104981160128664,2.0241118174755557
20,R04_opp_defrtg,1631019,80.0,0.0012493399033639463,0.004141636482719901,0.30165368413586074
20,R04_opp_defrtg,1631022,39.0,-0.007892357284169479,0.004804890149458931,-1.6425676838955872
20,R04_opp_defrtg,1631031,23.0,0.004119598187938672,0.006162810047524251,0.6684610033686846
20,R04_opp_defrtg,1631044,40.0,0.0035214463998175295,0.004612366180698067,0.7634793643562293
20,R04_opp_defrtg,1631083,21.0,0.015127448766029,0.008297573766690923,1.8231171172897973
20,R04_opp_defrtg,1631086,37.0,-0.014933782730783175,0.005578804074924049,-2.6768788669077765
20,R04_opp_defrtg,1631089,13.0,0.006678782080568553,0.01306700317985469,0.5111181185648738
20,R04_opp_defrtg,1631135,21.0,-0.006553672987346385,0.008774855070378706,-0.7468696559410571
20,R04_opp_defrtg,1631263,8.0,0.0007331803143452448,0.018039216828112905,0.040643688766057326
20,R04_opp_defrtg,1641602,14.0,-0.009447464801448492,0.008574804248310452,-1.1017703177667275
20,R04_opp_defrtg,1641648,72.0,2.403507113059874e-05,0.004396431202006413,0.00546695035728747
20,R04_opp_defrtg,1641649,25.0,-0.007259114230203459,0.008364874268336596,-0.8678091262747667
20,R04_opp_defrtg,1641650,25.0,0.009784533805124878,0.00592143049956672,1.6523935906772573
20,R04_opp_defrtg,1641651,42.0,-0.0020106259570464354,0.005465843976241504,-0.3678527901246476
20,R04_opp_defrtg,1641652,15.0,0.0049964626847337915,0.005784446405257558,0.8637754306431886
20,R04_opp_defrtg,1641657,38.0,0.0036155598474138595,0.0043318114781185435,0.8346530927482151
20,R04_opp_defrtg,1641658,11.0,0.009133532954456423,0.0170816802380322,0.5346975723219954
20,R04_opp_defrtg,1641660,8.0,-0.005020170874138823,0.016844802650096583,-0.2980249147715624
20,R04_opp_defrtg,1642210,31.0,0.004951694999654002,0.0047390668009632975,1.0448671030860937
20,R04_opp_defrtg,1642244,17.0,-0.003451571879612351,0.007531510258942902,-0.4582841635930802
20,R04_opp_defrtg,1642286,36.0,0.012809831077014671,0.0064628056233482015,1.9820851536578088
20,R04_opp_defrtg,1642287,8.0,-0.011726892966141777,0.017101948330629658,-0.6857050868957933
20,R04_opp_defrtg,1642288,33.0,0.006305854129763936,0.004734231508141734,1.3319699551911206
20,R04_opp_defrtg,1642289,26.0,0.0005994537536068759,0.005259507751316586,0.11397525813262993
20,R04_opp_defrtg,1642290,23.0,-0.0009584883394534461,0.005204597749742873,-0.18416184795468565
20,R04_opp_defrtg,1642291,31.0,-0.00022855370254712512,0.005272867185053234,-0.04334524169222322
20,R04_opp_defrtg,1642292,25.0,-0.006518804759835878,0.0041242239779055515,-1.5806136608386607
20,R04_opp_defrtg,1642298,8.0,-0.0039007046496425633,0.009829046352657066,-0.3968548432562935
20,R05_teammate_volume_pregame,100720,27.0,0.001089086748514792,0.004784919873352189,0.22760814754287756
20,R05_teammate_volume_pregame,100940,78.0,-0.003824492762434185,0.003470502756887768,-1.1019996324290096
20,R05_teammate_volume_pregame,201480,25.0,0.006768164245428039,0.0037817447338262117,1.7896935731514307
20,R05_teammate_volume_pregame,201496,43.0,-0.004625380829634518,0.004442019715822019,-1.0412787708166593
20,R05_teammate_volume_pregame,201516,28.0,0.0035641834789245665,0.004490431523471497,0.7937285003222008
20,R05_teammate_volume_pregame,201886,102.0,-0.005712881076274049,0.0027978789191590134,-2.0418614390901615
20,R05_teammate_volume_pregame,201896,8.0,-0.0007042185499691888,0.0045517920267084564,-0.15471237390396136
20,R05_teammate_volume_pregame,202250,60.0,0.001376207880449633,0.0028590489291981337,0.4813516363413944
20,R05_teammate_volume_pregame,202252,79.0,-0.0011996229881100938,0.002603415414694546,-0.46078815595045686
20,R05_teammate_volume_pregame,202633,16.0,0.00021514898848421445,0.004467828904374222,0.04815515389892686
20,R05_teammate_volume_pregame,202658,36.0,-0.0030237550700026755,0.0025864679056547147,-1.1690673073468003
20,R05_teammate_volume_pregame,202664,79.0,-0.0015785457263467423,0.003580330235269292,-0.44089389040059124
20,R05_teammate_volume_pregame,203014,98.0,-0.0019452211969191522,0.0019222983367361173,-1.0119247151937694
20,R05_teammate_volume_pregame,203026,59.0,0.0001326787335125252,0.0028068967696849214,0.047268832593162516
20,R05_teammate_volume_pregame,203035,31.0,-0.0014041208785264053,0.002777781963165673,-0.505482754638601
20,R05_teammate_volume_pregame,203398,52.0,-0.0005096358290361348,0.0026045557354353035,-0.1956709246427236
20,R05_teammate_volume_pregame,203399,38.0,-0.0047468465178382374,0.004396418525790085,-1.0797076051773702
20,R05_teammate_volume_pregame,203400,63.0,-0.0037366940656279883,0.002422415445134135,-1.5425488114079782
20,R05_teammate_volume_pregame,203403,30.0,-0.003960211606188663,0.002820760356309523,-1.4039518094227312
20,R05_teammate_volume_pregame,203406,25.0,-0.005528962798860165,0.0033286395295813826,-1.6610278012156816
20,R05_teammate_volume_pregame,203416,28.0,0.0035213510584887683,0.004305764823191081,0.8178224318064428
20,R05_teammate_volume_pregame,203822,21.0,0.00029864828808037216,0.006173513410814234,0.04837574136588504
20,R05_teammate_volume_pregame,203823,12.0,-0.002175832281631787,0.005327263131868253,-0.4084334165165838
20,R05_teammate_volume_pregame,203824,20.0,0.0068404103308505665,0.006073290766195138,1.126310363555345
20,R05_teammate_volume_pregame,203825,97.0,-0.00021909594033555727,0.002379630279704656,-0.0920714205917526
20,R05_teammate_volume_pregame,203826,105.0,-0.0015131435849651805,0.002135211455385922,-0.7086621707411608
20,R05_teammate_volume_pregame,203827,90.0,0.0020763067827648174,0.002740716336140781,0.7575781394759289
20,R05_teammate_volume_pregame,203828,54.0,-0.0007723981993699154,0.0027339466015153893,-0.28252131879305387
20,R05_teammate_volume_pregame,203833,90.0,-0.004238451292789108,0.0023926641731796816,-1.7714359333414122
20,R05_teammate_volume_pregame,203855,17.0,-0.0023527569687702646,0.004531265019010915,-0.5192274031422299
20,R05_teammate_volume_pregame,203866,55.0,-0.008204159107414363,0.0022861292069037325,-3.588668165665859
20,R05_teammate_volume_pregame,204296,47.0,-0.0007581723639263399,0.0036919495123466975,-0.20535826976800292
20,R05_teammate_volume_pregame,204319,102.0,-0.00554609629774754,0.00288542211117395,-1.9221091694937762
20,R05_teammate_volume_pregame,204322,45.0,0.005069377465163337,0.004209114992814452,1.204380843435609
20,R05_teammate_volume_pregame,204323,74.0,0.0022103194284272174,0.0025759241640814887,0.8580685174073682
20,R05_teammate_volume_pregame,204324,91.0,-0.007054424667705104,0.002116280211786547,-3.333407659541368
20,R05_teammate_volume_pregame,204329,38.0,0.0012096961103354547,0.0026536238004440564,0.45586571470041254
20,R05_teammate_volume_pregame,204330,19.0,0.0034750629002275987,0.00362697288187777,0.9581165929281711
20,R05_teammate_volume_pregame,204333,99.0,-0.0012810789565169238,0.0017880890565989591,-0.7164514271753356
20,R05_teammate_volume_pregame,204335,67.0,-0.0005563510344625635,0.0030709477466098456,-0.18116590719485343
20,R05_teammate_volume_pregame,204365,66.0,-0.008246535169802482,0.0024350694284613543,-3.3865708605332108
20,R05_teammate_volume_pregame,1627668,102.0,0.0038365136010956318,0.002993675070971541,1.281539749686516
20,R05_teammate_volume_pregame,1627669,55.0,-0.00431574007926149,0.002333957682797507,-1.8491081098302506
20,R05_teammate_volume_pregame,1627671,19.0,0.009123884154238916,0.005901942249596931,1.545912136782095
20,R05_teammate_volume_pregame,1627672,34.0,0.008087160899904723,0.0057109987760757255,1.4160676997135975
20,R05_teammate_volume_pregame,1627673,96.0,0.0014495846636420292,0.0024924554159506986,0.5815890043068688
20,R05_teammate_volume_pregame,1627674,94.0,-0.0041503690721052785,0.0030539656831276726,-1.3590097279203024
20,R05_teammate_volume_pregame,1627675,100.0,0.0018821689340566526,0.0027176437248014147,0.6925738340459574
20,R05_teammate_volume_pregame,1627676,31.0,-0.0016689869668698135,0.004108153099501674,-0.40626211498112486
20,R05_teammate_volume_pregame,1627700,8.0,0.003267815366571723,0.01112262355462244,0.29379897202523364
20,R05_teammate_volume_pregame,1628242,9.0,0.006177308068285095,0.00413394851561916,1.4942876150841204
20,R05_teammate_volume_pregame,1628244,53.0,-1.571826108824424e-05,0.0035933267590181144,-0.004374292164996231
20,R05_teammate_volume_pregame,1628263,47.0,-0.003079792664772794,0.002549455585334495,-1.2080197366406435
20,R05_teammate_volume_pregame,1628269,33.0,0.005694018811732931,0.0037803692884095367,1.5062070335801765
20,R05_teammate_volume_pregame,1628276,104.0,0.0018762424424046374,0.0031186754968698586,0.6016151549873585
20,R05_teammate_volume_pregame,1628277,100.0,0.001937223018654792,0.0017254301207143613,1.1227478849463601
20,R05_teammate_volume_pregame,1628278,63.0,-0.0013854465843910714,0.0017213089947057858,-0.8048796518534886
20,R05_teammate_volume_pregame,1628279,76.0,-0.004646161088825063,0.0019337538052103921,-2.4026642255628614
20,R05_teammate_volume_pregame,1628280,71.0,0.009309059755242143,0.004091513820120042,2.275211612255784
20,R05_teammate_volume_pregame,1628317,43.0,-0.004005910299590699,0.0031106200953808128,-1.2878172765421816
20,R05_teammate_volume_pregame,1628878,84.0,0.0011503804026563587,0.0019312596368631187,0.595663255575974
20,R05_teammate_volume_pregame,1628881,28.0,0.0013941458507253084,0.0032127567956686726,0.4339406744403584
20,R05_teammate_volume_pregame,1628882,38.0,-0.0045291302387269776,0.0032532975476706576,-1.3921660015296815
20,R05_teammate_volume_pregame,1628886,74.0,0.0002887032422053942,0.0016281131005461782,0.17732382480587117
20,R05_teammate_volume_pregame,1628890,25.0,-0.001068472982977688,0.002851444497437937,-0.3747128811161241
20,R05_teammate_volume_pregame,1628899,40.0,0.0002083531711733137,0.0034318049800664127,0.06071241588130152
20,R05_teammate_volume_pregame,1628909,101.0,0.0032020357118345906,0.00295166897344454,1.084822092396722
20,R05_teammate_volume_pregame,1628915,32.0,-0.001770797120525845,0.004929911370186782,-0.3591945143749621
20,R05_teammate_volume_pregame,1628920,24.0,-0.0068267736977249424,0.0026095098883671107,-2.6161133660224474
20,R05_teammate_volume_pregame,1628922,59.0,0.0014952998718335607,0.0024085635295650622,0.6208264193486238
20,R05_teammate_volume_pregame,1628927,41.0,-0.0016774567871926489,0.0033879328491898683,-0.4951269289749255
20,R05_teammate_volume_pregame,1628929,40.0,0.00021674411470128043,0.0046684249725147025,0.04642767442496321
20,R05_teammate_volume_pregame,1628931,43.0,7.433587957760079e-05,0.002922886056721945,0.025432356285885964
20,R05_teammate_volume_pregame,1628932,103.0,-0.00399155306683414,0.003435567751449635,-1.1618321499117306
20,R05_teammate_volume_pregame,1629477,101.0,-0.003954072512390024,0.0028412039423810153,-1.391689084126918
20,R05_teammate_volume_pregame,1629478,43.0,0.002513800720397377,0.0029998697872766636,0.8379699449153261
20,R05_teammate_volume_pregame,1629479,69.0,-0.0020339906438508163,0.002062251765123247,-0.9862959888068071
20,R05_teammate_volume_pregame,1629480,11.0,-0.000826511182127661,0.009792991625950166,-0.08439823229681039
20,R05_teammate_volume_pregame,1629481,98.0,-0.006631034736437894,0.0023867613423031887,-2.778256300246193
20,R05_teammate_volume_pregame,1629482,83.0,-0.004682583181684851,0.001691987643947682,-2.7675043599961664
20,R05_teammate_volume_pregame,1629483,64.0,-0.00593953362464397,0.0030147555386051852,-1.9701543122106577
20,R05_teammate_volume_pregame,1629484,13.0,0.003595138257339282,0.004838472677031236,0.7430316335991315
20,R05_teammate_volume_pregame,1629488,66.0,-7.115569841625551e-05,0.0009923242584787123,-0.07170609587368257
20,R05_teammate_volume_pregame,1629491,39.0,-0.0030184111478181925,0.0035350991185539365,-0.8538405986910207
20,R05_teammate_volume_pregame,1629496,91.0,-0.0010765343872733717,0.001803774488496039,-0.5968231584043361
20,R05_teammate_volume_pregame,1629497,98.0,7.046163168516984e-05,0.002986764276481284,0.023591293173018967
20,R05_teammate_volume_pregame,1629498,102.0,0.0006185965015889238,0.003332668866684006,0.18561595115941573
20,R05_teammate_volume_pregame,1629501,66.0,0.0018199269263217384,0.0027665516039838355,0.657832271663049
20,R05_teammate_volume_pregame,1629524,49.0,0.00015438850802352514,0.003230001747570155,0.04779827383674561
20,R05_teammate_volume_pregame,1629546,26.0,0.004084982782469192,0.0045271094264343285,0.9023379816305065
20,R05_teammate_volume_pregame,1629567,62.0,-0.0016097337447627772,0.0032690480167150713,-0.49241667192772864
20,R05_teammate_volume_pregame,1629568,9.0,-0.0007677545179839757,0.003729920501621766,-0.2058366974980182
20,R05_teammate_volume_pregame,1629574,8.0,0.048292914274766514,0.026944906847643703,1.792283586201734
20,R05_teammate_volume_pregame,1630096,54.0,-0.001783131983932629,0.003684680640850434,-0.48393121622640206
20,R05_teammate_volume_pregame,1630101,54.0,0.0014121494426067851,0.0026203527905601675,0.5389157703092727
20,R05_teammate_volume_pregame,1630112,60.0,-0.007588107175330181,0.003420117713948671,-2.218668423131375
20,R05_teammate_volume_pregame,1630134,31.0,-0.0030700350226674344,0.0026003046314748797,-1.180644369704532
20,R05_teammate_volume_pregame,1630142,25.0,-0.001859196125067598,0.003444028268174779,-0.5398318423364482
20,R05_teammate_volume_pregame,1630149,49.0,-0.0016593737780516557,0.005165457120631569,-0.32124432345472026
20,R05_teammate_volume_pregame,1630150,31.0,0.0005364304837274412,0.0037190020988537905,0.144240435866592
20,R05_teammate_volume_pregame,1630386,11.0,0.007464556473877337,0.003823071480984429,1.9525024606537666
20,R05_teammate_volume_pregame,1630389,40.0,-0.002297348198909713,0.0034517557039523356,-0.6655593257307286
20,R05_teammate_volume_pregame,1630442,8.0,0.005713789886774,0.0039137675346703135,1.4599206100408608
20,R05_teammate_volume_pregame,1630446,48.0,0.0013580714166295704,0.002098892876080284,0.6470417962282051
20,R05_teammate_volume_pregame,1630462,52.0,-0.00032690950045026826,0.002550425022489293,-0.12817843989438066
20,R05_teammate_volume_pregame,1630471,16.0,-0.006866117871815983,0.00471835682241949,-1.4551925872141138
20,R05_teammate_volume_pregame,1630996,18.0,0.0040967700826314716,0.004972056331496742,0.8239589034177771
20,R05_teammate_volume_pregame,1631007,24.0,-0.0016236599684271696,0.0035884682774963653,-0.45246602251141516
20,R05_teammate_volume_pregame,1631009,94.0,0.001273005335671107,0.002807549864183407,0.45342216425472764
20,R05_teammate_volume_pregame,1631019,80.0,-3.887889585619834e-05,0.002964667583496275,-0.013114082696026211
20,R05_teammate_volume_pregame,1631022,39.0,0.004358383055902717,0.0034004336084131875,1.2817139099906016
20,R05_teammate_volume_pregame,1631031,23.0,-0.0023805263569219143,0.0036619074433832666,-0.6500782430269527
20,R05_teammate_volume_pregame,1631044,40.0,0.000961788360155799,0.0027256149905466585,0.35287021956204445
20,R05_teammate_volume_pregame,1631083,21.0,-0.01328856608451038,0.005851110851059069,-2.2711184974567877
20,R05_teammate_volume_pregame,1631086,37.0,-0.0017238023153196274,0.004522736078207518,-0.38114147841295587
20,R05_teammate_volume_pregame,1631089,13.0,0.005249426881731865,0.0046446829558313375,1.1302013359472212
20,R05_teammate_volume_pregame,1631135,21.0,0.0045868628079349955,0.005351648657454462,0.8570934120545872
20,R05_teammate_volume_pregame,1631263,8.0,0.01565206661325675,0.0071851967391578135,2.1783769020486625
20,R05_teammate_volume_pregame,1641602,14.0,0.0037128030654570206,0.00435502267239772,0.852533578984305
20,R05_teammate_volume_pregame,1641648,72.0,0.0011144533916598819,0.003922112656708981,0.2841461959930066
20,R05_teammate_volume_pregame,1641649,25.0,0.003668396032336338,0.006488967333843086,0.565328170663441
20,R05_teammate_volume_pregame,1641650,25.0,-0.006166658557174279,0.003767133231533745,-1.636963223268744
20,R05_teammate_volume_pregame,1641651,42.0,0.004629985037520472,0.0036513509922961114,1.2680197130566615
20,R05_teammate_volume_pregame,1641652,15.0,-0.001725469492185384,0.0032624896563737287,-0.5288812146314207
20,R05_teammate_volume_pregame,1641657,38.0,0.0010560213116480768,0.002242638441900132,0.47088344332193655
20,R05_teammate_volume_pregame,1641658,11.0,-0.0004771973707121973,0.010037829790558445,-0.0475398946454589
20,R05_teammate_volume_pregame,1641660,8.0,-0.014861751468488357,0.005632108146378448,-2.6387546336525416
20,R05_teammate_volume_pregame,1642210,31.0,-0.0003328423853580541,0.0030577893363717937,-0.10885065933056942
20,R05_teammate_volume_pregame,1642244,17.0,-4.1150247696235285e-05,0.0033288319429970064,-0.012361767851574683
20,R05_teammate_volume_pregame,1642286,36.0,0.0024952330177218382,0.0075467476563718505,0.33063686919690094
20,R05_teammate_volume_pregame,1642287,8.0,0.009048080885761962,0.031174748009740967,0.2902374987260448
20,R05_teammate_volume_pregame,1642288,33.0,-0.0007888450235012261,0.004042031734175474,-0.19516052207891463
20,R05_teammate_volume_pregame,1642289,26.0,-0.0019069261354864922,0.0029275593980826638,-0.6513706047212531
20,R05_teammate_volume_pregame,1642290,23.0,-0.0030587914922901244,0.002811806304668015,-1.087838620751393
20,R05_teammate_volume_pregame,1642291,31.0,-0.002347800045476683,0.0030313691434755018,-0.7745015319331586
20,R05_teammate_volume_pregame,1642292,25.0,-0.0016523998000347478,0.0023380827817013907,-0.7067328038882863
20,R05_teammate_volume_pregame,1642298,8.0,-0.0009802351727652586,0.0035226102584708357,-0.2782695503733582
20,R06_own_usage,100720,27.0,0.006890650580623165,0.03715908655061987,0.18543648997497272
20,R06_own_usage,100940,78.0,-0.022949203325122836,0.018873874728588102,-1.2159243215894544
20,R06_own_usage,201480,25.0,-0.00868781471161762,0.021744422005801758,-0.3995422232561331
20,R06_own_usage,201496,43.0,0.01477913270359219,0.012319848873083678,1.1996196427280483
20,R06_own_usage,201516,28.0,-0.05895010760732844,0.05481523889630218,-1.07543283207884
20,R06_own_usage,201886,102.0,0.02295128469252263,0.011342989660677242,2.0233893690380307
20,R06_own_usage,201896,8.0,-0.040039226307936125,0.11167324199832525,-0.3585391235309224
20,R06_own_usage,202250,60.0,-0.0017302058460652357,0.011982166634270283,-0.14439841298122671
20,R06_own_usage,202252,79.0,-0.005869196462254029,0.013408663161584794,-0.4377167500984742
20,R06_own_usage,202633,16.0,0.011947232546197756,0.03327349220809905,0.35906157584774645
20,R06_own_usage,202658,36.0,0.012567560189702795,0.014210380933450308,0.8843929130794502
20,R06_own_usage,202664,79.0,0.010952558211081417,0.011717140481687925,0.9347466839881768
20,R06_own_usage,203014,98.0,0.014206452982960483,0.012928510939381287,1.0988468083889291
20,R06_own_usage,203026,59.0,0.007263314400261914,0.01141858023488139,0.6360961039686877
20,R06_own_usage,203035,31.0,0.010727353108152538,0.024269256798569207,0.44201407555195377
20,R06_own_usage,203398,52.0,-0.02644210521049998,0.04808955617282386,-0.5498513048336848
20,R06_own_usage,203399,38.0,0.002074997174927265,0.025829502438898422,0.08033438428927628
20,R06_own_usage,203400,63.0,-0.007870266513813416,0.014321397089264866,-0.5495460020246814
20,R06_own_usage,203403,30.0,-0.010006603152315224,0.0361343237609029,-0.2769279209022393
20,R06_own_usage,203406,25.0,0.04124243349231472,0.019033423259753764,2.1668426603805937
20,R06_own_usage,203416,28.0,-0.11704642797038589,0.05422122598239282,-2.1586828008720094
20,R06_own_usage,203822,21.0,-0.0052510853636078235,0.08389826047783713,-0.06258872750996988
20,R06_own_usage,203823,12.0,0.006666767331704665,0.022393577047205862,0.29770890633734215
20,R06_own_usage,203824,20.0,0.020453816057825258,0.01625617599925397,1.2582181725126456
20,R06_own_usage,203825,97.0,-0.020021034542771217,0.019175928077075622,-1.044071215864952
20,R06_own_usage,203826,105.0,0.020165231829487523,0.008712683870024033,2.314468438234739
20,R06_own_usage,203827,90.0,0.0010285727965882166,0.01705267588330452,0.060317383830372585
20,R06_own_usage,203828,54.0,0.021982966697348526,0.035685304573261745,0.6160229528717517
20,R06_own_usage,203833,90.0,0.020868914888650753,0.009297922067793077,2.2444708329980796
20,R06_own_usage,203855,17.0,-0.009021115442667914,0.025982133238382086,-0.34720457169165303
20,R06_own_usage,203866,55.0,-0.015219704030376851,0.019908116620328962,-0.7644974319085218
20,R06_own_usage,204296,47.0,-0.0007065611030151713,0.01173748797508926,-0.06019696075640053
20,R06_own_usage,204319,102.0,0.01722629091662887,0.006973275133150224,2.470330022507914
20,R06_own_usage,204322,45.0,-0.022418591860770127,0.01431578300584833,-1.5660052860267308
20,R06_own_usage,204323,74.0,0.018512926632673992,0.010890408325880384,1.6999295231822633
20,R06_own_usage,204324,91.0,0.020382973237815547,0.004912258588635735,4.149409659534321
20,R06_own_usage,204329,38.0,-0.0178941359393197,0.048060127950798684,-0.3723280961223976
20,R06_own_usage,204330,19.0,-0.005944838415641214,0.018638036005008924,-0.3189627069098672
20,R06_own_usage,204333,99.0,-0.029006894283313038,0.019061612233150553,-1.5217440124433117
20,R06_own_usage,204335,67.0,-0.01225141521228713,0.013074512607858923,-0.9370456536118188
20,R06_own_usage,204365,66.0,0.0033178366653600156,0.009297138078219573,0.3568664504545457
20,R06_own_usage,1627668,102.0,-0.03204302244540809,0.030251659608735177,-1.059215357433007
20,R06_own_usage,1627669,55.0,-0.009303892724265801,0.013894549710448036,-0.6696073581477577
20,R06_own_usage,1627671,19.0,-0.002517205237893814,0.052949244335351905,-0.04753996529112287
20,R06_own_usage,1627672,34.0,0.00039085490184379566,0.01238978754485661,0.03154653785859724
20,R06_own_usage,1627673,96.0,0.011419446444588054,0.011575253367126892,0.9865396533797418
20,R06_own_usage,1627674,94.0,0.006149942160680138,0.006288916438500497,0.9779017134065315
20,R06_own_usage,1627675,100.0,0.003776473808975949,0.018414092076616338,0.20508607175759766
20,R06_own_usage,1627676,31.0,-0.008530058018769878,0.012061804126001894,-0.7071958663614382
20,R06_own_usage,1627700,8.0,-0.04371447657602416,0.10625513297715333,-0.41141049237991656
20,R06_own_usage,1628242,9.0,-0.08976191738013785,0.04447452054694348,-2.0182773479343727
20,R06_own_usage,1628244,53.0,-0.038429626441343685,0.0178506123237416,-2.1528463978925623
20,R06_own_usage,1628263,47.0,-0.020563760435902665,0.030152472872087995,-0.6819925026759063
20,R06_own_usage,1628269,33.0,0.020669975744099605,0.014059860223786018,1.470140912861339
20,R06_own_usage,1628276,104.0,-0.016292915745329584,0.013774406244655568,-1.182839786771295
20,R06_own_usage,1628277,100.0,0.02202750147010954,0.008391382953271201,2.6250144455059807
20,R06_own_usage,1628278,63.0,0.0038497072302269937,0.012859771044013677,0.2993604798289984
20,R06_own_usage,1628279,76.0,0.028165629087615864,0.013404816975011214,2.1011573033873745
20,R06_own_usage,1628280,71.0,-0.02598715328765074,0.01765452453260615,-1.4719826206395448
20,R06_own_usage,1628317,43.0,0.003877326830868135,0.012431532650279343,0.3118945137292472
20,R06_own_usage,1628878,84.0,0.0032286933978856514,0.009956815988313548,0.32426966629444726
20,R06_own_usage,1628881,28.0,-0.002126818985492448,0.007950849315782252,-0.2674958235305455
20,R06_own_usage,1628882,38.0,0.00576853993583866,0.00917528184006155,0.6287043860224312
20,R06_own_usage,1628886,74.0,0.01697206992595906,0.009655491134228329,1.7577635036910502
20,R06_own_usage,1628890,25.0,0.014820622850741589,0.012030988304923823,1.2318707719694213
20,R06_own_usage,1628899,40.0,0.018500685813293637,0.023665086029132365,0.7817713314254927
20,R06_own_usage,1628909,101.0,-0.007935289618051738,0.012234788223285933,-0.6485841416485535
20,R06_own_usage,1628915,32.0,-0.004827399812218544,0.021877185631151493,-0.2206590872157104
20,R06_own_usage,1628920,24.0,-0.00876564059798267,0.03384778126761461,-0.25897238370449976
20,R06_own_usage,1628922,59.0,-0.004831105435473447,0.017761585085951277,-0.27199742658636156
20,R06_own_usage,1628927,41.0,0.0023521887353941794,0.006800551357284347,0.34588206335279775
20,R06_own_usage,1628929,40.0,-0.0030073775716351276,0.01700891680430762,-0.17681182207167298
20,R06_own_usage,1628931,43.0,0.02306032165161579,0.024611253828104807,0.9369828052109264
20,R06_own_usage,1628932,103.0,0.015593942532646978,0.006605352019638989,2.360804160971765
20,R06_own_usage,1629477,101.0,-0.0019789475057042216,0.015169260027734471,-0.13045774824124873
20,R06_own_usage,1629478,43.0,0.011177794383858982,0.010038553931980361,1.1134865100688738
20,R06_own_usage,1629479,69.0,-0.025639674217428562,0.0113472687959553,-2.2595458588737887
20,R06_own_usage,1629480,11.0,-0.05597567466677481,0.04704361433826877,-1.1898676463139024
20,R06_own_usage,1629481,98.0,-0.00789622630119362,0.006104558024835193,-1.2934968050216538
20,R06_own_usage,1629482,83.0,0.016701369491484742,0.010252190811600803,1.6290537113868784
20,R06_own_usage,1629483,64.0,0.008239610093385509,0.010346246524056251,0.796386406821782
20,R06_own_usage,1629484,13.0,-0.004004615577641257,0.031007735378272044,-0.12914892135100584
20,R06_own_usage,1629488,66.0,-0.006053083410249268,0.010033540703055921,-0.6032848811193516
20,R06_own_usage,1629491,39.0,0.01757026744550071,0.02353881779599739,0.7464379731291523
20,R06_own_usage,1629496,91.0,0.01150247648264049,0.010398011729710171,1.106218840836132
20,R06_own_usage,1629497,98.0,-0.026125287432028067,0.013594690979945827,-1.921727200019972
20,R06_own_usage,1629498,102.0,0.000904024732143911,0.012844862273401885,0.07038025888497795
20,R06_own_usage,1629501,66.0,0.010891546483089359,0.011597854142200721,0.9391001429702979
20,R06_own_usage,1629524,49.0,0.019753363165952706,0.01610061962282524,1.2268697496554177
20,R06_own_usage,1629546,26.0,-0.03639164297979955,0.02890668869892902,-1.2589350291494246
20,R06_own_usage,1629567,62.0,-0.020553349209758782,0.015433899777765143,-1.3317016117578382
20,R06_own_usage,1629568,9.0,-0.0070649470496806374,0.018090474339639902,-0.39053409640010955
20,R06_own_usage,1629574,8.0,-0.28952561724988507,0.2643695842082444,-1.0951547929274088
20,R06_own_usage,1630096,54.0,-0.009608761274216322,0.006363574380363997,-1.5099629076177625
20,R06_own_usage,1630101,54.0,0.01105628848725922,0.010495787041210524,1.0534025170144887
20,R06_own_usage,1630112,60.0,-0.0016368204094472122,0.007207592411947004,-0.22709669413798803
20,R06_own_usage,1630134,31.0,0.01625547017987131,0.014452954505175232,1.1247160692335012
20,R06_own_usage,1630142,25.0,0.015591155540618807,0.05213195532083294,0.299070991000951
20,R06_own_usage,1630149,49.0,0.009828581447310743,0.016183349912972173,0.607326758685011
20,R06_own_usage,1630150,31.0,0.008834583556453522,0.012362695145341173,0.7146163075761677
20,R06_own_usage,1630386,11.0,-0.11750056441690836,0.09153531743072518,-1.2836637017819261
20,R06_own_usage,1630389,40.0,-0.014340789411381064,0.01762275261181696,-0.8137655749513745
20,R06_own_usage,1630442,8.0,-0.13660193734005538,0.041079476143650547,-3.325308649564395
20,R06_own_usage,1630446,48.0,0.014889704414842669,0.01092659201830078,1.3627034293862288
20,R06_own_usage,1630462,52.0,-0.0030977375488218423,0.014347627616552262,-0.21590590664955028
20,R06_own_usage,1630471,16.0,0.03960635876922659,0.01770372084478465,2.237177094943533
20,R06_own_usage,1630996,18.0,-9.790205701438944e-05,0.03776283336570556,-0.0025925506189188523
20,R06_own_usage,1631007,24.0,-0.05043324724895721,0.026361732997644546,-1.9131233615583423
20,R06_own_usage,1631009,94.0,-0.018415386365692538,0.02327891293430682,-0.7910758727291445
20,R06_own_usage,1631019,80.0,0.011369205039145304,0.008368149665622666,1.358628310133042
20,R06_own_usage,1631022,39.0,0.010776332270128508,0.010201989719419654,1.0562971112993365
20,R06_own_usage,1631031,23.0,-0.0008365688349436404,0.029718222215479227,-0.028150029597258333
20,R06_own_usage,1631044,40.0,-0.014591289471805553,0.028104227067636864,-0.5191848698307737
20,R06_own_usage,1631083,21.0,-0.054323731719476354,0.01870962736146414,-2.9035175671839357
20,R06_own_usage,1631086,37.0,-0.04414548199741782,0.031120376951948414,-1.4185394368963105
20,R06_own_usage,1631089,13.0,-0.10002877616122688,0.08621770062709912,-1.1601884002203
20,R06_own_usage,1631135,21.0,-0.10147327926516152,0.09197534869102679,-1.1032660458406216
20,R06_own_usage,1631263,8.0,-0.09512121634059191,0.05960591289559918,-1.5958352404936473
20,R06_own_usage,1641602,14.0,-0.009617659957361023,0.017426713141245505,-0.5518917927556842
20,R06_own_usage,1641648,72.0,-0.02156392013002477,0.023131740070541515,-0.9322221356570844
20,R06_own_usage,1641649,25.0,0.004131740428016167,0.016384454520488784,0.25217442685378505
20,R06_own_usage,1641650,25.0,-0.04643534323808544,0.03447687857321062,-1.3468546214089938
20,R06_own_usage,1641651,42.0,-0.012829089226846222,0.018827588383027984,-0.6813984332911659
20,R06_own_usage,1641652,15.0,-0.0016349963196999966,0.010119752652423094,-0.16156485003697296
20,R06_own_usage,1641657,38.0,0.017750832649580422,0.016854918562980277,1.0531544595277909
20,R06_own_usage,1641658,11.0,-0.02458352246187251,0.09081148046734888,-0.2707094117985608
20,R06_own_usage,1641660,8.0,0.040843936099024154,0.13226081128423556,0.3088135911343259
20,R06_own_usage,1642210,31.0,-0.09337454569986445,0.0654530327542577,-1.4265885287613422
20,R06_own_usage,1642244,17.0,-0.012941238587511329,0.026144817287708736,-0.49498294232085893
20,R06_own_usage,1642286,36.0,0.04206574705114517,0.044565739062325783,0.9439032749421178
20,R06_own_usage,1642287,8.0,-0.13859149337200566,0.09679786127212144,-1.4317619372022337
20,R06_own_usage,1642288,33.0,0.018238306445153927,0.020097519195191687,0.9074904354124177
20,R06_own_usage,1642289,26.0,-0.06443822177893241,0.030912004439034645,-2.084569504576092
20,R06_own_usage,1642290,23.0,-0.0208958380858431,0.058580676826096974,-0.3567018890525051
20,R06_own_usage,1642291,31.0,-0.018073748303462905,0.043343577309727786,-0.41698792359269654
20,R06_own_usage,1642292,25.0,-0.05629015616860024,0.024019545124515103,-2.343514661780532
20,R06_own_usage,1642298,8.0,-0.015026123570817092,0.04205844900066061,-0.3572676579343446
20,NC1_noise_eff_frame,100720,27.0,0.039343730085022545,0.027833349649380366,1.4135463600551013
20,NC1_noise_eff_frame,100940,78.0,-0.0028775265567872795,0.03286040795673881,-0.08756819332783647
20,NC1_noise_eff_frame,201480,25.0,0.0007610984762098489,0.02456240974522454,0.030986311363762783
20,NC1_noise_eff_frame,201496,43.0,-0.027124693973632503,0.024211401325645213,-1.1203273040169497
20,NC1_noise_eff_frame,201516,28.0,0.027209313288081568,0.029839032554102477,0.9118698214745117
20,NC1_noise_eff_frame,201886,102.0,0.00808819660113272,0.020108174652091037,0.402234252540254
20,NC1_noise_eff_frame,201896,8.0,0.027671949269957828,0.035591902847975504,0.7774787818497271
20,NC1_noise_eff_frame,202250,60.0,-0.03244052697486907,0.030302425449508504,-1.0705587587014507
20,NC1_noise_eff_frame,202252,79.0,0.0008334084456906426,0.01694682767883434,0.04917784387053892
20,NC1_noise_eff_frame,202633,16.0,-0.011942040849757751,0.02889894668310817,-0.4132344677025214
20,NC1_noise_eff_frame,202658,36.0,0.03500340508081224,0.020988124060103377,1.6677719733585294
20,NC1_noise_eff_frame,202664,79.0,0.028588154786967898,0.018752858567632733,1.52446917273246
20,NC1_noise_eff_frame,203014,98.0,-0.009016973932140192,0.01706469196026623,-0.5283994550347287
20,NC1_noise_eff_frame,203026,59.0,-0.009869761701687713,0.024084899159943142,-0.4097904515250216
20,NC1_noise_eff_frame,203035,31.0,-0.040308963567916495,0.03755969104366909,-1.073197421167574
20,NC1_noise_eff_frame,203398,52.0,0.002141694775652725,0.030823012477664065,0.06948362938907114
20,NC1_noise_eff_frame,203399,38.0,-0.019436246937283273,0.030761615750325974,-0.631834396965228
20,NC1_noise_eff_frame,203400,63.0,-0.005969204883213549,0.023918102983561642,-0.24956849158631206
20,NC1_noise_eff_frame,203403,30.0,-0.025971390514052756,0.03951004314213077,-0.6573364250862755
20,NC1_noise_eff_frame,203406,25.0,0.018262769921806393,0.029918858523098207,0.6104099829780276
20,NC1_noise_eff_frame,203416,28.0,0.007111688761081558,0.03868110895348747,0.18385431425022192
20,NC1_noise_eff_frame,203822,21.0,-0.017747759455547924,0.039738949295330755,-0.44660867411593214
20,NC1_noise_eff_frame,203823,12.0,-0.057824780434310226,0.02909812326771191,-1.9872340185758377
20,NC1_noise_eff_frame,203824,20.0,-0.03364658927337467,0.04770085220021605,-0.7053666280876691
20,NC1_noise_eff_frame,203825,97.0,-0.005888530062322649,0.01860276262832332,-0.31654062248567144
20,NC1_noise_eff_frame,203826,105.0,-0.011491627376570343,0.014782517953257782,-0.7773795650312612
20,NC1_noise_eff_frame,203827,90.0,0.007681223747724314,0.022480824050856708,0.3416789229054793
20,NC1_noise_eff_frame,203828,54.0,0.021189282133944193,0.028706008792510944,0.7381479705904718
20,NC1_noise_eff_frame,203833,90.0,0.014804298486977579,0.01882823838695139,0.7862816575148879
20,NC1_noise_eff_frame,203855,17.0,-0.018337032013916708,0.04825556271078543,-0.3799983045233096
20,NC1_noise_eff_frame,203866,55.0,0.016829092547643032,0.0257708262664689,0.6530288308815231
20,NC1_noise_eff_frame,204296,47.0,0.04725653674025683,0.03205241365275429,1.4743518928783086
20,NC1_noise_eff_frame,204319,102.0,-0.038265345095527085,0.02473979671278957,-1.5467121876448282
20,NC1_noise_eff_frame,204322,45.0,0.035667444112341136,0.02470645260782467,1.443648939752891
20,NC1_noise_eff_frame,204323,74.0,0.03265634937177807,0.022012140808383058,1.4835608065591372
20,NC1_noise_eff_frame,204324,91.0,0.02691936339942458,0.021497367983090224,1.2522167095338965
20,NC1_noise_eff_frame,204329,38.0,-0.029899816189403468,0.02378087772124122,-1.2573049884822702
20,NC1_noise_eff_frame,204330,19.0,-0.03751455001460298,0.04887472907859743,-0.7675653803476703
20,NC1_noise_eff_frame,204333,99.0,0.006538548402206035,0.016725407728441364,0.3909350676747514
20,NC1_noise_eff_frame,204335,67.0,0.002864999349763268,0.021891391790156155,0.1308733303586282
20,NC1_noise_eff_frame,204365,66.0,-0.01726881064777441,0.021359095950811136,-0.8084991372080337
20,NC1_noise_eff_frame,1627668,102.0,-0.032300297440169885,0.023775108187061807,-1.3585762548810358
20,NC1_noise_eff_frame,1627669,55.0,0.0037306773443917893,0.02721110986493733,0.13710125617474078
20,NC1_noise_eff_frame,1627671,19.0,-0.04597974939562125,0.07033437294509877,-0.6537308498010195
20,NC1_noise_eff_frame,1627672,34.0,-0.040496791389299666,0.030996320397882922,-1.3065031871352586
20,NC1_noise_eff_frame,1627673,96.0,0.03371804896066307,0.0212836816448214,1.5842206965573138
20,NC1_noise_eff_frame,1627674,94.0,-0.02843530574205432,0.02097412204136574,-1.3557328257160624
20,NC1_noise_eff_frame,1627675,100.0,-0.02616328570729481,0.01903260849009547,-1.3746558030083018
20,NC1_noise_eff_frame,1627676,31.0,0.060204480336145505,0.03365028322055826,1.7891225444237644
20,NC1_noise_eff_frame,1627700,8.0,-0.044776607408467665,0.17154892269918312,-0.2610136321694364
20,NC1_noise_eff_frame,1628242,9.0,0.055710273662970065,0.048084872252030376,1.1585821289276215
20,NC1_noise_eff_frame,1628244,53.0,-0.0172282915786364,0.028337680906958717,-0.6079640615335515
20,NC1_noise_eff_frame,1628263,47.0,0.006714858310599936,0.030921566511821576,0.21715776618344318
20,NC1_noise_eff_frame,1628269,33.0,-0.05408462958259271,0.03690814013801126,-1.4653848549494257
20,NC1_noise_eff_frame,1628276,104.0,0.013805842163530514,0.01921107902067516,0.7186396010693895
20,NC1_noise_eff_frame,1628277,100.0,-0.018468534366393775,0.014024498879317742,-1.3168765975395924
20,NC1_noise_eff_frame,1628278,63.0,0.04447304134636947,0.019860001362246745,2.2393272052292685
20,NC1_noise_eff_frame,1628279,76.0,0.024242033123799786,0.02531205895311114,0.9577266380702769
20,NC1_noise_eff_frame,1628280,71.0,-0.012178069181214796,0.02093024348666176,-0.5818407792998456
20,NC1_noise_eff_frame,1628317,43.0,0.015238577342920109,0.0220810952835751,0.6901187258702353
20,NC1_noise_eff_frame,1628878,84.0,-0.03565203643857812,0.021750914545198057,-1.6391051679456399
20,NC1_noise_eff_frame,1628881,28.0,-0.026268765767829508,0.027667792916483254,-0.9494348120619239
20,NC1_noise_eff_frame,1628882,38.0,0.05418988248992139,0.03381831361919576,1.6023827533245902
20,NC1_noise_eff_frame,1628886,74.0,0.0052579257970399975,0.016807926268265286,0.3128241826576419
20,NC1_noise_eff_frame,1628890,25.0,-0.014329347549810287,0.04173248711390528,-0.3433619355275795
20,NC1_noise_eff_frame,1628899,40.0,-0.04071061525688309,0.03906764689769247,-1.0420544488766652
20,NC1_noise_eff_frame,1628909,101.0,-0.003353917642437214,0.01780391531429038,-0.18838090292112206
20,NC1_noise_eff_frame,1628915,32.0,0.11408595658985772,0.03667730521348148,3.1105326829715705
20,NC1_noise_eff_frame,1628920,24.0,-0.00218944975753968,0.03603872481896638,-0.06075269778656044
20,NC1_noise_eff_frame,1628922,59.0,0.0312735479560698,0.02311677477656935,1.3528508305478657
20,NC1_noise_eff_frame,1628927,41.0,-0.011248114120296134,0.033198643780666136,-0.33881245856334313
20,NC1_noise_eff_frame,1628929,40.0,0.002524618989939897,0.028943201796340797,0.08722666578854718
20,NC1_noise_eff_frame,1628931,43.0,-0.02964255312669241,0.03212346793638916,-0.922769396672568
20,NC1_noise_eff_frame,1628932,103.0,-0.015038513419093704,0.020402211569001065,-0.7371021209261003
20,NC1_noise_eff_frame,1629477,101.0,-0.017570559343372615,0.020475301913806917,-0.8581343228704444
20,NC1_noise_eff_frame,1629478,43.0,-0.015313598276807516,0.02450370121580572,-0.6249504163448469
20,NC1_noise_eff_frame,1629479,69.0,0.0011933048868042076,0.021190035639029166,0.05631443510204873
20,NC1_noise_eff_frame,1629480,11.0,-0.00790574168431646,0.05953537181306399,-0.1327906661797598
20,NC1_noise_eff_frame,1629481,98.0,-0.016637059277831656,0.019548065484289157,-0.8510846912807262
20,NC1_noise_eff_frame,1629482,83.0,0.019751894517841657,0.020019892008350516,0.986613439752968
20,NC1_noise_eff_frame,1629483,64.0,0.007666970043777073,0.025538713659799737,0.30020971870034246
20,NC1_noise_eff_frame,1629484,13.0,0.11017684682398764,0.06229671492174953,1.7685819703716321
20,NC1_noise_eff_frame,1629488,66.0,0.0036456179352624286,0.012848167145621488,0.2837461479091058
20,NC1_noise_eff_frame,1629491,39.0,-0.0029683533884144403,0.02490373614573204,-0.11919309500567254
20,NC1_noise_eff_frame,1629496,91.0,-0.006717969564695458,0.016035253051358597,-0.41895001863573794
20,NC1_noise_eff_frame,1629497,98.0,-0.010277595572183518,0.022286119231699122,-0.4611657806068348
20,NC1_noise_eff_frame,1629498,102.0,0.015176883575685661,0.018218704756795774,0.8330385600010626
20,NC1_noise_eff_frame,1629501,66.0,-0.02100861183003765,0.022011372777509162,-0.9544435071084655
20,NC1_noise_eff_frame,1629524,49.0,-0.032882211319063416,0.026417885871196367,-1.2446950327283817
20,NC1_noise_eff_frame,1629546,26.0,0.026335600695148707,0.042638682145160915,0.617645747246378
20,NC1_noise_eff_frame,1629567,62.0,0.01399920821078706,0.024436295652994322,0.5728858583797523
20,NC1_noise_eff_frame,1629568,9.0,-0.03547641460470613,0.035320343576445916,-1.0044187290512172
20,NC1_noise_eff_frame,1629574,8.0,0.0030022866944749904,0.12566640959828881,0.023890924425009372
20,NC1_noise_eff_frame,1630096,54.0,-0.023961763513634042,0.02345877539414371,-1.021441363031077
20,NC1_noise_eff_frame,1630101,54.0,-0.003618140544277509,0.019571178908757255,-0.18487085326569408
20,NC1_noise_eff_frame,1630112,60.0,-0.0007055796739033609,0.020626808582823838,-0.034206924016878915
20,NC1_noise_eff_frame,1630134,31.0,0.01418316613335404,0.027818824968072618,0.5098405899469843
20,NC1_noise_eff_frame,1630142,25.0,0.021193065117442938,0.03620909401434164,0.5852967519443822
20,NC1_noise_eff_frame,1630149,49.0,-0.00019478715371246672,0.032422176260495414,-0.006007837109620671
20,NC1_noise_eff_frame,1630150,31.0,0.04343309873566817,0.030197358706577925,1.4383078718142024
20,NC1_noise_eff_frame,1630386,11.0,0.0018047039735984427,0.036397574991126856,0.04958308277511347
20,NC1_noise_eff_frame,1630389,40.0,-0.06192145161151772,0.041794353053445164,-1.4815745929201183
20,NC1_noise_eff_frame,1630442,8.0,-0.02544056759302859,0.03405499429543171,-0.7470436603902558
20,NC1_noise_eff_frame,1630446,48.0,-0.002238115990206353,0.024009911693299055,-0.09321633576982252
20,NC1_noise_eff_frame,1630462,52.0,0.03368186365602074,0.026343189935907278,1.2785795394547275
20,NC1_noise_eff_frame,1630471,16.0,0.13347101197742217,0.05385453002961684,2.47836183704548
20,NC1_noise_eff_frame,1630996,18.0,0.004739482640090712,0.04463994443258022,0.10617133825622835
20,NC1_noise_eff_frame,1631007,24.0,-0.039643224014659584,0.04205449947324805,-0.9426630803174263
20,NC1_noise_eff_frame,1631009,94.0,0.013135453179453143,0.022054762493891013,0.5955835245603553
20,NC1_noise_eff_frame,1631019,80.0,-0.012663639052445929,0.01925977863618695,-0.6575173729490525
20,NC1_noise_eff_frame,1631022,39.0,-0.06715781695485076,0.02507407358326086,-2.678376799519504
20,NC1_noise_eff_frame,1631031,23.0,-0.036615064594480815,0.0474446142046078,-0.7717433307935883
20,NC1_noise_eff_frame,1631044,40.0,-0.0015986710097986082,0.022469604779545363,-0.07114815883428079
20,NC1_noise_eff_frame,1631083,21.0,-0.0262981932757579,0.04668109860934474,-0.5633584911065795
20,NC1_noise_eff_frame,1631086,37.0,0.014501344036169903,0.03126229393882261,0.4638605236246476
20,NC1_noise_eff_frame,1631089,13.0,-0.012249746653648485,0.05562274651144338,-0.2202290865146028
20,NC1_noise_eff_frame,1631135,21.0,0.07765306747091846,0.034942362469960825,2.222318755283793
20,NC1_noise_eff_frame,1631263,8.0,-0.006463395304144949,0.10793486455824203,-0.05988236822826862
20,NC1_noise_eff_frame,1641602,14.0,0.0510316003094061,0.05529747586783451,0.9228558719637728
20,NC1_noise_eff_frame,1641648,72.0,-0.006121957985991802,0.02229089890048347,-0.27463935004698364
20,NC1_noise_eff_frame,1641649,25.0,-0.0072535601384658786,0.042014991566855224,-0.1726421895604536
20,NC1_noise_eff_frame,1641650,25.0,-0.011865779551643644,0.03186907711701099,-0.37232893528975025
20,NC1_noise_eff_frame,1641651,42.0,0.026444186768372093,0.030163767840450235,0.8766871203971373
20,NC1_noise_eff_frame,1641652,15.0,0.009932019304224781,0.02127878662529758,0.46675684469794737
20,NC1_noise_eff_frame,1641657,38.0,0.012117583547254776,0.019080793633420363,0.6350670616776969
20,NC1_noise_eff_frame,1641658,11.0,0.07894838465804077,0.051228692033219524,1.5410970205299457
20,NC1_noise_eff_frame,1641660,8.0,-0.06442301165857768,0.06047579101801907,-1.065269433836467
20,NC1_noise_eff_frame,1642210,31.0,0.03295409232395292,0.02619088361722647,1.2582275881016132
20,NC1_noise_eff_frame,1642244,17.0,-0.035361015522038956,0.040736474086635756,-0.8680431066968483
20,NC1_noise_eff_frame,1642286,36.0,0.05637183021655483,0.03449454865207387,1.6342243171564346
20,NC1_noise_eff_frame,1642287,8.0,0.02253463642105516,0.1311896129837458,0.17177149858538854
20,NC1_noise_eff_frame,1642288,33.0,-0.028014165207515238,0.02570099064255914,-1.0900033231063722
20,NC1_noise_eff_frame,1642289,26.0,0.009742489299668106,0.024549639772151625,0.3968485643817753
20,NC1_noise_eff_frame,1642290,23.0,0.07448588399644605,0.03414736711802095,2.1813067970659685
20,NC1_noise_eff_frame,1642291,31.0,-0.03180138271530381,0.027435785643045656,-1.1591205416552282
20,NC1_noise_eff_frame,1642292,25.0,0.0522013826296546,0.021793431705392156,2.3952805292586787
20,NC1_noise_eff_frame,1642298,8.0,0.06065508046493135,0.10591771619788232,0.5726622763618846
20,NC2_noise_tv_frame,100720,27.0,0.03039812081713873,0.0371584829293586,0.8180667890809245
20,NC2_noise_tv_frame,100940,78.0,0.01736916409449166,0.03166418779440921,0.5485428588052541
20,NC2_noise_tv_frame,201480,25.0,0.019509776650590234,0.02519257596706487,0.7744256353973504
20,NC2_noise_tv_frame,201496,43.0,0.004583951512799589,0.02528342986899714,0.18130259765193046
20,NC2_noise_tv_frame,201516,28.0,-0.065973837781232,0.03600557464011382,-1.8323228677964365
20,NC2_noise_tv_frame,201886,102.0,0.019080072731210682,0.02001678538953961,0.9532036418385923
20,NC2_noise_tv_frame,201896,8.0,-0.059735552119357396,0.07610242527473703,-0.7849362474810276
20,NC2_noise_tv_frame,202250,60.0,-0.046392495346282425,0.023095207373349597,-2.0087498932707755
20,NC2_noise_tv_frame,202252,79.0,-0.006473973477831587,0.016521988316335622,-0.3918398532839198
20,NC2_noise_tv_frame,202633,16.0,0.011992182969468001,0.030346624435787527,0.39517353881790285
20,NC2_noise_tv_frame,202658,36.0,-0.03373243251441613,0.0188716652579817,-1.787464542915688
20,NC2_noise_tv_frame,202664,79.0,0.05275502953993776,0.022098630852868777,2.387253305020445
20,NC2_noise_tv_frame,203014,98.0,0.022904814667444814,0.015499710219009841,1.4777576060327164
20,NC2_noise_tv_frame,203026,59.0,0.005694569490167578,0.021533566387880707,0.26445082935135794
20,NC2_noise_tv_frame,203035,31.0,-0.00908107619601426,0.029805564062446537,-0.3046772131870487
20,NC2_noise_tv_frame,203398,52.0,0.0022285108251673597,0.022197659831823216,0.10039395332892259
20,NC2_noise_tv_frame,203399,38.0,0.038631231615242484,0.03769202759253483,1.0249178429152395
20,NC2_noise_tv_frame,203400,63.0,0.029099095767965107,0.025040440845524266,1.1620840043303904
20,NC2_noise_tv_frame,203403,30.0,-0.05287434086189171,0.04490727137135834,-1.1774115693792684
20,NC2_noise_tv_frame,203406,25.0,-0.02189325250744667,0.032588886671420285,-0.6718011795918931
20,NC2_noise_tv_frame,203416,28.0,0.0013296529882546619,0.025223720175926344,0.05271438863818708
20,NC2_noise_tv_frame,203822,21.0,-0.0955051849786972,0.043938707223947125,-2.173600249363862
20,NC2_noise_tv_frame,203823,12.0,0.01801060661615753,0.05346431284287168,0.3368715627018268
20,NC2_noise_tv_frame,203824,20.0,0.0021970020431111635,0.047010559455852335,0.04673422457723292
20,NC2_noise_tv_frame,203825,97.0,-0.02120013964055926,0.017441272694531443,-1.2155156342006153
20,NC2_noise_tv_frame,203826,105.0,0.0120101883616972,0.014365923491684762,0.8360192345900282
20,NC2_noise_tv_frame,203827,90.0,0.0035746909924908275,0.01924153717803326,0.18577990726082977
20,NC2_noise_tv_frame,203828,54.0,-0.030394904329856365,0.0266110906306276,-1.142189350739118
20,NC2_noise_tv_frame,203833,90.0,-0.013487665096915527,0.01856184725061363,-0.7266337727496192
20,NC2_noise_tv_frame,203855,17.0,-0.07246122892582137,0.0433637088336586,-1.6710108723351975
20,NC2_noise_tv_frame,203866,55.0,-0.035391886708372566,0.0278953661995198,-1.268737124841251
20,NC2_noise_tv_frame,204296,47.0,0.007938493151353572,0.02868762797334854,0.2767218383732741
20,NC2_noise_tv_frame,204319,102.0,0.0597688860622387,0.023150331564116413,2.581772355903617
20,NC2_noise_tv_frame,204322,45.0,0.01945326014296534,0.02199939721922021,0.8842633254500999
20,NC2_noise_tv_frame,204323,74.0,-0.0082281749864464,0.02092275018736403,-0.3932645045590459
20,NC2_noise_tv_frame,204324,91.0,-0.024289634042991497,0.01880478389913966,-1.2916731281396312
20,NC2_noise_tv_frame,204329,38.0,0.015102680552145831,0.01802107520478076,0.8380565743457574
20,NC2_noise_tv_frame,204330,19.0,-0.021752676197417036,0.0444386993632419,-0.48949848913467686
20,NC2_noise_tv_frame,204333,99.0,-0.017833512484062765,0.017785822229448533,-1.002681363503975
20,NC2_noise_tv_frame,204335,67.0,0.0323241127598971,0.019071520015729336,1.6948891715624983
20,NC2_noise_tv_frame,204365,66.0,0.018389260644098664,0.020891216617867758,0.8802388573373352
20,NC2_noise_tv_frame,1627668,102.0,-0.0246515193177043,0.024092152370206184,-1.0232178071474372
20,NC2_noise_tv_frame,1627669,55.0,-0.06942774772001659,0.030024960771040707,-2.3123343357364234
20,NC2_noise_tv_frame,1627671,19.0,0.05228484598310222,0.07595598934699824,0.6883571188078864
20,NC2_noise_tv_frame,1627672,34.0,-0.04674749502197274,0.044064460513565,-1.0608888541272798
20,NC2_noise_tv_frame,1627673,96.0,-0.010126508845096575,0.020272796666485477,-0.4995121793845783
20,NC2_noise_tv_frame,1627674,94.0,-0.01533346908851807,0.025541326270963394,-0.6003395800925927
20,NC2_noise_tv_frame,1627675,100.0,-0.01693941076165301,0.018494240715080542,-0.9159289652718916
20,NC2_noise_tv_frame,1627676,31.0,-0.04259359603606918,0.036411966311030816,-1.1697691817089721
20,NC2_noise_tv_frame,1627700,8.0,-0.07809536143214385,0.15452818060830723,-0.5053794144519006
20,NC2_noise_tv_frame,1628242,9.0,-0.009911104853583255,0.06376273775149102,-0.155437253842688
20,NC2_noise_tv_frame,1628244,53.0,0.02041199522457606,0.03147240364235874,0.6485680425470757
20,NC2_noise_tv_frame,1628263,47.0,0.017991627259597128,0.02983035177360502,0.603131582092732
20,NC2_noise_tv_frame,1628269,33.0,-0.04761371654313959,0.027224028146407068,-1.7489592755002894
20,NC2_noise_tv_frame,1628276,104.0,0.041020708102042974,0.019945670059728086,2.0566222132024077
20,NC2_noise_tv_frame,1628277,100.0,-0.0019936311426148687,0.014808243195252053,-0.134629821804526
20,NC2_noise_tv_frame,1628278,63.0,0.028681413617851564,0.020805720552799247,1.3785349824855118
20,NC2_noise_tv_frame,1628279,76.0,-0.0020824241479257097,0.027716345605233183,-0.07513343128224388
20,NC2_noise_tv_frame,1628280,71.0,0.0067234967061611875,0.01857801835367154,0.36190602130783417
20,NC2_noise_tv_frame,1628317,43.0,0.026417003714186156,0.019564109556368947,1.3502788684592242
20,NC2_noise_tv_frame,1628878,84.0,-0.006928746674517081,0.01914658948491143,-0.36187889649889426
20,NC2_noise_tv_frame,1628881,28.0,0.011626166792111788,0.03654318382751841,0.318148709947841
20,NC2_noise_tv_frame,1628882,38.0,-0.0572295511060725,0.03210332251051413,-1.7826675443742406
20,NC2_noise_tv_frame,1628886,74.0,-0.02069263790892182,0.014669414511290519,-1.4105973958943925
20,NC2_noise_tv_frame,1628890,25.0,0.036214204505478326,0.04030450760509179,0.898514996394678
20,NC2_noise_tv_frame,1628899,40.0,0.013408729133170484,0.04428649486687433,0.302772417945409
20,NC2_noise_tv_frame,1628909,101.0,0.0034454780193890655,0.01910263140891175,0.18036667020553424
20,NC2_noise_tv_frame,1628915,32.0,0.023998520255135894,0.04587758413147339,0.5230990408379459
20,NC2_noise_tv_frame,1628920,24.0,0.02563283696721997,0.03051443831681281,0.8400232277287837
20,NC2_noise_tv_frame,1628922,59.0,-0.04050457697806416,0.023770297442998908,-1.703999584994424
20,NC2_noise_tv_frame,1628927,41.0,-0.03796189662214147,0.029866458035906533,-1.2710545246611538
20,NC2_noise_tv_frame,1628929,40.0,-0.01728684678231176,0.03284188239364397,-0.5263658938641519
20,NC2_noise_tv_frame,1628931,43.0,-0.0207250250543066,0.023276192629154594,-0.8903958385508234
20,NC2_noise_tv_frame,1628932,103.0,-0.05299990998488404,0.02213413053630427,-2.394488001141671
20,NC2_noise_tv_frame,1629477,101.0,-0.009841155671410948,0.025805518202762022,-0.38135857587070765
20,NC2_noise_tv_frame,1629478,43.0,0.04031196665492154,0.03339515810028682,1.2071201020777713
20,NC2_noise_tv_frame,1629479,69.0,0.039189923516636034,0.021783804891922994,1.7990394107489867
20,NC2_noise_tv_frame,1629480,11.0,0.14009792625337797,0.09620307971520772,1.456272779084757
20,NC2_noise_tv_frame,1629481,98.0,0.0026504954378775776,0.01970677947468927,0.13449663052665634
20,NC2_noise_tv_frame,1629482,83.0,0.04176251216358324,0.018815049436537837,2.2196334006161385
20,NC2_noise_tv_frame,1629483,64.0,-0.005791550644055286,0.024569578251761304,-0.23572039311013043
20,NC2_noise_tv_frame,1629484,13.0,0.060606514918743554,0.08679879267916632,0.6982414506934783
20,NC2_noise_tv_frame,1629488,66.0,0.0024546669630011795,0.011517305365820341,0.21312858216695738
20,NC2_noise_tv_frame,1629491,39.0,0.010410614911695395,0.02604664136492633,0.3996912602219046
20,NC2_noise_tv_frame,1629496,91.0,-0.025652849252662244,0.013678540766606042,-1.8754083268362625
20,NC2_noise_tv_frame,1629497,98.0,0.03214849955036154,0.01897374987509692,1.6943672053227865
20,NC2_noise_tv_frame,1629498,102.0,-0.01719901582345692,0.022385524810836676,-0.7683096987358097
20,NC2_noise_tv_frame,1629501,66.0,0.0017569815591315448,0.019207978832643944,0.09147144394732236
20,NC2_noise_tv_frame,1629524,49.0,0.05680281937304419,0.028602337374541348,1.9859502609602742
20,NC2_noise_tv_frame,1629546,26.0,-0.047659968157476335,0.03419204405170863,-1.3938905812533513
20,NC2_noise_tv_frame,1629567,62.0,-0.023250412093580003,0.026503785608613235,-0.8772487235191057
20,NC2_noise_tv_frame,1629568,9.0,0.05646500754954595,0.056380355773460324,1.0015014409704288
20,NC2_noise_tv_frame,1629574,8.0,0.006892030980064182,0.12318446959375016,0.055948862732399615
20,NC2_noise_tv_frame,1630096,54.0,0.03142999025093992,0.02408830718185777,1.304782026136381
20,NC2_noise_tv_frame,1630101,54.0,0.01119485113089582,0.017302798239909187,0.6469965710560454
20,NC2_noise_tv_frame,1630112,60.0,0.01138464878000183,0.017784921529174266,0.640129266880741
20,NC2_noise_tv_frame,1630134,31.0,-0.005923781960917431,0.03096990201788386,-0.19127545051633316
20,NC2_noise_tv_frame,1630142,25.0,-0.010194339718891417,0.03997362101057967,-0.25502667662239853
20,NC2_noise_tv_frame,1630149,49.0,0.04566313606669715,0.027132818953149188,1.6829484671513362
20,NC2_noise_tv_frame,1630150,31.0,0.0015448390708499191,0.02683907884272887,0.05755931788502646
20,NC2_noise_tv_frame,1630386,11.0,-0.01501852476320503,0.055922121003788995,-0.2685614296029196
20,NC2_noise_tv_frame,1630389,40.0,-0.011106401212926222,0.03288634981235155,-0.337720704070199
20,NC2_noise_tv_frame,1630442,8.0,0.06205173916180099,0.04553659507333032,1.3626785020240388
20,NC2_noise_tv_frame,1630446,48.0,0.04413922157529486,0.025759116484859235,1.7135378692525862
20,NC2_noise_tv_frame,1630462,52.0,-0.03006310453644421,0.025688781527935776,-1.1702814516037472
20,NC2_noise_tv_frame,1630471,16.0,-0.01883303662525178,0.037667432636874415,-0.49998195541511997
20,NC2_noise_tv_frame,1630996,18.0,-0.02883792415287088,0.051234836114160236,-0.5628577417250815
20,NC2_noise_tv_frame,1631007,24.0,-0.018035764237169898,0.043226408597895546,-0.41723947980374104
20,NC2_noise_tv_frame,1631009,94.0,-0.021491301137363306,0.021791084136602176,-0.9862428598155275
20,NC2_noise_tv_frame,1631019,80.0,-0.00397412451881796,0.020145164134247644,-0.19727436780034854
20,NC2_noise_tv_frame,1631022,39.0,0.006770489355641519,0.02843678709928041,0.2380891108409658
20,NC2_noise_tv_frame,1631031,23.0,0.05321385234959605,0.037501053489086576,1.4189961987356479
20,NC2_noise_tv_frame,1631044,40.0,0.03349772873552578,0.020566553843004442,1.6287477713199763
20,NC2_noise_tv_frame,1631083,21.0,-0.08391506526580374,0.04528551131719304,-1.8530223646595914
20,NC2_noise_tv_frame,1631086,37.0,0.007715508771510694,0.03104385089122126,0.24853581466249489
20,NC2_noise_tv_frame,1631089,13.0,0.06158665232974475,0.06858661985359771,0.8979397506569822
20,NC2_noise_tv_frame,1631135,21.0,0.001732377759124928,0.03274862079225431,0.05289925857075084
20,NC2_noise_tv_frame,1631263,8.0,0.08435003934463829,0.15347578873190015,0.5495983440879103
20,NC2_noise_tv_frame,1641602,14.0,0.005748301020031375,0.0331141219369797,0.17359062187942378
20,NC2_noise_tv_frame,1641648,72.0,0.003138198658200184,0.022204195370351367,0.14133359060560832
20,NC2_noise_tv_frame,1641649,25.0,-0.0032788286191806106,0.07319859747956786,-0.04479359894970446
20,NC2_noise_tv_frame,1641650,25.0,-0.04493656313817619,0.031810819727501514,-1.4126188360788148
20,NC2_noise_tv_frame,1641651,42.0,-0.0016483022998145483,0.03486348043443645,-0.0472787650365061
20,NC2_noise_tv_frame,1641652,15.0,-0.012193375301184623,0.02199211296892037,-0.5544431005068277
20,NC2_noise_tv_frame,1641657,38.0,-0.002074374763681203,0.01769977120086714,-0.11719782929056033
20,NC2_noise_tv_frame,1641658,11.0,0.07597110836697418,0.040540948637326324,1.8739351426282875
20,NC2_noise_tv_frame,1641660,8.0,-0.027117600199695686,0.12537717875902685,-0.2162881671776594
20,NC2_noise_tv_frame,1642210,31.0,-0.020886068727033635,0.025433514281542533,-0.8212026264176538
20,NC2_noise_tv_frame,1642244,17.0,-0.035018444849394814,0.03729041786813918,-0.9390735435902549
20,NC2_noise_tv_frame,1642286,36.0,0.044733114347444605,0.03693305267995355,1.2111946102880566
20,NC2_noise_tv_frame,1642287,8.0,0.008457413248254905,0.14129652273286905,0.05985577765593167
20,NC2_noise_tv_frame,1642288,33.0,-1.9128781234659775e-05,0.0241919806957291,-0.000790707527227682
20,NC2_noise_tv_frame,1642289,26.0,-0.050139689417647515,0.023593422041370965,-2.1251554492488536
20,NC2_noise_tv_frame,1642290,23.0,0.05536480668209958,0.0344575317241332,1.6067548635041509
20,NC2_noise_tv_frame,1642291,31.0,0.006835154899856587,0.03033089365963202,0.2253529017825686
20,NC2_noise_tv_frame,1642292,25.0,0.0034125559752062238,0.01891065200190987,0.1804568121110565
20,NC2_noise_tv_frame,1642298,8.0,-0.017405864972454516,0.02809153405972417,-0.6196124759669114
